group,fg_feature,descriptor,spearman_rho,p_value,n
negative,fg_aromatic_ring_count,ring_count,0.8071760271435963,0.0,1861
negative,fg_aromatic_ring_count,aromatic_ring_count,0.9827396041020985,0.0,1861
negative,fg_heteroaromatic_ring_count,ring_count,0.8162233353699225,0.0,1861
negative,fg_heteroaromatic_ring_count,aromatic_ring_count,0.9964629415366828,0.0,1861
negative,fg_aniline_count,aromatic_ring_count,0.6122852063188584,6.597316471071616e-192,1861
negative,fg_heteroaromatic_ring_count,fraction_csp3,-0.5977723588104888,1.0328391678122093e-180,1861
negative,fg_fused_ring_like_count,ring_count,0.5905601627560189,2.3283918177986057e-175,1861
negative,fg_aromatic_ring_count,fraction_csp3,-0.5898037820242397,8.330012309696703e-175,1861
negative,fg_aromatic_ring_count,heavy_atom_count,0.5603054975115582,2.6034867992176604e-154,1861
negative,fg_heteroaromatic_ring_count,heavy_atom_count,0.5472897732289477,6.61161901105769e-146,1861
negative,fg_aromatic_ring_count,mw,0.5176984920370862,4.0654796762932997e-128,1861
negative,fg_aniline_count,ring_count,0.5080754596174588,1.0581249993082443e-122,1861
negative,fg_heteroaromatic_ring_count,mw,0.5031370700514166,5.4572141830288866e-120,1861
negative,bb_n_alerts,heteroatom_count,0.48276537224657284,2.9321540994976837e-109,1861
negative,fg_aniline_count,tpsa,0.4824844449979468,4.075121638493454e-109,1861
negative,fg_aromatic_ring_count,tpsa,0.4687653380426985,2.700498844419987e-102,1861
negative,fg_heteroaromatic_ring_count,tpsa,0.46433047108067754,3.7223838489352583e-100,1861
negative,fg_aromatic_ring_count,hba,0.4588993322461391,1.4065659843159976e-97,1861
negative,fg_heteroaromatic_ring_count,hba,0.4553201279175204,6.627653025372344e-96,1861
negative,fg_aniline_count,hba,0.45216942296750257,1.8958907137883158e-94,1861
negative,bb_n_genotox_alerts,heteroatom_count,0.4498352594488954,2.223206618859272e-93,1861
negative,fg_aniline_count,heteroatom_count,0.44736003052356366,2.9627432941644397e-92,1861
negative,fg_phenol_count,aromatic_ring_count,0.4421314974556534,6.562989258772676e-90,1861
negative,fg_BB_SA2c_aromatic_amine_general_count,aromatic_ring_count,0.43520360568583744,7.281245966419603e-87,1861
negative,fg_BB_SA8_aromatic_diazo_count,aromatic_ring_count,0.4335890915417569,3.6453483947171255e-86,1861
negative,fg_BB_SA2c_aromatic_amine_general_count,hbd,0.43255419512894866,1.0189304603352932e-85,1861
negative,fg_azo_count,aromatic_ring_count,0.4287563046450991,4.296559409113355e-84,1861
negative,fg_aromatic_ring_count,heteroatom_count,0.42504680889141644,1.5860899405286702e-82,1861
negative,fg_heteroaromatic_ring_count,heteroatom_count,0.42393154180091847,4.652521826856188e-82,1861
negative,bb_n_alerts,mw,0.4181962929839457,1.1052055522461491e-79,1861
negative,bb_any_alert,heteroatom_count,0.41766225087084413,1.8294636584453015e-79,1861
negative,fg_BB_SA8_aromatic_diazo_count,hba,0.4155852868376109,1.2877187088230298e-78,1861
negative,bb_n_genotox_alerts,aromatic_ring_count,0.41511777470106004,1.9941829056968655e-78,1861
negative,fg_azo_count,hba,0.41461326926436,3.1944839682166387e-78,1861
negative,fg_azo_count,tpsa,0.41150338672935527,5.729255617224355e-77,1861
negative,fg_BB_SA8_aromatic_diazo_count,tpsa,0.4114731879420781,5.891249375353552e-77,1861
negative,fg_BB_SA8_aromatic_diazo_count,heteroatom_count,0.4102264068360014,1.858060464780668e-76,1861
negative,fg_azo_count,heteroatom_count,0.410200186480065,1.9033917833708844e-76,1861
negative,bb_n_alerts,aromatic_ring_count,0.4082063707398914,1.182533695513752e-75,1861
negative,fg_aromatic_ring_count,logp,0.4079630157982443,1.47662023130531e-75,1861
negative,bb_n_alerts,heavy_atom_count,0.40717657658867756,3.022953833899198e-75,1861
negative,fg_fused_ring_like_count,aromatic_ring_count,0.4021975739400296,2.69848954843389e-73,1861
negative,fg_aniline_count,heavy_atom_count,0.4015786461777965,4.691258513030718e-73,1861
negative,fg_sulfone_count,tpsa,0.40105967386213476,7.452097413441872e-73,1861
negative,fg_aniline_count,hbd,0.3989925818511533,4.669631632619813e-72,1861
negative,fg_sulfone_count,heteroatom_count,0.3939533167493091,3.878516663389704e-70,1861
negative,bb_any_genotox_alert,heteroatom_count,0.39374655029108824,4.642049906018594e-70,1861
negative,fg_heteroaromatic_ring_count,logp,0.3914416861165905,3.4112733968925433e-69,1861
negative,fg_ether_count,hba,0.3842200875006992,1.594144840833201e-66,1861
negative,fg_BB_SA8_aromatic_diazo_count,heavy_atom_count,0.38401173861657845,1.899142528342368e-66,1861
negative,fg_aniline_count,mw,0.3830265814739901,4.338201441417906e-66,1861
negative,fg_BB_SA8_aromatic_diazo_count,mw,0.3819247113556067,1.0891939138034256e-65,1861
negative,fg_azo_count,heavy_atom_count,0.38132519893970884,1.7946631536451612e-65,1861
negative,bb_n_alerts,hba,0.38053824099137823,3.4512889256253e-65,1861
negative,fg_sulfonic_acid_or_sulfonate_count,tpsa,0.3804719374629995,3.6464757656866764e-65,1861
negative,fg_azo_count,mw,0.37851704786045043,1.8357666774053087e-64,1861
negative,fg_ether_count,rot_bonds,0.3776165819576754,3.8506530345245e-64,1861
negative,fg_phenol_count,hbd,0.3767470108302501,7.856874803113836e-64,1861
negative,fg_sulfonic_acid_or_sulfonate_count,hbd,0.37660886566086993,8.797637075979646e-64,1861
negative,fg_aniline_count,fraction_csp3,-0.3757702406137099,1.7459028720455983e-63,1861
negative,fg_BB_SA8_aromatic_diazo_count,ring_count,0.37502320842230014,3.2094219004800094e-63,1861
negative,bb_n_genotox_alerts,ring_count,0.37481001716653306,3.8173058501303946e-63,1861
negative,fg_azo_count,ring_count,0.37429049662230535,5.822246103335491e-63,1861
negative,fg_sulfone_count,aromatic_ring_count,0.37309691278867124,1.5311773190974107e-62,1861
negative,bb_any_alert,mw,0.3729648402014433,1.7036630046757661e-62,1861
negative,fg_alcohol_count,hbd,0.37154632745126653,5.34477690118483e-62,1861
negative,bb_n_alerts,tpsa,0.3712317692280598,6.881817366026233e-62,1861
negative,bb_n_genotox_alerts,tpsa,0.37093222511687984,8.752331295042946e-62,1861
negative,bb_any_alert,heavy_atom_count,0.36766698788458446,1.1836634833922341e-60,1861
negative,fg_sulfonic_acid_or_sulfonate_count,heteroatom_count,0.3664748167094599,3.040556547791207e-60,1861
negative,bb_n_genotox_alerts,hba,0.36543172987070904,6.918622577798281e-60,1861
negative,bb_n_alerts,ring_count,0.36342174694836404,3.3445957531385297e-59,1861
negative,fg_BB_SA2c_aromatic_amine_general_count,ring_count,0.35996221196094325,4.9062522170146974e-58,1861
negative,fg_sulfone_count,hba,0.35762416980165457,2.957291290529419e-57,1861
negative,fg_phenol_count,ring_count,0.3567277321061029,5.865152628688369e-57,1861
negative,fg_sulfone_count,hbd,0.35467549669704995,2.7892545027256775e-56,1861
negative,fg_heteroaromatic_ring_count,hbd,0.3455774071684456,2.44282228250478e-53,1861
negative,fg_aromatic_ring_count,hbd,0.34475323092107013,4.463312810318376e-53,1861
negative,fg_fused_ring_like_count,heavy_atom_count,0.34437978198696795,5.861495669294054e-53,1861
negative,fg_ester_count,rot_bonds,0.334045848576631,9.534985337210042e-50,1861
negative,fg_BB_SA2c_aromatic_amine_general_count,tpsa,0.33312236493885594,1.821233616528947e-49,1861
negative,bb_any_genotox_alert,aromatic_ring_count,0.33025900067951874,1.3355355906227962e-48,1861
negative,fg_sulfonic_acid_or_sulfonate_count,hba,0.329624729950788,2.0705177003303548e-48,1861
negative,bb_n_genotox_alerts,heavy_atom_count,0.3284071355312196,4.790326762901936e-48,1861
negative,fg_sulfonic_acid_or_sulfonate_count,aromatic_ring_count,0.32725344636130616,1.0568174327496429e-47,1861
negative,bb_any_alert,hba,0.3262288709417238,2.127798906463229e-47,1861
negative,fg_sulfone_count,mw,0.3255108053908483,3.4692877346280466e-47,1861
negative,bb_n_genotox_alerts,mw,0.32419549864663105,8.465407896094275e-47,1861
negative,fg_sulfone_count,ring_count,0.3231467815283471,1.7185351859419227e-46,1861
negative,fg_fused_ring_like_count,mw,0.3169774738957474,1.0461154463093815e-44,1861
negative,fg_ether_count,heavy_atom_count,0.3133242161473098,1.1391855609085707e-43,1861
negative,fg_BB_SA34_halobenzene_count,aromatic_ring_count,0.31281810327537124,1.5816649467378163e-43,1861
negative,fg_sulfone_count,heavy_atom_count,0.31226078892961284,2.268460716614784e-43,1861
negative,fg_ester_count,hba,0.3081098275227164,3.248426790153856e-42,1861
negative,bb_any_alert,aromatic_ring_count,0.307655998131602,4.334388338699657e-42,1861
negative,bb_any_genotox_alert,ring_count,0.3068027168810201,7.444417035948541e-42,1861
negative,fg_BB_SA7_aromatic_Nacylamine_count,aromatic_ring_count,0.30225240533035913,1.2922742641956007e-40,1861
negative,bb_any_alert,tpsa,0.3014883713794881,2.0764344990080194e-40,1861
negative,fg_halogen_any_count,heteroatom_count,0.299216431137308,8.435639675088938e-40,1861
negative,fg_metal_atom_count,tpsa,-0.2977211358587102,2.1077899190647117e-39,1861
negative,bb_n_alerts,logp,0.296707726590035,3.9086613996337925e-39,1861
negative,fg_sulfonic_acid_or_sulfonate_count,mw,0.29580955857709834,6.742597915134505e-39,1861
negative,fg_BB_SA2c_aromatic_amine_general_count,hba,0.29450971489383204,1.4792033994582702e-38,1861
negative,fg_BB_SA2c_aromatic_amine_general_count,fraction_csp3,-0.29236635685584605,5.355299710286806e-38,1861
negative,fg_BB_SA8_aromatic_diazo_count,logp,0.2917060675325918,7.942359673830245e-38,1861
negative,bb_any_genotox_alert,hba,0.2914494313100415,9.254529962014838e-38,1861
negative,bb_any_genotox_alert,tpsa,0.2899955932546153,2.1940293764644434e-37,1861
negative,fg_BB_SA47_n_alkylcarboxylic_acid_count,rot_bonds,0.2889384607282058,4.096916845010547e-37,1861
negative,fg_metal_atom_count,hba,-0.2888349076171258,4.35473871862992e-37,1861
negative,bb_n_nongenotox_alerts,logp,0.28848707796574147,5.3445306123577636e-37,1861
negative,fg_ester_count,heavy_atom_count,0.28801691010252506,7.045996380098346e-37,1861
negative,fg_azo_count,logp,0.28692464845012855,1.3363246408190993e-36,1861
negative,bb_any_nongenotox_alert,logp,0.28681408196956176,1.425546300003386e-36,1861
negative,fg_amide_count,tpsa,0.28514894391901274,3.759955509419278e-36,1861
negative,fg_BB_SA5_nitro_aromatic_count,tpsa,0.2847621433201863,4.705613466720791e-36,1861
negative,fg_sulfonic_acid_or_sulfonate_count,heavy_atom_count,0.2835207109231092,9.644711047201243e-36,1861
negative,fg_ether_count,mw,0.282897771761463,1.380662935694848e-35,1861
negative,bb_any_alert,logp,0.2824093786634837,1.82792192058386e-35,1861
negative,fg_BB_SA8_aromatic_diazo_count,rot_bonds,0.2818987909640397,2.449653732770461e-35,1861
negative,fg_sulfonic_acid_or_sulfonate_count,ring_count,0.2816135691138962,2.884129703134452e-35,1861
negative,bb_any_alert,ring_count,0.2786115688218503,1.589701216628129e-34,1861
negative,fg_azo_count,rot_bonds,0.27749320667118715,2.986293837139164e-34,1861
negative,fg_phenol_count,fraction_csp3,-0.27724696280437694,3.4296643423393714e-34,1861
negative,fg_BB_SA7_aromatic_Nacylamine_count,heteroatom_count,0.2737479049768152,2.414851487531803e-33,1861
negative,fg_BB_SA6b_aromatic_dialkylamine_count,aromatic_ring_count,0.2717812244170412,7.143130316087707e-33,1861
negative,fg_BB_SA6b_aromatic_dialkylamine_count,hba,0.27098591882114215,1.1047161407115293e-32,1861
negative,fg_BB_SA2c_aromatic_amine_general_count,heteroatom_count,0.26904657618535643,3.1794196347320213e-32,1861
negative,fg_BB_SA7_aromatic_Nacylamine_count,tpsa,0.26663381666522046,1.1702130302679277e-31,1861
negative,bb_any_genotox_alert,heavy_atom_count,0.26576342899252814,1.8663414576802377e-31,1861
negative,fg_ester_count,mw,0.26564314715507326,1.9904314480536363e-31,1861
negative,fg_BB_SA5_nitro_aromatic_count,heteroatom_count,0.26525187734887673,2.4535071622724145e-31,1861
negative,fg_azo_count,hbd,0.26506872581839297,2.7055580486741896e-31,1861
negative,fg_BB_SA8_aromatic_diazo_count,hbd,0.26448105016887785,3.7008645195582028e-31,1861
negative,bb_any_genotox_alert,mw,0.26414088281625625,4.435013118625695e-31,1861
negative,fg_amide_count,heteroatom_count,0.26391239898918495,5.007477305813159e-31,1861
negative,fg_alcohol_count,fraction_csp3,0.2637760805843357,5.383325727218686e-31,1861
negative,fg_BB_SA7_aromatic_Nacylamine_count,heavy_atom_count,0.26034710216891305,3.278225834809974e-30,1861
negative,fg_metal_atom_count,heavy_atom_count,-0.2579434411795754,1.1447438265358553e-29,1861
negative,fg_BB_SA5_nitro_aromatic_count,aromatic_ring_count,0.2578535251471264,1.1992595914464162e-29,1861
negative,fg_phenol_count,tpsa,0.25761489647957625,1.3567398755877558e-29,1861
negative,fg_BB_SA7_aromatic_Nacylamine_count,mw,0.2575606786232543,1.3952860839483716e-29,1861
negative,fg_BB_SA5_nitro_aromatic_count,hba,0.25750740314140713,1.4342196026560052e-29,1861
negative,bb_n_nongenotox_alerts,mw,0.25607143569369833,3.0041908913598317e-29,1861
negative,fg_BB_SA7_aromatic_Nacylamine_count,ring_count,0.25491055802803453,5.443119268652735e-29,1861
negative,bb_any_nongenotox_alert,mw,0.2535154564480213,1.1074033138150986e-28,1861
negative,fg_phenol_count,heavy_atom_count,0.25332808047889305,1.2178397643407923e-28,1861
negative,bb_n_genotox_alerts,fraction_csp3,-0.2523901485533531,1.957624972200683e-28,1861
negative,fg_BB_SA2_primary_aromatic_amine_count,hbd,0.25230792126358603,2.0406129335785043e-28,1861
negative,fg_ester_count,hbd,-0.25057171170229264,4.885952302260732e-28,1861
negative,fg_BB_SA6b_aromatic_dialkylamine_count,heavy_atom_count,0.24921306988250613,9.630228799418545e-28,1861
negative,bb_n_alerts,rot_bonds,0.24682715209277298,3.139178745873605e-27,1861
negative,fg_BB_SA2_primary_aromatic_amine_count,aromatic_ring_count,0.24628767067291554,4.0934505268259576e-27,1861
negative,fg_BB_SA34_halobenzene_count,ring_count,0.24580269585156983,5.193701252163778e-27,1861
negative,fg_BB_SA6b_aromatic_dialkylamine_count,heteroatom_count,0.24332914723155982,1.7348852437515882e-26,1861
negative,fg_BB_SA6b_aromatic_dialkylamine_count,mw,0.24288344904890916,2.1529118102572181e-26,1861
negative,fg_fused_ring_like_count,hba,0.24282204717595124,2.21782663062607e-26,1861
negative,fg_BB_SA47_n_alkylcarboxylic_acid_count,logp,0.24232590754260214,2.818646581388374e-26,1861
negative,fg_azo_count,fraction_csp3,-0.2412197549547253,4.8008055813997837e-26,1861
negative,fg_BB_SA8_aromatic_diazo_count,fraction_csp3,-0.24117477133953438,4.9056266131639623e-26,1861
negative,fg_sulfone_count,fraction_csp3,-0.2392941777743195,1.2053764821203103e-25,1861
negative,fg_BB_SA7_aromatic_Nacylamine_count,hba,0.23926676499914268,1.2212059200529362e-25,1861
negative,fg_amide_count,heavy_atom_count,0.23813169617770705,2.0930409589640414e-25,1861
negative,fg_BB_SA2c_aromatic_amine_general_count,heavy_atom_count,0.23646800452205716,4.586958584394804e-25,1861
negative,fg_carboxylic_acid_count,hbd,0.23630120967098614,4.960685711738053e-25,1861
negative,fg_metal_atom_count,heteroatom_count,-0.2361093435119538,5.42799094012343e-25,1861
negative,fg_heavy_metal_atom_count,tpsa,-0.2354341679936281,7.446376192267298e-25,1861
negative,fg_phenol_count,mw,0.23308282216838927,2.22204670613487e-24,1861
negative,fg_BB_SA7_aromatic_Nacylamine_count,hbd,0.23268676152914747,2.668182997311436e-24,1861
negative,fg_BB_SA2_primary_aromatic_amine_count,fraction_csp3,-0.23248417232690757,2.9295725142138768e-24,1861
negative,bb_any_alert,rot_bonds,0.23223023877634516,3.2932524458005213e-24,1861
negative,fg_fluoro_count,heteroatom_count,0.23058694038694677,6.999000658929533e-24,1861
negative,fg_BB_SA6b_aromatic_dialkylamine_count,ring_count,0.23049096660748702,7.312725755433727e-24,1861
negative,fg_amide_count,ring_count,0.2297480011636197,1.0261396869324587e-23,1861
negative,fg_BB_SA6b_aromatic_dialkylamine_count,tpsa,0.2270203936243321,3.5229260284672433e-23,1861
negative,fg_phenol_count,hba,0.22574710342698517,6.231463144702417e-23,1861
negative,fg_BB_SA34_halobenzene_count,fraction_csp3,-0.22561409517611558,6.61265747696333e-23,1861
negative,fg_amide_count,mw,0.22479952496752792,9.504615406451411e-23,1861
negative,fg_heavy_metal_atom_count,hba,-0.2246214736009921,1.0287071132897145e-22,1861
negative,fg_BB_SA47_n_alkylcarboxylic_acid_count,heavy_atom_count,0.22458789822370256,1.044160380794508e-22,1861
negative,fg_metal_atom_count,ring_count,-0.22456667198041766,1.0540481188245456e-22,1861
negative,fg_aniline_count,logp,0.22332500544988992,1.8262924774589284e-22,1861
negative,fg_BB_SA34_halobenzene_count,heteroatom_count,0.2228859773507517,2.2163063183502154e-22,1861
negative,fg_sulfonic_acid_or_sulfonate_count,fraction_csp3,-0.22183384982396098,3.518424134825488e-22,1861
negative,fg_amide_count,aromatic_ring_count,0.22046984499429198,6.3831413638061475e-22,1861
negative,fg_BB_SA6b_aromatic_dialkylamine_count,rot_bonds,0.22006919120823806,7.597862612017605e-22,1861
negative,fg_BB_SA2c_aromatic_amine_general_count,mw,0.21968976835166767,8.957817199663803e-22,1861
negative,fg_fused_ring_like_count,tpsa,0.21871038056869263,1.3682766393938618e-21,1861
negative,fg_BB_SA47_n_alkylcarboxylic_acid_count,mw,0.21711931339145601,2.7111625289563774e-21,1861
negative,fg_amide_count,hba,0.21663098220067423,3.340694060909033e-21,1861
negative,fg_ketone_count,ring_count,0.2146399806097233,7.785455867294444e-21,1861
negative,fg_fused_ring_like_count,heteroatom_count,0.21413445340207057,9.638304220972034e-21,1861
negative,fg_aniline_count,rot_bonds,0.21375099417331522,1.1328506661315314e-20,1861
negative,fg_alcohol_count,logp,-0.21299482415101662,1.5565184324581963e-20,1861
negative,fg_fused_ring_like_count,logp,0.21267677492736928,1.7784160708446384e-20,1861
negative,fg_metal_atom_count,hbd,-0.21084844551150878,3.8102911546326705e-20,1861
negative,fg_ether_count,heteroatom_count,0.21047235460499858,4.452979799561228e-20,1861
negative,bb_n_alerts,fraction_csp3,-0.21035552115084738,4.6736183635696054e-20,1861
negative,bb_n_genotox_alerts,hbd,0.21016165268863762,5.0637984975231366e-20,1861
negative,fg_BB_SA34_halobenzene_count,logp,0.2100501724447797,5.302555766255152e-20,1861
negative,fg_phenol_count,logp,0.2098994038624594,5.643228200494932e-20,1861
negative,bb_n_nongenotox_alerts,heavy_atom_count,0.2087942838050874,8.894310213529866e-20,1861
negative,bb_any_nongenotox_alert,heavy_atom_count,0.2061588466692587,2.605022287528239e-19,1861
negative,fg_amide_count,hbd,0.20587442867500433,2.9228077513964407e-19,1861
negative,fg_ester_count,logp,0.20515779844485363,3.903266727647163e-19,1861
negative,fg_ether_count,tpsa,0.2045884407431681,4.908023156940894e-19,1861
negative,fg_BB_SA34_halobenzene_count,mw,0.20394702757822528,6.347789430094574e-19,1861
negative,fg_sulfone_count,rot_bonds,0.20378914736721895,6.761819655092762e-19,1861
negative,fg_sulfonic_acid_or_sulfonate_count,rot_bonds,0.20044406507959484,2.547840505750338e-18,1861
negative,fg_chloro_count,heteroatom_count,0.1994895614590547,3.7043346847348695e-18,1861
negative,fg_BB_SA47_n_alkylcarboxylic_acid_count,fraction_csp3,0.19934019906120887,3.927084013290093e-18,1861
negative,fg_fused_ring_like_count,fraction_csp3,-0.19895517005284055,4.5640561202143425e-18,1861
negative,bb_any_genotox_alert,fraction_csp3,-0.19855291864598432,5.3383778427515525e-18,1861
negative,fg_chloro_count,aromatic_ring_count,0.19667240877986766,1.105733533026549e-17,1861
negative,fg_ester_count,tpsa,0.19332692724860878,3.9665784415042635e-17,1861
negative,bb_n_nongenotox_alerts,heteroatom_count,0.19247944157603755,5.4621306545426664e-17,1861
negative,bb_any_nongenotox_alert,heteroatom_count,0.19049684767037522,1.1479119112719023e-16,1861
negative,fg_BB_SA5_nitro_aromatic_count,fraction_csp3,-0.18872706229821948,2.21247559177746e-16,1861
negative,fg_heavy_metal_atom_count,heteroatom_count,-0.18715735061142316,3.938270083297373e-16,1861
negative,fg_BB_SA7_aromatic_Nacylamine_count,logp,0.1867156811117864,4.627797587747909e-16,1861
negative,fg_ether_count,hbd,-0.18598341284991526,6.041778810131096e-16,1861
negative,fg_BB_SA2_primary_aromatic_amine_count,ring_count,0.18344240877699464,1.51107713783438e-15,1861
negative,fg_metal_atom_count,aromatic_ring_count,-0.18330723286719194,1.5860109606125001e-15,1861
negative,fg_BB_SA5_nitro_aromatic_count,ring_count,0.18307279751333153,1.7247341233617333e-15,1861
negative,fg_fused_ring_like_count,hbd,0.1823044721488311,2.268455992802892e-15,1861
negative,fg_BB_SA28_alkenylbenzene_count,aromatic_ring_count,0.18194110242945422,2.5812655607390434e-15,1861
negative,fg_heavy_metal_atom_count,ring_count,-0.18183287651807462,2.6823764102579246e-15,1861
negative,fg_ether_count,fraction_csp3,0.18082611647388824,3.830498744826882e-15,1861
negative,fg_phenol_count,heteroatom_count,0.1793756317215314,6.377108791804732e-15,1861
negative,fg_aromatic_ring_count,rot_bonds,0.1788094668608182,7.771934104011063e-15,1861
negative,fg_urea_count,hbd,0.17798434239774824,1.035675360658712e-14,1861
negative,bb_n_genotox_alerts,logp,0.1766649567429321,1.6344556907673278e-14,1861
negative,fg_metal_atom_count,fraction_csp3,-0.17561725279232576,2.3422661929924902e-14,1861
negative,fg_carboxylic_acid_count,tpsa,0.1755634496771453,2.3858052890649943e-14,1861
negative,fg_BB_SA34_halobenzene_count,heavy_atom_count,0.17428178291397872,3.6934276401786455e-14,1861
negative,fg_BB_SA5_nitro_aromatic_count,heavy_atom_count,0.1741807393797157,3.82236021560944e-14,1861
negative,fg_chloro_count,fraction_csp3,-0.17306227214766484,5.580719360185392e-14,1861
negative,fg_heavy_metal_atom_count,heavy_atom_count,-0.1728571465970433,5.980191997974498e-14,1861
negative,bb_n_genotox_alerts,rot_bonds,0.17261671757125963,6.484267890798598e-14,1861
negative,fg_BB_SA2_primary_aromatic_amine_count,tpsa,0.17233934194807007,7.11778930741369e-14,1861
negative,fg_heavy_metal_atom_count,hbd,-0.17189080521421368,8.273121998084098e-14,1861
negative,fg_BB_SA47_n_alkylcarboxylic_acid_count,aromatic_ring_count,-0.17188515007860183,8.288804921036297e-14,1861
negative,fg_halogen_any_count,logp,0.17175169107455865,8.667508812345851e-14,1861
negative,fg_alkene_count,hbd,-0.1713364045077647,9.957950251652261e-14,1861
negative,fg_BB_SA7_aromatic_Nacylamine_count,fraction_csp3,-0.1707828083394233,1.197532281541621e-13,1861
negative,fg_metal_atom_count,rot_bonds,-0.17057809371528915,1.2818772743005894e-13,1861
negative,fg_BB_SA11_aliphatic_azo_count,aromatic_ring_count,0.16994969943952876,1.578899942185311e-13,1861
negative,fg_BB_SA6_aromatic_monoalkylamine_count,hbd,0.16994347857910252,1.5821545055550467e-13,1861
negative,fg_metal_atom_count,mw,-0.1691809870931146,2.0352006271753945e-13,1861
negative,fg_BB_SA5_nitro_aromatic_count,mw,0.16837567711777665,2.651915824252056e-13,1861
negative,fg_BB_SA13_aliphatic_halogen_count,heteroatom_count,0.16814427422763872,2.860797173512006e-13,1861
negative,fg_amine_primary_count,fraction_csp3,0.16802586206080347,2.973846390057025e-13,1861
negative,fg_BB_SA11_aliphatic_azo_count,hba,0.16608769019842085,5.585898026725504e-13,1861
negative,fg_BB_SA7_aromatic_Nacylamine_count,rot_bonds,0.16604552208061008,5.662566921954488e-13,1861
negative,fg_BB_SA11_aliphatic_azo_count,heteroatom_count,0.16555150663500406,6.641376845054166e-13,1861
negative,fg_BB_SA28_alkenylbenzene_count,ring_count,0.16532236808662068,7.149972301328458e-13,1861
negative,fg_amine_tertiary_count,fraction_csp3,0.16395894804983016,1.1067511377530774e-12,1861
negative,fg_BB_SA11_aliphatic_azo_count,ring_count,0.16372949012158877,1.1907647114815138e-12,1861
negative,fg_BB_SA11_aliphatic_azo_count,tpsa,0.16343019622689522,1.3097997623402705e-12,1861
negative,fg_chloro_count,logp,0.1628042350710489,1.5977108100692303e-12,1861
negative,fg_BB_SA6b_aromatic_dialkylamine_count,logp,0.16256113341078138,1.7255225980994984e-12,1861
negative,fg_BB_SA18_sulphonate_ester_count,heteroatom_count,0.1605903696738562,3.206227570507917e-12,1861
negative,bb_n_alerts,hbd,0.16050983440179434,3.2879041884542697e-12,1861
negative,fg_BB_SA18_sulphonate_ester_count,hba,0.1598637534239539,4.021243838709124e-12,1861
negative,fg_amine_primary_count,hbd,0.1588348904783092,5.531839763447558e-12,1861
negative,fg_alkene_count,aromatic_ring_count,-0.15873633343392451,5.7028260928828605e-12,1861
negative,fg_ester_count,heteroatom_count,0.15844888537531424,6.231623654059884e-12,1861
negative,fg_BB_SA11_aliphatic_azo_count,heavy_atom_count,0.15725419410745473,8.992985657844985e-12,1861
negative,fg_amine_secondary_count,fraction_csp3,0.1568004090596084,1.0329825431607149e-11,1861
negative,fg_heteroaromatic_ring_count,rot_bonds,0.1560453129666561,1.2997436612489964e-11,1861
negative,fg_BB_SA18_sulphonate_ester_count,tpsa,0.15595599588568557,1.3354458270533146e-11,1861
negative,fg_metal_atom_count,logp,-0.15546666436145526,1.5487477255889622e-11,1861
negative,fg_BB_SA11_aliphatic_azo_count,mw,0.15512623767468003,1.716451276063298e-11,1861
negative,fg_halogen_any_count,mw,0.15419441890381877,2.2716691086618162e-11,1861
negative,fg_BB_SA13_aliphatic_halogen_count,tpsa,-0.1529296182325454,3.3141362532436126e-11,1861
negative,fg_BB_SA13_aliphatic_halogen_count,hba,-0.15287833983929236,3.3650513125133764e-11,1861
negative,bb_any_alert,fraction_csp3,-0.15100150975282972,5.858698474377552e-11,1861
negative,fg_heavy_metal_atom_count,aromatic_ring_count,-0.14943827440933702,9.248984459217767e-11,1861
negative,fg_BB_SA6_aromatic_monoalkylamine_count,aromatic_ring_count,0.14703528949635025,1.8487365972371568e-10,1861
negative,fg_halogen_any_count,aromatic_ring_count,0.146855162206182,1.9463681321423797e-10,1861
negative,bb_n_nongenotox_alerts,rot_bonds,0.14648471058348025,2.1632367773382142e-10,1861
negative,fg_amide_count,rot_bonds,0.1454995788183551,2.861184719921202e-10,1861
negative,bb_any_nongenotox_alert,rot_bonds,0.14510805748994818,3.195828423320458e-10,1861
negative,fg_ketone_count,heavy_atom_count,0.14439049922152006,3.9110098297201444e-10,1861
negative,fg_amine_primary_count,logp,-0.14427749536253653,4.0370265233760675e-10,1861
negative,fg_BB_SA13_aliphatic_halogen_count,fraction_csp3,0.14327104166070315,5.348751677995052e-10,1861
negative,fg_urea_count,tpsa,0.14284919288546893,6.014710309641543e-10,1861
negative,bb_any_genotox_alert,logp,0.14234348454277662,6.920075124968328e-10,1861
negative,fg_sulfonamide_count,heteroatom_count,0.14103747313927428,9.917094084336232e-10,1861
negative,fg_BB_SA6_aromatic_monoalkylamine_count,hba,0.1393094510101001,1.58839157928727e-09,1861
negative,fg_urea_count,heteroatom_count,0.1386661933998308,1.8900434060736192e-09,1861
negative,fg_sulfonamide_count,tpsa,0.1373437381715223,2.6954606510875716e-09,1861
negative,fg_BB_SA40_alkyl_halides_nongx_count,tpsa,-0.13714188411294814,2.8446906988397756e-09,1861
negative,fg_BB_SA18_sulphonate_ester_count,mw,0.13682180154517648,3.0979491770786707e-09,1861
negative,fg_BB_SA18_sulphonate_ester_count,ring_count,0.13633197138174094,3.5285061024424326e-09,1861
negative,fg_BB_SA34_halobenzene_count,tpsa,0.13424233048887857,6.11572481510287e-09,1861
negative,fg_amine_secondary_count,hbd,0.1328621693677594,8.75418249047849e-09,1861
negative,fg_BB_SA6_aromatic_monoalkylamine_count,tpsa,0.13283789254951622,8.809299195033433e-09,1861
negative,fg_BB_SA28_alkenylbenzene_count,heavy_atom_count,0.13249427423500415,9.626531310385134e-09,1861
negative,fg_BB_SA18_sulphonate_ester_count,hbd,0.1323481186056683,9.996038682099874e-09,1861
negative,fg_organometal_like_count,fraction_csp3,0.13213807573409067,1.0551286151079748e-08,1861
negative,fg_BB_SA18_sulphonate_ester_count,heavy_atom_count,0.13202448495590752,1.0863924069611632e-08,1861
negative,fg_chloro_count,ring_count,0.13191244802525345,1.1181088470242362e-08,1861
negative,fg_alcohol_count,aromatic_ring_count,-0.13158261797706666,1.2167885983344676e-08,1861
negative,fg_BB_SA20_ab_unsat_carbonyl_count,aromatic_ring_count,-0.13113253989885815,1.3651862384640994e-08,1861
negative,fg_BB_SA13_aliphatic_halogen_count,hbd,-0.1302078771483243,1.7271895451537032e-08,1861
negative,fg_sulfonamide_count,aromatic_ring_count,0.12933283949614074,2.1545376463871515e-08,1861
negative,fg_BB_SA20_ab_unsat_carbonyl_count,hbd,-0.12802565310945238,2.9895550592549615e-08,1861
negative,fg_BB_SA40_alkyl_halides_nongx_count,fraction_csp3,0.12745541828738188,3.445238404251611e-08,1861
negative,bb_any_genotox_alert,hbd,0.12739629182324394,3.4961689950896196e-08,1861
negative,fg_BB_SA40_alkyl_halides_nongx_count,hba,-0.12690223254232338,3.9512403429550216e-08,1861
negative,fg_chloro_count,mw,0.12680378467534914,4.048540098963415e-08,1861
negative,fg_amide_count,fraction_csp3,-0.12661406538633344,4.2426358201444645e-08,1861
negative,bb_any_genotox_alert,rot_bonds,0.12619647018001126,4.702145949571744e-08,1861
negative,fg_BB_SA18_sulphonate_ester_count,aromatic_ring_count,0.12617557314254113,4.726364310007736e-08,1861
negative,fg_imine_count,tpsa,0.1251692495390556,6.047033782417027e-08,1861
negative,fg_halogen_any_count,fraction_csp3,-0.12445228521663765,7.199093333833034e-08,1861
negative,fg_alcohol_count,tpsa,0.12416853665212438,7.711420056254766e-08,1861
negative,fg_aldehyde_count,heteroatom_count,-0.12409027031606647,7.858832698940778e-08,1861
negative,fg_ketone_count,mw,0.12383734573758362,8.354090445313355e-08,1861
negative,fg_BB_SA34_halobenzene_count,hba,0.12211111063193793,1.2636939843513676e-07,1861
negative,fg_amine_tertiary_count,rot_bonds,0.12154822407021185,1.4445193246407807e-07,1861
negative,fg_carboxylic_acid_count,logp,-0.12095077872740953,1.663744549070156e-07,1861
negative,fg_ketone_count,aromatic_ring_count,0.12069775070313184,1.7659844588049644e-07,1861
negative,fg_BB_SA28_alkenylbenzene_count,mw,0.12013408564564376,2.0160245556038373e-07,1861
negative,fg_sulfonic_acid_or_sulfonate_count,logp,0.12005495187584532,2.0537556296630252e-07,1861
negative,fg_ether_count,logp,0.11973323645517188,2.2142924663877927e-07,1861
negative,fg_sulfonamide_count,hba,0.11900911741676447,2.6211728724185615e-07,1861
negative,fg_BB_SA6_aromatic_monoalkylamine_count,ring_count,0.1187575426579363,2.7787387067606585e-07,1861
negative,fg_BB_SA40_alkyl_halides_nongx_count,hbd,-0.11845244317247053,2.9821140607257313e-07,1861
negative,fg_imine_count,heteroatom_count,0.11797164522484915,3.3320559853886327e-07,1861
negative,fg_organometal_like_count,rot_bonds,0.1172515022689562,3.9312965000160796e-07,1861
negative,fg_organometal_like_count,logp,0.11717110736651881,4.0043104598818286e-07,1861
negative,fg_BB_SA6_aromatic_monoalkylamine_count,heteroatom_count,0.11547363551685251,5.888996783276047e-07,1861
negative,fg_BB_SA5_nitro_aromatic_count,rot_bonds,0.11545035725461977,5.920006766055782e-07,1861
negative,fg_sulfone_count,logp,0.11498429996369332,6.574993938247786e-07,1861
negative,fg_amine_primary_count,ring_count,-0.11489498522989036,6.708242807677241e-07,1861
negative,fg_epoxide_count,ring_count,0.1148365814299029,6.796777550638269e-07,1861
negative,fg_BB_SA16_epoxide_count,ring_count,0.1148365814299029,6.796777550638269e-07,1861
negative,fg_hydrazine_like_count,tpsa,0.11390868609570662,8.363719816937403e-07,1861
negative,fg_BB_SA22_simple_aldehyde_count,heteroatom_count,-0.11382365884237625,8.523548316779272e-07,1861
negative,fg_BB_SA5_nitro_aromatic_count,logp,0.11380765790627052,8.553952585177492e-07,1861
negative,fg_alkene_count,rot_bonds,0.11242730603313641,1.1608836840824263e-06,1861
negative,fg_BB_SA2_primary_aromatic_amine_count,hba,0.11226352973999308,1.2034317840196726e-06,1861
negative,fg_organophosphate_like_count,heteroatom_count,0.11211637778513374,1.2429363110315123e-06,1861
negative,fg_thiol_count,ring_count,-0.11194101555238585,1.2916430879254601e-06,1861
negative,fg_aldehyde_count,mw,-0.11030623636992887,1.843178453518905e-06,1861
negative,fg_sulfonamide_count,ring_count,0.10989872489562556,2.012449996173689e-06,1861
negative,fg_sulfonamide_count,hbd,0.10966519971962507,2.116074398496368e-06,1861
negative,fg_amine_primary_count,mw,-0.10953835379953895,2.1744875618545374e-06,1861
negative,fg_ester_count,fraction_csp3,0.10891418774638635,2.485188416563434e-06,1861
negative,fg_ketone_count,logp,0.10854319862796855,2.6895862243875655e-06,1861
negative,fg_hydrazine_like_count,heteroatom_count,0.10815434613640704,2.9210919174701847e-06,1861
negative,fg_BB_SA40_alkyl_halides_nongx_count,heavy_atom_count,-0.1079499842843429,3.0502992984645663e-06,1861
negative,fg_BB_SA47_n_alkylcarboxylic_acid_count,ring_count,-0.10772919296972693,3.196045988752059e-06,1861
negative,fg_bromo_count,mw,0.10743520232079264,3.4005010561737306e-06,1861
negative,fg_BB_SA47_n_alkylcarboxylic_acid_count,hba,0.1071017985502216,3.6475294398480028e-06,1861
negative,fg_BB_SA28_alkenylbenzene_count,fraction_csp3,-0.10699198134582744,3.732594577450434e-06,1861
negative,fg_BB_SA18_sulphonate_ester_count,rot_bonds,0.10697360032853921,3.747017019934242e-06,1861
negative,fg_BB_SA11_aliphatic_azo_count,hbd,0.10670167498015148,3.96671702685139e-06,1861
negative,fg_BB_SA11_aliphatic_azo_count,rot_bonds,0.1066759697102176,3.988112054666018e-06,1861
negative,fg_BB_SA22_simple_aldehyde_count,mw,-0.10653767180568602,4.105130177718666e-06,1861
negative,fg_alkene_count,logp,0.1063201629940346,4.295848282501724e-06,1861
negative,fg_amine_primary_count,aromatic_ring_count,-0.10560815283018518,4.981294051178371e-06,1861
negative,fg_phosphate_like_count,heteroatom_count,0.10541230729811268,5.187464981884037e-06,1861
negative,fg_alcohol_count,rot_bonds,0.10490949153858184,5.754846871188543e-06,1861
negative,fg_nitrile_count,tpsa,0.1044256466930171,6.356525623487372e-06,1861
negative,fg_heavy_metal_atom_count,mw,-0.10405144615442152,6.862628876524834e-06,1861
negative,fg_epoxide_count,hbd,-0.10403547322398776,6.885067279124531e-06,1861
negative,fg_BB_SA16_epoxide_count,hbd,-0.10403547322398776,6.885067279124531e-06,1861
negative,fg_thiol_count,tpsa,-0.10316105253295069,8.226307736296129e-06,1861
negative,fg_organophosphate_like_count,tpsa,0.10273751300819771,8.96240297414692e-06,1861
negative,fg_sulfonamide_count,fraction_csp3,-0.10249805800097102,9.405968556277716e-06,1861
negative,fg_BB_SA2_primary_aromatic_amine_count,heteroatom_count,0.1024561629098024,9.485698152629482e-06,1861
negative,fg_organometal_like_count,tpsa,-0.10231959834316,9.750093992695593e-06,1861
negative,fg_BB_SA13_aliphatic_halogen_count,rot_bonds,-0.10203981964125743,1.0313890641408986e-05,1861
negative,fg_BB_SA11_aliphatic_azo_count,logp,0.10116543373795106,1.2283391976611299e-05,1861
negative,fg_imine_count,hba,0.10067535828493285,1.3539073606156904e-05,1861
negative,fg_BB_SA22_simple_aldehyde_count,ring_count,-0.10056645840782584,1.383425760292751e-05,1861
negative,fg_organometal_like_count,ring_count,-0.10054848927961026,1.3883550464122002e-05,1861
negative,fg_nitrile_count,fraction_csp3,-0.09990207410260993,1.5772370564694436e-05,1861
negative,fg_sulfonamide_count,mw,0.09977255021980036,1.6179189834775868e-05,1861
negative,fg_alkene_count,heteroatom_count,-0.09968147217025167,1.6471218696233004e-05,1861
negative,fg_BB_SA28_alkenylbenzene_count,logp,0.09916948216066976,1.820854804049114e-05,1861
negative,fg_amine_tertiary_count,hba,0.09912539991247635,1.8366024100522315e-05,1861
negative,fg_organometal_like_count,hbd,-0.09911165366404773,1.8415394719485557e-05,1861
negative,fg_amine_primary_count,heavy_atom_count,-0.09909394482870772,1.8479183463366295e-05,1861
negative,fg_BB_SA2c_aromatic_amine_general_count,rot_bonds,0.09886159454615633,1.933585524653466e-05,1861
negative,fg_imine_count,ring_count,0.09876252891925522,1.9712485466867285e-05,1861
negative,fg_halogen_any_count,ring_count,0.09874638394692571,1.977452354686761e-05,1861
negative,fg_alcohol_count,hba,0.09809805164740563,2.2425089540399068e-05,1861
negative,fg_imine_count,heavy_atom_count,0.09546470292711355,3.7083463846929545e-05,1861
negative,fg_aldehyde_count,heavy_atom_count,-0.09541411010256082,3.743891090115598e-05,1861
negative,fg_halogen_any_count,rot_bonds,-0.09519993880877504,3.897971229339621e-05,1861
negative,fg_amine_secondary_count,aromatic_ring_count,-0.09407910863262155,4.807389772130938e-05,1861
negative,fg_BB_SA47_n_alkylcarboxylic_acid_count,tpsa,0.09373890796166912,5.120998743396382e-05,1861
negative,fg_organometal_like_count,mw,0.09355980782067494,5.293788164917263e-05,1861
negative,fg_BB_SA22_simple_aldehyde_count,heavy_atom_count,-0.0934050238313798,5.447551073946506e-05,1861
negative,fg_nitrile_count,aromatic_ring_count,0.09338843111777974,5.4642829556183264e-05,1861
negative,fg_thiol_count,fraction_csp3,0.09304221255916734,5.824704059413075e-05,1861
negative,fg_sulfonamide_count,heavy_atom_count,0.0924505407030459,6.493247513534904e-05,1861
negative,fg_BB_SA6_aromatic_monoalkylamine_count,heavy_atom_count,0.09143948277712441,7.806517692742831e-05,1861
negative,fg_aldehyde_count,hbd,-0.0912615846525778,8.062119286744371e-05,1861
negative,fg_ammonium_quaternary_count,rot_bonds,0.09083762668010593,8.7034868834451e-05,1861
negative,fg_heavy_metal_atom_count,rot_bonds,-0.09009941192630579,9.936674239469617e-05,1861
negative,fg_heavy_metal_atom_count,fraction_csp3,-0.0898752912372301,0.00010342546131882901,1861
negative,fg_BB_SA11_aliphatic_azo_count,fraction_csp3,-0.08897678561189368,0.00012132014768806693,1861
negative,fg_fluoro_count,rot_bonds,-0.088677277053216,0.00012790693616421465,1861
negative,fg_thiol_count,aromatic_ring_count,-0.08783337437093762,0.00014832377595256897,1861
negative,fg_carboxylic_acid_count,heteroatom_count,0.08759502873533094,0.00015462317220735612,1861
negative,fg_BB_SA47_n_alkylcarboxylic_acid_count,hbd,-0.08718310518395604,0.0001661071848329905,1861
negative,fg_BB_SA6_aromatic_monoalkylamine_count,rot_bonds,0.08716958565304542,0.00016649735256966272,1861
negative,fg_phosphate_like_count,tpsa,0.08692590492639012,0.0001736792818516039,1861
negative,fg_BB_SA40_alkyl_halides_nongx_count,ring_count,-0.08668762049057457,0.00018098288464434134,1861
negative,fg_organometal_like_count,aromatic_ring_count,-0.08616560076586578,0.00019800364947621167,1861
negative,fg_aldehyde_count,tpsa,-0.0859599310522172,0.0002051134630235356,1861
negative,fg_bromo_count,heteroatom_count,0.08549809251364429,0.0002219612878228403,1861
negative,fg_nitrile_count,hba,0.08533006371553985,0.00022840672076335523,1861
negative,fg_amine_tertiary_count,logp,-0.08526911982677324,0.00023078754323344397,1861
negative,fg_bromo_count,logp,0.08519430635093478,0.00023374201180008136,1861
negative,bb_any_nongenotox_alert,hbd,-0.0851033916099657,0.00023738007086721057,1861
negative,bb_n_nongenotox_alerts,hbd,-0.08507348606840974,0.00023858833313673602,1861
negative,fg_BB_SA22_simple_aldehyde_count,tpsa,-0.08492762760086388,0.0002445644804613066,1861
negative,fg_BB_SA22_simple_aldehyde_count,hbd,-0.0848873276777629,0.00024624023016269435,1861
negative,fg_imine_count,mw,0.08463094811651047,0.00025715558304663686,1861
negative,fg_BB_SA20_ab_unsat_carbonyl_count,rot_bonds,0.08428977685335254,0.00027238495996368084,1861
negative,fg_hydrazine_like_count,hba,0.08372473084636953,0.0002994792454835623,1861
negative,fg_aldehyde_count,ring_count,-0.08206070772521729,0.0003946415632324734,1861
negative,fg_BB_SA28_alkenylbenzene_count,rot_bonds,0.08205967565196266,0.00039470849988312205,1861
negative,fg_fluoro_count,hba,-0.0818416482958048,0.0004090890638922849,1861
negative,fg_BB_SA6_aromatic_monoalkylamine_count,mw,0.08170551206782224,0.00041831471866586546,1861
negative,fg_aldehyde_count,hba,-0.08162044183912742,0.00042417792190292046,1861
negative,fg_nitrile_count,hbd,-0.08095354243716707,0.0004728697265233441,1861
negative,fg_carboxylic_acid_count,ring_count,-0.08060746211098378,0.000500144827191998,1861
negative,fg_thiol_count,heavy_atom_count,-0.08056756861166907,0.000503381411329894,1861
negative,fg_thiol_count,hbd,0.08044871941640379,0.0005131397390712003,1861
negative,fg_BB_SA2c_aromatic_amine_general_count,logp,0.08020659950532534,0.000533566896020304,1861
negative,fg_organophosphate_like_count,hbd,0.08014411054825905,0.000538960530767418,1861
negative,fg_BB_SA22_simple_aldehyde_count,hba,-0.0800868332944002,0.0005439488684018072,1861
negative,fg_organometal_like_count,hba,-0.08002137739439875,0.0005497021005664987,1861
negative,bb_n_nongenotox_alerts,aromatic_ring_count,0.07923804873329443,0.000623091421081829,1861
negative,fg_heavy_metal_atom_count,logp,-0.07869184683558113,0.0006795469762629671,1861
negative,fg_BB_SA22_simple_aldehyde_count,aromatic_ring_count,-0.07848015027759833,0.000702678345819132,1861
negative,bb_n_nongenotox_alerts,hba,0.07813903474373249,0.0007414942623372478,1861
negative,fg_ammonium_quaternary_count,fraction_csp3,0.07811394739727746,0.0007444261251611322,1861
negative,fg_amine_secondary_count,logp,-0.07751222947733806,0.0008180528474166887,1861
negative,fg_amide_count,logp,0.07705643530356707,0.000878256929438931,1861
negative,fg_ether_count,ring_count,0.07676120773359112,0.0009194154952219295,1861
negative,fg_BB_SA6b_aromatic_dialkylamine_count,fraction_csp3,-0.07656259768355175,0.0009481014756701748,1861
negative,bb_any_nongenotox_alert,hba,0.07613772796187682,0.0010122695679261016,1861
negative,fg_epoxide_count,fraction_csp3,0.07583959340151616,0.001059669885144626,1861
negative,fg_BB_SA16_epoxide_count,fraction_csp3,0.07583959340151616,0.001059669885144626,1861
negative,fg_alkene_count,tpsa,-0.07557720707429932,0.0011030755331120252,1861
negative,fg_BB_SA20_ab_unsat_carbonyl_count,ring_count,-0.07509302330274195,0.0011875129277146474,1861
negative,fg_BB_SA2_primary_aromatic_amine_count,heavy_atom_count,0.0745590506312116,0.0012875264645183264,1861
negative,bb_any_nongenotox_alert,aromatic_ring_count,0.07444145151966224,0.001310571864057298,1861
negative,fg_fluoro_count,tpsa,-0.07424421420003041,0.0013500792229611052,1861
negative,fg_BB_SA23_monohaloalkene_count,tpsa,-0.07389288751080404,0.0014231816543047076,1861
negative,fg_halogen_any_count,hbd,-0.07311916873620752,0.0015972047625106738,1861
negative,fg_BB_SA5_nitro_aromatic_count,hbd,0.07297753547785232,0.0016311051608865414,1861
negative,fg_BB_SA28_alkenylbenzene_count,hba,0.07225168553267824,0.001815458192177642,1861
negative,fg_BB_SA23_monohaloalkene_count,hba,-0.07208336441666194,0.001860855758444285,1861
negative,fg_hydrazine_like_count,ring_count,0.07194302386511689,0.0018995008388606577,1861
negative,fg_BB_SA40_alkyl_halides_nongx_count,aromatic_ring_count,-0.07122422359356695,0.0021092332972199763,1861
negative,fg_ketone_count,hba,0.07110135409674903,0.0021471389876960762,1861
negative,bb_any_alert,hbd,0.07107748688739987,0.002154574104510741,1861
negative,fg_fluoro_count,logp,0.0702586702920882,0.002424389914504879,1861
negative,fg_phosphate_like_count,fraction_csp3,0.07022515210602265,0.0024360663274734587,1861
negative,bb_n_nongenotox_alerts,ring_count,0.06968914102285237,0.0026299135782740196,1861
negative,fg_BB_SA13_aliphatic_halogen_count,aromatic_ring_count,-0.06966721750848394,0.0026381341514379367,1861
negative,fg_urea_count,ring_count,0.06957021810156828,0.0026747880085484237,1861
negative,fg_imine_count,aromatic_ring_count,0.06856733947447546,0.0030819508465330316,1861
negative,fg_bromo_count,aromatic_ring_count,0.0685221391967204,0.0031015668975887204,1861
negative,fg_ester_count,aromatic_ring_count,-0.06840099016854112,0.0031547055463973725,1861
negative,fg_alkene_count,heavy_atom_count,0.06787887063226188,0.0033933365658415904,1861
negative,fg_BB_SA13_aliphatic_halogen_count,ring_count,-0.06731530138560934,0.003669244647396381,1861
negative,fg_fluoro_count,mw,0.06711961636269913,0.003769714460129402,1861
negative,fg_urea_count,heavy_atom_count,0.06670467573798687,0.003991067264724264,1861
negative,fg_BB_SA28_alkenylbenzene_count,tpsa,0.0659456353046864,0.004426718573861555,1861
negative,fg_ketone_count,tpsa,0.06589373417995946,0.004458024675438129,1861
negative,fg_ketone_count,fraction_csp3,-0.06555157565520335,0.004669476473401961,1861
negative,fg_alcohol_count,ring_count,-0.06550766470792892,0.004697260185907971,1861
negative,fg_alkene_count,ring_count,-0.06550357768173098,0.0046998537559964524,1861
negative,fg_BB_SA2_primary_aromatic_amine_count,mw,0.06503005275252806,0.005009262737315995,1861
negative,bb_any_nongenotox_alert,ring_count,0.0648470356813956,0.005133698710317716,1861
negative,fg_amine_primary_count,heteroatom_count,-0.06461408683752255,0.005296119102862841,1861
negative,fg_urea_count,logp,-0.06399582078448697,0.005749922150938185,1861
negative,fg_nitrile_count,ring_count,0.06365886204823772,0.006011732425168744,1861
negative,fg_BB_SA40_alkyl_halides_nongx_count,rot_bonds,-0.06340049124321538,0.006219698206423468,1861
negative,fg_urea_count,hba,0.06284097719286742,0.006692393938971857,1861
negative,fg_BB_SA23_monohaloalkene_count,fraction_csp3,-0.06273137908627645,0.0067886796483778,1861
negative,fg_urea_count,mw,0.06214194791361996,0.0073281665859786,1861
negative,fg_imine_count,fraction_csp3,-0.06162955427856577,0.007828037668901859,1861
negative,fg_BB_SA23_monohaloalkene_count,rot_bonds,-0.06109071468597687,0.008386430714748871,1861
negative,fg_BB_SA13_aliphatic_halogen_count,logp,0.06101818433230095,0.008464250259232848,1861
negative,fg_amine_tertiary_count,aromatic_ring_count,-0.06083289888036816,0.008665984832218802,1861
negative,fg_BB_SA20_ab_unsat_carbonyl_count,hba,0.060601883121509964,0.008923517518259086,1861
negative,fg_hydrazine_like_count,aromatic_ring_count,0.05928790164304469,0.010522430237153614,1861
negative,fg_nitrile_count,heavy_atom_count,0.05904305055921847,0.010847058554345965,1861
negative,fg_organophosphate_like_count,hba,0.058525122886998175,0.011563192933051875,1861
negative,bb_n_nongenotox_alerts,tpsa,0.05848208544349098,0.01162454573198767,1861
negative,fg_halogen_any_count,heavy_atom_count,0.05830657544647695,0.01187774568241797,1861
negative,fg_phosphate_like_count,hba,0.05804754836922425,0.012260359995986153,1861
negative,fg_bromo_count,ring_count,0.05765171176581687,0.01286614550571969,1861
negative,fg_hydrazine_like_count,hbd,0.05679163976939056,0.0142743704009806,1861
negative,fg_BB_SA6_aromatic_monoalkylamine_count,fraction_csp3,-0.056516025373701206,0.014753534945055595,1861
negative,bb_any_nongenotox_alert,tpsa,0.056261147938134574,0.015209195868467296,1861
negative,fg_fluoro_count,hbd,-0.05616018538879388,0.015393089090480878,1861
negative,fg_BB_SA18_sulphonate_ester_count,fraction_csp3,-0.05592872919607848,0.015822060854045156,1861
negative,fg_phenol_count,rot_bonds,0.05579438324536301,0.016075841229284543,1861
negative,fg_bromo_count,heavy_atom_count,0.05544384912048968,0.016754908947468537,1861
negative,fg_sulfide_count,hba,0.0551236551553425,0.017397058831863283,1861
negative,fg_ammonium_quaternary_count,ring_count,-0.05435948097220204,0.01901744122179196,1861
negative,fg_ester_count,ring_count,-0.05346491132253466,0.021080509628219807,1861
negative,fg_halogen_any_count,hba,-0.053426208338435074,0.021174003880923345,1861
negative,fg_thiol_count,mw,-0.05320543655658259,0.02171425055217417,1861
negative,fg_BB_SA28_alkenylbenzene_count,heteroatom_count,0.052560370429132634,0.02336201952319975,1861
negative,fg_epoxide_count,rot_bonds,0.05218668623675404,0.024365334021296488,1861
negative,fg_BB_SA16_epoxide_count,rot_bonds,0.05218668623675404,0.024365334021296488,1861
negative,fg_organophosphate_like_count,fraction_csp3,0.05178368894888309,0.025488965596631906,1861
negative,fg_amine_tertiary_count,hbd,0.051532005037283835,0.0262132033550482,1861
negative,fg_amine_tertiary_count,heavy_atom_count,0.05150156026284534,0.02630200370737059,1861
negative,fg_nitrile_count,heteroatom_count,0.05121688555382669,0.027144979103250852,1861
negative,fg_organometal_like_count,heteroatom_count,-0.051211280227919306,0.027161808762454786,1861
negative,fg_sulfide_count,fraction_csp3,0.05039976485892244,0.029695227475470258,1861
negative,fg_organophosphate_like_count,mw,0.04968381530293258,0.032096317972070236,1861
negative,fg_BB_SA20_ab_unsat_carbonyl_count,heavy_atom_count,0.049522259670997576,0.032660555031576353,1861
negative,fg_ammonium_quaternary_count,heavy_atom_count,0.049401693510697786,0.03308714670973389,1861
negative,fg_chloro_count,heavy_atom_count,0.0493810438430389,0.03316068605924669,1861
negative,fg_urea_count,fraction_csp3,-0.047917834786592055,0.038739738737154056,1861
negative,fg_aldehyde_count,aromatic_ring_count,-0.04767147460466713,0.03975343170447212,1861
negative,fg_bromo_count,hba,0.04757375341584298,0.04016170751020684,1861
negative,fg_hydrazine_like_count,heavy_atom_count,0.04747521429599891,0.04057699335421767,1861
negative,fg_ammonium_quaternary_count,mw,0.047312462067659704,0.04127086468392198,1861
negative,fg_phosphate_like_count,hbd,0.04723111586129676,0.04162142006964655,1861
negative,fg_sulfide_count,hbd,0.047150210540143456,0.04197257074436732,1861
negative,fg_epoxide_count,hba,0.04670631904074857,0.04394405781295463,1861
negative,fg_BB_SA16_epoxide_count,hba,0.04670631904074857,0.04394405781295463,1861
negative,fg_chloro_count,rot_bonds,-0.04669392979788076,0.04400018505453967,1861
negative,fg_sulfonamide_count,rot_bonds,0.046621998199872436,0.04432725436157708,1861
negative,fg_hydrazine_like_count,logp,-0.0465217252390843,0.044786609325506606,1861
negative,fg_nitrile_count,logp,0.045782984862038266,0.04829597850331149,1861
negative,fg_amine_secondary_count,mw,-0.045744943444608006,0.0484827736863049,1861
negative,fg_nitrile_count,mw,0.04539046838399008,0.05025267759059824,1861
negative,fg_BB_SA23_monohaloalkene_count,logp,0.044176972350825176,0.05672629849514468,1861
negative,fg_halogen_any_count,tpsa,-0.04414345728957367,0.05691449898224939,1861
negative,fg_fluoro_count,heavy_atom_count,0.04383449330454222,0.05867402409486373,1861
negative,fg_urea_count,aromatic_ring_count,0.043748226411167566,0.05917329069542739,1861
negative,fg_aldehyde_count,logp,-0.04339869163904447,0.061232401174246935,1861
negative,fg_phosphate_like_count,rot_bonds,0.043095820608334806,0.0630642351175754,1861
negative,fg_phosphate_like_count,ring_count,-0.04294140325492955,0.06401546884015949,1861
negative,fg_BB_SA22_simple_aldehyde_count,logp,-0.04282245821023283,0.06475623288697657,1861
negative,fg_hydrazine_like_count,mw,0.04265945858899538,0.06578282372958906,1861
negative,fg_carboxylic_acid_count,rot_bonds,0.042566558869957354,0.06637388920123641,1861
negative,fg_BB_SA23_monohaloalkene_count,heteroatom_count,0.042539268278733805,0.06654835129122016,1861
negative,fg_amine_primary_count,tpsa,0.04189355948781681,0.07078751653379842,1861
negative,fg_BB_SA40_alkyl_halides_nongx_count,mw,-0.04188703310723653,0.0708314670114721,1861
negative,fg_amine_tertiary_count,heteroatom_count,0.041700885126486,0.07209448272443413,1861
negative,fg_ammonium_quaternary_count,aromatic_ring_count,-0.04135050956522355,0.07452176035721006,1861
negative,fg_bromo_count,tpsa,0.04103084344830343,0.07679410516635207,1861
negative,fg_BB_SA47_n_alkylcarboxylic_acid_count,heteroatom_count,0.04076332383983166,0.07873886338485492,1861
negative,fg_carboxylic_acid_count,aromatic_ring_count,-0.040631577109046677,0.07971121946831299,1861
negative,fg_amine_tertiary_count,mw,0.040241273121492685,0.08264921856409863,1861
negative,fg_BB_SA21_ab_unsat_alkoxy_count,hbd,-0.039486741042355555,0.08857735886928689,1861
negative,fg_imine_count,logp,0.039092904900086545,0.09180499330275488,1861
negative,fg_BB_SA28_alkenylbenzene_count,hbd,0.03850663512674088,0.09678387909315321,1861
negative,fg_alkene_count,hba,-0.038426576274092315,0.09748021623522211,1861
negative,fg_chloro_count,hbd,-0.038250520059659725,0.09902559494985501,1861
negative,fg_amine_secondary_count,ring_count,-0.03806062102907349,0.10071431987878836,1861
negative,fg_BB_SA2_primary_aromatic_amine_count,rot_bonds,-0.03792387086000947,0.10194454717495977,1861
negative,bb_any_nongenotox_alert,fraction_csp3,0.03791347754839443,0.10203853372334012,1861
negative,fg_BB_SA21_ab_unsat_alkoxy_count,aromatic_ring_count,-0.03780595197718726,0.1030149350673352,1861
negative,fg_organophosphate_like_count,rot_bonds,0.037676036840816315,0.10420453537981776,1861
negative,fg_hydrazine_like_count,fraction_csp3,-0.03735492970823544,0.10719163107412509,1861
negative,fg_imine_count,hbd,0.03725674700624369,0.10811838229138823,1861
negative,fg_amine_secondary_count,heavy_atom_count,-0.03707120968475276,0.10988697019904638,1861
negative,fg_phosphate_like_count,mw,0.03673509891501017,0.11314895949446646,1861
negative,fg_alkene_count,mw,0.03651134133062919,0.1153624902157738,1861
negative,fg_BB_SA23_monohaloalkene_count,aromatic_ring_count,-0.03565303472094624,0.12417025691351913,1861
negative,bb_n_nongenotox_alerts,fraction_csp3,0.03522103075432132,0.12879741279828794,1861
negative,fg_organometal_like_count,heavy_atom_count,0.03466302226968025,0.13497100187468328,1861
negative,fg_BB_SA23_monohaloalkene_count,hbd,-0.0345695612816815,0.1360269970155463,1861
negative,fg_BB_SA20_ab_unsat_carbonyl_count,tpsa,0.03368861020290556,0.1462961634246444,1861
negative,fg_thiol_count,hba,-0.03169983680818572,0.17164606758978526,1861
negative,fg_amine_primary_count,rot_bonds,0.03158419995608405,0.1732152825769204,1861
negative,fg_carboxylic_acid_count,fraction_csp3,-0.03137389804556706,0.17609654276610892,1861
negative,fg_phosphate_like_count,aromatic_ring_count,-0.03132200917289574,0.17681291185759998,1861
negative,fg_BB_SA13_aliphatic_halogen_count,mw,0.030618187373281747,0.18674504918837043,1861
negative,fg_carboxylic_acid_count,mw,-0.03055888157287328,0.1876004010598544,1861
negative,fg_BB_SA34_halobenzene_count,hbd,0.03041638221213641,0.18966743858980303,1861
negative,fg_BB_SA13_aliphatic_halogen_count,heavy_atom_count,-0.030413733383048196,0.18970601953435234,1861
negative,fg_BB_SA6b_aromatic_dialkylamine_count,hbd,0.030254574079008476,0.19203483600186647,1861
negative,fg_fused_ring_like_count,rot_bonds,-0.029982402655191222,0.19606580033792945,1861
negative,fg_bromo_count,fraction_csp3,-0.02925619094906375,0.2071237546840769,1861
negative,fg_epoxide_count,logp,-0.029092031539670618,0.209684876810963,1861
negative,fg_BB_SA16_epoxide_count,logp,-0.029092031539670618,0.209684876810963,1861
negative,fg_alcohol_count,mw,-0.029061371644942505,0.2101657434809697,1861
negative,fg_organophosphate_like_count,logp,-0.028409295259476344,0.2205823152982709,1861
negative,fg_thiol_count,logp,-0.02840904052185369,0.22058645561735668,1861
negative,fg_thiol_count,heteroatom_count,-0.028135152995708224,0.2250702909124523,1861
negative,fg_urea_count,rot_bonds,0.027820247384997093,0.23030558359143605,1861
negative,fg_amine_secondary_count,heteroatom_count,-0.027610011576225627,0.23384855536769827,1861
negative,fg_BB_SA20_ab_unsat_carbonyl_count,mw,0.027301540199854677,0.2391166166344816,1861
negative,fg_organophosphate_like_count,ring_count,-0.02726334185179015,0.23977474122327852,1861
negative,fg_BB_SA21_ab_unsat_alkoxy_count,rot_bonds,0.0268881601493969,0.24630665994362144,1861
negative,fg_sulfide_count,heteroatom_count,0.02682292698477532,0.24745496778687154,1861
negative,fg_amine_secondary_count,rot_bonds,0.026724575117658394,0.2491933394622145,1861
negative,fg_amine_primary_count,hba,-0.026481053211574606,0.2535342456119802,1861
negative,fg_amine_tertiary_count,tpsa,0.026312148999363395,0.2565757797898734,1861
negative,fg_organophosphate_like_count,heavy_atom_count,0.025780803212278113,0.2663086498706534,1861
negative,fg_ketone_count,heteroatom_count,0.0253048625393171,0.27523964631635334,1861
negative,fg_BB_SA23_monohaloalkene_count,heavy_atom_count,-0.02467140060645328,0.2874401594393005,1861
negative,fg_sulfide_count,mw,0.024238548637989337,0.2959835816362003,1861
negative,fg_epoxide_count,heavy_atom_count,0.022849479137267766,0.3245371005053248,1861
negative,fg_BB_SA16_epoxide_count,heavy_atom_count,0.022849479137267766,0.3245371005053248,1861
negative,fg_phosphate_like_count,logp,-0.022468129140067277,0.33267961256023326,1861
negative,fg_ammonium_quaternary_count,hba,-0.022260035645727805,0.3371778949795039,1861
negative,fg_BB_SA22_simple_aldehyde_count,fraction_csp3,0.021858619768368233,0.34596496789019693,1861
negative,fg_BB_SA34_halobenzene_count,rot_bonds,0.021835935113083155,0.3464658534971131,1861
negative,fg_BB_SA23_monohaloalkene_count,ring_count,-0.02139874932047366,0.35620909540230816,1861
negative,fg_imine_count,rot_bonds,0.020701555296992632,0.37210013068836256,1861
negative,fg_organophosphate_like_count,aromatic_ring_count,-0.020664554950973704,0.3729555669165171,1861
negative,fg_BB_SA20_ab_unsat_carbonyl_count,logp,-0.020532675305595095,0.3760144701637429,1861
negative,fg_carboxylic_acid_count,heavy_atom_count,-0.020470266414346888,0.3774674019112708,1861
negative,fg_ammonium_quaternary_count,logp,0.020211444732899052,0.38352981102916706,1861
negative,fg_BB_SA18_sulphonate_ester_count,logp,0.0200228822574973,0.3879838188649598,1861
negative,fg_BB_SA21_ab_unsat_alkoxy_count,hba,0.019156056929336834,0.40886104397937373,1861
negative,fg_aldehyde_count,rot_bonds,-0.018267771545287425,0.4309334802038639,1861
negative,fg_amine_secondary_count,hba,0.018012481813740103,0.43740251316287737,1861
negative,fg_bromo_count,rot_bonds,0.017888437919291126,0.44056583386685555,1861
negative,fg_sulfide_count,rot_bonds,0.017462241436708482,0.45153387118509947,1861
negative,fg_thiol_count,rot_bonds,-0.017391682944439393,0.4533644466823378,1861
negative,fg_BB_SA6_aromatic_monoalkylamine_count,logp,0.016093370104142333,0.48778547971038333,1861
negative,fg_sulfide_count,aromatic_ring_count,0.014112006322471912,0.5429199146723798,1861
negative,fg_BB_SA2_primary_aromatic_amine_count,logp,0.014073345918030774,0.5440257600177925,1861
negative,fg_aldehyde_count,fraction_csp3,-0.014012127242225352,0.5457791502395,1861
negative,fg_epoxide_count,mw,0.013718353989032612,0.5542319968330486,1861
negative,fg_BB_SA16_epoxide_count,mw,0.013718353989032612,0.5542319968330486,1861
negative,fg_sulfide_count,ring_count,0.01346145678632575,0.5616758766175203,1861
negative,fg_phosphate_like_count,heavy_atom_count,0.013275593898152421,0.5670913989456462,1861
negative,fg_nitrile_count,rot_bonds,0.013187241389402445,0.5696744801672399,1861
negative,fg_sulfide_count,logp,0.012987720876541702,0.5755282257253753,1861
negative,fg_BB_SA21_ab_unsat_alkoxy_count,tpsa,-0.01212107817312956,0.6012785284738567,1861
negative,fg_carboxylic_acid_count,hba,0.012060748073404692,0.6030902895029335,1861
negative,fg_BB_SA21_ab_unsat_alkoxy_count,ring_count,-0.011915630992928895,0.6074582885466723,1861
negative,fg_sulfide_count,heavy_atom_count,0.011769671094762514,0.611865829023041,1861
negative,fg_epoxide_count,aromatic_ring_count,-0.011617178051551564,0.6164856931400183,1861
negative,fg_BB_SA16_epoxide_count,aromatic_ring_count,-0.011617178051551564,0.6164856931400183,1861
negative,fg_epoxide_count,tpsa,-0.01123708070683195,0.628066903825881,1861
negative,fg_BB_SA16_epoxide_count,tpsa,-0.01123708070683195,0.628066903825881,1861
negative,fg_chloro_count,tpsa,0.010802292497928691,0.6414274458797777,1861
negative,fg_alcohol_count,heavy_atom_count,-0.010641935811131148,0.6463847644365106,1861
negative,fg_fluoro_count,fraction_csp3,0.010605662772914278,0.6475083099778369,1861
negative,fg_fluoro_count,ring_count,0.01054368969283245,0.6494297627676938,1861
negative,fg_BB_SA22_simple_aldehyde_count,rot_bonds,-0.010064905054220434,0.6643521191100428,1861
negative,fg_ketone_count,hbd,0.009222812507383622,0.6909199775728877,1861
negative,fg_alkene_count,fraction_csp3,-0.0089186848372053,0.7006115693685131,1861
negative,fg_amine_tertiary_count,ring_count,-0.008265177809479083,0.7216004972540391,1861
negative,fg_BB_SA23_monohaloalkene_count,mw,-0.007831289729453565,0.7356536254186585,1861
negative,fg_ammonium_quaternary_count,heteroatom_count,0.007325187035335463,0.7521577903592285,1861
negative,fg_BB_SA20_ab_unsat_carbonyl_count,fraction_csp3,0.007193353792687886,0.7564759185466623,1861
negative,fg_ketone_count,rot_bonds,0.00718927609255777,0.7566096034637374,1861
negative,fg_sulfide_count,tpsa,-0.006571603384051461,0.7769415022762132,1861
negative,fg_ammonium_quaternary_count,hbd,-0.005890305021335674,0.7995456489194438,1861
negative,fg_hydrazine_like_count,rot_bonds,-0.005712360911721294,0.8054780763095215,1861
negative,fg_ammonium_quaternary_count,tpsa,-0.004632917592561988,0.8416935863248431,1861
negative,fg_epoxide_count,heteroatom_count,0.004173470766195473,0.8572150110034107,1861
negative,fg_BB_SA16_epoxide_count,heteroatom_count,0.004173470766195473,0.8572150110034107,1861
negative,fg_ether_count,aromatic_ring_count,-0.004094189993625292,0.8598991075446197,1861
negative,fg_chloro_count,hba,0.0038880055046252512,0.8668871045890804,1861
negative,fg_BB_SA21_ab_unsat_alkoxy_count,heavy_atom_count,0.003597885554096765,0.8767373459138594,1861
negative,fg_BB_SA21_ab_unsat_alkoxy_count,fraction_csp3,0.0031436274591769213,0.8921982744597009,1861
negative,fg_BB_SA20_ab_unsat_carbonyl_count,heteroatom_count,0.0030645475998225496,0.8948941611183028,1861
negative,fg_alcohol_count,heteroatom_count,-0.0029395567276105,0.8991576483774413,1861
negative,fg_BB_SA21_ab_unsat_alkoxy_count,logp,0.0026996859019870257,0.9073477818687672,1861
negative,fg_amine_secondary_count,tpsa,-0.0026545903599067256,0.9088886476829732,1861
negative,fg_BB_SA40_alkyl_halides_nongx_count,logp,-0.0023103446915727108,0.9206620192894716,1861
negative,fg_fluoro_count,aromatic_ring_count,0.002078387918375971,0.9286050255272759,1861
negative,fg_bromo_count,hbd,0.0010715919082042815,0.9631534822376884,1861
negative,fg_BB_SA21_ab_unsat_alkoxy_count,mw,-0.001014364986374749,0.9651199325605417,1861
negative,fg_BB_SA21_ab_unsat_alkoxy_count,heteroatom_count,0.0007686200214881624,0.9735665626145446,1861
negative,fg_sulfonamide_count,logp,0.0007574675110303305,0.9739499688792512,1861
negative,fg_BB_SA40_alkyl_halides_nongx_count,heteroatom_count,0.0006478410001731871,0.9777190670582228,1861
positive,fg_heteroaromatic_ring_count,aromatic_ring_count,0.9980786739893748,4.336351775029433e-85,71
positive,fg_aromatic_ring_count,aromatic_ring_count,0.9717576894210994,5.266584419213879e-45,71
positive,fg_aniline_count,aromatic_ring_count,0.724597914439215,9.121642950820385e-13,71
positive,fg_heteroaromatic_ring_count,ring_count,0.6499689487273173,8.602730883109983e-10,71
positive,fg_aromatic_ring_count,ring_count,0.6369988263504149,2.342880586164929e-09,71
positive,fg_ether_count,hba,0.5818297377558377,1.0294305928145127e-07,71
positive,fg_heteroaromatic_ring_count,fraction_csp3,-0.5584608566084495,4.1762953443844407e-07,71
positive,bb_any_genotox_alert,heteroatom_count,0.5493100787558827,7.02269053118898e-07,71
positive,fg_aromatic_ring_count,hbd,0.5429521258453708,9.986747922474631e-07,71
positive,bb_any_alert,heteroatom_count,0.5415449722129577,1.0785640984150791e-06,71
positive,fg_ether_count,heavy_atom_count,0.5373010128364721,1.3574780029037411e-06,71
positive,fg_aromatic_ring_count,fraction_csp3,-0.5371160579390751,1.371055375177849e-06,71
positive,fg_heteroaromatic_ring_count,hbd,0.5316510159378982,1.8349137154558988e-06,71
positive,fg_phenol_count,hbd,0.5188800068662381,3.55540787654198e-06,71
positive,fg_ether_count,heteroatom_count,0.5136005099311558,4.6374632333513366e-06,71
positive,bb_n_genotox_alerts,heteroatom_count,0.49948738601774073,9.235361169043095e-06,71
positive,bb_n_alerts,heteroatom_count,0.4939993999266087,1.1974229830274023e-05,71
positive,bb_n_genotox_alerts,hba,0.48381639560877704,1.9163132375793608e-05,71
positive,fg_ether_count,mw,0.4832891768610121,1.962744429067123e-05,71
positive,bb_any_genotox_alert,hba,0.48317191610271326,1.973212781470883e-05,71
positive,bb_any_alert,hba,0.46954860503784895,3.613245628701895e-05,71
positive,bb_n_genotox_alerts,ring_count,0.4685502684401123,3.773248074677631e-05,71
positive,bb_n_genotox_alerts,tpsa,0.4675179850862739,3.94558804393502e-05,71
positive,fg_ether_count,rot_bonds,0.4597352093369527,5.499986529465004e-05,71
positive,bb_any_genotox_alert,ring_count,0.45938282209698533,5.5822689953359604e-05,71
positive,fg_aniline_count,ring_count,0.45449256169508584,6.84832010622801e-05,71
positive,fg_epoxide_count,ring_count,0.45382356727450124,7.040830739496004e-05,71
positive,fg_BB_SA16_epoxide_count,ring_count,0.45382356727450124,7.040830739496004e-05,71
positive,fg_heavy_metal_atom_count,logp,0.4472861137411075,9.203899127064063e-05,71
positive,fg_organometal_like_count,logp,0.4455632233016244,9.868326313465267e-05,71
positive,fg_alkene_count,heteroatom_count,-0.43817265337104744,0.00013251900331857154,71
positive,fg_BB_SA2_primary_aromatic_amine_count,aromatic_ring_count,0.4374429407901217,0.00013638333000557935,71
positive,fg_BB_SA2c_aromatic_amine_general_count,aromatic_ring_count,0.4374429407901217,0.00013638333000557935,71
positive,bb_n_alerts,tpsa,0.4357639400383542,0.00014567222490839642,71
positive,fg_heavy_metal_atom_count,mw,0.4357544671312896,0.00014572624664192934,71
positive,fg_aromatic_ring_count,tpsa,0.43557203304377423,0.00014677022986871516,71
positive,fg_BB_SA2_primary_aromatic_amine_count,hbd,0.43534806008053123,0.00014806133567859815,71
positive,fg_BB_SA2c_aromatic_amine_general_count,hbd,0.43534806008053123,0.00014806133567859815,71
positive,fg_phenol_count,aromatic_ring_count,0.4353095930398389,0.0001482841305885434,71
positive,fg_aniline_count,hbd,0.4340266715806369,0.00015589379975057126,71
positive,fg_organometal_like_count,mw,0.4338769368140069,0.00015680499424597396,71
positive,bb_any_alert,tpsa,0.4338380136748713,0.00015704265805531432,71
positive,bb_any_alert,ring_count,0.43217112380606354,0.0001675372385353227,71
positive,bb_any_genotox_alert,tpsa,0.4321041779650624,0.0001679718962288357,71
positive,bb_n_alerts,hba,0.430690993269293,0.00017739279026811233,71
positive,fg_heteroaromatic_ring_count,tpsa,0.42447369351542974,0.00022489288735055876,71
positive,fg_ether_count,ring_count,0.4237987703935726,0.0002306970902959751,71
positive,fg_ether_count,tpsa,0.417784239465003,0.00028882989829671473,71
positive,fg_alkene_count,mw,-0.41525165731886743,0.0003171004740633401,71
positive,fg_heavy_metal_atom_count,rot_bonds,0.41512982195232906,0.0003185222907834624,71
positive,fg_organometal_like_count,rot_bonds,0.412820058692396,0.00034660541274520124,71
positive,fg_organometal_like_count,fraction_csp3,0.3970840348299589,0.0006066470925576296,71
positive,fg_aromatic_ring_count,heavy_atom_count,0.39638982725987854,0.0006214246826303751,71
positive,bb_n_alerts,ring_count,0.39548518927027165,0.0006411730797779289,71
positive,fg_heavy_metal_atom_count,fraction_csp3,0.3952584749107266,0.0006462109265106081,71
positive,fg_BB_SA7_aromatic_Nacylamine_count,aromatic_ring_count,0.3798794690532777,0.0010849365264181561,71
positive,fg_aniline_count,tpsa,0.37624021761542864,0.0012220392771145753,71
positive,fg_aniline_count,fraction_csp3,-0.37355632790184085,0.0013329736231819974,71
positive,fg_heteroaromatic_ring_count,heavy_atom_count,0.37281283962117584,0.0013652712325300607,71
positive,fg_metal_atom_count,mw,0.37170627518580596,0.0014146491361350802,71
positive,fg_metal_atom_count,logp,0.36953565296684165,0.001516210922257358,71
positive,fg_alkene_count,tpsa,-0.36849135641612757,0.001567374430280289,71
positive,fg_alkene_count,aromatic_ring_count,-0.36480714303173795,0.0017605286717981533,71
positive,fg_phenol_count,fraction_csp3,-0.36453121059563304,0.0017758222696007222,71
positive,fg_aromatic_ring_count,hba,0.361964653113885,0.0019238995453896375,71
positive,fg_epoxide_count,hba,0.35896096756024415,0.0021112104587529667,71
positive,fg_BB_SA16_epoxide_count,hba,0.35896096756024415,0.0021112104587529667,71
positive,fg_metal_atom_count,ring_count,-0.3564456835812762,0.0022804733836669375,71
positive,fg_alkene_count,hba,-0.35628602532345593,0.00229161674652303,71
positive,fg_aniline_count,heavy_atom_count,0.3546882158494125,0.0024058520263326344,71
positive,fg_heteroaromatic_ring_count,hba,0.3520713510136837,0.0026039870282452146,71
positive,fg_BB_SA6b_aromatic_dialkylamine_count,aromatic_ring_count,0.3510001330983015,0.0026892159148491942,71
positive,fg_BB_SA2_primary_aromatic_amine_count,fraction_csp3,-0.34505379925348173,0.003209240168607138,71
positive,fg_BB_SA2c_aromatic_amine_general_count,fraction_csp3,-0.34505379925348173,0.003209240168607138,71
positive,bb_n_genotox_alerts,aromatic_ring_count,0.3394535937822423,0.003779062788450672,71
positive,fg_alkene_count,ring_count,-0.33767188703255135,0.003978325977067161,71
positive,fg_metal_atom_count,rot_bonds,0.3370594829132307,0.004048939891576673,71
positive,fg_ester_count,mw,0.33176168968001624,0.004707770006401908,71
positive,fg_heavy_metal_atom_count,ring_count,-0.3308092724803057,0.004835789849229169,71
positive,fg_organometal_like_count,ring_count,-0.3305910845226478,0.004865547820849409,71
positive,fg_epoxide_count,rot_bonds,0.3293526424453968,0.005037544615902096,71
positive,fg_BB_SA16_epoxide_count,rot_bonds,0.3293526424453968,0.005037544615902096,71
positive,fg_ester_count,heteroatom_count,0.3291963035839752,0.005059634913164322,71
positive,bb_n_alerts,aromatic_ring_count,0.32905791539943813,0.00507926023307478,71
positive,fg_ester_count,heavy_atom_count,0.3278958048522523,0.005246736350831674,71
positive,fg_ester_count,hba,0.32607854089423877,0.005518415792117665,71
positive,fg_azo_count,aromatic_ring_count,0.32267428103634344,0.006060931381782652,71
positive,fg_fused_ring_like_count,aromatic_ring_count,0.32267428103634344,0.006060931381782652,71
positive,fg_BB_SA8_aromatic_diazo_count,aromatic_ring_count,0.32267428103634344,0.006060931381782652,71
positive,bb_any_genotox_alert,logp,-0.3224703445878983,0.006094874030625456,71
positive,fg_BB_SA6b_aromatic_dialkylamine_count,ring_count,0.32154590557534457,0.006250843821266026,71
positive,fg_metal_atom_count,fraction_csp3,0.3171989091595901,0.007032329477207095,71
positive,fg_BB_SA6b_aromatic_dialkylamine_count,heavy_atom_count,0.30879925489613974,0.008788453250624205,71
positive,fg_alkene_count,heavy_atom_count,-0.30691178429482235,0.009232105578551928,71
positive,fg_BB_SA5_nitro_aromatic_count,aromatic_ring_count,0.3039937935301543,0.00995645542151395,71
positive,fg_phenol_count,rot_bonds,-0.2935733022290683,0.012962410475959425,71
positive,fg_amide_count,hbd,0.287633573909502,0.01500478128401634,71
positive,fg_BB_SA5_nitro_aromatic_count,heteroatom_count,0.2862095184359474,0.01553374443629743,71
positive,fg_BB_SA7_aromatic_Nacylamine_count,hbd,0.2861472062579775,0.015557252100873357,71
positive,fg_epoxide_count,fraction_csp3,0.2847997178683839,0.016073142117680593,71
positive,fg_BB_SA16_epoxide_count,fraction_csp3,0.2847997178683839,0.016073142117680593,71
positive,fg_epoxide_count,heteroatom_count,0.28307637637908,0.016754306971580795,71
positive,fg_BB_SA16_epoxide_count,heteroatom_count,0.28307637637908,0.016754306971580795,71
positive,bb_any_alert,heavy_atom_count,0.2820242397512142,0.017182240624524853,71
positive,bb_any_alert,logp,-0.28180297086262823,0.017273420613154834,71
positive,fg_aniline_count,heteroatom_count,0.27782251417144527,0.01898598009344844,71
positive,fg_BB_SA6b_aromatic_dialkylamine_count,hba,0.2773072673675052,0.019217932396027062,71
positive,fg_BB_SA6b_aromatic_dialkylamine_count,mw,0.2772709071338516,0.019234392045441504,71
positive,fg_epoxide_count,heavy_atom_count,0.2768995147408457,0.0194032062294524,71
positive,fg_BB_SA16_epoxide_count,heavy_atom_count,0.2768995147408457,0.0194032062294524,71
positive,fg_ester_count,rot_bonds,0.27658304440989084,0.0195480534290546,71
positive,fg_aromatic_ring_count,heteroatom_count,0.2761995910885556,0.019724795293253904,71
positive,fg_BB_SA6b_aromatic_dialkylamine_count,heteroatom_count,0.27489256043656685,0.020337524328696416,71
positive,fg_aniline_count,hba,0.27402268848906547,0.02075425438980581,71
positive,fg_BB_SA23_monohaloalkene_count,heavy_atom_count,-0.2667286992598113,0.024543890581170097,71
positive,fg_fused_ring_like_count,ring_count,0.2666505370713205,0.024587480129489265,71
positive,fg_BB_SA23_monohaloalkene_count,mw,-0.26586396757249814,0.025029798155675954,71
positive,fg_epoxide_count,hbd,-0.26533039104845935,0.025333668809063566,71
positive,fg_BB_SA16_epoxide_count,hbd,-0.26533039104845935,0.025333668809063566,71
positive,fg_heteroaromatic_ring_count,heteroatom_count,0.26327077020297773,0.02653607172101739,71
positive,fg_epoxide_count,logp,-0.26136457370330546,0.027691521813942282,71
positive,fg_BB_SA16_epoxide_count,logp,-0.26136457370330546,0.027691521813942282,71
positive,fg_ether_count,fraction_csp3,0.26064425687092063,0.028139055087603698,71
positive,fg_BB_SA7_aromatic_Nacylamine_count,heavy_atom_count,0.26018435092672176,0.028427971597623627,71
positive,fg_amide_count,heavy_atom_count,0.2584601273639467,0.029533489832749407,71
positive,fg_BB_SA16b_aziridine_count,ring_count,0.25800832252456307,0.029829080375395663,71
positive,fg_halogen_any_count,ring_count,-0.2574733963615891,0.03018226482962943,71
positive,fg_BB_SA5_nitro_aromatic_count,tpsa,0.25636484416686783,0.030925382449103388,71
positive,fg_BB_SA34_halobenzene_count,aromatic_ring_count,0.25502570237140854,0.031843502916474836,71
positive,bb_n_alerts,heavy_atom_count,0.2549945383771667,0.03186513826453478,71
positive,bb_any_genotox_alert,heavy_atom_count,0.254389025150377,0.032287963314072445,71
positive,fg_azo_count,logp,0.24924955964587858,0.03606967345705793,71
positive,fg_BB_SA8_aromatic_diazo_count,logp,0.24924955964587858,0.03606967345705793,71
positive,fg_metal_atom_count,hbd,-0.2488381658607466,0.03638771973244856,71
positive,fg_phenol_count,ring_count,0.2476741427912371,0.03730030604536385,71
positive,bb_n_genotox_alerts,heavy_atom_count,0.247649697059664,0.037319673742542685,71
positive,fg_nitrile_count,heavy_atom_count,0.2468008942699194,0.03799736752910018,71
positive,fg_BB_SA7_aromatic_Nacylamine_count,heteroatom_count,0.24578780191267507,0.038819600186853,71
positive,fg_BB_SA13_aliphatic_halogen_count,ring_count,-0.24440564667021877,0.03996516098502214,71
positive,fg_BB_SA40_alkyl_halides_nongx_count,ring_count,-0.24440564667021877,0.03996516098502214,71
positive,fg_bromo_count,ring_count,-0.2443286159449761,0.04002982223542299,71
positive,fg_metal_atom_count,aromatic_ring_count,-0.24271492313109616,0.04140447055130985,71
positive,fg_ester_count,tpsa,0.2426700333097387,0.041443262625957634,71
positive,fg_metal_atom_count,tpsa,-0.24217195876007827,0.041875703073325755,71
positive,fg_BB_SA18_sulphonate_ester_count,logp,-0.24186231790971563,0.04214641875472265,71
positive,bb_any_genotox_alert,aromatic_ring_count,0.2408450052335449,0.043046058463204494,71
positive,fg_BB_SA2_primary_aromatic_amine_count,ring_count,0.2396912532274331,0.044085505443848316,71
positive,fg_BB_SA2c_aromatic_amine_general_count,ring_count,0.2396912532274331,0.044085505443848316,71
positive,fg_BB_SA20_ab_unsat_carbonyl_count,logp,-0.23949668181475328,0.04426282558303331,71
positive,fg_BB_SA16b_aziridine_count,heteroatom_count,0.23793260245489448,0.04570972114611963,71
positive,fg_amine_primary_count,hbd,0.23647809806092365,0.04709000945731428,71
positive,fg_amine_secondary_count,hbd,0.23647809806092365,0.04709000945731428,71
positive,fg_BB_SA5_nitro_aromatic_count,heavy_atom_count,0.23615480337309322,0.04740142004969669,71
positive,fg_aromatic_ring_count,mw,0.23540043801727106,0.04813464548884891,71
positive,fg_epoxide_count,mw,0.2332152175729847,0.05031138279685235,71
positive,fg_BB_SA16_epoxide_count,mw,0.2332152175729847,0.05031138279685235,71
positive,fg_azo_count,ring_count,0.23303912483543973,0.050490249078877704,71
positive,fg_BB_SA8_aromatic_diazo_count,ring_count,0.23303912483543973,0.050490249078877704,71
positive,fg_heavy_metal_atom_count,hbd,-0.23094114027883075,0.052661642976817705,71
positive,fg_organometal_like_count,hbd,-0.2307888211634721,0.05282221917201272,71
positive,fg_alkene_count,hbd,-0.23060142457582206,0.05302032318134481,71
positive,fg_azo_count,heavy_atom_count,0.22921997592640034,0.054499512301790926,71
positive,fg_BB_SA8_aromatic_diazo_count,heavy_atom_count,0.22921997592640034,0.054499512301790926,71
positive,fg_BB_SA2_primary_aromatic_amine_count,rot_bonds,-0.22917342706889735,0.05454993499176733,71
positive,fg_BB_SA2c_aromatic_amine_general_count,rot_bonds,-0.22917342706889735,0.05454993499176733,71
positive,fg_aniline_count,mw,0.2290553814467047,0.05467797511193334,71
positive,fg_ammonium_quaternary_count,fraction_csp3,0.22891019350802191,0.05483579165209462,71
positive,fg_BB_SA7_aromatic_Nacylamine_count,ring_count,0.22832632781033593,0.055474197601671854,71
positive,fg_BB_SA6b_aromatic_dialkylamine_count,tpsa,0.2270174968213702,0.056927310274943486,71
positive,fg_carbamate_count,aromatic_ring_count,0.2265295585146854,0.057476900500933334,71
positive,fg_BB_SA19_alkyl_carbamate_count,aromatic_ring_count,0.2265295585146854,0.057476900500933334,71
positive,fg_BB_SA45_imidazole_count,aromatic_ring_count,0.2265295585146854,0.057476900500933334,71
positive,fg_BB_SA45b_benzimidazole_count,aromatic_ring_count,0.2265295585146854,0.057476900500933334,71
positive,fg_heavy_metal_atom_count,aromatic_ring_count,-0.22525829555403523,0.0589290773542297,71
positive,fg_organometal_like_count,aromatic_ring_count,-0.22510972460533132,0.05910071856753873,71
positive,fg_BB_SA5_nitro_aromatic_count,hba,0.22461643469086787,0.05967351992285964,71
positive,fg_amide_count,heteroatom_count,0.22433037290130264,0.06000774882664139,71
positive,bb_n_genotox_alerts,logp,-0.22260860175707864,0.06205163441372292,71
positive,bb_any_alert,aromatic_ring_count,0.2221429351607003,0.06261399283940634,71
positive,fg_BB_SA23_monohaloalkene_count,tpsa,-0.22197965449622614,0.0628121507129483,71
positive,fg_BB_SA23_monohaloalkene_count,hba,-0.2201688173124549,0.0650439642262609,71
positive,fg_amide_count,aromatic_ring_count,0.21695462559418288,0.06916263210192299,71
positive,fg_BB_SA5_nitro_aromatic_count,mw,0.21679380661897196,0.0693740857106869,71
positive,fg_sulfone_count,logp,-0.2160162850264281,0.07040374855783171,71
positive,fg_aniline_count,logp,0.215969004700878,0.07046675470818363,71
positive,bb_n_genotox_alerts,fraction_csp3,-0.2145648297347321,0.07235868277822526,71
positive,bb_any_alert,mw,0.214113206940276,0.07297575295736004,71
positive,fg_ketone_count,rot_bonds,-0.21399904530679448,0.07313240148596971,71
positive,fg_BB_SA23_monohaloalkene_count,fraction_csp3,-0.21195388287779807,0.07598455691097726,71
positive,fg_nitrile_count,logp,0.2118357712613245,0.07615194669925299,71
positive,fg_amide_count,tpsa,0.21107686883183407,0.07723450508294269,71
positive,fg_azo_count,hba,0.20958377801858688,0.07940014932531478,71
positive,fg_BB_SA8_aromatic_diazo_count,hba,0.20958377801858688,0.07940014932531478,71
positive,fg_azo_count,tpsa,0.2094147683926662,0.0796483007659423,71
positive,fg_BB_SA8_aromatic_diazo_count,tpsa,0.2094147683926662,0.0796483007659423,71
positive,fg_BB_SA34_halobenzene_count,fraction_csp3,-0.20919296841926927,0.07997489771731078,71
positive,fg_sulfone_count,rot_bonds,-0.20765135400334916,0.0822744066468834,71
positive,fg_BB_SA23_monohaloalkene_count,rot_bonds,-0.20765135400334916,0.0822744066468834,71
positive,bb_n_alerts,fraction_csp3,-0.20691972870886036,0.08338390903466081,71
positive,fg_heteroaromatic_ring_count,mw,0.20597500678320685,0.0848340665510645,71
positive,bb_n_alerts,hbd,0.20537768783391866,0.0857612041021345,71
positive,fg_chloro_count,hba,-0.20531457795379174,0.08585962699549421,71
positive,fg_nitrile_count,mw,0.20500064026708403,0.08635055510663775,71
positive,fg_metal_atom_count,hba,-0.2049361030245279,0.08645175110799877,71
positive,fg_organometal_like_count,tpsa,-0.2047521688791814,0.08674067840175484,71
positive,fg_nitrile_count,tpsa,0.20324214633622573,0.08914156973935555,71
positive,fg_fused_ring_like_count,heavy_atom_count,0.20213034240782576,0.09094253669630713,71
positive,fg_heavy_metal_atom_count,heavy_atom_count,0.20123780050201812,0.09240893631854732,71
positive,fg_BB_SA18_sulphonate_ester_count,heteroatom_count,0.20112546431587322,0.09259480709735822,71
positive,fg_amine_tertiary_count,hba,0.19915343251622847,0.09590576838082729,71
positive,bb_n_alerts,mw,0.19914403113805018,0.09592177197311214,71
positive,fg_amine_tertiary_count,ring_count,0.19821046208987841,0.09752138737522807,71
positive,fg_ether_count,hbd,-0.19818446067606404,0.09756623589721067,71
positive,fg_BB_SA7_aromatic_Nacylamine_count,logp,0.196742973583616,0.10007790254937565,71
positive,fg_amine_tertiary_count,rot_bonds,0.19635553607693773,0.10076150354734055,71
positive,fg_organometal_like_count,heavy_atom_count,0.19618895364841657,0.10105654064854949,71
positive,fg_BB_SA18_sulphonate_ester_count,hba,0.19575784462088078,0.10182321075882826,71
positive,fg_BB_SA2_primary_aromatic_amine_count,tpsa,0.19554271569493858,0.10220747889567955,71
positive,fg_BB_SA2c_aromatic_amine_general_count,tpsa,0.19554271569493858,0.10220747889567955,71
positive,fg_heavy_metal_atom_count,tpsa,-0.1952617259349549,0.1027110879442466,71
positive,fg_carbamate_count,hbd,0.19474666899134888,0.10363921827049338,71
positive,fg_alcohol_count,hbd,0.19474666899134888,0.10363921827049338,71
positive,fg_sulfoxide_count,hbd,0.19474666899134888,0.10363921827049338,71
positive,fg_BB_SA19_alkyl_carbamate_count,hbd,0.19474666899134888,0.10363921827049338,71
positive,fg_BB_SA45_imidazole_count,hbd,0.19474666899134888,0.10363921827049338,71
positive,fg_BB_SA45b_benzimidazole_count,hbd,0.19474666899134888,0.10363921827049338,71
positive,fg_imine_count,tpsa,0.19406256376886608,0.10488203692892979,71
positive,bb_any_genotox_alert,mw,0.19292935759926969,0.10696616208488115,71
positive,fg_BB_SA16b_aziridine_count,heavy_atom_count,0.19263077894271635,0.10752059683371978,71
positive,fg_alcohol_count,logp,-0.1924808874687514,0.10779977024674049,71
positive,fg_sulfoxide_count,logp,-0.1924808874687514,0.10779977024674049,71
positive,fg_amine_tertiary_count,mw,0.19247927344770016,0.10780277941841951,71
positive,fg_fluoro_count,mw,-0.19247927344770016,0.10780277941841951,71
positive,fg_amine_tertiary_count,heteroatom_count,0.19178050369690436,0.1091116827726756,71
positive,fg_halogen_any_count,hba,-0.18929401875056442,0.1138691232075148,71
positive,fg_epoxide_count,tpsa,0.18876221703286106,0.11490706198852575,71
positive,fg_BB_SA16_epoxide_count,tpsa,0.18876221703286106,0.11490706198852575,71
positive,fg_amine_tertiary_count,tpsa,0.18818188001829436,0.1160480188708448,71
positive,fg_BB_SA7_aromatic_Nacylamine_count,mw,0.18779853637692867,0.1168064443545167,71
positive,fg_fluoro_count,heavy_atom_count,-0.18725364256631258,0.11789103305623998,71
positive,fg_BB_SA7_aromatic_Nacylamine_count,tpsa,0.1863378744416116,0.1197312175594374,71
positive,fg_BB_SA16b_aziridine_count,rot_bonds,0.1856675597098124,0.12109206693817078,71
positive,fg_BB_SA6b_aromatic_dialkylamine_count,rot_bonds,0.18336723273594296,0.12585221113606548,71
positive,fg_alkene_count,fraction_csp3,-0.18332173627786513,0.12594777567127663,71
positive,fg_nitrile_count,rot_bonds,0.18298793245579842,0.12665061656467244,71
positive,fg_azo_count,mw,0.18278147770609246,0.12708680977997366,71
positive,fg_BB_SA8_aromatic_diazo_count,mw,0.18278147770609246,0.12708680977997366,71
positive,fg_hydrazine_like_count,tpsa,0.18230119626772268,0.12810596116432,71
positive,fg_BB_SA9_aliphatic_Nnitro_count,tpsa,0.18230119626772268,0.12810596116432,71
positive,fg_BB_SA10_N_nitroso_count,tpsa,0.18230119626772268,0.12810596116432,71
positive,fg_BB_SA12b_hydrazine_general_count,tpsa,0.18230119626772268,0.12810596116432,71
positive,bb_n_genotox_alerts,hbd,0.1818965764560788,0.12896937277675963,71
positive,fg_amine_tertiary_count,heavy_atom_count,0.18140196623611532,0.13003081110595874,71
positive,fg_amine_primary_count,logp,-0.1808153791373119,0.13129821347929244,71
positive,fg_amine_secondary_count,logp,-0.1808153791373119,0.13129821347929244,71
positive,fg_metal_halide_like_count,logp,0.1808153791373119,0.13129821347929244,71
positive,fg_ammonium_quaternary_count,tpsa,-0.1800967008176929,0.13286375963054184,71
positive,fg_imine_count,heteroatom_count,0.17997862654632563,0.1331223151602345,71
positive,fg_amide_count,mw,0.17972275501044965,0.13368392195290507,71
positive,fg_halogen_any_count,rot_bonds,-0.178881516291985,0.1355429777308643,71
positive,fg_phenol_count,tpsa,0.17883997209156477,0.13563528986340115,71
positive,fg_BB_SA47_n_alkylcarboxylic_acid_count,rot_bonds,0.17850503279721613,0.13638126807197254,71
positive,fg_aromatic_ring_count,logp,0.17716618055308517,0.13939412358935324,71
positive,fg_nitrile_count,hba,0.17586049995566536,0.1423803319899949,71
positive,fg_BB_SA16b_aziridine_count,mw,0.17585949222251304,0.1423826551715016,71
positive,bb_any_nongenotox_alert,logp,0.1756000029112545,0.14298181771675375,71
positive,fg_hydrazine_like_count,logp,-0.17498262497159217,0.1444149521558885,71
positive,fg_BB_SA9_aliphatic_Nnitro_count,logp,-0.17498262497159217,0.1444149521558885,71
positive,fg_BB_SA10_N_nitroso_count,logp,-0.17498262497159217,0.1444149521558885,71
positive,fg_BB_SA12b_hydrazine_general_count,logp,-0.17498262497159217,0.1444149521558885,71
positive,fg_BB_SA47_n_alkylcarboxylic_acid_count,logp,0.17498262497159217,0.1444149521558885,71
positive,fg_metal_halide_like_count,mw,0.1749811576797274,0.14441837099424568,71
positive,bb_n_genotox_alerts,mw,0.17465175344505135,0.1451874303789451,71
positive,fg_halogen_any_count,heavy_atom_count,-0.17460810148280553,0.14528957429619438,71
positive,fg_ketone_count,ring_count,0.1744622233573004,0.14563131402763269,71
positive,bb_n_nongenotox_alerts,logp,0.174277834982401,0.14606413012990635,71
positive,fg_azo_count,hbd,0.17337621912631243,0.14819437326313886,71
positive,fg_carboxylic_acid_count,hbd,0.17337621912631243,0.14819437326313886,71
positive,fg_BB_SA8_aromatic_diazo_count,hbd,0.17337621912631243,0.14819437326313886,71
positive,fg_fused_ring_like_count,heteroatom_count,0.17231156523885824,0.1507396127910959,71
positive,fg_heteroaromatic_ring_count,logp,0.1715423159737158,0.15259881629774413,71
positive,fg_BB_SA16b_aziridine_count,fraction_csp3,0.17085918604305209,0.15426413805828293,71
positive,fg_carboxylic_acid_count,ring_count,-0.17029782199512905,0.15564270052626994,71
positive,fg_BB_SA23_monohaloalkene_count,ring_count,-0.17029782199512905,0.15564270052626994,71
positive,fg_azo_count,heteroatom_count,0.17021020468716488,0.15585868800988514,71
positive,fg_BB_SA8_aromatic_diazo_count,heteroatom_count,0.17021020468716488,0.15585868800988514,71
positive,fg_nitrile_count,aromatic_ring_count,0.1700171349142723,0.15633541386273447,71
positive,fg_BB_SA5_nitro_aromatic_count,logp,0.16964522238903065,0.15725678383391284,71
positive,fg_fused_ring_like_count,hba,0.1693606287018884,0.1579645455041242,71
positive,fg_BB_SA18_sulphonate_ester_count,fraction_csp3,0.1689398955754173,0.15901519404633593,71
positive,fg_BB_SA5_nitro_aromatic_count,ring_count,0.16754643796565166,0.16253184738635373,71
positive,fg_amide_count,hba,0.16670927717895614,0.16467198947226805,71
positive,fg_BB_SA13_aliphatic_halogen_count,aromatic_ring_count,-0.16642338644238833,0.16540758205466444,71
positive,fg_BB_SA40_alkyl_halides_nongx_count,aromatic_ring_count,-0.16642338644238833,0.16540758205466444,71
positive,fg_bromo_count,aromatic_ring_count,-0.16637093383202659,0.16554280399053845,71
positive,fg_BB_SA20_ab_unsat_carbonyl_count,aromatic_ring_count,-0.16634472611827233,0.16561039750124085,71
positive,fg_organometal_like_count,hba,-0.16612234835734935,0.16618475964495044,71
positive,fg_carbamate_count,tpsa,0.16465914501600756,0.17000053249627514,71
positive,fg_BB_SA19_alkyl_carbamate_count,tpsa,0.16465914501600756,0.17000053249627514,71
positive,fg_BB_SA45_imidazole_count,tpsa,0.16465914501600756,0.17000053249627514,71
positive,fg_BB_SA45b_benzimidazole_count,tpsa,0.16465914501600756,0.17000053249627514,71
positive,fg_BB_SA23_monohaloalkene_count,heteroatom_count,-0.16390612303208468,0.17198913147654377,71
positive,fg_carbamate_count,ring_count,0.16360228616942343,0.17279631303048062,71
positive,fg_BB_SA19_alkyl_carbamate_count,ring_count,0.16360228616942343,0.17279631303048062,71
positive,fg_BB_SA45_imidazole_count,ring_count,0.16360228616942343,0.17279631303048062,71
positive,fg_BB_SA45b_benzimidazole_count,ring_count,0.16360228616942343,0.17279631303048062,71
positive,fg_imine_count,hba,0.16348416102078456,0.1731108743752781,71
positive,fg_hydrazine_like_count,heteroatom_count,0.16227581082045753,0.17635272624230378,71
positive,fg_BB_SA9_aliphatic_Nnitro_count,heteroatom_count,0.16227581082045753,0.17635272624230378,71
positive,fg_BB_SA10_N_nitroso_count,heteroatom_count,0.16227581082045753,0.17635272624230378,71
positive,fg_BB_SA12b_hydrazine_general_count,heteroatom_count,0.16227581082045753,0.17635272624230378,71
positive,fg_imine_count,heavy_atom_count,0.16092109908042487,0.18003962259092668,71
positive,fg_amine_primary_count,fraction_csp3,0.1607036200974533,0.18063667904872374,71
positive,fg_amine_secondary_count,fraction_csp3,0.1607036200974533,0.18063667904872374,71
positive,fg_alcohol_count,fraction_csp3,0.1607036200974533,0.18063667904872374,71
positive,fg_sulfoxide_count,fraction_csp3,0.1607036200974533,0.18063667904872374,71
positive,fg_metal_halide_like_count,fraction_csp3,0.1607036200974533,0.18063667904872374,71
positive,fg_halogen_any_count,tpsa,-0.16027885720521595,0.18180694798175578,71
positive,fg_nitrile_count,heteroatom_count,0.159005761817392,0.18534740419076998,71
positive,fg_fused_ring_like_count,mw,0.15785673074617076,0.18858542403558592,71
positive,fg_fused_ring_like_count,tpsa,0.15706107629449964,0.19085139690752467,71
positive,fg_heavy_metal_atom_count,hba,-0.15626965285209962,0.19312470040380683,71
positive,fg_fluoro_count,tpsa,-0.15583811939015002,0.19437241256328955,71
positive,fg_metal_halide_like_count,tpsa,-0.15583811939015002,0.19437241256328955,71
positive,fg_fluoro_count,hba,-0.1545668431469236,0.19808171423511056,71
positive,fg_metal_halide_like_count,hba,-0.1545668431469236,0.19808171423511056,71
positive,fg_ammonium_quaternary_count,hba,-0.15454157369047317,0.19815595462175412,71
positive,fg_imine_count,mw,0.15165033665576377,0.2067821464264189,71
positive,fg_BB_SA16b_aziridine_count,logp,-0.1498854947257173,0.21217691182461712,71
positive,fg_alcohol_count,heavy_atom_count,-0.14921774642003036,0.21424378961709456,71
positive,fg_sulfoxide_count,heavy_atom_count,-0.14921774642003036,0.21424378961709456,71
positive,fg_hydrazine_like_count,fraction_csp3,-0.14879964823838265,0.21554513379036414,71
positive,fg_fluoro_count,fraction_csp3,-0.14879964823838265,0.21554513379036414,71
positive,fg_BB_SA9_aliphatic_Nnitro_count,fraction_csp3,-0.14879964823838265,0.21554513379036414,71
positive,fg_BB_SA10_N_nitroso_count,fraction_csp3,-0.14879964823838265,0.21554513379036414,71
positive,fg_BB_SA12b_hydrazine_general_count,fraction_csp3,-0.14879964823838265,0.21554513379036414,71
positive,fg_BB_SA24_quinone_para_count,fraction_csp3,-0.14879964823838265,0.21554513379036414,71
positive,fg_amine_primary_count,tpsa,0.14701709376429248,0.22115585522630068,71
positive,fg_amine_secondary_count,tpsa,0.14701709376429248,0.22115585522630068,71
positive,fg_BB_SA18_sulphonate_ester_count,hbd,-0.1466420452343291,0.22234926711878786,71
positive,fg_fluoro_count,rot_bonds,-0.1457791101177265,0.22511225040043573,71
positive,fg_BB_SA21_ab_unsat_alkoxy_count,rot_bonds,-0.1457791101177265,0.22511225040043573,71
positive,fg_BB_SA24_quinone_para_count,rot_bonds,-0.1457791101177265,0.22511225040043573,71
positive,fg_BB_SA5_nitro_aromatic_count,fraction_csp3,-0.14566831449353765,0.2254687304498644,71
positive,fg_urea_count,aromatic_ring_count,0.1451204984234703,0.22723709776131817,71
positive,fg_imine_count,aromatic_ring_count,0.1451204984234703,0.22723709776131817,71
positive,bb_n_nongenotox_alerts,heteroatom_count,0.14428724263607215,0.22994537641954343,71
positive,fg_chloro_count,tpsa,-0.14428306010889355,0.22995902701117005,71
positive,fg_BB_SA6b_aromatic_dialkylamine_count,logp,0.14419362776515168,0.23025104390556903,71
positive,fg_azo_count,fraction_csp3,-0.1441286403569027,0.23046340425154077,71
positive,fg_BB_SA8_aromatic_diazo_count,fraction_csp3,-0.1441286403569027,0.23046340425154077,71
positive,fg_chloro_count,fraction_csp3,-0.14333473345514777,0.23306866308482435,71
positive,fg_BB_SA18_sulphonate_ester_count,aromatic_ring_count,-0.14303357611450498,0.234062255100821,71
positive,fg_sulfone_count,heteroatom_count,0.14289251751515075,0.23452865012657803,71
positive,fg_hydrazine_like_count,hba,0.14267708598177561,0.2352421930245609,71
positive,fg_BB_SA9_aliphatic_Nnitro_count,hba,0.14267708598177561,0.2352421930245609,71
positive,fg_BB_SA10_N_nitroso_count,hba,0.14267708598177561,0.2352421930245609,71
positive,fg_BB_SA12b_hydrazine_general_count,hba,0.14267708598177561,0.2352421930245609,71
positive,fg_carbamate_count,heteroatom_count,0.14162252580694476,0.23875674139977854,71
positive,fg_BB_SA19_alkyl_carbamate_count,heteroatom_count,0.14162252580694476,0.23875674139977854,71
positive,fg_BB_SA45_imidazole_count,heteroatom_count,0.14162252580694476,0.23875674139977854,71
positive,fg_BB_SA45b_benzimidazole_count,heteroatom_count,0.14162252580694476,0.23875674139977854,71
positive,bb_n_alerts,logp,-0.14152931015985218,0.23906913642697894,71
positive,fg_ester_count,fraction_csp3,0.14103063457377063,0.2407451450095008,71
positive,bb_any_nongenotox_alert,heteroatom_count,0.14003216945601937,0.24412519129168558,71
positive,fg_amide_count,rot_bonds,0.13894095678682436,0.2478563259155489,71
positive,fg_halogen_any_count,fraction_csp3,-0.13628627018090478,0.2570957551375675,71
positive,fg_heteroaromatic_ring_count,rot_bonds,-0.13622041992211686,0.257327874116934,71
positive,fg_sulfone_count,hba,0.13548850296151072,0.2599174224979927,71
positive,fg_bromo_count,mw,0.13540065568979692,0.260229410951982,71
positive,bb_n_nongenotox_alerts,mw,0.1348861340293742,0.2620618172179255,71
positive,bb_any_nongenotox_alert,mw,0.13428122916187737,0.2642272381742811,71
positive,fg_BB_SA34_halobenzene_count,rot_bonds,-0.1341911504675855,0.2645507285048706,71
positive,fg_hydrazine_like_count,mw,-0.13415222088779105,0.26469061488961315,71
positive,fg_BB_SA9_aliphatic_Nnitro_count,mw,-0.13415222088779105,0.26469061488961315,71
positive,fg_BB_SA10_N_nitroso_count,mw,-0.13415222088779105,0.26469061488961315,71
positive,fg_BB_SA12b_hydrazine_general_count,mw,-0.13415222088779105,0.26469061488961315,71
positive,fg_phenol_count,hba,0.1335536083143934,0.26684789933531805,71
positive,fg_BB_SA34_halobenzene_count,logp,0.13325153353534927,0.2679409967647965,71
positive,fg_BB_SA16b_aziridine_count,tpsa,0.1317703808827331,0.2733442601997966,71
positive,fg_amide_count,ring_count,0.131265503636858,0.27520259463356056,71
positive,fg_chloro_count,logp,0.13065393336488998,0.27746491203941404,71
positive,bb_n_nongenotox_alerts,hbd,0.1300631094734217,0.27966221828752175,71
positive,fg_azo_count,rot_bonds,0.12925237341024795,0.28269616996029495,71
positive,fg_BB_SA8_aromatic_diazo_count,rot_bonds,0.12925237341024795,0.28269616996029495,71
positive,fg_amine_primary_count,rot_bonds,0.12792860683800492,0.2876967291932644,71
positive,fg_amine_secondary_count,rot_bonds,0.12792860683800492,0.2876967291932644,71
positive,fg_metal_halide_like_count,rot_bonds,0.12792860683800492,0.2876967291932644,71
positive,fg_BB_SA7_aromatic_Nacylamine_count,hba,0.12760682482046357,0.28892103166311495,71
positive,fg_ketone_count,fraction_csp3,-0.12720515714370276,0.29045409100222547,71
positive,fg_ester_count,logp,0.12591549637303664,0.29541251372006455,71
positive,fg_ester_count,hbd,-0.12543853438031843,0.29726027416625245,71
positive,fg_sulfone_count,heavy_atom_count,-0.12502907777803654,0.2988525326065831,71
positive,fg_BB_SA5_nitro_aromatic_count,rot_bonds,0.12422442881549028,0.3019977733226744,71
positive,fg_alcohol_count,tpsa,0.1234943587620057,0.30487007202594796,71
positive,fg_sulfoxide_count,tpsa,0.1234943587620057,0.30487007202594796,71
positive,bb_any_nongenotox_alert,hbd,0.12317254973336757,0.3061417703616027,71
positive,fg_amine_tertiary_count,logp,-0.12248783748011453,0.3088589858310657,71
positive,fg_urea_count,hbd,0.12171666811959304,0.3119379117680191,71
positive,fg_BB_SA21_ab_unsat_alkoxy_count,hbd,0.12171666811959304,0.3119379117680191,71
positive,fg_BB_SA47_n_alkylcarboxylic_acid_count,hbd,0.12171666811959304,0.3119379117680191,71
positive,fg_BB_SA7_aromatic_Nacylamine_count,fraction_csp3,-0.12167560383830096,0.312102415567844,71
positive,fg_BB_SA20_ab_unsat_carbonyl_count,fraction_csp3,-0.12071880491656736,0.31595118487296736,71
positive,fg_amine_primary_count,ring_count,-0.11955551681611713,0.3206714392282849,71
positive,fg_amine_secondary_count,ring_count,-0.11955551681611713,0.3206714392282849,71
positive,fg_hydrazine_like_count,ring_count,-0.11955551681611713,0.3206714392282849,71
positive,fg_alcohol_count,ring_count,-0.11955551681611713,0.3206714392282849,71
positive,fg_aldehyde_count,ring_count,-0.11955551681611713,0.3206714392282849,71
positive,fg_fluoro_count,ring_count,-0.11955551681611713,0.3206714392282849,71
positive,fg_sulfide_count,ring_count,-0.11955551681611713,0.3206714392282849,71
positive,fg_sulfoxide_count,ring_count,-0.11955551681611713,0.3206714392282849,71
positive,fg_metal_halide_like_count,ring_count,-0.11955551681611713,0.3206714392282849,71
positive,fg_BB_SA1_acyl_halides_count,ring_count,-0.11955551681611713,0.3206714392282849,71
positive,fg_BB_SA9_aliphatic_Nnitro_count,ring_count,-0.11955551681611713,0.3206714392282849,71
positive,fg_BB_SA10_N_nitroso_count,ring_count,-0.11955551681611713,0.3206714392282849,71
positive,fg_BB_SA12b_hydrazine_general_count,ring_count,-0.11955551681611713,0.3206714392282849,71
positive,fg_BB_SA22_simple_aldehyde_count,ring_count,-0.11955551681611713,0.3206714392282849,71
positive,fg_BB_SA47_n_alkylcarboxylic_acid_count,ring_count,-0.11955551681611713,0.3206714392282849,71
positive,fg_ammonium_quaternary_count,hbd,-0.11888655025804283,0.32340619937193027,71
positive,fg_sulfone_count,hbd,-0.11888655025804283,0.32340619937193027,71
positive,fg_BB_SA23_monohaloalkene_count,hbd,-0.11888655025804283,0.32340619937193027,71
positive,fg_alkene_count,rot_bonds,-0.11719336862720062,0.3303942050504939,71
positive,fg_hydrazine_like_count,heavy_atom_count,-0.11703352660394536,0.3310587971665917,71
positive,fg_aldehyde_count,heavy_atom_count,-0.11703352660394536,0.3310587971665917,71
positive,fg_sulfide_count,heavy_atom_count,-0.11703352660394536,0.3310587971665917,71
positive,fg_BB_SA9_aliphatic_Nnitro_count,heavy_atom_count,-0.11703352660394536,0.3310587971665917,71
positive,fg_BB_SA10_N_nitroso_count,heavy_atom_count,-0.11703352660394536,0.3310587971665917,71
positive,fg_BB_SA12b_hydrazine_general_count,heavy_atom_count,-0.11703352660394536,0.3310587971665917,71
positive,fg_BB_SA22_simple_aldehyde_count,heavy_atom_count,-0.11703352660394536,0.3310587971665917,71
positive,fg_BB_SA24_quinone_para_count,logp,-0.11665508331439478,0.3326356596997372,71
positive,fg_alcohol_count,mw,-0.11665410511981829,0.33263974168727295,71
positive,fg_sulfoxide_count,mw,-0.11665410511981829,0.33263974168727295,71
positive,fg_BB_SA18_sulphonate_ester_count,tpsa,0.11644348314523487,0.33351939999549274,71
positive,fg_ammonium_quaternary_count,aromatic_ring_count,-0.11596106974743592,0.33553971539435157,71
positive,fg_carboxylic_acid_count,aromatic_ring_count,-0.11596106974743592,0.33553971539435157,71
positive,fg_sulfone_count,aromatic_ring_count,-0.11596106974743592,0.33553971539435157,71
positive,fg_BB_SA23_monohaloalkene_count,aromatic_ring_count,-0.11596106974743592,0.33553971539435157,71
positive,fg_BB_SA16b_aziridine_count,aromatic_ring_count,-0.11594923638144283,0.3355893693935563,71
positive,fg_chloro_count,rot_bonds,-0.11589604708225168,0.3358126142065697,71
positive,fg_fluoro_count,heteroatom_count,-0.11506830221814261,0.3392988482027324,71
positive,fg_BB_SA18_sulphonate_ester_count,rot_bonds,-0.11460452045996435,0.341262058046379,71
positive,fg_metal_atom_count,heavy_atom_count,0.11449152799566649,0.3417414357511498,71
positive,fg_carbamate_count,heavy_atom_count,0.11410768843884674,0.34337304487222975,71
positive,fg_BB_SA19_alkyl_carbamate_count,heavy_atom_count,0.11410768843884674,0.34337304487222975,71
positive,fg_BB_SA45_imidazole_count,heavy_atom_count,0.11410768843884674,0.34337304487222975,71
positive,fg_BB_SA45b_benzimidazole_count,heavy_atom_count,0.11410768843884674,0.34337304487222975,71
positive,fg_BB_SA47_n_alkylcarboxylic_acid_count,heavy_atom_count,0.11410768843884674,0.34337304487222975,71
positive,fg_BB_SA20_ab_unsat_carbonyl_count,hba,0.11317507333305933,0.34735760423534146,71
positive,fg_BB_SA1_acyl_halides_count,mw,0.11082139986382739,0.3575408612169242,71
positive,bb_any_alert,hbd,0.11036428061714894,0.3595397080756375,71
positive,fg_ammonium_quaternary_count,heteroatom_count,-0.10927074868805645,0.3643491872648942,71
positive,fg_aromatic_ring_count,rot_bonds,-0.10913683894723121,0.3649408284740304,71
positive,fg_ester_count,aromatic_ring_count,-0.10852468655660362,0.3676529131485876,71
positive,fg_ammonium_quaternary_count,logp,-0.10800814251321406,0.3699509386103371,71
positive,fg_BB_SA20_ab_unsat_carbonyl_count,tpsa,0.10746808173645363,0.37236289779491183,71
positive,fg_BB_SA34_halobenzene_count,ring_count,0.10504970000666669,0.38328004519434034,71
positive,fg_urea_count,logp,0.1049895749829553,0.3835538831948768,71
positive,fg_bromo_count,heavy_atom_count,-0.10421779329191398,0.3870793398513934,71
positive,fg_urea_count,heavy_atom_count,0.1024043357784522,0.39543883576735084,71
positive,fg_bromo_count,heteroatom_count,0.10050917900007256,0.4042879620360428,71
positive,fg_urea_count,heteroatom_count,0.10031595577991921,0.4051966489936404,71
positive,fg_alcohol_count,heteroatom_count,0.10031595577991921,0.4051966489936404,71
positive,fg_sulfoxide_count,heteroatom_count,0.10031595577991921,0.4051966489936404,71
positive,fg_BB_SA16b_aziridine_count,hba,0.09999605332701711,0.40670370290883573,71
positive,fg_amide_count,fraction_csp3,-0.09957979473370669,0.40866957809492943,71
positive,fg_aldehyde_count,mw,-0.09915598935184555,0.4106767677960722,71
positive,fg_sulfide_count,mw,-0.09915598935184555,0.4106767677960722,71
positive,fg_BB_SA22_simple_aldehyde_count,mw,-0.09915598935184555,0.4106767677960722,71
positive,bb_n_nongenotox_alerts,aromatic_ring_count,0.09907208431143483,0.4110748295236907,71
positive,fg_ketone_count,hba,0.0978352878902419,0.41696837612940185,71
positive,fg_carboxylic_acid_count,rot_bonds,0.09746900289953124,0.4187230941473101,71
positive,fg_BB_SA18_sulphonate_ester_count,heavy_atom_count,-0.09607892409078019,0.4254209312382542,71
positive,fg_BB_SA47_n_alkylcarboxylic_acid_count,fraction_csp3,0.0952317748725649,0.4295325855924079,71
positive,fg_amine_primary_count,hba,0.09511805732118374,0.43008622964827947,71
positive,fg_amine_secondary_count,hba,0.09511805732118374,0.43008622964827947,71
positive,fg_carbamate_count,hba,0.09511805732118374,0.43008622964827947,71
positive,fg_BB_SA19_alkyl_carbamate_count,hba,0.09511805732118374,0.43008622964827947,71
positive,fg_BB_SA21_ab_unsat_alkoxy_count,hba,0.09511805732118374,0.43008622964827947,71
positive,fg_BB_SA45_imidazole_count,hba,0.09511805732118374,0.43008622964827947,71
positive,fg_BB_SA45b_benzimidazole_count,hba,0.09511805732118374,0.43008622964827947,71
positive,fg_BB_SA34_halobenzene_count,heteroatom_count,0.09505779239083217,0.43037979906216894,71
positive,fg_ether_count,aromatic_ring_count,0.09473337258411577,0.43196210311653815,71
positive,fg_ketone_count,hbd,0.09394261670926314,0.4358326623857899,71
positive,fg_BB_SA34_halobenzene_count,hbd,0.09370737646610744,0.43698787017342866,71
positive,fg_BB_SA24_quinone_para_count,mw,-0.09332328409585464,0.43887775620230574,71
positive,fg_fused_ring_like_count,logp,0.09139150520348882,0.448452210519109,71
positive,fg_BB_SA13_aliphatic_halogen_count,fraction_csp3,0.09125670287872573,0.44912463080953036,71
positive,fg_BB_SA40_alkyl_halides_nongx_count,fraction_csp3,0.09125670287872573,0.44912463080953036,71
positive,fg_BB_SA13_aliphatic_halogen_count,heavy_atom_count,-0.09121405406051739,0.44933748787792904,71
positive,fg_BB_SA40_alkyl_halides_nongx_count,heavy_atom_count,-0.09121405406051739,0.44933748787792904,71
positive,bb_any_genotox_alert,fraction_csp3,-0.09070304400180866,0.4518922490980637,71
positive,fg_BB_SA6b_aromatic_dialkylamine_count,hbd,0.09030304350502115,0.4538976167065062,71
positive,bb_any_nongenotox_alert,aromatic_ring_count,0.09026290810388363,0.4540991026534771,71
positive,bb_any_nongenotox_alert,ring_count,-0.09026158676109203,0.4541057368380297,71
positive,fg_imine_count,rot_bonds,0.08925251639860807,0.4591876456282279,71
positive,fg_sulfone_count,fraction_csp3,0.08902063080867519,0.4603598617094289,71
positive,fg_carboxylic_acid_count,hba,-0.0889143300684914,0.4608977745184487,71
positive,fg_BB_SA1_acyl_halides_count,heavy_atom_count,-0.08777514495295902,0.46668390659354253,71
positive,fg_BB_SA47_n_alkylcarboxylic_acid_count,mw,0.0874905788398637,0.4681353989937659,71
positive,fg_ammonium_quaternary_count,ring_count,0.08514891099756453,0.4801719506070574,71
positive,fg_sulfone_count,ring_count,0.08514891099756453,0.4801719506070574,71
positive,fg_halogen_any_count,logp,0.08447209402774172,0.4836813800661538,71
positive,fg_phenol_count,logp,-0.08368193828940859,0.4877956527497045,71
positive,fg_amine_tertiary_count,hbd,-0.08346285813914953,0.4889396455980074,71
positive,fg_hydrazine_like_count,hbd,-0.08346285813914953,0.4889396455980074,71
positive,fg_imine_count,hbd,-0.08346285813914953,0.4889396455980074,71
positive,fg_aldehyde_count,hbd,-0.08346285813914953,0.4889396455980074,71
positive,fg_fluoro_count,hbd,-0.08346285813914953,0.4889396455980074,71
positive,fg_sulfide_count,hbd,-0.08346285813914953,0.4889396455980074,71
positive,fg_metal_halide_like_count,hbd,-0.08346285813914953,0.4889396455980074,71
positive,fg_BB_SA1_acyl_halides_count,hbd,-0.08346285813914953,0.4889396455980074,71
positive,fg_BB_SA9_aliphatic_Nnitro_count,hbd,-0.08346285813914953,0.4889396455980074,71
positive,fg_BB_SA10_N_nitroso_count,hbd,-0.08346285813914953,0.4889396455980074,71
positive,fg_BB_SA12b_hydrazine_general_count,hbd,-0.08346285813914953,0.4889396455980074,71
positive,fg_BB_SA22_simple_aldehyde_count,hbd,-0.08346285813914953,0.4889396455980074,71
positive,fg_BB_SA24_quinone_para_count,hbd,-0.08346285813914953,0.4889396455980074,71
positive,fg_carbamate_count,fraction_csp3,-0.0833278030134943,0.4896455802822085,71
positive,fg_BB_SA19_alkyl_carbamate_count,fraction_csp3,-0.0833278030134943,0.4896455802822085,71
positive,fg_BB_SA45_imidazole_count,fraction_csp3,-0.0833278030134943,0.4896455802822085,71
positive,fg_BB_SA45b_benzimidazole_count,fraction_csp3,-0.0833278030134943,0.4896455802822085,71
positive,fg_BB_SA21_ab_unsat_alkoxy_count,logp,-0.08165855832007635,0.4984148613890528,71
positive,bb_n_nongenotox_alerts,ring_count,-0.08157097786228093,0.49887720470232855,71
positive,fg_amine_primary_count,aromatic_ring_count,-0.08140906009121507,0.49973256656788034,71
positive,fg_amine_secondary_count,aromatic_ring_count,-0.08140906009121507,0.49973256656788034,71
positive,fg_amine_tertiary_count,aromatic_ring_count,-0.08140906009121507,0.49973256656788034,71
positive,fg_hydrazine_like_count,aromatic_ring_count,-0.08140906009121507,0.49973256656788034,71
positive,fg_alcohol_count,aromatic_ring_count,-0.08140906009121507,0.49973256656788034,71
positive,fg_aldehyde_count,aromatic_ring_count,-0.08140906009121507,0.49973256656788034,71
positive,fg_fluoro_count,aromatic_ring_count,-0.08140906009121507,0.49973256656788034,71
positive,fg_sulfide_count,aromatic_ring_count,-0.08140906009121507,0.49973256656788034,71
positive,fg_sulfoxide_count,aromatic_ring_count,-0.08140906009121507,0.49973256656788034,71
positive,fg_metal_halide_like_count,aromatic_ring_count,-0.08140906009121507,0.49973256656788034,71
positive,fg_BB_SA1_acyl_halides_count,aromatic_ring_count,-0.08140906009121507,0.49973256656788034,71
positive,fg_BB_SA9_aliphatic_Nnitro_count,aromatic_ring_count,-0.08140906009121507,0.49973256656788034,71
positive,fg_BB_SA10_N_nitroso_count,aromatic_ring_count,-0.08140906009121507,0.49973256656788034,71
positive,fg_BB_SA12b_hydrazine_general_count,aromatic_ring_count,-0.08140906009121507,0.49973256656788034,71
positive,fg_BB_SA21_ab_unsat_alkoxy_count,aromatic_ring_count,-0.08140906009121507,0.49973256656788034,71
positive,fg_BB_SA22_simple_aldehyde_count,aromatic_ring_count,-0.08140906009121507,0.49973256656788034,71
positive,fg_BB_SA24_quinone_para_count,aromatic_ring_count,-0.08140906009121507,0.49973256656788034,71
positive,fg_BB_SA47_n_alkylcarboxylic_acid_count,aromatic_ring_count,-0.08140906009121507,0.49973256656788034,71
positive,bb_any_genotox_alert,hbd,0.08134248903633193,0.5000844617590576,71
positive,fg_fused_ring_like_count,fraction_csp3,-0.08054247549356328,0.504323377787053,71
positive,fg_amine_tertiary_count,fraction_csp3,0.08035181004872664,0.5053363571188305,71
positive,fg_ketone_count,tpsa,0.07964047055764069,0.5091248350292071,71
positive,fg_fused_ring_like_count,hbd,0.07925770017202854,0.5111694124928554,71
positive,fg_chloro_count,ring_count,-0.07914360574516281,0.5117796611363532,71
positive,fg_ammonium_quaternary_count,mw,-0.07892836537308538,0.5129319134289824,71
positive,fg_BB_SA2_primary_aromatic_amine_count,hba,0.07817786482734984,0.5169599044794413,71
positive,fg_BB_SA2c_aromatic_amine_general_count,hba,0.07817786482734984,0.5169599044794413,71
positive,fg_BB_SA13_aliphatic_halogen_count,mw,0.07750415786984358,0.5205893380483153,71
positive,fg_BB_SA40_alkyl_halides_nongx_count,mw,0.07750415786984358,0.5205893380483153,71
positive,fg_chloro_count,aromatic_ring_count,0.07687906250755436,0.5239683346124576,71
positive,fg_aldehyde_count,tpsa,-0.07644888875743208,0.5263000397624031,71
positive,fg_sulfide_count,tpsa,-0.07644888875743208,0.5263000397624031,71
positive,fg_BB_SA1_acyl_halides_count,tpsa,-0.07644888875743208,0.5263000397624031,71
positive,fg_BB_SA21_ab_unsat_alkoxy_count,tpsa,0.07644888875743208,0.5263000397624031,71
positive,fg_BB_SA22_simple_aldehyde_count,tpsa,-0.07644888875743208,0.5263000397624031,71
positive,fg_halogen_any_count,aromatic_ring_count,-0.07638880473619908,0.5266261301652971,71
positive,fg_urea_count,mw,0.07582516832788189,0.5296900254467753,71
positive,fg_BB_SA20_ab_unsat_carbonyl_count,hbd,0.07543749926645421,0.5318025038992955,71
positive,fg_bromo_count,rot_bonds,-0.0746299191616132,0.5362165192745096,71
positive,fg_BB_SA20_ab_unsat_carbonyl_count,rot_bonds,-0.07273451461739759,0.5466466136377361,71
positive,fg_BB_SA7_aromatic_Nacylamine_count,rot_bonds,0.07146258071206063,0.5537005121320778,71
positive,fg_ketone_count,logp,-0.07093274238343196,0.5566517007236758,71
positive,fg_ether_count,logp,-0.07064959240306463,0.5582319087745495,71
positive,fg_BB_SA13_aliphatic_halogen_count,tpsa,-0.07062806531254633,0.5583521347116037,71
positive,fg_BB_SA40_alkyl_halides_nongx_count,tpsa,-0.07062806531254633,0.5583521347116037,71
positive,fg_metal_halide_like_count,heavy_atom_count,0.07022011596236723,0.5606328015848661,71
positive,fg_BB_SA1_acyl_halides_count,logp,0.06999304998863687,0.5619041370068537,71
positive,fg_BB_SA2_primary_aromatic_amine_count,logp,0.06940160548542114,0.5652219992298861,71
positive,fg_BB_SA2c_aromatic_amine_general_count,logp,0.06940160548542114,0.5652219992298861,71
positive,bb_any_alert,fraction_csp3,-0.06836681718506235,0.5710489663345869,71
positive,fg_bromo_count,hbd,-0.06721626757620693,0.5775604374696912,71
positive,fg_ammonium_quaternary_count,heavy_atom_count,-0.06668217481495282,0.5805946786457706,71
positive,fg_BB_SA13_aliphatic_halogen_count,heteroatom_count,0.06634762751016995,0.5824989910835505,71
positive,fg_BB_SA40_alkyl_halides_nongx_count,heteroatom_count,0.06634762751016995,0.5824989910835505,71
positive,fg_nitrile_count,fraction_csp3,-0.06624443999943527,0.583086930627736,71
positive,fg_BB_SA13_aliphatic_halogen_count,hbd,-0.06576053808413149,0.5858477003158431,71
positive,fg_BB_SA40_alkyl_halides_nongx_count,hbd,-0.06576053808413149,0.5858477003158431,71
positive,fg_halogen_any_count,heteroatom_count,0.06476992373295005,0.5915178026679311,71
positive,fg_chloro_count,heavy_atom_count,-0.06466643930606653,0.5921115491570832,71
positive,fg_aldehyde_count,logp,-0.06416029582291713,0.5950194161908711,71
positive,fg_sulfide_count,logp,-0.06416029582291713,0.5950194161908711,71
positive,fg_BB_SA22_simple_aldehyde_count,logp,-0.06416029582291713,0.5950194161908711,71
positive,fg_BB_SA20_ab_unsat_carbonyl_count,heteroatom_count,0.0637689083269613,0.5972723559697763,71
positive,fg_sulfone_count,tpsa,0.06282443051779986,0.6027246019299455,71
positive,fg_BB_SA34_halobenzene_count,hba,-0.06268295047924706,0.6035432163091116,71
positive,fg_aldehyde_count,rot_bonds,0.06247676147902565,0.6047371161709597,71
positive,fg_sulfide_count,rot_bonds,0.06247676147902565,0.6047371161709597,71
positive,fg_BB_SA22_simple_aldehyde_count,rot_bonds,0.06247676147902565,0.6047371161709597,71
positive,fg_urea_count,hba,-0.06242122511702683,0.6050588663882167,71
positive,fg_BB_SA1_acyl_halides_count,hba,-0.06242122511702683,0.6050588663882167,71
positive,fg_BB_SA47_n_alkylcarboxylic_acid_count,hba,-0.06242122511702683,0.6050588663882167,71
positive,fg_sulfone_count,mw,-0.062311867399804245,0.6056926502152151,71
positive,bb_n_nongenotox_alerts,fraction_csp3,-0.06188073965667635,0.6081940826972607,71
positive,fg_BB_SA34_halobenzene_count,heavy_atom_count,0.06170022356747985,0.6092427849727343,71
positive,fg_fused_ring_like_count,rot_bonds,0.061447849654052304,0.6107102599004703,71
positive,fg_nitrile_count,ring_count,0.06081824737228072,0.6143778641129704,71
positive,fg_phenol_count,mw,-0.06049949146466418,0.6162383142057528,71
positive,fg_metal_atom_count,heteroatom_count,-0.060476624016406494,0.6163718752338492,71
positive,fg_urea_count,ring_count,0.059777758408058566,0.620459686434761,71
positive,fg_imine_count,ring_count,0.059777758408058566,0.620459686434761,71
positive,fg_BB_SA21_ab_unsat_alkoxy_count,ring_count,0.059777758408058566,0.620459686434761,71
positive,fg_BB_SA24_quinone_para_count,ring_count,0.059777758408058566,0.620459686434761,71
positive,fg_urea_count,fraction_csp3,-0.05951985929535307,0.6219711024937173,71
positive,fg_carboxylic_acid_count,fraction_csp3,0.05934708720578346,0.6229845055347484,71
positive,bb_n_nongenotox_alerts,heavy_atom_count,0.059219206838355645,0.6237350441917155,71
positive,bb_any_nongenotox_alert,fraction_csp3,-0.05902715448583491,0.6248629305454254,71
positive,fg_carbamate_count,mw,0.058327052559909144,0.628981759251809,71
positive,fg_BB_SA19_alkyl_carbamate_count,mw,0.058327052559909144,0.628981759251809,71
positive,fg_BB_SA45_imidazole_count,mw,0.058327052559909144,0.628981759251809,71
positive,fg_BB_SA45b_benzimidazole_count,mw,0.058327052559909144,0.628981759251809,71
positive,fg_epoxide_count,aromatic_ring_count,0.05818055092774477,0.6298450914927668,71
positive,fg_BB_SA16_epoxide_count,aromatic_ring_count,0.05818055092774477,0.6298450914927668,71
positive,bb_any_nongenotox_alert,hba,-0.05790387169453044,0.6314769076468265,71
positive,fg_BB_SA2_primary_aromatic_amine_count,heavy_atom_count,0.056719989958506384,0.6384790577833619,71
positive,fg_BB_SA2c_aromatic_amine_general_count,heavy_atom_count,0.056719989958506384,0.6384790577833619,71
positive,fg_ketone_count,mw,-0.05557051089066682,0.6453080442832304,71
positive,bb_any_nongenotox_alert,heavy_atom_count,0.054923485569544066,0.6491649373508871,71
positive,bb_n_nongenotox_alerts,hba,-0.05276989192551919,0.6620683654558432,71
positive,bb_any_alert,rot_bonds,0.05143559904985197,0.6701127174006317,71
positive,fg_carboxylic_acid_count,logp,0.04984991192917571,0.6797209795599465,71
positive,fg_BB_SA20_ab_unsat_carbonyl_count,mw,-0.04930896117410446,0.6830105688032245,71
positive,bb_n_nongenotox_alerts,rot_bonds,-0.04857607317289024,0.6874767513586273,71
positive,fg_aniline_count,rot_bonds,-0.0485328036859985,0.6877407689975619,71
positive,fg_chloro_count,heteroatom_count,0.0479667377120989,0.6911981561886301,71
positive,fg_BB_SA34_halobenzene_count,mw,0.04783348272898628,0.6920129636591887,71
positive,fg_imine_count,fraction_csp3,-0.04761588743628245,0.6933442320646817,71
positive,bb_any_nongenotox_alert,rot_bonds,-0.047418045506884915,0.6945554518531045,71
positive,fg_BB_SA24_quinone_para_count,heavy_atom_count,-0.046813410641578145,0.6982618419757098,71
positive,fg_BB_SA13_aliphatic_halogen_count,hba,-0.045573866007308415,0.7058821652442806,71
positive,fg_BB_SA40_alkyl_halides_nongx_count,hba,-0.045573866007308415,0.7058821652442806,71
positive,bb_n_genotox_alerts,rot_bonds,-0.045179622235605725,0.7083119516625309,71
positive,fg_chloro_count,hbd,0.04492247710930198,0.7098983455174458,71
positive,fg_BB_SA6b_aromatic_dialkylamine_count,fraction_csp3,-0.04467750798419929,0.7114107673297667,71
positive,fg_aldehyde_count,fraction_csp3,0.0446398944715148,0.7116430890415654,71
positive,fg_sulfide_count,fraction_csp3,0.0446398944715148,0.7116430890415654,71
positive,fg_BB_SA1_acyl_halides_count,fraction_csp3,0.0446398944715148,0.7116430890415654,71
positive,fg_BB_SA22_simple_aldehyde_count,fraction_csp3,0.0446398944715148,0.7116430890415654,71
positive,fg_urea_count,rot_bonds,-0.04165117431935043,0.7301851650141677,71
positive,fg_carbamate_count,rot_bonds,-0.04165117431935043,0.7301851650141677,71
positive,fg_hydrazine_like_count,rot_bonds,-0.04165117431935043,0.7301851650141677,71
positive,fg_alcohol_count,rot_bonds,-0.04165117431935043,0.7301851650141677,71
positive,fg_sulfoxide_count,rot_bonds,-0.04165117431935043,0.7301851650141677,71
positive,fg_BB_SA1_acyl_halides_count,rot_bonds,-0.04165117431935043,0.7301851650141677,71
positive,fg_BB_SA9_aliphatic_Nnitro_count,rot_bonds,-0.04165117431935043,0.7301851650141677,71
positive,fg_BB_SA10_N_nitroso_count,rot_bonds,-0.04165117431935043,0.7301851650141677,71
positive,fg_BB_SA12b_hydrazine_general_count,rot_bonds,-0.04165117431935043,0.7301851650141677,71
positive,fg_BB_SA19_alkyl_carbamate_count,rot_bonds,-0.04165117431935043,0.7301851650141677,71
positive,fg_BB_SA45_imidazole_count,rot_bonds,-0.04165117431935043,0.7301851650141677,71
positive,fg_BB_SA45b_benzimidazole_count,rot_bonds,-0.04165117431935043,0.7301851650141677,71
positive,fg_BB_SA20_ab_unsat_carbonyl_count,heavy_atom_count,0.04050170666733136,0.7373584453331501,71
positive,fg_halogen_any_count,hbd,-0.03915797557405147,0.7457724480636558,71
positive,fg_aldehyde_count,heteroatom_count,-0.03835610073938087,0.7508077627132381,71
positive,fg_sulfide_count,heteroatom_count,-0.03835610073938087,0.7508077627132381,71
positive,fg_BB_SA22_simple_aldehyde_count,heteroatom_count,-0.03835610073938087,0.7508077627132381,71
positive,fg_BB_SA24_quinone_para_count,heteroatom_count,-0.03835610073938087,0.7508077627132381,71
positive,fg_BB_SA47_n_alkylcarboxylic_acid_count,heteroatom_count,-0.03835610073938087,0.7508077627132381,71
positive,fg_BB_SA2_primary_aromatic_amine_count,heteroatom_count,-0.0374632982231847,0.7564262808510975,71
positive,fg_BB_SA2c_aromatic_amine_general_count,heteroatom_count,-0.0374632982231847,0.7564262808510975,71
positive,fg_BB_SA18_sulphonate_ester_count,mw,-0.03646908686577468,0.7626978201274804,71
positive,fg_fluoro_count,logp,-0.034996524994318434,0.7720147734979854,71
positive,fg_phenol_count,heavy_atom_count,0.034869453078720164,0.7728202922752752,71
positive,fg_alkene_count,logp,0.03285595850160743,0.7856154173444732,71
positive,fg_BB_SA13_aliphatic_halogen_count,logp,0.03279049559726934,0.7860323861054932,71
positive,fg_BB_SA40_alkyl_halides_nongx_count,logp,0.03279049559726934,0.7860323861054932,71
positive,fg_bromo_count,hba,0.032640281880303705,0.7869894055406663,71
positive,fg_amine_primary_count,heteroatom_count,0.0324551621640915,0.7881692457620413,71
positive,fg_amine_secondary_count,heteroatom_count,0.0324551621640915,0.7881692457620413,71
positive,fg_metal_halide_like_count,heteroatom_count,0.0324551621640915,0.7881692457620413,71
positive,fg_BB_SA1_acyl_halides_count,heteroatom_count,0.0324551621640915,0.7881692457620413,71
positive,fg_BB_SA21_ab_unsat_alkoxy_count,heteroatom_count,0.0324551621640915,0.7881692457620413,71
positive,fg_BB_SA2_primary_aromatic_amine_count,mw,-0.0321970680295921,0.7898149735479633,71
positive,fg_BB_SA2c_aromatic_amine_general_count,mw,-0.0321970680295921,0.7898149735479633,71
positive,bb_n_alerts,rot_bonds,-0.03133941023091777,0.795290348985836,71
positive,fg_BB_SA20_ab_unsat_carbonyl_count,ring_count,0.029246001225705674,0.8086958593262958,71
positive,fg_carbamate_count,logp,0.029163770828598695,0.8092235860897626,71
positive,fg_BB_SA19_alkyl_carbamate_count,logp,0.029163770828598695,0.8092235860897626,71
positive,fg_BB_SA45_imidazole_count,logp,0.029163770828598695,0.8092235860897626,71
positive,fg_BB_SA45b_benzimidazole_count,logp,0.029163770828598695,0.8092235860897626,71
positive,fg_BB_SA23_monohaloalkene_count,logp,-0.029079115292019165,0.8097669652359498,71
positive,fg_organometal_like_count,heteroatom_count,-0.02672456384922116,0.8249152005147746,71
positive,fg_nitrile_count,hbd,-0.026482519436073836,0.8264761381222603,71
positive,fg_BB_SA16b_aziridine_count,hbd,0.02518407572029445,0.8348610739310371,71
positive,fg_carboxylic_acid_count,heavy_atom_count,-0.02500581555560731,0.83601367832801,71
positive,fg_carboxylic_acid_count,mw,-0.024924746959921695,0.8365379702232196,71
positive,fg_BB_SA5_nitro_aromatic_count,hbd,-0.02309210610595363,0.848408664596848,71
positive,fg_bromo_count,fraction_csp3,0.022271610004958056,0.8537344054612015,71
positive,fg_halogen_any_count,mw,0.02175859018480212,0.8570676865349579,71
positive,fg_BB_SA13_aliphatic_halogen_count,rot_bonds,-0.021286726169549974,0.8601357671834416,71
positive,fg_BB_SA40_alkyl_halides_nongx_count,rot_bonds,-0.021286726169549974,0.8601357671834416,71
positive,fg_ester_count,ring_count,-0.021234538665021025,0.860475220357494,71
positive,fg_heavy_metal_atom_count,heteroatom_count,-0.01866040623066338,0.8772487329710011,71
positive,fg_alcohol_count,hba,0.017834635747721952,0.8826414111730951,71
positive,fg_aldehyde_count,hba,0.017834635747721952,0.8826414111730951,71
positive,fg_sulfide_count,hba,0.017834635747721952,0.8826414111730951,71
positive,fg_sulfoxide_count,hba,0.017834635747721952,0.8826414111730951,71
positive,fg_BB_SA22_simple_aldehyde_count,hba,0.017834635747721952,0.8826414111730951,71
positive,fg_BB_SA24_quinone_para_count,hba,0.017834635747721952,0.8826414111730951,71
positive,fg_urea_count,tpsa,-0.0176420512517151,0.8838998552028902,71
positive,fg_imine_count,logp,0.017498262497159217,0.8848396303357335,71
positive,fg_BB_SA21_ab_unsat_alkoxy_count,mw,-0.017498115767972743,0.8848405894101161,71
positive,fg_bromo_count,logp,-0.015613597731737686,0.8971716054106412,71
positive,fg_ammonium_quaternary_count,rot_bonds,-0.014832239571667797,0.9022915899467039,71
positive,fg_BB_SA34_halobenzene_count,tpsa,-0.013779128565167845,0.9091985379765177,71
positive,fg_chloro_count,mw,-0.013218338221054721,0.9128793192170326,71
positive,fg_ketone_count,heavy_atom_count,0.01191662040469158,0.9214301417887879,71
positive,fg_BB_SA21_ab_unsat_alkoxy_count,fraction_csp3,-0.011903971859070613,0.9215132736960787,71
positive,fg_BB_SA24_quinone_para_count,tpsa,-0.011761367501143398,0.9224505912380545,71
positive,fg_ketone_count,heteroatom_count,-0.011507388047748061,0.9241202210414399,71
positive,fg_ketone_count,aromatic_ring_count,-0.01125780048281625,0.9257612977319527,71
positive,fg_amide_count,logp,0.009821456637705964,0.935211276502416,71
positive,bb_n_nongenotox_alerts,tpsa,0.009437630991952177,0.9377381051471398,71
positive,bb_any_genotox_alert,rot_bonds,0.009137824627847964,0.9397122399441695,71
positive,fg_amine_primary_count,heavy_atom_count,0.008777514495295903,0.9420852523273047,71
positive,fg_amine_secondary_count,heavy_atom_count,0.008777514495295903,0.9420852523273047,71
positive,fg_BB_SA21_ab_unsat_alkoxy_count,heavy_atom_count,0.008777514495295903,0.9420852523273047,71
positive,fg_bromo_count,tpsa,0.00668607563661383,0.9558688076759055,71
positive,fg_amine_primary_count,mw,-0.005832705255990915,0.9614968555135472,71
positive,fg_amine_secondary_count,mw,-0.005832705255990915,0.9614968555135472,71
positive,fg_phenol_count,heteroatom_count,0.00560902348371049,0.9629723768655967,71
positive,fg_carboxylic_acid_count,heteroatom_count,-0.0042027211033867865,0.9722517211593592,71
positive,fg_carboxylic_acid_count,tpsa,0.004188295367853323,0.9723469290627222,71
positive,fg_BB_SA18_sulphonate_ester_count,ring_count,-0.002958533755899054,0.9804644693241511,71
positive,fg_BB_SA47_n_alkylcarboxylic_acid_count,tpsa,0.0029403418752858494,0.9805845690909794,71
positive,bb_any_nongenotox_alert,tpsa,0.0020828583958413097,0.9862459741041523,71
