No,SMILES,label,No_norm,raw_smiles_input,No_view,SMILES_view,raw_smiles,canonical_smiles,standardized_smiles,No_ana,fragment_count,is_multicomponent,contains_metal,contains_heavy_metal,metal_atom_count,heavy_metal_atom_count,has_counterion_like,murcko_scaffold,mw,logp,tpsa,hbd,hba,rot_bonds,ring_count,aromatic_ring_count,heteroatom_count,fraction_csp3,heavy_atom_count,formal_charge_total,has_formal_charge,fg_amine_primary_count,fg_amine_primary_present,fg_amine_secondary_count,fg_amine_secondary_present,fg_amine_tertiary_count,fg_amine_tertiary_present,fg_ammonium_quaternary_count,fg_ammonium_quaternary_present,fg_amide_count,fg_amide_present,fg_urea_count,fg_urea_present,fg_carbamate_count,fg_carbamate_present,fg_aniline_count,fg_aniline_present,fg_nitro_count,fg_nitro_present,fg_nitrile_count,fg_nitrile_present,fg_azo_count,fg_azo_present,fg_hydrazine_like_count,fg_hydrazine_like_present,fg_imine_count,fg_imine_present,fg_guanidine_like_count,fg_guanidine_like_present,fg_alcohol_count,fg_alcohol_present,fg_phenol_count,fg_phenol_present,fg_ether_count,fg_ether_present,fg_aldehyde_count,fg_aldehyde_present,fg_ketone_count,fg_ketone_present,fg_carboxylic_acid_count,fg_carboxylic_acid_present,fg_carboxylate_count,fg_carboxylate_present,fg_ester_count,fg_ester_present,fg_anhydride_count,fg_anhydride_present,fg_acid_chloride_count,fg_acid_chloride_present,fg_alkene_count,fg_alkene_present,fg_alkyne_count,fg_alkyne_present,fg_aromatic_ring_count,fg_aromatic_ring_present,fg_heteroaromatic_ring_count,fg_heteroaromatic_ring_present,fg_fused_ring_like_count,fg_fused_ring_like_present,fg_epoxide_count,fg_epoxide_present,fg_halogen_any_count,fg_halogen_any_present,fg_fluoro_count,fg_fluoro_present,fg_chloro_count,fg_chloro_present,fg_bromo_count,fg_bromo_present,fg_iodo_count,fg_iodo_present,fg_sulfide_count,fg_sulfide_present,fg_sulfoxide_count,fg_sulfoxide_present,fg_sulfone_count,fg_sulfone_present,fg_sulfonamide_count,fg_sulfonamide_present,fg_sulfonic_acid_or_sulfonate_count,fg_sulfonic_acid_or_sulfonate_present,fg_thiol_count,fg_thiol_present,fg_thioester_count,fg_thioester_present,fg_phosphate_like_count,fg_phosphate_like_present,fg_phosphonate_like_count,fg_phosphonate_like_present,fg_organophosphate_like_count,fg_organophosphate_like_present,fg_isocyanate_count,fg_isocyanate_present,fg_isothiocyanate_count,fg_isothiocyanate_present,fg_diazo_like_count,fg_diazo_like_present,fg_metal_atom_count,fg_metal_atom_present,fg_heavy_metal_atom_count,fg_heavy_metal_atom_present,fg_metal_halide_like_count,fg_metal_halide_like_present,fg_organometal_like_count,fg_organometal_like_present,fg_BB_SA1_acyl_halides_count,fg_BB_SA1_acyl_halides_present,fg_BB_SA2_primary_aromatic_amine_count,fg_BB_SA2_primary_aromatic_amine_present,fg_BB_SA2b_hydroxylamine_aromatic_count,fg_BB_SA2b_hydroxylamine_aromatic_present,fg_BB_SA2c_aromatic_amine_general_count,fg_BB_SA2c_aromatic_amine_general_present,fg_BB_SA3_aromatic_nitroso_count,fg_BB_SA3_aromatic_nitroso_present,fg_BB_SA4_aromatic_ring_Noxide_count,fg_BB_SA4_aromatic_ring_Noxide_present,fg_BB_SA5_nitro_aromatic_count,fg_BB_SA5_nitro_aromatic_present,fg_BB_SA6_aromatic_monoalkylamine_count,fg_BB_SA6_aromatic_monoalkylamine_present,fg_BB_SA6b_aromatic_dialkylamine_count,fg_BB_SA6b_aromatic_dialkylamine_present,fg_BB_SA7_aromatic_Nacylamine_count,fg_BB_SA7_aromatic_Nacylamine_present,fg_BB_SA8_aromatic_diazo_count,fg_BB_SA8_aromatic_diazo_present,fg_BB_SA9_aliphatic_Nnitro_count,fg_BB_SA9_aliphatic_Nnitro_present,fg_BB_SA10_N_nitroso_count,fg_BB_SA10_N_nitroso_present,fg_BB_SA11_aliphatic_azo_count,fg_BB_SA11_aliphatic_azo_present,fg_BB_SA11b_aliphatic_azoxy_count,fg_BB_SA11b_aliphatic_azoxy_present,fg_BB_SA12_hydrazine_count,fg_BB_SA12_hydrazine_present,fg_BB_SA12b_hydrazine_general_count,fg_BB_SA12b_hydrazine_general_present,fg_BB_SA13_aliphatic_halogen_count,fg_BB_SA13_aliphatic_halogen_present,fg_BB_SA14_S_mustard_count,fg_BB_SA14_S_mustard_present,fg_BB_SA14b_N_mustard_count,fg_BB_SA14b_N_mustard_present,fg_BB_SA14c_half_mustard_count,fg_BB_SA14c_half_mustard_present,fg_BB_SA15_alkyl_nitrite_count,fg_BB_SA15_alkyl_nitrite_present,fg_BB_SA16_epoxide_count,fg_BB_SA16_epoxide_present,fg_BB_SA16b_aziridine_count,fg_BB_SA16b_aziridine_present,fg_BB_SA17_propiolactone_count,fg_BB_SA17_propiolactone_present,fg_BB_SA17b_propiosultone_count,fg_BB_SA17b_propiosultone_present,fg_BB_SA18_sulphonate_ester_count,fg_BB_SA18_sulphonate_ester_present,fg_BB_SA18b_phosphonate_ester_count,fg_BB_SA18b_phosphonate_ester_present,fg_BB_SA19_alkyl_carbamate_count,fg_BB_SA19_alkyl_carbamate_present,fg_BB_SA19b_alkyl_thiocarbamate_count,fg_BB_SA19b_alkyl_thiocarbamate_present,fg_BB_SA19c_thiocarbamate2_count,fg_BB_SA19c_thiocarbamate2_present,fg_BB_SA20_ab_unsat_carbonyl_count,fg_BB_SA20_ab_unsat_carbonyl_present,fg_BB_SA21_ab_unsat_alkoxy_count,fg_BB_SA21_ab_unsat_alkoxy_present,fg_BB_SA22_simple_aldehyde_count,fg_BB_SA22_simple_aldehyde_present,fg_BB_SA23_monohaloalkene_count,fg_BB_SA23_monohaloalkene_present,fg_BB_SA24_quinone_para_count,fg_BB_SA24_quinone_para_present,fg_BB_SA24b_quinone_ortho_count,fg_BB_SA24b_quinone_ortho_present,fg_BB_SA25_N_methylol_count,fg_BB_SA25_N_methylol_present,fg_BB_SA26_isocyanate_count,fg_BB_SA26_isocyanate_present,fg_BB_SA26b_isothiocyanate_count,fg_BB_SA26b_isothiocyanate_present,fg_BB_SA27_azide_count,fg_BB_SA27_azide_present,fg_BB_SA27b_triazene_count,fg_BB_SA27b_triazene_present,fg_BB_SA28_alkenylbenzene_count,fg_BB_SA28_alkenylbenzene_present,fg_BB_SA29_coumarin_count,fg_BB_SA29_coumarin_present,fg_BB_SA29b_furocoumarin_count,fg_BB_SA29b_furocoumarin_present,fg_BB_SA30_heterocyclic_PAH_count,fg_BB_SA30_heterocyclic_PAH_present,fg_BB_SA31_PAH_3fused_count,fg_BB_SA31_PAH_3fused_present,fg_BB_SA32_pyrrolizidine_count,fg_BB_SA32_pyrrolizidine_present,fg_BB_SA33_polyhalocycloalkane_count,fg_BB_SA33_polyhalocycloalkane_present,fg_BB_SA34_halobenzene_count,fg_BB_SA34_halobenzene_present,fg_BB_SA35_halo_PAH_count,fg_BB_SA35_halo_PAH_present,fg_BB_SA35b_halo_biphenyl_count,fg_BB_SA35b_halo_biphenyl_present,fg_BB_SA36_halo_dibenzodioxin_count,fg_BB_SA36_halo_dibenzodioxin_present,fg_BB_SA37_benzodioxole_count,fg_BB_SA37_benzodioxole_present,fg_BB_SA38_benzenesulfonate_ester_count,fg_BB_SA38_benzenesulfonate_ester_present,fg_BB_SA39_thiocarbonyl_count,fg_BB_SA39_thiocarbonyl_present,fg_BB_SA40_alkyl_halides_nongx_count,fg_BB_SA40_alkyl_halides_nongx_present,fg_BB_SA41_trichloroethylene_count,fg_BB_SA41_trichloroethylene_present,fg_BB_SA41b_tetrachloroethylene_count,fg_BB_SA41b_tetrachloroethylene_present,fg_BB_SA42_o_phenylphenol_count,fg_BB_SA42_o_phenylphenol_present,fg_BB_SA43_pentachlorophenol_count,fg_BB_SA43_pentachlorophenol_present,fg_BB_SA44_phthalate_diester_count,fg_BB_SA44_phthalate_diester_present,fg_BB_SA44b_phthalate_monoester_count,fg_BB_SA44b_phthalate_monoester_present,fg_BB_SA45_imidazole_count,fg_BB_SA45_imidazole_present,fg_BB_SA45b_benzimidazole_count,fg_BB_SA45b_benzimidazole_present,fg_BB_SA46_phenoxy_herbicide_count,fg_BB_SA46_phenoxy_herbicide_present,fg_BB_SA47_n_alkylcarboxylic_acid_count,fg_BB_SA47_n_alkylcarboxylic_acid_present,fg_BB_SA48_phenoxyacetic_acid_count,fg_BB_SA48_phenoxyacetic_acid_present,fg_BB_SA49_quercetin_flavonoid_count,fg_BB_SA49_quercetin_flavonoid_present,fg_BB_SA50_PFOA_count,fg_BB_SA50_PFOA_present,fg_BB_SA51_steroid_estrogen_count,fg_BB_SA51_steroid_estrogen_present,fg_BB_SA52_dicarboximide_count,fg_BB_SA52_dicarboximide_present,fg_BB_SA52b_dicarboximide_ring_count,fg_BB_SA52b_dicarboximide_ring_present,fg_BB_SA54_dimethylpyridine_count,fg_BB_SA54_dimethylpyridine_present,fg_BB_SA55_indole3carbinol_count,fg_BB_SA55_indole3carbinol_present,bb_any_alert,bb_n_alerts,bb_any_genotox_alert,bb_n_genotox_alerts,bb_any_nongenotox_alert,bb_n_nongenotox_alerts,rule_BB_SA2_primary_aromatic_amine_count_ge1,rule_BB_SA2_primary_aromatic_amine_count_ge2,rule_aniline_count_ge1,rule_epoxide_count_ge1,rule_BB_SA20_ab_unsat_carbonyl_count_ge1,rule_BB_SA47_n_alkylcarboxylic_acid_count_ge1,rule_ester_count_eq1,rule_alcohol_count_ge2,scaffold_group,scaffold_group_type,scaffold_split_80_20,fp_morgan2_000,fp_morgan2_001,fp_morgan2_002,fp_morgan2_003,fp_morgan2_004,fp_morgan2_005,fp_morgan2_006,fp_morgan2_007,fp_morgan2_008,fp_morgan2_009,fp_morgan2_010,fp_morgan2_011,fp_morgan2_012,fp_morgan2_013,fp_morgan2_014,fp_morgan2_015,fp_morgan2_016,fp_morgan2_017,fp_morgan2_018,fp_morgan2_019,fp_morgan2_020,fp_morgan2_021,fp_morgan2_022,fp_morgan2_023,fp_morgan2_024,fp_morgan2_025,fp_morgan2_026,fp_morgan2_027,fp_morgan2_028,fp_morgan2_029,fp_morgan2_030,fp_morgan2_031,fp_morgan2_032,fp_morgan2_033,fp_morgan2_034,fp_morgan2_035,fp_morgan2_036,fp_morgan2_037,fp_morgan2_038,fp_morgan2_039,fp_morgan2_040,fp_morgan2_041,fp_morgan2_042,fp_morgan2_043,fp_morgan2_044,fp_morgan2_045,fp_morgan2_046,fp_morgan2_047,fp_morgan2_048,fp_morgan2_049,fp_morgan2_050,fp_morgan2_051,fp_morgan2_052,fp_morgan2_053,fp_morgan2_054,fp_morgan2_055,fp_morgan2_056,fp_morgan2_057,fp_morgan2_058,fp_morgan2_059,fp_morgan2_060,fp_morgan2_061,fp_morgan2_062,fp_morgan2_063,fp_morgan2_064,fp_morgan2_065,fp_morgan2_066,fp_morgan2_067,fp_morgan2_068,fp_morgan2_069,fp_morgan2_070,fp_morgan2_071,fp_morgan2_072,fp_morgan2_073,fp_morgan2_074,fp_morgan2_075,fp_morgan2_076,fp_morgan2_077,fp_morgan2_078,fp_morgan2_079,fp_morgan2_080,fp_morgan2_081,fp_morgan2_082,fp_morgan2_083,fp_morgan2_084,fp_morgan2_085,fp_morgan2_086,fp_morgan2_087,fp_morgan2_088,fp_morgan2_089,fp_morgan2_090,fp_morgan2_091,fp_morgan2_092,fp_morgan2_093,fp_morgan2_094,fp_morgan2_095,fp_morgan2_096,fp_morgan2_097,fp_morgan2_098,fp_morgan2_099,fp_morgan2_100,fp_morgan2_101,fp_morgan2_102,fp_morgan2_103,fp_morgan2_104,fp_morgan2_105,fp_morgan2_106,fp_morgan2_107,fp_morgan2_108,fp_morgan2_109,fp_morgan2_110,fp_morgan2_111,fp_morgan2_112,fp_morgan2_113,fp_morgan2_114,fp_morgan2_115,fp_morgan2_116,fp_morgan2_117,fp_morgan2_118,fp_morgan2_119,fp_morgan2_120,fp_morgan2_121,fp_morgan2_122,fp_morgan2_123,fp_morgan2_124,fp_morgan2_125,fp_morgan2_126,fp_morgan2_127,fp_morgan2_128,fp_morgan2_129,fp_morgan2_130,fp_morgan2_131,fp_morgan2_132,fp_morgan2_133,fp_morgan2_134,fp_morgan2_135,fp_morgan2_136,fp_morgan2_137,fp_morgan2_138,fp_morgan2_139,fp_morgan2_140,fp_morgan2_141,fp_morgan2_142,fp_morgan2_143,fp_morgan2_144,fp_morgan2_145,fp_morgan2_146,fp_morgan2_147,fp_morgan2_148,fp_morgan2_149,fp_morgan2_150,fp_morgan2_151,fp_morgan2_152,fp_morgan2_153,fp_morgan2_154,fp_morgan2_155,fp_morgan2_156,fp_morgan2_157,fp_morgan2_158,fp_morgan2_159,fp_morgan2_160,fp_morgan2_161,fp_morgan2_162,fp_morgan2_163,fp_morgan2_164,fp_morgan2_165,fp_morgan2_166,fp_morgan2_167,fp_morgan2_168,fp_morgan2_169,fp_morgan2_170,fp_morgan2_171,fp_morgan2_172,fp_morgan2_173,fp_morgan2_174,fp_morgan2_175,fp_morgan2_176,fp_morgan2_177,fp_morgan2_178,fp_morgan2_179,fp_morgan2_180,fp_morgan2_181,fp_morgan2_182,fp_morgan2_183,fp_morgan2_184,fp_morgan2_185,fp_morgan2_186,fp_morgan2_187,fp_morgan2_188,fp_morgan2_189,fp_morgan2_190,fp_morgan2_191,fp_morgan2_192,fp_morgan2_193,fp_morgan2_194,fp_morgan2_195,fp_morgan2_196,fp_morgan2_197,fp_morgan2_198,fp_morgan2_199,fp_morgan2_200,fp_morgan2_201,fp_morgan2_202,fp_morgan2_203,fp_morgan2_204,fp_morgan2_205,fp_morgan2_206,fp_morgan2_207,fp_morgan2_208,fp_morgan2_209,fp_morgan2_210,fp_morgan2_211,fp_morgan2_212,fp_morgan2_213,fp_morgan2_214,fp_morgan2_215,fp_morgan2_216,fp_morgan2_217,fp_morgan2_218,fp_morgan2_219,fp_morgan2_220,fp_morgan2_221,fp_morgan2_222,fp_morgan2_223,fp_morgan2_224,fp_morgan2_225,fp_morgan2_226,fp_morgan2_227,fp_morgan2_228,fp_morgan2_229,fp_morgan2_230,fp_morgan2_231,fp_morgan2_232,fp_morgan2_233,fp_morgan2_234,fp_morgan2_235,fp_morgan2_236,fp_morgan2_237,fp_morgan2_238,fp_morgan2_239,fp_morgan2_240,fp_morgan2_241,fp_morgan2_242,fp_morgan2_243,fp_morgan2_244,fp_morgan2_245,fp_morgan2_246,fp_morgan2_247,fp_morgan2_248,fp_morgan2_249,fp_morgan2_250,fp_morgan2_251,fp_morgan2_252,fp_morgan2_253,fp_morgan2_254,fp_morgan2_255,qm_gasteiger_max_charge,qm_gasteiger_min_charge,qm_gasteiger_mean_charge,qm_gasteiger_charge_range,qm_gasteiger_max_abs_charge,qm_gasteiger_pos_charge_sum,qm_gasteiger_neg_charge_sum,qm_HOMO_proxy,qm_LUMO_proxy,qm_MaxEStateIndex,qm_MinEStateIndex,qm_gap_proxy,qm_chemical_potential_proxy,qm_chemical_hardness_proxy,qm_chemical_softness_proxy,qm_electrophilicity_proxy,qm_EState_VSA1,qm_EState_VSA2,qm_EState_VSA3,qm_EState_VSA4,qm_EState_VSA5,qm_EState_VSA6,qm_EState_VSA7,qm_EState_VSA8,qm_EState_VSA9,qm_EState_VSA10,qm_EState_VSA11,qm_LabuteASA,qm_PEOE_VSA_sum,qm_Chi0,qm_Chi0n,qm_Chi1,qm_Chi1n,qm_Kappa1,qm_Kappa2,qm_Kappa3,qm_NumValenceElectrons,qm_NumRadicalElectrons,qm_MaxPartialCharge,qm_MinPartialCharge,qm_MaxAbsPartialCharge,qm_MinAbsPartialCharge,qm_TPSA,qm_MolLogP,qm_MolMR,expert_positive_alert_score,expert_negative_alert_score
2828,COC=C(C(=O)OC)c1ccccc1CCl,0,2828,COC=C(C(=O)OC)c1ccccc1CCl,2828,COC=C(C(=O)OC)c1ccccc1CCl,COC=C(C(=O)OC)c1ccccc1CCl,COC=C(C(=O)OC)c1ccccc1CCl,COC=C(C(=O)OC)c1ccccc1CCl,2828.0,1.0,0.0,0.0,0.0,0.0,0.0,0.0,c1ccccc1,240.686,2.585700000000001,35.53,0.0,3.0,4.0,1.0,1.0,4.0,0.25,16.0,0.0,0.0,0.0,0.0,0.0,0.0,0.0,0.0,0.0,0.0,0.0,0.0,0.0,0.0,0.0,0.0,0.0,0.0,0.0,0.0,0.0,0.0,0.0,0.0,0.0,0.0,0.0,0.0,0.0,0.0,0.0,0.0,0.0,0.0,2.0,1.0,0.0,0.0,0.0,0.0,0.0,0.0,0.0,0.0,1.0,1.0,0.0,0.0,0.0,0.0,1.0,1.0,0.0,0.0,1.0,1.0,6.0,1.0,0.0,0.0,0.0,0.0,1.0,1.0,0.0,0.0,1.0,1.0,0.0,0.0,0.0,0.0,0.0,0.0,0.0,0.0,0.0,0.0,0.0,0.0,0.0,0.0,0.0,0.0,0.0,0.0,0.0,0.0,0.0,0.0,0.0,0.0,0.0,0.0,0.0,0.0,0.0,0.0,0.0,0.0,0.0,0.0,0.0,0.0,0.0,0.0,0.0,0.0,0.0,0.0,0.0,0.0,0.0,0.0,0.0,0.0,0.0,0.0,0.0,0.0,0.0,0.0,0.0,0.0,0.0,0.0,0.0,0.0,0.0,0.0,0.0,0.0,0.0,0.0,0.0,0.0,0.0,0.0,0.0,0.0,1.0,1.0,0.0,0.0,0.0,0.0,0.0,0.0,0.0,0.0,0.0,0.0,0.0,0.0,0.0,0.0,0.0,0.0,0.0,0.0,0.0,0.0,0.0,0.0,0.0,0.0,0.0,0.0,1.0,1.0,1.0,1.0,0.0,0.0,0.0,0.0,0.0,0.0,0.0,0.0,0.0,0.0,0.0,0.0,0.0,0.0,0.0,0.0,0.0,0.0,1.0,1.0,0.0,0.0,0.0,0.0,0.0,0.0,0.0,0.0,0.0,0.0,0.0,0.0,0.0,0.0,0.0,0.0,0.0,0.0,0.0,0.0,0.0,0.0,0.0,0.0,0.0,0.0,1.0,1.0,0.0,0.0,0.0,0.0,0.0,0.0,0.0,0.0,0.0,0.0,0.0,0.0,0.0,0.0,0.0,0.0,0.0,0.0,0.0,0.0,0.0,0.0,0.0,0.0,0.0,0.0,0.0,0.0,0.0,0.0,0.0,0.0,0.0,0.0,0.0,0.0,1.0,5.0,1.0,4.0,1.0,1.0,0,0,0,0,1,0,1,0,c1ccccc1,murcko,train,0,0,0,0,0,0,0,0,0,0,0,0,0,0,0,0,0,0,0,0,0,0,0,0,0,0,0,0,0,0,0,0,1,1,0,0,0,0,0,1,0,0,0,0,0,0,0,0,0,0,0,0,0,0,1,0,0,0,0,0,0,1,0,0,1,0,0,0,0,1,0,0,0,1,0,0,0,0,0,0,1,1,1,0,1,1,0,0,0,0,0,0,0,0,0,0,0,0,0,0,1,0,0,0,0,0,0,0,0,0,0,0,0,0,0,0,0,0,0,0,0,0,0,0,0,1,0,0,1,0,0,0,0,0,0,0,0,0,1,0,0,0,0,0,0,0,0,1,0,0,0,0,0,0,0,0,0,0,0,0,0,0,0,0,0,0,0,1,0,0,0,0,1,0,0,1,0,0,0,0,0,0,1,1,0,0,0,0,0,0,0,0,0,0,0,0,0,0,0,1,1,0,0,1,0,0,0,0,0,0,0,0,0,0,1,0,0,1,0,0,0,0,0,0,0,0,0,1,1,0,0,0,0,0,0,0,0,0,0,0,0,0,0,0,0,0,0,0,0,0,0,0,0,0,1,1,0.34111773152459535,-0.5034410255177094,-0.05333802722461499,0.8445587570423048,0.5034410255177094,0.7458523593385649,-1.5992607949324045,11.556923658352229,0.32760109599395326,11.556923658352229,-0.44498456790123364,11.229322562358275,5.942262377173091,5.614661281179138,0.08905256701344498,3.1444890787562545,5.969305287951849,0.0,11.453107975039607,11.126902983393991,20.481675530975856,6.06636706846161,18.19910120538483,4.736862953800049,16.337802844032566,4.794537184071822,0.0,99.62333155963155,99.1656630331122,11.966255326250886,9.196567471535495,7.739912065068584,4.697287168077243,12.588870523415977,6.1787892838983245,2.763556546708217,86.0,0.0,0.34111773152459535,-0.5034410255177094,0.5034410255177094,0.34111773152459535,35.53,2.585700000000001,63.00100000000003,1.5,1.3
7934,CC(C)CCCCCCCOC(=O)C(C)(C)C,0,7934,CC(C)CCCCCCCOC(=O)C(C)(C)C,7934,CC(C)CCCCCCCOC(=O)C(C)(C)C,CC(C)CCCCCCCOC(=O)C(C)(C)C,CC(C)CCCCCCCOC(=O)C(C)(C)C,CC(C)CCCCCCCOC(=O)C(C)(C)C,7934.0,1.0,0.0,0.0,0.0,0.0,0.0,0.0,,242.403,4.572300000000005,26.3,0.0,2.0,8.0,0.0,0.0,2.0,0.9333333333333332,17.0,0.0,0.0,0.0,0.0,0.0,0.0,0.0,0.0,0.0,0.0,0.0,0.0,0.0,0.0,0.0,0.0,0.0,0.0,0.0,0.0,0.0,0.0,0.0,0.0,0.0,0.0,0.0,0.0,0.0,0.0,0.0,0.0,0.0,0.0,1.0,1.0,0.0,0.0,0.0,0.0,0.0,0.0,0.0,0.0,1.0,1.0,0.0,0.0,0.0,0.0,0.0,0.0,0.0,0.0,0.0,0.0,0.0,0.0,0.0,0.0,0.0,0.0,0.0,0.0,0.0,0.0,0.0,0.0,0.0,0.0,0.0,0.0,0.0,0.0,0.0,0.0,0.0,0.0,0.0,0.0,0.0,0.0,0.0,0.0,0.0,0.0,0.0,0.0,0.0,0.0,0.0,0.0,0.0,0.0,0.0,0.0,0.0,0.0,0.0,0.0,0.0,0.0,0.0,0.0,0.0,0.0,0.0,0.0,0.0,0.0,0.0,0.0,0.0,0.0,0.0,0.0,0.0,0.0,0.0,0.0,0.0,0.0,0.0,0.0,0.0,0.0,0.0,0.0,0.0,0.0,0.0,0.0,0.0,0.0,0.0,0.0,0.0,0.0,0.0,0.0,0.0,0.0,0.0,0.0,0.0,0.0,0.0,0.0,0.0,0.0,0.0,0.0,0.0,0.0,0.0,0.0,0.0,0.0,0.0,0.0,0.0,0.0,0.0,0.0,0.0,0.0,0.0,0.0,0.0,0.0,0.0,0.0,0.0,0.0,0.0,0.0,0.0,0.0,0.0,0.0,0.0,0.0,0.0,0.0,0.0,0.0,0.0,0.0,0.0,0.0,0.0,0.0,0.0,0.0,0.0,0.0,0.0,0.0,0.0,0.0,0.0,0.0,0.0,0.0,0.0,0.0,0.0,0.0,0.0,0.0,0.0,0.0,0.0,0.0,0.0,0.0,0.0,0.0,0.0,0.0,0.0,0.0,0.0,0.0,0.0,0.0,0.0,0.0,0.0,0.0,0.0,0.0,0.0,0.0,0.0,0.0,0.0,0.0,0.0,0.0,0.0,0.0,0.0,0.0,0.0,0.0,0.0,0.0,0.0,0.0,0.0,0.0,0.0,0.0,0.0,0.0,0.0,0.0,0.0,0.0,0.0,0.0,0,0,0,0,0,0,1,0,ACY_**(*)*********(*)*(*)(*)*,acyclic_anonymous_graph,train,0,1,0,1,0,0,0,0,0,0,0,0,0,1,1,0,0,0,0,0,0,0,0,0,0,0,0,1,0,0,0,0,0,1,0,0,0,0,0,1,0,0,0,0,0,0,0,0,0,0,0,0,0,0,0,1,0,0,0,0,0,0,0,0,0,0,0,0,1,0,1,0,0,0,0,0,0,0,0,0,1,0,0,0,0,0,0,0,0,0,0,0,0,0,0,0,0,0,0,0,0,0,0,0,0,0,0,0,0,0,0,0,0,0,1,0,0,0,0,1,0,0,0,0,0,1,0,0,0,0,0,0,0,0,0,0,1,0,1,0,0,0,0,0,0,0,0,1,0,0,1,0,0,0,0,0,0,0,0,0,0,0,0,0,0,0,0,0,0,0,0,0,1,0,0,0,0,0,0,0,0,0,0,1,0,0,0,0,0,0,0,0,0,0,0,0,1,0,1,0,0,0,0,0,0,0,0,0,0,0,0,0,0,0,0,0,0,0,0,0,0,0,0,0,0,1,0,1,0,0,0,0,0,0,0,0,0,0,0,0,0,0,0,0,0,0,0,0,0,0,0,0,0,0,1,0,0.3107167919586786,-0.46528992540829844,-0.05035257482806851,0.776006717366977,0.46528992540829844,0.4616287101897506,-1.3176224822669151,11.452498921783283,0.08582613112329884,11.452498921783283,-0.36382508247023937,11.366672790659983,5.769162526453291,5.683336395329992,0.0879764921905469,2.928142374607794,0.0,11.384295757348628,6.606881964512918,12.338727669087403,32.10410811463005,0.0,20.771211599071872,13.847474399381248,4.736862953800049,4.794537184071822,0.0,107.12350795893273,106.58409964190399,13.311554787871634,12.343594318423186,7.837222523091416,7.009872253901791,16.469999999999995,8.544673506367637,10.347568422135296,102.0,0.0,0.3107167919586786,-0.46528992540829844,0.46528992540829844,0.3107167919586786,26.3,4.572300000000005,72.95400000000006,0.0,2.3733333333333335
3706,CC(C)CP(=S)(S)CC(C)C,0,3706,CC(C)CP(=S)(S)CC(C)C,3706,CC(C)CP(=S)(S)CC(C)C,CC(C)CP(=S)(S)CC(C)C,CC(C)CP(=S)(S)CC(C)C,CC(C)CP(=S)(S)CC(C)C,3706.0,1.0,0.0,0.0,0.0,0.0,0.0,0.0,,210.348,3.6227000000000023,0.0,1.0,1.0,4.0,0.0,0.0,3.0,1.0,11.0,0.0,0.0,0.0,0.0,0.0,0.0,0.0,0.0,0.0,0.0,0.0,0.0,0.0,0.0,0.0,0.0,0.0,0.0,0.0,0.0,0.0,0.0,0.0,0.0,0.0,0.0,0.0,0.0,0.0,0.0,0.0,0.0,0.0,0.0,0.0,0.0,0.0,0.0,0.0,0.0,0.0,0.0,0.0,0.0,0.0,0.0,0.0,0.0,0.0,0.0,0.0,0.0,0.0,0.0,0.0,0.0,0.0,0.0,0.0,0.0,0.0,0.0,0.0,0.0,0.0,0.0,0.0,0.0,0.0,0.0,0.0,0.0,0.0,0.0,0.0,0.0,0.0,0.0,0.0,0.0,0.0,0.0,1.0,1.0,0.0,0.0,0.0,0.0,0.0,0.0,0.0,0.0,0.0,0.0,0.0,0.0,0.0,0.0,0.0,0.0,0.0,0.0,0.0,0.0,0.0,0.0,0.0,0.0,0.0,0.0,0.0,0.0,0.0,0.0,0.0,0.0,0.0,0.0,0.0,0.0,0.0,0.0,0.0,0.0,0.0,0.0,0.0,0.0,0.0,0.0,0.0,0.0,0.0,0.0,0.0,0.0,0.0,0.0,0.0,0.0,0.0,0.0,0.0,0.0,0.0,0.0,0.0,0.0,0.0,0.0,0.0,0.0,0.0,0.0,0.0,0.0,0.0,0.0,0.0,0.0,0.0,0.0,0.0,0.0,0.0,0.0,0.0,0.0,0.0,0.0,0.0,0.0,0.0,0.0,0.0,0.0,0.0,0.0,0.0,0.0,0.0,0.0,0.0,0.0,0.0,0.0,0.0,0.0,0.0,0.0,0.0,0.0,0.0,0.0,0.0,0.0,0.0,0.0,0.0,0.0,0.0,0.0,0.0,0.0,0.0,0.0,0.0,0.0,0.0,0.0,0.0,0.0,0.0,0.0,0.0,0.0,0.0,0.0,0.0,0.0,0.0,0.0,0.0,0.0,0.0,0.0,0.0,0.0,0.0,0.0,0.0,0.0,0.0,0.0,0.0,0.0,0.0,0.0,0.0,0.0,0.0,0.0,0.0,0.0,0.0,0.0,0.0,0.0,0.0,0.0,0.0,0.0,0.0,0.0,0.0,0.0,0.0,0.0,0.0,0.0,0.0,0.0,0,0,0,0,0,0,0,0,ACY_**(*)**(*)(*)**(*)*,acyclic_anonymous_graph,train,0,1,0,0,0,0,0,0,0,0,0,0,0,0,1,0,0,0,0,0,0,0,0,0,0,0,0,1,0,0,0,0,0,1,0,1,0,0,0,0,0,0,0,0,0,0,0,0,0,0,0,0,0,0,0,1,0,0,0,0,0,0,0,0,0,0,0,0,0,0,0,0,0,0,0,0,0,0,0,0,1,0,0,0,0,0,0,0,0,0,0,0,0,0,0,0,0,1,0,0,0,0,0,0,0,0,0,0,0,0,0,0,0,0,0,0,0,0,0,0,0,0,0,0,0,0,0,0,0,0,0,0,0,0,0,0,0,0,0,0,0,0,0,0,0,1,0,0,0,0,0,1,0,0,0,0,0,0,0,0,0,0,0,0,0,0,0,0,0,0,0,0,0,0,0,0,0,0,0,0,0,0,0,0,0,0,0,0,0,0,0,0,1,1,0,0,0,0,0,0,0,0,0,0,0,0,0,0,0,0,0,1,1,0,0,0,0,0,0,0,0,0,0,0,0,0,0,0,0,1,0,0,0,0,0,0,0,0,0,0,0,0,0,0,0,0,0,0,0,0,0,0,0,0,0,0,0.003928428690386042,-0.1409309950955117,-0.05288649734805342,0.14485942378589775,0.1409309950955117,0.003928428690386042,-0.5856798995189736,5.471141975308641,0.7056327160493825,5.471141975308641,-1.2770061728395061,4.765509259259259,3.0883873456790116,2.3827546296296296,0.20984116189828533,2.0014936238803656,5.239668008089482,0.0,11.835812092322787,12.323820054935842,0.0,0.0,0.0,39.943577793497525,11.806856088638648,0.0,0.0,81.31741444395729,81.14973403748428,9.068914100752346,7.871589582216126,4.833004438872777,4.140927375554961,12.0,4.888888888888889,7.363636363636363,68.0,0.0,0.003928428690386042,-0.1409309950955117,0.1409309950955117,0.003928428690386042,0.0,3.6227000000000027,62.68100000000005,0.0,1.2000000000000002
8212,CCCCCCCCCCCC(=O)OCCC(C)C,0,8212,CCCCCCCCCCCC(=O)OCCC(C)C,8212,CCCCCCCCCCCC(=O)OCCC(C)C,CCCCCCCCCCCC(=O)OCCC(C)C,CCCCCCCCCCCC(=O)OCCC(C)C,CCCCCCCCCCCC(=O)OCCC(C)C,8212.0,1.0,0.0,0.0,0.0,0.0,0.0,0.0,,270.45699999999994,5.496600000000005,26.3,0.0,2.0,13.0,0.0,0.0,2.0,0.9411764705882352,19.0,0.0,0.0,0.0,0.0,0.0,0.0,0.0,0.0,0.0,0.0,0.0,0.0,0.0,0.0,0.0,0.0,0.0,0.0,0.0,0.0,0.0,0.0,0.0,0.0,0.0,0.0,0.0,0.0,0.0,0.0,0.0,0.0,0.0,0.0,1.0,1.0,0.0,0.0,0.0,0.0,0.0,0.0,0.0,0.0,1.0,1.0,0.0,0.0,0.0,0.0,0.0,0.0,0.0,0.0,0.0,0.0,0.0,0.0,0.0,0.0,0.0,0.0,0.0,0.0,0.0,0.0,0.0,0.0,0.0,0.0,0.0,0.0,0.0,0.0,0.0,0.0,0.0,0.0,0.0,0.0,0.0,0.0,0.0,0.0,0.0,0.0,0.0,0.0,0.0,0.0,0.0,0.0,0.0,0.0,0.0,0.0,0.0,0.0,0.0,0.0,0.0,0.0,0.0,0.0,0.0,0.0,0.0,0.0,0.0,0.0,0.0,0.0,0.0,0.0,0.0,0.0,0.0,0.0,0.0,0.0,0.0,0.0,0.0,0.0,0.0,0.0,0.0,0.0,0.0,0.0,0.0,0.0,0.0,0.0,0.0,0.0,0.0,0.0,0.0,0.0,0.0,0.0,0.0,0.0,0.0,0.0,0.0,0.0,0.0,0.0,0.0,0.0,0.0,0.0,0.0,0.0,0.0,0.0,0.0,0.0,0.0,0.0,0.0,0.0,0.0,0.0,0.0,0.0,0.0,0.0,0.0,0.0,0.0,0.0,0.0,0.0,0.0,0.0,0.0,0.0,0.0,0.0,0.0,0.0,0.0,0.0,0.0,0.0,0.0,0.0,0.0,0.0,0.0,0.0,0.0,0.0,0.0,0.0,0.0,0.0,0.0,0.0,0.0,0.0,0.0,0.0,0.0,0.0,0.0,0.0,0.0,0.0,0.0,0.0,0.0,0.0,0.0,0.0,0.0,0.0,0.0,0.0,0.0,0.0,0.0,0.0,0.0,0.0,0.0,0.0,0.0,0.0,0.0,0.0,0.0,0.0,0.0,0.0,1.0,1.0,0.0,0.0,0.0,0.0,0.0,0.0,0.0,0.0,0.0,0.0,0.0,0.0,0.0,0.0,0.0,0.0,1.0,1.0,0.0,0.0,1.0,1.0,0,0,0,0,0,1,1,0,ACY_************(*)****(*)*,acyclic_anonymous_graph,train,0,1,0,0,0,0,0,0,0,0,1,0,0,1,0,0,0,0,0,0,0,0,0,0,0,0,1,1,1,0,0,0,0,1,0,0,0,0,1,1,0,0,0,0,0,0,0,0,0,0,0,0,0,0,0,1,0,0,0,0,0,0,0,0,0,0,0,0,1,0,0,0,0,0,0,0,0,0,0,1,1,0,0,0,0,0,0,0,0,0,0,0,0,0,0,0,0,0,0,0,0,0,0,0,0,0,1,0,0,0,0,0,0,0,0,0,0,0,0,1,0,0,0,0,0,1,0,0,0,0,0,0,0,0,0,0,0,0,1,0,0,0,0,0,0,0,0,1,0,0,0,0,0,0,0,0,0,0,0,0,0,0,0,0,1,1,0,0,0,1,0,0,0,0,0,0,0,0,0,0,0,0,0,1,0,0,0,0,0,0,0,0,0,0,0,0,0,0,0,0,0,0,0,0,0,0,0,0,1,0,0,0,0,0,0,0,0,0,0,0,0,0,0,0,0,0,0,1,0,0,0,0,0,0,0,0,0,0,0,0,0,0,0,1,0,0,0,0,0,0,0,0,0,0,0,0,0.3052776847852512,-0.4656642491471405,-0.05254478462522949,0.7709419339323917,0.4656642491471405,0.44229354668346,-1.4406444545628203,11.409418572414221,0.010559449152071299,11.409418572414221,-0.010559449152071299,11.39885912326215,5.709989010783146,5.699429561631075,0.08772807780028233,2.860284011820791,0.0,5.969305287951849,18.94560963360032,12.841643245852019,51.36657298340809,0.0,0.0,20.771211599071872,4.736862953800049,4.794537184071822,0.0,119.85339218772594,119.42574288775602,14.347088693804373,13.379128224355926,9.163902460147016,8.320532425681613,18.470000000000002,13.891409452809675,15.412970033646573,114.0,0.0,0.3052776847852512,-0.4656642491471405,0.4656642491471405,0.3052776847852512,26.3,5.496600000000005,82.25800000000007,0.0,4.276470588235294
7962,COc1ccc(S(=O)(=O)CCOS(=O)(=O)O)cc1N=Nc1c(S(=O)(=O)O)cc2c(N=Nc3ccc(S(=O)(=O)CCOS(=O)(=O)O)cc3S(=O)(=O)O)c(NCS(=O)(=O)O)ccc2c1O,1,7962,COc1ccc(S(=O)(=O)CCOS(=O)(=O)O)cc1N=Nc1c(S(=O)(=O)O)cc2c(N=Nc3ccc(S(=O)(=O)CCOS(=O)(=O)O)cc3S(=O)(=O)O)c(NCS(=O)(=O)O)ccc2c1O,7962,COc1ccc(S(=O)(=O)CCOS(=O)(=O)O)cc1N=Nc1c(S(=O)(=O)O)cc2c(N=Nc3ccc(S(=O)(=O)CCOS(=O)(=O)O)cc3S(=O)(=O)O)c(NCS(=O)(=O)O)ccc2c1O,COc1ccc(S(=O)(=O)CCOS(=O)(=O)O)cc1N=Nc1c(S(=O)(=O)O)cc2c(N=Nc3ccc(S(=O)(=O)CCOS(=O)(=O)O)cc3S(=O)(=O)O)c(NCS(=O)(=O)O)ccc2c1O,COc1ccc(S(=O)(=O)CCOS(=O)(=O)O)cc1N=Nc1c(S(=O)(=O)O)cc2c(N=Nc3ccc(S(=O)(=O)CCOS(=O)(=O)O)cc3S(=O)(=O)O)c(NCS(=O)(=O)O)ccc2c1O,COc1ccc(S(=O)(=O)CCOS(=O)(=O)O)cc1N=Nc1c(S(=O)(=O)O)cc2c(N=Nc3ccc(S(=O)(=O)CCOS(=O)(=O)O)cc3S(=O)(=O)O)c(NCS(=O)(=O)O)ccc2c1O,7962.0,1.0,0.0,0.0,0.0,0.0,0.0,0.0,c1ccc(N=Nc2ccc3c(N=Nc4ccccc4)cccc3c2)cc1,1028.0210000000002,2.321600000000001,449.52,7.0,23.0,20.0,4.0,4.0,35.0,0.2142857142857142,63.0,0.0,0.0,0.0,0.0,0.0,0.0,0.0,0.0,0.0,0.0,0.0,0.0,0.0,0.0,0.0,0.0,1.0,1.0,0.0,0.0,0.0,0.0,2.0,1.0,0.0,0.0,0.0,0.0,0.0,0.0,0.0,0.0,1.0,1.0,1.0,1.0,0.0,0.0,0.0,0.0,0.0,0.0,0.0,0.0,0.0,0.0,0.0,0.0,0.0,0.0,0.0,0.0,0.0,0.0,4.0,1.0,34.0,1.0,2.0,1.0,0.0,0.0,0.0,0.0,0.0,0.0,0.0,0.0,0.0,0.0,0.0,0.0,0.0,0.0,0.0,0.0,7.0,1.0,0.0,0.0,5.0,1.0,0.0,0.0,0.0,0.0,0.0,0.0,0.0,0.0,0.0,0.0,0.0,0.0,0.0,0.0,0.0,0.0,0.0,0.0,0.0,0.0,0.0,0.0,0.0,0.0,0.0,0.0,0.0,0.0,0.0,0.0,1.0,1.0,0.0,0.0,0.0,0.0,0.0,0.0,1.0,1.0,0.0,0.0,0.0,0.0,4.0,1.0,0.0,0.0,0.0,0.0,0.0,0.0,0.0,0.0,0.0,0.0,0.0,0.0,0.0,0.0,0.0,0.0,0.0,0.0,0.0,0.0,0.0,0.0,0.0,0.0,0.0,0.0,0.0,0.0,0.0,0.0,2.0,1.0,0.0,0.0,0.0,0.0,0.0,0.0,0.0,0.0,0.0,0.0,0.0,0.0,0.0,0.0,0.0,0.0,0.0,0.0,0.0,0.0,0.0,0.0,0.0,0.0,0.0,0.0,0.0,0.0,0.0,0.0,0.0,0.0,0.0,0.0,0.0,0.0,0.0,0.0,0.0,0.0,0.0,0.0,0.0,0.0,0.0,0.0,0.0,0.0,0.0,0.0,0.0,0.0,0.0,0.0,0.0,0.0,0.0,0.0,0.0,0.0,0.0,0.0,0.0,0.0,0.0,0.0,0.0,0.0,0.0,0.0,0.0,0.0,0.0,0.0,0.0,0.0,0.0,0.0,0.0,0.0,0.0,0.0,0.0,0.0,0.0,0.0,0.0,0.0,0.0,0.0,0.0,0.0,0.0,0.0,0.0,0.0,1.0,4.0,1.0,4.0,0.0,0.0,0,0,1,0,0,0,0,0,c1ccc(N=Nc2ccc3c(N=Nc4ccccc4)cccc3c2)cc1,murcko,train,1,0,0,1,0,0,0,0,0,0,0,0,0,1,0,0,1,1,1,0,0,0,0,0,0,0,0,0,0,0,0,0,0,1,0,0,0,0,0,1,0,0,0,0,0,0,1,0,0,0,0,0,0,0,0,0,0,0,0,0,1,1,0,1,1,0,1,0,1,0,0,1,1,1,0,0,0,1,0,0,1,1,0,0,0,0,0,0,0,0,0,1,0,0,1,0,0,0,0,0,1,0,0,0,0,0,1,1,0,0,0,0,0,0,1,0,0,0,0,0,0,0,0,0,0,1,1,0,1,1,0,0,0,0,0,0,1,0,1,0,0,0,0,0,0,0,0,0,0,0,1,0,1,0,0,0,0,0,0,0,0,0,0,1,0,0,0,0,1,0,0,1,1,0,0,0,0,0,1,0,0,0,0,1,0,0,0,0,0,0,0,0,0,0,0,0,1,1,1,0,1,0,1,1,0,0,0,0,0,0,1,0,1,1,1,1,0,1,0,0,0,0,0,0,0,1,0,0,0,0,0,0,0,0,0,0,0,1,0,0,0,0,0,0,1,0,0,0,0,1,0,0,0,0,0,0,0.39688136696111126,-0.5049123108603273,-0.04716231091523836,0.9017936778214386,0.5049123108603273,3.870340607417457,-6.841566195077474,12.834135236841979,0.20936907314061215,12.834135236841979,-5.491659867248191,12.624766163701366,6.521752154991296,6.312383081850683,0.07920938788357067,3.3690327899636583,165.96397308319007,5.749511833283905,24.26546827384644,37.441632883585584,0.0,0.0,0.0,34.13995997182334,13.842362701180775,77.68935590621435,0.0,356.807180628935,359.0922646531244,47.56190268556916,31.001781254771657,28.722060436737987,16.03747127992045,50.75170399563564,18.6795386666939,13.800164938211633,346.0,0.0,0.39688136696111126,-0.5049123108603273,0.5049123108603273,0.39688136696111126,449.52,2.3216000000000014,212.17509999999982,1.5,4.085714285714285
9411,O=S(=O)(O)OO,1,9411,O=S(=O)(O)OO,9411,O=S(=O)(O)OO,O=S(=O)(O)OO,O=S(=O)(O)OO,O=S(=O)(O)OO,9411.0,1.0,0.0,0.0,0.0,0.0,0.0,0.0,,114.07799999999996,-0.7211999999999996,83.83000000000001,2.0,4.0,1.0,0.0,0.0,6.0,0.0,6.0,0.0,0.0,0.0,0.0,0.0,0.0,0.0,0.0,0.0,0.0,0.0,0.0,0.0,0.0,0.0,0.0,0.0,0.0,0.0,0.0,0.0,0.0,0.0,0.0,0.0,0.0,0.0,0.0,0.0,0.0,0.0,0.0,0.0,0.0,0.0,0.0,0.0,0.0,0.0,0.0,0.0,0.0,0.0,0.0,0.0,0.0,0.0,0.0,0.0,0.0,0.0,0.0,0.0,0.0,0.0,0.0,0.0,0.0,0.0,0.0,0.0,0.0,0.0,0.0,0.0,0.0,0.0,0.0,0.0,0.0,0.0,0.0,0.0,0.0,0.0,0.0,0.0,0.0,0.0,0.0,1.0,1.0,0.0,0.0,0.0,0.0,0.0,0.0,0.0,0.0,0.0,0.0,0.0,0.0,0.0,0.0,0.0,0.0,0.0,0.0,0.0,0.0,0.0,0.0,0.0,0.0,0.0,0.0,0.0,0.0,0.0,0.0,0.0,0.0,0.0,0.0,0.0,0.0,0.0,0.0,0.0,0.0,0.0,0.0,0.0,0.0,0.0,0.0,0.0,0.0,0.0,0.0,0.0,0.0,0.0,0.0,0.0,0.0,0.0,0.0,0.0,0.0,0.0,0.0,0.0,0.0,0.0,0.0,0.0,0.0,0.0,0.0,0.0,0.0,0.0,0.0,0.0,0.0,0.0,0.0,0.0,0.0,0.0,0.0,0.0,0.0,0.0,0.0,0.0,0.0,0.0,0.0,0.0,0.0,0.0,0.0,0.0,0.0,0.0,0.0,0.0,0.0,0.0,0.0,0.0,0.0,0.0,0.0,0.0,0.0,0.0,0.0,0.0,0.0,0.0,0.0,0.0,0.0,0.0,0.0,0.0,0.0,0.0,0.0,0.0,0.0,0.0,0.0,0.0,0.0,0.0,0.0,0.0,0.0,0.0,0.0,0.0,0.0,0.0,0.0,0.0,0.0,0.0,0.0,0.0,0.0,0.0,0.0,0.0,0.0,0.0,0.0,0.0,0.0,0.0,0.0,0.0,0.0,0.0,0.0,0.0,0.0,0.0,0.0,0.0,0.0,0.0,0.0,0.0,0.0,0.0,0.0,0.0,0.0,0.0,0.0,0.0,0.0,0.0,0.0,0.0,0.0,0,0,0,0,0,0,0,0,ACY_***(*)(*)*,acyclic_anonymous_graph,train,0,0,0,0,0,0,0,0,0,0,0,0,0,0,0,0,0,1,0,0,0,0,0,0,0,0,0,0,0,0,0,0,0,0,0,0,0,0,0,1,0,0,0,0,0,0,0,0,0,0,0,0,0,1,0,0,0,0,0,0,0,0,0,1,0,0,0,0,0,0,0,0,0,0,0,0,0,0,0,0,1,0,0,0,0,0,0,0,0,0,0,0,0,0,1,0,0,0,0,0,0,0,0,0,0,0,0,0,0,0,0,0,0,0,0,0,0,0,0,0,0,0,0,0,0,0,0,0,0,0,0,0,0,0,0,0,0,0,1,0,0,0,0,0,0,0,0,0,0,0,0,0,0,0,0,0,0,0,0,0,0,0,0,0,0,0,0,0,0,0,0,0,0,0,0,0,0,0,0,0,0,0,0,1,0,0,0,0,0,0,0,0,0,0,0,0,1,0,0,0,0,0,0,0,0,0,0,0,0,0,0,0,0,0,0,0,0,0,0,0,0,0,0,0,0,0,0,0,0,0,0,0,0,0,0,0,0,0,0,0,0,0,0,0,0,0,1,0,0,0,0,0,0,0,0,0,0.423431500588972,-0.2617828902967039,-0.08211111960905292,0.6852143908856758,0.423431500588972,0.423431500588972,-0.9160982182432894,9.083333333333334,2.4652777777777777,9.083333333333334,-4.606481481481481,6.618055555555556,5.774305555555555,3.309027777777778,0.15110178384050366,5.038127040340445,10.399000581649606,0.0,0.0,0.0,0.0,0.0,0.0,4.333793432105769,18.227782252316068,0.0,0.0,34.04902309697278,32.96057626607144,5.207106781186548,2.527420352855368,2.5606601717798214,0.8651483716701109,5.83,1.5188093824291677,3.83,38.0,0.0,0.423431500588972,-0.2617828902967039,0.423431500588972,0.2617828902967039,83.83000000000001,-0.7211999999999996,15.262400000000001,0.0,0.2
10933,CCC(=O)Nc1cccc(Nc2cc(S(=O)(=O)O)c(N)c3c2C(=O)c2ccccc2C3=O)c1,1,10933,CCC(=O)Nc1cccc(Nc2cc(S(=O)(=O)O)c(N)c3c2C(=O)c2ccccc2C3=O)c1,10933,CCC(=O)Nc1cccc(Nc2cc(S(=O)(=O)O)c(N)c3c2C(=O)c2ccccc2C3=O)c1,CCC(=O)Nc1cccc(Nc2cc(S(=O)(=O)O)c(N)c3c2C(=O)c2ccccc2C3=O)c1,CCC(=O)Nc1cccc(Nc2cc(S(=O)(=O)O)c(N)c3c2C(=O)c2ccccc2C3=O)c1,CCC(=O)Nc1cccc(Nc2cc(S(=O)(=O)O)c(N)c3c2C(=O)c2ccccc2C3=O)c1,10933.0,1.0,0.0,0.0,0.0,0.0,0.0,0.0,O=C1c2ccccc2C(=O)c2c(Nc3ccccc3)cccc21,465.48700000000025,3.383000000000001,155.66,4.0,7.0,5.0,4.0,3.0,10.0,0.0869565217391304,33.0,0.0,0.0,0.0,0.0,0.0,0.0,0.0,0.0,0.0,0.0,1.0,1.0,0.0,0.0,0.0,0.0,4.0,1.0,0.0,0.0,0.0,0.0,0.0,0.0,0.0,0.0,0.0,0.0,0.0,0.0,0.0,0.0,0.0,0.0,0.0,0.0,0.0,0.0,2.0,1.0,0.0,0.0,0.0,0.0,0.0,0.0,0.0,0.0,0.0,0.0,0.0,0.0,0.0,0.0,3.0,1.0,18.0,1.0,4.0,1.0,0.0,0.0,0.0,0.0,0.0,0.0,0.0,0.0,0.0,0.0,0.0,0.0,0.0,0.0,0.0,0.0,1.0,1.0,0.0,0.0,1.0,1.0,0.0,0.0,0.0,0.0,0.0,0.0,0.0,0.0,0.0,0.0,0.0,0.0,0.0,0.0,0.0,0.0,0.0,0.0,0.0,0.0,0.0,0.0,0.0,0.0,0.0,0.0,1.0,1.0,0.0,0.0,3.0,1.0,0.0,0.0,0.0,0.0,0.0,0.0,0.0,0.0,0.0,0.0,1.0,1.0,0.0,0.0,0.0,0.0,0.0,0.0,0.0,0.0,0.0,0.0,0.0,0.0,0.0,0.0,0.0,0.0,0.0,0.0,0.0,0.0,0.0,0.0,0.0,0.0,0.0,0.0,0.0,0.0,0.0,0.0,0.0,0.0,0.0,0.0,0.0,0.0,0.0,0.0,0.0,0.0,0.0,0.0,0.0,0.0,0.0,0.0,0.0,0.0,0.0,0.0,0.0,0.0,0.0,0.0,0.0,0.0,0.0,0.0,0.0,0.0,0.0,0.0,0.0,0.0,0.0,0.0,0.0,0.0,0.0,0.0,0.0,0.0,0.0,0.0,0.0,0.0,0.0,0.0,0.0,0.0,0.0,0.0,0.0,0.0,0.0,0.0,0.0,0.0,0.0,0.0,0.0,0.0,0.0,0.0,0.0,0.0,0.0,0.0,0.0,0.0,0.0,0.0,0.0,0.0,0.0,0.0,0.0,0.0,0.0,0.0,0.0,0.0,0.0,0.0,0.0,0.0,0.0,0.0,0.0,0.0,0.0,0.0,0.0,0.0,0.0,0.0,0.0,0.0,0.0,0.0,1.0,3.0,1.0,3.0,0.0,0.0,1,0,1,0,0,0,0,0,O=C1c2ccccc2C(=O)c2c(Nc3ccccc3)cccc21,murcko,train,0,1,0,0,1,0,0,1,0,0,0,0,0,0,0,1,0,0,0,1,0,0,0,0,1,0,0,0,0,0,0,0,0,1,0,0,0,0,1,1,0,1,0,0,0,0,0,0,0,0,0,1,0,0,0,0,0,0,1,0,0,0,0,0,1,0,0,0,1,1,1,0,0,1,0,0,0,0,0,0,1,1,0,0,0,0,0,0,0,0,0,0,0,0,1,0,1,0,0,0,1,0,0,0,0,0,0,1,0,0,0,0,0,0,1,0,0,1,0,0,0,0,0,0,0,1,0,0,1,0,1,0,0,1,0,0,1,0,1,0,0,0,0,0,0,0,0,1,0,0,0,0,0,0,0,0,0,0,0,0,0,0,0,0,0,0,0,0,0,0,0,0,0,0,0,1,0,1,0,0,0,0,0,0,1,1,0,0,0,0,0,1,0,0,0,0,1,0,0,0,1,0,0,0,0,1,0,0,0,0,0,1,0,0,1,0,1,0,0,0,0,0,0,0,0,0,0,0,0,0,0,0,0,0,0,1,0,0,0,0,0,0,0,0,0,0,0,0,0,0,0,0,0,0,1,0,0.29617740961654904,-0.3969743709680518,-0.04850788932816361,0.6931517805846008,0.3969743709680518,1.443132896537454,-3.0438932443668536,13.312312381181428,0.02903137335180972,13.312312381181428,-4.813008361287581,13.283281007829618,6.670671877266619,6.641640503914809,0.07528260520955372,3.3499150750426194,32.26748650196477,40.26919359374906,11.374772549367124,6.06636706846161,12.13273413692322,43.321939610460284,0.0,10.633577208012662,5.733667477162185,27.354158410234763,0.0,188.91728832447953,189.1538965563357,23.91348460451408,17.377312811365947,15.61241076857009,9.90780714989592,22.183848089859165,8.15340653748494,3.968986516948576,168.0,0.0,0.29617740961654904,-0.3969743709680518,0.3969743709680518,0.29617740961654904,155.66,3.383000000000001,122.62140000000002,2.3,1.0347826086956522
11602,Nc1ccc(Cl)c(Cl)c1,1,11602,Nc1ccc(Cl)c(Cl)c1,11602,Nc1ccc(Cl)c(Cl)c1,Nc1ccc(Cl)c(Cl)c1,Nc1ccc(Cl)c(Cl)c1,Nc1ccc(Cl)c(Cl)c1,11602.0,1.0,0.0,0.0,0.0,0.0,0.0,0.0,c1ccccc1,162.019,2.575600000000001,26.02,1.0,1.0,0.0,1.0,1.0,3.0,0.0,9.0,0.0,0.0,0.0,0.0,0.0,0.0,0.0,0.0,0.0,0.0,0.0,0.0,0.0,0.0,0.0,0.0,1.0,1.0,0.0,0.0,0.0,0.0,0.0,0.0,0.0,0.0,0.0,0.0,0.0,0.0,0.0,0.0,0.0,0.0,0.0,0.0,0.0,0.0,0.0,0.0,0.0,0.0,0.0,0.0,0.0,0.0,0.0,0.0,0.0,0.0,0.0,0.0,0.0,0.0,1.0,1.0,6.0,1.0,0.0,0.0,0.0,0.0,2.0,1.0,0.0,0.0,2.0,1.0,0.0,0.0,0.0,0.0,0.0,0.0,0.0,0.0,0.0,0.0,0.0,0.0,0.0,0.0,0.0,0.0,0.0,0.0,0.0,0.0,0.0,0.0,0.0,0.0,0.0,0.0,0.0,0.0,0.0,0.0,0.0,0.0,0.0,0.0,0.0,0.0,0.0,0.0,0.0,0.0,1.0,1.0,0.0,0.0,1.0,1.0,0.0,0.0,0.0,0.0,0.0,0.0,0.0,0.0,0.0,0.0,0.0,0.0,0.0,0.0,0.0,0.0,0.0,0.0,0.0,0.0,0.0,0.0,0.0,0.0,0.0,0.0,0.0,0.0,0.0,0.0,0.0,0.0,0.0,0.0,0.0,0.0,0.0,0.0,0.0,0.0,0.0,0.0,0.0,0.0,0.0,0.0,0.0,0.0,0.0,0.0,0.0,0.0,0.0,0.0,0.0,0.0,0.0,0.0,0.0,0.0,0.0,0.0,0.0,0.0,0.0,0.0,0.0,0.0,0.0,0.0,0.0,0.0,0.0,0.0,0.0,0.0,0.0,0.0,0.0,0.0,0.0,0.0,0.0,0.0,0.0,0.0,0.0,0.0,0.0,0.0,2.0,1.0,0.0,0.0,0.0,0.0,0.0,0.0,0.0,0.0,0.0,0.0,0.0,0.0,0.0,0.0,0.0,0.0,0.0,0.0,0.0,0.0,0.0,0.0,0.0,0.0,0.0,0.0,0.0,0.0,0.0,0.0,0.0,0.0,0.0,0.0,0.0,0.0,0.0,0.0,0.0,0.0,0.0,0.0,0.0,0.0,0.0,0.0,0.0,0.0,0.0,0.0,1.0,3.0,1.0,2.0,1.0,1.0,1,0,1,0,0,0,0,0,c1ccccc1,murcko,train,0,0,0,0,0,0,0,0,0,0,0,0,0,0,0,0,0,0,1,0,0,0,0,0,0,0,0,0,0,0,0,0,0,0,0,0,0,0,0,0,0,0,0,0,0,0,0,0,0,1,0,0,0,0,0,0,0,0,0,0,0,0,0,0,0,0,0,0,0,0,0,0,0,0,0,0,0,0,0,0,0,1,0,0,0,0,0,0,0,0,0,0,0,0,0,0,0,0,0,0,1,0,0,0,1,0,0,1,0,0,1,0,0,0,0,0,0,0,0,0,1,0,1,0,0,0,0,0,0,0,0,0,0,0,0,1,0,0,0,0,0,0,0,0,1,0,0,1,0,0,0,0,0,0,1,0,0,0,0,0,0,0,0,0,0,0,0,0,0,0,0,0,0,0,0,0,0,1,0,0,0,0,0,0,0,0,0,0,0,0,0,0,0,0,0,0,0,0,0,0,0,0,0,0,0,0,0,0,0,0,0,0,0,0,1,0,0,0,0,0,0,0,0,0,0,0,0,0,0,0,0,0,0,0,0,0,0,0,0,0,0,0,0,0,0,0,0,0,0,0,0,0,0,0,0,0,0.06122662950118546,-0.3986848928023869,-0.056332664759914414,0.45991152230357235,0.3986848928023869,0.1535102516096424,-0.6605042344488721,5.602006172839506,0.496913580246914,5.602006172839506,0.496913580246914,5.105092592592592,3.0494598765432097,2.552546296296296,0.19588283304615944,1.8215547259886977,0.0,0.0,15.732652902166215,0.0,0.0,18.19910120538483,0.0,0.0,28.935547257627213,0.0,0.0,63.377826270273026,62.867301365178264,6.8533711511285205,4.5653300227769575,4.198377302757663,2.4046734793166253,6.716279069767443,2.4602853745541022,1.5012345679012344,48.0,0.0,0.06122662950118546,-0.3986848928023869,0.3986848928023869,0.06122662950118546,26.02,2.5756000000000006,40.87440000000001,2.1,0.0
2308,CCc1cc(Cc2cc(CC)c(N)c(CC)c2Cl)c(Cl)c(CC)c1N,0,2308,CCc1cc(Cc2cc(CC)c(N)c(CC)c2Cl)c(Cl)c(CC)c1N,2308,CCc1cc(Cc2cc(CC)c(N)c(CC)c2Cl)c(Cl)c(CC)c1N,CCc1cc(Cc2cc(CC)c(N)c(CC)c2Cl)c(Cl)c(CC)c1N,CCc1cc(Cc2cc(CC)c(N)c(CC)c2Cl)c(Cl)c(CC)c1N,CCc1cc(Cc2cc(CC)c(N)c(CC)c2Cl)c(Cl)c(CC)c1N,2308.0,1.0,0.0,0.0,0.0,0.0,0.0,0.0,c1ccc(Cc2ccccc2)cc1,379.37500000000017,5.998200000000005,52.04,2.0,2.0,6.0,2.0,2.0,4.0,0.4285714285714285,25.0,0.0,0.0,0.0,0.0,0.0,0.0,0.0,0.0,0.0,0.0,0.0,0.0,0.0,0.0,0.0,0.0,2.0,1.0,0.0,0.0,0.0,0.0,0.0,0.0,0.0,0.0,0.0,0.0,0.0,0.0,0.0,0.0,0.0,0.0,0.0,0.0,0.0,0.0,0.0,0.0,0.0,0.0,0.0,0.0,0.0,0.0,0.0,0.0,0.0,0.0,0.0,0.0,0.0,0.0,2.0,1.0,12.0,1.0,0.0,0.0,0.0,0.0,2.0,1.0,0.0,0.0,2.0,1.0,0.0,0.0,0.0,0.0,0.0,0.0,0.0,0.0,0.0,0.0,0.0,0.0,0.0,0.0,0.0,0.0,0.0,0.0,0.0,0.0,0.0,0.0,0.0,0.0,0.0,0.0,0.0,0.0,0.0,0.0,0.0,0.0,0.0,0.0,0.0,0.0,0.0,0.0,0.0,0.0,2.0,1.0,0.0,0.0,2.0,1.0,0.0,0.0,0.0,0.0,0.0,0.0,0.0,0.0,0.0,0.0,0.0,0.0,0.0,0.0,0.0,0.0,0.0,0.0,0.0,0.0,0.0,0.0,0.0,0.0,0.0,0.0,0.0,0.0,0.0,0.0,0.0,0.0,0.0,0.0,0.0,0.0,0.0,0.0,0.0,0.0,0.0,0.0,0.0,0.0,0.0,0.0,0.0,0.0,0.0,0.0,0.0,0.0,0.0,0.0,0.0,0.0,0.0,0.0,0.0,0.0,0.0,0.0,0.0,0.0,0.0,0.0,0.0,0.0,0.0,0.0,0.0,0.0,0.0,0.0,0.0,0.0,0.0,0.0,0.0,0.0,0.0,0.0,0.0,0.0,0.0,0.0,0.0,0.0,0.0,0.0,2.0,1.0,0.0,0.0,0.0,0.0,0.0,0.0,0.0,0.0,0.0,0.0,0.0,0.0,0.0,0.0,0.0,0.0,0.0,0.0,0.0,0.0,0.0,0.0,0.0,0.0,0.0,0.0,0.0,0.0,0.0,0.0,0.0,0.0,0.0,0.0,0.0,0.0,0.0,0.0,0.0,0.0,0.0,0.0,0.0,0.0,0.0,0.0,0.0,0.0,0.0,0.0,1.0,3.0,1.0,2.0,1.0,1.0,1,1,1,0,0,0,0,0,c1ccc(Cc2ccccc2)cc1,murcko,train,0,0,0,0,0,0,0,1,0,0,0,0,0,0,0,0,0,0,0,1,0,0,0,0,0,0,0,0,0,0,0,0,0,1,0,1,0,0,1,0,0,1,0,0,0,0,0,0,0,1,0,0,0,0,0,0,0,0,0,0,0,0,0,0,1,0,0,0,0,1,0,0,0,0,0,0,0,0,0,0,1,1,0,0,0,0,0,0,0,0,0,0,0,0,0,0,0,0,0,0,1,0,0,0,0,0,0,1,0,0,0,0,0,0,0,0,0,0,0,0,0,0,0,0,0,0,0,0,0,0,0,0,0,0,0,0,0,0,1,0,0,0,0,0,0,0,0,1,0,0,1,0,0,0,0,0,0,0,0,0,0,0,0,0,0,0,0,0,0,0,0,0,0,0,0,0,0,1,1,0,0,0,0,0,0,1,0,0,0,0,0,0,0,0,0,0,0,0,0,0,0,0,0,0,0,0,0,0,0,0,0,0,0,0,0,0,0,0,0,0,1,0,0,0,0,0,0,0,0,0,0,0,0,0,0,0,0,0,0,0,0,0,1,1,0,0,0,0,0,0,0,0,0,0,0,0,0.04934958011420551,-0.3982393395456349,-0.05424359219413625,0.4475889196598404,0.3982393395456349,0.17784271291913722,-1.5339325177725436,6.676208480305702,0.6926851851851853,6.676208480305702,0.6926851851851853,5.983523295120516,3.6844468327454436,2.991761647560258,0.1671256132345113,2.268755011683214,0.0,0.0,6.4208216229260096,80.48403461873578,0.0,0.0,0.0,39.827682935685715,34.6692147347894,0.0,0.0,161.05929020291927,161.4017539121369,18.723250160202095,15.600863928709696,11.886977772809995,9.059762748883937,19.938339986313494,8.333283360041316,3.7534068377874927,136.0,0.0,0.04934958011420551,-0.3982393395456349,0.3982393395456349,0.04934958011420551,52.04,5.998200000000005,112.04680000000005,2.1,1.3714285714285717
3365,NCCO,0,3365,NCCO,3365,NCCO,NCCO,NCCO,NCCO,3365.0,1.0,0.0,0.0,0.0,0.0,0.0,0.0,,61.084,-1.0626000000000002,46.25,2.0,2.0,1.0,0.0,0.0,2.0,1.0,4.0,0.0,0.0,1.0,1.0,0.0,0.0,0.0,0.0,0.0,0.0,0.0,0.0,0.0,0.0,0.0,0.0,0.0,0.0,0.0,0.0,0.0,0.0,0.0,0.0,0.0,0.0,0.0,0.0,0.0,0.0,1.0,1.0,0.0,0.0,0.0,0.0,0.0,0.0,0.0,0.0,0.0,0.0,0.0,0.0,0.0,0.0,0.0,0.0,0.0,0.0,0.0,0.0,0.0,0.0,0.0,0.0,0.0,0.0,0.0,0.0,0.0,0.0,0.0,0.0,0.0,0.0,0.0,0.0,0.0,0.0,0.0,0.0,0.0,0.0,0.0,0.0,0.0,0.0,0.0,0.0,0.0,0.0,0.0,0.0,0.0,0.0,0.0,0.0,0.0,0.0,0.0,0.0,0.0,0.0,0.0,0.0,0.0,0.0,0.0,0.0,0.0,0.0,0.0,0.0,0.0,0.0,0.0,0.0,0.0,0.0,0.0,0.0,0.0,0.0,0.0,0.0,0.0,0.0,0.0,0.0,0.0,0.0,0.0,0.0,0.0,0.0,0.0,0.0,0.0,0.0,0.0,0.0,0.0,0.0,0.0,0.0,0.0,0.0,0.0,0.0,0.0,0.0,0.0,0.0,0.0,0.0,0.0,0.0,0.0,0.0,0.0,0.0,0.0,0.0,0.0,0.0,0.0,0.0,0.0,0.0,0.0,0.0,0.0,0.0,0.0,0.0,0.0,0.0,0.0,0.0,0.0,0.0,0.0,0.0,0.0,0.0,0.0,0.0,0.0,0.0,0.0,0.0,0.0,0.0,0.0,0.0,0.0,0.0,0.0,0.0,0.0,0.0,0.0,0.0,0.0,0.0,0.0,0.0,0.0,0.0,0.0,0.0,0.0,0.0,0.0,0.0,0.0,0.0,0.0,0.0,0.0,0.0,0.0,0.0,0.0,0.0,0.0,0.0,0.0,0.0,0.0,0.0,0.0,0.0,0.0,0.0,0.0,0.0,0.0,0.0,0.0,0.0,0.0,0.0,0.0,0.0,0.0,0.0,0.0,0.0,0.0,0.0,0.0,0.0,0.0,0.0,0.0,0.0,0.0,0.0,0.0,0.0,0.0,0.0,0.0,0.0,0.0,0.0,0.0,0.0,0.0,0.0,0,0,0,0,0,0,0,0,ACY_****,acyclic_anonymous_graph,train,0,0,0,0,0,0,0,0,0,0,0,0,0,0,0,0,0,0,0,0,0,0,0,0,0,0,0,0,0,0,0,0,0,0,0,0,0,0,0,1,0,0,0,0,0,0,0,0,1,0,0,1,0,0,0,0,0,0,0,0,0,0,0,0,0,0,0,0,0,0,0,0,0,0,0,0,0,0,0,0,1,0,0,0,0,0,0,0,0,0,0,0,0,0,0,0,0,0,0,0,0,0,0,0,0,0,0,0,0,0,0,0,0,0,0,0,0,0,0,0,0,0,0,0,0,0,0,0,0,0,0,0,0,0,0,0,0,0,0,0,0,0,0,0,0,0,0,1,0,0,0,0,0,0,0,0,0,0,0,0,0,0,0,0,0,0,0,0,0,0,0,0,0,0,0,0,0,0,0,0,0,0,0,0,0,0,0,0,0,0,0,0,0,0,0,0,0,0,0,0,0,0,0,0,0,0,0,0,0,0,0,0,0,1,0,0,0,1,0,0,0,0,1,0,0,0,0,0,0,0,0,0,0,0,0,0,0,0,0,0,0,0,0,0,0,0,0,0,0,0,0,0,0,0,0,0,0.0553245806721056,-0.3950627389113919,-0.1630890483212537,0.4503873195834975,0.3950627389113919,0.07096488662474025,-0.7233210799097551,7.75,0.09722222222222232,7.75,0.09722222222222232,7.652777777777778,3.923611111111111,3.826388888888889,0.1306715063520871,2.011651794716677,0.0,6.606881964512918,6.544756405912575,0.0,0.0,0.0,0.0,0.0,10.84019487200289,0.0,0.0,25.238317591434885,23.991833242428385,3.414213562373095,2.4387774270626785,1.914213562373095,1.2244760564807007,3.9200000000000004,2.92,1.9199999999999995,26.0,0.0,0.0553245806721056,-0.3950627389113919,0.3950627389113919,0.0553245806721056,46.25,-1.0626000000000002,16.140200000000004,0.0,0.6000000000000001
6265,CCC(=O)OC,0,6265,CCC(=O)OC,6265,CCC(=O)OC,CCC(=O)OC,CCC(=O)OC,CCC(=O)OC,6265.0,1.0,0.0,0.0,0.0,0.0,0.0,0.0,,88.106,0.5694,26.3,0.0,2.0,1.0,0.0,0.0,2.0,0.75,6.0,0.0,0.0,0.0,0.0,0.0,0.0,0.0,0.0,0.0,0.0,0.0,0.0,0.0,0.0,0.0,0.0,0.0,0.0,0.0,0.0,0.0,0.0,0.0,0.0,0.0,0.0,0.0,0.0,0.0,0.0,0.0,0.0,0.0,0.0,1.0,1.0,0.0,0.0,0.0,0.0,0.0,0.0,0.0,0.0,1.0,1.0,0.0,0.0,0.0,0.0,0.0,0.0,0.0,0.0,0.0,0.0,0.0,0.0,0.0,0.0,0.0,0.0,0.0,0.0,0.0,0.0,0.0,0.0,0.0,0.0,0.0,0.0,0.0,0.0,0.0,0.0,0.0,0.0,0.0,0.0,0.0,0.0,0.0,0.0,0.0,0.0,0.0,0.0,0.0,0.0,0.0,0.0,0.0,0.0,0.0,0.0,0.0,0.0,0.0,0.0,0.0,0.0,0.0,0.0,0.0,0.0,0.0,0.0,0.0,0.0,0.0,0.0,0.0,0.0,0.0,0.0,0.0,0.0,0.0,0.0,0.0,0.0,0.0,0.0,0.0,0.0,0.0,0.0,0.0,0.0,0.0,0.0,0.0,0.0,0.0,0.0,0.0,0.0,0.0,0.0,0.0,0.0,0.0,0.0,0.0,0.0,0.0,0.0,0.0,0.0,0.0,0.0,0.0,0.0,0.0,0.0,0.0,0.0,0.0,0.0,0.0,0.0,0.0,0.0,0.0,0.0,0.0,0.0,0.0,0.0,0.0,0.0,0.0,0.0,0.0,0.0,0.0,0.0,0.0,0.0,0.0,0.0,0.0,0.0,0.0,0.0,0.0,0.0,0.0,0.0,0.0,0.0,0.0,0.0,0.0,0.0,0.0,0.0,0.0,0.0,0.0,0.0,0.0,0.0,0.0,0.0,0.0,0.0,0.0,0.0,0.0,0.0,0.0,0.0,0.0,0.0,0.0,0.0,0.0,0.0,0.0,0.0,0.0,0.0,0.0,0.0,0.0,0.0,0.0,0.0,0.0,0.0,0.0,0.0,0.0,0.0,0.0,0.0,0.0,0.0,0.0,0.0,0.0,0.0,0.0,0.0,0.0,0.0,0.0,0.0,0.0,0.0,0.0,0.0,0.0,0.0,0.0,0.0,0.0,0.0,0.0,0.0,0,0,0,0,0,0,1,0,ACY_***(*)**,acyclic_anonymous_graph,train,0,0,0,0,0,0,0,0,0,0,0,0,0,0,0,0,0,0,0,0,0,0,0,0,0,0,0,0,0,0,0,0,0,1,0,0,0,0,1,1,0,0,0,0,0,0,0,0,0,0,0,0,0,0,0,0,0,0,0,0,0,0,0,0,0,0,0,0,0,0,0,0,0,1,0,0,0,0,0,0,1,0,0,0,0,0,0,0,0,0,0,0,0,0,0,0,0,0,0,0,0,0,0,0,0,1,1,0,0,0,0,0,0,0,0,0,0,0,0,0,0,0,0,0,0,1,0,0,1,0,1,0,0,0,0,0,0,0,1,0,0,0,0,0,0,0,0,0,0,0,0,0,0,0,0,0,0,0,0,0,0,0,0,0,0,0,0,0,0,0,0,0,0,0,0,0,0,0,0,0,0,1,0,1,0,0,0,0,0,0,0,0,0,0,0,1,0,0,0,0,0,0,0,0,0,0,0,0,0,0,0,0,0,0,0,0,0,0,0,0,0,0,0,0,0,0,0,0,0,0,0,0,0,0,0,0,0,0,0,0,0,0,0,0,0,0,0,0,0,0,0,0,0,0,0,0,0.30472073144092393,-0.46900295028300515,-0.05803326445478887,0.773723681723929,0.46900295028300515,0.42796217098061595,-0.7761617577093491,9.958333333333334,0.157407407407407,9.958333333333334,-0.157407407407407,9.800925925925927,5.05787037037037,4.900462962962964,0.10203117619272555,2.6101669247187664,0.0,5.969305287951849,6.4208216229260096,0.0,7.109797541277533,6.923737199690624,0.0,4.736862953800049,0.0,4.794537184071822,0.0,37.10914470057002,35.95506178971789,4.99156383156272,4.023603362114274,2.808060412490447,1.8771567527075474,5.469999999999999,2.693713646532438,1.7581844380403455,36.0,0.0,0.30472073144092393,-0.46900295028300515,0.46900295028300515,0.30472073144092393,26.3,0.5694,22.30699999999999,0.0,0.9000000000000001
2339,CC=CC,0,2339,CC=CC,2339,CC=CC,CC=CC,CC=CC,CC=CC,2339.0,1.0,0.0,0.0,0.0,0.0,0.0,0.0,,56.108,1.5824,0.0,0.0,0.0,0.0,0.0,0.0,0.0,0.5,4.0,0.0,0.0,0.0,0.0,0.0,0.0,0.0,0.0,0.0,0.0,0.0,0.0,0.0,0.0,0.0,0.0,0.0,0.0,0.0,0.0,0.0,0.0,0.0,0.0,0.0,0.0,0.0,0.0,0.0,0.0,0.0,0.0,0.0,0.0,0.0,0.0,0.0,0.0,0.0,0.0,0.0,0.0,0.0,0.0,0.0,0.0,0.0,0.0,0.0,0.0,1.0,1.0,0.0,0.0,0.0,0.0,0.0,0.0,0.0,0.0,0.0,0.0,0.0,0.0,0.0,0.0,0.0,0.0,0.0,0.0,0.0,0.0,0.0,0.0,0.0,0.0,0.0,0.0,0.0,0.0,0.0,0.0,0.0,0.0,0.0,0.0,0.0,0.0,0.0,0.0,0.0,0.0,0.0,0.0,0.0,0.0,0.0,0.0,0.0,0.0,0.0,0.0,0.0,0.0,0.0,0.0,0.0,0.0,0.0,0.0,0.0,0.0,0.0,0.0,0.0,0.0,0.0,0.0,0.0,0.0,0.0,0.0,0.0,0.0,0.0,0.0,0.0,0.0,0.0,0.0,0.0,0.0,0.0,0.0,0.0,0.0,0.0,0.0,0.0,0.0,0.0,0.0,0.0,0.0,0.0,0.0,0.0,0.0,0.0,0.0,0.0,0.0,0.0,0.0,0.0,0.0,0.0,0.0,0.0,0.0,0.0,0.0,0.0,0.0,0.0,0.0,0.0,0.0,0.0,0.0,0.0,0.0,0.0,0.0,0.0,0.0,0.0,0.0,0.0,0.0,0.0,0.0,0.0,0.0,0.0,0.0,0.0,0.0,0.0,0.0,0.0,0.0,0.0,0.0,0.0,0.0,0.0,0.0,0.0,0.0,0.0,0.0,0.0,0.0,0.0,0.0,0.0,0.0,0.0,0.0,0.0,0.0,0.0,0.0,0.0,0.0,0.0,0.0,0.0,0.0,0.0,0.0,0.0,0.0,0.0,0.0,0.0,0.0,0.0,0.0,0.0,0.0,0.0,0.0,0.0,0.0,0.0,0.0,0.0,0.0,0.0,0.0,0.0,0.0,0.0,0.0,0.0,0.0,0.0,0.0,0.0,0.0,0.0,0.0,0.0,0.0,0.0,0.0,0.0,0.0,0.0,0.0,0,0,0,0,0,0,0,0,ACY_****,acyclic_anonymous_graph,train,0,0,0,0,0,0,0,0,0,0,0,0,0,0,0,0,0,0,0,0,0,0,0,0,0,0,0,0,0,0,0,0,0,1,0,0,0,0,0,0,0,0,0,0,0,0,0,0,0,0,0,0,0,0,0,0,0,0,0,0,0,0,0,0,0,0,0,0,0,0,0,0,0,0,0,0,1,0,0,0,0,0,0,0,0,0,0,0,0,0,0,0,0,0,0,0,0,0,0,0,0,0,0,0,0,0,0,0,0,0,0,0,0,0,0,0,0,0,0,0,0,0,0,0,0,0,0,0,0,0,0,0,0,0,0,0,0,0,0,0,0,0,0,0,0,0,0,0,0,0,0,0,1,0,0,0,0,0,0,0,0,0,0,0,0,0,0,0,0,0,0,0,0,0,0,0,0,0,0,0,0,0,1,0,0,0,0,0,0,0,0,0,0,0,0,0,0,0,0,0,0,0,0,0,0,0,0,0,1,0,0,0,0,0,0,0,0,0,0,0,0,0,0,0,0,0,0,0,0,0,0,0,0,0,0,0,0,0,0,0,0,0,0,0,0,0,0,0,0,0,0,0,0,0,0,0,-0.047001923410199216,-0.09194211202026763,-0.06947201771523343,0.04494018861006841,0.09194211202026763,0.0,-0.2778880708609337,2.0,2.0,2.0,2.0,0.0,2.0,,,,0.0,0.0,0.0,0.0,0.0,0.0,25.99951461304901,0.0,0.0,0.0,0.0,27.144474338835117,25.99951461304901,3.414213562373095,3.1547005383792515,1.914213562373095,1.488033871712585,3.7400000000000007,2.7400000000000007,1.7400000000000013,24.0,0.0,-0.047001923410199216,-0.09194211202026763,0.09194211202026763,0.047001923410199216,0.0,1.5824,20.487999999999996,0.0,0.2
5953,CC(COCC(C)OC(=O)c1ccccc1)OC(=O)c1ccccc1,0,5953,CC(COCC(C)OC(=O)c1ccccc1)OC(=O)c1ccccc1,5953,CC(COCC(C)OC(=O)c1ccccc1)OC(=O)c1ccccc1,CC(COCC(C)OC(=O)c1ccccc1)OC(=O)c1ccccc1,CC(COCC(C)OC(=O)c1ccccc1)OC(=O)c1ccccc1,CC(COCC(C)OC(=O)c1ccccc1)OC(=O)c1ccccc1,5953.0,1.0,0.0,0.0,0.0,0.0,0.0,0.0,O=C(OCCOCCOC(=O)c1ccccc1)c1ccccc1,342.3910000000001,3.4940000000000024,61.830000000000005,0.0,5.0,8.0,2.0,2.0,5.0,0.3,25.0,0.0,0.0,0.0,0.0,0.0,0.0,0.0,0.0,0.0,0.0,0.0,0.0,0.0,0.0,0.0,0.0,0.0,0.0,0.0,0.0,0.0,0.0,0.0,0.0,0.0,0.0,0.0,0.0,0.0,0.0,0.0,0.0,0.0,0.0,3.0,1.0,0.0,0.0,0.0,0.0,0.0,0.0,0.0,0.0,2.0,1.0,0.0,0.0,0.0,0.0,0.0,0.0,0.0,0.0,2.0,1.0,12.0,1.0,0.0,0.0,0.0,0.0,0.0,0.0,0.0,0.0,0.0,0.0,0.0,0.0,0.0,0.0,0.0,0.0,0.0,0.0,0.0,0.0,0.0,0.0,0.0,0.0,0.0,0.0,0.0,0.0,0.0,0.0,0.0,0.0,0.0,0.0,0.0,0.0,0.0,0.0,0.0,0.0,0.0,0.0,0.0,0.0,0.0,0.0,0.0,0.0,0.0,0.0,0.0,0.0,0.0,0.0,0.0,0.0,0.0,0.0,0.0,0.0,0.0,0.0,0.0,0.0,0.0,0.0,0.0,0.0,0.0,0.0,0.0,0.0,0.0,0.0,0.0,0.0,0.0,0.0,0.0,0.0,0.0,0.0,0.0,0.0,0.0,0.0,0.0,0.0,0.0,0.0,0.0,0.0,0.0,0.0,0.0,0.0,0.0,0.0,0.0,0.0,0.0,0.0,0.0,0.0,0.0,0.0,0.0,0.0,0.0,0.0,0.0,0.0,0.0,0.0,0.0,0.0,0.0,0.0,0.0,0.0,0.0,0.0,0.0,0.0,0.0,0.0,0.0,0.0,0.0,0.0,0.0,0.0,0.0,0.0,0.0,0.0,0.0,0.0,0.0,0.0,0.0,0.0,0.0,0.0,0.0,0.0,0.0,0.0,0.0,0.0,0.0,0.0,0.0,0.0,0.0,0.0,0.0,0.0,0.0,0.0,0.0,0.0,0.0,0.0,0.0,0.0,0.0,0.0,0.0,0.0,0.0,0.0,0.0,0.0,0.0,0.0,0.0,0.0,0.0,0.0,0.0,0.0,0.0,0.0,0.0,0.0,0.0,0.0,0.0,0.0,0.0,0.0,0.0,0.0,0.0,0.0,0.0,0.0,0.0,0.0,0.0,0.0,0.0,0.0,0,0,0,0,0,0,0,0,O=C(OCCOCCOC(=O)c1ccccc1)c1ccccc1,murcko,train,0,1,0,0,0,0,0,0,0,0,0,0,0,0,0,0,0,0,0,0,0,0,1,0,0,0,0,1,0,0,0,0,1,1,0,0,0,0,0,1,0,0,0,0,0,0,0,0,0,0,0,0,1,1,0,0,0,0,0,0,0,0,0,0,1,0,0,0,0,1,0,0,0,0,0,0,0,0,0,0,1,1,0,0,0,0,0,0,0,0,0,0,0,0,1,0,0,0,0,0,1,0,0,0,0,1,0,0,0,0,0,0,0,0,0,0,0,0,1,0,0,0,0,0,0,1,0,1,0,0,0,0,0,1,0,0,0,0,1,0,0,0,0,0,0,1,0,0,0,0,0,0,0,0,0,0,0,0,0,0,1,0,0,0,0,0,0,0,0,0,0,0,0,0,0,1,0,0,0,0,0,0,0,1,0,0,0,0,0,0,0,0,0,1,0,0,0,0,0,0,1,0,0,0,0,0,0,0,0,0,0,0,0,0,1,0,0,0,0,0,0,0,0,0,0,0,0,0,0,0,0,0,0,0,0,0,0,0,0,0,0,0,0,0,0,0,0,0,0,0,0,0,0,0,0,0,0.33796836589187085,-0.45662202368750854,-0.04733370033344428,0.7945903895793793,0.45662202368750854,1.207534730229995,-2.390877238566102,11.907354143302154,0.22797721403376192,11.907354143302154,-0.39839722900689756,11.679376929268392,6.067665678667958,5.839688464634196,0.08562100581701503,3.152271479125156,12.207932775496605,25.152374504929533,11.126902983393991,0.0,0.0,62.37841094707412,12.13273413692322,0.0,14.210588861400147,9.589074368143644,0.0,147.07171412934207,146.7980185773613,18.07070333293597,14.383658244967924,12.0585506480638,8.157815695261277,18.675416469330468,9.591028010823498,6.391080153054376,132.0,0.0,0.33796836589187085,-0.45662202368750854,0.45662202368750854,0.33796836589187085,61.830000000000005,3.4940000000000024,93.45800000000004,0.0,2.12
7214,c1cc(N(CC2CO2)CC2CO2)ccc1OCC1CO1,1,7214,c1cc(N(CC2CO2)CC2CO2)ccc1OCC1CO1,7214,c1cc(N(CC2CO2)CC2CO2)ccc1OCC1CO1,c1cc(N(CC2CO2)CC2CO2)ccc1OCC1CO1,c1cc(N(CC2CO2)CC2CO2)ccc1OCC1CO1,c1cc(N(CC2CO2)CC2CO2)ccc1OCC1CO1,7214.0,1.0,0.0,0.0,0.0,0.0,0.0,0.0,c1cc(N(CC2CO2)CC2CO2)ccc1OCC1CO1,277.32000000000005,1.0682,50.06,0.0,5.0,8.0,4.0,1.0,5.0,0.6,20.0,0.0,0.0,0.0,0.0,0.0,0.0,0.0,0.0,0.0,0.0,0.0,0.0,0.0,0.0,0.0,0.0,1.0,1.0,0.0,0.0,0.0,0.0,0.0,0.0,0.0,0.0,0.0,0.0,0.0,0.0,0.0,0.0,0.0,0.0,4.0,1.0,0.0,0.0,0.0,0.0,0.0,0.0,0.0,0.0,0.0,0.0,0.0,0.0,0.0,0.0,0.0,0.0,0.0,0.0,1.0,1.0,6.0,1.0,0.0,0.0,3.0,1.0,0.0,0.0,0.0,0.0,0.0,0.0,0.0,0.0,0.0,0.0,0.0,0.0,0.0,0.0,0.0,0.0,0.0,0.0,0.0,0.0,0.0,0.0,0.0,0.0,0.0,0.0,0.0,0.0,0.0,0.0,0.0,0.0,0.0,0.0,0.0,0.0,0.0,0.0,0.0,0.0,0.0,0.0,0.0,0.0,0.0,0.0,0.0,0.0,0.0,0.0,0.0,0.0,0.0,0.0,0.0,0.0,0.0,0.0,0.0,0.0,1.0,1.0,0.0,0.0,0.0,0.0,0.0,0.0,0.0,0.0,0.0,0.0,0.0,0.0,0.0,0.0,0.0,0.0,0.0,0.0,0.0,0.0,0.0,0.0,0.0,0.0,0.0,0.0,3.0,1.0,0.0,0.0,0.0,0.0,0.0,0.0,0.0,0.0,0.0,0.0,0.0,0.0,0.0,0.0,0.0,0.0,0.0,0.0,0.0,0.0,0.0,0.0,0.0,0.0,0.0,0.0,0.0,0.0,0.0,0.0,0.0,0.0,0.0,0.0,0.0,0.0,0.0,0.0,0.0,0.0,0.0,0.0,0.0,0.0,0.0,0.0,0.0,0.0,0.0,0.0,0.0,0.0,0.0,0.0,0.0,0.0,0.0,0.0,0.0,0.0,0.0,0.0,0.0,0.0,0.0,0.0,0.0,0.0,0.0,0.0,0.0,0.0,0.0,0.0,0.0,0.0,0.0,0.0,0.0,0.0,0.0,0.0,0.0,0.0,0.0,0.0,0.0,0.0,0.0,0.0,0.0,0.0,0.0,0.0,0.0,0.0,0.0,0.0,0.0,0.0,0.0,0.0,0.0,0.0,1.0,2.0,1.0,2.0,0.0,0.0,0,0,1,1,0,0,0,0,c1cc(N(CC2CO2)CC2CO2)ccc1OCC1CO1,murcko,train,0,0,0,0,0,0,0,0,0,0,0,0,0,0,0,0,0,0,0,0,0,0,0,0,0,0,0,0,0,0,0,0,0,0,1,0,0,0,0,0,0,0,0,0,0,0,0,0,0,0,0,0,0,1,0,0,0,0,0,0,0,0,0,0,0,0,1,0,0,0,0,0,1,0,0,0,0,0,0,0,1,1,0,0,0,0,0,0,0,0,0,0,0,0,0,0,0,0,0,0,1,0,1,0,0,0,0,0,0,0,0,1,1,1,0,0,0,0,1,0,0,0,0,0,0,0,0,0,0,0,0,1,0,0,0,0,0,0,0,0,0,0,0,0,1,0,1,0,0,0,0,1,0,0,0,0,0,0,1,0,0,0,0,0,0,0,0,0,0,0,0,0,1,0,0,0,0,0,0,0,0,0,0,1,0,0,0,0,0,0,0,0,1,0,0,0,0,0,0,0,0,0,0,0,0,0,1,0,0,0,0,0,0,0,1,0,0,0,0,0,0,0,0,0,0,0,0,0,0,0,1,0,0,0,0,0,0,1,0,0,0,0,0,1,0,0,0,0,0,0,0,1,0,0,0,0,0.1190898817079476,-0.49079354286550714,-0.05850522420484043,0.6098834245734548,0.49079354286550714,0.904607918211826,-2.0747124023086347,5.658631109851347,0.2964867816833905,5.658631109851347,0.2964867816833905,5.362144328167957,2.977558945767369,2.6810721640839783,0.1864925557387342,1.6534163821264423,0.0,0.0,24.918781127757825,38.65967053864781,5.687386274683562,0.0,12.13273413692322,17.032643867773697,18.947451815200196,0.0,0.0,117.91240327670965,117.37866776098632,13.363596551749424,11.36429932880208,9.865305980755142,7.192850742410483,12.441383337934548,5.237565385309127,3.4186672092617654,108.0,0.0,0.1190898817079476,-0.49079354286550714,0.49079354286550714,0.1190898817079476,50.06,1.0682,73.37000000000005,1.5,1.84
10701,O=C(Nc1cc(S(=O)(=O)O)cc2cc(S(=O)(=O)O)c(N=Nc3ccc4cc(S(=O)(=O)CCOS(=O)(=O)O)ccc4c3S(=O)(=O)O)c(O)c12)c1ccccc1,1,10701,O=C(Nc1cc(S(=O)(=O)O)cc2cc(S(=O)(=O)O)c(N=Nc3ccc4cc(S(=O)(=O)CCOS(=O)(=O)O)ccc4c3S(=O)(=O)O)c(O)c12)c1ccccc1,10701,O=C(Nc1cc(S(=O)(=O)O)cc2cc(S(=O)(=O)O)c(N=Nc3ccc4cc(S(=O)(=O)CCOS(=O)(=O)O)ccc4c3S(=O)(=O)O)c(O)c12)c1ccccc1,O=C(Nc1cc(S(=O)(=O)O)cc2cc(S(=O)(=O)O)c(N=Nc3ccc4cc(S(=O)(=O)CCOS(=O)(=O)O)ccc4c3S(=O)(=O)O)c(O)c12)c1ccccc1,O=C(Nc1cc(S(=O)(=O)O)cc2cc(S(=O)(=O)O)c(N=Nc3ccc4cc(S(=O)(=O)CCOS(=O)(=O)O)ccc4c3S(=O)(=O)O)c(O)c12)c1ccccc1,O=C(Nc1cc(S(=O)(=O)O)cc2cc(S(=O)(=O)O)c(N=Nc3ccc4cc(S(=O)(=O)CCOS(=O)(=O)O)ccc4c3S(=O)(=O)O)c(O)c12)c1ccccc1,10701.0,1.0,0.0,0.0,0.0,0.0,0.0,0.0,O=C(Nc1cccc2ccc(N=Nc3ccc4ccccc4c3)cc12)c1ccccc1,845.8420000000004,3.699500000000002,334.9,6.0,15.0,12.0,5.0,5.0,25.0,0.0689655172413793,54.0,0.0,0.0,0.0,0.0,0.0,0.0,0.0,0.0,0.0,0.0,1.0,1.0,0.0,0.0,0.0,0.0,1.0,1.0,0.0,0.0,0.0,0.0,1.0,1.0,0.0,0.0,0.0,0.0,0.0,0.0,0.0,0.0,1.0,1.0,0.0,0.0,0.0,0.0,0.0,0.0,0.0,0.0,0.0,0.0,0.0,0.0,0.0,0.0,0.0,0.0,0.0,0.0,0.0,0.0,5.0,1.0,50.0,1.0,4.0,1.0,0.0,0.0,0.0,0.0,0.0,0.0,0.0,0.0,0.0,0.0,0.0,0.0,0.0,0.0,0.0,0.0,5.0,1.0,0.0,0.0,4.0,1.0,0.0,0.0,0.0,0.0,0.0,0.0,0.0,0.0,0.0,0.0,0.0,0.0,0.0,0.0,0.0,0.0,0.0,0.0,0.0,0.0,0.0,0.0,0.0,0.0,0.0,0.0,0.0,0.0,0.0,0.0,0.0,0.0,0.0,0.0,0.0,0.0,0.0,0.0,0.0,0.0,0.0,0.0,1.0,1.0,2.0,1.0,0.0,0.0,0.0,0.0,0.0,0.0,0.0,0.0,0.0,0.0,0.0,0.0,0.0,0.0,0.0,0.0,0.0,0.0,0.0,0.0,0.0,0.0,0.0,0.0,0.0,0.0,0.0,0.0,0.0,0.0,1.0,1.0,0.0,0.0,0.0,0.0,0.0,0.0,0.0,0.0,0.0,0.0,0.0,0.0,0.0,0.0,0.0,0.0,0.0,0.0,0.0,0.0,0.0,0.0,0.0,0.0,0.0,0.0,0.0,0.0,0.0,0.0,0.0,0.0,0.0,0.0,0.0,0.0,0.0,0.0,0.0,0.0,0.0,0.0,0.0,0.0,0.0,0.0,0.0,0.0,0.0,0.0,0.0,0.0,0.0,0.0,0.0,0.0,0.0,0.0,0.0,0.0,0.0,0.0,0.0,0.0,0.0,0.0,0.0,0.0,0.0,0.0,0.0,0.0,0.0,0.0,0.0,0.0,0.0,0.0,0.0,0.0,0.0,0.0,0.0,0.0,0.0,0.0,0.0,0.0,0.0,0.0,0.0,0.0,0.0,0.0,0.0,0.0,1.0,3.0,1.0,3.0,0.0,0.0,0,0,1,0,0,0,0,0,O=C(Nc1cccc2ccc(N=Nc3ccc4ccccc4c3)cc12)c1ccccc1,murcko,train,1,0,0,1,0,0,0,0,0,0,0,0,0,1,0,0,0,1,1,0,0,0,0,0,1,0,0,0,0,0,0,0,0,0,0,0,0,0,0,1,0,0,0,0,0,0,0,0,0,0,0,0,0,0,0,0,0,0,0,1,1,0,0,1,1,0,1,0,1,0,0,0,1,0,0,0,0,1,0,0,1,1,0,0,1,0,0,0,0,0,0,1,0,0,1,0,0,0,0,0,1,0,0,0,0,1,1,1,0,0,0,0,0,0,1,0,0,1,0,0,0,0,0,0,0,1,1,0,1,1,0,0,0,1,0,0,1,0,1,0,0,0,0,0,0,0,0,0,0,0,1,0,0,0,0,0,0,0,0,0,0,0,0,1,0,0,1,0,0,0,0,0,0,0,0,1,0,1,0,1,0,0,0,1,1,0,0,0,0,1,0,0,1,1,0,0,1,1,0,0,1,0,1,1,0,0,0,0,0,0,1,0,0,1,1,1,0,0,0,0,0,0,0,0,0,1,0,0,0,0,1,0,0,0,0,0,0,0,0,0,0,0,0,0,1,0,0,0,0,0,0,0,0,1,0,0,0.39688136696105425,-0.5048490734173469,-0.045163775652590485,0.9017304403784011,0.5048490734173469,2.860308686222473,-5.2991525714623595,13.015816186246347,0.04333177450414638,13.015816186246347,-5.379737991066079,12.972484411742201,6.529573980375247,6.4862422058711005,0.07708623639546161,3.2865976178473226,122.02360258411426,16.335899920626588,12.13273413692322,36.39820241076966,24.26546827384644,6.06636706846161,0.0,19.728374287914836,4.552749873690364,65.64829912162828,0.0,305.4186343461361,307.1516976779753,40.017932611199136,26.49048316822361,24.864977086294573,14.323873349600158,40.22994401334034,14.359417454954292,8.867445028679667,286.0,0.0,0.39688136696105425,-0.5048490734173469,0.5048490734173469,0.39688136696105425,334.9,3.6995000000000022,187.1291999999998,1.3,2.427586206896552
9449,c1ccccc1,1,9449,c1ccccc1,9449,c1ccccc1,c1ccccc1,c1ccccc1,c1ccccc1,9449.0,1.0,0.0,0.0,0.0,0.0,0.0,0.0,c1ccccc1,78.11399999999999,1.6866,0.0,0.0,0.0,0.0,1.0,1.0,0.0,0.0,6.0,0.0,0.0,0.0,0.0,0.0,0.0,0.0,0.0,0.0,0.0,0.0,0.0,0.0,0.0,0.0,0.0,0.0,0.0,0.0,0.0,0.0,0.0,0.0,0.0,0.0,0.0,0.0,0.0,0.0,0.0,0.0,0.0,0.0,0.0,0.0,0.0,0.0,0.0,0.0,0.0,0.0,0.0,0.0,0.0,0.0,0.0,0.0,0.0,0.0,0.0,0.0,0.0,0.0,0.0,1.0,1.0,6.0,1.0,0.0,0.0,0.0,0.0,0.0,0.0,0.0,0.0,0.0,0.0,0.0,0.0,0.0,0.0,0.0,0.0,0.0,0.0,0.0,0.0,0.0,0.0,0.0,0.0,0.0,0.0,0.0,0.0,0.0,0.0,0.0,0.0,0.0,0.0,0.0,0.0,0.0,0.0,0.0,0.0,0.0,0.0,0.0,0.0,0.0,0.0,0.0,0.0,0.0,0.0,0.0,0.0,0.0,0.0,0.0,0.0,0.0,0.0,0.0,0.0,0.0,0.0,0.0,0.0,0.0,0.0,0.0,0.0,0.0,0.0,0.0,0.0,0.0,0.0,0.0,0.0,0.0,0.0,0.0,0.0,0.0,0.0,0.0,0.0,0.0,0.0,0.0,0.0,0.0,0.0,0.0,0.0,0.0,0.0,0.0,0.0,0.0,0.0,0.0,0.0,0.0,0.0,0.0,0.0,0.0,0.0,0.0,0.0,0.0,0.0,0.0,0.0,0.0,0.0,0.0,0.0,0.0,0.0,0.0,0.0,0.0,0.0,0.0,0.0,0.0,0.0,0.0,0.0,0.0,0.0,0.0,0.0,0.0,0.0,0.0,0.0,0.0,0.0,0.0,0.0,0.0,0.0,0.0,0.0,0.0,0.0,0.0,0.0,0.0,0.0,0.0,0.0,0.0,0.0,0.0,0.0,0.0,0.0,0.0,0.0,0.0,0.0,0.0,0.0,0.0,0.0,0.0,0.0,0.0,0.0,0.0,0.0,0.0,0.0,0.0,0.0,0.0,0.0,0.0,0.0,0.0,0.0,0.0,0.0,0.0,0.0,0.0,0.0,0.0,0.0,0.0,0.0,0.0,0.0,0.0,0.0,0.0,0.0,0.0,0.0,0.0,0.0,0.0,0.0,0,0,0,0,0,0,0,0,c1ccccc1,murcko,train,0,0,0,0,0,0,0,0,0,0,0,0,0,0,0,0,0,0,0,0,0,0,0,0,0,0,0,0,0,0,0,0,0,0,0,0,0,0,0,0,0,0,0,0,0,0,0,0,0,0,0,0,0,0,0,0,0,0,0,0,0,0,0,0,1,0,0,0,0,0,0,0,0,0,0,0,0,0,0,0,0,1,0,0,0,0,0,0,0,0,0,0,0,0,0,0,0,0,0,0,0,0,0,0,0,0,0,0,0,0,0,0,0,0,0,0,0,0,0,0,0,0,0,0,0,0,0,0,0,0,0,0,0,1,0,0,0,0,0,0,0,0,0,0,0,0,0,0,0,0,0,0,0,0,0,0,0,0,0,0,0,0,0,0,0,0,0,0,0,0,0,0,0,0,0,0,0,0,0,0,0,0,0,0,0,0,0,0,0,0,0,0,0,0,0,0,0,0,0,0,0,0,0,0,0,0,0,0,0,0,0,0,0,0,0,0,0,0,0,0,0,0,0,0,0,0,0,0,0,0,0,0,0,0,0,0,0,0,0,0,0,0,0,0,0,0,0,0,0,0,0,0,0,0,0,0,-0.062268570782092456,-0.062268570782092456,-0.06226857078209246,0.0,0.062268570782092456,0.0,-0.37361142469255476,2.0,2.0,2.0,2.0,0.0,2.0,,,,0.0,0.0,0.0,0.0,0.0,0.0,36.39820241076966,0.0,0.0,0.0,0.0,37.43140311949697,36.39820241076966,4.242640687119286,3.464101615137755,3.0,2.0000000000000004,3.4115708812260532,1.6057694396735218,0.5823992601400448,30.0,0.0,-0.062268570782092456,-0.062268570782092456,0.062268570782092456,0.062268570782092456,0.0,1.6866,26.441999999999993,0.0,0.0
10710,Nc1c(N)n2n(c1=O)CCC2,0,10710,Nc1c(N)n2n(c1=O)CCC2,10710,Nc1c(N)n2n(c1=O)CCC2,Nc1c(N)n2n(c1=O)CCC2,Nc1c(N)n2n(c1=O)CCC2,Nc1c(N)n2n(c1=O)CCC2,10710.0,1.0,0.0,0.0,0.0,0.0,0.0,0.0,O=c1ccn2n1CCC2,154.17299999999997,-0.7821000000000007,78.97,2.0,5.0,0.0,2.0,1.0,5.0,0.5,11.0,0.0,0.0,0.0,0.0,0.0,0.0,0.0,0.0,0.0,0.0,0.0,0.0,0.0,0.0,0.0,0.0,2.0,1.0,0.0,0.0,0.0,0.0,0.0,0.0,0.0,0.0,0.0,0.0,0.0,0.0,0.0,0.0,0.0,0.0,0.0,0.0,0.0,0.0,0.0,0.0,0.0,0.0,0.0,0.0,0.0,0.0,0.0,0.0,0.0,0.0,0.0,0.0,0.0,0.0,0.0,0.0,1.0,1.0,2.0,1.0,0.0,0.0,0.0,0.0,0.0,0.0,0.0,0.0,0.0,0.0,0.0,0.0,0.0,0.0,0.0,0.0,0.0,0.0,0.0,0.0,0.0,0.0,0.0,0.0,0.0,0.0,0.0,0.0,0.0,0.0,0.0,0.0,0.0,0.0,0.0,0.0,0.0,0.0,0.0,0.0,0.0,0.0,0.0,0.0,0.0,0.0,0.0,0.0,0.0,0.0,0.0,0.0,2.0,1.0,0.0,0.0,0.0,0.0,0.0,0.0,0.0,0.0,0.0,0.0,0.0,0.0,0.0,0.0,0.0,0.0,0.0,0.0,0.0,0.0,0.0,0.0,0.0,0.0,0.0,0.0,0.0,0.0,0.0,0.0,0.0,0.0,0.0,0.0,0.0,0.0,0.0,0.0,0.0,0.0,0.0,0.0,0.0,0.0,0.0,0.0,0.0,0.0,0.0,0.0,0.0,0.0,0.0,0.0,0.0,0.0,0.0,0.0,0.0,0.0,0.0,0.0,0.0,0.0,0.0,0.0,0.0,0.0,0.0,0.0,0.0,0.0,0.0,0.0,0.0,0.0,0.0,0.0,0.0,0.0,0.0,0.0,2.0,1.0,0.0,0.0,0.0,0.0,0.0,0.0,0.0,0.0,0.0,0.0,0.0,0.0,0.0,0.0,0.0,0.0,0.0,0.0,0.0,0.0,0.0,0.0,0.0,0.0,0.0,0.0,0.0,0.0,0.0,0.0,0.0,0.0,0.0,0.0,0.0,0.0,0.0,0.0,0.0,0.0,0.0,0.0,0.0,0.0,0.0,0.0,0.0,0.0,0.0,0.0,0.0,0.0,0.0,0.0,0.0,0.0,0.0,0.0,1.0,2.0,1.0,2.0,0.0,0.0,0,0,1,0,0,0,0,0,O=c1ccn2n1CCC2,murcko,train,0,0,0,0,1,0,0,0,0,0,0,0,0,0,0,0,0,0,0,1,0,0,0,0,0,0,0,0,0,0,0,0,0,0,0,0,0,0,0,0,0,0,0,0,0,1,0,0,0,0,0,0,0,0,0,0,0,1,1,1,0,0,0,0,0,0,0,1,0,0,0,0,0,0,0,0,0,0,0,0,0,0,0,0,0,0,0,0,0,0,0,0,0,0,0,0,0,0,0,0,1,0,0,0,0,0,0,0,0,0,0,0,0,0,0,0,0,0,0,0,0,0,0,0,0,0,0,0,0,0,0,0,0,0,0,0,0,0,1,0,0,0,0,0,0,0,0,1,0,0,0,0,0,0,0,0,0,1,1,0,0,0,0,0,0,1,0,1,0,0,0,0,0,0,0,0,0,1,0,0,0,0,0,0,0,0,0,0,0,0,0,0,0,0,0,1,0,0,0,0,1,0,0,1,0,0,0,0,0,0,0,0,0,0,0,0,0,0,0,0,0,0,0,0,0,0,0,0,0,0,0,0,0,0,0,0,0,0,0,0,0,0,0,0,0,0,0,0,1,0,0,0,0,0,1,0,0.29159899166074543,-0.3912024845344848,-0.08147094373793123,0.6828014761952302,0.3912024845344848,0.6684408084124742,-1.564621189529718,11.218564814814815,0.15277777777777746,11.218564814814815,-0.15277777777777746,11.065787037037039,5.685671296296296,5.532893518518519,0.09036862869789683,2.9213338356621223,0.0,11.24665316973557,5.817862777835028,19.51033443475116,0.0,9.36360587029037,0.0,0.0,11.46733495432437,4.794537184071822,0.0,63.178906746782935,62.20032839100831,8.008071689507773,6.078696363402674,5.21521405516327,3.561143541955191,6.328472872052666,1.8073122825916363,0.6211304823346603,60.0,0.0,0.29159899166074543,-0.3912024845344848,0.3912024845344848,0.29159899166074543,78.97,-0.7821000000000007,42.1338,1.1,0.2
6583,SCCSCCS,0,6583,SCCSCCS,6583,SCCSCCS,SCCSCCS,SCCSCCS,SCCSCCS,6583.0,1.0,0.0,0.0,0.0,0.0,0.0,0.0,,154.32500000000002,1.5791999999999995,0.0,2.0,3.0,4.0,0.0,0.0,3.0,1.0,7.0,0.0,0.0,0.0,0.0,0.0,0.0,0.0,0.0,0.0,0.0,0.0,0.0,0.0,0.0,0.0,0.0,0.0,0.0,0.0,0.0,0.0,0.0,0.0,0.0,0.0,0.0,0.0,0.0,0.0,0.0,0.0,0.0,0.0,0.0,0.0,0.0,0.0,0.0,0.0,0.0,0.0,0.0,0.0,0.0,0.0,0.0,0.0,0.0,0.0,0.0,0.0,0.0,0.0,0.0,0.0,0.0,0.0,0.0,0.0,0.0,0.0,0.0,0.0,0.0,0.0,0.0,0.0,0.0,0.0,0.0,0.0,0.0,1.0,1.0,0.0,0.0,0.0,0.0,0.0,0.0,0.0,0.0,2.0,1.0,0.0,0.0,0.0,0.0,0.0,0.0,0.0,0.0,0.0,0.0,0.0,0.0,0.0,0.0,0.0,0.0,0.0,0.0,0.0,0.0,0.0,0.0,0.0,0.0,0.0,0.0,0.0,0.0,0.0,0.0,0.0,0.0,0.0,0.0,0.0,0.0,0.0,0.0,0.0,0.0,0.0,0.0,0.0,0.0,0.0,0.0,0.0,0.0,0.0,0.0,0.0,0.0,0.0,0.0,0.0,0.0,0.0,0.0,0.0,0.0,0.0,0.0,0.0,0.0,0.0,0.0,0.0,0.0,0.0,0.0,0.0,0.0,0.0,0.0,0.0,0.0,0.0,0.0,0.0,0.0,0.0,0.0,0.0,0.0,0.0,0.0,0.0,0.0,0.0,0.0,0.0,0.0,0.0,0.0,0.0,0.0,0.0,0.0,0.0,0.0,0.0,0.0,0.0,0.0,0.0,0.0,0.0,0.0,0.0,0.0,0.0,0.0,0.0,0.0,0.0,0.0,0.0,0.0,0.0,0.0,0.0,0.0,0.0,0.0,0.0,0.0,0.0,0.0,0.0,0.0,0.0,0.0,0.0,0.0,0.0,0.0,0.0,0.0,0.0,0.0,0.0,0.0,0.0,0.0,0.0,0.0,0.0,0.0,0.0,0.0,0.0,0.0,0.0,0.0,0.0,0.0,0.0,0.0,0.0,0.0,0.0,0.0,0.0,0.0,0.0,0.0,0.0,0.0,0.0,0.0,0.0,0.0,0.0,0.0,0.0,0.0,0.0,0.0,0,0,0,0,0,0,0,0,ACY_*******,acyclic_anonymous_graph,train,0,0,0,0,0,0,0,0,0,0,0,0,0,0,0,0,0,0,0,0,0,0,0,0,0,0,1,0,0,0,0,0,0,0,0,0,0,0,0,0,0,0,0,0,0,0,0,0,0,0,0,0,0,0,0,0,0,1,0,0,0,0,0,0,0,0,0,0,0,0,0,0,0,0,0,0,0,0,0,0,1,0,0,0,0,0,0,0,0,0,0,0,0,0,0,0,0,0,0,0,0,0,0,0,0,0,0,0,0,0,0,0,0,0,0,0,1,0,0,0,0,0,0,0,0,0,0,0,0,0,0,0,0,0,0,0,0,0,0,0,1,0,0,0,0,0,0,0,0,0,0,0,0,0,0,0,0,0,1,0,0,0,0,0,0,0,0,0,0,0,0,0,0,0,0,0,0,0,0,1,0,0,0,0,0,1,0,0,0,0,0,0,0,0,0,0,0,0,0,0,0,0,0,0,0,0,0,0,0,0,0,0,0,0,0,0,0,0,0,0,0,0,0,0,0,0,0,1,0,1,0,0,0,0,0,0,0,0,0,0,0,0,0,0,0,0,0,0,0,0,0,0,0,0,0,0,0.0021328883431204204,-0.1785033148958716,-0.0734871049055762,0.18063620323899202,0.1785033148958716,0.004265776686240841,-0.5186755110252742,4.04766975308642,0.9845679012345678,4.04766975308642,0.9845679012345678,3.063101851851852,2.516118827160494,1.531550925925926,0.3264664540604265,2.066811441011689,0.0,0.0,0.0,23.011414426987155,0.0,0.0,11.761884949391115,25.257578296025983,0.0,0.0,0.0,60.267320723188064,60.03087767240426,5.535533905932738,4.131102606209969,3.414213562373095,2.2098058012233013,8.050000000000002,7.0500000000000025,7.0500000000000025,44.0,0.0,0.0021328883431204204,-0.1785033148958716,0.1785033148958716,0.0021328883431204204,0.0,1.5791999999999997,45.03100000000003,0.0,1.2000000000000002
7631,CC1=CC(=O)NS(=O)(=O)O1,0,7631,CC1=CC(=O)NS(=O)(=O)O1,7631,CC1=CC(=O)NS(=O)(=O)O1,CC1=CC(=O)NS(=O)(=O)O1,CC1=CC(=O)NS(=O)(=O)O1,CC1=CC(=O)NS(=O)(=O)O1,7631.0,1.0,0.0,0.0,0.0,0.0,0.0,0.0,O=C1C=COS(=O)(=O)N1,163.154,-0.7185999999999999,72.47,1.0,4.0,0.0,1.0,0.0,6.0,0.25,10.0,0.0,0.0,0.0,0.0,0.0,0.0,0.0,0.0,0.0,0.0,1.0,1.0,0.0,0.0,0.0,0.0,0.0,0.0,0.0,0.0,0.0,0.0,0.0,0.0,0.0,0.0,0.0,0.0,0.0,0.0,0.0,0.0,0.0,0.0,0.0,0.0,0.0,0.0,0.0,0.0,0.0,0.0,0.0,0.0,0.0,0.0,0.0,0.0,0.0,0.0,1.0,1.0,0.0,0.0,0.0,0.0,0.0,0.0,0.0,0.0,0.0,0.0,0.0,0.0,0.0,0.0,0.0,0.0,0.0,0.0,0.0,0.0,0.0,0.0,0.0,0.0,0.0,0.0,1.0,1.0,0.0,0.0,0.0,0.0,0.0,0.0,0.0,0.0,0.0,0.0,0.0,0.0,0.0,0.0,0.0,0.0,0.0,0.0,0.0,0.0,0.0,0.0,0.0,0.0,0.0,0.0,0.0,0.0,0.0,0.0,0.0,0.0,0.0,0.0,0.0,0.0,0.0,0.0,0.0,0.0,0.0,0.0,0.0,0.0,0.0,0.0,0.0,0.0,0.0,0.0,0.0,0.0,0.0,0.0,0.0,0.0,0.0,0.0,0.0,0.0,0.0,0.0,0.0,0.0,0.0,0.0,0.0,0.0,0.0,0.0,0.0,0.0,0.0,0.0,0.0,0.0,0.0,0.0,1.0,1.0,0.0,0.0,0.0,0.0,0.0,0.0,0.0,0.0,1.0,1.0,1.0,1.0,0.0,0.0,0.0,0.0,0.0,0.0,0.0,0.0,0.0,0.0,0.0,0.0,0.0,0.0,0.0,0.0,0.0,0.0,0.0,0.0,0.0,0.0,0.0,0.0,0.0,0.0,0.0,0.0,0.0,0.0,0.0,0.0,0.0,0.0,0.0,0.0,0.0,0.0,0.0,0.0,0.0,0.0,0.0,0.0,0.0,0.0,0.0,0.0,0.0,0.0,0.0,0.0,0.0,0.0,0.0,0.0,0.0,0.0,0.0,0.0,0.0,0.0,0.0,0.0,0.0,0.0,0.0,0.0,0.0,0.0,0.0,0.0,0.0,0.0,0.0,0.0,0.0,0.0,0.0,0.0,0.0,0.0,0.0,0.0,1.0,3.0,1.0,3.0,0.0,0.0,0,0,0,0,1,0,0,0,O=C1C=COS(=O)(=O)N1,murcko,train,0,0,0,0,0,0,0,0,0,0,0,0,0,1,0,0,0,0,0,0,0,0,0,0,0,0,0,0,0,0,0,0,0,1,0,0,0,0,0,0,0,0,0,0,0,0,0,0,0,0,0,0,0,0,0,0,0,0,1,0,0,0,0,0,0,0,0,0,0,0,0,0,0,0,0,0,0,0,0,0,0,1,0,0,1,0,0,0,0,0,1,0,0,0,0,0,0,0,0,0,1,0,0,0,0,0,0,0,0,0,0,0,0,0,0,0,1,0,1,0,0,0,0,0,0,0,0,0,0,0,0,1,0,1,0,0,0,0,1,0,0,0,0,0,1,0,0,0,0,0,0,1,0,0,0,0,0,0,0,0,0,0,0,0,0,0,0,0,0,0,0,0,0,0,0,0,0,0,0,0,0,0,0,0,0,0,1,0,0,0,0,0,0,0,0,0,0,0,0,0,0,0,0,0,0,0,0,1,0,0,0,0,0,1,1,0,0,0,0,0,0,0,0,0,0,0,1,0,0,1,0,0,0,0,0,0,0,0,0,0,0,0,0,0,0,0,0,0,0,0,1,0,0,0,0,0,0.40913835140916643,-0.37142799970820606,-0.035197531150673485,0.7805663511173725,0.40913835140916643,0.839002034759416,-1.190977346266151,10.476388888888888,0.07291666666666696,10.476388888888888,-3.8489583333333326,10.40347222222222,5.274652777777778,5.20173611111111,0.09612175422201458,2.674295786236641,16.21134460537514,5.759164871656176,0.0,6.076020106833881,6.923737199690624,4.722094864452088,0.0,4.183085432649707,0.0,13.212334168400758,0.0,57.93335246693767,57.087781249058374,7.776020881938894,5.118591721508941,4.494800481421251,2.4397227048854204,7.071607142857144,1.9786123266639852,1.471945587562872,56.0,0.0,0.40913835140916643,-0.37142799970820606,0.40913835140916643,0.37142799970820606,72.47,-0.7185999999999999,31.904499999999995,1.3,0.1
9693,O=S(=O)(O)C(O)CCCC(O)S(=O)(=O)O,1,9693,O=S(=O)(O)C(O)CCCC(O)S(=O)(=O)O,9693,O=S(=O)(O)C(O)CCCC(O)S(=O)(=O)O,O=S(=O)(O)C(O)CCCC(O)S(=O)(=O)O,O=S(=O)(O)C(O)CCCC(O)S(=O)(=O)O,O=S(=O)(O)C(O)CCCC(O)S(=O)(=O)O,9693.0,1.0,0.0,0.0,0.0,0.0,0.0,0.0,,264.277,-1.4309,149.2,4.0,6.0,6.0,0.0,0.0,10.0,1.0,15.0,0.0,0.0,0.0,0.0,0.0,0.0,0.0,0.0,0.0,0.0,0.0,0.0,0.0,0.0,0.0,0.0,0.0,0.0,0.0,0.0,0.0,0.0,0.0,0.0,0.0,0.0,0.0,0.0,0.0,0.0,2.0,1.0,0.0,0.0,0.0,0.0,0.0,0.0,0.0,0.0,0.0,0.0,0.0,0.0,0.0,0.0,0.0,0.0,0.0,0.0,0.0,0.0,0.0,0.0,0.0,0.0,0.0,0.0,0.0,0.0,0.0,0.0,0.0,0.0,0.0,0.0,0.0,0.0,0.0,0.0,0.0,0.0,0.0,0.0,0.0,0.0,2.0,1.0,0.0,0.0,2.0,1.0,0.0,0.0,0.0,0.0,0.0,0.0,0.0,0.0,0.0,0.0,0.0,0.0,0.0,0.0,0.0,0.0,0.0,0.0,0.0,0.0,0.0,0.0,0.0,0.0,0.0,0.0,0.0,0.0,0.0,0.0,0.0,0.0,0.0,0.0,0.0,0.0,0.0,0.0,0.0,0.0,0.0,0.0,0.0,0.0,0.0,0.0,0.0,0.0,0.0,0.0,0.0,0.0,0.0,0.0,0.0,0.0,0.0,0.0,0.0,0.0,0.0,0.0,0.0,0.0,0.0,0.0,0.0,0.0,0.0,0.0,0.0,0.0,0.0,0.0,0.0,0.0,0.0,0.0,0.0,0.0,0.0,0.0,0.0,0.0,0.0,0.0,0.0,0.0,0.0,0.0,0.0,0.0,0.0,0.0,0.0,0.0,0.0,0.0,0.0,0.0,0.0,0.0,0.0,0.0,0.0,0.0,0.0,0.0,0.0,0.0,0.0,0.0,0.0,0.0,0.0,0.0,0.0,0.0,0.0,0.0,0.0,0.0,0.0,0.0,0.0,0.0,0.0,0.0,0.0,0.0,0.0,0.0,0.0,0.0,0.0,0.0,0.0,0.0,0.0,0.0,0.0,0.0,0.0,0.0,0.0,0.0,0.0,0.0,0.0,0.0,0.0,0.0,0.0,0.0,0.0,0.0,0.0,0.0,0.0,0.0,0.0,0.0,0.0,0.0,0.0,0.0,0.0,0.0,0.0,0.0,0.0,0.0,0.0,0.0,0.0,0.0,0.0,0.0,0.0,0.0,0,0,0,0,0,0,0,1,ACY_**(****(*)*(*)(*)*)*(*)(*)*,acyclic_anonymous_graph,train,0,1,0,0,0,0,0,0,0,0,0,0,0,0,0,0,0,0,0,0,0,0,0,0,0,0,0,0,0,0,0,0,0,0,0,0,0,0,0,1,0,0,0,0,0,0,1,0,0,0,0,0,0,0,0,0,0,0,0,0,0,0,0,0,0,0,0,0,0,0,0,0,0,0,0,0,0,0,0,0,1,0,0,0,0,0,0,1,0,0,0,0,0,0,1,0,0,1,0,0,0,0,0,0,0,0,1,0,0,0,0,0,0,0,0,0,0,0,0,1,0,0,0,0,0,0,0,0,0,0,0,0,0,0,0,0,0,0,1,0,0,0,0,0,0,0,1,0,0,0,0,0,0,0,0,0,0,0,0,0,0,0,0,0,0,0,0,0,0,0,0,0,0,0,0,0,0,0,0,0,0,0,0,0,0,0,0,0,0,0,0,0,0,0,0,0,1,0,0,0,0,0,0,0,0,0,0,0,0,0,0,0,0,0,0,0,0,1,0,0,0,0,0,0,0,0,0,1,0,0,0,0,0,0,0,0,0,0,0,0,0,0,0,0,0,0,0,0,0,0,0,0,0,0,0,0,0.2914882418471353,-0.375032482028823,-0.08181724873772668,0.6665207238759583,0.375032482028823,0.9430899944303899,-2.17034872549629,10.279270872700932,0.19254629629629627,10.279270872700932,-4.57426811696901,10.086724576404636,5.235908584498614,5.043362288202318,0.09914021072204642,2.7179029721259753,43.94989370705729,6.4208216229260096,0.0,0.0,0.0,0.0,0.0,0.0,19.31855453706214,16.835593968657875,0.0,87.04475900988925,86.52486383570331,12.276020881938896,7.514365006721906,6.548547388496603,3.8361139195498577,14.74,5.184514394593856,6.017494410684713,92.0,0.0,0.2914882418471353,-0.375032482028823,0.375032482028823,0.2914882418471353,149.2,-1.4309,48.961800000000025,0.0,1.6
2161,CCCCCCCCCCCC[n+]1ccccc1,0,2161,CCCCCCCCCCCC[n+]1ccccc1,2161,CCCCCCCCCCCC[n+]1ccccc1,CCCCCCCCCCCC[n+]1ccccc1,CCCCCCCCCCCC[n+]1ccccc1,CCCCCCCCCCCC[n+]1ccccc1,2161.0,1.0,0.0,0.0,0.0,0.0,0.0,0.0,c1cc[nH+]cc1,248.434,4.895000000000005,3.88,0.0,0.0,11.0,1.0,1.0,1.0,0.7058823529411765,18.0,1.0,1.0,0.0,0.0,0.0,0.0,0.0,0.0,0.0,0.0,0.0,0.0,0.0,0.0,0.0,0.0,0.0,0.0,0.0,0.0,0.0,0.0,0.0,0.0,0.0,0.0,0.0,0.0,0.0,0.0,0.0,0.0,0.0,0.0,0.0,0.0,0.0,0.0,0.0,0.0,0.0,0.0,0.0,0.0,0.0,0.0,0.0,0.0,0.0,0.0,0.0,0.0,0.0,0.0,1.0,1.0,6.0,1.0,0.0,0.0,0.0,0.0,0.0,0.0,0.0,0.0,0.0,0.0,0.0,0.0,0.0,0.0,0.0,0.0,0.0,0.0,0.0,0.0,0.0,0.0,0.0,0.0,0.0,0.0,0.0,0.0,0.0,0.0,0.0,0.0,0.0,0.0,0.0,0.0,0.0,0.0,0.0,0.0,0.0,0.0,0.0,0.0,0.0,0.0,0.0,0.0,0.0,0.0,0.0,0.0,0.0,0.0,0.0,0.0,0.0,0.0,0.0,0.0,0.0,0.0,0.0,0.0,0.0,0.0,0.0,0.0,0.0,0.0,0.0,0.0,0.0,0.0,0.0,0.0,0.0,0.0,0.0,0.0,0.0,0.0,0.0,0.0,0.0,0.0,0.0,0.0,0.0,0.0,0.0,0.0,0.0,0.0,0.0,0.0,0.0,0.0,0.0,0.0,0.0,0.0,0.0,0.0,0.0,0.0,0.0,0.0,0.0,0.0,0.0,0.0,0.0,0.0,0.0,0.0,0.0,0.0,0.0,0.0,0.0,0.0,0.0,0.0,0.0,0.0,0.0,0.0,0.0,0.0,0.0,0.0,0.0,0.0,0.0,0.0,0.0,0.0,0.0,0.0,0.0,0.0,0.0,0.0,0.0,0.0,0.0,0.0,0.0,0.0,0.0,0.0,0.0,0.0,0.0,0.0,0.0,0.0,0.0,0.0,0.0,0.0,0.0,0.0,0.0,0.0,0.0,0.0,0.0,0.0,0.0,0.0,0.0,0.0,0.0,0.0,0.0,0.0,0.0,0.0,0.0,0.0,0.0,0.0,0.0,0.0,0.0,0.0,0.0,0.0,0.0,0.0,0.0,0.0,0.0,0.0,0.0,0.0,0.0,0.0,0.0,0.0,0.0,0.0,0,0,0,0,0,0,0,0,c1cc[nH+]cc1,murcko,train,0,0,0,0,0,0,0,0,0,0,0,0,0,0,0,0,0,0,0,0,0,0,0,0,0,0,1,0,0,0,0,0,0,1,0,0,0,0,1,0,0,0,0,0,0,1,0,0,0,0,0,0,0,0,0,0,0,0,0,0,0,0,0,0,1,0,0,0,0,0,0,0,1,0,0,0,0,0,0,1,1,1,0,0,0,0,0,0,0,0,0,0,0,0,0,0,0,0,0,0,0,0,0,0,0,0,0,0,0,0,0,0,0,0,0,0,0,0,0,1,0,0,0,0,0,0,0,0,0,0,0,0,0,1,0,0,0,0,0,0,0,0,0,0,0,0,0,0,0,0,0,1,0,0,0,0,0,1,0,0,0,0,1,0,1,0,0,1,0,0,0,0,0,0,0,0,0,0,0,0,0,0,0,0,0,0,0,0,0,0,0,0,0,0,0,0,0,0,0,0,0,0,0,0,0,0,0,1,0,0,0,0,0,0,0,1,0,0,0,0,0,0,0,0,0,0,0,0,0,0,0,0,0,0,0,1,0,0,0,0,0,0,0,0,0,0,0,0,0,0,0,0,0,0,0,0,0.1682694500299746,-0.20512568184676755,-0.016797384984309202,0.3733951318767421,0.20512568184676755,0.49519769596048413,-0.7975506256780498,2.2824883192104513,1.1779166666666667,2.2824883192104513,1.1779166666666667,1.1045716525437845,1.730202492938559,0.5522858262718923,0.9053283213425221,2.7101914662364015,0.0,0.0,0.0,0.0,70.7529726351727,0.0,0.0,42.08362519609297,0.0,0.0,0.0,113.24032795979812,112.83659783126566,12.891058768174391,12.112139534500114,8.931851652578137,7.87306566003104,15.208309037900875,11.252383716959223,8.271570124549214,102.0,0.0,0.1682694500299746,-0.20512568184676755,0.20512568184676755,0.1682694500299746,3.88,4.895000000000005,78.48100000000007,0.0,2.4823529411764707
11804,CCCC(C)COC(=O)c1ccccc1O,0,11804,CCCC(C)COC(=O)c1ccccc1O,11804,CCCC(C)COC(=O)c1ccccc1O,CCCC(C)COC(=O)c1ccccc1O,CCCC(C)COC(=O)c1ccccc1O,CCCC(C)COC(=O)c1ccccc1O,11804.0,1.0,0.0,0.0,0.0,0.0,0.0,0.0,c1ccccc1,222.284,2.985200000000002,46.53,1.0,3.0,5.0,1.0,1.0,3.0,0.4615384615384615,16.0,0.0,0.0,0.0,0.0,0.0,0.0,0.0,0.0,0.0,0.0,0.0,0.0,0.0,0.0,0.0,0.0,0.0,0.0,0.0,0.0,0.0,0.0,0.0,0.0,0.0,0.0,0.0,0.0,0.0,0.0,0.0,0.0,1.0,1.0,1.0,1.0,0.0,0.0,0.0,0.0,0.0,0.0,0.0,0.0,1.0,1.0,0.0,0.0,0.0,0.0,0.0,0.0,0.0,0.0,1.0,1.0,6.0,1.0,0.0,0.0,0.0,0.0,0.0,0.0,0.0,0.0,0.0,0.0,0.0,0.0,0.0,0.0,0.0,0.0,0.0,0.0,0.0,0.0,0.0,0.0,0.0,0.0,0.0,0.0,0.0,0.0,0.0,0.0,0.0,0.0,0.0,0.0,0.0,0.0,0.0,0.0,0.0,0.0,0.0,0.0,0.0,0.0,0.0,0.0,0.0,0.0,0.0,0.0,0.0,0.0,0.0,0.0,0.0,0.0,0.0,0.0,0.0,0.0,0.0,0.0,0.0,0.0,0.0,0.0,0.0,0.0,0.0,0.0,0.0,0.0,0.0,0.0,0.0,0.0,0.0,0.0,0.0,0.0,0.0,0.0,0.0,0.0,0.0,0.0,0.0,0.0,0.0,0.0,0.0,0.0,0.0,0.0,0.0,0.0,0.0,0.0,0.0,0.0,0.0,0.0,0.0,0.0,0.0,0.0,0.0,0.0,0.0,0.0,0.0,0.0,0.0,0.0,0.0,0.0,0.0,0.0,0.0,0.0,0.0,0.0,0.0,0.0,0.0,0.0,0.0,0.0,0.0,0.0,0.0,0.0,0.0,0.0,0.0,0.0,0.0,0.0,0.0,0.0,0.0,0.0,0.0,0.0,0.0,0.0,0.0,0.0,0.0,0.0,0.0,0.0,0.0,0.0,0.0,0.0,0.0,0.0,0.0,0.0,0.0,0.0,0.0,0.0,0.0,0.0,0.0,0.0,0.0,0.0,0.0,0.0,0.0,0.0,0.0,0.0,0.0,0.0,0.0,0.0,0.0,0.0,0.0,0.0,0.0,0.0,0.0,0.0,0.0,0.0,0.0,0.0,0.0,0.0,0.0,0.0,0.0,0.0,0.0,0.0,0.0,0.0,0.0,0.0,0,0,0,0,0,0,1,0,c1ccccc1,murcko,train,0,1,0,0,0,0,0,0,0,0,0,0,0,0,0,0,0,0,0,0,0,0,0,0,0,0,1,1,0,0,0,0,1,1,0,0,0,0,1,1,0,0,0,0,0,0,0,0,0,0,0,0,0,0,0,0,0,0,0,0,0,0,0,0,1,0,1,0,0,0,0,1,0,0,0,0,0,0,0,0,1,1,0,0,0,0,0,1,0,0,0,0,0,0,0,0,0,0,0,0,1,0,0,0,0,0,0,0,1,0,0,0,0,0,0,0,0,0,1,0,0,0,0,0,0,1,0,0,0,0,0,0,0,0,0,0,0,1,1,0,0,0,0,0,0,1,0,1,0,0,0,0,0,0,0,0,0,0,0,0,0,0,0,0,0,0,0,1,0,0,0,0,0,0,0,1,0,1,0,0,0,0,0,1,0,0,0,1,0,0,0,0,0,0,0,0,0,0,0,1,0,0,0,0,0,0,0,0,0,0,0,0,0,0,1,1,1,0,0,0,0,0,0,0,0,0,0,1,0,0,0,0,0,0,0,0,0,0,0,0,0,0,0,0,0,0,0,0,0,0,0,0,0,0,0,0,0.3414178832320425,-0.5070527991570535,-0.06056767273643281,0.848470682389096,0.5070527991570535,0.6665266618175382,-1.6356094256004632,11.591990268329553,0.03181056836314755,11.591990268329553,-0.45735827664399076,11.560179699966406,5.81190041834635,5.780089849983203,0.08650384561088666,2.9219430276566234,5.969305287951849,11.3129633249809,12.52478801067431,12.841643245852019,6.06636706846161,18.19910120538483,6.923737199690624,6.923737199690624,4.736862953800049,9.901064578912528,0.0,96.0552990020199,95.39957007539935,11.966255326250886,9.771781865935457,7.6470657077414055,5.59883412330218,12.559013112491373,6.155495300837926,3.570505157744326,88.0,0.0,0.3414178832320425,-0.5070527991570535,0.5070527991570535,0.3414178832320425,46.53,2.985200000000002,62.461300000000044,0.0,1.5846153846153848
3649,Nc1ccc([N+](=O)[O-])c(C(=O)O)c1,0,3649,Nc1ccc([N+](=O)[O-])c(C(=O)O)c1,3649,Nc1ccc([N+](=O)[O-])c(C(=O)O)c1,Nc1ccc([N+](=O)[O-])c(C(=O)O)c1,Nc1ccc([N+](=O)[O-])c(C(=O)O)c1,Nc1ccc([N+](=O)[O-])c(C(=O)O)c1,3649.0,1.0,0.0,0.0,0.0,0.0,0.0,0.0,c1ccccc1,182.135,0.8752,106.46,2.0,4.0,2.0,1.0,1.0,6.0,0.0,13.0,0.0,1.0,0.0,0.0,0.0,0.0,0.0,0.0,0.0,0.0,0.0,0.0,0.0,0.0,0.0,0.0,2.0,1.0,0.0,0.0,0.0,0.0,0.0,0.0,0.0,0.0,0.0,0.0,0.0,0.0,0.0,0.0,0.0,0.0,0.0,0.0,0.0,0.0,0.0,0.0,1.0,1.0,0.0,0.0,0.0,0.0,0.0,0.0,0.0,0.0,0.0,0.0,0.0,0.0,1.0,1.0,6.0,1.0,0.0,0.0,0.0,0.0,0.0,0.0,0.0,0.0,0.0,0.0,0.0,0.0,0.0,0.0,0.0,0.0,0.0,0.0,0.0,0.0,0.0,0.0,0.0,0.0,0.0,0.0,0.0,0.0,0.0,0.0,0.0,0.0,0.0,0.0,0.0,0.0,0.0,0.0,0.0,0.0,0.0,0.0,0.0,0.0,0.0,0.0,0.0,0.0,0.0,0.0,1.0,1.0,0.0,0.0,1.0,1.0,0.0,0.0,0.0,0.0,1.0,1.0,0.0,0.0,0.0,0.0,0.0,0.0,0.0,0.0,0.0,0.0,0.0,0.0,0.0,0.0,0.0,0.0,0.0,0.0,0.0,0.0,0.0,0.0,0.0,0.0,0.0,0.0,0.0,0.0,0.0,0.0,0.0,0.0,0.0,0.0,0.0,0.0,0.0,0.0,0.0,0.0,0.0,0.0,0.0,0.0,0.0,0.0,0.0,0.0,0.0,0.0,0.0,0.0,0.0,0.0,0.0,0.0,0.0,0.0,0.0,0.0,0.0,0.0,0.0,0.0,0.0,0.0,0.0,0.0,0.0,0.0,0.0,0.0,0.0,0.0,0.0,0.0,0.0,0.0,0.0,0.0,0.0,0.0,0.0,0.0,0.0,0.0,0.0,0.0,0.0,0.0,0.0,0.0,0.0,0.0,0.0,0.0,0.0,0.0,0.0,0.0,0.0,0.0,0.0,0.0,0.0,0.0,0.0,0.0,0.0,0.0,0.0,0.0,0.0,0.0,0.0,0.0,0.0,0.0,0.0,0.0,0.0,0.0,0.0,0.0,0.0,0.0,0.0,0.0,0.0,0.0,0.0,0.0,0.0,0.0,0.0,0.0,1.0,3.0,1.0,3.0,0.0,0.0,1,0,1,0,0,0,0,0,c1ccccc1,murcko,train,0,0,0,0,0,0,0,0,0,0,0,1,0,0,0,0,0,0,0,0,0,0,0,1,0,0,0,0,0,0,0,0,0,0,0,0,0,0,0,1,0,0,0,0,0,0,0,0,0,0,0,0,0,0,0,0,0,0,0,0,0,0,0,0,0,0,0,0,1,0,1,0,0,0,0,0,0,0,0,0,0,1,0,0,0,0,0,0,0,0,0,0,0,0,0,0,0,0,1,0,1,0,0,0,0,0,0,1,0,0,0,0,0,0,0,0,0,0,0,1,1,0,0,0,0,1,0,0,0,0,0,0,0,1,0,1,0,0,1,0,0,0,0,0,1,0,0,1,0,0,0,0,0,0,0,0,0,0,0,0,0,0,0,0,0,0,0,0,0,0,0,1,0,0,0,0,0,1,0,0,0,0,0,0,0,0,0,0,0,0,1,0,0,0,0,0,0,0,0,1,1,0,0,1,1,0,0,0,0,0,0,0,0,0,1,0,0,0,0,0,0,0,0,0,0,0,0,0,0,0,0,0,0,0,0,0,0,0,0,0,0,1,0,0,0,0,0,0,0,0,0,0,0,0,0,0,0.34230488155031974,-0.47745386426736985,-0.062236333631916926,0.8197587458176896,0.47745386426736985,0.879615244341498,-1.6886875815564177,10.518425925925925,0.18333333333333357,10.518425925925925,-1.3620370370370367,10.335092592592591,5.350879629629629,5.167546296296296,0.09675772045977836,2.770358615974713,22.143454103150077,5.687386274683562,0.0,12.13273413692322,6.06636706846161,0.0,0.0,0.0,10.84019487200289,14.908855452837393,0.0,72.74496750564586,71.77899190805876,10.008071689507773,6.428573139150009,6.019744507803582,3.2931951187093986,8.981827364554638,3.095651186710396,1.7253864464547894,68.0,0.0,0.34230488155031974,-0.47745386426736985,0.47745386426736985,0.34230488155031974,106.46,0.8752,44.46810000000001,2.3,0.4
6066,C=C(C)C(=O)OCC(O)COC(=O)C(=C)C,1,6066,C=C(C)C(=O)OCC(O)COC(=O)C(=C)C,6066,C=C(C)C(=O)OCC(O)COC(=O)C(=C)C,C=C(C)C(=O)OCC(O)COC(=O)C(=C)C,C=C(C)C(=O)OCC(O)COC(=O)C(=C)C,C=C(C)C(=O)OCC(O)COC(=O)C(=C)C,6066.0,1.0,0.0,0.0,0.0,0.0,0.0,0.0,,228.24399999999997,0.5859000000000001,72.83000000000001,1.0,5.0,6.0,0.0,0.0,5.0,0.4545454545454545,16.0,0.0,0.0,0.0,0.0,0.0,0.0,0.0,0.0,0.0,0.0,0.0,0.0,0.0,0.0,0.0,0.0,0.0,0.0,0.0,0.0,0.0,0.0,0.0,0.0,0.0,0.0,0.0,0.0,0.0,0.0,1.0,1.0,0.0,0.0,2.0,1.0,0.0,0.0,0.0,0.0,0.0,0.0,0.0,0.0,2.0,1.0,0.0,0.0,0.0,0.0,2.0,1.0,0.0,0.0,0.0,0.0,0.0,0.0,0.0,0.0,0.0,0.0,0.0,0.0,0.0,0.0,0.0,0.0,0.0,0.0,0.0,0.0,0.0,0.0,0.0,0.0,0.0,0.0,0.0,0.0,0.0,0.0,0.0,0.0,0.0,0.0,0.0,0.0,0.0,0.0,0.0,0.0,0.0,0.0,0.0,0.0,0.0,0.0,0.0,0.0,0.0,0.0,0.0,0.0,0.0,0.0,0.0,0.0,0.0,0.0,0.0,0.0,0.0,0.0,0.0,0.0,0.0,0.0,0.0,0.0,0.0,0.0,0.0,0.0,0.0,0.0,0.0,0.0,0.0,0.0,0.0,0.0,0.0,0.0,0.0,0.0,0.0,0.0,0.0,0.0,0.0,0.0,0.0,0.0,0.0,0.0,0.0,0.0,0.0,0.0,0.0,0.0,0.0,0.0,0.0,0.0,0.0,0.0,0.0,0.0,0.0,0.0,0.0,0.0,0.0,0.0,0.0,0.0,2.0,1.0,0.0,0.0,0.0,0.0,0.0,0.0,0.0,0.0,0.0,0.0,0.0,0.0,0.0,0.0,0.0,0.0,0.0,0.0,0.0,0.0,0.0,0.0,0.0,0.0,0.0,0.0,0.0,0.0,0.0,0.0,0.0,0.0,0.0,0.0,0.0,0.0,0.0,0.0,0.0,0.0,0.0,0.0,0.0,0.0,0.0,0.0,0.0,0.0,0.0,0.0,0.0,0.0,0.0,0.0,0.0,0.0,0.0,0.0,0.0,0.0,0.0,0.0,0.0,0.0,0.0,0.0,0.0,0.0,0.0,0.0,0.0,0.0,0.0,0.0,0.0,0.0,0.0,0.0,0.0,0.0,0.0,0.0,0.0,0.0,0.0,0.0,1.0,1.0,1.0,1.0,0.0,0.0,0,0,0,0,1,0,0,0,ACY_**(***(*)*(*)*)***(*)*(*)*,acyclic_anonymous_graph,train,0,1,0,0,0,0,0,0,0,0,0,1,0,0,0,0,0,0,0,0,0,0,0,0,0,0,0,0,0,0,0,0,0,1,0,0,0,0,0,1,0,0,0,0,0,0,0,0,0,0,0,0,0,0,0,0,0,0,0,0,0,0,0,0,0,0,0,0,0,0,0,0,0,1,0,0,0,0,0,0,1,0,0,0,0,0,1,0,0,0,0,0,0,0,0,0,0,0,0,0,0,0,0,0,0,0,0,0,0,0,0,0,0,0,0,0,0,0,1,0,0,0,0,0,0,1,0,0,0,0,0,0,0,0,0,0,0,0,1,0,0,0,0,0,0,0,0,1,0,0,0,0,0,0,0,0,1,0,0,0,0,0,0,0,0,0,0,0,0,0,0,0,0,0,0,0,0,0,1,0,0,0,0,1,1,0,0,0,0,0,0,0,0,0,0,0,0,0,0,0,0,0,0,0,0,0,0,0,0,1,0,0,0,0,0,0,0,0,0,0,0,0,0,0,0,0,0,1,0,0,0,0,0,0,0,0,0,0,0,0,0,1,0,0,0,0,1,0,0,1,0,0,0,0,1,0,0.3327001778526817,-0.4594549579042309,-0.05994862054189913,0.7921551357569125,0.4594549579042309,1.0830672728214035,-2.04224520149179,10.938892563198118,0.24090891912320433,10.938892563198118,-1.0494444444444448,10.697983644074913,5.589900741160662,5.348991822037457,0.09347555887822383,2.9208298811837023,18.042576963652003,24.35997298916437,0.0,0.0,13.847474399381248,0.0,0.0,22.631597274797095,0.0,14.69560176298435,0.0,94.35383451872443,93.57722338997907,12.71517847069432,9.485984151291227,7.341111712849498,4.675649101978787,14.379999999999999,6.788875723190152,5.975542972832349,90.0,0.0,0.3327001778526817,-0.4594549579042309,0.4594549579042309,0.3327001778526817,72.83000000000001,0.5859000000000001,57.552800000000026,0.8999999999999999,1.781818181818182
6892,CN(C)c1ccc(C(=C2C=CC(=[N+](C)C)C=C2)c2ccccc2)cc1,0,6892,CN(C)c1ccc(C(=C2C=CC(=[N+](C)C)C=C2)c2ccccc2)cc1,6892,CN(C)c1ccc(C(=C2C=CC(=[N+](C)C)C=C2)c2ccccc2)cc1,CN(C)c1ccc(C(=C2C=CC(=[N+](C)C)C=C2)c2ccccc2)cc1,CN(C)c1ccc(C(=C2C=CC(=[N+](C)C)C=C2)c2ccccc2)cc1,CN(C)c1ccc(C(=C2C=CC(=[N+](C)C)C=C2)c2ccccc2)cc1,6892.0,1.0,0.0,0.0,0.0,0.0,0.0,0.0,[N+]=C1C=CC(=C(c2ccccc2)c2ccccc2)C=C1,329.467,4.393600000000004,6.25,0.0,1.0,3.0,3.0,2.0,2.0,0.1739130434782608,25.0,1.0,1.0,0.0,0.0,0.0,0.0,0.0,0.0,0.0,0.0,0.0,0.0,0.0,0.0,0.0,0.0,1.0,1.0,0.0,0.0,0.0,0.0,0.0,0.0,0.0,0.0,0.0,0.0,0.0,0.0,0.0,0.0,0.0,0.0,0.0,0.0,0.0,0.0,0.0,0.0,0.0,0.0,0.0,0.0,0.0,0.0,0.0,0.0,0.0,0.0,3.0,1.0,0.0,0.0,2.0,1.0,12.0,1.0,0.0,0.0,0.0,0.0,0.0,0.0,0.0,0.0,0.0,0.0,0.0,0.0,0.0,0.0,0.0,0.0,0.0,0.0,0.0,0.0,0.0,0.0,0.0,0.0,0.0,0.0,0.0,0.0,0.0,0.0,0.0,0.0,0.0,0.0,0.0,0.0,0.0,0.0,0.0,0.0,0.0,0.0,0.0,0.0,0.0,0.0,0.0,0.0,0.0,0.0,0.0,0.0,0.0,0.0,0.0,0.0,0.0,0.0,0.0,0.0,0.0,0.0,0.0,0.0,1.0,1.0,0.0,0.0,0.0,0.0,0.0,0.0,0.0,0.0,0.0,0.0,0.0,0.0,0.0,0.0,0.0,0.0,0.0,0.0,0.0,0.0,0.0,0.0,0.0,0.0,0.0,0.0,0.0,0.0,0.0,0.0,0.0,0.0,0.0,0.0,0.0,0.0,0.0,0.0,0.0,0.0,0.0,0.0,0.0,0.0,0.0,0.0,0.0,0.0,0.0,0.0,0.0,0.0,0.0,0.0,0.0,0.0,0.0,0.0,0.0,0.0,0.0,0.0,0.0,0.0,0.0,0.0,2.0,1.0,0.0,0.0,0.0,0.0,0.0,0.0,0.0,0.0,0.0,0.0,0.0,0.0,0.0,0.0,0.0,0.0,0.0,0.0,0.0,0.0,0.0,0.0,0.0,0.0,0.0,0.0,0.0,0.0,0.0,0.0,0.0,0.0,0.0,0.0,0.0,0.0,0.0,0.0,0.0,0.0,0.0,0.0,0.0,0.0,0.0,0.0,0.0,0.0,0.0,0.0,0.0,0.0,0.0,0.0,0.0,0.0,0.0,0.0,0.0,0.0,0.0,0.0,0.0,0.0,1.0,2.0,1.0,2.0,0.0,0.0,0,0,1,0,0,0,0,0,[N+]=C1C=CC(=C(c2ccccc2)c2ccccc2)C=C1,murcko,train,0,0,0,0,0,0,0,0,0,1,0,0,0,0,0,0,0,0,0,1,0,0,0,0,0,0,0,0,0,0,0,0,0,1,0,1,0,0,0,1,0,0,0,0,0,0,0,0,0,0,0,0,0,0,0,0,0,0,0,0,0,0,0,0,1,0,0,0,0,0,0,0,1,0,0,0,0,1,0,0,0,1,0,0,0,0,0,0,0,0,1,0,0,0,0,0,0,0,0,1,1,1,0,0,0,1,0,0,0,0,0,1,0,1,0,0,0,0,0,0,0,0,0,0,0,0,0,0,0,0,0,0,0,1,0,1,0,0,0,1,0,0,0,1,0,0,0,0,0,0,0,0,0,0,0,0,0,0,0,0,0,1,0,0,1,0,0,0,0,0,0,1,0,0,0,1,0,0,0,0,0,0,0,0,0,0,0,0,0,0,0,0,1,1,0,0,0,0,0,0,0,0,0,0,0,0,0,0,0,0,0,0,0,0,1,0,1,0,0,0,0,0,0,0,0,1,0,0,0,0,0,0,0,0,0,0,0,0,0,0,0,0,0,0,0,0,0,0,1,0,0,0,0,0,0,0,0.19895934181831149,-0.37766090538434605,-0.028239770131095625,0.5766202472026576,0.37766090538434605,0.532359986049629,-1.2383542393270197,2.2058767951625096,1.2075160992873837,2.2058767951625096,1.2075160992873837,0.9983606958751259,1.7066964472249466,0.49918034793756294,1.001641995855453,2.9175955894547627,0.0,0.0,0.0,0.0,33.67218332098679,0.0,0.0,116.56750756452911,0.0,0.0,0.0,150.29334797650048,150.23969088551587,17.811190308942127,15.399980690465057,12.0585506480638,8.539485990114585,16.96937176184602,7.350459182582858,3.796634327038776,126.0,0.0,0.19895934181831149,-0.37766090538434605,0.37766090538434605,0.19895934181831149,6.25,4.393600000000004,108.62840000000001,1.1,0.6695652173913044
11255,CC(O)S(=O)(=O)O,1,11255,CC(O)S(=O)(=O)O,11255,CC(O)S(=O)(=O)O,CC(O)S(=O)(=O)O,CC(O)S(=O)(=O)O,CC(O)S(=O)(=O)O,11255.0,1.0,0.0,0.0,0.0,0.0,0.0,0.0,,126.13299999999998,-0.7875000000000001,74.6,2.0,3.0,1.0,0.0,0.0,5.0,1.0,7.0,0.0,0.0,0.0,0.0,0.0,0.0,0.0,0.0,0.0,0.0,0.0,0.0,0.0,0.0,0.0,0.0,0.0,0.0,0.0,0.0,0.0,0.0,0.0,0.0,0.0,0.0,0.0,0.0,0.0,0.0,1.0,1.0,0.0,0.0,0.0,0.0,0.0,0.0,0.0,0.0,0.0,0.0,0.0,0.0,0.0,0.0,0.0,0.0,0.0,0.0,0.0,0.0,0.0,0.0,0.0,0.0,0.0,0.0,0.0,0.0,0.0,0.0,0.0,0.0,0.0,0.0,0.0,0.0,0.0,0.0,0.0,0.0,0.0,0.0,0.0,0.0,1.0,1.0,0.0,0.0,1.0,1.0,0.0,0.0,0.0,0.0,0.0,0.0,0.0,0.0,0.0,0.0,0.0,0.0,0.0,0.0,0.0,0.0,0.0,0.0,0.0,0.0,0.0,0.0,0.0,0.0,0.0,0.0,0.0,0.0,0.0,0.0,0.0,0.0,0.0,0.0,0.0,0.0,0.0,0.0,0.0,0.0,0.0,0.0,0.0,0.0,0.0,0.0,0.0,0.0,0.0,0.0,0.0,0.0,0.0,0.0,0.0,0.0,0.0,0.0,0.0,0.0,0.0,0.0,0.0,0.0,0.0,0.0,0.0,0.0,0.0,0.0,0.0,0.0,0.0,0.0,0.0,0.0,0.0,0.0,0.0,0.0,0.0,0.0,0.0,0.0,0.0,0.0,0.0,0.0,0.0,0.0,0.0,0.0,0.0,0.0,0.0,0.0,0.0,0.0,0.0,0.0,0.0,0.0,0.0,0.0,0.0,0.0,0.0,0.0,0.0,0.0,0.0,0.0,0.0,0.0,0.0,0.0,0.0,0.0,0.0,0.0,0.0,0.0,0.0,0.0,0.0,0.0,0.0,0.0,0.0,0.0,0.0,0.0,0.0,0.0,0.0,0.0,0.0,0.0,0.0,0.0,0.0,0.0,0.0,0.0,0.0,0.0,0.0,0.0,0.0,0.0,0.0,0.0,0.0,0.0,0.0,0.0,0.0,0.0,0.0,0.0,0.0,0.0,0.0,0.0,0.0,0.0,0.0,0.0,0.0,0.0,0.0,0.0,0.0,0.0,0.0,0.0,0.0,0.0,0.0,0.0,0,0,0,0,0,0,0,0,ACY_**(*)*(*)(*)*,acyclic_anonymous_graph,train,0,1,0,0,0,0,0,0,0,0,0,0,0,0,0,0,0,0,0,0,0,0,0,0,0,0,0,1,0,0,0,0,0,1,0,0,0,0,0,1,0,0,0,0,0,0,0,0,0,0,0,0,0,0,0,0,0,0,0,0,0,0,0,0,0,0,0,0,0,0,0,0,0,0,0,0,0,0,0,0,1,0,0,0,0,0,0,0,0,0,0,0,0,0,1,0,0,0,0,0,0,0,0,0,0,0,1,0,0,0,0,0,0,0,0,0,0,0,0,0,0,0,1,0,0,0,0,0,0,0,0,0,0,0,0,0,0,0,1,0,0,0,0,0,0,0,0,0,0,0,0,0,0,0,0,0,0,0,0,0,0,0,0,0,0,0,0,0,0,0,0,0,0,0,0,0,0,0,0,0,0,0,0,0,0,0,0,0,0,0,0,0,0,1,0,0,1,0,0,0,0,0,0,0,0,0,0,0,0,0,0,0,0,0,0,0,0,0,0,0,0,0,0,0,0,0,0,1,0,0,0,0,0,0,0,0,0,0,0,0,0,0,0,0,0,0,0,0,0,0,0,0,0,0,0,0,0.29119933389996916,-0.37523853232755305,-0.08656809122257281,0.6664378662275222,0.37523853232755305,0.4683922335867541,-1.0743688721447637,9.636574074074074,0.9675925925925926,9.636574074074074,-4.185185185185184,8.668981481481481,5.302083333333334,4.3344907407407405,0.11535380507343125,3.2428362817089464,15.554125230602637,0.0,0.0,6.923737199690624,0.0,0.0,0.0,0.0,9.65927726853107,8.417796984328938,0.0,41.527062904462795,40.554936683153265,6.077350269189626,3.696522331581131,2.9433756729740645,1.5871589385006917,6.869999999999999,1.769492735478902,2.5514310051107323,44.0,0.0,0.29119933389996916,-0.37523853232755305,0.37523853232755305,0.29119933389996916,74.6,-0.7875000000000001,23.229399999999995,0.0,0.6000000000000001
7673,CNc1ccc(C(O)(c2ccc(N(C)C)cc2)c2ccc(N(C)C)cc2)cc1,0,7673,CNc1ccc(C(O)(c2ccc(N(C)C)cc2)c2ccc(N(C)C)cc2)cc1,7673,CNc1ccc(C(O)(c2ccc(N(C)C)cc2)c2ccc(N(C)C)cc2)cc1,CNc1ccc(C(O)(c2ccc(N(C)C)cc2)c2ccc(N(C)C)cc2)cc1,CNc1ccc(C(O)(c2ccc(N(C)C)cc2)c2ccc(N(C)C)cc2)cc1,CNc1ccc(C(O)(c2ccc(N(C)C)cc2)c2ccc(N(C)C)cc2)cc1,7673.0,1.0,0.0,0.0,0.0,0.0,0.0,0.0,c1ccc(C(c2ccccc2)c2ccccc2)cc1,375.5160000000001,4.144500000000003,38.74,2.0,4.0,6.0,3.0,3.0,4.0,0.25,28.0,0.0,0.0,0.0,0.0,0.0,0.0,0.0,0.0,0.0,0.0,0.0,0.0,0.0,0.0,0.0,0.0,3.0,1.0,0.0,0.0,0.0,0.0,0.0,0.0,0.0,0.0,0.0,0.0,0.0,0.0,1.0,1.0,0.0,0.0,0.0,0.0,0.0,0.0,0.0,0.0,0.0,0.0,0.0,0.0,0.0,0.0,0.0,0.0,0.0,0.0,0.0,0.0,0.0,0.0,3.0,1.0,18.0,1.0,0.0,0.0,0.0,0.0,0.0,0.0,0.0,0.0,0.0,0.0,0.0,0.0,0.0,0.0,0.0,0.0,0.0,0.0,0.0,0.0,0.0,0.0,0.0,0.0,0.0,0.0,0.0,0.0,0.0,0.0,0.0,0.0,0.0,0.0,0.0,0.0,0.0,0.0,0.0,0.0,0.0,0.0,0.0,0.0,0.0,0.0,0.0,0.0,0.0,0.0,0.0,0.0,0.0,0.0,1.0,1.0,0.0,0.0,0.0,0.0,0.0,0.0,1.0,1.0,2.0,1.0,0.0,0.0,0.0,0.0,0.0,0.0,0.0,0.0,0.0,0.0,0.0,0.0,0.0,0.0,0.0,0.0,0.0,0.0,0.0,0.0,0.0,0.0,0.0,0.0,0.0,0.0,0.0,0.0,0.0,0.0,0.0,0.0,0.0,0.0,0.0,0.0,0.0,0.0,0.0,0.0,0.0,0.0,0.0,0.0,0.0,0.0,0.0,0.0,0.0,0.0,0.0,0.0,0.0,0.0,0.0,0.0,0.0,0.0,0.0,0.0,0.0,0.0,0.0,0.0,0.0,0.0,0.0,0.0,0.0,0.0,0.0,0.0,0.0,0.0,0.0,0.0,0.0,0.0,0.0,0.0,0.0,0.0,0.0,0.0,0.0,0.0,0.0,0.0,0.0,0.0,0.0,0.0,0.0,0.0,0.0,0.0,0.0,0.0,0.0,0.0,0.0,0.0,0.0,0.0,0.0,0.0,0.0,0.0,0.0,0.0,0.0,0.0,0.0,0.0,0.0,0.0,0.0,0.0,0.0,0.0,0.0,0.0,0.0,0.0,0.0,0.0,0.0,0.0,0.0,0.0,0.0,0.0,1.0,3.0,1.0,3.0,0.0,0.0,0,0,1,0,0,0,0,0,c1ccc(C(c2ccccc2)c2ccccc2)cc1,murcko,train,0,0,0,0,0,0,0,0,0,0,0,0,0,0,0,0,0,0,0,0,0,0,0,0,0,0,0,0,1,0,0,0,0,1,0,0,0,0,0,1,0,0,0,0,0,0,0,0,0,0,0,0,0,0,0,0,0,0,0,0,0,0,0,0,0,0,0,0,0,0,0,0,1,0,0,1,0,0,0,0,0,1,0,0,0,0,0,0,0,0,0,0,0,0,0,0,0,0,0,1,1,0,0,0,0,0,0,0,0,0,0,0,0,1,1,0,1,0,0,0,0,0,0,0,0,0,0,0,1,1,0,0,0,0,0,0,0,1,0,1,0,0,1,0,0,0,0,0,0,0,1,0,0,0,0,0,0,0,0,0,0,0,0,0,1,0,0,0,0,0,0,0,0,0,0,0,0,0,0,0,0,0,0,0,0,0,0,0,0,0,0,1,1,0,0,0,0,0,0,0,0,0,0,0,0,0,0,0,0,0,0,0,0,0,1,0,0,0,1,0,0,0,0,0,0,1,0,0,0,0,0,0,0,0,0,0,0,0,0,0,0,0,0,0,0,0,0,0,0,1,1,0,0,0,0,0,0.1400704762919355,-0.38812177408957005,-0.06495236951674055,0.5281922503815055,0.38812177408957005,0.2736908269900405,-2.0923571734587756,12.000249433106577,0.8349130763416479,12.000249433106577,-1.2341695011337874,11.165336356764929,6.417581254724112,5.582668178382464,0.0895629086350017,3.688679664006061,5.601050810983688,0.0,0.0,33.752513299141675,0.0,0.0,108.03476473492529,15.116608065707286,0.0,5.106527394840706,0.0,167.59900749421544,167.61146430559862,20.311190308942123,17.269844016775387,13.356427704426379,9.423776390387527,19.77254725369973,7.947480537592272,3.687217670822189,146.0,0.0,0.1400704762919355,-0.38812177408957005,0.38812177408957005,0.1400704762919355,38.74,4.144500000000003,119.62750000000004,1.3,1.3000000000000003
7908,Nc1cccc(S(=O)(=O)c2cccc(N)c2)c1,1,7908,Nc1cccc(S(=O)(=O)c2cccc(N)c2)c1,7908,Nc1cccc(S(=O)(=O)c2cccc(N)c2)c1,Nc1cccc(S(=O)(=O)c2cccc(N)c2)c1,Nc1cccc(S(=O)(=O)c2cccc(N)c2)c1,Nc1cccc(S(=O)(=O)c2cccc(N)c2)c1,7908.0,1.0,0.0,0.0,0.0,0.0,0.0,0.0,O=S(=O)(c1ccccc1)c1ccccc1,248.307,1.6838000000000002,86.18,2.0,4.0,2.0,2.0,2.0,5.0,0.0,17.0,0.0,0.0,0.0,0.0,0.0,0.0,0.0,0.0,0.0,0.0,0.0,0.0,0.0,0.0,0.0,0.0,2.0,1.0,0.0,0.0,0.0,0.0,0.0,0.0,0.0,0.0,0.0,0.0,0.0,0.0,0.0,0.0,0.0,0.0,0.0,0.0,0.0,0.0,0.0,0.0,0.0,0.0,0.0,0.0,0.0,0.0,0.0,0.0,0.0,0.0,0.0,0.0,0.0,0.0,2.0,1.0,12.0,1.0,0.0,0.0,0.0,0.0,0.0,0.0,0.0,0.0,0.0,0.0,0.0,0.0,0.0,0.0,0.0,0.0,0.0,0.0,2.0,1.0,0.0,0.0,0.0,0.0,0.0,0.0,0.0,0.0,0.0,0.0,0.0,0.0,0.0,0.0,0.0,0.0,0.0,0.0,0.0,0.0,0.0,0.0,0.0,0.0,0.0,0.0,0.0,0.0,0.0,0.0,2.0,1.0,0.0,0.0,2.0,1.0,0.0,0.0,0.0,0.0,0.0,0.0,0.0,0.0,0.0,0.0,0.0,0.0,0.0,0.0,0.0,0.0,0.0,0.0,0.0,0.0,0.0,0.0,0.0,0.0,0.0,0.0,0.0,0.0,0.0,0.0,0.0,0.0,0.0,0.0,0.0,0.0,0.0,0.0,0.0,0.0,0.0,0.0,0.0,0.0,0.0,0.0,0.0,0.0,0.0,0.0,0.0,0.0,0.0,0.0,0.0,0.0,0.0,0.0,0.0,0.0,0.0,0.0,0.0,0.0,0.0,0.0,0.0,0.0,0.0,0.0,0.0,0.0,0.0,0.0,0.0,0.0,0.0,0.0,0.0,0.0,0.0,0.0,0.0,0.0,0.0,0.0,0.0,0.0,0.0,0.0,0.0,0.0,0.0,0.0,0.0,0.0,0.0,0.0,0.0,0.0,0.0,0.0,0.0,0.0,0.0,0.0,0.0,0.0,0.0,0.0,0.0,0.0,0.0,0.0,0.0,0.0,0.0,0.0,0.0,0.0,0.0,0.0,0.0,0.0,0.0,0.0,0.0,0.0,0.0,0.0,0.0,0.0,0.0,0.0,0.0,0.0,0.0,0.0,0.0,0.0,0.0,0.0,1.0,2.0,1.0,2.0,0.0,0.0,1,1,1,0,0,0,0,0,O=S(=O)(c1ccccc1)c1ccccc1,murcko,train,0,0,0,0,0,0,0,0,0,0,0,0,0,1,0,1,0,0,0,0,0,0,0,0,0,0,0,0,0,0,0,0,0,0,0,1,0,0,0,0,0,0,0,0,0,0,0,0,0,0,0,0,0,0,0,0,0,0,0,0,0,0,0,1,1,0,0,1,0,0,0,0,0,0,0,0,0,0,0,0,0,1,0,0,0,0,0,0,0,0,0,0,0,0,1,0,0,0,0,0,1,0,0,0,0,0,0,1,0,0,0,0,0,0,0,0,0,0,0,0,1,0,0,0,0,0,0,0,0,0,0,0,0,0,0,1,0,0,1,0,0,0,0,0,0,0,0,1,0,0,0,0,0,0,0,0,0,0,0,0,0,0,0,0,0,0,0,0,0,0,0,0,0,0,0,0,0,1,0,0,0,0,0,0,0,0,0,0,1,0,0,0,0,0,0,0,1,0,0,0,0,0,0,0,0,0,0,0,0,0,0,0,0,0,1,0,0,0,0,0,0,0,0,0,0,0,0,0,0,0,0,0,0,0,0,0,0,0,0,0,1,0,0,0,0,0,0,0,0,0,0,0,0,0,0,0,0.2062408055051697,-0.39869379121061294,-0.06691363029755802,0.6049345967157826,0.39869379121061294,0.4189899667016424,-1.5565216817601286,12.22712962962963,0.16953703703703726,12.22712962962963,-3.5439814814814805,12.057592592592593,6.198333333333333,6.028796296296297,0.0829352951114251,3.1863189783600308,9.837253136417502,9.79096695103555,11.374772549367124,0.0,24.26546827384644,24.26546827384644,0.0,0.0,11.46733495432437,8.417796984328938,0.0,99.793677101373,99.41906112316636,12.466255326250886,8.99824756328785,7.998037131279782,4.96166630307866,11.47466814585883,4.101809822106994,2.236161413591126,88.0,0.0,0.2062408055051697,-0.39869379121061294,0.39869379121061294,0.2062408055051697,86.18,1.6838000000000002,67.16060000000002,2.1,0.4
2464,C=CCOC(=O)c1cccc(C(=O)OCC=C)c1,1,2464,C=CCOC(=O)c1cccc(C(=O)OCC=C)c1,2464,C=CCOC(=O)c1cccc(C(=O)OCC=C)c1,C=CCOC(=O)c1cccc(C(=O)OCC=C)c1,C=CCOC(=O)c1cccc(C(=O)OCC=C)c1,C=CCOC(=O)c1cccc(C(=O)OCC=C)c1,2464.0,1.0,0.0,0.0,0.0,0.0,0.0,0.0,c1ccccc1,246.26199999999997,2.3722000000000003,52.60000000000001,0.0,4.0,6.0,1.0,1.0,4.0,0.1428571428571428,18.0,0.0,0.0,0.0,0.0,0.0,0.0,0.0,0.0,0.0,0.0,0.0,0.0,0.0,0.0,0.0,0.0,0.0,0.0,0.0,0.0,0.0,0.0,0.0,0.0,0.0,0.0,0.0,0.0,0.0,0.0,0.0,0.0,0.0,0.0,2.0,1.0,0.0,0.0,0.0,0.0,0.0,0.0,0.0,0.0,2.0,1.0,0.0,0.0,0.0,0.0,2.0,1.0,0.0,0.0,1.0,1.0,6.0,1.0,0.0,0.0,0.0,0.0,0.0,0.0,0.0,0.0,0.0,0.0,0.0,0.0,0.0,0.0,0.0,0.0,0.0,0.0,0.0,0.0,0.0,0.0,0.0,0.0,0.0,0.0,0.0,0.0,0.0,0.0,0.0,0.0,0.0,0.0,0.0,0.0,0.0,0.0,0.0,0.0,0.0,0.0,0.0,0.0,0.0,0.0,0.0,0.0,0.0,0.0,0.0,0.0,0.0,0.0,0.0,0.0,0.0,0.0,0.0,0.0,0.0,0.0,0.0,0.0,0.0,0.0,0.0,0.0,0.0,0.0,0.0,0.0,0.0,0.0,0.0,0.0,0.0,0.0,0.0,0.0,0.0,0.0,0.0,0.0,0.0,0.0,0.0,0.0,0.0,0.0,0.0,0.0,0.0,0.0,0.0,0.0,0.0,0.0,0.0,0.0,0.0,0.0,0.0,0.0,0.0,0.0,0.0,0.0,0.0,0.0,0.0,0.0,0.0,0.0,0.0,0.0,0.0,0.0,0.0,0.0,0.0,0.0,0.0,0.0,0.0,0.0,0.0,0.0,0.0,0.0,0.0,0.0,0.0,0.0,0.0,0.0,0.0,0.0,0.0,0.0,0.0,0.0,0.0,0.0,0.0,0.0,0.0,0.0,0.0,0.0,0.0,0.0,0.0,0.0,0.0,0.0,0.0,0.0,0.0,0.0,0.0,0.0,0.0,0.0,0.0,0.0,0.0,0.0,0.0,0.0,0.0,0.0,0.0,0.0,0.0,0.0,0.0,0.0,0.0,0.0,0.0,0.0,0.0,0.0,0.0,0.0,0.0,0.0,0.0,0.0,0.0,0.0,0.0,0.0,0.0,0.0,0.0,0.0,0.0,0.0,0.0,0.0,0.0,0.0,0,0,0,0,0,0,0,0,c1ccccc1,murcko,train,0,0,0,0,0,0,0,0,0,0,0,0,0,0,0,1,0,0,0,0,0,0,0,0,0,0,0,0,0,0,1,1,0,0,0,0,0,0,0,1,0,0,0,0,0,0,0,0,0,0,0,0,0,0,0,0,0,0,0,0,0,0,0,0,1,0,0,0,0,0,0,0,0,0,0,0,0,0,0,0,1,1,0,0,0,0,1,0,0,0,0,0,0,0,0,0,0,0,0,0,1,0,0,0,0,1,0,1,0,1,0,0,0,0,0,0,0,0,0,0,0,0,0,0,0,1,0,0,0,0,0,0,0,0,0,0,0,0,1,0,0,0,0,0,0,1,0,1,0,0,0,0,0,0,0,0,0,0,0,0,0,0,0,1,0,0,0,0,0,0,0,0,1,0,0,0,0,0,0,0,0,0,1,1,0,0,1,0,0,0,0,0,0,1,0,0,0,0,0,0,0,0,0,0,0,0,0,0,0,0,0,0,0,1,1,0,0,0,0,0,0,0,0,0,0,0,0,0,0,0,0,0,0,0,0,0,0,0,0,0,0,0,1,0,0,0,0,0,0,0,0,0,0,0,0,0,0.33796056911572,-0.4578754447738652,-0.04940976360266783,0.7958360138895852,0.4578754447738652,1.0160371201527452,-1.9054128650007658,11.554140762786595,0.12893999323788274,11.554140762786595,-0.5062308411018728,11.425200769548713,5.841540378012239,5.7126003847743565,0.08752581422159983,2.9866953479623817,11.938610575903699,13.213763929025836,11.126902983393991,0.0,18.218407282129373,18.19910120538483,0.0,13.157871367196995,9.473725907600098,9.589074368143644,0.0,105.52186862940263,104.91745761877846,13.380468888623982,9.9255219017394,8.685070510202191,5.348207217018723,13.70393861892583,7.061335567713757,3.8995417443262017,94.0,0.0,0.33796056911572,-0.4578754447738652,0.4578754447738652,0.33796056911572,52.60000000000001,2.3722000000000003,67.40100000000002,0.0,1.6571428571428573
8353,O=C1C=C(N(O)O)C=CC1=NN=C1C(=O)C=Cc2ccccc21,0,8353,O=C1C=C(N(O)O)C=CC1=NN=C1C(=O)C=Cc2ccccc21,8353,O=C1C=C(N(O)O)C=CC1=NN=C1C(=O)C=Cc2ccccc21,O=C1C=C(N(O)O)C=CC1=NN=C1C(=O)C=Cc2ccccc21,O=C1C=C(N(O)O)C=CC1=NN=C1C(=O)C=Cc2ccccc21,O=C1C=C(N(O)O)C=CC1=NN=C1C(=O)C=Cc2ccccc21,8353.0,1.0,0.0,0.0,0.0,0.0,0.0,0.0,O=C1C=CC=CC1=NN=C1C(=O)C=Cc2ccccc21,309.281,1.5308,102.56,2.0,7.0,2.0,3.0,1.0,7.0,0.0,23.0,0.0,0.0,0.0,0.0,0.0,0.0,0.0,0.0,0.0,0.0,0.0,0.0,0.0,0.0,0.0,0.0,0.0,0.0,0.0,0.0,0.0,0.0,0.0,0.0,0.0,0.0,2.0,1.0,0.0,0.0,0.0,0.0,0.0,0.0,0.0,0.0,0.0,0.0,2.0,1.0,0.0,0.0,0.0,0.0,0.0,0.0,0.0,0.0,0.0,0.0,3.0,1.0,0.0,0.0,1.0,1.0,6.0,1.0,2.0,1.0,0.0,0.0,0.0,0.0,0.0,0.0,0.0,0.0,0.0,0.0,0.0,0.0,0.0,0.0,0.0,0.0,0.0,0.0,0.0,0.0,0.0,0.0,0.0,0.0,0.0,0.0,0.0,0.0,0.0,0.0,0.0,0.0,0.0,0.0,0.0,0.0,0.0,0.0,0.0,0.0,0.0,0.0,0.0,0.0,0.0,0.0,0.0,0.0,0.0,0.0,0.0,0.0,0.0,0.0,0.0,0.0,0.0,0.0,0.0,0.0,0.0,0.0,0.0,0.0,0.0,0.0,0.0,0.0,0.0,0.0,0.0,0.0,0.0,0.0,0.0,0.0,0.0,0.0,0.0,0.0,0.0,0.0,0.0,0.0,0.0,0.0,0.0,0.0,0.0,0.0,0.0,0.0,0.0,0.0,0.0,0.0,0.0,0.0,0.0,0.0,0.0,0.0,0.0,0.0,0.0,0.0,0.0,0.0,2.0,1.0,0.0,0.0,0.0,0.0,0.0,0.0,0.0,0.0,0.0,0.0,0.0,0.0,0.0,0.0,0.0,0.0,0.0,0.0,0.0,0.0,1.0,1.0,0.0,0.0,0.0,0.0,0.0,0.0,0.0,0.0,0.0,0.0,0.0,0.0,0.0,0.0,0.0,0.0,0.0,0.0,0.0,0.0,0.0,0.0,0.0,0.0,0.0,0.0,0.0,0.0,0.0,0.0,0.0,0.0,0.0,0.0,0.0,0.0,0.0,0.0,0.0,0.0,0.0,0.0,0.0,0.0,0.0,0.0,0.0,0.0,0.0,0.0,0.0,0.0,0.0,0.0,0.0,0.0,0.0,0.0,0.0,0.0,0.0,0.0,0.0,0.0,1.0,2.0,1.0,2.0,0.0,0.0,0,0,0,0,1,0,0,0,O=C1C=CC=CC1=NN=C1C(=O)C=Cc2ccccc21,murcko,train,0,0,0,1,0,0,0,0,0,0,0,0,1,0,0,0,0,0,0,0,0,1,0,0,0,0,0,0,0,0,0,0,0,0,0,1,0,0,0,1,0,0,0,0,0,0,0,0,0,0,0,0,1,0,0,0,0,0,1,0,0,0,0,0,1,0,0,0,0,0,0,0,0,0,0,0,0,0,1,0,0,1,0,0,1,0,0,0,0,0,1,0,0,0,0,0,1,1,0,0,1,0,0,1,0,0,0,0,0,0,0,0,0,1,0,1,0,0,0,0,0,0,0,0,0,1,0,0,1,0,1,0,0,0,0,1,0,1,1,0,0,0,0,1,0,0,0,0,0,0,0,0,0,0,0,0,0,0,0,0,0,0,0,0,0,0,0,0,1,0,0,1,0,0,0,1,0,0,0,0,0,1,0,0,1,0,0,0,0,0,0,0,0,0,1,0,0,0,0,0,0,0,1,0,0,0,0,0,1,0,0,0,0,1,1,0,1,0,0,0,0,0,0,0,0,0,0,0,0,0,0,0,0,0,0,1,0,0,0,0,0,1,0,0,0,0,0,0,0,0,0,0,0,0,0,0,0.20780632617612235,-0.28743677058178707,-0.046780986123955225,0.49524309675790945,0.28743677058178707,0.8156707264794485,-1.8916334073304188,11.978121791161112,0.0111720521541947,11.978121791161112,-0.5490410577811369,11.966949739006917,5.994646921657653,5.983474869503459,0.08356348290997213,3.0029199168610967,5.783244946364939,28.130179984042393,5.563451491696996,11.639471598530877,18.228060320501644,18.208754243757102,12.13273413692322,10.202815051479446,10.41450604955458,9.589074368143644,0.0,130.34055622544594,129.89229219099485,16.396976746569035,11.74871698113415,11.058550648063802,6.65513642713897,14.763801473252023,5.914587762935279,2.9111604903399266,114.0,0.0,0.20780632617612235,-0.28743677058178707,0.28743677058178707,0.20780632617612235,102.56,1.5308,82.09700000000001,1.1,0.4
7740,COC(=O)c1ccc2c(c1)C(C)(C)C(=CC=C1C(=O)N(c3ccccc3)N=C1C)N2C,0,7740,COC(=O)c1ccc2c(c1)C(C)(C)C(=CC=C1C(=O)N(c3ccccc3)N=C1C)N2C,7740,COC(=O)c1ccc2c(c1)C(C)(C)C(=CC=C1C(=O)N(c3ccccc3)N=C1C)N2C,COC(=O)c1ccc2c(c1)C(C)(C)C(=CC=C1C(=O)N(c3ccccc3)N=C1C)N2C,COC(=O)c1ccc2c(c1)C(C)(C)C(=CC=C1C(=O)N(c3ccccc3)N=C1C)N2C,COC(=O)c1ccc2c(c1)C(C)(C)C(=CC=C1C(=O)N(c3ccccc3)N=C1C)N2C,7740.0,1.0,0.0,0.0,0.0,0.0,0.0,0.0,O=C1C(=CC=C2Cc3ccccc3N2)C=NN1c1ccccc1,415.4930000000001,4.433600000000004,62.21000000000001,0.0,5.0,3.0,4.0,2.0,6.0,0.24,31.0,0.0,0.0,0.0,0.0,0.0,0.0,0.0,0.0,0.0,0.0,1.0,1.0,0.0,0.0,0.0,0.0,2.0,1.0,0.0,0.0,0.0,0.0,0.0,0.0,1.0,1.0,1.0,1.0,0.0,0.0,0.0,0.0,0.0,0.0,1.0,1.0,0.0,0.0,0.0,0.0,0.0,0.0,0.0,0.0,1.0,1.0,0.0,0.0,0.0,0.0,2.0,1.0,0.0,0.0,2.0,1.0,12.0,1.0,2.0,1.0,0.0,0.0,0.0,0.0,0.0,0.0,0.0,0.0,0.0,0.0,0.0,0.0,0.0,0.0,0.0,0.0,0.0,0.0,0.0,0.0,0.0,0.0,0.0,0.0,0.0,0.0,0.0,0.0,0.0,0.0,0.0,0.0,0.0,0.0,0.0,0.0,0.0,0.0,0.0,0.0,0.0,0.0,0.0,0.0,0.0,0.0,0.0,0.0,0.0,0.0,0.0,0.0,0.0,0.0,0.0,0.0,0.0,0.0,0.0,0.0,0.0,0.0,0.0,0.0,0.0,0.0,0.0,0.0,0.0,0.0,0.0,0.0,0.0,0.0,0.0,0.0,0.0,0.0,0.0,0.0,0.0,0.0,0.0,0.0,0.0,0.0,0.0,0.0,0.0,0.0,0.0,0.0,0.0,0.0,0.0,0.0,0.0,0.0,0.0,0.0,0.0,0.0,0.0,0.0,0.0,0.0,0.0,0.0,1.0,1.0,0.0,0.0,0.0,0.0,0.0,0.0,0.0,0.0,0.0,0.0,0.0,0.0,0.0,0.0,0.0,0.0,0.0,0.0,0.0,0.0,0.0,0.0,0.0,0.0,0.0,0.0,0.0,0.0,0.0,0.0,0.0,0.0,0.0,0.0,0.0,0.0,0.0,0.0,0.0,0.0,0.0,0.0,0.0,0.0,0.0,0.0,0.0,0.0,0.0,0.0,0.0,0.0,0.0,0.0,0.0,0.0,0.0,0.0,0.0,0.0,0.0,0.0,0.0,0.0,0.0,0.0,0.0,0.0,0.0,0.0,0.0,0.0,0.0,0.0,0.0,0.0,0.0,0.0,0.0,0.0,0.0,0.0,0.0,0.0,0.0,0.0,1.0,1.0,1.0,1.0,0.0,0.0,0,0,1,0,1,0,1,0,O=C1C(=CC=C2Cc3ccccc3N2)C=NN1c1ccccc1,murcko,train,0,0,0,0,0,0,0,1,0,0,0,0,0,0,0,1,0,0,0,0,0,0,0,0,0,1,0,0,0,0,0,0,0,1,0,0,1,0,0,1,0,0,0,0,0,0,0,0,0,0,0,1,0,0,0,0,1,0,1,0,0,0,0,0,1,0,0,0,0,0,0,0,0,1,0,0,0,0,0,0,0,1,0,1,0,0,0,0,0,0,0,0,0,0,0,0,1,0,1,0,1,0,0,0,0,1,0,1,0,0,0,1,0,0,0,0,0,0,0,0,0,1,1,1,1,1,0,0,1,1,0,0,0,1,0,0,0,0,1,1,0,0,0,1,0,1,0,0,0,0,0,0,0,0,0,0,0,0,0,0,0,1,0,1,0,0,0,1,0,0,0,0,0,0,0,1,0,0,0,1,0,0,1,1,0,0,1,0,1,0,0,1,0,0,0,0,0,0,0,0,0,0,0,0,0,0,0,0,0,0,0,0,0,1,1,0,0,0,0,1,0,1,0,0,0,0,0,0,0,0,0,0,0,0,0,1,0,0,0,0,0,0,0,0,0,0,0,0,0,0,1,0,0,0,0,1,0.33735491502309733,-0.465417384928721,-0.03899903406040579,0.8027722999518183,0.465417384928721,1.0792848420085523,-2.2882548978811323,12.983802924984452,0.14861315085160665,12.983802924984452,-0.35630300687306105,12.835189774132846,6.566208037918029,6.417594887066423,0.07791080752193713,3.3591313222427375,0.0,17.291475486700133,16.848241024536968,22.635263354119953,12.118710065232065,6.06636706846161,68.58801887526684,23.84879165597145,4.736862953800049,9.589074368143644,0.0,181.6635917173862,181.7228048522327,22.336134335324452,18.339888349787724,14.751255988903841,10.095269387168013,20.59664716473555,7.541334937020814,3.338199098524309,158.0,0.0,0.33735491502309733,-0.465417384928721,0.465417384928721,0.33735491502309733,62.21000000000001,4.433600000000004,122.41350000000003,1.5999999999999999,1.096
8513,CCC=CCCOC(=O)c1ccccc1O,0,8513,CCC=CCCOC(=O)c1ccccc1O,8513,CCC=CCCOC(=O)c1ccccc1O,CCC=CCCOC(=O)c1ccccc1O,CCC=CCCOC(=O)c1ccccc1O,CCC=CCCOC(=O)c1ccccc1O,8513.0,1.0,0.0,0.0,0.0,0.0,0.0,0.0,c1ccccc1,220.26800000000003,2.9053000000000018,46.53,1.0,3.0,5.0,1.0,1.0,3.0,0.3076923076923077,16.0,0.0,0.0,0.0,0.0,0.0,0.0,0.0,0.0,0.0,0.0,0.0,0.0,0.0,0.0,0.0,0.0,0.0,0.0,0.0,0.0,0.0,0.0,0.0,0.0,0.0,0.0,0.0,0.0,0.0,0.0,0.0,0.0,1.0,1.0,1.0,1.0,0.0,0.0,0.0,0.0,0.0,0.0,0.0,0.0,1.0,1.0,0.0,0.0,0.0,0.0,1.0,1.0,0.0,0.0,1.0,1.0,6.0,1.0,0.0,0.0,0.0,0.0,0.0,0.0,0.0,0.0,0.0,0.0,0.0,0.0,0.0,0.0,0.0,0.0,0.0,0.0,0.0,0.0,0.0,0.0,0.0,0.0,0.0,0.0,0.0,0.0,0.0,0.0,0.0,0.0,0.0,0.0,0.0,0.0,0.0,0.0,0.0,0.0,0.0,0.0,0.0,0.0,0.0,0.0,0.0,0.0,0.0,0.0,0.0,0.0,0.0,0.0,0.0,0.0,0.0,0.0,0.0,0.0,0.0,0.0,0.0,0.0,0.0,0.0,0.0,0.0,0.0,0.0,0.0,0.0,0.0,0.0,0.0,0.0,0.0,0.0,0.0,0.0,0.0,0.0,0.0,0.0,0.0,0.0,0.0,0.0,0.0,0.0,0.0,0.0,0.0,0.0,0.0,0.0,0.0,0.0,0.0,0.0,0.0,0.0,0.0,0.0,0.0,0.0,0.0,0.0,0.0,0.0,0.0,0.0,0.0,0.0,0.0,0.0,0.0,0.0,0.0,0.0,0.0,0.0,0.0,0.0,0.0,0.0,0.0,0.0,0.0,0.0,0.0,0.0,0.0,0.0,0.0,0.0,0.0,0.0,0.0,0.0,0.0,0.0,0.0,0.0,0.0,0.0,0.0,0.0,0.0,0.0,0.0,0.0,0.0,0.0,0.0,0.0,0.0,0.0,0.0,0.0,0.0,0.0,0.0,0.0,0.0,0.0,0.0,0.0,0.0,0.0,0.0,0.0,0.0,0.0,0.0,0.0,0.0,0.0,0.0,0.0,0.0,0.0,0.0,0.0,0.0,0.0,0.0,0.0,0.0,0.0,0.0,0.0,0.0,0.0,0.0,0.0,0.0,0.0,0.0,0.0,0.0,0.0,0.0,0.0,0,0,0,0,0,0,1,0,c1ccccc1,murcko,train,0,0,0,0,0,0,0,0,0,0,0,0,0,1,0,0,0,0,0,0,0,0,0,0,0,0,0,0,0,0,0,0,0,1,0,0,0,0,1,1,0,0,0,0,1,0,0,0,0,0,0,0,0,0,0,0,1,0,0,0,0,0,0,0,1,0,1,0,0,0,0,1,0,0,0,0,1,0,0,0,1,1,0,0,0,0,0,0,0,0,0,0,0,0,0,0,0,0,0,0,1,0,0,0,0,0,0,0,0,0,1,0,0,0,0,0,0,0,0,0,0,0,0,0,0,1,0,0,0,0,0,0,0,0,0,0,0,1,1,0,0,0,0,0,0,1,0,1,0,0,0,0,0,0,0,0,0,0,0,0,0,0,0,0,0,0,0,1,0,0,0,0,0,0,1,1,0,0,0,0,0,0,1,1,0,0,0,1,0,1,0,0,0,0,0,0,0,0,0,1,0,0,0,0,0,0,0,0,0,0,0,0,0,0,1,0,0,0,0,1,0,0,0,0,0,0,0,0,0,0,0,0,0,0,0,0,0,1,0,0,0,0,0,0,0,0,0,0,0,0,0,0,0,0,0,0,0.34141887214857625,-0.5070527991566958,-0.06277330536343323,0.848471671305272,0.5070527991566958,0.6674192311137206,-1.6717921169286525,11.491882637314184,0.044814552364155213,11.491882637314184,-0.483334750566893,11.447068084950029,5.7683485948391695,5.7235340424750145,0.0873586138021442,2.90675701975859,5.969305287951849,11.3129633249809,13.027703587438928,6.4208216229260096,6.06636706846161,18.19910120538483,19.075777413358384,0.0,4.736862953800049,9.901064578912528,0.0,95.36569596983564,94.70996704321509,11.803118619434356,9.349132135125084,7.753218857624055,5.354817187445889,12.300274068868585,6.665645355301882,3.7687228777120456,86.0,0.0,0.34141887214857625,-0.5070527991566958,0.5070527991566958,0.34141887214857625,46.53,2.9053000000000018,62.43730000000004,0.0,1.523076923076923
9533,Cc1cc2[nH]c(=O)[nH]c2cc1N=NC1C(=O)NC(=O)NC1=O,0,9533,Cc1cc2[nH]c(=O)[nH]c2cc1N=NC1C(=O)NC(=O)NC1=O,9533,Cc1cc2[nH]c(=O)[nH]c2cc1N=NC1C(=O)NC(=O)NC1=O,Cc1cc2[nH]c(=O)[nH]c2cc1N=NC1C(=O)NC(=O)NC1=O,Cc1cc2[nH]c(=O)[nH]c2cc1N=NC1C(=O)NC(=O)NC1=O,Cc1cc2[nH]c(=O)[nH]c2cc1N=NC1C(=O)NC(=O)NC1=O,9533.0,1.0,0.0,0.0,0.0,0.0,0.0,0.0,O=C1NC(=O)C(N=Nc2ccc3[nH]c(=O)[nH]c3c2)C(=O)N1,302.25000000000006,-0.0170800000000003,148.64,4.0,6.0,2.0,3.0,2.0,10.0,0.1666666666666666,22.0,0.0,0.0,0.0,0.0,0.0,0.0,0.0,0.0,0.0,0.0,2.0,1.0,1.0,1.0,0.0,0.0,0.0,0.0,0.0,0.0,0.0,0.0,1.0,1.0,0.0,0.0,0.0,0.0,0.0,0.0,0.0,0.0,0.0,0.0,0.0,0.0,0.0,0.0,0.0,0.0,0.0,0.0,0.0,0.0,0.0,0.0,0.0,0.0,0.0,0.0,0.0,0.0,0.0,0.0,1.0,1.0,17.0,1.0,2.0,1.0,0.0,0.0,0.0,0.0,0.0,0.0,0.0,0.0,0.0,0.0,0.0,0.0,0.0,0.0,0.0,0.0,0.0,0.0,0.0,0.0,0.0,0.0,0.0,0.0,0.0,0.0,0.0,0.0,0.0,0.0,0.0,0.0,0.0,0.0,0.0,0.0,0.0,0.0,0.0,0.0,0.0,0.0,0.0,0.0,0.0,0.0,0.0,0.0,0.0,0.0,0.0,0.0,0.0,0.0,0.0,0.0,0.0,0.0,0.0,0.0,0.0,0.0,0.0,0.0,0.0,0.0,1.0,1.0,0.0,0.0,0.0,0.0,1.0,1.0,0.0,0.0,0.0,0.0,0.0,0.0,0.0,0.0,0.0,0.0,0.0,0.0,0.0,0.0,0.0,0.0,0.0,0.0,0.0,0.0,0.0,0.0,0.0,0.0,0.0,0.0,0.0,0.0,0.0,0.0,0.0,0.0,0.0,0.0,0.0,0.0,0.0,0.0,0.0,0.0,0.0,0.0,0.0,0.0,0.0,0.0,0.0,0.0,0.0,0.0,0.0,0.0,0.0,0.0,0.0,0.0,0.0,0.0,0.0,0.0,0.0,0.0,0.0,0.0,0.0,0.0,0.0,0.0,0.0,0.0,0.0,0.0,0.0,0.0,0.0,0.0,0.0,0.0,0.0,0.0,0.0,0.0,0.0,0.0,0.0,0.0,0.0,0.0,0.0,0.0,0.0,0.0,0.0,0.0,0.0,0.0,0.0,0.0,1.0,1.0,1.0,1.0,0.0,0.0,0.0,0.0,0.0,0.0,0.0,0.0,0.0,0.0,0.0,0.0,0.0,0.0,0.0,0.0,0.0,0.0,0.0,0.0,1.0,4.0,1.0,2.0,1.0,2.0,0,0,0,0,0,0,0,0,O=C1NC(=O)C(N=Nc2ccc3[nH]c(=O)[nH]c3c2)C(=O)N1,murcko,train,1,0,0,0,0,0,0,0,0,1,1,0,0,0,0,0,0,0,1,0,0,0,0,0,0,0,0,0,0,0,0,0,0,1,0,0,1,0,0,0,0,0,0,0,0,0,0,0,0,0,0,0,0,0,0,0,0,0,1,0,0,0,0,0,0,0,0,0,0,0,0,0,0,0,1,0,0,0,0,0,0,1,0,0,0,0,0,0,0,0,1,0,1,0,0,0,0,0,0,0,1,0,0,0,0,0,0,1,0,0,0,1,0,0,0,0,0,0,0,1,0,0,0,0,0,0,0,0,0,0,0,0,0,0,0,0,0,0,1,0,0,0,0,0,0,0,0,0,0,1,1,0,0,0,0,0,0,0,0,0,0,0,0,1,0,0,0,0,0,0,0,0,0,0,0,0,0,0,0,0,0,0,1,0,1,0,1,0,0,0,0,1,0,0,0,1,1,0,0,0,1,0,0,0,0,0,0,0,0,1,0,0,1,1,0,0,0,0,0,1,0,0,0,0,0,0,1,0,0,0,0,0,0,0,0,0,0,0,1,0,0,0,0,0,0,0,1,0,0,0,0,1,0,0,0,0,0.3277287101887029,-0.3057141097204791,-0.044816421070451036,0.6334428199091819,0.3277287101887029,1.632442773206138,-2.618404036756061,11.537977975140674,0.3536692176870744,11.537977975140674,-1.4323419259679186,11.1843087574536,5.945823596413874,5.5921543787268,0.08941097940751737,3.160930103625019,23.887314800189042,5.689743398203474,22.284239201613083,0.0,0.0,19.056471336613843,10.633577208012662,20.196457293153212,0.0,19.178148736287287,0.0,121.55334608352706,120.9259519740726,15.853006672199017,11.259471160424248,10.435560745775547,6.230353075993745,13.6724847721067,4.912331697996795,2.367247496966455,112.0,0.0,0.3277287101887029,-0.3057141097204791,0.3277287101887029,0.3057141097204791,148.64,-0.017080000000000317,73.64179999999999,0.4,0.4666666666666667
3907,C=C(C)C(=O)NC(C)C,0,3907,C=C(C)C(=O)NC(C)C,3907,C=C(C)C(=O)NC(C)C,C=C(C)C(=O)NC(C)C,C=C(C)C(=O)NC(C)C,C=C(C)C(=O)NC(C)C,3907.0,1.0,0.0,0.0,0.0,0.0,0.0,0.0,,127.18699999999995,1.0871,29.1,1.0,1.0,2.0,0.0,0.0,2.0,0.5714285714285714,9.0,0.0,0.0,0.0,0.0,0.0,0.0,0.0,0.0,0.0,0.0,1.0,1.0,0.0,0.0,0.0,0.0,0.0,0.0,0.0,0.0,0.0,0.0,0.0,0.0,0.0,0.0,0.0,0.0,0.0,0.0,0.0,0.0,0.0,0.0,0.0,0.0,0.0,0.0,0.0,0.0,0.0,0.0,0.0,0.0,0.0,0.0,0.0,0.0,0.0,0.0,1.0,1.0,0.0,0.0,0.0,0.0,0.0,0.0,0.0,0.0,0.0,0.0,0.0,0.0,0.0,0.0,0.0,0.0,0.0,0.0,0.0,0.0,0.0,0.0,0.0,0.0,0.0,0.0,0.0,0.0,0.0,0.0,0.0,0.0,0.0,0.0,0.0,0.0,0.0,0.0,0.0,0.0,0.0,0.0,0.0,0.0,0.0,0.0,0.0,0.0,0.0,0.0,0.0,0.0,0.0,0.0,0.0,0.0,0.0,0.0,0.0,0.0,0.0,0.0,0.0,0.0,0.0,0.0,0.0,0.0,0.0,0.0,0.0,0.0,0.0,0.0,0.0,0.0,0.0,0.0,0.0,0.0,0.0,0.0,0.0,0.0,0.0,0.0,0.0,0.0,0.0,0.0,0.0,0.0,0.0,0.0,0.0,0.0,0.0,0.0,0.0,0.0,0.0,0.0,0.0,0.0,0.0,0.0,0.0,0.0,0.0,0.0,0.0,0.0,0.0,0.0,0.0,0.0,1.0,1.0,0.0,0.0,0.0,0.0,0.0,0.0,0.0,0.0,0.0,0.0,0.0,0.0,0.0,0.0,0.0,0.0,0.0,0.0,0.0,0.0,0.0,0.0,0.0,0.0,0.0,0.0,0.0,0.0,0.0,0.0,0.0,0.0,0.0,0.0,0.0,0.0,0.0,0.0,0.0,0.0,0.0,0.0,0.0,0.0,0.0,0.0,0.0,0.0,0.0,0.0,0.0,0.0,0.0,0.0,0.0,0.0,0.0,0.0,0.0,0.0,0.0,0.0,0.0,0.0,0.0,0.0,0.0,0.0,0.0,0.0,0.0,0.0,0.0,0.0,0.0,0.0,0.0,0.0,0.0,0.0,0.0,0.0,0.0,0.0,0.0,0.0,1.0,1.0,1.0,1.0,0.0,0.0,0,0,0,0,1,0,0,0,ACY_**(*)**(*)*(*)*,acyclic_anonymous_graph,train,0,1,0,0,1,0,0,0,0,0,0,0,0,0,0,0,0,0,0,0,0,0,0,0,0,0,0,1,0,0,0,0,0,1,0,0,0,0,0,1,0,0,0,0,0,0,0,0,0,0,0,0,0,0,0,0,0,0,0,0,0,0,0,0,0,0,0,0,0,0,0,0,0,0,0,0,0,0,0,0,0,0,0,0,0,0,1,0,0,0,0,0,0,0,0,0,0,0,0,0,0,0,0,0,0,0,1,0,0,0,0,0,0,0,0,0,0,1,0,0,0,0,0,0,1,1,0,0,1,0,0,0,0,0,0,0,0,0,1,0,0,0,0,0,0,0,0,0,0,0,0,0,0,0,0,0,0,0,0,0,0,0,0,0,0,0,0,0,0,0,0,0,0,1,0,0,0,0,0,0,0,0,0,0,1,0,1,0,0,0,0,0,0,0,0,0,0,0,0,0,0,0,0,0,0,0,0,0,0,0,0,0,0,0,0,0,0,0,0,0,0,0,0,0,0,0,0,0,0,0,0,0,0,0,0,0,0,0,0,0,0,0,0,0,0,0,0,0,1,1,0,0,0,0,1,0,0.2460119078069977,-0.3501718833519568,-0.062159458874370764,0.5961837911589545,0.3501718833519568,0.27604673366768173,-0.8354818635370186,10.742592592592592,0.06481481481481444,10.742592592592592,-0.06481481481481444,10.677777777777777,5.4037037037037035,5.338888888888889,0.09365244536940687,2.734652689456713,0.0,11.949020558499466,5.573104530069267,0.0,0.0,6.923737199690624,13.847474399381248,11.895724287604828,0.0,4.794537184071822,0.0,55.95068496567674,54.98359815931726,7.439157588755425,6.192705340840036,4.036581260209188,3.0010532087992696,8.210000000000003,3.277926450148013,3.7647850208044398,52.0,0.0,0.2460119078069977,-0.3501718833519568,0.3501718833519568,0.2460119078069977,29.1,1.0871,38.0927,0.8999999999999999,0.6285714285714286
2900,Nc1c(N=Nc2ccc([N+](=O)[O-])cc2)c(S(=O)(=O)O)cc2cc(S(=O)(=O)O)c(N=Nc3ccc(NS(=O)(=O)c4ccc(N=Nc5ccc(O)cc5O)cc4)cc3)c(O)c12,0,2900,Nc1c(N=Nc2ccc([N+](=O)[O-])cc2)c(S(=O)(=O)O)cc2cc(S(=O)(=O)O)c(N=Nc3ccc(NS(=O)(=O)c4ccc(N=Nc5ccc(O)cc5O)cc4)cc3)c(O)c12,2900,Nc1c(N=Nc2ccc([N+](=O)[O-])cc2)c(S(=O)(=O)O)cc2cc(S(=O)(=O)O)c(N=Nc3ccc(NS(=O)(=O)c4ccc(N=Nc5ccc(O)cc5O)cc4)cc3)c(O)c12,Nc1c(N=Nc2ccc([N+](=O)[O-])cc2)c(S(=O)(=O)O)cc2cc(S(=O)(=O)O)c(N=Nc3ccc(NS(=O)(=O)c4ccc(N=Nc5ccc(O)cc5O)cc4)cc3)c(O)c12,Nc1c(N=Nc2ccc([N+](=O)[O-])cc2)c(S(=O)(=O)O)cc2cc(S(=O)(=O)O)c(N=Nc3ccc(NS(=O)(=O)c4ccc(N=Nc5ccc(O)cc5O)cc4)cc3)c(O)c12,Nc1c(N=Nc2ccc([N+](=O)[O-])cc2)c(S(=O)(=O)O)cc2cc(S(=O)(=O)O)c(N=Nc3ccc(NS(=O)(=O)c4ccc(N=Nc5ccc(O)cc5O)cc4)cc3)c(O)c12,2900.0,1.0,0.0,0.0,0.0,0.0,0.0,0.0,O=S(=O)(Nc1ccc(N=Nc2ccc3ccc(N=Nc4ccccc4)cc3c2)cc1)c1ccc(N=Nc2ccccc2)cc1,863.8250000000002,7.987400000000003,358.9200000000001,7.0,18.0,12.0,6.0,6.0,25.0,0.0,59.0,0.0,1.0,0.0,0.0,0.0,0.0,0.0,0.0,0.0,0.0,0.0,0.0,0.0,0.0,0.0,0.0,3.0,1.0,0.0,0.0,0.0,0.0,3.0,1.0,0.0,0.0,0.0,0.0,0.0,0.0,0.0,0.0,3.0,1.0,0.0,0.0,0.0,0.0,0.0,0.0,0.0,0.0,0.0,0.0,0.0,0.0,0.0,0.0,0.0,0.0,0.0,0.0,0.0,0.0,6.0,1.0,46.0,1.0,2.0,1.0,0.0,0.0,0.0,0.0,0.0,0.0,0.0,0.0,0.0,0.0,0.0,0.0,0.0,0.0,0.0,0.0,3.0,1.0,1.0,1.0,2.0,1.0,0.0,0.0,0.0,0.0,0.0,0.0,0.0,0.0,0.0,0.0,0.0,0.0,0.0,0.0,0.0,0.0,0.0,0.0,0.0,0.0,0.0,0.0,0.0,0.0,0.0,0.0,1.0,1.0,0.0,0.0,2.0,1.0,0.0,0.0,0.0,0.0,1.0,1.0,0.0,0.0,0.0,0.0,0.0,0.0,6.0,1.0,0.0,0.0,0.0,0.0,0.0,0.0,0.0,0.0,0.0,0.0,0.0,0.0,0.0,0.0,0.0,0.0,0.0,0.0,0.0,0.0,0.0,0.0,0.0,0.0,0.0,0.0,0.0,0.0,0.0,0.0,0.0,0.0,0.0,0.0,0.0,0.0,0.0,0.0,0.0,0.0,0.0,0.0,0.0,0.0,0.0,0.0,0.0,0.0,0.0,0.0,0.0,0.0,0.0,0.0,0.0,0.0,0.0,0.0,0.0,0.0,0.0,0.0,0.0,0.0,0.0,0.0,0.0,0.0,0.0,0.0,0.0,0.0,0.0,0.0,0.0,0.0,0.0,0.0,0.0,0.0,0.0,0.0,0.0,0.0,0.0,0.0,0.0,0.0,0.0,0.0,0.0,0.0,0.0,0.0,0.0,0.0,0.0,0.0,0.0,0.0,0.0,0.0,0.0,0.0,0.0,0.0,0.0,0.0,0.0,0.0,0.0,0.0,0.0,0.0,0.0,0.0,0.0,0.0,0.0,0.0,0.0,0.0,0.0,0.0,0.0,0.0,0.0,0.0,1.0,4.0,1.0,4.0,0.0,0.0,1,0,1,0,0,0,0,0,O=S(=O)(Nc1ccc(N=Nc2ccc3ccc(N=Nc4ccccc4)cc3c2)cc1)c1ccc(N=Nc2ccccc2)cc1,murcko,train,1,1,0,0,1,0,0,0,1,1,0,0,0,1,0,0,0,1,1,1,0,0,1,0,0,0,0,0,0,0,0,0,0,1,0,0,0,0,0,1,0,0,0,0,0,0,0,1,0,0,0,0,0,0,0,0,0,0,0,0,1,0,1,1,0,0,1,0,1,0,1,1,0,0,0,1,0,0,0,0,1,1,0,0,0,0,0,0,0,0,0,0,0,0,1,0,0,0,0,0,1,0,0,0,0,0,1,1,0,0,0,0,0,0,1,1,0,0,1,0,0,0,0,0,0,1,1,0,1,1,0,0,0,0,0,0,1,0,1,0,0,0,0,0,1,0,0,1,0,1,0,0,0,0,0,0,0,1,0,0,0,0,0,1,0,0,1,0,0,0,0,1,0,0,0,0,0,1,0,0,0,0,0,0,0,0,0,0,0,1,0,1,1,0,0,0,1,0,0,0,0,0,1,1,0,0,0,0,0,0,0,0,0,1,1,1,0,0,0,0,0,0,0,0,0,0,0,0,0,0,0,1,0,1,0,0,0,0,0,0,0,1,0,0,0,0,1,1,0,0,1,0,0,0,0,0,0.29641477785438586,-0.507820500753393,-0.050083267644844595,0.8042352786077789,0.507820500753393,2.840029099890975,-5.794941890936807,13.05110213388581,0.014189029905500972,13.05110213388581,-5.217162258614222,13.036913103980309,6.532645581895655,6.5184565519901545,0.07670527463243498,3.273432748863805,78.55794195759209,50.518824790186954,12.13273413692322,18.19910120538483,72.79640482153933,0.0,0.0,35.40759561822848,5.733667477162185,59.79279115365522,0.0,331.6252557811606,333.1390611606723,42.86286759389037,29.249599186515255,27.706384252039765,16.028372461592145,41.19132583779523,15.828193340796144,9.241135778383116,302.0,0.0,0.29641477785438586,-0.507820500753393,0.507820500753393,0.29641477785438586,358.9200000000001,7.987400000000003,208.74289999999988,2.5,2.4000000000000004
8201,CC(C)(C)C(NC(=O)OCc1ccccc1)C(=O)O,0,8201,CC(C)(C)C(NC(=O)OCc1ccccc1)C(=O)O,8201,CC(C)(C)C(NC(=O)OCc1ccccc1)C(=O)O,CC(C)(C)C(NC(=O)OCc1ccccc1)C(=O)O,CC(C)(C)C(NC(=O)OCc1ccccc1)C(=O)O,CC(C)(C)C(NC(=O)OCc1ccccc1)C(=O)O,8201.0,1.0,0.0,0.0,0.0,0.0,0.0,0.0,c1ccccc1,265.309,2.4121,75.63,2.0,3.0,4.0,1.0,1.0,5.0,0.4285714285714285,19.0,0.0,0.0,0.0,0.0,0.0,0.0,0.0,0.0,0.0,0.0,0.0,0.0,0.0,0.0,1.0,1.0,0.0,0.0,0.0,0.0,0.0,0.0,0.0,0.0,0.0,0.0,0.0,0.0,0.0,0.0,0.0,0.0,0.0,0.0,1.0,1.0,0.0,0.0,0.0,0.0,1.0,1.0,0.0,0.0,1.0,1.0,0.0,0.0,0.0,0.0,0.0,0.0,0.0,0.0,1.0,1.0,6.0,1.0,0.0,0.0,0.0,0.0,0.0,0.0,0.0,0.0,0.0,0.0,0.0,0.0,0.0,0.0,0.0,0.0,0.0,0.0,0.0,0.0,0.0,0.0,0.0,0.0,0.0,0.0,0.0,0.0,0.0,0.0,0.0,0.0,0.0,0.0,0.0,0.0,0.0,0.0,0.0,0.0,0.0,0.0,0.0,0.0,0.0,0.0,0.0,0.0,0.0,0.0,0.0,0.0,0.0,0.0,0.0,0.0,0.0,0.0,0.0,0.0,0.0,0.0,0.0,0.0,0.0,0.0,0.0,0.0,0.0,0.0,0.0,0.0,0.0,0.0,0.0,0.0,0.0,0.0,0.0,0.0,0.0,0.0,0.0,0.0,0.0,0.0,0.0,0.0,0.0,0.0,0.0,0.0,0.0,0.0,0.0,0.0,0.0,0.0,0.0,0.0,0.0,0.0,0.0,0.0,1.0,1.0,0.0,0.0,0.0,0.0,0.0,0.0,0.0,0.0,0.0,0.0,0.0,0.0,0.0,0.0,0.0,0.0,0.0,0.0,0.0,0.0,0.0,0.0,0.0,0.0,0.0,0.0,0.0,0.0,0.0,0.0,0.0,0.0,0.0,0.0,0.0,0.0,0.0,0.0,0.0,0.0,0.0,0.0,0.0,0.0,0.0,0.0,0.0,0.0,0.0,0.0,0.0,0.0,0.0,0.0,0.0,0.0,0.0,0.0,0.0,0.0,0.0,0.0,0.0,0.0,0.0,0.0,0.0,0.0,0.0,0.0,0.0,0.0,0.0,0.0,0.0,0.0,0.0,0.0,0.0,0.0,0.0,0.0,0.0,0.0,0.0,0.0,0.0,0.0,0.0,0.0,0.0,0.0,1.0,1.0,1.0,1.0,0.0,0.0,0,0,0,0,0,0,1,0,c1ccccc1,murcko,train,0,1,0,0,0,0,0,0,0,0,0,0,0,0,0,0,0,0,0,0,0,0,0,0,0,0,0,0,0,0,0,0,0,1,0,0,0,0,0,1,0,0,1,0,0,0,0,0,0,0,0,0,1,0,0,0,0,0,0,0,0,0,0,0,1,0,0,0,1,0,0,0,0,0,0,0,0,0,0,1,1,1,0,0,0,0,0,0,0,0,0,0,0,0,0,0,0,0,0,0,1,0,0,0,0,0,0,0,0,0,0,0,0,0,1,0,0,1,0,0,0,0,1,0,0,1,0,0,1,0,0,0,0,1,0,0,1,1,1,0,0,0,0,0,0,0,0,1,0,0,0,0,0,0,0,0,0,0,0,0,0,0,0,0,0,0,0,0,0,0,0,0,0,0,0,1,0,0,0,0,0,0,0,1,0,0,0,0,0,0,0,0,0,0,0,0,0,0,0,0,0,0,0,0,0,0,0,0,0,0,0,0,0,0,1,0,0,0,1,0,0,0,1,0,0,0,0,1,1,0,0,0,0,1,0,0,0,1,1,0,1,0,0,0,0,0,0,0,0,0,1,0,0,0,0,0,0.4077029329658346,-0.47970058689068856,-0.06353085027079919,0.8874035198565231,0.47970058689068856,0.9868025957334543,-2.193888750878639,11.581234410430838,0.11424130763416485,11.581234410430838,-1.0794804526748967,11.466993102796673,5.8477378590325015,5.7334965513983365,0.08720681969854077,2.9821277261972003,23.519376657435004,6.606881964512918,0.0,5.563451491696996,0.0,20.771211599071872,30.33183534230805,5.316788604006331,9.843390348640755,9.589074368143644,0.0,112.13162540006834,111.54201037581556,14.466255326250888,11.343166863215853,8.803549018280203,6.0049167649412585,15.018962264150943,6.22189168926508,4.992459627712033,104.0,0.0,0.4077029329658346,-0.47970058689068856,0.47970058689068856,0.4077029329658346,75.63,2.4120999999999997,70.64150000000004,0.2,1.3714285714285714
6398,CN(C1CCCCC1)S(=O)(=O)c1ccccc1N=Nc1c(N)ccc2cc(S(=O)(=O)O)cc(O)c12,0,6398,CN(C1CCCCC1)S(=O)(=O)c1ccccc1N=Nc1c(N)ccc2cc(S(=O)(=O)O)cc(O)c12,6398,CN(C1CCCCC1)S(=O)(=O)c1ccccc1N=Nc1c(N)ccc2cc(S(=O)(=O)O)cc(O)c12,CN(C1CCCCC1)S(=O)(=O)c1ccccc1N=Nc1c(N)ccc2cc(S(=O)(=O)O)cc(O)c12,CN(C1CCCCC1)S(=O)(=O)c1ccccc1N=Nc1c(N)ccc2cc(S(=O)(=O)O)cc(O)c12,CN(C1CCCCC1)S(=O)(=O)c1ccccc1N=Nc1c(N)ccc2cc(S(=O)(=O)O)cc(O)c12,6398.0,1.0,0.0,0.0,0.0,0.0,0.0,0.0,O=S(=O)(NC1CCCCC1)c1ccccc1N=Nc1cccc2ccccc12,518.6170000000002,4.742900000000004,162.71999999999997,3.0,8.0,6.0,4.0,3.0,12.0,0.3043478260869565,35.0,0.0,0.0,0.0,0.0,0.0,0.0,0.0,0.0,0.0,0.0,0.0,0.0,0.0,0.0,0.0,0.0,1.0,1.0,0.0,0.0,0.0,0.0,1.0,1.0,0.0,0.0,0.0,0.0,0.0,0.0,0.0,0.0,1.0,1.0,0.0,0.0,0.0,0.0,0.0,0.0,0.0,0.0,0.0,0.0,0.0,0.0,0.0,0.0,0.0,0.0,0.0,0.0,0.0,0.0,3.0,1.0,28.0,1.0,2.0,1.0,0.0,0.0,0.0,0.0,0.0,0.0,0.0,0.0,0.0,0.0,0.0,0.0,0.0,0.0,0.0,0.0,2.0,1.0,1.0,1.0,1.0,1.0,0.0,0.0,0.0,0.0,0.0,0.0,0.0,0.0,0.0,0.0,0.0,0.0,0.0,0.0,0.0,0.0,0.0,0.0,0.0,0.0,0.0,0.0,0.0,0.0,0.0,0.0,1.0,1.0,0.0,0.0,1.0,1.0,0.0,0.0,0.0,0.0,0.0,0.0,0.0,0.0,0.0,0.0,0.0,0.0,2.0,1.0,0.0,0.0,0.0,0.0,0.0,0.0,0.0,0.0,0.0,0.0,0.0,0.0,0.0,0.0,0.0,0.0,0.0,0.0,0.0,0.0,0.0,0.0,0.0,0.0,0.0,0.0,0.0,0.0,0.0,0.0,0.0,0.0,0.0,0.0,0.0,0.0,0.0,0.0,0.0,0.0,0.0,0.0,0.0,0.0,0.0,0.0,0.0,0.0,0.0,0.0,0.0,0.0,0.0,0.0,0.0,0.0,0.0,0.0,0.0,0.0,0.0,0.0,0.0,0.0,0.0,0.0,0.0,0.0,0.0,0.0,0.0,0.0,0.0,0.0,0.0,0.0,0.0,0.0,0.0,0.0,0.0,0.0,0.0,0.0,0.0,0.0,0.0,0.0,0.0,0.0,0.0,0.0,0.0,0.0,0.0,0.0,0.0,0.0,0.0,0.0,0.0,0.0,0.0,0.0,0.0,0.0,0.0,0.0,0.0,0.0,0.0,0.0,0.0,0.0,0.0,0.0,0.0,0.0,0.0,0.0,0.0,0.0,0.0,0.0,0.0,0.0,0.0,0.0,1.0,3.0,1.0,3.0,0.0,0.0,1,0,1,0,0,0,0,0,O=S(=O)(NC1CCCCC1)c1ccccc1N=Nc1cccc2ccccc12,murcko,train,0,0,1,0,1,0,0,0,0,0,0,0,0,0,0,0,0,0,1,0,0,0,0,0,1,0,0,0,0,0,0,0,0,1,0,0,0,1,0,1,0,1,0,0,0,1,0,1,0,0,1,0,0,0,1,0,0,0,0,0,0,0,0,1,1,0,1,0,0,0,0,1,0,0,0,0,0,0,0,0,1,1,0,0,0,0,0,0,0,0,0,0,0,0,1,0,0,0,1,0,1,0,0,0,0,0,1,1,0,0,0,0,0,1,1,0,0,0,0,0,0,0,1,0,0,1,0,0,0,1,0,0,0,0,0,0,1,0,1,1,0,0,1,0,0,0,0,1,0,0,0,0,0,0,0,0,0,0,1,0,0,0,1,1,0,0,0,0,0,0,0,0,0,0,0,1,0,1,0,0,0,0,0,0,0,0,0,0,0,0,0,0,1,0,0,0,1,0,0,1,1,0,0,1,0,0,0,0,0,0,0,0,0,1,1,1,0,0,0,0,0,0,0,0,1,0,0,0,0,0,0,0,0,0,0,0,0,0,0,0,0,0,0,0,0,0,0,0,1,0,1,1,0,0,0,0,0.2941722212063862,-0.5071780462376037,-0.0512991387108845,0.8013502674439898,0.5071780462376037,1.2418776404767833,-3.0373474953577406,13.407484479094881,0.006005868830543326,13.407484479094881,-4.551296879918687,13.401478610264338,6.706745173962712,6.700739305132169,0.07461863194961854,3.3563782129250375,30.78641332124282,38.77193155764601,0.0,38.17047518309166,34.63705133360428,19.18040611960041,0.0,10.228500251258795,5.733667477162185,26.494871237188946,0.0,203.44907337090012,204.0033164807951,25.38010440969447,18.994594318111965,16.497055696919674,11.01420233291207,25.04550132715861,9.532394713691275,5.006987370703771,186.0,0.0,0.2941722212063862,-0.5071780462376037,0.5071780462376037,0.2941722212063862,162.71999999999997,4.742900000000004,132.27960000000004,2.3,1.3217391304347827
11811,O=C(Cl)c1cccc(C(=O)Cl)c1,1,11811,O=C(Cl)c1cccc(C(=O)Cl)c1,11811,O=C(Cl)c1cccc(C(=O)Cl)c1,O=C(Cl)c1cccc(C(=O)Cl)c1,O=C(Cl)c1cccc(C(=O)Cl)c1,O=C(Cl)c1cccc(C(=O)Cl)c1,11811.0,1.0,0.0,0.0,0.0,0.0,0.0,0.0,c1ccccc1,203.024,2.4446000000000003,34.14,0.0,2.0,2.0,1.0,1.0,4.0,0.0,12.0,0.0,0.0,0.0,0.0,0.0,0.0,0.0,0.0,0.0,0.0,0.0,0.0,0.0,0.0,0.0,0.0,0.0,0.0,0.0,0.0,0.0,0.0,0.0,0.0,0.0,0.0,0.0,0.0,0.0,0.0,0.0,0.0,0.0,0.0,0.0,0.0,0.0,0.0,0.0,0.0,0.0,0.0,0.0,0.0,0.0,0.0,0.0,0.0,2.0,1.0,0.0,0.0,0.0,0.0,1.0,1.0,6.0,1.0,0.0,0.0,0.0,0.0,2.0,1.0,0.0,0.0,2.0,1.0,0.0,0.0,0.0,0.0,0.0,0.0,0.0,0.0,0.0,0.0,0.0,0.0,0.0,0.0,0.0,0.0,0.0,0.0,0.0,0.0,0.0,0.0,0.0,0.0,0.0,0.0,0.0,0.0,0.0,0.0,0.0,0.0,0.0,0.0,0.0,0.0,0.0,0.0,2.0,1.0,0.0,0.0,0.0,0.0,0.0,0.0,0.0,0.0,0.0,0.0,0.0,0.0,0.0,0.0,0.0,0.0,0.0,0.0,0.0,0.0,0.0,0.0,0.0,0.0,0.0,0.0,0.0,0.0,0.0,0.0,0.0,0.0,0.0,0.0,0.0,0.0,0.0,0.0,0.0,0.0,0.0,0.0,0.0,0.0,0.0,0.0,0.0,0.0,0.0,0.0,0.0,0.0,0.0,0.0,0.0,0.0,0.0,0.0,0.0,0.0,0.0,0.0,0.0,0.0,0.0,0.0,0.0,0.0,0.0,0.0,0.0,0.0,0.0,0.0,0.0,0.0,0.0,0.0,0.0,0.0,0.0,0.0,0.0,0.0,0.0,0.0,0.0,0.0,0.0,0.0,0.0,0.0,0.0,0.0,0.0,0.0,0.0,0.0,0.0,0.0,0.0,0.0,0.0,0.0,0.0,0.0,0.0,0.0,0.0,0.0,0.0,0.0,0.0,0.0,0.0,0.0,0.0,0.0,0.0,0.0,0.0,0.0,0.0,0.0,0.0,0.0,0.0,0.0,0.0,0.0,0.0,0.0,0.0,0.0,0.0,0.0,0.0,0.0,0.0,0.0,0.0,0.0,0.0,0.0,0.0,0.0,0.0,0.0,1.0,1.0,1.0,1.0,0.0,0.0,0,0,0,0,0,0,0,0,c1ccccc1,murcko,train,0,0,0,0,0,0,0,0,0,0,0,0,1,0,0,1,0,0,0,0,0,0,0,0,0,0,0,0,0,0,0,1,0,0,0,0,0,0,0,1,0,0,0,0,0,0,0,0,0,0,0,0,0,0,0,0,0,0,0,0,0,0,0,0,1,0,0,0,0,0,0,0,0,0,0,0,0,0,0,0,0,1,0,0,0,0,0,0,0,0,0,0,0,0,0,0,0,0,0,0,1,0,0,0,0,1,0,1,0,0,0,0,0,0,0,0,0,0,0,0,0,0,0,0,0,1,0,0,0,0,0,0,0,0,0,0,0,0,1,0,0,0,0,0,0,0,0,1,0,1,0,0,0,0,0,0,0,0,0,0,0,0,0,0,0,0,0,0,0,0,0,0,0,0,0,0,0,0,0,0,0,0,0,0,0,0,0,0,0,0,0,0,0,1,0,0,0,0,0,0,0,0,0,0,0,0,0,0,0,0,0,0,0,0,1,0,0,0,0,0,0,0,0,0,0,0,0,0,0,0,0,0,0,0,0,0,0,0,0,0,0,0,0,0,0,0,0,0,0,0,0,0,0,0,0,0,0.2519099133388156,-0.2756145984999215,-0.021030404798227004,0.527524511838737,0.2756145984999215,0.5733696701221463,-0.8257345277008705,10.631240866717057,0.2668209876543215,10.631240866717057,-0.602067901234568,10.364419879062735,5.44903092718569,5.182209939531368,0.09648393365653872,2.864794980508953,10.484853536818541,11.126902983393991,0.0,0.0,18.19910120538483,6.06636706846161,0.0,0.0,23.20187978046503,9.589074368143644,0.0,79.09086400214106,78.66817894266765,9.137828201504695,5.881826603704684,5.6090609052806215,3.1075799685190093,9.229766606822263,3.6955458608251655,2.061452680853266,62.0,0.0,0.2519099133388156,-0.2756145984999215,0.2756145984999215,0.2519099133388156,34.14,2.4446000000000003,46.80900000000001,0.2,0.4
6819,Nc1ccc(O)cc1F,1,6819,Nc1ccc(O)cc1F,6819,Nc1ccc(O)cc1F,Nc1ccc(O)cc1F,Nc1ccc(O)cc1F,Nc1ccc(O)cc1F,6819.0,1.0,0.0,0.0,0.0,0.0,0.0,0.0,c1ccccc1,127.118,1.1135,46.25,2.0,2.0,0.0,1.0,1.0,3.0,0.0,9.0,0.0,0.0,0.0,0.0,0.0,0.0,0.0,0.0,0.0,0.0,0.0,0.0,0.0,0.0,0.0,0.0,1.0,1.0,0.0,0.0,0.0,0.0,0.0,0.0,0.0,0.0,0.0,0.0,0.0,0.0,0.0,0.0,1.0,1.0,0.0,0.0,0.0,0.0,0.0,0.0,0.0,0.0,0.0,0.0,0.0,0.0,0.0,0.0,0.0,0.0,0.0,0.0,0.0,0.0,1.0,1.0,6.0,1.0,0.0,0.0,0.0,0.0,1.0,1.0,1.0,1.0,0.0,0.0,0.0,0.0,0.0,0.0,0.0,0.0,0.0,0.0,0.0,0.0,0.0,0.0,0.0,0.0,0.0,0.0,0.0,0.0,0.0,0.0,0.0,0.0,0.0,0.0,0.0,0.0,0.0,0.0,0.0,0.0,0.0,0.0,0.0,0.0,0.0,0.0,0.0,0.0,0.0,0.0,1.0,1.0,0.0,0.0,1.0,1.0,0.0,0.0,0.0,0.0,0.0,0.0,0.0,0.0,0.0,0.0,0.0,0.0,0.0,0.0,0.0,0.0,0.0,0.0,0.0,0.0,0.0,0.0,0.0,0.0,0.0,0.0,0.0,0.0,0.0,0.0,0.0,0.0,0.0,0.0,0.0,0.0,0.0,0.0,0.0,0.0,0.0,0.0,0.0,0.0,0.0,0.0,0.0,0.0,0.0,0.0,0.0,0.0,0.0,0.0,0.0,0.0,0.0,0.0,0.0,0.0,0.0,0.0,0.0,0.0,0.0,0.0,0.0,0.0,0.0,0.0,0.0,0.0,0.0,0.0,0.0,0.0,0.0,0.0,0.0,0.0,0.0,0.0,0.0,0.0,0.0,0.0,0.0,0.0,0.0,0.0,1.0,1.0,0.0,0.0,0.0,0.0,0.0,0.0,0.0,0.0,0.0,0.0,0.0,0.0,0.0,0.0,0.0,0.0,0.0,0.0,0.0,0.0,0.0,0.0,0.0,0.0,0.0,0.0,0.0,0.0,0.0,0.0,0.0,0.0,0.0,0.0,0.0,0.0,0.0,0.0,0.0,0.0,0.0,0.0,0.0,0.0,0.0,0.0,0.0,0.0,0.0,0.0,1.0,3.0,1.0,2.0,1.0,1.0,1,0,1,0,0,0,0,0,c1ccccc1,murcko,train,0,0,0,0,0,0,0,0,0,0,0,0,0,0,0,0,0,0,0,0,0,0,0,0,0,0,0,0,0,0,0,0,0,1,0,0,0,1,0,1,0,0,0,0,0,0,0,0,1,0,0,0,0,0,0,0,0,0,0,0,0,0,0,0,0,0,1,0,0,0,0,0,0,0,0,0,0,0,0,1,0,1,0,0,0,0,0,0,0,0,0,0,0,0,0,0,0,0,0,0,1,0,0,0,0,0,0,1,0,0,0,0,0,0,0,0,0,0,0,0,0,0,0,0,0,1,0,0,0,0,0,0,0,0,0,0,1,0,0,0,0,0,1,0,0,0,0,1,0,0,0,0,0,0,0,0,0,0,0,0,0,0,0,0,0,0,0,0,0,0,0,0,0,0,0,0,0,1,0,0,0,0,0,0,0,0,0,1,0,0,0,0,0,0,0,0,0,0,0,0,0,0,0,0,0,0,0,0,1,0,0,0,0,0,1,0,0,0,0,0,0,0,0,0,0,0,0,0,0,0,0,0,0,1,0,0,0,0,0,0,0,0,0,0,0,0,0,0,0,0,1,0,0,0,0,0,0.14925005368974362,-0.5078539979337996,-0.08956309356309583,0.6571040516235432,0.5078539979337996,0.3531685378112569,-1.1592363798791194,12.294537037037037,0.048888888888889204,12.294537037037037,-0.587962962962963,12.245648148148147,6.171712962962963,6.122824074074074,0.0816616636295585,3.110496107383688,5.817220841045895,11.436898107967467,0.0,6.06636706846161,12.13273413692322,0.0,0.0,0.0,10.84019487200289,4.39041504767482,0.0,51.73106297163192,50.6838300740759,6.8533711511285205,4.634579145267688,4.198377302757663,2.43929804056199,5.879032258064516,1.9311790156841535,1.1031009506564056,48.0,0.0,0.14925005368974362,-0.5078539979337996,0.5078539979337996,0.14925005368974362,46.25,1.1135,32.4772,2.1,0.0
6691,CC(C)CCCCCCCO,0,6691,CC(C)CCCCCCCO,6691,CC(C)CCCCCCCO,CC(C)CCCCCCCO,CC(C)CCCCCCCO,CC(C)CCCCCCCO,6691.0,1.0,0.0,0.0,0.0,0.0,0.0,0.0,,158.285,2.975300000000002,20.23,1.0,1.0,7.0,0.0,0.0,1.0,1.0,11.0,0.0,0.0,0.0,0.0,0.0,0.0,0.0,0.0,0.0,0.0,0.0,0.0,0.0,0.0,0.0,0.0,0.0,0.0,0.0,0.0,0.0,0.0,0.0,0.0,0.0,0.0,0.0,0.0,0.0,0.0,1.0,1.0,0.0,0.0,0.0,0.0,0.0,0.0,0.0,0.0,0.0,0.0,0.0,0.0,0.0,0.0,0.0,0.0,0.0,0.0,0.0,0.0,0.0,0.0,0.0,0.0,0.0,0.0,0.0,0.0,0.0,0.0,0.0,0.0,0.0,0.0,0.0,0.0,0.0,0.0,0.0,0.0,0.0,0.0,0.0,0.0,0.0,0.0,0.0,0.0,0.0,0.0,0.0,0.0,0.0,0.0,0.0,0.0,0.0,0.0,0.0,0.0,0.0,0.0,0.0,0.0,0.0,0.0,0.0,0.0,0.0,0.0,0.0,0.0,0.0,0.0,0.0,0.0,0.0,0.0,0.0,0.0,0.0,0.0,0.0,0.0,0.0,0.0,0.0,0.0,0.0,0.0,0.0,0.0,0.0,0.0,0.0,0.0,0.0,0.0,0.0,0.0,0.0,0.0,0.0,0.0,0.0,0.0,0.0,0.0,0.0,0.0,0.0,0.0,0.0,0.0,0.0,0.0,0.0,0.0,0.0,0.0,0.0,0.0,0.0,0.0,0.0,0.0,0.0,0.0,0.0,0.0,0.0,0.0,0.0,0.0,0.0,0.0,0.0,0.0,0.0,0.0,0.0,0.0,0.0,0.0,0.0,0.0,0.0,0.0,0.0,0.0,0.0,0.0,0.0,0.0,0.0,0.0,0.0,0.0,0.0,0.0,0.0,0.0,0.0,0.0,0.0,0.0,0.0,0.0,0.0,0.0,0.0,0.0,0.0,0.0,0.0,0.0,0.0,0.0,0.0,0.0,0.0,0.0,0.0,0.0,0.0,0.0,0.0,0.0,0.0,0.0,0.0,0.0,0.0,0.0,0.0,0.0,0.0,0.0,0.0,0.0,0.0,0.0,0.0,0.0,0.0,0.0,0.0,0.0,0.0,0.0,0.0,0.0,0.0,0.0,0.0,0.0,0.0,0.0,0.0,0.0,0.0,0.0,0.0,0.0,0.0,0.0,0.0,0.0,0.0,0.0,0,0,0,0,0,0,0,0,ACY_*********(*)*,acyclic_anonymous_graph,train,0,1,0,1,0,0,0,0,0,0,0,0,0,0,0,0,0,0,0,0,0,0,0,0,0,0,0,1,0,1,0,0,0,1,0,0,0,0,0,1,0,0,0,0,0,0,0,0,0,0,0,0,0,0,0,1,0,0,0,0,0,0,0,0,0,0,0,0,1,0,0,0,0,0,0,0,0,0,0,0,1,0,0,0,0,0,0,0,0,0,0,0,0,0,0,0,0,0,0,0,0,0,0,0,0,0,1,0,0,0,0,0,0,0,0,0,0,0,0,1,0,0,0,0,0,0,0,0,0,0,0,0,0,0,0,0,0,0,0,0,0,0,0,0,0,0,0,0,0,0,1,0,0,0,0,0,0,0,0,0,0,0,0,0,0,0,0,0,0,0,0,0,0,0,0,0,0,0,0,0,0,0,0,0,0,0,0,0,0,0,0,0,0,0,0,0,0,0,0,0,0,0,0,0,0,0,0,0,0,0,0,0,0,0,0,0,0,1,0,0,0,0,1,0,0,0,0,1,0,0,0,0,0,0,0,0,0,0,0,0,0,0,0,0,0,0,0,0,0,0,0,0,0,0,0,0,0.043052407228898915,-0.39637656934228244,-0.07432349101843065,0.43942897657118135,0.39637656934228244,0.043052407228898915,-0.8606108084316361,8.511012403418157,0.365258487654321,8.511012403418157,0.365258487654321,8.145753915763835,4.438135445536239,4.072876957881918,0.12276334521532486,2.4180752864148043,0.0,0.0,6.606881964512918,12.338727669087403,32.10410811463005,0.0,0.0,13.847474399381248,5.106527394840706,0.0,0.0,70.81796380959506,70.00371954245233,8.52709773749546,7.974311332995418,5.2700556100296625,4.879176594859953,10.96,8.060401606425705,9.960000000000003,68.0,0.0,0.043052407228898915,-0.39637656934228244,0.39637656934228244,0.043052407228898915,20.23,2.975300000000002,49.62580000000003,0.0,1.8000000000000003
9879,CCCCCCCCCC(=O)OOC(=O)CCCCCCCCC,0,9879,CCCCCCCCCC(=O)OOC(=O)CCCCCCCCC,9879,CCCCCCCCCC(=O)OOC(=O)CCCCCCCCC,CCCCCCCCCC(=O)OOC(=O)CCCCCCCCC,CCCCCCCCCC(=O)OOC(=O)CCCCCCCCC,CCCCCCCCCC(=O)OOC(=O)CCCCCCCCC,9879.0,1.0,0.0,0.0,0.0,0.0,0.0,0.0,,342.5200000000002,6.269200000000007,52.6,0.0,4.0,16.0,0.0,0.0,4.0,0.9,24.0,0.0,0.0,0.0,0.0,0.0,0.0,0.0,0.0,0.0,0.0,0.0,0.0,0.0,0.0,0.0,0.0,0.0,0.0,0.0,0.0,0.0,0.0,0.0,0.0,0.0,0.0,0.0,0.0,0.0,0.0,0.0,0.0,0.0,0.0,0.0,0.0,0.0,0.0,0.0,0.0,0.0,0.0,0.0,0.0,0.0,0.0,0.0,0.0,0.0,0.0,0.0,0.0,0.0,0.0,0.0,0.0,0.0,0.0,0.0,0.0,0.0,0.0,0.0,0.0,0.0,0.0,0.0,0.0,0.0,0.0,0.0,0.0,0.0,0.0,0.0,0.0,0.0,0.0,0.0,0.0,0.0,0.0,0.0,0.0,0.0,0.0,0.0,0.0,0.0,0.0,0.0,0.0,0.0,0.0,0.0,0.0,0.0,0.0,0.0,0.0,0.0,0.0,0.0,0.0,0.0,0.0,0.0,0.0,0.0,0.0,0.0,0.0,0.0,0.0,0.0,0.0,0.0,0.0,0.0,0.0,0.0,0.0,0.0,0.0,0.0,0.0,0.0,0.0,0.0,0.0,0.0,0.0,0.0,0.0,0.0,0.0,0.0,0.0,0.0,0.0,0.0,0.0,0.0,0.0,0.0,0.0,0.0,0.0,0.0,0.0,0.0,0.0,0.0,0.0,0.0,0.0,0.0,0.0,0.0,0.0,0.0,0.0,0.0,0.0,0.0,0.0,0.0,0.0,0.0,0.0,0.0,0.0,0.0,0.0,0.0,0.0,0.0,0.0,0.0,0.0,0.0,0.0,0.0,0.0,0.0,0.0,0.0,0.0,0.0,0.0,0.0,0.0,0.0,0.0,0.0,0.0,0.0,0.0,0.0,0.0,0.0,0.0,0.0,0.0,0.0,0.0,0.0,0.0,0.0,0.0,0.0,0.0,0.0,0.0,0.0,0.0,0.0,0.0,0.0,0.0,0.0,0.0,0.0,0.0,0.0,0.0,0.0,0.0,0.0,0.0,0.0,0.0,0.0,0.0,0.0,0.0,0.0,0.0,2.0,1.0,0.0,0.0,0.0,0.0,0.0,0.0,0.0,0.0,0.0,0.0,0.0,0.0,0.0,0.0,0.0,0.0,1.0,1.0,0.0,0.0,1.0,1.0,0,0,0,0,0,1,0,0,ACY_**********(*)***(*)*********,acyclic_anonymous_graph,train,0,0,0,0,0,0,0,0,0,0,0,0,0,0,0,0,0,0,0,0,0,0,1,0,0,0,1,0,1,0,0,0,0,1,0,0,0,0,1,1,0,0,1,0,0,0,0,0,0,0,0,0,0,0,0,0,0,0,0,0,0,0,0,0,0,0,0,0,0,0,0,0,0,0,0,0,0,0,0,1,1,0,0,0,0,0,0,0,0,0,0,0,0,0,0,0,0,0,0,0,0,0,0,0,0,0,1,0,0,0,0,0,0,0,0,0,0,0,0,1,0,0,0,0,0,1,0,0,0,0,0,0,0,0,0,0,0,0,1,0,0,0,1,0,0,0,0,0,0,0,0,0,0,0,0,0,0,0,0,0,0,0,0,0,1,0,0,0,0,0,0,0,0,0,0,0,0,0,0,0,0,0,0,1,0,0,0,0,0,0,0,0,0,0,0,0,0,0,0,0,0,0,0,0,0,0,0,0,0,0,0,0,0,0,0,0,0,0,0,0,0,0,0,0,0,0,0,0,0,0,0,0,0,0,0,0,0,0,0,0,0,0,0,1,0,0,0,0,0,0,0,0,0,0,0,0,0.35508788069911634,-0.2474745751619439,-0.04335156468335216,0.6025624558610603,0.35508788069911634,0.8102455937395829,-1.8506831461400346,11.459915374004826,0.3318316956412193,11.459915374004826,-0.43382054721208596,11.128083678363607,5.895873534823022,5.564041839181804,0.0898627318865606,3.1237476050088615,11.938610575903699,0.0,12.841643245852019,38.524929737556064,51.36657298340809,0.0,0.0,23.622616305893473,0.0,9.589074368143644,0.0,148.1525811762048,147.88344721675702,17.88262259973711,15.946701660840217,11.7019072626078,10.104483591154036,22.94,18.28113479004781,17.29632108451906,142.0,0.0,0.35508788069911634,-0.2474745751619439,0.35508788069911634,0.2474745751619439,52.6,6.269200000000007,97.40400000000008,0.0,4.46
7210,COc1ccc(Cl)c(S(N)(=O)=O)c1,1,7210,COc1ccc(Cl)c(S(N)(=O)=O)c1,7210,COc1ccc(Cl)c(S(N)(=O)=O)c1,COc1ccc(Cl)c(S(N)(=O)=O)c1,COc1ccc(Cl)c(S(N)(=O)=O)c1,COc1ccc(Cl)c(S(N)(=O)=O)c1,7210.0,1.0,0.0,0.0,0.0,0.0,0.0,0.0,c1ccccc1,221.665,0.9960000000000002,69.39,1.0,3.0,2.0,1.0,1.0,6.0,0.1428571428571428,13.0,0.0,0.0,0.0,0.0,0.0,0.0,0.0,0.0,0.0,0.0,0.0,0.0,0.0,0.0,0.0,0.0,0.0,0.0,0.0,0.0,0.0,0.0,0.0,0.0,0.0,0.0,0.0,0.0,0.0,0.0,0.0,0.0,0.0,0.0,1.0,1.0,0.0,0.0,0.0,0.0,0.0,0.0,0.0,0.0,0.0,0.0,0.0,0.0,0.0,0.0,0.0,0.0,0.0,0.0,1.0,1.0,6.0,1.0,0.0,0.0,0.0,0.0,1.0,1.0,0.0,0.0,1.0,1.0,0.0,0.0,0.0,0.0,0.0,0.0,0.0,0.0,1.0,1.0,1.0,1.0,0.0,0.0,0.0,0.0,0.0,0.0,0.0,0.0,0.0,0.0,0.0,0.0,0.0,0.0,0.0,0.0,0.0,0.0,0.0,0.0,0.0,0.0,0.0,0.0,0.0,0.0,0.0,0.0,0.0,0.0,0.0,0.0,0.0,0.0,0.0,0.0,0.0,0.0,0.0,0.0,0.0,0.0,0.0,0.0,0.0,0.0,0.0,0.0,0.0,0.0,0.0,0.0,0.0,0.0,0.0,0.0,0.0,0.0,0.0,0.0,0.0,0.0,0.0,0.0,0.0,0.0,0.0,0.0,0.0,0.0,0.0,0.0,0.0,0.0,0.0,0.0,0.0,0.0,0.0,0.0,0.0,0.0,0.0,0.0,0.0,0.0,0.0,0.0,0.0,0.0,0.0,0.0,0.0,0.0,0.0,0.0,0.0,0.0,0.0,0.0,0.0,0.0,0.0,0.0,0.0,0.0,0.0,0.0,0.0,0.0,0.0,0.0,0.0,0.0,0.0,0.0,0.0,0.0,0.0,0.0,0.0,0.0,0.0,0.0,1.0,1.0,0.0,0.0,0.0,0.0,0.0,0.0,0.0,0.0,0.0,0.0,0.0,0.0,0.0,0.0,0.0,0.0,0.0,0.0,0.0,0.0,0.0,0.0,0.0,0.0,0.0,0.0,0.0,0.0,0.0,0.0,0.0,0.0,0.0,0.0,0.0,0.0,0.0,0.0,0.0,0.0,0.0,0.0,0.0,0.0,0.0,0.0,0.0,0.0,0.0,0.0,1.0,1.0,0.0,0.0,1.0,1.0,0,0,0,0,0,0,0,0,c1ccccc1,murcko,train,1,0,0,0,0,0,0,0,0,0,0,0,0,1,0,0,0,0,0,0,1,0,0,0,0,0,0,0,0,0,0,0,0,1,0,0,0,0,0,0,0,0,0,0,0,0,0,0,0,1,0,0,0,0,0,0,0,0,0,0,0,0,0,0,0,1,1,0,0,0,0,1,0,1,0,0,0,0,0,0,0,1,0,0,0,0,0,0,0,0,0,0,0,0,1,0,0,0,0,0,1,0,0,0,0,0,0,1,0,0,1,0,0,0,0,0,0,0,0,0,0,0,0,0,0,0,0,0,0,0,0,0,0,0,0,0,1,0,1,0,0,0,0,0,0,0,0,1,0,0,0,0,0,0,1,0,0,0,0,0,0,0,0,0,0,0,0,0,0,0,0,0,0,0,0,0,1,1,0,1,1,0,0,1,0,0,0,0,0,0,0,0,0,0,0,0,1,0,0,0,0,0,0,0,0,0,1,0,0,0,0,0,0,0,1,0,0,0,0,0,0,0,0,0,0,0,0,0,0,0,0,0,0,0,0,0,0,0,0,0,0,0,0,0,0,0,0,0,0,0,0,0,0,0,0,0,0.23917057243677048,-0.49672022100314367,-0.05173430190371998,0.7358907934399141,0.49672022100314367,0.6030312548891679,-1.2755771796375275,10.959633408919123,0.08638888888888951,10.959633408919123,-3.7780324074074074,10.873244520030234,5.523011148904006,5.436622260015117,0.0919688689202052,2.805386386255308,10.023291153407584,9.918116789259102,5.749511833283905,0.0,19.242531678200752,6.06636706846161,0.0,0.0,21.476776581640507,8.417796984328938,0.0,81.31382327970992,80.89439208858239,10.060477932315068,6.820358711623184,5.947706970623635,3.312548282873774,10.301833060556465,3.5301885601159637,2.3328799819199495,72.0,0.0,0.23917057243677048,-0.49672022100314367,0.49672022100314367,0.23917057243677048,69.39,0.9960000000000002,49.377200000000016,0.0,0.45714285714285713
11597,Cc1ccc(N)c(C)c1,0,11597,Cc1ccc(N)c(C)c1,11597,Cc1ccc(N)c(C)c1,Cc1ccc(N)c(C)c1,Cc1ccc(N)c(C)c1,Cc1ccc(N)c(C)c1,11597.0,1.0,0.0,0.0,0.0,0.0,0.0,0.0,c1ccccc1,121.183,1.88564,26.02,1.0,1.0,0.0,1.0,1.0,1.0,0.25,9.0,0.0,0.0,0.0,0.0,0.0,0.0,0.0,0.0,0.0,0.0,0.0,0.0,0.0,0.0,0.0,0.0,1.0,1.0,0.0,0.0,0.0,0.0,0.0,0.0,0.0,0.0,0.0,0.0,0.0,0.0,0.0,0.0,0.0,0.0,0.0,0.0,0.0,0.0,0.0,0.0,0.0,0.0,0.0,0.0,0.0,0.0,0.0,0.0,0.0,0.0,0.0,0.0,0.0,0.0,1.0,1.0,6.0,1.0,0.0,0.0,0.0,0.0,0.0,0.0,0.0,0.0,0.0,0.0,0.0,0.0,0.0,0.0,0.0,0.0,0.0,0.0,0.0,0.0,0.0,0.0,0.0,0.0,0.0,0.0,0.0,0.0,0.0,0.0,0.0,0.0,0.0,0.0,0.0,0.0,0.0,0.0,0.0,0.0,0.0,0.0,0.0,0.0,0.0,0.0,0.0,0.0,0.0,0.0,1.0,1.0,0.0,0.0,1.0,1.0,0.0,0.0,0.0,0.0,0.0,0.0,0.0,0.0,0.0,0.0,0.0,0.0,0.0,0.0,0.0,0.0,0.0,0.0,0.0,0.0,0.0,0.0,0.0,0.0,0.0,0.0,0.0,0.0,0.0,0.0,0.0,0.0,0.0,0.0,0.0,0.0,0.0,0.0,0.0,0.0,0.0,0.0,0.0,0.0,0.0,0.0,0.0,0.0,0.0,0.0,0.0,0.0,0.0,0.0,0.0,0.0,0.0,0.0,0.0,0.0,0.0,0.0,0.0,0.0,0.0,0.0,0.0,0.0,0.0,0.0,0.0,0.0,0.0,0.0,0.0,0.0,0.0,0.0,0.0,0.0,0.0,0.0,0.0,0.0,0.0,0.0,0.0,0.0,0.0,0.0,0.0,0.0,0.0,0.0,0.0,0.0,0.0,0.0,0.0,0.0,0.0,0.0,0.0,0.0,0.0,0.0,0.0,0.0,0.0,0.0,0.0,0.0,0.0,0.0,0.0,0.0,0.0,0.0,0.0,0.0,0.0,0.0,0.0,0.0,0.0,0.0,0.0,0.0,0.0,0.0,0.0,0.0,0.0,0.0,0.0,0.0,0.0,0.0,0.0,0.0,0.0,0.0,1.0,2.0,1.0,2.0,0.0,0.0,1,0,1,0,0,0,0,0,c1ccccc1,murcko,train,0,0,0,0,0,0,0,0,0,0,0,0,0,0,0,0,0,0,0,0,0,0,0,0,0,0,0,0,0,0,0,1,0,1,0,0,0,0,0,0,0,0,0,0,0,0,0,0,0,0,0,0,0,0,0,0,0,0,0,0,0,0,0,0,0,0,0,0,0,0,0,0,0,0,0,0,0,0,0,0,0,1,0,0,0,0,0,0,0,0,0,0,0,0,0,0,0,0,0,0,1,0,0,0,0,0,0,1,0,0,0,1,0,0,0,0,0,0,0,0,0,0,0,0,0,0,0,0,1,0,0,0,0,0,0,0,0,0,0,0,0,0,1,0,0,0,0,1,0,0,0,0,0,0,0,0,0,0,0,0,0,0,0,0,0,0,0,0,0,0,0,0,0,0,0,0,0,1,0,0,0,0,0,0,0,0,1,0,0,0,0,0,0,0,0,0,0,0,0,0,0,0,0,0,1,0,0,0,0,0,0,0,0,0,1,0,1,0,0,0,0,0,0,0,0,0,0,0,0,0,0,0,0,0,0,1,0,0,0,0,0,0,0,0,0,1,0,0,0,0,1,0,0,0,0,0,0.034340571016716365,-0.39851383231669646,-0.07449712345941478,0.43285440333341285,0.39851383231669646,0.034340571016716365,-0.7048146821514495,5.588703703703704,0.8755555555555559,5.588703703703704,0.8755555555555559,4.713148148148148,3.23212962962963,2.356574074074074,0.21217240972849788,2.216493438007966,0.0,0.0,0.0,11.250837766380558,5.563451491696996,0.0,19.056471336613846,12.990104268152233,5.733667477162185,0.0,0.0,55.501178045302886,54.59453234000581,6.8533711511285205,5.809401076758503,4.198377302757663,3.0267090063073985,6.144688279301746,2.094917408045428,1.2244346499594405,48.0,0.0,0.034340571016716365,-0.39851383231669646,0.39851383231669646,0.034340571016716365,26.02,1.88564,40.32840000000001,2.1,0.1
1898,Cc1ccc(NCCO)c([N+](=O)[O-])c1,0,1898,Cc1ccc(NCCO)c([N+](=O)[O-])c1,1898,Cc1ccc(NCCO)c([N+](=O)[O-])c1,Cc1ccc(NCCO)c([N+](=O)[O-])c1,Cc1ccc(NCCO)c([N+](=O)[O-])c1,Cc1ccc(NCCO)c([N+](=O)[O-])c1,1898.0,1.0,0.0,0.0,0.0,0.0,0.0,0.0,c1ccccc1,196.206,1.3074199999999998,75.39999999999999,2.0,4.0,4.0,1.0,1.0,5.0,0.3333333333333333,14.0,0.0,1.0,0.0,0.0,0.0,0.0,0.0,0.0,0.0,0.0,0.0,0.0,0.0,0.0,0.0,0.0,2.0,1.0,0.0,0.0,0.0,0.0,0.0,0.0,0.0,0.0,0.0,0.0,0.0,0.0,1.0,1.0,0.0,0.0,0.0,0.0,0.0,0.0,0.0,0.0,0.0,0.0,0.0,0.0,0.0,0.0,0.0,0.0,0.0,0.0,0.0,0.0,0.0,0.0,1.0,1.0,6.0,1.0,0.0,0.0,0.0,0.0,0.0,0.0,0.0,0.0,0.0,0.0,0.0,0.0,0.0,0.0,0.0,0.0,0.0,0.0,0.0,0.0,0.0,0.0,0.0,0.0,0.0,0.0,0.0,0.0,0.0,0.0,0.0,0.0,0.0,0.0,0.0,0.0,0.0,0.0,0.0,0.0,0.0,0.0,0.0,0.0,0.0,0.0,0.0,0.0,0.0,0.0,0.0,0.0,0.0,0.0,1.0,1.0,0.0,0.0,0.0,0.0,1.0,1.0,1.0,1.0,0.0,0.0,0.0,0.0,0.0,0.0,0.0,0.0,0.0,0.0,0.0,0.0,0.0,0.0,0.0,0.0,0.0,0.0,0.0,0.0,0.0,0.0,0.0,0.0,0.0,0.0,0.0,0.0,0.0,0.0,0.0,0.0,0.0,0.0,0.0,0.0,0.0,0.0,0.0,0.0,0.0,0.0,0.0,0.0,0.0,0.0,0.0,0.0,0.0,0.0,0.0,0.0,0.0,0.0,0.0,0.0,0.0,0.0,0.0,0.0,0.0,0.0,0.0,0.0,0.0,0.0,0.0,0.0,0.0,0.0,0.0,0.0,0.0,0.0,0.0,0.0,0.0,0.0,0.0,0.0,0.0,0.0,0.0,0.0,0.0,0.0,0.0,0.0,0.0,0.0,0.0,0.0,0.0,0.0,0.0,0.0,0.0,0.0,0.0,0.0,0.0,0.0,0.0,0.0,0.0,0.0,0.0,0.0,0.0,0.0,0.0,0.0,0.0,0.0,0.0,0.0,0.0,0.0,0.0,0.0,0.0,0.0,0.0,0.0,0.0,0.0,0.0,0.0,0.0,0.0,0.0,0.0,0.0,0.0,1.0,3.0,1.0,3.0,0.0,0.0,0,0,1,0,0,0,0,0,c1ccccc1,murcko,train,0,0,0,0,0,0,0,0,0,0,0,0,0,0,0,0,0,0,0,0,0,0,0,0,0,0,0,0,0,0,1,1,0,1,0,0,0,0,0,1,0,0,0,0,0,0,0,0,0,0,0,0,0,0,0,0,0,0,0,0,0,0,0,0,1,0,0,0,0,0,1,0,0,0,0,0,0,0,0,0,1,1,0,0,0,0,0,0,0,0,0,1,0,0,0,0,0,0,1,0,1,0,0,0,0,0,0,1,0,1,0,0,0,0,0,0,0,0,0,0,0,0,0,0,0,0,0,0,1,0,0,1,0,0,0,0,1,0,1,0,0,0,0,0,0,0,0,0,0,0,0,0,0,0,1,1,0,0,0,0,0,0,0,0,0,0,0,0,0,0,0,1,0,0,0,0,0,0,0,0,0,0,0,0,0,0,1,0,0,0,0,0,0,0,0,0,0,0,0,0,1,0,0,1,1,0,0,0,0,0,0,1,0,0,1,0,0,1,0,0,0,0,1,0,0,0,0,0,0,0,0,0,0,0,0,1,0,0,0,0,0,1,0,0,0,1,0,0,0,0,0,0,0,0,0,0,0.29207702830716714,-0.39454596864151686,-0.062216423953375975,0.686622996948684,0.39454596864151686,0.5892205772048317,-1.4602505125520953,10.640184712773998,0.0402314814814817,10.640184712773998,-0.437790060468632,10.599953231292517,5.340208097127739,5.299976615646258,0.09434003888317759,2.6903724854596662,4.923311048817671,12.29426823919648,12.232142680596137,5.563451491696996,6.06636706846161,19.056471336613843,0.0,5.316788604006331,5.106527394840706,10.114318268765572,0.0,81.52330112099064,80.67364613299534,10.55204176387779,7.8571881418696154,6.647065707741406,4.246570197742788,10.460775444264943,4.569926069046947,2.431618757328579,76.0,0.0,0.29207702830716714,-0.39454596864151686,0.39454596864151686,0.29207702830716714,75.39999999999999,1.3074199999999998,53.408900000000024,1.3,0.9333333333333333
9716,[Sb],1,9716,[Sb],9716,[Sb],[Sb],[Sb],[Sb],9716.0,1.0,0.0,0.0,0.0,0.0,0.0,0.0,,121.76,-0.3808,0.0,0.0,0.0,0.0,0.0,0.0,1.0,0.0,1.0,0.0,0.0,0.0,0.0,0.0,0.0,0.0,0.0,0.0,0.0,0.0,0.0,0.0,0.0,0.0,0.0,0.0,0.0,0.0,0.0,0.0,0.0,0.0,0.0,0.0,0.0,0.0,0.0,0.0,0.0,0.0,0.0,0.0,0.0,0.0,0.0,0.0,0.0,0.0,0.0,0.0,0.0,0.0,0.0,0.0,0.0,0.0,0.0,0.0,0.0,0.0,0.0,0.0,0.0,0.0,0.0,0.0,0.0,0.0,0.0,0.0,0.0,0.0,0.0,0.0,0.0,0.0,0.0,0.0,0.0,0.0,0.0,0.0,0.0,0.0,0.0,0.0,0.0,0.0,0.0,0.0,0.0,0.0,0.0,0.0,0.0,0.0,0.0,0.0,0.0,0.0,0.0,0.0,0.0,0.0,0.0,0.0,0.0,0.0,0.0,0.0,0.0,0.0,0.0,0.0,0.0,0.0,0.0,0.0,0.0,0.0,0.0,0.0,0.0,0.0,0.0,0.0,0.0,0.0,0.0,0.0,0.0,0.0,0.0,0.0,0.0,0.0,0.0,0.0,0.0,0.0,0.0,0.0,0.0,0.0,0.0,0.0,0.0,0.0,0.0,0.0,0.0,0.0,0.0,0.0,0.0,0.0,0.0,0.0,0.0,0.0,0.0,0.0,0.0,0.0,0.0,0.0,0.0,0.0,0.0,0.0,0.0,0.0,0.0,0.0,0.0,0.0,0.0,0.0,0.0,0.0,0.0,0.0,0.0,0.0,0.0,0.0,0.0,0.0,0.0,0.0,0.0,0.0,0.0,0.0,0.0,0.0,0.0,0.0,0.0,0.0,0.0,0.0,0.0,0.0,0.0,0.0,0.0,0.0,0.0,0.0,0.0,0.0,0.0,0.0,0.0,0.0,0.0,0.0,0.0,0.0,0.0,0.0,0.0,0.0,0.0,0.0,0.0,0.0,0.0,0.0,0.0,0.0,0.0,0.0,0.0,0.0,0.0,0.0,0.0,0.0,0.0,0.0,0.0,0.0,0.0,0.0,0.0,0.0,0.0,0.0,0.0,0.0,0.0,0.0,0.0,0.0,0.0,0.0,0.0,0.0,0.0,0.0,0.0,0.0,0.0,0.0,0.0,0.0,0.0,0.0,0.0,0,0,0,0,0,0,0,0,ACY_[*],acyclic_anonymous_graph,train,0,0,0,0,0,0,0,0,0,0,0,0,0,0,0,0,0,0,0,0,0,0,0,0,0,0,0,0,0,0,0,0,0,0,0,0,0,0,0,0,0,0,0,0,0,0,0,0,0,0,0,0,0,0,0,0,0,0,0,0,0,0,0,0,0,0,0,0,0,0,0,0,0,0,0,0,0,0,0,0,0,0,0,0,0,0,0,0,0,0,0,0,0,0,0,0,0,0,0,0,0,0,0,0,0,0,0,0,0,0,0,0,0,0,0,0,0,0,0,0,0,0,0,0,0,0,0,0,0,0,0,0,0,0,0,0,0,0,0,0,0,0,0,0,0,0,0,0,0,0,0,0,0,0,0,0,0,0,0,0,0,0,0,0,0,0,0,0,0,0,0,0,1,0,0,0,0,0,0,0,0,0,0,0,0,0,0,0,0,0,0,0,0,0,0,0,0,0,0,0,0,0,0,0,0,0,0,0,0,0,0,0,0,0,0,0,0,0,0,0,0,0,0,0,0,0,0,0,0,0,0,0,0,0,0,0,0,0,0,0,0,0,0,0,0,0,0,0,0,0,0,0,0,0,0,0,0.0,0.0,0.0,0.0,0.0,0.0,0.0,0.0,0.0,0.0,0.0,,,,,,0.0,24.427978850585944,0.0,0.0,0.0,0.0,0.0,0.0,0.0,0.0,0.0,24.939030625698,24.427978850585944,0.0,0.4472135954999579,0.0,0.0,1.8181818181818181,0.040404040404040435,1.7070707070707074,5.0,3.0,0.0,0.0,0.0,0.0,0.0,-0.3808,5.754,0.0,0.0
8747,CC(=O)C1(O)CCC2C3CCC4=CC(=O)CCC4(C)C3CCC21C,0,8747,CC(=O)C1(O)CCC2C3CCC4=CC(=O)CCC4(C)C3CCC21C,8747,CC(=O)C1(O)CCC2C3CCC4=CC(=O)CCC4(C)C3CCC21C,CC(=O)C1(O)CCC2C3CCC4=CC(=O)CCC4(C)C3CCC21C,CC(=O)C1(O)CCC2C3CCC4=CC(=O)CCC4(C)C3CCC21C,CC(=O)C1(O)CCC2C3CCC4=CC(=O)CCC4(C)C3CCC21C,8747.0,1.0,0.0,0.0,0.0,0.0,0.0,0.0,O=C1C=C2CCC3C4CCCC4CCC3C2CC1,330.4680000000001,3.8384000000000023,54.37,1.0,3.0,1.0,4.0,0.0,3.0,0.8095238095238095,24.0,0.0,0.0,0.0,0.0,0.0,0.0,0.0,0.0,0.0,0.0,0.0,0.0,0.0,0.0,0.0,0.0,0.0,0.0,0.0,0.0,0.0,0.0,0.0,0.0,0.0,0.0,0.0,0.0,0.0,0.0,1.0,1.0,0.0,0.0,0.0,0.0,0.0,0.0,2.0,1.0,0.0,0.0,0.0,0.0,0.0,0.0,0.0,0.0,0.0,0.0,1.0,1.0,0.0,0.0,0.0,0.0,0.0,0.0,6.0,1.0,0.0,0.0,0.0,0.0,0.0,0.0,0.0,0.0,0.0,0.0,0.0,0.0,0.0,0.0,0.0,0.0,0.0,0.0,0.0,0.0,0.0,0.0,0.0,0.0,0.0,0.0,0.0,0.0,0.0,0.0,0.0,0.0,0.0,0.0,0.0,0.0,0.0,0.0,0.0,0.0,0.0,0.0,0.0,0.0,0.0,0.0,0.0,0.0,0.0,0.0,0.0,0.0,0.0,0.0,0.0,0.0,0.0,0.0,0.0,0.0,0.0,0.0,0.0,0.0,0.0,0.0,0.0,0.0,0.0,0.0,0.0,0.0,0.0,0.0,0.0,0.0,0.0,0.0,0.0,0.0,0.0,0.0,0.0,0.0,0.0,0.0,0.0,0.0,0.0,0.0,0.0,0.0,0.0,0.0,0.0,0.0,0.0,0.0,0.0,0.0,0.0,0.0,0.0,0.0,0.0,0.0,0.0,0.0,1.0,1.0,0.0,0.0,0.0,0.0,0.0,0.0,0.0,0.0,0.0,0.0,0.0,0.0,0.0,0.0,0.0,0.0,0.0,0.0,0.0,0.0,0.0,0.0,0.0,0.0,0.0,0.0,0.0,0.0,0.0,0.0,0.0,0.0,0.0,0.0,0.0,0.0,0.0,0.0,0.0,0.0,0.0,0.0,0.0,0.0,0.0,0.0,0.0,0.0,0.0,0.0,0.0,0.0,0.0,0.0,0.0,0.0,0.0,0.0,0.0,0.0,0.0,0.0,0.0,0.0,0.0,0.0,0.0,0.0,0.0,0.0,0.0,0.0,0.0,0.0,0.0,0.0,0.0,0.0,0.0,0.0,0.0,0.0,0.0,0.0,0.0,0.0,1.0,1.0,1.0,1.0,0.0,0.0,0,0,0,0,1,0,0,0,O=C1C=C2CCC3C4CCCC4CCC3C2CC1,murcko,train,0,0,0,0,0,0,1,1,0,0,0,0,0,0,0,0,1,1,0,0,0,0,1,0,0,0,0,0,0,0,0,0,0,1,0,0,1,0,0,1,0,0,0,1,0,1,0,0,0,0,0,0,0,0,0,0,0,0,1,0,0,0,0,0,0,0,0,0,1,0,0,1,0,1,0,0,0,0,0,0,0,1,0,0,1,0,0,0,1,0,0,0,1,0,0,0,0,0,0,0,1,0,0,0,1,0,0,0,0,0,1,0,0,0,0,0,0,0,0,0,0,0,0,0,0,1,0,0,0,0,1,0,0,1,0,0,0,0,1,0,0,0,0,0,0,0,0,0,0,0,0,0,1,0,0,0,1,0,1,0,0,0,0,0,0,0,0,0,0,0,0,0,0,0,0,0,0,0,0,0,0,0,1,0,0,0,0,0,0,0,0,0,0,0,0,1,0,0,0,0,0,0,1,0,1,0,0,0,0,0,0,0,0,0,0,0,0,0,0,0,0,0,0,1,0,0,1,0,0,0,0,0,0,0,0,0,0,0,0,0,0,0,1,0,0,0,0,0,1,1,1,1,0,0,0,0,0.16134532024830192,-0.3815060503343688,-0.04474646745874428,0.5428513705826707,0.3815060503343688,0.4620351389400133,-1.5359503579498759,12.218477422107249,0.04461193069463221,12.218477422107249,-1.1228287456958093,12.173865491412617,6.1315446764009405,6.086932745706308,0.08214317799924724,3.088241786901673,5.601050810983688,16.6132258851585,36.37860633070114,38.524929737556064,5.573104530069267,6.923737199690624,6.076020106833881,13.847474399381248,0.0,14.69560176298435,0.0,144.4424436217441,144.23375076335878,17.328062645816686,15.22996550267857,11.22181621764166,9.69573411761772,16.50531036972541,5.030468577405891,1.880066273261145,132.0,0.0,0.16134532024830192,-0.3815060503343688,0.3815060503343688,0.16134532024830192,54.37,3.8384000000000027,92.34080000000006,0.8999999999999999,0.5238095238095238
4673,Cc1cc(Cl)ccc1OC(C)C(=O)O,1,4673,Cc1cc(Cl)ccc1OC(C)C(=O)O,4673,Cc1cc(Cl)ccc1OC(C)C(=O)O,Cc1cc(Cl)ccc1OC(C)C(=O)O,Cc1cc(Cl)ccc1OC(C)C(=O)O,Cc1cc(Cl)ccc1OC(C)C(=O)O,4673.0,1.0,0.0,0.0,0.0,0.0,0.0,0.0,c1ccccc1,214.648,2.5003199999999994,46.53,1.0,2.0,3.0,1.0,1.0,4.0,0.3,14.0,0.0,0.0,0.0,0.0,0.0,0.0,0.0,0.0,0.0,0.0,0.0,0.0,0.0,0.0,0.0,0.0,0.0,0.0,0.0,0.0,0.0,0.0,0.0,0.0,0.0,0.0,0.0,0.0,0.0,0.0,0.0,0.0,0.0,0.0,1.0,1.0,0.0,0.0,0.0,0.0,1.0,1.0,0.0,0.0,0.0,0.0,0.0,0.0,0.0,0.0,0.0,0.0,0.0,0.0,1.0,1.0,6.0,1.0,0.0,0.0,0.0,0.0,1.0,1.0,0.0,0.0,1.0,1.0,0.0,0.0,0.0,0.0,0.0,0.0,0.0,0.0,0.0,0.0,0.0,0.0,0.0,0.0,0.0,0.0,0.0,0.0,0.0,0.0,0.0,0.0,0.0,0.0,0.0,0.0,0.0,0.0,0.0,0.0,0.0,0.0,0.0,0.0,0.0,0.0,0.0,0.0,0.0,0.0,0.0,0.0,0.0,0.0,0.0,0.0,0.0,0.0,0.0,0.0,0.0,0.0,0.0,0.0,0.0,0.0,0.0,0.0,0.0,0.0,0.0,0.0,0.0,0.0,0.0,0.0,0.0,0.0,0.0,0.0,0.0,0.0,0.0,0.0,0.0,0.0,0.0,0.0,0.0,0.0,0.0,0.0,0.0,0.0,0.0,0.0,0.0,0.0,0.0,0.0,0.0,0.0,0.0,0.0,0.0,0.0,0.0,0.0,0.0,0.0,0.0,0.0,0.0,0.0,0.0,0.0,0.0,0.0,0.0,0.0,0.0,0.0,0.0,0.0,0.0,0.0,0.0,0.0,0.0,0.0,0.0,0.0,0.0,0.0,0.0,0.0,0.0,0.0,0.0,0.0,0.0,0.0,0.0,0.0,0.0,0.0,1.0,1.0,0.0,0.0,0.0,0.0,0.0,0.0,0.0,0.0,0.0,0.0,0.0,0.0,0.0,0.0,0.0,0.0,0.0,0.0,0.0,0.0,0.0,0.0,0.0,0.0,0.0,0.0,0.0,0.0,0.0,0.0,0.0,0.0,0.0,0.0,1.0,1.0,0.0,0.0,0.0,0.0,0.0,0.0,0.0,0.0,0.0,0.0,0.0,0.0,0.0,0.0,1.0,2.0,0.0,0.0,1.0,2.0,0,0,0,0,0,0,0,0,c1ccccc1,murcko,train,0,1,0,0,0,0,0,0,0,0,0,0,0,0,0,0,0,0,0,0,0,0,0,0,0,0,0,1,0,0,0,0,0,1,0,0,0,0,0,1,0,0,0,0,0,0,0,0,1,1,0,0,1,0,0,0,0,0,0,0,0,0,0,0,0,0,0,0,0,0,0,0,0,0,0,0,0,0,0,0,0,1,0,0,0,0,0,0,0,0,0,0,0,0,1,0,0,0,0,0,1,0,0,0,0,0,0,1,0,0,0,1,1,0,0,0,0,0,0,0,0,0,0,0,0,1,0,0,0,0,0,0,0,1,0,0,0,0,1,0,0,0,0,0,0,0,0,1,0,0,0,0,1,0,0,0,0,0,1,0,0,0,0,1,0,1,0,0,0,0,0,0,1,0,0,0,0,0,1,0,0,0,0,1,1,0,1,0,1,0,0,0,0,0,0,0,0,0,0,0,0,0,0,0,0,0,0,0,0,0,0,0,0,0,1,0,1,0,0,0,0,0,0,0,0,0,0,0,0,0,0,0,0,0,0,0,0,0,0,0,0,0,0,0,0,1,0,0,0,0,0,0,0,0,0,0,0.34409395667837994,-0.47875912164937745,-0.053145400755811104,0.8228530783277574,0.47875912164937745,0.7006552575097924,-1.4446908680911479,10.530815521681923,0.5456481481481483,10.530815521681923,-0.9867129629629627,9.985167373533775,5.5382318349150355,4.992583686766888,0.10014854659828276,3.0717574087505217,12.073271675700152,0.0,10.772145147025231,5.563451491696996,6.923737199690624,18.19910120538483,6.923737199690624,0.0,21.44433023887327,4.794537184071822,0.0,87.26373888571173,86.69431134213355,10.71517847069432,7.951075726195415,6.502907755397973,4.160598860610996,10.858247261345852,4.3303131006262,2.635383945340095,76.0,0.0,0.34409395667837994,-0.47875912164937745,0.47875912164937745,0.34409395667837994,46.53,2.5003199999999994,53.91480000000002,0.0,0.7200000000000001
8090,O=[N+]([O-])c1ccc(Nc2ccc(O)cc2)c([N+](=O)[O-])c1,0,8090,O=[N+]([O-])c1ccc(Nc2ccc(O)cc2)c([N+](=O)[O-])c1,8090,O=[N+]([O-])c1ccc(Nc2ccc(O)cc2)c([N+](=O)[O-])c1,O=[N+]([O-])c1ccc(Nc2ccc(O)cc2)c([N+](=O)[O-])c1,O=[N+]([O-])c1ccc(Nc2ccc(O)cc2)c([N+](=O)[O-])c1,O=[N+]([O-])c1ccc(Nc2ccc(O)cc2)c([N+](=O)[O-])c1,8090.0,1.0,0.0,0.0,0.0,0.0,0.0,0.0,c1ccc(Nc2ccccc2)cc1,275.22,2.9522000000000004,118.54000000000002,2.0,6.0,4.0,2.0,2.0,8.0,0.0,20.0,0.0,1.0,0.0,0.0,0.0,0.0,0.0,0.0,0.0,0.0,0.0,0.0,0.0,0.0,0.0,0.0,4.0,1.0,0.0,0.0,0.0,0.0,0.0,0.0,0.0,0.0,0.0,0.0,0.0,0.0,0.0,0.0,1.0,1.0,0.0,0.0,0.0,0.0,0.0,0.0,0.0,0.0,0.0,0.0,0.0,0.0,0.0,0.0,0.0,0.0,0.0,0.0,0.0,0.0,2.0,1.0,12.0,1.0,0.0,0.0,0.0,0.0,0.0,0.0,0.0,0.0,0.0,0.0,0.0,0.0,0.0,0.0,0.0,0.0,0.0,0.0,0.0,0.0,0.0,0.0,0.0,0.0,0.0,0.0,0.0,0.0,0.0,0.0,0.0,0.0,0.0,0.0,0.0,0.0,0.0,0.0,0.0,0.0,0.0,0.0,0.0,0.0,0.0,0.0,0.0,0.0,0.0,0.0,0.0,0.0,0.0,0.0,2.0,1.0,0.0,0.0,0.0,0.0,2.0,1.0,0.0,0.0,0.0,0.0,0.0,0.0,0.0,0.0,0.0,0.0,0.0,0.0,0.0,0.0,0.0,0.0,0.0,0.0,0.0,0.0,0.0,0.0,0.0,0.0,0.0,0.0,0.0,0.0,0.0,0.0,0.0,0.0,0.0,0.0,0.0,0.0,0.0,0.0,0.0,0.0,0.0,0.0,0.0,0.0,0.0,0.0,0.0,0.0,0.0,0.0,0.0,0.0,0.0,0.0,0.0,0.0,0.0,0.0,0.0,0.0,0.0,0.0,0.0,0.0,0.0,0.0,0.0,0.0,0.0,0.0,0.0,0.0,0.0,0.0,0.0,0.0,0.0,0.0,0.0,0.0,0.0,0.0,0.0,0.0,0.0,0.0,0.0,0.0,0.0,0.0,0.0,0.0,0.0,0.0,0.0,0.0,0.0,0.0,0.0,0.0,0.0,0.0,0.0,0.0,0.0,0.0,0.0,0.0,0.0,0.0,0.0,0.0,0.0,0.0,0.0,0.0,0.0,0.0,0.0,0.0,0.0,0.0,0.0,0.0,0.0,0.0,0.0,0.0,0.0,0.0,0.0,0.0,0.0,0.0,0.0,0.0,1.0,2.0,1.0,2.0,0.0,0.0,0,0,1,0,0,0,0,0,c1ccc(Nc2ccccc2)cc1,murcko,train,0,0,0,0,0,0,0,0,0,0,0,0,0,0,0,0,0,1,0,0,0,0,1,0,0,0,0,0,0,0,1,0,0,1,0,0,0,0,0,1,0,0,0,0,0,0,0,0,0,0,0,1,0,0,0,0,0,0,0,0,0,0,0,0,1,0,1,0,0,0,1,0,0,0,0,1,0,0,0,0,0,1,0,0,0,0,0,0,0,0,0,0,0,0,0,1,0,0,1,0,1,0,0,0,0,0,0,1,0,0,0,0,0,0,0,0,0,0,0,0,0,0,0,0,0,0,0,0,1,0,0,0,0,0,0,0,0,0,1,0,0,0,0,0,0,0,0,0,1,0,0,0,0,0,0,0,0,0,0,0,0,0,0,0,0,0,0,0,0,0,0,1,0,0,0,0,0,0,0,0,0,0,0,0,0,0,0,0,0,0,0,1,0,0,0,0,0,0,0,1,1,0,0,1,1,0,0,0,0,0,0,0,0,0,1,0,0,0,0,0,0,0,0,0,0,0,0,0,0,0,0,0,0,1,0,1,0,0,0,0,0,1,1,0,1,0,0,0,0,0,1,0,0,0,0,0,0.29903721414565965,-0.5079643158733046,-0.04666188267716513,0.8070015300189642,0.5079643158733046,1.0886208544220861,-2.021858507965389,10.943860439237422,0.06365669206668545,10.943860439237422,-0.6986651234567902,10.880203747170738,5.503758565652054,5.440101873585369,0.09191004352837029,2.784080064388982,15.534008372318905,17.12428438265103,5.687386274683562,6.06636706846161,36.39820241076966,0.0,0.0,5.316788604006331,5.106527394840706,20.228636537531145,0.0,112.13854470636467,111.46220104526294,14.698306133819765,10.016085832682709,9.46923425058676,5.4605182133486645,13.275862374067444,5.224418522175042,2.8038834877907117,102.0,0.0,0.29903721414565965,-0.5079643158733046,0.5079643158733046,0.29903721414565965,118.54000000000002,2.9522000000000004,71.14030000000001,1.1,0.8
8865,O=C(O)CSSCC(=O)O,0,8865,O=C(O)CSSCC(=O)O,8865,O=C(O)CSSCC(=O)O,O=C(O)CSSCC(=O)O,O=C(O)CSSCC(=O)O,O=C(O)CSSCC(=O)O,8865.0,1.0,0.0,0.0,0.0,0.0,0.0,0.0,,182.222,0.537,74.6,2.0,4.0,5.0,0.0,0.0,6.0,0.5,10.0,0.0,0.0,0.0,0.0,0.0,0.0,0.0,0.0,0.0,0.0,0.0,0.0,0.0,0.0,0.0,0.0,0.0,0.0,0.0,0.0,0.0,0.0,0.0,0.0,0.0,0.0,0.0,0.0,0.0,0.0,0.0,0.0,0.0,0.0,0.0,0.0,0.0,0.0,0.0,0.0,2.0,1.0,0.0,0.0,0.0,0.0,0.0,0.0,0.0,0.0,0.0,0.0,0.0,0.0,0.0,0.0,0.0,0.0,0.0,0.0,0.0,0.0,0.0,0.0,0.0,0.0,0.0,0.0,0.0,0.0,0.0,0.0,0.0,0.0,0.0,0.0,0.0,0.0,0.0,0.0,0.0,0.0,0.0,0.0,0.0,0.0,0.0,0.0,0.0,0.0,0.0,0.0,0.0,0.0,0.0,0.0,0.0,0.0,0.0,0.0,0.0,0.0,0.0,0.0,0.0,0.0,0.0,0.0,0.0,0.0,0.0,0.0,0.0,0.0,0.0,0.0,0.0,0.0,0.0,0.0,0.0,0.0,0.0,0.0,0.0,0.0,0.0,0.0,0.0,0.0,0.0,0.0,0.0,0.0,0.0,0.0,0.0,0.0,0.0,0.0,0.0,0.0,0.0,0.0,0.0,0.0,0.0,0.0,0.0,0.0,0.0,0.0,0.0,0.0,0.0,0.0,0.0,0.0,0.0,0.0,0.0,0.0,0.0,0.0,0.0,0.0,0.0,0.0,0.0,0.0,0.0,0.0,0.0,0.0,0.0,0.0,0.0,0.0,0.0,0.0,0.0,0.0,0.0,0.0,0.0,0.0,0.0,0.0,0.0,0.0,0.0,0.0,0.0,0.0,0.0,0.0,0.0,0.0,0.0,0.0,0.0,0.0,0.0,0.0,0.0,0.0,0.0,0.0,0.0,0.0,0.0,0.0,0.0,0.0,0.0,0.0,0.0,0.0,0.0,0.0,0.0,0.0,0.0,0.0,0.0,0.0,0.0,0.0,0.0,0.0,0.0,0.0,0.0,0.0,0.0,0.0,0.0,0.0,0.0,0.0,0.0,0.0,0.0,0.0,0.0,0.0,0.0,0.0,0.0,0.0,0.0,0.0,0.0,0.0,0.0,0.0,0.0,0.0,0.0,0.0,0.0,0.0,0,0,0,0,0,0,0,0,ACY_**(*)*****(*)*,acyclic_anonymous_graph,train,1,0,0,0,0,0,0,0,0,0,0,0,0,0,0,0,0,0,0,0,0,0,0,0,0,0,0,0,0,0,0,0,0,0,0,0,0,0,0,1,0,0,0,0,0,0,0,0,0,0,0,0,1,0,0,0,0,0,0,0,0,0,0,0,0,0,0,0,0,0,0,0,0,0,0,0,0,0,0,0,1,0,0,0,0,0,0,0,0,0,0,0,0,0,0,0,0,0,0,0,0,0,0,0,0,0,0,0,0,0,0,0,0,0,0,0,1,0,0,0,0,0,0,0,0,1,0,0,0,0,0,0,0,1,0,0,0,0,1,0,1,0,0,0,0,0,0,0,0,0,0,0,0,0,0,0,0,0,0,0,0,0,0,0,0,1,0,1,0,0,0,0,0,0,0,0,0,0,0,0,0,0,0,0,0,0,0,0,0,0,0,0,0,0,0,0,0,0,0,0,0,1,0,0,0,0,0,0,0,0,0,0,0,0,0,0,0,0,0,0,0,0,0,0,0,0,0,0,0,0,0,0,0,0,0,0,0,0,0,0,0,0,0,0,0,0,0,0,0,0,0,0,0,0,0,0,0.3138437882607727,-0.48060044297901106,-0.07965716085304671,0.7944442312397837,0.48060044297901106,0.8308983150305804,-1.6274699235610472,9.862385204081633,0.05759259259259242,9.862385204081633,-0.9278807634164774,9.804792611489042,4.959988898337112,4.902396305744521,0.10199093847515162,2.5091290398942157,11.938610575903699,11.505707213493578,0.0,21.587795952773448,0.0,0.0,0.0,0.0,10.213054789681411,9.589074368143644,0.0,65.39177121257907,64.83424289999579,7.983127663125442,4.941633915228463,4.625897657686229,2.306585603006661,9.64,5.426832182641484,7.6400000000000015,58.0,0.0,0.3138437882607727,-0.48060044297901106,0.48060044297901106,0.3138437882607727,74.6,0.537,40.18760000000001,0.0,1.2
8581,Nc1nc(N)nc(NC2CC2)n1,0,8581,Nc1nc(N)nc(NC2CC2)n1,8581,Nc1nc(N)nc(NC2CC2)n1,Nc1nc(N)nc(NC2CC2)n1,Nc1nc(N)nc(NC2CC2)n1,Nc1nc(N)nc(NC2CC2)n1,8581.0,1.0,0.0,0.0,0.0,0.0,0.0,0.0,c1ncnc(NC2CC2)n1,166.188,-0.3897000000000006,102.74,3.0,6.0,2.0,2.0,1.0,6.0,0.5,12.0,0.0,0.0,0.0,0.0,0.0,0.0,0.0,0.0,0.0,0.0,0.0,0.0,0.0,0.0,0.0,0.0,3.0,1.0,0.0,0.0,0.0,0.0,0.0,0.0,0.0,0.0,0.0,0.0,0.0,0.0,0.0,0.0,0.0,0.0,0.0,0.0,0.0,0.0,0.0,0.0,0.0,0.0,0.0,0.0,0.0,0.0,0.0,0.0,0.0,0.0,0.0,0.0,0.0,0.0,1.0,1.0,6.0,1.0,0.0,0.0,0.0,0.0,0.0,0.0,0.0,0.0,0.0,0.0,0.0,0.0,0.0,0.0,0.0,0.0,0.0,0.0,0.0,0.0,0.0,0.0,0.0,0.0,0.0,0.0,0.0,0.0,0.0,0.0,0.0,0.0,0.0,0.0,0.0,0.0,0.0,0.0,0.0,0.0,0.0,0.0,0.0,0.0,0.0,0.0,0.0,0.0,0.0,0.0,0.0,0.0,0.0,0.0,3.0,1.0,0.0,0.0,0.0,0.0,0.0,0.0,0.0,0.0,0.0,0.0,0.0,0.0,0.0,0.0,0.0,0.0,0.0,0.0,0.0,0.0,0.0,0.0,0.0,0.0,0.0,0.0,0.0,0.0,0.0,0.0,0.0,0.0,0.0,0.0,0.0,0.0,0.0,0.0,0.0,0.0,0.0,0.0,0.0,0.0,0.0,0.0,0.0,0.0,0.0,0.0,0.0,0.0,0.0,0.0,0.0,0.0,0.0,0.0,0.0,0.0,0.0,0.0,0.0,0.0,0.0,0.0,0.0,0.0,0.0,0.0,0.0,0.0,0.0,0.0,0.0,0.0,0.0,0.0,0.0,0.0,0.0,0.0,0.0,0.0,0.0,0.0,0.0,0.0,0.0,0.0,0.0,0.0,0.0,0.0,0.0,0.0,0.0,0.0,0.0,0.0,0.0,0.0,0.0,0.0,0.0,0.0,0.0,0.0,0.0,0.0,0.0,0.0,0.0,0.0,0.0,0.0,0.0,0.0,0.0,0.0,0.0,0.0,0.0,0.0,0.0,0.0,0.0,0.0,0.0,0.0,0.0,0.0,0.0,0.0,0.0,0.0,0.0,0.0,0.0,0.0,0.0,0.0,1.0,1.0,1.0,1.0,0.0,0.0,0,0,1,0,0,0,0,0,c1ncnc(NC2CC2)n1,murcko,train,0,0,0,0,0,0,0,0,0,1,0,0,0,0,0,0,0,0,0,0,0,0,0,0,0,0,0,0,0,0,0,0,0,0,0,0,0,0,0,0,0,0,0,0,0,1,1,0,0,0,0,0,0,1,0,0,1,0,0,0,0,0,0,1,0,0,0,0,0,0,0,0,0,0,0,0,0,0,0,0,0,0,0,0,0,0,0,0,0,0,0,0,0,0,0,0,0,0,1,0,1,0,0,0,0,0,0,0,0,0,0,0,0,0,0,0,0,0,0,1,0,0,1,0,0,0,0,0,1,0,0,0,0,0,0,0,0,0,0,0,0,0,0,0,0,0,0,1,0,0,0,1,0,1,0,0,0,0,1,0,0,0,0,0,0,0,0,0,0,0,0,0,0,0,0,0,0,1,0,0,0,0,1,0,0,0,0,0,0,0,0,0,0,0,0,0,0,0,0,0,0,0,0,0,0,0,0,0,0,0,0,0,0,0,0,0,1,0,0,0,0,0,0,0,0,0,0,0,0,0,0,0,0,0,0,0,0,0,0,0,1,0,0,0,0,0,0,0,0,0,0,1,0,0,0,0,0.22900102902202138,-0.36759066421787484,-0.08075205901255468,0.5965916932398962,0.36759066421787484,0.7103776192000361,-1.6794023273506926,5.373337112622827,0.15800925925925946,5.373337112622827,0.15800925925925946,5.215327853363568,2.765673185941043,2.607663926681784,0.19174249982291355,1.4666284434065204,0.0,11.896678561972989,11.990180110134455,12.841643245852019,0.0,0.0,0.0,20.268724166847957,11.46733495432437,0.0,0.0,69.40898582963057,68.46456103913178,8.55204176387779,6.4879051564418475,5.737183443017882,3.774162771212039,7.08041457706196,2.4715218422202843,1.5234733779796714,64.0,0.0,0.22900102902202138,-0.36759066421787484,0.36759066421787484,0.22900102902202138,102.74,-0.3897000000000006,45.2965,0.8999999999999999,0.6000000000000001
9215,CCC(=O)OC1CC2CC1C1CC=CC21,0,9215,CCC(=O)OC1CC2CC1C1CC=CC21,9215,CCC(=O)OC1CC2CC1C1CC=CC21,CCC(=O)OC1CC2CC1C1CC=CC21,CCC(=O)OC1CC2CC1C1CC=CC21,CCC(=O)OC1CC2CC1C1CC=CC21,9215.0,1.0,0.0,0.0,0.0,0.0,0.0,0.0,C1=CC2C3CCC(C3)C2C1,206.285,2.540300000000001,26.3,0.0,2.0,2.0,3.0,0.0,2.0,0.7692307692307693,15.0,0.0,0.0,0.0,0.0,0.0,0.0,0.0,0.0,0.0,0.0,0.0,0.0,0.0,0.0,0.0,0.0,0.0,0.0,0.0,0.0,0.0,0.0,0.0,0.0,0.0,0.0,0.0,0.0,0.0,0.0,0.0,0.0,0.0,0.0,1.0,1.0,0.0,0.0,0.0,0.0,0.0,0.0,0.0,0.0,1.0,1.0,0.0,0.0,0.0,0.0,1.0,1.0,0.0,0.0,0.0,0.0,0.0,0.0,5.0,1.0,0.0,0.0,0.0,0.0,0.0,0.0,0.0,0.0,0.0,0.0,0.0,0.0,0.0,0.0,0.0,0.0,0.0,0.0,0.0,0.0,0.0,0.0,0.0,0.0,0.0,0.0,0.0,0.0,0.0,0.0,0.0,0.0,0.0,0.0,0.0,0.0,0.0,0.0,0.0,0.0,0.0,0.0,0.0,0.0,0.0,0.0,0.0,0.0,0.0,0.0,0.0,0.0,0.0,0.0,0.0,0.0,0.0,0.0,0.0,0.0,0.0,0.0,0.0,0.0,0.0,0.0,0.0,0.0,0.0,0.0,0.0,0.0,0.0,0.0,0.0,0.0,0.0,0.0,0.0,0.0,0.0,0.0,0.0,0.0,0.0,0.0,0.0,0.0,0.0,0.0,0.0,0.0,0.0,0.0,0.0,0.0,0.0,0.0,0.0,0.0,0.0,0.0,0.0,0.0,0.0,0.0,0.0,0.0,0.0,0.0,0.0,0.0,0.0,0.0,0.0,0.0,0.0,0.0,0.0,0.0,0.0,0.0,0.0,0.0,0.0,0.0,0.0,0.0,0.0,0.0,0.0,0.0,0.0,0.0,0.0,0.0,0.0,0.0,0.0,0.0,0.0,0.0,0.0,0.0,0.0,0.0,0.0,0.0,0.0,0.0,0.0,0.0,0.0,0.0,0.0,0.0,0.0,0.0,0.0,0.0,0.0,0.0,0.0,0.0,0.0,0.0,0.0,0.0,0.0,0.0,0.0,0.0,0.0,0.0,0.0,0.0,0.0,0.0,0.0,0.0,0.0,0.0,0.0,0.0,0.0,0.0,0.0,0.0,0.0,0.0,0.0,0.0,0.0,0.0,0.0,0.0,0.0,0.0,0.0,0.0,0.0,0.0,0,0,0,0,0,0,1,0,C1=CC2C3CCC(C3)C2C1,murcko,train,0,0,0,0,0,0,0,0,0,0,1,0,1,0,0,0,1,0,0,0,0,0,0,0,0,0,0,0,0,0,1,0,1,1,0,0,0,0,1,1,0,0,0,0,0,0,0,0,0,0,0,0,0,0,0,0,0,0,0,1,0,0,0,1,0,0,0,0,0,0,0,0,0,1,0,1,0,0,0,0,1,1,0,0,0,0,1,0,0,0,0,0,0,0,0,0,0,0,0,1,0,0,1,0,1,0,1,0,0,0,1,0,0,0,0,0,0,0,0,0,1,1,0,0,0,1,0,0,0,0,1,1,0,0,0,0,0,0,1,0,1,0,0,0,0,0,0,0,0,0,0,0,0,1,0,0,0,0,1,0,0,0,0,0,0,0,0,0,0,0,0,0,0,0,0,0,0,0,0,0,0,1,0,1,0,0,0,0,0,0,0,0,0,0,0,0,0,0,0,0,0,0,0,0,0,0,0,0,0,0,0,0,0,0,0,0,0,0,0,0,0,0,0,0,0,0,0,0,0,0,0,0,1,0,0,0,0,0,1,0,0,0,0,0,0,0,0,0,0,0,0,1,0,0,0,0,0.30528342356567834,-0.46205151416822743,-0.04319486109965678,0.7673349377339058,0.46205151416822743,0.4531385848034209,-1.1010615012982727,11.298400415721844,0.018466553287981524,11.298400415721844,-0.018466553287981524,11.279933862433863,5.658433484504912,5.639966931216931,0.08865300206505207,2.838480250774975,0.0,12.073271675700152,12.338727669087403,24.174539761410188,12.841643245852019,0.0,6.923737199690624,12.152040213667762,4.736862953800049,4.794537184071822,0.0,90.68652723736753,90.03535990328001,10.41384908344359,9.1863755900013,7.2920249978842735,6.154100465422378,9.436994098508892,3.360040921368018,1.3390043646910685,82.0,0.0,0.30528342356567834,-0.46205151416822743,0.46205151416822743,0.30528342356567834,26.3,2.540300000000001,57.122000000000035,0.0,1.1076923076923078
7724,C=C(C)C(=O)Nc1ccc(S(N)(=O)=O)cc1,0,7724,C=C(C)C(=O)Nc1ccc(S(N)(=O)=O)cc1,7724,C=C(C)C(=O)Nc1ccc(S(N)(=O)=O)cc1,C=C(C)C(=O)Nc1ccc(S(N)(=O)=O)cc1,C=C(C)C(=O)Nc1ccc(S(N)(=O)=O)cc1,C=C(C)C(=O)Nc1ccc(S(N)(=O)=O)cc1,7724.0,1.0,0.0,0.0,0.0,0.0,0.0,0.0,c1ccccc1,240.284,0.8485999999999998,89.25999999999999,2.0,3.0,3.0,1.0,1.0,6.0,0.1,16.0,0.0,0.0,0.0,0.0,0.0,0.0,0.0,0.0,0.0,0.0,1.0,1.0,0.0,0.0,0.0,0.0,1.0,1.0,0.0,0.0,0.0,0.0,0.0,0.0,0.0,0.0,0.0,0.0,0.0,0.0,0.0,0.0,0.0,0.0,0.0,0.0,0.0,0.0,0.0,0.0,0.0,0.0,0.0,0.0,0.0,0.0,0.0,0.0,0.0,0.0,1.0,1.0,0.0,0.0,1.0,1.0,6.0,1.0,0.0,0.0,0.0,0.0,0.0,0.0,0.0,0.0,0.0,0.0,0.0,0.0,0.0,0.0,0.0,0.0,0.0,0.0,1.0,1.0,1.0,1.0,0.0,0.0,0.0,0.0,0.0,0.0,0.0,0.0,0.0,0.0,0.0,0.0,0.0,0.0,0.0,0.0,0.0,0.0,0.0,0.0,0.0,0.0,0.0,0.0,0.0,0.0,0.0,0.0,0.0,0.0,0.0,0.0,0.0,0.0,0.0,0.0,0.0,0.0,0.0,0.0,0.0,0.0,0.0,0.0,1.0,1.0,0.0,0.0,0.0,0.0,0.0,0.0,0.0,0.0,0.0,0.0,0.0,0.0,0.0,0.0,0.0,0.0,0.0,0.0,0.0,0.0,0.0,0.0,0.0,0.0,0.0,0.0,0.0,0.0,0.0,0.0,0.0,0.0,0.0,0.0,0.0,0.0,0.0,0.0,0.0,0.0,0.0,0.0,1.0,1.0,0.0,0.0,0.0,0.0,0.0,0.0,0.0,0.0,0.0,0.0,0.0,0.0,0.0,0.0,0.0,0.0,0.0,0.0,0.0,0.0,0.0,0.0,0.0,0.0,0.0,0.0,0.0,0.0,0.0,0.0,0.0,0.0,0.0,0.0,0.0,0.0,0.0,0.0,0.0,0.0,0.0,0.0,0.0,0.0,0.0,0.0,0.0,0.0,0.0,0.0,0.0,0.0,0.0,0.0,0.0,0.0,0.0,0.0,0.0,0.0,0.0,0.0,0.0,0.0,0.0,0.0,0.0,0.0,0.0,0.0,0.0,0.0,0.0,0.0,0.0,0.0,0.0,0.0,0.0,0.0,0.0,0.0,0.0,0.0,0.0,0.0,1.0,2.0,1.0,2.0,0.0,0.0,0,0,1,0,1,0,0,0,c1ccccc1,murcko,train,0,0,0,0,0,0,0,0,0,0,0,0,0,0,0,0,0,0,0,0,0,0,0,0,1,0,0,0,0,0,0,0,0,1,0,0,0,0,0,1,0,0,0,0,0,0,0,0,0,0,0,0,0,1,0,0,0,0,0,0,0,0,0,1,0,1,0,0,0,0,0,1,0,0,0,1,0,0,0,1,0,1,0,0,0,0,1,0,0,0,0,0,0,0,1,0,0,0,0,0,1,0,0,0,0,0,0,0,0,0,0,0,0,0,0,0,0,0,0,0,0,0,0,0,0,1,0,0,1,0,0,0,0,0,0,0,0,0,1,0,0,0,0,0,0,0,0,1,0,0,0,0,0,0,0,0,0,0,0,0,0,0,0,0,0,0,0,0,0,0,0,0,0,1,0,0,0,0,0,0,0,0,0,0,1,0,1,0,0,0,0,1,0,0,0,0,1,0,0,0,0,0,0,1,0,0,0,1,0,1,0,0,0,0,1,0,0,0,0,0,0,0,0,0,0,0,0,0,0,0,0,0,0,0,0,0,0,0,0,0,0,0,0,0,0,0,0,0,0,1,0,0,0,0,1,0,0.2501969322599534,-0.322303499191872,-0.05583079626993761,0.5725004314518254,0.322303499191872,0.6176699154574923,-1.510962655776494,11.240469694822373,0.0007629440665157805,11.240469694822373,-3.6946438282102956,11.239706750755857,5.620616319444444,5.619853375377929,0.08897029274653906,2.8106896835436324,10.023291153407584,10.80266320486928,11.26049080475283,0.0,24.26546827384644,6.923737199690624,0.0,11.895724287604828,5.138973737607942,13.212334168400758,0.0,94.01361941797875,93.5226828301803,12.344934982691242,8.726851288990131,7.3035490182802025,4.402204479831904,12.409735006973502,4.460641481823716,3.179617885546799,86.0,0.0,0.2501969322599534,-0.322303499191872,0.322303499191872,0.2501969322599534,89.25999999999999,0.8485999999999998,61.258900000000025,1.7999999999999998,0.6400000000000001
6005,CC(C)(N=NC(C)(C)C1=NCCN1)C1=NCCN1,1,6005,CC(C)(N=NC(C)(C)C1=NCCN1)C1=NCCN1,6005,CC(C)(N=NC(C)(C)C1=NCCN1)C1=NCCN1,CC(C)(N=NC(C)(C)C1=NCCN1)C1=NCCN1,CC(C)(N=NC(C)(C)C1=NCCN1)C1=NCCN1,CC(C)(N=NC(C)(C)C1=NCCN1)C1=NCCN1,6005.0,1.0,0.0,0.0,0.0,0.0,0.0,0.0,C1CNC(CN=NCC2=NCCN2)=N1,250.35,0.9992,73.5,2.0,6.0,4.0,2.0,0.0,6.0,0.8333333333333334,18.0,0.0,0.0,0.0,0.0,0.0,0.0,0.0,0.0,0.0,0.0,0.0,0.0,0.0,0.0,0.0,0.0,0.0,0.0,0.0,0.0,0.0,0.0,1.0,1.0,0.0,0.0,2.0,1.0,0.0,0.0,0.0,0.0,0.0,0.0,0.0,0.0,0.0,0.0,0.0,0.0,0.0,0.0,0.0,0.0,0.0,0.0,0.0,0.0,0.0,0.0,0.0,0.0,0.0,0.0,0.0,0.0,0.0,0.0,0.0,0.0,0.0,0.0,0.0,0.0,0.0,0.0,0.0,0.0,0.0,0.0,0.0,0.0,0.0,0.0,0.0,0.0,0.0,0.0,0.0,0.0,0.0,0.0,0.0,0.0,0.0,0.0,0.0,0.0,0.0,0.0,0.0,0.0,0.0,0.0,0.0,0.0,0.0,0.0,0.0,0.0,0.0,0.0,0.0,0.0,0.0,0.0,0.0,0.0,0.0,0.0,0.0,0.0,0.0,0.0,0.0,0.0,0.0,0.0,0.0,0.0,0.0,0.0,0.0,0.0,0.0,0.0,0.0,0.0,0.0,0.0,0.0,0.0,2.0,1.0,0.0,0.0,0.0,0.0,0.0,0.0,0.0,0.0,0.0,0.0,0.0,0.0,0.0,0.0,0.0,0.0,0.0,0.0,0.0,0.0,0.0,0.0,0.0,0.0,0.0,0.0,0.0,0.0,0.0,0.0,0.0,0.0,0.0,0.0,0.0,0.0,0.0,0.0,0.0,0.0,0.0,0.0,0.0,0.0,0.0,0.0,0.0,0.0,0.0,0.0,0.0,0.0,0.0,0.0,0.0,0.0,0.0,0.0,0.0,0.0,0.0,0.0,0.0,0.0,0.0,0.0,0.0,0.0,0.0,0.0,0.0,0.0,0.0,0.0,0.0,0.0,0.0,0.0,0.0,0.0,0.0,0.0,0.0,0.0,0.0,0.0,0.0,0.0,0.0,0.0,0.0,0.0,0.0,0.0,0.0,0.0,0.0,0.0,0.0,0.0,0.0,0.0,0.0,0.0,0.0,0.0,0.0,0.0,0.0,0.0,0.0,0.0,0.0,0.0,0.0,0.0,0.0,0.0,0.0,0.0,0.0,0.0,1.0,1.0,1.0,1.0,0.0,0.0,0,0,0,0,0,0,0,0,C1CNC(CN=NCC2=NCCN2)=N1,murcko,train,0,0,0,0,0,0,0,0,0,0,0,0,0,0,0,0,0,0,1,0,0,0,0,0,0,0,0,0,0,0,0,0,0,1,0,0,1,0,0,0,0,0,0,0,0,0,1,0,0,1,0,0,0,0,0,0,0,1,0,0,0,0,0,0,0,0,0,0,1,0,0,0,0,0,1,0,0,0,0,0,0,0,0,0,0,0,0,0,0,1,1,0,0,0,0,0,0,0,0,0,1,0,0,0,0,0,0,0,0,0,0,0,0,1,1,0,0,0,0,0,0,0,1,0,0,0,0,0,0,0,0,0,0,0,0,0,1,0,0,0,0,0,0,0,0,0,0,0,0,0,0,0,0,0,0,0,0,0,1,0,0,0,0,0,0,0,0,0,0,0,0,0,0,0,0,0,0,0,0,0,0,0,0,0,0,0,0,0,0,0,0,0,0,1,0,0,0,0,0,0,0,0,0,0,0,0,0,0,0,1,0,0,0,1,0,0,0,0,0,0,0,0,0,0,0,0,0,0,0,0,0,0,0,0,0,0,0,1,0,0,0,0,0,0,0,0,0,0,0,0,0,0,1,1,0,0,0.1325100425507813,-0.3698896346260213,-0.05849549087357597,0.5023996771768027,0.3698896346260213,0.704840890386172,-1.7577597261105393,4.4652314814814815,0.3958985260770975,4.4652314814814815,-0.3958985260770975,4.069332955404384,2.4305650037792894,2.034666477702192,0.2457405208565998,1.4517480634635247,11.07785050476669,0.0,0.0,37.85026519516484,0.0,0.0,27.694948798762496,30.846886924542794,0.0,0.0,0.0,108.0790991625592,107.46995142323682,13.22576835024473,11.617281506746023,8.417450212231625,6.43398950422014,12.983098621947683,4.664208869295695,2.679651755237081,100.0,0.0,0.1325100425507813,-0.3698896346260213,0.3698896346260213,0.1325100425507813,73.5,0.9991999999999999,73.62340000000003,0.2,1.1333333333333333
10661,C=CS(=O)(=O)c1ccc(Nc2nc(Cl)nc(Nc3ccc4c(O)c(N=Nc5cc([N+](=O)[O-])ccc5O)c(S(=O)(=O)O)cc4c3)n2)cc1,0,10661,C=CS(=O)(=O)c1ccc(Nc2nc(Cl)nc(Nc3ccc4c(O)c(N=Nc5cc([N+](=O)[O-])ccc5O)c(S(=O)(=O)O)cc4c3)n2)cc1,10661,C=CS(=O)(=O)c1ccc(Nc2nc(Cl)nc(Nc3ccc4c(O)c(N=Nc5cc([N+](=O)[O-])ccc5O)c(S(=O)(=O)O)cc4c3)n2)cc1,C=CS(=O)(=O)c1ccc(Nc2nc(Cl)nc(Nc3ccc4c(O)c(N=Nc5cc([N+](=O)[O-])ccc5O)c(S(=O)(=O)O)cc4c3)n2)cc1,C=CS(=O)(=O)c1ccc(Nc2nc(Cl)nc(Nc3ccc4c(O)c(N=Nc5cc([N+](=O)[O-])ccc5O)c(S(=O)(=O)O)cc4c3)n2)cc1,C=CS(=O)(=O)c1ccc(Nc2nc(Cl)nc(Nc3ccc4c(O)c(N=Nc5cc([N+](=O)[O-])ccc5O)c(S(=O)(=O)O)cc4c3)n2)cc1,10661.0,1.0,0.0,0.0,0.0,0.0,0.0,0.0,c1ccc(N=Nc2ccc3cc(Nc4ncnc(Nc5ccccc5)n4)ccc3c2)cc1,699.0830000000003,6.064100000000005,259.55999999999995,5.0,15.0,10.0,5.0,5.0,20.0,0.0,47.0,0.0,1.0,0.0,0.0,0.0,0.0,0.0,0.0,0.0,0.0,0.0,0.0,0.0,0.0,0.0,0.0,5.0,1.0,0.0,0.0,0.0,0.0,1.0,1.0,0.0,0.0,0.0,0.0,0.0,0.0,0.0,0.0,2.0,1.0,0.0,0.0,0.0,0.0,0.0,0.0,0.0,0.0,0.0,0.0,0.0,0.0,0.0,0.0,0.0,0.0,1.0,1.0,0.0,0.0,5.0,1.0,40.0,1.0,2.0,1.0,0.0,0.0,1.0,1.0,0.0,0.0,1.0,1.0,0.0,0.0,0.0,0.0,0.0,0.0,0.0,0.0,3.0,1.0,0.0,0.0,1.0,1.0,0.0,0.0,0.0,0.0,0.0,0.0,0.0,0.0,0.0,0.0,0.0,0.0,0.0,0.0,0.0,0.0,0.0,0.0,0.0,0.0,0.0,0.0,0.0,0.0,0.0,0.0,0.0,0.0,0.0,0.0,4.0,1.0,0.0,0.0,0.0,0.0,1.0,1.0,0.0,0.0,0.0,0.0,0.0,0.0,2.0,1.0,0.0,0.0,0.0,0.0,0.0,0.0,0.0,0.0,0.0,0.0,0.0,0.0,0.0,0.0,0.0,0.0,0.0,0.0,0.0,0.0,0.0,0.0,0.0,0.0,0.0,0.0,0.0,0.0,0.0,0.0,0.0,0.0,0.0,0.0,0.0,0.0,0.0,0.0,0.0,0.0,0.0,0.0,0.0,0.0,0.0,0.0,0.0,0.0,0.0,0.0,0.0,0.0,0.0,0.0,0.0,0.0,0.0,0.0,0.0,0.0,0.0,0.0,0.0,0.0,0.0,0.0,0.0,0.0,0.0,0.0,0.0,0.0,0.0,0.0,0.0,0.0,0.0,0.0,0.0,0.0,0.0,0.0,0.0,0.0,0.0,0.0,0.0,0.0,0.0,0.0,0.0,0.0,0.0,0.0,0.0,0.0,0.0,0.0,0.0,0.0,0.0,0.0,0.0,0.0,0.0,0.0,0.0,0.0,0.0,0.0,0.0,0.0,0.0,0.0,0.0,0.0,0.0,0.0,0.0,0.0,0.0,0.0,0.0,0.0,0.0,0.0,0.0,0.0,1.0,3.0,1.0,3.0,0.0,0.0,0,0,1,0,0,0,0,0,c1ccc(N=Nc2ccc3cc(Nc4ncnc(Nc5ccccc5)n4)ccc3c2)cc1,murcko,train,0,0,1,0,0,0,0,0,0,0,0,0,0,1,0,0,0,1,1,0,0,0,1,0,0,0,0,0,0,0,0,0,0,0,0,0,0,0,0,1,0,0,0,0,0,0,1,1,0,1,1,0,0,0,0,0,0,1,0,0,1,0,0,1,0,0,1,0,1,0,1,1,0,1,0,1,0,1,0,0,1,1,0,0,0,0,1,0,0,0,0,0,0,0,1,0,0,1,0,0,1,0,0,0,0,0,1,1,0,1,0,0,0,0,1,0,0,0,1,0,0,0,1,0,0,0,0,0,1,1,0,0,0,0,0,1,1,0,1,0,0,0,0,0,0,0,0,1,1,0,0,0,0,0,0,0,0,0,0,0,1,0,1,1,0,0,0,0,1,0,1,1,0,0,0,0,0,0,0,0,0,0,1,0,0,0,0,0,0,1,0,1,1,0,0,1,1,1,0,0,1,0,1,1,0,0,0,0,0,0,0,0,0,1,1,1,0,1,0,0,0,0,0,0,0,0,0,0,0,0,0,0,0,0,0,1,0,0,0,0,1,1,0,0,1,0,0,0,0,0,1,0,0,0,0,0,0.2964147599886058,-0.5056087231246794,-0.04395019411934497,0.8020234831132852,0.5056087231246794,2.5020140438014673,-4.567673167410681,12.261010179300376,0.010453754319176722,12.261010179300376,-5.010636788954052,12.2505564249812,6.135731966809776,6.1252782124906,0.08162894527474776,3.07310178105556,58.33535701040499,38.535583061148174,5.687386274683562,29.6735203645011,42.46456947923127,0.0,0.0,42.39294870571158,11.600939890232516,41.71571690079522,0.0,269.3288214661786,270.4060216867084,34.09528288038879,23.30418316768181,22.139217338978018,12.740030294910172,32.6279214578931,12.558765858417093,7.225960213268952,240.0,0.0,0.2964147599886058,-0.5056087231246794,0.5056087231246794,0.2964147599886058,259.55999999999995,6.064100000000005,169.59179999999986,1.3,2.0
2146,COc1ccc(CCC(C)=O)cc1,0,2146,COc1ccc(CCC(C)=O)cc1,2146,COc1ccc(CCC(C)=O)cc1,COc1ccc(CCC(C)=O)cc1,COc1ccc(CCC(C)=O)cc1,COc1ccc(CCC(C)=O)cc1,2146.0,1.0,0.0,0.0,0.0,0.0,0.0,0.0,c1ccccc1,178.231,2.2168,26.3,0.0,2.0,4.0,1.0,1.0,2.0,0.3636363636363636,13.0,0.0,0.0,0.0,0.0,0.0,0.0,0.0,0.0,0.0,0.0,0.0,0.0,0.0,0.0,0.0,0.0,0.0,0.0,0.0,0.0,0.0,0.0,0.0,0.0,0.0,0.0,0.0,0.0,0.0,0.0,0.0,0.0,0.0,0.0,1.0,1.0,0.0,0.0,1.0,1.0,0.0,0.0,0.0,0.0,0.0,0.0,0.0,0.0,0.0,0.0,0.0,0.0,0.0,0.0,1.0,1.0,6.0,1.0,0.0,0.0,0.0,0.0,0.0,0.0,0.0,0.0,0.0,0.0,0.0,0.0,0.0,0.0,0.0,0.0,0.0,0.0,0.0,0.0,0.0,0.0,0.0,0.0,0.0,0.0,0.0,0.0,0.0,0.0,0.0,0.0,0.0,0.0,0.0,0.0,0.0,0.0,0.0,0.0,0.0,0.0,0.0,0.0,0.0,0.0,0.0,0.0,0.0,0.0,0.0,0.0,0.0,0.0,0.0,0.0,0.0,0.0,0.0,0.0,0.0,0.0,0.0,0.0,0.0,0.0,0.0,0.0,0.0,0.0,0.0,0.0,0.0,0.0,0.0,0.0,0.0,0.0,0.0,0.0,0.0,0.0,0.0,0.0,0.0,0.0,0.0,0.0,0.0,0.0,0.0,0.0,0.0,0.0,0.0,0.0,0.0,0.0,0.0,0.0,0.0,0.0,0.0,0.0,0.0,0.0,0.0,0.0,0.0,0.0,0.0,0.0,0.0,0.0,0.0,0.0,0.0,0.0,0.0,0.0,0.0,0.0,0.0,0.0,0.0,0.0,0.0,0.0,0.0,0.0,0.0,0.0,0.0,0.0,0.0,0.0,0.0,0.0,0.0,0.0,0.0,0.0,0.0,0.0,0.0,0.0,0.0,0.0,0.0,0.0,0.0,0.0,0.0,0.0,0.0,0.0,0.0,0.0,0.0,0.0,0.0,0.0,0.0,0.0,0.0,0.0,0.0,0.0,0.0,0.0,0.0,0.0,0.0,0.0,0.0,0.0,0.0,0.0,0.0,0.0,0.0,0.0,0.0,0.0,0.0,0.0,0.0,0.0,0.0,0.0,0.0,0.0,0.0,0.0,0.0,0.0,0.0,0.0,0.0,0.0,0.0,0.0,0.0,0.0,0,0,0,0,0,0,0,0,c1ccccc1,murcko,train,1,0,0,0,0,0,0,0,0,0,0,0,0,1,1,0,0,0,0,0,0,1,0,0,0,0,0,0,1,0,0,0,0,1,0,0,0,0,0,1,0,0,0,0,0,0,0,0,0,0,0,0,0,0,1,0,0,0,0,0,0,0,0,1,0,0,1,0,0,0,0,0,0,1,0,0,0,0,0,0,1,1,0,0,0,0,0,0,0,0,0,0,0,0,0,0,0,0,0,0,1,0,0,0,0,0,0,0,0,0,0,0,0,0,0,0,0,0,0,0,0,0,0,0,0,1,0,0,0,0,0,0,0,0,0,0,0,0,1,0,0,0,0,0,0,0,0,0,0,0,0,0,0,0,0,0,0,0,0,0,0,0,0,0,0,0,0,0,0,0,0,0,0,0,0,0,0,0,0,0,0,0,0,1,0,0,0,0,0,0,0,0,0,0,0,0,0,0,0,0,0,0,0,0,0,0,1,0,0,0,0,0,0,0,1,0,0,0,1,1,0,0,0,0,0,0,1,0,0,0,0,0,0,0,0,0,0,0,0,0,0,0,0,0,0,0,0,0,0,1,0,0,0,0,0,0,0.12967082345176967,-0.49676821883714123,-0.05272818500376382,0.6264390422889109,0.49676821883714123,0.3353823713043641,-1.0208487763532936,10.715485953640716,0.2322389403292182,10.715485953640716,0.2322389403292182,10.483247013311498,5.473862446984967,5.241623506655749,0.09539029260020414,2.858195561972868,0.0,5.783244946364939,6.4208216229260096,12.170333456209914,5.563451491696996,14.033534740968157,24.26546827384644,0.0,4.736862953800049,4.794537184071822,0.0,78.53118102103068,77.76825466988433,9.681798275874712,8.040111220059325,6.21954535281284,4.344970567160192,9.775543199315653,4.651378356698753,3.2792261677717693,70.0,0.0,0.12967082345176967,-0.49676821883714123,0.49676821883714123,0.12967082345176967,26.3,2.2168,51.99600000000003,0.0,0.9454545454545455
2392,Cn1cc(C(=O)Nc2cccc3c2C2CCC3C2=C(Cl)Cl)c(C(F)F)n1,0,2392,Cn1cc(C(=O)Nc2cccc3c2C2CCC3C2=C(Cl)Cl)c(C(F)F)n1,2392,Cn1cc(C(=O)Nc2cccc3c2C2CCC3C2=C(Cl)Cl)c(C(F)F)n1,Cn1cc(C(=O)Nc2cccc3c2C2CCC3C2=C(Cl)Cl)c(C(F)F)n1,Cn1cc(C(=O)Nc2cccc3c2C2CCC3C2=C(Cl)Cl)c(C(F)F)n1,Cn1cc(C(=O)Nc2cccc3c2C2CCC3C2=C(Cl)Cl)c(C(F)F)n1,2392.0,1.0,0.0,0.0,0.0,0.0,0.0,0.0,C=C1C2CCC1c1c(NC(=O)c3cn[nH]c3)cccc12,398.24,5.273800000000002,46.92,1.0,3.0,3.0,4.0,2.0,8.0,0.3333333333333333,26.0,0.0,0.0,0.0,0.0,0.0,0.0,0.0,0.0,0.0,0.0,1.0,1.0,0.0,0.0,0.0,0.0,1.0,1.0,0.0,0.0,0.0,0.0,0.0,0.0,0.0,0.0,0.0,0.0,0.0,0.0,0.0,0.0,0.0,0.0,0.0,0.0,0.0,0.0,0.0,0.0,0.0,0.0,0.0,0.0,0.0,0.0,0.0,0.0,0.0,0.0,1.0,1.0,0.0,0.0,1.0,1.0,7.0,1.0,5.0,1.0,0.0,0.0,4.0,1.0,2.0,1.0,2.0,1.0,0.0,0.0,0.0,0.0,0.0,0.0,0.0,0.0,0.0,0.0,0.0,0.0,0.0,0.0,0.0,0.0,0.0,0.0,0.0,0.0,0.0,0.0,0.0,0.0,0.0,0.0,0.0,0.0,0.0,0.0,0.0,0.0,0.0,0.0,0.0,0.0,0.0,0.0,0.0,0.0,0.0,0.0,0.0,0.0,0.0,0.0,0.0,0.0,0.0,0.0,0.0,0.0,0.0,0.0,0.0,0.0,1.0,1.0,0.0,0.0,0.0,0.0,0.0,0.0,0.0,0.0,0.0,0.0,0.0,0.0,0.0,0.0,2.0,1.0,0.0,0.0,0.0,0.0,0.0,0.0,0.0,0.0,0.0,0.0,0.0,0.0,0.0,0.0,0.0,0.0,0.0,0.0,0.0,0.0,0.0,0.0,0.0,0.0,0.0,0.0,0.0,0.0,0.0,0.0,0.0,0.0,2.0,1.0,0.0,0.0,0.0,0.0,0.0,0.0,0.0,0.0,0.0,0.0,0.0,0.0,0.0,0.0,0.0,0.0,0.0,0.0,0.0,0.0,0.0,0.0,0.0,0.0,0.0,0.0,0.0,0.0,0.0,0.0,0.0,0.0,0.0,0.0,0.0,0.0,0.0,0.0,0.0,0.0,0.0,0.0,0.0,0.0,0.0,0.0,0.0,0.0,0.0,0.0,0.0,0.0,0.0,0.0,0.0,0.0,0.0,0.0,0.0,0.0,0.0,0.0,0.0,0.0,0.0,0.0,0.0,0.0,0.0,0.0,0.0,0.0,0.0,0.0,0.0,0.0,0.0,0.0,0.0,0.0,1.0,3.0,1.0,3.0,0.0,0.0,0,0,1,0,0,0,0,0,C=C1C2CCC1c1c(NC(=O)c3cn[nH]c3)cccc12,murcko,train,0,1,0,1,0,0,0,0,0,0,0,0,1,0,1,1,0,0,0,0,0,0,0,0,1,0,1,0,0,0,1,0,0,1,0,1,0,0,0,1,0,0,0,0,0,1,0,0,0,0,0,0,0,0,0,0,0,0,1,0,0,0,0,0,1,0,0,0,0,1,0,0,1,0,0,0,0,0,0,1,1,1,0,0,0,0,0,0,0,0,0,0,0,0,0,0,0,0,0,0,1,0,0,0,0,0,0,0,0,0,0,0,1,0,0,1,0,0,0,0,0,1,1,0,0,1,0,0,1,0,0,0,0,0,1,0,1,0,1,0,0,0,1,0,1,0,0,1,0,0,0,0,0,0,0,0,0,0,1,1,1,0,0,0,1,0,0,1,0,0,0,1,0,0,0,0,0,0,0,1,0,0,0,0,0,0,0,1,0,0,0,0,0,0,0,0,0,0,0,1,1,0,0,0,1,0,1,0,1,0,0,0,0,0,1,0,0,0,0,0,0,0,0,0,0,0,1,0,0,0,1,0,0,0,0,0,0,0,0,0,0,0,0,0,1,0,0,0,0,0,0,1,0,0,0,0,0.28246207200271667,-0.3215955082948585,-0.03419407998939871,0.6040575802975752,0.3215955082948585,1.007441565012714,-1.8964876447370804,13.130860146247052,0.05552547871000213,13.130860146247052,-2.8203316192051773,13.07533466753705,6.593192812478527,6.537667333768525,0.07647987798604976,3.324594939083638,18.02655246905916,21.89073175817771,5.687386274683562,29.54165075931528,17.926318489435452,6.06636706846161,12.13273413692322,10.415470412307368,23.20187978046503,13.575367279421462,0.0,158.3279320161162,158.46445842824986,18.585057479767894,13.770198820201164,12.379917853109722,8.19010800606314,17.491649710142717,6.354516040422735,2.629918107979101,136.0,0.0,0.28246207200271667,-0.3215955082948585,0.3215955082948585,0.28246207200271667,46.92,5.273800000000002,96.00820000000003,1.3,0.7333333333333334
10469,Nc1cc(O)ccc1N=Nc1cc(S(=O)(=O)[O-])c([N+](N=Nc2ccc([N+](=O)[O-])cc2)=Nc2cc([N+](=O)[O-])cc([N+](=O)[O-])c2O)c2cc(S(=O)(=O)O)cc(O)c12,0,10469,Nc1cc(O)ccc1N=Nc1cc(S(=O)(=O)[O-])c([N+](N=Nc2ccc([N+](=O)[O-])cc2)=Nc2cc([N+](=O)[O-])cc([N+](=O)[O-])c2O)c2cc(S(=O)(=O)O)cc(O)c12,10469,Nc1cc(O)ccc1N=Nc1cc(S(=O)(=O)[O-])c([N+](N=Nc2ccc([N+](=O)[O-])cc2)=Nc2cc([N+](=O)[O-])cc([N+](=O)[O-])c2O)c2cc(S(=O)(=O)O)cc(O)c12,Nc1cc(O)ccc1N=Nc1cc(S(=O)(=O)[O-])c([N+](N=Nc2ccc([N+](=O)[O-])cc2)=Nc2cc([N+](=O)[O-])cc([N+](=O)[O-])c2O)c2cc(S(=O)(=O)O)cc(O)c12,Nc1cc(O)ccc1N=Nc1cc(S(=O)(=O)[O-])c([N+](N=Nc2ccc([N+](=O)[O-])cc2)=Nc2cc([N+](=O)[O-])cc([N+](=O)[O-])c2O)c2cc(S(=O)(=O)O)cc(O)c12,Nc1cc(O)ccc1N=Nc1cc(S(=O)(=O)[O-])c([N+](N=Nc2ccc([N+](=O)[O-])cc2)=Nc2cc([N+](=O)[O-])cc([N+](=O)[O-])c2O)c2cc(S(=O)(=O)O)cc(O)c12,10469.0,1.0,0.0,0.0,0.0,0.0,0.0,0.0,c1ccc(N=Nc2ccc([N+](N=Nc3ccccc3)=Nc3ccccc3)c3ccccc23)cc1,798.6410000000003,5.956400000000007,392.51,5.0,19.0,11.0,5.0,5.0,27.0,0.0,55.0,0.0,1.0,0.0,0.0,0.0,0.0,0.0,0.0,0.0,0.0,0.0,0.0,0.0,0.0,0.0,0.0,5.0,1.0,0.0,0.0,0.0,0.0,2.0,1.0,1.0,1.0,0.0,0.0,0.0,0.0,0.0,0.0,3.0,1.0,0.0,0.0,0.0,0.0,0.0,0.0,0.0,0.0,0.0,0.0,0.0,0.0,0.0,0.0,0.0,0.0,0.0,0.0,0.0,0.0,5.0,1.0,40.0,1.0,2.0,1.0,0.0,0.0,0.0,0.0,0.0,0.0,0.0,0.0,0.0,0.0,0.0,0.0,0.0,0.0,0.0,0.0,2.0,1.0,0.0,0.0,2.0,1.0,0.0,0.0,0.0,0.0,0.0,0.0,0.0,0.0,0.0,0.0,0.0,0.0,0.0,0.0,0.0,0.0,0.0,0.0,0.0,0.0,0.0,0.0,0.0,0.0,0.0,0.0,1.0,1.0,0.0,0.0,1.0,1.0,0.0,0.0,0.0,0.0,3.0,1.0,0.0,0.0,0.0,0.0,0.0,0.0,3.0,1.0,0.0,0.0,0.0,0.0,0.0,0.0,0.0,0.0,0.0,0.0,0.0,0.0,0.0,0.0,0.0,0.0,0.0,0.0,0.0,0.0,0.0,0.0,0.0,0.0,0.0,0.0,0.0,0.0,0.0,0.0,0.0,0.0,0.0,0.0,0.0,0.0,0.0,0.0,0.0,0.0,0.0,0.0,0.0,0.0,0.0,0.0,0.0,0.0,0.0,0.0,0.0,0.0,0.0,0.0,0.0,0.0,0.0,0.0,0.0,0.0,1.0,1.0,0.0,0.0,0.0,0.0,0.0,0.0,0.0,0.0,0.0,0.0,0.0,0.0,0.0,0.0,0.0,0.0,0.0,0.0,0.0,0.0,0.0,0.0,0.0,0.0,0.0,0.0,0.0,0.0,0.0,0.0,0.0,0.0,0.0,0.0,0.0,0.0,0.0,0.0,0.0,0.0,0.0,0.0,0.0,0.0,0.0,0.0,0.0,0.0,0.0,0.0,0.0,0.0,0.0,0.0,0.0,0.0,0.0,0.0,0.0,0.0,0.0,0.0,0.0,0.0,0.0,0.0,1.0,5.0,1.0,5.0,0.0,0.0,1,0,1,0,0,0,0,0,c1ccc(N=Nc2ccc([N+](N=Nc3ccccc3)=Nc3ccccc3)c3ccccc23)cc1,murcko,train,0,1,0,0,0,0,0,0,0,0,0,0,0,0,0,0,0,1,1,0,0,0,1,0,1,0,1,0,0,1,0,0,0,1,0,0,0,0,0,1,0,0,0,0,0,0,0,1,0,0,0,0,0,0,1,0,0,0,0,1,0,0,1,1,0,0,1,0,0,0,1,1,0,0,0,0,1,1,0,0,1,1,0,0,1,0,0,0,0,0,0,0,0,0,1,1,0,0,1,0,1,1,0,0,0,0,0,1,1,0,0,0,0,0,1,0,0,0,0,0,0,0,0,0,0,1,1,0,0,1,1,0,0,0,0,1,1,0,1,0,1,0,1,0,0,0,0,1,1,0,0,0,0,0,0,0,0,0,0,0,0,0,0,1,0,0,0,0,0,0,0,1,0,0,0,0,0,1,0,0,0,0,0,0,1,0,0,0,0,1,0,0,1,1,0,0,1,0,0,1,1,0,1,1,1,0,0,0,1,0,0,0,0,1,1,1,0,0,0,0,0,1,0,0,0,0,0,0,0,0,0,0,1,1,0,0,0,0,0,0,0,1,0,0,0,0,0,0,1,0,1,0,1,0,0,0,0.31953439122007515,-0.7439145894110454,-0.04086425291672379,1.0634489806311205,0.7439145894110454,3.5414277947984325,-5.788961705218241,12.9302476420435,0.04477285654594487,12.9302476420435,-5.854318332998432,12.885474785497555,6.487510249294723,6.442737392748778,0.07760676394520502,3.26629712411322,101.19294355915444,27.61804470291219,30.33183534230805,42.46456947923127,0.0,0.0,0.0,25.68025342125104,5.733667477162185,71.60363070685743,0.0,303.7435824509032,304.6249446888766,40.56782066396381,26.626558016994807,25.64881193221859,14.264103257193794,38.607203530552084,14.421962313764144,8.226004667974742,282.0,0.0,0.31953439122007515,-0.7439145894110454,0.7439145894110454,0.31953439122007515,392.51,5.956400000000007,181.12219999999996,2.7,2.2
7915,OCCc1ccccc1,0,7915,OCCc1ccccc1,7915,OCCc1ccccc1,OCCc1ccccc1,OCCc1ccccc1,OCCc1ccccc1,7915.0,1.0,0.0,0.0,0.0,0.0,0.0,0.0,c1ccccc1,122.16699999999996,1.2214,20.23,1.0,1.0,2.0,1.0,1.0,1.0,0.25,9.0,0.0,0.0,0.0,0.0,0.0,0.0,0.0,0.0,0.0,0.0,0.0,0.0,0.0,0.0,0.0,0.0,0.0,0.0,0.0,0.0,0.0,0.0,0.0,0.0,0.0,0.0,0.0,0.0,0.0,0.0,1.0,1.0,0.0,0.0,0.0,0.0,0.0,0.0,0.0,0.0,0.0,0.0,0.0,0.0,0.0,0.0,0.0,0.0,0.0,0.0,0.0,0.0,0.0,0.0,1.0,1.0,6.0,1.0,0.0,0.0,0.0,0.0,0.0,0.0,0.0,0.0,0.0,0.0,0.0,0.0,0.0,0.0,0.0,0.0,0.0,0.0,0.0,0.0,0.0,0.0,0.0,0.0,0.0,0.0,0.0,0.0,0.0,0.0,0.0,0.0,0.0,0.0,0.0,0.0,0.0,0.0,0.0,0.0,0.0,0.0,0.0,0.0,0.0,0.0,0.0,0.0,0.0,0.0,0.0,0.0,0.0,0.0,0.0,0.0,0.0,0.0,0.0,0.0,0.0,0.0,0.0,0.0,0.0,0.0,0.0,0.0,0.0,0.0,0.0,0.0,0.0,0.0,0.0,0.0,0.0,0.0,0.0,0.0,0.0,0.0,0.0,0.0,0.0,0.0,0.0,0.0,0.0,0.0,0.0,0.0,0.0,0.0,0.0,0.0,0.0,0.0,0.0,0.0,0.0,0.0,0.0,0.0,0.0,0.0,0.0,0.0,0.0,0.0,0.0,0.0,0.0,0.0,0.0,0.0,0.0,0.0,0.0,0.0,0.0,0.0,0.0,0.0,0.0,0.0,0.0,0.0,0.0,0.0,0.0,0.0,0.0,0.0,0.0,0.0,0.0,0.0,0.0,0.0,0.0,0.0,0.0,0.0,0.0,0.0,0.0,0.0,0.0,0.0,0.0,0.0,0.0,0.0,0.0,0.0,0.0,0.0,0.0,0.0,0.0,0.0,0.0,0.0,0.0,0.0,0.0,0.0,0.0,0.0,0.0,0.0,0.0,0.0,0.0,0.0,0.0,0.0,0.0,0.0,0.0,0.0,0.0,0.0,0.0,0.0,0.0,0.0,0.0,0.0,0.0,0.0,0.0,0.0,0.0,0.0,0.0,0.0,0.0,0.0,0.0,0.0,0.0,0.0,0,0,0,0,0,0,0,0,c1ccccc1,murcko,train,0,0,0,0,0,0,0,0,0,0,0,0,0,0,0,0,0,0,0,0,0,1,0,0,0,0,0,0,0,0,0,0,0,0,0,0,0,0,0,1,0,0,1,0,0,0,0,0,0,0,0,0,0,0,0,0,0,0,0,0,0,0,1,0,1,0,0,0,0,0,0,0,0,0,0,0,0,0,0,0,1,1,0,0,0,0,0,0,0,0,0,0,0,0,0,0,0,0,0,1,1,0,0,0,0,0,0,0,0,0,0,0,0,0,0,0,0,0,0,0,0,0,0,0,0,0,0,0,0,0,0,0,0,1,0,0,0,0,0,0,0,0,0,0,0,0,0,0,0,0,0,0,0,0,0,0,0,0,0,0,0,0,0,0,0,0,0,0,0,0,0,0,0,0,0,1,0,0,0,0,0,0,0,0,0,0,0,0,0,0,0,0,0,0,0,0,0,0,0,0,0,0,0,0,0,0,0,0,0,0,0,0,0,0,1,0,0,1,1,1,0,0,1,0,0,0,0,0,0,0,0,0,0,0,0,0,0,0,0,0,0,0,0,0,0,0,0,0,0,0,0,0,0,0,0,0,0.04709448741986935,-0.3960313152991432,-0.07815075415800292,0.4431258027190126,0.3960313152991432,0.04709448741986935,-0.7504512748418957,8.519688208616781,0.24009259259259252,8.519688208616781,0.24009259259259252,8.279595616024189,4.379890400604687,4.139797808012094,0.12077884553499413,2.3169537270856297,0.0,6.606881964512918,0.0,6.4208216229260096,5.563451491696996,0.0,30.33183534230805,0.0,5.106527394840706,0.0,0.0,54.95552110048619,54.029517816284674,6.52709773749546,5.248178503821182,4.431851652578137,3.080464759133071,6.302249388753057,3.2539886368490754,1.8590386018272278,48.0,0.0,0.04709448741986935,-0.3960313152991432,0.3960313152991432,0.04709448741986935,20.23,1.2214,37.23180000000001,0.0,0.5
7239,CC1(C)C2CCC1(C)C(O)C2,1,7239,CC1(C)C2CCC1(C)C(O)C2,7239,CC1(C)C2CCC1(C)C(O)C2,CC1(C)C2CCC1(C)C(O)C2,CC1(C)C2CCC1(C)C(O)C2,CC1(C)C2CCC1(C)C(O)C2,7239.0,1.0,0.0,0.0,0.0,0.0,0.0,0.0,C1CC2CCC1C2,154.253,2.1935,20.23,1.0,1.0,0.0,2.0,0.0,1.0,1.0,11.0,0.0,0.0,0.0,0.0,0.0,0.0,0.0,0.0,0.0,0.0,0.0,0.0,0.0,0.0,0.0,0.0,0.0,0.0,0.0,0.0,0.0,0.0,0.0,0.0,0.0,0.0,0.0,0.0,0.0,0.0,1.0,1.0,0.0,0.0,0.0,0.0,0.0,0.0,0.0,0.0,0.0,0.0,0.0,0.0,0.0,0.0,0.0,0.0,0.0,0.0,0.0,0.0,0.0,0.0,0.0,0.0,0.0,0.0,3.0,1.0,0.0,0.0,0.0,0.0,0.0,0.0,0.0,0.0,0.0,0.0,0.0,0.0,0.0,0.0,0.0,0.0,0.0,0.0,0.0,0.0,0.0,0.0,0.0,0.0,0.0,0.0,0.0,0.0,0.0,0.0,0.0,0.0,0.0,0.0,0.0,0.0,0.0,0.0,0.0,0.0,0.0,0.0,0.0,0.0,0.0,0.0,0.0,0.0,0.0,0.0,0.0,0.0,0.0,0.0,0.0,0.0,0.0,0.0,0.0,0.0,0.0,0.0,0.0,0.0,0.0,0.0,0.0,0.0,0.0,0.0,0.0,0.0,0.0,0.0,0.0,0.0,0.0,0.0,0.0,0.0,0.0,0.0,0.0,0.0,0.0,0.0,0.0,0.0,0.0,0.0,0.0,0.0,0.0,0.0,0.0,0.0,0.0,0.0,0.0,0.0,0.0,0.0,0.0,0.0,0.0,0.0,0.0,0.0,0.0,0.0,0.0,0.0,0.0,0.0,0.0,0.0,0.0,0.0,0.0,0.0,0.0,0.0,0.0,0.0,0.0,0.0,0.0,0.0,0.0,0.0,0.0,0.0,0.0,0.0,0.0,0.0,0.0,0.0,0.0,0.0,0.0,0.0,0.0,0.0,0.0,0.0,0.0,0.0,0.0,0.0,0.0,0.0,0.0,0.0,0.0,0.0,0.0,0.0,0.0,0.0,0.0,0.0,0.0,0.0,0.0,0.0,0.0,0.0,0.0,0.0,0.0,0.0,0.0,0.0,0.0,0.0,0.0,0.0,0.0,0.0,0.0,0.0,0.0,0.0,0.0,0.0,0.0,0.0,0.0,0.0,0.0,0.0,0.0,0.0,0.0,0.0,0.0,0.0,0.0,0.0,0.0,0.0,0,0,0,0,0,0,0,0,C1CC2CCC1C2,murcko,train,0,0,0,0,0,0,0,0,0,0,0,0,1,0,0,0,1,0,0,0,0,0,0,0,0,0,0,0,0,0,0,0,0,1,0,0,1,0,0,1,0,0,0,1,0,1,0,0,0,0,0,0,0,0,0,0,0,0,0,0,0,0,0,0,0,1,0,0,0,0,0,0,0,0,0,0,0,0,0,0,0,0,0,0,0,0,0,0,0,0,0,0,0,0,0,0,0,0,0,0,1,0,0,0,0,0,0,0,0,0,0,0,0,0,0,0,0,0,0,1,0,0,0,0,0,0,0,0,0,0,0,0,0,0,0,0,0,0,1,0,0,0,0,0,0,0,0,0,0,0,0,0,0,0,0,0,1,0,1,0,0,0,0,0,0,0,0,0,0,0,0,0,0,0,0,0,0,0,0,0,0,0,0,0,0,0,1,0,0,0,0,0,0,0,0,0,0,0,0,0,1,0,0,0,0,0,0,0,0,0,0,0,0,0,0,0,0,0,0,0,0,0,0,0,0,0,0,0,0,0,0,0,0,1,1,0,0,0,0,0,0,0,0,0,0,0,0,0,1,0,1,1,1,0,0,0,0.06013839931464249,-0.39252958940800836,-0.06207707241302745,0.45266798872265085,0.39252958940800836,0.06013839931464249,-0.7429861958579445,9.81423611111111,0.03125000000000022,9.81423611111111,-0.03125000000000022,9.78298611111111,4.922743055555555,4.891493055555555,0.10221827861579415,2.4770963503154886,0.0,11.518956857145081,5.41499046939678,12.338727669087403,12.841643245852019,0.0,0.0,20.771211599071872,0.0,5.106527394840706,0.0,68.80630150253657,67.99205723539387,8.276020881938894,7.723234477438853,4.982998800364114,4.663847420921649,7.600932428048904,1.8200897383602357,0.6583905214029607,64.0,0.0,0.06013839931464249,-0.39252958940800836,0.39252958940800836,0.06013839931464249,20.23,2.1935000000000002,45.23580000000002,0.0,0.4
8642,CC(O)CN(CCO)CCO,0,8642,CC(O)CN(CCO)CCO,8642,CC(O)CN(CCO)CCO,CC(O)CN(CCO)CCO,CC(O)CN(CCO)CCO,CC(O)CN(CCO)CCO,8642.0,1.0,0.0,0.0,0.0,0.0,0.0,0.0,,163.21699999999998,-1.3462,63.93000000000001,3.0,4.0,6.0,0.0,0.0,4.0,1.0,11.0,0.0,0.0,0.0,0.0,0.0,0.0,1.0,1.0,0.0,0.0,0.0,0.0,0.0,0.0,0.0,0.0,0.0,0.0,0.0,0.0,0.0,0.0,0.0,0.0,0.0,0.0,0.0,0.0,0.0,0.0,3.0,1.0,0.0,0.0,0.0,0.0,0.0,0.0,0.0,0.0,0.0,0.0,0.0,0.0,0.0,0.0,0.0,0.0,0.0,0.0,0.0,0.0,0.0,0.0,0.0,0.0,0.0,0.0,0.0,0.0,0.0,0.0,0.0,0.0,0.0,0.0,0.0,0.0,0.0,0.0,0.0,0.0,0.0,0.0,0.0,0.0,0.0,0.0,0.0,0.0,0.0,0.0,0.0,0.0,0.0,0.0,0.0,0.0,0.0,0.0,0.0,0.0,0.0,0.0,0.0,0.0,0.0,0.0,0.0,0.0,0.0,0.0,0.0,0.0,0.0,0.0,0.0,0.0,0.0,0.0,0.0,0.0,0.0,0.0,0.0,0.0,0.0,0.0,0.0,0.0,0.0,0.0,0.0,0.0,0.0,0.0,0.0,0.0,0.0,0.0,0.0,0.0,0.0,0.0,0.0,0.0,0.0,0.0,0.0,0.0,0.0,0.0,0.0,0.0,0.0,0.0,0.0,0.0,0.0,0.0,0.0,0.0,0.0,0.0,0.0,0.0,0.0,0.0,0.0,0.0,0.0,0.0,0.0,0.0,0.0,0.0,0.0,0.0,0.0,0.0,0.0,0.0,0.0,0.0,0.0,0.0,0.0,0.0,0.0,0.0,0.0,0.0,0.0,0.0,0.0,0.0,0.0,0.0,0.0,0.0,0.0,0.0,0.0,0.0,0.0,0.0,0.0,0.0,0.0,0.0,0.0,0.0,0.0,0.0,0.0,0.0,0.0,0.0,0.0,0.0,0.0,0.0,0.0,0.0,0.0,0.0,0.0,0.0,0.0,0.0,0.0,0.0,0.0,0.0,0.0,0.0,0.0,0.0,0.0,0.0,0.0,0.0,0.0,0.0,0.0,0.0,0.0,0.0,0.0,0.0,0.0,0.0,0.0,0.0,0.0,0.0,0.0,0.0,0.0,0.0,0.0,0.0,0.0,0.0,0.0,0.0,0.0,0.0,0.0,0.0,0.0,0.0,0,0,0,0,0,0,0,1,ACY_****(***)**(*)*,acyclic_anonymous_graph,train,0,1,0,0,0,0,0,0,1,0,0,0,0,0,0,0,0,0,0,0,0,0,0,0,0,0,0,1,1,0,0,0,0,1,0,0,0,0,0,1,0,0,0,0,0,0,0,0,0,0,0,0,0,0,0,0,0,0,0,0,0,0,0,0,0,0,0,0,1,0,0,0,0,0,0,0,0,0,0,0,1,0,0,0,0,0,0,0,0,0,0,0,0,0,0,0,0,0,0,0,0,0,0,0,0,0,0,0,0,0,0,0,0,1,0,0,0,0,0,0,0,0,0,0,0,0,0,0,1,0,0,0,0,0,0,0,0,0,0,1,0,0,0,0,0,1,0,0,0,0,0,0,0,0,0,0,0,0,0,1,0,0,0,0,0,0,0,0,0,0,0,0,0,0,0,0,0,0,0,0,0,0,0,0,0,0,0,0,0,0,0,0,0,0,0,0,0,0,0,0,0,0,0,0,0,0,0,0,0,0,0,0,0,0,0,0,0,1,0,0,0,0,1,0,0,0,0,1,0,0,0,0,0,0,0,0,0,0,0,0,0,0,0,0,0,0,1,0,0,0,0,1,0,0,0,0,0.06385794231481069,-0.39504454008109446,-0.11574608305112087,0.45890248239590514,0.39504454008109446,0.24288086151399926,-1.5160877750763289,8.971111111111112,0.06222222222222218,8.971111111111112,-0.40916666666666734,8.908888888888889,4.5166666666666675,4.454444444444444,0.11224744325268146,2.2898790222000507,6.103966387748303,13.213763929025836,19.634269217737724,0.0,0.0,6.923737199690624,4.899909730850478,0.0,15.319582184522117,0.0,0.0,67.0714386410006,66.09522864957509,8.69023444431199,6.901738557122195,5.201907262607799,3.82493627948484,10.840000000000002,6.543966449258588,6.246504065040651,68.0,0.0,0.06385794231481069,-0.39504454008109446,0.39504454008109446,0.06385794231481069,63.93000000000001,-1.3462,42.29240000000001,0.0,1.6
9645,Nc1ccc(C(=O)NCCC(=O)O)cc1,0,9645,Nc1ccc(C(=O)NCCC(=O)O)cc1,9645,Nc1ccc(C(=O)NCCC(=O)O)cc1,Nc1ccc(C(=O)NCCC(=O)O)cc1,Nc1ccc(C(=O)NCCC(=O)O)cc1,Nc1ccc(C(=O)NCCC(=O)O)cc1,9645.0,1.0,0.0,0.0,0.0,0.0,0.0,0.0,c1ccccc1,208.217,0.4732999999999995,92.42,3.0,3.0,4.0,1.0,1.0,5.0,0.2,15.0,0.0,0.0,0.0,0.0,0.0,0.0,0.0,0.0,0.0,0.0,1.0,1.0,0.0,0.0,0.0,0.0,1.0,1.0,0.0,0.0,0.0,0.0,0.0,0.0,0.0,0.0,0.0,0.0,0.0,0.0,0.0,0.0,0.0,0.0,0.0,0.0,0.0,0.0,0.0,0.0,1.0,1.0,0.0,0.0,0.0,0.0,0.0,0.0,0.0,0.0,0.0,0.0,0.0,0.0,1.0,1.0,6.0,1.0,0.0,0.0,0.0,0.0,0.0,0.0,0.0,0.0,0.0,0.0,0.0,0.0,0.0,0.0,0.0,0.0,0.0,0.0,0.0,0.0,0.0,0.0,0.0,0.0,0.0,0.0,0.0,0.0,0.0,0.0,0.0,0.0,0.0,0.0,0.0,0.0,0.0,0.0,0.0,0.0,0.0,0.0,0.0,0.0,0.0,0.0,0.0,0.0,0.0,0.0,1.0,1.0,0.0,0.0,1.0,1.0,0.0,0.0,0.0,0.0,0.0,0.0,0.0,0.0,0.0,0.0,0.0,0.0,0.0,0.0,0.0,0.0,0.0,0.0,0.0,0.0,0.0,0.0,0.0,0.0,0.0,0.0,0.0,0.0,0.0,0.0,0.0,0.0,0.0,0.0,0.0,0.0,0.0,0.0,0.0,0.0,0.0,0.0,0.0,0.0,0.0,0.0,0.0,0.0,0.0,0.0,0.0,0.0,0.0,0.0,0.0,0.0,0.0,0.0,0.0,0.0,0.0,0.0,0.0,0.0,0.0,0.0,0.0,0.0,0.0,0.0,0.0,0.0,0.0,0.0,0.0,0.0,0.0,0.0,0.0,0.0,0.0,0.0,0.0,0.0,0.0,0.0,0.0,0.0,0.0,0.0,0.0,0.0,0.0,0.0,0.0,0.0,0.0,0.0,0.0,0.0,0.0,0.0,0.0,0.0,0.0,0.0,0.0,0.0,0.0,0.0,0.0,0.0,0.0,0.0,0.0,0.0,0.0,0.0,0.0,0.0,0.0,0.0,0.0,0.0,0.0,0.0,0.0,0.0,0.0,0.0,0.0,0.0,0.0,0.0,0.0,0.0,0.0,0.0,0.0,0.0,0.0,0.0,1.0,2.0,1.0,2.0,0.0,0.0,1,0,1,0,0,0,0,0,c1ccccc1,murcko,train,0,0,0,0,0,0,0,1,1,1,0,0,1,0,0,0,0,0,0,0,0,0,0,0,0,0,0,0,1,0,0,0,0,0,0,0,0,0,0,1,0,0,0,0,0,0,0,0,0,0,0,0,0,0,0,0,0,0,0,0,0,0,0,0,0,0,0,0,0,0,0,0,0,0,0,0,0,0,0,0,1,1,0,0,0,0,0,0,0,0,0,0,0,0,0,0,0,0,0,0,1,0,0,0,0,1,0,1,0,0,0,0,0,0,0,0,0,0,0,0,1,0,0,0,0,1,0,0,1,1,0,0,0,1,0,0,0,0,1,0,0,0,0,0,1,0,0,1,0,0,0,0,0,0,0,1,0,0,0,0,0,1,0,0,0,0,0,0,0,0,0,0,0,0,0,0,0,1,0,0,0,0,0,0,0,0,0,0,0,0,0,0,0,0,0,0,0,1,0,0,0,1,0,0,0,0,0,0,0,0,0,0,0,0,1,0,0,0,0,0,0,0,0,0,0,0,0,0,0,0,1,0,0,0,0,0,0,0,0,0,0,0,0,0,0,0,0,0,0,0,0,0,0,0,0,0,0.30463308741925144,-0.48118160363355017,-0.08049923343519336,0.7858146910528017,0.48118160363355017,0.7171966477380453,-1.9246851492659458,11.392604875283446,0.08262652746283683,11.392604875283446,-0.9374017384731668,11.309978347820609,5.737615701373142,5.654989173910304,0.08841749906556597,2.9107247533313996,5.969305287951849,18.87275775819009,11.250837766380558,0.0,0.0,24.26546827384644,0.0,5.316788604006331,10.84019487200289,9.589074368143644,0.0,86.89820240998772,86.10442693052183,11.259148545064338,8.06467508474891,7.092224152875016,4.449004209041121,11.037160493827162,4.994598611605554,3.6782156834539514,80.0,0.0,0.30463308741925144,-0.48118160363355017,0.48118160363355017,0.30463308741925144,92.42,0.47329999999999955,55.44040000000001,2.1,0.8800000000000001
5804,CC(C)Sc1ncccc1CCC(F)(F)F,0,5804,CC(C)Sc1ncccc1CCC(F)(F)F,5804,CC(C)Sc1ncccc1CCC(F)(F)F,CC(C)Sc1ncccc1CCC(F)(F)F,CC(C)Sc1ncccc1CCC(F)(F)F,CC(C)Sc1ncccc1CCC(F)(F)F,5804.0,1.0,0.0,0.0,0.0,0.0,0.0,0.0,c1ccncc1,249.30099999999996,4.077000000000003,12.89,0.0,2.0,4.0,1.0,1.0,5.0,0.5454545454545454,16.0,0.0,0.0,0.0,0.0,0.0,0.0,0.0,0.0,0.0,0.0,0.0,0.0,0.0,0.0,0.0,0.0,0.0,0.0,0.0,0.0,0.0,0.0,0.0,0.0,0.0,0.0,0.0,0.0,0.0,0.0,0.0,0.0,0.0,0.0,0.0,0.0,0.0,0.0,0.0,0.0,0.0,0.0,0.0,0.0,0.0,0.0,0.0,0.0,0.0,0.0,0.0,0.0,0.0,0.0,1.0,1.0,6.0,1.0,0.0,0.0,0.0,0.0,3.0,1.0,3.0,1.0,0.0,0.0,0.0,0.0,0.0,0.0,1.0,1.0,0.0,0.0,0.0,0.0,0.0,0.0,0.0,0.0,0.0,0.0,0.0,0.0,0.0,0.0,0.0,0.0,0.0,0.0,0.0,0.0,0.0,0.0,0.0,0.0,0.0,0.0,0.0,0.0,0.0,0.0,0.0,0.0,0.0,0.0,0.0,0.0,0.0,0.0,0.0,0.0,0.0,0.0,0.0,0.0,0.0,0.0,0.0,0.0,0.0,0.0,0.0,0.0,0.0,0.0,0.0,0.0,0.0,0.0,0.0,0.0,0.0,0.0,0.0,0.0,0.0,0.0,3.0,1.0,0.0,0.0,0.0,0.0,0.0,0.0,0.0,0.0,0.0,0.0,0.0,0.0,0.0,0.0,0.0,0.0,0.0,0.0,0.0,0.0,0.0,0.0,0.0,0.0,0.0,0.0,0.0,0.0,0.0,0.0,0.0,0.0,0.0,0.0,0.0,0.0,0.0,0.0,0.0,0.0,0.0,0.0,0.0,0.0,0.0,0.0,0.0,0.0,0.0,0.0,0.0,0.0,0.0,0.0,0.0,0.0,0.0,0.0,0.0,0.0,0.0,0.0,0.0,0.0,0.0,0.0,0.0,0.0,0.0,0.0,0.0,0.0,0.0,0.0,0.0,0.0,0.0,0.0,0.0,0.0,0.0,0.0,0.0,0.0,0.0,0.0,0.0,0.0,0.0,0.0,0.0,0.0,0.0,0.0,0.0,0.0,0.0,0.0,0.0,0.0,0.0,0.0,0.0,0.0,0.0,0.0,0.0,0.0,0.0,0.0,0.0,0.0,0.0,0.0,1.0,1.0,1.0,1.0,0.0,0.0,0,0,0,0,0,0,0,0,c1ccncc1,murcko,train,0,1,0,0,1,0,0,0,0,0,0,0,0,0,0,0,0,0,0,1,0,0,0,0,0,0,0,1,1,0,0,0,1,1,0,0,0,0,0,0,0,0,0,0,0,0,0,0,0,0,0,0,0,0,0,0,0,0,0,0,0,1,0,0,1,0,0,0,0,1,0,0,0,0,1,0,0,0,0,0,1,1,0,0,0,1,0,0,0,0,0,0,0,0,0,0,0,0,0,0,1,0,0,0,0,0,1,0,0,0,1,0,0,0,1,0,1,0,0,0,0,0,1,0,0,0,0,0,0,0,0,0,0,0,0,0,1,0,0,0,0,0,0,0,0,0,0,0,0,0,0,0,0,0,0,0,0,0,0,0,0,0,0,0,0,0,0,1,0,0,0,0,1,1,0,0,0,0,0,0,0,0,0,0,0,0,0,0,0,0,0,0,1,0,0,0,0,1,0,0,0,0,0,0,0,0,0,0,0,0,0,0,0,1,1,0,0,0,0,1,0,0,1,0,0,0,0,1,0,0,0,0,0,0,0,0,0,0,0,0,0,0,0,0,0,0,0,0,0,1,0,0,0,0,0,0,0.3889423087123174,-0.24965757347089262,-0.03335842486574255,0.63859988218321,0.3889423087123174,0.5692990670860704,-1.1030338649379512,12.108303099017384,0.006342592592592622,12.108303099017384,-4.1015785619803475,12.101960506424792,6.057322845804988,6.050980253212396,0.08263123974575123,3.0318360433280307,12.597120140369483,6.4208216229260096,15.839349500348412,0.0,11.761884949391115,18.329577708536295,13.847474399381248,4.9839785209472085,0.0,13.171245143024459,0.0,97.46042002096708,96.95145198492422,12.181798275874712,9.2129699441231,7.382828714625174,5.0557279234657075,13.355402223675604,5.56840568004393,4.876010730071917,90.0,0.0,0.3889423087123174,-0.24965757347089262,0.3889423087123174,0.24965757347089262,12.89,4.077000000000003,59.60600000000002,0.2,1.0181818181818183
6288,C=CC(=O)OCCCS(=O)(=O)O,0,6288,C=CC(=O)OCCCS(=O)(=O)O,6288,C=CC(=O)OCCCS(=O)(=O)O,C=CC(=O)OCCCS(=O)(=O)O,C=CC(=O)OCCCS(=O)(=O)O,C=CC(=O)OCCCS(=O)(=O)O,6288.0,1.0,0.0,0.0,0.0,0.0,0.0,0.0,,194.208,-0.0064999999999997,80.67,1.0,4.0,5.0,0.0,0.0,6.0,0.5,12.0,0.0,0.0,0.0,0.0,0.0,0.0,0.0,0.0,0.0,0.0,0.0,0.0,0.0,0.0,0.0,0.0,0.0,0.0,0.0,0.0,0.0,0.0,0.0,0.0,0.0,0.0,0.0,0.0,0.0,0.0,0.0,0.0,0.0,0.0,1.0,1.0,0.0,0.0,0.0,0.0,0.0,0.0,0.0,0.0,1.0,1.0,0.0,0.0,0.0,0.0,1.0,1.0,0.0,0.0,0.0,0.0,0.0,0.0,0.0,0.0,0.0,0.0,0.0,0.0,0.0,0.0,0.0,0.0,0.0,0.0,0.0,0.0,0.0,0.0,0.0,0.0,1.0,1.0,0.0,0.0,1.0,1.0,0.0,0.0,0.0,0.0,0.0,0.0,0.0,0.0,0.0,0.0,0.0,0.0,0.0,0.0,0.0,0.0,0.0,0.0,0.0,0.0,0.0,0.0,0.0,0.0,0.0,0.0,0.0,0.0,0.0,0.0,0.0,0.0,0.0,0.0,0.0,0.0,0.0,0.0,0.0,0.0,0.0,0.0,0.0,0.0,0.0,0.0,0.0,0.0,0.0,0.0,0.0,0.0,0.0,0.0,0.0,0.0,0.0,0.0,0.0,0.0,0.0,0.0,0.0,0.0,0.0,0.0,0.0,0.0,0.0,0.0,0.0,0.0,0.0,0.0,0.0,0.0,0.0,0.0,0.0,0.0,0.0,0.0,0.0,0.0,0.0,0.0,1.0,1.0,0.0,0.0,0.0,0.0,0.0,0.0,0.0,0.0,0.0,0.0,0.0,0.0,0.0,0.0,0.0,0.0,0.0,0.0,0.0,0.0,0.0,0.0,0.0,0.0,0.0,0.0,0.0,0.0,0.0,0.0,0.0,0.0,0.0,0.0,0.0,0.0,0.0,0.0,0.0,0.0,0.0,0.0,0.0,0.0,0.0,0.0,0.0,0.0,0.0,0.0,0.0,0.0,0.0,0.0,0.0,0.0,0.0,0.0,0.0,0.0,0.0,0.0,0.0,0.0,0.0,0.0,0.0,0.0,0.0,0.0,0.0,0.0,0.0,0.0,0.0,0.0,0.0,0.0,0.0,0.0,0.0,0.0,0.0,0.0,0.0,0.0,1.0,1.0,1.0,1.0,0.0,0.0,0,0,0,0,1,0,1,0,ACY_***(*)*****(*)(*)*,acyclic_anonymous_graph,train,0,0,0,0,0,0,0,0,0,0,1,0,0,1,0,0,0,0,0,0,0,0,0,0,0,0,0,0,0,0,0,0,0,0,0,0,0,0,0,1,0,0,0,0,0,0,0,0,0,1,0,0,0,0,0,0,0,0,0,0,0,0,0,0,0,0,0,0,0,0,0,0,0,1,0,0,0,0,0,0,1,0,0,0,0,0,1,0,0,0,0,0,0,0,1,0,0,0,0,0,0,0,0,0,0,0,0,0,0,1,0,0,0,0,1,0,0,0,0,1,0,0,0,0,0,1,0,0,0,0,0,0,0,0,0,0,1,0,1,0,0,0,0,0,0,0,0,1,0,0,0,0,0,0,0,0,0,0,0,0,0,0,0,0,0,0,0,0,0,0,0,0,0,0,0,0,0,0,0,0,0,0,1,1,0,0,0,0,0,0,0,1,0,0,0,0,1,0,1,0,0,0,0,0,0,0,0,0,1,0,0,0,0,0,0,0,0,0,0,0,0,0,0,0,0,1,0,0,0,0,0,0,0,0,0,0,0,0,0,0,0,0,0,0,1,0,0,0,0,0,0,0,0,0,0,0,0.32963840485014356,-0.46250895282061366,-0.05890592067576108,0.7921473576707572,0.46250895282061366,0.7814804189551787,-1.4883514670643114,10.384080215419502,0.03706018518518506,10.384080215419502,-3.945917068216175,10.347020030234317,5.210570200302343,5.1735100151171585,0.09664618383630925,2.62394793215298,21.84028575373219,13.027703587438928,0.0,6.076020106833881,0.0,0.0,0.0,11.315798637398547,4.552749873690364,13.212334168400758,0.0,70.7780619072196,70.02489212749467,9.612884175122364,6.39423244175509,5.454507021897173,3.1984295038805537,11.119999999999997,4.889928613920285,7.229649122807015,70.0,0.0,0.32963840485014356,-0.46250895282061366,0.46250895282061366,0.32963840485014356,80.67,-0.006499999999999784,42.18860000000001,0.8999999999999999,1.6
11157,Cc1cc(-c2ccc(N=C=O)c(C)c2)ccc1N=C=O,1,11157,Cc1cc(-c2ccc(N=C=O)c(C)c2)ccc1N=C=O,11157,Cc1cc(-c2ccc(N=C=O)c(C)c2)ccc1N=C=O,Cc1cc(-c2ccc(N=C=O)c(C)c2)ccc1N=C=O,Cc1cc(-c2ccc(N=C=O)c(C)c2)ccc1N=C=O,Cc1cc(-c2ccc(N=C=O)c(C)c2)ccc1N=C=O,11157.0,1.0,0.0,0.0,0.0,0.0,0.0,0.0,c1ccc(-c2ccccc2)cc1,264.284,3.9050400000000014,58.86,0.0,4.0,3.0,2.0,2.0,4.0,0.125,20.0,0.0,0.0,0.0,0.0,0.0,0.0,0.0,0.0,0.0,0.0,0.0,0.0,0.0,0.0,0.0,0.0,0.0,0.0,0.0,0.0,0.0,0.0,0.0,0.0,0.0,0.0,0.0,0.0,0.0,0.0,0.0,0.0,0.0,0.0,0.0,0.0,0.0,0.0,0.0,0.0,0.0,0.0,0.0,0.0,0.0,0.0,0.0,0.0,0.0,0.0,0.0,0.0,0.0,0.0,2.0,1.0,24.0,1.0,0.0,0.0,0.0,0.0,0.0,0.0,0.0,0.0,0.0,0.0,0.0,0.0,0.0,0.0,0.0,0.0,0.0,0.0,0.0,0.0,0.0,0.0,0.0,0.0,0.0,0.0,0.0,0.0,0.0,0.0,0.0,0.0,0.0,0.0,2.0,1.0,0.0,0.0,0.0,0.0,0.0,0.0,0.0,0.0,0.0,0.0,0.0,0.0,0.0,0.0,0.0,0.0,0.0,0.0,0.0,0.0,0.0,0.0,0.0,0.0,0.0,0.0,0.0,0.0,0.0,0.0,0.0,0.0,0.0,0.0,0.0,0.0,0.0,0.0,0.0,0.0,0.0,0.0,0.0,0.0,0.0,0.0,0.0,0.0,0.0,0.0,0.0,0.0,0.0,0.0,0.0,0.0,0.0,0.0,0.0,0.0,0.0,0.0,0.0,0.0,0.0,0.0,0.0,0.0,0.0,0.0,0.0,0.0,0.0,0.0,0.0,0.0,0.0,0.0,0.0,0.0,0.0,0.0,0.0,0.0,0.0,0.0,0.0,0.0,2.0,1.0,0.0,0.0,0.0,0.0,0.0,0.0,0.0,0.0,0.0,0.0,0.0,0.0,0.0,0.0,0.0,0.0,0.0,0.0,0.0,0.0,0.0,0.0,0.0,0.0,0.0,0.0,0.0,0.0,0.0,0.0,0.0,0.0,0.0,0.0,0.0,0.0,0.0,0.0,0.0,0.0,0.0,0.0,0.0,0.0,0.0,0.0,0.0,0.0,0.0,0.0,0.0,0.0,0.0,0.0,0.0,0.0,0.0,0.0,0.0,0.0,0.0,0.0,0.0,0.0,0.0,0.0,0.0,0.0,0.0,0.0,0.0,0.0,1.0,1.0,1.0,1.0,0.0,0.0,0,0,0,0,0,0,0,0,c1ccc(-c2ccccc2)cc1,murcko,train,0,0,0,0,0,0,0,0,0,0,0,0,0,0,0,0,0,1,1,0,0,0,0,0,0,0,0,0,0,0,0,0,0,1,0,0,0,0,0,0,0,0,0,0,0,0,0,0,0,0,0,0,0,0,0,0,0,0,0,0,1,0,0,0,0,0,0,0,0,0,0,0,0,0,0,0,0,0,0,0,0,1,0,0,0,0,0,0,0,0,0,0,1,0,0,0,0,0,0,1,1,0,0,0,0,0,0,1,0,0,0,1,0,0,0,0,0,0,0,0,0,0,0,0,0,0,1,0,1,0,0,0,0,0,0,0,1,0,1,0,0,0,0,0,0,0,0,0,0,0,0,0,0,0,0,0,0,0,0,0,0,0,1,0,0,0,0,0,0,0,0,0,0,0,0,0,0,0,0,0,0,0,0,0,0,0,1,0,0,0,0,0,0,0,0,0,0,0,0,0,1,0,0,0,0,0,0,0,0,0,0,0,0,1,1,0,0,0,0,0,0,0,0,0,0,1,0,0,0,0,0,0,0,0,1,0,0,0,0,0,0,0,0,0,0,0,0,0,1,0,0,1,0,0,0,0,0.2400168682335336,-0.21096845668277195,-0.027503408016024355,0.45098532491630555,0.2400168682335336,0.6384142533985248,-1.1884824137190118,10.291549217731369,0.6135620163533224,10.291549217731369,0.6135620163533224,9.677987201378047,5.4525556170423455,4.838993600689023,0.10332727034993497,3.071957230187981,0.0,0.0,11.374772549367124,22.253805966787983,0.0,24.29261309640095,38.112942673227685,9.984809465271338,0.0,9.589074368143644,0.0,116.06195495495521,115.60801811919872,14.535169427003234,11.175025387065398,9.651397005390978,6.02874322488895,13.62748460330878,5.893877551020408,2.7806357961968344,98.0,0.0,0.2400168682335336,-0.21096845668277195,0.2400168682335336,0.21096845668277195,58.86,3.9050400000000023,76.91500000000003,0.2,0.6500000000000001
6296,CCCCCCCCCCCCCCCCCCc1ccccc1S(=O)(=O)O,0,6296,CCCCCCCCCCCCCCCCCCc1ccccc1S(=O)(=O)O,6296,CCCCCCCCCCCCCCCCCCc1ccccc1S(=O)(=O)O,CCCCCCCCCCCCCCCCCCc1ccccc1S(=O)(=O)O,CCCCCCCCCCCCCCCCCCc1ccccc1S(=O)(=O)O,CCCCCCCCCCCCCCCCCCc1ccccc1S(=O)(=O)O,6296.0,1.0,0.0,0.0,0.0,0.0,0.0,0.0,c1ccccc1,410.664,7.737300000000008,54.370000000000005,1.0,2.0,18.0,1.0,1.0,4.0,0.75,28.0,0.0,0.0,0.0,0.0,0.0,0.0,0.0,0.0,0.0,0.0,0.0,0.0,0.0,0.0,0.0,0.0,0.0,0.0,0.0,0.0,0.0,0.0,0.0,0.0,0.0,0.0,0.0,0.0,0.0,0.0,0.0,0.0,0.0,0.0,0.0,0.0,0.0,0.0,0.0,0.0,0.0,0.0,0.0,0.0,0.0,0.0,0.0,0.0,0.0,0.0,0.0,0.0,0.0,0.0,1.0,1.0,6.0,1.0,0.0,0.0,0.0,0.0,0.0,0.0,0.0,0.0,0.0,0.0,0.0,0.0,0.0,0.0,0.0,0.0,0.0,0.0,1.0,1.0,0.0,0.0,1.0,1.0,0.0,0.0,0.0,0.0,0.0,0.0,0.0,0.0,0.0,0.0,0.0,0.0,0.0,0.0,0.0,0.0,0.0,0.0,0.0,0.0,0.0,0.0,0.0,0.0,0.0,0.0,0.0,0.0,0.0,0.0,0.0,0.0,0.0,0.0,0.0,0.0,0.0,0.0,0.0,0.0,0.0,0.0,0.0,0.0,0.0,0.0,0.0,0.0,0.0,0.0,0.0,0.0,0.0,0.0,0.0,0.0,0.0,0.0,0.0,0.0,0.0,0.0,0.0,0.0,0.0,0.0,0.0,0.0,0.0,0.0,0.0,0.0,0.0,0.0,0.0,0.0,0.0,0.0,0.0,0.0,0.0,0.0,0.0,0.0,0.0,0.0,0.0,0.0,0.0,0.0,0.0,0.0,0.0,0.0,0.0,0.0,0.0,0.0,0.0,0.0,0.0,0.0,0.0,0.0,0.0,0.0,0.0,0.0,0.0,0.0,0.0,0.0,0.0,0.0,0.0,0.0,0.0,0.0,0.0,0.0,0.0,0.0,0.0,0.0,0.0,0.0,0.0,0.0,0.0,0.0,0.0,0.0,0.0,0.0,0.0,0.0,0.0,0.0,0.0,0.0,0.0,0.0,0.0,0.0,0.0,0.0,0.0,0.0,0.0,0.0,0.0,0.0,0.0,0.0,0.0,0.0,0.0,0.0,0.0,0.0,0.0,0.0,0.0,0.0,0.0,0.0,0.0,0.0,0.0,0.0,0.0,0.0,0.0,0.0,0.0,0.0,0.0,0.0,0.0,0.0,0,0,0,0,0,0,0,0,c1ccccc1,murcko,train,0,0,0,0,0,0,0,0,0,0,0,0,0,0,0,0,0,0,0,0,0,0,0,0,0,0,1,0,0,0,0,0,0,1,0,0,0,0,1,1,0,0,0,0,0,0,0,0,0,0,0,0,0,0,0,0,0,0,0,0,0,1,0,0,1,0,0,0,1,1,0,0,0,0,0,0,0,0,0,1,1,1,0,0,0,0,0,0,0,0,0,0,0,0,1,0,0,0,0,0,1,0,0,0,0,0,0,0,0,0,0,0,0,0,1,0,0,0,0,1,0,0,0,0,0,0,0,0,0,0,0,0,0,0,1,0,1,0,1,0,0,0,0,0,0,0,0,0,0,0,0,0,0,0,0,0,0,0,0,0,1,0,0,0,1,0,1,0,0,0,0,0,0,0,0,1,0,0,0,0,0,0,0,0,0,0,0,0,0,0,0,0,0,0,0,0,1,0,0,0,0,0,0,0,0,0,0,0,0,0,0,0,0,0,1,0,0,0,0,1,0,0,0,0,1,0,0,0,0,0,0,0,0,0,0,0,0,0,0,0,0,0,0,0,0,0,0,1,0,0,0,0,0,0,0,0,0.2942869829120258,-0.28178414013036096,-0.05251139164299589,0.5760711230423867,0.2942869829120258,0.39133915591728424,-1.8616581219211692,11.381098223510971,0.06570313324476351,11.381098223510971,-4.105357319342309,11.315395090266207,5.7234006783778675,5.657697545133104,0.08837517311792548,2.894933412747993,10.118126859033554,4.895483475517775,6.4208216229260096,18.405094737549014,95.95786978942579,12.13273413692322,6.06636706846161,6.923737199690624,0.0,12.9705468580193,0.0,173.6289971886766,173.8907817475469,20.503942943296757,18.002174823821363,13.553860120506284,11.608042105369766,25.166859565057134,15.984642801201812,12.561299072014764,162.0,0.0,0.2942869829120258,-0.28178414013036096,0.2942869829120258,0.28178414013036096,54.370000000000005,7.737300000000008,119.5066000000001,0.0,3.9000000000000004
4955,Nc1ccc2cc(S(=O)(=O)O)cc(O)c2c1N=Nc1ccc(Nc2nc(NCCS(=O)(=O)O)nc(N(CCO)CCO)n2)cc1S(=O)(=O)O,0,4955,Nc1ccc2cc(S(=O)(=O)O)cc(O)c2c1N=Nc1ccc(Nc2nc(NCCS(=O)(=O)O)nc(N(CCO)CCO)n2)cc1S(=O)(=O)O,4955,Nc1ccc2cc(S(=O)(=O)O)cc(O)c2c1N=Nc1ccc(Nc2nc(NCCS(=O)(=O)O)nc(N(CCO)CCO)n2)cc1S(=O)(=O)O,Nc1ccc2cc(S(=O)(=O)O)cc(O)c2c1N=Nc1ccc(Nc2nc(NCCS(=O)(=O)O)nc(N(CCO)CCO)n2)cc1S(=O)(=O)O,Nc1ccc2cc(S(=O)(=O)O)cc(O)c2c1N=Nc1ccc(Nc2nc(NCCS(=O)(=O)O)nc(N(CCO)CCO)n2)cc1S(=O)(=O)O,Nc1ccc2cc(S(=O)(=O)O)cc(O)c2c1N=Nc1ccc(Nc2nc(NCCS(=O)(=O)O)nc(N(CCO)CCO)n2)cc1S(=O)(=O)O,4955.0,1.0,0.0,0.0,0.0,0.0,0.0,0.0,c1ccc2c(N=Nc3ccc(Nc4ncncn4)cc3)cccc2c1,743.759,1.0556999999999992,340.50999999999993,9.0,18.0,15.0,4.0,4.0,24.0,0.24,49.0,0.0,0.0,0.0,0.0,0.0,0.0,0.0,0.0,0.0,0.0,0.0,0.0,0.0,0.0,0.0,0.0,5.0,1.0,0.0,0.0,0.0,0.0,1.0,1.0,0.0,0.0,0.0,0.0,0.0,0.0,2.0,1.0,1.0,1.0,0.0,0.0,0.0,0.0,0.0,0.0,0.0,0.0,0.0,0.0,0.0,0.0,0.0,0.0,0.0,0.0,0.0,0.0,0.0,0.0,4.0,1.0,34.0,1.0,2.0,1.0,0.0,0.0,0.0,0.0,0.0,0.0,0.0,0.0,0.0,0.0,0.0,0.0,0.0,0.0,0.0,0.0,3.0,1.0,0.0,0.0,3.0,1.0,0.0,0.0,0.0,0.0,0.0,0.0,0.0,0.0,0.0,0.0,0.0,0.0,0.0,0.0,0.0,0.0,0.0,0.0,0.0,0.0,0.0,0.0,0.0,0.0,0.0,0.0,1.0,1.0,0.0,0.0,4.0,1.0,0.0,0.0,0.0,0.0,0.0,0.0,1.0,1.0,1.0,1.0,0.0,0.0,2.0,1.0,0.0,0.0,0.0,0.0,0.0,0.0,0.0,0.0,0.0,0.0,0.0,0.0,0.0,0.0,0.0,0.0,0.0,0.0,0.0,0.0,0.0,0.0,0.0,0.0,0.0,0.0,0.0,0.0,0.0,0.0,0.0,0.0,0.0,0.0,0.0,0.0,0.0,0.0,0.0,0.0,0.0,0.0,0.0,0.0,0.0,0.0,0.0,0.0,0.0,0.0,0.0,0.0,0.0,0.0,0.0,0.0,0.0,0.0,0.0,0.0,0.0,0.0,0.0,0.0,0.0,0.0,0.0,0.0,0.0,0.0,0.0,0.0,0.0,0.0,0.0,0.0,0.0,0.0,0.0,0.0,0.0,0.0,0.0,0.0,0.0,0.0,0.0,0.0,0.0,0.0,0.0,0.0,0.0,0.0,0.0,0.0,0.0,0.0,0.0,0.0,0.0,0.0,0.0,0.0,0.0,0.0,0.0,0.0,0.0,0.0,0.0,0.0,0.0,0.0,0.0,0.0,0.0,0.0,0.0,0.0,0.0,0.0,0.0,0.0,0.0,0.0,0.0,0.0,1.0,5.0,1.0,5.0,0.0,0.0,1,0,1,0,0,0,0,1,c1ccc2c(N=Nc3ccc(Nc4ncncn4)cc3)cccc2c1,murcko,train,0,0,0,0,0,0,0,0,0,0,0,0,1,0,0,0,0,0,1,0,0,0,0,0,0,0,0,0,1,1,0,0,0,0,0,0,0,0,0,1,0,0,0,0,0,0,1,0,0,0,1,0,0,0,1,0,0,0,1,0,0,1,0,1,0,0,1,0,1,0,0,1,0,1,0,1,0,0,0,0,1,1,0,0,0,0,0,0,0,0,0,0,0,0,1,0,0,0,0,0,1,0,0,0,0,0,1,1,0,0,0,0,0,1,1,0,0,0,1,0,0,0,1,0,0,1,1,0,1,1,0,0,0,0,0,0,1,0,1,0,0,0,1,0,0,0,0,1,0,0,0,1,0,0,0,1,0,0,1,1,1,0,0,1,0,0,0,0,0,1,0,0,0,0,0,0,0,1,0,0,0,0,0,0,0,0,0,0,0,0,0,1,1,0,0,0,1,0,0,1,1,0,0,1,0,0,1,0,0,0,0,0,0,1,1,1,0,1,0,0,0,0,1,0,0,1,0,0,0,0,0,0,0,0,0,1,0,0,0,0,0,0,0,0,0,0,0,0,1,0,1,0,0,0,0,0,0.2963241516145101,-0.5071780462376035,-0.06431739952837845,0.8035021978521136,0.5071780462376035,2.6193794079308237,-5.7709319848213685,12.381316413282434,0.024501102882894532,12.381316413282434,-4.984570763638327,12.35681531039954,6.202908758082664,6.17840765519977,0.08092700059686062,3.113753511288383,57.33509924285046,78.52765824270332,0.0,24.26546827384644,23.09901093623531,0.0,0.0,35.81401302211308,10.286417350852549,49.67847288488965,0.0,277.99068855821054,279.00613995349084,36.14768912319607,24.902240600810543,22.88952844120409,13.64127156193386,37.006253068124906,14.74558589671568,9.634331670199924,264.0,0.0,0.2963241516145101,-0.5071780462376035,0.5071780462376035,0.2963241516145101,340.50999999999993,1.0556999999999992,174.6719999999999,2.7,3.096
10871,CCC(C)c1cc([N+](=O)[O-])cc([N+](=O)[O-])c1O,1,10871,CCC(C)c1cc([N+](=O)[O-])cc([N+](=O)[O-])c1O,10871,CCC(C)c1cc([N+](=O)[O-])cc([N+](=O)[O-])c1O,CCC(C)c1cc([N+](=O)[O-])cc([N+](=O)[O-])c1O,CCC(C)c1cc([N+](=O)[O-])cc([N+](=O)[O-])c1O,CCC(C)c1cc([N+](=O)[O-])cc([N+](=O)[O-])c1O,10871.0,1.0,0.0,0.0,0.0,0.0,0.0,0.0,c1ccccc1,240.215,2.722100000000001,106.51,1.0,5.0,4.0,1.0,1.0,7.0,0.4,17.0,0.0,1.0,0.0,0.0,0.0,0.0,0.0,0.0,0.0,0.0,0.0,0.0,0.0,0.0,0.0,0.0,2.0,1.0,0.0,0.0,0.0,0.0,0.0,0.0,0.0,0.0,0.0,0.0,0.0,0.0,0.0,0.0,1.0,1.0,0.0,0.0,0.0,0.0,0.0,0.0,0.0,0.0,0.0,0.0,0.0,0.0,0.0,0.0,0.0,0.0,0.0,0.0,0.0,0.0,1.0,1.0,6.0,1.0,0.0,0.0,0.0,0.0,0.0,0.0,0.0,0.0,0.0,0.0,0.0,0.0,0.0,0.0,0.0,0.0,0.0,0.0,0.0,0.0,0.0,0.0,0.0,0.0,0.0,0.0,0.0,0.0,0.0,0.0,0.0,0.0,0.0,0.0,0.0,0.0,0.0,0.0,0.0,0.0,0.0,0.0,0.0,0.0,0.0,0.0,0.0,0.0,0.0,0.0,0.0,0.0,0.0,0.0,0.0,0.0,0.0,0.0,0.0,0.0,2.0,1.0,0.0,0.0,0.0,0.0,0.0,0.0,0.0,0.0,0.0,0.0,0.0,0.0,0.0,0.0,0.0,0.0,0.0,0.0,0.0,0.0,0.0,0.0,0.0,0.0,0.0,0.0,0.0,0.0,0.0,0.0,0.0,0.0,0.0,0.0,0.0,0.0,0.0,0.0,0.0,0.0,0.0,0.0,0.0,0.0,0.0,0.0,0.0,0.0,0.0,0.0,0.0,0.0,0.0,0.0,0.0,0.0,0.0,0.0,0.0,0.0,0.0,0.0,0.0,0.0,0.0,0.0,0.0,0.0,0.0,0.0,0.0,0.0,0.0,0.0,0.0,0.0,0.0,0.0,0.0,0.0,0.0,0.0,0.0,0.0,0.0,0.0,0.0,0.0,0.0,0.0,0.0,0.0,0.0,0.0,0.0,0.0,0.0,0.0,0.0,0.0,0.0,0.0,0.0,0.0,0.0,0.0,0.0,0.0,0.0,0.0,0.0,0.0,0.0,0.0,0.0,0.0,0.0,0.0,0.0,0.0,0.0,0.0,0.0,0.0,0.0,0.0,0.0,0.0,0.0,0.0,0.0,0.0,0.0,0.0,0.0,0.0,1.0,1.0,1.0,1.0,0.0,0.0,0,0,1,0,0,0,0,0,c1ccccc1,murcko,train,0,1,0,0,0,0,0,0,1,0,0,0,0,0,0,0,0,1,0,0,0,0,0,0,1,0,0,1,0,0,0,0,0,1,0,0,0,0,1,1,0,0,0,0,0,0,0,0,0,0,0,0,0,0,0,0,0,0,0,0,0,0,0,0,0,0,1,0,0,0,1,0,0,0,0,0,0,1,0,0,1,1,0,0,0,0,0,0,0,0,0,0,0,0,0,0,0,0,1,0,1,1,1,0,0,0,0,1,1,0,0,0,0,0,0,0,0,0,0,0,0,0,0,0,0,0,0,0,0,0,0,0,0,0,0,0,0,0,1,0,0,0,0,0,0,0,0,0,0,0,0,0,0,0,0,0,0,0,0,0,0,0,0,0,0,0,0,0,0,0,0,1,0,0,0,0,0,0,0,0,0,0,0,0,0,0,0,0,0,0,0,0,0,0,0,0,0,0,0,1,0,0,1,1,1,0,0,0,0,0,0,0,0,0,0,0,0,1,0,0,0,0,0,0,0,0,0,0,0,0,0,0,0,0,0,0,0,1,0,0,0,1,0,0,0,0,1,0,0,0,1,0,0,0,0,0,0.31736967169438124,-0.5018875394209572,-0.03939569697659546,0.8192572111153384,0.5018875394209572,1.0526980582387977,-1.7224249068409208,10.682688492063493,0.1864814814814817,10.682688492063493,-0.8251851851851848,10.496207010582012,5.434584986772487,5.248103505291006,0.09527251120255395,2.8138463683763817,21.28352020560281,17.16874381254195,6.4208216229260096,6.06636706846161,6.06636706846161,6.923737199690624,6.923737199690624,0.0,0.0,25.33516393237185,0.0,96.991356774279,96.18845810974709,13.162772227887025,9.413791537110752,7.879116515310284,5.037198150404261,12.887476383265856,4.770617543252392,2.4947598431117988,92.0,0.0,0.31736967169438124,-0.5018875394209572,0.5018875394209572,0.31736967169438124,106.51,2.7221000000000015,60.12160000000003,0.8999999999999999,0.9600000000000001
7490,O=C(O)c1ccccc1O,0,7490,O=C(O)c1ccccc1O,7490,O=C(O)c1ccccc1O,O=C(O)c1ccccc1O,O=C(O)c1ccccc1O,O=C(O)c1ccccc1O,7490.0,1.0,0.0,0.0,0.0,0.0,0.0,0.0,c1ccccc1,138.122,1.0903999999999998,57.53,2.0,2.0,1.0,1.0,1.0,3.0,0.0,10.0,0.0,0.0,0.0,0.0,0.0,0.0,0.0,0.0,0.0,0.0,0.0,0.0,0.0,0.0,0.0,0.0,0.0,0.0,0.0,0.0,0.0,0.0,0.0,0.0,0.0,0.0,0.0,0.0,0.0,0.0,0.0,0.0,1.0,1.0,0.0,0.0,0.0,0.0,0.0,0.0,1.0,1.0,0.0,0.0,0.0,0.0,0.0,0.0,0.0,0.0,0.0,0.0,0.0,0.0,1.0,1.0,6.0,1.0,0.0,0.0,0.0,0.0,0.0,0.0,0.0,0.0,0.0,0.0,0.0,0.0,0.0,0.0,0.0,0.0,0.0,0.0,0.0,0.0,0.0,0.0,0.0,0.0,0.0,0.0,0.0,0.0,0.0,0.0,0.0,0.0,0.0,0.0,0.0,0.0,0.0,0.0,0.0,0.0,0.0,0.0,0.0,0.0,0.0,0.0,0.0,0.0,0.0,0.0,0.0,0.0,0.0,0.0,0.0,0.0,0.0,0.0,0.0,0.0,0.0,0.0,0.0,0.0,0.0,0.0,0.0,0.0,0.0,0.0,0.0,0.0,0.0,0.0,0.0,0.0,0.0,0.0,0.0,0.0,0.0,0.0,0.0,0.0,0.0,0.0,0.0,0.0,0.0,0.0,0.0,0.0,0.0,0.0,0.0,0.0,0.0,0.0,0.0,0.0,0.0,0.0,0.0,0.0,0.0,0.0,0.0,0.0,0.0,0.0,0.0,0.0,0.0,0.0,0.0,0.0,0.0,0.0,0.0,0.0,0.0,0.0,0.0,0.0,0.0,0.0,0.0,0.0,0.0,0.0,0.0,0.0,0.0,0.0,0.0,0.0,0.0,0.0,0.0,0.0,0.0,0.0,0.0,0.0,0.0,0.0,0.0,0.0,0.0,0.0,0.0,0.0,0.0,0.0,0.0,0.0,0.0,0.0,0.0,0.0,0.0,0.0,0.0,0.0,0.0,0.0,0.0,0.0,0.0,0.0,0.0,0.0,0.0,0.0,0.0,0.0,0.0,0.0,0.0,0.0,0.0,0.0,0.0,0.0,0.0,0.0,0.0,0.0,0.0,0.0,0.0,0.0,0.0,0.0,0.0,0.0,0.0,0.0,0.0,0.0,0.0,0.0,0.0,0.0,0,0,0,0,0,0,0,0,c1ccccc1,murcko,train,0,0,0,0,0,0,0,0,0,0,0,0,0,0,0,0,0,0,0,0,0,0,0,1,0,0,0,0,0,0,0,0,0,0,0,0,0,0,0,1,0,0,0,0,0,0,0,0,0,0,0,0,0,0,0,0,0,0,0,0,0,0,0,0,1,0,1,0,0,0,0,1,0,0,0,0,0,0,0,0,0,1,0,0,0,0,0,0,0,0,0,0,0,0,0,0,0,0,0,0,1,0,0,0,0,0,0,0,0,0,0,0,0,0,0,0,0,0,0,0,0,0,0,0,0,1,0,0,0,0,0,0,0,1,0,0,0,0,1,0,0,0,0,0,0,0,0,0,0,0,0,0,0,0,0,0,0,0,0,0,0,0,0,0,0,0,0,1,0,0,0,0,0,0,0,1,0,0,0,0,0,0,0,0,0,0,0,1,0,0,0,0,0,0,0,0,0,0,0,1,1,0,0,0,0,0,0,0,0,0,0,0,0,0,1,0,0,0,0,0,0,0,0,0,0,0,0,0,0,0,0,0,0,0,0,0,0,0,0,1,0,0,0,0,0,0,0,0,0,0,0,0,0,0,0,0,0.33896908736073095,-0.507052890945198,-0.08440197434572422,0.846021978305929,0.507052890945198,0.5697098399773584,-1.4137295834346006,10.26175925925926,0.0671296296296291,10.26175925925926,-1.1128703703703706,10.194629629629631,5.164444444444445,5.0973148148148155,0.09809086120143139,2.616229072435863,5.969305287951849,11.3129633249809,0.0,0.0,12.13273413692322,12.13273413692322,0.0,0.0,10.213054789681411,4.794537184071822,0.0,57.54633483832936,56.55532886053242,7.560477932315068,5.112076558222283,4.71521405516327,2.728688009921516,6.607785630153122,2.389632707443791,1.0748936229840518,52.0,0.0,0.33896908736073095,-0.507052890945198,0.507052890945198,0.33896908736073095,57.53,1.0903999999999998,35.066100000000006,0.0,0.2
6321,CCCCCCC(O)CCCCCCCCCCC(=O)O,0,6321,CCCCCCC(O)CCCCCCCCCCC(=O)O,6321,CCCCCCC(O)CCCCCCCCCCC(=O)O,CCCCCCC(O)CCCCCCCCCCC(=O)O,CCCCCCC(O)CCCCCCCCCCC(=O)O,CCCCCCC(O)CCCCCCCCCCC(=O)O,6321.0,1.0,0.0,0.0,0.0,0.0,0.0,0.0,,300.4829999999999,5.303300000000005,57.53,2.0,2.0,16.0,0.0,0.0,3.0,0.9444444444444444,21.0,0.0,0.0,0.0,0.0,0.0,0.0,0.0,0.0,0.0,0.0,0.0,0.0,0.0,0.0,0.0,0.0,0.0,0.0,0.0,0.0,0.0,0.0,0.0,0.0,0.0,0.0,0.0,0.0,0.0,0.0,1.0,1.0,0.0,0.0,0.0,0.0,0.0,0.0,0.0,0.0,1.0,1.0,0.0,0.0,0.0,0.0,0.0,0.0,0.0,0.0,0.0,0.0,0.0,0.0,0.0,0.0,0.0,0.0,0.0,0.0,0.0,0.0,0.0,0.0,0.0,0.0,0.0,0.0,0.0,0.0,0.0,0.0,0.0,0.0,0.0,0.0,0.0,0.0,0.0,0.0,0.0,0.0,0.0,0.0,0.0,0.0,0.0,0.0,0.0,0.0,0.0,0.0,0.0,0.0,0.0,0.0,0.0,0.0,0.0,0.0,0.0,0.0,0.0,0.0,0.0,0.0,0.0,0.0,0.0,0.0,0.0,0.0,0.0,0.0,0.0,0.0,0.0,0.0,0.0,0.0,0.0,0.0,0.0,0.0,0.0,0.0,0.0,0.0,0.0,0.0,0.0,0.0,0.0,0.0,0.0,0.0,0.0,0.0,0.0,0.0,0.0,0.0,0.0,0.0,0.0,0.0,0.0,0.0,0.0,0.0,0.0,0.0,0.0,0.0,0.0,0.0,0.0,0.0,0.0,0.0,0.0,0.0,0.0,0.0,0.0,0.0,0.0,0.0,0.0,0.0,0.0,0.0,0.0,0.0,0.0,0.0,0.0,0.0,0.0,0.0,0.0,0.0,0.0,0.0,0.0,0.0,0.0,0.0,0.0,0.0,0.0,0.0,0.0,0.0,0.0,0.0,0.0,0.0,0.0,0.0,0.0,0.0,0.0,0.0,0.0,0.0,0.0,0.0,0.0,0.0,0.0,0.0,0.0,0.0,0.0,0.0,0.0,0.0,0.0,0.0,0.0,0.0,0.0,0.0,0.0,0.0,0.0,0.0,0.0,0.0,0.0,0.0,0.0,0.0,0.0,0.0,0.0,0.0,1.0,1.0,0.0,0.0,0.0,0.0,0.0,0.0,0.0,0.0,0.0,0.0,0.0,0.0,0.0,0.0,0.0,0.0,1.0,1.0,0.0,0.0,1.0,1.0,0,0,0,0,0,1,0,0,ACY_*******(*)***********(*)*,acyclic_anonymous_graph,train,0,1,0,1,0,0,0,1,0,0,0,0,0,0,0,0,0,0,0,0,0,0,0,0,0,0,1,0,1,0,0,0,0,1,0,0,0,0,1,1,0,0,0,0,0,0,0,0,0,0,0,0,0,0,0,0,0,0,0,0,0,0,0,0,0,0,0,0,0,0,0,0,0,0,0,0,0,0,0,1,1,0,0,0,0,0,1,0,0,0,0,0,0,0,0,0,0,0,0,0,0,0,0,0,0,0,0,1,0,0,0,0,0,0,0,0,0,0,0,1,0,0,0,0,0,1,0,0,0,0,0,0,0,1,0,0,0,0,1,0,0,0,0,0,0,0,0,0,0,0,0,0,0,0,0,0,0,0,0,0,0,0,0,0,1,0,0,0,0,0,0,0,0,0,0,0,0,0,0,0,0,0,0,0,0,0,0,0,0,0,0,0,0,0,0,0,0,0,0,0,0,1,0,0,0,0,0,0,0,0,0,0,0,0,0,0,0,0,0,0,0,0,0,0,1,0,0,1,0,0,0,0,0,0,0,0,0,0,0,0,0,0,0,1,0,0,1,0,0,0,0,0,0,0,0,0,0.3028395565321837,-0.481230389785217,-0.07003376980389547,0.7840699463174007,0.481230389785217,0.40214808718866923,-1.8728572530704741,10.339295478525038,0.08530108835681749,10.339295478525038,-0.6775446346417395,10.25399439016822,5.212298283440928,5.12699719508411,0.09752297123926891,2.649509289922241,5.969305287951849,6.103966387748303,6.4208216229260096,38.524929737556064,51.36657298340809,0.0,0.0,6.923737199690624,5.106527394840706,9.901064578912528,0.0,130.6932565770077,130.31692519303417,15.76130225617747,13.986627468451623,10.163902460147014,9.063086585436617,20.43,15.811997527941235,17.37868471837979,126.0,0.0,0.3028395565321837,-0.481230389785217,0.481230389785217,0.3028395565321837,57.53,5.303300000000005,88.57160000000007,0.0,4.477777777777778
11758,O=Cc1ccco1,1,11758,O=Cc1ccco1,11758,O=Cc1ccco1,O=Cc1ccco1,O=Cc1ccco1,O=Cc1ccco1,11758.0,1.0,0.0,0.0,0.0,0.0,0.0,0.0,c1ccoc1,96.08499999999998,1.0920999999999998,30.21,0.0,2.0,1.0,1.0,1.0,2.0,0.0,7.0,0.0,0.0,0.0,0.0,0.0,0.0,0.0,0.0,0.0,0.0,0.0,0.0,0.0,0.0,0.0,0.0,0.0,0.0,0.0,0.0,0.0,0.0,0.0,0.0,0.0,0.0,0.0,0.0,0.0,0.0,0.0,0.0,0.0,0.0,0.0,0.0,1.0,1.0,0.0,0.0,0.0,0.0,0.0,0.0,0.0,0.0,0.0,0.0,0.0,0.0,0.0,0.0,0.0,0.0,0.0,0.0,1.0,1.0,0.0,0.0,0.0,0.0,0.0,0.0,0.0,0.0,0.0,0.0,0.0,0.0,0.0,0.0,0.0,0.0,0.0,0.0,0.0,0.0,0.0,0.0,0.0,0.0,0.0,0.0,0.0,0.0,0.0,0.0,0.0,0.0,0.0,0.0,0.0,0.0,0.0,0.0,0.0,0.0,0.0,0.0,0.0,0.0,0.0,0.0,0.0,0.0,0.0,0.0,0.0,0.0,0.0,0.0,0.0,0.0,0.0,0.0,0.0,0.0,0.0,0.0,0.0,0.0,0.0,0.0,0.0,0.0,0.0,0.0,0.0,0.0,0.0,0.0,0.0,0.0,0.0,0.0,0.0,0.0,0.0,0.0,0.0,0.0,0.0,0.0,0.0,0.0,0.0,0.0,0.0,0.0,0.0,0.0,0.0,0.0,0.0,0.0,0.0,0.0,0.0,0.0,0.0,0.0,0.0,0.0,0.0,0.0,0.0,0.0,0.0,0.0,0.0,0.0,0.0,0.0,0.0,0.0,0.0,0.0,0.0,0.0,0.0,0.0,0.0,0.0,0.0,0.0,0.0,0.0,0.0,0.0,0.0,0.0,0.0,0.0,0.0,0.0,0.0,0.0,0.0,0.0,0.0,0.0,0.0,0.0,0.0,0.0,0.0,0.0,0.0,0.0,0.0,0.0,0.0,0.0,0.0,0.0,0.0,0.0,0.0,0.0,0.0,0.0,0.0,0.0,0.0,0.0,0.0,0.0,0.0,0.0,0.0,0.0,0.0,0.0,0.0,0.0,0.0,0.0,0.0,0.0,0.0,0.0,0.0,0.0,0.0,0.0,0.0,0.0,0.0,0.0,0.0,0.0,0.0,0.0,0.0,0.0,0.0,0.0,0.0,0.0,0.0,0.0,0,0,0,0,0,0,0,0,c1ccoc1,murcko,train,0,0,1,0,0,0,0,0,0,0,0,0,0,0,0,0,0,0,0,1,0,0,0,0,0,0,0,0,0,0,0,0,0,0,0,0,0,0,0,1,0,0,0,0,0,0,0,0,0,0,0,0,0,0,0,0,0,0,0,0,0,0,0,0,1,0,0,0,0,0,0,0,0,0,0,0,0,0,0,0,0,1,0,0,0,0,0,0,0,0,0,0,0,0,0,0,0,0,0,0,1,0,0,0,0,0,0,0,0,0,0,0,0,0,1,0,0,0,0,0,1,0,0,0,0,0,0,0,0,0,0,0,0,0,1,0,0,0,1,0,0,0,0,0,1,0,0,0,0,0,0,0,0,0,0,0,0,0,0,0,0,0,0,0,0,0,0,0,0,0,0,0,0,0,0,0,0,0,0,0,0,0,1,0,0,0,0,0,0,0,0,0,0,0,0,0,0,0,0,0,0,0,0,0,0,0,0,0,0,1,0,0,0,0,1,0,0,0,1,0,0,0,0,0,0,0,0,0,0,0,0,1,0,0,0,0,1,0,0,0,0,0,0,0,0,0,0,0,0,0,0,1,0,0,0,0,0.18480086649586971,-0.4615648134016627,-0.04999636798731266,0.6463656798975325,0.4615648134016627,0.4419085696330599,-0.7918831455442485,9.773842592592594,0.37500000000000044,9.773842592592594,0.37500000000000044,9.398842592592594,5.074421296296297,4.699421296296297,0.1063960791074551,2.739672596772634,0.0,0.0,12.046407942003999,0.0,6.263162995639057,12.13273413692322,0.0,4.417150937053347,0.0,4.794537184071822,0.0,40.75219659801417,39.65399319569144,5.112884175122364,3.625897657686229,3.431851652578137,1.919545601879256,4.118067226890756,1.598931214740438,0.6815770736917053,36.0,0.0,0.18480086649586971,-0.4615648134016627,0.4615648134016627,0.18480086649586971,30.21,1.0920999999999998,24.095499999999994,0.0,0.2
6899,CCOC(=O)c1ccnc(C(=O)OCC)c1,1,6899,CCOC(=O)c1ccnc(C(=O)OCC)c1,6899,CCOC(=O)c1ccnc(C(=O)OCC)c1,CCOC(=O)c1ccnc(C(=O)OCC)c1,CCOC(=O)c1ccnc(C(=O)OCC)c1,CCOC(=O)c1ccnc(C(=O)OCC)c1,6899.0,1.0,0.0,0.0,0.0,0.0,0.0,0.0,c1ccncc1,223.22799999999995,1.435,65.49,0.0,5.0,4.0,1.0,1.0,5.0,0.3636363636363636,16.0,0.0,0.0,0.0,0.0,0.0,0.0,0.0,0.0,0.0,0.0,0.0,0.0,0.0,0.0,0.0,0.0,0.0,0.0,0.0,0.0,0.0,0.0,0.0,0.0,0.0,0.0,0.0,0.0,0.0,0.0,0.0,0.0,0.0,0.0,2.0,1.0,0.0,0.0,0.0,0.0,0.0,0.0,0.0,0.0,2.0,1.0,0.0,0.0,0.0,0.0,0.0,0.0,0.0,0.0,1.0,1.0,6.0,1.0,0.0,0.0,0.0,0.0,0.0,0.0,0.0,0.0,0.0,0.0,0.0,0.0,0.0,0.0,0.0,0.0,0.0,0.0,0.0,0.0,0.0,0.0,0.0,0.0,0.0,0.0,0.0,0.0,0.0,0.0,0.0,0.0,0.0,0.0,0.0,0.0,0.0,0.0,0.0,0.0,0.0,0.0,0.0,0.0,0.0,0.0,0.0,0.0,0.0,0.0,0.0,0.0,0.0,0.0,0.0,0.0,0.0,0.0,0.0,0.0,0.0,0.0,0.0,0.0,0.0,0.0,0.0,0.0,0.0,0.0,0.0,0.0,0.0,0.0,0.0,0.0,0.0,0.0,0.0,0.0,0.0,0.0,0.0,0.0,0.0,0.0,0.0,0.0,0.0,0.0,0.0,0.0,0.0,0.0,0.0,0.0,0.0,0.0,0.0,0.0,0.0,0.0,0.0,0.0,0.0,0.0,0.0,0.0,0.0,0.0,0.0,0.0,0.0,0.0,0.0,0.0,0.0,0.0,0.0,0.0,0.0,0.0,0.0,0.0,0.0,0.0,0.0,0.0,0.0,0.0,0.0,0.0,0.0,0.0,0.0,0.0,0.0,0.0,0.0,0.0,0.0,0.0,0.0,0.0,0.0,0.0,0.0,0.0,0.0,0.0,0.0,0.0,0.0,0.0,0.0,0.0,0.0,0.0,0.0,0.0,0.0,0.0,0.0,0.0,0.0,0.0,0.0,0.0,0.0,0.0,0.0,0.0,0.0,0.0,0.0,0.0,0.0,0.0,0.0,0.0,0.0,0.0,0.0,0.0,0.0,0.0,0.0,0.0,0.0,0.0,0.0,0.0,0.0,0.0,1.0,1.0,0.0,0.0,1.0,1.0,0.0,0.0,1.0,1.0,0,0,0,0,0,0,0,0,c1ccncc1,murcko,train,0,0,0,0,0,0,0,0,0,0,0,0,0,1,0,0,0,0,0,1,0,0,0,0,0,0,0,0,0,0,0,0,0,1,0,0,0,0,1,1,1,0,0,0,0,0,0,0,0,0,0,0,0,0,0,0,0,0,0,0,0,0,0,0,0,0,0,0,0,0,0,0,0,0,1,0,0,0,0,0,1,1,0,0,0,0,0,1,0,0,0,0,0,0,0,0,0,0,0,0,1,0,0,0,0,1,0,1,0,0,0,0,0,0,0,0,0,0,0,0,0,0,1,0,0,1,0,0,0,0,0,0,0,0,0,0,0,1,1,0,0,0,0,0,0,1,0,1,0,0,0,0,0,0,0,0,0,0,0,0,0,0,0,0,0,0,0,0,0,0,0,0,1,0,0,0,0,0,0,0,0,0,0,1,0,0,1,0,0,1,0,0,0,0,0,0,0,0,0,0,0,0,0,0,0,0,0,0,0,0,0,0,0,1,1,0,0,0,0,0,0,0,0,0,0,0,0,0,0,0,0,0,0,0,0,0,0,0,0,0,0,1,1,0,0,0,0,1,0,0,0,0,0,0,0,0,0.35642989873922465,-0.4623897018143727,-0.04094965034072803,0.8188196005535974,0.4623897018143727,1.112767291251451,-1.7679616967030996,11.375251873897707,0.10407690854119434,11.375251873897707,-0.5475477135298565,11.271174965356511,5.739664391219451,5.635587482678256,0.0887218948400354,2.9228316857017695,11.938610575903699,18.907691923874296,5.563451491696996,0.0,18.329577708536295,13.847474399381248,0.0,4.9839785209472085,9.473725907600098,9.589074368143644,0.0,93.3908384459244,92.63358489608348,11.966255326250886,9.226471127297383,7.685070510202191,4.989224837105359,12.160972320794889,5.846757946035439,3.0471789631330406,86.0,0.0,0.35642989873922465,-0.4623897018143727,0.4623897018143727,0.35642989873922465,65.49,1.435,56.15000000000003,0.0,1.3454545454545455
7105,CC1=NN(c2ccccc2)C(=O)C1=CC1C(=O)N(c2ccccc2)N=C1C,0,7105,CC1=NN(c2ccccc2)C(=O)C1=CC1C(=O)N(c2ccccc2)N=C1C,7105,CC1=NN(c2ccccc2)C(=O)C1=CC1C(=O)N(c2ccccc2)N=C1C,CC1=NN(c2ccccc2)C(=O)C1=CC1C(=O)N(c2ccccc2)N=C1C,CC1=NN(c2ccccc2)C(=O)C1=CC1C(=O)N(c2ccccc2)N=C1C,CC1=NN(c2ccccc2)C(=O)C1=CC1C(=O)N(c2ccccc2)N=C1C,7105.0,1.0,0.0,0.0,0.0,0.0,0.0,0.0,O=C1C(=CC2C=NN(c3ccccc3)C2=O)C=NN1c1ccccc1,358.401,3.3744000000000023,65.34,0.0,4.0,3.0,4.0,2.0,6.0,0.1428571428571428,27.0,0.0,0.0,0.0,0.0,0.0,0.0,0.0,0.0,0.0,0.0,2.0,1.0,0.0,0.0,0.0,0.0,2.0,1.0,0.0,0.0,0.0,0.0,0.0,0.0,2.0,1.0,2.0,1.0,0.0,0.0,0.0,0.0,0.0,0.0,0.0,0.0,0.0,0.0,0.0,0.0,0.0,0.0,0.0,0.0,0.0,0.0,0.0,0.0,0.0,0.0,1.0,1.0,0.0,0.0,2.0,1.0,12.0,1.0,0.0,0.0,0.0,0.0,0.0,0.0,0.0,0.0,0.0,0.0,0.0,0.0,0.0,0.0,0.0,0.0,0.0,0.0,0.0,0.0,0.0,0.0,0.0,0.0,0.0,0.0,0.0,0.0,0.0,0.0,0.0,0.0,0.0,0.0,0.0,0.0,0.0,0.0,0.0,0.0,0.0,0.0,0.0,0.0,0.0,0.0,0.0,0.0,0.0,0.0,0.0,0.0,0.0,0.0,0.0,0.0,0.0,0.0,0.0,0.0,0.0,0.0,0.0,0.0,0.0,0.0,0.0,0.0,0.0,0.0,0.0,0.0,0.0,0.0,0.0,0.0,0.0,0.0,0.0,0.0,0.0,0.0,0.0,0.0,0.0,0.0,0.0,0.0,0.0,0.0,0.0,0.0,0.0,0.0,0.0,0.0,0.0,0.0,0.0,0.0,0.0,0.0,0.0,0.0,0.0,0.0,0.0,0.0,0.0,0.0,1.0,1.0,0.0,0.0,0.0,0.0,0.0,0.0,0.0,0.0,0.0,0.0,0.0,0.0,0.0,0.0,0.0,0.0,0.0,0.0,0.0,0.0,0.0,0.0,0.0,0.0,0.0,0.0,0.0,0.0,0.0,0.0,0.0,0.0,0.0,0.0,0.0,0.0,0.0,0.0,0.0,0.0,0.0,0.0,0.0,0.0,0.0,0.0,0.0,0.0,0.0,0.0,0.0,0.0,0.0,0.0,0.0,0.0,0.0,0.0,0.0,0.0,0.0,0.0,0.0,0.0,0.0,0.0,0.0,0.0,0.0,0.0,0.0,0.0,0.0,0.0,0.0,0.0,0.0,0.0,0.0,0.0,0.0,0.0,0.0,0.0,0.0,0.0,1.0,1.0,1.0,1.0,0.0,0.0,0,0,1,0,1,0,0,0,O=C1C(=CC2C=NN(c3ccccc3)C2=O)C=NN1c1ccccc1,murcko,train,0,0,0,0,0,1,0,0,0,0,0,0,0,0,0,0,0,1,0,0,0,0,0,0,0,1,1,0,0,0,0,0,1,1,0,0,0,0,0,0,0,0,0,0,0,0,0,0,0,0,0,0,0,0,0,0,0,0,1,0,0,0,0,0,1,0,0,0,0,0,0,0,0,0,0,0,0,0,0,0,0,1,0,1,0,0,0,0,0,0,0,0,1,0,0,0,1,0,1,0,1,0,0,0,0,0,0,0,0,0,0,1,0,0,0,0,0,0,0,0,0,0,1,0,1,0,0,0,0,0,0,0,0,1,0,0,0,0,1,0,0,0,0,1,0,0,0,0,0,0,0,0,0,1,0,0,0,0,0,0,0,1,0,1,0,0,0,1,0,0,0,1,0,0,0,1,0,0,0,0,0,0,1,0,1,0,1,0,0,0,0,1,0,1,0,0,0,0,0,0,0,0,0,0,0,0,0,0,0,0,0,0,0,0,1,0,0,0,0,0,0,0,0,0,0,1,0,0,0,0,0,0,0,0,0,1,0,0,0,0,0,0,0,0,0,0,0,0,0,0,0,1,0,0,0,0,0.27982894840730477,-0.2714131460243935,-0.03407951659779377,0.5512420944316982,0.27982894840730477,0.9609956197619429,-1.8811425679023743,12.870960132139786,0.17596193415637829,12.870960132139786,-0.5786764088351393,12.694998197983407,6.523461033148082,6.347499098991704,0.07877118093320008,3.3521504443979646,5.917906046161393,11.814359458703011,28.371247084977796,0.0,10.017825047909064,19.92349450621513,60.6636706846161,10.202815051479446,0.0,9.589074368143644,0.0,156.64533956857224,156.5003922482056,18.96589084732138,15.033554193203072,13.0585506480638,8.670615019127428,16.90315725786409,6.642858863280749,2.949437943897159,134.0,0.0,0.27982894840730477,-0.2714131460243935,0.27982894840730477,0.2714131460243935,65.34,3.3744000000000023,105.64700000000002,1.5999999999999999,0.6571428571428573
8804,CC(=O)C(N=Nc1ccccc1C(F)(F)F)C(=O)Nc1ccc2[nH]c(=O)[nH]c2c1,0,8804,CC(=O)C(N=Nc1ccccc1C(F)(F)F)C(=O)Nc1ccc2[nH]c(=O)[nH]c2c1,8804,CC(=O)C(N=Nc1ccccc1C(F)(F)F)C(=O)Nc1ccc2[nH]c(=O)[nH]c2c1,CC(=O)C(N=Nc1ccccc1C(F)(F)F)C(=O)Nc1ccc2[nH]c(=O)[nH]c2c1,CC(=O)C(N=Nc1ccccc1C(F)(F)F)C(=O)Nc1ccc2[nH]c(=O)[nH]c2c1,CC(=O)C(N=Nc1ccccc1C(F)(F)F)C(=O)Nc1ccc2[nH]c(=O)[nH]c2c1,8804.0,1.0,0.0,0.0,0.0,0.0,0.0,0.0,O=C(CN=Nc1ccccc1)Nc1ccc2[nH]c(=O)[nH]c2c1,405.33600000000007,3.5550000000000006,119.54,3.0,5.0,5.0,3.0,3.0,11.0,0.1666666666666666,29.0,0.0,0.0,0.0,0.0,0.0,0.0,0.0,0.0,0.0,0.0,1.0,1.0,0.0,0.0,0.0,0.0,1.0,1.0,0.0,0.0,0.0,0.0,1.0,1.0,0.0,0.0,0.0,0.0,0.0,0.0,0.0,0.0,0.0,0.0,0.0,0.0,0.0,0.0,1.0,1.0,0.0,0.0,0.0,0.0,0.0,0.0,0.0,0.0,0.0,0.0,0.0,0.0,0.0,0.0,2.0,1.0,23.0,1.0,2.0,1.0,0.0,0.0,3.0,1.0,3.0,1.0,0.0,0.0,0.0,0.0,0.0,0.0,0.0,0.0,0.0,0.0,0.0,0.0,0.0,0.0,0.0,0.0,0.0,0.0,0.0,0.0,0.0,0.0,0.0,0.0,0.0,0.0,0.0,0.0,0.0,0.0,0.0,0.0,0.0,0.0,0.0,0.0,0.0,0.0,0.0,0.0,0.0,0.0,0.0,0.0,0.0,0.0,0.0,0.0,0.0,0.0,0.0,0.0,0.0,0.0,0.0,0.0,0.0,0.0,1.0,1.0,1.0,1.0,0.0,0.0,0.0,0.0,1.0,1.0,0.0,0.0,0.0,0.0,0.0,0.0,3.0,1.0,0.0,0.0,0.0,0.0,0.0,0.0,0.0,0.0,0.0,0.0,0.0,0.0,0.0,0.0,0.0,0.0,0.0,0.0,0.0,0.0,0.0,0.0,0.0,0.0,0.0,0.0,0.0,0.0,0.0,0.0,0.0,0.0,0.0,0.0,0.0,0.0,0.0,0.0,0.0,0.0,0.0,0.0,0.0,0.0,0.0,0.0,0.0,0.0,0.0,0.0,0.0,0.0,0.0,0.0,0.0,0.0,0.0,0.0,0.0,0.0,0.0,0.0,0.0,0.0,0.0,0.0,0.0,0.0,0.0,0.0,0.0,0.0,0.0,0.0,0.0,0.0,0.0,0.0,0.0,0.0,0.0,0.0,0.0,0.0,0.0,0.0,0.0,0.0,0.0,0.0,1.0,1.0,1.0,1.0,0.0,0.0,0.0,0.0,0.0,0.0,0.0,0.0,0.0,0.0,0.0,0.0,0.0,0.0,0.0,0.0,0.0,0.0,0.0,0.0,1.0,6.0,1.0,4.0,1.0,2.0,0,0,1,0,0,0,0,0,O=C(CN=Nc1ccccc1)Nc1ccc2[nH]c(=O)[nH]c2c1,murcko,train,1,1,0,0,0,0,1,0,0,0,0,0,0,0,0,0,0,0,1,0,0,0,0,0,1,0,0,0,0,0,0,0,0,1,1,0,0,0,0,1,0,1,0,0,0,0,0,0,0,0,0,0,0,0,0,0,0,0,1,0,0,1,0,0,1,0,0,0,0,0,0,0,0,0,0,1,0,0,0,0,0,1,0,0,0,0,0,0,1,0,1,0,0,0,0,1,0,1,1,0,1,1,0,0,0,0,0,1,0,0,0,0,0,0,1,0,0,0,0,1,0,0,0,0,0,1,0,0,1,0,1,0,0,0,1,0,1,1,1,0,0,0,0,0,0,0,0,1,0,1,0,0,0,0,0,0,0,0,0,0,0,0,0,1,0,0,1,0,0,0,0,0,0,1,0,1,0,0,0,0,0,0,0,0,1,0,0,0,0,0,0,1,0,0,0,1,0,0,0,0,0,0,0,0,0,0,0,0,0,1,0,0,1,1,1,0,0,0,0,0,0,0,0,0,0,0,0,0,0,0,0,0,0,0,0,0,0,0,0,0,0,0,0,0,0,0,0,0,0,1,0,0,0,0,0,1,0.4180503921367571,-0.32368595399069594,-0.038965852657153535,0.7417363461274531,0.4180503921367571,1.7301441376798892,-2.8601538647373417,13.03122370086531,0.2591589506172842,13.03122370086531,-4.660239061739056,12.772064750248026,6.645191325741297,6.386032375124013,0.07829587616055428,3.45743375242831,40.84914518689191,5.687386274683562,11.033401435232523,19.056471336613843,30.33183534230805,0.0,0.0,25.513245897159543,0.0,27.554856695239923,0.0,160.40149336824717,160.02634216812933,21.181433796945203,14.871867634936194,13.646885611180734,8.253859242798612,19.98666692542064,7.697816420357847,4.566505017486703,150.0,0.0,0.4180503921367571,-0.32368595399069594,0.4180503921367571,0.32368595399069594,119.53999999999999,3.5550000000000006,97.97810000000003,1.5,1.0666666666666667
3221,CC(=O)C(N=Nc1ccc(S(=O)(=O)O)cc1[N+](=O)[O-])C(=O)Nc1ccccc1,0,3221,CC(=O)C(N=Nc1ccc(S(=O)(=O)O)cc1[N+](=O)[O-])C(=O)Nc1ccccc1,3221,CC(=O)C(N=Nc1ccc(S(=O)(=O)O)cc1[N+](=O)[O-])C(=O)Nc1ccccc1,CC(=O)C(N=Nc1ccc(S(=O)(=O)O)cc1[N+](=O)[O-])C(=O)Nc1ccccc1,CC(=O)C(N=Nc1ccc(S(=O)(=O)O)cc1[N+](=O)[O-])C(=O)Nc1ccccc1,CC(=O)C(N=Nc1ccc(S(=O)(=O)O)cc1[N+](=O)[O-])C(=O)Nc1ccccc1,3221.0,1.0,0.0,0.0,0.0,0.0,0.0,0.0,O=C(CN=Nc1ccccc1)Nc1ccccc1,406.3760000000001,2.5215000000000005,168.4,2.0,8.0,7.0,2.0,2.0,12.0,0.125,28.0,0.0,1.0,0.0,0.0,0.0,0.0,0.0,0.0,0.0,0.0,1.0,1.0,0.0,0.0,0.0,0.0,2.0,1.0,0.0,0.0,0.0,0.0,1.0,1.0,0.0,0.0,0.0,0.0,0.0,0.0,0.0,0.0,0.0,0.0,0.0,0.0,0.0,0.0,1.0,1.0,0.0,0.0,0.0,0.0,0.0,0.0,0.0,0.0,0.0,0.0,0.0,0.0,0.0,0.0,2.0,1.0,12.0,1.0,0.0,0.0,0.0,0.0,0.0,0.0,0.0,0.0,0.0,0.0,0.0,0.0,0.0,0.0,0.0,0.0,0.0,0.0,1.0,1.0,0.0,0.0,1.0,1.0,0.0,0.0,0.0,0.0,0.0,0.0,0.0,0.0,0.0,0.0,0.0,0.0,0.0,0.0,0.0,0.0,0.0,0.0,0.0,0.0,0.0,0.0,0.0,0.0,0.0,0.0,0.0,0.0,0.0,0.0,0.0,0.0,0.0,0.0,0.0,0.0,1.0,1.0,0.0,0.0,0.0,0.0,1.0,1.0,1.0,1.0,0.0,0.0,0.0,0.0,1.0,1.0,0.0,0.0,0.0,0.0,0.0,0.0,0.0,0.0,0.0,0.0,0.0,0.0,0.0,0.0,0.0,0.0,0.0,0.0,0.0,0.0,0.0,0.0,0.0,0.0,0.0,0.0,0.0,0.0,0.0,0.0,0.0,0.0,0.0,0.0,0.0,0.0,0.0,0.0,0.0,0.0,0.0,0.0,0.0,0.0,0.0,0.0,0.0,0.0,0.0,0.0,0.0,0.0,0.0,0.0,0.0,0.0,0.0,0.0,0.0,0.0,0.0,0.0,0.0,0.0,0.0,0.0,0.0,0.0,0.0,0.0,0.0,0.0,0.0,0.0,0.0,0.0,0.0,0.0,0.0,0.0,0.0,0.0,0.0,0.0,0.0,0.0,0.0,0.0,0.0,0.0,0.0,0.0,0.0,0.0,0.0,0.0,0.0,0.0,0.0,0.0,0.0,0.0,0.0,0.0,0.0,0.0,0.0,0.0,0.0,0.0,0.0,0.0,0.0,0.0,0.0,0.0,0.0,0.0,0.0,0.0,0.0,0.0,1.0,4.0,1.0,4.0,0.0,0.0,0,0,1,0,0,0,0,0,O=C(CN=Nc1ccccc1)Nc1ccccc1,murcko,train,0,1,0,0,0,0,0,0,0,0,0,0,0,0,0,0,0,0,1,0,0,0,0,0,1,0,0,0,0,0,0,0,0,1,1,0,0,0,0,1,0,0,0,0,0,0,0,0,0,0,0,0,0,1,0,0,0,0,0,0,0,1,0,1,1,0,0,0,0,0,1,0,0,0,0,0,0,1,0,0,1,1,0,0,0,0,0,0,1,0,0,0,0,0,1,1,0,0,1,0,1,0,0,0,0,0,0,1,0,0,0,0,0,0,1,0,0,0,0,0,0,0,0,0,0,1,1,0,1,0,1,0,0,1,1,0,0,1,1,0,0,0,0,0,0,0,0,1,0,0,0,0,0,0,0,0,0,0,0,0,0,0,0,1,0,0,1,0,0,0,0,1,0,0,0,1,0,0,0,0,0,0,0,0,0,0,0,0,0,0,0,1,0,0,0,0,1,0,0,0,1,0,0,1,1,0,0,0,0,0,0,0,0,1,1,0,0,0,0,0,0,0,0,0,0,0,0,0,0,0,0,0,0,0,0,0,0,0,0,0,0,1,0,0,0,0,0,0,1,1,0,0,0,0,0,0,0.2976014755252327,-0.3237668461043647,-0.038880748525179185,0.6213683216295973,0.3237668461043647,1.6311825961721447,-2.7198435548771616,12.24779714316601,0.39244341563786,12.24779714316601,-4.663295716503914,11.85535372752815,6.3201202794019355,5.927676863764075,0.08435007701862142,3.3692727576198553,49.04395943760053,0.0,11.753753343145172,19.056471336613843,0.0,30.33183534230805,0.0,15.545288855265127,4.552749873690364,28.121189621238152,0.0,158.54956174387246,158.40524780986124,20.896976746569024,14.342744837953509,13.091242718514907,7.624908555206583,20.797692260336095,8.45339274540073,5.247319095196474,146.0,0.0,0.2976014755252327,-0.3237668461043647,0.3237668461043647,0.2976014755252327,168.4,2.5215000000000005,96.9677,1.5,1.4500000000000002
6188,CC(C)(C)OOC1(OOC(C)(C)C)CCCCC1,0,6188,CC(C)(C)OOC1(OOC(C)(C)C)CCCCC1,6188,CC(C)(C)OOC1(OOC(C)(C)C)CCCCC1,CC(C)(C)OOC1(OOC(C)(C)C)CCCCC1,CC(C)(C)OOC1(OOC(C)(C)C)CCCCC1,CC(C)(C)OOC1(OOC(C)(C)C)CCCCC1,6188.0,1.0,0.0,0.0,0.0,0.0,0.0,0.0,C1CCCCC1,260.374,4.140200000000004,36.92,0.0,4.0,4.0,1.0,0.0,4.0,1.0,18.0,0.0,0.0,0.0,0.0,0.0,0.0,0.0,0.0,0.0,0.0,0.0,0.0,0.0,0.0,0.0,0.0,0.0,0.0,0.0,0.0,0.0,0.0,0.0,0.0,0.0,0.0,0.0,0.0,0.0,0.0,0.0,0.0,0.0,0.0,0.0,0.0,0.0,0.0,0.0,0.0,0.0,0.0,0.0,0.0,0.0,0.0,0.0,0.0,0.0,0.0,0.0,0.0,0.0,0.0,0.0,0.0,0.0,0.0,0.0,0.0,0.0,0.0,0.0,0.0,0.0,0.0,0.0,0.0,0.0,0.0,0.0,0.0,0.0,0.0,0.0,0.0,0.0,0.0,0.0,0.0,0.0,0.0,0.0,0.0,0.0,0.0,0.0,0.0,0.0,0.0,0.0,0.0,0.0,0.0,0.0,0.0,0.0,0.0,0.0,0.0,0.0,0.0,0.0,0.0,0.0,0.0,0.0,0.0,0.0,0.0,0.0,0.0,0.0,0.0,0.0,0.0,0.0,0.0,0.0,0.0,0.0,0.0,0.0,0.0,0.0,0.0,0.0,0.0,0.0,0.0,0.0,0.0,0.0,0.0,0.0,0.0,0.0,0.0,0.0,0.0,0.0,0.0,0.0,0.0,0.0,0.0,0.0,0.0,0.0,0.0,0.0,0.0,0.0,0.0,0.0,0.0,0.0,0.0,0.0,0.0,0.0,0.0,0.0,0.0,0.0,0.0,0.0,0.0,0.0,0.0,0.0,0.0,0.0,0.0,0.0,0.0,0.0,0.0,0.0,0.0,0.0,0.0,0.0,0.0,0.0,0.0,0.0,0.0,0.0,0.0,0.0,0.0,0.0,0.0,0.0,0.0,0.0,0.0,0.0,0.0,0.0,0.0,0.0,0.0,0.0,0.0,0.0,0.0,0.0,0.0,0.0,0.0,0.0,0.0,0.0,0.0,0.0,0.0,0.0,0.0,0.0,0.0,0.0,0.0,0.0,0.0,0.0,0.0,0.0,0.0,0.0,0.0,0.0,0.0,0.0,0.0,0.0,0.0,0.0,0.0,0.0,0.0,0.0,0.0,0.0,0.0,0.0,0.0,0.0,0.0,0.0,0.0,0.0,0.0,0.0,0.0,0.0,0.0,0.0,0.0,0.0,0.0,0,0,0,0,0,0,0,0,C1CCCCC1,murcko,train,0,0,1,0,1,0,0,0,0,0,0,0,1,0,0,0,0,0,0,0,0,1,0,0,0,0,0,0,0,0,0,0,0,1,0,0,1,0,0,0,0,0,0,0,0,0,0,0,0,0,0,0,0,0,0,0,0,0,0,0,0,0,0,0,0,0,0,1,0,0,0,0,0,0,0,0,0,0,0,0,0,0,0,1,0,0,0,0,1,0,0,0,0,0,0,0,1,0,0,0,0,0,1,0,0,0,0,0,0,0,0,0,0,0,1,0,0,0,0,0,0,0,0,0,0,0,0,0,0,0,0,0,0,0,0,0,1,0,1,0,0,0,0,0,0,0,0,0,0,0,0,0,0,0,0,0,0,0,1,0,0,0,0,0,0,0,0,0,0,0,0,1,0,0,0,0,0,0,0,0,0,0,0,1,0,0,0,0,0,0,0,0,0,0,0,0,0,0,0,1,0,0,0,0,0,0,0,0,0,0,0,0,0,0,0,0,0,0,0,0,0,0,0,0,0,0,0,0,0,0,0,0,0,0,0,0,0,0,0,0,0,0,0,0,0,0,0,0,0,0,0,0,0,0,0,0,0.23354076305408478,-0.22784965247040728,-0.042203412783903896,0.46139041552449206,0.23354076305408478,0.4386387853166541,-1.1983002154269244,5.583194444444445,0.3516471797052152,5.583194444444445,-0.7511805555555551,5.23154726473923,2.9674208120748298,2.615773632369615,0.19114803888708548,1.6831705478959798,5.7871111525705965,11.202101621967376,0.0,25.683286491704038,6.4208216229260096,0.0,41.54242319814374,0.0,19.550283813024446,0.0,0.0,110.79043891096035,110.18602790033623,13.863961030678931,12.668527067788192,8.121320343559644,6.856936695447607,15.89605381165919,5.865262026337006,6.137768118553218,108.0,0.0,0.23354076305408478,-0.22784965247040728,0.23354076305408478,0.22784965247040728,36.92,4.140200000000004,69.66200000000006,0.0,1.2000000000000002
5975,CCCn1c(=O)c(C)cn2nc(N)nc12,0,5975,CCCn1c(=O)c(C)cn2nc(N)nc12,5975,CCCn1c(=O)c(C)cn2nc(N)nc12,CCCn1c(=O)c(C)cn2nc(N)nc12,CCCn1c(=O)c(C)cn2nc(N)nc12,CCCn1c(=O)c(C)cn2nc(N)nc12,5975.0,1.0,0.0,0.0,0.0,0.0,0.0,0.0,O=c1ccn2ncnc2[nH]1,207.237,0.1916199999999998,78.21,1.0,6.0,2.0,2.0,2.0,6.0,0.4444444444444444,15.0,0.0,0.0,0.0,0.0,0.0,0.0,0.0,0.0,0.0,0.0,0.0,0.0,0.0,0.0,0.0,0.0,1.0,1.0,0.0,0.0,0.0,0.0,0.0,0.0,0.0,0.0,0.0,0.0,0.0,0.0,0.0,0.0,0.0,0.0,0.0,0.0,0.0,0.0,0.0,0.0,0.0,0.0,0.0,0.0,0.0,0.0,0.0,0.0,0.0,0.0,0.0,0.0,0.0,0.0,1.0,1.0,17.0,1.0,2.0,1.0,0.0,0.0,0.0,0.0,0.0,0.0,0.0,0.0,0.0,0.0,0.0,0.0,0.0,0.0,0.0,0.0,0.0,0.0,0.0,0.0,0.0,0.0,0.0,0.0,0.0,0.0,0.0,0.0,0.0,0.0,0.0,0.0,0.0,0.0,0.0,0.0,0.0,0.0,0.0,0.0,0.0,0.0,0.0,0.0,0.0,0.0,0.0,0.0,0.0,0.0,0.0,0.0,1.0,1.0,0.0,0.0,0.0,0.0,0.0,0.0,0.0,0.0,0.0,0.0,0.0,0.0,0.0,0.0,0.0,0.0,0.0,0.0,0.0,0.0,0.0,0.0,0.0,0.0,0.0,0.0,0.0,0.0,0.0,0.0,0.0,0.0,0.0,0.0,0.0,0.0,0.0,0.0,0.0,0.0,0.0,0.0,0.0,0.0,0.0,0.0,0.0,0.0,0.0,0.0,0.0,0.0,0.0,0.0,0.0,0.0,0.0,0.0,0.0,0.0,0.0,0.0,0.0,0.0,0.0,0.0,0.0,0.0,0.0,0.0,0.0,0.0,0.0,0.0,0.0,0.0,0.0,0.0,0.0,0.0,0.0,0.0,1.0,1.0,0.0,0.0,0.0,0.0,0.0,0.0,0.0,0.0,0.0,0.0,0.0,0.0,0.0,0.0,0.0,0.0,0.0,0.0,0.0,0.0,0.0,0.0,0.0,0.0,0.0,0.0,0.0,0.0,0.0,0.0,0.0,0.0,0.0,0.0,0.0,0.0,0.0,0.0,0.0,0.0,0.0,0.0,0.0,0.0,0.0,0.0,0.0,0.0,0.0,0.0,0.0,0.0,0.0,0.0,0.0,0.0,0.0,0.0,1.0,2.0,1.0,2.0,0.0,0.0,0,0,1,0,0,0,0,0,O=c1ccn2ncnc2[nH]1,murcko,train,0,0,0,1,0,1,0,0,0,0,0,0,0,0,0,0,0,0,0,0,0,0,0,0,0,0,1,0,0,0,0,0,0,1,1,0,0,1,1,0,0,0,0,0,0,0,0,0,0,0,0,0,1,0,0,0,0,1,1,0,0,0,0,1,0,0,0,0,0,0,0,0,0,0,0,0,0,0,0,0,1,1,0,0,0,0,0,0,0,0,0,0,0,0,0,0,0,0,0,0,1,0,0,0,1,1,0,1,0,0,0,1,0,1,0,0,0,0,0,0,0,1,1,0,0,0,0,1,0,0,0,0,0,0,0,0,0,0,1,0,0,0,0,0,0,0,0,1,0,0,0,0,0,1,0,0,0,0,0,0,0,0,0,0,1,0,0,1,0,0,0,1,0,0,0,0,0,1,0,0,0,0,0,0,0,0,1,0,0,0,0,0,0,0,0,0,0,0,0,1,0,0,0,0,0,0,0,0,1,0,0,0,0,0,0,0,0,0,0,0,0,0,0,0,0,0,0,0,0,0,0,0,0,0,0,0,0,0,0,0,0,0,0,0,0,0,0,0,1,0,0,0,0,0,0,0,0.25733120271131166,-0.36643685677983184,-0.04758411150270855,0.6237680594911434,0.36643685677983184,0.8378008344058394,-1.5515625069464674,11.82293745275888,0.030787037037036447,11.82293745275888,-0.030787037037036447,11.792150415721844,5.926862244897959,5.896075207860922,0.084802174730298,2.9789050200006773,0.0,11.507606176038502,17.885861621528765,6.4208216229260096,0.0,22.20307831271068,6.923737199690624,10.082660329248245,5.733667477162185,4.794537184071822,0.0,86.34811376719182,85.55196992337683,10.999635521070495,8.766016773216043,7.130228955335799,4.854648637871978,9.695393250009365,3.376799456767769,1.4730966580265912,80.0,0.0,0.25733120271131166,-0.36643685677983184,0.36643685677983184,0.25733120271131166,78.21,0.1916199999999998,56.68740000000001,1.1,0.5777777777777778
6062,CNC(=O)c1cc(Oc2ccc(N)cc2)ccn1,0,6062,CNC(=O)c1cc(Oc2ccc(N)cc2)ccn1,6062,CNC(=O)c1cc(Oc2ccc(N)cc2)ccn1,CNC(=O)c1cc(Oc2ccc(N)cc2)ccn1,CNC(=O)c1cc(Oc2ccc(N)cc2)ccn1,CNC(=O)c1cc(Oc2ccc(N)cc2)ccn1,6062.0,1.0,0.0,0.0,0.0,0.0,0.0,0.0,c1ccc(Oc2ccncc2)cc1,243.266,1.8157,77.24,2.0,4.0,3.0,2.0,2.0,5.0,0.0769230769230769,18.0,0.0,0.0,0.0,0.0,0.0,0.0,0.0,0.0,0.0,0.0,1.0,1.0,0.0,0.0,0.0,0.0,1.0,1.0,0.0,0.0,0.0,0.0,0.0,0.0,0.0,0.0,0.0,0.0,0.0,0.0,0.0,0.0,0.0,0.0,1.0,1.0,0.0,0.0,0.0,0.0,0.0,0.0,0.0,0.0,0.0,0.0,0.0,0.0,0.0,0.0,0.0,0.0,0.0,0.0,2.0,1.0,12.0,1.0,0.0,0.0,0.0,0.0,0.0,0.0,0.0,0.0,0.0,0.0,0.0,0.0,0.0,0.0,0.0,0.0,0.0,0.0,0.0,0.0,0.0,0.0,0.0,0.0,0.0,0.0,0.0,0.0,0.0,0.0,0.0,0.0,0.0,0.0,0.0,0.0,0.0,0.0,0.0,0.0,0.0,0.0,0.0,0.0,0.0,0.0,0.0,0.0,0.0,0.0,1.0,1.0,0.0,0.0,1.0,1.0,0.0,0.0,0.0,0.0,0.0,0.0,0.0,0.0,0.0,0.0,0.0,0.0,0.0,0.0,0.0,0.0,0.0,0.0,0.0,0.0,0.0,0.0,0.0,0.0,0.0,0.0,0.0,0.0,0.0,0.0,0.0,0.0,0.0,0.0,0.0,0.0,0.0,0.0,0.0,0.0,0.0,0.0,0.0,0.0,0.0,0.0,0.0,0.0,0.0,0.0,0.0,0.0,0.0,0.0,0.0,0.0,0.0,0.0,0.0,0.0,0.0,0.0,0.0,0.0,0.0,0.0,0.0,0.0,0.0,0.0,0.0,0.0,0.0,0.0,0.0,0.0,0.0,0.0,0.0,0.0,0.0,0.0,0.0,0.0,0.0,0.0,0.0,0.0,0.0,0.0,0.0,0.0,0.0,0.0,0.0,0.0,0.0,0.0,0.0,0.0,0.0,0.0,0.0,0.0,0.0,0.0,0.0,0.0,0.0,0.0,0.0,0.0,0.0,0.0,0.0,0.0,0.0,0.0,0.0,0.0,0.0,0.0,0.0,0.0,0.0,0.0,0.0,0.0,0.0,0.0,0.0,0.0,0.0,0.0,0.0,0.0,0.0,0.0,0.0,0.0,0.0,0.0,1.0,2.0,1.0,2.0,0.0,0.0,1,0,1,0,0,0,0,0,c1ccc(Oc2ccncc2)cc1,murcko,train,0,0,0,0,0,0,0,0,0,0,0,0,1,0,0,0,0,0,0,1,0,0,0,0,0,0,0,0,0,0,0,0,0,1,0,0,0,0,0,1,1,0,0,0,0,0,0,0,0,0,0,0,0,0,0,0,0,0,0,0,0,0,0,0,0,0,1,0,0,0,0,0,0,0,1,0,0,0,0,0,0,1,0,0,0,0,0,1,0,1,1,0,0,0,0,0,0,0,0,0,1,0,0,0,0,0,0,1,0,0,0,0,0,0,0,0,0,0,0,0,1,0,1,0,0,1,0,0,1,0,0,0,0,0,0,0,0,0,1,0,0,0,0,0,1,0,0,1,0,0,1,0,0,1,0,0,0,0,0,0,0,0,1,0,0,0,0,0,0,0,1,0,1,0,0,0,0,1,0,0,0,0,0,1,0,0,0,0,0,1,0,0,0,1,0,0,0,0,0,0,0,0,0,0,0,0,1,0,0,0,0,0,0,0,1,0,0,0,0,0,0,0,0,0,0,0,0,0,1,0,1,0,0,0,0,0,0,0,0,0,0,0,0,0,0,0,0,0,0,0,0,0,0,0,0,0,0.26925754813888403,-0.4572369076081494,-0.060794800129716914,0.7264944557470334,0.4572369076081494,0.7400832761640654,-1.8343896784989697,11.417047419671878,0.25207766439909274,11.417047419671878,-0.25207766439909274,11.164969755272786,5.834562542035485,5.582484877636393,0.08956584943078225,3.0490113993230294,0.0,5.907179729351506,22.88033793609983,0.0,6.196843571613076,43.44587439344685,0.0,10.30076712495354,10.470530430962235,4.794537184071822,0.0,104.60284974547213,103.99607037049887,12.957819157813608,9.882512329944692,8.685871848001627,5.403579199951439,11.911818187199936,5.179883897166062,2.7623061819479986,92.0,0.0,0.26925754813888403,-0.4572369076081494,0.4572369076081494,0.26925754813888403,77.24,1.8156999999999999,68.55560000000003,2.1,0.6307692307692309
4942,CCS(=O)c1c(C#N)nn(-c2c(Cl)cc(C(F)(F)F)cc2Cl)c1N,0,4942,CCS(=O)c1c(C#N)nn(-c2c(Cl)cc(C(F)(F)F)cc2Cl)c1N,4942,CCS(=O)c1c(C#N)nn(-c2c(Cl)cc(C(F)(F)F)cc2Cl)c1N,CCS(=O)c1c(C#N)nn(-c2c(Cl)cc(C(F)(F)F)cc2Cl)c1N,CCS(=O)c1c(C#N)nn(-c2c(Cl)cc(C(F)(F)F)cc2Cl)c1N,CC[S+]([O-])c1c(C#N)nn(-c2c(Cl)cc(C(F)(F)F)cc2Cl)c1N,4942.0,1.0,0.0,0.0,0.0,0.0,0.0,0.0,c1ccc(-n2cccn2)cc1,397.209,3.7792800000000017,84.7,1.0,5.0,3.0,2.0,2.0,11.0,0.2307692307692307,24.0,0.0,0.0,0.0,0.0,0.0,0.0,0.0,0.0,0.0,0.0,0.0,0.0,0.0,0.0,0.0,0.0,1.0,1.0,0.0,0.0,1.0,1.0,0.0,0.0,0.0,0.0,0.0,0.0,0.0,0.0,0.0,0.0,0.0,0.0,0.0,0.0,0.0,0.0,0.0,0.0,0.0,0.0,0.0,0.0,0.0,0.0,0.0,0.0,0.0,0.0,0.0,0.0,0.0,0.0,1.0,1.0,19.0,1.0,0.0,0.0,0.0,0.0,5.0,1.0,3.0,1.0,2.0,1.0,0.0,0.0,0.0,0.0,0.0,0.0,2.0,1.0,0.0,0.0,0.0,0.0,0.0,0.0,0.0,0.0,0.0,0.0,0.0,0.0,0.0,0.0,0.0,0.0,0.0,0.0,0.0,0.0,0.0,0.0,0.0,0.0,0.0,0.0,0.0,0.0,0.0,0.0,0.0,0.0,0.0,0.0,0.0,0.0,1.0,1.0,0.0,0.0,0.0,0.0,0.0,0.0,0.0,0.0,0.0,0.0,0.0,0.0,0.0,0.0,0.0,0.0,0.0,0.0,0.0,0.0,0.0,0.0,0.0,0.0,0.0,0.0,3.0,1.0,0.0,0.0,0.0,0.0,0.0,0.0,0.0,0.0,0.0,0.0,0.0,0.0,0.0,0.0,0.0,0.0,0.0,0.0,0.0,0.0,0.0,0.0,0.0,0.0,0.0,0.0,0.0,0.0,0.0,0.0,0.0,0.0,0.0,0.0,0.0,0.0,0.0,0.0,0.0,0.0,0.0,0.0,0.0,0.0,0.0,0.0,0.0,0.0,0.0,0.0,0.0,0.0,0.0,0.0,0.0,0.0,0.0,0.0,0.0,0.0,0.0,0.0,2.0,1.0,0.0,0.0,0.0,0.0,0.0,0.0,0.0,0.0,0.0,0.0,0.0,0.0,0.0,0.0,0.0,0.0,0.0,0.0,0.0,0.0,0.0,0.0,0.0,0.0,0.0,0.0,0.0,0.0,0.0,0.0,0.0,0.0,0.0,0.0,0.0,0.0,0.0,0.0,0.0,0.0,0.0,0.0,0.0,0.0,0.0,0.0,0.0,0.0,0.0,0.0,1.0,3.0,1.0,2.0,1.0,1.0,0,0,1,0,0,0,0,0,c1ccc(-n2cccn2)cc1,murcko,train,0,0,0,0,0,0,0,0,0,0,1,0,0,0,0,0,0,0,0,0,0,0,1,1,0,0,0,0,0,0,0,0,0,1,0,0,0,0,1,0,0,1,0,0,0,0,0,0,0,1,0,0,0,0,1,0,0,0,0,0,1,0,0,0,0,0,0,0,0,0,0,0,0,0,0,0,0,0,0,1,1,1,0,0,0,0,0,0,0,0,0,0,0,0,0,0,0,0,1,0,1,0,0,0,1,0,0,1,0,0,1,0,1,1,1,0,0,0,0,0,0,0,1,1,0,0,0,0,0,0,0,0,0,0,1,0,1,1,1,0,1,0,0,0,0,0,1,1,0,0,0,0,0,0,0,0,0,0,0,0,0,0,1,0,1,0,0,1,0,0,0,1,0,1,0,1,0,1,0,0,0,1,0,0,0,0,0,0,0,1,0,0,0,0,0,0,0,1,0,0,0,0,0,1,0,0,0,0,0,0,0,0,0,0,0,0,0,0,0,0,0,0,0,0,0,0,0,0,0,0,0,0,1,0,0,0,1,1,0,0,0,1,0,0,0,0,0,0,0,0,0,0,0,0,0,0,0.41601681163736703,-0.38253259821287133,-0.024923317308730947,0.7985494098502384,0.41601681163736703,1.3683439364788912,-1.9665035518884337,12.788096149948602,0.007378472222222099,12.788096149948602,-4.630800336308468,12.780717677726381,6.397737311085412,6.3903588388631904,0.07824286751461162,3.202562151340456,22.539319052044778,37.89278075711427,12.13273413692322,4.681802935145185,0.0,12.992958512482897,0.0,5.098681808301038,34.197438812365704,17.38014363518893,0.0,146.76536248470768,146.91585964956602,18.231686328639373,11.987117321229162,11.11160943077065,6.349286774177008,18.576828010344798,6.62520240340336,3.2196305922020647,128.0,0.0,0.41601681163736703,-0.38253259821287133,0.41601681163736703,0.38253259821287133,84.7,3.7792800000000017,84.66280000000002,1.1,0.6923076923076924
9338,OCCN(CCO)C(CO)(CO)CO,0,9338,OCCN(CCO)C(CO)(CO)CO,9338,OCCN(CCO)C(CO)(CO)CO,OCCN(CCO)C(CO)(CO)CO,OCCN(CCO)C(CO)(CO)CO,OCCN(CCO)C(CO)(CO)CO,9338.0,1.0,0.0,0.0,0.0,0.0,0.0,0.0,,209.242,-3.011299999999998,104.39,5.0,6.0,8.0,0.0,0.0,6.0,1.0,14.0,0.0,0.0,0.0,0.0,0.0,0.0,1.0,1.0,0.0,0.0,0.0,0.0,0.0,0.0,0.0,0.0,0.0,0.0,0.0,0.0,0.0,0.0,0.0,0.0,0.0,0.0,0.0,0.0,0.0,0.0,5.0,1.0,0.0,0.0,0.0,0.0,0.0,0.0,0.0,0.0,0.0,0.0,0.0,0.0,0.0,0.0,0.0,0.0,0.0,0.0,0.0,0.0,0.0,0.0,0.0,0.0,0.0,0.0,0.0,0.0,0.0,0.0,0.0,0.0,0.0,0.0,0.0,0.0,0.0,0.0,0.0,0.0,0.0,0.0,0.0,0.0,0.0,0.0,0.0,0.0,0.0,0.0,0.0,0.0,0.0,0.0,0.0,0.0,0.0,0.0,0.0,0.0,0.0,0.0,0.0,0.0,0.0,0.0,0.0,0.0,0.0,0.0,0.0,0.0,0.0,0.0,0.0,0.0,0.0,0.0,0.0,0.0,0.0,0.0,0.0,0.0,0.0,0.0,0.0,0.0,0.0,0.0,0.0,0.0,0.0,0.0,0.0,0.0,0.0,0.0,0.0,0.0,0.0,0.0,0.0,0.0,0.0,0.0,0.0,0.0,0.0,0.0,0.0,0.0,0.0,0.0,0.0,0.0,0.0,0.0,0.0,0.0,0.0,0.0,0.0,0.0,0.0,0.0,0.0,0.0,0.0,0.0,0.0,0.0,0.0,0.0,0.0,0.0,0.0,0.0,0.0,0.0,0.0,0.0,0.0,0.0,0.0,0.0,0.0,0.0,0.0,0.0,0.0,0.0,0.0,0.0,0.0,0.0,0.0,0.0,0.0,0.0,0.0,0.0,0.0,0.0,0.0,0.0,0.0,0.0,0.0,0.0,0.0,0.0,0.0,0.0,0.0,0.0,0.0,0.0,0.0,0.0,0.0,0.0,0.0,0.0,0.0,0.0,0.0,0.0,0.0,0.0,0.0,0.0,0.0,0.0,0.0,0.0,0.0,0.0,0.0,0.0,0.0,0.0,0.0,0.0,0.0,0.0,0.0,0.0,0.0,0.0,0.0,0.0,0.0,0.0,0.0,0.0,0.0,0.0,0.0,0.0,0.0,0.0,0.0,0.0,0.0,0.0,0.0,0.0,0.0,0.0,0,0,0,0,0,0,0,1,ACY_****(***)*(**)(**)**,acyclic_anonymous_graph,train,0,0,0,0,0,0,0,0,0,0,0,0,0,0,0,0,0,0,0,0,0,0,0,0,0,0,0,0,1,0,0,0,0,0,0,0,0,0,0,1,0,0,0,0,1,0,0,0,0,0,0,0,0,0,0,0,0,0,0,0,0,0,0,0,0,0,0,0,0,0,0,0,0,0,0,0,0,0,0,0,1,0,0,0,0,0,0,0,0,0,0,0,0,0,0,0,0,0,0,0,0,0,0,0,0,0,0,0,0,0,0,0,1,1,1,1,0,0,0,0,0,0,0,0,0,0,0,0,0,0,0,0,0,0,0,0,0,0,0,0,0,0,0,0,0,0,0,0,0,0,0,0,0,0,0,0,0,0,0,1,0,0,0,0,0,0,0,0,0,0,0,1,0,0,0,0,0,0,0,0,0,0,0,0,0,0,0,0,0,0,0,0,0,0,0,0,0,0,0,0,0,0,0,0,0,0,0,0,0,0,1,0,0,0,0,0,0,1,1,0,0,0,1,0,0,0,0,0,0,0,0,0,0,0,0,1,0,0,0,0,0,0,0,0,0,0,0,0,0,0,0,0,0,0,0,0,0.09075511073795485,-0.3950441288973376,-0.129613339631768,0.4857992396352924,0.3950441288973376,0.44515264232995155,-2.2597393971747035,9.075277777777778,0.16493055555555558,9.075277777777778,-1.1751388888888887,8.910347222222223,4.620104166666667,4.455173611111111,0.11222907200586085,2.3955702262214653,25.3595711459221,26.303276740850986,0.0,0.0,4.899909730850478,0.0,0.0,0.0,25.532636974203527,0.0,0.0,83.02484825978924,82.09539459182709,11.02709773749546,8.133029041305582,6.7013657932351,4.497861331647666,13.76,7.104816923909403,3.1592003296691056,86.0,0.0,0.09075511073795485,-0.3950441288973376,0.3950441288973376,0.09075511073795485,104.39000000000001,-3.011299999999998,49.73300000000003,0.0,2.0
1936,CN(C)C(=O)Nc1ccccc1,0,1936,CN(C)C(=O)Nc1ccccc1,1936,CN(C)C(=O)Nc1ccccc1,CN(C)C(=O)Nc1ccccc1,CN(C)C(=O)Nc1ccccc1,CN(C)C(=O)Nc1ccccc1,1936.0,1.0,0.0,0.0,0.0,0.0,0.0,0.0,c1ccccc1,164.208,1.7801,32.34,1.0,1.0,1.0,1.0,1.0,3.0,0.2222222222222222,12.0,0.0,0.0,0.0,0.0,0.0,0.0,0.0,0.0,0.0,0.0,0.0,0.0,1.0,1.0,0.0,0.0,1.0,1.0,0.0,0.0,0.0,0.0,0.0,0.0,0.0,0.0,0.0,0.0,0.0,0.0,0.0,0.0,0.0,0.0,0.0,0.0,0.0,0.0,0.0,0.0,0.0,0.0,0.0,0.0,0.0,0.0,0.0,0.0,0.0,0.0,0.0,0.0,0.0,0.0,1.0,1.0,6.0,1.0,0.0,0.0,0.0,0.0,0.0,0.0,0.0,0.0,0.0,0.0,0.0,0.0,0.0,0.0,0.0,0.0,0.0,0.0,0.0,0.0,0.0,0.0,0.0,0.0,0.0,0.0,0.0,0.0,0.0,0.0,0.0,0.0,0.0,0.0,0.0,0.0,0.0,0.0,0.0,0.0,0.0,0.0,0.0,0.0,0.0,0.0,0.0,0.0,0.0,0.0,0.0,0.0,0.0,0.0,0.0,0.0,0.0,0.0,0.0,0.0,0.0,0.0,0.0,0.0,0.0,0.0,1.0,1.0,0.0,0.0,0.0,0.0,0.0,0.0,0.0,0.0,0.0,0.0,0.0,0.0,0.0,0.0,0.0,0.0,0.0,0.0,0.0,0.0,0.0,0.0,0.0,0.0,0.0,0.0,0.0,0.0,0.0,0.0,0.0,0.0,0.0,0.0,0.0,0.0,0.0,0.0,0.0,0.0,0.0,0.0,0.0,0.0,0.0,0.0,0.0,0.0,0.0,0.0,0.0,0.0,0.0,0.0,0.0,0.0,0.0,0.0,0.0,0.0,0.0,0.0,0.0,0.0,0.0,0.0,0.0,0.0,0.0,0.0,0.0,0.0,0.0,0.0,0.0,0.0,0.0,0.0,0.0,0.0,0.0,0.0,0.0,0.0,0.0,0.0,0.0,0.0,0.0,0.0,0.0,0.0,0.0,0.0,0.0,0.0,0.0,0.0,0.0,0.0,0.0,0.0,0.0,0.0,0.0,0.0,0.0,0.0,0.0,0.0,0.0,0.0,0.0,0.0,0.0,0.0,0.0,0.0,0.0,0.0,0.0,0.0,0.0,0.0,0.0,0.0,0.0,0.0,0.0,0.0,1.0,1.0,1.0,1.0,0.0,0.0,0,0,1,0,0,0,0,0,c1ccccc1,murcko,train,0,0,0,0,0,0,0,0,0,0,0,0,0,0,0,0,0,0,0,0,0,0,0,0,1,0,0,0,0,0,1,0,0,1,0,0,0,0,0,1,0,0,0,0,0,0,0,0,0,0,0,0,0,1,0,0,0,0,0,0,0,0,0,0,1,0,0,0,0,0,0,0,0,0,0,0,0,0,0,0,0,1,0,0,0,0,0,0,0,0,0,0,0,0,0,0,0,0,0,0,1,0,0,0,0,1,0,0,0,0,0,0,0,1,0,0,0,1,0,0,0,0,0,0,0,1,0,0,1,0,0,0,0,1,0,0,0,0,1,1,0,0,0,0,0,0,0,1,0,0,0,0,0,0,0,0,0,0,0,0,0,0,0,0,0,0,0,0,0,0,0,0,0,0,0,1,0,0,0,0,0,0,0,0,0,0,0,0,0,0,0,1,0,1,0,0,0,0,0,0,0,0,0,0,0,0,0,0,0,0,0,0,0,0,1,0,0,0,0,0,0,0,0,0,0,0,0,0,0,0,0,0,0,0,0,0,0,0,0,0,0,0,0,0,0,0,0,0,0,0,0,0,0,0,0,0,0.32081663759537876,-0.3306530434771435,-0.06349078462812494,0.6514696810725222,0.3306530434771435,0.38438386226433957,-1.1462732778018387,11.12704081632653,0.10999999999999988,11.12704081632653,-0.10999999999999988,11.017040816326531,5.618520408163265,5.508520408163266,0.09076847555271518,2.86535850263582,0.0,6.031114512338072,0.0,5.687386274683562,4.899909730850478,14.09534396535438,30.33183534230805,5.316788604006331,0.0,4.794537184071822,0.0,71.99744741654196,71.1569156136127,8.974691494688164,7.242213231911952,5.698377302757663,3.7328417365047866,8.585328884652048,3.7588733548338538,2.268477910803053,64.0,0.0,0.32081663759537876,-0.3306530434771435,0.3306530434771435,0.32081663759537876,32.34,1.7801,49.14770000000003,0.8999999999999999,0.2888888888888889
11470,CC(=CC#N)CCc1ccccc1,1,11470,CC(=CC#N)CCc1ccccc1,11470,CC(=CC#N)CCc1ccccc1,CC(=CC#N)CCc1ccccc1,CC(=CC#N)CCc1ccccc1,CC(=CC#N)CCc1ccccc1,11470.0,1.0,0.0,0.0,0.0,0.0,0.0,0.0,c1ccccc1,171.24300000000002,3.089080000000002,23.79,0.0,1.0,3.0,1.0,1.0,1.0,0.25,13.0,0.0,0.0,0.0,0.0,0.0,0.0,0.0,0.0,0.0,0.0,0.0,0.0,0.0,0.0,0.0,0.0,0.0,0.0,0.0,0.0,1.0,1.0,0.0,0.0,0.0,0.0,0.0,0.0,0.0,0.0,0.0,0.0,0.0,0.0,0.0,0.0,0.0,0.0,0.0,0.0,0.0,0.0,0.0,0.0,0.0,0.0,0.0,0.0,0.0,0.0,1.0,1.0,0.0,0.0,1.0,1.0,6.0,1.0,0.0,0.0,0.0,0.0,0.0,0.0,0.0,0.0,0.0,0.0,0.0,0.0,0.0,0.0,0.0,0.0,0.0,0.0,0.0,0.0,0.0,0.0,0.0,0.0,0.0,0.0,0.0,0.0,0.0,0.0,0.0,0.0,0.0,0.0,0.0,0.0,0.0,0.0,0.0,0.0,0.0,0.0,0.0,0.0,0.0,0.0,0.0,0.0,0.0,0.0,0.0,0.0,0.0,0.0,0.0,0.0,0.0,0.0,0.0,0.0,0.0,0.0,0.0,0.0,0.0,0.0,0.0,0.0,0.0,0.0,0.0,0.0,0.0,0.0,0.0,0.0,0.0,0.0,0.0,0.0,0.0,0.0,0.0,0.0,0.0,0.0,0.0,0.0,0.0,0.0,0.0,0.0,0.0,0.0,0.0,0.0,0.0,0.0,0.0,0.0,0.0,0.0,0.0,0.0,0.0,0.0,0.0,0.0,0.0,0.0,0.0,0.0,0.0,0.0,0.0,0.0,0.0,0.0,0.0,0.0,0.0,0.0,0.0,0.0,0.0,0.0,0.0,0.0,0.0,0.0,0.0,0.0,0.0,0.0,0.0,0.0,0.0,0.0,0.0,0.0,0.0,0.0,0.0,0.0,0.0,0.0,0.0,0.0,0.0,0.0,0.0,0.0,0.0,0.0,0.0,0.0,0.0,0.0,0.0,0.0,0.0,0.0,0.0,0.0,0.0,0.0,0.0,0.0,0.0,0.0,0.0,0.0,0.0,0.0,0.0,0.0,0.0,0.0,0.0,0.0,0.0,0.0,0.0,0.0,0.0,0.0,0.0,0.0,0.0,0.0,0.0,0.0,0.0,0.0,0.0,0.0,0.0,0.0,0.0,0.0,0.0,0.0,0.0,0.0,0,0,0,0,0,0,0,0,c1ccccc1,murcko,train,0,0,0,0,0,0,0,0,0,0,0,0,0,0,0,0,0,0,0,0,0,1,1,0,0,0,0,0,1,0,0,0,0,1,0,0,0,0,0,1,0,0,1,0,0,0,0,0,0,0,0,0,0,0,1,0,0,0,0,0,0,0,0,0,1,0,1,0,0,0,0,0,0,0,0,1,0,0,0,0,1,1,0,0,0,0,0,0,0,0,0,0,0,0,0,0,1,0,0,0,1,0,0,0,1,0,1,0,0,0,0,0,0,0,0,0,0,0,0,0,0,0,0,0,0,0,0,0,1,0,0,0,0,1,0,0,0,0,0,0,0,0,0,0,0,0,0,0,0,0,0,0,0,0,0,0,0,1,0,0,0,0,1,0,0,0,0,0,0,0,0,0,0,0,0,1,0,0,1,0,0,0,1,0,0,0,0,0,0,0,0,0,0,0,0,0,0,0,0,0,0,0,0,0,0,0,0,0,0,0,0,0,0,0,1,0,0,0,1,1,0,0,0,0,0,0,0,0,0,0,0,0,0,0,0,0,0,0,0,0,0,0,0,0,0,0,0,0,0,1,0,0,0,0,0,0,0.09109480486733341,-0.19310049788428185,-0.045860265929141136,0.28419530275161525,0.19310049788428185,0.1057199650433309,-0.7019034221221656,8.407478584026203,0.9698148148148147,8.407478584026203,0.9698148148148147,7.4376637692113885,4.6886466994205085,3.7188318846056942,0.1344508209875733,2.9556872364933104,0.0,0.0,0.0,18.414747775921285,5.563451491696996,6.076020106833881,31.192059717867725,12.13273413692322,5.261891554738487,0.0,0.0,79.32403245516109,78.64090478398161,9.518661569058182,7.825528773010809,6.325698502695489,4.4187474506491125,9.537336244541484,5.15864139522671,3.573501873780246,66.0,0.0,0.09109480486733341,-0.19310049788428185,0.19310049788428185,0.09109480486733341,23.79,3.089080000000002,54.13300000000003,0.0,0.7000000000000001
2945,CCCCN(C)C(=NC1CCCCC1)NC1CCCCC1,1,2945,CCCCN(C)C(=NC1CCCCC1)NC1CCCCC1,2945,CCCCN(C)C(=NC1CCCCC1)NC1CCCCC1,CCCCN(C)C(=NC1CCCCC1)NC1CCCCC1,CCCCN(C)C(=NC1CCCCC1)NC1CCCCC1,CCCCN(C)C(=NC1CCCCC1)NC1CCCCC1,2945.0,1.0,0.0,0.0,0.0,0.0,0.0,0.0,C(=NC1CCCCC1)NC1CCCCC1,293.499,4.329300000000004,27.63,1.0,1.0,5.0,2.0,0.0,3.0,0.9444444444444444,21.0,0.0,0.0,0.0,0.0,0.0,0.0,0.0,0.0,0.0,0.0,0.0,0.0,0.0,0.0,0.0,0.0,0.0,0.0,0.0,0.0,0.0,0.0,0.0,0.0,0.0,0.0,1.0,1.0,1.0,1.0,0.0,0.0,0.0,0.0,0.0,0.0,0.0,0.0,0.0,0.0,0.0,0.0,0.0,0.0,0.0,0.0,0.0,0.0,0.0,0.0,0.0,0.0,0.0,0.0,0.0,0.0,0.0,0.0,0.0,0.0,0.0,0.0,0.0,0.0,0.0,0.0,0.0,0.0,0.0,0.0,0.0,0.0,0.0,0.0,0.0,0.0,0.0,0.0,0.0,0.0,0.0,0.0,0.0,0.0,0.0,0.0,0.0,0.0,0.0,0.0,0.0,0.0,0.0,0.0,0.0,0.0,0.0,0.0,0.0,0.0,0.0,0.0,0.0,0.0,0.0,0.0,0.0,0.0,0.0,0.0,0.0,0.0,0.0,0.0,0.0,0.0,0.0,0.0,0.0,0.0,0.0,0.0,0.0,0.0,0.0,0.0,0.0,0.0,0.0,0.0,0.0,0.0,0.0,0.0,0.0,0.0,0.0,0.0,0.0,0.0,0.0,0.0,0.0,0.0,0.0,0.0,0.0,0.0,0.0,0.0,0.0,0.0,0.0,0.0,0.0,0.0,0.0,0.0,0.0,0.0,0.0,0.0,0.0,0.0,0.0,0.0,0.0,0.0,0.0,0.0,0.0,0.0,0.0,0.0,0.0,0.0,0.0,0.0,0.0,0.0,0.0,0.0,0.0,0.0,0.0,0.0,0.0,0.0,0.0,0.0,0.0,0.0,0.0,0.0,0.0,0.0,0.0,0.0,0.0,0.0,0.0,0.0,0.0,0.0,0.0,0.0,0.0,0.0,0.0,0.0,0.0,0.0,0.0,0.0,0.0,0.0,0.0,0.0,0.0,0.0,0.0,0.0,0.0,0.0,0.0,0.0,0.0,0.0,0.0,0.0,0.0,0.0,0.0,0.0,0.0,0.0,0.0,0.0,0.0,0.0,0.0,0.0,0.0,0.0,0.0,0.0,0.0,0.0,0.0,0.0,0.0,0.0,0.0,0.0,0.0,0.0,0.0,0.0,0.0,0.0,0.0,0.0,0,0,0,0,0,0,0,0,C(=NC1CCCCC1)NC1CCCCC1,murcko,train,0,0,1,0,1,0,0,0,0,0,0,0,0,0,0,0,0,0,0,0,0,0,1,0,0,0,1,1,0,0,0,0,0,1,0,0,0,0,1,1,0,0,0,0,0,1,0,0,0,0,0,1,0,0,0,0,0,0,0,0,0,0,0,0,0,0,0,0,0,0,0,0,0,0,0,0,0,0,1,1,1,0,0,0,0,0,0,0,0,1,0,0,1,0,0,0,0,0,1,0,0,0,0,0,0,0,0,0,0,0,0,0,0,1,0,0,1,0,0,1,0,0,1,0,0,0,0,0,1,0,0,1,0,0,0,0,0,0,0,1,0,0,1,1,0,0,0,0,0,0,0,0,0,0,0,0,0,0,1,1,0,0,0,0,0,0,0,0,0,0,0,0,1,0,0,0,0,0,0,0,0,0,0,0,0,0,0,0,0,0,0,0,0,0,0,0,0,0,0,0,0,0,0,0,0,0,0,1,0,0,0,0,0,1,0,0,0,0,0,0,0,0,0,0,0,0,0,0,0,0,0,0,0,0,0,0,0,0,0,0,0,0,0,0,0,0,0,0,0,0,1,1,0,0,0,0,0.19365586759980066,-0.35350657684388037,-0.058910243116241545,0.547162444443681,0.35350657684388037,0.30584534027482096,-1.542960445715893,5.113937074829932,0.5638121220710506,5.113937074829932,0.5638121220710506,4.550124952758882,2.8388745984504915,2.275062476379441,0.21977418430974494,1.7712060810200148,0.0,0.0,12.083681658295921,6.544756405912575,83.00941404385597,0.0,0.0,24.188107517224623,4.992404732635669,0.0,0.0,131.136623005185,130.81836435792474,14.916002794556722,14.24151588480429,10.292024997884274,9.347628924400727,16.63727511527633,9.32048826068894,5.877743465033033,122.0,0.0,0.19365586759980066,-0.35350657684388037,0.35350657684388037,0.19365586759980066,27.63,4.3293000000000035,91.85470000000008,0.0,1.3777777777777778
5954,Cc1ccccc1OP(=S)(S)Oc1ccccc1C,0,5954,Cc1ccccc1OP(=S)(S)Oc1ccccc1C,5954,Cc1ccccc1OP(=S)(S)Oc1ccccc1C,Cc1ccccc1OP(=S)(S)Oc1ccccc1C,Cc1ccccc1OP(=S)(S)Oc1ccccc1C,Cc1ccccc1OP(=S)(S)Oc1ccccc1C,5954.0,1.0,0.0,0.0,0.0,0.0,0.0,0.0,S=[PH](Oc1ccccc1)Oc1ccccc1,310.38000000000005,4.915540000000004,18.46,1.0,3.0,4.0,2.0,2.0,5.0,0.1428571428571428,19.0,0.0,0.0,0.0,0.0,0.0,0.0,0.0,0.0,0.0,0.0,0.0,0.0,0.0,0.0,0.0,0.0,0.0,0.0,0.0,0.0,0.0,0.0,0.0,0.0,0.0,0.0,0.0,0.0,0.0,0.0,0.0,0.0,0.0,0.0,0.0,0.0,0.0,0.0,0.0,0.0,0.0,0.0,0.0,0.0,0.0,0.0,0.0,0.0,0.0,0.0,0.0,0.0,0.0,0.0,2.0,1.0,12.0,1.0,0.0,0.0,0.0,0.0,0.0,0.0,0.0,0.0,0.0,0.0,0.0,0.0,0.0,0.0,0.0,0.0,0.0,0.0,0.0,0.0,0.0,0.0,0.0,0.0,1.0,1.0,0.0,0.0,0.0,0.0,0.0,0.0,0.0,0.0,0.0,0.0,0.0,0.0,0.0,0.0,0.0,0.0,0.0,0.0,0.0,0.0,0.0,0.0,0.0,0.0,0.0,0.0,0.0,0.0,0.0,0.0,0.0,0.0,0.0,0.0,0.0,0.0,0.0,0.0,0.0,0.0,0.0,0.0,0.0,0.0,0.0,0.0,0.0,0.0,0.0,0.0,0.0,0.0,0.0,0.0,0.0,0.0,0.0,0.0,0.0,0.0,0.0,0.0,0.0,0.0,0.0,0.0,0.0,0.0,0.0,0.0,0.0,0.0,0.0,0.0,0.0,0.0,0.0,0.0,0.0,0.0,0.0,0.0,0.0,0.0,0.0,0.0,0.0,0.0,0.0,0.0,0.0,0.0,0.0,0.0,0.0,0.0,0.0,0.0,0.0,0.0,0.0,0.0,0.0,0.0,0.0,0.0,0.0,0.0,0.0,0.0,0.0,0.0,0.0,0.0,0.0,0.0,0.0,0.0,0.0,0.0,0.0,0.0,0.0,0.0,0.0,0.0,0.0,0.0,0.0,0.0,0.0,0.0,0.0,0.0,0.0,0.0,0.0,0.0,0.0,0.0,0.0,0.0,0.0,0.0,0.0,0.0,0.0,0.0,0.0,0.0,0.0,0.0,0.0,0.0,0.0,0.0,0.0,0.0,0.0,0.0,0.0,0.0,0.0,0.0,0.0,0.0,0.0,0.0,0.0,0.0,0.0,0.0,0.0,0.0,0.0,0.0,0.0,0.0,0,0,0,0,0,0,0,0,S=[PH](Oc1ccccc1)Oc1ccccc1,murcko,train,0,0,0,0,0,0,0,0,0,0,0,0,0,0,0,0,0,0,0,0,0,0,0,0,1,0,0,0,0,0,0,0,0,1,0,1,0,0,0,0,0,0,0,0,0,0,0,0,0,0,0,0,0,0,0,0,0,0,0,0,0,0,0,0,1,0,0,0,0,1,0,0,0,0,0,0,0,0,0,0,0,1,0,0,0,0,0,0,0,0,0,0,0,0,0,0,0,1,0,0,1,0,0,0,0,0,0,0,0,0,0,1,0,0,0,0,0,0,0,0,0,0,0,0,0,0,0,1,0,0,1,0,0,0,0,0,0,0,0,0,0,0,0,0,0,0,0,0,0,0,0,0,1,0,0,0,0,0,0,0,0,0,0,0,0,0,0,0,0,0,0,0,0,0,0,1,0,0,1,0,1,0,0,1,0,0,1,0,0,0,0,0,1,1,0,0,0,0,0,0,0,0,0,0,0,0,0,1,0,0,0,0,0,0,1,0,0,0,0,0,0,0,0,0,0,0,0,1,0,1,0,0,0,0,0,0,0,0,0,0,0,0,0,0,0,0,0,0,0,0,0,0,0,0,0,0,0.34502354080921177,-0.4280006830341596,-0.041613205756897434,0.7730242238433713,0.4280006830341596,0.6072965264900436,-1.3979474358710948,5.759439405391786,0.7170532564877803,5.759439405391786,-2.6624382716049384,5.042386148904006,3.2382463309397833,2.521193074452003,0.19831880591242623,2.0796184564572107,5.693537600778055,0.0,0.0,22.6259266499618,0.0,0.0,62.37841094707413,12.248628994735036,20.85435041206228,0.0,0.0,123.64238114497395,123.8008546046113,13.880468888623982,10.737974215908514,8.977963729015645,5.810671386348282,14.449134241932065,5.996045831728581,4.00056966733978,100.0,0.0,0.34502354080921177,-0.4280006830341596,0.4280006830341596,0.34502354080921177,18.46,4.915540000000004,86.88500000000003,0.0,0.8571428571428572
8320,Cc1ccc(N2C(=O)C=CC2=O)cc1N1C(=O)C=CC1=O,0,8320,Cc1ccc(N2C(=O)C=CC2=O)cc1N1C(=O)C=CC1=O,8320,Cc1ccc(N2C(=O)C=CC2=O)cc1N1C(=O)C=CC1=O,Cc1ccc(N2C(=O)C=CC2=O)cc1N1C(=O)C=CC1=O,Cc1ccc(N2C(=O)C=CC2=O)cc1N1C(=O)C=CC1=O,Cc1ccc(N2C(=O)C=CC2=O)cc1N1C(=O)C=CC1=O,8320.0,1.0,0.0,0.0,0.0,0.0,0.0,0.0,O=C1C=CC(=O)N1c1cccc(N2C(=O)C=CC2=O)c1,282.25500000000005,0.8538199999999998,74.76,0.0,4.0,2.0,3.0,1.0,6.0,0.0666666666666666,21.0,0.0,0.0,0.0,0.0,0.0,0.0,0.0,0.0,0.0,0.0,4.0,1.0,0.0,0.0,0.0,0.0,2.0,1.0,0.0,0.0,0.0,0.0,0.0,0.0,0.0,0.0,0.0,0.0,0.0,0.0,0.0,0.0,0.0,0.0,0.0,0.0,0.0,0.0,0.0,0.0,0.0,0.0,0.0,0.0,0.0,0.0,0.0,0.0,0.0,0.0,2.0,1.0,0.0,0.0,1.0,1.0,6.0,1.0,0.0,0.0,0.0,0.0,0.0,0.0,0.0,0.0,0.0,0.0,0.0,0.0,0.0,0.0,0.0,0.0,0.0,0.0,0.0,0.0,0.0,0.0,0.0,0.0,0.0,0.0,0.0,0.0,0.0,0.0,0.0,0.0,0.0,0.0,0.0,0.0,0.0,0.0,0.0,0.0,0.0,0.0,0.0,0.0,0.0,0.0,0.0,0.0,0.0,0.0,0.0,0.0,0.0,0.0,0.0,0.0,0.0,0.0,0.0,0.0,0.0,0.0,0.0,0.0,0.0,0.0,0.0,0.0,0.0,0.0,0.0,0.0,0.0,0.0,0.0,0.0,0.0,0.0,0.0,0.0,0.0,0.0,0.0,0.0,0.0,0.0,0.0,0.0,0.0,0.0,0.0,0.0,0.0,0.0,0.0,0.0,0.0,0.0,0.0,0.0,0.0,0.0,0.0,0.0,0.0,0.0,0.0,0.0,0.0,0.0,4.0,1.0,0.0,0.0,0.0,0.0,0.0,0.0,0.0,0.0,0.0,0.0,0.0,0.0,0.0,0.0,0.0,0.0,0.0,0.0,0.0,0.0,0.0,0.0,0.0,0.0,0.0,0.0,0.0,0.0,0.0,0.0,0.0,0.0,0.0,0.0,0.0,0.0,0.0,0.0,0.0,0.0,0.0,0.0,0.0,0.0,0.0,0.0,0.0,0.0,0.0,0.0,0.0,0.0,0.0,0.0,0.0,0.0,0.0,0.0,0.0,0.0,0.0,0.0,0.0,0.0,0.0,0.0,0.0,0.0,0.0,0.0,0.0,0.0,0.0,0.0,0.0,0.0,0.0,0.0,0.0,0.0,2.0,1.0,0.0,0.0,0.0,0.0,1.0,2.0,1.0,1.0,1.0,1.0,0,0,1,0,1,0,0,0,O=C1C=CC(=O)N1c1cccc(N2C(=O)C=CC2=O)c1,murcko,train,0,0,0,0,0,0,0,0,0,1,0,0,0,0,0,1,0,0,0,1,0,0,0,0,0,0,0,0,0,0,0,0,0,1,0,1,0,0,0,0,0,0,0,0,0,0,0,0,0,0,0,0,0,0,0,0,0,0,1,0,0,0,0,0,0,1,0,0,0,0,0,0,0,0,0,0,0,0,0,0,0,1,0,0,0,0,0,1,0,0,0,0,0,0,0,0,0,0,0,0,1,0,0,0,1,0,0,1,0,0,0,1,0,0,0,0,0,0,0,0,0,0,0,0,0,0,0,0,0,0,0,0,0,0,0,0,0,0,1,0,0,0,0,0,0,0,0,0,0,0,1,0,0,0,0,1,0,0,0,0,0,0,0,1,0,0,0,1,0,0,0,0,0,0,0,0,0,0,0,0,0,0,0,0,0,0,1,0,0,0,0,0,0,0,0,0,0,0,0,0,0,0,0,0,0,0,0,0,0,0,0,0,0,0,1,0,0,0,0,0,0,0,0,0,0,0,0,0,0,0,0,0,0,1,1,0,0,0,0,0,0,0,0,0,0,0,0,0,0,0,0,0,0,0,0,0,0.2577244414445504,-0.2688873807623904,-0.02625514946904197,0.5266118222069408,0.2688873807623904,1.1803897111749062,-1.7317478500247874,11.757075459813555,0.32231481481481494,11.757075459813555,-0.4518490173847318,11.43476064499874,6.039695137314185,5.71738032249937,0.08745263946013364,3.190090154414477,23.628718917406022,0.0,16.93822404106412,9.799819461700956,30.370447495797134,19.056471336613843,0.0,0.0,0.0,19.178148736287287,0.0,119.49076951822128,118.97182998886936,15.14589989101247,11.06887223718275,9.98607100299237,6.217538444186105,12.985960915870827,4.51781464623879,1.9699303106273662,104.0,0.0,0.2577244414445504,-0.2688873807623904,0.2688873807623904,0.2577244414445504,74.76,0.8538199999999998,74.44500000000001,1.5999999999999999,0.42666666666666664
3013,[Fe+3],0,3013,[Fe+3],3013,[Fe+3],[Fe+3],[Fe+3],[Fe+3],3013.0,1.0,0.0,1.0,1.0,1.0,1.0,0.0,,55.845,-0.0025,0.0,0.0,0.0,0.0,0.0,0.0,1.0,0.0,1.0,3.0,1.0,0.0,0.0,0.0,0.0,0.0,0.0,0.0,0.0,0.0,0.0,0.0,0.0,0.0,0.0,0.0,0.0,0.0,0.0,0.0,0.0,0.0,0.0,0.0,0.0,0.0,0.0,0.0,0.0,0.0,0.0,0.0,0.0,0.0,0.0,0.0,0.0,0.0,0.0,0.0,0.0,0.0,0.0,0.0,0.0,0.0,0.0,0.0,0.0,0.0,0.0,0.0,0.0,0.0,0.0,0.0,0.0,0.0,0.0,0.0,0.0,0.0,0.0,0.0,0.0,0.0,0.0,0.0,0.0,0.0,0.0,0.0,0.0,0.0,0.0,0.0,0.0,0.0,0.0,0.0,0.0,0.0,0.0,0.0,0.0,0.0,0.0,0.0,0.0,0.0,0.0,0.0,0.0,0.0,0.0,0.0,0.0,1.0,1.0,1.0,1.0,0.0,0.0,0.0,0.0,0.0,0.0,0.0,0.0,0.0,0.0,0.0,0.0,0.0,0.0,0.0,0.0,0.0,0.0,0.0,0.0,0.0,0.0,0.0,0.0,0.0,0.0,0.0,0.0,0.0,0.0,0.0,0.0,0.0,0.0,0.0,0.0,0.0,0.0,0.0,0.0,0.0,0.0,0.0,0.0,0.0,0.0,0.0,0.0,0.0,0.0,0.0,0.0,0.0,0.0,0.0,0.0,0.0,0.0,0.0,0.0,0.0,0.0,0.0,0.0,0.0,0.0,0.0,0.0,0.0,0.0,0.0,0.0,0.0,0.0,0.0,0.0,0.0,0.0,0.0,0.0,0.0,0.0,0.0,0.0,0.0,0.0,0.0,0.0,0.0,0.0,0.0,0.0,0.0,0.0,0.0,0.0,0.0,0.0,0.0,0.0,0.0,0.0,0.0,0.0,0.0,0.0,0.0,0.0,0.0,0.0,0.0,0.0,0.0,0.0,0.0,0.0,0.0,0.0,0.0,0.0,0.0,0.0,0.0,0.0,0.0,0.0,0.0,0.0,0.0,0.0,0.0,0.0,0.0,0.0,0.0,0.0,0.0,0.0,0.0,0.0,0.0,0.0,0.0,0.0,0.0,0.0,0.0,0.0,0.0,0.0,0.0,0.0,0.0,0.0,0.0,0.0,0.0,0.0,0.0,0.0,0,0,0,0,0,0,0,0,ACY_[*],acyclic_anonymous_graph,train,0,0,0,0,0,0,0,0,0,0,0,0,0,0,0,0,0,0,0,0,0,0,0,0,0,0,0,0,0,0,0,0,0,0,0,0,0,0,0,0,0,0,0,0,0,0,0,0,0,0,0,0,0,0,0,0,0,0,0,0,0,0,0,0,0,0,0,0,0,0,0,0,0,0,0,0,0,0,0,0,0,0,0,0,0,0,0,0,0,0,0,0,0,0,0,0,0,0,0,0,0,0,0,0,0,0,0,0,0,0,0,0,0,0,0,0,0,0,0,0,0,0,0,0,0,0,0,0,0,0,0,0,0,0,0,0,0,0,0,0,0,0,0,0,0,0,0,0,0,0,0,0,0,0,0,0,0,0,0,0,0,0,0,0,0,0,0,0,0,0,0,0,0,0,0,0,0,0,0,0,0,0,0,0,0,0,0,0,0,0,0,0,0,0,0,0,0,0,0,0,0,0,0,0,0,0,0,0,0,0,0,0,0,0,0,0,0,0,0,0,0,0,0,0,0,0,0,0,0,0,0,0,0,0,0,0,0,0,0,0,0,0,0,0,0,0,0,0,0,0,0,0,0,0,0,1,3.0,3.0,3.0,0.0,3.0,3.0,0.0,0.0,0.0,0.0,0.0,,,,,,0.0,17.068678152405656,0.0,0.0,0.0,0.0,0.0,0.0,0.0,0.0,0.0,17.964098032124472,17.068678152405656,0.0,0.35355339059327373,0.0,0.0,1.5194805194805197,0.4444805194805197,4.21948051948052,5.0,1.0,3.0,3.0,3.0,3.0,0.0,-0.0025,0.0,0.0,0.0
9661,CCB(CC)OC,1,9661,CCB(CC)OC,9661,CCB(CC)OC,CCB(CC)OC,CCB(CC)OC,CCB(CC)OC,9661.0,1.0,0.0,0.0,0.0,0.0,0.0,0.0,,99.96999999999998,1.6641,9.23,0.0,1.0,3.0,0.0,0.0,2.0,1.0,7.0,0.0,0.0,0.0,0.0,0.0,0.0,0.0,0.0,0.0,0.0,0.0,0.0,0.0,0.0,0.0,0.0,0.0,0.0,0.0,0.0,0.0,0.0,0.0,0.0,0.0,0.0,0.0,0.0,0.0,0.0,0.0,0.0,0.0,0.0,0.0,0.0,0.0,0.0,0.0,0.0,0.0,0.0,0.0,0.0,0.0,0.0,0.0,0.0,0.0,0.0,0.0,0.0,0.0,0.0,0.0,0.0,0.0,0.0,0.0,0.0,0.0,0.0,0.0,0.0,0.0,0.0,0.0,0.0,0.0,0.0,0.0,0.0,0.0,0.0,0.0,0.0,0.0,0.0,0.0,0.0,0.0,0.0,0.0,0.0,0.0,0.0,0.0,0.0,0.0,0.0,0.0,0.0,0.0,0.0,0.0,0.0,0.0,0.0,0.0,0.0,0.0,0.0,0.0,0.0,0.0,0.0,0.0,0.0,0.0,0.0,0.0,0.0,0.0,0.0,0.0,0.0,0.0,0.0,0.0,0.0,0.0,0.0,0.0,0.0,0.0,0.0,0.0,0.0,0.0,0.0,0.0,0.0,0.0,0.0,0.0,0.0,0.0,0.0,0.0,0.0,0.0,0.0,0.0,0.0,0.0,0.0,0.0,0.0,0.0,0.0,0.0,0.0,0.0,0.0,0.0,0.0,0.0,0.0,0.0,0.0,0.0,0.0,0.0,0.0,0.0,0.0,0.0,0.0,0.0,0.0,0.0,0.0,0.0,0.0,0.0,0.0,0.0,0.0,0.0,0.0,0.0,0.0,0.0,0.0,0.0,0.0,0.0,0.0,0.0,0.0,0.0,0.0,0.0,0.0,0.0,0.0,0.0,0.0,0.0,0.0,0.0,0.0,0.0,0.0,0.0,0.0,0.0,0.0,0.0,0.0,0.0,0.0,0.0,0.0,0.0,0.0,0.0,0.0,0.0,0.0,0.0,0.0,0.0,0.0,0.0,0.0,0.0,0.0,0.0,0.0,0.0,0.0,0.0,0.0,0.0,0.0,0.0,0.0,0.0,0.0,0.0,0.0,0.0,0.0,0.0,0.0,0.0,0.0,0.0,0.0,0.0,0.0,0.0,0.0,0.0,0.0,0.0,0.0,0.0,0.0,0.0,0.0,0,0,0,0,0,0,0,0,ACY_***(**)**,acyclic_anonymous_graph,train,0,0,0,0,0,0,0,0,0,0,0,0,0,0,0,1,0,0,0,0,0,0,0,0,0,0,0,0,0,0,0,0,0,1,0,0,0,0,1,0,0,0,0,0,0,0,0,0,0,0,0,0,0,0,0,0,0,0,0,0,0,0,0,0,1,0,0,0,0,0,0,0,0,1,0,0,0,0,0,0,1,0,0,0,0,0,0,0,0,0,0,0,0,0,0,0,0,0,0,0,0,0,0,0,0,0,0,0,0,0,0,0,0,0,0,0,0,0,0,0,0,0,0,0,0,0,0,0,0,0,1,1,0,0,0,0,0,0,0,0,0,0,0,0,0,0,0,0,0,0,0,0,0,0,0,0,0,1,1,0,0,0,0,0,0,0,0,0,0,0,0,0,0,0,0,0,0,0,0,0,0,0,0,1,0,0,0,0,0,0,0,0,0,0,0,0,0,0,0,0,0,0,0,0,0,0,0,0,0,0,0,0,0,0,0,0,0,0,0,0,0,0,0,0,0,0,0,0,0,0,0,0,0,0,0,0,0,0,1,0,0,0,0,0,0,0,0,0,0,0,0,0,0,0,0,0,0.2916207027400937,-0.43852432815431125,-0.05275936273344317,0.730145030894405,0.43852432815431125,0.3087556298651348,-0.6780711689992369,5.048611111111111,0.48611111111111094,5.048611111111111,0.48611111111111094,4.5625,2.7673611111111107,2.28125,0.2191780821917808,1.6785287713512596,0.0,0.0,6.915572309763532,12.640346783287693,0.0,7.109797541277533,0.0,13.847474399381248,4.654358134025346,0.0,0.0,46.170265637035016,45.16754916773536,5.698670612749268,5.399812122026583,3.3460652149512318,2.8746606941602,7.024935064935065,4.190911957502749,2.688842635205801,42.0,0.0,0.2916207027400937,-0.43852432815431125,0.43852432815431125,0.2916207027400937,9.23,1.6641,33.72499999999999,0.0,1.0
10246,CS(=O)(=O)OCCOCCOCCOS(C)(=O)=O,1,10246,CS(=O)(=O)OCCOCCOCCOS(C)(=O)=O,10246,CS(=O)(=O)OCCOCCOCCOS(C)(=O)=O,CS(=O)(=O)OCCOCCOCCOS(C)(=O)=O,CS(=O)(=O)OCCOCCOCCOS(C)(=O)=O,CS(=O)(=O)OCCOCCOCCOS(C)(=O)=O,10246.0,1.0,0.0,0.0,0.0,0.0,0.0,0.0,,306.358,-1.0279999999999978,105.20000000000002,0.0,8.0,11.0,0.0,0.0,10.0,1.0,18.0,0.0,0.0,0.0,0.0,0.0,0.0,0.0,0.0,0.0,0.0,0.0,0.0,0.0,0.0,0.0,0.0,0.0,0.0,0.0,0.0,0.0,0.0,0.0,0.0,0.0,0.0,0.0,0.0,0.0,0.0,0.0,0.0,0.0,0.0,2.0,1.0,0.0,0.0,0.0,0.0,0.0,0.0,0.0,0.0,0.0,0.0,0.0,0.0,0.0,0.0,0.0,0.0,0.0,0.0,0.0,0.0,0.0,0.0,0.0,0.0,0.0,0.0,0.0,0.0,0.0,0.0,0.0,0.0,0.0,0.0,0.0,0.0,0.0,0.0,0.0,0.0,2.0,1.0,0.0,0.0,0.0,0.0,0.0,0.0,0.0,0.0,0.0,0.0,0.0,0.0,0.0,0.0,0.0,0.0,0.0,0.0,0.0,0.0,0.0,0.0,0.0,0.0,0.0,0.0,0.0,0.0,0.0,0.0,0.0,0.0,0.0,0.0,0.0,0.0,0.0,0.0,0.0,0.0,0.0,0.0,0.0,0.0,0.0,0.0,0.0,0.0,0.0,0.0,0.0,0.0,0.0,0.0,0.0,0.0,0.0,0.0,0.0,0.0,0.0,0.0,0.0,0.0,0.0,0.0,0.0,0.0,0.0,0.0,0.0,0.0,0.0,0.0,0.0,0.0,0.0,0.0,0.0,0.0,2.0,1.0,0.0,0.0,0.0,0.0,0.0,0.0,0.0,0.0,0.0,0.0,0.0,0.0,0.0,0.0,0.0,0.0,0.0,0.0,0.0,0.0,0.0,0.0,0.0,0.0,0.0,0.0,0.0,0.0,0.0,0.0,0.0,0.0,0.0,0.0,0.0,0.0,0.0,0.0,0.0,0.0,0.0,0.0,0.0,0.0,0.0,0.0,0.0,0.0,0.0,0.0,0.0,0.0,0.0,0.0,0.0,0.0,0.0,0.0,0.0,0.0,0.0,0.0,0.0,0.0,0.0,0.0,0.0,0.0,0.0,0.0,0.0,0.0,0.0,0.0,0.0,0.0,0.0,0.0,0.0,0.0,0.0,0.0,0.0,0.0,0.0,0.0,0.0,0.0,0.0,0.0,0.0,0.0,0.0,0.0,0.0,0.0,1.0,1.0,1.0,1.0,0.0,0.0,0,0,0,0,0,0,0,0,ACY_**(*)(*)***********(*)(*)*,acyclic_anonymous_graph,train,0,0,0,0,0,0,0,0,0,0,0,0,0,1,0,0,0,0,0,0,0,0,0,0,0,0,0,0,0,0,0,0,0,1,0,0,0,0,0,0,0,0,0,0,0,0,0,0,0,0,0,0,0,0,0,0,0,0,0,0,0,0,0,0,0,0,0,0,0,0,0,0,0,0,0,0,0,0,0,0,1,0,0,0,0,0,0,0,0,0,0,1,0,0,1,0,0,0,0,0,0,0,0,0,0,0,0,0,0,0,0,0,0,1,0,0,0,0,0,0,0,0,0,1,0,0,0,0,0,0,0,0,0,0,0,0,0,0,1,0,0,0,0,0,0,0,0,0,0,0,0,0,0,0,0,0,0,0,0,0,0,0,0,0,0,0,0,0,0,0,0,0,0,0,0,0,0,0,0,1,1,0,0,1,0,0,0,0,0,0,0,0,0,0,1,0,1,0,0,0,1,0,0,0,0,0,0,0,0,0,0,0,0,0,0,0,0,0,0,0,0,0,0,0,1,0,0,0,0,0,0,0,0,0,0,0,0,0,0,0,0,0,0,0,0,0,0,0,0,0,0,1,0,0,0,0,0.2639695312422335,-0.3766134168940811,-0.05381864297278548,0.6405829481363146,0.3766134168940811,1.1191967224273378,-2.087932295937476,10.553908634820951,0.04561230996837051,10.553908634820951,-3.4275334056366735,10.50829632485258,5.299760472394661,5.25414816242629,0.0951629045361955,2.6728843759695673,20.236253718067108,39.641291787077506,0.0,12.511538367022808,0.0,0.0,0.0,8.366170865299415,9.473725907600098,16.835593968657875,0.0,107.41683126232253,107.0645746137248,14.071067811865479,10.325123591757917,8.207106781186548,5.048547388496605,17.74,8.774973835637189,15.739999999999995,110.0,0.0,0.2639695312422335,-0.3766134168940811,0.3766134168940811,0.2639695312422335,105.20000000000002,-1.0279999999999978,63.22960000000004,0.2,2.6
4384,C=C(Br)C(F)(F)F,0,4384,C=C(Br)C(F)(F)F,4384,C=C(Br)C(F)(F)F,C=C(Br)C(F)(F)F,C=C(Br)C(F)(F)F,C=C(Br)C(F)(F)F,4384.0,1.0,0.0,0.0,0.0,0.0,0.0,0.0,,174.94699999999995,2.4573,0.0,0.0,0.0,0.0,0.0,0.0,4.0,0.3333333333333333,7.0,0.0,0.0,0.0,0.0,0.0,0.0,0.0,0.0,0.0,0.0,0.0,0.0,0.0,0.0,0.0,0.0,0.0,0.0,0.0,0.0,0.0,0.0,0.0,0.0,0.0,0.0,0.0,0.0,0.0,0.0,0.0,0.0,0.0,0.0,0.0,0.0,0.0,0.0,0.0,0.0,0.0,0.0,0.0,0.0,0.0,0.0,0.0,0.0,0.0,0.0,1.0,1.0,0.0,0.0,0.0,0.0,0.0,0.0,0.0,0.0,0.0,0.0,4.0,1.0,3.0,1.0,0.0,0.0,1.0,1.0,0.0,0.0,0.0,0.0,0.0,0.0,0.0,0.0,0.0,0.0,0.0,0.0,0.0,0.0,0.0,0.0,0.0,0.0,0.0,0.0,0.0,0.0,0.0,0.0,0.0,0.0,0.0,0.0,0.0,0.0,0.0,0.0,0.0,0.0,0.0,0.0,0.0,0.0,0.0,0.0,0.0,0.0,0.0,0.0,0.0,0.0,0.0,0.0,0.0,0.0,0.0,0.0,0.0,0.0,0.0,0.0,0.0,0.0,0.0,0.0,0.0,0.0,0.0,0.0,0.0,0.0,0.0,0.0,0.0,0.0,3.0,1.0,0.0,0.0,0.0,0.0,0.0,0.0,0.0,0.0,0.0,0.0,0.0,0.0,0.0,0.0,0.0,0.0,0.0,0.0,0.0,0.0,0.0,0.0,0.0,0.0,0.0,0.0,0.0,0.0,0.0,0.0,0.0,0.0,1.0,1.0,0.0,0.0,0.0,0.0,0.0,0.0,0.0,0.0,0.0,0.0,0.0,0.0,0.0,0.0,0.0,0.0,0.0,0.0,0.0,0.0,0.0,0.0,0.0,0.0,0.0,0.0,0.0,0.0,0.0,0.0,0.0,0.0,0.0,0.0,0.0,0.0,0.0,0.0,0.0,0.0,0.0,0.0,0.0,0.0,0.0,0.0,0.0,0.0,0.0,0.0,0.0,0.0,0.0,0.0,0.0,0.0,0.0,0.0,0.0,0.0,0.0,0.0,0.0,0.0,0.0,0.0,0.0,0.0,0.0,0.0,0.0,0.0,0.0,0.0,0.0,0.0,0.0,0.0,0.0,0.0,1.0,2.0,1.0,2.0,0.0,0.0,0,0,0,0,0,0,0,0,ACY_**(*)*(*)(*)*,acyclic_anonymous_graph,train,1,0,0,0,0,0,0,0,0,0,0,0,0,0,0,0,0,0,0,0,0,0,0,0,0,0,0,0,0,0,0,0,0,0,0,0,0,0,0,1,0,0,0,0,0,0,1,0,0,0,0,0,0,0,0,0,0,0,0,0,0,0,0,0,0,0,0,0,0,0,0,0,0,0,0,0,0,0,0,0,0,0,0,0,0,0,1,0,0,0,0,0,0,0,0,0,0,0,0,0,0,0,0,0,0,0,0,0,0,0,0,0,0,0,1,0,0,0,0,0,0,0,0,0,0,0,0,0,0,0,0,0,0,0,0,0,1,0,0,0,0,0,0,0,0,0,0,0,0,0,0,0,0,0,0,0,0,0,0,0,0,0,0,0,0,0,0,0,0,0,0,0,0,1,0,0,0,0,0,0,0,0,0,0,0,0,0,0,0,0,0,0,0,0,0,0,0,1,0,0,0,0,0,0,0,0,0,0,0,0,0,0,0,0,0,0,1,0,0,0,0,0,0,0,0,0,0,0,0,0,0,0,0,0,1,0,0,0,0,0,0,0,0,0,0,0,0,0,0,0,0,0,0,0,1,0,0.4217788069591421,-0.16560790902469458,-0.015698413088398398,0.5873867159838366,0.4217788069591421,0.5131142828277325,-0.6230031744465213,11.031828703703704,0.9444444444444444,11.031828703703704,-4.277777777777778,10.08738425925926,5.988136574074074,5.04369212962963,0.0991337272675119,3.5547153462355277,10.65867107164816,0.0,0.0,0.0,0.0,0.0,0.0,22.508879581547845,0.0,13.171245143024459,0.0,47.14368603885858,46.33879579622047,6.077350269189626,3.2189646732234567,2.9433756729740645,1.3594823366117283,7.01,1.8582337420131287,2.6755574043261228,42.0,0.0,0.4217788069591421,-0.16560790902469458,0.4217788069591421,0.16560790902469458,0.0,2.4573,24.121999999999996,0.4,0.13333333333333333
7226,CCCCC(CC)COC(=O)CCS,0,7226,CCCCC(CC)COC(=O)CCS,7226,CCCCC(CC)COC(=O)CCS,CCCCC(CC)COC(=O)CCS,CCCCC(CC)COC(=O)CCS,CCCCC(CC)COC(=O)CCS,7226.0,1.0,0.0,0.0,0.0,0.0,0.0,0.0,,218.362,3.0659000000000023,26.3,1.0,3.0,8.0,0.0,0.0,3.0,0.9090909090909092,14.0,0.0,0.0,0.0,0.0,0.0,0.0,0.0,0.0,0.0,0.0,0.0,0.0,0.0,0.0,0.0,0.0,0.0,0.0,0.0,0.0,0.0,0.0,0.0,0.0,0.0,0.0,0.0,0.0,0.0,0.0,0.0,0.0,0.0,0.0,1.0,1.0,0.0,0.0,0.0,0.0,0.0,0.0,0.0,0.0,1.0,1.0,0.0,0.0,0.0,0.0,0.0,0.0,0.0,0.0,0.0,0.0,0.0,0.0,0.0,0.0,0.0,0.0,0.0,0.0,0.0,0.0,0.0,0.0,0.0,0.0,0.0,0.0,0.0,0.0,0.0,0.0,0.0,0.0,0.0,0.0,0.0,0.0,1.0,1.0,0.0,0.0,0.0,0.0,0.0,0.0,0.0,0.0,0.0,0.0,0.0,0.0,0.0,0.0,0.0,0.0,0.0,0.0,0.0,0.0,0.0,0.0,0.0,0.0,0.0,0.0,0.0,0.0,0.0,0.0,0.0,0.0,0.0,0.0,0.0,0.0,0.0,0.0,0.0,0.0,0.0,0.0,0.0,0.0,0.0,0.0,0.0,0.0,0.0,0.0,0.0,0.0,0.0,0.0,0.0,0.0,0.0,0.0,0.0,0.0,0.0,0.0,0.0,0.0,0.0,0.0,0.0,0.0,0.0,0.0,0.0,0.0,0.0,0.0,0.0,0.0,0.0,0.0,0.0,0.0,0.0,0.0,0.0,0.0,0.0,0.0,0.0,0.0,0.0,0.0,0.0,0.0,0.0,0.0,0.0,0.0,0.0,0.0,0.0,0.0,0.0,0.0,0.0,0.0,0.0,0.0,0.0,0.0,0.0,0.0,0.0,0.0,0.0,0.0,0.0,0.0,0.0,0.0,0.0,0.0,0.0,0.0,0.0,0.0,0.0,0.0,0.0,0.0,0.0,0.0,0.0,0.0,0.0,0.0,0.0,0.0,0.0,0.0,0.0,0.0,0.0,0.0,0.0,0.0,0.0,0.0,0.0,0.0,0.0,0.0,0.0,0.0,0.0,0.0,0.0,0.0,0.0,0.0,0.0,0.0,0.0,0.0,0.0,0.0,0.0,0.0,0.0,0.0,0.0,0.0,0.0,0.0,0.0,0.0,0.0,0.0,0.0,0.0,0,0,0,0,0,0,1,0,ACY_*****(**)***(*)***,acyclic_anonymous_graph,train,0,1,0,0,0,0,0,0,1,0,0,0,0,0,0,0,0,0,0,0,0,0,0,0,0,0,1,0,1,0,0,0,0,1,0,0,0,0,1,1,0,0,0,1,0,0,0,0,1,0,0,0,0,0,0,0,0,0,0,0,0,0,0,0,0,0,0,0,0,0,0,0,0,0,0,0,0,0,0,1,1,0,0,0,0,0,0,0,0,0,0,0,0,0,0,0,0,0,0,0,0,0,0,0,0,0,1,0,0,0,0,0,0,0,0,0,0,0,1,1,0,0,0,0,0,1,0,0,0,0,0,0,0,0,0,0,0,0,1,0,1,0,0,0,0,0,0,1,0,0,0,0,0,0,0,0,0,0,0,0,0,0,0,0,0,1,0,0,0,0,0,0,0,0,0,0,0,0,0,1,0,0,0,1,0,0,0,0,0,0,1,1,0,0,1,0,0,0,0,0,0,0,0,0,0,1,0,0,0,0,0,0,0,0,0,0,0,1,0,0,0,0,0,0,0,0,0,1,0,1,0,0,0,0,1,0,0,0,0,0,0,0,0,0,0,0,0,0,0,0,0,0,0,0,0,0,0.3061181308824509,-0.4653579109980942,-0.05609613689245962,0.7714760418805451,0.4653579109980942,0.45521498797174603,-1.2405609044661805,11.066118276014109,0.11578845427059692,11.066118276014109,-0.11578845427059692,10.950329821743512,5.590953365142353,5.475164910871756,0.09132145024658078,2.854595253298003,0.0,5.969305287951849,24.69846324034711,6.4208216229260096,19.26246486877803,0.0,0.0,26.47626354739424,4.736862953800049,4.794537184071822,0.0,92.81880616474798,92.35871870526911,10.811554787871634,9.290807913923144,6.739912065068584,5.5056630154334725,13.82,9.377927959437129,7.245292315296316,84.0,0.0,0.3061181308824509,-0.4653579109980942,0.4653579109980942,0.3061181308824509,26.3,3.0659000000000023,62.73500000000005,0.0,2.3636363636363638
10144,CC(=O)OO,1,10144,CC(=O)OO,10144,CC(=O)OO,CC(=O)OO,CC(=O)OO,CC(=O)OO,10144.0,1.0,0.0,0.0,0.0,0.0,0.0,0.0,,76.051,0.0224999999999999,46.53,1.0,3.0,0.0,0.0,0.0,3.0,0.5,5.0,0.0,0.0,0.0,0.0,0.0,0.0,0.0,0.0,0.0,0.0,0.0,0.0,0.0,0.0,0.0,0.0,0.0,0.0,0.0,0.0,0.0,0.0,0.0,0.0,0.0,0.0,0.0,0.0,0.0,0.0,0.0,0.0,0.0,0.0,0.0,0.0,0.0,0.0,0.0,0.0,0.0,0.0,0.0,0.0,0.0,0.0,0.0,0.0,0.0,0.0,0.0,0.0,0.0,0.0,0.0,0.0,0.0,0.0,0.0,0.0,0.0,0.0,0.0,0.0,0.0,0.0,0.0,0.0,0.0,0.0,0.0,0.0,0.0,0.0,0.0,0.0,0.0,0.0,0.0,0.0,0.0,0.0,0.0,0.0,0.0,0.0,0.0,0.0,0.0,0.0,0.0,0.0,0.0,0.0,0.0,0.0,0.0,0.0,0.0,0.0,0.0,0.0,0.0,0.0,0.0,0.0,0.0,0.0,0.0,0.0,0.0,0.0,0.0,0.0,0.0,0.0,0.0,0.0,0.0,0.0,0.0,0.0,0.0,0.0,0.0,0.0,0.0,0.0,0.0,0.0,0.0,0.0,0.0,0.0,0.0,0.0,0.0,0.0,0.0,0.0,0.0,0.0,0.0,0.0,0.0,0.0,0.0,0.0,0.0,0.0,0.0,0.0,0.0,0.0,0.0,0.0,0.0,0.0,0.0,0.0,0.0,0.0,0.0,0.0,0.0,0.0,0.0,0.0,0.0,0.0,0.0,0.0,0.0,0.0,0.0,0.0,0.0,0.0,0.0,0.0,0.0,0.0,0.0,0.0,0.0,0.0,0.0,0.0,0.0,0.0,0.0,0.0,0.0,0.0,0.0,0.0,0.0,0.0,0.0,0.0,0.0,0.0,0.0,0.0,0.0,0.0,0.0,0.0,0.0,0.0,0.0,0.0,0.0,0.0,0.0,0.0,0.0,0.0,0.0,0.0,0.0,0.0,0.0,0.0,0.0,0.0,0.0,0.0,0.0,0.0,0.0,0.0,0.0,0.0,0.0,0.0,0.0,0.0,0.0,0.0,0.0,0.0,0.0,0.0,0.0,0.0,0.0,0.0,0.0,0.0,0.0,0.0,0.0,0.0,0.0,0.0,0.0,0.0,0.0,0.0,0.0,0.0,0,0,0,0,0,0,0,0,ACY_***(*)*,acyclic_anonymous_graph,train,0,0,0,0,0,0,0,0,0,0,0,1,0,0,0,0,0,0,0,0,0,0,0,0,0,0,0,0,0,0,0,0,0,1,0,0,0,0,0,1,0,0,0,0,0,0,0,0,0,0,0,0,0,1,0,0,0,0,0,0,0,0,0,0,0,0,0,0,0,1,0,0,0,0,0,0,0,0,0,0,0,0,0,0,0,0,0,0,0,0,0,0,0,0,0,0,0,0,0,0,0,0,0,0,0,0,0,0,0,0,0,0,0,0,0,0,0,0,0,0,0,0,0,0,0,1,0,0,0,0,1,0,0,0,0,0,0,0,1,0,0,0,0,0,0,0,0,0,0,0,0,0,0,0,0,0,0,0,0,0,0,0,0,0,0,0,0,0,0,0,0,0,0,0,0,0,0,0,0,0,0,0,0,1,0,0,0,0,0,0,0,0,0,0,0,0,0,0,0,0,0,0,0,0,0,0,0,0,0,0,0,0,0,0,0,0,0,0,0,0,0,0,0,0,0,0,0,0,0,0,0,0,0,0,0,0,0,0,0,0,0,0,0,0,0,0,0,0,0,1,0,0,0,0,0,0,0.33853583431281836,-0.3013753132019219,-0.07492883324416785,0.6399111475147403,0.33853583431281836,0.37579590892980863,-0.7504400751506479,9.340277777777779,0.6898148148148147,9.340277777777779,-0.6898148148148147,8.650462962962964,5.015046296296297,4.325231481481482,0.1156007492641156,2.907438533830861,5.969305287951849,0.0,0.0,6.923737199690624,0.0,0.0,0.0,4.887570953256112,5.257235394296768,4.794537184071822,0.0,29.102789539711125,27.832386019267176,4.284457050376173,2.763710176427684,2.270055610029662,1.0908224762989185,4.43,1.7215451895043727,3.429999999999999,30.0,0.0,0.33853583431281836,-0.3013753132019219,0.33853583431281836,0.3013753132019219,46.53,0.02249999999999991,14.3948,0.0,0.2
7591,CC(CCO)CCc1ccccc1,0,7591,CC(CCO)CCc1ccccc1,7591,CC(CCO)CCc1ccccc1,CC(CCO)CCc1ccccc1,CC(CCO)CCc1ccccc1,CC(CCO)CCc1ccccc1,7591.0,1.0,0.0,0.0,0.0,0.0,0.0,0.0,c1ccccc1,178.275,2.6377000000000006,20.23,1.0,1.0,5.0,1.0,1.0,1.0,0.5,13.0,0.0,0.0,0.0,0.0,0.0,0.0,0.0,0.0,0.0,0.0,0.0,0.0,0.0,0.0,0.0,0.0,0.0,0.0,0.0,0.0,0.0,0.0,0.0,0.0,0.0,0.0,0.0,0.0,0.0,0.0,1.0,1.0,0.0,0.0,0.0,0.0,0.0,0.0,0.0,0.0,0.0,0.0,0.0,0.0,0.0,0.0,0.0,0.0,0.0,0.0,0.0,0.0,0.0,0.0,1.0,1.0,6.0,1.0,0.0,0.0,0.0,0.0,0.0,0.0,0.0,0.0,0.0,0.0,0.0,0.0,0.0,0.0,0.0,0.0,0.0,0.0,0.0,0.0,0.0,0.0,0.0,0.0,0.0,0.0,0.0,0.0,0.0,0.0,0.0,0.0,0.0,0.0,0.0,0.0,0.0,0.0,0.0,0.0,0.0,0.0,0.0,0.0,0.0,0.0,0.0,0.0,0.0,0.0,0.0,0.0,0.0,0.0,0.0,0.0,0.0,0.0,0.0,0.0,0.0,0.0,0.0,0.0,0.0,0.0,0.0,0.0,0.0,0.0,0.0,0.0,0.0,0.0,0.0,0.0,0.0,0.0,0.0,0.0,0.0,0.0,0.0,0.0,0.0,0.0,0.0,0.0,0.0,0.0,0.0,0.0,0.0,0.0,0.0,0.0,0.0,0.0,0.0,0.0,0.0,0.0,0.0,0.0,0.0,0.0,0.0,0.0,0.0,0.0,0.0,0.0,0.0,0.0,0.0,0.0,0.0,0.0,0.0,0.0,0.0,0.0,0.0,0.0,0.0,0.0,0.0,0.0,0.0,0.0,0.0,0.0,0.0,0.0,0.0,0.0,0.0,0.0,0.0,0.0,0.0,0.0,0.0,0.0,0.0,0.0,0.0,0.0,0.0,0.0,0.0,0.0,0.0,0.0,0.0,0.0,0.0,0.0,0.0,0.0,0.0,0.0,0.0,0.0,0.0,0.0,0.0,0.0,0.0,0.0,0.0,0.0,0.0,0.0,0.0,0.0,0.0,0.0,0.0,0.0,0.0,0.0,0.0,0.0,0.0,0.0,0.0,0.0,0.0,0.0,0.0,0.0,0.0,0.0,0.0,0.0,0.0,0.0,0.0,0.0,0.0,0.0,0.0,0.0,0,0,0,0,0,0,0,0,c1ccccc1,murcko,train,0,1,0,0,0,0,0,0,0,0,0,0,0,0,0,0,0,0,0,0,0,1,0,0,0,0,0,1,0,0,0,0,0,1,0,0,0,0,0,1,0,0,1,0,0,0,0,0,0,0,0,0,0,0,0,1,0,0,0,0,0,1,0,0,1,0,0,0,0,0,0,0,0,0,0,0,0,0,0,0,1,1,0,0,0,0,0,1,0,0,0,0,0,0,0,0,0,0,0,0,1,0,0,0,0,0,0,0,0,0,0,0,0,0,0,0,0,0,0,0,0,0,0,0,0,0,0,0,0,0,0,0,0,1,0,0,0,0,0,0,0,0,0,0,0,0,0,0,0,0,0,0,0,0,0,0,0,0,0,0,0,0,0,0,0,0,0,0,0,0,0,0,0,0,0,1,0,0,0,0,1,0,0,0,0,0,0,0,0,0,0,0,0,0,0,0,0,0,0,0,0,0,0,0,0,0,0,0,0,0,0,0,0,0,1,0,0,1,1,1,0,0,1,1,0,0,0,1,0,0,0,0,0,0,0,0,0,0,0,0,0,0,0,1,0,0,0,0,0,0,0,0,0,0,0,0,0.04330667473809951,-0.3963658933421666,-0.07008166104628971,0.4396725680802661,0.3963658933421666,0.04330667473809951,-0.9543682683398659,8.733867472915092,0.31543288611741027,8.733867472915092,0.31543288611741027,8.418434586797682,4.524650179516251,4.209217293398841,0.11878693000338363,2.4318605835700904,0.0,0.0,12.52478801067431,12.841643245852019,11.984273114623004,0.0,6.06636706846161,31.18920547353706,5.106527394840706,0.0,0.0,80.41528955807264,79.71280430798872,9.518661569058182,8.239742335383905,6.325698502695489,4.974311609250423,10.262101806239736,5.762154487637289,4.088684716211782,72.0,0.0,0.04330667473809951,-0.3963658933421666,0.3963658933421666,0.04330667473809951,20.23,2.6377000000000006,55.629800000000046,0.0,1.2
10019,[Se],1,10019,[Se],10019,[Se],[Se],[Se],[Se],10019.0,1.0,0.0,0.0,0.0,0.0,0.0,0.0,,78.96,-0.3808,0.0,0.0,0.0,0.0,0.0,0.0,1.0,0.0,1.0,0.0,0.0,0.0,0.0,0.0,0.0,0.0,0.0,0.0,0.0,0.0,0.0,0.0,0.0,0.0,0.0,0.0,0.0,0.0,0.0,0.0,0.0,0.0,0.0,0.0,0.0,0.0,0.0,0.0,0.0,0.0,0.0,0.0,0.0,0.0,0.0,0.0,0.0,0.0,0.0,0.0,0.0,0.0,0.0,0.0,0.0,0.0,0.0,0.0,0.0,0.0,0.0,0.0,0.0,0.0,0.0,0.0,0.0,0.0,0.0,0.0,0.0,0.0,0.0,0.0,0.0,0.0,0.0,0.0,0.0,0.0,0.0,0.0,0.0,0.0,0.0,0.0,0.0,0.0,0.0,0.0,0.0,0.0,0.0,0.0,0.0,0.0,0.0,0.0,0.0,0.0,0.0,0.0,0.0,0.0,0.0,0.0,0.0,0.0,0.0,0.0,0.0,0.0,0.0,0.0,0.0,0.0,0.0,0.0,0.0,0.0,0.0,0.0,0.0,0.0,0.0,0.0,0.0,0.0,0.0,0.0,0.0,0.0,0.0,0.0,0.0,0.0,0.0,0.0,0.0,0.0,0.0,0.0,0.0,0.0,0.0,0.0,0.0,0.0,0.0,0.0,0.0,0.0,0.0,0.0,0.0,0.0,0.0,0.0,0.0,0.0,0.0,0.0,0.0,0.0,0.0,0.0,0.0,0.0,0.0,0.0,0.0,0.0,0.0,0.0,0.0,0.0,0.0,0.0,0.0,0.0,0.0,0.0,0.0,0.0,0.0,0.0,0.0,0.0,0.0,0.0,0.0,0.0,0.0,0.0,0.0,0.0,0.0,0.0,0.0,0.0,0.0,0.0,0.0,0.0,0.0,0.0,0.0,0.0,0.0,0.0,0.0,0.0,0.0,0.0,0.0,0.0,0.0,0.0,0.0,0.0,0.0,0.0,0.0,0.0,0.0,0.0,0.0,0.0,0.0,0.0,0.0,0.0,0.0,0.0,0.0,0.0,0.0,0.0,0.0,0.0,0.0,0.0,0.0,0.0,0.0,0.0,0.0,0.0,0.0,0.0,0.0,0.0,0.0,0.0,0.0,0.0,0.0,0.0,0.0,0.0,0.0,0.0,0.0,0.0,0.0,0.0,0.0,0.0,0.0,0.0,0.0,0,0,0,0,0,0,0,0,ACY_[*],acyclic_anonymous_graph,train,0,0,0,0,0,0,0,0,0,1,0,0,0,0,0,0,0,0,0,0,0,0,0,0,0,0,0,0,0,0,0,0,0,0,0,0,0,0,0,0,0,0,0,0,0,0,0,0,0,0,0,0,0,0,0,0,0,0,0,0,0,0,0,0,0,0,0,0,0,0,0,0,0,0,0,0,0,0,0,0,0,0,0,0,0,0,0,0,0,0,0,0,0,0,0,0,0,0,0,0,0,0,0,0,0,0,0,0,0,0,0,0,0,0,0,0,0,0,0,0,0,0,0,0,0,0,0,0,0,0,0,0,0,0,0,0,0,0,0,0,0,0,0,0,0,0,0,0,0,0,0,0,0,0,0,0,0,0,0,0,0,0,0,0,0,0,0,0,0,0,0,0,0,0,0,0,0,0,0,0,0,0,0,0,0,0,0,0,0,0,0,0,0,0,0,0,0,0,0,0,0,0,0,0,0,0,0,0,0,0,0,0,0,0,0,0,0,0,0,0,0,0,0,0,0,0,0,0,0,0,0,0,0,0,0,0,0,0,0,0,0,0,0,0,0,0,0,0,0,0,0,0,0,0,0,0,0.0,0.0,0.0,0.0,0.0,0.0,0.0,0.0,0.0,0.0,0.0,,,,,,0.0,17.068678152405656,0.0,0.0,0.0,0.0,0.0,0.0,0.0,0.0,0.0,17.964098032124472,17.068678152405656,0.0,0.4082482904638631,0.0,0.0,1.5194805194805197,0.4444805194805197,4.21948051948052,6.0,2.0,0.0,0.0,0.0,0.0,0.0,-0.3808,5.754,0.0,0.0
12,CCOC=CC(=O)C(F)(F)F,0,12,CCOC=CC(=O)C(F)(F)F,12,CCOC=CC(=O)C(F)(F)F,CCOC=CC(=O)C(F)(F)F,CCOC=CC(=O)C(F)(F)F,CCOC=CC(=O)C(F)(F)F,12.0,1.0,0.0,0.0,0.0,0.0,0.0,0.0,,168.11399999999998,1.668,26.3,0.0,2.0,3.0,0.0,0.0,5.0,0.5,11.0,0.0,0.0,0.0,0.0,0.0,0.0,0.0,0.0,0.0,0.0,0.0,0.0,0.0,0.0,0.0,0.0,0.0,0.0,0.0,0.0,0.0,0.0,0.0,0.0,0.0,0.0,0.0,0.0,0.0,0.0,0.0,0.0,0.0,0.0,1.0,1.0,0.0,0.0,1.0,1.0,0.0,0.0,0.0,0.0,0.0,0.0,0.0,0.0,0.0,0.0,1.0,1.0,0.0,0.0,0.0,0.0,0.0,0.0,0.0,0.0,0.0,0.0,3.0,1.0,3.0,1.0,0.0,0.0,0.0,0.0,0.0,0.0,0.0,0.0,0.0,0.0,0.0,0.0,0.0,0.0,0.0,0.0,0.0,0.0,0.0,0.0,0.0,0.0,0.0,0.0,0.0,0.0,0.0,0.0,0.0,0.0,0.0,0.0,0.0,0.0,0.0,0.0,0.0,0.0,0.0,0.0,0.0,0.0,0.0,0.0,0.0,0.0,0.0,0.0,0.0,0.0,0.0,0.0,0.0,0.0,0.0,0.0,0.0,0.0,0.0,0.0,0.0,0.0,0.0,0.0,0.0,0.0,0.0,0.0,0.0,0.0,0.0,0.0,0.0,0.0,3.0,1.0,0.0,0.0,0.0,0.0,0.0,0.0,0.0,0.0,0.0,0.0,0.0,0.0,0.0,0.0,0.0,0.0,0.0,0.0,0.0,0.0,0.0,0.0,0.0,0.0,0.0,0.0,1.0,1.0,1.0,1.0,0.0,0.0,0.0,0.0,0.0,0.0,0.0,0.0,0.0,0.0,0.0,0.0,0.0,0.0,0.0,0.0,0.0,0.0,0.0,0.0,0.0,0.0,0.0,0.0,0.0,0.0,0.0,0.0,0.0,0.0,0.0,0.0,0.0,0.0,0.0,0.0,0.0,0.0,0.0,0.0,0.0,0.0,0.0,0.0,0.0,0.0,0.0,0.0,0.0,0.0,0.0,0.0,0.0,0.0,0.0,0.0,0.0,0.0,0.0,0.0,0.0,0.0,0.0,0.0,0.0,0.0,0.0,0.0,0.0,0.0,0.0,0.0,0.0,0.0,0.0,0.0,0.0,0.0,0.0,0.0,0.0,0.0,0.0,0.0,1.0,3.0,1.0,3.0,0.0,0.0,0,0,0,0,1,0,0,0,ACY_******(*)*(*)(*)*,acyclic_anonymous_graph,train,0,0,0,1,0,0,0,0,0,0,0,0,0,0,0,0,0,0,0,0,0,1,0,0,0,0,0,0,0,0,0,1,0,1,0,0,0,0,1,1,0,0,0,0,0,0,0,0,0,0,0,0,0,0,0,0,0,0,0,0,0,1,0,0,0,0,0,0,0,0,0,1,0,0,0,0,0,0,0,0,1,0,0,0,0,0,0,0,0,0,0,0,0,0,0,0,0,0,0,0,0,0,1,0,0,0,0,0,0,0,0,0,0,0,1,1,0,0,0,0,0,0,0,0,0,1,0,0,0,0,0,0,0,0,0,0,1,0,1,0,0,0,0,0,0,0,0,0,0,0,0,0,0,0,0,0,0,0,0,0,0,0,0,0,0,0,0,0,0,0,0,0,1,1,0,0,0,0,0,0,0,0,1,1,0,0,0,0,0,0,0,0,0,0,0,0,0,0,0,0,0,0,0,0,0,0,0,0,0,0,0,0,0,0,1,0,0,0,0,0,0,0,0,0,0,0,0,0,0,0,1,0,0,0,1,0,0,0,0,0,0,0,0,0,0,0,0,0,0,1,0,0,0,0,0,0,0.45384476541406576,-0.5013505258920863,-0.035767196546377604,0.9551952913061521,0.5013505258920863,0.912201742840421,-1.3056409048505746,11.420106764928192,0.23773526077097484,11.420106764928192,-4.7980144557823134,11.182371504157217,5.828921012849584,5.591185752078609,0.0894264691195633,3.038382346840131,11.959543463808414,6.606881964512918,6.076020106833881,6.26208044842079,0.0,6.923737199690624,0.0,4.736862953800049,0.0,17.96578232709628,0.0,61.64603210595768,60.53090846416296,8.905777393935816,5.812197319521205,4.981380475434849,2.874563498850794,10.0,4.0,4.41,64.0,0.0,0.45384476541406576,-0.5013505258920863,0.5013505258920863,0.45384476541406576,26.3,1.668,31.82799999999999,1.3,0.8
7608,Cc1ccc(NCCO)cc1O,0,7608,Cc1ccc(NCCO)cc1O,7608,Cc1ccc(NCCO)cc1O,Cc1ccc(NCCO)cc1O,Cc1ccc(NCCO)cc1O,Cc1ccc(NCCO)cc1O,7608.0,1.0,0.0,0.0,0.0,0.0,0.0,0.0,c1ccccc1,167.20800000000003,1.1048199999999997,52.49,3.0,3.0,3.0,1.0,1.0,3.0,0.3333333333333333,12.0,0.0,0.0,0.0,0.0,0.0,0.0,0.0,0.0,0.0,0.0,0.0,0.0,0.0,0.0,0.0,0.0,1.0,1.0,0.0,0.0,0.0,0.0,0.0,0.0,0.0,0.0,0.0,0.0,0.0,0.0,1.0,1.0,1.0,1.0,0.0,0.0,0.0,0.0,0.0,0.0,0.0,0.0,0.0,0.0,0.0,0.0,0.0,0.0,0.0,0.0,0.0,0.0,0.0,0.0,1.0,1.0,6.0,1.0,0.0,0.0,0.0,0.0,0.0,0.0,0.0,0.0,0.0,0.0,0.0,0.0,0.0,0.0,0.0,0.0,0.0,0.0,0.0,0.0,0.0,0.0,0.0,0.0,0.0,0.0,0.0,0.0,0.0,0.0,0.0,0.0,0.0,0.0,0.0,0.0,0.0,0.0,0.0,0.0,0.0,0.0,0.0,0.0,0.0,0.0,0.0,0.0,0.0,0.0,0.0,0.0,0.0,0.0,1.0,1.0,0.0,0.0,0.0,0.0,0.0,0.0,1.0,1.0,0.0,0.0,0.0,0.0,0.0,0.0,0.0,0.0,0.0,0.0,0.0,0.0,0.0,0.0,0.0,0.0,0.0,0.0,0.0,0.0,0.0,0.0,0.0,0.0,0.0,0.0,0.0,0.0,0.0,0.0,0.0,0.0,0.0,0.0,0.0,0.0,0.0,0.0,0.0,0.0,0.0,0.0,0.0,0.0,0.0,0.0,0.0,0.0,0.0,0.0,0.0,0.0,0.0,0.0,0.0,0.0,0.0,0.0,0.0,0.0,0.0,0.0,0.0,0.0,0.0,0.0,0.0,0.0,0.0,0.0,0.0,0.0,0.0,0.0,0.0,0.0,0.0,0.0,0.0,0.0,0.0,0.0,0.0,0.0,0.0,0.0,0.0,0.0,0.0,0.0,0.0,0.0,0.0,0.0,0.0,0.0,0.0,0.0,0.0,0.0,0.0,0.0,0.0,0.0,0.0,0.0,0.0,0.0,0.0,0.0,0.0,0.0,0.0,0.0,0.0,0.0,0.0,0.0,0.0,0.0,0.0,0.0,0.0,0.0,0.0,0.0,0.0,0.0,0.0,0.0,0.0,0.0,0.0,0.0,1.0,2.0,1.0,2.0,0.0,0.0,0,0,1,0,0,0,0,0,c1ccccc1,murcko,train,0,0,0,0,0,0,0,0,0,0,0,0,0,0,0,0,0,0,0,0,0,0,0,0,0,0,0,0,0,0,0,1,0,1,0,0,0,0,0,1,0,0,0,0,0,0,0,0,0,0,0,0,0,0,0,0,0,0,0,0,0,0,0,0,0,0,1,0,0,0,0,1,0,0,0,1,0,0,0,0,1,1,0,0,0,0,0,0,0,0,0,0,0,0,0,0,0,0,0,0,1,0,0,0,0,0,0,1,0,0,1,1,0,0,0,0,0,0,0,0,0,0,0,0,0,0,0,0,1,0,0,0,0,0,0,0,1,0,0,0,0,0,0,0,0,0,0,0,0,0,0,0,0,0,1,1,0,0,0,0,0,0,0,0,0,0,0,0,0,0,0,0,0,0,0,0,0,0,0,0,0,1,0,0,0,0,1,0,0,0,0,1,0,0,0,0,0,0,0,0,0,0,0,0,0,0,0,0,0,0,0,1,0,0,1,0,0,1,0,0,0,0,1,0,0,0,0,0,0,1,0,0,0,0,0,0,0,0,0,0,0,0,0,0,0,0,0,0,0,0,0,0,0,0,0,0,0.12004110208008437,-0.5076065804137463,-0.09688748762029008,0.6276476824938306,0.5076065804137463,0.25936178153004125,-1.422011632973522,9.29692932728647,0.09190310846560856,9.29692932728647,0.09190310846560856,9.205026218820862,4.694416217876039,4.602513109410431,0.10863630110638589,2.394077225070688,0.0,12.356393797796823,6.544756405912575,11.250837766380558,0.0,6.06636706846161,19.056471336613843,5.316788604006331,5.106527394840706,5.106527394840706,0.0,71.66455915068684,70.80466976885316,8.974691494688164,7.040691560941889,5.736382105218447,3.8814218260726765,8.872764378478664,3.97035601964101,2.134222588474927,66.0,0.0,0.12004110208008437,-0.5076065804137463,0.5076065804137463,0.12004110208008437,52.489999999999995,1.1048199999999997,48.41930000000003,1.1,0.7333333333333334
5694,C=CC(=O)OCCCCO,1,5694,C=CC(=O)OCCCCO,5694,C=CC(=O)OCCCCO,C=CC(=O)OCCCCO,C=CC(=O)OCCCCO,C=CC(=O)OCCCCO,5694.0,1.0,0.0,0.0,0.0,0.0,0.0,0.0,,144.17000000000002,0.4880999999999999,46.53,1.0,3.0,5.0,0.0,0.0,3.0,0.5714285714285714,10.0,0.0,0.0,0.0,0.0,0.0,0.0,0.0,0.0,0.0,0.0,0.0,0.0,0.0,0.0,0.0,0.0,0.0,0.0,0.0,0.0,0.0,0.0,0.0,0.0,0.0,0.0,0.0,0.0,0.0,0.0,1.0,1.0,0.0,0.0,1.0,1.0,0.0,0.0,0.0,0.0,0.0,0.0,0.0,0.0,1.0,1.0,0.0,0.0,0.0,0.0,1.0,1.0,0.0,0.0,0.0,0.0,0.0,0.0,0.0,0.0,0.0,0.0,0.0,0.0,0.0,0.0,0.0,0.0,0.0,0.0,0.0,0.0,0.0,0.0,0.0,0.0,0.0,0.0,0.0,0.0,0.0,0.0,0.0,0.0,0.0,0.0,0.0,0.0,0.0,0.0,0.0,0.0,0.0,0.0,0.0,0.0,0.0,0.0,0.0,0.0,0.0,0.0,0.0,0.0,0.0,0.0,0.0,0.0,0.0,0.0,0.0,0.0,0.0,0.0,0.0,0.0,0.0,0.0,0.0,0.0,0.0,0.0,0.0,0.0,0.0,0.0,0.0,0.0,0.0,0.0,0.0,0.0,0.0,0.0,0.0,0.0,0.0,0.0,0.0,0.0,0.0,0.0,0.0,0.0,0.0,0.0,0.0,0.0,0.0,0.0,0.0,0.0,0.0,0.0,0.0,0.0,0.0,0.0,0.0,0.0,0.0,0.0,0.0,0.0,0.0,0.0,0.0,0.0,1.0,1.0,0.0,0.0,0.0,0.0,0.0,0.0,0.0,0.0,0.0,0.0,0.0,0.0,0.0,0.0,0.0,0.0,0.0,0.0,0.0,0.0,0.0,0.0,0.0,0.0,0.0,0.0,0.0,0.0,0.0,0.0,0.0,0.0,0.0,0.0,0.0,0.0,0.0,0.0,0.0,0.0,0.0,0.0,0.0,0.0,0.0,0.0,0.0,0.0,0.0,0.0,0.0,0.0,0.0,0.0,0.0,0.0,0.0,0.0,0.0,0.0,0.0,0.0,0.0,0.0,0.0,0.0,0.0,0.0,0.0,0.0,0.0,0.0,0.0,0.0,0.0,0.0,0.0,0.0,0.0,0.0,0.0,0.0,0.0,0.0,0.0,0.0,1.0,1.0,1.0,1.0,0.0,0.0,0,0,0,0,1,0,1,0,ACY_*******(*)**,acyclic_anonymous_graph,train,0,0,0,0,0,0,0,0,0,0,1,0,0,1,0,0,0,0,0,0,0,0,0,0,0,0,0,0,0,1,0,0,0,0,0,0,0,0,0,1,0,0,0,0,0,0,0,0,0,1,0,0,0,0,0,0,0,0,0,0,0,0,0,0,0,0,0,0,0,0,0,0,0,0,0,0,0,0,0,0,1,0,0,0,0,0,1,0,0,0,0,0,0,0,0,0,0,0,0,0,0,0,0,0,0,0,1,0,0,1,0,0,0,0,0,0,0,0,0,1,0,0,0,0,0,1,0,0,0,0,0,0,0,0,0,0,0,0,1,0,0,0,0,0,0,0,0,1,0,0,0,0,0,0,0,0,0,0,0,0,0,0,0,0,0,0,0,0,0,0,0,0,0,0,0,0,0,0,0,0,0,0,1,1,0,0,0,0,0,0,0,1,0,0,0,0,0,0,1,0,0,0,0,0,0,0,0,0,1,0,0,0,0,0,0,0,0,1,0,0,0,0,1,0,0,1,0,0,0,0,0,0,0,0,0,0,0,0,0,0,0,0,0,0,1,0,0,0,0,0,0,0,0,0,0,0,0.3296378884136604,-0.46254461084510295,-0.07602325268909836,0.7921824992587634,0.46254461084510295,0.48056034129887837,-1.2407928681898621,10.372175453514739,0.14448389077853374,10.372175453514739,-0.40468537414965966,10.227691562736204,5.258329672146637,5.113845781368102,0.09777377366789412,2.7034478671334288,5.969305287951849,6.606881964512918,19.448525210364938,6.076020106833881,0.0,0.0,0.0,11.315798637398547,5.106527394840706,4.794537184071822,0.0,60.3086017637716,59.31759578597466,7.819990956308912,5.8765943515500485,4.808060412490447,3.21007461613419,9.17,6.292399020807833,5.309470013947001,58.0,0.0,0.3296378884136604,-0.46254461084510295,0.46254461084510295,0.3296378884136604,46.53,0.4880999999999999,37.4758,0.8999999999999999,1.6285714285714286
5503,CCCCCCCCCCCCCC(=O)OCC(CCCCCCCC)CCCCCCCCCC,0,5503,CCCCCCCCCCCCCC(=O)OCC(CCCCCCCC)CCCCCCCCCC,5503,CCCCCCCCCCCCCC(=O)OCC(CCCCCCCC)CCCCCCCCCC,CCCCCCCCCCCCCC(=O)OCC(CCCCCCCC)CCCCCCCCCC,CCCCCCCCCCCCCC(=O)OCC(CCCCCCCC)CCCCCCCCCC,CCCCCCCCCCCCCC(=O)OCC(CCCCCCCC)CCCCCCCCCC,5503.0,1.0,0.0,0.0,0.0,0.0,0.0,0.0,,508.9160000000007,12.128299999999983,26.3,0.0,2.0,30.0,0.0,0.0,2.0,0.9705882352941176,36.0,0.0,0.0,0.0,0.0,0.0,0.0,0.0,0.0,0.0,0.0,0.0,0.0,0.0,0.0,0.0,0.0,0.0,0.0,0.0,0.0,0.0,0.0,0.0,0.0,0.0,0.0,0.0,0.0,0.0,0.0,0.0,0.0,0.0,0.0,1.0,1.0,0.0,0.0,0.0,0.0,0.0,0.0,0.0,0.0,1.0,1.0,0.0,0.0,0.0,0.0,0.0,0.0,0.0,0.0,0.0,0.0,0.0,0.0,0.0,0.0,0.0,0.0,0.0,0.0,0.0,0.0,0.0,0.0,0.0,0.0,0.0,0.0,0.0,0.0,0.0,0.0,0.0,0.0,0.0,0.0,0.0,0.0,0.0,0.0,0.0,0.0,0.0,0.0,0.0,0.0,0.0,0.0,0.0,0.0,0.0,0.0,0.0,0.0,0.0,0.0,0.0,0.0,0.0,0.0,0.0,0.0,0.0,0.0,0.0,0.0,0.0,0.0,0.0,0.0,0.0,0.0,0.0,0.0,0.0,0.0,0.0,0.0,0.0,0.0,0.0,0.0,0.0,0.0,0.0,0.0,0.0,0.0,0.0,0.0,0.0,0.0,0.0,0.0,0.0,0.0,0.0,0.0,0.0,0.0,0.0,0.0,0.0,0.0,0.0,0.0,0.0,0.0,0.0,0.0,0.0,0.0,0.0,0.0,0.0,0.0,0.0,0.0,0.0,0.0,0.0,0.0,0.0,0.0,0.0,0.0,0.0,0.0,0.0,0.0,0.0,0.0,0.0,0.0,0.0,0.0,0.0,0.0,0.0,0.0,0.0,0.0,0.0,0.0,0.0,0.0,0.0,0.0,0.0,0.0,0.0,0.0,0.0,0.0,0.0,0.0,0.0,0.0,0.0,0.0,0.0,0.0,0.0,0.0,0.0,0.0,0.0,0.0,0.0,0.0,0.0,0.0,0.0,0.0,0.0,0.0,0.0,0.0,0.0,0.0,0.0,0.0,0.0,0.0,0.0,0.0,0.0,0.0,0.0,0.0,0.0,0.0,0.0,0.0,1.0,1.0,0.0,0.0,0.0,0.0,0.0,0.0,0.0,0.0,0.0,0.0,0.0,0.0,0.0,0.0,0.0,0.0,1.0,1.0,0.0,0.0,1.0,1.0,0,0,0,0,0,1,1,0,ACY_**************(*)***(********)**********,acyclic_anonymous_graph,train,0,1,0,1,0,0,0,0,0,0,0,0,0,0,0,0,0,0,0,0,0,0,0,0,0,0,1,0,1,0,0,0,0,1,0,0,0,0,1,1,0,0,0,0,0,0,0,0,0,0,0,0,0,0,0,0,0,0,0,0,0,0,0,0,0,0,0,0,0,0,0,0,0,0,0,0,0,0,0,1,1,0,0,0,0,0,0,0,0,0,0,0,0,0,0,0,0,0,0,0,0,0,0,0,0,0,1,0,0,0,0,0,0,0,0,0,0,0,1,1,0,0,0,0,0,1,0,0,0,0,0,0,0,0,0,0,0,0,1,0,1,0,1,0,0,0,0,1,0,0,0,0,0,0,0,0,0,0,0,0,0,0,0,0,1,1,0,0,0,0,0,0,0,0,0,0,0,0,0,0,0,0,0,1,0,0,0,0,0,0,0,0,0,0,0,0,0,0,0,0,0,0,0,0,0,1,0,0,0,0,0,0,0,0,0,0,0,1,0,0,0,0,0,0,0,0,0,1,0,0,0,0,0,0,1,0,0,0,0,0,0,0,0,1,0,0,0,0,0,0,0,0,0,0,0,0,0.3052876762646992,-0.46537952237704355,-0.05278995173414805,0.7706671986417428,0.46537952237704355,0.44486844533331876,-2.345306707762649,12.335272650248612,0.050735271179930264,12.335272650248612,0.050735271179930264,12.284537379068682,6.193003960714271,6.142268689534341,0.08140314682943414,3.122079153161427,0.0,5.969305287951849,18.94560963360032,6.4208216229260096,166.9413621960763,0.0,0.0,20.771211599071872,4.736862953800049,4.794537184071822,0.0,228.05740813246837,228.57971047749825,26.367903973975668,25.399943504527222,17.739912065068584,16.89654203060318,35.47,30.692363367463326,28.047742568301665,216.0,0.0,0.3052876762646992,-0.46537952237704355,0.46537952237704355,0.3052876762646992,26.3,12.128299999999983,160.7469999999997,0.0,7.688235294117647
4365,Nc1cc(Cl)nc(C(=O)O)c1Cl,1,4365,Nc1cc(Cl)nc(C(=O)O)c1Cl,4365,Nc1cc(Cl)nc(C(=O)O)c1Cl,Nc1cc(Cl)nc(C(=O)O)c1Cl,Nc1cc(Cl)nc(C(=O)O)c1Cl,Nc1cc(Cl)nc(C(=O)O)c1Cl,4365.0,1.0,0.0,0.0,0.0,0.0,0.0,0.0,c1ccncc1,207.016,1.6688,76.21,2.0,3.0,1.0,1.0,1.0,6.0,0.0,12.0,0.0,0.0,0.0,0.0,0.0,0.0,0.0,0.0,0.0,0.0,0.0,0.0,0.0,0.0,0.0,0.0,1.0,1.0,0.0,0.0,0.0,0.0,0.0,0.0,0.0,0.0,0.0,0.0,0.0,0.0,0.0,0.0,0.0,0.0,0.0,0.0,0.0,0.0,0.0,0.0,1.0,1.0,0.0,0.0,0.0,0.0,0.0,0.0,0.0,0.0,0.0,0.0,0.0,0.0,1.0,1.0,6.0,1.0,0.0,0.0,0.0,0.0,2.0,1.0,0.0,0.0,2.0,1.0,0.0,0.0,0.0,0.0,0.0,0.0,0.0,0.0,0.0,0.0,0.0,0.0,0.0,0.0,0.0,0.0,0.0,0.0,0.0,0.0,0.0,0.0,0.0,0.0,0.0,0.0,0.0,0.0,0.0,0.0,0.0,0.0,0.0,0.0,0.0,0.0,0.0,0.0,0.0,0.0,0.0,0.0,0.0,0.0,1.0,1.0,0.0,0.0,0.0,0.0,0.0,0.0,0.0,0.0,0.0,0.0,0.0,0.0,0.0,0.0,0.0,0.0,0.0,0.0,0.0,0.0,0.0,0.0,0.0,0.0,0.0,0.0,0.0,0.0,0.0,0.0,0.0,0.0,0.0,0.0,0.0,0.0,0.0,0.0,0.0,0.0,0.0,0.0,0.0,0.0,0.0,0.0,0.0,0.0,0.0,0.0,0.0,0.0,0.0,0.0,0.0,0.0,0.0,0.0,0.0,0.0,0.0,0.0,0.0,0.0,0.0,0.0,0.0,0.0,0.0,0.0,0.0,0.0,0.0,0.0,0.0,0.0,0.0,0.0,0.0,0.0,0.0,0.0,0.0,0.0,0.0,0.0,0.0,0.0,0.0,0.0,0.0,0.0,0.0,0.0,0.0,0.0,0.0,0.0,0.0,0.0,0.0,0.0,0.0,0.0,0.0,0.0,0.0,0.0,0.0,0.0,0.0,0.0,0.0,0.0,0.0,0.0,0.0,0.0,0.0,0.0,0.0,0.0,0.0,0.0,0.0,0.0,0.0,0.0,0.0,0.0,0.0,0.0,0.0,0.0,0.0,0.0,0.0,0.0,0.0,0.0,0.0,0.0,1.0,1.0,1.0,1.0,0.0,0.0,0,0,1,0,0,0,0,0,c1ccncc1,murcko,train,0,0,0,0,0,0,0,0,0,0,0,0,0,0,0,0,0,0,0,0,0,0,0,0,0,0,0,0,0,0,0,0,0,0,0,0,0,0,0,1,1,0,0,0,0,0,0,0,0,1,0,0,0,0,0,0,0,0,0,0,0,0,0,1,0,0,0,0,0,0,0,0,0,0,0,0,0,0,0,0,0,1,0,0,1,0,0,0,0,0,0,0,0,0,0,0,0,0,0,0,1,1,0,0,0,0,0,1,0,0,0,0,0,0,0,0,0,0,0,0,0,0,1,0,0,1,0,0,0,0,0,0,0,1,0,0,0,0,1,0,0,0,1,0,0,0,0,1,0,0,0,0,0,0,0,0,0,1,1,0,0,0,0,0,0,0,0,0,0,0,0,0,0,0,0,0,0,1,0,0,0,0,0,0,0,0,0,0,0,0,0,0,0,0,0,0,0,0,0,0,1,0,0,0,0,0,0,0,0,0,0,1,0,0,0,0,0,0,0,0,0,1,1,0,0,0,0,0,0,0,0,0,0,0,1,0,0,0,0,0,0,0,0,1,0,0,0,0,0,0,0,0,0,0,0,0,0.35569602252148264,-0.47646794636936696,-0.05641943310594779,0.8321639688908495,0.47646794636936696,0.8102203469483871,-1.4872535442197605,10.465061728395062,0.008611111111111347,10.465061728395062,-1.2553703703703702,10.45645061728395,5.236836419753087,5.228225308641975,0.09563474611041091,2.622730856866591,5.969305287951849,21.557057400166144,0.0,0.0,6.06636706846161,0.0,0.0,4.9839785209472085,34.042074652467925,4.794537184071822,0.0,77.91817221785593,77.41332011406656,9.300964908321225,5.713304965861485,5.519744507803581,2.8689344152755343,9.090909090909092,3.1640625,1.5955678670360112,64.0,0.0,0.35569602252148264,-0.47646794636936696,0.47646794636936696,0.35569602252148264,76.21,1.6688,45.628699999999995,0.8999999999999999,0.2
5801,CC1(C)CCCC(C)(C)N1[O],1,5801,CC1(C)CCCC(C)(C)N1[O],5801,CC1(C)CCCC(C)(C)N1[O],CC1(C)CCCC(C)(C)N1[O],CC1(C)CCCC(C)(C)N1[O],CC1(C)CCCC(C)(C)N1[O],5801.0,1.0,0.0,0.0,0.0,0.0,0.0,0.0,C1CCNCC1,156.249,2.375000000000001,23.14,0.0,1.0,0.0,1.0,0.0,2.0,1.0,11.0,0.0,0.0,0.0,0.0,0.0,0.0,0.0,0.0,0.0,0.0,0.0,0.0,0.0,0.0,0.0,0.0,0.0,0.0,0.0,0.0,0.0,0.0,0.0,0.0,0.0,0.0,0.0,0.0,0.0,0.0,0.0,0.0,0.0,0.0,0.0,0.0,0.0,0.0,0.0,0.0,0.0,0.0,0.0,0.0,0.0,0.0,0.0,0.0,0.0,0.0,0.0,0.0,0.0,0.0,0.0,0.0,0.0,0.0,0.0,0.0,0.0,0.0,0.0,0.0,0.0,0.0,0.0,0.0,0.0,0.0,0.0,0.0,0.0,0.0,0.0,0.0,0.0,0.0,0.0,0.0,0.0,0.0,0.0,0.0,0.0,0.0,0.0,0.0,0.0,0.0,0.0,0.0,0.0,0.0,0.0,0.0,0.0,0.0,0.0,0.0,0.0,0.0,0.0,0.0,0.0,0.0,0.0,0.0,0.0,0.0,0.0,0.0,0.0,0.0,0.0,0.0,0.0,0.0,0.0,0.0,0.0,0.0,0.0,0.0,0.0,0.0,0.0,0.0,0.0,0.0,0.0,0.0,0.0,0.0,0.0,0.0,0.0,0.0,0.0,0.0,0.0,0.0,0.0,0.0,0.0,0.0,0.0,0.0,0.0,0.0,0.0,0.0,0.0,0.0,0.0,0.0,0.0,0.0,0.0,0.0,0.0,0.0,0.0,0.0,0.0,0.0,0.0,0.0,0.0,0.0,0.0,0.0,0.0,0.0,0.0,0.0,0.0,0.0,0.0,0.0,0.0,0.0,0.0,0.0,0.0,0.0,0.0,0.0,0.0,0.0,0.0,0.0,0.0,0.0,0.0,0.0,0.0,0.0,0.0,0.0,0.0,0.0,0.0,0.0,0.0,0.0,0.0,0.0,0.0,0.0,0.0,0.0,0.0,0.0,0.0,0.0,0.0,0.0,0.0,0.0,0.0,0.0,0.0,0.0,0.0,0.0,0.0,0.0,0.0,0.0,0.0,0.0,0.0,0.0,0.0,0.0,0.0,0.0,0.0,0.0,0.0,0.0,0.0,0.0,0.0,0.0,0.0,0.0,0.0,0.0,0.0,0.0,0.0,0.0,0.0,0.0,0.0,0.0,0.0,0.0,0.0,0.0,0,0,0,0,0,0,0,0,C1CCNCC1,murcko,train,0,0,1,0,1,0,0,0,0,0,0,0,0,0,0,0,0,0,0,0,0,0,0,0,0,0,0,0,0,0,0,0,0,1,0,0,1,0,0,0,0,0,0,0,0,0,0,0,0,0,0,0,0,0,0,0,0,0,0,1,0,0,1,0,0,0,0,0,0,0,0,0,0,0,0,0,0,0,0,0,0,0,0,0,0,0,0,0,0,0,0,0,1,0,0,0,0,0,0,0,0,0,0,0,0,0,0,0,0,0,0,0,0,0,0,0,0,0,0,0,0,0,1,0,0,0,0,0,0,0,0,0,0,0,0,0,0,0,1,0,0,0,0,0,0,0,0,0,0,0,0,0,0,0,0,0,0,0,1,0,0,0,0,0,0,0,0,1,0,0,0,0,0,0,0,0,0,0,0,0,0,0,0,0,0,0,0,0,0,0,0,0,0,0,0,1,0,0,0,0,0,0,0,0,0,0,0,0,0,0,0,0,0,0,0,0,0,0,0,0,0,0,0,0,0,0,0,0,0,0,0,0,0,0,0,0,1,0,0,0,0,0,0,0,0,0,0,0,0,0,1,0,0,0,0,0,0.044323693025724,-0.14391229431909255,-0.04255616531425689,0.18823598734481656,0.14391229431909255,0.088647386051448,-0.5567652045082738,11.685277777777777,0.15104166666666652,11.685277777777777,-0.15104166666666652,11.534236111111111,5.918159722222222,5.767118055555556,0.08669841594769195,3.0365785961320526,0.0,11.07785050476669,0.0,12.841643245852019,11.484039347891358,0.0,27.694948798762496,0.0,0.0,5.20725302477729,0.0,69.16106271135054,68.30573492204985,8.698670612749268,7.976782229523463,4.8618073195658,4.336894562521561,9.011575091575093,2.4579065688775508,1.5681347075047176,65.0,1.0,0.044323693025724,-0.14391229431909255,0.14391229431909255,0.044323693025724,23.14,2.375000000000001,44.534500000000016,0.0,0.4
10956,CCN(CC)c1ccc(C(=O)c2ccc(N(CC)CC)cc2)cc1,1,10956,CCN(CC)c1ccc(C(=O)c2ccc(N(CC)CC)cc2)cc1,10956,CCN(CC)c1ccc(C(=O)c2ccc(N(CC)CC)cc2)cc1,CCN(CC)c1ccc(C(=O)c2ccc(N(CC)CC)cc2)cc1,CCN(CC)c1ccc(C(=O)c2ccc(N(CC)CC)cc2)cc1,CCN(CC)c1ccc(C(=O)c2ccc(N(CC)CC)cc2)cc1,10956.0,1.0,0.0,0.0,0.0,0.0,0.0,0.0,O=C(c1ccccc1)c1ccccc1,324.468,4.610000000000004,23.550000000000004,0.0,3.0,8.0,2.0,2.0,3.0,0.3809523809523809,24.0,0.0,0.0,0.0,0.0,0.0,0.0,0.0,0.0,0.0,0.0,0.0,0.0,0.0,0.0,0.0,0.0,2.0,1.0,0.0,0.0,0.0,0.0,0.0,0.0,0.0,0.0,0.0,0.0,0.0,0.0,0.0,0.0,0.0,0.0,0.0,0.0,0.0,0.0,1.0,1.0,0.0,0.0,0.0,0.0,0.0,0.0,0.0,0.0,0.0,0.0,0.0,0.0,0.0,0.0,2.0,1.0,12.0,1.0,0.0,0.0,0.0,0.0,0.0,0.0,0.0,0.0,0.0,0.0,0.0,0.0,0.0,0.0,0.0,0.0,0.0,0.0,0.0,0.0,0.0,0.0,0.0,0.0,0.0,0.0,0.0,0.0,0.0,0.0,0.0,0.0,0.0,0.0,0.0,0.0,0.0,0.0,0.0,0.0,0.0,0.0,0.0,0.0,0.0,0.0,0.0,0.0,0.0,0.0,0.0,0.0,0.0,0.0,0.0,0.0,0.0,0.0,0.0,0.0,0.0,0.0,0.0,0.0,2.0,1.0,0.0,0.0,0.0,0.0,0.0,0.0,0.0,0.0,0.0,0.0,0.0,0.0,0.0,0.0,0.0,0.0,0.0,0.0,0.0,0.0,0.0,0.0,0.0,0.0,0.0,0.0,0.0,0.0,0.0,0.0,0.0,0.0,0.0,0.0,0.0,0.0,0.0,0.0,0.0,0.0,0.0,0.0,0.0,0.0,0.0,0.0,0.0,0.0,0.0,0.0,0.0,0.0,0.0,0.0,0.0,0.0,0.0,0.0,0.0,0.0,0.0,0.0,0.0,0.0,0.0,0.0,0.0,0.0,0.0,0.0,0.0,0.0,0.0,0.0,0.0,0.0,0.0,0.0,0.0,0.0,0.0,0.0,0.0,0.0,0.0,0.0,0.0,0.0,0.0,0.0,0.0,0.0,0.0,0.0,0.0,0.0,0.0,0.0,0.0,0.0,0.0,0.0,0.0,0.0,0.0,0.0,0.0,0.0,0.0,0.0,0.0,0.0,0.0,0.0,0.0,0.0,0.0,0.0,0.0,0.0,0.0,0.0,0.0,0.0,0.0,0.0,0.0,0.0,0.0,0.0,0.0,0.0,1.0,1.0,1.0,1.0,0.0,0.0,0,0,1,0,0,0,0,0,O=C(c1ccccc1)c1ccccc1,murcko,train,0,0,0,0,0,0,0,0,0,1,0,0,0,0,0,0,0,0,0,0,0,0,0,0,0,0,0,0,0,0,0,0,0,1,0,0,0,0,1,1,0,0,0,0,0,0,0,0,0,0,0,0,0,1,0,0,0,0,0,0,0,0,0,0,0,0,0,0,0,0,0,0,1,0,0,0,0,0,0,0,1,1,0,0,0,0,0,0,0,0,0,0,0,0,0,0,0,0,0,0,1,0,0,0,0,1,0,0,0,0,0,0,0,1,0,0,0,0,0,0,0,0,0,0,0,1,0,0,0,0,0,0,0,0,0,0,0,0,1,0,0,0,0,0,0,0,0,0,0,0,0,1,0,0,0,0,0,0,0,0,0,1,0,0,1,0,0,0,0,0,0,0,0,0,0,0,0,0,0,0,1,0,0,0,0,0,0,0,0,0,0,0,1,0,0,0,0,0,0,0,0,0,0,0,0,0,0,0,0,0,0,0,0,0,1,0,0,0,0,0,0,0,0,0,0,0,0,0,0,0,0,0,0,0,0,0,0,0,0,1,0,0,0,0,0,0,0,0,0,0,0,0,0,0,0,1,0.1925247979807671,-0.37209162912898824,-0.0500162477178861,0.5646164271097553,0.37209162912898824,0.3705601015528243,-1.5709500467820912,12.65956002771479,0.07610544217687121,12.65956002771479,0.07610544217687121,12.583454585537918,6.36783273494583,6.291727292768959,0.07946943291306455,3.222429378562762,0.0,5.783244946364939,0.0,48.68070115641141,0.0,0.0,48.53093654769288,37.49476826046345,0.0,4.794537184071822,0.0,145.45416579558096,145.2841880950045,17.52673325856595,15.249904759726979,11.638090212835507,8.887410339637269,18.054511939157425,8.530877674055283,3.966010134020676,128.0,0.0,0.1925247979807671,-0.37209162912898824,0.37209162912898824,0.1925247979807671,23.550000000000004,4.610000000000004,103.43850000000006,0.8999999999999999,1.7523809523809524
7347,O=[N+]([O-])c1ccc(N=Nc2c(O)ccc3ccccc23)c(O)c1,0,7347,O=[N+]([O-])c1ccc(N=Nc2c(O)ccc3ccccc23)c(O)c1,7347,O=[N+]([O-])c1ccc(N=Nc2c(O)ccc3ccccc23)c(O)c1,O=[N+]([O-])c1ccc(N=Nc2c(O)ccc3ccccc23)c(O)c1,O=[N+]([O-])c1ccc(N=Nc2c(O)ccc3ccccc23)c(O)c1,O=[N+]([O-])c1ccc(N=Nc2c(O)ccc3ccccc23)c(O)c1,7347.0,1.0,0.0,0.0,0.0,0.0,0.0,0.0,c1ccc(N=Nc2cccc3ccccc23)cc1,309.28100000000006,4.574600000000003,108.32,2.0,6.0,3.0,3.0,3.0,7.0,0.0,23.0,0.0,1.0,0.0,0.0,0.0,0.0,0.0,0.0,0.0,0.0,0.0,0.0,0.0,0.0,0.0,0.0,1.0,1.0,0.0,0.0,0.0,0.0,1.0,1.0,0.0,0.0,0.0,0.0,0.0,0.0,0.0,0.0,2.0,1.0,0.0,0.0,0.0,0.0,0.0,0.0,0.0,0.0,0.0,0.0,0.0,0.0,0.0,0.0,0.0,0.0,0.0,0.0,0.0,0.0,3.0,1.0,28.0,1.0,2.0,1.0,0.0,0.0,0.0,0.0,0.0,0.0,0.0,0.0,0.0,0.0,0.0,0.0,0.0,0.0,0.0,0.0,0.0,0.0,0.0,0.0,0.0,0.0,0.0,0.0,0.0,0.0,0.0,0.0,0.0,0.0,0.0,0.0,0.0,0.0,0.0,0.0,0.0,0.0,0.0,0.0,0.0,0.0,0.0,0.0,0.0,0.0,0.0,0.0,0.0,0.0,0.0,0.0,0.0,0.0,0.0,0.0,0.0,0.0,1.0,1.0,0.0,0.0,0.0,0.0,0.0,0.0,2.0,1.0,0.0,0.0,0.0,0.0,0.0,0.0,0.0,0.0,0.0,0.0,0.0,0.0,0.0,0.0,0.0,0.0,0.0,0.0,0.0,0.0,0.0,0.0,0.0,0.0,0.0,0.0,0.0,0.0,0.0,0.0,0.0,0.0,0.0,0.0,0.0,0.0,0.0,0.0,0.0,0.0,0.0,0.0,0.0,0.0,0.0,0.0,0.0,0.0,0.0,0.0,0.0,0.0,0.0,0.0,0.0,0.0,0.0,0.0,0.0,0.0,0.0,0.0,0.0,0.0,0.0,0.0,0.0,0.0,0.0,0.0,0.0,0.0,0.0,0.0,0.0,0.0,0.0,0.0,0.0,0.0,0.0,0.0,0.0,0.0,0.0,0.0,0.0,0.0,0.0,0.0,0.0,0.0,0.0,0.0,0.0,0.0,0.0,0.0,0.0,0.0,0.0,0.0,0.0,0.0,0.0,0.0,0.0,0.0,0.0,0.0,0.0,0.0,0.0,0.0,0.0,0.0,0.0,0.0,0.0,0.0,0.0,0.0,0.0,0.0,0.0,0.0,0.0,0.0,1.0,2.0,1.0,2.0,0.0,0.0,0,0,1,0,0,0,0,0,c1ccc(N=Nc2cccc3ccccc23)cc1,murcko,train,0,0,0,0,0,0,0,0,1,1,0,0,0,0,0,0,0,1,1,0,0,0,1,0,0,0,0,0,0,0,0,0,0,0,0,0,0,1,0,1,0,0,0,0,0,0,0,0,0,0,0,0,1,0,0,0,0,0,0,0,0,0,0,1,1,0,1,0,1,1,1,1,0,0,0,0,0,1,0,0,1,1,0,0,0,0,0,0,0,0,0,0,0,0,0,0,0,0,0,0,1,0,0,0,0,0,1,1,0,0,0,0,0,0,0,0,0,0,0,0,0,0,0,0,0,0,1,0,0,1,0,0,0,0,0,0,0,0,1,0,0,0,0,0,0,0,0,0,1,0,0,0,0,0,0,0,0,0,0,0,0,0,0,1,0,0,0,0,0,0,0,1,0,0,0,1,0,0,0,0,0,0,0,0,0,0,0,0,0,0,0,0,0,0,0,1,0,0,0,0,0,0,0,1,0,0,0,0,0,0,0,0,0,1,1,1,0,0,0,0,0,0,0,1,0,0,0,0,0,0,0,0,0,0,0,0,0,0,0,0,0,1,0,0,0,0,0,0,0,0,1,0,0,0,0,0,0.2727870548755427,-0.5055931439927194,-0.05106838133944611,0.7783801988682622,0.5055931439927194,0.982285115460626,-2.156857886267886,10.642233484357472,0.047359746367682476,10.642233484357472,-0.6139138217015199,10.59487373798979,5.344796615362577,5.297436868994895,0.09438526826556917,2.696289881885027,4.923311048817671,28.561182490618496,5.386224214464796,11.452591282926406,18.19910120538483,12.13273413692322,18.19910120538483,10.228500251258795,0.0,20.327373058446984,0.0,129.85838292867712,129.41011889422603,16.396976746569035,11.748716981134152,11.058550648063802,6.659250103845177,14.456968809165158,5.721853951403024,2.795596941155022,114.0,0.0,0.2727870548755427,-0.5055931439927194,0.5055931439927194,0.2727870548755427,108.32000000000001,4.574600000000003,84.55000000000003,1.1,0.6000000000000001
6344,CC(=O)C(N=Nc1ccccc1C(=O)O)C(=O)Nc1ccc2[nH]c(=O)[nH]c2c1,0,6344,CC(=O)C(N=Nc1ccccc1C(=O)O)C(=O)Nc1ccc2[nH]c(=O)[nH]c2c1,6344,CC(=O)C(N=Nc1ccccc1C(=O)O)C(=O)Nc1ccc2[nH]c(=O)[nH]c2c1,CC(=O)C(N=Nc1ccccc1C(=O)O)C(=O)Nc1ccc2[nH]c(=O)[nH]c2c1,CC(=O)C(N=Nc1ccccc1C(=O)O)C(=O)Nc1ccc2[nH]c(=O)[nH]c2c1,CC(=O)C(N=Nc1ccccc1C(=O)O)C(=O)Nc1ccc2[nH]c(=O)[nH]c2c1,6344.0,1.0,0.0,0.0,0.0,0.0,0.0,0.0,O=C(CN=Nc1ccccc1)Nc1ccc2[nH]c(=O)[nH]c2c1,381.34800000000007,2.2344,156.83999999999995,4.0,6.0,6.0,3.0,3.0,10.0,0.1111111111111111,28.0,0.0,0.0,0.0,0.0,0.0,0.0,0.0,0.0,0.0,0.0,1.0,1.0,0.0,0.0,0.0,0.0,1.0,1.0,0.0,0.0,0.0,0.0,1.0,1.0,0.0,0.0,0.0,0.0,0.0,0.0,0.0,0.0,0.0,0.0,0.0,0.0,0.0,0.0,1.0,1.0,1.0,1.0,0.0,0.0,0.0,0.0,0.0,0.0,0.0,0.0,0.0,0.0,0.0,0.0,2.0,1.0,23.0,1.0,2.0,1.0,0.0,0.0,0.0,0.0,0.0,0.0,0.0,0.0,0.0,0.0,0.0,0.0,0.0,0.0,0.0,0.0,0.0,0.0,0.0,0.0,0.0,0.0,0.0,0.0,0.0,0.0,0.0,0.0,0.0,0.0,0.0,0.0,0.0,0.0,0.0,0.0,0.0,0.0,0.0,0.0,0.0,0.0,0.0,0.0,0.0,0.0,0.0,0.0,0.0,0.0,0.0,0.0,0.0,0.0,0.0,0.0,0.0,0.0,0.0,0.0,0.0,0.0,0.0,0.0,1.0,1.0,1.0,1.0,0.0,0.0,0.0,0.0,1.0,1.0,0.0,0.0,0.0,0.0,0.0,0.0,0.0,0.0,0.0,0.0,0.0,0.0,0.0,0.0,0.0,0.0,0.0,0.0,0.0,0.0,0.0,0.0,0.0,0.0,0.0,0.0,0.0,0.0,0.0,0.0,0.0,0.0,0.0,0.0,0.0,0.0,0.0,0.0,0.0,0.0,0.0,0.0,0.0,0.0,0.0,0.0,0.0,0.0,0.0,0.0,0.0,0.0,0.0,0.0,0.0,0.0,0.0,0.0,0.0,0.0,0.0,0.0,0.0,0.0,0.0,0.0,0.0,0.0,0.0,0.0,0.0,0.0,0.0,0.0,0.0,0.0,0.0,0.0,0.0,0.0,0.0,0.0,0.0,0.0,0.0,0.0,0.0,0.0,0.0,0.0,0.0,0.0,0.0,0.0,0.0,0.0,0.0,0.0,1.0,1.0,1.0,1.0,0.0,0.0,0.0,0.0,0.0,0.0,0.0,0.0,0.0,0.0,0.0,0.0,0.0,0.0,0.0,0.0,0.0,0.0,0.0,0.0,1.0,5.0,1.0,3.0,1.0,2.0,0,0,1,0,0,0,0,0,O=C(CN=Nc1ccccc1)Nc1ccc2[nH]c(=O)[nH]c2c1,murcko,train,1,1,0,0,0,0,0,0,0,0,0,0,0,0,0,0,0,0,1,0,0,0,0,1,1,0,0,0,0,0,0,0,0,1,1,0,0,0,0,1,0,0,0,0,0,0,0,0,1,0,0,0,0,0,0,0,0,0,1,0,0,1,0,0,1,0,0,0,0,0,0,0,0,0,0,1,0,0,0,0,0,1,0,0,0,0,0,0,1,0,1,0,0,0,0,1,0,1,1,0,1,0,0,0,0,0,0,1,0,0,0,0,0,0,0,0,0,0,0,1,0,0,0,0,0,1,0,0,1,0,1,0,0,1,1,0,0,1,1,0,0,0,0,0,0,0,0,1,0,1,0,0,0,0,0,0,0,0,0,0,0,0,0,1,0,0,1,1,0,0,0,0,0,0,0,1,0,0,0,0,0,0,0,0,1,0,0,0,0,0,0,1,0,0,0,1,0,0,0,1,1,0,0,0,0,0,0,0,0,1,0,0,1,1,1,0,0,0,0,0,0,0,0,0,0,0,0,0,0,0,0,0,0,0,0,0,0,0,0,0,0,0,0,0,0,0,0,0,0,1,0,0,0,0,0,0,0.3374629951675293,-0.4775815468595991,-0.05096311800247386,0.8150445420271284,0.4775815468595991,1.655788600373311,-3.082755904442579,12.453682681405898,0.0281180916913244,12.453682681405898,-1.455720610775175,12.425564589714574,6.240900386548611,6.212782294857287,0.08047924042242421,3.1345728681868525,23.701570792816256,16.94058116458403,16.720787709916088,0.0,31.18920547353706,18.19910120538483,0.0,25.513245897159543,5.106527394840706,19.178148736287287,0.0,156.86064301170828,156.54916837452578,20.25878406613483,14.593436101872335,13.346244348298505,8.114643476266682,18.703393347050756,7.658770496181169,4.00858422882755,142.0,0.0,0.3374629951675293,-0.4775815468595991,0.4775815468595991,0.3374629951675293,156.83999999999997,2.2344,99.93540000000003,1.3,1.2444444444444447
8475,CC(=O)C(N=Nc1ccc(Cl)cc1[N+](=O)[O-])C(=O)Nc1ccccc1Cl,0,8475,CC(=O)C(N=Nc1ccc(Cl)cc1[N+](=O)[O-])C(=O)Nc1ccccc1Cl,8475,CC(=O)C(N=Nc1ccc(Cl)cc1[N+](=O)[O-])C(=O)Nc1ccccc1Cl,CC(=O)C(N=Nc1ccc(Cl)cc1[N+](=O)[O-])C(=O)Nc1ccccc1Cl,CC(=O)C(N=Nc1ccc(Cl)cc1[N+](=O)[O-])C(=O)Nc1ccccc1Cl,CC(=O)C(N=Nc1ccc(Cl)cc1[N+](=O)[O-])C(=O)Nc1ccccc1Cl,8475.0,1.0,0.0,0.0,0.0,0.0,0.0,0.0,O=C(CN=Nc1ccccc1)Nc1ccccc1,395.202,4.581600000000002,114.03,1.0,6.0,6.0,2.0,2.0,10.0,0.125,26.0,0.0,1.0,0.0,0.0,0.0,0.0,0.0,0.0,0.0,0.0,1.0,1.0,0.0,0.0,0.0,0.0,2.0,1.0,0.0,0.0,0.0,0.0,1.0,1.0,0.0,0.0,0.0,0.0,0.0,0.0,0.0,0.0,0.0,0.0,0.0,0.0,0.0,0.0,1.0,1.0,0.0,0.0,0.0,0.0,0.0,0.0,0.0,0.0,0.0,0.0,0.0,0.0,0.0,0.0,2.0,1.0,12.0,1.0,0.0,0.0,0.0,0.0,2.0,1.0,0.0,0.0,2.0,1.0,0.0,0.0,0.0,0.0,0.0,0.0,0.0,0.0,0.0,0.0,0.0,0.0,0.0,0.0,0.0,0.0,0.0,0.0,0.0,0.0,0.0,0.0,0.0,0.0,0.0,0.0,0.0,0.0,0.0,0.0,0.0,0.0,0.0,0.0,0.0,0.0,0.0,0.0,0.0,0.0,0.0,0.0,0.0,0.0,0.0,0.0,0.0,0.0,0.0,0.0,1.0,1.0,0.0,0.0,0.0,0.0,1.0,1.0,1.0,1.0,0.0,0.0,0.0,0.0,1.0,1.0,0.0,0.0,0.0,0.0,0.0,0.0,0.0,0.0,0.0,0.0,0.0,0.0,0.0,0.0,0.0,0.0,0.0,0.0,0.0,0.0,0.0,0.0,0.0,0.0,0.0,0.0,0.0,0.0,0.0,0.0,0.0,0.0,0.0,0.0,0.0,0.0,0.0,0.0,0.0,0.0,0.0,0.0,0.0,0.0,0.0,0.0,0.0,0.0,0.0,0.0,0.0,0.0,0.0,0.0,0.0,0.0,0.0,0.0,0.0,0.0,0.0,0.0,0.0,0.0,0.0,0.0,0.0,0.0,0.0,0.0,2.0,1.0,0.0,0.0,0.0,0.0,0.0,0.0,0.0,0.0,0.0,0.0,0.0,0.0,0.0,0.0,0.0,0.0,0.0,0.0,0.0,0.0,0.0,0.0,0.0,0.0,0.0,0.0,0.0,0.0,0.0,0.0,0.0,0.0,0.0,0.0,0.0,0.0,0.0,0.0,0.0,0.0,0.0,0.0,0.0,0.0,0.0,0.0,0.0,0.0,0.0,0.0,1.0,5.0,1.0,4.0,1.0,1.0,0,0,1,0,0,0,0,0,O=C(CN=Nc1ccccc1)Nc1ccccc1,murcko,train,0,1,0,0,0,0,0,0,0,0,0,0,0,0,0,0,1,0,1,0,0,0,0,0,1,0,0,0,0,0,0,0,0,1,1,0,0,0,0,1,0,0,0,0,0,0,0,0,1,1,0,0,0,0,0,0,0,0,0,0,0,1,0,0,1,0,0,0,0,1,1,0,0,0,0,0,0,0,0,0,1,1,0,0,1,0,0,0,1,0,0,0,0,0,0,1,0,0,1,0,1,0,0,0,0,0,0,1,0,0,1,0,0,0,0,0,0,0,0,0,0,0,0,0,0,1,1,0,1,0,1,0,0,0,1,0,0,1,1,0,0,0,0,0,0,0,0,1,0,0,0,0,0,0,0,0,0,0,0,0,1,0,0,1,0,1,1,0,1,0,0,1,0,0,0,1,0,0,0,0,0,0,0,0,0,0,0,0,0,0,0,0,0,0,0,0,0,0,0,0,1,0,0,1,1,0,1,0,0,0,0,0,0,1,1,0,1,0,0,0,0,0,0,0,0,0,0,0,0,0,0,0,0,0,0,0,0,0,0,0,0,1,0,0,0,0,0,0,0,1,0,0,0,0,0,0,0.2976939268843156,-0.3224201671208031,-0.030468284062506765,0.6201140940051187,0.3224201671208031,1.3642570627459283,-2.156432448371104,12.30116848282523,0.12852451989026026,12.30116848282523,-1.4846713592844554,12.17264396293497,6.214846501357744,6.086321981467485,0.08215142109183057,3.1730425331626813,28.342962828365636,15.732652902166215,5.687386274683562,12.990104268152233,12.13273413692322,24.26546827384644,0.0,15.545288855265127,23.20187978046503,19.703392636909214,0.0,157.52745818759522,157.60186995677668,19.267220234572108,13.349365047890789,12.290601455632679,7.199508030482157,19.4842730581992,8.502866466661912,4.838330314803279,134.0,0.0,0.2976939268843156,-0.3224201671208031,0.3224201671208031,0.2976939268843156,114.03,4.581600000000002,97.17309999999999,1.5,1.2500000000000002
6012,C=C(C)C(=O)OC(C)CO,1,6012,C=C(C)C(=O)OC(C)CO,6012,C=C(C)C(=O)OC(C)CO,C=C(C)C(=O)OC(C)CO,C=C(C)C(=O)OC(C)CO,C=C(C)C(=O)OC(C)CO,6012.0,1.0,0.0,0.0,0.0,0.0,0.0,0.0,,144.17,0.4865,46.53,1.0,3.0,3.0,0.0,0.0,3.0,0.5714285714285714,10.0,0.0,0.0,0.0,0.0,0.0,0.0,0.0,0.0,0.0,0.0,0.0,0.0,0.0,0.0,0.0,0.0,0.0,0.0,0.0,0.0,0.0,0.0,0.0,0.0,0.0,0.0,0.0,0.0,0.0,0.0,1.0,1.0,0.0,0.0,1.0,1.0,0.0,0.0,0.0,0.0,0.0,0.0,0.0,0.0,1.0,1.0,0.0,0.0,0.0,0.0,1.0,1.0,0.0,0.0,0.0,0.0,0.0,0.0,0.0,0.0,0.0,0.0,0.0,0.0,0.0,0.0,0.0,0.0,0.0,0.0,0.0,0.0,0.0,0.0,0.0,0.0,0.0,0.0,0.0,0.0,0.0,0.0,0.0,0.0,0.0,0.0,0.0,0.0,0.0,0.0,0.0,0.0,0.0,0.0,0.0,0.0,0.0,0.0,0.0,0.0,0.0,0.0,0.0,0.0,0.0,0.0,0.0,0.0,0.0,0.0,0.0,0.0,0.0,0.0,0.0,0.0,0.0,0.0,0.0,0.0,0.0,0.0,0.0,0.0,0.0,0.0,0.0,0.0,0.0,0.0,0.0,0.0,0.0,0.0,0.0,0.0,0.0,0.0,0.0,0.0,0.0,0.0,0.0,0.0,0.0,0.0,0.0,0.0,0.0,0.0,0.0,0.0,0.0,0.0,0.0,0.0,0.0,0.0,0.0,0.0,0.0,0.0,0.0,0.0,0.0,0.0,0.0,0.0,1.0,1.0,0.0,0.0,0.0,0.0,0.0,0.0,0.0,0.0,0.0,0.0,0.0,0.0,0.0,0.0,0.0,0.0,0.0,0.0,0.0,0.0,0.0,0.0,0.0,0.0,0.0,0.0,0.0,0.0,0.0,0.0,0.0,0.0,0.0,0.0,0.0,0.0,0.0,0.0,0.0,0.0,0.0,0.0,0.0,0.0,0.0,0.0,0.0,0.0,0.0,0.0,0.0,0.0,0.0,0.0,0.0,0.0,0.0,0.0,0.0,0.0,0.0,0.0,0.0,0.0,0.0,0.0,0.0,0.0,0.0,0.0,0.0,0.0,0.0,0.0,0.0,0.0,0.0,0.0,0.0,0.0,0.0,0.0,0.0,0.0,0.0,0.0,1.0,1.0,1.0,1.0,0.0,0.0,0,0,0,0,1,0,1,0,ACY_***(*)**(*)*(*)*,acyclic_anonymous_graph,train,0,1,0,0,0,0,0,0,0,0,0,0,0,0,0,0,0,0,0,0,0,0,0,0,0,0,0,1,0,0,0,0,1,1,0,0,0,0,0,1,0,0,0,0,0,0,0,0,0,0,0,0,0,0,0,0,0,0,0,0,1,0,0,0,0,0,0,0,0,1,0,0,0,1,0,0,0,0,0,0,1,0,0,0,0,0,1,0,0,0,0,0,0,0,0,0,0,0,0,0,0,0,0,0,0,0,0,0,0,0,0,0,0,0,0,0,0,0,0,0,0,0,0,0,0,1,0,0,0,0,0,0,0,0,0,0,0,0,1,0,0,0,0,0,0,0,0,0,0,0,0,0,0,0,0,0,0,0,0,0,0,0,0,0,0,0,0,1,0,0,0,0,0,0,0,0,0,0,0,0,0,0,0,1,1,0,0,0,0,0,0,0,0,0,0,0,0,0,0,0,0,0,0,0,0,0,0,0,0,0,0,0,0,0,0,1,0,0,0,0,0,0,1,0,0,0,1,0,0,0,0,0,0,0,0,1,0,0,0,0,0,1,0,0,0,0,0,0,0,1,0,0,0,0,1,0,0.3329538424905523,-0.45688980545874736,-0.06813496767427644,0.7898436479492996,0.45688980545874736,0.5620642554085334,-1.2434139321512978,10.67925925925926,0.15375000000000005,10.67925925925926,-0.45689814814814755,10.525509259259259,5.41650462962963,5.2627546296296295,0.09500727949294263,2.7873731978327037,12.073271675700152,6.606881964512918,5.573104530069267,0.0,0.0,13.847474399381248,0.0,11.315798637398547,5.106527394840706,4.794537184071822,0.0,60.308601763771584,59.31759578597465,8.146264369941973,6.255274007990405,4.574586062669973,3.0493302671229796,9.17,4.060864158856954,3.2460171675453,58.0,0.0,0.3329538424905523,-0.45688980545874736,0.45688980545874736,0.3329538424905523,46.53,0.4865,37.453799999999994,0.8999999999999999,1.2285714285714286
2808,O=Cc1cc(O)c(O)c([N+](=O)[O-])c1,1,2808,O=Cc1cc(O)c(O)c([N+](=O)[O-])c1,2808,O=Cc1cc(O)c(O)c([N+](=O)[O-])c1,O=Cc1cc(O)c(O)c([N+](=O)[O-])c1,O=Cc1cc(O)c(O)c([N+](=O)[O-])c1,O=Cc1cc(O)c(O)c([N+](=O)[O-])c1,2808.0,1.0,0.0,0.0,0.0,0.0,0.0,0.0,c1ccccc1,183.119,0.8184999999999998,100.67,2.0,5.0,2.0,1.0,1.0,6.0,0.0,13.0,0.0,1.0,0.0,0.0,0.0,0.0,0.0,0.0,0.0,0.0,0.0,0.0,0.0,0.0,0.0,0.0,1.0,1.0,0.0,0.0,0.0,0.0,0.0,0.0,0.0,0.0,0.0,0.0,0.0,0.0,0.0,0.0,2.0,1.0,0.0,0.0,1.0,1.0,0.0,0.0,0.0,0.0,0.0,0.0,0.0,0.0,0.0,0.0,0.0,0.0,0.0,0.0,0.0,0.0,1.0,1.0,6.0,1.0,0.0,0.0,0.0,0.0,0.0,0.0,0.0,0.0,0.0,0.0,0.0,0.0,0.0,0.0,0.0,0.0,0.0,0.0,0.0,0.0,0.0,0.0,0.0,0.0,0.0,0.0,0.0,0.0,0.0,0.0,0.0,0.0,0.0,0.0,0.0,0.0,0.0,0.0,0.0,0.0,0.0,0.0,0.0,0.0,0.0,0.0,0.0,0.0,0.0,0.0,0.0,0.0,0.0,0.0,0.0,0.0,0.0,0.0,0.0,0.0,1.0,1.0,0.0,0.0,0.0,0.0,0.0,0.0,0.0,0.0,0.0,0.0,0.0,0.0,0.0,0.0,0.0,0.0,0.0,0.0,0.0,0.0,0.0,0.0,0.0,0.0,0.0,0.0,0.0,0.0,0.0,0.0,0.0,0.0,0.0,0.0,0.0,0.0,0.0,0.0,0.0,0.0,0.0,0.0,0.0,0.0,0.0,0.0,0.0,0.0,0.0,0.0,0.0,0.0,0.0,0.0,0.0,0.0,0.0,0.0,0.0,0.0,0.0,0.0,0.0,0.0,0.0,0.0,0.0,0.0,0.0,0.0,0.0,0.0,0.0,0.0,0.0,0.0,0.0,0.0,0.0,0.0,0.0,0.0,0.0,0.0,0.0,0.0,0.0,0.0,0.0,0.0,0.0,0.0,0.0,0.0,0.0,0.0,0.0,0.0,0.0,0.0,0.0,0.0,0.0,0.0,0.0,0.0,0.0,0.0,0.0,0.0,0.0,0.0,0.0,0.0,0.0,0.0,0.0,0.0,0.0,0.0,0.0,0.0,0.0,0.0,0.0,0.0,0.0,0.0,0.0,0.0,0.0,0.0,0.0,0.0,0.0,0.0,1.0,1.0,1.0,1.0,0.0,0.0,0,0,1,0,0,0,0,0,c1ccccc1,murcko,train,0,0,0,0,0,0,0,0,0,0,0,0,0,0,0,0,0,0,0,0,0,0,0,0,1,0,0,0,0,0,0,0,0,0,0,0,0,0,0,1,0,0,0,0,0,0,0,0,1,0,0,0,0,0,0,0,0,0,0,0,0,0,0,0,0,0,1,0,0,0,1,1,0,0,0,0,0,0,0,0,0,1,0,0,0,0,0,0,0,0,0,0,0,0,0,0,0,0,1,0,1,0,0,0,0,0,0,1,0,0,0,0,0,0,0,0,0,0,0,0,0,0,0,0,0,0,0,0,0,0,0,0,0,0,0,0,0,0,1,0,0,0,0,0,0,0,0,0,0,0,0,0,0,0,0,0,0,0,0,0,0,0,0,0,0,0,0,0,0,0,0,1,0,0,0,0,0,0,0,0,0,0,1,0,0,0,0,0,0,0,0,1,0,0,0,1,0,0,0,1,0,0,1,1,1,0,0,0,0,0,0,0,0,0,0,0,0,0,0,0,0,0,0,0,0,0,0,0,0,0,0,0,0,0,0,0,1,0,0,0,0,1,0,0,0,0,0,0,0,0,0,0,0,0,0,0,0.3148680839329213,-0.5040607919393958,-0.0641836251430153,0.8189288758723171,0.5040607919393958,0.9887163771547828,-1.8231035040139818,10.260648148148148,0.0675925925925922,10.260648148148148,-0.8868518518518518,10.193055555555556,5.1641203703703695,5.096527777777778,0.09810600899305082,2.6163047041511684,22.109720990069043,5.563451491696996,6.286160523129555,12.13273413692322,0.0,0.0,0.0,0.0,10.213054789681411,14.908855452837393,0.0,72.19931056082916,71.21397738433762,10.008071689507773,6.298436465460341,6.0577493102643665,3.215046698289629,8.981827364554638,3.095651186710396,1.556254899685829,68.0,0.0,0.3148680839329213,-0.5040607919393958,0.5040607919393958,0.3148680839329213,100.67,0.8184999999999998,41.81350000000001,0.8999999999999999,0.4
6070,C=CC1CCC(C=C)C(C=C)C1,0,6070,C=CC1CCC(C=C)C(C=C)C1,6070,C=CC1CCC(C=C)C(C=C)C1,C=CC1CCC(C=C)C(C=C)C1,C=CC1CCC(C=C)C(C=C)C1,C=CC1CCC(C=C)C(C=C)C1,6070.0,1.0,0.0,0.0,0.0,0.0,0.0,0.0,C1CCCCC1,162.27599999999995,3.576900000000003,0.0,0.0,0.0,3.0,1.0,0.0,0.0,0.5,12.0,0.0,0.0,0.0,0.0,0.0,0.0,0.0,0.0,0.0,0.0,0.0,0.0,0.0,0.0,0.0,0.0,0.0,0.0,0.0,0.0,0.0,0.0,0.0,0.0,0.0,0.0,0.0,0.0,0.0,0.0,0.0,0.0,0.0,0.0,0.0,0.0,0.0,0.0,0.0,0.0,0.0,0.0,0.0,0.0,0.0,0.0,0.0,0.0,0.0,0.0,3.0,1.0,0.0,0.0,0.0,0.0,0.0,0.0,0.0,0.0,0.0,0.0,0.0,0.0,0.0,0.0,0.0,0.0,0.0,0.0,0.0,0.0,0.0,0.0,0.0,0.0,0.0,0.0,0.0,0.0,0.0,0.0,0.0,0.0,0.0,0.0,0.0,0.0,0.0,0.0,0.0,0.0,0.0,0.0,0.0,0.0,0.0,0.0,0.0,0.0,0.0,0.0,0.0,0.0,0.0,0.0,0.0,0.0,0.0,0.0,0.0,0.0,0.0,0.0,0.0,0.0,0.0,0.0,0.0,0.0,0.0,0.0,0.0,0.0,0.0,0.0,0.0,0.0,0.0,0.0,0.0,0.0,0.0,0.0,0.0,0.0,0.0,0.0,0.0,0.0,0.0,0.0,0.0,0.0,0.0,0.0,0.0,0.0,0.0,0.0,0.0,0.0,0.0,0.0,0.0,0.0,0.0,0.0,0.0,0.0,0.0,0.0,0.0,0.0,0.0,0.0,0.0,0.0,0.0,0.0,0.0,0.0,0.0,0.0,0.0,0.0,0.0,0.0,0.0,0.0,0.0,0.0,0.0,0.0,0.0,0.0,0.0,0.0,0.0,0.0,0.0,0.0,0.0,0.0,0.0,0.0,0.0,0.0,0.0,0.0,0.0,0.0,0.0,0.0,0.0,0.0,0.0,0.0,0.0,0.0,0.0,0.0,0.0,0.0,0.0,0.0,0.0,0.0,0.0,0.0,0.0,0.0,0.0,0.0,0.0,0.0,0.0,0.0,0.0,0.0,0.0,0.0,0.0,0.0,0.0,0.0,0.0,0.0,0.0,0.0,0.0,0.0,0.0,0.0,0.0,0.0,0.0,0.0,0.0,0.0,0.0,0.0,0.0,0.0,0.0,0.0,0.0,0.0,0.0,0.0,0.0,0.0,0,0,0,0,0,0,0,0,C1CCCCC1,murcko,train,0,0,0,0,0,0,0,0,0,0,0,0,1,0,0,0,0,0,0,0,0,0,0,0,0,0,0,0,0,0,0,0,1,0,0,0,0,0,0,0,0,0,0,0,0,1,0,0,0,0,0,0,0,0,0,0,0,0,0,0,0,0,0,0,0,0,0,0,0,0,0,0,0,0,0,0,0,0,0,0,0,0,0,0,0,0,1,0,0,0,0,0,0,0,0,0,0,0,0,0,0,0,0,0,0,0,0,0,1,1,0,0,0,0,0,1,0,0,0,0,0,0,0,0,0,0,0,0,0,0,0,0,0,0,0,0,0,0,0,0,0,0,0,0,0,1,0,0,0,0,0,0,0,0,0,0,0,0,1,0,0,0,0,0,0,1,0,0,0,0,1,0,1,0,0,0,0,0,0,0,0,0,1,0,0,0,0,0,0,0,0,0,1,0,0,0,0,0,0,0,0,0,0,0,0,0,0,0,0,0,0,0,0,0,1,0,0,0,0,0,0,0,0,0,0,0,0,0,0,0,0,1,0,0,0,0,0,0,0,0,0,0,0,0,0,0,0,0,0,0,0,1,0,0,0,0,-0.016769342024723743,-0.10280313887274312,-0.06353508947791253,0.08603379684801937,0.10280313887274312,0.0,-0.7624210737349504,3.869212962962963,0.6243055555555554,3.869212962962963,0.6243055555555554,3.2449074074074074,2.2467592592592593,1.6224537037037037,0.30817520331002995,1.5556459816215134,0.0,0.0,17.75371813848418,0.0,19.26246486877803,0.0,0.0,37.96486737129713,0.0,0.0,0.0,75.67897403611023,74.98105037855933,8.974691494688164,7.706742302257041,5.812391710140018,4.691071366580375,9.309126559714795,4.296487425843833,1.8766263535926917,66.0,0.0,-0.016769342024723743,-0.10280313887274312,0.10280313887274312,0.016769342024723743,0.0,3.576900000000003,54.912000000000035,0.0,0.8
5297,CNC(=N[N+](=O)[O-])NCc1cnc(Cl)s1,0,5297,CNC(=N[N+](=O)[O-])NCc1cnc(Cl)s1,5297,CNC(=N[N+](=O)[O-])NCc1cnc(Cl)s1,CNC(=N[N+](=O)[O-])NCc1cnc(Cl)s1,CNC(=N[N+](=O)[O-])NCc1cnc(Cl)s1,CNC(=N[N+](=O)[O-])NCc1cnc(Cl)s1,5297.0,1.0,0.0,0.0,0.0,0.0,0.0,0.0,c1cscn1,249.683,0.6532000000000004,92.45,2.0,4.0,3.0,1.0,1.0,9.0,0.3333333333333333,15.0,0.0,1.0,0.0,0.0,0.0,0.0,0.0,0.0,0.0,0.0,0.0,0.0,0.0,0.0,0.0,0.0,0.0,0.0,0.0,0.0,0.0,0.0,0.0,0.0,1.0,1.0,1.0,1.0,1.0,1.0,0.0,0.0,0.0,0.0,0.0,0.0,0.0,0.0,0.0,0.0,0.0,0.0,0.0,0.0,0.0,0.0,0.0,0.0,0.0,0.0,0.0,0.0,0.0,0.0,0.0,0.0,1.0,1.0,0.0,0.0,0.0,0.0,1.0,1.0,0.0,0.0,1.0,1.0,0.0,0.0,0.0,0.0,0.0,0.0,0.0,0.0,0.0,0.0,0.0,0.0,0.0,0.0,0.0,0.0,0.0,0.0,0.0,0.0,0.0,0.0,0.0,0.0,0.0,0.0,0.0,0.0,0.0,0.0,0.0,0.0,0.0,0.0,0.0,0.0,0.0,0.0,0.0,0.0,0.0,0.0,0.0,0.0,0.0,0.0,0.0,0.0,0.0,0.0,0.0,0.0,0.0,0.0,0.0,0.0,0.0,0.0,0.0,0.0,0.0,0.0,0.0,0.0,0.0,0.0,0.0,0.0,0.0,0.0,0.0,0.0,0.0,0.0,0.0,0.0,0.0,0.0,0.0,0.0,0.0,0.0,0.0,0.0,0.0,0.0,0.0,0.0,0.0,0.0,0.0,0.0,0.0,0.0,0.0,0.0,0.0,0.0,0.0,0.0,0.0,0.0,0.0,0.0,0.0,0.0,0.0,0.0,0.0,0.0,0.0,0.0,0.0,0.0,0.0,0.0,0.0,0.0,0.0,0.0,0.0,0.0,0.0,0.0,0.0,0.0,0.0,0.0,0.0,0.0,0.0,0.0,0.0,0.0,0.0,0.0,0.0,0.0,0.0,0.0,0.0,0.0,0.0,0.0,0.0,0.0,0.0,0.0,0.0,0.0,0.0,0.0,0.0,0.0,0.0,0.0,0.0,0.0,0.0,0.0,0.0,0.0,0.0,0.0,0.0,0.0,0.0,0.0,0.0,0.0,0.0,0.0,0.0,0.0,0.0,0.0,0.0,0.0,0.0,0.0,0.0,0.0,0.0,0.0,0.0,0.0,0.0,0.0,0.0,0.0,0.0,0.0,0.0,0.0,0,0,0,0,0,0,0,0,c1cscn1,murcko,train,0,0,0,0,0,0,0,0,0,0,0,0,0,0,1,0,0,0,0,0,1,0,0,0,0,1,0,0,0,1,0,0,0,1,0,0,0,0,0,1,0,0,0,0,0,0,0,0,0,1,1,0,0,0,0,1,0,0,0,0,0,0,0,0,0,0,0,0,0,0,1,0,0,0,0,0,0,0,0,0,1,1,0,0,0,0,0,1,0,1,0,0,0,1,0,0,0,0,0,0,1,0,0,0,0,0,0,0,0,0,0,0,0,0,1,0,0,0,0,0,0,0,1,0,0,0,0,0,1,0,0,0,0,0,0,0,1,0,1,0,0,0,0,0,1,0,0,1,0,0,1,0,0,0,0,0,0,0,0,0,0,0,1,1,0,0,0,0,0,0,1,1,1,0,0,0,0,0,0,1,0,0,0,0,0,0,0,0,0,0,0,0,0,0,0,0,0,1,0,0,0,0,0,1,0,0,0,0,0,0,0,0,0,1,0,1,0,0,0,0,0,0,0,0,0,0,0,0,0,0,0,0,0,0,1,0,0,0,0,0,0,1,0,0,0,0,0,0,0,0,0,0,0,0,0,1,0.26829733228171565,-0.3541945388127088,-0.04391606099590082,0.6224918710944245,0.3541945388127088,0.8962709022502836,-1.5550118171887959,10.091257374863526,0.08752078609221514,10.091257374863526,-0.7792821099633267,10.00373658877131,5.08938908047787,5.001868294385655,0.09996264806916742,2.589220635973256,5.0323138419217255,5.959554568743835,11.011561924809671,4.877147193701299,18.384457860611928,6.196843571613076,0.0,20.71896325469959,11.600939890232516,10.114318268765572,0.0,94.30766553673742,93.89610037509922,11.259148545064338,7.7288071812768635,7.113392202930193,3.8635732996670673,11.663583517292127,5.465890450185371,4.085628466373698,82.0,0.0,0.26829733228171565,-0.3541945388127088,0.3541945388127088,0.26829733228171565,92.45,0.6532000000000004,57.45280000000002,0.0,0.7333333333333334
4705,Cc1ccc(S(C)(=O)=O)cc1[N+](=O)[O-],0,4705,Cc1ccc(S(C)(=O)=O)cc1[N+](=O)[O-],4705,Cc1ccc(S(C)(=O)=O)cc1[N+](=O)[O-],Cc1ccc(S(C)(=O)=O)cc1[N+](=O)[O-],Cc1ccc(S(C)(=O)=O)cc1[N+](=O)[O-],Cc1ccc(S(C)(=O)=O)cc1[N+](=O)[O-],4705.0,1.0,0.0,0.0,0.0,0.0,0.0,0.0,c1ccccc1,215.23,1.30672,77.28,0.0,4.0,2.0,1.0,1.0,6.0,0.25,14.0,0.0,1.0,0.0,0.0,0.0,0.0,0.0,0.0,0.0,0.0,0.0,0.0,0.0,0.0,0.0,0.0,1.0,1.0,0.0,0.0,0.0,0.0,0.0,0.0,0.0,0.0,0.0,0.0,0.0,0.0,0.0,0.0,0.0,0.0,0.0,0.0,0.0,0.0,0.0,0.0,0.0,0.0,0.0,0.0,0.0,0.0,0.0,0.0,0.0,0.0,0.0,0.0,0.0,0.0,1.0,1.0,6.0,1.0,0.0,0.0,0.0,0.0,0.0,0.0,0.0,0.0,0.0,0.0,0.0,0.0,0.0,0.0,0.0,0.0,0.0,0.0,2.0,1.0,0.0,0.0,0.0,0.0,0.0,0.0,0.0,0.0,0.0,0.0,0.0,0.0,0.0,0.0,0.0,0.0,0.0,0.0,0.0,0.0,0.0,0.0,0.0,0.0,0.0,0.0,0.0,0.0,0.0,0.0,0.0,0.0,0.0,0.0,0.0,0.0,0.0,0.0,0.0,0.0,1.0,1.0,0.0,0.0,0.0,0.0,0.0,0.0,0.0,0.0,0.0,0.0,0.0,0.0,0.0,0.0,0.0,0.0,0.0,0.0,0.0,0.0,0.0,0.0,0.0,0.0,0.0,0.0,0.0,0.0,0.0,0.0,0.0,0.0,0.0,0.0,0.0,0.0,0.0,0.0,0.0,0.0,0.0,0.0,0.0,0.0,0.0,0.0,0.0,0.0,0.0,0.0,0.0,0.0,0.0,0.0,0.0,0.0,0.0,0.0,0.0,0.0,0.0,0.0,0.0,0.0,0.0,0.0,0.0,0.0,0.0,0.0,0.0,0.0,0.0,0.0,0.0,0.0,0.0,0.0,0.0,0.0,0.0,0.0,0.0,0.0,0.0,0.0,0.0,0.0,0.0,0.0,0.0,0.0,0.0,0.0,0.0,0.0,0.0,0.0,0.0,0.0,0.0,0.0,0.0,0.0,0.0,0.0,0.0,0.0,0.0,0.0,0.0,0.0,0.0,0.0,0.0,0.0,0.0,0.0,0.0,0.0,0.0,0.0,0.0,0.0,0.0,0.0,0.0,0.0,0.0,0.0,0.0,0.0,0.0,0.0,0.0,0.0,1.0,1.0,1.0,1.0,0.0,0.0,0,0,1,0,0,0,0,0,c1ccccc1,murcko,train,0,0,0,0,0,0,0,0,0,0,0,0,0,0,0,0,0,0,0,0,0,0,0,0,0,0,0,0,0,0,0,0,0,1,0,0,0,0,0,0,0,0,0,0,0,0,0,0,0,0,0,1,0,0,0,0,0,1,0,0,0,0,0,1,0,0,0,0,0,0,1,0,0,0,0,0,0,1,0,0,0,1,0,0,0,0,0,0,0,0,0,0,0,0,1,0,0,0,1,0,1,0,0,0,0,0,0,1,0,0,0,1,0,0,0,0,0,0,0,0,0,0,0,0,0,0,0,0,0,0,0,1,0,0,0,0,0,0,1,0,0,0,0,0,0,0,0,0,0,0,0,0,0,0,0,1,0,0,1,0,0,0,0,0,0,0,0,0,0,0,0,1,0,0,0,0,0,0,0,0,1,0,0,0,0,0,1,0,0,0,0,0,0,0,0,0,1,0,0,0,0,0,0,1,1,0,0,0,0,0,0,0,0,0,1,0,0,0,0,0,0,0,0,0,0,0,0,0,0,0,0,0,0,0,0,0,0,0,0,0,0,1,0,0,0,0,0,0,0,0,0,0,1,0,0,0,0.27309944133213515,-0.25830034523880324,-0.028727877401969026,0.5313997865709383,0.27309944133213515,0.6892875119442929,-1.0914777955718593,11.096392668178382,0.032592592592592284,11.096392668178382,-3.3800462962962965,11.063800075585789,5.564492630385487,5.531900037792894,0.09038485811097355,2.7986386252532665,14.760564185235172,10.582869750201336,5.563451491696996,12.322136251973014,12.13273413692322,6.923737199690624,0.0,0.0,0.0,18.53211525309451,0.0,81.43966145257656,80.81760826881488,10.930721420318147,7.720505855388152,6.320385770685809,3.7724948101618034,10.649554494828957,3.3752168636413606,2.0806478051535806,76.0,0.0,0.27309944133213515,-0.25830034523880324,0.27309944133213515,0.25830034523880324,77.28,1.30672,50.94320000000001,0.8999999999999999,0.5
6655,CCC=CCCOC(C)=O,0,6655,CCC=CCCOC(C)=O,6655,CCC=CCCOC(C)=O,CCC=CCCOC(C)=O,CCC=CCCOC(C)=O,CCC=CCCOC(C)=O,6655.0,1.0,0.0,0.0,0.0,0.0,0.0,0.0,,142.198,1.9058,26.3,0.0,2.0,4.0,0.0,0.0,2.0,0.625,10.0,0.0,0.0,0.0,0.0,0.0,0.0,0.0,0.0,0.0,0.0,0.0,0.0,0.0,0.0,0.0,0.0,0.0,0.0,0.0,0.0,0.0,0.0,0.0,0.0,0.0,0.0,0.0,0.0,0.0,0.0,0.0,0.0,0.0,0.0,1.0,1.0,0.0,0.0,0.0,0.0,0.0,0.0,0.0,0.0,1.0,1.0,0.0,0.0,0.0,0.0,1.0,1.0,0.0,0.0,0.0,0.0,0.0,0.0,0.0,0.0,0.0,0.0,0.0,0.0,0.0,0.0,0.0,0.0,0.0,0.0,0.0,0.0,0.0,0.0,0.0,0.0,0.0,0.0,0.0,0.0,0.0,0.0,0.0,0.0,0.0,0.0,0.0,0.0,0.0,0.0,0.0,0.0,0.0,0.0,0.0,0.0,0.0,0.0,0.0,0.0,0.0,0.0,0.0,0.0,0.0,0.0,0.0,0.0,0.0,0.0,0.0,0.0,0.0,0.0,0.0,0.0,0.0,0.0,0.0,0.0,0.0,0.0,0.0,0.0,0.0,0.0,0.0,0.0,0.0,0.0,0.0,0.0,0.0,0.0,0.0,0.0,0.0,0.0,0.0,0.0,0.0,0.0,0.0,0.0,0.0,0.0,0.0,0.0,0.0,0.0,0.0,0.0,0.0,0.0,0.0,0.0,0.0,0.0,0.0,0.0,0.0,0.0,0.0,0.0,0.0,0.0,0.0,0.0,0.0,0.0,0.0,0.0,0.0,0.0,0.0,0.0,0.0,0.0,0.0,0.0,0.0,0.0,0.0,0.0,0.0,0.0,0.0,0.0,0.0,0.0,0.0,0.0,0.0,0.0,0.0,0.0,0.0,0.0,0.0,0.0,0.0,0.0,0.0,0.0,0.0,0.0,0.0,0.0,0.0,0.0,0.0,0.0,0.0,0.0,0.0,0.0,0.0,0.0,0.0,0.0,0.0,0.0,0.0,0.0,0.0,0.0,0.0,0.0,0.0,0.0,0.0,0.0,0.0,0.0,0.0,0.0,0.0,0.0,0.0,0.0,0.0,0.0,0.0,0.0,0.0,0.0,0.0,0.0,0.0,0.0,0.0,0.0,0.0,0.0,0.0,0.0,0.0,0.0,0.0,0.0,0.0,0.0,0,0,0,0,0,0,1,0,ACY_********(*)*,acyclic_anonymous_graph,train,0,0,0,0,0,0,0,0,0,0,0,1,0,1,0,0,0,0,0,0,0,0,0,0,0,0,0,0,0,0,0,0,0,1,0,0,0,0,1,1,0,0,0,0,1,0,0,0,0,0,0,0,0,0,0,0,1,0,0,0,0,0,0,0,0,0,0,0,0,0,0,0,0,0,0,0,1,0,1,0,1,0,0,0,0,0,0,0,0,0,0,0,0,0,0,0,0,0,0,0,0,0,0,0,0,0,0,0,0,0,1,0,0,0,0,0,0,0,0,0,0,0,0,0,0,1,0,0,0,0,0,0,0,0,0,0,0,0,1,0,0,0,0,0,0,1,0,1,0,0,0,0,0,0,0,0,0,0,0,0,0,0,0,0,0,0,0,0,0,0,0,0,0,0,1,0,0,0,0,0,0,0,1,1,0,0,0,0,0,1,0,0,0,0,0,0,0,0,0,0,0,0,0,0,0,0,0,0,0,0,0,0,0,0,0,0,0,0,0,1,0,0,0,0,0,0,0,0,0,0,0,0,0,0,0,0,0,1,0,0,0,0,0,0,0,0,0,0,0,1,0,0,0,0,0,0,0.3021338459809379,-0.46554763959552425,-0.056154933561494966,0.7676814855764622,0.46554763959552425,0.4307750121578708,-0.9923243477728205,10.230123378054927,0.2037977135298561,10.230123378054927,-0.2037977135298561,10.026325664525071,5.216960545792391,5.013162832262536,0.09973743457567695,2.7145215752019607,0.0,5.969305287951849,6.606881964512918,12.841643245852019,6.923737199690624,0.0,6.076020106833881,12.999757306524504,4.736862953800049,4.794537184071822,0.0,61.87931012597219,60.94874524923766,7.819990956308912,6.5925174628666205,4.770055610029662,3.5538601205062834,9.210000000000003,6.331802679658953,7.210000000000004,58.0,0.0,0.3021338459809379,-0.46554763959552425,0.46554763959552425,0.3021338459809379,26.3,1.9058,40.68100000000001,0.0,1.4500000000000002
2963,CCO[Si](CCCNC(=O)OCCN(CC)c1ccc(N=O)cc1)(OCC)OCC,1,2963,CCO[Si](CCCNC(=O)OCCN(CC)c1ccc(N=O)cc1)(OCC)OCC,2963,CCO[Si](CCCNC(=O)OCCN(CC)c1ccc(N=O)cc1)(OCC)OCC,CCO[Si](CCCNC(=O)OCCN(CC)c1ccc(N=O)cc1)(OCC)OCC,CCO[Si](CCCNC(=O)OCCN(CC)c1ccc(N=O)cc1)(OCC)OCC,CCO[Si](CCCNC(=O)OCCN(CC)c1ccc(N=O)cc1)(OCC)OCC,2963.0,1.0,0.0,0.0,0.0,0.0,0.0,0.0,c1ccccc1,441.6010000000002,4.075500000000004,98.69,1.0,8.0,16.0,1.0,1.0,10.0,0.65,30.0,0.0,0.0,0.0,0.0,0.0,0.0,0.0,0.0,0.0,0.0,0.0,0.0,0.0,0.0,1.0,1.0,1.0,1.0,0.0,0.0,0.0,0.0,0.0,0.0,0.0,0.0,0.0,0.0,0.0,0.0,0.0,0.0,0.0,0.0,1.0,1.0,0.0,0.0,0.0,0.0,0.0,0.0,0.0,0.0,1.0,1.0,0.0,0.0,0.0,0.0,0.0,0.0,0.0,0.0,1.0,1.0,6.0,1.0,0.0,0.0,0.0,0.0,0.0,0.0,0.0,0.0,0.0,0.0,0.0,0.0,0.0,0.0,0.0,0.0,0.0,0.0,0.0,0.0,0.0,0.0,0.0,0.0,0.0,0.0,0.0,0.0,0.0,0.0,0.0,0.0,0.0,0.0,0.0,0.0,0.0,0.0,0.0,0.0,0.0,0.0,0.0,0.0,0.0,0.0,0.0,0.0,0.0,0.0,0.0,0.0,0.0,0.0,0.0,0.0,1.0,1.0,0.0,0.0,0.0,0.0,0.0,0.0,1.0,1.0,0.0,0.0,0.0,0.0,0.0,0.0,0.0,0.0,0.0,0.0,0.0,0.0,0.0,0.0,0.0,0.0,0.0,0.0,0.0,0.0,0.0,0.0,0.0,0.0,0.0,0.0,0.0,0.0,0.0,0.0,0.0,0.0,0.0,0.0,0.0,0.0,0.0,0.0,1.0,1.0,0.0,0.0,0.0,0.0,0.0,0.0,0.0,0.0,0.0,0.0,0.0,0.0,0.0,0.0,0.0,0.0,0.0,0.0,0.0,0.0,0.0,0.0,0.0,0.0,0.0,0.0,0.0,0.0,0.0,0.0,0.0,0.0,0.0,0.0,0.0,0.0,0.0,0.0,0.0,0.0,0.0,0.0,0.0,0.0,0.0,0.0,0.0,0.0,0.0,0.0,0.0,0.0,0.0,0.0,0.0,0.0,0.0,0.0,0.0,0.0,0.0,0.0,0.0,0.0,0.0,0.0,0.0,0.0,0.0,0.0,0.0,0.0,0.0,0.0,0.0,0.0,0.0,0.0,0.0,0.0,0.0,0.0,0.0,0.0,0.0,0.0,0.0,0.0,0.0,0.0,0.0,0.0,1.0,3.0,1.0,3.0,0.0,0.0,0,0,1,0,0,0,1,0,c1ccccc1,murcko,train,1,0,0,0,0,0,0,0,0,0,0,0,0,1,1,0,0,0,0,0,0,0,0,0,0,0,0,0,0,0,0,0,0,1,0,0,0,0,1,1,0,0,0,0,0,1,0,0,0,0,0,0,0,1,0,0,0,0,0,0,0,0,1,0,0,0,0,0,0,0,0,0,1,0,0,0,0,0,0,0,1,1,0,0,1,1,0,0,0,0,1,0,0,0,0,0,1,0,0,0,1,0,0,0,0,0,0,0,0,0,0,0,0,1,0,0,0,0,0,1,0,0,1,1,0,1,0,0,1,0,0,0,1,0,0,0,0,0,1,0,0,0,0,0,0,0,0,1,0,0,0,1,0,0,0,1,0,1,0,1,0,0,0,0,1,0,0,0,0,0,0,0,0,0,0,0,0,0,0,0,1,0,0,1,0,0,1,0,0,0,0,0,1,0,0,0,1,1,0,0,0,0,1,0,0,0,0,0,0,0,0,1,0,1,1,0,0,0,0,0,0,0,1,0,0,0,0,0,1,0,0,0,0,0,0,0,0,0,0,0,0,0,0,0,0,0,0,1,0,0,0,0,0,0,0,0,0.5004924320391089,-0.4476786740012943,-0.0541524173514349,0.9481711060404032,0.5004924320391089,1.3761416055766063,-3.0007141261196537,11.953151309919438,0.25285742363596797,11.953151309919438,-2.682211742366743,11.70029388628347,6.103004366777703,5.850146943141735,0.08546793864488511,3.183395448260735,14.897675227970794,6.606881964512918,51.06246237988994,12.232142680596137,0.0,12.13273413692322,44.7275926665362,10.493670531864986,18.014878032157803,9.701602428060104,0.0,179.91169640926452,179.8696400485121,22.244429919302902,18.51727904122053,14.534665685003558,10.544465688886255,26.022614141157014,14.888488367945685,9.203459200082488,170.0,0.0,0.5004924320391089,-0.4476786740012943,0.5004924320391089,0.4476786740012943,98.69000000000001,4.0755000000000035,119.19070000000005,1.3,3.8600000000000003
6258,CCCCCCCCCCCCCCCCCCNC(=O)C=CC(=O)O,0,6258,CCCCCCCCCCCCCCCCCCNC(=O)C=CC(=O)O,6258,CCCCCCCCCCCCCCCCCCNC(=O)C=CC(=O)O,CCCCCCCCCCCCCCCCCCNC(=O)C=CC(=O)O,CCCCCCCCCCCCCCCCCCNC(=O)C=CC(=O)O,CCCCCCCCCCCCCCCCCCNC(=O)C=CC(=O)O,6258.0,1.0,0.0,0.0,0.0,0.0,0.0,0.0,,367.574,6.004900000000005,66.4,2.0,2.0,19.0,0.0,0.0,4.0,0.8181818181818182,26.0,0.0,0.0,0.0,0.0,0.0,0.0,0.0,0.0,0.0,0.0,1.0,1.0,0.0,0.0,0.0,0.0,0.0,0.0,0.0,0.0,0.0,0.0,0.0,0.0,0.0,0.0,0.0,0.0,0.0,0.0,0.0,0.0,0.0,0.0,0.0,0.0,0.0,0.0,0.0,0.0,1.0,1.0,0.0,0.0,0.0,0.0,0.0,0.0,0.0,0.0,1.0,1.0,0.0,0.0,0.0,0.0,0.0,0.0,0.0,0.0,0.0,0.0,0.0,0.0,0.0,0.0,0.0,0.0,0.0,0.0,0.0,0.0,0.0,0.0,0.0,0.0,0.0,0.0,0.0,0.0,0.0,0.0,0.0,0.0,0.0,0.0,0.0,0.0,0.0,0.0,0.0,0.0,0.0,0.0,0.0,0.0,0.0,0.0,0.0,0.0,0.0,0.0,0.0,0.0,0.0,0.0,0.0,0.0,0.0,0.0,0.0,0.0,0.0,0.0,0.0,0.0,0.0,0.0,0.0,0.0,0.0,0.0,0.0,0.0,0.0,0.0,0.0,0.0,0.0,0.0,0.0,0.0,0.0,0.0,0.0,0.0,0.0,0.0,0.0,0.0,0.0,0.0,0.0,0.0,0.0,0.0,0.0,0.0,0.0,0.0,0.0,0.0,0.0,0.0,0.0,0.0,0.0,0.0,0.0,0.0,0.0,0.0,0.0,0.0,0.0,0.0,0.0,0.0,2.0,1.0,0.0,0.0,0.0,0.0,0.0,0.0,0.0,0.0,0.0,0.0,0.0,0.0,0.0,0.0,0.0,0.0,0.0,0.0,0.0,0.0,0.0,0.0,0.0,0.0,0.0,0.0,0.0,0.0,0.0,0.0,0.0,0.0,0.0,0.0,0.0,0.0,0.0,0.0,0.0,0.0,0.0,0.0,0.0,0.0,0.0,0.0,0.0,0.0,0.0,0.0,0.0,0.0,0.0,0.0,0.0,0.0,0.0,0.0,0.0,0.0,0.0,0.0,0.0,0.0,0.0,0.0,0.0,0.0,0.0,0.0,0.0,0.0,0.0,0.0,0.0,0.0,0.0,0.0,0.0,0.0,0.0,0.0,0.0,0.0,0.0,0.0,1.0,1.0,1.0,1.0,0.0,0.0,0,0,0,0,1,0,0,0,ACY_********************(*)***(*)*,acyclic_anonymous_graph,train,0,0,0,0,0,0,0,0,0,0,0,0,0,0,0,0,0,0,0,0,0,0,0,0,0,0,1,0,0,0,0,1,0,1,0,0,0,0,1,1,0,0,0,1,0,0,0,0,0,0,0,0,0,0,0,0,0,0,0,0,0,0,0,0,0,0,0,0,0,0,0,0,0,0,0,0,0,0,0,1,1,0,0,0,1,0,0,0,0,0,0,0,0,0,0,0,0,0,0,0,0,0,0,0,0,0,0,0,0,0,0,0,0,0,0,0,0,0,0,1,0,0,0,0,0,1,0,0,1,0,0,0,0,1,0,0,0,0,1,0,0,1,0,0,0,0,0,0,0,0,0,0,0,0,0,1,0,1,1,0,0,0,0,0,1,0,0,0,0,0,0,0,0,0,0,0,0,0,0,0,0,0,1,0,0,0,0,0,0,0,0,0,0,0,0,0,0,1,0,0,0,0,0,0,0,0,1,0,1,0,0,0,0,0,0,0,0,0,0,0,0,0,0,0,0,0,0,0,0,0,0,0,0,0,0,0,0,0,0,0,0,0,0,0,0,0,0,0,0,0,0,0,1,0,0,0,0.32800067684629386,-0.4780715123290867,-0.062377215476474276,0.8060721891753806,0.4780715123290867,0.6279882171096376,-2.249795819497969,11.246624598891241,0.32559316305153296,11.246624598891241,-1.0948528530596946,10.921031435839708,5.786108880971387,5.460515717919854,0.09156644277373704,3.065558063736292,5.969305287951849,5.907179729351506,6.544756405912575,24.99368345951978,89.89150272096417,0.0,0.0,12.240525803696954,5.106527394840706,9.589074368143644,0.0,160.3805725338657,160.24255517038117,19.296836162110207,16.939225994978248,12.663902460147016,10.85319886251662,24.68,19.997582068302474,20.72409171075838,152.0,0.0,0.32800067684629386,-0.4780715123290867,0.4780715123290867,0.32800067684629386,66.4,6.004900000000005,109.33150000000009,0.8999999999999999,4.127272727272728
9690,O=C(Nc1ccc(Cc2ccc(NC(=O)N3CC3)cc2)cc1)N1CC1,0,9690,O=C(Nc1ccc(Cc2ccc(NC(=O)N3CC3)cc2)cc1)N1CC1,9690,O=C(Nc1ccc(Cc2ccc(NC(=O)N3CC3)cc2)cc1)N1CC1,O=C(Nc1ccc(Cc2ccc(NC(=O)N3CC3)cc2)cc1)N1CC1,O=C(Nc1ccc(Cc2ccc(NC(=O)N3CC3)cc2)cc1)N1CC1,O=C(Nc1ccc(Cc2ccc(NC(=O)N3CC3)cc2)cc1)N1CC1,9690.0,1.0,0.0,0.0,0.0,0.0,0.0,0.0,O=C(Nc1ccc(Cc2ccc(NC(=O)N3CC3)cc2)cc1)N1CC1,336.3950000000001,2.9724000000000013,64.22,2.0,2.0,4.0,4.0,2.0,6.0,0.2631578947368421,25.0,0.0,0.0,0.0,0.0,0.0,0.0,0.0,0.0,0.0,0.0,0.0,0.0,2.0,1.0,0.0,0.0,2.0,1.0,0.0,0.0,0.0,0.0,0.0,0.0,0.0,0.0,0.0,0.0,0.0,0.0,0.0,0.0,0.0,0.0,0.0,0.0,0.0,0.0,0.0,0.0,0.0,0.0,0.0,0.0,0.0,0.0,0.0,0.0,0.0,0.0,0.0,0.0,0.0,0.0,2.0,1.0,12.0,1.0,0.0,0.0,0.0,0.0,0.0,0.0,0.0,0.0,0.0,0.0,0.0,0.0,0.0,0.0,0.0,0.0,0.0,0.0,0.0,0.0,0.0,0.0,0.0,0.0,0.0,0.0,0.0,0.0,0.0,0.0,0.0,0.0,0.0,0.0,0.0,0.0,0.0,0.0,0.0,0.0,0.0,0.0,0.0,0.0,0.0,0.0,0.0,0.0,0.0,0.0,0.0,0.0,0.0,0.0,0.0,0.0,0.0,0.0,0.0,0.0,0.0,0.0,0.0,0.0,0.0,0.0,2.0,1.0,0.0,0.0,0.0,0.0,0.0,0.0,0.0,0.0,0.0,0.0,0.0,0.0,0.0,0.0,0.0,0.0,0.0,0.0,0.0,0.0,0.0,0.0,0.0,0.0,0.0,0.0,2.0,1.0,0.0,0.0,0.0,0.0,0.0,0.0,0.0,0.0,0.0,0.0,0.0,0.0,0.0,0.0,0.0,0.0,0.0,0.0,0.0,0.0,0.0,0.0,0.0,0.0,0.0,0.0,0.0,0.0,0.0,0.0,0.0,0.0,0.0,0.0,0.0,0.0,0.0,0.0,0.0,0.0,0.0,0.0,0.0,0.0,0.0,0.0,0.0,0.0,0.0,0.0,0.0,0.0,0.0,0.0,0.0,0.0,0.0,0.0,0.0,0.0,0.0,0.0,0.0,0.0,0.0,0.0,0.0,0.0,0.0,0.0,0.0,0.0,0.0,0.0,0.0,0.0,0.0,0.0,0.0,0.0,0.0,0.0,0.0,0.0,0.0,0.0,0.0,0.0,0.0,0.0,0.0,0.0,0.0,0.0,0.0,0.0,0.0,0.0,0.0,0.0,0.0,0.0,1.0,2.0,1.0,2.0,0.0,0.0,0,0,1,0,0,0,0,0,O=C(Nc1ccc(Cc2ccc(NC(=O)N3CC3)cc2)cc1)N1CC1,murcko,train,0,0,0,0,0,0,0,0,0,0,0,0,0,0,0,0,0,0,0,0,0,0,0,0,1,0,0,0,0,0,0,0,0,0,0,0,0,0,0,1,0,0,0,0,0,0,0,0,0,0,0,1,0,1,1,0,0,0,0,0,0,0,0,0,0,0,0,0,0,0,0,0,0,0,0,1,0,0,0,0,1,1,0,0,0,0,0,0,0,0,0,0,0,0,0,0,0,0,0,0,1,1,0,0,0,0,0,0,0,0,0,0,0,0,0,0,0,0,0,1,0,0,0,0,0,1,0,0,1,0,0,0,0,0,0,0,0,0,1,0,0,0,0,0,0,0,0,0,0,0,1,0,0,0,0,0,0,0,1,0,0,0,0,0,0,0,0,1,0,0,0,0,0,0,0,0,0,0,0,0,0,0,0,0,0,0,0,0,1,0,0,1,0,0,0,0,0,0,0,0,1,0,0,0,0,0,0,0,0,0,0,0,0,0,1,0,0,1,1,0,0,0,0,0,0,0,0,0,0,0,0,0,0,0,0,0,0,0,0,0,0,0,0,0,0,0,0,0,0,0,0,0,0,0,0,0,0.3214633865227591,-0.32097964401203427,-0.05339724779810908,0.6424430305347933,0.3214633865227591,0.8880810869926469,-2.223012281945374,11.686835399461229,0.034342508608381506,11.686835399461229,-0.03434250860838173,11.652492890852848,5.860588954034805,5.826246445426424,0.08581854624300997,2.947566946392785,0.0,12.062229024676144,0.0,43.97461979594343,11.126902983393991,9.799819461700956,48.53093654769288,10.633577208012662,0.0,9.589074368143644,0.0,145.97386572698917,145.7171593895637,17.225403871315223,13.86525983137739,12.169836433395455,8.470214141309556,15.504357997206412,6.469550893106263,4.09133534465044,128.0,0.0,0.3214633865227591,-0.32097964401203427,0.3214633865227591,0.32097964401203427,64.22,2.9724000000000013,96.87340000000003,1.1,0.9052631578947369
8521,Cc1ccc(S(=O)(=O)O)cc1,0,8521,Cc1ccc(S(=O)(=O)O)cc1,8521,Cc1ccc(S(=O)(=O)O)cc1,Cc1ccc(S(=O)(=O)O)cc1,Cc1ccc(S(=O)(=O)O)cc1,Cc1ccc(S(=O)(=O)O)cc1,8521.0,1.0,0.0,0.0,0.0,0.0,0.0,0.0,c1ccccc1,172.205,1.2417200000000002,54.370000000000005,1.0,2.0,1.0,1.0,1.0,4.0,0.1428571428571428,11.0,0.0,0.0,0.0,0.0,0.0,0.0,0.0,0.0,0.0,0.0,0.0,0.0,0.0,0.0,0.0,0.0,0.0,0.0,0.0,0.0,0.0,0.0,0.0,0.0,0.0,0.0,0.0,0.0,0.0,0.0,0.0,0.0,0.0,0.0,0.0,0.0,0.0,0.0,0.0,0.0,0.0,0.0,0.0,0.0,0.0,0.0,0.0,0.0,0.0,0.0,0.0,0.0,0.0,0.0,1.0,1.0,6.0,1.0,0.0,0.0,0.0,0.0,0.0,0.0,0.0,0.0,0.0,0.0,0.0,0.0,0.0,0.0,0.0,0.0,0.0,0.0,1.0,1.0,0.0,0.0,1.0,1.0,0.0,0.0,0.0,0.0,0.0,0.0,0.0,0.0,0.0,0.0,0.0,0.0,0.0,0.0,0.0,0.0,0.0,0.0,0.0,0.0,0.0,0.0,0.0,0.0,0.0,0.0,0.0,0.0,0.0,0.0,0.0,0.0,0.0,0.0,0.0,0.0,0.0,0.0,0.0,0.0,0.0,0.0,0.0,0.0,0.0,0.0,0.0,0.0,0.0,0.0,0.0,0.0,0.0,0.0,0.0,0.0,0.0,0.0,0.0,0.0,0.0,0.0,0.0,0.0,0.0,0.0,0.0,0.0,0.0,0.0,0.0,0.0,0.0,0.0,0.0,0.0,0.0,0.0,0.0,0.0,0.0,0.0,0.0,0.0,0.0,0.0,0.0,0.0,0.0,0.0,0.0,0.0,0.0,0.0,0.0,0.0,0.0,0.0,0.0,0.0,0.0,0.0,0.0,0.0,0.0,0.0,0.0,0.0,0.0,0.0,0.0,0.0,0.0,0.0,0.0,0.0,0.0,0.0,0.0,0.0,0.0,0.0,0.0,0.0,0.0,0.0,0.0,0.0,0.0,0.0,0.0,0.0,0.0,0.0,0.0,0.0,0.0,0.0,0.0,0.0,0.0,0.0,0.0,0.0,0.0,0.0,0.0,0.0,0.0,0.0,0.0,0.0,0.0,0.0,0.0,0.0,0.0,0.0,0.0,0.0,0.0,0.0,0.0,0.0,0.0,0.0,0.0,0.0,0.0,0.0,0.0,0.0,0.0,0.0,0.0,0.0,0.0,0.0,0.0,0.0,0,0,0,0,0,0,0,0,c1ccccc1,murcko,train,0,0,0,0,0,0,0,0,0,0,0,0,0,0,0,0,0,0,0,0,0,0,0,0,0,0,0,0,0,0,0,1,0,1,0,0,0,0,0,1,0,0,0,0,0,0,0,0,0,0,0,0,0,0,0,0,0,0,0,0,0,0,0,1,0,0,0,0,0,0,0,0,0,0,0,0,0,0,0,0,1,1,0,0,0,0,0,0,0,0,0,0,0,0,1,0,0,0,0,0,1,0,0,0,0,0,0,0,0,0,0,1,0,0,1,0,0,0,0,0,0,0,0,0,0,0,0,0,1,0,0,0,0,0,0,0,0,0,1,0,0,0,0,0,0,0,0,0,0,0,0,0,0,0,0,0,0,0,0,0,0,0,0,0,0,0,0,0,0,0,0,0,0,0,0,0,0,0,0,0,0,0,0,0,0,0,1,0,0,0,0,0,0,0,0,0,1,0,0,0,1,0,0,1,0,0,0,0,0,0,0,0,0,0,1,0,0,0,0,0,0,0,0,0,0,0,0,0,0,0,0,0,0,0,0,1,0,0,0,0,0,0,0,0,0,0,0,0,0,0,0,0,0,0,0,0,0.2940107853786779,-0.2817918818556824,-0.05186776471427735,0.5758026672343604,0.2940107853786779,0.3878932725456481,-0.9584386844026991,10.499726001511716,0.06657407407407367,10.499726001511716,-4.019583333333332,10.433151927437642,5.283150037792895,5.216575963718821,0.09584831189605783,2.675286865940053,10.118126859033554,4.895483475517775,0.0,5.563451491696996,12.13273413692322,12.13273413692322,6.923737199690624,0.0,4.552749873690364,8.417796984328938,0.0,65.4249812439342,64.73681415780469,8.483127663125442,5.9813595436500515,4.999018565639891,3.0413988694462395,8.228716683119444,2.6361736376824947,2.0275519063904848,60.0,0.0,0.2940107853786779,-0.2817918818556824,0.2940107853786779,0.2817918818556824,54.370000000000005,1.2417200000000002,40.993600000000015,0.0,0.2571428571428571
3796,Nc1nc(N)nc(N)n1,0,3796,Nc1nc(N)nc(N)n1,3796,Nc1nc(N)nc(N)n1,Nc1nc(N)nc(N)n1,Nc1nc(N)nc(N)n1,Nc1nc(N)nc(N)n1,3796.0,1.0,0.0,0.0,0.0,0.0,0.0,0.0,c1ncncn1,126.12300000000002,-1.3818,116.73,3.0,6.0,0.0,1.0,1.0,6.0,0.0,9.0,0.0,0.0,0.0,0.0,0.0,0.0,0.0,0.0,0.0,0.0,0.0,0.0,0.0,0.0,0.0,0.0,3.0,1.0,0.0,0.0,0.0,0.0,0.0,0.0,0.0,0.0,0.0,0.0,0.0,0.0,0.0,0.0,0.0,0.0,0.0,0.0,0.0,0.0,0.0,0.0,0.0,0.0,0.0,0.0,0.0,0.0,0.0,0.0,0.0,0.0,0.0,0.0,0.0,0.0,1.0,1.0,6.0,1.0,0.0,0.0,0.0,0.0,0.0,0.0,0.0,0.0,0.0,0.0,0.0,0.0,0.0,0.0,0.0,0.0,0.0,0.0,0.0,0.0,0.0,0.0,0.0,0.0,0.0,0.0,0.0,0.0,0.0,0.0,0.0,0.0,0.0,0.0,0.0,0.0,0.0,0.0,0.0,0.0,0.0,0.0,0.0,0.0,0.0,0.0,0.0,0.0,0.0,0.0,0.0,0.0,0.0,0.0,3.0,1.0,0.0,0.0,0.0,0.0,0.0,0.0,0.0,0.0,0.0,0.0,0.0,0.0,0.0,0.0,0.0,0.0,0.0,0.0,0.0,0.0,0.0,0.0,0.0,0.0,0.0,0.0,0.0,0.0,0.0,0.0,0.0,0.0,0.0,0.0,0.0,0.0,0.0,0.0,0.0,0.0,0.0,0.0,0.0,0.0,0.0,0.0,0.0,0.0,0.0,0.0,0.0,0.0,0.0,0.0,0.0,0.0,0.0,0.0,0.0,0.0,0.0,0.0,0.0,0.0,0.0,0.0,0.0,0.0,0.0,0.0,0.0,0.0,0.0,0.0,0.0,0.0,0.0,0.0,0.0,0.0,0.0,0.0,0.0,0.0,0.0,0.0,0.0,0.0,0.0,0.0,0.0,0.0,0.0,0.0,0.0,0.0,0.0,0.0,0.0,0.0,0.0,0.0,0.0,0.0,0.0,0.0,0.0,0.0,0.0,0.0,0.0,0.0,0.0,0.0,0.0,0.0,0.0,0.0,0.0,0.0,0.0,0.0,0.0,0.0,0.0,0.0,0.0,0.0,0.0,0.0,0.0,0.0,0.0,0.0,0.0,0.0,0.0,0.0,0.0,0.0,0.0,0.0,1.0,1.0,1.0,1.0,0.0,0.0,0,0,1,0,0,0,0,0,c1ncncn1,murcko,train,0,0,0,0,0,0,0,0,0,0,0,0,0,0,0,0,0,0,0,0,0,0,0,0,0,0,0,0,0,0,0,0,0,0,0,0,0,0,0,0,0,0,0,0,0,0,0,0,0,0,0,0,0,0,0,0,1,0,0,0,0,0,0,1,0,0,0,0,0,0,0,0,0,0,0,0,0,0,0,0,0,0,0,0,0,0,0,0,0,0,0,0,0,0,0,0,0,0,0,0,1,0,0,0,0,0,0,0,0,0,0,0,0,0,0,0,0,0,0,0,0,0,1,0,0,0,0,0,0,0,0,0,0,0,0,0,0,0,0,0,0,0,0,0,0,0,0,1,0,0,0,0,0,1,0,0,0,0,0,0,0,0,0,0,0,0,0,0,0,0,0,0,0,0,0,0,0,1,0,0,0,0,0,0,0,0,0,0,0,0,0,0,0,0,0,0,0,0,0,0,0,0,0,0,0,0,0,0,0,0,0,0,0,0,0,0,1,0,0,0,0,0,0,0,0,0,0,0,0,0,0,0,0,0,0,0,0,0,0,0,0,0,0,0,0,0,0,0,0,0,0,0,0,0,0,0,0.2261102795289593,-0.367590742812541,-0.10623340020222516,0.5937010223415002,0.367590742812541,0.6783308385868778,-1.6344314404069045,5.137222222222222,0.04166666666666696,5.137222222222222,0.04166666666666696,5.095555555555555,2.5894444444444447,2.5477777777777777,0.19624945486262538,1.3158962664146923,0.0,17.845017842959482,0.0,0.0,0.0,0.0,0.0,14.951935562841626,17.201002431486554,0.0,0.0,51.11001915337465,49.99795583728766,6.8533711511285205,4.573691594068752,4.1815405503520555,2.2076661902843124,5.544952766531714,1.7312153761116047,1.1503599398716045,48.0,0.0,0.2261102795289593,-0.367590742812541,0.367590742812541,0.2261102795289593,116.72999999999999,-1.3818000000000001,33.0642,0.8999999999999999,0.0
8871,Nc1nc(Cl)nc(Nc2ccc(S(=O)(=O)O)c(N=Nc3c(S(=O)(=O)O)cc4cc(S(=O)(=O)O)c(N=Nc5cc(S(=O)(=O)O)ccc5S(=O)(=O)O)c(N)c4c3O)c2)n1,0,8871,Nc1nc(Cl)nc(Nc2ccc(S(=O)(=O)O)c(N=Nc3c(S(=O)(=O)O)cc4cc(S(=O)(=O)O)c(N=Nc5cc(S(=O)(=O)O)ccc5S(=O)(=O)O)c(N)c4c3O)c2)n1,8871,Nc1nc(Cl)nc(Nc2ccc(S(=O)(=O)O)c(N=Nc3c(S(=O)(=O)O)cc4cc(S(=O)(=O)O)c(N=Nc5cc(S(=O)(=O)O)ccc5S(=O)(=O)O)c(N)c4c3O)c2)n1,Nc1nc(Cl)nc(Nc2ccc(S(=O)(=O)O)c(N=Nc3c(S(=O)(=O)O)cc4cc(S(=O)(=O)O)c(N=Nc5cc(S(=O)(=O)O)ccc5S(=O)(=O)O)c(N)c4c3O)c2)n1,Nc1nc(Cl)nc(Nc2ccc(S(=O)(=O)O)c(N=Nc3c(S(=O)(=O)O)cc4cc(S(=O)(=O)O)c(N=Nc5cc(S(=O)(=O)O)ccc5S(=O)(=O)O)c(N)c4c3O)c2)n1,Nc1nc(Cl)nc(Nc2ccc(S(=O)(=O)O)c(N=Nc3c(S(=O)(=O)O)cc4cc(S(=O)(=O)O)c(N=Nc5cc(S(=O)(=O)O)ccc5S(=O)(=O)O)c(N)c4c3O)c2)n1,8871.0,1.0,0.0,0.0,0.0,0.0,0.0,0.0,c1ccc(N=Nc2ccc3ccc(N=Nc4cccc(Nc5ncncn5)c4)cc3c2)cc1,911.269,3.3561,444.26,9.0,21.0,11.0,5.0,5.0,32.0,0.0,57.0,0.0,0.0,0.0,0.0,0.0,0.0,0.0,0.0,0.0,0.0,0.0,0.0,0.0,0.0,0.0,0.0,4.0,1.0,0.0,0.0,0.0,0.0,2.0,1.0,0.0,0.0,0.0,0.0,0.0,0.0,0.0,0.0,1.0,1.0,0.0,0.0,0.0,0.0,0.0,0.0,0.0,0.0,0.0,0.0,0.0,0.0,0.0,0.0,0.0,0.0,0.0,0.0,0.0,0.0,5.0,1.0,40.0,1.0,2.0,1.0,0.0,0.0,1.0,1.0,0.0,0.0,1.0,1.0,0.0,0.0,0.0,0.0,0.0,0.0,0.0,0.0,5.0,1.0,0.0,0.0,5.0,1.0,0.0,0.0,0.0,0.0,0.0,0.0,0.0,0.0,0.0,0.0,0.0,0.0,0.0,0.0,0.0,0.0,0.0,0.0,0.0,0.0,0.0,0.0,0.0,0.0,0.0,0.0,1.0,1.0,0.0,0.0,4.0,1.0,0.0,0.0,0.0,0.0,0.0,0.0,0.0,0.0,0.0,0.0,0.0,0.0,4.0,1.0,0.0,0.0,0.0,0.0,0.0,0.0,0.0,0.0,0.0,0.0,0.0,0.0,0.0,0.0,0.0,0.0,0.0,0.0,0.0,0.0,0.0,0.0,0.0,0.0,0.0,0.0,0.0,0.0,0.0,0.0,0.0,0.0,0.0,0.0,0.0,0.0,0.0,0.0,0.0,0.0,0.0,0.0,0.0,0.0,0.0,0.0,0.0,0.0,0.0,0.0,0.0,0.0,0.0,0.0,0.0,0.0,0.0,0.0,0.0,0.0,0.0,0.0,0.0,0.0,0.0,0.0,0.0,0.0,0.0,0.0,0.0,0.0,0.0,0.0,0.0,0.0,0.0,0.0,0.0,0.0,0.0,0.0,0.0,0.0,0.0,0.0,0.0,0.0,0.0,0.0,0.0,0.0,0.0,0.0,0.0,0.0,0.0,0.0,0.0,0.0,0.0,0.0,0.0,0.0,0.0,0.0,0.0,0.0,0.0,0.0,0.0,0.0,0.0,0.0,0.0,0.0,0.0,0.0,0.0,0.0,0.0,0.0,0.0,0.0,0.0,0.0,0.0,0.0,1.0,3.0,1.0,3.0,0.0,0.0,1,0,1,0,0,0,0,0,c1ccc(N=Nc2ccc3ccc(N=Nc4cccc(Nc5ncncn5)c4)cc3c2)cc1,murcko,train,1,0,0,0,0,0,0,0,0,0,0,0,0,1,0,0,0,0,1,1,0,0,0,0,0,0,0,0,0,0,0,0,0,0,0,0,1,0,0,1,0,0,0,0,0,0,1,1,0,1,1,0,0,0,0,0,0,1,0,0,1,0,0,1,0,0,1,0,1,0,0,0,0,1,0,1,0,0,0,0,1,1,0,0,0,0,0,0,0,0,0,0,0,0,1,0,0,0,0,0,1,0,0,0,0,0,1,1,0,0,0,0,0,0,1,0,0,0,1,1,0,0,1,0,0,0,0,0,1,1,0,0,0,0,0,0,1,0,1,0,0,0,0,0,0,0,0,1,0,0,0,1,0,1,0,0,0,0,0,0,0,0,1,1,0,0,1,0,0,0,0,0,0,0,1,0,1,1,0,0,0,0,0,0,0,0,0,0,0,1,0,1,1,0,0,0,1,0,0,0,1,0,1,1,0,0,0,0,0,0,0,0,0,1,1,1,1,0,0,0,0,0,0,0,0,0,0,0,0,0,0,0,0,0,0,1,0,0,0,0,0,0,0,0,0,0,0,1,1,0,0,0,0,0,0,0,0.29641477787971254,-0.5048483780046619,-0.04881059118717304,0.8012631558843744,0.5048483780046619,3.5729394530731176,-6.355143150741982,12.497888731480227,0.09071891987126879,12.497888731480227,-5.485176155472004,12.40716981160896,6.2943038256757475,6.20358490580448,0.08059855834844258,3.1931746926560898,120.02694330838794,22.86765115670081,30.33183534230805,18.19910120538483,0.0,0.0,0.0,40.72572466936555,23.068274844556885,69.95926168493722,0.0,323.3071735081563,325.1787922116413,42.62866307520838,27.088968263362883,26.050735720865273,14.10693388475003,42.530903050505565,14.717195399603412,9.341148152721955,302.0,0.0,0.29641477787971254,-0.5048483780046619,0.5048483780046619,0.29641477787971254,444.26,3.3560999999999996,192.8663,2.3,2.2
3381,O=C1CCC(O)C2C3CCC(C3=C(Cl)Cl)C12,1,3381,O=C1CCC(O)C2C3CCC(C3=C(Cl)Cl)C12,3381,O=C1CCC(O)C2C3CCC(C3=C(Cl)Cl)C12,O=C1CCC(O)C2C3CCC(C3=C(Cl)Cl)C12,O=C1CCC(O)C2C3CCC(C3=C(Cl)Cl)C12,O=C1CCC(O)C2C3CCC(C3=C(Cl)Cl)C12,3381.0,1.0,0.0,0.0,0.0,0.0,0.0,0.0,C=C1C2CCC1C1C(=O)CCCC21,261.148,2.6716000000000006,37.3,1.0,2.0,0.0,3.0,0.0,4.0,0.75,16.0,0.0,0.0,0.0,0.0,0.0,0.0,0.0,0.0,0.0,0.0,0.0,0.0,0.0,0.0,0.0,0.0,0.0,0.0,0.0,0.0,0.0,0.0,0.0,0.0,0.0,0.0,0.0,0.0,0.0,0.0,1.0,1.0,0.0,0.0,0.0,0.0,0.0,0.0,1.0,1.0,0.0,0.0,0.0,0.0,0.0,0.0,0.0,0.0,0.0,0.0,1.0,1.0,0.0,0.0,0.0,0.0,0.0,0.0,5.0,1.0,0.0,0.0,2.0,1.0,0.0,0.0,2.0,1.0,0.0,0.0,0.0,0.0,0.0,0.0,0.0,0.0,0.0,0.0,0.0,0.0,0.0,0.0,0.0,0.0,0.0,0.0,0.0,0.0,0.0,0.0,0.0,0.0,0.0,0.0,0.0,0.0,0.0,0.0,0.0,0.0,0.0,0.0,0.0,0.0,0.0,0.0,0.0,0.0,0.0,0.0,0.0,0.0,0.0,0.0,0.0,0.0,0.0,0.0,0.0,0.0,0.0,0.0,0.0,0.0,0.0,0.0,0.0,0.0,0.0,0.0,0.0,0.0,0.0,0.0,0.0,0.0,0.0,0.0,0.0,0.0,0.0,0.0,0.0,0.0,0.0,0.0,0.0,0.0,0.0,0.0,0.0,0.0,0.0,0.0,0.0,0.0,0.0,0.0,0.0,0.0,0.0,0.0,0.0,0.0,0.0,0.0,0.0,0.0,0.0,0.0,0.0,0.0,0.0,0.0,2.0,1.0,0.0,0.0,0.0,0.0,0.0,0.0,0.0,0.0,0.0,0.0,0.0,0.0,0.0,0.0,0.0,0.0,0.0,0.0,0.0,0.0,0.0,0.0,0.0,0.0,0.0,0.0,0.0,0.0,0.0,0.0,0.0,0.0,0.0,0.0,0.0,0.0,0.0,0.0,0.0,0.0,0.0,0.0,0.0,0.0,0.0,0.0,0.0,0.0,0.0,0.0,0.0,0.0,0.0,0.0,0.0,0.0,0.0,0.0,0.0,0.0,0.0,0.0,0.0,0.0,0.0,0.0,0.0,0.0,0.0,0.0,0.0,0.0,0.0,0.0,0.0,0.0,0.0,0.0,0.0,0.0,1.0,1.0,1.0,1.0,0.0,0.0,0,0,0,0,0,0,0,0,C=C1C2CCC1C1C(=O)CCCC21,murcko,train,0,0,0,0,0,0,0,0,0,1,0,0,1,0,0,0,0,0,1,0,0,0,0,0,0,0,0,0,0,0,0,0,0,0,0,0,0,0,0,1,0,0,0,0,0,1,0,0,1,0,0,0,0,0,0,0,0,0,1,0,0,0,0,0,0,0,0,0,0,0,0,0,1,0,0,0,0,0,0,0,0,1,0,0,0,0,1,0,0,0,0,0,0,0,0,0,0,0,0,0,1,0,0,0,0,0,0,0,0,0,1,0,0,0,1,0,0,0,0,0,0,0,0,1,0,0,0,0,0,0,0,0,0,0,0,0,0,0,1,0,0,0,1,0,1,0,0,1,1,0,0,0,0,0,0,0,0,0,1,0,0,0,0,0,0,0,0,0,0,0,0,0,0,0,0,0,0,1,0,0,0,0,0,0,0,0,0,0,0,0,0,0,0,0,1,0,0,0,0,1,0,0,1,0,0,0,0,1,0,0,0,0,0,0,0,0,0,0,0,0,0,0,0,0,0,0,0,0,0,0,0,0,0,1,0,0,0,0,0,0,0,0,0,0,1,1,0,0,0,0,0,1,0,0,0,0,0.13657394795211755,-0.3927793696284706,-0.0408669367382698,0.5293533175805881,0.3927793696284706,0.34195286414059234,-0.995823851952909,11.959441609977324,0.009259259259259522,11.959441609977324,-0.34658950617283946,11.950182350718064,5.984350434618292,5.975091175359032,0.0836807314442287,2.9968120212127336,0.0,29.775590572393874,23.116356366374884,18.414747775921285,0.0,0.0,0.0,0.0,23.20187978046503,9.901064578912528,0.0,104.6088060994234,104.4096390740676,11.4472292782632,8.826569302676594,7.6090609052806215,5.867944507090955,11.064050946221709,3.724139867703956,1.329382061339269,88.0,0.0,0.13657394795211755,-0.3927793696284706,0.3927793696284706,0.13657394795211755,37.3,2.6716000000000006,62.17380000000003,0.2,0.30000000000000004
4694,CCO[Si](CCCc1c(O)c(C(=O)c2ccccc2)cc(C(=O)c2ccccc2)c1O)(OCC)OCC,0,4694,CCO[Si](CCCc1c(O)c(C(=O)c2ccccc2)cc(C(=O)c2ccccc2)c1O)(OCC)OCC,4694,CCO[Si](CCCc1c(O)c(C(=O)c2ccccc2)cc(C(=O)c2ccccc2)c1O)(OCC)OCC,CCO[Si](CCCc1c(O)c(C(=O)c2ccccc2)cc(C(=O)c2ccccc2)c1O)(OCC)OCC,CCO[Si](CCCc1c(O)c(C(=O)c2ccccc2)cc(C(=O)c2ccccc2)c1O)(OCC)OCC,CCO[Si](CCCc1c(O)c(C(=O)c2ccccc2)cc(C(=O)c2ccccc2)c1O)(OCC)OCC,4694.0,1.0,0.0,0.0,0.0,0.0,0.0,0.0,O=C(c1ccccc1)c1cccc(C(=O)c2ccccc2)c1,522.6700000000003,5.540800000000006,102.29,2.0,7.0,14.0,3.0,3.0,8.0,0.3103448275862069,37.0,0.0,0.0,0.0,0.0,0.0,0.0,0.0,0.0,0.0,0.0,0.0,0.0,0.0,0.0,0.0,0.0,0.0,0.0,0.0,0.0,0.0,0.0,0.0,0.0,0.0,0.0,0.0,0.0,0.0,0.0,0.0,0.0,2.0,1.0,0.0,0.0,0.0,0.0,2.0,1.0,0.0,0.0,0.0,0.0,0.0,0.0,0.0,0.0,0.0,0.0,0.0,0.0,0.0,0.0,3.0,1.0,18.0,1.0,0.0,0.0,0.0,0.0,0.0,0.0,0.0,0.0,0.0,0.0,0.0,0.0,0.0,0.0,0.0,0.0,0.0,0.0,0.0,0.0,0.0,0.0,0.0,0.0,0.0,0.0,0.0,0.0,0.0,0.0,0.0,0.0,0.0,0.0,0.0,0.0,0.0,0.0,0.0,0.0,0.0,0.0,0.0,0.0,0.0,0.0,0.0,0.0,0.0,0.0,0.0,0.0,0.0,0.0,0.0,0.0,0.0,0.0,0.0,0.0,0.0,0.0,0.0,0.0,0.0,0.0,0.0,0.0,0.0,0.0,0.0,0.0,0.0,0.0,0.0,0.0,0.0,0.0,0.0,0.0,0.0,0.0,0.0,0.0,0.0,0.0,0.0,0.0,0.0,0.0,0.0,0.0,0.0,0.0,0.0,0.0,0.0,0.0,0.0,0.0,0.0,0.0,0.0,0.0,0.0,0.0,0.0,0.0,0.0,0.0,0.0,0.0,0.0,0.0,0.0,0.0,0.0,0.0,0.0,0.0,0.0,0.0,0.0,0.0,0.0,0.0,0.0,0.0,0.0,0.0,0.0,0.0,0.0,0.0,0.0,0.0,0.0,0.0,0.0,0.0,0.0,0.0,0.0,0.0,0.0,0.0,0.0,0.0,0.0,0.0,0.0,0.0,0.0,0.0,0.0,0.0,0.0,0.0,0.0,0.0,0.0,0.0,0.0,0.0,0.0,0.0,0.0,0.0,0.0,0.0,0.0,0.0,0.0,0.0,0.0,0.0,0.0,0.0,0.0,0.0,0.0,0.0,0.0,0.0,0.0,0.0,0.0,0.0,0.0,0.0,0.0,0.0,0.0,0.0,0.0,0.0,0.0,0.0,0.0,0.0,0.0,0.0,0.0,0.0,0,0,0,0,0,0,0,0,O=C(c1ccccc1)c1cccc(C(=O)c2ccccc2)c1,murcko,train,0,0,0,0,0,0,0,0,0,1,0,0,0,0,0,0,0,0,0,0,0,0,0,0,0,0,0,0,0,0,0,0,0,1,0,0,0,0,1,1,0,0,0,0,0,0,0,0,0,0,0,0,0,0,0,0,0,0,0,0,0,0,0,0,1,0,1,0,0,0,0,0,0,0,0,0,0,0,0,0,1,1,0,0,0,1,0,0,0,0,1,0,0,0,0,0,0,0,0,0,1,0,0,0,0,1,0,1,0,0,0,0,0,0,1,0,0,0,0,1,0,0,1,1,0,1,0,0,0,0,0,0,0,1,0,0,0,0,1,0,0,0,0,0,0,0,0,0,0,0,1,0,0,0,0,0,0,0,0,0,0,0,0,0,0,0,0,0,0,0,0,0,0,0,0,1,0,0,0,0,0,0,0,1,0,0,1,0,0,0,0,0,0,1,0,0,1,1,0,1,0,0,1,0,0,0,0,0,0,0,0,0,0,1,1,0,0,0,0,1,0,0,0,0,0,0,0,0,0,0,0,0,0,0,0,0,0,0,0,1,0,0,1,0,0,0,0,0,0,0,0,0,1,0,0,1,0.5004357600980825,-0.5067477669461512,-0.05444201700451953,1.0071835270442338,0.5067477669461512,1.4974220395425797,-3.511776668709803,13.324499038158102,0.040542721718316965,13.324499038158102,-2.9574050199378643,13.283956316439784,6.68252087993821,6.641978158219892,0.0752787781123936,3.361655537480596,20.370925049762256,34.610199764584806,43.41246627677522,0.0,6.06636706846161,60.6636706846161,20.771211599071872,0.0,13.278015078357752,19.802129157825057,0.0,218.5630750150898,218.97498467945468,26.838288046437576,21.5291622915244,17.86933968260495,12.56100432442579,28.2710440100824,13.300904291717412,6.722914204970018,196.0,0.0,0.5004357600980825,-0.5067477669461512,0.5067477669461512,0.5004357600980825,102.29,5.540800000000006,143.28059999999985,0.0,2.924137931034483
6213,CC(O)C#CC(C)O,0,6213,CC(O)C#CC(C)O,6213,CC(O)C#CC(C)O,CC(O)C#CC(C)O,CC(O)C#CC(C)O,CC(O)C#CC(C)O,6213.0,1.0,0.0,0.0,0.0,0.0,0.0,0.0,,114.14399999999998,-0.2486,40.46,2.0,2.0,0.0,0.0,0.0,2.0,0.6666666666666666,8.0,0.0,0.0,0.0,0.0,0.0,0.0,0.0,0.0,0.0,0.0,0.0,0.0,0.0,0.0,0.0,0.0,0.0,0.0,0.0,0.0,0.0,0.0,0.0,0.0,0.0,0.0,0.0,0.0,0.0,0.0,2.0,1.0,0.0,0.0,0.0,0.0,0.0,0.0,0.0,0.0,0.0,0.0,0.0,0.0,0.0,0.0,0.0,0.0,0.0,0.0,0.0,0.0,1.0,1.0,0.0,0.0,0.0,0.0,0.0,0.0,0.0,0.0,0.0,0.0,0.0,0.0,0.0,0.0,0.0,0.0,0.0,0.0,0.0,0.0,0.0,0.0,0.0,0.0,0.0,0.0,0.0,0.0,0.0,0.0,0.0,0.0,0.0,0.0,0.0,0.0,0.0,0.0,0.0,0.0,0.0,0.0,0.0,0.0,0.0,0.0,0.0,0.0,0.0,0.0,0.0,0.0,0.0,0.0,0.0,0.0,0.0,0.0,0.0,0.0,0.0,0.0,0.0,0.0,0.0,0.0,0.0,0.0,0.0,0.0,0.0,0.0,0.0,0.0,0.0,0.0,0.0,0.0,0.0,0.0,0.0,0.0,0.0,0.0,0.0,0.0,0.0,0.0,0.0,0.0,0.0,0.0,0.0,0.0,0.0,0.0,0.0,0.0,0.0,0.0,0.0,0.0,0.0,0.0,0.0,0.0,0.0,0.0,0.0,0.0,0.0,0.0,0.0,0.0,0.0,0.0,0.0,0.0,0.0,0.0,0.0,0.0,0.0,0.0,0.0,0.0,0.0,0.0,0.0,0.0,0.0,0.0,0.0,0.0,0.0,0.0,0.0,0.0,0.0,0.0,0.0,0.0,0.0,0.0,0.0,0.0,0.0,0.0,0.0,0.0,0.0,0.0,0.0,0.0,0.0,0.0,0.0,0.0,0.0,0.0,0.0,0.0,0.0,0.0,0.0,0.0,0.0,0.0,0.0,0.0,0.0,0.0,0.0,0.0,0.0,0.0,0.0,0.0,0.0,0.0,0.0,0.0,0.0,0.0,0.0,0.0,0.0,0.0,0.0,0.0,0.0,0.0,0.0,0.0,0.0,0.0,0.0,0.0,0.0,0.0,0.0,0.0,0.0,0.0,0.0,0.0,0.0,0.0,0,0,0,0,0,0,0,1,ACY_**(*)***(*)*,acyclic_anonymous_graph,train,1,1,0,0,0,0,0,0,0,0,0,0,0,0,0,0,0,0,0,0,0,0,0,1,0,0,0,1,0,0,0,0,0,1,0,0,0,0,0,1,0,0,0,0,0,0,0,0,0,0,0,0,0,0,0,0,0,0,0,0,0,0,0,0,0,0,0,0,0,0,0,0,0,0,0,0,0,0,0,0,0,0,0,0,0,0,0,0,0,0,0,0,0,0,0,0,0,0,0,0,0,0,0,0,0,0,0,0,0,0,0,0,0,0,0,0,0,0,0,0,0,0,0,0,0,0,0,0,0,0,0,0,0,0,0,0,0,0,0,0,0,0,0,0,1,0,0,0,0,0,0,0,0,0,0,0,0,0,0,0,0,0,1,0,0,0,0,0,0,0,0,0,0,0,0,0,0,0,0,0,0,0,0,0,0,0,0,0,0,0,0,0,0,0,0,0,0,0,0,0,0,0,0,0,0,0,0,0,0,0,0,0,0,0,0,0,0,0,0,0,0,0,0,0,0,0,0,1,0,0,0,0,0,0,0,0,0,1,0,0,0,0,0,0,0,0,0,0,0,0,0,0,0,0,0,0,0.11157502595490157,-0.380677532676255,-0.09146053187015715,0.4922525586311566,0.380677532676255,0.22315005190980314,-0.9548343068710603,8.516527777777778,0.6346296296296299,8.516527777777778,-0.6346296296296299,7.8818981481481485,4.575578703703704,3.9409490740740742,0.12687299191184676,2.6562028689378288,12.207932775496605,0.0,0.0,0.0,0.0,13.847474399381248,0.0,11.840868637711289,10.213054789681411,0.0,0.0,49.151654496063884,48.109330602270546,6.568914100752346,5.049127729379167,3.625897657686229,2.4984485870631996,7.4799999999999995,3.478026823758186,5.48,46.0,0.0,0.11157502595490157,-0.380677532676255,0.380677532676255,0.11157502595490157,40.46,-0.24860000000000004,31.137599999999985,0.0,0.26666666666666666
8501,CC1=NN(c2cccc(S(=O)(=O)O)c2)C(=O)C1N=Nc1cc(Cl)c(Cl)cc1S(=O)(=O)O,1,8501,CC1=NN(c2cccc(S(=O)(=O)O)c2)C(=O)C1N=Nc1cc(Cl)c(Cl)cc1S(=O)(=O)O,8501,CC1=NN(c2cccc(S(=O)(=O)O)c2)C(=O)C1N=Nc1cc(Cl)c(Cl)cc1S(=O)(=O)O,CC1=NN(c2cccc(S(=O)(=O)O)c2)C(=O)C1N=Nc1cc(Cl)c(Cl)cc1S(=O)(=O)O,CC1=NN(c2cccc(S(=O)(=O)O)c2)C(=O)C1N=Nc1cc(Cl)c(Cl)cc1S(=O)(=O)O,CC1=NN(c2cccc(S(=O)(=O)O)c2)C(=O)C1N=Nc1cc(Cl)c(Cl)cc1S(=O)(=O)O,8501.0,1.0,0.0,0.0,0.0,0.0,0.0,0.0,O=C1C(N=Nc2ccccc2)C=NN1c1ccccc1,507.3330000000002,3.361800000000001,166.12999999999997,2.0,8.0,5.0,3.0,2.0,15.0,0.125,31.0,0.0,0.0,0.0,0.0,0.0,0.0,0.0,0.0,0.0,0.0,1.0,1.0,0.0,0.0,0.0,0.0,1.0,1.0,0.0,0.0,0.0,0.0,1.0,1.0,1.0,1.0,1.0,1.0,0.0,0.0,0.0,0.0,0.0,0.0,0.0,0.0,0.0,0.0,0.0,0.0,0.0,0.0,0.0,0.0,0.0,0.0,0.0,0.0,0.0,0.0,0.0,0.0,0.0,0.0,2.0,1.0,12.0,1.0,0.0,0.0,0.0,0.0,2.0,1.0,0.0,0.0,2.0,1.0,0.0,0.0,0.0,0.0,0.0,0.0,0.0,0.0,2.0,1.0,0.0,0.0,2.0,1.0,0.0,0.0,0.0,0.0,0.0,0.0,0.0,0.0,0.0,0.0,0.0,0.0,0.0,0.0,0.0,0.0,0.0,0.0,0.0,0.0,0.0,0.0,0.0,0.0,0.0,0.0,0.0,0.0,0.0,0.0,0.0,0.0,0.0,0.0,0.0,0.0,0.0,0.0,0.0,0.0,0.0,0.0,0.0,0.0,1.0,1.0,0.0,0.0,0.0,0.0,1.0,1.0,0.0,0.0,0.0,0.0,0.0,0.0,0.0,0.0,0.0,0.0,0.0,0.0,0.0,0.0,0.0,0.0,0.0,0.0,0.0,0.0,0.0,0.0,0.0,0.0,0.0,0.0,0.0,0.0,0.0,0.0,0.0,0.0,0.0,0.0,0.0,0.0,0.0,0.0,0.0,0.0,0.0,0.0,0.0,0.0,0.0,0.0,0.0,0.0,0.0,0.0,0.0,0.0,0.0,0.0,0.0,0.0,0.0,0.0,0.0,0.0,0.0,0.0,0.0,0.0,0.0,0.0,0.0,0.0,0.0,0.0,2.0,1.0,0.0,0.0,0.0,0.0,0.0,0.0,0.0,0.0,0.0,0.0,0.0,0.0,0.0,0.0,0.0,0.0,0.0,0.0,0.0,0.0,0.0,0.0,0.0,0.0,0.0,0.0,0.0,0.0,0.0,0.0,0.0,0.0,0.0,0.0,0.0,0.0,0.0,0.0,0.0,0.0,0.0,0.0,0.0,0.0,0.0,0.0,0.0,0.0,0.0,0.0,1.0,3.0,1.0,2.0,1.0,1.0,0,0,1,0,0,0,0,0,O=C1C(N=Nc2ccccc2)C=NN1c1ccccc1,murcko,train,0,0,0,0,0,1,0,0,0,0,0,0,0,0,0,1,0,0,1,0,0,0,0,0,0,1,0,0,0,0,1,0,1,1,0,0,1,0,1,1,0,0,0,0,0,0,0,0,0,1,0,0,0,0,0,0,0,0,1,0,0,0,0,1,1,0,0,0,1,0,0,1,0,0,0,0,0,0,0,0,1,1,0,0,1,0,0,0,0,0,0,0,1,0,1,0,0,0,0,0,1,0,0,0,0,0,0,1,0,0,1,0,0,0,1,0,0,0,0,0,1,0,1,0,0,0,0,0,0,0,0,0,0,0,0,0,1,0,1,0,0,0,0,0,0,0,0,1,0,0,0,0,0,1,0,0,0,0,0,1,0,1,0,1,0,0,0,1,0,0,0,0,0,0,0,0,0,0,0,0,0,0,0,0,0,0,1,0,0,0,0,1,0,0,0,0,1,0,0,0,1,0,0,0,0,0,0,0,0,0,0,0,0,1,1,0,0,0,0,1,0,0,0,0,0,0,0,0,0,0,0,0,0,0,0,0,0,0,0,0,0,0,0,0,0,0,1,0,1,0,0,1,0,0,0,0,0.2963011593169445,-0.28179089171556987,-0.03286706300656906,0.5780920510325144,0.2963011593169445,1.6519039277772367,-2.670782880980878,12.732324101193974,0.04660867938645796,12.732324101193974,-4.720990630164164,12.685715421807517,6.389466390290216,6.3428577109037585,0.078828821769164,3.2182087801265933,41.976241227602124,27.13172417962048,0.0,29.27438079780097,19.056471336613843,0.0,0.0,15.329907776998517,23.20187978046503,30.735630900110422,0.0,186.03983122429412,186.7062359992114,23.13746372257519,15.338400436592627,14.285730831514487,8.128196040403674,23.24747481971614,8.256370893015827,4.917414348651928,164.0,0.0,0.2963011593169445,-0.28179089171556987,0.2963011593169445,0.28179089171556987,166.12999999999997,3.3618000000000015,111.43220000000002,1.1,1.05
3455,O=S(=O)(O)OCCS(=O)(=O)c1ccc(N=Nc2c(S(=O)(=O)O)cc3cc(Nc4nc(Cl)nc(Cl)n4)ccc3c2O)cc1,1,3455,O=S(=O)(O)OCCS(=O)(=O)c1ccc(N=Nc2c(S(=O)(=O)O)cc3cc(Nc4nc(Cl)nc(Cl)n4)ccc3c2O)cc1,3455,O=S(=O)(O)OCCS(=O)(=O)c1ccc(N=Nc2c(S(=O)(=O)O)cc3cc(Nc4nc(Cl)nc(Cl)n4)ccc3c2O)cc1,O=S(=O)(O)OCCS(=O)(=O)c1ccc(N=Nc2c(S(=O)(=O)O)cc3cc(Nc4nc(Cl)nc(Cl)n4)ccc3c2O)cc1,O=S(=O)(O)OCCS(=O)(=O)c1ccc(N=Nc2c(S(=O)(=O)O)cc3cc(Nc4nc(Cl)nc(Cl)n4)ccc3c2O)cc1,O=S(=O)(O)OCCS(=O)(=O)c1ccc(N=Nc2c(S(=O)(=O)O)cc3cc(Nc4nc(Cl)nc(Cl)n4)ccc3c2O)cc1,3455.0,1.0,0.0,0.0,0.0,0.0,0.0,0.0,c1ccc(N=Nc2ccc3cc(Nc4ncncn4)ccc3c2)cc1,679.498,4.036000000000002,247.76,4.0,14.0,10.0,4.0,4.0,21.0,0.0952380952380952,42.0,0.0,0.0,0.0,0.0,0.0,0.0,0.0,0.0,0.0,0.0,0.0,0.0,0.0,0.0,0.0,0.0,2.0,1.0,0.0,0.0,0.0,0.0,1.0,1.0,0.0,0.0,0.0,0.0,0.0,0.0,0.0,0.0,1.0,1.0,0.0,0.0,0.0,0.0,0.0,0.0,0.0,0.0,0.0,0.0,0.0,0.0,0.0,0.0,0.0,0.0,0.0,0.0,0.0,0.0,4.0,1.0,34.0,1.0,2.0,1.0,0.0,0.0,2.0,1.0,0.0,0.0,2.0,1.0,0.0,0.0,0.0,0.0,0.0,0.0,0.0,0.0,3.0,1.0,0.0,0.0,2.0,1.0,0.0,0.0,0.0,0.0,0.0,0.0,0.0,0.0,0.0,0.0,0.0,0.0,0.0,0.0,0.0,0.0,0.0,0.0,0.0,0.0,0.0,0.0,0.0,0.0,0.0,0.0,0.0,0.0,0.0,0.0,2.0,1.0,0.0,0.0,0.0,0.0,0.0,0.0,0.0,0.0,0.0,0.0,0.0,0.0,2.0,1.0,0.0,0.0,0.0,0.0,0.0,0.0,0.0,0.0,0.0,0.0,0.0,0.0,0.0,0.0,0.0,0.0,0.0,0.0,0.0,0.0,0.0,0.0,0.0,0.0,0.0,0.0,0.0,0.0,0.0,0.0,1.0,1.0,0.0,0.0,0.0,0.0,0.0,0.0,0.0,0.0,0.0,0.0,0.0,0.0,0.0,0.0,0.0,0.0,0.0,0.0,0.0,0.0,0.0,0.0,0.0,0.0,0.0,0.0,0.0,0.0,0.0,0.0,0.0,0.0,0.0,0.0,0.0,0.0,0.0,0.0,0.0,0.0,0.0,0.0,0.0,0.0,0.0,0.0,0.0,0.0,0.0,0.0,0.0,0.0,0.0,0.0,0.0,0.0,0.0,0.0,0.0,0.0,0.0,0.0,0.0,0.0,0.0,0.0,0.0,0.0,0.0,0.0,0.0,0.0,0.0,0.0,0.0,0.0,0.0,0.0,0.0,0.0,0.0,0.0,0.0,0.0,0.0,0.0,0.0,0.0,0.0,0.0,0.0,0.0,0.0,0.0,0.0,0.0,1.0,3.0,1.0,3.0,0.0,0.0,0,0,1,0,0,0,0,0,c1ccc(N=Nc2ccc3cc(Nc4ncncn4)ccc3c2)cc1,murcko,train,0,0,1,0,0,0,0,0,0,0,0,0,0,1,0,0,0,1,0,0,0,0,0,0,0,0,0,0,0,0,0,0,0,0,0,0,0,0,0,1,0,0,0,0,0,0,1,1,0,1,1,0,0,0,0,0,0,1,0,0,1,0,1,1,0,0,1,0,1,0,0,0,0,1,0,1,0,1,0,0,1,1,0,0,0,0,0,0,0,0,0,1,0,0,1,0,0,0,0,0,1,0,0,0,0,0,1,1,0,0,0,0,0,0,1,0,0,0,1,0,0,0,1,0,0,1,0,0,1,1,0,0,0,0,0,1,1,0,1,0,0,0,0,0,1,0,0,1,0,0,1,0,0,0,0,0,0,0,0,0,0,0,1,1,0,0,0,0,0,0,0,0,0,0,0,0,0,0,0,0,0,0,0,1,0,0,0,0,0,1,0,1,1,0,0,0,1,1,0,0,0,0,1,1,0,0,0,0,0,0,1,0,0,1,1,0,0,1,0,0,0,0,0,0,0,1,0,0,0,0,0,0,0,0,0,1,0,0,0,0,0,0,0,0,1,1,0,0,0,0,0,0,0,0,0,0,0.3968813669610329,-0.5049133745302398,-0.039480219519064476,0.9017947414912726,0.5049133745302398,2.3714240518839,-4.029593271684608,12.325015412623749,0.019211355773344874,12.325015412623749,-4.9340604455031505,12.305804056850404,6.172113384198547,6.152902028425202,0.08126246731868929,3.095692362027827,59.046497731845605,37.87083010020594,5.687386274683562,18.19910120538483,30.33183534230805,0.0,0.0,34.68030985075646,27.754629654155394,34.91266822151788,0.0,247.21870997648216,248.48325838085776,30.871668241257186,20.449136330546853,19.514807000555646,10.994590596697437,31.377299682473424,11.97240812986139,7.832933472547735,222.0,0.0,0.3968813669610329,-0.5049133745302398,0.5049133745302398,0.3968813669610329,247.75999999999996,4.036000000000002,148.72849999999985,1.3,2.038095238095238
4411,CN1COCN=C1N[N+](=O)[O-],0,4411,CN1COCN=C1N[N+](=O)[O-],4411,CN1COCN=C1N[N+](=O)[O-],CN1COCN=C1N[N+](=O)[O-],CN1COCN=C1N[N+](=O)[O-],CN1COCN=C1N[N+](=O)[O-],4411.0,1.0,0.0,0.0,0.0,0.0,0.0,0.0,C1=NCOCN1,160.13299999999998,-0.9993,80.0,1.0,5.0,1.0,1.0,0.0,7.0,0.75,11.0,0.0,1.0,0.0,0.0,0.0,0.0,0.0,0.0,0.0,0.0,0.0,0.0,0.0,0.0,0.0,0.0,0.0,0.0,0.0,0.0,0.0,0.0,0.0,0.0,1.0,1.0,1.0,1.0,1.0,1.0,0.0,0.0,0.0,0.0,1.0,1.0,0.0,0.0,0.0,0.0,0.0,0.0,0.0,0.0,0.0,0.0,0.0,0.0,0.0,0.0,0.0,0.0,0.0,0.0,0.0,0.0,0.0,0.0,0.0,0.0,0.0,0.0,0.0,0.0,0.0,0.0,0.0,0.0,0.0,0.0,0.0,0.0,0.0,0.0,0.0,0.0,0.0,0.0,0.0,0.0,0.0,0.0,0.0,0.0,0.0,0.0,0.0,0.0,0.0,0.0,0.0,0.0,0.0,0.0,0.0,0.0,0.0,0.0,0.0,0.0,0.0,0.0,0.0,0.0,0.0,0.0,0.0,0.0,0.0,0.0,0.0,0.0,0.0,0.0,0.0,0.0,0.0,0.0,0.0,0.0,0.0,0.0,0.0,0.0,0.0,0.0,0.0,0.0,1.0,1.0,1.0,1.0,0.0,0.0,0.0,0.0,0.0,0.0,1.0,1.0,0.0,0.0,0.0,0.0,0.0,0.0,0.0,0.0,0.0,0.0,0.0,0.0,0.0,0.0,0.0,0.0,0.0,0.0,0.0,0.0,0.0,0.0,0.0,0.0,0.0,0.0,0.0,0.0,0.0,0.0,0.0,0.0,0.0,0.0,0.0,0.0,0.0,0.0,0.0,0.0,0.0,0.0,0.0,0.0,0.0,0.0,0.0,0.0,0.0,0.0,0.0,0.0,0.0,0.0,0.0,0.0,0.0,0.0,0.0,0.0,0.0,0.0,0.0,0.0,0.0,0.0,0.0,0.0,0.0,0.0,0.0,0.0,0.0,0.0,0.0,0.0,0.0,0.0,0.0,0.0,0.0,0.0,0.0,0.0,0.0,0.0,0.0,0.0,0.0,0.0,0.0,0.0,0.0,0.0,0.0,0.0,0.0,0.0,0.0,0.0,0.0,0.0,0.0,0.0,0.0,0.0,0.0,0.0,0.0,0.0,0.0,0.0,0.0,0.0,0.0,0.0,1.0,3.0,1.0,3.0,0.0,0.0,0,0,0,0,0,0,0,0,C1=NCOCN1,murcko,train,0,0,0,1,0,0,0,0,0,0,0,1,0,0,0,0,0,0,0,0,0,0,1,0,0,0,0,0,0,0,0,0,0,1,0,0,0,0,0,0,0,0,0,0,0,0,0,0,0,0,0,0,0,0,0,0,0,0,0,1,0,0,0,0,0,0,0,0,0,0,1,0,0,0,0,0,0,0,0,0,0,0,0,0,0,0,0,0,0,0,0,0,0,0,0,0,0,0,0,0,1,0,0,0,0,0,0,0,0,0,0,0,0,1,0,0,0,0,0,0,0,1,1,0,0,0,1,0,1,0,0,0,0,0,0,0,0,1,1,0,0,0,0,0,1,0,0,0,1,0,0,0,0,0,0,0,0,1,1,0,0,0,0,0,0,0,0,1,0,0,0,1,0,0,0,1,0,0,0,0,0,0,0,0,0,1,0,0,0,0,0,0,0,0,0,0,0,0,0,0,0,0,1,1,0,0,0,0,0,0,0,0,0,0,0,0,0,0,0,0,0,0,0,0,0,0,0,0,0,0,0,0,1,1,0,0,0,0,0,0,0,1,0,0,0,0,0,0,0,0,0,0,0,0,0,0,0.26024601993156304,-0.3387802339551171,-0.0649086381874877,0.5990262538866802,0.3387802339551171,0.703616971109644,-1.4176119911720084,9.95920634920635,0.167175925925926,9.95920634920635,-0.6521296296296297,9.792030423280423,5.063191137566138,4.896015211640211,0.10212386571251997,2.618037668120317,5.0323138419217255,12.690371316243318,6.730816747499484,0.0,4.899909730850478,7.04767198267719,5.425791397110385,4.992404732635669,4.736862953800049,10.114318268765572,0.0,62.769921529403334,61.67046097150387,8.267584713501616,5.980599220264558,5.198377302757662,2.9429881616433082,7.733842159916927,3.149583818391657,2.0419548770595273,62.0,0.0,0.26024601993156304,-0.3387802339551171,0.3387802339551171,0.26024601993156304,80.0,-0.9993000000000001,36.14710000000001,0.6000000000000001,0.5
2438,CCOC(=O)CC(C)C,0,2438,CCOC(=O)CC(C)C,2438,CCOC(=O)CC(C)C,CCOC(=O)CC(C)C,CCOC(=O)CC(C)C,CCOC(=O)CC(C)C,2438.0,1.0,0.0,0.0,0.0,0.0,0.0,0.0,,130.18699999999998,1.5956,26.3,0.0,2.0,3.0,0.0,0.0,2.0,0.8571428571428571,9.0,0.0,0.0,0.0,0.0,0.0,0.0,0.0,0.0,0.0,0.0,0.0,0.0,0.0,0.0,0.0,0.0,0.0,0.0,0.0,0.0,0.0,0.0,0.0,0.0,0.0,0.0,0.0,0.0,0.0,0.0,0.0,0.0,0.0,0.0,1.0,1.0,0.0,0.0,0.0,0.0,0.0,0.0,0.0,0.0,1.0,1.0,0.0,0.0,0.0,0.0,0.0,0.0,0.0,0.0,0.0,0.0,0.0,0.0,0.0,0.0,0.0,0.0,0.0,0.0,0.0,0.0,0.0,0.0,0.0,0.0,0.0,0.0,0.0,0.0,0.0,0.0,0.0,0.0,0.0,0.0,0.0,0.0,0.0,0.0,0.0,0.0,0.0,0.0,0.0,0.0,0.0,0.0,0.0,0.0,0.0,0.0,0.0,0.0,0.0,0.0,0.0,0.0,0.0,0.0,0.0,0.0,0.0,0.0,0.0,0.0,0.0,0.0,0.0,0.0,0.0,0.0,0.0,0.0,0.0,0.0,0.0,0.0,0.0,0.0,0.0,0.0,0.0,0.0,0.0,0.0,0.0,0.0,0.0,0.0,0.0,0.0,0.0,0.0,0.0,0.0,0.0,0.0,0.0,0.0,0.0,0.0,0.0,0.0,0.0,0.0,0.0,0.0,0.0,0.0,0.0,0.0,0.0,0.0,0.0,0.0,0.0,0.0,0.0,0.0,0.0,0.0,0.0,0.0,0.0,0.0,0.0,0.0,0.0,0.0,0.0,0.0,0.0,0.0,0.0,0.0,0.0,0.0,0.0,0.0,0.0,0.0,0.0,0.0,0.0,0.0,0.0,0.0,0.0,0.0,0.0,0.0,0.0,0.0,0.0,0.0,0.0,0.0,0.0,0.0,0.0,0.0,0.0,0.0,0.0,0.0,0.0,0.0,0.0,0.0,0.0,0.0,0.0,0.0,0.0,0.0,0.0,0.0,0.0,0.0,0.0,0.0,0.0,0.0,0.0,0.0,0.0,0.0,0.0,0.0,0.0,0.0,0.0,0.0,0.0,0.0,0.0,0.0,0.0,0.0,0.0,0.0,0.0,0.0,0.0,0.0,0.0,0.0,0.0,0.0,0.0,0.0,0.0,0.0,0.0,0.0,0.0,0.0,0,0,0,0,0,0,1,0,ACY_****(*)**(*)*,acyclic_anonymous_graph,train,0,1,0,0,0,0,0,0,0,0,1,0,0,0,0,0,0,0,0,0,0,0,0,0,0,0,0,1,0,0,0,0,0,1,0,0,1,0,1,1,0,0,0,0,0,0,0,0,0,0,0,0,0,0,0,1,0,0,0,0,0,0,0,0,0,0,0,0,0,0,0,0,0,0,0,0,0,0,0,0,1,0,0,0,0,0,0,0,0,0,0,0,0,0,0,0,0,0,0,0,0,0,0,0,0,0,1,0,0,0,0,0,0,0,0,1,0,0,0,0,0,0,0,0,0,1,0,0,0,0,0,0,0,0,0,0,0,0,1,0,0,0,0,0,0,0,0,1,0,0,0,0,0,0,0,0,0,0,0,0,0,0,0,0,0,0,0,0,0,0,0,0,0,0,0,0,0,0,0,0,0,0,0,1,0,0,1,0,0,0,0,0,0,0,0,0,0,0,0,0,0,0,0,0,0,0,0,0,0,0,0,0,0,0,1,0,0,0,0,0,0,0,0,0,0,0,0,0,0,0,0,0,0,0,0,0,0,0,0,0,0,1,0,0,0,0,0,0,0,0,0,0,0,0,0,0,0.30552840550557964,-0.4659618863161138,-0.05200670235799509,0.7714902918216935,0.4659618863161138,0.44178418724383894,-0.9098445084657949,10.63125,0.09027777777777746,10.63125,-0.09027777777777746,10.540972222222223,5.360763888888888,5.270486111111111,0.0948679096119639,2.726294014116725,0.0,5.969305287951849,18.94560963360032,0.0,0.0,0.0,20.771211599071872,0.0,4.736862953800049,4.794537184071822,0.0,56.20397104375983,55.21752665849591,7.276020881938894,6.308060412490447,4.163902460147014,3.3205324256816118,8.470000000000002,4.3587538349811625,5.339329135302875,54.0,0.0,0.30552840550557964,-0.4659618863161138,0.4659618863161138,0.30552840550557964,26.3,1.5956000000000001,36.087999999999994,0.0,1.342857142857143
11143,N#Cc1ccccc1C#N,1,11143,N#Cc1ccccc1C#N,11143,N#Cc1ccccc1C#N,N#Cc1ccccc1C#N,N#Cc1ccccc1C#N,N#Cc1ccccc1C#N,11143.0,1.0,0.0,0.0,0.0,0.0,0.0,0.0,c1ccccc1,128.13399999999996,1.42996,47.58,0.0,2.0,0.0,1.0,1.0,2.0,0.0,10.0,0.0,0.0,0.0,0.0,0.0,0.0,0.0,0.0,0.0,0.0,0.0,0.0,0.0,0.0,0.0,0.0,0.0,0.0,0.0,0.0,2.0,1.0,0.0,0.0,0.0,0.0,0.0,0.0,0.0,0.0,0.0,0.0,0.0,0.0,0.0,0.0,0.0,0.0,0.0,0.0,0.0,0.0,0.0,0.0,0.0,0.0,0.0,0.0,0.0,0.0,0.0,0.0,0.0,0.0,1.0,1.0,6.0,1.0,0.0,0.0,0.0,0.0,0.0,0.0,0.0,0.0,0.0,0.0,0.0,0.0,0.0,0.0,0.0,0.0,0.0,0.0,0.0,0.0,0.0,0.0,0.0,0.0,0.0,0.0,0.0,0.0,0.0,0.0,0.0,0.0,0.0,0.0,0.0,0.0,0.0,0.0,0.0,0.0,0.0,0.0,0.0,0.0,0.0,0.0,0.0,0.0,0.0,0.0,0.0,0.0,0.0,0.0,0.0,0.0,0.0,0.0,0.0,0.0,0.0,0.0,0.0,0.0,0.0,0.0,0.0,0.0,0.0,0.0,0.0,0.0,0.0,0.0,0.0,0.0,0.0,0.0,0.0,0.0,0.0,0.0,0.0,0.0,0.0,0.0,0.0,0.0,0.0,0.0,0.0,0.0,0.0,0.0,0.0,0.0,0.0,0.0,0.0,0.0,0.0,0.0,0.0,0.0,0.0,0.0,0.0,0.0,0.0,0.0,0.0,0.0,0.0,0.0,0.0,0.0,0.0,0.0,0.0,0.0,0.0,0.0,0.0,0.0,0.0,0.0,0.0,0.0,0.0,0.0,0.0,0.0,0.0,0.0,0.0,0.0,0.0,0.0,0.0,0.0,0.0,0.0,0.0,0.0,0.0,0.0,0.0,0.0,0.0,0.0,0.0,0.0,0.0,0.0,0.0,0.0,0.0,0.0,0.0,0.0,0.0,0.0,0.0,0.0,0.0,0.0,0.0,0.0,0.0,0.0,0.0,0.0,0.0,0.0,0.0,0.0,0.0,0.0,0.0,0.0,0.0,0.0,0.0,0.0,0.0,0.0,0.0,0.0,0.0,0.0,0.0,0.0,0.0,0.0,0.0,0.0,0.0,0.0,0.0,0.0,0.0,0.0,0.0,0.0,0,0,0,0,0,0,0,0,c1ccccc1,murcko,train,0,0,0,0,0,0,0,0,0,0,0,0,0,0,0,0,0,0,0,0,0,0,1,0,0,0,0,0,0,0,0,0,0,0,0,0,0,0,1,0,0,0,0,0,0,0,0,0,0,0,0,0,0,0,0,0,0,0,0,0,0,0,0,0,1,0,0,0,0,0,1,0,0,0,0,1,0,0,0,0,0,1,0,0,0,0,0,0,0,0,0,0,0,0,0,0,0,0,0,0,1,0,0,0,1,1,0,0,0,0,0,0,1,0,0,0,0,0,0,0,0,0,0,0,0,0,0,0,0,0,0,0,0,0,0,0,0,0,0,0,0,0,0,0,0,0,0,0,0,0,0,0,0,0,0,0,0,0,0,0,0,0,1,0,0,0,0,0,0,0,0,0,0,0,0,1,0,0,0,0,0,0,0,0,0,0,0,0,0,0,0,0,0,0,0,0,0,0,0,0,0,0,0,0,0,0,0,0,0,0,0,0,0,0,1,0,0,0,0,0,0,0,0,0,0,0,0,0,0,0,0,0,0,0,0,0,0,0,0,0,0,0,0,0,0,0,0,0,0,0,0,0,0,0,0,0,0.10050896782150787,-0.19238881000801789,-0.025204735764261393,0.29289777782952575,0.19238881000801789,0.3405267778975567,-0.5925741355401707,8.448425925925926,0.43518518518518534,8.448425925925926,0.43518518518518534,8.013240740740741,4.441805555555556,4.006620370370371,0.12479345527656771,2.462129521836929,0.0,0.0,11.126902983393991,0.0,0.0,24.26546827384644,12.138442625584547,0.0,10.523783109476973,0.0,0.0,58.94644671122761,58.054596992301946,7.397341225498538,5.20382826775842,4.8805400575618805,2.7745638646895845,6.3219512195121945,2.660207612456747,0.9621671258034892,46.0,0.0,0.10050896782150787,-0.19238881000801789,0.19238881000801789,0.10050896782150787,47.58,1.4299600000000001,35.872000000000014,0.0,0.0
8728,CC(=O)Nc1ccc(Nc2ccc(O)c3c2C(=O)c2ccccc2C3=O)cc1,0,8728,CC(=O)Nc1ccc(Nc2ccc(O)c3c2C(=O)c2ccccc2C3=O)cc1,8728,CC(=O)Nc1ccc(Nc2ccc(O)c3c2C(=O)c2ccccc2C3=O)cc1,CC(=O)Nc1ccc(Nc2ccc(O)c3c2C(=O)c2ccccc2C3=O)cc1,CC(=O)Nc1ccc(Nc2ccc(O)c3c2C(=O)c2ccccc2C3=O)cc1,CC(=O)Nc1ccc(Nc2ccc(O)c3c2C(=O)c2ccccc2C3=O)cc1,8728.0,1.0,0.0,0.0,0.0,0.0,0.0,0.0,O=C1c2ccccc2C(=O)c2c(Nc3ccccc3)cccc21,372.38000000000005,3.869600000000001,95.5,3.0,5.0,3.0,4.0,3.0,6.0,0.0454545454545454,28.0,0.0,0.0,0.0,0.0,0.0,0.0,0.0,0.0,0.0,0.0,1.0,1.0,0.0,0.0,0.0,0.0,3.0,1.0,0.0,0.0,0.0,0.0,0.0,0.0,0.0,0.0,0.0,0.0,0.0,0.0,0.0,0.0,1.0,1.0,0.0,0.0,0.0,0.0,2.0,1.0,0.0,0.0,0.0,0.0,0.0,0.0,0.0,0.0,0.0,0.0,0.0,0.0,0.0,0.0,3.0,1.0,18.0,1.0,4.0,1.0,0.0,0.0,0.0,0.0,0.0,0.0,0.0,0.0,0.0,0.0,0.0,0.0,0.0,0.0,0.0,0.0,0.0,0.0,0.0,0.0,0.0,0.0,0.0,0.0,0.0,0.0,0.0,0.0,0.0,0.0,0.0,0.0,0.0,0.0,0.0,0.0,0.0,0.0,0.0,0.0,0.0,0.0,0.0,0.0,0.0,0.0,0.0,0.0,0.0,0.0,0.0,0.0,2.0,1.0,0.0,0.0,0.0,0.0,0.0,0.0,0.0,0.0,0.0,0.0,1.0,1.0,0.0,0.0,0.0,0.0,0.0,0.0,0.0,0.0,0.0,0.0,0.0,0.0,0.0,0.0,0.0,0.0,0.0,0.0,0.0,0.0,0.0,0.0,0.0,0.0,0.0,0.0,0.0,0.0,0.0,0.0,0.0,0.0,0.0,0.0,0.0,0.0,0.0,0.0,0.0,0.0,0.0,0.0,0.0,0.0,0.0,0.0,0.0,0.0,0.0,0.0,0.0,0.0,0.0,0.0,0.0,0.0,0.0,0.0,0.0,0.0,0.0,0.0,0.0,0.0,0.0,0.0,0.0,0.0,0.0,0.0,0.0,0.0,0.0,0.0,0.0,0.0,0.0,0.0,0.0,0.0,0.0,0.0,0.0,0.0,0.0,0.0,0.0,0.0,0.0,0.0,0.0,0.0,0.0,0.0,0.0,0.0,0.0,0.0,0.0,0.0,0.0,0.0,0.0,0.0,0.0,0.0,0.0,0.0,0.0,0.0,0.0,0.0,0.0,0.0,0.0,0.0,0.0,0.0,0.0,0.0,0.0,0.0,0.0,0.0,0.0,0.0,0.0,0.0,0.0,0.0,1.0,2.0,1.0,2.0,0.0,0.0,0,0,1,0,0,0,0,0,O=C1c2ccccc2C(=O)c2c(Nc3ccccc3)cccc21,murcko,train,0,1,0,0,0,0,0,0,0,0,0,0,0,0,0,0,0,0,1,0,0,0,0,0,1,0,0,0,0,0,0,0,0,1,0,0,0,0,0,1,0,0,0,0,0,0,0,0,0,0,0,1,0,1,0,0,0,0,1,0,0,0,0,0,1,0,1,0,0,0,0,1,0,0,0,1,0,0,0,0,0,1,0,0,0,0,0,0,0,0,0,0,0,0,0,0,1,0,1,0,1,0,0,0,0,0,0,0,0,0,0,0,0,0,0,0,0,0,0,0,0,0,0,0,0,1,0,0,1,0,0,0,0,0,0,0,0,0,1,0,0,0,0,0,0,0,0,0,0,0,0,0,0,0,1,0,0,0,0,0,0,0,0,0,0,0,0,0,0,0,0,0,0,0,0,1,0,0,0,0,0,0,0,0,0,0,0,0,0,0,0,1,0,0,0,1,1,0,0,0,1,0,0,0,0,1,0,0,0,0,0,1,0,0,1,0,1,0,0,0,0,0,0,0,0,0,0,0,0,0,0,0,0,0,0,1,0,0,0,0,0,0,0,0,1,1,0,0,0,1,0,0,0,0,1,0,0.22074742196243677,-0.5071563153217935,-0.04885769248729215,0.7279037372842303,0.5071563153217935,1.0933963673776228,-2.4614117570218026,13.041363500149576,0.0033023138344205893,13.041363500149576,-0.38207766439909263,13.038061186315154,6.522332906991998,6.519030593157577,0.07669852025618712,3.2628184468317927,0.0,39.91353593045628,22.625610315747682,0.0,12.990104268152233,54.59730361615449,0.0,10.633577208012662,0.0,19.49013894705617,0.0,160.37805325522564,160.25027028557952,19.836134335324456,14.945461158787808,13.452397498181153,8.645380310204278,17.482147002483266,6.66197279920633,2.9055459787388065,138.0,0.0,0.22074742196243677,-0.5071563153217935,0.5071563153217935,0.22074742196243677,95.5,3.869600000000001,105.44220000000001,1.1,0.6181818181818183
10326,CC1=CCCCCCCCCCCCCC1=O,0,10326,CC1=CCCCCCCCCCCCCC1=O,10326,CC1=CCCCCCCCCCCCCC1=O,CC1=CCCCCCCCCCCCCC1=O,CC1=CCCCCCCCCCCCCC1=O,CC1=CCCCCCCCCCCCCC1=O,10326.0,1.0,0.0,0.0,0.0,0.0,0.0,0.0,O=C1C=CCCCCCCCCCCCC1,236.39899999999997,5.1966000000000045,17.07,0.0,1.0,0.0,1.0,0.0,1.0,0.8125,17.0,0.0,0.0,0.0,0.0,0.0,0.0,0.0,0.0,0.0,0.0,0.0,0.0,0.0,0.0,0.0,0.0,0.0,0.0,0.0,0.0,0.0,0.0,0.0,0.0,0.0,0.0,0.0,0.0,0.0,0.0,0.0,0.0,0.0,0.0,0.0,0.0,0.0,0.0,1.0,1.0,0.0,0.0,0.0,0.0,0.0,0.0,0.0,0.0,0.0,0.0,1.0,1.0,0.0,0.0,0.0,0.0,0.0,0.0,0.0,0.0,0.0,0.0,0.0,0.0,0.0,0.0,0.0,0.0,0.0,0.0,0.0,0.0,0.0,0.0,0.0,0.0,0.0,0.0,0.0,0.0,0.0,0.0,0.0,0.0,0.0,0.0,0.0,0.0,0.0,0.0,0.0,0.0,0.0,0.0,0.0,0.0,0.0,0.0,0.0,0.0,0.0,0.0,0.0,0.0,0.0,0.0,0.0,0.0,0.0,0.0,0.0,0.0,0.0,0.0,0.0,0.0,0.0,0.0,0.0,0.0,0.0,0.0,0.0,0.0,0.0,0.0,0.0,0.0,0.0,0.0,0.0,0.0,0.0,0.0,0.0,0.0,0.0,0.0,0.0,0.0,0.0,0.0,0.0,0.0,0.0,0.0,0.0,0.0,0.0,0.0,0.0,0.0,0.0,0.0,0.0,0.0,0.0,0.0,0.0,0.0,0.0,0.0,0.0,0.0,0.0,0.0,0.0,0.0,1.0,1.0,0.0,0.0,0.0,0.0,0.0,0.0,0.0,0.0,0.0,0.0,0.0,0.0,0.0,0.0,0.0,0.0,0.0,0.0,0.0,0.0,0.0,0.0,0.0,0.0,0.0,0.0,0.0,0.0,0.0,0.0,0.0,0.0,0.0,0.0,0.0,0.0,0.0,0.0,0.0,0.0,0.0,0.0,0.0,0.0,0.0,0.0,0.0,0.0,0.0,0.0,0.0,0.0,0.0,0.0,0.0,0.0,0.0,0.0,0.0,0.0,0.0,0.0,0.0,0.0,0.0,0.0,0.0,0.0,0.0,0.0,0.0,0.0,0.0,0.0,0.0,0.0,0.0,0.0,0.0,0.0,0.0,0.0,0.0,0.0,0.0,0.0,1.0,1.0,1.0,1.0,0.0,0.0,0,0,0,0,1,0,0,0,O=C1C=CCCCCCCCCCCCC1,murcko,train,0,0,1,0,1,0,0,0,0,0,0,0,0,0,0,0,0,0,0,0,0,0,0,0,0,0,0,0,0,0,0,0,0,1,0,0,0,0,0,0,0,0,0,0,0,0,0,0,0,0,0,0,0,0,1,0,0,0,1,0,0,0,0,0,0,0,0,0,0,0,0,0,0,0,0,0,0,0,0,0,0,1,0,0,0,0,0,0,0,0,0,0,0,0,0,0,0,0,0,0,1,0,0,0,0,0,0,1,0,0,0,0,0,0,0,0,0,0,0,0,0,0,0,1,0,0,0,0,0,0,0,0,0,0,0,0,0,0,1,0,0,0,0,0,0,0,0,0,0,0,0,0,0,0,0,0,0,0,1,0,0,0,0,0,0,0,0,0,0,0,0,0,0,0,0,0,0,0,0,0,0,0,1,0,0,1,1,0,0,0,0,0,0,0,0,0,0,0,0,0,0,0,1,0,0,0,0,0,0,0,0,0,0,0,0,0,0,0,0,0,0,0,0,0,0,0,0,0,0,0,0,0,1,0,0,1,0,0,0,1,0,0,0,0,0,1,0,0,0,0,0,0,0,0,0,0,0.15775998902783664,-0.2945813946225222,-0.04758277349021377,0.4523413836503588,0.2945813946225222,0.16820969588167156,-0.9771168452153057,11.783509857646763,0.37488142479213926,11.783509857646763,0.37488142479213926,11.408628432854623,6.079195641219451,5.704314216427312,0.08765295547010675,3.239356936000626,0.0,0.0,5.783244946364939,24.835569398847294,57.787394606334104,0.0,6.923737199690624,6.076020106833881,0.0,4.794537184071822,0.0,106.67947065810898,106.20050344214268,12.347088693804373,11.470879933892062,8.304530452640313,7.504600960883881,14.470938452163317,9.44110925296545,7.355447900069038,98.0,0.0,0.15775998902783664,-0.2945813946225222,0.2945813946225222,0.15775998902783664,17.07,5.1966000000000045,74.16800000000005,0.8999999999999999,0.325
9384,ClCc1ccc(Cl)nc1,1,9384,ClCc1ccc(Cl)nc1,9384,ClCc1ccc(Cl)nc1,ClCc1ccc(Cl)nc1,ClCc1ccc(Cl)nc1,ClCc1ccc(Cl)nc1,9384.0,1.0,0.0,0.0,0.0,0.0,0.0,0.0,c1ccncc1,162.019,2.4738000000000007,12.89,0.0,1.0,1.0,1.0,1.0,3.0,0.1666666666666666,9.0,0.0,0.0,0.0,0.0,0.0,0.0,0.0,0.0,0.0,0.0,0.0,0.0,0.0,0.0,0.0,0.0,0.0,0.0,0.0,0.0,0.0,0.0,0.0,0.0,0.0,0.0,0.0,0.0,0.0,0.0,0.0,0.0,0.0,0.0,0.0,0.0,0.0,0.0,0.0,0.0,0.0,0.0,0.0,0.0,0.0,0.0,0.0,0.0,0.0,0.0,0.0,0.0,0.0,0.0,1.0,1.0,6.0,1.0,0.0,0.0,0.0,0.0,2.0,1.0,0.0,0.0,2.0,1.0,0.0,0.0,0.0,0.0,0.0,0.0,0.0,0.0,0.0,0.0,0.0,0.0,0.0,0.0,0.0,0.0,0.0,0.0,0.0,0.0,0.0,0.0,0.0,0.0,0.0,0.0,0.0,0.0,0.0,0.0,0.0,0.0,0.0,0.0,0.0,0.0,0.0,0.0,0.0,0.0,0.0,0.0,0.0,0.0,0.0,0.0,0.0,0.0,0.0,0.0,0.0,0.0,0.0,0.0,0.0,0.0,0.0,0.0,0.0,0.0,0.0,0.0,0.0,0.0,0.0,0.0,0.0,0.0,0.0,0.0,0.0,0.0,1.0,1.0,0.0,0.0,0.0,0.0,0.0,0.0,0.0,0.0,0.0,0.0,0.0,0.0,0.0,0.0,0.0,0.0,0.0,0.0,0.0,0.0,0.0,0.0,0.0,0.0,0.0,0.0,0.0,0.0,0.0,0.0,0.0,0.0,0.0,0.0,0.0,0.0,0.0,0.0,0.0,0.0,0.0,0.0,0.0,0.0,0.0,0.0,0.0,0.0,0.0,0.0,0.0,0.0,0.0,0.0,0.0,0.0,0.0,0.0,0.0,0.0,0.0,0.0,0.0,0.0,0.0,0.0,0.0,0.0,0.0,0.0,0.0,0.0,0.0,0.0,0.0,0.0,1.0,1.0,0.0,0.0,0.0,0.0,0.0,0.0,0.0,0.0,0.0,0.0,0.0,0.0,0.0,0.0,0.0,0.0,0.0,0.0,0.0,0.0,0.0,0.0,0.0,0.0,0.0,0.0,0.0,0.0,0.0,0.0,0.0,0.0,0.0,0.0,0.0,0.0,1.0,2.0,1.0,1.0,1.0,1.0,0,0,0,0,0,0,0,0,c1ccncc1,murcko,train,0,0,0,0,0,0,0,0,0,0,0,0,1,0,0,0,0,0,0,0,0,0,0,0,0,0,0,0,0,0,0,0,0,0,0,0,0,0,0,0,0,0,1,0,0,0,0,0,0,1,0,0,0,0,1,0,0,0,0,0,0,0,0,0,0,0,0,0,0,0,0,0,0,0,0,0,0,0,0,0,1,1,0,0,1,1,0,0,0,0,0,0,0,0,0,0,0,0,0,1,1,0,0,0,0,0,0,0,0,0,0,0,0,0,0,0,0,1,0,0,0,0,1,0,0,0,0,0,0,0,0,0,0,0,0,0,0,0,0,0,1,0,0,0,0,0,0,1,0,0,0,0,0,0,0,0,0,0,0,0,0,0,0,0,0,1,0,0,0,0,0,0,1,0,0,0,0,0,0,0,0,0,0,0,0,0,0,0,0,0,0,0,0,0,0,0,0,0,0,0,0,0,0,0,0,0,0,0,0,0,0,0,0,0,1,0,0,0,1,0,0,0,1,0,0,0,0,0,0,0,0,0,0,0,0,0,0,0,0,0,0,0,0,0,0,0,0,0,0,0,0,0,0,0,0,1,0.12852896968213956,-0.24424999692745017,-0.034441218735535406,0.37277896660958976,0.24424999692745017,0.21037896583971308,-0.5203499344595317,5.514444444444443,0.49024691358024697,5.514444444444443,0.49024691358024697,5.024197530864196,3.002345679012345,2.512098765432098,0.19903676036956955,1.7941331965770895,0.0,0.0,11.033113261863132,5.563451491696996,0.0,12.263210640074686,6.06636706846161,4.9839785209472085,23.20187978046503,0.0,0.0,63.622525668603444,63.11200076350867,6.69023444431199,4.642300130273838,4.325698502695489,2.490961293625224,6.84454753722795,3.0409562948557713,1.8445596902165737,48.0,0.0,0.12852896968213956,-0.24424999692745017,0.24424999692745017,0.12852896968213956,12.89,2.4738000000000007,38.80400000000001,0.2,0.26666666666666666
11515,OCCNc1ccc2c(c1)OCO2,0,11515,OCCNc1ccc2c(c1)OCO2,11515,OCCNc1ccc2c(c1)OCO2,OCCNc1ccc2c(c1)OCO2,OCCNc1ccc2c(c1)OCO2,OCCNc1ccc2c(c1)OCO2,11515.0,1.0,0.0,0.0,0.0,0.0,0.0,0.0,c1ccc2c(c1)OCO2,181.191,0.8194999999999999,50.72,2.0,4.0,3.0,2.0,1.0,4.0,0.3333333333333333,13.0,0.0,0.0,0.0,0.0,0.0,0.0,0.0,0.0,0.0,0.0,0.0,0.0,0.0,0.0,0.0,0.0,1.0,1.0,0.0,0.0,0.0,0.0,0.0,0.0,0.0,0.0,0.0,0.0,0.0,0.0,1.0,1.0,0.0,0.0,2.0,1.0,0.0,0.0,0.0,0.0,0.0,0.0,0.0,0.0,0.0,0.0,0.0,0.0,0.0,0.0,0.0,0.0,0.0,0.0,1.0,1.0,6.0,1.0,2.0,1.0,0.0,0.0,0.0,0.0,0.0,0.0,0.0,0.0,0.0,0.0,0.0,0.0,0.0,0.0,0.0,0.0,0.0,0.0,0.0,0.0,0.0,0.0,0.0,0.0,0.0,0.0,0.0,0.0,0.0,0.0,0.0,0.0,0.0,0.0,0.0,0.0,0.0,0.0,0.0,0.0,0.0,0.0,0.0,0.0,0.0,0.0,0.0,0.0,0.0,0.0,0.0,0.0,1.0,1.0,0.0,0.0,0.0,0.0,0.0,0.0,1.0,1.0,0.0,0.0,0.0,0.0,0.0,0.0,0.0,0.0,0.0,0.0,0.0,0.0,0.0,0.0,0.0,0.0,0.0,0.0,0.0,0.0,0.0,0.0,0.0,0.0,0.0,0.0,0.0,0.0,0.0,0.0,0.0,0.0,0.0,0.0,0.0,0.0,0.0,0.0,0.0,0.0,0.0,0.0,0.0,0.0,0.0,0.0,0.0,0.0,0.0,0.0,0.0,0.0,0.0,0.0,0.0,0.0,0.0,0.0,0.0,0.0,0.0,0.0,0.0,0.0,0.0,0.0,0.0,0.0,0.0,0.0,0.0,0.0,0.0,0.0,0.0,0.0,0.0,0.0,0.0,0.0,0.0,0.0,0.0,0.0,0.0,0.0,0.0,0.0,0.0,0.0,0.0,0.0,0.0,0.0,0.0,0.0,0.0,0.0,0.0,0.0,0.0,0.0,0.0,0.0,0.0,0.0,0.0,0.0,0.0,0.0,0.0,0.0,0.0,0.0,0.0,0.0,0.0,0.0,0.0,0.0,0.0,0.0,0.0,0.0,0.0,0.0,0.0,0.0,0.0,0.0,0.0,0.0,0.0,0.0,1.0,2.0,1.0,2.0,0.0,0.0,0,0,1,0,0,0,0,0,c1ccc2c(c1)OCO2,murcko,train,0,0,0,0,0,0,0,0,1,0,0,1,0,0,0,0,0,0,0,0,0,0,0,0,0,0,0,0,0,0,0,0,0,0,0,0,0,0,0,1,0,0,0,0,0,0,0,0,0,0,0,0,0,0,0,0,0,0,0,0,0,0,0,0,0,0,0,0,0,1,0,1,0,0,0,1,0,0,0,0,1,1,0,0,0,0,0,0,0,0,0,0,0,0,0,0,0,0,0,0,1,0,0,0,0,0,0,1,0,0,0,1,0,1,0,0,0,0,0,0,0,0,0,0,0,0,0,1,1,0,0,0,0,0,0,0,1,0,0,0,0,0,0,0,1,0,0,0,0,0,0,0,0,0,1,1,0,0,1,0,0,0,0,0,0,0,0,0,0,0,0,0,0,0,0,0,0,0,0,0,0,1,0,0,0,1,0,0,0,0,0,1,0,0,0,0,0,0,0,0,0,0,0,0,0,0,0,0,0,0,0,1,0,0,1,0,0,1,0,0,0,0,1,0,0,0,1,0,0,0,0,0,0,0,0,0,0,0,0,0,0,0,0,0,0,0,0,0,0,0,0,0,0,0,0,0,0.23080214077998182,-0.45359303491531977,-0.07891343125006292,0.6843951756953016,0.45359303491531977,0.7072471967875709,-1.7331218030383888,8.602564169186193,0.11948601662887381,8.602564169186193,0.11948601662887381,8.483078152557319,4.361025092907534,4.241539076278659,0.11788173844638444,2.2419385415229036,0.0,6.606881964512918,13.337698712012402,17.186409941251373,0.0,0.0,18.19910120538483,5.316788604006331,14.580253302440804,0.0,0.0,76.09158470397537,75.22713372960867,9.096011838247808,7.117081327556205,6.398178147766923,4.143413587976186,8.190654608597187,3.532219090537381,1.6724662505443462,70.0,0.0,0.23080214077998182,-0.45359303491531977,0.45359303491531977,0.23080214077998182,50.72,0.8194999999999999,48.14050000000003,1.1,0.7333333333333334
5751,CC(C)COC(=S)S,0,5751,CC(C)COC(=S)S,5751,CC(C)COC(=S)S,CC(C)COC(=S)S,CC(C)COC(=S)S,CC(C)COC(=S)S,5751.0,1.0,0.0,0.0,0.0,0.0,0.0,0.0,,150.268,1.8737,9.23,1.0,2.0,2.0,0.0,0.0,3.0,0.8,8.0,0.0,0.0,0.0,0.0,0.0,0.0,0.0,0.0,0.0,0.0,0.0,0.0,0.0,0.0,0.0,0.0,0.0,0.0,0.0,0.0,0.0,0.0,0.0,0.0,0.0,0.0,0.0,0.0,0.0,0.0,0.0,0.0,0.0,0.0,1.0,1.0,0.0,0.0,0.0,0.0,0.0,0.0,0.0,0.0,0.0,0.0,0.0,0.0,0.0,0.0,0.0,0.0,0.0,0.0,0.0,0.0,0.0,0.0,0.0,0.0,0.0,0.0,0.0,0.0,0.0,0.0,0.0,0.0,0.0,0.0,0.0,0.0,0.0,0.0,0.0,0.0,0.0,0.0,0.0,0.0,0.0,0.0,1.0,1.0,0.0,0.0,0.0,0.0,0.0,0.0,0.0,0.0,0.0,0.0,0.0,0.0,0.0,0.0,0.0,0.0,0.0,0.0,0.0,0.0,0.0,0.0,0.0,0.0,0.0,0.0,0.0,0.0,0.0,0.0,0.0,0.0,0.0,0.0,0.0,0.0,0.0,0.0,0.0,0.0,0.0,0.0,0.0,0.0,0.0,0.0,0.0,0.0,0.0,0.0,0.0,0.0,0.0,0.0,0.0,0.0,0.0,0.0,0.0,0.0,0.0,0.0,0.0,0.0,0.0,0.0,0.0,0.0,0.0,0.0,0.0,0.0,0.0,0.0,0.0,0.0,0.0,0.0,0.0,0.0,0.0,0.0,0.0,0.0,0.0,0.0,0.0,0.0,0.0,0.0,0.0,0.0,0.0,0.0,0.0,0.0,0.0,0.0,0.0,0.0,0.0,0.0,0.0,0.0,0.0,0.0,0.0,0.0,0.0,0.0,0.0,0.0,0.0,0.0,0.0,0.0,0.0,0.0,0.0,0.0,0.0,0.0,0.0,0.0,0.0,0.0,0.0,0.0,0.0,0.0,0.0,0.0,1.0,1.0,0.0,0.0,0.0,0.0,0.0,0.0,0.0,0.0,0.0,0.0,0.0,0.0,0.0,0.0,0.0,0.0,0.0,0.0,0.0,0.0,0.0,0.0,0.0,0.0,0.0,0.0,0.0,0.0,0.0,0.0,0.0,0.0,0.0,0.0,0.0,0.0,0.0,0.0,1.0,1.0,0.0,0.0,1.0,1.0,0,0,0,0,0,0,0,0,ACY_**(*)***(*)*,acyclic_anonymous_graph,train,0,1,0,0,0,0,1,0,0,0,0,0,0,0,0,0,0,0,0,0,0,0,0,1,0,0,0,1,0,0,0,0,0,1,0,0,0,0,0,1,0,0,0,0,0,0,0,0,0,0,0,0,0,0,0,1,0,0,0,0,0,0,0,0,0,0,0,0,0,0,0,0,0,0,0,0,0,0,0,0,1,0,0,0,0,0,0,0,0,0,0,0,0,0,0,0,0,1,0,0,0,0,0,0,0,0,0,0,0,0,1,0,0,0,0,0,0,0,1,0,0,0,0,0,0,0,0,0,0,0,0,0,0,0,0,0,0,0,0,0,0,0,0,0,0,1,0,1,0,0,0,0,0,0,0,0,0,0,0,0,0,0,0,0,0,0,0,0,0,0,0,0,0,0,0,0,0,0,0,0,0,0,0,1,0,0,0,0,0,0,0,0,0,0,0,0,0,0,0,0,0,0,1,0,0,0,0,0,0,0,0,0,0,0,0,0,0,0,0,0,0,0,0,0,0,0,0,0,0,1,0,0,0,0,0,0,0,0,0,0,0,0,1,0,0,0,0,0,0,0,0,0,0,0,1,0,0.21632265137790135,-0.4784845491623303,-0.05344376201549879,0.6948072005402317,0.4784845491623303,0.308349271650154,-0.7358993677741444,4.898919753086419,0.3321296296296299,4.898919753086419,0.3321296296296299,4.566790123456789,2.615524691358025,2.2833950617283945,0.21897218242275154,1.4979820018366168,0.0,0.0,16.907447654833625,0.0,0.0,0.0,0.0,38.69413699044094,4.736862953800049,0.0,0.0,60.82641162552945,60.338447599074605,6.568914100752346,5.048167226803858,3.625897657686229,2.4834790516517695,8.24,4.151961542086908,6.24,48.0,0.0,0.21632265137790135,-0.4784845491623303,0.4784845491623303,0.21632265137790135,9.23,1.8737,42.374000000000024,0.0,0.7200000000000001
7123,CNC(C)C,0,7123,CNC(C)C,7123,CNC(C)C,CNC(C)C,CNC(C)C,CNC(C)C,7123.0,1.0,0.0,0.0,0.0,0.0,0.0,0.0,,73.139,0.6141999999999999,12.03,1.0,1.0,1.0,0.0,0.0,1.0,1.0,5.0,0.0,0.0,0.0,0.0,1.0,1.0,0.0,0.0,0.0,0.0,0.0,0.0,0.0,0.0,0.0,0.0,0.0,0.0,0.0,0.0,0.0,0.0,0.0,0.0,0.0,0.0,0.0,0.0,0.0,0.0,0.0,0.0,0.0,0.0,0.0,0.0,0.0,0.0,0.0,0.0,0.0,0.0,0.0,0.0,0.0,0.0,0.0,0.0,0.0,0.0,0.0,0.0,0.0,0.0,0.0,0.0,0.0,0.0,0.0,0.0,0.0,0.0,0.0,0.0,0.0,0.0,0.0,0.0,0.0,0.0,0.0,0.0,0.0,0.0,0.0,0.0,0.0,0.0,0.0,0.0,0.0,0.0,0.0,0.0,0.0,0.0,0.0,0.0,0.0,0.0,0.0,0.0,0.0,0.0,0.0,0.0,0.0,0.0,0.0,0.0,0.0,0.0,0.0,0.0,0.0,0.0,0.0,0.0,0.0,0.0,0.0,0.0,0.0,0.0,0.0,0.0,0.0,0.0,0.0,0.0,0.0,0.0,0.0,0.0,0.0,0.0,0.0,0.0,0.0,0.0,0.0,0.0,0.0,0.0,0.0,0.0,0.0,0.0,0.0,0.0,0.0,0.0,0.0,0.0,0.0,0.0,0.0,0.0,0.0,0.0,0.0,0.0,0.0,0.0,0.0,0.0,0.0,0.0,0.0,0.0,0.0,0.0,0.0,0.0,0.0,0.0,0.0,0.0,0.0,0.0,0.0,0.0,0.0,0.0,0.0,0.0,0.0,0.0,0.0,0.0,0.0,0.0,0.0,0.0,0.0,0.0,0.0,0.0,0.0,0.0,0.0,0.0,0.0,0.0,0.0,0.0,0.0,0.0,0.0,0.0,0.0,0.0,0.0,0.0,0.0,0.0,0.0,0.0,0.0,0.0,0.0,0.0,0.0,0.0,0.0,0.0,0.0,0.0,0.0,0.0,0.0,0.0,0.0,0.0,0.0,0.0,0.0,0.0,0.0,0.0,0.0,0.0,0.0,0.0,0.0,0.0,0.0,0.0,0.0,0.0,0.0,0.0,0.0,0.0,0.0,0.0,0.0,0.0,0.0,0.0,0.0,0.0,0.0,0.0,0.0,0.0,0.0,0.0,0.0,0.0,0.0,0.0,0,0,0,0,0,0,0,0,ACY_***(*)*,acyclic_anonymous_graph,train,0,1,0,0,1,0,0,0,0,0,0,0,0,0,0,0,0,0,0,0,0,0,0,0,0,0,0,1,0,0,0,0,0,1,0,0,0,0,1,0,0,0,0,0,0,0,0,0,0,0,0,0,0,0,0,0,0,0,0,0,0,0,0,0,0,0,0,0,0,0,0,0,0,0,0,0,0,0,0,0,0,0,0,0,0,0,0,0,0,0,0,0,0,0,0,0,0,0,0,0,0,0,0,0,0,0,0,0,0,0,0,0,0,0,0,1,0,0,0,0,0,0,0,0,0,0,0,0,1,0,0,0,0,0,0,0,0,0,0,0,0,0,0,0,0,0,0,0,0,0,1,0,0,0,0,0,0,0,0,0,0,0,0,0,0,0,0,0,0,0,0,0,0,0,0,0,0,0,0,0,0,0,0,0,0,0,0,0,0,0,0,0,0,0,0,0,0,0,0,0,0,0,0,0,0,0,0,0,0,0,0,0,0,0,0,0,0,0,0,0,0,0,0,0,0,0,0,0,0,0,0,0,0,0,0,0,0,0,0,0,0,0,0,0,0,0,0,0,0,0,0,0,0,0,0,0,0.0007328204776083678,-0.31755240450444866,-0.08662282418127334,0.318285224982057,0.31755240450444866,0.0007328204776083678,-0.4338469413839751,3.0277777777777777,0.6342592592592591,3.0277777777777777,0.6342592592592591,2.3935185185185186,1.8310185185185184,1.1967592592592593,0.41779497098646035,1.400711458557203,0.0,0.0,6.041840829147961,0.0,0.0,0.0,7.04767198267719,19.16426300338758,0.0,0.0,0.0,33.38393955462742,32.25377581521273,4.284457050376173,4.077350269189626,2.270055610029662,1.9433756729740645,4.960000000000001,2.212525252525253,3.9600000000000004,32.0,0.0,0.0007328204776083678,-0.31755240450444866,0.31755240450444866,0.0007328204776083678,12.03,0.6141999999999999,24.19569999999999,0.0,0.6000000000000001
10761,C=CC(=O)OC1CC(C)CC(C)(C)C1,0,10761,C=CC(=O)OC1CC(C)CC(C)(C)C1,10761,C=CC(=O)OC1CC(C)CC(C)(C)C1,C=CC(=O)OC1CC(C)CC(C)(C)C1,C=CC(=O)OC1CC(C)CC(C)(C)C1,C=CC(=O)OC1CC(C)CC(C)(C)C1,10761.0,1.0,0.0,0.0,0.0,0.0,0.0,0.0,C1CCCCC1,196.28999999999996,2.930400000000001,26.3,0.0,2.0,2.0,1.0,0.0,2.0,0.75,14.0,0.0,0.0,0.0,0.0,0.0,0.0,0.0,0.0,0.0,0.0,0.0,0.0,0.0,0.0,0.0,0.0,0.0,0.0,0.0,0.0,0.0,0.0,0.0,0.0,0.0,0.0,0.0,0.0,0.0,0.0,0.0,0.0,0.0,0.0,1.0,1.0,0.0,0.0,0.0,0.0,0.0,0.0,0.0,0.0,1.0,1.0,0.0,0.0,0.0,0.0,1.0,1.0,0.0,0.0,0.0,0.0,0.0,0.0,0.0,0.0,0.0,0.0,0.0,0.0,0.0,0.0,0.0,0.0,0.0,0.0,0.0,0.0,0.0,0.0,0.0,0.0,0.0,0.0,0.0,0.0,0.0,0.0,0.0,0.0,0.0,0.0,0.0,0.0,0.0,0.0,0.0,0.0,0.0,0.0,0.0,0.0,0.0,0.0,0.0,0.0,0.0,0.0,0.0,0.0,0.0,0.0,0.0,0.0,0.0,0.0,0.0,0.0,0.0,0.0,0.0,0.0,0.0,0.0,0.0,0.0,0.0,0.0,0.0,0.0,0.0,0.0,0.0,0.0,0.0,0.0,0.0,0.0,0.0,0.0,0.0,0.0,0.0,0.0,0.0,0.0,0.0,0.0,0.0,0.0,0.0,0.0,0.0,0.0,0.0,0.0,0.0,0.0,0.0,0.0,0.0,0.0,0.0,0.0,0.0,0.0,0.0,0.0,0.0,0.0,0.0,0.0,0.0,0.0,1.0,1.0,0.0,0.0,0.0,0.0,0.0,0.0,0.0,0.0,0.0,0.0,0.0,0.0,0.0,0.0,0.0,0.0,0.0,0.0,0.0,0.0,0.0,0.0,0.0,0.0,0.0,0.0,0.0,0.0,0.0,0.0,0.0,0.0,0.0,0.0,0.0,0.0,0.0,0.0,0.0,0.0,0.0,0.0,0.0,0.0,0.0,0.0,0.0,0.0,0.0,0.0,0.0,0.0,0.0,0.0,0.0,0.0,0.0,0.0,0.0,0.0,0.0,0.0,0.0,0.0,0.0,0.0,0.0,0.0,0.0,0.0,0.0,0.0,0.0,0.0,0.0,0.0,0.0,0.0,0.0,0.0,0.0,0.0,0.0,0.0,0.0,0.0,1.0,1.0,1.0,1.0,0.0,0.0,0,0,0,0,1,0,1,0,C1CCCCC1,murcko,train,0,0,0,0,0,0,0,0,0,0,0,0,1,0,0,0,0,0,0,0,0,0,0,0,0,0,0,0,0,1,0,0,0,1,0,0,1,0,0,1,0,0,0,0,0,0,0,0,0,1,0,0,0,0,0,0,0,0,0,0,0,0,0,0,0,0,0,0,0,0,0,0,0,0,0,0,0,0,0,0,0,0,0,0,0,0,1,0,0,0,0,0,0,0,0,0,0,0,0,0,0,0,1,0,0,0,0,0,0,1,0,0,0,0,0,0,0,0,0,1,0,0,0,0,1,1,0,0,0,0,0,0,0,0,1,0,0,0,1,0,0,0,0,0,1,0,0,0,0,0,0,0,0,0,0,0,0,0,1,0,0,0,0,0,0,0,0,1,0,0,0,0,0,0,0,0,0,0,0,0,0,1,1,1,0,0,1,0,0,0,0,1,0,0,0,0,0,0,0,1,0,0,0,0,0,0,0,1,0,0,0,0,0,0,0,0,0,0,0,0,0,0,0,0,0,0,0,0,0,0,0,1,0,0,0,0,0,0,0,0,0,0,0,0,1,0,0,0,0,0,1,1,0,0,0,0,0.32991502446571735,-0.4592019314802654,-0.0479899710707355,0.7891169559459827,0.4592019314802654,0.44886356348794254,-1.1207231584782398,11.05744142101285,0.08263888888888826,11.05744142101285,-0.29175925925925905,10.974802532123961,5.57004015495087,5.487401266061981,0.09111781255953671,2.8269617824058244,0.0,12.073271675700152,11.332896515558172,12.841643245852019,12.49684172975989,0.0,0.0,27.35014728267037,4.736862953800049,4.794537184071822,0.0,86.33324743002939,85.62620058741247,10.767584713501616,9.376974513242795,6.426652133999388,5.258324188149681,11.285700227100682,4.157881994698992,3.166666786803356,80.0,0.0,0.32991502446571735,-0.4592019314802654,0.4592019314802654,0.32991502446571735,26.3,2.9304000000000014,56.87300000000004,0.8999999999999999,1.1
11361,CCC(C)c1cc(S(=O)(=O)O)cc(-n2nc3ccccc3n2)c1O,1,11361,CCC(C)c1cc(S(=O)(=O)O)cc(-n2nc3ccccc3n2)c1O,11361,CCC(C)c1cc(S(=O)(=O)O)cc(-n2nc3ccccc3n2)c1O,CCC(C)c1cc(S(=O)(=O)O)cc(-n2nc3ccccc3n2)c1O,CCC(C)c1cc(S(=O)(=O)O)cc(-n2nc3ccccc3n2)c1O,CCC(C)c1cc(S(=O)(=O)O)cc(-n2nc3ccccc3n2)c1O,11361.0,1.0,0.0,0.0,0.0,0.0,0.0,0.0,c1ccc(-n2nc3ccccc3n2)cc1,347.3960000000001,2.8863000000000016,105.31,2.0,6.0,4.0,3.0,3.0,8.0,0.25,24.0,0.0,0.0,0.0,0.0,0.0,0.0,0.0,0.0,0.0,0.0,0.0,0.0,0.0,0.0,0.0,0.0,0.0,0.0,0.0,0.0,0.0,0.0,0.0,0.0,0.0,0.0,0.0,0.0,0.0,0.0,0.0,0.0,1.0,1.0,0.0,0.0,0.0,0.0,0.0,0.0,0.0,0.0,0.0,0.0,0.0,0.0,0.0,0.0,0.0,0.0,0.0,0.0,0.0,0.0,2.0,1.0,37.0,1.0,2.0,1.0,0.0,0.0,0.0,0.0,0.0,0.0,0.0,0.0,0.0,0.0,0.0,0.0,0.0,0.0,0.0,0.0,1.0,1.0,0.0,0.0,1.0,1.0,0.0,0.0,0.0,0.0,0.0,0.0,0.0,0.0,0.0,0.0,0.0,0.0,0.0,0.0,0.0,0.0,0.0,0.0,0.0,0.0,0.0,0.0,0.0,0.0,0.0,0.0,0.0,0.0,0.0,0.0,0.0,0.0,0.0,0.0,0.0,0.0,0.0,0.0,0.0,0.0,0.0,0.0,0.0,0.0,0.0,0.0,0.0,0.0,0.0,0.0,0.0,0.0,0.0,0.0,0.0,0.0,0.0,0.0,0.0,0.0,0.0,0.0,0.0,0.0,0.0,0.0,0.0,0.0,0.0,0.0,0.0,0.0,0.0,0.0,0.0,0.0,0.0,0.0,0.0,0.0,0.0,0.0,0.0,0.0,0.0,0.0,0.0,0.0,0.0,0.0,0.0,0.0,0.0,0.0,0.0,0.0,0.0,0.0,0.0,0.0,0.0,0.0,0.0,0.0,0.0,0.0,0.0,0.0,0.0,0.0,0.0,0.0,0.0,0.0,0.0,0.0,0.0,0.0,0.0,0.0,0.0,0.0,0.0,0.0,0.0,0.0,0.0,0.0,0.0,0.0,0.0,0.0,0.0,0.0,0.0,0.0,0.0,0.0,0.0,0.0,0.0,0.0,0.0,0.0,0.0,0.0,0.0,0.0,0.0,0.0,0.0,0.0,0.0,0.0,0.0,0.0,0.0,0.0,0.0,0.0,0.0,0.0,0.0,0.0,0.0,0.0,0.0,0.0,0.0,0.0,0.0,0.0,0.0,0.0,0.0,0.0,0.0,0.0,0.0,0.0,0,0,0,0,0,0,0,0,c1ccc(-n2nc3ccccc3n2)cc1,murcko,train,0,1,0,0,0,1,0,0,1,0,0,0,0,0,0,1,0,0,1,0,0,0,0,0,0,0,0,1,0,0,0,0,0,1,0,0,0,0,1,1,0,0,0,0,0,0,0,0,0,0,0,0,0,0,0,0,0,0,0,0,0,0,0,1,1,0,1,0,0,0,0,0,0,1,0,0,0,1,0,0,1,1,0,0,1,0,0,0,0,0,0,0,0,0,1,0,0,0,0,0,1,0,0,0,0,0,0,1,0,0,0,0,0,0,1,0,0,0,0,0,0,0,1,0,0,0,0,0,0,0,0,0,0,0,1,0,0,0,1,0,0,0,0,0,0,0,0,0,0,0,0,0,0,0,1,0,0,0,0,0,0,0,0,0,1,0,0,1,0,0,0,0,0,0,0,1,1,0,0,0,0,0,0,0,0,0,0,0,0,0,0,0,0,0,0,0,1,0,0,0,1,0,1,0,0,0,0,0,0,0,0,0,0,0,1,0,0,1,0,0,0,0,0,0,0,0,0,0,0,0,0,0,0,0,0,1,0,1,0,0,0,0,0,0,0,0,1,1,0,0,0,0,0,0,0,0,0.29410645224422766,-0.5053125776716044,-0.047538016636335244,0.7994190299158321,0.5053125776716044,0.8926200983047792,-2.0335324975768247,11.58685578861174,0.09994803476946323,11.58685578861174,-4.424389041110269,11.486907753842276,5.843401911690601,5.743453876921138,0.08705563076063776,2.972544624999538,10.118126859033554,22.250287629646635,23.017674549855528,6.06636706846161,10.862873290960625,24.26546827384644,13.847474399381248,10.197363616602075,0.0,18.077074252860008,0.0,138.84813508343137,138.70270994064774,17.48276318419594,13.20937151440531,11.307880315929774,7.477890138403963,16.409264067507806,5.879367225527314,2.854014144484596,126.0,0.0,0.29410645224422766,-0.5053125776716044,0.5053125776716044,0.29410645224422766,105.31,2.8863000000000016,89.05040000000005,0.0,0.9
6608,CC(O)C(O)C(O)C(O)C=O,0,6608,CC(O)C(O)C(O)C(O)C=O,6608,CC(O)C(O)C(O)C(O)C=O,CC(O)C(O)C(O)C(O)C=O,CC(O)C(O)C(O)C(O)C=O,CC(O)C(O)C(O)C(O)C=O,6608.0,1.0,0.0,0.0,0.0,0.0,0.0,0.0,,164.15699999999998,-2.3512000000000013,97.99,4.0,5.0,4.0,0.0,0.0,5.0,0.8333333333333334,11.0,0.0,0.0,0.0,0.0,0.0,0.0,0.0,0.0,0.0,0.0,0.0,0.0,0.0,0.0,0.0,0.0,0.0,0.0,0.0,0.0,0.0,0.0,0.0,0.0,0.0,0.0,0.0,0.0,0.0,0.0,4.0,1.0,0.0,0.0,0.0,0.0,1.0,1.0,0.0,0.0,0.0,0.0,0.0,0.0,0.0,0.0,0.0,0.0,0.0,0.0,0.0,0.0,0.0,0.0,0.0,0.0,0.0,0.0,0.0,0.0,0.0,0.0,0.0,0.0,0.0,0.0,0.0,0.0,0.0,0.0,0.0,0.0,0.0,0.0,0.0,0.0,0.0,0.0,0.0,0.0,0.0,0.0,0.0,0.0,0.0,0.0,0.0,0.0,0.0,0.0,0.0,0.0,0.0,0.0,0.0,0.0,0.0,0.0,0.0,0.0,0.0,0.0,0.0,0.0,0.0,0.0,0.0,0.0,0.0,0.0,0.0,0.0,0.0,0.0,0.0,0.0,0.0,0.0,0.0,0.0,0.0,0.0,0.0,0.0,0.0,0.0,0.0,0.0,0.0,0.0,0.0,0.0,0.0,0.0,0.0,0.0,0.0,0.0,0.0,0.0,0.0,0.0,0.0,0.0,0.0,0.0,0.0,0.0,0.0,0.0,0.0,0.0,0.0,0.0,0.0,0.0,0.0,0.0,0.0,0.0,0.0,0.0,0.0,0.0,0.0,0.0,0.0,0.0,0.0,0.0,0.0,0.0,1.0,1.0,0.0,0.0,0.0,0.0,0.0,0.0,0.0,0.0,0.0,0.0,0.0,0.0,0.0,0.0,0.0,0.0,0.0,0.0,0.0,0.0,0.0,0.0,0.0,0.0,0.0,0.0,0.0,0.0,0.0,0.0,0.0,0.0,0.0,0.0,0.0,0.0,0.0,0.0,0.0,0.0,0.0,0.0,0.0,0.0,0.0,0.0,0.0,0.0,0.0,0.0,0.0,0.0,0.0,0.0,0.0,0.0,0.0,0.0,0.0,0.0,0.0,0.0,0.0,0.0,0.0,0.0,0.0,0.0,0.0,0.0,0.0,0.0,0.0,0.0,0.0,0.0,0.0,0.0,0.0,0.0,0.0,0.0,1.0,1.0,1.0,1.0,0.0,0.0,0,0,0,0,0,0,0,1,ACY_***(*)*(*)*(*)*(*)*,acyclic_anonymous_graph,train,0,1,0,0,0,0,0,0,0,0,0,0,0,0,0,0,0,0,0,0,0,0,1,0,0,0,0,1,0,0,0,0,0,1,0,0,0,0,0,1,0,0,0,0,0,0,0,0,0,0,0,0,0,0,0,0,0,0,0,0,0,1,0,0,0,0,0,0,0,0,0,0,0,0,0,0,0,0,0,0,0,0,0,0,0,0,0,0,0,0,1,0,0,0,0,0,0,0,0,0,0,0,0,0,0,0,0,0,0,0,0,0,0,0,0,0,0,0,0,0,0,0,0,0,0,0,0,0,0,0,0,0,0,0,0,0,0,0,1,0,0,0,0,0,0,0,0,0,0,0,0,0,0,0,0,0,0,1,0,0,0,0,0,0,0,0,0,0,0,0,0,0,0,0,0,0,0,0,0,0,0,0,1,0,0,0,1,0,0,0,0,0,0,0,0,0,0,0,0,0,0,0,0,0,0,0,0,0,0,0,0,0,0,0,0,0,0,0,0,0,0,0,1,0,0,0,0,1,0,0,0,1,0,0,0,0,1,0,0,0,0,0,0,0,0,0,0,0,0,0,0,0,1,0,0,0,0.15075481254682518,-0.39061677582932103,-0.11757124453292671,0.5413715883761462,0.39061677582932103,0.5915058882505616,-1.8847895781127553,9.870597127739984,0.09351851851851856,9.870597127739984,-1.653148148148148,9.777078609221466,4.982057823129251,4.888539304610733,0.10228004089655453,2.5386826827384814,24.41586555099321,6.286160523129555,0.0,0.0,6.923737199690624,0.0,0.0,0.0,20.426109579362823,4.794537184071822,0.0,63.90241870864038,62.84641003724803,9.01650785794505,6.083854018411825,5.00210641759854,3.1791814219071197,10.509999999999998,4.400732977167427,2.9386623774587015,66.0,0.0,0.15075481254682518,-0.39061677582932103,0.39061677582932103,0.15075481254682518,97.99000000000001,-2.3512000000000013,35.7652,0.2,1.1333333333333333
1944,Nc1ccc(Cc2ccc(N)cc2)cc1,1,1944,Nc1ccc(Cc2ccc(N)cc2)cc1,1944,Nc1ccc(Cc2ccc(N)cc2)cc1,Nc1ccc(Cc2ccc(N)cc2)cc1,Nc1ccc(Cc2ccc(N)cc2)cc1,Nc1ccc(Cc2ccc(N)cc2)cc1,1944.0,1.0,0.0,0.0,0.0,0.0,0.0,0.0,c1ccc(Cc2ccccc2)cc1,198.269,2.4418000000000006,52.04,2.0,2.0,2.0,2.0,2.0,2.0,0.0769230769230769,15.0,0.0,0.0,0.0,0.0,0.0,0.0,0.0,0.0,0.0,0.0,0.0,0.0,0.0,0.0,0.0,0.0,2.0,1.0,0.0,0.0,0.0,0.0,0.0,0.0,0.0,0.0,0.0,0.0,0.0,0.0,0.0,0.0,0.0,0.0,0.0,0.0,0.0,0.0,0.0,0.0,0.0,0.0,0.0,0.0,0.0,0.0,0.0,0.0,0.0,0.0,0.0,0.0,0.0,0.0,2.0,1.0,12.0,1.0,0.0,0.0,0.0,0.0,0.0,0.0,0.0,0.0,0.0,0.0,0.0,0.0,0.0,0.0,0.0,0.0,0.0,0.0,0.0,0.0,0.0,0.0,0.0,0.0,0.0,0.0,0.0,0.0,0.0,0.0,0.0,0.0,0.0,0.0,0.0,0.0,0.0,0.0,0.0,0.0,0.0,0.0,0.0,0.0,0.0,0.0,0.0,0.0,0.0,0.0,2.0,1.0,0.0,0.0,2.0,1.0,0.0,0.0,0.0,0.0,0.0,0.0,0.0,0.0,0.0,0.0,0.0,0.0,0.0,0.0,0.0,0.0,0.0,0.0,0.0,0.0,0.0,0.0,0.0,0.0,0.0,0.0,0.0,0.0,0.0,0.0,0.0,0.0,0.0,0.0,0.0,0.0,0.0,0.0,0.0,0.0,0.0,0.0,0.0,0.0,0.0,0.0,0.0,0.0,0.0,0.0,0.0,0.0,0.0,0.0,0.0,0.0,0.0,0.0,0.0,0.0,0.0,0.0,0.0,0.0,0.0,0.0,0.0,0.0,0.0,0.0,0.0,0.0,0.0,0.0,0.0,0.0,0.0,0.0,0.0,0.0,0.0,0.0,0.0,0.0,0.0,0.0,0.0,0.0,0.0,0.0,0.0,0.0,0.0,0.0,0.0,0.0,0.0,0.0,0.0,0.0,0.0,0.0,0.0,0.0,0.0,0.0,0.0,0.0,0.0,0.0,0.0,0.0,0.0,0.0,0.0,0.0,0.0,0.0,0.0,0.0,0.0,0.0,0.0,0.0,0.0,0.0,0.0,0.0,0.0,0.0,0.0,0.0,0.0,0.0,0.0,0.0,0.0,0.0,0.0,0.0,0.0,0.0,1.0,2.0,1.0,2.0,0.0,0.0,1,1,1,0,0,0,0,0,c1ccc(Cc2ccccc2)cc1,murcko,train,0,0,0,0,0,0,0,0,0,0,0,0,1,0,0,0,0,0,0,0,0,0,0,0,0,0,0,0,0,0,0,0,0,0,0,0,0,0,0,1,0,0,0,0,0,0,0,0,0,0,0,1,0,0,1,0,0,0,0,0,0,0,0,0,0,0,0,0,0,0,0,0,0,0,0,0,0,0,0,0,1,1,0,0,0,0,0,0,0,0,0,0,0,0,0,0,0,0,0,0,1,0,0,0,0,0,0,0,0,0,0,0,0,0,0,0,0,0,0,0,1,0,0,0,0,0,0,0,0,0,0,0,0,0,0,0,0,0,0,0,0,0,0,0,1,0,0,1,0,0,1,0,0,0,0,0,0,0,0,0,0,0,0,0,0,0,0,0,0,0,0,0,0,0,0,0,0,1,0,0,0,0,0,0,0,0,0,0,0,0,0,0,0,0,0,0,0,0,0,0,0,0,0,0,0,0,0,0,0,0,0,0,0,0,1,0,0,0,1,0,0,0,0,0,0,0,0,0,0,0,0,0,0,0,0,0,0,0,0,0,0,0,0,0,0,0,0,0,0,0,0,0,0,0,0,0,0.03136797941459703,-0.3987285599838353,-0.08042942287444375,0.4300965393984323,0.3987285599838353,0.06273595882919406,-1.26917730194585,5.623390652557319,0.8019038170823888,5.623390652557319,0.8019038170823888,4.82148683547493,3.212647234819854,2.410743417737465,0.20740490104469966,2.140647191952562,0.0,0.0,0.0,17.795594172293132,11.126902983393991,0.0,48.53093654769288,0.0,11.46733495432437,0.0,0.0,89.53322083398305,88.92076865770437,10.673362107437434,8.480609473082808,7.237183443017882,4.927191460468011,9.589508526716504,4.047909045971329,2.4984504003609995,76.0,0.0,0.03136797941459703,-0.3987285599838353,0.3987285599838353,0.03136797941459703,52.04,2.4418000000000006,64.51480000000002,2.1,0.4307692307692308
6774,CCOC(C)OC1CCCCCCCCCCC1,0,6774,CCOC(C)OC1CCCCCCCCCCC1,6774,CCOC(C)OC1CCCCCCCCCCC1,CCOC(C)OC1CCCCCCCCCCC1,CCOC(C)OC1CCCCCCCCCCC1,CCOC(C)OC1CCCCCCCCCCC1,6774.0,1.0,0.0,0.0,0.0,0.0,0.0,0.0,C1CCCCCCCCCCC1,256.4299999999999,5.058800000000005,18.46,0.0,2.0,4.0,1.0,0.0,2.0,1.0,18.0,0.0,0.0,0.0,0.0,0.0,0.0,0.0,0.0,0.0,0.0,0.0,0.0,0.0,0.0,0.0,0.0,0.0,0.0,0.0,0.0,0.0,0.0,0.0,0.0,0.0,0.0,0.0,0.0,0.0,0.0,0.0,0.0,0.0,0.0,2.0,1.0,0.0,0.0,0.0,0.0,0.0,0.0,0.0,0.0,0.0,0.0,0.0,0.0,0.0,0.0,0.0,0.0,0.0,0.0,0.0,0.0,0.0,0.0,0.0,0.0,0.0,0.0,0.0,0.0,0.0,0.0,0.0,0.0,0.0,0.0,0.0,0.0,0.0,0.0,0.0,0.0,0.0,0.0,0.0,0.0,0.0,0.0,0.0,0.0,0.0,0.0,0.0,0.0,0.0,0.0,0.0,0.0,0.0,0.0,0.0,0.0,0.0,0.0,0.0,0.0,0.0,0.0,0.0,0.0,0.0,0.0,0.0,0.0,0.0,0.0,0.0,0.0,0.0,0.0,0.0,0.0,0.0,0.0,0.0,0.0,0.0,0.0,0.0,0.0,0.0,0.0,0.0,0.0,0.0,0.0,0.0,0.0,0.0,0.0,0.0,0.0,0.0,0.0,0.0,0.0,0.0,0.0,0.0,0.0,0.0,0.0,0.0,0.0,0.0,0.0,0.0,0.0,0.0,0.0,0.0,0.0,0.0,0.0,0.0,0.0,0.0,0.0,0.0,0.0,0.0,0.0,0.0,0.0,0.0,0.0,0.0,0.0,0.0,0.0,0.0,0.0,0.0,0.0,0.0,0.0,0.0,0.0,0.0,0.0,0.0,0.0,0.0,0.0,0.0,0.0,0.0,0.0,0.0,0.0,0.0,0.0,0.0,0.0,0.0,0.0,0.0,0.0,0.0,0.0,0.0,0.0,0.0,0.0,0.0,0.0,0.0,0.0,0.0,0.0,0.0,0.0,0.0,0.0,0.0,0.0,0.0,0.0,0.0,0.0,0.0,0.0,0.0,0.0,0.0,0.0,0.0,0.0,0.0,0.0,0.0,0.0,0.0,0.0,0.0,0.0,0.0,0.0,0.0,0.0,0.0,0.0,0.0,0.0,0.0,0.0,0.0,0.0,0.0,0.0,0.0,0.0,0.0,0.0,0.0,0.0,0.0,0.0,0,0,0,0,0,0,0,0,C1CCCCCCCCCCC1,murcko,train,0,1,1,0,1,0,0,0,0,0,0,0,0,0,0,0,0,0,0,0,0,0,0,0,0,0,0,1,0,0,0,0,0,1,0,0,0,0,1,0,0,0,0,0,0,1,0,0,0,0,0,0,0,0,0,0,0,1,0,0,1,0,0,0,0,0,0,0,0,0,0,0,0,0,0,0,0,0,0,0,1,0,0,0,0,0,0,0,0,0,0,0,0,0,0,0,0,0,0,0,0,0,0,0,0,0,0,0,0,0,0,0,0,0,0,0,0,0,0,1,0,0,1,1,0,0,0,0,0,0,0,0,0,0,0,0,0,0,0,0,0,1,0,0,0,0,0,0,0,0,0,0,0,0,0,0,0,0,1,0,0,0,0,0,0,0,0,0,0,0,0,0,0,0,0,0,0,0,0,0,0,0,0,1,0,0,0,0,0,0,0,0,0,0,0,0,0,0,0,0,0,0,0,0,0,0,0,0,0,0,0,0,0,0,1,0,0,1,0,0,0,0,0,0,0,1,0,0,0,0,0,0,0,0,0,0,0,0,0,0,0,0,0,1,0,0,0,0,0,0,0,1,0,0,0,0,0.15464654722464058,-0.3532452550327939,-0.056864865230058945,0.5078918022574345,0.3532452550327939,0.2621568553497272,-1.2857244294907881,6.01343820861678,0.034346445368270695,6.01343820861678,-0.034346445368270695,5.979091763248509,3.023892326992525,2.9895458816242546,0.16724948196090045,1.5293166867665313,0.0,6.290026729335213,6.103966387748303,6.606881964512918,70.62903785218613,0.0,13.847474399381248,0.0,9.473725907600098,0.0,0.0,113.43464204926323,112.9511132407639,13.054195474990921,12.456478493545552,8.825698502695488,8.09673554708526,15.975803571428576,10.807066337639718,8.097619192114914,108.0,0.0,0.15464654722464058,-0.3532452550327939,0.3532452550327939,0.15464654722464058,18.46,5.058800000000005,76.74800000000006,0.0,1.2000000000000002
11294,Oc1ccc(-c2ccc(O)cc2)cc1,1,11294,Oc1ccc(-c2ccc(O)cc2)cc1,11294,Oc1ccc(-c2ccc(O)cc2)cc1,Oc1ccc(-c2ccc(O)cc2)cc1,Oc1ccc(-c2ccc(O)cc2)cc1,Oc1ccc(-c2ccc(O)cc2)cc1,11294.0,1.0,0.0,0.0,0.0,0.0,0.0,0.0,c1ccc(-c2ccccc2)cc1,186.21,2.764800000000001,40.46,2.0,2.0,1.0,2.0,2.0,2.0,0.0,14.0,0.0,0.0,0.0,0.0,0.0,0.0,0.0,0.0,0.0,0.0,0.0,0.0,0.0,0.0,0.0,0.0,0.0,0.0,0.0,0.0,0.0,0.0,0.0,0.0,0.0,0.0,0.0,0.0,0.0,0.0,0.0,0.0,2.0,1.0,0.0,0.0,0.0,0.0,0.0,0.0,0.0,0.0,0.0,0.0,0.0,0.0,0.0,0.0,0.0,0.0,0.0,0.0,0.0,0.0,2.0,1.0,24.0,1.0,0.0,0.0,0.0,0.0,0.0,0.0,0.0,0.0,0.0,0.0,0.0,0.0,0.0,0.0,0.0,0.0,0.0,0.0,0.0,0.0,0.0,0.0,0.0,0.0,0.0,0.0,0.0,0.0,0.0,0.0,0.0,0.0,0.0,0.0,0.0,0.0,0.0,0.0,0.0,0.0,0.0,0.0,0.0,0.0,0.0,0.0,0.0,0.0,0.0,0.0,0.0,0.0,0.0,0.0,0.0,0.0,0.0,0.0,0.0,0.0,0.0,0.0,0.0,0.0,0.0,0.0,0.0,0.0,0.0,0.0,0.0,0.0,0.0,0.0,0.0,0.0,0.0,0.0,0.0,0.0,0.0,0.0,0.0,0.0,0.0,0.0,0.0,0.0,0.0,0.0,0.0,0.0,0.0,0.0,0.0,0.0,0.0,0.0,0.0,0.0,0.0,0.0,0.0,0.0,0.0,0.0,0.0,0.0,0.0,0.0,0.0,0.0,0.0,0.0,0.0,0.0,0.0,0.0,0.0,0.0,0.0,0.0,0.0,0.0,0.0,0.0,0.0,0.0,0.0,0.0,0.0,0.0,0.0,0.0,0.0,0.0,0.0,0.0,0.0,0.0,0.0,0.0,0.0,0.0,0.0,0.0,0.0,0.0,0.0,0.0,0.0,0.0,0.0,0.0,0.0,0.0,0.0,0.0,0.0,0.0,0.0,0.0,0.0,0.0,0.0,0.0,0.0,0.0,0.0,0.0,0.0,0.0,0.0,0.0,0.0,0.0,0.0,0.0,0.0,0.0,0.0,0.0,0.0,0.0,0.0,0.0,0.0,0.0,0.0,0.0,0.0,0.0,0.0,0.0,0.0,0.0,0.0,0.0,0.0,0.0,0.0,0.0,0.0,0.0,0,0,0,0,0,0,0,0,c1ccc(-c2ccccc2)cc1,murcko,train,0,0,0,0,0,0,0,0,0,0,0,0,0,0,0,0,0,0,0,0,0,0,0,0,0,0,0,0,0,0,0,0,0,1,0,0,0,0,0,1,0,0,0,0,0,0,0,0,0,0,0,0,0,0,0,0,0,0,0,0,0,0,0,0,0,0,1,0,0,0,0,0,0,0,0,0,0,0,0,0,0,1,0,0,0,0,0,0,0,0,0,0,0,0,0,0,0,0,0,0,1,0,0,0,0,0,0,0,0,0,0,0,0,0,0,0,0,0,0,0,0,0,0,0,0,0,0,0,1,0,0,0,0,0,0,0,1,0,0,0,0,0,0,0,0,0,0,0,0,0,0,0,0,0,0,0,0,0,0,0,0,0,0,0,0,0,0,0,0,0,0,0,1,0,0,0,0,0,0,0,0,0,0,0,0,0,0,0,0,0,0,0,0,0,0,0,0,0,0,0,0,0,0,0,0,0,0,0,0,0,0,0,0,0,1,0,0,0,0,0,0,0,0,0,0,0,0,0,0,0,0,0,0,1,0,0,0,0,0,0,0,0,1,0,0,0,0,0,0,0,0,0,0,0,0,0,0.11511840985357964,-0.5079662449309224,-0.0788029791286322,0.623084654784502,0.5079662449309224,0.23023681970715928,-1.3334785275080099,9.107689174435206,0.2569706895103723,9.107689174435206,0.2569706895103723,8.850718484924833,4.68232993197279,4.425359242462417,0.11298517761052625,2.477111166646095,0.0,11.49902366656781,0.0,11.126902983393991,0.0,24.26546827384644,24.26546827384644,0.0,10.213054789681411,0.0,0.0,82.07696482995303,81.3699179873361,9.966255326250886,7.513229344516924,6.7540201954234895,4.339948005591796,8.629973277127478,3.4195064921018083,1.6890690083365993,70.0,0.0,0.11511840985357964,-0.5079662449309224,0.5079662449309224,0.11511840985357964,40.46,2.764800000000001,55.20760000000003,0.0,0.2
11521,COc1cc(N=Nc2c(C)cc(C)cc2S(=O)(=O)O)c(C)cc1N=Nc1c(S(=O)(=O)O)cc2cc(Nc3ccccc3)ccc2c1O,0,11521,COc1cc(N=Nc2c(C)cc(C)cc2S(=O)(=O)O)c(C)cc1N=Nc1c(S(=O)(=O)O)cc2cc(Nc3ccccc3)ccc2c1O,11521,COc1cc(N=Nc2c(C)cc(C)cc2S(=O)(=O)O)c(C)cc1N=Nc1c(S(=O)(=O)O)cc2cc(Nc3ccccc3)ccc2c1O,COc1cc(N=Nc2c(C)cc(C)cc2S(=O)(=O)O)c(C)cc1N=Nc1c(S(=O)(=O)O)cc2cc(Nc3ccccc3)ccc2c1O,COc1cc(N=Nc2c(C)cc(C)cc2S(=O)(=O)O)c(C)cc1N=Nc1c(S(=O)(=O)O)cc2cc(Nc3ccccc3)ccc2c1O,COc1cc(N=Nc2c(C)cc(C)cc2S(=O)(=O)O)c(C)cc1N=Nc1c(S(=O)(=O)O)cc2cc(Nc3ccccc3)ccc2c1O,11521.0,1.0,0.0,0.0,0.0,0.0,0.0,0.0,c1ccc(N=Nc2ccc(N=Nc3ccc4cc(Nc5ccccc5)ccc4c3)cc2)cc1,675.7450000000002,8.547060000000002,199.67,4.0,11.0,9.0,5.0,5.0,15.0,0.125,47.0,0.0,0.0,0.0,0.0,0.0,0.0,0.0,0.0,0.0,0.0,0.0,0.0,0.0,0.0,0.0,0.0,2.0,1.0,0.0,0.0,0.0,0.0,2.0,1.0,0.0,0.0,0.0,0.0,0.0,0.0,0.0,0.0,1.0,1.0,1.0,1.0,0.0,0.0,0.0,0.0,0.0,0.0,0.0,0.0,0.0,0.0,0.0,0.0,0.0,0.0,0.0,0.0,0.0,0.0,5.0,1.0,40.0,1.0,2.0,1.0,0.0,0.0,0.0,0.0,0.0,0.0,0.0,0.0,0.0,0.0,0.0,0.0,0.0,0.0,0.0,0.0,2.0,1.0,0.0,0.0,2.0,1.0,0.0,0.0,0.0,0.0,0.0,0.0,0.0,0.0,0.0,0.0,0.0,0.0,0.0,0.0,0.0,0.0,0.0,0.0,0.0,0.0,0.0,0.0,0.0,0.0,0.0,0.0,0.0,0.0,0.0,0.0,2.0,1.0,0.0,0.0,0.0,0.0,0.0,0.0,0.0,0.0,0.0,0.0,0.0,0.0,4.0,1.0,0.0,0.0,0.0,0.0,0.0,0.0,0.0,0.0,0.0,0.0,0.0,0.0,0.0,0.0,0.0,0.0,0.0,0.0,0.0,0.0,0.0,0.0,0.0,0.0,0.0,0.0,0.0,0.0,0.0,0.0,0.0,0.0,0.0,0.0,0.0,0.0,0.0,0.0,0.0,0.0,0.0,0.0,0.0,0.0,0.0,0.0,0.0,0.0,0.0,0.0,0.0,0.0,0.0,0.0,0.0,0.0,0.0,0.0,0.0,0.0,0.0,0.0,0.0,0.0,0.0,0.0,0.0,0.0,0.0,0.0,0.0,0.0,0.0,0.0,0.0,0.0,0.0,0.0,0.0,0.0,0.0,0.0,0.0,0.0,0.0,0.0,0.0,0.0,0.0,0.0,0.0,0.0,0.0,0.0,0.0,0.0,0.0,0.0,0.0,0.0,0.0,0.0,0.0,0.0,0.0,0.0,0.0,0.0,0.0,0.0,0.0,0.0,0.0,0.0,0.0,0.0,0.0,0.0,0.0,0.0,0.0,0.0,0.0,0.0,0.0,0.0,0.0,0.0,1.0,2.0,1.0,2.0,0.0,0.0,0,0,1,0,0,0,0,0,c1ccc(N=Nc2ccc(N=Nc3ccc4cc(Nc5ccccc5)ccc4c3)cc2)cc1,murcko,train,1,0,1,0,0,0,0,0,0,1,0,0,0,1,0,0,0,0,1,0,0,0,0,0,0,0,0,0,0,0,0,1,0,1,0,0,0,0,0,1,0,0,0,0,0,0,0,0,0,0,0,0,1,0,0,0,0,0,0,0,1,0,0,1,1,0,1,0,1,0,0,0,0,1,0,1,0,1,0,0,1,1,0,0,0,0,0,0,0,0,0,0,1,0,1,0,0,0,0,0,1,0,0,0,0,0,1,1,0,0,0,1,0,0,1,0,0,0,0,0,0,0,0,0,0,0,0,0,1,1,0,0,0,1,0,1,1,0,1,0,0,0,0,0,0,0,0,0,0,0,0,0,0,0,0,0,0,0,1,0,0,1,0,1,0,0,0,0,0,0,0,0,1,0,0,1,0,0,1,0,0,0,0,1,0,0,1,0,0,1,0,1,1,0,0,0,1,1,1,0,0,0,1,1,1,0,0,0,0,0,0,0,0,1,1,1,0,1,1,0,0,0,0,0,0,0,0,0,0,0,0,0,0,0,0,1,0,0,0,0,0,0,0,0,1,0,0,0,0,1,0,0,0,0,0,0,0.29641475998825023,-0.5049133744756988,-0.047115417938336214,0.8013281344639491,0.5049133744756988,1.810854235046083,-4.025278878147885,12.402472293739368,0.03451841034011949,12.402472293739368,-4.861646007999032,12.367953883399249,6.218495352039744,6.183976941699624,0.08085411778113429,3.1266032205411,36.56863530155235,33.09337834731716,27.763964964239346,5.687386274683562,31.37526581512397,45.03667987291831,30.33183534230805,25.77378910652392,4.736862953800049,31.047621110879305,0.0,270.3525876013811,271.4154190893461,34.09528288038877,25.493786701211885,22.15023547447019,13.85593857343001,33.15211970330876,12.881180396439914,7.28059250424084,242.0,0.0,0.29641475998825023,-0.5049133744756988,0.5049133744756988,0.29641475998825023,199.67,8.547060000000002,176.9656999999997,1.1,1.85
11527,Fc1cccc(C(F)(F)F)n1,1,11527,Fc1cccc(C(F)(F)F)n1,11527,Fc1cccc(C(F)(F)F)n1,Fc1cccc(C(F)(F)F)n1,Fc1cccc(C(F)(F)F)n1,Fc1cccc(C(F)(F)F)n1,11527.0,1.0,0.0,0.0,0.0,0.0,0.0,0.0,c1ccncc1,165.089,2.2395,12.89,0.0,1.0,0.0,1.0,1.0,5.0,0.1666666666666666,11.0,0.0,0.0,0.0,0.0,0.0,0.0,0.0,0.0,0.0,0.0,0.0,0.0,0.0,0.0,0.0,0.0,0.0,0.0,0.0,0.0,0.0,0.0,0.0,0.0,0.0,0.0,0.0,0.0,0.0,0.0,0.0,0.0,0.0,0.0,0.0,0.0,0.0,0.0,0.0,0.0,0.0,0.0,0.0,0.0,0.0,0.0,0.0,0.0,0.0,0.0,0.0,0.0,0.0,0.0,1.0,1.0,6.0,1.0,0.0,0.0,0.0,0.0,4.0,1.0,4.0,1.0,0.0,0.0,0.0,0.0,0.0,0.0,0.0,0.0,0.0,0.0,0.0,0.0,0.0,0.0,0.0,0.0,0.0,0.0,0.0,0.0,0.0,0.0,0.0,0.0,0.0,0.0,0.0,0.0,0.0,0.0,0.0,0.0,0.0,0.0,0.0,0.0,0.0,0.0,0.0,0.0,0.0,0.0,0.0,0.0,0.0,0.0,0.0,0.0,0.0,0.0,0.0,0.0,0.0,0.0,0.0,0.0,0.0,0.0,0.0,0.0,0.0,0.0,0.0,0.0,0.0,0.0,0.0,0.0,0.0,0.0,0.0,0.0,0.0,0.0,3.0,1.0,0.0,0.0,0.0,0.0,0.0,0.0,0.0,0.0,0.0,0.0,0.0,0.0,0.0,0.0,0.0,0.0,0.0,0.0,0.0,0.0,0.0,0.0,0.0,0.0,0.0,0.0,0.0,0.0,0.0,0.0,0.0,0.0,0.0,0.0,0.0,0.0,0.0,0.0,0.0,0.0,0.0,0.0,0.0,0.0,0.0,0.0,0.0,0.0,0.0,0.0,0.0,0.0,0.0,0.0,0.0,0.0,0.0,0.0,0.0,0.0,0.0,0.0,0.0,0.0,0.0,0.0,0.0,0.0,0.0,0.0,0.0,0.0,0.0,0.0,0.0,0.0,0.0,0.0,0.0,0.0,0.0,0.0,0.0,0.0,0.0,0.0,0.0,0.0,0.0,0.0,0.0,0.0,0.0,0.0,0.0,0.0,0.0,0.0,0.0,0.0,0.0,0.0,0.0,0.0,0.0,0.0,0.0,0.0,0.0,0.0,0.0,0.0,0.0,0.0,1.0,1.0,1.0,1.0,0.0,0.0,0,0,0,0,0,0,0,0,c1ccncc1,murcko,train,0,0,0,0,0,0,0,0,0,0,0,0,0,0,0,1,0,0,0,0,0,0,0,0,0,0,0,0,0,0,0,0,0,0,0,0,0,0,0,0,0,1,0,0,0,0,0,0,0,0,0,0,0,0,0,0,0,0,0,0,0,0,0,1,1,0,0,0,0,0,0,0,0,0,0,0,0,0,0,0,0,1,0,0,0,0,0,0,0,0,0,0,0,0,0,0,0,0,0,0,1,0,0,0,0,0,0,0,0,0,0,0,0,0,1,0,0,0,0,0,0,0,1,0,0,0,1,1,0,0,0,0,0,0,0,0,1,0,0,0,0,0,0,0,0,0,0,0,1,0,0,0,0,0,1,0,1,0,0,0,0,0,0,0,0,0,0,0,0,0,0,0,0,1,0,0,0,0,0,0,0,0,0,0,0,0,0,1,0,0,0,0,0,0,0,0,0,0,0,0,0,0,0,0,0,0,0,0,0,0,0,0,0,0,1,0,0,0,0,0,0,0,0,0,0,0,0,0,0,0,0,0,0,0,0,0,1,0,0,0,0,0,0,0,0,0,0,0,0,0,0,0,0,0,0,0,0.43295096510549774,-0.2152337274575564,-0.017650085290240633,0.6481846925630541,0.43295096510549774,0.7930106502253065,-0.9871615884179533,12.086388888888889,0.7113888888888888,12.086388888888889,-4.567361111111111,11.375,6.398888888888889,5.6875,0.08791208791208792,3.599628924162258,17.817923856489298,0.0,6.06636706846161,12.13273413692322,0.0,0.0,0.0,4.9839785209472085,0.0,17.56166019069928,0.0,59.67813482654502,58.56266377352061,8.483127663125442,5.191122295105744,4.999018565639891,2.697159477374705,7.9713171225937165,2.484569487904361,1.893281350272186,60.0,0.0,0.43295096510549774,-0.2152337274575564,0.43295096510549774,0.2152337274575564,12.89,2.2394999999999996,29.197,0.2,0.06666666666666664
10523,Nc1nc(NC2CC2)c2ncn(C3C=CC(CO)C3)c2n1,1,10523,Nc1nc(NC2CC2)c2ncn(C3C=CC(CO)C3)c2n1,10523,Nc1nc(NC2CC2)c2ncn(C3C=CC(CO)C3)c2n1,Nc1nc(NC2CC2)c2ncn(C3C=CC(CO)C3)c2n1,Nc1nc(NC2CC2)c2ncn(C3C=CC(CO)C3)c2n1,Nc1nc(NC2CC2)c2ncn(C3C=CC(CO)C3)c2n1,10523.0,1.0,0.0,0.0,0.0,0.0,0.0,0.0,C1=CC(n2cnc3c(NC4CC4)ncnc32)CC1,286.33900000000006,1.0922999999999998,101.88,3.0,7.0,4.0,4.0,2.0,7.0,0.5,21.0,0.0,0.0,0.0,0.0,0.0,0.0,0.0,0.0,0.0,0.0,0.0,0.0,0.0,0.0,0.0,0.0,2.0,1.0,0.0,0.0,0.0,0.0,0.0,0.0,0.0,0.0,0.0,0.0,0.0,0.0,1.0,1.0,0.0,0.0,0.0,0.0,0.0,0.0,0.0,0.0,0.0,0.0,0.0,0.0,0.0,0.0,0.0,0.0,0.0,0.0,1.0,1.0,0.0,0.0,1.0,1.0,17.0,1.0,2.0,1.0,0.0,0.0,0.0,0.0,0.0,0.0,0.0,0.0,0.0,0.0,0.0,0.0,0.0,0.0,0.0,0.0,0.0,0.0,0.0,0.0,0.0,0.0,0.0,0.0,0.0,0.0,0.0,0.0,0.0,0.0,0.0,0.0,0.0,0.0,0.0,0.0,0.0,0.0,0.0,0.0,0.0,0.0,0.0,0.0,0.0,0.0,0.0,0.0,0.0,0.0,0.0,0.0,2.0,1.0,0.0,0.0,0.0,0.0,0.0,0.0,0.0,0.0,0.0,0.0,0.0,0.0,0.0,0.0,0.0,0.0,0.0,0.0,0.0,0.0,0.0,0.0,0.0,0.0,0.0,0.0,0.0,0.0,0.0,0.0,0.0,0.0,0.0,0.0,0.0,0.0,0.0,0.0,0.0,0.0,0.0,0.0,0.0,0.0,0.0,0.0,0.0,0.0,0.0,0.0,0.0,0.0,0.0,0.0,0.0,0.0,0.0,0.0,0.0,0.0,0.0,0.0,0.0,0.0,0.0,0.0,0.0,0.0,0.0,0.0,0.0,0.0,0.0,0.0,0.0,0.0,0.0,0.0,0.0,0.0,0.0,0.0,0.0,0.0,0.0,0.0,0.0,0.0,0.0,0.0,0.0,0.0,0.0,0.0,0.0,0.0,0.0,0.0,0.0,0.0,0.0,0.0,0.0,0.0,0.0,0.0,0.0,0.0,0.0,0.0,0.0,0.0,0.0,0.0,0.0,0.0,0.0,0.0,0.0,0.0,0.0,0.0,0.0,0.0,0.0,0.0,0.0,0.0,0.0,0.0,0.0,0.0,0.0,0.0,0.0,0.0,0.0,0.0,0.0,0.0,0.0,0.0,1.0,1.0,1.0,1.0,0.0,0.0,0,0,1,0,0,0,0,0,C1=CC(n2cnc3c(NC4CC4)ncnc32)CC1,murcko,train,0,0,0,1,0,1,0,0,1,1,0,0,1,0,0,0,0,0,0,0,1,0,1,0,0,0,1,0,1,0,0,0,0,1,0,0,0,0,0,1,0,0,0,0,0,1,0,0,0,0,0,0,0,1,0,0,0,0,0,1,0,0,0,1,0,1,0,0,0,0,0,1,0,1,0,0,0,0,0,0,1,1,0,0,0,0,0,0,0,0,0,0,0,0,0,0,0,0,1,0,1,0,0,0,0,0,0,0,0,0,0,0,0,0,0,0,0,0,0,1,0,0,1,0,0,0,0,0,1,0,0,0,0,0,0,0,0,0,0,0,0,0,0,1,0,0,0,1,0,0,0,0,0,1,0,0,0,0,1,0,1,0,0,0,1,0,0,1,0,0,0,0,1,0,0,0,0,1,0,1,0,0,0,0,0,0,0,0,1,0,0,0,0,0,1,0,1,0,0,0,0,0,0,0,0,0,0,0,0,0,0,0,0,0,0,0,1,0,0,0,0,0,1,0,0,0,0,0,0,0,0,0,0,0,0,0,1,0,1,0,0,0,0,0,0,1,0,0,0,0,0,1,0,0,0,0,0.2236130771664433,-0.39576253916630044,-0.06423888006823043,0.6193756163327437,0.39576253916630044,0.933533373446878,-2.2825498548797167,9.257136034727123,0.16224537037037035,9.257136034727123,0.16224537037037035,9.094890664356754,4.709690702548746,4.547445332178377,0.10995184405229198,2.438862360446297,0.0,24.514968120808767,6.041840829147961,36.24420558499705,0.0,6.3273200747645415,10.643119754625236,26.344744273681837,5.733667477162185,5.106527394840706,0.0,121.45834382482487,120.95639351002828,14.396976746569035,11.605946986573365,10.241514740667453,7.301056943267136,12.580123737360514,4.696423830473371,2.2293171590176106,110.0,0.0,0.2236130771664433,-0.39576253916630044,0.39576253916630044,0.2236130771664433,101.88,1.0922999999999998,79.74990000000001,0.8999999999999999,1.0
6578,COCCc1ccccc1,0,6578,COCCc1ccccc1,6578,COCCc1ccccc1,COCCc1ccccc1,COCCc1ccccc1,COCCc1ccccc1,6578.0,1.0,0.0,0.0,0.0,0.0,0.0,0.0,c1ccccc1,136.194,1.8755,9.23,0.0,1.0,3.0,1.0,1.0,1.0,0.3333333333333333,10.0,0.0,0.0,0.0,0.0,0.0,0.0,0.0,0.0,0.0,0.0,0.0,0.0,0.0,0.0,0.0,0.0,0.0,0.0,0.0,0.0,0.0,0.0,0.0,0.0,0.0,0.0,0.0,0.0,0.0,0.0,0.0,0.0,0.0,0.0,1.0,1.0,0.0,0.0,0.0,0.0,0.0,0.0,0.0,0.0,0.0,0.0,0.0,0.0,0.0,0.0,0.0,0.0,0.0,0.0,1.0,1.0,6.0,1.0,0.0,0.0,0.0,0.0,0.0,0.0,0.0,0.0,0.0,0.0,0.0,0.0,0.0,0.0,0.0,0.0,0.0,0.0,0.0,0.0,0.0,0.0,0.0,0.0,0.0,0.0,0.0,0.0,0.0,0.0,0.0,0.0,0.0,0.0,0.0,0.0,0.0,0.0,0.0,0.0,0.0,0.0,0.0,0.0,0.0,0.0,0.0,0.0,0.0,0.0,0.0,0.0,0.0,0.0,0.0,0.0,0.0,0.0,0.0,0.0,0.0,0.0,0.0,0.0,0.0,0.0,0.0,0.0,0.0,0.0,0.0,0.0,0.0,0.0,0.0,0.0,0.0,0.0,0.0,0.0,0.0,0.0,0.0,0.0,0.0,0.0,0.0,0.0,0.0,0.0,0.0,0.0,0.0,0.0,0.0,0.0,0.0,0.0,0.0,0.0,0.0,0.0,0.0,0.0,0.0,0.0,0.0,0.0,0.0,0.0,0.0,0.0,0.0,0.0,0.0,0.0,0.0,0.0,0.0,0.0,0.0,0.0,0.0,0.0,0.0,0.0,0.0,0.0,0.0,0.0,0.0,0.0,0.0,0.0,0.0,0.0,0.0,0.0,0.0,0.0,0.0,0.0,0.0,0.0,0.0,0.0,0.0,0.0,0.0,0.0,0.0,0.0,0.0,0.0,0.0,0.0,0.0,0.0,0.0,0.0,0.0,0.0,0.0,0.0,0.0,0.0,0.0,0.0,0.0,0.0,0.0,0.0,0.0,0.0,0.0,0.0,0.0,0.0,0.0,0.0,0.0,0.0,0.0,0.0,0.0,0.0,0.0,0.0,0.0,0.0,0.0,0.0,0.0,0.0,0.0,0.0,0.0,0.0,0.0,0.0,0.0,0.0,0.0,0.0,0,0,0,0,0,0,0,0,c1ccccc1,murcko,train,0,0,0,0,0,0,0,0,0,0,0,0,0,1,0,0,0,0,0,0,0,1,0,0,0,0,0,0,0,0,0,0,0,1,0,0,0,0,0,0,0,0,1,0,0,0,0,0,0,0,0,0,0,0,0,0,0,0,0,0,0,0,0,0,1,0,0,0,0,0,0,0,0,1,0,0,0,0,0,0,1,1,0,0,0,0,0,0,0,0,0,0,0,0,0,0,0,0,0,0,1,0,0,0,0,0,0,0,0,0,0,0,0,0,0,0,0,0,0,0,0,0,0,0,0,0,0,0,0,1,0,0,0,1,0,0,0,0,0,0,0,0,0,0,0,0,0,0,0,0,0,0,0,0,0,0,0,0,0,0,0,0,0,0,0,0,0,0,0,0,0,0,0,0,0,1,0,0,0,0,0,0,0,1,0,0,0,0,0,0,0,0,0,0,0,0,0,0,0,0,0,0,0,0,0,0,0,0,0,0,0,0,0,0,1,0,0,0,1,1,0,0,0,0,0,0,0,0,0,0,1,1,0,0,0,0,0,1,0,0,0,0,0,0,0,0,0,0,0,0,0,0,0,0,0,0,0.05021719602125277,-0.38434541941313666,-0.06528074585261912,0.43456261543438945,0.38434541941313666,0.08568931484545053,-0.7384967733716417,4.945751133786848,0.809537037037037,4.945751133786848,0.809537037037037,4.136214096749811,2.8776440854119425,2.0681070483749053,0.24176698222313697,2.0020326048434773,0.0,0.0,0.0,13.027703587438928,5.563451491696996,7.109797541277533,18.19910120538483,12.13273413692322,4.736862953800049,0.0,0.0,61.63977469219367,60.76965091652155,7.234204518682008,6.209213198785088,4.931851652578137,3.4611604181749094,7.288932461873639,4.0691775159120125,2.1939048454146013,54.0,0.0,0.05021719602125277,-0.38434541941313666,0.38434541941313666,0.05021719602125277,9.23,1.8755,42.02200000000002,0.0,0.7333333333333334
7572,O=S(=O)(Nc1ccc(O)cc1)c1ccccc1,0,7572,O=S(=O)(Nc1ccc(O)cc1)c1ccccc1,7572,O=S(=O)(Nc1ccc(O)cc1)c1ccccc1,O=S(=O)(Nc1ccc(O)cc1)c1ccccc1,O=S(=O)(Nc1ccc(O)cc1)c1ccccc1,O=S(=O)(Nc1ccc(O)cc1)c1ccccc1,7572.0,1.0,0.0,0.0,0.0,0.0,0.0,0.0,O=S(=O)(Nc1ccccc1)c1ccccc1,249.29100000000005,2.193,66.4,2.0,3.0,3.0,2.0,2.0,5.0,0.0,17.0,0.0,0.0,0.0,0.0,0.0,0.0,0.0,0.0,0.0,0.0,0.0,0.0,0.0,0.0,0.0,0.0,1.0,1.0,0.0,0.0,0.0,0.0,0.0,0.0,0.0,0.0,0.0,0.0,0.0,0.0,0.0,0.0,1.0,1.0,0.0,0.0,0.0,0.0,0.0,0.0,0.0,0.0,0.0,0.0,0.0,0.0,0.0,0.0,0.0,0.0,0.0,0.0,0.0,0.0,2.0,1.0,12.0,1.0,0.0,0.0,0.0,0.0,0.0,0.0,0.0,0.0,0.0,0.0,0.0,0.0,0.0,0.0,0.0,0.0,0.0,0.0,1.0,1.0,1.0,1.0,0.0,0.0,0.0,0.0,0.0,0.0,0.0,0.0,0.0,0.0,0.0,0.0,0.0,0.0,0.0,0.0,0.0,0.0,0.0,0.0,0.0,0.0,0.0,0.0,0.0,0.0,0.0,0.0,0.0,0.0,0.0,0.0,1.0,1.0,0.0,0.0,0.0,0.0,0.0,0.0,0.0,0.0,0.0,0.0,0.0,0.0,0.0,0.0,0.0,0.0,0.0,0.0,0.0,0.0,0.0,0.0,0.0,0.0,0.0,0.0,0.0,0.0,0.0,0.0,0.0,0.0,0.0,0.0,0.0,0.0,0.0,0.0,0.0,0.0,0.0,0.0,0.0,0.0,0.0,0.0,0.0,0.0,0.0,0.0,0.0,0.0,0.0,0.0,0.0,0.0,0.0,0.0,0.0,0.0,0.0,0.0,0.0,0.0,0.0,0.0,0.0,0.0,0.0,0.0,0.0,0.0,0.0,0.0,0.0,0.0,0.0,0.0,0.0,0.0,0.0,0.0,0.0,0.0,0.0,0.0,0.0,0.0,0.0,0.0,0.0,0.0,0.0,0.0,0.0,0.0,0.0,0.0,0.0,0.0,0.0,0.0,0.0,0.0,0.0,0.0,0.0,0.0,0.0,0.0,0.0,0.0,0.0,0.0,0.0,0.0,0.0,0.0,0.0,0.0,0.0,0.0,0.0,0.0,0.0,0.0,0.0,0.0,0.0,0.0,0.0,0.0,0.0,0.0,0.0,0.0,0.0,0.0,0.0,0.0,0.0,0.0,1.0,1.0,1.0,1.0,0.0,0.0,0,0,1,0,0,0,0,0,O=S(=O)(Nc1ccccc1)c1ccccc1,murcko,train,0,0,0,0,1,0,0,0,0,0,0,0,0,0,0,0,0,0,0,0,0,0,0,0,0,0,0,0,0,0,0,0,0,1,0,0,0,0,0,1,0,0,0,0,0,0,0,0,0,0,0,0,0,0,0,0,0,0,0,0,0,0,0,1,1,0,1,0,0,0,0,0,0,0,0,1,0,0,0,0,0,1,0,0,0,0,0,0,0,0,0,0,0,0,1,0,0,0,0,0,1,0,0,0,0,0,0,0,0,0,0,0,0,0,0,1,0,0,0,0,0,0,0,0,0,0,0,0,1,0,0,0,0,1,0,0,0,0,1,0,0,0,0,0,0,0,0,0,0,1,0,0,0,0,0,0,0,0,0,0,0,0,0,0,0,0,0,0,0,0,0,0,0,0,0,1,0,0,0,0,0,0,0,0,0,0,0,0,0,0,0,1,0,0,0,0,1,0,0,0,0,0,0,0,0,0,0,0,0,0,0,0,0,0,1,0,0,0,0,0,0,0,0,0,0,0,0,0,0,0,0,1,0,1,0,0,0,0,0,0,0,0,1,0,0,0,1,0,0,0,0,0,0,0,0,0,0.2613889034428333,-0.5079643106247662,-0.06171465961418051,0.7693532140675995,0.5079643106247662,0.5130055458058296,-1.562154759246899,11.912894463340892,0.0904250650877636,11.912894463340892,-3.5578155706727137,11.822469398253128,6.001659764214328,5.911234699126564,0.08458469768995626,3.046734037705477,10.023291153407584,10.644995308801679,5.687386274683562,0.0,36.39820241076966,18.19910120538483,0.0,4.722094864452088,5.106527394840706,8.417796984328938,0.0,99.59336915378016,99.19939559666905,12.303118619434356,8.868110889598182,8.077316827624754,4.947239229116054,11.47466814585883,4.466404723123183,2.76089767854135,88.0,0.0,0.2613889034428333,-0.5079643106247662,0.5079643106247662,0.2613889034428333,66.4,2.1929999999999996,65.35730000000002,0.8999999999999999,0.6000000000000001
2319,CN1C(C)(C)CC(OC(=O)CCCCCCCCC(=O)OC2CC(C)(C)N(C)C(C)(C)C2)CC1(C)C,1,2319,CN1C(C)(C)CC(OC(=O)CCCCCCCCC(=O)OC2CC(C)(C)N(C)C(C)(C)C2)CC1(C)C,2319,CN1C(C)(C)CC(OC(=O)CCCCCCCCC(=O)OC2CC(C)(C)N(C)C(C)(C)C2)CC1(C)C,CN1C(C)(C)CC(OC(=O)CCCCCCCCC(=O)OC2CC(C)(C)N(C)C(C)(C)C2)CC1(C)C,CN1C(C)(C)CC(OC(=O)CCCCCCCCC(=O)OC2CC(C)(C)N(C)C(C)(C)C2)CC1(C)C,CN1C(C)(C)CC(OC(=O)CCCCCCCCC(=O)OC2CC(C)(C)N(C)C(C)(C)C2)CC1(C)C,2319.0,1.0,0.0,0.0,0.0,0.0,0.0,0.0,O=C(CCCCCCCCC(=O)OC1CCNCC1)OC1CCNCC1,508.7880000000003,6.496400000000008,59.080000000000005,0.0,6.0,11.0,2.0,0.0,6.0,0.9333333333333332,36.0,0.0,0.0,0.0,0.0,0.0,0.0,2.0,1.0,0.0,0.0,0.0,0.0,0.0,0.0,0.0,0.0,0.0,0.0,0.0,0.0,0.0,0.0,0.0,0.0,0.0,0.0,0.0,0.0,0.0,0.0,0.0,0.0,0.0,0.0,2.0,1.0,0.0,0.0,0.0,0.0,0.0,0.0,0.0,0.0,2.0,1.0,0.0,0.0,0.0,0.0,0.0,0.0,0.0,0.0,0.0,0.0,0.0,0.0,0.0,0.0,0.0,0.0,0.0,0.0,0.0,0.0,0.0,0.0,0.0,0.0,0.0,0.0,0.0,0.0,0.0,0.0,0.0,0.0,0.0,0.0,0.0,0.0,0.0,0.0,0.0,0.0,0.0,0.0,0.0,0.0,0.0,0.0,0.0,0.0,0.0,0.0,0.0,0.0,0.0,0.0,0.0,0.0,0.0,0.0,0.0,0.0,0.0,0.0,0.0,0.0,0.0,0.0,0.0,0.0,0.0,0.0,0.0,0.0,0.0,0.0,0.0,0.0,0.0,0.0,0.0,0.0,0.0,0.0,0.0,0.0,0.0,0.0,0.0,0.0,0.0,0.0,0.0,0.0,0.0,0.0,0.0,0.0,0.0,0.0,0.0,0.0,0.0,0.0,0.0,0.0,0.0,0.0,0.0,0.0,0.0,0.0,0.0,0.0,0.0,0.0,0.0,0.0,0.0,0.0,0.0,0.0,0.0,0.0,0.0,0.0,0.0,0.0,0.0,0.0,0.0,0.0,0.0,0.0,0.0,0.0,0.0,0.0,0.0,0.0,0.0,0.0,0.0,0.0,0.0,0.0,0.0,0.0,0.0,0.0,0.0,0.0,0.0,0.0,0.0,0.0,0.0,0.0,0.0,0.0,0.0,0.0,0.0,0.0,0.0,0.0,0.0,0.0,0.0,0.0,0.0,0.0,0.0,0.0,0.0,0.0,0.0,0.0,0.0,0.0,0.0,0.0,0.0,0.0,0.0,0.0,0.0,0.0,0.0,0.0,0.0,0.0,0.0,0.0,2.0,1.0,0.0,0.0,0.0,0.0,0.0,0.0,0.0,0.0,0.0,0.0,0.0,0.0,0.0,0.0,0.0,0.0,1.0,1.0,0.0,0.0,1.0,1.0,0,0,0,0,0,1,0,0,O=C(CCCCCCCCC(=O)OC1CCNCC1)OC1CCNCC1,murcko,train,0,0,0,0,1,0,0,0,0,0,0,0,0,0,1,0,0,0,0,0,0,0,0,0,0,0,0,0,1,0,0,0,0,1,0,0,1,0,0,1,0,0,0,0,0,0,0,0,0,0,0,0,0,0,0,0,0,0,0,1,0,0,0,0,0,0,1,0,0,0,0,0,0,0,0,0,0,0,0,0,1,0,0,0,0,0,0,0,0,0,0,0,0,0,0,0,0,0,0,0,0,0,1,0,0,0,1,1,0,0,0,0,0,0,0,0,0,0,0,1,0,1,0,0,0,1,0,0,0,0,0,0,0,0,0,0,0,0,1,0,0,0,0,0,0,0,0,0,0,0,0,1,0,0,0,0,0,0,1,0,0,0,0,0,0,0,0,1,0,0,1,1,0,0,0,0,0,0,0,0,0,0,0,1,0,0,0,0,0,0,0,0,0,0,0,0,0,0,0,0,0,0,0,0,0,0,0,0,0,0,0,0,0,0,0,0,0,0,0,0,0,0,0,0,0,0,0,0,0,0,0,0,0,0,0,0,0,0,0,0,0,0,0,1,0,0,0,0,0,0,1,1,0,0,0,0,0.3055563090210059,-0.4622137137074099,-0.04774263849428286,0.7677700227284158,0.4622137137074099,0.9982002375271782,-2.7169352233213604,12.396989047068839,0.004739989684756418,12.396989047068839,-0.05633326394889493,12.392249057384083,6.200864518376798,6.1961245286920414,0.08069560217595344,3.1028040670593975,0.0,46.30224436093368,12.841643245852019,64.20821622926012,0.0,0.0,0.0,79.28506102458032,9.473725907600098,9.589074368143644,0.0,221.38071203778082,221.69996513636983,27.36359655174942,25.16740226547319,16.46079808214948,14.33106898913368,31.07997922764024,12.148158942080254,8.7164425223503,210.0,0.0,0.3055563090210059,-0.4622137137074099,0.4622137137074099,0.3055563090210059,59.080000000000005,6.4964000000000075,147.00599999999986,0.0,3.8733333333333335
5224,CC(O)CN(CCCN(CCCN(C)C)CCCN(C)C)CC(C)O,0,5224,CC(O)CN(CCCN(CCCN(C)C)CCCN(C)C)CC(C)O,5224,CC(O)CN(CCCN(CCCN(C)C)CCCN(C)C)CC(C)O,CC(O)CN(CCCN(CCCN(C)C)CCCN(C)C)CC(C)O,CC(O)CN(CCCN(CCCN(C)C)CCCN(C)C)CC(C)O,CC(O)CN(CCCN(CCCN(C)C)CCCN(C)C)CC(C)O,5224.0,1.0,0.0,0.0,0.0,0.0,0.0,0.0,,360.5870000000001,0.6455000000000042,53.42,2.0,6.0,16.0,0.0,0.0,6.0,1.0,25.0,0.0,0.0,0.0,0.0,0.0,0.0,4.0,1.0,0.0,0.0,0.0,0.0,0.0,0.0,0.0,0.0,0.0,0.0,0.0,0.0,0.0,0.0,0.0,0.0,0.0,0.0,0.0,0.0,0.0,0.0,2.0,1.0,0.0,0.0,0.0,0.0,0.0,0.0,0.0,0.0,0.0,0.0,0.0,0.0,0.0,0.0,0.0,0.0,0.0,0.0,0.0,0.0,0.0,0.0,0.0,0.0,0.0,0.0,0.0,0.0,0.0,0.0,0.0,0.0,0.0,0.0,0.0,0.0,0.0,0.0,0.0,0.0,0.0,0.0,0.0,0.0,0.0,0.0,0.0,0.0,0.0,0.0,0.0,0.0,0.0,0.0,0.0,0.0,0.0,0.0,0.0,0.0,0.0,0.0,0.0,0.0,0.0,0.0,0.0,0.0,0.0,0.0,0.0,0.0,0.0,0.0,0.0,0.0,0.0,0.0,0.0,0.0,0.0,0.0,0.0,0.0,0.0,0.0,0.0,0.0,0.0,0.0,0.0,0.0,0.0,0.0,0.0,0.0,0.0,0.0,0.0,0.0,0.0,0.0,0.0,0.0,0.0,0.0,0.0,0.0,0.0,0.0,0.0,0.0,0.0,0.0,0.0,0.0,0.0,0.0,0.0,0.0,0.0,0.0,0.0,0.0,0.0,0.0,0.0,0.0,0.0,0.0,0.0,0.0,0.0,0.0,0.0,0.0,0.0,0.0,0.0,0.0,0.0,0.0,0.0,0.0,0.0,0.0,0.0,0.0,0.0,0.0,0.0,0.0,0.0,0.0,0.0,0.0,0.0,0.0,0.0,0.0,0.0,0.0,0.0,0.0,0.0,0.0,0.0,0.0,0.0,0.0,0.0,0.0,0.0,0.0,0.0,0.0,0.0,0.0,0.0,0.0,0.0,0.0,0.0,0.0,0.0,0.0,0.0,0.0,0.0,0.0,0.0,0.0,0.0,0.0,0.0,0.0,0.0,0.0,0.0,0.0,0.0,0.0,0.0,0.0,0.0,0.0,0.0,0.0,0.0,0.0,0.0,0.0,0.0,0.0,0.0,0.0,0.0,0.0,0.0,0.0,0.0,0.0,0.0,0.0,0.0,0.0,0.0,0.0,0.0,0.0,0,0,0,0,0,0,0,1,ACY_**(*)****(****(*)*)****(**(*)*)**(*)*,acyclic_anonymous_graph,train,0,1,0,0,0,0,0,0,1,0,0,0,0,0,0,0,0,0,0,0,0,0,1,0,0,0,0,1,0,0,0,0,0,1,0,0,0,0,0,1,0,0,0,0,0,1,0,0,0,0,0,0,0,0,0,0,0,0,0,0,0,0,0,0,0,0,0,0,1,0,0,0,0,0,0,0,0,0,0,0,1,0,0,0,0,0,0,0,0,0,0,0,0,0,0,0,0,0,0,0,0,0,0,0,0,0,0,0,0,0,0,0,0,1,0,0,0,0,0,1,0,0,0,0,0,0,0,0,0,0,0,0,0,0,0,0,0,0,0,1,1,0,0,0,0,1,0,0,1,0,0,0,0,0,0,0,0,0,0,1,0,0,0,0,0,0,0,0,0,0,0,0,0,0,0,0,0,0,1,0,0,1,0,0,0,0,0,0,0,0,0,0,0,0,0,0,0,0,0,0,0,0,0,0,0,0,0,0,0,0,0,0,0,0,0,0,0,0,0,0,0,1,0,0,0,0,0,1,0,0,0,0,0,0,0,0,0,0,0,0,0,0,0,0,0,0,0,0,0,0,0,1,0,0,0,0,0.06385646154973258,-0.39208503567263575,-0.08184391540184509,0.4559414972223683,0.39208503567263575,0.17590959586254148,-2.222007480908669,9.637431516664783,0.35181865596457973,9.637431516664783,-0.35181865596457995,9.285612860700203,4.994625086314682,4.6428064303501015,0.10769348399526024,2.6865517793041835,0.0,12.207932775496605,13.08951281182515,45.689360058401455,12.841643245852019,0.0,13.847474399381248,47.79032685411067,0.0,10.213054789681411,0.0,155.936011272174,155.67930493474856,19.242276208189782,17.616156704431024,11.701285058155639,9.806271408935837,24.76,14.8803514385031,16.954012576675282,152.0,0.0,0.06385646154973258,-0.39208503567263575,0.39208503567263575,0.06385646154973258,53.42,0.6455000000000042,107.20060000000008,0.0,3.6
10887,O=C1C=CCCCCCCCCCCCCC1,0,10887,O=C1C=CCCCCCCCCCCCCC1,10887,O=C1C=CCCCCCCCCCCCCC1,O=C1C=CCCCCCCCCCCCCC1,O=C1C=CCCCCCCCCCCCCC1,O=C1C=CCCCCCCCCCCCCC1,10887.0,1.0,0.0,0.0,0.0,0.0,0.0,0.0,O=C1C=CCCCCCCCCCCCCC1,236.39899999999992,5.196600000000005,17.07,0.0,1.0,0.0,1.0,0.0,1.0,0.8125,17.0,0.0,0.0,0.0,0.0,0.0,0.0,0.0,0.0,0.0,0.0,0.0,0.0,0.0,0.0,0.0,0.0,0.0,0.0,0.0,0.0,0.0,0.0,0.0,0.0,0.0,0.0,0.0,0.0,0.0,0.0,0.0,0.0,0.0,0.0,0.0,0.0,0.0,0.0,1.0,1.0,0.0,0.0,0.0,0.0,0.0,0.0,0.0,0.0,0.0,0.0,1.0,1.0,0.0,0.0,0.0,0.0,0.0,0.0,0.0,0.0,0.0,0.0,0.0,0.0,0.0,0.0,0.0,0.0,0.0,0.0,0.0,0.0,0.0,0.0,0.0,0.0,0.0,0.0,0.0,0.0,0.0,0.0,0.0,0.0,0.0,0.0,0.0,0.0,0.0,0.0,0.0,0.0,0.0,0.0,0.0,0.0,0.0,0.0,0.0,0.0,0.0,0.0,0.0,0.0,0.0,0.0,0.0,0.0,0.0,0.0,0.0,0.0,0.0,0.0,0.0,0.0,0.0,0.0,0.0,0.0,0.0,0.0,0.0,0.0,0.0,0.0,0.0,0.0,0.0,0.0,0.0,0.0,0.0,0.0,0.0,0.0,0.0,0.0,0.0,0.0,0.0,0.0,0.0,0.0,0.0,0.0,0.0,0.0,0.0,0.0,0.0,0.0,0.0,0.0,0.0,0.0,0.0,0.0,0.0,0.0,0.0,0.0,0.0,0.0,0.0,0.0,0.0,0.0,1.0,1.0,0.0,0.0,0.0,0.0,0.0,0.0,0.0,0.0,0.0,0.0,0.0,0.0,0.0,0.0,0.0,0.0,0.0,0.0,0.0,0.0,0.0,0.0,0.0,0.0,0.0,0.0,0.0,0.0,0.0,0.0,0.0,0.0,0.0,0.0,0.0,0.0,0.0,0.0,0.0,0.0,0.0,0.0,0.0,0.0,0.0,0.0,0.0,0.0,0.0,0.0,0.0,0.0,0.0,0.0,0.0,0.0,0.0,0.0,0.0,0.0,0.0,0.0,0.0,0.0,0.0,0.0,0.0,0.0,0.0,0.0,0.0,0.0,0.0,0.0,0.0,0.0,0.0,0.0,0.0,0.0,0.0,0.0,0.0,0.0,0.0,0.0,1.0,1.0,1.0,1.0,0.0,0.0,0,0,0,0,1,0,0,0,O=C1C=CCCCCCCCCCCCCC1,murcko,train,0,0,1,0,1,1,0,0,0,0,0,0,0,0,0,0,0,0,0,0,0,0,0,0,0,0,0,0,0,0,0,0,0,0,0,1,0,0,0,1,0,0,0,0,0,0,0,0,0,0,0,0,0,0,1,0,0,0,1,0,0,0,0,0,0,1,0,0,0,0,0,0,0,0,0,0,0,0,0,0,0,1,0,0,0,0,0,0,0,0,0,0,0,0,0,0,0,0,0,0,1,0,0,0,1,0,0,0,0,0,0,0,0,0,1,0,0,0,0,0,0,0,0,1,0,0,0,0,0,0,1,0,0,0,0,0,0,0,1,0,0,0,0,0,0,0,0,0,0,0,0,0,0,0,0,0,0,0,1,0,0,0,0,0,0,0,0,0,0,0,0,0,0,0,0,0,0,0,0,0,0,0,0,0,0,1,0,0,0,0,0,0,0,0,0,0,0,0,0,0,0,0,1,0,0,0,0,0,0,0,0,0,0,0,0,0,0,0,0,0,0,0,0,0,0,0,0,0,0,0,0,0,0,0,0,0,0,0,0,0,0,0,1,0,0,0,0,0,0,0,0,0,0,0,0,0,0.15487071318277085,-0.2948778220538308,-0.04960740196564569,0.44974853523660163,0.2948778220538308,0.1650423641878442,-1.008368197603821,11.488972820609725,0.3306427416645672,11.488972820609725,0.3306427416645672,11.158330078945157,5.909807781137146,5.579165039472579,0.08961914488323992,3.130022840594337,0.0,0.0,5.783244946364939,19.26246486877803,64.20821622926012,0.0,6.076020106833881,6.076020106833881,0.0,4.794537184071822,0.0,106.67947065810898,106.20050344214268,12.183951986987843,11.255336984268236,8.393846850117352,7.587934294217215,14.470938452163317,10.556818577266657,9.14245122779629,98.0,0.0,0.15487071318277085,-0.2948778220538308,0.2948778220538308,0.15487071318277085,17.07,5.196600000000005,74.16800000000006,0.8999999999999999,0.325
4385,CC(C=O)=Cc1ccccc1,0,4385,CC(C=O)=Cc1ccccc1,4385,CC(C=O)=Cc1ccccc1,CC(C=O)=Cc1ccccc1,CC(C=O)=Cc1ccccc1,CC(C=O)=Cc1ccccc1,4385.0,1.0,0.0,0.0,0.0,0.0,0.0,0.0,c1ccccc1,146.189,2.2888,17.07,0.0,1.0,2.0,1.0,1.0,1.0,0.1,11.0,0.0,0.0,0.0,0.0,0.0,0.0,0.0,0.0,0.0,0.0,0.0,0.0,0.0,0.0,0.0,0.0,0.0,0.0,0.0,0.0,0.0,0.0,0.0,0.0,0.0,0.0,0.0,0.0,0.0,0.0,0.0,0.0,0.0,0.0,0.0,0.0,1.0,1.0,0.0,0.0,0.0,0.0,0.0,0.0,0.0,0.0,0.0,0.0,0.0,0.0,1.0,1.0,0.0,0.0,1.0,1.0,6.0,1.0,0.0,0.0,0.0,0.0,0.0,0.0,0.0,0.0,0.0,0.0,0.0,0.0,0.0,0.0,0.0,0.0,0.0,0.0,0.0,0.0,0.0,0.0,0.0,0.0,0.0,0.0,0.0,0.0,0.0,0.0,0.0,0.0,0.0,0.0,0.0,0.0,0.0,0.0,0.0,0.0,0.0,0.0,0.0,0.0,0.0,0.0,0.0,0.0,0.0,0.0,0.0,0.0,0.0,0.0,0.0,0.0,0.0,0.0,0.0,0.0,0.0,0.0,0.0,0.0,0.0,0.0,0.0,0.0,0.0,0.0,0.0,0.0,0.0,0.0,0.0,0.0,0.0,0.0,0.0,0.0,0.0,0.0,0.0,0.0,0.0,0.0,0.0,0.0,0.0,0.0,0.0,0.0,0.0,0.0,0.0,0.0,0.0,0.0,0.0,0.0,0.0,0.0,0.0,0.0,0.0,0.0,0.0,0.0,0.0,0.0,1.0,1.0,0.0,0.0,0.0,0.0,0.0,0.0,0.0,0.0,0.0,0.0,0.0,0.0,0.0,0.0,0.0,0.0,0.0,0.0,0.0,0.0,1.0,1.0,0.0,0.0,0.0,0.0,0.0,0.0,0.0,0.0,0.0,0.0,0.0,0.0,0.0,0.0,0.0,0.0,0.0,0.0,0.0,0.0,0.0,0.0,0.0,0.0,0.0,0.0,0.0,0.0,0.0,0.0,0.0,0.0,0.0,0.0,0.0,0.0,0.0,0.0,0.0,0.0,0.0,0.0,0.0,0.0,0.0,0.0,0.0,0.0,0.0,0.0,0.0,0.0,0.0,0.0,0.0,0.0,0.0,0.0,0.0,0.0,0.0,0.0,0.0,0.0,1.0,2.0,1.0,2.0,0.0,0.0,0,0,0,0,1,0,0,0,c1ccccc1,murcko,train,0,0,0,0,0,0,0,0,0,0,0,0,0,0,0,0,0,0,0,0,0,0,0,0,0,0,0,0,0,0,0,1,0,1,0,0,0,0,0,1,0,0,0,0,0,0,0,0,0,0,0,0,0,0,0,0,0,0,0,0,0,0,0,0,1,0,0,0,0,0,0,0,0,1,0,0,0,0,0,0,0,1,0,0,0,0,0,0,0,0,0,0,0,0,0,0,0,0,0,0,1,0,0,0,0,0,0,0,0,0,0,0,0,0,0,0,0,0,0,0,1,0,0,1,0,0,0,0,0,0,0,0,0,1,0,0,0,0,1,0,0,0,0,0,0,0,0,0,0,0,0,0,0,0,0,0,0,0,0,0,0,0,0,0,0,1,0,0,0,0,0,0,0,0,0,1,0,0,0,0,0,0,1,0,0,0,0,1,0,0,0,0,0,0,0,0,0,0,0,0,0,0,0,0,0,0,1,0,0,0,1,0,0,0,1,0,0,0,0,0,0,0,0,0,0,0,0,0,0,0,0,0,0,0,0,0,1,0,0,0,0,1,0,0,0,0,0,0,0,1,0,0,0,0,0,0,0.14526027118486817,-0.29826785811191964,-0.051799511909565936,0.4435281292967878,0.29826785811191964,0.14526027118486817,-0.7150549021900934,10.240910336356764,0.7464814814814815,10.240910336356764,0.7464814814814815,9.494428854875283,5.493695908919123,4.747214427437641,0.10532492425666144,3.178779387469659,0.0,0.0,0.0,17.422716544895817,0.0,6.923737199690624,36.407855449141934,0.0,0.0,4.794537184071822,0.0,66.3630906449429,65.5488463778002,8.104448006685086,6.4497001747912455,5.325698502695489,3.512411266702914,7.733842159916925,3.7145006798174434,2.3781056866075,56.0,0.0,0.14526027118486817,-0.29826785811191964,0.29826785811191964,0.14526027118486817,17.07,2.2888,46.157000000000025,1.1,0.44000000000000006
6294,C=CC(=O)OCCOC,1,6294,C=CC(=O)OCCOC,6294,C=CC(=O)OCCOC,C=CC(=O)OCCOC,C=CC(=O)OCCOC,C=CC(=O)OCCOC,6294.0,1.0,0.0,0.0,0.0,0.0,0.0,0.0,,130.14299999999997,0.3619999999999999,35.53,0.0,3.0,4.0,0.0,0.0,3.0,0.5,9.0,0.0,0.0,0.0,0.0,0.0,0.0,0.0,0.0,0.0,0.0,0.0,0.0,0.0,0.0,0.0,0.0,0.0,0.0,0.0,0.0,0.0,0.0,0.0,0.0,0.0,0.0,0.0,0.0,0.0,0.0,0.0,0.0,0.0,0.0,2.0,1.0,0.0,0.0,0.0,0.0,0.0,0.0,0.0,0.0,1.0,1.0,0.0,0.0,0.0,0.0,1.0,1.0,0.0,0.0,0.0,0.0,0.0,0.0,0.0,0.0,0.0,0.0,0.0,0.0,0.0,0.0,0.0,0.0,0.0,0.0,0.0,0.0,0.0,0.0,0.0,0.0,0.0,0.0,0.0,0.0,0.0,0.0,0.0,0.0,0.0,0.0,0.0,0.0,0.0,0.0,0.0,0.0,0.0,0.0,0.0,0.0,0.0,0.0,0.0,0.0,0.0,0.0,0.0,0.0,0.0,0.0,0.0,0.0,0.0,0.0,0.0,0.0,0.0,0.0,0.0,0.0,0.0,0.0,0.0,0.0,0.0,0.0,0.0,0.0,0.0,0.0,0.0,0.0,0.0,0.0,0.0,0.0,0.0,0.0,0.0,0.0,0.0,0.0,0.0,0.0,0.0,0.0,0.0,0.0,0.0,0.0,0.0,0.0,0.0,0.0,0.0,0.0,0.0,0.0,0.0,0.0,0.0,0.0,0.0,0.0,0.0,0.0,0.0,0.0,0.0,0.0,0.0,0.0,1.0,1.0,0.0,0.0,0.0,0.0,0.0,0.0,0.0,0.0,0.0,0.0,0.0,0.0,0.0,0.0,0.0,0.0,0.0,0.0,0.0,0.0,0.0,0.0,0.0,0.0,0.0,0.0,0.0,0.0,0.0,0.0,0.0,0.0,0.0,0.0,0.0,0.0,0.0,0.0,0.0,0.0,0.0,0.0,0.0,0.0,0.0,0.0,0.0,0.0,0.0,0.0,0.0,0.0,0.0,0.0,0.0,0.0,0.0,0.0,0.0,0.0,0.0,0.0,0.0,0.0,0.0,0.0,0.0,0.0,0.0,0.0,0.0,0.0,0.0,0.0,0.0,0.0,0.0,0.0,0.0,0.0,0.0,0.0,0.0,0.0,0.0,0.0,1.0,1.0,1.0,1.0,0.0,0.0,0,0,0,0,1,0,1,0,ACY_******(*)**,acyclic_anonymous_graph,train,0,0,0,0,0,0,0,0,0,0,1,0,0,1,0,0,0,0,0,0,0,0,0,0,0,0,0,0,0,0,0,0,0,1,0,0,0,0,0,1,0,0,0,0,0,0,0,0,0,1,0,0,0,0,0,0,0,0,0,0,0,0,0,0,0,0,0,0,0,0,0,0,0,1,0,0,0,0,0,0,1,0,0,0,0,0,1,0,0,0,0,0,0,0,0,0,0,0,0,0,0,0,0,0,0,0,0,0,0,1,0,0,0,0,0,0,0,0,0,0,0,0,0,0,0,1,0,0,0,0,0,0,0,0,0,0,0,0,1,0,0,0,0,0,0,0,0,1,0,0,0,0,0,0,0,0,0,0,0,0,0,0,0,0,0,0,0,0,0,0,0,0,0,0,0,0,0,0,0,0,0,0,1,1,0,0,0,0,0,0,0,1,0,0,0,0,0,0,0,0,0,0,0,0,0,0,0,0,1,0,0,0,0,0,0,0,0,0,0,1,0,0,0,0,0,0,0,0,0,0,1,0,0,0,0,0,0,1,0,0,0,0,0,0,1,0,0,0,0,0,0,0,0,0,0,0,0.3297223408336204,-0.4600912452358608,-0.0670250432912674,0.7898135860694813,0.4600912452358608,0.5768118146878143,-1.1800372043092207,10.290790816326531,0.29300925925925925,10.290790816326531,-0.4101388888888884,9.997781557067272,5.291900037792895,4.998890778533636,0.10002218935190837,2.8010419961813144,5.969305287951849,0.0,13.213763929025836,6.076020106833881,0.0,7.109797541277533,0.0,16.052661591198596,0.0,4.794537184071822,0.0,54.26297112668585,53.21608564035951,7.112884175122364,5.4234154841408575,4.308060412490447,2.590770275176028,8.17,5.309470013947001,5.034193606854939,52.0,0.0,0.3297223408336204,-0.4600912452358608,0.4600912452358608,0.3297223408336204,35.53,0.3619999999999999,33.03199999999999,0.8999999999999999,1.4000000000000001
3648,Clc1cc2c3nc4nc(nc5[nH]c(nc6nc(nc([nH]3)c2c(Cl)c1Cl)-c1c(Cl)c(Cl)c(Cl)c(Cl)c1-6)c1c(Cl)c(Cl)c(Cl)c(Cl)c51)-c1c(Cl)c(Cl)c(Cl)c(Cl)c1-4,0,3648,Clc1cc2c3nc4nc(nc5[nH]c(nc6nc(nc([nH]3)c2c(Cl)c1Cl)-c1c(Cl)c(Cl)c(Cl)c(Cl)c1-6)c1c(Cl)c(Cl)c(Cl)c(Cl)c51)-c1c(Cl)c(Cl)c(Cl)c(Cl)c1-4,3648,Clc1cc2c3nc4nc(nc5[nH]c(nc6nc(nc([nH]3)c2c(Cl)c1Cl)-c1c(Cl)c(Cl)c(Cl)c(Cl)c1-6)c1c(Cl)c(Cl)c(Cl)c(Cl)c51)-c1c(Cl)c(Cl)c(Cl)c(Cl)c1-4,Clc1cc2c3nc4nc(nc5[nH]c(nc6nc(nc([nH]3)c2c(Cl)c1Cl)-c1c(Cl)c(Cl)c(Cl)c(Cl)c1-6)c1c(Cl)c(Cl)c(Cl)c(Cl)c51)-c1c(Cl)c(Cl)c(Cl)c(Cl)c1-4,Clc1cc2c3nc4nc(nc5[nH]c(nc6nc(nc([nH]3)c2c(Cl)c1Cl)-c1c(Cl)c(Cl)c(Cl)c(Cl)c1-6)c1c(Cl)c(Cl)c(Cl)c(Cl)c51)-c1c(Cl)c(Cl)c(Cl)c(Cl)c1-4,Clc1cc2c3nc4nc(nc5[nH]c(nc6nc(nc([nH]3)c2c(Cl)c1Cl)-c1c(Cl)c(Cl)c(Cl)c(Cl)c1-6)c1c(Cl)c(Cl)c(Cl)c(Cl)c51)-c1c(Cl)c(Cl)c(Cl)c(Cl)c1-4,3648.0,1.0,0.0,0.0,0.0,0.0,0.0,0.0,c1ccc2c(c1)-c1nc-2nc2[nH]c(nc3nc(nc4[nH]c(n1)c1ccccc41)-c1ccccc1-3)c1ccccc21,1031.2269999999996,16.670200000000005,108.92,2.0,6.0,0.0,9.0,7.0,23.0,0.0,55.0,0.0,0.0,0.0,0.0,0.0,0.0,0.0,0.0,0.0,0.0,0.0,0.0,0.0,0.0,0.0,0.0,0.0,0.0,0.0,0.0,0.0,0.0,0.0,0.0,0.0,0.0,0.0,0.0,0.0,0.0,0.0,0.0,0.0,0.0,0.0,0.0,0.0,0.0,0.0,0.0,0.0,0.0,0.0,0.0,0.0,0.0,0.0,0.0,0.0,0.0,0.0,0.0,0.0,0.0,4.0,1.0,144.0,1.0,20.0,1.0,0.0,0.0,15.0,1.0,0.0,0.0,15.0,1.0,0.0,0.0,0.0,0.0,0.0,0.0,0.0,0.0,0.0,0.0,0.0,0.0,0.0,0.0,0.0,0.0,0.0,0.0,0.0,0.0,0.0,0.0,0.0,0.0,0.0,0.0,0.0,0.0,0.0,0.0,0.0,0.0,0.0,0.0,0.0,0.0,0.0,0.0,0.0,0.0,0.0,0.0,0.0,0.0,0.0,0.0,0.0,0.0,0.0,0.0,0.0,0.0,0.0,0.0,0.0,0.0,0.0,0.0,0.0,0.0,0.0,0.0,0.0,0.0,0.0,0.0,0.0,0.0,0.0,0.0,0.0,0.0,0.0,0.0,0.0,0.0,0.0,0.0,0.0,0.0,0.0,0.0,0.0,0.0,0.0,0.0,0.0,0.0,0.0,0.0,0.0,0.0,0.0,0.0,0.0,0.0,0.0,0.0,0.0,0.0,0.0,0.0,0.0,0.0,0.0,0.0,0.0,0.0,0.0,0.0,0.0,0.0,0.0,0.0,0.0,0.0,0.0,0.0,0.0,0.0,0.0,0.0,0.0,0.0,0.0,0.0,0.0,0.0,4.0,1.0,0.0,0.0,0.0,0.0,0.0,0.0,15.0,1.0,0.0,0.0,0.0,0.0,0.0,0.0,0.0,0.0,0.0,0.0,0.0,0.0,0.0,0.0,0.0,0.0,0.0,0.0,0.0,0.0,0.0,0.0,0.0,0.0,0.0,0.0,0.0,0.0,0.0,0.0,0.0,0.0,0.0,0.0,0.0,0.0,0.0,0.0,0.0,0.0,0.0,0.0,0.0,0.0,0.0,0.0,0.0,0.0,0.0,0.0,1.0,2.0,1.0,1.0,1.0,1.0,0,0,0,0,0,0,0,0,c1ccc2c(c1)-c1nc-2nc2[nH]c(nc3nc(nc4[nH]c(n1)c1ccccc41)-c1ccccc1-3)c1ccccc21,murcko,train,0,0,0,0,0,0,0,0,0,0,0,0,1,0,0,0,0,0,0,0,0,0,1,0,1,0,0,0,0,0,0,0,0,0,1,0,0,0,0,0,0,0,0,0,0,0,0,0,0,1,0,0,0,0,0,0,0,0,0,0,0,0,1,1,0,0,0,0,0,0,0,0,0,0,0,0,1,1,0,0,0,1,0,0,0,1,0,0,0,0,1,0,0,0,1,0,0,0,0,0,1,0,0,0,0,1,0,1,0,0,1,0,0,0,0,0,0,0,0,0,0,0,1,0,0,0,0,0,1,0,0,0,0,0,0,0,0,0,0,0,0,0,0,0,0,0,0,1,0,0,0,1,0,0,0,0,0,0,0,0,0,0,0,0,0,0,0,1,0,0,0,0,0,1,0,0,0,0,0,0,0,0,0,0,0,0,0,0,0,1,0,0,1,0,0,0,0,0,0,0,0,0,0,0,0,0,0,0,0,1,1,1,0,0,0,0,0,0,0,0,0,0,0,0,0,0,0,0,0,0,0,1,0,0,0,0,0,0,0,0,0,0,0,1,0,0,0,0,0,0,0,0,0,0,0,0,0.16587038519650155,-0.3237105877315508,-0.007345759791413655,0.48958097292805236,0.3237105877315508,2.7521645133582804,-3.1561813018860314,6.840360370621636,0.009623442156510675,6.840360370621636,-0.06972674799468304,6.830736928465125,3.4249919063890735,3.4153684642325626,0.14639708869957918,1.7173212322007154,0.0,159.63830519137287,5.386224214464796,0.0,6.06636706846161,0.0,0.0,9.967957041894417,203.917969479171,0.0,0.0,380.62968996189767,384.9768229953646,39.26181937555732,25.43009893732779,26.008723266193915,14.595365389758584,39.07236420677663,13.833262247520423,5.632091933782715,276.0,0.0,0.16587038519650155,-0.3237105877315508,0.3237105877315508,0.16587038519650155,108.91999999999999,16.670200000000005,231.20340000000004,0.2,0.0
9905,FC1(F)COC1(F)F,1,9905,FC1(F)COC1(F)F,9905,FC1(F)COC1(F)F,FC1(F)COC1(F)F,FC1(F)COC1(F)F,FC1(F)COC1(F)F,9905.0,1.0,0.0,0.0,0.0,0.0,0.0,0.0,C1COC1,130.04,1.2447,9.23,0.0,1.0,0.0,1.0,0.0,5.0,1.0,8.0,0.0,0.0,0.0,0.0,0.0,0.0,0.0,0.0,0.0,0.0,0.0,0.0,0.0,0.0,0.0,0.0,0.0,0.0,0.0,0.0,0.0,0.0,0.0,0.0,0.0,0.0,0.0,0.0,0.0,0.0,0.0,0.0,0.0,0.0,1.0,1.0,0.0,0.0,0.0,0.0,0.0,0.0,0.0,0.0,0.0,0.0,0.0,0.0,0.0,0.0,0.0,0.0,0.0,0.0,0.0,0.0,0.0,0.0,0.0,0.0,0.0,0.0,4.0,1.0,4.0,1.0,0.0,0.0,0.0,0.0,0.0,0.0,0.0,0.0,0.0,0.0,0.0,0.0,0.0,0.0,0.0,0.0,0.0,0.0,0.0,0.0,0.0,0.0,0.0,0.0,0.0,0.0,0.0,0.0,0.0,0.0,0.0,0.0,0.0,0.0,0.0,0.0,0.0,0.0,0.0,0.0,0.0,0.0,0.0,0.0,0.0,0.0,0.0,0.0,0.0,0.0,0.0,0.0,0.0,0.0,0.0,0.0,0.0,0.0,0.0,0.0,0.0,0.0,0.0,0.0,0.0,0.0,0.0,0.0,0.0,0.0,0.0,0.0,0.0,0.0,4.0,1.0,0.0,0.0,0.0,0.0,0.0,0.0,0.0,0.0,0.0,0.0,0.0,0.0,0.0,0.0,0.0,0.0,0.0,0.0,0.0,0.0,0.0,0.0,0.0,0.0,0.0,0.0,0.0,0.0,0.0,0.0,0.0,0.0,0.0,0.0,0.0,0.0,0.0,0.0,0.0,0.0,0.0,0.0,0.0,0.0,0.0,0.0,0.0,0.0,0.0,0.0,0.0,0.0,0.0,0.0,0.0,0.0,0.0,0.0,0.0,0.0,2.0,1.0,0.0,0.0,0.0,0.0,0.0,0.0,0.0,0.0,0.0,0.0,0.0,0.0,0.0,0.0,0.0,0.0,0.0,0.0,0.0,0.0,0.0,0.0,0.0,0.0,0.0,0.0,0.0,0.0,0.0,0.0,0.0,0.0,0.0,0.0,0.0,0.0,0.0,0.0,0.0,0.0,0.0,0.0,0.0,0.0,0.0,0.0,0.0,0.0,0.0,0.0,0.0,0.0,1.0,2.0,1.0,1.0,1.0,1.0,0,0,0,0,0,0,0,0,C1COC1,murcko,train,0,0,0,0,0,0,0,0,0,0,0,0,0,0,0,0,0,0,0,0,0,0,0,0,0,0,0,0,0,0,0,0,0,0,0,0,1,0,0,0,0,0,0,0,0,0,0,0,0,0,0,0,0,0,0,0,0,0,0,0,0,0,0,0,0,0,0,0,0,0,0,0,0,0,0,0,0,0,0,0,1,0,0,0,0,0,0,0,0,0,0,0,0,0,0,0,0,0,0,0,0,0,0,0,0,0,0,0,0,0,0,0,0,0,0,0,0,0,0,0,0,0,0,0,0,0,0,0,0,0,0,0,0,0,0,0,1,1,0,0,0,0,0,0,1,0,0,0,0,0,0,0,0,0,0,0,0,0,1,0,0,0,0,0,0,0,0,0,0,0,0,0,0,0,0,0,0,0,0,0,0,0,0,0,0,0,1,0,0,0,0,0,0,0,0,0,1,0,0,0,1,0,0,0,0,0,0,0,0,0,0,0,0,0,0,0,0,0,0,0,0,0,0,0,0,0,0,0,0,0,0,0,0,0,0,0,0,0,1,0,0,0,0,0,0,0,0,0,0,1,0,1,0,0,0,0,0.42154073806497216,-0.3089076299562435,-0.015920933691976395,0.7304483680212157,0.42154073806497216,0.9070271637452475,-1.0343946332810587,11.440972222222221,1.166666666666667,11.440972222222221,-4.215277777777778,10.274305555555554,6.303819444444445,5.137152777777777,0.09733017911456575,3.867720243794827,18.63800064228898,0.0,0.0,0.0,0.0,0.0,0.0,4.736862953800049,0.0,17.56166019069928,0.0,42.23899094430535,40.93652378678831,6.414213562373095,3.6272129636873194,3.4571067811865475,1.8522816164384728,5.810208333333333,1.1515980985602408,0.5059969804248229,48.0,0.0,0.42154073806497216,-0.3089076299562435,0.42154073806497216,0.3089076299562435,9.23,1.2447000000000001,15.846000000000002,0.2,0.4
5278,c1ccc(N(CC2CO2)CC2CO2)cc1,1,5278,c1ccc(N(CC2CO2)CC2CO2)cc1,5278,c1ccc(N(CC2CO2)CC2CO2)cc1,c1ccc(N(CC2CO2)CC2CO2)cc1,c1ccc(N(CC2CO2)CC2CO2)cc1,c1ccc(N(CC2CO2)CC2CO2)cc1,5278.0,1.0,0.0,0.0,0.0,0.0,0.0,0.0,c1ccc(N(CC2CO2)CC2CO2)cc1,205.257,1.2906,28.3,0.0,3.0,5.0,3.0,1.0,3.0,0.5,15.0,0.0,0.0,0.0,0.0,0.0,0.0,0.0,0.0,0.0,0.0,0.0,0.0,0.0,0.0,0.0,0.0,1.0,1.0,0.0,0.0,0.0,0.0,0.0,0.0,0.0,0.0,0.0,0.0,0.0,0.0,0.0,0.0,0.0,0.0,2.0,1.0,0.0,0.0,0.0,0.0,0.0,0.0,0.0,0.0,0.0,0.0,0.0,0.0,0.0,0.0,0.0,0.0,0.0,0.0,1.0,1.0,6.0,1.0,0.0,0.0,2.0,1.0,0.0,0.0,0.0,0.0,0.0,0.0,0.0,0.0,0.0,0.0,0.0,0.0,0.0,0.0,0.0,0.0,0.0,0.0,0.0,0.0,0.0,0.0,0.0,0.0,0.0,0.0,0.0,0.0,0.0,0.0,0.0,0.0,0.0,0.0,0.0,0.0,0.0,0.0,0.0,0.0,0.0,0.0,0.0,0.0,0.0,0.0,0.0,0.0,0.0,0.0,0.0,0.0,0.0,0.0,0.0,0.0,0.0,0.0,0.0,0.0,1.0,1.0,0.0,0.0,0.0,0.0,0.0,0.0,0.0,0.0,0.0,0.0,0.0,0.0,0.0,0.0,0.0,0.0,0.0,0.0,0.0,0.0,0.0,0.0,0.0,0.0,0.0,0.0,2.0,1.0,0.0,0.0,0.0,0.0,0.0,0.0,0.0,0.0,0.0,0.0,0.0,0.0,0.0,0.0,0.0,0.0,0.0,0.0,0.0,0.0,0.0,0.0,0.0,0.0,0.0,0.0,0.0,0.0,0.0,0.0,0.0,0.0,0.0,0.0,0.0,0.0,0.0,0.0,0.0,0.0,0.0,0.0,0.0,0.0,0.0,0.0,0.0,0.0,0.0,0.0,0.0,0.0,0.0,0.0,0.0,0.0,0.0,0.0,0.0,0.0,0.0,0.0,0.0,0.0,0.0,0.0,0.0,0.0,0.0,0.0,0.0,0.0,0.0,0.0,0.0,0.0,0.0,0.0,0.0,0.0,0.0,0.0,0.0,0.0,0.0,0.0,0.0,0.0,0.0,0.0,0.0,0.0,0.0,0.0,0.0,0.0,0.0,0.0,0.0,0.0,0.0,0.0,0.0,0.0,1.0,2.0,1.0,2.0,0.0,0.0,0,0,1,1,0,0,0,0,c1ccc(N(CC2CO2)CC2CO2)cc1,murcko,train,0,0,0,0,0,0,0,0,0,0,0,0,0,0,0,0,0,0,0,0,0,0,0,0,0,0,0,0,0,0,0,0,1,0,1,0,0,0,0,0,0,0,0,0,0,0,0,0,0,0,0,0,0,1,0,0,0,0,0,0,0,0,0,0,1,0,1,0,0,0,0,0,1,0,0,0,0,0,0,0,1,1,0,0,0,0,0,0,0,0,0,0,0,0,0,0,0,0,0,0,1,0,0,0,0,0,0,0,0,0,0,1,0,1,0,0,0,0,1,0,0,0,0,0,0,0,0,0,0,0,0,1,0,1,0,0,0,0,0,0,0,0,0,0,1,0,1,0,0,0,0,1,0,0,0,0,0,0,1,0,0,0,0,0,0,0,0,0,0,0,0,0,0,0,0,1,0,0,0,0,0,0,0,0,0,0,0,0,0,0,0,0,0,0,0,0,0,0,0,0,0,0,0,0,0,0,0,0,0,0,0,0,0,0,1,0,0,0,0,0,0,0,0,0,0,0,0,0,0,0,0,0,0,0,0,0,0,0,0,0,0,0,0,1,0,0,0,0,0,0,0,1,0,0,0,0,0.09837762963186385,-0.3712012676904248,-0.05944809754194003,0.46957889732228864,0.3712012676904248,0.4768662726354841,-1.3685877357645846,5.279969057067271,0.4342186318972031,5.279969057067271,0.4342186318972031,4.845750425170068,2.8570938444822374,2.422875212585034,0.2063663854427467,1.6845657576126203,0.0,0.0,12.207932775496605,26.303276740850986,5.687386274683562,0.0,6.06636706846161,29.16537800469692,9.473725907600098,0.0,0.0,89.59631762803528,88.90406677178979,10.087575669810528,8.633589185501256,7.415816237971964,5.4484938841427235,9.18659757654567,3.8323898691134923,2.4898662708704573,80.0,0.0,0.09837762963186385,-0.3712012676904248,0.3712012676904248,0.09837762963186385,28.299999999999997,1.2906,58.13500000000004,1.5,1.2
7592,Cc1ccc2nc(-c3ccc(N=NC4C(=O)NC(=NC#N)NC4=O)cc3)sc2c1S(=O)(=O)O,1,7592,Cc1ccc2nc(-c3ccc(N=NC4C(=O)NC(=NC#N)NC4=O)cc3)sc2c1S(=O)(=O)O,7592,Cc1ccc2nc(-c3ccc(N=NC4C(=O)NC(=NC#N)NC4=O)cc3)sc2c1S(=O)(=O)O,Cc1ccc2nc(-c3ccc(N=NC4C(=O)NC(=NC#N)NC4=O)cc3)sc2c1S(=O)(=O)O,Cc1ccc2nc(-c3ccc(N=NC4C(=O)NC(=NC#N)NC4=O)cc3)sc2c1S(=O)(=O)O,Cc1ccc2nc(-c3ccc(N=NC4C(=O)NC(=NC#N)NC4=O)cc3)sc2c1S(=O)(=O)O,7592.0,1.0,0.0,0.0,0.0,0.0,0.0,0.0,N=C1NC(=O)C(N=Nc2ccc(-c3nc4ccccc4s3)cc2)C(=O)N1,483.4910000000002,2.0538,186.33,3.0,10.0,4.0,4.0,3.0,14.0,0.1052631578947368,33.0,0.0,0.0,0.0,0.0,0.0,0.0,0.0,0.0,0.0,0.0,2.0,1.0,0.0,0.0,0.0,0.0,0.0,0.0,0.0,0.0,1.0,1.0,1.0,1.0,0.0,0.0,1.0,1.0,1.0,1.0,0.0,0.0,0.0,0.0,0.0,0.0,0.0,0.0,0.0,0.0,0.0,0.0,0.0,0.0,0.0,0.0,0.0,0.0,0.0,0.0,0.0,0.0,0.0,0.0,2.0,1.0,37.0,1.0,2.0,1.0,0.0,0.0,0.0,0.0,0.0,0.0,0.0,0.0,0.0,0.0,0.0,0.0,0.0,0.0,0.0,0.0,1.0,1.0,0.0,0.0,1.0,1.0,0.0,0.0,0.0,0.0,0.0,0.0,0.0,0.0,0.0,0.0,0.0,0.0,0.0,0.0,0.0,0.0,0.0,0.0,0.0,0.0,0.0,0.0,0.0,0.0,0.0,0.0,0.0,0.0,0.0,0.0,0.0,0.0,0.0,0.0,0.0,0.0,0.0,0.0,0.0,0.0,0.0,0.0,0.0,0.0,1.0,1.0,0.0,0.0,0.0,0.0,1.0,1.0,0.0,0.0,0.0,0.0,0.0,0.0,0.0,0.0,0.0,0.0,0.0,0.0,0.0,0.0,0.0,0.0,0.0,0.0,0.0,0.0,0.0,0.0,0.0,0.0,0.0,0.0,0.0,0.0,0.0,0.0,0.0,0.0,0.0,0.0,0.0,0.0,0.0,0.0,0.0,0.0,0.0,0.0,0.0,0.0,0.0,0.0,0.0,0.0,0.0,0.0,0.0,0.0,0.0,0.0,0.0,0.0,0.0,0.0,0.0,0.0,0.0,0.0,0.0,0.0,0.0,0.0,0.0,0.0,0.0,0.0,0.0,0.0,0.0,0.0,0.0,0.0,0.0,0.0,0.0,0.0,0.0,0.0,0.0,0.0,0.0,0.0,0.0,0.0,0.0,0.0,0.0,0.0,0.0,0.0,0.0,0.0,0.0,0.0,0.0,0.0,0.0,0.0,0.0,0.0,0.0,0.0,0.0,0.0,0.0,0.0,0.0,0.0,0.0,0.0,0.0,0.0,0.0,0.0,0.0,0.0,0.0,0.0,1.0,2.0,1.0,2.0,0.0,0.0,0,0,0,0,0,0,0,0,N=C1NC(=O)C(N=Nc2ccc(-c3nc4ccccc4s3)cc2)C(=O)N1,murcko,train,0,0,0,0,0,0,0,0,0,0,1,0,0,0,0,0,0,0,0,0,0,0,1,0,0,0,0,0,0,0,0,0,0,1,0,1,1,0,0,1,0,0,0,0,0,0,0,1,0,0,0,0,0,0,0,0,0,0,1,0,0,0,1,1,0,0,0,0,0,0,0,0,0,1,0,0,0,1,0,0,1,1,0,1,0,0,0,0,0,1,1,0,0,0,1,0,0,0,0,0,1,0,0,0,1,0,0,0,0,0,0,1,0,1,1,0,0,1,0,0,0,0,1,0,0,0,0,0,1,0,0,1,1,0,0,0,1,0,1,0,0,0,1,0,0,0,0,0,0,0,0,0,1,0,0,1,0,1,0,0,0,0,1,1,0,0,0,0,0,0,0,0,0,0,0,0,0,0,0,1,0,0,0,0,0,0,1,0,0,0,0,1,0,1,0,0,1,0,0,0,1,0,1,0,0,0,0,0,0,0,0,0,0,1,1,0,0,1,1,1,0,0,0,0,1,0,0,0,0,0,1,0,0,0,0,0,0,0,1,0,0,0,0,0,0,0,0,0,0,0,0,1,0,1,0,0,0.295778310052903,-0.2930304082224707,-0.03407066568985198,0.5888087182753736,0.295778310052903,1.9740160750325282,-3.0983480427976438,11.97409533254924,0.1655763086952431,11.97409533254924,-4.415105277833158,11.808519023853997,6.069835820622242,5.904259511926998,0.0846846245477467,3.1200277371687126,27.974327146884526,10.85503804426161,32.03853358901568,11.336785877934737,6.19315609577884,43.321939610460284,0.0,30.838460712854335,5.261891554738487,22.559621226162943,0.0,190.00007923066684,190.37975385809145,23.75034789769755,16.67422320011031,15.668053661235914,9.145768998333587,22.14529687591284,8.46630002059184,4.458017579231889,166.0,0.0,0.295778310052903,-0.2930304082224707,0.295778310052903,0.2930304082224707,186.32999999999996,2.0538,117.24500000000002,0.4,0.8421052631578948
8278,CC=Cc1ccc(OC)c(OC)c1,1,8278,CC=Cc1ccc(OC)c(OC)c1,8278,CC=Cc1ccc(OC)c(OC)c1,CC=Cc1ccc(OC)c(OC)c1,CC=Cc1ccc(OC)c(OC)c1,CC=Cc1ccc(OC)c(OC)c1,8278.0,1.0,0.0,0.0,0.0,0.0,0.0,0.0,c1ccccc1,178.23099999999997,2.736900000000001,18.46,0.0,2.0,3.0,1.0,1.0,2.0,0.2727272727272727,13.0,0.0,0.0,0.0,0.0,0.0,0.0,0.0,0.0,0.0,0.0,0.0,0.0,0.0,0.0,0.0,0.0,0.0,0.0,0.0,0.0,0.0,0.0,0.0,0.0,0.0,0.0,0.0,0.0,0.0,0.0,0.0,0.0,0.0,0.0,2.0,1.0,0.0,0.0,0.0,0.0,0.0,0.0,0.0,0.0,0.0,0.0,0.0,0.0,0.0,0.0,1.0,1.0,0.0,0.0,1.0,1.0,6.0,1.0,0.0,0.0,0.0,0.0,0.0,0.0,0.0,0.0,0.0,0.0,0.0,0.0,0.0,0.0,0.0,0.0,0.0,0.0,0.0,0.0,0.0,0.0,0.0,0.0,0.0,0.0,0.0,0.0,0.0,0.0,0.0,0.0,0.0,0.0,0.0,0.0,0.0,0.0,0.0,0.0,0.0,0.0,0.0,0.0,0.0,0.0,0.0,0.0,0.0,0.0,0.0,0.0,0.0,0.0,0.0,0.0,0.0,0.0,0.0,0.0,0.0,0.0,0.0,0.0,0.0,0.0,0.0,0.0,0.0,0.0,0.0,0.0,0.0,0.0,0.0,0.0,0.0,0.0,0.0,0.0,0.0,0.0,0.0,0.0,0.0,0.0,0.0,0.0,0.0,0.0,0.0,0.0,0.0,0.0,0.0,0.0,0.0,0.0,0.0,0.0,0.0,0.0,0.0,0.0,0.0,0.0,0.0,0.0,0.0,0.0,0.0,0.0,0.0,0.0,0.0,0.0,0.0,0.0,0.0,0.0,0.0,0.0,0.0,0.0,0.0,0.0,0.0,0.0,0.0,0.0,0.0,0.0,1.0,1.0,0.0,0.0,0.0,0.0,0.0,0.0,0.0,0.0,0.0,0.0,0.0,0.0,0.0,0.0,0.0,0.0,0.0,0.0,0.0,0.0,0.0,0.0,0.0,0.0,0.0,0.0,0.0,0.0,0.0,0.0,0.0,0.0,0.0,0.0,0.0,0.0,0.0,0.0,0.0,0.0,0.0,0.0,0.0,0.0,0.0,0.0,0.0,0.0,0.0,0.0,0.0,0.0,0.0,0.0,0.0,0.0,0.0,0.0,0.0,0.0,0.0,0.0,0.0,0.0,1.0,1.0,1.0,1.0,0.0,0.0,0,0,0,0,0,0,0,0,c1ccccc1,murcko,train,1,0,0,0,0,0,0,0,0,0,0,0,0,0,0,0,0,0,0,0,0,1,0,0,0,1,0,0,0,0,0,0,0,1,0,0,1,0,0,0,0,0,0,0,0,0,0,0,0,0,0,0,0,0,0,0,0,0,0,0,0,0,0,0,0,0,0,1,0,0,0,0,0,1,0,0,1,0,0,0,0,1,0,0,0,0,0,0,0,0,0,0,0,0,1,0,0,0,0,0,1,0,0,0,0,0,0,1,0,0,0,0,0,0,0,0,0,0,0,0,0,0,0,0,0,0,0,0,0,0,0,0,0,0,0,0,0,0,0,0,1,0,0,0,0,0,0,0,0,0,0,0,0,0,0,0,0,0,0,0,0,0,0,0,0,0,0,0,0,0,0,0,0,0,0,0,0,0,1,0,0,0,1,1,0,0,0,0,0,0,0,0,0,0,0,0,0,0,0,0,0,0,0,0,0,1,0,0,1,0,0,0,0,0,1,0,0,0,0,0,0,1,0,0,0,0,0,0,0,0,0,0,0,0,0,0,0,0,0,0,0,1,0,0,0,0,0,0,0,1,0,0,0,0,0,0,0.16080926982391638,-0.4928695649099541,-0.06149762735708146,0.6536788347338705,0.4928695649099541,0.4765001153185178,-1.275969270960577,5.164315948601663,0.7599565381708241,5.164315948601663,0.7599565381708241,4.404359410430839,2.9621362433862437,2.2021797052154195,0.22704777399221807,1.9921741862397335,0.0,0.0,0.0,17.062475158264807,0.0,14.219595082555067,37.274878618743216,0.0,9.473725907600098,0.0,0.0,78.79360111830951,78.03067476716319,9.681798275874712,8.203247926875855,6.312391710140018,4.162137480221947,9.64650519031142,4.552573360705229,2.246236623067777,70.0,0.0,0.16080926982391638,-0.4928695649099541,0.4928695649099541,0.16080926982391638,18.46,2.736900000000001,54.25400000000003,0.2,0.7090909090909092
5378,CN(C)C(=O)Nc1cccc(C(F)(F)F)c1,1,5378,CN(C)C(=O)Nc1cccc(C(F)(F)F)c1,5378,CN(C)C(=O)Nc1cccc(C(F)(F)F)c1,CN(C)C(=O)Nc1cccc(C(F)(F)F)c1,CN(C)C(=O)Nc1cccc(C(F)(F)F)c1,CN(C)C(=O)Nc1cccc(C(F)(F)F)c1,5378.0,1.0,0.0,0.0,0.0,0.0,0.0,0.0,c1ccccc1,232.205,2.7989000000000006,32.34,1.0,1.0,1.0,1.0,1.0,6.0,0.3,16.0,0.0,0.0,0.0,0.0,0.0,0.0,0.0,0.0,0.0,0.0,0.0,0.0,1.0,1.0,0.0,0.0,1.0,1.0,0.0,0.0,0.0,0.0,0.0,0.0,0.0,0.0,0.0,0.0,0.0,0.0,0.0,0.0,0.0,0.0,0.0,0.0,0.0,0.0,0.0,0.0,0.0,0.0,0.0,0.0,0.0,0.0,0.0,0.0,0.0,0.0,0.0,0.0,0.0,0.0,1.0,1.0,6.0,1.0,0.0,0.0,0.0,0.0,3.0,1.0,3.0,1.0,0.0,0.0,0.0,0.0,0.0,0.0,0.0,0.0,0.0,0.0,0.0,0.0,0.0,0.0,0.0,0.0,0.0,0.0,0.0,0.0,0.0,0.0,0.0,0.0,0.0,0.0,0.0,0.0,0.0,0.0,0.0,0.0,0.0,0.0,0.0,0.0,0.0,0.0,0.0,0.0,0.0,0.0,0.0,0.0,0.0,0.0,0.0,0.0,0.0,0.0,0.0,0.0,0.0,0.0,0.0,0.0,0.0,0.0,1.0,1.0,0.0,0.0,0.0,0.0,0.0,0.0,0.0,0.0,0.0,0.0,0.0,0.0,0.0,0.0,3.0,1.0,0.0,0.0,0.0,0.0,0.0,0.0,0.0,0.0,0.0,0.0,0.0,0.0,0.0,0.0,0.0,0.0,0.0,0.0,0.0,0.0,0.0,0.0,0.0,0.0,0.0,0.0,0.0,0.0,0.0,0.0,0.0,0.0,0.0,0.0,0.0,0.0,0.0,0.0,0.0,0.0,0.0,0.0,0.0,0.0,0.0,0.0,0.0,0.0,0.0,0.0,0.0,0.0,0.0,0.0,0.0,0.0,0.0,0.0,0.0,0.0,0.0,0.0,0.0,0.0,0.0,0.0,0.0,0.0,0.0,0.0,0.0,0.0,0.0,0.0,0.0,0.0,0.0,0.0,0.0,0.0,0.0,0.0,0.0,0.0,0.0,0.0,0.0,0.0,0.0,0.0,0.0,0.0,0.0,0.0,0.0,0.0,0.0,0.0,0.0,0.0,0.0,0.0,0.0,0.0,0.0,0.0,0.0,0.0,0.0,0.0,0.0,0.0,0.0,0.0,1.0,2.0,1.0,2.0,0.0,0.0,0,0,1,0,0,0,0,0,c1ccccc1,murcko,train,0,0,0,0,0,0,0,0,0,0,0,0,0,0,0,1,0,0,0,0,0,0,0,0,1,0,0,0,0,0,1,0,0,1,0,0,0,0,0,1,0,1,0,0,0,0,0,0,0,0,0,0,0,0,0,0,0,0,0,0,0,0,0,0,1,0,0,0,0,0,0,0,0,0,0,0,0,0,0,0,0,1,0,0,0,0,0,0,0,0,0,0,0,0,0,0,0,0,0,0,1,0,0,0,0,1,0,1,0,0,0,0,0,1,1,0,0,1,0,0,0,0,0,0,0,1,0,0,1,0,0,0,0,0,0,0,1,1,1,1,0,0,0,0,0,0,0,1,0,0,0,0,0,0,0,0,0,0,0,0,0,0,0,0,0,0,0,0,0,0,0,0,0,1,0,0,0,0,0,0,0,0,0,0,1,0,0,0,0,0,0,1,0,1,0,0,0,0,0,0,0,0,0,0,0,0,0,0,0,0,0,0,0,0,1,0,0,0,0,0,0,0,1,0,0,1,0,0,0,0,0,0,0,0,0,0,1,0,0,0,0,0,1,0,0,0,0,0,0,0,0,0,0,0,0,0,0.41598552440333647,-0.33065304227102926,-0.043801059950807734,0.7466385666743658,0.41598552440333647,0.8585276027157626,-1.5593445619286865,12.340756330309901,0.1190046296296301,12.340756330309901,-4.403914635298563,12.22175170068027,6.229880479969766,6.110875850340135,0.08182133171174959,3.175601316834808,17.770864521478543,5.687386274683562,0.0,12.13273413692322,31.127987833128078,0.0,0.0,5.316788604006331,0.0,17.96578232709628,0.0,90.85899573971729,90.00154369731602,12.344934982691242,8.798756381750007,7.3035490182802025,4.460472048541586,12.350028011204481,4.422334219006161,3.1476482438299556,88.0,0.0,0.41598552440333647,-0.33065304227102926,0.41598552440333647,0.33065304227102926,32.34,2.7989000000000006,54.14970000000002,1.1,0.32
3536,O=C(C=Cc1ccc2c(c1)OCO2)N(c1ccccc1)c1ccccc1,0,3536,O=C(C=Cc1ccc2c(c1)OCO2)N(c1ccccc1)c1ccccc1,3536,O=C(C=Cc1ccc2c(c1)OCO2)N(c1ccccc1)c1ccccc1,O=C(C=Cc1ccc2c(c1)OCO2)N(c1ccccc1)c1ccccc1,O=C(C=Cc1ccc2c(c1)OCO2)N(c1ccccc1)c1ccccc1,O=C(C=Cc1ccc2c(c1)OCO2)N(c1ccccc1)c1ccccc1,3536.0,1.0,0.0,0.0,0.0,0.0,0.0,0.0,O=C(C=Cc1ccc2c(c1)OCO2)N(c1ccccc1)c1ccccc1,343.38200000000006,4.793400000000004,38.77,0.0,3.0,4.0,4.0,3.0,4.0,0.0454545454545454,26.0,0.0,0.0,0.0,0.0,0.0,0.0,0.0,0.0,0.0,0.0,1.0,1.0,0.0,0.0,0.0,0.0,2.0,1.0,0.0,0.0,0.0,0.0,0.0,0.0,0.0,0.0,0.0,0.0,0.0,0.0,0.0,0.0,0.0,0.0,2.0,1.0,0.0,0.0,0.0,0.0,0.0,0.0,0.0,0.0,0.0,0.0,0.0,0.0,0.0,0.0,1.0,1.0,0.0,0.0,3.0,1.0,18.0,1.0,2.0,1.0,0.0,0.0,0.0,0.0,0.0,0.0,0.0,0.0,0.0,0.0,0.0,0.0,0.0,0.0,0.0,0.0,0.0,0.0,0.0,0.0,0.0,0.0,0.0,0.0,0.0,0.0,0.0,0.0,0.0,0.0,0.0,0.0,0.0,0.0,0.0,0.0,0.0,0.0,0.0,0.0,0.0,0.0,0.0,0.0,0.0,0.0,0.0,0.0,0.0,0.0,0.0,0.0,0.0,0.0,0.0,0.0,0.0,0.0,0.0,0.0,0.0,0.0,0.0,0.0,0.0,0.0,0.0,0.0,0.0,0.0,0.0,0.0,0.0,0.0,0.0,0.0,0.0,0.0,0.0,0.0,0.0,0.0,0.0,0.0,0.0,0.0,0.0,0.0,0.0,0.0,0.0,0.0,0.0,0.0,0.0,0.0,0.0,0.0,0.0,0.0,0.0,0.0,0.0,0.0,0.0,0.0,0.0,0.0,1.0,1.0,0.0,0.0,0.0,0.0,0.0,0.0,0.0,0.0,0.0,0.0,0.0,0.0,0.0,0.0,0.0,0.0,0.0,0.0,0.0,0.0,1.0,1.0,0.0,0.0,0.0,0.0,0.0,0.0,0.0,0.0,0.0,0.0,0.0,0.0,0.0,0.0,0.0,0.0,0.0,0.0,0.0,0.0,0.0,0.0,0.0,0.0,0.0,0.0,0.0,0.0,0.0,0.0,0.0,0.0,0.0,0.0,0.0,0.0,0.0,0.0,0.0,0.0,0.0,0.0,0.0,0.0,0.0,0.0,0.0,0.0,0.0,0.0,0.0,0.0,0.0,0.0,0.0,0.0,0.0,0.0,0.0,0.0,0.0,0.0,0.0,0.0,1.0,2.0,1.0,2.0,0.0,0.0,0,0,1,0,1,0,0,0,O=C(C=Cc1ccc2c(c1)OCO2)N(c1ccccc1)c1ccccc1,murcko,train,0,0,0,0,0,0,0,0,1,1,0,1,0,0,0,0,0,0,0,0,0,0,0,0,0,1,0,0,1,0,0,1,1,0,0,0,0,0,0,1,0,1,0,0,0,0,0,0,0,0,0,0,0,0,0,0,0,0,0,0,0,0,0,0,1,0,0,1,0,1,0,1,1,0,0,0,0,0,0,0,0,1,0,0,0,0,0,0,0,0,0,0,0,0,0,0,0,0,0,0,1,0,0,0,0,0,0,1,0,0,0,1,0,1,0,0,0,0,0,0,0,0,1,0,0,1,0,0,0,0,0,0,0,1,0,0,0,0,1,0,0,0,0,0,1,0,0,0,0,0,0,0,0,0,0,0,0,0,1,0,0,0,0,0,0,0,0,0,0,0,0,0,0,0,0,1,0,0,0,0,0,0,1,0,0,1,0,0,0,0,0,0,0,0,0,0,0,1,0,0,0,0,0,0,0,0,0,0,0,0,1,0,0,0,1,0,0,0,0,0,0,0,0,0,0,0,1,0,0,0,0,0,0,0,0,0,0,0,0,0,0,1,0,0,0,0,1,0,0,1,0,0,0,0,0,0,0.2550525590070229,-0.45359507762982215,-0.04600866392899811,0.708647636636845,0.45359507762982215,0.9198977609229589,-2.11612302307691,12.93437570861678,0.12493811413454248,12.93437570861678,-0.12493811413454248,12.809437594482239,6.529656911375661,6.404718797241119,0.07806743993434634,3.328516108985292,0.0,12.700122035451333,5.749511833283905,22.687735874348025,0.0,17.051949944518242,78.86277189000094,0.0,9.473725907600098,4.794537184071822,0.0,151.45837203275886,151.32035466927434,17.76937394568524,14.039319285922486,12.809663088089318,8.330627777416819,15.966483310465259,7.150647225556784,3.3029629812344403,128.0,0.0,0.2550525590070229,-0.45359507762982215,0.45359507762982215,0.2550525590070229,38.77,4.793400000000004,101.62900000000003,1.7999999999999998,0.8181818181818182
2033,CC(C)(C)OC(=O)NC(CO)c1ccccc1,0,2033,CC(C)(C)OC(=O)NC(CO)c1ccccc1,2033,CC(C)(C)OC(=O)NC(CO)c1ccccc1,CC(C)(C)OC(=O)NC(CO)c1ccccc1,CC(C)(C)OC(=O)NC(CO)c1ccccc1,CC(C)(C)OC(=O)NC(CO)c1ccccc1,2033.0,1.0,0.0,0.0,0.0,0.0,0.0,0.0,c1ccccc1,237.299,2.2447,58.56,2.0,3.0,3.0,1.0,1.0,4.0,0.4615384615384615,17.0,0.0,0.0,0.0,0.0,0.0,0.0,0.0,0.0,0.0,0.0,0.0,0.0,0.0,0.0,1.0,1.0,0.0,0.0,0.0,0.0,0.0,0.0,0.0,0.0,0.0,0.0,0.0,0.0,0.0,0.0,1.0,1.0,0.0,0.0,1.0,1.0,0.0,0.0,0.0,0.0,0.0,0.0,0.0,0.0,1.0,1.0,0.0,0.0,0.0,0.0,0.0,0.0,0.0,0.0,1.0,1.0,6.0,1.0,0.0,0.0,0.0,0.0,0.0,0.0,0.0,0.0,0.0,0.0,0.0,0.0,0.0,0.0,0.0,0.0,0.0,0.0,0.0,0.0,0.0,0.0,0.0,0.0,0.0,0.0,0.0,0.0,0.0,0.0,0.0,0.0,0.0,0.0,0.0,0.0,0.0,0.0,0.0,0.0,0.0,0.0,0.0,0.0,0.0,0.0,0.0,0.0,0.0,0.0,0.0,0.0,0.0,0.0,0.0,0.0,0.0,0.0,0.0,0.0,0.0,0.0,0.0,0.0,0.0,0.0,0.0,0.0,0.0,0.0,0.0,0.0,0.0,0.0,0.0,0.0,0.0,0.0,0.0,0.0,0.0,0.0,0.0,0.0,0.0,0.0,0.0,0.0,0.0,0.0,0.0,0.0,0.0,0.0,0.0,0.0,0.0,0.0,0.0,0.0,0.0,0.0,0.0,0.0,1.0,1.0,0.0,0.0,0.0,0.0,0.0,0.0,0.0,0.0,0.0,0.0,0.0,0.0,0.0,0.0,0.0,0.0,0.0,0.0,0.0,0.0,0.0,0.0,0.0,0.0,0.0,0.0,0.0,0.0,0.0,0.0,0.0,0.0,0.0,0.0,0.0,0.0,0.0,0.0,0.0,0.0,0.0,0.0,0.0,0.0,0.0,0.0,0.0,0.0,0.0,0.0,0.0,0.0,0.0,0.0,0.0,0.0,0.0,0.0,0.0,0.0,0.0,0.0,0.0,0.0,0.0,0.0,0.0,0.0,0.0,0.0,0.0,0.0,0.0,0.0,0.0,0.0,0.0,0.0,0.0,0.0,0.0,0.0,0.0,0.0,0.0,0.0,0.0,0.0,0.0,0.0,0.0,0.0,1.0,1.0,1.0,1.0,0.0,0.0,0,0,0,0,0,0,1,0,c1ccccc1,murcko,train,0,1,0,0,0,0,0,0,0,0,0,0,0,0,0,0,1,0,0,0,0,0,0,0,0,0,0,0,0,0,0,0,0,1,0,1,0,0,1,1,0,0,0,0,0,1,0,0,0,0,0,0,0,0,0,0,0,0,0,0,0,0,0,0,1,0,0,1,0,0,0,0,0,0,0,0,0,0,0,0,1,1,0,0,0,1,0,0,0,0,0,0,0,0,0,0,0,0,0,0,1,0,0,0,0,0,0,0,0,0,0,0,0,0,1,0,0,1,0,0,0,0,0,0,0,1,0,0,1,0,0,0,1,1,0,0,1,0,1,0,0,0,0,0,0,0,0,0,0,0,0,0,0,0,0,0,0,0,0,0,0,0,0,0,0,0,0,0,0,0,0,0,0,0,0,1,0,0,0,0,0,0,0,1,0,1,0,0,0,0,0,0,0,0,0,0,0,0,0,0,0,0,0,0,0,0,0,0,0,0,0,0,0,0,1,0,0,0,0,0,0,0,1,0,0,0,1,0,0,0,0,1,0,0,0,0,0,0,0,0,1,0,0,0,0,0,0,0,0,0,0,0,0,0,0,0,0.4077205107419804,-0.4438247323046704,-0.06540497979323123,0.8515452430466508,0.4438247323046704,0.661594126596455,-1.7734787830813858,11.556859410430839,0.16343631897203337,11.556859410430839,-0.5408959278155709,11.393423091458805,5.860147864701436,5.696711545729403,0.0877699346344524,3.014136552333348,17.736131711070065,6.606881964512918,0.0,5.563451491696996,0.0,20.771211599071872,30.33183534230805,5.316788604006331,4.736862953800049,9.901064578912528,0.0,101.60516118562794,100.96422824537882,12.888905057061262,10.43491857275199,7.920833517085959,5.57488236388908,13.51472491909385,5.681432126537022,4.868015550882683,94.0,0.0,0.4077205107419804,-0.4438247323046704,0.4438247323046704,0.4077205107419804,58.56,2.2447,65.63850000000004,0.2,1.1846153846153848
7267,CC1(C)COCN1,1,7267,CC1(C)COCN1,7267,CC1(C)COCN1,CC1(C)COCN1,CC1(C)COCN1,CC1(C)COCN1,7267.0,1.0,0.0,0.0,0.0,0.0,0.0,0.0,C1COCN1,101.149,0.3422999999999999,21.26,1.0,2.0,0.0,1.0,0.0,2.0,1.0,7.0,0.0,0.0,0.0,0.0,1.0,1.0,0.0,0.0,0.0,0.0,0.0,0.0,0.0,0.0,0.0,0.0,0.0,0.0,0.0,0.0,0.0,0.0,0.0,0.0,0.0,0.0,0.0,0.0,0.0,0.0,0.0,0.0,0.0,0.0,1.0,1.0,0.0,0.0,0.0,0.0,0.0,0.0,0.0,0.0,0.0,0.0,0.0,0.0,0.0,0.0,0.0,0.0,0.0,0.0,0.0,0.0,0.0,0.0,0.0,0.0,0.0,0.0,0.0,0.0,0.0,0.0,0.0,0.0,0.0,0.0,0.0,0.0,0.0,0.0,0.0,0.0,0.0,0.0,0.0,0.0,0.0,0.0,0.0,0.0,0.0,0.0,0.0,0.0,0.0,0.0,0.0,0.0,0.0,0.0,0.0,0.0,0.0,0.0,0.0,0.0,0.0,0.0,0.0,0.0,0.0,0.0,0.0,0.0,0.0,0.0,0.0,0.0,0.0,0.0,0.0,0.0,0.0,0.0,0.0,0.0,0.0,0.0,0.0,0.0,0.0,0.0,0.0,0.0,0.0,0.0,0.0,0.0,0.0,0.0,0.0,0.0,0.0,0.0,0.0,0.0,0.0,0.0,0.0,0.0,0.0,0.0,0.0,0.0,0.0,0.0,0.0,0.0,0.0,0.0,0.0,0.0,0.0,0.0,0.0,0.0,0.0,0.0,0.0,0.0,0.0,0.0,0.0,0.0,0.0,0.0,0.0,0.0,0.0,0.0,0.0,0.0,0.0,0.0,0.0,0.0,0.0,0.0,0.0,0.0,0.0,0.0,0.0,0.0,0.0,0.0,0.0,0.0,0.0,0.0,0.0,0.0,0.0,0.0,0.0,0.0,0.0,0.0,0.0,0.0,0.0,0.0,0.0,0.0,0.0,0.0,0.0,0.0,0.0,0.0,0.0,0.0,0.0,0.0,0.0,0.0,0.0,0.0,0.0,0.0,0.0,0.0,0.0,0.0,0.0,0.0,0.0,0.0,0.0,0.0,0.0,0.0,0.0,0.0,0.0,0.0,0.0,0.0,0.0,0.0,0.0,0.0,0.0,0.0,0.0,0.0,0.0,0.0,0.0,0.0,0.0,0.0,0.0,0.0,0.0,0.0,0.0,0.0,0,0,0,0,0,0,0,0,C1COCN1,murcko,train,0,0,0,0,0,0,0,0,0,0,0,1,0,0,0,0,0,0,0,0,0,0,0,0,0,0,0,0,0,0,0,0,0,1,0,0,1,0,0,0,0,0,0,0,0,0,0,0,0,0,0,0,0,0,0,0,0,0,0,0,0,0,0,0,0,0,0,0,0,0,0,0,0,0,0,0,0,0,0,0,0,0,0,0,0,0,0,0,0,0,1,0,0,0,0,0,0,0,0,0,0,0,1,1,0,0,0,0,0,0,0,0,0,0,0,0,0,0,0,0,0,0,0,0,0,0,0,0,0,0,0,0,0,0,0,0,0,0,1,0,0,0,0,0,1,0,0,0,0,0,0,0,0,0,0,0,0,0,1,0,0,0,0,1,0,0,0,0,0,0,0,0,0,0,0,0,0,0,0,0,0,0,0,0,1,0,0,0,0,0,0,1,0,0,0,0,0,0,0,0,1,0,1,0,0,0,0,0,0,0,0,0,0,0,0,0,0,0,0,0,0,0,0,0,0,0,0,0,0,0,0,0,0,0,0,0,0,0,0,0,0,0,0,0,0,0,0,0,0,0,1,0,1,0,0,0,0.09705221704665686,-0.3643928681094947,-0.07717616224039078,0.46144508515615157,0.3643928681094947,0.2011446845900543,-0.7413778202727899,5.048611111111111,0.22222222222222232,5.048611111111111,0.22222222222222232,4.826388888888888,2.6354166666666665,2.413194444444444,0.20719424460431657,1.4390512589928057,0.0,5.538925252383345,6.730816747499484,6.606881964512918,0.0,0.0,0.0,19.16426300338758,4.736862953800049,0.0,0.0,43.85659574500168,42.77774992158338,5.328427124746191,4.822461852836958,3.207106781186548,2.534457050376173,5.0645086705202305,1.4562252861602496,1.1433103420539323,42.0,0.0,0.09705221704665686,-0.3643928681094947,0.3643928681094947,0.09705221704665686,21.259999999999998,0.3422999999999999,28.033699999999985,0.0,0.4
7697,CC(C)C(=O)C(C)C,1,7697,CC(C)C(=O)C(C)C,7697,CC(C)C(=O)C(C)C,CC(C)C(=O)C(C)C,CC(C)C(=O)C(C)C,CC(C)C(=O)C(C)C,7697.0,1.0,0.0,0.0,0.0,0.0,0.0,0.0,,114.18799999999996,1.8675,17.07,0.0,1.0,2.0,0.0,0.0,1.0,0.8571428571428571,8.0,0.0,0.0,0.0,0.0,0.0,0.0,0.0,0.0,0.0,0.0,0.0,0.0,0.0,0.0,0.0,0.0,0.0,0.0,0.0,0.0,0.0,0.0,0.0,0.0,0.0,0.0,0.0,0.0,0.0,0.0,0.0,0.0,0.0,0.0,0.0,0.0,0.0,0.0,1.0,1.0,0.0,0.0,0.0,0.0,0.0,0.0,0.0,0.0,0.0,0.0,0.0,0.0,0.0,0.0,0.0,0.0,0.0,0.0,0.0,0.0,0.0,0.0,0.0,0.0,0.0,0.0,0.0,0.0,0.0,0.0,0.0,0.0,0.0,0.0,0.0,0.0,0.0,0.0,0.0,0.0,0.0,0.0,0.0,0.0,0.0,0.0,0.0,0.0,0.0,0.0,0.0,0.0,0.0,0.0,0.0,0.0,0.0,0.0,0.0,0.0,0.0,0.0,0.0,0.0,0.0,0.0,0.0,0.0,0.0,0.0,0.0,0.0,0.0,0.0,0.0,0.0,0.0,0.0,0.0,0.0,0.0,0.0,0.0,0.0,0.0,0.0,0.0,0.0,0.0,0.0,0.0,0.0,0.0,0.0,0.0,0.0,0.0,0.0,0.0,0.0,0.0,0.0,0.0,0.0,0.0,0.0,0.0,0.0,0.0,0.0,0.0,0.0,0.0,0.0,0.0,0.0,0.0,0.0,0.0,0.0,0.0,0.0,0.0,0.0,0.0,0.0,0.0,0.0,0.0,0.0,0.0,0.0,0.0,0.0,0.0,0.0,0.0,0.0,0.0,0.0,0.0,0.0,0.0,0.0,0.0,0.0,0.0,0.0,0.0,0.0,0.0,0.0,0.0,0.0,0.0,0.0,0.0,0.0,0.0,0.0,0.0,0.0,0.0,0.0,0.0,0.0,0.0,0.0,0.0,0.0,0.0,0.0,0.0,0.0,0.0,0.0,0.0,0.0,0.0,0.0,0.0,0.0,0.0,0.0,0.0,0.0,0.0,0.0,0.0,0.0,0.0,0.0,0.0,0.0,0.0,0.0,0.0,0.0,0.0,0.0,0.0,0.0,0.0,0.0,0.0,0.0,0.0,0.0,0.0,0.0,0.0,0.0,0.0,0.0,0.0,0.0,0.0,0.0,0.0,0.0,0.0,0.0,0,0,0,0,0,0,0,0,ACY_**(*)*(*)*(*)*,acyclic_anonymous_graph,train,0,1,0,0,0,0,0,0,0,0,0,0,0,0,0,0,0,0,0,0,0,0,0,0,0,0,0,1,0,0,0,0,0,1,0,0,0,0,0,1,0,0,0,0,0,0,0,0,0,0,0,0,0,0,0,0,0,0,0,0,0,0,0,0,0,0,0,0,0,1,0,0,0,0,0,1,0,0,0,0,0,0,0,0,0,0,0,0,0,0,0,0,0,0,1,0,0,0,0,0,0,0,0,0,0,0,0,0,0,0,0,0,0,0,0,0,0,0,0,0,0,0,0,0,0,1,0,0,0,0,0,0,0,0,0,0,0,0,1,0,0,0,0,0,0,0,0,0,0,0,0,0,0,0,0,0,0,0,0,0,0,0,0,0,0,0,0,0,0,0,0,0,0,0,0,0,0,0,1,0,0,0,0,0,0,0,0,0,0,0,0,0,0,0,0,0,0,0,0,0,0,0,0,0,0,0,0,0,0,0,0,0,0,0,0,0,0,0,0,0,0,0,0,0,0,0,0,0,0,0,0,0,0,0,0,0,0,0,0,0,0,0,0,0,0,0,0,0,0,0,0,0,0,0,0,0,0.13743657236969856,-0.29913450910399353,-0.04505846681753514,0.43657108147369206,0.29913450910399353,0.1618784384579158,-0.522346172998197,10.842592592592592,0.2037037037037035,10.842592592592592,0.2037037037037035,10.638888888888888,5.523148148148148,5.319444444444444,0.09399477806788513,2.8673262579376595,0.0,11.835812092322787,5.783244946364939,0.0,0.0,0.0,27.694948798762496,0.0,0.0,4.794537184071822,0.0,51.09042581425295,50.108543021522046,6.732050807568877,6.062948828843115,3.5534180126147956,3.0908754911800607,7.669999999999999,2.852684594293651,2.101967961325131,48.0,0.0,0.13743657236969856,-0.29913450910399353,0.29913450910399353,0.13743657236969856,17.07,1.8675,34.682999999999986,0.0,0.7428571428571429
6346,COC(=O)c1cc(F)ccc1N,0,6346,COC(=O)c1cc(F)ccc1N,6346,COC(=O)c1cc(F)ccc1N,COC(=O)c1cc(F)ccc1N,COC(=O)c1cc(F)ccc1N,COC(=O)c1cc(F)ccc1N,6346.0,1.0,0.0,0.0,0.0,0.0,0.0,0.0,c1ccccc1,169.155,1.1945,52.32,1.0,3.0,1.0,1.0,1.0,4.0,0.125,12.0,0.0,0.0,0.0,0.0,0.0,0.0,0.0,0.0,0.0,0.0,0.0,0.0,0.0,0.0,0.0,0.0,1.0,1.0,0.0,0.0,0.0,0.0,0.0,0.0,0.0,0.0,0.0,0.0,0.0,0.0,0.0,0.0,0.0,0.0,1.0,1.0,0.0,0.0,0.0,0.0,0.0,0.0,0.0,0.0,1.0,1.0,0.0,0.0,0.0,0.0,0.0,0.0,0.0,0.0,1.0,1.0,6.0,1.0,0.0,0.0,0.0,0.0,1.0,1.0,1.0,1.0,0.0,0.0,0.0,0.0,0.0,0.0,0.0,0.0,0.0,0.0,0.0,0.0,0.0,0.0,0.0,0.0,0.0,0.0,0.0,0.0,0.0,0.0,0.0,0.0,0.0,0.0,0.0,0.0,0.0,0.0,0.0,0.0,0.0,0.0,0.0,0.0,0.0,0.0,0.0,0.0,0.0,0.0,1.0,1.0,0.0,0.0,1.0,1.0,0.0,0.0,0.0,0.0,0.0,0.0,0.0,0.0,0.0,0.0,0.0,0.0,0.0,0.0,0.0,0.0,0.0,0.0,0.0,0.0,0.0,0.0,0.0,0.0,0.0,0.0,0.0,0.0,0.0,0.0,0.0,0.0,0.0,0.0,0.0,0.0,0.0,0.0,0.0,0.0,0.0,0.0,0.0,0.0,0.0,0.0,0.0,0.0,0.0,0.0,0.0,0.0,0.0,0.0,0.0,0.0,0.0,0.0,0.0,0.0,0.0,0.0,0.0,0.0,0.0,0.0,0.0,0.0,0.0,0.0,0.0,0.0,0.0,0.0,0.0,0.0,0.0,0.0,0.0,0.0,0.0,0.0,0.0,0.0,0.0,0.0,0.0,0.0,0.0,0.0,1.0,1.0,0.0,0.0,0.0,0.0,0.0,0.0,0.0,0.0,0.0,0.0,0.0,0.0,0.0,0.0,0.0,0.0,0.0,0.0,0.0,0.0,0.0,0.0,0.0,0.0,0.0,0.0,0.0,0.0,0.0,0.0,0.0,0.0,0.0,0.0,0.0,0.0,0.0,0.0,0.0,0.0,0.0,0.0,0.0,0.0,0.0,0.0,0.0,0.0,0.0,0.0,1.0,3.0,1.0,2.0,1.0,1.0,1,0,1,0,0,0,1,0,c1ccccc1,murcko,train,0,0,0,0,0,0,0,0,0,0,0,0,0,0,0,0,0,0,0,0,0,0,0,0,0,0,0,0,0,0,0,0,0,1,0,0,0,0,0,1,0,0,0,0,0,0,0,0,0,0,0,0,0,0,0,0,0,0,0,0,0,0,0,0,0,0,0,0,0,0,0,1,0,1,0,0,0,0,0,0,0,1,0,0,0,0,0,0,0,0,0,0,0,0,0,0,0,0,0,0,1,0,0,0,0,0,0,1,0,0,0,0,0,0,0,0,0,0,0,0,0,0,0,0,0,1,0,0,1,0,1,0,0,0,1,0,1,0,1,0,0,0,1,0,0,1,0,1,0,0,0,0,0,0,0,0,0,0,0,0,0,0,0,0,0,0,0,0,1,0,0,0,0,0,0,0,0,1,0,0,0,0,0,1,0,0,0,1,0,1,0,0,0,0,0,0,0,0,0,1,0,0,0,0,0,0,0,1,0,0,0,0,0,0,1,0,1,0,0,0,0,0,0,0,0,0,0,0,0,0,0,0,0,0,0,0,0,0,0,0,0,0,0,0,0,0,0,0,0,0,1,0,0,0,0,0,0.33956046946526225,-0.4653606275153829,-0.05915119118540404,0.8049210969806451,0.4653606275153829,0.6759364696590938,-1.3857507638839421,12.58050453514739,0.053240740740741144,12.58050453514739,-0.6324074074074073,12.52726379440665,6.316872637944066,6.263631897203325,0.07982589146454265,3.1852829619364145,11.786526128997744,11.250837766380558,0.0,6.06636706846161,19.242531678200752,0.0,0.0,4.736862953800049,5.733667477162185,9.184952231746642,0.0,68.94178077777977,68.00174530474955,9.137828201504695,6.503862130695458,5.647065707741407,3.282187823739738,8.515969289827256,3.2117709453467507,1.5276490724861953,64.0,0.0,0.33956046946526225,-0.4653606275153829,0.4653606275153829,0.33956046946526225,52.32,1.1945,42.15190000000001,2.1,0.65
6728,C=C(COC(C)=O)COC(C)=O,1,6728,C=C(COC(C)=O)COC(C)=O,6728,C=C(COC(C)=O)COC(C)=O,C=C(COC(C)=O)COC(C)=O,C=C(COC(C)=O)COC(C)=O,C=C(COC(C)=O)COC(C)=O,6728.0,1.0,0.0,0.0,0.0,0.0,0.0,0.0,,172.17999999999998,0.6688000000000001,52.6,0.0,4.0,4.0,0.0,0.0,4.0,0.5,12.0,0.0,0.0,0.0,0.0,0.0,0.0,0.0,0.0,0.0,0.0,0.0,0.0,0.0,0.0,0.0,0.0,0.0,0.0,0.0,0.0,0.0,0.0,0.0,0.0,0.0,0.0,0.0,0.0,0.0,0.0,0.0,0.0,0.0,0.0,2.0,1.0,0.0,0.0,0.0,0.0,0.0,0.0,0.0,0.0,2.0,1.0,0.0,0.0,0.0,0.0,1.0,1.0,0.0,0.0,0.0,0.0,0.0,0.0,0.0,0.0,0.0,0.0,0.0,0.0,0.0,0.0,0.0,0.0,0.0,0.0,0.0,0.0,0.0,0.0,0.0,0.0,0.0,0.0,0.0,0.0,0.0,0.0,0.0,0.0,0.0,0.0,0.0,0.0,0.0,0.0,0.0,0.0,0.0,0.0,0.0,0.0,0.0,0.0,0.0,0.0,0.0,0.0,0.0,0.0,0.0,0.0,0.0,0.0,0.0,0.0,0.0,0.0,0.0,0.0,0.0,0.0,0.0,0.0,0.0,0.0,0.0,0.0,0.0,0.0,0.0,0.0,0.0,0.0,0.0,0.0,0.0,0.0,0.0,0.0,0.0,0.0,0.0,0.0,0.0,0.0,0.0,0.0,0.0,0.0,0.0,0.0,0.0,0.0,0.0,0.0,0.0,0.0,0.0,0.0,0.0,0.0,0.0,0.0,0.0,0.0,0.0,0.0,0.0,0.0,0.0,0.0,0.0,0.0,0.0,0.0,0.0,0.0,0.0,0.0,0.0,0.0,0.0,0.0,0.0,0.0,0.0,0.0,0.0,0.0,0.0,0.0,0.0,0.0,0.0,0.0,0.0,0.0,0.0,0.0,0.0,0.0,0.0,0.0,0.0,0.0,0.0,0.0,0.0,0.0,0.0,0.0,0.0,0.0,0.0,0.0,0.0,0.0,0.0,0.0,0.0,0.0,0.0,0.0,0.0,0.0,0.0,0.0,0.0,0.0,0.0,0.0,0.0,0.0,0.0,0.0,0.0,0.0,0.0,0.0,0.0,0.0,0.0,0.0,0.0,0.0,0.0,0.0,0.0,0.0,0.0,0.0,0.0,0.0,0.0,0.0,0.0,0.0,0.0,0.0,0.0,0.0,0.0,0.0,0.0,0.0,0.0,0.0,0,0,0,0,0,0,0,0,ACY_**(*)***(*)***(*)*,acyclic_anonymous_graph,train,0,0,0,0,0,0,0,0,0,0,0,1,0,0,0,0,0,0,0,0,0,0,0,0,0,0,0,0,0,0,0,0,0,1,0,0,0,0,0,1,0,0,0,0,0,0,0,0,0,0,0,0,0,0,0,0,0,0,0,0,0,0,0,0,1,0,0,0,0,0,0,0,0,0,0,0,0,0,1,0,1,0,0,0,0,0,1,0,0,0,0,0,0,0,0,0,0,0,0,0,0,0,0,0,0,0,0,0,0,0,0,0,0,0,0,0,0,0,0,0,0,0,0,0,0,1,0,0,0,0,0,0,0,0,0,0,0,0,1,0,0,0,0,0,0,0,0,1,0,0,0,0,0,0,0,0,0,0,0,0,1,0,0,0,0,0,0,0,0,0,0,0,0,0,0,0,0,0,0,0,0,0,0,1,0,0,0,0,0,0,0,0,0,0,0,0,0,0,0,0,0,0,0,0,0,0,0,0,0,0,0,0,1,0,0,0,0,0,0,0,0,0,0,0,0,0,0,0,0,0,0,0,0,0,0,0,0,1,0,0,0,0,0,0,0,0,0,0,0,1,0,0,0,0,1,0,0.30245137118107474,-0.461229820991782,-0.051670139129117644,0.7636811921728568,0.461229820991782,0.9035953328072817,-1.5236370023566934,10.315240299823634,0.09981481481481458,10.315240299823634,-0.37594907407407363,10.215425485008819,5.207527557319224,5.107712742504409,0.09789117462287834,2.6546464755712242,0.0,25.152374504929533,5.573104530069267,0.0,13.847474399381248,0.0,0.0,16.052661591198596,0.0,9.589074368143644,0.0,71.15437745552283,70.2146893937223,9.560477932315068,7.2543135054150945,5.519744507803582,3.4545070218971734,10.68,5.346002064177144,6.7952073732718885,68.0,0.0,0.30245137118107474,-0.461229820991782,0.461229820991782,0.30245137118107474,52.6,0.6688000000000001,42.40600000000002,0.0,1.4000000000000001
10302,CCC[CH2][Sn](=[O])[CH2]CCC,0,10302,CCC[CH2][Sn](=[O])[CH2]CCC,10302,CCC[CH2][Sn](=[O])[CH2]CCC,CCC[CH2][Sn](=[O])[CH2]CCC,CCC[CH2][Sn](=[O])[CH2]CCC,CCC[CH2][Sn+2][CH2]CCC,10302.0,1.0,0.0,1.0,1.0,1.0,1.0,0.0,,248.94199999999995,3.0086000000000013,17.07,0.0,1.0,6.0,0.0,0.0,2.0,1.0,10.0,0.0,0.0,0.0,0.0,0.0,0.0,0.0,0.0,0.0,0.0,0.0,0.0,0.0,0.0,0.0,0.0,0.0,0.0,0.0,0.0,0.0,0.0,0.0,0.0,0.0,0.0,0.0,0.0,0.0,0.0,0.0,0.0,0.0,0.0,0.0,0.0,0.0,0.0,0.0,0.0,0.0,0.0,0.0,0.0,0.0,0.0,0.0,0.0,0.0,0.0,0.0,0.0,0.0,0.0,0.0,0.0,0.0,0.0,0.0,0.0,0.0,0.0,0.0,0.0,0.0,0.0,0.0,0.0,0.0,0.0,0.0,0.0,0.0,0.0,0.0,0.0,0.0,0.0,0.0,0.0,0.0,0.0,0.0,0.0,0.0,0.0,0.0,0.0,0.0,0.0,0.0,0.0,0.0,0.0,0.0,0.0,0.0,0.0,1.0,1.0,1.0,1.0,0.0,0.0,2.0,1.0,0.0,0.0,0.0,0.0,0.0,0.0,0.0,0.0,0.0,0.0,0.0,0.0,0.0,0.0,0.0,0.0,0.0,0.0,0.0,0.0,0.0,0.0,0.0,0.0,0.0,0.0,0.0,0.0,0.0,0.0,0.0,0.0,0.0,0.0,0.0,0.0,0.0,0.0,0.0,0.0,0.0,0.0,0.0,0.0,0.0,0.0,0.0,0.0,0.0,0.0,0.0,0.0,0.0,0.0,0.0,0.0,0.0,0.0,0.0,0.0,0.0,0.0,0.0,0.0,0.0,0.0,0.0,0.0,0.0,0.0,0.0,0.0,0.0,0.0,0.0,0.0,0.0,0.0,0.0,0.0,0.0,0.0,0.0,0.0,0.0,0.0,0.0,0.0,0.0,0.0,0.0,0.0,0.0,0.0,0.0,0.0,0.0,0.0,0.0,0.0,0.0,0.0,0.0,0.0,0.0,0.0,0.0,0.0,0.0,0.0,0.0,0.0,0.0,0.0,0.0,0.0,0.0,0.0,0.0,0.0,0.0,0.0,0.0,0.0,0.0,0.0,0.0,0.0,0.0,0.0,0.0,0.0,0.0,0.0,0.0,0.0,0.0,0.0,0.0,0.0,0.0,0.0,0.0,0.0,0.0,0.0,0.0,0.0,0.0,0.0,0.0,0.0,0.0,0.0,0.0,0.0,0,0,0,0,0,0,0,0,ACY_*****(*)****,acyclic_anonymous_graph,train,0,0,0,0,0,0,0,0,0,0,0,0,0,0,0,0,0,0,0,0,0,0,0,0,0,1,1,0,0,0,0,0,0,1,0,0,0,0,1,0,0,0,0,1,0,0,0,0,0,0,0,0,0,0,0,0,0,0,0,0,0,0,0,0,0,0,0,0,0,0,0,0,0,0,0,0,0,0,0,1,1,0,0,0,0,0,0,0,0,0,0,0,0,0,0,0,0,0,0,0,0,0,0,0,0,0,0,0,0,0,0,0,0,0,0,0,0,0,0,1,1,0,0,0,0,0,0,0,0,0,0,0,0,0,0,1,0,0,1,0,0,0,0,0,0,0,0,0,0,0,0,1,0,1,0,0,0,1,0,0,0,0,0,0,0,0,0,0,0,0,0,0,0,0,0,0,0,0,0,0,0,0,0,0,0,0,0,0,0,0,0,0,0,0,0,0,0,0,0,0,0,0,0,0,0,0,0,0,0,0,0,0,0,0,0,0,0,0,0,0,0,0,0,0,0,0,0,0,0,0,0,0,0,0,0,0,0,0,0,0,0,0,0,0,0,0,0,0,0,0,0,0,0,0,0,0,,,,,,,,11.240833333333335,1.0820833333333333,11.240833333333335,-1.990618518518518,10.158750000000001,6.161458333333334,5.079375000000001,0.09843730773963331,3.7370315042109294,19.745936568657093,0.0,0.0,8.873485060689301,25.683286491704038,0.0,0.0,13.847474399381248,0.0,3.076944615155273,0.0,71.3240335475123,71.22712713558695,7.819990956308912,7.150888977583149,4.808060412490447,4.3254444887915735,10.598701298701297,7.70288205908555,6.71499793063001,60.0,0.0,,,,,17.07,3.0086000000000013,45.87050000000002,0.0,1.6
10837,OC(CN(Cc1ccccc1)CC(O)C1CCc2cc(F)ccc2O1)C1CCc2cc(F)ccc2O1,0,10837,OC(CN(Cc1ccccc1)CC(O)C1CCc2cc(F)ccc2O1)C1CCc2cc(F)ccc2O1,10837,OC(CN(Cc1ccccc1)CC(O)C1CCc2cc(F)ccc2O1)C1CCc2cc(F)ccc2O1,OC(CN(Cc1ccccc1)CC(O)C1CCc2cc(F)ccc2O1)C1CCc2cc(F)ccc2O1,OC(CN(Cc1ccccc1)CC(O)C1CCc2cc(F)ccc2O1)C1CCc2cc(F)ccc2O1,OC(CN(Cc1ccccc1)CC(O)C1CCc2cc(F)ccc2O1)C1CCc2cc(F)ccc2O1,10837.0,1.0,0.0,0.0,0.0,0.0,0.0,0.0,c1ccc(CN(CCC2CCc3ccccc3O2)CCC2CCc3ccccc3O2)cc1,495.5660000000002,4.276200000000004,62.16000000000001,2.0,5.0,8.0,5.0,3.0,7.0,0.3793103448275862,36.0,0.0,0.0,0.0,0.0,0.0,0.0,1.0,1.0,0.0,0.0,0.0,0.0,0.0,0.0,0.0,0.0,0.0,0.0,0.0,0.0,0.0,0.0,0.0,0.0,0.0,0.0,0.0,0.0,0.0,0.0,2.0,1.0,0.0,0.0,2.0,1.0,0.0,0.0,0.0,0.0,0.0,0.0,0.0,0.0,0.0,0.0,0.0,0.0,0.0,0.0,0.0,0.0,0.0,0.0,3.0,1.0,18.0,1.0,4.0,1.0,0.0,0.0,2.0,1.0,2.0,1.0,0.0,0.0,0.0,0.0,0.0,0.0,0.0,0.0,0.0,0.0,0.0,0.0,0.0,0.0,0.0,0.0,0.0,0.0,0.0,0.0,0.0,0.0,0.0,0.0,0.0,0.0,0.0,0.0,0.0,0.0,0.0,0.0,0.0,0.0,0.0,0.0,0.0,0.0,0.0,0.0,0.0,0.0,0.0,0.0,0.0,0.0,0.0,0.0,0.0,0.0,0.0,0.0,0.0,0.0,0.0,0.0,0.0,0.0,0.0,0.0,0.0,0.0,0.0,0.0,0.0,0.0,0.0,0.0,0.0,0.0,0.0,0.0,0.0,0.0,0.0,0.0,0.0,0.0,0.0,0.0,0.0,0.0,0.0,0.0,0.0,0.0,0.0,0.0,0.0,0.0,0.0,0.0,0.0,0.0,0.0,0.0,0.0,0.0,0.0,0.0,0.0,0.0,0.0,0.0,0.0,0.0,0.0,0.0,0.0,0.0,0.0,0.0,0.0,0.0,0.0,0.0,0.0,0.0,0.0,0.0,0.0,0.0,0.0,0.0,0.0,0.0,0.0,0.0,0.0,0.0,0.0,0.0,0.0,0.0,0.0,0.0,0.0,0.0,2.0,1.0,0.0,0.0,0.0,0.0,0.0,0.0,0.0,0.0,0.0,0.0,0.0,0.0,0.0,0.0,0.0,0.0,0.0,0.0,0.0,0.0,0.0,0.0,0.0,0.0,0.0,0.0,0.0,0.0,0.0,0.0,0.0,0.0,0.0,0.0,0.0,0.0,0.0,0.0,0.0,0.0,0.0,0.0,0.0,0.0,0.0,0.0,0.0,0.0,0.0,0.0,1.0,1.0,0.0,0.0,1.0,1.0,0,0,0,0,0,0,0,1,c1ccc(CN(CCC2CCc3ccccc3O2)CCC2CCc3ccccc3O2)cc1,murcko,train,0,1,0,0,0,0,0,0,0,0,1,1,0,0,0,0,0,0,0,0,1,0,0,1,0,0,0,0,0,0,0,0,0,0,0,0,0,0,0,1,0,0,1,1,1,1,0,0,0,0,0,0,0,0,0,0,0,0,0,0,0,0,0,0,1,0,0,0,1,0,0,0,0,0,0,0,0,0,1,0,1,1,0,0,0,0,0,0,0,0,0,0,0,0,0,0,0,0,0,0,1,0,0,0,0,0,0,1,0,0,0,0,0,1,0,0,0,0,0,0,0,0,0,1,0,0,0,0,0,0,1,0,0,1,1,0,1,0,1,0,0,0,0,0,1,0,1,0,0,0,0,0,0,0,0,0,0,0,1,0,0,0,0,0,0,0,0,0,0,0,0,0,0,0,0,1,0,0,0,0,0,0,0,0,0,0,0,1,0,0,0,0,0,0,0,0,0,0,0,0,0,1,1,1,0,0,0,1,0,0,0,0,1,0,1,0,0,0,1,0,0,0,0,0,0,0,0,1,0,0,0,0,0,0,0,0,0,0,1,0,0,0,0,0,0,0,0,0,0,0,0,1,0,0,0,0,0.12606223447779347,-0.4873793216990756,-0.05401764543965695,0.6134415561768691,0.4873793216990756,1.0314325442648435,-2.9760677800924937,13.541849553942628,0.2933206270341009,13.541849553942628,-0.7962123196768769,13.248528926908527,6.917585090488364,6.624264463454264,0.07548007824241847,3.6119469375165676,24.41586555099321,11.63444168209179,56.81657937600957,16.690354475090988,24.26546827384644,12.13273413692322,35.23174507315853,0.0,9.473725907600098,18.99388488503105,0.0,209.45475492239092,209.65479936074493,25.070338854006458,20.02406781959628,17.44069338122455,12.469769708059031,24.68371073776479,10.947668209327162,5.8601134215500945,190.0,0.0,0.12606223447779347,-0.4873793216990756,0.4873793216990756,0.12606223447779347,62.16000000000001,4.276200000000004,132.0066,0.0,1.7517241379310347
10573,CC(c1ccccc1)c1ccc(O)cc1O,0,10573,CC(c1ccccc1)c1ccc(O)cc1O,10573,CC(c1ccccc1)c1ccc(O)cc1O,CC(c1ccccc1)c1ccc(O)cc1O,CC(c1ccccc1)c1ccc(O)cc1O,CC(c1ccccc1)c1ccc(O)cc1O,10573.0,1.0,0.0,0.0,0.0,0.0,0.0,0.0,c1ccc(Cc2ccccc2)cc1,214.264,3.2496000000000014,40.46,2.0,2.0,2.0,2.0,2.0,2.0,0.1428571428571428,16.0,0.0,0.0,0.0,0.0,0.0,0.0,0.0,0.0,0.0,0.0,0.0,0.0,0.0,0.0,0.0,0.0,0.0,0.0,0.0,0.0,0.0,0.0,0.0,0.0,0.0,0.0,0.0,0.0,0.0,0.0,0.0,0.0,2.0,1.0,0.0,0.0,0.0,0.0,0.0,0.0,0.0,0.0,0.0,0.0,0.0,0.0,0.0,0.0,0.0,0.0,0.0,0.0,0.0,0.0,2.0,1.0,12.0,1.0,0.0,0.0,0.0,0.0,0.0,0.0,0.0,0.0,0.0,0.0,0.0,0.0,0.0,0.0,0.0,0.0,0.0,0.0,0.0,0.0,0.0,0.0,0.0,0.0,0.0,0.0,0.0,0.0,0.0,0.0,0.0,0.0,0.0,0.0,0.0,0.0,0.0,0.0,0.0,0.0,0.0,0.0,0.0,0.0,0.0,0.0,0.0,0.0,0.0,0.0,0.0,0.0,0.0,0.0,0.0,0.0,0.0,0.0,0.0,0.0,0.0,0.0,0.0,0.0,0.0,0.0,0.0,0.0,0.0,0.0,0.0,0.0,0.0,0.0,0.0,0.0,0.0,0.0,0.0,0.0,0.0,0.0,0.0,0.0,0.0,0.0,0.0,0.0,0.0,0.0,0.0,0.0,0.0,0.0,0.0,0.0,0.0,0.0,0.0,0.0,0.0,0.0,0.0,0.0,0.0,0.0,0.0,0.0,0.0,0.0,0.0,0.0,0.0,0.0,0.0,0.0,0.0,0.0,0.0,0.0,0.0,0.0,0.0,0.0,0.0,0.0,0.0,0.0,0.0,0.0,0.0,0.0,0.0,0.0,0.0,0.0,0.0,0.0,0.0,0.0,0.0,0.0,0.0,0.0,0.0,0.0,0.0,0.0,0.0,0.0,0.0,0.0,0.0,0.0,0.0,0.0,0.0,0.0,0.0,0.0,0.0,0.0,0.0,0.0,0.0,0.0,0.0,0.0,0.0,0.0,0.0,0.0,0.0,0.0,0.0,0.0,0.0,0.0,0.0,0.0,0.0,0.0,0.0,0.0,0.0,0.0,0.0,0.0,0.0,0.0,0.0,0.0,0.0,0.0,0.0,0.0,0.0,0.0,0.0,0.0,0.0,0.0,0.0,0.0,0,0,0,0,0,0,0,0,c1ccc(Cc2ccccc2)cc1,murcko,train,0,1,0,0,0,0,0,1,0,0,0,0,0,0,0,0,0,0,0,0,0,0,0,0,0,0,0,1,0,0,0,0,0,1,0,0,0,1,0,1,0,0,0,0,0,1,0,0,0,0,0,0,0,0,0,0,0,0,0,0,0,0,0,0,1,0,1,0,0,0,0,1,0,0,0,0,0,0,0,0,0,1,0,1,0,1,0,0,0,0,0,0,0,0,0,0,0,0,0,0,1,0,1,0,0,0,0,1,0,0,0,0,0,0,0,0,0,0,0,0,0,0,0,0,0,1,0,0,0,0,0,0,0,1,0,0,0,1,0,0,0,0,0,0,0,0,0,0,0,0,0,0,0,0,0,0,0,1,0,0,0,0,0,0,0,0,0,0,0,0,0,0,0,0,0,1,0,0,0,0,0,0,0,0,0,0,0,0,0,0,0,0,0,0,0,0,0,0,0,0,0,0,0,0,0,0,0,0,0,0,0,0,0,0,1,0,0,0,0,0,0,0,0,0,0,0,0,0,0,0,0,0,0,1,0,0,0,1,0,0,0,0,0,0,0,0,0,0,0,0,0,0,0,0,0,0,0.12256453647361616,-0.5078229597216117,-0.0755914508887619,0.6303874961952279,0.5078229597216117,0.2744482747421346,-1.483911488962325,9.763080120937264,0.08473303518938469,9.763080120937264,0.08473303518938469,9.67834708574788,4.923906578063324,4.83917354287394,0.10332342817841053,2.5050616365265213,0.0,17.416929712729203,0.0,11.126902983393991,6.06636706846161,12.13273413692322,37.255572541998674,0.0,0.0,10.213054789681411,0.0,94.80684905874624,94.21156123318812,11.543605595440512,9.09057961370655,7.681540550352056,5.250631608114755,10.554231552738797,4.270110309531728,2.0070179615559685,82.0,0.0,0.12256453647361616,-0.5078229597216117,0.5078229597216117,0.12256453647361616,40.46,3.2496000000000014,63.73060000000004,0.0,0.45714285714285713
7402,CC(=O)C(N=Nc1ccc([N+](=O)[O-])cc1)C(=O)Nc1ccc2[nH]c(=O)[nH]c2c1,0,7402,CC(=O)C(N=Nc1ccc([N+](=O)[O-])cc1)C(=O)Nc1ccc2[nH]c(=O)[nH]c2c1,7402,CC(=O)C(N=Nc1ccc([N+](=O)[O-])cc1)C(=O)Nc1ccc2[nH]c(=O)[nH]c2c1,CC(=O)C(N=Nc1ccc([N+](=O)[O-])cc1)C(=O)Nc1ccc2[nH]c(=O)[nH]c2c1,CC(=O)C(N=Nc1ccc([N+](=O)[O-])cc1)C(=O)Nc1ccc2[nH]c(=O)[nH]c2c1,CC(=O)C(N=Nc1ccc([N+](=O)[O-])cc1)C(=O)Nc1ccc2[nH]c(=O)[nH]c2c1,7402.0,1.0,0.0,0.0,0.0,0.0,0.0,0.0,O=C(CN=Nc1ccccc1)Nc1ccc2[nH]c(=O)[nH]c2c1,382.33600000000007,2.4444,162.67999999999998,3.0,7.0,6.0,3.0,3.0,11.0,0.1176470588235294,28.0,0.0,1.0,0.0,0.0,0.0,0.0,0.0,0.0,0.0,0.0,1.0,1.0,0.0,0.0,0.0,0.0,2.0,1.0,0.0,0.0,0.0,0.0,1.0,1.0,0.0,0.0,0.0,0.0,0.0,0.0,0.0,0.0,0.0,0.0,0.0,0.0,0.0,0.0,1.0,1.0,0.0,0.0,0.0,0.0,0.0,0.0,0.0,0.0,0.0,0.0,0.0,0.0,0.0,0.0,2.0,1.0,23.0,1.0,2.0,1.0,0.0,0.0,0.0,0.0,0.0,0.0,0.0,0.0,0.0,0.0,0.0,0.0,0.0,0.0,0.0,0.0,0.0,0.0,0.0,0.0,0.0,0.0,0.0,0.0,0.0,0.0,0.0,0.0,0.0,0.0,0.0,0.0,0.0,0.0,0.0,0.0,0.0,0.0,0.0,0.0,0.0,0.0,0.0,0.0,0.0,0.0,0.0,0.0,0.0,0.0,0.0,0.0,0.0,0.0,0.0,0.0,0.0,0.0,1.0,1.0,0.0,0.0,0.0,0.0,1.0,1.0,1.0,1.0,0.0,0.0,0.0,0.0,1.0,1.0,0.0,0.0,0.0,0.0,0.0,0.0,0.0,0.0,0.0,0.0,0.0,0.0,0.0,0.0,0.0,0.0,0.0,0.0,0.0,0.0,0.0,0.0,0.0,0.0,0.0,0.0,0.0,0.0,0.0,0.0,0.0,0.0,0.0,0.0,0.0,0.0,0.0,0.0,0.0,0.0,0.0,0.0,0.0,0.0,0.0,0.0,0.0,0.0,0.0,0.0,0.0,0.0,0.0,0.0,0.0,0.0,0.0,0.0,0.0,0.0,0.0,0.0,0.0,0.0,0.0,0.0,0.0,0.0,0.0,0.0,0.0,0.0,0.0,0.0,0.0,0.0,0.0,0.0,0.0,0.0,0.0,0.0,0.0,0.0,0.0,0.0,0.0,0.0,0.0,0.0,0.0,0.0,0.0,0.0,0.0,0.0,0.0,0.0,1.0,1.0,1.0,1.0,0.0,0.0,0.0,0.0,0.0,0.0,0.0,0.0,0.0,0.0,0.0,0.0,0.0,0.0,0.0,0.0,0.0,0.0,0.0,0.0,1.0,6.0,1.0,4.0,1.0,2.0,0,0,1,0,0,0,0,0,O=C(CN=Nc1ccccc1)Nc1ccc2[nH]c(=O)[nH]c2c1,murcko,train,1,1,0,0,0,0,0,0,0,0,0,0,0,0,0,0,0,1,0,0,0,0,1,0,1,0,0,0,0,0,0,0,0,1,1,0,0,0,0,1,0,0,0,0,0,0,0,1,0,0,0,0,0,0,0,0,0,0,1,0,0,1,1,0,0,0,0,0,0,0,1,0,0,0,0,1,0,0,0,0,0,1,0,0,0,0,0,0,1,0,1,0,0,0,0,1,0,1,0,0,1,0,0,0,0,0,0,1,0,0,0,0,0,0,0,0,0,0,0,1,0,0,0,0,0,1,0,0,1,0,0,0,0,0,1,0,0,1,1,0,0,0,0,0,0,0,0,1,0,1,0,0,0,0,0,0,0,0,0,0,0,0,0,1,0,0,1,0,0,0,0,1,0,0,0,0,0,0,0,0,0,0,0,0,1,0,0,0,0,0,0,1,0,0,0,1,0,0,0,0,0,0,1,1,0,0,0,0,0,1,0,0,1,1,1,0,0,0,0,0,0,0,0,0,0,0,0,0,0,0,0,0,0,0,0,0,0,0,0,0,0,1,0,0,0,0,0,0,0,1,1,0,0,0,0,0,0.32330810645619573,-0.323685953996622,-0.040955699896554044,0.6469940604528177,0.323685953996622,1.5847941671438146,-2.731553764247328,12.405316174309231,0.11296160439544756,12.405316174309231,-1.3924419721592345,12.292354569913783,6.259138889352339,6.146177284956892,0.08135137937263502,3.187088316838034,22.655576553682074,17.064515947570598,16.720787709916088,0.0,37.255572541998674,12.13273413692322,0.0,25.513245897159543,0.0,24.497929820981035,0.0,156.19292076757168,155.8403626082312,20.25878406613483,14.501684392336198,13.329407595892897,8.019684638561156,18.635441974791334,7.61477927716478,4.1485819714822,142.0,0.0,0.32330810645619573,-0.323685953996622,0.323685953996622,0.32330810645619573,162.67999999999998,2.4444,99.63050000000003,1.5,1.247058823529412
2820,CCCC(C)=NO[Si](ON=C(C)CCC)(ON=C(C)CCC)ON=C(C)CCC,1,2820,CCCC(C)=NO[Si](ON=C(C)CCC)(ON=C(C)CCC)ON=C(C)CCC,2820,CCCC(C)=NO[Si](ON=C(C)CCC)(ON=C(C)CCC)ON=C(C)CCC,CCCC(C)=NO[Si](ON=C(C)CCC)(ON=C(C)CCC)ON=C(C)CCC,CCCC(C)=NO[Si](ON=C(C)CCC)(ON=C(C)CCC)ON=C(C)CCC,CCCC(C)=NO[Si](ON=C(C)CCC)(ON=C(C)CCC)ON=C(C)CCC,2820.0,1.0,0.0,0.0,0.0,0.0,0.0,0.0,,428.65000000000026,6.192400000000007,86.36,0.0,8.0,16.0,0.0,0.0,9.0,0.8,29.0,0.0,0.0,0.0,0.0,0.0,0.0,0.0,0.0,0.0,0.0,0.0,0.0,0.0,0.0,0.0,0.0,0.0,0.0,0.0,0.0,0.0,0.0,0.0,0.0,0.0,0.0,4.0,1.0,0.0,0.0,0.0,0.0,0.0,0.0,0.0,0.0,0.0,0.0,0.0,0.0,0.0,0.0,0.0,0.0,0.0,0.0,0.0,0.0,0.0,0.0,0.0,0.0,0.0,0.0,0.0,0.0,0.0,0.0,0.0,0.0,0.0,0.0,0.0,0.0,0.0,0.0,0.0,0.0,0.0,0.0,0.0,0.0,0.0,0.0,0.0,0.0,0.0,0.0,0.0,0.0,0.0,0.0,0.0,0.0,0.0,0.0,0.0,0.0,0.0,0.0,0.0,0.0,0.0,0.0,0.0,0.0,0.0,0.0,0.0,0.0,0.0,0.0,0.0,0.0,0.0,0.0,0.0,0.0,0.0,0.0,0.0,0.0,0.0,0.0,0.0,0.0,0.0,0.0,0.0,0.0,0.0,0.0,0.0,0.0,0.0,0.0,0.0,0.0,0.0,0.0,0.0,0.0,0.0,0.0,0.0,0.0,0.0,0.0,0.0,0.0,0.0,0.0,0.0,0.0,0.0,0.0,0.0,0.0,0.0,0.0,0.0,0.0,0.0,0.0,0.0,0.0,0.0,0.0,0.0,0.0,0.0,0.0,0.0,0.0,0.0,0.0,0.0,0.0,0.0,0.0,0.0,0.0,0.0,0.0,0.0,0.0,0.0,0.0,0.0,0.0,0.0,0.0,0.0,0.0,0.0,0.0,0.0,0.0,0.0,0.0,0.0,0.0,0.0,0.0,0.0,0.0,0.0,0.0,0.0,0.0,0.0,0.0,0.0,0.0,0.0,0.0,0.0,0.0,0.0,0.0,0.0,0.0,0.0,0.0,0.0,0.0,0.0,0.0,0.0,0.0,0.0,0.0,0.0,0.0,0.0,0.0,0.0,0.0,0.0,0.0,0.0,0.0,0.0,0.0,0.0,0.0,0.0,0.0,0.0,0.0,0.0,0.0,0.0,0.0,0.0,0.0,0.0,0.0,0.0,0.0,0.0,0.0,0.0,0.0,0.0,0.0,0.0,0.0,0.0,0.0,0.0,0.0,0,0,0,0,0,0,0,0,ACY_****(*)***(***(*)***)(***(*)***)***(*)***,acyclic_anonymous_graph,train,0,0,0,0,0,0,0,0,0,0,0,0,0,0,0,0,0,0,0,0,0,0,0,0,0,0,1,0,1,0,0,0,0,1,0,0,0,0,1,1,0,0,0,0,0,0,0,0,0,0,0,0,0,0,1,0,0,0,0,0,0,0,0,0,0,0,0,0,0,0,0,0,0,0,0,0,0,1,0,0,1,0,0,1,0,0,0,0,0,0,0,0,0,0,0,1,0,0,0,0,0,1,0,0,0,0,0,0,0,0,0,0,0,0,0,0,0,0,0,0,0,0,1,0,0,0,0,0,0,0,0,0,0,0,0,0,0,0,0,0,0,0,0,0,0,0,0,0,0,0,0,0,0,0,0,0,0,0,0,0,0,0,0,0,0,0,0,0,0,1,0,0,0,0,0,1,1,0,0,0,0,0,0,1,0,0,0,0,0,0,0,0,0,0,0,0,0,0,0,0,0,0,1,0,0,0,0,0,0,0,0,0,0,1,0,0,0,0,0,0,0,0,0,0,0,0,0,0,0,0,0,0,0,0,0,0,0,0,0,0,0,0,0,0,0,0,0,0,0,1,1,0,0,0,0,0,1.0520527249401646,-0.3399843406247365,-0.03815536074026432,1.392037065564901,1.0520527249401646,1.263985672432514,-2.3704911339001793,5.668687405517763,0.790546663683839,5.668687405517763,-3.9127179390274636,4.878140741833924,3.2296170346008006,2.439070370916962,0.20499613539728512,2.13819705953428,9.047956109198802,0.0,0.0,74.21331299449088,0.0,0.0,27.694948798762496,48.317799705764656,18.10692262422334,0.0,0.0,177.39907742175518,177.38094023244017,22.12310957574326,19.578701793347662,13.818028087588694,10.683861202387147,27.096883116883117,15.955208912523798,13.034099168448908,168.0,0.0,1.0520527249401646,-0.3399843406247365,1.0520527249401646,0.3399843406247365,86.36,6.192400000000007,122.16200000000009,0.0,3.5200000000000005
6361,Cc1cc(O)ccc1C(C)C,1,6361,Cc1cc(O)ccc1C(C)C,6361,Cc1cc(O)ccc1C(C)C,Cc1cc(O)ccc1C(C)C,Cc1cc(O)ccc1C(C)C,Cc1cc(O)ccc1C(C)C,6361.0,1.0,0.0,0.0,0.0,0.0,0.0,0.0,c1ccccc1,150.22099999999998,2.824020000000001,20.23,1.0,1.0,1.0,1.0,1.0,1.0,0.4,11.0,0.0,0.0,0.0,0.0,0.0,0.0,0.0,0.0,0.0,0.0,0.0,0.0,0.0,0.0,0.0,0.0,0.0,0.0,0.0,0.0,0.0,0.0,0.0,0.0,0.0,0.0,0.0,0.0,0.0,0.0,0.0,0.0,1.0,1.0,0.0,0.0,0.0,0.0,0.0,0.0,0.0,0.0,0.0,0.0,0.0,0.0,0.0,0.0,0.0,0.0,0.0,0.0,0.0,0.0,1.0,1.0,6.0,1.0,0.0,0.0,0.0,0.0,0.0,0.0,0.0,0.0,0.0,0.0,0.0,0.0,0.0,0.0,0.0,0.0,0.0,0.0,0.0,0.0,0.0,0.0,0.0,0.0,0.0,0.0,0.0,0.0,0.0,0.0,0.0,0.0,0.0,0.0,0.0,0.0,0.0,0.0,0.0,0.0,0.0,0.0,0.0,0.0,0.0,0.0,0.0,0.0,0.0,0.0,0.0,0.0,0.0,0.0,0.0,0.0,0.0,0.0,0.0,0.0,0.0,0.0,0.0,0.0,0.0,0.0,0.0,0.0,0.0,0.0,0.0,0.0,0.0,0.0,0.0,0.0,0.0,0.0,0.0,0.0,0.0,0.0,0.0,0.0,0.0,0.0,0.0,0.0,0.0,0.0,0.0,0.0,0.0,0.0,0.0,0.0,0.0,0.0,0.0,0.0,0.0,0.0,0.0,0.0,0.0,0.0,0.0,0.0,0.0,0.0,0.0,0.0,0.0,0.0,0.0,0.0,0.0,0.0,0.0,0.0,0.0,0.0,0.0,0.0,0.0,0.0,0.0,0.0,0.0,0.0,0.0,0.0,0.0,0.0,0.0,0.0,0.0,0.0,0.0,0.0,0.0,0.0,0.0,0.0,0.0,0.0,0.0,0.0,0.0,0.0,0.0,0.0,0.0,0.0,0.0,0.0,0.0,0.0,0.0,0.0,0.0,0.0,0.0,0.0,0.0,0.0,0.0,0.0,0.0,0.0,0.0,0.0,0.0,0.0,0.0,0.0,0.0,0.0,0.0,0.0,0.0,0.0,0.0,0.0,0.0,0.0,0.0,0.0,0.0,0.0,0.0,0.0,0.0,0.0,0.0,0.0,0.0,0.0,0.0,0.0,0.0,0.0,0.0,0.0,0,0,0,0,0,0,0,0,c1ccccc1,murcko,train,0,1,0,0,0,0,0,1,0,0,0,0,0,0,0,0,0,0,0,0,0,0,0,0,0,0,0,1,0,0,0,0,0,1,0,0,0,1,0,1,0,0,0,0,0,0,0,0,0,0,0,0,0,1,0,0,0,0,0,0,0,0,0,0,0,0,1,0,0,0,0,0,0,0,0,0,0,0,0,0,0,1,0,0,0,0,1,0,0,0,0,0,0,0,0,0,0,0,0,0,1,0,0,0,0,0,0,1,0,0,0,1,0,0,0,0,0,0,0,0,0,1,0,0,0,1,0,0,0,0,0,0,0,0,0,0,0,0,0,0,0,0,0,0,0,0,0,0,0,0,0,0,1,0,0,0,0,0,0,0,0,0,0,0,0,0,0,0,0,0,0,0,0,0,0,0,0,0,0,0,0,0,0,0,0,0,1,0,0,0,0,0,0,0,0,0,0,0,0,0,0,0,0,0,0,0,0,0,0,0,0,0,0,0,1,0,0,0,0,0,0,0,0,0,0,0,0,0,0,0,0,0,0,1,0,0,0,1,0,0,0,0,0,0,0,0,0,0,0,0,0,0,0,0,0,0,0.11536006821961103,-0.5079562182983991,-0.06808597434687842,0.6233162865180102,0.5079562182983991,0.11536006821961103,-0.8643057860352736,9.119283824640968,0.3536111111111113,9.119283824640968,0.3536111111111113,8.765672713529856,4.73644746787604,4.382836356764928,0.11408137546094956,2.5592941179885114,0.0,0.0,11.6674178794453,0.0,11.126902983393991,12.13273413692322,12.990104268152233,13.847474399381248,5.106527394840706,0.0,0.0,67.6854053292794,66.8711610621367,8.430721420318147,7.256614672258461,5.109060905280622,3.9050163424366287,8.119800399201598,2.9516118607817234,1.7320313091781339,60.0,0.0,0.11536006821961103,-0.5079562182983991,0.5079562182983991,0.11536006821961103,20.23,2.824020000000001,46.932800000000036,0.0,0.36000000000000004
2533,CC=CC=CC(=O)O,1,2533,CC=CC=CC(=O)O,2533,CC=CC=CC(=O)O,CC=CC=CC(=O)O,CC=CC=CC(=O)O,CC=CC=CC(=O)O,2533.0,1.0,0.0,0.0,0.0,0.0,0.0,0.0,,112.128,1.2033,37.3,1.0,1.0,2.0,0.0,0.0,2.0,0.1666666666666666,8.0,0.0,0.0,0.0,0.0,0.0,0.0,0.0,0.0,0.0,0.0,0.0,0.0,0.0,0.0,0.0,0.0,0.0,0.0,0.0,0.0,0.0,0.0,0.0,0.0,0.0,0.0,0.0,0.0,0.0,0.0,0.0,0.0,0.0,0.0,0.0,0.0,0.0,0.0,0.0,0.0,1.0,1.0,0.0,0.0,0.0,0.0,0.0,0.0,0.0,0.0,2.0,1.0,0.0,0.0,0.0,0.0,0.0,0.0,0.0,0.0,0.0,0.0,0.0,0.0,0.0,0.0,0.0,0.0,0.0,0.0,0.0,0.0,0.0,0.0,0.0,0.0,0.0,0.0,0.0,0.0,0.0,0.0,0.0,0.0,0.0,0.0,0.0,0.0,0.0,0.0,0.0,0.0,0.0,0.0,0.0,0.0,0.0,0.0,0.0,0.0,0.0,0.0,0.0,0.0,0.0,0.0,0.0,0.0,0.0,0.0,0.0,0.0,0.0,0.0,0.0,0.0,0.0,0.0,0.0,0.0,0.0,0.0,0.0,0.0,0.0,0.0,0.0,0.0,0.0,0.0,0.0,0.0,0.0,0.0,0.0,0.0,0.0,0.0,0.0,0.0,0.0,0.0,0.0,0.0,0.0,0.0,0.0,0.0,0.0,0.0,0.0,0.0,0.0,0.0,0.0,0.0,0.0,0.0,0.0,0.0,0.0,0.0,0.0,0.0,0.0,0.0,0.0,0.0,1.0,1.0,0.0,0.0,0.0,0.0,0.0,0.0,0.0,0.0,0.0,0.0,0.0,0.0,0.0,0.0,0.0,0.0,0.0,0.0,0.0,0.0,0.0,0.0,0.0,0.0,0.0,0.0,0.0,0.0,0.0,0.0,0.0,0.0,0.0,0.0,0.0,0.0,0.0,0.0,0.0,0.0,0.0,0.0,0.0,0.0,0.0,0.0,0.0,0.0,0.0,0.0,0.0,0.0,0.0,0.0,0.0,0.0,0.0,0.0,0.0,0.0,0.0,0.0,0.0,0.0,0.0,0.0,0.0,0.0,0.0,0.0,0.0,0.0,0.0,0.0,0.0,0.0,0.0,0.0,0.0,0.0,0.0,0.0,0.0,0.0,0.0,0.0,1.0,1.0,1.0,1.0,0.0,0.0,0,0,0,0,1,0,0,0,ACY_******(*)*,acyclic_anonymous_graph,train,0,0,0,0,0,0,0,0,0,0,0,0,0,0,0,0,0,0,0,0,0,0,0,0,0,0,0,0,0,0,0,1,0,1,0,0,0,0,0,1,0,0,0,0,0,0,0,0,0,0,0,0,0,0,0,0,0,0,0,0,0,0,0,0,0,0,0,0,0,0,0,0,0,0,0,0,1,0,0,0,0,0,0,0,0,0,0,0,0,0,0,0,0,0,0,0,0,0,0,0,0,0,0,0,0,0,0,0,0,0,0,1,0,0,0,0,0,0,0,0,1,0,0,0,1,1,0,0,0,0,0,0,0,1,0,0,0,0,1,0,0,0,0,0,0,0,0,0,0,0,0,0,0,0,0,0,0,0,0,0,0,0,0,0,0,0,0,0,0,0,0,1,0,0,0,0,1,0,0,0,0,0,1,0,0,0,0,0,0,0,0,0,0,0,0,0,0,0,0,0,0,0,0,0,0,0,0,0,1,0,0,0,0,0,0,0,0,0,0,0,0,0,0,0,0,0,0,0,0,0,0,0,0,0,0,0,0,0,0,0,0,0,0,0,0,0,0,0,0,0,0,0,1,0,0,0,0.32779921591098854,-0.47807385841927647,-0.07879394636701144,0.805873074330265,0.47807385841927647,0.3508461840292526,-0.9811977549653441,9.753429705215419,0.9137962962962958,9.753429705215419,-0.9137962962962958,8.839633408919124,5.333613000755857,4.419816704459562,0.11312686326912692,3.218168257195899,5.969305287951849,0.0,0.0,6.076020106833881,6.076020106833881,12.152040213667762,6.923737199690624,0.0,5.106527394840706,4.794537184071822,0.0,48.14051138768385,47.09818749389053,6.405777393935816,4.664862962722324,3.770055610029662,2.2937563467663495,6.949999999999999,4.118067226890756,4.95,44.0,0.0,0.32779921591098854,-0.47807385841927647,0.47807385841927647,0.32779921591098854,37.3,1.2033,31.589799999999986,0.8999999999999999,0.4666666666666667
5887,CCN(CCCl)c1ccc(C=O)cc1,1,5887,CCN(CCCl)c1ccc(C=O)cc1,5887,CCN(CCCl)c1ccc(C=O)cc1,CCN(CCCl)c1ccc(C=O)cc1,CCN(CCCl)c1ccc(C=O)cc1,CCN(CCCl)c1ccc(C=O)cc1,5887.0,1.0,0.0,0.0,0.0,0.0,0.0,0.0,c1ccccc1,211.69200000000004,2.5642000000000005,20.31,0.0,2.0,5.0,1.0,1.0,3.0,0.3636363636363636,14.0,0.0,0.0,0.0,0.0,0.0,0.0,0.0,0.0,0.0,0.0,0.0,0.0,0.0,0.0,0.0,0.0,1.0,1.0,0.0,0.0,0.0,0.0,0.0,0.0,0.0,0.0,0.0,0.0,0.0,0.0,0.0,0.0,0.0,0.0,0.0,0.0,1.0,1.0,0.0,0.0,0.0,0.0,0.0,0.0,0.0,0.0,0.0,0.0,0.0,0.0,0.0,0.0,0.0,0.0,1.0,1.0,6.0,1.0,0.0,0.0,0.0,0.0,1.0,1.0,0.0,0.0,1.0,1.0,0.0,0.0,0.0,0.0,0.0,0.0,0.0,0.0,0.0,0.0,0.0,0.0,0.0,0.0,0.0,0.0,0.0,0.0,0.0,0.0,0.0,0.0,0.0,0.0,0.0,0.0,0.0,0.0,0.0,0.0,0.0,0.0,0.0,0.0,0.0,0.0,0.0,0.0,0.0,0.0,0.0,0.0,0.0,0.0,0.0,0.0,0.0,0.0,0.0,0.0,0.0,0.0,0.0,0.0,1.0,1.0,0.0,0.0,0.0,0.0,0.0,0.0,0.0,0.0,0.0,0.0,0.0,0.0,0.0,0.0,0.0,0.0,1.0,1.0,0.0,0.0,0.0,0.0,1.0,1.0,0.0,0.0,0.0,0.0,0.0,0.0,0.0,0.0,0.0,0.0,0.0,0.0,0.0,0.0,0.0,0.0,0.0,0.0,0.0,0.0,0.0,0.0,0.0,0.0,0.0,0.0,0.0,0.0,0.0,0.0,0.0,0.0,0.0,0.0,0.0,0.0,0.0,0.0,0.0,0.0,0.0,0.0,0.0,0.0,0.0,0.0,0.0,0.0,0.0,0.0,0.0,0.0,0.0,0.0,0.0,0.0,0.0,0.0,0.0,0.0,0.0,0.0,0.0,0.0,0.0,0.0,0.0,0.0,0.0,0.0,1.0,1.0,0.0,0.0,0.0,0.0,0.0,0.0,0.0,0.0,0.0,0.0,0.0,0.0,0.0,0.0,0.0,0.0,0.0,0.0,0.0,0.0,0.0,0.0,0.0,0.0,0.0,0.0,0.0,0.0,0.0,0.0,0.0,0.0,0.0,0.0,0.0,0.0,1.0,4.0,1.0,3.0,1.0,1.0,0,0,1,0,0,0,0,0,c1ccccc1,murcko,train,0,0,0,0,1,0,0,0,0,0,0,0,0,0,0,0,0,0,0,0,0,0,0,0,0,1,0,0,0,0,0,0,0,1,0,0,0,0,1,1,0,0,0,0,0,1,0,0,0,0,0,0,0,1,0,0,0,0,0,0,0,0,0,0,0,0,0,0,0,0,0,0,1,0,0,0,0,0,0,0,1,1,0,0,0,1,0,0,0,0,0,0,0,0,0,0,0,0,0,0,1,0,0,0,0,0,0,0,0,0,0,0,0,1,0,0,0,0,0,0,0,0,0,0,0,0,0,0,0,0,0,0,0,0,0,0,0,0,1,0,0,0,0,0,0,0,0,1,0,0,0,1,0,0,0,0,0,0,0,1,0,0,0,0,1,0,0,1,0,0,0,0,0,0,0,0,1,0,0,0,1,0,1,0,0,0,0,0,0,0,0,0,1,0,0,1,0,0,0,0,0,0,0,0,0,0,0,0,0,0,0,0,0,0,1,0,0,0,0,0,0,0,0,0,0,0,0,0,0,0,0,0,0,0,0,0,1,0,0,0,0,1,0,0,0,0,0,0,0,0,0,0,0,0,0,0,0.14955058972773805,-0.3706178309129062,-0.05210274161532171,0.5201684206406443,0.3706178309129062,0.2867860241747335,-1.0162244067892374,10.448175075585791,0.6143571271101035,10.448175075585791,0.6143571271101035,9.833817948475687,5.531266101347947,4.916908974237844,0.10168990368130694,3.111192910446685,0.0,0.0,11.443454936667335,25.06305960963827,0.0,0.0,24.26546827384644,11.823646930541102,11.600939890232516,4.794537184071822,0.0,89.48073568860883,88.99110682499747,10.38890505706126,8.241498048480821,6.812391710140018,4.676174952918875,11.057041602465333,5.655981083989531,2.739507255002751,76.0,0.0,0.14955058972773805,-0.3706178309129062,0.3706178309129062,0.14955058972773805,20.310000000000002,2.5642000000000005,60.43650000000003,1.3,1.1454545454545455
9701,Cc1[nH]n2c(=O)c3ccccc3nc2c1N=Nc1ccc(Cl)cc1[N+](=O)[O-],0,9701,Cc1[nH]n2c(=O)c3ccccc3nc2c1N=Nc1ccc(Cl)cc1[N+](=O)[O-],9701,Cc1[nH]n2c(=O)c3ccccc3nc2c1N=Nc1ccc(Cl)cc1[N+](=O)[O-],Cc1[nH]n2c(=O)c3ccccc3nc2c1N=Nc1ccc(Cl)cc1[N+](=O)[O-],Cc1[nH]n2c(=O)c3ccccc3nc2c1N=Nc1ccc(Cl)cc1[N+](=O)[O-],Cc1[nH]n2c(=O)c3ccccc3nc2c1N=Nc1ccc(Cl)cc1[N+](=O)[O-],9701.0,1.0,0.0,0.0,0.0,0.0,0.0,0.0,O=c1c2ccccc2nc2c(N=Nc3ccccc3)c[nH]n12,382.76700000000005,4.461220000000003,118.02,1.0,7.0,3.0,4.0,4.0,10.0,0.0588235294117647,27.0,0.0,1.0,0.0,0.0,0.0,0.0,0.0,0.0,0.0,0.0,0.0,0.0,0.0,0.0,0.0,0.0,1.0,1.0,0.0,0.0,0.0,0.0,1.0,1.0,0.0,0.0,0.0,0.0,0.0,0.0,0.0,0.0,0.0,0.0,0.0,0.0,0.0,0.0,0.0,0.0,0.0,0.0,0.0,0.0,0.0,0.0,0.0,0.0,0.0,0.0,0.0,0.0,0.0,0.0,3.0,1.0,41.0,1.0,4.0,1.0,0.0,0.0,1.0,1.0,0.0,0.0,1.0,1.0,0.0,0.0,0.0,0.0,0.0,0.0,0.0,0.0,0.0,0.0,0.0,0.0,0.0,0.0,0.0,0.0,0.0,0.0,0.0,0.0,0.0,0.0,0.0,0.0,0.0,0.0,0.0,0.0,0.0,0.0,0.0,0.0,0.0,0.0,0.0,0.0,0.0,0.0,0.0,0.0,0.0,0.0,0.0,0.0,0.0,0.0,0.0,0.0,0.0,0.0,1.0,1.0,0.0,0.0,0.0,0.0,0.0,0.0,2.0,1.0,0.0,0.0,0.0,0.0,0.0,0.0,0.0,0.0,0.0,0.0,0.0,0.0,0.0,0.0,0.0,0.0,0.0,0.0,0.0,0.0,0.0,0.0,0.0,0.0,0.0,0.0,0.0,0.0,0.0,0.0,0.0,0.0,0.0,0.0,0.0,0.0,0.0,0.0,0.0,0.0,0.0,0.0,0.0,0.0,0.0,0.0,0.0,0.0,0.0,0.0,0.0,0.0,0.0,0.0,0.0,0.0,0.0,0.0,0.0,0.0,0.0,0.0,0.0,0.0,0.0,0.0,0.0,0.0,1.0,1.0,0.0,0.0,0.0,0.0,0.0,0.0,1.0,1.0,0.0,0.0,0.0,0.0,0.0,0.0,0.0,0.0,0.0,0.0,0.0,0.0,0.0,0.0,0.0,0.0,0.0,0.0,0.0,0.0,0.0,0.0,0.0,0.0,0.0,0.0,0.0,0.0,0.0,0.0,0.0,0.0,0.0,0.0,0.0,0.0,0.0,0.0,0.0,0.0,0.0,0.0,0.0,0.0,0.0,0.0,0.0,0.0,0.0,0.0,1.0,4.0,1.0,3.0,1.0,1.0,0,0,1,0,0,0,0,0,O=c1c2ccccc2nc2c(N=Nc3ccccc3)c[nH]n12,murcko,train,0,0,0,0,0,0,0,0,0,0,0,0,0,0,0,0,0,0,1,0,0,0,0,0,0,1,0,0,0,0,0,0,0,1,0,0,0,1,0,0,0,0,0,0,0,0,0,0,1,1,0,0,1,0,1,0,0,0,1,0,0,0,0,1,1,0,0,0,1,0,1,0,0,1,0,0,0,1,0,0,1,1,0,0,0,0,0,0,0,0,1,0,0,0,0,0,0,0,1,0,1,0,0,1,0,0,1,1,0,0,1,0,0,0,0,0,0,0,0,0,0,0,1,0,0,0,1,0,0,1,0,0,0,1,0,0,0,0,1,0,0,0,0,0,0,0,0,1,0,1,0,0,0,0,0,1,0,0,0,0,1,0,0,1,0,1,0,1,1,0,0,1,0,0,0,1,0,0,0,0,1,0,0,0,0,0,1,0,0,0,0,0,0,0,0,0,0,0,0,0,0,0,0,1,1,0,0,0,0,0,0,0,0,1,1,1,1,0,0,0,0,0,0,0,0,0,0,0,0,0,0,0,0,0,0,0,0,0,0,0,0,1,0,0,0,0,0,0,1,0,1,0,0,0,0,0,0.2977093441187006,-0.29161019072499544,-0.027023390451151083,0.589319534843696,0.2977093441187006,1.4325603268704705,-2.1621918690515494,12.624130569940451,0.04748713991769593,12.624130569940451,-0.5847497532963803,12.576643430022756,6.335808854929073,6.288321715011378,0.07951247131749131,3.1918273003089364,4.923311048817671,27.603849978928185,22.28423920161308,0.0,22.714499099000452,31.18920547353706,0.0,20.31116058050704,11.600939890232516,14.908855452837393,0.0,155.62555579111725,155.5360607254734,19.129027554137913,13.880229206227991,12.952397498181158,7.8124932763087,16.855759433028318,6.290678501925421,2.8323881727770264,134.0,0.0,0.2977093441187006,-0.29161019072499544,0.2977093441187006,0.29161019072499544,118.02000000000001,4.461220000000003,100.33810000000001,1.3,0.623529411764706
5753,Cc1cccc([N+](=O)[O-])c1[N+](=O)[O-],0,5753,Cc1cccc([N+](=O)[O-])c1[N+](=O)[O-],5753,Cc1cccc([N+](=O)[O-])c1[N+](=O)[O-],Cc1cccc([N+](=O)[O-])c1[N+](=O)[O-],Cc1cccc([N+](=O)[O-])c1[N+](=O)[O-],Cc1cccc([N+](=O)[O-])c1[N+](=O)[O-],5753.0,1.0,0.0,0.0,0.0,0.0,0.0,0.0,c1ccccc1,182.135,1.81142,86.28,0.0,4.0,2.0,1.0,1.0,6.0,0.1428571428571428,13.0,0.0,1.0,0.0,0.0,0.0,0.0,0.0,0.0,0.0,0.0,0.0,0.0,0.0,0.0,0.0,0.0,2.0,1.0,0.0,0.0,0.0,0.0,0.0,0.0,0.0,0.0,0.0,0.0,0.0,0.0,0.0,0.0,0.0,0.0,0.0,0.0,0.0,0.0,0.0,0.0,0.0,0.0,0.0,0.0,0.0,0.0,0.0,0.0,0.0,0.0,0.0,0.0,0.0,0.0,1.0,1.0,6.0,1.0,0.0,0.0,0.0,0.0,0.0,0.0,0.0,0.0,0.0,0.0,0.0,0.0,0.0,0.0,0.0,0.0,0.0,0.0,0.0,0.0,0.0,0.0,0.0,0.0,0.0,0.0,0.0,0.0,0.0,0.0,0.0,0.0,0.0,0.0,0.0,0.0,0.0,0.0,0.0,0.0,0.0,0.0,0.0,0.0,0.0,0.0,0.0,0.0,0.0,0.0,0.0,0.0,0.0,0.0,0.0,0.0,0.0,0.0,0.0,0.0,2.0,1.0,0.0,0.0,0.0,0.0,0.0,0.0,0.0,0.0,0.0,0.0,0.0,0.0,0.0,0.0,0.0,0.0,0.0,0.0,0.0,0.0,0.0,0.0,0.0,0.0,0.0,0.0,0.0,0.0,0.0,0.0,0.0,0.0,0.0,0.0,0.0,0.0,0.0,0.0,0.0,0.0,0.0,0.0,0.0,0.0,0.0,0.0,0.0,0.0,0.0,0.0,0.0,0.0,0.0,0.0,0.0,0.0,0.0,0.0,0.0,0.0,0.0,0.0,0.0,0.0,0.0,0.0,0.0,0.0,0.0,0.0,0.0,0.0,0.0,0.0,0.0,0.0,0.0,0.0,0.0,0.0,0.0,0.0,0.0,0.0,0.0,0.0,0.0,0.0,0.0,0.0,0.0,0.0,0.0,0.0,0.0,0.0,0.0,0.0,0.0,0.0,0.0,0.0,0.0,0.0,0.0,0.0,0.0,0.0,0.0,0.0,0.0,0.0,0.0,0.0,0.0,0.0,0.0,0.0,0.0,0.0,0.0,0.0,0.0,0.0,0.0,0.0,0.0,0.0,0.0,0.0,0.0,0.0,0.0,0.0,0.0,0.0,1.0,1.0,1.0,1.0,0.0,0.0,0,0,1,0,0,0,0,0,c1ccccc1,murcko,train,0,0,0,0,0,0,0,0,0,0,0,0,0,0,0,1,0,0,0,0,0,0,0,0,0,0,0,0,0,0,0,0,0,1,0,0,0,0,0,0,0,0,0,0,0,0,0,0,0,0,0,0,0,0,0,0,0,0,0,0,0,0,0,0,1,0,0,0,0,0,1,0,0,0,0,0,0,0,0,0,0,1,0,0,0,0,0,0,0,0,0,0,0,0,0,0,0,0,1,0,1,0,0,0,0,1,0,0,0,0,0,1,0,0,0,0,0,0,0,0,0,0,0,0,0,0,0,0,0,0,0,0,0,0,0,0,0,0,1,0,0,0,0,0,0,0,0,0,0,0,0,0,0,0,0,0,0,0,0,0,0,0,0,0,1,0,0,0,0,0,0,1,0,0,0,0,0,0,0,0,0,0,0,0,0,0,1,0,0,0,0,0,0,0,0,0,0,0,0,0,0,0,0,1,1,0,0,1,0,0,0,0,0,0,1,0,0,0,0,0,0,0,0,1,0,0,0,0,0,0,0,0,0,0,0,0,0,0,0,0,0,1,0,0,0,1,0,0,0,1,0,0,0,0,0,0,0.3483841258421114,-0.2580871656361301,-0.021527821531039135,0.6064712914782415,0.3483841258421114,0.8917224768530305,-1.1715841567565393,10.448148148148148,0.29092592592592625,10.448148148148148,-0.7587962962962962,10.157222222222222,5.369537037037037,5.078611111111111,0.09845211398566975,2.83856426110608,21.221394647002466,0.0,5.563451491696996,6.06636706846161,19.056471336613843,0.0,0.0,0.0,0.0,20.228636537531145,0.0,73.10229667889317,72.13632108130605,10.008071689507773,6.759471160424246,6.036581260209188,3.421527274696473,9.110744101633394,3.176550566473556,1.6080083952012025,68.0,0.0,0.3483841258421114,-0.2580871656361301,0.3483841258421114,0.2580871656361301,86.28,1.81142,44.487800000000014,0.8999999999999999,0.45714285714285713
2958,CC1=CC(=O)N(Cc2cccc(CN3C(=O)C=C(C)C3=O)c2)C1=O,1,2958,CC1=CC(=O)N(Cc2cccc(CN3C(=O)C=C(C)C3=O)c2)C1=O,2958,CC1=CC(=O)N(Cc2cccc(CN3C(=O)C=C(C)C3=O)c2)C1=O,CC1=CC(=O)N(Cc2cccc(CN3C(=O)C=C(C)C3=O)c2)C1=O,CC1=CC(=O)N(Cc2cccc(CN3C(=O)C=C(C)C3=O)c2)C1=O,CC1=CC(=O)N(Cc2cccc(CN3C(=O)C=C(C)C3=O)c2)C1=O,2958.0,1.0,0.0,0.0,0.0,0.0,0.0,0.0,O=C1C=CC(=O)N1Cc1cccc(CN2C(=O)C=CC2=O)c1,324.33600000000007,1.3168,74.76,0.0,4.0,4.0,3.0,1.0,6.0,0.2222222222222222,24.0,0.0,0.0,0.0,0.0,0.0,0.0,0.0,0.0,0.0,0.0,4.0,1.0,0.0,0.0,0.0,0.0,0.0,0.0,0.0,0.0,0.0,0.0,0.0,0.0,0.0,0.0,0.0,0.0,0.0,0.0,0.0,0.0,0.0,0.0,0.0,0.0,0.0,0.0,0.0,0.0,0.0,0.0,0.0,0.0,0.0,0.0,0.0,0.0,0.0,0.0,2.0,1.0,0.0,0.0,1.0,1.0,6.0,1.0,0.0,0.0,0.0,0.0,0.0,0.0,0.0,0.0,0.0,0.0,0.0,0.0,0.0,0.0,0.0,0.0,0.0,0.0,0.0,0.0,0.0,0.0,0.0,0.0,0.0,0.0,0.0,0.0,0.0,0.0,0.0,0.0,0.0,0.0,0.0,0.0,0.0,0.0,0.0,0.0,0.0,0.0,0.0,0.0,0.0,0.0,0.0,0.0,0.0,0.0,0.0,0.0,0.0,0.0,0.0,0.0,0.0,0.0,0.0,0.0,0.0,0.0,0.0,0.0,0.0,0.0,0.0,0.0,0.0,0.0,0.0,0.0,0.0,0.0,0.0,0.0,0.0,0.0,0.0,0.0,0.0,0.0,0.0,0.0,0.0,0.0,0.0,0.0,0.0,0.0,0.0,0.0,0.0,0.0,0.0,0.0,0.0,0.0,0.0,0.0,0.0,0.0,0.0,0.0,0.0,0.0,0.0,0.0,0.0,0.0,4.0,1.0,0.0,0.0,0.0,0.0,0.0,0.0,0.0,0.0,0.0,0.0,0.0,0.0,0.0,0.0,0.0,0.0,0.0,0.0,0.0,0.0,0.0,0.0,0.0,0.0,0.0,0.0,0.0,0.0,0.0,0.0,0.0,0.0,0.0,0.0,0.0,0.0,0.0,0.0,0.0,0.0,0.0,0.0,0.0,0.0,0.0,0.0,0.0,0.0,0.0,0.0,0.0,0.0,0.0,0.0,0.0,0.0,0.0,0.0,0.0,0.0,0.0,0.0,0.0,0.0,0.0,0.0,0.0,0.0,0.0,0.0,0.0,0.0,0.0,0.0,0.0,0.0,0.0,0.0,0.0,0.0,2.0,1.0,0.0,0.0,0.0,0.0,1.0,2.0,1.0,1.0,1.0,1.0,0,0,0,0,1,0,0,0,O=C1C=CC(=O)N1Cc1cccc(CN2C(=O)C=CC2=O)c1,murcko,train,1,0,0,0,0,0,0,0,0,0,0,0,0,0,0,1,0,0,0,0,0,0,0,0,0,0,0,0,0,0,0,0,0,1,0,0,0,0,0,0,0,0,1,0,0,0,0,0,0,0,0,0,0,0,0,0,0,0,1,0,0,0,0,0,1,0,0,0,0,0,0,0,0,0,0,0,1,0,0,0,1,1,0,0,1,0,0,0,0,0,0,0,0,0,0,0,0,0,0,0,1,0,0,0,0,0,0,1,1,0,0,1,0,0,0,0,0,0,0,0,0,0,0,0,0,0,0,0,0,0,1,0,0,0,0,0,0,0,1,0,0,0,0,0,0,0,0,0,0,0,0,0,0,0,0,0,0,0,0,0,0,0,0,0,0,0,0,1,0,0,0,0,0,0,0,0,0,0,0,0,0,0,0,0,0,0,1,0,0,0,0,0,0,0,0,0,0,0,0,0,0,0,0,0,0,0,0,0,0,1,0,0,0,0,1,0,0,0,1,1,0,0,0,0,0,0,0,0,0,1,0,0,1,0,1,0,0,0,0,0,0,0,0,0,0,0,0,1,0,0,0,0,0,0,0,0,0.2563673095538885,-0.2706836440325884,-0.03237714588032078,0.5270509535864769,0.2706836440325884,1.1925201677838604,-1.9695716689115592,11.938139512653853,0.16519573570168822,11.938139512653853,-0.3262719222215973,11.772943776952165,6.051667624177771,5.886471888476082,0.08494052285866643,3.110749675473476,0.0,36.71823172923117,11.146209060138535,11.126902983393991,21.951859675368716,38.112942673227685,0.0,0.0,0.0,19.178148736287287,0.0,138.58559586141112,138.2342948576474,17.43035694138864,13.40573553036622,11.363081100704115,7.526553828573038,15.859752401338886,5.882315167598835,2.7800304831580553,122.0,0.0,0.2563673095538885,-0.2706836440325884,0.2706836440325884,0.2563673095538885,74.76,1.3168,85.07000000000004,0.8999999999999999,0.888888888888889
9490,CC(C)c1cc(C(C)C)cc(C(C)C)c1,1,9490,CC(C)c1cc(C(C)C)cc(C(C)C)c1,9490,CC(C)c1cc(C(C)C)cc(C(C)C)c1,CC(C)c1cc(C(C)C)cc(C(C)C)c1,CC(C)c1cc(C(C)C)cc(C(C)C)c1,CC(C)c1cc(C(C)C)cc(C(C)C)c1,9490.0,1.0,0.0,0.0,0.0,0.0,0.0,0.0,c1ccccc1,204.357,5.056800000000004,0.0,0.0,0.0,3.0,1.0,1.0,0.0,0.6,15.0,0.0,0.0,0.0,0.0,0.0,0.0,0.0,0.0,0.0,0.0,0.0,0.0,0.0,0.0,0.0,0.0,0.0,0.0,0.0,0.0,0.0,0.0,0.0,0.0,0.0,0.0,0.0,0.0,0.0,0.0,0.0,0.0,0.0,0.0,0.0,0.0,0.0,0.0,0.0,0.0,0.0,0.0,0.0,0.0,0.0,0.0,0.0,0.0,0.0,0.0,0.0,0.0,0.0,0.0,1.0,1.0,6.0,1.0,0.0,0.0,0.0,0.0,0.0,0.0,0.0,0.0,0.0,0.0,0.0,0.0,0.0,0.0,0.0,0.0,0.0,0.0,0.0,0.0,0.0,0.0,0.0,0.0,0.0,0.0,0.0,0.0,0.0,0.0,0.0,0.0,0.0,0.0,0.0,0.0,0.0,0.0,0.0,0.0,0.0,0.0,0.0,0.0,0.0,0.0,0.0,0.0,0.0,0.0,0.0,0.0,0.0,0.0,0.0,0.0,0.0,0.0,0.0,0.0,0.0,0.0,0.0,0.0,0.0,0.0,0.0,0.0,0.0,0.0,0.0,0.0,0.0,0.0,0.0,0.0,0.0,0.0,0.0,0.0,0.0,0.0,0.0,0.0,0.0,0.0,0.0,0.0,0.0,0.0,0.0,0.0,0.0,0.0,0.0,0.0,0.0,0.0,0.0,0.0,0.0,0.0,0.0,0.0,0.0,0.0,0.0,0.0,0.0,0.0,0.0,0.0,0.0,0.0,0.0,0.0,0.0,0.0,0.0,0.0,0.0,0.0,0.0,0.0,0.0,0.0,0.0,0.0,0.0,0.0,0.0,0.0,0.0,0.0,0.0,0.0,0.0,0.0,0.0,0.0,0.0,0.0,0.0,0.0,0.0,0.0,0.0,0.0,0.0,0.0,0.0,0.0,0.0,0.0,0.0,0.0,0.0,0.0,0.0,0.0,0.0,0.0,0.0,0.0,0.0,0.0,0.0,0.0,0.0,0.0,0.0,0.0,0.0,0.0,0.0,0.0,0.0,0.0,0.0,0.0,0.0,0.0,0.0,0.0,0.0,0.0,0.0,0.0,0.0,0.0,0.0,0.0,0.0,0.0,0.0,0.0,0.0,0.0,0.0,0.0,0.0,0.0,0.0,0.0,0,0,0,0,0,0,0,0,c1ccccc1,murcko,train,0,1,0,0,0,0,0,0,0,0,0,0,1,0,0,0,0,0,0,0,0,0,0,0,0,0,0,1,0,0,0,0,0,1,0,0,0,0,0,0,0,0,0,0,1,0,0,0,0,0,0,0,1,0,0,0,0,0,0,0,0,0,0,0,0,0,0,0,0,0,0,0,0,0,0,0,0,0,0,0,0,1,0,0,0,1,1,0,0,0,0,0,0,0,0,0,0,0,0,0,1,0,0,0,0,0,0,1,0,0,0,0,0,0,0,0,0,0,0,0,0,0,0,0,0,0,0,0,0,0,0,0,0,0,0,0,0,0,0,0,0,0,0,0,0,0,0,0,0,0,0,0,0,0,0,0,0,0,0,0,0,0,0,0,0,0,0,0,0,0,0,0,0,0,0,0,0,0,0,0,0,0,0,0,0,0,0,0,0,0,0,0,0,0,0,0,0,0,0,0,0,0,0,0,0,0,0,0,0,0,0,0,0,0,0,0,0,0,0,0,0,0,0,0,0,0,0,0,0,0,0,0,0,0,0,0,0,0,0,0,0,0,0,0,0,0,0,0,0,0,0,0,0,0,0,0,-0.021861837986389434,-0.058681919496657256,-0.04787981306921067,0.03682008151026782,0.058681919496657256,0.0,-0.7181971960381601,2.3623148148148148,0.626111111111111,2.3623148148148148,0.626111111111111,1.736203703703704,1.4942129629629628,0.868101851851852,0.5759692816383125,1.2859507060857984,0.0,0.0,17.75371813848418,0.0,16.690354475090988,0.0,0.0,59.741524403528565,0.0,0.0,0.0,94.71588214906642,94.18559701710373,11.585421958697399,10.964101615137755,6.913591357920932,6.062177826491072,12.290323488045008,4.828492536597919,3.0866880329040067,84.0,0.0,-0.021861837986389434,-0.058681919496657256,0.058681919496657256,0.021861837986389434,0.0,5.056800000000004,68.70900000000005,0.0,0.8400000000000001
5610,CC(=O)OCc1cc(C(C)=O)ccc1OC(C)=O,1,5610,CC(=O)OCc1cc(C(C)=O)ccc1OC(C)=O,5610,CC(=O)OCc1cc(C(C)=O)ccc1OC(C)=O,CC(=O)OCc1cc(C(C)=O)ccc1OC(C)=O,CC(=O)OCc1cc(C(C)=O)ccc1OC(C)=O,CC(=O)OCc1cc(C(C)=O)ccc1OC(C)=O,5610.0,1.0,0.0,0.0,0.0,0.0,0.0,0.0,c1ccccc1,250.25,1.8776,69.67000000000002,0.0,5.0,4.0,1.0,1.0,5.0,0.3076923076923077,18.0,0.0,0.0,0.0,0.0,0.0,0.0,0.0,0.0,0.0,0.0,0.0,0.0,0.0,0.0,0.0,0.0,0.0,0.0,0.0,0.0,0.0,0.0,0.0,0.0,0.0,0.0,0.0,0.0,0.0,0.0,0.0,0.0,0.0,0.0,2.0,1.0,0.0,0.0,1.0,1.0,0.0,0.0,0.0,0.0,2.0,1.0,0.0,0.0,0.0,0.0,0.0,0.0,0.0,0.0,1.0,1.0,6.0,1.0,0.0,0.0,0.0,0.0,0.0,0.0,0.0,0.0,0.0,0.0,0.0,0.0,0.0,0.0,0.0,0.0,0.0,0.0,0.0,0.0,0.0,0.0,0.0,0.0,0.0,0.0,0.0,0.0,0.0,0.0,0.0,0.0,0.0,0.0,0.0,0.0,0.0,0.0,0.0,0.0,0.0,0.0,0.0,0.0,0.0,0.0,0.0,0.0,0.0,0.0,0.0,0.0,0.0,0.0,0.0,0.0,0.0,0.0,0.0,0.0,0.0,0.0,0.0,0.0,0.0,0.0,0.0,0.0,0.0,0.0,0.0,0.0,0.0,0.0,0.0,0.0,0.0,0.0,0.0,0.0,0.0,0.0,0.0,0.0,0.0,0.0,0.0,0.0,0.0,0.0,0.0,0.0,0.0,0.0,0.0,0.0,0.0,0.0,0.0,0.0,0.0,0.0,0.0,0.0,0.0,0.0,0.0,0.0,0.0,0.0,0.0,0.0,0.0,0.0,0.0,0.0,0.0,0.0,0.0,0.0,0.0,0.0,0.0,0.0,0.0,0.0,0.0,0.0,0.0,0.0,0.0,0.0,0.0,0.0,0.0,0.0,0.0,0.0,0.0,0.0,0.0,0.0,0.0,0.0,0.0,0.0,0.0,0.0,0.0,0.0,0.0,0.0,0.0,0.0,0.0,0.0,0.0,0.0,0.0,0.0,0.0,0.0,0.0,0.0,0.0,0.0,0.0,0.0,0.0,0.0,0.0,0.0,0.0,0.0,0.0,0.0,0.0,0.0,0.0,0.0,0.0,0.0,0.0,0.0,0.0,0.0,0.0,0.0,0.0,0.0,0.0,0.0,0.0,0.0,0.0,0.0,0.0,0.0,0.0,0.0,0.0,0.0,0.0,0.0,0,0,0,0,0,0,0,0,c1ccccc1,murcko,train,0,0,0,0,1,0,0,0,0,0,0,1,0,0,0,0,0,1,0,0,0,0,0,0,0,0,0,0,1,0,0,0,0,1,0,0,0,0,0,1,0,0,0,0,0,0,0,0,0,0,0,0,0,0,0,1,0,0,0,0,0,0,0,0,0,0,0,0,0,1,0,0,0,0,0,0,0,0,1,0,1,1,0,0,0,0,0,0,0,0,0,0,0,0,1,0,0,0,0,0,1,0,0,0,0,1,0,1,0,0,0,0,0,0,0,0,0,0,0,1,0,0,0,0,0,1,0,0,0,0,0,0,0,0,0,0,0,0,1,0,0,0,0,0,0,0,0,1,0,0,0,0,0,0,0,0,0,0,0,0,0,1,0,0,0,0,0,0,0,0,0,0,0,0,0,0,0,0,1,0,0,0,0,1,1,0,0,0,1,0,0,0,0,1,0,0,0,0,0,0,0,0,0,0,0,0,0,0,0,0,0,0,0,0,1,0,0,0,0,0,0,0,0,0,0,0,0,0,0,0,0,0,0,1,0,0,0,0,0,1,0,0,0,0,0,0,0,0,0,1,0,0,0,0,0,0,0.3075358329818372,-0.4608560000404154,-0.03603377448367681,0.7683918330222526,0.4608560000404154,1.1455195591329324,-1.7941274998391152,11.253721340388006,0.04259259259259274,11.253721340388006,-0.4771759259259254,11.211128747795414,5.6481569664902995,5.605564373897707,0.08919708465542711,2.8455365945544187,11.938610575903699,18.13963874416176,11.126902983393991,0.0,26.83757866753348,12.13273413692322,0.0,0.0,9.473725907600098,14.383611552215466,0.0,104.69765467941828,104.03280256773172,13.706742302257043,10.48039904107474,8.396754605515328,5.355007268292261,13.893171193935567,5.952207185873267,4.008920169778624,96.0,0.0,0.3075358329818372,-0.4608560000404154,0.4608560000404154,0.3075358329818372,69.67000000000002,1.8776,63.22550000000003,0.0,1.3230769230769233
4307,Oc1ccc(C(c2ccc(O)cc2)(C(F)(F)F)C(F)(F)F)cc1,1,4307,Oc1ccc(C(c2ccc(O)cc2)(C(F)(F)F)C(F)(F)F)cc1,4307,Oc1ccc(C(c2ccc(O)cc2)(C(F)(F)F)C(F)(F)F)cc1,Oc1ccc(C(c2ccc(O)cc2)(C(F)(F)F)C(F)(F)F)cc1,Oc1ccc(C(c2ccc(O)cc2)(C(F)(F)F)C(F)(F)F)cc1,Oc1ccc(C(c2ccc(O)cc2)(C(F)(F)F)C(F)(F)F)cc1,4307.0,1.0,0.0,0.0,0.0,0.0,0.0,0.0,c1ccc(Cc2ccccc2)cc1,336.23099999999994,4.5085000000000015,40.46,2.0,2.0,2.0,2.0,2.0,8.0,0.2,23.0,0.0,0.0,0.0,0.0,0.0,0.0,0.0,0.0,0.0,0.0,0.0,0.0,0.0,0.0,0.0,0.0,0.0,0.0,0.0,0.0,0.0,0.0,0.0,0.0,0.0,0.0,0.0,0.0,0.0,0.0,0.0,0.0,2.0,1.0,0.0,0.0,0.0,0.0,0.0,0.0,0.0,0.0,0.0,0.0,0.0,0.0,0.0,0.0,0.0,0.0,0.0,0.0,0.0,0.0,2.0,1.0,12.0,1.0,0.0,0.0,0.0,0.0,6.0,1.0,6.0,1.0,0.0,0.0,0.0,0.0,0.0,0.0,0.0,0.0,0.0,0.0,0.0,0.0,0.0,0.0,0.0,0.0,0.0,0.0,0.0,0.0,0.0,0.0,0.0,0.0,0.0,0.0,0.0,0.0,0.0,0.0,0.0,0.0,0.0,0.0,0.0,0.0,0.0,0.0,0.0,0.0,0.0,0.0,0.0,0.0,0.0,0.0,0.0,0.0,0.0,0.0,0.0,0.0,0.0,0.0,0.0,0.0,0.0,0.0,0.0,0.0,0.0,0.0,0.0,0.0,0.0,0.0,0.0,0.0,0.0,0.0,0.0,0.0,0.0,0.0,6.0,1.0,0.0,0.0,0.0,0.0,0.0,0.0,0.0,0.0,0.0,0.0,0.0,0.0,0.0,0.0,0.0,0.0,0.0,0.0,0.0,0.0,0.0,0.0,0.0,0.0,0.0,0.0,0.0,0.0,0.0,0.0,0.0,0.0,0.0,0.0,0.0,0.0,0.0,0.0,0.0,0.0,0.0,0.0,0.0,0.0,0.0,0.0,0.0,0.0,0.0,0.0,0.0,0.0,0.0,0.0,0.0,0.0,0.0,0.0,0.0,0.0,0.0,0.0,0.0,0.0,0.0,0.0,0.0,0.0,0.0,0.0,0.0,0.0,0.0,0.0,0.0,0.0,0.0,0.0,0.0,0.0,0.0,0.0,0.0,0.0,0.0,0.0,0.0,0.0,0.0,0.0,0.0,0.0,0.0,0.0,0.0,0.0,0.0,0.0,0.0,0.0,0.0,0.0,0.0,0.0,0.0,0.0,0.0,0.0,0.0,0.0,0.0,0.0,0.0,0.0,1.0,1.0,1.0,1.0,0.0,0.0,0,0,0,0,0,0,0,0,c1ccc(Cc2ccccc2)cc1,murcko,train,0,0,0,0,0,0,0,0,0,0,0,0,0,0,0,0,0,0,0,0,0,0,0,0,1,0,0,0,0,0,0,0,0,1,0,0,0,0,0,1,0,0,0,0,0,0,0,0,0,0,0,0,0,0,0,0,0,0,0,1,0,0,0,0,0,0,1,0,0,0,0,0,0,0,0,0,0,0,0,0,0,1,0,0,0,0,0,0,0,0,0,0,0,0,0,1,0,0,0,0,1,0,0,0,0,0,0,0,0,0,0,0,0,0,1,0,0,0,0,0,0,0,0,0,0,0,0,0,0,1,0,1,0,0,0,0,1,1,0,0,0,0,0,0,0,0,0,0,0,0,0,0,0,0,0,0,0,0,0,0,0,0,0,0,0,0,0,0,0,0,0,0,0,1,0,0,0,0,0,0,0,0,0,0,0,0,0,0,0,0,0,0,0,0,0,0,0,0,0,0,0,0,0,0,0,0,0,0,0,0,0,0,0,0,1,0,0,0,0,0,0,0,0,0,0,0,0,0,0,0,0,0,0,1,0,0,1,0,0,0,0,0,1,0,0,0,0,0,0,0,0,0,0,0,0,0,0.41072144454051007,-0.5079666354787954,-0.04790962394549471,0.9186880800193055,0.5079666354787954,1.2623351965267857,-2.364256547273164,13.598711734693879,0.46045823885109516,13.598711734693879,-5.695243291761149,13.138253495842784,7.029584986772487,6.569126747921392,0.07611361740861682,3.7611593581972746,40.39351415424553,0.0,24.26546827384644,24.26546827384644,0.0,0.0,0.0,0.0,10.213054789681411,26.34249028604892,0.0,126.16500359070025,125.47999577766876,17.46625532625088,11.281016182572285,10.498037131279782,6.223841424619477,16.981470218499506,5.361305142150236,2.686160936336083,124.0,0.0,0.41072144454051007,-0.5079666354787954,0.5079666354787954,0.41072144454051007,40.46,4.5085000000000015,69.10360000000001,0.2,0.48000000000000004
6018,CCOC(=O)C=C(C)O,0,6018,CCOC(=O)C=C(C)O,6018,CCOC(=O)C=C(C)O,CCOC(=O)C=C(C)O,CCOC(=O)C=C(C)O,CCOC(=O)C=C(C)O,6018.0,1.0,0.0,0.0,0.0,0.0,0.0,0.0,,130.143,1.0113,46.53,1.0,3.0,2.0,0.0,0.0,3.0,0.5,9.0,0.0,0.0,0.0,0.0,0.0,0.0,0.0,0.0,0.0,0.0,0.0,0.0,0.0,0.0,0.0,0.0,0.0,0.0,0.0,0.0,0.0,0.0,0.0,0.0,0.0,0.0,0.0,0.0,0.0,0.0,0.0,0.0,0.0,0.0,1.0,1.0,0.0,0.0,0.0,0.0,0.0,0.0,0.0,0.0,1.0,1.0,0.0,0.0,0.0,0.0,1.0,1.0,0.0,0.0,0.0,0.0,0.0,0.0,0.0,0.0,0.0,0.0,0.0,0.0,0.0,0.0,0.0,0.0,0.0,0.0,0.0,0.0,0.0,0.0,0.0,0.0,0.0,0.0,0.0,0.0,0.0,0.0,0.0,0.0,0.0,0.0,0.0,0.0,0.0,0.0,0.0,0.0,0.0,0.0,0.0,0.0,0.0,0.0,0.0,0.0,0.0,0.0,0.0,0.0,0.0,0.0,0.0,0.0,0.0,0.0,0.0,0.0,0.0,0.0,0.0,0.0,0.0,0.0,0.0,0.0,0.0,0.0,0.0,0.0,0.0,0.0,0.0,0.0,0.0,0.0,0.0,0.0,0.0,0.0,0.0,0.0,0.0,0.0,0.0,0.0,0.0,0.0,0.0,0.0,0.0,0.0,0.0,0.0,0.0,0.0,0.0,0.0,0.0,0.0,0.0,0.0,0.0,0.0,0.0,0.0,0.0,0.0,0.0,0.0,0.0,0.0,0.0,0.0,1.0,1.0,1.0,1.0,0.0,0.0,0.0,0.0,0.0,0.0,0.0,0.0,0.0,0.0,0.0,0.0,0.0,0.0,0.0,0.0,0.0,0.0,0.0,0.0,0.0,0.0,0.0,0.0,0.0,0.0,0.0,0.0,0.0,0.0,0.0,0.0,0.0,0.0,0.0,0.0,0.0,0.0,0.0,0.0,0.0,0.0,0.0,0.0,0.0,0.0,0.0,0.0,0.0,0.0,0.0,0.0,0.0,0.0,0.0,0.0,0.0,0.0,0.0,0.0,0.0,0.0,0.0,0.0,0.0,0.0,0.0,0.0,0.0,0.0,0.0,0.0,0.0,0.0,0.0,0.0,0.0,0.0,0.0,0.0,0.0,0.0,0.0,0.0,1.0,2.0,1.0,2.0,0.0,0.0,0,0,0,0,1,0,1,0,ACY_****(*)**(*)*,acyclic_anonymous_graph,train,0,0,0,0,0,0,0,0,0,0,0,0,0,0,0,0,0,0,0,0,0,0,0,0,0,0,0,0,1,0,0,0,0,1,0,0,0,0,1,1,0,0,0,0,0,0,0,1,0,1,0,0,0,0,0,0,0,0,0,0,0,0,0,0,0,0,0,0,0,0,0,0,0,0,0,0,0,0,0,0,1,0,0,0,0,0,0,0,1,0,0,0,0,0,0,0,1,0,0,0,0,0,0,0,0,0,0,0,0,0,0,0,0,0,0,0,0,0,1,0,0,0,0,0,0,1,0,0,0,0,0,0,0,1,0,0,0,0,1,0,0,0,0,0,0,0,0,1,0,0,0,0,0,0,0,0,0,0,0,0,0,0,0,0,0,0,0,0,0,0,0,0,0,0,0,0,0,0,0,0,0,0,1,1,0,0,1,0,0,0,0,0,0,0,0,0,0,0,0,0,0,0,0,0,0,0,0,0,0,0,0,0,0,0,1,0,0,0,0,0,0,0,1,0,0,0,0,0,0,0,0,0,0,0,0,0,0,0,0,0,0,0,0,0,0,0,0,0,0,1,0,0,0,0,0,0,0.3336156576264462,-0.5123462248807249,-0.07554751479496945,0.8459618825071711,0.5123462248807249,0.5792469373518548,-1.25917457050658,10.394861111111112,0.03384259259259226,10.394861111111112,-0.5023148148148147,10.36101851851852,5.214351851851852,5.18050925925926,0.09651560782491352,2.6242077635817744,5.969305287951849,5.759164871656176,6.606881964512918,6.076020106833881,6.923737199690624,6.923737199690624,0.0,4.736862953800049,5.106527394840706,4.794537184071822,0.0,53.94365964937498,52.89677416304865,7.276020881938894,5.548167226803858,4.163902460147014,2.7049872731848286,8.01,3.946407518068083,4.871296065071801,52.0,0.0,0.3336156576264462,-0.5123462248807249,0.5123462248807249,0.3336156576264462,46.53,1.0113,33.018799999999985,1.1,1.0
7121,CC(C)(O)C(=O)c1ccc(Cc2ccc(C(=O)C(C)(C)O)cc2)cc1,1,7121,CC(C)(O)C(=O)c1ccc(Cc2ccc(C(=O)C(C)(C)O)cc2)cc1,7121,CC(C)(O)C(=O)c1ccc(Cc2ccc(C(=O)C(C)(C)O)cc2)cc1,CC(C)(O)C(=O)c1ccc(Cc2ccc(C(=O)C(C)(C)O)cc2)cc1,CC(C)(O)C(=O)c1ccc(Cc2ccc(C(=O)C(C)(C)O)cc2)cc1,CC(C)(O)C(=O)c1ccc(Cc2ccc(C(=O)C(C)(C)O)cc2)cc1,7121.0,1.0,0.0,0.0,0.0,0.0,0.0,0.0,c1ccc(Cc2ccccc2)cc1,340.419,3.1846000000000023,74.6,2.0,4.0,6.0,2.0,2.0,4.0,0.3333333333333333,25.0,0.0,0.0,0.0,0.0,0.0,0.0,0.0,0.0,0.0,0.0,0.0,0.0,0.0,0.0,0.0,0.0,0.0,0.0,0.0,0.0,0.0,0.0,0.0,0.0,0.0,0.0,0.0,0.0,0.0,0.0,2.0,1.0,0.0,0.0,0.0,0.0,0.0,0.0,2.0,1.0,0.0,0.0,0.0,0.0,0.0,0.0,0.0,0.0,0.0,0.0,0.0,0.0,0.0,0.0,2.0,1.0,12.0,1.0,0.0,0.0,0.0,0.0,0.0,0.0,0.0,0.0,0.0,0.0,0.0,0.0,0.0,0.0,0.0,0.0,0.0,0.0,0.0,0.0,0.0,0.0,0.0,0.0,0.0,0.0,0.0,0.0,0.0,0.0,0.0,0.0,0.0,0.0,0.0,0.0,0.0,0.0,0.0,0.0,0.0,0.0,0.0,0.0,0.0,0.0,0.0,0.0,0.0,0.0,0.0,0.0,0.0,0.0,0.0,0.0,0.0,0.0,0.0,0.0,0.0,0.0,0.0,0.0,0.0,0.0,0.0,0.0,0.0,0.0,0.0,0.0,0.0,0.0,0.0,0.0,0.0,0.0,0.0,0.0,0.0,0.0,0.0,0.0,0.0,0.0,0.0,0.0,0.0,0.0,0.0,0.0,0.0,0.0,0.0,0.0,0.0,0.0,0.0,0.0,0.0,0.0,0.0,0.0,0.0,0.0,0.0,0.0,0.0,0.0,0.0,0.0,0.0,0.0,0.0,0.0,0.0,0.0,0.0,0.0,0.0,0.0,0.0,0.0,0.0,0.0,0.0,0.0,0.0,0.0,0.0,0.0,0.0,0.0,0.0,0.0,0.0,0.0,0.0,0.0,0.0,0.0,0.0,0.0,0.0,0.0,0.0,0.0,0.0,0.0,0.0,0.0,0.0,0.0,0.0,0.0,0.0,0.0,0.0,0.0,0.0,0.0,0.0,0.0,0.0,0.0,0.0,0.0,0.0,0.0,0.0,0.0,0.0,0.0,0.0,0.0,0.0,0.0,0.0,0.0,0.0,0.0,0.0,0.0,0.0,0.0,0.0,0.0,0.0,0.0,0.0,0.0,0.0,0.0,0.0,0.0,0.0,0.0,0.0,0.0,0.0,0.0,0.0,0.0,0,0,0,0,0,0,0,1,c1ccc(Cc2ccccc2)cc1,murcko,train,0,0,0,0,0,0,0,0,0,0,0,0,0,0,0,0,0,0,0,0,0,0,0,0,0,0,0,0,0,0,0,0,0,1,0,0,0,0,0,1,0,0,0,0,0,0,0,0,0,0,0,1,0,0,1,0,0,0,0,0,0,0,0,0,0,0,0,0,0,0,0,0,0,0,0,0,0,0,0,0,1,1,0,0,0,0,0,0,0,0,0,0,0,0,0,0,0,0,0,0,1,0,0,0,0,1,0,0,0,0,0,0,0,0,1,0,1,0,0,0,1,0,0,0,0,1,0,0,0,0,0,0,0,0,0,0,1,0,1,0,0,0,0,0,0,0,0,0,0,0,1,0,0,0,0,0,0,0,0,0,0,1,0,0,0,0,0,0,0,0,0,0,0,0,0,0,0,0,0,0,0,0,0,0,0,0,1,0,0,0,0,0,0,0,0,0,0,0,0,0,0,0,0,0,0,0,0,0,0,0,0,0,0,0,1,0,0,0,1,0,1,0,0,1,0,0,0,0,0,0,0,0,0,0,0,0,0,0,0,0,0,0,0,1,0,0,0,0,0,0,0,0,0,0,0,0,0.1932499184018012,-0.3822758575819326,-0.05263954330702971,0.5755257759837338,0.3822758575819326,0.6712016467529665,-1.987190229428709,12.015758274020845,0.3115431033433165,12.015758274020845,-1.3845553703578486,11.704215170677529,6.163650688682081,5.852107585338764,0.08543930416669812,3.2458895584275136,11.202101621967376,11.566489892729878,17.54772460632,11.126902983393991,27.694948798762496,24.26546827384644,24.26546827384644,0.0,0.0,19.802129157825057,0.0,147.68448805961,147.4712336086917,18.828062645816683,15.0368327066312,11.481200378874174,8.205303077242206,19.030431376738058,6.9034835806933,4.843062528394548,132.0,0.0,0.1932499184018012,-0.3822758575819326,0.3822758575819326,0.1932499184018012,74.6,3.1846000000000023,96.94660000000003,0.0,1.3333333333333335
2919,C=C(C)C(=O)OCCC(C)OC(=O)C(=C)C,0,2919,C=C(C)C(=O)OCCC(C)OC(=O)C(=C)C,2919,C=C(C)C(=O)OCCC(C)OC(=O)C(=C)C,C=C(C)C(=O)OCCC(C)OC(=O)C(=C)C,C=C(C)C(=O)OCCC(C)OC(=O)C(=C)C,C=C(C)C(=O)OCCC(C)OC(=O)C(=C)C,2919.0,1.0,0.0,0.0,0.0,0.0,0.0,0.0,,226.27199999999996,2.0036,52.6,0.0,4.0,6.0,0.0,0.0,4.0,0.5,16.0,0.0,0.0,0.0,0.0,0.0,0.0,0.0,0.0,0.0,0.0,0.0,0.0,0.0,0.0,0.0,0.0,0.0,0.0,0.0,0.0,0.0,0.0,0.0,0.0,0.0,0.0,0.0,0.0,0.0,0.0,0.0,0.0,0.0,0.0,2.0,1.0,0.0,0.0,0.0,0.0,0.0,0.0,0.0,0.0,2.0,1.0,0.0,0.0,0.0,0.0,2.0,1.0,0.0,0.0,0.0,0.0,0.0,0.0,0.0,0.0,0.0,0.0,0.0,0.0,0.0,0.0,0.0,0.0,0.0,0.0,0.0,0.0,0.0,0.0,0.0,0.0,0.0,0.0,0.0,0.0,0.0,0.0,0.0,0.0,0.0,0.0,0.0,0.0,0.0,0.0,0.0,0.0,0.0,0.0,0.0,0.0,0.0,0.0,0.0,0.0,0.0,0.0,0.0,0.0,0.0,0.0,0.0,0.0,0.0,0.0,0.0,0.0,0.0,0.0,0.0,0.0,0.0,0.0,0.0,0.0,0.0,0.0,0.0,0.0,0.0,0.0,0.0,0.0,0.0,0.0,0.0,0.0,0.0,0.0,0.0,0.0,0.0,0.0,0.0,0.0,0.0,0.0,0.0,0.0,0.0,0.0,0.0,0.0,0.0,0.0,0.0,0.0,0.0,0.0,0.0,0.0,0.0,0.0,0.0,0.0,0.0,0.0,0.0,0.0,0.0,0.0,0.0,0.0,2.0,1.0,0.0,0.0,0.0,0.0,0.0,0.0,0.0,0.0,0.0,0.0,0.0,0.0,0.0,0.0,0.0,0.0,0.0,0.0,0.0,0.0,0.0,0.0,0.0,0.0,0.0,0.0,0.0,0.0,0.0,0.0,0.0,0.0,0.0,0.0,0.0,0.0,0.0,0.0,0.0,0.0,0.0,0.0,0.0,0.0,0.0,0.0,0.0,0.0,0.0,0.0,0.0,0.0,0.0,0.0,0.0,0.0,0.0,0.0,0.0,0.0,0.0,0.0,0.0,0.0,0.0,0.0,0.0,0.0,0.0,0.0,0.0,0.0,0.0,0.0,0.0,0.0,0.0,0.0,0.0,0.0,0.0,0.0,0.0,0.0,0.0,0.0,1.0,1.0,1.0,1.0,0.0,0.0,0,0,0,0,1,0,0,0,ACY_**(****(*)*(*)*)**(*)*(*)*,acyclic_anonymous_graph,train,0,1,0,0,0,0,0,0,0,0,0,0,0,1,0,0,0,0,0,0,0,0,0,0,0,0,0,1,0,0,0,0,1,1,0,0,0,0,0,1,0,0,0,0,0,0,0,0,0,0,0,0,0,0,0,0,0,0,0,0,1,0,0,0,0,0,0,0,0,1,0,0,0,1,1,0,0,0,0,0,1,0,0,1,0,0,1,0,0,0,0,0,1,0,0,0,0,0,0,0,0,0,0,0,0,0,0,0,0,0,0,0,0,0,0,0,0,0,0,0,0,0,0,0,0,1,0,0,0,0,0,0,0,0,0,0,0,0,1,0,0,0,0,0,0,0,0,1,0,0,0,0,0,0,0,0,1,0,0,0,0,0,0,0,0,0,0,1,0,1,0,0,0,0,0,0,0,0,0,0,0,0,0,1,1,0,0,0,0,0,0,0,0,0,0,0,0,0,0,0,0,0,0,0,0,0,0,0,0,0,0,0,0,0,0,0,0,0,0,0,0,0,0,0,0,0,0,1,0,0,0,0,0,0,0,0,0,0,0,0,0,1,0,0,0,0,0,0,0,1,0,0,0,0,1,0,0.33287142655890645,-0.46220491255672136,-0.04692265384255841,0.7950763391156278,0.46220491255672136,0.9354860433791489,-1.6862485048600833,11.114864785420341,0.2046929327286473,11.114864785420341,-0.43201131687242733,10.910171852691693,5.659778859074494,5.455085926345847,0.0916575846377054,2.936076275070183,11.938610575903699,12.71084835226122,17.567030683064544,0.0,0.0,20.771211599071872,0.0,13.157871367196995,9.473725907600098,9.589074368143644,0.0,95.92454288092502,95.20837285324207,12.71517847069432,10.038770555791269,7.3411117128495,5.033579316758091,14.420000000000002,6.8218066516310065,6.00768976961342,90.0,0.0,0.33287142655890645,-0.46220491255672136,0.46220491255672136,0.33287142655890645,52.6,2.0036,60.75800000000003,0.8999999999999999,1.8000000000000003
8480,NC(=O)c1ccccc1O,1,8480,NC(=O)c1ccccc1O,8480,NC(=O)c1ccccc1O,NC(=O)c1ccccc1O,NC(=O)c1ccccc1O,NC(=O)c1ccccc1O,8480.0,1.0,0.0,0.0,0.0,0.0,0.0,0.0,c1ccccc1,137.13799999999998,0.4911,63.32000000000001,2.0,2.0,1.0,1.0,1.0,3.0,0.0,10.0,0.0,0.0,0.0,0.0,0.0,0.0,0.0,0.0,0.0,0.0,1.0,1.0,0.0,0.0,0.0,0.0,0.0,0.0,0.0,0.0,0.0,0.0,0.0,0.0,0.0,0.0,0.0,0.0,0.0,0.0,0.0,0.0,1.0,1.0,0.0,0.0,0.0,0.0,0.0,0.0,0.0,0.0,0.0,0.0,0.0,0.0,0.0,0.0,0.0,0.0,0.0,0.0,0.0,0.0,1.0,1.0,6.0,1.0,0.0,0.0,0.0,0.0,0.0,0.0,0.0,0.0,0.0,0.0,0.0,0.0,0.0,0.0,0.0,0.0,0.0,0.0,0.0,0.0,0.0,0.0,0.0,0.0,0.0,0.0,0.0,0.0,0.0,0.0,0.0,0.0,0.0,0.0,0.0,0.0,0.0,0.0,0.0,0.0,0.0,0.0,0.0,0.0,0.0,0.0,0.0,0.0,0.0,0.0,0.0,0.0,0.0,0.0,0.0,0.0,0.0,0.0,0.0,0.0,0.0,0.0,0.0,0.0,0.0,0.0,0.0,0.0,0.0,0.0,0.0,0.0,0.0,0.0,0.0,0.0,0.0,0.0,0.0,0.0,0.0,0.0,0.0,0.0,0.0,0.0,0.0,0.0,0.0,0.0,0.0,0.0,0.0,0.0,0.0,0.0,0.0,0.0,0.0,0.0,0.0,0.0,0.0,0.0,0.0,0.0,0.0,0.0,0.0,0.0,0.0,0.0,0.0,0.0,0.0,0.0,0.0,0.0,0.0,0.0,0.0,0.0,0.0,0.0,0.0,0.0,0.0,0.0,0.0,0.0,0.0,0.0,0.0,0.0,0.0,0.0,0.0,0.0,0.0,0.0,0.0,0.0,0.0,0.0,0.0,0.0,0.0,0.0,0.0,0.0,0.0,0.0,0.0,0.0,0.0,0.0,0.0,0.0,0.0,0.0,0.0,0.0,0.0,0.0,0.0,0.0,0.0,0.0,0.0,0.0,0.0,0.0,0.0,0.0,0.0,0.0,0.0,0.0,0.0,0.0,0.0,0.0,0.0,0.0,0.0,0.0,0.0,0.0,0.0,0.0,0.0,0.0,0.0,0.0,0.0,0.0,0.0,0.0,0.0,0.0,0.0,0.0,0.0,0.0,0,0,0,0,0,0,0,0,c1ccccc1,murcko,train,0,0,0,0,0,0,0,0,0,0,0,0,0,0,0,0,0,0,0,0,0,0,0,0,0,0,0,0,0,0,0,1,0,0,0,0,0,0,0,1,0,0,0,0,0,0,0,0,0,0,0,0,0,1,0,0,0,0,0,0,0,0,0,0,1,0,1,0,0,0,0,1,0,0,0,0,0,0,0,0,0,1,0,0,0,0,0,0,0,0,0,0,0,0,0,0,0,0,0,0,1,0,0,0,0,0,0,0,0,0,1,0,0,0,0,0,0,0,0,0,0,0,0,0,0,1,0,0,0,0,0,0,0,0,0,0,0,0,1,0,1,0,0,0,0,0,0,1,0,0,0,0,0,0,0,0,0,0,0,0,0,0,0,0,0,0,0,1,0,0,0,0,0,0,0,1,0,0,0,0,0,0,0,0,0,0,0,1,0,0,0,0,0,0,0,0,0,0,0,1,0,0,0,0,0,0,0,0,0,0,0,0,0,0,1,0,0,0,0,0,0,0,0,0,0,0,0,0,0,0,0,0,0,0,0,0,0,0,0,0,0,0,0,0,0,0,0,0,0,0,0,0,0,0,0,0,0.25195368365308174,-0.5071219157350979,-0.08662209643370541,0.7590755993881797,0.5071219157350979,0.46060995900525437,-1.3268309233423086,10.483981481481482,0.07407407407407374,10.483981481481482,-0.6128703703703702,10.409907407407408,5.279027777777778,5.204953703703704,0.09606233378103124,2.6770780169206096,5.907179729351506,11.3129633249809,0.0,0.0,12.13273413692322,12.13273413692322,0.0,0.0,10.84019487200289,4.794537184071822,0.0,58.09199178314606,57.12034338425355,7.560477932315068,5.2422132319119505,4.71521405516327,2.79375634676635,6.607785630153122,2.389632707443791,1.0748936229840518,52.0,0.0,0.25195368365308174,-0.5071219157350979,0.5071219157350979,0.25195368365308174,63.32000000000001,0.49110000000000004,36.62470000000002,0.0,0.2
10204,Cc1c(CNC(=O)CCl)c(C)c(Nc2cc(S(=O)(=O)O)c(N)c3c2C(=O)c2ccccc2C3=O)c(C)c1CNC(=O)CCl,0,10204,Cc1c(CNC(=O)CCl)c(C)c(Nc2cc(S(=O)(=O)O)c(N)c3c2C(=O)c2ccccc2C3=O)c(C)c1CNC(=O)CCl,10204,Cc1c(CNC(=O)CCl)c(C)c(Nc2cc(S(=O)(=O)O)c(N)c3c2C(=O)c2ccccc2C3=O)c(C)c1CNC(=O)CCl,Cc1c(CNC(=O)CCl)c(C)c(Nc2cc(S(=O)(=O)O)c(N)c3c2C(=O)c2ccccc2C3=O)c(C)c1CNC(=O)CCl,Cc1c(CNC(=O)CCl)c(C)c(Nc2cc(S(=O)(=O)O)c(N)c3c2C(=O)c2ccccc2C3=O)c(C)c1CNC(=O)CCl,Cc1c(CNC(=O)CCl)c(C)c(Nc2cc(S(=O)(=O)O)c(N)c3c2C(=O)c2ccccc2C3=O)c(C)c1CNC(=O)CCl,10204.0,1.0,0.0,0.0,0.0,0.0,0.0,0.0,O=C1c2ccccc2C(=O)c2c(Nc3ccccc3)cccc21,647.537,3.669760000000002,184.76,5.0,8.0,9.0,4.0,3.0,14.0,0.2413793103448276,43.0,0.0,0.0,0.0,0.0,0.0,0.0,0.0,0.0,0.0,0.0,2.0,1.0,0.0,0.0,0.0,0.0,3.0,1.0,0.0,0.0,0.0,0.0,0.0,0.0,0.0,0.0,0.0,0.0,0.0,0.0,0.0,0.0,0.0,0.0,0.0,0.0,0.0,0.0,2.0,1.0,0.0,0.0,0.0,0.0,0.0,0.0,0.0,0.0,0.0,0.0,0.0,0.0,0.0,0.0,3.0,1.0,18.0,1.0,4.0,1.0,0.0,0.0,2.0,1.0,0.0,0.0,2.0,1.0,0.0,0.0,0.0,0.0,0.0,0.0,0.0,0.0,1.0,1.0,0.0,0.0,1.0,1.0,0.0,0.0,0.0,0.0,0.0,0.0,0.0,0.0,0.0,0.0,0.0,0.0,0.0,0.0,0.0,0.0,0.0,0.0,0.0,0.0,0.0,0.0,0.0,0.0,0.0,0.0,1.0,1.0,0.0,0.0,3.0,1.0,0.0,0.0,0.0,0.0,0.0,0.0,0.0,0.0,0.0,0.0,0.0,0.0,0.0,0.0,0.0,0.0,0.0,0.0,0.0,0.0,0.0,0.0,0.0,0.0,0.0,0.0,2.0,1.0,0.0,0.0,0.0,0.0,0.0,0.0,0.0,0.0,0.0,0.0,0.0,0.0,0.0,0.0,0.0,0.0,0.0,0.0,0.0,0.0,0.0,0.0,0.0,0.0,0.0,0.0,0.0,0.0,0.0,0.0,0.0,0.0,0.0,0.0,0.0,0.0,0.0,0.0,0.0,0.0,0.0,0.0,0.0,0.0,0.0,0.0,0.0,0.0,0.0,0.0,0.0,0.0,0.0,0.0,0.0,0.0,0.0,0.0,0.0,0.0,0.0,0.0,0.0,0.0,0.0,0.0,0.0,0.0,0.0,0.0,0.0,0.0,0.0,0.0,0.0,0.0,2.0,1.0,0.0,0.0,0.0,0.0,0.0,0.0,0.0,0.0,0.0,0.0,0.0,0.0,0.0,0.0,0.0,0.0,0.0,0.0,0.0,0.0,0.0,0.0,0.0,0.0,0.0,0.0,0.0,0.0,0.0,0.0,0.0,0.0,0.0,0.0,0.0,0.0,1.0,4.0,1.0,3.0,1.0,1.0,1,0,1,0,0,0,0,0,O=C1c2ccccc2C(=O)c2c(Nc3ccccc3)cccc21,murcko,train,0,1,0,0,0,0,0,1,0,0,0,0,0,0,0,0,0,0,0,1,0,0,0,0,0,0,0,0,0,0,0,0,0,1,0,0,0,0,0,1,0,1,0,0,0,0,1,0,0,0,0,0,0,0,0,0,0,0,1,0,0,0,0,0,1,0,0,0,1,1,1,0,0,0,0,0,0,1,0,0,1,1,0,0,0,1,0,0,0,0,0,0,0,0,1,0,1,0,0,0,1,0,0,0,0,0,0,1,1,0,0,0,0,0,1,0,0,0,0,0,0,0,0,0,0,1,0,0,1,0,0,0,0,0,0,0,1,0,1,0,0,0,0,0,0,0,0,1,1,0,0,0,0,0,0,1,0,0,0,0,0,0,0,0,0,0,0,0,0,0,0,0,0,0,0,1,0,1,0,0,0,0,0,0,0,1,1,0,0,1,0,0,0,0,0,0,1,1,0,0,1,0,0,1,0,1,0,0,0,0,0,1,0,0,1,0,1,0,0,0,0,0,0,0,0,0,0,0,0,0,0,1,0,0,0,1,0,0,0,0,0,0,1,0,0,0,1,0,0,0,0,0,1,0,1,1,0.2961774096243386,-0.39697437096802857,-0.047469199784082886,0.6931517805923672,0.39697437096802857,1.9161137448638583,-3.9572893355794223,13.776959388648601,0.04395680377309863,13.776959388648601,-4.933963289376937,13.733002584875502,6.91045809621085,6.866501292437751,0.07281728768487417,3.4773481475987804,44.08184596066778,52.79071194323737,27.941192241471544,11.629818560158606,12.13273413692322,25.980208536304467,6.923737199690624,15.950365812018994,28.935547257627213,32.14869559430659,0.0,257.42485774827435,258.51485724240644,31.800235950462206,23.353409314649397,20.22067033605127,12.885746745686601,31.954529112562444,12.331225550118708,5.957797861207552,226.0,0.0,0.2961774096243386,-0.39697437096802857,0.39697437096802857,0.2961774096243386,184.76,3.669760000000002,163.04509999999982,2.3,1.896551724137931
3151,O=CCc1ccccc1,0,3151,O=CCc1ccccc1,3151,O=CCc1ccccc1,O=CCc1ccccc1,O=CCc1ccccc1,O=CCc1ccccc1,3151.0,1.0,0.0,0.0,0.0,0.0,0.0,0.0,c1ccccc1,120.15099999999995,1.428,17.07,0.0,1.0,2.0,1.0,1.0,1.0,0.125,9.0,0.0,0.0,0.0,0.0,0.0,0.0,0.0,0.0,0.0,0.0,0.0,0.0,0.0,0.0,0.0,0.0,0.0,0.0,0.0,0.0,0.0,0.0,0.0,0.0,0.0,0.0,0.0,0.0,0.0,0.0,0.0,0.0,0.0,0.0,0.0,0.0,1.0,1.0,0.0,0.0,0.0,0.0,0.0,0.0,0.0,0.0,0.0,0.0,0.0,0.0,0.0,0.0,0.0,0.0,1.0,1.0,6.0,1.0,0.0,0.0,0.0,0.0,0.0,0.0,0.0,0.0,0.0,0.0,0.0,0.0,0.0,0.0,0.0,0.0,0.0,0.0,0.0,0.0,0.0,0.0,0.0,0.0,0.0,0.0,0.0,0.0,0.0,0.0,0.0,0.0,0.0,0.0,0.0,0.0,0.0,0.0,0.0,0.0,0.0,0.0,0.0,0.0,0.0,0.0,0.0,0.0,0.0,0.0,0.0,0.0,0.0,0.0,0.0,0.0,0.0,0.0,0.0,0.0,0.0,0.0,0.0,0.0,0.0,0.0,0.0,0.0,0.0,0.0,0.0,0.0,0.0,0.0,0.0,0.0,0.0,0.0,0.0,0.0,0.0,0.0,0.0,0.0,0.0,0.0,0.0,0.0,0.0,0.0,0.0,0.0,0.0,0.0,0.0,0.0,0.0,0.0,0.0,0.0,0.0,0.0,0.0,0.0,0.0,0.0,0.0,0.0,0.0,0.0,0.0,0.0,0.0,0.0,1.0,1.0,0.0,0.0,0.0,0.0,0.0,0.0,0.0,0.0,0.0,0.0,0.0,0.0,0.0,0.0,0.0,0.0,0.0,0.0,0.0,0.0,0.0,0.0,0.0,0.0,0.0,0.0,0.0,0.0,0.0,0.0,0.0,0.0,0.0,0.0,0.0,0.0,0.0,0.0,0.0,0.0,0.0,0.0,0.0,0.0,0.0,0.0,0.0,0.0,0.0,0.0,0.0,0.0,0.0,0.0,0.0,0.0,0.0,0.0,0.0,0.0,0.0,0.0,0.0,0.0,0.0,0.0,0.0,0.0,0.0,0.0,0.0,0.0,0.0,0.0,0.0,0.0,0.0,0.0,0.0,0.0,0.0,0.0,1.0,1.0,1.0,1.0,0.0,0.0,0,0,0,0,0,0,0,0,c1ccccc1,murcko,train,0,0,0,0,0,0,0,0,0,0,0,0,0,0,0,0,0,0,0,0,0,0,0,0,0,0,0,0,0,0,0,0,0,0,0,0,0,0,0,0,0,0,1,0,0,0,0,0,0,0,0,0,0,0,0,0,0,0,0,0,0,0,0,0,1,0,0,0,0,0,0,0,0,0,0,0,0,0,0,0,1,1,0,0,0,0,0,0,0,0,0,0,0,0,0,0,0,0,0,0,1,0,0,0,0,0,0,0,0,0,0,1,0,0,0,0,0,0,0,0,0,0,0,0,0,0,0,0,0,0,0,0,0,1,0,0,0,0,1,0,0,0,0,0,0,0,0,0,0,0,0,1,0,0,0,0,0,0,0,0,0,0,0,0,0,0,0,0,0,0,0,0,0,0,0,1,0,0,0,0,0,0,1,0,0,0,0,0,0,0,0,0,0,0,0,0,0,0,0,0,0,0,0,0,0,0,0,0,0,0,0,0,0,0,1,0,0,0,1,0,0,1,0,0,0,0,0,0,0,0,0,0,1,0,0,0,1,0,0,0,0,0,0,0,0,0,0,0,0,0,0,0,0,0,0,0,0.12386049372780998,-0.303028377438838,-0.05503311996227922,0.426888871166648,0.303028377438838,0.15210027036610801,-0.6473983500266209,9.974263038548752,0.5286111111111109,9.974263038548752,0.5286111111111109,9.445651927437641,5.251437074829932,4.722825963718821,0.10586881749212136,2.919606985600562,0.0,0.0,6.4208216229260096,11.849612014826551,0.0,0.0,30.33183534230805,0.0,0.0,4.794537184071822,0.0,54.32280944833394,53.39680616413243,6.52709773749546,5.079456686788165,4.431851652578137,2.9081875439756124,6.016742712294044,3.0244491668575164,1.6843966032832334,46.0,0.0,0.12386049372780998,-0.303028377438838,0.303028377438838,0.12386049372780998,17.07,1.428,36.21000000000001,0.2,0.45
10318,COc1ccccc1N=NC(C(C)=O)C(=O)Nc1ccc2[nH]c(=O)[nH]c2c1,0,10318,COc1ccccc1N=NC(C(C)=O)C(=O)Nc1ccc2[nH]c(=O)[nH]c2c1,10318,COc1ccccc1N=NC(C(C)=O)C(=O)Nc1ccc2[nH]c(=O)[nH]c2c1,COc1ccccc1N=NC(C(C)=O)C(=O)Nc1ccc2[nH]c(=O)[nH]c2c1,COc1ccccc1N=NC(C(C)=O)C(=O)Nc1ccc2[nH]c(=O)[nH]c2c1,COc1ccccc1N=NC(C(C)=O)C(=O)Nc1ccc2[nH]c(=O)[nH]c2c1,10318.0,1.0,0.0,0.0,0.0,0.0,0.0,0.0,O=C(CN=Nc1ccccc1)Nc1ccc2[nH]c(=O)[nH]c2c1,367.36500000000007,2.5447999999999995,128.76999999999998,3.0,6.0,6.0,3.0,3.0,9.0,0.1666666666666666,27.0,0.0,0.0,0.0,0.0,0.0,0.0,0.0,0.0,0.0,0.0,1.0,1.0,0.0,0.0,0.0,0.0,1.0,1.0,0.0,0.0,0.0,0.0,1.0,1.0,0.0,0.0,0.0,0.0,0.0,0.0,0.0,0.0,0.0,0.0,1.0,1.0,0.0,0.0,1.0,1.0,0.0,0.0,0.0,0.0,0.0,0.0,0.0,0.0,0.0,0.0,0.0,0.0,0.0,0.0,2.0,1.0,23.0,1.0,2.0,1.0,0.0,0.0,0.0,0.0,0.0,0.0,0.0,0.0,0.0,0.0,0.0,0.0,0.0,0.0,0.0,0.0,0.0,0.0,0.0,0.0,0.0,0.0,0.0,0.0,0.0,0.0,0.0,0.0,0.0,0.0,0.0,0.0,0.0,0.0,0.0,0.0,0.0,0.0,0.0,0.0,0.0,0.0,0.0,0.0,0.0,0.0,0.0,0.0,0.0,0.0,0.0,0.0,0.0,0.0,0.0,0.0,0.0,0.0,0.0,0.0,0.0,0.0,0.0,0.0,1.0,1.0,1.0,1.0,0.0,0.0,0.0,0.0,1.0,1.0,0.0,0.0,0.0,0.0,0.0,0.0,0.0,0.0,0.0,0.0,0.0,0.0,0.0,0.0,0.0,0.0,0.0,0.0,0.0,0.0,0.0,0.0,0.0,0.0,0.0,0.0,0.0,0.0,0.0,0.0,0.0,0.0,0.0,0.0,0.0,0.0,0.0,0.0,0.0,0.0,0.0,0.0,0.0,0.0,0.0,0.0,0.0,0.0,0.0,0.0,0.0,0.0,0.0,0.0,0.0,0.0,0.0,0.0,0.0,0.0,0.0,0.0,0.0,0.0,0.0,0.0,0.0,0.0,0.0,0.0,0.0,0.0,0.0,0.0,0.0,0.0,0.0,0.0,0.0,0.0,0.0,0.0,0.0,0.0,0.0,0.0,0.0,0.0,0.0,0.0,0.0,0.0,0.0,0.0,0.0,0.0,0.0,0.0,1.0,1.0,1.0,1.0,0.0,0.0,0.0,0.0,0.0,0.0,0.0,0.0,0.0,0.0,0.0,0.0,0.0,0.0,0.0,0.0,0.0,0.0,0.0,0.0,1.0,5.0,1.0,3.0,1.0,2.0,0,0,1,0,0,0,0,0,O=C(CN=Nc1ccccc1)Nc1ccc2[nH]c(=O)[nH]c2c1,murcko,train,1,1,0,0,0,0,0,0,0,0,0,0,0,0,0,0,0,0,1,0,0,0,0,0,1,0,0,0,0,0,0,0,0,1,1,0,0,0,0,1,0,0,0,0,0,0,0,0,0,0,0,0,0,0,0,0,0,0,1,0,0,1,0,0,1,0,0,0,0,0,0,0,0,1,0,1,0,0,0,0,0,1,0,0,0,0,0,0,1,0,1,0,0,0,0,1,0,1,1,0,1,0,0,0,0,0,0,1,0,0,0,0,0,0,0,0,1,0,0,1,0,0,0,0,0,1,0,0,1,0,1,0,0,0,1,0,0,1,1,0,0,0,0,0,0,0,0,1,0,1,0,0,0,0,0,0,0,0,0,0,0,0,0,1,0,0,1,0,0,0,0,0,1,0,0,1,0,0,1,0,0,0,0,1,1,0,0,0,0,0,0,1,0,0,0,1,0,0,0,0,0,0,0,0,0,0,0,0,0,1,0,0,1,1,1,0,0,0,0,0,0,0,0,0,0,0,0,0,0,0,0,0,0,0,0,0,0,0,0,0,0,0,0,0,0,0,0,0,0,1,0,0,0,0,0,0,0.32330810645619573,-0.49442356599405524,-0.04941299190538363,0.817731672450251,0.49442356599405524,1.4822344548693083,-2.816385236314666,12.474419564121945,0.3465764615985918,12.474419564121945,-1.3093676251364752,12.127843102523354,6.410498012860268,6.063921551261677,0.08245489255974438,3.3884413267463205,17.732265504864404,5.689743398203474,28.157685817883554,0.0,14.033534740968157,42.46456947923127,0.0,25.513245897159543,4.736862953800049,14.383611552215466,0.0,153.01843238897536,152.71151934432586,19.388540578131753,14.646222506372377,12.973565548236332,8.049284968980567,18.053450642093914,7.645957193816884,4.086734693877551,138.0,0.0,0.32330810645619573,-0.49442356599405524,0.49442356599405524,0.32330810645619573,128.76999999999998,2.5447999999999995,99.52810000000004,1.3,1.2666666666666668
3121,O=[Si](O)O,1,3121,O=[Si](O)O,3121,O=[Si](O)O,O=[Si](O)O,O=[Si](O)O,O=[Si](O)O,3121.0,1.0,0.0,0.0,0.0,0.0,0.0,0.0,,78.099,-1.6136,57.53,2.0,1.0,0.0,0.0,0.0,4.0,0.0,4.0,0.0,0.0,0.0,0.0,0.0,0.0,0.0,0.0,0.0,0.0,0.0,0.0,0.0,0.0,0.0,0.0,0.0,0.0,0.0,0.0,0.0,0.0,0.0,0.0,0.0,0.0,0.0,0.0,0.0,0.0,0.0,0.0,0.0,0.0,0.0,0.0,0.0,0.0,0.0,0.0,0.0,0.0,0.0,0.0,0.0,0.0,0.0,0.0,0.0,0.0,0.0,0.0,0.0,0.0,0.0,0.0,0.0,0.0,0.0,0.0,0.0,0.0,0.0,0.0,0.0,0.0,0.0,0.0,0.0,0.0,0.0,0.0,0.0,0.0,0.0,0.0,0.0,0.0,0.0,0.0,0.0,0.0,0.0,0.0,0.0,0.0,0.0,0.0,0.0,0.0,0.0,0.0,0.0,0.0,0.0,0.0,0.0,0.0,0.0,0.0,0.0,0.0,0.0,0.0,0.0,0.0,0.0,0.0,0.0,0.0,0.0,0.0,0.0,0.0,0.0,0.0,0.0,0.0,0.0,0.0,0.0,0.0,0.0,0.0,0.0,0.0,0.0,0.0,0.0,0.0,0.0,0.0,0.0,0.0,0.0,0.0,0.0,0.0,0.0,0.0,0.0,0.0,0.0,0.0,0.0,0.0,0.0,0.0,0.0,0.0,0.0,0.0,0.0,0.0,0.0,0.0,0.0,0.0,0.0,0.0,0.0,0.0,0.0,0.0,0.0,0.0,0.0,0.0,0.0,0.0,0.0,0.0,0.0,0.0,0.0,0.0,0.0,0.0,0.0,0.0,0.0,0.0,0.0,0.0,0.0,0.0,0.0,0.0,0.0,0.0,0.0,0.0,0.0,0.0,0.0,0.0,0.0,0.0,0.0,0.0,0.0,0.0,0.0,0.0,0.0,0.0,0.0,0.0,0.0,0.0,0.0,0.0,0.0,0.0,0.0,0.0,0.0,0.0,0.0,0.0,0.0,0.0,0.0,0.0,0.0,0.0,0.0,0.0,0.0,0.0,0.0,0.0,0.0,0.0,0.0,0.0,0.0,0.0,0.0,0.0,0.0,0.0,0.0,0.0,0.0,0.0,0.0,0.0,0.0,0.0,0.0,0.0,0.0,0.0,0.0,0.0,0.0,0.0,0.0,0.0,0.0,0.0,0,0,0,0,0,0,0,0,ACY_**(*)*,acyclic_anonymous_graph,train,0,0,0,0,0,0,0,0,0,0,0,0,0,0,0,0,0,0,0,0,0,0,0,0,0,0,0,0,0,0,0,0,0,0,0,0,0,0,0,1,0,0,0,0,0,1,0,0,0,0,0,0,0,0,0,0,0,0,0,0,0,0,0,0,0,0,0,0,0,0,0,0,0,0,0,0,0,0,0,0,0,0,0,0,0,0,0,0,0,0,0,0,0,0,0,0,0,0,0,0,0,0,0,0,0,0,0,0,0,0,0,0,0,0,0,0,0,0,0,0,0,0,0,1,0,0,0,0,0,0,0,0,0,0,0,0,0,0,1,0,0,0,0,0,0,0,0,0,0,0,0,0,0,0,0,0,0,0,0,0,0,0,0,0,0,0,0,0,0,0,0,0,0,0,0,0,0,0,0,0,0,0,0,0,0,0,0,0,0,0,0,1,0,0,0,0,0,0,0,0,0,0,0,0,0,0,0,0,0,0,0,0,0,0,0,0,0,0,0,1,0,0,0,0,0,0,0,0,0,0,0,0,0,0,0,0,0,0,0,0,0,0,0,0,0,0,0,0,0,0,0,0,0,0,0,0,0.7614865323205764,-0.5114500636444657,-0.13730122139271284,1.272936595965042,0.7614865323205764,0.7614865323205764,-1.3106914178914277,8.74074074074074,3.1296296296296293,8.74074074074074,-3.1296296296296293,5.611111111111111,5.935185185185185,2.8055555555555554,0.17821782178217824,6.277976408751987,9.170249724093106,0.0,0.0,0.0,0.0,0.0,0.0,0.0,14.053285600878851,0.0,0.0,24.413885037827626,23.223535324971955,3.5773502691896257,1.8026754814637789,1.7320508075688772,0.6513377407318894,3.616883116883117,0.9990171119203379,4.1920052082361785,24.0,0.0,0.7614865323205764,-0.5114500636444657,0.7614865323205764,0.5114500636444657,57.53,-1.6136000000000001,10.878099999999998,0.0,0.0
1876,[Cl][Sb]([Cl])[Cl],1,1876,[Cl][Sb]([Cl])[Cl],1876,[Cl][Sb]([Cl])[Cl],[Cl][Sb]([Cl])[Cl],[Cl][Sb]([Cl])[Cl],[Cl][Sb]([Cl])[Cl],1876.0,1.0,0.0,0.0,0.0,0.0,0.0,0.0,,228.11900000000003,1.6877,0.0,0.0,0.0,0.0,0.0,0.0,4.0,0.0,4.0,0.0,0.0,0.0,0.0,0.0,0.0,0.0,0.0,0.0,0.0,0.0,0.0,0.0,0.0,0.0,0.0,0.0,0.0,0.0,0.0,0.0,0.0,0.0,0.0,0.0,0.0,0.0,0.0,0.0,0.0,0.0,0.0,0.0,0.0,0.0,0.0,0.0,0.0,0.0,0.0,0.0,0.0,0.0,0.0,0.0,0.0,0.0,0.0,0.0,0.0,0.0,0.0,0.0,0.0,0.0,0.0,0.0,0.0,0.0,0.0,0.0,0.0,3.0,1.0,0.0,0.0,3.0,1.0,0.0,0.0,0.0,0.0,0.0,0.0,0.0,0.0,0.0,0.0,0.0,0.0,0.0,0.0,0.0,0.0,0.0,0.0,0.0,0.0,0.0,0.0,0.0,0.0,0.0,0.0,0.0,0.0,0.0,0.0,0.0,0.0,0.0,0.0,0.0,0.0,0.0,0.0,0.0,0.0,0.0,0.0,0.0,0.0,0.0,0.0,0.0,0.0,0.0,0.0,0.0,0.0,0.0,0.0,0.0,0.0,0.0,0.0,0.0,0.0,0.0,0.0,0.0,0.0,0.0,0.0,0.0,0.0,0.0,0.0,0.0,0.0,0.0,0.0,0.0,0.0,0.0,0.0,0.0,0.0,0.0,0.0,0.0,0.0,0.0,0.0,0.0,0.0,0.0,0.0,0.0,0.0,0.0,0.0,0.0,0.0,0.0,0.0,0.0,0.0,0.0,0.0,0.0,0.0,0.0,0.0,0.0,0.0,0.0,0.0,0.0,0.0,0.0,0.0,0.0,0.0,0.0,0.0,0.0,0.0,0.0,0.0,0.0,0.0,0.0,0.0,0.0,0.0,0.0,0.0,0.0,0.0,0.0,0.0,0.0,0.0,0.0,0.0,0.0,0.0,0.0,0.0,0.0,0.0,0.0,0.0,0.0,0.0,0.0,0.0,0.0,0.0,0.0,0.0,0.0,0.0,0.0,0.0,0.0,0.0,0.0,0.0,0.0,0.0,0.0,0.0,0.0,0.0,0.0,0.0,0.0,0.0,0.0,0.0,0.0,0.0,0.0,0.0,0.0,0.0,0.0,0.0,0.0,0.0,0.0,0.0,0.0,0.0,0.0,0.0,0.0,0.0,0.0,0.0,0,0,0,0,0,0,0,0,ACY_**(*)*,acyclic_anonymous_graph,train,0,0,0,0,0,0,0,0,0,0,0,0,0,0,0,0,0,0,0,0,0,0,0,0,0,0,0,0,0,0,0,0,0,0,0,0,0,0,0,0,0,0,0,1,0,0,0,0,0,0,0,0,0,0,0,0,0,0,0,0,0,0,0,0,0,0,0,0,0,0,0,0,0,0,0,0,0,0,0,0,0,0,0,0,0,0,0,0,0,0,0,0,0,0,0,0,0,0,0,0,0,0,0,1,0,0,0,0,0,0,0,0,0,0,0,0,0,0,0,0,1,0,0,0,0,0,0,0,0,0,0,0,0,0,0,0,0,0,0,0,0,0,0,0,0,0,0,1,0,0,0,0,0,0,0,0,0,0,0,0,0,0,0,0,0,0,0,0,0,0,0,0,0,0,0,0,0,0,0,0,0,0,0,0,0,0,0,0,0,0,0,0,0,0,0,0,0,0,0,0,0,0,0,0,0,0,0,0,0,0,0,0,0,0,0,0,0,0,0,0,0,0,0,0,0,0,0,0,0,0,0,0,0,0,0,0,0,0,0,0,0,0,0,0,0,0,0,0,0,0,0,0,0,0,0,0,,,,,,,,4.988888888888888,2.0333333333333328,4.988888888888888,-2.0333333333333328,2.9555555555555553,3.51111111111111,1.4777777777777776,0.33834586466165417,4.171094402673348,16.784028601071824,0.0,0.0,0.0,0.0,0.0,0.0,0.0,26.487367939588317,0.0,0.0,43.02062858988053,43.27139654066015,3.5773502691896257,1.5811070145276398,1.7320508075688772,0.50709255283711,5.6881818181818184,2.9014841257249637,9.351712872287592,26.0,0.0,,,,,0.0,1.6877,23.313000000000002,0.0,0.0
10269,COc1ccc([N+](=O)[O-])cc1N=NC(C(C)=O)C(=O)Nc1ccccc1OC,0,10269,COc1ccc([N+](=O)[O-])cc1N=NC(C(C)=O)C(=O)Nc1ccccc1OC,10269,COc1ccc([N+](=O)[O-])cc1N=NC(C(C)=O)C(=O)Nc1ccccc1OC,COc1ccc([N+](=O)[O-])cc1N=NC(C(C)=O)C(=O)Nc1ccccc1OC,COc1ccc([N+](=O)[O-])cc1N=NC(C(C)=O)C(=O)Nc1ccccc1OC,COc1ccc([N+](=O)[O-])cc1N=NC(C(C)=O)C(=O)Nc1ccccc1OC,10269.0,1.0,0.0,0.0,0.0,0.0,0.0,0.0,O=C(CN=Nc1ccccc1)Nc1ccccc1,386.3640000000001,3.2920000000000007,132.48999999999998,1.0,8.0,8.0,2.0,2.0,10.0,0.2222222222222222,28.0,0.0,1.0,0.0,0.0,0.0,0.0,0.0,0.0,0.0,0.0,1.0,1.0,0.0,0.0,0.0,0.0,2.0,1.0,0.0,0.0,0.0,0.0,1.0,1.0,0.0,0.0,0.0,0.0,0.0,0.0,0.0,0.0,0.0,0.0,2.0,1.0,0.0,0.0,1.0,1.0,0.0,0.0,0.0,0.0,0.0,0.0,0.0,0.0,0.0,0.0,0.0,0.0,0.0,0.0,2.0,1.0,12.0,1.0,0.0,0.0,0.0,0.0,0.0,0.0,0.0,0.0,0.0,0.0,0.0,0.0,0.0,0.0,0.0,0.0,0.0,0.0,0.0,0.0,0.0,0.0,0.0,0.0,0.0,0.0,0.0,0.0,0.0,0.0,0.0,0.0,0.0,0.0,0.0,0.0,0.0,0.0,0.0,0.0,0.0,0.0,0.0,0.0,0.0,0.0,0.0,0.0,0.0,0.0,0.0,0.0,0.0,0.0,0.0,0.0,0.0,0.0,0.0,0.0,1.0,1.0,0.0,0.0,0.0,0.0,1.0,1.0,1.0,1.0,0.0,0.0,0.0,0.0,1.0,1.0,0.0,0.0,0.0,0.0,0.0,0.0,0.0,0.0,0.0,0.0,0.0,0.0,0.0,0.0,0.0,0.0,0.0,0.0,0.0,0.0,0.0,0.0,0.0,0.0,0.0,0.0,0.0,0.0,0.0,0.0,0.0,0.0,0.0,0.0,0.0,0.0,0.0,0.0,0.0,0.0,0.0,0.0,0.0,0.0,0.0,0.0,0.0,0.0,0.0,0.0,0.0,0.0,0.0,0.0,0.0,0.0,0.0,0.0,0.0,0.0,0.0,0.0,0.0,0.0,0.0,0.0,0.0,0.0,0.0,0.0,0.0,0.0,0.0,0.0,0.0,0.0,0.0,0.0,0.0,0.0,0.0,0.0,0.0,0.0,0.0,0.0,0.0,0.0,0.0,0.0,0.0,0.0,0.0,0.0,0.0,0.0,0.0,0.0,0.0,0.0,0.0,0.0,0.0,0.0,0.0,0.0,0.0,0.0,0.0,0.0,0.0,0.0,0.0,0.0,0.0,0.0,0.0,0.0,0.0,0.0,0.0,0.0,1.0,4.0,1.0,4.0,0.0,0.0,0,0,1,0,0,0,0,0,O=C(CN=Nc1ccccc1)Nc1ccccc1,murcko,train,1,1,0,0,0,0,0,0,0,0,0,0,0,0,0,0,0,1,1,0,0,0,1,0,1,0,0,0,0,0,0,0,0,1,1,0,0,0,0,1,0,0,0,0,0,0,0,0,0,0,0,0,0,0,0,0,0,0,0,0,0,1,0,0,1,0,0,0,0,1,1,0,0,1,0,0,0,0,0,0,0,1,0,0,0,0,0,0,1,0,0,0,0,0,1,1,0,0,0,0,1,0,0,0,0,0,0,1,0,0,0,0,0,0,0,0,0,0,0,0,0,0,0,0,0,1,0,0,1,1,1,0,0,0,1,0,0,1,1,0,0,0,0,0,0,0,0,1,1,0,0,0,0,0,0,0,0,0,0,0,1,0,0,1,0,0,1,0,0,0,0,1,1,0,0,1,0,0,1,0,0,0,0,1,0,0,0,0,0,0,0,0,0,0,0,0,0,0,1,0,1,0,0,1,0,0,0,0,0,0,0,0,1,1,1,0,0,0,0,0,0,0,0,0,0,0,0,0,0,0,0,0,0,0,0,0,0,0,1,0,0,1,0,0,0,0,0,0,0,1,1,0,0,0,0,0,0.27143355960417825,-0.49457943840462615,-0.043005755186368455,0.7660129980088044,0.49457943840462615,1.6925017617783173,-2.896662906996634,12.492408116024187,0.021334876543209758,12.492408116024187,-1.450110544217688,12.471073239480978,6.256871496283698,6.235536619740489,0.08018556068087193,3.1391396850329687,22.655576553682074,17.12428438265103,11.436898107967467,6.06636706846161,33.27606641916891,24.26546827384644,0.0,15.545288855265127,9.473725907600098,19.703392636909214,0.0,159.87790042163888,159.54706820555197,20.6814337969452,15.409932682800061,13.366611060554249,8.04628842886452,20.491403644356346,9.213928652805146,4.874398148882999,146.0,0.0,0.27143355960417825,-0.49457943840462615,0.49457943840462615,0.27143355960417825,132.48999999999998,3.2920000000000007,100.25710000000002,1.5,1.6888888888888889
5979,NC(=O)CCN(CCO)c1nc(Nc2ccccc2)nc(Nc2ccc(C=Cc3ccc(Nc4nc(Nc5ccccc5)nc(N(CCO)CCC(N)=O)n4)cc3S(=O)(=O)O)c(S(=O)(=O)O)c2)n1,0,5979,NC(=O)CCN(CCO)c1nc(Nc2ccccc2)nc(Nc2ccc(C=Cc3ccc(Nc4nc(Nc5ccccc5)nc(N(CCO)CCC(N)=O)n4)cc3S(=O)(=O)O)c(S(=O)(=O)O)c2)n1,5979,NC(=O)CCN(CCO)c1nc(Nc2ccccc2)nc(Nc2ccc(C=Cc3ccc(Nc4nc(Nc5ccccc5)nc(N(CCO)CCC(N)=O)n4)cc3S(=O)(=O)O)c(S(=O)(=O)O)c2)n1,NC(=O)CCN(CCO)c1nc(Nc2ccccc2)nc(Nc2ccc(C=Cc3ccc(Nc4nc(Nc5ccccc5)nc(N(CCO)CCC(N)=O)n4)cc3S(=O)(=O)O)c(S(=O)(=O)O)c2)n1,NC(=O)CCN(CCO)c1nc(Nc2ccccc2)nc(Nc2ccc(C=Cc3ccc(Nc4nc(Nc5ccccc5)nc(N(CCO)CCC(N)=O)n4)cc3S(=O)(=O)O)c(S(=O)(=O)O)c2)n1,NC(=O)CCN(CCO)c1nc(Nc2ccccc2)nc(Nc2ccc(C=Cc3ccc(Nc4nc(Nc5ccccc5)nc(N(CCO)CCC(N)=O)n4)cc3S(=O)(=O)O)c(S(=O)(=O)O)c2)n1,5979.0,1.0,0.0,0.0,0.0,0.0,0.0,0.0,C(=Cc1ccc(Nc2ncnc(Nc3ccccc3)n2)cc1)c1ccc(Nc2ncnc(Nc3ccccc3)n2)cc1,971.052,3.043,367.32,10.0,20.0,24.0,6.0,6.0,26.0,0.1904761904761904,68.0,0.0,0.0,0.0,0.0,0.0,0.0,0.0,0.0,0.0,0.0,2.0,1.0,0.0,0.0,0.0,0.0,10.0,1.0,0.0,0.0,0.0,0.0,0.0,0.0,0.0,0.0,0.0,0.0,0.0,0.0,2.0,1.0,0.0,0.0,0.0,0.0,0.0,0.0,0.0,0.0,0.0,0.0,0.0,0.0,0.0,0.0,0.0,0.0,0.0,0.0,1.0,1.0,0.0,0.0,6.0,1.0,36.0,1.0,0.0,0.0,0.0,0.0,0.0,0.0,0.0,0.0,0.0,0.0,0.0,0.0,0.0,0.0,0.0,0.0,0.0,0.0,2.0,1.0,0.0,0.0,2.0,1.0,0.0,0.0,0.0,0.0,0.0,0.0,0.0,0.0,0.0,0.0,0.0,0.0,0.0,0.0,0.0,0.0,0.0,0.0,0.0,0.0,0.0,0.0,0.0,0.0,0.0,0.0,0.0,0.0,0.0,0.0,8.0,1.0,0.0,0.0,0.0,0.0,0.0,0.0,0.0,0.0,2.0,1.0,0.0,0.0,0.0,0.0,0.0,0.0,0.0,0.0,0.0,0.0,0.0,0.0,0.0,0.0,0.0,0.0,0.0,0.0,0.0,0.0,0.0,0.0,0.0,0.0,0.0,0.0,0.0,0.0,0.0,0.0,0.0,0.0,0.0,0.0,0.0,0.0,0.0,0.0,0.0,0.0,0.0,0.0,0.0,0.0,0.0,0.0,0.0,0.0,0.0,0.0,0.0,0.0,0.0,0.0,0.0,0.0,0.0,0.0,0.0,0.0,0.0,0.0,0.0,0.0,0.0,0.0,2.0,1.0,0.0,0.0,0.0,0.0,0.0,0.0,0.0,0.0,0.0,0.0,0.0,0.0,0.0,0.0,0.0,0.0,0.0,0.0,0.0,0.0,0.0,0.0,0.0,0.0,0.0,0.0,0.0,0.0,0.0,0.0,0.0,0.0,0.0,0.0,0.0,0.0,0.0,0.0,0.0,0.0,0.0,0.0,0.0,0.0,0.0,0.0,0.0,0.0,0.0,0.0,0.0,0.0,0.0,0.0,0.0,0.0,0.0,0.0,0.0,0.0,0.0,0.0,0.0,0.0,1.0,3.0,1.0,3.0,0.0,0.0,0,0,1,0,0,0,0,1,C(=Cc1ccc(Nc2ncnc(Nc3ccccc3)n2)cc1)c1ccc(Nc2ncnc(Nc3ccccc3)n2)cc1,murcko,train,0,0,0,0,0,0,0,0,0,0,0,0,1,0,0,0,0,0,0,0,0,0,0,0,0,0,0,0,1,1,0,0,0,1,0,0,0,0,0,1,0,0,0,0,0,0,1,0,0,0,1,0,0,0,0,0,0,0,0,0,0,1,0,1,1,0,0,1,1,0,0,0,0,1,0,1,0,0,0,0,1,1,0,0,0,0,0,0,0,0,0,0,0,0,1,0,0,0,0,0,1,0,0,0,0,0,1,1,0,0,0,0,0,1,1,0,0,0,1,0,0,0,1,0,1,1,0,0,1,0,0,0,0,1,0,0,1,0,1,0,1,0,0,0,0,0,0,1,0,0,0,1,0,0,0,0,0,0,0,1,1,1,0,0,0,0,0,0,0,0,0,0,0,0,0,1,0,0,0,0,0,0,1,0,0,0,0,0,0,0,0,1,0,1,0,0,1,0,0,0,0,0,0,0,1,0,0,0,0,0,0,0,0,0,1,1,0,1,0,0,0,0,1,0,0,0,0,0,0,0,0,0,0,0,0,1,0,0,0,0,0,0,0,0,1,0,0,0,0,0,0,0,0,0,0,0,0.2946902835245892,-0.3945342976924805,-0.0609124361937566,0.6892245812170696,0.3945342976924805,3.1522566350398864,-7.294302296215337,12.78251476226265,0.02134031200833353,12.78251476226265,-4.949455647691435,12.761174450254316,6.401927537135492,6.380587225127158,0.07836269333188774,3.2116696116411863,41.84158012780567,110.42614401720824,11.374772549367124,12.13273413692322,46.21732794921516,60.6636706846161,0.0,51.17102554170858,11.46733495432437,45.743222873863665,0.0,389.2921455694962,391.0378128350321,48.848148968128946,35.83640910299528,32.464229860209066,20.36874898523545,49.5517547947769,22.543523676676454,14.308708667174379,356.0,0.0,0.2946902835245892,-0.3945342976924805,0.3945342976924805,0.2946902835245892,367.32,3.043,253.33039999999966,1.3,4.876190476190477
3029,[O]=[Ti]([OH])[OH],0,3029,[O]=[Ti]([OH])[OH],3029,[O]=[Ti]([OH])[OH],[O]=[Ti]([OH])[OH],[O]=[Ti]([OH])[OH],O,3029.0,1.0,0.0,1.0,0.0,1.0,0.0,0.0,,97.87999999999998,-1.2353,57.53,2.0,1.0,0.0,0.0,0.0,4.0,0.0,4.0,0.0,0.0,0.0,0.0,0.0,0.0,0.0,0.0,0.0,0.0,0.0,0.0,0.0,0.0,0.0,0.0,0.0,0.0,0.0,0.0,0.0,0.0,0.0,0.0,0.0,0.0,0.0,0.0,0.0,0.0,0.0,0.0,0.0,0.0,0.0,0.0,0.0,0.0,0.0,0.0,0.0,0.0,0.0,0.0,0.0,0.0,0.0,0.0,0.0,0.0,0.0,0.0,0.0,0.0,0.0,0.0,0.0,0.0,0.0,0.0,0.0,0.0,0.0,0.0,0.0,0.0,0.0,0.0,0.0,0.0,0.0,0.0,0.0,0.0,0.0,0.0,0.0,0.0,0.0,0.0,0.0,0.0,0.0,0.0,0.0,0.0,0.0,0.0,0.0,0.0,0.0,0.0,0.0,0.0,0.0,0.0,0.0,0.0,1.0,1.0,0.0,0.0,0.0,0.0,0.0,0.0,0.0,0.0,0.0,0.0,0.0,0.0,0.0,0.0,0.0,0.0,0.0,0.0,0.0,0.0,0.0,0.0,0.0,0.0,0.0,0.0,0.0,0.0,0.0,0.0,0.0,0.0,0.0,0.0,0.0,0.0,0.0,0.0,0.0,0.0,0.0,0.0,0.0,0.0,0.0,0.0,0.0,0.0,0.0,0.0,0.0,0.0,0.0,0.0,0.0,0.0,0.0,0.0,0.0,0.0,0.0,0.0,0.0,0.0,0.0,0.0,0.0,0.0,0.0,0.0,0.0,0.0,0.0,0.0,0.0,0.0,0.0,0.0,0.0,0.0,0.0,0.0,0.0,0.0,0.0,0.0,0.0,0.0,0.0,0.0,0.0,0.0,0.0,0.0,0.0,0.0,0.0,0.0,0.0,0.0,0.0,0.0,0.0,0.0,0.0,0.0,0.0,0.0,0.0,0.0,0.0,0.0,0.0,0.0,0.0,0.0,0.0,0.0,0.0,0.0,0.0,0.0,0.0,0.0,0.0,0.0,0.0,0.0,0.0,0.0,0.0,0.0,0.0,0.0,0.0,0.0,0.0,0.0,0.0,0.0,0.0,0.0,0.0,0.0,0.0,0.0,0.0,0.0,0.0,0.0,0.0,0.0,0.0,0.0,0.0,0.0,0.0,0.0,0.0,0.0,0.0,0.0,0,0,0,0,0,0,0,0,ACY_**(*)*,acyclic_anonymous_graph,train,0,0,0,0,0,0,0,0,0,0,0,0,0,0,0,0,0,0,0,0,0,0,0,0,0,0,0,0,0,0,0,0,0,0,0,0,0,0,0,1,0,0,0,0,0,0,0,0,0,0,0,0,0,0,0,0,0,0,0,0,0,0,0,0,0,0,0,0,0,0,0,1,0,0,0,0,0,0,0,0,0,0,0,0,0,0,0,0,0,0,0,0,0,0,0,0,0,0,0,0,0,1,0,0,0,0,0,0,0,0,0,0,0,0,0,0,0,0,0,0,0,0,0,0,0,0,0,0,0,0,0,0,0,0,0,0,0,0,1,0,0,0,0,0,0,0,0,0,0,0,0,0,0,0,0,0,0,0,0,0,0,0,0,0,0,0,0,0,0,0,0,0,0,0,0,0,0,0,0,0,0,0,0,0,0,0,0,0,0,0,0,0,0,0,0,1,0,0,0,0,0,0,0,0,0,0,0,0,0,0,0,0,0,0,0,0,0,0,0,0,0,0,0,0,0,0,0,0,0,0,0,0,0,0,0,0,0,0,0,0,0,0,0,0,0,0,0,0,0,0,0,0,0,0,0,1,,,,,,,,8.805555555555555,3.5833333333333335,8.805555555555555,-3.5833333333333335,5.222222222222221,6.194444444444445,2.6111111111111107,0.1914893617021277,7.347665484633572,18.616175969197215,0.0,0.0,0.0,0.0,0.0,0.0,0.0,10.700706307233206,0.0,0.0,29.98743637878324,29.31688227643042,3.5773502691896257,1.8026754814637789,1.7320508075688772,0.6513377407318894,4.434285714285713,1.7254670786783926,26.551667985753824,24.0,0.0,,,,,57.53,-1.2353,5.1241,0.0,0.0
8717,CCCCCCCCCCCCCCCCCC(=O)OCC[N+](C)(C)CCOC(=O)CCCCCCCCCCCCCCCCC,0,8717,CCCCCCCCCCCCCCCCCC(=O)OCC[N+](C)(C)CCOC(=O)CCCCCCCCCCCCCCCCC,8717,CCCCCCCCCCCCCCCCCC(=O)OCC[N+](C)(C)CCOC(=O)CCCCCCCCCCCCCCCCC,CCCCCCCCCCCCCCCCCC(=O)OCC[N+](C)(C)CCOC(=O)CCCCCCCCCCCCCCCCC,CCCCCCCCCCCCCCCCCC(=O)OCC[N+](C)(C)CCOC(=O)CCCCCCCCCCCCCCCCC,CCCCCCCCCCCCCCCCCC(=O)OCC[N+](C)(C)CCOC(=O)CCCCCCCCCCCCCCCCC,8717.0,1.0,0.0,0.0,0.0,0.0,0.0,0.0,,667.1369999999998,12.672199999999984,52.6,0.0,4.0,38.0,0.0,0.0,5.0,0.9523809523809524,47.0,1.0,1.0,0.0,0.0,0.0,0.0,0.0,0.0,1.0,1.0,0.0,0.0,0.0,0.0,0.0,0.0,0.0,0.0,0.0,0.0,0.0,0.0,0.0,0.0,0.0,0.0,0.0,0.0,0.0,0.0,0.0,0.0,0.0,0.0,2.0,1.0,0.0,0.0,0.0,0.0,0.0,0.0,0.0,0.0,2.0,1.0,0.0,0.0,0.0,0.0,0.0,0.0,0.0,0.0,0.0,0.0,0.0,0.0,0.0,0.0,0.0,0.0,0.0,0.0,0.0,0.0,0.0,0.0,0.0,0.0,0.0,0.0,0.0,0.0,0.0,0.0,0.0,0.0,0.0,0.0,0.0,0.0,0.0,0.0,0.0,0.0,0.0,0.0,0.0,0.0,0.0,0.0,0.0,0.0,0.0,0.0,0.0,0.0,0.0,0.0,0.0,0.0,0.0,0.0,0.0,0.0,0.0,0.0,0.0,0.0,0.0,0.0,0.0,0.0,0.0,0.0,0.0,0.0,0.0,0.0,0.0,0.0,0.0,0.0,0.0,0.0,0.0,0.0,0.0,0.0,0.0,0.0,0.0,0.0,0.0,0.0,0.0,0.0,0.0,0.0,0.0,0.0,0.0,0.0,0.0,0.0,0.0,0.0,0.0,0.0,0.0,0.0,0.0,0.0,0.0,0.0,0.0,0.0,0.0,0.0,0.0,0.0,0.0,0.0,0.0,0.0,0.0,0.0,0.0,0.0,0.0,0.0,0.0,0.0,0.0,0.0,0.0,0.0,0.0,0.0,0.0,0.0,0.0,0.0,0.0,0.0,0.0,0.0,0.0,0.0,0.0,0.0,0.0,0.0,0.0,0.0,0.0,0.0,0.0,0.0,0.0,0.0,0.0,0.0,0.0,0.0,0.0,0.0,0.0,0.0,0.0,0.0,0.0,0.0,0.0,0.0,0.0,0.0,0.0,0.0,0.0,0.0,0.0,0.0,0.0,0.0,0.0,0.0,0.0,0.0,0.0,0.0,0.0,0.0,0.0,0.0,0.0,0.0,2.0,1.0,0.0,0.0,0.0,0.0,0.0,0.0,0.0,0.0,0.0,0.0,0.0,0.0,0.0,0.0,0.0,0.0,1.0,1.0,0.0,0.0,1.0,1.0,0,0,0,0,0,1,0,0,ACY_******************(*)****(*)(*)****(*)*****************,acyclic_anonymous_graph,train,0,0,0,0,0,0,0,0,0,0,1,0,0,1,0,0,0,0,0,0,0,0,0,0,0,0,1,0,1,0,0,0,0,1,0,0,0,0,1,1,0,0,0,0,0,0,0,0,0,0,0,0,0,0,0,0,0,0,0,0,0,0,0,1,0,0,0,0,0,0,0,0,0,0,0,0,0,0,0,1,1,0,0,0,0,0,0,0,0,0,0,0,0,0,0,0,0,0,0,0,0,0,0,0,0,0,1,0,0,0,0,0,0,0,0,0,1,0,0,1,0,0,0,0,0,1,0,0,0,1,0,0,0,0,0,0,0,0,1,0,0,0,0,0,0,1,0,1,0,0,0,0,0,0,0,0,0,0,1,0,0,0,0,0,1,1,0,0,0,0,0,0,1,0,0,0,0,0,0,0,0,0,0,1,0,0,0,0,0,0,0,0,0,0,0,0,0,0,0,0,0,0,0,0,0,0,0,0,0,0,0,0,0,0,0,0,0,0,0,0,0,0,0,0,0,0,0,0,0,0,0,0,0,0,0,0,0,0,0,0,0,0,0,1,0,0,0,0,0,0,0,0,0,0,0,0,0.3054950288445768,-0.45967016614108996,-0.04502623245482581,0.7651651949856668,0.45967016614108996,1.344563012681129,-3.4607959380579416,12.149071044030674,0.07442634414380644,12.149071044030674,-0.07442634414380689,12.074644699886868,6.11174869408724,6.037322349943434,0.08281817186797798,3.0935462722167766,0.0,11.938610575903699,30.53843803257248,38.7727993035292,166.9413621960763,0.0,0.0,27.94281836473563,9.473725907600098,9.589074368143644,0.0,294.2218175339904,295.1968287485611,34.52475822346804,32.5360508800711,22.909014043794343,21.04204991671058,45.900000000000006,36.18742352198259,37.56775473833998,280.0,0.0,0.3054950288445768,-0.45967016614108996,0.45967016614108996,0.3054950288445768,52.6,12.672199999999984,202.8523999999992,0.0,9.280952380952382
4646,Cc1cc(CC(C)C)ccc1CCC=O,0,4646,Cc1cc(CC(C)C)ccc1CCC=O,4646,Cc1cc(CC(C)C)ccc1CCC=O,Cc1cc(CC(C)C)ccc1CCC=O,Cc1cc(CC(C)C)ccc1CCC=O,Cc1cc(CC(C)C)ccc1CCC=O,4646.0,1.0,0.0,0.0,0.0,0.0,0.0,0.0,c1ccccc1,204.313,3.325020000000002,17.07,0.0,1.0,5.0,1.0,1.0,1.0,0.5,15.0,0.0,0.0,0.0,0.0,0.0,0.0,0.0,0.0,0.0,0.0,0.0,0.0,0.0,0.0,0.0,0.0,0.0,0.0,0.0,0.0,0.0,0.0,0.0,0.0,0.0,0.0,0.0,0.0,0.0,0.0,0.0,0.0,0.0,0.0,0.0,0.0,1.0,1.0,0.0,0.0,0.0,0.0,0.0,0.0,0.0,0.0,0.0,0.0,0.0,0.0,0.0,0.0,0.0,0.0,1.0,1.0,6.0,1.0,0.0,0.0,0.0,0.0,0.0,0.0,0.0,0.0,0.0,0.0,0.0,0.0,0.0,0.0,0.0,0.0,0.0,0.0,0.0,0.0,0.0,0.0,0.0,0.0,0.0,0.0,0.0,0.0,0.0,0.0,0.0,0.0,0.0,0.0,0.0,0.0,0.0,0.0,0.0,0.0,0.0,0.0,0.0,0.0,0.0,0.0,0.0,0.0,0.0,0.0,0.0,0.0,0.0,0.0,0.0,0.0,0.0,0.0,0.0,0.0,0.0,0.0,0.0,0.0,0.0,0.0,0.0,0.0,0.0,0.0,0.0,0.0,0.0,0.0,0.0,0.0,0.0,0.0,0.0,0.0,0.0,0.0,0.0,0.0,0.0,0.0,0.0,0.0,0.0,0.0,0.0,0.0,0.0,0.0,0.0,0.0,0.0,0.0,0.0,0.0,0.0,0.0,0.0,0.0,0.0,0.0,0.0,0.0,0.0,0.0,0.0,0.0,0.0,0.0,1.0,1.0,0.0,0.0,0.0,0.0,0.0,0.0,0.0,0.0,0.0,0.0,0.0,0.0,0.0,0.0,0.0,0.0,0.0,0.0,0.0,0.0,0.0,0.0,0.0,0.0,0.0,0.0,0.0,0.0,0.0,0.0,0.0,0.0,0.0,0.0,0.0,0.0,0.0,0.0,0.0,0.0,0.0,0.0,0.0,0.0,0.0,0.0,0.0,0.0,0.0,0.0,0.0,0.0,0.0,0.0,0.0,0.0,0.0,0.0,0.0,0.0,0.0,0.0,0.0,0.0,0.0,0.0,0.0,0.0,0.0,0.0,0.0,0.0,0.0,0.0,0.0,0.0,0.0,0.0,0.0,0.0,0.0,0.0,1.0,1.0,1.0,1.0,0.0,0.0,0,0,0,0,0,0,0,0,c1ccccc1,murcko,train,0,1,0,0,0,0,0,0,0,0,0,0,0,0,0,0,0,0,0,0,0,0,0,0,0,0,0,1,0,0,0,0,0,1,0,0,0,0,0,0,0,0,0,0,0,0,0,1,0,0,0,0,0,0,1,1,0,0,0,0,0,0,0,0,0,0,0,0,0,1,0,0,0,0,0,0,0,0,0,1,1,1,0,0,0,0,1,0,0,0,0,0,0,0,0,0,0,0,0,0,1,0,0,0,0,0,0,1,0,1,0,1,0,0,0,0,0,0,1,0,0,0,0,0,0,0,0,0,0,0,0,0,0,0,0,0,0,0,1,1,0,0,0,0,0,1,0,0,0,0,0,0,0,0,0,0,0,0,0,0,0,0,0,0,0,0,0,0,0,0,0,0,0,0,0,0,0,0,0,0,0,0,1,0,0,0,1,1,0,0,0,0,0,0,0,0,0,0,1,0,0,0,0,0,0,1,0,0,0,0,0,0,0,0,1,0,0,0,1,1,0,0,0,0,0,0,0,0,0,0,0,0,1,0,0,0,1,0,0,0,0,0,0,0,0,0,0,1,0,0,0,0,0,0,0,0,0.11982160188674772,-0.3033901907785366,-0.0495551089972269,0.4232117926652843,0.3033901907785366,0.1268917540482382,-0.8702183890066416,10.301899793128149,0.629332561728395,10.301899793128149,0.629332561728395,9.672567231399753,5.465616177428272,4.836283615699877,0.1033851692189568,3.0884210452412235,0.0,0.0,12.338727669087403,19.127803768981575,16.690354475090988,0.0,0.0,38.970312804456704,0.0,4.794537184071822,0.0,92.5124621347136,91.92173590168849,11.259148545064338,9.916319979971636,7.1302289553358,5.652040032601626,11.961994240460763,5.693717894680273,3.8640177310046893,82.0,0.0,0.11982160188674772,-0.3033901907785366,0.3033901907785366,0.11982160188674772,17.07,3.325020000000002,64.10600000000004,0.2,1.2
2530,CCCCCCCCCC(C)C=O,0,2530,CCCCCCCCCC(C)C=O,2530,CCCCCCCCCC(C)C=O,CCCCCCCCCC(C)C=O,CCCCCCCCCC(C)C=O,CCCCCCCCCC(C)C=O,2530.0,1.0,0.0,0.0,0.0,0.0,0.0,0.0,,184.323,3.962100000000003,17.07,0.0,1.0,9.0,0.0,0.0,1.0,0.9166666666666666,13.0,0.0,0.0,0.0,0.0,0.0,0.0,0.0,0.0,0.0,0.0,0.0,0.0,0.0,0.0,0.0,0.0,0.0,0.0,0.0,0.0,0.0,0.0,0.0,0.0,0.0,0.0,0.0,0.0,0.0,0.0,0.0,0.0,0.0,0.0,0.0,0.0,1.0,1.0,0.0,0.0,0.0,0.0,0.0,0.0,0.0,0.0,0.0,0.0,0.0,0.0,0.0,0.0,0.0,0.0,0.0,0.0,0.0,0.0,0.0,0.0,0.0,0.0,0.0,0.0,0.0,0.0,0.0,0.0,0.0,0.0,0.0,0.0,0.0,0.0,0.0,0.0,0.0,0.0,0.0,0.0,0.0,0.0,0.0,0.0,0.0,0.0,0.0,0.0,0.0,0.0,0.0,0.0,0.0,0.0,0.0,0.0,0.0,0.0,0.0,0.0,0.0,0.0,0.0,0.0,0.0,0.0,0.0,0.0,0.0,0.0,0.0,0.0,0.0,0.0,0.0,0.0,0.0,0.0,0.0,0.0,0.0,0.0,0.0,0.0,0.0,0.0,0.0,0.0,0.0,0.0,0.0,0.0,0.0,0.0,0.0,0.0,0.0,0.0,0.0,0.0,0.0,0.0,0.0,0.0,0.0,0.0,0.0,0.0,0.0,0.0,0.0,0.0,0.0,0.0,0.0,0.0,0.0,0.0,0.0,0.0,0.0,0.0,0.0,0.0,0.0,0.0,0.0,0.0,0.0,0.0,0.0,0.0,1.0,1.0,0.0,0.0,0.0,0.0,0.0,0.0,0.0,0.0,0.0,0.0,0.0,0.0,0.0,0.0,0.0,0.0,0.0,0.0,0.0,0.0,0.0,0.0,0.0,0.0,0.0,0.0,0.0,0.0,0.0,0.0,0.0,0.0,0.0,0.0,0.0,0.0,0.0,0.0,0.0,0.0,0.0,0.0,0.0,0.0,0.0,0.0,0.0,0.0,0.0,0.0,0.0,0.0,0.0,0.0,0.0,0.0,0.0,0.0,0.0,0.0,0.0,0.0,0.0,0.0,0.0,0.0,0.0,0.0,0.0,0.0,0.0,0.0,0.0,0.0,0.0,0.0,0.0,0.0,0.0,0.0,0.0,0.0,1.0,1.0,1.0,1.0,0.0,0.0,0,0,0,0,0,0,0,0,ACY_**********(*)**,acyclic_anonymous_graph,train,0,1,0,1,0,0,0,0,0,0,0,0,0,0,0,0,0,0,0,0,0,0,0,1,0,0,1,1,0,0,0,0,0,1,0,0,0,0,1,0,0,0,0,0,0,0,0,0,0,0,0,0,0,0,1,0,0,0,1,0,0,0,0,0,0,0,0,0,0,0,0,0,0,0,0,0,0,0,0,1,1,0,0,0,0,0,0,0,0,0,0,0,0,0,0,0,0,0,0,0,0,0,0,0,0,0,0,0,0,0,0,0,0,0,0,0,0,0,0,1,0,0,0,0,0,0,0,0,0,0,0,0,0,0,0,0,0,0,1,0,0,0,0,0,0,0,0,0,0,0,0,0,0,0,0,0,0,0,0,0,0,0,0,0,1,0,0,0,0,0,0,0,0,0,0,0,0,0,0,0,0,0,1,0,0,0,0,0,0,0,0,0,0,0,0,0,0,0,0,0,0,0,0,0,0,0,0,0,0,0,0,0,0,1,0,0,0,0,0,0,0,0,0,0,0,0,0,1,0,0,0,0,0,0,0,0,1,0,0,0,0,0,0,0,0,0,0,0,0,0,0,0,1,0,0,0,0.12229184464963176,-0.30310058875142204,-0.05460983343389877,0.4253924334010538,0.30310058875142204,0.1340260214565451,-0.8439538560972291,10.30991780761126,0.27374241517594666,10.30991780761126,0.27374241517594666,10.036175392435313,5.291830111393604,5.018087696217656,0.09963955001760352,2.7902527439844693,0.0,5.917906046161393,0.0,12.706982146055566,44.94575136048208,0.0,6.923737199690624,6.923737199690624,0.0,4.794537184071822,0.0,82.91513638623601,82.21265113615209,9.941311299868556,9.219803078335497,6.308060412490448,5.761740934568885,12.670000000000002,9.755689802913453,9.585062859632373,78.0,0.0,0.12229184464963176,-0.30310058875142204,0.30310058875142204,0.12229184464963176,17.07,3.962100000000003,57.83800000000005,0.2,2.166666666666667
10877,CC(C)C1C2CCC1c1c(NC(=O)c3cn(C)nc3C(F)F)cccc12,0,10877,CC(C)C1C2CCC1c1c(NC(=O)c3cn(C)nc3C(F)F)cccc12,10877,CC(C)C1C2CCC1c1c(NC(=O)c3cn(C)nc3C(F)F)cccc12,CC(C)C1C2CCC1c1c(NC(=O)c3cn(C)nc3C(F)F)cccc12,CC(C)C1C2CCC1c1c(NC(=O)c3cn(C)nc3C(F)F)cccc12,CC(C)C1C2CCC1c1c(NC(=O)c3cn(C)nc3C(F)F)cccc12,10877.0,1.0,0.0,0.0,0.0,0.0,0.0,0.0,O=C(Nc1cccc2c1C1CCC2C1)c1cn[nH]c1,359.42,4.856800000000004,46.92,1.0,3.0,4.0,4.0,2.0,6.0,0.5,26.0,0.0,0.0,0.0,0.0,0.0,0.0,0.0,0.0,0.0,0.0,1.0,1.0,0.0,0.0,0.0,0.0,1.0,1.0,0.0,0.0,0.0,0.0,0.0,0.0,0.0,0.0,0.0,0.0,0.0,0.0,0.0,0.0,0.0,0.0,0.0,0.0,0.0,0.0,0.0,0.0,0.0,0.0,0.0,0.0,0.0,0.0,0.0,0.0,0.0,0.0,0.0,0.0,0.0,0.0,1.0,1.0,7.0,1.0,5.0,1.0,0.0,0.0,2.0,1.0,2.0,1.0,0.0,0.0,0.0,0.0,0.0,0.0,0.0,0.0,0.0,0.0,0.0,0.0,0.0,0.0,0.0,0.0,0.0,0.0,0.0,0.0,0.0,0.0,0.0,0.0,0.0,0.0,0.0,0.0,0.0,0.0,0.0,0.0,0.0,0.0,0.0,0.0,0.0,0.0,0.0,0.0,0.0,0.0,0.0,0.0,0.0,0.0,0.0,0.0,0.0,0.0,0.0,0.0,0.0,0.0,0.0,0.0,0.0,0.0,1.0,1.0,0.0,0.0,0.0,0.0,0.0,0.0,0.0,0.0,0.0,0.0,0.0,0.0,0.0,0.0,2.0,1.0,0.0,0.0,0.0,0.0,0.0,0.0,0.0,0.0,0.0,0.0,0.0,0.0,0.0,0.0,0.0,0.0,0.0,0.0,0.0,0.0,0.0,0.0,0.0,0.0,0.0,0.0,0.0,0.0,0.0,0.0,0.0,0.0,0.0,0.0,0.0,0.0,0.0,0.0,0.0,0.0,0.0,0.0,0.0,0.0,0.0,0.0,0.0,0.0,0.0,0.0,0.0,0.0,0.0,0.0,0.0,0.0,0.0,0.0,0.0,0.0,0.0,0.0,0.0,0.0,0.0,0.0,0.0,0.0,0.0,0.0,0.0,0.0,0.0,0.0,0.0,0.0,0.0,0.0,0.0,0.0,0.0,0.0,0.0,0.0,0.0,0.0,0.0,0.0,0.0,0.0,0.0,0.0,0.0,0.0,0.0,0.0,0.0,0.0,0.0,0.0,0.0,0.0,0.0,0.0,0.0,0.0,0.0,0.0,0.0,0.0,0.0,0.0,0.0,0.0,1.0,2.0,1.0,2.0,0.0,0.0,0,0,1,0,0,0,0,0,O=C(Nc1cccc2c1C1CCC2C1)c1cn[nH]c1,murcko,train,0,1,0,1,0,0,0,0,0,0,0,0,0,0,0,1,0,0,0,0,0,0,0,0,1,0,1,1,0,0,1,0,0,1,0,0,0,0,0,1,0,0,1,0,0,1,0,0,0,0,0,0,0,0,0,0,0,0,0,0,0,0,0,0,1,0,0,0,0,1,0,0,0,0,0,0,0,0,0,1,1,1,0,0,0,0,0,0,0,0,0,0,0,0,0,0,0,0,0,0,1,0,0,0,0,0,0,0,0,0,0,0,1,0,0,1,0,0,0,1,0,1,1,0,0,1,0,0,1,0,0,0,0,0,1,0,1,0,1,0,0,0,0,0,0,0,0,0,0,0,0,0,0,0,0,0,0,0,1,0,1,0,0,0,1,0,0,1,0,0,0,0,0,0,0,0,0,0,0,1,0,0,0,0,0,0,0,1,0,0,0,0,0,0,1,1,0,0,0,1,1,0,0,0,1,0,1,0,1,0,0,0,0,1,1,1,0,0,0,0,0,0,0,0,0,0,1,0,0,0,1,0,0,0,0,0,0,0,0,0,0,0,0,0,0,0,0,0,0,0,0,1,0,1,0,0,0.2824620720027052,-0.3216075612048488,-0.04155942622110199,0.6040696332075539,0.3216075612048488,0.8813476285286694,-1.9618927102773214,13.166269288171344,0.0660472043755771,13.166269288171344,-2.777988661003632,13.100222083795767,6.616158246273461,6.550111041897884,0.07633458376533504,3.341435714580573,18.02655246905916,5.563451491696996,23.671624184645573,12.10820789760957,35.474043095755455,0.0,12.13273413692322,30.329311880150225,0.0,13.575367279421462,0.0,151.14088682333033,150.88129243526166,18.58505747976789,15.168970412561963,12.379917853109722,9.139493802243539,17.187738341812626,6.179723726897728,2.5402593525677175,138.0,0.0,0.2824620720027052,-0.3216075612048488,0.3216075612048488,0.2824620720027052,46.92,4.856800000000004,95.60420000000003,1.1,1.0
11467,Nc1ccc(N)c(CCO)c1,1,11467,Nc1ccc(N)c(CCO)c1,11467,Nc1ccc(N)c(CCO)c1,Nc1ccc(N)c(CCO)c1,Nc1ccc(N)c(CCO)c1,Nc1ccc(N)c(CCO)c1,11467.0,1.0,0.0,0.0,0.0,0.0,0.0,0.0,c1ccccc1,152.19700000000003,0.3857999999999998,72.27,3.0,3.0,2.0,1.0,1.0,3.0,0.25,11.0,0.0,0.0,0.0,0.0,0.0,0.0,0.0,0.0,0.0,0.0,0.0,0.0,0.0,0.0,0.0,0.0,2.0,1.0,0.0,0.0,0.0,0.0,0.0,0.0,0.0,0.0,0.0,0.0,0.0,0.0,1.0,1.0,0.0,0.0,0.0,0.0,0.0,0.0,0.0,0.0,0.0,0.0,0.0,0.0,0.0,0.0,0.0,0.0,0.0,0.0,0.0,0.0,0.0,0.0,1.0,1.0,6.0,1.0,0.0,0.0,0.0,0.0,0.0,0.0,0.0,0.0,0.0,0.0,0.0,0.0,0.0,0.0,0.0,0.0,0.0,0.0,0.0,0.0,0.0,0.0,0.0,0.0,0.0,0.0,0.0,0.0,0.0,0.0,0.0,0.0,0.0,0.0,0.0,0.0,0.0,0.0,0.0,0.0,0.0,0.0,0.0,0.0,0.0,0.0,0.0,0.0,0.0,0.0,2.0,1.0,0.0,0.0,2.0,1.0,0.0,0.0,0.0,0.0,0.0,0.0,0.0,0.0,0.0,0.0,0.0,0.0,0.0,0.0,0.0,0.0,0.0,0.0,0.0,0.0,0.0,0.0,0.0,0.0,0.0,0.0,0.0,0.0,0.0,0.0,0.0,0.0,0.0,0.0,0.0,0.0,0.0,0.0,0.0,0.0,0.0,0.0,0.0,0.0,0.0,0.0,0.0,0.0,0.0,0.0,0.0,0.0,0.0,0.0,0.0,0.0,0.0,0.0,0.0,0.0,0.0,0.0,0.0,0.0,0.0,0.0,0.0,0.0,0.0,0.0,0.0,0.0,0.0,0.0,0.0,0.0,0.0,0.0,0.0,0.0,0.0,0.0,0.0,0.0,0.0,0.0,0.0,0.0,0.0,0.0,0.0,0.0,0.0,0.0,0.0,0.0,0.0,0.0,0.0,0.0,0.0,0.0,0.0,0.0,0.0,0.0,0.0,0.0,0.0,0.0,0.0,0.0,0.0,0.0,0.0,0.0,0.0,0.0,0.0,0.0,0.0,0.0,0.0,0.0,0.0,0.0,0.0,0.0,0.0,0.0,0.0,0.0,0.0,0.0,0.0,0.0,0.0,0.0,0.0,0.0,0.0,0.0,1.0,2.0,1.0,2.0,0.0,0.0,1,1,1,0,0,0,0,0,c1ccccc1,murcko,train,0,0,0,0,0,0,0,0,0,0,0,0,0,0,0,0,0,0,0,0,0,0,0,0,0,0,0,0,0,0,0,0,0,0,0,1,0,0,0,1,0,0,0,0,0,0,0,0,0,0,0,0,0,0,0,0,0,0,0,0,0,0,0,0,0,0,0,0,0,1,0,0,0,0,0,0,0,0,0,0,1,1,1,0,0,0,0,0,0,0,0,0,0,0,0,0,0,0,0,1,1,0,0,0,0,0,0,1,0,0,0,0,0,0,0,0,0,0,0,0,1,0,0,0,0,0,0,0,0,0,0,0,0,0,0,1,0,0,0,0,0,0,1,0,1,0,0,1,0,0,0,0,0,0,0,0,0,0,0,0,0,0,0,0,0,0,0,0,0,0,0,0,0,0,0,0,0,1,0,0,0,0,1,0,0,0,0,0,0,0,0,0,0,0,0,0,0,0,0,0,0,0,0,0,0,0,0,0,0,0,0,0,0,0,1,0,0,1,0,1,0,0,1,0,0,0,0,0,0,0,0,0,0,0,0,0,0,0,0,0,0,0,0,0,0,0,0,0,0,0,1,0,0,0,0,0,0.04717344105008637,-0.39871865694809794,-0.11003045383767028,0.4458920979981843,0.39871865694809794,0.11379643501859404,-1.3241314272329672,8.63865268329554,0.10481481481481492,8.63865268329554,0.10481481481481492,8.533837868480724,4.371733749055178,4.266918934240362,0.11718057167378898,2.2395616447340063,0.0,6.606881964512918,17.795594172293136,5.563451491696996,0.0,18.19910120538483,0.0,0.0,16.573862349165076,0.0,0.0,65.63530249451162,64.73889118305296,8.267584713501616,6.248178503821183,5.236382105218448,3.4851652975123226,7.882249488752557,3.253808596667817,1.8475875859012925,60.0,0.0,0.04717344105008637,-0.39871865694809794,0.39871865694809794,0.04717344105008637,72.27,0.38579999999999987,46.05660000000001,2.1,0.5
2793,CC(=O)CO,0,2793,CC(=O)CO,2793,CC(=O)CO,CC(=O)CO,CC(=O)CO,CC(=O)CO,2793.0,1.0,0.0,0.0,0.0,0.0,0.0,0.0,,74.079,-0.4322999999999999,37.3,1.0,2.0,1.0,0.0,0.0,2.0,0.6666666666666666,5.0,0.0,0.0,0.0,0.0,0.0,0.0,0.0,0.0,0.0,0.0,0.0,0.0,0.0,0.0,0.0,0.0,0.0,0.0,0.0,0.0,0.0,0.0,0.0,0.0,0.0,0.0,0.0,0.0,0.0,0.0,1.0,1.0,0.0,0.0,0.0,0.0,0.0,0.0,1.0,1.0,0.0,0.0,0.0,0.0,0.0,0.0,0.0,0.0,0.0,0.0,0.0,0.0,0.0,0.0,0.0,0.0,0.0,0.0,0.0,0.0,0.0,0.0,0.0,0.0,0.0,0.0,0.0,0.0,0.0,0.0,0.0,0.0,0.0,0.0,0.0,0.0,0.0,0.0,0.0,0.0,0.0,0.0,0.0,0.0,0.0,0.0,0.0,0.0,0.0,0.0,0.0,0.0,0.0,0.0,0.0,0.0,0.0,0.0,0.0,0.0,0.0,0.0,0.0,0.0,0.0,0.0,0.0,0.0,0.0,0.0,0.0,0.0,0.0,0.0,0.0,0.0,0.0,0.0,0.0,0.0,0.0,0.0,0.0,0.0,0.0,0.0,0.0,0.0,0.0,0.0,0.0,0.0,0.0,0.0,0.0,0.0,0.0,0.0,0.0,0.0,0.0,0.0,0.0,0.0,0.0,0.0,0.0,0.0,0.0,0.0,0.0,0.0,0.0,0.0,0.0,0.0,0.0,0.0,0.0,0.0,0.0,0.0,0.0,0.0,0.0,0.0,0.0,0.0,0.0,0.0,0.0,0.0,0.0,0.0,0.0,0.0,0.0,0.0,0.0,0.0,0.0,0.0,0.0,0.0,0.0,0.0,0.0,0.0,0.0,0.0,0.0,0.0,0.0,0.0,0.0,0.0,0.0,0.0,0.0,0.0,0.0,0.0,0.0,0.0,0.0,0.0,0.0,0.0,0.0,0.0,0.0,0.0,0.0,0.0,0.0,0.0,0.0,0.0,0.0,0.0,0.0,0.0,0.0,0.0,0.0,0.0,0.0,0.0,0.0,0.0,0.0,0.0,0.0,0.0,0.0,0.0,0.0,0.0,0.0,0.0,0.0,0.0,0.0,0.0,0.0,0.0,0.0,0.0,0.0,0.0,0.0,0.0,0.0,0.0,0.0,0.0,0.0,0.0,0.0,0.0,0.0,0.0,0,0,0,0,0,0,0,0,ACY_***(*)*,acyclic_anonymous_graph,train,0,0,0,0,0,0,0,0,0,0,0,0,0,0,1,0,0,0,0,0,0,0,0,0,0,0,0,0,0,0,0,0,0,1,0,0,0,0,0,1,0,0,0,0,0,0,0,0,0,0,0,0,0,0,0,0,0,0,0,0,0,0,0,0,0,0,0,0,0,0,0,0,0,0,0,0,0,0,0,0,1,0,0,0,0,0,0,0,0,0,0,0,0,0,0,0,0,0,0,0,0,0,0,0,0,0,0,0,0,0,0,0,0,0,0,0,0,0,0,0,0,0,0,0,0,1,1,0,1,0,0,0,0,0,0,0,0,0,1,0,0,0,0,0,0,0,0,0,0,0,0,0,0,0,0,0,0,0,0,0,0,0,0,0,0,0,0,0,0,0,0,0,0,0,0,0,0,0,0,0,0,0,0,0,0,0,0,0,0,0,0,0,0,0,0,0,0,0,0,0,0,0,0,0,0,0,0,0,0,0,0,0,0,0,0,0,0,0,0,0,0,0,1,0,0,0,0,0,0,0,0,0,0,0,0,0,0,0,0,0,0,0,0,0,0,0,0,0,0,1,0,0,0,0,0,0,0.15461556617660263,-0.3886043602174644,-0.08666759837692406,0.543219926394067,0.3886043602174644,0.25591581934192353,-0.6892538112265438,9.5625,0.18981481481481444,9.5625,-0.3333333333333335,9.372685185185185,4.876157407407407,4.686342592592593,0.10669301061990615,2.5368302244266987,0.0,12.390126910877857,0.0,0.0,6.923737199690624,0.0,0.0,0.0,5.106527394840706,4.794537184071822,0.0,30.42489110886254,29.21492868948101,4.284457050376173,3.0625686671503685,2.270055610029662,1.373905301842043,4.63,1.9054820936639114,3.6299999999999994,30.0,0.0,0.15461556617660263,-0.3886043602174644,0.3886043602174644,0.15461556617660263,37.3,-0.43229999999999996,17.7668,0.0,0.4666666666666667
10195,COS(=O)(=O)c1ccc(C)cc1,1,10195,COS(=O)(=O)c1ccc(C)cc1,10195,COS(=O)(=O)c1ccc(C)cc1,COS(=O)(=O)c1ccc(C)cc1,COS(=O)(=O)c1ccc(C)cc1,COS(=O)(=O)c1ccc(C)cc1,10195.0,1.0,0.0,0.0,0.0,0.0,0.0,0.0,c1ccccc1,186.232,1.33012,43.370000000000005,0.0,3.0,2.0,1.0,1.0,4.0,0.25,12.0,0.0,0.0,0.0,0.0,0.0,0.0,0.0,0.0,0.0,0.0,0.0,0.0,0.0,0.0,0.0,0.0,0.0,0.0,0.0,0.0,0.0,0.0,0.0,0.0,0.0,0.0,0.0,0.0,0.0,0.0,0.0,0.0,0.0,0.0,0.0,0.0,0.0,0.0,0.0,0.0,0.0,0.0,0.0,0.0,0.0,0.0,0.0,0.0,0.0,0.0,0.0,0.0,0.0,0.0,1.0,1.0,6.0,1.0,0.0,0.0,0.0,0.0,0.0,0.0,0.0,0.0,0.0,0.0,0.0,0.0,0.0,0.0,0.0,0.0,0.0,0.0,1.0,1.0,0.0,0.0,0.0,0.0,0.0,0.0,0.0,0.0,0.0,0.0,0.0,0.0,0.0,0.0,0.0,0.0,0.0,0.0,0.0,0.0,0.0,0.0,0.0,0.0,0.0,0.0,0.0,0.0,0.0,0.0,0.0,0.0,0.0,0.0,0.0,0.0,0.0,0.0,0.0,0.0,0.0,0.0,0.0,0.0,0.0,0.0,0.0,0.0,0.0,0.0,0.0,0.0,0.0,0.0,0.0,0.0,0.0,0.0,0.0,0.0,0.0,0.0,0.0,0.0,0.0,0.0,0.0,0.0,0.0,0.0,0.0,0.0,0.0,0.0,0.0,0.0,0.0,0.0,0.0,0.0,1.0,1.0,0.0,0.0,0.0,0.0,0.0,0.0,0.0,0.0,0.0,0.0,0.0,0.0,0.0,0.0,0.0,0.0,0.0,0.0,0.0,0.0,0.0,0.0,0.0,0.0,0.0,0.0,0.0,0.0,0.0,0.0,0.0,0.0,0.0,0.0,0.0,0.0,0.0,0.0,0.0,0.0,0.0,0.0,0.0,0.0,0.0,0.0,0.0,0.0,0.0,0.0,0.0,0.0,0.0,0.0,1.0,1.0,0.0,0.0,0.0,0.0,0.0,0.0,0.0,0.0,0.0,0.0,0.0,0.0,0.0,0.0,0.0,0.0,0.0,0.0,0.0,0.0,0.0,0.0,0.0,0.0,0.0,0.0,0.0,0.0,0.0,0.0,0.0,0.0,0.0,0.0,0.0,0.0,0.0,0.0,0.0,0.0,1.0,2.0,1.0,1.0,1.0,1.0,0,0,0,0,0,0,0,0,c1ccccc1,murcko,train,1,0,0,0,0,0,0,0,0,0,0,0,0,0,0,0,0,0,0,0,0,0,0,0,0,0,0,0,0,0,0,1,0,1,0,0,0,0,0,0,0,0,0,0,0,0,0,0,0,0,0,0,0,0,0,0,0,0,0,0,0,0,0,1,0,0,0,0,0,0,0,0,0,1,0,0,0,0,0,0,0,1,0,0,0,0,0,0,0,0,0,0,0,0,1,0,0,0,0,0,1,0,0,0,0,0,0,0,0,0,0,0,0,0,0,0,0,0,0,0,0,0,0,0,0,0,0,0,1,0,0,0,0,0,0,0,0,0,1,0,0,0,0,0,0,0,0,0,0,0,0,1,0,0,0,0,0,0,0,0,0,0,0,0,0,0,0,0,0,0,0,0,0,0,0,0,0,0,0,0,0,0,0,1,0,1,1,0,0,0,0,0,0,0,0,0,1,0,0,0,0,0,0,1,0,0,0,0,0,0,1,0,0,0,1,0,0,0,0,0,0,0,0,0,0,0,0,0,0,0,0,0,0,0,0,1,0,0,0,0,0,0,0,0,0,0,0,0,0,0,0,0,0,0,0,0,0.29620657058303196,-0.2697265369366313,-0.04168148584807654,0.5659331075196632,0.29620657058303196,0.4458001390620458,-0.9459779692389642,11.090003779289493,0.19037037037037075,11.090003779289493,-3.514953703703703,10.899633408919122,5.640187074829932,5.449816704459561,0.09174620489361636,2.918603685610861,10.118126859033554,4.895483475517775,0.0,12.673249032974528,12.13273413692322,12.13273413692322,6.923737199690624,4.183085432649707,0.0,8.417796984328938,0.0,72.10923483564169,71.47694725804156,9.190234444311992,6.942394238613956,5.559678737419713,3.4337396407417136,9.219847259658579,3.2455048737993253,1.8359306005015559,66.0,0.0,0.29620657058303196,-0.2697265369366313,0.29620657058303196,0.2697265369366313,43.370000000000005,1.33012,45.373800000000024,0.2,0.5
6951,CN=C(N)N[N+](=O)[O-],0,6951,CN=C(N)N[N+](=O)[O-],6951,CN=C(N)N[N+](=O)[O-],CN=C(N)N[N+](=O)[O-],CN=C(N)N[N+](=O)[O-],CN=C(N)N[N+](=O)[O-],6951.0,1.0,0.0,0.0,0.0,0.0,0.0,0.0,,118.096,-1.2877999999999992,93.55,2.0,3.0,1.0,0.0,0.0,6.0,0.5,8.0,0.0,1.0,0.0,0.0,0.0,0.0,0.0,0.0,0.0,0.0,0.0,0.0,0.0,0.0,0.0,0.0,0.0,0.0,0.0,0.0,0.0,0.0,0.0,0.0,1.0,1.0,1.0,1.0,1.0,1.0,0.0,0.0,0.0,0.0,0.0,0.0,0.0,0.0,0.0,0.0,0.0,0.0,0.0,0.0,0.0,0.0,0.0,0.0,0.0,0.0,0.0,0.0,0.0,0.0,0.0,0.0,0.0,0.0,0.0,0.0,0.0,0.0,0.0,0.0,0.0,0.0,0.0,0.0,0.0,0.0,0.0,0.0,0.0,0.0,0.0,0.0,0.0,0.0,0.0,0.0,0.0,0.0,0.0,0.0,0.0,0.0,0.0,0.0,0.0,0.0,0.0,0.0,0.0,0.0,0.0,0.0,0.0,0.0,0.0,0.0,0.0,0.0,0.0,0.0,0.0,0.0,0.0,0.0,0.0,0.0,0.0,0.0,0.0,0.0,0.0,0.0,0.0,0.0,0.0,0.0,0.0,0.0,0.0,0.0,0.0,0.0,0.0,0.0,1.0,1.0,1.0,1.0,0.0,0.0,0.0,0.0,0.0,0.0,1.0,1.0,0.0,0.0,0.0,0.0,0.0,0.0,0.0,0.0,0.0,0.0,0.0,0.0,0.0,0.0,0.0,0.0,0.0,0.0,0.0,0.0,0.0,0.0,0.0,0.0,0.0,0.0,0.0,0.0,0.0,0.0,0.0,0.0,0.0,0.0,0.0,0.0,0.0,0.0,0.0,0.0,0.0,0.0,0.0,0.0,0.0,0.0,0.0,0.0,0.0,0.0,0.0,0.0,0.0,0.0,0.0,0.0,0.0,0.0,0.0,0.0,0.0,0.0,0.0,0.0,0.0,0.0,0.0,0.0,0.0,0.0,0.0,0.0,0.0,0.0,0.0,0.0,0.0,0.0,0.0,0.0,0.0,0.0,0.0,0.0,0.0,0.0,0.0,0.0,0.0,0.0,0.0,0.0,0.0,0.0,0.0,0.0,0.0,0.0,0.0,0.0,0.0,0.0,0.0,0.0,0.0,0.0,0.0,0.0,0.0,0.0,0.0,0.0,0.0,0.0,0.0,0.0,1.0,3.0,1.0,3.0,0.0,0.0,0,0,0,0,0,0,0,0,ACY_***(*)**(*)*,acyclic_anonymous_graph,train,0,0,0,0,0,0,0,0,0,0,0,0,0,0,0,0,0,0,1,0,0,0,0,0,0,0,0,0,0,0,0,0,0,1,0,0,0,0,0,1,0,0,0,0,0,0,0,0,0,0,0,0,0,0,0,0,0,0,0,0,0,0,0,0,0,0,0,0,0,0,1,0,0,0,0,0,0,0,0,0,0,0,0,0,0,0,0,0,0,0,0,0,0,0,0,0,0,0,0,0,0,0,0,0,0,0,0,0,0,0,0,0,0,0,0,0,0,0,0,0,0,0,0,0,0,0,1,0,1,0,0,0,0,0,0,0,0,1,1,0,1,0,0,0,0,0,0,1,0,0,0,0,0,0,0,0,0,0,0,0,0,0,0,0,0,0,0,0,0,0,0,1,0,0,0,1,0,1,0,0,0,0,0,0,0,0,0,0,0,0,0,0,0,0,0,1,0,0,0,0,0,0,0,1,0,0,0,0,0,0,0,0,1,1,0,0,0,0,0,0,0,0,0,0,0,0,0,0,0,0,0,0,0,0,0,0,0,0,0,0,0,1,0,0,1,0,0,0,0,0,0,0,0,1,0,0,0.2508504451629229,-0.3654698877584613,-0.08896104143592512,0.6163203329213842,0.3654698877584613,0.447619986919607,-1.159308318407008,9.502222222222223,0.19907407407407374,9.502222222222223,-0.7754629629629628,9.303148148148148,4.8506481481481485,4.651574074074074,0.10749049505344667,2.5291210117745595,5.0323138419217255,5.959554568743835,0.0,0.0,7.04767198267719,5.425791397110385,0.0,4.992404732635669,5.733667477162185,10.114318268765572,0.0,45.51238025144181,44.30572226901656,6.568914100752346,4.288274041117267,3.663902460147014,1.7982506972648395,6.670000000000001,2.779490232395047,2.884132762312634,46.0,0.0,0.2508504451629229,-0.3654698877584613,0.3654698877584613,0.2508504451629229,93.55,-1.2877999999999992,27.6765,0.6000000000000001,0.4
2769,O=C1OC(=O)C2C1C1(Cl)C(Cl)=C(Cl)C2(Cl)C1(Cl)Cl,1,2769,O=C1OC(=O)C2C1C1(Cl)C(Cl)=C(Cl)C2(Cl)C1(Cl)Cl,2769,O=C1OC(=O)C2C1C1(Cl)C(Cl)=C(Cl)C2(Cl)C1(Cl)Cl,O=C1OC(=O)C2C1C1(Cl)C(Cl)=C(Cl)C2(Cl)C1(Cl)Cl,O=C1OC(=O)C2C1C1(Cl)C(Cl)=C(Cl)C2(Cl)C1(Cl)Cl,O=C1OC(=O)C2C1C1(Cl)C(Cl)=C(Cl)C2(Cl)C1(Cl)Cl,2769.0,1.0,0.0,0.0,0.0,0.0,0.0,0.0,O=C1OC(=O)C2C3C=CC(C3)C12,370.8299999999999,3.1477000000000004,43.370000000000005,0.0,3.0,0.0,3.0,0.0,9.0,0.5555555555555556,18.0,0.0,0.0,0.0,0.0,0.0,0.0,0.0,0.0,0.0,0.0,0.0,0.0,0.0,0.0,0.0,0.0,0.0,0.0,0.0,0.0,0.0,0.0,0.0,0.0,0.0,0.0,0.0,0.0,0.0,0.0,0.0,0.0,0.0,0.0,1.0,1.0,0.0,0.0,0.0,0.0,0.0,0.0,0.0,0.0,2.0,1.0,1.0,1.0,0.0,0.0,1.0,1.0,0.0,0.0,0.0,0.0,0.0,0.0,5.0,1.0,0.0,0.0,6.0,1.0,0.0,0.0,6.0,1.0,0.0,0.0,0.0,0.0,0.0,0.0,0.0,0.0,0.0,0.0,0.0,0.0,0.0,0.0,0.0,0.0,0.0,0.0,0.0,0.0,0.0,0.0,0.0,0.0,0.0,0.0,0.0,0.0,0.0,0.0,0.0,0.0,0.0,0.0,0.0,0.0,0.0,0.0,0.0,0.0,0.0,0.0,0.0,0.0,0.0,0.0,0.0,0.0,0.0,0.0,0.0,0.0,0.0,0.0,0.0,0.0,0.0,0.0,0.0,0.0,0.0,0.0,0.0,0.0,0.0,0.0,0.0,0.0,0.0,0.0,0.0,0.0,4.0,1.0,0.0,0.0,0.0,0.0,0.0,0.0,0.0,0.0,0.0,0.0,0.0,0.0,0.0,0.0,0.0,0.0,0.0,0.0,0.0,0.0,0.0,0.0,0.0,0.0,0.0,0.0,0.0,0.0,0.0,0.0,0.0,0.0,2.0,1.0,0.0,0.0,0.0,0.0,0.0,0.0,0.0,0.0,0.0,0.0,0.0,0.0,0.0,0.0,0.0,0.0,0.0,0.0,0.0,0.0,0.0,0.0,0.0,0.0,0.0,0.0,1.0,1.0,0.0,0.0,0.0,0.0,0.0,0.0,0.0,0.0,0.0,0.0,0.0,0.0,0.0,0.0,4.0,1.0,1.0,1.0,0.0,0.0,0.0,0.0,0.0,0.0,0.0,0.0,0.0,0.0,0.0,0.0,0.0,0.0,0.0,0.0,4.0,1.0,0.0,0.0,0.0,0.0,0.0,0.0,0.0,0.0,0.0,0.0,0.0,0.0,0.0,0.0,0.0,0.0,1.0,6.0,1.0,2.0,1.0,4.0,0,0,0,0,0,1,0,0,O=C1OC(=O)C2C3C=CC(C3)C12,murcko,train,0,0,0,0,0,0,0,0,0,0,0,1,0,0,0,0,0,0,1,0,0,0,0,0,0,0,0,0,0,0,0,0,0,0,0,0,1,1,0,0,1,0,0,0,0,0,0,1,0,1,0,0,0,0,0,0,0,0,1,0,0,0,0,0,0,0,0,0,0,0,0,0,0,0,0,0,0,0,0,0,0,0,0,0,0,0,0,0,0,0,0,0,1,1,0,0,0,0,0,0,1,0,0,0,0,0,0,0,0,0,0,0,0,1,0,0,0,0,0,0,0,0,0,0,0,0,0,0,0,0,0,0,0,0,0,0,0,0,1,0,0,0,0,0,1,0,0,1,0,0,0,0,0,0,0,0,1,1,0,0,0,0,0,0,0,0,0,0,0,0,0,0,0,1,0,0,0,0,0,0,0,0,0,0,0,0,0,0,0,0,0,0,0,0,0,0,0,0,0,0,1,0,0,0,0,0,0,0,0,0,0,0,0,0,0,0,0,0,0,0,0,0,0,0,0,0,0,0,0,0,0,0,0,0,0,0,0,0,0,0,0,0,0,0,0,0,0,0,0,0,0,1,0,0,0,0,0.31936584460385126,-0.3925728632088272,-0.005060668154287086,0.7119387078126784,0.3925728632088272,1.386405305307635,-1.4774973320848026,11.71570845930965,0.12617283950617209,11.71570845930965,-1.8871913580246913,11.589535619803478,5.92094064940791,5.794767809901739,0.08628473416063903,3.0249303616537344,37.856121364594145,10.064572704227194,0.0,0.0,0.0,0.0,0.0,4.736862953800049,69.60563934139509,9.589074368143644,0.0,131.2078782411149,131.85227073216012,13.671208396324303,8.147232247826203,8.113931529398812,4.688423871667992,13.596094137037953,3.4389856255834608,1.0341105098651349,98.0,0.0,0.31936584460385126,-0.3925728632088272,0.3925728632088272,0.31936584460385126,43.370000000000005,3.1477000000000004,68.41600000000001,0.4,1.5222222222222224
4621,CCCCCCCCC=CCCCCCCCCNC(=O)CCCCCCCCCCCCCCC,0,4621,CCCCCCCCC=CCCCCCCCCNC(=O)CCCCCCCCCCCCCCC,4621,CCCCCCCCC=CCCCCCCCCNC(=O)CCCCCCCCCCCCCCC,CCCCCCCCC=CCCCCCCCCNC(=O)CCCCCCCCCCCCCCC,CCCCCCCCC=CCCCCCCCCNC(=O)CCCCCCCCCCCCCCC,CCCCCCCCC=CCCCCCCCCNC(=O)CCCCCCCCCCCCCCC,4621.0,1.0,0.0,0.0,0.0,0.0,0.0,0.0,,505.91600000000057,11.621399999999984,29.1,1.0,1.0,30.0,0.0,0.0,2.0,0.9117647058823528,36.0,0.0,0.0,0.0,0.0,0.0,0.0,0.0,0.0,0.0,0.0,1.0,1.0,0.0,0.0,0.0,0.0,0.0,0.0,0.0,0.0,0.0,0.0,0.0,0.0,0.0,0.0,0.0,0.0,0.0,0.0,0.0,0.0,0.0,0.0,0.0,0.0,0.0,0.0,0.0,0.0,0.0,0.0,0.0,0.0,0.0,0.0,0.0,0.0,0.0,0.0,1.0,1.0,0.0,0.0,0.0,0.0,0.0,0.0,0.0,0.0,0.0,0.0,0.0,0.0,0.0,0.0,0.0,0.0,0.0,0.0,0.0,0.0,0.0,0.0,0.0,0.0,0.0,0.0,0.0,0.0,0.0,0.0,0.0,0.0,0.0,0.0,0.0,0.0,0.0,0.0,0.0,0.0,0.0,0.0,0.0,0.0,0.0,0.0,0.0,0.0,0.0,0.0,0.0,0.0,0.0,0.0,0.0,0.0,0.0,0.0,0.0,0.0,0.0,0.0,0.0,0.0,0.0,0.0,0.0,0.0,0.0,0.0,0.0,0.0,0.0,0.0,0.0,0.0,0.0,0.0,0.0,0.0,0.0,0.0,0.0,0.0,0.0,0.0,0.0,0.0,0.0,0.0,0.0,0.0,0.0,0.0,0.0,0.0,0.0,0.0,0.0,0.0,0.0,0.0,0.0,0.0,0.0,0.0,0.0,0.0,0.0,0.0,0.0,0.0,0.0,0.0,0.0,0.0,0.0,0.0,0.0,0.0,0.0,0.0,0.0,0.0,0.0,0.0,0.0,0.0,0.0,0.0,0.0,0.0,0.0,0.0,0.0,0.0,0.0,0.0,0.0,0.0,0.0,0.0,0.0,0.0,0.0,0.0,0.0,0.0,0.0,0.0,0.0,0.0,0.0,0.0,0.0,0.0,0.0,0.0,0.0,0.0,0.0,0.0,0.0,0.0,0.0,0.0,0.0,0.0,0.0,0.0,0.0,0.0,0.0,0.0,0.0,0.0,0.0,0.0,0.0,0.0,0.0,0.0,0.0,0.0,0.0,0.0,0.0,0.0,0.0,0.0,0.0,0.0,0.0,0.0,0.0,0.0,0.0,0.0,0.0,0.0,0.0,0.0,0.0,0.0,0.0,0.0,0.0,0.0,0.0,0.0,0,0,0,0,0,0,0,0,ACY_********************(*)***************,acyclic_anonymous_graph,train,0,0,0,0,0,0,0,1,0,0,0,0,0,0,0,0,0,0,0,0,0,0,0,0,0,0,1,0,1,0,0,0,0,1,0,0,0,0,1,1,0,1,0,0,0,0,0,0,0,0,0,0,0,1,0,0,0,0,0,0,0,0,0,0,0,0,0,0,0,0,0,0,0,0,0,0,1,0,0,1,1,0,0,0,1,1,0,0,0,0,0,0,0,0,0,0,0,0,0,0,0,0,0,0,0,0,0,0,0,0,0,0,0,0,0,0,0,0,0,1,0,0,0,0,0,1,0,0,1,0,0,0,0,0,0,0,0,0,1,0,0,0,0,0,0,1,0,0,0,0,0,0,0,0,0,1,0,0,0,0,1,0,0,0,1,0,0,0,0,0,0,0,0,0,0,0,0,0,0,0,0,0,1,0,0,0,0,0,0,0,0,0,0,0,0,0,0,1,0,0,0,0,0,0,0,0,0,0,0,0,0,0,0,0,0,0,0,0,0,1,0,0,0,0,0,0,0,0,0,0,0,0,0,0,0,0,0,0,0,0,0,0,0,1,0,0,0,0,0,0,0,0,0,0,0,0,0.21949404095055144,-0.35610703123537885,-0.05690642973879245,0.5756010721859303,0.35610703123537885,0.26329450281491007,-2.311925973411438,11.98723410213041,0.26927738426582093,11.98723410213041,0.26927738426582093,11.717956717864588,6.128255743198116,5.858978358932294,0.08533911022861622,3.2049545290422086,0.0,5.907179729351506,0.0,25.807221274690605,160.5205405731503,0.0,0.0,31.31630321705534,0.0,4.794537184071822,0.0,227.80412205438526,228.3457819783196,26.204767267159134,25.06904548325298,17.80806041249045,16.72527440305263,35.21,32.23923121894183,31.240111412225236,214.0,0.0,0.21949404095055144,-0.35610703123537885,0.35610703123537885,0.21949404095055144,29.1,11.621399999999985,162.7736999999997,0.0,6.364705882352941
7742,O=C1C=CC(N(O)O)=CC1=NN=C1C(=O)C=Cc2ccccc21,0,7742,O=C1C=CC(N(O)O)=CC1=NN=C1C(=O)C=Cc2ccccc21,7742,O=C1C=CC(N(O)O)=CC1=NN=C1C(=O)C=Cc2ccccc21,O=C1C=CC(N(O)O)=CC1=NN=C1C(=O)C=Cc2ccccc21,O=C1C=CC(N(O)O)=CC1=NN=C1C(=O)C=Cc2ccccc21,O=C1C=CC(N(O)O)=CC1=NN=C1C(=O)C=Cc2ccccc21,7742.0,1.0,0.0,0.0,0.0,0.0,0.0,0.0,O=C1C=CC=CC1=NN=C1C(=O)C=Cc2ccccc21,309.281,1.5308,102.56,2.0,7.0,2.0,3.0,1.0,7.0,0.0,23.0,0.0,0.0,0.0,0.0,0.0,0.0,0.0,0.0,0.0,0.0,0.0,0.0,0.0,0.0,0.0,0.0,0.0,0.0,0.0,0.0,0.0,0.0,0.0,0.0,0.0,0.0,2.0,1.0,0.0,0.0,0.0,0.0,0.0,0.0,0.0,0.0,0.0,0.0,2.0,1.0,0.0,0.0,0.0,0.0,0.0,0.0,0.0,0.0,0.0,0.0,3.0,1.0,0.0,0.0,1.0,1.0,6.0,1.0,2.0,1.0,0.0,0.0,0.0,0.0,0.0,0.0,0.0,0.0,0.0,0.0,0.0,0.0,0.0,0.0,0.0,0.0,0.0,0.0,0.0,0.0,0.0,0.0,0.0,0.0,0.0,0.0,0.0,0.0,0.0,0.0,0.0,0.0,0.0,0.0,0.0,0.0,0.0,0.0,0.0,0.0,0.0,0.0,0.0,0.0,0.0,0.0,0.0,0.0,0.0,0.0,0.0,0.0,0.0,0.0,0.0,0.0,0.0,0.0,0.0,0.0,0.0,0.0,0.0,0.0,0.0,0.0,0.0,0.0,0.0,0.0,0.0,0.0,0.0,0.0,0.0,0.0,0.0,0.0,0.0,0.0,0.0,0.0,0.0,0.0,0.0,0.0,0.0,0.0,0.0,0.0,0.0,0.0,0.0,0.0,0.0,0.0,0.0,0.0,0.0,0.0,0.0,0.0,0.0,0.0,0.0,0.0,0.0,0.0,2.0,1.0,0.0,0.0,0.0,0.0,0.0,0.0,0.0,0.0,0.0,0.0,0.0,0.0,0.0,0.0,0.0,0.0,0.0,0.0,0.0,0.0,1.0,1.0,0.0,0.0,0.0,0.0,0.0,0.0,0.0,0.0,0.0,0.0,0.0,0.0,0.0,0.0,0.0,0.0,0.0,0.0,0.0,0.0,0.0,0.0,0.0,0.0,0.0,0.0,0.0,0.0,0.0,0.0,0.0,0.0,0.0,0.0,0.0,0.0,0.0,0.0,0.0,0.0,0.0,0.0,0.0,0.0,0.0,0.0,0.0,0.0,0.0,0.0,0.0,0.0,0.0,0.0,0.0,0.0,0.0,0.0,0.0,0.0,0.0,0.0,0.0,0.0,1.0,2.0,1.0,2.0,0.0,0.0,0,0,0,0,1,0,0,0,O=C1C=CC=CC1=NN=C1C(=O)C=Cc2ccccc21,murcko,train,0,0,0,1,0,0,0,0,0,0,0,0,1,0,0,0,0,0,0,0,0,1,0,0,0,0,0,0,0,0,0,0,0,0,0,1,0,0,0,1,0,0,0,0,0,0,0,0,0,0,0,0,1,0,0,0,0,0,1,0,0,0,0,0,1,0,0,0,0,0,0,0,0,0,0,0,0,0,1,0,0,1,0,0,1,0,0,0,0,0,0,0,0,0,0,0,1,1,0,0,1,0,0,1,0,0,0,0,0,0,0,0,0,1,0,1,0,0,0,0,0,0,0,0,0,1,0,0,1,0,1,0,0,0,0,1,0,1,1,0,0,0,0,1,0,0,0,0,0,0,0,0,0,0,0,0,0,0,0,1,0,0,0,0,0,0,0,0,1,0,0,0,0,0,0,1,0,0,0,0,0,0,0,0,1,0,0,0,0,0,0,0,0,0,1,0,0,0,0,0,0,0,0,0,0,1,0,0,1,0,0,0,0,1,1,0,1,0,0,0,1,0,0,0,0,0,0,0,0,0,0,0,0,0,0,1,0,0,0,0,0,1,0,0,0,0,0,0,0,0,0,0,0,0,0,0,0.20622113824075122,-0.28745958288876083,-0.046783092210268606,0.49368072112951206,0.28745958288876083,0.7978435459360541,-1.8738546667722322,11.994414367598893,0.04276234567901205,11.994414367598893,-0.45181883555891456,11.95165202191988,6.018588356638952,5.97582601095994,0.08367044138885185,3.030828352451575,5.783244946364939,28.130179984042393,5.563451491696996,17.71549170536476,12.152040213667762,18.208754243757102,12.13273413692322,10.202815051479446,10.41450604955458,9.589074368143644,0.0,130.34055622544594,129.89229219099485,16.396976746569035,11.74871698113415,11.058550648063802,6.65513642713897,14.763801473252023,5.914587762935279,2.9111604903399266,114.0,0.0,0.20622113824075122,-0.28745958288876083,0.28745958288876083,0.20622113824075122,102.56,1.5308,82.09700000000001,1.1,0.4
9775,C=CF,1,9775,C=CF,9775,C=CF,C=CF,C=CF,C=CF,9775.0,1.0,0.0,0.0,0.0,0.0,0.0,0.0,,46.044,1.0994,0.0,0.0,0.0,0.0,0.0,0.0,1.0,0.0,3.0,0.0,0.0,0.0,0.0,0.0,0.0,0.0,0.0,0.0,0.0,0.0,0.0,0.0,0.0,0.0,0.0,0.0,0.0,0.0,0.0,0.0,0.0,0.0,0.0,0.0,0.0,0.0,0.0,0.0,0.0,0.0,0.0,0.0,0.0,0.0,0.0,0.0,0.0,0.0,0.0,0.0,0.0,0.0,0.0,0.0,0.0,0.0,0.0,0.0,0.0,1.0,1.0,0.0,0.0,0.0,0.0,0.0,0.0,0.0,0.0,0.0,0.0,1.0,1.0,1.0,1.0,0.0,0.0,0.0,0.0,0.0,0.0,0.0,0.0,0.0,0.0,0.0,0.0,0.0,0.0,0.0,0.0,0.0,0.0,0.0,0.0,0.0,0.0,0.0,0.0,0.0,0.0,0.0,0.0,0.0,0.0,0.0,0.0,0.0,0.0,0.0,0.0,0.0,0.0,0.0,0.0,0.0,0.0,0.0,0.0,0.0,0.0,0.0,0.0,0.0,0.0,0.0,0.0,0.0,0.0,0.0,0.0,0.0,0.0,0.0,0.0,0.0,0.0,0.0,0.0,0.0,0.0,0.0,0.0,0.0,0.0,0.0,0.0,0.0,0.0,0.0,0.0,0.0,0.0,0.0,0.0,0.0,0.0,0.0,0.0,0.0,0.0,0.0,0.0,0.0,0.0,0.0,0.0,0.0,0.0,0.0,0.0,0.0,0.0,0.0,0.0,0.0,0.0,0.0,0.0,0.0,0.0,0.0,0.0,1.0,1.0,0.0,0.0,0.0,0.0,0.0,0.0,0.0,0.0,0.0,0.0,0.0,0.0,0.0,0.0,0.0,0.0,0.0,0.0,0.0,0.0,0.0,0.0,0.0,0.0,0.0,0.0,0.0,0.0,0.0,0.0,0.0,0.0,0.0,0.0,0.0,0.0,0.0,0.0,0.0,0.0,0.0,0.0,0.0,0.0,0.0,0.0,0.0,0.0,0.0,0.0,0.0,0.0,0.0,0.0,0.0,0.0,0.0,0.0,0.0,0.0,0.0,0.0,0.0,0.0,0.0,0.0,0.0,0.0,0.0,0.0,0.0,0.0,0.0,0.0,0.0,0.0,0.0,0.0,0.0,0.0,1.0,1.0,1.0,1.0,0.0,0.0,0,0,0,0,0,0,0,0,ACY_***,acyclic_anonymous_graph,train,0,0,0,0,0,0,0,0,0,0,0,0,0,0,0,0,0,0,0,0,0,0,1,0,0,0,0,0,0,0,0,0,0,0,0,0,0,0,0,0,0,0,0,0,0,0,0,0,0,0,0,0,0,0,0,0,0,0,0,0,0,0,0,0,0,0,0,0,0,0,0,0,0,0,0,0,0,0,0,0,0,0,0,0,0,0,1,0,0,0,0,0,0,0,0,0,0,0,0,0,0,0,0,0,0,0,0,0,0,1,0,0,0,1,0,0,0,0,0,0,0,0,0,0,0,0,0,0,0,0,0,0,0,0,0,0,1,0,0,0,0,0,0,0,0,0,0,0,0,0,0,0,0,0,0,0,0,0,0,0,0,0,0,0,0,0,0,0,0,0,0,0,0,0,0,0,0,0,0,0,0,0,1,0,0,0,0,0,0,0,0,0,0,0,0,0,0,0,0,0,0,0,0,0,0,0,0,0,0,0,0,0,0,0,0,0,0,0,0,0,0,0,0,0,0,0,0,0,0,0,0,0,0,0,0,0,0,0,0,0,0,0,0,0,0,0,0,0,0,0,0,0,0,0,0,0,0.07946646029724827,-0.21619321450998513,-0.06910028425160575,0.29565967480723343,0.21619321450998513,0.07946646029724827,-0.28676731305206554,10.055555555555555,0.25,10.055555555555555,0.25,9.805555555555555,5.152777777777778,4.902777777777778,0.10198300283286119,2.7077628265659426,0.0,6.32978945618278,0.0,0.0,0.0,0.0,0.0,6.578935683598497,0.0,4.39041504767482,0.0,18.580125512968138,17.299140187456096,2.7071067811865475,1.6624215233854005,1.4142135623730951,0.6264661806998554,2.67,1.6699999999999997,1.6700000000000006,18.0,0.0,0.07946646029724827,-0.21619321450998513,0.21619321450998513,0.07946646029724827,0.0,1.0994,11.305000000000001,0.2,0.0
4401,FC1CC(F)(F)C(F)(F)C1(F)F,1,4401,FC1CC(F)(F)C(F)(F)C1(F)F,4401,FC1CC(F)(F)C(F)(F)C1(F)F,FC1CC(F)(F)C(F)(F)C1(F)F,FC1CC(F)(F)C(F)(F)C1(F)F,FC1CC(F)(F)C(F)(F)C1(F)F,4401.0,1.0,0.0,0.0,0.0,0.0,0.0,0.0,C1CCCC1,196.065,2.6341,0.0,0.0,0.0,0.0,1.0,0.0,7.0,1.0,12.0,0.0,0.0,0.0,0.0,0.0,0.0,0.0,0.0,0.0,0.0,0.0,0.0,0.0,0.0,0.0,0.0,0.0,0.0,0.0,0.0,0.0,0.0,0.0,0.0,0.0,0.0,0.0,0.0,0.0,0.0,0.0,0.0,0.0,0.0,0.0,0.0,0.0,0.0,0.0,0.0,0.0,0.0,0.0,0.0,0.0,0.0,0.0,0.0,0.0,0.0,0.0,0.0,0.0,0.0,0.0,0.0,0.0,0.0,0.0,0.0,0.0,0.0,7.0,1.0,7.0,1.0,0.0,0.0,0.0,0.0,0.0,0.0,0.0,0.0,0.0,0.0,0.0,0.0,0.0,0.0,0.0,0.0,0.0,0.0,0.0,0.0,0.0,0.0,0.0,0.0,0.0,0.0,0.0,0.0,0.0,0.0,0.0,0.0,0.0,0.0,0.0,0.0,0.0,0.0,0.0,0.0,0.0,0.0,0.0,0.0,0.0,0.0,0.0,0.0,0.0,0.0,0.0,0.0,0.0,0.0,0.0,0.0,0.0,0.0,0.0,0.0,0.0,0.0,0.0,0.0,0.0,0.0,0.0,0.0,0.0,0.0,0.0,0.0,0.0,0.0,7.0,1.0,0.0,0.0,0.0,0.0,0.0,0.0,0.0,0.0,0.0,0.0,0.0,0.0,0.0,0.0,0.0,0.0,0.0,0.0,0.0,0.0,0.0,0.0,0.0,0.0,0.0,0.0,0.0,0.0,0.0,0.0,0.0,0.0,0.0,0.0,0.0,0.0,0.0,0.0,0.0,0.0,0.0,0.0,0.0,0.0,0.0,0.0,0.0,0.0,0.0,0.0,0.0,0.0,0.0,0.0,0.0,0.0,0.0,0.0,0.0,0.0,3.0,1.0,0.0,0.0,0.0,0.0,0.0,0.0,0.0,0.0,0.0,0.0,0.0,0.0,0.0,0.0,0.0,0.0,0.0,0.0,0.0,0.0,0.0,0.0,0.0,0.0,0.0,0.0,0.0,0.0,0.0,0.0,0.0,0.0,0.0,0.0,0.0,0.0,0.0,0.0,0.0,0.0,0.0,0.0,0.0,0.0,0.0,0.0,0.0,0.0,0.0,0.0,0.0,0.0,1.0,2.0,1.0,1.0,1.0,1.0,0,0,0,0,0,0,0,0,C1CCCC1,murcko,train,0,0,0,0,0,1,0,0,0,0,0,0,0,0,0,0,0,0,0,0,0,0,0,0,0,0,0,0,0,0,0,0,1,0,0,0,1,0,0,0,0,0,0,0,0,0,0,0,0,0,0,0,0,0,0,1,0,0,0,0,0,0,0,0,0,0,0,0,0,0,0,0,0,0,0,0,0,0,0,0,0,0,0,0,0,0,0,0,0,0,0,0,0,0,0,0,0,0,0,0,0,0,0,0,0,0,0,0,0,0,0,0,0,0,0,0,0,0,0,0,0,0,1,0,0,0,0,0,1,0,0,0,0,0,0,0,1,1,0,0,0,0,0,0,0,1,0,1,0,0,0,0,0,0,0,0,0,0,1,0,1,0,0,0,0,0,0,1,0,0,0,0,0,0,0,0,0,0,0,0,0,0,0,0,0,0,0,0,0,0,0,0,0,0,0,0,0,0,0,0,0,0,0,0,0,0,0,0,0,0,0,1,0,0,0,0,0,0,0,0,0,0,0,0,0,0,0,0,0,0,0,0,0,0,0,0,0,0,0,0,0,0,0,0,0,0,0,0,0,0,0,1,0,0,0,0,0.37453845846129036,-0.24032888711196693,-0.01214677316584449,0.6148673455732573,0.37453845846129036,1.2714725910916536,-1.4172338690817874,12.010416666666668,2.1319444444444446,12.010416666666668,-5.583912037037037,9.878472222222223,7.071180555555556,4.939236111111112,0.10123022847100174,5.061672830013669,30.360084522720033,0.0,0.0,0.0,0.0,0.0,0.0,0.0,0.0,30.732905333723743,0.0,62.3519361523704,61.092989856443765,9.784457050376172,5.430208361440763,5.1278270848415755,2.9025881249156233,9.596880973066899,2.0543901736858787,0.8473156003400997,72.0,0.0,0.37453845846129036,-0.24032888711196693,0.37453845846129036,0.24032888711196693,0.0,2.6341,24.353999999999996,0.2,0.4
6647,C[N+](C)(C)CC(O)CC(=O)O,0,6647,C[N+](C)(C)CC(O)CC(=O)O,6647,C[N+](C)(C)CC(O)CC(=O)O,C[N+](C)(C)CC(O)CC(=O)O,C[N+](C)(C)CC(O)CC(=O)O,C[N+](C)(C)CC(O)CC(=O)O,6647.0,1.0,0.0,0.0,0.0,0.0,0.0,0.0,,162.20899999999995,-0.4718000000000007,57.53,2.0,2.0,4.0,0.0,0.0,4.0,0.8571428571428571,11.0,1.0,1.0,0.0,0.0,0.0,0.0,0.0,0.0,1.0,1.0,0.0,0.0,0.0,0.0,0.0,0.0,0.0,0.0,0.0,0.0,0.0,0.0,0.0,0.0,0.0,0.0,0.0,0.0,0.0,0.0,1.0,1.0,0.0,0.0,0.0,0.0,0.0,0.0,0.0,0.0,1.0,1.0,0.0,0.0,0.0,0.0,0.0,0.0,0.0,0.0,0.0,0.0,0.0,0.0,0.0,0.0,0.0,0.0,0.0,0.0,0.0,0.0,0.0,0.0,0.0,0.0,0.0,0.0,0.0,0.0,0.0,0.0,0.0,0.0,0.0,0.0,0.0,0.0,0.0,0.0,0.0,0.0,0.0,0.0,0.0,0.0,0.0,0.0,0.0,0.0,0.0,0.0,0.0,0.0,0.0,0.0,0.0,0.0,0.0,0.0,0.0,0.0,0.0,0.0,0.0,0.0,0.0,0.0,0.0,0.0,0.0,0.0,0.0,0.0,0.0,0.0,0.0,0.0,0.0,0.0,0.0,0.0,0.0,0.0,0.0,0.0,0.0,0.0,0.0,0.0,0.0,0.0,0.0,0.0,0.0,0.0,0.0,0.0,0.0,0.0,0.0,0.0,0.0,0.0,0.0,0.0,0.0,0.0,0.0,0.0,0.0,0.0,0.0,0.0,0.0,0.0,0.0,0.0,0.0,0.0,0.0,0.0,0.0,0.0,0.0,0.0,0.0,0.0,0.0,0.0,0.0,0.0,0.0,0.0,0.0,0.0,0.0,0.0,0.0,0.0,0.0,0.0,0.0,0.0,0.0,0.0,0.0,0.0,0.0,0.0,0.0,0.0,0.0,0.0,0.0,0.0,0.0,0.0,0.0,0.0,0.0,0.0,0.0,0.0,0.0,0.0,0.0,0.0,0.0,0.0,0.0,0.0,0.0,0.0,0.0,0.0,0.0,0.0,0.0,0.0,0.0,0.0,0.0,0.0,0.0,0.0,0.0,0.0,0.0,0.0,0.0,0.0,0.0,0.0,0.0,0.0,0.0,0.0,0.0,0.0,0.0,0.0,0.0,0.0,0.0,0.0,0.0,0.0,0.0,0.0,0.0,0.0,0.0,0.0,0.0,0.0,0.0,0.0,0.0,0.0,0.0,0.0,0,0,0,0,0,0,0,0,ACY_**(*)**(*)**(*)(*)*,acyclic_anonymous_graph,train,0,1,0,0,0,0,0,0,0,0,1,0,0,0,0,0,0,0,0,0,0,0,0,0,0,0,0,0,0,0,0,0,0,1,0,0,1,0,0,1,0,0,0,0,0,0,0,0,0,0,0,0,0,0,0,0,0,0,0,0,0,0,0,1,0,0,0,0,0,0,1,0,0,0,0,0,0,0,0,0,1,0,0,0,0,0,0,0,0,0,0,0,0,0,0,0,0,0,0,0,0,0,0,0,0,0,0,0,0,0,0,0,0,0,0,0,1,1,0,0,0,0,0,0,0,1,0,0,0,0,0,0,0,1,0,0,0,0,1,0,0,0,0,0,0,0,0,0,0,0,0,0,0,0,0,0,0,0,1,0,0,0,0,0,0,0,0,0,0,1,0,0,0,0,0,0,0,0,0,0,0,0,0,0,0,0,0,0,0,0,0,0,0,0,0,0,0,0,0,0,0,1,0,0,0,0,0,0,0,0,0,0,1,0,0,0,0,0,0,0,0,0,0,0,0,0,0,1,0,0,0,0,0,0,0,0,0,0,0,0,0,0,0,0,0,0,1,0,0,0,0,0,0,0,0,0,0.3057129869555356,-0.48115646755024316,-0.05862422411265968,0.7868694545057788,0.48115646755024316,0.8040556330552636,-1.4489220982945201,10.128622448979591,0.1711111111111112,10.128622448979591,-0.9528240740740739,9.95751133786848,5.149866780045351,4.97875566893424,0.10042669961087501,2.663429340155974,12.073271675700152,6.4208216229260096,11.027787263607198,0.0,0.0,0.0,21.143015948031568,0.0,10.213054789681411,4.794537184071822,0.0,66.64869847544368,65.67248848401817,9.068914100752348,7.241452908526458,4.810349069553741,3.5138483567667835,10.39,3.6866198733798097,7.285016628286414,66.0,0.0,0.3057129869555356,-0.48115646755024316,0.48115646755024316,0.3057129869555356,57.53,-0.4718000000000007,41.159000000000006,0.0,1.1428571428571428
7746,CC1(C)OCC2OC2CO1,1,7746,CC1(C)OCC2OC2CO1,7746,CC1(C)OCC2OC2CO1,CC1(C)OCC2OC2CO1,CC1(C)OCC2OC2CO1,CC1(C)OCC2OC2CO1,7746.0,1.0,0.0,0.0,0.0,0.0,0.0,0.0,C1OCC2OC2CO1,144.17,0.5367,30.99,0.0,3.0,0.0,2.0,0.0,3.0,1.0,10.0,0.0,0.0,0.0,0.0,0.0,0.0,0.0,0.0,0.0,0.0,0.0,0.0,0.0,0.0,0.0,0.0,0.0,0.0,0.0,0.0,0.0,0.0,0.0,0.0,0.0,0.0,0.0,0.0,0.0,0.0,0.0,0.0,0.0,0.0,3.0,1.0,0.0,0.0,0.0,0.0,0.0,0.0,0.0,0.0,0.0,0.0,0.0,0.0,0.0,0.0,0.0,0.0,0.0,0.0,0.0,0.0,0.0,0.0,2.0,1.0,1.0,1.0,0.0,0.0,0.0,0.0,0.0,0.0,0.0,0.0,0.0,0.0,0.0,0.0,0.0,0.0,0.0,0.0,0.0,0.0,0.0,0.0,0.0,0.0,0.0,0.0,0.0,0.0,0.0,0.0,0.0,0.0,0.0,0.0,0.0,0.0,0.0,0.0,0.0,0.0,0.0,0.0,0.0,0.0,0.0,0.0,0.0,0.0,0.0,0.0,0.0,0.0,0.0,0.0,0.0,0.0,0.0,0.0,0.0,0.0,0.0,0.0,0.0,0.0,0.0,0.0,0.0,0.0,0.0,0.0,0.0,0.0,0.0,0.0,0.0,0.0,0.0,0.0,0.0,0.0,0.0,0.0,0.0,0.0,0.0,0.0,0.0,0.0,0.0,0.0,1.0,1.0,0.0,0.0,0.0,0.0,0.0,0.0,0.0,0.0,0.0,0.0,0.0,0.0,0.0,0.0,0.0,0.0,0.0,0.0,0.0,0.0,0.0,0.0,0.0,0.0,0.0,0.0,0.0,0.0,0.0,0.0,0.0,0.0,0.0,0.0,0.0,0.0,0.0,0.0,0.0,0.0,0.0,0.0,0.0,0.0,0.0,0.0,0.0,0.0,0.0,0.0,0.0,0.0,0.0,0.0,0.0,0.0,0.0,0.0,0.0,0.0,0.0,0.0,0.0,0.0,0.0,0.0,0.0,0.0,0.0,0.0,0.0,0.0,0.0,0.0,0.0,0.0,0.0,0.0,0.0,0.0,0.0,0.0,0.0,0.0,0.0,0.0,0.0,0.0,0.0,0.0,0.0,0.0,0.0,0.0,0.0,0.0,0.0,0.0,0.0,0.0,0.0,0.0,0.0,0.0,1.0,1.0,1.0,1.0,0.0,0.0,0,0,0,1,0,0,0,0,C1OCC2OC2CO1,murcko,train,0,0,0,0,0,0,0,0,0,0,1,0,0,0,0,0,0,0,0,1,0,0,0,0,0,0,0,1,0,0,0,0,0,1,0,0,1,0,0,0,0,0,0,0,0,0,0,0,0,0,0,0,0,0,0,0,0,0,0,0,0,0,0,0,0,0,0,0,0,0,0,0,0,1,0,0,0,0,0,0,0,0,0,0,0,0,0,0,0,0,0,0,0,1,0,0,1,0,0,0,0,0,0,0,0,0,0,0,0,0,0,0,0,0,0,0,0,0,0,0,0,0,0,0,0,0,0,0,0,1,0,1,0,0,0,0,0,0,0,0,0,0,0,0,1,0,0,0,0,0,0,0,0,0,0,0,0,0,1,0,0,0,0,0,0,0,0,0,0,0,0,0,0,0,0,0,0,0,0,0,0,0,0,0,0,0,0,0,0,0,0,0,0,0,0,0,0,0,0,0,0,0,0,0,0,0,0,0,0,0,0,0,0,0,0,0,0,0,0,0,0,0,0,0,0,0,0,0,0,1,0,0,0,0,0,0,0,0,0,0,0,0,0,0,0,0,0,0,0,1,1,1,0,0,0,0,0.16250197489809706,-0.3645582157542382,-0.0541154864446584,0.5270601906523352,0.3645582157542382,0.5402844574214114,-1.0814393218679954,5.3969907407407405,0.307199074074074,5.3969907407407405,-0.4059722222222222,5.089791666666667,2.852094907407407,2.5448958333333334,0.19647169579632434,1.5981882744105633,5.7871111525705965,0.0,25.421696704522443,0.0,0.0,0.0,13.847474399381248,0.0,14.210588861400147,0.0,0.0,60.25787709567137,59.26687111787444,7.19023444431199,6.293658972143936,4.673433276375333,3.6068329947055804,6.581503027681661,1.9351762089800324,1.1667238212492934,58.0,0.0,0.16250197489809706,-0.3645582157542382,0.3645582157542382,0.16250197489809706,30.99,0.5367,34.64399999999999,0.6000000000000001,0.4
8035,C=C(CC(=O)OC)C(=O)OC,1,8035,C=C(CC(=O)OC)C(=O)OC,8035,C=C(CC(=O)OC)C(=O)OC,C=C(CC(=O)OC)C(=O)OC,C=C(CC(=O)OC)C(=O)OC,C=C(CC(=O)OC)C(=O)OC,8035.0,1.0,0.0,0.0,0.0,0.0,0.0,0.0,,158.15299999999996,0.2786999999999999,52.60000000000001,0.0,4.0,3.0,0.0,0.0,4.0,0.4285714285714285,11.0,0.0,0.0,0.0,0.0,0.0,0.0,0.0,0.0,0.0,0.0,0.0,0.0,0.0,0.0,0.0,0.0,0.0,0.0,0.0,0.0,0.0,0.0,0.0,0.0,0.0,0.0,0.0,0.0,0.0,0.0,0.0,0.0,0.0,0.0,2.0,1.0,0.0,0.0,0.0,0.0,0.0,0.0,0.0,0.0,2.0,1.0,0.0,0.0,0.0,0.0,1.0,1.0,0.0,0.0,0.0,0.0,0.0,0.0,0.0,0.0,0.0,0.0,0.0,0.0,0.0,0.0,0.0,0.0,0.0,0.0,0.0,0.0,0.0,0.0,0.0,0.0,0.0,0.0,0.0,0.0,0.0,0.0,0.0,0.0,0.0,0.0,0.0,0.0,0.0,0.0,0.0,0.0,0.0,0.0,0.0,0.0,0.0,0.0,0.0,0.0,0.0,0.0,0.0,0.0,0.0,0.0,0.0,0.0,0.0,0.0,0.0,0.0,0.0,0.0,0.0,0.0,0.0,0.0,0.0,0.0,0.0,0.0,0.0,0.0,0.0,0.0,0.0,0.0,0.0,0.0,0.0,0.0,0.0,0.0,0.0,0.0,0.0,0.0,0.0,0.0,0.0,0.0,0.0,0.0,0.0,0.0,0.0,0.0,0.0,0.0,0.0,0.0,0.0,0.0,0.0,0.0,0.0,0.0,0.0,0.0,0.0,0.0,0.0,0.0,0.0,0.0,0.0,0.0,1.0,1.0,0.0,0.0,0.0,0.0,0.0,0.0,0.0,0.0,0.0,0.0,0.0,0.0,0.0,0.0,0.0,0.0,0.0,0.0,0.0,0.0,0.0,0.0,0.0,0.0,0.0,0.0,0.0,0.0,0.0,0.0,0.0,0.0,0.0,0.0,0.0,0.0,0.0,0.0,0.0,0.0,0.0,0.0,0.0,0.0,0.0,0.0,0.0,0.0,0.0,0.0,0.0,0.0,0.0,0.0,0.0,0.0,0.0,0.0,0.0,0.0,0.0,0.0,0.0,0.0,0.0,0.0,0.0,0.0,0.0,0.0,0.0,0.0,0.0,0.0,0.0,0.0,0.0,0.0,0.0,0.0,0.0,0.0,0.0,0.0,0.0,0.0,1.0,1.0,1.0,1.0,0.0,0.0,0,0,0,0,1,0,0,0,ACY_***(*)**(*)*(*)**,acyclic_anonymous_graph,train,0,0,0,0,0,0,0,0,0,0,0,0,0,0,0,0,0,0,0,0,0,0,0,0,0,0,0,0,0,0,0,0,1,1,0,0,0,0,0,1,0,0,0,0,0,0,0,0,0,0,0,0,0,0,0,0,0,0,0,0,0,0,0,0,0,0,0,0,0,0,0,0,0,1,0,0,0,0,0,0,1,0,0,0,0,0,1,0,0,0,0,0,0,0,0,0,0,0,0,0,0,0,0,0,0,0,1,0,0,0,0,1,0,0,0,0,0,0,0,0,0,0,0,0,1,1,0,0,1,0,0,0,0,0,0,0,0,0,1,0,0,0,0,0,0,0,0,0,0,0,0,1,0,0,0,0,0,0,0,0,0,0,0,0,0,0,0,0,0,0,0,0,0,0,0,0,0,0,0,0,0,0,0,1,0,0,0,0,0,0,0,0,0,0,0,1,0,0,0,0,0,0,0,0,0,0,0,0,0,0,0,0,0,0,0,0,0,0,0,0,0,0,0,0,0,0,0,0,0,0,0,0,0,0,1,0,0,0,0,0,0,0,0,0,0,0,0,1,0,0,0,0,0,0,1,0,0.3332136601755776,-0.4687486430257673,-0.054380377827767494,0.8019623032013449,0.4687486430257673,0.9227302502805367,-1.5209144063859792,10.633661186696902,0.09662037037037052,10.633661186696902,-0.5875925925925924,10.537040816326531,5.365140778533636,5.2685204081632655,0.0949033051528621,2.731766543874846,11.938610575903699,11.993926152995277,0.0,0.0,14.219595082555067,0.0,0.0,16.052661591198596,0.0,9.589074368143644,0.0,64.78943534112624,63.79386777079628,8.85337115112852,6.547206724228547,5.112590865130758,2.9436533336352735,9.68,4.4884837773008455,3.395706490482403,62.0,0.0,0.3332136601755776,-0.4687486430257673,0.4687486430257673,0.3332136601755776,52.60000000000001,0.27869999999999995,37.78900000000001,0.8999999999999999,1.1714285714285715
7459,CC(=O)CC(=O)Nc1ccc(NC(=O)CC(C)=O)c(Cl)c1,0,7459,CC(=O)CC(=O)Nc1ccc(NC(=O)CC(C)=O)c(Cl)c1,7459,CC(=O)CC(=O)Nc1ccc(NC(=O)CC(C)=O)c(Cl)c1,CC(=O)CC(=O)Nc1ccc(NC(=O)CC(C)=O)c(Cl)c1,CC(=O)CC(=O)Nc1ccc(NC(=O)CC(C)=O)c(Cl)c1,CC(=O)CC(=O)Nc1ccc(NC(=O)CC(C)=O)c(Cl)c1,7459.0,1.0,0.0,0.0,0.0,0.0,0.0,0.0,c1ccccc1,310.737,2.1752,92.34,2.0,4.0,6.0,1.0,1.0,7.0,0.2857142857142857,21.0,0.0,0.0,0.0,0.0,0.0,0.0,0.0,0.0,0.0,0.0,2.0,1.0,0.0,0.0,0.0,0.0,2.0,1.0,0.0,0.0,0.0,0.0,0.0,0.0,0.0,0.0,0.0,0.0,0.0,0.0,0.0,0.0,0.0,0.0,0.0,0.0,0.0,0.0,2.0,1.0,0.0,0.0,0.0,0.0,0.0,0.0,0.0,0.0,0.0,0.0,0.0,0.0,0.0,0.0,1.0,1.0,6.0,1.0,0.0,0.0,0.0,0.0,1.0,1.0,0.0,0.0,1.0,1.0,0.0,0.0,0.0,0.0,0.0,0.0,0.0,0.0,0.0,0.0,0.0,0.0,0.0,0.0,0.0,0.0,0.0,0.0,0.0,0.0,0.0,0.0,0.0,0.0,0.0,0.0,0.0,0.0,0.0,0.0,0.0,0.0,0.0,0.0,0.0,0.0,0.0,0.0,0.0,0.0,0.0,0.0,0.0,0.0,0.0,0.0,0.0,0.0,0.0,0.0,0.0,0.0,0.0,0.0,0.0,0.0,2.0,1.0,0.0,0.0,0.0,0.0,0.0,0.0,0.0,0.0,0.0,0.0,0.0,0.0,0.0,0.0,0.0,0.0,0.0,0.0,0.0,0.0,0.0,0.0,0.0,0.0,0.0,0.0,0.0,0.0,0.0,0.0,0.0,0.0,0.0,0.0,0.0,0.0,0.0,0.0,0.0,0.0,0.0,0.0,0.0,0.0,0.0,0.0,0.0,0.0,0.0,0.0,0.0,0.0,0.0,0.0,0.0,0.0,0.0,0.0,0.0,0.0,0.0,0.0,0.0,0.0,0.0,0.0,0.0,0.0,0.0,0.0,0.0,0.0,0.0,0.0,0.0,0.0,0.0,0.0,1.0,1.0,0.0,0.0,0.0,0.0,0.0,0.0,0.0,0.0,0.0,0.0,0.0,0.0,0.0,0.0,0.0,0.0,0.0,0.0,0.0,0.0,0.0,0.0,0.0,0.0,0.0,0.0,0.0,0.0,0.0,0.0,0.0,0.0,0.0,0.0,0.0,0.0,0.0,0.0,0.0,0.0,0.0,0.0,0.0,0.0,0.0,0.0,0.0,0.0,0.0,0.0,1.0,2.0,1.0,1.0,1.0,1.0,0,0,1,0,0,0,0,0,c1ccccc1,murcko,train,0,0,0,0,0,0,0,0,0,0,0,0,0,0,1,0,1,0,0,0,0,0,0,0,1,0,0,1,0,0,0,0,0,1,0,0,0,0,0,1,0,1,0,0,0,1,0,0,0,1,0,0,1,0,0,0,0,0,0,0,0,0,0,0,1,0,0,0,0,0,0,0,0,0,0,1,1,0,0,0,1,1,0,0,0,0,0,0,0,0,0,0,0,0,0,0,0,0,0,0,1,0,0,0,0,0,0,1,0,0,1,0,0,0,0,0,0,0,0,0,1,0,0,0,0,1,0,0,1,0,0,0,0,1,0,0,0,0,1,0,0,0,0,0,0,0,0,1,0,0,0,0,0,0,0,0,1,0,0,0,0,0,0,0,0,0,0,0,0,0,0,0,0,0,0,0,0,0,0,0,0,0,0,0,1,0,0,0,0,0,0,1,0,0,0,0,0,0,0,0,1,0,0,0,0,0,0,0,0,0,0,0,0,0,1,0,0,0,0,0,0,0,0,0,0,0,0,0,0,0,0,0,0,0,0,0,0,0,0,0,0,0,0,0,0,0,0,0,0,1,0,0,0,0,0,0,0.23134751582625843,-0.3256577180348878,-0.04284371935604234,0.5570052338611462,0.3256577180348878,1.0789188699914147,-1.978636976468304,11.46126815182506,0.213573440114746,11.46126815182506,-0.4604025446521838,11.247694711710313,5.837420795969903,5.6238473558551565,0.08890710724561807,3.029552492542751,11.814359458703011,29.430766452323223,11.374772549367124,0.0,32.046575604766076,0.0,0.0,10.633577208012662,11.600939890232516,19.178148736287287,0.0,126.40001902894267,126.07913989969191,15.991199352633217,11.657222004806654,9.773764703227073,6.157726251518021,16.843219797764764,7.540057470478065,6.180089731966141,112.0,0.0,0.23134751582625843,-0.3256577180348878,0.3256577180348878,0.23134751582625843,92.34,2.1752000000000002,79.30740000000002,0.8999999999999999,1.3142857142857145
4398,CCO[Si](CCl)(OCC)OCC,0,4398,CCO[Si](CCl)(OCC)OCC,4398,CCO[Si](CCl)(OCC)OCC,CCO[Si](CCl)(OCC)OCC,CCO[Si](CCl)(OCC)OCC,CCO[Si](CCl)(OCC)OCC,4398.0,1.0,0.0,0.0,0.0,0.0,0.0,0.0,,212.749,1.8128,27.69,0.0,3.0,7.0,0.0,0.0,5.0,1.0,12.0,0.0,0.0,0.0,0.0,0.0,0.0,0.0,0.0,0.0,0.0,0.0,0.0,0.0,0.0,0.0,0.0,0.0,0.0,0.0,0.0,0.0,0.0,0.0,0.0,0.0,0.0,0.0,0.0,0.0,0.0,0.0,0.0,0.0,0.0,0.0,0.0,0.0,0.0,0.0,0.0,0.0,0.0,0.0,0.0,0.0,0.0,0.0,0.0,0.0,0.0,0.0,0.0,0.0,0.0,0.0,0.0,0.0,0.0,0.0,0.0,0.0,0.0,1.0,1.0,0.0,0.0,1.0,1.0,0.0,0.0,0.0,0.0,0.0,0.0,0.0,0.0,0.0,0.0,0.0,0.0,0.0,0.0,0.0,0.0,0.0,0.0,0.0,0.0,0.0,0.0,0.0,0.0,0.0,0.0,0.0,0.0,0.0,0.0,0.0,0.0,0.0,0.0,0.0,0.0,0.0,0.0,0.0,0.0,0.0,0.0,0.0,0.0,0.0,0.0,0.0,0.0,0.0,0.0,0.0,0.0,0.0,0.0,0.0,0.0,0.0,0.0,0.0,0.0,0.0,0.0,0.0,0.0,0.0,0.0,0.0,0.0,0.0,0.0,0.0,0.0,1.0,1.0,0.0,0.0,0.0,0.0,0.0,0.0,0.0,0.0,0.0,0.0,0.0,0.0,0.0,0.0,0.0,0.0,0.0,0.0,0.0,0.0,0.0,0.0,0.0,0.0,0.0,0.0,0.0,0.0,0.0,0.0,0.0,0.0,0.0,0.0,0.0,0.0,0.0,0.0,0.0,0.0,0.0,0.0,0.0,0.0,0.0,0.0,0.0,0.0,0.0,0.0,0.0,0.0,0.0,0.0,0.0,0.0,0.0,0.0,0.0,0.0,0.0,0.0,0.0,0.0,0.0,0.0,0.0,0.0,0.0,0.0,0.0,0.0,0.0,0.0,0.0,0.0,1.0,1.0,0.0,0.0,0.0,0.0,0.0,0.0,0.0,0.0,0.0,0.0,0.0,0.0,0.0,0.0,0.0,0.0,0.0,0.0,0.0,0.0,0.0,0.0,0.0,0.0,0.0,0.0,0.0,0.0,0.0,0.0,0.0,0.0,0.0,0.0,0.0,0.0,1.0,2.0,1.0,1.0,1.0,1.0,0,0,0,0,0,0,0,0,ACY_****(**)(***)***,acyclic_anonymous_graph,train,0,0,0,0,0,0,0,0,0,0,0,0,0,0,0,0,0,0,0,0,0,0,0,0,0,0,0,0,0,0,0,0,0,1,1,0,0,0,1,0,0,0,0,0,0,0,0,0,0,0,0,0,0,0,0,0,0,0,0,0,0,0,0,0,0,0,0,0,0,0,0,0,0,0,0,0,0,0,0,0,1,0,0,0,0,1,0,0,0,0,0,0,0,0,0,0,0,0,1,0,0,0,0,0,0,0,0,0,0,0,0,0,0,0,0,0,0,0,0,0,0,0,1,1,0,0,0,0,0,0,0,0,0,0,0,0,0,0,0,0,0,0,0,1,0,0,0,1,0,0,0,0,0,0,0,0,0,0,0,0,0,0,0,0,0,0,0,0,0,0,0,0,0,0,0,0,0,0,0,0,0,0,0,1,0,0,1,0,0,0,0,0,0,0,0,0,1,0,0,0,0,0,0,0,0,0,0,0,0,0,0,0,0,0,1,0,0,0,0,0,0,0,0,0,0,0,0,0,0,0,0,0,0,0,0,0,0,0,0,0,0,0,0,0,0,0,0,0,0,0,0,0,0,0,0,0,0.5159705966697092,-0.3730578615777135,-0.054530348539224525,0.8890284582474227,0.5159705966697092,0.7151138805868458,-1.36947806305754,5.74736111111111,0.3219444444444446,5.74736111111111,-2.5040509259259265,5.425416666666665,3.0346527777777776,2.7127083333333326,0.18431764073419865,1.6974028074662868,8.80443515703238,0.0,25.323923492499556,0.0,0.0,0.0,20.771211599071872,0.0,24.878954968590264,0.0,0.0,80.32377846171337,79.77852521719407,9.449747468305834,7.931136469147006,5.742640687119286,4.220532815545575,12.386883116883117,6.855141265953051,3.865687610024144,74.0,0.0,0.5159705966697092,-0.3730578615777135,0.5159705966697092,0.3730578615777135,27.69,1.8128000000000002,51.35200000000004,0.2,1.8000000000000003
5099,COC1(OC)CCC2=C(CCC3C2CCC2(C)C(=O)CCC32)C1,1,5099,COC1(OC)CCC2=C(CCC3C2CCC2(C)C(=O)CCC32)C1,5099,COC1(OC)CCC2=C(CCC3C2CCC2(C)C(=O)CCC32)C1,COC1(OC)CCC2=C(CCC3C2CCC2(C)C(=O)CCC32)C1,COC1(OC)CCC2=C(CCC3C2CCC2(C)C(=O)CCC32)C1,COC1(OC)CCC2=C(CCC3C2CCC2(C)C(=O)CCC32)C1,5099.0,1.0,0.0,0.0,0.0,0.0,0.0,0.0,O=C1CCC2C1CCC1C3=C(CCCC3)CCC12,318.4570000000001,4.261400000000004,35.53,0.0,3.0,2.0,4.0,0.0,3.0,0.85,23.0,0.0,0.0,0.0,0.0,0.0,0.0,0.0,0.0,0.0,0.0,0.0,0.0,0.0,0.0,0.0,0.0,0.0,0.0,0.0,0.0,0.0,0.0,0.0,0.0,0.0,0.0,0.0,0.0,0.0,0.0,0.0,0.0,0.0,0.0,2.0,1.0,0.0,0.0,1.0,1.0,0.0,0.0,0.0,0.0,0.0,0.0,0.0,0.0,0.0,0.0,1.0,1.0,0.0,0.0,0.0,0.0,0.0,0.0,6.0,1.0,0.0,0.0,0.0,0.0,0.0,0.0,0.0,0.0,0.0,0.0,0.0,0.0,0.0,0.0,0.0,0.0,0.0,0.0,0.0,0.0,0.0,0.0,0.0,0.0,0.0,0.0,0.0,0.0,0.0,0.0,0.0,0.0,0.0,0.0,0.0,0.0,0.0,0.0,0.0,0.0,0.0,0.0,0.0,0.0,0.0,0.0,0.0,0.0,0.0,0.0,0.0,0.0,0.0,0.0,0.0,0.0,0.0,0.0,0.0,0.0,0.0,0.0,0.0,0.0,0.0,0.0,0.0,0.0,0.0,0.0,0.0,0.0,0.0,0.0,0.0,0.0,0.0,0.0,0.0,0.0,0.0,0.0,0.0,0.0,0.0,0.0,0.0,0.0,0.0,0.0,0.0,0.0,0.0,0.0,0.0,0.0,0.0,0.0,0.0,0.0,0.0,0.0,0.0,0.0,0.0,0.0,0.0,0.0,0.0,0.0,0.0,0.0,0.0,0.0,0.0,0.0,0.0,0.0,0.0,0.0,0.0,0.0,0.0,0.0,0.0,0.0,0.0,0.0,0.0,0.0,0.0,0.0,0.0,0.0,0.0,0.0,0.0,0.0,0.0,0.0,0.0,0.0,0.0,0.0,0.0,0.0,0.0,0.0,0.0,0.0,0.0,0.0,0.0,0.0,0.0,0.0,0.0,0.0,0.0,0.0,0.0,0.0,0.0,0.0,0.0,0.0,0.0,0.0,0.0,0.0,0.0,0.0,0.0,0.0,0.0,0.0,0.0,0.0,0.0,0.0,0.0,0.0,0.0,0.0,0.0,0.0,0.0,0.0,0.0,0.0,0.0,0.0,0.0,0.0,0.0,0.0,0.0,0.0,0.0,0.0,0.0,0.0,0,0,0,0,0,0,0,0,O=C1CCC2C1CCC1C3=C(CCCC3)CCC12,murcko,train,0,0,0,0,0,0,0,1,0,0,1,1,1,0,0,0,0,0,0,0,0,0,0,0,0,0,0,0,0,0,0,0,0,1,0,0,1,0,0,0,0,0,0,0,0,1,0,0,0,0,0,0,0,0,0,1,0,0,1,0,0,1,0,1,0,0,0,0,0,0,0,0,0,1,0,0,0,0,0,0,0,0,0,1,0,0,0,0,0,0,0,0,1,0,0,0,0,0,0,0,1,0,0,0,0,0,0,0,0,0,1,0,0,1,0,0,0,0,0,0,0,1,0,0,0,0,0,0,0,0,0,0,0,0,0,1,0,0,1,0,0,0,0,0,0,0,0,0,1,0,0,0,1,0,0,0,0,0,1,0,1,0,0,0,0,0,0,0,0,0,0,1,1,1,0,0,0,0,0,0,0,0,0,1,0,0,0,0,0,0,0,0,1,0,0,0,0,0,0,1,0,0,1,0,0,0,0,0,0,0,0,0,0,0,0,0,0,0,0,0,0,0,0,0,0,0,0,0,0,0,0,1,0,0,0,0,0,0,0,1,0,0,0,0,0,0,1,0,0,0,1,1,0,0,0,0,0.1710209993644081,-0.35284182955496335,-0.045295822210056715,0.5238628289193714,0.35284182955496335,0.45191019444015046,-1.4937141052714547,12.405309273809003,0.0032596371882083197,12.405309273809003,-0.39069868302259203,12.402049636620795,6.204284455498605,6.2010248183103975,0.08063183339044203,3.1037729030755528,5.7871111525705965,5.41499046939678,11.701150992526333,50.36074182987885,19.26246486877803,25.365804142693598,0.0,6.923737199690624,9.473725907600098,4.794537184071822,0.0,139.34883611412147,139.08426374720673,16.242276208189782,14.820756709639399,11.027752420299091,9.37250455802432,15.834343222171636,5.420123331018969,2.189716610853137,128.0,0.0,0.1710209993644081,-0.35284182955496335,0.35284182955496335,0.1710209993644081,35.53,4.261400000000004,88.91200000000006,0.0,0.74
4564,C#CC(C)(O)CCCC(C)CCCC(C)C,0,4564,C#CC(C)(O)CCCC(C)CCCC(C)C,4564,C#CC(C)(O)CCCC(C)CCCC(C)C,C#CC(C)(O)CCCC(C)CCCC(C)C,C#CC(C)(O)CCCC(C)CCCC(C)C,C#CC(C)(O)CCCC(C)CCCC(C)C,4564.0,1.0,0.0,0.0,0.0,0.0,0.0,0.0,,224.38799999999995,4.003300000000003,20.23,1.0,1.0,8.0,0.0,0.0,1.0,0.8666666666666667,16.0,0.0,0.0,0.0,0.0,0.0,0.0,0.0,0.0,0.0,0.0,0.0,0.0,0.0,0.0,0.0,0.0,0.0,0.0,0.0,0.0,0.0,0.0,0.0,0.0,0.0,0.0,0.0,0.0,0.0,0.0,1.0,1.0,0.0,0.0,0.0,0.0,0.0,0.0,0.0,0.0,0.0,0.0,0.0,0.0,0.0,0.0,0.0,0.0,0.0,0.0,0.0,0.0,1.0,1.0,0.0,0.0,0.0,0.0,0.0,0.0,0.0,0.0,0.0,0.0,0.0,0.0,0.0,0.0,0.0,0.0,0.0,0.0,0.0,0.0,0.0,0.0,0.0,0.0,0.0,0.0,0.0,0.0,0.0,0.0,0.0,0.0,0.0,0.0,0.0,0.0,0.0,0.0,0.0,0.0,0.0,0.0,0.0,0.0,0.0,0.0,0.0,0.0,0.0,0.0,0.0,0.0,0.0,0.0,0.0,0.0,0.0,0.0,0.0,0.0,0.0,0.0,0.0,0.0,0.0,0.0,0.0,0.0,0.0,0.0,0.0,0.0,0.0,0.0,0.0,0.0,0.0,0.0,0.0,0.0,0.0,0.0,0.0,0.0,0.0,0.0,0.0,0.0,0.0,0.0,0.0,0.0,0.0,0.0,0.0,0.0,0.0,0.0,0.0,0.0,0.0,0.0,0.0,0.0,0.0,0.0,0.0,0.0,0.0,0.0,0.0,0.0,0.0,0.0,0.0,0.0,0.0,0.0,0.0,0.0,0.0,0.0,0.0,0.0,0.0,0.0,0.0,0.0,0.0,0.0,0.0,0.0,0.0,0.0,0.0,0.0,0.0,0.0,0.0,0.0,0.0,0.0,0.0,0.0,0.0,0.0,0.0,0.0,0.0,0.0,0.0,0.0,0.0,0.0,0.0,0.0,0.0,0.0,0.0,0.0,0.0,0.0,0.0,0.0,0.0,0.0,0.0,0.0,0.0,0.0,0.0,0.0,0.0,0.0,0.0,0.0,0.0,0.0,0.0,0.0,0.0,0.0,0.0,0.0,0.0,0.0,0.0,0.0,0.0,0.0,0.0,0.0,0.0,0.0,0.0,0.0,0.0,0.0,0.0,0.0,0.0,0.0,0.0,0.0,0.0,0.0,0.0,0.0,0,0,0,0,0,0,0,0,ACY_***(*)(*)****(*)****(*)*,acyclic_anonymous_graph,train,0,1,0,0,0,0,0,0,0,0,0,0,0,0,0,0,0,0,0,0,0,0,0,0,0,0,0,1,1,0,0,0,0,1,0,0,0,0,0,1,0,0,0,0,0,0,0,0,0,0,0,0,0,0,0,1,0,0,0,0,0,0,0,0,1,0,0,0,1,0,0,0,0,0,0,0,0,0,0,0,1,0,0,0,0,0,0,1,0,0,0,0,0,0,0,0,0,0,0,0,0,0,0,0,0,0,0,0,0,0,0,0,0,0,1,1,1,0,1,1,0,0,0,0,0,0,0,0,0,0,0,0,0,0,0,0,1,0,0,0,0,0,0,0,0,0,1,1,0,0,1,0,0,0,0,0,0,0,0,0,0,0,1,0,0,0,0,0,0,0,0,0,0,0,0,0,0,0,0,1,0,0,0,0,0,0,0,0,0,0,0,0,0,0,0,0,0,0,0,0,0,0,0,0,0,0,1,0,1,0,0,0,0,0,1,0,0,0,0,0,0,0,0,0,0,0,0,1,0,0,0,0,0,0,0,0,0,0,0,0,0,0,0,1,0,0,0,0,0,0,0,0,0,0,0,0,0.12198727322795969,-0.37792160771377736,-0.06352340050677871,0.499908880941737,0.37792160771377736,0.12198727322795969,-1.138361681336419,9.648832775419626,0.7202584876543209,9.648832775419626,-0.9051065418451332,8.928574287765304,5.184545631536974,4.464287143882652,0.11199996413428351,3.010504537361774,5.601050810983688,0.0,0.0,24.677455338174802,25.683286491704038,6.923737199690624,0.0,26.691645917927517,6.423349895620259,5.106527394840706,0.0,101.64189977343733,101.10705304894164,12.604448006685088,11.421905090188123,7.371009241333562,6.572631001898532,15.52,7.73816587286408,8.79836380061643,94.0,0.0,0.12198727322795969,-0.37792160771377736,0.37792160771377736,0.12198727322795969,20.23,4.003300000000003,71.16080000000007,0.0,1.9466666666666668
9335,C=CC(=O)OCC1COC(C)(CC)O1,1,9335,C=CC(=O)OCC1COC(C)(CC)O1,9335,C=CC(=O)OCC1COC(C)(CC)O1,C=CC(=O)OCC1COC(C)(CC)O1,C=CC(=O)OCC1COC(C)(CC)O1,C=CC(=O)OCC1COC(C)(CC)O1,9335.0,1.0,0.0,0.0,0.0,0.0,0.0,0.0,C1COCO1,200.23399999999995,1.2571999999999997,44.760000000000005,0.0,4.0,4.0,1.0,0.0,4.0,0.7,14.0,0.0,0.0,0.0,0.0,0.0,0.0,0.0,0.0,0.0,0.0,0.0,0.0,0.0,0.0,0.0,0.0,0.0,0.0,0.0,0.0,0.0,0.0,0.0,0.0,0.0,0.0,0.0,0.0,0.0,0.0,0.0,0.0,0.0,0.0,3.0,1.0,0.0,0.0,0.0,0.0,0.0,0.0,0.0,0.0,1.0,1.0,0.0,0.0,0.0,0.0,1.0,1.0,0.0,0.0,0.0,0.0,0.0,0.0,0.0,0.0,0.0,0.0,0.0,0.0,0.0,0.0,0.0,0.0,0.0,0.0,0.0,0.0,0.0,0.0,0.0,0.0,0.0,0.0,0.0,0.0,0.0,0.0,0.0,0.0,0.0,0.0,0.0,0.0,0.0,0.0,0.0,0.0,0.0,0.0,0.0,0.0,0.0,0.0,0.0,0.0,0.0,0.0,0.0,0.0,0.0,0.0,0.0,0.0,0.0,0.0,0.0,0.0,0.0,0.0,0.0,0.0,0.0,0.0,0.0,0.0,0.0,0.0,0.0,0.0,0.0,0.0,0.0,0.0,0.0,0.0,0.0,0.0,0.0,0.0,0.0,0.0,0.0,0.0,0.0,0.0,0.0,0.0,0.0,0.0,0.0,0.0,0.0,0.0,0.0,0.0,0.0,0.0,0.0,0.0,0.0,0.0,0.0,0.0,0.0,0.0,0.0,0.0,0.0,0.0,0.0,0.0,0.0,0.0,1.0,1.0,0.0,0.0,0.0,0.0,0.0,0.0,0.0,0.0,0.0,0.0,0.0,0.0,0.0,0.0,0.0,0.0,0.0,0.0,0.0,0.0,0.0,0.0,0.0,0.0,0.0,0.0,0.0,0.0,0.0,0.0,0.0,0.0,0.0,0.0,0.0,0.0,0.0,0.0,0.0,0.0,0.0,0.0,0.0,0.0,0.0,0.0,0.0,0.0,0.0,0.0,0.0,0.0,0.0,0.0,0.0,0.0,0.0,0.0,0.0,0.0,0.0,0.0,0.0,0.0,0.0,0.0,0.0,0.0,0.0,0.0,0.0,0.0,0.0,0.0,0.0,0.0,0.0,0.0,0.0,0.0,0.0,0.0,0.0,0.0,0.0,0.0,1.0,1.0,1.0,1.0,0.0,0.0,0,0,0,0,1,0,1,0,C1COCO1,murcko,train,0,0,0,0,0,0,0,0,0,1,1,0,0,0,0,0,0,0,0,0,0,0,0,0,0,0,0,0,0,0,0,0,0,1,0,0,1,0,1,1,0,0,0,1,0,0,1,0,0,1,0,0,0,0,0,0,0,0,0,0,0,0,0,0,0,0,0,0,0,0,0,1,1,0,0,0,0,0,1,0,1,0,0,0,0,0,1,0,0,0,0,0,0,0,0,0,0,0,0,1,0,0,0,0,0,0,0,0,1,1,0,1,1,0,0,0,0,0,0,0,0,0,0,0,0,1,0,0,0,0,0,1,0,0,0,0,0,0,1,0,0,0,0,0,1,0,0,1,0,0,0,0,0,0,0,0,0,0,1,0,0,0,0,0,0,0,0,0,0,0,0,0,0,0,0,0,0,0,0,0,0,0,1,1,0,0,0,0,1,0,0,1,0,0,0,0,0,0,0,0,0,0,0,0,0,0,0,0,0,0,0,0,0,0,0,0,0,0,0,0,0,0,0,0,0,0,0,0,0,0,0,0,0,0,0,0,0,0,0,0,0,0,0,0,1,0,0,0,0,1,1,1,0,0,0,0,0.32973467769121856,-0.45968116733900655,-0.05211372913527395,0.7894158450302251,0.45968116733900655,0.8297264804950877,-1.5593186883889232,10.762760849710254,0.1631018518518521,10.762760849710254,-0.5225662556689341,10.599658997858402,5.462931350781053,5.299829498929201,0.09434265764606617,2.815526324891794,11.756416440522447,12.71084835226122,6.606881964512918,12.49684172975989,0.0,0.0,13.847474399381248,6.578935683598497,14.210588861400147,4.794537184071822,0.0,83.83045366024993,83.0025246155082,10.604448006685086,8.616120824980895,6.593465455661859,4.7036292882790915,11.206161462300074,4.571466287026132,2.81855494427799,80.0,0.0,0.32973467769121856,-0.45968116733900655,0.45968116733900655,0.32973467769121856,44.760000000000005,1.2571999999999997,50.677000000000035,0.8999999999999999,1.48
10809,Cc1cccc(C)c1N,1,10809,Cc1cccc(C)c1N,10809,Cc1cccc(C)c1N,Cc1cccc(C)c1N,Cc1cccc(C)c1N,Cc1cccc(C)c1N,10809.0,1.0,0.0,0.0,0.0,0.0,0.0,0.0,c1ccccc1,121.183,1.88564,26.02,1.0,1.0,0.0,1.0,1.0,1.0,0.25,9.0,0.0,0.0,0.0,0.0,0.0,0.0,0.0,0.0,0.0,0.0,0.0,0.0,0.0,0.0,0.0,0.0,1.0,1.0,0.0,0.0,0.0,0.0,0.0,0.0,0.0,0.0,0.0,0.0,0.0,0.0,0.0,0.0,0.0,0.0,0.0,0.0,0.0,0.0,0.0,0.0,0.0,0.0,0.0,0.0,0.0,0.0,0.0,0.0,0.0,0.0,0.0,0.0,0.0,0.0,1.0,1.0,6.0,1.0,0.0,0.0,0.0,0.0,0.0,0.0,0.0,0.0,0.0,0.0,0.0,0.0,0.0,0.0,0.0,0.0,0.0,0.0,0.0,0.0,0.0,0.0,0.0,0.0,0.0,0.0,0.0,0.0,0.0,0.0,0.0,0.0,0.0,0.0,0.0,0.0,0.0,0.0,0.0,0.0,0.0,0.0,0.0,0.0,0.0,0.0,0.0,0.0,0.0,0.0,1.0,1.0,0.0,0.0,1.0,1.0,0.0,0.0,0.0,0.0,0.0,0.0,0.0,0.0,0.0,0.0,0.0,0.0,0.0,0.0,0.0,0.0,0.0,0.0,0.0,0.0,0.0,0.0,0.0,0.0,0.0,0.0,0.0,0.0,0.0,0.0,0.0,0.0,0.0,0.0,0.0,0.0,0.0,0.0,0.0,0.0,0.0,0.0,0.0,0.0,0.0,0.0,0.0,0.0,0.0,0.0,0.0,0.0,0.0,0.0,0.0,0.0,0.0,0.0,0.0,0.0,0.0,0.0,0.0,0.0,0.0,0.0,0.0,0.0,0.0,0.0,0.0,0.0,0.0,0.0,0.0,0.0,0.0,0.0,0.0,0.0,0.0,0.0,0.0,0.0,0.0,0.0,0.0,0.0,0.0,0.0,0.0,0.0,0.0,0.0,0.0,0.0,0.0,0.0,0.0,0.0,0.0,0.0,0.0,0.0,0.0,0.0,0.0,0.0,0.0,0.0,0.0,0.0,0.0,0.0,0.0,0.0,0.0,0.0,0.0,0.0,0.0,0.0,0.0,0.0,0.0,0.0,0.0,0.0,0.0,0.0,0.0,0.0,0.0,0.0,0.0,0.0,0.0,0.0,0.0,0.0,0.0,0.0,1.0,2.0,1.0,2.0,0.0,0.0,1,0,1,0,0,0,0,0,c1ccccc1,murcko,train,0,0,0,0,0,0,0,0,0,0,0,0,0,0,0,1,0,0,0,1,0,0,0,0,0,0,0,0,0,0,0,0,0,1,0,0,0,0,0,0,0,0,0,0,0,0,0,0,0,0,0,0,0,0,0,0,0,0,0,0,0,0,0,0,1,0,0,0,0,0,0,0,0,0,0,0,0,0,0,0,0,1,0,1,0,0,0,0,0,0,0,0,0,0,0,0,0,0,0,0,1,0,0,0,0,0,0,0,0,0,0,1,0,0,0,0,0,0,0,0,0,0,0,0,0,0,0,0,0,0,0,0,0,0,0,0,0,0,0,0,0,0,0,0,0,0,0,1,0,0,0,0,0,0,0,0,0,0,0,0,0,0,0,0,0,0,0,0,0,0,0,0,0,0,0,0,0,1,0,0,0,0,0,0,0,0,1,0,0,0,0,0,0,0,0,0,0,0,0,0,0,0,0,0,0,0,0,1,0,0,0,0,0,0,1,0,0,0,0,0,0,0,0,0,0,0,0,0,0,0,0,0,0,0,0,0,0,0,0,0,0,0,0,0,0,1,0,0,0,0,0,0,0,0,0,0,0.037293615213884364,-0.3982992065086387,-0.07425166689982957,0.43559282172252306,0.3982992065086387,0.037293615213884364,-0.7055586173123505,5.681851851851851,0.9143518518518521,5.681851851851851,0.9143518518518521,4.767499999999999,3.2981018518518517,2.3837499999999996,0.20975353959098064,2.2815890561486345,0.0,0.0,0.0,16.814289258077554,0.0,0.0,32.046575604766076,0.0,5.733667477162185,0.0,0.0,55.50117804530289,54.59453234000581,6.8533711511285205,5.809401076758503,4.21521405516327,3.032692070451106,6.144688279301746,2.094917408045428,1.043572384208626,48.0,0.0,0.037293615213884364,-0.3982992065086387,0.3982992065086387,0.037293615213884364,26.02,1.88564,40.32840000000001,2.1,0.1
6422,C[N+](C)(C)CC(O)CCl,1,6422,C[N+](C)(C)CC(O)CCl,6422,C[N+](C)(C)CC(O)CCl,C[N+](C)(C)CC(O)CCl,C[N+](C)(C)CC(O)CCl,C[N+](C)(C)CC(O)CCl,6422.0,1.0,0.0,0.0,0.0,0.0,0.0,0.0,,152.64499999999998,0.2922999999999998,20.23,1.0,1.0,3.0,0.0,0.0,3.0,1.0,9.0,1.0,1.0,0.0,0.0,0.0,0.0,0.0,0.0,1.0,1.0,0.0,0.0,0.0,0.0,0.0,0.0,0.0,0.0,0.0,0.0,0.0,0.0,0.0,0.0,0.0,0.0,0.0,0.0,0.0,0.0,1.0,1.0,0.0,0.0,0.0,0.0,0.0,0.0,0.0,0.0,0.0,0.0,0.0,0.0,0.0,0.0,0.0,0.0,0.0,0.0,0.0,0.0,0.0,0.0,0.0,0.0,0.0,0.0,0.0,0.0,0.0,0.0,1.0,1.0,0.0,0.0,1.0,1.0,0.0,0.0,0.0,0.0,0.0,0.0,0.0,0.0,0.0,0.0,0.0,0.0,0.0,0.0,0.0,0.0,0.0,0.0,0.0,0.0,0.0,0.0,0.0,0.0,0.0,0.0,0.0,0.0,0.0,0.0,0.0,0.0,0.0,0.0,0.0,0.0,0.0,0.0,0.0,0.0,0.0,0.0,0.0,0.0,0.0,0.0,0.0,0.0,0.0,0.0,0.0,0.0,0.0,0.0,0.0,0.0,0.0,0.0,0.0,0.0,0.0,0.0,0.0,0.0,0.0,0.0,0.0,0.0,0.0,0.0,0.0,0.0,1.0,1.0,0.0,0.0,0.0,0.0,0.0,0.0,0.0,0.0,0.0,0.0,0.0,0.0,0.0,0.0,0.0,0.0,0.0,0.0,0.0,0.0,0.0,0.0,0.0,0.0,0.0,0.0,0.0,0.0,0.0,0.0,0.0,0.0,0.0,0.0,0.0,0.0,0.0,0.0,0.0,0.0,0.0,0.0,0.0,0.0,0.0,0.0,0.0,0.0,0.0,0.0,0.0,0.0,0.0,0.0,0.0,0.0,0.0,0.0,0.0,0.0,0.0,0.0,0.0,0.0,0.0,0.0,0.0,0.0,0.0,0.0,0.0,0.0,0.0,0.0,0.0,0.0,1.0,1.0,0.0,0.0,0.0,0.0,0.0,0.0,0.0,0.0,0.0,0.0,0.0,0.0,0.0,0.0,0.0,0.0,0.0,0.0,0.0,0.0,0.0,0.0,0.0,0.0,0.0,0.0,0.0,0.0,0.0,0.0,0.0,0.0,0.0,0.0,0.0,0.0,1.0,2.0,1.0,1.0,1.0,1.0,0,0,0,0,0,0,0,0,ACY_***(*)**(*)(*)*,acyclic_anonymous_graph,train,0,1,0,0,0,0,0,0,0,0,0,0,0,0,0,0,0,0,0,0,0,0,0,0,0,0,0,0,0,0,0,0,0,1,0,0,0,0,0,1,0,0,0,0,0,0,0,0,0,0,0,0,0,0,0,0,0,0,0,0,0,0,0,1,0,0,0,0,0,0,1,0,0,0,0,0,0,0,0,0,1,0,0,0,0,1,0,0,0,0,0,0,0,0,0,0,0,0,0,0,0,0,0,0,0,0,0,0,0,0,0,0,0,0,0,0,1,0,0,0,0,0,0,0,0,0,0,0,1,0,0,0,0,0,0,0,0,0,0,0,0,0,0,0,0,0,0,1,0,0,0,0,0,0,0,0,0,0,1,0,1,0,0,0,0,0,0,0,0,0,0,0,0,0,0,0,0,0,0,0,0,0,0,0,0,0,0,0,0,0,0,0,0,0,0,0,0,0,0,0,0,0,0,0,0,0,0,0,0,0,0,0,1,0,0,0,0,0,0,0,0,0,0,0,0,0,0,1,0,0,0,0,0,0,0,0,0,0,0,0,0,0,0,0,0,1,1,0,0,0,0,0,0,0,0,0,0.11630774915315047,-0.38599309957532135,-0.039931082599991466,0.5023008487284718,0.38599309957532135,0.4790008371724935,-0.8383805805724167,9.045972222222222,0.328888888888889,9.045972222222222,-0.3688271604938276,8.717083333333333,4.687430555555555,4.3585416666666665,0.11471726972898046,2.5205684485241653,0.0,6.103966387748303,12.424759850882914,4.483030857694624,0.0,0.0,21.143015948031568,0.0,16.70746728507322,0.0,0.0,61.63126673568897,60.862240329430634,7.491563831562722,6.263955495571864,3.954507021897173,2.999825265104023,9.210000000000003,3.3962719742551775,6.0905403960057045,56.0,0.0,0.11630774915315047,-0.38599309957532135,0.38599309957532135,0.11630774915315047,20.23,0.29229999999999984,39.626200000000004,0.2,1.0
10197,CC(C=O)Cc1ccc(C(C)(C)C)cc1,0,10197,CC(C=O)Cc1ccc(C(C)(C)C)cc1,10197,CC(C=O)Cc1ccc(C(C)(C)C)cc1,CC(C=O)Cc1ccc(C(C)(C)C)cc1,CC(C=O)Cc1ccc(C(C)(C)C)cc1,CC(C=O)Cc1ccc(C(C)(C)C)cc1,10197.0,1.0,0.0,0.0,0.0,0.0,0.0,0.0,c1ccccc1,204.313,3.361600000000002,17.07,0.0,1.0,3.0,1.0,1.0,1.0,0.5,15.0,0.0,0.0,0.0,0.0,0.0,0.0,0.0,0.0,0.0,0.0,0.0,0.0,0.0,0.0,0.0,0.0,0.0,0.0,0.0,0.0,0.0,0.0,0.0,0.0,0.0,0.0,0.0,0.0,0.0,0.0,0.0,0.0,0.0,0.0,0.0,0.0,1.0,1.0,0.0,0.0,0.0,0.0,0.0,0.0,0.0,0.0,0.0,0.0,0.0,0.0,0.0,0.0,0.0,0.0,1.0,1.0,6.0,1.0,0.0,0.0,0.0,0.0,0.0,0.0,0.0,0.0,0.0,0.0,0.0,0.0,0.0,0.0,0.0,0.0,0.0,0.0,0.0,0.0,0.0,0.0,0.0,0.0,0.0,0.0,0.0,0.0,0.0,0.0,0.0,0.0,0.0,0.0,0.0,0.0,0.0,0.0,0.0,0.0,0.0,0.0,0.0,0.0,0.0,0.0,0.0,0.0,0.0,0.0,0.0,0.0,0.0,0.0,0.0,0.0,0.0,0.0,0.0,0.0,0.0,0.0,0.0,0.0,0.0,0.0,0.0,0.0,0.0,0.0,0.0,0.0,0.0,0.0,0.0,0.0,0.0,0.0,0.0,0.0,0.0,0.0,0.0,0.0,0.0,0.0,0.0,0.0,0.0,0.0,0.0,0.0,0.0,0.0,0.0,0.0,0.0,0.0,0.0,0.0,0.0,0.0,0.0,0.0,0.0,0.0,0.0,0.0,0.0,0.0,0.0,0.0,0.0,0.0,1.0,1.0,0.0,0.0,0.0,0.0,0.0,0.0,0.0,0.0,0.0,0.0,0.0,0.0,0.0,0.0,0.0,0.0,0.0,0.0,0.0,0.0,0.0,0.0,0.0,0.0,0.0,0.0,0.0,0.0,0.0,0.0,0.0,0.0,0.0,0.0,0.0,0.0,0.0,0.0,0.0,0.0,0.0,0.0,0.0,0.0,0.0,0.0,0.0,0.0,0.0,0.0,0.0,0.0,0.0,0.0,0.0,0.0,0.0,0.0,0.0,0.0,0.0,0.0,0.0,0.0,0.0,0.0,0.0,0.0,0.0,0.0,0.0,0.0,0.0,0.0,0.0,0.0,0.0,0.0,0.0,0.0,0.0,0.0,1.0,1.0,1.0,1.0,0.0,0.0,0,0,0,0,0,0,0,0,c1ccccc1,murcko,train,0,1,0,0,0,0,0,0,0,0,0,0,0,0,0,0,0,0,0,0,1,0,0,1,0,0,0,1,0,0,0,0,0,1,0,0,0,0,0,0,0,0,0,0,0,0,0,0,0,0,0,0,0,0,1,0,0,0,1,1,0,1,0,0,0,0,0,0,0,0,0,0,0,0,0,0,0,0,0,1,1,1,0,0,0,0,0,0,0,1,0,0,0,0,0,0,0,0,0,0,1,0,0,0,0,0,0,0,0,0,0,0,0,0,1,0,0,0,0,0,0,0,0,0,0,0,0,0,0,1,0,0,0,0,0,0,1,1,1,0,0,0,0,0,0,0,0,0,0,0,0,0,0,0,0,0,0,0,0,0,0,0,0,1,0,0,0,0,0,0,0,0,0,0,0,0,0,0,0,0,0,0,1,0,0,0,0,0,0,0,0,0,0,0,0,0,0,0,0,0,0,0,0,0,0,0,0,0,0,0,0,0,0,0,1,0,0,0,1,0,0,0,0,0,0,0,0,0,0,0,0,0,0,0,0,0,1,0,0,0,0,0,0,0,0,0,0,0,0,0,0,0,1,0,0,0,0.1226238377981003,-0.30308781509936833,-0.049608303343804776,0.4257116528974686,0.30308781509936833,0.13839482010641763,-0.8825193702634894,10.535393361048122,0.11619142101284918,10.535393361048122,0.11619142101284918,10.419201940035272,5.325792391030486,5.209600970017636,0.0959766406059901,2.7222876335058537,0.0,11.332896515558172,0.0,12.706982146055566,11.126902983393991,0.0,6.923737199690624,45.03667987291831,0.0,4.794537184071822,0.0,92.5124621347136,91.92173590168848,11.474691494688164,10.079456686788166,6.930870218218028,5.47955474902153,11.961994240460763,4.606245281678695,3.502932727242313,82.0,0.0,0.1226238377981003,-0.30308781509936833,0.30308781509936833,0.1226238377981003,17.07,3.361600000000002,64.07400000000004,0.2,0.8
8352,NCCCCCCCCCCN,1,8352,NCCCCCCCCCCN,8352,NCCCCCCCCCCN,NCCCCCCCCCCN,NCCCCCCCCCCN,NCCCCCCCCCCN,8352.0,1.0,0.0,0.0,0.0,0.0,0.0,0.0,,172.31599999999997,2.0246,52.04,2.0,2.0,9.0,0.0,0.0,2.0,1.0,12.0,0.0,0.0,2.0,1.0,0.0,0.0,0.0,0.0,0.0,0.0,0.0,0.0,0.0,0.0,0.0,0.0,0.0,0.0,0.0,0.0,0.0,0.0,0.0,0.0,0.0,0.0,0.0,0.0,0.0,0.0,0.0,0.0,0.0,0.0,0.0,0.0,0.0,0.0,0.0,0.0,0.0,0.0,0.0,0.0,0.0,0.0,0.0,0.0,0.0,0.0,0.0,0.0,0.0,0.0,0.0,0.0,0.0,0.0,0.0,0.0,0.0,0.0,0.0,0.0,0.0,0.0,0.0,0.0,0.0,0.0,0.0,0.0,0.0,0.0,0.0,0.0,0.0,0.0,0.0,0.0,0.0,0.0,0.0,0.0,0.0,0.0,0.0,0.0,0.0,0.0,0.0,0.0,0.0,0.0,0.0,0.0,0.0,0.0,0.0,0.0,0.0,0.0,0.0,0.0,0.0,0.0,0.0,0.0,0.0,0.0,0.0,0.0,0.0,0.0,0.0,0.0,0.0,0.0,0.0,0.0,0.0,0.0,0.0,0.0,0.0,0.0,0.0,0.0,0.0,0.0,0.0,0.0,0.0,0.0,0.0,0.0,0.0,0.0,0.0,0.0,0.0,0.0,0.0,0.0,0.0,0.0,0.0,0.0,0.0,0.0,0.0,0.0,0.0,0.0,0.0,0.0,0.0,0.0,0.0,0.0,0.0,0.0,0.0,0.0,0.0,0.0,0.0,0.0,0.0,0.0,0.0,0.0,0.0,0.0,0.0,0.0,0.0,0.0,0.0,0.0,0.0,0.0,0.0,0.0,0.0,0.0,0.0,0.0,0.0,0.0,0.0,0.0,0.0,0.0,0.0,0.0,0.0,0.0,0.0,0.0,0.0,0.0,0.0,0.0,0.0,0.0,0.0,0.0,0.0,0.0,0.0,0.0,0.0,0.0,0.0,0.0,0.0,0.0,0.0,0.0,0.0,0.0,0.0,0.0,0.0,0.0,0.0,0.0,0.0,0.0,0.0,0.0,0.0,0.0,0.0,0.0,0.0,0.0,0.0,0.0,0.0,0.0,0.0,0.0,0.0,0.0,0.0,0.0,0.0,0.0,0.0,0.0,0.0,0.0,0.0,0.0,0.0,0.0,0.0,0.0,0.0,0.0,0,0,0,0,0,0,0,0,ACY_************,acyclic_anonymous_graph,train,0,0,0,0,0,0,0,0,0,0,0,0,0,0,0,0,0,0,0,0,0,0,0,0,0,0,0,0,0,0,0,0,0,0,0,0,0,0,0,0,0,0,0,0,0,0,0,0,1,0,0,0,0,0,0,0,0,0,1,0,0,0,0,0,0,0,0,0,0,0,0,0,0,0,0,0,0,0,0,0,1,0,0,0,0,0,0,0,0,0,0,0,0,0,0,0,0,0,0,0,0,0,0,0,0,0,0,0,0,0,0,0,0,0,0,0,0,0,0,1,0,0,0,0,0,0,0,0,0,0,0,0,0,0,0,0,0,0,0,0,0,0,0,0,0,0,0,1,0,0,0,0,0,0,0,0,0,0,0,0,0,0,0,0,0,0,0,0,0,0,0,0,0,0,0,0,0,0,0,0,0,0,0,0,0,0,0,0,0,0,0,0,0,0,0,0,0,0,0,0,0,0,0,0,0,0,0,0,0,0,0,0,0,1,0,0,0,0,0,0,0,0,0,0,0,0,0,0,0,0,0,0,0,0,0,0,0,1,0,0,0,0,0,0,0,0,0,0,0,0,0,0,0,0,0,0,-0.007727546703962752,-0.33047350396342257,-0.08962720326942779,0.3227459572594598,0.33047350396342257,0.0,-1.0755264392331334,5.395080484941145,0.8543388429752066,5.395080484941145,0.8543388429752066,4.540741641965939,3.1247096639581757,2.2703708209829694,0.2202283412819419,2.1502677874899576,0.0,0.0,0.0,13.08951281182515,51.36657298340809,0.0,0.0,0.0,11.46733495432437,0.0,0.0,76.70351145142448,75.92342074955761,9.071067811865477,8.225768350244728,5.914213562373096,5.316496580927725,11.920000000000002,10.92,9.92,74.0,0.0,-0.007727546703962752,-0.33047350396342257,0.33047350396342257,0.007727546703962752,52.04,2.0246,55.044800000000045,0.0,2.2
3674,[O]=[Cr](=[O])=[O],1,3674,[O]=[Cr](=[O])=[O],3674,[O]=[Cr](=[O])=[O],[O]=[Cr](=[O])=[O],[O]=[Cr](=[O])=[O],[Cr+6],3674.0,1.0,0.0,1.0,1.0,1.0,1.0,0.0,,99.993,-0.3589,51.21,0.0,3.0,0.0,0.0,0.0,4.0,0.0,4.0,0.0,0.0,0.0,0.0,0.0,0.0,0.0,0.0,0.0,0.0,0.0,0.0,0.0,0.0,0.0,0.0,0.0,0.0,0.0,0.0,0.0,0.0,0.0,0.0,0.0,0.0,0.0,0.0,0.0,0.0,0.0,0.0,0.0,0.0,0.0,0.0,0.0,0.0,0.0,0.0,0.0,0.0,0.0,0.0,0.0,0.0,0.0,0.0,0.0,0.0,0.0,0.0,0.0,0.0,0.0,0.0,0.0,0.0,0.0,0.0,0.0,0.0,0.0,0.0,0.0,0.0,0.0,0.0,0.0,0.0,0.0,0.0,0.0,0.0,0.0,0.0,0.0,0.0,0.0,0.0,0.0,0.0,0.0,0.0,0.0,0.0,0.0,0.0,0.0,0.0,0.0,0.0,0.0,0.0,0.0,0.0,0.0,0.0,1.0,1.0,1.0,1.0,0.0,0.0,0.0,0.0,0.0,0.0,0.0,0.0,0.0,0.0,0.0,0.0,0.0,0.0,0.0,0.0,0.0,0.0,0.0,0.0,0.0,0.0,0.0,0.0,0.0,0.0,0.0,0.0,0.0,0.0,0.0,0.0,0.0,0.0,0.0,0.0,0.0,0.0,0.0,0.0,0.0,0.0,0.0,0.0,0.0,0.0,0.0,0.0,0.0,0.0,0.0,0.0,0.0,0.0,0.0,0.0,0.0,0.0,0.0,0.0,0.0,0.0,0.0,0.0,0.0,0.0,0.0,0.0,0.0,0.0,0.0,0.0,0.0,0.0,0.0,0.0,0.0,0.0,0.0,0.0,0.0,0.0,0.0,0.0,0.0,0.0,0.0,0.0,0.0,0.0,0.0,0.0,0.0,0.0,0.0,0.0,0.0,0.0,0.0,0.0,0.0,0.0,0.0,0.0,0.0,0.0,0.0,0.0,0.0,0.0,0.0,0.0,0.0,0.0,0.0,0.0,0.0,0.0,0.0,0.0,0.0,0.0,0.0,0.0,0.0,0.0,0.0,0.0,0.0,0.0,0.0,0.0,0.0,0.0,0.0,0.0,0.0,0.0,0.0,0.0,0.0,0.0,0.0,0.0,0.0,0.0,0.0,0.0,0.0,0.0,0.0,0.0,0.0,0.0,0.0,0.0,0.0,0.0,0.0,0.0,0,0,0,0,0,0,0,0,ACY_**(*)*,acyclic_anonymous_graph,train,0,0,0,0,0,0,0,0,0,0,1,0,0,0,0,0,0,0,0,0,0,0,0,0,0,0,0,0,0,0,0,0,0,0,0,0,0,0,0,0,0,0,0,0,0,0,0,0,0,0,0,0,0,0,0,0,0,0,0,0,0,0,0,0,0,0,0,0,0,0,0,0,0,0,0,0,0,0,0,0,0,0,0,0,0,0,0,0,0,0,0,0,0,0,0,0,0,0,0,0,0,0,0,0,0,0,0,0,0,0,0,0,0,0,0,0,0,0,0,0,0,0,0,0,0,0,0,0,0,0,0,0,0,0,0,0,0,0,1,0,0,0,0,0,1,0,0,0,0,0,0,0,0,0,0,0,0,0,0,0,0,0,0,0,0,0,0,0,0,0,0,0,0,0,0,0,0,0,0,0,0,0,0,0,0,1,0,0,0,0,0,0,0,0,0,0,0,0,0,0,0,0,0,0,0,0,0,0,0,0,0,0,0,0,0,0,0,0,0,0,0,0,0,0,0,0,0,0,0,0,0,0,0,0,0,0,0,0,0,0,0,0,0,0,0,0,0,0,0,0,0,0,0,0,0,0,,,,,,,,8.541666666666666,3.7916666666666665,8.541666666666666,-3.7916666666666665,4.75,6.166666666666666,2.375,0.21052631578947367,8.005847953216373,13.951564800443872,0.0,0.0,0.0,0.0,0.0,0.0,0.0,11.410055027245084,0.0,0.0,26.25623023757086,25.361619827688955,3.5773502691896257,1.6329931618554523,1.7320508075688772,0.5000000000000001,3.932467532467532,1.2734772756030504,368.42950895258355,24.0,0.0,,,,,51.21,-0.3589,2.0595,0.0,0.0
6937,CC1=CCC(C(C)C)C=C1,0,6937,CC1=CCC(C(C)C)C=C1,6937,CC1=CCC(C(C)C)C=C1,CC1=CCC(C(C)C)C=C1,CC1=CCC(C(C)C)C=C1,CC1=CCC(C(C)C)C=C1,6937.0,1.0,0.0,0.0,0.0,0.0,0.0,0.0,C1=CCCC=C1,136.238,3.1648000000000023,0.0,0.0,0.0,1.0,1.0,0.0,0.0,0.6,10.0,0.0,0.0,0.0,0.0,0.0,0.0,0.0,0.0,0.0,0.0,0.0,0.0,0.0,0.0,0.0,0.0,0.0,0.0,0.0,0.0,0.0,0.0,0.0,0.0,0.0,0.0,0.0,0.0,0.0,0.0,0.0,0.0,0.0,0.0,0.0,0.0,0.0,0.0,0.0,0.0,0.0,0.0,0.0,0.0,0.0,0.0,0.0,0.0,0.0,0.0,2.0,1.0,0.0,0.0,0.0,0.0,0.0,0.0,0.0,0.0,0.0,0.0,0.0,0.0,0.0,0.0,0.0,0.0,0.0,0.0,0.0,0.0,0.0,0.0,0.0,0.0,0.0,0.0,0.0,0.0,0.0,0.0,0.0,0.0,0.0,0.0,0.0,0.0,0.0,0.0,0.0,0.0,0.0,0.0,0.0,0.0,0.0,0.0,0.0,0.0,0.0,0.0,0.0,0.0,0.0,0.0,0.0,0.0,0.0,0.0,0.0,0.0,0.0,0.0,0.0,0.0,0.0,0.0,0.0,0.0,0.0,0.0,0.0,0.0,0.0,0.0,0.0,0.0,0.0,0.0,0.0,0.0,0.0,0.0,0.0,0.0,0.0,0.0,0.0,0.0,0.0,0.0,0.0,0.0,0.0,0.0,0.0,0.0,0.0,0.0,0.0,0.0,0.0,0.0,0.0,0.0,0.0,0.0,0.0,0.0,0.0,0.0,0.0,0.0,0.0,0.0,0.0,0.0,0.0,0.0,0.0,0.0,0.0,0.0,0.0,0.0,0.0,0.0,0.0,0.0,0.0,0.0,0.0,0.0,0.0,0.0,0.0,0.0,0.0,0.0,0.0,0.0,0.0,0.0,0.0,0.0,0.0,0.0,0.0,0.0,0.0,0.0,0.0,0.0,0.0,0.0,0.0,0.0,0.0,0.0,0.0,0.0,0.0,0.0,0.0,0.0,0.0,0.0,0.0,0.0,0.0,0.0,0.0,0.0,0.0,0.0,0.0,0.0,0.0,0.0,0.0,0.0,0.0,0.0,0.0,0.0,0.0,0.0,0.0,0.0,0.0,0.0,0.0,0.0,0.0,0.0,0.0,0.0,0.0,0.0,0.0,0.0,0.0,0.0,0.0,0.0,0.0,0.0,0.0,0.0,0.0,0.0,0,0,0,0,0,0,0,0,C1=CCCC=C1,murcko,train,0,1,0,0,0,0,0,0,0,0,0,0,0,0,0,0,0,0,0,0,0,0,0,0,0,0,0,1,0,0,0,1,0,1,0,1,0,0,0,0,0,0,0,0,0,0,1,0,0,0,0,0,0,0,0,0,0,0,0,1,0,0,0,0,0,0,0,0,0,0,0,0,0,0,0,0,0,0,0,0,0,1,0,0,0,0,1,0,0,0,0,0,0,0,0,0,0,0,0,0,1,0,0,1,0,0,0,0,0,0,0,0,0,0,0,0,0,0,0,0,0,0,0,0,0,0,0,0,0,0,0,0,0,0,0,0,0,0,0,0,0,0,0,1,0,0,0,0,0,0,0,0,0,0,0,0,0,0,1,0,0,0,1,0,0,0,0,0,0,0,0,0,0,0,0,0,0,0,0,0,0,0,0,0,0,0,1,0,1,0,0,0,0,0,0,0,0,0,0,0,0,1,0,0,0,0,0,0,0,0,0,0,0,0,0,0,0,0,0,0,0,0,0,1,0,0,0,0,0,0,0,1,0,0,0,0,0,0,0,0,0,0,0,0,0,1,0,0,0,0,0,1,0,1,0,0,-0.017238881312243114,-0.08101334941193364,-0.05305369497556049,0.06377446809969052,0.08101334941193364,0.0,-0.530536949755605,2.3333333333333335,0.7812037037037035,2.3333333333333335,0.7812037037037035,1.55212962962963,1.5572685185185184,0.776064814814815,0.6442760842331323,1.5624244215655727,0.0,0.0,0.0,11.835812092322787,11.993926152995277,0.0,0.0,38.999271919573516,0.0,0.0,0.0,63.63869283950127,62.82901016489158,7.560477932315068,7.093858127134677,4.698377302757663,4.048547388496604,7.585485232067512,3.0462804076265617,1.7285097165599768,56.0,0.0,-0.017238881312243114,-0.08101334941193364,0.08101334941193364,0.017238881312243114,0.0,3.1648000000000023,45.84200000000003,0.0,0.44
9440,CCCCCCCCCCCCCCCCCC(=O)OCC(COCC(COC(=O)CCCCCCCCCCCCCCCCC)(COC(=O)CCCCCCCCCCCCCCCCC)COC(=O)CCCCCCCCCCCCCCCCC)(COC(=O)CCCCCCCCCCCCCCCCC)COC(=O)CCCCCCCCCCCCCCCCC,0,9440,CCCCCCCCCCCCCCCCCC(=O)OCC(COCC(COC(=O)CCCCCCCCCCCCCCCCC)(COC(=O)CCCCCCCCCCCCCCCCC)COC(=O)CCCCCCCCCCCCCCCCC)(COC(=O)CCCCCCCCCCCCCCCCC)COC(=O)CCCCCCCCCCCCCCCCC,9440,CCCCCCCCCCCCCCCCCC(=O)OCC(COCC(COC(=O)CCCCCCCCCCCCCCCCC)(COC(=O)CCCCCCCCCCCCCCCCC)COC(=O)CCCCCCCCCCCCCCCCC)(COC(=O)CCCCCCCCCCCCCCCCC)COC(=O)CCCCCCCCCCCCCCCCC,CCCCCCCCCCCCCCCCCC(=O)OCC(COCC(COC(=O)CCCCCCCCCCCCCCCCC)(COC(=O)CCCCCCCCCCCCCCCCC)COC(=O)CCCCCCCCCCCCCCCCC)(COC(=O)CCCCCCCCCCCCCCCCC)COC(=O)CCCCCCCCCCCCCCCCC,CCCCCCCCCCCCCCCCCC(=O)OCC(COCC(COC(=O)CCCCCCCCCCCCCCCCC)(COC(=O)CCCCCCCCCCCCCCCCC)COC(=O)CCCCCCCCCCCCCCCCC)(COC(=O)CCCCCCCCCCCCCCCCC)COC(=O)CCCCCCCCCCCCCCCCC,CCCCCCCCCCCCCCCCCC(=O)OCC(COCC(COC(=O)CCCCCCCCCCCCCCCCC)(COC(=O)CCCCCCCCCCCCCCCCC)COC(=O)CCCCCCCCCCCCCCCCC)(COC(=O)CCCCCCCCCCCCCCCCC)COC(=O)CCCCCCCCCCCCCCCCC,9440.0,1.0,0.0,0.0,0.0,0.0,0.0,0.0,,1853.0930000000003,37.80399999999999,167.03,0.0,13.0,112.0,0.0,0.0,13.0,0.9491525423728814,131.0,0.0,0.0,0.0,0.0,0.0,0.0,0.0,0.0,0.0,0.0,0.0,0.0,0.0,0.0,0.0,0.0,0.0,0.0,0.0,0.0,0.0,0.0,0.0,0.0,0.0,0.0,0.0,0.0,0.0,0.0,0.0,0.0,0.0,0.0,7.0,1.0,0.0,0.0,0.0,0.0,0.0,0.0,0.0,0.0,6.0,1.0,0.0,0.0,0.0,0.0,0.0,0.0,0.0,0.0,0.0,0.0,0.0,0.0,0.0,0.0,0.0,0.0,0.0,0.0,0.0,0.0,0.0,0.0,0.0,0.0,0.0,0.0,0.0,0.0,0.0,0.0,0.0,0.0,0.0,0.0,0.0,0.0,0.0,0.0,0.0,0.0,0.0,0.0,0.0,0.0,0.0,0.0,0.0,0.0,0.0,0.0,0.0,0.0,0.0,0.0,0.0,0.0,0.0,0.0,0.0,0.0,0.0,0.0,0.0,0.0,0.0,0.0,0.0,0.0,0.0,0.0,0.0,0.0,0.0,0.0,0.0,0.0,0.0,0.0,0.0,0.0,0.0,0.0,0.0,0.0,0.0,0.0,0.0,0.0,0.0,0.0,0.0,0.0,0.0,0.0,0.0,0.0,0.0,0.0,0.0,0.0,0.0,0.0,0.0,0.0,0.0,0.0,0.0,0.0,0.0,0.0,0.0,0.0,0.0,0.0,0.0,0.0,0.0,0.0,0.0,0.0,0.0,0.0,0.0,0.0,0.0,0.0,0.0,0.0,0.0,0.0,0.0,0.0,0.0,0.0,0.0,0.0,0.0,0.0,0.0,0.0,0.0,0.0,0.0,0.0,0.0,0.0,0.0,0.0,0.0,0.0,0.0,0.0,0.0,0.0,0.0,0.0,0.0,0.0,0.0,0.0,0.0,0.0,0.0,0.0,0.0,0.0,0.0,0.0,0.0,0.0,0.0,0.0,0.0,0.0,0.0,0.0,0.0,0.0,0.0,0.0,0.0,0.0,0.0,0.0,0.0,0.0,0.0,0.0,0.0,0.0,0.0,0.0,6.0,1.0,0.0,0.0,0.0,0.0,0.0,0.0,0.0,0.0,0.0,0.0,0.0,0.0,0.0,0.0,0.0,0.0,1.0,1.0,0.0,0.0,1.0,1.0,0,0,0,0,0,1,0,0,ACY_******************(*)***(****(***(*)*****************)(***(*)*****************)***(*)*****************)(***(*)*****************)***(*)*****************,acyclic_anonymous_graph,train,0,0,0,0,0,0,0,0,0,0,0,0,0,0,0,0,0,0,0,0,0,0,0,0,1,0,1,0,1,0,0,0,0,1,0,0,0,0,1,1,0,0,0,0,0,0,0,0,0,0,0,0,0,0,0,0,0,0,0,0,0,0,0,0,0,0,0,0,0,0,0,0,0,0,0,0,0,0,0,1,1,0,0,0,0,0,0,0,0,0,0,0,0,0,0,0,0,0,0,0,0,0,1,0,1,0,1,0,0,0,0,0,0,0,1,0,0,0,0,1,0,0,0,0,0,1,0,0,0,0,0,0,0,0,0,0,0,0,1,0,0,0,0,0,0,0,0,1,0,0,0,0,1,0,0,0,0,0,0,0,0,0,0,0,1,1,0,0,0,0,0,0,0,0,0,0,0,0,0,0,0,0,0,1,0,0,0,0,0,0,0,0,0,0,0,0,0,0,0,0,1,1,0,0,0,1,0,0,0,0,0,0,0,0,0,0,0,0,0,0,0,0,0,0,0,0,0,0,0,0,0,1,0,0,0,0,0,0,0,0,0,0,0,1,0,0,0,0,0,0,0,0,0,0,0,0,0.3053037326182903,-0.46470705601693196,-0.051666067618293204,0.7700107886352223,0.46470705601693196,3.055346760319754,-9.823601618316165,14.16179420940441,0.2155949218530384,14.16179420940441,-1.3704748023324793,13.946199287551373,7.188694565628724,6.9730996437756865,0.07170412378178317,3.7054776353316607,10.82998093879356,127.19581718137053,38.524929737556064,115.57478921266822,423.77422711311607,0.0,0.0,41.54242319814374,33.15804067660034,28.76722310443093,0.0,814.201427619044,819.3674311626794,94.95295432684466,88.84633301943124,64.43414891256955,58.951278974966776,127.78,105.65780092346715,96.82911327841926,776.0,0.0,0.3053037326182903,-0.46470705601693196,0.46470705601693196,0.3053037326182903,167.03,37.80399999999999,558.7150000000028,0.0,24.079661016949153
6215,CCCc1ccc(-c2ccc(-c3cc(F)c(C(F)(F)Oc4cc(F)c(F)c(F)c4)c(F)c3)c(F)c2)cc1,0,6215,CCCc1ccc(-c2ccc(-c3cc(F)c(C(F)(F)Oc4cc(F)c(F)c(F)c4)c(F)c3)c(F)c2)cc1,6215,CCCc1ccc(-c2ccc(-c3cc(F)c(C(F)(F)Oc4cc(F)c(F)c(F)c4)c(F)c3)c(F)c2)cc1,CCCc1ccc(-c2ccc(-c3cc(F)c(C(F)(F)Oc4cc(F)c(F)c(F)c4)c(F)c3)c(F)c2)cc1,CCCc1ccc(-c2ccc(-c3cc(F)c(C(F)(F)Oc4cc(F)c(F)c(F)c4)c(F)c3)c(F)c2)cc1,CCCc1ccc(-c2ccc(-c3cc(F)c(C(F)(F)Oc4cc(F)c(F)c(F)c4)c(F)c3)c(F)c2)cc1,6215.0,1.0,0.0,0.0,0.0,0.0,0.0,0.0,c1ccc(OCc2ccc(-c3ccc(-c4ccccc4)cc3)cc2)cc1,522.4350000000002,8.936,9.23,0.0,1.0,7.0,4.0,4.0,9.0,0.1428571428571428,37.0,0.0,0.0,0.0,0.0,0.0,0.0,0.0,0.0,0.0,0.0,0.0,0.0,0.0,0.0,0.0,0.0,0.0,0.0,0.0,0.0,0.0,0.0,0.0,0.0,0.0,0.0,0.0,0.0,0.0,0.0,0.0,0.0,0.0,0.0,1.0,1.0,0.0,0.0,0.0,0.0,0.0,0.0,0.0,0.0,0.0,0.0,0.0,0.0,0.0,0.0,0.0,0.0,0.0,0.0,4.0,1.0,48.0,1.0,0.0,0.0,0.0,0.0,8.0,1.0,8.0,1.0,0.0,0.0,0.0,0.0,0.0,0.0,0.0,0.0,0.0,0.0,0.0,0.0,0.0,0.0,0.0,0.0,0.0,0.0,0.0,0.0,0.0,0.0,0.0,0.0,0.0,0.0,0.0,0.0,0.0,0.0,0.0,0.0,0.0,0.0,0.0,0.0,0.0,0.0,0.0,0.0,0.0,0.0,0.0,0.0,0.0,0.0,0.0,0.0,0.0,0.0,0.0,0.0,0.0,0.0,0.0,0.0,0.0,0.0,0.0,0.0,0.0,0.0,0.0,0.0,0.0,0.0,0.0,0.0,0.0,0.0,0.0,0.0,0.0,0.0,2.0,1.0,0.0,0.0,0.0,0.0,0.0,0.0,0.0,0.0,0.0,0.0,0.0,0.0,0.0,0.0,0.0,0.0,0.0,0.0,0.0,0.0,0.0,0.0,0.0,0.0,0.0,0.0,0.0,0.0,0.0,0.0,0.0,0.0,0.0,0.0,0.0,0.0,0.0,0.0,0.0,0.0,0.0,0.0,0.0,0.0,0.0,0.0,0.0,0.0,0.0,0.0,0.0,0.0,0.0,0.0,0.0,0.0,0.0,0.0,0.0,0.0,0.0,0.0,6.0,1.0,0.0,0.0,0.0,0.0,0.0,0.0,0.0,0.0,0.0,0.0,0.0,0.0,0.0,0.0,0.0,0.0,0.0,0.0,0.0,0.0,0.0,0.0,0.0,0.0,0.0,0.0,0.0,0.0,0.0,0.0,0.0,0.0,0.0,0.0,0.0,0.0,0.0,0.0,0.0,0.0,0.0,0.0,0.0,0.0,0.0,0.0,0.0,0.0,0.0,0.0,1.0,2.0,1.0,1.0,1.0,1.0,0,0,0,0,0,0,0,0,c1ccc(OCc2ccc(-c3ccc(-c4ccccc4)cc3)cc2)cc1,murcko,train,0,0,0,1,0,0,0,0,0,0,0,0,0,0,0,1,0,1,0,0,0,1,0,0,0,0,1,0,0,0,0,0,0,1,0,0,1,0,1,0,0,0,0,0,0,0,0,0,1,0,0,0,0,0,1,1,0,0,0,0,0,1,0,0,0,1,1,0,1,0,0,0,0,0,0,0,0,0,0,0,1,1,0,1,0,0,1,0,0,0,0,0,0,0,0,0,1,0,0,0,1,0,0,0,0,0,0,1,0,1,0,0,0,1,1,0,0,0,0,0,0,0,0,0,0,0,0,0,1,0,1,1,0,0,0,0,1,0,0,0,0,0,0,0,0,0,0,0,0,0,1,0,0,0,0,0,0,0,0,0,0,0,0,0,0,1,0,0,1,0,0,0,1,1,0,0,0,0,0,0,0,0,0,1,0,0,0,1,0,0,1,0,0,0,0,0,0,0,0,0,0,0,0,0,0,0,0,0,0,0,0,0,0,0,1,0,0,0,1,1,0,0,0,0,0,0,0,0,0,1,0,0,0,0,0,0,0,0,0,1,0,0,0,0,0,0,0,0,0,0,0,0,0,0,0,0,0.43196158759907916,-0.42852489982330216,-0.02431766545439512,0.8604864874223813,0.43196158759907916,1.6911121495931356,-2.5908657714057552,14.895800073264432,0.10196531093518413,14.895800073264432,-4.740330432073971,14.793834762329247,7.498882692099809,7.396917381164624,0.06759572592674766,3.801126789185545,52.324877880937755,23.259637120317212,23.259637120317212,24.471461806010623,12.13273413692322,0.0,31.18920547353706,4.736862953800049,0.0,35.123320381398564,0.0,206.5002826481922,206.49773687324168,26.9050484360768,19.197030597996662,17.495239483195263,11.099568507797603,26.190628359510384,10.238499076299556,5.450208368246917,192.0,0.0,0.43196158759907916,-0.42852489982330216,0.43196158759907916,0.42852489982330216,9.23,8.936,122.02100000000004,0.2,1.4571428571428573
2301,COC(=O)Nc1nc2ccccc2[nH]1,1,2301,COC(=O)Nc1nc2ccccc2[nH]1,2301,COC(=O)Nc1nc2ccccc2[nH]1,COC(=O)Nc1nc2ccccc2[nH]1,COC(=O)Nc1nc2ccccc2[nH]1,COC(=O)Nc1nc2ccccc2[nH]1,2301.0,1.0,0.0,0.0,0.0,0.0,0.0,0.0,c1ccc2[nH]cnc2c1,191.19000000000003,1.7411999999999996,67.00999999999999,2.0,3.0,1.0,2.0,2.0,5.0,0.1111111111111111,14.0,0.0,0.0,0.0,0.0,0.0,0.0,0.0,0.0,0.0,0.0,0.0,0.0,0.0,0.0,1.0,1.0,1.0,1.0,0.0,0.0,0.0,0.0,0.0,0.0,0.0,0.0,0.0,0.0,0.0,0.0,0.0,0.0,0.0,0.0,1.0,1.0,0.0,0.0,0.0,0.0,0.0,0.0,0.0,0.0,1.0,1.0,0.0,0.0,0.0,0.0,0.0,0.0,0.0,0.0,1.0,1.0,17.0,1.0,2.0,1.0,0.0,0.0,0.0,0.0,0.0,0.0,0.0,0.0,0.0,0.0,0.0,0.0,0.0,0.0,0.0,0.0,0.0,0.0,0.0,0.0,0.0,0.0,0.0,0.0,0.0,0.0,0.0,0.0,0.0,0.0,0.0,0.0,0.0,0.0,0.0,0.0,0.0,0.0,0.0,0.0,0.0,0.0,0.0,0.0,0.0,0.0,0.0,0.0,0.0,0.0,0.0,0.0,0.0,0.0,0.0,0.0,0.0,0.0,0.0,0.0,0.0,0.0,0.0,0.0,1.0,1.0,0.0,0.0,0.0,0.0,0.0,0.0,0.0,0.0,0.0,0.0,0.0,0.0,0.0,0.0,0.0,0.0,0.0,0.0,0.0,0.0,0.0,0.0,0.0,0.0,0.0,0.0,0.0,0.0,0.0,0.0,0.0,0.0,0.0,0.0,0.0,0.0,1.0,1.0,0.0,0.0,0.0,0.0,0.0,0.0,0.0,0.0,0.0,0.0,0.0,0.0,0.0,0.0,0.0,0.0,0.0,0.0,0.0,0.0,0.0,0.0,0.0,0.0,0.0,0.0,0.0,0.0,0.0,0.0,0.0,0.0,0.0,0.0,0.0,0.0,0.0,0.0,0.0,0.0,0.0,0.0,0.0,0.0,0.0,0.0,0.0,0.0,0.0,0.0,0.0,0.0,0.0,0.0,0.0,0.0,0.0,0.0,0.0,0.0,0.0,0.0,0.0,0.0,0.0,0.0,0.0,0.0,1.0,1.0,1.0,1.0,0.0,0.0,0.0,0.0,0.0,0.0,0.0,0.0,0.0,0.0,0.0,0.0,0.0,0.0,0.0,0.0,0.0,0.0,0.0,0.0,1.0,4.0,1.0,2.0,1.0,2.0,0,0,1,0,0,0,1,0,c1ccc2[nH]cnc2c1,murcko,train,0,0,0,0,0,0,0,0,0,0,0,0,0,0,0,0,1,0,0,0,0,0,1,1,1,0,0,0,0,0,0,0,0,1,0,0,0,0,0,1,0,0,0,0,0,0,0,0,0,0,0,0,0,0,0,0,0,0,0,0,0,0,0,1,1,0,0,0,0,0,0,0,0,1,0,0,0,0,0,0,0,1,0,0,0,0,0,1,0,0,1,0,0,0,0,0,0,0,0,0,1,0,0,0,0,0,0,0,0,0,0,0,0,0,0,0,1,0,0,1,0,0,1,0,0,1,0,0,1,0,0,0,0,0,0,0,0,0,1,0,0,0,0,0,0,0,0,0,0,0,0,0,0,0,0,0,0,0,0,0,0,0,0,0,0,0,0,0,0,0,1,0,0,0,0,1,0,0,0,0,0,0,0,1,0,0,0,0,0,0,0,0,0,0,0,0,0,0,0,0,0,0,0,0,0,0,1,0,0,1,0,0,0,0,1,0,0,0,0,0,0,0,1,0,0,0,0,0,0,0,0,0,0,0,0,0,0,0,0,0,0,0,0,1,0,0,0,1,0,0,0,0,0,0,0,1,0.4131899633669292,-0.4525718571728732,-0.057213078682930095,0.8657618205398023,0.4525718571728732,0.8633789947237918,-1.6643620962848131,10.864683484504914,0.38708333333333367,10.864683484504914,-0.5379109977324259,10.47760015117158,5.625883408919123,5.23880007558579,0.09544170283003044,3.020783736170001,6.093240070938415,0.0,5.948339280986494,11.033401435232523,7.109797541277533,0.0,24.26546827384644,20.021608599700794,0.0,4.794537184071822,0.0,80.09668979514488,79.26639238605402,9.966255326250886,7.573111253186189,6.792024997884274,4.091060445617311,8.55346898338668,3.3706725661083032,1.5168114217727546,72.0,0.0,0.4131899633669292,-0.4525718571728732,0.4525718571728732,0.4131899633669292,67.00999999999999,1.7411999999999996,52.12140000000001,1.1,0.6444444444444445
11071,Nc1ccc(Nc2ccccc2)c(S(=O)(=O)O)c1,0,11071,Nc1ccc(Nc2ccccc2)c(S(=O)(=O)O)c1,11071,Nc1ccc(Nc2ccccc2)c(S(=O)(=O)O)c1,Nc1ccc(Nc2ccccc2)c(S(=O)(=O)O)c1,Nc1ccc(Nc2ccccc2)c(S(=O)(=O)O)c1,Nc1ccc(Nc2ccccc2)c(S(=O)(=O)O)c1,11071.0,1.0,0.0,0.0,0.0,0.0,0.0,0.0,c1ccc(Nc2ccccc2)cc1,264.306,2.2591,92.42,3.0,4.0,3.0,2.0,2.0,6.0,0.0,18.0,0.0,0.0,0.0,0.0,0.0,0.0,0.0,0.0,0.0,0.0,0.0,0.0,0.0,0.0,0.0,0.0,3.0,1.0,0.0,0.0,0.0,0.0,0.0,0.0,0.0,0.0,0.0,0.0,0.0,0.0,0.0,0.0,0.0,0.0,0.0,0.0,0.0,0.0,0.0,0.0,0.0,0.0,0.0,0.0,0.0,0.0,0.0,0.0,0.0,0.0,0.0,0.0,0.0,0.0,2.0,1.0,12.0,1.0,0.0,0.0,0.0,0.0,0.0,0.0,0.0,0.0,0.0,0.0,0.0,0.0,0.0,0.0,0.0,0.0,0.0,0.0,1.0,1.0,0.0,0.0,1.0,1.0,0.0,0.0,0.0,0.0,0.0,0.0,0.0,0.0,0.0,0.0,0.0,0.0,0.0,0.0,0.0,0.0,0.0,0.0,0.0,0.0,0.0,0.0,0.0,0.0,0.0,0.0,1.0,1.0,0.0,0.0,3.0,1.0,0.0,0.0,0.0,0.0,0.0,0.0,0.0,0.0,0.0,0.0,0.0,0.0,0.0,0.0,0.0,0.0,0.0,0.0,0.0,0.0,0.0,0.0,0.0,0.0,0.0,0.0,0.0,0.0,0.0,0.0,0.0,0.0,0.0,0.0,0.0,0.0,0.0,0.0,0.0,0.0,0.0,0.0,0.0,0.0,0.0,0.0,0.0,0.0,0.0,0.0,0.0,0.0,0.0,0.0,0.0,0.0,0.0,0.0,0.0,0.0,0.0,0.0,0.0,0.0,0.0,0.0,0.0,0.0,0.0,0.0,0.0,0.0,0.0,0.0,0.0,0.0,0.0,0.0,0.0,0.0,0.0,0.0,0.0,0.0,0.0,0.0,0.0,0.0,0.0,0.0,0.0,0.0,0.0,0.0,0.0,0.0,0.0,0.0,0.0,0.0,0.0,0.0,0.0,0.0,0.0,0.0,0.0,0.0,0.0,0.0,0.0,0.0,0.0,0.0,0.0,0.0,0.0,0.0,0.0,0.0,0.0,0.0,0.0,0.0,0.0,0.0,0.0,0.0,0.0,0.0,0.0,0.0,0.0,0.0,0.0,0.0,0.0,0.0,0.0,0.0,0.0,0.0,1.0,2.0,1.0,2.0,0.0,0.0,1,0,1,0,0,0,0,0,c1ccc(Nc2ccccc2)cc1,murcko,train,0,0,0,0,0,1,0,0,0,0,0,0,0,0,0,0,0,0,0,0,0,0,0,0,0,0,0,0,0,0,0,0,0,0,0,1,0,0,0,1,0,0,0,0,0,0,0,0,0,0,0,1,0,0,0,0,0,0,0,0,0,0,0,0,1,0,0,0,1,0,0,0,0,0,0,0,0,0,0,0,1,1,0,0,0,0,0,0,0,0,0,0,0,0,1,0,0,0,0,0,1,0,0,0,0,0,0,1,0,0,0,0,0,0,1,0,0,0,0,0,1,0,0,0,0,0,0,0,1,0,0,0,0,1,0,1,1,0,1,0,0,0,0,0,1,0,0,1,0,0,0,0,0,0,0,0,0,0,0,0,0,0,0,0,0,0,0,0,0,0,0,0,0,0,0,1,0,1,0,0,0,0,0,0,0,0,0,0,0,0,0,1,0,0,0,0,1,0,0,0,1,0,0,0,0,0,0,0,0,0,0,0,0,0,1,0,0,0,0,0,0,0,0,0,0,0,0,0,0,0,0,0,0,0,0,1,0,0,0,0,0,0,0,0,1,0,0,1,0,0,0,0,0,0,0,0,0.2961708495818593,-0.3986906543008905,-0.06799918654323425,0.6948615038827498,0.3986906543008905,0.5467299692048244,-1.7707153269830407,11.256134101788863,0.24411753590324992,11.256134101788863,-4.318575325963718,11.012016565885613,5.7501258188460564,5.5060082829428065,0.09080988881708767,3.002533344799863,10.118126859033554,16.2702560248849,5.687386274683562,0.0,12.13273413692322,18.19910120538483,18.19910120538483,5.316788604006331,10.286417350852549,8.417796984328938,0.0,105.00688621622237,104.62770864548271,13.173362107437434,9.368110889598182,8.465345060828676,5.157424273230679,12.408053793475524,4.673567375231427,2.7913648688555406,94.0,0.0,0.2961708495818593,-0.3986906543008905,0.3986906543008905,0.2961708495818593,92.42,2.2591,70.39370000000002,2.1,0.6000000000000001
2939,O=C(c1cc(Cl)c(F)c(Cl)c1)C(F)(F)F,1,2939,O=C(c1cc(Cl)c(F)c(Cl)c1)C(F)(F)F,2939,O=C(c1cc(Cl)c(F)c(Cl)c1)C(F)(F)F,O=C(c1cc(Cl)c(F)c(Cl)c1)C(F)(F)F,O=C(c1cc(Cl)c(F)c(Cl)c1)C(F)(F)F,O=C(c1cc(Cl)c(F)c(Cl)c1)C(F)(F)F,2939.0,1.0,0.0,0.0,0.0,0.0,0.0,0.0,c1ccccc1,261.001,3.8775,17.07,0.0,1.0,1.0,1.0,1.0,7.0,0.125,15.0,0.0,0.0,0.0,0.0,0.0,0.0,0.0,0.0,0.0,0.0,0.0,0.0,0.0,0.0,0.0,0.0,0.0,0.0,0.0,0.0,0.0,0.0,0.0,0.0,0.0,0.0,0.0,0.0,0.0,0.0,0.0,0.0,0.0,0.0,0.0,0.0,0.0,0.0,1.0,1.0,0.0,0.0,0.0,0.0,0.0,0.0,0.0,0.0,0.0,0.0,0.0,0.0,0.0,0.0,1.0,1.0,6.0,1.0,0.0,0.0,0.0,0.0,6.0,1.0,4.0,1.0,2.0,1.0,0.0,0.0,0.0,0.0,0.0,0.0,0.0,0.0,0.0,0.0,0.0,0.0,0.0,0.0,0.0,0.0,0.0,0.0,0.0,0.0,0.0,0.0,0.0,0.0,0.0,0.0,0.0,0.0,0.0,0.0,0.0,0.0,0.0,0.0,0.0,0.0,0.0,0.0,0.0,0.0,0.0,0.0,0.0,0.0,0.0,0.0,0.0,0.0,0.0,0.0,0.0,0.0,0.0,0.0,0.0,0.0,0.0,0.0,0.0,0.0,0.0,0.0,0.0,0.0,0.0,0.0,0.0,0.0,0.0,0.0,0.0,0.0,3.0,1.0,0.0,0.0,0.0,0.0,0.0,0.0,0.0,0.0,0.0,0.0,0.0,0.0,0.0,0.0,0.0,0.0,0.0,0.0,0.0,0.0,0.0,0.0,0.0,0.0,0.0,0.0,0.0,0.0,0.0,0.0,0.0,0.0,0.0,0.0,0.0,0.0,0.0,0.0,0.0,0.0,0.0,0.0,0.0,0.0,0.0,0.0,0.0,0.0,0.0,0.0,0.0,0.0,0.0,0.0,0.0,0.0,0.0,0.0,0.0,0.0,0.0,0.0,3.0,1.0,0.0,0.0,0.0,0.0,0.0,0.0,0.0,0.0,0.0,0.0,0.0,0.0,0.0,0.0,0.0,0.0,0.0,0.0,0.0,0.0,0.0,0.0,0.0,0.0,0.0,0.0,0.0,0.0,0.0,0.0,0.0,0.0,0.0,0.0,0.0,0.0,0.0,0.0,0.0,0.0,0.0,0.0,0.0,0.0,0.0,0.0,0.0,0.0,0.0,0.0,1.0,2.0,1.0,1.0,1.0,1.0,0,0,0,0,0,0,0,0,c1ccccc1,murcko,train,0,0,0,0,0,0,0,0,0,0,0,0,0,0,0,0,0,0,0,0,0,0,0,0,0,0,0,0,0,0,0,0,0,0,0,0,0,1,0,1,0,0,0,0,0,0,0,0,0,1,0,0,0,0,0,0,0,0,0,0,0,0,0,0,0,0,0,0,0,0,0,0,0,0,0,0,0,0,0,0,0,1,0,0,0,0,0,0,0,0,0,1,0,0,0,0,0,0,0,0,1,0,0,0,0,1,0,1,0,0,1,0,0,0,1,0,0,0,0,0,0,0,0,0,0,1,0,0,0,0,0,0,0,0,0,0,1,0,1,0,0,0,0,0,0,0,0,1,0,0,0,0,0,0,0,0,0,0,0,0,0,0,0,0,0,1,0,0,0,1,0,0,0,1,0,0,0,0,0,0,0,0,0,0,0,0,0,1,0,0,0,0,0,0,0,0,0,0,0,0,0,0,0,0,0,1,0,0,0,0,0,0,0,0,0,0,0,0,0,0,1,0,0,0,0,0,0,0,0,0,0,0,0,0,1,0,0,0,0,0,0,0,0,0,1,0,0,0,0,0,0,0,0,0,0,0,0.45436369186795666,-0.28396264231383495,-0.00862977475923444,0.7383263341817916,0.45436369186795666,1.0677972648528604,-1.197243886241377,12.814274376417234,0.5819367283950618,12.814274376417234,-5.037214978584026,12.232337648022172,6.698105552406148,6.116168824011086,0.08175052298051047,3.6677059840992996,33.38548242403396,0.0,12.13273413692322,0.0,0.0,0.0,0.0,0.0,23.20187978046503,22.3561973747711,0.0,91.59148351380223,91.0762937161933,11.800964908321225,6.830735666898477,6.7310693732087685,3.4927181026388645,12.26047216349542,3.980499762284875,2.6028469601650714,82.0,0.0,0.45436369186795666,-0.28396264231383495,0.45436369186795666,0.28396264231383495,17.07,3.8775000000000004,46.8055,0.2,0.25
10910,CNC(=O)c1cc(C#N)cc(C)c1N,0,10910,CNC(=O)c1cc(C#N)cc(C)c1N,10910,CNC(=O)c1cc(C#N)cc(C)c1N,CNC(=O)c1cc(C#N)cc(C)c1N,CNC(=O)c1cc(C#N)cc(C)c1N,CNC(=O)c1cc(C#N)cc(C)c1N,10910.0,1.0,0.0,0.0,0.0,0.0,0.0,0.0,c1ccccc1,189.218,0.8085000000000002,78.91,2.0,3.0,1.0,1.0,1.0,4.0,0.2,14.0,0.0,0.0,0.0,0.0,0.0,0.0,0.0,0.0,0.0,0.0,1.0,1.0,0.0,0.0,0.0,0.0,1.0,1.0,0.0,0.0,1.0,1.0,0.0,0.0,0.0,0.0,0.0,0.0,0.0,0.0,0.0,0.0,0.0,0.0,0.0,0.0,0.0,0.0,0.0,0.0,0.0,0.0,0.0,0.0,0.0,0.0,0.0,0.0,0.0,0.0,0.0,0.0,0.0,0.0,1.0,1.0,6.0,1.0,0.0,0.0,0.0,0.0,0.0,0.0,0.0,0.0,0.0,0.0,0.0,0.0,0.0,0.0,0.0,0.0,0.0,0.0,0.0,0.0,0.0,0.0,0.0,0.0,0.0,0.0,0.0,0.0,0.0,0.0,0.0,0.0,0.0,0.0,0.0,0.0,0.0,0.0,0.0,0.0,0.0,0.0,0.0,0.0,0.0,0.0,0.0,0.0,0.0,0.0,1.0,1.0,0.0,0.0,1.0,1.0,0.0,0.0,0.0,0.0,0.0,0.0,0.0,0.0,0.0,0.0,0.0,0.0,0.0,0.0,0.0,0.0,0.0,0.0,0.0,0.0,0.0,0.0,0.0,0.0,0.0,0.0,0.0,0.0,0.0,0.0,0.0,0.0,0.0,0.0,0.0,0.0,0.0,0.0,0.0,0.0,0.0,0.0,0.0,0.0,0.0,0.0,0.0,0.0,0.0,0.0,0.0,0.0,0.0,0.0,0.0,0.0,0.0,0.0,0.0,0.0,0.0,0.0,0.0,0.0,0.0,0.0,0.0,0.0,0.0,0.0,0.0,0.0,0.0,0.0,0.0,0.0,0.0,0.0,0.0,0.0,0.0,0.0,0.0,0.0,0.0,0.0,0.0,0.0,0.0,0.0,0.0,0.0,0.0,0.0,0.0,0.0,0.0,0.0,0.0,0.0,0.0,0.0,0.0,0.0,0.0,0.0,0.0,0.0,0.0,0.0,0.0,0.0,0.0,0.0,0.0,0.0,0.0,0.0,0.0,0.0,0.0,0.0,0.0,0.0,0.0,0.0,0.0,0.0,0.0,0.0,0.0,0.0,0.0,0.0,0.0,0.0,0.0,0.0,0.0,0.0,0.0,0.0,1.0,2.0,1.0,2.0,0.0,0.0,1,0,1,0,0,0,0,0,c1ccccc1,murcko,train,0,0,0,0,0,0,0,1,0,0,0,0,0,0,0,0,0,0,0,1,0,0,1,1,0,0,0,0,0,0,0,0,0,1,0,0,0,0,0,1,0,0,0,0,0,1,0,0,0,1,0,0,0,0,0,0,0,0,0,0,0,0,0,0,0,0,0,0,0,0,0,0,0,0,0,0,0,0,0,0,0,1,0,0,0,0,0,1,0,1,0,0,0,1,0,0,0,0,0,0,1,0,1,0,1,0,0,1,0,0,0,1,1,0,0,0,0,0,0,0,0,0,0,0,0,1,0,0,1,0,0,0,0,0,0,0,0,0,1,0,0,0,0,0,0,0,0,1,0,0,1,0,0,0,0,0,0,0,0,0,0,0,1,0,0,0,0,0,0,0,0,0,0,0,0,0,0,1,0,0,0,0,0,0,0,0,1,0,0,0,0,0,0,1,0,0,0,0,0,1,0,0,0,0,0,0,0,0,0,0,0,0,0,0,0,0,0,0,0,0,0,0,0,0,0,0,0,0,0,0,1,0,0,0,0,0,0,0,0,1,0,0,0,0,0,0,0,0,0,0,0,0,0,0,0,0,0.25266975950950327,-0.3978642742404627,-0.05889607917074662,0.650534033749966,0.3978642742404627,0.5225256701100627,-1.3470707785005152,11.35411186696901,0.27527777777777795,11.35411186696901,-0.27527777777777795,11.078834089191233,5.814694822373394,5.539417044595616,0.0902622055668857,3.0518261763954415,0.0,5.907179729351506,16.814289258077554,5.563451491696996,13.1140390511388,12.990104268152233,6.069221312792274,5.316788604006331,10.995559031900672,4.794537184071822,0.0,82.33502623921663,81.5651699311882,10.71517847069432,8.0875126935327,6.59575411272515,4.121106615955975,10.06347245409015,3.793045486895829,1.6658191043060901,72.0,0.0,0.25266975950950327,-0.3978642742404627,0.3978642742404627,0.25266975950950327,78.91,0.8085000000000002,53.69660000000001,2.1,0.28
7163,Cc1cc(C)cc(N2C(=O)c3ccc4c5ccc6c7c(ccc(c8ccc(c3c48)C2=O)c75)C(=O)N(c2cc(C)cc(C)c2)C6=O)c1,0,7163,Cc1cc(C)cc(N2C(=O)c3ccc4c5ccc6c7c(ccc(c8ccc(c3c48)C2=O)c75)C(=O)N(c2cc(C)cc(C)c2)C6=O)c1,7163,Cc1cc(C)cc(N2C(=O)c3ccc4c5ccc6c7c(ccc(c8ccc(c3c48)C2=O)c75)C(=O)N(c2cc(C)cc(C)c2)C6=O)c1,Cc1cc(C)cc(N2C(=O)c3ccc4c5ccc6c7c(ccc(c8ccc(c3c48)C2=O)c75)C(=O)N(c2cc(C)cc(C)c2)C6=O)c1,Cc1cc(C)cc(N2C(=O)c3ccc4c5ccc6c7c(ccc(c8ccc(c3c48)C2=O)c75)C(=O)N(c2cc(C)cc(C)c2)C6=O)c1,Cc1cc(C)cc(N2C(=O)c3ccc4c5ccc6c7c(ccc(c8ccc(c3c48)C2=O)c75)C(=O)N(c2cc(C)cc(C)c2)C6=O)c1,7163.0,1.0,0.0,0.0,0.0,0.0,0.0,0.0,O=C1c2ccc3c4ccc5c6c(ccc(c7ccc(c2c37)C(=O)N1c1ccccc1)c64)C(=O)N(c1ccccc1)C5=O,598.6580000000004,8.572080000000003,74.76,0.0,4.0,2.0,9.0,7.0,6.0,0.1,46.0,0.0,0.0,0.0,0.0,0.0,0.0,0.0,0.0,0.0,0.0,4.0,1.0,0.0,0.0,0.0,0.0,2.0,1.0,0.0,0.0,0.0,0.0,0.0,0.0,0.0,0.0,0.0,0.0,0.0,0.0,0.0,0.0,0.0,0.0,0.0,0.0,0.0,0.0,0.0,0.0,0.0,0.0,0.0,0.0,0.0,0.0,0.0,0.0,0.0,0.0,0.0,0.0,0.0,0.0,7.0,1.0,98.0,1.0,12.0,1.0,0.0,0.0,0.0,0.0,0.0,0.0,0.0,0.0,0.0,0.0,0.0,0.0,0.0,0.0,0.0,0.0,0.0,0.0,0.0,0.0,0.0,0.0,0.0,0.0,0.0,0.0,0.0,0.0,0.0,0.0,0.0,0.0,0.0,0.0,0.0,0.0,0.0,0.0,0.0,0.0,0.0,0.0,0.0,0.0,0.0,0.0,0.0,0.0,0.0,0.0,0.0,0.0,0.0,0.0,0.0,0.0,0.0,0.0,0.0,0.0,0.0,0.0,0.0,0.0,0.0,0.0,0.0,0.0,0.0,0.0,0.0,0.0,0.0,0.0,0.0,0.0,0.0,0.0,0.0,0.0,0.0,0.0,0.0,0.0,0.0,0.0,0.0,0.0,0.0,0.0,0.0,0.0,0.0,0.0,0.0,0.0,0.0,0.0,0.0,0.0,0.0,0.0,0.0,0.0,0.0,0.0,0.0,0.0,0.0,0.0,0.0,0.0,0.0,0.0,0.0,0.0,0.0,0.0,0.0,0.0,0.0,0.0,0.0,0.0,0.0,0.0,0.0,0.0,0.0,0.0,0.0,0.0,0.0,0.0,0.0,0.0,0.0,0.0,2.0,1.0,0.0,0.0,0.0,0.0,0.0,0.0,0.0,0.0,0.0,0.0,0.0,0.0,0.0,0.0,0.0,0.0,0.0,0.0,0.0,0.0,0.0,0.0,0.0,0.0,0.0,0.0,0.0,0.0,0.0,0.0,0.0,0.0,0.0,0.0,0.0,0.0,0.0,0.0,0.0,0.0,0.0,0.0,0.0,0.0,0.0,0.0,0.0,0.0,0.0,0.0,0.0,0.0,0.0,0.0,0.0,0.0,1.0,1.0,1.0,1.0,0.0,0.0,0,0,1,0,0,0,0,0,O=C1c2ccc3c4ccc5c6c(ccc(c7ccc(c2c37)C(=O)N1c1ccccc1)c64)C(=O)N(c1ccccc1)C5=O,murcko,train,0,0,0,0,0,0,0,0,0,0,0,0,0,0,0,0,0,0,0,0,0,0,0,0,0,0,0,0,0,0,0,1,0,1,0,0,0,0,0,0,0,0,0,0,0,0,0,0,0,0,0,1,0,0,1,0,0,0,1,0,0,0,0,0,0,0,0,0,0,0,0,0,0,0,0,0,0,1,0,0,0,1,0,0,0,0,0,0,0,0,0,0,0,0,0,0,1,0,0,0,1,0,0,0,0,0,0,1,0,0,0,1,0,0,0,0,0,1,0,0,1,0,0,0,0,0,0,0,0,0,1,0,0,0,0,0,0,0,1,0,0,0,0,0,0,1,0,0,0,0,1,0,0,0,0,0,0,0,0,0,1,1,0,0,0,0,0,1,1,0,0,0,0,0,0,0,0,0,0,0,0,0,0,0,0,0,1,0,0,0,0,0,1,0,0,0,0,1,0,0,0,0,0,0,0,0,0,0,0,0,0,0,0,0,1,0,0,0,0,1,0,0,0,0,0,0,0,0,0,0,0,0,0,1,0,0,0,0,0,0,0,0,0,0,0,0,0,0,0,0,0,0,0,0,0,0,0.2654862597028651,-0.26816981632499,-0.026627233502543382,0.533656076027855,0.26816981632499,1.380991174587212,-2.605843915704208,14.024986624458004,0.3565611581133552,14.024986624458004,-0.35656115811335565,13.66842546634465,7.190773891285679,6.834212733172325,0.07316131638294913,3.7829689515381957,0.0,23.628718917406022,44.4010269450847,54.57115125357676,9.799819461700956,24.26546827384644,88.3586194833786,0.0,0.0,19.178148736287287,0.0,263.3249048873976,264.2029530712807,31.755901397162685,25.610324121510132,22.117101296127597,15.264973392657192,26.51596146790132,8.855697003670732,3.3021812179742334,220.0,0.0,0.2654862597028651,-0.26816981632499,0.26816981632499,0.2654862597028651,74.76,8.572080000000003,181.76399999999967,0.8999999999999999,0.44000000000000006
11586,Cc1ccccc1C,0,11586,Cc1ccccc1C,11586,Cc1ccccc1C,Cc1ccccc1C,Cc1ccccc1C,Cc1ccccc1C,11586.0,1.0,0.0,0.0,0.0,0.0,0.0,0.0,c1ccccc1,106.168,2.30344,0.0,0.0,0.0,0.0,1.0,1.0,0.0,0.25,8.0,0.0,0.0,0.0,0.0,0.0,0.0,0.0,0.0,0.0,0.0,0.0,0.0,0.0,0.0,0.0,0.0,0.0,0.0,0.0,0.0,0.0,0.0,0.0,0.0,0.0,0.0,0.0,0.0,0.0,0.0,0.0,0.0,0.0,0.0,0.0,0.0,0.0,0.0,0.0,0.0,0.0,0.0,0.0,0.0,0.0,0.0,0.0,0.0,0.0,0.0,0.0,0.0,0.0,0.0,1.0,1.0,6.0,1.0,0.0,0.0,0.0,0.0,0.0,0.0,0.0,0.0,0.0,0.0,0.0,0.0,0.0,0.0,0.0,0.0,0.0,0.0,0.0,0.0,0.0,0.0,0.0,0.0,0.0,0.0,0.0,0.0,0.0,0.0,0.0,0.0,0.0,0.0,0.0,0.0,0.0,0.0,0.0,0.0,0.0,0.0,0.0,0.0,0.0,0.0,0.0,0.0,0.0,0.0,0.0,0.0,0.0,0.0,0.0,0.0,0.0,0.0,0.0,0.0,0.0,0.0,0.0,0.0,0.0,0.0,0.0,0.0,0.0,0.0,0.0,0.0,0.0,0.0,0.0,0.0,0.0,0.0,0.0,0.0,0.0,0.0,0.0,0.0,0.0,0.0,0.0,0.0,0.0,0.0,0.0,0.0,0.0,0.0,0.0,0.0,0.0,0.0,0.0,0.0,0.0,0.0,0.0,0.0,0.0,0.0,0.0,0.0,0.0,0.0,0.0,0.0,0.0,0.0,0.0,0.0,0.0,0.0,0.0,0.0,0.0,0.0,0.0,0.0,0.0,0.0,0.0,0.0,0.0,0.0,0.0,0.0,0.0,0.0,0.0,0.0,0.0,0.0,0.0,0.0,0.0,0.0,0.0,0.0,0.0,0.0,0.0,0.0,0.0,0.0,0.0,0.0,0.0,0.0,0.0,0.0,0.0,0.0,0.0,0.0,0.0,0.0,0.0,0.0,0.0,0.0,0.0,0.0,0.0,0.0,0.0,0.0,0.0,0.0,0.0,0.0,0.0,0.0,0.0,0.0,0.0,0.0,0.0,0.0,0.0,0.0,0.0,0.0,0.0,0.0,0.0,0.0,0.0,0.0,0.0,0.0,0.0,0.0,0.0,0.0,0.0,0.0,0.0,0.0,0,0,0,0,0,0,0,0,c1ccccc1,murcko,train,0,0,0,0,0,0,0,0,0,0,0,0,0,0,0,0,0,0,0,0,0,0,0,0,0,0,0,0,0,0,0,0,0,1,0,0,0,0,0,0,0,0,0,0,0,0,0,0,0,0,0,0,0,0,0,0,0,0,0,0,0,0,0,0,1,0,0,0,0,0,0,0,0,0,0,0,0,0,0,0,0,1,0,0,0,0,0,0,0,0,0,0,0,0,0,0,0,0,0,0,1,0,0,0,0,0,0,0,0,0,0,1,0,0,0,0,0,0,0,0,0,0,0,0,0,0,0,0,0,0,0,0,0,0,0,0,0,0,0,0,0,0,0,0,0,0,0,0,0,0,0,0,0,0,0,0,0,0,0,0,0,0,0,0,0,0,0,0,0,0,0,0,0,0,0,1,0,0,0,0,0,0,0,0,0,0,1,0,0,0,0,0,0,0,0,0,0,0,0,0,0,0,0,0,0,0,0,1,0,0,0,0,0,0,1,0,0,0,0,0,0,0,0,0,0,0,0,0,0,0,0,0,0,0,0,0,0,0,0,0,0,0,0,0,0,0,0,1,0,0,0,0,0,0,0,0,-0.039511492179969666,-0.06198519188632999,-0.05219056975311136,0.022473699706360324,0.06198519188632999,0.0,-0.41752455802489086,2.1203703703703702,1.3680555555555558,2.1203703703703702,1.3680555555555558,0.7523148148148144,1.744212962962963,0.3761574074074072,1.3292307692307699,4.0438906695156716,0.0,0.0,0.0,0.0,11.126902983393991,0.0,0.0,38.112942673227685,0.0,0.0,0.0,50.16128734829018,49.23984565662168,5.983127663125442,5.309401076758503,3.804530452640311,2.827350269189626,5.358504155124653,1.9937447122872558,0.8900073912094391,42.0,0.0,-0.039511492179969666,-0.06198519188632999,0.06198519188632999,0.039511492179969666,0.0,2.30344,35.916,0.0,0.1
5585,CS(=O)(=O)O,1,5585,CS(=O)(=O)O,5585,CS(=O)(=O)O,CS(=O)(=O)O,CS(=O)(=O)O,CS(=O)(=O)O,5585.0,1.0,0.0,0.0,0.0,0.0,0.0,0.0,,96.107,-0.4959999999999998,54.370000000000005,1.0,2.0,0.0,0.0,0.0,4.0,1.0,5.0,0.0,0.0,0.0,0.0,0.0,0.0,0.0,0.0,0.0,0.0,0.0,0.0,0.0,0.0,0.0,0.0,0.0,0.0,0.0,0.0,0.0,0.0,0.0,0.0,0.0,0.0,0.0,0.0,0.0,0.0,0.0,0.0,0.0,0.0,0.0,0.0,0.0,0.0,0.0,0.0,0.0,0.0,0.0,0.0,0.0,0.0,0.0,0.0,0.0,0.0,0.0,0.0,0.0,0.0,0.0,0.0,0.0,0.0,0.0,0.0,0.0,0.0,0.0,0.0,0.0,0.0,0.0,0.0,0.0,0.0,0.0,0.0,0.0,0.0,0.0,0.0,1.0,1.0,0.0,0.0,1.0,1.0,0.0,0.0,0.0,0.0,0.0,0.0,0.0,0.0,0.0,0.0,0.0,0.0,0.0,0.0,0.0,0.0,0.0,0.0,0.0,0.0,0.0,0.0,0.0,0.0,0.0,0.0,0.0,0.0,0.0,0.0,0.0,0.0,0.0,0.0,0.0,0.0,0.0,0.0,0.0,0.0,0.0,0.0,0.0,0.0,0.0,0.0,0.0,0.0,0.0,0.0,0.0,0.0,0.0,0.0,0.0,0.0,0.0,0.0,0.0,0.0,0.0,0.0,0.0,0.0,0.0,0.0,0.0,0.0,0.0,0.0,0.0,0.0,0.0,0.0,0.0,0.0,0.0,0.0,0.0,0.0,0.0,0.0,0.0,0.0,0.0,0.0,0.0,0.0,0.0,0.0,0.0,0.0,0.0,0.0,0.0,0.0,0.0,0.0,0.0,0.0,0.0,0.0,0.0,0.0,0.0,0.0,0.0,0.0,0.0,0.0,0.0,0.0,0.0,0.0,0.0,0.0,0.0,0.0,0.0,0.0,0.0,0.0,0.0,0.0,0.0,0.0,0.0,0.0,0.0,0.0,0.0,0.0,0.0,0.0,0.0,0.0,0.0,0.0,0.0,0.0,0.0,0.0,0.0,0.0,0.0,0.0,0.0,0.0,0.0,0.0,0.0,0.0,0.0,0.0,0.0,0.0,0.0,0.0,0.0,0.0,0.0,0.0,0.0,0.0,0.0,0.0,0.0,0.0,0.0,0.0,0.0,0.0,0.0,0.0,0.0,0.0,0.0,0.0,0.0,0.0,0,0,0,0,0,0,0,0,ACY_**(*)(*)*,acyclic_anonymous_graph,train,0,0,0,0,0,0,0,0,0,0,0,0,0,0,0,0,0,0,0,0,0,0,0,0,0,0,0,0,0,0,0,0,0,1,0,0,0,0,0,1,0,0,0,0,0,0,0,0,0,0,0,0,0,0,0,0,0,0,0,0,0,0,0,0,0,0,0,0,0,0,0,0,0,0,0,0,0,0,0,0,1,0,0,0,0,0,0,0,0,0,0,0,0,0,1,0,0,0,0,0,0,0,0,0,0,0,0,0,0,0,0,0,0,0,0,0,0,0,0,0,0,0,0,0,0,0,0,0,1,0,0,0,0,0,0,0,0,0,1,0,0,0,0,0,0,0,0,0,0,0,0,0,0,0,0,0,0,0,0,0,0,0,0,0,0,0,0,0,0,0,0,0,0,0,0,0,0,0,0,0,1,0,0,0,0,0,0,0,0,0,0,0,0,0,0,0,1,0,0,0,0,0,0,0,0,0,0,0,0,0,0,0,0,0,0,0,0,0,0,0,0,0,0,0,0,0,0,0,0,0,0,0,0,0,0,0,0,0,0,0,0,0,0,0,0,0,0,0,0,0,0,0,0,0,0,0,0.26142732314937295,-0.2857532468052594,-0.0720088159746318,0.5471805699546324,0.2857532468052594,0.3255819854543672,-0.6856260653275261,9.1875,0.7152777777777777,9.1875,-3.6666666666666665,8.472222222222221,4.951388888888889,4.236111111111111,0.11803278688524592,2.8937215391621134,10.118126859033554,0.0,6.255769183511404,0.0,0.0,0.0,0.0,0.0,4.552749873690364,8.417796984328938,0.0,30.367887037870172,29.34444290056426,4.5,2.6719584668915473,2.0,0.9241558096322519,4.909999999999999,0.9479551135045996,1760.9964197530846,32.0,0.0,0.26142732314937295,-0.2857532468052594,0.2857532468052594,0.26142732314937295,54.370000000000005,-0.49599999999999983,17.472600000000003,0.0,0.4
2101,Nc1cc(Cl)c(OC(F)(F)C(F)C(F)(F)F)cc1Cl,0,2101,Nc1cc(Cl)c(OC(F)(F)C(F)C(F)(F)F)cc1Cl,2101,Nc1cc(Cl)c(OC(F)(F)C(F)C(F)(F)F)cc1Cl,Nc1cc(Cl)c(OC(F)(F)C(F)C(F)(F)F)cc1Cl,Nc1cc(Cl)c(OC(F)(F)C(F)C(F)(F)F)cc1Cl,Nc1cc(Cl)c(OC(F)(F)C(F)C(F)(F)F)cc1Cl,2101.0,1.0,0.0,0.0,0.0,0.0,0.0,0.0,c1ccccc1,328.039,4.447600000000001,35.25,1.0,2.0,3.0,1.0,1.0,10.0,0.3333333333333333,19.0,0.0,0.0,0.0,0.0,0.0,0.0,0.0,0.0,0.0,0.0,0.0,0.0,0.0,0.0,0.0,0.0,1.0,1.0,0.0,0.0,0.0,0.0,0.0,0.0,0.0,0.0,0.0,0.0,0.0,0.0,0.0,0.0,0.0,0.0,1.0,1.0,0.0,0.0,0.0,0.0,0.0,0.0,0.0,0.0,0.0,0.0,0.0,0.0,0.0,0.0,0.0,0.0,0.0,0.0,1.0,1.0,6.0,1.0,0.0,0.0,0.0,0.0,8.0,1.0,6.0,1.0,2.0,1.0,0.0,0.0,0.0,0.0,0.0,0.0,0.0,0.0,0.0,0.0,0.0,0.0,0.0,0.0,0.0,0.0,0.0,0.0,0.0,0.0,0.0,0.0,0.0,0.0,0.0,0.0,0.0,0.0,0.0,0.0,0.0,0.0,0.0,0.0,0.0,0.0,0.0,0.0,0.0,0.0,1.0,1.0,0.0,0.0,1.0,1.0,0.0,0.0,0.0,0.0,0.0,0.0,0.0,0.0,0.0,0.0,0.0,0.0,0.0,0.0,0.0,0.0,0.0,0.0,0.0,0.0,0.0,0.0,0.0,0.0,0.0,0.0,6.0,1.0,0.0,0.0,0.0,0.0,0.0,0.0,0.0,0.0,0.0,0.0,0.0,0.0,0.0,0.0,0.0,0.0,0.0,0.0,0.0,0.0,0.0,0.0,0.0,0.0,0.0,0.0,0.0,0.0,0.0,0.0,0.0,0.0,0.0,0.0,0.0,0.0,0.0,0.0,0.0,0.0,0.0,0.0,0.0,0.0,0.0,0.0,0.0,0.0,0.0,0.0,0.0,0.0,0.0,0.0,0.0,0.0,0.0,0.0,0.0,0.0,0.0,0.0,2.0,1.0,0.0,0.0,0.0,0.0,0.0,0.0,0.0,0.0,0.0,0.0,0.0,0.0,0.0,0.0,0.0,0.0,0.0,0.0,0.0,0.0,0.0,0.0,0.0,0.0,0.0,0.0,0.0,0.0,0.0,0.0,0.0,0.0,0.0,0.0,0.0,0.0,0.0,0.0,0.0,0.0,0.0,0.0,0.0,0.0,0.0,0.0,0.0,0.0,0.0,0.0,1.0,4.0,1.0,3.0,1.0,1.0,1,0,1,0,0,0,0,0,c1ccccc1,murcko,train,0,1,0,0,0,0,1,0,0,0,0,0,0,0,0,1,0,0,0,0,0,0,0,0,1,0,1,0,0,0,0,0,0,0,0,0,1,0,0,0,0,0,0,0,0,0,0,0,0,1,1,0,0,0,0,0,0,0,0,0,0,0,0,0,0,0,0,0,0,0,0,0,0,0,0,0,0,0,0,0,0,1,0,0,0,0,1,1,0,0,0,0,0,0,0,0,0,0,0,0,1,0,0,0,0,0,0,1,0,0,1,0,0,1,1,0,0,0,0,0,0,0,0,0,0,0,0,0,0,0,0,0,0,0,0,0,1,0,0,0,0,0,1,0,0,0,0,1,0,0,0,0,0,0,1,0,0,0,0,0,0,0,0,0,0,0,0,1,0,0,0,0,0,1,0,0,0,1,1,0,0,0,0,1,0,0,0,0,0,0,0,0,1,0,0,0,0,0,0,0,0,0,0,0,0,0,0,0,0,0,0,0,0,0,0,0,0,0,0,0,0,0,0,0,0,0,0,0,0,0,0,0,0,0,0,0,0,0,0,0,0,0,0,0,0,0,0,0,0,0,0,0,0,0,0,0,0.43881687739858266,-0.42848698246186767,-0.02809290759655851,0.8673038598604503,0.43881687739858266,1.5180620865069145,-2.0518273308415265,12.961016471403376,0.10189551051902157,12.961016471403376,-5.784147848954396,12.859120960884354,6.531455990961199,6.429560480442177,0.07776581331195655,3.3174831694661266,29.22870856966048,10.710019588424888,6.06636706846161,6.06636706846161,0.0,0.0,0.0,4.736862953800049,28.935547257627213,26.34249028604892,0.0,112.57941026052713,112.0863627924848,15.008071689507773,8.741365151296183,8.448212855527386,4.470067778395841,16.035617352614015,5.162909038431587,3.725670077569588,108.0,0.0,0.43881687739858266,-0.42848698246186767,0.43881687739858266,0.42848698246186767,35.25,4.447600000000001,57.4004,2.3,0.7333333333333334
11771,O=[N+]([O-])c1ccc(S(=O)(=O)Cl)cc1,0,11771,O=[N+]([O-])c1ccc(S(=O)(=O)Cl)cc1,11771,O=[N+]([O-])c1ccc(S(=O)(=O)Cl)cc1,O=[N+]([O-])c1ccc(S(=O)(=O)Cl)cc1,O=[N+]([O-])c1ccc(S(=O)(=O)Cl)cc1,O=[N+]([O-])c1ccc(S(=O)(=O)Cl)cc1,11771.0,1.0,0.0,0.0,0.0,0.0,0.0,0.0,c1ccccc1,221.621,1.5223,77.28,0.0,4.0,2.0,1.0,1.0,7.0,0.0,13.0,0.0,1.0,0.0,0.0,0.0,0.0,0.0,0.0,0.0,0.0,0.0,0.0,0.0,0.0,0.0,0.0,1.0,1.0,0.0,0.0,0.0,0.0,0.0,0.0,0.0,0.0,0.0,0.0,0.0,0.0,0.0,0.0,0.0,0.0,0.0,0.0,0.0,0.0,0.0,0.0,0.0,0.0,0.0,0.0,0.0,0.0,0.0,0.0,0.0,0.0,0.0,0.0,0.0,0.0,1.0,1.0,6.0,1.0,0.0,0.0,0.0,0.0,1.0,1.0,0.0,0.0,1.0,1.0,0.0,0.0,0.0,0.0,0.0,0.0,0.0,0.0,1.0,1.0,0.0,0.0,0.0,0.0,0.0,0.0,0.0,0.0,0.0,0.0,0.0,0.0,0.0,0.0,0.0,0.0,0.0,0.0,0.0,0.0,0.0,0.0,0.0,0.0,0.0,0.0,0.0,0.0,0.0,0.0,0.0,0.0,0.0,0.0,0.0,0.0,0.0,0.0,0.0,0.0,1.0,1.0,0.0,0.0,0.0,0.0,0.0,0.0,0.0,0.0,0.0,0.0,0.0,0.0,0.0,0.0,0.0,0.0,0.0,0.0,0.0,0.0,0.0,0.0,0.0,0.0,0.0,0.0,0.0,0.0,0.0,0.0,0.0,0.0,0.0,0.0,0.0,0.0,0.0,0.0,0.0,0.0,0.0,0.0,0.0,0.0,0.0,0.0,0.0,0.0,0.0,0.0,0.0,0.0,0.0,0.0,0.0,0.0,0.0,0.0,0.0,0.0,0.0,0.0,0.0,0.0,0.0,0.0,0.0,0.0,0.0,0.0,0.0,0.0,0.0,0.0,0.0,0.0,0.0,0.0,0.0,0.0,0.0,0.0,0.0,0.0,0.0,0.0,0.0,0.0,0.0,0.0,0.0,0.0,0.0,0.0,0.0,0.0,0.0,0.0,0.0,0.0,0.0,0.0,0.0,0.0,0.0,0.0,0.0,0.0,0.0,0.0,0.0,0.0,0.0,0.0,0.0,0.0,0.0,0.0,0.0,0.0,0.0,0.0,0.0,0.0,0.0,0.0,0.0,0.0,0.0,0.0,0.0,0.0,0.0,0.0,0.0,0.0,1.0,1.0,1.0,1.0,0.0,0.0,0,0,1,0,0,0,0,0,c1ccccc1,murcko,train,0,1,0,0,0,0,0,0,0,0,0,0,0,0,0,0,0,1,0,0,0,0,1,0,0,0,0,0,0,0,0,0,0,0,0,0,0,0,0,0,0,0,0,0,0,0,0,0,0,0,0,0,0,0,0,0,0,0,0,0,0,0,0,1,0,0,0,0,0,0,1,0,0,0,0,0,0,0,0,0,0,1,0,0,0,0,0,0,0,0,0,0,0,0,1,0,0,0,0,0,1,0,0,0,0,0,0,0,0,0,0,0,0,0,0,0,0,0,0,0,0,0,1,0,0,0,0,0,0,0,0,0,0,0,0,0,0,1,1,0,0,0,0,0,0,0,0,1,0,0,0,0,0,0,0,0,0,0,0,0,0,0,0,0,0,0,0,0,0,0,1,1,0,0,0,0,0,0,0,0,0,0,0,0,0,0,0,0,0,0,0,0,0,0,0,0,1,0,0,1,0,0,0,1,0,0,0,0,0,0,0,0,0,0,1,0,0,0,0,0,0,0,0,0,0,0,0,0,0,0,0,0,0,0,0,0,0,0,0,0,0,1,0,0,0,0,0,0,0,0,1,0,0,0,0,0,0.2690099050776451,-0.2583096294117145,-0.02054267948463528,0.5273195344893595,0.2690099050776451,0.7342017025375644,-1.0012565358378231,10.709602544721593,0.15299382716049337,10.709602544721593,-3.795660430839001,10.5566087175611,5.431298185941043,5.27830435878055,0.0947273908463125,2.794363301117183,13.974131874639149,10.582869750201336,0.0,24.26546827384644,0.0,0.0,0.0,0.0,10.682389259889488,18.53211525309451,0.0,78.51684670386086,78.03697441167093,10.060477932315068,6.175820597587004,5.90970216816285,3.1018832029933656,9.944317032040471,3.309944761357779,2.396701193928809,70.0,0.0,0.2690099050776451,-0.2583096294117145,0.2690099050776451,0.2583096294117145,77.28,1.5223,46.13520000000002,0.8999999999999999,0.4
5018,O=C(O)CC(O)(CC(=O)O)C(=O)O,1,5018,O=C(O)CC(O)(CC(=O)O)C(=O)O,5018,O=C(O)CC(O)(CC(=O)O)C(=O)O,O=C(O)CC(O)(CC(=O)O)C(=O)O,O=C(O)CC(O)(CC(=O)O)C(=O)O,O=C(O)CC(O)(CC(=O)O)C(=O)O,5018.0,1.0,0.0,0.0,0.0,0.0,0.0,0.0,,192.123,-1.2484999999999995,132.13,4.0,4.0,5.0,0.0,0.0,7.0,0.5,13.0,0.0,0.0,0.0,0.0,0.0,0.0,0.0,0.0,0.0,0.0,0.0,0.0,0.0,0.0,0.0,0.0,0.0,0.0,0.0,0.0,0.0,0.0,0.0,0.0,0.0,0.0,0.0,0.0,0.0,0.0,1.0,1.0,0.0,0.0,0.0,0.0,0.0,0.0,0.0,0.0,3.0,1.0,0.0,0.0,0.0,0.0,0.0,0.0,0.0,0.0,0.0,0.0,0.0,0.0,0.0,0.0,0.0,0.0,0.0,0.0,0.0,0.0,0.0,0.0,0.0,0.0,0.0,0.0,0.0,0.0,0.0,0.0,0.0,0.0,0.0,0.0,0.0,0.0,0.0,0.0,0.0,0.0,0.0,0.0,0.0,0.0,0.0,0.0,0.0,0.0,0.0,0.0,0.0,0.0,0.0,0.0,0.0,0.0,0.0,0.0,0.0,0.0,0.0,0.0,0.0,0.0,0.0,0.0,0.0,0.0,0.0,0.0,0.0,0.0,0.0,0.0,0.0,0.0,0.0,0.0,0.0,0.0,0.0,0.0,0.0,0.0,0.0,0.0,0.0,0.0,0.0,0.0,0.0,0.0,0.0,0.0,0.0,0.0,0.0,0.0,0.0,0.0,0.0,0.0,0.0,0.0,0.0,0.0,0.0,0.0,0.0,0.0,0.0,0.0,0.0,0.0,0.0,0.0,0.0,0.0,0.0,0.0,0.0,0.0,0.0,0.0,0.0,0.0,0.0,0.0,0.0,0.0,0.0,0.0,0.0,0.0,0.0,0.0,0.0,0.0,0.0,0.0,0.0,0.0,0.0,0.0,0.0,0.0,0.0,0.0,0.0,0.0,0.0,0.0,0.0,0.0,0.0,0.0,0.0,0.0,0.0,0.0,0.0,0.0,0.0,0.0,0.0,0.0,0.0,0.0,0.0,0.0,0.0,0.0,0.0,0.0,0.0,0.0,0.0,0.0,0.0,0.0,0.0,0.0,0.0,0.0,0.0,0.0,0.0,0.0,0.0,0.0,0.0,0.0,0.0,0.0,0.0,0.0,0.0,0.0,0.0,0.0,0.0,0.0,0.0,0.0,0.0,0.0,0.0,0.0,0.0,0.0,0.0,0.0,0.0,0.0,0.0,0.0,0.0,0.0,0.0,0.0,0,0,0,0,0,0,0,0,ACY_**(*)**(*)(**(*)*)*(*)*,acyclic_anonymous_graph,train,0,0,0,0,0,0,0,0,0,0,0,0,0,0,0,1,0,0,0,0,0,0,0,0,0,0,0,0,1,0,0,0,0,0,0,0,0,1,0,1,0,0,0,0,0,0,0,0,0,0,0,0,0,0,0,0,0,0,0,0,0,0,0,0,0,0,0,0,0,0,0,0,0,0,0,0,0,0,0,0,1,0,0,0,1,0,0,0,0,0,0,0,0,0,0,0,0,0,0,0,0,0,0,0,0,0,0,0,0,0,0,0,1,1,1,0,1,0,0,0,0,0,0,0,0,1,0,0,0,0,0,0,0,1,0,0,0,0,1,0,0,0,0,0,0,0,0,0,0,0,0,0,0,0,0,0,0,0,0,0,0,0,0,0,0,0,0,0,0,0,0,0,0,0,0,0,0,0,0,0,0,0,0,0,0,1,0,0,0,0,0,0,0,0,0,0,0,0,0,0,0,1,0,0,0,0,0,0,0,0,0,0,0,0,0,0,0,0,0,0,0,0,0,0,0,0,0,0,0,0,0,0,0,0,0,0,0,0,0,0,0,0,0,0,0,0,0,0,0,0,0,0,0,0,0,0,0.3364194912829884,-0.48113877492695273,-0.0976491248346857,0.8175582662099412,0.48113877492695273,1.3027536333572702,-2.5721922562081843,10.315555555555555,1.1442129629629632,10.315555555555555,-2.7384259259259256,9.171342592592591,5.72988425925926,4.5856712962962956,0.109035290079303,3.5798001539081183,36.350609920691255,0.0,0.0,0.0,0.0,0.0,0.0,0.0,20.426109579362823,14.383611552215466,0.0,72.22546290872793,71.16033105226954,10.646264369941973,6.427812815764517,5.7763801118468425,3.171013189068806,11.370000000000001,3.853986625290123,3.5181644518634423,74.0,0.0,0.3364194912829884,-0.48113877492695273,0.48113877492695273,0.3364194912829884,132.13,-1.2484999999999995,37.09119999999999,0.0,1.2
9372,C=C(Br)C(=O)Nc1ccc(N=Nc2c(NC)ccc3cc(S(=O)(=O)O)cc(O)c23)c(S(=O)(=O)O)c1,1,9372,C=C(Br)C(=O)Nc1ccc(N=Nc2c(NC)ccc3cc(S(=O)(=O)O)cc(O)c23)c(S(=O)(=O)O)c1,9372,C=C(Br)C(=O)Nc1ccc(N=Nc2c(NC)ccc3cc(S(=O)(=O)O)cc(O)c23)c(S(=O)(=O)O)c1,C=C(Br)C(=O)Nc1ccc(N=Nc2c(NC)ccc3cc(S(=O)(=O)O)cc(O)c23)c(S(=O)(=O)O)c1,C=C(Br)C(=O)Nc1ccc(N=Nc2c(NC)ccc3cc(S(=O)(=O)O)cc(O)c23)c(S(=O)(=O)O)c1,C=C(Br)C(=O)Nc1ccc(N=Nc2c(NC)ccc3cc(S(=O)(=O)O)cc(O)c23)c(S(=O)(=O)O)c1,9372.0,1.0,0.0,0.0,0.0,0.0,0.0,0.0,c1ccc(N=Nc2cccc3ccccc23)cc1,585.4140000000003,4.343000000000003,194.82,5.0,9.0,7.0,3.0,3.0,15.0,0.05,35.0,0.0,0.0,0.0,0.0,0.0,0.0,0.0,0.0,0.0,0.0,1.0,1.0,0.0,0.0,0.0,0.0,2.0,1.0,0.0,0.0,0.0,0.0,1.0,1.0,0.0,0.0,0.0,0.0,0.0,0.0,0.0,0.0,1.0,1.0,0.0,0.0,0.0,0.0,0.0,0.0,0.0,0.0,0.0,0.0,0.0,0.0,0.0,0.0,0.0,0.0,1.0,1.0,0.0,0.0,3.0,1.0,28.0,1.0,2.0,1.0,0.0,0.0,1.0,1.0,0.0,0.0,0.0,0.0,1.0,1.0,0.0,0.0,0.0,0.0,0.0,0.0,2.0,1.0,0.0,0.0,2.0,1.0,0.0,0.0,0.0,0.0,0.0,0.0,0.0,0.0,0.0,0.0,0.0,0.0,0.0,0.0,0.0,0.0,0.0,0.0,0.0,0.0,0.0,0.0,0.0,0.0,0.0,0.0,0.0,0.0,0.0,0.0,1.0,1.0,0.0,0.0,0.0,0.0,0.0,0.0,1.0,1.0,0.0,0.0,1.0,1.0,2.0,1.0,0.0,0.0,0.0,0.0,0.0,0.0,0.0,0.0,0.0,0.0,0.0,0.0,0.0,0.0,0.0,0.0,0.0,0.0,0.0,0.0,0.0,0.0,0.0,0.0,0.0,0.0,0.0,0.0,0.0,0.0,0.0,0.0,0.0,0.0,0.0,0.0,0.0,0.0,0.0,0.0,1.0,1.0,0.0,0.0,0.0,0.0,1.0,1.0,0.0,0.0,0.0,0.0,0.0,0.0,0.0,0.0,0.0,0.0,0.0,0.0,0.0,0.0,0.0,0.0,0.0,0.0,0.0,0.0,0.0,0.0,0.0,0.0,0.0,0.0,0.0,0.0,0.0,0.0,0.0,0.0,0.0,0.0,0.0,0.0,0.0,0.0,0.0,0.0,0.0,0.0,0.0,0.0,0.0,0.0,0.0,0.0,0.0,0.0,0.0,0.0,0.0,0.0,0.0,0.0,0.0,0.0,0.0,0.0,0.0,0.0,0.0,0.0,0.0,0.0,0.0,0.0,0.0,0.0,0.0,0.0,0.0,0.0,0.0,0.0,0.0,0.0,0.0,0.0,1.0,6.0,1.0,6.0,0.0,0.0,0,0,1,0,1,0,0,0,c1ccc(N=Nc2cccc3ccccc23)cc1,murcko,train,1,0,0,0,0,0,0,0,0,0,0,0,1,0,0,1,0,0,1,0,0,0,0,0,1,0,0,0,0,0,0,0,0,1,0,0,0,0,0,1,0,0,0,0,0,0,0,0,0,0,0,0,0,0,1,0,0,0,0,0,0,0,0,1,1,1,1,0,1,0,0,1,1,0,0,1,0,0,0,1,1,1,0,0,0,0,1,0,0,0,0,0,0,0,1,1,0,0,0,0,1,0,0,0,0,0,1,1,0,0,0,0,0,0,1,0,0,0,0,0,0,0,0,0,0,1,1,0,1,1,0,0,0,0,0,0,1,0,1,0,0,0,0,0,0,0,0,0,0,0,1,0,0,0,0,0,0,0,0,0,0,0,0,1,0,0,0,0,0,0,0,0,0,0,0,0,0,0,0,0,0,0,0,0,1,0,1,0,0,0,0,1,1,0,0,0,1,0,0,1,1,0,0,1,0,0,0,0,0,0,0,0,0,1,1,1,1,0,1,0,0,0,0,0,0,0,0,0,0,0,0,0,0,0,0,0,0,1,0,0,0,0,0,0,0,0,0,0,1,0,0,0,0,0,1,0,0.2963241518426442,-0.5071780452273659,-0.05119986785494154,0.80350219707001,0.5071780452273659,1.6664448225661344,-3.4584401974890886,11.939453488921034,0.011867067855887203,11.939453488921034,-4.803412291614175,11.927586421065147,5.97566027838846,5.9637932105325735,0.08383925839631007,2.9937754799785252,41.68391223173807,32.316979807184964,5.687386274683562,18.19910120538483,24.26546827384644,7.04767198267719,0.0,43.370957040819306,0.0,35.84215829495113,0.0,207.567404972366,208.41363511128543,26.12902755413791,17.72032914926999,16.217582484092624,9.360961506995194,26.238527017660566,9.708308305927877,5.8288769104818385,184.0,0.0,0.2963241518426442,-0.5071780452273659,0.5071780452273659,0.2963241518426442,194.81999999999996,4.343000000000003,132.10340000000002,2.6,1.4200000000000002
5288,Cc1ccc(S(=O)(=O)Oc2cccc(NC(=O)Nc3ccccc3)c2)cc1,1,5288,Cc1ccc(S(=O)(=O)Oc2cccc(NC(=O)Nc3ccccc3)c2)cc1,5288,Cc1ccc(S(=O)(=O)Oc2cccc(NC(=O)Nc3ccccc3)c2)cc1,Cc1ccc(S(=O)(=O)Oc2cccc(NC(=O)Nc3ccccc3)c2)cc1,Cc1ccc(S(=O)(=O)Oc2cccc(NC(=O)Nc3ccccc3)c2)cc1,Cc1ccc(S(=O)(=O)Oc2cccc(NC(=O)Nc3ccccc3)c2)cc1,5288.0,1.0,0.0,0.0,0.0,0.0,0.0,0.0,O=C(Nc1ccccc1)Nc1cccc(OS(=O)(=O)c2ccccc2)c1,382.441,4.406720000000003,84.5,2.0,4.0,5.0,3.0,3.0,7.0,0.05,27.0,0.0,0.0,0.0,0.0,0.0,0.0,0.0,0.0,0.0,0.0,0.0,0.0,1.0,1.0,0.0,0.0,2.0,1.0,0.0,0.0,0.0,0.0,0.0,0.0,0.0,0.0,0.0,0.0,0.0,0.0,0.0,0.0,0.0,0.0,0.0,0.0,0.0,0.0,0.0,0.0,0.0,0.0,0.0,0.0,0.0,0.0,0.0,0.0,0.0,0.0,0.0,0.0,0.0,0.0,3.0,1.0,18.0,1.0,0.0,0.0,0.0,0.0,0.0,0.0,0.0,0.0,0.0,0.0,0.0,0.0,0.0,0.0,0.0,0.0,0.0,0.0,1.0,1.0,0.0,0.0,0.0,0.0,0.0,0.0,0.0,0.0,0.0,0.0,0.0,0.0,0.0,0.0,0.0,0.0,0.0,0.0,0.0,0.0,0.0,0.0,0.0,0.0,0.0,0.0,0.0,0.0,0.0,0.0,0.0,0.0,0.0,0.0,0.0,0.0,0.0,0.0,0.0,0.0,0.0,0.0,0.0,0.0,0.0,0.0,2.0,1.0,0.0,0.0,0.0,0.0,0.0,0.0,0.0,0.0,0.0,0.0,0.0,0.0,0.0,0.0,0.0,0.0,0.0,0.0,0.0,0.0,0.0,0.0,0.0,0.0,0.0,0.0,0.0,0.0,0.0,0.0,0.0,0.0,0.0,0.0,0.0,0.0,0.0,0.0,0.0,0.0,0.0,0.0,0.0,0.0,0.0,0.0,0.0,0.0,0.0,0.0,0.0,0.0,0.0,0.0,0.0,0.0,0.0,0.0,0.0,0.0,0.0,0.0,0.0,0.0,0.0,0.0,0.0,0.0,0.0,0.0,0.0,0.0,0.0,0.0,0.0,0.0,0.0,0.0,0.0,0.0,0.0,0.0,0.0,0.0,0.0,0.0,0.0,0.0,0.0,0.0,0.0,0.0,0.0,0.0,0.0,0.0,0.0,0.0,0.0,0.0,0.0,0.0,0.0,0.0,0.0,0.0,0.0,0.0,0.0,0.0,0.0,0.0,0.0,0.0,0.0,0.0,0.0,0.0,0.0,0.0,0.0,0.0,0.0,0.0,0.0,0.0,0.0,0.0,0.0,0.0,1.0,1.0,1.0,1.0,0.0,0.0,0,0,1,0,0,0,0,0,O=C(Nc1ccccc1)Nc1cccc(OS(=O)(=O)c2ccccc2)c1,murcko,train,0,0,0,0,0,0,0,0,0,0,0,0,0,0,0,1,0,0,0,0,0,0,0,0,1,0,0,0,0,0,0,1,0,1,0,0,0,0,0,1,1,0,0,0,0,0,0,0,0,0,1,0,0,1,0,0,1,0,0,0,0,0,0,1,1,0,1,0,0,0,0,0,0,0,0,0,0,0,0,0,0,1,0,0,0,0,0,0,0,0,0,0,1,0,1,0,0,0,0,0,1,0,0,0,0,0,0,1,0,0,0,0,0,0,0,0,0,0,0,0,0,0,0,0,0,1,0,0,1,0,1,0,0,1,0,0,0,0,1,0,0,0,0,0,0,0,0,0,0,0,0,0,0,0,0,0,0,0,0,0,0,0,0,0,0,0,0,0,0,0,0,0,0,0,0,1,0,0,0,0,0,0,0,1,1,0,1,0,0,0,0,1,0,0,0,0,1,1,1,1,0,0,0,1,0,0,0,0,0,0,1,0,0,0,1,0,0,1,0,0,0,0,0,0,0,0,0,0,0,0,0,0,0,0,0,1,0,0,0,0,0,0,0,0,0,0,0,0,0,0,0,0,0,0,0,0,0.33871212273963597,-0.37888870295673716,-0.04655529029954888,0.7176008256963731,0.37888870295673716,1.0060768405550982,-2.263069678642918,12.36564879426268,0.06322490863477692,12.36564879426268,-3.952193940018614,12.302423885627904,6.2144368514487285,6.151211942813952,0.08128479471173423,3.139155806991843,16.149241371371627,10.644995308801679,11.374772549367124,5.563451491696996,24.26546827384644,48.53093654769288,12.990104268152233,10.633577208012662,4.183085432649707,13.212334168400758,0.0,157.48466971502955,157.54796661999208,19.277810114122513,14.546794951784456,12.920653420525285,8.16579044831059,18.470462049087256,7.9232425682819025,5.083687658495351,138.0,0.0,0.33871212273963597,-0.37888870295673716,0.37888870295673716,0.33871212273963597,84.5,4.406720000000003,104.5182,0.8999999999999999,1.02
1877,[Cl][Pt-2]([Cl])([Cl])[Cl],1,1877,[Cl][Pt-2]([Cl])([Cl])[Cl],1877,[Cl][Pt-2]([Cl])([Cl])[Cl],[Cl][Pt-2]([Cl])([Cl])[Cl],[Cl][Pt-2]([Cl])([Cl])[Cl],[Pt+4],1877.0,1.0,0.0,1.0,1.0,1.0,1.0,0.0,,336.89,2.7555,0.0,0.0,0.0,0.0,0.0,0.0,5.0,0.0,5.0,-2.0,1.0,0.0,0.0,0.0,0.0,0.0,0.0,0.0,0.0,0.0,0.0,0.0,0.0,0.0,0.0,0.0,0.0,0.0,0.0,0.0,0.0,0.0,0.0,0.0,0.0,0.0,0.0,0.0,0.0,0.0,0.0,0.0,0.0,0.0,0.0,0.0,0.0,0.0,0.0,0.0,0.0,0.0,0.0,0.0,0.0,0.0,0.0,0.0,0.0,0.0,0.0,0.0,0.0,0.0,0.0,0.0,0.0,0.0,0.0,0.0,0.0,4.0,1.0,0.0,0.0,4.0,1.0,0.0,0.0,0.0,0.0,0.0,0.0,0.0,0.0,0.0,0.0,0.0,0.0,0.0,0.0,0.0,0.0,0.0,0.0,0.0,0.0,0.0,0.0,0.0,0.0,0.0,0.0,0.0,0.0,0.0,0.0,1.0,1.0,1.0,1.0,0.0,0.0,0.0,0.0,0.0,0.0,0.0,0.0,0.0,0.0,0.0,0.0,0.0,0.0,0.0,0.0,0.0,0.0,0.0,0.0,0.0,0.0,0.0,0.0,0.0,0.0,0.0,0.0,0.0,0.0,0.0,0.0,0.0,0.0,0.0,0.0,0.0,0.0,0.0,0.0,0.0,0.0,0.0,0.0,0.0,0.0,0.0,0.0,0.0,0.0,0.0,0.0,0.0,0.0,0.0,0.0,0.0,0.0,0.0,0.0,0.0,0.0,0.0,0.0,0.0,0.0,0.0,0.0,0.0,0.0,0.0,0.0,0.0,0.0,0.0,0.0,0.0,0.0,0.0,0.0,0.0,0.0,0.0,0.0,0.0,0.0,0.0,0.0,0.0,0.0,0.0,0.0,0.0,0.0,0.0,0.0,0.0,0.0,0.0,0.0,0.0,0.0,0.0,0.0,0.0,0.0,0.0,0.0,0.0,0.0,0.0,0.0,0.0,0.0,0.0,0.0,0.0,0.0,0.0,0.0,0.0,0.0,0.0,0.0,0.0,0.0,0.0,0.0,0.0,0.0,0.0,0.0,0.0,0.0,0.0,0.0,0.0,0.0,0.0,0.0,0.0,0.0,0.0,0.0,0.0,0.0,0.0,0.0,0.0,0.0,0.0,0.0,0.0,0.0,0.0,0.0,0.0,0.0,0.0,0.0,0,0,0,0,0,0,0,0,ACY_**(*)(*)*,acyclic_anonymous_graph,train,0,0,0,0,0,0,0,0,0,0,0,0,0,0,0,0,0,0,0,1,0,0,0,0,0,0,0,0,0,0,0,0,0,0,0,0,0,0,0,0,0,0,0,0,0,0,0,0,0,0,0,0,0,0,0,0,0,0,0,0,0,0,0,0,0,0,0,0,0,0,0,0,0,0,0,0,0,0,0,0,0,0,0,0,0,0,0,0,0,0,0,0,0,0,0,0,0,0,0,0,0,0,0,0,0,0,0,0,0,0,0,0,0,0,0,0,0,0,0,0,0,0,0,0,0,0,0,0,0,0,1,0,0,0,0,0,0,0,0,0,0,0,0,0,0,0,0,1,0,0,0,0,0,0,0,0,0,0,0,0,0,1,0,0,0,0,0,0,0,0,0,0,0,0,0,0,0,0,0,0,0,0,0,0,0,0,0,0,0,0,0,0,0,0,0,0,0,0,0,0,0,0,0,0,0,0,0,0,0,0,0,0,0,0,0,0,0,0,0,0,0,0,0,0,0,0,0,0,0,0,0,0,0,0,0,0,0,0,0,0,0,0,0,0,0,0,0,0,0,0,0,0,0,0,0,0,,,,,,,,5.006944444444444,3.0555555555555554,5.006944444444444,-3.0555555555555554,1.9513888888888884,4.03125,0.9756944444444442,0.512455516014235,8.327902580071177,11.896255637195583,0.0,0.0,0.0,0.0,0.0,0.0,0.0,37.67255104850306,0.0,0.0,49.24434584149029,49.56880668569865,4.5,1.8280856580537468,2.0,0.47809144373375745,6.848311688311688,2.23181961314329,25.352487095543832,40.0,0.0,,,,,0.0,2.7554999999999996,23.412,0.0,0.0
5444,CCOP(=O)(NC(C)C)Oc1ccc(SC)c(C)c1,1,5444,CCOP(=O)(NC(C)C)Oc1ccc(SC)c(C)c1,5444,CCOP(=O)(NC(C)C)Oc1ccc(SC)c(C)c1,CCOP(=O)(NC(C)C)Oc1ccc(SC)c(C)c1,CCOP(=O)(NC(C)C)Oc1ccc(SC)c(C)c1,CCOP(=O)(NC(C)C)Oc1ccc(SC)c(C)c1,5444.0,1.0,0.0,0.0,0.0,0.0,0.0,0.0,c1ccccc1,303.36400000000003,4.238320000000003,47.56,1.0,4.0,7.0,1.0,1.0,6.0,0.5384615384615384,19.0,0.0,0.0,0.0,0.0,0.0,0.0,0.0,0.0,0.0,0.0,0.0,0.0,0.0,0.0,0.0,0.0,0.0,0.0,0.0,0.0,0.0,0.0,0.0,0.0,0.0,0.0,0.0,0.0,0.0,0.0,0.0,0.0,0.0,0.0,0.0,0.0,0.0,0.0,0.0,0.0,0.0,0.0,0.0,0.0,0.0,0.0,0.0,0.0,0.0,0.0,0.0,0.0,0.0,0.0,1.0,1.0,6.0,1.0,0.0,0.0,0.0,0.0,0.0,0.0,0.0,0.0,0.0,0.0,0.0,0.0,0.0,0.0,1.0,1.0,0.0,0.0,0.0,0.0,0.0,0.0,0.0,0.0,0.0,0.0,0.0,0.0,1.0,1.0,0.0,0.0,1.0,1.0,0.0,0.0,0.0,0.0,0.0,0.0,0.0,0.0,0.0,0.0,0.0,0.0,0.0,0.0,0.0,0.0,0.0,0.0,0.0,0.0,0.0,0.0,0.0,0.0,0.0,0.0,0.0,0.0,0.0,0.0,0.0,0.0,0.0,0.0,0.0,0.0,0.0,0.0,0.0,0.0,0.0,0.0,0.0,0.0,0.0,0.0,0.0,0.0,0.0,0.0,0.0,0.0,0.0,0.0,0.0,0.0,0.0,0.0,0.0,0.0,0.0,0.0,0.0,0.0,0.0,0.0,0.0,0.0,1.0,1.0,0.0,0.0,0.0,0.0,0.0,0.0,0.0,0.0,0.0,0.0,0.0,0.0,0.0,0.0,0.0,0.0,0.0,0.0,0.0,0.0,0.0,0.0,0.0,0.0,0.0,0.0,0.0,0.0,0.0,0.0,0.0,0.0,0.0,0.0,0.0,0.0,0.0,0.0,0.0,0.0,0.0,0.0,0.0,0.0,0.0,0.0,0.0,0.0,0.0,0.0,0.0,0.0,0.0,0.0,0.0,0.0,0.0,0.0,0.0,0.0,0.0,0.0,0.0,0.0,0.0,0.0,0.0,0.0,0.0,0.0,0.0,0.0,0.0,0.0,0.0,0.0,0.0,0.0,0.0,0.0,0.0,0.0,0.0,0.0,0.0,0.0,0.0,0.0,0.0,0.0,0.0,0.0,0.0,0.0,1.0,1.0,1.0,1.0,0.0,0.0,0,0,0,0,0,0,0,0,c1ccccc1,murcko,train,0,1,0,0,1,0,0,0,0,1,0,0,0,0,0,0,0,0,0,0,0,0,0,0,1,0,0,1,0,0,0,0,0,1,0,0,0,1,1,0,0,0,0,0,0,0,0,0,0,0,0,0,0,0,0,0,0,0,0,0,0,0,0,0,0,0,1,0,0,0,0,0,0,0,0,0,0,0,0,0,1,1,0,0,0,0,0,0,0,0,0,0,0,0,0,0,0,0,0,0,1,0,0,0,0,0,1,1,0,0,1,1,0,0,1,0,1,0,0,0,0,1,0,0,0,0,0,0,1,0,0,0,0,0,0,0,0,0,1,0,0,0,0,0,0,0,0,0,0,0,0,0,0,0,0,0,0,0,0,0,0,0,0,0,0,0,0,0,0,0,1,0,0,0,0,0,0,0,0,1,1,0,0,1,0,0,1,1,0,0,0,0,1,0,0,0,0,0,0,0,0,0,0,0,0,0,1,0,0,0,0,0,0,0,1,0,0,0,0,0,0,0,0,0,0,0,0,0,0,0,1,0,0,0,0,0,0,0,0,1,0,0,0,0,0,0,0,0,0,0,0,1,1,0,0,1,0.4584389661075868,-0.41317023839017863,-0.047636103928258296,0.8716092044977655,0.4584389661075868,0.6672531073712413,-1.572339082008149,12.498017841395818,0.01754708364827362,12.498017841395818,-3.297593498047368,12.480470757747543,6.257782462522046,6.240235378873772,0.0801251827283219,3.137689443640505,7.746488431003568,6.041840829147961,12.356393797796823,5.563451491696996,4.895483475517775,18.685622149081738,45.22608198796811,5.0872950630771525,9.047494323423635,4.565048284931329,0.0,119.40521038036616,119.21519983364509,14.466255326250886,12.096714615300462,8.89799590830217,6.265017396650882,16.573995680345572,7.3416359902123585,5.188221311685016,108.0,0.0,0.4584389661075868,-0.41317023839017863,0.4584389661075868,0.41317023839017863,47.56,4.238320000000003,81.09220000000005,0.2,1.6153846153846154
5820,Cc1cc(Nc2cc(S(=O)(=O)O)c(N)c3c2C(=O)c2ccccc2C3=O)cc(S(=O)(=O)NCCO)c1C,0,5820,Cc1cc(Nc2cc(S(=O)(=O)O)c(N)c3c2C(=O)c2ccccc2C3=O)cc(S(=O)(=O)NCCO)c1C,5820,Cc1cc(Nc2cc(S(=O)(=O)O)c(N)c3c2C(=O)c2ccccc2C3=O)cc(S(=O)(=O)NCCO)c1C,Cc1cc(Nc2cc(S(=O)(=O)O)c(N)c3c2C(=O)c2ccccc2C3=O)cc(S(=O)(=O)NCCO)c1C,Cc1cc(Nc2cc(S(=O)(=O)O)c(N)c3c2C(=O)c2ccccc2C3=O)cc(S(=O)(=O)NCCO)c1C,Cc1cc(Nc2cc(S(=O)(=O)O)c(N)c3c2C(=O)c2ccccc2C3=O)cc(S(=O)(=O)NCCO)c1C,5820.0,1.0,0.0,0.0,0.0,0.0,0.0,0.0,O=C1c2ccccc2C(=O)c2c(Nc3ccccc3)cccc21,545.5950000000003,1.92194,192.96,5.0,9.0,7.0,4.0,3.0,13.0,0.1666666666666666,37.0,0.0,0.0,0.0,0.0,0.0,0.0,0.0,0.0,0.0,0.0,0.0,0.0,0.0,0.0,0.0,0.0,3.0,1.0,0.0,0.0,0.0,0.0,0.0,0.0,0.0,0.0,0.0,0.0,0.0,0.0,1.0,1.0,0.0,0.0,0.0,0.0,0.0,0.0,2.0,1.0,0.0,0.0,0.0,0.0,0.0,0.0,0.0,0.0,0.0,0.0,0.0,0.0,0.0,0.0,3.0,1.0,18.0,1.0,4.0,1.0,0.0,0.0,0.0,0.0,0.0,0.0,0.0,0.0,0.0,0.0,0.0,0.0,0.0,0.0,0.0,0.0,2.0,1.0,1.0,1.0,1.0,1.0,0.0,0.0,0.0,0.0,0.0,0.0,0.0,0.0,0.0,0.0,0.0,0.0,0.0,0.0,0.0,0.0,0.0,0.0,0.0,0.0,0.0,0.0,0.0,0.0,0.0,0.0,1.0,1.0,0.0,0.0,3.0,1.0,0.0,0.0,0.0,0.0,0.0,0.0,0.0,0.0,0.0,0.0,0.0,0.0,0.0,0.0,0.0,0.0,0.0,0.0,0.0,0.0,0.0,0.0,0.0,0.0,0.0,0.0,0.0,0.0,0.0,0.0,0.0,0.0,0.0,0.0,0.0,0.0,0.0,0.0,0.0,0.0,0.0,0.0,0.0,0.0,0.0,0.0,0.0,0.0,0.0,0.0,0.0,0.0,0.0,0.0,0.0,0.0,0.0,0.0,0.0,0.0,0.0,0.0,0.0,0.0,0.0,0.0,0.0,0.0,0.0,0.0,0.0,0.0,0.0,0.0,0.0,0.0,0.0,0.0,0.0,0.0,0.0,0.0,0.0,0.0,0.0,0.0,0.0,0.0,0.0,0.0,0.0,0.0,0.0,0.0,0.0,0.0,0.0,0.0,0.0,0.0,0.0,0.0,0.0,0.0,0.0,0.0,0.0,0.0,0.0,0.0,0.0,0.0,0.0,0.0,0.0,0.0,0.0,0.0,0.0,0.0,0.0,0.0,0.0,0.0,0.0,0.0,0.0,0.0,0.0,0.0,0.0,0.0,0.0,0.0,0.0,0.0,0.0,0.0,0.0,0.0,0.0,0.0,1.0,2.0,1.0,2.0,0.0,0.0,1,0,1,0,0,0,0,0,O=C1c2ccccc2C(=O)c2c(Nc3ccccc3)cccc21,murcko,train,0,1,0,0,0,0,0,1,0,0,0,0,1,0,0,0,0,0,0,1,0,0,0,0,0,0,0,0,0,0,0,0,0,1,0,0,0,0,0,1,0,0,0,0,0,0,0,0,0,0,0,1,0,0,0,0,0,0,1,0,0,0,0,0,1,0,0,0,1,1,1,0,0,0,1,0,0,0,0,0,1,1,0,0,0,0,0,0,0,0,1,0,0,0,1,0,1,0,0,0,1,0,0,0,0,0,0,1,1,0,0,1,0,0,1,0,0,0,1,0,0,0,0,0,0,0,0,0,1,0,0,0,0,0,1,0,1,0,1,0,0,0,0,0,0,0,0,1,0,0,0,0,0,0,0,1,0,0,0,0,0,0,0,0,0,0,0,0,0,0,0,0,0,0,0,1,0,1,0,0,0,0,0,0,0,1,1,0,0,0,0,1,0,0,0,0,1,0,0,0,1,0,0,0,0,1,0,0,0,0,0,1,0,0,1,0,1,1,0,0,1,0,1,0,0,0,0,0,0,0,0,0,0,0,0,1,0,1,0,0,0,0,0,0,0,0,1,0,0,0,0,0,1,0,1,0,0.29617740961652966,-0.39697437096805194,-0.05102220571244653,0.6931517805845816,0.39697437096805194,1.5707305246467158,-3.4585521360072375,13.453967709669023,0.027458757526190425,13.453967709669023,-4.914676486591584,13.426508952142832,6.7407132335976065,6.713254476071416,0.07447952431748112,3.3841421518842583,48.89765961988527,45.06881839758545,11.126902983393991,6.06636706846161,18.19910120538483,32.046575604766076,0.0,10.038883468458419,10.84019487200289,30.97741821049188,0.0,212.67571798344352,213.26192143043045,27.28372809251716,19.69342923060092,17.27391135822287,10.887718946624807,26.443237870610783,9.355231560457112,4.625475444735295,194.0,0.0,0.29617740961652966,-0.39697437096805194,0.39697437096805194,0.29617740961652966,192.95999999999998,1.92194,135.44899999999996,2.1,1.4666666666666668
3680,Cc1cccc(S(=O)(=O)O)c1N=Nc1c(N)nc(N)[nH]c1=O,0,3680,Cc1cccc(S(=O)(=O)O)c1N=Nc1c(N)nc(N)[nH]c1=O,3680,Cc1cccc(S(=O)(=O)O)c1N=Nc1c(N)nc(N)[nH]c1=O,Cc1cccc(S(=O)(=O)O)c1N=Nc1c(N)nc(N)[nH]c1=O,Cc1cccc(S(=O)(=O)O)c1N=Nc1c(N)nc(N)[nH]c1=O,Cc1cccc(S(=O)(=O)O)c1N=Nc1c(N)nc(N)[nH]c1=O,3680.0,1.0,0.0,0.0,0.0,0.0,0.0,0.0,O=c1[nH]cncc1N=Nc1ccccc1,324.32200000000006,0.90482,176.88,4.0,8.0,3.0,2.0,2.0,11.0,0.0909090909090909,22.0,0.0,0.0,0.0,0.0,0.0,0.0,0.0,0.0,0.0,0.0,0.0,0.0,0.0,0.0,0.0,0.0,2.0,1.0,0.0,0.0,0.0,0.0,1.0,1.0,0.0,0.0,0.0,0.0,0.0,0.0,0.0,0.0,0.0,0.0,0.0,0.0,0.0,0.0,0.0,0.0,0.0,0.0,0.0,0.0,0.0,0.0,0.0,0.0,0.0,0.0,0.0,0.0,0.0,0.0,2.0,1.0,12.0,1.0,0.0,0.0,0.0,0.0,0.0,0.0,0.0,0.0,0.0,0.0,0.0,0.0,0.0,0.0,0.0,0.0,0.0,0.0,1.0,1.0,0.0,0.0,1.0,1.0,0.0,0.0,0.0,0.0,0.0,0.0,0.0,0.0,0.0,0.0,0.0,0.0,0.0,0.0,0.0,0.0,0.0,0.0,0.0,0.0,0.0,0.0,0.0,0.0,0.0,0.0,0.0,0.0,0.0,0.0,2.0,1.0,0.0,0.0,0.0,0.0,0.0,0.0,0.0,0.0,0.0,0.0,0.0,0.0,2.0,1.0,0.0,0.0,0.0,0.0,0.0,0.0,0.0,0.0,0.0,0.0,0.0,0.0,0.0,0.0,0.0,0.0,0.0,0.0,0.0,0.0,0.0,0.0,0.0,0.0,0.0,0.0,0.0,0.0,0.0,0.0,0.0,0.0,0.0,0.0,0.0,0.0,0.0,0.0,0.0,0.0,0.0,0.0,0.0,0.0,0.0,0.0,0.0,0.0,0.0,0.0,0.0,0.0,0.0,0.0,0.0,0.0,0.0,0.0,0.0,0.0,0.0,0.0,0.0,0.0,0.0,0.0,0.0,0.0,0.0,0.0,0.0,0.0,0.0,0.0,0.0,0.0,0.0,0.0,0.0,0.0,0.0,0.0,0.0,0.0,0.0,0.0,0.0,0.0,0.0,0.0,0.0,0.0,0.0,0.0,0.0,0.0,0.0,0.0,0.0,0.0,0.0,0.0,0.0,0.0,0.0,0.0,0.0,0.0,0.0,0.0,0.0,0.0,0.0,0.0,0.0,0.0,0.0,0.0,0.0,0.0,0.0,0.0,0.0,0.0,0.0,0.0,0.0,0.0,1.0,2.0,1.0,2.0,0.0,0.0,0,0,1,0,0,0,0,0,O=c1[nH]cncc1N=Nc1ccccc1,murcko,train,0,0,0,0,0,0,0,0,0,0,0,0,0,0,0,1,0,0,0,0,0,0,0,0,0,0,0,0,0,0,0,0,0,1,1,0,0,0,0,1,0,0,0,0,0,0,0,0,0,0,0,0,0,0,0,0,0,0,1,0,0,0,0,1,1,0,1,0,1,0,0,0,0,0,0,0,0,0,1,0,1,1,0,0,0,0,0,0,0,0,1,0,0,0,1,0,0,0,0,0,1,0,0,0,1,0,1,0,0,0,0,1,0,0,1,0,0,0,0,0,0,0,1,0,0,0,0,0,0,1,0,0,0,0,0,0,1,0,1,0,0,0,0,0,0,0,0,1,0,0,0,0,0,0,0,0,0,0,0,0,0,0,0,1,0,0,0,0,0,0,0,0,0,0,0,0,0,1,0,1,0,0,0,0,0,1,1,0,0,0,0,0,0,0,1,0,1,0,0,0,0,0,1,0,0,0,0,1,0,1,0,0,0,1,1,0,0,1,1,0,0,0,0,0,1,0,0,0,0,0,0,0,0,0,0,0,0,0,1,0,0,0,0,0,0,0,0,0,0,0,0,0,1,0,0,0,0.29625595849249214,-0.3815519557568867,-0.05973053302215143,0.6778079142493789,0.3815519557568867,1.364556295186484,-2.678628021673816,11.67192897297808,0.110532407407407,11.67192897297808,-4.49388770786092,11.561396565570673,5.891230690192743,5.780698282785337,0.08649474086702948,3.0019382907791243,20.572877229603336,23.14097460818865,5.563451491696996,6.06636706846161,6.06636706846161,12.990104268152233,0.0,20.196457293153212,11.46733495432437,17.76508404209112,0.0,124.20945275044951,123.82901802413313,16.491199352633217,11.308598889803415,10.197395868397555,5.839950205678087,15.596050379966318,5.537122722210993,3.0973681245141713,116.0,0.0,0.29625595849249214,-0.3815519557568867,0.3815519557568867,0.29625595849249214,176.88,0.90482,78.8521,1.1,0.6363636363636365
8861,O=S(=O)(O)c1ccc(N=Nc2ccc(N=Nc3c(S(=O)(=O)O)cc4cc(Nc5nc(NCCO)nc(NCCO)n5)ccc4c3O)cc2)cc1,0,8861,O=S(=O)(O)c1ccc(N=Nc2ccc(N=Nc3c(S(=O)(=O)O)cc4cc(Nc5nc(NCCO)nc(NCCO)n5)ccc4c3O)cc2)cc1,8861,O=S(=O)(O)c1ccc(N=Nc2ccc(N=Nc3c(S(=O)(=O)O)cc4cc(Nc5nc(NCCO)nc(NCCO)n5)ccc4c3O)cc2)cc1,O=S(=O)(O)c1ccc(N=Nc2ccc(N=Nc3c(S(=O)(=O)O)cc4cc(Nc5nc(NCCO)nc(NCCO)n5)ccc4c3O)cc2)cc1,O=S(=O)(O)c1ccc(N=Nc2ccc(N=Nc3c(S(=O)(=O)O)cc4cc(Nc5nc(NCCO)nc(NCCO)n5)ccc4c3O)cc2)cc1,O=S(=O)(O)c1ccc(N=Nc2ccc(N=Nc3c(S(=O)(=O)O)cc4cc(Nc5nc(NCCO)nc(NCCO)n5)ccc4c3O)cc2)cc1,8861.0,1.0,0.0,0.0,0.0,0.0,0.0,0.0,c1ccc(N=Nc2ccc(N=Nc3ccc4cc(Nc5ncncn5)ccc4c3)cc2)cc1,724.738,4.606600000000004,293.62999999999994,8.0,17.0,14.0,5.0,5.0,21.0,0.1379310344827586,50.0,0.0,0.0,0.0,0.0,0.0,0.0,0.0,0.0,0.0,0.0,0.0,0.0,0.0,0.0,0.0,0.0,4.0,1.0,0.0,0.0,0.0,0.0,2.0,1.0,0.0,0.0,0.0,0.0,0.0,0.0,2.0,1.0,1.0,1.0,0.0,0.0,0.0,0.0,0.0,0.0,0.0,0.0,0.0,0.0,0.0,0.0,0.0,0.0,0.0,0.0,0.0,0.0,0.0,0.0,5.0,1.0,40.0,1.0,2.0,1.0,0.0,0.0,0.0,0.0,0.0,0.0,0.0,0.0,0.0,0.0,0.0,0.0,0.0,0.0,0.0,0.0,2.0,1.0,0.0,0.0,2.0,1.0,0.0,0.0,0.0,0.0,0.0,0.0,0.0,0.0,0.0,0.0,0.0,0.0,0.0,0.0,0.0,0.0,0.0,0.0,0.0,0.0,0.0,0.0,0.0,0.0,0.0,0.0,0.0,0.0,0.0,0.0,4.0,1.0,0.0,0.0,0.0,0.0,0.0,0.0,2.0,1.0,0.0,0.0,0.0,0.0,4.0,1.0,0.0,0.0,0.0,0.0,0.0,0.0,0.0,0.0,0.0,0.0,0.0,0.0,0.0,0.0,0.0,0.0,0.0,0.0,0.0,0.0,0.0,0.0,0.0,0.0,0.0,0.0,0.0,0.0,0.0,0.0,0.0,0.0,0.0,0.0,0.0,0.0,0.0,0.0,0.0,0.0,0.0,0.0,0.0,0.0,0.0,0.0,0.0,0.0,0.0,0.0,0.0,0.0,0.0,0.0,0.0,0.0,0.0,0.0,0.0,0.0,0.0,0.0,0.0,0.0,0.0,0.0,0.0,0.0,0.0,0.0,0.0,0.0,0.0,0.0,0.0,0.0,0.0,0.0,0.0,0.0,0.0,0.0,0.0,0.0,0.0,0.0,0.0,0.0,0.0,0.0,0.0,0.0,0.0,0.0,0.0,0.0,0.0,0.0,0.0,0.0,0.0,0.0,0.0,0.0,0.0,0.0,0.0,0.0,0.0,0.0,0.0,0.0,0.0,0.0,0.0,0.0,0.0,0.0,0.0,0.0,0.0,0.0,0.0,0.0,0.0,0.0,0.0,0.0,1.0,3.0,1.0,3.0,0.0,0.0,0,0,1,0,0,0,0,1,c1ccc(N=Nc2ccc(N=Nc3ccc4cc(Nc5ncncn5)ccc4c3)cc2)cc1,murcko,train,0,0,1,0,0,0,0,0,0,0,0,0,0,1,0,0,0,0,0,0,0,0,0,0,0,0,0,0,0,0,0,0,0,0,0,0,0,0,0,1,0,0,0,0,0,0,1,1,0,0,1,0,0,0,0,0,0,0,0,0,1,1,1,1,0,0,1,0,1,0,0,0,0,1,0,1,0,1,0,0,1,1,0,0,0,0,0,0,0,0,0,0,0,0,1,0,0,0,0,0,1,0,0,0,0,0,1,1,0,0,0,1,0,0,1,0,0,0,1,0,0,0,1,0,0,0,0,0,1,1,0,0,0,0,0,1,1,0,1,0,0,0,0,0,1,0,0,0,0,0,0,0,0,0,1,1,0,0,0,0,1,0,0,1,0,0,0,0,0,1,0,0,0,0,0,0,0,0,0,0,0,0,0,0,0,0,0,0,0,1,0,1,1,0,0,0,1,1,0,0,1,0,1,1,0,0,0,0,0,0,0,1,0,1,1,0,0,1,0,0,0,0,1,0,0,0,0,0,0,0,0,0,0,0,0,1,0,0,0,0,0,0,0,0,0,0,0,0,0,0,0,0,0,0,0,0,0.2964147599021085,-0.5049133745302398,-0.05779613944214367,0.8013281344323483,0.5049133745302398,2.3297890410146813,-5.2195960131218655,12.371372258415576,0.06175619193246873,12.371372258415576,-4.903087120274504,12.309616066483107,6.2165642251740225,6.154808033241554,0.0812373021708469,3.1394700335893315,36.56863530155235,65.50361276294139,17.062158824050687,6.06636706846161,60.6636706846161,6.06636706846161,0.0,51.359301877378215,14.765804663371776,26.494871237188946,0.0,283.58617818632166,284.5507894880227,35.89032981031535,25.57268324380437,23.83319956707384,14.34741896826468,35.59315133327024,15.233711504484777,9.043193110478036,260.0,0.0,0.2964147599021085,-0.5049133745302398,0.5049133745302398,0.2964147599021085,293.62999999999994,4.606600000000004,180.73869999999985,1.3,2.855172413793104
8167,O=S(=O)(O)c1ccc2c(N=Nc3ccc(N=Nc4ccc(Nc5ccccc5)c(S(=O)(=O)O)c4)c4ccccc34)c(O)ccc2c1,1,8167,O=S(=O)(O)c1ccc2c(N=Nc3ccc(N=Nc4ccc(Nc5ccccc5)c(S(=O)(=O)O)c4)c4ccccc34)c(O)ccc2c1,8167,O=S(=O)(O)c1ccc2c(N=Nc3ccc(N=Nc4ccc(Nc5ccccc5)c(S(=O)(=O)O)c4)c4ccccc34)c(O)ccc2c1,O=S(=O)(O)c1ccc2c(N=Nc3ccc(N=Nc4ccc(Nc5ccccc5)c(S(=O)(=O)O)c4)c4ccccc34)c(O)ccc2c1,O=S(=O)(O)c1ccc2c(N=Nc3ccc(N=Nc4ccc(Nc5ccccc5)c(S(=O)(=O)O)c4)c4ccccc34)c(O)ccc2c1,O=S(=O)(O)c1ccc2c(N=Nc3ccc(N=Nc4ccc(Nc5ccccc5)c(S(=O)(=O)O)c4)c4ccccc34)c(O)ccc2c1,8167.0,1.0,0.0,0.0,0.0,0.0,0.0,0.0,c1ccc(Nc2ccc(N=Nc3ccc(N=Nc4cccc5ccccc45)c4ccccc34)cc2)cc1,653.6980000000002,8.766399999999999,190.44,4.0,10.0,8.0,6.0,6.0,14.0,0.0,46.0,0.0,0.0,0.0,0.0,0.0,0.0,0.0,0.0,0.0,0.0,0.0,0.0,0.0,0.0,0.0,0.0,2.0,1.0,0.0,0.0,0.0,0.0,2.0,1.0,0.0,0.0,0.0,0.0,0.0,0.0,0.0,0.0,1.0,1.0,0.0,0.0,0.0,0.0,0.0,0.0,0.0,0.0,0.0,0.0,0.0,0.0,0.0,0.0,0.0,0.0,0.0,0.0,0.0,0.0,6.0,1.0,56.0,1.0,4.0,1.0,0.0,0.0,0.0,0.0,0.0,0.0,0.0,0.0,0.0,0.0,0.0,0.0,0.0,0.0,0.0,0.0,2.0,1.0,0.0,0.0,2.0,1.0,0.0,0.0,0.0,0.0,0.0,0.0,0.0,0.0,0.0,0.0,0.0,0.0,0.0,0.0,0.0,0.0,0.0,0.0,0.0,0.0,0.0,0.0,0.0,0.0,0.0,0.0,0.0,0.0,0.0,0.0,2.0,1.0,0.0,0.0,0.0,0.0,0.0,0.0,0.0,0.0,0.0,0.0,0.0,0.0,4.0,1.0,0.0,0.0,0.0,0.0,0.0,0.0,0.0,0.0,0.0,0.0,0.0,0.0,0.0,0.0,0.0,0.0,0.0,0.0,0.0,0.0,0.0,0.0,0.0,0.0,0.0,0.0,0.0,0.0,0.0,0.0,0.0,0.0,0.0,0.0,0.0,0.0,0.0,0.0,0.0,0.0,0.0,0.0,0.0,0.0,0.0,0.0,0.0,0.0,0.0,0.0,0.0,0.0,0.0,0.0,0.0,0.0,0.0,0.0,0.0,0.0,0.0,0.0,0.0,0.0,0.0,0.0,0.0,0.0,0.0,0.0,0.0,0.0,0.0,0.0,0.0,0.0,0.0,0.0,0.0,0.0,0.0,0.0,0.0,0.0,0.0,0.0,0.0,0.0,0.0,0.0,0.0,0.0,0.0,0.0,0.0,0.0,0.0,0.0,0.0,0.0,0.0,0.0,0.0,0.0,0.0,0.0,0.0,0.0,0.0,0.0,0.0,0.0,0.0,0.0,0.0,0.0,0.0,0.0,0.0,0.0,0.0,0.0,0.0,0.0,0.0,0.0,0.0,0.0,1.0,2.0,1.0,2.0,0.0,0.0,0,0,1,0,0,0,0,0,c1ccc(Nc2ccc(N=Nc3ccc(N=Nc4cccc5ccccc45)c4ccccc34)cc2)cc1,murcko,train,0,0,0,0,0,1,0,0,0,0,0,1,0,0,0,0,0,0,1,0,0,0,0,0,0,0,0,0,0,0,0,0,0,0,0,1,0,1,0,1,0,0,0,0,0,0,0,0,0,0,0,1,1,0,0,0,0,0,0,0,0,0,1,1,1,0,1,0,1,1,0,1,0,0,0,0,0,1,0,0,1,1,0,0,0,0,0,0,0,0,0,0,0,0,1,0,0,0,0,0,1,0,0,0,0,0,1,1,0,0,0,0,0,0,1,0,0,0,0,0,0,0,0,0,0,0,1,0,1,1,0,0,0,1,0,0,1,0,1,0,0,0,0,0,1,0,0,0,0,0,0,0,0,0,0,0,0,0,0,0,0,0,1,1,0,0,0,0,0,0,0,0,0,0,0,1,0,0,0,0,0,0,0,0,0,0,0,0,0,0,0,1,1,0,0,1,1,1,0,0,1,0,1,1,0,0,0,0,0,0,0,0,0,1,1,1,0,0,0,0,0,0,0,1,0,0,0,0,0,0,0,0,0,0,0,1,0,0,0,0,0,0,0,0,1,0,0,0,1,0,0,0,1,0,0,0,0.29617374112771916,-0.5055931440006288,-0.04651489003341511,0.8017668851283479,0.5055931440006288,1.4915537304696462,-3.6312386720067407,12.168809351398718,0.10377196982140968,12.168809351398718,-4.596931829056284,12.065037381577309,6.136290660610063,6.032518690788654,0.08288411949116284,3.1209238629451828,20.236253718067108,32.60263760837014,38.60705568190987,0.0,42.46456947923127,66.73003775307771,6.06636706846161,25.77378910652392,0.0,31.047621110879305,0.0,262.46093844602285,263.52833152652096,32.47611624794227,23.54964002588578,21.96949626191757,13.493566137734213,30.48464749544617,12.097791149179358,6.451822814187745,230.0,0.0,0.29617374112771916,-0.5055931440006288,0.5055931440006288,0.29617374112771916,190.43999999999997,8.766399999999999,173.70869999999977,1.1,1.6
7353,CCOC(=O)C(C#N)=C(c1ccccc1)c1ccccc1,0,7353,CCOC(=O)C(C#N)=C(c1ccccc1)c1ccccc1,7353,CCOC(=O)C(C#N)=C(c1ccccc1)c1ccccc1,CCOC(=O)C(C#N)=C(c1ccccc1)c1ccccc1,CCOC(=O)C(C#N)=C(c1ccccc1)c1ccccc1,CCOC(=O)C(C#N)=C(c1ccccc1)c1ccccc1,7353.0,1.0,0.0,0.0,0.0,0.0,0.0,0.0,C=C(c1ccccc1)c1ccccc1,277.32300000000004,3.5751800000000022,50.09,0.0,3.0,4.0,2.0,2.0,3.0,0.1111111111111111,21.0,0.0,0.0,0.0,0.0,0.0,0.0,0.0,0.0,0.0,0.0,0.0,0.0,0.0,0.0,0.0,0.0,0.0,0.0,0.0,0.0,1.0,1.0,0.0,0.0,0.0,0.0,0.0,0.0,0.0,0.0,0.0,0.0,0.0,0.0,1.0,1.0,0.0,0.0,0.0,0.0,0.0,0.0,0.0,0.0,1.0,1.0,0.0,0.0,0.0,0.0,1.0,1.0,0.0,0.0,2.0,1.0,12.0,1.0,0.0,0.0,0.0,0.0,0.0,0.0,0.0,0.0,0.0,0.0,0.0,0.0,0.0,0.0,0.0,0.0,0.0,0.0,0.0,0.0,0.0,0.0,0.0,0.0,0.0,0.0,0.0,0.0,0.0,0.0,0.0,0.0,0.0,0.0,0.0,0.0,0.0,0.0,0.0,0.0,0.0,0.0,0.0,0.0,0.0,0.0,0.0,0.0,0.0,0.0,0.0,0.0,0.0,0.0,0.0,0.0,0.0,0.0,0.0,0.0,0.0,0.0,0.0,0.0,0.0,0.0,0.0,0.0,0.0,0.0,0.0,0.0,0.0,0.0,0.0,0.0,0.0,0.0,0.0,0.0,0.0,0.0,0.0,0.0,0.0,0.0,0.0,0.0,0.0,0.0,0.0,0.0,0.0,0.0,0.0,0.0,0.0,0.0,0.0,0.0,0.0,0.0,0.0,0.0,0.0,0.0,0.0,0.0,0.0,0.0,1.0,1.0,0.0,0.0,0.0,0.0,0.0,0.0,0.0,0.0,0.0,0.0,0.0,0.0,0.0,0.0,0.0,0.0,0.0,0.0,0.0,0.0,2.0,1.0,0.0,0.0,0.0,0.0,0.0,0.0,0.0,0.0,0.0,0.0,0.0,0.0,0.0,0.0,0.0,0.0,0.0,0.0,0.0,0.0,0.0,0.0,0.0,0.0,0.0,0.0,0.0,0.0,0.0,0.0,0.0,0.0,0.0,0.0,0.0,0.0,0.0,0.0,0.0,0.0,0.0,0.0,0.0,0.0,0.0,0.0,0.0,0.0,0.0,0.0,0.0,0.0,0.0,0.0,0.0,0.0,0.0,0.0,0.0,0.0,0.0,0.0,0.0,0.0,1.0,2.0,1.0,2.0,0.0,0.0,0,0,0,0,1,0,1,0,C=C(c1ccccc1)c1ccccc1,murcko,train,0,0,1,0,0,0,0,0,0,0,0,0,0,0,0,0,0,0,0,0,0,0,1,0,0,0,0,0,0,0,0,0,0,1,0,1,1,0,1,1,0,0,0,0,0,0,0,0,0,0,0,0,0,0,0,0,0,0,0,0,0,0,0,0,1,0,0,0,0,0,0,0,0,1,0,0,0,0,0,0,1,1,0,0,0,0,0,0,0,0,0,0,0,0,0,0,0,0,0,0,1,0,0,0,1,1,0,0,0,0,0,0,0,0,1,0,0,0,0,0,0,0,0,0,0,1,0,0,0,0,0,0,0,1,0,0,0,0,1,0,0,0,0,0,0,0,0,1,0,0,0,0,0,0,0,0,0,0,0,0,0,0,1,0,0,0,0,0,0,0,0,0,0,0,0,1,0,1,0,0,0,0,0,1,0,0,1,0,0,0,0,0,1,1,0,0,0,0,0,0,0,0,0,0,0,0,0,0,0,0,0,0,0,0,1,0,0,0,0,0,0,0,0,0,0,0,0,0,0,0,0,0,1,0,0,0,0,0,0,0,0,0,0,0,0,0,0,0,0,0,0,0,1,0,0,0,0.3490403745085898,-0.46185139779946754,-0.04027185347756309,0.8108917723080573,0.46185139779946754,0.7048084151935492,-1.5505173382223738,12.059783635676492,0.02245370370370381,12.059783635676492,-0.5947165532879801,12.037329931972788,6.041118669690098,6.018664965986394,0.08307490163112201,3.031828070471198,5.969305287951849,12.179986494582185,5.573104530069267,11.126902983393991,0.0,6.923737199690624,66.73289199740837,0.0,4.736862953800049,10.056428738810308,0.0,123.65619399077579,123.29922018570666,15.079139501373252,11.744319649510494,10.274386907679233,6.699004209041121,14.547054001260033,7.064596009364266,3.370819785102111,104.0,0.0,0.3490403745085898,-0.46185139779946754,0.46185139779946754,0.3490403745085898,50.09,3.5751800000000022,81.15200000000004,1.1,1.2444444444444445
8241,C=C(C)C(=O)O,1,8241,C=C(C)C(=O)O,8241,C=C(C)C(=O)O,C=C(C)C(=O)O,C=C(C)C(=O)O,C=C(C)C(=O)O,8241.0,1.0,0.0,0.0,0.0,0.0,0.0,0.0,,86.08999999999997,0.6471,37.3,1.0,1.0,1.0,0.0,0.0,2.0,0.25,6.0,0.0,0.0,0.0,0.0,0.0,0.0,0.0,0.0,0.0,0.0,0.0,0.0,0.0,0.0,0.0,0.0,0.0,0.0,0.0,0.0,0.0,0.0,0.0,0.0,0.0,0.0,0.0,0.0,0.0,0.0,0.0,0.0,0.0,0.0,0.0,0.0,0.0,0.0,0.0,0.0,1.0,1.0,0.0,0.0,0.0,0.0,0.0,0.0,0.0,0.0,1.0,1.0,0.0,0.0,0.0,0.0,0.0,0.0,0.0,0.0,0.0,0.0,0.0,0.0,0.0,0.0,0.0,0.0,0.0,0.0,0.0,0.0,0.0,0.0,0.0,0.0,0.0,0.0,0.0,0.0,0.0,0.0,0.0,0.0,0.0,0.0,0.0,0.0,0.0,0.0,0.0,0.0,0.0,0.0,0.0,0.0,0.0,0.0,0.0,0.0,0.0,0.0,0.0,0.0,0.0,0.0,0.0,0.0,0.0,0.0,0.0,0.0,0.0,0.0,0.0,0.0,0.0,0.0,0.0,0.0,0.0,0.0,0.0,0.0,0.0,0.0,0.0,0.0,0.0,0.0,0.0,0.0,0.0,0.0,0.0,0.0,0.0,0.0,0.0,0.0,0.0,0.0,0.0,0.0,0.0,0.0,0.0,0.0,0.0,0.0,0.0,0.0,0.0,0.0,0.0,0.0,0.0,0.0,0.0,0.0,0.0,0.0,0.0,0.0,0.0,0.0,0.0,0.0,1.0,1.0,0.0,0.0,0.0,0.0,0.0,0.0,0.0,0.0,0.0,0.0,0.0,0.0,0.0,0.0,0.0,0.0,0.0,0.0,0.0,0.0,0.0,0.0,0.0,0.0,0.0,0.0,0.0,0.0,0.0,0.0,0.0,0.0,0.0,0.0,0.0,0.0,0.0,0.0,0.0,0.0,0.0,0.0,0.0,0.0,0.0,0.0,0.0,0.0,0.0,0.0,0.0,0.0,0.0,0.0,0.0,0.0,0.0,0.0,0.0,0.0,0.0,0.0,0.0,0.0,0.0,0.0,0.0,0.0,0.0,0.0,0.0,0.0,0.0,0.0,0.0,0.0,0.0,0.0,0.0,0.0,0.0,0.0,0.0,0.0,0.0,0.0,1.0,1.0,1.0,1.0,0.0,0.0,0,0,0,0,1,0,0,0,ACY_**(*)*(*)*,acyclic_anonymous_graph,train,0,0,0,0,0,0,0,0,0,0,0,0,0,0,0,0,0,0,0,0,0,0,0,0,0,0,0,0,0,0,0,0,0,1,0,0,0,0,0,1,0,0,0,0,0,0,0,0,0,0,0,0,0,0,0,0,0,0,0,0,0,0,0,0,0,0,0,0,0,0,0,0,0,0,0,0,0,0,0,0,0,0,0,0,0,0,1,0,0,0,0,0,0,0,0,0,0,0,0,0,0,0,0,0,0,0,0,0,0,0,0,0,0,0,0,0,0,0,0,0,0,0,0,0,0,1,0,0,0,0,0,0,0,1,0,0,0,0,1,0,0,0,0,0,0,0,0,0,0,0,0,0,0,0,0,0,0,0,0,0,0,0,0,0,0,0,0,0,0,0,0,0,0,0,0,0,0,0,0,0,0,0,0,0,1,0,0,0,0,0,1,0,0,0,0,0,0,0,0,0,0,0,0,0,0,0,0,0,0,0,0,0,0,0,0,0,0,0,0,0,0,0,0,0,0,0,0,0,0,0,0,0,1,0,0,0,0,0,0,0,0,0,0,0,0,0,0,0,0,1,0,0,0,0,1,0,0.3301633832338257,-0.4778969618559836,-0.08165020806512452,0.8080603450898094,0.4778969618559836,0.3568701601975066,-0.8467714085882537,9.599537037037036,0.17592592592592626,9.599537037037036,-0.9351851851851849,9.42361111111111,4.887731481481481,4.711805555555555,0.10611643330876935,2.5351130000363904,5.969305287951849,5.573104530069267,0.0,0.0,6.923737199690624,0.0,0.0,6.578935683598497,5.106527394840706,4.794537184071822,0.0,36.10023019107489,34.94614728022277,5.1547005383792515,3.5625686671503685,2.6427344100918364,1.5312843335751842,5.21,1.5981469637969208,1.5215264797507788,34.0,0.0,0.3301633832338257,-0.4778969618559836,0.4778969618559836,0.3301633832338257,37.3,0.6471,22.449799999999993,0.8999999999999999,0.30000000000000004
3718,Fc1ccc(C2(Cn3cncn3)OC2c2ccccc2Cl)cc1,0,3718,Fc1ccc(C2(Cn3cncn3)OC2c2ccccc2Cl)cc1,3718,Fc1ccc(C2(Cn3cncn3)OC2c2ccccc2Cl)cc1,Fc1ccc(C2(Cn3cncn3)OC2c2ccccc2Cl)cc1,Fc1ccc(C2(Cn3cncn3)OC2c2ccccc2Cl)cc1,Fc1ccc(C2(Cn3cncn3)OC2c2ccccc2Cl)cc1,3718.0,1.0,0.0,0.0,0.0,0.0,0.0,0.0,c1ccc(C2OC2(Cn2cncn2)c2ccccc2)cc1,329.76200000000006,3.737600000000002,43.24,0.0,4.0,4.0,4.0,3.0,6.0,0.1764705882352941,23.0,0.0,0.0,0.0,0.0,0.0,0.0,0.0,0.0,0.0,0.0,0.0,0.0,0.0,0.0,0.0,0.0,0.0,0.0,0.0,0.0,0.0,0.0,0.0,0.0,0.0,0.0,0.0,0.0,0.0,0.0,0.0,0.0,0.0,0.0,1.0,1.0,0.0,0.0,0.0,0.0,0.0,0.0,0.0,0.0,0.0,0.0,0.0,0.0,0.0,0.0,0.0,0.0,0.0,0.0,2.0,1.0,13.0,1.0,0.0,0.0,1.0,1.0,2.0,1.0,1.0,1.0,1.0,1.0,0.0,0.0,0.0,0.0,0.0,0.0,0.0,0.0,0.0,0.0,0.0,0.0,0.0,0.0,0.0,0.0,0.0,0.0,0.0,0.0,0.0,0.0,0.0,0.0,0.0,0.0,0.0,0.0,0.0,0.0,0.0,0.0,0.0,0.0,0.0,0.0,0.0,0.0,0.0,0.0,0.0,0.0,0.0,0.0,0.0,0.0,0.0,0.0,0.0,0.0,0.0,0.0,0.0,0.0,0.0,0.0,0.0,0.0,0.0,0.0,0.0,0.0,0.0,0.0,0.0,0.0,0.0,0.0,0.0,0.0,0.0,0.0,0.0,0.0,0.0,0.0,0.0,0.0,0.0,0.0,0.0,0.0,1.0,1.0,0.0,0.0,0.0,0.0,0.0,0.0,0.0,0.0,0.0,0.0,0.0,0.0,0.0,0.0,0.0,0.0,0.0,0.0,0.0,0.0,0.0,0.0,0.0,0.0,0.0,0.0,0.0,0.0,0.0,0.0,0.0,0.0,0.0,0.0,0.0,0.0,0.0,0.0,0.0,0.0,0.0,0.0,0.0,0.0,0.0,0.0,0.0,0.0,0.0,0.0,0.0,0.0,2.0,1.0,0.0,0.0,0.0,0.0,0.0,0.0,0.0,0.0,0.0,0.0,0.0,0.0,0.0,0.0,0.0,0.0,0.0,0.0,0.0,0.0,0.0,0.0,0.0,0.0,0.0,0.0,0.0,0.0,0.0,0.0,0.0,0.0,0.0,0.0,0.0,0.0,0.0,0.0,0.0,0.0,0.0,0.0,0.0,0.0,0.0,0.0,0.0,0.0,0.0,0.0,1.0,2.0,1.0,1.0,1.0,1.0,0,0,0,1,0,0,0,0,c1ccc(C2OC2(Cn2cncn2)c2ccccc2)cc1,murcko,train,1,0,0,1,0,0,0,0,0,0,0,0,0,0,0,0,0,0,0,0,0,0,0,0,0,1,0,0,0,0,0,0,0,0,0,0,1,1,0,0,0,0,0,1,1,0,1,0,0,1,0,0,0,0,0,0,0,0,0,0,0,0,0,0,1,0,0,1,0,0,0,0,0,0,0,0,0,0,0,0,1,1,0,0,0,0,0,0,0,0,1,0,0,0,0,0,0,0,0,0,1,0,0,0,0,0,0,0,0,1,1,0,0,0,0,1,0,0,0,0,1,0,1,0,0,0,0,0,0,0,1,0,0,0,1,0,1,0,0,1,0,0,0,0,1,0,0,1,0,0,0,0,1,0,0,0,0,0,0,0,0,0,0,0,1,1,0,1,0,0,0,0,0,0,0,1,0,0,0,0,0,0,0,0,0,0,0,1,0,0,0,0,0,0,0,0,0,0,0,0,0,0,0,0,0,0,1,0,0,0,0,0,0,0,1,0,0,0,0,0,0,0,0,0,0,0,0,0,1,1,0,0,0,1,0,1,0,0,0,0,0,0,0,0,0,0,0,0,0,0,0,1,0,0,0,0,0.14389101927841977,-0.353758311252023,-0.03918318538415665,0.4976493305304428,0.353758311252023,0.765977656780172,-1.667190920615775,13.2672940603902,0.2029062736205598,13.2672940603902,-0.6186574074074072,13.06438778676964,6.735100167005379,6.53219389338482,0.07654396182366113,3.4721546083876773,5.601050810983688,11.921187228794198,11.567389719653901,11.126902983393991,18.460054211687762,23.141857146832947,24.26546827384644,10.082660329248245,16.337802844032566,4.39041504767482,0.0,137.0438150185078,136.89478859614854,15.863596551749426,12.063777765254626,11.188307160060724,7.1964353376606,14.358476345951095,5.438230209850409,2.517167523081855,116.0,0.0,0.14389101927841977,-0.353758311252023,0.353758311252023,0.14389101927841977,43.24,3.7376000000000023,83.37800000000003,0.6000000000000001,0.8705882352941177
7735,C=CC(=O)OCCOC(=O)C1CCCCC1C(=O)O,1,7735,C=CC(=O)OCCOC(=O)C1CCCCC1C(=O)O,7735,C=CC(=O)OCCOC(=O)C1CCCCC1C(=O)O,C=CC(=O)OCCOC(=O)C1CCCCC1C(=O)O,C=CC(=O)OCCOC(=O)C1CCCCC1C(=O)O,C=CC(=O)OCCOC(=O)C1CCCCC1C(=O)O,7735.0,1.0,0.0,0.0,0.0,0.0,0.0,0.0,C1CCCCC1,270.28099999999995,1.1497999999999995,89.9,1.0,5.0,6.0,1.0,0.0,6.0,0.6153846153846154,19.0,0.0,0.0,0.0,0.0,0.0,0.0,0.0,0.0,0.0,0.0,0.0,0.0,0.0,0.0,0.0,0.0,0.0,0.0,0.0,0.0,0.0,0.0,0.0,0.0,0.0,0.0,0.0,0.0,0.0,0.0,0.0,0.0,0.0,0.0,2.0,1.0,0.0,0.0,0.0,0.0,1.0,1.0,0.0,0.0,2.0,1.0,0.0,0.0,0.0,0.0,1.0,1.0,0.0,0.0,0.0,0.0,0.0,0.0,0.0,0.0,0.0,0.0,0.0,0.0,0.0,0.0,0.0,0.0,0.0,0.0,0.0,0.0,0.0,0.0,0.0,0.0,0.0,0.0,0.0,0.0,0.0,0.0,0.0,0.0,0.0,0.0,0.0,0.0,0.0,0.0,0.0,0.0,0.0,0.0,0.0,0.0,0.0,0.0,0.0,0.0,0.0,0.0,0.0,0.0,0.0,0.0,0.0,0.0,0.0,0.0,0.0,0.0,0.0,0.0,0.0,0.0,0.0,0.0,0.0,0.0,0.0,0.0,0.0,0.0,0.0,0.0,0.0,0.0,0.0,0.0,0.0,0.0,0.0,0.0,0.0,0.0,0.0,0.0,0.0,0.0,0.0,0.0,0.0,0.0,0.0,0.0,0.0,0.0,0.0,0.0,0.0,0.0,0.0,0.0,0.0,0.0,0.0,0.0,0.0,0.0,0.0,0.0,0.0,0.0,0.0,0.0,0.0,0.0,1.0,1.0,0.0,0.0,0.0,0.0,0.0,0.0,0.0,0.0,0.0,0.0,0.0,0.0,0.0,0.0,0.0,0.0,0.0,0.0,0.0,0.0,0.0,0.0,0.0,0.0,0.0,0.0,0.0,0.0,0.0,0.0,0.0,0.0,0.0,0.0,0.0,0.0,0.0,0.0,0.0,0.0,0.0,0.0,0.0,0.0,0.0,0.0,0.0,0.0,0.0,0.0,0.0,0.0,0.0,0.0,0.0,0.0,0.0,0.0,0.0,0.0,0.0,0.0,0.0,0.0,0.0,0.0,0.0,0.0,4.0,1.0,0.0,0.0,0.0,0.0,0.0,0.0,0.0,0.0,0.0,0.0,0.0,0.0,0.0,0.0,0.0,0.0,1.0,2.0,1.0,1.0,1.0,1.0,0,0,0,0,1,1,0,0,C1CCCCC1,murcko,train,0,0,0,0,1,0,0,0,0,0,1,0,0,1,0,0,0,0,0,0,0,0,1,0,0,0,0,0,0,1,0,0,0,0,0,0,0,0,0,1,0,0,0,0,0,1,0,0,0,1,0,0,0,0,0,0,0,0,0,0,0,0,0,0,0,0,0,0,0,0,0,0,0,0,0,0,0,0,0,0,1,0,0,0,0,0,1,0,0,0,0,0,0,0,0,0,0,0,0,0,0,0,0,0,0,0,0,0,0,1,0,0,0,0,0,0,0,0,0,0,0,0,1,0,0,1,0,0,0,0,0,0,0,1,0,0,0,0,1,0,0,0,0,0,0,0,0,1,0,0,0,1,0,0,0,0,1,0,1,0,0,0,0,0,0,0,0,0,0,0,0,0,0,0,0,0,0,0,0,0,0,0,1,1,0,0,0,0,0,0,0,1,0,0,0,0,0,0,0,0,0,0,0,0,0,0,0,0,1,1,0,1,0,0,0,0,0,0,0,1,0,0,0,0,0,0,0,0,0,0,0,1,0,0,0,0,0,0,0,0,0,1,0,0,1,0,0,0,0,0,0,1,1,0,0,0,0.32976334816421415,-0.4810072295962916,-0.05653493468279632,0.8107705777605058,0.4810072295962916,1.3533745620420738,-2.427538321015204,11.780980883093978,0.05451247165532891,11.780980883093978,-0.9585785713504864,11.726468411438649,5.917746677374653,5.8632342057193245,0.08527716656999174,2.98638298495893,29.743727956178333,13.213763929025836,12.841643245852019,18.9176633526859,0.0,0.0,0.0,11.315798637398547,9.843390348640755,14.383611552215466,0.0,110.92901272621644,110.25959902199685,14.25071237662706,10.670253323693986,9.057749310264366,6.245681401608624,15.208309037900875,7.555275950450702,4.728702806649386,106.0,0.0,0.32976334816421415,-0.4810072295962916,0.4810072295962916,0.32976334816421415,89.9,1.1497999999999997,65.19880000000003,0.8999999999999999,2.746153846153846
10545,O=C1c2ccccc2C(=O)C1(C1(S(=O)(=O)O)C=Cc2ccccc2N1)S(=O)(=O)O,0,10545,O=C1c2ccccc2C(=O)C1(C1(S(=O)(=O)O)C=Cc2ccccc2N1)S(=O)(=O)O,10545,O=C1c2ccccc2C(=O)C1(C1(S(=O)(=O)O)C=Cc2ccccc2N1)S(=O)(=O)O,O=C1c2ccccc2C(=O)C1(C1(S(=O)(=O)O)C=Cc2ccccc2N1)S(=O)(=O)O,O=C1c2ccccc2C(=O)C1(C1(S(=O)(=O)O)C=Cc2ccccc2N1)S(=O)(=O)O,O=C1c2ccccc2C(=O)C1(C1(S(=O)(=O)O)C=Cc2ccccc2N1)S(=O)(=O)O,10545.0,1.0,0.0,0.0,0.0,0.0,0.0,0.0,O=C1c2ccccc2C(=O)C1C1C=Cc2ccccc2N1,435.43500000000006,1.4152,154.91,3.0,7.0,3.0,4.0,2.0,11.0,0.1111111111111111,29.0,0.0,0.0,0.0,0.0,0.0,0.0,0.0,0.0,0.0,0.0,0.0,0.0,0.0,0.0,0.0,0.0,1.0,1.0,0.0,0.0,0.0,0.0,0.0,0.0,0.0,0.0,0.0,0.0,0.0,0.0,0.0,0.0,0.0,0.0,0.0,0.0,0.0,0.0,2.0,1.0,0.0,0.0,0.0,0.0,0.0,0.0,0.0,0.0,0.0,0.0,1.0,1.0,0.0,0.0,2.0,1.0,12.0,1.0,4.0,1.0,0.0,0.0,0.0,0.0,0.0,0.0,0.0,0.0,0.0,0.0,0.0,0.0,0.0,0.0,0.0,0.0,2.0,1.0,0.0,0.0,2.0,1.0,0.0,0.0,0.0,0.0,0.0,0.0,0.0,0.0,0.0,0.0,0.0,0.0,0.0,0.0,0.0,0.0,0.0,0.0,0.0,0.0,0.0,0.0,0.0,0.0,0.0,0.0,0.0,0.0,0.0,0.0,1.0,1.0,0.0,0.0,0.0,0.0,0.0,0.0,0.0,0.0,0.0,0.0,0.0,0.0,0.0,0.0,0.0,0.0,0.0,0.0,0.0,0.0,0.0,0.0,0.0,0.0,0.0,0.0,0.0,0.0,0.0,0.0,0.0,0.0,0.0,0.0,0.0,0.0,0.0,0.0,0.0,0.0,0.0,0.0,0.0,0.0,0.0,0.0,0.0,0.0,0.0,0.0,0.0,0.0,0.0,0.0,0.0,0.0,0.0,0.0,0.0,0.0,0.0,0.0,0.0,0.0,0.0,0.0,0.0,0.0,0.0,0.0,0.0,0.0,0.0,0.0,0.0,0.0,1.0,1.0,0.0,0.0,0.0,0.0,0.0,0.0,0.0,0.0,0.0,0.0,0.0,0.0,0.0,0.0,0.0,0.0,0.0,0.0,0.0,0.0,0.0,0.0,0.0,0.0,0.0,0.0,0.0,0.0,0.0,0.0,0.0,0.0,0.0,0.0,0.0,0.0,0.0,0.0,0.0,0.0,0.0,0.0,0.0,0.0,0.0,0.0,0.0,0.0,0.0,0.0,0.0,0.0,0.0,0.0,0.0,0.0,0.0,0.0,0.0,0.0,0.0,0.0,0.0,0.0,1.0,2.0,1.0,2.0,0.0,0.0,0,0,1,0,0,0,0,0,O=C1c2ccccc2C(=O)C1C1C=Cc2ccccc2N1,murcko,train,0,0,0,1,0,0,0,0,0,0,0,0,0,0,0,0,1,0,0,1,0,1,0,0,0,0,0,0,0,0,0,0,0,0,0,1,1,0,0,1,0,0,0,0,0,0,0,0,0,0,0,0,0,1,0,1,0,0,1,0,0,0,0,0,1,0,0,0,0,0,0,0,0,0,0,0,0,0,0,0,1,1,0,0,0,0,0,0,0,0,1,0,0,0,1,0,1,0,0,0,1,0,0,0,0,0,0,0,0,0,0,0,0,0,0,0,1,0,0,0,0,0,0,0,0,0,0,0,1,0,0,0,0,0,0,0,0,1,1,0,0,0,0,0,0,0,0,0,0,0,0,0,0,0,0,0,1,0,0,0,0,0,0,0,0,0,0,0,1,1,0,0,0,0,0,1,0,0,1,0,0,0,0,0,0,1,0,0,0,0,1,0,0,0,0,0,1,0,0,0,0,0,0,0,0,0,1,0,0,0,0,0,0,0,1,0,1,0,0,0,0,0,0,0,0,0,0,0,1,0,0,0,0,0,0,0,0,0,0,0,0,0,0,0,0,0,0,1,0,0,0,0,0,0,1,0,0.29519675905474924,-0.35880578789844203,-0.043326728384831856,0.6540025469531913,0.35880578789844203,1.5732281949072568,-2.8297033180673807,13.229464600655078,0.0344501133786852,13.229464600655078,-5.725959585222977,13.195014487276392,6.631957357016882,6.597507243638196,0.07578619947437526,3.3332936790408123,41.42072330021867,16.814289258077554,11.639471598530877,18.208754243757102,24.26546827384644,12.13273413692322,0.0,5.316788604006331,0.0,35.53016808418224,0.0,165.1070630764748,165.32839749954246,21.24227620818978,14.433916206607082,13.471980664871937,8.163695760166714,19.456155788753698,5.827350567990798,2.26220893574804,150.0,0.0,0.29519675905474924,-0.35880578789844203,0.35880578789844203,0.29519675905474924,154.91,1.4152,102.76090000000002,1.1,0.6444444444444445
7774,Cc1ncc(CO)c(CO)c1O,0,7774,Cc1ncc(CO)c(CO)c1O,7774,Cc1ncc(CO)c(CO)c1O,Cc1ncc(CO)c(CO)c1O,Cc1ncc(CO)c(CO)c1O,Cc1ncc(CO)c(CO)c1O,7774.0,1.0,0.0,0.0,0.0,0.0,0.0,0.0,c1ccncc1,169.18,0.0802199999999998,73.58000000000001,3.0,4.0,2.0,1.0,1.0,4.0,0.375,12.0,0.0,0.0,0.0,0.0,0.0,0.0,0.0,0.0,0.0,0.0,0.0,0.0,0.0,0.0,0.0,0.0,0.0,0.0,0.0,0.0,0.0,0.0,0.0,0.0,0.0,0.0,0.0,0.0,0.0,0.0,2.0,1.0,1.0,1.0,0.0,0.0,0.0,0.0,0.0,0.0,0.0,0.0,0.0,0.0,0.0,0.0,0.0,0.0,0.0,0.0,0.0,0.0,0.0,0.0,1.0,1.0,6.0,1.0,0.0,0.0,0.0,0.0,0.0,0.0,0.0,0.0,0.0,0.0,0.0,0.0,0.0,0.0,0.0,0.0,0.0,0.0,0.0,0.0,0.0,0.0,0.0,0.0,0.0,0.0,0.0,0.0,0.0,0.0,0.0,0.0,0.0,0.0,0.0,0.0,0.0,0.0,0.0,0.0,0.0,0.0,0.0,0.0,0.0,0.0,0.0,0.0,0.0,0.0,0.0,0.0,0.0,0.0,0.0,0.0,0.0,0.0,0.0,0.0,0.0,0.0,0.0,0.0,0.0,0.0,0.0,0.0,0.0,0.0,0.0,0.0,0.0,0.0,0.0,0.0,0.0,0.0,0.0,0.0,0.0,0.0,0.0,0.0,0.0,0.0,0.0,0.0,0.0,0.0,0.0,0.0,0.0,0.0,0.0,0.0,0.0,0.0,0.0,0.0,0.0,0.0,0.0,0.0,0.0,0.0,0.0,0.0,0.0,0.0,0.0,0.0,0.0,0.0,0.0,0.0,0.0,0.0,0.0,0.0,0.0,0.0,0.0,0.0,0.0,0.0,0.0,0.0,0.0,0.0,0.0,0.0,0.0,0.0,0.0,0.0,0.0,0.0,0.0,0.0,0.0,0.0,0.0,0.0,0.0,0.0,0.0,0.0,0.0,0.0,0.0,0.0,0.0,0.0,0.0,0.0,0.0,0.0,0.0,0.0,0.0,0.0,0.0,0.0,0.0,0.0,0.0,0.0,0.0,0.0,0.0,0.0,0.0,0.0,0.0,0.0,0.0,0.0,0.0,0.0,0.0,0.0,0.0,0.0,0.0,0.0,0.0,0.0,0.0,0.0,0.0,0.0,0.0,0.0,1.0,1.0,0.0,0.0,1.0,1.0,0.0,0.0,1.0,1.0,0,0,0,0,0,0,0,1,c1ccncc1,murcko,train,0,0,0,0,0,0,0,0,0,0,0,0,0,0,0,0,0,0,0,0,0,0,0,0,0,0,0,0,1,0,0,0,0,1,0,0,0,1,0,1,0,0,0,0,0,0,0,0,0,0,1,0,0,0,0,0,0,0,0,0,0,0,0,0,0,0,1,0,0,1,0,0,0,0,0,0,0,0,0,0,1,1,0,0,0,0,0,0,0,0,0,0,1,0,0,0,0,0,0,0,1,0,0,0,0,0,0,0,0,0,0,0,0,0,0,0,0,0,0,0,0,0,1,0,0,0,0,0,0,0,0,0,0,0,0,0,0,0,0,0,0,0,0,0,0,0,0,0,0,0,0,0,0,1,0,0,1,0,0,0,0,0,0,0,0,0,0,0,0,0,0,0,1,0,0,0,0,0,0,0,0,0,0,0,0,0,1,0,0,0,0,0,0,1,0,0,0,0,0,0,0,0,1,0,0,0,0,0,0,0,1,0,0,0,0,0,0,0,0,0,0,0,1,0,0,0,0,0,0,0,0,0,0,0,0,0,0,0,0,0,0,0,1,0,0,0,1,0,0,0,0,0,0,0,0,1,0.1421423749862462,-0.5056586544704539,-0.09453476766923037,0.6478010294567,0.5056586544704539,0.430160770084936,-1.5645779821157006,9.37587962962963,0.037916666666666377,9.37587962962963,-0.28662037037037047,9.337962962962964,4.706898148148148,4.668981481481482,0.10708973723351511,2.3725613674966484,0.0,18.963275762309742,16.82083097824245,0.0,6.196843571613076,6.923737199690624,0.0,4.9839785209472085,10.213054789681411,5.106527394840706,0.0,70.12857870022134,69.20824821732522,9.137828201504695,6.7804182135625535,5.701907262607798,3.583649933062156,8.961996320147193,3.511902541144525,1.3914812233214935,66.0,0.0,0.1421423749862462,-0.5056586544704539,0.5056586544704539,0.1421423749862462,73.58000000000001,0.08021999999999985,42.484400000000015,0.0,0.55
3670,OB(O)O,0,3670,OB(O)O,3670,OB(O)O,OB(O)O,OB(O)O,OB(O)O,3670.0,1.0,0.0,0.0,0.0,0.0,0.0,0.0,,61.83300000000001,-2.0518,60.69,3.0,3.0,0.0,0.0,0.0,4.0,0.0,4.0,0.0,0.0,0.0,0.0,0.0,0.0,0.0,0.0,0.0,0.0,0.0,0.0,0.0,0.0,0.0,0.0,0.0,0.0,0.0,0.0,0.0,0.0,0.0,0.0,0.0,0.0,0.0,0.0,0.0,0.0,0.0,0.0,0.0,0.0,0.0,0.0,0.0,0.0,0.0,0.0,0.0,0.0,0.0,0.0,0.0,0.0,0.0,0.0,0.0,0.0,0.0,0.0,0.0,0.0,0.0,0.0,0.0,0.0,0.0,0.0,0.0,0.0,0.0,0.0,0.0,0.0,0.0,0.0,0.0,0.0,0.0,0.0,0.0,0.0,0.0,0.0,0.0,0.0,0.0,0.0,0.0,0.0,0.0,0.0,0.0,0.0,0.0,0.0,0.0,0.0,0.0,0.0,0.0,0.0,0.0,0.0,0.0,0.0,0.0,0.0,0.0,0.0,0.0,0.0,0.0,0.0,0.0,0.0,0.0,0.0,0.0,0.0,0.0,0.0,0.0,0.0,0.0,0.0,0.0,0.0,0.0,0.0,0.0,0.0,0.0,0.0,0.0,0.0,0.0,0.0,0.0,0.0,0.0,0.0,0.0,0.0,0.0,0.0,0.0,0.0,0.0,0.0,0.0,0.0,0.0,0.0,0.0,0.0,0.0,0.0,0.0,0.0,0.0,0.0,0.0,0.0,0.0,0.0,0.0,0.0,0.0,0.0,0.0,0.0,0.0,0.0,0.0,0.0,0.0,0.0,0.0,0.0,0.0,0.0,0.0,0.0,0.0,0.0,0.0,0.0,0.0,0.0,0.0,0.0,0.0,0.0,0.0,0.0,0.0,0.0,0.0,0.0,0.0,0.0,0.0,0.0,0.0,0.0,0.0,0.0,0.0,0.0,0.0,0.0,0.0,0.0,0.0,0.0,0.0,0.0,0.0,0.0,0.0,0.0,0.0,0.0,0.0,0.0,0.0,0.0,0.0,0.0,0.0,0.0,0.0,0.0,0.0,0.0,0.0,0.0,0.0,0.0,0.0,0.0,0.0,0.0,0.0,0.0,0.0,0.0,0.0,0.0,0.0,0.0,0.0,0.0,0.0,0.0,0.0,0.0,0.0,0.0,0.0,0.0,0.0,0.0,0.0,0.0,0.0,0.0,0.0,0.0,0,0,0,0,0,0,0,0,ACY_**(*)*,acyclic_anonymous_graph,train,0,0,0,0,0,0,0,0,0,0,0,0,0,0,0,1,0,0,0,0,0,0,0,0,0,0,0,0,0,1,0,0,0,0,0,1,0,0,0,1,0,0,0,0,0,0,0,0,0,0,0,0,0,0,0,0,0,0,0,0,0,0,0,0,0,0,0,0,0,0,0,0,0,0,0,0,0,0,0,0,0,0,0,0,0,0,0,0,0,0,0,0,0,0,0,0,0,0,0,0,0,0,0,0,0,0,0,0,0,0,0,0,0,0,0,0,0,0,0,0,0,0,0,0,0,0,0,0,0,0,0,0,0,0,0,0,0,0,0,0,0,0,0,0,0,0,0,0,0,0,0,0,0,0,0,0,0,0,0,0,0,0,0,0,0,0,0,0,0,0,0,0,0,0,0,0,0,0,0,0,0,0,0,0,0,0,0,0,0,0,0,0,0,0,0,0,0,0,0,0,0,0,0,0,0,0,0,0,0,0,0,0,0,0,0,0,0,0,0,0,0,0,0,0,0,0,0,0,0,0,0,0,0,0,0,0,0,0,0,0,0,0,0,0,0,0,0,0,0,0,0,0,0,0,0,0,0.6306456328238041,-0.4018195480003625,-0.14370325279432083,1.0324651808241667,0.6306456328238041,0.6306456328238041,-1.2054586440010875,7.166666666666667,2.166666666666667,7.166666666666667,-2.166666666666667,5.0,4.666666666666667,2.5,0.2,4.355555555555556,7.3212123586851945,0.0,0.0,0.0,0.0,0.0,0.0,0.0,15.07206772519801,0.0,0.0,23.684517280895907,22.393280083883205,3.5773502691896257,1.9189910556894996,1.7320508075688772,0.7745966692414834,3.944935064935065,1.2845011259687569,572.7416598780339,24.0,0.0,0.6306456328238041,-0.4018195480003625,0.6306456328238041,0.4018195480003625,60.69,-2.0518,12.4104,0.0,0.0
10095,C=C(C)C=O,1,10095,C=C(C)C=O,10095,C=C(C)C=O,C=C(C)C=O,C=C(C)C=O,C=C(C)C=O,10095.0,1.0,0.0,0.0,0.0,0.0,0.0,0.0,,70.091,0.7614,17.07,0.0,1.0,1.0,0.0,0.0,1.0,0.25,5.0,0.0,0.0,0.0,0.0,0.0,0.0,0.0,0.0,0.0,0.0,0.0,0.0,0.0,0.0,0.0,0.0,0.0,0.0,0.0,0.0,0.0,0.0,0.0,0.0,0.0,0.0,0.0,0.0,0.0,0.0,0.0,0.0,0.0,0.0,0.0,0.0,1.0,1.0,0.0,0.0,0.0,0.0,0.0,0.0,0.0,0.0,0.0,0.0,0.0,0.0,1.0,1.0,0.0,0.0,0.0,0.0,0.0,0.0,0.0,0.0,0.0,0.0,0.0,0.0,0.0,0.0,0.0,0.0,0.0,0.0,0.0,0.0,0.0,0.0,0.0,0.0,0.0,0.0,0.0,0.0,0.0,0.0,0.0,0.0,0.0,0.0,0.0,0.0,0.0,0.0,0.0,0.0,0.0,0.0,0.0,0.0,0.0,0.0,0.0,0.0,0.0,0.0,0.0,0.0,0.0,0.0,0.0,0.0,0.0,0.0,0.0,0.0,0.0,0.0,0.0,0.0,0.0,0.0,0.0,0.0,0.0,0.0,0.0,0.0,0.0,0.0,0.0,0.0,0.0,0.0,0.0,0.0,0.0,0.0,0.0,0.0,0.0,0.0,0.0,0.0,0.0,0.0,0.0,0.0,0.0,0.0,0.0,0.0,0.0,0.0,0.0,0.0,0.0,0.0,0.0,0.0,0.0,0.0,0.0,0.0,0.0,0.0,0.0,0.0,0.0,0.0,0.0,0.0,1.0,1.0,0.0,0.0,0.0,0.0,0.0,0.0,0.0,0.0,0.0,0.0,0.0,0.0,0.0,0.0,0.0,0.0,0.0,0.0,0.0,0.0,0.0,0.0,0.0,0.0,0.0,0.0,0.0,0.0,0.0,0.0,0.0,0.0,0.0,0.0,0.0,0.0,0.0,0.0,0.0,0.0,0.0,0.0,0.0,0.0,0.0,0.0,0.0,0.0,0.0,0.0,0.0,0.0,0.0,0.0,0.0,0.0,0.0,0.0,0.0,0.0,0.0,0.0,0.0,0.0,0.0,0.0,0.0,0.0,0.0,0.0,0.0,0.0,0.0,0.0,0.0,0.0,0.0,0.0,0.0,0.0,0.0,0.0,0.0,0.0,0.0,0.0,1.0,1.0,1.0,1.0,0.0,0.0,0,0,0,0,1,0,0,0,ACY_***(*)*,acyclic_anonymous_graph,train,0,0,0,0,0,0,0,0,0,0,0,0,0,0,0,0,0,0,0,0,0,0,0,0,0,0,0,0,0,0,0,0,0,1,0,0,0,0,0,1,0,0,0,0,0,0,0,0,0,0,0,0,0,0,0,0,0,0,0,0,0,0,0,0,0,0,0,0,0,0,0,0,0,0,0,0,0,0,0,0,0,0,0,0,0,0,1,0,0,0,0,0,0,0,0,0,0,0,0,0,0,0,0,0,0,0,0,0,0,0,0,0,0,0,0,0,0,0,0,0,0,0,0,1,0,0,0,0,0,0,0,0,0,0,0,0,0,0,1,0,0,0,0,0,0,0,0,0,0,0,0,0,0,0,0,0,0,0,0,0,0,0,0,0,0,0,0,0,0,0,0,0,0,0,1,0,0,0,0,0,0,0,1,0,0,0,0,0,0,0,0,0,0,0,0,0,0,0,0,0,0,0,0,0,0,0,0,0,0,0,0,0,0,0,0,0,0,0,0,0,0,0,0,0,0,0,0,0,0,0,0,0,0,0,0,0,1,0,1,0,0,0,0,0,0,0,0,0,0,1,0,0,0,0,1,0,0.14464746563280093,-0.2982913909836627,-0.06041715074813059,0.4429388566164636,0.2982913909836627,0.14464746563280093,-0.44673321937345384,9.405092592592592,0.5740740740740742,9.405092592592592,0.5740740740740742,8.831018518518517,4.989583333333333,4.415509259259259,0.11323722149410224,2.819147280471822,0.0,0.0,5.573104530069267,6.286160523129555,0.0,6.923737199690624,0.0,6.578935683598497,0.0,4.794537184071822,0.0,31.305996438878886,30.156475120559765,4.284457050376173,3.1927053408400363,2.270055610029662,1.3779307855836025,4.41,1.7032551319648097,3.410000000000001,28.0,0.0,0.14464746563280093,-0.2982913909836627,0.2982913909836627,0.14464746563280093,17.07,0.7614,20.877999999999993,0.8999999999999999,0.30000000000000004
6081,C1CCCC1,0,6081,C1CCCC1,6081,C1CCCC1,C1CCCC1,C1CCCC1,C1CCCC1,6081.0,1.0,0.0,0.0,0.0,0.0,0.0,0.0,C1CCCC1,70.135,1.9505,0.0,0.0,0.0,0.0,1.0,0.0,0.0,1.0,5.0,0.0,0.0,0.0,0.0,0.0,0.0,0.0,0.0,0.0,0.0,0.0,0.0,0.0,0.0,0.0,0.0,0.0,0.0,0.0,0.0,0.0,0.0,0.0,0.0,0.0,0.0,0.0,0.0,0.0,0.0,0.0,0.0,0.0,0.0,0.0,0.0,0.0,0.0,0.0,0.0,0.0,0.0,0.0,0.0,0.0,0.0,0.0,0.0,0.0,0.0,0.0,0.0,0.0,0.0,0.0,0.0,0.0,0.0,0.0,0.0,0.0,0.0,0.0,0.0,0.0,0.0,0.0,0.0,0.0,0.0,0.0,0.0,0.0,0.0,0.0,0.0,0.0,0.0,0.0,0.0,0.0,0.0,0.0,0.0,0.0,0.0,0.0,0.0,0.0,0.0,0.0,0.0,0.0,0.0,0.0,0.0,0.0,0.0,0.0,0.0,0.0,0.0,0.0,0.0,0.0,0.0,0.0,0.0,0.0,0.0,0.0,0.0,0.0,0.0,0.0,0.0,0.0,0.0,0.0,0.0,0.0,0.0,0.0,0.0,0.0,0.0,0.0,0.0,0.0,0.0,0.0,0.0,0.0,0.0,0.0,0.0,0.0,0.0,0.0,0.0,0.0,0.0,0.0,0.0,0.0,0.0,0.0,0.0,0.0,0.0,0.0,0.0,0.0,0.0,0.0,0.0,0.0,0.0,0.0,0.0,0.0,0.0,0.0,0.0,0.0,0.0,0.0,0.0,0.0,0.0,0.0,0.0,0.0,0.0,0.0,0.0,0.0,0.0,0.0,0.0,0.0,0.0,0.0,0.0,0.0,0.0,0.0,0.0,0.0,0.0,0.0,0.0,0.0,0.0,0.0,0.0,0.0,0.0,0.0,0.0,0.0,0.0,0.0,0.0,0.0,0.0,0.0,0.0,0.0,0.0,0.0,0.0,0.0,0.0,0.0,0.0,0.0,0.0,0.0,0.0,0.0,0.0,0.0,0.0,0.0,0.0,0.0,0.0,0.0,0.0,0.0,0.0,0.0,0.0,0.0,0.0,0.0,0.0,0.0,0.0,0.0,0.0,0.0,0.0,0.0,0.0,0.0,0.0,0.0,0.0,0.0,0.0,0.0,0.0,0.0,0.0,0.0,0.0,0.0,0.0,0.0,0.0,0,0,0,0,0,0,0,0,C1CCCC1,murcko,train,0,0,1,0,1,0,0,0,0,0,0,0,0,0,0,0,0,0,0,0,0,0,0,0,0,0,0,0,0,0,0,0,0,0,0,0,0,0,0,0,0,0,0,0,0,0,0,0,0,0,0,0,0,0,0,0,0,0,0,0,0,0,0,0,0,0,0,0,0,0,0,0,0,0,0,0,0,0,0,0,0,0,0,0,0,0,0,0,0,0,0,0,0,0,0,0,0,0,0,0,0,0,0,0,0,0,0,0,0,0,0,0,0,0,0,0,0,0,0,0,0,0,0,0,0,0,0,0,0,0,0,0,0,0,0,0,0,0,0,0,0,0,0,0,0,0,0,0,0,0,0,0,0,0,0,0,0,0,1,0,0,0,0,0,0,0,0,0,0,0,0,0,0,0,0,0,0,0,0,0,0,0,0,0,0,0,0,0,0,0,0,0,0,0,0,0,0,0,0,0,0,0,0,0,0,0,0,0,0,0,0,0,0,0,0,0,0,0,0,0,0,0,0,0,0,0,0,0,0,0,0,0,0,0,0,0,0,0,0,0,0,0,0,0,0,0,0,0,0,0,0,0,0,0,0,0,-0.0533059727891157,-0.0533059727891157,-0.05330597278911571,0.0,0.0533059727891157,0.0,-0.26652986394557854,1.5,1.5,1.5,1.5,0.0,1.5,,,,0.0,0.0,0.0,0.0,32.10410811463005,0.0,0.0,0.0,0.0,0.0,0.0,33.19318833188676,32.10410811463005,3.5355339059327378,3.5355339059327373,2.5,2.4999999999999996,3.2,1.44,0.64,30.0,0.0,-0.0533059727891157,-0.0533059727891157,0.0533059727891157,0.0533059727891157,0.0,1.9505000000000001,23.084999999999994,0.0,0.4
7653,Sc1nnc(S)s1,0,7653,Sc1nnc(S)s1,7653,Sc1nnc(S)s1,Sc1nnc(S)s1,Sc1nnc(S)s1,Sc1nnc(S)s1,7653.0,1.0,0.0,0.0,0.0,0.0,0.0,0.0,c1nncs1,150.253,1.1155,25.78,2.0,5.0,0.0,1.0,1.0,5.0,0.0,7.0,0.0,0.0,0.0,0.0,0.0,0.0,0.0,0.0,0.0,0.0,0.0,0.0,0.0,0.0,0.0,0.0,0.0,0.0,0.0,0.0,0.0,0.0,0.0,0.0,0.0,0.0,0.0,0.0,0.0,0.0,0.0,0.0,0.0,0.0,0.0,0.0,0.0,0.0,0.0,0.0,0.0,0.0,0.0,0.0,0.0,0.0,0.0,0.0,0.0,0.0,0.0,0.0,0.0,0.0,0.0,0.0,1.0,1.0,0.0,0.0,0.0,0.0,0.0,0.0,0.0,0.0,0.0,0.0,0.0,0.0,0.0,0.0,0.0,0.0,0.0,0.0,0.0,0.0,0.0,0.0,0.0,0.0,2.0,1.0,0.0,0.0,0.0,0.0,0.0,0.0,0.0,0.0,0.0,0.0,0.0,0.0,0.0,0.0,0.0,0.0,0.0,0.0,0.0,0.0,0.0,0.0,0.0,0.0,0.0,0.0,0.0,0.0,0.0,0.0,0.0,0.0,0.0,0.0,0.0,0.0,0.0,0.0,0.0,0.0,0.0,0.0,0.0,0.0,0.0,0.0,0.0,0.0,0.0,0.0,0.0,0.0,0.0,0.0,0.0,0.0,0.0,0.0,0.0,0.0,0.0,0.0,0.0,0.0,0.0,0.0,0.0,0.0,0.0,0.0,0.0,0.0,0.0,0.0,0.0,0.0,0.0,0.0,0.0,0.0,0.0,0.0,0.0,0.0,0.0,0.0,0.0,0.0,0.0,0.0,0.0,0.0,0.0,0.0,0.0,0.0,0.0,0.0,0.0,0.0,0.0,0.0,0.0,0.0,0.0,0.0,0.0,0.0,0.0,0.0,0.0,0.0,0.0,0.0,0.0,0.0,0.0,0.0,0.0,0.0,0.0,0.0,0.0,0.0,0.0,0.0,0.0,0.0,0.0,0.0,0.0,0.0,0.0,0.0,0.0,0.0,0.0,0.0,0.0,0.0,0.0,0.0,0.0,0.0,0.0,0.0,0.0,0.0,0.0,0.0,0.0,0.0,0.0,0.0,0.0,0.0,0.0,0.0,0.0,0.0,0.0,0.0,0.0,0.0,0.0,0.0,0.0,0.0,0.0,0.0,0.0,0.0,0.0,0.0,0.0,0.0,0.0,0.0,0,0,0,0,0,0,0,0,c1nncs1,murcko,train,0,0,0,0,0,0,0,0,0,0,0,0,0,0,0,1,0,0,0,0,0,0,0,0,0,0,0,0,0,0,0,0,0,0,0,0,0,0,0,0,0,0,0,0,0,0,0,0,0,0,0,0,0,0,0,0,1,0,0,0,0,0,0,0,0,0,0,0,0,0,0,0,0,0,0,0,0,0,0,0,0,0,0,0,0,0,0,0,0,0,0,0,0,0,0,0,0,0,0,0,1,0,0,0,0,0,0,0,0,0,0,0,0,0,0,0,0,0,0,0,0,0,1,0,0,0,0,0,0,0,0,0,0,0,0,0,0,0,0,0,1,0,1,0,0,0,0,0,0,0,0,0,0,0,0,0,0,0,0,0,0,0,1,1,0,0,0,0,0,0,0,0,0,0,0,0,0,0,0,0,0,0,0,0,0,0,0,0,0,0,0,0,0,0,0,0,0,0,0,0,0,0,0,0,0,0,0,0,0,0,0,0,0,0,0,0,0,0,0,0,0,0,0,0,0,0,0,0,0,1,0,0,0,0,0,0,0,0,0,0,0,0,0,0,0,0,0,0,0,0,0,0,0,0,0,1,0.17153810472587133,-0.13104627191295046,-0.03154082160416473,0.30258437663882176,0.17153810472587133,0.34307620945174266,-0.5638619606808958,3.9012345679012346,0.6574074074074077,3.9012345679012346,0.6574074074074077,3.2438271604938267,2.2793209876543212,1.6219135802469133,0.30827783063748815,1.6015970974145735,0.0,0.0,8.679311361347091,0.0,11.336785877934737,0.0,0.0,35.45494191262806,0.0,0.0,0.0,55.78964924700965,55.471039151909885,5.276020881938894,3.1971026724636946,3.287693700234704,1.502675481463779,5.397741046831955,2.019871996417393,1.3248647892185903,38.0,0.0,0.17153810472587133,-0.13104627191295046,0.17153810472587133,0.13104627191295046,25.78,1.1155,34.413000000000004,0.0,0.0
8649,CCOc1ccc(Nc2ccc(S(=O)(=O)N(C)C)cc2[N+](=O)[O-])cc1,0,8649,CCOc1ccc(Nc2ccc(S(=O)(=O)N(C)C)cc2[N+](=O)[O-])cc1,8649,CCOc1ccc(Nc2ccc(S(=O)(=O)N(C)C)cc2[N+](=O)[O-])cc1,CCOc1ccc(Nc2ccc(S(=O)(=O)N(C)C)cc2[N+](=O)[O-])cc1,CCOc1ccc(Nc2ccc(S(=O)(=O)N(C)C)cc2[N+](=O)[O-])cc1,CCOc1ccc(Nc2ccc(S(=O)(=O)N(C)C)cc2[N+](=O)[O-])cc1,8649.0,1.0,0.0,0.0,0.0,0.0,0.0,0.0,c1ccc(Nc2ccccc2)cc1,365.4110000000001,2.987400000000002,101.78,1.0,6.0,7.0,2.0,2.0,9.0,0.25,25.0,0.0,1.0,0.0,0.0,0.0,0.0,0.0,0.0,0.0,0.0,0.0,0.0,0.0,0.0,0.0,0.0,3.0,1.0,0.0,0.0,0.0,0.0,0.0,0.0,0.0,0.0,0.0,0.0,0.0,0.0,0.0,0.0,0.0,0.0,1.0,1.0,0.0,0.0,0.0,0.0,0.0,0.0,0.0,0.0,0.0,0.0,0.0,0.0,0.0,0.0,0.0,0.0,0.0,0.0,2.0,1.0,12.0,1.0,0.0,0.0,0.0,0.0,0.0,0.0,0.0,0.0,0.0,0.0,0.0,0.0,0.0,0.0,0.0,0.0,0.0,0.0,1.0,1.0,1.0,1.0,0.0,0.0,0.0,0.0,0.0,0.0,0.0,0.0,0.0,0.0,0.0,0.0,0.0,0.0,0.0,0.0,0.0,0.0,0.0,0.0,0.0,0.0,0.0,0.0,0.0,0.0,0.0,0.0,0.0,0.0,0.0,0.0,2.0,1.0,0.0,0.0,0.0,0.0,1.0,1.0,0.0,0.0,0.0,0.0,0.0,0.0,0.0,0.0,0.0,0.0,0.0,0.0,0.0,0.0,0.0,0.0,0.0,0.0,0.0,0.0,0.0,0.0,0.0,0.0,0.0,0.0,0.0,0.0,0.0,0.0,0.0,0.0,0.0,0.0,0.0,0.0,0.0,0.0,0.0,0.0,0.0,0.0,0.0,0.0,0.0,0.0,0.0,0.0,0.0,0.0,0.0,0.0,0.0,0.0,0.0,0.0,0.0,0.0,0.0,0.0,0.0,0.0,0.0,0.0,0.0,0.0,0.0,0.0,0.0,0.0,0.0,0.0,0.0,0.0,0.0,0.0,0.0,0.0,0.0,0.0,0.0,0.0,0.0,0.0,0.0,0.0,0.0,0.0,0.0,0.0,0.0,0.0,0.0,0.0,0.0,0.0,0.0,0.0,0.0,0.0,0.0,0.0,0.0,0.0,0.0,0.0,0.0,0.0,0.0,0.0,0.0,0.0,0.0,0.0,0.0,0.0,0.0,0.0,0.0,0.0,0.0,0.0,0.0,0.0,0.0,0.0,0.0,0.0,0.0,0.0,0.0,0.0,0.0,0.0,0.0,0.0,1.0,2.0,1.0,2.0,0.0,0.0,0,0,1,0,0,0,0,0,c1ccc(Nc2ccccc2)cc1,murcko,train,0,0,0,0,0,0,0,0,0,0,0,0,0,0,0,0,0,1,0,0,0,0,0,0,0,0,0,0,0,0,1,0,0,1,0,0,0,0,1,0,0,0,0,0,0,0,0,1,0,0,0,1,0,0,0,0,0,0,0,0,0,0,0,1,1,0,1,0,0,1,1,0,0,0,0,1,0,1,0,0,1,1,0,0,0,0,0,0,0,0,0,0,0,0,1,1,0,0,1,0,1,0,1,0,0,0,0,1,0,0,0,0,1,1,0,0,0,0,0,0,0,0,0,0,0,0,0,0,1,0,0,0,0,0,0,0,0,0,1,1,0,0,0,0,0,0,0,0,0,0,0,0,0,0,0,0,0,0,0,0,0,0,0,0,0,0,0,0,0,0,0,1,1,0,1,0,0,0,0,0,0,0,0,1,0,0,0,0,0,0,0,1,0,0,0,0,1,0,0,0,1,0,0,1,1,0,1,0,0,0,0,0,0,0,1,0,0,0,0,0,0,0,0,0,0,0,0,0,0,0,0,0,0,0,0,1,0,1,0,0,0,1,0,0,1,0,0,0,0,0,0,1,0,0,0,0,0.29352156056643036,-0.493887433870933,-0.04366644095479021,0.7874089944373633,0.493887433870933,1.0924333605068566,-2.184094384376612,12.144415983324159,0.13755210578262478,12.144415983324159,-3.749896230830123,12.006863877541534,6.140984044553392,6.003431938770767,0.08328569476584714,3.140843888969031,14.946602202225254,16.270256024884898,18.043780072480384,10.371583059757844,26.2280781022776,24.26546827384644,6.923737199690624,5.316788604006331,4.736862953800049,18.53211525309451,0.0,145.78525848138057,145.63527174606398,18.612519696192855,14.092475599297025,11.75125598890384,7.4625211625921235,18.685275965316915,7.493301784651112,4.253844542091211,134.0,0.0,0.29352156056643036,-0.493887433870933,0.493887433870933,0.29352156056643036,101.78,2.987400000000002,94.86290000000004,1.1,1.5000000000000002
5719,CC(=O)C(N=Nc1ccc(C)cc1[N+](=O)[O-])C(=O)Nc1ccccc1,0,5719,CC(=O)C(N=Nc1ccc(C)cc1[N+](=O)[O-])C(=O)Nc1ccccc1,5719,CC(=O)C(N=Nc1ccc(C)cc1[N+](=O)[O-])C(=O)Nc1ccccc1,CC(=O)C(N=Nc1ccc(C)cc1[N+](=O)[O-])C(=O)Nc1ccccc1,CC(=O)C(N=Nc1ccc(C)cc1[N+](=O)[O-])C(=O)Nc1ccccc1,CC(=O)C(N=Nc1ccc(C)cc1[N+](=O)[O-])C(=O)Nc1ccccc1,5719.0,1.0,0.0,0.0,0.0,0.0,0.0,0.0,O=C(CN=Nc1ccccc1)Nc1ccccc1,340.339,3.5832200000000016,114.03,1.0,6.0,6.0,2.0,2.0,8.0,0.1764705882352941,25.0,0.0,1.0,0.0,0.0,0.0,0.0,0.0,0.0,0.0,0.0,1.0,1.0,0.0,0.0,0.0,0.0,2.0,1.0,0.0,0.0,0.0,0.0,1.0,1.0,0.0,0.0,0.0,0.0,0.0,0.0,0.0,0.0,0.0,0.0,0.0,0.0,0.0,0.0,1.0,1.0,0.0,0.0,0.0,0.0,0.0,0.0,0.0,0.0,0.0,0.0,0.0,0.0,0.0,0.0,2.0,1.0,12.0,1.0,0.0,0.0,0.0,0.0,0.0,0.0,0.0,0.0,0.0,0.0,0.0,0.0,0.0,0.0,0.0,0.0,0.0,0.0,0.0,0.0,0.0,0.0,0.0,0.0,0.0,0.0,0.0,0.0,0.0,0.0,0.0,0.0,0.0,0.0,0.0,0.0,0.0,0.0,0.0,0.0,0.0,0.0,0.0,0.0,0.0,0.0,0.0,0.0,0.0,0.0,0.0,0.0,0.0,0.0,0.0,0.0,0.0,0.0,0.0,0.0,1.0,1.0,0.0,0.0,0.0,0.0,1.0,1.0,1.0,1.0,0.0,0.0,0.0,0.0,1.0,1.0,0.0,0.0,0.0,0.0,0.0,0.0,0.0,0.0,0.0,0.0,0.0,0.0,0.0,0.0,0.0,0.0,0.0,0.0,0.0,0.0,0.0,0.0,0.0,0.0,0.0,0.0,0.0,0.0,0.0,0.0,0.0,0.0,0.0,0.0,0.0,0.0,0.0,0.0,0.0,0.0,0.0,0.0,0.0,0.0,0.0,0.0,0.0,0.0,0.0,0.0,0.0,0.0,0.0,0.0,0.0,0.0,0.0,0.0,0.0,0.0,0.0,0.0,0.0,0.0,0.0,0.0,0.0,0.0,0.0,0.0,0.0,0.0,0.0,0.0,0.0,0.0,0.0,0.0,0.0,0.0,0.0,0.0,0.0,0.0,0.0,0.0,0.0,0.0,0.0,0.0,0.0,0.0,0.0,0.0,0.0,0.0,0.0,0.0,0.0,0.0,0.0,0.0,0.0,0.0,0.0,0.0,0.0,0.0,0.0,0.0,0.0,0.0,0.0,0.0,0.0,0.0,0.0,0.0,0.0,0.0,0.0,0.0,1.0,4.0,1.0,4.0,0.0,0.0,0,0,1,0,0,0,0,0,O=C(CN=Nc1ccccc1)Nc1ccccc1,murcko,train,0,1,0,0,0,0,0,0,0,0,0,0,0,0,0,0,0,0,1,0,0,0,0,0,1,0,0,0,0,0,0,1,0,1,1,0,0,0,0,1,0,0,0,0,0,0,0,0,0,0,0,0,0,1,0,0,0,0,0,0,0,1,0,0,1,0,0,0,0,0,1,0,0,0,0,0,0,0,0,0,1,1,0,0,0,0,0,0,1,0,0,0,0,0,0,1,0,0,1,0,1,0,0,0,0,0,0,1,0,1,0,0,0,0,0,0,0,0,0,0,0,0,0,0,0,1,1,0,1,0,1,0,0,1,1,0,0,1,1,0,0,0,0,0,0,0,0,1,0,0,0,0,0,0,0,0,0,0,0,0,0,0,0,1,0,0,1,0,0,0,0,1,0,0,0,1,0,0,0,0,0,0,0,0,0,0,1,0,0,0,0,1,0,0,0,0,0,0,0,0,0,0,0,1,1,0,0,0,0,0,0,0,0,1,1,0,0,0,0,0,0,0,0,0,0,0,0,0,0,0,0,0,0,0,0,1,0,0,0,0,0,1,0,0,0,1,0,0,0,1,0,0,0,0,0,0,0.2964678086442919,-0.3237668461043648,-0.03744654119883959,0.6202346547486567,0.3237668461043648,1.2166286613636625,-2.152792191334652,12.228699347022761,0.019110082304526488,12.228699347022761,-1.3878580876795172,12.209589264718234,6.123904714663644,6.104794632359117,0.08190283705035653,3.0715373090107847,22.655576553682074,11.374772549367124,11.250837766380558,0.0,19.056471336613843,43.321939610460284,0.0,15.545288855265127,0.0,19.703392636909214,0.0,143.2858678482285,142.90827930867823,18.396976746569027,13.670786371061961,11.879917853109719,7.404876890806263,17.926450490765635,7.911275235727314,4.773229797790458,128.0,0.0,0.2964678086442919,-0.3237668461043648,0.3237668461043648,0.2964678086442919,114.03,3.5832200000000016,91.8901,1.5,1.2705882352941178
3222,CC(=O)C(N=Nc1ccc(S(=O)(=O)O)cc1[N+](=O)[O-])C(=O)Nc1ccccc1C,0,3222,CC(=O)C(N=Nc1ccc(S(=O)(=O)O)cc1[N+](=O)[O-])C(=O)Nc1ccccc1C,3222,CC(=O)C(N=Nc1ccc(S(=O)(=O)O)cc1[N+](=O)[O-])C(=O)Nc1ccccc1C,CC(=O)C(N=Nc1ccc(S(=O)(=O)O)cc1[N+](=O)[O-])C(=O)Nc1ccccc1C,CC(=O)C(N=Nc1ccc(S(=O)(=O)O)cc1[N+](=O)[O-])C(=O)Nc1ccccc1C,CC(=O)C(N=Nc1ccc(S(=O)(=O)O)cc1[N+](=O)[O-])C(=O)Nc1ccccc1C,3222.0,1.0,0.0,0.0,0.0,0.0,0.0,0.0,O=C(CN=Nc1ccccc1)Nc1ccccc1,420.4030000000001,2.8299200000000013,168.4,2.0,8.0,7.0,2.0,2.0,12.0,0.1764705882352941,29.0,0.0,1.0,0.0,0.0,0.0,0.0,0.0,0.0,0.0,0.0,1.0,1.0,0.0,0.0,0.0,0.0,2.0,1.0,0.0,0.0,0.0,0.0,1.0,1.0,0.0,0.0,0.0,0.0,0.0,0.0,0.0,0.0,0.0,0.0,0.0,0.0,0.0,0.0,1.0,1.0,0.0,0.0,0.0,0.0,0.0,0.0,0.0,0.0,0.0,0.0,0.0,0.0,0.0,0.0,2.0,1.0,12.0,1.0,0.0,0.0,0.0,0.0,0.0,0.0,0.0,0.0,0.0,0.0,0.0,0.0,0.0,0.0,0.0,0.0,0.0,0.0,1.0,1.0,0.0,0.0,1.0,1.0,0.0,0.0,0.0,0.0,0.0,0.0,0.0,0.0,0.0,0.0,0.0,0.0,0.0,0.0,0.0,0.0,0.0,0.0,0.0,0.0,0.0,0.0,0.0,0.0,0.0,0.0,0.0,0.0,0.0,0.0,0.0,0.0,0.0,0.0,0.0,0.0,1.0,1.0,0.0,0.0,0.0,0.0,1.0,1.0,1.0,1.0,0.0,0.0,0.0,0.0,1.0,1.0,0.0,0.0,0.0,0.0,0.0,0.0,0.0,0.0,0.0,0.0,0.0,0.0,0.0,0.0,0.0,0.0,0.0,0.0,0.0,0.0,0.0,0.0,0.0,0.0,0.0,0.0,0.0,0.0,0.0,0.0,0.0,0.0,0.0,0.0,0.0,0.0,0.0,0.0,0.0,0.0,0.0,0.0,0.0,0.0,0.0,0.0,0.0,0.0,0.0,0.0,0.0,0.0,0.0,0.0,0.0,0.0,0.0,0.0,0.0,0.0,0.0,0.0,0.0,0.0,0.0,0.0,0.0,0.0,0.0,0.0,0.0,0.0,0.0,0.0,0.0,0.0,0.0,0.0,0.0,0.0,0.0,0.0,0.0,0.0,0.0,0.0,0.0,0.0,0.0,0.0,0.0,0.0,0.0,0.0,0.0,0.0,0.0,0.0,0.0,0.0,0.0,0.0,0.0,0.0,0.0,0.0,0.0,0.0,0.0,0.0,0.0,0.0,0.0,0.0,0.0,0.0,0.0,0.0,0.0,0.0,0.0,0.0,1.0,4.0,1.0,4.0,0.0,0.0,0,0,1,0,0,0,0,0,O=C(CN=Nc1ccccc1)Nc1ccccc1,murcko,train,0,1,0,0,0,0,0,0,0,0,0,0,0,0,0,0,0,1,1,0,0,0,0,0,1,0,0,0,0,0,0,0,0,1,1,0,0,0,0,1,0,0,0,0,0,0,0,0,0,0,0,0,0,0,0,0,0,0,0,0,0,1,0,1,1,0,0,0,0,1,1,0,0,0,0,0,0,1,0,0,1,1,0,0,0,0,0,0,1,0,0,0,0,0,1,1,0,0,1,0,1,0,0,0,0,0,0,1,0,0,0,1,0,0,1,0,0,0,0,0,0,0,0,0,0,1,1,0,1,0,1,0,0,0,1,0,0,1,1,0,0,0,0,0,0,0,1,1,0,0,0,0,0,0,0,0,0,0,0,0,1,0,0,1,0,0,1,0,0,0,0,1,0,0,0,1,0,0,0,0,0,0,0,0,0,0,1,0,0,0,0,0,0,0,0,0,1,0,0,0,1,0,0,1,1,0,0,1,0,0,0,0,0,1,1,0,0,0,0,0,0,0,0,0,0,0,0,0,0,0,0,0,0,0,0,0,0,0,0,0,0,1,0,0,0,0,0,0,1,1,0,0,0,0,0,0,0.2976014755252327,-0.32351922923133614,-0.03822860708927198,0.6211207047565688,0.32351922923133614,1.634131570127744,-2.742761175716632,12.400019365388232,0.39135030864197495,12.400019365388232,-4.667391158099355,12.008669056746257,6.395684837015104,6.004334528373128,0.08327317501003309,3.4062712812828604,49.04395943760053,0.0,11.753753343145172,24.619922828310838,0.0,31.189205473537065,0.0,15.545288855265127,4.552749873690364,28.121189621238152,0.0,164.91450385826911,164.82606943278725,21.767220234572104,15.265394568763883,13.501926321037867,8.04157522187325,21.786300476500532,8.665239109997108,5.492415155304609,152.0,0.0,0.2976014755252327,-0.32351922923133614,0.32351922923133614,0.2976014755252327,168.4,2.8299200000000013,101.7047,1.5,1.4705882352941178
8019,CC(C)COC(=O)C(C)O,0,8019,CC(C)COC(=O)C(C)O,8019,CC(C)COC(=O)C(C)O,CC(C)COC(=O)C(C)O,CC(C)COC(=O)C(C)O,CC(C)COC(=O)C(C)O,8019.0,1.0,0.0,0.0,0.0,0.0,0.0,0.0,,146.18599999999998,0.5664,46.53,1.0,3.0,3.0,0.0,0.0,3.0,0.8571428571428571,10.0,0.0,0.0,0.0,0.0,0.0,0.0,0.0,0.0,0.0,0.0,0.0,0.0,0.0,0.0,0.0,0.0,0.0,0.0,0.0,0.0,0.0,0.0,0.0,0.0,0.0,0.0,0.0,0.0,0.0,0.0,1.0,1.0,0.0,0.0,1.0,1.0,0.0,0.0,0.0,0.0,0.0,0.0,0.0,0.0,1.0,1.0,0.0,0.0,0.0,0.0,0.0,0.0,0.0,0.0,0.0,0.0,0.0,0.0,0.0,0.0,0.0,0.0,0.0,0.0,0.0,0.0,0.0,0.0,0.0,0.0,0.0,0.0,0.0,0.0,0.0,0.0,0.0,0.0,0.0,0.0,0.0,0.0,0.0,0.0,0.0,0.0,0.0,0.0,0.0,0.0,0.0,0.0,0.0,0.0,0.0,0.0,0.0,0.0,0.0,0.0,0.0,0.0,0.0,0.0,0.0,0.0,0.0,0.0,0.0,0.0,0.0,0.0,0.0,0.0,0.0,0.0,0.0,0.0,0.0,0.0,0.0,0.0,0.0,0.0,0.0,0.0,0.0,0.0,0.0,0.0,0.0,0.0,0.0,0.0,0.0,0.0,0.0,0.0,0.0,0.0,0.0,0.0,0.0,0.0,0.0,0.0,0.0,0.0,0.0,0.0,0.0,0.0,0.0,0.0,0.0,0.0,0.0,0.0,0.0,0.0,0.0,0.0,0.0,0.0,0.0,0.0,0.0,0.0,0.0,0.0,0.0,0.0,0.0,0.0,0.0,0.0,0.0,0.0,0.0,0.0,0.0,0.0,0.0,0.0,0.0,0.0,0.0,0.0,0.0,0.0,0.0,0.0,0.0,0.0,0.0,0.0,0.0,0.0,0.0,0.0,0.0,0.0,0.0,0.0,0.0,0.0,0.0,0.0,0.0,0.0,0.0,0.0,0.0,0.0,0.0,0.0,0.0,0.0,0.0,0.0,0.0,0.0,0.0,0.0,0.0,0.0,0.0,0.0,0.0,0.0,0.0,0.0,0.0,0.0,0.0,0.0,0.0,0.0,0.0,0.0,0.0,0.0,0.0,0.0,0.0,0.0,0.0,0.0,0.0,0.0,0.0,0.0,0.0,0.0,0.0,0.0,0.0,0.0,0.0,0.0,0.0,0.0,0,0,0,0,0,0,1,0,ACY_**(*)***(*)*(*)*,acyclic_anonymous_graph,train,0,1,0,0,0,0,0,0,0,0,0,0,0,0,0,0,0,0,0,0,0,0,0,0,0,0,0,1,0,0,0,0,0,1,1,0,0,0,0,1,0,0,0,0,0,0,0,0,0,0,0,0,0,0,0,1,0,0,0,0,0,0,0,0,0,0,0,0,0,0,0,0,0,0,0,0,0,0,0,0,1,0,0,0,0,0,0,0,0,0,0,0,0,0,0,0,0,0,0,0,0,0,0,0,0,0,0,0,0,0,0,0,0,1,1,0,0,0,1,0,0,0,0,0,0,1,0,0,0,0,0,0,0,0,0,0,0,0,1,0,1,0,0,0,0,1,0,1,0,0,0,0,0,0,0,0,0,0,0,0,0,0,0,0,0,0,0,0,0,0,0,0,0,0,0,0,0,0,0,0,0,0,0,1,0,0,0,0,0,0,0,0,0,0,0,0,0,0,0,0,0,0,0,0,0,0,0,0,0,0,0,0,0,0,0,0,0,0,0,0,0,0,0,0,0,0,0,1,0,0,0,0,0,0,0,0,0,0,0,0,0,0,0,0,0,0,0,0,0,0,0,0,0,0,1,0,0.33416759046018213,-0.4635107551294157,-0.06779058966080148,0.7976783455895978,0.4635107551294157,0.5761325785516791,-1.2540384751596938,10.575046296296296,0.32194444444444437,10.575046296296296,-1.0011574074074077,10.253101851851852,5.44849537037037,5.126550925925926,0.09753146066908387,2.8953288702175173,12.073271675700152,0.0,12.52478801067431,0.0,6.923737199690624,0.0,13.847474399381248,4.736862953800049,5.106527394840706,4.794537184071822,0.0,60.99820479595584,60.007198818158905,8.146264369941973,6.625517495993484,4.536581260209188,3.38409654743339,9.430000000000001,4.277958678088594,4.322705118842072,60.0,0.0,0.33416759046018213,-0.4635107551294157,0.4635107551294157,0.33416759046018213,46.53,0.5664,37.477799999999995,0.0,1.342857142857143
4455,Cc1cc(CC(C)C[Si](C)(O[Si](C)(C)C)O[Si](C)(C)C)c(O)c(-n2nc3ccccc3n2)c1,0,4455,Cc1cc(CC(C)C[Si](C)(O[Si](C)(C)C)O[Si](C)(C)C)c(O)c(-n2nc3ccccc3n2)c1,4455,Cc1cc(CC(C)C[Si](C)(O[Si](C)(C)C)O[Si](C)(C)C)c(O)c(-n2nc3ccccc3n2)c1,Cc1cc(CC(C)C[Si](C)(O[Si](C)(C)C)O[Si](C)(C)C)c(O)c(-n2nc3ccccc3n2)c1,Cc1cc(CC(C)C[Si](C)(O[Si](C)(C)C)O[Si](C)(C)C)c(O)c(-n2nc3ccccc3n2)c1,Cc1cc(CC(C)C[Si](C)(O[Si](C)(C)C)O[Si](C)(C)C)c(O)c(-n2nc3ccccc3n2)c1,4455.0,1.0,0.0,0.0,0.0,0.0,0.0,0.0,c1ccc(-n2nc3ccccc3n2)cc1,501.8520000000002,6.388120000000008,69.4,1.0,6.0,9.0,3.0,3.0,9.0,0.5,33.0,0.0,0.0,0.0,0.0,0.0,0.0,0.0,0.0,0.0,0.0,0.0,0.0,0.0,0.0,0.0,0.0,0.0,0.0,0.0,0.0,0.0,0.0,0.0,0.0,0.0,0.0,0.0,0.0,0.0,0.0,0.0,0.0,1.0,1.0,0.0,0.0,0.0,0.0,0.0,0.0,0.0,0.0,0.0,0.0,0.0,0.0,0.0,0.0,0.0,0.0,0.0,0.0,0.0,0.0,2.0,1.0,37.0,1.0,2.0,1.0,0.0,0.0,0.0,0.0,0.0,0.0,0.0,0.0,0.0,0.0,0.0,0.0,0.0,0.0,0.0,0.0,0.0,0.0,0.0,0.0,0.0,0.0,0.0,0.0,0.0,0.0,0.0,0.0,0.0,0.0,0.0,0.0,0.0,0.0,0.0,0.0,0.0,0.0,0.0,0.0,0.0,0.0,0.0,0.0,0.0,0.0,0.0,0.0,0.0,0.0,0.0,0.0,0.0,0.0,0.0,0.0,0.0,0.0,0.0,0.0,0.0,0.0,0.0,0.0,0.0,0.0,0.0,0.0,0.0,0.0,0.0,0.0,0.0,0.0,0.0,0.0,0.0,0.0,0.0,0.0,0.0,0.0,0.0,0.0,0.0,0.0,0.0,0.0,0.0,0.0,0.0,0.0,0.0,0.0,0.0,0.0,0.0,0.0,0.0,0.0,0.0,0.0,0.0,0.0,0.0,0.0,0.0,0.0,0.0,0.0,0.0,0.0,0.0,0.0,0.0,0.0,0.0,0.0,0.0,0.0,0.0,0.0,0.0,0.0,0.0,0.0,0.0,0.0,0.0,0.0,0.0,0.0,0.0,0.0,0.0,0.0,0.0,0.0,0.0,0.0,0.0,0.0,0.0,0.0,0.0,0.0,0.0,0.0,0.0,0.0,0.0,0.0,0.0,0.0,0.0,0.0,0.0,0.0,0.0,0.0,0.0,0.0,0.0,0.0,0.0,0.0,0.0,0.0,0.0,0.0,0.0,0.0,0.0,0.0,0.0,0.0,0.0,0.0,0.0,0.0,0.0,0.0,0.0,0.0,0.0,0.0,0.0,0.0,0.0,0.0,0.0,0.0,0.0,0.0,0.0,0.0,0.0,0.0,0.0,0.0,0.0,0.0,0,0,0,0,0,0,0,0,c1ccc(-n2nc3ccccc3n2)cc1,murcko,train,0,1,0,0,0,1,0,1,1,0,1,0,0,0,0,1,0,0,1,0,0,0,0,0,0,0,0,1,0,0,0,1,0,1,0,0,0,0,0,1,0,0,0,0,0,0,0,0,0,1,0,0,0,0,0,0,0,0,0,0,0,0,0,0,1,0,1,0,0,1,0,0,0,1,0,0,0,0,0,1,1,1,1,0,1,0,0,1,0,0,1,0,0,0,0,1,0,0,0,0,1,0,0,0,0,0,0,1,0,0,0,0,0,0,0,0,0,0,0,0,0,0,1,0,1,0,0,0,0,0,0,0,0,0,0,0,0,0,0,0,0,0,0,0,1,0,0,0,0,0,0,0,0,0,0,0,0,0,0,0,0,1,0,0,1,0,0,1,0,0,0,0,0,0,0,1,0,0,0,0,0,0,0,1,0,0,1,0,0,0,0,0,0,0,0,1,0,0,0,0,0,0,1,0,0,0,0,1,1,0,0,0,1,0,1,0,1,0,0,0,0,0,0,0,0,0,0,0,0,0,0,0,0,0,0,1,0,0,0,0,0,0,0,0,0,0,1,1,0,0,0,0,0,0,0,0,0.3141675322621126,-0.5053246762567601,-0.043969073143805944,0.8194922085188727,0.5053246762567601,1.1584268398361206,-2.6094062535817173,11.17367758111475,0.24384755291005322,11.17367758111475,-2.356028026209379,10.929830028204698,5.708762567012402,5.464915014102349,0.09149273112385783,2.9817453668010208,25.195700710265037,5.749511833283905,11.605292320844956,34.625221818468994,0.0,4.796506222499014,37.255572541998674,69.01654736052191,8.230294196876905,5.106527394840706,0.0,201.00240229934164,201.5811743996001,24.60408352775557,21.56101640962803,15.140378869898804,11.693928210800419,25.8266567331457,9.456366455033715,7.09547277306128,180.0,0.0,0.3141675322621126,-0.5053246762567601,0.5053246762567601,0.3141675322621126,69.4,6.388120000000008,143.42179999999985,0.0,2.0
6041,Nc1c(OCCOC(=O)Oc2ccccc2)cc(O)c2c1C(=O)c1ccccc1C2=O,1,6041,Nc1c(OCCOC(=O)Oc2ccccc2)cc(O)c2c1C(=O)c1ccccc1C2=O,6041,Nc1c(OCCOC(=O)Oc2ccccc2)cc(O)c2c1C(=O)c1ccccc1C2=O,Nc1c(OCCOC(=O)Oc2ccccc2)cc(O)c2c1C(=O)c1ccccc1C2=O,Nc1c(OCCOC(=O)Oc2ccccc2)cc(O)c2c1C(=O)c1ccccc1C2=O,Nc1c(OCCOC(=O)Oc2ccccc2)cc(O)c2c1C(=O)c1ccccc1C2=O,6041.0,1.0,0.0,0.0,0.0,0.0,0.0,0.0,O=C(OCCOc1ccc2c(c1)C(=O)c1ccccc1C2=O)Oc1ccccc1,419.3890000000002,3.3442000000000025,125.15,2.0,8.0,5.0,4.0,3.0,8.0,0.0869565217391304,31.0,0.0,0.0,0.0,0.0,0.0,0.0,0.0,0.0,0.0,0.0,0.0,0.0,0.0,0.0,0.0,0.0,1.0,1.0,0.0,0.0,0.0,0.0,0.0,0.0,0.0,0.0,0.0,0.0,0.0,0.0,0.0,0.0,1.0,1.0,3.0,1.0,0.0,0.0,2.0,1.0,0.0,0.0,0.0,0.0,2.0,1.0,0.0,0.0,0.0,0.0,0.0,0.0,0.0,0.0,3.0,1.0,18.0,1.0,4.0,1.0,0.0,0.0,0.0,0.0,0.0,0.0,0.0,0.0,0.0,0.0,0.0,0.0,0.0,0.0,0.0,0.0,0.0,0.0,0.0,0.0,0.0,0.0,0.0,0.0,0.0,0.0,0.0,0.0,0.0,0.0,0.0,0.0,0.0,0.0,0.0,0.0,0.0,0.0,0.0,0.0,0.0,0.0,0.0,0.0,0.0,0.0,0.0,0.0,1.0,1.0,0.0,0.0,1.0,1.0,0.0,0.0,0.0,0.0,0.0,0.0,0.0,0.0,0.0,0.0,0.0,0.0,0.0,0.0,0.0,0.0,0.0,0.0,0.0,0.0,0.0,0.0,0.0,0.0,0.0,0.0,0.0,0.0,0.0,0.0,0.0,0.0,0.0,0.0,0.0,0.0,0.0,0.0,0.0,0.0,0.0,0.0,0.0,0.0,0.0,0.0,0.0,0.0,0.0,0.0,0.0,0.0,0.0,0.0,0.0,0.0,0.0,0.0,0.0,0.0,0.0,0.0,0.0,0.0,0.0,0.0,0.0,0.0,0.0,0.0,0.0,0.0,0.0,0.0,0.0,0.0,0.0,0.0,0.0,0.0,0.0,0.0,0.0,0.0,0.0,0.0,0.0,0.0,0.0,0.0,0.0,0.0,0.0,0.0,0.0,0.0,0.0,0.0,0.0,0.0,0.0,0.0,0.0,0.0,0.0,0.0,0.0,0.0,0.0,0.0,0.0,0.0,0.0,0.0,0.0,0.0,0.0,0.0,0.0,0.0,0.0,0.0,0.0,0.0,0.0,0.0,0.0,0.0,0.0,0.0,0.0,0.0,0.0,0.0,0.0,0.0,0.0,0.0,0.0,0.0,0.0,0.0,1.0,2.0,1.0,2.0,0.0,0.0,1,0,1,0,0,0,0,0,O=C(OCCOc1ccc2c(c1)C(=O)c1ccccc1C2=O)Oc1ccccc1,murcko,train,0,1,0,0,0,0,0,0,0,0,0,0,0,1,1,0,0,0,0,1,0,1,0,0,0,0,0,0,0,0,0,0,0,0,0,0,1,0,0,1,0,0,0,0,0,0,0,0,0,0,1,0,0,0,0,0,0,0,1,0,0,0,0,0,1,0,1,0,0,0,0,1,0,0,0,0,0,0,0,0,1,1,0,0,0,0,0,0,0,0,0,0,0,0,0,0,1,0,0,0,1,0,0,0,0,0,0,1,0,0,0,0,0,0,0,0,0,0,0,0,0,0,0,0,0,1,0,0,0,0,0,0,0,1,0,0,0,0,1,0,0,0,0,0,0,0,0,1,0,0,0,0,0,0,1,0,0,0,0,0,0,0,0,0,1,0,1,0,0,0,0,0,1,0,0,1,0,1,1,0,0,0,0,1,0,1,0,0,0,0,0,0,0,1,0,0,1,0,0,0,0,1,0,0,0,1,0,1,0,0,0,1,0,0,1,0,1,0,0,1,0,0,0,1,0,0,0,0,0,0,0,0,0,0,0,0,0,0,1,0,0,0,0,0,0,1,0,0,0,0,0,0,0,0,0,0,0.5134670888773125,-0.5070119845714556,-0.04980274283860586,1.020479073448768,0.5134670888773125,1.8916413559064074,-3.435526383903189,12.886898789022393,0.00295570067124884,12.886898789022393,-0.9088503763562727,12.883943088351144,6.444927244846821,6.441971544175572,0.07761599016252543,3.223942150825245,23.47136735555254,46.90446800378128,5.749511833283905,6.06636706846161,12.13273413692322,42.46456947923127,0.0,0.0,19.944256338562333,19.49013894705617,0.0,176.32379738793952,176.22341316285235,21.957454678884098,16.16176986174212,14.969234250586766,9.333885359060151,19.96363681316865,8.192147888836109,3.781590407723372,156.0,0.0,0.5134670888773125,-0.5070119845714556,0.5134670888773125,0.5070119845714556,125.15,3.3442000000000025,109.73920000000003,2.1,1.434782608695652
3265,CCCCCCC(C)O,0,3265,CCCCCCC(C)O,3265,CCCCCCC(C)O,CCCCCCC(C)O,CCCCCCC(C)O,CCCCCCC(C)O,3265.0,1.0,0.0,0.0,0.0,0.0,0.0,0.0,,130.231,2.337600000000001,20.23,1.0,1.0,5.0,0.0,0.0,1.0,1.0,9.0,0.0,0.0,0.0,0.0,0.0,0.0,0.0,0.0,0.0,0.0,0.0,0.0,0.0,0.0,0.0,0.0,0.0,0.0,0.0,0.0,0.0,0.0,0.0,0.0,0.0,0.0,0.0,0.0,0.0,0.0,1.0,1.0,0.0,0.0,0.0,0.0,0.0,0.0,0.0,0.0,0.0,0.0,0.0,0.0,0.0,0.0,0.0,0.0,0.0,0.0,0.0,0.0,0.0,0.0,0.0,0.0,0.0,0.0,0.0,0.0,0.0,0.0,0.0,0.0,0.0,0.0,0.0,0.0,0.0,0.0,0.0,0.0,0.0,0.0,0.0,0.0,0.0,0.0,0.0,0.0,0.0,0.0,0.0,0.0,0.0,0.0,0.0,0.0,0.0,0.0,0.0,0.0,0.0,0.0,0.0,0.0,0.0,0.0,0.0,0.0,0.0,0.0,0.0,0.0,0.0,0.0,0.0,0.0,0.0,0.0,0.0,0.0,0.0,0.0,0.0,0.0,0.0,0.0,0.0,0.0,0.0,0.0,0.0,0.0,0.0,0.0,0.0,0.0,0.0,0.0,0.0,0.0,0.0,0.0,0.0,0.0,0.0,0.0,0.0,0.0,0.0,0.0,0.0,0.0,0.0,0.0,0.0,0.0,0.0,0.0,0.0,0.0,0.0,0.0,0.0,0.0,0.0,0.0,0.0,0.0,0.0,0.0,0.0,0.0,0.0,0.0,0.0,0.0,0.0,0.0,0.0,0.0,0.0,0.0,0.0,0.0,0.0,0.0,0.0,0.0,0.0,0.0,0.0,0.0,0.0,0.0,0.0,0.0,0.0,0.0,0.0,0.0,0.0,0.0,0.0,0.0,0.0,0.0,0.0,0.0,0.0,0.0,0.0,0.0,0.0,0.0,0.0,0.0,0.0,0.0,0.0,0.0,0.0,0.0,0.0,0.0,0.0,0.0,0.0,0.0,0.0,0.0,0.0,0.0,0.0,0.0,0.0,0.0,0.0,0.0,0.0,0.0,0.0,0.0,0.0,0.0,0.0,0.0,0.0,0.0,0.0,0.0,0.0,0.0,0.0,0.0,0.0,0.0,0.0,0.0,0.0,0.0,0.0,0.0,0.0,0.0,0.0,0.0,0.0,0.0,0.0,0.0,0,0,0,0,0,0,0,0,ACY_*******(*)*,acyclic_anonymous_graph,train,0,1,0,1,0,0,0,0,0,0,0,0,0,0,0,0,0,0,0,0,0,0,0,0,0,0,1,1,0,0,0,0,0,1,0,0,0,0,1,1,0,0,0,0,0,0,0,0,0,0,0,0,0,0,0,0,0,0,0,0,0,0,0,0,0,0,0,0,0,0,0,0,0,0,0,0,0,0,0,1,1,0,0,0,0,0,0,0,0,0,0,0,0,0,0,0,0,0,0,0,0,0,0,0,0,0,1,0,0,0,0,0,0,0,0,0,0,0,0,1,0,0,0,0,0,0,0,0,0,0,0,0,0,0,0,0,0,0,0,0,0,0,0,0,0,1,0,0,0,0,0,0,0,0,0,0,0,0,0,0,0,0,0,0,1,0,0,0,0,0,0,0,0,0,0,0,0,0,0,0,1,0,0,0,0,0,0,0,0,0,0,0,0,0,0,0,0,0,0,0,0,0,0,0,0,0,0,0,0,0,0,0,0,0,0,0,0,0,0,0,0,0,0,0,0,0,0,1,0,0,0,0,0,0,0,0,0,0,0,0,0,0,0,0,0,0,0,0,0,0,0,0,0,0,0,0,0.05116668312937806,-0.393419269033318,-0.07640998291245375,0.44458595216269603,0.393419269033318,0.05116668312937806,-0.7388565293414617,8.851697845804988,0.0955035903250192,8.851697845804988,-0.0955035903250192,8.756194255479969,4.473600718065004,4.378097127739984,0.1142048669573726,2.2855938094505768,0.0,6.103966387748303,0.0,6.4208216229260096,25.683286491704038,0.0,6.923737199690624,6.923737199690624,5.106527394840706,0.0,0.0,58.08807958080181,57.1620762966003,7.112884175122364,6.560097770622322,4.270055610029662,3.9509042305871973,8.960000000000003,6.08562814070352,7.9600000000000035,56.0,0.0,0.05116668312937806,-0.393419269033318,0.393419269033318,0.05116668312937806,20.23,2.3376000000000006,40.439800000000005,0.0,1.4
6695,CCCCCCCCC=CCCCCCCCCO,0,6695,CCCCCCCCC=CCCCCCCCCO,6695,CCCCCCCCC=CCCCCCCCCO,CCCCCCCCC=CCCCCCCCCO,CCCCCCCCC=CCCCCCCCCO,CCCCCCCCC=CCCCCCCCCO,6695.0,1.0,0.0,0.0,0.0,0.0,0.0,0.0,,268.4849999999999,6.016200000000008,20.23,1.0,1.0,15.0,0.0,0.0,1.0,0.8888888888888888,19.0,0.0,0.0,0.0,0.0,0.0,0.0,0.0,0.0,0.0,0.0,0.0,0.0,0.0,0.0,0.0,0.0,0.0,0.0,0.0,0.0,0.0,0.0,0.0,0.0,0.0,0.0,0.0,0.0,0.0,0.0,1.0,1.0,0.0,0.0,0.0,0.0,0.0,0.0,0.0,0.0,0.0,0.0,0.0,0.0,0.0,0.0,0.0,0.0,0.0,0.0,1.0,1.0,0.0,0.0,0.0,0.0,0.0,0.0,0.0,0.0,0.0,0.0,0.0,0.0,0.0,0.0,0.0,0.0,0.0,0.0,0.0,0.0,0.0,0.0,0.0,0.0,0.0,0.0,0.0,0.0,0.0,0.0,0.0,0.0,0.0,0.0,0.0,0.0,0.0,0.0,0.0,0.0,0.0,0.0,0.0,0.0,0.0,0.0,0.0,0.0,0.0,0.0,0.0,0.0,0.0,0.0,0.0,0.0,0.0,0.0,0.0,0.0,0.0,0.0,0.0,0.0,0.0,0.0,0.0,0.0,0.0,0.0,0.0,0.0,0.0,0.0,0.0,0.0,0.0,0.0,0.0,0.0,0.0,0.0,0.0,0.0,0.0,0.0,0.0,0.0,0.0,0.0,0.0,0.0,0.0,0.0,0.0,0.0,0.0,0.0,0.0,0.0,0.0,0.0,0.0,0.0,0.0,0.0,0.0,0.0,0.0,0.0,0.0,0.0,0.0,0.0,0.0,0.0,0.0,0.0,0.0,0.0,0.0,0.0,0.0,0.0,0.0,0.0,0.0,0.0,0.0,0.0,0.0,0.0,0.0,0.0,0.0,0.0,0.0,0.0,0.0,0.0,0.0,0.0,0.0,0.0,0.0,0.0,0.0,0.0,0.0,0.0,0.0,0.0,0.0,0.0,0.0,0.0,0.0,0.0,0.0,0.0,0.0,0.0,0.0,0.0,0.0,0.0,0.0,0.0,0.0,0.0,0.0,0.0,0.0,0.0,0.0,0.0,0.0,0.0,0.0,0.0,0.0,0.0,0.0,0.0,0.0,0.0,0.0,0.0,0.0,0.0,0.0,0.0,0.0,0.0,0.0,0.0,0.0,0.0,0.0,0.0,0.0,0.0,0.0,0.0,0.0,0.0,0.0,0.0,0.0,0.0,0,0,0,0,0,0,0,0,ACY_*******************,acyclic_anonymous_graph,train,0,0,0,0,0,0,0,1,0,0,0,0,0,0,0,0,0,0,0,0,0,0,0,0,0,0,1,0,0,1,0,0,0,1,0,0,0,0,1,1,0,0,0,0,0,0,0,0,0,0,0,0,0,0,0,0,0,0,0,0,0,0,0,0,0,0,0,0,0,0,0,0,0,0,0,0,1,0,0,1,1,0,0,0,0,0,0,0,0,0,0,0,0,0,0,0,0,0,0,0,0,0,0,0,0,0,1,0,0,0,0,0,0,0,0,0,0,0,0,1,0,0,0,0,0,0,0,0,0,0,0,0,0,0,0,0,0,0,0,0,0,0,0,0,0,1,0,0,0,0,0,0,0,0,0,0,0,0,0,0,1,0,0,0,1,0,0,0,0,0,0,0,0,0,0,0,0,0,0,0,0,0,1,0,0,0,0,0,0,0,0,0,0,0,0,0,0,0,0,0,0,0,0,0,0,0,0,0,0,0,0,0,0,0,0,0,0,1,0,1,0,0,1,0,0,0,0,0,0,0,0,0,0,0,0,0,0,0,0,0,0,0,0,0,0,0,0,0,0,0,0,0,0,0,0,0,0.04305240722889945,-0.39637656934228244,-0.06713010462152187,0.4394289765711819,0.39637656934228244,0.04305240722889945,-1.318524395037815,8.6609673246524,0.3622839506172839,8.6609673246524,0.3622839506172839,8.298683374035116,4.511625637634842,4.149341687017558,0.12050104274718994,2.4527705151216996,0.0,0.0,6.606881964512918,6.4208216229260096,83.47068109803816,0.0,0.0,19.075777413358384,5.106527394840706,0.0,0.0,121.04789769258367,120.68068949367617,14.020815280171313,13.208515851677427,9.414213562373096,8.673164461464443,18.7,17.7,17.7,114.0,0.0,0.04305240722889945,-0.39637656934228244,0.39637656934228244,0.04305240722889945,20.23,6.0162000000000075,86.53780000000006,0.0,3.3555555555555556
8506,Cc1ccccc1NC(=O)c1cc2ccccc2c(N=Nc2cc(Cl)c(Cl)cc2Cl)c1O,0,8506,Cc1ccccc1NC(=O)c1cc2ccccc2c(N=Nc2cc(Cl)c(Cl)cc2Cl)c1O,8506,Cc1ccccc1NC(=O)c1cc2ccccc2c(N=Nc2cc(Cl)c(Cl)cc2Cl)c1O,Cc1ccccc1NC(=O)c1cc2ccccc2c(N=Nc2cc(Cl)c(Cl)cc2Cl)c1O,Cc1ccccc1NC(=O)c1cc2ccccc2c(N=Nc2cc(Cl)c(Cl)cc2Cl)c1O,Cc1ccccc1NC(=O)c1cc2ccccc2c(N=Nc2cc(Cl)c(Cl)cc2Cl)c1O,8506.0,1.0,0.0,0.0,0.0,0.0,0.0,0.0,O=C(Nc1ccccc1)c1cc(N=Nc2ccccc2)c2ccccc2c1,484.7700000000002,8.481719999999997,74.05,2.0,4.0,4.0,4.0,4.0,8.0,0.0416666666666666,32.0,0.0,0.0,0.0,0.0,0.0,0.0,0.0,0.0,0.0,0.0,1.0,1.0,0.0,0.0,0.0,0.0,1.0,1.0,0.0,0.0,0.0,0.0,1.0,1.0,0.0,0.0,0.0,0.0,0.0,0.0,0.0,0.0,1.0,1.0,0.0,0.0,0.0,0.0,0.0,0.0,0.0,0.0,0.0,0.0,0.0,0.0,0.0,0.0,0.0,0.0,0.0,0.0,0.0,0.0,4.0,1.0,34.0,1.0,2.0,1.0,0.0,0.0,3.0,1.0,0.0,0.0,3.0,1.0,0.0,0.0,0.0,0.0,0.0,0.0,0.0,0.0,0.0,0.0,0.0,0.0,0.0,0.0,0.0,0.0,0.0,0.0,0.0,0.0,0.0,0.0,0.0,0.0,0.0,0.0,0.0,0.0,0.0,0.0,0.0,0.0,0.0,0.0,0.0,0.0,0.0,0.0,0.0,0.0,0.0,0.0,0.0,0.0,0.0,0.0,0.0,0.0,0.0,0.0,0.0,0.0,0.0,0.0,0.0,0.0,1.0,1.0,2.0,1.0,0.0,0.0,0.0,0.0,0.0,0.0,0.0,0.0,0.0,0.0,0.0,0.0,0.0,0.0,0.0,0.0,0.0,0.0,0.0,0.0,0.0,0.0,0.0,0.0,0.0,0.0,0.0,0.0,0.0,0.0,0.0,0.0,0.0,0.0,0.0,0.0,0.0,0.0,0.0,0.0,0.0,0.0,0.0,0.0,0.0,0.0,0.0,0.0,0.0,0.0,0.0,0.0,0.0,0.0,0.0,0.0,0.0,0.0,0.0,0.0,0.0,0.0,0.0,0.0,0.0,0.0,0.0,0.0,0.0,0.0,0.0,0.0,0.0,0.0,0.0,0.0,3.0,1.0,0.0,0.0,0.0,0.0,0.0,0.0,0.0,0.0,0.0,0.0,0.0,0.0,0.0,0.0,0.0,0.0,0.0,0.0,0.0,0.0,0.0,0.0,0.0,0.0,0.0,0.0,0.0,0.0,0.0,0.0,0.0,0.0,0.0,0.0,0.0,0.0,0.0,0.0,0.0,0.0,0.0,0.0,0.0,0.0,0.0,0.0,0.0,0.0,0.0,0.0,1.0,3.0,1.0,2.0,1.0,1.0,0,0,1,0,0,0,0,0,O=C(Nc1ccccc1)c1cc(N=Nc2ccccc2)c2ccccc2c1,murcko,train,0,0,0,0,0,0,0,0,0,0,1,0,0,0,0,0,0,1,1,0,0,0,0,0,1,0,0,0,0,0,0,0,0,1,0,0,0,1,0,1,0,0,0,0,0,0,0,0,0,1,0,0,1,0,0,0,0,0,0,0,0,0,0,1,1,0,1,0,1,0,0,0,0,0,0,0,0,1,1,1,0,1,1,0,0,0,0,0,0,0,0,1,0,0,0,0,0,0,0,0,1,0,0,0,0,0,1,1,0,0,1,1,0,0,0,0,0,0,0,0,0,0,0,0,0,1,0,0,1,1,0,0,0,0,0,0,0,0,1,0,0,0,0,0,0,0,1,1,0,0,0,0,0,0,0,0,0,0,0,1,1,0,0,1,0,1,0,0,0,0,0,0,0,0,0,1,0,0,0,1,0,0,1,0,0,0,1,0,0,0,0,0,0,0,0,0,0,0,0,1,1,0,1,0,0,0,0,1,0,0,0,0,0,1,1,1,0,0,0,0,0,0,0,0,0,0,0,0,0,0,1,0,0,0,0,0,0,0,0,0,0,0,0,0,0,0,0,0,0,0,1,0,0,0,0,0,0.2590329579413016,-0.5047897824559214,-0.03891295919214656,0.7638227403972231,0.5047897824559214,0.9904039058332623,-2.2356185999819522,12.996929059630176,0.07049863875591433,12.996929059630176,-0.46613625706548967,12.926430420874262,6.533713849193045,6.463215210437131,0.0773608774766736,3.30249073202761,5.907179729351506,32.73300250183068,16.096243802889685,10.949675706161791,12.13273413692322,24.26546827384644,37.255572541998674,15.545288855265127,34.802819670697545,9.901064578912528,0.0,198.8193348531354,199.5890497978772,22.82769816688718,16.734635457077303,15.34624434829851,9.52864259394384,22.087476594317774,9.165920628079537,4.4119237032177985,160.0,0.0,0.2590329579413016,-0.5047897824559214,0.5047897824559214,0.2590329579413016,74.05,8.481719999999997,130.39300000000003,1.1,0.8166666666666667
6207,CCCCCCOC(=O)c1ccccc1C(=O)c1ccc(N(CC)CC)cc1O,0,6207,CCCCCCOC(=O)c1ccccc1C(=O)c1ccc(N(CC)CC)cc1O,6207,CCCCCCOC(=O)c1ccccc1C(=O)c1ccc(N(CC)CC)cc1O,CCCCCCOC(=O)c1ccccc1C(=O)c1ccc(N(CC)CC)cc1O,CCCCCCOC(=O)c1ccccc1C(=O)c1ccc(N(CC)CC)cc1O,CCCCCCOC(=O)c1ccccc1C(=O)c1ccc(N(CC)CC)cc1O,6207.0,1.0,0.0,0.0,0.0,0.0,0.0,0.0,O=C(c1ccccc1)c1ccccc1,397.5150000000002,5.206500000000006,66.84,1.0,5.0,11.0,2.0,2.0,5.0,0.4166666666666667,29.0,0.0,0.0,0.0,0.0,0.0,0.0,0.0,0.0,0.0,0.0,0.0,0.0,0.0,0.0,0.0,0.0,1.0,1.0,0.0,0.0,0.0,0.0,0.0,0.0,0.0,0.0,0.0,0.0,0.0,0.0,0.0,0.0,1.0,1.0,1.0,1.0,0.0,0.0,1.0,1.0,0.0,0.0,0.0,0.0,1.0,1.0,0.0,0.0,0.0,0.0,0.0,0.0,0.0,0.0,2.0,1.0,12.0,1.0,0.0,0.0,0.0,0.0,0.0,0.0,0.0,0.0,0.0,0.0,0.0,0.0,0.0,0.0,0.0,0.0,0.0,0.0,0.0,0.0,0.0,0.0,0.0,0.0,0.0,0.0,0.0,0.0,0.0,0.0,0.0,0.0,0.0,0.0,0.0,0.0,0.0,0.0,0.0,0.0,0.0,0.0,0.0,0.0,0.0,0.0,0.0,0.0,0.0,0.0,0.0,0.0,0.0,0.0,0.0,0.0,0.0,0.0,0.0,0.0,0.0,0.0,0.0,0.0,1.0,1.0,0.0,0.0,0.0,0.0,0.0,0.0,0.0,0.0,0.0,0.0,0.0,0.0,0.0,0.0,0.0,0.0,0.0,0.0,0.0,0.0,0.0,0.0,0.0,0.0,0.0,0.0,0.0,0.0,0.0,0.0,0.0,0.0,0.0,0.0,0.0,0.0,0.0,0.0,0.0,0.0,0.0,0.0,0.0,0.0,0.0,0.0,0.0,0.0,0.0,0.0,0.0,0.0,0.0,0.0,0.0,0.0,0.0,0.0,0.0,0.0,0.0,0.0,0.0,0.0,0.0,0.0,0.0,0.0,0.0,0.0,0.0,0.0,0.0,0.0,0.0,0.0,0.0,0.0,0.0,0.0,0.0,0.0,0.0,0.0,0.0,0.0,0.0,0.0,0.0,0.0,0.0,0.0,0.0,0.0,0.0,0.0,0.0,0.0,0.0,0.0,0.0,0.0,0.0,0.0,0.0,0.0,0.0,0.0,0.0,0.0,0.0,0.0,0.0,0.0,0.0,0.0,0.0,0.0,0.0,0.0,0.0,0.0,0.0,0.0,0.0,0.0,0.0,0.0,0.0,0.0,0.0,0.0,1.0,1.0,1.0,1.0,0.0,0.0,0,0,1,0,0,0,1,0,O=C(c1ccccc1)c1ccccc1,murcko,train,0,0,0,0,0,0,0,0,0,1,0,0,0,1,0,0,0,0,0,0,0,0,0,0,0,0,1,0,0,0,0,0,0,1,0,0,0,0,1,1,0,0,0,0,0,0,0,0,0,0,0,0,0,0,0,1,1,0,0,1,0,0,0,0,1,0,1,1,0,0,0,1,1,0,0,0,0,0,0,1,1,1,0,0,0,0,0,0,0,0,0,0,0,0,0,0,0,0,0,0,1,0,0,0,0,0,0,1,0,0,0,0,0,1,0,0,0,0,0,1,0,0,0,0,0,1,0,0,0,0,0,0,0,0,0,0,1,1,1,0,0,0,0,0,0,1,0,1,0,0,0,1,0,0,0,0,0,0,0,0,0,0,0,0,1,0,0,1,0,0,0,0,0,0,0,1,0,0,0,0,1,1,0,1,0,0,0,1,0,0,0,0,1,0,0,0,0,0,1,1,0,0,0,0,0,1,0,0,0,0,0,0,0,0,1,0,0,0,0,0,0,0,0,0,0,1,0,0,0,0,0,0,0,0,0,0,0,0,0,0,0,0,0,0,0,0,0,0,0,0,0,0,0,0,0,1,0.33837771114777665,-0.5071038988440923,-0.05225836411549557,0.8454816099918689,0.5071038988440923,1.0019448609617017,-2.517437420311073,13.046410784431618,0.09524442077385631,13.046410784431618,-0.5095374721411867,12.951166363657762,6.570827602602737,6.475583181828881,0.07721312288954126,3.3337364505085407,11.75255023431679,22.439866308374892,6.606881964512918,44.460185578212744,0.0,36.39820241076966,19.913841467842857,11.823646930541102,4.736862953800049,14.69560176298435,0.0,172.85845955031414,172.82763961135538,21.225403871315223,17.610371415024723,14.02760576530329,10.417421182286095,22.468919535151425,11.246857531029208,5.828395278464028,156.0,0.0,0.33837771114777665,-0.5071038988440923,0.5071038988440923,0.33837771114777665,66.84,5.206500000000006,115.96680000000006,0.8999999999999999,2.7666666666666666
6222,C=CS(=O)(=O)O,0,6222,C=CS(=O)(=O)O,6222,C=CS(=O)(=O)O,C=CS(=O)(=O)O,C=CS(=O)(=O)O,C=CS(=O)(=O)O,6222.0,1.0,0.0,0.0,0.0,0.0,0.0,0.0,,108.11799999999998,0.0176999999999999,54.370000000000005,1.0,2.0,1.0,0.0,0.0,4.0,0.0,6.0,0.0,0.0,0.0,0.0,0.0,0.0,0.0,0.0,0.0,0.0,0.0,0.0,0.0,0.0,0.0,0.0,0.0,0.0,0.0,0.0,0.0,0.0,0.0,0.0,0.0,0.0,0.0,0.0,0.0,0.0,0.0,0.0,0.0,0.0,0.0,0.0,0.0,0.0,0.0,0.0,0.0,0.0,0.0,0.0,0.0,0.0,0.0,0.0,0.0,0.0,1.0,1.0,0.0,0.0,0.0,0.0,0.0,0.0,0.0,0.0,0.0,0.0,0.0,0.0,0.0,0.0,0.0,0.0,0.0,0.0,0.0,0.0,0.0,0.0,0.0,0.0,1.0,1.0,0.0,0.0,1.0,1.0,0.0,0.0,0.0,0.0,0.0,0.0,0.0,0.0,0.0,0.0,0.0,0.0,0.0,0.0,0.0,0.0,0.0,0.0,0.0,0.0,0.0,0.0,0.0,0.0,0.0,0.0,0.0,0.0,0.0,0.0,0.0,0.0,0.0,0.0,0.0,0.0,0.0,0.0,0.0,0.0,0.0,0.0,0.0,0.0,0.0,0.0,0.0,0.0,0.0,0.0,0.0,0.0,0.0,0.0,0.0,0.0,0.0,0.0,0.0,0.0,0.0,0.0,0.0,0.0,0.0,0.0,0.0,0.0,0.0,0.0,0.0,0.0,0.0,0.0,0.0,0.0,0.0,0.0,0.0,0.0,0.0,0.0,0.0,0.0,0.0,0.0,0.0,0.0,0.0,0.0,0.0,0.0,0.0,0.0,0.0,0.0,0.0,0.0,0.0,0.0,0.0,0.0,0.0,0.0,0.0,0.0,0.0,0.0,0.0,0.0,0.0,0.0,0.0,0.0,0.0,0.0,0.0,0.0,0.0,0.0,0.0,0.0,0.0,0.0,0.0,0.0,0.0,0.0,0.0,0.0,0.0,0.0,0.0,0.0,0.0,0.0,0.0,0.0,0.0,0.0,0.0,0.0,0.0,0.0,0.0,0.0,0.0,0.0,0.0,0.0,0.0,0.0,0.0,0.0,0.0,0.0,0.0,0.0,0.0,0.0,0.0,0.0,0.0,0.0,0.0,0.0,0.0,0.0,0.0,0.0,0.0,0.0,0.0,0.0,0.0,0.0,0.0,0.0,0.0,0.0,0,0,0,0,0,0,0,0,ACY_***(*)(*)*,acyclic_anonymous_graph,train,0,0,0,0,0,0,0,0,0,0,0,0,0,0,0,0,0,0,0,0,0,0,0,0,0,0,0,0,0,0,0,0,0,0,0,0,0,1,0,1,0,0,0,0,0,0,0,0,0,0,0,0,0,0,0,0,0,0,0,0,0,0,0,0,0,0,0,0,0,0,0,0,0,0,0,0,0,0,0,0,1,0,0,0,0,0,1,0,0,0,0,0,0,0,1,0,0,0,0,0,0,0,0,0,0,0,0,0,0,1,0,0,0,0,1,1,0,0,0,0,0,0,0,0,0,0,0,0,0,0,0,0,0,0,0,0,0,0,1,0,0,0,0,0,0,0,0,0,0,0,0,0,0,0,0,0,0,0,0,0,0,0,0,0,0,0,0,0,0,0,0,0,0,0,0,0,0,0,0,0,0,0,1,0,0,0,0,0,0,0,0,0,0,0,0,0,1,0,0,0,0,0,0,0,0,0,0,0,0,0,0,0,0,0,0,0,0,0,0,0,0,0,0,0,0,0,0,0,0,0,0,0,0,0,0,0,0,0,0,0,0,0,0,0,0,0,0,0,0,0,0,0,0,0,0,0,0.2865075084202723,-0.2822596152218459,-0.07001680642359659,0.5687671236421181,0.2865075084202723,0.3370720417018517,-0.7571728802434312,9.4375,0.4652777777777779,9.4375,-3.8981481481481475,8.972222222222221,4.951388888888889,4.486111111111111,0.11145510835913314,2.732461515307878,10.118126859033554,0.0,5.408052090654662,0.0,0.0,0.0,0.0,6.578935683598497,4.552749873690364,8.417796984328938,0.0,36.04322612008253,35.075661491306015,5.207106781186548,2.9564155172677204,2.5606601717798214,1.1598580700277679,5.65,1.400862117700266,3.6500000000000017,36.0,0.0,0.2865075084202723,-0.2822596152218459,0.2865075084202723,0.2822596152218459,54.370000000000005,0.017699999999999994,21.745599999999996,0.0,0.2
2287,CCCCCC(=O)OC,0,2287,CCCCCC(=O)OC,2287,CCCCCC(=O)OC,CCCCCC(=O)OC,CCCCCC(=O)OC,CCCCCC(=O)OC,2287.0,1.0,0.0,0.0,0.0,0.0,0.0,0.0,,130.18699999999998,1.7397,26.3,0.0,2.0,4.0,0.0,0.0,2.0,0.8571428571428571,9.0,0.0,0.0,0.0,0.0,0.0,0.0,0.0,0.0,0.0,0.0,0.0,0.0,0.0,0.0,0.0,0.0,0.0,0.0,0.0,0.0,0.0,0.0,0.0,0.0,0.0,0.0,0.0,0.0,0.0,0.0,0.0,0.0,0.0,0.0,1.0,1.0,0.0,0.0,0.0,0.0,0.0,0.0,0.0,0.0,1.0,1.0,0.0,0.0,0.0,0.0,0.0,0.0,0.0,0.0,0.0,0.0,0.0,0.0,0.0,0.0,0.0,0.0,0.0,0.0,0.0,0.0,0.0,0.0,0.0,0.0,0.0,0.0,0.0,0.0,0.0,0.0,0.0,0.0,0.0,0.0,0.0,0.0,0.0,0.0,0.0,0.0,0.0,0.0,0.0,0.0,0.0,0.0,0.0,0.0,0.0,0.0,0.0,0.0,0.0,0.0,0.0,0.0,0.0,0.0,0.0,0.0,0.0,0.0,0.0,0.0,0.0,0.0,0.0,0.0,0.0,0.0,0.0,0.0,0.0,0.0,0.0,0.0,0.0,0.0,0.0,0.0,0.0,0.0,0.0,0.0,0.0,0.0,0.0,0.0,0.0,0.0,0.0,0.0,0.0,0.0,0.0,0.0,0.0,0.0,0.0,0.0,0.0,0.0,0.0,0.0,0.0,0.0,0.0,0.0,0.0,0.0,0.0,0.0,0.0,0.0,0.0,0.0,0.0,0.0,0.0,0.0,0.0,0.0,0.0,0.0,0.0,0.0,0.0,0.0,0.0,0.0,0.0,0.0,0.0,0.0,0.0,0.0,0.0,0.0,0.0,0.0,0.0,0.0,0.0,0.0,0.0,0.0,0.0,0.0,0.0,0.0,0.0,0.0,0.0,0.0,0.0,0.0,0.0,0.0,0.0,0.0,0.0,0.0,0.0,0.0,0.0,0.0,0.0,0.0,0.0,0.0,0.0,0.0,0.0,0.0,0.0,0.0,0.0,0.0,0.0,0.0,0.0,0.0,0.0,0.0,0.0,0.0,0.0,0.0,0.0,0.0,0.0,0.0,1.0,1.0,0.0,0.0,0.0,0.0,0.0,0.0,0.0,0.0,0.0,0.0,0.0,0.0,0.0,0.0,0.0,0.0,1.0,1.0,0.0,0.0,1.0,1.0,0,0,0,0,0,1,1,0,ACY_******(*)**,acyclic_anonymous_graph,train,0,0,0,0,0,0,0,0,0,0,0,0,0,0,1,0,0,0,0,0,0,0,0,0,0,0,1,0,1,0,0,0,0,1,0,0,0,0,1,1,0,0,0,0,0,0,0,0,0,0,0,0,0,0,0,0,0,0,0,0,0,0,0,0,0,0,0,0,0,0,0,0,0,1,0,0,0,0,0,1,1,0,0,0,0,0,0,0,0,0,0,0,0,0,0,0,0,0,0,0,0,0,0,0,0,0,1,0,0,0,0,0,0,0,0,0,0,0,0,1,0,0,0,0,0,1,0,0,1,0,0,0,0,0,0,0,0,0,1,0,0,0,0,0,0,0,0,0,0,0,0,0,0,0,0,0,0,0,0,0,0,0,0,0,1,0,0,0,0,0,0,0,0,0,0,0,0,0,0,0,0,0,0,1,0,0,0,0,0,0,0,0,0,0,0,1,0,0,0,0,0,0,0,0,0,0,0,0,0,0,0,0,0,0,0,0,0,0,0,0,0,0,0,0,0,0,0,0,0,0,0,0,0,0,0,0,0,0,0,0,0,0,0,1,0,0,0,0,0,0,0,0,0,0,0,0,0.30500183741330067,-0.4689954278244128,-0.05639708679345328,0.7739972652377134,0.4689954278244128,0.43107645336785494,-0.9386502345089345,10.464401927437642,0.09402777777777738,10.464401927437642,-0.09402777777777738,10.370374149659865,5.279214852607709,5.1851870748299325,0.09642853628697656,2.6874738613850244,0.0,5.969305287951849,6.4208216229260096,19.26246486877803,7.109797541277533,0.0,0.0,11.660600153490673,0.0,4.794537184071822,0.0,56.20397104375984,55.217526658495906,7.112884175122364,6.144923705673916,4.308060412490447,3.3771567527075472,8.470000000000002,5.603868808567606,5.339329135302875,54.0,0.0,0.30500183741330067,-0.4689954278244128,0.4689954278244128,0.30500183741330067,26.3,1.7397,36.157999999999994,0.0,2.442857142857143
3124,CC1(C)OC(c2ccco2)CN1C(=O)C(Cl)Cl,1,3124,CC1(C)OC(c2ccco2)CN1C(=O)C(Cl)Cl,3124,CC1(C)OC(c2ccco2)CN1C(=O)C(Cl)Cl,CC1(C)OC(c2ccco2)CN1C(=O)C(Cl)Cl,CC1(C)OC(c2ccco2)CN1C(=O)C(Cl)Cl,CC1(C)OC(c2ccco2)CN1C(=O)C(Cl)Cl,3124.0,1.0,0.0,0.0,0.0,0.0,0.0,0.0,c1coc(C2CNCO2)c1,278.135,2.7193000000000014,42.68,0.0,3.0,2.0,2.0,1.0,6.0,0.5454545454545454,17.0,0.0,0.0,0.0,0.0,0.0,0.0,0.0,0.0,0.0,0.0,1.0,1.0,0.0,0.0,0.0,0.0,0.0,0.0,0.0,0.0,0.0,0.0,0.0,0.0,0.0,0.0,0.0,0.0,0.0,0.0,0.0,0.0,0.0,0.0,1.0,1.0,0.0,0.0,0.0,0.0,0.0,0.0,0.0,0.0,0.0,0.0,0.0,0.0,0.0,0.0,0.0,0.0,0.0,0.0,0.0,0.0,1.0,1.0,0.0,0.0,0.0,0.0,2.0,1.0,0.0,0.0,2.0,1.0,0.0,0.0,0.0,0.0,0.0,0.0,0.0,0.0,0.0,0.0,0.0,0.0,0.0,0.0,0.0,0.0,0.0,0.0,0.0,0.0,0.0,0.0,0.0,0.0,0.0,0.0,0.0,0.0,0.0,0.0,0.0,0.0,0.0,0.0,0.0,0.0,0.0,0.0,0.0,0.0,0.0,0.0,0.0,0.0,0.0,0.0,0.0,0.0,0.0,0.0,0.0,0.0,0.0,0.0,0.0,0.0,0.0,0.0,0.0,0.0,0.0,0.0,0.0,0.0,0.0,0.0,0.0,0.0,0.0,0.0,0.0,0.0,2.0,1.0,0.0,0.0,0.0,0.0,0.0,0.0,0.0,0.0,0.0,0.0,0.0,0.0,0.0,0.0,0.0,0.0,0.0,0.0,0.0,0.0,0.0,0.0,0.0,0.0,0.0,0.0,0.0,0.0,0.0,0.0,0.0,0.0,0.0,0.0,0.0,0.0,0.0,0.0,0.0,0.0,0.0,0.0,0.0,0.0,0.0,0.0,0.0,0.0,0.0,0.0,0.0,0.0,0.0,0.0,0.0,0.0,0.0,0.0,0.0,0.0,0.0,0.0,0.0,0.0,0.0,0.0,0.0,0.0,0.0,0.0,0.0,0.0,0.0,0.0,0.0,0.0,2.0,1.0,0.0,0.0,0.0,0.0,0.0,0.0,0.0,0.0,0.0,0.0,0.0,0.0,0.0,0.0,0.0,0.0,0.0,0.0,0.0,0.0,0.0,0.0,0.0,0.0,0.0,0.0,0.0,0.0,0.0,0.0,0.0,0.0,0.0,0.0,0.0,0.0,1.0,2.0,1.0,1.0,1.0,1.0,0,0,0,0,0,0,0,0,c1coc(C2CNCO2)c1,murcko,train,0,1,0,0,0,0,0,0,0,0,0,0,0,0,1,0,0,0,0,1,0,0,0,0,0,0,0,0,0,0,0,0,0,1,0,1,1,0,0,1,0,0,0,0,0,0,1,0,0,0,0,0,0,0,0,0,0,0,0,0,0,0,0,0,1,0,0,0,1,0,0,0,0,0,0,0,0,0,0,1,0,1,0,0,0,0,0,0,0,0,1,0,0,0,1,0,0,0,0,0,1,0,0,0,0,0,0,1,1,0,1,0,0,0,0,0,0,0,0,0,0,0,0,0,0,1,0,0,0,0,0,0,0,0,1,0,0,0,1,0,0,0,0,0,1,0,1,1,0,0,0,0,0,0,0,0,0,0,1,0,0,0,0,1,1,0,0,1,0,0,0,1,0,0,0,0,0,0,1,0,0,0,0,0,0,0,0,0,0,0,0,0,0,1,0,0,0,1,0,0,0,0,0,0,0,0,0,0,0,1,0,0,0,0,1,0,0,0,1,0,0,0,0,0,0,0,0,1,0,0,0,0,0,0,0,0,0,0,0,0,0,0,0,1,0,0,0,0,0,0,1,1,0,0,0,0,0.25770445265264696,-0.4665100978254878,-0.038534480259948545,0.7242145504781348,0.4665100978254878,0.9991299923264179,-1.6542161567455431,11.827288832199546,0.2814506172839508,11.827288832199546,-1.0757166477702194,11.545838214915594,6.054369724741749,5.772919107457797,0.0866112950299391,3.1747710371097946,10.561255284220309,12.011146117099809,12.305003824787018,0.0,4.899909730850478,26.177004463481914,6.06636706846161,0.0,32.35589367131843,4.794537184071822,0.0,109.41592948433818,109.17111734429137,12.629392033067417,9.521745540044678,7.9155207850762785,5.224594459390577,12.739314771557625,4.517423125709219,2.4368559472763676,94.0,0.0,0.25770445265264696,-0.4665100978254878,0.4665100978254878,0.25770445265264696,42.68,2.7193000000000014,63.820000000000036,0.2,0.6181818181818182
2090,CC(=O)OCC=Cc1ccccc1,0,2090,CC(=O)OCC=Cc1ccccc1,2090,CC(=O)OCC=Cc1ccccc1,CC(=O)OCC=Cc1ccccc1,CC(=O)OCC=Cc1ccccc1,CC(=O)OCC=Cc1ccccc1,2090.0,1.0,0.0,0.0,0.0,0.0,0.0,0.0,c1ccccc1,176.215,2.2629,26.3,0.0,2.0,3.0,1.0,1.0,2.0,0.1818181818181818,13.0,0.0,0.0,0.0,0.0,0.0,0.0,0.0,0.0,0.0,0.0,0.0,0.0,0.0,0.0,0.0,0.0,0.0,0.0,0.0,0.0,0.0,0.0,0.0,0.0,0.0,0.0,0.0,0.0,0.0,0.0,0.0,0.0,0.0,0.0,1.0,1.0,0.0,0.0,0.0,0.0,0.0,0.0,0.0,0.0,1.0,1.0,0.0,0.0,0.0,0.0,1.0,1.0,0.0,0.0,1.0,1.0,6.0,1.0,0.0,0.0,0.0,0.0,0.0,0.0,0.0,0.0,0.0,0.0,0.0,0.0,0.0,0.0,0.0,0.0,0.0,0.0,0.0,0.0,0.0,0.0,0.0,0.0,0.0,0.0,0.0,0.0,0.0,0.0,0.0,0.0,0.0,0.0,0.0,0.0,0.0,0.0,0.0,0.0,0.0,0.0,0.0,0.0,0.0,0.0,0.0,0.0,0.0,0.0,0.0,0.0,0.0,0.0,0.0,0.0,0.0,0.0,0.0,0.0,0.0,0.0,0.0,0.0,0.0,0.0,0.0,0.0,0.0,0.0,0.0,0.0,0.0,0.0,0.0,0.0,0.0,0.0,0.0,0.0,0.0,0.0,0.0,0.0,0.0,0.0,0.0,0.0,0.0,0.0,0.0,0.0,0.0,0.0,0.0,0.0,0.0,0.0,0.0,0.0,0.0,0.0,0.0,0.0,0.0,0.0,0.0,0.0,0.0,0.0,0.0,0.0,0.0,0.0,0.0,0.0,0.0,0.0,0.0,0.0,0.0,0.0,0.0,0.0,0.0,0.0,0.0,0.0,0.0,0.0,0.0,0.0,1.0,1.0,0.0,0.0,0.0,0.0,0.0,0.0,0.0,0.0,0.0,0.0,0.0,0.0,0.0,0.0,0.0,0.0,0.0,0.0,0.0,0.0,0.0,0.0,0.0,0.0,0.0,0.0,0.0,0.0,0.0,0.0,0.0,0.0,0.0,0.0,0.0,0.0,0.0,0.0,0.0,0.0,0.0,0.0,0.0,0.0,0.0,0.0,0.0,0.0,0.0,0.0,0.0,0.0,0.0,0.0,0.0,0.0,0.0,0.0,0.0,0.0,0.0,0.0,0.0,0.0,1.0,1.0,1.0,1.0,0.0,0.0,0,0,0,0,0,0,1,0,c1ccccc1,murcko,train,0,0,0,0,0,0,0,0,0,0,0,1,0,0,0,0,0,0,0,0,0,0,0,0,0,0,0,0,0,0,0,0,0,1,0,0,0,0,0,1,0,0,0,0,0,0,0,0,0,0,0,0,0,0,0,0,0,0,0,0,0,0,0,0,1,1,0,1,0,0,0,0,0,1,0,0,1,0,1,0,1,1,0,0,0,0,0,0,0,0,0,0,0,0,0,0,0,0,0,0,1,0,0,0,0,0,0,0,0,0,1,0,0,0,0,0,0,0,0,0,0,0,0,0,0,1,0,0,0,0,0,0,0,1,0,0,0,0,1,0,0,0,0,0,0,0,0,1,0,0,0,0,0,0,0,0,0,0,0,0,0,0,0,1,0,0,0,1,0,0,0,0,0,0,0,1,0,0,0,0,0,0,1,1,0,0,0,0,0,0,0,0,0,0,0,0,0,0,0,0,0,0,0,0,0,0,0,0,0,0,0,0,0,0,1,0,0,0,1,0,0,0,0,0,0,0,0,0,0,0,0,0,0,0,0,0,0,0,0,0,0,1,1,0,0,0,0,0,0,1,0,0,0,0,0,0,0.30243988739049693,-0.46163342346605907,-0.053212382265691104,0.764073310856556,0.46163342346605907,0.4461894941314106,-1.137950463585395,10.39896699420509,0.25211881666246705,10.39896699420509,-0.25211881666246705,10.146848177542623,5.325542905433778,5.073424088771311,0.09855277052565316,2.795095259273373,0.0,5.969305287951849,6.606881964512918,5.563451491696996,6.923737199690624,0.0,42.483875555975814,0.0,4.736862953800049,4.794537184071822,0.0,77.84157798884641,77.07865163770008,9.518661569058182,7.5650552464416565,6.287693700234704,4.137863785973646,9.517489063867016,5.142279384736165,4.109485310057555,68.0,0.0,0.30243988739049693,-0.46163342346605907,0.46163342346605907,0.30243988739049693,26.3,2.2629,52.10900000000003,0.2,1.0727272727272728
6427,O=C1Cc2ccccc2N1c1ccccc1,0,6427,O=C1Cc2ccccc2N1c1ccccc1,6427,O=C1Cc2ccccc2N1c1ccccc1,O=C1Cc2ccccc2N1c1ccccc1,O=C1Cc2ccccc2N1c1ccccc1,O=C1Cc2ccccc2N1c1ccccc1,6427.0,1.0,0.0,0.0,0.0,0.0,0.0,0.0,O=C1Cc2ccccc2N1c1ccccc1,209.248,2.907400000000001,20.31,0.0,1.0,1.0,3.0,2.0,2.0,0.0714285714285714,16.0,0.0,0.0,0.0,0.0,0.0,0.0,0.0,0.0,0.0,0.0,1.0,1.0,0.0,0.0,0.0,0.0,2.0,1.0,0.0,0.0,0.0,0.0,0.0,0.0,0.0,0.0,0.0,0.0,0.0,0.0,0.0,0.0,0.0,0.0,0.0,0.0,0.0,0.0,0.0,0.0,0.0,0.0,0.0,0.0,0.0,0.0,0.0,0.0,0.0,0.0,0.0,0.0,0.0,0.0,2.0,1.0,12.0,1.0,2.0,1.0,0.0,0.0,0.0,0.0,0.0,0.0,0.0,0.0,0.0,0.0,0.0,0.0,0.0,0.0,0.0,0.0,0.0,0.0,0.0,0.0,0.0,0.0,0.0,0.0,0.0,0.0,0.0,0.0,0.0,0.0,0.0,0.0,0.0,0.0,0.0,0.0,0.0,0.0,0.0,0.0,0.0,0.0,0.0,0.0,0.0,0.0,0.0,0.0,0.0,0.0,0.0,0.0,0.0,0.0,0.0,0.0,0.0,0.0,0.0,0.0,0.0,0.0,0.0,0.0,0.0,0.0,0.0,0.0,0.0,0.0,0.0,0.0,0.0,0.0,0.0,0.0,0.0,0.0,0.0,0.0,0.0,0.0,0.0,0.0,0.0,0.0,0.0,0.0,0.0,0.0,0.0,0.0,0.0,0.0,0.0,0.0,0.0,0.0,0.0,0.0,0.0,0.0,0.0,0.0,0.0,0.0,0.0,0.0,0.0,0.0,0.0,0.0,0.0,0.0,0.0,0.0,0.0,0.0,0.0,0.0,0.0,0.0,0.0,0.0,0.0,0.0,0.0,0.0,0.0,0.0,0.0,0.0,0.0,0.0,0.0,0.0,0.0,0.0,0.0,0.0,0.0,0.0,0.0,0.0,0.0,0.0,0.0,0.0,0.0,0.0,0.0,0.0,0.0,0.0,0.0,0.0,0.0,0.0,0.0,0.0,0.0,0.0,0.0,0.0,0.0,0.0,0.0,0.0,0.0,0.0,0.0,0.0,0.0,0.0,0.0,0.0,0.0,0.0,0.0,0.0,0.0,0.0,0.0,0.0,0.0,0.0,0.0,0.0,0.0,0.0,0.0,0.0,0.0,0.0,0.0,0.0,0.0,0.0,0.0,0.0,0.0,0.0,0,0,1,0,0,0,0,0,O=C1Cc2ccccc2N1c1ccccc1,murcko,train,0,0,0,0,0,0,0,0,0,0,0,0,0,0,0,1,0,0,0,0,0,0,0,0,0,1,0,0,1,0,1,0,0,1,0,0,0,0,0,0,0,0,0,0,1,0,0,0,0,0,0,0,0,0,0,0,0,0,1,0,0,0,0,0,1,1,0,0,0,0,0,0,0,0,0,0,0,0,0,0,0,1,0,0,0,0,0,0,0,0,0,0,0,0,0,0,0,0,0,0,1,0,0,0,0,0,0,0,0,0,0,1,0,0,0,0,0,0,0,0,0,0,0,0,0,0,0,0,0,0,0,0,0,1,0,0,0,0,1,0,0,0,0,0,0,0,0,0,0,0,1,0,1,0,0,0,0,0,1,0,0,0,0,0,0,0,0,1,0,1,0,0,1,0,0,1,0,0,0,0,0,0,0,0,0,1,0,0,0,0,0,1,0,0,0,0,0,0,0,0,0,0,0,0,0,0,0,0,0,0,0,0,1,0,1,0,0,0,0,0,0,0,0,0,0,0,0,0,0,0,0,0,0,0,0,0,0,0,0,0,0,0,0,0,0,0,0,0,0,0,0,0,0,0,0,0,0.23554943377743265,-0.2804970129177984,-0.040709138099143685,0.516046446695231,0.2804970129177984,0.3916948344193149,-1.043041044005614,11.957596371882087,0.14574074074074095,11.957596371882087,0.14574074074074095,11.811855631141345,6.051668556311414,5.9059278155706725,0.08466070287580825,3.100502872630313,0.0,5.907179729351506,6.4208216229260096,16.93822404106412,0.0,4.899909730850478,54.59730361615449,0.0,0.0,4.794537184071822,0.0,94.13390617107214,93.55797592441844,10.957819157813608,8.758721089857003,7.860173345306136,5.320085191381002,9.158814335508383,3.488988892637979,1.3088970776629834,78.0,0.0,0.23554943377743265,-0.2804970129177984,0.2804970129177984,0.23554943377743265,20.310000000000002,2.907400000000001,63.73400000000003,0.7,0.22857142857142856
3957,[F][Al-]([F])([F])[F],1,3957,[F][Al-]([F])([F])[F],3957,[F][Al-]([F])([F])[F],[F][Al-]([F])([F])[F],[F][Al-]([F])([F])[F],[Al+3],3957.0,1.0,0.0,1.0,0.0,1.0,0.0,0.0,,102.97400000000002,1.3,0.0,0.0,0.0,0.0,0.0,0.0,5.0,0.0,5.0,-1.0,1.0,0.0,0.0,0.0,0.0,0.0,0.0,0.0,0.0,0.0,0.0,0.0,0.0,0.0,0.0,0.0,0.0,0.0,0.0,0.0,0.0,0.0,0.0,0.0,0.0,0.0,0.0,0.0,0.0,0.0,0.0,0.0,0.0,0.0,0.0,0.0,0.0,0.0,0.0,0.0,0.0,0.0,0.0,0.0,0.0,0.0,0.0,0.0,0.0,0.0,0.0,0.0,0.0,0.0,0.0,0.0,0.0,0.0,0.0,0.0,0.0,4.0,1.0,4.0,1.0,0.0,0.0,0.0,0.0,0.0,0.0,0.0,0.0,0.0,0.0,0.0,0.0,0.0,0.0,0.0,0.0,0.0,0.0,0.0,0.0,0.0,0.0,0.0,0.0,0.0,0.0,0.0,0.0,0.0,0.0,0.0,0.0,1.0,1.0,0.0,0.0,4.0,1.0,0.0,0.0,0.0,0.0,0.0,0.0,0.0,0.0,0.0,0.0,0.0,0.0,0.0,0.0,0.0,0.0,0.0,0.0,0.0,0.0,0.0,0.0,0.0,0.0,0.0,0.0,0.0,0.0,0.0,0.0,0.0,0.0,0.0,0.0,0.0,0.0,0.0,0.0,0.0,0.0,0.0,0.0,0.0,0.0,0.0,0.0,0.0,0.0,0.0,0.0,0.0,0.0,0.0,0.0,0.0,0.0,0.0,0.0,0.0,0.0,0.0,0.0,0.0,0.0,0.0,0.0,0.0,0.0,0.0,0.0,0.0,0.0,0.0,0.0,0.0,0.0,0.0,0.0,0.0,0.0,0.0,0.0,0.0,0.0,0.0,0.0,0.0,0.0,0.0,0.0,0.0,0.0,0.0,0.0,0.0,0.0,0.0,0.0,0.0,0.0,0.0,0.0,0.0,0.0,0.0,0.0,0.0,0.0,0.0,0.0,0.0,0.0,0.0,0.0,0.0,0.0,0.0,0.0,0.0,0.0,0.0,0.0,0.0,0.0,0.0,0.0,0.0,0.0,0.0,0.0,0.0,0.0,0.0,0.0,0.0,0.0,0.0,0.0,0.0,0.0,0.0,0.0,0.0,0.0,0.0,0.0,0.0,0.0,0.0,0.0,0.0,0.0,0.0,0.0,0.0,0.0,0.0,0.0,0,0,0,0,0,0,0,0,ACY_**(*)(*)*,acyclic_anonymous_graph,train,0,0,0,0,0,0,0,0,0,0,0,0,0,1,0,0,0,0,0,0,0,0,0,0,0,0,0,0,0,0,0,0,0,0,0,0,0,0,0,0,0,0,0,0,0,1,0,0,0,0,0,0,0,0,0,0,0,0,0,0,0,0,0,0,0,0,0,0,0,0,0,0,0,0,0,0,0,0,0,0,0,0,0,0,0,0,0,0,0,0,0,0,0,0,0,0,0,0,0,0,0,0,0,0,0,0,0,0,0,0,0,0,0,0,0,0,0,0,0,0,0,0,0,0,0,0,0,0,0,0,0,0,0,0,0,0,1,0,0,0,0,0,0,0,0,0,0,0,0,0,0,0,0,0,0,0,0,0,0,0,0,0,0,0,0,0,0,0,0,0,0,0,0,0,0,0,0,0,0,0,0,0,0,0,0,0,0,0,0,0,0,0,0,0,0,0,0,0,0,0,0,0,0,0,0,0,0,0,0,0,0,0,0,0,0,0,0,0,0,0,0,0,0,0,0,0,0,0,0,0,0,0,0,0,0,0,0,0,0,0,0,0,0,0,0,0,1,0,0,0,0,0,0,0,0,0,1.0385821807409152,-0.5096455451852291,-0.20000000000000023,1.5482277259261443,1.0385821807409152,1.0385821807409152,-2.0385821807409163,9.854166666666666,6.833333333333334,9.854166666666666,-6.833333333333334,3.020833333333332,8.34375,1.510416666666666,0.3310344827586208,23.046012931034493,14.916198396333565,0.0,0.0,0.0,0.0,0.0,0.0,0.0,0.0,14.095911658746926,0.0,29.990102018031884,29.01211005508049,4.5,2.089208161226535,2.0,0.8728715609439696,5.252467532467532,1.1507051476379733,338.49091356881075,32.0,0.0,1.0385821807409152,-0.5096455451852291,1.0385821807409152,0.5096455451852291,0.0,1.3,10.186000000000002,0.0,0.0
2819,CCCC(C)=NO[Si](ON=C(C)CCC)(ON=C(C)CCC)c1ccccc1,1,2819,CCCC(C)=NO[Si](ON=C(C)CCC)(ON=C(C)CCC)c1ccccc1,2819,CCCC(C)=NO[Si](ON=C(C)CCC)(ON=C(C)CCC)c1ccccc1,CCCC(C)=NO[Si](ON=C(C)CCC)(ON=C(C)CCC)c1ccccc1,CCCC(C)=NO[Si](ON=C(C)CCC)(ON=C(C)CCC)c1ccccc1,CCCC(C)=NO[Si](ON=C(C)CCC)(ON=C(C)CCC)c1ccccc1,2819.0,1.0,0.0,0.0,0.0,0.0,0.0,0.0,c1ccccc1,405.6150000000001,5.410300000000006,64.77,0.0,6.0,13.0,1.0,1.0,7.0,0.5714285714285714,28.0,0.0,0.0,0.0,0.0,0.0,0.0,0.0,0.0,0.0,0.0,0.0,0.0,0.0,0.0,0.0,0.0,0.0,0.0,0.0,0.0,0.0,0.0,0.0,0.0,0.0,0.0,3.0,1.0,0.0,0.0,0.0,0.0,0.0,0.0,0.0,0.0,0.0,0.0,0.0,0.0,0.0,0.0,0.0,0.0,0.0,0.0,0.0,0.0,0.0,0.0,0.0,0.0,0.0,0.0,1.0,1.0,6.0,1.0,0.0,0.0,0.0,0.0,0.0,0.0,0.0,0.0,0.0,0.0,0.0,0.0,0.0,0.0,0.0,0.0,0.0,0.0,0.0,0.0,0.0,0.0,0.0,0.0,0.0,0.0,0.0,0.0,0.0,0.0,0.0,0.0,0.0,0.0,0.0,0.0,0.0,0.0,0.0,0.0,0.0,0.0,0.0,0.0,0.0,0.0,0.0,0.0,0.0,0.0,0.0,0.0,0.0,0.0,0.0,0.0,0.0,0.0,0.0,0.0,0.0,0.0,0.0,0.0,0.0,0.0,0.0,0.0,0.0,0.0,0.0,0.0,0.0,0.0,0.0,0.0,0.0,0.0,0.0,0.0,0.0,0.0,0.0,0.0,0.0,0.0,0.0,0.0,0.0,0.0,0.0,0.0,0.0,0.0,0.0,0.0,0.0,0.0,0.0,0.0,0.0,0.0,0.0,0.0,0.0,0.0,0.0,0.0,0.0,0.0,0.0,0.0,0.0,0.0,0.0,0.0,0.0,0.0,0.0,0.0,0.0,0.0,0.0,0.0,0.0,0.0,0.0,0.0,0.0,0.0,0.0,0.0,0.0,0.0,0.0,0.0,0.0,0.0,0.0,0.0,0.0,0.0,0.0,0.0,0.0,0.0,0.0,0.0,0.0,0.0,0.0,0.0,0.0,0.0,0.0,0.0,0.0,0.0,0.0,0.0,0.0,0.0,0.0,0.0,0.0,0.0,0.0,0.0,0.0,0.0,0.0,0.0,0.0,0.0,0.0,0.0,0.0,0.0,0.0,0.0,0.0,0.0,0.0,0.0,0.0,0.0,0.0,0.0,0.0,0.0,0.0,0.0,0.0,0.0,0.0,0.0,0.0,0.0,0.0,0.0,0.0,0.0,0.0,0.0,0,0,0,0,0,0,0,0,c1ccccc1,murcko,train,0,0,0,0,1,0,0,0,0,0,0,0,0,0,0,0,0,0,0,0,0,0,0,0,0,0,1,0,1,0,0,0,0,1,0,0,0,0,1,1,1,0,0,0,0,0,0,0,0,1,0,0,0,0,1,0,0,0,0,0,0,0,0,0,1,0,0,0,0,0,0,0,0,0,0,0,0,1,0,0,1,1,0,1,0,0,0,0,0,0,0,0,0,0,0,0,0,0,0,0,1,1,0,0,0,0,0,0,0,0,0,0,0,0,0,0,0,0,0,0,0,0,1,0,1,0,0,0,0,0,0,0,0,1,0,0,0,0,0,0,0,0,0,0,0,0,0,0,0,0,0,0,0,0,0,0,0,0,0,0,0,0,0,0,0,0,0,0,0,1,0,0,0,0,0,1,1,0,0,0,0,0,0,1,0,0,0,0,0,0,0,0,0,0,0,0,0,0,0,0,0,0,0,1,0,0,0,0,0,0,0,0,0,1,1,0,0,0,0,0,0,0,0,0,0,1,0,0,0,0,0,0,0,0,0,0,0,0,0,0,0,0,0,0,0,0,0,0,0,1,0,0,0,0,0,0,0.7996592399275662,-0.3697583602508889,-0.04077806431566474,1.169417600178455,0.7996592399275662,1.0238477716716707,-2.1656335725102838,5.955498393801966,0.7677272297808013,5.955498393801966,-3.509523022171833,5.187771164021164,3.3616128117913835,2.593885582010582,0.19276100822166495,2.178284341987192,8.80443515703238,0.0,0.0,60.84671039155562,0.0,0.0,51.10304694137992,36.23834977932349,13.580191968167505,0.0,0.0,170.54522631208286,170.5727342374589,20.830216356929807,18.19577769095888,13.46869278121406,10.173579504313324,23.885572501420427,13.096246261754581,8.248465932903345,156.0,0.0,0.7996592399275662,-0.3697583602508889,0.7996592399275662,0.3697583602508889,64.77,5.410300000000006,119.13600000000005,0.0,2.8285714285714287
6874,CC(=O)NC1CC(C)(C)NC(C)(C)C1,0,6874,CC(=O)NC1CC(C)(C)NC(C)(C)C1,6874,CC(=O)NC1CC(C)(C)NC(C)(C)C1,CC(=O)NC1CC(C)(C)NC(C)(C)C1,CC(=O)NC1CC(C)(C)NC(C)(C)C1,CC(=O)NC1CC(C)(C)NC(C)(C)C1,6874.0,1.0,0.0,0.0,0.0,0.0,0.0,0.0,C1CCNCC1,198.31,1.4316999999999998,41.13,2.0,2.0,1.0,1.0,0.0,3.0,0.9090909090909092,14.0,0.0,0.0,0.0,0.0,1.0,1.0,0.0,0.0,0.0,0.0,1.0,1.0,0.0,0.0,0.0,0.0,0.0,0.0,0.0,0.0,0.0,0.0,0.0,0.0,0.0,0.0,0.0,0.0,0.0,0.0,0.0,0.0,0.0,0.0,0.0,0.0,0.0,0.0,0.0,0.0,0.0,0.0,0.0,0.0,0.0,0.0,0.0,0.0,0.0,0.0,0.0,0.0,0.0,0.0,0.0,0.0,0.0,0.0,0.0,0.0,0.0,0.0,0.0,0.0,0.0,0.0,0.0,0.0,0.0,0.0,0.0,0.0,0.0,0.0,0.0,0.0,0.0,0.0,0.0,0.0,0.0,0.0,0.0,0.0,0.0,0.0,0.0,0.0,0.0,0.0,0.0,0.0,0.0,0.0,0.0,0.0,0.0,0.0,0.0,0.0,0.0,0.0,0.0,0.0,0.0,0.0,0.0,0.0,0.0,0.0,0.0,0.0,0.0,0.0,0.0,0.0,0.0,0.0,0.0,0.0,0.0,0.0,0.0,0.0,0.0,0.0,0.0,0.0,0.0,0.0,0.0,0.0,0.0,0.0,0.0,0.0,0.0,0.0,0.0,0.0,0.0,0.0,0.0,0.0,0.0,0.0,0.0,0.0,0.0,0.0,0.0,0.0,0.0,0.0,0.0,0.0,0.0,0.0,0.0,0.0,0.0,0.0,0.0,0.0,0.0,0.0,0.0,0.0,0.0,0.0,0.0,0.0,0.0,0.0,0.0,0.0,0.0,0.0,0.0,0.0,0.0,0.0,0.0,0.0,0.0,0.0,0.0,0.0,0.0,0.0,0.0,0.0,0.0,0.0,0.0,0.0,0.0,0.0,0.0,0.0,0.0,0.0,0.0,0.0,0.0,0.0,0.0,0.0,0.0,0.0,0.0,0.0,0.0,0.0,0.0,0.0,0.0,0.0,0.0,0.0,0.0,0.0,0.0,0.0,0.0,0.0,0.0,0.0,0.0,0.0,0.0,0.0,0.0,0.0,0.0,0.0,0.0,0.0,0.0,0.0,0.0,0.0,0.0,0.0,0.0,0.0,0.0,0.0,0.0,0.0,0.0,0.0,0.0,0.0,0.0,0.0,0.0,0.0,0.0,0.0,0.0,0.0,0,0,0,0,0,0,0,0,C1CCNCC1,murcko,train,0,0,0,0,0,0,0,0,0,0,0,0,0,0,0,0,0,0,0,0,0,0,0,0,0,0,0,0,0,0,0,0,0,1,0,0,1,0,0,1,0,0,0,0,0,0,0,0,0,0,0,0,0,0,0,0,0,1,0,0,0,0,0,0,0,1,0,0,0,0,0,0,0,0,0,0,0,0,0,1,0,0,0,0,0,0,0,0,0,0,1,0,1,0,0,0,0,0,1,0,0,0,0,0,0,0,0,0,0,0,0,0,0,0,0,0,0,0,0,0,0,0,0,0,0,1,0,0,1,0,0,1,0,0,0,0,0,0,1,0,0,0,0,0,0,0,0,0,0,0,0,0,0,0,0,0,0,0,1,0,0,0,0,0,0,0,0,1,0,0,0,0,0,0,0,0,0,0,0,0,1,0,0,0,0,0,0,0,0,0,0,1,0,0,0,1,0,0,0,1,0,0,0,0,0,0,0,0,0,0,0,0,0,0,0,0,0,0,0,0,0,0,0,0,0,0,0,0,0,0,0,0,0,0,0,0,0,0,0,0,0,0,0,0,0,1,0,0,0,1,1,1,0,0,0,0,0.2165889050072365,-0.35347378762849335,-0.06142548330440746,0.5700626926357298,0.35347378762849335,0.29346427090986843,-1.153421037171573,11.0025,0.0726851851851853,11.0025,0.0726851851851853,10.929814814814815,5.537592592592592,5.4649074074074075,0.09149285847410243,2.8056222581165393,0.0,16.9850302341182,6.041840829147961,12.841643245852019,0.0,6.923737199690624,0.0,38.32852600677516,0.0,4.794537184071822,0.0,86.64408748552624,85.91531469965578,10.983127663125442,9.899812122026583,6.2019072626078,5.266402641941018,11.50446016381236,3.5360569208280808,3.2935878057314896,82.0,0.0,0.2165889050072365,-0.35347378762849335,0.35347378762849335,0.2165889050072365,41.13,1.4316999999999998,58.13240000000004,0.0,0.5636363636363637
3768,CCC(C)(C#N)N=NC(C)(C#N)CC,0,3768,CCC(C)(C#N)N=NC(C)(C#N)CC,3768,CCC(C)(C#N)N=NC(C)(C#N)CC,CCC(C)(C#N)N=NC(C)(C#N)CC,CCC(C)(C#N)N=NC(C)(C#N)CC,CCC(C)(C#N)N=NC(C)(C#N)CC,3768.0,1.0,0.0,0.0,0.0,0.0,0.0,0.0,,192.266,2.823160000000001,72.3,0.0,4.0,4.0,0.0,0.0,4.0,0.8,14.0,0.0,0.0,0.0,0.0,0.0,0.0,0.0,0.0,0.0,0.0,0.0,0.0,0.0,0.0,0.0,0.0,0.0,0.0,0.0,0.0,2.0,1.0,1.0,1.0,0.0,0.0,0.0,0.0,0.0,0.0,0.0,0.0,0.0,0.0,0.0,0.0,0.0,0.0,0.0,0.0,0.0,0.0,0.0,0.0,0.0,0.0,0.0,0.0,0.0,0.0,0.0,0.0,0.0,0.0,0.0,0.0,0.0,0.0,0.0,0.0,0.0,0.0,0.0,0.0,0.0,0.0,0.0,0.0,0.0,0.0,0.0,0.0,0.0,0.0,0.0,0.0,0.0,0.0,0.0,0.0,0.0,0.0,0.0,0.0,0.0,0.0,0.0,0.0,0.0,0.0,0.0,0.0,0.0,0.0,0.0,0.0,0.0,0.0,0.0,0.0,0.0,0.0,0.0,0.0,0.0,0.0,0.0,0.0,0.0,0.0,0.0,0.0,0.0,0.0,0.0,0.0,0.0,0.0,0.0,0.0,0.0,0.0,0.0,0.0,0.0,0.0,0.0,0.0,0.0,0.0,0.0,0.0,2.0,1.0,0.0,0.0,0.0,0.0,0.0,0.0,0.0,0.0,0.0,0.0,0.0,0.0,0.0,0.0,0.0,0.0,0.0,0.0,0.0,0.0,0.0,0.0,0.0,0.0,0.0,0.0,0.0,0.0,0.0,0.0,0.0,0.0,0.0,0.0,0.0,0.0,0.0,0.0,0.0,0.0,0.0,0.0,0.0,0.0,0.0,0.0,0.0,0.0,0.0,0.0,0.0,0.0,0.0,0.0,0.0,0.0,0.0,0.0,0.0,0.0,0.0,0.0,0.0,0.0,0.0,0.0,0.0,0.0,0.0,0.0,0.0,0.0,0.0,0.0,0.0,0.0,0.0,0.0,0.0,0.0,0.0,0.0,0.0,0.0,0.0,0.0,0.0,0.0,0.0,0.0,0.0,0.0,0.0,0.0,0.0,0.0,0.0,0.0,0.0,0.0,0.0,0.0,0.0,0.0,0.0,0.0,0.0,0.0,0.0,0.0,0.0,0.0,0.0,0.0,0.0,0.0,0.0,0.0,0.0,0.0,0.0,0.0,1.0,1.0,1.0,1.0,0.0,0.0,0,0,0,0,0,0,0,0,ACY_***(*)(**)***(*)(**)**,acyclic_anonymous_graph,train,0,0,0,0,0,0,0,0,0,0,0,0,0,0,1,0,0,0,0,0,0,0,1,0,0,0,0,0,0,0,0,0,0,1,0,0,0,0,1,1,0,0,0,0,0,0,0,1,0,0,0,0,0,0,0,0,0,0,0,0,0,0,0,0,0,1,0,1,0,0,0,0,0,0,0,0,0,0,0,0,1,0,0,0,0,0,1,0,0,0,0,0,0,0,0,0,0,0,0,0,0,0,0,0,1,0,0,0,0,0,0,0,0,0,1,0,0,0,0,0,0,0,0,0,0,0,0,0,0,0,0,0,0,0,0,0,1,0,0,0,0,0,0,0,0,0,0,0,0,0,0,0,0,0,0,0,0,0,0,0,0,0,1,0,0,0,0,0,0,0,0,0,0,0,0,0,0,0,0,0,0,0,0,0,0,0,0,0,0,0,0,0,0,0,0,0,0,0,0,0,0,0,0,0,0,0,0,0,0,0,0,0,0,1,0,0,0,0,0,0,0,0,0,0,0,0,0,0,0,0,0,0,0,0,0,0,0,1,0,0,0,0,0,0,0,0,0,0,0,0,0,0,0,0,0,0,0.16402950380315934,-0.1955509407857864,-0.0299366393469027,0.3595804445889457,0.1955509407857864,0.5168499205797663,-0.935962871436404,8.840870181405897,0.5954591836734693,8.840870181405897,-0.7983333333333333,8.245410997732428,4.718164682539683,4.122705498866214,0.12127958209421097,2.6998142333580235,11.07785050476669,0.0,12.841643245852019,0.0,0.0,13.847474399381248,13.847474399381248,22.366942876843343,10.523783109476973,0.0,0.0,85.25566726482552,84.50516853570151,11.242640687119286,9.203067944372927,6.4497474683058345,4.71574753455956,12.580000000000002,4.715316431935814,3.141802958942123,76.0,0.0,0.16402950380315934,-0.1955509407857864,0.1955509407857864,0.16402950380315934,72.3,2.8231600000000014,53.47400000000003,0.2,1.12
10979,CN(C)c1nc(N)nc(C(Cc2c[nH]c3ccccc23)NC(=O)c2ccccc2)n1,1,10979,CN(C)c1nc(N)nc(C(Cc2c[nH]c3ccccc23)NC(=O)c2ccccc2)n1,10979,CN(C)c1nc(N)nc(C(Cc2c[nH]c3ccccc23)NC(=O)c2ccccc2)n1,CN(C)c1nc(N)nc(C(Cc2c[nH]c3ccccc23)NC(=O)c2ccccc2)n1,CN(C)c1nc(N)nc(C(Cc2c[nH]c3ccccc23)NC(=O)c2ccccc2)n1,CN(C)c1nc(N)nc(C(Cc2c[nH]c3ccccc23)NC(=O)c2ccccc2)n1,10979.0,1.0,0.0,0.0,0.0,0.0,0.0,0.0,O=C(NC(Cc1c[nH]c2ccccc12)c1ncncn1)c1ccccc1,401.47400000000016,2.714900000000001,112.82,3.0,6.0,6.0,4.0,4.0,8.0,0.1818181818181818,30.0,0.0,0.0,0.0,0.0,0.0,0.0,0.0,0.0,0.0,0.0,1.0,1.0,0.0,0.0,0.0,0.0,2.0,1.0,0.0,0.0,0.0,0.0,0.0,0.0,0.0,0.0,0.0,0.0,0.0,0.0,0.0,0.0,0.0,0.0,0.0,0.0,0.0,0.0,0.0,0.0,0.0,0.0,0.0,0.0,0.0,0.0,0.0,0.0,0.0,0.0,0.0,0.0,0.0,0.0,3.0,1.0,29.0,1.0,2.0,1.0,0.0,0.0,0.0,0.0,0.0,0.0,0.0,0.0,0.0,0.0,0.0,0.0,0.0,0.0,0.0,0.0,0.0,0.0,0.0,0.0,0.0,0.0,0.0,0.0,0.0,0.0,0.0,0.0,0.0,0.0,0.0,0.0,0.0,0.0,0.0,0.0,0.0,0.0,0.0,0.0,0.0,0.0,0.0,0.0,0.0,0.0,0.0,0.0,0.0,0.0,0.0,0.0,1.0,1.0,0.0,0.0,0.0,0.0,0.0,0.0,0.0,0.0,1.0,1.0,0.0,0.0,0.0,0.0,0.0,0.0,0.0,0.0,0.0,0.0,0.0,0.0,0.0,0.0,0.0,0.0,0.0,0.0,0.0,0.0,0.0,0.0,0.0,0.0,0.0,0.0,0.0,0.0,0.0,0.0,0.0,0.0,0.0,0.0,0.0,0.0,0.0,0.0,0.0,0.0,0.0,0.0,0.0,0.0,0.0,0.0,0.0,0.0,0.0,0.0,0.0,0.0,0.0,0.0,0.0,0.0,0.0,0.0,0.0,0.0,0.0,0.0,0.0,0.0,0.0,0.0,0.0,0.0,0.0,0.0,0.0,0.0,0.0,0.0,0.0,0.0,0.0,0.0,0.0,0.0,0.0,0.0,0.0,0.0,0.0,0.0,0.0,0.0,0.0,0.0,0.0,0.0,0.0,0.0,0.0,0.0,0.0,0.0,0.0,0.0,0.0,0.0,0.0,0.0,0.0,0.0,0.0,0.0,0.0,0.0,0.0,0.0,0.0,0.0,0.0,0.0,0.0,0.0,0.0,0.0,0.0,0.0,0.0,0.0,0.0,0.0,0.0,0.0,0.0,0.0,0.0,0.0,1.0,2.0,1.0,2.0,0.0,0.0,0,0,1,0,0,0,0,0,O=C(NC(Cc1c[nH]c2ccccc12)c1ncncn1)c1ccccc1,murcko,train,0,1,0,0,0,0,0,0,0,1,0,0,0,0,0,0,0,0,0,0,0,0,0,0,0,0,0,0,0,1,0,0,0,1,0,1,0,1,1,1,0,0,0,0,0,0,0,0,0,0,0,0,0,0,0,0,0,1,0,0,0,0,0,1,1,0,0,0,0,1,0,1,1,0,0,0,0,1,1,1,1,1,0,0,0,0,0,1,0,0,1,0,0,0,0,0,0,0,0,0,1,0,0,0,0,1,0,0,1,0,0,0,1,1,0,0,0,1,0,1,0,0,1,0,1,1,0,0,1,1,0,0,0,1,0,0,0,0,1,1,0,0,1,0,0,1,0,1,0,0,0,0,1,1,0,0,0,0,0,0,0,0,0,0,1,0,0,0,0,0,0,0,0,0,0,1,0,1,1,0,0,0,0,0,0,0,0,0,1,0,0,0,0,1,0,0,0,0,0,0,0,0,0,0,0,0,0,0,0,0,0,0,0,0,1,0,1,0,0,0,0,0,0,0,0,0,0,0,0,0,1,0,0,0,0,0,0,0,0,0,0,0,0,0,0,0,0,1,0,0,0,0,0,0,0,1,0.25137793462632446,-0.3676358389420837,-0.05667839125702227,0.6190137735684081,0.3676358389420837,1.070274824245663,-2.7706265619563313,12.892441027336861,0.1125803361468043,12.892441027336861,-0.4852664399092972,12.779860691190057,6.502510681741833,6.389930345595029,0.07824811429199392,3.3085372515300313,6.041840829147961,11.855519010338,23.757016893609425,16.466376423778055,0.0,17.032643867773697,62.75675701619872,25.252702687795164,5.733667477162185,4.794537184071822,0.0,173.73117965006495,173.69106138987502,21.087211190881018,16.832412683925753,14.50804039084698,9.607010146225486,19.379623021690414,8.200376189710644,4.0710650519823,152.0,0.0,0.25137793462632446,-0.3676358389420837,0.3676358389420837,0.25137793462632446,112.82000000000001,2.714900000000001,117.21830000000003,1.1,1.272727272727273
6158,C1C[O][Sb]2[O]CC[O][Sb]([O]1)[O]CC[O]2,1,6158,C1C[O][Sb]2[O]CC[O][Sb]([O]1)[O]CC[O]2,6158,C1C[O][Sb]2[O]CC[O][Sb]([O]1)[O]CC[O]2,C1C[O][Sb]2[O]CC[O][Sb]([O]1)[O]CC[O]2,C1C[O][Sb]2[O]CC[O][Sb]([O]1)[O]CC[O]2,C1C[O][Sb]2[O]CC[O][Sb]([O]1)[O]CC[O]2,6158.0,1.0,0.0,0.0,0.0,0.0,0.0,0.0,C1C[O][Sb]2[O]CC[O][Sb]([O]1)[O]CC[O]2,423.6760000000001,-0.917,55.38000000000001,0.0,6.0,0.0,3.0,0.0,8.0,1.0,14.0,0.0,0.0,0.0,0.0,0.0,0.0,0.0,0.0,0.0,0.0,0.0,0.0,0.0,0.0,0.0,0.0,0.0,0.0,0.0,0.0,0.0,0.0,0.0,0.0,0.0,0.0,0.0,0.0,0.0,0.0,0.0,0.0,0.0,0.0,0.0,0.0,0.0,0.0,0.0,0.0,0.0,0.0,0.0,0.0,0.0,0.0,0.0,0.0,0.0,0.0,0.0,0.0,0.0,0.0,0.0,0.0,0.0,0.0,14.0,1.0,0.0,0.0,0.0,0.0,0.0,0.0,0.0,0.0,0.0,0.0,0.0,0.0,0.0,0.0,0.0,0.0,0.0,0.0,0.0,0.0,0.0,0.0,0.0,0.0,0.0,0.0,0.0,0.0,0.0,0.0,0.0,0.0,0.0,0.0,0.0,0.0,0.0,0.0,0.0,0.0,0.0,0.0,0.0,0.0,0.0,0.0,0.0,0.0,0.0,0.0,0.0,0.0,0.0,0.0,0.0,0.0,0.0,0.0,0.0,0.0,0.0,0.0,0.0,0.0,0.0,0.0,0.0,0.0,0.0,0.0,0.0,0.0,0.0,0.0,0.0,0.0,0.0,0.0,0.0,0.0,0.0,0.0,0.0,0.0,0.0,0.0,0.0,0.0,0.0,0.0,0.0,0.0,0.0,0.0,0.0,0.0,0.0,0.0,0.0,0.0,0.0,0.0,0.0,0.0,0.0,0.0,0.0,0.0,0.0,0.0,0.0,0.0,0.0,0.0,0.0,0.0,0.0,0.0,0.0,0.0,0.0,0.0,0.0,0.0,0.0,0.0,0.0,0.0,0.0,0.0,0.0,0.0,0.0,0.0,0.0,0.0,0.0,0.0,0.0,0.0,0.0,0.0,0.0,0.0,0.0,0.0,0.0,0.0,0.0,0.0,0.0,0.0,0.0,0.0,0.0,0.0,0.0,0.0,0.0,0.0,0.0,0.0,0.0,0.0,0.0,0.0,0.0,0.0,0.0,0.0,0.0,0.0,0.0,0.0,0.0,0.0,0.0,0.0,0.0,0.0,0.0,0.0,0.0,0.0,0.0,0.0,0.0,0.0,0.0,0.0,0.0,0.0,0.0,0.0,0.0,0.0,0.0,0.0,0.0,0.0,0.0,0.0,0,0,0,0,0,0,0,0,C1C[O][Sb]2[O]CC[O][Sb]([O]1)[O]CC[O]2,murcko,train,0,0,0,0,0,0,0,0,0,0,0,0,0,0,0,0,0,0,0,0,0,0,0,0,0,0,0,0,0,0,0,0,0,0,1,0,0,0,0,0,0,0,0,0,0,0,0,0,0,0,0,0,0,0,0,0,0,0,0,0,0,0,0,0,0,0,0,0,0,0,0,0,0,0,0,0,0,0,0,0,0,0,0,0,0,0,0,0,0,0,0,0,1,0,0,0,0,0,0,0,0,0,0,0,0,0,0,0,0,0,0,0,0,0,0,0,0,0,0,0,0,0,0,0,0,0,0,0,0,0,0,0,0,0,0,0,0,0,0,0,0,0,0,0,1,0,0,0,0,0,1,0,0,1,0,0,0,0,1,0,0,0,0,0,0,0,0,0,0,0,0,0,0,0,0,1,0,0,0,0,0,0,1,0,0,0,0,0,0,0,0,0,0,0,0,0,0,0,0,0,0,0,0,0,0,0,0,0,0,0,0,0,0,0,0,0,0,0,0,0,0,0,0,0,0,0,0,0,0,0,0,0,0,0,0,0,0,0,0,0,0,0,0,0,0,0,0,0,0,0,0,0,0,0,0,0,,,,,,,,5.473222222222223,0.5240277777777778,5.473222222222223,-2.39175,4.949194444444445,2.998625,2.4745972222222226,0.202053083835192,1.8168111985816995,42.940945092345345,0.0,39.641291787077506,0.0,0.0,0.0,0.0,0.0,18.092167926078847,0.0,0.0,100.02012309984377,100.67440480550171,9.639981912617825,7.586557620902381,6.949489742783179,4.327495922579211,11.869398001826058,6.867300129257032,4.104124454627683,82.0,0.0,,,,,55.38000000000001,-0.917,47.22000000000003,0.0,0.4
5465,N#Cc1ccccc1NC(=O)c1snc(Cl)c1Cl,0,5465,N#Cc1ccccc1NC(=O)c1snc(Cl)c1Cl,5465,N#Cc1ccccc1NC(=O)c1snc(Cl)c1Cl,N#Cc1ccccc1NC(=O)c1snc(Cl)c1Cl,N#Cc1ccccc1NC(=O)c1snc(Cl)c1Cl,N#Cc1ccccc1NC(=O)c1snc(Cl)c1Cl,5465.0,1.0,0.0,0.0,0.0,0.0,0.0,0.0,O=C(Nc1ccccc1)c1ccns1,298.154,3.573880000000001,65.78,1.0,4.0,2.0,2.0,2.0,7.0,0.0,18.0,0.0,0.0,0.0,0.0,0.0,0.0,0.0,0.0,0.0,0.0,1.0,1.0,0.0,0.0,0.0,0.0,1.0,1.0,0.0,0.0,1.0,1.0,0.0,0.0,0.0,0.0,0.0,0.0,0.0,0.0,0.0,0.0,0.0,0.0,0.0,0.0,0.0,0.0,0.0,0.0,0.0,0.0,0.0,0.0,0.0,0.0,0.0,0.0,0.0,0.0,0.0,0.0,0.0,0.0,1.0,1.0,7.0,1.0,0.0,0.0,0.0,0.0,2.0,1.0,0.0,0.0,2.0,1.0,0.0,0.0,0.0,0.0,0.0,0.0,0.0,0.0,0.0,0.0,0.0,0.0,0.0,0.0,0.0,0.0,0.0,0.0,0.0,0.0,0.0,0.0,0.0,0.0,0.0,0.0,0.0,0.0,0.0,0.0,0.0,0.0,0.0,0.0,0.0,0.0,0.0,0.0,0.0,0.0,0.0,0.0,0.0,0.0,0.0,0.0,0.0,0.0,0.0,0.0,0.0,0.0,0.0,0.0,0.0,0.0,1.0,1.0,0.0,0.0,0.0,0.0,0.0,0.0,0.0,0.0,0.0,0.0,0.0,0.0,0.0,0.0,0.0,0.0,0.0,0.0,0.0,0.0,0.0,0.0,0.0,0.0,0.0,0.0,0.0,0.0,0.0,0.0,0.0,0.0,0.0,0.0,0.0,0.0,0.0,0.0,0.0,0.0,0.0,0.0,0.0,0.0,0.0,0.0,0.0,0.0,0.0,0.0,0.0,0.0,0.0,0.0,0.0,0.0,0.0,0.0,0.0,0.0,0.0,0.0,0.0,0.0,0.0,0.0,0.0,0.0,0.0,0.0,0.0,0.0,0.0,0.0,0.0,0.0,0.0,0.0,0.0,0.0,0.0,0.0,0.0,0.0,0.0,0.0,0.0,0.0,0.0,0.0,0.0,0.0,0.0,0.0,0.0,0.0,0.0,0.0,0.0,0.0,0.0,0.0,0.0,0.0,0.0,0.0,0.0,0.0,0.0,0.0,0.0,0.0,0.0,0.0,0.0,0.0,0.0,0.0,0.0,0.0,0.0,0.0,0.0,0.0,0.0,0.0,0.0,0.0,0.0,0.0,1.0,1.0,1.0,1.0,0.0,0.0,0,0,1,0,0,0,0,0,O=C(Nc1ccccc1)c1ccns1,murcko,train,0,0,1,0,0,0,0,0,0,0,0,0,0,1,0,0,0,0,0,0,0,0,1,0,1,0,0,0,0,0,0,0,0,0,0,0,0,0,1,1,0,0,0,0,0,0,0,0,0,1,0,0,0,0,0,0,1,0,0,0,0,0,0,0,1,0,0,0,0,0,1,0,0,0,0,0,0,0,0,0,0,1,0,1,0,0,0,0,0,0,0,0,0,0,0,0,0,0,0,0,1,0,0,0,1,1,0,0,0,0,0,0,1,0,0,0,1,0,0,0,0,0,1,0,0,1,0,0,1,0,0,0,0,0,0,0,0,0,1,0,0,0,1,0,0,0,0,1,0,0,0,0,0,0,0,0,0,0,0,0,1,0,1,1,0,0,0,0,0,0,0,0,0,0,0,1,0,1,0,1,0,0,0,0,0,0,0,0,0,0,0,0,0,0,0,0,0,0,0,0,1,1,0,0,0,0,0,0,0,0,0,0,0,0,1,0,0,0,0,0,0,0,0,0,0,0,0,0,0,0,1,0,0,0,0,0,0,0,0,0,0,0,0,1,0,0,0,0,0,0,0,0,0,0,0,0,0.26850259813629107,-0.31997231078310395,-0.02348874133675792,0.588474908919395,0.31997231078310395,0.9024355211526996,-1.3252328652143424,11.923205152431343,0.09757870895271736,11.923205152431343,-0.43787037037037035,11.825626443478626,6.01039193069203,5.912813221739313,0.08456211641552919,3.0547904868455658,5.907179729351506,15.052890324335419,11.250837766380558,11.532486611566675,0.0,24.26546827384644,6.069221312792274,9.69032858542278,28.463771335203518,4.794537184071822,0.0,116.92997921354149,117.02672112297098,13.120955864630139,8.7762537947046,8.630228955335799,4.74335081399773,12.836807518614501,5.357184542694135,2.4592351179630856,90.0,0.0,0.26850259813629107,-0.31997231078310395,0.31997231078310395,0.26850259813629107,65.78,3.573880000000001,71.2442,0.8999999999999999,0.4
4678,CCCCC(CC)C1OCCN1CCCC,0,4678,CCCCC(CC)C1OCCN1CCCC,4678,CCCCC(CC)C1OCCN1CCCC,CCCCC(CC)C1OCCN1CCCC,CCCCC(CC)C1OCCN1CCCC,CCCCC(CC)C1OCCN1CCCC,4678.0,1.0,0.0,0.0,0.0,0.0,0.0,0.0,C1COCN1,227.3919999999999,3.6612000000000022,12.47,0.0,2.0,8.0,1.0,0.0,2.0,1.0,16.0,0.0,0.0,0.0,0.0,0.0,0.0,1.0,1.0,0.0,0.0,0.0,0.0,0.0,0.0,0.0,0.0,0.0,0.0,0.0,0.0,0.0,0.0,0.0,0.0,0.0,0.0,0.0,0.0,0.0,0.0,0.0,0.0,0.0,0.0,1.0,1.0,0.0,0.0,0.0,0.0,0.0,0.0,0.0,0.0,0.0,0.0,0.0,0.0,0.0,0.0,0.0,0.0,0.0,0.0,0.0,0.0,0.0,0.0,0.0,0.0,0.0,0.0,0.0,0.0,0.0,0.0,0.0,0.0,0.0,0.0,0.0,0.0,0.0,0.0,0.0,0.0,0.0,0.0,0.0,0.0,0.0,0.0,0.0,0.0,0.0,0.0,0.0,0.0,0.0,0.0,0.0,0.0,0.0,0.0,0.0,0.0,0.0,0.0,0.0,0.0,0.0,0.0,0.0,0.0,0.0,0.0,0.0,0.0,0.0,0.0,0.0,0.0,0.0,0.0,0.0,0.0,0.0,0.0,0.0,0.0,0.0,0.0,0.0,0.0,0.0,0.0,0.0,0.0,0.0,0.0,0.0,0.0,0.0,0.0,0.0,0.0,0.0,0.0,0.0,0.0,0.0,0.0,0.0,0.0,0.0,0.0,0.0,0.0,0.0,0.0,0.0,0.0,0.0,0.0,0.0,0.0,0.0,0.0,0.0,0.0,0.0,0.0,0.0,0.0,0.0,0.0,0.0,0.0,0.0,0.0,0.0,0.0,0.0,0.0,0.0,0.0,0.0,0.0,0.0,0.0,0.0,0.0,0.0,0.0,0.0,0.0,0.0,0.0,0.0,0.0,0.0,0.0,0.0,0.0,0.0,0.0,0.0,0.0,0.0,0.0,0.0,0.0,0.0,0.0,0.0,0.0,0.0,0.0,0.0,0.0,0.0,0.0,0.0,0.0,0.0,0.0,0.0,0.0,0.0,0.0,0.0,0.0,0.0,0.0,0.0,0.0,0.0,0.0,0.0,0.0,0.0,0.0,0.0,0.0,0.0,0.0,0.0,0.0,0.0,0.0,0.0,0.0,0.0,0.0,0.0,0.0,0.0,0.0,0.0,0.0,0.0,0.0,0.0,0.0,0.0,0.0,0.0,0.0,0.0,0.0,0.0,0.0,0,0,0,0,0,0,0,0,C1COCN1,murcko,train,0,1,0,0,0,0,0,0,1,0,0,0,0,0,0,0,0,0,0,0,1,0,0,0,0,0,1,0,0,0,0,0,0,1,1,0,0,0,1,0,0,0,0,0,0,0,0,0,1,0,0,0,0,0,1,0,1,0,0,0,0,0,0,0,0,0,0,0,0,0,0,0,0,0,0,0,0,0,0,1,1,0,0,0,1,0,0,0,0,0,1,0,0,0,0,0,0,0,0,0,0,0,0,0,0,0,0,0,0,0,0,0,0,0,0,0,0,0,0,1,0,1,0,0,0,1,0,0,0,0,0,0,0,0,0,0,0,0,0,0,0,0,0,0,1,0,0,0,0,0,0,0,0,0,0,0,0,0,1,0,0,0,0,0,0,0,0,1,1,0,0,0,0,0,0,0,0,0,0,0,0,0,1,0,0,1,0,0,0,0,0,0,0,0,0,0,0,0,0,0,1,0,0,0,0,0,0,0,0,0,0,0,1,0,0,0,0,0,0,0,1,0,0,0,0,0,0,1,0,0,1,0,0,0,0,0,0,0,0,0,0,1,0,0,0,0,0,0,0,0,0,1,0,0,0,1,0.11307403777048224,-0.36151675065443173,-0.05850900139793173,0.474590788424914,0.36151675065443173,0.19944818141616036,-1.135592203783068,5.938631897203326,0.41953703703703704,5.938631897203326,0.41953703703703704,5.519094860166289,3.1790844671201812,2.7595474300831446,0.18118913070645612,1.8312020911306273,0.0,0.0,6.22790117073487,19.069544416586886,45.06968614346863,0.0,0.0,25.67112132992235,4.736862953800049,0.0,0.0,101.35104626116647,100.77511601451278,11.803118619434356,11.374123455022003,7.8292284625456245,7.186182074591869,13.982814070351758,8.076162142592151,4.061083433071218,96.0,0.0,0.11307403777048224,-0.36151675065443173,0.36151675065443173,0.11307403777048224,12.47,3.6612000000000027,69.52700000000006,0.0,2.0
9737,O=[Se]=O,1,9737,O=[Se]=O,9737,O=[Se]=O,O=[Se]=O,O=[Se]=O,O=[Se]=O,9737.0,1.0,0.0,0.0,0.0,0.0,0.0,0.0,,110.95799999999998,-0.6184000000000001,34.14,0.0,2.0,0.0,0.0,0.0,3.0,0.0,3.0,0.0,0.0,0.0,0.0,0.0,0.0,0.0,0.0,0.0,0.0,0.0,0.0,0.0,0.0,0.0,0.0,0.0,0.0,0.0,0.0,0.0,0.0,0.0,0.0,0.0,0.0,0.0,0.0,0.0,0.0,0.0,0.0,0.0,0.0,0.0,0.0,0.0,0.0,0.0,0.0,0.0,0.0,0.0,0.0,0.0,0.0,0.0,0.0,0.0,0.0,0.0,0.0,0.0,0.0,0.0,0.0,0.0,0.0,0.0,0.0,0.0,0.0,0.0,0.0,0.0,0.0,0.0,0.0,0.0,0.0,0.0,0.0,0.0,0.0,0.0,0.0,0.0,0.0,0.0,0.0,0.0,0.0,0.0,0.0,0.0,0.0,0.0,0.0,0.0,0.0,0.0,0.0,0.0,0.0,0.0,0.0,0.0,0.0,0.0,0.0,0.0,0.0,0.0,0.0,0.0,0.0,0.0,0.0,0.0,0.0,0.0,0.0,0.0,0.0,0.0,0.0,0.0,0.0,0.0,0.0,0.0,0.0,0.0,0.0,0.0,0.0,0.0,0.0,0.0,0.0,0.0,0.0,0.0,0.0,0.0,0.0,0.0,0.0,0.0,0.0,0.0,0.0,0.0,0.0,0.0,0.0,0.0,0.0,0.0,0.0,0.0,0.0,0.0,0.0,0.0,0.0,0.0,0.0,0.0,0.0,0.0,0.0,0.0,0.0,0.0,0.0,0.0,0.0,0.0,0.0,0.0,0.0,0.0,0.0,0.0,0.0,0.0,0.0,0.0,0.0,0.0,0.0,0.0,0.0,0.0,0.0,0.0,0.0,0.0,0.0,0.0,0.0,0.0,0.0,0.0,0.0,0.0,0.0,0.0,0.0,0.0,0.0,0.0,0.0,0.0,0.0,0.0,0.0,0.0,0.0,0.0,0.0,0.0,0.0,0.0,0.0,0.0,0.0,0.0,0.0,0.0,0.0,0.0,0.0,0.0,0.0,0.0,0.0,0.0,0.0,0.0,0.0,0.0,0.0,0.0,0.0,0.0,0.0,0.0,0.0,0.0,0.0,0.0,0.0,0.0,0.0,0.0,0.0,0.0,0.0,0.0,0.0,0.0,0.0,0.0,0.0,0.0,0.0,0.0,0.0,0.0,0.0,0,0,0,0,0,0,0,0,ACY_***,acyclic_anonymous_graph,train,0,0,0,0,0,0,0,0,0,0,0,0,0,0,0,0,0,0,0,0,0,0,0,0,0,0,0,0,0,0,0,0,0,0,0,0,0,0,0,0,0,0,0,0,0,0,0,0,0,0,0,0,0,0,0,0,0,1,0,0,0,0,0,0,0,0,0,0,0,0,0,0,0,0,0,0,0,0,0,0,0,0,0,0,0,0,0,0,0,0,0,0,0,0,0,0,0,0,0,0,0,0,0,1,0,0,0,1,0,0,0,0,0,0,0,0,0,0,0,0,0,0,0,0,0,0,0,0,0,0,0,0,0,0,0,0,0,0,1,0,0,0,0,0,0,0,0,0,0,0,0,0,0,0,0,0,0,0,0,0,0,0,0,0,0,0,0,0,0,0,0,0,0,0,0,0,0,0,0,0,0,0,0,0,0,0,0,0,0,0,0,0,0,0,0,0,0,0,0,0,0,0,0,0,0,0,0,0,0,0,0,0,0,0,0,0,0,0,0,0,0,0,0,0,0,0,0,0,0,0,0,0,0,0,0,0,0,0,0,0,0,0,0,0,0,0,0,0,0,0,0,0,0,0,0,0,,,,,,,,8.4375,1.625,8.4375,-1.625,6.8125,5.03125,3.40625,0.14678899082568808,3.7157396788990824,14.820759674518737,0.0,0.0,0.0,0.0,0.0,0.0,0.0,7.669443941842533,0.0,0.0,23.39474668114611,22.490203616361267,2.7071067811865475,1.2247448713915892,1.4142135623730951,0.3333333333333334,3.1194805194805193,2.1194805194805193,2.1194805194805157,18.0,0.0,,,,,34.14,-0.6184000000000001,7.126999999999999,0.0,0.0
10361,Cc1cccc([N+](=O)[O-])c1C,1,10361,Cc1cccc([N+](=O)[O-])c1C,10361,Cc1cccc([N+](=O)[O-])c1C,Cc1cccc([N+](=O)[O-])c1C,Cc1cccc([N+](=O)[O-])c1C,Cc1cccc([N+](=O)[O-])c1C,10361.0,1.0,0.0,0.0,0.0,0.0,0.0,0.0,c1ccccc1,151.165,2.21164,43.14,0.0,2.0,1.0,1.0,1.0,3.0,0.25,11.0,0.0,1.0,0.0,0.0,0.0,0.0,0.0,0.0,0.0,0.0,0.0,0.0,0.0,0.0,0.0,0.0,1.0,1.0,0.0,0.0,0.0,0.0,0.0,0.0,0.0,0.0,0.0,0.0,0.0,0.0,0.0,0.0,0.0,0.0,0.0,0.0,0.0,0.0,0.0,0.0,0.0,0.0,0.0,0.0,0.0,0.0,0.0,0.0,0.0,0.0,0.0,0.0,0.0,0.0,1.0,1.0,6.0,1.0,0.0,0.0,0.0,0.0,0.0,0.0,0.0,0.0,0.0,0.0,0.0,0.0,0.0,0.0,0.0,0.0,0.0,0.0,0.0,0.0,0.0,0.0,0.0,0.0,0.0,0.0,0.0,0.0,0.0,0.0,0.0,0.0,0.0,0.0,0.0,0.0,0.0,0.0,0.0,0.0,0.0,0.0,0.0,0.0,0.0,0.0,0.0,0.0,0.0,0.0,0.0,0.0,0.0,0.0,0.0,0.0,0.0,0.0,0.0,0.0,1.0,1.0,0.0,0.0,0.0,0.0,0.0,0.0,0.0,0.0,0.0,0.0,0.0,0.0,0.0,0.0,0.0,0.0,0.0,0.0,0.0,0.0,0.0,0.0,0.0,0.0,0.0,0.0,0.0,0.0,0.0,0.0,0.0,0.0,0.0,0.0,0.0,0.0,0.0,0.0,0.0,0.0,0.0,0.0,0.0,0.0,0.0,0.0,0.0,0.0,0.0,0.0,0.0,0.0,0.0,0.0,0.0,0.0,0.0,0.0,0.0,0.0,0.0,0.0,0.0,0.0,0.0,0.0,0.0,0.0,0.0,0.0,0.0,0.0,0.0,0.0,0.0,0.0,0.0,0.0,0.0,0.0,0.0,0.0,0.0,0.0,0.0,0.0,0.0,0.0,0.0,0.0,0.0,0.0,0.0,0.0,0.0,0.0,0.0,0.0,0.0,0.0,0.0,0.0,0.0,0.0,0.0,0.0,0.0,0.0,0.0,0.0,0.0,0.0,0.0,0.0,0.0,0.0,0.0,0.0,0.0,0.0,0.0,0.0,0.0,0.0,0.0,0.0,0.0,0.0,0.0,0.0,0.0,0.0,0.0,0.0,0.0,0.0,1.0,1.0,1.0,1.0,0.0,0.0,0,0,1,0,0,0,0,0,c1ccccc1,murcko,train,0,0,0,0,0,0,0,0,0,0,0,0,0,0,0,1,0,0,0,0,0,0,0,0,0,0,0,0,0,0,0,0,0,1,0,0,0,0,0,0,0,0,0,0,0,0,0,0,0,0,0,0,0,0,0,0,0,0,0,0,0,0,0,0,1,0,0,0,0,0,1,0,0,0,0,0,0,0,1,0,0,1,0,0,0,0,0,0,0,0,0,0,0,0,0,0,0,0,1,0,1,0,0,0,0,0,0,0,0,0,0,1,0,0,0,0,0,0,0,0,0,0,0,0,0,0,0,0,0,0,0,0,1,0,0,0,0,0,1,0,0,0,0,0,0,1,0,0,0,0,0,0,0,0,0,0,0,0,0,0,0,0,0,0,1,0,0,0,0,0,0,1,0,0,0,0,0,0,0,0,0,0,0,0,0,0,1,0,0,0,0,0,0,0,0,0,0,0,0,0,0,0,0,1,1,0,0,1,0,0,0,0,0,0,1,0,0,0,0,0,0,0,0,0,0,0,0,0,0,0,0,0,0,0,0,0,0,0,0,0,0,1,0,0,0,0,0,0,0,0,0,0,1,0,0,0,0.2720575142043234,-0.2583007965757644,-0.033025661818676125,0.5303583107800878,0.2720575142043234,0.3803457355837877,-0.7436280155892251,10.379537037037037,0.1990740740740744,10.379537037037037,-0.35879629629629584,10.180462962962963,5.289305555555556,5.0902314814814815,0.09822735995779862,2.748082612923568,0.0,10.610697323501233,0.0,11.126902983393991,6.06636706846161,12.990104268152233,12.990104268152233,0.0,0.0,10.114318268765572,0.0,64.81426307078998,63.89849418042687,8.430721420318147,6.495760983996561,5.125897657686228,3.3327721052763826,7.723950103950105,2.6981307613188696,1.3676066560376277,58.0,0.0,0.2720575142043234,-0.2583007965757644,0.2720575142043234,0.2583007965757644,43.14,2.21164,42.57040000000002,0.8999999999999999,0.30000000000000004
3096,CCOc1cccc(F)c1F,1,3096,CCOc1cccc(F)c1F,3096,CCOc1cccc(F)c1F,CCOc1cccc(F)c1F,CCOc1cccc(F)c1F,CCOc1cccc(F)c1F,3096.0,1.0,0.0,0.0,0.0,0.0,0.0,0.0,c1ccccc1,158.14699999999996,2.3635,9.23,0.0,1.0,2.0,1.0,1.0,3.0,0.25,11.0,0.0,0.0,0.0,0.0,0.0,0.0,0.0,0.0,0.0,0.0,0.0,0.0,0.0,0.0,0.0,0.0,0.0,0.0,0.0,0.0,0.0,0.0,0.0,0.0,0.0,0.0,0.0,0.0,0.0,0.0,0.0,0.0,0.0,0.0,1.0,1.0,0.0,0.0,0.0,0.0,0.0,0.0,0.0,0.0,0.0,0.0,0.0,0.0,0.0,0.0,0.0,0.0,0.0,0.0,1.0,1.0,6.0,1.0,0.0,0.0,0.0,0.0,2.0,1.0,2.0,1.0,0.0,0.0,0.0,0.0,0.0,0.0,0.0,0.0,0.0,0.0,0.0,0.0,0.0,0.0,0.0,0.0,0.0,0.0,0.0,0.0,0.0,0.0,0.0,0.0,0.0,0.0,0.0,0.0,0.0,0.0,0.0,0.0,0.0,0.0,0.0,0.0,0.0,0.0,0.0,0.0,0.0,0.0,0.0,0.0,0.0,0.0,0.0,0.0,0.0,0.0,0.0,0.0,0.0,0.0,0.0,0.0,0.0,0.0,0.0,0.0,0.0,0.0,0.0,0.0,0.0,0.0,0.0,0.0,0.0,0.0,0.0,0.0,0.0,0.0,0.0,0.0,0.0,0.0,0.0,0.0,0.0,0.0,0.0,0.0,0.0,0.0,0.0,0.0,0.0,0.0,0.0,0.0,0.0,0.0,0.0,0.0,0.0,0.0,0.0,0.0,0.0,0.0,0.0,0.0,0.0,0.0,0.0,0.0,0.0,0.0,0.0,0.0,0.0,0.0,0.0,0.0,0.0,0.0,0.0,0.0,0.0,0.0,0.0,0.0,0.0,0.0,0.0,0.0,0.0,0.0,0.0,0.0,0.0,0.0,0.0,0.0,0.0,0.0,2.0,1.0,0.0,0.0,0.0,0.0,0.0,0.0,0.0,0.0,0.0,0.0,0.0,0.0,0.0,0.0,0.0,0.0,0.0,0.0,0.0,0.0,0.0,0.0,0.0,0.0,0.0,0.0,0.0,0.0,0.0,0.0,0.0,0.0,0.0,0.0,0.0,0.0,0.0,0.0,0.0,0.0,0.0,0.0,0.0,0.0,0.0,0.0,0.0,0.0,0.0,0.0,1.0,1.0,0.0,0.0,1.0,1.0,0,0,0,0,0,0,0,0,c1ccccc1,murcko,train,0,0,0,0,0,0,0,0,1,0,0,0,0,0,0,1,0,0,0,0,0,0,0,0,0,0,0,0,0,0,0,0,0,1,0,0,0,0,1,0,0,0,0,0,0,0,0,0,1,0,0,0,0,0,0,0,0,0,0,0,0,0,0,0,1,0,0,1,0,0,0,0,0,0,0,0,0,0,0,0,1,1,0,0,0,0,0,0,0,0,0,0,0,0,0,0,0,0,0,0,1,0,0,0,0,0,0,0,0,0,0,0,0,0,0,0,0,0,0,0,0,0,0,0,0,0,0,0,0,0,1,0,0,0,0,0,1,0,1,0,1,0,0,0,0,0,0,0,0,0,0,0,0,0,0,0,0,0,0,0,0,0,0,0,0,1,0,0,0,1,0,0,1,0,0,0,0,0,1,0,0,0,0,1,0,0,0,1,0,0,0,0,0,0,0,0,0,0,0,0,0,0,0,0,0,0,0,0,0,0,0,0,0,0,1,0,0,0,0,0,0,0,0,0,0,0,0,0,0,0,0,0,0,0,0,0,0,1,0,0,0,0,0,0,0,0,0,0,0,0,0,0,0,0,0,0,0.20009322794816012,-0.4906914247891552,-0.037667675128849526,0.6907846527373153,0.4906914247891552,0.6053263827323484,-1.0196708091496933,12.688657407407408,0.0347222222222221,12.688657407407408,-0.9218981481481479,12.653935185185187,6.361689814814815,6.3269675925925934,0.0790267995975487,3.1983012958135575,11.63444168209179,5.749511833283905,6.606881964512918,6.06636706846161,12.13273413692322,6.923737199690624,0.0,0.0,4.736862953800049,8.78083009534964,0.0,63.60590338364953,62.63136693411375,8.267584713501616,6.1033348252377415,5.253218857624055,3.3218874698788117,7.981214574898785,3.323790748813703,1.6668205495879038,60.0,0.0,0.20009322794816012,-0.4906914247891552,0.4906914247891552,0.20009322794816012,9.23,2.3635,37.527000000000015,0.0,0.5
11016,CC(CNC(=S)S)NC(=S)S,1,11016,CC(CNC(=S)S)NC(=S)S,11016,CC(CNC(=S)S)NC(=S)S,CC(CNC(=S)S)NC(=S)S,CC(CNC(=S)S)NC(=S)S,CC(CNC(=S)S)NC(=S)S,11016.0,1.0,0.0,0.0,0.0,0.0,0.0,0.0,,226.4170000000001,0.9834999999999998,24.06,4.0,2.0,3.0,0.0,0.0,6.0,0.6,11.0,0.0,0.0,0.0,0.0,0.0,0.0,0.0,0.0,0.0,0.0,0.0,0.0,0.0,0.0,0.0,0.0,0.0,0.0,0.0,0.0,0.0,0.0,0.0,0.0,0.0,0.0,0.0,0.0,0.0,0.0,0.0,0.0,0.0,0.0,0.0,0.0,0.0,0.0,0.0,0.0,0.0,0.0,0.0,0.0,0.0,0.0,0.0,0.0,0.0,0.0,0.0,0.0,0.0,0.0,0.0,0.0,0.0,0.0,0.0,0.0,0.0,0.0,0.0,0.0,0.0,0.0,0.0,0.0,0.0,0.0,0.0,0.0,0.0,0.0,0.0,0.0,0.0,0.0,0.0,0.0,0.0,0.0,2.0,1.0,0.0,0.0,0.0,0.0,0.0,0.0,0.0,0.0,0.0,0.0,0.0,0.0,0.0,0.0,0.0,0.0,0.0,0.0,0.0,0.0,0.0,0.0,0.0,0.0,0.0,0.0,0.0,0.0,0.0,0.0,0.0,0.0,0.0,0.0,0.0,0.0,0.0,0.0,0.0,0.0,0.0,0.0,0.0,0.0,0.0,0.0,0.0,0.0,0.0,0.0,0.0,0.0,0.0,0.0,0.0,0.0,0.0,0.0,0.0,0.0,0.0,0.0,0.0,0.0,0.0,0.0,0.0,0.0,0.0,0.0,0.0,0.0,0.0,0.0,0.0,0.0,0.0,0.0,0.0,0.0,0.0,0.0,0.0,0.0,0.0,0.0,0.0,0.0,0.0,0.0,0.0,0.0,0.0,0.0,0.0,0.0,0.0,0.0,0.0,0.0,0.0,0.0,0.0,0.0,0.0,0.0,0.0,0.0,0.0,0.0,0.0,0.0,0.0,0.0,0.0,0.0,0.0,0.0,0.0,0.0,0.0,0.0,0.0,0.0,0.0,0.0,0.0,0.0,0.0,0.0,0.0,0.0,2.0,1.0,0.0,0.0,0.0,0.0,0.0,0.0,0.0,0.0,0.0,0.0,0.0,0.0,0.0,0.0,0.0,0.0,0.0,0.0,0.0,0.0,0.0,0.0,0.0,0.0,0.0,0.0,0.0,0.0,0.0,0.0,0.0,0.0,0.0,0.0,0.0,0.0,0.0,0.0,1.0,1.0,0.0,0.0,1.0,1.0,0,0,0,0,0,0,0,0,ACY_**(*)***(*)**(*)*,acyclic_anonymous_graph,train,0,1,0,0,0,0,0,1,0,0,0,0,0,0,0,0,0,0,0,0,0,0,0,0,0,0,0,1,0,0,0,0,0,1,0,0,0,0,0,1,0,1,0,0,0,0,0,0,0,0,0,0,0,0,1,0,0,0,1,0,0,0,0,0,0,0,1,0,0,0,0,0,0,0,0,0,0,0,0,0,1,0,0,0,0,0,0,0,0,0,0,0,0,0,1,0,0,1,0,0,0,0,0,0,0,0,0,0,0,0,1,0,0,0,0,0,0,1,0,0,0,0,0,0,0,0,0,0,1,0,0,0,0,0,0,0,0,0,0,0,0,0,0,0,0,0,0,0,0,0,0,0,0,0,0,0,0,0,0,0,0,0,0,0,0,0,0,0,0,0,0,0,0,0,0,0,0,0,0,0,0,0,0,0,0,0,0,0,0,0,0,0,0,0,0,0,0,1,0,0,0,0,1,0,0,0,0,0,0,0,0,0,0,0,0,0,0,0,0,0,0,0,0,0,0,0,1,0,0,1,0,0,0,0,0,0,0,0,0,0,0,1,0,0,0,0,0,0,0,0,0,0,0,0,0,0,0.1304475766048661,-0.36913915675575404,-0.07055358049790678,0.49958673336062015,0.36913915675575404,0.3384473125965677,-1.1145366980735423,4.72501385739481,0.21305555555555533,4.72501385739481,0.21305555555555533,4.511958301839255,2.4690347064751825,2.2559791509196274,0.22163325392266148,1.351105656116982,0.0,6.041840829147961,15.185824577030516,0.0,0.0,0.0,6.923737199690624,35.89115550403864,24.43574688609339,0.0,0.0,88.32643767384525,88.47830499600113,8.85337115112852,5.995380822303816,5.019744507803582,2.983288970805397,11.480000000000002,6.047122781065089,8.385641902116827,64.0,0.0,0.1304475766048661,-0.36913915675575404,0.36913915675575404,0.1304475766048661,24.06,0.9834999999999998,63.768400000000014,0.0,0.8400000000000001
4452,CCN(c1ccccc1)c1nc(Cl)nc(Nc2cc(S(=O)(=O)O)cc3cc(S(=O)(=O)O)c(N=Nc4cc(NC(=O)C(Br)CBr)ccc4S(=O)(=O)O)c(O)c23)n1,1,4452,CCN(c1ccccc1)c1nc(Cl)nc(Nc2cc(S(=O)(=O)O)cc3cc(S(=O)(=O)O)c(N=Nc4cc(NC(=O)C(Br)CBr)ccc4S(=O)(=O)O)c(O)c23)n1,4452,CCN(c1ccccc1)c1nc(Cl)nc(Nc2cc(S(=O)(=O)O)cc3cc(S(=O)(=O)O)c(N=Nc4cc(NC(=O)C(Br)CBr)ccc4S(=O)(=O)O)c(O)c23)n1,CCN(c1ccccc1)c1nc(Cl)nc(Nc2cc(S(=O)(=O)O)cc3cc(S(=O)(=O)O)c(N=Nc4cc(NC(=O)C(Br)CBr)ccc4S(=O)(=O)O)c(O)c23)n1,CCN(c1ccccc1)c1nc(Cl)nc(Nc2cc(S(=O)(=O)O)cc3cc(S(=O)(=O)O)c(N=Nc4cc(NC(=O)C(Br)CBr)ccc4S(=O)(=O)O)c(O)c23)n1,CCN(c1ccccc1)c1nc(Cl)nc(Nc2cc(S(=O)(=O)O)cc3cc(S(=O)(=O)O)c(N=Nc4cc(NC(=O)C(Br)CBr)ccc4S(=O)(=O)O)c(O)c23)n1,4452.0,1.0,0.0,0.0,0.0,0.0,0.0,0.0,c1ccc(N=Nc2ccc3cccc(Nc4ncnc(Nc5ccccc5)n4)c3c2)cc1,965.037,6.537800000000004,291.1,6.0,15.0,13.0,5.0,5.0,25.0,0.1333333333333333,55.0,0.0,0.0,0.0,0.0,0.0,0.0,0.0,0.0,0.0,0.0,1.0,1.0,0.0,0.0,0.0,0.0,5.0,1.0,0.0,0.0,0.0,0.0,1.0,1.0,0.0,0.0,0.0,0.0,0.0,0.0,0.0,0.0,1.0,1.0,0.0,0.0,0.0,0.0,0.0,0.0,0.0,0.0,0.0,0.0,0.0,0.0,0.0,0.0,0.0,0.0,0.0,0.0,0.0,0.0,5.0,1.0,40.0,1.0,2.0,1.0,0.0,0.0,3.0,1.0,0.0,0.0,1.0,1.0,2.0,1.0,0.0,0.0,0.0,0.0,0.0,0.0,3.0,1.0,0.0,0.0,3.0,1.0,0.0,0.0,0.0,0.0,0.0,0.0,0.0,0.0,0.0,0.0,0.0,0.0,0.0,0.0,0.0,0.0,0.0,0.0,0.0,0.0,0.0,0.0,0.0,0.0,0.0,0.0,0.0,0.0,0.0,0.0,2.0,1.0,0.0,0.0,0.0,0.0,0.0,0.0,0.0,0.0,0.0,0.0,1.0,1.0,2.0,1.0,0.0,0.0,0.0,0.0,0.0,0.0,0.0,0.0,0.0,0.0,0.0,0.0,2.0,1.0,0.0,0.0,0.0,0.0,0.0,0.0,0.0,0.0,0.0,0.0,0.0,0.0,0.0,0.0,0.0,0.0,0.0,0.0,0.0,0.0,0.0,0.0,0.0,0.0,0.0,0.0,0.0,0.0,0.0,0.0,0.0,0.0,0.0,0.0,0.0,0.0,0.0,0.0,0.0,0.0,0.0,0.0,0.0,0.0,0.0,0.0,0.0,0.0,0.0,0.0,0.0,0.0,0.0,0.0,0.0,0.0,0.0,0.0,0.0,0.0,0.0,0.0,0.0,0.0,0.0,0.0,0.0,0.0,0.0,0.0,0.0,0.0,0.0,0.0,0.0,0.0,2.0,1.0,0.0,0.0,0.0,0.0,0.0,0.0,0.0,0.0,0.0,0.0,0.0,0.0,0.0,0.0,0.0,0.0,0.0,0.0,0.0,0.0,0.0,0.0,0.0,0.0,0.0,0.0,0.0,0.0,0.0,0.0,0.0,0.0,0.0,0.0,0.0,0.0,1.0,5.0,1.0,4.0,1.0,1.0,0,0,1,0,0,0,0,0,c1ccc(N=Nc2ccc3cccc(Nc4ncnc(Nc5ccccc5)n4)c3c2)cc1,murcko,train,1,1,0,0,1,0,0,0,0,0,0,0,0,1,1,0,0,0,1,0,1,0,0,0,1,0,0,0,0,1,0,0,1,1,0,0,1,0,1,1,0,0,0,1,0,0,1,1,0,1,0,0,1,0,0,0,0,1,0,0,1,1,0,1,1,0,1,0,1,0,0,0,1,0,0,1,0,0,0,1,1,1,0,0,0,0,0,0,0,0,0,1,1,0,1,0,0,0,0,0,1,0,0,0,0,1,1,1,0,1,0,0,0,1,1,0,0,0,1,1,0,0,1,0,0,1,0,0,1,1,0,0,0,1,0,0,1,0,1,0,0,0,0,0,0,0,0,1,0,0,0,0,0,0,0,0,0,0,0,0,0,0,1,1,1,0,1,1,0,0,0,0,0,0,1,1,0,0,0,0,0,0,0,0,1,0,0,0,0,1,1,1,1,0,0,0,1,0,0,0,1,0,1,0,0,0,0,0,0,0,0,0,0,1,1,1,1,0,0,0,0,0,0,0,0,0,0,0,0,0,0,0,0,0,0,1,0,0,0,0,0,0,0,0,0,0,0,1,0,0,0,1,0,0,0,0,0.29641477776929387,-0.5048490735559471,-0.04269569919844838,0.801263851325241,0.5048490735559471,2.919430312144941,-5.267693768059601,12.618435526564582,0.033073886383840234,12.618435526564582,-5.33333301446393,12.585361640180741,6.3257547064742115,6.2926808200903706,0.07945739094277142,3.1795012134356098,83.67191761488291,33.8851270784458,18.298509749057747,30.33183534230805,0.0,42.15548227284915,0.0,67.67390081801177,11.600939890232516,48.81270515297042,0.0,333.95436598668147,336.4304179187584,40.45709019995457,27.530929071314496,25.70409559497647,15.049381536402173,41.756932200888244,16.36867360796741,9.706687303934443,290.0,0.0,0.29641477776929387,-0.5048490735559471,0.5048490735559471,0.29641477776929387,291.09999999999997,6.537800000000004,208.05499999999986,1.5,2.6533333333333333
3736,O=[Se](=O)(O)O,1,3736,O=[Se](=O)(O)O,3736,O=[Se](=O)(O)O,O=[Se](=O)(O)O,O=[Se](=O)(O)O,O=[Se](=O)(O)O,3736.0,1.0,0.0,0.0,0.0,0.0,0.0,0.0,,144.97199999999998,-1.7324000000000002,74.60000000000001,2.0,2.0,0.0,0.0,0.0,5.0,0.0,5.0,0.0,0.0,0.0,0.0,0.0,0.0,0.0,0.0,0.0,0.0,0.0,0.0,0.0,0.0,0.0,0.0,0.0,0.0,0.0,0.0,0.0,0.0,0.0,0.0,0.0,0.0,0.0,0.0,0.0,0.0,0.0,0.0,0.0,0.0,0.0,0.0,0.0,0.0,0.0,0.0,0.0,0.0,0.0,0.0,0.0,0.0,0.0,0.0,0.0,0.0,0.0,0.0,0.0,0.0,0.0,0.0,0.0,0.0,0.0,0.0,0.0,0.0,0.0,0.0,0.0,0.0,0.0,0.0,0.0,0.0,0.0,0.0,0.0,0.0,0.0,0.0,0.0,0.0,0.0,0.0,0.0,0.0,0.0,0.0,0.0,0.0,0.0,0.0,0.0,0.0,0.0,0.0,0.0,0.0,0.0,0.0,0.0,0.0,0.0,0.0,0.0,0.0,0.0,0.0,0.0,0.0,0.0,0.0,0.0,0.0,0.0,0.0,0.0,0.0,0.0,0.0,0.0,0.0,0.0,0.0,0.0,0.0,0.0,0.0,0.0,0.0,0.0,0.0,0.0,0.0,0.0,0.0,0.0,0.0,0.0,0.0,0.0,0.0,0.0,0.0,0.0,0.0,0.0,0.0,0.0,0.0,0.0,0.0,0.0,0.0,0.0,0.0,0.0,0.0,0.0,0.0,0.0,0.0,0.0,0.0,0.0,0.0,0.0,0.0,0.0,0.0,0.0,0.0,0.0,0.0,0.0,0.0,0.0,0.0,0.0,0.0,0.0,0.0,0.0,0.0,0.0,0.0,0.0,0.0,0.0,0.0,0.0,0.0,0.0,0.0,0.0,0.0,0.0,0.0,0.0,0.0,0.0,0.0,0.0,0.0,0.0,0.0,0.0,0.0,0.0,0.0,0.0,0.0,0.0,0.0,0.0,0.0,0.0,0.0,0.0,0.0,0.0,0.0,0.0,0.0,0.0,0.0,0.0,0.0,0.0,0.0,0.0,0.0,0.0,0.0,0.0,0.0,0.0,0.0,0.0,0.0,0.0,0.0,0.0,0.0,0.0,0.0,0.0,0.0,0.0,0.0,0.0,0.0,0.0,0.0,0.0,0.0,0.0,0.0,0.0,0.0,0.0,0.0,0.0,0.0,0.0,0.0,0,0,0,0,0,0,0,0,ACY_**(*)(*)*,acyclic_anonymous_graph,train,0,0,0,0,0,0,0,0,0,0,0,0,0,0,0,0,0,0,0,0,0,0,0,0,0,0,0,0,0,0,0,0,0,0,0,0,0,0,0,1,0,0,0,0,0,0,0,0,0,0,0,0,0,0,0,0,0,0,0,0,0,0,0,0,0,0,0,0,0,0,0,0,0,1,0,0,0,0,0,0,0,0,0,1,0,1,0,0,0,0,0,0,0,0,0,0,0,0,0,0,0,0,0,0,0,0,0,0,0,0,0,0,0,0,0,0,0,0,0,0,0,0,0,0,0,0,0,0,0,0,0,0,0,0,0,0,0,0,1,0,0,0,0,0,0,0,0,0,0,0,0,0,0,0,0,0,0,0,0,0,0,0,0,0,0,0,0,0,0,0,0,0,0,0,0,0,0,0,0,0,0,0,0,0,0,0,0,0,0,0,0,0,0,0,0,0,0,0,0,0,0,0,0,0,0,0,0,0,0,1,0,0,0,0,0,0,0,0,0,0,0,0,0,0,0,0,0,0,0,0,0,0,0,0,0,0,0,0,0,0,0,0,0,0,0,0,0,0,0,0,0,0,0,0,0,0,,,,,,,,8.815972222222221,5.25,8.815972222222221,-5.25,3.5659722222222214,7.032986111111111,1.7829861111111107,0.2804284323271666,13.870801721573084,13.36837852408978,0.0,0.0,0.0,0.0,0.0,0.0,0.0,16.04715193784483,0.0,0.0,30.329196711785478,29.415530461934612,4.5,2.119172062391505,2.0,0.6984817050034442,5.039480519480519,1.0231164726252782,10779.507624563843,32.0,0.0,,,,,74.60000000000001,-1.7324000000000002,11.564599999999999,0.0,0.0
10189,Nc1ccc(S(=O)(=O)c2ccc(N)cc2)cc1,1,10189,Nc1ccc(S(=O)(=O)c2ccc(N)cc2)cc1,10189,Nc1ccc(S(=O)(=O)c2ccc(N)cc2)cc1,Nc1ccc(S(=O)(=O)c2ccc(N)cc2)cc1,Nc1ccc(S(=O)(=O)c2ccc(N)cc2)cc1,Nc1ccc(S(=O)(=O)c2ccc(N)cc2)cc1,10189.0,1.0,0.0,0.0,0.0,0.0,0.0,0.0,O=S(=O)(c1ccccc1)c1ccccc1,248.307,1.6838000000000002,86.18,2.0,4.0,2.0,2.0,2.0,5.0,0.0,17.0,0.0,0.0,0.0,0.0,0.0,0.0,0.0,0.0,0.0,0.0,0.0,0.0,0.0,0.0,0.0,0.0,2.0,1.0,0.0,0.0,0.0,0.0,0.0,0.0,0.0,0.0,0.0,0.0,0.0,0.0,0.0,0.0,0.0,0.0,0.0,0.0,0.0,0.0,0.0,0.0,0.0,0.0,0.0,0.0,0.0,0.0,0.0,0.0,0.0,0.0,0.0,0.0,0.0,0.0,2.0,1.0,12.0,1.0,0.0,0.0,0.0,0.0,0.0,0.0,0.0,0.0,0.0,0.0,0.0,0.0,0.0,0.0,0.0,0.0,0.0,0.0,2.0,1.0,0.0,0.0,0.0,0.0,0.0,0.0,0.0,0.0,0.0,0.0,0.0,0.0,0.0,0.0,0.0,0.0,0.0,0.0,0.0,0.0,0.0,0.0,0.0,0.0,0.0,0.0,0.0,0.0,0.0,0.0,2.0,1.0,0.0,0.0,2.0,1.0,0.0,0.0,0.0,0.0,0.0,0.0,0.0,0.0,0.0,0.0,0.0,0.0,0.0,0.0,0.0,0.0,0.0,0.0,0.0,0.0,0.0,0.0,0.0,0.0,0.0,0.0,0.0,0.0,0.0,0.0,0.0,0.0,0.0,0.0,0.0,0.0,0.0,0.0,0.0,0.0,0.0,0.0,0.0,0.0,0.0,0.0,0.0,0.0,0.0,0.0,0.0,0.0,0.0,0.0,0.0,0.0,0.0,0.0,0.0,0.0,0.0,0.0,0.0,0.0,0.0,0.0,0.0,0.0,0.0,0.0,0.0,0.0,0.0,0.0,0.0,0.0,0.0,0.0,0.0,0.0,0.0,0.0,0.0,0.0,0.0,0.0,0.0,0.0,0.0,0.0,0.0,0.0,0.0,0.0,0.0,0.0,0.0,0.0,0.0,0.0,0.0,0.0,0.0,0.0,0.0,0.0,0.0,0.0,0.0,0.0,0.0,0.0,0.0,0.0,0.0,0.0,0.0,0.0,0.0,0.0,0.0,0.0,0.0,0.0,0.0,0.0,0.0,0.0,0.0,0.0,0.0,0.0,0.0,0.0,0.0,0.0,0.0,0.0,0.0,0.0,0.0,0.0,1.0,2.0,1.0,2.0,0.0,0.0,1,1,1,0,0,0,0,0,O=S(=O)(c1ccccc1)c1ccccc1,murcko,train,0,0,0,0,0,0,0,0,0,0,0,0,1,0,0,0,0,0,0,0,0,0,0,0,0,0,0,0,0,0,0,0,0,0,0,1,0,0,0,0,0,0,0,0,0,0,0,0,0,0,0,0,0,0,0,0,0,0,0,0,0,0,0,1,0,0,0,0,0,0,0,0,0,0,0,0,0,0,0,0,0,1,0,0,0,0,0,0,0,0,0,0,0,0,1,0,0,0,0,0,1,0,0,0,0,0,0,0,0,0,0,0,0,0,0,0,0,0,0,0,1,0,0,0,0,0,0,0,0,0,0,0,0,0,0,0,0,0,1,0,0,0,0,0,1,0,0,1,0,0,0,0,0,0,0,0,0,0,0,0,0,0,0,0,0,0,0,0,0,0,0,0,0,0,0,0,0,1,0,0,0,0,0,0,0,0,0,0,1,0,0,0,0,0,0,0,1,0,0,0,0,0,0,1,0,0,1,0,0,0,0,0,0,0,1,0,0,0,0,0,0,0,0,0,0,0,0,0,0,0,0,0,0,0,0,0,0,0,0,0,0,0,0,0,0,0,0,0,0,0,0,0,0,0,0,0,0.2060918054967559,-0.39872772934829437,-0.06692632197658868,0.6048195348450502,0.39872772934829437,0.41257944045032324,-1.550326914052331,12.174763794406651,0.21895502645502685,12.174763794406651,-3.48361111111111,11.955808767951623,6.196859410430839,5.977904383975812,0.08364135119663084,3.2119170938549955,9.837253136417502,9.79096695103555,11.374772549367124,0.0,24.26546827384644,24.26546827384644,0.0,0.0,11.46733495432437,8.417796984328938,0.0,99.79367710137302,99.41906112316636,12.466255326250886,8.99824756328785,7.998037131279782,4.96166630307866,11.47466814585883,4.101809822106994,2.236161413591126,88.0,0.0,0.2060918054967559,-0.39872772934829437,0.39872772934829437,0.2060918054967559,86.18,1.6838000000000002,67.16060000000002,2.1,0.4
4521,CC1=NN(c2ccc(C)cc2)C(=O)C1N=Nc1ccc(-c2ccc(N=NC3C(=O)N(c4ccc(C)cc4)N=C3C)c(Cl)c2)cc1Cl,0,4521,CC1=NN(c2ccc(C)cc2)C(=O)C1N=Nc1ccc(-c2ccc(N=NC3C(=O)N(c4ccc(C)cc4)N=C3C)c(Cl)c2)cc1Cl,4521,CC1=NN(c2ccc(C)cc2)C(=O)C1N=Nc1ccc(-c2ccc(N=NC3C(=O)N(c4ccc(C)cc4)N=C3C)c(Cl)c2)cc1Cl,CC1=NN(c2ccc(C)cc2)C(=O)C1N=Nc1ccc(-c2ccc(N=NC3C(=O)N(c4ccc(C)cc4)N=C3C)c(Cl)c2)cc1Cl,CC1=NN(c2ccc(C)cc2)C(=O)C1N=Nc1ccc(-c2ccc(N=NC3C(=O)N(c4ccc(C)cc4)N=C3C)c(Cl)c2)cc1Cl,CC1=NN(c2ccc(C)cc2)C(=O)C1N=Nc1ccc(-c2ccc(N=NC3C(=O)N(c4ccc(C)cc4)N=C3C)c(Cl)c2)cc1Cl,4521.0,1.0,0.0,0.0,0.0,0.0,0.0,0.0,O=C1C(N=Nc2ccc(-c3ccc(N=NC4C=NN(c5ccccc5)C4=O)cc3)cc2)C=NN1c1ccccc1,651.5580000000001,9.02724,114.78,0.0,8.0,7.0,6.0,4.0,12.0,0.1764705882352941,46.0,0.0,0.0,0.0,0.0,0.0,0.0,0.0,0.0,0.0,0.0,2.0,1.0,0.0,0.0,0.0,0.0,2.0,1.0,0.0,0.0,0.0,0.0,2.0,1.0,2.0,1.0,2.0,1.0,0.0,0.0,0.0,0.0,0.0,0.0,0.0,0.0,0.0,0.0,0.0,0.0,0.0,0.0,0.0,0.0,0.0,0.0,0.0,0.0,0.0,0.0,0.0,0.0,0.0,0.0,4.0,1.0,36.0,1.0,0.0,0.0,0.0,0.0,2.0,1.0,0.0,0.0,2.0,1.0,0.0,0.0,0.0,0.0,0.0,0.0,0.0,0.0,0.0,0.0,0.0,0.0,0.0,0.0,0.0,0.0,0.0,0.0,0.0,0.0,0.0,0.0,0.0,0.0,0.0,0.0,0.0,0.0,0.0,0.0,0.0,0.0,0.0,0.0,0.0,0.0,0.0,0.0,0.0,0.0,0.0,0.0,0.0,0.0,0.0,0.0,0.0,0.0,0.0,0.0,0.0,0.0,0.0,0.0,0.0,0.0,0.0,0.0,2.0,1.0,0.0,0.0,0.0,0.0,2.0,1.0,0.0,0.0,0.0,0.0,0.0,0.0,0.0,0.0,0.0,0.0,0.0,0.0,0.0,0.0,0.0,0.0,0.0,0.0,0.0,0.0,0.0,0.0,0.0,0.0,0.0,0.0,0.0,0.0,0.0,0.0,0.0,0.0,0.0,0.0,0.0,0.0,0.0,0.0,0.0,0.0,0.0,0.0,0.0,0.0,0.0,0.0,0.0,0.0,0.0,0.0,0.0,0.0,0.0,0.0,0.0,0.0,0.0,0.0,0.0,0.0,0.0,0.0,0.0,0.0,0.0,0.0,0.0,0.0,0.0,0.0,2.0,1.0,0.0,0.0,0.0,0.0,0.0,0.0,0.0,0.0,0.0,0.0,0.0,0.0,0.0,0.0,0.0,0.0,0.0,0.0,0.0,0.0,0.0,0.0,0.0,0.0,0.0,0.0,0.0,0.0,0.0,0.0,0.0,0.0,0.0,0.0,0.0,0.0,0.0,0.0,0.0,0.0,0.0,0.0,0.0,0.0,0.0,0.0,0.0,0.0,0.0,0.0,1.0,3.0,1.0,2.0,1.0,1.0,0,0,1,0,0,0,0,0,O=C1C(N=Nc2ccc(-c3ccc(N=NC4C=NN(c5ccccc5)C4=O)cc3)cc2)C=NN1c1ccccc1,murcko,train,0,0,0,0,0,1,0,0,0,0,0,0,0,0,0,1,0,1,1,0,0,0,0,0,0,0,0,0,0,0,0,1,1,1,0,0,1,0,0,0,0,0,0,0,0,0,0,0,0,1,0,0,0,0,0,0,0,0,1,0,0,1,0,0,0,0,0,0,0,0,0,0,0,0,0,0,0,0,0,0,0,1,0,0,1,0,0,0,0,0,0,0,1,0,0,0,0,0,0,0,1,0,0,0,0,0,0,1,0,0,1,0,0,0,0,0,0,0,0,0,0,0,1,0,0,0,1,0,1,0,0,0,0,0,0,0,1,0,1,0,0,0,0,0,0,0,0,1,0,0,0,0,0,1,0,0,0,0,0,0,0,1,0,1,0,0,0,1,0,0,0,0,0,0,0,0,1,0,0,0,0,0,1,0,0,0,1,0,0,0,0,1,0,0,0,0,1,0,0,0,1,0,0,0,0,0,0,0,0,0,0,0,0,1,1,0,0,0,0,1,0,0,0,0,0,0,0,0,0,0,0,0,0,1,0,1,0,0,0,0,0,0,0,0,0,0,1,0,0,0,0,1,0,0,0,0,0.2795334840743182,-0.2694829827172951,-0.030131183483082805,0.5490164667916133,0.2795334840743182,1.5673814387722718,-2.9534158789940803,13.01594664429411,0.2842015387998784,13.01594664429411,-0.8353459844362614,12.73174510549423,6.650074091546994,6.365872552747115,0.07854382818019677,3.473481840598621,12.083681658295921,11.814359458703011,44.2181817317583,22.253805966787983,10.017825047909064,38.112942673227685,74.51114508399736,30.659815553997035,23.20187978046503,9.589074368143644,0.0,275.3141612700227,276.462711323285,32.534440469144215,25.387738597979865,22.083427791316385,14.414967616863507,30.94439368493553,12.742580819132844,6.2185931699947385,230.0,0.0,0.2795334840743182,-0.2694829827172951,0.2795334840743182,0.2694829827172951,114.78,9.02724,182.0539999999996,1.1,1.4705882352941178
9382,C=C(Br)C(=O)Nc1ccc(S(=O)(=O)O)c(N=NC2C(=O)N(c3cc(Cl)c(S(=O)(=O)O)cc3Cl)N=C2C)c1,0,9382,C=C(Br)C(=O)Nc1ccc(S(=O)(=O)O)c(N=NC2C(=O)N(c3cc(Cl)c(S(=O)(=O)O)cc3Cl)N=C2C)c1,9382,C=C(Br)C(=O)Nc1ccc(S(=O)(=O)O)c(N=NC2C(=O)N(c3cc(Cl)c(S(=O)(=O)O)cc3Cl)N=C2C)c1,C=C(Br)C(=O)Nc1ccc(S(=O)(=O)O)c(N=NC2C(=O)N(c3cc(Cl)c(S(=O)(=O)O)cc3Cl)N=C2C)c1,C=C(Br)C(=O)Nc1ccc(S(=O)(=O)O)c(N=NC2C(=O)N(c3cc(Cl)c(S(=O)(=O)O)cc3Cl)N=C2C)c1,C=C(Br)C(=O)Nc1ccc(S(=O)(=O)O)c(N=NC2C(=O)N(c3cc(Cl)c(S(=O)(=O)O)cc3Cl)N=C2C)c1,9382.0,1.0,0.0,0.0,0.0,0.0,0.0,0.0,O=C1C(N=Nc2ccccc2)C=NN1c1ccccc1,655.2920000000001,4.2089000000000025,195.23,3.0,9.0,7.0,3.0,2.0,18.0,0.1052631578947368,37.0,0.0,0.0,0.0,0.0,0.0,0.0,0.0,0.0,0.0,0.0,2.0,1.0,0.0,0.0,0.0,0.0,2.0,1.0,0.0,0.0,0.0,0.0,1.0,1.0,1.0,1.0,1.0,1.0,0.0,0.0,0.0,0.0,0.0,0.0,0.0,0.0,0.0,0.0,0.0,0.0,0.0,0.0,0.0,0.0,0.0,0.0,0.0,0.0,0.0,0.0,1.0,1.0,0.0,0.0,2.0,1.0,12.0,1.0,0.0,0.0,0.0,0.0,3.0,1.0,0.0,0.0,2.0,1.0,1.0,1.0,0.0,0.0,0.0,0.0,0.0,0.0,2.0,1.0,0.0,0.0,2.0,1.0,0.0,0.0,0.0,0.0,0.0,0.0,0.0,0.0,0.0,0.0,0.0,0.0,0.0,0.0,0.0,0.0,0.0,0.0,0.0,0.0,0.0,0.0,0.0,0.0,0.0,0.0,0.0,0.0,0.0,0.0,0.0,0.0,0.0,0.0,0.0,0.0,0.0,0.0,0.0,0.0,0.0,0.0,1.0,1.0,1.0,1.0,0.0,0.0,0.0,0.0,1.0,1.0,0.0,0.0,0.0,0.0,0.0,0.0,0.0,0.0,0.0,0.0,0.0,0.0,0.0,0.0,0.0,0.0,0.0,0.0,0.0,0.0,0.0,0.0,0.0,0.0,0.0,0.0,0.0,0.0,0.0,0.0,0.0,0.0,0.0,0.0,1.0,1.0,0.0,0.0,0.0,0.0,1.0,1.0,0.0,0.0,0.0,0.0,0.0,0.0,0.0,0.0,0.0,0.0,0.0,0.0,0.0,0.0,0.0,0.0,0.0,0.0,0.0,0.0,0.0,0.0,0.0,0.0,0.0,0.0,0.0,0.0,2.0,1.0,0.0,0.0,0.0,0.0,0.0,0.0,0.0,0.0,0.0,0.0,0.0,0.0,0.0,0.0,0.0,0.0,0.0,0.0,0.0,0.0,0.0,0.0,0.0,0.0,0.0,0.0,0.0,0.0,0.0,0.0,0.0,0.0,0.0,0.0,0.0,0.0,0.0,0.0,0.0,0.0,0.0,0.0,0.0,0.0,0.0,0.0,0.0,0.0,0.0,0.0,1.0,6.0,1.0,5.0,1.0,1.0,0,0,1,0,1,0,0,0,O=C1C(N=Nc2ccccc2)C=NN1c1ccccc1,murcko,train,1,0,0,0,0,1,0,0,0,0,0,0,0,0,0,1,0,0,1,0,0,0,0,0,1,0,0,0,0,0,0,0,0,1,0,1,1,0,0,1,0,0,0,0,0,0,0,0,0,1,0,0,0,0,0,0,1,0,1,0,0,0,0,0,0,0,0,0,1,0,0,0,1,0,0,1,0,0,0,1,1,1,0,0,1,0,1,0,0,0,0,0,1,0,1,1,0,0,0,0,1,0,0,0,0,0,0,1,0,0,1,0,0,0,1,0,0,0,0,1,1,0,1,0,0,1,0,0,1,0,0,0,0,0,0,0,1,0,1,0,0,0,0,0,0,0,0,1,0,0,0,0,0,1,0,0,0,0,0,0,0,1,0,1,0,0,0,1,0,0,0,0,0,0,1,0,0,0,0,1,0,0,0,0,1,0,1,0,0,0,0,1,0,0,0,0,1,0,0,1,1,0,0,0,0,0,0,0,0,0,0,0,0,1,1,0,1,0,0,1,0,0,0,0,0,0,0,0,0,0,0,0,0,0,0,0,0,0,0,0,0,0,0,0,0,0,1,0,0,0,0,1,0,1,1,0,0.29624778243320077,-0.3214801339408877,-0.03344665266020983,0.6177279163740885,0.3214801339408877,2.0792701397843034,-3.3167962882120667,13.000875368168387,0.012594944658376184,13.000875368168387,-4.768599023848391,12.98828042351001,6.506735156413382,6.494140211755005,0.07699248610231003,3.2596772640565126,58.59344054537851,26.59146342008384,0.0,29.27438079780097,12.990104268152233,0.0,0.0,43.155575962552696,23.20187978046503,35.53016808418224,0.0,228.0239864245929,229.33701285861557,27.869514530144063,18.25436971206264,17.000944886677757,9.541522479400161,28.83530802548573,10.563220985611887,6.40464475392422,196.0,0.0,0.29624778243320077,-0.3214801339408877,0.3214801339408877,0.29624778243320077,195.22999999999996,4.2089000000000025,138.12889999999987,2.4,1.4421052631578948
2282,O=C1C=CC(=O)C=C1,1,2282,O=C1C=CC(=O)C=C1,2282,O=C1C=CC(=O)C=C1,O=C1C=CC(=O)C=C1,O=C1C=CC(=O)C=C1,O=C1C=CC(=O)C=C1,2282.0,1.0,0.0,0.0,0.0,0.0,0.0,0.0,O=C1C=CC(=O)C=C1,108.096,0.2505999999999999,34.14,0.0,2.0,0.0,1.0,0.0,2.0,0.0,8.0,0.0,0.0,0.0,0.0,0.0,0.0,0.0,0.0,0.0,0.0,0.0,0.0,0.0,0.0,0.0,0.0,0.0,0.0,0.0,0.0,0.0,0.0,0.0,0.0,0.0,0.0,0.0,0.0,0.0,0.0,0.0,0.0,0.0,0.0,0.0,0.0,0.0,0.0,2.0,1.0,0.0,0.0,0.0,0.0,0.0,0.0,0.0,0.0,0.0,0.0,2.0,1.0,0.0,0.0,0.0,0.0,0.0,0.0,0.0,0.0,0.0,0.0,0.0,0.0,0.0,0.0,0.0,0.0,0.0,0.0,0.0,0.0,0.0,0.0,0.0,0.0,0.0,0.0,0.0,0.0,0.0,0.0,0.0,0.0,0.0,0.0,0.0,0.0,0.0,0.0,0.0,0.0,0.0,0.0,0.0,0.0,0.0,0.0,0.0,0.0,0.0,0.0,0.0,0.0,0.0,0.0,0.0,0.0,0.0,0.0,0.0,0.0,0.0,0.0,0.0,0.0,0.0,0.0,0.0,0.0,0.0,0.0,0.0,0.0,0.0,0.0,0.0,0.0,0.0,0.0,0.0,0.0,0.0,0.0,0.0,0.0,0.0,0.0,0.0,0.0,0.0,0.0,0.0,0.0,0.0,0.0,0.0,0.0,0.0,0.0,0.0,0.0,0.0,0.0,0.0,0.0,0.0,0.0,0.0,0.0,0.0,0.0,0.0,0.0,0.0,0.0,0.0,0.0,4.0,1.0,0.0,0.0,0.0,0.0,0.0,0.0,1.0,1.0,0.0,0.0,0.0,0.0,0.0,0.0,0.0,0.0,0.0,0.0,0.0,0.0,0.0,0.0,0.0,0.0,0.0,0.0,0.0,0.0,0.0,0.0,0.0,0.0,0.0,0.0,0.0,0.0,0.0,0.0,0.0,0.0,0.0,0.0,0.0,0.0,0.0,0.0,0.0,0.0,0.0,0.0,0.0,0.0,0.0,0.0,0.0,0.0,0.0,0.0,0.0,0.0,0.0,0.0,0.0,0.0,0.0,0.0,0.0,0.0,0.0,0.0,0.0,0.0,0.0,0.0,0.0,0.0,0.0,0.0,0.0,0.0,0.0,0.0,0.0,0.0,0.0,0.0,1.0,2.0,1.0,2.0,0.0,0.0,0,0,0,0,1,0,0,0,O=C1C=CC(=O)C=C1,murcko,train,0,0,0,0,0,0,0,0,0,0,0,0,0,0,0,0,0,0,0,0,0,0,0,0,0,0,0,0,0,0,0,0,0,0,0,1,0,0,0,1,0,0,0,0,0,0,0,0,0,0,0,0,0,0,0,0,0,0,1,0,0,0,0,0,0,0,0,0,0,0,0,0,0,0,0,0,0,0,0,0,0,1,0,0,0,1,0,0,0,0,0,0,0,0,0,0,0,0,0,0,1,0,0,0,0,0,0,0,0,0,0,0,0,0,0,0,0,0,0,0,0,0,0,0,0,0,0,0,0,0,0,0,0,0,0,0,0,0,1,0,0,0,0,0,0,0,0,0,0,0,0,0,0,0,0,0,0,0,0,0,0,0,0,0,0,0,0,0,0,0,0,0,0,0,0,0,0,0,0,0,0,0,0,0,0,0,0,0,0,0,0,0,0,0,0,0,0,0,0,1,0,0,0,0,0,0,0,0,0,0,0,0,0,0,0,0,0,0,0,0,0,0,0,0,0,0,0,0,0,0,0,0,0,0,0,0,0,0,0,0,0,0,0,0,0,0,0,0,0,0,0,0,0,0,0,0,0.178413029551503,-0.28996057425415284,-0.03326543410381888,0.46837360380565585,0.28996057425415284,0.356826059103006,-0.6229495319335572,10.282777777777778,0.12074074074074037,10.282777777777778,-0.12074074074074037,10.162037037037038,5.2017592592592585,5.081018518518519,0.09840546697038724,2.662684587024381,0.0,11.566489892729878,0.0,0.0,24.304080427335524,0.0,0.0,0.0,0.0,9.589074368143644,0.0,46.50196858200238,45.459644688209046,5.983127663125442,4.125897657686229,3.787693700234704,2.2296154955097816,4.966627565982405,1.7381205361963379,0.9041418956093399,40.0,0.0,0.178413029551503,-0.28996057425415284,0.28996057425415284,0.178413029551503,34.14,0.25059999999999993,28.29399999999999,1.1,0.0
7540,CCCCCCCCCCCCCCCC(=O)NCCO,0,7540,CCCCCCCCCCCCCCCC(=O)NCCO,7540,CCCCCCCCCCCCCCCC(=O)NCCO,CCCCCCCCCCCCCCCC(=O)NCCO,CCCCCCCCCCCCCCCC(=O)NCCO,CCCCCCCCCCCCCCCC(=O)NCCO,7540.0,1.0,0.0,0.0,0.0,0.0,0.0,0.0,,299.499,4.576200000000004,49.33,2.0,2.0,16.0,0.0,0.0,3.0,0.9444444444444444,21.0,0.0,0.0,0.0,0.0,0.0,0.0,0.0,0.0,0.0,0.0,1.0,1.0,0.0,0.0,0.0,0.0,0.0,0.0,0.0,0.0,0.0,0.0,0.0,0.0,0.0,0.0,0.0,0.0,0.0,0.0,1.0,1.0,0.0,0.0,0.0,0.0,0.0,0.0,0.0,0.0,0.0,0.0,0.0,0.0,0.0,0.0,0.0,0.0,0.0,0.0,0.0,0.0,0.0,0.0,0.0,0.0,0.0,0.0,0.0,0.0,0.0,0.0,0.0,0.0,0.0,0.0,0.0,0.0,0.0,0.0,0.0,0.0,0.0,0.0,0.0,0.0,0.0,0.0,0.0,0.0,0.0,0.0,0.0,0.0,0.0,0.0,0.0,0.0,0.0,0.0,0.0,0.0,0.0,0.0,0.0,0.0,0.0,0.0,0.0,0.0,0.0,0.0,0.0,0.0,0.0,0.0,0.0,0.0,0.0,0.0,0.0,0.0,0.0,0.0,0.0,0.0,0.0,0.0,0.0,0.0,0.0,0.0,0.0,0.0,0.0,0.0,0.0,0.0,0.0,0.0,0.0,0.0,0.0,0.0,0.0,0.0,0.0,0.0,0.0,0.0,0.0,0.0,0.0,0.0,0.0,0.0,0.0,0.0,0.0,0.0,0.0,0.0,0.0,0.0,0.0,0.0,0.0,0.0,0.0,0.0,0.0,0.0,0.0,0.0,0.0,0.0,0.0,0.0,0.0,0.0,0.0,0.0,0.0,0.0,0.0,0.0,0.0,0.0,0.0,0.0,0.0,0.0,0.0,0.0,0.0,0.0,0.0,0.0,0.0,0.0,0.0,0.0,0.0,0.0,0.0,0.0,0.0,0.0,0.0,0.0,0.0,0.0,0.0,0.0,0.0,0.0,0.0,0.0,0.0,0.0,0.0,0.0,0.0,0.0,0.0,0.0,0.0,0.0,0.0,0.0,0.0,0.0,0.0,0.0,0.0,0.0,0.0,0.0,0.0,0.0,0.0,0.0,0.0,0.0,0.0,0.0,0.0,0.0,0.0,0.0,0.0,0.0,0.0,0.0,0.0,0.0,0.0,0.0,0.0,0.0,0.0,0.0,0.0,0.0,0.0,0.0,0.0,0.0,0.0,0.0,0.0,0.0,0,0,0,0,0,0,0,0,ACY_****************(*)****,acyclic_anonymous_graph,train,0,0,0,0,0,0,0,0,0,0,0,0,0,0,0,0,0,0,0,0,0,0,0,0,0,0,1,0,1,0,0,0,0,1,0,0,0,0,1,1,0,1,0,0,0,0,0,0,0,0,0,0,0,1,0,0,0,0,0,0,0,0,0,0,0,0,0,0,0,0,0,0,0,0,0,0,0,0,0,1,1,0,0,0,0,1,0,0,0,0,0,0,0,0,0,0,0,0,0,0,0,0,0,0,0,0,0,0,0,0,0,0,0,0,0,0,0,0,0,1,0,0,0,0,0,1,0,0,1,0,0,0,0,0,0,0,0,0,1,0,0,0,0,0,0,0,0,0,0,0,0,0,0,0,0,1,0,0,0,0,0,0,0,0,1,0,0,0,0,0,1,0,0,0,0,0,0,0,0,0,0,0,1,0,0,0,0,0,0,0,0,0,0,0,0,0,0,1,0,0,0,0,0,0,0,0,0,0,0,0,0,1,0,0,0,0,0,1,0,0,0,0,1,0,0,0,0,0,0,0,0,0,0,0,0,0,0,0,0,0,0,0,0,1,0,0,0,0,0,0,0,0,0,0,0,0,0.21957410260961008,-0.3945442079582395,-0.06802798237055632,0.6141183105678496,0.3945442079582395,0.34708089282660093,-1.7756685226082838,11.281068083120823,0.03208718067097571,11.281068083120823,0.03208718067097571,11.248980902449848,5.6565776318959,5.624490451224924,0.08889694174716005,2.844423933433527,0.0,12.514061693864424,12.965578028838586,12.841643245852019,70.62903785218613,0.0,0.0,12.240525803696954,5.106527394840706,4.794537184071822,0.0,131.44888500841975,131.09191120335063,15.598165549360939,14.169170384948586,10.308060412490448,9.184565473621863,20.43,17.481466803911477,17.37868471837979,126.0,0.0,0.21957410260961008,-0.3945442079582395,0.3945442079582395,0.21957410260961008,49.33,4.576200000000004,90.40750000000007,0.0,3.577777777777778
6599,O=[p+]1oc2ccccc2c2ccccc21,0,6599,O=[p+]1oc2ccccc2c2ccccc21,6599,O=[p+]1oc2ccccc2c2ccccc21,O=[p+]1oc2ccccc2c2ccccc21,O=[p+]1oc2ccccc2c2ccccc21,O=[p+]1oc2ccccc2c2ccccc21,6599.0,1.0,0.0,0.0,0.0,0.0,0.0,0.0,O=[p+]1oc2ccccc2c2ccccc21,215.168,4.328400000000002,30.21,0.0,2.0,0.0,3.0,3.0,3.0,0.0,15.0,1.0,1.0,0.0,0.0,0.0,0.0,0.0,0.0,0.0,0.0,0.0,0.0,0.0,0.0,0.0,0.0,0.0,0.0,0.0,0.0,0.0,0.0,0.0,0.0,0.0,0.0,0.0,0.0,0.0,0.0,0.0,0.0,0.0,0.0,0.0,0.0,0.0,0.0,0.0,0.0,0.0,0.0,0.0,0.0,0.0,0.0,0.0,0.0,0.0,0.0,0.0,0.0,0.0,0.0,3.0,1.0,42.0,1.0,4.0,1.0,0.0,0.0,0.0,0.0,0.0,0.0,0.0,0.0,0.0,0.0,0.0,0.0,0.0,0.0,0.0,0.0,0.0,0.0,0.0,0.0,0.0,0.0,0.0,0.0,0.0,0.0,0.0,0.0,0.0,0.0,0.0,0.0,0.0,0.0,0.0,0.0,0.0,0.0,0.0,0.0,0.0,0.0,0.0,0.0,0.0,0.0,0.0,0.0,0.0,0.0,0.0,0.0,0.0,0.0,0.0,0.0,0.0,0.0,0.0,0.0,0.0,0.0,0.0,0.0,0.0,0.0,0.0,0.0,0.0,0.0,0.0,0.0,0.0,0.0,0.0,0.0,0.0,0.0,0.0,0.0,0.0,0.0,0.0,0.0,0.0,0.0,0.0,0.0,0.0,0.0,0.0,0.0,0.0,0.0,0.0,0.0,0.0,0.0,0.0,0.0,0.0,0.0,0.0,0.0,0.0,0.0,0.0,0.0,0.0,0.0,0.0,0.0,0.0,0.0,0.0,0.0,0.0,0.0,0.0,0.0,0.0,0.0,0.0,0.0,0.0,0.0,0.0,0.0,0.0,0.0,0.0,0.0,0.0,0.0,0.0,0.0,0.0,0.0,0.0,0.0,0.0,0.0,0.0,0.0,0.0,0.0,0.0,0.0,0.0,0.0,0.0,0.0,0.0,0.0,0.0,0.0,0.0,0.0,0.0,0.0,0.0,0.0,0.0,0.0,0.0,0.0,0.0,0.0,0.0,0.0,0.0,0.0,0.0,0.0,0.0,0.0,0.0,0.0,0.0,0.0,0.0,0.0,0.0,0.0,0.0,0.0,0.0,0.0,0.0,0.0,0.0,0.0,0.0,0.0,0.0,0.0,0.0,0.0,0.0,0.0,0.0,0.0,0,0,0,0,0,0,0,0,O=[p+]1oc2ccccc2c2ccccc21,murcko,train,0,1,0,0,0,0,0,1,0,0,0,0,0,0,0,0,1,0,0,0,0,0,0,0,0,1,0,0,0,0,0,0,0,0,0,0,0,1,0,0,0,0,0,0,0,0,0,0,0,0,0,0,1,0,0,0,0,0,0,0,0,0,0,0,1,0,1,0,0,0,0,0,0,0,0,0,0,1,0,0,0,1,0,0,0,0,0,0,0,0,0,0,0,0,0,0,0,0,0,0,1,0,0,0,1,0,0,0,0,1,0,0,0,0,0,0,0,0,0,0,0,0,0,0,0,0,0,0,0,0,0,0,0,0,0,0,0,0,1,0,0,0,0,0,1,0,1,0,0,0,0,0,0,0,1,1,0,0,0,0,0,0,0,0,0,0,0,0,0,0,1,0,0,0,1,1,0,0,0,0,0,0,0,0,0,0,0,0,0,0,0,0,0,0,0,0,0,0,0,0,0,0,0,0,0,0,0,0,0,0,0,0,0,0,1,0,0,0,0,0,0,0,0,0,0,0,0,0,0,0,0,0,0,0,0,0,0,0,0,0,0,0,0,0,0,0,1,0,0,0,0,0,0,0,0,0,0.5974043474929825,-0.2495749454251941,0.03271345132419457,0.8469792929181766,0.5974043474929825,1.111654874662386,-0.6209531047994672,11.77417044595616,0.7058436213991772,11.77417044595616,-1.7440843621399182,11.068326824556983,6.240007033677669,5.534163412278492,0.09034789231027478,3.517938022389873,7.652798514857567,0.0,5.583020141642242,15.890470333988567,0.0,0.0,48.53093654769288,0.0,4.196732704343318,4.565048284931329,0.0,86.97796986821221,86.41900652745589,10.25071237662706,7.882512329944692,7.360173345306136,4.697579853031274,8.632476996850189,3.179617885546799,1.261467906890647,72.0,0.0,0.5974043474929825,-0.2495749454251941,0.5974043474929825,0.2495749454251941,30.21,4.328400000000002,61.326500000000024,0.0,0.0
7761,CCCCCCCCCCCCCNc1ccc2ccccc2c1N=Nc1ccc(N=Nc2ccccc2C)cc1C,0,7761,CCCCCCCCCCCCCNc1ccc2ccccc2c1N=Nc1ccc(N=Nc2ccccc2C)cc1C,7761,CCCCCCCCCCCCCNc1ccc2ccccc2c1N=Nc1ccc(N=Nc2ccccc2C)cc1C,CCCCCCCCCCCCCNc1ccc2ccccc2c1N=Nc1ccc(N=Nc2ccccc2C)cc1C,CCCCCCCCCCCCCNc1ccc2ccccc2c1N=Nc1ccc(N=Nc2ccccc2C)cc1C,CCCCCCCCCCCCCNc1ccc2ccccc2c1N=Nc1ccc(N=Nc2ccccc2C)cc1C,7761.0,1.0,0.0,0.0,0.0,0.0,0.0,0.0,c1ccc(N=Nc2ccc(N=Nc3cccc4ccccc34)cc2)cc1,561.8180000000001,13.010339999999978,61.47,1.0,5.0,17.0,4.0,4.0,5.0,0.4054054054054054,42.0,0.0,0.0,0.0,0.0,0.0,0.0,0.0,0.0,0.0,0.0,0.0,0.0,0.0,0.0,0.0,0.0,1.0,1.0,0.0,0.0,0.0,0.0,2.0,1.0,0.0,0.0,0.0,0.0,0.0,0.0,0.0,0.0,0.0,0.0,0.0,0.0,0.0,0.0,0.0,0.0,0.0,0.0,0.0,0.0,0.0,0.0,0.0,0.0,0.0,0.0,0.0,0.0,0.0,0.0,4.0,1.0,34.0,1.0,2.0,1.0,0.0,0.0,0.0,0.0,0.0,0.0,0.0,0.0,0.0,0.0,0.0,0.0,0.0,0.0,0.0,0.0,0.0,0.0,0.0,0.0,0.0,0.0,0.0,0.0,0.0,0.0,0.0,0.0,0.0,0.0,0.0,0.0,0.0,0.0,0.0,0.0,0.0,0.0,0.0,0.0,0.0,0.0,0.0,0.0,0.0,0.0,0.0,0.0,0.0,0.0,0.0,0.0,1.0,1.0,0.0,0.0,0.0,0.0,0.0,0.0,1.0,1.0,0.0,0.0,0.0,0.0,4.0,1.0,0.0,0.0,0.0,0.0,0.0,0.0,0.0,0.0,0.0,0.0,0.0,0.0,0.0,0.0,0.0,0.0,0.0,0.0,0.0,0.0,0.0,0.0,0.0,0.0,0.0,0.0,0.0,0.0,0.0,0.0,0.0,0.0,0.0,0.0,0.0,0.0,0.0,0.0,0.0,0.0,0.0,0.0,0.0,0.0,0.0,0.0,0.0,0.0,0.0,0.0,0.0,0.0,0.0,0.0,0.0,0.0,0.0,0.0,0.0,0.0,0.0,0.0,0.0,0.0,0.0,0.0,0.0,0.0,0.0,0.0,0.0,0.0,0.0,0.0,0.0,0.0,0.0,0.0,0.0,0.0,0.0,0.0,0.0,0.0,0.0,0.0,0.0,0.0,0.0,0.0,0.0,0.0,0.0,0.0,0.0,0.0,0.0,0.0,0.0,0.0,0.0,0.0,0.0,0.0,0.0,0.0,0.0,0.0,0.0,0.0,0.0,0.0,0.0,0.0,0.0,0.0,0.0,0.0,0.0,0.0,0.0,0.0,0.0,0.0,0.0,0.0,0.0,0.0,1.0,3.0,1.0,3.0,0.0,0.0,0,0,1,0,0,0,0,0,c1ccc(N=Nc2ccc(N=Nc3cccc4ccccc34)cc2)cc1,murcko,train,0,0,0,1,0,0,0,0,0,0,0,0,0,0,0,0,1,0,1,0,0,0,0,0,0,0,1,0,0,0,0,0,0,1,0,0,0,1,1,0,0,0,0,0,0,0,0,0,0,0,0,0,1,0,0,0,0,0,0,0,0,0,1,1,1,0,0,0,0,0,0,0,0,0,0,0,0,1,0,1,1,1,0,0,1,0,0,0,0,0,0,0,1,0,0,0,0,0,1,0,1,0,0,0,0,0,1,1,0,0,0,1,0,0,0,0,0,0,0,1,0,0,0,0,0,0,1,0,1,1,0,1,0,0,0,0,1,0,0,0,0,0,0,0,1,0,0,0,0,0,0,0,0,0,0,1,0,0,0,0,0,0,1,1,1,0,0,0,0,0,0,0,0,0,0,1,0,1,0,0,1,0,0,0,0,0,1,0,0,0,0,0,0,0,0,0,0,0,0,0,1,0,1,1,0,0,0,1,0,1,0,0,0,1,1,1,0,0,0,0,0,0,0,0,0,0,0,0,0,0,0,0,0,0,0,0,0,0,0,0,0,0,0,0,0,0,0,0,0,0,0,0,0,0,0,0,0.11657631715665122,-0.38322805439364405,-0.04546166071593075,0.4998043715502953,0.38322805439364405,0.4687460521871739,-2.378135802256266,4.784104671929854,0.8001790819626852,4.784104671929854,0.8001790819626852,3.983925589967169,2.79214187694627,1.9919627949835845,0.2510087042083135,1.956877980007976,0.0,0.0,0.0,63.301860814579975,64.20821622926012,0.0,56.31204387861253,63.9814785913548,5.114250125629398,0.0,0.0,252.14480565189567,252.91784963943687,29.40935585830305,25.77968925570354,20.65219834319041,15.908505375394533,31.083929322051244,17.178098777998734,9.611416649486904,220.0,0.0,0.11657631715665122,-0.38322805439364405,0.38322805439364405,0.11657631715665122,61.47,13.010339999999978,179.60869999999943,1.3,3.5621621621621626
8209,C=C(C)C(=O)NCCC[N+](C)(C)CC(=O)NCCC[N+](C)(C)CC(O)C[N+](C)(C)C,0,8209,C=C(C)C(=O)NCCC[N+](C)(C)CC(=O)NCCC[N+](C)(C)CC(O)C[N+](C)(C)C,8209,C=C(C)C(=O)NCCC[N+](C)(C)CC(=O)NCCC[N+](C)(C)CC(O)C[N+](C)(C)C,C=C(C)C(=O)NCCC[N+](C)(C)CC(=O)NCCC[N+](C)(C)CC(O)C[N+](C)(C)C,C=C(C)C(=O)NCCC[N+](C)(C)CC(=O)NCCC[N+](C)(C)CC(O)C[N+](C)(C)C,C=C(C)C(=O)NCCC[N+](C)(C)CC(=O)NCCC[N+](C)(C)CC(O)C[N+](C)(C)C,8209.0,1.0,0.0,0.0,0.0,0.0,0.0,0.0,,430.6580000000002,-0.2049999999999936,78.43,3.0,3.0,15.0,0.0,0.0,8.0,0.8181818181818182,30.0,3.0,1.0,0.0,0.0,0.0,0.0,0.0,0.0,3.0,1.0,2.0,1.0,0.0,0.0,0.0,0.0,0.0,0.0,0.0,0.0,0.0,0.0,0.0,0.0,0.0,0.0,0.0,0.0,0.0,0.0,1.0,1.0,0.0,0.0,0.0,0.0,0.0,0.0,0.0,0.0,0.0,0.0,0.0,0.0,0.0,0.0,0.0,0.0,0.0,0.0,1.0,1.0,0.0,0.0,0.0,0.0,0.0,0.0,0.0,0.0,0.0,0.0,0.0,0.0,0.0,0.0,0.0,0.0,0.0,0.0,0.0,0.0,0.0,0.0,0.0,0.0,0.0,0.0,0.0,0.0,0.0,0.0,0.0,0.0,0.0,0.0,0.0,0.0,0.0,0.0,0.0,0.0,0.0,0.0,0.0,0.0,0.0,0.0,0.0,0.0,0.0,0.0,0.0,0.0,0.0,0.0,0.0,0.0,0.0,0.0,0.0,0.0,0.0,0.0,0.0,0.0,0.0,0.0,0.0,0.0,0.0,0.0,0.0,0.0,0.0,0.0,0.0,0.0,0.0,0.0,0.0,0.0,0.0,0.0,0.0,0.0,0.0,0.0,0.0,0.0,0.0,0.0,0.0,0.0,0.0,0.0,0.0,0.0,0.0,0.0,0.0,0.0,0.0,0.0,0.0,0.0,0.0,0.0,0.0,0.0,0.0,0.0,0.0,0.0,0.0,0.0,0.0,0.0,1.0,1.0,0.0,0.0,0.0,0.0,0.0,0.0,0.0,0.0,0.0,0.0,0.0,0.0,0.0,0.0,0.0,0.0,0.0,0.0,0.0,0.0,0.0,0.0,0.0,0.0,0.0,0.0,0.0,0.0,0.0,0.0,0.0,0.0,0.0,0.0,0.0,0.0,0.0,0.0,0.0,0.0,0.0,0.0,0.0,0.0,0.0,0.0,0.0,0.0,0.0,0.0,0.0,0.0,0.0,0.0,0.0,0.0,0.0,0.0,0.0,0.0,0.0,0.0,0.0,0.0,0.0,0.0,0.0,0.0,0.0,0.0,0.0,0.0,0.0,0.0,0.0,0.0,0.0,0.0,0.0,0.0,0.0,0.0,0.0,0.0,0.0,0.0,1.0,1.0,1.0,1.0,0.0,0.0,0,0,0,0,1,0,0,0,ACY_**(*****(*)(*)**(*)**(*)(*)*)**(*)(*)*****(*)*(*)*,acyclic_anonymous_graph,train,0,1,0,0,0,0,0,0,0,1,0,0,0,0,0,0,0,0,0,0,0,0,0,0,0,0,0,0,0,0,0,0,1,1,0,0,0,0,1,1,0,1,0,0,0,0,0,0,0,0,0,0,0,0,0,0,0,0,0,0,1,0,0,1,0,0,0,0,0,0,1,0,0,0,0,0,0,0,0,0,1,0,0,0,1,1,1,0,0,0,0,0,0,0,0,0,0,0,0,0,0,0,0,0,0,0,0,0,0,0,0,0,0,0,0,0,1,0,0,1,0,0,1,0,1,1,0,0,1,0,0,0,0,0,0,0,0,0,1,0,0,0,0,0,0,1,0,0,0,0,0,0,0,0,0,1,1,0,1,0,0,0,0,0,0,0,0,0,0,0,0,0,0,1,0,0,0,0,0,0,0,0,0,0,1,0,1,0,0,0,0,0,0,0,0,0,0,1,0,0,0,0,0,0,0,0,0,0,0,0,0,0,1,0,0,0,0,0,0,1,0,0,0,0,0,0,0,1,0,0,0,0,0,0,0,1,0,0,0,0,0,0,0,0,0,0,1,0,0,1,0,0,0,0,1,1,0.2747584905840801,-0.3815982458579155,-0.03189822729985828,0.6563567364419955,0.3815982458579155,1.7668438552851207,-2.7237906742808695,12.292626975797972,0.042911998515353655,12.292626975797972,-0.3399364598273047,12.249714977282618,6.167769487156663,6.124857488641309,0.08163455246546743,3.1054910679350005,0.0,17.918325846451314,36.23516101141419,41.44197417897899,0.0,6.923737199690624,14.09534396535438,52.450872804997104,0.0,14.69560176298435,0.0,183.8398501878698,183.76101676987096,23.58757566981053,20.753769043982658,13.529093084567146,10.858791322095742,28.520000000000007,12.392576177285314,15.3718748469193,176.0,0.0,0.2747584905840801,-0.3815982458579155,0.3815982458579155,0.2747584905840801,78.43,-0.20499999999999363,122.65840000000009,0.8999999999999999,3.327272727272727
8504,COc1ccc(N=NC(C(C)=O)C(=O)Nc2ccccc2OC)c([N+](=O)[O-])c1,0,8504,COc1ccc(N=NC(C(C)=O)C(=O)Nc2ccccc2OC)c([N+](=O)[O-])c1,8504,COc1ccc(N=NC(C(C)=O)C(=O)Nc2ccccc2OC)c([N+](=O)[O-])c1,COc1ccc(N=NC(C(C)=O)C(=O)Nc2ccccc2OC)c([N+](=O)[O-])c1,COc1ccc(N=NC(C(C)=O)C(=O)Nc2ccccc2OC)c([N+](=O)[O-])c1,COc1ccc(N=NC(C(C)=O)C(=O)Nc2ccccc2OC)c([N+](=O)[O-])c1,8504.0,1.0,0.0,0.0,0.0,0.0,0.0,0.0,O=C(CN=Nc1ccccc1)Nc1ccccc1,386.36400000000015,3.2920000000000016,132.49,1.0,8.0,8.0,2.0,2.0,10.0,0.2222222222222222,28.0,0.0,1.0,0.0,0.0,0.0,0.0,0.0,0.0,0.0,0.0,1.0,1.0,0.0,0.0,0.0,0.0,2.0,1.0,0.0,0.0,0.0,0.0,1.0,1.0,0.0,0.0,0.0,0.0,0.0,0.0,0.0,0.0,0.0,0.0,2.0,1.0,0.0,0.0,1.0,1.0,0.0,0.0,0.0,0.0,0.0,0.0,0.0,0.0,0.0,0.0,0.0,0.0,0.0,0.0,2.0,1.0,12.0,1.0,0.0,0.0,0.0,0.0,0.0,0.0,0.0,0.0,0.0,0.0,0.0,0.0,0.0,0.0,0.0,0.0,0.0,0.0,0.0,0.0,0.0,0.0,0.0,0.0,0.0,0.0,0.0,0.0,0.0,0.0,0.0,0.0,0.0,0.0,0.0,0.0,0.0,0.0,0.0,0.0,0.0,0.0,0.0,0.0,0.0,0.0,0.0,0.0,0.0,0.0,0.0,0.0,0.0,0.0,0.0,0.0,0.0,0.0,0.0,0.0,1.0,1.0,0.0,0.0,0.0,0.0,1.0,1.0,1.0,1.0,0.0,0.0,0.0,0.0,1.0,1.0,0.0,0.0,0.0,0.0,0.0,0.0,0.0,0.0,0.0,0.0,0.0,0.0,0.0,0.0,0.0,0.0,0.0,0.0,0.0,0.0,0.0,0.0,0.0,0.0,0.0,0.0,0.0,0.0,0.0,0.0,0.0,0.0,0.0,0.0,0.0,0.0,0.0,0.0,0.0,0.0,0.0,0.0,0.0,0.0,0.0,0.0,0.0,0.0,0.0,0.0,0.0,0.0,0.0,0.0,0.0,0.0,0.0,0.0,0.0,0.0,0.0,0.0,0.0,0.0,0.0,0.0,0.0,0.0,0.0,0.0,0.0,0.0,0.0,0.0,0.0,0.0,0.0,0.0,0.0,0.0,0.0,0.0,0.0,0.0,0.0,0.0,0.0,0.0,0.0,0.0,0.0,0.0,0.0,0.0,0.0,0.0,0.0,0.0,0.0,0.0,0.0,0.0,0.0,0.0,0.0,0.0,0.0,0.0,0.0,0.0,0.0,0.0,0.0,0.0,0.0,0.0,0.0,0.0,0.0,0.0,0.0,0.0,1.0,4.0,1.0,4.0,0.0,0.0,0,0,1,0,0,0,0,0,O=C(CN=Nc1ccccc1)Nc1ccccc1,murcko,train,1,1,0,0,0,0,0,0,0,0,0,0,0,1,0,0,0,0,1,0,0,0,0,0,1,0,0,0,0,0,0,0,0,1,1,0,0,0,0,1,0,0,0,0,0,0,0,0,0,0,0,0,0,0,0,0,0,0,0,0,0,1,0,0,1,0,1,0,0,1,1,0,0,1,1,0,0,0,0,0,1,1,0,0,0,0,0,0,1,0,0,0,0,0,0,1,0,0,1,0,1,0,0,0,0,0,0,1,0,0,0,0,0,0,0,0,0,0,0,0,0,0,0,0,0,1,1,0,1,0,1,0,0,0,1,0,0,1,1,0,0,0,0,0,0,0,0,1,0,0,0,0,0,0,0,0,0,0,0,0,1,0,0,1,0,0,1,0,0,0,0,1,0,0,0,1,0,0,1,0,1,0,0,1,0,0,0,0,0,0,0,0,0,0,0,0,0,0,0,0,1,0,0,1,1,0,1,0,0,0,0,0,1,1,1,0,0,0,0,0,0,0,0,0,0,0,0,0,0,0,0,0,0,0,0,0,0,0,1,0,0,1,0,0,0,0,0,0,0,1,0,0,0,0,0,0,0.29990891777718315,-0.49649895726597804,-0.042885191807378174,0.7964078750431611,0.49649895726597804,1.7247576528412953,-2.9255430234478847,12.467618032954434,0.10912808641975302,12.467618032954434,-1.4799833343831368,12.35848994653468,6.2883730596870935,6.17924497326734,0.08091603459048813,3.1997141971933596,22.655576553682074,17.12428438265103,11.436898107967467,0.0,39.34243348763052,24.26546827384644,0.0,15.545288855265127,9.473725907600098,19.703392636909218,0.0,159.8779004216389,159.547068205552,20.681433796945207,15.409932682800063,13.36661106055425,8.04628842886452,20.491403644356346,9.213928652805146,4.874398148882999,146.0,0.0,0.29990891777718315,-0.49649895726597804,0.49649895726597804,0.29990891777718315,132.49,3.2920000000000016,100.25710000000004,1.5,1.6888888888888889
7137,COc1cc(N=Nc2cc(S(=O)(=O)O)ccc2O)c(N=Nc2c(S(=O)(=O)O)cc3c(S(=O)(=O)O)c(Nc4nc(F)nc(N(C)CCS(=O)(=O)CCOS(=O)(=O)O)n4)ccc3c2O)cc1OC,1,7137,COc1cc(N=Nc2cc(S(=O)(=O)O)ccc2O)c(N=Nc2c(S(=O)(=O)O)cc3c(S(=O)(=O)O)c(Nc4nc(F)nc(N(C)CCS(=O)(=O)CCOS(=O)(=O)O)n4)ccc3c2O)cc1OC,7137,COc1cc(N=Nc2cc(S(=O)(=O)O)ccc2O)c(N=Nc2c(S(=O)(=O)O)cc3c(S(=O)(=O)O)c(Nc4nc(F)nc(N(C)CCS(=O)(=O)CCOS(=O)(=O)O)n4)ccc3c2O)cc1OC,COc1cc(N=Nc2cc(S(=O)(=O)O)ccc2O)c(N=Nc2c(S(=O)(=O)O)cc3c(S(=O)(=O)O)c(Nc4nc(F)nc(N(C)CCS(=O)(=O)CCOS(=O)(=O)O)n4)ccc3c2O)cc1OC,COc1cc(N=Nc2cc(S(=O)(=O)O)ccc2O)c(N=Nc2c(S(=O)(=O)O)cc3c(S(=O)(=O)O)c(Nc4nc(F)nc(N(C)CCS(=O)(=O)CCOS(=O)(=O)O)n4)ccc3c2O)cc1OC,COc1cc(N=Nc2cc(S(=O)(=O)O)ccc2O)c(N=Nc2c(S(=O)(=O)O)cc3c(S(=O)(=O)O)c(Nc4nc(F)nc(N(C)CCS(=O)(=O)CCOS(=O)(=O)O)n4)ccc3c2O)cc1OC,7137.0,1.0,0.0,0.0,0.0,0.0,0.0,0.0,c1ccc(N=Nc2ccccc2N=Nc2ccc3cc(Nc4ncncn4)ccc3c2)cc1,1025.9849999999997,3.577200000000002,423.15,7.0,24.0,19.0,5.0,5.0,34.0,0.21875,66.0,0.0,0.0,0.0,0.0,0.0,0.0,0.0,0.0,0.0,0.0,0.0,0.0,0.0,0.0,0.0,0.0,3.0,1.0,0.0,0.0,0.0,0.0,2.0,1.0,0.0,0.0,0.0,0.0,0.0,0.0,0.0,0.0,2.0,1.0,2.0,1.0,0.0,0.0,0.0,0.0,0.0,0.0,0.0,0.0,0.0,0.0,0.0,0.0,0.0,0.0,0.0,0.0,0.0,0.0,5.0,1.0,40.0,1.0,2.0,1.0,0.0,0.0,1.0,1.0,1.0,1.0,0.0,0.0,0.0,0.0,0.0,0.0,0.0,0.0,0.0,0.0,5.0,1.0,0.0,0.0,4.0,1.0,0.0,0.0,0.0,0.0,0.0,0.0,0.0,0.0,0.0,0.0,0.0,0.0,0.0,0.0,0.0,0.0,0.0,0.0,0.0,0.0,0.0,0.0,0.0,0.0,0.0,0.0,0.0,0.0,0.0,0.0,2.0,1.0,0.0,0.0,0.0,0.0,0.0,0.0,0.0,0.0,1.0,1.0,0.0,0.0,4.0,1.0,0.0,0.0,0.0,0.0,0.0,0.0,0.0,0.0,0.0,0.0,0.0,0.0,0.0,0.0,0.0,0.0,0.0,0.0,0.0,0.0,0.0,0.0,0.0,0.0,0.0,0.0,0.0,0.0,0.0,0.0,1.0,1.0,0.0,0.0,0.0,0.0,0.0,0.0,0.0,0.0,0.0,0.0,0.0,0.0,0.0,0.0,0.0,0.0,0.0,0.0,0.0,0.0,0.0,0.0,0.0,0.0,0.0,0.0,0.0,0.0,0.0,0.0,0.0,0.0,0.0,0.0,0.0,0.0,0.0,0.0,0.0,0.0,0.0,0.0,0.0,0.0,0.0,0.0,0.0,0.0,0.0,0.0,0.0,0.0,0.0,0.0,0.0,0.0,0.0,0.0,0.0,0.0,0.0,0.0,0.0,0.0,0.0,0.0,0.0,0.0,0.0,0.0,0.0,0.0,0.0,0.0,0.0,0.0,0.0,0.0,0.0,0.0,0.0,0.0,0.0,0.0,0.0,0.0,0.0,0.0,0.0,0.0,0.0,0.0,0.0,0.0,0.0,0.0,1.0,4.0,1.0,4.0,0.0,0.0,0,0,1,0,0,0,0,0,c1ccc(N=Nc2ccccc2N=Nc2ccc3cc(Nc4ncncn4)ccc3c2)cc1,murcko,train,1,1,0,0,1,0,0,0,0,0,0,0,0,1,0,0,1,1,1,0,0,0,0,0,1,0,0,0,0,1,0,0,0,1,0,0,0,0,0,1,0,0,0,1,0,0,1,0,0,0,0,0,0,1,0,0,0,0,0,0,1,0,0,1,1,0,1,0,1,0,0,1,0,1,0,0,0,1,0,0,1,1,0,0,0,0,0,0,0,0,0,1,0,0,1,0,0,1,0,0,1,0,0,0,0,0,1,1,1,0,0,0,0,1,1,0,0,1,1,0,0,0,1,0,0,1,0,0,1,1,0,0,0,0,0,0,1,0,1,1,1,0,0,0,0,0,1,0,0,0,0,0,0,0,0,0,0,0,0,1,0,0,0,1,0,0,1,0,1,0,0,0,0,0,0,0,0,0,1,0,0,0,0,1,0,1,0,1,0,0,0,0,0,0,0,1,1,1,0,0,1,0,1,1,0,0,0,0,0,0,0,0,0,1,1,1,0,1,0,0,0,1,0,0,0,1,0,0,0,0,0,0,0,1,0,1,0,0,0,0,1,0,0,0,1,0,0,1,1,1,0,0,0,1,0,0,0.3968811505501834,-0.5056163489255919,-0.04788411252018512,0.9024974994757753,0.5056163489255919,4.251044500745274,-7.411395927077492,14.68159883511719,0.005485578163056282,14.68159883511719,-5.505657099034418,14.676113256954135,7.343542206640123,7.338056628477068,0.06813793151440553,3.674515942778774,147.24291363451005,22.873796215934934,6.06636706846161,47.36447921008175,21.267267065232257,0.0,0.0,44.90881010201525,14.026475781290461,70.35070438007202,0.0,372.1447254496756,374.10081345759835,49.15576081270383,33.43465331662136,30.506337390553487,17.406853038120932,50.62683190743357,19.229243014067517,12.492815592058346,356.0,0.0,0.3968811505501834,-0.5056163489255919,0.5056163489255919,0.3968811505501834,423.15,3.577200000000002,223.55349999999981,1.5,3.8875
5756,O=C(OC1COC2OCCC12)ON1C(=O)CCC1=O,1,5756,O=C(OC1COC2OCCC12)ON1C(=O)CCC1=O,5756,O=C(OC1COC2OCCC12)ON1C(=O)CCC1=O,O=C(OC1COC2OCCC12)ON1C(=O)CCC1=O,O=C(OC1COC2OCCC12)ON1C(=O)CCC1=O,O=C(OC1COC2OCCC12)ON1C(=O)CCC1=O,5756.0,1.0,0.0,0.0,0.0,0.0,0.0,0.0,O=C(OC1COC2OCCC12)ON1C(=O)CCC1=O,271.225,-0.0350000000000001,91.37,0.0,7.0,2.0,3.0,0.0,8.0,0.7272727272727273,19.0,0.0,0.0,0.0,0.0,0.0,0.0,0.0,0.0,0.0,0.0,2.0,1.0,0.0,0.0,0.0,0.0,0.0,0.0,0.0,0.0,0.0,0.0,0.0,0.0,0.0,0.0,0.0,0.0,0.0,0.0,0.0,0.0,0.0,0.0,3.0,1.0,0.0,0.0,0.0,0.0,0.0,0.0,0.0,0.0,1.0,1.0,0.0,0.0,0.0,0.0,0.0,0.0,0.0,0.0,0.0,0.0,0.0,0.0,2.0,1.0,0.0,0.0,0.0,0.0,0.0,0.0,0.0,0.0,0.0,0.0,0.0,0.0,0.0,0.0,0.0,0.0,0.0,0.0,0.0,0.0,0.0,0.0,0.0,0.0,0.0,0.0,0.0,0.0,0.0,0.0,0.0,0.0,0.0,0.0,0.0,0.0,0.0,0.0,0.0,0.0,0.0,0.0,0.0,0.0,0.0,0.0,0.0,0.0,0.0,0.0,0.0,0.0,0.0,0.0,0.0,0.0,0.0,0.0,0.0,0.0,0.0,0.0,0.0,0.0,0.0,0.0,0.0,0.0,0.0,0.0,0.0,0.0,0.0,0.0,0.0,0.0,0.0,0.0,0.0,0.0,0.0,0.0,0.0,0.0,0.0,0.0,0.0,0.0,0.0,0.0,0.0,0.0,0.0,0.0,0.0,0.0,0.0,0.0,0.0,0.0,0.0,0.0,0.0,0.0,0.0,0.0,0.0,0.0,0.0,0.0,0.0,0.0,0.0,0.0,0.0,0.0,0.0,0.0,0.0,0.0,0.0,0.0,0.0,0.0,0.0,0.0,0.0,0.0,0.0,0.0,0.0,0.0,0.0,0.0,0.0,0.0,0.0,0.0,0.0,0.0,0.0,0.0,0.0,0.0,0.0,0.0,0.0,0.0,0.0,0.0,0.0,0.0,0.0,0.0,0.0,0.0,0.0,0.0,0.0,0.0,0.0,0.0,0.0,0.0,0.0,0.0,0.0,0.0,0.0,0.0,0.0,0.0,0.0,0.0,0.0,0.0,0.0,0.0,0.0,0.0,0.0,0.0,0.0,0.0,0.0,0.0,0.0,0.0,1.0,1.0,0.0,0.0,0.0,0.0,0.0,0.0,1.0,1.0,0.0,0.0,1.0,1.0,0,0,0,0,0,0,1,0,O=C(OC1COC2OCCC12)ON1C(=O)CCC1=O,murcko,train,0,0,0,0,0,0,0,0,0,0,0,0,0,0,0,0,0,0,0,0,0,0,0,0,0,1,0,0,0,0,1,0,0,0,1,0,0,0,0,1,0,0,0,0,0,1,0,0,0,0,0,0,0,0,0,0,0,0,1,0,0,0,0,0,0,0,0,0,0,0,0,0,0,1,0,0,0,0,0,0,0,0,0,0,0,0,0,0,0,0,0,0,1,0,0,0,0,0,0,0,1,0,1,1,0,0,0,0,1,0,1,0,0,0,0,0,0,0,0,0,0,0,0,0,0,1,0,0,1,0,0,1,0,0,0,0,0,0,1,0,0,0,0,0,1,0,0,0,0,0,0,0,0,0,0,0,1,0,1,0,0,0,0,0,0,0,0,1,0,0,0,0,0,1,0,0,0,0,0,0,0,0,1,1,0,1,0,0,0,0,0,0,0,0,0,1,0,0,0,0,0,0,1,0,0,0,0,0,0,0,0,0,0,0,0,0,0,0,0,0,0,0,0,0,0,0,1,0,0,1,0,0,0,0,0,0,0,0,0,0,0,0,0,0,0,1,0,0,0,0,0,1,1,0,0,0,0.5338342810207947,-0.4264199744536939,-0.03439478770791986,0.9602542554744886,0.5338342810207947,1.6294735801192128,-2.28297454656969,11.547747543461828,0.016174886621316054,11.547747543461828,-1.0650462962962959,11.531572656840511,5.781961215041572,5.765786328420256,0.08671844073295601,2.8990907387132276,24.07369147599007,31.656457985861543,11.670099689478267,6.4208216229260096,0.0,0.0,0.0,4.8375885837366335,14.210588861400147,14.383611552215466,0.0,108.02379809904814,107.25285977160814,13.405412915006313,10.072536342248616,9.147867045540844,6.125135586651785,12.368220639750309,4.781645169774961,2.282448184164745,104.0,0.0,0.5338342810207947,-0.4264199744536939,0.5338342810207947,0.4264199744536939,91.37,-0.03500000000000014,56.24000000000002,0.0,1.0909090909090908
7264,C=CC(=O)N1CCOCC1,1,7264,C=CC(=O)N1CCOCC1,7264,C=CC(=O)N1CCOCC1,C=CC(=O)N1CCOCC1,C=CC(=O)N1CCOCC1,C=CC(=O)N1CCOCC1,7264.0,1.0,0.0,0.0,0.0,0.0,0.0,0.0,C1COCCN1,141.17,0.0311999999999998,29.540000000000003,0.0,2.0,1.0,1.0,0.0,3.0,0.5714285714285714,10.0,0.0,0.0,0.0,0.0,0.0,0.0,0.0,0.0,0.0,0.0,1.0,1.0,0.0,0.0,0.0,0.0,0.0,0.0,0.0,0.0,0.0,0.0,0.0,0.0,0.0,0.0,0.0,0.0,0.0,0.0,0.0,0.0,0.0,0.0,1.0,1.0,0.0,0.0,0.0,0.0,0.0,0.0,0.0,0.0,0.0,0.0,0.0,0.0,0.0,0.0,1.0,1.0,0.0,0.0,0.0,0.0,0.0,0.0,0.0,0.0,0.0,0.0,0.0,0.0,0.0,0.0,0.0,0.0,0.0,0.0,0.0,0.0,0.0,0.0,0.0,0.0,0.0,0.0,0.0,0.0,0.0,0.0,0.0,0.0,0.0,0.0,0.0,0.0,0.0,0.0,0.0,0.0,0.0,0.0,0.0,0.0,0.0,0.0,0.0,0.0,0.0,0.0,0.0,0.0,0.0,0.0,0.0,0.0,0.0,0.0,0.0,0.0,0.0,0.0,0.0,0.0,0.0,0.0,0.0,0.0,0.0,0.0,0.0,0.0,0.0,0.0,0.0,0.0,0.0,0.0,0.0,0.0,0.0,0.0,0.0,0.0,0.0,0.0,0.0,0.0,0.0,0.0,0.0,0.0,0.0,0.0,0.0,0.0,0.0,0.0,0.0,0.0,0.0,0.0,0.0,0.0,0.0,0.0,0.0,0.0,0.0,0.0,0.0,0.0,0.0,0.0,0.0,0.0,1.0,1.0,0.0,0.0,0.0,0.0,0.0,0.0,0.0,0.0,0.0,0.0,0.0,0.0,0.0,0.0,0.0,0.0,0.0,0.0,0.0,0.0,0.0,0.0,0.0,0.0,0.0,0.0,0.0,0.0,0.0,0.0,0.0,0.0,0.0,0.0,0.0,0.0,0.0,0.0,0.0,0.0,0.0,0.0,0.0,0.0,0.0,0.0,0.0,0.0,0.0,0.0,0.0,0.0,0.0,0.0,0.0,0.0,0.0,0.0,0.0,0.0,0.0,0.0,0.0,0.0,0.0,0.0,0.0,0.0,0.0,0.0,0.0,0.0,0.0,0.0,0.0,0.0,0.0,0.0,0.0,0.0,0.0,0.0,0.0,0.0,0.0,0.0,1.0,1.0,1.0,1.0,0.0,0.0,0,0,0,0,1,0,0,0,C1COCCN1,murcko,train,0,0,0,0,0,0,0,0,0,0,0,1,0,0,0,0,0,0,0,0,0,0,0,0,0,0,0,0,0,0,0,0,1,0,0,0,0,0,0,1,0,0,0,0,0,0,0,0,0,0,0,0,0,1,0,0,0,0,0,0,0,0,0,0,0,0,0,0,0,0,0,0,0,0,0,0,0,0,0,0,0,0,0,0,0,0,1,0,0,0,0,0,0,0,0,0,0,0,0,0,0,0,0,0,0,0,0,0,0,1,0,0,0,0,0,0,0,0,0,0,1,0,0,0,0,1,0,0,0,0,0,0,0,0,0,0,0,0,1,0,0,0,0,0,1,0,0,0,0,0,0,0,0,0,0,0,0,0,1,0,0,1,0,0,0,0,0,1,0,0,0,0,0,0,0,0,0,0,0,0,0,0,1,0,0,0,0,0,0,0,0,1,0,0,0,0,0,0,0,0,1,0,0,0,0,0,0,0,0,0,0,0,0,0,0,0,0,1,0,0,0,0,0,0,0,0,0,0,0,0,0,0,0,0,0,0,0,0,0,0,0,0,0,0,0,0,0,0,0,0,0,0,0,0,0,0,0.24561394809988468,-0.3777737935494072,-0.061683759633848964,0.6233877416492919,0.3777737935494072,0.4629964820306971,-1.0798340783691867,10.919166666666667,0.0030555555555562552,10.919166666666667,0.0030555555555562552,10.91611111111111,5.461111111111112,5.458055555555555,0.09160771540536415,2.732084188621418,0.0,5.907179729351506,26.303276740850986,0.0,6.076020106833881,4.899909730850478,0.0,6.578935683598497,4.736862953800049,4.794537184071822,0.0,60.26837052824971,59.29672212935722,7.397341225498538,5.8765943515500485,4.842535255101096,3.3344601692638887,7.279051254089422,3.366309336701694,1.5736854658634327,56.0,0.0,0.24561394809988468,-0.3777737935494072,0.3777737935494072,0.24561394809988468,29.540000000000003,0.031199999999999894,37.596000000000004,0.8999999999999999,0.4285714285714286
2795,CC1=C(C=O)C(C)(C)CC=C1,0,2795,CC1=C(C=O)C(C)(C)CC=C1,2795,CC1=C(C=O)C(C)(C)CC=C1,CC1=C(C=O)C(C)(C)CC=C1,CC1=C(C=O)C(C)(C)CC=C1,CC1=C(C=O)C(C)(C)CC=C1,2795.0,1.0,0.0,0.0,0.0,0.0,0.0,0.0,C1=CCCC=C1,150.221,2.4879000000000007,17.07,0.0,1.0,1.0,1.0,0.0,1.0,0.5,11.0,0.0,0.0,0.0,0.0,0.0,0.0,0.0,0.0,0.0,0.0,0.0,0.0,0.0,0.0,0.0,0.0,0.0,0.0,0.0,0.0,0.0,0.0,0.0,0.0,0.0,0.0,0.0,0.0,0.0,0.0,0.0,0.0,0.0,0.0,0.0,0.0,1.0,1.0,0.0,0.0,0.0,0.0,0.0,0.0,0.0,0.0,0.0,0.0,0.0,0.0,2.0,1.0,0.0,0.0,0.0,0.0,0.0,0.0,0.0,0.0,0.0,0.0,0.0,0.0,0.0,0.0,0.0,0.0,0.0,0.0,0.0,0.0,0.0,0.0,0.0,0.0,0.0,0.0,0.0,0.0,0.0,0.0,0.0,0.0,0.0,0.0,0.0,0.0,0.0,0.0,0.0,0.0,0.0,0.0,0.0,0.0,0.0,0.0,0.0,0.0,0.0,0.0,0.0,0.0,0.0,0.0,0.0,0.0,0.0,0.0,0.0,0.0,0.0,0.0,0.0,0.0,0.0,0.0,0.0,0.0,0.0,0.0,0.0,0.0,0.0,0.0,0.0,0.0,0.0,0.0,0.0,0.0,0.0,0.0,0.0,0.0,0.0,0.0,0.0,0.0,0.0,0.0,0.0,0.0,0.0,0.0,0.0,0.0,0.0,0.0,0.0,0.0,0.0,0.0,0.0,0.0,0.0,0.0,0.0,0.0,0.0,0.0,0.0,0.0,0.0,0.0,0.0,0.0,1.0,1.0,0.0,0.0,0.0,0.0,0.0,0.0,0.0,0.0,0.0,0.0,0.0,0.0,0.0,0.0,0.0,0.0,0.0,0.0,0.0,0.0,0.0,0.0,0.0,0.0,0.0,0.0,0.0,0.0,0.0,0.0,0.0,0.0,0.0,0.0,0.0,0.0,0.0,0.0,0.0,0.0,0.0,0.0,0.0,0.0,0.0,0.0,0.0,0.0,0.0,0.0,0.0,0.0,0.0,0.0,0.0,0.0,0.0,0.0,0.0,0.0,0.0,0.0,0.0,0.0,0.0,0.0,0.0,0.0,0.0,0.0,0.0,0.0,0.0,0.0,0.0,0.0,0.0,0.0,0.0,0.0,0.0,0.0,0.0,0.0,0.0,0.0,1.0,1.0,1.0,1.0,0.0,0.0,0,0,0,0,1,0,0,0,C1=CCCC=C1,murcko,train,0,0,0,1,0,0,0,0,0,0,0,0,0,0,0,0,0,0,0,0,0,0,0,0,0,0,0,0,0,0,0,0,0,1,0,1,1,0,0,1,0,0,0,0,0,0,0,0,0,0,0,0,0,0,0,0,0,0,1,0,0,1,0,0,0,0,0,0,0,0,0,0,0,0,0,0,0,0,0,0,0,1,0,0,0,0,0,0,0,0,0,0,0,0,0,0,0,0,0,0,1,0,0,0,1,0,0,0,0,0,0,0,0,0,0,0,0,0,0,0,0,0,0,1,0,0,0,0,0,0,0,0,0,0,0,0,0,0,1,0,0,0,0,0,0,0,1,0,0,0,0,0,0,0,0,0,0,0,1,0,0,1,1,0,0,0,0,0,0,0,0,0,0,0,0,0,0,0,0,0,0,0,1,0,0,1,1,0,0,0,0,0,0,0,0,0,0,0,0,0,0,0,0,0,0,0,0,0,0,0,0,0,0,0,0,0,0,0,0,0,0,0,0,0,0,0,0,0,0,0,0,0,0,0,0,0,1,0,0,0,0,0,0,0,0,0,0,0,1,0,1,0,0,0,0,0,0.14634354328277985,-0.2982229351068166,-0.047348105074832295,0.4445664783895964,0.2982229351068166,0.14704698761108867,-0.667876143434244,10.694189814814816,0.04224537037037046,10.694189814814816,0.04224537037037046,10.651944444444446,5.368217592592593,5.325972222222223,0.09387957336949435,2.705399025663395,0.0,5.41499046939678,0.0,23.8531912061941,0.0,0.0,12.999757306524504,19.92349450621513,0.0,4.794537184071822,0.0,67.80021493954504,66.98597067240233,8.483127663125442,7.34740587921929,5.0765154898253195,3.9081875439756124,8.248522167487685,2.647957716563736,1.419972451790634,60.0,0.0,0.14634354328277985,-0.2982229351068166,0.2982229351068166,0.14634354328277985,17.07,2.4879000000000007,46.30200000000003,0.8999999999999999,0.4
2167,CCc1ccc(C)nc1,1,2167,CCc1ccc(C)nc1,2167,CCc1ccc(C)nc1,CCc1ccc(C)nc1,CCc1ccc(C)nc1,CCc1ccc(C)nc1,2167.0,1.0,0.0,0.0,0.0,0.0,0.0,0.0,c1ccncc1,121.18299999999998,1.95242,12.89,0.0,1.0,1.0,1.0,1.0,1.0,0.375,9.0,0.0,0.0,0.0,0.0,0.0,0.0,0.0,0.0,0.0,0.0,0.0,0.0,0.0,0.0,0.0,0.0,0.0,0.0,0.0,0.0,0.0,0.0,0.0,0.0,0.0,0.0,0.0,0.0,0.0,0.0,0.0,0.0,0.0,0.0,0.0,0.0,0.0,0.0,0.0,0.0,0.0,0.0,0.0,0.0,0.0,0.0,0.0,0.0,0.0,0.0,0.0,0.0,0.0,0.0,1.0,1.0,6.0,1.0,0.0,0.0,0.0,0.0,0.0,0.0,0.0,0.0,0.0,0.0,0.0,0.0,0.0,0.0,0.0,0.0,0.0,0.0,0.0,0.0,0.0,0.0,0.0,0.0,0.0,0.0,0.0,0.0,0.0,0.0,0.0,0.0,0.0,0.0,0.0,0.0,0.0,0.0,0.0,0.0,0.0,0.0,0.0,0.0,0.0,0.0,0.0,0.0,0.0,0.0,0.0,0.0,0.0,0.0,0.0,0.0,0.0,0.0,0.0,0.0,0.0,0.0,0.0,0.0,0.0,0.0,0.0,0.0,0.0,0.0,0.0,0.0,0.0,0.0,0.0,0.0,0.0,0.0,0.0,0.0,0.0,0.0,0.0,0.0,0.0,0.0,0.0,0.0,0.0,0.0,0.0,0.0,0.0,0.0,0.0,0.0,0.0,0.0,0.0,0.0,0.0,0.0,0.0,0.0,0.0,0.0,0.0,0.0,0.0,0.0,0.0,0.0,0.0,0.0,0.0,0.0,0.0,0.0,0.0,0.0,0.0,0.0,0.0,0.0,0.0,0.0,0.0,0.0,0.0,0.0,0.0,0.0,0.0,0.0,0.0,0.0,0.0,0.0,0.0,0.0,0.0,0.0,0.0,0.0,0.0,0.0,0.0,0.0,0.0,0.0,0.0,0.0,0.0,0.0,0.0,0.0,0.0,0.0,0.0,0.0,0.0,0.0,0.0,0.0,0.0,0.0,0.0,0.0,0.0,0.0,0.0,0.0,0.0,0.0,0.0,0.0,0.0,0.0,0.0,0.0,0.0,0.0,0.0,0.0,0.0,0.0,0.0,0.0,0.0,0.0,0.0,0.0,0.0,0.0,0.0,0.0,0.0,0.0,0.0,0.0,0.0,0.0,0.0,0.0,0,0,0,0,0,0,0,0,c1ccncc1,murcko,train,0,0,0,0,0,0,0,1,0,0,0,0,0,0,0,0,0,0,0,1,0,0,0,0,0,0,0,0,0,0,0,0,0,1,0,0,0,0,1,0,0,0,0,0,0,0,0,0,0,0,0,0,0,0,1,0,0,0,0,0,0,0,0,0,0,0,0,0,0,0,0,0,0,0,0,0,0,0,0,1,1,1,0,0,0,0,0,0,0,0,0,0,0,0,0,0,0,0,0,0,1,0,0,0,0,0,0,0,0,0,0,0,0,0,0,0,0,1,0,0,0,0,1,0,0,0,0,0,0,0,0,0,0,0,0,0,0,0,0,0,0,0,0,0,0,1,0,0,0,0,0,0,0,0,0,0,0,0,0,0,0,0,0,0,0,0,0,0,0,0,0,0,1,0,0,0,0,1,0,0,0,0,0,0,0,0,1,0,0,0,0,0,0,0,0,1,0,0,0,0,0,0,0,0,0,0,0,0,0,0,0,0,0,0,1,0,0,0,1,0,0,0,0,0,0,0,0,0,0,0,0,0,0,0,0,0,0,0,0,0,0,0,0,0,1,0,0,0,0,0,0,0,0,0,0,1,0.0372366799611105,-0.26132413326825754,-0.048082131177924044,0.29856081322936806,0.26132413326825754,0.06748270244589567,-0.500221883047212,4.149953703703703,1.0766666666666667,4.149953703703703,1.0766666666666667,3.0732870370370367,2.6133101851851848,1.5366435185185183,0.325384511094708,2.2221777665703675,0.0,0.0,0.0,12.114749617774471,5.563451491696996,0.0,19.18694783976531,17.97408278909944,0.0,0.0,0.0,55.745877443633304,54.83923173833622,6.69023444431199,5.886371184255383,4.325698502695489,3.2418245963947334,6.272699386503069,2.624969060156762,1.5253544209616121,48.0,0.0,0.0372366799611105,-0.26132413326825754,0.26132413326825754,0.0372366799611105,12.89,1.9524199999999998,38.35200000000001,0.0,0.35000000000000003
3041,O=C(Cl)c1ccc2c(c1)C(=O)OC2=O,0,3041,O=C(Cl)c1ccc2c(c1)C(=O)OC2=O,3041,O=C(Cl)c1ccc2c(c1)C(=O)OC2=O,O=C(Cl)c1ccc2c(c1)C(=O)OC2=O,O=C(Cl)c1ccc2c(c1)C(=O)OC2=O,O=C(Cl)c1ccc2c(c1)C(=O)OC2=O,3041.0,1.0,0.0,0.0,0.0,0.0,0.0,0.0,O=C1OC(=O)c2ccccc21,210.572,1.3762,60.440000000000005,0.0,4.0,1.0,2.0,1.0,5.0,0.0,14.0,0.0,0.0,0.0,0.0,0.0,0.0,0.0,0.0,0.0,0.0,0.0,0.0,0.0,0.0,0.0,0.0,0.0,0.0,0.0,0.0,0.0,0.0,0.0,0.0,0.0,0.0,0.0,0.0,0.0,0.0,0.0,0.0,0.0,0.0,1.0,1.0,0.0,0.0,0.0,0.0,0.0,0.0,0.0,0.0,2.0,1.0,1.0,1.0,1.0,1.0,0.0,0.0,0.0,0.0,1.0,1.0,6.0,1.0,2.0,1.0,0.0,0.0,1.0,1.0,0.0,0.0,1.0,1.0,0.0,0.0,0.0,0.0,0.0,0.0,0.0,0.0,0.0,0.0,0.0,0.0,0.0,0.0,0.0,0.0,0.0,0.0,0.0,0.0,0.0,0.0,0.0,0.0,0.0,0.0,0.0,0.0,0.0,0.0,0.0,0.0,0.0,0.0,0.0,0.0,0.0,0.0,1.0,1.0,0.0,0.0,0.0,0.0,0.0,0.0,0.0,0.0,0.0,0.0,0.0,0.0,0.0,0.0,0.0,0.0,0.0,0.0,0.0,0.0,0.0,0.0,0.0,0.0,0.0,0.0,0.0,0.0,0.0,0.0,0.0,0.0,0.0,0.0,0.0,0.0,0.0,0.0,0.0,0.0,0.0,0.0,0.0,0.0,0.0,0.0,0.0,0.0,0.0,0.0,0.0,0.0,0.0,0.0,0.0,0.0,0.0,0.0,0.0,0.0,0.0,0.0,0.0,0.0,0.0,0.0,0.0,0.0,0.0,0.0,0.0,0.0,0.0,0.0,0.0,0.0,0.0,0.0,0.0,0.0,0.0,0.0,0.0,0.0,0.0,0.0,0.0,0.0,0.0,0.0,0.0,0.0,0.0,0.0,0.0,0.0,0.0,0.0,0.0,0.0,0.0,0.0,0.0,0.0,0.0,0.0,0.0,0.0,0.0,0.0,0.0,0.0,0.0,0.0,0.0,0.0,0.0,0.0,0.0,0.0,0.0,0.0,0.0,0.0,0.0,0.0,0.0,0.0,0.0,0.0,0.0,0.0,0.0,0.0,0.0,0.0,0.0,0.0,0.0,0.0,0.0,0.0,0.0,0.0,0.0,0.0,0.0,0.0,1.0,1.0,1.0,1.0,0.0,0.0,0,0,0,0,0,0,0,0,O=C1OC(=O)c2ccccc21,murcko,train,0,0,0,0,0,0,1,0,0,0,0,0,1,0,0,0,0,0,1,0,0,0,0,0,1,0,0,0,0,0,0,1,0,0,0,0,0,0,0,1,0,0,0,0,0,0,0,0,0,0,0,0,0,0,0,0,0,0,1,0,0,0,0,0,1,0,0,0,0,0,0,0,0,0,0,0,0,0,0,0,0,1,0,0,0,0,0,0,0,0,0,0,0,0,0,0,1,0,0,0,1,0,0,0,0,1,0,1,0,0,0,0,0,0,0,0,0,0,0,0,0,0,0,0,0,1,0,0,0,0,0,0,0,0,0,0,0,0,1,0,0,0,0,0,1,0,0,1,0,1,0,0,0,0,0,0,0,0,0,0,0,1,0,0,0,0,0,0,1,0,0,0,0,0,0,0,0,0,0,0,0,0,0,1,0,0,0,0,0,0,0,0,0,0,0,0,0,0,0,0,0,0,0,0,0,0,0,0,0,0,0,0,0,0,1,0,0,0,1,0,0,0,0,0,1,0,0,0,0,0,0,0,0,0,0,0,0,0,0,0,0,0,0,0,0,0,0,0,0,0,0,0,0,0,0,0,0.34642909492016927,-0.38565668886000515,-0.013595425074082299,0.7320857837801744,0.38565668886000515,1.1298385899794874,-1.3201745410166397,11.053308767951624,0.08472222222222259,11.053308767951624,-0.7455864197530866,10.968586545729401,5.569015495086923,5.484293272864701,0.0911694497582597,2.8275232597397393,17.18103734431297,16.690354475090988,0.0,0.0,18.19910120538483,0.0,0.0,4.736862953800049,11.600939890232516,14.383611552215466,0.0,83.4217760656774,82.79190742103681,10.292528739883947,6.743008442433557,6.592224152875015,3.6976368343768566,8.898055533010488,2.9198356996713994,1.2010197025010236,70.0,0.0,0.34642909492016927,-0.38565668886000515,0.38565668886000515,0.34642909492016927,60.440000000000005,1.3761999999999999,46.371500000000005,0.2,0.6000000000000001
5449,CC1=C(C(=O)O)N2C(=O)C(N)C2SC1,0,5449,CC1=C(C(=O)O)N2C(=O)C(N)C2SC1,5449,CC1=C(C(=O)O)N2C(=O)C(N)C2SC1,CC1=C(C(=O)O)N2C(=O)C(N)C2SC1,CC1=C(C(=O)O)N2C(=O)C(N)C2SC1,CC1=C(C(=O)O)N2C(=O)C(N)C2SC1,5449.0,1.0,0.0,0.0,0.0,0.0,0.0,0.0,O=C1CC2SCC=CN12,214.246,-0.4126000000000001,83.63,2.0,4.0,1.0,2.0,0.0,6.0,0.5,14.0,0.0,0.0,1.0,1.0,0.0,0.0,0.0,0.0,0.0,0.0,1.0,1.0,0.0,0.0,0.0,0.0,0.0,0.0,0.0,0.0,0.0,0.0,0.0,0.0,0.0,0.0,0.0,0.0,0.0,0.0,0.0,0.0,0.0,0.0,0.0,0.0,0.0,0.0,0.0,0.0,1.0,1.0,0.0,0.0,0.0,0.0,0.0,0.0,0.0,0.0,1.0,1.0,0.0,0.0,0.0,0.0,0.0,0.0,2.0,1.0,0.0,0.0,0.0,0.0,0.0,0.0,0.0,0.0,0.0,0.0,0.0,0.0,1.0,1.0,0.0,0.0,0.0,0.0,0.0,0.0,0.0,0.0,0.0,0.0,0.0,0.0,0.0,0.0,0.0,0.0,0.0,0.0,0.0,0.0,0.0,0.0,0.0,0.0,0.0,0.0,0.0,0.0,0.0,0.0,0.0,0.0,0.0,0.0,0.0,0.0,0.0,0.0,0.0,0.0,0.0,0.0,0.0,0.0,0.0,0.0,0.0,0.0,0.0,0.0,0.0,0.0,0.0,0.0,0.0,0.0,0.0,0.0,0.0,0.0,0.0,0.0,0.0,0.0,0.0,0.0,0.0,0.0,0.0,0.0,0.0,0.0,0.0,0.0,0.0,0.0,0.0,0.0,0.0,0.0,0.0,0.0,0.0,0.0,0.0,0.0,0.0,0.0,0.0,0.0,0.0,0.0,0.0,0.0,1.0,1.0,0.0,0.0,0.0,0.0,0.0,0.0,0.0,0.0,0.0,0.0,0.0,0.0,0.0,0.0,0.0,0.0,0.0,0.0,0.0,0.0,0.0,0.0,0.0,0.0,0.0,0.0,0.0,0.0,0.0,0.0,0.0,0.0,0.0,0.0,0.0,0.0,0.0,0.0,0.0,0.0,0.0,0.0,0.0,0.0,0.0,0.0,0.0,0.0,0.0,0.0,0.0,0.0,0.0,0.0,0.0,0.0,0.0,0.0,0.0,0.0,0.0,0.0,0.0,0.0,0.0,0.0,0.0,0.0,0.0,0.0,0.0,0.0,0.0,0.0,0.0,0.0,0.0,0.0,0.0,0.0,0.0,0.0,0.0,0.0,0.0,0.0,1.0,1.0,1.0,1.0,0.0,0.0,0,0,0,0,1,0,0,0,O=C1CC2SCC=CN12,murcko,train,0,0,0,0,0,1,0,0,0,0,0,0,0,1,0,0,0,0,0,0,0,0,0,0,0,0,0,0,0,0,0,0,0,1,0,0,0,0,0,1,1,0,0,0,0,0,0,0,0,0,0,0,0,0,0,0,0,0,1,0,0,0,0,0,0,0,0,0,0,0,0,0,0,0,0,0,0,0,0,0,0,0,0,0,0,0,0,0,0,0,1,1,0,0,0,0,0,0,1,0,1,0,0,0,0,0,0,0,0,0,0,0,0,0,0,0,0,0,0,0,0,0,0,0,0,1,0,0,0,0,1,0,0,1,0,0,0,0,1,0,0,0,0,0,0,0,0,1,0,0,0,0,0,0,0,0,0,0,1,0,0,0,0,1,0,0,0,1,1,0,0,0,1,0,1,0,0,0,1,0,0,0,0,0,0,0,1,0,0,0,0,0,0,0,0,0,0,0,0,0,1,0,0,0,0,0,0,0,0,0,0,0,0,0,1,0,0,0,0,0,0,0,0,0,0,0,0,0,0,0,1,0,0,0,0,0,0,0,0,0,0,0,0,0,0,0,0,0,0,0,0,1,0,0,0,1,0.35211428332500655,-0.4765611945035683,-0.05939916301248381,0.8286754778285749,0.4765611945035683,0.9716800159536743,-1.8032682981284476,11.346296296296295,0.11152777777777811,11.346296296296295,-1.0481018518518523,11.234768518518516,5.728912037037037,5.617384259259258,0.08900939955742551,2.9213270459475162,12.011146117099809,16.97809185537608,5.752853606746789,5.573104530069267,16.66179468024159,6.923737199690624,0.0,0.0,10.84019487200289,9.589074368143644,0.0,84.93269283422795,84.3299972293707,10.455665446700477,7.558329651146931,6.5365812602091875,4.170540160306044,9.541399677396447,2.9947743806819473,1.0717665257811013,76.0,0.0,0.35211428332500655,-0.4765611945035683,0.4765611945035683,0.35211428332500655,83.63,-0.4126000000000001,51.40320000000001,0.8999999999999999,0.4
9313,O=C1c2ccccc2C2=Nc3cccc4cccc(c34)N12,0,9313,O=C1c2ccccc2C2=Nc3cccc4cccc(c34)N12,9313,O=C1c2ccccc2C2=Nc3cccc4cccc(c34)N12,O=C1c2ccccc2C2=Nc3cccc4cccc(c34)N12,O=C1c2ccccc2C2=Nc3cccc4cccc(c34)N12,O=C1c2ccccc2C2=Nc3cccc4cccc(c34)N12,9313.0,1.0,0.0,0.0,0.0,0.0,0.0,0.0,O=C1c2ccccc2C2=Nc3cccc4cccc(c34)N12,270.291,3.8919000000000015,32.67,0.0,2.0,0.0,5.0,3.0,3.0,0.0,21.0,0.0,0.0,0.0,0.0,0.0,0.0,0.0,0.0,0.0,0.0,1.0,1.0,0.0,0.0,0.0,0.0,1.0,1.0,0.0,0.0,0.0,0.0,0.0,0.0,0.0,0.0,1.0,1.0,0.0,0.0,0.0,0.0,0.0,0.0,0.0,0.0,0.0,0.0,0.0,0.0,0.0,0.0,0.0,0.0,0.0,0.0,0.0,0.0,0.0,0.0,0.0,0.0,0.0,0.0,3.0,1.0,28.0,1.0,8.0,1.0,0.0,0.0,0.0,0.0,0.0,0.0,0.0,0.0,0.0,0.0,0.0,0.0,0.0,0.0,0.0,0.0,0.0,0.0,0.0,0.0,0.0,0.0,0.0,0.0,0.0,0.0,0.0,0.0,0.0,0.0,0.0,0.0,0.0,0.0,0.0,0.0,0.0,0.0,0.0,0.0,0.0,0.0,0.0,0.0,0.0,0.0,0.0,0.0,0.0,0.0,0.0,0.0,0.0,0.0,0.0,0.0,0.0,0.0,0.0,0.0,0.0,0.0,0.0,0.0,0.0,0.0,0.0,0.0,0.0,0.0,0.0,0.0,0.0,0.0,0.0,0.0,0.0,0.0,0.0,0.0,0.0,0.0,0.0,0.0,0.0,0.0,0.0,0.0,0.0,0.0,0.0,0.0,0.0,0.0,0.0,0.0,0.0,0.0,0.0,0.0,0.0,0.0,0.0,0.0,0.0,0.0,0.0,0.0,0.0,0.0,0.0,0.0,0.0,0.0,0.0,0.0,0.0,0.0,0.0,0.0,0.0,0.0,0.0,0.0,0.0,0.0,0.0,0.0,0.0,0.0,0.0,0.0,0.0,0.0,0.0,0.0,0.0,0.0,0.0,0.0,0.0,0.0,0.0,0.0,0.0,0.0,0.0,0.0,0.0,0.0,0.0,0.0,0.0,0.0,0.0,0.0,0.0,0.0,0.0,0.0,0.0,0.0,0.0,0.0,0.0,0.0,0.0,0.0,0.0,0.0,0.0,0.0,0.0,0.0,0.0,0.0,0.0,0.0,0.0,0.0,0.0,0.0,0.0,0.0,0.0,0.0,0.0,0.0,0.0,0.0,0.0,0.0,0.0,0.0,0.0,0.0,0.0,0.0,0.0,0.0,0.0,0.0,0,0,1,0,0,0,0,0,O=C1c2ccccc2C2=Nc3cccc4cccc(c34)N12,murcko,train,0,0,0,0,0,0,0,0,0,0,0,0,0,0,0,1,0,0,0,0,0,0,0,0,0,0,0,0,0,0,0,0,0,0,0,0,0,0,0,0,0,0,0,0,0,0,0,0,1,0,0,0,0,0,1,0,0,0,1,0,0,0,0,1,1,1,0,0,0,0,0,0,0,0,0,0,0,0,0,0,0,1,0,0,0,1,0,0,0,0,0,0,0,0,0,1,1,0,0,0,1,0,0,0,0,0,0,0,0,0,0,1,1,0,0,0,0,0,0,0,0,0,1,0,0,0,0,0,1,0,0,0,0,0,0,0,0,0,1,0,0,0,0,0,0,0,0,0,0,0,1,0,0,0,0,0,0,0,0,1,0,0,0,0,1,0,0,1,0,0,0,0,0,0,0,1,1,0,0,0,0,0,0,0,1,0,0,0,0,0,0,0,1,0,0,0,0,0,0,0,0,0,0,0,0,0,0,0,0,0,0,0,0,1,1,0,1,0,0,0,0,1,0,0,0,0,0,0,0,0,0,0,0,0,0,0,0,0,0,1,0,0,0,0,0,0,0,0,0,0,0,0,0,0,0,0,0.2643109215408046,-0.2682189773130265,-0.03002226525195255,0.5325298988538312,0.2682189773130265,0.6625670513095738,-1.2930346216005772,12.72563633786848,0.005882464096750084,12.72563633786848,0.005882464096750084,12.71975387377173,6.365759400982615,6.359876936885865,0.07861787342143553,3.185823652984134,0.0,5.907179729351506,0.0,39.10974374744798,0.0,4.899909730850478,48.53093654769288,12.13273413692322,4.992404732635669,4.794537184071822,0.0,120.70506203513823,120.36744580897357,13.97432701575866,11.07617817336004,10.343336592900535,6.887542274884039,10.801020327812799,3.5796971437441294,1.2311834919240119,98.0,0.0,0.2643109215408046,-0.2682189773130265,0.2682189773130265,0.2643109215408046,32.67,3.8919000000000024,83.39650000000003,0.7,0.0
11560,O=C1CCCCCCCCCCCN1,0,11560,O=C1CCCCCCCCCCCN1,11560,O=C1CCCCCCCCCCCN1,O=C1CCCCCCCCCCCN1,O=C1CCCCCCCCCCCN1,O=C1CCCCCCCCCCCN1,11560.0,1.0,0.0,0.0,0.0,0.0,0.0,0.0,O=C1CCCCCCCCCCCN1,197.322,3.0172000000000008,29.1,1.0,1.0,0.0,1.0,0.0,2.0,0.9166666666666666,14.0,0.0,0.0,0.0,0.0,0.0,0.0,0.0,0.0,0.0,0.0,1.0,1.0,0.0,0.0,0.0,0.0,0.0,0.0,0.0,0.0,0.0,0.0,0.0,0.0,0.0,0.0,0.0,0.0,0.0,0.0,0.0,0.0,0.0,0.0,0.0,0.0,0.0,0.0,0.0,0.0,0.0,0.0,0.0,0.0,0.0,0.0,0.0,0.0,0.0,0.0,0.0,0.0,0.0,0.0,0.0,0.0,0.0,0.0,0.0,0.0,0.0,0.0,0.0,0.0,0.0,0.0,0.0,0.0,0.0,0.0,0.0,0.0,0.0,0.0,0.0,0.0,0.0,0.0,0.0,0.0,0.0,0.0,0.0,0.0,0.0,0.0,0.0,0.0,0.0,0.0,0.0,0.0,0.0,0.0,0.0,0.0,0.0,0.0,0.0,0.0,0.0,0.0,0.0,0.0,0.0,0.0,0.0,0.0,0.0,0.0,0.0,0.0,0.0,0.0,0.0,0.0,0.0,0.0,0.0,0.0,0.0,0.0,0.0,0.0,0.0,0.0,0.0,0.0,0.0,0.0,0.0,0.0,0.0,0.0,0.0,0.0,0.0,0.0,0.0,0.0,0.0,0.0,0.0,0.0,0.0,0.0,0.0,0.0,0.0,0.0,0.0,0.0,0.0,0.0,0.0,0.0,0.0,0.0,0.0,0.0,0.0,0.0,0.0,0.0,0.0,0.0,0.0,0.0,0.0,0.0,0.0,0.0,0.0,0.0,0.0,0.0,0.0,0.0,0.0,0.0,0.0,0.0,0.0,0.0,0.0,0.0,0.0,0.0,0.0,0.0,0.0,0.0,0.0,0.0,0.0,0.0,0.0,0.0,0.0,0.0,0.0,0.0,0.0,0.0,0.0,0.0,0.0,0.0,0.0,0.0,0.0,0.0,0.0,0.0,0.0,0.0,0.0,0.0,0.0,0.0,0.0,0.0,0.0,0.0,0.0,0.0,0.0,0.0,0.0,0.0,0.0,0.0,0.0,0.0,0.0,0.0,0.0,0.0,0.0,0.0,0.0,0.0,0.0,0.0,0.0,0.0,0.0,0.0,0.0,0.0,0.0,0.0,0.0,0.0,0.0,0.0,0.0,0.0,0.0,0.0,0.0,0.0,0,0,0,0,0,0,0,0,O=C1CCCCCCCCCCCN1,murcko,train,0,0,1,0,1,0,0,0,0,0,0,0,0,0,0,0,0,0,0,0,0,0,1,0,0,0,0,0,0,0,0,0,0,0,0,0,0,0,0,1,0,0,0,0,0,0,0,0,0,1,0,0,0,0,1,0,0,0,1,0,0,0,0,0,0,0,0,0,0,1,0,0,0,0,1,0,0,0,0,0,0,0,0,0,0,0,0,0,0,0,1,0,0,0,0,0,0,0,0,0,1,0,0,0,0,0,0,0,0,0,0,0,0,0,0,0,0,0,0,0,0,0,0,0,0,0,0,0,0,0,0,0,0,0,0,0,0,0,1,0,0,0,0,0,0,0,0,0,0,0,0,0,0,0,0,0,0,0,1,0,0,0,0,1,0,0,0,0,0,0,0,0,0,1,0,0,0,0,0,0,0,0,0,0,0,0,0,0,0,0,0,0,0,0,0,0,0,0,0,0,0,0,1,0,0,0,0,0,0,0,0,0,0,0,0,0,0,0,0,0,0,0,0,0,0,0,0,0,0,0,0,0,0,0,0,0,0,0,0,0,0,0,0,0,0,0,0,0,0,0,0,0,0,0,1,0,0.21949404095055142,-0.35610703123537885,-0.05850303190360614,0.5756010721859303,0.35610703123537885,0.2632945028148997,-1.0823369494653856,11.273864795918367,0.2539323507180651,11.273864795918367,0.2539323507180651,11.019932445200302,5.763898573318216,5.509966222600151,0.09074465791626037,3.0147668262675906,0.0,5.907179729351506,0.0,25.807221274690605,44.94575136048208,0.0,0.0,5.316788604006331,0.0,4.794537184071822,0.0,87.45916741631484,86.77147815260234,10.0626316434282,9.186422883515888,6.893846850117352,6.161230926418479,11.544239049740165,7.835310780496214,6.005092742461228,82.0,0.0,0.21949404095055142,-0.35610703123537885,0.35610703123537885,0.21949404095055142,29.1,3.0172000000000008,59.17970000000005,0.0,0.3666666666666667
7535,Cc1ccc(NC(=O)Nc2ccc(C)c(NC(=O)Nc3ccc(C)cc3)c2)cc1,0,7535,Cc1ccc(NC(=O)Nc2ccc(C)c(NC(=O)Nc3ccc(C)cc3)c2)cc1,7535,Cc1ccc(NC(=O)Nc2ccc(C)c(NC(=O)Nc3ccc(C)cc3)c2)cc1,Cc1ccc(NC(=O)Nc2ccc(C)c(NC(=O)Nc3ccc(C)cc3)c2)cc1,Cc1ccc(NC(=O)Nc2ccc(C)c(NC(=O)Nc3ccc(C)cc3)c2)cc1,Cc1ccc(NC(=O)Nc2ccc(C)c(NC(=O)Nc3ccc(C)cc3)c2)cc1,7535.0,1.0,0.0,0.0,0.0,0.0,0.0,0.0,O=C(Nc1ccccc1)Nc1cccc(NC(=O)Nc2ccccc2)c1,388.4710000000001,5.899860000000004,82.26,4.0,2.0,4.0,3.0,3.0,6.0,0.1304347826086956,29.0,0.0,0.0,0.0,0.0,0.0,0.0,0.0,0.0,0.0,0.0,0.0,0.0,2.0,1.0,0.0,0.0,4.0,1.0,0.0,0.0,0.0,0.0,0.0,0.0,0.0,0.0,0.0,0.0,0.0,0.0,0.0,0.0,0.0,0.0,0.0,0.0,0.0,0.0,0.0,0.0,0.0,0.0,0.0,0.0,0.0,0.0,0.0,0.0,0.0,0.0,0.0,0.0,0.0,0.0,3.0,1.0,18.0,1.0,0.0,0.0,0.0,0.0,0.0,0.0,0.0,0.0,0.0,0.0,0.0,0.0,0.0,0.0,0.0,0.0,0.0,0.0,0.0,0.0,0.0,0.0,0.0,0.0,0.0,0.0,0.0,0.0,0.0,0.0,0.0,0.0,0.0,0.0,0.0,0.0,0.0,0.0,0.0,0.0,0.0,0.0,0.0,0.0,0.0,0.0,0.0,0.0,0.0,0.0,0.0,0.0,0.0,0.0,0.0,0.0,0.0,0.0,0.0,0.0,0.0,0.0,0.0,0.0,0.0,0.0,4.0,1.0,0.0,0.0,0.0,0.0,0.0,0.0,0.0,0.0,0.0,0.0,0.0,0.0,0.0,0.0,0.0,0.0,0.0,0.0,0.0,0.0,0.0,0.0,0.0,0.0,0.0,0.0,0.0,0.0,0.0,0.0,0.0,0.0,0.0,0.0,0.0,0.0,0.0,0.0,0.0,0.0,0.0,0.0,0.0,0.0,0.0,0.0,0.0,0.0,0.0,0.0,0.0,0.0,0.0,0.0,0.0,0.0,0.0,0.0,0.0,0.0,0.0,0.0,0.0,0.0,0.0,0.0,0.0,0.0,0.0,0.0,0.0,0.0,0.0,0.0,0.0,0.0,0.0,0.0,0.0,0.0,0.0,0.0,0.0,0.0,0.0,0.0,0.0,0.0,0.0,0.0,0.0,0.0,0.0,0.0,0.0,0.0,0.0,0.0,0.0,0.0,0.0,0.0,0.0,0.0,0.0,0.0,0.0,0.0,0.0,0.0,0.0,0.0,0.0,0.0,0.0,0.0,0.0,0.0,0.0,0.0,0.0,0.0,0.0,0.0,0.0,0.0,0.0,0.0,0.0,0.0,1.0,1.0,1.0,1.0,0.0,0.0,0,0,1,0,0,0,0,0,O=C(Nc1ccccc1)Nc1cccc(NC(=O)Nc2ccccc2)c1,murcko,train,0,0,0,0,0,0,0,0,0,0,0,0,0,0,0,0,0,0,0,0,0,0,0,0,1,0,0,0,0,1,0,1,0,1,0,0,0,0,0,1,0,0,0,0,0,0,0,0,0,0,0,0,0,1,0,0,1,0,0,0,0,1,0,0,0,0,0,0,0,0,0,0,0,0,0,1,0,0,0,0,0,1,0,0,0,0,0,0,0,0,0,0,0,0,0,0,0,1,0,0,1,0,0,0,0,0,0,1,0,0,0,1,0,0,0,0,0,0,0,0,0,0,0,0,0,1,0,0,1,0,0,0,0,0,0,0,0,0,1,0,0,0,0,0,0,0,1,0,0,0,0,0,0,0,0,1,0,0,0,0,0,0,0,0,0,0,0,0,0,0,0,0,0,0,0,0,0,0,0,0,0,0,0,0,1,0,1,0,0,0,0,1,0,0,0,0,0,1,1,0,1,0,0,0,0,0,0,0,0,0,0,0,0,0,1,0,0,0,0,0,0,0,0,0,0,0,0,0,0,0,0,0,0,0,0,1,0,0,0,0,0,0,0,0,0,0,0,0,0,0,0,0,0,0,0,0,0.323188852371882,-0.3077214720988118,-0.05654270543283664,0.6309103244706937,0.323188852371882,0.8229931984906559,-2.462731656042919,12.299262809724224,0.34887965695689194,12.299262809724224,-0.35392311878606786,11.950383152767332,6.324071233340558,5.975191576383666,0.08367932535857074,3.346660642851794,0.0,12.062229024676144,22.74954509873425,16.690354475090988,0.0,12.13273413692322,75.36851521522637,21.267154416025324,0.0,9.589074368143644,0.0,169.89279503812773,169.85960673481995,20.80275414050484,16.667349542013614,13.885050488558724,9.289016572268286,19.94772923875433,8.926158822400703,5.837735922938368,148.0,0.0,0.323188852371882,-0.3077214720988118,0.323188852371882,0.3077214720988118,82.26,5.899860000000004,118.8198,0.8999999999999999,0.8521739130434782
9582,CCCCOCCCN1C(C(C(=O)Nc2cc(C(C)(C)C)ccc2SCC(CC)CCCC)N2C(=O)OC(C)(C)C2=O)=Nc2ccccc2S1(=O)=O,0,9582,CCCCOCCCN1C(C(C(=O)Nc2cc(C(C)(C)C)ccc2SCC(CC)CCCC)N2C(=O)OC(C)(C)C2=O)=Nc2ccccc2S1(=O)=O,9582,CCCCOCCCN1C(C(C(=O)Nc2cc(C(C)(C)C)ccc2SCC(CC)CCCC)N2C(=O)OC(C)(C)C2=O)=Nc2ccccc2S1(=O)=O,CCCCOCCCN1C(C(C(=O)Nc2cc(C(C)(C)C)ccc2SCC(CC)CCCC)N2C(=O)OC(C)(C)C2=O)=Nc2ccccc2S1(=O)=O,CCCCOCCCN1C(C(C(=O)Nc2cc(C(C)(C)C)ccc2SCC(CC)CCCC)N2C(=O)OC(C)(C)C2=O)=Nc2ccccc2S1(=O)=O,CCCCOCCCN1C(C(C(=O)Nc2cc(C(C)(C)C)ccc2SCC(CC)CCCC)N2C(=O)OC(C)(C)C2=O)=Nc2ccccc2S1(=O)=O,9582.0,1.0,0.0,0.0,0.0,0.0,0.0,0.0,O=C(Nc1ccccc1)C(C1=Nc2ccccc2S(=O)(=O)N1)N1C(=O)COC1=O,757.0320000000003,8.298400000000008,134.68,1.0,9.0,18.0,4.0,2.0,13.0,0.5897435897435898,52.0,0.0,0.0,0.0,0.0,0.0,0.0,0.0,0.0,0.0,0.0,2.0,1.0,0.0,0.0,1.0,1.0,1.0,1.0,0.0,0.0,0.0,0.0,0.0,0.0,0.0,0.0,1.0,1.0,0.0,0.0,0.0,0.0,0.0,0.0,2.0,1.0,0.0,0.0,0.0,0.0,0.0,0.0,0.0,0.0,1.0,1.0,0.0,0.0,0.0,0.0,0.0,0.0,0.0,0.0,2.0,1.0,12.0,1.0,2.0,1.0,0.0,0.0,0.0,0.0,0.0,0.0,0.0,0.0,0.0,0.0,0.0,0.0,1.0,1.0,0.0,0.0,1.0,1.0,1.0,1.0,0.0,0.0,0.0,0.0,0.0,0.0,0.0,0.0,0.0,0.0,0.0,0.0,0.0,0.0,0.0,0.0,0.0,0.0,0.0,0.0,0.0,0.0,0.0,0.0,0.0,0.0,0.0,0.0,0.0,0.0,0.0,0.0,0.0,0.0,0.0,0.0,0.0,0.0,0.0,0.0,0.0,0.0,0.0,0.0,1.0,1.0,0.0,0.0,0.0,0.0,0.0,0.0,0.0,0.0,0.0,0.0,0.0,0.0,0.0,0.0,0.0,0.0,0.0,0.0,0.0,0.0,0.0,0.0,0.0,0.0,0.0,0.0,0.0,0.0,0.0,0.0,0.0,0.0,0.0,0.0,0.0,0.0,1.0,1.0,0.0,0.0,0.0,0.0,0.0,0.0,0.0,0.0,0.0,0.0,0.0,0.0,0.0,0.0,0.0,0.0,0.0,0.0,0.0,0.0,0.0,0.0,0.0,0.0,0.0,0.0,0.0,0.0,0.0,0.0,0.0,0.0,0.0,0.0,0.0,0.0,0.0,0.0,0.0,0.0,0.0,0.0,0.0,0.0,0.0,0.0,0.0,0.0,0.0,0.0,0.0,0.0,0.0,0.0,0.0,0.0,0.0,0.0,0.0,0.0,0.0,0.0,0.0,0.0,0.0,0.0,0.0,0.0,0.0,0.0,0.0,0.0,0.0,0.0,0.0,0.0,0.0,0.0,0.0,0.0,0.0,0.0,0.0,0.0,0.0,0.0,0.0,0.0,0.0,0.0,0.0,0.0,1.0,2.0,1.0,2.0,0.0,0.0,0,0,1,0,0,0,1,0,O=C(Nc1ccccc1)C(C1=Nc2ccccc2S(=O)(=O)N1)N1C(=O)COC1=O,murcko,train,0,1,1,0,0,1,0,0,1,1,0,1,0,1,0,0,0,0,0,0,0,0,1,1,1,0,1,1,0,0,0,0,0,1,0,1,1,0,1,1,0,0,0,0,0,1,1,0,1,0,0,0,0,0,0,0,0,0,1,1,0,1,0,0,1,0,0,0,1,1,0,0,0,0,0,0,0,1,0,1,1,1,0,1,0,1,0,1,0,0,0,0,0,0,0,0,1,0,0,0,1,0,0,0,1,0,0,1,0,0,0,0,0,0,1,0,1,0,0,1,0,1,1,0,0,1,0,0,1,1,0,0,0,0,0,0,1,1,1,0,1,0,1,1,1,0,0,0,1,0,0,0,0,0,0,0,1,0,0,1,0,1,0,1,0,0,0,1,0,0,0,0,0,0,0,1,1,0,0,1,0,0,1,1,1,0,0,0,0,0,0,0,0,0,1,1,0,0,1,0,1,0,0,0,0,1,1,1,0,0,0,1,0,1,1,0,0,0,0,0,0,0,1,0,0,0,0,1,0,0,0,0,0,0,0,0,0,0,0,0,0,0,0,0,1,0,0,0,0,0,1,0,0,0,0,1,0.418348814658561,-0.4329033964620974,-0.04034072994772474,0.8512522111206584,0.4329033964620974,2.154404040368863,-4.2521219976505495,14.817637038251736,0.03649966037814267,14.817637038251736,-4.264391088105411,14.781137377873593,7.427068349314939,7.3905686889367965,0.06765379242716027,3.73187413493421,39.57378232318066,41.4059399987069,23.112084016208353,59.04193430281386,25.980208536304467,23.894619086314336,18.19910120538483,46.85921180215007,14.466130640235768,22.801408536544404,0.0,313.89066679401117,315.3344204478437,38.26900946675571,31.99020241643329,24.560264394189513,18.49206220913331,41.337452631772024,17.60324291647617,9.565878563706125,286.0,0.0,0.418348814658561,-0.4329033964620974,0.4329033964620974,0.418348814658561,134.68,8.298400000000008,206.76849999999934,1.1,4.235897435897436
9475,Cc1ccc2c(c1)NCCO2,1,9475,Cc1ccc2c(c1)NCCO2,9475,Cc1ccc2c(c1)NCCO2,Cc1ccc2c(c1)NCCO2,Cc1ccc2c(c1)NCCO2,Cc1ccc2c(c1)NCCO2,9475.0,1.0,0.0,0.0,0.0,0.0,0.0,0.0,c1ccc2c(c1)NCCO2,149.19299999999998,1.7993199999999996,21.26,1.0,2.0,0.0,2.0,1.0,2.0,0.3333333333333333,11.0,0.0,0.0,0.0,0.0,0.0,0.0,0.0,0.0,0.0,0.0,0.0,0.0,0.0,0.0,0.0,0.0,1.0,1.0,0.0,0.0,0.0,0.0,0.0,0.0,0.0,0.0,0.0,0.0,0.0,0.0,0.0,0.0,0.0,0.0,1.0,1.0,0.0,0.0,0.0,0.0,0.0,0.0,0.0,0.0,0.0,0.0,0.0,0.0,0.0,0.0,0.0,0.0,0.0,0.0,1.0,1.0,6.0,1.0,2.0,1.0,0.0,0.0,0.0,0.0,0.0,0.0,0.0,0.0,0.0,0.0,0.0,0.0,0.0,0.0,0.0,0.0,0.0,0.0,0.0,0.0,0.0,0.0,0.0,0.0,0.0,0.0,0.0,0.0,0.0,0.0,0.0,0.0,0.0,0.0,0.0,0.0,0.0,0.0,0.0,0.0,0.0,0.0,0.0,0.0,0.0,0.0,0.0,0.0,0.0,0.0,0.0,0.0,1.0,1.0,0.0,0.0,0.0,0.0,0.0,0.0,1.0,1.0,0.0,0.0,0.0,0.0,0.0,0.0,0.0,0.0,0.0,0.0,0.0,0.0,0.0,0.0,0.0,0.0,0.0,0.0,0.0,0.0,0.0,0.0,0.0,0.0,0.0,0.0,0.0,0.0,0.0,0.0,0.0,0.0,0.0,0.0,0.0,0.0,0.0,0.0,0.0,0.0,0.0,0.0,0.0,0.0,0.0,0.0,0.0,0.0,0.0,0.0,0.0,0.0,0.0,0.0,0.0,0.0,0.0,0.0,0.0,0.0,0.0,0.0,0.0,0.0,0.0,0.0,0.0,0.0,0.0,0.0,0.0,0.0,0.0,0.0,0.0,0.0,0.0,0.0,0.0,0.0,0.0,0.0,0.0,0.0,0.0,0.0,0.0,0.0,0.0,0.0,0.0,0.0,0.0,0.0,0.0,0.0,0.0,0.0,0.0,0.0,0.0,0.0,0.0,0.0,0.0,0.0,0.0,0.0,0.0,0.0,0.0,0.0,0.0,0.0,0.0,0.0,0.0,0.0,0.0,0.0,0.0,0.0,0.0,0.0,0.0,0.0,0.0,0.0,0.0,0.0,0.0,0.0,0.0,0.0,1.0,2.0,1.0,2.0,0.0,0.0,0,0,1,0,0,0,0,0,c1ccc2c(c1)NCCO2,murcko,train,0,0,0,0,0,0,0,0,0,0,0,1,0,0,0,0,0,0,0,0,0,0,0,0,0,0,0,0,0,0,0,1,0,1,0,0,0,0,0,0,0,0,0,0,1,0,0,0,0,1,0,0,0,0,0,0,0,0,0,0,0,0,0,0,0,1,0,0,0,0,0,0,0,0,1,0,0,0,0,0,0,1,0,0,0,0,0,0,0,0,1,0,0,0,0,0,0,0,0,0,1,0,0,0,0,1,0,1,0,0,0,0,0,1,0,0,0,0,0,0,0,0,0,0,0,0,0,0,0,0,0,0,0,0,0,0,0,0,0,0,0,0,0,0,1,0,0,0,0,1,0,0,0,0,0,0,0,0,1,0,0,0,0,0,0,0,0,0,0,0,0,0,0,0,0,0,0,0,0,0,0,0,1,0,0,1,1,0,0,0,1,0,0,0,0,0,0,0,0,0,0,0,0,0,0,0,0,0,0,0,0,0,0,0,1,0,0,0,0,0,0,0,0,0,0,0,0,0,0,0,0,0,0,0,0,1,0,0,0,0,0,0,0,0,0,1,0,0,0,1,0,0,0,0,0,0,0.14199740433027092,-0.4895894187159207,-0.06256386834954047,0.6315868230461916,0.4895894187159207,0.37372715558798536,-1.0619297074329306,5.415925925925926,0.773869992441421,5.415925925925926,0.773869992441421,4.642055933484505,3.0948979591836734,2.3210279667422524,0.2154217903293039,2.0633946499152493,0.0,0.0,0.0,24.58853647839296,5.563451491696996,0.0,6.06636706846161,24.373259940620173,4.736862953800049,0.0,0.0,66.18380572227248,65.32847793297178,7.681798275874712,6.554512660405836,5.360173345306138,3.834386542132604,6.525204642597232,2.4557586585585733,1.158238765145723,58.0,0.0,0.14199740433027092,-0.4895894187159207,0.4895894187159207,0.14199740433027092,21.259999999999998,1.7993199999999996,45.16370000000002,1.1,0.13333333333333333
2202,O=C(Nc1ccccc1)c1cc2ccccc2c(N=Nc2cc(Cl)ccc2O)c1O,0,2202,O=C(Nc1ccccc1)c1cc2ccccc2c(N=Nc2cc(Cl)ccc2O)c1O,2202,O=C(Nc1ccccc1)c1cc2ccccc2c(N=Nc2cc(Cl)ccc2O)c1O,O=C(Nc1ccccc1)c1cc2ccccc2c(N=Nc2cc(Cl)ccc2O)c1O,O=C(Nc1ccccc1)c1cc2ccccc2c(N=Nc2cc(Cl)ccc2O)c1O,O=C(Nc1ccccc1)c1cc2ccccc2c(N=Nc2cc(Cl)ccc2O)c1O,2202.0,1.0,0.0,0.0,0.0,0.0,0.0,0.0,O=C(Nc1ccccc1)c1cc(N=Nc2ccccc2)c2ccccc2c1,417.8520000000001,6.572100000000005,94.28,3.0,5.0,4.0,4.0,4.0,7.0,0.0,30.0,0.0,0.0,0.0,0.0,0.0,0.0,0.0,0.0,0.0,0.0,1.0,1.0,0.0,0.0,0.0,0.0,1.0,1.0,0.0,0.0,0.0,0.0,1.0,1.0,0.0,0.0,0.0,0.0,0.0,0.0,0.0,0.0,2.0,1.0,0.0,0.0,0.0,0.0,0.0,0.0,0.0,0.0,0.0,0.0,0.0,0.0,0.0,0.0,0.0,0.0,0.0,0.0,0.0,0.0,4.0,1.0,34.0,1.0,2.0,1.0,0.0,0.0,1.0,1.0,0.0,0.0,1.0,1.0,0.0,0.0,0.0,0.0,0.0,0.0,0.0,0.0,0.0,0.0,0.0,0.0,0.0,0.0,0.0,0.0,0.0,0.0,0.0,0.0,0.0,0.0,0.0,0.0,0.0,0.0,0.0,0.0,0.0,0.0,0.0,0.0,0.0,0.0,0.0,0.0,0.0,0.0,0.0,0.0,0.0,0.0,0.0,0.0,0.0,0.0,0.0,0.0,0.0,0.0,0.0,0.0,0.0,0.0,0.0,0.0,1.0,1.0,2.0,1.0,0.0,0.0,0.0,0.0,0.0,0.0,0.0,0.0,0.0,0.0,0.0,0.0,0.0,0.0,0.0,0.0,0.0,0.0,0.0,0.0,0.0,0.0,0.0,0.0,0.0,0.0,0.0,0.0,0.0,0.0,0.0,0.0,0.0,0.0,0.0,0.0,0.0,0.0,0.0,0.0,0.0,0.0,0.0,0.0,0.0,0.0,0.0,0.0,0.0,0.0,0.0,0.0,0.0,0.0,0.0,0.0,0.0,0.0,0.0,0.0,0.0,0.0,0.0,0.0,0.0,0.0,0.0,0.0,0.0,0.0,0.0,0.0,0.0,0.0,0.0,0.0,1.0,1.0,0.0,0.0,0.0,0.0,0.0,0.0,0.0,0.0,0.0,0.0,0.0,0.0,0.0,0.0,0.0,0.0,0.0,0.0,0.0,0.0,0.0,0.0,0.0,0.0,0.0,0.0,0.0,0.0,0.0,0.0,0.0,0.0,0.0,0.0,0.0,0.0,0.0,0.0,0.0,0.0,0.0,0.0,0.0,0.0,0.0,0.0,0.0,0.0,0.0,0.0,1.0,3.0,1.0,2.0,1.0,1.0,0,0,1,0,0,0,0,0,O=C(Nc1ccccc1)c1cc(N=Nc2ccccc2)c2ccccc2c1,murcko,train,0,0,0,0,0,0,0,0,0,0,0,0,0,0,0,0,0,0,1,0,0,0,0,0,1,0,0,0,0,0,0,0,0,0,0,0,0,1,0,1,0,0,0,0,0,0,0,0,1,1,0,0,1,1,0,0,0,0,0,0,0,0,0,1,1,0,1,0,1,0,0,1,0,0,0,0,0,1,1,1,0,1,0,0,0,0,0,0,0,0,0,1,0,0,0,0,0,1,0,0,1,0,0,0,0,0,1,1,0,0,0,0,0,0,0,0,0,0,0,0,0,0,0,0,0,1,0,0,1,1,0,0,0,1,0,0,0,0,1,0,0,0,0,0,0,0,0,1,0,0,0,0,0,0,0,0,0,0,0,0,0,0,0,1,0,1,0,0,0,0,0,0,0,0,0,1,0,0,0,0,0,0,0,0,0,0,1,0,0,0,0,1,0,0,0,1,0,0,0,1,0,0,1,0,0,0,0,0,0,0,0,0,0,1,1,1,1,0,0,0,0,0,0,0,0,0,0,0,0,0,1,0,0,0,0,0,0,0,0,0,1,0,0,0,0,0,0,0,0,0,1,0,0,0,0,0,0.25902510422146563,-0.5056159889774596,-0.05277462901267784,0.7646410931989253,0.5056159889774596,1.0040986556820022,-2.5873375260623375,12.803001399187364,0.057239893899947214,12.803001399187364,-0.4800871861090117,12.745761505287417,6.430120646543656,6.372880752643709,0.07845745423568162,3.243937328652741,5.907179729351506,28.43724770763193,21.48246801735448,0.0,18.19910120538483,42.46456947923127,18.19910120538483,15.545288855265127,11.600939890232516,15.007591973753234,0.0,176.64209403717143,176.84348806358977,21.08721119088102,15.580620644938062,14.524877143252588,9.040951585351259,19.41788712934425,8.225145987666512,3.944289521869949,148.0,0.0,0.25902510422146563,-0.5056159889774596,0.5056159889774596,0.25902510422146563,94.28,6.572100000000005,117.3008,1.1,0.8
6057,Cc1cc(O)ccc1N,1,6057,Cc1cc(O)ccc1N,6057,Cc1cc(O)ccc1N,Cc1cc(O)ccc1N,Cc1cc(O)ccc1N,Cc1cc(O)ccc1N,6057.0,1.0,0.0,0.0,0.0,0.0,0.0,0.0,c1ccccc1,123.155,1.2828199999999998,46.25,2.0,2.0,0.0,1.0,1.0,2.0,0.1428571428571428,9.0,0.0,0.0,0.0,0.0,0.0,0.0,0.0,0.0,0.0,0.0,0.0,0.0,0.0,0.0,0.0,0.0,1.0,1.0,0.0,0.0,0.0,0.0,0.0,0.0,0.0,0.0,0.0,0.0,0.0,0.0,0.0,0.0,1.0,1.0,0.0,0.0,0.0,0.0,0.0,0.0,0.0,0.0,0.0,0.0,0.0,0.0,0.0,0.0,0.0,0.0,0.0,0.0,0.0,0.0,1.0,1.0,6.0,1.0,0.0,0.0,0.0,0.0,0.0,0.0,0.0,0.0,0.0,0.0,0.0,0.0,0.0,0.0,0.0,0.0,0.0,0.0,0.0,0.0,0.0,0.0,0.0,0.0,0.0,0.0,0.0,0.0,0.0,0.0,0.0,0.0,0.0,0.0,0.0,0.0,0.0,0.0,0.0,0.0,0.0,0.0,0.0,0.0,0.0,0.0,0.0,0.0,0.0,0.0,1.0,1.0,0.0,0.0,1.0,1.0,0.0,0.0,0.0,0.0,0.0,0.0,0.0,0.0,0.0,0.0,0.0,0.0,0.0,0.0,0.0,0.0,0.0,0.0,0.0,0.0,0.0,0.0,0.0,0.0,0.0,0.0,0.0,0.0,0.0,0.0,0.0,0.0,0.0,0.0,0.0,0.0,0.0,0.0,0.0,0.0,0.0,0.0,0.0,0.0,0.0,0.0,0.0,0.0,0.0,0.0,0.0,0.0,0.0,0.0,0.0,0.0,0.0,0.0,0.0,0.0,0.0,0.0,0.0,0.0,0.0,0.0,0.0,0.0,0.0,0.0,0.0,0.0,0.0,0.0,0.0,0.0,0.0,0.0,0.0,0.0,0.0,0.0,0.0,0.0,0.0,0.0,0.0,0.0,0.0,0.0,0.0,0.0,0.0,0.0,0.0,0.0,0.0,0.0,0.0,0.0,0.0,0.0,0.0,0.0,0.0,0.0,0.0,0.0,0.0,0.0,0.0,0.0,0.0,0.0,0.0,0.0,0.0,0.0,0.0,0.0,0.0,0.0,0.0,0.0,0.0,0.0,0.0,0.0,0.0,0.0,0.0,0.0,0.0,0.0,0.0,0.0,0.0,0.0,0.0,0.0,0.0,0.0,1.0,2.0,1.0,2.0,0.0,0.0,1,0,1,0,0,0,0,0,c1ccccc1,murcko,train,0,0,0,0,0,0,0,0,0,0,0,0,0,0,0,0,0,0,0,0,0,0,0,0,0,0,0,0,0,0,0,0,0,1,0,0,0,0,0,1,0,0,0,0,0,0,0,0,0,0,0,0,0,1,0,0,0,0,0,0,0,0,0,0,0,0,1,0,0,0,0,0,0,0,0,0,0,0,0,0,0,1,0,0,0,0,0,0,0,0,0,0,0,0,0,0,0,0,0,0,1,0,0,0,0,0,0,1,0,0,0,1,0,0,0,0,0,0,0,0,0,0,0,0,0,1,0,0,1,0,0,0,0,0,0,0,0,0,0,0,0,0,1,0,0,0,0,1,0,0,0,0,0,0,0,0,0,0,0,0,0,0,0,0,0,0,0,0,0,0,0,0,0,0,0,0,0,1,0,0,0,0,0,0,0,0,1,0,0,0,0,0,0,0,0,0,0,0,0,0,0,0,0,0,0,0,0,0,0,0,0,0,0,0,1,0,1,0,0,0,0,0,0,0,0,0,0,0,0,0,0,0,0,1,0,0,0,0,0,0,0,0,0,0,0,0,0,0,0,0,1,0,0,0,0,0,0.1154919407728206,-0.5079538909123406,-0.09856376013963414,0.6234458316851612,0.5079538909123406,0.1500842468274567,-1.037158088084164,8.881944444444445,0.26546296296296323,8.881944444444445,0.26546296296296323,8.61648148148148,4.573703703703704,4.30824074074074,0.11605665284016421,2.4277619135178945,0.0,5.749511833283905,5.687386274683562,5.563451491696996,0.0,18.19910120538483,6.923737199690624,0.0,10.84019487200289,0.0,0.0,53.930469683102295,52.9633828767428,6.8533711511285205,5.256614672258461,4.198377302757662,2.750315804057377,5.947877237851663,1.973221425374384,1.1340794947334671,48.0,0.0,0.1154919407728206,-0.5079538909123406,0.5079538909123406,0.1154919407728206,46.25,1.2828199999999998,37.2562,2.1,0.05714285714285712
10392,COc1ccc(NCCO)cc1N,1,10392,COc1ccc(NCCO)cc1N,10392,COc1ccc(NCCO)cc1N,COc1ccc(NCCO)cc1N,COc1ccc(NCCO)cc1N,COc1ccc(NCCO)cc1N,10392.0,1.0,0.0,0.0,0.0,0.0,0.0,0.0,c1ccccc1,182.223,0.6815999999999999,67.50999999999999,3.0,4.0,4.0,1.0,1.0,4.0,0.3333333333333333,13.0,0.0,0.0,0.0,0.0,0.0,0.0,0.0,0.0,0.0,0.0,0.0,0.0,0.0,0.0,0.0,0.0,2.0,1.0,0.0,0.0,0.0,0.0,0.0,0.0,0.0,0.0,0.0,0.0,0.0,0.0,1.0,1.0,0.0,0.0,1.0,1.0,0.0,0.0,0.0,0.0,0.0,0.0,0.0,0.0,0.0,0.0,0.0,0.0,0.0,0.0,0.0,0.0,0.0,0.0,1.0,1.0,6.0,1.0,0.0,0.0,0.0,0.0,0.0,0.0,0.0,0.0,0.0,0.0,0.0,0.0,0.0,0.0,0.0,0.0,0.0,0.0,0.0,0.0,0.0,0.0,0.0,0.0,0.0,0.0,0.0,0.0,0.0,0.0,0.0,0.0,0.0,0.0,0.0,0.0,0.0,0.0,0.0,0.0,0.0,0.0,0.0,0.0,0.0,0.0,0.0,0.0,0.0,0.0,1.0,1.0,0.0,0.0,2.0,1.0,0.0,0.0,0.0,0.0,0.0,0.0,1.0,1.0,0.0,0.0,0.0,0.0,0.0,0.0,0.0,0.0,0.0,0.0,0.0,0.0,0.0,0.0,0.0,0.0,0.0,0.0,0.0,0.0,0.0,0.0,0.0,0.0,0.0,0.0,0.0,0.0,0.0,0.0,0.0,0.0,0.0,0.0,0.0,0.0,0.0,0.0,0.0,0.0,0.0,0.0,0.0,0.0,0.0,0.0,0.0,0.0,0.0,0.0,0.0,0.0,0.0,0.0,0.0,0.0,0.0,0.0,0.0,0.0,0.0,0.0,0.0,0.0,0.0,0.0,0.0,0.0,0.0,0.0,0.0,0.0,0.0,0.0,0.0,0.0,0.0,0.0,0.0,0.0,0.0,0.0,0.0,0.0,0.0,0.0,0.0,0.0,0.0,0.0,0.0,0.0,0.0,0.0,0.0,0.0,0.0,0.0,0.0,0.0,0.0,0.0,0.0,0.0,0.0,0.0,0.0,0.0,0.0,0.0,0.0,0.0,0.0,0.0,0.0,0.0,0.0,0.0,0.0,0.0,0.0,0.0,0.0,0.0,0.0,0.0,0.0,0.0,0.0,0.0,0.0,0.0,0.0,0.0,1.0,3.0,1.0,3.0,0.0,0.0,1,0,1,0,0,0,0,0,c1ccccc1,murcko,train,1,0,0,0,0,0,0,0,0,0,0,0,0,0,0,0,1,0,0,0,0,0,0,0,0,0,0,0,0,0,0,0,0,1,0,0,0,0,0,1,0,0,0,0,0,0,0,0,0,0,0,0,0,0,0,0,0,0,0,0,0,0,0,0,0,0,0,0,0,0,0,0,0,1,0,1,0,0,0,0,1,1,0,0,0,0,0,0,0,0,0,0,0,0,1,0,0,0,0,0,1,0,0,0,0,0,0,1,0,0,0,0,0,0,0,0,0,0,0,0,0,0,0,0,0,0,0,0,1,0,0,0,0,0,0,0,1,0,0,0,0,0,1,0,0,0,0,1,0,0,0,0,0,0,1,1,0,0,0,0,0,0,0,0,0,0,0,0,0,0,0,0,0,0,0,0,0,1,1,0,0,1,0,1,0,0,0,0,0,0,0,1,0,0,0,0,0,0,0,0,0,0,0,0,0,0,0,0,0,0,0,1,0,0,1,1,0,1,0,0,1,0,1,0,0,0,0,0,0,0,0,0,0,0,0,0,0,0,0,0,0,0,0,0,0,0,0,0,0,1,0,0,0,0,0,0,0.1413920870671035,-0.4945988041105944,-0.10004725436646554,0.6359908911776979,0.4945988041105944,0.4298503262723054,-1.7304646330363576,8.579196113630637,0.10310909549004799,8.579196113630637,0.10310909549004799,8.47608701814059,4.341152604560342,4.238043509070295,0.11797896810872659,2.2233851417225337,0.0,6.606881964512918,17.98165451388004,5.687386274683562,0.0,19.242531678200752,6.06636706846161,5.316788604006331,15.577057825802939,0.0,0.0,77.32376132501044,76.47866792954815,9.681798275874712,7.57907652509542,6.274386907679232,4.058862598613305,9.666355785837652,4.567742759779543,2.520127433051055,72.0,0.0,0.1413920870671035,-0.4945988041105944,0.4945988041105944,0.1413920870671035,67.50999999999999,0.6815999999999999,52.98190000000002,2.3,0.9333333333333333
10136,NC(=O)CCl,1,10136,NC(=O)CCl,10136,NC(=O)CCl,NC(=O)CCl,NC(=O)CCl,NC(=O)CCl,10136.0,1.0,0.0,0.0,0.0,0.0,0.0,0.0,,93.513,-0.2895000000000001,43.09,1.0,1.0,1.0,0.0,0.0,3.0,0.5,5.0,0.0,0.0,0.0,0.0,0.0,0.0,0.0,0.0,0.0,0.0,1.0,1.0,0.0,0.0,0.0,0.0,0.0,0.0,0.0,0.0,0.0,0.0,0.0,0.0,0.0,0.0,0.0,0.0,0.0,0.0,0.0,0.0,0.0,0.0,0.0,0.0,0.0,0.0,0.0,0.0,0.0,0.0,0.0,0.0,0.0,0.0,0.0,0.0,0.0,0.0,0.0,0.0,0.0,0.0,0.0,0.0,0.0,0.0,0.0,0.0,0.0,0.0,1.0,1.0,0.0,0.0,1.0,1.0,0.0,0.0,0.0,0.0,0.0,0.0,0.0,0.0,0.0,0.0,0.0,0.0,0.0,0.0,0.0,0.0,0.0,0.0,0.0,0.0,0.0,0.0,0.0,0.0,0.0,0.0,0.0,0.0,0.0,0.0,0.0,0.0,0.0,0.0,0.0,0.0,0.0,0.0,0.0,0.0,0.0,0.0,0.0,0.0,0.0,0.0,0.0,0.0,0.0,0.0,0.0,0.0,0.0,0.0,0.0,0.0,0.0,0.0,0.0,0.0,0.0,0.0,0.0,0.0,0.0,0.0,0.0,0.0,0.0,0.0,0.0,0.0,1.0,1.0,0.0,0.0,0.0,0.0,0.0,0.0,0.0,0.0,0.0,0.0,0.0,0.0,0.0,0.0,0.0,0.0,0.0,0.0,0.0,0.0,0.0,0.0,0.0,0.0,0.0,0.0,0.0,0.0,0.0,0.0,0.0,0.0,0.0,0.0,0.0,0.0,0.0,0.0,0.0,0.0,0.0,0.0,0.0,0.0,0.0,0.0,0.0,0.0,0.0,0.0,0.0,0.0,0.0,0.0,0.0,0.0,0.0,0.0,0.0,0.0,0.0,0.0,0.0,0.0,0.0,0.0,0.0,0.0,0.0,0.0,0.0,0.0,0.0,0.0,0.0,0.0,1.0,1.0,0.0,0.0,0.0,0.0,0.0,0.0,0.0,0.0,0.0,0.0,0.0,0.0,0.0,0.0,0.0,0.0,0.0,0.0,0.0,0.0,0.0,0.0,0.0,0.0,0.0,0.0,0.0,0.0,0.0,0.0,0.0,0.0,0.0,0.0,0.0,0.0,1.0,2.0,1.0,1.0,1.0,1.0,0,0,0,0,0,0,0,0,ACY_***(*)*,acyclic_anonymous_graph,train,0,0,0,0,0,0,0,0,0,0,0,0,0,0,0,0,0,0,0,0,0,0,0,0,0,0,0,0,0,0,0,0,0,0,0,0,0,0,0,1,0,0,0,0,0,0,0,0,0,0,0,0,0,0,0,0,0,0,0,0,0,0,0,0,0,0,0,0,0,0,0,0,0,0,0,0,0,0,0,0,1,0,0,0,0,1,0,0,0,0,0,0,0,0,0,0,0,0,0,0,0,0,0,0,0,0,1,0,0,0,0,0,0,0,0,0,0,0,0,0,0,0,0,0,0,1,0,0,0,0,0,0,0,0,0,0,0,0,1,0,1,0,0,0,0,0,0,1,0,0,0,0,0,0,0,1,0,0,0,0,0,0,0,0,0,0,0,0,0,0,0,0,0,0,0,0,0,0,0,0,0,0,0,0,0,0,0,0,0,0,0,0,0,0,0,0,0,0,0,0,0,0,0,0,0,0,0,0,0,1,0,0,0,0,0,0,0,0,0,0,0,0,0,0,0,0,0,0,0,0,0,0,0,0,0,0,0,0,0,0,0,0,0,0,0,0,0,0,0,0,0,0,0,0,0,0,0.2318448802577767,-0.3686410268217003,-0.08517275978596524,0.600485907079477,0.3686410268217003,0.3329078456516453,-0.7587716445814714,9.458333333333332,0.08333333333333326,9.458333333333332,-0.47993827160493807,9.374999999999998,4.770833333333333,4.687499999999999,0.10666666666666669,2.427824074074074,5.907179729351506,5.880003444970339,0.0,0.0,0.0,0.0,0.0,5.733667477162185,11.600939890232516,4.794537184071822,0.0,34.90887216616431,33.91632772578837,4.284457050376173,2.5706698138492636,2.270055610029662,1.1136139123324424,4.76,2.0259574468085106,3.759999999999999,30.0,0.0,0.2318448802577767,-0.3686410268217003,0.3686410268217003,0.2318448802577767,43.09,-0.2895000000000001,19.9144,0.2,0.4
3438,O=C1OC(=O)c2ccc3c4ccc5c6c(ccc(c7ccc1c2c73)c64)C(=O)OC5=O,0,3438,O=C1OC(=O)c2ccc3c4ccc5c6c(ccc(c7ccc1c2c73)c64)C(=O)OC5=O,3438,O=C1OC(=O)c2ccc3c4ccc5c6c(ccc(c7ccc1c2c73)c64)C(=O)OC5=O,O=C1OC(=O)c2ccc3c4ccc5c6c(ccc(c7ccc1c2c73)c64)C(=O)OC5=O,O=C1OC(=O)c2ccc3c4ccc5c6c(ccc(c7ccc1c2c73)c64)C(=O)OC5=O,O=C1OC(=O)c2ccc3c4ccc5c6c(ccc(c7ccc1c2c73)c64)C(=O)OC5=O,3438.0,1.0,0.0,0.0,0.0,0.0,0.0,0.0,O=C1OC(=O)c2ccc3c4ccc5c6c(ccc(c7ccc1c2c73)c64)C(=O)OC5=O,392.3220000000002,4.358400000000002,86.74000000000001,0.0,6.0,0.0,7.0,5.0,6.0,0.0,30.0,0.0,0.0,0.0,0.0,0.0,0.0,0.0,0.0,0.0,0.0,0.0,0.0,0.0,0.0,0.0,0.0,0.0,0.0,0.0,0.0,0.0,0.0,0.0,0.0,0.0,0.0,0.0,0.0,0.0,0.0,0.0,0.0,0.0,0.0,2.0,1.0,0.0,0.0,0.0,0.0,0.0,0.0,0.0,0.0,4.0,1.0,2.0,1.0,0.0,0.0,0.0,0.0,0.0,0.0,5.0,1.0,86.0,1.0,12.0,1.0,0.0,0.0,0.0,0.0,0.0,0.0,0.0,0.0,0.0,0.0,0.0,0.0,0.0,0.0,0.0,0.0,0.0,0.0,0.0,0.0,0.0,0.0,0.0,0.0,0.0,0.0,0.0,0.0,0.0,0.0,0.0,0.0,0.0,0.0,0.0,0.0,0.0,0.0,0.0,0.0,0.0,0.0,0.0,0.0,0.0,0.0,0.0,0.0,0.0,0.0,0.0,0.0,0.0,0.0,0.0,0.0,0.0,0.0,0.0,0.0,0.0,0.0,0.0,0.0,0.0,0.0,0.0,0.0,0.0,0.0,0.0,0.0,0.0,0.0,0.0,0.0,0.0,0.0,0.0,0.0,0.0,0.0,0.0,0.0,0.0,0.0,0.0,0.0,0.0,0.0,0.0,0.0,0.0,0.0,0.0,0.0,0.0,0.0,0.0,0.0,0.0,0.0,0.0,0.0,0.0,0.0,0.0,0.0,0.0,0.0,0.0,0.0,0.0,0.0,0.0,0.0,0.0,0.0,0.0,0.0,0.0,0.0,0.0,0.0,0.0,0.0,0.0,0.0,0.0,0.0,0.0,0.0,0.0,0.0,0.0,0.0,0.0,0.0,2.0,1.0,0.0,0.0,0.0,0.0,0.0,0.0,0.0,0.0,0.0,0.0,0.0,0.0,0.0,0.0,0.0,0.0,0.0,0.0,0.0,0.0,0.0,0.0,0.0,0.0,0.0,0.0,0.0,0.0,0.0,0.0,0.0,0.0,0.0,0.0,0.0,0.0,0.0,0.0,0.0,0.0,0.0,0.0,0.0,0.0,0.0,0.0,0.0,0.0,0.0,0.0,0.0,0.0,0.0,0.0,0.0,0.0,1.0,1.0,1.0,1.0,0.0,0.0,0,0,0,0,0,0,0,0,O=C1OC(=O)c2ccc3c4ccc5c6c(ccc(c7ccc1c2c73)c64)C(=O)OC5=O,murcko,train,0,0,0,0,0,0,0,0,0,0,0,0,0,0,0,0,0,0,1,0,0,0,0,0,1,0,0,0,0,0,0,0,0,0,0,0,0,0,0,0,0,0,0,0,0,0,0,0,0,0,0,0,0,0,0,0,0,0,1,0,0,0,0,0,1,0,0,0,0,0,0,0,0,0,0,0,0,1,0,0,0,1,0,0,0,0,0,0,0,0,0,0,0,0,0,0,1,0,0,0,1,0,0,0,0,0,0,0,0,0,0,0,0,0,0,0,0,0,0,0,0,0,0,0,0,0,0,0,0,0,1,0,0,0,0,0,0,0,1,0,0,0,0,0,1,1,0,0,0,0,0,0,0,0,0,0,0,0,0,0,0,0,0,0,0,0,0,0,1,0,0,0,0,0,0,0,0,0,0,0,0,0,0,1,0,0,0,0,0,0,0,0,1,0,0,0,0,1,0,0,0,0,0,0,0,0,0,0,0,0,0,0,0,0,1,0,0,0,0,0,0,0,0,0,0,0,0,0,0,0,0,0,0,1,0,0,0,0,0,0,0,0,0,0,0,0,0,0,0,0,0,0,0,0,0,0,0.346180575701091,-0.38566230227526177,-0.016825223621099946,0.7318428779763528,0.38566230227526177,1.684356405651288,-2.1891131142842863,12.323571461540437,0.3453760393046108,12.323571461540437,-0.6661241902638004,11.978195422235826,6.334473750422524,5.989097711117913,0.08348502965176552,3.3498833739433382,23.877221151807397,0.0,33.02625439571757,32.31734528678877,0.0,24.26546827384644,24.26546827384644,0.0,9.473725907600098,19.178148736287287,0.0,166.45837113629017,166.403632025894,20.308672118899494,15.068291896300186,14.5417138956582,9.27572757194729,15.585293464952555,4.802678743161996,1.5844068677073897,140.0,0.0,0.346180575701091,-0.38566230227526177,0.38566230227526177,0.346180575701091,86.74000000000001,4.358400000000002,107.14400000000005,0.2,0.4
11379,CCC=CCCO,0,11379,CCC=CCCO,11379,CCC=CCCO,CCC=CCCO,CCC=CCCO,CCC=CCCO,11379.0,1.0,0.0,0.0,0.0,0.0,0.0,0.0,,100.161,1.335,20.23,1.0,1.0,3.0,0.0,0.0,1.0,0.6666666666666666,7.0,0.0,0.0,0.0,0.0,0.0,0.0,0.0,0.0,0.0,0.0,0.0,0.0,0.0,0.0,0.0,0.0,0.0,0.0,0.0,0.0,0.0,0.0,0.0,0.0,0.0,0.0,0.0,0.0,0.0,0.0,1.0,1.0,0.0,0.0,0.0,0.0,0.0,0.0,0.0,0.0,0.0,0.0,0.0,0.0,0.0,0.0,0.0,0.0,0.0,0.0,1.0,1.0,0.0,0.0,0.0,0.0,0.0,0.0,0.0,0.0,0.0,0.0,0.0,0.0,0.0,0.0,0.0,0.0,0.0,0.0,0.0,0.0,0.0,0.0,0.0,0.0,0.0,0.0,0.0,0.0,0.0,0.0,0.0,0.0,0.0,0.0,0.0,0.0,0.0,0.0,0.0,0.0,0.0,0.0,0.0,0.0,0.0,0.0,0.0,0.0,0.0,0.0,0.0,0.0,0.0,0.0,0.0,0.0,0.0,0.0,0.0,0.0,0.0,0.0,0.0,0.0,0.0,0.0,0.0,0.0,0.0,0.0,0.0,0.0,0.0,0.0,0.0,0.0,0.0,0.0,0.0,0.0,0.0,0.0,0.0,0.0,0.0,0.0,0.0,0.0,0.0,0.0,0.0,0.0,0.0,0.0,0.0,0.0,0.0,0.0,0.0,0.0,0.0,0.0,0.0,0.0,0.0,0.0,0.0,0.0,0.0,0.0,0.0,0.0,0.0,0.0,0.0,0.0,0.0,0.0,0.0,0.0,0.0,0.0,0.0,0.0,0.0,0.0,0.0,0.0,0.0,0.0,0.0,0.0,0.0,0.0,0.0,0.0,0.0,0.0,0.0,0.0,0.0,0.0,0.0,0.0,0.0,0.0,0.0,0.0,0.0,0.0,0.0,0.0,0.0,0.0,0.0,0.0,0.0,0.0,0.0,0.0,0.0,0.0,0.0,0.0,0.0,0.0,0.0,0.0,0.0,0.0,0.0,0.0,0.0,0.0,0.0,0.0,0.0,0.0,0.0,0.0,0.0,0.0,0.0,0.0,0.0,0.0,0.0,0.0,0.0,0.0,0.0,0.0,0.0,0.0,0.0,0.0,0.0,0.0,0.0,0.0,0.0,0.0,0.0,0.0,0.0,0.0,0.0,0.0,0.0,0.0,0,0,0,0,0,0,0,0,ACY_*******,acyclic_anonymous_graph,train,0,0,0,0,0,0,0,0,0,0,0,0,0,0,0,0,0,0,0,0,0,0,0,0,0,0,0,0,0,0,0,0,0,1,0,0,0,0,1,1,0,0,0,0,0,0,0,0,0,0,0,0,0,0,0,0,0,0,0,0,0,0,0,0,0,0,0,0,0,0,0,0,0,0,0,0,1,0,0,0,1,0,0,0,0,0,0,0,0,0,0,0,0,0,0,0,0,0,0,0,0,0,0,0,0,0,0,0,0,0,1,0,0,0,0,0,0,0,0,0,0,0,0,0,0,0,0,0,0,0,0,0,0,0,0,0,0,0,0,0,0,0,0,0,0,1,0,0,0,0,0,0,0,0,0,0,0,0,0,0,0,0,0,0,0,0,0,0,0,0,0,0,0,0,1,0,0,0,0,0,0,0,1,0,0,0,0,0,0,0,0,0,0,0,0,0,0,0,0,0,0,0,0,0,0,0,0,0,0,0,0,0,0,0,0,0,0,1,0,1,0,0,1,0,0,0,0,0,0,0,0,0,0,0,0,0,0,1,0,0,0,0,0,0,0,0,0,0,0,0,0,1,0,0,0,0,0.046502131114836774,-0.39605447798452764,-0.09086640363544864,0.4425566090993644,0.39605447798452764,0.046502131114836774,-0.6825669565629773,8.241632653061224,0.2743055555555556,8.241632653061224,0.2743055555555556,7.9673270975056685,4.25796910430839,3.9836635487528342,0.1255126076489404,2.275581342571067,0.0,6.606881964512918,0.0,12.841643245852019,0.0,0.0,6.076020106833881,12.999757306524504,5.106527394840706,0.0,0.0,44.66859231982434,43.630830018564026,5.535533905932738,4.723234477438853,3.414213562373095,2.673164461464445,6.7,5.699999999999999,5.7,42.0,0.0,0.046502131114836774,-0.39605447798452764,0.39605447798452764,0.046502131114836774,20.23,1.335,31.133799999999983,0.0,0.8666666666666667
4558,COc1cc([N+](=O)[O-])ccc1N=NC(C(C)=O)C(=O)Nc1cc(Cl)ccc1OC,0,4558,COc1cc([N+](=O)[O-])ccc1N=NC(C(C)=O)C(=O)Nc1cc(Cl)ccc1OC,4558,COc1cc([N+](=O)[O-])ccc1N=NC(C(C)=O)C(=O)Nc1cc(Cl)ccc1OC,COc1cc([N+](=O)[O-])ccc1N=NC(C(C)=O)C(=O)Nc1cc(Cl)ccc1OC,COc1cc([N+](=O)[O-])ccc1N=NC(C(C)=O)C(=O)Nc1cc(Cl)ccc1OC,COc1cc([N+](=O)[O-])ccc1N=NC(C(C)=O)C(=O)Nc1cc(Cl)ccc1OC,4558.0,1.0,0.0,0.0,0.0,0.0,0.0,0.0,O=C(CN=Nc1ccccc1)Nc1ccccc1,420.8090000000001,3.945400000000002,132.48999999999998,1.0,8.0,8.0,2.0,2.0,11.0,0.2222222222222222,29.0,0.0,1.0,0.0,0.0,0.0,0.0,0.0,0.0,0.0,0.0,1.0,1.0,0.0,0.0,0.0,0.0,2.0,1.0,0.0,0.0,0.0,0.0,1.0,1.0,0.0,0.0,0.0,0.0,0.0,0.0,0.0,0.0,0.0,0.0,2.0,1.0,0.0,0.0,1.0,1.0,0.0,0.0,0.0,0.0,0.0,0.0,0.0,0.0,0.0,0.0,0.0,0.0,0.0,0.0,2.0,1.0,12.0,1.0,0.0,0.0,0.0,0.0,1.0,1.0,0.0,0.0,1.0,1.0,0.0,0.0,0.0,0.0,0.0,0.0,0.0,0.0,0.0,0.0,0.0,0.0,0.0,0.0,0.0,0.0,0.0,0.0,0.0,0.0,0.0,0.0,0.0,0.0,0.0,0.0,0.0,0.0,0.0,0.0,0.0,0.0,0.0,0.0,0.0,0.0,0.0,0.0,0.0,0.0,0.0,0.0,0.0,0.0,0.0,0.0,0.0,0.0,0.0,0.0,1.0,1.0,0.0,0.0,0.0,0.0,1.0,1.0,1.0,1.0,0.0,0.0,0.0,0.0,1.0,1.0,0.0,0.0,0.0,0.0,0.0,0.0,0.0,0.0,0.0,0.0,0.0,0.0,0.0,0.0,0.0,0.0,0.0,0.0,0.0,0.0,0.0,0.0,0.0,0.0,0.0,0.0,0.0,0.0,0.0,0.0,0.0,0.0,0.0,0.0,0.0,0.0,0.0,0.0,0.0,0.0,0.0,0.0,0.0,0.0,0.0,0.0,0.0,0.0,0.0,0.0,0.0,0.0,0.0,0.0,0.0,0.0,0.0,0.0,0.0,0.0,0.0,0.0,0.0,0.0,0.0,0.0,0.0,0.0,0.0,0.0,1.0,1.0,0.0,0.0,0.0,0.0,0.0,0.0,0.0,0.0,0.0,0.0,0.0,0.0,0.0,0.0,0.0,0.0,0.0,0.0,0.0,0.0,0.0,0.0,0.0,0.0,0.0,0.0,0.0,0.0,0.0,0.0,0.0,0.0,0.0,0.0,0.0,0.0,0.0,0.0,0.0,0.0,0.0,0.0,0.0,0.0,0.0,0.0,0.0,0.0,0.0,0.0,1.0,5.0,1.0,4.0,1.0,1.0,0,0,1,0,0,0,0,0,O=C(CN=Nc1ccccc1)Nc1ccccc1,murcko,train,1,1,0,0,0,0,0,0,0,0,0,0,0,0,0,0,0,1,1,0,0,0,1,0,1,0,0,0,0,0,0,0,0,1,1,1,0,0,0,1,0,0,0,0,0,0,0,0,1,1,0,0,0,0,0,0,0,0,0,0,0,1,0,0,0,0,0,0,0,1,1,0,0,1,0,0,0,0,0,0,0,1,0,0,0,0,0,0,1,0,0,0,0,0,1,1,0,0,0,1,1,0,0,0,0,0,0,1,0,0,0,0,0,0,0,0,1,0,0,0,0,0,0,0,0,1,1,0,1,0,1,0,0,0,1,0,0,1,1,0,0,0,0,0,0,0,0,1,1,0,0,0,0,0,0,0,0,0,0,0,0,0,0,1,0,1,1,0,0,0,0,1,0,0,0,0,0,0,1,0,0,0,0,1,0,0,0,0,0,1,0,0,0,0,0,0,0,0,0,0,1,0,0,1,0,0,0,0,0,0,0,0,0,1,1,0,1,0,0,0,0,0,0,0,0,0,0,0,0,0,0,0,0,0,0,0,0,0,1,0,0,1,0,0,0,0,0,0,0,1,1,0,0,0,0,0,0.27279516118436997,-0.4945775776149755,-0.039482443583703224,0.7673727387993454,0.4945775776149755,1.7500885284832095,-2.895079392410603,12.547802789325607,0.07145429072557574,12.547802789325607,-1.4596427521625943,12.47634849860003,6.309628540025591,6.238174249300015,0.08015165656138973,3.1909506469439126,22.655576553682074,22.81167065733459,10.772145147025231,6.06636706846161,39.342433487630515,12.13273413692322,0.0,15.545288855265127,21.074665797832616,19.703392636909214,0.0,170.1811666485206,170.1042743410642,21.55167728494828,15.710546886619662,13.760457910671601,8.145954267892092,21.766520042719662,9.60047591351259,5.482790489255595,152.0,0.0,0.27279516118436997,-0.4945775776149755,0.4945775776149755,0.27279516118436997,132.48999999999998,3.945400000000002,105.26710000000001,1.5,1.6888888888888889
3446,CCCCCCC(O)CCCCCCCCCCC(=O)NCc1cccc(CNC(=O)CCCCCCCCCCC(O)CCCCCC)c1,0,3446,CCCCCCC(O)CCCCCCCCCCC(=O)NCc1cccc(CNC(=O)CCCCCCCCCCC(O)CCCCCC)c1,3446,CCCCCCC(O)CCCCCCCCCCC(=O)NCc1cccc(CNC(=O)CCCCCCCCCCC(O)CCCCCC)c1,CCCCCCC(O)CCCCCCCCCCC(=O)NCc1cccc(CNC(=O)CCCCCCCCCCC(O)CCCCCC)c1,CCCCCCC(O)CCCCCCCCCCC(=O)NCc1cccc(CNC(=O)CCCCCCCCCCC(O)CCCCCC)c1,CCCCCCC(O)CCCCCCCCCCC(=O)NCc1cccc(CNC(=O)CCCCCCCCCCC(O)CCCCCC)c1,3446.0,1.0,0.0,0.0,0.0,0.0,0.0,0.0,c1ccccc1,701.1339999999997,11.383599999999989,98.66,4.0,4.0,36.0,1.0,1.0,6.0,0.8181818181818182,50.0,0.0,0.0,0.0,0.0,0.0,0.0,0.0,0.0,0.0,0.0,2.0,1.0,0.0,0.0,0.0,0.0,0.0,0.0,0.0,0.0,0.0,0.0,0.0,0.0,0.0,0.0,0.0,0.0,0.0,0.0,2.0,1.0,0.0,0.0,0.0,0.0,0.0,0.0,0.0,0.0,0.0,0.0,0.0,0.0,0.0,0.0,0.0,0.0,0.0,0.0,0.0,0.0,0.0,0.0,1.0,1.0,6.0,1.0,0.0,0.0,0.0,0.0,0.0,0.0,0.0,0.0,0.0,0.0,0.0,0.0,0.0,0.0,0.0,0.0,0.0,0.0,0.0,0.0,0.0,0.0,0.0,0.0,0.0,0.0,0.0,0.0,0.0,0.0,0.0,0.0,0.0,0.0,0.0,0.0,0.0,0.0,0.0,0.0,0.0,0.0,0.0,0.0,0.0,0.0,0.0,0.0,0.0,0.0,0.0,0.0,0.0,0.0,0.0,0.0,0.0,0.0,0.0,0.0,0.0,0.0,0.0,0.0,0.0,0.0,0.0,0.0,0.0,0.0,0.0,0.0,0.0,0.0,0.0,0.0,0.0,0.0,0.0,0.0,0.0,0.0,0.0,0.0,0.0,0.0,0.0,0.0,0.0,0.0,0.0,0.0,0.0,0.0,0.0,0.0,0.0,0.0,0.0,0.0,0.0,0.0,0.0,0.0,0.0,0.0,0.0,0.0,0.0,0.0,0.0,0.0,0.0,0.0,0.0,0.0,0.0,0.0,0.0,0.0,0.0,0.0,0.0,0.0,0.0,0.0,0.0,0.0,0.0,0.0,0.0,0.0,0.0,0.0,0.0,0.0,0.0,0.0,0.0,0.0,0.0,0.0,0.0,0.0,0.0,0.0,0.0,0.0,0.0,0.0,0.0,0.0,0.0,0.0,0.0,0.0,0.0,0.0,0.0,0.0,0.0,0.0,0.0,0.0,0.0,0.0,0.0,0.0,0.0,0.0,0.0,0.0,0.0,0.0,0.0,0.0,0.0,0.0,0.0,0.0,0.0,0.0,0.0,0.0,0.0,0.0,0.0,0.0,0.0,0.0,0.0,0.0,0.0,0.0,0.0,0.0,0.0,0.0,0.0,0.0,0.0,0.0,0.0,0.0,0,0,0,0,0,0,0,1,c1ccccc1,murcko,train,0,1,0,1,0,0,0,0,0,0,0,0,0,0,0,1,0,0,0,0,0,0,0,0,0,0,1,0,1,0,0,0,0,1,0,0,0,1,1,1,0,1,1,0,0,0,0,0,0,0,0,0,0,1,0,0,0,0,0,0,0,0,0,0,1,0,0,0,0,0,0,0,0,0,0,0,0,1,0,1,1,1,0,0,0,0,0,0,0,0,0,0,0,0,0,0,0,0,0,0,1,0,0,0,0,0,0,1,0,0,0,0,0,0,0,0,0,0,0,1,0,0,0,0,0,1,0,0,1,0,0,0,0,0,0,0,0,0,1,0,0,0,0,0,0,0,0,0,0,0,0,0,0,0,0,0,0,0,0,0,0,0,0,0,1,0,0,0,0,0,0,0,0,0,0,0,0,0,0,0,0,0,1,0,0,0,0,0,0,0,0,0,0,0,0,0,0,1,0,0,0,0,0,0,0,0,0,0,0,1,0,0,0,0,1,0,0,0,1,0,0,0,0,0,1,0,0,1,0,0,0,0,0,0,0,0,0,0,0,0,0,0,0,1,0,0,1,0,0,0,0,0,0,0,0,1,0.21976013873212916,-0.3931313824680442,-0.0627098589983773,0.6128915212001733,0.3931313824680442,0.6858938599867249,-3.82138680990559,12.372076269378764,0.10351147010148187,12.372076269378764,-0.10351147010148232,12.268564799277282,6.237793869740123,6.134282399638641,0.08150912648388246,3.1715260095997193,0.0,24.022292234199618,25.93115605767717,88.17676245850613,102.7331459668162,0.0,18.19910120538483,30.547418675855518,0.0,19.802129157825057,0.0,308.31043953826367,309.41200575626453,36.33415930022654,32.802442385034894,24.43909070562568,21.414540342792282,46.10079866888518,34.18125695878996,29.77585735478764,290.0,0.0,0.21976013873212916,-0.3931313824680442,0.3931313824680442,0.21976013873212916,98.66000000000001,11.383599999999989,212.00699999999915,0.0,7.527272727272727
8512,CC1=CCCC2(C)C(OC=O)C(C)CCC12C,0,8512,CC1=CCCC2(C)C(OC=O)C(C)CCC12C,8512,CC1=CCCC2(C)C(OC=O)C(C)CCC12C,CC1=CCCC2(C)C(OC=O)C(C)CCC12C,CC1=CCCC2(C)C(OC=O)C(C)CCC12C,CC1=CCCC2(C)C(OC=O)C(C)CCC12C,8512.0,1.0,0.0,0.0,0.0,0.0,0.0,0.0,C1=CC2CCCCC2CC1,236.355,3.710600000000003,26.3,0.0,2.0,2.0,2.0,0.0,2.0,0.8,17.0,0.0,0.0,0.0,0.0,0.0,0.0,0.0,0.0,0.0,0.0,0.0,0.0,0.0,0.0,0.0,0.0,0.0,0.0,0.0,0.0,0.0,0.0,0.0,0.0,0.0,0.0,0.0,0.0,0.0,0.0,0.0,0.0,0.0,0.0,1.0,1.0,0.0,0.0,0.0,0.0,0.0,0.0,0.0,0.0,1.0,1.0,0.0,0.0,0.0,0.0,1.0,1.0,0.0,0.0,0.0,0.0,0.0,0.0,2.0,1.0,0.0,0.0,0.0,0.0,0.0,0.0,0.0,0.0,0.0,0.0,0.0,0.0,0.0,0.0,0.0,0.0,0.0,0.0,0.0,0.0,0.0,0.0,0.0,0.0,0.0,0.0,0.0,0.0,0.0,0.0,0.0,0.0,0.0,0.0,0.0,0.0,0.0,0.0,0.0,0.0,0.0,0.0,0.0,0.0,0.0,0.0,0.0,0.0,0.0,0.0,0.0,0.0,0.0,0.0,0.0,0.0,0.0,0.0,0.0,0.0,0.0,0.0,0.0,0.0,0.0,0.0,0.0,0.0,0.0,0.0,0.0,0.0,0.0,0.0,0.0,0.0,0.0,0.0,0.0,0.0,0.0,0.0,0.0,0.0,0.0,0.0,0.0,0.0,0.0,0.0,0.0,0.0,0.0,0.0,0.0,0.0,0.0,0.0,0.0,0.0,0.0,0.0,0.0,0.0,0.0,0.0,0.0,0.0,0.0,0.0,0.0,0.0,0.0,0.0,0.0,0.0,0.0,0.0,0.0,0.0,0.0,0.0,0.0,0.0,0.0,0.0,0.0,0.0,0.0,0.0,0.0,0.0,0.0,0.0,0.0,0.0,0.0,0.0,0.0,0.0,0.0,0.0,0.0,0.0,0.0,0.0,0.0,0.0,0.0,0.0,0.0,0.0,0.0,0.0,0.0,0.0,0.0,0.0,0.0,0.0,0.0,0.0,0.0,0.0,0.0,0.0,0.0,0.0,0.0,0.0,0.0,0.0,0.0,0.0,0.0,0.0,0.0,0.0,0.0,0.0,0.0,0.0,0.0,0.0,0.0,0.0,0.0,0.0,0.0,0.0,0.0,0.0,0.0,0.0,0.0,0.0,0.0,0.0,0.0,0.0,0.0,0.0,0,0,0,0,0,0,1,0,C1=CC2CCCCC2CC1,murcko,train,1,0,0,0,1,0,0,0,0,0,0,0,0,0,0,0,0,0,0,0,0,0,0,0,0,0,0,0,0,1,0,1,0,1,0,0,1,0,0,0,0,0,0,0,0,1,0,0,0,0,0,0,0,0,0,0,1,0,0,0,0,0,0,0,0,0,0,1,0,0,0,0,0,0,0,0,0,0,0,0,0,1,0,0,0,0,0,0,0,0,0,0,0,0,0,0,1,0,0,0,1,0,0,0,0,0,0,0,0,0,0,0,0,0,0,0,0,0,0,0,0,0,0,1,0,1,0,1,0,0,0,0,0,0,0,0,1,0,1,0,0,0,0,0,0,0,0,0,0,0,0,0,0,0,0,0,1,0,1,0,0,0,1,0,0,0,0,0,0,0,0,0,0,0,0,0,0,0,0,0,1,0,1,1,0,0,1,0,1,0,0,0,0,0,0,0,0,0,0,1,0,0,0,0,0,0,0,0,0,0,0,0,0,0,0,0,0,0,0,0,0,0,0,0,0,0,0,0,0,0,1,0,0,0,0,0,1,0,0,0,0,0,0,0,0,1,0,0,0,1,1,1,0,0,1,0,0.2928834730092143,-0.4636866306608278,-0.049630443099407624,0.7565701036700421,0.4636866306608278,0.41730313753194886,-1.2610206702218782,10.784401927437642,0.0716666666666661,10.784401927437642,0.0716666666666661,10.712735260770977,5.428034297052154,5.356367630385488,0.09334684146092039,2.750329921609024,0.0,16.933947326541862,12.390126910877857,19.26246486877803,11.993926152995277,0.0,0.0,33.770968905596376,4.736862953800049,4.794537184071822,0.0,104.42224261968998,103.88283430266128,12.681798275874712,11.45432478243242,7.954342574666895,6.718744015013406,12.661340905875772,4.148205723218529,1.641597579506893,96.0,0.0,0.2928834730092143,-0.4636866306608278,0.4636866306608278,0.2928834730092143,26.3,3.710600000000003,68.54000000000005,0.0,1.12
10676,CC1CCC(C)C2(C1)OC(=O)C(C=CC=CC=C1C(=O)OC3(CCC4(CC3)OC(=O)C(=CC=CC=CC3=C(O)OC5(CC(C)CCC5C)OC3=O)C(=O)O4)OC1=O)=C(O)O2,0,10676,CC1CCC(C)C2(C1)OC(=O)C(C=CC=CC=C1C(=O)OC3(CCC4(CC3)OC(=O)C(=CC=CC=CC3=C(O)OC5(CC(C)CCC5C)OC3=O)C(=O)O4)OC1=O)=C(O)O2,10676,CC1CCC(C)C2(C1)OC(=O)C(C=CC=CC=C1C(=O)OC3(CCC4(CC3)OC(=O)C(=CC=CC=CC3=C(O)OC5(CC(C)CCC5C)OC3=O)C(=O)O4)OC1=O)=C(O)O2,CC1CCC(C)C2(C1)OC(=O)C(C=CC=CC=C1C(=O)OC3(CCC4(CC3)OC(=O)C(=CC=CC=CC3=C(O)OC5(CC(C)CCC5C)OC3=O)C(=O)O4)OC1=O)=C(O)O2,CC1CCC(C)C2(C1)OC(=O)C(C=CC=CC=C1C(=O)OC3(CCC4(CC3)OC(=O)C(=CC=CC=CC3=C(O)OC5(CC(C)CCC5C)OC3=O)C(=O)O4)OC1=O)=C(O)O2,CC1CCC(C)C2(C1)OC(=O)C(C=CC=CC=C1C(=O)OC3(CCC4(CC3)OC(=O)C(=CC=CC=CC3=C(O)OC5(CC(C)CCC5C)OC3=O)C(=O)O4)OC1=O)=C(O)O2,10676.0,1.0,0.0,0.0,0.0,0.0,0.0,0.0,O=C1OC2(CCCCC2)OC=C1C=CC=CC=C1C(=O)OC2(CCC3(CC2)OC(=O)C(=CC=CC=CC2=COC4(CCCCC4)OC2=O)C(=O)O3)OC1=O,832.8520000000003,6.221400000000005,216.72,2.0,16.0,6.0,7.0,0.0,16.0,0.5,60.0,0.0,0.0,0.0,0.0,0.0,0.0,0.0,0.0,0.0,0.0,0.0,0.0,0.0,0.0,0.0,0.0,0.0,0.0,0.0,0.0,0.0,0.0,0.0,0.0,0.0,0.0,0.0,0.0,0.0,0.0,0.0,0.0,0.0,0.0,8.0,1.0,0.0,0.0,0.0,0.0,0.0,0.0,0.0,0.0,6.0,1.0,0.0,0.0,0.0,0.0,8.0,1.0,0.0,0.0,0.0,0.0,0.0,0.0,4.0,1.0,0.0,0.0,0.0,0.0,0.0,0.0,0.0,0.0,0.0,0.0,0.0,0.0,0.0,0.0,0.0,0.0,0.0,0.0,0.0,0.0,0.0,0.0,0.0,0.0,0.0,0.0,0.0,0.0,0.0,0.0,0.0,0.0,0.0,0.0,0.0,0.0,0.0,0.0,0.0,0.0,0.0,0.0,0.0,0.0,0.0,0.0,0.0,0.0,0.0,0.0,0.0,0.0,0.0,0.0,0.0,0.0,0.0,0.0,0.0,0.0,0.0,0.0,0.0,0.0,0.0,0.0,0.0,0.0,0.0,0.0,0.0,0.0,0.0,0.0,0.0,0.0,0.0,0.0,0.0,0.0,0.0,0.0,0.0,0.0,0.0,0.0,0.0,0.0,0.0,0.0,0.0,0.0,0.0,0.0,0.0,0.0,0.0,0.0,0.0,0.0,0.0,0.0,0.0,0.0,0.0,0.0,0.0,0.0,6.0,1.0,4.0,1.0,0.0,0.0,0.0,0.0,0.0,0.0,0.0,0.0,0.0,0.0,0.0,0.0,0.0,0.0,0.0,0.0,0.0,0.0,0.0,0.0,0.0,0.0,0.0,0.0,0.0,0.0,0.0,0.0,0.0,0.0,0.0,0.0,0.0,0.0,0.0,0.0,0.0,0.0,0.0,0.0,0.0,0.0,0.0,0.0,0.0,0.0,0.0,0.0,0.0,0.0,0.0,0.0,0.0,0.0,0.0,0.0,0.0,0.0,0.0,0.0,0.0,0.0,0.0,0.0,0.0,0.0,0.0,0.0,0.0,0.0,0.0,0.0,0.0,0.0,0.0,0.0,0.0,0.0,0.0,0.0,0.0,0.0,0.0,0.0,1.0,2.0,1.0,2.0,0.0,0.0,0,0,0,0,1,0,0,0,O=C1OC2(CCCCC2)OC=C1C=CC=CC=C1C(=O)OC2(CCC3(CC2)OC(=O)C(=CC=CC=CC2=COC4(CCCCC4)OC2=O)C(=O)O3)OC1=O,murcko,train,0,0,1,0,0,0,0,0,0,1,1,0,0,0,1,0,0,0,0,1,0,0,0,0,0,0,1,0,0,1,0,0,1,1,0,0,1,0,0,1,0,0,0,0,0,1,0,0,0,0,0,0,0,0,0,0,0,0,1,0,0,0,0,0,1,1,1,1,0,0,0,0,0,0,1,0,0,0,0,0,0,0,0,0,0,0,0,0,0,0,0,0,1,0,0,0,1,0,0,0,1,0,0,0,1,0,0,1,0,0,0,1,0,0,0,0,0,0,0,0,0,0,1,1,1,1,0,0,0,1,0,0,0,0,0,0,0,0,1,1,0,0,0,0,1,0,0,0,0,0,0,0,0,0,0,0,1,0,1,0,0,0,0,0,0,0,0,1,0,0,0,0,0,0,0,0,1,0,0,1,0,0,1,0,0,0,0,0,0,1,1,0,0,0,0,0,0,0,0,0,0,0,0,0,1,0,0,0,0,0,0,0,0,0,0,0,0,0,0,0,0,0,0,0,0,0,0,0,0,0,0,0,0,0,1,1,0,0,0,0,0,0,0,0,0,0,0,1,1,0,0,1,0,0,0,0,0.34835785163750943,-0.48027692640289177,-0.037914449185231035,0.8286347780404012,0.48027692640289177,4.538631985564063,-6.813498936677926,12.94815138190085,0.09992303584516948,12.94815138190085,-1.6725804849987935,12.84822834605568,6.524037208873009,6.42411417302784,0.07783174248354585,3.3127572421941034,82.00093582461818,60.50111973648814,12.841643245852019,25.683286491704038,60.76020106833881,0.0,27.694948798762496,0.0,37.89490363040039,38.98027789411234,0.0,345.3400815554145,346.3573166902765,43.03659418025731,33.76387483801423,28.47043686278716,20.216873427939305,42.07705530689181,16.184031529780714,8.233929302730985,320.0,0.0,0.34835785163750943,-0.48027692640289177,0.48027692640289177,0.34835785163750943,216.71999999999997,6.221400000000005,204.50759999999954,1.1,1.8000000000000003
10445,O=[N+]([O-])c1cc(N=Nc2c(O)ccc3ccccc23)c(O)c(S(=O)(=O)O)c1,0,10445,O=[N+]([O-])c1cc(N=Nc2c(O)ccc3ccccc23)c(O)c(S(=O)(=O)O)c1,10445,O=[N+]([O-])c1cc(N=Nc2c(O)ccc3ccccc23)c(O)c(S(=O)(=O)O)c1,O=[N+]([O-])c1cc(N=Nc2c(O)ccc3ccccc23)c(O)c(S(=O)(=O)O)c1,O=[N+]([O-])c1cc(N=Nc2c(O)ccc3ccccc23)c(O)c(S(=O)(=O)O)c1,O=[N+]([O-])c1cc(N=Nc2c(O)ccc3ccccc23)c(O)c(S(=O)(=O)O)c1,10445.0,1.0,0.0,0.0,0.0,0.0,0.0,0.0,c1ccc(N=Nc2cccc3ccccc23)cc1,389.34500000000014,3.8213000000000017,162.69,3.0,8.0,4.0,3.0,3.0,11.0,0.0,27.0,0.0,1.0,0.0,0.0,0.0,0.0,0.0,0.0,0.0,0.0,0.0,0.0,0.0,0.0,0.0,0.0,1.0,1.0,0.0,0.0,0.0,0.0,1.0,1.0,0.0,0.0,0.0,0.0,0.0,0.0,0.0,0.0,2.0,1.0,0.0,0.0,0.0,0.0,0.0,0.0,0.0,0.0,0.0,0.0,0.0,0.0,0.0,0.0,0.0,0.0,0.0,0.0,0.0,0.0,3.0,1.0,28.0,1.0,2.0,1.0,0.0,0.0,0.0,0.0,0.0,0.0,0.0,0.0,0.0,0.0,0.0,0.0,0.0,0.0,0.0,0.0,1.0,1.0,0.0,0.0,1.0,1.0,0.0,0.0,0.0,0.0,0.0,0.0,0.0,0.0,0.0,0.0,0.0,0.0,0.0,0.0,0.0,0.0,0.0,0.0,0.0,0.0,0.0,0.0,0.0,0.0,0.0,0.0,0.0,0.0,0.0,0.0,0.0,0.0,0.0,0.0,0.0,0.0,1.0,1.0,0.0,0.0,0.0,0.0,0.0,0.0,2.0,1.0,0.0,0.0,0.0,0.0,0.0,0.0,0.0,0.0,0.0,0.0,0.0,0.0,0.0,0.0,0.0,0.0,0.0,0.0,0.0,0.0,0.0,0.0,0.0,0.0,0.0,0.0,0.0,0.0,0.0,0.0,0.0,0.0,0.0,0.0,0.0,0.0,0.0,0.0,0.0,0.0,0.0,0.0,0.0,0.0,0.0,0.0,0.0,0.0,0.0,0.0,0.0,0.0,0.0,0.0,0.0,0.0,0.0,0.0,0.0,0.0,0.0,0.0,0.0,0.0,0.0,0.0,0.0,0.0,0.0,0.0,0.0,0.0,0.0,0.0,0.0,0.0,0.0,0.0,0.0,0.0,0.0,0.0,0.0,0.0,0.0,0.0,0.0,0.0,0.0,0.0,0.0,0.0,0.0,0.0,0.0,0.0,0.0,0.0,0.0,0.0,0.0,0.0,0.0,0.0,0.0,0.0,0.0,0.0,0.0,0.0,0.0,0.0,0.0,0.0,0.0,0.0,0.0,0.0,0.0,0.0,0.0,0.0,0.0,0.0,0.0,0.0,0.0,0.0,1.0,2.0,1.0,2.0,0.0,0.0,0,0,1,0,0,0,0,0,c1ccc(N=Nc2cccc3ccccc23)cc1,murcko,train,0,0,0,1,0,0,0,0,0,0,0,0,0,0,0,0,0,1,1,0,0,0,0,0,0,0,0,0,0,0,0,0,0,0,0,0,0,1,0,1,0,0,0,0,1,0,0,0,0,0,0,0,1,0,0,0,0,0,0,0,0,0,0,1,1,0,1,0,1,1,1,1,0,0,0,0,0,1,0,0,1,1,0,0,0,0,0,0,0,0,0,0,0,0,1,0,0,0,0,0,1,0,0,0,0,0,1,1,1,0,0,0,0,0,1,0,0,0,0,0,0,0,0,0,0,0,0,1,0,1,0,0,0,0,0,0,1,0,1,0,0,0,0,0,0,0,0,0,0,0,0,0,0,0,0,0,0,0,0,0,0,0,0,1,0,0,0,0,0,0,0,1,0,0,0,1,0,0,0,0,0,0,0,0,0,0,0,0,0,0,0,0,0,0,0,1,1,0,0,0,0,0,1,1,0,0,0,0,0,0,0,0,0,1,1,1,0,0,0,0,0,0,0,1,0,0,0,0,0,0,0,0,0,0,0,0,0,0,0,0,0,1,0,0,0,0,0,0,0,0,1,0,0,0,1,0,0.29806125083477375,-0.5055931439923762,-0.04976379519101485,0.80365439482715,0.5055931439923762,1.4577000845679506,-2.8013225547253517,11.344601652823153,0.02075160619803551,11.344601652823153,-4.943290926295525,11.323850046625118,5.682676629510594,5.661925023312559,0.08830918776587236,2.8517521463656443,37.06120576602003,11.436898107967467,11.452591282926406,11.452591282926406,6.06636706846161,30.33183534230805,0.0,10.228500251258795,4.552749873690364,28.74517004277592,0.0,151.48701893871777,151.32790901833505,19.76722023457211,13.343325178836073,12.680559115991949,7.295948434912164,18.2279620368436,6.625521407034775,3.539426989311221,138.0,0.0,0.29806125083477375,-0.5055931439923762,0.5055931439923762,0.29806125083477375,162.69,3.8213000000000017,94.36460000000002,1.1,0.8
5832,COC(=O)C(C)(C)N=NC(C)(C)C(=O)OC,1,5832,COC(=O)C(C)(C)N=NC(C)(C)C(=O)OC,5832,COC(=O)C(C)(C)N=NC(C)(C)C(=O)OC,COC(=O)C(C)(C)N=NC(C)(C)C(=O)OC,COC(=O)C(C)(C)N=NC(C)(C)C(=O)OC,COC(=O)C(C)(C)N=NC(C)(C)C(=O)OC,5832.0,1.0,0.0,0.0,0.0,0.0,0.0,0.0,,230.264,1.3417999999999997,77.32000000000001,0.0,6.0,4.0,0.0,0.0,6.0,0.8,16.0,0.0,0.0,0.0,0.0,0.0,0.0,0.0,0.0,0.0,0.0,0.0,0.0,0.0,0.0,0.0,0.0,0.0,0.0,0.0,0.0,0.0,0.0,1.0,1.0,0.0,0.0,0.0,0.0,0.0,0.0,0.0,0.0,0.0,0.0,2.0,1.0,0.0,0.0,0.0,0.0,0.0,0.0,0.0,0.0,2.0,1.0,0.0,0.0,0.0,0.0,0.0,0.0,0.0,0.0,0.0,0.0,0.0,0.0,0.0,0.0,0.0,0.0,0.0,0.0,0.0,0.0,0.0,0.0,0.0,0.0,0.0,0.0,0.0,0.0,0.0,0.0,0.0,0.0,0.0,0.0,0.0,0.0,0.0,0.0,0.0,0.0,0.0,0.0,0.0,0.0,0.0,0.0,0.0,0.0,0.0,0.0,0.0,0.0,0.0,0.0,0.0,0.0,0.0,0.0,0.0,0.0,0.0,0.0,0.0,0.0,0.0,0.0,0.0,0.0,0.0,0.0,0.0,0.0,0.0,0.0,0.0,0.0,0.0,0.0,0.0,0.0,0.0,0.0,0.0,0.0,0.0,0.0,2.0,1.0,0.0,0.0,0.0,0.0,0.0,0.0,0.0,0.0,0.0,0.0,0.0,0.0,0.0,0.0,0.0,0.0,0.0,0.0,0.0,0.0,0.0,0.0,0.0,0.0,0.0,0.0,0.0,0.0,0.0,0.0,0.0,0.0,0.0,0.0,0.0,0.0,0.0,0.0,0.0,0.0,0.0,0.0,0.0,0.0,0.0,0.0,0.0,0.0,0.0,0.0,0.0,0.0,0.0,0.0,0.0,0.0,0.0,0.0,0.0,0.0,0.0,0.0,0.0,0.0,0.0,0.0,0.0,0.0,0.0,0.0,0.0,0.0,0.0,0.0,0.0,0.0,0.0,0.0,0.0,0.0,0.0,0.0,0.0,0.0,0.0,0.0,0.0,0.0,0.0,0.0,0.0,0.0,0.0,0.0,0.0,0.0,0.0,0.0,0.0,0.0,0.0,0.0,0.0,0.0,0.0,0.0,0.0,0.0,0.0,0.0,0.0,0.0,0.0,0.0,0.0,0.0,0.0,0.0,0.0,0.0,0.0,0.0,1.0,1.0,1.0,1.0,0.0,0.0,0,0,0,0,0,0,0,0,ACY_***(*)*(*)(*)***(*)(*)*(*)**,acyclic_anonymous_graph,train,0,0,0,0,0,0,0,0,0,0,0,0,0,0,0,0,0,0,0,0,0,0,0,0,0,0,0,0,0,0,0,1,0,1,1,0,0,0,0,1,0,0,0,0,0,0,0,0,0,0,0,0,0,0,0,0,0,0,0,0,0,0,0,0,0,0,0,0,0,0,1,0,0,1,0,0,0,0,0,0,0,0,0,0,0,0,0,0,0,0,1,0,0,0,0,0,0,0,0,0,0,0,0,0,0,0,0,0,0,0,0,0,0,0,1,0,0,0,0,0,0,0,0,0,0,1,0,0,1,0,0,0,0,0,0,0,1,0,1,0,0,0,0,0,0,0,0,0,0,0,0,0,0,0,0,0,0,0,0,0,0,0,0,0,0,0,0,0,0,0,0,0,0,0,0,0,0,0,0,0,0,0,0,1,0,0,0,0,0,0,0,0,0,0,0,0,0,0,0,0,0,0,0,0,0,0,0,0,0,0,0,0,0,1,0,1,0,0,0,0,0,0,0,0,0,0,0,0,0,0,0,0,0,1,0,0,0,1,0,0,0,0,0,0,0,0,0,0,0,0,0,0,0,0,0,0,0.3345911280621698,-0.4671780361512373,-0.04475059500463539,0.801769164213407,0.4671780361512373,1.1755538341479543,-1.8915633542221206,11.29767439846309,0.5167446145124714,11.29767439846309,-1.1110700113378682,10.780929783950619,5.907209506487781,5.390464891975309,0.09275637816403205,3.23674533206657,23.01646108067039,0.0,0.0,0.0,14.219595082555067,27.694948798762496,0.0,19.702226158858892,0.0,9.589074368143644,0.0,95.0206425609894,94.22230548899049,12.983127663125442,10.52742035285537,7.169867732056247,4.780206757355411,14.539999999999997,5.046762400578727,3.5992975949390003,92.0,0.0,0.3345911280621698,-0.4671780361512373,0.4671780361512373,0.3345911280621698,77.32000000000001,1.3417999999999997,57.04600000000004,0.2,1.52
9487,c1cc(OCC2CO2)cc(N(CC2CO2)CC2CO2)c1,1,9487,c1cc(OCC2CO2)cc(N(CC2CO2)CC2CO2)c1,9487,c1cc(OCC2CO2)cc(N(CC2CO2)CC2CO2)c1,c1cc(OCC2CO2)cc(N(CC2CO2)CC2CO2)c1,c1cc(OCC2CO2)cc(N(CC2CO2)CC2CO2)c1,c1cc(OCC2CO2)cc(N(CC2CO2)CC2CO2)c1,9487.0,1.0,0.0,0.0,0.0,0.0,0.0,0.0,c1cc(OCC2CO2)cc(N(CC2CO2)CC2CO2)c1,277.31999999999994,1.0681999999999998,50.06,0.0,5.0,8.0,4.0,1.0,5.0,0.6,20.0,0.0,0.0,0.0,0.0,0.0,0.0,0.0,0.0,0.0,0.0,0.0,0.0,0.0,0.0,0.0,0.0,1.0,1.0,0.0,0.0,0.0,0.0,0.0,0.0,0.0,0.0,0.0,0.0,0.0,0.0,0.0,0.0,0.0,0.0,4.0,1.0,0.0,0.0,0.0,0.0,0.0,0.0,0.0,0.0,0.0,0.0,0.0,0.0,0.0,0.0,0.0,0.0,0.0,0.0,1.0,1.0,6.0,1.0,0.0,0.0,3.0,1.0,0.0,0.0,0.0,0.0,0.0,0.0,0.0,0.0,0.0,0.0,0.0,0.0,0.0,0.0,0.0,0.0,0.0,0.0,0.0,0.0,0.0,0.0,0.0,0.0,0.0,0.0,0.0,0.0,0.0,0.0,0.0,0.0,0.0,0.0,0.0,0.0,0.0,0.0,0.0,0.0,0.0,0.0,0.0,0.0,0.0,0.0,0.0,0.0,0.0,0.0,0.0,0.0,0.0,0.0,0.0,0.0,0.0,0.0,0.0,0.0,1.0,1.0,0.0,0.0,0.0,0.0,0.0,0.0,0.0,0.0,0.0,0.0,0.0,0.0,0.0,0.0,0.0,0.0,0.0,0.0,0.0,0.0,0.0,0.0,0.0,0.0,0.0,0.0,3.0,1.0,0.0,0.0,0.0,0.0,0.0,0.0,0.0,0.0,0.0,0.0,0.0,0.0,0.0,0.0,0.0,0.0,0.0,0.0,0.0,0.0,0.0,0.0,0.0,0.0,0.0,0.0,0.0,0.0,0.0,0.0,0.0,0.0,0.0,0.0,0.0,0.0,0.0,0.0,0.0,0.0,0.0,0.0,0.0,0.0,0.0,0.0,0.0,0.0,0.0,0.0,0.0,0.0,0.0,0.0,0.0,0.0,0.0,0.0,0.0,0.0,0.0,0.0,0.0,0.0,0.0,0.0,0.0,0.0,0.0,0.0,0.0,0.0,0.0,0.0,0.0,0.0,0.0,0.0,0.0,0.0,0.0,0.0,0.0,0.0,0.0,0.0,0.0,0.0,0.0,0.0,0.0,0.0,0.0,0.0,0.0,0.0,0.0,0.0,0.0,0.0,0.0,0.0,0.0,0.0,1.0,2.0,1.0,2.0,0.0,0.0,0,0,1,1,0,0,0,0,c1cc(OCC2CO2)cc(N(CC2CO2)CC2CO2)c1,murcko,train,0,0,0,0,0,0,0,0,0,0,0,0,0,0,0,1,0,0,0,0,0,0,0,0,0,0,0,0,0,0,0,0,1,0,1,0,0,0,0,0,0,0,0,0,0,0,0,0,0,0,1,0,0,0,0,0,0,0,0,0,0,0,0,0,1,0,1,0,0,0,0,0,1,0,0,0,0,0,0,0,1,1,0,0,0,0,0,0,0,0,0,0,0,0,0,0,0,0,0,0,1,0,0,0,0,0,0,1,0,0,0,1,1,1,0,0,0,0,1,0,0,0,0,0,0,0,0,0,0,0,0,1,0,0,0,0,1,0,0,0,0,0,0,0,1,0,1,0,0,0,0,1,0,0,0,0,0,0,1,0,0,1,0,0,0,0,0,0,0,0,0,0,1,0,0,0,0,0,0,0,0,0,0,1,0,0,0,0,0,0,0,0,0,0,0,0,0,0,0,0,0,0,0,0,0,0,0,0,0,0,0,0,0,0,1,0,0,0,0,0,0,1,0,0,0,0,0,0,0,0,1,0,0,0,0,0,0,1,0,0,0,0,0,1,0,0,0,0,0,0,0,1,0,0,0,0,0.12100613360628881,-0.4907154781966259,-0.05849587911163708,0.6117216118029147,0.4907154781966259,0.9134643694032301,-2.0833819516359715,5.7477872260015115,0.2865622637944063,5.7477872260015115,0.2865622637944063,5.461224962207105,3.017174744897959,2.7306124811035524,0.1831091022472473,1.6669050449756662,0.0,6.103966387748303,18.814814740009524,38.65967053864781,5.687386274683562,0.0,12.13273413692322,17.032643867773697,18.947451815200196,0.0,0.0,117.91240327670967,117.3786677609863,13.363596551749424,11.36429932880208,9.865305980755142,7.192850742410483,12.441383337934548,5.237565385309127,3.4186672092617654,108.0,0.0,0.12100613360628881,-0.4907154781966259,0.4907154781966259,0.12100613360628881,50.06,1.0681999999999998,73.37000000000005,1.5,1.84
1953,O=[Se](O)O,1,1953,O=[Se](O)O,1953,O=[Se](O)O,O=[Se](O)O,O=[Se](O)O,O=[Se](O)O,1953.0,1.0,0.0,0.0,0.0,0.0,0.0,0.0,,128.97299999999998,-1.6136,57.53,2.0,1.0,0.0,0.0,0.0,4.0,0.0,4.0,0.0,0.0,0.0,0.0,0.0,0.0,0.0,0.0,0.0,0.0,0.0,0.0,0.0,0.0,0.0,0.0,0.0,0.0,0.0,0.0,0.0,0.0,0.0,0.0,0.0,0.0,0.0,0.0,0.0,0.0,0.0,0.0,0.0,0.0,0.0,0.0,0.0,0.0,0.0,0.0,0.0,0.0,0.0,0.0,0.0,0.0,0.0,0.0,0.0,0.0,0.0,0.0,0.0,0.0,0.0,0.0,0.0,0.0,0.0,0.0,0.0,0.0,0.0,0.0,0.0,0.0,0.0,0.0,0.0,0.0,0.0,0.0,0.0,0.0,0.0,0.0,0.0,0.0,0.0,0.0,0.0,0.0,0.0,0.0,0.0,0.0,0.0,0.0,0.0,0.0,0.0,0.0,0.0,0.0,0.0,0.0,0.0,0.0,0.0,0.0,0.0,0.0,0.0,0.0,0.0,0.0,0.0,0.0,0.0,0.0,0.0,0.0,0.0,0.0,0.0,0.0,0.0,0.0,0.0,0.0,0.0,0.0,0.0,0.0,0.0,0.0,0.0,0.0,0.0,0.0,0.0,0.0,0.0,0.0,0.0,0.0,0.0,0.0,0.0,0.0,0.0,0.0,0.0,0.0,0.0,0.0,0.0,0.0,0.0,0.0,0.0,0.0,0.0,0.0,0.0,0.0,0.0,0.0,0.0,0.0,0.0,0.0,0.0,0.0,0.0,0.0,0.0,0.0,0.0,0.0,0.0,0.0,0.0,0.0,0.0,0.0,0.0,0.0,0.0,0.0,0.0,0.0,0.0,0.0,0.0,0.0,0.0,0.0,0.0,0.0,0.0,0.0,0.0,0.0,0.0,0.0,0.0,0.0,0.0,0.0,0.0,0.0,0.0,0.0,0.0,0.0,0.0,0.0,0.0,0.0,0.0,0.0,0.0,0.0,0.0,0.0,0.0,0.0,0.0,0.0,0.0,0.0,0.0,0.0,0.0,0.0,0.0,0.0,0.0,0.0,0.0,0.0,0.0,0.0,0.0,0.0,0.0,0.0,0.0,0.0,0.0,0.0,0.0,0.0,0.0,0.0,0.0,0.0,0.0,0.0,0.0,0.0,0.0,0.0,0.0,0.0,0.0,0.0,0.0,0.0,0.0,0.0,0,0,0,0,0,0,0,0,ACY_**(*)*,acyclic_anonymous_graph,train,0,0,0,0,0,0,0,0,1,0,0,0,0,0,0,0,0,0,0,0,0,0,0,0,0,0,0,0,0,0,0,0,0,0,0,0,0,0,0,1,0,0,0,0,0,0,0,0,0,0,0,0,0,0,0,0,0,0,0,0,0,0,0,0,0,0,0,0,0,0,0,0,0,0,0,0,0,0,0,0,0,0,0,0,0,0,0,0,0,0,0,0,0,0,0,0,0,0,0,0,0,0,0,0,0,0,0,0,0,0,0,0,0,0,0,0,0,1,0,0,0,0,0,0,0,0,0,0,0,0,0,0,0,0,0,0,0,0,1,0,0,0,0,0,0,0,0,0,0,0,0,0,0,0,0,0,0,0,0,0,0,0,0,0,0,0,1,0,0,0,0,0,0,0,0,0,0,0,0,0,0,0,0,0,0,0,0,0,0,0,0,0,0,0,0,0,0,0,0,0,0,0,0,0,0,0,0,0,0,0,0,0,0,0,0,0,0,0,0,0,0,0,0,0,0,0,0,0,0,0,0,0,0,0,0,0,0,0,0,0,0,0,0,0,0,0,0,0,0,0,0,0,1,0,0,0,,,,,,,,8.76388888888889,3.2916666666666665,8.76388888888889,-3.2916666666666665,5.472222222222223,6.027777777777778,2.7361111111111116,0.182741116751269,6.63973491257755,14.49233776303324,0.0,0.0,0.0,0.0,0.0,0.0,0.0,12.212429966923565,0.0,0.0,27.61387238727466,26.704767729956806,3.5773502691896257,1.710923771927642,1.7320508075688772,0.5318150383367775,4.239480519480519,1.5481719883708336,59.99102977814203,26.0,0.0,,,,,57.53,-1.6136000000000001,10.878099999999998,0.0,0.0
2073,C=CC(=O)OCC(CC)CCCC,0,2073,C=CC(=O)OCC(CC)CCCC,2073,C=CC(=O)OCC(CC)CCCC,C=CC(=O)OCC(CC)CCCC,C=CC(=O)OCC(CC)CCCC,C=CC(=O)OCC(CC)CCCC,2073.0,1.0,0.0,0.0,0.0,0.0,0.0,0.0,,184.27899999999997,2.9320000000000013,26.3,0.0,2.0,7.0,0.0,0.0,2.0,0.7272727272727273,13.0,0.0,0.0,0.0,0.0,0.0,0.0,0.0,0.0,0.0,0.0,0.0,0.0,0.0,0.0,0.0,0.0,0.0,0.0,0.0,0.0,0.0,0.0,0.0,0.0,0.0,0.0,0.0,0.0,0.0,0.0,0.0,0.0,0.0,0.0,1.0,1.0,0.0,0.0,0.0,0.0,0.0,0.0,0.0,0.0,1.0,1.0,0.0,0.0,0.0,0.0,1.0,1.0,0.0,0.0,0.0,0.0,0.0,0.0,0.0,0.0,0.0,0.0,0.0,0.0,0.0,0.0,0.0,0.0,0.0,0.0,0.0,0.0,0.0,0.0,0.0,0.0,0.0,0.0,0.0,0.0,0.0,0.0,0.0,0.0,0.0,0.0,0.0,0.0,0.0,0.0,0.0,0.0,0.0,0.0,0.0,0.0,0.0,0.0,0.0,0.0,0.0,0.0,0.0,0.0,0.0,0.0,0.0,0.0,0.0,0.0,0.0,0.0,0.0,0.0,0.0,0.0,0.0,0.0,0.0,0.0,0.0,0.0,0.0,0.0,0.0,0.0,0.0,0.0,0.0,0.0,0.0,0.0,0.0,0.0,0.0,0.0,0.0,0.0,0.0,0.0,0.0,0.0,0.0,0.0,0.0,0.0,0.0,0.0,0.0,0.0,0.0,0.0,0.0,0.0,0.0,0.0,0.0,0.0,0.0,0.0,0.0,0.0,0.0,0.0,0.0,0.0,0.0,0.0,1.0,1.0,0.0,0.0,0.0,0.0,0.0,0.0,0.0,0.0,0.0,0.0,0.0,0.0,0.0,0.0,0.0,0.0,0.0,0.0,0.0,0.0,0.0,0.0,0.0,0.0,0.0,0.0,0.0,0.0,0.0,0.0,0.0,0.0,0.0,0.0,0.0,0.0,0.0,0.0,0.0,0.0,0.0,0.0,0.0,0.0,0.0,0.0,0.0,0.0,0.0,0.0,0.0,0.0,0.0,0.0,0.0,0.0,0.0,0.0,0.0,0.0,0.0,0.0,0.0,0.0,0.0,0.0,0.0,0.0,0.0,0.0,0.0,0.0,0.0,0.0,0.0,0.0,0.0,0.0,0.0,0.0,0.0,0.0,0.0,0.0,0.0,0.0,1.0,1.0,1.0,1.0,0.0,0.0,0,0,0,0,1,0,1,0,ACY_*****(**)***(*)**,acyclic_anonymous_graph,train,0,1,0,0,0,0,0,0,1,0,1,0,0,0,0,0,0,0,0,0,0,0,0,0,0,0,1,0,0,0,0,0,0,1,0,0,0,0,1,1,0,0,0,0,0,0,0,0,1,1,0,0,0,0,0,0,0,0,0,0,0,0,0,0,0,0,0,0,0,0,0,0,0,0,0,0,0,0,0,1,1,0,0,0,0,0,1,0,0,0,0,0,0,0,0,0,0,0,0,0,0,0,0,0,0,0,0,0,0,1,0,0,0,0,0,0,0,0,1,1,0,0,0,0,0,1,0,0,0,0,0,0,0,0,0,0,0,0,1,0,1,0,0,0,0,0,0,1,0,0,0,0,0,0,0,0,0,0,0,0,0,0,0,0,0,0,0,0,0,0,0,0,0,0,0,0,0,0,0,0,0,0,1,1,0,0,0,0,0,0,1,1,0,0,1,0,0,0,0,0,0,0,0,0,0,1,0,0,0,0,0,0,0,0,0,0,0,0,0,0,0,0,0,0,0,0,0,1,0,0,0,0,0,0,1,0,0,0,0,0,0,0,0,0,1,0,0,0,0,0,0,0,0,0,0,0,0.3296480407749041,-0.4622508772042368,-0.054238657238851025,0.7918989179791409,0.4622508772042368,0.4401060110008398,-1.1452085551059032,10.765701609347442,0.31023289871504156,10.765701609347442,-0.31023289871504156,10.4554687106324,5.5379672540312415,5.2277343553162,0.09564372747661495,2.9333052544582965,0.0,5.969305287951849,12.52478801067431,12.841643245852019,18.9176633526859,0.0,0.0,20.426410082979746,4.736862953800049,4.794537184071822,0.0,80.97413646916202,80.2112101180157,10.104448006685086,8.713837806426264,6.239912065068585,5.032805283882036,12.21,7.838370161539696,6.378132617764067,76.0,0.0,0.3296480407749041,-0.4622508772042368,0.4622508772042368,0.3296480407749041,26.3,2.9320000000000013,54.462000000000046,0.8999999999999999,2.090909090909091
7800,OCC(O)C(O)C(OC1OC(CO)C(O)C(O)C1O)C(O)CO,1,7800,OCC(O)C(O)C(OC1OC(CO)C(O)C(O)C1O)C(O)CO,7800,OCC(O)C(O)C(OC1OC(CO)C(O)C(O)C1O)C(O)CO,OCC(O)C(O)C(OC1OC(CO)C(O)C(O)C1O)C(O)CO,OCC(O)C(O)C(OC1OC(CO)C(O)C(O)C1O)C(O)CO,OCC(O)C(O)C(OC1OC(CO)C(O)C(O)C1O)C(O)CO,7800.0,1.0,0.0,0.0,0.0,0.0,0.0,0.0,C1CCOCC1,344.31300000000005,-5.761199999999992,200.53,9.0,11.0,8.0,1.0,0.0,11.0,1.0,23.0,0.0,0.0,0.0,0.0,0.0,0.0,0.0,0.0,0.0,0.0,0.0,0.0,0.0,0.0,0.0,0.0,0.0,0.0,0.0,0.0,0.0,0.0,0.0,0.0,0.0,0.0,0.0,0.0,0.0,0.0,9.0,1.0,0.0,0.0,2.0,1.0,0.0,0.0,0.0,0.0,0.0,0.0,0.0,0.0,0.0,0.0,0.0,0.0,0.0,0.0,0.0,0.0,0.0,0.0,0.0,0.0,0.0,0.0,0.0,0.0,0.0,0.0,0.0,0.0,0.0,0.0,0.0,0.0,0.0,0.0,0.0,0.0,0.0,0.0,0.0,0.0,0.0,0.0,0.0,0.0,0.0,0.0,0.0,0.0,0.0,0.0,0.0,0.0,0.0,0.0,0.0,0.0,0.0,0.0,0.0,0.0,0.0,0.0,0.0,0.0,0.0,0.0,0.0,0.0,0.0,0.0,0.0,0.0,0.0,0.0,0.0,0.0,0.0,0.0,0.0,0.0,0.0,0.0,0.0,0.0,0.0,0.0,0.0,0.0,0.0,0.0,0.0,0.0,0.0,0.0,0.0,0.0,0.0,0.0,0.0,0.0,0.0,0.0,0.0,0.0,0.0,0.0,0.0,0.0,0.0,0.0,0.0,0.0,0.0,0.0,0.0,0.0,0.0,0.0,0.0,0.0,0.0,0.0,0.0,0.0,0.0,0.0,0.0,0.0,0.0,0.0,0.0,0.0,0.0,0.0,0.0,0.0,0.0,0.0,0.0,0.0,0.0,0.0,0.0,0.0,0.0,0.0,0.0,0.0,0.0,0.0,0.0,0.0,0.0,0.0,0.0,0.0,0.0,0.0,0.0,0.0,0.0,0.0,0.0,0.0,0.0,0.0,0.0,0.0,0.0,0.0,0.0,0.0,0.0,0.0,0.0,0.0,0.0,0.0,0.0,0.0,0.0,0.0,0.0,0.0,0.0,0.0,0.0,0.0,0.0,0.0,0.0,0.0,0.0,0.0,0.0,0.0,0.0,0.0,0.0,0.0,0.0,0.0,0.0,0.0,0.0,0.0,0.0,0.0,0.0,0.0,0.0,0.0,0.0,0.0,0.0,0.0,0.0,0.0,0.0,0.0,0.0,0.0,0.0,0.0,0.0,0.0,0,0,0,0,0,0,0,1,C1CCOCC1,murcko,train,0,1,0,0,0,0,0,0,0,0,0,0,0,1,0,0,0,0,0,0,0,0,0,0,0,0,0,0,0,0,0,0,0,0,0,0,0,0,0,1,0,0,0,1,0,0,0,0,0,0,0,0,1,0,0,0,0,0,0,0,0,1,0,1,0,0,0,0,0,0,0,0,0,0,0,0,0,0,0,0,1,0,0,1,0,0,0,0,0,0,0,0,0,0,0,0,0,0,1,0,0,1,0,0,0,0,0,0,0,0,0,0,0,0,0,0,0,0,0,0,1,0,0,0,0,0,0,0,0,1,0,0,0,0,0,0,0,0,0,0,0,0,0,0,1,1,0,0,0,0,0,0,0,0,0,0,0,1,0,0,0,0,0,0,0,0,0,0,0,0,0,0,0,0,0,0,0,0,1,0,0,0,0,1,0,1,0,0,0,0,0,0,0,0,0,0,0,0,0,0,0,0,0,0,0,0,0,1,0,0,1,0,0,0,0,0,0,0,0,0,0,0,1,0,1,1,1,1,1,0,0,0,0,1,0,0,1,0,0,0,0,0,0,0,0,0,0,0,0,0,0,1,0,0,0,1,0.1867320314247584,-0.3935791334160054,-0.1249640094566913,0.5803111648407638,0.3935791334160054,1.3121076806484147,-4.186279898152315,9.83231646825397,0.7084866307634159,9.83231646825397,-1.8522968631897208,9.123829837490554,5.270401549508692,4.561914918745277,0.10960309626675842,3.044459726651756,74.94240372486038,0.0,0.0,0.0,0.0,0.0,0.0,0.0,24.793308092122217,30.63916436904423,0.0,131.1229773614409,130.37487618602682,17.73168632863937,12.158891706693627,10.776493325277773,6.998763882840467,20.604326241134753,9.149997767143597,4.775681769970198,138.0,0.0,0.1867320314247584,-0.3935791334160054,0.3935791334160054,0.1867320314247584,200.52999999999997,-5.761199999999992,70.83220000000004,0.0,2.0
9961,[Cl][Ni][Cl],1,9961,[Cl][Ni][Cl],9961,[Cl][Ni][Cl],[Cl][Ni][Cl],[Cl][Ni][Cl],[Ni+2],9961.0,1.0,0.0,1.0,1.0,1.0,1.0,0.0,,129.599,1.3765,0.0,0.0,0.0,0.0,0.0,0.0,3.0,0.0,3.0,0.0,0.0,0.0,0.0,0.0,0.0,0.0,0.0,0.0,0.0,0.0,0.0,0.0,0.0,0.0,0.0,0.0,0.0,0.0,0.0,0.0,0.0,0.0,0.0,0.0,0.0,0.0,0.0,0.0,0.0,0.0,0.0,0.0,0.0,0.0,0.0,0.0,0.0,0.0,0.0,0.0,0.0,0.0,0.0,0.0,0.0,0.0,0.0,0.0,0.0,0.0,0.0,0.0,0.0,0.0,0.0,0.0,0.0,0.0,0.0,0.0,0.0,2.0,1.0,0.0,0.0,2.0,1.0,0.0,0.0,0.0,0.0,0.0,0.0,0.0,0.0,0.0,0.0,0.0,0.0,0.0,0.0,0.0,0.0,0.0,0.0,0.0,0.0,0.0,0.0,0.0,0.0,0.0,0.0,0.0,0.0,0.0,0.0,1.0,1.0,1.0,1.0,2.0,1.0,0.0,0.0,0.0,0.0,0.0,0.0,0.0,0.0,0.0,0.0,0.0,0.0,0.0,0.0,0.0,0.0,0.0,0.0,0.0,0.0,0.0,0.0,0.0,0.0,0.0,0.0,0.0,0.0,0.0,0.0,0.0,0.0,0.0,0.0,0.0,0.0,0.0,0.0,0.0,0.0,0.0,0.0,0.0,0.0,0.0,0.0,0.0,0.0,0.0,0.0,0.0,0.0,0.0,0.0,0.0,0.0,0.0,0.0,0.0,0.0,0.0,0.0,0.0,0.0,0.0,0.0,0.0,0.0,0.0,0.0,0.0,0.0,0.0,0.0,0.0,0.0,0.0,0.0,0.0,0.0,0.0,0.0,0.0,0.0,0.0,0.0,0.0,0.0,0.0,0.0,0.0,0.0,0.0,0.0,0.0,0.0,0.0,0.0,0.0,0.0,0.0,0.0,0.0,0.0,0.0,0.0,0.0,0.0,0.0,0.0,0.0,0.0,0.0,0.0,0.0,0.0,0.0,0.0,0.0,0.0,0.0,0.0,0.0,0.0,0.0,0.0,0.0,0.0,0.0,0.0,0.0,0.0,0.0,0.0,0.0,0.0,0.0,0.0,0.0,0.0,0.0,0.0,0.0,0.0,0.0,0.0,0.0,0.0,0.0,0.0,0.0,0.0,0.0,0.0,0.0,0.0,0.0,0.0,0,0,0,0,0,0,0,0,ACY_***,acyclic_anonymous_graph,train,0,0,0,0,0,0,1,0,0,0,0,0,0,0,0,0,0,0,0,0,0,0,0,0,0,0,0,0,0,1,0,1,0,0,0,0,0,0,0,0,0,0,0,0,0,0,0,0,0,0,0,0,0,0,0,0,0,0,0,0,0,0,0,0,0,0,0,0,0,0,0,0,0,0,0,0,0,0,0,0,0,0,0,0,0,0,0,0,0,0,0,0,0,0,0,0,0,0,0,0,0,0,0,0,0,0,0,0,0,0,0,0,0,0,0,0,0,0,0,0,0,0,0,0,0,0,0,0,0,0,0,0,0,0,0,0,0,0,0,0,0,0,0,0,0,0,0,1,0,0,0,0,0,0,0,0,0,0,0,0,0,0,0,0,0,0,0,0,0,0,0,0,0,0,0,0,0,0,0,0,0,0,0,0,0,0,0,0,0,0,0,0,0,0,0,0,0,0,0,0,0,0,0,0,0,0,0,0,0,0,0,0,0,0,0,0,0,0,0,0,0,0,0,0,0,0,0,0,0,0,0,0,0,0,0,0,0,0,0,0,0,0,0,0,0,0,0,0,0,0,0,0,0,0,0,0,,,,,,,,4.701388888888888,0.5694444444444446,4.701388888888888,0.5694444444444446,4.131944444444444,2.6354166666666665,2.065972222222222,0.2420168067226891,1.6809086134453783,0.0,0.0,12.654356689637087,0.0,0.0,0.0,0.0,0.0,20.388161392876274,0.0,0.0,33.45844481201771,33.04251808251336,2.7071067811865475,1.0721567120352922,1.4142135623730951,0.23904572186687872,4.0735064935064935,3.0735064935064935,3.073506493506493,24.0,0.0,,,,,0.0,1.3765,11.706,0.0,0.0
8263,O=C(O)c1cc(C(=O)O)cc(S(=O)(=O)O)c1,1,8263,O=C(O)c1cc(C(=O)O)cc(S(=O)(=O)O)c1,8263,O=C(O)c1cc(C(=O)O)cc(S(=O)(=O)O)c1,O=C(O)c1cc(C(=O)O)cc(S(=O)(=O)O)c1,O=C(O)c1cc(C(=O)O)cc(S(=O)(=O)O)c1,O=C(O)c1cc(C(=O)O)cc(S(=O)(=O)O)c1,8263.0,1.0,0.0,0.0,0.0,0.0,0.0,0.0,c1ccccc1,246.196,0.3297,128.96999999999997,3.0,4.0,3.0,1.0,1.0,8.0,0.0,16.0,0.0,0.0,0.0,0.0,0.0,0.0,0.0,0.0,0.0,0.0,0.0,0.0,0.0,0.0,0.0,0.0,0.0,0.0,0.0,0.0,0.0,0.0,0.0,0.0,0.0,0.0,0.0,0.0,0.0,0.0,0.0,0.0,0.0,0.0,0.0,0.0,0.0,0.0,0.0,0.0,2.0,1.0,0.0,0.0,0.0,0.0,0.0,0.0,0.0,0.0,0.0,0.0,0.0,0.0,1.0,1.0,6.0,1.0,0.0,0.0,0.0,0.0,0.0,0.0,0.0,0.0,0.0,0.0,0.0,0.0,0.0,0.0,0.0,0.0,0.0,0.0,1.0,1.0,0.0,0.0,1.0,1.0,0.0,0.0,0.0,0.0,0.0,0.0,0.0,0.0,0.0,0.0,0.0,0.0,0.0,0.0,0.0,0.0,0.0,0.0,0.0,0.0,0.0,0.0,0.0,0.0,0.0,0.0,0.0,0.0,0.0,0.0,0.0,0.0,0.0,0.0,0.0,0.0,0.0,0.0,0.0,0.0,0.0,0.0,0.0,0.0,0.0,0.0,0.0,0.0,0.0,0.0,0.0,0.0,0.0,0.0,0.0,0.0,0.0,0.0,0.0,0.0,0.0,0.0,0.0,0.0,0.0,0.0,0.0,0.0,0.0,0.0,0.0,0.0,0.0,0.0,0.0,0.0,0.0,0.0,0.0,0.0,0.0,0.0,0.0,0.0,0.0,0.0,0.0,0.0,0.0,0.0,0.0,0.0,0.0,0.0,0.0,0.0,0.0,0.0,0.0,0.0,0.0,0.0,0.0,0.0,0.0,0.0,0.0,0.0,0.0,0.0,0.0,0.0,0.0,0.0,0.0,0.0,0.0,0.0,0.0,0.0,0.0,0.0,0.0,0.0,0.0,0.0,0.0,0.0,0.0,0.0,0.0,0.0,0.0,0.0,0.0,0.0,0.0,0.0,0.0,0.0,0.0,0.0,0.0,0.0,0.0,0.0,0.0,0.0,0.0,0.0,0.0,0.0,0.0,0.0,0.0,0.0,0.0,0.0,0.0,0.0,0.0,0.0,0.0,0.0,0.0,0.0,0.0,0.0,0.0,0.0,0.0,0.0,0.0,0.0,0.0,0.0,0.0,0.0,0.0,0.0,0,0,0,0,0,0,0,0,c1ccccc1,murcko,train,0,0,0,0,0,0,0,0,0,0,0,0,0,0,0,0,0,0,1,0,0,0,0,0,0,0,0,0,0,0,1,1,0,0,0,0,0,0,0,1,0,0,0,0,0,0,0,0,0,0,0,0,0,0,0,0,0,0,0,0,0,0,0,1,0,0,0,0,0,0,0,0,0,0,0,0,0,0,0,0,1,1,0,0,0,0,0,0,0,0,0,0,0,0,1,0,0,0,0,0,1,0,0,0,0,1,0,1,0,0,0,0,0,0,1,0,0,0,0,0,0,0,0,0,0,1,0,0,0,0,0,0,0,1,0,0,0,0,1,0,0,0,0,1,0,0,0,0,0,0,0,0,0,0,0,0,0,0,0,0,0,0,0,0,0,0,0,0,0,0,0,0,0,0,0,0,0,0,0,0,0,0,0,0,0,0,0,0,0,0,0,0,0,0,0,0,1,0,0,0,1,0,0,0,0,0,0,0,0,0,0,0,0,0,0,0,0,0,0,0,0,0,0,0,0,0,0,0,0,0,0,0,0,0,0,0,0,0,0,0,0,0,0,0,0,0,0,0,0,0,0,0,0,0,0,0,0.33525061554426416,-0.4776384646504196,-0.06379058038690547,0.8128890801946838,0.4776384646504196,1.1834851282495777,-2.204134414440065,10.752205215419501,0.534699074074074,10.752205215419501,-4.641527777777777,10.217506141345426,5.643452144746788,5.108753070672713,0.09787124041486717,3.1170573004278466,38.07912389384902,0.0,12.13273413692322,6.06636706846161,0.0,0.0,0.0,0.0,14.765804663371775,18.00687135247258,0.0,89.70143506281035,89.0509011150782,12.508071689507773,7.614933046388068,7.214232620803161,3.8075443579330193,12.141073205401563,3.9091781391703995,2.5529971577498047,86.0,0.0,0.33525061554426416,-0.4776384646504196,0.4776384646504196,0.33525061554426416,128.96999999999997,0.3297,50.175200000000004,0.0,0.6000000000000001
8306,Nc1c(Oc2ccccc2)c(Oc2ccccc2)c(N)c2c1C(=O)c1ccccc1C2=O,0,8306,Nc1c(Oc2ccccc2)c(Oc2ccccc2)c(N)c2c1C(=O)c1ccccc1C2=O,8306,Nc1c(Oc2ccccc2)c(Oc2ccccc2)c(N)c2c1C(=O)c1ccccc1C2=O,Nc1c(Oc2ccccc2)c(Oc2ccccc2)c(N)c2c1C(=O)c1ccccc1C2=O,Nc1c(Oc2ccccc2)c(Oc2ccccc2)c(N)c2c1C(=O)c1ccccc1C2=O,Nc1c(Oc2ccccc2)c(Oc2ccccc2)c(N)c2c1C(=O)c1ccccc1C2=O,8306.0,1.0,0.0,0.0,0.0,0.0,0.0,0.0,O=C1c2ccccc2C(=O)c2cc(Oc3ccccc3)c(Oc3ccccc3)cc21,422.4400000000002,5.211000000000004,104.64,2.0,6.0,4.0,5.0,4.0,6.0,0.0,32.0,0.0,0.0,0.0,0.0,0.0,0.0,0.0,0.0,0.0,0.0,0.0,0.0,0.0,0.0,0.0,0.0,2.0,1.0,0.0,0.0,0.0,0.0,0.0,0.0,0.0,0.0,0.0,0.0,0.0,0.0,0.0,0.0,0.0,0.0,2.0,1.0,0.0,0.0,2.0,1.0,0.0,0.0,0.0,0.0,0.0,0.0,0.0,0.0,0.0,0.0,0.0,0.0,0.0,0.0,4.0,1.0,24.0,1.0,4.0,1.0,0.0,0.0,0.0,0.0,0.0,0.0,0.0,0.0,0.0,0.0,0.0,0.0,0.0,0.0,0.0,0.0,0.0,0.0,0.0,0.0,0.0,0.0,0.0,0.0,0.0,0.0,0.0,0.0,0.0,0.0,0.0,0.0,0.0,0.0,0.0,0.0,0.0,0.0,0.0,0.0,0.0,0.0,0.0,0.0,0.0,0.0,0.0,0.0,2.0,1.0,0.0,0.0,2.0,1.0,0.0,0.0,0.0,0.0,0.0,0.0,0.0,0.0,0.0,0.0,0.0,0.0,0.0,0.0,0.0,0.0,0.0,0.0,0.0,0.0,0.0,0.0,0.0,0.0,0.0,0.0,0.0,0.0,0.0,0.0,0.0,0.0,0.0,0.0,0.0,0.0,0.0,0.0,0.0,0.0,0.0,0.0,0.0,0.0,0.0,0.0,0.0,0.0,0.0,0.0,0.0,0.0,0.0,0.0,0.0,0.0,0.0,0.0,0.0,0.0,0.0,0.0,0.0,0.0,0.0,0.0,0.0,0.0,0.0,0.0,0.0,0.0,0.0,0.0,0.0,0.0,0.0,0.0,0.0,0.0,0.0,0.0,0.0,0.0,0.0,0.0,0.0,0.0,0.0,0.0,0.0,0.0,0.0,0.0,0.0,0.0,0.0,0.0,0.0,0.0,0.0,0.0,0.0,0.0,0.0,0.0,0.0,0.0,0.0,0.0,0.0,0.0,0.0,0.0,0.0,0.0,0.0,0.0,0.0,0.0,0.0,0.0,0.0,0.0,0.0,0.0,0.0,0.0,0.0,0.0,0.0,0.0,0.0,0.0,0.0,0.0,0.0,0.0,0.0,0.0,0.0,0.0,1.0,2.0,1.0,2.0,0.0,0.0,1,1,1,0,0,0,0,0,O=C1c2ccccc2C(=O)c2cc(Oc3ccccc3)c(Oc3ccccc3)cc21,murcko,train,0,1,0,0,1,0,0,0,0,0,0,0,0,0,0,0,0,0,0,1,0,0,0,0,0,0,0,0,0,0,0,0,0,0,1,0,0,0,0,0,0,0,0,0,0,0,0,0,0,0,1,0,0,0,0,0,0,0,1,0,0,0,0,0,1,0,1,0,0,0,0,0,0,0,0,0,0,1,0,0,0,1,0,0,0,0,0,0,0,0,0,0,0,0,0,0,1,0,0,0,1,0,0,0,0,0,0,0,0,0,0,0,0,0,0,0,0,0,0,0,0,0,0,0,0,0,0,0,0,0,0,0,0,1,0,0,0,0,1,0,0,0,0,0,1,0,0,1,0,0,0,0,0,0,0,0,0,0,0,0,0,0,0,0,0,0,0,0,0,0,0,0,0,0,0,1,0,1,0,0,0,0,0,1,0,1,0,0,0,0,0,0,0,1,0,0,1,0,0,0,0,0,0,0,0,1,0,0,0,0,0,1,0,0,1,0,1,0,0,0,0,0,0,0,0,0,0,0,0,0,0,0,0,0,0,0,0,0,0,0,0,0,0,0,0,0,0,0,0,0,0,0,0,0,0,0,0.19631802463536294,-0.45113903864163396,-0.04735072893451894,0.6474570632769969,0.45113903864163396,1.4129456707026704,-2.9281689966072766,13.316702447584483,0.0029284769463340243,13.316702447584483,-0.385580750818846,13.313773970638149,6.659815462265408,6.656886985319074,0.07511018304842594,3.33137261374909,0.0,56.694092075452794,11.49902366656781,0.0,0.0,72.79640482153933,12.13273413692322,0.0,20.94106086192447,9.589074368143644,0.0,183.55665486607978,183.65238993055127,22.24191172926027,16.870597468889468,15.558550648063806,9.950812614816758,19.387451107984027,7.592080536626228,3.056854896103156,156.0,0.0,0.19631802463536294,-0.45113903864163396,0.45113903864163396,0.19631802463536294,104.63999999999999,5.211000000000004,121.60580000000004,2.1,0.8
10078,C#CC1(O)CCCCC1,1,10078,C#CC1(O)CCCCC1,10078,C#CC1(O)CCCCC1,C#CC1(O)CCCCC1,C#CC1(O)CCCCC1,C#CC1(O)CCCCC1,10078.0,1.0,0.0,0.0,0.0,0.0,0.0,0.0,C1CCCCC1,124.183,1.3148,20.23,1.0,1.0,0.0,1.0,0.0,1.0,0.75,9.0,0.0,0.0,0.0,0.0,0.0,0.0,0.0,0.0,0.0,0.0,0.0,0.0,0.0,0.0,0.0,0.0,0.0,0.0,0.0,0.0,0.0,0.0,0.0,0.0,0.0,0.0,0.0,0.0,0.0,0.0,1.0,1.0,0.0,0.0,0.0,0.0,0.0,0.0,0.0,0.0,0.0,0.0,0.0,0.0,0.0,0.0,0.0,0.0,0.0,0.0,0.0,0.0,1.0,1.0,0.0,0.0,0.0,0.0,0.0,0.0,0.0,0.0,0.0,0.0,0.0,0.0,0.0,0.0,0.0,0.0,0.0,0.0,0.0,0.0,0.0,0.0,0.0,0.0,0.0,0.0,0.0,0.0,0.0,0.0,0.0,0.0,0.0,0.0,0.0,0.0,0.0,0.0,0.0,0.0,0.0,0.0,0.0,0.0,0.0,0.0,0.0,0.0,0.0,0.0,0.0,0.0,0.0,0.0,0.0,0.0,0.0,0.0,0.0,0.0,0.0,0.0,0.0,0.0,0.0,0.0,0.0,0.0,0.0,0.0,0.0,0.0,0.0,0.0,0.0,0.0,0.0,0.0,0.0,0.0,0.0,0.0,0.0,0.0,0.0,0.0,0.0,0.0,0.0,0.0,0.0,0.0,0.0,0.0,0.0,0.0,0.0,0.0,0.0,0.0,0.0,0.0,0.0,0.0,0.0,0.0,0.0,0.0,0.0,0.0,0.0,0.0,0.0,0.0,0.0,0.0,0.0,0.0,0.0,0.0,0.0,0.0,0.0,0.0,0.0,0.0,0.0,0.0,0.0,0.0,0.0,0.0,0.0,0.0,0.0,0.0,0.0,0.0,0.0,0.0,0.0,0.0,0.0,0.0,0.0,0.0,0.0,0.0,0.0,0.0,0.0,0.0,0.0,0.0,0.0,0.0,0.0,0.0,0.0,0.0,0.0,0.0,0.0,0.0,0.0,0.0,0.0,0.0,0.0,0.0,0.0,0.0,0.0,0.0,0.0,0.0,0.0,0.0,0.0,0.0,0.0,0.0,0.0,0.0,0.0,0.0,0.0,0.0,0.0,0.0,0.0,0.0,0.0,0.0,0.0,0.0,0.0,0.0,0.0,0.0,0.0,0.0,0.0,0.0,0.0,0.0,0.0,0.0,0,0,0,0,0,0,0,0,C1CCCCC1,murcko,train,0,0,1,0,1,0,0,0,0,0,0,0,0,0,0,0,0,0,0,0,0,0,0,0,0,0,0,0,0,0,0,0,0,0,0,0,1,0,0,1,0,0,0,0,0,0,0,0,0,0,0,0,0,0,0,0,0,0,0,0,0,0,0,0,0,0,0,0,0,0,0,0,0,0,0,0,0,0,0,0,0,0,0,0,0,0,0,0,0,0,0,0,0,0,0,0,0,0,0,0,0,0,1,0,0,0,0,0,0,0,0,0,0,0,0,0,0,0,0,0,0,0,0,0,0,0,0,0,0,0,1,0,0,0,0,0,0,0,1,0,0,1,0,0,0,0,0,1,0,0,0,0,0,0,0,0,0,0,1,0,0,0,1,0,0,0,0,1,0,0,0,0,0,0,0,0,0,0,0,0,0,0,0,0,0,0,0,0,0,0,0,0,0,0,0,0,0,1,0,0,0,0,0,0,0,0,1,0,0,0,0,0,0,0,0,0,0,0,0,0,0,0,0,0,0,0,0,0,0,0,0,0,0,0,0,0,0,0,0,0,0,0,0,0,0,0,0,0,1,0,0,0,0,0,0,0,0.12477070339366979,-0.37762710145316236,-0.06879756601261243,0.5023978048468322,0.37762710145316236,0.12477070339366979,-0.7439487975071817,9.443888888888889,0.7517361111111107,9.443888888888889,-0.7517361111111107,8.692152777777778,5.0978125,4.346076388888889,0.11504629814567736,2.9897877947562055,5.601050810983688,0.0,0.0,25.683286491704038,6.4208216229260096,0.0,0.0,5.920434318855644,6.423349895620259,5.106527394840706,0.0,56.08147381913186,55.155470534930345,6.7426406871192865,5.560097770622322,4.267766952966369,3.4693887135313393,6.6373708920187795,2.4088406635802464,1.4617979156672007,50.0,0.0,0.12477070339366979,-0.37762710145316236,0.37762710145316236,0.12477070339366979,20.23,1.3148,36.8678,0.0,0.30000000000000004
11827,O=P1(c2cc(O)ccc2O)Oc2ccccc2-c2ccccc21,1,11827,O=P1(c2cc(O)ccc2O)Oc2ccccc2-c2ccccc21,11827,O=P1(c2cc(O)ccc2O)Oc2ccccc2-c2ccccc21,O=P1(c2cc(O)ccc2O)Oc2ccccc2-c2ccccc21,O=P1(c2cc(O)ccc2O)Oc2ccccc2-c2ccccc21,O=P1(c2cc(O)ccc2O)Oc2ccccc2-c2ccccc21,11827.0,1.0,0.0,0.0,0.0,0.0,0.0,0.0,O=P1(c2ccccc2)Oc2ccccc2-c2ccccc21,324.27200000000005,3.3861000000000017,66.76,2.0,4.0,1.0,4.0,3.0,5.0,0.0,23.0,0.0,0.0,0.0,0.0,0.0,0.0,0.0,0.0,0.0,0.0,0.0,0.0,0.0,0.0,0.0,0.0,0.0,0.0,0.0,0.0,0.0,0.0,0.0,0.0,0.0,0.0,0.0,0.0,0.0,0.0,0.0,0.0,2.0,1.0,0.0,0.0,0.0,0.0,0.0,0.0,0.0,0.0,0.0,0.0,0.0,0.0,0.0,0.0,0.0,0.0,0.0,0.0,0.0,0.0,3.0,1.0,30.0,1.0,4.0,1.0,0.0,0.0,0.0,0.0,0.0,0.0,0.0,0.0,0.0,0.0,0.0,0.0,0.0,0.0,0.0,0.0,0.0,0.0,0.0,0.0,0.0,0.0,0.0,0.0,0.0,0.0,0.0,0.0,0.0,0.0,0.0,0.0,0.0,0.0,0.0,0.0,0.0,0.0,0.0,0.0,0.0,0.0,0.0,0.0,0.0,0.0,0.0,0.0,0.0,0.0,0.0,0.0,0.0,0.0,0.0,0.0,0.0,0.0,0.0,0.0,0.0,0.0,0.0,0.0,0.0,0.0,0.0,0.0,0.0,0.0,0.0,0.0,0.0,0.0,0.0,0.0,0.0,0.0,0.0,0.0,0.0,0.0,0.0,0.0,0.0,0.0,0.0,0.0,0.0,0.0,0.0,0.0,0.0,0.0,0.0,0.0,0.0,0.0,0.0,0.0,0.0,0.0,0.0,0.0,0.0,0.0,0.0,0.0,0.0,0.0,0.0,0.0,0.0,0.0,0.0,0.0,0.0,0.0,0.0,0.0,0.0,0.0,0.0,0.0,0.0,0.0,0.0,0.0,0.0,0.0,0.0,0.0,0.0,0.0,0.0,0.0,0.0,0.0,0.0,0.0,0.0,0.0,0.0,0.0,0.0,0.0,0.0,0.0,0.0,0.0,0.0,0.0,0.0,0.0,0.0,0.0,0.0,0.0,0.0,0.0,0.0,0.0,0.0,0.0,1.0,1.0,0.0,0.0,0.0,0.0,0.0,0.0,0.0,0.0,0.0,0.0,0.0,0.0,0.0,0.0,0.0,0.0,0.0,0.0,0.0,0.0,0.0,0.0,0.0,0.0,0.0,0.0,0.0,0.0,0.0,0.0,1.0,1.0,0.0,0.0,1.0,1.0,0,0,0,0,0,0,0,0,O=P1(c2ccccc2)Oc2ccccc2-c2ccccc21,murcko,train,0,0,0,0,0,0,0,0,0,0,0,0,0,0,0,0,0,0,0,0,1,1,1,0,0,0,0,0,0,0,0,0,0,1,0,0,0,0,0,1,0,0,1,0,0,0,0,0,0,0,0,0,0,0,0,0,0,0,0,0,0,0,0,0,1,0,1,0,0,0,0,1,0,1,0,0,0,1,0,0,0,1,0,0,0,0,0,1,0,0,0,0,0,0,0,0,1,0,0,0,1,0,0,0,0,1,0,1,0,0,0,0,1,1,0,0,0,0,0,0,0,0,0,0,1,1,0,0,0,0,0,0,0,0,0,0,1,0,1,0,0,0,0,0,1,0,0,0,0,0,0,0,0,0,0,0,0,0,0,0,0,0,0,0,0,0,0,0,1,0,0,0,0,0,0,1,0,0,0,0,0,0,0,0,0,1,0,0,0,0,0,0,0,0,0,1,0,0,1,0,0,1,0,0,0,0,0,0,0,0,0,0,0,0,1,1,1,0,0,0,0,0,0,0,0,0,0,0,0,0,0,0,0,1,0,0,0,0,0,0,0,0,0,0,0,0,0,0,0,0,0,0,0,0,0,0,0.3107676459056941,-0.507933528830177,-0.056126437979682586,0.818701174735871,0.507933528830177,0.8756014152807869,-2.166509488813486,13.699726001511717,0.07595857478793944,13.699726001511717,-3.562662037037037,13.623767426723777,6.8878422881498285,6.811883713361889,0.07340113558004847,3.4823239343739982,7.368827530443599,16.803563562806715,11.054051729522811,11.126902983393991,18.19910120538483,24.26546827384644,24.26546827384644,0.0,4.5237471617118175,14.77810307461274,0.0,132.61804327021534,132.3852337955694,16.026733258565955,12.008990328513487,11.093172145670254,7.106434117993795,13.918983667945433,4.8998829117665395,2.0306298861961203,114.0,0.0,0.3107676459056941,-0.507933528830177,0.507933528830177,0.3107676459056941,66.76,3.3861000000000017,89.1521,0.0,0.2
6939,CCCCCCCCC=CCCCCCCCC(=O)OCC(C)(C)COC(=O)CCCCCCCC=CCCCCCCCC,0,6939,CCCCCCCCC=CCCCCCCCC(=O)OCC(C)(C)COC(=O)CCCCCCCC=CCCCCCCCC,6939,CCCCCCCCC=CCCCCCCCC(=O)OCC(C)(C)COC(=O)CCCCCCCC=CCCCCCCCC,CCCCCCCCC=CCCCCCCCC(=O)OCC(C)(C)COC(=O)CCCCCCCC=CCCCCCCCC,CCCCCCCCC=CCCCCCCCC(=O)OCC(C)(C)COC(=O)CCCCCCCC=CCCCCCCCC,CCCCCCCCC=CCCCCCCCC(=O)OCC(C)(C)COC(=O)CCCCCCCC=CCCCCCCCC,6939.0,1.0,0.0,0.0,0.0,0.0,0.0,0.0,,633.055,13.173999999999976,52.6,0.0,4.0,34.0,0.0,0.0,4.0,0.8536585365853658,45.0,0.0,0.0,0.0,0.0,0.0,0.0,0.0,0.0,0.0,0.0,0.0,0.0,0.0,0.0,0.0,0.0,0.0,0.0,0.0,0.0,0.0,0.0,0.0,0.0,0.0,0.0,0.0,0.0,0.0,0.0,0.0,0.0,0.0,0.0,2.0,1.0,0.0,0.0,0.0,0.0,0.0,0.0,0.0,0.0,2.0,1.0,0.0,0.0,0.0,0.0,2.0,1.0,0.0,0.0,0.0,0.0,0.0,0.0,0.0,0.0,0.0,0.0,0.0,0.0,0.0,0.0,0.0,0.0,0.0,0.0,0.0,0.0,0.0,0.0,0.0,0.0,0.0,0.0,0.0,0.0,0.0,0.0,0.0,0.0,0.0,0.0,0.0,0.0,0.0,0.0,0.0,0.0,0.0,0.0,0.0,0.0,0.0,0.0,0.0,0.0,0.0,0.0,0.0,0.0,0.0,0.0,0.0,0.0,0.0,0.0,0.0,0.0,0.0,0.0,0.0,0.0,0.0,0.0,0.0,0.0,0.0,0.0,0.0,0.0,0.0,0.0,0.0,0.0,0.0,0.0,0.0,0.0,0.0,0.0,0.0,0.0,0.0,0.0,0.0,0.0,0.0,0.0,0.0,0.0,0.0,0.0,0.0,0.0,0.0,0.0,0.0,0.0,0.0,0.0,0.0,0.0,0.0,0.0,0.0,0.0,0.0,0.0,0.0,0.0,0.0,0.0,0.0,0.0,0.0,0.0,0.0,0.0,0.0,0.0,0.0,0.0,0.0,0.0,0.0,0.0,0.0,0.0,0.0,0.0,0.0,0.0,0.0,0.0,0.0,0.0,0.0,0.0,0.0,0.0,0.0,0.0,0.0,0.0,0.0,0.0,0.0,0.0,0.0,0.0,0.0,0.0,0.0,0.0,0.0,0.0,0.0,0.0,0.0,0.0,0.0,0.0,0.0,0.0,0.0,0.0,0.0,0.0,0.0,0.0,0.0,0.0,0.0,0.0,0.0,0.0,0.0,0.0,0.0,0.0,0.0,0.0,0.0,0.0,2.0,1.0,0.0,0.0,0.0,0.0,0.0,0.0,0.0,0.0,0.0,0.0,0.0,0.0,0.0,0.0,0.0,0.0,1.0,1.0,0.0,0.0,1.0,1.0,0,0,0,0,0,1,0,0,ACY_******************(*)***(*)(*)***(*)*****************,acyclic_anonymous_graph,train,0,0,0,0,0,0,0,1,0,0,0,0,0,0,0,0,0,0,0,0,0,0,0,0,0,0,1,0,1,0,0,0,0,1,0,0,0,0,1,1,0,0,0,0,0,0,0,0,0,0,0,0,0,0,0,0,0,0,0,0,0,0,0,0,0,0,0,0,0,0,0,0,0,0,0,1,1,0,0,1,1,0,0,0,0,0,0,0,0,0,0,0,0,0,0,0,0,0,0,0,0,0,1,0,0,0,1,0,0,0,0,0,0,0,1,0,0,0,0,1,0,0,0,0,0,1,0,0,0,0,0,0,0,0,0,0,1,0,1,0,0,0,0,0,0,1,0,1,0,0,0,0,0,0,0,0,0,0,0,0,1,0,0,0,1,1,0,0,0,0,0,0,0,0,0,0,0,0,0,0,0,0,1,1,0,0,0,0,0,0,0,0,0,0,0,0,0,0,0,0,0,0,0,0,0,1,0,0,0,0,0,0,0,0,0,0,0,0,0,1,0,0,0,0,0,0,0,0,0,0,0,1,0,0,0,0,0,0,0,0,0,0,0,1,0,0,0,0,0,0,0,0,0,0,0,0,0.3052997141798798,-0.46496637953138015,-0.052758450074542135,0.77026609371126,0.46496637953138015,0.9339809203049521,-3.3081111736593485,12.18709445520131,0.1385886075266778,12.18709445520131,-0.3646223644862647,12.048505847674631,6.162841531363994,6.024252923837316,0.08299784327141282,3.1523091925987803,0.0,30.567364974326317,12.841643245852019,25.683286491704038,141.25807570437226,0.0,13.847474399381248,38.15155482671677,9.473725907600098,9.589074368143644,0.0,280.50786419842666,281.4121999180964,33.11054466109495,30.655597674210366,21.909014043794343,19.521933803385657,43.419999999999995,33.77385084316233,35.12417838320757,264.0,0.0,0.3052997141798798,-0.46496637953138015,0.46496637953138015,0.3052997141798798,52.6,13.173999999999976,194.60299999999927,0.0,8.441463414634146
6356,C=CS(=O)(=O)CCOCCNc1nc(F)nc(Nc2ccc(N=Nc3ccc(N=Nc4cc(S(=O)(=O)O)c5cc(S(=O)(=O)O)cc(S(=O)(=O)O)c5c4)cc3)cc2)n1,1,6356,C=CS(=O)(=O)CCOCCNc1nc(F)nc(Nc2ccc(N=Nc3ccc(N=Nc4cc(S(=O)(=O)O)c5cc(S(=O)(=O)O)cc(S(=O)(=O)O)c5c4)cc3)cc2)n1,6356,C=CS(=O)(=O)CCOCCNc1nc(F)nc(Nc2ccc(N=Nc3ccc(N=Nc4cc(S(=O)(=O)O)c5cc(S(=O)(=O)O)cc(S(=O)(=O)O)c5c4)cc3)cc2)n1,C=CS(=O)(=O)CCOCCNc1nc(F)nc(Nc2ccc(N=Nc3ccc(N=Nc4cc(S(=O)(=O)O)c5cc(S(=O)(=O)O)cc(S(=O)(=O)O)c5c4)cc3)cc2)n1,C=CS(=O)(=O)CCOCCNc1nc(F)nc(Nc2ccc(N=Nc3ccc(N=Nc4cc(S(=O)(=O)O)c5cc(S(=O)(=O)O)cc(S(=O)(=O)O)c5c4)cc3)cc2)n1,C=CS(=O)(=O)CCOCCNc1nc(F)nc(Nc2ccc(N=Nc3ccc(N=Nc4cc(S(=O)(=O)O)c5cc(S(=O)(=O)O)cc(S(=O)(=O)O)c5c4)cc3)cc2)n1,6356.0,1.0,0.0,0.0,0.0,0.0,0.0,0.0,c1ccc2cc(N=Nc3ccc(N=Nc4ccc(Nc5ncncn5)cc4)cc3)ccc2c1,865.8820000000003,5.465200000000003,318.65,5.0,18.0,17.0,5.0,5.0,26.0,0.1290322580645161,57.0,0.0,0.0,0.0,0.0,0.0,0.0,0.0,0.0,0.0,0.0,0.0,0.0,0.0,0.0,0.0,0.0,3.0,1.0,0.0,0.0,0.0,0.0,2.0,1.0,0.0,0.0,0.0,0.0,0.0,0.0,0.0,0.0,0.0,0.0,1.0,1.0,0.0,0.0,0.0,0.0,0.0,0.0,0.0,0.0,0.0,0.0,0.0,0.0,0.0,0.0,1.0,1.0,0.0,0.0,5.0,1.0,40.0,1.0,2.0,1.0,0.0,0.0,1.0,1.0,1.0,1.0,0.0,0.0,0.0,0.0,0.0,0.0,0.0,0.0,0.0,0.0,5.0,1.0,0.0,0.0,3.0,1.0,0.0,0.0,0.0,0.0,0.0,0.0,0.0,0.0,0.0,0.0,0.0,0.0,0.0,0.0,0.0,0.0,0.0,0.0,0.0,0.0,0.0,0.0,0.0,0.0,0.0,0.0,0.0,0.0,0.0,0.0,3.0,1.0,0.0,0.0,0.0,0.0,0.0,0.0,1.0,1.0,0.0,0.0,0.0,0.0,4.0,1.0,0.0,0.0,0.0,0.0,0.0,0.0,0.0,0.0,0.0,0.0,0.0,0.0,0.0,0.0,0.0,0.0,0.0,0.0,0.0,0.0,0.0,0.0,0.0,0.0,0.0,0.0,0.0,0.0,0.0,0.0,0.0,0.0,0.0,0.0,0.0,0.0,0.0,0.0,0.0,0.0,0.0,0.0,0.0,0.0,0.0,0.0,0.0,0.0,0.0,0.0,0.0,0.0,0.0,0.0,0.0,0.0,0.0,0.0,0.0,0.0,0.0,0.0,0.0,0.0,0.0,0.0,0.0,0.0,0.0,0.0,0.0,0.0,0.0,0.0,0.0,0.0,0.0,0.0,0.0,0.0,0.0,0.0,0.0,0.0,0.0,0.0,0.0,0.0,0.0,0.0,0.0,0.0,0.0,0.0,0.0,0.0,0.0,0.0,0.0,0.0,0.0,0.0,0.0,0.0,0.0,0.0,0.0,0.0,0.0,0.0,0.0,0.0,0.0,0.0,0.0,0.0,0.0,0.0,0.0,0.0,0.0,0.0,0.0,0.0,0.0,0.0,0.0,0.0,1.0,3.0,1.0,3.0,0.0,0.0,0,0,1,0,0,0,0,0,c1ccc2cc(N=Nc3ccc(N=Nc4ccc(Nc5ncncn5)cc4)cc3)ccc2c1,murcko,train,0,0,0,0,0,0,0,0,0,0,0,0,0,1,0,0,0,0,1,0,0,0,0,0,1,0,0,0,0,0,0,0,0,0,0,0,0,0,0,1,0,0,0,0,0,0,1,1,0,0,1,0,0,0,0,0,0,0,0,0,0,1,1,1,0,0,0,0,1,0,0,0,0,0,0,1,0,1,1,1,1,1,0,0,0,0,1,0,0,0,0,0,0,0,1,0,0,0,0,0,1,0,0,0,0,1,0,1,0,1,0,0,0,0,1,0,0,0,1,0,0,1,1,1,0,0,0,0,1,0,0,0,0,0,0,0,1,0,1,0,0,0,0,0,1,0,0,0,0,0,0,0,0,0,0,1,0,0,0,0,1,0,0,1,0,0,0,0,0,1,0,0,0,0,0,0,0,0,0,1,0,0,1,1,0,0,0,1,0,0,0,1,0,0,0,0,1,0,0,0,1,0,1,0,0,0,0,0,0,0,0,0,0,1,1,0,0,0,0,0,0,0,0,0,0,1,0,0,0,0,0,0,0,0,0,1,0,0,0,0,0,0,0,0,1,0,0,1,1,0,1,0,1,0,1,0,0.31468968446539836,-0.3785564147867075,-0.04253563012199396,0.6932460992521059,0.3785564147867075,2.8031064446368354,-5.227637361590491,14.032751837038173,0.048236753397589816,14.032751837038173,-5.20013366711254,13.984515083640584,7.040494295217881,6.992257541820292,0.07150766358497647,3.544531907222296,71.7287064163499,48.78282505302531,29.194892960973906,17.540786227577883,24.26546827384644,24.26546827384644,0.0,52.621448956970376,4.736862953800049,51.71985260606166,0.0,323.22701096699507,324.8563117224519,41.5974365915019,28.698415609436903,26.696789658799187,15.634143372626127,42.403510184278076,17.177833529744067,11.88087913180952,300.0,0.0,0.31468968446539836,-0.3785564147867075,0.3785564147867075,0.31468968446539836,318.65,5.465200000000003,200.98799999999974,1.3,3.451612903225807
6706,Nc1c(I)c(C(=O)Cl)c(I)c(C(=O)Cl)c1I,1,6706,Nc1c(I)c(C(=O)Cl)c(I)c(C(=O)Cl)c1I,6706,Nc1c(I)c(C(=O)Cl)c(I)c(C(=O)Cl)c1I,Nc1c(I)c(C(=O)Cl)c(I)c(C(=O)Cl)c1I,Nc1c(I)c(C(=O)Cl)c(I)c(C(=O)Cl)c1I,Nc1c(I)c(C(=O)Cl)c(I)c(C(=O)Cl)c1I,6706.0,1.0,0.0,0.0,0.0,0.0,0.0,0.0,c1ccccc1,595.7270000000001,3.8406,60.16,1.0,3.0,2.0,1.0,1.0,8.0,0.0,16.0,0.0,0.0,0.0,0.0,0.0,0.0,0.0,0.0,0.0,0.0,0.0,0.0,0.0,0.0,0.0,0.0,1.0,1.0,0.0,0.0,0.0,0.0,0.0,0.0,0.0,0.0,0.0,0.0,0.0,0.0,0.0,0.0,0.0,0.0,0.0,0.0,0.0,0.0,0.0,0.0,0.0,0.0,0.0,0.0,0.0,0.0,0.0,0.0,2.0,1.0,0.0,0.0,0.0,0.0,1.0,1.0,6.0,1.0,0.0,0.0,0.0,0.0,5.0,1.0,0.0,0.0,2.0,1.0,0.0,0.0,3.0,1.0,0.0,0.0,0.0,0.0,0.0,0.0,0.0,0.0,0.0,0.0,0.0,0.0,0.0,0.0,0.0,0.0,0.0,0.0,0.0,0.0,0.0,0.0,0.0,0.0,0.0,0.0,0.0,0.0,0.0,0.0,0.0,0.0,0.0,0.0,2.0,1.0,1.0,1.0,0.0,0.0,1.0,1.0,0.0,0.0,0.0,0.0,0.0,0.0,0.0,0.0,0.0,0.0,0.0,0.0,0.0,0.0,0.0,0.0,0.0,0.0,0.0,0.0,0.0,0.0,0.0,0.0,0.0,0.0,0.0,0.0,0.0,0.0,0.0,0.0,0.0,0.0,0.0,0.0,0.0,0.0,0.0,0.0,0.0,0.0,0.0,0.0,0.0,0.0,0.0,0.0,0.0,0.0,0.0,0.0,0.0,0.0,0.0,0.0,0.0,0.0,0.0,0.0,0.0,0.0,0.0,0.0,0.0,0.0,0.0,0.0,0.0,0.0,0.0,0.0,0.0,0.0,0.0,0.0,0.0,0.0,0.0,0.0,0.0,0.0,0.0,0.0,0.0,0.0,0.0,0.0,0.0,0.0,3.0,1.0,0.0,0.0,0.0,0.0,0.0,0.0,0.0,0.0,0.0,0.0,0.0,0.0,0.0,0.0,0.0,0.0,0.0,0.0,0.0,0.0,0.0,0.0,0.0,0.0,0.0,0.0,0.0,0.0,0.0,0.0,0.0,0.0,0.0,0.0,0.0,0.0,0.0,0.0,0.0,0.0,0.0,0.0,0.0,0.0,0.0,0.0,0.0,0.0,0.0,0.0,1.0,4.0,1.0,3.0,1.0,1.0,1,0,1,0,0,0,0,0,c1ccccc1,murcko,train,0,0,0,0,0,0,0,0,0,0,0,0,1,0,0,0,0,0,0,1,0,0,0,0,0,0,0,0,0,0,0,0,0,0,0,0,0,0,0,1,0,0,0,0,0,0,0,0,0,0,0,0,0,0,0,0,0,0,0,0,0,0,0,0,0,0,0,0,0,0,0,0,0,0,1,0,0,0,0,0,0,0,0,0,0,0,0,0,0,0,0,0,0,0,0,0,0,0,1,0,1,0,0,0,0,0,0,0,0,0,0,0,0,0,0,0,0,0,0,0,0,0,0,0,0,1,0,0,0,1,1,0,0,0,0,0,0,0,1,0,0,0,0,0,0,0,0,1,0,1,0,0,0,0,0,0,0,0,0,0,0,0,0,0,0,0,0,0,0,0,0,0,0,0,0,0,1,1,0,1,0,0,0,0,0,0,0,0,0,0,0,0,0,0,0,0,0,0,0,0,0,0,0,0,0,1,0,0,0,0,0,0,0,1,0,0,0,0,0,0,0,0,0,0,0,0,0,0,0,0,0,0,0,0,0,0,0,0,0,0,0,0,0,0,0,0,0,0,0,0,0,0,0,0,0,0,0.25413719671546425,-0.3969705659469881,-0.019535835192469486,0.6511077626624524,0.3969705659469881,0.8358326931830509,-1.1484060562625626,11.268825296044344,0.22665061728395086,11.268825296044344,-0.6564197530864193,11.042174678760393,5.747737956664148,5.5210873393801965,0.09056187110710162,2.9918464957834257,10.484853536818541,11.126902983393991,16.39793308787975,0.0,0.0,0.0,67.77261188120417,0.0,28.935547257627213,9.589074368143644,0.0,142.21626906228468,144.30692311506732,12.618802153517008,7.283669215163487,7.285468820183671,3.641834607581744,15.18837711617046,5.846921273207415,2.75220246795522,86.0,0.0,0.25413719671546425,-0.3969705659469881,0.3969705659469881,0.25413719671546425,60.160000000000004,3.8406000000000002,89.3724,2.3,0.4
4343,O=C1CCC(C(=O)O)N1,0,4343,O=C1CCC(C(=O)O)N1,4343,O=C1CCC(C(=O)O)N1,O=C1CCC(C(=O)O)N1,O=C1CCC(C(=O)O)N1,O=C1CCC(C(=O)O)N1,4343.0,1.0,0.0,0.0,0.0,0.0,0.0,0.0,O=C1CCCN1,129.11499999999998,-0.6504000000000001,66.4,2.0,2.0,1.0,1.0,0.0,4.0,0.6,9.0,0.0,0.0,0.0,0.0,0.0,0.0,0.0,0.0,0.0,0.0,1.0,1.0,0.0,0.0,0.0,0.0,0.0,0.0,0.0,0.0,0.0,0.0,0.0,0.0,0.0,0.0,0.0,0.0,0.0,0.0,0.0,0.0,0.0,0.0,0.0,0.0,0.0,0.0,0.0,0.0,1.0,1.0,0.0,0.0,0.0,0.0,0.0,0.0,0.0,0.0,0.0,0.0,0.0,0.0,0.0,0.0,0.0,0.0,0.0,0.0,0.0,0.0,0.0,0.0,0.0,0.0,0.0,0.0,0.0,0.0,0.0,0.0,0.0,0.0,0.0,0.0,0.0,0.0,0.0,0.0,0.0,0.0,0.0,0.0,0.0,0.0,0.0,0.0,0.0,0.0,0.0,0.0,0.0,0.0,0.0,0.0,0.0,0.0,0.0,0.0,0.0,0.0,0.0,0.0,0.0,0.0,0.0,0.0,0.0,0.0,0.0,0.0,0.0,0.0,0.0,0.0,0.0,0.0,0.0,0.0,0.0,0.0,0.0,0.0,0.0,0.0,0.0,0.0,0.0,0.0,0.0,0.0,0.0,0.0,0.0,0.0,0.0,0.0,0.0,0.0,0.0,0.0,0.0,0.0,0.0,0.0,0.0,0.0,0.0,0.0,0.0,0.0,0.0,0.0,0.0,0.0,0.0,0.0,0.0,0.0,0.0,0.0,0.0,0.0,0.0,0.0,0.0,0.0,0.0,0.0,0.0,0.0,0.0,0.0,0.0,0.0,0.0,0.0,0.0,0.0,0.0,0.0,0.0,0.0,0.0,0.0,0.0,0.0,0.0,0.0,0.0,0.0,0.0,0.0,0.0,0.0,0.0,0.0,0.0,0.0,0.0,0.0,0.0,0.0,0.0,0.0,0.0,0.0,0.0,0.0,0.0,0.0,0.0,0.0,0.0,0.0,0.0,0.0,0.0,0.0,0.0,0.0,0.0,0.0,0.0,0.0,0.0,0.0,0.0,0.0,0.0,0.0,0.0,0.0,0.0,0.0,0.0,0.0,0.0,0.0,0.0,0.0,0.0,0.0,0.0,0.0,0.0,0.0,0.0,0.0,0.0,0.0,0.0,0.0,0.0,0.0,0.0,0.0,0.0,0.0,0.0,0.0,0,0,0,0,0,0,0,0,O=C1CCCN1,murcko,train,0,0,0,0,0,0,0,0,0,0,0,0,0,0,0,0,0,0,0,0,0,0,0,0,0,0,0,0,0,0,0,0,0,0,0,0,0,0,0,1,0,1,0,0,0,1,0,0,0,0,0,0,0,0,0,0,0,0,1,0,0,0,0,0,0,0,0,0,0,0,0,0,0,1,0,0,0,0,0,0,0,0,0,0,0,0,0,0,1,0,1,0,0,0,0,0,0,0,0,0,1,0,0,0,0,0,1,0,0,0,0,0,0,0,0,0,0,0,0,0,0,0,0,0,0,1,0,0,0,0,0,0,1,1,0,0,0,0,1,0,0,0,0,0,0,0,0,0,0,1,0,1,0,0,0,0,0,0,1,0,0,0,0,0,0,0,0,0,0,0,0,0,0,0,0,0,0,0,0,0,0,0,0,0,0,0,0,0,0,0,0,0,0,0,0,0,0,0,0,0,0,0,1,0,0,0,0,0,0,0,0,0,0,0,0,0,0,0,0,0,0,0,0,0,0,0,0,0,0,0,0,1,0,0,0,0,0,0,0,0,0,0,0,0,0,0,0,0,0,0,0,1,0,0,0,0,0.3257100690640509,-0.4797173182084722,-0.07318311140697403,0.805427387272523,0.4797173182084722,0.7020118128836641,-1.3606598155464305,10.383472222222222,0.16444444444444417,10.383472222222222,-0.9436574074074071,10.219027777777779,5.273958333333333,5.109513888888889,0.09785666716501079,2.7218476264661504,12.011146117099809,5.907179729351506,12.841643245852019,0.0,0.0,0.0,0.0,5.316788604006331,5.106527394840706,9.589074368143644,0.0,51.86032846777834,50.77235945929401,6.8533711511285205,4.755274007990405,4.198377302757663,2.7210070384606047,6.065944584382871,2.0459627217095737,1.1879679244912444,50.0,0.0,0.3257100690640509,-0.4797173182084722,0.4797173182084722,0.3257100690640509,66.4,-0.6504000000000001,28.800499999999992,0.0,0.44
3795,COc1ccccc1NC(=O)C(N=Nc1ccc(Cl)cc1[N+](=O)[O-])C(C)=O,0,3795,COc1ccccc1NC(=O)C(N=Nc1ccc(Cl)cc1[N+](=O)[O-])C(C)=O,3795,COc1ccccc1NC(=O)C(N=Nc1ccc(Cl)cc1[N+](=O)[O-])C(C)=O,COc1ccccc1NC(=O)C(N=Nc1ccc(Cl)cc1[N+](=O)[O-])C(C)=O,COc1ccccc1NC(=O)C(N=Nc1ccc(Cl)cc1[N+](=O)[O-])C(C)=O,COc1ccccc1NC(=O)C(N=Nc1ccc(Cl)cc1[N+](=O)[O-])C(C)=O,3795.0,1.0,0.0,0.0,0.0,0.0,0.0,0.0,O=C(CN=Nc1ccccc1)Nc1ccccc1,390.7830000000001,3.9368000000000025,123.26,1.0,7.0,7.0,2.0,2.0,10.0,0.1764705882352941,27.0,0.0,1.0,0.0,0.0,0.0,0.0,0.0,0.0,0.0,0.0,1.0,1.0,0.0,0.0,0.0,0.0,2.0,1.0,0.0,0.0,0.0,0.0,1.0,1.0,0.0,0.0,0.0,0.0,0.0,0.0,0.0,0.0,0.0,0.0,1.0,1.0,0.0,0.0,1.0,1.0,0.0,0.0,0.0,0.0,0.0,0.0,0.0,0.0,0.0,0.0,0.0,0.0,0.0,0.0,2.0,1.0,12.0,1.0,0.0,0.0,0.0,0.0,1.0,1.0,0.0,0.0,1.0,1.0,0.0,0.0,0.0,0.0,0.0,0.0,0.0,0.0,0.0,0.0,0.0,0.0,0.0,0.0,0.0,0.0,0.0,0.0,0.0,0.0,0.0,0.0,0.0,0.0,0.0,0.0,0.0,0.0,0.0,0.0,0.0,0.0,0.0,0.0,0.0,0.0,0.0,0.0,0.0,0.0,0.0,0.0,0.0,0.0,0.0,0.0,0.0,0.0,0.0,0.0,1.0,1.0,0.0,0.0,0.0,0.0,1.0,1.0,1.0,1.0,0.0,0.0,0.0,0.0,1.0,1.0,0.0,0.0,0.0,0.0,0.0,0.0,0.0,0.0,0.0,0.0,0.0,0.0,0.0,0.0,0.0,0.0,0.0,0.0,0.0,0.0,0.0,0.0,0.0,0.0,0.0,0.0,0.0,0.0,0.0,0.0,0.0,0.0,0.0,0.0,0.0,0.0,0.0,0.0,0.0,0.0,0.0,0.0,0.0,0.0,0.0,0.0,0.0,0.0,0.0,0.0,0.0,0.0,0.0,0.0,0.0,0.0,0.0,0.0,0.0,0.0,0.0,0.0,0.0,0.0,0.0,0.0,0.0,0.0,0.0,0.0,1.0,1.0,0.0,0.0,0.0,0.0,0.0,0.0,0.0,0.0,0.0,0.0,0.0,0.0,0.0,0.0,0.0,0.0,0.0,0.0,0.0,0.0,0.0,0.0,0.0,0.0,0.0,0.0,0.0,0.0,0.0,0.0,0.0,0.0,0.0,0.0,0.0,0.0,0.0,0.0,0.0,0.0,0.0,0.0,0.0,0.0,0.0,0.0,0.0,0.0,0.0,0.0,1.0,5.0,1.0,4.0,1.0,1.0,0,0,1,0,0,0,0,0,O=C(CN=Nc1ccccc1)Nc1ccccc1,murcko,train,1,1,0,0,0,0,0,0,0,0,0,0,0,0,0,0,0,0,1,0,0,0,0,0,1,0,0,0,0,0,0,0,0,1,1,0,0,0,0,1,0,0,0,0,0,0,0,0,1,1,0,0,0,0,0,0,0,0,0,0,0,1,0,0,1,0,0,0,0,1,1,0,0,1,0,0,0,0,0,0,1,1,0,0,0,0,0,0,1,0,0,0,0,0,0,1,0,0,1,0,1,0,0,0,0,0,0,1,0,0,0,0,0,0,0,0,0,0,0,0,0,0,0,0,0,1,1,0,1,0,1,0,0,0,1,0,0,1,1,0,0,0,0,0,0,0,0,1,0,0,0,0,0,0,0,0,0,0,0,0,1,0,0,1,0,1,1,0,1,0,0,1,0,0,0,1,0,0,1,0,0,0,0,1,0,0,0,0,0,0,0,0,0,0,0,0,0,0,0,0,1,0,0,1,1,0,0,0,0,0,0,0,1,1,1,0,1,0,0,0,0,0,0,0,0,0,0,0,0,0,0,0,0,0,0,0,0,0,1,0,0,1,0,0,0,0,0,0,0,1,0,0,0,0,0,0,0.2976939268843157,-0.49457943840462615,-0.03686561850002187,0.7922733652889418,0.49457943840462615,1.5435043123293695,-2.5388760118299603,12.420184607793734,0.12431327160493777,12.420184607793734,-1.4813014928193502,12.295871336188796,6.272248939699336,6.147935668094398,0.08132811190507773,3.1995379331737173,28.342962828365636,10.710019588424888,11.436898107967467,6.06636706846161,26.166268877891376,24.26546827384644,0.0,15.545288855265127,16.337802844032566,19.703392636909214,0.0,158.70267930461705,158.57446908116435,19.97432701575866,14.379648865345425,12.828606258093465,7.622898229673339,19.987708137360467,8.85649046608557,5.078858222164916,140.0,0.0,0.2976939268843157,-0.49457943840462615,0.49457943840462615,0.2976939268843157,123.25999999999999,3.9368000000000025,98.71510000000004,1.5,1.4705882352941178
6133,C1CCCCCCCCCCC1,0,6133,C1CCCCCCCCCCC1,6133,C1CCCCCCCCCCC1,C1CCCCCCCCCCC1,C1CCCCCCCCCCC1,C1CCCCCCCCCCC1,6133.0,1.0,0.0,0.0,0.0,0.0,0.0,0.0,C1CCCCCCCCCCC1,168.32399999999998,4.681200000000004,0.0,0.0,0.0,0.0,1.0,0.0,0.0,1.0,12.0,0.0,0.0,0.0,0.0,0.0,0.0,0.0,0.0,0.0,0.0,0.0,0.0,0.0,0.0,0.0,0.0,0.0,0.0,0.0,0.0,0.0,0.0,0.0,0.0,0.0,0.0,0.0,0.0,0.0,0.0,0.0,0.0,0.0,0.0,0.0,0.0,0.0,0.0,0.0,0.0,0.0,0.0,0.0,0.0,0.0,0.0,0.0,0.0,0.0,0.0,0.0,0.0,0.0,0.0,0.0,0.0,0.0,0.0,0.0,0.0,0.0,0.0,0.0,0.0,0.0,0.0,0.0,0.0,0.0,0.0,0.0,0.0,0.0,0.0,0.0,0.0,0.0,0.0,0.0,0.0,0.0,0.0,0.0,0.0,0.0,0.0,0.0,0.0,0.0,0.0,0.0,0.0,0.0,0.0,0.0,0.0,0.0,0.0,0.0,0.0,0.0,0.0,0.0,0.0,0.0,0.0,0.0,0.0,0.0,0.0,0.0,0.0,0.0,0.0,0.0,0.0,0.0,0.0,0.0,0.0,0.0,0.0,0.0,0.0,0.0,0.0,0.0,0.0,0.0,0.0,0.0,0.0,0.0,0.0,0.0,0.0,0.0,0.0,0.0,0.0,0.0,0.0,0.0,0.0,0.0,0.0,0.0,0.0,0.0,0.0,0.0,0.0,0.0,0.0,0.0,0.0,0.0,0.0,0.0,0.0,0.0,0.0,0.0,0.0,0.0,0.0,0.0,0.0,0.0,0.0,0.0,0.0,0.0,0.0,0.0,0.0,0.0,0.0,0.0,0.0,0.0,0.0,0.0,0.0,0.0,0.0,0.0,0.0,0.0,0.0,0.0,0.0,0.0,0.0,0.0,0.0,0.0,0.0,0.0,0.0,0.0,0.0,0.0,0.0,0.0,0.0,0.0,0.0,0.0,0.0,0.0,0.0,0.0,0.0,0.0,0.0,0.0,0.0,0.0,0.0,0.0,0.0,0.0,0.0,0.0,0.0,0.0,0.0,0.0,0.0,0.0,0.0,0.0,0.0,0.0,0.0,0.0,0.0,0.0,0.0,0.0,0.0,0.0,0.0,0.0,0.0,0.0,0.0,0.0,0.0,0.0,0.0,0.0,0.0,0.0,0.0,0.0,0.0,0.0,0.0,0.0,0.0,0,0,0,0,0,0,0,0,C1CCCCCCCCCCC1,murcko,train,0,0,1,0,1,0,0,0,0,0,0,0,0,0,0,0,0,0,0,0,0,0,0,0,0,0,0,0,0,0,0,0,0,0,0,0,0,0,0,0,0,0,0,0,0,0,0,0,0,0,0,0,0,0,0,0,0,0,0,0,0,0,0,0,0,0,0,0,0,0,0,0,0,0,0,0,0,0,0,0,0,0,0,0,0,0,0,0,0,0,0,0,0,0,0,0,0,0,0,0,0,0,0,0,0,0,0,0,0,0,0,0,0,0,0,0,0,0,0,0,0,0,0,0,0,0,0,0,0,0,0,0,0,0,0,0,0,0,0,0,0,0,0,0,0,0,0,0,0,0,0,0,0,0,0,0,0,0,1,0,0,0,0,0,0,0,0,0,0,0,0,0,0,0,0,0,0,0,0,0,0,0,0,0,0,0,0,0,0,0,0,0,0,0,0,0,0,0,0,0,0,0,0,0,0,0,0,0,0,0,0,0,0,0,0,0,0,0,0,0,0,0,0,0,0,0,0,0,0,0,0,0,0,0,0,0,0,0,0,0,0,0,0,0,0,0,0,0,0,0,0,0,0,0,0,0,-0.0533059727891157,-0.0533059727891157,-0.05330597278911572,0.0,0.0533059727891157,0.0,-0.6396716734693886,1.5,1.5,1.5,1.5,0.0,1.5,,,,0.0,0.0,0.0,0.0,77.04985947511214,0.0,0.0,0.0,0.0,0.0,0.0,77.74778313266303,77.04985947511214,8.485281374238573,8.485281374238571,6.0,5.999999999999999,10.083333333333334,7.638888888888889,5.625,72.0,0.0,-0.0533059727891157,-0.0533059727891157,0.0533059727891157,0.0533059727891157,0.0,4.681200000000004,55.404000000000046,0.0,0.4
9373,C=C(Br)C(=O)Nc1ccc(N=Nc2c(N)ccc3cc(S(=O)(=O)O)cc(O)c23)c(S(=O)(=O)O)c1,1,9373,C=C(Br)C(=O)Nc1ccc(N=Nc2c(N)ccc3cc(S(=O)(=O)O)cc(O)c23)c(S(=O)(=O)O)c1,9373,C=C(Br)C(=O)Nc1ccc(N=Nc2c(N)ccc3cc(S(=O)(=O)O)cc(O)c23)c(S(=O)(=O)O)c1,C=C(Br)C(=O)Nc1ccc(N=Nc2c(N)ccc3cc(S(=O)(=O)O)cc(O)c23)c(S(=O)(=O)O)c1,C=C(Br)C(=O)Nc1ccc(N=Nc2c(N)ccc3cc(S(=O)(=O)O)cc(O)c23)c(S(=O)(=O)O)c1,C=C(Br)C(=O)Nc1ccc(N=Nc2c(N)ccc3cc(S(=O)(=O)O)cc(O)c23)c(S(=O)(=O)O)c1,9373.0,1.0,0.0,0.0,0.0,0.0,0.0,0.0,c1ccc(N=Nc2cccc3ccccc23)cc1,571.3870000000003,3.8835000000000015,208.80999999999997,5.0,9.0,6.0,3.0,3.0,15.0,0.0,34.0,0.0,0.0,0.0,0.0,0.0,0.0,0.0,0.0,0.0,0.0,1.0,1.0,0.0,0.0,0.0,0.0,2.0,1.0,0.0,0.0,0.0,0.0,1.0,1.0,0.0,0.0,0.0,0.0,0.0,0.0,0.0,0.0,1.0,1.0,0.0,0.0,0.0,0.0,0.0,0.0,0.0,0.0,0.0,0.0,0.0,0.0,0.0,0.0,0.0,0.0,1.0,1.0,0.0,0.0,3.0,1.0,28.0,1.0,2.0,1.0,0.0,0.0,1.0,1.0,0.0,0.0,0.0,0.0,1.0,1.0,0.0,0.0,0.0,0.0,0.0,0.0,2.0,1.0,0.0,0.0,2.0,1.0,0.0,0.0,0.0,0.0,0.0,0.0,0.0,0.0,0.0,0.0,0.0,0.0,0.0,0.0,0.0,0.0,0.0,0.0,0.0,0.0,0.0,0.0,0.0,0.0,0.0,0.0,1.0,1.0,0.0,0.0,1.0,1.0,0.0,0.0,0.0,0.0,0.0,0.0,0.0,0.0,0.0,0.0,1.0,1.0,2.0,1.0,0.0,0.0,0.0,0.0,0.0,0.0,0.0,0.0,0.0,0.0,0.0,0.0,0.0,0.0,0.0,0.0,0.0,0.0,0.0,0.0,0.0,0.0,0.0,0.0,0.0,0.0,0.0,0.0,0.0,0.0,0.0,0.0,0.0,0.0,0.0,0.0,0.0,0.0,0.0,0.0,1.0,1.0,0.0,0.0,0.0,0.0,1.0,1.0,0.0,0.0,0.0,0.0,0.0,0.0,0.0,0.0,0.0,0.0,0.0,0.0,0.0,0.0,0.0,0.0,0.0,0.0,0.0,0.0,0.0,0.0,0.0,0.0,0.0,0.0,0.0,0.0,0.0,0.0,0.0,0.0,0.0,0.0,0.0,0.0,0.0,0.0,0.0,0.0,0.0,0.0,0.0,0.0,0.0,0.0,0.0,0.0,0.0,0.0,0.0,0.0,0.0,0.0,0.0,0.0,0.0,0.0,0.0,0.0,0.0,0.0,0.0,0.0,0.0,0.0,0.0,0.0,0.0,0.0,0.0,0.0,0.0,0.0,0.0,0.0,0.0,0.0,0.0,0.0,1.0,6.0,1.0,6.0,0.0,0.0,1,0,1,0,1,0,0,0,c1ccc(N=Nc2cccc3ccccc23)cc1,murcko,train,1,0,0,0,0,0,0,0,0,0,0,0,1,0,0,1,0,0,1,0,0,0,0,0,1,0,0,0,0,0,0,0,0,0,0,0,0,0,0,1,0,0,0,0,0,0,0,0,0,0,0,0,0,0,1,0,0,0,0,0,0,0,0,1,0,0,1,0,1,0,0,1,1,0,0,1,0,0,0,1,1,1,0,0,0,0,1,0,0,0,0,0,0,0,1,1,0,0,0,0,1,0,0,0,0,0,1,1,0,0,0,0,0,0,1,0,0,0,0,0,0,0,0,0,0,1,1,0,1,1,0,0,0,0,0,0,1,0,1,0,0,0,1,0,0,0,0,1,0,0,0,0,0,0,0,0,0,0,1,0,0,0,0,1,0,0,0,0,0,0,0,0,0,0,0,0,0,1,0,0,0,0,0,0,1,0,1,0,0,0,0,1,1,0,0,0,1,0,0,1,1,0,0,1,0,0,0,0,0,0,0,0,0,1,1,1,1,0,0,0,0,0,0,0,0,0,0,0,0,0,0,0,0,0,0,0,0,0,0,0,0,0,0,0,0,0,0,0,1,0,1,0,0,0,1,0,0.2963241518426365,-0.5071780462376035,-0.05319885113283545,0.80350219808024,0.5071780462376035,1.6604970052210888,-3.469257943737494,11.870934970402516,0.000668583293943259,11.870934970402516,-4.813475306017468,11.870266387108572,5.93580177684823,5.935133193554286,0.08424410770477964,2.9682352177285076,41.68391223173807,38.004366081868525,0.0,24.26546827384644,18.19910120538483,0.0,0.0,38.05416843681297,5.733667477162185,35.84215829495113,0.0,200.99249137137406,201.78284200176415,25.421920772951363,16.797679418459616,15.67957768163184,8.899636641590009,25.256673625637006,9.111084981341746,5.398328035066589,178.0,0.0,0.2963241518426365,-0.5071780462376035,0.5071780462376035,0.2963241518426365,208.80999999999995,3.8835000000000015,126.96910000000001,3.6,1.2000000000000002
10572,c1cc[n+]2c(c1)-c1cccc[n+]1CC2,1,10572,c1cc[n+]2c(c1)-c1cccc[n+]1CC2,10572,c1cc[n+]2c(c1)-c1cccc[n+]1CC2,c1cc[n+]2c(c1)-c1cccc[n+]1CC2,c1cc[n+]2c(c1)-c1cccc[n+]1CC2,c1cc[n+]2c(c1)-c1cccc[n+]1CC2,10572.0,1.0,0.0,0.0,0.0,0.0,0.0,0.0,c1cc[n+]2c(c1)-c1cccc[n+]1CC2,184.242,0.9422,7.76,0.0,0.0,0.0,3.0,2.0,2.0,0.1666666666666666,14.0,2.0,1.0,0.0,0.0,0.0,0.0,0.0,0.0,0.0,0.0,0.0,0.0,0.0,0.0,0.0,0.0,0.0,0.0,0.0,0.0,0.0,0.0,0.0,0.0,0.0,0.0,0.0,0.0,0.0,0.0,0.0,0.0,0.0,0.0,0.0,0.0,0.0,0.0,0.0,0.0,0.0,0.0,0.0,0.0,0.0,0.0,0.0,0.0,0.0,0.0,0.0,0.0,0.0,0.0,2.0,1.0,24.0,1.0,4.0,1.0,0.0,0.0,0.0,0.0,0.0,0.0,0.0,0.0,0.0,0.0,0.0,0.0,0.0,0.0,0.0,0.0,0.0,0.0,0.0,0.0,0.0,0.0,0.0,0.0,0.0,0.0,0.0,0.0,0.0,0.0,0.0,0.0,0.0,0.0,0.0,0.0,0.0,0.0,0.0,0.0,0.0,0.0,0.0,0.0,0.0,0.0,0.0,0.0,0.0,0.0,0.0,0.0,0.0,0.0,0.0,0.0,0.0,0.0,0.0,0.0,0.0,0.0,0.0,0.0,0.0,0.0,0.0,0.0,0.0,0.0,0.0,0.0,0.0,0.0,0.0,0.0,0.0,0.0,0.0,0.0,0.0,0.0,0.0,0.0,0.0,0.0,0.0,0.0,0.0,0.0,0.0,0.0,0.0,0.0,0.0,0.0,0.0,0.0,0.0,0.0,0.0,0.0,0.0,0.0,0.0,0.0,0.0,0.0,0.0,0.0,0.0,0.0,0.0,0.0,0.0,0.0,0.0,0.0,0.0,0.0,0.0,0.0,0.0,0.0,0.0,0.0,0.0,0.0,0.0,0.0,0.0,0.0,0.0,0.0,0.0,0.0,2.0,1.0,0.0,0.0,0.0,0.0,0.0,0.0,0.0,0.0,0.0,0.0,0.0,0.0,0.0,0.0,0.0,0.0,0.0,0.0,0.0,0.0,0.0,0.0,0.0,0.0,0.0,0.0,0.0,0.0,0.0,0.0,0.0,0.0,0.0,0.0,0.0,0.0,0.0,0.0,0.0,0.0,0.0,0.0,0.0,0.0,0.0,0.0,0.0,0.0,0.0,0.0,0.0,0.0,0.0,0.0,0.0,0.0,0.0,0.0,1.0,1.0,1.0,1.0,0.0,0.0,0,0,0,0,0,0,0,0,c1cc[n+]2c(c1)-c1cccc[n+]1CC2,murcko,train,0,0,0,0,0,0,0,0,0,0,0,0,0,0,0,0,0,0,0,0,0,0,0,0,0,0,1,0,0,0,0,0,0,0,0,0,0,0,1,1,0,0,1,0,0,0,0,0,0,0,0,0,0,0,0,0,0,0,0,0,0,0,0,0,1,0,0,0,0,0,0,0,0,0,1,0,0,0,0,0,1,1,0,1,0,0,0,0,0,0,0,0,0,0,0,0,0,0,0,0,1,0,0,0,0,0,0,0,0,0,0,0,0,0,0,0,0,0,0,0,0,0,0,0,0,0,0,0,0,0,0,0,0,0,0,0,0,0,0,0,0,0,0,0,0,0,0,0,0,0,0,0,0,0,0,0,0,0,1,0,0,0,1,0,0,0,0,0,0,0,0,0,0,0,0,1,0,0,0,0,0,1,0,0,0,0,0,0,0,0,0,0,0,0,0,0,0,0,0,0,0,0,0,0,0,0,0,1,0,0,0,0,0,0,1,0,0,0,0,0,0,0,0,0,0,0,0,0,0,0,0,0,0,0,0,1,0,0,0,0,0,0,0,0,0,0,0,0,0,0,0,0,0,0,0,0,0.2770912753824602,-0.18650173255485103,0.062417764819315616,0.46359300793731123,0.2770912753824602,1.3457925334830996,-0.4719438260126809,2.300925925925926,1.0673148148148148,2.300925925925926,1.0673148148148148,1.2336111111111112,1.6841203703703704,0.6168055555555556,0.8106282368835848,2.299153595772835,0.0,0.0,0.0,13.08951281182515,11.387855989696922,0.0,0.0,57.92608884957852,0.0,0.0,0.0,83.07178933590865,82.4034576511006,9.38046888862398,7.92744290689002,6.949489742783178,4.923417176217582,7.680507604283829,2.909114513819797,1.0376905962795142,68.0,0.0,0.2770912753824602,-0.18650173255485103,0.2770912753824602,0.18650173255485103,7.76,0.9421999999999999,52.26800000000003,0.2,0.06666666666666664
8863,O=S(=O)(O)c1cc(Nc2nc(Cl)nc(Nc3ccc(Nc4nc(Cl)nc(Nc5cc(S(=O)(=O)O)cc6cc(S(=O)(=O)O)c(N=Nc7ccccc7S(=O)(=O)O)c(O)c56)n4)cc3)n2)c2c(O)c(N=Nc3ccccc3S(=O)(=O)O)c(S(=O)(=O)O)cc2c1,0,8863,O=S(=O)(O)c1cc(Nc2nc(Cl)nc(Nc3ccc(Nc4nc(Cl)nc(Nc5cc(S(=O)(=O)O)cc6cc(S(=O)(=O)O)c(N=Nc7ccccc7S(=O)(=O)O)c(O)c56)n4)cc3)n2)c2c(O)c(N=Nc3ccccc3S(=O)(=O)O)c(S(=O)(=O)O)cc2c1,8863,O=S(=O)(O)c1cc(Nc2nc(Cl)nc(Nc3ccc(Nc4nc(Cl)nc(Nc5cc(S(=O)(=O)O)cc6cc(S(=O)(=O)O)c(N=Nc7ccccc7S(=O)(=O)O)c(O)c56)n4)cc3)n2)c2c(O)c(N=Nc3ccccc3S(=O)(=O)O)c(S(=O)(=O)O)cc2c1,O=S(=O)(O)c1cc(Nc2nc(Cl)nc(Nc3ccc(Nc4nc(Cl)nc(Nc5cc(S(=O)(=O)O)cc6cc(S(=O)(=O)O)c(N=Nc7ccccc7S(=O)(=O)O)c(O)c56)n4)cc3)n2)c2c(O)c(N=Nc3ccccc3S(=O)(=O)O)c(S(=O)(=O)O)cc2c1,O=S(=O)(O)c1cc(Nc2nc(Cl)nc(Nc3ccc(Nc4nc(Cl)nc(Nc5cc(S(=O)(=O)O)cc6cc(S(=O)(=O)O)c(N=Nc7ccccc7S(=O)(=O)O)c(O)c56)n4)cc3)n2)c2c(O)c(N=Nc3ccccc3S(=O)(=O)O)c(S(=O)(=O)O)cc2c1,O=S(=O)(O)c1cc(Nc2nc(Cl)nc(Nc3ccc(Nc4nc(Cl)nc(Nc5cc(S(=O)(=O)O)cc6cc(S(=O)(=O)O)c(N=Nc7ccccc7S(=O)(=O)O)c(O)c56)n4)cc3)n2)c2c(O)c(N=Nc3ccccc3S(=O)(=O)O)c(S(=O)(=O)O)cc2c1,8863.0,1.0,0.0,0.0,0.0,0.0,0.0,0.0,c1ccc(N=Nc2ccc3cccc(Nc4ncnc(Nc5ccc(Nc6ncnc(Nc7cccc8ccc(N=Nc9ccccc9)cc78)n6)cc5)n4)c3c2)cc1,1338.1100000000004,8.366400000000006,541.58,12.0,28.0,18.0,9.0,9.0,42.0,0.0,86.0,0.0,0.0,0.0,0.0,0.0,0.0,0.0,0.0,0.0,0.0,0.0,0.0,0.0,0.0,0.0,0.0,8.0,1.0,0.0,0.0,0.0,0.0,2.0,1.0,0.0,0.0,0.0,0.0,0.0,0.0,0.0,0.0,2.0,1.0,0.0,0.0,0.0,0.0,0.0,0.0,0.0,0.0,0.0,0.0,0.0,0.0,0.0,0.0,0.0,0.0,0.0,0.0,0.0,0.0,9.0,1.0,74.0,1.0,4.0,1.0,0.0,0.0,2.0,1.0,0.0,0.0,2.0,1.0,0.0,0.0,0.0,0.0,0.0,0.0,0.0,0.0,6.0,1.0,0.0,0.0,6.0,1.0,0.0,0.0,0.0,0.0,0.0,0.0,0.0,0.0,0.0,0.0,0.0,0.0,0.0,0.0,0.0,0.0,0.0,0.0,0.0,0.0,0.0,0.0,0.0,0.0,0.0,0.0,0.0,0.0,0.0,0.0,8.0,1.0,0.0,0.0,0.0,0.0,0.0,0.0,0.0,0.0,0.0,0.0,0.0,0.0,4.0,1.0,0.0,0.0,0.0,0.0,0.0,0.0,0.0,0.0,0.0,0.0,0.0,0.0,0.0,0.0,0.0,0.0,0.0,0.0,0.0,0.0,0.0,0.0,0.0,0.0,0.0,0.0,0.0,0.0,0.0,0.0,0.0,0.0,0.0,0.0,0.0,0.0,0.0,0.0,0.0,0.0,0.0,0.0,0.0,0.0,0.0,0.0,0.0,0.0,0.0,0.0,0.0,0.0,0.0,0.0,0.0,0.0,0.0,0.0,0.0,0.0,0.0,0.0,0.0,0.0,0.0,0.0,0.0,0.0,0.0,0.0,0.0,0.0,0.0,0.0,0.0,0.0,0.0,0.0,0.0,0.0,0.0,0.0,0.0,0.0,0.0,0.0,0.0,0.0,0.0,0.0,0.0,0.0,0.0,0.0,0.0,0.0,0.0,0.0,0.0,0.0,0.0,0.0,0.0,0.0,0.0,0.0,0.0,0.0,0.0,0.0,0.0,0.0,0.0,0.0,0.0,0.0,0.0,0.0,0.0,0.0,0.0,0.0,0.0,0.0,0.0,0.0,0.0,0.0,1.0,2.0,1.0,2.0,0.0,0.0,0,0,1,0,0,0,0,0,c1ccc(N=Nc2ccc3cccc(Nc4ncnc(Nc5ccc(Nc6ncnc(Nc7cccc8ccc(N=Nc9ccccc9)cc78)n6)cc5)n4)c3c2)cc1,murcko,train,1,0,0,0,0,0,0,0,0,0,0,0,0,1,0,0,0,0,1,0,0,0,0,0,0,0,0,0,0,0,0,0,0,0,0,0,0,0,0,1,0,0,0,1,0,0,1,1,0,1,1,0,0,0,0,0,0,1,0,0,1,0,0,1,1,0,1,0,1,0,0,0,0,0,0,1,0,0,0,0,1,1,0,0,0,0,0,0,0,0,0,0,0,0,1,0,0,0,1,0,1,0,0,0,0,0,1,1,0,0,0,0,0,0,1,0,0,0,1,1,0,0,1,0,0,1,0,0,1,1,0,0,0,0,0,0,1,0,1,0,0,0,0,0,0,0,0,1,0,0,0,0,0,0,0,0,0,0,0,0,1,0,1,1,0,0,1,0,0,0,0,0,0,0,0,1,0,0,0,0,0,0,0,0,1,0,0,0,0,1,0,1,1,0,0,0,1,0,0,0,1,0,1,0,0,0,0,0,0,0,0,0,0,1,1,1,0,0,0,0,0,0,0,0,1,0,0,0,0,0,0,0,0,0,0,1,0,0,0,0,0,0,0,0,1,0,0,1,0,0,0,0,0,0,0,0,0.29641477776920533,-0.5048490735560033,-0.04445751471980529,0.8012638513252086,0.5048490735560033,4.958229741167243,-8.781576007070498,12.62076915313191,0.22563484730502958,12.62076915313191,-5.374104489937012,12.39513430582688,6.4232020002184695,6.19756715291344,0.08067681844559811,3.328525768068171,179.71375138189788,23.271451111340113,24.26546827384644,36.39820241076966,48.53093654769288,0.0,0.0,71.62802604422617,23.20187978046503,88.0363359377972,0.0,491.5150057468399,495.0460514880354,62.638523996899735,41.546547738780454,40.004376664737336,22.56324617747368,61.67389118943977,22.845903023899552,13.769935744889489,446.0,0.0,0.29641477776920533,-0.5048490735560033,0.5048490735560033,0.29641477776920533,541.58,8.366400000000006,300.5960000000003,1.1,3.6
3853,C=CC(=O)OCCN=C=O,1,3853,C=CC(=O)OCCN=C=O,3853,C=CC(=O)OCCN=C=O,C=CC(=O)OCCN=C=O,C=CC(=O)OCCN=C=O,C=CC(=O)OCCN=C=O,3853.0,1.0,0.0,0.0,0.0,0.0,0.0,0.0,,141.126,0.0513999999999998,55.73,0.0,4.0,4.0,0.0,0.0,4.0,0.3333333333333333,10.0,0.0,0.0,0.0,0.0,0.0,0.0,0.0,0.0,0.0,0.0,0.0,0.0,0.0,0.0,0.0,0.0,0.0,0.0,0.0,0.0,0.0,0.0,0.0,0.0,0.0,0.0,0.0,0.0,0.0,0.0,0.0,0.0,0.0,0.0,1.0,1.0,0.0,0.0,0.0,0.0,0.0,0.0,0.0,0.0,1.0,1.0,0.0,0.0,0.0,0.0,1.0,1.0,0.0,0.0,0.0,0.0,0.0,0.0,0.0,0.0,0.0,0.0,0.0,0.0,0.0,0.0,0.0,0.0,0.0,0.0,0.0,0.0,0.0,0.0,0.0,0.0,0.0,0.0,0.0,0.0,0.0,0.0,0.0,0.0,0.0,0.0,0.0,0.0,0.0,0.0,0.0,0.0,1.0,1.0,0.0,0.0,0.0,0.0,0.0,0.0,0.0,0.0,0.0,0.0,0.0,0.0,0.0,0.0,0.0,0.0,0.0,0.0,0.0,0.0,0.0,0.0,0.0,0.0,0.0,0.0,0.0,0.0,0.0,0.0,0.0,0.0,0.0,0.0,0.0,0.0,0.0,0.0,0.0,0.0,0.0,0.0,0.0,0.0,0.0,0.0,0.0,0.0,0.0,0.0,0.0,0.0,0.0,0.0,0.0,0.0,0.0,0.0,0.0,0.0,0.0,0.0,0.0,0.0,0.0,0.0,0.0,0.0,0.0,0.0,0.0,0.0,0.0,0.0,1.0,1.0,0.0,0.0,0.0,0.0,0.0,0.0,0.0,0.0,0.0,0.0,0.0,0.0,1.0,1.0,0.0,0.0,0.0,0.0,0.0,0.0,0.0,0.0,0.0,0.0,0.0,0.0,0.0,0.0,0.0,0.0,0.0,0.0,0.0,0.0,0.0,0.0,0.0,0.0,0.0,0.0,0.0,0.0,0.0,0.0,0.0,0.0,0.0,0.0,0.0,0.0,0.0,0.0,0.0,0.0,0.0,0.0,0.0,0.0,0.0,0.0,0.0,0.0,0.0,0.0,0.0,0.0,0.0,0.0,0.0,0.0,0.0,0.0,0.0,0.0,0.0,0.0,0.0,0.0,0.0,0.0,0.0,0.0,0.0,0.0,0.0,0.0,1.0,2.0,1.0,2.0,0.0,0.0,0,0,0,0,1,0,1,0,ACY_*******(*)**,acyclic_anonymous_graph,train,0,0,0,0,0,0,0,0,0,0,1,0,0,1,0,0,0,0,0,0,0,0,0,0,0,0,0,0,0,0,0,0,0,0,0,0,0,0,0,1,0,0,0,0,0,0,0,0,0,1,0,0,0,0,0,0,0,0,0,0,0,0,0,0,0,0,0,1,0,0,0,0,0,0,0,0,0,0,0,0,1,0,0,1,0,0,1,0,0,1,0,0,0,0,0,0,0,0,0,0,0,0,0,0,0,0,0,0,0,1,0,0,0,0,0,0,0,0,0,0,0,0,0,0,0,1,0,0,0,0,0,0,0,0,0,0,0,0,1,0,0,0,0,0,1,0,0,1,0,0,0,0,1,0,0,0,0,0,0,0,0,0,1,0,0,0,0,0,0,0,0,0,0,0,0,0,0,0,0,0,0,0,1,1,0,0,0,0,0,0,0,1,0,0,0,0,0,0,0,0,0,0,0,0,0,0,0,0,1,0,0,0,0,1,0,0,0,0,0,0,0,0,0,0,0,0,0,0,0,0,0,0,0,0,0,0,0,0,0,0,0,0,0,0,1,0,0,0,1,0,0,1,0,0,0,0,0.3297052421618891,-0.46054060134160935,-0.04348986537118772,0.7902458435034985,0.46054060134160935,0.778159779955511,-1.213058433667388,10.294475623582766,0.09731481481481485,10.294475623582766,-0.5128713151927438,10.19716080876795,5.195895219198791,5.098580404383975,0.09806651270421839,2.6475337238655103,5.969305287951849,13.151638370425493,0.0,6.076020106833881,6.079939479738863,0.0,0.0,16.308203370034217,0.0,9.589074368143644,0.0,58.20627048308286,57.17418098312794,7.819990956308912,5.370629079640816,4.808060412490447,2.6378055591161007,8.59,5.7217523056653485,4.74174506828528,54.0,0.0,0.3297052421618891,-0.46054060134160935,0.46054060134160935,0.3297052421618891,55.73,0.05139999999999989,34.144499999999994,1.1,1.3333333333333335
9401,CC(=O)Nc1cccc(Nc2cc(S(=O)(=O)O)c(N)c3c2C(=O)c2ccccc2C3=O)c1,0,9401,CC(=O)Nc1cccc(Nc2cc(S(=O)(=O)O)c(N)c3c2C(=O)c2ccccc2C3=O)c1,9401,CC(=O)Nc1cccc(Nc2cc(S(=O)(=O)O)c(N)c3c2C(=O)c2ccccc2C3=O)c1,CC(=O)Nc1cccc(Nc2cc(S(=O)(=O)O)c(N)c3c2C(=O)c2ccccc2C3=O)c1,CC(=O)Nc1cccc(Nc2cc(S(=O)(=O)O)c(N)c3c2C(=O)c2ccccc2C3=O)c1,CC(=O)Nc1cccc(Nc2cc(S(=O)(=O)O)c(N)c3c2C(=O)c2ccccc2C3=O)c1,9401.0,1.0,0.0,0.0,0.0,0.0,0.0,0.0,O=C1c2ccccc2C(=O)c2c(Nc3ccccc3)cccc21,451.4600000000002,2.992900000000001,155.66,4.0,7.0,4.0,4.0,3.0,10.0,0.0454545454545454,32.0,0.0,0.0,0.0,0.0,0.0,0.0,0.0,0.0,0.0,0.0,1.0,1.0,0.0,0.0,0.0,0.0,4.0,1.0,0.0,0.0,0.0,0.0,0.0,0.0,0.0,0.0,0.0,0.0,0.0,0.0,0.0,0.0,0.0,0.0,0.0,0.0,0.0,0.0,2.0,1.0,0.0,0.0,0.0,0.0,0.0,0.0,0.0,0.0,0.0,0.0,0.0,0.0,0.0,0.0,3.0,1.0,18.0,1.0,4.0,1.0,0.0,0.0,0.0,0.0,0.0,0.0,0.0,0.0,0.0,0.0,0.0,0.0,0.0,0.0,0.0,0.0,1.0,1.0,0.0,0.0,1.0,1.0,0.0,0.0,0.0,0.0,0.0,0.0,0.0,0.0,0.0,0.0,0.0,0.0,0.0,0.0,0.0,0.0,0.0,0.0,0.0,0.0,0.0,0.0,0.0,0.0,0.0,0.0,1.0,1.0,0.0,0.0,3.0,1.0,0.0,0.0,0.0,0.0,0.0,0.0,0.0,0.0,0.0,0.0,1.0,1.0,0.0,0.0,0.0,0.0,0.0,0.0,0.0,0.0,0.0,0.0,0.0,0.0,0.0,0.0,0.0,0.0,0.0,0.0,0.0,0.0,0.0,0.0,0.0,0.0,0.0,0.0,0.0,0.0,0.0,0.0,0.0,0.0,0.0,0.0,0.0,0.0,0.0,0.0,0.0,0.0,0.0,0.0,0.0,0.0,0.0,0.0,0.0,0.0,0.0,0.0,0.0,0.0,0.0,0.0,0.0,0.0,0.0,0.0,0.0,0.0,0.0,0.0,0.0,0.0,0.0,0.0,0.0,0.0,0.0,0.0,0.0,0.0,0.0,0.0,0.0,0.0,0.0,0.0,0.0,0.0,0.0,0.0,0.0,0.0,0.0,0.0,0.0,0.0,0.0,0.0,0.0,0.0,0.0,0.0,0.0,0.0,0.0,0.0,0.0,0.0,0.0,0.0,0.0,0.0,0.0,0.0,0.0,0.0,0.0,0.0,0.0,0.0,0.0,0.0,0.0,0.0,0.0,0.0,0.0,0.0,0.0,0.0,0.0,0.0,0.0,0.0,0.0,0.0,0.0,0.0,1.0,3.0,1.0,3.0,0.0,0.0,1,0,1,0,0,0,0,0,O=C1c2ccccc2C(=O)c2c(Nc3ccccc3)cccc21,murcko,train,0,1,0,0,0,0,0,1,0,0,0,0,0,0,0,1,0,0,1,1,0,0,0,0,1,0,0,0,0,0,0,0,0,1,0,0,0,0,0,1,0,0,0,0,0,0,0,0,0,0,0,1,0,0,0,0,0,0,1,0,0,0,0,0,1,0,0,0,1,1,1,0,0,1,0,0,0,0,0,0,1,1,0,0,0,0,0,0,0,0,0,0,0,0,1,0,1,0,0,0,1,0,0,0,0,0,0,1,0,0,0,0,0,0,1,0,0,0,0,0,0,0,0,0,0,1,0,0,1,0,0,0,0,0,0,0,1,0,1,0,0,0,0,0,0,0,0,1,0,0,0,0,0,0,0,0,0,0,0,0,0,0,0,0,0,0,0,0,0,0,0,0,0,0,0,1,0,1,0,0,0,0,0,0,1,1,0,0,0,0,0,1,0,0,0,0,1,0,0,0,1,0,0,0,0,1,0,0,0,0,0,1,0,0,1,0,1,0,0,0,0,0,0,0,0,0,0,0,0,0,0,0,0,0,0,1,0,0,0,0,0,0,0,0,0,1,0,0,0,1,0,0,0,0,1,0,0.29617740961654904,-0.3969743709680518,-0.04863827455708506,0.6931517805846008,0.3969743709680518,1.4314769247152364,-2.9879017105419576,13.273457927554247,0.03272864701436107,13.273457927554247,-4.809617444544392,13.240729280539886,6.653093287284304,6.620364640269943,0.07552454089290354,3.342991866343984,32.26748650196477,33.84837197082305,11.374772549367124,6.06636706846161,19.056471336613843,36.39820241076966,0.0,10.633577208012662,5.733667477162185,27.354158410234763,0.0,182.5523462100829,182.73307493340968,23.206377823327532,16.670206030179397,15.074405966109305,9.347146978116099,21.221143101965865,7.590714850821186,3.613547171530593,162.0,0.0,0.29617740961654904,-0.3969743709680518,0.3969743709680518,0.29617740961654904,155.66,2.9929000000000006,118.00440000000002,2.3,0.8181818181818182
10733,Nc1nc(C2CC2)nc(C(=O)O)c1Cl,0,10733,Nc1nc(C2CC2)nc(C(=O)O)c1Cl,10733,Nc1nc(C2CC2)nc(C(=O)O)c1Cl,Nc1nc(C2CC2)nc(C(=O)O)c1Cl,Nc1nc(C2CC2)nc(C(=O)O)c1Cl,Nc1nc(C2CC2)nc(C(=O)O)c1Cl,10733.0,1.0,0.0,0.0,0.0,0.0,0.0,0.0,c1cnc(C2CC2)nc1,213.624,1.2878,89.10000000000001,2.0,4.0,2.0,2.0,1.0,6.0,0.375,14.0,0.0,0.0,0.0,0.0,0.0,0.0,0.0,0.0,0.0,0.0,0.0,0.0,0.0,0.0,0.0,0.0,1.0,1.0,0.0,0.0,0.0,0.0,0.0,0.0,0.0,0.0,0.0,0.0,0.0,0.0,0.0,0.0,0.0,0.0,0.0,0.0,0.0,0.0,0.0,0.0,1.0,1.0,0.0,0.0,0.0,0.0,0.0,0.0,0.0,0.0,0.0,0.0,0.0,0.0,1.0,1.0,6.0,1.0,0.0,0.0,0.0,0.0,1.0,1.0,0.0,0.0,1.0,1.0,0.0,0.0,0.0,0.0,0.0,0.0,0.0,0.0,0.0,0.0,0.0,0.0,0.0,0.0,0.0,0.0,0.0,0.0,0.0,0.0,0.0,0.0,0.0,0.0,0.0,0.0,0.0,0.0,0.0,0.0,0.0,0.0,0.0,0.0,0.0,0.0,0.0,0.0,0.0,0.0,0.0,0.0,0.0,0.0,1.0,1.0,0.0,0.0,0.0,0.0,0.0,0.0,0.0,0.0,0.0,0.0,0.0,0.0,0.0,0.0,0.0,0.0,0.0,0.0,0.0,0.0,0.0,0.0,0.0,0.0,0.0,0.0,0.0,0.0,0.0,0.0,0.0,0.0,0.0,0.0,0.0,0.0,0.0,0.0,0.0,0.0,0.0,0.0,0.0,0.0,0.0,0.0,0.0,0.0,0.0,0.0,0.0,0.0,0.0,0.0,0.0,0.0,0.0,0.0,0.0,0.0,0.0,0.0,0.0,0.0,0.0,0.0,0.0,0.0,0.0,0.0,0.0,0.0,0.0,0.0,0.0,0.0,0.0,0.0,0.0,0.0,0.0,0.0,0.0,0.0,0.0,0.0,0.0,0.0,0.0,0.0,0.0,0.0,0.0,0.0,0.0,0.0,0.0,0.0,0.0,0.0,0.0,0.0,0.0,0.0,0.0,0.0,0.0,0.0,0.0,0.0,0.0,0.0,0.0,0.0,0.0,0.0,0.0,0.0,0.0,0.0,0.0,0.0,0.0,0.0,0.0,0.0,0.0,0.0,0.0,0.0,0.0,0.0,0.0,0.0,0.0,0.0,0.0,0.0,0.0,0.0,0.0,0.0,1.0,1.0,1.0,1.0,0.0,0.0,0,0,1,0,0,0,0,0,c1cnc(C2CC2)nc1,murcko,train,0,0,0,0,0,0,0,0,0,0,0,0,0,0,0,0,0,0,0,0,0,0,0,0,0,0,0,0,0,0,0,0,0,0,0,0,0,0,0,1,0,0,0,0,0,1,0,0,0,1,0,0,0,0,0,0,0,0,0,0,0,0,0,1,0,0,0,0,0,1,0,0,0,0,0,0,0,0,0,0,0,0,0,0,0,0,0,0,0,0,0,0,0,0,0,0,0,0,0,0,1,1,0,0,0,0,0,0,0,0,0,0,0,0,0,1,0,0,0,0,0,0,1,0,1,1,0,0,0,0,0,0,0,1,0,0,0,0,1,0,0,0,0,0,0,0,0,1,0,0,0,0,0,0,0,0,0,0,1,0,0,0,0,0,0,0,0,0,0,0,0,0,0,0,0,0,0,1,0,1,0,0,0,0,0,1,0,0,0,0,0,0,0,0,0,0,0,0,0,1,1,0,0,0,0,0,0,0,1,0,0,1,0,0,0,0,0,0,0,0,0,0,0,0,0,0,0,0,0,0,0,0,0,0,1,0,0,0,0,0,0,0,1,1,0,0,0,0,0,0,0,1,1,0,0,0,0.3557776146754081,-0.4764669801827597,-0.054321521516663106,0.8322445948581678,0.4764669801827597,0.9438328313346094,-1.704334132567893,10.738934240362811,0.042561728395062115,10.738934240362811,-1.1749999999999996,10.696372511967748,5.390747984378937,5.348186255983874,0.09348963855560748,2.716824212934927,5.969305287951849,22.45233013258621,5.824404497999927,12.841643245852019,0.0,0.0,0.0,9.967957041894417,22.441134762235407,4.794537184071822,0.0,84.92354916158135,84.29131215259166,10.292528739883947,7.196767650725311,6.592224152875015,4.154987220603792,9.205010620823694,3.09326302505859,1.5040409266916699,74.0,0.0,0.3557776146754081,-0.4764669801827597,0.4764669801827597,0.3557776146754081,89.10000000000001,1.2878,50.38870000000001,0.8999999999999999,0.55
8354,O=C(NC(=O)c1ccccc1Cl)Nc1ccc(OC(F)(F)F)cc1,0,8354,O=C(NC(=O)c1ccccc1Cl)Nc1ccc(OC(F)(F)F)cc1,8354,O=C(NC(=O)c1ccccc1Cl)Nc1ccc(OC(F)(F)F)cc1,O=C(NC(=O)c1ccccc1Cl)Nc1ccc(OC(F)(F)F)cc1,O=C(NC(=O)c1ccccc1Cl)Nc1ccc(OC(F)(F)F)cc1,O=C(NC(=O)c1ccccc1Cl)Nc1ccc(OC(F)(F)F)cc1,8354.0,1.0,0.0,0.0,0.0,0.0,0.0,0.0,O=C(NC(=O)c1ccccc1)Nc1ccccc1,358.70300000000003,4.200500000000002,67.43,2.0,3.0,3.0,2.0,2.0,9.0,0.0666666666666666,24.0,0.0,0.0,0.0,0.0,0.0,0.0,0.0,0.0,0.0,0.0,1.0,1.0,1.0,1.0,0.0,0.0,1.0,1.0,0.0,0.0,0.0,0.0,0.0,0.0,0.0,0.0,0.0,0.0,0.0,0.0,0.0,0.0,0.0,0.0,1.0,1.0,0.0,0.0,0.0,0.0,0.0,0.0,0.0,0.0,0.0,0.0,0.0,0.0,0.0,0.0,0.0,0.0,0.0,0.0,2.0,1.0,12.0,1.0,0.0,0.0,0.0,0.0,4.0,1.0,3.0,1.0,1.0,1.0,0.0,0.0,0.0,0.0,0.0,0.0,0.0,0.0,0.0,0.0,0.0,0.0,0.0,0.0,0.0,0.0,0.0,0.0,0.0,0.0,0.0,0.0,0.0,0.0,0.0,0.0,0.0,0.0,0.0,0.0,0.0,0.0,0.0,0.0,0.0,0.0,0.0,0.0,0.0,0.0,0.0,0.0,0.0,0.0,0.0,0.0,0.0,0.0,0.0,0.0,0.0,0.0,0.0,0.0,0.0,0.0,1.0,1.0,0.0,0.0,0.0,0.0,0.0,0.0,0.0,0.0,0.0,0.0,0.0,0.0,0.0,0.0,3.0,1.0,0.0,0.0,0.0,0.0,0.0,0.0,0.0,0.0,0.0,0.0,0.0,0.0,0.0,0.0,0.0,0.0,0.0,0.0,0.0,0.0,0.0,0.0,0.0,0.0,0.0,0.0,0.0,0.0,0.0,0.0,0.0,0.0,0.0,0.0,0.0,0.0,0.0,0.0,0.0,0.0,0.0,0.0,0.0,0.0,0.0,0.0,0.0,0.0,0.0,0.0,0.0,0.0,0.0,0.0,0.0,0.0,0.0,0.0,0.0,0.0,0.0,0.0,1.0,1.0,0.0,0.0,0.0,0.0,0.0,0.0,0.0,0.0,0.0,0.0,0.0,0.0,0.0,0.0,0.0,0.0,0.0,0.0,0.0,0.0,0.0,0.0,0.0,0.0,0.0,0.0,0.0,0.0,0.0,0.0,0.0,0.0,0.0,0.0,0.0,0.0,0.0,0.0,0.0,0.0,0.0,0.0,0.0,0.0,0.0,0.0,0.0,0.0,0.0,0.0,1.0,3.0,1.0,2.0,1.0,1.0,0,0,1,0,0,0,0,0,O=C(NC(=O)c1ccccc1)Nc1ccccc1,murcko,train,0,0,0,0,0,0,0,0,0,0,0,0,0,0,0,0,0,0,0,0,0,0,0,0,1,0,0,0,0,0,0,0,0,0,0,0,1,0,0,1,0,0,0,0,0,0,0,0,0,1,0,0,0,1,0,0,0,0,0,0,0,1,0,0,1,0,1,0,0,0,0,0,0,0,0,1,0,0,0,0,0,1,0,0,0,0,0,0,0,0,0,0,0,0,0,1,0,0,0,0,1,0,0,0,0,0,0,0,0,0,1,0,0,0,1,0,0,0,0,0,0,0,0,0,0,1,0,0,1,1,0,0,0,0,0,0,1,0,1,0,0,0,0,0,0,1,0,1,0,0,0,0,0,0,0,0,0,0,0,0,0,0,0,0,0,0,0,1,0,0,0,0,0,1,0,1,1,0,0,0,0,0,0,1,0,1,0,0,0,0,0,1,0,0,0,0,0,1,1,1,0,0,0,0,0,0,1,0,0,0,0,0,0,0,1,0,0,0,0,0,0,0,0,0,0,0,0,0,0,0,1,0,0,1,0,0,0,0,0,0,0,0,0,0,0,0,0,0,0,0,0,0,0,0,0,0,0.5725963173375077,-0.40579734735493084,-0.03581176114323569,0.9783936646924385,0.5725963173375077,1.4420834772372975,-2.301565744674954,12.039023421531919,0.11411277535195352,12.039023421531919,-4.797925371853683,11.924910646179965,6.076568098441936,5.962455323089983,0.08385807069509077,3.0964324136743726,24.050164934003867,16.273471080121883,0.0,12.13273413692322,24.26546827384644,12.13273413692322,0.0,15.370440161812711,11.600939890232516,22.760319511168106,0.0,138.9195099012217,138.58627212503197,17.74227620818978,11.855404916945504,11.243002059931312,6.471143001181725,17.611316508566166,7.221431241589859,5.165272203667176,126.0,0.0,0.5725963173375077,-0.40579734735493084,0.5725963173375077,0.40579734735493084,67.43,4.200500000000002,81.06190000000001,1.1,0.6266666666666667
8579,CC1CN(CN2COC(C)C2)CO1,1,8579,CC1CN(CN2COC(C)C2)CO1,8579,CC1CN(CN2COC(C)C2)CO1,CC1CN(CN2COC(C)C2)CO1,CC1CN(CN2COC(C)C2)CO1,CC1CN(CN2COC(C)C2)CO1,8579.0,1.0,0.0,0.0,0.0,0.0,0.0,0.0,C1CN(CN2CCOC2)CO1,186.255,0.3003,24.94,0.0,4.0,2.0,2.0,0.0,4.0,1.0,13.0,0.0,0.0,0.0,0.0,0.0,0.0,2.0,1.0,0.0,0.0,0.0,0.0,0.0,0.0,0.0,0.0,0.0,0.0,0.0,0.0,0.0,0.0,0.0,0.0,0.0,0.0,0.0,0.0,0.0,0.0,0.0,0.0,0.0,0.0,2.0,1.0,0.0,0.0,0.0,0.0,0.0,0.0,0.0,0.0,0.0,0.0,0.0,0.0,0.0,0.0,0.0,0.0,0.0,0.0,0.0,0.0,0.0,0.0,0.0,0.0,0.0,0.0,0.0,0.0,0.0,0.0,0.0,0.0,0.0,0.0,0.0,0.0,0.0,0.0,0.0,0.0,0.0,0.0,0.0,0.0,0.0,0.0,0.0,0.0,0.0,0.0,0.0,0.0,0.0,0.0,0.0,0.0,0.0,0.0,0.0,0.0,0.0,0.0,0.0,0.0,0.0,0.0,0.0,0.0,0.0,0.0,0.0,0.0,0.0,0.0,0.0,0.0,0.0,0.0,0.0,0.0,0.0,0.0,0.0,0.0,0.0,0.0,0.0,0.0,0.0,0.0,0.0,0.0,0.0,0.0,0.0,0.0,0.0,0.0,0.0,0.0,0.0,0.0,0.0,0.0,0.0,0.0,0.0,0.0,0.0,0.0,0.0,0.0,0.0,0.0,0.0,0.0,0.0,0.0,0.0,0.0,0.0,0.0,0.0,0.0,0.0,0.0,0.0,0.0,0.0,0.0,0.0,0.0,0.0,0.0,0.0,0.0,0.0,0.0,0.0,0.0,0.0,0.0,0.0,0.0,0.0,0.0,0.0,0.0,0.0,0.0,0.0,0.0,0.0,0.0,0.0,0.0,0.0,0.0,0.0,0.0,0.0,0.0,0.0,0.0,0.0,0.0,0.0,0.0,0.0,0.0,0.0,0.0,0.0,0.0,0.0,0.0,0.0,0.0,0.0,0.0,0.0,0.0,0.0,0.0,0.0,0.0,0.0,0.0,0.0,0.0,0.0,0.0,0.0,0.0,0.0,0.0,0.0,0.0,0.0,0.0,0.0,0.0,0.0,0.0,0.0,0.0,0.0,0.0,0.0,0.0,0.0,0.0,0.0,0.0,0.0,0.0,0.0,0.0,0.0,0.0,0.0,0.0,0.0,0.0,0.0,0.0,0,0,0,0,0,0,0,0,C1CN(CN2CCOC2)CO1,murcko,train,0,0,0,0,0,0,0,0,0,0,0,0,0,1,0,0,0,0,0,0,0,0,0,0,0,0,0,0,0,1,0,0,0,1,1,0,0,0,0,0,0,0,0,0,0,0,1,0,0,0,0,0,0,0,0,0,0,1,0,0,0,0,0,0,0,0,0,0,0,0,0,0,0,0,0,0,0,0,0,0,1,0,0,0,0,0,0,0,0,0,0,0,0,0,0,0,0,0,0,0,0,0,0,0,0,0,0,0,0,0,0,0,0,0,0,0,0,0,0,0,0,0,0,0,0,0,1,0,0,0,0,0,0,0,0,0,0,0,0,0,0,0,0,0,1,0,0,0,0,0,0,0,0,0,0,0,0,0,1,0,1,0,0,0,0,0,0,1,0,0,0,0,0,0,0,0,0,0,0,0,0,0,0,0,0,0,0,0,0,0,0,0,0,0,0,0,0,0,0,0,0,0,0,0,0,0,1,0,0,0,0,0,0,0,0,1,0,0,0,0,0,0,0,0,1,0,0,1,0,0,0,0,0,0,0,0,0,0,0,0,0,0,0,0,0,0,0,0,0,0,0,1,0,1,0,1,0.10051136799411448,-0.36176112741327204,-0.06756455014509635,0.4622724954073865,0.36176112741327204,0.4500799825281807,-1.3284191344144332,5.460988520408163,0.3897637944066512,5.460988520408163,0.3897637944066512,5.071224726001512,2.925376157407407,2.535612363000756,0.19719102465973065,1.6875264112137425,0.0,0.0,12.207932775496605,33.21983749572326,0.0,0.0,0.0,23.647293861082204,9.473725907600098,0.0,0.0,79.39388343536446,78.54879003990216,9.259148545064338,8.401158216239631,6.237183443017882,4.917318505388663,9.3971519262254,3.9196606578585556,2.4034585195024754,76.0,0.0,0.10051136799411448,-0.36176112741327204,0.36176112741327204,0.10051136799411448,24.94,0.3003,49.107000000000035,0.0,0.8
11778,NC(=O)c1cccnc1,0,11778,NC(=O)c1cccnc1,11778,NC(=O)c1cccnc1,NC(=O)c1cccnc1,NC(=O)c1cccnc1,NC(=O)c1cccnc1,11778.0,1.0,0.0,0.0,0.0,0.0,0.0,0.0,c1ccncc1,122.12699999999997,0.1805000000000001,55.98,1.0,2.0,1.0,1.0,1.0,3.0,0.0,9.0,0.0,0.0,0.0,0.0,0.0,0.0,0.0,0.0,0.0,0.0,1.0,1.0,0.0,0.0,0.0,0.0,0.0,0.0,0.0,0.0,0.0,0.0,0.0,0.0,0.0,0.0,0.0,0.0,0.0,0.0,0.0,0.0,0.0,0.0,0.0,0.0,0.0,0.0,0.0,0.0,0.0,0.0,0.0,0.0,0.0,0.0,0.0,0.0,0.0,0.0,0.0,0.0,0.0,0.0,1.0,1.0,6.0,1.0,0.0,0.0,0.0,0.0,0.0,0.0,0.0,0.0,0.0,0.0,0.0,0.0,0.0,0.0,0.0,0.0,0.0,0.0,0.0,0.0,0.0,0.0,0.0,0.0,0.0,0.0,0.0,0.0,0.0,0.0,0.0,0.0,0.0,0.0,0.0,0.0,0.0,0.0,0.0,0.0,0.0,0.0,0.0,0.0,0.0,0.0,0.0,0.0,0.0,0.0,0.0,0.0,0.0,0.0,0.0,0.0,0.0,0.0,0.0,0.0,0.0,0.0,0.0,0.0,0.0,0.0,0.0,0.0,0.0,0.0,0.0,0.0,0.0,0.0,0.0,0.0,0.0,0.0,0.0,0.0,0.0,0.0,0.0,0.0,0.0,0.0,0.0,0.0,0.0,0.0,0.0,0.0,0.0,0.0,0.0,0.0,0.0,0.0,0.0,0.0,0.0,0.0,0.0,0.0,0.0,0.0,0.0,0.0,0.0,0.0,0.0,0.0,0.0,0.0,0.0,0.0,0.0,0.0,0.0,0.0,0.0,0.0,0.0,0.0,0.0,0.0,0.0,0.0,0.0,0.0,0.0,0.0,0.0,0.0,0.0,0.0,0.0,0.0,0.0,0.0,0.0,0.0,0.0,0.0,0.0,0.0,0.0,0.0,0.0,0.0,0.0,0.0,0.0,0.0,0.0,0.0,0.0,0.0,0.0,0.0,0.0,0.0,0.0,0.0,0.0,0.0,0.0,0.0,0.0,0.0,0.0,0.0,0.0,0.0,0.0,0.0,0.0,0.0,0.0,0.0,0.0,0.0,0.0,0.0,0.0,0.0,0.0,0.0,0.0,0.0,0.0,0.0,0.0,0.0,0.0,0.0,0.0,0.0,0.0,0.0,0.0,0.0,0.0,0.0,0,0,0,0,0,0,0,0,c1ccncc1,murcko,train,0,0,0,0,0,0,0,0,0,0,0,0,0,0,0,0,0,0,0,1,0,0,0,0,0,0,0,0,0,0,0,0,0,0,0,0,0,0,0,1,0,0,0,0,0,0,0,0,0,0,1,0,0,1,0,0,0,0,0,0,0,0,0,0,1,0,0,1,0,0,0,0,0,0,1,0,0,0,0,0,0,1,0,0,0,0,0,0,0,0,0,0,0,0,0,0,0,0,0,0,1,0,0,0,0,1,0,0,0,0,0,0,0,0,0,0,0,0,0,0,0,0,1,0,0,1,0,0,0,0,0,0,0,0,0,0,0,0,1,0,1,0,0,0,0,0,0,1,0,0,0,0,0,1,0,0,0,0,0,0,0,0,0,0,0,0,0,0,0,0,1,0,0,0,0,0,0,0,0,0,0,1,0,0,0,0,0,0,0,0,0,1,0,1,0,0,0,0,0,0,0,0,0,0,0,0,0,0,0,0,0,0,0,0,1,0,0,0,0,0,0,0,0,0,0,0,0,0,0,0,0,0,0,0,0,0,0,0,0,0,0,0,0,0,0,0,0,0,0,0,0,0,0,0,0,1,0.2497619496515242,-0.36555064039965735,-0.06832074084933817,0.6153125900511816,0.36555064039965735,0.37345231495067605,-0.9883389825947196,10.383148148148148,0.4415740740740739,10.383148148148148,-0.4415740740740739,9.941574074074074,5.412361111111111,4.970787037037037,0.10058769290949901,2.946580951748953,5.907179729351506,0.0,5.563451491696996,0.0,6.196843571613076,18.3295777085363,0.0,4.9839785209472085,5.733667477162185,4.794537184071822,0.0,52.51740601189656,51.50923568337909,6.69023444431199,4.7422132319119505,4.304530452640311,2.5032139951773598,5.751233595800525,2.2593342006647616,1.2528322001978998,46.0,0.0,0.2497619496515242,-0.36555064039965735,0.36555064039965735,0.2497619496515242,55.980000000000004,0.18050000000000016,32.7549,0.0,0.2
3432,O=C1CCC(=O)N1Br,1,3432,O=C1CCC(=O)N1Br,3432,O=C1CCC(=O)N1Br,O=C1CCC(=O)N1Br,O=C1CCC(=O)N1Br,O=C1CCC(=O)N1Br,3432.0,1.0,0.0,0.0,0.0,0.0,0.0,0.0,O=C1CCC(=O)N1,177.985,0.4453,37.38,0.0,2.0,0.0,1.0,0.0,4.0,0.5,8.0,0.0,0.0,0.0,0.0,0.0,0.0,0.0,0.0,0.0,0.0,2.0,1.0,0.0,0.0,0.0,0.0,0.0,0.0,0.0,0.0,0.0,0.0,0.0,0.0,0.0,0.0,0.0,0.0,0.0,0.0,0.0,0.0,0.0,0.0,0.0,0.0,0.0,0.0,0.0,0.0,0.0,0.0,0.0,0.0,0.0,0.0,0.0,0.0,0.0,0.0,0.0,0.0,0.0,0.0,0.0,0.0,0.0,0.0,0.0,0.0,0.0,0.0,1.0,1.0,0.0,0.0,0.0,0.0,1.0,1.0,0.0,0.0,0.0,0.0,0.0,0.0,0.0,0.0,0.0,0.0,0.0,0.0,0.0,0.0,0.0,0.0,0.0,0.0,0.0,0.0,0.0,0.0,0.0,0.0,0.0,0.0,0.0,0.0,0.0,0.0,0.0,0.0,0.0,0.0,0.0,0.0,0.0,0.0,0.0,0.0,0.0,0.0,0.0,0.0,0.0,0.0,0.0,0.0,0.0,0.0,0.0,0.0,0.0,0.0,0.0,0.0,0.0,0.0,0.0,0.0,0.0,0.0,0.0,0.0,0.0,0.0,0.0,0.0,0.0,0.0,0.0,0.0,0.0,0.0,0.0,0.0,0.0,0.0,0.0,0.0,0.0,0.0,0.0,0.0,0.0,0.0,0.0,0.0,0.0,0.0,0.0,0.0,0.0,0.0,0.0,0.0,0.0,0.0,0.0,0.0,0.0,0.0,0.0,0.0,0.0,0.0,0.0,0.0,0.0,0.0,0.0,0.0,0.0,0.0,0.0,0.0,0.0,0.0,0.0,0.0,0.0,0.0,0.0,0.0,0.0,0.0,0.0,0.0,0.0,0.0,0.0,0.0,0.0,0.0,0.0,0.0,0.0,0.0,0.0,0.0,0.0,0.0,0.0,0.0,0.0,0.0,0.0,0.0,0.0,0.0,0.0,0.0,0.0,0.0,0.0,0.0,0.0,0.0,0.0,0.0,0.0,0.0,0.0,0.0,0.0,0.0,0.0,0.0,0.0,0.0,0.0,0.0,0.0,0.0,0.0,0.0,0.0,0.0,1.0,1.0,0.0,0.0,0.0,0.0,0.0,0.0,1.0,1.0,0.0,0.0,1.0,1.0,0,0,0,0,0,0,0,0,O=C1CCC(=O)N1,murcko,train,0,0,0,0,0,0,0,0,0,0,0,0,0,0,0,0,0,0,0,0,0,0,0,0,0,0,0,0,0,0,1,0,0,0,0,0,0,0,0,0,0,0,0,0,0,0,0,0,0,0,0,0,0,0,0,0,0,0,1,0,0,1,0,0,0,0,0,0,0,0,0,0,0,0,0,0,0,0,0,0,0,0,0,0,0,0,0,0,0,0,0,0,0,0,0,0,0,0,0,0,1,0,0,0,0,0,0,0,0,0,0,0,0,0,0,0,0,0,0,0,0,0,0,0,0,0,0,0,1,0,0,0,0,0,0,0,0,0,1,0,0,0,0,0,0,0,0,0,0,0,0,0,0,0,0,0,0,0,1,0,1,0,0,0,0,0,0,1,0,0,0,0,0,0,0,0,0,0,0,0,0,0,0,0,0,0,0,0,0,0,0,0,0,0,0,1,0,0,0,0,0,0,1,0,0,0,0,0,0,0,0,0,0,0,0,0,1,0,0,0,0,0,0,0,0,0,0,0,0,0,0,0,0,0,0,0,0,0,0,0,0,0,0,0,0,0,0,0,0,0,0,0,0,0,0,0,0.23940543229346584,-0.2735060185803365,-0.01862803992590794,0.5129114508738024,0.2735060185803365,0.6124575308069815,-0.761481850214245,10.442708333333334,0.14351851851851816,10.442708333333334,-0.14351851851851838,10.299189814814817,5.293113425925926,5.149594907407408,0.09709501601393491,2.7203158931410614,0.0,11.814359458703011,12.841643245852019,3.9259894932741712,0.0,0.0,0.0,16.147209740290368,0.0,9.589074368143644,0.0,54.988814491065135,54.318276306263215,6.146264369941973,4.055888211810006,3.7152140551632704,2.231599518096072,5.751233595800525,1.8538798628179078,0.7531848171970638,44.0,0.0,0.23940543229346584,-0.2735060185803365,0.2735060185803365,0.23940543229346584,37.38,0.44530000000000003,30.013999999999992,0.0,0.2
5631,NC(=Nc1ccccc1)Nc1ccccc1,1,5631,NC(=Nc1ccccc1)Nc1ccccc1,5631,NC(=Nc1ccccc1)Nc1ccccc1,NC(=Nc1ccccc1)Nc1ccccc1,NC(=Nc1ccccc1)Nc1ccccc1,NC(=Nc1ccccc1)Nc1ccccc1,5631.0,1.0,0.0,0.0,0.0,0.0,0.0,0.0,C(=Nc1ccccc1)Nc1ccccc1,211.268,2.744900000000001,50.41,2.0,1.0,2.0,2.0,2.0,3.0,0.0,16.0,0.0,0.0,0.0,0.0,0.0,0.0,0.0,0.0,0.0,0.0,0.0,0.0,0.0,0.0,0.0,0.0,1.0,1.0,0.0,0.0,0.0,0.0,0.0,0.0,0.0,0.0,1.0,1.0,1.0,1.0,0.0,0.0,0.0,0.0,0.0,0.0,0.0,0.0,0.0,0.0,0.0,0.0,0.0,0.0,0.0,0.0,0.0,0.0,0.0,0.0,0.0,0.0,0.0,0.0,2.0,1.0,12.0,1.0,0.0,0.0,0.0,0.0,0.0,0.0,0.0,0.0,0.0,0.0,0.0,0.0,0.0,0.0,0.0,0.0,0.0,0.0,0.0,0.0,0.0,0.0,0.0,0.0,0.0,0.0,0.0,0.0,0.0,0.0,0.0,0.0,0.0,0.0,0.0,0.0,0.0,0.0,0.0,0.0,0.0,0.0,0.0,0.0,0.0,0.0,0.0,0.0,0.0,0.0,0.0,0.0,0.0,0.0,1.0,1.0,0.0,0.0,0.0,0.0,0.0,0.0,0.0,0.0,0.0,0.0,0.0,0.0,0.0,0.0,0.0,0.0,0.0,0.0,0.0,0.0,0.0,0.0,0.0,0.0,0.0,0.0,0.0,0.0,0.0,0.0,0.0,0.0,0.0,0.0,0.0,0.0,0.0,0.0,0.0,0.0,0.0,0.0,0.0,0.0,0.0,0.0,0.0,0.0,0.0,0.0,0.0,0.0,0.0,0.0,0.0,0.0,0.0,0.0,0.0,0.0,0.0,0.0,0.0,0.0,0.0,0.0,0.0,0.0,0.0,0.0,0.0,0.0,0.0,0.0,0.0,0.0,0.0,0.0,0.0,0.0,0.0,0.0,0.0,0.0,0.0,0.0,0.0,0.0,0.0,0.0,0.0,0.0,0.0,0.0,0.0,0.0,0.0,0.0,0.0,0.0,0.0,0.0,0.0,0.0,0.0,0.0,0.0,0.0,0.0,0.0,0.0,0.0,0.0,0.0,0.0,0.0,0.0,0.0,0.0,0.0,0.0,0.0,0.0,0.0,0.0,0.0,0.0,0.0,0.0,0.0,0.0,0.0,0.0,0.0,0.0,0.0,0.0,0.0,0.0,0.0,0.0,0.0,1.0,1.0,1.0,1.0,0.0,0.0,0,0,1,0,0,0,0,0,C(=Nc1ccccc1)Nc1ccccc1,murcko,train,0,0,0,0,0,0,0,1,0,0,0,0,0,0,0,0,0,0,0,0,0,0,0,0,1,0,0,0,0,0,0,0,0,0,0,0,0,0,0,1,0,0,0,0,0,0,0,0,0,0,0,0,0,1,0,0,0,0,0,0,0,0,1,0,1,0,0,0,0,0,0,0,0,0,0,0,0,1,0,0,0,1,0,0,0,0,0,0,0,1,0,0,0,0,0,0,0,0,0,0,1,0,0,0,0,1,0,0,0,0,0,0,0,0,0,0,0,0,0,0,0,0,0,0,0,0,0,0,1,0,0,0,0,1,0,0,0,0,0,0,1,0,0,0,0,0,0,1,0,0,0,0,0,0,0,0,0,0,0,0,0,0,0,0,0,0,0,1,0,0,0,0,0,0,0,1,0,1,0,0,0,0,0,0,0,0,0,0,0,0,0,1,0,0,0,0,0,0,0,0,0,0,0,0,0,0,0,0,0,0,0,0,0,1,1,0,0,0,0,0,0,0,0,0,0,0,0,0,0,0,0,0,0,0,0,0,0,0,0,0,0,0,0,0,0,0,0,0,0,0,0,0,0,0,0,0,0.19785852245044425,-0.3693719232733708,-0.07000756175333168,0.5672304457238151,0.3693719232733708,0.3055757512135202,-1.4256967392668274,5.776632653061225,0.38648148148148165,5.776632653061225,0.38648148148148165,5.390151171579744,3.081557067271353,2.695075585789872,0.18552355363846323,1.761730544575235,0.0,0.0,5.959554568743835,11.374772549367124,0.0,0.0,60.6636706846161,10.309193336642,5.733667477162185,0.0,0.0,94.6385148064385,94.04085861653125,11.217332181807452,8.798066556585843,7.84333659290053,5.05725593514069,10.235362076049029,4.97865194117306,2.8498118619438304,80.0,0.0,0.19785852245044425,-0.3693719232733708,0.3693719232733708,0.19785852245044425,50.41,2.7449000000000012,67.78910000000003,0.8999999999999999,0.4
9188,Nc1ccc(N=Nc2ccc(N=Nc3c(S(=O)(=O)O)cc4cc(S(=O)(=O)O)c(N=Nc5ccccc5)c(O)c4c3N)cc2)c(N)c1,0,9188,Nc1ccc(N=Nc2ccc(N=Nc3c(S(=O)(=O)O)cc4cc(S(=O)(=O)O)c(N=Nc5ccccc5)c(O)c4c3N)cc2)c(N)c1,9188,Nc1ccc(N=Nc2ccc(N=Nc3c(S(=O)(=O)O)cc4cc(S(=O)(=O)O)c(N=Nc5ccccc5)c(O)c4c3N)cc2)c(N)c1,Nc1ccc(N=Nc2ccc(N=Nc3c(S(=O)(=O)O)cc4cc(S(=O)(=O)O)c(N=Nc5ccccc5)c(O)c4c3N)cc2)c(N)c1,Nc1ccc(N=Nc2ccc(N=Nc3c(S(=O)(=O)O)cc4cc(S(=O)(=O)O)c(N=Nc5ccccc5)c(O)c4c3N)cc2)c(N)c1,Nc1ccc(N=Nc2ccc(N=Nc3c(S(=O)(=O)O)cc4cc(S(=O)(=O)O)c(N=Nc5ccccc5)c(O)c4c3N)cc2)c(N)c1,9188.0,1.0,0.0,0.0,0.0,0.0,0.0,0.0,c1ccc(N=Nc2ccc(N=Nc3ccc4ccc(N=Nc5ccccc5)cc4c3)cc2)cc1,661.682,7.0316000000000045,281.18999999999994,6.0,14.0,8.0,5.0,5.0,18.0,0.0,46.0,0.0,0.0,0.0,0.0,0.0,0.0,0.0,0.0,0.0,0.0,0.0,0.0,0.0,0.0,0.0,0.0,3.0,1.0,0.0,0.0,0.0,0.0,3.0,1.0,0.0,0.0,0.0,0.0,0.0,0.0,0.0,0.0,1.0,1.0,0.0,0.0,0.0,0.0,0.0,0.0,0.0,0.0,0.0,0.0,0.0,0.0,0.0,0.0,0.0,0.0,0.0,0.0,0.0,0.0,5.0,1.0,40.0,1.0,2.0,1.0,0.0,0.0,0.0,0.0,0.0,0.0,0.0,0.0,0.0,0.0,0.0,0.0,0.0,0.0,0.0,0.0,2.0,1.0,0.0,0.0,2.0,1.0,0.0,0.0,0.0,0.0,0.0,0.0,0.0,0.0,0.0,0.0,0.0,0.0,0.0,0.0,0.0,0.0,0.0,0.0,0.0,0.0,0.0,0.0,0.0,0.0,0.0,0.0,3.0,1.0,0.0,0.0,3.0,1.0,0.0,0.0,0.0,0.0,0.0,0.0,0.0,0.0,0.0,0.0,0.0,0.0,6.0,1.0,0.0,0.0,0.0,0.0,0.0,0.0,0.0,0.0,0.0,0.0,0.0,0.0,0.0,0.0,0.0,0.0,0.0,0.0,0.0,0.0,0.0,0.0,0.0,0.0,0.0,0.0,0.0,0.0,0.0,0.0,0.0,0.0,0.0,0.0,0.0,0.0,0.0,0.0,0.0,0.0,0.0,0.0,0.0,0.0,0.0,0.0,0.0,0.0,0.0,0.0,0.0,0.0,0.0,0.0,0.0,0.0,0.0,0.0,0.0,0.0,0.0,0.0,0.0,0.0,0.0,0.0,0.0,0.0,0.0,0.0,0.0,0.0,0.0,0.0,0.0,0.0,0.0,0.0,0.0,0.0,0.0,0.0,0.0,0.0,0.0,0.0,0.0,0.0,0.0,0.0,0.0,0.0,0.0,0.0,0.0,0.0,0.0,0.0,0.0,0.0,0.0,0.0,0.0,0.0,0.0,0.0,0.0,0.0,0.0,0.0,0.0,0.0,0.0,0.0,0.0,0.0,0.0,0.0,0.0,0.0,0.0,0.0,0.0,0.0,0.0,0.0,0.0,0.0,1.0,3.0,1.0,3.0,0.0,0.0,1,1,1,0,0,0,0,0,c1ccc(N=Nc2ccc(N=Nc3ccc4ccc(N=Nc5ccccc5)cc4c3)cc2)cc1,murcko,train,1,0,0,0,0,0,0,0,0,0,0,0,0,1,0,0,0,0,1,1,0,0,0,0,0,0,0,0,0,0,0,0,0,0,0,0,0,0,0,1,0,0,0,0,0,0,0,1,0,0,0,0,0,0,0,0,0,0,0,0,1,0,1,1,1,0,1,0,1,0,0,0,0,0,0,0,0,0,0,0,1,1,0,0,0,0,0,0,0,0,0,0,0,0,1,0,0,1,0,0,1,0,0,0,0,0,1,1,0,0,0,0,0,0,1,0,0,0,1,0,1,0,0,0,0,0,1,0,0,1,0,0,0,1,0,1,1,0,1,0,0,0,1,0,1,0,0,1,0,0,0,0,0,0,0,0,0,0,0,0,0,0,0,1,0,0,1,0,0,0,0,0,0,0,0,1,0,1,0,0,0,0,0,0,0,0,0,0,0,1,0,0,1,0,0,0,1,0,0,0,0,0,1,0,0,0,0,0,1,0,0,0,0,1,1,1,0,0,0,0,0,0,0,0,0,0,0,0,0,0,0,0,0,0,0,0,0,0,0,0,0,0,0,0,0,0,0,1,0,0,0,0,1,0,0,0,0.29641477785438575,-0.5048483780207227,-0.05649685083483097,0.8012631558751084,0.5048483780207227,1.8612519777519232,-4.4601071161541475,12.326138083899682,0.2037288368510619,12.326138083899682,-5.031018514154918,12.12240924704862,6.264933460375372,6.06120462352431,0.08249185286690966,3.2377550091774676,52.83889132643725,22.147220978296716,22.74954509873425,12.13273413692322,24.26546827384644,48.53093654769288,0.0,30.685500753776385,17.201002431486554,31.047621110879305,0.0,260.69586166620695,261.59892065807304,33.2250393923857,23.289366678506443,21.718383821892054,12.846121534495651,31.600021103838554,12.28633311422381,6.787572882968253,234.0,0.0,0.29641477785438575,-0.5048483780207227,0.5048483780207227,0.29641477785438575,281.18999999999994,7.0316000000000045,170.3331999999999,2.3,1.6
