No,SMILES,label,endpoint,_can,scaffold,scaffold_type,scaffold_group,split
12,CCOC=CC(=O)C(F)(F)F,0,invitro,CCOC=CC(=O)C(F)(F)F,ACYC_C14,acyclic,ACYC_C14,train
70,CCCCCCCCCCCCC(CCCCCCCCCC)COC(=O)CCSCCC(=O)OCC(CCCCCCCCCC)CCCCCCCCCCCC,0,invitro,CCCCCCCCCCCCC(CCCCCCCCCC)COC(=O)CCSCCC(=O)OCC(CCCCCCCCCC)CCCCCCCCCCCC,ACYC_C25,acyclic,ACYC_C25,train
75,CCCCCCCC(=O)OCC(CCC)CCCCC,0,invitro,CCCCCCCC(=O)OCC(CCC)CCCCC,ACYC_C25,acyclic,ACYC_C25,train
259,CC1=CC(=C(C=C1Cl)N=NC2C(=NN(C2=O)C3=CC(=CC=C3)S(=O)(=O)[O-])C)S(=O)(=O)[O-].[NH4+].[NH4+],0,invitro,CC1=NN(c2cccc(S(=O)(=O)[O-])c2)C(=O)C1N=Nc1cc(Cl)c(C)cc1S(=O)(=O)[O-].[NH4+].[NH4+],CC1C(CCC2CCCCC2)CCC1C1CCCCC1,cyclic,CC1C(CCC2CCCCC2)CCC1C1CCCCC1,train
590,[NH4+].[O-]P(=O)([O-])OP(=O)([O-])[O-].[Mn+3],0,invitro,O=P([O-])([O-])OP(=O)([O-])[O-].[Mn+3].[NH4+],ACYC_C16,acyclic,ACYC_C16,train
611,CC(=CCCC1=CCC(CC1)C=O)C,0,invitro,CC(C)=CCCC1=CCC(C=O)CC1,C1CCCCC1,cyclic,C1CCCCC1,train
1300,C(=O)(C(F)(F)F)OS(=O)C(F)(F)F.[K+].[K+],0,invitro,O=C(OS(=O)C(F)(F)F)C(F)(F)F.[K+].[K+],ACYC_C14,acyclic,ACYC_C14,train
1816,CC(=O)C1=CC=C(C=C1)OC,0,invitro,COc1ccc(C(C)=O)cc1,C1CCCCC1,cyclic,C1CCCCC1,train
1817,COC1=CC=C(C=C1)C(=O)O,0,invitro,COc1ccc(C(=O)O)cc1,C1CCCCC1,cyclic,C1CCCCC1,train
1831,C1=CC=C(C=C1)CO,0,invitro,OCc1ccccc1,C1CCCCC1,cyclic,C1CCCCC1,train
1832,C1=CC=C(C=C1)C=O,0,invitro,O=Cc1ccccc1,C1CCCCC1,cyclic,C1CCCCC1,train
1838,COC1=CC=CC=C1,0,invitro,COc1ccccc1,C1CCCCC1,cyclic,C1CCCCC1,train
1844,C[N+](C)(C)CC1=CC=CC=C1.[OH-],0,invitro,C[N+](C)(C)Cc1ccccc1.[OH-],C1CCCCC1,cyclic,C1CCCCC1,train
1875,O=P(Cl)(Cl)Cl,0,invitro,O=P(Cl)(Cl)Cl,ACYC_C16,acyclic,ACYC_C16,train
1876,Cl[Sb](Cl)Cl,1,invitro,[Cl][Sb]([Cl])[Cl],ACYC_C40,acyclic,ACYC_C40,train
1877,Cl[Pt-2](Cl)(Cl)Cl.[K+].[K+],1,invitro,[Cl][Pt-2]([Cl])([Cl])[Cl].[K+].[K+],ACYC_C40,acyclic,ACYC_C40,train
1897,C(C(CO)O)O.C(C(C(C(C(C=O)OC(C=O)C(C(C(CO)O)O)O)O)O)O)O,0,invitro,O=CC(OC(C=O)C(O)C(O)C(O)CO)C(O)C(O)C(O)CO.OCC(O)CO,ACYC_C36,acyclic,ACYC_C36,train
1898,CC1=CC(=C(C=C1)NCCO)[N+](=O)[O-],0,invitro,Cc1ccc(NCCO)c([N+](=O)[O-])c1,C1CCCCC1,cyclic,C1CCCCC1,train
1902,[O-]S(=O)(=O)[O-].[O-]S(=O)(=O)[O-].[O-]S(=O)(=O)[O-].[Al+3].[Al+3],0,invitro,O=S(=O)([O-])[O-].O=S(=O)([O-])[O-].O=S(=O)([O-])[O-].[Al+3].[Al+3],ACYC_C33,acyclic,ACYC_C33,train
1908,[O-]P(=O)([O-])[O-].[Fe+3],0,invitro,O=P([O-])([O-])[O-].[Fe+3],ACYC_C16,acyclic,ACYC_C16,train
1922,CC(C)(C1=CC=CC=C1)C2=CC=C(C=C2)NC3=CC=C(C=C3)C(C)(C)C4=CC=CC=C4,0,invitro,CC(C)(c1ccccc1)c1ccc(Nc2ccc(C(C)(C)c3ccccc3)cc2)cc1,C1CCC(CC2CCC(CC3CCC(CC4CCCCC4)CC3)CC2)CC1,cyclic,C1CCC(CC2CCC(CC3CCC(CC4CCCCC4)CC3)CC2)CC1,test
1929,[N+](=O)([O-])[O-].[N+](=O)([O-])[O-].[N+](=O)([O-])[O-].[La+3],0,invitro,O=[N+]([O-])[O-].O=[N+]([O-])[O-].O=[N+]([O-])[O-].[La+3],ACYC_C39,acyclic,ACYC_C39,train
1934,C=CCOC1=NC(=NC(=N1)OCC=C)OCC=C,0,invitro,C=CCOc1nc(OCC=C)nc(OCC=C)n1,C1CCCCC1,cyclic,C1CCCCC1,train
1936,CN(C)C(=O)NC1=CC=CC=C1,0,invitro,CN(C)C(=O)Nc1ccccc1,C1CCCCC1,cyclic,C1CCCCC1,train
1944,C1=CC(=CC=C1CC2=CC=C(C=C2)N)N,1,invitro,Nc1ccc(Cc2ccc(N)cc2)cc1,C1CCC(CC2CCCCC2)CC1,cyclic,C1CCC(CC2CCCCC2)CC1,train
1947,CCC(C)NC1=CC=C(C=C1)NC(C)CC,0,invitro,CCC(C)Nc1ccc(NC(C)CC)cc1,C1CCCCC1,cyclic,C1CCCCC1,train
1948,CCOC(=O)CC1=CC=CC=C1,0,invitro,CCOC(=O)Cc1ccccc1,C1CCCCC1,cyclic,C1CCCCC1,train
1953,[O-][Se](=O)[O-].[Na+].[Na+],1,invitro,O=[Se]([O-])[O-].[Na+].[Na+],ACYC_C11,acyclic,ACYC_C11,train
1955,OP(=O)(O)OP(=O)(O)O.[Cu+2],0,invitro,O=P(O)(O)OP(=O)(O)O.[Cu+2],ACYC_C16,acyclic,ACYC_C16,train
1957,[N+](=O)([O-])[O-].[N+](=O)([O-])[O-].[N+](=O)([O-])[O-].[Ce+3],0,invitro,O=[N+]([O-])[O-].O=[N+]([O-])[O-].O=[N+]([O-])[O-].[Ce+3],ACYC_C39,acyclic,ACYC_C39,train
1961,[O-]S(=O)[O-].[K+].[K+],0,invitro,O=S([O-])[O-].[K+].[K+],ACYC_C11,acyclic,ACYC_C11,train
1965,[N+](=O)([O-])[O-].[N+](=O)([O-])[O-].[Ca+2],0,invitro,O=[N+]([O-])[O-].O=[N+]([O-])[O-].[Ca+2],ACYC_C39,acyclic,ACYC_C39,train
1969,[O-]P(=O)=O.[Na+],0,invitro,O=P(=O)[O-].[Na+],ACYC_C11,acyclic,ACYC_C11,train
2007,CC1=C(C2=C(CCC(O2)(C)CCCC(C)CCCC(C)CCCC(C)C)C(=C1O)C)C,0,invitro,Cc1c(C)c2c(c(C)c1O)CCC(C)(CCCC(C)CCCC(C)CCCC(C)C)O2,C1CCC2CCCCC2C1,cyclic,C1CCC2CCCCC2C1,train
2008,[NH4+].OS(=O)[O-],0,invitro,O=S([O-])O.[NH4+],ACYC_C11,acyclic,ACYC_C11,train
2019,C1=CC=C(C=C1)CC(=O)OCC2=CC=CC=C2,0,invitro,O=C(Cc1ccccc1)OCc1ccccc1,CC(CCC1CCCCC1)CC1CCCCC1,cyclic,CC(CCC1CCCCC1)CC1CCCCC1,test
2021,C1=CC=C(C=C1)CCOC(=O)CC2=CC=CC=C2,0,invitro,O=C(Cc1ccccc1)OCCc1ccccc1,CC(CCCC1CCCCC1)CC1CCCCC1,cyclic,CC(CCCC1CCCCC1)CC1CCCCC1,train
2030,CCCCN(CCO)CCO,0,invitro,CCCCN(CCO)CCO,ACYC_C49,acyclic,ACYC_C49,train
2033,CC(C)(C)OC(=O)NC(CO)C1=CC=CC=C1,0,invitro,CC(C)(C)OC(=O)NC(CO)c1ccccc1,C1CCCCC1,cyclic,C1CCCCC1,train
2040,CCCCCCCCCCCCCCCCCCN(CCO)CCO,0,invitro,CCCCCCCCCCCCCCCCCCN(CCO)CCO,ACYC_C49,acyclic,ACYC_C49,train
2049,CCCCCCCCCCCC(=O)OC(C)C,0,invitro,CCCCCCCCCCCC(=O)OC(C)C,ACYC_C3,acyclic,ACYC_C3,train
2050,CC1C(C(C(C(O1)OC2C(C(C(OC2OC3=CC(=C4C(=O)CC(OC4=C3)C5=CC=C(C=C5)O)O)CO)O)O)O)O)O,0,invitro,CC1OC(OC2C(Oc3cc(O)c4c(c3)OC(c3ccc(O)cc3)CC4=O)OC(CO)C(O)C2O)C(O)C(O)C1O,CC1CC(C2CCCCC2)CC2CC(CC3CCCCC3CC3CCCCC3)CCC12,cyclic,CC1CC(C2CCCCC2)CC2CC(CC3CCCCC3CC3CCCCC3)CCC12,test
2057,[O-]S(=O)[O-].[Ca+2],0,invitro,O=S([O-])[O-].[Ca+2],ACYC_C11,acyclic,ACYC_C11,train
2059,C(=CCl)C(F)(F)F,0,invitro,FC(F)(F)C=CCl,ACYC_C30,acyclic,ACYC_C30,train
2063,CCCCCCCC(=O)OCCCO,0,invitro,CCCCCCCC(=O)OCCCO,ACYC_C31,acyclic,ACYC_C31,train
2069,[O-]S(=O)(=S)[O-].[K+].[K+],0,invitro,O=S([O-])([O-])=S.[K+].[K+],ACYC_C33,acyclic,ACYC_C33,train
2071,CCCCCCCCCCCC(=O)OCC(C)(C)C=O,0,invitro,CCCCCCCCCCCC(=O)OCC(C)(C)C=O,ACYC_C1,acyclic,ACYC_C1,train
2073,CCCCC(CC)COC(=O)C=C,0,invitro,C=CC(=O)OCC(CC)CCCC,ACYC_C25,acyclic,ACYC_C25,train
2079,CCOC(=O)C=CC1=CC=CC=C1,0,invitro,CCOC(=O)C=Cc1ccccc1,C1CCCCC1,cyclic,C1CCCCC1,train
2080,CCCC(=O)OCC1=CC=CC=C1,0,invitro,CCCC(=O)OCc1ccccc1,C1CCCCC1,cyclic,C1CCCCC1,train
2082,C1=CC=C(C=C1)COC(=O)C=CC2=CC=CC=C2,0,invitro,O=C(C=Cc1ccccc1)OCc1ccccc1,CC(CCC1CCCCC1)CCC1CCCCC1,cyclic,CC(CCC1CCCCC1)CCC1CCCCC1,test
2085,CC(C)C(=O)OCCC1=CC=CC=C1,0,invitro,CC(C)C(=O)OCCc1ccccc1,C1CCCCC1,cyclic,C1CCCCC1,train
2090,CC(=O)OCC=CC1=CC=CC=C1,0,invitro,CC(=O)OCC=Cc1ccccc1,C1CCCCC1,cyclic,C1CCCCC1,train
2100,CC(C)C1=CC=C(C=C1)CC(C)C=O,0,invitro,CC(C=O)Cc1ccc(C(C)C)cc1,C1CCCCC1,cyclic,C1CCCCC1,train
2101,C1=C(C(=CC(=C1Cl)OC(C(C(F)(F)F)F)(F)F)Cl)N,0,invitro,Nc1cc(Cl)c(OC(F)(F)C(F)C(F)(F)F)cc1Cl,C1CCCCC1,cyclic,C1CCCCC1,train
2107,C1=CC(=C(C(=C1)F)C(=O)NC(=O)NC2=CC(=C(C=C2Cl)OC(C(C(F)(F)F)F)(F)F)Cl)F,0,invitro,O=C(NC(=O)c1c(F)cccc1F)Nc1cc(Cl)c(OC(F)(F)C(F)C(F)(F)F)cc1Cl,CC(CC1CCCCC1)CC(C)C1CCCCC1,cyclic,CC(CC1CCCCC1)CC(C)C1CCCCC1,train
2115,CC(C(=O)O)O,0,invitro,CC(O)C(=O)O,ACYC_C23,acyclic,ACYC_C23,train
2121,C,0,invitro,C,ACYC_C40,acyclic,ACYC_C40,train
2136,[Li+].[Li+].[O-]S(=O)(=O)[O-],0,invitro,O=S(=O)([O-])[O-].[Li+].[Li+],ACYC_C33,acyclic,ACYC_C33,train
2138,[N+](=O)([O-])[O-].[N+](=O)([O-])[O-].[Mg+2],0,invitro,O=[N+]([O-])[O-].O=[N+]([O-])[O-].[Mg+2],ACYC_C39,acyclic,ACYC_C39,train
2146,CC(=O)CCC1=CC=C(C=C1)OC,0,invitro,COc1ccc(CCC(C)=O)cc1,C1CCCCC1,cyclic,C1CCCCC1,train
2147,CC(=O)OCC1=CC=C(C=C1)OC,0,invitro,COc1ccc(COC(C)=O)cc1,C1CCCCC1,cyclic,C1CCCCC1,train
2152,CCCCC1CCC(=O)O1,0,invitro,CCCCC1CCC(=O)O1,CC1CCCC1,cyclic,CC1CCCC1,train
2160,C1=CC=C(C=C1)OCCOCCO,0,invitro,OCCOCCOc1ccccc1,C1CCCCC1,cyclic,C1CCCCC1,train
2161,CCCCCCCCCCCC[N+]1=CC=CC=C1.[Cl-],0,invitro,CCCCCCCCCCCC[n+]1ccccc1.[Cl-],C1CCCCC1,cyclic,C1CCCCC1,train
2164,CCN(CC)CCCN,0,invitro,CCN(CC)CCCN,ACYC_C49,acyclic,ACYC_C49,train
2167,CCC1=CN=C(C=C1)C,1,invitro,CCc1ccc(C)nc1,C1CCCCC1,cyclic,C1CCCCC1,train
2172,CCCCCCCCCCCCCCCCOC(=O)CCCCCCCC=CCC(CCCCCC)O,0,invitro,CCCCCCCCCCCCCCCCOC(=O)CCCCCCCC=CCC(O)CCCCCC,ACYC_C31,acyclic,ACYC_C31,train
2180,CC(=O)OC1CCC(CC1)C(C)(C)C,0,invitro,CC(=O)OC1CCC(C(C)(C)C)CC1,C1CCCCC1,cyclic,C1CCCCC1,train
2200,CC(=O)ON=C(C1=CSC(=N1)N)C(=O)SC2=NC3=CC=CC=C3S2,0,invitro,CC(=O)ON=C(C(=O)Sc1nc2ccccc2s1)c1csc(N)n1,CC(CC1CC2CCCCC2C1)C(C)C1CCCC1,cyclic,CC(CC1CC2CCCCC2C1)C(C)C1CCCC1,test
2202,C1=CC=C(C=C1)NC(=O)C2=CC3=CC=CC=C3C(=C2O)N=NC4=C(C=CC(=C4)Cl)O.C1=CC=C(C=C1)NC(=O)C2=CC3=CC=CC=C3C(=C2O)N=NC4=C(C=CC(=C4)Cl)O.[NH4+].[Fe],0,invitro,O=C(Nc1ccccc1)c1cc2ccccc2c(N=Nc2cc(Cl)ccc2O)c1O.O=C(Nc1ccccc1)c1cc2ccccc2c(N=Nc2cc(Cl)ccc2O)c1O.[Fe].[NH4+],CC(CC1CCCCC1)C1CC2CCCCC2C(CCC2CCCCC2)C1.CC(CC1CCCCC1)C1CC2CCCCC2C(CCC2CCCCC2)C1,cyclic,CC(CC1CCCCC1)C1CC2CCCCC2C(CCC2CCCCC2)C1.CC(CC1CCCCC1)C1CC2CCCCC2C(CCC2CCCCC2)C1,test
2209,COC1=CC=C(C=C1)CO,0,invitro,COc1ccc(CO)cc1,C1CCCCC1,cyclic,C1CCCCC1,train
2213,CCC(=O)OCC,0,invitro,CCOC(=O)CC,ACYC_C35,acyclic,ACYC_C35,train
2224,CC(C)OC(=O)OOC(=O)OC(C)C,0,invitro,CC(C)OC(=O)OOC(=O)OC(C)C,ACYC_C9,acyclic,ACYC_C9,train
2231,CC(CCC=C(C)C)CCOC=O,0,invitro,CC(C)=CCCC(C)CCOC=O,ACYC_C17,acyclic,ACYC_C17,train
2237,CCC(C)(C)OOC(C)(C)CC,0,invitro,CCC(C)(C)OOC(C)(C)CC,ACYC_C0,acyclic,ACYC_C0,train
2244,CCCCCCS(=O)(=O)C1=CC(=C(C=C1)NC2=C3C4=C(C=C2)N(C(=O)C(=C4C5=CC=CC=C5C3=O)C(=O)C6=CC(=CC=C6)S(=O)(=O)[O-])C)S(=O)(=O)[O-].[NH4+].[NH4+],0,invitro,CCCCCCS(=O)(=O)c1ccc(Nc2ccc3c4c2C(=O)c2ccccc2-c4c(C(=O)c2cccc(S(=O)(=O)[O-])c2)c(=O)n3C)c(S(=O)(=O)[O-])c1.[NH4+].[NH4+],CC1CC2CCC(CC3CCCCC3)C3C(C)C4CCCCC4C(C1C(C)C1CCCCC1)C23,cyclic,CC1CC2CCC(CC3CCCCC3)C3C(C)C4CCCCC4C(C1C(C)C1CCCCC1)C23,test
2256,CCCCCCCCCCCC(=O)NCCC[N+](C)(C)C.COS(=O)(=O)[O-],0,invitro,CCCCCCCCCCCC(=O)NCCC[N+](C)(C)C.COS(=O)(=O)[O-],ACYC_C13,acyclic,ACYC_C13,train
2259,C1CCCCCCCOC(=O)CCCCCC1,0,invitro,O=C1CCCCCCCCCCCCCCO1,CC1CCCCCCCCCCCCCCC1,cyclic,CC1CCCCCCCCCCCCCCC1,test
2269,CCCC(=O)OCCC(C)C,0,invitro,CCCC(=O)OCCC(C)C,ACYC_C2,acyclic,ACYC_C2,train
2270,CCCCCCC(=O)OCC,0,invitro,CCCCCCC(=O)OCC,ACYC_C3,acyclic,ACYC_C3,train
2272,CCCCCCCC(=O)OCC,0,invitro,CCCCCCCC(=O)OCC,ACYC_C3,acyclic,ACYC_C3,train
2273,CCCOC(=O)CC,0,invitro,CCCOC(=O)CC,ACYC_C2,acyclic,ACYC_C2,train
2274,CC1=CC=C(C=C1)C,0,invitro,Cc1ccc(C)cc1,C1CCCCC1,cyclic,C1CCCCC1,train
2279,C1=CC(=CC=C1O)Cl,0,invitro,Oc1ccc(Cl)cc1,C1CCCCC1,cyclic,C1CCCCC1,train
2282,C1=CC(=O)C=CC1=O,1,invitro,O=C1C=CC(=O)C=C1,CC1CCC(C)CC1,cyclic,CC1CCC(C)CC1,test
2283,CN1CCN(CC1)C,0,invitro,CN1CCN(C)CC1,C1CCCCC1,cyclic,C1CCCCC1,train
2285,COC(=O)CCC(=O)OC,0,invitro,COC(=O)CCC(=O)OC,ACYC_C18,acyclic,ACYC_C18,train
2287,CCCCCC(=O)OC,0,invitro,CCCCCC(=O)OC,ACYC_C18,acyclic,ACYC_C18,train
2299,CCC=C,0,invitro,C=CCC,ACYC_C32,acyclic,ACYC_C32,train
2301,COC(=O)NC1=NC2=CC=CC=C2N1,1,invitro,COC(=O)Nc1nc2ccccc2[nH]1,C1CCC2CCCC2C1,cyclic,C1CCC2CCCC2C1,train
2302,C1=CC=C(C(=C1)CN(CCN(CC2=CC=CC=C2O)CC(=O)O)CC(=O)O)O.[Na+].[Fe],0,invitro,O=C(O)CN(CCN(CC(=O)O)Cc1ccccc1O)Cc1ccccc1O.[Fe].[Na+],C(CCCC1CCCCC1)CCC1CCCCC1,cyclic,C(CCCC1CCCCC1)CCC1CCCCC1,test
2306,CC1=C(C(=O)N(C(=C1N=NC2=CC(=C(C=C2)C(C3=CC=CC=C3)C4=C(C=C(C=C4)N=NC5=C(N(C(=O)C(=C5C)[N+]6=CC=CC=C6)CCCN(C)C)O)OC)OC)O)CCCN(C)C)[N+]7=CC=CC=C7.CC(C(=O)[O-])O.[Cl-],0,invitro,CC(O)C(=O)[O-].COc1cc(N=Nc2c(C)c(-[n+]3ccccc3)c(=O)n(CCCN(C)C)c2O)ccc1C(c1ccccc1)c1ccc(N=Nc2c(C)c(-[n+]3ccccc3)c(=O)n(CCCN(C)C)c2O)cc1OC.[Cl-],CC1CCC(CCC2CCC(C(C3CCCCC3)C3CCC(CCC4CCC(C)C(C5CCCCC5)C4)CC3)CC2)CC1C1CCCCC1,cyclic,CC1CCC(CCC2CCC(C(C3CCCCC3)C3CCC(CCC4CCC(C)C(C5CCCCC5)C4)CC3)CC2)CC1C1CCCCC1,test
2308,CCC1=CC(=C(C(=C1N)CC)Cl)CC2=C(C(=C(C(=C2)CC)N)CC)Cl,0,invitro,CCc1cc(Cc2cc(CC)c(N)c(CC)c2Cl)c(Cl)c(CC)c1N,C1CCC(CC2CCCCC2)CC1,cyclic,C1CCC(CC2CCCCC2)CC1,train
2319,CC1(CC(CC(N1C)(C)C)OC(=O)CCCCCCCCC(=O)OC)C.CC1(CC(CC(N1C)(C)C)OC(=O)CCCCCCCCC(=O)OC2CC(N(C(C2)(C)C)C)(C)C)C,1,invitro,CN1C(C)(C)CC(OC(=O)CCCCCCCCC(=O)OC2CC(C)(C)N(C)C(C)(C)C2)CC1(C)C.COC(=O)CCCCCCCCC(=O)OC1CC(C)(C)N(C)C(C)(C)C1,C1CCCCC1.CC(CCCCCCCCC(C)CC1CCCCC1)CC1CCCCC1,cyclic,C1CCCCC1.CC(CCCCCCCCC(C)CC1CCCCC1)CC1CCCCC1,test
2334,CC(C)(C)OOC(C)(C)C#CC(C)(C)OOC(C)(C)C,0,invitro,CC(C)(C)OOC(C)(C)C#CC(C)(C)OOC(C)(C)C,ACYC_C0,acyclic,ACYC_C0,train
2337,C[N+](C)(C)NCCC(=O)OC.[Br-],0,invitro,COC(=O)CCN[N+](C)(C)C.[Br-],ACYC_C18,acyclic,ACYC_C18,train
2338,CCCCN(C1CC(N(C(C1)(C)C)C)(C)C)C2=NC(=NC(=N2)NCCCN(CCN(CCCNC3=NC(=NC(=N3)N(CCCC)C4CC(N(C(C4)(C)C)C)(C)C)N(CCCC)C5CC(N(C(C5)(C)C)C)(C)C)C6=NC(=NC(=N6)N(CCCC)C7CC(N(C(C7)(C)C)C)(C)C)N(CCCC)C8CC(N(C(C8)(C)C)C)(C)C)C9=NC(=NC(=N9)N(CCCC)C1CC(N(C(C1)(C)C)C)(C)C)N(CCCC)C1CC(N(C(C1)(C)C)C)(C)C)N(CCCC)C1CC(N(C(C1)(C)C)C)(C)C,0,invitro,CCCCN(c1nc(NCCCN(CCN(CCCNc2nc(N(CCCC)C3CC(C)(C)N(C)C(C)(C)C3)nc(N(CCCC)C3CC(C)(C)N(C)C(C)(C)C3)n2)c2nc(N(CCCC)C3CC(C)(C)N(C)C(C)(C)C3)nc(N(CCCC)C3CC(C)(C)N(C)C(C)(C)C3)n2)c2nc(N(CCCC)C3CC(C)(C)N(C)C(C)(C)C3)nc(N(CCCC)C3CC(C)(C)N(C)C(C)(C)C3)n2)nc(N(CCCC)C2CC(C)(C)N(C)C(C)(C)C2)n1)C1CC(C)(C)N(C)C(C)(C)C1,C1CCC(CC2CC(CCCCC(CCC(CCCCC3CC(CC4CCCCC4)CC(CC4CCCCC4)C3)C3CC(CC4CCCCC4)CC(CC4CCCCC4)C3)C3CC(CC4CCCCC4)CC(CC4CCCCC4)C3)CC(CC3CCCCC3)C2)CC1,cyclic,C1CCC(CC2CC(CCCCC(CCC(CCCCC3CC(CC4CCCCC4)CC(CC4CCCCC4)C3)C3CC(CC4CCCCC4)CC(CC4CCCCC4)C3)C3CC(CC4CCCCC4)CC(CC4CCCCC4)C3)CC(CC3CCCCC3)C2)CC1,test
2339,CC=CC,0,invitro,CC=CC,ACYC_C32,acyclic,ACYC_C32,train
2346,CCC#N,0,invitro,CCC#N,ACYC_C32,acyclic,ACYC_C32,train
2349,C(CN)N,0,invitro,NCCN,ACYC_C6,acyclic,ACYC_C6,train
2353,C(CO)O,0,invitro,OCCO,ACYC_C6,acyclic,ACYC_C6,train
2359,C[N+](C)(C)CC(=O)[O-],0,invitro,C[N+](C)(C)CC(=O)[O-],ACYC_C21,acyclic,ACYC_C21,train
2373,C(CS)C(=O)O,0,invitro,O=C(O)CCS,ACYC_C14,acyclic,ACYC_C14,train
2375,CCOC(=O)CCCCC(CCCl)Cl,0,invitro,CCOC(=O)CCCCC(Cl)CCCl,ACYC_C3,acyclic,ACYC_C3,train
2376,C=CC(=O)OCCCCOC(=O)C=C,0,invitro,C=CC(=O)OCCCCOC(=O)C=C,ACYC_C43,acyclic,ACYC_C43,train
2379,CC1=CC=C(C=C1)S(=O)(=O)C2=CC(=C(C=C2)O)O,0,invitro,Cc1ccc(S(=O)(=O)c2ccc(O)c(O)c2)cc1,CC(C)(C1CCCCC1)C1CCCCC1,cyclic,CC(C)(C1CCCCC1)C1CCCCC1,train
2381,C(CCC(=O)NN)CC(=O)NN,0,invitro,NNC(=O)CCCCC(=O)NN,ACYC_C37,acyclic,ACYC_C37,train
2389,C1(=S)NNC(=S)S1,0,invitro,S=c1[nH][nH]c(=S)s1,CC1CCC(C)C1,cyclic,CC1CCC(C)C1,train
2392,CN1C=C(C(=N1)C(F)F)C(=O)NC2=CC=CC3=C2C4CCC3C4=C(Cl)Cl,0,invitro,Cn1cc(C(=O)Nc2cccc3c2C2CCC3C2=C(Cl)Cl)c(C(F)F)n1,CC(CC1CCCC2C3CCC(C3C)C12)C1CCCC1,cyclic,CC(CC1CCCC2C3CCC(C3C)C12)C1CCCC1,test
2400,C1CC2CC1C3C2C4CC3C=C4,0,invitro,C1=CC2CC1C1C3CCC(C3)C21,C1CC2CC1C1C3CCC(C3)C21,cyclic,C1CC2CC1C1C3CCC(C3)C21,test
2414,CC(C)CC(=O)C,0,invitro,CC(=O)CC(C)C,ACYC_C14,acyclic,ACYC_C14,train
2418,CC(C)NC(C)C,0,invitro,CC(C)NC(C)C,ACYC_C9,acyclic,ACYC_C9,train
2420,CC(C)OC(=O)C,0,invitro,CC(=O)OC(C)C,ACYC_C9,acyclic,ACYC_C9,train
2426,CC1=CC(=CC=C1)C,0,invitro,Cc1cccc(C)c1,C1CCCCC1,cyclic,C1CCCCC1,train
2432,CC1=NC(=CC=C1)C,0,invitro,Cc1cccc(C)n1,C1CCCCC1,cyclic,C1CCCCC1,train
2434,CC(=O)OC1=CC(=CC=C1)OC(=O)C,0,invitro,CC(=O)Oc1cccc(OC(C)=O)c1,C1CCCCC1,cyclic,C1CCCCC1,train
2438,CCOC(=O)CC(C)C,0,invitro,CCOC(=O)CC(C)C,ACYC_C35,acyclic,ACYC_C35,train
2440,CC1=CC(=CC(=C1)C)C,0,invitro,Cc1cc(C)cc(C)c1,C1CCCCC1,cyclic,C1CCCCC1,train
2445,CN1CN(CN(C1)C)C,1,invitro,CN1CN(C)CN(C)C1,C1CCCCC1,cyclic,C1CCCCC1,train
2460,CCCCC1=CC=C(C=C1)NC2=C3C(=C(C=C2)NC4=CC=C(C=C4)CCCC)C(=O)C5=C(C=CC(=C5C3=O)NC6=CC=C(C=C6)CCCC)NC7=CC=C(C=C7)CCCC,0,invitro,CCCCc1ccc(Nc2ccc(Nc3ccc(CCCC)cc3)c3c2C(=O)c2c(Nc4ccc(CCCC)cc4)ccc(Nc4ccc(CCCC)cc4)c2C3=O)cc1,CC1C2C(CC3CCCCC3)CCC(CC3CCCCC3)C2C(C)C2C(CC3CCCCC3)CCC(CC3CCCCC3)C12,cyclic,CC1C2C(CC3CCCCC3)CCC(CC3CCCCC3)C2C(C)C2C(CC3CCCCC3)CCC(CC3CCCCC3)C12,test
2464,C=CCOC(=O)C1=CC(=CC=C1)C(=O)OCC=C,1,invitro,C=CCOC(=O)c1cccc(C(=O)OCC=C)c1,C1CCCCC1,cyclic,C1CCCCC1,train
2467,CN1CCNCC1,0,invitro,CN1CCNCC1,C1CCCCC1,cyclic,C1CCCCC1,train
2471,CC(=C)C(=O)OCCOCCOCCOC(=O)C(=C)C,0,invitro,C=C(C)C(=O)OCCOCCOCCOC(=O)C(=C)C,ACYC_C47,acyclic,ACYC_C47,train
2478,CCCCNC(=S)NCCCC,0,invitro,CCCCNC(=S)NCCCC,ACYC_C5,acyclic,ACYC_C5,train
2480,CN(C)CCCN,0,invitro,CN(C)CCCN,ACYC_C28,acyclic,ACYC_C28,train
2482,CCCOC(=O)C,0,invitro,CCCOC(C)=O,ACYC_C48,acyclic,ACYC_C48,train
2484,B(F)(F)F.CCOCC,0,invitro,CCOCC.FB(F)F,ACYC_C32,acyclic,ACYC_C32,train
2486,CCCCC,0,invitro,CCCCC,ACYC_C5,acyclic,ACYC_C5,train
2487,CCCC=C,0,invitro,C=CCCC,ACYC_C32,acyclic,ACYC_C32,train
2490,[Li+].CCC[CH2-],0,invitro,[CH2-]CCC.[Li+],ACYC_C32,acyclic,ACYC_C32,train
2495,C[O-].C[O-].[Mg+2],0,invitro,C[O-].C[O-].[Mg+2],ACYC_C32,acyclic,ACYC_C32,train
2500,CC1=NC(=NC2=CC=CC=C12)CCl,1,invitro,Cc1nc(CCl)nc2ccccc12,C1CCC2CCCCC2C1,cyclic,C1CCC2CCCCC2C1,train
2522,CC(C)COC(=O)C,0,invitro,CC(=O)OCC(C)C,ACYC_C48,acyclic,ACYC_C48,train
2524,CCCCCCCCCCCCCC(=O)OC(C)C,0,invitro,CCCCCCCCCCCCCC(=O)OC(C)C,ACYC_C3,acyclic,ACYC_C3,train
2530,CCCCCCCCCC(C)C=O,0,invitro,CCCCCCCCCC(C)C=O,ACYC_C5,acyclic,ACYC_C5,train
2531,CCCCCCCCCC(=O)OC,0,invitro,CCCCCCCCCC(=O)OC,ACYC_C18,acyclic,ACYC_C18,train
2533,CC=CC=CC(=O)O,1,invitro,CC=CC=CC(=O)O,ACYC_C14,acyclic,ACYC_C14,train
2556,CN(C)CCCN(C)C,0,invitro,CN(C)CCCN(C)C,ACYC_C28,acyclic,ACYC_C28,train
2560,C(CN(CC#N)CC#N)CN(CC#N)CC#N,0,invitro,N#CCN(CC#N)CCCN(CC#N)CC#N,ACYC_C42,acyclic,ACYC_C42,train
2576,CCO[Si](=O)O,0,invitro,CCO[Si](=O)O,ACYC_C32,acyclic,ACYC_C32,train
2579,CCCCCCCC(=O)OC,0,invitro,CCCCCCCC(=O)OC,ACYC_C18,acyclic,ACYC_C18,train
2582,CCCCCCC(=O)O,0,invitro,CCCCCCC(=O)O,ACYC_C12,acyclic,ACYC_C12,train
2584,CN(C)CCCCCCN(C)C,0,invitro,CN(C)CCCCCCN(C)C,ACYC_C28,acyclic,ACYC_C28,train
2589,CCCCCCO,0,invitro,CCCCCCO,ACYC_C8,acyclic,ACYC_C8,train
2590,C(CCO)CCO,0,invitro,OCCCCCO,ACYC_C6,acyclic,ACYC_C6,train
2596,C(CCl)OCCCl,0,invitro,ClCCOCCCl,ACYC_C32,acyclic,ACYC_C32,train
2599,C1CCCNCC1,0,invitro,C1CCCNCC1,C1CCCCCC1,cyclic,C1CCCCCC1,test
2601,CCCCCCCCCCCCCCCCCC(=O)NCCO,0,invitro,CCCCCCCCCCCCCCCCCC(=O)NCCO,ACYC_C22,acyclic,ACYC_C22,train
2609,CCCCCCCO,0,invitro,CCCCCCCO,ACYC_C8,acyclic,ACYC_C8,train
2610,CCCCCCC=O,0,invitro,CCCCCCC=O,ACYC_C5,acyclic,ACYC_C5,train
2614,C1CC=CCCC=C1,0,invitro,C1=CCCC=CCC1,C1CCCCCCC1,cyclic,C1CCCCCCC1,test
2616,CCCCCCCCCCCC(=O)OC,0,invitro,CCCCCCCCCCCC(=O)OC,ACYC_C18,acyclic,ACYC_C18,train
2620,CCCCCCCCO,0,invitro,CCCCCCCCO,ACYC_C8,acyclic,ACYC_C8,train
2640,CCCCCCCC(=O)O.C(C(CO)O)O,0,invitro,CCCCCCCC(=O)O.OCC(O)CO,ACYC_C12,acyclic,ACYC_C12,train
2662,C(CC(C(=O)O)N)CN=C(N)N.Cl,0,invitro,Cl.NC(N)=NCCCC(N)C(=O)O,ACYC_C19,acyclic,ACYC_C19,train
2669,CCCCCCCCCCCCCCCC[N+](C)(C)C.[Cl-],0,invitro,CCCCCCCCCCCCCCCC[N+](C)(C)C.[Cl-],ACYC_C13,acyclic,ACYC_C13,train
2670,CCCCCCCCC(=O)O,0,invitro,CCCCCCCCC(=O)O,ACYC_C12,acyclic,ACYC_C12,train
2672,CCCCCCCCC=CCCCCCCCC(=O)OC(C)C,0,invitro,CCCCCCCCC=CCCCCCCCC(=O)OC(C)C,ACYC_C3,acyclic,ACYC_C3,train
2673,CCOCCOCCOC(=O)C,0,invitro,CCOCCOCCOC(C)=O,ACYC_C35,acyclic,ACYC_C35,train
2679,CCCCCCCCCCO,0,invitro,CCCCCCCCCCO,ACYC_C8,acyclic,ACYC_C8,train
2685,CCCCCCCCCCCCCCCC(=O)OC,0,invitro,CCCCCCCCCCCCCCCC(=O)OC,ACYC_C18,acyclic,ACYC_C18,train
2688,C(CCCCCO)CCCCO,0,invitro,OCCCCCCCCCCO,ACYC_C6,acyclic,ACYC_C6,train
2690,CCOCCOCCOCCO,0,invitro,CCOCCOCCOCCO,ACYC_C20,acyclic,ACYC_C20,train
2692,CCCCCCCCCCCCO,0,invitro,CCCCCCCCCCCCO,ACYC_C8,acyclic,ACYC_C8,train
2698,CCCCCCCCCCCCCCCCCC(=O)OC,0,invitro,CCCCCCCCCCCCCCCCCC(=O)OC,ACYC_C18,acyclic,ACYC_C18,train
2701,CCCCOCCOCCOCCCC,0,invitro,CCCCOCCOCCOCCCC,ACYC_C5,acyclic,ACYC_C5,train
2709,CCCCCCCCCCCCCCCCCCO,0,invitro,CCCCCCCCCCCCCCCCCCO,ACYC_C8,acyclic,ACYC_C8,train
2726,CC(=O)C1=CC=C(C2=CC=CC=C21)C(=O)NCC(=O)NCC(F)(F)F,0,invitro,CC(=O)c1ccc(C(=O)NCC(=O)NCC(F)(F)F)c2ccccc12,C1CCC2CCCCC2C1,cyclic,C1CCC2CCCCC2C1,train
2727,C1=C(C=C(C=C1C(F)(F)F)Cl)C(=O)C(F)(F)F,0,invitro,O=C(c1cc(Cl)cc(C(F)(F)F)c1)C(F)(F)F,C1CCCCC1,cyclic,C1CCCCC1,train
2737,C1COCCN1CCCS(=O)(=O)O,0,invitro,O=S(=O)(O)CCCN1CCOCC1,C1CCCCC1,cyclic,C1CCCCC1,train
2745,CCCC(=O)OC1C=CC2C1C3CCC2C3,0,invitro,CCCC(=O)OC1C=CC2C3CCC(C3)C12,C1CC2C3CCC(C3)C2C1,cyclic,C1CC2C3CCC(C3)C2C1,train
2751,C1=CC=C(C=C1)C(=O)C2=C(C(=C(C=C2)O)O)O,0,invitro,O=C(c1ccccc1)c1ccc(O)c(O)c1O,CC(C1CCCCC1)C1CCCCC1,cyclic,CC(C1CCCCC1)C1CCCCC1,train
2757,CCCCCCCCCCCC(=O)NCCCN(C)C,0,invitro,CCCCCCCCCCCC(=O)NCCCN(C)C,ACYC_C22,acyclic,ACYC_C22,train
2764,COC,0,invitro,COC,ACYC_C32,acyclic,ACYC_C32,train
2769,C12C(C(=O)OC1=O)C3(C(=C(C2(C3(Cl)Cl)Cl)Cl)Cl)Cl,1,invitro,O=C1OC(=O)C2C1C1(Cl)C(Cl)=C(Cl)C2(Cl)C1(Cl)Cl,CC1CC(C)C2C3CCC(C3)C12,cyclic,CC1CC(C)C2C3CCC(C3)C12,test
2778,CC1=C(C(=O)NC(=O)N1CC2=C(C=CC=C2F)C(F)(F)F)I,0,invitro,Cc1c(I)c(=O)[nH]c(=O)n1Cc1c(F)cccc1C(F)(F)F,CC1CCC(CC2CCCCC2)C(C)C1,cyclic,CC1CCC(CC2CCCCC2)C(C)C1,test
2781,C(C(C(C(C(=O)CO)O)O)O)NC=O,0,invitro,O=CNCC(O)C(O)C(O)C(=O)CO,ACYC_C36,acyclic,ACYC_C36,train
2786,C1CN(CCC1NC2=CC=CC=C2)CC3=CC=CC=C3,0,invitro,c1ccc(CN2CCC(Nc3ccccc3)CC2)cc1,C1CCC(CC2CCC(CC3CCCCC3)CC2)CC1,cyclic,C1CCC(CC2CCC(CC3CCCCC3)CC2)CC1,train
2793,CC(=O)CO,0,invitro,CC(=O)CO,ACYC_C14,acyclic,ACYC_C14,train
2794,C(=C(F)F)(C(F)(F)F)F,0,invitro,FC(F)=C(F)C(F)(F)F,ACYC_C30,acyclic,ACYC_C30,train
2795,CC1=C(C(CC=C1)(C)C)C=O,0,invitro,CC1=C(C=O)C(C)(C)CC=C1,C1CCCCC1,cyclic,C1CCCCC1,train
2797,CC1=CC(=C(C(=C1)C)NC2=C3C(=C(C=C2)NC4=C(C=C(C=C4C)C)C)C(=O)C5=CC=CC=C5C3=O)C,0,invitro,Cc1cc(C)c(Nc2ccc(Nc3c(C)cc(C)cc3C)c3c2C(=O)c2ccccc2C3=O)c(C)c1,CC1C2CCCCC2C(C)C2C(CC3CCCCC3)CCC(CC3CCCCC3)C12,cyclic,CC1C2CCCCC2C(C)C2C(CC3CCCCC3)CCC(CC3CCCCC3)C12,test
2808,C1=C(C=C(C(=C1[N+](=O)[O-])O)O)C=O,1,invitro,O=Cc1cc(O)c(O)c([N+](=O)[O-])c1,C1CCCCC1,cyclic,C1CCCCC1,train
2819,CCCC(=NO[Si](C1=CC=CC=C1)(ON=C(C)CCC)ON=C(C)CCC)C,1,invitro,CCCC(C)=NO[Si](ON=C(C)CCC)(ON=C(C)CCC)c1ccccc1,C1CCCCC1,cyclic,C1CCCCC1,train
2820,CCCC(=NO[Si](ON=C(C)CCC)(ON=C(C)CCC)ON=C(C)CCC)C,1,invitro,CCCC(C)=NO[Si](ON=C(C)CCC)(ON=C(C)CCC)ON=C(C)CCC,ACYC_C41,acyclic,ACYC_C41,test
2824,CC(=O)C1=NOC(C1)C2=C(C=CC=C2F)F,1,invitro,CC(=O)C1=NOC(c2c(F)cccc2F)C1,C1CCC(C2CCCC2)CC1,cyclic,C1CCC(C2CCCC2)CC1,train
2828,COC=C(C1=CC=CC=C1CCl)C(=O)OC,0,invitro,COC=C(C(=O)OC)c1ccccc1CCl,C1CCCCC1,cyclic,C1CCCCC1,train
2849,CCCCCC1C(CCC1O)CC(=O)O.[Na],0,invitro,CCCCCC1C(O)CCC1CC(=O)O.[Na],C1CCCC1,cyclic,C1CCCC1,train
2875,C1=CC=C(C=C1)COC(=O)C2=CC=CC=C2O,0,invitro,O=C(OCc1ccccc1)c1ccccc1O,CC(CCC1CCCCC1)C1CCCCC1,cyclic,CC(CCC1CCCCC1)C1CCCCC1,test
2894,CC(C(=O)[O-])OC1=CC=C(C=C1)O.[K+],0,invitro,CC(Oc1ccc(O)cc1)C(=O)[O-].[K+],C1CCCCC1,cyclic,C1CCCCC1,train
2900,C1=CC(=CC=C1NS(=O)(=O)C2=CC=C(C=C2)N=NC3=C(C=C(C=C3)O)O)N=NC4=C(C5=C(C(=C(C=C5C=C4S(=O)(=O)[O-])S(=O)(=O)[O-])N=NC6=CC=C(C=C6)[N+](=O)[O-])N)O.[Na+].[Na+],0,invitro,Nc1c(N=Nc2ccc([N+](=O)[O-])cc2)c(S(=O)(=O)[O-])cc2cc(S(=O)(=O)[O-])c(N=Nc3ccc(NS(=O)(=O)c4ccc(N=Nc5ccc(O)cc5O)cc4)cc3)c(O)c12.[Na+].[Na+],CC(C)(CC1CCC(CCC2CCC3CCC(CCC4CCCCC4)CC3C2)CC1)C1CCC(CCC2CCCCC2)CC1,cyclic,CC(C)(CC1CCC(CCC2CCC3CCC(CCC4CCCCC4)CC3C2)CC1)C1CCC(CCC2CCCCC2)CC1,test
2919,CC(CCOC(=O)C(=C)C)OC(=O)C(=C)C,0,invitro,C=C(C)C(=O)OCCC(C)OC(=O)C(=C)C,ACYC_C47,acyclic,ACYC_C47,train
2923,C1=C(C=C(C=C1Cl)I)C(F)(F)F,0,invitro,FC(F)(F)c1cc(Cl)cc(I)c1,C1CCCCC1,cyclic,C1CCCCC1,train
2939,C1=C(C=C(C(=C1Cl)F)Cl)C(=O)C(F)(F)F,1,invitro,O=C(c1cc(Cl)c(F)c(Cl)c1)C(F)(F)F,C1CCCCC1,cyclic,C1CCCCC1,train
2940,C(=O)(C(OC1(C(OC(O1)(F)F)(OC(F)(F)F)F)F)(F)F)[O-].[NH4+],0,invitro,O=C([O-])C(F)(F)OC1(F)OC(F)(F)OC1(F)OC(F)(F)F.[NH4+],C1CCCC1,cyclic,C1CCCC1,train
2941,C(=O)(C(OC1(C(OC(O1)(F)F)(OC(F)(F)F)F)F)(F)F)O,0,invitro,O=C(O)C(F)(F)OC1(F)OC(F)(F)OC1(F)OC(F)(F)F,C1CCCC1,cyclic,C1CCCC1,train
2945,CCCCN(C)C(=NC1CCCCC1)NC2CCCCC2,1,invitro,CCCCN(C)C(=NC1CCCCC1)NC1CCCCC1,C1CCC(CCCC2CCCCC2)CC1,cyclic,C1CCC(CCCC2CCCCC2)CC1,train
2953,CCC(CC1=CC=CC=C1)(C(=O)C2=CC=C(C=C2)N3CCOCC3)N(C)C,0,invitro,CCC(Cc1ccccc1)(C(=O)c1ccc(N2CCOCC2)cc1)N(C)C,CC(CCC1CCCCC1)C1CCC(C2CCCCC2)CC1,cyclic,CC(CCC1CCCCC1)C1CCC(C2CCCCC2)CC1,test
2958,CC1=CC(=O)N(C1=O)CC2=CC(=CC=C2)CN3C(=O)C=C(C3=O)C,1,invitro,CC1=CC(=O)N(Cc2cccc(CN3C(=O)C=C(C)C3=O)c2)C1=O,CC1CCC(C)C1CC1CCCC(CC2C(C)CCC2C)C1,cyclic,CC1CCC(C)C1CC1CCCC(CC2C(C)CCC2C)C1,test
2963,CCN(CCOC(=O)NCCC[Si](OCC)(OCC)OCC)C1=CC=C(C=C1)N=O,1,invitro,CCO[Si](CCCNC(=O)OCCN(CC)c1ccc(N=O)cc1)(OCC)OCC,C1CCCCC1,cyclic,C1CCCCC1,train
2977,CCOC(=O)C1=CC=C(C=C1)O,0,invitro,CCOC(=O)c1ccc(O)cc1,C1CCCCC1,cyclic,C1CCCCC1,train
2979,C1=CC=C(C=C1)C(=O)OCCOCCOC(=O)C2=CC=CC=C2,0,invitro,O=C(OCCOCCOC(=O)c1ccccc1)c1ccccc1,CC(CCCCCCCC(C)C1CCCCC1)C1CCCCC1,cyclic,CC(CCCCCCCC(C)C1CCCCC1)C1CCCCC1,test
2987,C1CNC(=O)N1,0,invitro,O=C1NCCN1,CC1CCCC1,cyclic,CC1CCCC1,train
3007,C[N+](C)(CCCNC=O)CC(=O)[O-],0,invitro,C[N+](C)(CCCNC=O)CC(=O)[O-],ACYC_C21,acyclic,ACYC_C21,train
3013,[O-2].[O-2].[O-2].[O-2].[O-2].[Ti+4].[Fe+3].[Fe+3],0,invitro,[Fe+3].[Fe+3].[O-2].[O-2].[O-2].[O-2].[O-2].[Ti+4],ACYC_C40,acyclic,ACYC_C40,train
3017,[OH-].[OH-].[OH-].[OH-].[OH-].[OH-].[K+].[K+].[K+].[K+].[Sn+4],0,invitro,[K+].[K+].[K+].[K+].[OH-].[OH-].[OH-].[OH-].[OH-].[OH-].[Sn+4],ACYC_C40,acyclic,ACYC_C40,train
3019,[OH-].[OH-].[OH-].[OH-].[OH-].[OH-].[Na+].[Na+].[Sn+4],0,invitro,[Na+].[Na+].[OH-].[OH-].[OH-].[OH-].[OH-].[OH-].[Sn+4],ACYC_C40,acyclic,ACYC_C40,train
3026,[Li+].[Li+].[O-2].[O-2].[O-2].[O-2].[O-2].[Mn+2].[Mn+2].[Ni+2].[Ni+2],0,invitro,[Li+].[Li+].[Mn+2].[Mn+2].[Ni+2].[Ni+2].[O-2].[O-2].[O-2].[O-2].[O-2],ACYC_C40,acyclic,ACYC_C40,train
3029,[Li+].[Li+].[Li+].[Li+].O[Ti](=O)[O-].O[Ti](=O)[O-].O[Ti](=O)[O-].O[Ti](=O)[O-].[Ti],0,invitro,[Li+].[Li+].[Li+].[Li+].[O]=[Ti]([O-])[OH].[O]=[Ti]([O-])[OH].[O]=[Ti]([O-])[OH].[O]=[Ti]([O-])[OH].[Ti],ACYC_C11,acyclic,ACYC_C11,train
3039,[O-2].[O-2].[O-2].[O-2].[O-2].[O-2].[O-2].[O-2].[O-2].[O-2].[O-2].[Pr+3].[Pr+3].[Pr+3].[Pr+3].[Pr+3].[Pr+3],0,invitro,[O-2].[O-2].[O-2].[O-2].[O-2].[O-2].[O-2].[O-2].[O-2].[O-2].[O-2].[Pr+3].[Pr+3].[Pr+3].[Pr+3].[Pr+3].[Pr+3],ACYC_C40,acyclic,ACYC_C40,train
3041,C1=CC2=C(C=C1C(=O)Cl)C(=O)OC2=O,0,invitro,O=C(Cl)c1ccc2c(c1)C(=O)OC2=O,CC1CC(C)C2CCCCC12,cyclic,CC1CC(C)C2CCCCC12,train
3043,[OH-].[OH-].[OH-].[OH-].[OH-].[Al+3].[Al+3].[Cl-],0,invitro,[Al+3].[Al+3].[Cl-].[OH-].[OH-].[OH-].[OH-].[OH-],ACYC_C40,acyclic,ACYC_C40,train
3050,[O-2].[O-2].[O-2].[O-2].[O-2].[O-2].[O-2].[O-2].[O-2].[O-2].[O-2].[O-2].[O-2].[K+].[K+].[Ti+4].[Ti+4].[Ti+4].[Ti+4].[Ti+4].[Ti+4],0,invitro,[K+].[K+].[O-2].[O-2].[O-2].[O-2].[O-2].[O-2].[O-2].[O-2].[O-2].[O-2].[O-2].[O-2].[O-2].[Ti+4].[Ti+4].[Ti+4].[Ti+4].[Ti+4].[Ti+4],ACYC_C40,acyclic,ACYC_C40,train
3051,C(COC=O)OCCOC=O,0,invitro,O=COCCOCCOC=O,ACYC_C32,acyclic,ACYC_C32,train
3052,[O-][Sn](=O)[O-].[Na+].[Na+],0,invitro,[Na+].[Na+].[O]=[Sn]([O-])[O-],ACYC_C11,acyclic,ACYC_C11,train
3055,[O-][Ti](=O)[O-].[Sr+2],0,invitro,[O]=[Ti]([O-])[O-].[Sr+2],ACYC_C11,acyclic,ACYC_C11,train
3056,[O-2].[O-2].[O-2].[Er+3].[Er+3],0,invitro,[Er+3].[Er+3].[O-2].[O-2].[O-2],ACYC_C40,acyclic,ACYC_C40,train
3057,[O-2].[O-2].[O-2].[Mn+2].[Fe+3],0,invitro,[Fe+3].[Mn+2].[O-2].[O-2].[O-2],ACYC_C40,acyclic,ACYC_C40,train
3058,[O-2].[O-2].[O-2].[Gd+3].[Gd+3],0,invitro,[Gd+3].[Gd+3].[O-2].[O-2].[O-2],ACYC_C40,acyclic,ACYC_C40,train
3060,[O-2].[O-2].[O-2].[O-2].[O-2].[Al+3].[Al+3].[Zn+2].[Zn+2],0,invitro,[Al+3].[Al+3].[O-2].[O-2].[O-2].[O-2].[O-2].[Zn+2].[Zn+2],ACYC_C40,acyclic,ACYC_C40,train
3061,B12B3C14B2B43,0,invitro,B12B3B4B1C234,C12C3C4C1C234,cyclic,C12C3C4C1C234,test
3065,C1=CC=C2C(=C1)C(=O)N(C(=O)N2)CCO,0,invitro,O=c1[nH]c2ccccc2c(=O)n1CCO,CC1CC(C)C2CCCCC2C1,cyclic,CC1CC(C)C2CCCCC2C1,test
3079,CCOC(=O)C1C(O1)C2=CC=CC=C2,0,invitro,CCOC(=O)C1OC1c1ccccc1,C1CCC(C2CC2)CC1,cyclic,C1CCC(C2CC2)CC1,test
3096,CCOC1=C(C(=CC=C1)F)F,1,invitro,CCOc1cccc(F)c1F,C1CCCCC1,cyclic,C1CCCCC1,train
3100,[NH4+].[F-],1,invitro,[F-].[NH4+],ACYC_C40,acyclic,ACYC_C40,train
3102,C(=O)([O-])[O-].C(=O)([O-])[O-].C(=O)([O-])[O-].C(=O)([O-])[O-].O.O.O.O.O.[OH-].[OH-].[Mg+2].[Mg+2].[Mg+2].[Mg+2].[Mg+2].[Mg+2],0,invitro,O.O.O.O.O.O=C([O-])[O-].O=C([O-])[O-].O=C([O-])[O-].O=C([O-])[O-].[Mg+2].[Mg+2].[Mg+2].[Mg+2].[Mg+2].[Mg+2].[OH-].[OH-],ACYC_C34,acyclic,ACYC_C34,train
3103,[OH-].[OH-].[Pd+2],0,invitro,[OH-].[OH-].[Pd+2],ACYC_C40,acyclic,ACYC_C40,train
3107,C1=CC(=C(C(=C1)F)C(=O)NC(=O)NC2=CC(=C(C(=C2F)Cl)OC(C(C(F)(F)F)F)(F)F)Cl)F,0,invitro,O=C(NC(=O)c1c(F)cccc1F)Nc1cc(Cl)c(OC(F)(F)C(F)C(F)(F)F)c(Cl)c1F,CC(CC1CCCCC1)CC(C)C1CCCCC1,cyclic,CC(CC1CCCCC1)CC(C)C1CCCCC1,train
3111,[OH-].[O-]P(=O)([O-])[O-].[Cu+2].[Cu+2],0,invitro,O=P([O-])([O-])[O-].[Cu+2].[Cu+2].[OH-],ACYC_C16,acyclic,ACYC_C16,train
3114,[O-2].[O-2].[K+].[Fe+3],0,invitro,[Fe+3].[K+].[O-2].[O-2],ACYC_C40,acyclic,ACYC_C40,train
3116,CC(C)(C)C1=CC(=CC(=C1OP2OC3=CC=CC=C3C4=CC=CC=C4O2)C5=C(C(=CC(=C5)OC)C(C)(C)C)OP6OC7=CC=CC=C7C8=CC=CC=C8O6)OC,0,invitro,COc1cc(-c2cc(OC)cc(C(C)(C)C)c2Op2oc3ccccc3c3ccccc3o2)c(Op2oc3ccccc3c3ccccc3o2)c(C(C)(C)C)c1,C1CCC2C(C1)CC(CC1CCCCC1C1CCCCC1CC1CC3CCCCC3C3CCCCC3C1)CC1CCCCC12,cyclic,C1CCC2C(C1)CC(CC1CCCCC1C1CCCCC1CC1CC3CCCCC3C3CCCCC3C1)CC1CCCCC12,test
3119,[OH-].[O-]P(=O)([O-])[O-].[O-]P(=O)([O-])[O-].[O-]P(=O)([O-])[O-].[Ca+2].[Ca+2].[Ca+2].[Ca+2].[Ca+2],0,invitro,O=P([O-])([O-])[O-].O=P([O-])([O-])[O-].O=P([O-])([O-])[O-].[Ca+2].[Ca+2].[Ca+2].[Ca+2].[Ca+2].[OH-],ACYC_C16,acyclic,ACYC_C16,train
3121,[O-2].[O-2].[O-][Si](=O)[O-].[Lu+3].[Lu+3],1,invitro,O=[Si]([O-])[O-].[Lu+3].[Lu+3].[O-2].[O-2],ACYC_C11,acyclic,ACYC_C11,train
3124,CC1(N(CC(O1)C2=CC=CO2)C(=O)C(Cl)Cl)C,1,invitro,CC1(C)OC(c2ccco2)CN1C(=O)C(Cl)Cl,C1CCC(C2CCCC2)C1,cyclic,C1CCC(C2CCCC2)C1,test
3149,CCC(=O)OCC1=CC=CC=C1,0,invitro,CCC(=O)OCc1ccccc1,C1CCCCC1,cyclic,C1CCCCC1,train
3151,C1=CC=C(C=C1)CC=O,0,invitro,O=CCc1ccccc1,C1CCCCC1,cyclic,C1CCCCC1,train
3156,C1=CC=C(C=C1)CCCO,0,invitro,OCCCc1ccccc1,C1CCCCC1,cyclic,C1CCCCC1,train
3158,C1=CC=C(C=C1)OCCO,0,invitro,OCCOc1ccccc1,C1CCCCC1,cyclic,C1CCCCC1,train
3169,COC1=C(C=C(C=C1)C(=O)NC2=CC=CC=C2)N=NC3=C(C(=CC4=CC=CC=C43)C(=O)NC5=CC6=C(C=C5)NC(=O)N6)O,0,invitro,COc1ccc(C(=O)Nc2ccccc2)cc1N=Nc1c(O)c(C(=O)Nc2ccc3[nH]c(=O)[nH]c3c2)cc2ccccc12,CC1CC2CCC(CC(C)C3CC4CCCCC4C(CCC4CCCC(C(C)CC5CCCCC5)C4)C3)CC2C1,cyclic,CC1CC2CCC(CC(C)C3CC4CCCCC4C(CCC4CCCC(C(C)CC5CCCCC5)C4)C3)CC2C1,test
3170,CNS(=O)(=O)C1=C(C=C(C(=C1)OC)N=NC2=C(C(=CC3=CC=CC=C32)C(=O)NC4=CC5=C(C=C4)NC(=O)N5)O)OC,0,invitro,CNS(=O)(=O)c1cc(OC)c(N=Nc2c(O)c(C(=O)Nc3ccc4[nH]c(=O)[nH]c4c3)cc3ccccc23)cc1OC,CC1CC2CCC(CC(C)C3CC4CCCCC4C(CCC4CCCCC4)C3)CC2C1,cyclic,CC1CC2CCC(CC(C)C3CC4CCCCC4C(CCC4CCCCC4)C3)CC2C1,train
3171,CC(=O)C(C(=O)NC1=CC(=C(C=C1OC)Cl)OC)N=NC2=CC(=C(C=C2OC)S(=O)(=O)NC3=CC=CC=C3)OC,0,invitro,COc1cc(NC(=O)C(N=Nc2cc(OC)c(S(=O)(=O)Nc3ccccc3)cc2OC)C(C)=O)c(OC)cc1Cl,CC(CCCC1CCC(C(C)(C)CC2CCCCC2)CC1)CC1CCCCC1,cyclic,CC(CCCC1CCC(C(C)(C)CC2CCCCC2)CC1)CC1CCCCC1,test
3179,CCN(CC)C1=CC2=C(C=C1)C(=C3C=CC(=[N+](CC)CC)C=C3O2)C4=CC=CC=C4C(=O)OCC.CCN(CC)C1=CC2=C(C=C1)C(=C3C=CC(=[N+](CC)CC)C=C3O2)C4=CC=CC=C4C(=O)OCC.[C-]#N.[C-]#N.[C-]#N.[C-]#N.[C-]#N.[C-]#N.[Fe+2].[Cu+2],0,invitro,CCOC(=O)c1ccccc1-c1c2ccc(=[N+](CC)CC)cc-2oc2cc(N(CC)CC)ccc12.CCOC(=O)c1ccccc1-c1c2ccc(=[N+](CC)CC)cc-2oc2cc(N(CC)CC)ccc12.[C-]#N.[C-]#N.[C-]#N.[C-]#N.[C-]#N.[C-]#N.[Cu+2].[Fe+2],[CH]C1CCC2C(C1)CC1CCCCC1C2C1CCCCC1.[CH]C1CCC2C(C1)CC1CCCCC1C2C1CCCCC1,cyclic,[CH]C1CCC2C(C1)CC1CCCCC1C2C1CCCCC1.[CH]C1CCC2C(C1)CC1CCCCC1C2C1CCCCC1,test
3205,C(CCN)CC(C(=O)NC(CCCN)C(=O)NC(CCCCN)C(=O)O)N,0,invitro,NCCCCC(N)C(=O)NC(CCCN)C(=O)NC(CCCCN)C(=O)O,ACYC_C19,acyclic,ACYC_C19,train
3216,CC(CC1=C(C=C(C=C1Cl)Cl)Cl)NOC,0,invitro,CONC(C)Cc1c(Cl)cc(Cl)cc1Cl,C1CCCCC1,cyclic,C1CCCCC1,train
3217,CC(=O)CC1=C(C=C(C=C1Cl)Cl)Cl,0,invitro,CC(=O)Cc1c(Cl)cc(Cl)cc1Cl,C1CCCCC1,cyclic,C1CCCCC1,train
3218,CC(=NOC)CC1=C(C=C(C=C1Cl)Cl)Cl,0,invitro,CON=C(C)Cc1c(Cl)cc(Cl)cc1Cl,C1CCCCC1,cyclic,C1CCCCC1,train
3221,CC(=O)C(C(=O)NC1=CC=CC=C1)N=NC2=C(C=C(C=C2)S(=O)(=O)[O-])[N+](=O)[O-].CC(=O)C(C(=O)NC1=CC=CC=C1)N=NC2=C(C=C(C=C2)S(=O)(=O)[O-])[N+](=O)[O-].[Ca+2],0,invitro,CC(=O)C(N=Nc1ccc(S(=O)(=O)[O-])cc1[N+](=O)[O-])C(=O)Nc1ccccc1.CC(=O)C(N=Nc1ccc(S(=O)(=O)[O-])cc1[N+](=O)[O-])C(=O)Nc1ccccc1.[Ca+2],CC(CCCC1CCCCC1)CC1CCCCC1.CC(CCCC1CCCCC1)CC1CCCCC1,cyclic,CC(CCCC1CCCCC1)CC1CCCCC1.CC(CCCC1CCCCC1)CC1CCCCC1,test
3222,CC1=CC=CC=C1NC(=O)C(C(=O)C)N=NC2=C(C=C(C=C2)S(=O)(=O)[O-])[N+](=O)[O-].CC1=CC=CC=C1NC(=O)C(C(=O)C)N=NC2=C(C=C(C=C2)S(=O)(=O)[O-])[N+](=O)[O-].[Ca+2],0,invitro,CC(=O)C(N=Nc1ccc(S(=O)(=O)[O-])cc1[N+](=O)[O-])C(=O)Nc1ccccc1C.CC(=O)C(N=Nc1ccc(S(=O)(=O)[O-])cc1[N+](=O)[O-])C(=O)Nc1ccccc1C.[Ca+2],CC(CCCC1CCCCC1)CC1CCCCC1.CC(CCCC1CCCCC1)CC1CCCCC1,cyclic,CC(CCCC1CCCCC1)CC1CCCCC1.CC(CCCC1CCCCC1)CC1CCCCC1,test
3223,CCCCCCCCNC(=O)NC1=CC=C(C=C1)CC2=CC=C(C=C2)NC(=O)NCCCCCCCC,0,invitro,CCCCCCCCNC(=O)Nc1ccc(Cc2ccc(NC(=O)NCCCCCCCC)cc2)cc1,C1CCC(CC2CCCCC2)CC1,cyclic,C1CCC(CC2CCCCC2)CC1,train
3239,CCOC(=O)CCC(=O)OCC,0,invitro,CCOC(=O)CCC(=O)OCC,ACYC_C35,acyclic,ACYC_C35,train
3241,CCCCCCCCCCCCOC(=O)CCSCCC(=O)OCCCCCCCCCCCC,0,invitro,CCCCCCCCCCCCOC(=O)CCSCCC(=O)OCCCCCCCCCCCC,ACYC_C31,acyclic,ACYC_C31,train
3250,CC(C)CCO,0,invitro,CC(C)CCO,ACYC_C6,acyclic,ACYC_C6,train
3255,CCCCCC(=O)OCC,0,invitro,CCCCCC(=O)OCC,ACYC_C3,acyclic,ACYC_C3,train
3261,C(COC(=O)CS)OC(=O)CS,0,invitro,O=C(CS)OCCOC(=O)CS,ACYC_C2,acyclic,ACYC_C2,train
3264,CC(C)CCOC(=O)C,0,invitro,CC(=O)OCCC(C)C,ACYC_C48,acyclic,ACYC_C48,train
3265,CCCCCCC(C)O,0,invitro,CCCCCCC(C)O,ACYC_C5,acyclic,ACYC_C5,train
3273,CC1=NNC(=O)N(C1)N=CC2=CN=CC=C2,0,invitro,CC1=NNC(=O)N(N=Cc2cccnc2)C1,CC1CCCCC1CCC1CCCCC1,cyclic,CC1CCCCC1CCC1CCCCC1,test
3288,C1=CC=C2C(=C1)C(=O)C3=C(C=CC(=C3C2=O)NCCCOCCOCCO)NCCCOCCOCCO,0,invitro,O=C1c2ccccc2C(=O)c2c(NCCCOCCOCCO)ccc(NCCCOCCOCCO)c21,CC1C2CCCCC2C(C)C2CCCCC12,cyclic,CC1C2CCCCC2C(C)C2CCCCC12,train
3292,CCCCCCCC(=O)O,0,invitro,CCCCCCCC(=O)O,ACYC_C12,acyclic,ACYC_C12,train
3294,CCCCCCCCCCCCCC(=O)OC,0,invitro,CCCCCCCCCCCCCC(=O)OC,ACYC_C18,acyclic,ACYC_C18,train
3307,C[Si](C=C)(Cl)Cl,0,invitro,C=C[Si](C)(Cl)Cl,ACYC_C32,acyclic,ACYC_C32,train
3335,CC1=C(C=CC(=C1)OC(=O)C2=CC=C(C=C2)OCCCCCCOC(=O)C=C)OC(=O)C3=CC=C(C=C3)OCCCCCCOC(=O)C=C,0,invitro,C=CC(=O)OCCCCCCOc1ccc(C(=O)Oc2ccc(OC(=O)c3ccc(OCCCCCCOC(=O)C=C)cc3)c(C)c2)cc1,CC(CC1CCC(CC(C)C2CCCCC2)CC1)C1CCCCC1,cyclic,CC(CC1CCC(CC(C)C2CCCCC2)CC1)C1CCCCC1,test
3351,B1(OC(C(O1)(C)C)(C)C)C2=CN(C3=C2C=C(C=N3)F)S(=O)(=O)C4=CC=C(C=C4)C,0,invitro,Cc1ccc(S(=O)(=O)n2cc(B3OC(C)(C)C(C)(C)O3)c3cc(F)cnc32)cc1,CC(C)(C1CCCCC1)C1CC(C2CCCC2)C2CCCCC21,cyclic,CC(C)(C1CCCCC1)C1CC(C2CCCC2)C2CCCCC21,test
3355,CC(C)C1=C(C(=C(N1CCC2CC(OC(O2)(C)C)CC(=O)OC(C)(C)C)C3=CC=C(C=C3)F)C4=CC=CC=C4)C(=O)NC5=CC=CC=C5,0,invitro,CC(C)c1c(C(=O)Nc2ccccc2)c(-c2ccccc2)c(-c2ccc(F)cc2)n1CCC1CC(CC(=O)OC(C)(C)C)OC(C)(C)O1,CC(CC1CCCCC1)C1CC(CCC2CCCCC2)C(C2CCCCC2)C1C1CCCCC1,cyclic,CC(CC1CCCCC1)C1CC(CCC2CCCCC2)C(C2CCCCC2)C1C1CCCCC1,test
3360,C(C(CCl)O)S(=O)(=O)[O-].[Na+],0,invitro,O=S(=O)([O-])CC(O)CCl.[Na+],ACYC_C33,acyclic,ACYC_C33,train
3365,C(CO)N.C(C(=O)O)S,0,invitro,NCCO.O=C(O)CS,ACYC_C14,acyclic,ACYC_C14,train
3377,[Li+].[Li+].[Li+].[Li+].[O-][Si]([O-])([O-])[O-],0,invitro,[Li+].[Li+].[Li+].[Li+].[O-][Si]([O-])([O-])[O-],ACYC_C40,acyclic,ACYC_C40,train
3381,C1CC2C3C(C1C2=C(Cl)Cl)C(CCC3=O)O,1,invitro,O=C1CCC(O)C2C3CCC(C3=C(Cl)Cl)C12,CC1CCCC2C3CCC(C3C)C12,cyclic,CC1CCCC2C3CCC(C3C)C12,test
3382,C(=C(C(F)F)F)Cl,0,invitro,FC(=CCl)C(F)F,ACYC_C30,acyclic,ACYC_C30,train
3384,CCCCC(CC)COP(=O)(O)O,0,invitro,CCCCC(CC)COP(=O)(O)O,ACYC_C38,acyclic,ACYC_C38,train
3398,CO[Si](C1CCCC1)(C2CCCC2)OC,0,invitro,CO[Si](OC)(C1CCCC1)C1CCCC1,C1CCC(CC2CCCC2)C1,cyclic,C1CCC(CC2CCCC2)C1,test
3399,CC(=NO)C,0,invitro,CC(C)=NO,ACYC_C14,acyclic,ACYC_C14,train
3402,CC(=O)N(C)C,0,invitro,CC(=O)N(C)C,ACYC_C14,acyclic,ACYC_C14,train
3404,CC(C)COC(=O)CC(C(=O)OCC(C)C)S(=O)(=O)[O-].[Na+],0,invitro,CC(C)COC(=O)CC(C(=O)OCC(C)C)S(=O)(=O)[O-].[Na+],ACYC_C7,acyclic,ACYC_C7,train
3408,C1=CC=C(C=C1)S(=O)(=O)[N-]Cl.[Na+],0,invitro,O=S(=O)([N-]Cl)c1ccccc1.[Na+],C1CCCCC1,cyclic,C1CCCCC1,train
3414,CC(C)(OCCN)OCCN,0,invitro,CC(C)(OCCN)OCCN,ACYC_C6,acyclic,ACYC_C6,train
3423,[B].[O-2].[Zn+2],1,invitro,[B].[O-2].[Zn+2],ACYC_C40,acyclic,ACYC_C40,train
3424,C=CC(=O)OCC1CC2CC1C3C2CCC3,1,invitro,C=CC(=O)OCC1CC2CC1C1CCCC21,C1CC2C3CCC(C3)C2C1,cyclic,C1CC2C3CCC(C3)C2C1,train
3432,C1CC(=O)N(C1=O)Br,1,invitro,O=C1CCC(=O)N1Br,CC1CCC(C)C1,cyclic,CC1CCC(C)C1,train
3438,C1=CC2=C3C(=CC=C4C3=C1C5=C6C4=CC=C7C6=C(C=C5)C(=O)OC7=O)C(=O)OC2=O,0,invitro,O=C1OC(=O)c2ccc3c4ccc5c6c(ccc(c7ccc1c2c73)c64)C(=O)OC5=O,CC1CC(C)C2CCC3C4CCC5C(C)CC(C)C6CCC(C7CCC1C2C73)C4C65,cyclic,CC1CC(C)C2CCC3C4CCC5C(C)CC(C)C6CCC(C7CCC1C2C73)C4C65,test
3443,CC1=C(C=C(C=C1)C2C(C(C(C(O2)COC(=O)C(C)(C)C)OC(=O)C(C)(C)C)OC(=O)C(C)(C)C)OC(=O)C(C)(C)C)CC3=CC=C(S3)C4=CC=C(C=C4)F,0,invitro,Cc1ccc(C2OC(COC(=O)C(C)(C)C)C(OC(=O)C(C)(C)C)C(OC(=O)C(C)(C)C)C2OC(=O)C(C)(C)C)cc1Cc1ccc(-c2ccc(F)cc2)s1,C1CCC(C2CCCC(CC3CCC(C4CCCCC4)C3)C2)CC1,cyclic,C1CCC(C2CCCC(CC3CCC(C4CCCCC4)C3)C2)CC1,test
3446,CCCCCCC(CCCCCCCCCCC(=O)NCC1=CC(=CC=C1)CNC(=O)CCCCCCCCCCC(CCCCCC)O)O,0,invitro,CCCCCCC(O)CCCCCCCCCCC(=O)NCc1cccc(CNC(=O)CCCCCCCCCCC(O)CCCCCC)c1,C1CCCCC1,cyclic,C1CCCCC1,train
3455,C1=CC(=CC=C1N=NC2=C(C=C3C=C(C=CC3=C2O)NC4=NC(=NC(=N4)Cl)Cl)S(=O)(=O)[O-])S(=O)(=O)CCOS(=O)(=O)[O-].[Na+].[Na+],1,invitro,O=S(=O)([O-])OCCS(=O)(=O)c1ccc(N=Nc2c(S(=O)(=O)[O-])cc3cc(Nc4nc(Cl)nc(Cl)n4)ccc3c2O)cc1.[Na+].[Na+],C1CCC(CCC2CCC3CC(CC4CCCCC4)CCC3C2)CC1,cyclic,C1CCC(CCC2CCC3CC(CC4CCCCC4)CCC3C2)CC1,test
3471,CC(C)C1=NN(C(=O)N1N)C(=O)NC(C)(C)C,0,invitro,CC(C)c1nn(C(=O)NC(C)(C)C)c(=O)n1N,CC1CCCC1,cyclic,CC1CCCC1,train
3475,C1=CC=C2C(=C1)C(=O)C3=CC(=C4C(=C3C2=O)NC5=C(C=C6C(=C5N4)C(=O)C7=CC=CC=C7C6=O)Cl)Cl,0,invitro,O=c1c2ccccc2c(=O)c2c1cc(Cl)c1[nH]c3c([nH]c12)c(Cl)cc1c(=O)c2ccccc2c(=O)c13,CC1C2CCCCC2C(C)C2C3CC4CCC5C(C)C6CCCCC6C(C)C5C4CC3CCC12,cyclic,CC1C2CCCCC2C(C)C2C3CC4CCC5C(C)C6CCCCC6C(C)C5C4CC3CCC12,test
3477,CC1=C(C=C(C=C1)S(=O)(=O)[O-])C.[Na+],0,invitro,Cc1ccc(S(=O)(=O)[O-])cc1C.[Na+],C1CCCCC1,cyclic,C1CCCCC1,train
3483,C(C(C(C(C(C(C(=O)[O-])O)O)O)O)O)O.[Na+],0,invitro,O=C([O-])C(O)C(O)C(O)C(O)C(O)CO.[Na+],ACYC_C36,acyclic,ACYC_C36,train
3507,C=CC(=O)OCCCCCCOC(=O)C=C,0,invitro,C=CC(=O)OCCCCCCOC(=O)C=C,ACYC_C43,acyclic,ACYC_C43,train
3509,[OH-].[OH-].[Ca+2],0,invitro,[Ca+2].[OH-].[OH-],ACYC_C40,acyclic,ACYC_C40,train
3510,O=[Ca],0,invitro,[O]=[Ca],ACYC_C11,acyclic,ACYC_C11,train
3511,C1C(C2C(O1)C(CO2)OP(=O)(OC3=CC=CC=C3)OC4=CC=CC=C4)OP(=O)(OC5=CC=CC=C5)OC6=CC=CC=C6,0,invitro,O=P(Oc1ccccc1)(Oc1ccccc1)OC1COC2C(OP(=O)(Oc3ccccc3)Oc3ccccc3)COC12,CC(CC1CCCCC1)(CC1CCCCC1)CC1CCC2C(CC(C)(CC3CCCCC3)CC3CCCCC3)CCC12,cyclic,CC(CC1CCCCC1)(CC1CCCCC1)CC1CCC2C(CC(C)(CC3CCCCC3)CC3CCCCC3)CCC12,test
3521,C1=C(C=C(C(=C1Cl)N2C(=C(C(=N2)C#N)SSC3=C(N(N=C3C#N)C4=C(C=C(C=C4Cl)C(F)(F)F)Cl)N)N)Cl)C(F)(F)F,0,invitro,N#Cc1nn(-c2c(Cl)cc(C(F)(F)F)cc2Cl)c(N)c1SSc1c(C#N)nn(-c2c(Cl)cc(C(F)(F)F)cc2Cl)c1N,C1CCC(C2CCC(CCC3CCC(C4CCCCC4)C3)C2)CC1,cyclic,C1CCC(C2CCC(CCC3CCC(C4CCCCC4)C3)C2)CC1,test
3522,CC1C(=O)OC(C(=O)O1)C,0,invitro,CC1OC(=O)C(C)OC1=O,CC1CCC(C)CC1,cyclic,CC1CCC(C)CC1,test
3523,CCCC=C(C#N)C1=CC=CC=C1,0,invitro,CCCC=C(C#N)c1ccccc1,C1CCCCC1,cyclic,C1CCCCC1,train
3531,[OH-].[OH-].[Mg+2],0,invitro,[Mg+2].[OH-].[OH-],ACYC_C40,acyclic,ACYC_C40,train
3536,C1OC2=C(O1)C=C(C=C2)C=CC(=O)N(C3=CC=CC=C3)C4=CC=CC=C4,0,invitro,O=C(C=Cc1ccc2c(c1)OCO2)N(c1ccccc1)c1ccccc1,CC(CCC1CCC2CCCC2C1)C(C1CCCCC1)C1CCCCC1,cyclic,CC(CCC1CCC2CCCC2C1)C(C1CCCCC1)C1CCCCC1,test
3547,O=[Ge]=O,0,invitro,[O]=[Ge]=[O],ACYC_C11,acyclic,ACYC_C11,train
3548,[Li+].[OH-],0,invitro,[Li+].[OH-],ACYC_C40,acyclic,ACYC_C40,train
3553,C(CC(=O)N)C(C(=O)O)NC(=O)CN,0,invitro,NCC(=O)NC(CCC(N)=O)C(=O)O,ACYC_C19,acyclic,ACYC_C19,train
3563,O=[Mn]=O,0,invitro,[O]=[Mn]=[O],ACYC_C11,acyclic,ACYC_C11,train
3577,[O-2].[O-2].[O-2].[O-2].[O-2].[Ta+5].[Ta+5],0,invitro,[O-2].[O-2].[O-2].[O-2].[O-2].[Ta+5].[Ta+5],ACYC_C40,acyclic,ACYC_C40,train
3583,CC1C(C2=C(C1(C)C)C3=NC=NC=C3CC2)(C)C,0,invitro,CC1C(C)(C)C2=C(c3ncncc3CC2)C1(C)C,C1CCC2C(C1)CCC1CCCC12,cyclic,C1CCC2C(C1)CCC1CCCC12,test
3597,O=[Ti]=O,0,invitro,[O]=[Ti]=[O],ACYC_C40,acyclic,ACYC_C40,train
3607,CC1(C(=O)N(C(=O)O1)NC2=CC=CC=C2)C3=CC=C(C=C3)OC4=CC=CC=C4,0,invitro,CC1(c2ccc(Oc3ccccc3)cc2)OC(=O)N(Nc2ccccc2)C1=O,CC1CC(C2CCC(CC3CCCCC3)CC2)C(C)C1CC1CCCCC1,cyclic,CC1CC(C2CCC(CC3CCCCC3)CC2)C(C)C1CC1CCCCC1,test
3610,CC1(OCC(O1)COC(=O)C=C)C,0,invitro,C=CC(=O)OCC1COC(C)(C)O1,C1CCCC1,cyclic,C1CCCC1,train
3617,CC1(C(N2C(S1)C(C2=O)NC(=O)COC3=CC=CC=C3)C(=O)[O-])C.[K+],0,invitro,CC1(C)SC2C(NC(=O)COc3ccccc3)C(=O)N2C1C(=O)[O-].[K+],CC(CCC1CCCCC1)CC1C(C)C2CCCC21,cyclic,CC(CCC1CCCCC1)CC1C(C)C2CCCC21,test
3624,CC(C)C1=CC2=CC=CC=C2C(=C1C(C)C)S(=O)(=O)O,0,invitro,CC(C)c1cc2ccccc2c(S(=O)(=O)O)c1C(C)C,C1CCC2CCCCC2C1,cyclic,C1CCC2CCCCC2C1,train
3635,CC[NH+]=C1C=CC(=C(C2=CC=C(C=C2)N(CC)CC)C3=CC=C(C=C3)N(CC)CC)C4=CC=CC=C14,0,invitro,CC[NH+]=C1C=CC(=C(c2ccc(N(CC)CC)cc2)c2ccc(N(CC)CC)cc2)c2ccccc21,[CH2]C1CCC(C(C2CCCCC2)C2CCCCC2)C2CCCCC12,cyclic,[CH2]C1CCC(C(C2CCCCC2)C2CCCCC2)C2CCCCC12,test
3639,CC1=CC(=C(C=C1)OC(=O)OC)OC,0,invitro,COC(=O)Oc1ccc(C)cc1OC,C1CCCCC1,cyclic,C1CCCCC1,train
3648,C1=C2C(=C(C(=C1Cl)Cl)Cl)C3=NC4=NC(=NC5=C6C(=C([N-]5)N=C7C8=C(C(=C(C(=C8Cl)Cl)Cl)Cl)C(=N7)N=C2[N-]3)C(=C(C(=C6Cl)Cl)Cl)Cl)C9=C4C(=C(C(=C9Cl)Cl)Cl)Cl.[Cu+2],0,invitro,Clc1cc2c3nc4nc(nc5[n-]c(nc6nc(nc([n-]3)c2c(Cl)c1Cl)-c1c(Cl)c(Cl)c(Cl)c(Cl)c1-6)c1c(Cl)c(Cl)c(Cl)c(Cl)c51)-c1c(Cl)c(Cl)c(Cl)c(Cl)c1-4.[Cu+2],C1CCC2C3CC(CC4CC(CC5CC(CC6CC(C3)C3CCCCC63)C3CCCCC53)C3CCCCC43)C2C1,cyclic,C1CCC2C3CC(CC4CC(CC5CC(CC6CC(C3)C3CCCCC63)C3CCCCC53)C3CCCCC43)C2C1,train
3649,C1=CC(=C(C=C1N)C(=O)O)[N+](=O)[O-],0,invitro,Nc1ccc([N+](=O)[O-])c(C(=O)O)c1,C1CCCCC1,cyclic,C1CCCCC1,train
3650,CCCCCCCCCCCCCCCCCC(=O)NCCCN(C)C.CC(=O)O,0,invitro,CC(=O)O.CCCCCCCCCCCCCCCCCC(=O)NCCCN(C)C,ACYC_C22,acyclic,ACYC_C22,train
3659,C1C=CCC2C1C(=O)N(C2=O)SC(Cl)(Cl)Cl,0,invitro,O=C1C2CC=CCC2C(=O)N1SC(Cl)(Cl)Cl,CC1CC(C)C2CCCCC12,cyclic,CC1CC(C)C2CCCCC12,train
3666,C=CC(=O)NCC1=CC=CC=C1,0,invitro,C=CC(=O)NCc1ccccc1,C1CCCCC1,cyclic,C1CCCCC1,train
3670,B([O-])([O-])[O-].B([O-])([O-])[O-].[Zn+2].[Zn+2].[Zn+2],0,invitro,[O-]B([O-])[O-].[O-]B([O-])[O-].[Zn+2].[Zn+2].[Zn+2],ACYC_C40,acyclic,ACYC_C40,train
3673,C1=CC=C(C(=C1)CC2=CC=CC=C2O)O,0,invitro,Oc1ccccc1Cc1ccccc1O,C1CCC(CC2CCCCC2)CC1,cyclic,C1CCC(CC2CCCCC2)CC1,train
3674,O=[Cr](=O)=O,1,invitro,[O]=[Cr](=[O])=[O],ACYC_C11,acyclic,ACYC_C11,train
3678,CC1=CC=C(C=C1)NC(=O)NC2=CC=C(C=C2)CC3=CC=C(C=C3)NC(=O)NC4=CC=C(C=C4)C,0,invitro,Cc1ccc(NC(=O)Nc2ccc(Cc3ccc(NC(=O)Nc4ccc(C)cc4)cc3)cc2)cc1,CC(CC1CCCCC1)CC1CCC(CC2CCC(CC(C)CC3CCCCC3)CC2)CC1,cyclic,CC(CC1CCCCC1)CC1CCC(CC2CCC(CC(C)CC3CCCCC3)CC2)CC1,test
3680,CC1=C(C(=CC=C1)S(=O)(=O)O)N=NC2=C(N=C(NC2=O)N)N,0,invitro,Cc1cccc(S(=O)(=O)O)c1N=Nc1c(N)nc(N)[nH]c1=O,CC1CCCCC1CCC1CCCCC1,cyclic,CC1CCCCC1CCC1CCCCC1,test
3686,CC(C)OC(=O)C(C)NP(=O)(OC1=CC=CC=C1)OC2=C(C(=C(C(=C2F)F)F)F)F,0,invitro,CC(C)OC(=O)C(C)NP(=O)(Oc1ccccc1)Oc1c(F)c(F)c(F)c(F)c1F,CC(CC1CCCCC1)CC1CCCCC1,cyclic,CC(CC1CCCCC1)CC1CCCCC1,train
3689,CC(C)(CC1=CC=CC=C1)CO,0,invitro,CC(C)(CO)Cc1ccccc1,C1CCCCC1,cyclic,C1CCCCC1,train
3706,CC(C)CP(=S)(CC(C)C)[S-].[Na+],0,invitro,CC(C)CP(=S)([S-])CC(C)C.[Na+],ACYC_C15,acyclic,ACYC_C15,train
3708,CC(C(=O)[O-])OC1=CC=C(C=C1)O.[Na+],0,invitro,CC(Oc1ccc(O)cc1)C(=O)[O-].[Na+],C1CCCCC1,cyclic,C1CCCCC1,train
3716,CCCCCCCCCCCC(=O)OCC(C1C(C(CO1)O)O)O,0,invitro,CCCCCCCCCCCC(=O)OCC(O)C1OCC(O)C1O,C1CCCC1,cyclic,C1CCCC1,train
3717,CCCCCCCCCCCCCCCCCC(=O)OCC(C1C(C(CO1)O)O)O,0,invitro,CCCCCCCCCCCCCCCCCC(=O)OCC(O)C1OCC(O)C1O,C1CCCC1,cyclic,C1CCCC1,train
3718,C1=CC=C(C(=C1)C2C(O2)(CN3C=NC=N3)C4=CC=C(C=C4)F)Cl,0,invitro,Fc1ccc(C2(Cn3cncn3)OC2c2ccccc2Cl)cc1,C1CCC(C2CC2(CC2CCCC2)C2CCCCC2)CC1,cyclic,C1CCC(C2CC2(CC2CCCC2)C2CCCCC2)CC1,test
3723,C(C(C1C(=C(C(=O)O1)O)[O-])O)O.[Na+],0,invitro,O=C1OC(C(O)CO)C([O-])=C1O.[Na+],CC1CCCC1,cyclic,CC1CCCC1,train
3729,C1=CC=C(C=C1)C(=O)C2=CC=C(C=C2)Cl,0,invitro,O=C(c1ccccc1)c1ccc(Cl)cc1,CC(C1CCCCC1)C1CCCCC1,cyclic,CC(C1CCCCC1)C1CCCCC1,train
3732,CCCCCCCCCCCCCCCCOC(=O)C=C,0,invitro,C=CC(=O)OCCCCCCCCCCCCCCCC,ACYC_C43,acyclic,ACYC_C43,train
3736,[O-][Se](=O)(=O)[O-].[Na+].[Na+],1,invitro,O=[Se](=O)([O-])[O-].[Na+].[Na+],ACYC_C11,acyclic,ACYC_C11,train
3740,CC(=O)OCC(C)(C)COC(=O)C,0,invitro,CC(=O)OCC(C)(C)COC(C)=O,ACYC_C48,acyclic,ACYC_C48,train
3743,[Na+].S,0,invitro,S.[Na+],ACYC_C40,acyclic,ACYC_C40,train
3745,[O-2].[O-2].[O-2].[Al+3].[Al+3],1,invitro,[Al+3].[Al+3].[O-2].[O-2].[O-2],ACYC_C40,acyclic,ACYC_C40,train
3748,[O-][Si]([O-])([O-])[O-].[Ca+2].[Ca+2],0,invitro,[Ca+2].[Ca+2].[O-][Si]([O-])([O-])[O-],ACYC_C40,acyclic,ACYC_C40,train
3749,[O-][Mo](=O)(=O)[O-].[K+].[K+],0,invitro,[K+].[K+].[O]=[Mo](=[O])([O-])[O-],ACYC_C11,acyclic,ACYC_C11,train
3751,S=[Sb]S[Sb]=S,1,invitro,[S]=[Sb][S][Sb]=[S],ACYC_C40,acyclic,ACYC_C40,train
3755,OP(=O)([O-])[O-].[Sr+2],0,invitro,O=P([O-])([O-])O.[Sr+2],ACYC_C16,acyclic,ACYC_C16,train
3758,CC(C)(C(=O)OCC=C)OC(=O)C1=C(C=CC(=C1)N2C(=O)C=C(N(C2=O)C)C(F)(F)F)Cl,0,invitro,C=CCOC(=O)C(C)(C)OC(=O)c1cc(-n2c(=O)cc(C(F)(F)F)n(C)c2=O)ccc1Cl,CC1CCCC(C)C1C1CCCCC1,cyclic,CC1CCCC(C)C1C1CCCCC1,test
3765,CC(C)[Si](C(C)C)(C(C)C)OC(=O)C(=C)C,0,invitro,C=C(C)C(=O)O[Si](C(C)C)(C(C)C)C(C)C,ACYC_C44,acyclic,ACYC_C44,train
3766,OP(=O)(O)[O-].OP(=O)(O)[O-].[Ba+2],0,invitro,O=P([O-])(O)O.O=P([O-])(O)O.[Ba+2],ACYC_C16,acyclic,ACYC_C16,train
3767,CCCCCCCCCCCCCCC(C)C1=CC(=CC(=C1O)C)C,0,invitro,CCCCCCCCCCCCCCC(C)c1cc(C)cc(C)c1O,C1CCCCC1,cyclic,C1CCCCC1,train
3768,CCC(C)(C#N)N=NC(C)(CC)C#N,0,invitro,CCC(C)(C#N)N=NC(C)(C#N)CC,ACYC_C0,acyclic,ACYC_C0,train
3770,C1CC(OC1)COC2=CC=C(C=C2)C3=C4C=C5C(=C(C(=O)O5)C6=CC=CC=C6)C=C4OC3=O,0,invitro,O=C1Oc2cc3c(cc2=C1c1ccccc1)OC(=O)C=3c1ccc(OCC2CCCO2)cc1,CC1CC2CC3C(CC(C)C3C3CCC(CCC4CCCC4)CC3)CC2C1C1CCCCC1,cyclic,CC1CC2CC3C(CC(C)C3C3CCC(CCC4CCCC4)CC3)CC2C1C1CCCCC1,test
3774,C[N+]1=CN(C=C1)C=C.[Cl-],0,invitro,C=Cn1cc[n+](C)c1.[Cl-],C1CCCC1,cyclic,C1CCCC1,train
3776,[O-]P(=O)=O.[O-]P(=O)=O.[Ca+2],0,invitro,O=P(=O)[O-].O=P(=O)[O-].[Ca+2],ACYC_C11,acyclic,ACYC_C11,train
3780,CCCCCCCCCCCCCCCCCC(=O)NCCCN(C)CCCNC(=O)CCCCCCCCCCCCCCCCC,0,invitro,CCCCCCCCCCCCCCCCCC(=O)NCCCN(C)CCCNC(=O)CCCCCCCCCCCCCCCCC,ACYC_C22,acyclic,ACYC_C22,train
3795,CC(=O)C(C(=O)NC1=CC=CC=C1OC)N=NC2=C(C=C(C=C2)Cl)[N+](=O)[O-],0,invitro,COc1ccccc1NC(=O)C(N=Nc1ccc(Cl)cc1[N+](=O)[O-])C(C)=O,CC(CCCC1CCCCC1)CC1CCCCC1,cyclic,CC(CCCC1CCCCC1)CC1CCCCC1,train
3796,C1(=NC(=NC(=N1)N)N)N.C1(=NC(=NC(=N1)N)N)N.OP(=O)(O)OP(=O)(O)O,0,invitro,Nc1nc(N)nc(N)n1.Nc1nc(N)nc(N)n1.O=P(O)(O)OP(=O)(O)O,C1CCCCC1.C1CCCCC1,cyclic,C1CCCCC1.C1CCCCC1,train
3797,C=CCCC(=O)CC1CC2CCC1C2,0,invitro,C=CCCC(=O)CC1CC2CCC1C2,C1CC2CCC1C2,cyclic,C1CC2CCC1C2,train
3800,OP(=O)(O)[O-].OP(=O)(O)[O-].OP(=O)(O)[O-].[Al+3],0,invitro,O=P([O-])(O)O.O=P([O-])(O)O.O=P([O-])(O)O.[Al+3],ACYC_C16,acyclic,ACYC_C16,train
3805,CCCCOCCOC(=O)C(=C)C,0,invitro,C=C(C)C(=O)OCCOCCCC,ACYC_C47,acyclic,ACYC_C47,train
3814,[Li+].[O-]P(=O)([O-])[O-].[Mn+2],0,invitro,O=P([O-])([O-])[O-].[Li+].[Mn+2],ACYC_C16,acyclic,ACYC_C16,train
3817,CCOC(=O)C1=NN(C(C1)(C)C(=O)OCC)C2=C(C=C(C=C2)Cl)Cl,0,invitro,CCOC(=O)C1=NN(c2ccc(Cl)cc2Cl)C(C)(C(=O)OCC)C1,C1CCC(C2CCCC2)CC1,cyclic,C1CCC(C2CCCC2)CC1,train
3818,C1CC2C(CCC3C1C4(C(=C(C3(C4(Cl)Cl)Cl)Cl)Cl)Cl)C5(C(=C(C2(C5(Cl)Cl)Cl)Cl)Cl)Cl,0,invitro,ClC1=C(Cl)C2(Cl)C3CCC4C(CCC3C1(Cl)C2(Cl)Cl)C1(Cl)C(Cl)=C(Cl)C4(Cl)C1(Cl)Cl,C1CC2CC1C1CCC3C4CCC(C4)C3CCC21,cyclic,C1CC2CC1C1CCC3C4CCC(C4)C3CCC21,test
3826,CC1=C(C=C(C=C1)C2OCC3C(O2)C(OC(O3)C4=CC(=C(C=C4)C)C)C(CO)O)C,0,invitro,Cc1ccc(C2OC3COC(c4ccc(C)c(C)c4)OC3C(C(O)CO)O2)cc1C,C1CCC(C2CCC3CC(C4CCCCC4)CCC3C2)CC1,cyclic,C1CCC(C2CCC3CC(C4CCCCC4)CCC3C2)CC1,test
3828,CC(C)(C1=CC=C(C=C1)O)C2=CC(=CC=C2)C(C)(C)C3=CC=C(C=C3)O,0,invitro,CC(C)(c1ccc(O)cc1)c1cccc(C(C)(C)c2ccc(O)cc2)c1,C1CCC(CC2CCCC(CC3CCCCC3)C2)CC1,cyclic,C1CCC(CC2CCCC(CC3CCCCC3)C2)CC1,test
3840,CCCCC(CC)C(=O)[O-].CCCCC(CC)C(=O)[O-].[Ca+2],0,invitro,CCCCC(CC)C(=O)[O-].CCCCC(CC)C(=O)[O-].[Ca+2],ACYC_C4,acyclic,ACYC_C4,train
3853,C=CC(=O)OCCN=C=O,1,invitro,C=CC(=O)OCCN=C=O,ACYC_C14,acyclic,ACYC_C14,train
3865,CCOC(=O)NC1=CC(=CC=C1)OC(=O)NC2=CC=CC=C2,0,invitro,CCOC(=O)Nc1cccc(OC(=O)Nc2ccccc2)c1,CC(CC1CCCCC1)CC1CCCCC1,cyclic,CC(CC1CCCCC1)CC1CCCCC1,train
3868,C1CC2=C(C3CCC2C3=C(Cl)Cl)C(=NO)C1,0,invitro,ON=C1CCCC2=C1C1CCC2C1=C(Cl)Cl,CC1CCCC2C3CCC(C3C)C12,cyclic,CC1CCCC2C3CCC(C3C)C12,test
3871,CCOC(=O)C(C)CC(CC1=CC=C(C=C1)C2=CC=CC=C2)NC(=O)CCC(=O)[O-].CCOC(=O)C(C)CC(CC1=CC=C(C=C1)C2=CC=CC=C2)NC(=O)CCC(=O)[O-].[Ca+2],0,invitro,CCOC(=O)C(C)CC(Cc1ccc(-c2ccccc2)cc1)NC(=O)CCC(=O)[O-].CCOC(=O)C(C)CC(Cc1ccc(-c2ccccc2)cc1)NC(=O)CCC(=O)[O-].[Ca+2],C1CCC(C2CCCCC2)CC1.C1CCC(C2CCCCC2)CC1,cyclic,C1CCC(C2CCCCC2)CC1.C1CCC(C2CCCCC2)CC1,test
3874,COC(=O)C(=C)C#N,0,invitro,C=C(C#N)C(=O)OC,ACYC_C44,acyclic,ACYC_C44,train
3875,CCCCCCCCCCCC(=O)N(C)CC(=O)[O-].[Na+],0,invitro,CCCCCCCCCCCC(=O)N(C)CC(=O)[O-].[Na+],ACYC_C45,acyclic,ACYC_C45,train
3877,CCC(C)CO,0,invitro,CCC(C)CO,ACYC_C9,acyclic,ACYC_C9,train
3891,F[La](F)F,0,invitro,[F][La]([F])[F],ACYC_C30,acyclic,ACYC_C30,train
3892,F[Nd](F)F,0,invitro,[F][Nd]([F])[F],ACYC_C30,acyclic,ACYC_C30,train
3895,[O-][Se](=O)[O-].[Ba+2],1,invitro,O=[Se]([O-])[O-].[Ba+2],ACYC_C11,acyclic,ACYC_C11,train
3896,CCC1=C(C(=O)NC=N1)F,0,invitro,CCc1nc[nH]c(=O)c1F,CC1CCCCC1,cyclic,CC1CCCCC1,train
3905,CC1=CC=C(C=C1)OCC(=O)N(CC2=CC=CS2)C3=CC=NN3,0,invitro,Cc1ccc(OCC(=O)N(Cc2cccs2)c2ccn[nH]2)cc1,CC(CCC1CCCCC1)C(CC1CCCC1)C1CCCC1,cyclic,CC(CCC1CCCCC1)C(CC1CCCC1)C1CCCC1,test
3907,CC(C)NC(=O)C(=C)C,0,invitro,C=C(C)C(=O)NC(C)C,ACYC_C44,acyclic,ACYC_C44,train
3917,NS(=O)(=O)[O-].NS(=O)(=O)[O-].[Ca+2],0,invitro,NS(=O)(=O)[O-].NS(=O)(=O)[O-].[Ca+2],ACYC_C33,acyclic,ACYC_C33,train
3918,OS(=O)[O-].OS(=O)[O-].[Mg+2],0,invitro,O=S([O-])O.O=S([O-])O.[Mg+2],ACYC_C11,acyclic,ACYC_C11,train
3919,[O-]P(=O)=O.[O-]P(=O)=O.[O-]P(=O)=O.[Al+3],0,invitro,O=P(=O)[O-].O=P(=O)[O-].O=P(=O)[O-].[Al+3],ACYC_C11,acyclic,ACYC_C11,train
3926,CC(C)C1CCC(=CC1)CCC=O,0,invitro,CC(C)C1CC=C(CCC=O)CC1,C1CCCCC1,cyclic,C1CCCCC1,train
3935,C=CN1CCN(C1=O)C=C,1,invitro,C=CN1CCN(C=C)C1=O,CC1CCCC1,cyclic,CC1CCCC1,train
3937,[B-](F)(F)(F)F.[B-](F)(F)(F)F.[Pb+2],0,invitro,F[B-](F)(F)F.F[B-](F)(F)F.[Pb+2],ACYC_C30,acyclic,ACYC_C30,train
3943,C1CN(C(=N[N+](=O)[O-])N1)CC2=CN=C(C=C2)Cl,0,invitro,O=[N+]([O-])N=C1NCCN1Cc1ccc(Cl)nc1,CC1CCCC1CC1CCCCC1,cyclic,CC1CCCC1CC1CCCCC1,test
3949,NS(=O)(=O)[O-].[Na+],0,invitro,NS(=O)(=O)[O-].[Na+],ACYC_C33,acyclic,ACYC_C33,train
3950,[O-]P(=O)([O-])OP(=O)([O-])OP(=O)([O-])[O-].[K+].[K+].[K+].[K+].[K+],0,invitro,O=P([O-])([O-])OP(=O)([O-])OP(=O)([O-])[O-].[K+].[K+].[K+].[K+].[K+],ACYC_C16,acyclic,ACYC_C16,train
3951,C=CCOC(=O)C1CCCCC1C(=O)OCC=C,0,invitro,C=CCOC(=O)C1CCCCC1C(=O)OCC=C,C1CCCCC1,cyclic,C1CCCCC1,train
3959,CN(CCO)C1=NC(=NC(=N1)NC2=CC(=C(C=C2)C=CC3=C(C=C(C=C3)NC4=NC(=NC(=N4)NC5=CC=CC=C5)N(C)CCO)S(=O)(=O)[O-])S(=O)(=O)[O-])NC6=CC=CC=C6.[Na+].[Na+],0,invitro,CN(CCO)c1nc(Nc2ccccc2)nc(Nc2ccc(C=Cc3ccc(Nc4nc(Nc5ccccc5)nc(N(C)CCO)n4)cc3S(=O)(=O)[O-])c(S(=O)(=O)[O-])c2)n1.[Na+].[Na+],C1CCC(CC2CCCC(CC3CCC(CCC4CCC(CC5CCCC(CC6CCCCC6)C5)CC4)CC3)C2)CC1,cyclic,C1CCC(CC2CCCC(CC3CCC(CCC4CCC(CC5CCCC(CC6CCCCC6)C5)CC4)CC3)C2)CC1,train
3964,CC(C)(C)C1=CC(=C(C(=C1)C(C)(C)C)OP2OC3=CC=CC=C3C4=CC=CC=C4O2)C5=C(C(=CC(=C5)C(C)(C)C)C(C)(C)C)OP6OC7=CC=CC=C7C8=CC=CC=C8O6,0,invitro,CC(C)(C)c1cc(-c2cc(C(C)(C)C)cc(C(C)(C)C)c2Op2oc3ccccc3c3ccccc3o2)c(Op2oc3ccccc3c3ccccc3o2)c(C(C)(C)C)c1,C1CCC2C(C1)CC(CC1CCCCC1C1CCCCC1CC1CC3CCCCC3C3CCCCC3C1)CC1CCCCC12,cyclic,C1CCC2C(C1)CC(CC1CCCCC1C1CCCCC1CC1CC3CCCCC3C3CCCCC3C1)CC1CCCCC12,test
3968,CCCCCCCCCCCC[N+](C)(C)CC1=CC=CC=C1.[Cl-],0,invitro,CCCCCCCCCCCC[N+](C)(C)Cc1ccccc1.[Cl-],C1CCCCC1,cyclic,C1CCCCC1,train
3969,CCCCCCCCCCCCCC[N+](C)(C)CC1=CC=CC=C1.[Cl-],0,invitro,CCCCCCCCCCCCCC[N+](C)(C)Cc1ccccc1.[Cl-],C1CCCCC1,cyclic,C1CCCCC1,train
3982,CCCCN(CCCC)C(=S)[S-].CCCCN(CCCC)C(=S)[S-].[Cu+2],0,invitro,CCCCN(CCCC)C(=S)[S-].CCCCN(CCCC)C(=S)[S-].[Cu+2],ACYC_C15,acyclic,ACYC_C15,train
3983,CCCCN(CCCC)C(=S)[S-].CCCCN(CCCC)C(=S)[S-].[Ni+2],0,invitro,CCCCN(CCCC)C(=S)[S-].CCCCN(CCCC)C(=S)[S-].[Ni+2],ACYC_C15,acyclic,ACYC_C15,train
3988,OP(=O)([O-])OP(=O)([O-])OP(=O)(O)[O-].[Al+3],0,invitro,O=P([O-])(O)OP(=O)([O-])OP(=O)([O-])O.[Al+3],ACYC_C16,acyclic,ACYC_C16,train
3997,CCC(C)N,0,invitro,CCC(C)N,ACYC_C9,acyclic,ACYC_C9,train
4018,CCOC(=S)[S-].[Na+],0,invitro,CCOC(=S)[S-].[Na+],ACYC_C15,acyclic,ACYC_C15,train
4039,CCCCCCCCCCOC1=C(C=C(C=C1)C(C2=CC=CC=C2)(C3=CC=CC=C3)C4=CC=CC=C4)C(C)CC,0,invitro,CCCCCCCCCCOc1ccc(C(c2ccccc2)(c2ccccc2)c2ccccc2)cc1C(C)CC,C1CCC(C(C2CCCCC2)(C2CCCCC2)C2CCCCC2)CC1,cyclic,C1CCC(C(C2CCCCC2)(C2CCCCC2)C2CCCCC2)CC1,test
4047,CC(C)(C)C1=CC(=CC(=C1O)C2=C(C(=CC(=C2)OC)C(C)(C)C)O)OC,0,invitro,COc1cc(-c2cc(OC)cc(C(C)(C)C)c2O)c(O)c(C(C)(C)C)c1,C1CCC(C2CCCCC2)CC1,cyclic,C1CCC(C2CCCCC2)CC1,train
4055,CC(=CCCC(=CCOC(=O)C)C)C,0,invitro,CC(=O)OCC=C(C)CCC=C(C)C,ACYC_C17,acyclic,ACYC_C17,train
4058,CCCCOCCOCCOC(=O)CCCCC(=O)OCCOCCOCCCC,0,invitro,CCCCOCCOCCOC(=O)CCCCC(=O)OCCOCCOCCCC,ACYC_C31,acyclic,ACYC_C31,train
4066,C[Si](C)(C)O[Si](C)(C)O[Si](C)(C)O[Si](C)(C)O[Si](C)(C)C,0,invitro,C[Si](C)(C)O[Si](C)(C)O[Si](C)(C)O[Si](C)(C)O[Si](C)(C)C,ACYC_C32,acyclic,ACYC_C32,train
4073,CCNC(=S)OC(C)C,0,invitro,CCNC(=S)OC(C)C,ACYC_C9,acyclic,ACYC_C9,train
4074,[O-][V](=O)=O.[O-][V](=O)=O.[Ca+2],0,invitro,[Ca+2].[O]=[V](=[O])[O-].[O]=[V](=[O])[O-],ACYC_C11,acyclic,ACYC_C11,train
4083,CCCCCCCCCCCCNCCC(=O)O.C(CO)N(CCO)CCO,0,invitro,CCCCCCCCCCCCNCCC(=O)O.OCCN(CCO)CCO,ACYC_C12,acyclic,ACYC_C12,train
4086,CCC(=O)OCC(C)(C)OC(C)C1CCCC(C1)(C)C,0,invitro,CCC(=O)OCC(C)(C)OC(C)C1CCCC(C)(C)C1,C1CCCCC1,cyclic,C1CCCCC1,train
4093,CCOCCOC(=O)C(=C1CCCC(=C1)NCCCOC)C#N,0,invitro,CCOCCOC(=O)C(C#N)=C1C=C(NCCCOC)CCC1,CC1CCCCC1,cyclic,CC1CCCCC1,train
4094,CC(=O)O[Al]OC(=O)C.O,0,invitro,CC(=O)[O][Al][O]C(C)=O.O,ACYC_C14,acyclic,ACYC_C14,train
4097,CCCCCCCCC=CCCCCCCCC(=O)[O-].CCCCCCCCC=CCCCCCCCC(=O)[O-].[Ca+2],0,invitro,CCCCCCCCC=CCCCCCCCC(=O)[O-].CCCCCCCCC=CCCCCCCCC(=O)[O-].[Ca+2],ACYC_C37,acyclic,ACYC_C37,train
4098,CCCCCCCCCCCC(=O)OCC(CO)O,0,invitro,CCCCCCCCCCCC(=O)OCC(O)CO,ACYC_C3,acyclic,ACYC_C3,train
4100,C=CCOC(=O)OCCOCCOC(=O)OCC=C,0,invitro,C=CCOC(=O)OCCOCCOC(=O)OCC=C,ACYC_C14,acyclic,ACYC_C14,train
4102,C(CCl)CCl,1,invitro,ClCCCCl,ACYC_C32,acyclic,ACYC_C32,train
4107,CCCCCC(=O)O,0,invitro,CCCCCC(=O)O,ACYC_C12,acyclic,ACYC_C12,train
4117,CCCCOCCCC,0,invitro,CCCCOCCCC,ACYC_C5,acyclic,ACYC_C5,train
4147,C(CCCNC(=O)O)CCN,0,invitro,NCCCCCCNC(=O)O,ACYC_C6,acyclic,ACYC_C6,train
4152,CCCCOCCOCCOCCO,0,invitro,CCCCOCCOCCOCCO,ACYC_C5,acyclic,ACYC_C5,train
4159,C12=C(C(=C(C(=C1Cl)Br)Cl)Br)C3=NC4=NC(=NC5=C6C(=C([N-]5)N=C7C8=C(C(=C(C(=C8Br)Cl)Cl)Cl)C(=N7)N=C2[N-]3)C(=C(C(=C6Br)Cl)Br)Cl)C9=C4C(=C(C(=C9Cl)Br)Cl)Cl.[Cu+2],0,invitro,Clc1c(Cl)c(Br)c2c(c1Cl)-c1nc-2nc2[n-]c(nc3nc(nc4[n-]c(n1)c1c(Cl)c(Br)c(Cl)c(Br)c41)-c1c(Cl)c(Cl)c(Br)c(Cl)c1-3)c1c(Br)c(Cl)c(Br)c(Cl)c21.[Cu+2],C1CCC2C3CC(CC4CC(CC5CC(CC6CC(C3)C3CCCCC63)C3CCCCC53)C3CCCCC43)C2C1,cyclic,C1CCC2C3CC(CC4CC(CC5CC(CC6CC(C3)C3CCCCC63)C3CCCCC53)C3CCCCC43)C2C1,train
4171,CCCCOC(=O)CSCSCC(=O)OCCCC,0,invitro,CCCCOC(=O)CSCSCC(=O)OCCCC,ACYC_C2,acyclic,ACYC_C2,train
4182,C(=O)(O)[O-].[Na+],0,invitro,O=C([O-])O.[Na+],ACYC_C34,acyclic,ACYC_C34,train
4194,CCCCCCCCCCCCCCCCCCNC(=O)CCC1=CC(=C(C(=C1)C(C)(C)C)O)C(C)(C)C,0,invitro,CCCCCCCCCCCCCCCCCCNC(=O)CCc1cc(C(C)(C)C)c(O)c(C(C)(C)C)c1,C1CCCCC1,cyclic,C1CCCCC1,train
4195,CCCCC(CC)COC(=O)CCC1=CC(=C(C(=C1)C(C)(C)C)O)C(C)(C)C,0,invitro,CCCCC(CC)COC(=O)CCc1cc(C(C)(C)C)c(O)c(C(C)(C)C)c1,C1CCCCC1,cyclic,C1CCCCC1,train
4196,COC1=CC=C(C=C1)OC(=O)C2=CC=C(C=C2)OCCCCC3CO3,0,invitro,COc1ccc(OC(=O)c2ccc(OCCCCC3CO3)cc2)cc1,CC(CC1CCCCC1)C1CCC(CCCCCC2CC2)CC1,cyclic,CC(CC1CCCCC1)C1CCC(CCCCCC2CC2)CC1,test
4203,CCCC1=NC2=C(N1CC3=CC=C(C=C3)C4=CC=CC=C4C#N)C=C(C=C2C)C5=NC6=CC=CC=C6N5C,0,invitro,CCCc1nc2c(C)cc(-c3nc4ccccc4n3C)cc2n1Cc1ccc(-c2ccccc2C#N)cc1,C1CCC(C2CCC(CC3CCC4CCC(C5CC6CCCCC6C5)CC43)CC2)CC1,cyclic,C1CCC(C2CCC(CC3CCC4CCC(C5CC6CCCCC6C5)CC43)CC2)CC1,test
4211,CC(CC(=CC1CCCCC1)C)C=O,0,invitro,CC(=CC1CCCCC1)CC(C)C=O,C1CCCCC1,cyclic,C1CCCCC1,train
4215,O.O.O.[La],0,invitro,O.O.O.[La],ACYC_C40,acyclic,ACYC_C40,train
4226,CC(C)(CO)C1OCC2(CO1)COC(OC2)C(C)(C)CO,0,invitro,CC(C)(CO)C1OCC2(CO1)COC(C(C)(C)CO)OC2,C1CCC2(CC1)CCCCC2,cyclic,C1CCC2(CC1)CCCCC2,test
4228,CCOP(OC1=C(C=C(C=C1C)C(C)(C)C)C(C)(C)C)OC2=C(C=C(C=C2C)C(C)(C)C)C(C)(C)C,0,invitro,CCOP(Oc1c(C)cc(C(C)(C)C)cc1C(C)(C)C)Oc1c(C)cc(C(C)(C)C)cc1C(C)(C)C,C1CCC(CCCC2CCCCC2)CC1,cyclic,C1CCC(CCCC2CCCCC2)CC1,train
4230,CCCCCCCCCCCCNC1=NC(=NC(=N1)Cl)NC2=CC3=CC(=C(C(=C3C=C2)O)N=NC4=CC=C(C=C4)N=NC5=CC=C(C=C5)S(=O)(=O)[O-])S(=O)(=O)[O-].[Na+].[Na+],0,invitro,CCCCCCCCCCCCNc1nc(Cl)nc(Nc2ccc3c(O)c(N=Nc4ccc(N=Nc5ccc(S(=O)(=O)[O-])cc5)cc4)c(S(=O)(=O)[O-])cc3c2)n1.[Na+].[Na+],C1CCC(CCC2CCC(CCC3CCC4CC(CC5CCCCC5)CCC4C3)CC2)CC1,cyclic,C1CCC(CCC2CCC(CCC3CCC4CC(CC5CCCCC5)CCC4C3)CC2)CC1,test
4232,CCCSC1=NC(=C(C(=N1)Cl)[N+](=O)[O-])Cl,1,invitro,CCCSc1nc(Cl)c([N+](=O)[O-])c(Cl)n1,C1CCCCC1,cyclic,C1CCCCC1,train
4275,COC(=O)CCCCCCCCCCCCCCCCC(=O)OC,0,invitro,COC(=O)CCCCCCCCCCCCCCCCC(=O)OC,ACYC_C18,acyclic,ACYC_C18,train
4278,CCC(COCC(C(F)(F)F)(F)F)OC(=O)CC(C(C(=O)OC(CC)COCC(C(F)(F)F)(F)F)S(=O)(=O)[O-])C(=O)OC(CC)COCC(C(F)(F)F)(F)F.[Na+],0,invitro,CCC(COCC(F)(F)C(F)(F)F)OC(=O)CC(C(=O)OC(CC)COCC(F)(F)C(F)(F)F)C(C(=O)OC(CC)COCC(F)(F)C(F)(F)F)S(=O)(=O)[O-].[Na+],ACYC_C7,acyclic,ACYC_C7,train
4282,CCC(=O)N(C1CCN(CC1)CC2=CC=CC=C2)C3=CC=CC=C3,0,invitro,CCC(=O)N(c1ccccc1)C1CCN(Cc2ccccc2)CC1,C1CCC(CC2CCC(CC3CCCCC3)CC2)CC1,cyclic,C1CCC(CC2CCC(CC3CCCCC3)CC2)CC1,train
4300,CCC(C)C1CCCCC1=O,0,invitro,CCC(C)C1CCCCC1=O,CC1CCCCC1,cyclic,CC1CCCCC1,train
4302,C1=CC(=CC(=C1)CN)CN,0,invitro,NCc1cccc(CN)c1,C1CCCCC1,cyclic,C1CCCCC1,train
4307,C1=CC(=CC=C1C(C2=CC=C(C=C2)O)(C(F)(F)F)C(F)(F)F)O,1,invitro,Oc1ccc(C(c2ccc(O)cc2)(C(F)(F)F)C(F)(F)F)cc1,C1CCC(CC2CCCCC2)CC1,cyclic,C1CCC(CC2CCCCC2)CC1,train
4318,CCO[Si](CCCS)(OCC)OCC,0,invitro,CCO[Si](CCCS)(OCC)OCC,ACYC_C46,acyclic,ACYC_C46,train
4323,CCC(C)(C)C(=O)OC1=C(C(=O)OC12CCCCC2)C3=C(C=C(C=C3)Cl)Cl,0,invitro,CCC(C)(C)C(=O)OC1=C(c2ccc(Cl)cc2Cl)C(=O)OC12CCCCC2,CC1CC2(CCCCC2)CC1C1CCCCC1,cyclic,CC1CC2(CCCCC2)CC1C1CCCCC1,test
4328,CCCCC(CC)COC(=O)OCC(CC)CCCC,0,invitro,CCCCC(CC)COC(=O)OCC(CC)CCCC,ACYC_C25,acyclic,ACYC_C25,train
4333,OP(=O)(O)O.OP(=O)(O)[O-].[K+],0,invitro,O=P(O)(O)O.O=P([O-])(O)O.[K+],ACYC_C16,acyclic,ACYC_C16,train
4341,CCCCC(CC)C(=O)O,0,invitro,CCCCC(CC)C(=O)O,ACYC_C4,acyclic,ACYC_C4,train
4343,C1CC(=O)NC1C(=O)O,0,invitro,O=C1CCC(C(=O)O)N1,CC1CCCC1,cyclic,CC1CCCC1,train
4351,CCCCCCCCCCCCN(CCC(=O)O)CCC(=O)[O-].[Na+],0,invitro,CCCCCCCCCCCCN(CCC(=O)[O-])CCC(=O)O.[Na+],ACYC_C12,acyclic,ACYC_C12,train
4352,C(COCCS)OCCS,0,invitro,SCCOCCOCCS,ACYC_C32,acyclic,ACYC_C32,train
4353,CCCCCCOC1CCC(O1)(C)C,0,invitro,CCCCCCOC1CCC(C)(C)O1,C1CCCC1,cyclic,C1CCCC1,train
4361,COC1=CC=C(C=C1)O,0,invitro,COc1ccc(O)cc1,C1CCCCC1,cyclic,C1CCCCC1,train
4365,C1=C(C(=C(N=C1Cl)C(=O)O)Cl)N,1,invitro,Nc1cc(Cl)nc(C(=O)O)c1Cl,C1CCCCC1,cyclic,C1CCCCC1,train
4368,CC1CC(C2=C(C1(C)C)C=C(C(=C2)C(=O)C)C)(C)C,0,invitro,CC(=O)c1cc2c(cc1C)C(C)(C)C(C)CC2(C)C,C1CCC2CCCCC2C1,cyclic,C1CCC2CCCCC2C1,train
4384,C=C(C(F)(F)F)Br,0,invitro,C=C(Br)C(F)(F)F,ACYC_C30,acyclic,ACYC_C30,train
4385,CC(=CC1=CC=CC=C1)C=O,0,invitro,CC(C=O)=Cc1ccccc1,C1CCCCC1,cyclic,C1CCCCC1,train
4391,COC(=O)C(=O)C1=CC=CC=C1,0,invitro,COC(=O)C(=O)c1ccccc1,C1CCCCC1,cyclic,C1CCCCC1,train
4395,C1CC=CCCC=CCCC(=O)C1,0,invitro,O=C1CCC=CCCC=CCCC1,CC1CCCCCCCCCCC1,cyclic,CC1CCCCCCCCCCC1,test
4396,[NH4+].[N+](=O)([O-])[O-].[Ca+2],0,invitro,O=[N+]([O-])[O-].[Ca+2].[NH4+],ACYC_C39,acyclic,ACYC_C39,train
4398,CCO[Si](CCl)(OCC)OCC,0,invitro,CCO[Si](CCl)(OCC)OCC,ACYC_C46,acyclic,ACYC_C46,train
4401,C1C(C(C(C1(F)F)(F)F)(F)F)F,1,invitro,FC1CC(F)(F)C(F)(F)C1(F)F,C1CCCC1,cyclic,C1CCCC1,train
4402,CC[P+](C1=CC=CC=C1)(C2=CC=CC=C2)C3=CC=CC=C3.[Br-],0,invitro,CC[P+](c1ccccc1)(c1ccccc1)c1ccccc1.[Br-],C1CCC(C(C2CCCCC2)C2CCCCC2)CC1,cyclic,C1CCC(C(C2CCCCC2)C2CCCCC2)CC1,train
4405,CC1C(C2=C(C1(C)C)C=C(C(=C2)C)C(=O)C)(C)C,0,invitro,CC(=O)c1cc2c(cc1C)C(C)(C)C(C)C2(C)C,C1CCC2CCCC2C1,cyclic,C1CCC2CCCC2C1,train
4410,[Li+].[O-]P(=O)([O-])[O-].[Fe+2],0,invitro,O=P([O-])([O-])[O-].[Fe+2].[Li+],ACYC_C16,acyclic,ACYC_C16,train
4411,CN1COCN=C1N[N+](=O)[O-],0,invitro,CN1COCN=C1N[N+](=O)[O-],C1CCCCC1,cyclic,C1CCCCC1,train
4425,C1CC(=O)NC1C(=O)[O-].C1CC(=O)NC1C(=O)[O-].[Zn+2],0,invitro,O=C1CCC(C(=O)[O-])N1.O=C1CCC(C(=O)[O-])N1.[Zn+2],CC1CCCC1.CC1CCCC1,cyclic,CC1CCCC1.CC1CCCC1,test
4429,CCCCC(CC)COC(=O)C1=CC=C(C=C1)NC2=NC(=NC(=N2)NC3=CC=C(C=C3)C(=O)NC(C)(C)C)NC4=CC=C(C=C4)C(=O)OCC(CC)CCCC,0,invitro,CCCCC(CC)COC(=O)c1ccc(Nc2nc(Nc3ccc(C(=O)NC(C)(C)C)cc3)nc(Nc3ccc(C(=O)OCC(CC)CCCC)cc3)n2)cc1,C1CCC(CC2CC(CC3CCCCC3)CC(CC3CCCCC3)C2)CC1,cyclic,C1CCC(CC2CC(CC3CCCCC3)CC(CC3CCCCC3)C2)CC1,test
4432,CC(C)(C1=CC=C(C=C1)Br)C(=O)OC,0,invitro,COC(=O)C(C)(C)c1ccc(Br)cc1,C1CCCCC1,cyclic,C1CCCCC1,train
4434,CC(C)(C1=CC=CC=C1)C2=CC(=C(C=C2)OP3OCC4(CO3)COP(OC4)OC5=C(C=C(C=C5)C(C)(C)C6=CC=CC=C6)C(C)(C)C7=CC=CC=C7)C(C)(C)C8=CC=CC=C8,0,invitro,CC(C)(c1ccccc1)c1ccc(OP2OCC3(CO2)COP(Oc2ccc(C(C)(C)c4ccccc4)cc2C(C)(C)c2ccccc2)OC3)c(C(C)(C)c2ccccc2)c1,C1CCC(CC2CCC(CC3CCC4(CC3)CCC(CC3CCC(CC5CCCCC5)CC3CC3CCCCC3)CC4)C(CC3CCCCC3)C2)CC1,cyclic,C1CCC(CC2CCC(CC3CCC4(CC3)CCC(CC3CCC(CC5CCCCC5)CC3CC3CCCCC3)CC4)C(CC3CCCCC3)C2)CC1,test
4436,CC1=CC(=C(C=C1Cl)N=NC2C(=NN(C2=O)C3=CC(=CC=C3)S(=O)(=O)[O-])C)S(=O)(=O)[O-].[NH4+].[NH4+].[NH4+].[NH4+],0,invitro,CC1=NN(c2cccc(S(=O)(=O)[O-])c2)C(=O)C1N=Nc1cc(Cl)c(C)cc1S(=O)(=O)[O-].[NH4+].[NH4+].[NH4+].[NH4+],CC1C(CCC2CCCCC2)CCC1C1CCCCC1,cyclic,CC1C(CCC2CCCCC2)CCC1C1CCCCC1,train
4437,CC(=O)OCC(F)F,0,invitro,CC(=O)OCC(F)F,ACYC_C48,acyclic,ACYC_C48,train
4439,C1=CC(=CC=C1C(=O)C2=CC=C(C=C2)O)C(=O)C3=CC=C(C=C3)O,0,invitro,O=C(c1ccc(O)cc1)c1ccc(C(=O)c2ccc(O)cc2)cc1,CC(C1CCCCC1)C1CCC(C(C)C2CCCCC2)CC1,cyclic,CC(C1CCCCC1)C1CCC(C(C)C2CCCCC2)CC1,test
4447,C1(=NC(=NC(=N1)N)N)N.OP(=O)(O)OP(=O)(O)O,0,invitro,Nc1nc(N)nc(N)n1.O=P(O)(O)OP(=O)(O)O,C1CCCCC1,cyclic,C1CCCCC1,train
4452,CCN(C1=CC=CC=C1)C2=NC(=NC(=N2)NC3=C4C(=CC(=C3)S(=O)(=O)[O-])C=C(C(=C4O)N=NC5=C(C=CC(=C5)NC(=O)C(CBr)Br)S(=O)(=O)[O-])S(=O)(=O)[O-])Cl.[Na+],1,invitro,CCN(c1ccccc1)c1nc(Cl)nc(Nc2cc(S(=O)(=O)[O-])cc3cc(S(=O)(=O)[O-])c(N=Nc4cc(NC(=O)C(Br)CBr)ccc4S(=O)(=O)[O-])c(O)c23)n1.[Na+],C1CCC(CCC2CCC3CCCC(CC4CCCC(CC5CCCCC5)C4)C3C2)CC1,cyclic,C1CCC(CCC2CCC3CCCC(CC4CCCC(CC5CCCCC5)C4)C3C2)CC1,test
4455,CC1=CC(=C(C(=C1)N2N=C3C=CC=CC3=N2)O)CC(C)C[Si](C)(O[Si](C)(C)C)O[Si](C)(C)C,0,invitro,Cc1cc(CC(C)C[Si](C)(O[Si](C)(C)C)O[Si](C)(C)C)c(O)c(-n2nc3ccccc3n2)c1,C1CCC(C2CC3CCCCC3C2)CC1,cyclic,C1CCC(C2CC3CCCCC3C2)CC1,test
4466,C(CN)CO,0,invitro,NCCCO,ACYC_C6,acyclic,ACYC_C6,train
4468,CCCCC(CC)C(=O)[O-].CCCCC(CC)C(=O)[O-].[Mg+2],0,invitro,CCCCC(CC)C(=O)[O-].CCCCC(CC)C(=O)[O-].[Mg+2],ACYC_C4,acyclic,ACYC_C4,train
4469,CC(=C)CS(=O)(=O)[O-].[Na+],0,invitro,C=C(C)CS(=O)(=O)[O-].[Na+],ACYC_C33,acyclic,ACYC_C33,train
4471,CC(C)CC(=NO[Si](C=C)(ON=C(C)CC(C)C)ON=C(C)CC(C)C)C,0,invitro,C=C[Si](ON=C(C)CC(C)C)(ON=C(C)CC(C)C)ON=C(C)CC(C)C,ACYC_C41,acyclic,ACYC_C41,test
4474,CCC(COC(=O)C=C)(COC(=O)C=C)COC(=O)C=C,1,invitro,C=CC(=O)OCC(CC)(COC(=O)C=C)COC(=O)C=C,ACYC_C1,acyclic,ACYC_C1,train
4479,CC1CCC(C(C1)OC)C(C)C,0,invitro,COC1CC(C)CCC1C(C)C,C1CCCCC1,cyclic,C1CCCCC1,train
4484,CCC(C)(C)OOC1(CCCCC1)OOC(C)(C)CC,0,invitro,CCC(C)(C)OOC1(OOC(C)(C)CC)CCCCC1,C1CCCCC1,cyclic,C1CCCCC1,train
4488,CCCOCC(C)O,0,invitro,CCCOCC(C)O,ACYC_C9,acyclic,ACYC_C9,train
4501,CCCC1=CC=C(C=C1)C2=C(C(=C(C=C2)OCC)F)F,0,invitro,CCCc1ccc(-c2ccc(OCC)c(F)c2F)cc1,C1CCC(C2CCCCC2)CC1,cyclic,C1CCC(C2CCCCC2)CC1,train
4506,CCCCCC1CCCC1O,0,invitro,CCCCCC1CCCC1O,C1CCCC1,cyclic,C1CCCC1,train
4513,CC(C)C1=CC=C(C=C1)S(=O)(=O)[O-].[Na+],0,invitro,CC(C)c1ccc(S(=O)(=O)[O-])cc1.[Na+],C1CCCCC1,cyclic,C1CCCCC1,train
4521,CC1=CC=C(C=C1)N2C(=O)C(C(=N2)C)N=NC3=C(C=C(C=C3)C4=CC(=C(C=C4)N=NC5C(=NN(C5=O)C6=CC=C(C=C6)C)C)Cl)Cl,0,invitro,CC1=NN(c2ccc(C)cc2)C(=O)C1N=Nc1ccc(-c2ccc(N=NC3C(=O)N(c4ccc(C)cc4)N=C3C)c(Cl)c2)cc1Cl,CC1C(CCC2CCC(C3CCC(CCC4CCC(C5CCCCC5)C4C)CC3)CC2)CCC1C1CCCCC1,cyclic,CC1C(CCC2CCC(C3CCC(CCC4CCC(C5CCCCC5)C4C)CC3)CC2)CCC1C1CCCCC1,train
4527,CCCCC(=O)OCC(COC(=O)CCCC)(COC(=O)CCCC)COC(=O)CCCC,0,invitro,CCCCC(=O)OCC(COC(=O)CCCC)(COC(=O)CCCC)COC(=O)CCCC,ACYC_C1,acyclic,ACYC_C1,train
4535,CCCCCCCOC(=O)CCC(=O)OCCCCCCC,0,invitro,CCCCCCCOC(=O)CCC(=O)OCCCCCCC,ACYC_C31,acyclic,ACYC_C31,train
4537,CN(C)CCCN1CN(CN(C1)CCCN(C)C)CCCN(C)C,0,invitro,CN(C)CCCN1CN(CCCN(C)C)CN(CCCN(C)C)C1,C1CCCCC1,cyclic,C1CCCCC1,train
4544,CC(=O)NC1=CC(=C(C=C1N=NC2=C(C=C(C=C2Cl)[N+](=O)[O-])[N+](=O)[O-])OC)NCCC(=O)OCC(=O)OCC3=CC=CC=C3,0,invitro,COc1cc(N=Nc2c(Cl)cc([N+](=O)[O-])cc2[N+](=O)[O-])c(NC(C)=O)cc1NCCC(=O)OCC(=O)OCc1ccccc1,CC(CCCC1CCC(CCC2CCCCC2)CC1)CCC(C)CCC1CCCCC1,cyclic,CC(CCCC1CCC(CCC2CCCCC2)CC1)CCC(C)CCC1CCCCC1,test
4551,CCCCCCCCCCCCCCCCCC(=O)[O-].CCCCCCCCCCCCCCCCCC(=O)[O-].[Ca+2],0,invitro,CCCCCCCCCCCCCCCCCC(=O)[O-].CCCCCCCCCCCCCCCCCC(=O)[O-].[Ca+2],ACYC_C37,acyclic,ACYC_C37,train
4555,CCCCC(CC)C(=O)O.[Mn+2],0,invitro,CCCCC(CC)C(=O)O.[Mn+2],ACYC_C4,acyclic,ACYC_C4,train
4558,CC(=O)C(C(=O)NC1=C(C=CC(=C1)Cl)OC)N=NC2=C(C=C(C=C2)[N+](=O)[O-])OC,0,invitro,COc1cc([N+](=O)[O-])ccc1N=NC(C(C)=O)C(=O)Nc1cc(Cl)ccc1OC,CC(CCCC1CCCCC1)CC1CCCCC1,cyclic,CC(CCCC1CCCCC1)CC1CCCCC1,train
4564,CC(C)CCCC(C)CCCC(C)(C#C)O,0,invitro,C#CC(C)(O)CCCC(C)CCCC(C)C,ACYC_C0,acyclic,ACYC_C0,train
4568,C=C(C#N)C(=O)OCCC1=CC=CC=C1,0,invitro,C=C(C#N)C(=O)OCCc1ccccc1,C1CCCCC1,cyclic,C1CCCCC1,train
4593,C1(=C(OC(O1)(F)F)F)OC(F)(F)F,0,invitro,FC1=C(OC(F)(F)F)OC(F)(F)O1,C1CCCC1,cyclic,C1CCCC1,train
4605,CCCCOC(=O)CCS,0,invitro,CCCCOC(=O)CCS,ACYC_C2,acyclic,ACYC_C2,train
4606,CCCCOC(=O)OOC(=O)OCCCC,0,invitro,CCCCOC(=O)OOC(=O)OCCCC,ACYC_C2,acyclic,ACYC_C2,train
4608,C(=C(F)F)(OC(C(C(F)(F)F)(F)F)(F)F)F,0,invitro,FC(F)=C(F)OC(F)(F)C(F)(F)C(F)(F)F,ACYC_C30,acyclic,ACYC_C30,train
4621,CCCCCCCCCCCCCCCC(=O)NCCCCCCCCC=CCCCCCCCC,0,invitro,CCCCCCCCC=CCCCCCCCCNC(=O)CCCCCCCCCCCCCCC,ACYC_C22,acyclic,ACYC_C22,train
4631,C(CN)COCCOCCOCCCN.C(=CC(=O)O)C(=O)O,0,invitro,NCCCOCCOCCOCCCN.O=C(O)C=CC(=O)O,ACYC_C6,acyclic,ACYC_C6,train
4633,C(=CF)F,0,invitro,FC=CF,ACYC_C30,acyclic,ACYC_C30,train
4635,[Li+].CC(CNC1=C(C2=C(C=C1)NC3=C(O2)C(=C4C(=C3Cl)OC5=C(N4)C=CC(=C5S(=O)(=O)O)NCC(C)NC6=NC(=NC(=N6)NC7=CC=CC=C7S(=O)(=O)O)F)Cl)S(=O)(=O)O)NC8=NC(=NC(=N8)NC9=CC=CC=C9S(=O)(=O)O)F.[Na+],0,invitro,CC(CNc1ccc2[nH]c3c(Cl)c4oc5c(S(=O)(=O)O)c(NCC(C)Nc6nc(F)nc(Nc7ccccc7S(=O)(=O)O)n6)ccc5[nH]c4c(Cl)c3oc2c1S(=O)(=O)O)Nc1nc(F)nc(Nc2ccccc2S(=O)(=O)O)n1.[Li+].[Na+],C1CCC(CC2CCCC(CCCCC3CCC4CC5CC6CC7CC(CCCCC8CCCC(CC9CCCCC9)C8)CCC7CC6CC5CC4C3)C2)CC1,cyclic,C1CCC(CC2CCCC(CCCCC3CCC4CC5CC6CC7CC(CCCCC8CCCC(CC9CCCCC9)C8)CCC7CC6CC5CC4C3)C2)CC1,test
4643,CCOC(=O)C1=NOC(C1)(C2=CC=CC=C2)C3=CC=CC=C3,0,invitro,CCOC(=O)C1=NOC(c2ccccc2)(c2ccccc2)C1,C1CCC(C2(C3CCCCC3)CCCC2)CC1,cyclic,C1CCC(C2(C3CCCCC3)CCCC2)CC1,test
4646,CC1=C(C=CC(=C1)CC(C)C)CCC=O,0,invitro,Cc1cc(CC(C)C)ccc1CCC=O,C1CCCCC1,cyclic,C1CCCCC1,train
4648,CC=CC=CC(=O)OCCC[Si](OC)(OC)OC,0,invitro,CC=CC=CC(=O)OCCC[Si](OC)(OC)OC,ACYC_C14,acyclic,ACYC_C14,train
4660,CCCCCCCCCCCC[N+](C)(C)[O-],0,invitro,CCCCCCCCCCCC[N+](C)(C)[O-],ACYC_C13,acyclic,ACYC_C13,train
4666,CC(C)C1=CC=C(C=C1)S(=O)(=O)[O-].[K+],0,invitro,CC(C)c1ccc(S(=O)(=O)[O-])cc1.[K+],C1CCCCC1,cyclic,C1CCCCC1,train
4667,C1=CC=C(C(=C1)C(C(=O)O)NCCNC(C2=CC=CC=C2[O-])C(=O)O)O.[Na+].[Fe],0,invitro,O=C(O)C(NCCNC(C(=O)O)c1ccccc1O)c1ccccc1[O-].[Fe].[Na+],C(CCCC1CCCCC1)CCC1CCCCC1,cyclic,C(CCCC1CCCCC1)CCC1CCCCC1,test
4673,CC1=C(C=CC(=C1)Cl)OC(C)C(=O)O,1,invitro,Cc1cc(Cl)ccc1OC(C)C(=O)O,C1CCCCC1,cyclic,C1CCCCC1,train
4674,CC(C)(CO)C(C(=O)NCCCO)O,0,invitro,CC(C)(CO)C(O)C(=O)NCCCO,ACYC_C27,acyclic,ACYC_C27,test
4678,CCCCC(CC)C1N(CCO1)CCCC,0,invitro,CCCCC(CC)C1OCCN1CCCC,C1CCCC1,cyclic,C1CCCC1,train
4681,CN=C(NCC1CCOC1)N[N+](=O)[O-],0,invitro,CN=C(NCC1CCOC1)N[N+](=O)[O-],C1CCCC1,cyclic,C1CCCC1,train
4694,CCO[Si](CCCC1=C(C(=CC(=C1O)C(=O)C2=CC=CC=C2)C(=O)C3=CC=CC=C3)O)(OCC)OCC,0,invitro,CCO[Si](CCCc1c(O)c(C(=O)c2ccccc2)cc(C(=O)c2ccccc2)c1O)(OCC)OCC,CC(C1CCCCC1)C1CCCC(C(C)C2CCCCC2)C1,cyclic,CC(C1CCCCC1)C1CCCC(C(C)C2CCCCC2)C1,test
4696,CC1=CCC(C1(C)C)C(=C)CC(C)C=O,0,invitro,C=C(CC(C)C=O)C1CC=C(C)C1(C)C,C1CCCC1,cyclic,C1CCCC1,train
4698,CCOC1=NC(=CC2=NC(=NN21)SSC3=NN4C(=N3)C=C(N=C4OCC)F)F,0,invitro,CCOc1nc(F)cc2nc(SSc3nc4cc(F)nc(OCC)n4n3)nn12,C1CCC2CC(CCC3CC4CCCCC4C3)CC2C1,cyclic,C1CCC2CC(CCC3CC4CCCCC4C3)CC2C1,test
4705,CC1=C(C=C(C=C1)S(=O)(=O)C)[N+](=O)[O-],0,invitro,Cc1ccc(S(C)(=O)=O)cc1[N+](=O)[O-],C1CCCCC1,cyclic,C1CCCCC1,train
4706,C1=CC2=C(C=CC(=C2)O)C=C1C(=O)O,1,invitro,O=C(O)c1ccc2cc(O)ccc2c1,C1CCC2CCCCC2C1,cyclic,C1CCC2CCCCC2C1,train
4709,[O-]S(=O)S(=O)(=O)[O-].[K+].[K+],0,invitro,O=S([O-])S(=O)(=O)[O-].[K+].[K+],ACYC_C11,acyclic,ACYC_C11,train
4712,CC(=NOC(=O)NC)SC,0,invitro,CNC(=O)ON=C(C)SC,ACYC_C14,acyclic,ACYC_C14,train
4714,[NH4+].[NH4+].[N+](=O)([O-])[O-].[N+](=O)([O-])[O-].[N+](=O)([O-])[O-].[N+](=O)([O-])[O-].[N+](=O)([O-])[O-].[N+](=O)([O-])[O-].[Ce+4],0,invitro,O=[N+]([O-])[O-].O=[N+]([O-])[O-].O=[N+]([O-])[O-].O=[N+]([O-])[O-].O=[N+]([O-])[O-].O=[N+]([O-])[O-].[Ce+4].[NH4+].[NH4+],ACYC_C39,acyclic,ACYC_C39,train
4718,CCCCCCCCOC(=O)OCCCCCCCC,0,invitro,CCCCCCCCOC(=O)OCCCCCCCC,ACYC_C2,acyclic,ACYC_C2,train
4725,CO[Si](C)OC,0,invitro,CO[Si](C)OC,ACYC_C32,acyclic,ACYC_C32,train
4729,CCOC(=O)[O-].CCOC(=O)[O-].[Mg+2],0,invitro,CCOC(=O)[O-].CCOC(=O)[O-].[Mg+2],ACYC_C35,acyclic,ACYC_C35,train
4737,CCCCCCCCCOC(=O)C1=CC(=C(C=C1)C(=O)OCCCCCCCCC)C(=O)OCCCCCCCCC,0,invitro,CCCCCCCCCOC(=O)c1ccc(C(=O)OCCCCCCCCC)c(C(=O)OCCCCCCCCC)c1,C1CCCCC1,cyclic,C1CCCCC1,train
4747,[NH4+].[NH4+].Cl[Pt-2](Cl)(Cl)(Cl)(Cl)Cl,0,invitro,[Cl][Pt-2]([Cl])([Cl])([Cl])([Cl])[Cl].[NH4+].[NH4+],ACYC_C40,acyclic,ACYC_C40,train
4749,Cl[Pt-2](Cl)(Cl)(Cl)(Cl)Cl.[K+].[K+],0,invitro,[Cl][Pt-2]([Cl])([Cl])([Cl])([Cl])[Cl].[K+].[K+],ACYC_C40,acyclic,ACYC_C40,train
4751,F[Ta-2](F)(F)(F)(F)(F)F.[K+].[K+],0,invitro,[F][Ta-2]([F])([F])([F])([F])([F])[F].[K+].[K+],ACYC_C30,acyclic,ACYC_C30,train
4763,C=CC(=O)OCC(COC1=CC=CC=C1)O,0,invitro,C=CC(=O)OCC(O)COc1ccccc1,C1CCCCC1,cyclic,C1CCCCC1,train
4767,CN(CCC(=O)OCCN1C(=O)C2=CC=CC=C2C1=O)C3=CC=C(C=C3)N=NC4=C(C=C(C=C4)[N+](=O)[O-])C#N,0,invitro,CN(CCC(=O)OCCN1C(=O)c2ccccc2C1=O)c1ccc(N=Nc2ccc([N+](=O)[O-])cc2C#N)cc1,CC(CCCC1CCC(CCC2CCCCC2)CC1)CCCC1C(C)C2CCCCC2C1C,cyclic,CC(CCCC1CCC(CCC2CCCCC2)CC1)CCCC1C(C)C2CCCCC2C1C,test
4771,CN(C)CCOCCO,0,invitro,CN(C)CCOCCO,ACYC_C20,acyclic,ACYC_C20,train
4777,CC1=C(C(=C(C(=C1CC2=CC(=C(C(=C2)C(C)(C)C)O)C(C)(C)C)C)CC3=CC(=C(C(=C3)C(C)(C)C)O)C(C)(C)C)C)CC4=CC(=C(C(=C4)C(C)(C)C)O)C(C)(C)C,0,invitro,Cc1c(Cc2cc(C(C)(C)C)c(O)c(C(C)(C)C)c2)c(C)c(Cc2cc(C(C)(C)C)c(O)c(C(C)(C)C)c2)c(C)c1Cc1cc(C(C)(C)C)c(O)c(C(C)(C)C)c1,C1CCC(CC2CC(CC3CCCCC3)CC(CC3CCCCC3)C2)CC1,cyclic,C1CCC(CC2CC(CC3CCCCC3)CC(CC3CCCCC3)C2)CC1,test
4780,C1=CC(=CC=C1N=NC2=C(C3=C(C(=C(C=C3C=C2S(=O)(=O)[O-])S(=O)(=O)[O-])N=NC4=CC=C(C=C4)S(=O)(=O)CCOS(=O)(=O)[O-])N)O)S(=O)(=O)CCOS(=O)(=O)[O-].[Na+].[Na+].[Na+].[Na+],0,invitro,Nc1c(N=Nc2ccc(S(=O)(=O)CCOS(=O)(=O)[O-])cc2)c(S(=O)(=O)[O-])cc2cc(S(=O)(=O)[O-])c(N=Nc3ccc(S(=O)(=O)CCOS(=O)(=O)[O-])cc3)c(O)c12.[Na+].[Na+].[Na+].[Na+],C1CCC(CCC2CCC3CCC(CCC4CCCCC4)CC3C2)CC1,cyclic,C1CCC(CCC2CCC3CCC(CCC4CCCCC4)CC3C2)CC1,test
4783,CCN1CCOCC1.CC1=CC=C(C=C1)C(=O)CCC(=O)O.CC1=CC=C(C=C1)C(=O)CCC(=O)O,0,invitro,CCN1CCOCC1.Cc1ccc(C(=O)CCC(=O)O)cc1.Cc1ccc(C(=O)CCC(=O)O)cc1,C1CCCCC1.C1CCCCC1.C1CCCCC1,cyclic,C1CCCCC1.C1CCCCC1.C1CCCCC1,test
4795,C[Si](C)(C=C)Cl,0,invitro,C=C[Si](C)(C)Cl,ACYC_C32,acyclic,ACYC_C32,train
4812,C1=C(C=C(C(=C1Cl)F)Cl)Br,0,invitro,Fc1c(Cl)cc(Br)cc1Cl,C1CCCCC1,cyclic,C1CCCCC1,train
4813,B(C1=CC2=C(C=C1)C=C(C=C2)O)(O)O,0,invitro,OB(O)c1ccc2cc(O)ccc2c1,C1CCC2CCCCC2C1,cyclic,C1CCC2CCCCC2C1,train
4817,C1=CC(=C(C=C1C#N)O)O,0,invitro,N#Cc1ccc(O)c(O)c1,C1CCCCC1,cyclic,C1CCCCC1,train
4825,CC(C)C=NCC1CCCC(C1)CN=CC(C)C,0,invitro,CC(C)C=NCC1CCCC(CN=CC(C)C)C1,C1CCCCC1,cyclic,C1CCCCC1,train
4826,CC(C(=O)OC)O,0,invitro,COC(=O)C(C)O,ACYC_C23,acyclic,ACYC_C23,train
4839,CC(C)(C)C1=CC=C(C=C1)C=C,0,invitro,C=Cc1ccc(C(C)(C)C)cc1,C1CCCCC1,cyclic,C1CCCCC1,train
4859,C(#N)[S-].[NH4+],0,invitro,N#C[S-].[NH4+],ACYC_C42,acyclic,ACYC_C42,train
4860,C1=CC(=CC(=C1)S(=O)(=O)O)C(=O)[O-].[Na+],0,invitro,O=C([O-])c1cccc(S(=O)(=O)O)c1.[Na+],C1CCCCC1,cyclic,C1CCCCC1,train
4864,CCCCCCCCCCCCCCCCCCCCCCOC(=O)CCCCCCCCCCCCCCCCCCCCC,0,invitro,CCCCCCCCCCCCCCCCCCCCCCOC(=O)CCCCCCCCCCCCCCCCCCCCC,ACYC_C31,acyclic,ACYC_C31,train
4865,CCCCCCCCC=CCCCCCCCCCCCC(=O)OCCCCCCCCC=CCCCCCCCC,0,invitro,CCCCCCCCC=CCCCCCCCCCCCC(=O)OCCCCCCCCC=CCCCCCCCC,ACYC_C31,acyclic,ACYC_C31,train
4873,C(CC#N)CC(CCC#N)C#N,0,invitro,N#CCCCC(C#N)CCC#N,ACYC_C42,acyclic,ACYC_C42,train
4898,CO[Si](C)(C1CCCCC1)OC,0,invitro,CO[Si](C)(OC)C1CCCCC1,C1CCCCC1,cyclic,C1CCCCC1,train
4907,C1=CC=C(C=C1)NC2=NC(=NC(=N2)NCCO)NC3=CC(=C(C=C3)C=CC4=C(C=C(C=C4)NC5=NC(=NC(=N5)NC6=CC=CC=C6)NCCO)S(=O)(=O)[O-])S(=O)(=O)[O-].[Na+].[Na+],0,invitro,O=S(=O)([O-])c1cc(Nc2nc(NCCO)nc(Nc3ccccc3)n2)ccc1C=Cc1ccc(Nc2nc(NCCO)nc(Nc3ccccc3)n2)cc1S(=O)(=O)[O-].[Na+].[Na+],C1CCC(CC2CCCC(CC3CCC(CCC4CCC(CC5CCCC(CC6CCCCC6)C5)CC4)CC3)C2)CC1,cyclic,C1CCC(CC2CCCC(CC3CCC(CCC4CCC(CC5CCCC(CC6CCCCC6)C5)CC4)CC3)C2)CC1,train
4913,C=CC(C(C(C(C(C(C=C)(F)F)(F)F)(F)F)(F)F)(F)F)(F)F,0,invitro,C=CC(F)(F)C(F)(F)C(F)(F)C(F)(F)C(F)(F)C(F)(F)C=C,ACYC_C30,acyclic,ACYC_C30,train
4934,CCCCO[P+](=O)OCCCC,0,invitro,CCCCO[P+](=O)OCCCC,ACYC_C5,acyclic,ACYC_C5,train
4937,C1C2COCOC2C3=CC=CC=C31,0,invitro,c1ccc2c(c1)CC1COCOC21,C1CCC2C(C1)CC1CCCCC12,cyclic,C1CCC2C(C1)CC1CCCCC12,test
4939,CC(C)(C)C1=CC=C(C=C1)CCC=O,0,invitro,CC(C)(C)c1ccc(CCC=O)cc1,C1CCCCC1,cyclic,C1CCCCC1,train
4942,CCS(=O)C1=C(N(N=C1C#N)C2=C(C=C(C=C2Cl)C(F)(F)F)Cl)N,0,invitro,CCS(=O)c1c(C#N)nn(-c2c(Cl)cc(C(F)(F)F)cc2Cl)c1N,C1CCC(C2CCCC2)CC1,cyclic,C1CCC(C2CCCC2)CC1,train
4947,CO[Si](C)(CCCCl)OC,0,invitro,CO[Si](C)(CCCCl)OC,ACYC_C32,acyclic,ACYC_C32,train
4955,C1=CC(=C(C2=C(C=C(C=C21)S(=O)(=O)[O-])O)N=NC3=C(C=C(C=C3)NC4=NC(=NC(=N4)NCCS(=O)(=O)[O-])N(CCO)CCO)S(=O)(=O)[O-])N.[Na+].[Na+].[Na+],0,invitro,Nc1ccc2cc(S(=O)(=O)[O-])cc(O)c2c1N=Nc1ccc(Nc2nc(NCCS(=O)(=O)[O-])nc(N(CCO)CCO)n2)cc1S(=O)(=O)[O-].[Na+].[Na+].[Na+],C1CCC(CC2CCC(CCC3CCCC4CCCCC43)CC2)CC1,cyclic,C1CCC(CC2CCC(CCC3CCCC4CCCCC43)CC2)CC1,test
4965,[Li+].O=[Ni].[Mn].[Co],0,invitro,[Co].[Li+].[Mn].[O]=[Ni],ACYC_C40,acyclic,ACYC_C40,train
4972,C[Si](C)(C)NC(=O)N[Si](C)(C)C,0,invitro,C[Si](C)(C)NC(=O)N[Si](C)(C)C,ACYC_C32,acyclic,ACYC_C32,train
4973,CCCCCCCCCCCCCCCCCCCCCCOC(=O)C=C,0,invitro,C=CC(=O)OCCCCCCCCCCCCCCCCCCCCCC,ACYC_C43,acyclic,ACYC_C43,train
4979,CO[Si](CC[Si](OC)(OC)OC)(OC)OC,0,invitro,CO[Si](CC[Si](OC)(OC)OC)(OC)OC,ACYC_C32,acyclic,ACYC_C32,train
4984,CCCCCCCCC=CCCCCCCCC[N+](C)(CCO)CCO.[Cl-],0,invitro,CCCCCCCCC=CCCCCCCCC[N+](C)(CCO)CCO.[Cl-],ACYC_C8,acyclic,ACYC_C8,train
4987,CC(C)CCCC(C)(C=C)O,0,invitro,C=CC(C)(O)CCCC(C)C,ACYC_C0,acyclic,ACYC_C0,train
4989,CCC(C)CCCC(C)(C)O,0,invitro,CCC(C)CCCC(C)(C)O,ACYC_C0,acyclic,ACYC_C0,train
4990,CC(CCCC(C)(C)O)C=C,0,invitro,C=CC(C)CCCC(C)(C)O,ACYC_C0,acyclic,ACYC_C0,train
4994,CCCCN1C(=C(C(=C(C1=O)N=NC2=CC=C(C=C2)C(=O)OCC(=O)OCC3=CC=CC=C3)C)C#N)O,0,invitro,CCCCn1c(O)c(C#N)c(C)c(N=Nc2ccc(C(=O)OCC(=O)OCc3ccccc3)cc2)c1=O,CC(CCC1CCCCC1)CCC(C)C1CCC(CCC2CCCCC2C)CC1,cyclic,CC(CCC1CCCCC1)CCC(C)C1CCC(CCC2CCCCC2C)CC1,test
4995,CC(C#N)N(CC#N)CC#N,0,invitro,CC(C#N)N(CC#N)CC#N,ACYC_C42,acyclic,ACYC_C42,train
5004,C1=CC=C2C(=C1)C(=O)OC(=N2)C3=CC=C(C=C3)C4=NC5=CC=CC=C5C(=O)O4,0,invitro,O=c1oc(-c2ccc(-c3nc4ccccc4c(=O)o3)cc2)nc2ccccc12,CC1CC(C2CCC(C3CC(C)C4CCCCC4C3)CC2)CC2CCCCC12,cyclic,CC1CC(C2CCC(C3CC(C)C4CCCCC4C3)CC2)CC2CCCCC12,test
5006,[Li+].[Li+].C(CCC(=O)[O-])CC(=O)[O-],0,invitro,O=C([O-])CCCCC(=O)[O-].[Li+].[Li+],ACYC_C37,acyclic,ACYC_C37,train
5013,CCCCC(CC)COC(=O)C(C)O,0,invitro,CCCCC(CC)COC(=O)C(C)O,ACYC_C25,acyclic,ACYC_C25,train
5015,OP(=O)(O)[O-].OP(=O)(O)[O-].[Mn+2],0,invitro,O=P([O-])(O)O.O=P([O-])(O)O.[Mn+2],ACYC_C16,acyclic,ACYC_C16,train
5018,C(C(=O)O)C(CC(=O)[O-])(C(=O)[O-])O.[Co+2],1,invitro,O=C([O-])CC(O)(CC(=O)O)C(=O)[O-].[Co+2],ACYC_C14,acyclic,ACYC_C14,train
5026,CC(=CCCC(=CCCC(=C)C=C)C)C,0,invitro,C=CC(=C)CCC=C(C)CCC=C(C)C,ACYC_C17,acyclic,ACYC_C17,train
5031,C1(=C(C(=C(C(=C1Br)Br)Br)Br)C(=O)[O-])C(=O)[O-].[K+].[K+],0,invitro,O=C([O-])c1c(Br)c(Br)c(Br)c(Br)c1C(=O)[O-].[K+].[K+],C1CCCCC1,cyclic,C1CCCCC1,train
5042,CC(C)(C1=CC=CC=C1)C(C)(C)C2=CC=CC=C2,0,invitro,CC(C)(c1ccccc1)C(C)(C)c1ccccc1,C1CCC(CCC2CCCCC2)CC1,cyclic,C1CCC(CCC2CCCCC2)CC1,train
5056,C(#N)C1=C(C(=C(C(=C1Cl)Cl)Cl)C#N)Cl,0,invitro,N#Cc1c(Cl)c(Cl)c(Cl)c(C#N)c1Cl,C1CCCCC1,cyclic,C1CCCCC1,train
5057,C1=CC(=C(C(=C1)F)C#N)F,0,invitro,N#Cc1c(F)cccc1F,C1CCCCC1,cyclic,C1CCCCC1,train
5064,CCCCCCCCC(C)C=O,0,invitro,CCCCCCCCC(C)C=O,ACYC_C5,acyclic,ACYC_C5,train
5092,CCCCCCCCCCCC(=O)NCCC[N+](C)(C)CC(CS(=O)(=O)[O-])O,0,invitro,CCCCCCCCCCCC(=O)NCCC[N+](C)(C)CC(O)CS(=O)(=O)[O-],ACYC_C13,acyclic,ACYC_C13,train
5093,CC(COC(=O)C1=CC=CC=C1)OC(=O)C2=CC=CC=C2,0,invitro,CC(COC(=O)c1ccccc1)OC(=O)c1ccccc1,CC(CCCCC(C)C1CCCCC1)C1CCCCC1,cyclic,CC(CCCCC(C)C1CCCCC1)C1CCCCC1,test
5097,CC(C)OCCOC(=O)C,0,invitro,CC(=O)OCCOC(C)C,ACYC_C48,acyclic,ACYC_C48,train
5099,CC12CCC3C(C1CCC2=O)CCC4=C3CCC(C4)(OC)OC,1,invitro,COC1(OC)CCC2=C(CCC3C2CCC2(C)C(=O)CCC32)C1,CC1CCC2C1CCC1C3CCCCC3CCC21,cyclic,CC1CCC2C1CCC1C3CCCCC3CCC21,test
5106,CC(C)(C)OOC(=O)C=CC(=O)O,1,invitro,CC(C)(C)OOC(=O)C=CC(=O)O,ACYC_C14,acyclic,ACYC_C14,train
5117,[Li+].[Li+].C(CCCCC(=O)[O-])CCCC(=O)[O-],0,invitro,O=C([O-])CCCCCCCCC(=O)[O-].[Li+].[Li+],ACYC_C37,acyclic,ACYC_C37,train
5121,CC1CCC2C(C1)C(=O)OC2=O,0,invitro,CC1CCC2C(=O)OC(=O)C2C1,CC1CC(C)C2CCCCC12,cyclic,CC1CC(C)C2CCCCC12,train
5122,CC(C)(C(=O)OCC=C)O,0,invitro,C=CCOC(=O)C(C)(C)O,ACYC_C14,acyclic,ACYC_C14,train
5137,CCCCC(CC)C(=O)[O-].CCCCC(CC)C(=O)[O-].[Fe+2],0,invitro,CCCCC(CC)C(=O)[O-].CCCCC(CC)C(=O)[O-].[Fe+2],ACYC_C4,acyclic,ACYC_C4,train
5146,CCCCC(CC)C(=O)[O-].[Na+],0,invitro,CCCCC(CC)C(=O)[O-].[Na+],ACYC_C4,acyclic,ACYC_C4,train
5149,CCCCCCCCCC=CCC1CC(=O)OC1=O,0,invitro,CCCCCCCCCC=CCC1CC(=O)OC1=O,CC1CCC(C)C1,cyclic,CC1CCC(C)C1,train
5158,CC1(C(CC2C1(C2)C)CC3CC3(C)CO)C,0,invitro,CC1(CO)CC1CC1CC2CC2(C)C1(C)C,C1CC1CC1CC2CC2C1,cyclic,C1CC1CC1CC2CC2C1,test
5163,CC(C)(C)OC(=O)NC(CC1=CC=CC=C1)C(CN(CC2=CC=C(C=C2)C3=CC=CC=N3)NC(=O)OC(C)(C)C)O,0,invitro,CC(C)(C)OC(=O)NC(Cc1ccccc1)C(O)CN(Cc1ccc(-c2ccccn2)cc1)NC(=O)OC(C)(C)C,C(CCCC1CCC(C2CCCCC2)CC1)CCC1CCCCC1,cyclic,C(CCCC1CCC(C2CCCCC2)CC1)CCC1CCCCC1,test
5165,C[N+](C)(C)C1CCCCC1.[OH-],0,invitro,C[N+](C)(C)C1CCCCC1.[OH-],C1CCCCC1,cyclic,C1CCCCC1,train
5168,COC1=CC(=NC(=N1)NC(=O)[N-]S(=O)(=O)C2=C(C=CC=N2)OCC(F)(F)F)OC.[Na+],0,invitro,COc1cc(OC)nc(NC(=O)[N-]S(=O)(=O)c2ncccc2OCC(F)(F)F)n1.[Na+],CC(CC1CCCCC1)CC(C)(C)C1CCCCC1,cyclic,CC(CC1CCCCC1)CC(C)(C)C1CCCCC1,test
5180,CCCCCCCCCC1=CC(=C(C(=C1)CN(CCO)CCO)O)CN(CCO)CCO,0,invitro,CCCCCCCCCc1cc(CN(CCO)CCO)c(O)c(CN(CCO)CCO)c1,C1CCCCC1,cyclic,C1CCCCC1,train
5187,C1C2(COS(=O)(=O)O1)COS(=O)(=O)OC2,0,invitro,O=S1(=O)OCC2(CO1)COS(=O)(=O)OC2,CC1(C)CCC2(CC1)CCC(C)(C)CC2,cyclic,CC1(C)CCC2(CC1)CCC(C)(C)CC2,test
5191,CCCNCC,0,invitro,CCCNCC,ACYC_C32,acyclic,ACYC_C32,train
5199,CCCCCCCCC(CCCCCC)COC1=CC=CC=C1C(=O)N,0,invitro,CCCCCCCCC(CCCCCC)COc1ccccc1C(N)=O,C1CCCCC1,cyclic,C1CCCCC1,train
5203,CCCCCCCCCCCC(=O)OCC(CC)CCCC,0,invitro,CCCCCCCCCCCC(=O)OCC(CC)CCCC,ACYC_C25,acyclic,ACYC_C25,train
5204,CC(=O)OC1CCCCC1C(C)(C)C,0,invitro,CC(=O)OC1CCCCC1C(C)(C)C,C1CCCCC1,cyclic,C1CCCCC1,train
5208,[Li+].CCCCCCCCCCCCCC(=O)[O-],0,invitro,CCCCCCCCCCCCCC(=O)[O-].[Li+],ACYC_C37,acyclic,ACYC_C37,train
5223,CC(=O)CC(=O)N(C)C,0,invitro,CC(=O)CC(=O)N(C)C,ACYC_C14,acyclic,ACYC_C14,train
5224,CC(CN(CCCN(CCCN(C)C)CCCN(C)C)CC(C)O)O,0,invitro,CC(O)CN(CCCN(CCCN(C)C)CCCN(C)C)CC(C)O,ACYC_C28,acyclic,ACYC_C28,train
5227,CC(C)CCCCCOC(=O)C(C)OC1=CC(=C(C=C1)C2=NC(=NC(=N2)C3=CC=C(C=C3)C4=CC=CC=C4)C5=CC=C(C=C5)C6=CC=CC=C6)O,0,invitro,CC(C)CCCCCOC(=O)C(C)Oc1ccc(-c2nc(-c3ccc(-c4ccccc4)cc3)nc(-c3ccc(-c4ccccc4)cc3)n2)c(O)c1,C1CCC(C2CCC(C3CC(C4CCCCC4)CC(C4CCC(C5CCCCC5)CC4)C3)CC2)CC1,cyclic,C1CCC(C2CCC(C3CC(C4CCCCC4)CC(C4CCC(C5CCCCC5)CC4)C3)CC2)CC1,test
5234,C=CCNCCCNCC=C.Cl.Cl,0,invitro,C=CCNCCCNCC=C.Cl.Cl,ACYC_C32,acyclic,ACYC_C32,train
5236,CCCCCC(=O)OC(=O)CCCCC,0,invitro,CCCCCC(=O)OC(=O)CCCCC,ACYC_C18,acyclic,ACYC_C18,train
5239,C1=CC2=C(C=CC(=C2O)N=NC3=C(C=CC(=C3)S(=O)(=O)O)O)C(=C1)O,0,invitro,O=S(=O)(O)c1ccc(O)c(N=Nc2ccc3c(O)cccc3c2O)c1,C1CCC(CCC2CCC3CCCCC3C2)CC1,cyclic,C1CCC(CCC2CCC3CCCCC3C2)CC1,test
5250,CCN1C(=O)C(CO1)NC(=O)C2=C(C=C(C=C2)C3=NOC(C3)(C4=CC(=C(C(=C4)Cl)F)Cl)C(F)(F)F)C,0,invitro,CCN1OCC(NC(=O)c2ccc(C3=NOC(c4cc(Cl)c(F)c(Cl)c4)(C(F)(F)F)C3)cc2C)C1=O,CC(CC1CCCC1C)C1CCC(C2CCC(C3CCCCC3)C2)CC1,cyclic,CC(CC1CCCC1C)C1CCC(C2CCC(C3CCCCC3)C2)CC1,test
5253,CC(C)C(=O)OC1=C(C=C(C=C1)C=O)OC,0,invitro,COc1cc(C=O)ccc1OC(=O)C(C)C,C1CCCCC1,cyclic,C1CCCCC1,train
5256,C(CO)N.[N+](=O)(O)[O-],0,invitro,NCCO.O=[N+]([O-])O,ACYC_C39,acyclic,ACYC_C39,train
5258,CC1C(=NC(=O)CN)C=CC=C1C2=CC(=CC=C2)C3(C=CC(=NC(=O)CN)C(=C3C)NC(=O)O)NC(=O)O,0,invitro,CC1=C(NC(=O)O)C(=NC(=O)CN)C=CC1(NC(=O)O)c1cccc(C2=CC=CC(=NC(=O)CN)C2C)c1,CC1CCC(C2CCCC(C3CCCC(C)C3)C2)CC1,cyclic,CC1CCC(C2CCCC(C3CCCC(C)C3)C2)CC1,test
5275,C1=CC=C(C=C1)C(=O)[O-].C1=CC=C(C=C1)C(=O)[O-].[Ca+2],0,invitro,O=C([O-])c1ccccc1.O=C([O-])c1ccccc1.[Ca+2],C1CCCCC1.C1CCCCC1,cyclic,C1CCCCC1.C1CCCCC1,train
5278,C1C(O1)CN(CC2CO2)C3=CC=CC=C3,1,invitro,c1ccc(N(CC2CO2)CC2CO2)cc1,C1CCC(C(CC2CC2)CC2CC2)CC1,cyclic,C1CCC(C(CC2CC2)CC2CC2)CC1,test
5288,CC1=CC=C(C=C1)S(=O)(=O)OC2=CC=CC(=C2)NC(=O)NC3=CC=CC=C3,1,invitro,Cc1ccc(S(=O)(=O)Oc2cccc(NC(=O)Nc3ccccc3)c2)cc1,CC(CC1CCCCC1)CC1CCCC(CC(C)(C)C2CCCCC2)C1,cyclic,CC(CC1CCCCC1)CC1CCCC(CC(C)(C)C2CCCCC2)C1,test
5289,COC1=C(C(=NC=C1)C(=O)O)O,0,invitro,COc1ccnc(C(=O)O)c1O,C1CCCCC1,cyclic,C1CCCCC1,train
5294,CNCCO.O=S=O,0,invitro,CNCCO.O=S=O,ACYC_C6,acyclic,ACYC_C6,train
5297,CNC(=N[N+](=O)[O-])NCC1=CN=C(S1)Cl,0,invitro,CNC(=N[N+](=O)[O-])NCc1cnc(Cl)s1,C1CCCC1,cyclic,C1CCCC1,train
5301,CC(C)(C)C1=C(C=CC(=C1)OC)OC,0,invitro,COc1ccc(OC)c(C(C)(C)C)c1,C1CCCCC1,cyclic,C1CCCCC1,train
5313,B(C1=C(C(=C(C=C1)OCC)F)F)(O)O,0,invitro,CCOc1ccc(B(O)O)c(F)c1F,C1CCCCC1,cyclic,C1CCCCC1,train
5318,C1=CC(=C(C=C1O)O)C2=NC(=NC(=N2)C3=C(C=C(C=C3)O)O)C4=C(C=C(C=C4)O)O,0,invitro,Oc1ccc(-c2nc(-c3ccc(O)cc3O)nc(-c3ccc(O)cc3O)n2)c(O)c1,C1CCC(C2CC(C3CCCCC3)CC(C3CCCCC3)C2)CC1,cyclic,C1CCC(C2CC(C3CCCCC3)CC(C3CCCCC3)C2)CC1,test
5324,CCCCCCCCCCCCCCC(C(C(CO)NC(=O)C1=CC=CC=C1O)O)O,0,invitro,CCCCCCCCCCCCCCC(O)C(O)C(CO)NC(=O)c1ccccc1O,C1CCCCC1,cyclic,C1CCCCC1,train
5327,[Li+].F[P-](F)(F)(F)(F)F,1,invitro,F[P-](F)(F)(F)(F)F.[Li+],ACYC_C30,acyclic,ACYC_C30,train
5337,CCN1C(=C(C(=C(C1=O)C(=O)N)C)N=NC2=CC(=C(C=C2)N=NC3=CC(=C(C=C3OCCO)N=NC4=C(C5=C(C=C(C=C5C=C4S(=O)(=O)[O-])S(=O)(=O)[O-])O)O)OCCO)S(=O)(=O)[O-])O.[Na+].[K+].[K+],0,invitro,CCn1c(O)c(N=Nc2ccc(N=Nc3cc(OCCO)c(N=Nc4c(S(=O)(=O)[O-])cc5cc(S(=O)(=O)[O-])cc(O)c5c4O)cc3OCCO)c(S(=O)(=O)[O-])c2)c(C)c(C(N)=O)c1=O.[K+].[K+].[Na+],CC1CCC(CCC2CCC(CCC3CCC(CCC4CCC5CCCCC5C4)CC3)CC2)CC1,cyclic,CC1CCC(CCC2CCC(CCC3CCC(CCC4CCC5CCCCC5C4)CC3)CC2)CC1,test
5342,CC(=C)C(=O)OCCC(C(C(C(C(C(F)(F)F)(F)F)(F)F)(F)F)(F)F)(F)F,0,invitro,C=C(C)C(=O)OCCC(F)(F)C(F)(F)C(F)(F)C(F)(F)C(F)(F)C(F)(F)F,ACYC_C47,acyclic,ACYC_C47,train
5344,C1C2C=CC1C3C2CC4=CC=CC=C34,0,invitro,C1=CC2CC1C1Cc3ccccc3C21,C1CCC2C(C1)CC1C3CCC(C3)C21,cyclic,C1CCC2C(C1)CC1C3CCC(C3)C21,test
5354,CCCCOC(=O)CC(=C)C(=O)OCCCC,0,invitro,C=C(CC(=O)OCCCC)C(=O)OCCCC,ACYC_C2,acyclic,ACYC_C2,train
5355,CCCCCCCCCCCCOC(=O)C=C,0,invitro,C=CC(=O)OCCCCCCCCCCCC,ACYC_C43,acyclic,ACYC_C43,train
5374,CC(C)C1=CC(=C(C(=C1N=C=O)C(C)C)N=C=O)C(C)C,0,invitro,CC(C)c1cc(C(C)C)c(N=C=O)c(C(C)C)c1N=C=O,C1CCCCC1,cyclic,C1CCCCC1,train
5375,CC(C)C1=C(C(=CC=C1)C(C)C)N=C=NC2=C(C=CC=C2C(C)C)C(C)C,0,invitro,CC(C)c1cccc(C(C)C)c1N=C=Nc1c(C(C)C)cccc1C(C)C,C1CCC(CCCC2CCCCC2)CC1,cyclic,C1CCC(CCCC2CCCCC2)CC1,train
5378,CN(C)C(=O)NC1=CC=CC(=C1)C(F)(F)F,1,invitro,CN(C)C(=O)Nc1cccc(C(F)(F)F)c1,C1CCCCC1,cyclic,C1CCCCC1,train
5383,CC(=O)OC1=C(C=C(C=C1)C(C)(C)CC(C)(C)C)C2C3=C(C=CC(=C3)C(C)(C)CC(C)(C)C)OC2=O,0,invitro,CC(=O)Oc1ccc(C(C)(C)CC(C)(C)C)cc1C1C(=O)Oc2ccc(C(C)(C)CC(C)(C)C)cc21,CC1CC2CCCCC2C1C1CCCCC1,cyclic,CC1CC2CCCCC2C1C1CCCCC1,test
5401,C=COC1CCCCC1,0,invitro,C=COC1CCCCC1,C1CCCCC1,cyclic,C1CCCCC1,train
5403,C(CO)N.C(CO)N.C(=O)(O)O,0,invitro,NCCO.NCCO.O=C(O)O,ACYC_C6,acyclic,ACYC_C6,train
5427,CC(C)(C)OOC(C)(C)C1=CC(=CC=C1)C(C)(C)OOC(C)(C)C,0,invitro,CC(C)(C)OOC(C)(C)c1cccc(C(C)(C)OOC(C)(C)C)c1,C1CCCCC1,cyclic,C1CCCCC1,train
5433,COC1=CC=CC=C1C(=O)NS(=O)(=O)C2=CC=C(C=C2)C(=O)NC3CC3,0,invitro,COc1ccccc1C(=O)NS(=O)(=O)c1ccc(C(=O)NC2CC2)cc1,CC(CC1CC1)C1CCC(C(C)(C)CC(C)C2CCCCC2)CC1,cyclic,CC(CC1CC1)C1CCC(C(C)(C)CC(C)C2CCCCC2)CC1,test
5441,CCC(COC(=O)CC(=O)C)(COC(=O)CC(=O)C)COC(=O)CC(=O)C,0,invitro,CCC(COC(=O)CC(C)=O)(COC(=O)CC(C)=O)COC(=O)CC(C)=O,ACYC_C1,acyclic,ACYC_C1,train
5443,CCCCC(CC)C(=O)[O-].[Cu+],0,invitro,CCCCC(CC)C(=O)[O-].[Cu+],ACYC_C4,acyclic,ACYC_C4,train
5444,CCOP(=O)(NC(C)C)OC1=CC(=C(C=C1)SC)C,1,invitro,CCOP(=O)(NC(C)C)Oc1ccc(SC)c(C)c1,C1CCCCC1,cyclic,C1CCCCC1,train
5449,CC1=C(N2C(C(C2=O)N)SC1)C(=O)O,0,invitro,CC1=C(C(=O)O)N2C(=O)C(N)C2SC1,CC1CC2CCCCC12,cyclic,CC1CC2CCCCC12,test
5454,CCCCC(CC)C(=O)OOC(C)(C)CC(C)(C)C,0,invitro,CCCCC(CC)C(=O)OOC(C)(C)CC(C)(C)C,ACYC_C4,acyclic,ACYC_C4,train
5465,C1=CC=C(C(=C1)C#N)NC(=O)C2=C(C(=NS2)Cl)Cl,0,invitro,N#Cc1ccccc1NC(=O)c1snc(Cl)c1Cl,CC(CC1CCCCC1)C1CCCC1,cyclic,CC(CC1CCCCC1)C1CCCC1,test
5466,CCCCCCCCCCCCCCCCCCCCCCOC(=O)CCCCCCCCCCCCCCCCC,0,invitro,CCCCCCCCCCCCCCCCCCCCCCOC(=O)CCCCCCCCCCCCCCCCC,ACYC_C31,acyclic,ACYC_C31,train
5476,CCCCC(CC)C(=O)[O-].CCCCC(CC)C(=O)[O-].CCCCC(CC)C(=O)[O-].CCCCC(CC)C(=O)[O-].[Zr+4],0,invitro,CCCCC(CC)C(=O)[O-].CCCCC(CC)C(=O)[O-].CCCCC(CC)C(=O)[O-].CCCCC(CC)C(=O)[O-].[Zr+4],ACYC_C4,acyclic,ACYC_C4,train
5483,C(CS)C(=O)OCCOC(=O)CCS,0,invitro,O=C(CCS)OCCOC(=O)CCS,ACYC_C2,acyclic,ACYC_C2,train
5502,C1=CC(=C(N=C1)S(=O)(=O)N)OCC(F)(F)F,0,invitro,NS(=O)(=O)c1ncccc1OCC(F)(F)F,C1CCCCC1,cyclic,C1CCCCC1,train
5503,CCCCCCCCCCCCCC(=O)OCC(CCCCCCCC)CCCCCCCCCC,0,invitro,CCCCCCCCCCCCCC(=O)OCC(CCCCCCCC)CCCCCCCCCC,ACYC_C25,acyclic,ACYC_C25,train
5508,[O-2].[O-2].[O-2].[O-2].[O-2].[O-2].[O-2].[O-2].[O-2].[Zn+2].[Zn+2].[Zn+2].[Mo].[Mo],1,invitro,[Mo].[Mo].[O-2].[O-2].[O-2].[O-2].[O-2].[O-2].[O-2].[O-2].[O-2].[Zn+2].[Zn+2].[Zn+2],ACYC_C40,acyclic,ACYC_C40,train
5515,CCCCCCCCC1CCC(=O)O1,0,invitro,CCCCCCCCC1CCC(=O)O1,CC1CCCC1,cyclic,CC1CCCC1,train
5517,CCCCCCCCOC(=O)CCCCCCC,0,invitro,CCCCCCCCOC(=O)CCCCCCC,ACYC_C31,acyclic,ACYC_C31,train
5530,CC(=O)O.C(CO)NCCO,0,invitro,CC(=O)O.OCCNCCO,ACYC_C6,acyclic,ACYC_C6,train
5531,CC1=CC=C(C=C1)S(=O)(=O)NC(=O)NC2=CC(=CC=C2)OS(=O)(=O)C3=CC=C(C=C3)C,0,invitro,Cc1ccc(S(=O)(=O)NC(=O)Nc2cccc(OS(=O)(=O)c3ccc(C)cc3)c2)cc1,CC(CC1CCCC(CC(C)(C)C2CCCCC2)C1)CC(C)(C)C1CCCCC1,cyclic,CC(CC1CCCC(CC(C)(C)C2CCCCC2)C1)CC(C)(C)C1CCCCC1,test
5532,CCCCCCCCCCCCCCCCCCOCCC[N+](C)(C)C.[Cl-],0,invitro,CCCCCCCCCCCCCCCCCCOCCC[N+](C)(C)C.[Cl-],ACYC_C13,acyclic,ACYC_C13,train
5534,C1CC(NC1)CO,0,invitro,OCC1CCCN1,C1CCCC1,cyclic,C1CCCC1,train
5538,C(CO)N.Br,0,invitro,Br.NCCO,ACYC_C6,acyclic,ACYC_C6,train
5539,C1CCC(CC1)OC(=O)CC(C(=O)OC2CCCCC2)S(=O)(=O)[O-].[Na+],0,invitro,O=C(CC(C(=O)OC1CCCCC1)S(=O)(=O)[O-])OC1CCCCC1.[Na+],CC(CCC(C)CC1CCCCC1)CC1CCCCC1,cyclic,CC(CCC(C)CC1CCCCC1)CC1CCCCC1,test
5541,COC(=O)C(=C)F,1,invitro,C=C(F)C(=O)OC,ACYC_C44,acyclic,ACYC_C44,train
5547,CC(=O)OCC(=O)C1=CCC2C1(CC=C3C2CCC4=CC(=O)CCC43C)C,0,invitro,CC(=O)OCC(=O)C1=CCC2C3CCC4=CC(=O)CCC4(C)C3=CCC12C,CC1CCC2C(CCC3C4CCCC4CCC23)C1,cyclic,CC1CCC2C(CCC3C4CCCC4CCC23)C1,test
5548,CCCCCCCC(=O)OCCOC1=CC=CC=C1,0,invitro,CCCCCCCC(=O)OCCOc1ccccc1,C1CCCCC1,cyclic,C1CCCCC1,train
5564,CCCCCCCCCCCCN(CCCN)CCCN,0,invitro,CCCCCCCCCCCCN(CCCN)CCCN,ACYC_C49,acyclic,ACYC_C49,train
5582,C1CCC(=O)N(CC1)SSN2CCCCCC2=O,0,invitro,O=C1CCCCCN1SSN1CCCCCC1=O,CC1CCCCCC1CCC1CCCCCC1C,cyclic,CC1CCCCCC1CCC1CCCCCC1C,test
5585,CS(=O)(=O)[O-].[Ag+],1,invitro,CS(=O)(=O)[O-].[Ag+],ACYC_C33,acyclic,ACYC_C33,train
5592,C1=CC=C(C=C1)C(=O)C2=C(C=C(C=C2)OCC(COC3=CC(=C(C=C3)C(=O)C4=CC=CC=C4)O)O)O,0,invitro,O=C(c1ccccc1)c1ccc(OCC(O)COc2ccc(C(=O)c3ccccc3)c(O)c2)cc1O,CC(C1CCCCC1)C1CCC(CCCCCC2CCC(C(C)C3CCCCC3)CC2)CC1,cyclic,CC(C1CCCCC1)C1CCC(CCCCCC2CCC(C(C)C3CCCCC3)CC2)CC1,test
5595,CCC1=CC=CC=C1NC(=O)C(=O)NC2=CC=CC=C2OCC,0,invitro,CCOc1ccccc1NC(=O)C(=O)Nc1ccccc1CC,CC(CC1CCCCC1)C(C)CC1CCCCC1,cyclic,CC(CC1CCCCC1)C(C)CC1CCCCC1,test
5608,C1=C(SC(=C1)Cl)C(=O)O,0,invitro,O=C(O)c1ccc(Cl)s1,C1CCCC1,cyclic,C1CCCC1,train
5610,CC(=O)C1=CC(=C(C=C1)OC(=O)C)COC(=O)C,1,invitro,CC(=O)OCc1cc(C(C)=O)ccc1OC(C)=O,C1CCCCC1,cyclic,C1CCCCC1,train
5617,CC[O-].CC[O-].[Mg+2],0,invitro,CC[O-].CC[O-].[Mg+2],ACYC_C32,acyclic,ACYC_C32,train
5631,C1=CC=C(C=C1)NC(=[NH+]C2=CC=CC=C2)N.[Cl-],1,invitro,NC(Nc1ccccc1)=[NH+]c1ccccc1.[Cl-],C1CCC(CCCC2CCCCC2)CC1,cyclic,C1CCC(CCCC2CCCCC2)CC1,train
5632,CC(CC(=O)NCCCCCC(=O)[O-])CC(C)(C)C.C(CO)[NH+](CCO)CCO,0,invitro,CC(CC(=O)NCCCCCC(=O)[O-])CC(C)(C)C.OCC[NH+](CCO)CCO,ACYC_C27,acyclic,ACYC_C27,test
5663,[Li+].[B-]12(OC(=O)C(=O)O1)OC(=O)C(=O)O2,0,invitro,O=C1O[B-]2(OC1=O)OC(=O)C(=O)O2.[Li+],CC1CC2(CC1C)CC(C)C(C)C2,cyclic,CC1CC2(CC1C)CC(C)C(C)C2,test
5665,CC1=C(C=CC=C1OC)C(=O)Cl,0,invitro,COc1cccc(C(=O)Cl)c1C,C1CCCCC1,cyclic,C1CCCCC1,train
5670,CCCCC(CC)C(=O)[O-].CCCCC(CC)C(=O)[O-].[Ba+2],0,invitro,CCCCC(CC)C(=O)[O-].CCCCC(CC)C(=O)[O-].[Ba+2],ACYC_C4,acyclic,ACYC_C4,train
5671,CCCCC(CC)C(=O)[O-].CCCCC(CC)C(=O)[O-].[Sr+2],0,invitro,CCCCC(CC)C(=O)[O-].CCCCC(CC)C(=O)[O-].[Sr+2],ACYC_C4,acyclic,ACYC_C4,train
5674,CCCCC(CC)C(=O)[O-].CCCCC(CC)C(=O)[O-].CCCCC(CC)C(=O)[O-].[Ce+3],0,invitro,CCCCC(CC)C(=O)[O-].CCCCC(CC)C(=O)[O-].CCCCC(CC)C(=O)[O-].[Ce+3],ACYC_C4,acyclic,ACYC_C4,train
5677,C1=CC=C(C=C1)CCN(CCC#N)C2=CC=C(C=C2)N=NC3=C(C=C(C=C3)[N+](=O)[O-])C#N,0,invitro,N#CCCN(CCc1ccccc1)c1ccc(N=Nc2ccc([N+](=O)[O-])cc2C#N)cc1,C1CCC(CCCC2CCC(CCC3CCCCC3)CC2)CC1,cyclic,C1CCC(CCCC2CCC(CCC3CCCCC3)CC2)CC1,test
5679,CC=CC=CC(=O)[O-].[K+],1,invitro,CC=CC=CC(=O)[O-].[K+],ACYC_C14,acyclic,ACYC_C14,train
5685,COCC1=C(N2C(C(C2=O)N)SC1)C(=O)O,0,invitro,COCC1=C(C(=O)O)N2C(=O)C(N)C2SC1,CC1CC2CCCCC12,cyclic,CC1CC2CCCCC12,test
5691,CCC1(OOC(OOC(OO1)(C)CC)(C)CC)C,0,invitro,CCC1(C)OOC(C)(CC)OOC(C)(CC)OO1,C1CCCCCCCC1,cyclic,C1CCCCCCCC1,test
5694,C=CC(=O)OCCCCO,1,invitro,C=CC(=O)OCCCCO,ACYC_C43,acyclic,ACYC_C43,train
5705,CCCCCC#CCC=C,0,invitro,C=CCC#CCCCCC,ACYC_C5,acyclic,ACYC_C5,train
5707,CC(=C)C(=O)OCC1=CC=CC=C1,0,invitro,C=C(C)C(=O)OCc1ccccc1,C1CCCCC1,cyclic,C1CCCCC1,train
5717,CCOC(=O)C(C)C1CCCCC1,0,invitro,CCOC(=O)C(C)C1CCCCC1,C1CCCCC1,cyclic,C1CCCCC1,train
5719,CC1=CC(=C(C=C1)N=NC(C(=O)C)C(=O)NC2=CC=CC=C2)[N+](=O)[O-],0,invitro,CC(=O)C(N=Nc1ccc(C)cc1[N+](=O)[O-])C(=O)Nc1ccccc1,CC(CCCC1CCCCC1)CC1CCCCC1,cyclic,CC(CCCC1CCCCC1)CC1CCCCC1,train
5720,CC12CC(C=C1)C3C2C(=O)OC3=O,0,invitro,CC12C=CC(C1)C1C(=O)OC(=O)C12,CC1CC(C)C2C3CCC(C3)C12,cyclic,CC1CC(C)C2C3CCC(C3)C12,test
5723,CC(C)(C)OOC(C)(C)C1=CC=C(C=C1)C(C)(C)OOC(C)(C)C,0,invitro,CC(C)(C)OOC(C)(C)c1ccc(C(C)(C)OOC(C)(C)C)cc1,C1CCCCC1,cyclic,C1CCCCC1,train
5725,CC1(CC(CC(N1[O])(C)C)OC(=O)CCCCCCCCC(=O)OC2CC(N(C(C2)(C)C)[O])(C)C)C,0,invitro,CC1(C)CC(OC(=O)CCCCCCCCC(=O)OC2CC(C)(C)N([O])C(C)(C)C2)CC(C)(C)N1[O],CC(CCCCCCCCC(C)CC1CCCCC1)CC1CCCCC1,cyclic,CC(CCCCCCCCC(C)CC1CCCCC1)CC1CCCCC1,test
5728,CC(CCO)OC,0,invitro,COC(C)CCO,ACYC_C6,acyclic,ACYC_C6,train
5731,CC(C1CCCC(C1)(C)C)OC=O,0,invitro,CC(OC=O)C1CCCC(C)(C)C1,C1CCCCC1,cyclic,C1CCCCC1,train
5739,CC(=O)OCC=CCOC(=O)C,0,invitro,CC(=O)OCC=CCOC(C)=O,ACYC_C48,acyclic,ACYC_C48,train
5751,CC(C)COC(=S)[S-].[Na+],0,invitro,CC(C)COC(=S)[S-].[Na+],ACYC_C15,acyclic,ACYC_C15,train
5752,CCCCCCCCC=CCCCCCCCCN(CCO)CCO,0,invitro,CCCCCCCCC=CCCCCCCCCN(CCO)CCO,ACYC_C49,acyclic,ACYC_C49,train
5753,CC1=C(C(=CC=C1)[N+](=O)[O-])[N+](=O)[O-],0,invitro,Cc1cccc([N+](=O)[O-])c1[N+](=O)[O-],C1CCCCC1,cyclic,C1CCCCC1,train
5755,CC(CO)OCC(C)O,0,invitro,CC(O)COC(C)CO,ACYC_C9,acyclic,ACYC_C9,train
5756,C1COC2C1C(CO2)OC(=O)ON3C(=O)CCC3=O,1,invitro,O=C(OC1COC2OCCC12)ON1C(=O)CCC1=O,CC(CC1CCC2CCCC21)CC1C(C)CCC1C,cyclic,CC(CC1CCC2CCCC21)CC1C(C)CCC1C,test
5773,CC1C(O1)P(=O)(O)O.CC(C1=CC=CC=C1)N,0,invitro,CC(N)c1ccccc1.CC1OC1P(=O)(O)O,C1CC1.C1CCCCC1,cyclic,C1CC1.C1CCCCC1,test
5774,CCCCCCCCCCCCCCCCCC(=O)OC(C)C(=O)OC(C)C(=O)[O-].[Na+],0,invitro,CCCCCCCCCCCCCCCCCC(=O)OC(C)C(=O)OC(C)C(=O)[O-].[Na+],ACYC_C3,acyclic,ACYC_C3,train
5784,CC(CCN)CC(C)(C)CN,0,invitro,CC(CCN)CC(C)(C)CN,ACYC_C6,acyclic,ACYC_C6,train
5787,C[Si]1(O[Si](O[Si](O[Si](O1)(C)C=C)(C)C=C)(C)C=C)C=C,0,invitro,C=C[Si]1(C)O[Si](C)(C=C)O[Si](C)(C=C)O[Si](C)(C=C)O1,C1CCCCCCC1,cyclic,C1CCCCCCC1,test
5789,CC(C)CCCCCCCOP(OCCCCCCCC(C)C)OC1=CC=CC=C1,0,invitro,CC(C)CCCCCCCOP(OCCCCCCCC(C)C)Oc1ccccc1,C1CCCCC1,cyclic,C1CCCCC1,train
5790,CCOC(C)OCCC1=CC=CC=C1,0,invitro,CCOC(C)OCCc1ccccc1,C1CCCCC1,cyclic,C1CCCCC1,train
5794,COC(=O)CCCCCCCC=C,0,invitro,C=CCCCCCCCC(=O)OC,ACYC_C18,acyclic,ACYC_C18,train
5799,C1CCCCC(C(C(CCCC1)(Br)Br)(Br)Br)(Br)Br,0,invitro,BrC1(Br)CCCCCCCCCC(Br)(Br)C1(Br)Br,C1CCCCCCCCCCC1,cyclic,C1CCCCCCCCCCC1,train
5801,CC1(CCCC(N1[O])(C)C)C,1,invitro,CC1(C)CCCC(C)(C)N1[O],C1CCCCC1,cyclic,C1CCCCC1,train
5803,C1=CC(=C(N=C1)Cl)OCC(F)(F)F,0,invitro,FC(F)(F)COc1cccnc1Cl,C1CCCCC1,cyclic,C1CCCCC1,train
5804,CC(C)SC1=C(C=CC=N1)CCC(F)(F)F,0,invitro,CC(C)Sc1ncccc1CCC(F)(F)F,C1CCCCC1,cyclic,C1CCCCC1,train
5806,CC(C)(CCO)O,0,invitro,CC(C)(O)CCO,ACYC_C0,acyclic,ACYC_C0,train
5813,CC(COCC(C)(COCC(C)O)COCC(C)O)O,0,invitro,CC(O)COCC(C)(COCC(C)O)COCC(C)O,ACYC_C9,acyclic,ACYC_C9,train
5820,CC1=CC(=CC(=C1C)S(=O)(=O)NCCO)NC2=CC(=C(C3=C2C(=O)C4=CC=CC=C4C3=O)N)S(=O)(=O)[O-].[Na+],0,invitro,Cc1cc(Nc2cc(S(=O)(=O)[O-])c(N)c3c2C(=O)c2ccccc2C3=O)cc(S(=O)(=O)NCCO)c1C.[Na+],CC1C2CCCCC2C(C)C2C(CC3CCCCC3)CCCC12,cyclic,CC1C2CCCCC2C(C)C2C(CC3CCCCC3)CCCC12,train
5828,CC1CN(CCC1(C#N)C2=CC=CC=C2)S(=O)(=O)C3=CC=C(C=C3)C,0,invitro,Cc1ccc(S(=O)(=O)N2CCC(C#N)(c3ccccc3)C(C)C2)cc1,CC(C)(C1CCCCC1)C1CCC(C2CCCCC2)CC1,cyclic,CC(C)(C1CCCCC1)C1CCC(C2CCCCC2)CC1,test
5832,CC(C)(C(=O)OC)N=NC(C)(C)C(=O)OC,1,invitro,COC(=O)C(C)(C)N=NC(C)(C)C(=O)OC,ACYC_C0,acyclic,ACYC_C0,train
5833,CCC=CC#N,0,invitro,CCC=CC#N,ACYC_C32,acyclic,ACYC_C32,train
5850,CCCCCCCCCC[N+](C)(C)[O-],0,invitro,CCCCCCCCCC[N+](C)(C)[O-],ACYC_C13,acyclic,ACYC_C13,train
5851,CC1CCC(C(C1)OC(=O)OCC(C)O)C(C)C,0,invitro,CC(O)COC(=O)OC1CC(C)CCC1C(C)C,C1CCCCC1,cyclic,C1CCCCC1,train
5854,CO[Si](CCCN1C(=O)N(C(=O)N(C1=O)CCC[Si](OC)(OC)OC)CCC[Si](OC)(OC)OC)(OC)OC,0,invitro,CO[Si](CCCn1c(=O)n(CCC[Si](OC)(OC)OC)c(=O)n(CCC[Si](OC)(OC)OC)c1=O)(OC)OC,CC1CC(C)CC(C)C1,cyclic,CC1CC(C)CC(C)C1,test
5866,CCCCCCCCCCCCCCCC(=O)OCC(C1C(C(CO1)O)O)O,0,invitro,CCCCCCCCCCCCCCCC(=O)OCC(O)C1OCC(O)C1O,C1CCCC1,cyclic,C1CCCC1,train
5867,CCCCCCCCC=CCCCCCCCC(=O)OCC(C1C(C(CO1)O)OC(=O)CCCCCCCC=CCCCCCCCC)OC(=O)CCCCCCCC=CCCCCCCCC,0,invitro,CCCCCCCCC=CCCCCCCCC(=O)OCC(OC(=O)CCCCCCCC=CCCCCCCCC)C1OCC(O)C1OC(=O)CCCCCCCC=CCCCCCCCC,C1CCCC1,cyclic,C1CCCC1,train
5879,CC(CCC(=O)O)(C#N)N=NC(C)(CCC(=O)O)C#N,0,invitro,CC(C#N)(CCC(=O)O)N=NC(C)(C#N)CCC(=O)O,ACYC_C0,acyclic,ACYC_C0,train
5886,CCCCCCCC(=O)OCC(CO)O,0,invitro,CCCCCCCC(=O)OCC(O)CO,ACYC_C3,acyclic,ACYC_C3,train
5887,CCN(CCCl)C1=CC=C(C=C1)C=O,1,invitro,CCN(CCCl)c1ccc(C=O)cc1,C1CCCCC1,cyclic,C1CCCCC1,train
5888,COC1=CC(=NC=N1)Cl,0,invitro,COc1cc(Cl)ncn1,C1CCCCC1,cyclic,C1CCCCC1,train
5891,C(=O)(N)NC(=O)[O-].[K+],0,invitro,NC(=O)NC(=O)[O-].[K+],ACYC_C34,acyclic,ACYC_C34,train
5900,CCC=CCCCCCCCCC1CC(=O)OC1=O,0,invitro,CCC=CCCCCCCCCC1CC(=O)OC1=O,CC1CCC(C)C1,cyclic,CC1CCC(C)C1,train
5909,CCCCCCCCC=CCCCCCCCCN(OCCO)OCCO,0,invitro,CCCCCCCCC=CCCCCCCCCN(OCCO)OCCO,ACYC_C8,acyclic,ACYC_C8,train
5910,C=CCCCCCCCCC(=O)NCCOC(=O)CC(C(=O)[O-])S(=O)(=O)[O-].[Na+].[Na+],0,invitro,C=CCCCCCCCCC(=O)NCCOC(=O)CC(C(=O)[O-])S(=O)(=O)[O-].[Na+].[Na+],ACYC_C7,acyclic,ACYC_C7,train
5912,CCCCCCCCCCCCCCCCCC(=O)OCC(C1C(C(CO1)O)OC(=O)CCCCCCCCCCCCCCCCC)OC(=O)CCCCCCCCCCCCCCCCC,0,invitro,CCCCCCCCCCCCCCCCCC(=O)OCC(OC(=O)CCCCCCCCCCCCCCCCC)C1OCC(O)C1OC(=O)CCCCCCCCCCCCCCCCC,C1CCCC1,cyclic,C1CCCC1,train
5916,CC1=C(C=C(C=C1)N2C(=O)N(C2=O)C3=CC(=C(C=C3)C)N=C=O)N=C=O,0,invitro,Cc1ccc(N2C(=O)N(c3ccc(C)c(N=C=O)c3)C2=O)cc1N=C=O,CC1C(C2CCCCC2)C(C)C1C1CCCCC1,cyclic,CC1C(C2CCCCC2)C(C)C1C1CCCCC1,test
5922,CC1CCC(C(C1)OO)C(C)C,0,invitro,CC1CCC(C(C)C)C(OO)C1,C1CCCCC1,cyclic,C1CCCCC1,train
5945,C=CCOC(=O)CCC1CCCCC1,0,invitro,C=CCOC(=O)CCC1CCCCC1,C1CCCCC1,cyclic,C1CCCCC1,train
5946,CC1=CC=C(C=C1)P(=O)(C2=CC=C(C=C2)C)C(=O)C3=C(C=C(C=C3C)C)C,1,invitro,Cc1ccc(P(=O)(C(=O)c2c(C)cc(C)cc2C)c2ccc(C)cc2)cc1,CC(C1CCCCC1)C(C)(C1CCCCC1)C1CCCCC1,cyclic,CC(C1CCCCC1)C(C)(C1CCCCC1)C1CCCCC1,test
5952,C(=O)[O-].C(=O)[O-].C(=O)[O-].[Cr+3],0,invitro,O=C[O-].O=C[O-].O=C[O-].[Cr+3],ACYC_C11,acyclic,ACYC_C11,train
5953,CC(COCC(C)OC(=O)C1=CC=CC=C1)OC(=O)C2=CC=CC=C2,0,invitro,CC(COCC(C)OC(=O)c1ccccc1)OC(=O)c1ccccc1,CC(CCCCCCCC(C)C1CCCCC1)C1CCCCC1,cyclic,CC(CCCCCCCC(C)C1CCCCC1)C1CCCCC1,test
5954,CC1=CC=CC=C1OP(=S)(OC2=CC=CC=C2C)S,0,invitro,Cc1ccccc1OP(=S)(S)Oc1ccccc1C,CC(CC1CCCCC1)CC1CCCCC1,cyclic,CC(CC1CCCCC1)CC1CCCCC1,train
5956,CC(C)CCCCCCCOC(=O)CCCCC(=O)OCCCCCCCC(C)C,0,invitro,CC(C)CCCCCCCOC(=O)CCCCC(=O)OCCCCCCCC(C)C,ACYC_C10,acyclic,ACYC_C10,train
5958,CCCCCCCCCCCC(=O)OCC(C)O,0,invitro,CCCCCCCCCCCC(=O)OCC(C)O,ACYC_C3,acyclic,ACYC_C3,train
5960,CC(C)OP(=S)(OC(C)C)[S-].[Na+],0,invitro,CC(C)OP(=S)([S-])OC(C)C.[Na+],ACYC_C15,acyclic,ACYC_C15,train
5962,CC(C)CC1=CC2=CC=CC=C2C(=C1CC(C)C)S(=O)(=O)[O-].[Na+],0,invitro,CC(C)Cc1cc2ccccc2c(S(=O)(=O)[O-])c1CC(C)C.[Na+],C1CCC2CCCCC2C1,cyclic,C1CCC2CCCCC2C1,train
5966,CCCCC(CC)CO[N+](=O)[O-],0,invitro,CCCCC(CC)CO[N+](=O)[O-],ACYC_C38,acyclic,ACYC_C38,train
5970,[Li+].CCCCCCC(C)(C)C(=O)[O-],0,invitro,CCCCCCC(C)(C)C(=O)[O-].[Li+],ACYC_C37,acyclic,ACYC_C37,train
5975,CCCN1C(=O)C(=CN2C1=NC(=N2)N)C,0,invitro,CCCn1c(=O)c(C)cn2nc(N)nc12,CC1CCC2CCCC2C1,cyclic,CC1CCC2CCCC2C1,test
5979,C1=CC=C(C=C1)NC2=NC(=NC(=N2)N(CCC(=O)N)CCO)NC3=CC(=C(C=C3)C=CC4=C(C=C(C=C4)NC5=NC(=NC(=N5)NC6=CC=CC=C6)N(CCC(=O)N)CCO)S(=O)(=O)[O-])S(=O)(=O)[O-].[Na+].[Na+],0,invitro,NC(=O)CCN(CCO)c1nc(Nc2ccccc2)nc(Nc2ccc(C=Cc3ccc(Nc4nc(Nc5ccccc5)nc(N(CCO)CCC(N)=O)n4)cc3S(=O)(=O)[O-])c(S(=O)(=O)[O-])c2)n1.[Na+].[Na+],C1CCC(CC2CCCC(CC3CCC(CCC4CCC(CC5CCCC(CC6CCCCC6)C5)CC4)CC3)C2)CC1,cyclic,C1CCC(CC2CCCC(CC3CCC(CCC4CCC(CC5CCCC(CC6CCCCC6)C5)CC4)CC3)C2)CC1,train
5995,CCC(=O)OC1CC2CCC1(C2(C)C)C,0,invitro,CCC(=O)OC1CC2CCC1(C)C2(C)C,C1CC2CCC1C2,cyclic,C1CC2CCC1C2,train
6000,CC(C)(C)C1=CC(=CC(=C1O)C(C)(C)C)CN2C(=O)N(C(=O)N(C2=O)CC3=CC(=C(C(=C3)C(C)(C)C)O)C(C)(C)C)CC4=CC(=C(C(=C4)C(C)(C)C)O)C(C)(C)C,0,invitro,CC(C)(C)c1cc(Cn2c(=O)n(Cc3cc(C(C)(C)C)c(O)c(C(C)(C)C)c3)c(=O)n(Cc3cc(C(C)(C)C)c(O)c(C(C)(C)C)c3)c2=O)cc(C(C)(C)C)c1O,CC1C(CC2CCCCC2)C(C)C(CC2CCCCC2)C(C)C1CC1CCCCC1,cyclic,CC1C(CC2CCCCC2)C(C)C(CC2CCCCC2)C(C)C1CC1CCCCC1,test
6004,CC1=CC=CC=C1CC2=CC=CC=C2,0,invitro,Cc1ccccc1Cc1ccccc1,C1CCC(CC2CCCCC2)CC1,cyclic,C1CCC(CC2CCCCC2)CC1,train
6005,CC(C)(C1=NCCN1)N=NC(C)(C)C2=NCCN2.Cl.Cl,1,invitro,CC(C)(N=NC(C)(C)C1=NCCN1)C1=NCCN1.Cl.Cl,C1CCC(CCCCC2CCCC2)C1,cyclic,C1CCC(CCCCC2CCCC2)C1,test
6006,CC(C)(C1=CC(=CC=C1)C(C)(C)N=C=O)N=C=O,0,invitro,CC(C)(N=C=O)c1cccc(C(C)(C)N=C=O)c1,C1CCCCC1,cyclic,C1CCCCC1,train
6012,CC(CO)OC(=O)C(=C)C,1,invitro,C=C(C)C(=O)OC(C)CO,ACYC_C47,acyclic,ACYC_C47,train
6018,CCOC(=O)C=C(C)[O-].CCOC(=O)C=C(C)[O-].CC(C)[O-].CC(C)[O-].[Ti+4],0,invitro,CC(C)[O-].CC(C)[O-].CCOC(=O)C=C(C)[O-].CCOC(=O)C=C(C)[O-].[Ti+4],ACYC_C35,acyclic,ACYC_C35,train
6030,CC1(CCCCC1)OC(=O)C2=CC=CC=C2C(=O)OC3(CCCCC3)C,0,invitro,CC1(OC(=O)c2ccccc2C(=O)OC2(C)CCCCC2)CCCCC1,CC(CC1CCCCC1)C1CCCCC1C(C)CC1CCCCC1,cyclic,CC(CC1CCCCC1)C1CCCCC1C(C)CC1CCCCC1,test
6033,B(F)(F)F.CO,0,invitro,CO.FB(F)F,ACYC_C32,acyclic,ACYC_C32,train
6037,CCCOCCO,0,invitro,CCCOCCO,ACYC_C20,acyclic,ACYC_C20,train
6041,C1=CC=C(C=C1)OC(=O)OCCOC2=C(C3=C(C(=C2)O)C(=O)C4=CC=CC=C4C3=O)N,1,invitro,Nc1c(OCCOC(=O)Oc2ccccc2)cc(O)c2c1C(=O)c1ccccc1C2=O,CC(CCCCC1CCC2C(C)C3CCCCC3C(C)C2C1)CC1CCCCC1,cyclic,CC(CCCCC1CCC2C(C)C3CCCCC3C(C)C2C1)CC1CCCCC1,test
6048,C1CC2C3CCC(C3)C2C1,0,invitro,C1CC2C3CCC(C3)C2C1,C1CC2C3CCC(C3)C2C1,cyclic,C1CC2C3CCC(C3)C2C1,train
6050,CC(C(=O)[O-])O.CC(C(=O)[O-])O.[Ca+2],0,invitro,CC(O)C(=O)[O-].CC(O)C(=O)[O-].[Ca+2],ACYC_C23,acyclic,ACYC_C23,train
6057,CC1=C(C=CC(=C1)O)N,1,invitro,Cc1cc(O)ccc1N,C1CCCCC1,cyclic,C1CCCCC1,train
6061,CNC(=O)C1=NC=CC(=C1)OC2=CC=C(C=C2)NC(=O)NC3=CC(=C(C=C3)Cl)C(F)(F)F,0,invitro,CNC(=O)c1cc(Oc2ccc(NC(=O)Nc3ccc(Cl)c(C(F)(F)F)c3)cc2)ccn1,CC(CC1CCCCC1)CC1CCC(CC2CCCCC2)CC1,cyclic,CC(CC1CCCCC1)CC1CCC(CC2CCCCC2)CC1,test
6062,CNC(=O)C1=NC=CC(=C1)OC2=CC=C(C=C2)N,0,invitro,CNC(=O)c1cc(Oc2ccc(N)cc2)ccn1,C1CCC(CC2CCCCC2)CC1,cyclic,C1CCC(CC2CCCCC2)CC1,train
6066,CC(=C)C(=O)OCC(COC(=O)C(=C)C)O,1,invitro,C=C(C)C(=O)OCC(O)COC(=O)C(=C)C,ACYC_C47,acyclic,ACYC_C47,train
6067,CCCCC(CC)C(=O)OCC(C)(C)COC(=O)C(CC)CCCC,0,invitro,CCCCC(CC)C(=O)OCC(C)(C)COC(=O)C(CC)CCCC,ACYC_C4,acyclic,ACYC_C4,train
6070,C=CC1CCC(C(C1)C=C)C=C,0,invitro,C=CC1CCC(C=C)C(C=C)C1,C1CCCCC1,cyclic,C1CCCCC1,train
6072,CC1=CC2=C(CC(C2)(C)CO)C=C1,0,invitro,Cc1ccc2c(c1)CC(C)(CO)C2,C1CCC2CCCC2C1,cyclic,C1CCC2CCCC2C1,train
6076,C1CCCC=CCCCCCCOC(=O)CCC1,0,invitro,O=C1CCCCCCCC=CCCCCCCO1,CC1CCCCCCCCCCCCCCCC1,cyclic,CC1CCCCCCCCCCCCCCCC1,test
6077,CCOC1C(CCCC1C)C,0,invitro,CCOC1C(C)CCCC1C,C1CCCCC1,cyclic,C1CCCCC1,train
6081,C1CCCC1,0,invitro,C1CCCC1,C1CCCC1,cyclic,C1CCCC1,train
6090,C1=CNN=C1,0,invitro,c1cn[nH]c1,C1CCCC1,cyclic,C1CCCC1,train
6095,CCCCCCCCC=CCCCCCCCCNCCCNCCCN,0,invitro,CCCCCCCCC=CCCCCCCCCNCCCNCCCN,ACYC_C24,acyclic,ACYC_C24,train
6096,C1CC(=O)NC1C(=O)[O-].[Na+],0,invitro,O=C1CCC(C(=O)[O-])N1.[Na+],CC1CCCC1,cyclic,CC1CCCC1,train
6104,CC1=CC2=C(C=C1)OCC(=O)CO2,0,invitro,Cc1ccc2c(c1)OCC(=O)CO2,CC1CCC2CCCCC2CC1,cyclic,CC1CCC2CCCCC2CC1,test
6121,CCOP(=S)(OCC)OC1=NC(=C(C=C1Cl)Cl)Cl,0,invitro,CCOP(=S)(OCC)Oc1nc(Cl)c(Cl)cc1Cl,C1CCCCC1,cyclic,C1CCCCC1,train
6123,C(=O)(C(F)(F)F)[O-].[K+],0,invitro,O=C([O-])C(F)(F)F.[K+],ACYC_C34,acyclic,ACYC_C34,train
6124,CCN(CC)C1=NC(=CC(=N1)OP(=S)(OC)OC)C,0,invitro,CCN(CC)c1nc(C)cc(OP(=S)(OC)OC)n1,C1CCCCC1,cyclic,C1CCCCC1,train
6129,C(CO)N(CCO)CCO.C(C(=O)O)C(CC(=O)O)(C(=O)O)O,0,invitro,O=C(O)CC(O)(CC(=O)O)C(=O)O.OCCN(CCO)CCO,ACYC_C14,acyclic,ACYC_C14,train
6133,C1CCCCCCCCCCC1,0,invitro,C1CCCCCCCCCCC1,C1CCCCCCCCCCC1,cyclic,C1CCCCCCCCCCC1,train
6147,CCCCCCCCCCCCSCCC(=O)OCC(COC(=O)CCSCCCCCCCCCCCC)(COC(=O)CCSCCCCCCCCCCCC)COC(=O)CCSCCCCCCCCCCCC,0,invitro,CCCCCCCCCCCCSCCC(=O)OCC(COC(=O)CCSCCCCCCCCCCCC)(COC(=O)CCSCCCCCCCCCCCC)COC(=O)CCSCCCCCCCCCCCC,ACYC_C1,acyclic,ACYC_C1,train
6158,C1CO[Sb]2OCCO[Sb](O1)OCCO2,1,invitro,C1C[O][Sb]2[O]CC[O][Sb]([O]1)[O]CC[O]2,C1CCC2CCCCC(C1)CCCC2,cyclic,C1CCC2CCCCC(C1)CCCC2,test
6168,CC(C)CCCCCCCOC(=O)CC(C(=O)OCCCCCCCC(C)C)S(=O)(=O)[O-].[Na+],0,invitro,CC(C)CCCCCCCOC(=O)CC(C(=O)OCCCCCCCC(C)C)S(=O)(=O)[O-].[Na+],ACYC_C7,acyclic,ACYC_C7,train
6182,CC(C)(C(=N)N)N=NC(C)(C)C(=N)N.Cl.Cl,0,invitro,CC(C)(N=NC(C)(C)C(=N)N)C(=N)N.Cl.Cl,ACYC_C0,acyclic,ACYC_C0,train
6184,CP1(=O)OCC2(CO1)COP(=O)(OC2)C,0,invitro,CP1(=O)OCC2(CO1)COP(C)(=O)OC2,CC1CCC2(CC1)CCC(C)CC2,cyclic,CC1CCC2(CC1)CCC(C)CC2,test
6188,CC(C)(C)OOC1(CCCCC1)OOC(C)(C)C,0,invitro,CC(C)(C)OOC1(OOC(C)(C)C)CCCCC1,C1CCCCC1,cyclic,C1CCCCC1,train
6198,C1=CC2=C(C(=C1)N3C(=O)C4=C(C3=O)C(=C(C(=C4Cl)Cl)Cl)Cl)N=C(C=C2)C5C(=O)C6=C(C5=O)C(=C(C(=C6Cl)Cl)Cl)Cl,0,invitro,O=C1c2c(Cl)c(Cl)c(Cl)c(Cl)c2C(=O)C1c1ccc2cccc(N3C(=O)c4c(Cl)c(Cl)c(Cl)c(Cl)c4C3=O)c2n1,CC1C2CCCCC2C(C)C1C1CCC2CCCC(C3C(C)C4CCCCC4C3C)C2C1,cyclic,CC1C2CCCCC2C(C)C1C1CCC2CCCC(C3C(C)C4CCCCC4C3C)C2C1,test
6204,CC(C(=O)O)N,0,invitro,CC(N)C(=O)O,ACYC_C23,acyclic,ACYC_C23,train
6207,CCCCCCOC(=O)C1=CC=CC=C1C(=O)C2=C(C=C(C=C2)N(CC)CC)O,0,invitro,CCCCCCOC(=O)c1ccccc1C(=O)c1ccc(N(CC)CC)cc1O,CC(C1CCCCC1)C1CCCCC1,cyclic,CC(C1CCCCC1)C1CCCCC1,train
6212,CN(C)CCN(C)CCN(C)C,0,invitro,CN(C)CCN(C)CCN(C)C,ACYC_C28,acyclic,ACYC_C28,train
6213,CC(C#CC(C)O)O,0,invitro,CC(O)C#CC(C)O,ACYC_C9,acyclic,ACYC_C9,train
6215,CCCC1=CC=C(C=C1)C2=CC(=C(C=C2)C3=CC(=C(C(=C3)F)C(OC4=CC(=C(C(=C4)F)F)F)(F)F)F)F,0,invitro,CCCc1ccc(-c2ccc(-c3cc(F)c(C(F)(F)Oc4cc(F)c(F)c(F)c4)c(F)c3)c(F)c2)cc1,C1CCC(CCC2CCC(C3CCC(C4CCCCC4)CC3)CC2)CC1,cyclic,C1CCC(CCC2CCC(C3CCC(C4CCCCC4)CC3)CC2)CC1,test
6222,C=CS(=O)(=O)[O-].[Na+],0,invitro,C=CS(=O)(=O)[O-].[Na+],ACYC_C33,acyclic,ACYC_C33,train
6226,C1CCN(CC1)CCO,0,invitro,OCCN1CCCCC1,C1CCCCC1,cyclic,C1CCCCC1,train
6231,C1=CC=C(C=C1)N=NC2=CC=C(C=C2)N3C(=O)C4=C5C(=CC=C6C5=C(C=C4)C7=C8C6=CC=C9C8=C(C=C7)C(=O)N(C9=O)C1=CC=C(C=C1)N=NC1=CC=CC=C1)C3=O,0,invitro,O=C1c2ccc3c4ccc5c6c(ccc(c7ccc(c2c37)C(=O)N1c1ccc(N=Nc2ccccc2)cc1)c64)C(=O)N(c1ccc(N=Nc2ccccc2)cc1)C5=O,CC1C2CCC3C4CCC5C(C)C(C6CCC(CCC7CCCCC7)CC6)C(C)C6CCC(C7CCC(C(C)C1C1CCC(CCC8CCCCC8)CC1)C2C37)C4C56,cyclic,CC1C2CCC3C4CCC5C(C)C(C6CCC(CCC7CCCCC7)CC6)C(C)C6CCC(C7CCC(C(C)C1C1CCC(CCC8CCCCC8)CC1)C2C37)C4C56,test
6255,CC(C)(C1=CC(=C(C(=C1)Br)OCC2CO2)Br)C3=CC(=C(C(=C3)Br)OCC4CO4)Br,0,invitro,CC(C)(c1cc(Br)c(OCC2CO2)c(Br)c1)c1cc(Br)c(OCC2CO2)c(Br)c1,C1CC1CCC1CCC(CC2CCC(CCC3CC3)CC2)CC1,cyclic,C1CC1CCC1CCC(CC2CCC(CCC3CC3)CC2)CC1,test
6257,CC1=CC=C(C=C1)N(CCO)CCO,0,invitro,Cc1ccc(N(CCO)CCO)cc1,C1CCCCC1,cyclic,C1CCCCC1,train
6258,CCCCCCCCCCCCCCCCCCNC(=O)C=CC(=O)O,0,invitro,CCCCCCCCCCCCCCCCCCNC(=O)C=CC(=O)O,ACYC_C24,acyclic,ACYC_C24,train
6265,CCC(=O)OC,0,invitro,CCC(=O)OC,ACYC_C18,acyclic,ACYC_C18,train
6271,CCCC[O-].CCCC[O-].CCCC[O-].[Al+3],0,invitro,CCCC[O-].CCCC[O-].CCCC[O-].[Al+3],ACYC_C5,acyclic,ACYC_C5,train
6274,C1=CC2=C(C(=C1)Cl)NC3=CC4=C(C=C3C2=O)NC5=C(C4=O)C=CC=C5Cl,0,invitro,O=c1c2cc3[nH]c4c(Cl)cccc4c(=O)c3cc2[nH]c2c(Cl)cccc12,CC1C2CCCCC2CC2CC3C(CC4CCCCC4C3C)CC21,cyclic,CC1C2CCCCC2CC2CC3C(CC4CCCCC4C3C)CC21,test
6285,CCCCNCCC[Si](OC)(OC)OC,0,invitro,CCCCNCCC[Si](OC)(OC)OC,ACYC_C5,acyclic,ACYC_C5,train
6288,C=CC(=O)OCCCS(=O)(=O)[O-].[K+],0,invitro,C=CC(=O)OCCCS(=O)(=O)[O-].[K+],ACYC_C43,acyclic,ACYC_C43,train
6294,COCCOC(=O)C=C,1,invitro,C=CC(=O)OCCOC,ACYC_C43,acyclic,ACYC_C43,train
6296,CCCCCCCCCCCCCCCCCCC1=CC=CC=C1S(=O)(=O)[O-].[Mg+2],0,invitro,CCCCCCCCCCCCCCCCCCc1ccccc1S(=O)(=O)[O-].[Mg+2],C1CCCCC1,cyclic,C1CCCCC1,train
6301,CCCCCCCC(=O)OCC(C)(C)COC(=O)CCCCCCC,0,invitro,CCCCCCCC(=O)OCC(C)(C)COC(=O)CCCCCCC,ACYC_C1,acyclic,ACYC_C1,train
6308,CCC1=CC(=CC(=C1C(C(=O)N)C(=O)N)CC)C,0,invitro,CCc1cc(C)cc(CC)c1C(C(N)=O)C(N)=O,C1CCCCC1,cyclic,C1CCCCC1,train
6310,CC(C)(C)CC(C)(C)C1=CC(=C(C=C1)O)N2N=C3C=CC=CC3=N2,0,invitro,CC(C)(C)CC(C)(C)c1ccc(O)c(-n2nc3ccccc3n2)c1,C1CCC(C2CC3CCCCC3C2)CC1,cyclic,C1CCC(C2CC3CCCCC3C2)CC1,test
6319,CCCCCCCCCCCCCCCCCC(=O)OCC(CO)O,0,invitro,CCCCCCCCCCCCCCCCCC(=O)OCC(O)CO,ACYC_C3,acyclic,ACYC_C3,train
6321,CCCCCCC(CCCCCCCCCCC(=O)[O-])O.CCCCCCC(CCCCCCCCCCC(=O)[O-])O.[Ca+2],0,invitro,CCCCCCC(O)CCCCCCCCCCC(=O)[O-].CCCCCCC(O)CCCCCCCCCCC(=O)[O-].[Ca+2],ACYC_C37,acyclic,ACYC_C37,train
6324,CCCCC(CC)C(=O)[O-].[K+],0,invitro,CCCCC(CC)C(=O)[O-].[K+],ACYC_C4,acyclic,ACYC_C4,train
6335,CCCCOC(=O)C1=CC=CC=C1N=NC2=C(C(=CC3=CC=CC=C32)C(=O)NC4=CC5=C(C=C4)NC(=O)N5)O,0,invitro,CCCCOC(=O)c1ccccc1N=Nc1c(O)c(C(=O)Nc2ccc3[nH]c(=O)[nH]c3c2)cc2ccccc12,CC1CC2CCC(CC(C)C3CC4CCCCC4C(CCC4CCCCC4)C3)CC2C1,cyclic,CC1CC2CCC(CC(C)C3CC4CCCCC4C(CCC4CCCCC4)C3)CC2C1,train
6344,CC(=O)C(C(=O)NC1=CC2=C(C=C1)NC(=O)N2)N=NC3=CC=CC=C3C(=O)O,0,invitro,CC(=O)C(N=Nc1ccccc1C(=O)O)C(=O)Nc1ccc2[nH]c(=O)[nH]c2c1,CC(CCCC1CCCCC1)CC1CCC2CC(C)CC2C1,cyclic,CC(CCCC1CCCCC1)CC1CCC2CC(C)CC2C1,train
6346,COC(=O)C1=C(C=CC(=C1)F)N,0,invitro,COC(=O)c1cc(F)ccc1N,C1CCCCC1,cyclic,C1CCCCC1,train
6348,CC(=O)N(C)C=C,0,invitro,C=CN(C)C(C)=O,ACYC_C14,acyclic,ACYC_C14,train
6356,C=CS(=O)(=O)CCOCCNC1=NC(=NC(=N1)F)NC2=CC=C(C=C2)N=NC3=CC=C(C=C3)N=NC4=CC5=C(C=C(C=C5S(=O)(=O)[O-])S(=O)(=O)[O-])C(=C4)S(=O)(=O)[O-].[Na+].[Na+].[Na+],1,invitro,C=CS(=O)(=O)CCOCCNc1nc(F)nc(Nc2ccc(N=Nc3ccc(N=Nc4cc(S(=O)(=O)[O-])c5cc(S(=O)(=O)[O-])cc(S(=O)(=O)[O-])c5c4)cc3)cc2)n1.[Na+].[Na+].[Na+],C1CCC(CC2CCC(CCC3CCC(CCC4CCC5CCCCC5C4)CC3)CC2)CC1,cyclic,C1CCC(CC2CCC(CCC3CCC(CCC4CCC5CCCCC5C4)CC3)CC2)CC1,test
6361,CC1=C(C=CC(=C1)O)C(C)C,1,invitro,Cc1cc(O)ccc1C(C)C,C1CCCCC1,cyclic,C1CCCCC1,train
6366,C1=C(OC(=C1)C(=O)O)C(=O)O,0,invitro,O=C(O)c1ccc(C(=O)O)o1,C1CCCC1,cyclic,C1CCCC1,train
6370,CC(C)(CN)C(=O)N,0,invitro,CC(C)(CN)C(N)=O,ACYC_C14,acyclic,ACYC_C14,train
6378,C(CN1C(=O)C2=C(C1=O)C(=C(C(=C2Br)Br)Br)Br)N3C(=O)C4=C(C3=O)C(=C(C(=C4Br)Br)Br)Br,0,invitro,O=C1c2c(Br)c(Br)c(Br)c(Br)c2C(=O)N1CCN1C(=O)c2c(Br)c(Br)c(Br)c(Br)c2C1=O,CC1C(CCC2C(C)C3CCCCC3C2C)C(C)C2CCCCC12,cyclic,CC1C(CCC2C(C)C3CCCCC3C2C)C(C)C2CCCCC12,test
6390,C[Si](C)O[Si](C)C,0,invitro,C[Si](C)O[Si](C)C,ACYC_C32,acyclic,ACYC_C32,train
6398,CN(C1CCCCC1)S(=O)(=O)C2=CC=CC=C2N=NC3=C(C=CC4=CC(=CC(=C43)O)S(=O)(=O)[O-])N.[Na+],0,invitro,CN(C1CCCCC1)S(=O)(=O)c1ccccc1N=Nc1c(N)ccc2cc(S(=O)(=O)[O-])cc(O)c12.[Na+],CC(C)(CC1CCCCC1)C1CCCCC1CCC1CCCC2CCCCC21,cyclic,CC(C)(CC1CCCCC1)C1CCCCC1CCC1CCCC2CCCCC21,test
6408,CCC(COC(=O)CCS)(COC(=O)CCS)COC(=O)CCS,0,invitro,CCC(COC(=O)CCS)(COC(=O)CCS)COC(=O)CCS,ACYC_C1,acyclic,ACYC_C1,train
6413,C1=CC=C(C=C1)C2=NOC(=N2)C3=CC=CS3,0,invitro,c1ccc(-c2noc(-c3cccs3)n2)cc1,C1CCC(C2CCC(C3CCCC3)C2)CC1,cyclic,C1CCC(C2CCC(C3CCCC3)C2)CC1,test
6418,C1=CC=C2C(=C1)C3=NC4=C5C=CC=CC5=C([N-]4)N=C6C7=CC=CC=C7C(=N6)N=C8C9=CC=CC=C9C(=N8)N=C2[N-]3.[Co+2],0,invitro,[Co+2].c1ccc2c(c1)-c1nc3nc(nc4[n-]c(nc5[n-]c(nc-2n1)c1ccccc51)c1ccccc41)-c1ccccc1-3,C1CCC2C3CC(CC4CC(CC5CC(CC6CC(C3)C3CCCCC63)C3CCCCC53)C3CCCCC43)C2C1,cyclic,C1CCC2C3CC(CC4CC(CC5CC(CC6CC(C3)C3CCCCC63)C3CCCCC53)C3CCCCC43)C2C1,train
6422,C[N+](C)(C)CC(CCl)O.[Cl-],1,invitro,C[N+](C)(C)CC(O)CCl.[Cl-],ACYC_C21,acyclic,ACYC_C21,train
6424,C(#N)[S-].[K+],0,invitro,N#C[S-].[K+],ACYC_C42,acyclic,ACYC_C42,train
6427,C1C2=CC=CC=C2N(C1=O)C3=CC=CC=C3,0,invitro,O=C1Cc2ccccc2N1c1ccccc1,CC1CC2CCCCC2C1C1CCCCC1,cyclic,CC1CC2CCCCC2C1C1CCCCC1,test
6428,CCOP(=S)(OCC)[S-].[Na+],0,invitro,CCOP(=S)([S-])OCC.[Na+],ACYC_C15,acyclic,ACYC_C15,train
6429,CCCCCCCCCC(=O)O,0,invitro,CCCCCCCCCC(=O)O,ACYC_C12,acyclic,ACYC_C12,train
6439,CCC(C)OP(=S)(OC(C)CC)[S-].[Na+],0,invitro,CCC(C)OP(=S)([S-])OC(C)CC.[Na+],ACYC_C15,acyclic,ACYC_C15,train
6442,CC(C)CCCCCCOC(=O)CCCCC(=O)OCCCCCCC(C)C,0,invitro,CC(C)CCCCCCOC(=O)CCCCC(=O)OCCCCCCC(C)C,ACYC_C10,acyclic,ACYC_C10,train
6450,C1=CC(=CC=C1OC2=C(C=C(C=C2)Cl)O)Cl,0,invitro,Oc1cc(Cl)ccc1Oc1ccc(Cl)cc1,C1CCC(CC2CCCCC2)CC1,cyclic,C1CCC(CC2CCCCC2)CC1,train
6454,CC1(C2CC=C(C1C2)CCC=O)C,0,invitro,CC1(C)C2CC=C(CCC=O)C1C2,C1CC2CC(C1)C2,cyclic,C1CC2CC(C1)C2,test
6466,CCCCC(CC)C(=O)[O-].[Mo],0,invitro,CCCCC(CC)C(=O)[O-].[Mo],ACYC_C4,acyclic,ACYC_C4,train
6468,CC1C2CC(C1(C)C)CC2C3CCCC(C3)O,0,invitro,CC1C2CC(CC2C2CCCC(O)C2)C1(C)C,C1CCC(C2CC3CCC2C3)CC1,cyclic,C1CCC(C2CC3CCC2C3)CC1,test
6470,CCCCCCCCC=CCCCCCCCCNCCCN.CCCCCCCCC=CCCCCCCCC(=O)O.CCCCCCCCC=CCCCCCCCC(=O)O,0,invitro,CCCCCCCCC=CCCCCCCCC(=O)O.CCCCCCCCC=CCCCCCCCC(=O)O.CCCCCCCCC=CCCCCCCCCNCCCN,ACYC_C24,acyclic,ACYC_C24,train
6481,CCCCCCCCCCCC(=O)OCCCCCC,0,invitro,CCCCCCCCCCCC(=O)OCCCCCC,ACYC_C31,acyclic,ACYC_C31,train
6491,C1CC(=O)N(C1)CCO,0,invitro,O=C1CCCN1CCO,CC1CCCC1,cyclic,CC1CCCC1,train
6492,CCCCOC(=O)C(C)O,0,invitro,CCCCOC(=O)C(C)O,ACYC_C23,acyclic,ACYC_C23,train
6508,C1=CC=C2C(=C1)C(=NC2=N)N,0,invitro,N=C1N=C(N)c2ccccc21,CC1CCC2CCCCC12,cyclic,CC1CCC2CCCCC12,test
6513,CCC(COC(=O)C=CC=CC)(COC(=O)C=CC=CC)COC(=O)C=CC=CC,0,invitro,CC=CC=CC(=O)OCC(CC)(COC(=O)C=CC=CC)COC(=O)C=CC=CC,ACYC_C1,acyclic,ACYC_C1,train
6518,CC(=O)C1=CC(=CC=C1)C(F)(F)F,0,invitro,CC(=O)c1cccc(C(F)(F)F)c1,C1CCCCC1,cyclic,C1CCCCC1,train
6519,C(=O)[O-].[Cs+],0,invitro,O=C[O-].[Cs+],ACYC_C11,acyclic,ACYC_C11,train
6535,CC1(CC(CC(C1)(C)CNC(=O)OCCOCCN(C)C)NC(=O)OCCOCCN(C)C)C,0,invitro,CN(C)CCOCCOC(=O)NCC1(C)CC(NC(=O)OCCOCCN(C)C)CC(C)(C)C1,C1CCCCC1,cyclic,C1CCCCC1,train
6547,CC1=NN(C(=O)C1N=NC2=C(C=C(C=C2)C3=CC(=C(C=C3)N=NC4C(=NN(C4=O)C5=CC=CC=C5)C)Cl)Cl)C6=CC=CC=C6,0,invitro,CC1=NN(c2ccccc2)C(=O)C1N=Nc1ccc(-c2ccc(N=NC3C(=O)N(c4ccccc4)N=C3C)c(Cl)c2)cc1Cl,CC1C(CCC2CCC(C3CCC(CCC4CCC(C5CCCCC5)C4C)CC3)CC2)CCC1C1CCCCC1,cyclic,CC1C(CCC2CCC(C3CCC(CCC4CCC(C5CCCCC5)C4C)CC3)CC2)CCC1C1CCCCC1,train
6549,B(C1=C(C(=CC=C1)OC)F)(O)O,0,invitro,COc1cccc(B(O)O)c1F,C1CCCCC1,cyclic,C1CCCCC1,train
6554,CCC(C)NCCO,0,invitro,CCC(C)NCCO,ACYC_C6,acyclic,ACYC_C6,train
6557,CCCOC(=O)C1=CC=C(C=C1)[O-].[Na+],0,invitro,CCCOC(=O)c1ccc([O-])cc1.[Na+],C1CCCCC1,cyclic,C1CCCCC1,train
6558,B(F)(F)F.COC,0,invitro,COC.FB(F)F,ACYC_C32,acyclic,ACYC_C32,train
6560,C1=C(C2=NC(=CN2C=C1C(F)(F)F)C(=O)O)Cl,1,invitro,O=C(O)c1cn2cc(C(F)(F)F)cc(Cl)c2n1,C1CCC2CCCC2C1,cyclic,C1CCC2CCCC2C1,train
6575,CC(=C)C(=O)OCC(C(C(C(F)F)(F)F)(F)F)(F)F,0,invitro,C=C(C)C(=O)OCC(F)(F)C(F)(F)C(F)(F)C(F)F,ACYC_C47,acyclic,ACYC_C47,train
6578,COCCC1=CC=CC=C1,0,invitro,COCCc1ccccc1,C1CCCCC1,cyclic,C1CCCCC1,train
6582,CCCCCCCCCCCCCCCCCCNC(=O)NCCCNC(=O)NCCCCCCCCCCCCCCCCCC,0,invitro,CCCCCCCCCCCCCCCCCCNC(=O)NCCCNC(=O)NCCCCCCCCCCCCCCCCCC,ACYC_C24,acyclic,ACYC_C24,train
6583,C(CSCCS)S,0,invitro,SCCSCCS,ACYC_C32,acyclic,ACYC_C32,train
6587,CCCCCCCCCCCCCCCCCCCCCC(=O)[O-].CCCCCCCCCCCCCCCCCCCCCC(=O)[O-].[Ca+2],0,invitro,CCCCCCCCCCCCCCCCCCCCCC(=O)[O-].CCCCCCCCCCCCCCCCCCCCCC(=O)[O-].[Ca+2],ACYC_C37,acyclic,ACYC_C37,train
6590,CC[P+](C1=CC=CC=C1)(C2=CC=CC=C2)C3=CC=CC=C3.CC(=O)[O-],0,invitro,CC(=O)[O-].CC[P+](c1ccccc1)(c1ccccc1)c1ccccc1,C1CCC(C(C2CCCCC2)C2CCCCC2)CC1,cyclic,C1CCC(C(C2CCCCC2)C2CCCCC2)CC1,train
6595,C1=CC=C2C(=C1)C=C(C(=C2N=NC3=C(C=C(C=C3)Cl)[N+](=O)[O-])O)C(=O)NC4=CC(=C(C=C4)NC(=O)C5=CC6=CC=CC=C6C(=C5O)N=NC7=C(C=C(C=C7)Cl)[N+](=O)[O-])Cl,0,invitro,O=C(Nc1ccc(NC(=O)c2cc3ccccc3c(N=Nc3ccc(Cl)cc3[N+](=O)[O-])c2O)c(Cl)c1)c1cc2ccccc2c(N=Nc2ccc(Cl)cc2[N+](=O)[O-])c1O,CC(CC1CCC(CC(C)C2CC3CCCCC3C(CCC3CCCCC3)C2)CC1)C1CC2CCCCC2C(CCC2CCCCC2)C1,cyclic,CC(CC1CCC(CC(C)C2CC3CCCCC3C(CCC3CCCCC3)C2)CC1)C1CC2CCCCC2C(CCC2CCCCC2)C1,train
6599,C1=CC=C2C(=C1)C3=CC=CC=C3[P+](=O)O2,0,invitro,O=[p+]1oc2ccccc2c2ccccc21,CC1CC2CCCCC2C2CCCCC12,cyclic,CC1CC2CCCCC2C2CCCCC12,test
6601,CCCCCCCCCCCCOC(=O)CCCCCCCC=CCCCCCCCC,0,invitro,CCCCCCCCC=CCCCCCCCC(=O)OCCCCCCCCCCCC,ACYC_C31,acyclic,ACYC_C31,train
6608,CC(C(C(C(C=O)O)O)O)O,0,invitro,CC(O)C(O)C(O)C(O)C=O,ACYC_C36,acyclic,ACYC_C36,train
6617,CCCCCCCCC=CCCCCCCCC(=O)N(C)CC(=O)[O-].[Na+],0,invitro,CCCCCCCCC=CCCCCCCCC(=O)N(C)CC(=O)[O-].[Na+],ACYC_C45,acyclic,ACYC_C45,train
6621,CCOC(=C)C1C(CC(=O)CC1(C)C)(C)C,0,invitro,C=C(OCC)C1C(C)(C)CC(=O)CC1(C)C,CC1CCCCC1,cyclic,CC1CCCCC1,train
6632,CCCCCCCCCCCC(=O)O[Sn](CCCCCCCC)(CCCCCCCC)OC(=O)CCCCCCCCCCC,0,invitro,CCCCCCCCCCCC(=O)[O][Sn]([CH2]CCCCCCC)([CH2]CCCCCCC)[O]C(=O)CCCCCCCCCCC,ACYC_C18,acyclic,ACYC_C18,train
6637,CC1=C(C(=O)N(N1)C)C(=O)C2=C(C=C(C=C2)C(F)(F)F)S(=O)(=O)C,0,invitro,Cc1[nH]n(C)c(=O)c1C(=O)c1ccc(C(F)(F)F)cc1S(C)(=O)=O,CC1CCCC1C(C)C1CCCCC1,cyclic,CC1CCCC1C(C)C1CCCCC1,test
6638,CC1C(C2=C(C1(C)C)C3C(CC2)COCO3)(C)C,0,invitro,CC1C(C)(C)C2=C(C3OCOCC3CC2)C1(C)C,C1CCC2C(C1)CCC1CCCC12,cyclic,C1CCC2C(C1)CCC1CCCC12,test
6644,CCCCCCCCCCCCCCCCO,0,invitro,CCCCCCCCCCCCCCCCO,ACYC_C8,acyclic,ACYC_C8,train
6647,C[N+](C)(C)CC(CC(=O)O)O.C[N+](C)(C)CC(CC(=O)O)O.C(C(C(=O)[O-])O)(C(=O)[O-])O,0,invitro,C[N+](C)(C)CC(O)CC(=O)O.C[N+](C)(C)CC(O)CC(=O)O.O=C([O-])C(O)C(O)C(=O)[O-],ACYC_C21,acyclic,ACYC_C21,train
6655,CCC=CCCOC(=O)C,0,invitro,CCC=CCCOC(C)=O,ACYC_C8,acyclic,ACYC_C8,train
6656,CCCCCCCCC=CCCCCCCCCOC(=O)CCCCCCCC=CCCCCCCCC,0,invitro,CCCCCCCCC=CCCCCCCCCOC(=O)CCCCCCCC=CCCCCCCCC,ACYC_C31,acyclic,ACYC_C31,train
6658,CCCCCCCCCC1=CC(=CC=C1)NC2=CC=CC(=C2)CCCCCCCCC,0,invitro,CCCCCCCCCc1cccc(Nc2cccc(CCCCCCCCC)c2)c1,C1CCC(CC2CCCCC2)CC1,cyclic,C1CCC(CC2CCCCC2)CC1,train
6662,C1CN(C(=O)N1)CCO,0,invitro,O=C1NCCN1CCO,CC1CCCC1,cyclic,CC1CCCC1,train
6664,CCN1C=C[N+](=C1)C.C(=[N-])=NC#N,0,invitro,CCn1cc[n+](C)c1.N#CN=C=[N-],C1CCCC1,cyclic,C1CCCC1,train
6671,CCCCCCC1C(CCC1=O)C(=O)OC,0,invitro,CCCCCCC1C(=O)CCC1C(=O)OC,CC1CCCC1,cyclic,CC1CCCC1,train
6672,CC(CN(CC(C)O)C1=NC(=NC(=N1)NC2=C(C=CC(=C2)S(=O)(=O)[O-])S(=O)(=O)[O-])NC3=CC(=C(C=C3)C=CC4=C(C=C(C=C4)NC5=NC(=NC(=N5)N(CC(C)O)CC(C)O)NC6=C(C=CC(=C6)S(=O)(=O)[O-])S(=O)(=O)[O-])S(=O)(=O)[O-])S(=O)(=O)[O-])O.[Na+].[Na+].[Na+].[Na+].[Na+].[Na+],0,invitro,CC(O)CN(CC(C)O)c1nc(Nc2ccc(C=Cc3ccc(Nc4nc(Nc5cc(S(=O)(=O)[O-])ccc5S(=O)(=O)[O-])nc(N(CC(C)O)CC(C)O)n4)cc3S(=O)(=O)[O-])c(S(=O)(=O)[O-])c2)nc(Nc2cc(S(=O)(=O)[O-])ccc2S(=O)(=O)[O-])n1.[Na+].[Na+].[Na+].[Na+].[Na+].[Na+],C1CCC(CC2CCCC(CC3CCC(CCC4CCC(CC5CCCC(CC6CCCCC6)C5)CC4)CC3)C2)CC1,cyclic,C1CCC(CC2CCCC(CC3CCC(CCC4CCC(CC5CCCC(CC6CCCCC6)C5)CC4)CC3)C2)CC1,train
6674,C1=CC=C2C(=C1)C(=O)N(C2=O)CCOC(=O)COC(=O)CCNC3=C(C=C(C=C3)N=NC4=CC=C(C=C4)[N+](=O)[O-])Cl,0,invitro,O=C(CCNc1ccc(N=Nc2ccc([N+](=O)[O-])cc2)cc1Cl)OCC(=O)OCCN1C(=O)c2ccccc2C1=O,CC(CCCC1CCC(CCC2CCCCC2)CC1)CCC(C)CCCC1C(C)C2CCCCC2C1C,cyclic,CC(CCCC1CCC(CCC2CCCCC2)CC1)CCC(C)CCCC1C(C)C2CCCCC2C1C,test
6675,C=CS(=O)(=O)C1=CC=C(C=C1)N=NC2=C(C=C3C=C(C(=C(C3=C2N)O)N=NC4=C(C=C(C=C4)S(=O)(=O)C=C)S(=O)(=O)[O-])S(=O)(=O)[O-])S(=O)(=O)[O-].[Na+].[Na+].[Na+],0,invitro,C=CS(=O)(=O)c1ccc(N=Nc2c(S(=O)(=O)[O-])cc3cc(S(=O)(=O)[O-])c(N=Nc4ccc(S(=O)(=O)C=C)cc4S(=O)(=O)[O-])c(O)c3c2N)cc1.[Na+].[Na+].[Na+],C1CCC(CCC2CCC3CCC(CCC4CCCCC4)CC3C2)CC1,cyclic,C1CCC(CCC2CCC3CCC(CCC4CCCCC4)CC3C2)CC1,test
6684,CC(=O)CC(C)(C)OO,0,invitro,CC(=O)CC(C)(C)OO,ACYC_C14,acyclic,ACYC_C14,train
6686,CC(CO)OCC(C)OCC(C)OCCN(CCOCC(C)OCC(C)OCC(C)O)CCOCC(C)OCC(C)OCC(C)O,0,invitro,CC(O)COC(C)COC(C)COCCN(CCOCC(C)OCC(C)OCC(C)O)CCOC(C)COC(C)COC(C)CO,ACYC_C9,acyclic,ACYC_C9,train
6691,CC(C)CCCCCCCO.C(C(C(=O)O)S(=O)(=O)O)C(=O)O.[Na+].[Na+],0,invitro,CC(C)CCCCCCCO.O=C(O)CC(C(=O)O)S(=O)(=O)O.[Na+].[Na+],ACYC_C10,acyclic,ACYC_C10,train
6692,CC(=O)[O-].CC(=O)[O-].[Ni+2],0,invitro,CC(=O)[O-].CC(=O)[O-].[Ni+2],ACYC_C34,acyclic,ACYC_C34,train
6694,B(F)(F)F.CC(=O)O.CC(=O)O,0,invitro,CC(=O)O.CC(=O)O.FB(F)F,ACYC_C32,acyclic,ACYC_C32,train
6695,CCCCCCCCC=CCCCCCCCCO.OP(=O)(O)O,0,invitro,CCCCCCCCC=CCCCCCCCCO.O=P(O)(O)O,ACYC_C8,acyclic,ACYC_C8,train
6701,CC1(CCCC2(C1CCC3(C2CCO3)C)C)C,0,invitro,CC1(C)CCCC2(C)C1CCC1(C)OCCC12,C1CCC2C(C1)CCC1CCCC12,cyclic,C1CCC2C(C1)CCC1CCCC12,test
6706,C1(=C(C(=C(C(=C1I)N)I)C(=O)Cl)I)C(=O)Cl,1,invitro,Nc1c(I)c(C(=O)Cl)c(I)c(C(=O)Cl)c1I,C1CCCCC1,cyclic,C1CCCCC1,train
6707,COC(=O)C1CCCO1,0,invitro,COC(=O)C1CCCO1,C1CCCC1,cyclic,C1CCCC1,train
6709,CC(=C)C1=CC(=CC=C1)C(=C)C,0,invitro,C=C(C)c1cccc(C(=C)C)c1,C1CCCCC1,cyclic,C1CCCCC1,train
6725,C1=CC2=C(C=CC(=C2[O-])[N+]#N)C(=C1)S(=O)(=O)Cl,0,invitro,N#[N+]c1ccc2c(S(=O)(=O)Cl)cccc2c1[O-],C1CCC2CCCCC2C1,cyclic,C1CCC2CCCCC2C1,train
6728,CC(=O)OCC(=C)COC(=O)C,1,invitro,C=C(COC(C)=O)COC(C)=O,ACYC_C48,acyclic,ACYC_C48,train
6729,CC(=C)C(=O)OCCNC(C)(C)C,0,invitro,C=C(C)C(=O)OCCNC(C)(C)C,ACYC_C47,acyclic,ACYC_C47,train
6732,CCCCCCCCCCCC(=O)OCC(C)C,0,invitro,CCCCCCCCCCCC(=O)OCC(C)C,ACYC_C3,acyclic,ACYC_C3,train
6737,CCCCCCCCC(CCCCCC)C(=O)OCC(=O)NC1=CC=C(C=C1)C2=NN3C(=N2)C(=C(N3)C(C)(C)C)Cl,0,invitro,CCCCCCCCC(CCCCCC)C(=O)OCC(=O)Nc1ccc(-c2nc3c(Cl)c(C(C)(C)C)[nH]n3n2)cc1,C1CCC(C2CC3CCCC3C2)CC1,cyclic,C1CCC(C2CC3CCCC3C2)CC1,test
6745,CCC(CC)CC1(CCCCC1)C(=O)O,0,invitro,CCC(CC)CC1(C(=O)O)CCCCC1,C1CCCCC1,cyclic,C1CCCCC1,train
6758,CN(C)CCCN(C)CCCN(C)C,0,invitro,CN(C)CCCN(C)CCCN(C)C,ACYC_C28,acyclic,ACYC_C28,train
6765,CC1=CC=C(C=C1)N(CC(C)O)CC(C)O,0,invitro,Cc1ccc(N(CC(C)O)CC(C)O)cc1,C1CCCCC1,cyclic,C1CCCCC1,train
6772,CC(C1=CC=CC=C1)C2=CC=CC=C2,0,invitro,CC(c1ccccc1)c1ccccc1,C1CCC(CC2CCCCC2)CC1,cyclic,C1CCC(CC2CCCCC2)CC1,train
6773,[Li+].[Li+].C(CCCC(=O)[O-])CCCC(=O)[O-],0,invitro,O=C([O-])CCCCCCCC(=O)[O-].[Li+].[Li+],ACYC_C37,acyclic,ACYC_C37,train
6774,CCOC(C)OC1CCCCCCCCCCC1,0,invitro,CCOC(C)OC1CCCCCCCCCCC1,C1CCCCCCCCCCC1,cyclic,C1CCCCCCCCCCC1,train
6782,C1=CC=C2C(=C1)C=C(C(=C2N=NC3=C(C=CC(=C3)Cl)Cl)O)C(=O)NC4=CC=C(C=C4)NC(=O)C5=CC6=CC=CC=C6C(=C5O)N=NC7=C(C=CC(=C7)Cl)Cl,0,invitro,O=C(Nc1ccc(NC(=O)c2cc3ccccc3c(N=Nc3cc(Cl)ccc3Cl)c2O)cc1)c1cc2ccccc2c(N=Nc2cc(Cl)ccc2Cl)c1O,CC(CC1CCC(CC(C)C2CC3CCCCC3C(CCC3CCCCC3)C2)CC1)C1CC2CCCCC2C(CCC2CCCCC2)C1,cyclic,CC(CC1CCC(CC(C)C2CC3CCCCC3C(CCC3CCCCC3)C2)CC1)C1CC2CCCCC2C(CCC2CCCCC2)C1,train
6786,CCO[P+](=O)[O-].[Na+],0,invitro,CCO[P+](=O)[O-].[Na+],ACYC_C32,acyclic,ACYC_C32,train
6787,C1=CC=[N+](C=C1)CC(CS(=O)(=O)[O-])O,0,invitro,O=S(=O)([O-])CC(O)C[n+]1ccccc1,C1CCCCC1,cyclic,C1CCCCC1,train
6789,CCC=CCCCCCCCC(=O)OC,0,invitro,CCC=CCCCCCCCC(=O)OC,ACYC_C18,acyclic,ACYC_C18,train
6791,CN1C(C(N(C1=O)C)O)O,0,invitro,CN1C(=O)N(C)C(O)C1O,CC1CCCC1,cyclic,CC1CCCC1,train
6795,[OH-].[O-]S(=O)(=O)[O-].[Al].[Cl-],0,invitro,O=S(=O)([O-])[O-].[Al].[Cl-].[OH-],ACYC_C33,acyclic,ACYC_C33,train
6796,[OH-].[OH-].[OH-].[OH-].[O-][Ti](=O)[O-].[Mg+2].[Mg+2].[Mg+2].[K+].[K+].[K+].[K+].[Ti],0,invitro,[K+].[K+].[K+].[K+].[Mg+2].[Mg+2].[Mg+2].[OH-].[OH-].[OH-].[OH-].[O]=[Ti]([O-])[O-].[Ti],ACYC_C11,acyclic,ACYC_C11,train
6798,[Li+].[O-2].[O-2].[O-2].[K+].[Ti+4],0,invitro,[K+].[Li+].[O-2].[O-2].[O-2].[Ti+4],ACYC_C40,acyclic,ACYC_C40,train
6800,CCCCCCCCCCCCOP(=O)([O-])[O-].[K+].[K+],0,invitro,CCCCCCCCCCCCOP(=O)([O-])[O-].[K+].[K+],ACYC_C5,acyclic,ACYC_C5,train
6808,C1CNCCC1(C2=CC=C(C=C2)Cl)O,0,invitro,OC1(c2ccc(Cl)cc2)CCNCC1,C1CCC(C2CCCCC2)CC1,cyclic,C1CCC(C2CCCCC2)CC1,train
6812,CC12CCC3C(C1CCC2=O)CCC4=C3CCC(=O)C4,0,invitro,CC12CCC3C4=C(CCC3C1CCC2=O)CC(=O)CC4,CC1CCC2C(CCC3C4CCC(C)C4CCC23)C1,cyclic,CC1CCC2C(CCC3C4CCC(C)C4CCC23)C1,test
6819,C1=CC(=C(C=C1O)F)N,1,invitro,Nc1ccc(O)cc1F,C1CCCCC1,cyclic,C1CCCCC1,train
6828,C(C(C(=O)CO)O)O,0,invitro,O=C(CO)C(O)CO,ACYC_C14,acyclic,ACYC_C14,train
6846,CCOC(=O)OCCOC1=C(C2=C(C(=C1)O)C(=O)C3=CC=CC=C3C2=O)N,1,invitro,CCOC(=O)OCCOc1cc(O)c2c(c1N)C(=O)c1ccccc1C2=O,CC1C2CCCCC2C(C)C2CCCCC12,cyclic,CC1C2CCCCC2C(C)C2CCCCC12,train
6851,C(C(F)(F)F)OC(C(F)F)(F)F,0,invitro,FC(F)C(F)(F)OCC(F)(F)F,ACYC_C30,acyclic,ACYC_C30,train
6855,C1=CC=C2C(=C1)C=C(C(=C2N=NC3=C(C=CC(=C3)Cl)Cl)O)C(=O)NC4=CC(=C(C=C4Cl)NC(=O)C5=CC6=CC=CC=C6C(=C5O)N=NC7=C(C=CC(=C7)Cl)Cl)Cl,0,invitro,O=C(Nc1cc(Cl)c(NC(=O)c2cc3ccccc3c(N=Nc3cc(Cl)ccc3Cl)c2O)cc1Cl)c1cc2ccccc2c(N=Nc2cc(Cl)ccc2Cl)c1O,CC(CC1CCC(CC(C)C2CC3CCCCC3C(CCC3CCCCC3)C2)CC1)C1CC2CCCCC2C(CCC2CCCCC2)C1,cyclic,CC(CC1CCC(CC(C)C2CC3CCCCC3C(CCC3CCCCC3)C2)CC1)C1CC2CCCCC2C(CCC2CCCCC2)C1,train
6858,CC1=CC(=C(C(=C1)C2CCCCC2)O)CC3=C(C(=CC(=C3)C)C4CCCCC4)O,0,invitro,Cc1cc(Cc2cc(C)cc(C3CCCCC3)c2O)c(O)c(C2CCCCC2)c1,C1CCC(C2CCCC(CC3CCCC(C4CCCCC4)C3)C2)CC1,cyclic,C1CCC(C2CCCC(CC3CCCC(C4CCCCC4)C3)C2)CC1,test
6874,CC(=O)NC1CC(NC(C1)(C)C)(C)C,0,invitro,CC(=O)NC1CC(C)(C)NC(C)(C)C1,C1CCCCC1,cyclic,C1CCCCC1,train
6881,CC1=C(C(=O)N2C=CC=CC2=N1)CCCl,0,invitro,Cc1nc2ccccn2c(=O)c1CCCl,CC1CCCC2CCCCC12,cyclic,CC1CCCC2CCCCC12,test
6883,CCN(CC)C1=NC(=NC(=N1)NC2=C(C=CC(=C2)S(=O)(=O)[O-])S(=O)(=O)[O-])NC3=CC(=C(C=C3)C=CC4=C(C=C(C=C4)NC5=NC(=NC(=N5)N(CC)CC)NC6=C(C=CC(=C6)S(=O)(=O)[O-])S(=O)(=O)[O-])S(=O)(=O)[O-])S(=O)(=O)[O-].[Na+].[Na+].[Na+].[Na+].[Na+].[Na+],0,invitro,CCN(CC)c1nc(Nc2ccc(C=Cc3ccc(Nc4nc(Nc5cc(S(=O)(=O)[O-])ccc5S(=O)(=O)[O-])nc(N(CC)CC)n4)cc3S(=O)(=O)[O-])c(S(=O)(=O)[O-])c2)nc(Nc2cc(S(=O)(=O)[O-])ccc2S(=O)(=O)[O-])n1.[Na+].[Na+].[Na+].[Na+].[Na+].[Na+],C1CCC(CC2CCCC(CC3CCC(CCC4CCC(CC5CCCC(CC6CCCCC6)C5)CC4)CC3)C2)CC1,cyclic,C1CCC(CC2CCCC(CC3CCC(CCC4CCC(CC5CCCC(CC6CCCCC6)C5)CC4)CC3)C2)CC1,train
6886,CCCSP(=O)(OCC)OC1=C(C=C(C=C1)Br)Cl,0,invitro,CCCSP(=O)(OCC)Oc1ccc(Br)cc1Cl,C1CCCCC1,cyclic,C1CCCCC1,train
6892,CC(=O)[O-].CN(C)C1=CC=C(C=C1)C(=C2C=CC(=[N+](C)C)C=C2)C3=CC=CC=C3,0,invitro,CC(=O)[O-].CN(C)c1ccc(C(=C2C=CC(=[N+](C)C)C=C2)c2ccccc2)cc1,[CH]C1CCC(C(C2CCCCC2)C2CCCCC2)CC1,cyclic,[CH]C1CCC(C(C2CCCCC2)C2CCCCC2)CC1,test
6898,CCCCCCCCC(=O)OCC(C)OC(=O)CCCCCCCC,0,invitro,CCCCCCCCC(=O)OCC(C)OC(=O)CCCCCCCC,ACYC_C3,acyclic,ACYC_C3,train
6899,CCOC(=O)C1=CC(=NC=C1)C(=O)OCC,1,invitro,CCOC(=O)c1ccnc(C(=O)OCC)c1,C1CCCCC1,cyclic,C1CCCCC1,train
6909,CC(C)CCCCCCCCCCCCCCCOC(=O)CCCCCCCCCCCCCCC(C)C,0,invitro,CC(C)CCCCCCCCCCCCCCCOC(=O)CCCCCCCCCCCCCCC(C)C,ACYC_C10,acyclic,ACYC_C10,train
6915,CC(CCCC(C)(C)OC)C(C)O,0,invitro,COC(C)(C)CCCC(C)C(C)O,ACYC_C0,acyclic,ACYC_C0,train
6918,C1=CC=C(C=C1)NC2=NC(=NC(=N2)N(CCO)CCO)NC3=CC(=C(C=C3)C=CC4=C(C=C(C=C4)NC5=NC(=NC(=N5)NC6=CC=CC=C6)N(CCO)CCO)S(=O)(=O)[O-])S(=O)(=O)[O-].[Na+].[Na+],0,invitro,O=S(=O)([O-])c1cc(Nc2nc(Nc3ccccc3)nc(N(CCO)CCO)n2)ccc1C=Cc1ccc(Nc2nc(Nc3ccccc3)nc(N(CCO)CCO)n2)cc1S(=O)(=O)[O-].[Na+].[Na+],C1CCC(CC2CCCC(CC3CCC(CCC4CCC(CC5CCCC(CC6CCCCC6)C5)CC4)CC3)C2)CC1,cyclic,C1CCC(CC2CCCC(CC3CCC(CCC4CCC(CC5CCCC(CC6CCCCC6)C5)CC4)CC3)C2)CC1,train
6921,CCC(=CCCC(C)CCO)C,0,invitro,CCC(C)=CCCC(C)CCO,ACYC_C17,acyclic,ACYC_C17,train
6925,B(F)(F)F.CC#N,0,invitro,CC#N.FB(F)F,ACYC_C32,acyclic,ACYC_C32,train
6926,CC(F)(F)F,0,invitro,CC(F)(F)F,ACYC_C30,acyclic,ACYC_C30,train
6928,CC(=C)C(=O)OCCN1CCOC12CCCCC2,1,invitro,C=C(C)C(=O)OCCN1CCOC12CCCCC2,C1CCC2(CC1)CCCC2,cyclic,C1CCC2(CC1)CCCC2,test
6934,CCCCCCCCCCCCCCCC(=O)OCCO,0,invitro,CCCCCCCCCCCCCCCC(=O)OCCO,ACYC_C31,acyclic,ACYC_C31,train
6937,CC1=CCC(C=C1)C(C)C,0,invitro,CC1=CCC(C(C)C)C=C1,C1CCCCC1,cyclic,C1CCCCC1,train
6938,CC(O)(P(=O)(O)O)P(=O)(O)O.C(CO)N,0,invitro,CC(O)(P(=O)(O)O)P(=O)(O)O.NCCO,ACYC_C6,acyclic,ACYC_C6,train
6939,CCCCCCCCC=CCCCCCCCC(=O)OCC(C)(C)COC(=O)CCCCCCCC=CCCCCCCCC,0,invitro,CCCCCCCCC=CCCCCCCCC(=O)OCC(C)(C)COC(=O)CCCCCCCC=CCCCCCCCC,ACYC_C1,acyclic,ACYC_C1,train
6946,CCN(CC)C1=NC(=NC(=N1)NC2=CC(=C(C=C2)C=CC3=C(C=C(C=C3)NC4=NC(=NC(=N4)NC5=CC=C(C=C5)S(=O)(=O)[O-])N(CC)CC)S(=O)(=O)[O-])S(=O)(=O)[O-])NC6=CC=C(C=C6)S(=O)(=O)[O-].[Na+].[Na+].[Na+].[Na+],0,invitro,CCN(CC)c1nc(Nc2ccc(S(=O)(=O)[O-])cc2)nc(Nc2ccc(C=Cc3ccc(Nc4nc(Nc5ccc(S(=O)(=O)[O-])cc5)nc(N(CC)CC)n4)cc3S(=O)(=O)[O-])c(S(=O)(=O)[O-])c2)n1.[Na+].[Na+].[Na+].[Na+],C1CCC(CC2CCCC(CC3CCC(CCC4CCC(CC5CCCC(CC6CCCCC6)C5)CC4)CC3)C2)CC1,cyclic,C1CCC(CC2CCCC(CC3CCC(CCC4CCC(CC5CCCC(CC6CCCCC6)C5)CC4)CC3)C2)CC1,train
6948,CCCCCCCCCCC(CCCCCCCC)COC1C(C(C(CO1)O)O)O,0,invitro,CCCCCCCCCCC(CCCCCCCC)COC1OCC(O)C(O)C1O,C1CCCCC1,cyclic,C1CCCCC1,train
6951,CN=C(N)N[N+](=O)[O-],0,invitro,CN=C(N)N[N+](=O)[O-],ACYC_C39,acyclic,ACYC_C39,train
6954,CCCCCC=CCC1CC(=O)OC1=O,0,invitro,CCCCCC=CCC1CC(=O)OC1=O,CC1CCC(C)C1,cyclic,CC1CCC(C)C1,train
6960,C=CC(=O)OCC1CCC2C1C3CC(C2C3)COC(=O)C=C,0,invitro,C=CC(=O)OCC1CC2CC1C1CCC(COC(=O)C=C)C21,C1CC2C3CCC(C3)C2C1,cyclic,C1CC2C3CCC(C3)C2C1,train
6968,CC1(CC(CC(N1)(C)C)NC(=O)C2=CC(=CC=C2)C(=O)NC3CC(NC(C3)(C)C)(C)C)C,0,invitro,CC1(C)CC(NC(=O)c2cccc(C(=O)NC3CC(C)(C)NC(C)(C)C3)c2)CC(C)(C)N1,CC(CC1CCCCC1)C1CCCC(C(C)CC2CCCCC2)C1,cyclic,CC(CC1CCCCC1)C1CCCC(C(C)CC2CCCCC2)C1,test
6970,C1=CC=C(C=C1)C2=CC=C(C=C2)C(=O)C3=CC=CC=C3C(=O)O,0,invitro,O=C(O)c1ccccc1C(=O)c1ccc(-c2ccccc2)cc1,CC(C1CCCCC1)C1CCC(C2CCCCC2)CC1,cyclic,CC(C1CCCCC1)C1CCC(C2CCCCC2)CC1,test
6982,CC(=C)C(=O)OCC1CCC2C1C3CC(C2C3)COC(=O)C(=C)C,0,invitro,C=C(C)C(=O)OCC1CC2CC1C1CCC(COC(=O)C(=C)C)C21,C1CC2C3CCC(C3)C2C1,cyclic,C1CC2C3CCC(C3)C2C1,train
6984,CCCCCCCCCC1=CC(=C(C(=C1)C(C)(C)C)O)C(C)(C)C,0,invitro,CCCCCCCCCc1cc(C(C)(C)C)c(O)c(C(C)(C)C)c1,C1CCCCC1,cyclic,C1CCCCC1,train
6994,CCCCCCCCCCCC(=O)N(C)CCS(=O)(=O)[O-].[Na+],0,invitro,CCCCCCCCCCCC(=O)N(C)CCS(=O)(=O)[O-].[Na+],ACYC_C45,acyclic,ACYC_C45,train
6995,CC1=CN2C3C(C(C(O3)CO)O)OC2=NC1=O,0,invitro,Cc1cn2c(nc1=O)OC1C(O)C(CO)OC12,CC1CCC2C(C1)CC1CCCC12,cyclic,CC1CCC2C(C1)CC1CCCC12,test
7004,C1=CC2=C(C=C3C4=C2C(=C1)C(=O)C5=CC(=C6C=CC=C(C6=C54)C3=O)Br)Br,0,invitro,O=c1c2cc(Br)c3cccc4c(=O)c5cc(Br)c6cccc1c6c5-c2c34,CC1C2CCCC3CCC4C(C)C5CCCC6CCC1C(C65)C4C32,cyclic,CC1C2CCCC3CCC4C(C)C5CCCC6CCC1C(C65)C4C32,test
7014,C1=CC=C(C=C1)NC2=NC(=NC(=N2)N(CCO)CCO)NC3=CC(=C(C=C3)C=CC4=C(C=C(C=C4)NC5=NC(=NC(=N5)NC6=CC=CC=C6)N(CCO)CCO)S(=O)(=O)O)S(=O)(=O)O,0,invitro,O=S(=O)(O)c1cc(Nc2nc(Nc3ccccc3)nc(N(CCO)CCO)n2)ccc1C=Cc1ccc(Nc2nc(Nc3ccccc3)nc(N(CCO)CCO)n2)cc1S(=O)(=O)O,C1CCC(CC2CCCC(CC3CCC(CCC4CCC(CC5CCCC(CC6CCCCC6)C5)CC4)CC3)C2)CC1,cyclic,C1CCC(CC2CCCC(CC3CCC(CCC4CCC(CC5CCCC(CC6CCCCC6)C5)CC4)CC3)C2)CC1,train
7017,CC(C)CC(C)(C#N)N=NC(C)(CC(C)C)C#N,0,invitro,CC(C)CC(C)(C#N)N=NC(C)(C#N)CC(C)C,ACYC_C0,acyclic,ACYC_C0,train
7023,C1CCC2C(C1)CCC(=O)O2,0,invitro,O=C1CCC2CCCCC2O1,CC1CCC2CCCCC2C1,cyclic,CC1CCC2CCCCC2C1,test
7025,C1COCCN1CCS(=O)(=O)O,0,invitro,O=S(=O)(O)CCN1CCOCC1,C1CCCCC1,cyclic,C1CCCCC1,train
7026,CC(CCOC(=O)C)OC,0,invitro,COC(C)CCOC(C)=O,ACYC_C48,acyclic,ACYC_C48,train
7028,CCOC(=O)CN(CC(=O)OCC)C(=O)OC1=C(C(=C2N1NC(=N2)C3=CC=C(C=C3)C(C)(C)C)C(=O)OC4C(CC(CC4C(C)(C)C)C)C(C)(C)C)C#N,0,invitro,CCOC(=O)CN(CC(=O)OCC)C(=O)Oc1c(C#N)c(C(=O)OC2C(C(C)(C)C)CC(C)CC2C(C)(C)C)c2nc(-c3ccc(C(C)(C)C)cc3)[nH]n12,CC(CC1CCCCC1)C1CCC2CC(C3CCCCC3)CC21,cyclic,CC(CC1CCCCC1)C1CCC2CC(C3CCCCC3)CC21,test
7030,CCCCC(C)(CCC)C(=O)OCC(COC(=O)C=C)O,0,invitro,C=CC(=O)OCC(O)COC(=O)C(C)(CCC)CCCC,ACYC_C43,acyclic,ACYC_C43,train
7031,CCCCC(CC)COC(=O)C(=CC1=CC(=C(C(=C1)OC)O)OC)C(=O)OCC(CC)CCCC,0,invitro,CCCCC(CC)COC(=O)C(=Cc1cc(OC)c(O)c(OC)c1)C(=O)OCC(CC)CCCC,C1CCCCC1,cyclic,C1CCCCC1,train
7035,CCCCC(CC)C(=O)[O-].CCCCC(CC)C(=O)[O-].[Ni+2],0,invitro,CCCCC(CC)C(=O)[O-].CCCCC(CC)C(=O)[O-].[Ni+2],ACYC_C4,acyclic,ACYC_C4,train
7037,CC(CCO)CCO,0,invitro,CC(CCO)CCO,ACYC_C6,acyclic,ACYC_C6,train
7050,[Li+].CCCCCCCCCCCCCCCCCC(=O)[O-],0,invitro,CCCCCCCCCCCCCCCCCC(=O)[O-].[Li+],ACYC_C37,acyclic,ACYC_C37,train
7055,[Li+].CCCCCCCCCCCCCCCCCCCCCC(=O)[O-],0,invitro,CCCCCCCCCCCCCCCCCCCCCC(=O)[O-].[Li+],ACYC_C37,acyclic,ACYC_C37,train
7057,C1CCC(CC1)N(CCO)CCO,0,invitro,OCCN(CCO)C1CCCCC1,C1CCCCC1,cyclic,C1CCCCC1,train
7064,CCCCCCCCC=CCCCCCCCC(=O)NCCCN(C)CCCNC(=O)CCCCCCCC=CCCCCCCCC,0,invitro,CCCCCCCCC=CCCCCCCCC(=O)NCCCN(C)CCCNC(=O)CCCCCCCC=CCCCCCCCC,ACYC_C22,acyclic,ACYC_C22,train
7065,C(CCN=C=O)CCN=C=O,0,invitro,O=C=NCCCCCN=C=O,ACYC_C14,acyclic,ACYC_C14,train
7075,CC(=CCCC(=CCCC(=CCO)C)C)C,0,invitro,CC(C)=CCCC(C)=CCCC(C)=CCO,ACYC_C17,acyclic,ACYC_C17,train
7083,CCOCOCC,0,invitro,CCOCOCC,ACYC_C32,acyclic,ACYC_C32,train
7088,CC=CCC#N,0,invitro,CC=CCC#N,ACYC_C32,acyclic,ACYC_C32,train
7092,CC1(C2CCC1(C(=O)C2)C)C,1,invitro,CC12CCC(CC1=O)C2(C)C,CC1CC2CCC1C2,cyclic,CC1CC2CCC1C2,test
7105,CC1=NN(C(=O)C1C=C2C(=NN(C2=O)C3=CC=CC=C3)C)C4=CC=CC=C4,0,invitro,CC1=NN(c2ccccc2)C(=O)C1=CC1C(=O)N(c2ccccc2)N=C1C,CC1C(CC2CCC(C3CCCCC3)C2C)CCC1C1CCCCC1,cyclic,CC1C(CC2CCC(C3CCCCC3)C2C)CCC1C1CCCCC1,test
7107,CC(C1=CC=C(C=C1)OC#N)C2=CC=C(C=C2)OC#N,0,invitro,CC(c1ccc(OC#N)cc1)c1ccc(OC#N)cc1,C1CCC(CC2CCCCC2)CC1,cyclic,C1CCC(CC2CCCCC2)CC1,train
7109,C(=O)([O-])[O-].[Ca+2],0,invitro,O=C([O-])[O-].[Ca+2],ACYC_C34,acyclic,ACYC_C34,train
7112,C1=CC=C(C=C1)O[P+](=O)OC2=CC=CC=C2,0,invitro,O=[P+](Oc1ccccc1)Oc1ccccc1,CC(CC1CCCCC1)CC1CCCCC1,cyclic,CC(CC1CCCCC1)CC1CCCCC1,train
7113,C1N(CN(CN1CCO)CCO)CCO,1,invitro,OCCN1CN(CCO)CN(CCO)C1,C1CCCCC1,cyclic,C1CCCCC1,train
7114,CCCCCCCCP(=O)(O)O,0,invitro,CCCCCCCCP(=O)(O)O,ACYC_C8,acyclic,ACYC_C8,train
7121,CC(C)(C(=O)C1=CC=C(C=C1)CC2=CC=C(C=C2)C(=O)C(C)(C)O)O,1,invitro,CC(C)(O)C(=O)c1ccc(Cc2ccc(C(=O)C(C)(C)O)cc2)cc1,C1CCC(CC2CCCCC2)CC1,cyclic,C1CCC(CC2CCCCC2)CC1,train
7123,CC(C)NC,0,invitro,CNC(C)C,ACYC_C9,acyclic,ACYC_C9,train
7124,CCCCCCCCC(CCCCCC)C(=O)NC1=C(C=CC(=C1)C)O,0,invitro,CCCCCCCCC(CCCCCC)C(=O)Nc1cc(C)ccc1O,C1CCCCC1,cyclic,C1CCCCC1,train
7129,CC(CO)(CO)C(=O)O,0,invitro,CC(CO)(CO)C(=O)O,ACYC_C14,acyclic,ACYC_C14,train
7131,CC(C1CCCC(C1)(C)C)OC(C)(C)COC(=O)C2CC2,0,invitro,CC(OC(C)(C)COC(=O)C1CC1)C1CCCC(C)(C)C1,CC(CCCCCC1CCCCC1)C1CC1,cyclic,CC(CCCCCC1CCCCC1)C1CC1,test
7133,CCN1C(=C(C(=C(C1=O)N=NC2=C(C=CC(=C2)NC3=NC(=NC(=N3)NC4=CC=C(C=C4)S(=O)(=O)CCOS(=O)(=O)[O-])F)S(=O)(=O)[O-])C)CS(=O)(=O)[O-])O.[Na+].[Na+].[Na+],0,invitro,CCn1c(O)c(CS(=O)(=O)[O-])c(C)c(N=Nc2cc(Nc3nc(F)nc(Nc4ccc(S(=O)(=O)CCOS(=O)(=O)[O-])cc4)n3)ccc2S(=O)(=O)[O-])c1=O.[Na+].[Na+].[Na+],CC1CCCCC1CCC1CCCC(CC2CCCC(CC3CCCCC3)C2)C1,cyclic,CC1CCCCC1CCC1CCCC(CC2CCCC(CC3CCCCC3)C2)C1,test
7137,CN(CCS(=O)(=O)CCOS(=O)(=O)[O-])C1=NC(=NC(=N1)NC2=C(C3=CC(=C(C(=C3C=C2)[O-])N=NC4=CC(=C(C=C4N=NC5=C(C=CC(=C5)S(=O)(=O)[O-])[O-])OC)OC)S(=O)(=O)[O-])S(=O)(=O)[O-])F.[Na+].[Na+].[Na+].[Na+].[Cu+2],1,invitro,COc1cc(N=Nc2cc(S(=O)(=O)[O-])ccc2[O-])c(N=Nc2c(S(=O)(=O)[O-])cc3c(S(=O)(=O)[O-])c(Nc4nc(F)nc(N(C)CCS(=O)(=O)CCOS(=O)(=O)[O-])n4)ccc3c2[O-])cc1OC.[Cu+2].[Na+].[Na+].[Na+].[Na+],C1CCC(CCC2CCCCC2CCC2CCC3CC(CC4CCCCC4)CCC3C2)CC1,cyclic,C1CCC(CCC2CCCCC2CCC2CCC3CC(CC4CCCCC4)CCC3C2)CC1,test
7139,CCCCCCCCCCCCCCCCCCCCOC(=O)C=C,0,invitro,C=CC(=O)OCCCCCCCCCCCCCCCCCCCC,ACYC_C43,acyclic,ACYC_C43,train
7140,CCCCCCCCCCCCCCCCCCOC(=O)C=C,0,invitro,C=CC(=O)OCCCCCCCCCCCCCCCCCC,ACYC_C43,acyclic,ACYC_C43,train
7142,CCCCCC1CCCC1=O,0,invitro,CCCCCC1CCCC1=O,CC1CCCC1,cyclic,CC1CCCC1,train
7143,C1=CC=C2C(=C1)C(=C(N2)C3=NC4=CC=CC=C4C3=O)O,0,invitro,O=C1C(c2[nH]c3ccccc3c2O)=Nc2ccccc21,CC1C2CCCCC2CC1C1CC2CCCCC2C1,cyclic,CC1C2CCCCC2CC1C1CC2CCCCC2C1,test
7146,C1=CC=C2C(=C1)C3=CC=CC=C3C2=O,0,invitro,O=C1c2ccccc2-c2ccccc21,CC1C2CCCCC2C2CCCCC12,cyclic,CC1C2CCCCC2C2CCCCC12,test
7151,CCC=CCC1=C(CCC1=O)C,0,invitro,CCC=CCC1=C(C)CCC1=O,CC1CCCC1,cyclic,CC1CCCC1,train
7154,C1CC=CCCC=CCCC=C1,0,invitro,C1=CCCC=CCCC=CCC1,C1CCCCCCCCCCC1,cyclic,C1CCCCCCCCCCC1,train
7163,CC1=CC(=CC(=C1)N2C(=O)C3=C4C(=CC=C5C4=C(C=C3)C6=C7C5=CC=C8C7=C(C=C6)C(=O)N(C8=O)C9=CC(=CC(=C9)C)C)C2=O)C,0,invitro,Cc1cc(C)cc(N2C(=O)c3ccc4c5ccc6c7c(ccc(c8ccc(c3c48)C2=O)c75)C(=O)N(c2cc(C)cc(C)c2)C6=O)c1,CC1C2CCC3C4CCC5C(C)C(C6CCCCC6)C(C)C6CCC(C7CCC(C(C)C1C1CCCCC1)C2C37)C4C56,cyclic,CC1C2CCC3C4CCC5C(C)C(C6CCCCC6)C(C)C6CCC(C7CCC(C(C)C1C1CCCCC1)C2C37)C4C56,test
7166,CCCCCCCCC=CCCCCCCCC(=O)OCC(COCC(CO)O)O,0,invitro,CCCCCCCCC=CCCCCCCCC(=O)OCC(O)COCC(O)CO,ACYC_C3,acyclic,ACYC_C3,train
7178,C(CC(C(=O)O)N)CN=C(N)NP(=O)(O)O,0,invitro,NC(=NCCCC(N)C(=O)O)NP(=O)(O)O,ACYC_C19,acyclic,ACYC_C19,train
7182,C1CCC(CC1)N(C2CCCCC2)SC3=NC4=CC=CC=C4S3,0,invitro,c1ccc2sc(SN(C3CCCCC3)C3CCCCC3)nc2c1,C1CCC(C(CC2CC3CCCCC3C2)C2CCCCC2)CC1,cyclic,C1CCC(C(CC2CC3CCCCC3C2)C2CCCCC2)CC1,test
7183,CC1=CCC2C(C1)C2(C)C,0,invitro,CC1=CCC2C(C1)C2(C)C,C1CCC2CC2C1,cyclic,C1CCC2CC2C1,test
7185,C(CN)CN(CCO)CCO,0,invitro,NCCCN(CCO)CCO,ACYC_C49,acyclic,ACYC_C49,train
7186,CC1=C(C=C(C=C1)C(C)C)O,0,invitro,Cc1ccc(C(C)C)cc1O,C1CCCCC1,cyclic,C1CCCCC1,train
7189,C=O,1,invitro,C=O,ACYC_C11,acyclic,ACYC_C11,train
7210,COC1=CC(=C(C=C1)Cl)S(=O)(=O)N,1,invitro,COc1ccc(Cl)c(S(N)(=O)=O)c1,C1CCCCC1,cyclic,C1CCCCC1,train
7212,CC(=O)N1CSCC1C(=O)O,0,invitro,CC(=O)N1CSCC1C(=O)O,C1CCCC1,cyclic,C1CCCC1,train
7214,C1C(O1)CN(CC2CO2)C3=CC=C(C=C3)OCC4CO4,1,invitro,c1cc(N(CC2CO2)CC2CO2)ccc1OCC1CO1,C1CC1CCC1CCC(C(CC2CC2)CC2CC2)CC1,cyclic,C1CC1CCC1CCC(C(CC2CC2)CC2CC2)CC1,test
7225,C(CO)CO,0,invitro,OCCCO,ACYC_C6,acyclic,ACYC_C6,train
7226,CCCCC(CC)COC(=O)CCS,0,invitro,CCCCC(CC)COC(=O)CCS,ACYC_C25,acyclic,ACYC_C25,train
7230,C1CCOCOC1,1,invitro,C1CCOCOC1,C1CCCCCC1,cyclic,C1CCCCCC1,test
7231,CCCOCOCCC,0,invitro,CCCOCOCCC,ACYC_C9,acyclic,ACYC_C9,train
7233,CCC(COCCO)(COCCO)COCCO,0,invitro,CCC(COCCO)(COCCO)COCCO,ACYC_C20,acyclic,ACYC_C20,train
7235,[C-]#N.[C-]#N.[K+].[Ag+],0,invitro,[Ag+].[C-]#N.[C-]#N.[K+],ACYC_C40,acyclic,ACYC_C40,train
7239,CC1(C2CCC1(C(C2)O)C)C,1,invitro,CC1(C)C2CCC1(C)C(O)C2,C1CC2CCC1C2,cyclic,C1CC2CCC1C2,train
7247,CCO[Si](CCCCl)(OCC)OCC,0,invitro,CCO[Si](CCCCl)(OCC)OCC,ACYC_C46,acyclic,ACYC_C46,train
7250,C=CC(=O)OCCOC(=O)CCC(=O)O,1,invitro,C=CC(=O)OCCOC(=O)CCC(=O)O,ACYC_C43,acyclic,ACYC_C43,train
7257,C1C(CNC1C(=O)O)O,0,invitro,O=C(O)C1CC(O)CN1,C1CCCC1,cyclic,C1CCCC1,train
7264,C=CC(=O)N1CCOCC1,1,invitro,C=CC(=O)N1CCOCC1,C1CCCCC1,cyclic,C1CCCCC1,train
7267,CC1(COCN1)C,1,invitro,CC1(C)COCN1,C1CCCC1,cyclic,C1CCCC1,train
7269,C=CCCC(=O)OC1=CC=CC=C1,0,invitro,C=CCCC(=O)Oc1ccccc1,C1CCCCC1,cyclic,C1CCCCC1,train
7270,C1=CC=C(C=C1)NC2=C(C=C(C=C2)S(=O)(=O)NC3=CC=CC=C3)[N+](=O)[O-],0,invitro,O=[N+]([O-])c1cc(S(=O)(=O)Nc2ccccc2)ccc1Nc1ccccc1,CC(C)(CC1CCCCC1)C1CCC(CC2CCCCC2)CC1,cyclic,CC(C)(CC1CCCCC1)C1CCC(CC2CCCCC2)CC1,test
7303,C(=O)(C(=O)[O-])[O-].[Fe+2],0,invitro,O=C([O-])C(=O)[O-].[Fe+2],ACYC_C34,acyclic,ACYC_C34,train
7322,CCC1(COCOC1)CO,0,invitro,CCC1(CO)COCOC1,C1CCCCC1,cyclic,C1CCCCC1,train
7324,CC1=CC(=C(C=C1S(=O)(=O)NC)OC)N=NC2=C(C(=CC3=CC=CC=C32)C(=O)NC4=CC5=C(C=C4)NC(=O)N5)O,0,invitro,CNS(=O)(=O)c1cc(OC)c(N=Nc2c(O)c(C(=O)Nc3ccc4[nH]c(=O)[nH]c4c3)cc3ccccc23)cc1C,CC1CC2CCC(CC(C)C3CC4CCCCC4C(CCC4CCCCC4)C3)CC2C1,cyclic,CC1CC2CCC(CC(C)C3CC4CCCCC4C(CCC4CCCCC4)C3)CC2C1,train
7347,[H+].C1=CC=C2C(=C1)C=CC(=C2N=NC3=C(C=C(C=C3)[N+](=O)[O-])[O-])[O-].C1=CC=C2C(=C1)C=CC(=C2N=NC3=C(C=CC(=C3)[N+](=O)[O-])[O-])[O-].[Cr+3],0,invitro,O=[N+]([O-])c1ccc(N=Nc2c([O-])ccc3ccccc23)c([O-])c1.O=[N+]([O-])c1ccc([O-])c(N=Nc2c([O-])ccc3ccccc23)c1.[Cr+3].[H+],C1CCC(CCC2CCCC3CCCCC32)CC1.C1CCC(CCC2CCCC3CCCCC32)CC1,cyclic,C1CCC(CCC2CCCC3CCCCC32)CC1.C1CCC(CCC2CCCC3CCCCC32)CC1,test
7352,CCCCCCCCCCCC(=O)NCCCCC(C(=O)O)N,0,invitro,CCCCCCCCCCCC(=O)NCCCCC(N)C(=O)O,ACYC_C22,acyclic,ACYC_C22,train
7353,CCOC(=O)C(=C(C1=CC=CC=C1)C2=CC=CC=C2)C#N,0,invitro,CCOC(=O)C(C#N)=C(c1ccccc1)c1ccccc1,CC(C1CCCCC1)C1CCCCC1,cyclic,CC(C1CCCCC1)C1CCCCC1,train
7370,CCCC1CCC(CC1)C2=CC=C(C=C2)C3=CC(=C(C=C3)C4=CC(=C(C(=C4)F)OC(F)(F)F)F)F,0,invitro,CCCC1CCC(c2ccc(-c3ccc(-c4cc(F)c(OC(F)(F)F)c(F)c4)c(F)c3)cc2)CC1,C1CCC(C2CCC(C3CCC(C4CCCCC4)CC3)CC2)CC1,cyclic,C1CCC(C2CCC(C3CCC(C4CCCCC4)CC3)CC2)CC1,test
7371,CC(C)(COCCCO)COCCCO,0,invitro,CC(C)(COCCCO)COCCCO,ACYC_C20,acyclic,ACYC_C20,train
7374,CC(C)SP(=O)(O)SC(C)C.CC(C)SP(=O)(O)SC(C)C.C1CCC(CC1)N.C1CCC(CC1)N.[Zn],0,invitro,CC(C)SP(=O)(O)SC(C)C.CC(C)SP(=O)(O)SC(C)C.NC1CCCCC1.NC1CCCCC1.[Zn],C1CCCCC1.C1CCCCC1,cyclic,C1CCCCC1.C1CCCCC1,train
7393,CC1(CC(CC(N1CCO)(C)C)O)C,0,invitro,CC1(C)CC(O)CC(C)(C)N1CCO,C1CCCCC1,cyclic,C1CCCCC1,train
7395,C(C1C(C(C(C(O1)OC2C(OC(C(C2O)O)O)CO)O)O)O)O,0,invitro,OCC1OC(OC2C(CO)OC(O)C(O)C2O)C(O)C(O)C1O,C1CCC(CC2CCCCC2)CC1,cyclic,C1CCC(CC2CCCCC2)CC1,train
7397,C1=CC=C2C(=C1)C=C(C(=C2N=NC3=C(C=CC(=C3)Cl)Cl)O)C(=O)NC4=CC(=C(C=C4)NC(=O)C5=CC6=CC=CC=C6C(=C5O)N=NC7=C(C=CC(=C7)Cl)Cl)Cl,0,invitro,O=C(Nc1ccc(NC(=O)c2cc3ccccc3c(N=Nc3cc(Cl)ccc3Cl)c2O)c(Cl)c1)c1cc2ccccc2c(N=Nc2cc(Cl)ccc2Cl)c1O,CC(CC1CCC(CC(C)C2CC3CCCCC3C(CCC3CCCCC3)C2)CC1)C1CC2CCCCC2C(CCC2CCCCC2)C1,cyclic,CC(CC1CCC(CC(C)C2CC3CCCCC3C(CCC3CCCCC3)C2)CC1)C1CC2CCCCC2C(CCC2CCCCC2)C1,train
7401,CC1(CC(CC(N1)(C)C)OC(=O)CCCCCCCCC(=O)OC2CC(NC(C2)(C)C)(C)C)C,0,invitro,CC1(C)CC(OC(=O)CCCCCCCCC(=O)OC2CC(C)(C)NC(C)(C)C2)CC(C)(C)N1,CC(CCCCCCCCC(C)CC1CCCCC1)CC1CCCCC1,cyclic,CC(CCCCCCCCC(C)CC1CCCCC1)CC1CCCCC1,test
7402,CC(=O)C(C(=O)NC1=CC2=C(C=C1)NC(=O)N2)N=NC3=CC=C(C=C3)[N+](=O)[O-],0,invitro,CC(=O)C(N=Nc1ccc([N+](=O)[O-])cc1)C(=O)Nc1ccc2[nH]c(=O)[nH]c2c1,CC(CCCC1CCCCC1)CC1CCC2CC(C)CC2C1,cyclic,CC(CCCC1CCCCC1)CC1CCC2CC(C)CC2C1,train
7420,CCN1CCNCC1,0,invitro,CCN1CCNCC1,C1CCCCC1,cyclic,C1CCCCC1,train
7426,CCCCCCCCCCCCCCOC(=O)OOC(=O)OCCCCCCCCCCCCCC,0,invitro,CCCCCCCCCCCCCCOC(=O)OOC(=O)OCCCCCCCCCCCCCC,ACYC_C2,acyclic,ACYC_C2,train
7428,C(C(C(C(C=O)O)O)O)O,0,invitro,O=CC(O)C(O)C(O)CO,ACYC_C36,acyclic,ACYC_C36,train
7429,C1=CC=C(C=C1)C(=O)[O-].C1=CC=C(C=C1)C(=O)[O-].[Ba+2],0,invitro,O=C([O-])c1ccccc1.O=C([O-])c1ccccc1.[Ba+2],C1CCCCC1.C1CCCCC1,cyclic,C1CCCCC1.C1CCCCC1,train
7432,C1=CC=C(C(=O)C=C1)O,0,invitro,O=c1cccccc1O,CC1CCCCCC1,cyclic,CC1CCCCCC1,test
7439,CC(C)COP(=S)(OCC(C)C)[S-].[Na+],0,invitro,CC(C)COP(=S)([S-])OCC(C)C.[Na+],ACYC_C15,acyclic,ACYC_C15,train
7444,C(=O)([O-])[O-].[Cs+].[Cs+],1,invitro,O=C([O-])[O-].[Cs+].[Cs+],ACYC_C34,acyclic,ACYC_C34,train
7447,C1=C(C(=CC(=C1Cl)Cl)Cl)S(=O)(=O)[O-].[Na+],0,invitro,O=S(=O)([O-])c1cc(Cl)c(Cl)cc1Cl.[Na+],C1CCCCC1,cyclic,C1CCCCC1,train
7452,[Li+].CCC(C)(C)[O-],0,invitro,CCC(C)(C)[O-].[Li+],ACYC_C0,acyclic,ACYC_C0,train
7454,COC1=CC=C(C=C1)C(=O)[O-].[Na+],0,invitro,COc1ccc(C(=O)[O-])cc1.[Na+],C1CCCCC1,cyclic,C1CCCCC1,train
7459,CC(=O)CC(=O)NC1=CC(=C(C=C1)NC(=O)CC(=O)C)Cl,0,invitro,CC(=O)CC(=O)Nc1ccc(NC(=O)CC(C)=O)c(Cl)c1,C1CCCCC1,cyclic,C1CCCCC1,train
7460,CCCOC(=O)C(C)O,0,invitro,CCCOC(=O)C(C)O,ACYC_C23,acyclic,ACYC_C23,train
7461,CCOC(=O)C1=NN(C2=C1CCN(C2=O)C3=CC=C(C=C3)[N+](=O)[O-])C4=CC=C(C=C4)OC,0,invitro,CCOC(=O)c1nn(-c2ccc(OC)cc2)c2c1CCN(c1ccc([N+](=O)[O-])cc1)C2=O,CC1C(C2CCCCC2)CCC2CCC(C3CCCCC3)C21,cyclic,CC1C(C2CCCCC2)CCC2CCC(C3CCCCC3)C21,test
7462,CC(=O)[O-].CC(=O)[O-].CC(=O)[O-].[Ce+3],0,invitro,CC(=O)[O-].CC(=O)[O-].CC(=O)[O-].[Ce+3],ACYC_C34,acyclic,ACYC_C34,train
7463,C(=O)([O-])[O-].C(=O)([O-])[O-].C(=O)([O-])[O-].[Ce+3].[Ce+3],0,invitro,O=C([O-])[O-].O=C([O-])[O-].O=C([O-])[O-].[Ce+3].[Ce+3],ACYC_C34,acyclic,ACYC_C34,train
7467,CC(CCCC(C)(C)OC(=O)C)C=C,0,invitro,C=CC(C)CCCC(C)(C)OC(C)=O,ACYC_C0,acyclic,ACYC_C0,train
7477,C1(=NN=N[N-]1)C2=NN=N[N-]2.N.N.[Cu+2],0,invitro,N.N.[Cu+2].n1n[n-]c(-c2nnn[n-]2)n1,C1CCC(C2CCCC2)C1,cyclic,C1CCC(C2CCCC2)C1,test
7489,CN1CCC[C@H]1C2=CN=CC=C2,0,invitro,CN1CCC[C@H]1c1cccnc1,C1CCC(C2CCCC2)CC1,cyclic,C1CCC(C2CCCC2)CC1,train
7490,C1=CC=C(C(=C1)C(=O)[O-])O.[Na+],0,invitro,O=C([O-])c1ccccc1O.[Na+],C1CCCCC1,cyclic,C1CCCCC1,train
7491,CCCCCCCCCCCCCCCCOC(=O)CCCCCCCCCCCCCCC,0,invitro,CCCCCCCCCCCCCCCCOC(=O)CCCCCCCCCCCCCCC,ACYC_C31,acyclic,ACYC_C31,train
7494,C(#N)[S-].[Na+],0,invitro,N#C[S-].[Na+],ACYC_C42,acyclic,ACYC_C42,train
7501,CC1C=CCC(C1C(=O)OC)(C)C,0,invitro,COC(=O)C1C(C)C=CCC1(C)C,C1CCCCC1,cyclic,C1CCCCC1,train
7502,CCN(CCOC1=CC=C(C=C1)C2CCCCC2)C3=CC(=C(C=C3)C=C(C#N)C#N)C,0,invitro,CCN(CCOc1ccc(C2CCCCC2)cc1)c1ccc(C=C(C#N)C#N)c(C)c1,C1CCC(CCCCC2CCC(C3CCCCC3)CC2)CC1,cyclic,C1CCC(CCCCC2CCC(C3CCCCC3)CC2)CC1,test
7511,C1CCC(=O)N(CC1)C(=O)NC2=CC=C(C=C2)CC3=CC=C(C=C3)NC(=O)N4CCCCCC4=O,0,invitro,O=C1CCCCCN1C(=O)Nc1ccc(Cc2ccc(NC(=O)N3CCCCCC3=O)cc2)cc1,CC1CCCCCC1C(C)CC1CCC(CC2CCC(CC(C)C3CCCCCC3C)CC2)CC1,cyclic,CC1CCCCCC1C(C)CC1CCC(CC2CCC(CC(C)C3CCCCCC3C)CC2)CC1,test
7531,C1=CC(=CC(=C1)C(=O)C2=CC=C(C=C2)O)C(=O)C3=CC=C(C=C3)O,0,invitro,O=C(c1ccc(O)cc1)c1cccc(C(=O)c2ccc(O)cc2)c1,CC(C1CCCCC1)C1CCCC(C(C)C2CCCCC2)C1,cyclic,CC(C1CCCCC1)C1CCCC(C(C)C2CCCCC2)C1,test
7535,CC1=CC=C(C=C1)NC(=O)NC2=CC(=C(C=C2)C)NC(=O)NC3=CC=C(C=C3)C,0,invitro,Cc1ccc(NC(=O)Nc2ccc(C)c(NC(=O)Nc3ccc(C)cc3)c2)cc1,CC(CC1CCCCC1)CC1CCCC(CC(C)CC2CCCCC2)C1,cyclic,CC(CC1CCCCC1)CC1CCCC(CC(C)CC2CCCCC2)C1,test
7540,CCCCCCCCCCCCCCCC(=O)NCCO,0,invitro,CCCCCCCCCCCCCCCC(=O)NCCO,ACYC_C22,acyclic,ACYC_C22,train
7541,CCCCCC=CCC=CCCCCCCCC(=O)OCC,0,invitro,CCCCCC=CCC=CCCCCCCCC(=O)OCC,ACYC_C3,acyclic,ACYC_C3,train
7546,COC1=C(C=C(C=C1)CC2C3=CC(=C(C=C3CCN2)OC)OC)OC.Cl,0,invitro,COc1ccc(CC2NCCc3cc(OC)c(OC)cc32)cc1OC.Cl,C1CCC(CC2CCCC3CCCCC32)CC1,cyclic,C1CCC(CC2CCCC3CCCCC32)CC1,test
7547,CCCCC(CC)COC(=O)C1=CC=CC=C1,0,invitro,CCCCC(CC)COC(=O)c1ccccc1,C1CCCCC1,cyclic,C1CCCCC1,train
7554,CCCCCCOC1C(C(C(C(O1)CO)O)O)O,0,invitro,CCCCCCOC1OC(CO)C(O)C(O)C1O,C1CCCCC1,cyclic,C1CCCCC1,train
7561,[Li+].CC(=O)[O-],0,invitro,CC(=O)[O-].[Li+],ACYC_C34,acyclic,ACYC_C34,train
7562,C(=O)([O-])[O-].[Mg+2],0,invitro,O=C([O-])[O-].[Mg+2],ACYC_C34,acyclic,ACYC_C34,train
7565,CC(CC1=CC=C(C=C1)OC)C=O,0,invitro,COc1ccc(CC(C)C=O)cc1,C1CCCCC1,cyclic,C1CCCCC1,train
7572,C1=CC=C(C=C1)S(=O)(=O)NC2=CC=C(C=C2)O,0,invitro,O=S(=O)(Nc1ccc(O)cc1)c1ccccc1,CC(C)(CC1CCCCC1)C1CCCCC1,cyclic,CC(C)(CC1CCCCC1)C1CCCCC1,test
7575,CC1(C(=O)NC(=O)[N-]1)C.[Na+],0,invitro,CC1(C)[N-]C(=O)NC1=O.[Na+],CC1CCC(C)C1,cyclic,CC1CCC(C)C1,train
7580,CC(C)C=NCC1(CC(CC(C1)(C)C)N=CC(C)C)C,0,invitro,CC(C)C=NCC1(C)CC(N=CC(C)C)CC(C)(C)C1,C1CCCCC1,cyclic,C1CCCCC1,train
7581,CC1=CC(=CC=C1)OCCOC2=CC=CC(=C2)C,0,invitro,Cc1cccc(OCCOc2cccc(C)c2)c1,C1CCC(CCCCC2CCCCC2)CC1,cyclic,C1CCC(CCCCC2CCCCC2)CC1,test
7589,CC(C)C1CCC(CC1)CO,0,invitro,CC(C)C1CCC(CO)CC1,C1CCCCC1,cyclic,C1CCCCC1,train
7591,CC(CCC1=CC=CC=C1)CCO,0,invitro,CC(CCO)CCc1ccccc1,C1CCCCC1,cyclic,C1CCCCC1,train
7592,CC1=C(C2=C(C=C1)N=C(S2)C3=CC=C(C=C3)N=NC4C(=O)NC(=NC#N)NC4=O)S(=O)(=O)O.C(CO)N(CCO)CCO,1,invitro,Cc1ccc2nc(-c3ccc(N=NC4C(=O)NC(=NC#N)NC4=O)cc3)sc2c1S(=O)(=O)O.OCCN(CCO)CCO,CC1CC(C)C(CCC2CCC(C3CC4CCCCC4C3)CC2)C(C)C1,cyclic,CC1CC(C)C(CCC2CCC(C3CC4CCCCC4C3)CC2)C(C)C1,test
7593,CC1(C(N2C(S1)C(C2=O)N)C(=O)O)C,0,invitro,CC1(C)SC2C(N)C(=O)N2C1C(=O)O,CC1CC2CCCC12,cyclic,CC1CC2CCCC12,test
7597,CC(C)CCCCCCCCCCOC(=O)CC(C(=O)OCCCCCCCCCCC(C)C)S(=O)(=O)[O-].[Na+],0,invitro,CC(C)CCCCCCCCCCOC(=O)CC(C(=O)OCCCCCCCCCCC(C)C)S(=O)(=O)[O-].[Na+],ACYC_C7,acyclic,ACYC_C7,train
7602,CN1C(=O)C2=C3C(=CC=C4C3=C(C=C2)C5=C6C4=CC=C7C6=C(C=C5)C(=O)N(C7=O)C)C1=O,0,invitro,CN1C(=O)c2ccc3c4ccc5c6c(ccc(c7ccc(c2c37)C1=O)c64)C(=O)N(C)C5=O,CC1CC(C)C2CCC3C4CCC5C(C)CC(C)C6CCC(C7CCC1C2C73)C4C65,cyclic,CC1CC(C)C2CCC3C4CCC5C(C)CC(C)C6CCC(C7CCC1C2C73)C4C65,test
7608,CC1=C(C=C(C=C1)NCCO)O,0,invitro,Cc1ccc(NCCO)cc1O,C1CCCCC1,cyclic,C1CCCCC1,train
7611,CN(C)C=CC(=O)C1=CN=CC=C1,0,invitro,CN(C)C=CC(=O)c1cccnc1,C1CCCCC1,cyclic,C1CCCCC1,train
7613,CCCCCCC(CCCCCCCCCCC(=O)NCCCCCCNC(=O)CCCCCCCCCCC(CCCCCC)O)O,0,invitro,CCCCCCC(O)CCCCCCCCCCC(=O)NCCCCCCNC(=O)CCCCCCCCCCC(O)CCCCCC,ACYC_C22,acyclic,ACYC_C22,train
7617,[Li+].[Li+].C(=O)([O-])[O-],0,invitro,O=C([O-])[O-].[Li+].[Li+],ACYC_C34,acyclic,ACYC_C34,train
7631,CC1=CC(=O)[N-]S(=O)(=O)O1.[K+],0,invitro,CC1=CC(=O)[N-]S(=O)(=O)O1.[K+],CC1CCCC(C)(C)C1,cyclic,CC1CCCC(C)(C)C1,test
7637,C(=N)(N)N[N+](=O)[O-],0,invitro,N=C(N)N[N+](=O)[O-],ACYC_C39,acyclic,ACYC_C39,train
7645,CC1=CC(=C(C=C1NC(=O)C(C(=O)C)N=NC2=C(C=CC(=C2)C(=O)NC3=C(C(=CC=C3)Cl)C)Cl)Cl)NC(=O)C(C(=O)C)N=NC4=C(C=CC(=C4)C(=O)NC5=C(C(=CC=C5)Cl)C)Cl,0,invitro,CC(=O)C(N=Nc1cc(C(=O)Nc2cccc(Cl)c2C)ccc1Cl)C(=O)Nc1cc(Cl)c(NC(=O)C(N=Nc2cc(C(=O)Nc3cccc(Cl)c3C)ccc2Cl)C(C)=O)cc1C,CC(CCCC1CCCC(C(C)CC2CCCCC2)C1)CC1CCC(CC(C)CCCC2CCCC(C(C)CC3CCCCC3)C2)CC1,cyclic,CC(CCCC1CCCC(C(C)CC2CCCCC2)C1)CC1CCC(CC(C)CCCC2CCCC(C(C)CC3CCCCC3)C2)CC1,test
7646,CC1=C(C=C(C=C1)Cl)NC(=O)C2=CC(=C(C=C2)Cl)N=NC(C(=O)C)C(=O)NC3=CC(=C(C=C3Cl)NC(=O)C(C(=O)C)N=NC4=C(C=CC(=C4)C(=O)NC5=C(C=CC(=C5)Cl)C)Cl)Cl,0,invitro,CC(=O)C(N=Nc1cc(C(=O)Nc2cc(Cl)ccc2C)ccc1Cl)C(=O)Nc1cc(Cl)c(NC(=O)C(N=Nc2cc(C(=O)Nc3cc(Cl)ccc3C)ccc2Cl)C(C)=O)cc1Cl,CC(CCCC1CCCC(C(C)CC2CCCCC2)C1)CC1CCC(CC(C)CCCC2CCCC(C(C)CC3CCCCC3)C2)CC1,cyclic,CC(CCCC1CCCC(C(C)CC2CCCCC2)C1)CC1CCC(CC(C)CCCC2CCCC(C(C)CC3CCCCC3)C2)CC1,test
7650,CC1=C(C=CC(=C1)C(=O)C)C(=O)O,0,invitro,CC(=O)c1ccc(C(=O)O)c(C)c1,C1CCCCC1,cyclic,C1CCCCC1,train
7653,C1(=NN=C(S1)[S-])[S-].[Na+].[Na+],0,invitro,[Na+].[Na+].[S-]c1nnc([S-])s1,C1CCCC1,cyclic,C1CCCC1,train
7673,CNC1=CC=C(C=C1)C(C2=CC=C(C=C2)N(C)C)(C3=CC=C(C=C3)N(C)C)O,0,invitro,CNc1ccc(C(O)(c2ccc(N(C)C)cc2)c2ccc(N(C)C)cc2)cc1,C1CCC(C(C2CCCCC2)C2CCCCC2)CC1,cyclic,C1CCC(C(C2CCCCC2)C2CCCCC2)CC1,train
7676,CC1=CC=C(C=C1)C=C(C)CO,0,invitro,CC(=Cc1ccc(C)cc1)CO,C1CCCCC1,cyclic,C1CCCCC1,train
7677,COC1CCCC1,0,invitro,COC1CCCC1,C1CCCC1,cyclic,C1CCCC1,train
7679,CC1=CCC(CC1)(C(C)C)O,0,invitro,CC1=CCC(O)(C(C)C)CC1,C1CCCCC1,cyclic,C1CCCCC1,train
7687,C1CC(=O)CCC1C2CCC3(CC2)OCCO3,0,invitro,O=C1CCC(C2CCC3(CC2)OCCO3)CC1,CC1CCC(C2CCC3(CCCC3)CC2)CC1,cyclic,CC1CCC(C2CCC3(CCCC3)CC2)CC1,test
7694,COC1=C(C=C(C=C1)C(=O)NC2=CC=CC=C2)N=NC3=C(C(=CC4=CC=CC=C43)C(=O)N)O,0,invitro,COc1ccc(C(=O)Nc2ccccc2)cc1N=Nc1c(O)c(C(N)=O)cc2ccccc12,CC(CC1CCCCC1)C1CCCC(CCC2CCCC3CCCCC32)C1,cyclic,CC(CC1CCCCC1)C1CCCC(CCC2CCCC3CCCCC32)C1,test
7695,C[C@]12CCCC([C@@H]1CC[C@@]3([C@@H]2CC(=O)O3)C)(C)C,0,invitro,CC1(C)CCC[C@]2(C)[C@H]3CC(=O)O[C@]3(C)CC[C@@H]12,CC1CC2CCC3CCCCC3C2C1,cyclic,CC1CC2CCC3CCCCC3C2C1,test
7697,CC(C)C(=O)C(C)C,1,invitro,CC(C)C(=O)C(C)C,ACYC_C9,acyclic,ACYC_C9,train
7704,CC(CC(=O)OCC(COC(=O)CC(C)CC(C)(C)C)OC(=O)CC(C)CC(C)(C)C)CC(C)(C)C,0,invitro,CC(CC(=O)OCC(COC(=O)CC(C)CC(C)(C)C)OC(=O)CC(C)CC(C)(C)C)CC(C)(C)C,ACYC_C26,acyclic,ACYC_C26,train
7714,C(CCCCCCO)CCCCCO,0,invitro,OCCCCCCCCCCCCO,ACYC_C6,acyclic,ACYC_C6,train
7721,C1=C(C=C(C=C1Cl)Br)O,0,invitro,Oc1cc(Cl)cc(Br)c1,C1CCCCC1,cyclic,C1CCCCC1,train
7722,C1=CC(=C(C=C1Cl)N)OC2=C(C=C(C=C2)Cl)Cl,0,invitro,Nc1cc(Cl)ccc1Oc1ccc(Cl)cc1Cl,C1CCC(CC2CCCCC2)CC1,cyclic,C1CCC(CC2CCCCC2)CC1,train
7724,CC(=C)C(=O)NC1=CC=C(C=C1)S(=O)(=O)N,0,invitro,C=C(C)C(=O)Nc1ccc(S(N)(=O)=O)cc1,C1CCCCC1,cyclic,C1CCCCC1,train
7725,CN(CC(=O)O)C(=N)N,0,invitro,CN(CC(=O)O)C(=N)N,ACYC_C45,acyclic,ACYC_C45,train
7727,CCCCCCCCCCCCCCCC[N+](C)(C)C.[Br-],0,invitro,CCCCCCCCCCCCCCCC[N+](C)(C)C.[Br-],ACYC_C13,acyclic,ACYC_C13,train
7735,C=CC(=O)OCCOC(=O)C1CCCCC1C(=O)O,1,invitro,C=CC(=O)OCCOC(=O)C1CCCCC1C(=O)O,C1CCCCC1,cyclic,C1CCCCC1,train
7739,[OH-].[OH-].[OH-].[OH-].[OH-].[OH-].[OH-].[Al+3].[Al+3].[Cl-].[Cl-].[Cl-].[Cl-].[Cl-].[Cl-].[Cl-].[Zr+4].[Zr+4],0,invitro,[Al+3].[Al+3].[Cl-].[Cl-].[Cl-].[Cl-].[Cl-].[Cl-].[Cl-].[OH-].[OH-].[OH-].[OH-].[OH-].[OH-].[OH-].[Zr+4].[Zr+4],ACYC_C40,acyclic,ACYC_C40,train
7740,CC1=NN(C(=O)C1=CC=C2C(C3=C(N2C)C=CC(=C3)C(=O)OC)(C)C)C4=CC=CC=C4,0,invitro,COC(=O)c1ccc2c(c1)C(C)(C)C(=CC=C1C(=O)N(c3ccccc3)N=C1C)N2C,CC1C(CCC2CC3CCCCC3C2)CCC1C1CCCCC1,cyclic,CC1C(CCC2CC3CCCCC3C2)CCC1C1CCCCC1,test
7742,C1=CC=C2C(=C1)C=CC(=C2N=NC3=C(C=CC(=C3)[N+](=O)[O-])[O-])[O-].C1=CC=C2C(=C1)C=CC(=O)C2=NN=C3C=C(C=CC3=O)N([O-])[O-].[Na+].[Cr+3],0,invitro,O=C1C=CC(N([O-])[O-])=CC1=NN=C1C(=O)C=Cc2ccccc21.O=[N+]([O-])c1ccc([O-])c(N=Nc2c([O-])ccc3ccccc23)c1.[Cr+3].[Na+],C1CCC(CCC2CCCC3CCCCC32)CC1.CC1CCCCC1CCC1C(C)CCC2CCCCC21,cyclic,C1CCC(CCC2CCCC3CCCCC32)CC1.CC1CCCCC1CCC1C(C)CCC2CCCCC21,test
7746,CC1(OCC2C(O2)CO1)C,1,invitro,CC1(C)OCC2OC2CO1,C1CCC2CC2CC1,cyclic,C1CCC2CC2CC1,test
7748,CC1C(CC2CC1C2(C)C)CN,0,invitro,CC1C(CN)CC2CC1C2(C)C,C1CC2CC(C1)C2,cyclic,C1CC2CC(C1)C2,test
7755,CCCCC(CC)COC(=O)CS[Sn](C)(SCC(=O)OCC(CC)CCCC)SCC(=O)OCC(CC)CCCC,0,invitro,CCCCC(CC)COC(=O)C[S][Sn]([CH3])([S]CC(=O)OCC(CC)CCCC)[S]CC(=O)OCC(CC)CCCC,ACYC_C25,acyclic,ACYC_C25,train
7758,C(CN(CC#N)CC#N)N(CC#N)CC#N,0,invitro,N#CCN(CC#N)CCN(CC#N)CC#N,ACYC_C42,acyclic,ACYC_C42,train
7760,CCCCC(CC)COC(=O)CC(C(=O)OCC(CC)CCCC)S(=O)(=O)[O-].[Na+],0,invitro,CCCCC(CC)COC(=O)CC(C(=O)OCC(CC)CCCC)S(=O)(=O)[O-].[Na+],ACYC_C7,acyclic,ACYC_C7,train
7761,CCCCCCCCCCCCCNC1=C(C2=CC=CC=C2C=C1)N=NC3=C(C=C(C=C3)N=NC4=CC=CC=C4C)C,0,invitro,CCCCCCCCCCCCCNc1ccc2ccccc2c1N=Nc1ccc(N=Nc2ccccc2C)cc1C,C1CCC(CCC2CCC(CCC3CCCC4CCCCC43)CC2)CC1,cyclic,C1CCC(CCC2CCC(CCC3CCCC4CCCCC43)CC2)CC1,test
7762,CCN(CC)[P+](CC1=CC=CC=C1)(C2=CC=CC=C2)C3=CC=CC=C3.C1=CC(=CC=C1C(C2=CC=C(C=C2)[O-])(C(F)(F)F)C(F)(F)F)O,0,invitro,CCN(CC)[P+](Cc1ccccc1)(c1ccccc1)c1ccccc1.[O-]c1ccc(C(c2ccc(O)cc2)(C(F)(F)F)C(F)(F)F)cc1,C1CCC(CC(C2CCCCC2)C2CCCCC2)CC1.C1CCC(CC2CCCCC2)CC1,cyclic,C1CCC(CC(C2CCCCC2)C2CCCCC2)CC1.C1CCC(CC2CCCCC2)CC1,test
7763,CC(C)(C1=CC=CC=C1CCC(C2=CC=CC(=C2)C=CC3=NC4=C(C=CC(=C4)Cl)C=C3)SCC5(CC5)CC(=O)O)O.C1CCC(CC1)NC2CCCCC2,0,invitro,C1CCC(NC2CCCCC2)CC1.CC(C)(O)c1ccccc1CCC(SCC1(CC(=O)O)CC1)c1cccc(C=Cc2ccc3ccc(Cl)cc3n2)c1,C1CCC(CC2CCCCC2)CC1.C1CCC(CCC(CCC2CC2)C2CCCC(CCC3CCC4CCCCC4C3)C2)CC1,cyclic,C1CCC(CC2CCCCC2)CC1.C1CCC(CCC(CCC2CC2)C2CCCC(CCC3CCC4CCCCC4C3)C2)CC1,test
7774,CC1=NC=C(C(=C1O)CO)CO.Cl,0,invitro,Cc1ncc(CO)c(CO)c1O.Cl,C1CCCCC1,cyclic,C1CCCCC1,train
7782,CC[Si](ON=C(C)C)(ON=C(C)C)ON=C(C)C,0,invitro,CC[Si](ON=C(C)C)(ON=C(C)C)ON=C(C)C,ACYC_C14,acyclic,ACYC_C14,train
7783,CCCC(=NO[Si](C=C)(ON=C(C)CCC)ON=C(C)CCC)C,0,invitro,C=C[Si](ON=C(C)CCC)(ON=C(C)CCC)ON=C(C)CCC,ACYC_C41,acyclic,ACYC_C41,test
7787,C(=O)(C(=O)[O-])[O-].[K+].[K+],0,invitro,O=C([O-])C(=O)[O-].[K+].[K+],ACYC_C34,acyclic,ACYC_C34,train
7789,CC1CCCCC1=O,0,invitro,CC1CCCCC1=O,CC1CCCCC1,cyclic,CC1CCCCC1,train
7792,COC(=O)C(C=C)O,0,invitro,C=CC(O)C(=O)OC,ACYC_C44,acyclic,ACYC_C44,train
7795,CCC(CO)O,0,invitro,CCC(O)CO,ACYC_C9,acyclic,ACYC_C9,train
7800,C(C1C(C(C(C(O1)OC(C(CO)O)C(C(CO)O)O)O)O)O)O,1,invitro,OCC(O)C(O)C(OC1OC(CO)C(O)C(O)C1O)C(O)CO,C1CCCCC1,cyclic,C1CCCCC1,train
7805,CCOCOC1CCCCCCCCCCC1,0,invitro,CCOCOC1CCCCCCCCCCC1,C1CCCCCCCCCCC1,cyclic,C1CCCCCCCCCCC1,train
7808,C=CCOC(CN1C=CN=C1)C2=C(C=C(C=C2)Cl)Cl.OS(=O)(=O)O,0,invitro,C=CCOC(Cn1ccnc1)c1ccc(Cl)cc1Cl.O=S(=O)(O)O,C1CCC(CCC2CCCC2)CC1,cyclic,C1CCC(CCC2CCCC2)CC1,test
7819,CC1(C2CCC1(C(C2)OC(=O)C=C)C)C,0,invitro,C=CC(=O)OC1CC2CCC1(C)C2(C)C,C1CC2CCC1C2,cyclic,C1CC2CCC1C2,train
7822,C1CCC(CC1)NC(=O)NC2=CC=C(C=C2)CC3=CC=C(C=C3)NC(=O)NC4CCCCC4,0,invitro,O=C(Nc1ccc(Cc2ccc(NC(=O)NC3CCCCC3)cc2)cc1)NC1CCCCC1,CC(CC1CCCCC1)CC1CCC(CC2CCC(CC(C)CC3CCCCC3)CC2)CC1,cyclic,CC(CC1CCCCC1)CC1CCC(CC2CCC(CC(C)CC3CCCCC3)CC2)CC1,test
7824,CC1CCC(=O)CC1,0,invitro,CC1CCC(=O)CC1,CC1CCCCC1,cyclic,CC1CCCCC1,train
7829,C(=O)([O-])[O-].C(=O)([O-])[O-].C(=O)([O-])[O-].[Pr+3].[Pr+3],0,invitro,O=C([O-])[O-].O=C([O-])[O-].O=C([O-])[O-].[Pr+3].[Pr+3],ACYC_C34,acyclic,ACYC_C34,train
7830,C(=O)([O-])[O-].C(=O)([O-])[O-].C(=O)([O-])[O-].[Nd+3].[Nd+3],0,invitro,O=C([O-])[O-].O=C([O-])[O-].O=C([O-])[O-].[Nd+3].[Nd+3],ACYC_C34,acyclic,ACYC_C34,train
7831,CC(C)CCCCCCCCCCCCCCCOC(=O)C(C)(C)C,0,invitro,CC(C)CCCCCCCCCCCCCCCOC(=O)C(C)(C)C,ACYC_C10,acyclic,ACYC_C10,train
7834,C1=CC(=CN=C1)C(=O)O,0,invitro,O=C(O)c1cccnc1,C1CCCCC1,cyclic,C1CCCCC1,train
7835,CCCCOC(=O)CC,0,invitro,CCCCOC(=O)CC,ACYC_C2,acyclic,ACYC_C2,train
7836,CC=C=C,0,invitro,C=C=CC,ACYC_C32,acyclic,ACYC_C32,train
7837,C(#N)[O-].[K+],0,invitro,N#C[O-].[K+],ACYC_C42,acyclic,ACYC_C42,train
7839,C[N+](C)(C)CC(=O)O.[Cl-],0,invitro,C[N+](C)(C)CC(=O)O.[Cl-],ACYC_C21,acyclic,ACYC_C21,train
7847,C(C(COCC(CO)O)O)O,0,invitro,OCC(O)COCC(O)CO,ACYC_C9,acyclic,ACYC_C9,train
7854,CC(=C)C(=O)OCC(CO)O,0,invitro,C=C(C)C(=O)OCC(O)CO,ACYC_C47,acyclic,ACYC_C47,train
7855,CCCCOC(=O)Cl,0,invitro,CCCCOC(=O)Cl,ACYC_C2,acyclic,ACYC_C2,train
7860,CC(CCOC(=O)CC(C)CC(C)(C)C)CC(C)(C)C,0,invitro,CC(CCOC(=O)CC(C)CC(C)(C)C)CC(C)(C)C,ACYC_C26,acyclic,ACYC_C26,train
7861,CCCCCCCCC=CCCCCCCCC(=O)OCCCCCCCC(C)C,0,invitro,CCCCCCCCC=CCCCCCCCC(=O)OCCCCCCCC(C)C,ACYC_C10,acyclic,ACYC_C10,train
7862,CC(C)CCCCCCCOC(=O)CC(C)CC(C)(C)C,0,invitro,CC(C)CCCCCCCOC(=O)CC(C)CC(C)(C)C,ACYC_C10,acyclic,ACYC_C10,train
7863,CC(C)CCCCCCCCCCOC(=O)CC(C)CC(C)(C)C,0,invitro,CC(C)CCCCCCCCCCOC(=O)CC(C)CC(C)(C)C,ACYC_C10,acyclic,ACYC_C10,train
7867,C(#N)S.C(=N)(N)N,0,invitro,N#CS.N=C(N)N,ACYC_C42,acyclic,ACYC_C42,train
7868,C(=N)(N)N.C(=N)(N)N.C(=O)(O)O,0,invitro,N=C(N)N.N=C(N)N.O=C(O)O,ACYC_C14,acyclic,ACYC_C14,train
7871,CCCC1CCOC(S1)C,0,invitro,CCCC1CCOC(C)S1,C1CCCCC1,cyclic,C1CCCCC1,train
7877,CC(C)(C1=CC=C(C=C1)OP(=O)(OC2=CC=CC=C2)OC3=CC=CC=C3)C4=CC=C(C=C4)OP(=O)(OC5=CC=CC=C5)OC6=CC=CC=C6,0,invitro,CC(C)(c1ccc(OP(=O)(Oc2ccccc2)Oc2ccccc2)cc1)c1ccc(OP(=O)(Oc2ccccc2)Oc2ccccc2)cc1,CC(CC1CCCCC1)(CC1CCCCC1)CC1CCC(CC2CCC(CC(C)(CC3CCCCC3)CC3CCCCC3)CC2)CC1,cyclic,CC(CC1CCCCC1)(CC1CCCCC1)CC1CCC(CC2CCC(CC(C)(CC3CCCCC3)CC3CCCCC3)CC2)CC1,test
7882,CCCCCCCCC(=O)OCC(CC)CCCC,0,invitro,CCCCCCCCC(=O)OCC(CC)CCCC,ACYC_C25,acyclic,ACYC_C25,train
7886,C1=CC=C(C=C1)OP(=S)(OC2=CC=CC=C2)OC3=CC=CC=C3,0,invitro,S=P(Oc1ccccc1)(Oc1ccccc1)Oc1ccccc1,CC(CC1CCCCC1)(CC1CCCCC1)CC1CCCCC1,cyclic,CC(CC1CCCCC1)(CC1CCCCC1)CC1CCCCC1,test
7891,CC1=C(C=C(C=C1)C=O)C,0,invitro,Cc1ccc(C=O)cc1C,C1CCCCC1,cyclic,C1CCCCC1,train
7908,C1=CC(=CC(=C1)S(=O)(=O)C2=CC=CC(=C2)N)N,1,invitro,Nc1cccc(S(=O)(=O)c2cccc(N)c2)c1,CC(C)(C1CCCCC1)C1CCCCC1,cyclic,CC(C)(C1CCCCC1)C1CCCCC1,train
7915,C1=CC=C(C=C1)CCO,0,invitro,OCCc1ccccc1,C1CCCCC1,cyclic,C1CCCCC1,train
7933,CCCC1COC(O1)(CN2C=NC=N2)C3=C(C=C(C=C3)Cl)Cl,0,invitro,CCCC1COC(Cn2cncn2)(c2ccc(Cl)cc2Cl)O1,C1CCC(C2(CC3CCCC3)CCCC2)CC1,cyclic,C1CCC(C2(CC3CCCC3)CCCC2)CC1,test
7934,CC(C)CCCCCCCOC(=O)C(C)(C)C,0,invitro,CC(C)CCCCCCCOC(=O)C(C)(C)C,ACYC_C10,acyclic,ACYC_C10,train
7939,CCCCCCCCCCCCCCCCCCCCCC(=O)NCCCN(C)C,0,invitro,CCCCCCCCCCCCCCCCCCCCCC(=O)NCCCN(C)C,ACYC_C22,acyclic,ACYC_C22,train
7946,CCCCCCCCCCCC(=O)NC(CCCN=C(N)N)C(=O)OCC.Cl,0,invitro,CCCCCCCCCCCC(=O)NC(CCCN=C(N)N)C(=O)OCC.Cl,ACYC_C19,acyclic,ACYC_C19,train
7962,COC1=C(C=C(C=C1)S(=O)(=O)CCOS(=O)(=O)[O-])N=NC2=C(C=C3C(=C2O)C=CC(=C3N=NC4=C(C=C(C=C4)S(=O)(=O)CCOS(=O)(=O)[O-])S(=O)(=O)[O-])NCS(=O)(=O)[O-])S(=O)(=O)[O-].[Na+].[Na+].[Na+].[Na+].[Na+],1,invitro,COc1ccc(S(=O)(=O)CCOS(=O)(=O)[O-])cc1N=Nc1c(S(=O)(=O)[O-])cc2c(N=Nc3ccc(S(=O)(=O)CCOS(=O)(=O)[O-])cc3S(=O)(=O)[O-])c(NCS(=O)(=O)[O-])ccc2c1O.[Na+].[Na+].[Na+].[Na+].[Na+],C1CCC(CCC2CCC3C(CCC4CCCCC4)CCCC3C2)CC1,cyclic,C1CCC(CCC2CCC3C(CCC4CCCCC4)CCCC3C2)CC1,test
7983,CCCCCCCC(=O)[O-].CCCCCCCC(=O)[O-].[Ca+2],0,invitro,CCCCCCCC(=O)[O-].CCCCCCCC(=O)[O-].[Ca+2],ACYC_C37,acyclic,ACYC_C37,train
7984,C1=CC=C(C(=C1)C#N)O,0,invitro,N#Cc1ccccc1O,C1CCCCC1,cyclic,C1CCCCC1,train
7988,CN(C1=CC=CC=C1)C(=O)N(C)C2=CC=CC=C2,0,invitro,CN(C(=O)N(C)c1ccccc1)c1ccccc1,CC(CC1CCCCC1)CC1CCCCC1,cyclic,CC(CC1CCCCC1)CC1CCCCC1,train
7998,C1=CC=C(C=C1)COC2=CC3=CC=CC=C3C=C2,0,invitro,c1ccc(COc2ccc3ccccc3c2)cc1,C1CCC(CCC2CCC3CCCCC3C2)CC1,cyclic,C1CCC(CCC2CCC3CCCCC3C2)CC1,test
8000,CCCCCCCCCCCC(=O)OCC(C)(C)C=NCCCCCCN=CC(C)(C)COC(=O)CCCCCCCCCCC,0,invitro,CCCCCCCCCCCC(=O)OCC(C)(C)C=NCCCCCCN=CC(C)(C)COC(=O)CCCCCCCCCCC,ACYC_C1,acyclic,ACYC_C1,train
8017,CC(C)(SC)SC,0,invitro,CSC(C)(C)SC,ACYC_C0,acyclic,ACYC_C0,train
8019,CC(C)COC(=O)C(C)O,0,invitro,CC(C)COC(=O)C(C)O,ACYC_C23,acyclic,ACYC_C23,train
8028,C[Si]1O[Si](O[Si](O[Si](O[Si](O1)C)C)C)C,0,invitro,C[Si]1O[Si](C)O[Si](C)O[Si](C)O[Si](C)O1,[CH]1C[CH]C[CH]C[CH]C[CH]C1,cyclic,[CH]1C[CH]C[CH]C[CH]C[CH]C1,test
8032,COC1C(C(C(C(O1)CO)O)O)O,0,invitro,COC1OC(CO)C(O)C(O)C1O,C1CCCCC1,cyclic,C1CCCCC1,train
8035,COC(=O)CC(=C)C(=O)OC,1,invitro,C=C(CC(=O)OC)C(=O)OC,ACYC_C44,acyclic,ACYC_C44,train
8036,CC(CCC(=O)O)C(=O)O,0,invitro,CC(CCC(=O)O)C(=O)O,ACYC_C23,acyclic,ACYC_C23,train
8037,COCCCCC(=O)C1=CC=C(C=C1)C(F)(F)F,0,invitro,COCCCCC(=O)c1ccc(C(F)(F)F)cc1,C1CCCCC1,cyclic,C1CCCCC1,train
8080,CCC(=CCCC(=CC#N)C)C,0,invitro,CCC(C)=CCCC(C)=CC#N,ACYC_C17,acyclic,ACYC_C17,train
8088,C1=CC=C(C=C1)OC2=CC=CC(=C2)C(C#N)O,0,invitro,N#CC(O)c1cccc(Oc2ccccc2)c1,C1CCC(CC2CCCCC2)CC1,cyclic,C1CCC(CC2CCCCC2)CC1,train
8090,C1=CC(=CC=C1NC2=C(C=C(C=C2)[N+](=O)[O-])[N+](=O)[O-])O,0,invitro,O=[N+]([O-])c1ccc(Nc2ccc(O)cc2)c([N+](=O)[O-])c1,C1CCC(CC2CCCCC2)CC1,cyclic,C1CCC(CC2CCCCC2)CC1,train
8097,CCCCC(CC)COC(=O)C(=C(C1=CC=CC=C1)C2=CC=CC=C2)C#N,0,invitro,CCCCC(CC)COC(=O)C(C#N)=C(c1ccccc1)c1ccccc1,CC(C1CCCCC1)C1CCCCC1,cyclic,CC(C1CCCCC1)C1CCCCC1,train
8100,CCOC1=CC=C(C=C1)NC(=O)C,0,invitro,CCOc1ccc(NC(C)=O)cc1,C1CCCCC1,cyclic,C1CCCCC1,train
8104,CCCCCCC(=O)OCC(COC(=O)CCCCCC)OC(=O)CCCCCC,0,invitro,CCCCCCC(=O)OCC(COC(=O)CCCCCC)OC(=O)CCCCCC,ACYC_C3,acyclic,ACYC_C3,train
8106,C(=O)(C(C(F)(F)F)(OC(C(C(F)(F)F)(F)F)(F)F)F)[O-].[NH4+],0,invitro,O=C([O-])C(F)(OC(F)(F)C(F)(F)C(F)(F)F)C(F)(F)F.[NH4+],ACYC_C30,acyclic,ACYC_C30,train
8133,CCCC(=NO)C,0,invitro,CCCC(C)=NO,ACYC_C14,acyclic,ACYC_C14,train
8134,CCOC(=O)OC,0,invitro,CCOC(=O)OC,ACYC_C35,acyclic,ACYC_C35,train
8141,CCCCCCCCCCCCCCCCCCOCCOP(=O)(O)O,0,invitro,CCCCCCCCCCCCCCCCCCOCCOP(=O)(O)O,ACYC_C5,acyclic,ACYC_C5,train
8142,CCCCCCCCCCCCCCCC(=O)OCCOC(=O)CCCCCCCCCCCCCCC,0,invitro,CCCCCCCCCCCCCCCC(=O)OCCOC(=O)CCCCCCCCCCCCCCC,ACYC_C31,acyclic,ACYC_C31,train
8145,CCCCCOC(=O)CC,0,invitro,CCCCCOC(=O)CC,ACYC_C2,acyclic,ACYC_C2,train
8159,CCNC1=C2C(=C(C(=C1)C#N)N)C(=O)C3=CC=CC=C3C2=O,0,invitro,CCNc1cc(C#N)c(N)c2c1C(=O)c1ccccc1C2=O,CC1C2CCCCC2C(C)C2CCCCC12,cyclic,CC1C2CCCCC2C(C)C2CCCCC12,train
8167,C1=CC=C(C=C1)NC2=C(C=C(C=C2)N=NC3=CC=C(C4=CC=CC=C43)N=NC5=C(C=CC6=C5C=CC(=C6)S(=O)(=O)[O-])O)S(=O)(=O)[O-].[Na+].[Na+],1,invitro,O=S(=O)([O-])c1ccc2c(N=Nc3ccc(N=Nc4ccc(Nc5ccccc5)c(S(=O)(=O)[O-])c4)c4ccccc34)c(O)ccc2c1.[Na+].[Na+],C1CCC(CC2CCC(CCC3CCC(CCC4CCCC5CCCCC54)C4CCCCC34)CC2)CC1,cyclic,C1CCC(CC2CCC(CCC3CCC(CCC4CCCC5CCCCC54)C4CCCCC34)CC2)CC1,test
8169,CCCCCCCCCCCCCCCCCC(=O)OCCOC(=O)CCCCCCCCCCCCCCCCC,0,invitro,CCCCCCCCCCCCCCCCCC(=O)OCCOC(=O)CCCCCCCCCCCCCCCCC,ACYC_C31,acyclic,ACYC_C31,train
8172,CCOCCOC(=O)OCC,0,invitro,CCOCCOC(=O)OCC,ACYC_C35,acyclic,ACYC_C35,train
8183,CC(C)(CS(=O)(=O)[O-])NC(=O)CCSCCC(C(C(C(C(C(F)(F)F)(F)F)(F)F)(F)F)(F)F)(F)F.[Na+],0,invitro,CC(C)(CS(=O)(=O)[O-])NC(=O)CCSCCC(F)(F)C(F)(F)C(F)(F)C(F)(F)C(F)(F)C(F)(F)F.[Na+],ACYC_C29,acyclic,ACYC_C29,train
8188,C(CCCO)CCO,0,invitro,OCCCCCCO,ACYC_C6,acyclic,ACYC_C6,train
8192,CCCCCCCCCCCCCCCCOC(=O)C,0,invitro,CCCCCCCCCCCCCCCCOC(C)=O,ACYC_C48,acyclic,ACYC_C48,train
8197,CCCCCCCCCCCCCCCCCCCCCC,0,invitro,CCCCCCCCCCCCCCCCCCCCCC,ACYC_C5,acyclic,ACYC_C5,train
8201,CC(C)(C)C(C(=O)O)NC(=O)OCC1=CC=CC=C1.C1CCC(CC1)NC2CCCCC2,0,invitro,C1CCC(NC2CCCCC2)CC1.CC(C)(C)C(NC(=O)OCc1ccccc1)C(=O)O,C1CCC(CC2CCCCC2)CC1.C1CCCCC1,cyclic,C1CCC(CC2CCCCC2)CC1.C1CCCCC1,test
8209,CC(=C)C(=O)NCCC[N+](C)(C)CC(=O)NCCC[N+](C)(C)CC(C[N+](C)(C)C)O.[Cl-].[Cl-].[Cl-],0,invitro,C=C(C)C(=O)NCCC[N+](C)(C)CC(=O)NCCC[N+](C)(C)CC(O)C[N+](C)(C)C.[Cl-].[Cl-].[Cl-],ACYC_C21,acyclic,ACYC_C21,train
8210,O[PH+]=O,0,invitro,O=[PH+]O,ACYC_C11,acyclic,ACYC_C11,train
8212,CCCCCCCCCCCC(=O)OCCC(C)C,0,invitro,CCCCCCCCCCCC(=O)OCCC(C)C,ACYC_C10,acyclic,ACYC_C10,train
8230,C(CCC(=O)N(CCO)CCO)CC(=O)N(CCO)CCO,0,invitro,O=C(CCCCC(=O)N(CCO)CCO)N(CCO)CCO,ACYC_C6,acyclic,ACYC_C6,train
8241,CC(=C)C(=O)O.O.[Zn],1,invitro,C=C(C)C(=O)O.O.[Zn],ACYC_C44,acyclic,ACYC_C44,train
8256,CCOC(=O)C1=NN(C(=O)C1N=NC2=C(C=C(C=C2)C3=CC(=C(C=C3)N=NC4C(=NN(C4=O)C5=CC=CC=C5)C(=O)OCC)Cl)Cl)C6=CC=CC=C6,0,invitro,CCOC(=O)C1=NN(c2ccccc2)C(=O)C1N=Nc1ccc(-c2ccc(N=NC3C(=O)N(c4ccccc4)N=C3C(=O)OCC)c(Cl)c2)cc1Cl,CC1C(CCC2CCC(C3CCC(CCC4CCC(C5CCCCC5)C4C)CC3)CC2)CCC1C1CCCCC1,cyclic,CC1C(CCC2CCC(C3CCC(CCC4CCC(C5CCCCC5)C4C)CC3)CC2)CCC1C1CCCCC1,train
8263,C1=C(C=C(C=C1C(=O)O)S(=O)(=O)[O-])C(=O)O.[Na+],1,invitro,O=C(O)c1cc(C(=O)O)cc(S(=O)(=O)[O-])c1.[Na+],C1CCCCC1,cyclic,C1CCCCC1,train
8278,CC=CC1=CC(=C(C=C1)OC)OC,1,invitro,CC=Cc1ccc(OC)c(OC)c1,C1CCCCC1,cyclic,C1CCCCC1,train
8286,CC(C)(C)C1=CC(=CC(=C1O)C(C)(C)C)CCC(=O)OC,0,invitro,COC(=O)CCc1cc(C(C)(C)C)c(O)c(C(C)(C)C)c1,C1CCCCC1,cyclic,C1CCCCC1,train
8297,C(=O)(C(=O)[O-])[O-].[Mn+2],0,invitro,O=C([O-])C(=O)[O-].[Mn+2],ACYC_C34,acyclic,ACYC_C34,train
8299,CCCCCCCCC=CCCCCCCCCO[P+](=O)OCCCCCCCCC=CCCCCCCCC,0,invitro,CCCCCCCCC=CCCCCCCCCO[P+](=O)OCCCCCCCCC=CCCCCCCCC,ACYC_C5,acyclic,ACYC_C5,train
8306,C1=CC=C(C=C1)OC2=C(C3=C(C(=C2OC4=CC=CC=C4)N)C(=O)C5=CC=CC=C5C3=O)N,0,invitro,Nc1c(Oc2ccccc2)c(Oc2ccccc2)c(N)c2c1C(=O)c1ccccc1C2=O,CC1C2CCCCC2C(C)C2CC(CC3CCCCC3)C(CC3CCCCC3)CC12,cyclic,CC1C2CCCCC2C(C)C2CC(CC3CCCCC3)C(CC3CCCCC3)CC12,test
8311,CCOC(=O)CC1(OCCO1)C,0,invitro,CCOC(=O)CC1(C)OCCO1,C1CCCC1,cyclic,C1CCCC1,train
8320,CC1=C(C=C(C=C1)N2C(=O)C=CC2=O)N3C(=O)C=CC3=O,0,invitro,Cc1ccc(N2C(=O)C=CC2=O)cc1N1C(=O)C=CC1=O,CC1CCC(C)C1C1CCCC(C2C(C)CCC2C)C1,cyclic,CC1CCC(C)C1C1CCCC(C2C(C)CCC2C)C1,test
8325,CCCCCCCC(=O)NCCN(CCC(=O)O)CCO,0,invitro,CCCCCCCC(=O)NCCN(CCO)CCC(=O)O,ACYC_C12,acyclic,ACYC_C12,train
8330,CCN(CC)C1=CC=C(C=C1)C=CC2=[N+](C3=CC=CC=C3C2(C)C)C.CC(=O)[O-],0,invitro,CC(=O)[O-].CCN(CC)c1ccc(C=CC2=[N+](C)c3ccccc3C2(C)C)cc1,C1CCC(CCC2CC3CCCCC3C2)CC1,cyclic,C1CCC(CCC2CC3CCCCC3C2)CC1,test
8352,C(CCCCCN)CCCCN,1,invitro,NCCCCCCCCCCN,ACYC_C6,acyclic,ACYC_C6,train
8353,C1=CC=C2C(=C1)C=CC(=C2N=NC3=C(C=C(C=C3)[N+](=O)[O-])[O-])[O-].C1=CC=C2C(=C1)C=CC(=O)C2=NN=C3C=CC(=CC3=O)N([O-])[O-].[Na+].[Cr+3],0,invitro,O=C1C=C(N([O-])[O-])C=CC1=NN=C1C(=O)C=Cc2ccccc21.O=[N+]([O-])c1ccc(N=Nc2c([O-])ccc3ccccc23)c([O-])c1.[Cr+3].[Na+],C1CCC(CCC2CCCC3CCCCC32)CC1.CC1CCCCC1CCC1C(C)CCC2CCCCC21,cyclic,C1CCC(CCC2CCCC3CCCCC32)CC1.CC1CCCCC1CCC1C(C)CCC2CCCCC21,test
8354,C1=CC=C(C(=C1)C(=O)NC(=O)NC2=CC=C(C=C2)OC(F)(F)F)Cl,0,invitro,O=C(NC(=O)c1ccccc1Cl)Nc1ccc(OC(F)(F)F)cc1,CC(CC1CCCCC1)CC(C)C1CCCCC1,cyclic,CC(CC1CCCCC1)CC(C)C1CCCCC1,train
8470,CC1C(C2CCCC3C2(C1(C)C)CC(O3)(C)C)(C)C,0,invitro,CC1C(C)(C)C2CCCC3OC(C)(C)CC32C1(C)C,C1CC2CCCC23CCCC3C1,cyclic,C1CC2CCCC23CCCC3C1,test
8471,[NH4+].[N+](=O)([O-])[O-],0,invitro,O=[N+]([O-])[O-].[NH4+],ACYC_C39,acyclic,ACYC_C39,train
8475,CC(=O)C(C(=O)NC1=CC=CC=C1Cl)N=NC2=C(C=C(C=C2)Cl)[N+](=O)[O-],0,invitro,CC(=O)C(N=Nc1ccc(Cl)cc1[N+](=O)[O-])C(=O)Nc1ccccc1Cl,CC(CCCC1CCCCC1)CC1CCCCC1,cyclic,CC(CCCC1CCCCC1)CC1CCCCC1,train
8479,CN1CCCC1C2=CN=CC=C2.C(C(C(=O)O)O)(C(=O)O)O.C(C(C(=O)O)O)(C(=O)O)O,0,invitro,CN1CCCC1c1cccnc1.O=C(O)C(O)C(O)C(=O)O.O=C(O)C(O)C(O)C(=O)O,C1CCC(C2CCCC2)CC1,cyclic,C1CCC(C2CCCC2)CC1,train
8480,C1=CC=C(C(=C1)C(=O)N)O,1,invitro,NC(=O)c1ccccc1O,C1CCCCC1,cyclic,C1CCCCC1,train
8482,CC1=C(C2=C(C=C1)N=C(S2)C3=CC=C(C=C3)N=NC4C(=O)NC(=O)NC4=O)S(=O)(=O)O.C(CO)N(CCO)CCO,0,invitro,Cc1ccc2nc(-c3ccc(N=NC4C(=O)NC(=O)NC4=O)cc3)sc2c1S(=O)(=O)O.OCCN(CCO)CCO,CC1CC(C)C(CCC2CCC(C3CC4CCCCC4C3)CC2)C(C)C1,cyclic,CC1CC(C)C(CCC2CCC(C3CC4CCCCC4C3)CC2)C(C)C1,test
8487,CCCCCCCCCCCCCCCC[N+](C)(C)C.COS(=O)(=O)[O-],0,invitro,CCCCCCCCCCCCCCCC[N+](C)(C)C.COS(=O)(=O)[O-],ACYC_C13,acyclic,ACYC_C13,train
8501,CC1=NN(C(=O)C1N=NC2=CC(=C(C=C2S(=O)(=O)[O-])Cl)Cl)C3=CC(=CC=C3)S(=O)(=O)[O-].[Na+].[Na+],1,invitro,CC1=NN(c2cccc(S(=O)(=O)[O-])c2)C(=O)C1N=Nc1cc(Cl)c(Cl)cc1S(=O)(=O)[O-].[Na+].[Na+],CC1C(CCC2CCCCC2)CCC1C1CCCCC1,cyclic,CC1C(CCC2CCCCC2)CCC1C1CCCCC1,train
8502,CC1=NN(C(=O)C1N=NC2=CC(=C(C=C2S(=O)(=O)[O-])Cl)Cl)C3=CC(=CC=C3)S(=O)(=O)[O-].[Ca+2],1,invitro,CC1=NN(c2cccc(S(=O)(=O)[O-])c2)C(=O)C1N=Nc1cc(Cl)c(Cl)cc1S(=O)(=O)[O-].[Ca+2],CC1C(CCC2CCCCC2)CCC1C1CCCCC1,cyclic,CC1C(CCC2CCCCC2)CCC1C1CCCCC1,train
8504,CC(=O)C(C(=O)NC1=CC=CC=C1OC)N=NC2=C(C=C(C=C2)OC)[N+](=O)[O-],0,invitro,COc1ccc(N=NC(C(C)=O)C(=O)Nc2ccccc2OC)c([N+](=O)[O-])c1,CC(CCCC1CCCCC1)CC1CCCCC1,cyclic,CC(CCCC1CCCCC1)CC1CCCCC1,train
8506,CC1=CC=CC=C1NC(=O)C2=CC3=CC=CC=C3C(=C2O)N=NC4=CC(=C(C=C4Cl)Cl)Cl,0,invitro,Cc1ccccc1NC(=O)c1cc2ccccc2c(N=Nc2cc(Cl)c(Cl)cc2Cl)c1O,CC(CC1CCCCC1)C1CC2CCCCC2C(CCC2CCCCC2)C1,cyclic,CC(CC1CCCCC1)C1CC2CCCCC2C(CCC2CCCCC2)C1,test
8512,CC1CCC2(C(=CCCC2(C1OC=O)C)C)C,0,invitro,CC1=CCCC2(C)C(OC=O)C(C)CCC12C,C1CCC2CCCCC2C1,cyclic,C1CCC2CCCCC2C1,train
8513,CCC=CCCOC(=O)C1=CC=CC=C1O,0,invitro,CCC=CCCOC(=O)c1ccccc1O,C1CCCCC1,cyclic,C1CCCCC1,train
8515,CCCCCC1(CCC(C1=O)(C)C)C,0,invitro,CCCCCC1(C)CCC(C)(C)C1=O,CC1CCCC1,cyclic,CC1CCCC1,train
8521,CC1=CC=C(C=C1)S(=O)(=O)[O-].[Na+],0,invitro,Cc1ccc(S(=O)(=O)[O-])cc1.[Na+],C1CCCCC1,cyclic,C1CCCCC1,train
8524,C1=CC(=CC=C1CC(C(=O)O)NC(=O)CN)O,0,invitro,NCC(=O)NC(Cc1ccc(O)cc1)C(=O)O,C1CCCCC1,cyclic,C1CCCCC1,train
8525,CCC(COC(=O)CC(C)CC(C)(C)C)(COC(=O)CC(C)CC(C)(C)C)COC(=O)CC(C)CC(C)(C)C,0,invitro,CCC(COC(=O)CC(C)CC(C)(C)C)(COC(=O)CC(C)CC(C)(C)C)COC(=O)CC(C)CC(C)(C)C,ACYC_C26,acyclic,ACYC_C26,train
8526,CC(CC(=O)OCC(COCC(COC(=O)CC(C)CC(C)(C)C)(COC(=O)CC(C)CC(C)(C)C)COC(=O)CC(C)CC(C)(C)C)(COC(=O)CC(C)CC(C)(C)C)COC(=O)CC(C)CC(C)(C)C)CC(C)(C)C,0,invitro,CC(CC(=O)OCC(COCC(COC(=O)CC(C)CC(C)(C)C)(COC(=O)CC(C)CC(C)(C)C)COC(=O)CC(C)CC(C)(C)C)(COC(=O)CC(C)CC(C)(C)C)COC(=O)CC(C)CC(C)(C)C)CC(C)(C)C,ACYC_C26,acyclic,ACYC_C26,train
8530,CC(C)CCOC(=O)CC(C)C,0,invitro,CC(C)CCOC(=O)CC(C)C,ACYC_C2,acyclic,ACYC_C2,train
8555,CCCCCC=O,0,invitro,CCCCCC=O,ACYC_C5,acyclic,ACYC_C5,train
8558,C1CNCCN1.OP(=O)(O)OP(=O)(O)O,0,invitro,C1CNCCN1.O=P(O)(O)OP(=O)(O)O,C1CCCCC1,cyclic,C1CCCCC1,train
8559,CC(=C)C(=O)OCCCCCCOC(=O)C(=C)C,1,invitro,C=C(C)C(=O)OCCCCCCOC(=O)C(=C)C,ACYC_C47,acyclic,ACYC_C47,train
8573,CCCCCCCCCCCCCCCCCCCCCCO,0,invitro,CCCCCCCCCCCCCCCCCCCCCCO,ACYC_C8,acyclic,ACYC_C8,train
8575,CC1=CC(=CC(=C1)C(=O)Cl)C,0,invitro,Cc1cc(C)cc(C(=O)Cl)c1,C1CCCCC1,cyclic,C1CCCCC1,train
8578,C(C(C1C(=C(C(=O)O1)OP(=O)([O-])[O-])[O-])O)O.[Na+].[Na+].[Na+],0,invitro,O=C1OC(C(O)CO)C([O-])=C1OP(=O)([O-])[O-].[Na+].[Na+].[Na+],CC1CCCC1,cyclic,CC1CCCC1,train
8579,CC1CN(CO1)CN2CC(OC2)C,1,invitro,CC1CN(CN2COC(C)C2)CO1,C1CCC(CC2CCCC2)C1,cyclic,C1CCC(CC2CCCC2)C1,test
8581,C1CC1NC2=NC(=NC(=N2)N)N,0,invitro,Nc1nc(N)nc(NC2CC2)n1,C1CCC(CC2CC2)CC1,cyclic,C1CCC(CC2CC2)CC1,test
8598,CC(C)CCCCCCCCCCCCCCC(=O)[O-].[K+],0,invitro,CC(C)CCCCCCCCCCCCCCC(=O)[O-].[K+],ACYC_C10,acyclic,ACYC_C10,train
8603,CC(C)CC1=CC=C(C=C1)CC(C)C=O,0,invitro,CC(C)Cc1ccc(CC(C)C=O)cc1,C1CCCCC1,cyclic,C1CCCCC1,train
8609,CCOCCCNC(=O)C(C(C)(C)CO)O,0,invitro,CCOCCCNC(=O)C(O)C(C)(C)CO,ACYC_C27,acyclic,ACYC_C27,test
8610,C(=CC(F)(F)F)C(F)(F)F,0,invitro,FC(F)(F)C=CC(F)(F)F,ACYC_C30,acyclic,ACYC_C30,train
8623,CC1=CC(=NN1)C,0,invitro,Cc1cc(C)[nH]n1,C1CCCC1,cyclic,C1CCCC1,train
8639,C1=CC=C(C=C1)CCN2C(=O)C3=C4C(=CC=C5C4=C(C=C3)C6=C7C5=CC=C8C7=C(C=C6)C(=O)N(C8=O)CCC9=CC=CC=C9)C2=O,0,invitro,O=C1c2ccc3c4ccc5c6c(ccc(c7ccc(c2c37)C(=O)N1CCc1ccccc1)c64)C(=O)N(CCc1ccccc1)C5=O,CC1C(CCC2CCCCC2)C(C)C2CCC3C4CCC5C(C)C(CCC6CCCCC6)C(C)C6CCC(C7CCC1C2C73)C4C65,cyclic,CC1C(CCC2CCCCC2)C(C)C2CCC3C4CCC5C(C)C(CCC6CCCCC6)C(C)C6CCC(C7CCC1C2C73)C4C65,test
8641,CN(C)CCCNCCCN(C)C,0,invitro,CN(C)CCCNCCCN(C)C,ACYC_C28,acyclic,ACYC_C28,train
8642,CC(CN(CCO)CCO)O,0,invitro,CC(O)CN(CCO)CCO,ACYC_C28,acyclic,ACYC_C28,train
8649,CCOC1=CC=C(C=C1)NC2=C(C=C(C=C2)S(=O)(=O)N(C)C)[N+](=O)[O-],0,invitro,CCOc1ccc(Nc2ccc(S(=O)(=O)N(C)C)cc2[N+](=O)[O-])cc1,C1CCC(CC2CCCCC2)CC1,cyclic,C1CCC(CC2CCCCC2)CC1,train
8658,C[Si](CCC(F)(F)F)(Cl)Cl,0,invitro,C[Si](Cl)(Cl)CCC(F)(F)F,ACYC_C30,acyclic,ACYC_C30,train
8660,CC1CN(CC(O1)C)CC(C)CC2=CC=C(C=C2)C(C)(C)C,0,invitro,CC(Cc1ccc(C(C)(C)C)cc1)CN1CC(C)OC(C)C1,C1CCC(CCCC2CCCCC2)CC1,cyclic,C1CCC(CCCC2CCCCC2)CC1,train
8670,CC(C)C=C(C)C(C)OC(C)(C)COC(=O)C1CC1,0,invitro,CC(=CC(C)C)C(C)OC(C)(C)COC(=O)C1CC1,C1CC1,cyclic,C1CC1,train
8671,CCCCOCCOS(=O)(=O)[O-].[Na+],0,invitro,CCCCOCCOS(=O)(=O)[O-].[Na+],ACYC_C5,acyclic,ACYC_C5,train
8674,CC(=CCC(C)(C)C(OC)OC)C,0,invitro,COC(OC)C(C)(C)CC=C(C)C,ACYC_C0,acyclic,ACYC_C0,train
8717,CCCCCCCCCCCCCCCCCC(=O)OCC[N+](C)(C)CCOC(=O)CCCCCCCCCCCCCCCCC.[Cl-],0,invitro,CCCCCCCCCCCCCCCCCC(=O)OCC[N+](C)(C)CCOC(=O)CCCCCCCCCCCCCCCCC.[Cl-],ACYC_C31,acyclic,ACYC_C31,train
8720,CCCCC(CC)C(=O)[O-].CCCCC(CC)C(=O)[O-].CCCCC(CC)C(=O)[O-].[Bi+3],0,invitro,CCCCC(CC)C(=O)[O-].CCCCC(CC)C(=O)[O-].CCCCC(CC)C(=O)[O-].[Bi+3],ACYC_C4,acyclic,ACYC_C4,train
8722,CC1CCC2C13CCC(C(C3)C2(C)C)(C)OC,0,invitro,COC1(C)CCC23CC1C(C)(C)C2CCC3C,C1CC2CC3CCCC3(C1)C2,cyclic,C1CC2CC3CCCC3(C1)C2,test
8728,CC(=O)NC1=CC=C(C=C1)NC2=C3C(=C(C=C2)O)C(=O)C4=CC=CC=C4C3=O,0,invitro,CC(=O)Nc1ccc(Nc2ccc(O)c3c2C(=O)c2ccccc2C3=O)cc1,CC1C2CCCCC2C(C)C2C(CC3CCCCC3)CCCC12,cyclic,CC1C2CCCCC2C(C)C2C(CC3CCCCC3)CCCC12,train
8742,C(C(=O)O)S,0,invitro,O=C(O)CS,ACYC_C14,acyclic,ACYC_C14,train
8747,CC(=O)C1(CCC2C1(CCC3C2CCC4=CC(=O)CCC34C)C)O,0,invitro,CC(=O)C1(O)CCC2C3CCC4=CC(=O)CCC4(C)C3CCC21C,CC1CCC2C(CCC3C4CCCC4CCC23)C1,cyclic,CC1CCC2C(CCC3C4CCCC4CCC23)C1,test
8776,CC(C)C1=CC=C(C=C1)S(=O)(=O)[O-].[NH4+],0,invitro,CC(C)c1ccc(S(=O)(=O)[O-])cc1.[NH4+],C1CCCCC1,cyclic,C1CCCCC1,train
8780,CC1(C(C1C(=O)O)C=C(C(F)(F)F)Cl)C,0,invitro,CC1(C)C(C=C(Cl)C(F)(F)F)C1C(=O)O,C1CC1,cyclic,C1CC1,train
8804,CC(=O)C(C(=O)NC1=CC2=C(C=C1)NC(=O)N2)N=NC3=CC=CC=C3C(F)(F)F,0,invitro,CC(=O)C(N=Nc1ccccc1C(F)(F)F)C(=O)Nc1ccc2[nH]c(=O)[nH]c2c1,CC(CCCC1CCCCC1)CC1CCC2CC(C)CC2C1,cyclic,CC(CCCC1CCCCC1)CC1CCC2CC(C)CC2C1,train
8822,C1=CC(=CC=C1N=NC2=CC(=C(C=C2O)O)N=NC3=C4C(=CC(=C3)S(=O)(=O)[O-])C=C(C(=C4O)N=NC5=C(C(=CC(=C5)[N+](=O)[O-])[N+](=O)[O-])O)S(=O)(=O)[O-])[N+](=O)[O-].[Na+].[Na+],0,invitro,O=[N+]([O-])c1ccc(N=Nc2cc(N=Nc3cc(S(=O)(=O)[O-])cc4cc(S(=O)(=O)[O-])c(N=Nc5cc([N+](=O)[O-])cc([N+](=O)[O-])c5O)c(O)c34)c(O)cc2O)cc1.[Na+].[Na+],C1CCC(CCC2CCCC(CCC3CCCC4CCC(CCC5CCCCC5)CC34)C2)CC1,cyclic,C1CCC(CCC2CCCC(CCC3CCCC4CCC(CCC5CCCCC5)CC34)C2)CC1,test
8823,CC(C)CCCCCCCCCCCCCCC(=O)OC(C)C,0,invitro,CC(C)CCCCCCCCCCCCCCC(=O)OC(C)C,ACYC_C10,acyclic,ACYC_C10,train
8828,CCCCC(CC)COP(=O)([O-])[O-].[Na+].[Na+],0,invitro,CCCCC(CC)COP(=O)([O-])[O-].[Na+].[Na+],ACYC_C38,acyclic,ACYC_C38,train
8861,C1=CC(=CC=C1N=NC2=CC=C(C=C2)S(=O)(=O)[O-])N=NC3=C(C=C4C=C(C=CC4=C3O)NC5=NC(=NC(=N5)NCCO)NCCO)S(=O)(=O)[O-].[Na+].[Na+],0,invitro,O=S(=O)([O-])c1ccc(N=Nc2ccc(N=Nc3c(S(=O)(=O)[O-])cc4cc(Nc5nc(NCCO)nc(NCCO)n5)ccc4c3O)cc2)cc1.[Na+].[Na+],C1CCC(CCC2CCC(CCC3CCC4CC(CC5CCCCC5)CCC4C3)CC2)CC1,cyclic,C1CCC(CCC2CCC(CCC3CCC4CC(CC5CCCCC5)CCC4C3)CC2)CC1,test
8863,C1=CC=C(C(=C1)N=NC2=C(C3=C(C=C(C=C3C=C2S(=O)(=O)[O-])S(=O)(=O)[O-])NC4=NC(=NC(=N4)NC5=CC=C(C=C5)NC6=NC(=NC(=N6)Cl)NC7=C8C(=CC(=C7)S(=O)(=O)[O-])C=C(C(=C8O)N=NC9=CC=CC=C9S(=O)(=O)[O-])S(=O)(=O)[O-])Cl)O)S(=O)(=O)[O-].[Na+].[Na+].[Na+].[Na+].[Na+].[Na+],0,invitro,O=S(=O)([O-])c1cc(Nc2nc(Cl)nc(Nc3ccc(Nc4nc(Cl)nc(Nc5cc(S(=O)(=O)[O-])cc6cc(S(=O)(=O)[O-])c(N=Nc7ccccc7S(=O)(=O)[O-])c(O)c56)n4)cc3)n2)c2c(O)c(N=Nc3ccccc3S(=O)(=O)[O-])c(S(=O)(=O)[O-])cc2c1.[Na+].[Na+].[Na+].[Na+].[Na+].[Na+],C1CCC(CCC2CCC3CCCC(CC4CCCC(CC5CCC(CC6CCCC(CC7CCCC8CCC(CCC9CCCCC9)CC87)C6)CC5)C4)C3C2)CC1,cyclic,C1CCC(CCC2CCC3CCCC(CC4CCCC(CC5CCC(CC6CCCC(CC7CCCC8CCC(CCC9CCCCC9)CC87)C6)CC5)C4)C3C2)CC1,test
8865,C(C(=O)[O-])SSCC(=O)[O-].[NH4+].[NH4+],0,invitro,O=C([O-])CSSCC(=O)[O-].[NH4+].[NH4+],ACYC_C34,acyclic,ACYC_C34,train
8867,CCCCC(CC)COC(=O)NC1=CC(=C(C=C1)C)NC(=O)OCCN(C)C.CC(C(=O)O)O,0,invitro,CC(O)C(=O)O.CCCCC(CC)COC(=O)Nc1ccc(C)c(NC(=O)OCCN(C)C)c1,C1CCCCC1,cyclic,C1CCCCC1,train
8871,C1=CC(=C(C=C1NC2=NC(=NC(=N2)N)Cl)N=NC3=C(C4=C(C(=C(C=C4C=C3S(=O)(=O)[O-])S(=O)(=O)[O-])N=NC5=C(C=CC(=C5)S(=O)(=O)[O-])S(=O)(=O)[O-])N)O)S(=O)(=O)[O-].[Na+].[Na+].[Na+].[Na+].[Na+],0,invitro,Nc1nc(Cl)nc(Nc2ccc(S(=O)(=O)[O-])c(N=Nc3c(S(=O)(=O)[O-])cc4cc(S(=O)(=O)[O-])c(N=Nc5cc(S(=O)(=O)[O-])ccc5S(=O)(=O)[O-])c(N)c4c3O)c2)n1.[Na+].[Na+].[Na+].[Na+].[Na+],C1CCC(CCC2CCC3CCC(CCC4CCCC(CC5CCCCC5)C4)CC3C2)CC1,cyclic,C1CCC(CCC2CCC3CCC(CCC4CCCC(CC5CCCCC5)C4)CC3C2)CC1,test
8875,CC1=CC=C(C=C1)S(=O)(=O)O.CC(C)(CO)N,0,invitro,CC(C)(N)CO.Cc1ccc(S(=O)(=O)O)cc1,C1CCCCC1,cyclic,C1CCCCC1,train
8876,CNS(=O)(=O)C(C(C(C(F)(F)F)(F)F)(F)F)(F)F,0,invitro,CNS(=O)(=O)C(F)(F)C(F)(F)C(F)(F)C(F)(F)F,ACYC_C30,acyclic,ACYC_C30,train
8904,CCCCCCCCCCCCCC[N+](C)(C)CCCCCCCCCCCCCC.[Cl-],0,invitro,CCCCCCCCCCCCCC[N+](C)(C)CCCCCCCCCCCCCC.[Cl-],ACYC_C13,acyclic,ACYC_C13,train
8934,CCCCOC(=O)CC(C(=O)OCCCC)SP(=S)(OCCC)OCCC,0,invitro,CCCCOC(=O)CC(SP(=S)(OCCC)OCCC)C(=O)OCCCC,ACYC_C2,acyclic,ACYC_C2,train
8935,CCCCC(CC)COP(=S)(OCC(CC)CCCC)SC(CC(=O)OCCCC)C(=O)OCCCC,0,invitro,CCCCOC(=O)CC(SP(=S)(OCC(CC)CCCC)OCC(CC)CCCC)C(=O)OCCCC,ACYC_C2,acyclic,ACYC_C2,train
8978,CC(C)C(C(C)(C)COC(=O)C(C)C)OC(=O)C(C)C,0,invitro,CC(C)C(=O)OCC(C)(C)C(OC(=O)C(C)C)C(C)C,ACYC_C0,acyclic,ACYC_C0,train
9071,CCCCCCCCC=CCCCCCCCC1=NCCN1CCO.CCOS(=O)(=O)OCC,0,invitro,CCCCCCCCC=CCCCCCCCC1=NCCN1CCO.CCOS(=O)(=O)OCC,C1CCCC1,cyclic,C1CCCC1,train
9145,CC1CC(CCC1N)CC2CCC(C(C2)C)N,0,invitro,CC1CC(CC2CCC(N)C(C)C2)CCC1N,C1CCC(CC2CCCCC2)CC1,cyclic,C1CCC(CC2CCCCC2)CC1,train
9186,CCCCCCC(=O)O.CC(C)(CO)CO,0,invitro,CC(C)(CO)CO.CCCCCCC(=O)O,ACYC_C12,acyclic,ACYC_C12,train
9188,C1=CC=C(C=C1)N=NC2=C(C3=C(C(=C(C=C3C=C2S(=O)(=O)[O-])S(=O)(=O)[O-])N=NC4=CC=C(C=C4)N=NC5=C(C=C(C=C5)N)N)N)O.[Na+].[Na+],0,invitro,Nc1ccc(N=Nc2ccc(N=Nc3c(S(=O)(=O)[O-])cc4cc(S(=O)(=O)[O-])c(N=Nc5ccccc5)c(O)c4c3N)cc2)c(N)c1.[Na+].[Na+],C1CCC(CCC2CCC(CCC3CCC4CCC(CCC5CCCCC5)CC4C3)CC2)CC1,cyclic,C1CCC(CCC2CCC(CCC3CCC4CCC(CCC5CCCCC5)CC4C3)CC2)CC1,test
9193,CCCCCCCC(=O)CC(=O)C1=CC=CC=C1,0,invitro,CCCCCCCC(=O)CC(=O)c1ccccc1,C1CCCCC1,cyclic,C1CCCCC1,train
9195,CC(C)CCCC(=CCCC=O)C,0,invitro,CC(=CCCC=O)CCCC(C)C,ACYC_C17,acyclic,ACYC_C17,train
9197,C=CCOC(=O)COC1CCCCC1,0,invitro,C=CCOC(=O)COC1CCCCC1,C1CCCCC1,cyclic,C1CCCCC1,train
9215,CCC(=O)OC1CC2CC1C3C2C=CC3,0,invitro,CCC(=O)OC1CC2CC1C1CC=CC21,C1CC2C3CCC(C3)C2C1,cyclic,C1CC2C3CCC(C3)C2C1,train
9228,CCN(CC1=CC(=CC=C1)S(=O)(=O)[O-])C2=CC=C(C=C2)C(=C3C=CC(=[N+](CC)CC4=CC(=CC=C4)S(=O)(=O)O)C=C3)C5=CC=CC=C5S(=O)(=O)O,0,invitro,CCN(Cc1cccc(S(=O)(=O)[O-])c1)c1ccc(C(=C2C=CC(=[N+](CC)Cc3cccc(S(=O)(=O)O)c3)C=C2)c2ccccc2S(=O)(=O)O)cc1,C1CCC(CCC2CCC(C(C3CCCCC3)C3CCC(CCC4CCCCC4)CC3)CC2)CC1,cyclic,C1CCC(CCC2CCC(C(C3CCCCC3)C3CCC(CCC4CCCCC4)CC3)CC2)CC1,test
9268,CCCCC(CC)COP(=S)(OCC(CC)CCCC)[S-].[Mo],0,invitro,CCCCC(CC)COP(=S)([S-])OCC(CC)CCCC.[Mo],ACYC_C38,acyclic,ACYC_C38,train
9271,C1=CC(=C(C=C1NC2=NC(=NC(=N2)N(CCO)CCO)NC3=C(C=CC(=C3)S(=O)(=O)[O-])S(=O)(=O)[O-])S(=O)(=O)[O-])C=CC4=C(C=C(C=C4)NC5=NC(=NC(=N5)N(CCO)CCO)NC6=C(C=CC(=C6)S(=O)(=O)[O-])S(=O)(=O)[O-])S(=O)(=O)[O-].[Na+].[Na+].[Na+].[Na+].[Na+].[Na+],0,invitro,O=S(=O)([O-])c1ccc(S(=O)(=O)[O-])c(Nc2nc(Nc3ccc(C=Cc4ccc(Nc5nc(Nc6cc(S(=O)(=O)[O-])ccc6S(=O)(=O)[O-])nc(N(CCO)CCO)n5)cc4S(=O)(=O)[O-])c(S(=O)(=O)[O-])c3)nc(N(CCO)CCO)n2)c1.[Na+].[Na+].[Na+].[Na+].[Na+].[Na+],C1CCC(CC2CCCC(CC3CCC(CCC4CCC(CC5CCCC(CC6CCCCC6)C5)CC4)CC3)C2)CC1,cyclic,C1CCC(CC2CCCC(CC3CCC(CCC4CCC(CC5CCCC(CC6CCCCC6)C5)CC4)CC3)C2)CC1,train
9272,CCCCCCCCCCCCCCCCCCOP(=O)([O-])[O-].[K+].[K+],0,invitro,CCCCCCCCCCCCCCCCCCOP(=O)([O-])[O-].[K+].[K+],ACYC_C5,acyclic,ACYC_C5,train
9306,COC(=O)COC1=NC(=C(C(=C1Cl)N)Cl)F,0,invitro,COC(=O)COc1nc(F)c(Cl)c(N)c1Cl,C1CCCCC1,cyclic,C1CCCCC1,train
9313,C1=CC=C2C(=C1)C3=NC4=CC=CC5=C4C(=CC=C5)N3C2=O,0,invitro,O=C1c2ccccc2C2=Nc3cccc4cccc(c34)N12,CC1C2CCCCC2C2CC3CCCC4CCCC(C43)C12,cyclic,CC1C2CCCCC2C2CC3CCCC4CCCC(C43)C12,test
9316,CCCCCCCCCCCCCCCCCCOC(=O)CCSCCC(=O)OCCCCCCCCCCCCCCCCCC,0,invitro,CCCCCCCCCCCCCCCCCCOC(=O)CCSCCC(=O)OCCCCCCCCCCCCCCCCCC,ACYC_C31,acyclic,ACYC_C31,train
9323,C1CCC(C(C1)N)N,0,invitro,NC1CCCCC1N,C1CCCCC1,cyclic,C1CCCCC1,train
9328,CCC1CCC(=O)O1,0,invitro,CCC1CCC(=O)O1,CC1CCCC1,cyclic,CC1CCCC1,train
9335,CCC1(OCC(O1)COC(=O)C=C)C,1,invitro,C=CC(=O)OCC1COC(C)(CC)O1,C1CCCC1,cyclic,C1CCCC1,train
9337,C1=CC=C(C(=C1)C(=O)O)NC(=O)CCC2=CC=C(C=C2)O,1,invitro,O=C(CCc1ccc(O)cc1)Nc1ccccc1C(=O)O,CC(CCC1CCCCC1)CC1CCCCC1,cyclic,CC(CCC1CCCCC1)CC1CCCCC1,test
9338,C(CO)N(CCO)C(CO)(CO)CO,0,invitro,OCCN(CCO)C(CO)(CO)CO,ACYC_C6,acyclic,ACYC_C6,train
9346,C1CCC(CC1)C(C(=O)O)NC(=O)OCC2=CC=CC=C2,0,invitro,O=C(NC(C(=O)O)C1CCCCC1)OCc1ccccc1,CC(CCC1CCCCC1)CCC1CCCCC1,cyclic,CC(CCC1CCCCC1)CCC1CCCCC1,test
9348,C1=CC=C2C(=C1)C=C(C(=C2N=NC3=C(C=CC(=C3)Cl)Cl)O)C(=O)NC4=CC5=C(C=C4)NC(=O)N5,0,invitro,O=C(Nc1ccc2[nH]c(=O)[nH]c2c1)c1cc2ccccc2c(N=Nc2cc(Cl)ccc2Cl)c1O,CC1CC2CCC(CC(C)C3CC4CCCCC4C(CCC4CCCCC4)C3)CC2C1,cyclic,CC1CC2CCC(CC(C)C3CC4CCCCC4C(CCC4CCCCC4)C3)CC2C1,train
9355,CC(C)(CO)N(C)C,0,invitro,CN(C)C(C)(C)CO,ACYC_C6,acyclic,ACYC_C6,train
9357,C(=C(F)F)(OC(OC(F)(F)F)(F)F)F,0,invitro,FC(F)=C(F)OC(F)(F)OC(F)(F)F,ACYC_C30,acyclic,ACYC_C30,train
9372,CNC1=C(C2=C(C=C(C=C2C=C1)S(=O)(=O)[O-])O)N=NC3=C(C=C(C=C3)NC(=O)C(=C)Br)S(=O)(=O)[O-].[Na+].[Na+],1,invitro,C=C(Br)C(=O)Nc1ccc(N=Nc2c(NC)ccc3cc(S(=O)(=O)[O-])cc(O)c23)c(S(=O)(=O)[O-])c1.[Na+].[Na+],C1CCC(CCC2CCCC3CCCCC32)CC1,cyclic,C1CCC(CCC2CCCC3CCCCC32)CC1,test
9373,C=C(C(=O)NC1=CC(=C(C=C1)N=NC2=C(C=CC3=CC(=CC(=C32)O)S(=O)(=O)[O-])N)S(=O)(=O)[O-])Br.[Na+].[Na+],1,invitro,C=C(Br)C(=O)Nc1ccc(N=Nc2c(N)ccc3cc(S(=O)(=O)[O-])cc(O)c23)c(S(=O)(=O)[O-])c1.[Na+].[Na+],C1CCC(CCC2CCCC3CCCCC32)CC1,cyclic,C1CCC(CCC2CCCC3CCCCC32)CC1,test
9382,CC1=NN(C(=O)C1N=NC2=C(C=CC(=C2)NC(=O)C(=C)Br)S(=O)(=O)[O-])C3=CC(=C(C=C3Cl)S(=O)(=O)[O-])Cl.[Na+].[Na+],0,invitro,C=C(Br)C(=O)Nc1ccc(S(=O)(=O)[O-])c(N=NC2C(=O)N(c3cc(Cl)c(S(=O)(=O)[O-])cc3Cl)N=C2C)c1.[Na+].[Na+],CC1C(CCC2CCCCC2)CCC1C1CCCCC1,cyclic,CC1C(CCC2CCCCC2)CCC1C1CCCCC1,train
9384,C1=CC(=NC=C1CCl)Cl,1,invitro,ClCc1ccc(Cl)nc1,C1CCCCC1,cyclic,C1CCCCC1,train
9394,CCCCCC1CCCC(=O)O1,0,invitro,CCCCCC1CCCC(=O)O1,CC1CCCCC1,cyclic,CC1CCCCC1,train
9401,CC(=O)NC1=CC=CC(=C1)NC2=CC(=C(C3=C2C(=O)C4=CC=CC=C4C3=O)N)S(=O)(=O)[O-].[Na+],0,invitro,CC(=O)Nc1cccc(Nc2cc(S(=O)(=O)[O-])c(N)c3c2C(=O)c2ccccc2C3=O)c1.[Na+],CC1C2CCCCC2C(C)C2C(CC3CCCCC3)CCCC12,cyclic,CC1C2CCCCC2C(C)C2C(CC3CCCCC3)CCCC12,train
9411,OS(=O)(=O)[O-].OS(=O)(=O)O[O-].OS(=O)(=O)O[O-].[O-]S(=O)(=O)[O-].[K+].[K+].[K+].[K+].[K+],1,invitro,O=S(=O)(O)O[O-].O=S(=O)(O)O[O-].O=S(=O)([O-])O.O=S(=O)([O-])[O-].[K+].[K+].[K+].[K+].[K+],ACYC_C33,acyclic,ACYC_C33,train
9421,CCOC(=O)C(=C)C#N,0,invitro,C=C(C#N)C(=O)OCC,ACYC_C44,acyclic,ACYC_C44,train
9434,C1=CC=C(C=C1)NC2=NC(=NC(=N2)N(CCO)CCO)NC3=CC(=C(C=C3)C=CC4=C(C=C(C=C4)NC5=NC(=NC(=N5)NC6=CC=CC=C6)N(CCO)CCO)S(=O)(=O)[O-])S(=O)(=O)[O-].[Na+].[Na+].[K].[K],0,invitro,O=S(=O)([O-])c1cc(Nc2nc(Nc3ccccc3)nc(N(CCO)CCO)n2)ccc1C=Cc1ccc(Nc2nc(Nc3ccccc3)nc(N(CCO)CCO)n2)cc1S(=O)(=O)[O-].[K].[K].[Na+].[Na+],C1CCC(CC2CCCC(CC3CCC(CCC4CCC(CC5CCCC(CC6CCCCC6)C5)CC4)CC3)C2)CC1,cyclic,C1CCC(CC2CCCC(CC3CCC(CCC4CCC(CC5CCCC(CC6CCCCC6)C5)CC4)CC3)C2)CC1,train
9440,CCCCCCCCCCCCCCCCCC(=O)OCC(COCC(COC(=O)CCCCCCCCCCCCCCCCC)(COC(=O)CCCCCCCCCCCCCCCCC)COC(=O)CCCCCCCCCCCCCCCCC)(COC(=O)CCCCCCCCCCCCCCCCC)COC(=O)CCCCCCCCCCCCCCCCC,0,invitro,CCCCCCCCCCCCCCCCCC(=O)OCC(COCC(COC(=O)CCCCCCCCCCCCCCCCC)(COC(=O)CCCCCCCCCCCCCCCCC)COC(=O)CCCCCCCCCCCCCCCCC)(COC(=O)CCCCCCCCCCCCCCCCC)COC(=O)CCCCCCCCCCCCCCCCC,ACYC_C1,acyclic,ACYC_C1,train
9441,CC(C)COC(=O)C1CCCCC1C(=O)OCC(C)C,0,invitro,CC(C)COC(=O)C1CCCCC1C(=O)OCC(C)C,C1CCCCC1,cyclic,C1CCCCC1,train
9442,CCCCC(CC)COC(=O)CC(C)CC(C)(C)C,0,invitro,CCCCC(CC)COC(=O)CC(C)CC(C)(C)C,ACYC_C26,acyclic,ACYC_C26,train
9448,CCCCCO,0,invitro,CCCCCO,ACYC_C8,acyclic,ACYC_C8,train
9449,C1=CC=CC=C1,1,invitro,c1ccccc1,C1CCCCC1,cyclic,C1CCCCC1,train
9453,C1=CC2=C(C=CC(=C2S(=O)(=O)[O-])N=NC3=C4C(=CC(=C3)S(=O)(=O)[O-])C=C(C(=C4O)NC5=NC(=NC(=N5)NC6=CC=C(C=C6)NC7=NC(=NC(=N7)Cl)NC8=C(C9=C(C=C(C=C9C=C8S(=O)(=O)[O-])S(=O)(=O)[O-])N=NC2=C(C3=C(C=C2)C(=CC=C3)S(=O)(=O)[O-])S(=O)(=O)[O-])O)Cl)S(=O)(=O)[O-])C(=C1)S(=O)(=O)[O-].[Na+].[Na+].[Na+].[Na+].[Na+].[Na+].[Na+].[Na+],0,invitro,O=S(=O)([O-])c1cc(N=Nc2ccc3c(S(=O)(=O)[O-])cccc3c2S(=O)(=O)[O-])c2c(O)c(Nc3nc(Cl)nc(Nc4ccc(Nc5nc(Cl)nc(Nc6c(S(=O)(=O)[O-])cc7cc(S(=O)(=O)[O-])cc(N=Nc8ccc9c(S(=O)(=O)[O-])cccc9c8S(=O)(=O)[O-])c7c6O)n5)cc4)n3)c(S(=O)(=O)[O-])cc2c1.[Na+].[Na+].[Na+].[Na+].[Na+].[Na+].[Na+].[Na+],C1CC(CC2CCC(CC3CCCC(CC4CCC5CCCC(CCC6CCC7CCCCC7C6)C5C4)C3)CC2)CC(CC2CCC3CCCC(CCC4CCC5CCCCC5C4)C3C2)C1,cyclic,C1CC(CC2CCC(CC3CCCC(CC4CCC5CCCC(CCC6CCC7CCCCC7C6)C5C4)C3)CC2)CC(CC2CCC3CCCC(CCC4CCC5CCCCC5C4)C3C2)C1,test
9458,CC=CC(=O)C1C(C=CCC1(C)C)C,0,invitro,CC=CC(=O)C1C(C)C=CCC1(C)C,C1CCCCC1,cyclic,C1CCCCC1,train
9470,CCCCCCCC1CCCC(=O)O1,0,invitro,CCCCCCCC1CCCC(=O)O1,CC1CCCCC1,cyclic,CC1CCCCC1,train
9475,CC1=CC2=C(C=C1)OCCN2,1,invitro,Cc1ccc2c(c1)NCCO2,C1CCC2CCCCC2C1,cyclic,C1CCC2CCCCC2C1,train
9479,COC1=C(C=CC(=C1)N=NC2=CC(=CC=C2)S(=O)(=O)O)NC(=O)NC3=C(C=C(C=C3)N=NC4=CC(=CC=C4)S(=O)(=O)O)OC.C(CO)NCCO.C(CO)NCCO,0,invitro,COc1cc(N=Nc2cccc(S(=O)(=O)O)c2)ccc1NC(=O)Nc1ccc(N=Nc2cccc(S(=O)(=O)O)c2)cc1OC.OCCNCCO.OCCNCCO,CC(CC1CCC(CCC2CCCCC2)CC1)CC1CCC(CCC2CCCCC2)CC1,cyclic,CC(CC1CCC(CCC2CCCCC2)CC1)CC1CCC(CCC2CCCCC2)CC1,test
9481,CC1=C(C=C(C=C1)C(=O)OC(C)C)N=NC2=C(C(=CC3=CC=CC=C32)C(=O)NC4=CC(=C(C=C4Cl)NC(=O)C5=CC6=CC=CC=C6C(=C5O)N=NC7=C(C=CC(=C7)C(=O)OC(C)C)C)Cl)O,0,invitro,Cc1ccc(C(=O)OC(C)C)cc1N=Nc1c(O)c(C(=O)Nc2cc(Cl)c(NC(=O)c3cc4ccccc4c(N=Nc4cc(C(=O)OC(C)C)ccc4C)c3O)cc2Cl)cc2ccccc12,CC(CC1CCC(CC(C)C2CC3CCCCC3C(CCC3CCCCC3)C2)CC1)C1CC2CCCCC2C(CCC2CCCCC2)C1,cyclic,CC(CC1CCC(CC(C)C2CC3CCCCC3C(CCC3CCCCC3)C2)CC1)C1CC2CCCCC2C(CCC2CCCCC2)C1,train
9487,C1C(O1)CN(CC2CO2)C3=CC(=CC=C3)OCC4CO4,1,invitro,c1cc(OCC2CO2)cc(N(CC2CO2)CC2CO2)c1,C1CC(CCC2CC2)CC(C(CC2CC2)CC2CC2)C1,cyclic,C1CC(CCC2CC2)CC(C(CC2CC2)CC2CC2)C1,test
9490,CC(C)C1=CC(=CC(=C1)C(C)C)C(C)C,1,invitro,CC(C)c1cc(C(C)C)cc(C(C)C)c1,C1CCCCC1,cyclic,C1CCCCC1,train
9494,CCCCCCCCCC[N+](C)(C)CCCCCCCCCC.[Cl-],0,invitro,CCCCCCCCCC[N+](C)(C)CCCCCCCCCC.[Cl-],ACYC_C13,acyclic,ACYC_C13,train
9517,CC(C)CCCCCCCCCCCCCCC(=O)O.C(C(C(C(C(O)O)O)O)O)O,0,invitro,CC(C)CCCCCCCCCCCCCCC(=O)O.OCC(O)C(O)C(O)C(O)O,ACYC_C12,acyclic,ACYC_C12,train
9519,CC(C)CCCCCC(=O)NCCCCCC(=O)O,0,invitro,CC(C)CCCCCC(=O)NCCCCCC(=O)O,ACYC_C22,acyclic,ACYC_C22,train
9523,CC(C(=O)[O-])O.[Na+],0,invitro,CC(O)C(=O)[O-].[Na+],ACYC_C23,acyclic,ACYC_C23,train
9525,CC(C(C(=O)O)N)O,0,invitro,CC(O)C(N)C(=O)O,ACYC_C23,acyclic,ACYC_C23,train
9530,CC(C)(C)CC(C)(C)NC1=NC(=NC(=N1)Cl)Cl,0,invitro,CC(C)(C)CC(C)(C)Nc1nc(Cl)nc(Cl)n1,C1CCCCC1,cyclic,C1CCCCC1,train
9533,CC1=CC2=C(C=C1N=NC3C(=O)NC(=O)NC3=O)NC(=O)N2,0,invitro,Cc1cc2[nH]c(=O)[nH]c2cc1N=NC1C(=O)NC(=O)NC1=O,CC1CC(C)C(CCC2CCC3CC(C)CC3C2)C(C)C1,cyclic,CC1CC(C)C(CCC2CCC3CC(C)CC3C2)C(C)C1,test
9547,C(CO)COCC(COCCCO)(COCCCO)COCCCO.C(C(CS)O)O,0,invitro,OCC(O)CS.OCCCOCC(COCCCO)(COCCCO)COCCCO,ACYC_C20,acyclic,ACYC_C20,train
9563,CCOC(=O)NCCOC1=CC=C(C=C1)OC2=CC=CC=C2,0,invitro,CCOC(=O)NCCOc1ccc(Oc2ccccc2)cc1,C1CCC(CC2CCCCC2)CC1,cyclic,C1CCC(CC2CCCCC2)CC1,train
9566,CCCCCCCCCCCCCCCC(=O)OCCCCCCCCCCCCCCCC(C)C,0,invitro,CCCCCCCCCCCCCCCC(=O)OCCCCCCCCCCCCCCCC(C)C,ACYC_C10,acyclic,ACYC_C10,train
9567,CC(C(=O)OC)OC1=CC=C(C=C1)OC2=C(C=C(C=N2)C(F)(F)F)Cl,0,invitro,COC(=O)C(C)Oc1ccc(Oc2ncc(C(F)(F)F)cc2Cl)cc1,C1CCC(CC2CCCCC2)CC1,cyclic,C1CCC(CC2CCCCC2)CC1,train
9572,C1(=S)NN=C(S1)SSC2=NNC(=S)S2,0,invitro,S=c1[nH]nc(SSc2n[nH]c(=S)s2)s1,CC1CCC(CCC2CCC(C)C2)C1,cyclic,CC1CCC(CCC2CCC(C)C2)C1,test
9574,CC(CCC1=CC=CC=C1)CC(C)O,0,invitro,CC(O)CC(C)CCc1ccccc1,C1CCCCC1,cyclic,C1CCCCC1,train
9578,CC1=C(C2=C(C=C1)N=C(S2)C3=CC=C(C=C3)N=NC(C(=O)C)C(=O)NC4=C(C=C(C(=C4)C)S(=O)(=O)[O-])OC)S(=O)(=O)[O-].[NH4+].[Na+],0,invitro,COc1cc(S(=O)(=O)[O-])c(C)cc1NC(=O)C(N=Nc1ccc(-c2nc3ccc(C)c(S(=O)(=O)[O-])c3s2)cc1)C(C)=O.[NH4+].[Na+],CC(CCCC1CCC(C2CC3CCCCC3C2)CC1)CC1CCCCC1,cyclic,CC(CCCC1CCC(C2CC3CCCCC3C2)CC1)CC1CCCCC1,test
9582,CCCCC(CC)CSC1=C(C=C(C=C1)C(C)(C)C)NC(=O)C(C2=NC3=CC=CC=C3S(=O)(=O)N2CCCOCCCC)N4C(=O)C(OC4=O)(C)C,0,invitro,CCCCOCCCN1C(C(C(=O)Nc2cc(C(C)(C)C)ccc2SCC(CC)CCCC)N2C(=O)OC(C)(C)C2=O)=Nc2ccccc2S1(=O)=O,CC1CCC(C)C1C(C(C)CC1CCCCC1)C1CC2CCCCC2C(C)(C)C1,cyclic,CC1CCC(C)C1C(C(C)CC1CCCCC1)C1CC2CCCCC2C(C)(C)C1,test
9590,CC(C)NC1=NC(=NC(=N1)SC)NC(C)C,0,invitro,CSc1nc(NC(C)C)nc(NC(C)C)n1,C1CCCCC1,cyclic,C1CCCCC1,train
9591,CCCCCCCCC=CCCCCCCCCNC(=O)CCCCCCCC=CCCCCCCCC,0,invitro,CCCCCCCCC=CCCCCCCCCNC(=O)CCCCCCCC=CCCCCCCCC,ACYC_C22,acyclic,ACYC_C22,train
9592,CCOC(=O)C1CCC(CC1)C(=O)OCC,0,invitro,CCOC(=O)C1CCC(C(=O)OCC)CC1,C1CCCCC1,cyclic,C1CCCCC1,train
9597,CC1=C(C(=NC(=C1N=NC2=C(C(=C(S2)C(=O)OC)C)C#N)NCCCOC)NCCCOC)C#N,0,invitro,COCCCNc1nc(NCCCOC)c(N=Nc2sc(C(=O)OC)c(C)c2C#N)c(C)c1C#N,C1CCC(CCC2CCCC2)CC1,cyclic,C1CCC(CCC2CCCC2)CC1,test
9601,C1=CC=C2C(=C1)C(=CN2)CC(C(=O)O)N,0,invitro,NC(Cc1c[nH]c2ccccc12)C(=O)O,C1CCC2CCCC2C1,cyclic,C1CCC2CCCC2C1,train
9614,CCCCC(CC)C(=O)[O-].CCCCC(CC)C(=O)[O-].CCCCC(CC)C(=O)[O-].[Fe+3],0,invitro,CCCCC(CC)C(=O)[O-].CCCCC(CC)C(=O)[O-].CCCCC(CC)C(=O)[O-].[Fe+3],ACYC_C4,acyclic,ACYC_C4,train
9618,CCOCCOCCOC(=O)C=C,0,invitro,C=CC(=O)OCCOCCOCC,ACYC_C43,acyclic,ACYC_C43,train
9619,CCCCOCCOCCOC(=O)C(=C)C,0,invitro,C=C(C)C(=O)OCCOCCOCCCC,ACYC_C47,acyclic,ACYC_C47,train
9623,CCOC(=O)C(=CC(=O)OC)C,0,invitro,CCOC(=O)C(C)=CC(=O)OC,ACYC_C35,acyclic,ACYC_C35,train
9644,C1CN(CCN1CCO)CCS(=O)(=O)O,0,invitro,O=S(=O)(O)CCN1CCN(CCO)CC1,C1CCCCC1,cyclic,C1CCCCC1,train
9645,C1=CC(=CC=C1C(=O)NCCC(=O)O)N,0,invitro,Nc1ccc(C(=O)NCCC(=O)O)cc1,C1CCCCC1,cyclic,C1CCCCC1,train
9654,CC1=CC2=C(C(=C1)C3CCCCC3)OP(OC4=C(C2)C=C(C=C4C5CCCCC5)C)O,0,invitro,Cc1cc2c(c(C3CCCCC3)c1)OP(O)Oc1c(cc(C)cc1C1CCCCC1)C2,C1CCC(C2CCCC3CC4CCCC(C5CCCCC5)C4CCCC32)CC1,cyclic,C1CCC(C2CCCC3CC4CCCC(C5CCCCC5)C4CCCC32)CC1,test
9656,CC(C)(C)CC(C)(C)C1=CC(=C(C(=C1)N2N=C3C=CC=CC3=N2)O)C(C)(C)C4=CC=CC=C4,0,invitro,CC(C)(C)CC(C)(C)c1cc(-n2nc3ccccc3n2)c(O)c(C(C)(C)c2ccccc2)c1,C1CCC(CC2CCCC(C3CC4CCCCC4C3)C2)CC1,cyclic,C1CCC(CC2CCCC(C3CC4CCCCC4C3)C2)CC1,test
9661,B(CC)(CC)OC,1,invitro,CCB(CC)OC,ACYC_C32,acyclic,ACYC_C32,train
9667,C(CC(C(=O)O)N)CN=C(N)N,0,invitro,NC(N)=NCCCC(N)C(=O)O,ACYC_C19,acyclic,ACYC_C19,train
9672,C#C,0,invitro,C#C,ACYC_C40,acyclic,ACYC_C40,train
9684,C1CC2CC1C=C2.C(=[N-])=O.C(=[N-])=O,0,invitro,C1=CC2CCC1C2.[N-]=C=O.[N-]=C=O,C1CC2CCC1C2,cyclic,C1CC2CCC1C2,train
9687,CC(CC(=O)OC)C(=O)C1=CC(=C(C=C1)NC(=O)C2=CC=C(C=C2)OC)[N+](=O)[O-],0,invitro,COC(=O)CC(C)C(=O)c1ccc(NC(=O)c2ccc(OC)cc2)c([N+](=O)[O-])c1,CC(CC1CCCCC1)C1CCCCC1,cyclic,CC(CC1CCCCC1)C1CCCCC1,test
9690,C1CN1C(=O)NC2=CC=C(C=C2)CC3=CC=C(C=C3)NC(=O)N4CC4,0,invitro,O=C(Nc1ccc(Cc2ccc(NC(=O)N3CC3)cc2)cc1)N1CC1,CC(CC1CCC(CC2CCC(CC(C)C3CC3)CC2)CC1)C1CC1,cyclic,CC(CC1CCC(CC2CCC(CC(C)C3CC3)CC2)CC1)C1CC1,test
9693,C(CC(O)S(=O)(=O)[O-])CC(O)S(=O)(=O)[O-].[Na+].[Na+],1,invitro,O=S(=O)([O-])C(O)CCCC(O)S(=O)(=O)[O-].[Na+].[Na+],ACYC_C33,acyclic,ACYC_C33,train
9701,CC1=C(C2=NC3=CC=CC=C3C(=O)N2N1)N=NC4=C(C=C(C=C4)Cl)[N+](=O)[O-],0,invitro,Cc1[nH]n2c(=O)c3ccccc3nc2c1N=Nc1ccc(Cl)cc1[N+](=O)[O-],CC1C2CCCCC2CC2C(CCC3CCCCC3)CCC12,cyclic,CC1C2CCCCC2CC2C(CCC3CCCCC3)CCC12,test
9705,[Li],0,invitro,[Li],ACYC_C40,acyclic,ACYC_C40,train
9706,[Mg],0,invitro,[Mg],ACYC_C40,acyclic,ACYC_C40,train
9710,[Pd],0,invitro,[Pd],ACYC_C40,acyclic,ACYC_C40,train
9716,[Sb],1,invitro,[Sb],ACYC_C40,acyclic,ACYC_C40,train
9718,[Be],0,invitro,[Be],ACYC_C40,acyclic,ACYC_C40,train
9724,[Ce],0,invitro,[Ce],ACYC_C40,acyclic,ACYC_C40,train
9729,[Ge],0,invitro,[Ge],ACYC_C40,acyclic,ACYC_C40,train
9733,C[N+]1=CC=C(C=C1)C=CC2=CC=C(C=C2)C=O.COS(=O)(=O)[O-],0,invitro,COS(=O)(=O)[O-].C[n+]1ccc(C=Cc2ccc(C=O)cc2)cc1,C1CCC(CCC2CCCCC2)CC1,cyclic,C1CCC(CCC2CCCCC2)CC1,train
9737,O=[Se]=O,1,invitro,O=[Se]=O,ACYC_C11,acyclic,ACYC_C11,train
9738,[O-]P(=O)([O-])OP(=O)([O-])[O-].[Zn+2].[Zn+2],0,invitro,O=P([O-])([O-])OP(=O)([O-])[O-].[Zn+2].[Zn+2],ACYC_C16,acyclic,ACYC_C16,train
9744,[Li+].[Cl-],0,invitro,[Cl-].[Li+],ACYC_C40,acyclic,ACYC_C40,train
9762,[O-]S(=O)(=O)[O-].[Mg+2],0,invitro,O=S(=O)([O-])[O-].[Mg+2],ACYC_C33,acyclic,ACYC_C33,train
9768,CC(CCC=C(C)C)CCOCC=O,0,invitro,CC(C)=CCCC(C)CCOCC=O,ACYC_C17,acyclic,ACYC_C17,train
9775,C=CF,1,invitro,C=CF,ACYC_C30,acyclic,ACYC_C30,train
9791,CC(C)S,0,invitro,CC(C)S,ACYC_C9,acyclic,ACYC_C9,train
9801,CC(C)(C)O,0,invitro,CC(C)(C)O,ACYC_C0,acyclic,ACYC_C0,train
9809,CCC(C)(C)O,0,invitro,CCC(C)(C)O,ACYC_C0,acyclic,ACYC_C0,train
9831,C1CN(CCN1CCO)CCS(=O)(=O)[O-].[Na+],0,invitro,O=S(=O)([O-])CCN1CCN(CCO)CC1.[Na+],C1CCCCC1,cyclic,C1CCCCC1,train
9838,CC(=C)C(=O)OC1CC2CCC1(C2(C)C)C,0,invitro,C=C(C)C(=O)OC1CC2CCC1(C)C2(C)C,C1CC2CCC1C2,cyclic,C1CC2CCC1C2,train
9843,[Li+].[Br-],0,invitro,[Br-].[Li+],ACYC_C40,acyclic,ACYC_C40,train
9847,OP(=O)([O-])[O-].[Na+].[Na+],0,invitro,O=P([O-])([O-])O.[Na+].[Na+],ACYC_C16,acyclic,ACYC_C16,train
9848,OP(=O)(O)[O-].[Na+],0,invitro,O=P([O-])(O)O.[Na+],ACYC_C16,acyclic,ACYC_C16,train
9850,C(=O)(C(C(F)(F)F)(C(F)(F)F)F)C(C(F)(F)F)(F)F,0,invitro,O=C(C(F)(F)C(F)(F)F)C(F)(C(F)(F)F)C(F)(F)F,ACYC_C30,acyclic,ACYC_C30,train
9856,C(CS)C(=O)OCC(COC(=O)CCS)(COC(=O)CCS)COC(=O)CCS,0,invitro,O=C(CCS)OCC(COC(=O)CCS)(COC(=O)CCS)COC(=O)CCS,ACYC_C1,acyclic,ACYC_C1,train
9864,C(C(F)(F)F)(F)(F)F,0,invitro,FC(F)(F)C(F)(F)F,ACYC_C30,acyclic,ACYC_C30,train
9871,[O-]Cl(=O)(=O)=O.[Na+],0,invitro,[Na+].[O-][Cl+3]([O-])([O-])[O-],ACYC_C40,acyclic,ACYC_C40,train
9872,OCl(=O)(=O)=O,0,invitro,[O-][Cl+3]([O-])([O-])O,ACYC_C40,acyclic,ACYC_C40,train
9874,CCCCN(CCCC)C=O,0,invitro,CCCCN(C=O)CCCC,ACYC_C5,acyclic,ACYC_C5,train
9876,[Li+].C(#N)C1=C(N=C([N-]1)C(F)(F)F)C#N,0,invitro,N#Cc1nc(C(F)(F)F)[n-]c1C#N.[Li+],C1CCCC1,cyclic,C1CCCC1,train
9879,CCCCCCCCCC(=O)OOC(=O)CCCCCCCCC,0,invitro,CCCCCCCCCC(=O)OOC(=O)CCCCCCCCC,ACYC_C18,acyclic,ACYC_C18,train
9883,[Li+].CCCCCCC(CCCCCCCCCCC(=O)[O-])O,0,invitro,CCCCCCC(O)CCCCCCCCCCC(=O)[O-].[Li+],ACYC_C37,acyclic,ACYC_C37,train
9887,O=[Si]=O,0,invitro,O=[Si]=O,ACYC_C11,acyclic,ACYC_C11,train
9888,OS(=O)[O-].[Na+],0,invitro,O=S([O-])O.[Na+],ACYC_C11,acyclic,ACYC_C11,train
9890,[N+](=O)([O-])[O-].[Na+],0,invitro,O=[N+]([O-])[O-].[Na+],ACYC_C39,acyclic,ACYC_C39,train
9893,B(F)(F)F,0,invitro,FB(F)F,ACYC_C32,acyclic,ACYC_C32,train
9904,CC(=O)C1CC1,0,invitro,CC(=O)C1CC1,C1CC1,cyclic,C1CC1,train
9905,C1C(C(O1)(F)F)(F)F,1,invitro,FC1(F)COC1(F)F,C1CCC1,cyclic,C1CCC1,test
9907,CCCCCCCCCCCCCCCCCC(=O)NCCCN(C)C,0,invitro,CCCCCCCCCCCCCCCCCC(=O)NCCCN(C)C,ACYC_C22,acyclic,ACYC_C22,train
9912,CCN1CCCCC1,0,invitro,CCN1CCCCC1,C1CCCCC1,cyclic,C1CCCCC1,train
9913,CCCCCCCCC=CCCCCCCCC(=O)N(C)CC(=O)[O-].[K+],0,invitro,CCCCCCCCC=CCCCCCCCC(=O)N(C)CC(=O)[O-].[K+],ACYC_C45,acyclic,ACYC_C45,train
9914,OP(=O)(O)O,0,invitro,O=P(O)(O)O,ACYC_C16,acyclic,ACYC_C16,train
9922,[F-].[Na+],1,invitro,[F-].[Na+],ACYC_C40,acyclic,ACYC_C40,train
9924,[O-][PH+]=O.[Na+],0,invitro,O=[PH+][O-].[Na+],ACYC_C11,acyclic,ACYC_C11,train
9925,[O-]S(=O)S(=O)(=O)[O-].[Na+].[Na+],0,invitro,O=S([O-])S(=O)(=O)[O-].[Na+].[Na+],ACYC_C11,acyclic,ACYC_C11,train
9932,C[Si](C)(C=C)N[Si](C)(C)C=C,0,invitro,C=C[Si](C)(C)N[Si](C)(C)C=C,ACYC_C32,acyclic,ACYC_C32,train
9934,CC1=C(C(=C(C2=C1OC(CC2)(C)CCCC(C)CCCC(C)CCCC(C)C)C)OC(=O)C)C,0,invitro,CC(=O)Oc1c(C)c(C)c2c(c1C)CCC(C)(CCCC(C)CCCC(C)CCCC(C)C)O2,C1CCC2CCCCC2C1,cyclic,C1CCC2CCCCC2C1,train
9936,[N+](=O)(O)[O-],0,invitro,O=[N+]([O-])O,ACYC_C39,acyclic,ACYC_C39,train
9943,CC1CCC2C13CCC(C(C3)C2(C)C)(C)OC(=O)C,0,invitro,CC(=O)OC1(C)CCC23CC1C(C)(C)C2CCC3C,C1CC2CC3CCCC3(C1)C2,cyclic,C1CC2CC3CCCC3(C1)C2,test
9945,CC1=CC(=C(C(=C1)C2(CCCCC2)C)O)CC3=C(C(=CC(=C3)C)C4(CCCCC4)C)O,0,invitro,Cc1cc(Cc2cc(C)cc(C3(C)CCCCC3)c2O)c(O)c(C2(C)CCCCC2)c1,C1CCC(C2CCCC(CC3CCCC(C4CCCCC4)C3)C2)CC1,cyclic,C1CCC(C2CCCC(CC3CCCC(C4CCCCC4)C3)C2)CC1,test
9946,CC1(C(=O)NC(=O)N1)C,0,invitro,CC1(C)NC(=O)NC1=O,CC1CCC(C)C1,cyclic,CC1CCC(C)C1,train
9953,C1=CC(=CC=C1C(CN)O)O.Cl,0,invitro,Cl.NCC(O)c1ccc(O)cc1,C1CCCCC1,cyclic,C1CCCCC1,train
9961,Cl[Ni]Cl,1,invitro,[Cl][Ni][Cl],ACYC_C40,acyclic,ACYC_C40,train
9962,CP(=O)(CCC(C(=O)[O-])N)O.[NH4+],0,invitro,CP(=O)(O)CCC(N)C(=O)[O-].[NH4+],ACYC_C23,acyclic,ACYC_C23,train
9968,P,0,invitro,P,ACYC_C40,acyclic,ACYC_C40,train
9974,CCC12COCN1COC2,0,invitro,CCC12COCN1COC2,C1CC2CCCC2C1,cyclic,C1CC2CCCC2C1,test
9980,[O-]S(=O)[O-].[Na+].[Na+],0,invitro,O=S([O-])[O-].[Na+].[Na+],ACYC_C11,acyclic,ACYC_C11,train
9982,OP(=O)([O-])[O-].[Ca+2],0,invitro,O=P([O-])([O-])O.[Ca+2],ACYC_C16,acyclic,ACYC_C16,train
9986,OP(=O)([O-])[O-].[K+].[K+],0,invitro,O=P([O-])([O-])O.[K+].[K+],ACYC_C16,acyclic,ACYC_C16,train
9987,OP(=O)([O-])OP(=O)(O)[O-].[Na+].[Na+],0,invitro,O=P([O-])(O)OP(=O)([O-])O.[Na+].[Na+],ACYC_C16,acyclic,ACYC_C16,train
9989,OP(=O)(O)[O-].OP(=O)(O)[O-].[Ca+2],0,invitro,O=P([O-])(O)O.O=P([O-])(O)O.[Ca+2],ACYC_C16,acyclic,ACYC_C16,train
9990,[F-].[F-].[F-].[Ce+3],0,invitro,[Ce+3].[F-].[F-].[F-],ACYC_C40,acyclic,ACYC_C40,train
9997,CCCCNC(=O)NC1=CC=C(C=C1)CC2=CC=C(C=C2)NC(=O)NCCCC,0,invitro,CCCCNC(=O)Nc1ccc(Cc2ccc(NC(=O)NCCCC)cc2)cc1,C1CCC(CC2CCCCC2)CC1,cyclic,C1CCC(CC2CCCCC2)CC1,train
9998,[O-]S(=O)(=S)[O-].[Na+].[Na+],0,invitro,O=S([O-])([O-])=S.[Na+].[Na+],ACYC_C33,acyclic,ACYC_C33,train
10000,OS(=O)[O-].[K+],0,invitro,O=S([O-])O.[K+],ACYC_C11,acyclic,ACYC_C11,train
10001,[NH4+].NS(=O)(=O)[O-],0,invitro,NS(=O)(=O)[O-].[NH4+],ACYC_C33,acyclic,ACYC_C33,train
10004,[O-]S(=O)S(=O)[O-].[Na+].[Na+],0,invitro,O=S([O-])S(=O)[O-].[Na+].[Na+],ACYC_C11,acyclic,ACYC_C11,train
10009,OP(=O)(O)[O-].[K+],0,invitro,O=P([O-])(O)O.[K+],ACYC_C16,acyclic,ACYC_C16,train
10011,CC1CC(CC(C1)(C)C)OC(=O)C(=C)C,0,invitro,C=C(C)C(=O)OC1CC(C)CC(C)(C)C1,C1CCCCC1,cyclic,C1CCCCC1,train
10019,[Se],1,invitro,[Se],ACYC_C40,acyclic,ACYC_C40,train
10022,[O-]P=O.[K+],0,invitro,O=P[O-].[K+],ACYC_C11,acyclic,ACYC_C11,train
10023,[Li+].[NH2-],0,invitro,[Li+].[NH2-],ACYC_C40,acyclic,ACYC_C40,train
10027,[NH4+].[NH4+].[O-]S(=O)(=S)[O-],0,invitro,O=S([O-])([O-])=S.[NH4+].[NH4+],ACYC_C33,acyclic,ACYC_C33,train
10031,[F-].[F-].[Sr+2],1,invitro,[F-].[F-].[Sr+2],ACYC_C40,acyclic,ACYC_C40,train
10038,[O-]P(=O)([O-])[O-].[Al+3],0,invitro,O=P([O-])([O-])[O-].[Al+3],ACYC_C16,acyclic,ACYC_C16,train
10040,CC1=CCC2CC1C2(C)C,0,invitro,CC1=CCC2CC1C2(C)C,C1CC2CC(C1)C2,cyclic,C1CC2CC(C1)C2,test
10044,[Mg+2].[Cl-].[Cl-],0,invitro,[Cl-].[Cl-].[Mg+2],ACYC_C40,acyclic,ACYC_C40,train
10045,CC1CCC(C(C1)O)C(=C)C,0,invitro,C=C(C)C1CCC(C)CC1O,C1CCCCC1,cyclic,C1CCCCC1,train
10057,[F-].[K+],1,invitro,[F-].[K+],ACYC_C40,acyclic,ACYC_C40,train
10058,[Li+].[F-],0,invitro,[F-].[Li+],ACYC_C40,acyclic,ACYC_C40,train
10063,[F-].[F-].[Ca+2],0,invitro,[Ca+2].[F-].[F-],ACYC_C40,acyclic,ACYC_C40,train
10068,[Li+].[N+](=O)([O-])[O-],0,invitro,O=[N+]([O-])[O-].[Li+],ACYC_C39,acyclic,ACYC_C39,train
10070,[O-]P(=O)([O-])OP(=O)([O-])[O-].[Ca+2].[Ca+2],0,invitro,O=P([O-])([O-])OP(=O)([O-])[O-].[Ca+2].[Ca+2],ACYC_C16,acyclic,ACYC_C16,train
10071,Cl[Ce](Cl)Cl,0,invitro,[Cl][Ce]([Cl])[Cl],ACYC_C40,acyclic,ACYC_C40,train
10077,CCCCCCC(=O)OCC(CC)(COC(=O)CCCCCC)COC(=O)CCCCCC,0,invitro,CCCCCCC(=O)OCC(CC)(COC(=O)CCCCCC)COC(=O)CCCCCC,ACYC_C1,acyclic,ACYC_C1,train
10078,C#CC1(CCCCC1)O,1,invitro,C#CC1(O)CCCCC1,C1CCCCC1,cyclic,C1CCCCC1,train
10080,CCOP(=O)(CC)OCC,0,invitro,CCOP(=O)(CC)OCC,ACYC_C32,acyclic,ACYC_C32,train
10089,CCC(C)C,0,invitro,CCC(C)C,ACYC_C9,acyclic,ACYC_C9,train
10091,CC(C)CN,0,invitro,CC(C)CN,ACYC_C9,acyclic,ACYC_C9,train
10094,CC(C)C=O,0,invitro,CC(C)C=O,ACYC_C9,acyclic,ACYC_C9,train
10095,CC(=C)C=O,1,invitro,C=C(C)C=O,ACYC_C44,acyclic,ACYC_C44,train
10104,CC1(CC(CC(N1)(C)C)NCCCN(C)C)C,0,invitro,CN(C)CCCNC1CC(C)(C)NC(C)(C)C1,C1CCCCC1,cyclic,C1CCCCC1,train
10118,CCCCCCCC(=O)C1=CC(=C(C=C1)O)C(=O)O,0,invitro,CCCCCCCC(=O)c1ccc(O)c(C(=O)O)c1,C1CCCCC1,cyclic,C1CCCCC1,train
10122,CCCC1CCC(CC1)C2=CC=C(C=C2)C(=O)C,0,invitro,CCCC1CCC(c2ccc(C(C)=O)cc2)CC1,C1CCC(C2CCCCC2)CC1,cyclic,C1CCC(C2CCCCC2)CC1,train
10134,CCC(=O)N,0,invitro,CCC(N)=O,ACYC_C14,acyclic,ACYC_C14,train
10136,C(C(=O)N)Cl,1,invitro,NC(=O)CCl,ACYC_C14,acyclic,ACYC_C14,train
10141,C(C(=O)O)O,0,invitro,O=C(O)CO,ACYC_C14,acyclic,ACYC_C14,train
10144,CC(=O)OO,1,invitro,CC(=O)OO,ACYC_C14,acyclic,ACYC_C14,train
10151,C(=C(F)Cl)(F)F,0,invitro,FC(F)=C(F)Cl,ACYC_C30,acyclic,ACYC_C30,train
10153,CC(=C)C(=O)O,0,invitro,C=C(C)C(=O)O,ACYC_C44,acyclic,ACYC_C44,train
10164,CCC1=CC=C(C=C1)C2OCC3C(O2)C(OC(O3)C4=CC=C(C=C4)CC)C(CO)O,0,invitro,CCc1ccc(C2OC3COC(c4ccc(CC)cc4)OC3C(C(O)CO)O2)cc1,C1CCC(C2CCC3CC(C4CCCCC4)CCC3C2)CC1,cyclic,C1CCC(C2CCC3CC(C4CCCCC4)CCC3C2)CC1,test
10165,C1=CC(=C(C=C1NC2=NC(=NC(=N2)N(CCC#N)CCOCCO)NC3=C(C=CC(=C3)S(=O)(=O)[O-])S(=O)(=O)[O-])S(=O)(=O)[O-])C=CC4=C(C=C(C=C4)NC5=NC(=NC(=N5)N(CCC#N)CCOCCO)NC6=C(C=CC(=C6)S(=O)(=O)[O-])S(=O)(=O)[O-])S(=O)(=O)[O-].[Na+].[Na+].[Na+].[Na+].[Na+].[Na+],0,invitro,N#CCCN(CCOCCO)c1nc(Nc2ccc(C=Cc3ccc(Nc4nc(Nc5cc(S(=O)(=O)[O-])ccc5S(=O)(=O)[O-])nc(N(CCC#N)CCOCCO)n4)cc3S(=O)(=O)[O-])c(S(=O)(=O)[O-])c2)nc(Nc2cc(S(=O)(=O)[O-])ccc2S(=O)(=O)[O-])n1.[Na+].[Na+].[Na+].[Na+].[Na+].[Na+],C1CCC(CC2CCCC(CC3CCC(CCC4CCC(CC5CCCC(CC6CCCCC6)C5)CC4)CC3)C2)CC1,cyclic,C1CCC(CC2CCCC(CC3CCC(CCC4CCC(CC5CCCC(CC6CCCCC6)C5)CC4)CC3)C2)CC1,train
10185,CC1=CC(=C(C=C1NC(=O)C(C(=O)C)N=NC2=C(C=CC(=C2)C(=O)NC3=C(C=CC(=C3)C(F)(F)F)OC4=CC=C(C=C4)Cl)Cl)Cl)NC(=O)C(C(=O)C)N=NC5=C(C=CC(=C5)C(=O)NC6=C(C=CC(=C6)C(F)(F)F)OC7=CC=C(C=C7)Cl)Cl,0,invitro,CC(=O)C(N=Nc1cc(C(=O)Nc2cc(C(F)(F)F)ccc2Oc2ccc(Cl)cc2)ccc1Cl)C(=O)Nc1cc(Cl)c(NC(=O)C(N=Nc2cc(C(=O)Nc3cc(C(F)(F)F)ccc3Oc3ccc(Cl)cc3)ccc2Cl)C(C)=O)cc1C,CC(CCCC1CCCC(C(C)CC2CCCCC2CC2CCCCC2)C1)CC1CCC(CC(C)CCCC2CCCC(C(C)CC3CCCCC3CC3CCCCC3)C2)CC1,cyclic,CC(CCCC1CCCC(C(C)CC2CCCCC2CC2CCCCC2)C1)CC1CCC(CC(C)CCCC2CCCC(C(C)CC3CCCCC3CC3CCCCC3)C2)CC1,test
10187,CC(C)(C1CCC(CC1)O)C2CCC(CC2)O,0,invitro,CC(C)(C1CCC(O)CC1)C1CCC(O)CC1,C1CCC(CC2CCCCC2)CC1,cyclic,C1CCC(CC2CCCCC2)CC1,train
10189,C1=CC(=CC=C1N)S(=O)(=O)C2=CC=C(C=C2)N,1,invitro,Nc1ccc(S(=O)(=O)c2ccc(N)cc2)cc1,CC(C)(C1CCCCC1)C1CCCCC1,cyclic,CC(C)(C1CCCCC1)C1CCCCC1,train
10191,C1=CC=C(C=C1)[Si](C2=CC=CC=C2)(Cl)Cl,0,invitro,Cl[Si](Cl)(c1ccccc1)c1ccccc1,C1CCC(CC2CCCCC2)CC1,cyclic,C1CCC(CC2CCCCC2)CC1,train
10195,CC1=CC=C(C=C1)S(=O)(=O)OC,1,invitro,COS(=O)(=O)c1ccc(C)cc1,C1CCCCC1,cyclic,C1CCCCC1,train
10197,CC(CC1=CC=C(C=C1)C(C)(C)C)C=O,0,invitro,CC(C=O)Cc1ccc(C(C)(C)C)cc1,C1CCCCC1,cyclic,C1CCCCC1,train
10199,CC(=C)C(=O)OC,0,invitro,C=C(C)C(=O)OC,ACYC_C44,acyclic,ACYC_C44,train
10200,CN(C)C(=N)N(C)C,0,invitro,CN(C)C(=N)N(C)C,ACYC_C14,acyclic,ACYC_C14,train
10204,CC1=C(C(=C(C(=C1CNC(=O)CCl)C)NC2=CC(=C(C3=C2C(=O)C4=CC=CC=C4C3=O)N)S(=O)(=O)[O-])C)CNC(=O)CCl.[Na+],0,invitro,Cc1c(CNC(=O)CCl)c(C)c(Nc2cc(S(=O)(=O)[O-])c(N)c3c2C(=O)c2ccccc2C3=O)c(C)c1CNC(=O)CCl.[Na+],CC1C2CCCCC2C(C)C2C(CC3CCCCC3)CCCC12,cyclic,CC1C2CCCCC2C(C)C2C(CC3CCCCC3)CCCC12,train
10221,CCCCCCCCC=CCCCCCCCC(=O)O.CCCCCCCCC=CCCCCCCCC(=O)O.CCCCCCCCC=CCCCCCCCC(=O)O.C(C(C(C(C(CO)O)O)O)O)O.C(C(C(C(C(CO)O)O)O)O)O,0,invitro,CCCCCCCCC=CCCCCCCCC(=O)O.CCCCCCCCC=CCCCCCCCC(=O)O.CCCCCCCCC=CCCCCCCCC(=O)O.OCC(O)C(O)C(O)C(O)CO.OCC(O)C(O)C(O)C(O)CO,ACYC_C12,acyclic,ACYC_C12,train
10225,C1=CC(=CC=C1N=NC2=C(C(=CC(=C2O)N=NC3=C4C(=CC(=C3)S(=O)(=O)[O-])C=C(C=C4O)S(=O)(=O)[O-])N=NC5=C(C(=CC(=C5)[N+](=O)[O-])[N+](=O)[O-])O)O)[N+](=O)[O-].[Na+].[Na+],0,invitro,O=[N+]([O-])c1ccc(N=Nc2c(O)c(N=Nc3cc([N+](=O)[O-])cc([N+](=O)[O-])c3O)cc(N=Nc3cc(S(=O)(=O)[O-])cc4cc(S(=O)(=O)[O-])cc(O)c34)c2O)cc1.[Na+].[Na+],C1CCC(CCC2CC(CCC3CCCCC3)CC(CCC3CCCC4CCCCC43)C2)CC1,cyclic,C1CCC(CCC2CC(CCC3CCCCC3)CC(CCC3CCCC4CCCCC43)C2)CC1,test
10231,C1=CC(=CC=C1NC2=NC(=NC(=N2)Cl)NC3=CC(=C(C=C3)N=NC4=CC5=C(C=C(C=C5C=C4S(=O)(=O)O)S(=O)(=O)O)S(=O)(=O)O)NC(=O)N)S(=O)(=O)CCOS(=O)(=O)O.[Na+].[Na+].[Na+].[Na+],0,invitro,NC(=O)Nc1cc(Nc2nc(Cl)nc(Nc3ccc(S(=O)(=O)CCOS(=O)(=O)O)cc3)n2)ccc1N=Nc1cc2c(S(=O)(=O)O)cc(S(=O)(=O)O)cc2cc1S(=O)(=O)O.[Na+].[Na+].[Na+].[Na+],C1CCC(CC2CCCC(CC3CCC(CCC4CCC5CCCCC5C4)CC3)C2)CC1,cyclic,C1CCC(CC2CCCC(CC3CCC(CCC4CCC5CCCCC5C4)CC3)C2)CC1,test
10235,C(CNC(=S)[S-])NC(=S)[S-].C(CNC(=S)[S-])NC(=S)[S-].C(CNC(=S)[S-])NC(=S)[S-].C(CNC(=S)[S-])NC(=S)[S-].C(CNC(=S)[S-])NC(=S)[S-].C(CNC(=S)[S-])NC(=S)[S-].C(CNC(=S)[S-])NC(=S)[S-].C(CNC(=S)[S-])NC(=S)[S-].C(CNC(=S)[S-])NC(=S)[S-].C(CNC(=S)[S-])NC(=S)[S-].[Mn+2].[Mn+2].[Mn+2].[Mn+2].[Mn+2].[Mn+2].[Mn+2].[Mn+2].[Mn+2].[Zn+2],0,invitro,S=C([S-])NCCNC(=S)[S-].S=C([S-])NCCNC(=S)[S-].S=C([S-])NCCNC(=S)[S-].S=C([S-])NCCNC(=S)[S-].S=C([S-])NCCNC(=S)[S-].S=C([S-])NCCNC(=S)[S-].S=C([S-])NCCNC(=S)[S-].S=C([S-])NCCNC(=S)[S-].S=C([S-])NCCNC(=S)[S-].S=C([S-])NCCNC(=S)[S-].[Mn+2].[Mn+2].[Mn+2].[Mn+2].[Mn+2].[Mn+2].[Mn+2].[Mn+2].[Mn+2].[Zn+2],ACYC_C15,acyclic,ACYC_C15,train
10246,CS(=O)(=O)OCCOCCOCCOS(=O)(=O)C,1,invitro,CS(=O)(=O)OCCOCCOCCOS(C)(=O)=O,ACYC_C32,acyclic,ACYC_C32,train
10249,CCNS(=O)(=O)C1=CC=CC=C1C,0,invitro,CCNS(=O)(=O)c1ccccc1C,C1CCCCC1,cyclic,C1CCCCC1,train
10252,C[N+](C)(CCCNS(=O)(=O)CCC(C(C(C(C(C(F)(F)F)(F)F)(F)F)(F)F)(F)F)(F)F)[O-],0,invitro,C[N+](C)([O-])CCCNS(=O)(=O)CCC(F)(F)C(F)(F)C(F)(F)C(F)(F)C(F)(F)C(F)(F)F,ACYC_C29,acyclic,ACYC_C29,train
10263,C1=CC(=CC=C1C(=O)NCCC(=O)O)N=NC2=CC(=C(C=C2)O)C(=O)O,0,invitro,O=C(O)CCNC(=O)c1ccc(N=Nc2ccc(O)c(C(=O)O)c2)cc1,C1CCC(CCC2CCCCC2)CC1,cyclic,C1CCC(CCC2CCCCC2)CC1,train
10269,CC(=O)C(C(=O)NC1=CC=CC=C1OC)N=NC2=C(C=CC(=C2)[N+](=O)[O-])OC,0,invitro,COc1ccc([N+](=O)[O-])cc1N=NC(C(C)=O)C(=O)Nc1ccccc1OC,CC(CCCC1CCCCC1)CC1CCCCC1,cyclic,CC(CCCC1CCCCC1)CC1CCCCC1,train
10270,CC1=CC(=C(C(=C1)C(C)(C)C)OP2OCC3(CO2)COP(OC3)OC4=C(C=C(C=C4C(C)(C)C)C)C(C)(C)C)C(C)(C)C,0,invitro,Cc1cc(C(C)(C)C)c(OP2OCC3(CO2)COP(Oc2c(C(C)(C)C)cc(C)cc2C(C)(C)C)OC3)c(C(C)(C)C)c1,C1CCC(CC2CCC3(CC2)CCC(CC2CCCCC2)CC3)CC1,cyclic,C1CCC(CC2CCC3(CC2)CCC(CC2CCCCC2)CC3)CC1,test
10279,C1=CC2=C3C(=CC=C4C3=C1C5=C6C4=CC=C7C6=C(C=C5)C(=O)NC7=O)C(=O)NC2=O,0,invitro,O=C1NC(=O)c2ccc3c4ccc5c6c(ccc(c7ccc1c2c73)c64)C(=O)NC5=O,CC1CC(C)C2CCC3C4CCC5C(C)CC(C)C6CCC(C7CCC1C2C73)C4C65,cyclic,CC1CC(C)C2CCC3C4CCC5C(C)CC(C)C6CCC(C7CCC1C2C73)C4C65,test
10283,C1=CC=C2C(=C1)C(=O)C3=C(C=CC(=C3C2=O)O)O,1,invitro,O=C1c2ccccc2C(=O)c2c(O)ccc(O)c21,CC1C2CCCCC2C(C)C2CCCCC12,cyclic,CC1C2CCCCC2C(C)C2CCCCC12,train
10288,CC(C)(C)C(=O)OCC1C(C(C(C(O1)Br)OC(=O)C(C)(C)C)OC(=O)C(C)(C)C)OC(=O)C(C)(C)C,0,invitro,CC(C)(C)C(=O)OCC1OC(Br)C(OC(=O)C(C)(C)C)C(OC(=O)C(C)(C)C)C1OC(=O)C(C)(C)C,C1CCCCC1,cyclic,C1CCCCC1,train
10302,CCCC[Sn](=O)CCCC,0,invitro,CCC[CH2][Sn](=[O])[CH2]CCC,ACYC_C5,acyclic,ACYC_C5,train
10303,C=CC(=O)OCCO,0,invitro,C=CC(=O)OCCO,ACYC_C43,acyclic,ACYC_C43,train
10314,CC1=NC(=NC(=N1)OC)NC(=O)NS(=O)(=O)C2=CC=CC=C2OCCCl,0,invitro,COc1nc(C)nc(NC(=O)NS(=O)(=O)c2ccccc2OCCCl)n1,CC(CC1CCCCC1)CC(C)(C)C1CCCCC1,cyclic,CC(CC1CCCCC1)CC(C)(C)C1CCCCC1,test
10318,CC(=O)C(C(=O)NC1=CC2=C(C=C1)NC(=O)N2)N=NC3=CC=CC=C3OC,0,invitro,COc1ccccc1N=NC(C(C)=O)C(=O)Nc1ccc2[nH]c(=O)[nH]c2c1,CC(CCCC1CCCCC1)CC1CCC2CC(C)CC2C1,cyclic,CC(CCCC1CCCCC1)CC1CCC2CC(C)CC2C1,train
10326,CC1=CCCCCCCCCCCCCC1=O,0,invitro,CC1=CCCCCCCCCCCCCC1=O,CC1CCCCCCCCCCCCCC1,cyclic,CC1CCCCCCCCCCCCCC1,test
10330,CC1CC(CO1)(C)C2=CC=CC=C2,0,invitro,CC1CC(C)(c2ccccc2)CO1,C1CCC(C2CCCC2)CC1,cyclic,C1CCC(C2CCCC2)CC1,train
10345,CC1(C(C1C(=O)[O-])C=C(C(F)(F)F)Cl)C.[K+],0,invitro,CC1(C)C(C=C(Cl)C(F)(F)F)C1C(=O)[O-].[K+],C1CC1,cyclic,C1CC1,train
10349,C1CCC(CC1)C2=CC=CC=C2,0,invitro,c1ccc(C2CCCCC2)cc1,C1CCC(C2CCCCC2)CC1,cyclic,C1CCC(C2CCCCC2)CC1,train
10361,CC1=C(C(=CC=C1)[N+](=O)[O-])C,1,invitro,Cc1cccc([N+](=O)[O-])c1C,C1CCCCC1,cyclic,C1CCCCC1,train
10381,CCNC1=NC(=NC(=N1)SC)NC(C)C,0,invitro,CCNc1nc(NC(C)C)nc(SC)n1,C1CCCCC1,cyclic,C1CCCCC1,train
10386,COC1=CC=C(C=C1)CN2C(=O)C3=C4C(=CC=C5C4=C(C=C3)C6=C7C5=CC=C8C7=C(C=C6)C(=O)N(C8=O)CC9=CC=C(C=C9)OC)C2=O,0,invitro,COc1ccc(CN2C(=O)c3ccc4c5ccc6c7c(ccc(c8ccc(c3c48)C2=O)c75)C(=O)N(Cc2ccc(OC)cc2)C6=O)cc1,CC1C(CC2CCCCC2)C(C)C2CCC3C4CCC5C(C)C(CC6CCCCC6)C(C)C6CCC(C7CCC1C2C73)C4C65,cyclic,CC1C(CC2CCCCC2)C(C)C2CCC3C4CCC5C(C)C(CC6CCCCC6)C(C)C6CCC(C7CCC1C2C73)C4C65,test
10387,C1=CC=C2C(=C1)C(=C(N2)C3=C(C4=CC=CC=C4N3)[O-])[O-].[K+].[K+],0,invitro,[K+].[K+].[O-]c1c(-c2[nH]c3ccccc3c2[O-])[nH]c2ccccc12,C1CCC2CC(C3CC4CCCCC4C3)CC2C1,cyclic,C1CCC2CC(C3CC4CCCCC4C3)CC2C1,test
10392,COC1=C(C=C(C=C1)NCCO)N.OS(=O)(=O)O,1,invitro,COc1ccc(NCCO)cc1N.O=S(=O)(O)O,C1CCCCC1,cyclic,C1CCCCC1,train
10398,C1C(NC(=O)O1)C(=O)O,0,invitro,O=C1NC(C(=O)O)CO1,CC1CCCC1,cyclic,CC1CCCC1,train
10399,CC1=CC=C(C=C1)SC2=CC=C(C=C2)C(=O)C3=CC=CC=C3,0,invitro,Cc1ccc(Sc2ccc(C(=O)c3ccccc3)cc2)cc1,CC(C1CCCCC1)C1CCC(CC2CCCCC2)CC1,cyclic,CC(C1CCCCC1)C1CCC(CC2CCCCC2)CC1,test
10401,CCOC(=O)C=C(C)[O-].CCOC(=O)C=C(C)[O-].CC(C)C[O-].CC(C)C[O-].[Ti+4],0,invitro,CC(C)C[O-].CC(C)C[O-].CCOC(=O)C=C(C)[O-].CCOC(=O)C=C(C)[O-].[Ti+4],ACYC_C35,acyclic,ACYC_C35,train
10405,CCN(CC1=CC=CC=C1)C2=CC=C(C=C2)C=CC3=CC=[N+](C=C3)CCO.CC(=O)[O-],0,invitro,CC(=O)[O-].CCN(Cc1ccccc1)c1ccc(C=Cc2cc[n+](CCO)cc2)cc1,C1CCC(CCC2CCC(CCC3CCCCC3)CC2)CC1,cyclic,C1CCC(CCC2CCC(CCC3CCCCC3)CC2)CC1,test
10411,C1CCC(CC1)OC(=O)C2=CC=CC=C2C(=O)OC3CCCCC3,0,invitro,O=C(OC1CCCCC1)c1ccccc1C(=O)OC1CCCCC1,CC(CC1CCCCC1)C1CCCCC1C(C)CC1CCCCC1,cyclic,CC(CC1CCCCC1)C1CCCCC1C(C)CC1CCCCC1,test
10413,CCOC(=O)C1=CC=CC=C1C(=O)OCC,0,invitro,CCOC(=O)c1ccccc1C(=O)OCC,C1CCCCC1,cyclic,C1CCCCC1,train
10419,CN1C=[N+](C(=N1)N=NC2=CC=C(C=C2)N(C)CC3=CC=CC=C3)C.CN1C=[N+](C(=N1)N=NC2=CC=C(C=C2)N(C)CC3=CC=CC=C3)C.Cl[Zn-2](Cl)(Cl)Cl,0,invitro,CN(Cc1ccccc1)c1ccc(N=Nc2nn(C)c[n+]2C)cc1.CN(Cc1ccccc1)c1ccc(N=Nc2nn(C)c[n+]2C)cc1.[Cl][Zn-2]([Cl])([Cl])[Cl],C1CCC(CCC2CCC(CCC3CCCC3)CC2)CC1.C1CCC(CCC2CCC(CCC3CCCC3)CC2)CC1,cyclic,C1CCC(CCC2CCC(CCC3CCCC3)CC2)CC1.C1CCC(CCC2CCC(CCC3CCCC3)CC2)CC1,test
10438,CC(C)(C)C1CCC(CC1)OC(=O)C=C,0,invitro,C=CC(=O)OC1CCC(C(C)(C)C)CC1,C1CCCCC1,cyclic,C1CCCCC1,train
10445,C1=CC=C2C(=C1)C=CC(=C2N=NC3=C(C=C(C=C3)[N+](=O)[O-])O)O.C1=CC=C2C(=C1)C=CC(=C2N=NC3=C(C(=CC(=C3)[N+](=O)[O-])S(=O)(=O)O)O)O.[Na+].[Na+].[Cr],0,invitro,O=[N+]([O-])c1cc(N=Nc2c(O)ccc3ccccc23)c(O)c(S(=O)(=O)O)c1.O=[N+]([O-])c1ccc(N=Nc2c(O)ccc3ccccc23)c(O)c1.[Cr].[Na+].[Na+],C1CCC(CCC2CCCC3CCCCC32)CC1.C1CCC(CCC2CCCC3CCCCC32)CC1,cyclic,C1CCC(CCC2CCCC3CCCCC32)CC1.C1CCC(CCC2CCCC3CCCCC32)CC1,test
10462,CCOP(=O)(C1=CC=CC=C1)C(=O)C2=C(C=C(C=C2C)C)C,0,invitro,CCOP(=O)(C(=O)c1c(C)cc(C)cc1C)c1ccccc1,CC(C1CCCCC1)C(C)C1CCCCC1,cyclic,CC(C1CCCCC1)C(C)C1CCCCC1,test
10469,C1=CC(=CC=C1N=N[N+](=NC2=C(C(=CC(=C2)[N+](=O)[O-])[N+](=O)[O-])O)C3=C(C=C(C4=C3C=C(C=C4[O-])S(=O)(=O)[O-])N=NC5=C(C=C(C=C5)O)N)S(=O)(=O)[O-])[N+](=O)[O-].[Na+].[Na+],0,invitro,Nc1cc(O)ccc1N=Nc1cc(S(=O)(=O)[O-])c([N+](N=Nc2ccc([N+](=O)[O-])cc2)=Nc2cc([N+](=O)[O-])cc([N+](=O)[O-])c2O)c2cc(S(=O)(=O)[O-])cc([O-])c12.[Na+].[Na+],C1CCC(CCC2CCC(C(CCC3CCCCC3)CC3CCCCC3)C3CCCCC23)CC1,cyclic,C1CCC(CCC2CCC(C(CCC3CCCCC3)CC3CCCCC3)C3CCCCC23)CC1,test
10487,CC(C)(C)C1=CC=C(C=C1)C2=C3C(=C(N2)O)C(=NC3=O)C4=CC=C(C=C4)C(C)(C)C,0,invitro,CC(C)(C)c1ccc(C2=NC(=O)c3c(-c4ccc(C(C)(C)C)cc4)[nH]c(O)c32)cc1,CC1CC(C2CCCCC2)C2CCC(C3CCCCC3)C12,cyclic,CC1CC(C2CCCCC2)C2CCC(C3CCCCC3)C12,train
10488,C1=CC(=CC=C1C2=C3C(=C(N2)O)C(=NC3=O)C4=CC=C(C=C4)Cl)Cl,0,invitro,O=C1N=C(c2ccc(Cl)cc2)c2c(O)[nH]c(-c3ccc(Cl)cc3)c21,CC1CC(C2CCCCC2)C2CCC(C3CCCCC3)C12,cyclic,CC1CC(C2CCCCC2)C2CCC(C3CCCCC3)C12,train
10489,CC1=CC=C(C=C1)C2=C3C(=C(N2)O)C(=NC3=O)C4=CC=C(C=C4)C,0,invitro,Cc1ccc(C2=NC(=O)c3c(-c4ccc(C)cc4)[nH]c(O)c32)cc1,CC1CC(C2CCCCC2)C2CCC(C3CCCCC3)C12,cyclic,CC1CC(C2CCCCC2)C2CCC(C3CCCCC3)C12,train
10508,[Li+].CC(C)CCCCCCCCCCCCCCC(=O)[O-],0,invitro,CC(C)CCCCCCCCCCCCCCC(=O)[O-].[Li+],ACYC_C10,acyclic,ACYC_C10,train
10523,C1CC1NC2=C3C(=NC(=N2)N)N(C=N3)C4CC(C=C4)CO.C(CC(=O)O)CC(=O)O,1,invitro,Nc1nc(NC2CC2)c2ncn(C3C=CC(CO)C3)c2n1.O=C(O)CCCC(=O)O,C1CCC(C2CCC3C(CC4CC4)CCCC23)C1,cyclic,C1CCC(C2CCC3C(CC4CC4)CCCC23)C1,test
10538,C(CC1=C(C(=C(C(=C1Br)Br)Br)Br)Br)C2=C(C(=C(C(=C2Br)Br)Br)Br)Br,0,invitro,Brc1c(Br)c(Br)c(CCc2c(Br)c(Br)c(Br)c(Br)c2Br)c(Br)c1Br,C1CCC(CCC2CCCCC2)CC1,cyclic,C1CCC(CCC2CCCCC2)CC1,train
10545,C1=CC=C2C(=C1)C=CC(N2)(C3(C(=O)C4=CC=CC=C4C3=O)S(=O)(=O)[O-])S(=O)(=O)[O-].[Na+].[Na+],0,invitro,O=C1c2ccccc2C(=O)C1(C1(S(=O)(=O)[O-])C=Cc2ccccc2N1)S(=O)(=O)[O-].[Na+].[Na+],CC1C2CCCCC2C(C)C1C1CCC2CCCCC2C1,cyclic,CC1C2CCCCC2C(C)C1C1CCC2CCCCC2C1,test
10563,CC(C)CCCCCCOP(=O)(O)O,0,invitro,CC(C)CCCCCCOP(=O)(O)O,ACYC_C5,acyclic,ACYC_C5,train
10572,C1C[N+]2=CC=CC=C2C3=CC=CC=[N+]31.[Br-].[Br-],1,invitro,[Br-].[Br-].c1cc[n+]2c(c1)-c1cccc[n+]1CC2,C1CCC2C(C1)CCC1CCCCC12,cyclic,C1CCC2C(C1)CCC1CCCCC12,test
10573,CC(C1=CC=CC=C1)C2=C(C=C(C=C2)O)O,0,invitro,CC(c1ccccc1)c1ccc(O)cc1O,C1CCC(CC2CCCCC2)CC1,cyclic,C1CCC(CC2CCCCC2)CC1,train
10576,C1CCC2C(C1)C(=O)OC2=O,0,invitro,O=C1OC(=O)C2CCCCC12,CC1CC(C)C2CCCCC12,cyclic,CC1CC(C)C2CCCCC12,train
10577,C1C=CCC2C1C(=O)OC2=O,0,invitro,O=C1OC(=O)C2CC=CCC12,CC1CC(C)C2CCCCC12,cyclic,CC1CC(C)C2CCCCC12,train
10580,C1=CC=C(C(=C1)C(=O)C2=CC=C(C=C2)Cl)C(=O)O,0,invitro,O=C(O)c1ccccc1C(=O)c1ccc(Cl)cc1,CC(C1CCCCC1)C1CCCCC1,cyclic,CC(C1CCCCC1)C1CCCCC1,train
10581,CCCC(C1=CC(=C(C=C1C)O)C(C)(C)C)C2=CC(=C(C=C2C)O)C(C)(C)C,0,invitro,CCCC(c1cc(C(C)(C)C)c(O)cc1C)c1cc(C(C)(C)C)c(O)cc1C,C1CCC(CC2CCCCC2)CC1,cyclic,C1CCC(CC2CCCCC2)CC1,train
10582,CCCCOC(=O)C1=CC=CC=C1C(=O)OCC2=CC=CC=C2,0,invitro,CCCCOC(=O)c1ccccc1C(=O)OCc1ccccc1,CC(CCC1CCCCC1)C1CCCCC1,cyclic,CC(CCC1CCCCC1)C1CCCCC1,test
10585,CCN(C1=CC=CC=C1)C(=O)N(CC)C2=CC=CC=C2,0,invitro,CCN(C(=O)N(CC)c1ccccc1)c1ccccc1,CC(CC1CCCCC1)CC1CCCCC1,cyclic,CC(CC1CCCCC1)CC1CCCCC1,train
10597,CCCCCCCCC=CCCCCCCCC(=O)OCC,0,invitro,CCCCCCCCC=CCCCCCCCC(=O)OCC,ACYC_C3,acyclic,ACYC_C3,train
10598,CCCCCCCCC=CCCCCCCCC(=O)OCC(CC)CCCC,0,invitro,CCCCCCCCC=CCCCCCCCC(=O)OCC(CC)CCCC,ACYC_C25,acyclic,ACYC_C25,train
10610,CC1(CCC(=CC1)CCC=O)C,0,invitro,CC1(C)CC=C(CCC=O)CC1,C1CCCCC1,cyclic,C1CCCCC1,train
10633,CCCCC(CC)C(=O)[O-].CCCCC(CC)C(=O)[O-].[Zn+2],0,invitro,CCCCC(CC)C(=O)[O-].CCCCC(CC)C(=O)[O-].[Zn+2],ACYC_C4,acyclic,ACYC_C4,train
10640,[Li+].CC(C)(C)C1=CC2=C(C(=C1)C(C)(C)C)OP(=O)(OC3=C(C2)C=C(C=C3C(C)(C)C)C(C)(C)C)[O-],0,invitro,CC(C)(C)c1cc2c(c(C(C)(C)C)c1)OP(=O)([O-])Oc1c(cc(C(C)(C)C)cc1C(C)(C)C)C2.[Li+],CC1CC2CCCCC2CC2CCCCC2C1,cyclic,CC1CC2CCCCC2CC2CCCCC2C1,test
10651,CC(CO)OC(=O)NNC(=O)OCC(C)O,0,invitro,CC(O)COC(=O)NNC(=O)OC(C)CO,ACYC_C9,acyclic,ACYC_C9,train
10661,C=CS(=O)(=O)C1=CC=C(C=C1)NC2=NC(=NC(=N2)Cl)NC3=CC4=CC(=C(C(=C4C=C3)[O-])N=NC5=C(C=CC(=C5)[N+](=O)[O-])O)S(=O)(=O)[O-].C1=CC=C2C(=C1)C=CC(=C2N=NC3=C4C=CC(=CC4=C(C=C3)S(=O)(=O)[O-])[N+](=O)[O-])O.[Na+].[Na+].[Na+].[Cr+3],0,invitro,C=CS(=O)(=O)c1ccc(Nc2nc(Cl)nc(Nc3ccc4c([O-])c(N=Nc5cc([N+](=O)[O-])ccc5O)c(S(=O)(=O)[O-])cc4c3)n2)cc1.O=[N+]([O-])c1ccc2c(N=Nc3c(O)ccc4ccccc34)ccc(S(=O)(=O)[O-])c2c1.[Cr+3].[Na+].[Na+].[Na+],C1CCC(CCC2CCC3CC(CC4CCCC(CC5CCCCC5)C4)CCC3C2)CC1.C1CCC2C(C1)CCCC2CCC1CCCC2CCCCC21,cyclic,C1CCC(CCC2CCC3CC(CC4CCCC(CC5CCCCC5)C4)CCC3C2)CC1.C1CCC2C(C1)CCCC2CCC1CCCC2CCCCC21,test
10676,CCC1(OC(=C(C(=O)O1)C=CC=CC=C2C(=O)OC3(CCC4(CC3)OC(=O)C(=CC=CC=CC5=C(OC(OC5=O)(C)CC)[O-])C(=O)O4)OC2=O)[O-])C.CC1CCC(C2(C1)OC(=C(C(=O)O2)C=CC=CC=C3C(=O)OC4(CCC5(CC4)OC(=O)C(=CC=CC=CC6=C(OC7(CC(CCC7C)C)OC6=O)[O-])C(=O)O5)OC3=O)[O-])C.CC1(OC(=O)C(=CC=CC=CC2=C(OC3(CCC4(CC3)OC(=C(C(=O)O4)C=CC=CC=C5C(=O)OC(OC5=O)(C)C)[O-])OC2=O)[O-])C(=O)O1)C.C1CCC2(CC1)OC(=O)C(=CC=CC=CC3=C(OC4(CCC5(CC4)OC(=C(C(=O)O5)C=CC=CC=C6C(=O)OC7(CCCCC7)OC6=O)[O-])OC3=O)[O-])C(=O)O2.C1=CC=C(C=C1)C2=C(C=CC(=C2)[N+]3=CC=C(C=C3)C4=CC=[N+](C=C4)C5=CC(=C(C=C5)O)C6=CC=CC=C6)O.C1=CC=C(C=C1)C2=C(C=CC(=C2)[N+]3=CC=C(C=C3)C4=CC=[N+](C=C4)C5=CC(=C(C=C5)O)C6=CC=CC=C6)O.C1=CC=C(C=C1)C2=C(C=CC(=C2)[N+]3=CC=C(C=C3)C4=CC=[N+](C=C4)C5=CC(=C(C=C5)O)C6=CC=CC=C6)O.C1=CC=C(C=C1)C2=C(C=CC(=C2)[N+]3=CC=C(C=C3)C4=CC=[N+](C=C4)C5=CC(=C(C=C5)O)C6=CC=CC=C6)O,0,invitro,CC1(C)OC(=O)C(=CC=CC=CC2=C([O-])OC3(CCC4(CC3)OC(=O)C(C=CC=CC=C3C(=O)OC(C)(C)OC3=O)=C([O-])O4)OC2=O)C(=O)O1.CC1CCC(C)C2(C1)OC(=O)C(C=CC=CC=C1C(=O)OC3(CCC4(CC3)OC(=O)C(=CC=CC=CC3=C([O-])OC5(CC(C)CCC5C)OC3=O)C(=O)O4)OC1=O)=C([O-])O2.CCC1(C)OC(=O)C(C=CC=CC=C2C(=O)OC3(CCC4(CC3)OC(=O)C(=CC=CC=CC3=C([O-])OC(C)(CC)OC3=O)C(=O)O4)OC2=O)=C([O-])O1.O=C1OC2(CCCCC2)OC(=O)C1=CC=CC=CC1=C([O-])OC2(CCC3(CC2)OC(=O)C(C=CC=CC=C2C(=O)OC4(CCCCC4)OC2=O)=C([O-])O3)OC1=O.Oc1ccc(-[n+]2ccc(-c3cc[n+](-c4ccc(O)c(-c5ccccc5)c4)cc3)cc2)cc1-c1ccccc1.Oc1ccc(-[n+]2ccc(-c3cc[n+](-c4ccc(O)c(-c5ccccc5)c4)cc3)cc2)cc1-c1ccccc1.Oc1ccc(-[n+]2ccc(-c3cc[n+](-c4ccc(O)c(-c5ccccc5)c4)cc3)cc2)cc1-c1ccccc1.Oc1ccc(-[n+]2ccc(-c3cc[n+](-c4ccc(O)c(-c5ccccc5)c4)cc3)cc2)cc1-c1ccccc1,C1CCC(C2CCCC(C3CCC(C4CCC(C5CCCC(C6CCCCC6)C5)CC4)CC3)C2)CC1.C1CCC(C2CCCC(C3CCC(C4CCC(C5CCCC(C6CCCCC6)C5)CC4)CC3)C2)CC1.C1CCC(C2CCCC(C3CCC(C4CCC(C5CCCC(C6CCCCC6)C5)CC4)CC3)C2)CC1.C1CCC(C2CCCC(C3CCC(C4CCC(C5CCCC(C6CCCCC6)C5)CC4)CC3)C2)CC1.CC1CC2(CCC1CCCCCC1C(C)CC3(CCCCC3)CC1C)CCC1(CCC(CCCCCC3C(C)CC4(CCCCC4)CC3C)C(C)C1)CC2.CC1CC2(CCC1CCCCCC1C(C)CCCC1C)CCC1(CCC(CCCCCC3C(C)CCCC3C)C(C)C1)CC2.CC1CC2(CCCCC2)CCC1CCCCCC1C(C)CC2(CCC3(CC2)CC(C)C(CCCCCC2CCC4(CCCCC4)CC2C)C(C)C3)CC1C.CC1CCCCC1CCCCCC1C(C)CC2(CCC3(CC2)CC(C)C(CCCCCC2CCCCC2C)C(C)C3)CC1C,cyclic,C1CCC(C2CCCC(C3CCC(C4CCC(C5CCCC(C6CCCCC6)C5)CC4)CC3)C2)CC1.C1CCC(C2CCCC(C3CCC(C4CCC(C5CCCC(C6CCCCC6)C5)CC4)CC3)C2)CC1.C1CCC(C2CCCC(C3CCC(C4CCC(C5CCCC(C6CCCCC6)C5)CC4)CC3)C2)CC1.C1CCC(C2CCCC(C3CCC(C4CCC(C5CCCC(C6CCCCC6)C5)CC4)CC3)C2)CC1.CC1CC2(CCC1CCCCCC1C(C)CC3(CCCCC3)CC1C)CCC1(CCC(CCCCCC3C(C)CC4(CCCCC4)CC3C)C(C)C1)CC2.CC1CC2(CCC1CCCCCC1C(C)CCCC1C)CCC1(CCC(CCCCCC3C(C)CCCC3C)C(C)C1)CC2.CC1CC2(CCCCC2)CCC1CCCCCC1C(C)CC2(CCC3(CC2)CC(C)C(CCCCCC2CCC4(CCCCC4)CC2C)C(C)C3)CC1C.CC1CCCCC1CCCCCC1C(C)CC2(CCC3(CC2)CC(C)C(CCCCCC2CCCCC2C)C(C)C3)CC1C,test
10689,C1=CC(=CC=C1N=NC2C(=NN(C2=O)C3=CC=C(C=C3)S(=O)(=O)[O-])C(=O)[O-])S(=O)(=O)CCOS(=O)(=O)[O-].[Na+].[Na+].[Na+],0,invitro,O=C([O-])C1=NN(c2ccc(S(=O)(=O)[O-])cc2)C(=O)C1N=Nc1ccc(S(=O)(=O)CCOS(=O)(=O)[O-])cc1.[Na+].[Na+].[Na+],CC1C(CCC2CCCCC2)CCC1C1CCCCC1,cyclic,CC1C(CCC2CCCCC2)CCC1C1CCCCC1,train
10701,C1=CC=C(C=C1)C(=O)NC2=C3C(=CC(=C2)S(=O)(=O)[O-])C=C(C(=C3O)N=NC4=C(C5=C(C=C4)C=C(C=C5)S(=O)(=O)CCOS(=O)(=O)[O-])S(=O)(=O)[O-])S(=O)(=O)[O-].[Na+].[Na+].[Na+].[Na+],1,invitro,O=C(Nc1cc(S(=O)(=O)[O-])cc2cc(S(=O)(=O)[O-])c(N=Nc3ccc4cc(S(=O)(=O)CCOS(=O)(=O)[O-])ccc4c3S(=O)(=O)[O-])c(O)c12)c1ccccc1.[Na+].[Na+].[Na+].[Na+],CC(CC1CCCC2CCC(CCC3CCC4CCCCC4C3)CC21)C1CCCCC1,cyclic,CC(CC1CCCC2CCC(CCC3CCC4CCCCC4C3)CC21)C1CCCCC1,test
10710,CS(=O)(=O)O.CS(=O)(=O)O.C1CN2C(=C(C(=O)N2C1)N)N,0,invitro,CS(=O)(=O)O.CS(=O)(=O)O.Nc1c(N)n2n(c1=O)CCC2,CC1CCC2CCCC12,cyclic,CC1CCC2CCCC12,test
10732,CC(C(=O)[O-])O.[K+],0,invitro,CC(O)C(=O)[O-].[K+],ACYC_C23,acyclic,ACYC_C23,train
10733,C1CC1C2=NC(=C(C(=N2)N)Cl)C(=O)O,0,invitro,Nc1nc(C2CC2)nc(C(=O)O)c1Cl,C1CCC(C2CC2)CC1,cyclic,C1CCC(C2CC2)CC1,test
10751,C1=CC2=C(C=CN=C2C=C1Cl)Cl,0,invitro,Clc1ccc2c(Cl)ccnc2c1,C1CCC2CCCCC2C1,cyclic,C1CCC2CCCCC2C1,train
10753,CCCCC(CC)COP(=O)([O-])[O-].[NH4+].[NH4+],0,invitro,CCCCC(CC)COP(=O)([O-])[O-].[NH4+].[NH4+],ACYC_C38,acyclic,ACYC_C38,train
10761,CC1CC(CC(C1)(C)C)OC(=O)C=C,0,invitro,C=CC(=O)OC1CC(C)CC(C)(C)C1,C1CCCCC1,cyclic,C1CCCCC1,train
10790,C(C(C(=O)[O-])O)(C(=O)O)O.[K+],0,invitro,O=C([O-])C(O)C(O)C(=O)O.[K+],ACYC_C23,acyclic,ACYC_C23,train
10806,CC1=CCCC(=C)C2CC(C2CC1)(C)C,0,invitro,C=C1CCC=C(C)CCC2C1CC2(C)C,CC1CCCCCCC2CCC12,cyclic,CC1CCCCCCC2CCC12,test
10809,CC1=C(C(=CC=C1)C)N,1,invitro,Cc1cccc(C)c1N,C1CCCCC1,cyclic,C1CCCCC1,train
10814,C1COC(=O)N1CCCO,0,invitro,O=C1OCCN1CCCO,CC1CCCC1,cyclic,CC1CCCC1,train
10823,CC1CCS(=O)(=O)C1,0,invitro,CC1CCS(=O)(=O)C1,CC1(C)CCCC1,cyclic,CC1(C)CCCC1,test
10824,CCCCC(CC)COC(=O)C(CC1=CC(=C(C(=C1)OC)O)OC)C(=O)OCC(CC)CCCC,0,invitro,CCCCC(CC)COC(=O)C(Cc1cc(OC)c(O)c(OC)c1)C(=O)OCC(CC)CCCC,C1CCCCC1,cyclic,C1CCCCC1,train
10830,CC1CC(=O)CC(C1)(C)C,1,invitro,CC1CC(=O)CC(C)(C)C1,CC1CCCCC1,cyclic,CC1CCCCC1,train
10832,CN(C1=C(C=CC=C1F)C(=O)C2=NC(=NC(=N2)OC)OC)S(=O)(=O)C(F)F,0,invitro,COc1nc(OC)nc(C(=O)c2cccc(F)c2N(C)S(=O)(=O)C(F)F)n1,CC(C1CCCCC1)C1CCCCC1,cyclic,CC(C1CCCCC1)C1CCCCC1,train
10837,C1CC2=C(C=CC(=C2)F)OC1C(CN(CC3=CC=CC=C3)CC(C4CCC5=C(O4)C=CC(=C5)F)O)O,0,invitro,OC(CN(Cc1ccccc1)CC(O)C1CCc2cc(F)ccc2O1)C1CCc2cc(F)ccc2O1,C1CCC(CC(CCC2CCC3CCCCC3C2)CCC2CCC3CCCCC3C2)CC1,cyclic,C1CCC(CC(CCC2CCC3CCCCC3C2)CCC2CCC3CCCCC3C2)CC1,test
10844,CC(C)(C)NCCOCCO,0,invitro,CC(C)(C)NCCOCCO,ACYC_C47,acyclic,ACYC_C47,train
10850,CCCCCCCCCCCCSC(C)CC(=O)C1C(C=CCC1(C)C)C,0,invitro,CCCCCCCCCCCCSC(C)CC(=O)C1C(C)C=CCC1(C)C,C1CCCCC1,cyclic,C1CCCCC1,train
10855,C1=COC(=C1)C(=O)O,0,invitro,O=C(O)c1ccco1,C1CCCC1,cyclic,C1CCCC1,train
10871,CCC(C)C1=C(C(=CC(=C1)[N+](=O)[O-])[N+](=O)[O-])O,1,invitro,CCC(C)c1cc([N+](=O)[O-])cc([N+](=O)[O-])c1O,C1CCCCC1,cyclic,C1CCCCC1,train
10877,CC(C)C1C2CCC1C3=C2C=CC=C3NC(=O)C4=CN(N=C4C(F)F)C,0,invitro,CC(C)C1C2CCC1c1c(NC(=O)c3cn(C)nc3C(F)F)cccc12,CC(CC1CCCC2C3CCC(C3)C12)C1CCCC1,cyclic,CC(CC1CCCC2C3CCC(C3)C12)C1CCCC1,test
10883,C1=CC2=C(C=CC(=C2N=C1)OCC(=O)O)Cl,0,invitro,O=C(O)COc1ccc(Cl)c2cccnc12,C1CCC2CCCCC2C1,cyclic,C1CCC2CCCCC2C1,train
10887,C1CCCCCCC=CC(=O)CCCCCC1,0,invitro,O=C1C=CCCCCCCCCCCCCC1,CC1CCCCCCCCCCCCCCC1,cyclic,CC1CCCCCCCCCCCCCCC1,test
10893,C1=CC=C(C=C1)C2=CC=C(C=C2)C3=C4C(=C(N3)O)C(=NC4=O)C5=CC=C(C=C5)C6=CC=CC=C6,0,invitro,O=C1N=C(c2ccc(-c3ccccc3)cc2)c2c(O)[nH]c(-c3ccc(-c4ccccc4)cc3)c21,CC1CC(C2CCC(C3CCCCC3)CC2)C2CCC(C3CCC(C4CCCCC4)CC3)C12,cyclic,CC1CC(C2CCC(C3CCCCC3)CC2)C2CCC(C3CCC(C4CCCCC4)CC3)C12,test
10894,C[N+](C)(C)CC(CSCCC(C(C(C(C(C(F)(F)F)(F)F)(F)F)(F)F)(F)F)(F)F)O.[Cl-],0,invitro,C[N+](C)(C)CC(O)CSCCC(F)(F)C(F)(F)C(F)(F)C(F)(F)C(F)(F)C(F)(F)F.[Cl-],ACYC_C29,acyclic,ACYC_C29,train
10896,CC1=NN(C(=O)C1)C2=CC=CC=C2,0,invitro,CC1=NN(c2ccccc2)C(=O)C1,CC1CCCC1C1CCCCC1,cyclic,CC1CCCC1C1CCCCC1,test
10910,CC1=CC(=CC(=C1N)C(=O)NC)C#N,0,invitro,CNC(=O)c1cc(C#N)cc(C)c1N,C1CCCCC1,cyclic,C1CCCCC1,train
10913,C(C(C(C(C(CO)O)O)O)O)NC=O,0,invitro,O=CNCC(O)C(O)C(O)C(O)CO,ACYC_C36,acyclic,ACYC_C36,train
10916,C1=CC=C2C(=C1)C(=C(N2)C3=C(C4=CC=CC=C4N3)[O-])[O-].[Na+].[Na+],0,invitro,[Na+].[Na+].[O-]c1c(-c2[nH]c3ccccc3c2[O-])[nH]c2ccccc12,C1CCC2CC(C3CC4CCCCC4C3)CC2C1,cyclic,C1CCC2CC(C3CC4CCCCC4C3)CC2C1,test
10918,CCCCCCCCCC[N+](C)(C)CCCCCCCCCC.CCCCCCCCCC[N+](C)(C)CCCCCCCCCC.CCCCCCCCCC[N+](C)(C)CCCCCCCCCC.C(=O)(O)[O-].C(=O)([O-])[O-],0,invitro,CCCCCCCCCC[N+](C)(C)CCCCCCCCCC.CCCCCCCCCC[N+](C)(C)CCCCCCCCCC.CCCCCCCCCC[N+](C)(C)CCCCCCCCCC.O=C([O-])O.O=C([O-])[O-],ACYC_C13,acyclic,ACYC_C13,train
10922,CC(C)(C1CCCO1)C2CCCO2,0,invitro,CC(C)(C1CCCO1)C1CCCO1,C1CCC(CC2CCCC2)C1,cyclic,C1CCC(CC2CCCC2)C1,test
10929,CC1=C(C=C(C=C1)I)CC2=CC=C(S2)C3=CC=C(C=C3)F,0,invitro,Cc1ccc(I)cc1Cc1ccc(-c2ccc(F)cc2)s1,C1CCC(CC2CCC(C3CCCCC3)C2)CC1,cyclic,C1CCC(CC2CCC(C3CCCCC3)C2)CC1,test
10930,CC1=CC(=O)[N+](C(=C1N=NC2=CC=C(C=C2)N=NC3=C(C=C4C=CC(=CC4=C3O)N=NC5=C([NH+](C(=O)C(=C5C)C)C6=C[NH+]=CC=C6)O)S(=O)(=O)O)O)(CCCN(C)C)C7=C[NH+]=CC=C7.CC(C(=O)O)O.CC(C(=O)O)O,0,invitro,CC(O)C(=O)O.CC(O)C(=O)O.CC1=CC(=O)[N+](CCCN(C)C)(c2ccc[nH+]c2)C(O)=C1N=Nc1ccc(N=Nc2c(S(=O)(=O)O)cc3ccc(N=NC4=C(O)[NH+](c5ccc[nH+]c5)C(=O)C(C)=C4C)cc3c2O)cc1,CC1CCC(CCC2CCC(CCC3CCC4CCC(CCC5CCC(C)C(C6CCCCC6)C5)CC4C3)CC2)CC1C1CCCCC1,cyclic,CC1CCC(CCC2CCC(CCC3CCC4CCC(CCC5CCC(C)C(C6CCCCC6)C5)CC4C3)CC2)CC1C1CCCCC1,test
10933,CCC(=O)NC1=CC=CC(=C1)NC2=CC(=C(C3=C2C(=O)C4=CC=CC=C4C3=O)N)S(=O)(=O)[O-].[Na+],1,invitro,CCC(=O)Nc1cccc(Nc2cc(S(=O)(=O)[O-])c(N)c3c2C(=O)c2ccccc2C3=O)c1.[Na+],CC1C2CCCCC2C(C)C2C(CC3CCCCC3)CCCC12,cyclic,CC1C2CCCCC2C(C)C2C(CC3CCCCC3)CCCC12,train
10947,C1=CC=C(C=C1)C2=CC=CC=C2O,0,invitro,Oc1ccccc1-c1ccccc1,C1CCC(C2CCCCC2)CC1,cyclic,C1CCC(C2CCCCC2)CC1,train
10956,CCN(CC)C1=CC=C(C=C1)C(=O)C2=CC=C(C=C2)N(CC)CC,1,invitro,CCN(CC)c1ccc(C(=O)c2ccc(N(CC)CC)cc2)cc1,CC(C1CCCCC1)C1CCCCC1,cyclic,CC(C1CCCCC1)C1CCCCC1,train
10965,C1=CC=NC(=C1)N=NC2=C(C=C(C=C2)O)O.[Na+],0,invitro,Oc1ccc(N=Nc2ccccn2)c(O)c1.[Na+],C1CCC(CCC2CCCCC2)CC1,cyclic,C1CCC(CCC2CCCCC2)CC1,train
10979,CN(C)C1=NC(=NC(=N1)N)C(CC2=CNC3=CC=CC=C32)NC(=O)C4=CC=CC=C4,1,invitro,CN(C)c1nc(N)nc(C(Cc2c[nH]c3ccccc23)NC(=O)c2ccccc2)n1,CC(CC(CC1CCC2CCCCC21)C1CCCCC1)C1CCCCC1,cyclic,CC(CC(CC1CCC2CCCCC21)C1CCCCC1)C1CCCCC1,test
10998,[Li+].C(F)(F)(F)S(=O)(=O)[N-]S(=O)(=O)C(F)(F)F,0,invitro,O=S(=O)([N-]S(=O)(=O)C(F)(F)F)C(F)(F)F.[Li+],ACYC_C30,acyclic,ACYC_C30,train
11010,C(C1C(C(C(C(O1)OC2C(OC(C(C2O)O)OC3C(OC(C(C3O)O)O)CO)CO)O)O)O)O,0,invitro,OCC1OC(OC2C(CO)OC(OC3C(CO)OC(O)C(O)C3O)C(O)C2O)C(O)C(O)C1O,C1CCC(CC2CCC(CC3CCCCC3)CC2)CC1,cyclic,C1CCC(CC2CCC(CC3CCCCC3)CC2)CC1,train
11013,CC(C)CC(C)(C#CC(C)(CC(C)C)O)O.C(CO)O,0,invitro,CC(C)CC(C)(O)C#CC(C)(O)CC(C)C.OCCO,ACYC_C6,acyclic,ACYC_C6,train
11016,CC(CNC(=S)S)NC(=S)S,1,invitro,CC(CNC(=S)S)NC(=S)S,ACYC_C15,acyclic,ACYC_C15,train
11034,[HH].[HH].[HH].[HH].[HH].[HH].[HH],0,invitro,[HH].[HH].[HH].[HH].[HH].[HH].[HH],ACYC_C40,acyclic,ACYC_C40,train
11050,CC(C)(C)CC(C)(C)C1=CC(=C(C=C1O)C(C)(C)CC(C)(C)C)O,0,invitro,CC(C)(C)CC(C)(C)c1cc(O)c(C(C)(C)CC(C)(C)C)cc1O,C1CCCCC1,cyclic,C1CCCCC1,train
11052,[Cd+2],0,invitro,[Cd+2],ACYC_C40,acyclic,ACYC_C40,train
11067,CCCCC(CC)C(=O)OCCC,0,invitro,CCCCC(CC)C(=O)OCCC,ACYC_C4,acyclic,ACYC_C4,train
11071,C1=CC=C(C=C1)NC2=C(C=C(C=C2)N)S(=O)(=O)O.C1=CC(=CC(=C1)O)O.C1=CC(=CC=C1N)[N+](=O)[O-].C1=C2C=C(C=C(C2=C(C=C1S(=O)(=O)O)N)O)S(=O)(=O)O,0,invitro,Nc1cc(S(=O)(=O)O)cc2cc(S(=O)(=O)O)cc(O)c12.Nc1ccc(Nc2ccccc2)c(S(=O)(=O)O)c1.Nc1ccc([N+](=O)[O-])cc1.Oc1cccc(O)c1,C1CCC(CC2CCCCC2)CC1.C1CCC2CCCCC2C1.C1CCCCC1.C1CCCCC1,cyclic,C1CCC(CC2CCCCC2)CC1.C1CCC2CCCCC2C1.C1CCCCC1.C1CCCCC1,test
11087,CCCCCCCCCCCCCCCCCC(=O)O.CCCCCCCCCCCCCCCC(=O)O.OP(=O)(O)O,0,invitro,CCCCCCCCCCCCCCCC(=O)O.CCCCCCCCCCCCCCCCCC(=O)O.O=P(O)(O)O,ACYC_C12,acyclic,ACYC_C12,train
11088,C(CO)COCC(COCCCO)(COCCCO)COCCCO,0,invitro,OCCCOCC(COCCCO)(COCCCO)COCCCO,ACYC_C20,acyclic,ACYC_C20,train
11130,[Tb].[Tb].[Tb].[Tb].[Tb].[Tb].[Tb].[Tb].[Tb].[Tb].[Tb].[Tb].[Tb].[Tb].[Tb].[Tb].[Tb].[Tb].[Tb].[Tb].[Tb].[Tb].[Tb].[Tb].[Tb].[Tb].[Tb].[Tb].[Tb].[Tb].[Tb].[Tb].[Tb].[Tb].[Tb].[Tb].[Tb].[Tb].[Tb].[Tb].[Tb].[Tb].[Tb].[Tb].[Tb].[Tb].[Tb].[Tb].[Tb].[Tb].[Tb].[Tb].[Tb].[Tb].[Tb].[Tb].[Tb].[Tb].[Tb].[Tb].[Tb].[Tb].[Tb].[Tb].[Tb].[Tb].[Tb].[Tb].[Tb].[Tb].[Tb].[Tb].[Tb].[Tb].[Tb].[Tb].[Tb].[Tb].[Tb].[Tb].[Tb].[Tb].[Tb].[Tb].[Tb].[Tb].[Tb].[Tb].[Tb].[Tb].[Tb].[Tb].[Tb].[Tb].[Tb].[Tb].[Tb].[Tb],0,invitro,[Tb].[Tb].[Tb].[Tb].[Tb].[Tb].[Tb].[Tb].[Tb].[Tb].[Tb].[Tb].[Tb].[Tb].[Tb].[Tb].[Tb].[Tb].[Tb].[Tb].[Tb].[Tb].[Tb].[Tb].[Tb].[Tb].[Tb].[Tb].[Tb].[Tb].[Tb].[Tb].[Tb].[Tb].[Tb].[Tb].[Tb].[Tb].[Tb].[Tb].[Tb].[Tb].[Tb].[Tb].[Tb].[Tb].[Tb].[Tb].[Tb].[Tb].[Tb].[Tb].[Tb].[Tb].[Tb].[Tb].[Tb].[Tb].[Tb].[Tb].[Tb].[Tb].[Tb].[Tb].[Tb].[Tb].[Tb].[Tb].[Tb].[Tb].[Tb].[Tb].[Tb].[Tb].[Tb].[Tb].[Tb].[Tb].[Tb].[Tb].[Tb].[Tb].[Tb].[Tb].[Tb].[Tb].[Tb].[Tb].[Tb].[Tb].[Tb].[Tb].[Tb].[Tb].[Tb].[Tb].[Tb].[Tb],ACYC_C40,acyclic,ACYC_C40,train
11141,CCC(=O)O,0,invitro,CCC(=O)O,ACYC_C14,acyclic,ACYC_C14,train
11143,C1=CC=C(C(=C1)C#N)C#N,1,invitro,N#Cc1ccccc1C#N,C1CCCCC1,cyclic,C1CCCCC1,train
11157,CC1=C(C=CC(=C1)C2=CC(=C(C=C2)N=C=O)C)N=C=O,1,invitro,Cc1cc(-c2ccc(N=C=O)c(C)c2)ccc1N=C=O,C1CCC(C2CCCCC2)CC1,cyclic,C1CCC(C2CCCCC2)CC1,train
11204,CCCCC(CC)CN(CC(CC)CCCC)CN1C=NC=N1,0,invitro,CCCCC(CC)CN(CC(CC)CCCC)Cn1cncn1,C1CCCC1,cyclic,C1CCCC1,train
11224,C(#N)[O-].[Na+],0,invitro,N#C[O-].[Na+],ACYC_C42,acyclic,ACYC_C42,train
11225,CC(=O)[O-].CC(=O)[O-].CC(=O)[O-].[La+3],0,invitro,CC(=O)[O-].CC(=O)[O-].CC(=O)[O-].[La+3],ACYC_C34,acyclic,ACYC_C34,train
11255,CC(O)S(=O)(=O)[O-].[Na+],1,invitro,CC(O)S(=O)(=O)[O-].[Na+],ACYC_C33,acyclic,ACYC_C33,train
11256,CCCCCCCC(=O)OC(C(C(C(C(CO)O)O)O)O)O,0,invitro,CCCCCCCC(=O)OC(O)C(O)C(O)C(O)C(O)CO,ACYC_C12,acyclic,ACYC_C12,train
11267,CCO[Si](CCCN)(OCC)OCC,0,invitro,CCO[Si](CCCN)(OCC)OCC,ACYC_C46,acyclic,ACYC_C46,train
11294,C1=CC(=CC=C1C2=CC=C(C=C2)O)O,1,invitro,Oc1ccc(-c2ccc(O)cc2)cc1,C1CCC(C2CCCCC2)CC1,cyclic,C1CCC(C2CCCCC2)CC1,train
11325,C=CCC(=CCC1CC(=O)OC1=O)CC=C,0,invitro,C=CCC(=CCC1CC(=O)OC1=O)CC=C,CC1CCC(C)C1,cyclic,CC1CCC(C)C1,train
11361,CCC(C)C1=C(C(=CC(=C1)S(=O)(=O)[O-])N2N=C3C=CC=CC3=N2)O.[Na+],1,invitro,CCC(C)c1cc(S(=O)(=O)[O-])cc(-n2nc3ccccc3n2)c1O.[Na+],C1CCC(C2CC3CCCCC3C2)CC1,cyclic,C1CCC(C2CC3CCCCC3C2)CC1,test
11362,CCCCOC(=O)C=CC(=O)O,0,invitro,CCCCOC(=O)C=CC(=O)O,ACYC_C2,acyclic,ACYC_C2,train
11366,CC(=CCCC=O)CCCC(C)(C)O,0,invitro,CC(=CCCC=O)CCCC(C)(C)O,ACYC_C17,acyclic,ACYC_C17,train
11368,CCCN(C)C,0,invitro,CCCN(C)C,ACYC_C28,acyclic,ACYC_C28,train
11379,CCC=CCCO,0,invitro,CCC=CCCO,ACYC_C8,acyclic,ACYC_C8,train
11386,COC1=CC2=CC=CC=C2C=C1,0,invitro,COc1ccc2ccccc2c1,C1CCC2CCCCC2C1,cyclic,C1CCC2CCCCC2C1,train
11388,COC1=C(C=C(C=C1)CC=C)OC,0,invitro,C=CCc1ccc(OC)c(OC)c1,C1CCCCC1,cyclic,C1CCCCC1,train
11401,CCOC(=O)C1=CC=CC=C1,0,invitro,CCOC(=O)c1ccccc1,C1CCCCC1,cyclic,C1CCCCC1,train
11402,CC(C1=CC=CC=C1)OC(=O)C,0,invitro,CC(=O)OC(C)c1ccccc1,C1CCCCC1,cyclic,C1CCCCC1,train
11403,CCCCCCCCCCCCCCCCCCOC=C,0,invitro,C=COCCCCCCCCCCCCCCCCCC,ACYC_C5,acyclic,ACYC_C5,train
11404,C1CCC(C1)Cl,0,invitro,ClC1CCCC1,C1CCCC1,cyclic,C1CCCC1,train
11418,CCCCCCCCCCCC(=O)OCC(C)(C)C=NCC1(CC(CC(C1)(C)C)N=CC(C)(C)COC(=O)CCCCCCCCCCC)C,0,invitro,CCCCCCCCCCCC(=O)OCC(C)(C)C=NCC1(C)CC(N=CC(C)(C)COC(=O)CCCCCCCCCCC)CC(C)(C)C1,C1CCCCC1,cyclic,C1CCCCC1,train
11458,CCCCCCCCCCC(CCCCCCCC)COC(=O)CCCCCCCCCCCCCCC(C)C,0,invitro,CCCCCCCCCCC(CCCCCCCC)COC(=O)CCCCCCCCCCCCCCC(C)C,ACYC_C25,acyclic,ACYC_C25,train
11459,CC(C)CCCCCC(=O)OCC(COC(=O)CCCCCC(C)C)(COC(=O)CCCCCC(C)C)COC(=O)CCCCCC(C)C,0,invitro,CC(C)CCCCCC(=O)OCC(COC(=O)CCCCCC(C)C)(COC(=O)CCCCCC(C)C)COC(=O)CCCCCC(C)C,ACYC_C10,acyclic,ACYC_C10,train
11467,C1=CC(=C(C=C1N)CCO)N.OS(=O)(=O)O,1,invitro,Nc1ccc(N)c(CCO)c1.O=S(=O)(O)O,C1CCCCC1,cyclic,C1CCCCC1,train
11470,CC(=CC#N)CCC1=CC=CC=C1,1,invitro,CC(=CC#N)CCc1ccccc1,C1CCCCC1,cyclic,C1CCCCC1,train
11476,CCCCCCCCCCCCC1=CC=C(C=C1)[O-].CCCCCCCCCCCCC1=CC=C(C=C1)[O-].[Ba+2],0,invitro,CCCCCCCCCCCCc1ccc([O-])cc1.CCCCCCCCCCCCc1ccc([O-])cc1.[Ba+2],C1CCCCC1.C1CCCCC1,cyclic,C1CCCCC1.C1CCCCC1,train
11489,CC1(CC(CC(C1)(C)CNCCC#N)NCCC#N)C,0,invitro,CC1(C)CC(NCCC#N)CC(C)(CNCCC#N)C1,C1CCCCC1,cyclic,C1CCCCC1,train
11495,CCCCCCCCCCCCCCCCCCCCCC(=O)OC1COC(C1OC(=O)CCCCCCCCCCCCCCCCCCCCC)C(CO)OC(=O)CCCCCCCCCCCCCCCCCCCCC,0,invitro,CCCCCCCCCCCCCCCCCCCCCC(=O)OC(CO)C1OCC(OC(=O)CCCCCCCCCCCCCCCCCCCCC)C1OC(=O)CCCCCCCCCCCCCCCCCCCCC,C1CCCC1,cyclic,C1CCCC1,train
11499,CCCOC(=O)C1=CC=C(C=C1)O,0,invitro,CCCOC(=O)c1ccc(O)cc1,C1CCCCC1,cyclic,C1CCCCC1,train
11501,CCCCC(CC)C(=O)OCCOCCOCCOC(=O)C(CC)CCCC,0,invitro,CCCCC(CC)C(=O)OCCOCCOCCOC(=O)C(CC)CCCC,ACYC_C4,acyclic,ACYC_C4,train
11514,CCCCCCCCCCCC(=O)OCCCCCCCCCCC(C)C,0,invitro,CCCCCCCCCCCC(=O)OCCCCCCCCCCC(C)C,ACYC_C10,acyclic,ACYC_C10,train
11515,C1OC2=C(O1)C=C(C=C2)NCCO.Cl,0,invitro,Cl.OCCNc1ccc2c(c1)OCO2,C1CCC2CCCC2C1,cyclic,C1CCC2CCCC2C1,train
11521,CC1=CC(=C(C(=C1)S(=O)(=O)[O-])N=NC2=CC(=C(C=C2C)N=NC3=C(C=C4C=C(C=CC4=C3O)NC5=CC=CC=C5)S(=O)(=O)[O-])OC)C.C(CO)N(CCO)CCO.[Na+].[Na+],0,invitro,COc1cc(N=Nc2c(C)cc(C)cc2S(=O)(=O)[O-])c(C)cc1N=Nc1c(S(=O)(=O)[O-])cc2cc(Nc3ccccc3)ccc2c1O.OCCN(CCO)CCO.[Na+].[Na+],C1CCC(CCC2CCC(CCC3CCC4CC(CC5CCCCC5)CCC4C3)CC2)CC1,cyclic,C1CCC(CCC2CCC(CCC3CCC4CC(CC5CCCCC5)CCC4C3)CC2)CC1,test
11527,C1=CC(=NC(=C1)F)C(F)(F)F,1,invitro,Fc1cccc(C(F)(F)F)n1,C1CCCCC1,cyclic,C1CCCCC1,train
11534,CCCCNP(=S)(N)N,0,invitro,CCCCNP(N)(N)=S,ACYC_C5,acyclic,ACYC_C5,train
11539,CCNC1=C(C=C(C=C1)C(=C2C=CC(=NCC)C(=C2)C)C3=CC(=C(C=C3)NCC)C)C.CC(=O)O,0,invitro,CC(=O)O.CCN=C1C=CC(=C(c2ccc(NCC)c(C)c2)c2ccc(NCC)c(C)c2)C=C1C,CC1CCC(C(C2CCCCC2)C2CCCCC2)CC1,cyclic,CC1CCC(C(C2CCCCC2)C2CCCCC2)CC1,test
11544,CC(C1CC1)C(CN2C=NC=N2)(C3=CC=C(C=C3)Cl)O,0,invitro,CC(C1CC1)C(O)(Cn1cncn1)c1ccc(Cl)cc1,C1CCC(C(CC2CCCC2)CC2CC2)CC1,cyclic,C1CCC(C(CC2CCCC2)CC2CC2)CC1,test
11548,CCCC(C(C(=O)NC1CC1)O)N.Cl,0,invitro,CCCC(N)C(O)C(=O)NC1CC1.Cl,C1CC1,cyclic,C1CC1,train
11560,C1CCCCCC(=O)NCCCCC1,0,invitro,O=C1CCCCCCCCCCCN1,CC1CCCCCCCCCCCC1,cyclic,CC1CCCCCCCCCCCC1,test
11562,C1=CC=C(C=C1)[Si](C2=CC=CC=C2)(O)O,0,invitro,O[Si](O)(c1ccccc1)c1ccccc1,C1CCC(CC2CCCCC2)CC1,cyclic,C1CCC(CC2CCCCC2)CC1,train
11570,CCCCC(CC)COC(=O)C(=C(C1=CC=CC=C1)C2=CC=C(C=C2)OC)C#N,0,invitro,CCCCC(CC)COC(=O)C(C#N)=C(c1ccccc1)c1ccc(OC)cc1,CC(C1CCCCC1)C1CCCCC1,cyclic,CC(C1CCCCC1)C1CCCCC1,train
11586,CC1=CC=CC=C1C,0,invitro,Cc1ccccc1C,C1CCCCC1,cyclic,C1CCCCC1,train
11595,CC1=CC(=C(C=C1)C)C,0,invitro,Cc1ccc(C)c(C)c1,C1CCCCC1,cyclic,C1CCCCC1,train
11597,CC1=CC(=C(C=C1)N)C,0,invitro,Cc1ccc(N)c(C)c1,C1CCCCC1,cyclic,C1CCCCC1,train
11599,CC1=C(C=CC(=C1)O)O,0,invitro,Cc1cc(O)ccc1O,C1CCCCC1,cyclic,C1CCCCC1,train
11602,C1=CC(=C(C=C1N)Cl)Cl,1,invitro,Nc1ccc(Cl)c(Cl)c1,C1CCCCC1,cyclic,C1CCCCC1,train
11606,CCOC(=O)C(=O)OCC,0,invitro,CCOC(=O)C(=O)OCC,ACYC_C35,acyclic,ACYC_C35,train
11615,CC1CC2=C(C1NC3=NC(=NC(=N3)N)C(C)F)C=C(C=C2)C,0,invitro,Cc1ccc2c(c1)C(Nc1nc(N)nc(C(C)F)n1)C(C)C2,C1CCC(CC2CCC3CCCCC32)CC1,cyclic,C1CCC(CC2CCC3CCCCC32)CC1,test
11616,CC(C)C1=CC2=C(C=C1)OCC(=O)CO2,0,invitro,CC(C)c1ccc2c(c1)OCC(=O)CO2,CC1CCC2CCCCC2CC1,cyclic,CC1CCC2CCCCC2CC1,test
11632,CC(C)(C)C1=CC=C(C=C1)C(CC(C2=CC=C(C=C2)OC)O)O,0,invitro,COc1ccc(C(O)CC(O)c2ccc(C(C)(C)C)cc2)cc1,C1CCC(CCCC2CCCCC2)CC1,cyclic,C1CCC(CCCC2CCCCC2)CC1,train
11642,CCCCCCCCCCCCOC(=O)CCCCCCC.CCCCCCCCCCCCOC(=O)CCCCCCCCC,0,invitro,CCCCCCCCCCCCOC(=O)CCCCCCC.CCCCCCCCCCCCOC(=O)CCCCCCCCC,ACYC_C31,acyclic,ACYC_C31,train
11648,CC(=C)C(=O)OCC=C,0,invitro,C=CCOC(=O)C(=C)C,ACYC_C47,acyclic,ACYC_C47,train
11663,C1COC(=O)O1,0,invitro,O=C1OCCO1,CC1CCCC1,cyclic,CC1CCCC1,train
11670,CCCCCCCCCC(C)C=C(C(=O)C)C(=O)OCC,0,invitro,CCCCCCCCCC(C)C=C(C(C)=O)C(=O)OCC,ACYC_C5,acyclic,ACYC_C5,train
11692,C1=CC(=C(C=C1S(=O)(=O)O)C(=O)O)O,0,invitro,O=C(O)c1cc(S(=O)(=O)O)ccc1O,C1CCCCC1,cyclic,C1CCCCC1,train
11699,CCOC(=O)C(=C)C,0,invitro,C=C(C)C(=O)OCC,ACYC_C35,acyclic,ACYC_C35,train
11700,CCOC(=O)C(C)O,0,invitro,CCOC(=O)C(C)O,ACYC_C23,acyclic,ACYC_C23,train
11704,CCCCCCCCCCCC(=O)N(C)CC(=O)O,0,invitro,CCCCCCCCCCCC(=O)N(C)CC(=O)O,ACYC_C45,acyclic,ACYC_C45,train
11736,CCOP(=O)(CC1=CC(=C(C(=C1)C(C)(C)C)O)C(C)(C)C)OCC,0,invitro,CCOP(=O)(Cc1cc(C(C)(C)C)c(O)c(C(C)(C)C)c1)OCC,C1CCCCC1,cyclic,C1CCCCC1,train
11757,C1=COC(=C1)CO,0,invitro,OCc1ccco1,C1CCCC1,cyclic,C1CCCC1,train
11758,C1=COC(=C1)C=O,1,invitro,O=Cc1ccco1,C1CCCC1,cyclic,C1CCCC1,train
11759,C1=CC=C(C=C1)S(=O)(=O)O,0,invitro,O=S(=O)(O)c1ccccc1,C1CCCCC1,cyclic,C1CCCCC1,train
11770,C1=CC(=CC=C1O)S(=O)(=O)O,0,invitro,O=S(=O)(O)c1ccc(O)cc1,C1CCCCC1,cyclic,C1CCCCC1,train
11771,C1=CC(=CC=C1[N+](=O)[O-])S(=O)(=O)Cl,0,invitro,O=[N+]([O-])c1ccc(S(=O)(=O)Cl)cc1,C1CCCCC1,cyclic,C1CCCCC1,train
11775,CC(C1=CC=CC=C1)O,0,invitro,CC(O)c1ccccc1,C1CCCCC1,cyclic,C1CCCCC1,train
11776,CC(=O)C1=CC=CC=C1,0,invitro,CC(=O)c1ccccc1,C1CCCCC1,cyclic,C1CCCCC1,train
11778,C1=CC(=CN=C1)C(=O)N,0,invitro,NC(=O)c1cccnc1,C1CCCCC1,cyclic,C1CCCCC1,train
11794,CCCCCCCCCCCCCCCC=C1C(C(=O)O1)CCCCCCCCCCCCCCC,0,invitro,CCCCCCCCCCCCCCCC=C1OC(=O)C1CCCCCCCCCCCCCCC,CC1CC(C)C1,cyclic,CC1CC(C)C1,test
11795,CCCCCCCCC=CC(=O)NCCC[N+](C)(C)CC(=O)O.[OH-],0,invitro,CCCCCCCCC=CC(=O)NCCC[N+](C)(C)CC(=O)O.[OH-],ACYC_C24,acyclic,ACYC_C24,train
11804,CCCC(C)COC(=O)C1=CC=CC=C1O,0,invitro,CCCC(C)COC(=O)c1ccccc1O,C1CCCCC1,cyclic,C1CCCCC1,train
11811,C1=CC(=CC(=C1)C(=O)Cl)C(=O)Cl,1,invitro,O=C(Cl)c1cccc(C(=O)Cl)c1,C1CCCCC1,cyclic,C1CCCCC1,train
11815,CC1CCC(CC1)C(C)C,0,invitro,CC1CCC(C(C)C)CC1,C1CCCCC1,cyclic,C1CCCCC1,train
11816,CC1=CCC(=CC1)C(C)C,0,invitro,CC1=CCC(C(C)C)=CC1,C1CCCCC1,cyclic,C1CCCCC1,train
11827,C1=CC=C2C(=C1)C3=CC=CC=C3P(=O)(O2)C4=C(C=CC(=C4)O)O,1,invitro,O=P1(c2cc(O)ccc2O)Oc2ccccc2-c2ccccc21,CC1(C2CCCCC2)CC2CCCCC2C2CCCCC21,cyclic,CC1(C2CCCCC2)CC2CCCCC2C2CCCCC21,test
11838,C1OS(=O)(=O)CS(=O)(=O)O1,1,invitro,O=S1(=O)CS(=O)(=O)OCO1,CC1(C)CCCC(C)(C)C1,cyclic,CC1(C)CCCC(C)(C)C1,test
11841,CCCCCC(C)OC(=O)COC1=C2C(=C(C=C1)Cl)C=CC=N2,0,invitro,CCCCCC(C)OC(=O)COc1ccc(Cl)c2cccnc12,C1CCC2CCCCC2C1,cyclic,C1CCC2CCCCC2C1,train
