valid_smiles,has_metal,metal_elements,has_salt,n_fragments,needs_charge_norm,sanitizable,smiles_raw,smiles_stripped,smiles_canonical,mw_raw,mw_after,mw_change,preprocessing_actions
True,False,[],False,1,False,True,CCOC=CC(=O)C(F)(F)F,CCOC=CC(=O)C(F)(F)F,CCOC=CC(=O)C(F)(F)F,168.11399999999998,168.11399999999998,0.0,['none']
True,False,[],False,1,False,True,CCCCCCCCCCCCC(CCCCCCCCCC)COC(=O)CCSCCC(=O)OCC(CCCCCCCCCC)CCCCCCCCCCCC,CCCCCCCCCCCCC(CCCCCCCCCC)COC(=O)CCSCCC(=O)OCC(CCCCCCCCCC)CCCCCCCCCCCC,CCCCCCCCCCCCC(CCCCCCCCCC)COC(=O)CCSCCC(=O)OCC(CCCCCCCCCC)CCCCCCCCCCCC,851.5049999999989,851.5049999999989,0.0,['none']
True,False,[],False,1,False,True,CCCCCCCC(=O)OCC(CCC)CCCCC,CCCCCCCC(=O)OCC(CCC)CCCCC,CCCCCCCC(=O)OCC(CCC)CCCCC,284.484,284.484,0.0,['none']
True,False,[],False,1,False,True,CC1=NN(c2cccc(S(=O)(=O)O)c2)C(=O)C1N=Nc1cc(Cl)c(C)cc1S(=O)(=O)O,CC1=NN(c2cccc(S(=O)(=O)O)c2)C(=O)C1N=Nc1cc(Cl)c(C)cc1S(=O)(=O)O,CC1=NN(c2cccc(S(=O)(=O)O)c2)C(=O)C1N=Nc1cc(Cl)c(C)cc1S(=O)(=O)O,486.9150000000002,486.9150000000002,0.0,['none']
True,False,[],False,1,False,True,O=P(O)(O)OP(=O)(O)O,O=P(O)(O)OP(=O)(O)O,O=P(O)(O)OP(=O)(O)O,177.973,177.973,0.0,['none']
True,False,[],False,1,False,True,CC(C)=CCCC1=CCC(C=O)CC1,CC(C)=CCCC1=CCC(C=O)CC1,CC(C)=CCCC1=CCC(C=O)CC1,192.302,192.302,0.0,['none']
True,False,[],False,1,False,True,O=C(OS(=O)C(F)(F)F)C(F)(F)F,O=C(OS(=O)C(F)(F)F)C(F)(F)F,O=C(OS(=O)C(F)(F)F)C(F)(F)F,230.08499999999995,230.08499999999995,0.0,['none']
True,False,[],False,1,False,True,COc1ccc(C(C)=O)cc1,COc1ccc(C(C)=O)cc1,COc1ccc(C(C)=O)cc1,150.177,150.177,0.0,['none']
True,False,[],False,1,False,True,COc1ccc(C(=O)O)cc1,COc1ccc(C(=O)O)cc1,COc1ccc(C(=O)O)cc1,152.149,152.149,0.0,['none']
True,False,[],False,1,False,True,OCc1ccccc1,OCc1ccccc1,OCc1ccccc1,108.13999999999997,108.13999999999997,0.0,['none']
True,False,[],False,1,False,True,O=Cc1ccccc1,O=Cc1ccccc1,O=Cc1ccccc1,106.12399999999997,106.12399999999997,0.0,['none']
True,False,[],False,1,False,True,COc1ccccc1,COc1ccccc1,COc1ccccc1,108.13999999999997,108.13999999999997,0.0,['none']
True,False,[],False,1,False,True,C[N+](C)(C)Cc1ccccc1,C[N+](C)(C)Cc1ccccc1,C[N+](C)(C)Cc1ccccc1,150.24499999999998,150.24499999999998,0.0,['none']
True,False,[],False,1,False,True,O=P(Cl)(Cl)Cl,O=P(Cl)(Cl)Cl,O=P(Cl)(Cl)Cl,153.332,153.332,0.0,['none']
True,False,[],False,1,False,True,[Cl][Sb]([Cl])[Cl],[Cl][Sb]([Cl])[Cl],[Cl][Sb]([Cl])[Cl],228.11900000000003,228.11900000000003,0.0,['none']
True,True,['Pt'],False,1,False,True,[Cl][Pt-2]([Cl])([Cl])[Cl],[Pt+4],[Pt+4],336.89,195.078,-141.81199999999998,"['metal:Pt', 'fragment_removed']"
True,False,[],False,1,False,True,O=CC(OC(C=O)C(O)C(O)C(O)CO)C(O)C(O)C(O)CO,O=CC(OC(C=O)C(O)C(O)C(O)CO)C(O)C(O)C(O)CO,O=CC(OC(C=O)C(O)C(O)C(O)CO)C(O)C(O)C(O)CO,342.2970000000001,342.2970000000001,0.0,['none']
True,False,[],False,1,False,True,Cc1ccc(NCCO)c([N+](=O)[O-])c1,Cc1ccc(NCCO)c([N+](=O)[O-])c1,Cc1ccc(NCCO)c([N+](=O)[O-])c1,196.20600000000002,196.20600000000002,0.0,['none']
True,False,[],False,1,False,True,O=S(=O)(O)O,O=S(=O)(O)O,O=S(=O)(O)O,98.07899999999998,98.07899999999998,0.0,['none']
True,False,[],False,1,False,True,O=P(O)(O)O,O=P(O)(O)O,O=P(O)(O)O,97.99399999999999,97.99399999999999,0.0,['none']
True,False,[],False,1,False,True,CC(C)(c1ccccc1)c1ccc(Nc2ccc(C(C)(C)c3ccccc3)cc2)cc1,CC(C)(c1ccccc1)c1ccc(Nc2ccc(C(C)(C)c3ccccc3)cc2)cc1,CC(C)(c1ccccc1)c1ccc(Nc2ccc(C(C)(C)c3ccccc3)cc2)cc1,405.5850000000001,405.5850000000001,0.0,['none']
True,False,[],False,1,False,True,O=[N+]([O-])O,O=[N+]([O-])O,O=[N+]([O-])O,63.01200000000001,63.01200000000001,0.0,['none']
True,False,[],False,1,False,True,C=CCOc1nc(OCC=C)nc(OCC=C)n1,C=CCOc1nc(OCC=C)nc(OCC=C)n1,C=CCOc1nc(OCC=C)nc(OCC=C)n1,249.26999999999998,249.26999999999998,0.0,['none']
True,False,[],False,1,False,True,CN(C)C(=O)Nc1ccccc1,CN(C)C(=O)Nc1ccccc1,CN(C)C(=O)Nc1ccccc1,164.208,164.208,0.0,['none']
True,False,[],False,1,False,True,Nc1ccc(Cc2ccc(N)cc2)cc1,Nc1ccc(Cc2ccc(N)cc2)cc1,Nc1ccc(Cc2ccc(N)cc2)cc1,198.269,198.269,0.0,['none']
True,False,[],False,1,False,True,CCC(C)Nc1ccc(NC(C)CC)cc1,CCC(C)Nc1ccc(NC(C)CC)cc1,CCC(C)Nc1ccc(NC(C)CC)cc1,220.35999999999999,220.35999999999999,0.0,['none']
True,False,[],False,1,False,True,CCOC(=O)Cc1ccccc1,CCOC(=O)Cc1ccccc1,CCOC(=O)Cc1ccccc1,164.204,164.204,0.0,['none']
True,False,[],False,1,False,True,O=[Se](O)O,O=[Se](O)O,O=[Se](O)O,128.97299999999998,128.97299999999998,0.0,['none']
True,False,[],False,1,False,True,O=S(O)O,O=S(O)O,O=S(O)O,82.07999999999998,82.07999999999998,0.0,['none']
True,False,[],False,1,False,True,O=P(=O)O,O=[P+]([O-])O,O=[P+]([O-])O,79.979,79.979,0.0,['fragment_removed']
True,False,[],False,1,False,True,Cc1c(C)c2c(c(C)c1O)CCC(C)(CCCC(C)CCCC(C)CCCC(C)C)O2,Cc1c(C)c2c(c(C)c1O)CCC(C)(CCCC(C)CCCC(C)CCCC(C)C)O2,Cc1c(C)c2c(c(C)c1O)CCC(C)(CCCC(C)CCCC(C)CCCC(C)C)O2,430.7170000000003,430.7170000000003,0.0,['none']
True,False,[],False,1,False,True,O=C(Cc1ccccc1)OCc1ccccc1,O=C(Cc1ccccc1)OCc1ccccc1,O=C(Cc1ccccc1)OCc1ccccc1,226.27499999999998,226.27499999999998,0.0,['none']
True,False,[],False,1,False,True,O=C(Cc1ccccc1)OCCc1ccccc1,O=C(Cc1ccccc1)OCCc1ccccc1,O=C(Cc1ccccc1)OCCc1ccccc1,240.30199999999996,240.30199999999996,0.0,['none']
True,False,[],False,1,False,True,CCCCN(CCO)CCO,CCCCN(CCO)CCO,CCCCN(CCO)CCO,161.24499999999998,161.24499999999998,0.0,['none']
True,False,[],False,1,False,True,CC(C)(C)OC(=O)NC(CO)c1ccccc1,CC(C)(C)OC(=O)NC(CO)c1ccccc1,CC(C)(C)OC(=O)NC(CO)c1ccccc1,237.299,237.299,0.0,['none']
True,False,[],False,1,False,True,CCCCCCCCCCCCCCCCCCN(CCO)CCO,CCCCCCCCCCCCCCCCCCN(CCO)CCO,CCCCCCCCCCCCCCCCCCN(CCO)CCO,357.62300000000005,357.62300000000005,0.0,['none']
True,False,[],False,1,False,True,CCCCCCCCCCCC(=O)OC(C)C,CCCCCCCCCCCC(=O)OC(C)C,CCCCCCCCCCCC(=O)OC(C)C,242.40299999999996,242.40299999999996,0.0,['none']
True,False,[],False,1,False,True,CC1OC(OC2C(Oc3cc(O)c4c(c3)OC(c3ccc(O)cc3)CC4=O)OC(CO)C(O)C2O)C(O)C(O)C1O,CC1OC(OC2C(Oc3cc(O)c4c(c3)OC(c3ccc(O)cc3)CC4=O)OC(CO)C(O)C2O)C(O)C(O)C1O,CC1OC(OC2C(Oc3cc(O)c4c(c3)OC(c3ccc(O)cc3)CC4=O)OC(CO)C(O)C2O)C(O)C(O)C1O,580.5390000000003,580.5390000000003,0.0,['none']
True,False,[],False,1,False,True,FC(F)(F)C=CCl,FC(F)(F)C=CCl,FC(F)(F)C=CCl,130.49599999999998,130.49599999999998,0.0,['none']
True,False,[],False,1,False,True,CCCCCCCC(=O)OCCCO,CCCCCCCC(=O)OCCCO,CCCCCCCC(=O)OCCCO,202.29399999999995,202.29399999999995,0.0,['none']
True,False,[],False,1,False,True,O=S(O)(O)=S,O=S(O)(O)=S,O=S(O)(O)=S,114.14699999999999,114.14699999999999,0.0,['none']
True,False,[],False,1,False,True,CCCCCCCCCCCC(=O)OCC(C)(C)C=O,CCCCCCCCCCCC(=O)OCC(C)(C)C=O,CCCCCCCCCCCC(=O)OCC(C)(C)C=O,284.43999999999994,284.43999999999994,0.0,['none']
True,False,[],False,1,False,True,C=CC(=O)OCC(CC)CCCC,C=CC(=O)OCC(CC)CCCC,C=CC(=O)OCC(CC)CCCC,184.27899999999994,184.27899999999994,0.0,['none']
True,False,[],False,1,False,True,CCOC(=O)C=Cc1ccccc1,CCOC(=O)C=Cc1ccccc1,CCOC(=O)C=Cc1ccccc1,176.215,176.215,0.0,['none']
True,False,[],False,1,False,True,CCCC(=O)OCc1ccccc1,CCCC(=O)OCc1ccccc1,CCCC(=O)OCc1ccccc1,178.231,178.231,0.0,['none']
True,False,[],False,1,False,True,O=C(C=Cc1ccccc1)OCc1ccccc1,O=C(C=Cc1ccccc1)OCc1ccccc1,O=C(C=Cc1ccccc1)OCc1ccccc1,238.286,238.286,0.0,['none']
True,False,[],False,1,False,True,CC(C)C(=O)OCCc1ccccc1,CC(C)C(=O)OCCc1ccccc1,CC(C)C(=O)OCCc1ccccc1,192.258,192.258,0.0,['none']
True,False,[],False,1,False,True,CC(=O)OCC=Cc1ccccc1,CC(=O)OCC=Cc1ccccc1,CC(=O)OCC=Cc1ccccc1,176.215,176.215,0.0,['none']
True,False,[],False,1,False,True,CC(C=O)Cc1ccc(C(C)C)cc1,CC(C=O)Cc1ccc(C(C)C)cc1,CC(C=O)Cc1ccc(C(C)C)cc1,190.286,190.286,0.0,['none']
True,False,[],False,1,False,True,Nc1cc(Cl)c(OC(F)(F)C(F)C(F)(F)F)cc1Cl,Nc1cc(Cl)c(OC(F)(F)C(F)C(F)(F)F)cc1Cl,Nc1cc(Cl)c(OC(F)(F)C(F)C(F)(F)F)cc1Cl,328.039,328.039,0.0,['none']
True,False,[],False,1,False,True,O=C(NC(=O)c1c(F)cccc1F)Nc1cc(Cl)c(OC(F)(F)C(F)C(F)(F)F)cc1Cl,O=C(NC(=O)c1c(F)cccc1F)Nc1cc(Cl)c(OC(F)(F)C(F)C(F)(F)F)cc1Cl,O=C(NC(=O)c1c(F)cccc1F)Nc1cc(Cl)c(OC(F)(F)C(F)C(F)(F)F)cc1Cl,511.15200000000004,511.15200000000004,0.0,['none']
True,False,[],False,1,False,True,CC(O)C(=O)O,CC(O)C(=O)O,CC(O)C(=O)O,90.07799999999999,90.07799999999999,0.0,['none']
True,False,[],False,1,False,True,C,C,C,16.043,16.043,0.0,['none']
True,False,[],False,1,False,True,COc1ccc(CCC(C)=O)cc1,COc1ccc(CCC(C)=O)cc1,COc1ccc(CCC(C)=O)cc1,178.231,178.231,0.0,['none']
True,False,[],False,1,False,True,COc1ccc(COC(C)=O)cc1,COc1ccc(COC(C)=O)cc1,COc1ccc(COC(C)=O)cc1,180.203,180.203,0.0,['none']
True,False,[],False,1,False,True,CCCCC1CCC(=O)O1,CCCCC1CCC(=O)O1,CCCCC1CCC(=O)O1,142.19799999999998,142.19799999999998,0.0,['none']
True,False,[],False,1,False,True,OCCOCCOc1ccccc1,OCCOCCOc1ccccc1,OCCOCCOc1ccccc1,182.21900000000002,182.21900000000002,0.0,['none']
True,False,[],False,1,False,True,CCCCCCCCCCCC[n+]1ccccc1,CCCCCCCCCCCC[n+]1ccccc1,CCCCCCCCCCCC[n+]1ccccc1,248.434,248.434,0.0,['none']
True,False,[],False,1,False,True,CCN(CC)CCCN,CCN(CC)CCCN,CCN(CC)CCCN,130.23499999999999,130.23499999999999,0.0,['none']
True,False,[],False,1,False,True,CCc1ccc(C)nc1,CCc1ccc(C)nc1,CCc1ccc(C)nc1,121.18299999999998,121.18299999999998,0.0,['none']
True,False,[],False,1,False,True,CCCCCCCCCCCCCCCCOC(=O)CCCCCCCC=CCC(O)CCCCCC,CCCCCCCCCCCCCCCCOC(=O)CCCCCCCC=CCC(O)CCCCCC,CCCCCCCCCCCCCCCCOC(=O)CCCCCCCC=CCC(O)CCCCCC,522.8990000000005,522.8990000000005,0.0,['none']
True,False,[],False,1,False,True,CC(=O)OC1CCC(C(C)(C)C)CC1,CC(=O)OC1CCC(C(C)(C)C)CC1,CC(=O)OC1CCC(C(C)(C)C)CC1,198.30599999999995,198.30599999999995,0.0,['none']
True,False,[],False,1,False,True,CC(=O)ON=C(C(=O)Sc1nc2ccccc2s1)c1csc(N)n1,CC(=O)ON=C(C(=O)Sc1nc2ccccc2s1)c1csc(N)n1,CC(=O)ON=C(C(=O)Sc1nc2ccccc2s1)c1csc(N)n1,378.4600000000001,378.4600000000001,0.0,['none']
True,False,[],False,1,False,True,O=C(Nc1ccccc1)c1cc2ccccc2c(N=Nc2cc(Cl)ccc2O)c1O,O=C(Nc1ccccc1)c1cc2ccccc2c(N=Nc2cc(Cl)ccc2O)c1O,O=C(Nc1ccccc1)c1cc2ccccc2c(N=Nc2cc(Cl)ccc2O)c1O,417.8520000000001,417.8520000000001,0.0,['none']
True,False,[],False,1,False,True,COc1ccc(CO)cc1,COc1ccc(CO)cc1,COc1ccc(CO)cc1,138.166,138.166,0.0,['none']
True,False,[],False,1,False,True,CCOC(=O)CC,CCOC(=O)CC,CCOC(=O)CC,102.133,102.133,0.0,['none']
True,False,[],False,1,False,True,CC(C)OC(=O)OOC(=O)OC(C)C,CC(C)OC(=O)OOC(=O)OC(C)C,CC(C)OC(=O)OOC(=O)OC(C)C,206.194,206.194,0.0,['none']
True,False,[],False,1,False,True,CC(C)=CCCC(C)CCOC=O,CC(C)=CCCC(C)CCOC=O,CC(C)=CCCC(C)CCOC=O,184.279,184.279,0.0,['none']
True,False,[],False,1,False,True,CCC(C)(C)OOC(C)(C)CC,CCC(C)(C)OOC(C)(C)CC,CCC(C)(C)OOC(C)(C)CC,174.28399999999993,174.28399999999993,0.0,['none']
True,False,[],False,1,False,True,CCCCCCS(=O)(=O)c1ccc(Nc2ccc3c4c2C(=O)c2ccccc2-c4c(C(=O)c2cccc(S(=O)(=O)O)c2)c(=O)n3C)c(S(=O)(=O)O)c1,CCCCCCS(=O)(=O)c1ccc(Nc2ccc3c4c2C(=O)c2ccccc2-c4c(C(=O)c2cccc(S(=O)(=O)O)c2)c(=O)n3C)c(S(=O)(=O)O)c1,CCCCCCS(=O)(=O)c1ccc(Nc2ccc3c4c2C(=O)c2ccccc2-c4c(C(=O)c2cccc(S(=O)(=O)O)c2)c(=O)n3C)c(S(=O)(=O)O)c1,764.8560000000004,764.8560000000004,0.0,['none']
True,False,[],False,1,False,True,CCCCCCCCCCCC(=O)NCCC[N+](C)(C)C,CCCCCCCCCCCC(=O)NCCC[N+](C)(C)C,CCCCCCCCCCCC(=O)NCCC[N+](C)(C)C,299.523,299.523,0.0,['none']
True,False,[],False,1,False,True,O=C1CCCCCCCCCCCCCCO1,O=C1CCCCCCCCCCCCCCO1,O=C1CCCCCCCCCCCCCCO1,240.38699999999992,240.38699999999992,0.0,['none']
True,False,[],False,1,False,True,CCCC(=O)OCCC(C)C,CCCC(=O)OCCC(C)C,CCCC(=O)OCCC(C)C,158.24099999999999,158.24099999999999,0.0,['none']
True,False,[],False,1,False,True,CCCCCCC(=O)OCC,CCCCCCC(=O)OCC,CCCCCCC(=O)OCC,158.24099999999999,158.24099999999999,0.0,['none']
True,False,[],False,1,False,True,CCCCCCCC(=O)OCC,CCCCCCCC(=O)OCC,CCCCCCCC(=O)OCC,172.26799999999997,172.26799999999997,0.0,['none']
True,False,[],False,1,False,True,CCCOC(=O)CC,CCCOC(=O)CC,CCCOC(=O)CC,116.15999999999998,116.15999999999998,0.0,['none']
True,False,[],False,1,False,True,Cc1ccc(C)cc1,Cc1ccc(C)cc1,Cc1ccc(C)cc1,106.16799999999999,106.16799999999999,0.0,['none']
True,False,[],False,1,False,True,Oc1ccc(Cl)cc1,Oc1ccc(Cl)cc1,Oc1ccc(Cl)cc1,128.558,128.558,0.0,['none']
True,False,[],False,1,False,True,O=C1C=CC(=O)C=C1,O=C1C=CC(=O)C=C1,O=C1C=CC(=O)C=C1,108.09599999999999,108.09599999999999,0.0,['none']
True,False,[],False,1,False,True,CN1CCN(C)CC1,CN1CCN(C)CC1,CN1CCN(C)CC1,114.192,114.192,0.0,['none']
True,False,[],False,1,False,True,COC(=O)CCC(=O)OC,COC(=O)CCC(=O)OC,COC(=O)CCC(=O)OC,146.142,146.142,0.0,['none']
True,False,[],False,1,False,True,CCCCCC(=O)OC,CCCCCC(=O)OC,CCCCCC(=O)OC,130.18699999999998,130.18699999999998,0.0,['none']
True,False,[],False,1,False,True,C=CCC,C=CCC,C=CCC,56.10799999999999,56.10799999999999,0.0,['none']
True,False,[],False,1,False,True,COC(=O)Nc1nc2ccccc2[nH]1,COC(=O)Nc1nc2ccccc2[nH]1,COC(=O)Nc1nc2ccccc2[nH]1,191.19000000000003,191.19000000000003,0.0,['none']
True,False,[],False,1,False,True,O=C(O)CN(CCN(CC(=O)O)Cc1ccccc1O)Cc1ccccc1O,O=C(O)CN(CCN(CC(=O)O)Cc1ccccc1O)Cc1ccccc1O,O=C(O)CN(CCN(CC(=O)O)Cc1ccccc1O)Cc1ccccc1O,388.42000000000013,388.42000000000013,0.0,['none']
True,False,[],False,1,False,True,COc1cc(N=Nc2c(C)c(-[n+]3ccccc3)c(=O)n(CCCN(C)C)c2O)ccc1C(c1ccccc1)c1ccc(N=Nc2c(C)c(-[n+]3ccccc3)c(=O)n(CCCN(C)C)c2O)cc1OC,COc1cc(N=Nc2c(C)c(-[n+]3ccccc3)c(=O)n(CCCN(C)C)c2O)ccc1C(c1ccccc1)c1ccc(N=Nc2c(C)c(-[n+]3ccccc3)c(=O)n(CCCN(C)C)c2O)cc1OC,COc1cc(N=Nc2c(C)c(-[n+]3ccccc3)c(=O)n(CCCN(C)C)c2O)ccc1C(c1ccccc1)c1ccc(N=Nc2c(C)c(-[n+]3ccccc3)c(=O)n(CCCN(C)C)c2O)cc1OC,933.1269999999996,933.1269999999996,0.0,['none']
True,False,[],False,1,False,True,CCc1cc(Cc2cc(CC)c(N)c(CC)c2Cl)c(Cl)c(CC)c1N,CCc1cc(Cc2cc(CC)c(N)c(CC)c2Cl)c(Cl)c(CC)c1N,CCc1cc(Cc2cc(CC)c(N)c(CC)c2Cl)c(Cl)c(CC)c1N,379.37500000000017,379.37500000000017,0.0,['none']
True,False,[],False,1,False,True,CN1C(C)(C)CC(OC(=O)CCCCCCCCC(=O)OC2CC(C)(C)N(C)C(C)(C)C2)CC1(C)C,CN1C(C)(C)CC(OC(=O)CCCCCCCCC(=O)OC2CC(C)(C)N(C)C(C)(C)C2)CC1(C)C,CN1C(C)(C)CC(OC(=O)CCCCCCCCC(=O)OC2CC(C)(C)N(C)C(C)(C)C2)CC1(C)C,508.7880000000003,508.7880000000003,0.0,['none']
True,False,[],False,1,False,True,CC(C)(C)OOC(C)(C)C#CC(C)(C)OOC(C)(C)C,CC(C)(C)OOC(C)(C)C#CC(C)(C)OOC(C)(C)C,CC(C)(C)OOC(C)(C)C#CC(C)(C)OOC(C)(C)C,286.412,286.412,0.0,['none']
True,False,[],False,1,False,True,COC(=O)CCN[N+](C)(C)C,COC(=O)CCN[N+](C)(C)C,COC(=O)CCN[N+](C)(C)C,161.22500000000002,161.22500000000002,0.0,['none']
True,False,[],False,1,False,True,CCCCN(c1nc(NCCCN(CCN(CCCNc2nc(N(CCCC)C3CC(C)(C)N(C)C(C)(C)C3)nc(N(CCCC)C3CC(C)(C)N(C)C(C)(C)C3)n2)c2nc(N(CCCC)C3CC(C)(C)N(C)C(C)(C)C3)nc(N(CCCC)C3CC(C)(C)N(C)C(C)(C)C3)n2)c2nc(N(CCCC)C3CC(C)(C)N(C)C(C)(C)C3)nc(N(CCCC)C3CC(C)(C)N(C)C(C)(C)C3)n2)nc(N(CCCC)C2CC(C)(C)N(C)C(C)(C)C2)n1)C1CC(C)(C)N(C)C(C)(C)C1,CCCCN(c1nc(NCCCN(CCN(CCCNc2nc(N(CCCC)C3CC(C)(C)N(C)C(C)(C)C3)nc(N(CCCC)C3CC(C)(C)N(C)C(C)(C)C3)n2)c2nc(N(CCCC)C3CC(C)(C)N(C)C(C)(C)C3)nc(N(CCCC)C3CC(C)(C)N(C)C(C)(C)C3)n2)c2nc(N(CCCC)C3CC(C)(C)N(C)C(C)(C)C3)nc(N(CCCC)C3CC(C)(C)N(C)C(C)(C)C3)n2)nc(N(CCCC)C2CC(C)(C)N(C)C(C)(C)C2)n1)C1CC(C)(C)N(C)C(C)(C)C1,CCCCN(c1nc(NCCCN(CCN(CCCNc2nc(N(CCCC)C3CC(C)(C)N(C)C(C)(C)C3)nc(N(CCCC)C3CC(C)(C)N(C)C(C)(C)C3)n2)c2nc(N(CCCC)C3CC(C)(C)N(C)C(C)(C)C3)nc(N(CCCC)C3CC(C)(C)N(C)C(C)(C)C3)n2)c2nc(N(CCCC)C3CC(C)(C)N(C)C(C)(C)C3)nc(N(CCCC)C3CC(C)(C)N(C)C(C)(C)C3)n2)nc(N(CCCC)C2CC(C)(C)N(C)C(C)(C)C2)n1)C1CC(C)(C)N(C)C(C)(C)C1,2285.675999999996,2285.675999999996,0.0,['none']
True,False,[],False,1,False,True,CC=CC,CC=CC,CC=CC,56.108000000000004,56.108000000000004,0.0,['none']
True,False,[],False,1,False,True,CCC#N,CCC#N,CCC#N,55.07999999999999,55.07999999999999,0.0,['none']
True,False,[],False,1,False,True,NCCN,NCCN,NCCN,60.09999999999999,60.09999999999999,0.0,['none']
True,False,[],False,1,False,True,OCCO,OCCO,OCCO,62.068000000000005,62.068000000000005,0.0,['none']
True,False,[],False,1,False,True,C[N+](C)(C)CC(=O)[O-],C[N+](C)(C)CC(=O)[O-],C[N+](C)(C)CC(=O)[O-],117.14799999999998,117.14799999999998,0.0,['none']
True,False,[],False,1,False,True,O=C(O)CCS,O=C(O)CCS,O=C(O)CCS,106.146,106.146,0.0,['none']
True,False,[],False,1,False,True,CCOC(=O)CCCCC(Cl)CCCl,CCOC(=O)CCCCC(Cl)CCCl,CCOC(=O)CCCCC(Cl)CCCl,241.158,241.158,0.0,['none']
True,False,[],False,1,False,True,C=CC(=O)OCCCCOC(=O)C=C,C=CC(=O)OCCCCOC(=O)C=C,C=CC(=O)OCCCCOC(=O)C=C,198.218,198.218,0.0,['none']
True,False,[],False,1,False,True,Cc1ccc(S(=O)(=O)c2ccc(O)c(O)c2)cc1,Cc1ccc(S(=O)(=O)c2ccc(O)c(O)c2)cc1,Cc1ccc(S(=O)(=O)c2ccc(O)c(O)c2)cc1,264.302,264.302,0.0,['none']
True,False,[],False,1,False,True,NNC(=O)CCCCC(=O)NN,NNC(=O)CCCCC(=O)NN,NNC(=O)CCCCC(=O)NN,174.204,174.204,0.0,['none']
True,False,[],False,1,False,True,S=c1[nH][nH]c(=S)s1,S=c1[nH][nH]c(=S)s1,S=c1[nH][nH]c(=S)s1,150.25300000000001,150.25300000000001,0.0,['none']
True,False,[],False,1,False,True,Cn1cc(C(=O)Nc2cccc3c2C2CCC3C2=C(Cl)Cl)c(C(F)F)n1,Cn1cc(C(=O)Nc2cccc3c2C2CCC3C2=C(Cl)Cl)c(C(F)F)n1,Cn1cc(C(=O)Nc2cccc3c2C2CCC3C2=C(Cl)Cl)c(C(F)F)n1,398.24,398.24,0.0,['none']
True,False,[],False,1,False,True,C1=CC2CC1C1C3CCC(C3)C21,C1=CC2CC1C1C3CCC(C3)C21,C1=CC2CC1C1C3CCC(C3)C21,160.26,160.26,0.0,['none']
True,False,[],False,1,False,True,CC(=O)CC(C)C,CC(=O)CC(C)C,CC(=O)CC(C)C,100.16099999999999,100.16099999999999,0.0,['none']
True,False,[],False,1,False,True,CC(C)NC(C)C,CC(C)NC(C)C,CC(C)NC(C)C,101.19299999999998,101.19299999999998,0.0,['none']
True,False,[],False,1,False,True,CC(=O)OC(C)C,CC(=O)OC(C)C,CC(=O)OC(C)C,102.133,102.133,0.0,['none']
True,False,[],False,1,False,True,Cc1cccc(C)c1,Cc1cccc(C)c1,Cc1cccc(C)c1,106.16799999999999,106.16799999999999,0.0,['none']
True,False,[],False,1,False,True,Cc1cccc(C)n1,Cc1cccc(C)n1,Cc1cccc(C)n1,107.156,107.156,0.0,['none']
True,False,[],False,1,False,True,CC(=O)Oc1cccc(OC(C)=O)c1,CC(=O)Oc1cccc(OC(C)=O)c1,CC(=O)Oc1cccc(OC(C)=O)c1,194.18599999999998,194.18599999999998,0.0,['none']
True,False,[],False,1,False,True,CCOC(=O)CC(C)C,CCOC(=O)CC(C)C,CCOC(=O)CC(C)C,130.18699999999998,130.18699999999998,0.0,['none']
True,False,[],False,1,False,True,Cc1cc(C)cc(C)c1,Cc1cc(C)cc(C)c1,Cc1cc(C)cc(C)c1,120.19499999999998,120.19499999999998,0.0,['none']
True,False,[],False,1,False,True,CN1CN(C)CN(C)C1,CN1CN(C)CN(C)C1,CN1CN(C)CN(C)C1,129.207,129.207,0.0,['none']
True,False,[],False,1,False,True,CCCCc1ccc(Nc2ccc(Nc3ccc(CCCC)cc3)c3c2C(=O)c2c(Nc4ccc(CCCC)cc4)ccc(Nc4ccc(CCCC)cc4)c2C3=O)cc1,CCCCc1ccc(Nc2ccc(Nc3ccc(CCCC)cc3)c3c2C(=O)c2c(Nc4ccc(CCCC)cc4)ccc(Nc4ccc(CCCC)cc4)c2C3=O)cc1,CCCCc1ccc(Nc2ccc(Nc3ccc(CCCC)cc3)c3c2C(=O)c2c(Nc4ccc(CCCC)cc4)ccc(Nc4ccc(CCCC)cc4)c2C3=O)cc1,797.1,797.1,0.0,['none']
True,False,[],False,1,False,True,C=CCOC(=O)c1cccc(C(=O)OCC=C)c1,C=CCOC(=O)c1cccc(C(=O)OCC=C)c1,C=CCOC(=O)c1cccc(C(=O)OCC=C)c1,246.26199999999994,246.26199999999994,0.0,['none']
True,False,[],False,1,False,True,CN1CCNCC1,CN1CCNCC1,CN1CCNCC1,100.16499999999999,100.16499999999999,0.0,['none']
True,False,[],False,1,False,True,C=C(C)C(=O)OCCOCCOCCOC(=O)C(=C)C,C=C(C)C(=O)OCCOCCOCCOC(=O)C(=C)C,C=C(C)C(=O)OCCOCCOCCOC(=O)C(=C)C,286.324,286.324,0.0,['none']
True,False,[],False,1,False,True,CCCCNC(=S)NCCCC,CCCCNC(=S)NCCCC,CCCCNC(=S)NCCCC,188.33999999999995,188.33999999999995,0.0,['none']
True,False,[],False,1,False,True,CN(C)CCCN,CN(C)CCCN,CN(C)CCCN,102.18100000000001,102.18100000000001,0.0,['none']
True,False,[],False,1,False,True,CCCOC(C)=O,CCCOC(C)=O,CCCOC(C)=O,102.13299999999998,102.13299999999998,0.0,['none']
True,False,[],False,1,False,True,CCOCC,CCOCC,CCOCC,74.123,74.123,0.0,['none']
True,False,[],False,1,False,True,CCCCC,CCCCC,CCCCC,72.151,72.151,0.0,['none']
True,False,[],False,1,False,True,C=CCCC,C=CCCC,C=CCCC,70.13499999999999,70.13499999999999,0.0,['none']
True,False,[],False,1,False,True,CCCC,CCCC,CCCC,58.123999999999995,58.123999999999995,0.0,['none']
True,False,[],False,1,False,True,CO,CO,CO,32.042,32.042,0.0,['none']
True,False,[],False,1,False,True,Cc1nc(CCl)nc2ccccc12,Cc1nc(CCl)nc2ccccc12,Cc1nc(CCl)nc2ccccc12,192.64900000000003,192.64900000000003,0.0,['none']
True,False,[],False,1,False,True,CC(=O)OCC(C)C,CC(=O)OCC(C)C,CC(=O)OCC(C)C,116.16,116.16,0.0,['none']
True,False,[],False,1,False,True,CCCCCCCCCCCCCC(=O)OC(C)C,CCCCCCCCCCCCCC(=O)OC(C)C,CCCCCCCCCCCCCC(=O)OC(C)C,270.45699999999994,270.45699999999994,0.0,['none']
True,False,[],False,1,False,True,CCCCCCCCCC(C)C=O,CCCCCCCCCC(C)C=O,CCCCCCCCCC(C)C=O,184.323,184.323,0.0,['none']
True,False,[],False,1,False,True,CCCCCCCCCC(=O)OC,CCCCCCCCCC(=O)OC,CCCCCCCCCC(=O)OC,186.295,186.295,0.0,['none']
True,False,[],False,1,False,True,CC=CC=CC(=O)O,CC=CC=CC(=O)O,CC=CC=CC(=O)O,112.12799999999999,112.12799999999999,0.0,['none']
True,False,[],False,1,False,True,CN(C)CCCN(C)C,CN(C)CCCN(C)C,CN(C)CCCN(C)C,130.23499999999999,130.23499999999999,0.0,['none']
True,False,[],False,1,False,True,N#CCN(CC#N)CCCN(CC#N)CC#N,N#CCN(CC#N)CCCN(CC#N)CC#N,N#CCN(CC#N)CCCN(CC#N)CC#N,230.27499999999998,230.27499999999998,0.0,['none']
True,False,[],False,1,False,True,CCO[Si](=O)O,CCO[Si](=O)O,CCO[Si](=O)O,106.15299999999998,106.15299999999998,0.0,['none']
True,False,[],False,1,False,True,CCCCCCCC(=O)OC,CCCCCCCC(=O)OC,CCCCCCCC(=O)OC,158.24099999999999,158.24099999999999,0.0,['none']
True,False,[],False,1,False,True,CCCCCCC(=O)O,CCCCCCC(=O)O,CCCCCCC(=O)O,130.187,130.187,0.0,['none']
True,False,[],False,1,False,True,CN(C)CCCCCCN(C)C,CN(C)CCCCCCN(C)C,CN(C)CCCCCCN(C)C,172.316,172.316,0.0,['none']
True,False,[],False,1,False,True,CCCCCCO,CCCCCCO,CCCCCCO,102.17699999999999,102.17699999999999,0.0,['none']
True,False,[],False,1,False,True,OCCCCCO,OCCCCCO,OCCCCCO,104.149,104.149,0.0,['none']
True,False,[],False,1,False,True,ClCCOCCCl,ClCCOCCCl,ClCCOCCCl,143.013,143.013,0.0,['none']
True,False,[],False,1,False,True,C1CCCNCC1,C1CCCNCC1,C1CCCNCC1,99.17699999999999,99.17699999999999,0.0,['none']
True,False,[],False,1,False,True,CCCCCCCCCCCCCCCCCC(=O)NCCO,CCCCCCCCCCCCCCCCCC(=O)NCCO,CCCCCCCCCCCCCCCCCC(=O)NCCO,327.553,327.553,0.0,['none']
True,False,[],False,1,False,True,CCCCCCCO,CCCCCCCO,CCCCCCCO,116.204,116.204,0.0,['none']
True,False,[],False,1,False,True,CCCCCCC=O,CCCCCCC=O,CCCCCCC=O,114.18799999999999,114.18799999999999,0.0,['none']
True,False,[],False,1,False,True,C1=CCCC=CCC1,C1=CCCC=CCC1,C1=CCCC=CCC1,108.18399999999998,108.18399999999998,0.0,['none']
True,False,[],False,1,False,True,CCCCCCCCCCCC(=O)OC,CCCCCCCCCCCC(=O)OC,CCCCCCCCCCCC(=O)OC,214.34899999999996,214.34899999999996,0.0,['none']
True,False,[],False,1,False,True,CCCCCCCCO,CCCCCCCCO,CCCCCCCCO,130.23100000000002,130.23100000000002,0.0,['none']
True,False,[],False,1,False,True,CCCCCCCC(=O)O,CCCCCCCC(=O)O,CCCCCCCC(=O)O,144.214,144.214,0.0,['none']
True,False,[],False,1,False,True,NC(N)=NCCCC(N)C(=O)O,NC(N)=NCCCC(N)C(=O)O,NC(N)=NCCCC(N)C(=O)O,174.20399999999998,174.20399999999998,0.0,['none']
True,False,[],False,1,False,True,CCCCCCCCCCCCCCCC[N+](C)(C)C,CCCCCCCCCCCCCCCC[N+](C)(C)C,CCCCCCCCCCCCCCCC[N+](C)(C)C,284.55199999999996,284.55199999999996,0.0,['none']
True,False,[],False,1,False,True,CCCCCCCCC(=O)O,CCCCCCCCC(=O)O,CCCCCCCCC(=O)O,158.241,158.241,0.0,['none']
True,False,[],False,1,False,True,CCCCCCCCC=CCCCCCCCC(=O)OC(C)C,CCCCCCCCC=CCCCCCCCC(=O)OC(C)C,CCCCCCCCC=CCCCCCCCC(=O)OC(C)C,324.549,324.549,0.0,['none']
True,False,[],False,1,False,True,CCOCCOCCOC(C)=O,CCOCCOCCOC(C)=O,CCOCCOCCOC(C)=O,176.212,176.212,0.0,['none']
True,False,[],False,1,False,True,CCCCCCCCCCO,CCCCCCCCCCO,CCCCCCCCCCO,158.285,158.285,0.0,['none']
True,False,[],False,1,False,True,CCCCCCCCCCCCCCCC(=O)OC,CCCCCCCCCCCCCCCC(=O)OC,CCCCCCCCCCCCCCCC(=O)OC,270.45699999999994,270.45699999999994,0.0,['none']
True,False,[],False,1,False,True,OCCCCCCCCCCO,OCCCCCCCCCCO,OCCCCCCCCCCO,174.284,174.284,0.0,['none']
True,False,[],False,1,False,True,CCOCCOCCOCCO,CCOCCOCCOCCO,CCOCCOCCOCCO,178.22799999999998,178.22799999999998,0.0,['none']
True,False,[],False,1,False,True,CCCCCCCCCCCCO,CCCCCCCCCCCCO,CCCCCCCCCCCCO,186.33899999999997,186.33899999999997,0.0,['none']
True,False,[],False,1,False,True,CCCCCCCCCCCCCCCCCC(=O)OC,CCCCCCCCCCCCCCCCCC(=O)OC,CCCCCCCCCCCCCCCCCC(=O)OC,298.51099999999997,298.51099999999997,0.0,['none']
True,False,[],False,1,False,True,CCCCOCCOCCOCCCC,CCCCOCCOCCOCCCC,CCCCOCCOCCOCCCC,218.33699999999993,218.33699999999993,0.0,['none']
True,False,[],False,1,False,True,CCCCCCCCCCCCCCCCCCO,CCCCCCCCCCCCCCCCCCO,CCCCCCCCCCCCCCCCCCO,270.50099999999986,270.50099999999986,0.0,['none']
True,False,[],False,1,False,True,CC(=O)c1ccc(C(=O)NCC(=O)NCC(F)(F)F)c2ccccc12,CC(=O)c1ccc(C(=O)NCC(=O)NCC(F)(F)F)c2ccccc12,CC(=O)c1ccc(C(=O)NCC(=O)NCC(F)(F)F)c2ccccc12,352.312,352.312,0.0,['none']
True,False,[],False,1,False,True,O=C(c1cc(Cl)cc(C(F)(F)F)c1)C(F)(F)F,O=C(c1cc(Cl)cc(C(F)(F)F)c1)C(F)(F)F,O=C(c1cc(Cl)cc(C(F)(F)F)c1)C(F)(F)F,276.56299999999993,276.56299999999993,0.0,['none']
True,False,[],False,1,False,True,O=S(=O)(O)CCCN1CCOCC1,O=S(=O)(O)CCCN1CCOCC1,O=S(=O)(O)CCCN1CCOCC1,209.26699999999994,209.26699999999994,0.0,['none']
True,False,[],False,1,False,True,CCCC(=O)OC1C=CC2C3CCC(C3)C12,CCCC(=O)OC1C=CC2C3CCC(C3)C12,CCCC(=O)OC1C=CC2C3CCC(C3)C12,220.31199999999995,220.31199999999995,0.0,['none']
True,False,[],False,1,False,True,O=C(c1ccccc1)c1ccc(O)c(O)c1O,O=C(c1ccccc1)c1ccc(O)c(O)c1O,O=C(c1ccccc1)c1ccc(O)c(O)c1O,230.219,230.219,0.0,['none']
True,False,[],False,1,False,True,CCCCCCCCCCCC(=O)NCCCN(C)C,CCCCCCCCCCCC(=O)NCCCN(C)C,CCCCCCCCCCCC(=O)NCCCN(C)C,284.488,284.488,0.0,['none']
True,False,[],False,1,False,True,COC,COC,COC,46.069,46.069,0.0,['none']
True,False,[],False,1,False,True,O=C1OC(=O)C2C1C1(Cl)C(Cl)=C(Cl)C2(Cl)C1(Cl)Cl,O=C1OC(=O)C2C1C1(Cl)C(Cl)=C(Cl)C2(Cl)C1(Cl)Cl,O=C1OC(=O)C2C1C1(Cl)C(Cl)=C(Cl)C2(Cl)C1(Cl)Cl,370.8299999999999,370.8299999999999,0.0,['none']
True,False,[],False,1,False,True,Cc1c(I)c(=O)[nH]c(=O)n1Cc1c(F)cccc1C(F)(F)F,Cc1c(I)c(=O)[nH]c(=O)n1Cc1c(F)cccc1C(F)(F)F,Cc1c(I)c(=O)[nH]c(=O)n1Cc1c(F)cccc1C(F)(F)F,428.1230000000001,428.1230000000001,0.0,['none']
True,False,[],False,1,False,True,O=CNCC(O)C(O)C(O)C(=O)CO,O=CNCC(O)C(O)C(O)C(=O)CO,O=CNCC(O)C(O)C(O)C(=O)CO,207.18199999999996,207.18199999999996,0.0,['none']
True,False,[],False,1,False,True,c1ccc(CN2CCC(Nc3ccccc3)CC2)cc1,c1ccc(CN2CCC(Nc3ccccc3)CC2)cc1,c1ccc(CN2CCC(Nc3ccccc3)CC2)cc1,266.388,266.388,0.0,['none']
True,False,[],False,1,False,True,CC(=O)CO,CC(=O)CO,CC(=O)CO,74.079,74.079,0.0,['none']
True,False,[],False,1,False,True,FC(F)=C(F)C(F)(F)F,FC(F)=C(F)C(F)(F)F,FC(F)=C(F)C(F)(F)F,150.021,150.021,0.0,['none']
True,False,[],False,1,False,True,CC1=C(C=O)C(C)(C)CC=C1,CC1=C(C=O)C(C)(C)CC=C1,CC1=C(C=O)C(C)(C)CC=C1,150.221,150.221,0.0,['none']
True,False,[],False,1,False,True,Cc1cc(C)c(Nc2ccc(Nc3c(C)cc(C)cc3C)c3c2C(=O)c2ccccc2C3=O)c(C)c1,Cc1cc(C)c(Nc2ccc(Nc3c(C)cc(C)cc3C)c3c2C(=O)c2ccccc2C3=O)c(C)c1,Cc1cc(C)c(Nc2ccc(Nc3c(C)cc(C)cc3C)c3c2C(=O)c2ccccc2C3=O)c(C)c1,474.6040000000003,474.6040000000003,0.0,['none']
True,False,[],False,1,False,True,O=Cc1cc(O)c(O)c([N+](=O)[O-])c1,O=Cc1cc(O)c(O)c([N+](=O)[O-])c1,O=Cc1cc(O)c(O)c([N+](=O)[O-])c1,183.11899999999997,183.11899999999997,0.0,['none']
True,False,[],False,1,False,True,CCCC(C)=NO[Si](ON=C(C)CCC)(ON=C(C)CCC)c1ccccc1,CCCC(C)=NO[Si](ON=C(C)CCC)(ON=C(C)CCC)c1ccccc1,CCCC(C)=NO[Si](ON=C(C)CCC)(ON=C(C)CCC)c1ccccc1,405.6150000000001,405.6150000000001,0.0,['none']
True,False,[],False,1,False,True,CCCC(C)=NO[Si](ON=C(C)CCC)(ON=C(C)CCC)ON=C(C)CCC,CCCC(C)=NO[Si](ON=C(C)CCC)(ON=C(C)CCC)ON=C(C)CCC,CCCC(C)=NO[Si](ON=C(C)CCC)(ON=C(C)CCC)ON=C(C)CCC,428.65000000000026,428.65000000000026,0.0,['none']
True,False,[],False,1,False,True,CC(=O)C1=NOC(c2c(F)cccc2F)C1,CC(=O)C1=NOC(c2c(F)cccc2F)C1,CC(=O)C1=NOC(c2c(F)cccc2F)C1,225.19399999999996,225.19399999999996,0.0,['none']
True,False,[],False,1,False,True,COC=C(C(=O)OC)c1ccccc1CCl,COC=C(C(=O)OC)c1ccccc1CCl,COC=C(C(=O)OC)c1ccccc1CCl,240.686,240.686,0.0,['none']
True,False,[],False,1,False,True,CCCCCC1C(O)CCC1CC(=O)O,CCCCCC1C(O)CCC1CC(=O)O,CCCCCC1C(O)CCC1CC(=O)O,214.30499999999995,214.30499999999995,0.0,['none']
True,False,[],False,1,False,True,O=C(OCc1ccccc1)c1ccccc1O,O=C(OCc1ccccc1)c1ccccc1O,O=C(OCc1ccccc1)c1ccccc1O,228.24699999999999,228.24699999999999,0.0,['none']
True,False,[],False,1,False,True,CC(Oc1ccc(O)cc1)C(=O)O,CC(Oc1ccc(O)cc1)C(=O)O,CC(Oc1ccc(O)cc1)C(=O)O,182.17499999999995,182.17499999999995,0.0,['none']
True,False,[],False,1,False,True,Nc1c(N=Nc2ccc([N+](=O)[O-])cc2)c(S(=O)(=O)O)cc2cc(S(=O)(=O)O)c(N=Nc3ccc(NS(=O)(=O)c4ccc(N=Nc5ccc(O)cc5O)cc4)cc3)c(O)c12,Nc1c(N=Nc2ccc([N+](=O)[O-])cc2)c(S(=O)(=O)O)cc2cc(S(=O)(=O)O)c(N=Nc3ccc(NS(=O)(=O)c4ccc(N=Nc5ccc(O)cc5O)cc4)cc3)c(O)c12,Nc1c(N=Nc2ccc([N+](=O)[O-])cc2)c(S(=O)(=O)O)cc2cc(S(=O)(=O)O)c(N=Nc3ccc(NS(=O)(=O)c4ccc(N=Nc5ccc(O)cc5O)cc4)cc3)c(O)c12,863.8250000000002,863.8250000000002,0.0,['none']
True,False,[],False,1,False,True,C=C(C)C(=O)OCCC(C)OC(=O)C(=C)C,C=C(C)C(=O)OCCC(C)OC(=O)C(=C)C,C=C(C)C(=O)OCCC(C)OC(=O)C(=C)C,226.27199999999993,226.27199999999993,0.0,['none']
True,False,[],False,1,False,True,FC(F)(F)c1cc(Cl)cc(I)c1,FC(F)(F)c1cc(Cl)cc(I)c1,FC(F)(F)c1cc(Cl)cc(I)c1,306.452,306.452,0.0,['none']
True,False,[],False,1,False,True,O=C(c1cc(Cl)c(F)c(Cl)c1)C(F)(F)F,O=C(c1cc(Cl)c(F)c(Cl)c1)C(F)(F)F,O=C(c1cc(Cl)c(F)c(Cl)c1)C(F)(F)F,261.001,261.001,0.0,['none']
True,False,[],False,1,False,True,O=C(O)C(F)(F)OC1(F)OC(F)(F)OC1(F)OC(F)(F)F,O=C(O)C(F)(F)OC1(F)OC(F)(F)OC1(F)OC(F)(F)F,O=C(O)C(F)(F)OC1(F)OC(F)(F)OC1(F)OC(F)(F)F,340.04999999999995,340.04999999999995,0.0,['none']
True,False,[],False,1,False,True,CCCCN(C)C(=NC1CCCCC1)NC1CCCCC1,CCCCN(C)C(=NC1CCCCC1)NC1CCCCC1,CCCCN(C)C(=NC1CCCCC1)NC1CCCCC1,293.499,293.499,0.0,['none']
True,False,[],False,1,False,True,CCC(Cc1ccccc1)(C(=O)c1ccc(N2CCOCC2)cc1)N(C)C,CCC(Cc1ccccc1)(C(=O)c1ccc(N2CCOCC2)cc1)N(C)C,CCC(Cc1ccccc1)(C(=O)c1ccc(N2CCOCC2)cc1)N(C)C,366.5050000000001,366.5050000000001,0.0,['none']
True,False,[],False,1,False,True,CC1=CC(=O)N(Cc2cccc(CN3C(=O)C=C(C)C3=O)c2)C1=O,CC1=CC(=O)N(Cc2cccc(CN3C(=O)C=C(C)C3=O)c2)C1=O,CC1=CC(=O)N(Cc2cccc(CN3C(=O)C=C(C)C3=O)c2)C1=O,324.33600000000007,324.33600000000007,0.0,['none']
True,False,[],False,1,False,True,CCO[Si](CCCNC(=O)OCCN(CC)c1ccc(N=O)cc1)(OCC)OCC,CCO[Si](CCCNC(=O)OCCN(CC)c1ccc(N=O)cc1)(OCC)OCC,CCO[Si](CCCNC(=O)OCCN(CC)c1ccc(N=O)cc1)(OCC)OCC,441.6010000000002,441.6010000000002,0.0,['none']
True,False,[],False,1,False,True,CCOC(=O)c1ccc(O)cc1,CCOC(=O)c1ccc(O)cc1,CCOC(=O)c1ccc(O)cc1,166.176,166.176,0.0,['none']
True,False,[],False,1,False,True,O=C(OCCOCCOC(=O)c1ccccc1)c1ccccc1,O=C(OCCOCCOC(=O)c1ccccc1)c1ccccc1,O=C(OCCOCCOC(=O)c1ccccc1)c1ccccc1,314.33700000000005,314.33700000000005,0.0,['none']
True,False,[],False,1,False,True,O=C1NCCN1,O=C1NCCN1,O=C1NCCN1,86.09400000000001,86.09400000000001,0.0,['none']
True,False,[],False,1,False,True,C[N+](C)(CCCNC=O)CC(=O)[O-],C[N+](C)(CCCNC=O)CC(=O)[O-],C[N+](C)(CCCNC=O)CC(=O)[O-],188.22699999999998,188.22699999999998,0.0,['none']
True,True,['Fe'],False,1,False,True,[Fe+3],[Fe+3],[Fe+3],55.845,55.845,0.0,['metal:Fe']
True,False,[],False,1,False,True,O,O,O,18.015,18.015,0.0,['none']
True,True,['Ni'],False,1,False,True,[Ni+2],[Ni+2],[Ni+2],58.693,58.693,0.0,['metal:Ni']
True,True,['Z22'],False,1,True,True,[O]=[Ti]([OH])[OH],[OH-],O,97.87999999999998,18.015,-79.86499999999998,"['metal:Z22', 'fragment_removed', 'charge_normalized']"
True,False,[],False,1,False,True,[Pr+3],[Pr+3],[Pr+3],140.908,140.908,0.0,['none']
True,False,[],False,1,False,True,O=C(Cl)c1ccc2c(c1)C(=O)OC2=O,O=C(Cl)c1ccc2c(c1)C(=O)OC2=O,O=C(Cl)c1ccc2c(c1)C(=O)OC2=O,210.57199999999997,210.57199999999997,0.0,['none']
True,True,['Z22'],False,1,False,True,[Ti+4],[Ti+4],[Ti+4],47.867,47.867,0.0,['metal:Z22']
True,False,[],False,1,False,True,O=COCCOCCOC=O,O=COCCOCCOC=O,O=COCCOCCOC=O,162.141,162.141,0.0,['none']
True,True,['Sn'],False,1,True,True,[O]=[Sn]([OH])[OH],[OH-],O,168.72400000000002,18.015,-150.709,"['metal:Sn', 'fragment_removed', 'charge_normalized']"
True,False,[],False,1,False,True,[Er+3],[Er+3],[Er+3],167.26,167.26,0.0,['none']
True,False,[],False,1,False,True,[Gd+3],[Gd+3],[Gd+3],157.25,157.25,0.0,['none']
True,True,['Zn'],False,1,False,True,[Zn+2],[Zn+2],[Zn+2],65.39,65.39,0.0,['metal:Zn']
True,False,[],False,1,False,True,B12B3B4B1C234,B12B3B4B1C234,B12B3B4B1C234,55.259,55.259,0.0,['none']
True,False,[],False,1,False,True,O=c1[nH]c2ccccc2c(=O)n1CCO,O=c1[nH]c2ccccc2c(=O)n1CCO,O=c1[nH]c2ccccc2c(=O)n1CCO,206.20099999999994,206.20099999999994,0.0,['none']
True,False,[],False,1,False,True,CCOC(=O)C1OC1c1ccccc1,CCOC(=O)C1OC1c1ccccc1,CCOC(=O)C1OC1c1ccccc1,192.214,192.214,0.0,['none']
True,False,[],False,1,False,True,CCOc1cccc(F)c1F,CCOc1cccc(F)c1F,CCOc1cccc(F)c1F,158.14699999999996,158.14699999999996,0.0,['none']
True,False,[],False,1,False,True,N,N,N,17.031,17.031,0.0,['none']
True,False,[],False,1,False,True,O=C(O)O,O=C(O)O,O=C(O)O,62.02400000000001,62.02400000000001,0.0,['none']
True,False,[],False,1,False,True,O=C(NC(=O)c1c(F)cccc1F)Nc1cc(Cl)c(OC(F)(F)C(F)C(F)(F)F)c(Cl)c1F,O=C(NC(=O)c1c(F)cccc1F)Nc1cc(Cl)c(OC(F)(F)C(F)C(F)(F)F)c(Cl)c1F,O=C(NC(=O)c1c(F)cccc1F)Nc1cc(Cl)c(OC(F)(F)C(F)C(F)(F)F)c(Cl)c1F,529.142,529.142,0.0,['none']
True,False,[],False,1,False,True,COc1cc(-c2cc(OC)cc(C(C)(C)C)c2Op2oc3ccccc3c3ccccc3o2)c(Op2oc3ccccc3c3ccccc3o2)c(C(C)(C)C)c1,COc1cc(-c2cc(OC)cc(C(C)(C)C)c2Op2oc3ccccc3c3ccccc3o2)c(Op2oc3ccccc3c3ccccc3o2)c(C(C)(C)C)c1,COc1cc(-c2cc(OC)cc(C(C)(C)C)c2Op2oc3ccccc3c3ccccc3o2)c(Op2oc3ccccc3c3ccccc3o2)c(C(C)(C)C)c1,786.798,786.798,0.0,['none']
True,False,[],False,1,False,True,O=[Si](O)O,O=[Si](O)O,O=[Si](O)O,78.099,78.099,0.0,['none']
True,False,[],False,1,False,True,CC1(C)OC(c2ccco2)CN1C(=O)C(Cl)Cl,CC1(C)OC(c2ccco2)CN1C(=O)C(Cl)Cl,CC1(C)OC(c2ccco2)CN1C(=O)C(Cl)Cl,278.135,278.135,0.0,['none']
True,False,[],False,1,False,True,Fc1ccc2c(c1)CCC(C1CO1)O2,Fc1ccc2c(c1)CCC(C1CO1)O2,Fc1ccc2c(c1)CCC(C1CO1)O2,194.20499999999998,194.20499999999998,0.0,['none']
True,False,[],False,1,False,True,CCC(=O)OCc1ccccc1,CCC(=O)OCc1ccccc1,CCC(=O)OCc1ccccc1,164.204,164.204,0.0,['none']
True,False,[],False,1,False,True,O=CCc1ccccc1,O=CCc1ccccc1,O=CCc1ccccc1,120.15099999999995,120.15099999999995,0.0,['none']
True,False,[],False,1,False,True,OCCCc1ccccc1,OCCCc1ccccc1,OCCCc1ccccc1,136.194,136.194,0.0,['none']
True,False,[],False,1,False,True,OCCOc1ccccc1,OCCOc1ccccc1,OCCOc1ccccc1,138.16599999999997,138.16599999999997,0.0,['none']
True,False,[],False,1,False,True,COc1ccc(C(=O)Nc2ccccc2)cc1N=Nc1c(O)c(C(=O)Nc2ccc3[nH]c(=O)[nH]c3c2)cc2ccccc12,COc1ccc(C(=O)Nc2ccccc2)cc1N=Nc1c(O)c(C(=O)Nc2ccc3[nH]c(=O)[nH]c3c2)cc2ccccc12,COc1ccc(C(=O)Nc2ccccc2)cc1N=Nc1c(O)c(C(=O)Nc2ccc3[nH]c(=O)[nH]c3c2)cc2ccccc12,572.5810000000002,572.5810000000002,0.0,['none']
True,False,[],False,1,False,True,CNS(=O)(=O)c1cc(OC)c(N=Nc2c(O)c(C(=O)Nc3ccc4[nH]c(=O)[nH]c4c3)cc3ccccc23)cc1OC,CNS(=O)(=O)c1cc(OC)c(N=Nc2c(O)c(C(=O)Nc3ccc4[nH]c(=O)[nH]c4c3)cc3ccccc23)cc1OC,CNS(=O)(=O)c1cc(OC)c(N=Nc2c(O)c(C(=O)Nc3ccc4[nH]c(=O)[nH]c4c3)cc3ccccc23)cc1OC,576.5910000000001,576.5910000000001,0.0,['none']
True,False,[],False,1,False,True,COc1cc(NC(=O)C(N=Nc2cc(OC)c(S(=O)(=O)Nc3ccccc3)cc2OC)C(C)=O)c(OC)cc1Cl,COc1cc(NC(=O)C(N=Nc2cc(OC)c(S(=O)(=O)Nc3ccccc3)cc2OC)C(C)=O)c(OC)cc1Cl,COc1cc(NC(=O)C(N=Nc2cc(OC)c(S(=O)(=O)Nc3ccccc3)cc2OC)C(C)=O)c(OC)cc1Cl,591.0420000000001,591.0420000000001,0.0,['none']
True,False,[],False,1,False,True,CCOC(=O)c1ccccc1-c1c2ccc(=[N+](CC)CC)cc-2oc2cc(N(CC)CC)ccc12,CCOC(=O)c1ccccc1-c1c2ccc(=[N+](CC)CC)cc-2oc2cc(N(CC)CC)ccc12,CCOC(=O)c1ccccc1-c1c2ccc(=[N+](CC)CC)cc-2oc2cc(N(CC)CC)ccc12,471.6210000000003,471.6210000000003,0.0,['none']
True,False,[],False,1,False,True,NCCCCC(N)C(=O)NC(CCCN)C(=O)NC(CCCCN)C(=O)O,NCCCCC(N)C(=O)NC(CCCN)C(=O)NC(CCCCN)C(=O)O,NCCCCC(N)C(=O)NC(CCCN)C(=O)NC(CCCCN)C(=O)O,388.5130000000002,388.5130000000002,0.0,['none']
True,False,[],False,1,False,True,CONC(C)Cc1c(Cl)cc(Cl)cc1Cl,CONC(C)Cc1c(Cl)cc(Cl)cc1Cl,CONC(C)Cc1c(Cl)cc(Cl)cc1Cl,268.571,268.571,0.0,['none']
True,False,[],False,1,False,True,CC(=O)Cc1c(Cl)cc(Cl)cc1Cl,CC(=O)Cc1c(Cl)cc(Cl)cc1Cl,CC(=O)Cc1c(Cl)cc(Cl)cc1Cl,237.513,237.513,0.0,['none']
True,False,[],False,1,False,True,CON=C(C)Cc1c(Cl)cc(Cl)cc1Cl,CON=C(C)Cc1c(Cl)cc(Cl)cc1Cl,CON=C(C)Cc1c(Cl)cc(Cl)cc1Cl,266.555,266.555,0.0,['none']
True,False,[],False,1,False,True,CC(=O)C(N=Nc1ccc(S(=O)(=O)O)cc1[N+](=O)[O-])C(=O)Nc1ccccc1,CC(=O)C(N=Nc1ccc(S(=O)(=O)O)cc1[N+](=O)[O-])C(=O)Nc1ccccc1,CC(=O)C(N=Nc1ccc(S(=O)(=O)O)cc1[N+](=O)[O-])C(=O)Nc1ccccc1,406.3760000000001,406.3760000000001,0.0,['none']
True,False,[],False,1,False,True,CC(=O)C(N=Nc1ccc(S(=O)(=O)O)cc1[N+](=O)[O-])C(=O)Nc1ccccc1C,CC(=O)C(N=Nc1ccc(S(=O)(=O)O)cc1[N+](=O)[O-])C(=O)Nc1ccccc1C,CC(=O)C(N=Nc1ccc(S(=O)(=O)O)cc1[N+](=O)[O-])C(=O)Nc1ccccc1C,420.40300000000013,420.40300000000013,0.0,['none']
True,False,[],False,1,False,True,CCCCCCCCNC(=O)Nc1ccc(Cc2ccc(NC(=O)NCCCCCCCC)cc2)cc1,CCCCCCCCNC(=O)Nc1ccc(Cc2ccc(NC(=O)NCCCCCCCC)cc2)cc1,CCCCCCCCNC(=O)Nc1ccc(Cc2ccc(NC(=O)NCCCCCCCC)cc2)cc1,508.7510000000004,508.7510000000004,0.0,['none']
True,False,[],False,1,False,True,CCOC(=O)CCC(=O)OCC,CCOC(=O)CCC(=O)OCC,CCOC(=O)CCC(=O)OCC,174.19599999999997,174.19599999999997,0.0,['none']
True,False,[],False,1,False,True,CCCCCCCCCCCCOC(=O)CCSCCC(=O)OCCCCCCCCCCCC,CCCCCCCCCCCCOC(=O)CCSCCC(=O)OCCCCCCCCCCCC,CCCCCCCCCCCCOC(=O)CCSCCC(=O)OCCCCCCCCCCCC,514.8570000000005,514.8570000000005,0.0,['none']
True,False,[],False,1,False,True,CC(C)CCO,CC(C)CCO,CC(C)CCO,88.14999999999999,88.14999999999999,0.0,['none']
True,False,[],False,1,False,True,CCCCCC(=O)OCC,CCCCCC(=O)OCC,CCCCCC(=O)OCC,144.21399999999997,144.21399999999997,0.0,['none']
True,False,[],False,1,False,True,O=C(CS)OCCOC(=O)CS,O=C(CS)OCCOC(=O)CS,O=C(CS)OCCOC(=O)CS,210.27599999999998,210.27599999999998,0.0,['none']
True,False,[],False,1,False,True,CC(=O)OCCC(C)C,CC(=O)OCCC(C)C,CC(=O)OCCC(C)C,130.18699999999998,130.18699999999998,0.0,['none']
True,False,[],False,1,False,True,CCCCCCC(C)O,CCCCCCC(C)O,CCCCCCC(C)O,130.231,130.231,0.0,['none']
True,False,[],False,1,False,True,CC1=NNC(=O)N(N=Cc2cccnc2)C1,CC1=NNC(=O)N(N=Cc2cccnc2)C1,CC1=NNC(=O)N(N=Cc2cccnc2)C1,217.232,217.232,0.0,['none']
True,False,[],False,1,False,True,O=C1c2ccccc2C(=O)c2c(NCCCOCCOCCO)ccc(NCCCOCCOCCO)c21,O=C1c2ccccc2C(=O)c2c(NCCCOCCOCCO)ccc(NCCCOCCOCCO)c21,O=C1c2ccccc2C(=O)c2c(NCCCOCCOCCO)ccc(NCCCOCCOCCO)c21,530.6180000000004,530.6180000000004,0.0,['none']
True,False,[],False,1,False,True,CCCCCCCCCCCCCC(=O)OC,CCCCCCCCCCCCCC(=O)OC,CCCCCCCCCCCCCC(=O)OC,242.40299999999993,242.40299999999993,0.0,['none']
True,False,[],False,1,False,True,C=C[Si](C)(Cl)Cl,C=C[Si](C)(Cl)Cl,C=C[Si](C)(Cl)Cl,141.07299999999998,141.07299999999998,0.0,['none']
True,False,[],False,1,False,True,C=CC(=O)OCCCCCCOc1ccc(C(=O)Oc2ccc(OC(=O)c3ccc(OCCCCCCOC(=O)C=C)cc3)c(C)c2)cc1,C=CC(=O)OCCCCCCOc1ccc(C(=O)Oc2ccc(OC(=O)c3ccc(OCCCCCCOC(=O)C=C)cc3)c(C)c2)cc1,C=CC(=O)OCCCCCCOc1ccc(C(=O)Oc2ccc(OC(=O)c3ccc(OCCCCCCOC(=O)C=C)cc3)c(C)c2)cc1,672.7710000000003,672.7710000000003,0.0,['none']
True,False,[],False,1,False,True,Cc1ccc(S(=O)(=O)n2cc(B3OC(C)(C)C(C)(C)O3)c3cc(F)cnc32)cc1,Cc1ccc(S(=O)(=O)n2cc(B3OC(C)(C)C(C)(C)O3)c3cc(F)cnc32)cc1,Cc1ccc(S(=O)(=O)n2cc(B3OC(C)(C)C(C)(C)O3)c3cc(F)cnc32)cc1,416.28300000000013,416.28300000000013,0.0,['none']
True,False,[],False,1,False,True,CC(C)c1c(C(=O)Nc2ccccc2)c(-c2ccccc2)c(-c2ccc(F)cc2)n1CCC1CC(CC(=O)OC(C)(C)C)OC(C)(C)O1,CC(C)c1c(C(=O)Nc2ccccc2)c(-c2ccccc2)c(-c2ccc(F)cc2)n1CCC1CC(CC(=O)OC(C)(C)C)OC(C)(C)O1,CC(C)c1c(C(=O)Nc2ccccc2)c(-c2ccccc2)c(-c2ccc(F)cc2)n1CCC1CC(CC(=O)OC(C)(C)C)OC(C)(C)O1,654.8230000000002,654.8230000000002,0.0,['none']
True,False,[],False,1,False,True,O=S(=O)(O)CC(O)CCl,O=S(=O)(O)CC(O)CCl,O=S(=O)(O)CC(O)CCl,174.60499999999996,174.60499999999996,0.0,['none']
True,False,[],False,1,False,True,NCCO,NCCO,NCCO,61.083999999999996,61.083999999999996,0.0,['none']
True,False,[],False,1,False,True,O[Si](O)(O)O,O[Si](O)(O)O,O[Si](O)(O)O,96.11399999999999,96.11399999999999,0.0,['none']
True,False,[],False,1,False,True,O=C1CCC(O)C2C3CCC(C3=C(Cl)Cl)C12,O=C1CCC(O)C2C3CCC(C3=C(Cl)Cl)C12,O=C1CCC(O)C2C3CCC(C3=C(Cl)Cl)C12,261.14799999999997,261.14799999999997,0.0,['none']
True,False,[],False,1,False,True,FC(=CCl)C(F)F,FC(=CCl)C(F)F,FC(=CCl)C(F)F,130.49599999999998,130.49599999999998,0.0,['none']
True,False,[],False,1,False,True,CCCCC(CC)COP(=O)(O)O,CCCCC(CC)COP(=O)(O)O,CCCCC(CC)COP(=O)(O)O,210.20999999999998,210.20999999999998,0.0,['none']
True,False,[],False,1,False,True,CO[Si](OC)(C1CCCC1)C1CCCC1,CO[Si](OC)(C1CCCC1)C1CCCC1,CO[Si](OC)(C1CCCC1)C1CCCC1,228.4079999999999,228.4079999999999,0.0,['none']
True,False,[],False,1,False,True,CC(C)=NO,CC(C)=NO,CC(C)=NO,73.095,73.095,0.0,['none']
True,False,[],False,1,False,True,CC(=O)N(C)C,CC(=O)N(C)C,CC(=O)N(C)C,87.122,87.122,0.0,['none']
True,False,[],False,1,False,True,CC(C)COC(=O)CC(C(=O)OCC(C)C)S(=O)(=O)O,CC(C)COC(=O)CC(C(=O)OCC(C)C)S(=O)(=O)O,CC(C)COC(=O)CC(C(=O)OCC(C)C)S(=O)(=O)O,310.368,310.368,0.0,['none']
True,False,[],False,1,False,True,O=S(=O)(NCl)c1ccccc1,O=S(=O)(NCl)c1ccccc1,O=S(=O)(NCl)c1ccccc1,191.63900000000004,191.63900000000004,0.0,['none']
True,False,[],False,1,False,True,CC(C)(OCCN)OCCN,CC(C)(OCCN)OCCN,CC(C)(OCCN)OCCN,162.233,162.233,0.0,['none']
True,False,[],False,1,False,True,C=CC(=O)OCC1CC2CC1C1CCCC21,C=CC(=O)OCC1CC2CC1C1CCCC21,C=CC(=O)OCC1CC2CC1C1CCCC21,220.31199999999995,220.31199999999995,0.0,['none']
True,False,[],False,1,False,True,O=C1CCC(=O)N1Br,O=C1CCC(=O)N1Br,O=C1CCC(=O)N1Br,177.985,177.985,0.0,['none']
True,False,[],False,1,False,True,O=C1OC(=O)c2ccc3c4ccc5c6c(ccc(c7ccc1c2c73)c64)C(=O)OC5=O,O=C1OC(=O)c2ccc3c4ccc5c6c(ccc(c7ccc1c2c73)c64)C(=O)OC5=O,O=C1OC(=O)c2ccc3c4ccc5c6c(ccc(c7ccc1c2c73)c64)C(=O)OC5=O,392.3220000000002,392.3220000000002,0.0,['none']
True,False,[],False,1,False,True,Cc1ccc(C2OC(COC(=O)C(C)(C)C)C(OC(=O)C(C)(C)C)C(OC(=O)C(C)(C)C)C2OC(=O)C(C)(C)C)cc1Cc1ccc(-c2ccc(F)cc2)s1,Cc1ccc(C2OC(COC(=O)C(C)(C)C)C(OC(=O)C(C)(C)C)C(OC(=O)C(C)(C)C)C2OC(=O)C(C)(C)C)cc1Cc1ccc(-c2ccc(F)cc2)s1,Cc1ccc(C2OC(COC(=O)C(C)(C)C)C(OC(=O)C(C)(C)C)C(OC(=O)C(C)(C)C)C2OC(=O)C(C)(C)C)cc1Cc1ccc(-c2ccc(F)cc2)s1,780.9960000000001,780.9960000000001,0.0,['none']
True,False,[],False,1,False,True,CCCCCCC(O)CCCCCCCCCCC(=O)NCc1cccc(CNC(=O)CCCCCCCCCCC(O)CCCCCC)c1,CCCCCCC(O)CCCCCCCCCCC(=O)NCc1cccc(CNC(=O)CCCCCCCCCCC(O)CCCCCC)c1,CCCCCCC(O)CCCCCCCCCCC(=O)NCc1cccc(CNC(=O)CCCCCCCCCCC(O)CCCCCC)c1,701.1339999999997,701.1339999999997,0.0,['none']
True,False,[],False,1,False,True,O=S(=O)(O)OCCS(=O)(=O)c1ccc(N=Nc2c(S(=O)(=O)O)cc3cc(Nc4nc(Cl)nc(Cl)n4)ccc3c2O)cc1,O=S(=O)(O)OCCS(=O)(=O)c1ccc(N=Nc2c(S(=O)(=O)O)cc3cc(Nc4nc(Cl)nc(Cl)n4)ccc3c2O)cc1,O=S(=O)(O)OCCS(=O)(=O)c1ccc(N=Nc2c(S(=O)(=O)O)cc3cc(Nc4nc(Cl)nc(Cl)n4)ccc3c2O)cc1,679.498,679.498,0.0,['none']
True,False,[],False,1,False,True,CC(C)c1nn(C(=O)NC(C)(C)C)c(=O)n1N,CC(C)c1nn(C(=O)NC(C)(C)C)c(=O)n1N,CC(C)c1nn(C(=O)NC(C)(C)C)c(=O)n1N,241.295,241.295,0.0,['none']
True,False,[],False,1,False,True,O=c1c2ccccc2c(=O)c2c1cc(Cl)c1[nH]c3c([nH]c12)c(Cl)cc1c(=O)c2ccccc2c(=O)c13,O=c1c2ccccc2c(=O)c2c1cc(Cl)c1[nH]c3c([nH]c12)c(Cl)cc1c(=O)c2ccccc2c(=O)c13,O=c1c2ccccc2c(=O)c2c1cc(Cl)c1[nH]c3c([nH]c12)c(Cl)cc1c(=O)c2ccccc2c(=O)c13,511.3200000000003,511.3200000000003,0.0,['none']
True,False,[],False,1,False,True,Cc1ccc(S(=O)(=O)O)cc1C,Cc1ccc(S(=O)(=O)O)cc1C,Cc1ccc(S(=O)(=O)O)cc1C,186.232,186.232,0.0,['none']
True,False,[],False,1,False,True,O=C(O)C(O)C(O)C(O)C(O)C(O)CO,O=C(O)C(O)C(O)C(O)C(O)C(O)CO,O=C(O)C(O)C(O)C(O)C(O)C(O)CO,226.181,226.181,0.0,['none']
True,False,[],False,1,False,True,C=CC(=O)OCCCCCCOC(=O)C=C,C=CC(=O)OCCCCCCOC(=O)C=C,C=CC(=O)OCCCCCCOC(=O)C=C,226.27199999999996,226.27199999999996,0.0,['none']
True,True,['Ca'],False,1,False,True,[O]=[Ca],[Ca+2],[Ca+2],56.077000000000005,40.078,-15.999000000000002,"['metal:Ca', 'fragment_removed']"
True,False,[],False,1,False,True,O=P(Oc1ccccc1)(Oc1ccccc1)OC1COC2C(OP(=O)(Oc3ccccc3)Oc3ccccc3)COC12,O=P(Oc1ccccc1)(Oc1ccccc1)OC1COC2C(OP(=O)(Oc3ccccc3)Oc3ccccc3)COC12,O=P(Oc1ccccc1)(Oc1ccccc1)OC1COC2C(OP(=O)(Oc3ccccc3)Oc3ccccc3)COC12,610.4920000000002,610.4920000000002,0.0,['none']
True,False,[],False,1,False,True,N#Cc1nn(-c2c(Cl)cc(C(F)(F)F)cc2Cl)c(N)c1SSc1c(C#N)nn(-c2c(Cl)cc(C(F)(F)F)cc2Cl)c1N,N#Cc1nn(-c2c(Cl)cc(C(F)(F)F)cc2Cl)c(N)c1SSc1c(C#N)nn(-c2c(Cl)cc(C(F)(F)F)cc2Cl)c1N,N#Cc1nn(-c2c(Cl)cc(C(F)(F)F)cc2Cl)c(N)c1SSc1c(C#N)nn(-c2c(Cl)cc(C(F)(F)F)cc2Cl)c1N,704.296,704.296,0.0,['none']
True,False,[],False,1,False,True,CC1OC(=O)C(C)OC1=O,CC1OC(=O)C(C)OC1=O,CC1OC(=O)C(C)OC1=O,144.12599999999998,144.12599999999998,0.0,['none']
True,False,[],False,1,False,True,CCCC=C(C#N)c1ccccc1,CCCC=C(C#N)c1ccccc1,CCCC=C(C#N)c1ccccc1,171.24300000000002,171.24300000000002,0.0,['none']
True,False,[],False,1,False,True,O=C(C=Cc1ccc2c(c1)OCO2)N(c1ccccc1)c1ccccc1,O=C(C=Cc1ccc2c(c1)OCO2)N(c1ccccc1)c1ccccc1,O=C(C=Cc1ccc2c(c1)OCO2)N(c1ccccc1)c1ccccc1,343.38200000000006,343.38200000000006,0.0,['none']
True,False,[],False,1,False,True,[O]=[Ge]=[O],[O]=[Ge]=[O],[O]=[Ge]=[O],104.60799999999999,104.60799999999999,0.0,['none']
True,False,[],False,1,False,True,NCC(=O)NC(CCC(N)=O)C(=O)O,NCC(=O)NC(CCC(N)=O)C(=O)O,NCC(=O)NC(CCC(N)=O)C(=O)O,203.19799999999995,203.19799999999995,0.0,['none']
True,True,['Mn'],False,1,False,True,[O]=[Mn]=[O],[Mn+4],[Mn+4],86.93599999999999,54.938,-31.99799999999999,"['metal:Mn', 'fragment_removed']"
True,True,['Z73'],False,1,False,True,[Ta+5],[Ta+5],[Ta+5],180.948,180.948,0.0,['metal:Z73']
True,False,[],False,1,False,True,CC1C(C)(C)C2=C(c3ncncc3CC2)C1(C)C,CC1C(C)(C)C2=C(c3ncncc3CC2)C1(C)C,CC1C(C)(C)C2=C(c3ncncc3CC2)C1(C)C,242.36599999999996,242.36599999999996,0.0,['none']
True,True,['Z22'],False,1,False,True,[O]=[Ti]=[O],[Ti+4],[Ti+4],79.865,47.867,-31.997999999999998,"['metal:Z22', 'fragment_removed']"
True,False,[],False,1,False,True,CC1(c2ccc(Oc3ccccc3)cc2)OC(=O)N(Nc2ccccc2)C1=O,CC1(c2ccc(Oc3ccccc3)cc2)OC(=O)N(Nc2ccccc2)C1=O,CC1(c2ccc(Oc3ccccc3)cc2)OC(=O)N(Nc2ccccc2)C1=O,374.3960000000001,374.3960000000001,0.0,['none']
True,False,[],False,1,False,True,C=CC(=O)OCC1COC(C)(C)O1,C=CC(=O)OCC1COC(C)(C)O1,C=CC(=O)OCC1COC(C)(C)O1,186.20699999999997,186.20699999999997,0.0,['none']
True,False,[],False,1,False,True,CC1(C)SC2C(NC(=O)COc3ccccc3)C(=O)N2C1C(=O)O,CC1(C)SC2C(NC(=O)COc3ccccc3)C(=O)N2C1C(=O)O,CC1(C)SC2C(NC(=O)COc3ccccc3)C(=O)N2C1C(=O)O,350.3960000000001,350.3960000000001,0.0,['none']
True,False,[],False,1,False,True,CC(C)c1cc2ccccc2c(S(=O)(=O)O)c1C(C)C,CC(C)c1cc2ccccc2c(S(=O)(=O)O)c1C(C)C,CC(C)c1cc2ccccc2c(S(=O)(=O)O)c1C(C)C,292.4,292.4,0.0,['none']
True,False,[],False,1,False,True,CCN=C1C=CC(=C(c2ccc(N(CC)CC)cc2)c2ccc(N(CC)CC)cc2)c2ccccc21,CCN=C1C=CC(=C(c2ccc(N(CC)CC)cc2)c2ccc(N(CC)CC)cc2)c2ccccc21,CCN=C1C=CC(=C(c2ccc(N(CC)CC)cc2)c2ccc(N(CC)CC)cc2)c2ccccc21,477.69600000000025,477.69600000000025,0.0,['none']
True,False,[],False,1,False,True,COC(=O)Oc1ccc(C)cc1OC,COC(=O)Oc1ccc(C)cc1OC,COC(=O)Oc1ccc(C)cc1OC,196.20199999999997,196.20199999999997,0.0,['none']
True,False,[],False,1,False,True,Clc1cc2c3nc4nc(nc5[nH]c(nc6nc(nc([nH]3)c2c(Cl)c1Cl)-c1c(Cl)c(Cl)c(Cl)c(Cl)c1-6)c1c(Cl)c(Cl)c(Cl)c(Cl)c51)-c1c(Cl)c(Cl)c(Cl)c(Cl)c1-4,Clc1cc2c3nc4nc(nc5[nH]c(nc6nc(nc([nH]3)c2c(Cl)c1Cl)-c1c(Cl)c(Cl)c(Cl)c(Cl)c1-6)c1c(Cl)c(Cl)c(Cl)c(Cl)c51)-c1c(Cl)c(Cl)c(Cl)c(Cl)c1-4,Clc1cc2c3nc4nc(nc5[nH]c(nc6nc(nc([nH]3)c2c(Cl)c1Cl)-c1c(Cl)c(Cl)c(Cl)c(Cl)c1-6)c1c(Cl)c(Cl)c(Cl)c(Cl)c51)-c1c(Cl)c(Cl)c(Cl)c(Cl)c1-4,1031.2269999999996,1031.2269999999996,0.0,['none']
True,False,[],False,1,False,True,Nc1ccc([N+](=O)[O-])c(C(=O)O)c1,Nc1ccc([N+](=O)[O-])c(C(=O)O)c1,Nc1ccc([N+](=O)[O-])c(C(=O)O)c1,182.13500000000002,182.13500000000002,0.0,['none']
True,False,[],False,1,False,True,CCCCCCCCCCCCCCCCCC(=O)NCCCN(C)C,CCCCCCCCCCCCCCCCCC(=O)NCCCN(C)C,CCCCCCCCCCCCCCCCCC(=O)NCCCN(C)C,368.6500000000001,368.6500000000001,0.0,['none']
True,False,[],False,1,False,True,O=C1C2CC=CCC2C(=O)N1SC(Cl)(Cl)Cl,O=C1C2CC=CCC2C(=O)N1SC(Cl)(Cl)Cl,O=C1C2CC=CCC2C(=O)N1SC(Cl)(Cl)Cl,300.59399999999994,300.59399999999994,0.0,['none']
True,False,[],False,1,False,True,C=CC(=O)NCc1ccccc1,C=CC(=O)NCc1ccccc1,C=CC(=O)NCc1ccccc1,161.204,161.204,0.0,['none']
True,False,[],False,1,False,True,OB(O)O,OB(O)O,OB(O)O,61.83300000000001,61.83300000000001,0.0,['none']
True,False,[],False,1,False,True,Oc1ccccc1Cc1ccccc1O,Oc1ccccc1Cc1ccccc1O,Oc1ccccc1Cc1ccccc1O,200.23700000000002,200.23700000000002,0.0,['none']
True,True,['Cr'],False,1,False,True,[O]=[Cr](=[O])=[O],[Cr+6],[Cr+6],99.993,51.996,-47.99699999999999,"['metal:Cr', 'fragment_removed']"
True,False,[],False,1,False,True,Cc1ccc(NC(=O)Nc2ccc(Cc3ccc(NC(=O)Nc4ccc(C)cc4)cc3)cc2)cc1,Cc1ccc(NC(=O)Nc2ccc(Cc3ccc(NC(=O)Nc4ccc(C)cc4)cc3)cc2)cc1,Cc1ccc(NC(=O)Nc2ccc(Cc3ccc(NC(=O)Nc4ccc(C)cc4)cc3)cc2)cc1,464.5690000000002,464.5690000000002,0.0,['none']
True,False,[],False,1,False,True,Cc1cccc(S(=O)(=O)O)c1N=Nc1c(N)nc(N)[nH]c1=O,Cc1cccc(S(=O)(=O)O)c1N=Nc1c(N)nc(N)[nH]c1=O,Cc1cccc(S(=O)(=O)O)c1N=Nc1c(N)nc(N)[nH]c1=O,324.32200000000006,324.32200000000006,0.0,['none']
True,False,[],False,1,False,True,CC(C)OC(=O)C(C)NP(=O)(Oc1ccccc1)Oc1c(F)c(F)c(F)c(F)c1F,CC(C)OC(=O)C(C)NP(=O)(Oc1ccccc1)Oc1c(F)c(F)c(F)c(F)c1F,CC(C)OC(=O)C(C)NP(=O)(Oc1ccccc1)Oc1c(F)c(F)c(F)c(F)c1F,453.3000000000001,453.3000000000001,0.0,['none']
True,False,[],False,1,False,True,CC(C)(CO)Cc1ccccc1,CC(C)(CO)Cc1ccccc1,CC(C)(CO)Cc1ccccc1,164.248,164.248,0.0,['none']
True,False,[],False,1,False,True,CC(C)CP(=S)(S)CC(C)C,CC(C)CP(=S)(S)CC(C)C,CC(C)CP(=S)(S)CC(C)C,210.34799999999998,210.34799999999998,0.0,['none']
True,False,[],False,1,False,True,CCCCCCCCCCCC(=O)OCC(O)C1OCC(O)C1O,CCCCCCCCCCCC(=O)OCC(O)C1OCC(O)C1O,CCCCCCCCCCCC(=O)OCC(O)C1OCC(O)C1O,346.46400000000006,346.46400000000006,0.0,['none']
True,False,[],False,1,False,True,CCCCCCCCCCCCCCCCCC(=O)OCC(O)C1OCC(O)C1O,CCCCCCCCCCCCCCCCCC(=O)OCC(O)C1OCC(O)C1O,CCCCCCCCCCCCCCCCCC(=O)OCC(O)C1OCC(O)C1O,430.6260000000001,430.6260000000001,0.0,['none']
True,False,[],False,1,False,True,Fc1ccc(C2(Cn3cncn3)OC2c2ccccc2Cl)cc1,Fc1ccc(C2(Cn3cncn3)OC2c2ccccc2Cl)cc1,Fc1ccc(C2(Cn3cncn3)OC2c2ccccc2Cl)cc1,329.76200000000006,329.76200000000006,0.0,['none']
True,False,[],False,1,False,True,O=C1OC(C(O)CO)C(O)=C1O,O=C1OC(C(O)CO)C(O)=C1O,O=C1OC(C(O)CO)C(O)=C1O,176.124,176.124,0.0,['none']
True,False,[],False,1,False,True,O=C(c1ccccc1)c1ccc(Cl)cc1,O=C(c1ccccc1)c1ccc(Cl)cc1,O=C(c1ccccc1)c1ccc(Cl)cc1,216.667,216.667,0.0,['none']
True,False,[],False,1,False,True,C=CC(=O)OCCCCCCCCCCCCCCCC,C=CC(=O)OCCCCCCCCCCCCCCCC,C=CC(=O)OCCCCCCCCCCCCCCCC,296.495,296.495,0.0,['none']
True,False,[],False,1,False,True,O=[Se](=O)(O)O,O=[Se](=O)(O)O,O=[Se](=O)(O)O,144.97199999999998,144.97199999999998,0.0,['none']
True,False,[],False,1,False,True,CC(=O)OCC(C)(C)COC(C)=O,CC(=O)OCC(C)(C)COC(C)=O,CC(=O)OCC(C)(C)COC(C)=O,188.22299999999998,188.22299999999998,0.0,['none']
True,False,[],False,1,False,True,S,S,S,34.083,34.083,0.0,['none']
True,True,['Al'],False,1,False,True,[Al+3],[Al+3],[Al+3],26.982,26.982,0.0,['metal:Al']
True,True,['Z42'],False,1,True,True,[O]=[Mo](=[O])([OH])[OH],[OH-],O,161.952,18.015,-143.937,"['metal:Z42', 'fragment_removed', 'charge_normalized']"
True,False,[],False,1,False,True,[S]=[Sb][S][Sb]=[S],[S]=[Sb][S][Sb]=[S],[S]=[Sb][S][Sb]=[S],339.721,339.721,0.0,['none']
True,False,[],False,1,False,True,C=CCOC(=O)C(C)(C)OC(=O)c1cc(-n2c(=O)cc(C(F)(F)F)n(C)c2=O)ccc1Cl,C=CCOC(=O)C(C)(C)OC(=O)c1cc(-n2c(=O)cc(C(F)(F)F)n(C)c2=O)ccc1Cl,C=CCOC(=O)C(C)(C)OC(=O)c1cc(-n2c(=O)cc(C(F)(F)F)n(C)c2=O)ccc1Cl,474.8190000000001,474.8190000000001,0.0,['none']
True,False,[],False,1,False,True,C=C(C)C(=O)O[Si](C(C)C)(C(C)C)C(C)C,C=C(C)C(=O)O[Si](C(C)C)(C(C)C)C(C)C,C=C(C)C(=O)O[Si](C(C)C)(C(C)C)C(C)C,242.43499999999997,242.43499999999997,0.0,['none']
True,False,[],False,1,False,True,CCCCCCCCCCCCCCC(C)c1cc(C)cc(C)c1O,CCCCCCCCCCCCCCC(C)c1cc(C)cc(C)c1O,CCCCCCCCCCCCCCC(C)c1cc(C)cc(C)c1O,346.59900000000005,346.59900000000005,0.0,['none']
True,False,[],False,1,False,True,CCC(C)(C#N)N=NC(C)(C#N)CC,CCC(C)(C#N)N=NC(C)(C#N)CC,CCC(C)(C#N)N=NC(C)(C#N)CC,192.266,192.266,0.0,['none']
True,False,[],False,1,False,True,O=C1Oc2cc3c(cc2=C1c1ccccc1)OC(=O)C=3c1ccc(OCC2CCCO2)cc1,O=C1Oc2cc3c(cc2=C1c1ccccc1)OC(=O)C=3c1ccc(OCC2CCCO2)cc1,O=C1Oc2cc3c(cc2=C1c1ccccc1)OC(=O)C=3c1ccc(OCC2CCCO2)cc1,440.4510000000003,440.4510000000003,0.0,['none']
True,False,[],False,1,False,True,C=Cn1cc[n+](C)c1,C=Cn1cc[n+](C)c1,C=Cn1cc[n+](C)c1,109.15199999999999,109.15199999999999,0.0,['none']
True,False,[],False,1,False,True,CCCCCCCCCCCCCCCCCC(=O)NCCCN(C)CCCNC(=O)CCCCCCCCCCCCCCCCC,CCCCCCCCCCCCCCCCCC(=O)NCCCN(C)CCCNC(=O)CCCCCCCCCCCCCCCCC,CCCCCCCCCCCCCCCCCC(=O)NCCCN(C)CCCNC(=O)CCCCCCCCCCCCCCCCC,678.1879999999996,678.1879999999996,0.0,['none']
True,False,[],False,1,False,True,COc1ccccc1NC(=O)C(N=Nc1ccc(Cl)cc1[N+](=O)[O-])C(C)=O,COc1ccccc1NC(=O)C(N=Nc1ccc(Cl)cc1[N+](=O)[O-])C(C)=O,COc1ccccc1NC(=O)C(N=Nc1ccc(Cl)cc1[N+](=O)[O-])C(C)=O,390.78300000000013,390.78300000000013,0.0,['none']
True,False,[],False,1,False,True,Nc1nc(N)nc(N)n1,Nc1nc(N)nc(N)n1,Nc1nc(N)nc(N)n1,126.12300000000002,126.12300000000002,0.0,['none']
True,False,[],False,1,False,True,C=CCCC(=O)CC1CC2CCC1C2,C=CCCC(=O)CC1CC2CCC1C2,C=CCCC(=O)CC1CC2CCC1C2,192.30199999999996,192.30199999999996,0.0,['none']
True,False,[],False,1,False,True,C=C(C)C(=O)OCCOCCCC,C=C(C)C(=O)OCCOCCCC,C=C(C)C(=O)OCCOCCCC,186.25099999999995,186.25099999999995,0.0,['none']
True,False,[],False,1,False,True,CCOC(=O)C1=NN(c2ccc(Cl)cc2Cl)C(C)(C(=O)OCC)C1,CCOC(=O)C1=NN(c2ccc(Cl)cc2Cl)C(C)(C(=O)OCC)C1,CCOC(=O)C1=NN(c2ccc(Cl)cc2Cl)C(C)(C(=O)OCC)C1,373.2360000000002,373.2360000000002,0.0,['none']
True,False,[],False,1,False,True,ClC1=C(Cl)C2(Cl)C3CCC4C(CCC3C1(Cl)C2(Cl)Cl)C1(Cl)C(Cl)=C(Cl)C4(Cl)C1(Cl)Cl,ClC1=C(Cl)C2(Cl)C3CCC4C(CCC3C1(Cl)C2(Cl)Cl)C1(Cl)C(Cl)=C(Cl)C4(Cl)C1(Cl)Cl,ClC1=C(Cl)C2(Cl)C3CCC4C(CCC3C1(Cl)C2(Cl)Cl)C1(Cl)C(Cl)=C(Cl)C4(Cl)C1(Cl)Cl,653.73,653.73,0.0,['none']
True,False,[],False,1,False,True,Cc1ccc(C2OC3COC(c4ccc(C)c(C)c4)OC3C(C(O)CO)O2)cc1C,Cc1ccc(C2OC3COC(c4ccc(C)c(C)c4)OC3C(C(O)CO)O2)cc1C,Cc1ccc(C2OC3COC(c4ccc(C)c(C)c4)OC3C(C(O)CO)O2)cc1C,414.49800000000016,414.49800000000016,0.0,['none']
True,False,[],False,1,False,True,CC(C)(c1ccc(O)cc1)c1cccc(C(C)(C)c2ccc(O)cc2)c1,CC(C)(c1ccc(O)cc1)c1cccc(C(C)(C)c2ccc(O)cc2)c1,CC(C)(c1ccc(O)cc1)c1cccc(C(C)(C)c2ccc(O)cc2)c1,346.47,346.47,0.0,['none']
True,False,[],False,1,False,True,CCCCC(CC)C(=O)O,CCCCC(CC)C(=O)O,CCCCC(CC)C(=O)O,144.214,144.214,0.0,['none']
True,False,[],False,1,False,True,C=CC(=O)OCCN=C=O,C=CC(=O)OCCN=C=O,C=CC(=O)OCCN=C=O,141.126,141.126,0.0,['none']
True,False,[],False,1,False,True,CCOC(=O)Nc1cccc(OC(=O)Nc2ccccc2)c1,CCOC(=O)Nc1cccc(OC(=O)Nc2ccccc2)c1,CCOC(=O)Nc1cccc(OC(=O)Nc2ccccc2)c1,300.314,300.314,0.0,['none']
True,False,[],False,1,False,True,ON=C1CCCC2=C1C1CCC2C1=C(Cl)Cl,ON=C1CCCC2=C1C1CCC2C1=C(Cl)Cl,ON=C1CCCC2=C1C1CCC2C1=C(Cl)Cl,258.14799999999997,258.14799999999997,0.0,['none']
True,False,[],False,1,False,True,CCOC(=O)C(C)CC(Cc1ccc(-c2ccccc2)cc1)NC(=O)CCC(=O)O,CCOC(=O)C(C)CC(Cc1ccc(-c2ccccc2)cc1)NC(=O)CCC(=O)O,CCOC(=O)C(C)CC(Cc1ccc(-c2ccccc2)cc1)NC(=O)CCC(=O)O,411.49800000000016,411.49800000000016,0.0,['none']
True,False,[],False,1,False,True,C=C(C#N)C(=O)OC,C=C(C#N)C(=O)OC,C=C(C#N)C(=O)OC,111.09999999999998,111.09999999999998,0.0,['none']
True,False,[],False,1,False,True,CCCCCCCCCCCC(=O)N(C)CC(=O)O,CCCCCCCCCCCC(=O)N(C)CC(=O)O,CCCCCCCCCCCC(=O)N(C)CC(=O)O,271.40099999999995,271.40099999999995,0.0,['none']
True,False,[],False,1,False,True,CCC(C)CO,CCC(C)CO,CCC(C)CO,88.14999999999999,88.14999999999999,0.0,['none']
True,False,[],False,1,False,True,[F][La]([F])[F],[F][La]([F])[F],[F][La]([F])[F],195.89999999999998,195.89999999999998,0.0,['none']
True,False,[],False,1,False,True,[F][Nd]([F])[F],[F][Nd]([F])[F],[F][Nd]([F])[F],201.23399999999998,201.23399999999998,0.0,['none']
True,False,[],False,1,False,True,CCc1nc[nH]c(=O)c1F,CCc1nc[nH]c(=O)c1F,CCc1nc[nH]c(=O)c1F,142.13299999999998,142.13299999999998,0.0,['none']
True,False,[],False,1,False,True,Cc1ccc(OCC(=O)N(Cc2cccs2)c2ccn[nH]2)cc1,Cc1ccc(OCC(=O)N(Cc2cccs2)c2ccn[nH]2)cc1,Cc1ccc(OCC(=O)N(Cc2cccs2)c2ccn[nH]2)cc1,327.409,327.409,0.0,['none']
True,False,[],False,1,False,True,C=C(C)C(=O)NC(C)C,C=C(C)C(=O)NC(C)C,C=C(C)C(=O)NC(C)C,127.18699999999997,127.18699999999997,0.0,['none']
True,False,[],False,1,False,True,NS(=O)(=O)O,NS(=O)(=O)O,NS(=O)(=O)O,97.09499999999998,97.09499999999998,0.0,['none']
True,False,[],False,1,False,True,CC(C)C1CC=C(CCC=O)CC1,CC(C)C1CC=C(CCC=O)CC1,CC(C)C1CC=C(CCC=O)CC1,180.29099999999997,180.29099999999997,0.0,['none']
True,False,[],False,1,False,True,C=CN1CCN(C=C)C1=O,C=CN1CCN(C=C)C1=O,C=CN1CCN(C=C)C1=O,138.17,138.17,0.0,['none']
True,False,[],False,1,False,True,F[B-](F)(F)F,F[B-](F)(F)F,F[B-](F)(F)F,86.80400000000002,86.80400000000002,0.0,['none']
True,False,[],False,1,False,True,O=[N+]([O-])N=C1NCCN1Cc1ccc(Cl)nc1,O=[N+]([O-])N=C1NCCN1Cc1ccc(Cl)nc1,O=[N+]([O-])N=C1NCCN1Cc1ccc(Cl)nc1,255.665,255.665,0.0,['none']
True,False,[],False,1,False,True,O=P(O)(O)OP(=O)(O)OP(=O)(O)O,O=P(O)(O)OP(=O)(O)OP(=O)(O)O,O=P(O)(O)OP(=O)(O)OP(=O)(O)O,257.952,257.952,0.0,['none']
True,False,[],False,1,False,True,C=CCOC(=O)C1CCCCC1C(=O)OCC=C,C=CCOC(=O)C1CCCCC1C(=O)OCC=C,C=CCOC(=O)C1CCCCC1C(=O)OCC=C,252.30999999999995,252.30999999999995,0.0,['none']
True,True,['Al'],False,1,False,True,[F][Al-]([F])([F])[F],[Al+3],[Al+3],102.97400000000002,26.982,-75.99200000000002,"['metal:Al', 'fragment_removed']"
True,False,[],False,1,False,True,CN(CCO)c1nc(Nc2ccccc2)nc(Nc2ccc(C=Cc3ccc(Nc4nc(Nc5ccccc5)nc(N(C)CCO)n4)cc3S(=O)(=O)O)c(S(=O)(=O)O)c2)n1,CN(CCO)c1nc(Nc2ccccc2)nc(Nc2ccc(C=Cc3ccc(Nc4nc(Nc5ccccc5)nc(N(C)CCO)n4)cc3S(=O)(=O)O)c(S(=O)(=O)O)c2)n1,CN(CCO)c1nc(Nc2ccccc2)nc(Nc2ccc(C=Cc3ccc(Nc4nc(Nc5ccccc5)nc(N(C)CCO)n4)cc3S(=O)(=O)O)c(S(=O)(=O)O)c2)n1,856.9480000000001,856.9480000000001,0.0,['none']
True,False,[],False,1,False,True,CC(C)(C)c1cc(-c2cc(C(C)(C)C)cc(C(C)(C)C)c2Op2oc3ccccc3c3ccccc3o2)c(Op2oc3ccccc3c3ccccc3o2)c(C(C)(C)C)c1,CC(C)(C)c1cc(-c2cc(C(C)(C)C)cc(C(C)(C)C)c2Op2oc3ccccc3c3ccccc3o2)c(Op2oc3ccccc3c3ccccc3o2)c(C(C)(C)C)c1,CC(C)(C)c1cc(-c2cc(C(C)(C)C)cc(C(C)(C)C)c2Op2oc3ccccc3c3ccccc3o2)c(Op2oc3ccccc3c3ccccc3o2)c(C(C)(C)C)c1,838.962,838.962,0.0,['none']
True,False,[],False,1,False,True,CCCCCCCCCCCC[N+](C)(C)Cc1ccccc1,CCCCCCCCCCCC[N+](C)(C)Cc1ccccc1,CCCCCCCCCCCC[N+](C)(C)Cc1ccccc1,304.542,304.542,0.0,['none']
True,False,[],False,1,False,True,CCCCCCCCCCCCCC[N+](C)(C)Cc1ccccc1,CCCCCCCCCCCCCC[N+](C)(C)Cc1ccccc1,CCCCCCCCCCCCCC[N+](C)(C)Cc1ccccc1,332.59599999999995,332.59599999999995,0.0,['none']
True,False,[],False,1,False,True,CCCCN(CCCC)C(=S)S,CCCCN(CCCC)C(=S)S,CCCCN(CCCC)C(=S)S,205.392,205.392,0.0,['none']
True,False,[],False,1,False,True,CCC(C)N,CCC(C)N,CCC(C)N,73.13900000000001,73.13900000000001,0.0,['none']
True,False,[],False,1,False,True,CCOC(=S)S,CCOC(=S)S,CCOC(=S)S,122.21400000000001,122.21400000000001,0.0,['none']
True,False,[],False,1,False,True,CCCCCCCCCCOc1ccc(C(c2ccccc2)(c2ccccc2)c2ccccc2)cc1C(C)CC,CCCCCCCCCCOc1ccc(C(c2ccccc2)(c2ccccc2)c2ccccc2)cc1C(C)CC,CCCCCCCCCCOc1ccc(C(c2ccccc2)(c2ccccc2)c2ccccc2)cc1C(C)CC,532.8120000000001,532.8120000000001,0.0,['none']
True,False,[],False,1,False,True,COc1cc(-c2cc(OC)cc(C(C)(C)C)c2O)c(O)c(C(C)(C)C)c1,COc1cc(-c2cc(OC)cc(C(C)(C)C)c2O)c(O)c(C(C)(C)C)c1,COc1cc(-c2cc(OC)cc(C(C)(C)C)c2O)c(O)c(C(C)(C)C)c1,358.4780000000001,358.4780000000001,0.0,['none']
True,False,[],False,1,False,True,CC(=O)OCC=C(C)CCC=C(C)C,CC(=O)OCC=C(C)CCC=C(C)C,CC(=O)OCC=C(C)CCC=C(C)C,196.29,196.29,0.0,['none']
True,False,[],False,1,False,True,CCCCOCCOCCOC(=O)CCCCC(=O)OCCOCCOCCCC,CCCCOCCOCCOC(=O)CCCCC(=O)OCCOCCOCCCC,CCCCOCCOCCOC(=O)CCCCC(=O)OCCOCCOCCCC,434.57000000000033,434.57000000000033,0.0,['none']
True,False,[],False,1,False,True,C[Si](C)(C)O[Si](C)(C)O[Si](C)(C)O[Si](C)(C)O[Si](C)(C)C,C[Si](C)(C)O[Si](C)(C)O[Si](C)(C)O[Si](C)(C)O[Si](C)(C)C,C[Si](C)(C)O[Si](C)(C)O[Si](C)(C)O[Si](C)(C)O[Si](C)(C)C,384.8460000000001,384.8460000000001,0.0,['none']
True,False,[],False,1,False,True,CCNC(=S)OC(C)C,CCNC(=S)OC(C)C,CCNC(=S)OC(C)C,147.243,147.243,0.0,['none']
True,True,['Z23'],False,1,True,True,[O]=[V](=[O])[OH],[OH-],O,99.94899999999998,18.015,-81.93399999999998,"['metal:Z23', 'fragment_removed', 'charge_normalized']"
True,False,[],False,1,False,True,CCCCCCCCCCCCNCCC(=O)O,CCCCCCCCCCCCNCCC(=O)O,CCCCCCCCCCCCNCCC(=O)O,257.41799999999995,257.41799999999995,0.0,['none']
True,False,[],False,1,False,True,CCC(=O)OCC(C)(C)OC(C)C1CCCC(C)(C)C1,CCC(=O)OCC(C)(C)OC(C)C1CCCC(C)(C)C1,CCC(=O)OCC(C)(C)OC(C)C1CCCC(C)(C)C1,284.44,284.44,0.0,['none']
True,False,[],False,1,False,True,CCOCCOC(=O)C(C#N)=C1C=C(NCCCOC)CCC1,CCOCCOC(=O)C(C#N)=C1C=C(NCCCOC)CCC1,CCOCCOC(=O)C(C#N)=C1C=C(NCCCOC)CCC1,322.40500000000014,322.40500000000014,0.0,['none']
True,True,['Al'],False,1,True,True,CC(=O)[O][Al][O]C(C)=O,CC(=O)[O-],CC(=O)O,145.07,60.052,-85.018,"['metal:Al', 'fragment_removed', 'charge_normalized']"
True,False,[],False,1,False,True,CCCCCCCCC=CCCCCCCCC(=O)O,CCCCCCCCC=CCCCCCCCC(=O)O,CCCCCCCCC=CCCCCCCCC(=O)O,282.4679999999999,282.4679999999999,0.0,['none']
True,False,[],False,1,False,True,CCCCCCCCCCCC(=O)OCC(O)CO,CCCCCCCCCCCC(=O)OCC(O)CO,CCCCCCCCCCCC(=O)OCC(O)CO,274.40099999999995,274.40099999999995,0.0,['none']
True,False,[],False,1,False,True,C=CCOC(=O)OCCOCCOC(=O)OCC=C,C=CCOC(=O)OCCOCCOC(=O)OCC=C,C=CCOC(=O)OCCOCCOC(=O)OCC=C,274.26899999999995,274.26899999999995,0.0,['none']
True,False,[],False,1,False,True,ClCCCCl,ClCCCCl,ClCCCCl,112.98700000000001,112.98700000000001,0.0,['none']
True,False,[],False,1,False,True,CCCCCC(=O)O,CCCCCC(=O)O,CCCCCC(=O)O,116.15999999999998,116.15999999999998,0.0,['none']
True,False,[],False,1,False,True,CCCCOCCCC,CCCCOCCCC,CCCCOCCCC,130.231,130.231,0.0,['none']
True,False,[],False,1,False,True,NCCCCCCNC(=O)O,NCCCCCCNC(=O)O,NCCCCCCNC(=O)O,160.217,160.217,0.0,['none']
True,False,[],False,1,False,True,CCCCOCCOCCOCCO,CCCCOCCOCCOCCO,CCCCOCCOCCOCCO,206.28199999999995,206.28199999999995,0.0,['none']
True,False,[],False,1,False,True,Clc1c(Cl)c(Br)c2c(c1Cl)-c1nc-2nc2[nH]c(nc3nc(nc4[nH]c(n1)c1c(Cl)c(Br)c(Cl)c(Br)c41)-c1c(Cl)c(Cl)c(Br)c(Cl)c1-3)c1c(Br)c(Cl)c(Br)c(Cl)c21,Clc1c(Cl)c(Br)c2c(c1Cl)-c1nc-2nc2[nH]c(nc3nc(nc4[nH]c(n1)c1c(Cl)c(Br)c(Cl)c(Br)c41)-c1c(Cl)c(Cl)c(Br)c(Cl)c1-3)c1c(Br)c(Cl)c(Br)c(Cl)c21,Clc1c(Cl)c(Br)c2c(c1Cl)-c1nc-2nc2[nH]c(nc3nc(nc4[nH]c(n1)c1c(Cl)c(Br)c(Cl)c(Br)c41)-c1c(Cl)c(Cl)c(Br)c(Cl)c1-3)c1c(Br)c(Cl)c(Br)c(Cl)c21,1332.3779999999995,1332.3779999999995,0.0,['none']
True,False,[],False,1,False,True,CCCCOC(=O)CSCSCC(=O)OCCCC,CCCCOC(=O)CSCSCC(=O)OCCCC,CCCCOC(=O)CSCSCC(=O)OCCCC,308.4650000000001,308.4650000000001,0.0,['none']
True,False,[],False,1,False,True,CCCCCCCCCCCCCCCCCCNC(=O)CCc1cc(C(C)(C)C)c(O)c(C(C)(C)C)c1,CCCCCCCCCCCCCCCCCCNC(=O)CCc1cc(C(C)(C)C)c(O)c(C(C)(C)C)c1,CCCCCCCCCCCCCCCCCCNC(=O)CCc1cc(C(C)(C)C)c(O)c(C(C)(C)C)c1,529.8940000000002,529.8940000000002,0.0,['none']
True,False,[],False,1,False,True,CCCCC(CC)COC(=O)CCc1cc(C(C)(C)C)c(O)c(C(C)(C)C)c1,CCCCC(CC)COC(=O)CCc1cc(C(C)(C)C)c(O)c(C(C)(C)C)c1,CCCCC(CC)COC(=O)CCc1cc(C(C)(C)C)c(O)c(C(C)(C)C)c1,390.6080000000001,390.6080000000001,0.0,['none']
True,False,[],False,1,False,True,COc1ccc(OC(=O)c2ccc(OCCCCC3CO3)cc2)cc1,COc1ccc(OC(=O)c2ccc(OCCCCC3CO3)cc2)cc1,COc1ccc(OC(=O)c2ccc(OCCCCC3CO3)cc2)cc1,342.391,342.391,0.0,['none']
True,False,[],False,1,False,True,CCCc1nc2c(C)cc(-c3nc4ccccc4n3C)cc2n1Cc1ccc(-c2ccccc2C#N)cc1,CCCc1nc2c(C)cc(-c3nc4ccccc4n3C)cc2n1Cc1ccc(-c2ccccc2C#N)cc1,CCCc1nc2c(C)cc(-c3nc4ccccc4n3C)cc2n1Cc1ccc(-c2ccccc2C#N)cc1,495.6300000000003,495.6300000000003,0.0,['none']
True,False,[],False,1,False,True,CC(=CC1CCCCC1)CC(C)C=O,CC(=CC1CCCCC1)CC(C)C=O,CC(=CC1CCCCC1)CC(C)C=O,194.318,194.318,0.0,['none']
True,False,[],False,1,False,True,CC(C)(CO)C1OCC2(CO1)COC(C(C)(C)CO)OC2,CC(C)(CO)C1OCC2(CO1)COC(C(C)(C)CO)OC2,CC(C)(CO)C1OCC2(CO1)COC(C(C)(C)CO)OC2,304.38300000000004,304.38300000000004,0.0,['none']
True,False,[],False,1,False,True,CCOP(Oc1c(C)cc(C(C)(C)C)cc1C(C)(C)C)Oc1c(C)cc(C(C)(C)C)cc1C(C)(C)C,CCOP(Oc1c(C)cc(C(C)(C)C)cc1C(C)(C)C)Oc1c(C)cc(C(C)(C)C)cc1C(C)(C)C,CCOP(Oc1c(C)cc(C(C)(C)C)cc1C(C)(C)C)Oc1c(C)cc(C(C)(C)C)cc1C(C)(C)C,514.7310000000003,514.7310000000003,0.0,['none']
True,False,[],False,1,False,True,CCCCCCCCCCCCNc1nc(Cl)nc(Nc2ccc3c(O)c(N=Nc4ccc(N=Nc5ccc(S(=O)(=O)O)cc5)cc4)c(S(=O)(=O)O)cc3c2)n1,CCCCCCCCCCCCNc1nc(Cl)nc(Nc2ccc3c(O)c(N=Nc4ccc(N=Nc5ccc(S(=O)(=O)O)cc5)cc4)c(S(=O)(=O)O)cc3c2)n1,CCCCCCCCCCCCNc1nc(Cl)nc(Nc2ccc3c(O)c(N=Nc4ccc(N=Nc5ccc(S(=O)(=O)O)cc5)cc4)c(S(=O)(=O)O)cc3c2)n1,824.3860000000003,824.3860000000003,0.0,['none']
True,False,[],False,1,False,True,CCCSc1nc(Cl)c([N+](=O)[O-])c(Cl)n1,CCCSc1nc(Cl)c([N+](=O)[O-])c(Cl)n1,CCCSc1nc(Cl)c([N+](=O)[O-])c(Cl)n1,268.12499999999994,268.12499999999994,0.0,['none']
True,False,[],False,1,False,True,COC(=O)CCCCCCCCCCCCCCCCC(=O)OC,COC(=O)CCCCCCCCCCCCCCCCC(=O)OC,COC(=O)CCCCCCCCCCCCCCCCC(=O)OC,342.52000000000004,342.52000000000004,0.0,['none']
True,False,[],False,1,False,True,CCC(COCC(F)(F)C(F)(F)F)OC(=O)CC(C(=O)OC(CC)COCC(F)(F)C(F)(F)F)C(C(=O)OC(CC)COCC(F)(F)C(F)(F)F)S(=O)(=O)O,CCC(COCC(F)(F)C(F)(F)F)OC(=O)CC(C(=O)OC(CC)COCC(F)(F)C(F)(F)F)C(C(=O)OC(CC)COCC(F)(F)C(F)(F)F)S(=O)(=O)O,CCC(COCC(F)(F)C(F)(F)F)OC(=O)CC(C(=O)OC(CC)COCC(F)(F)C(F)(F)F)C(C(=O)OC(CC)COCC(F)(F)C(F)(F)F)S(=O)(=O)O,868.6020000000003,868.6020000000003,0.0,['none']
True,False,[],False,1,False,True,CCC(=O)N(c1ccccc1)C1CCN(Cc2ccccc2)CC1,CCC(=O)N(c1ccccc1)C1CCN(Cc2ccccc2)CC1,CCC(=O)N(c1ccccc1)C1CCN(Cc2ccccc2)CC1,322.45200000000006,322.45200000000006,0.0,['none']
True,False,[],False,1,False,True,CCC(C)C1CCCCC1=O,CCC(C)C1CCCCC1=O,CCC(C)C1CCCCC1=O,154.253,154.253,0.0,['none']
True,False,[],False,1,False,True,NCc1cccc(CN)c1,NCc1cccc(CN)c1,NCc1cccc(CN)c1,136.198,136.198,0.0,['none']
True,False,[],False,1,False,True,Oc1ccc(C(c2ccc(O)cc2)(C(F)(F)F)C(F)(F)F)cc1,Oc1ccc(C(c2ccc(O)cc2)(C(F)(F)F)C(F)(F)F)cc1,Oc1ccc(C(c2ccc(O)cc2)(C(F)(F)F)C(F)(F)F)cc1,336.23099999999994,336.23099999999994,0.0,['none']
True,False,[],False,1,False,True,CCO[Si](CCCS)(OCC)OCC,CCO[Si](CCCS)(OCC)OCC,CCO[Si](CCCS)(OCC)OCC,238.42499999999995,238.42499999999995,0.0,['none']
True,False,[],False,1,False,True,CCC(C)(C)C(=O)OC1=C(c2ccc(Cl)cc2Cl)C(=O)OC12CCCCC2,CCC(C)(C)C(=O)OC1=C(c2ccc(Cl)cc2Cl)C(=O)OC12CCCCC2,CCC(C)(C)C(=O)OC1=C(c2ccc(Cl)cc2Cl)C(=O)OC12CCCCC2,411.3250000000003,411.3250000000003,0.0,['none']
True,False,[],False,1,False,True,CCCCC(CC)COC(=O)OCC(CC)CCCC,CCCCC(CC)COC(=O)OCC(CC)CCCC,CCCCC(CC)COC(=O)OCC(CC)CCCC,286.456,286.456,0.0,['none']
True,False,[],False,1,False,True,O=C1CCC(C(=O)O)N1,O=C1CCC(C(=O)O)N1,O=C1CCC(C(=O)O)N1,129.11499999999998,129.11499999999998,0.0,['none']
True,False,[],False,1,False,True,CCCCCCCCCCCCN(CCC(=O)O)CCC(=O)O,CCCCCCCCCCCCN(CCC(=O)O)CCC(=O)O,CCCCCCCCCCCCN(CCC(=O)O)CCC(=O)O,329.48100000000005,329.48100000000005,0.0,['none']
True,False,[],False,1,False,True,SCCOCCOCCS,SCCOCCOCCS,SCCOCCOCCS,182.31,182.31,0.0,['none']
True,False,[],False,1,False,True,CCCCCCOC1CCC(C)(C)O1,CCCCCCOC1CCC(C)(C)O1,CCCCCCOC1CCC(C)(C)O1,200.32199999999995,200.32199999999995,0.0,['none']
True,False,[],False,1,False,True,COc1ccc(O)cc1,COc1ccc(O)cc1,COc1ccc(O)cc1,124.13899999999997,124.13899999999997,0.0,['none']
True,False,[],False,1,False,True,Nc1cc(Cl)nc(C(=O)O)c1Cl,Nc1cc(Cl)nc(C(=O)O)c1Cl,Nc1cc(Cl)nc(C(=O)O)c1Cl,207.01600000000002,207.01600000000002,0.0,['none']
True,False,[],False,1,False,True,CC(=O)c1cc2c(cc1C)C(C)(C)C(C)CC2(C)C,CC(=O)c1cc2c(cc1C)C(C)(C)C(C)CC2(C)C,CC(=O)c1cc2c(cc1C)C(C)(C)C(C)CC2(C)C,258.4049999999999,258.4049999999999,0.0,['none']
True,False,[],False,1,False,True,C=C(Br)C(F)(F)F,C=C(Br)C(F)(F)F,C=C(Br)C(F)(F)F,174.94699999999997,174.94699999999997,0.0,['none']
True,False,[],False,1,False,True,CC(C=O)=Cc1ccccc1,CC(C=O)=Cc1ccccc1,CC(C=O)=Cc1ccccc1,146.189,146.189,0.0,['none']
True,False,[],False,1,False,True,COC(=O)C(=O)c1ccccc1,COC(=O)C(=O)c1ccccc1,COC(=O)C(=O)c1ccccc1,164.16,164.16,0.0,['none']
True,False,[],False,1,False,True,O=C1CCC=CCCC=CCCC1,O=C1CCC=CCCC=CCCC1,O=C1CCC=CCCC=CCCC1,178.27499999999995,178.27499999999995,0.0,['none']
True,False,[],False,1,False,True,CCO[Si](CCl)(OCC)OCC,CCO[Si](CCl)(OCC)OCC,CCO[Si](CCl)(OCC)OCC,212.74899999999997,212.74899999999997,0.0,['none']
True,False,[],False,1,False,True,FC1CC(F)(F)C(F)(F)C1(F)F,FC1CC(F)(F)C(F)(F)C1(F)F,FC1CC(F)(F)C(F)(F)C1(F)F,196.065,196.065,0.0,['none']
True,False,[],False,1,False,True,CC[P+](c1ccccc1)(c1ccccc1)c1ccccc1,CC[P+](c1ccccc1)(c1ccccc1)c1ccccc1,CC[P+](c1ccccc1)(c1ccccc1)c1ccccc1,291.354,291.354,0.0,['none']
True,False,[],False,1,False,True,CC(=O)c1cc2c(cc1C)C(C)(C)C(C)C2(C)C,CC(=O)c1cc2c(cc1C)C(C)(C)C(C)C2(C)C,CC(=O)c1cc2c(cc1C)C(C)(C)C(C)C2(C)C,244.37799999999996,244.37799999999996,0.0,['none']
True,False,[],False,1,False,True,CN1COCN=C1N[N+](=O)[O-],CN1COCN=C1N[N+](=O)[O-],CN1COCN=C1N[N+](=O)[O-],160.13299999999998,160.13299999999998,0.0,['none']
True,False,[],False,1,False,True,CCCCC(CC)COC(=O)c1ccc(Nc2nc(Nc3ccc(C(=O)NC(C)(C)C)cc3)nc(Nc3ccc(C(=O)OCC(CC)CCCC)cc3)n2)cc1,CCCCC(CC)COC(=O)c1ccc(Nc2nc(Nc3ccc(C(=O)NC(C)(C)C)cc3)nc(Nc3ccc(C(=O)OCC(CC)CCCC)cc3)n2)cc1,CCCCC(CC)COC(=O)c1ccc(Nc2nc(Nc3ccc(C(=O)NC(C)(C)C)cc3)nc(Nc3ccc(C(=O)OCC(CC)CCCC)cc3)n2)cc1,765.9999999999998,765.9999999999998,0.0,['none']
True,False,[],False,1,False,True,COC(=O)C(C)(C)c1ccc(Br)cc1,COC(=O)C(C)(C)c1ccc(Br)cc1,COC(=O)C(C)(C)c1ccc(Br)cc1,257.127,257.127,0.0,['none']
True,False,[],False,1,False,True,CC(C)(c1ccccc1)c1ccc(OP2OCC3(CO2)COP(Oc2ccc(C(C)(C)c4ccccc4)cc2C(C)(C)c2ccccc2)OC3)c(C(C)(C)c2ccccc2)c1,CC(C)(c1ccccc1)c1ccc(OP2OCC3(CO2)COP(Oc2ccc(C(C)(C)c4ccccc4)cc2C(C)(C)c2ccccc2)OC3)c(C(C)(C)c2ccccc2)c1,CC(C)(c1ccccc1)c1ccc(OP2OCC3(CO2)COP(Oc2ccc(C(C)(C)c4ccccc4)cc2C(C)(C)c2ccccc2)OC3)c(C(C)(C)c2ccccc2)c1,852.989,852.989,0.0,['none']
True,False,[],False,1,False,True,CC(=O)OCC(F)F,CC(=O)OCC(F)F,CC(=O)OCC(F)F,124.08600000000001,124.08600000000001,0.0,['none']
True,False,[],False,1,False,True,O=C(c1ccc(O)cc1)c1ccc(C(=O)c2ccc(O)cc2)cc1,O=C(c1ccc(O)cc1)c1ccc(C(=O)c2ccc(O)cc2)cc1,O=C(c1ccc(O)cc1)c1ccc(C(=O)c2ccc(O)cc2)cc1,318.328,318.328,0.0,['none']
True,False,[],False,1,False,True,CCN(c1ccccc1)c1nc(Cl)nc(Nc2cc(S(=O)(=O)O)cc3cc(S(=O)(=O)O)c(N=Nc4cc(NC(=O)C(Br)CBr)ccc4S(=O)(=O)O)c(O)c23)n1,CCN(c1ccccc1)c1nc(Cl)nc(Nc2cc(S(=O)(=O)O)cc3cc(S(=O)(=O)O)c(N=Nc4cc(NC(=O)C(Br)CBr)ccc4S(=O)(=O)O)c(O)c23)n1,CCN(c1ccccc1)c1nc(Cl)nc(Nc2cc(S(=O)(=O)O)cc3cc(S(=O)(=O)O)c(N=Nc4cc(NC(=O)C(Br)CBr)ccc4S(=O)(=O)O)c(O)c23)n1,965.037,965.037,0.0,['none']
True,False,[],False,1,False,True,Cc1cc(CC(C)C[Si](C)(O[Si](C)(C)C)O[Si](C)(C)C)c(O)c(-n2nc3ccccc3n2)c1,Cc1cc(CC(C)C[Si](C)(O[Si](C)(C)C)O[Si](C)(C)C)c(O)c(-n2nc3ccccc3n2)c1,Cc1cc(CC(C)C[Si](C)(O[Si](C)(C)C)O[Si](C)(C)C)c(O)c(-n2nc3ccccc3n2)c1,501.8520000000002,501.8520000000002,0.0,['none']
True,False,[],False,1,False,True,NCCCO,NCCCO,NCCCO,75.11099999999999,75.11099999999999,0.0,['none']
True,False,[],False,1,False,True,C=C(C)CS(=O)(=O)O,C=C(C)CS(=O)(=O)O,C=C(C)CS(=O)(=O)O,136.172,136.172,0.0,['none']
True,False,[],False,1,False,True,C=C[Si](ON=C(C)CC(C)C)(ON=C(C)CC(C)C)ON=C(C)CC(C)C,C=C[Si](ON=C(C)CC(C)C)(ON=C(C)CC(C)C)ON=C(C)CC(C)C,C=C[Si](ON=C(C)CC(C)C)(ON=C(C)CC(C)C)ON=C(C)CC(C)C,397.6360000000002,397.6360000000002,0.0,['none']
True,False,[],False,1,False,True,C=CC(=O)OCC(CC)(COC(=O)C=C)COC(=O)C=C,C=CC(=O)OCC(CC)(COC(=O)C=C)COC(=O)C=C,C=CC(=O)OCC(CC)(COC(=O)C=C)COC(=O)C=C,296.319,296.319,0.0,['none']
True,False,[],False,1,False,True,COC1CC(C)CCC1C(C)C,COC1CC(C)CCC1C(C)C,COC1CC(C)CCC1C(C)C,170.296,170.296,0.0,['none']
True,False,[],False,1,False,True,CCC(C)(C)OOC1(OOC(C)(C)CC)CCCCC1,CCC(C)(C)OOC1(OOC(C)(C)CC)CCCCC1,CCC(C)(C)OOC1(OOC(C)(C)CC)CCCCC1,288.42800000000005,288.42800000000005,0.0,['none']
True,False,[],False,1,False,True,CCCOCC(C)O,CCCOCC(C)O,CCCOCC(C)O,118.17599999999997,118.17599999999997,0.0,['none']
True,False,[],False,1,False,True,CCCc1ccc(-c2ccc(OCC)c(F)c2F)cc1,CCCc1ccc(-c2ccc(OCC)c(F)c2F)cc1,CCCc1ccc(-c2ccc(OCC)c(F)c2F)cc1,276.3259999999999,276.3259999999999,0.0,['none']
True,False,[],False,1,False,True,CCCCCC1CCCC1O,CCCCCC1CCCC1O,CCCCCC1CCCC1O,156.269,156.269,0.0,['none']
True,False,[],False,1,False,True,CC(C)c1ccc(S(=O)(=O)O)cc1,CC(C)c1ccc(S(=O)(=O)O)cc1,CC(C)c1ccc(S(=O)(=O)O)cc1,200.259,200.259,0.0,['none']
True,False,[],False,1,False,True,CC1=NN(c2ccc(C)cc2)C(=O)C1N=Nc1ccc(-c2ccc(N=NC3C(=O)N(c4ccc(C)cc4)N=C3C)c(Cl)c2)cc1Cl,CC1=NN(c2ccc(C)cc2)C(=O)C1N=Nc1ccc(-c2ccc(N=NC3C(=O)N(c4ccc(C)cc4)N=C3C)c(Cl)c2)cc1Cl,CC1=NN(c2ccc(C)cc2)C(=O)C1N=Nc1ccc(-c2ccc(N=NC3C(=O)N(c4ccc(C)cc4)N=C3C)c(Cl)c2)cc1Cl,651.5580000000001,651.5580000000001,0.0,['none']
True,False,[],False,1,False,True,CCCCC(=O)OCC(COC(=O)CCCC)(COC(=O)CCCC)COC(=O)CCCC,CCCCC(=O)OCC(COC(=O)CCCC)(COC(=O)CCCC)COC(=O)CCCC,CCCCC(=O)OCC(COC(=O)CCCC)(COC(=O)CCCC)COC(=O)CCCC,472.6190000000004,472.6190000000004,0.0,['none']
True,False,[],False,1,False,True,CCCCCCCOC(=O)CCC(=O)OCCCCCCC,CCCCCCCOC(=O)CCC(=O)OCCCCCCC,CCCCCCCOC(=O)CCC(=O)OCCCCCCC,314.46600000000007,314.46600000000007,0.0,['none']
True,False,[],False,1,False,True,CN(C)CCCN1CN(CCCN(C)C)CN(CCCN(C)C)C1,CN(C)CCCN1CN(CCCN(C)C)CN(CCCN(C)C)C1,CN(C)CCCN1CN(CCCN(C)C)CN(CCCN(C)C)C1,342.57600000000014,342.57600000000014,0.0,['none']
True,False,[],False,1,False,True,COc1cc(N=Nc2c(Cl)cc([N+](=O)[O-])cc2[N+](=O)[O-])c(NC(C)=O)cc1NCCC(=O)OCC(=O)OCc1ccccc1,COc1cc(N=Nc2c(Cl)cc([N+](=O)[O-])cc2[N+](=O)[O-])c(NC(C)=O)cc1NCCC(=O)OCC(=O)OCc1ccccc1,COc1cc(N=Nc2c(Cl)cc([N+](=O)[O-])cc2[N+](=O)[O-])c(NC(C)=O)cc1NCCC(=O)OCC(=O)OCc1ccccc1,628.9820000000003,628.9820000000003,0.0,['none']
True,False,[],False,1,False,True,CCCCCCCCCCCCCCCCCC(=O)O,CCCCCCCCCCCCCCCCCC(=O)O,CCCCCCCCCCCCCCCCCC(=O)O,284.4839999999999,284.4839999999999,0.0,['none']
True,False,[],False,1,False,True,COc1cc([N+](=O)[O-])ccc1N=NC(C(C)=O)C(=O)Nc1cc(Cl)ccc1OC,COc1cc([N+](=O)[O-])ccc1N=NC(C(C)=O)C(=O)Nc1cc(Cl)ccc1OC,COc1cc([N+](=O)[O-])ccc1N=NC(C(C)=O)C(=O)Nc1cc(Cl)ccc1OC,420.8090000000001,420.8090000000001,0.0,['none']
True,False,[],False,1,False,True,C#CC(C)(O)CCCC(C)CCCC(C)C,C#CC(C)(O)CCCC(C)CCCC(C)C,C#CC(C)(O)CCCC(C)CCCC(C)C,224.38799999999995,224.38799999999995,0.0,['none']
True,False,[],False,1,False,True,C=C(C#N)C(=O)OCCc1ccccc1,C=C(C#N)C(=O)OCCc1ccccc1,C=C(C#N)C(=O)OCCc1ccccc1,201.22500000000002,201.22500000000002,0.0,['none']
True,False,[],False,1,False,True,FC1=C(OC(F)(F)F)OC(F)(F)O1,FC1=C(OC(F)(F)F)OC(F)(F)O1,FC1=C(OC(F)(F)F)OC(F)(F)O1,210.02899999999997,210.02899999999997,0.0,['none']
True,False,[],False,1,False,True,CCCCOC(=O)CCS,CCCCOC(=O)CCS,CCCCOC(=O)CCS,162.254,162.254,0.0,['none']
True,False,[],False,1,False,True,CCCCOC(=O)OOC(=O)OCCCC,CCCCOC(=O)OOC(=O)OCCCC,CCCCOC(=O)OOC(=O)OCCCC,234.24799999999993,234.24799999999993,0.0,['none']
True,False,[],False,1,False,True,FC(F)=C(F)OC(F)(F)C(F)(F)C(F)(F)F,FC(F)=C(F)OC(F)(F)C(F)(F)C(F)(F)F,FC(F)=C(F)OC(F)(F)C(F)(F)C(F)(F)F,266.03399999999993,266.03399999999993,0.0,['none']
True,False,[],False,1,False,True,CCCCCCCCC=CCCCCCCCCNC(=O)CCCCCCCCCCCCCCC,CCCCCCCCC=CCCCCCCCCNC(=O)CCCCCCCCCCCCCCC,CCCCCCCCC=CCCCCCCCCNC(=O)CCCCCCCCCCCCCCC,505.91600000000057,505.91600000000057,0.0,['none']
True,False,[],False,1,False,True,NCCCOCCOCCOCCCN,NCCCOCCOCCOCCCN,NCCCOCCOCCOCCCN,220.31299999999993,220.31299999999993,0.0,['none']
True,False,[],False,1,False,True,FC=CF,FC=CF,FC=CF,64.034,64.034,0.0,['none']
True,False,[],False,1,False,True,CC(CNc1ccc2[nH]c3c(Cl)c4oc5c(S(=O)(=O)O)c(NCC(C)Nc6nc(F)nc(Nc7ccccc7S(=O)(=O)O)n6)ccc5[nH]c4c(Cl)c3oc2c1S(=O)(=O)O)Nc1nc(F)nc(Nc2ccccc2S(=O)(=O)O)n1,CC(CNc1ccc2[nH]c3c(Cl)c4oc5c(S(=O)(=O)O)c(NCC(C)Nc6nc(F)nc(Nc7ccccc7S(=O)(=O)O)n6)ccc5[nH]c4c(Cl)c3oc2c1S(=O)(=O)O)Nc1nc(F)nc(Nc2ccccc2S(=O)(=O)O)n1,CC(CNc1ccc2[nH]c3c(Cl)c4oc5c(S(=O)(=O)O)c(NCC(C)Nc6nc(F)nc(Nc7ccccc7S(=O)(=O)O)n6)ccc5[nH]c4c(Cl)c3oc2c1S(=O)(=O)O)Nc1nc(F)nc(Nc2ccccc2S(=O)(=O)O)n1,1198.0040000000001,1198.0040000000001,0.0,['none']
True,False,[],False,1,False,True,CCOC(=O)C1=NOC(c2ccccc2)(c2ccccc2)C1,CCOC(=O)C1=NOC(c2ccccc2)(c2ccccc2)C1,CCOC(=O)C1=NOC(c2ccccc2)(c2ccccc2)C1,295.3380000000001,295.3380000000001,0.0,['none']
True,False,[],False,1,False,True,Cc1cc(CC(C)C)ccc1CCC=O,Cc1cc(CC(C)C)ccc1CCC=O,Cc1cc(CC(C)C)ccc1CCC=O,204.31299999999996,204.31299999999996,0.0,['none']
True,False,[],False,1,False,True,CC=CC=CC(=O)OCCC[Si](OC)(OC)OC,CC=CC=CC(=O)OCCC[Si](OC)(OC)OC,CC=CC=CC(=O)OCCC[Si](OC)(OC)OC,274.389,274.389,0.0,['none']
True,False,[],False,1,False,True,CCCCCCCCCCCC[N+](C)(C)[O-],CCCCCCCCCCCC[N+](C)(C)[O-],CCCCCCCCCCCC[N+](C)(C)[O-],229.40799999999996,229.40799999999996,0.0,['none']
True,False,[],False,1,False,True,O=C(O)C(NCCNC(C(=O)O)c1ccccc1O)c1ccccc1O,O=C(O)C(NCCNC(C(=O)O)c1ccccc1O)c1ccccc1O,O=C(O)C(NCCNC(C(=O)O)c1ccccc1O)c1ccccc1O,360.3660000000001,360.3660000000001,0.0,['none']
True,False,[],False,1,False,True,Cc1cc(Cl)ccc1OC(C)C(=O)O,Cc1cc(Cl)ccc1OC(C)C(=O)O,Cc1cc(Cl)ccc1OC(C)C(=O)O,214.648,214.648,0.0,['none']
True,False,[],False,1,False,True,CC(C)(CO)C(O)C(=O)NCCCO,CC(C)(CO)C(O)C(=O)NCCCO,CC(C)(CO)C(O)C(=O)NCCCO,205.25399999999996,205.25399999999996,0.0,['none']
True,False,[],False,1,False,True,CCCCC(CC)C1OCCN1CCCC,CCCCC(CC)C1OCCN1CCCC,CCCCC(CC)C1OCCN1CCCC,227.3919999999999,227.3919999999999,0.0,['none']
True,False,[],False,1,False,True,CN=C(NCC1CCOC1)N[N+](=O)[O-],CN=C(NCC1CCOC1)N[N+](=O)[O-],CN=C(NCC1CCOC1)N[N+](=O)[O-],202.214,202.214,0.0,['none']
True,False,[],False,1,False,True,CCO[Si](CCCc1c(O)c(C(=O)c2ccccc2)cc(C(=O)c2ccccc2)c1O)(OCC)OCC,CCO[Si](CCCc1c(O)c(C(=O)c2ccccc2)cc(C(=O)c2ccccc2)c1O)(OCC)OCC,CCO[Si](CCCc1c(O)c(C(=O)c2ccccc2)cc(C(=O)c2ccccc2)c1O)(OCC)OCC,522.6700000000003,522.6700000000003,0.0,['none']
True,False,[],False,1,False,True,C=C(CC(C)C=O)C1CC=C(C)C1(C)C,C=C(CC(C)C=O)C1CC=C(C)C1(C)C,C=C(CC(C)C=O)C1CC=C(C)C1(C)C,206.32899999999998,206.32899999999998,0.0,['none']
True,False,[],False,1,False,True,CCOc1nc(F)cc2nc(SSc3nc4cc(F)nc(OCC)n4n3)nn12,CCOc1nc(F)cc2nc(SSc3nc4cc(F)nc(OCC)n4n3)nn12,CCOc1nc(F)cc2nc(SSc3nc4cc(F)nc(OCC)n4n3)nn12,426.43400000000014,426.43400000000014,0.0,['none']
True,False,[],False,1,False,True,Cc1ccc(S(C)(=O)=O)cc1[N+](=O)[O-],Cc1ccc(S(C)(=O)=O)cc1[N+](=O)[O-],Cc1ccc(S(C)(=O)=O)cc1[N+](=O)[O-],215.23,215.23,0.0,['none']
True,False,[],False,1,False,True,O=C(O)c1ccc2cc(O)ccc2c1,O=C(O)c1ccc2cc(O)ccc2c1,O=C(O)c1ccc2cc(O)ccc2c1,188.182,188.182,0.0,['none']
True,False,[],False,1,False,True,O=S(O)S(=O)(=O)O,O=S(O)S(=O)(=O)O,O=S(O)S(=O)(=O)O,146.14499999999998,146.14499999999998,0.0,['none']
True,False,[],False,1,False,True,CNC(=O)ON=C(C)SC,CNC(=O)ON=C(C)SC,CNC(=O)ON=C(C)SC,162.214,162.214,0.0,['none']
True,False,[],False,1,False,True,CCCCCCCCOC(=O)OCCCCCCCC,CCCCCCCCOC(=O)OCCCCCCCC,CCCCCCCCOC(=O)OCCCCCCCC,286.456,286.456,0.0,['none']
True,False,[],False,1,False,True,CO[Si](C)OC,CO[Si](C)OC,CO[Si](C)OC,105.189,105.189,0.0,['none']
True,False,[],False,1,False,True,CCOC(=O)O,CCOC(=O)O,CCOC(=O)O,90.07799999999999,90.07799999999999,0.0,['none']
True,False,[],False,1,False,True,CCCCCCCCCOC(=O)c1ccc(C(=O)OCCCCCCCCC)c(C(=O)OCCCCCCCCC)c1,CCCCCCCCCOC(=O)c1ccc(C(=O)OCCCCCCCCC)c(C(=O)OCCCCCCCCC)c1,CCCCCCCCCOC(=O)c1ccc(C(=O)OCCCCCCCCC)c(C(=O)OCCCCCCCCC)c1,588.8700000000003,588.8700000000003,0.0,['none']
True,True,['Pt'],False,1,False,True,[Cl][Pt-2]([Cl])([Cl])([Cl])([Cl])[Cl],[Pt+6],[Pt+6],407.79599999999994,195.078,-212.71799999999993,"['metal:Pt', 'fragment_removed']"
True,True,['Z73'],False,1,False,True,[F][Ta-2]([F])([F])([F])([F])([F])[F],[Ta+7],[Ta+7],313.93399999999997,180.948,-132.98599999999996,"['metal:Z73', 'fragment_removed']"
True,False,[],False,1,False,True,C=CC(=O)OCC(O)COc1ccccc1,C=CC(=O)OCC(O)COc1ccccc1,C=CC(=O)OCC(O)COc1ccccc1,222.23999999999998,222.23999999999998,0.0,['none']
True,False,[],False,1,False,True,CN(CCC(=O)OCCN1C(=O)c2ccccc2C1=O)c1ccc(N=Nc2ccc([N+](=O)[O-])cc2C#N)cc1,CN(CCC(=O)OCCN1C(=O)c2ccccc2C1=O)c1ccc(N=Nc2ccc([N+](=O)[O-])cc2C#N)cc1,CN(CCC(=O)OCCN1C(=O)c2ccccc2C1=O)c1ccc(N=Nc2ccc([N+](=O)[O-])cc2C#N)cc1,526.5090000000004,526.5090000000004,0.0,['none']
True,False,[],False,1,False,True,CN(C)CCOCCO,CN(C)CCOCCO,CN(C)CCOCCO,133.191,133.191,0.0,['none']
True,False,[],False,1,False,True,Cc1c(Cc2cc(C(C)(C)C)c(O)c(C(C)(C)C)c2)c(C)c(Cc2cc(C(C)(C)C)c(O)c(C(C)(C)C)c2)c(C)c1Cc1cc(C(C)(C)C)c(O)c(C(C)(C)C)c1,Cc1c(Cc2cc(C(C)(C)C)c(O)c(C(C)(C)C)c2)c(C)c(Cc2cc(C(C)(C)C)c(O)c(C(C)(C)C)c2)c(C)c1Cc1cc(C(C)(C)C)c(O)c(C(C)(C)C)c1,Cc1c(Cc2cc(C(C)(C)C)c(O)c(C(C)(C)C)c2)c(C)c(Cc2cc(C(C)(C)C)c(O)c(C(C)(C)C)c2)c(C)c1Cc1cc(C(C)(C)C)c(O)c(C(C)(C)C)c1,775.2149999999999,775.2149999999999,0.0,['none']
True,False,[],False,1,False,True,Nc1c(N=Nc2ccc(S(=O)(=O)CCOS(=O)(=O)O)cc2)c(S(=O)(=O)O)cc2cc(S(=O)(=O)O)c(N=Nc3ccc(S(=O)(=O)CCOS(=O)(=O)O)cc3)c(O)c12,Nc1c(N=Nc2ccc(S(=O)(=O)CCOS(=O)(=O)O)cc2)c(S(=O)(=O)O)cc2cc(S(=O)(=O)O)c(N=Nc3ccc(S(=O)(=O)CCOS(=O)(=O)O)cc3)c(O)c12,Nc1c(N=Nc2ccc(S(=O)(=O)CCOS(=O)(=O)O)cc2)c(S(=O)(=O)O)cc2cc(S(=O)(=O)O)c(N=Nc3ccc(S(=O)(=O)CCOS(=O)(=O)O)cc3)c(O)c12,903.9040000000001,903.9040000000001,0.0,['none']
True,False,[],False,1,False,True,Cc1ccc(C(=O)CCC(=O)O)cc1,Cc1ccc(C(=O)CCC(=O)O)cc1,Cc1ccc(C(=O)CCC(=O)O)cc1,192.21400000000003,192.21400000000003,0.0,['none']
True,False,[],False,1,False,True,C=C[Si](C)(C)Cl,C=C[Si](C)(C)Cl,C=C[Si](C)(C)Cl,120.65499999999999,120.65499999999999,0.0,['none']
True,False,[],False,1,False,True,Fc1c(Cl)cc(Br)cc1Cl,Fc1c(Cl)cc(Br)cc1Cl,Fc1c(Cl)cc(Br)cc1Cl,243.89,243.89,0.0,['none']
True,False,[],False,1,False,True,OB(O)c1ccc2cc(O)ccc2c1,OB(O)c1ccc2cc(O)ccc2c1,OB(O)c1ccc2cc(O)ccc2c1,187.99099999999999,187.99099999999999,0.0,['none']
True,False,[],False,1,False,True,N#Cc1ccc(O)c(O)c1,N#Cc1ccc(O)c(O)c1,N#Cc1ccc(O)c(O)c1,135.12199999999999,135.12199999999999,0.0,['none']
True,False,[],False,1,False,True,CC(C)C=NCC1CCCC(CN=CC(C)C)C1,CC(C)C=NCC1CCCC(CN=CC(C)C)C1,CC(C)C=NCC1CCCC(CN=CC(C)C)C1,250.42999999999998,250.42999999999998,0.0,['none']
True,False,[],False,1,False,True,COC(=O)C(C)O,COC(=O)C(C)O,COC(=O)C(C)O,104.10499999999999,104.10499999999999,0.0,['none']
True,False,[],False,1,False,True,C=Cc1ccc(C(C)(C)C)cc1,C=Cc1ccc(C(C)(C)C)cc1,C=Cc1ccc(C(C)(C)C)cc1,160.26,160.26,0.0,['none']
True,False,[],False,1,False,True,O=C(O)c1cccc(S(=O)(=O)O)c1,O=C(O)c1cccc(S(=O)(=O)O)c1,O=C(O)c1cccc(S(=O)(=O)O)c1,202.18699999999998,202.18699999999998,0.0,['none']
True,False,[],False,1,False,True,CCCCCCCCCCCCCCCCCCCCCCOC(=O)CCCCCCCCCCCCCCCCCCCCC,CCCCCCCCCCCCCCCCCCCCCCOC(=O)CCCCCCCCCCCCCCCCCCCCC,CCCCCCCCCCCCCCCCCCCCCCOC(=O)CCCCCCCCCCCCCCCCCCCCC,649.1859999999999,649.1859999999999,0.0,['none']
True,False,[],False,1,False,True,CCCCCCCCC=CCCCCCCCCCCCC(=O)OCCCCCCCCC=CCCCCCCCC,CCCCCCCCC=CCCCCCCCCCCCC(=O)OCCCCCCCCC=CCCCCCCCC,CCCCCCCCC=CCCCCCCCCCCCC(=O)OCCCCCCCCC=CCCCCCCCC,589.0460000000002,589.0460000000002,0.0,['none']
True,False,[],False,1,False,True,N#CCCCC(C#N)CCC#N,N#CCCCC(C#N)CCC#N,N#CCCCC(C#N)CCC#N,161.208,161.208,0.0,['none']
True,False,[],False,1,False,True,CO[Si](C)(OC)C1CCCCC1,CO[Si](C)(OC)C1CCCCC1,CO[Si](C)(OC)C1CCCCC1,188.34299999999993,188.34299999999993,0.0,['none']
True,False,[],False,1,False,True,O=S(=O)(O)c1cc(Nc2nc(NCCO)nc(Nc3ccccc3)n2)ccc1C=Cc1ccc(Nc2nc(NCCO)nc(Nc3ccccc3)n2)cc1S(=O)(=O)O,O=S(=O)(O)c1cc(Nc2nc(NCCO)nc(Nc3ccccc3)n2)ccc1C=Cc1ccc(Nc2nc(NCCO)nc(Nc3ccccc3)n2)cc1S(=O)(=O)O,O=S(=O)(O)c1cc(Nc2nc(NCCO)nc(Nc3ccccc3)n2)ccc1C=Cc1ccc(Nc2nc(NCCO)nc(Nc3ccccc3)n2)cc1S(=O)(=O)O,828.8939999999999,828.8939999999999,0.0,['none']
True,False,[],False,1,False,True,C=CC(F)(F)C(F)(F)C(F)(F)C(F)(F)C(F)(F)C(F)(F)C=C,C=CC(F)(F)C(F)(F)C(F)(F)C(F)(F)C(F)(F)C(F)(F)C=C,C=CC(F)(F)C(F)(F)C(F)(F)C(F)(F)C(F)(F)C(F)(F)C=C,354.134,354.134,0.0,['none']
True,False,[],False,1,False,True,CCCCO[P+](=O)OCCCC,CCCCO[P+](=O)OCCCC,CCCCO[P+](=O)OCCCC,193.20299999999995,193.20299999999995,0.0,['none']
True,False,[],False,1,False,True,c1ccc2c(c1)CC1COCOC21,c1ccc2c(c1)CC1COCOC21,c1ccc2c(c1)CC1COCOC21,176.21499999999997,176.21499999999997,0.0,['none']
True,False,[],False,1,False,True,CC(C)(C)c1ccc(CCC=O)cc1,CC(C)(C)c1ccc(CCC=O)cc1,CC(C)(C)c1ccc(CCC=O)cc1,190.28599999999997,190.28599999999997,0.0,['none']
True,False,[],False,1,False,True,CCS(=O)c1c(C#N)nn(-c2c(Cl)cc(C(F)(F)F)cc2Cl)c1N,CC[S+]([O-])c1c(C#N)nn(-c2c(Cl)cc(C(F)(F)F)cc2Cl)c1N,CC[S+]([O-])c1c(C#N)nn(-c2c(Cl)cc(C(F)(F)F)cc2Cl)c1N,397.209,397.209,0.0,['fragment_removed']
True,False,[],False,1,False,True,CO[Si](C)(CCCCl)OC,CO[Si](C)(CCCCl)OC,CO[Si](C)(CCCCl)OC,182.723,182.723,0.0,['none']
True,False,[],False,1,False,True,Nc1ccc2cc(S(=O)(=O)O)cc(O)c2c1N=Nc1ccc(Nc2nc(NCCS(=O)(=O)O)nc(N(CCO)CCO)n2)cc1S(=O)(=O)O,Nc1ccc2cc(S(=O)(=O)O)cc(O)c2c1N=Nc1ccc(Nc2nc(NCCS(=O)(=O)O)nc(N(CCO)CCO)n2)cc1S(=O)(=O)O,Nc1ccc2cc(S(=O)(=O)O)cc(O)c2c1N=Nc1ccc(Nc2nc(NCCS(=O)(=O)O)nc(N(CCO)CCO)n2)cc1S(=O)(=O)O,743.759,743.759,0.0,['none']
True,True,['Ni'],False,1,False,True,[O]=[Ni],[Ni+2],[Ni+2],74.692,58.693,-15.998999999999995,"['metal:Ni', 'fragment_removed']"
True,False,[],False,1,False,True,C[Si](C)(C)NC(=O)N[Si](C)(C)C,C[Si](C)(C)NC(=O)N[Si](C)(C)C,C[Si](C)(C)NC(=O)N[Si](C)(C)C,204.422,204.422,0.0,['none']
True,False,[],False,1,False,True,C=CC(=O)OCCCCCCCCCCCCCCCCCCCCCC,C=CC(=O)OCCCCCCCCCCCCCCCCCCCCCC,C=CC(=O)OCCCCCCCCCCCCCCCCCCCCCC,380.65700000000027,380.65700000000027,0.0,['none']
True,False,[],False,1,False,True,CO[Si](CC[Si](OC)(OC)OC)(OC)OC,CO[Si](CC[Si](OC)(OC)OC)(OC)OC,CO[Si](CC[Si](OC)(OC)OC)(OC)OC,270.43,270.43,0.0,['none']
True,False,[],False,1,False,True,CCCCCCCCC=CCCCCCCCC[N+](C)(CCO)CCO,CCCCCCCCC=CCCCCCCCC[N+](C)(CCO)CCO,CCCCCCCCC=CCCCCCCCC[N+](C)(CCO)CCO,370.6420000000001,370.6420000000001,0.0,['none']
True,False,[],False,1,False,True,C=CC(C)(O)CCCC(C)C,C=CC(C)(O)CCCC(C)C,C=CC(C)(O)CCCC(C)C,156.26899999999998,156.26899999999998,0.0,['none']
True,False,[],False,1,False,True,CCC(C)CCCC(C)(C)O,CCC(C)CCCC(C)(C)O,CCC(C)CCCC(C)(C)O,158.285,158.285,0.0,['none']
True,False,[],False,1,False,True,C=CC(C)CCCC(C)(C)O,C=CC(C)CCCC(C)(C)O,C=CC(C)CCCC(C)(C)O,156.269,156.269,0.0,['none']
True,False,[],False,1,False,True,CCCCn1c(O)c(C#N)c(C)c(N=Nc2ccc(C(=O)OCC(=O)OCc3ccccc3)cc2)c1=O,CCCCn1c(O)c(C#N)c(C)c(N=Nc2ccc(C(=O)OCC(=O)OCc3ccccc3)cc2)c1=O,CCCCn1c(O)c(C#N)c(C)c(N=Nc2ccc(C(=O)OCC(=O)OCc3ccccc3)cc2)c1=O,502.52700000000027,502.52700000000027,0.0,['none']
True,False,[],False,1,False,True,CC(C#N)N(CC#N)CC#N,CC(C#N)N(CC#N)CC#N,CC(C#N)N(CC#N)CC#N,148.169,148.169,0.0,['none']
True,False,[],False,1,False,True,O=c1oc(-c2ccc(-c3nc4ccccc4c(=O)o3)cc2)nc2ccccc12,O=c1oc(-c2ccc(-c3nc4ccccc4c(=O)o3)cc2)nc2ccccc12,O=c1oc(-c2ccc(-c3nc4ccccc4c(=O)o3)cc2)nc2ccccc12,368.348,368.348,0.0,['none']
True,False,[],False,1,False,True,O=C(O)CCCCC(=O)O,O=C(O)CCCCC(=O)O,O=C(O)CCCCC(=O)O,146.14200000000002,146.14200000000002,0.0,['none']
True,False,[],False,1,False,True,CCCCC(CC)COC(=O)C(C)O,CCCCC(CC)COC(=O)C(C)O,CCCCC(CC)COC(=O)C(C)O,202.29399999999998,202.29399999999998,0.0,['none']
True,False,[],False,1,False,True,O=C(O)CC(O)(CC(=O)O)C(=O)O,O=C(O)CC(O)(CC(=O)O)C(=O)O,O=C(O)CC(O)(CC(=O)O)C(=O)O,192.123,192.123,0.0,['none']
True,False,[],False,1,False,True,C=CC(=C)CCC=C(C)CCC=C(C)C,C=CC(=C)CCC=C(C)CCC=C(C)C,C=CC(=C)CCC=C(C)CCC=C(C)C,204.35699999999997,204.35699999999997,0.0,['none']
True,False,[],False,1,False,True,O=C(O)c1c(Br)c(Br)c(Br)c(Br)c1C(=O)O,O=C(O)c1c(Br)c(Br)c(Br)c(Br)c1C(=O)O,O=C(O)c1c(Br)c(Br)c(Br)c(Br)c1C(=O)O,481.71600000000007,481.71600000000007,0.0,['none']
True,False,[],False,1,False,True,CC(C)(c1ccccc1)C(C)(C)c1ccccc1,CC(C)(c1ccccc1)C(C)(C)c1ccccc1,CC(C)(c1ccccc1)C(C)(C)c1ccccc1,238.37399999999997,238.37399999999997,0.0,['none']
True,False,[],False,1,False,True,N#Cc1c(Cl)c(Cl)c(Cl)c(C#N)c1Cl,N#Cc1c(Cl)c(Cl)c(Cl)c(C#N)c1Cl,N#Cc1c(Cl)c(Cl)c(Cl)c(C#N)c1Cl,265.914,265.914,0.0,['none']
True,False,[],False,1,False,True,N#Cc1c(F)cccc1F,N#Cc1c(F)cccc1F,N#Cc1c(F)cccc1F,139.10399999999996,139.10399999999996,0.0,['none']
True,False,[],False,1,False,True,CCCCCCCCC(C)C=O,CCCCCCCCC(C)C=O,CCCCCCCCC(C)C=O,170.296,170.296,0.0,['none']
True,False,[],False,1,False,True,CCCCCCCCCCCC(=O)NCCC[N+](C)(C)CC(O)CS(=O)(=O)[O-],CCCCCCCCCCCC(=O)NCCC[N+](C)(C)CC(O)CS(=O)(=O)[O-],CCCCCCCCCCCC(=O)NCCC[N+](C)(C)CC(O)CS(=O)(=O)[O-],422.6320000000002,422.6320000000002,0.0,['none']
True,False,[],False,1,False,True,CC(COC(=O)c1ccccc1)OC(=O)c1ccccc1,CC(COC(=O)c1ccccc1)OC(=O)c1ccccc1,CC(COC(=O)c1ccccc1)OC(=O)c1ccccc1,284.311,284.311,0.0,['none']
True,False,[],False,1,False,True,CC(=O)OCCOC(C)C,CC(=O)OCCOC(C)C,CC(=O)OCCOC(C)C,146.186,146.186,0.0,['none']
True,False,[],False,1,False,True,COC1(OC)CCC2=C(CCC3C2CCC2(C)C(=O)CCC32)C1,COC1(OC)CCC2=C(CCC3C2CCC2(C)C(=O)CCC32)C1,COC1(OC)CCC2=C(CCC3C2CCC2(C)C(=O)CCC32)C1,318.4570000000001,318.4570000000001,0.0,['none']
True,False,[],False,1,False,True,CC(C)(C)OOC(=O)C=CC(=O)O,CC(C)(C)OOC(=O)C=CC(=O)O,CC(C)(C)OOC(=O)C=CC(=O)O,188.179,188.179,0.0,['none']
True,False,[],False,1,False,True,O=C(O)CCCCCCCCC(=O)O,O=C(O)CCCCCCCCC(=O)O,O=C(O)CCCCCCCCC(=O)O,202.24999999999997,202.24999999999997,0.0,['none']
True,False,[],False,1,False,True,CC1CCC2C(=O)OC(=O)C2C1,CC1CCC2C(=O)OC(=O)C2C1,CC1CCC2C(=O)OC(=O)C2C1,168.19199999999998,168.19199999999998,0.0,['none']
True,False,[],False,1,False,True,C=CCOC(=O)C(C)(C)O,C=CCOC(=O)C(C)(C)O,C=CCOC(=O)C(C)(C)O,144.17,144.17,0.0,['none']
True,False,[],False,1,False,True,CCCCCCCCCC=CCC1CC(=O)OC1=O,CCCCCCCCCC=CCC1CC(=O)OC1=O,CCCCCCCCCC=CCC1CC(=O)OC1=O,266.381,266.381,0.0,['none']
True,False,[],False,1,False,True,CC1(CO)CC1CC1CC2CC2(C)C1(C)C,CC1(CO)CC1CC1CC2CC2(C)C1(C)C,CC1(CO)CC1CC1CC2CC2(C)C1(C)C,222.37199999999999,222.37199999999999,0.0,['none']
True,False,[],False,1,False,True,CC(C)(C)OC(=O)NC(Cc1ccccc1)C(O)CN(Cc1ccc(-c2ccccn2)cc1)NC(=O)OC(C)(C)C,CC(C)(C)OC(=O)NC(Cc1ccccc1)C(O)CN(Cc1ccc(-c2ccccn2)cc1)NC(=O)OC(C)(C)C,CC(C)(C)OC(=O)NC(Cc1ccccc1)C(O)CN(Cc1ccc(-c2ccccn2)cc1)NC(=O)OC(C)(C)C,562.7110000000001,562.7110000000001,0.0,['none']
True,False,[],False,1,False,True,C[N+](C)(C)C1CCCCC1,C[N+](C)(C)C1CCCCC1,C[N+](C)(C)C1CCCCC1,142.26599999999996,142.26599999999996,0.0,['none']
True,False,[],False,1,False,True,COc1cc(OC)nc(NC(=O)NS(=O)(=O)c2ncccc2OCC(F)(F)F)n1,COc1cc(OC)nc(NC(=O)NS(=O)(=O)c2ncccc2OCC(F)(F)F)n1,COc1cc(OC)nc(NC(=O)NS(=O)(=O)c2ncccc2OCC(F)(F)F)n1,437.3560000000001,437.3560000000001,0.0,['none']
True,False,[],False,1,False,True,CCCCCCCCCc1cc(CN(CCO)CCO)c(O)c(CN(CCO)CCO)c1,CCCCCCCCCc1cc(CN(CCO)CCO)c(O)c(CN(CCO)CCO)c1,CCCCCCCCCc1cc(CN(CCO)CCO)c(O)c(CN(CCO)CCO)c1,454.65200000000027,454.65200000000027,0.0,['none']
True,False,[],False,1,False,True,O=S1(=O)OCC2(CO1)COS(=O)(=O)OC2,O=S1(=O)OCC2(CO1)COS(=O)(=O)OC2,O=S1(=O)OCC2(CO1)COS(=O)(=O)OC2,260.245,260.245,0.0,['none']
True,False,[],False,1,False,True,CCCNCC,CCCNCC,CCCNCC,87.166,87.166,0.0,['none']
True,False,[],False,1,False,True,CCCCCCCCC(CCCCCC)COc1ccccc1C(N)=O,CCCCCCCCC(CCCCCC)COc1ccccc1C(N)=O,CCCCCCCCC(CCCCCC)COc1ccccc1C(N)=O,361.57,361.57,0.0,['none']
True,False,[],False,1,False,True,CCCCCCCCCCCC(=O)OCC(CC)CCCC,CCCCCCCCCCCC(=O)OCC(CC)CCCC,CCCCCCCCCCCC(=O)OCC(CC)CCCC,312.53800000000007,312.53800000000007,0.0,['none']
True,False,[],False,1,False,True,CC(=O)OC1CCCCC1C(C)(C)C,CC(=O)OC1CCCCC1C(C)(C)C,CC(=O)OC1CCCCC1C(C)(C)C,198.30599999999998,198.30599999999998,0.0,['none']
True,False,[],False,1,False,True,CCCCCCCCCCCCCC(=O)O,CCCCCCCCCCCCCC(=O)O,CCCCCCCCCCCCCC(=O)O,228.37599999999995,228.37599999999995,0.0,['none']
True,False,[],False,1,False,True,CC(=O)CC(=O)N(C)C,CC(=O)CC(=O)N(C)C,CC(=O)CC(=O)N(C)C,129.159,129.159,0.0,['none']
True,False,[],False,1,False,True,CC(O)CN(CCCN(CCCN(C)C)CCCN(C)C)CC(C)O,CC(O)CN(CCCN(CCCN(C)C)CCCN(C)C)CC(C)O,CC(O)CN(CCCN(CCCN(C)C)CCCN(C)C)CC(C)O,360.58700000000005,360.58700000000005,0.0,['none']
True,False,[],False,1,False,True,CC(C)CCCCCOC(=O)C(C)Oc1ccc(-c2nc(-c3ccc(-c4ccccc4)cc3)nc(-c3ccc(-c4ccccc4)cc3)n2)c(O)c1,CC(C)CCCCCOC(=O)C(C)Oc1ccc(-c2nc(-c3ccc(-c4ccccc4)cc3)nc(-c3ccc(-c4ccccc4)cc3)n2)c(O)c1,CC(C)CCCCCOC(=O)C(C)Oc1ccc(-c2nc(-c3ccc(-c4ccccc4)cc3)nc(-c3ccc(-c4ccccc4)cc3)n2)c(O)c1,677.8450000000003,677.8450000000003,0.0,['none']
True,False,[],False,1,False,True,C=CCNCCCNCC=C,C=CCNCCCNCC=C,C=CCNCCCNCC=C,154.257,154.257,0.0,['none']
True,False,[],False,1,False,True,CCCCCC(=O)OC(=O)CCCCC,CCCCCC(=O)OC(=O)CCCCC,CCCCCC(=O)OC(=O)CCCCC,214.30499999999992,214.30499999999992,0.0,['none']
True,False,[],False,1,False,True,O=S(=O)(O)c1ccc(O)c(N=Nc2ccc3c(O)cccc3c2O)c1,O=S(=O)(O)c1ccc(O)c(N=Nc2ccc3c(O)cccc3c2O)c1,O=S(=O)(O)c1ccc(O)c(N=Nc2ccc3c(O)cccc3c2O)c1,360.34700000000004,360.34700000000004,0.0,['none']
True,False,[],False,1,False,True,CCN1OCC(NC(=O)c2ccc(C3=NOC(c4cc(Cl)c(F)c(Cl)c4)(C(F)(F)F)C3)cc2C)C1=O,CCN1OCC(NC(=O)c2ccc(C3=NOC(c4cc(Cl)c(F)c(Cl)c4)(C(F)(F)F)C3)cc2C)C1=O,CCN1OCC(NC(=O)c2ccc(C3=NOC(c4cc(Cl)c(F)c(Cl)c4)(C(F)(F)F)C3)cc2C)C1=O,548.3200000000002,548.3200000000002,0.0,['none']
True,False,[],False,1,False,True,COc1cc(C=O)ccc1OC(=O)C(C)C,COc1cc(C=O)ccc1OC(=O)C(C)C,COc1cc(C=O)ccc1OC(=O)C(C)C,222.23999999999995,222.23999999999995,0.0,['none']
True,False,[],False,1,False,True,CC1=C(NC(=O)O)C(=NC(=O)CN)C=CC1(NC(=O)O)c1cccc(C2=CC=CC(=NC(=O)CN)C2C)c1,CC1=C(NC(=O)O)C(=NC(=O)CN)C=CC1(NC(=O)O)c1cccc(C2=CC=CC(=NC(=O)CN)C2C)c1,CC1=C(NC(=O)O)C(=NC(=O)CN)C=CC1(NC(=O)O)c1cccc(C2=CC=CC(=NC(=O)CN)C2C)c1,520.5460000000003,520.5460000000003,0.0,['none']
True,False,[],False,1,False,True,O=C(O)c1ccccc1,O=C(O)c1ccccc1,O=C(O)c1ccccc1,122.12299999999996,122.12299999999996,0.0,['none']
True,False,[],False,1,False,True,c1ccc(N(CC2CO2)CC2CO2)cc1,c1ccc(N(CC2CO2)CC2CO2)cc1,c1ccc(N(CC2CO2)CC2CO2)cc1,205.25699999999998,205.25699999999998,0.0,['none']
True,False,[],False,1,False,True,Cc1ccc(S(=O)(=O)Oc2cccc(NC(=O)Nc3ccccc3)c2)cc1,Cc1ccc(S(=O)(=O)Oc2cccc(NC(=O)Nc3ccccc3)c2)cc1,Cc1ccc(S(=O)(=O)Oc2cccc(NC(=O)Nc3ccccc3)c2)cc1,382.44100000000003,382.44100000000003,0.0,['none']
True,False,[],False,1,False,True,COc1ccnc(C(=O)O)c1O,COc1ccnc(C(=O)O)c1O,COc1ccnc(C(=O)O)c1O,169.136,169.136,0.0,['none']
True,False,[],False,1,False,True,CNCCO,CNCCO,CNCCO,75.11099999999999,75.11099999999999,0.0,['none']
True,False,[],False,1,False,True,CNC(=N[N+](=O)[O-])NCc1cnc(Cl)s1,CNC(=N[N+](=O)[O-])NCc1cnc(Cl)s1,CNC(=N[N+](=O)[O-])NCc1cnc(Cl)s1,249.683,249.683,0.0,['none']
True,False,[],False,1,False,True,COc1ccc(OC)c(C(C)(C)C)c1,COc1ccc(OC)c(C(C)(C)C)c1,COc1ccc(OC)c(C(C)(C)C)c1,194.27399999999997,194.27399999999997,0.0,['none']
True,False,[],False,1,False,True,CCOc1ccc(B(O)O)c(F)c1F,CCOc1ccc(B(O)O)c(F)c1F,CCOc1ccc(B(O)O)c(F)c1F,201.96499999999995,201.96499999999995,0.0,['none']
True,False,[],False,1,False,True,Oc1ccc(-c2nc(-c3ccc(O)cc3O)nc(-c3ccc(O)cc3O)n2)c(O)c1,Oc1ccc(-c2nc(-c3ccc(O)cc3O)nc(-c3ccc(O)cc3O)n2)c(O)c1,Oc1ccc(-c2nc(-c3ccc(O)cc3O)nc(-c3ccc(O)cc3O)n2)c(O)c1,405.3660000000001,405.3660000000001,0.0,['none']
True,False,[],False,1,False,True,CCCCCCCCCCCCCCC(O)C(O)C(CO)NC(=O)c1ccccc1O,CCCCCCCCCCCCCCC(O)C(O)C(CO)NC(=O)c1ccccc1O,CCCCCCCCCCCCCCC(O)C(O)C(CO)NC(=O)c1ccccc1O,437.6210000000001,437.6210000000001,0.0,['none']
True,False,[],False,1,False,True,CCn1c(O)c(N=Nc2ccc(N=Nc3cc(OCCO)c(N=Nc4c(S(=O)(=O)O)cc5cc(S(=O)(=O)O)cc(O)c5c4O)cc3OCCO)c(S(=O)(=O)O)c2)c(C)c(C(N)=O)c1=O,CCn1c(O)c(N=Nc2ccc(N=Nc3cc(OCCO)c(N=Nc4c(S(=O)(=O)O)cc5cc(S(=O)(=O)O)cc(O)c5c4O)cc3OCCO)c(S(=O)(=O)O)c2)c(C)c(C(N)=O)c1=O,CCn1c(O)c(N=Nc2ccc(N=Nc3cc(OCCO)c(N=Nc4c(S(=O)(=O)O)cc5cc(S(=O)(=O)O)cc(O)c5c4O)cc3OCCO)c(S(=O)(=O)O)c2)c(C)c(C(N)=O)c1=O,950.8960000000002,950.8960000000002,0.0,['none']
True,False,[],False,1,False,True,C=C(C)C(=O)OCCC(F)(F)C(F)(F)C(F)(F)C(F)(F)C(F)(F)C(F)(F)F,C=C(C)C(=O)OCCC(F)(F)C(F)(F)C(F)(F)C(F)(F)C(F)(F)C(F)(F)F,C=C(C)C(=O)OCCC(F)(F)C(F)(F)C(F)(F)C(F)(F)C(F)(F)C(F)(F)F,432.17599999999993,432.17599999999993,0.0,['none']
True,False,[],False,1,False,True,C1=CC2CC1C1Cc3ccccc3C21,C1=CC2CC1C1Cc3ccccc3C21,C1=CC2CC1C1Cc3ccccc3C21,182.266,182.266,0.0,['none']
True,False,[],False,1,False,True,C=C(CC(=O)OCCCC)C(=O)OCCCC,C=C(CC(=O)OCCCC)C(=O)OCCCC,C=C(CC(=O)OCCCC)C(=O)OCCCC,242.31499999999994,242.31499999999994,0.0,['none']
True,False,[],False,1,False,True,C=CC(=O)OCCCCCCCCCCCC,C=CC(=O)OCCCCCCCCCCCC,C=CC(=O)OCCCCCCCCCCCC,240.38699999999992,240.38699999999992,0.0,['none']
True,False,[],False,1,False,True,CC(C)c1cc(C(C)C)c(N=C=O)c(C(C)C)c1N=C=O,CC(C)c1cc(C(C)C)c(N=C=O)c(C(C)C)c1N=C=O,CC(C)c1cc(C(C)C)c(N=C=O)c(C(C)C)c1N=C=O,286.375,286.375,0.0,['none']
True,False,[],False,1,False,True,CC(C)c1cccc(C(C)C)c1N=C=Nc1c(C(C)C)cccc1C(C)C,CC(C)c1cccc(C(C)C)c1N=C=Nc1c(C(C)C)cccc1C(C)C,CC(C)c1cccc(C(C)C)c1N=C=Nc1c(C(C)C)cccc1C(C)C,362.56100000000004,362.56100000000004,0.0,['none']
True,False,[],False,1,False,True,CN(C)C(=O)Nc1cccc(C(F)(F)F)c1,CN(C)C(=O)Nc1cccc(C(F)(F)F)c1,CN(C)C(=O)Nc1cccc(C(F)(F)F)c1,232.20499999999996,232.20499999999996,0.0,['none']
True,False,[],False,1,False,True,CC(=O)Oc1ccc(C(C)(C)CC(C)(C)C)cc1C1C(=O)Oc2ccc(C(C)(C)CC(C)(C)C)cc21,CC(=O)Oc1ccc(C(C)(C)CC(C)(C)C)cc1C1C(=O)Oc2ccc(C(C)(C)CC(C)(C)C)cc21,CC(=O)Oc1ccc(C(C)(C)CC(C)(C)C)cc1C1C(=O)Oc2ccc(C(C)(C)CC(C)(C)C)cc21,492.70000000000033,492.70000000000033,0.0,['none']
True,False,[],False,1,False,True,C=COC1CCCCC1,C=COC1CCCCC1,C=COC1CCCCC1,126.19900000000001,126.19900000000001,0.0,['none']
True,False,[],False,1,False,True,CC(C)(C)OOC(C)(C)c1cccc(C(C)(C)OOC(C)(C)C)c1,CC(C)(C)OOC(C)(C)c1cccc(C(C)(C)OOC(C)(C)C)c1,CC(C)(C)OOC(C)(C)c1cccc(C(C)(C)OOC(C)(C)C)c1,338.4880000000001,338.4880000000001,0.0,['none']
True,False,[],False,1,False,True,COc1ccccc1C(=O)NS(=O)(=O)c1ccc(C(=O)NC2CC2)cc1,COc1ccccc1C(=O)NS(=O)(=O)c1ccc(C(=O)NC2CC2)cc1,COc1ccccc1C(=O)NS(=O)(=O)c1ccc(C(=O)NC2CC2)cc1,374.4180000000001,374.4180000000001,0.0,['none']
True,False,[],False,1,False,True,CCC(COC(=O)CC(C)=O)(COC(=O)CC(C)=O)COC(=O)CC(C)=O,CCC(COC(=O)CC(C)=O)(COC(=O)CC(C)=O)COC(=O)CC(C)=O,CCC(COC(=O)CC(C)=O)(COC(=O)CC(C)=O)COC(=O)CC(C)=O,386.39700000000016,386.39700000000016,0.0,['none']
True,False,[],False,1,False,True,CCOP(=O)(NC(C)C)Oc1ccc(SC)c(C)c1,CCOP(=O)(NC(C)C)Oc1ccc(SC)c(C)c1,CCOP(=O)(NC(C)C)Oc1ccc(SC)c(C)c1,303.36400000000003,303.36400000000003,0.0,['none']
True,False,[],False,1,False,True,CC1=C(C(=O)O)N2C(=O)C(N)C2SC1,CC1=C(C(=O)O)N2C(=O)C(N)C2SC1,CC1=C(C(=O)O)N2C(=O)C(N)C2SC1,214.24599999999998,214.24599999999998,0.0,['none']
True,False,[],False,1,False,True,CCCCC(CC)C(=O)OOC(C)(C)CC(C)(C)C,CCCCC(CC)C(=O)OOC(C)(C)CC(C)(C)C,CCCCC(CC)C(=O)OOC(C)(C)CC(C)(C)C,272.429,272.429,0.0,['none']
True,False,[],False,1,False,True,N#Cc1ccccc1NC(=O)c1snc(Cl)c1Cl,N#Cc1ccccc1NC(=O)c1snc(Cl)c1Cl,N#Cc1ccccc1NC(=O)c1snc(Cl)c1Cl,298.154,298.154,0.0,['none']
True,False,[],False,1,False,True,CCCCCCCCCCCCCCCCCCCCCCOC(=O)CCCCCCCCCCCCCCCCC,CCCCCCCCCCCCCCCCCCCCCCOC(=O)CCCCCCCCCCCCCCCCC,CCCCCCCCCCCCCCCCCCCCCCOC(=O)CCCCCCCCCCCCCCCCC,593.0780000000002,593.0780000000002,0.0,['none']
True,False,[],False,1,False,True,O=C(CCS)OCCOC(=O)CCS,O=C(CCS)OCCOC(=O)CCS,O=C(CCS)OCCOC(=O)CCS,238.32999999999996,238.32999999999996,0.0,['none']
True,False,[],False,1,False,True,NS(=O)(=O)c1ncccc1OCC(F)(F)F,NS(=O)(=O)c1ncccc1OCC(F)(F)F,NS(=O)(=O)c1ncccc1OCC(F)(F)F,256.205,256.205,0.0,['none']
True,False,[],False,1,False,True,CCCCCCCCCCCCCC(=O)OCC(CCCCCCCC)CCCCCCCCCC,CCCCCCCCCCCCCC(=O)OCC(CCCCCCCC)CCCCCCCCCC,CCCCCCCCCCCCCC(=O)OCC(CCCCCCCC)CCCCCCCCCC,508.9160000000007,508.9160000000007,0.0,['none']
True,True,['Z42'],False,1,False,True,[Mo],[Mo],[Mo],95.94,95.94,0.0,['metal:Z42']
True,False,[],False,1,False,True,CCCCCCCCC1CCC(=O)O1,CCCCCCCCC1CCC(=O)O1,CCCCCCCCC1CCC(=O)O1,198.30599999999995,198.30599999999995,0.0,['none']
True,False,[],False,1,False,True,CCCCCCCCOC(=O)CCCCCCC,CCCCCCCCOC(=O)CCCCCCC,CCCCCCCCOC(=O)CCCCCCC,256.4299999999999,256.4299999999999,0.0,['none']
True,False,[],False,1,False,True,OCCNCCO,OCCNCCO,OCCNCCO,105.137,105.137,0.0,['none']
True,False,[],False,1,False,True,Cc1ccc(S(=O)(=O)NC(=O)Nc2cccc(OS(=O)(=O)c3ccc(C)cc3)c2)cc1,Cc1ccc(S(=O)(=O)NC(=O)Nc2cccc(OS(=O)(=O)c3ccc(C)cc3)c2)cc1,Cc1ccc(S(=O)(=O)NC(=O)Nc2cccc(OS(=O)(=O)c3ccc(C)cc3)c2)cc1,460.5330000000002,460.5330000000002,0.0,['none']
True,False,[],False,1,False,True,CCCCCCCCCCCCCCCCCCOCCC[N+](C)(C)C,CCCCCCCCCCCCCCCCCCOCCC[N+](C)(C)C,CCCCCCCCCCCCCCCCCCOCCC[N+](C)(C)C,370.6860000000001,370.6860000000001,0.0,['none']
True,False,[],False,1,False,True,OCC1CCCN1,OCC1CCCN1,OCC1CCCN1,101.14900000000002,101.14900000000002,0.0,['none']
True,False,[],False,1,False,True,O=C(CC(C(=O)OC1CCCCC1)S(=O)(=O)O)OC1CCCCC1,O=C(CC(C(=O)OC1CCCCC1)S(=O)(=O)O)OC1CCCCC1,O=C(CC(C(=O)OC1CCCCC1)S(=O)(=O)O)OC1CCCCC1,362.4440000000002,362.4440000000002,0.0,['none']
True,False,[],False,1,False,True,C=C(F)C(=O)OC,C=C(F)C(=O)OC,C=C(F)C(=O)OC,104.07999999999998,104.07999999999998,0.0,['none']
True,False,[],False,1,False,True,CC(=O)OCC(=O)C1=CCC2C3CCC4=CC(=O)CCC4(C)C3=CCC12C,CC(=O)OCC(=O)C1=CCC2C3CCC4=CC(=O)CCC4(C)C3=CCC12C,CC(=O)OCC(=O)C1=CCC2C3CCC4=CC(=O)CCC4(C)C3=CCC12C,368.4730000000002,368.4730000000002,0.0,['none']
True,False,[],False,1,False,True,CCCCCCCC(=O)OCCOc1ccccc1,CCCCCCCC(=O)OCCOc1ccccc1,CCCCCCCC(=O)OCCOc1ccccc1,264.36499999999995,264.36499999999995,0.0,['none']
True,False,[],False,1,False,True,CCCCCCCCCCCCN(CCCN)CCCN,CCCCCCCCCCCCN(CCCN)CCCN,CCCCCCCCCCCCN(CCCN)CCCN,299.547,299.547,0.0,['none']
True,False,[],False,1,False,True,O=C1CCCCCN1SSN1CCCCCC1=O,O=C1CCCCCN1SSN1CCCCCC1=O,O=C1CCCCCN1SSN1CCCCCC1=O,288.43800000000005,288.43800000000005,0.0,['none']
True,False,[],False,1,False,True,CS(=O)(=O)O,CS(=O)(=O)O,CS(=O)(=O)O,96.107,96.107,0.0,['none']
True,False,[],False,1,False,True,O=C(c1ccccc1)c1ccc(OCC(O)COc2ccc(C(=O)c3ccccc3)c(O)c2)cc1O,O=C(c1ccccc1)c1ccc(OCC(O)COc2ccc(C(=O)c3ccccc3)c(O)c2)cc1O,O=C(c1ccccc1)c1ccc(OCC(O)COc2ccc(C(=O)c3ccccc3)c(O)c2)cc1O,484.5040000000002,484.5040000000002,0.0,['none']
True,False,[],False,1,False,True,CCOc1ccccc1NC(=O)C(=O)Nc1ccccc1CC,CCOc1ccccc1NC(=O)C(=O)Nc1ccccc1CC,CCOc1ccccc1NC(=O)C(=O)Nc1ccccc1CC,312.3690000000001,312.3690000000001,0.0,['none']
True,False,[],False,1,False,True,O=C(O)c1ccc(Cl)s1,O=C(O)c1ccc(Cl)s1,O=C(O)c1ccc(Cl)s1,162.59699999999998,162.59699999999998,0.0,['none']
True,False,[],False,1,False,True,CC(=O)OCc1cc(C(C)=O)ccc1OC(C)=O,CC(=O)OCc1cc(C(C)=O)ccc1OC(C)=O,CC(=O)OCc1cc(C(C)=O)ccc1OC(C)=O,250.24999999999997,250.24999999999997,0.0,['none']
True,False,[],False,1,False,True,CCO,CCO,CCO,46.069,46.069,0.0,['none']
True,False,[],False,1,False,True,NC(=Nc1ccccc1)Nc1ccccc1,NC(=Nc1ccccc1)Nc1ccccc1,NC(=Nc1ccccc1)Nc1ccccc1,211.26799999999997,211.26799999999997,0.0,['none']
True,False,[],False,1,False,True,CC(CC(=O)NCCCCCC(=O)O)CC(C)(C)C,CC(CC(=O)NCCCCCC(=O)O)CC(C)(C)C,CC(CC(=O)NCCCCCC(=O)O)CC(C)(C)C,271.40099999999995,271.40099999999995,0.0,['none']
True,False,[],False,1,False,True,O=C1O[B-]2(OC1=O)OC(=O)C(=O)O2,O=C1O[B-]2(OC1=O)OC(=O)C(=O)O2,O=C1O[B-]2(OC1=O)OC(=O)C(=O)O2,186.84799999999996,186.84799999999996,0.0,['none']
True,False,[],False,1,False,True,COc1cccc(C(=O)Cl)c1C,COc1cccc(C(=O)Cl)c1C,COc1cccc(C(=O)Cl)c1C,184.62199999999996,184.62199999999996,0.0,['none']
True,False,[],False,1,False,True,N#CCCN(CCc1ccccc1)c1ccc(N=Nc2ccc([N+](=O)[O-])cc2C#N)cc1,N#CCCN(CCc1ccccc1)c1ccc(N=Nc2ccc([N+](=O)[O-])cc2C#N)cc1,N#CCCN(CCc1ccccc1)c1ccc(N=Nc2ccc([N+](=O)[O-])cc2C#N)cc1,424.46400000000017,424.46400000000017,0.0,['none']
True,False,[],False,1,False,True,COCC1=C(C(=O)O)N2C(=O)C(N)C2SC1,COCC1=C(C(=O)O)N2C(=O)C(N)C2SC1,COCC1=C(C(=O)O)N2C(=O)C(N)C2SC1,244.27199999999996,244.27199999999996,0.0,['none']
True,False,[],False,1,False,True,CCC1(C)OOC(C)(CC)OOC(C)(CC)OO1,CCC1(C)OOC(C)(CC)OOC(C)(CC)OO1,CCC1(C)OOC(C)(CC)OOC(C)(CC)OO1,264.3179999999999,264.3179999999999,0.0,['none']
True,False,[],False,1,False,True,C=CC(=O)OCCCCO,C=CC(=O)OCCCCO,C=CC(=O)OCCCCO,144.17000000000002,144.17000000000002,0.0,['none']
True,False,[],False,1,False,True,C=CCC#CCCCCC,C=CCC#CCCCCC,C=CCC#CCCCCC,136.238,136.238,0.0,['none']
True,False,[],False,1,False,True,C=C(C)C(=O)OCc1ccccc1,C=C(C)C(=O)OCc1ccccc1,C=C(C)C(=O)OCc1ccccc1,176.215,176.215,0.0,['none']
True,False,[],False,1,False,True,CCOC(=O)C(C)C1CCCCC1,CCOC(=O)C(C)C1CCCCC1,CCOC(=O)C(C)C1CCCCC1,184.2789999999999,184.2789999999999,0.0,['none']
True,False,[],False,1,False,True,CC(=O)C(N=Nc1ccc(C)cc1[N+](=O)[O-])C(=O)Nc1ccccc1,CC(=O)C(N=Nc1ccc(C)cc1[N+](=O)[O-])C(=O)Nc1ccccc1,CC(=O)C(N=Nc1ccc(C)cc1[N+](=O)[O-])C(=O)Nc1ccccc1,340.339,340.339,0.0,['none']
True,False,[],False,1,False,True,CC12C=CC(C1)C1C(=O)OC(=O)C12,CC12C=CC(C1)C1C(=O)OC(=O)C12,CC12C=CC(C1)C1C(=O)OC(=O)C12,178.18699999999998,178.18699999999998,0.0,['none']
True,False,[],False,1,False,True,CC(C)(C)OOC(C)(C)c1ccc(C(C)(C)OOC(C)(C)C)cc1,CC(C)(C)OOC(C)(C)c1ccc(C(C)(C)OOC(C)(C)C)cc1,CC(C)(C)OOC(C)(C)c1ccc(C(C)(C)OOC(C)(C)C)cc1,338.48800000000006,338.48800000000006,0.0,['none']
True,False,[],False,1,False,True,CC1(C)CC(OC(=O)CCCCCCCCC(=O)OC2CC(C)(C)N([O])C(C)(C)C2)CC(C)(C)N1[O],CC1(C)CC(OC(=O)CCCCCCCCC(=O)OC2CC(C)(C)N([O])C(C)(C)C2)CC(C)(C)N1[O],CC1(C)CC(OC(=O)CCCCCCCCC(=O)OC2CC(C)(C)N([O])C(C)(C)C2)CC(C)(C)N1[O],510.7160000000003,510.7160000000003,0.0,['none']
True,False,[],False,1,False,True,COC(C)CCO,COC(C)CCO,COC(C)CCO,104.149,104.149,0.0,['none']
True,False,[],False,1,False,True,CC(OC=O)C1CCCC(C)(C)C1,CC(OC=O)C1CCCC(C)(C)C1,CC(OC=O)C1CCCC(C)(C)C1,184.27899999999997,184.27899999999997,0.0,['none']
True,False,[],False,1,False,True,CC(=O)OCC=CCOC(C)=O,CC(=O)OCC=CCOC(C)=O,CC(=O)OCC=CCOC(C)=O,172.17999999999998,172.17999999999998,0.0,['none']
True,False,[],False,1,False,True,CC(C)COC(=S)S,CC(C)COC(=S)S,CC(C)COC(=S)S,150.268,150.268,0.0,['none']
True,False,[],False,1,False,True,CCCCCCCCC=CCCCCCCCCN(CCO)CCO,CCCCCCCCC=CCCCCCCCCN(CCO)CCO,CCCCCCCCC=CCCCCCCCCN(CCO)CCO,355.6070000000001,355.6070000000001,0.0,['none']
True,False,[],False,1,False,True,Cc1cccc([N+](=O)[O-])c1[N+](=O)[O-],Cc1cccc([N+](=O)[O-])c1[N+](=O)[O-],Cc1cccc([N+](=O)[O-])c1[N+](=O)[O-],182.135,182.135,0.0,['none']
True,False,[],False,1,False,True,CC(O)COC(C)CO,CC(O)COC(C)CO,CC(O)COC(C)CO,134.175,134.175,0.0,['none']
True,False,[],False,1,False,True,O=C(OC1COC2OCCC12)ON1C(=O)CCC1=O,O=C(OC1COC2OCCC12)ON1C(=O)CCC1=O,O=C(OC1COC2OCCC12)ON1C(=O)CCC1=O,271.22499999999997,271.22499999999997,0.0,['none']
True,False,[],False,1,False,True,CC(N)c1ccccc1,CC(N)c1ccccc1,CC(N)c1ccccc1,121.18299999999995,121.18299999999995,0.0,['none']
True,False,[],False,1,False,True,CCCCCCCCCCCCCCCCCC(=O)OC(C)C(=O)OC(C)C(=O)O,CCCCCCCCCCCCCCCCCC(=O)OC(C)C(=O)OC(C)C(=O)O,CCCCCCCCCCCCCCCCCC(=O)OC(C)C(=O)OC(C)C(=O)O,428.6100000000001,428.6100000000001,0.0,['none']
True,False,[],False,1,False,True,CC(CCN)CC(C)(C)CN,CC(CCN)CC(C)(C)CN,CC(CCN)CC(C)(C)CN,158.28899999999996,158.28899999999996,0.0,['none']
True,False,[],False,1,False,True,C=C[Si]1(C)O[Si](C)(C=C)O[Si](C)(C=C)O[Si](C)(C=C)O1,C=C[Si]1(C)O[Si](C)(C=C)O[Si](C)(C=C)O[Si](C)(C=C)O1,C=C[Si]1(C)O[Si](C)(C=C)O[Si](C)(C=C)O[Si](C)(C=C)O1,344.66400000000004,344.66400000000004,0.0,['none']
True,False,[],False,1,False,True,CC(C)CCCCCCCOP(OCCCCCCCC(C)C)Oc1ccccc1,CC(C)CCCCCCCOP(OCCCCCCCC(C)C)Oc1ccccc1,CC(C)CCCCCCCOP(OCCCCCCCC(C)C)Oc1ccccc1,438.6330000000002,438.6330000000002,0.0,['none']
True,False,[],False,1,False,True,CCOC(C)OCCc1ccccc1,CCOC(C)OCCc1ccccc1,CCOC(C)OCCc1ccccc1,194.27400000000003,194.27400000000003,0.0,['none']
True,False,[],False,1,False,True,C=CCCCCCCCC(=O)OC,C=CCCCCCCCC(=O)OC,C=CCCCCCCCC(=O)OC,184.279,184.279,0.0,['none']
True,False,[],False,1,False,True,BrC1(Br)CCCCCCCCCC(Br)(Br)C1(Br)Br,BrC1(Br)CCCCCCCCCC(Br)(Br)C1(Br)Br,BrC1(Br)CCCCCCCCCC(Br)(Br)C1(Br)Br,641.7,641.7,0.0,['none']
True,False,[],False,1,False,True,CC1(C)CCCC(C)(C)N1[O],CC1(C)CCCC(C)(C)N1[O],CC1(C)CCCC(C)(C)N1[O],156.249,156.249,0.0,['none']
True,False,[],False,1,False,True,FC(F)(F)COc1cccnc1Cl,FC(F)(F)COc1cccnc1Cl,FC(F)(F)COc1cccnc1Cl,211.57000000000002,211.57000000000002,0.0,['none']
True,False,[],False,1,False,True,CC(C)Sc1ncccc1CCC(F)(F)F,CC(C)Sc1ncccc1CCC(F)(F)F,CC(C)Sc1ncccc1CCC(F)(F)F,249.30099999999993,249.30099999999993,0.0,['none']
True,False,[],False,1,False,True,CC(C)(O)CCO,CC(C)(O)CCO,CC(C)(O)CCO,104.149,104.149,0.0,['none']
True,False,[],False,1,False,True,CC(O)COCC(C)(COCC(C)O)COCC(C)O,CC(O)COCC(C)(COCC(C)O)COCC(C)O,CC(O)COCC(C)(COCC(C)O)COCC(C)O,294.388,294.388,0.0,['none']
True,False,[],False,1,False,True,Cc1cc(Nc2cc(S(=O)(=O)O)c(N)c3c2C(=O)c2ccccc2C3=O)cc(S(=O)(=O)NCCO)c1C,Cc1cc(Nc2cc(S(=O)(=O)O)c(N)c3c2C(=O)c2ccccc2C3=O)cc(S(=O)(=O)NCCO)c1C,Cc1cc(Nc2cc(S(=O)(=O)O)c(N)c3c2C(=O)c2ccccc2C3=O)cc(S(=O)(=O)NCCO)c1C,545.5950000000003,545.5950000000003,0.0,['none']
True,False,[],False,1,False,True,Cc1ccc(S(=O)(=O)N2CCC(C#N)(c3ccccc3)C(C)C2)cc1,Cc1ccc(S(=O)(=O)N2CCC(C#N)(c3ccccc3)C(C)C2)cc1,Cc1ccc(S(=O)(=O)N2CCC(C#N)(c3ccccc3)C(C)C2)cc1,354.4750000000001,354.4750000000001,0.0,['none']
True,False,[],False,1,False,True,COC(=O)C(C)(C)N=NC(C)(C)C(=O)OC,COC(=O)C(C)(C)N=NC(C)(C)C(=O)OC,COC(=O)C(C)(C)N=NC(C)(C)C(=O)OC,230.26399999999998,230.26399999999998,0.0,['none']
True,False,[],False,1,False,True,CCC=CC#N,CCC=CC#N,CCC=CC#N,81.11800000000001,81.11800000000001,0.0,['none']
True,False,[],False,1,False,True,CCCCCCCCCC[N+](C)(C)[O-],CCCCCCCCCC[N+](C)(C)[O-],CCCCCCCCCC[N+](C)(C)[O-],201.35399999999998,201.35399999999998,0.0,['none']
True,False,[],False,1,False,True,CC(O)COC(=O)OC1CC(C)CCC1C(C)C,CC(O)COC(=O)OC1CC(C)CCC1C(C)C,CC(O)COC(=O)OC1CC(C)CCC1C(C)C,258.35799999999995,258.35799999999995,0.0,['none']
True,False,[],False,1,False,True,CO[Si](CCCn1c(=O)n(CCC[Si](OC)(OC)OC)c(=O)n(CCC[Si](OC)(OC)OC)c1=O)(OC)OC,CO[Si](CCCn1c(=O)n(CCC[Si](OC)(OC)OC)c(=O)n(CCC[Si](OC)(OC)OC)c1=O)(OC)OC,CO[Si](CCCn1c(=O)n(CCC[Si](OC)(OC)OC)c(=O)n(CCC[Si](OC)(OC)OC)c1=O)(OC)OC,615.8580000000004,615.8580000000004,0.0,['none']
True,False,[],False,1,False,True,CCCCCCCCCCCCCCCC(=O)OCC(O)C1OCC(O)C1O,CCCCCCCCCCCCCCCC(=O)OCC(O)C1OCC(O)C1O,CCCCCCCCCCCCCCCC(=O)OCC(O)C1OCC(O)C1O,402.57200000000006,402.57200000000006,0.0,['none']
True,False,[],False,1,False,True,CCCCCCCCC=CCCCCCCCC(=O)OCC(OC(=O)CCCCCCCC=CCCCCCCCC)C1OCC(O)C1OC(=O)CCCCCCCC=CCCCCCCCC,CCCCCCCCC=CCCCCCCCC(=O)OCC(OC(=O)CCCCCCCC=CCCCCCCCC)C1OCC(O)C1OC(=O)CCCCCCCC=CCCCCCCCC,CCCCCCCCC=CCCCCCCCC(=O)OCC(OC(=O)CCCCCCCC=CCCCCCCCC)C1OCC(O)C1OC(=O)CCCCCCCC=CCCCCCCCC,957.5159999999992,957.5159999999992,0.0,['none']
True,False,[],False,1,False,True,CC(C#N)(CCC(=O)O)N=NC(C)(C#N)CCC(=O)O,CC(C#N)(CCC(=O)O)N=NC(C)(C#N)CCC(=O)O,CC(C#N)(CCC(=O)O)N=NC(C)(C#N)CCC(=O)O,280.284,280.284,0.0,['none']
True,False,[],False,1,False,True,CCCCCCCC(=O)OCC(O)CO,CCCCCCCC(=O)OCC(O)CO,CCCCCCCC(=O)OCC(O)CO,218.29299999999998,218.29299999999998,0.0,['none']
True,False,[],False,1,False,True,CCN(CCCl)c1ccc(C=O)cc1,CCN(CCCl)c1ccc(C=O)cc1,CCN(CCCl)c1ccc(C=O)cc1,211.69200000000004,211.69200000000004,0.0,['none']
True,False,[],False,1,False,True,COc1cc(Cl)ncn1,COc1cc(Cl)ncn1,COc1cc(Cl)ncn1,144.56100000000004,144.56100000000004,0.0,['none']
True,False,[],False,1,False,True,NC(=O)NC(=O)O,NC(=O)NC(=O)O,NC(=O)NC(=O)O,104.06499999999998,104.06499999999998,0.0,['none']
True,False,[],False,1,False,True,CCC=CCCCCCCCCC1CC(=O)OC1=O,CCC=CCCCCCCCCC1CC(=O)OC1=O,CCC=CCCCCCCCCC1CC(=O)OC1=O,266.381,266.381,0.0,['none']
True,False,[],False,1,False,True,CCCCCCCCC=CCCCCCCCCN(OCCO)OCCO,CCCCCCCCC=CCCCCCCCCN(OCCO)OCCO,CCCCCCCCC=CCCCCCCCCN(OCCO)OCCO,387.60500000000013,387.60500000000013,0.0,['none']
True,False,[],False,1,False,True,C=CCCCCCCCCC(=O)NCCOC(=O)CC(C(=O)O)S(=O)(=O)O,C=CCCCCCCCCC(=O)NCCOC(=O)CC(C(=O)O)S(=O)(=O)O,C=CCCCCCCCCC(=O)NCCOC(=O)CC(C(=O)O)S(=O)(=O)O,407.4850000000001,407.4850000000001,0.0,['none']
True,False,[],False,1,False,True,CCCCCCCCCCCCCCCCCC(=O)OCC(OC(=O)CCCCCCCCCCCCCCCCC)C1OCC(O)C1OC(=O)CCCCCCCCCCCCCCCCC,CCCCCCCCCCCCCCCCCC(=O)OCC(OC(=O)CCCCCCCCCCCCCCCCC)C1OCC(O)C1OC(=O)CCCCCCCCCCCCCCCCC,CCCCCCCCCCCCCCCCCC(=O)OCC(OC(=O)CCCCCCCCCCCCCCCCC)C1OCC(O)C1OC(=O)CCCCCCCCCCCCCCCCC,963.563999999999,963.563999999999,0.0,['none']
True,False,[],False,1,False,True,Cc1ccc(N2C(=O)N(c3ccc(C)c(N=C=O)c3)C2=O)cc1N=C=O,Cc1ccc(N2C(=O)N(c3ccc(C)c(N=C=O)c3)C2=O)cc1N=C=O,Cc1ccc(N2C(=O)N(c3ccc(C)c(N=C=O)c3)C2=O)cc1N=C=O,348.31800000000015,348.31800000000015,0.0,['none']
True,False,[],False,1,False,True,CC1CCC(C(C)C)C(OO)C1,CC1CCC(C(C)C)C(OO)C1,CC1CCC(C(C)C)C(OO)C1,172.26799999999997,172.26799999999997,0.0,['none']
True,False,[],False,1,False,True,C=CCOC(=O)CCC1CCCCC1,C=CCOC(=O)CCC1CCCCC1,C=CCOC(=O)CCC1CCCCC1,196.28999999999994,196.28999999999994,0.0,['none']
True,False,[],False,1,False,True,Cc1ccc(P(=O)(C(=O)c2c(C)cc(C)cc2C)c2ccc(C)cc2)cc1,Cc1ccc(P(=O)(C(=O)c2c(C)cc(C)cc2C)c2ccc(C)cc2)cc1,Cc1ccc(P(=O)(C(=O)c2c(C)cc(C)cc2C)c2ccc(C)cc2)cc1,376.4360000000001,376.4360000000001,0.0,['none']
True,False,[],False,1,False,True,O=CO,O=CO,O=CO,46.025,46.025,0.0,['none']
True,False,[],False,1,False,True,CC(COCC(C)OC(=O)c1ccccc1)OC(=O)c1ccccc1,CC(COCC(C)OC(=O)c1ccccc1)OC(=O)c1ccccc1,CC(COCC(C)OC(=O)c1ccccc1)OC(=O)c1ccccc1,342.3910000000001,342.3910000000001,0.0,['none']
True,False,[],False,1,False,True,Cc1ccccc1OP(=S)(S)Oc1ccccc1C,Cc1ccccc1OP(=S)(S)Oc1ccccc1C,Cc1ccccc1OP(=S)(S)Oc1ccccc1C,310.38000000000005,310.38000000000005,0.0,['none']
True,False,[],False,1,False,True,CC(C)CCCCCCCOC(=O)CCCCC(=O)OCCCCCCCC(C)C,CC(C)CCCCCCCOC(=O)CCCCC(=O)OCCCCCCCC(C)C,CC(C)CCCCCCCOC(=O)CCCCC(=O)OCCCCCCCC(C)C,426.6820000000003,426.6820000000003,0.0,['none']
True,False,[],False,1,False,True,CCCCCCCCCCCC(=O)OCC(C)O,CCCCCCCCCCCC(=O)OCC(C)O,CCCCCCCCCCCC(=O)OCC(C)O,258.40199999999993,258.40199999999993,0.0,['none']
True,False,[],False,1,False,True,CC(C)OP(=S)(S)OC(C)C,CC(C)OP(=S)(S)OC(C)C,CC(C)OP(=S)(S)OC(C)C,214.292,214.292,0.0,['none']
True,False,[],False,1,False,True,CC(C)Cc1cc2ccccc2c(S(=O)(=O)O)c1CC(C)C,CC(C)Cc1cc2ccccc2c(S(=O)(=O)O)c1CC(C)C,CC(C)Cc1cc2ccccc2c(S(=O)(=O)O)c1CC(C)C,320.45400000000006,320.45400000000006,0.0,['none']
True,False,[],False,1,False,True,CCCCC(CC)CO[N+](=O)[O-],CCCCC(CC)CO[N+](=O)[O-],CCCCC(CC)CO[N+](=O)[O-],175.22799999999998,175.22799999999998,0.0,['none']
True,False,[],False,1,False,True,CCCCCCC(C)(C)C(=O)O,CCCCCCC(C)(C)C(=O)O,CCCCCCC(C)(C)C(=O)O,172.268,172.268,0.0,['none']
True,False,[],False,1,False,True,CCCn1c(=O)c(C)cn2nc(N)nc12,CCCn1c(=O)c(C)cn2nc(N)nc12,CCCn1c(=O)c(C)cn2nc(N)nc12,207.23699999999997,207.23699999999997,0.0,['none']
True,False,[],False,1,False,True,NC(=O)CCN(CCO)c1nc(Nc2ccccc2)nc(Nc2ccc(C=Cc3ccc(Nc4nc(Nc5ccccc5)nc(N(CCO)CCC(N)=O)n4)cc3S(=O)(=O)O)c(S(=O)(=O)O)c2)n1,NC(=O)CCN(CCO)c1nc(Nc2ccccc2)nc(Nc2ccc(C=Cc3ccc(Nc4nc(Nc5ccccc5)nc(N(CCO)CCC(N)=O)n4)cc3S(=O)(=O)O)c(S(=O)(=O)O)c2)n1,NC(=O)CCN(CCO)c1nc(Nc2ccccc2)nc(Nc2ccc(C=Cc3ccc(Nc4nc(Nc5ccccc5)nc(N(CCO)CCC(N)=O)n4)cc3S(=O)(=O)O)c(S(=O)(=O)O)c2)n1,971.0519999999999,971.0519999999999,0.0,['none']
True,False,[],False,1,False,True,CCC(=O)OC1CC2CCC1(C)C2(C)C,CCC(=O)OC1CC2CCC1(C)C2(C)C,CCC(=O)OC1CC2CCC1(C)C2(C)C,210.31699999999995,210.31699999999995,0.0,['none']
True,False,[],False,1,False,True,CC(C)(C)c1cc(Cn2c(=O)n(Cc3cc(C(C)(C)C)c(O)c(C(C)(C)C)c3)c(=O)n(Cc3cc(C(C)(C)C)c(O)c(C(C)(C)C)c3)c2=O)cc(C(C)(C)C)c1O,CC(C)(C)c1cc(Cn2c(=O)n(Cc3cc(C(C)(C)C)c(O)c(C(C)(C)C)c3)c(=O)n(Cc3cc(C(C)(C)C)c(O)c(C(C)(C)C)c3)c2=O)cc(C(C)(C)C)c1O,CC(C)(C)c1cc(Cn2c(=O)n(Cc3cc(C(C)(C)C)c(O)c(C(C)(C)C)c3)c(=O)n(Cc3cc(C(C)(C)C)c(O)c(C(C)(C)C)c3)c2=O)cc(C(C)(C)C)c1O,784.095,784.095,0.0,['none']
True,False,[],False,1,False,True,Cc1ccccc1Cc1ccccc1,Cc1ccccc1Cc1ccccc1,Cc1ccccc1Cc1ccccc1,182.26600000000002,182.26600000000002,0.0,['none']
True,False,[],False,1,False,True,CC(C)(N=NC(C)(C)C1=NCCN1)C1=NCCN1,CC(C)(N=NC(C)(C)C1=NCCN1)C1=NCCN1,CC(C)(N=NC(C)(C)C1=NCCN1)C1=NCCN1,250.34999999999997,250.34999999999997,0.0,['none']
True,False,[],False,1,False,True,CC(C)(N=C=O)c1cccc(C(C)(C)N=C=O)c1,CC(C)(N=C=O)c1cccc(C(C)(C)N=C=O)c1,CC(C)(N=C=O)c1cccc(C(C)(C)N=C=O)c1,244.29399999999998,244.29399999999998,0.0,['none']
True,False,[],False,1,False,True,C=C(C)C(=O)OC(C)CO,C=C(C)C(=O)OC(C)CO,C=C(C)C(=O)OC(C)CO,144.17,144.17,0.0,['none']
True,False,[],False,1,False,True,CCOC(=O)C=C(C)O,CCOC(=O)C=C(C)O,CCOC(=O)C=C(C)O,130.143,130.143,0.0,['none']
True,False,[],False,1,False,True,CC1(OC(=O)c2ccccc2C(=O)OC2(C)CCCCC2)CCCCC1,CC1(OC(=O)c2ccccc2C(=O)OC2(C)CCCCC2)CCCCC1,CC1(OC(=O)c2ccccc2C(=O)OC2(C)CCCCC2)CCCCC1,358.47800000000024,358.47800000000024,0.0,['none']
True,False,[],False,1,False,True,CCCOCCO,CCCOCCO,CCCOCCO,104.14899999999999,104.14899999999999,0.0,['none']
True,False,[],False,1,False,True,Nc1c(OCCOC(=O)Oc2ccccc2)cc(O)c2c1C(=O)c1ccccc1C2=O,Nc1c(OCCOC(=O)Oc2ccccc2)cc(O)c2c1C(=O)c1ccccc1C2=O,Nc1c(OCCOC(=O)Oc2ccccc2)cc(O)c2c1C(=O)c1ccccc1C2=O,419.38900000000024,419.38900000000024,0.0,['none']
True,False,[],False,1,False,True,C1CC2C3CCC(C3)C2C1,C1CC2C3CCC(C3)C2C1,C1CC2C3CCC(C3)C2C1,136.238,136.238,0.0,['none']
True,False,[],False,1,False,True,Cc1cc(O)ccc1N,Cc1cc(O)ccc1N,Cc1cc(O)ccc1N,123.15499999999999,123.15499999999999,0.0,['none']
True,False,[],False,1,False,True,CNC(=O)c1cc(Oc2ccc(NC(=O)Nc3ccc(Cl)c(C(F)(F)F)c3)cc2)ccn1,CNC(=O)c1cc(Oc2ccc(NC(=O)Nc3ccc(Cl)c(C(F)(F)F)c3)cc2)ccn1,CNC(=O)c1cc(Oc2ccc(NC(=O)Nc3ccc(Cl)c(C(F)(F)F)c3)cc2)ccn1,464.83100000000013,464.83100000000013,0.0,['none']
True,False,[],False,1,False,True,CNC(=O)c1cc(Oc2ccc(N)cc2)ccn1,CNC(=O)c1cc(Oc2ccc(N)cc2)ccn1,CNC(=O)c1cc(Oc2ccc(N)cc2)ccn1,243.26600000000002,243.26600000000002,0.0,['none']
True,False,[],False,1,False,True,C=C(C)C(=O)OCC(O)COC(=O)C(=C)C,C=C(C)C(=O)OCC(O)COC(=O)C(=C)C,C=C(C)C(=O)OCC(O)COC(=O)C(=C)C,228.24399999999994,228.24399999999994,0.0,['none']
True,False,[],False,1,False,True,CCCCC(CC)C(=O)OCC(C)(C)COC(=O)C(CC)CCCC,CCCCC(CC)C(=O)OCC(C)(C)COC(=O)C(CC)CCCC,CCCCC(CC)C(=O)OCC(C)(C)COC(=O)C(CC)CCCC,356.5470000000002,356.5470000000002,0.0,['none']
True,False,[],False,1,False,True,C=CC1CCC(C=C)C(C=C)C1,C=CC1CCC(C=C)C(C=C)C1,C=CC1CCC(C=C)C(C=C)C1,162.27599999999995,162.27599999999995,0.0,['none']
True,False,[],False,1,False,True,Cc1ccc2c(c1)CC(C)(CO)C2,Cc1ccc2c(c1)CC(C)(CO)C2,Cc1ccc2c(c1)CC(C)(CO)C2,176.259,176.259,0.0,['none']
True,False,[],False,1,False,True,O=C1CCCCCCCC=CCCCCCCO1,O=C1CCCCCCCC=CCCCCCCO1,O=C1CCCCCCCC=CCCCCCCO1,252.39799999999994,252.39799999999994,0.0,['none']
True,False,[],False,1,False,True,CCOC1C(C)CCCC1C,CCOC1C(C)CCCC1C,CCOC1C(C)CCCC1C,156.269,156.269,0.0,['none']
True,False,[],False,1,False,True,C1CCCC1,C1CCCC1,C1CCCC1,70.135,70.135,0.0,['none']
True,False,[],False,1,False,True,c1cn[nH]c1,c1cn[nH]c1,c1cn[nH]c1,68.079,68.079,0.0,['none']
True,False,[],False,1,False,True,CCCCCCCCC=CCCCCCCCCNCCCNCCCN,CCCCCCCCC=CCCCCCCCCNCCCNCCCN,CCCCCCCCC=CCCCCCCCCNCCCNCCCN,381.69300000000015,381.69300000000015,0.0,['none']
True,False,[],False,1,False,True,Cc1ccc2c(c1)OCC(=O)CO2,Cc1ccc2c(c1)OCC(=O)CO2,Cc1ccc2c(c1)OCC(=O)CO2,178.18699999999998,178.18699999999998,0.0,['none']
True,False,[],False,1,False,True,CCOP(=S)(OCC)Oc1nc(Cl)c(Cl)cc1Cl,CCOP(=S)(OCC)Oc1nc(Cl)c(Cl)cc1Cl,CCOP(=S)(OCC)Oc1nc(Cl)c(Cl)cc1Cl,350.591,350.591,0.0,['none']
True,False,[],False,1,False,True,O=C(O)C(F)(F)F,O=C(O)C(F)(F)F,O=C(O)C(F)(F)F,114.02200000000002,114.02200000000002,0.0,['none']
True,False,[],False,1,False,True,CCN(CC)c1nc(C)cc(OP(=S)(OC)OC)n1,CCN(CC)c1nc(C)cc(OP(=S)(OC)OC)n1,CCN(CC)c1nc(C)cc(OP(=S)(OC)OC)n1,305.34000000000003,305.34000000000003,0.0,['none']
True,False,[],False,1,False,True,OCCN(CCO)CCO,OCCN(CCO)CCO,OCCN(CCO)CCO,149.19,149.19,0.0,['none']
True,False,[],False,1,False,True,C1CCCCCCCCCCC1,C1CCCCCCCCCCC1,C1CCCCCCCCCCC1,168.32399999999998,168.32399999999998,0.0,['none']
True,False,[],False,1,False,True,CCCCCCCCCCCCSCCC(=O)OCC(COC(=O)CCSCCCCCCCCCCCC)(COC(=O)CCSCCCCCCCCCCCC)COC(=O)CCSCCCCCCCCCCCC,CCCCCCCCCCCCSCCC(=O)OCC(COC(=O)CCSCCCCCCCCCCCC)(COC(=O)CCSCCCCCCCCCCCC)COC(=O)CCSCCCCCCCCCCCC,CCCCCCCCCCCCSCCC(=O)OCC(COC(=O)CCSCCCCCCCCCCCC)(COC(=O)CCSCCCCCCCCCCCC)COC(=O)CCSCCCCCCCCCCCC,1161.9669999999992,1161.9669999999992,0.0,['none']
True,False,[],False,1,False,True,C1C[O][Sb]2[O]CC[O][Sb]([O]1)[O]CC[O]2,C1C[O][Sb]2[O]CC[O][Sb]([O]1)[O]CC[O]2,C1C[O][Sb]2[O]CC[O][Sb]([O]1)[O]CC[O]2,423.6760000000001,423.6760000000001,0.0,['none']
True,False,[],False,1,False,True,CC(C)CCCCCCCOC(=O)CC(C(=O)OCCCCCCCC(C)C)S(=O)(=O)O,CC(C)CCCCCCCOC(=O)CC(C(=O)OCCCCCCCC(C)C)S(=O)(=O)O,CC(C)CCCCCCCOC(=O)CC(C(=O)OCCCCCCCC(C)C)S(=O)(=O)O,478.6920000000004,478.6920000000004,0.0,['none']
True,False,[],False,1,False,True,CC(C)(N=NC(C)(C)C(=N)N)C(=N)N,CC(C)(N=NC(C)(C)C(=N)N)C(=N)N,CC(C)(N=NC(C)(C)C(=N)N)C(=N)N,198.274,198.274,0.0,['none']
True,False,[],False,1,False,True,CP1(=O)OCC2(CO1)COP(C)(=O)OC2,CP1(=O)OCC2(CO1)COP(C)(=O)OC2,CP1(=O)OCC2(CO1)COP(C)(=O)OC2,256.131,256.131,0.0,['none']
True,False,[],False,1,False,True,CC(C)(C)OOC1(OOC(C)(C)C)CCCCC1,CC(C)(C)OOC1(OOC(C)(C)C)CCCCC1,CC(C)(C)OOC1(OOC(C)(C)C)CCCCC1,260.37399999999997,260.37399999999997,0.0,['none']
True,False,[],False,1,False,True,O=C1c2c(Cl)c(Cl)c(Cl)c(Cl)c2C(=O)C1c1ccc2cccc(N3C(=O)c4c(Cl)c(Cl)c(Cl)c(Cl)c4C3=O)c2n1,O=C1c2c(Cl)c(Cl)c(Cl)c(Cl)c2C(=O)C1c1ccc2cccc(N3C(=O)c4c(Cl)c(Cl)c(Cl)c(Cl)c4C3=O)c2n1,O=C1c2c(Cl)c(Cl)c(Cl)c(Cl)c2C(=O)C1c1ccc2cccc(N3C(=O)c4c(Cl)c(Cl)c(Cl)c(Cl)c4C3=O)c2n1,693.9680000000001,693.9680000000001,0.0,['none']
True,False,[],False,1,False,True,CC(N)C(=O)O,CC(N)C(=O)O,CC(N)C(=O)O,89.09399999999998,89.09399999999998,0.0,['none']
True,False,[],False,1,False,True,CCCCCCOC(=O)c1ccccc1C(=O)c1ccc(N(CC)CC)cc1O,CCCCCCOC(=O)c1ccccc1C(=O)c1ccc(N(CC)CC)cc1O,CCCCCCOC(=O)c1ccccc1C(=O)c1ccc(N(CC)CC)cc1O,397.5150000000002,397.5150000000002,0.0,['none']
True,False,[],False,1,False,True,CN(C)CCN(C)CCN(C)C,CN(C)CCN(C)CCN(C)C,CN(C)CCN(C)CCN(C)C,173.304,173.304,0.0,['none']
True,False,[],False,1,False,True,CC(O)C#CC(C)O,CC(O)C#CC(C)O,CC(O)C#CC(C)O,114.14399999999998,114.14399999999998,0.0,['none']
True,False,[],False,1,False,True,CCCc1ccc(-c2ccc(-c3cc(F)c(C(F)(F)Oc4cc(F)c(F)c(F)c4)c(F)c3)c(F)c2)cc1,CCCc1ccc(-c2ccc(-c3cc(F)c(C(F)(F)Oc4cc(F)c(F)c(F)c4)c(F)c3)c(F)c2)cc1,CCCc1ccc(-c2ccc(-c3cc(F)c(C(F)(F)Oc4cc(F)c(F)c(F)c4)c(F)c3)c(F)c2)cc1,522.4350000000002,522.4350000000002,0.0,['none']
True,False,[],False,1,False,True,C=CS(=O)(=O)O,C=CS(=O)(=O)O,C=CS(=O)(=O)O,108.11799999999998,108.11799999999998,0.0,['none']
True,False,[],False,1,False,True,OCCN1CCCCC1,OCCN1CCCCC1,OCCN1CCCCC1,129.203,129.203,0.0,['none']
True,False,[],False,1,False,True,O=C1c2ccc3c4ccc5c6c(ccc(c7ccc(c2c37)C(=O)N1c1ccc(N=Nc2ccccc2)cc1)c64)C(=O)N(c1ccc(N=Nc2ccccc2)cc1)C5=O,O=C1c2ccc3c4ccc5c6c(ccc(c7ccc(c2c37)C(=O)N1c1ccc(N=Nc2ccccc2)cc1)c64)C(=O)N(c1ccc(N=Nc2ccccc2)cc1)C5=O,O=C1c2ccc3c4ccc5c6c(ccc(c7ccc(c2c37)C(=O)N1c1ccc(N=Nc2ccccc2)cc1)c64)C(=O)N(c1ccc(N=Nc2ccccc2)cc1)C5=O,750.774,750.774,0.0,['none']
True,False,[],False,1,False,True,CC(C)(c1cc(Br)c(OCC2CO2)c(Br)c1)c1cc(Br)c(OCC2CO2)c(Br)c1,CC(C)(c1cc(Br)c(OCC2CO2)c(Br)c1)c1cc(Br)c(OCC2CO2)c(Br)c1,CC(C)(c1cc(Br)c(OCC2CO2)c(Br)c1)c1cc(Br)c(OCC2CO2)c(Br)c1,656.003,656.003,0.0,['none']
True,False,[],False,1,False,True,Cc1ccc(N(CCO)CCO)cc1,Cc1ccc(N(CCO)CCO)cc1,Cc1ccc(N(CCO)CCO)cc1,195.262,195.262,0.0,['none']
True,False,[],False,1,False,True,CCCCCCCCCCCCCCCCCCNC(=O)C=CC(=O)O,CCCCCCCCCCCCCCCCCCNC(=O)C=CC(=O)O,CCCCCCCCCCCCCCCCCCNC(=O)C=CC(=O)O,367.57399999999996,367.57399999999996,0.0,['none']
True,False,[],False,1,False,True,CCC(=O)OC,CCC(=O)OC,CCC(=O)OC,88.106,88.106,0.0,['none']
True,False,[],False,1,False,True,CCCCO,CCCCO,CCCCO,74.12299999999999,74.12299999999999,0.0,['none']
True,False,[],False,1,False,True,O=c1c2cc3[nH]c4c(Cl)cccc4c(=O)c3cc2[nH]c2c(Cl)cccc12,O=c1c2cc3[nH]c4c(Cl)cccc4c(=O)c3cc2[nH]c2c(Cl)cccc12,O=c1c2cc3[nH]c4c(Cl)cccc4c(=O)c3cc2[nH]c2c(Cl)cccc12,381.218,381.218,0.0,['none']
True,False,[],False,1,False,True,CCCCNCCC[Si](OC)(OC)OC,CCCCNCCC[Si](OC)(OC)OC,CCCCNCCC[Si](OC)(OC)OC,235.39999999999998,235.39999999999998,0.0,['none']
True,False,[],False,1,False,True,C=CC(=O)OCCCS(=O)(=O)O,C=CC(=O)OCCCS(=O)(=O)O,C=CC(=O)OCCCS(=O)(=O)O,194.208,194.208,0.0,['none']
True,False,[],False,1,False,True,C=CC(=O)OCCOC,C=CC(=O)OCCOC,C=CC(=O)OCCOC,130.14299999999997,130.14299999999997,0.0,['none']
True,False,[],False,1,False,True,CCCCCCCCCCCCCCCCCCc1ccccc1S(=O)(=O)O,CCCCCCCCCCCCCCCCCCc1ccccc1S(=O)(=O)O,CCCCCCCCCCCCCCCCCCc1ccccc1S(=O)(=O)O,410.664,410.664,0.0,['none']
True,False,[],False,1,False,True,CCCCCCCC(=O)OCC(C)(C)COC(=O)CCCCCCC,CCCCCCCC(=O)OCC(C)(C)COC(=O)CCCCCCC,CCCCCCCC(=O)OCC(C)(C)COC(=O)CCCCCCC,356.54700000000025,356.54700000000025,0.0,['none']
True,False,[],False,1,False,True,CCc1cc(C)cc(CC)c1C(C(N)=O)C(N)=O,CCc1cc(C)cc(CC)c1C(C(N)=O)C(N)=O,CCc1cc(C)cc(CC)c1C(C(N)=O)C(N)=O,248.32599999999996,248.32599999999996,0.0,['none']
True,False,[],False,1,False,True,CC(C)(C)CC(C)(C)c1ccc(O)c(-n2nc3ccccc3n2)c1,CC(C)(C)CC(C)(C)c1ccc(O)c(-n2nc3ccccc3n2)c1,CC(C)(C)CC(C)(C)c1ccc(O)c(-n2nc3ccccc3n2)c1,323.44000000000005,323.44000000000005,0.0,['none']
True,False,[],False,1,False,True,CCCCCCCCCCCCCCCCCC(=O)OCC(O)CO,CCCCCCCCCCCCCCCCCC(=O)OCC(O)CO,CCCCCCCCCCCCCCCCCC(=O)OCC(O)CO,358.56300000000005,358.56300000000005,0.0,['none']
True,False,[],False,1,False,True,CCCCCCC(O)CCCCCCCCCCC(=O)O,CCCCCCC(O)CCCCCCCCCCC(=O)O,CCCCCCC(O)CCCCCCCCCCC(=O)O,300.4829999999999,300.4829999999999,0.0,['none']
True,False,[],False,1,False,True,CCCCOC(=O)c1ccccc1N=Nc1c(O)c(C(=O)Nc2ccc3[nH]c(=O)[nH]c3c2)cc2ccccc12,CCCCOC(=O)c1ccccc1N=Nc1c(O)c(C(=O)Nc2ccc3[nH]c(=O)[nH]c3c2)cc2ccccc12,CCCCOC(=O)c1ccccc1N=Nc1c(O)c(C(=O)Nc2ccc3[nH]c(=O)[nH]c3c2)cc2ccccc12,523.5490000000002,523.5490000000002,0.0,['none']
True,False,[],False,1,False,True,CC(=O)C(N=Nc1ccccc1C(=O)O)C(=O)Nc1ccc2[nH]c(=O)[nH]c2c1,CC(=O)C(N=Nc1ccccc1C(=O)O)C(=O)Nc1ccc2[nH]c(=O)[nH]c2c1,CC(=O)C(N=Nc1ccccc1C(=O)O)C(=O)Nc1ccc2[nH]c(=O)[nH]c2c1,381.34800000000007,381.34800000000007,0.0,['none']
True,False,[],False,1,False,True,COC(=O)c1cc(F)ccc1N,COC(=O)c1cc(F)ccc1N,COC(=O)c1cc(F)ccc1N,169.155,169.155,0.0,['none']
True,False,[],False,1,False,True,C=CN(C)C(C)=O,C=CN(C)C(C)=O,C=CN(C)C(C)=O,99.13299999999998,99.13299999999998,0.0,['none']
True,False,[],False,1,False,True,C=CS(=O)(=O)CCOCCNc1nc(F)nc(Nc2ccc(N=Nc3ccc(N=Nc4cc(S(=O)(=O)O)c5cc(S(=O)(=O)O)cc(S(=O)(=O)O)c5c4)cc3)cc2)n1,C=CS(=O)(=O)CCOCCNc1nc(F)nc(Nc2ccc(N=Nc3ccc(N=Nc4cc(S(=O)(=O)O)c5cc(S(=O)(=O)O)cc(S(=O)(=O)O)c5c4)cc3)cc2)n1,C=CS(=O)(=O)CCOCCNc1nc(F)nc(Nc2ccc(N=Nc3ccc(N=Nc4cc(S(=O)(=O)O)c5cc(S(=O)(=O)O)cc(S(=O)(=O)O)c5c4)cc3)cc2)n1,865.8820000000003,865.8820000000003,0.0,['none']
True,False,[],False,1,False,True,Cc1cc(O)ccc1C(C)C,Cc1cc(O)ccc1C(C)C,Cc1cc(O)ccc1C(C)C,150.22099999999998,150.22099999999998,0.0,['none']
True,False,[],False,1,False,True,O=C(O)c1ccc(C(=O)O)o1,O=C(O)c1ccc(C(=O)O)o1,O=C(O)c1ccc(C(=O)O)o1,156.093,156.093,0.0,['none']
True,False,[],False,1,False,True,CC(C)(CN)C(N)=O,CC(C)(CN)C(N)=O,CC(C)(CN)C(N)=O,116.164,116.164,0.0,['none']
True,False,[],False,1,False,True,O=C1c2c(Br)c(Br)c(Br)c(Br)c2C(=O)N1CCN1C(=O)c2c(Br)c(Br)c(Br)c(Br)c2C1=O,O=C1c2c(Br)c(Br)c(Br)c(Br)c2C(=O)N1CCN1C(=O)c2c(Br)c(Br)c(Br)c(Br)c2C1=O,O=C1c2c(Br)c(Br)c(Br)c(Br)c2C(=O)N1CCN1C(=O)c2c(Br)c(Br)c(Br)c(Br)c2C1=O,951.472,951.472,0.0,['none']
True,False,[],False,1,False,True,C[Si](C)O[Si](C)C,C[Si](C)O[Si](C)C,C[Si](C)O[Si](C)C,132.31099999999998,132.31099999999998,0.0,['none']
True,False,[],False,1,False,True,CN(C1CCCCC1)S(=O)(=O)c1ccccc1N=Nc1c(N)ccc2cc(S(=O)(=O)O)cc(O)c12,CN(C1CCCCC1)S(=O)(=O)c1ccccc1N=Nc1c(N)ccc2cc(S(=O)(=O)O)cc(O)c12,CN(C1CCCCC1)S(=O)(=O)c1ccccc1N=Nc1c(N)ccc2cc(S(=O)(=O)O)cc(O)c12,518.6170000000002,518.6170000000002,0.0,['none']
True,False,[],False,1,False,True,CCC(COC(=O)CCS)(COC(=O)CCS)COC(=O)CCS,CCC(COC(=O)CCS)(COC(=O)CCS)COC(=O)CCS,CCC(COC(=O)CCS)(COC(=O)CCS)COC(=O)CCS,398.5680000000001,398.5680000000001,0.0,['none']
True,False,[],False,1,False,True,c1ccc(-c2noc(-c3cccs3)n2)cc1,c1ccc(-c2noc(-c3cccs3)n2)cc1,c1ccc(-c2noc(-c3cccs3)n2)cc1,228.27600000000004,228.27600000000004,0.0,['none']
True,False,[],False,1,False,True,c1ccc2c(c1)-c1nc3nc(nc4[nH]c(nc5[nH]c(nc-2n1)c1ccccc51)c1ccccc41)-c1ccccc1-3,c1ccc2c(c1)-c1nc3nc(nc4[nH]c(nc5[nH]c(nc-2n1)c1ccccc51)c1ccccc41)-c1ccccc1-3,c1ccc2c(c1)-c1nc3nc(nc4[nH]c(nc5[nH]c(nc-2n1)c1ccccc51)c1ccccc41)-c1ccccc1-3,514.5520000000002,514.5520000000002,0.0,['none']
True,False,[],False,1,False,True,C[N+](C)(C)CC(O)CCl,C[N+](C)(C)CC(O)CCl,C[N+](C)(C)CC(O)CCl,152.64499999999998,152.64499999999998,0.0,['none']
True,False,[],False,1,False,True,N#CS,N#CS,N#CS,59.093,59.093,0.0,['none']
True,False,[],False,1,False,True,O=C1Cc2ccccc2N1c1ccccc1,O=C1Cc2ccccc2N1c1ccccc1,O=C1Cc2ccccc2N1c1ccccc1,209.248,209.248,0.0,['none']
True,False,[],False,1,False,True,CCOP(=S)(S)OCC,CCOP(=S)(S)OCC,CCOP(=S)(S)OCC,186.238,186.238,0.0,['none']
True,False,[],False,1,False,True,CCCCCCCCCC(=O)O,CCCCCCCCCC(=O)O,CCCCCCCCCC(=O)O,172.268,172.268,0.0,['none']
True,False,[],False,1,False,True,CCC(C)OP(=S)(S)OC(C)CC,CCC(C)OP(=S)(S)OC(C)CC,CCC(C)OP(=S)(S)OC(C)CC,242.346,242.346,0.0,['none']
True,False,[],False,1,False,True,CC(C)CCCCCCOC(=O)CCCCC(=O)OCCCCCCC(C)C,CC(C)CCCCCCOC(=O)CCCCC(=O)OCCCCCCC(C)C,CC(C)CCCCCCOC(=O)CCCCC(=O)OCCCCCCC(C)C,398.62800000000027,398.62800000000027,0.0,['none']
True,False,[],False,1,False,True,Oc1cc(Cl)ccc1Oc1ccc(Cl)cc1,Oc1cc(Cl)ccc1Oc1ccc(Cl)cc1,Oc1cc(Cl)ccc1Oc1ccc(Cl)cc1,255.1,255.1,0.0,['none']
True,False,[],False,1,False,True,CC1(C)C2CC=C(CCC=O)C1C2,CC1(C)C2CC=C(CCC=O)C1C2,CC1(C)C2CC=C(CCC=O)C1C2,178.275,178.275,0.0,['none']
True,False,[],False,1,False,True,CC1C2CC(CC2C2CCCC(O)C2)C1(C)C,CC1C2CC(CC2C2CCCC(O)C2)C1(C)C,CC1C2CC(CC2C2CCCC(O)C2)C1(C)C,236.39899999999994,236.39899999999994,0.0,['none']
True,False,[],False,1,False,True,CCCCCCCCC=CCCCCCCCCNCCCN,CCCCCCCCC=CCCCCCCCCNCCCN,CCCCCCCCC=CCCCCCCCCNCCCN,324.59700000000004,324.59700000000004,0.0,['none']
True,False,[],False,1,False,True,CCCCCCCCCCCC(=O)OCCCCCC,CCCCCCCCCCCC(=O)OCCCCCC,CCCCCCCCCCCC(=O)OCCCCCC,284.484,284.484,0.0,['none']
True,False,[],False,1,False,True,O=C1CCCN1CCO,O=C1CCCN1CCO,O=C1CCCN1CCO,129.15900000000002,129.15900000000002,0.0,['none']
True,False,[],False,1,False,True,CCCCOC(=O)C(C)O,CCCCOC(=O)C(C)O,CCCCOC(=O)C(C)O,146.18599999999998,146.18599999999998,0.0,['none']
True,False,[],False,1,False,True,N=C1N=C(N)c2ccccc21,N=C1N=C(N)c2ccccc21,N=C1N=C(N)c2ccccc21,145.165,145.165,0.0,['none']
True,False,[],False,1,False,True,CC=CC=CC(=O)OCC(CC)(COC(=O)C=CC=CC)COC(=O)C=CC=CC,CC=CC=CC(=O)OCC(CC)(COC(=O)C=CC=CC)COC(=O)C=CC=CC,CC=CC=CC(=O)OCC(CC)(COC(=O)C=CC=CC)COC(=O)C=CC=CC,416.5140000000001,416.5140000000001,0.0,['none']
True,False,[],False,1,False,True,CC(=O)c1cccc(C(F)(F)F)c1,CC(=O)c1cccc(C(F)(F)F)c1,CC(=O)c1cccc(C(F)(F)F)c1,188.14799999999994,188.14799999999994,0.0,['none']
True,False,[],False,1,False,True,CN(C)CCOCCOC(=O)NCC1(C)CC(NC(=O)OCCOCCN(C)C)CC(C)(C)C1,CN(C)CCOCCOC(=O)NCC1(C)CC(NC(=O)OCCOCCN(C)C)CC(C)(C)C1,CN(C)CCOCCOC(=O)NCC1(C)CC(NC(=O)OCCOCCN(C)C)CC(C)(C)C1,488.6700000000004,488.6700000000004,0.0,['none']
True,False,[],False,1,False,True,CC1=NN(c2ccccc2)C(=O)C1N=Nc1ccc(-c2ccc(N=NC3C(=O)N(c4ccccc4)N=C3C)c(Cl)c2)cc1Cl,CC1=NN(c2ccccc2)C(=O)C1N=Nc1ccc(-c2ccc(N=NC3C(=O)N(c4ccccc4)N=C3C)c(Cl)c2)cc1Cl,CC1=NN(c2ccccc2)C(=O)C1N=Nc1ccc(-c2ccc(N=NC3C(=O)N(c4ccccc4)N=C3C)c(Cl)c2)cc1Cl,623.5040000000001,623.5040000000001,0.0,['none']
True,False,[],False,1,False,True,COc1cccc(B(O)O)c1F,COc1cccc(B(O)O)c1F,COc1cccc(B(O)O)c1F,169.94799999999998,169.94799999999998,0.0,['none']
True,False,[],False,1,False,True,CCC(C)NCCO,CCC(C)NCCO,CCC(C)NCCO,117.192,117.192,0.0,['none']
True,False,[],False,1,False,True,CCCOC(=O)c1ccc(O)cc1,CCCOC(=O)c1ccc(O)cc1,CCCOC(=O)c1ccc(O)cc1,180.20299999999997,180.20299999999997,0.0,['none']
True,False,[],False,1,False,True,O=C(O)c1cn2cc(C(F)(F)F)cc(Cl)c2n1,O=C(O)c1cn2cc(C(F)(F)F)cc(Cl)c2n1,O=C(O)c1cn2cc(C(F)(F)F)cc(Cl)c2n1,264.59,264.59,0.0,['none']
True,False,[],False,1,False,True,C=C(C)C(=O)OCC(F)(F)C(F)(F)C(F)(F)C(F)F,C=C(C)C(=O)OCC(F)(F)C(F)(F)C(F)(F)C(F)F,C=C(C)C(=O)OCC(F)(F)C(F)(F)C(F)(F)C(F)F,300.14499999999987,300.14499999999987,0.0,['none']
True,False,[],False,1,False,True,COCCc1ccccc1,COCCc1ccccc1,COCCc1ccccc1,136.194,136.194,0.0,['none']
True,False,[],False,1,False,True,CCCCCCCCCCCCCCCCCCNC(=O)NCCCNC(=O)NCCCCCCCCCCCCCCCCCC,CCCCCCCCCCCCCCCCCCNC(=O)NCCCNC(=O)NCCCCCCCCCCCCCCCCCC,CCCCCCCCCCCCCCCCCCNC(=O)NCCCNC(=O)NCCCCCCCCCCCCCCCCCC,665.1489999999997,665.1489999999997,0.0,['none']
True,False,[],False,1,False,True,SCCSCCS,SCCSCCS,SCCSCCS,154.32500000000002,154.32500000000002,0.0,['none']
True,False,[],False,1,False,True,CCCCCCCCCCCCCCCCCCCCCC(=O)O,CCCCCCCCCCCCCCCCCCCCCC(=O)O,CCCCCCCCCCCCCCCCCCCCCC(=O)O,340.59200000000004,340.59200000000004,0.0,['none']
True,False,[],False,1,False,True,O=C(Nc1ccc(NC(=O)c2cc3ccccc3c(N=Nc3ccc(Cl)cc3[N+](=O)[O-])c2O)c(Cl)c1)c1cc2ccccc2c(N=Nc2ccc(Cl)cc2[N+](=O)[O-])c1O,O=C(Nc1ccc(NC(=O)c2cc3ccccc3c(N=Nc3ccc(Cl)cc3[N+](=O)[O-])c2O)c(Cl)c1)c1cc2ccccc2c(N=Nc2ccc(Cl)cc2[N+](=O)[O-])c1O,O=C(Nc1ccc(NC(=O)c2cc3ccccc3c(N=Nc3ccc(Cl)cc3[N+](=O)[O-])c2O)c(Cl)c1)c1cc2ccccc2c(N=Nc2ccc(Cl)cc2[N+](=O)[O-])c1O,850.031,850.031,0.0,['none']
True,False,[],False,1,False,True,O=[p+]1oc2ccccc2c2ccccc21,O=[p+]1oc2ccccc2c2ccccc21,O=[p+]1oc2ccccc2c2ccccc21,215.16799999999998,215.16799999999998,0.0,['none']
True,False,[],False,1,False,True,CCCCCCCCC=CCCCCCCCC(=O)OCCCCCCCCCCCC,CCCCCCCCC=CCCCCCCCC(=O)OCCCCCCCCCCCC,CCCCCCCCC=CCCCCCCCC(=O)OCCCCCCCCCCCC,450.7920000000004,450.7920000000004,0.0,['none']
True,False,[],False,1,False,True,CC(O)C(O)C(O)C(O)C=O,CC(O)C(O)C(O)C(O)C=O,CC(O)C(O)C(O)C(O)C=O,164.15699999999998,164.15699999999998,0.0,['none']
True,False,[],False,1,False,True,CCCCCCCCC=CCCCCCCCC(=O)N(C)CC(=O)O,CCCCCCCCC=CCCCCCCCC(=O)N(C)CC(=O)O,CCCCCCCCC=CCCCCCCCC(=O)N(C)CC(=O)O,353.547,353.547,0.0,['none']
True,False,[],False,1,False,True,C=C(OCC)C1C(C)(C)CC(=O)CC1(C)C,C=C(OCC)C1C(C)(C)CC(=O)CC1(C)C,C=C(OCC)C1C(C)(C)CC(=O)CC1(C)C,224.34399999999994,224.34399999999994,0.0,['none']
True,True,['Sn'],False,1,False,True,CCCCCCCCCCCC(=O)[O][Sn]([CH2]CCCCCCC)([CH2]CCCCCCC)[O]C(=O)CCCCCCCCCCC,CCCCCCC[CH2][Sn+2][CH2]CCCCCCC,CCCCCCC[CH2][Sn+2][CH2]CCCCCCC,743.7869999999997,345.15900000000016,-398.62799999999953,"['metal:Sn', 'fragment_removed']"
True,False,[],False,1,False,True,Cc1[nH]n(C)c(=O)c1C(=O)c1ccc(C(F)(F)F)cc1S(C)(=O)=O,Cc1[nH]n(C)c(=O)c1C(=O)c1ccc(C(F)(F)F)cc1S(C)(=O)=O,Cc1[nH]n(C)c(=O)c1C(=O)c1ccc(C(F)(F)F)cc1S(C)(=O)=O,362.32900000000006,362.32900000000006,0.0,['none']
True,False,[],False,1,False,True,CC1C(C)(C)C2=C(C3OCOCC3CC2)C1(C)C,CC1C(C)(C)C2=C(C3OCOCC3CC2)C1(C)C,CC1C(C)(C)C2=C(C3OCOCC3CC2)C1(C)C,250.38199999999992,250.38199999999992,0.0,['none']
True,False,[],False,1,False,True,CCCCCCCCCCCCCCCCO,CCCCCCCCCCCCCCCCO,CCCCCCCCCCCCCCCCO,242.44699999999992,242.44699999999992,0.0,['none']
True,False,[],False,1,False,True,C[N+](C)(C)CC(O)CC(=O)O,C[N+](C)(C)CC(O)CC(=O)O,C[N+](C)(C)CC(O)CC(=O)O,162.20899999999997,162.20899999999997,0.0,['none']
True,False,[],False,1,False,True,CCC=CCCOC(C)=O,CCC=CCCOC(C)=O,CCC=CCCOC(C)=O,142.198,142.198,0.0,['none']
True,False,[],False,1,False,True,CCCCCCCCC=CCCCCCCCCOC(=O)CCCCCCCC=CCCCCCCCC,CCCCCCCCC=CCCCCCCCCOC(=O)CCCCCCCC=CCCCCCCCC,CCCCCCCCC=CCCCCCCCCOC(=O)CCCCCCCC=CCCCCCCCC,532.9380000000004,532.9380000000004,0.0,['none']
True,False,[],False,1,False,True,CCCCCCCCCc1cccc(Nc2cccc(CCCCCCCCC)c2)c1,CCCCCCCCCc1cccc(Nc2cccc(CCCCCCCCC)c2)c1,CCCCCCCCCc1cccc(Nc2cccc(CCCCCCCCC)c2)c1,421.7130000000004,421.7130000000004,0.0,['none']
True,False,[],False,1,False,True,O=C1NCCN1CCO,O=C1NCCN1CCO,O=C1NCCN1CCO,130.14700000000002,130.14700000000002,0.0,['none']
True,False,[],False,1,False,True,CCn1cc[n+](C)c1,CCn1cc[n+](C)c1,CCn1cc[n+](C)c1,111.16799999999999,111.16799999999999,0.0,['none']
True,False,[],False,1,False,True,CCCCCCC1C(=O)CCC1C(=O)OC,CCCCCCC1C(=O)CCC1C(=O)OC,CCCCCCC1C(=O)CCC1C(=O)OC,226.31599999999995,226.31599999999995,0.0,['none']
True,False,[],False,1,False,True,CC(O)CN(CC(C)O)c1nc(Nc2ccc(C=Cc3ccc(Nc4nc(Nc5cc(S(=O)(=O)O)ccc5S(=O)(=O)O)nc(N(CC(C)O)CC(C)O)n4)cc3S(=O)(=O)O)c(S(=O)(=O)O)c2)nc(Nc2cc(S(=O)(=O)O)ccc2S(=O)(=O)O)n1,CC(O)CN(CC(C)O)c1nc(Nc2ccc(C=Cc3ccc(Nc4nc(Nc5cc(S(=O)(=O)O)ccc5S(=O)(=O)O)nc(N(CC(C)O)CC(C)O)n4)cc3S(=O)(=O)O)c(S(=O)(=O)O)c2)nc(Nc2cc(S(=O)(=O)O)ccc2S(=O)(=O)O)n1,CC(O)CN(CC(C)O)c1nc(Nc2ccc(C=Cc3ccc(Nc4nc(Nc5cc(S(=O)(=O)O)ccc5S(=O)(=O)O)nc(N(CC(C)O)CC(C)O)n4)cc3S(=O)(=O)O)c(S(=O)(=O)O)c2)nc(Nc2cc(S(=O)(=O)O)ccc2S(=O)(=O)O)n1,1293.3640000000005,1293.3640000000005,0.0,['none']
True,False,[],False,1,False,True,O=C(CCNc1ccc(N=Nc2ccc([N+](=O)[O-])cc2)cc1Cl)OCC(=O)OCCN1C(=O)c2ccccc2C1=O,O=C(CCNc1ccc(N=Nc2ccc([N+](=O)[O-])cc2)cc1Cl)OCC(=O)OCCN1C(=O)c2ccccc2C1=O,O=C(CCNc1ccc(N=Nc2ccc([N+](=O)[O-])cc2)cc1Cl)OCC(=O)OCCN1C(=O)c2ccccc2C1=O,579.9530000000003,579.9530000000003,0.0,['none']
True,False,[],False,1,False,True,C=CS(=O)(=O)c1ccc(N=Nc2c(S(=O)(=O)O)cc3cc(S(=O)(=O)O)c(N=Nc4ccc(S(=O)(=O)C=C)cc4S(=O)(=O)O)c(O)c3c2N)cc1,C=CS(=O)(=O)c1ccc(N=Nc2c(S(=O)(=O)O)cc3cc(S(=O)(=O)O)c(N=Nc4ccc(S(=O)(=O)C=C)cc4S(=O)(=O)O)c(O)c3c2N)cc1,C=CS(=O)(=O)c1ccc(N=Nc2c(S(=O)(=O)O)cc3cc(S(=O)(=O)O)c(N=Nc4ccc(S(=O)(=O)C=C)cc4S(=O)(=O)O)c(O)c3c2N)cc1,787.8100000000002,787.8100000000002,0.0,['none']
True,False,[],False,1,False,True,CC(=O)CC(C)(C)OO,CC(=O)CC(C)(C)OO,CC(=O)CC(C)(C)OO,132.159,132.159,0.0,['none']
True,False,[],False,1,False,True,CC(O)COC(C)COC(C)COCCN(CCOCC(C)OCC(C)OCC(C)O)CCOC(C)COC(C)COC(C)CO,CC(O)COC(C)COC(C)COCCN(CCOCC(C)OCC(C)OCC(C)O)CCOC(C)COC(C)COC(C)CO,CC(O)COC(C)COC(C)COCCN(CCOCC(C)OCC(C)OCC(C)O)CCOC(C)COC(C)COC(C)CO,671.9100000000002,671.9100000000002,0.0,['none']
True,False,[],False,1,False,True,CC(C)CCCCCCCO,CC(C)CCCCCCCO,CC(C)CCCCCCCO,158.285,158.285,0.0,['none']
True,False,[],False,1,False,True,CC(=O)O,CC(=O)O,CC(=O)O,60.05200000000001,60.05200000000001,0.0,['none']
True,False,[],False,1,False,True,CCCCCCCCC=CCCCCCCCCO,CCCCCCCCC=CCCCCCCCCO,CCCCCCCCC=CCCCCCCCCO,268.4849999999999,268.4849999999999,0.0,['none']
True,False,[],False,1,False,True,CC1(C)CCCC2(C)C1CCC1(C)OCCC12,CC1(C)CCCC2(C)C1CCC1(C)OCCC12,CC1(C)CCCC2(C)C1CCC1(C)OCCC12,236.39899999999994,236.39899999999994,0.0,['none']
True,False,[],False,1,False,True,Nc1c(I)c(C(=O)Cl)c(I)c(C(=O)Cl)c1I,Nc1c(I)c(C(=O)Cl)c(I)c(C(=O)Cl)c1I,Nc1c(I)c(C(=O)Cl)c(I)c(C(=O)Cl)c1I,595.7270000000001,595.7270000000001,0.0,['none']
True,False,[],False,1,False,True,COC(=O)C1CCCO1,COC(=O)C1CCCO1,COC(=O)C1CCCO1,130.143,130.143,0.0,['none']
True,False,[],False,1,False,True,C=C(C)c1cccc(C(=C)C)c1,C=C(C)c1cccc(C(=C)C)c1,C=C(C)c1cccc(C(=C)C)c1,158.24399999999994,158.24399999999994,0.0,['none']
True,False,[],False,1,False,True,N#[N+]c1ccc2c(S(=O)(=O)Cl)cccc2c1[O-],N#[N+]c1ccc2c(S(=O)(=O)Cl)cccc2c1[O-],N#[N+]c1ccc2c(S(=O)(=O)Cl)cccc2c1[O-],268.681,268.681,0.0,['none']
True,False,[],False,1,False,True,C=C(COC(C)=O)COC(C)=O,C=C(COC(C)=O)COC(C)=O,C=C(COC(C)=O)COC(C)=O,172.17999999999998,172.17999999999998,0.0,['none']
True,False,[],False,1,False,True,C=C(C)C(=O)OCCNC(C)(C)C,C=C(C)C(=O)OCCNC(C)(C)C,C=C(C)C(=O)OCCNC(C)(C)C,185.26699999999997,185.26699999999997,0.0,['none']
True,False,[],False,1,False,True,CCCCCCCCCCCC(=O)OCC(C)C,CCCCCCCCCCCC(=O)OCC(C)C,CCCCCCCCCCCC(=O)OCC(C)C,256.42999999999995,256.42999999999995,0.0,['none']
True,False,[],False,1,False,True,CCCC(C)=NO[Si](C)(ON=C(C)CCC)ON=C(C)CCC,CCCC(C)=NO[Si](C)(ON=C(C)CCC)ON=C(C)CCC,CCCC(C)=NO[Si](C)(ON=C(C)CCC)ON=C(C)CCC,343.5440000000001,343.5440000000001,0.0,['none']
True,False,[],False,1,False,True,CCCCCCCCC(CCCCCC)C(=O)OCC(=O)Nc1ccc(-c2nc3c(Cl)c(C(C)(C)C)[nH]n3n2)cc1,CCCCCCCCC(CCCCCC)C(=O)OCC(=O)Nc1ccc(-c2nc3c(Cl)c(C(C)(C)C)[nH]n3n2)cc1,CCCCCCCCC(CCCCCC)C(=O)OCC(=O)Nc1ccc(-c2nc3c(Cl)c(C(C)(C)C)[nH]n3n2)cc1,586.2210000000001,586.2210000000001,0.0,['none']
True,False,[],False,1,False,True,CCC(CC)CC1(C(=O)O)CCCCC1,CCC(CC)CC1(C(=O)O)CCCCC1,CCC(CC)CC1(C(=O)O)CCCCC1,212.33299999999994,212.33299999999994,0.0,['none']
True,False,[],False,1,False,True,CN(C)CCCN(C)CCCN(C)C,CN(C)CCCN(C)CCCN(C)C,CN(C)CCCN(C)CCCN(C)C,201.35799999999998,201.35799999999998,0.0,['none']
True,False,[],False,1,False,True,Cc1ccc(N(CC(C)O)CC(C)O)cc1,Cc1ccc(N(CC(C)O)CC(C)O)cc1,Cc1ccc(N(CC(C)O)CC(C)O)cc1,223.31600000000003,223.31600000000003,0.0,['none']
True,False,[],False,1,False,True,CC(c1ccccc1)c1ccccc1,CC(c1ccccc1)c1ccccc1,CC(c1ccccc1)c1ccccc1,182.266,182.266,0.0,['none']
True,False,[],False,1,False,True,O=C(O)CCCCCCCC(=O)O,O=C(O)CCCCCCCC(=O)O,O=C(O)CCCCCCCC(=O)O,188.22299999999998,188.22299999999998,0.0,['none']
True,False,[],False,1,False,True,CCOC(C)OC1CCCCCCCCCCC1,CCOC(C)OC1CCCCCCCCCCC1,CCOC(C)OC1CCCCCCCCCCC1,256.4299999999999,256.4299999999999,0.0,['none']
True,False,[],False,1,False,True,O=C(Nc1ccc(NC(=O)c2cc3ccccc3c(N=Nc3cc(Cl)ccc3Cl)c2O)cc1)c1cc2ccccc2c(N=Nc2cc(Cl)ccc2Cl)c1O,O=C(Nc1ccc(NC(=O)c2cc3ccccc3c(N=Nc3cc(Cl)ccc3Cl)c2O)cc1)c1cc2ccccc2c(N=Nc2cc(Cl)ccc2Cl)c1O,O=C(Nc1ccc(NC(=O)c2cc3ccccc3c(N=Nc3cc(Cl)ccc3Cl)c2O)cc1)c1cc2ccccc2c(N=Nc2cc(Cl)ccc2Cl)c1O,794.482,794.482,0.0,['none']
True,False,[],False,1,False,True,CCO[P+](=O)[O-],CCO[P+](=O)[O-],CCO[P+](=O)[O-],108.03299999999999,108.03299999999999,0.0,['none']
True,False,[],False,1,False,True,O=S(=O)([O-])CC(O)C[n+]1ccccc1,O=S(=O)([O-])CC(O)C[n+]1ccccc1,O=S(=O)([O-])CC(O)C[n+]1ccccc1,217.246,217.246,0.0,['none']
True,False,[],False,1,False,True,CCC=CCCCCCCCC(=O)OC,CCC=CCCCCCCCC(=O)OC,CCC=CCCCCCCCC(=O)OC,212.33299999999997,212.33299999999997,0.0,['none']
True,False,[],False,1,False,True,CN1C(=O)N(C)C(O)C1O,CN1C(=O)N(C)C(O)C1O,CN1C(=O)N(C)C(O)C1O,146.146,146.146,0.0,['none']
True,False,[],False,1,False,True,CCCCCCCCCCCCOP(=O)(O)O,CCCCCCCCCCCCOP(=O)(O)O,CCCCCCCCCCCCOP(=O)(O)O,266.3179999999999,266.3179999999999,0.0,['none']
True,False,[],False,1,False,True,OC1(c2ccc(Cl)cc2)CCNCC1,OC1(c2ccc(Cl)cc2)CCNCC1,OC1(c2ccc(Cl)cc2)CCNCC1,211.69199999999995,211.69199999999995,0.0,['none']
True,False,[],False,1,False,True,CC12CCC3C4=C(CCC3C1CCC2=O)CC(=O)CC4,CC12CCC3C4=C(CCC3C1CCC2=O)CC(=O)CC4,CC12CCC3C4=C(CCC3C1CCC2=O)CC(=O)CC4,272.38800000000003,272.38800000000003,0.0,['none']
True,False,[],False,1,False,True,Nc1ccc(O)cc1F,Nc1ccc(O)cc1F,Nc1ccc(O)cc1F,127.118,127.118,0.0,['none']
True,False,[],False,1,False,True,O=C(CO)C(O)CO,O=C(CO)C(O)CO,O=C(CO)C(O)CO,120.10399999999998,120.10399999999998,0.0,['none']
True,False,[],False,1,False,True,CCOC(=O)OCCOc1cc(O)c2c(c1N)C(=O)c1ccccc1C2=O,CCOC(=O)OCCOc1cc(O)c2c(c1N)C(=O)c1ccccc1C2=O,CCOC(=O)OCCOc1cc(O)c2c(c1N)C(=O)c1ccccc1C2=O,371.3450000000001,371.3450000000001,0.0,['none']
True,False,[],False,1,False,True,FC(F)C(F)(F)OCC(F)(F)F,FC(F)C(F)(F)OCC(F)(F)F,FC(F)C(F)(F)OCC(F)(F)F,200.05299999999997,200.05299999999997,0.0,['none']
True,False,[],False,1,False,True,O=C(Nc1cc(Cl)c(NC(=O)c2cc3ccccc3c(N=Nc3cc(Cl)ccc3Cl)c2O)cc1Cl)c1cc2ccccc2c(N=Nc2cc(Cl)ccc2Cl)c1O,O=C(Nc1cc(Cl)c(NC(=O)c2cc3ccccc3c(N=Nc3cc(Cl)ccc3Cl)c2O)cc1Cl)c1cc2ccccc2c(N=Nc2cc(Cl)ccc2Cl)c1O,O=C(Nc1cc(Cl)c(NC(=O)c2cc3ccccc3c(N=Nc3cc(Cl)ccc3Cl)c2O)cc1Cl)c1cc2ccccc2c(N=Nc2cc(Cl)ccc2Cl)c1O,863.372,863.372,0.0,['none']
True,False,[],False,1,False,True,Cc1cc(Cc2cc(C)cc(C3CCCCC3)c2O)c(O)c(C2CCCCC2)c1,Cc1cc(Cc2cc(C)cc(C3CCCCC3)c2O)c(O)c(C2CCCCC2)c1,Cc1cc(Cc2cc(C)cc(C3CCCCC3)c2O)c(O)c(C2CCCCC2)c1,392.5830000000002,392.5830000000002,0.0,['none']
True,False,[],False,1,False,True,CC(=O)NC1CC(C)(C)NC(C)(C)C1,CC(=O)NC1CC(C)(C)NC(C)(C)C1,CC(=O)NC1CC(C)(C)NC(C)(C)C1,198.30999999999997,198.30999999999997,0.0,['none']
True,False,[],False,1,False,True,Cc1nc2ccccn2c(=O)c1CCCl,Cc1nc2ccccn2c(=O)c1CCCl,Cc1nc2ccccn2c(=O)c1CCCl,222.67499999999993,222.67499999999993,0.0,['none']
True,False,[],False,1,False,True,CCN(CC)c1nc(Nc2ccc(C=Cc3ccc(Nc4nc(Nc5cc(S(=O)(=O)O)ccc5S(=O)(=O)O)nc(N(CC)CC)n4)cc3S(=O)(=O)O)c(S(=O)(=O)O)c2)nc(Nc2cc(S(=O)(=O)O)ccc2S(=O)(=O)O)n1,CCN(CC)c1nc(Nc2ccc(C=Cc3ccc(Nc4nc(Nc5cc(S(=O)(=O)O)ccc5S(=O)(=O)O)nc(N(CC)CC)n4)cc3S(=O)(=O)O)c(S(=O)(=O)O)c2)nc(Nc2cc(S(=O)(=O)O)ccc2S(=O)(=O)O)n1,CCN(CC)c1nc(Nc2ccc(C=Cc3ccc(Nc4nc(Nc5cc(S(=O)(=O)O)ccc5S(=O)(=O)O)nc(N(CC)CC)n4)cc3S(=O)(=O)O)c(S(=O)(=O)O)c2)nc(Nc2cc(S(=O)(=O)O)ccc2S(=O)(=O)O)n1,1173.2600000000002,1173.2600000000002,0.0,['none']
True,False,[],False,1,False,True,CCCSP(=O)(OCC)Oc1ccc(Br)cc1Cl,CCCSP(=O)(OCC)Oc1ccc(Br)cc1Cl,CCCSP(=O)(OCC)Oc1ccc(Br)cc1Cl,373.63599999999997,373.63599999999997,0.0,['none']
True,False,[],False,1,False,True,CN(C)c1ccc(C(=C2C=CC(=[N+](C)C)C=C2)c2ccccc2)cc1,CN(C)c1ccc(C(=C2C=CC(=[N+](C)C)C=C2)c2ccccc2)cc1,CN(C)c1ccc(C(=C2C=CC(=[N+](C)C)C=C2)c2ccccc2)cc1,329.467,329.467,0.0,['none']
True,False,[],False,1,False,True,CCCCCCCCC(=O)OCC(C)OC(=O)CCCCCCCC,CCCCCCCCC(=O)OCC(C)OC(=O)CCCCCCCC,CCCCCCCCC(=O)OCC(C)OC(=O)CCCCCCCC,356.54700000000025,356.54700000000025,0.0,['none']
True,False,[],False,1,False,True,CCOC(=O)c1ccnc(C(=O)OCC)c1,CCOC(=O)c1ccnc(C(=O)OCC)c1,CCOC(=O)c1ccnc(C(=O)OCC)c1,223.22799999999995,223.22799999999995,0.0,['none']
True,False,[],False,1,False,True,CC(C)CCCCCCCCCCCCCCCOC(=O)CCCCCCCCCCCCCCC(C)C,CC(C)CCCCCCCCCCCCCCCOC(=O)CCCCCCCCCCCCCCC(C)C,CC(C)CCCCCCCCCCCCCCCOC(=O)CCCCCCCCCCCCCCC(C)C,536.9700000000005,536.9700000000005,0.0,['none']
True,False,[],False,1,False,True,COC(C)(C)CCCC(C)C(C)O,COC(C)(C)CCCC(C)C(C)O,COC(C)(C)CCCC(C)C(C)O,188.311,188.311,0.0,['none']
True,False,[],False,1,False,True,O=S(=O)(O)c1cc(Nc2nc(Nc3ccccc3)nc(N(CCO)CCO)n2)ccc1C=Cc1ccc(Nc2nc(Nc3ccccc3)nc(N(CCO)CCO)n2)cc1S(=O)(=O)O,O=S(=O)(O)c1cc(Nc2nc(Nc3ccccc3)nc(N(CCO)CCO)n2)ccc1C=Cc1ccc(Nc2nc(Nc3ccccc3)nc(N(CCO)CCO)n2)cc1S(=O)(=O)O,O=S(=O)(O)c1cc(Nc2nc(Nc3ccccc3)nc(N(CCO)CCO)n2)ccc1C=Cc1ccc(Nc2nc(Nc3ccccc3)nc(N(CCO)CCO)n2)cc1S(=O)(=O)O,916.9999999999999,916.9999999999999,0.0,['none']
True,False,[],False,1,False,True,CCC(C)=CCCC(C)CCO,CCC(C)=CCCC(C)CCO,CCC(C)=CCCC(C)CCO,170.29599999999996,170.29599999999996,0.0,['none']
True,False,[],False,1,False,True,CC#N,CC#N,CC#N,41.053,41.053,0.0,['none']
True,False,[],False,1,False,True,CC(F)(F)F,CC(F)(F)F,CC(F)(F)F,84.04,84.04,0.0,['none']
True,False,[],False,1,False,True,C=C(C)C(=O)OCCN1CCOC12CCCCC2,C=C(C)C(=O)OCCN1CCOC12CCCCC2,C=C(C)C(=O)OCCN1CCOC12CCCCC2,253.3419999999999,253.3419999999999,0.0,['none']
True,False,[],False,1,False,True,CCCCCCCCCCCCCCCC(=O)OCCO,CCCCCCCCCCCCCCCC(=O)OCCO,CCCCCCCCCCCCCCCC(=O)OCCO,300.483,300.483,0.0,['none']
True,False,[],False,1,False,True,CC1=CCC(C(C)C)C=C1,CC1=CCC(C(C)C)C=C1,CC1=CCC(C(C)C)C=C1,136.238,136.238,0.0,['none']
True,False,[],False,1,False,True,CC(O)(P(=O)(O)O)P(=O)(O)O,CC(O)(P(=O)(O)O)P(=O)(O)O,CC(O)(P(=O)(O)O)P(=O)(O)O,206.027,206.027,0.0,['none']
True,False,[],False,1,False,True,CCCCCCCCC=CCCCCCCCC(=O)OCC(C)(C)COC(=O)CCCCCCCC=CCCCCCCCC,CCCCCCCCC=CCCCCCCCC(=O)OCC(C)(C)COC(=O)CCCCCCCC=CCCCCCCCC,CCCCCCCCC=CCCCCCCCC(=O)OCC(C)(C)COC(=O)CCCCCCCC=CCCCCCCCC,633.055,633.055,0.0,['none']
True,False,[],False,1,False,True,CCN(CC)c1nc(Nc2ccc(S(=O)(=O)O)cc2)nc(Nc2ccc(C=Cc3ccc(Nc4nc(Nc5ccc(S(=O)(=O)O)cc5)nc(N(CC)CC)n4)cc3S(=O)(=O)O)c(S(=O)(=O)O)c2)n1,CCN(CC)c1nc(Nc2ccc(S(=O)(=O)O)cc2)nc(Nc2ccc(C=Cc3ccc(Nc4nc(Nc5ccc(S(=O)(=O)O)cc5)nc(N(CC)CC)n4)cc3S(=O)(=O)O)c(S(=O)(=O)O)c2)n1,CCN(CC)c1nc(Nc2ccc(S(=O)(=O)O)cc2)nc(Nc2ccc(C=Cc3ccc(Nc4nc(Nc5ccc(S(=O)(=O)O)cc5)nc(N(CC)CC)n4)cc3S(=O)(=O)O)c(S(=O)(=O)O)c2)n1,1013.1320000000001,1013.1320000000001,0.0,['none']
True,False,[],False,1,False,True,CCCCCCCCCCC(CCCCCCCC)COC1OCC(O)C(O)C1O,CCCCCCCCCCC(CCCCCCCC)COC1OCC(O)C(O)C1O,CCCCCCCCCCC(CCCCCCCC)COC1OCC(O)C(O)C1O,430.6700000000001,430.6700000000001,0.0,['none']
True,False,[],False,1,False,True,CN=C(N)N[N+](=O)[O-],CN=C(N)N[N+](=O)[O-],CN=C(N)N[N+](=O)[O-],118.09599999999999,118.09599999999999,0.0,['none']
True,False,[],False,1,False,True,CCCCCC=CCC1CC(=O)OC1=O,CCCCCC=CCC1CC(=O)OC1=O,CCCCCC=CCC1CC(=O)OC1=O,210.27299999999994,210.27299999999994,0.0,['none']
True,False,[],False,1,False,True,C=CC(=O)OCC1CC2CC1C1CCC(COC(=O)C=C)C21,C=CC(=O)OCC1CC2CC1C1CCC(COC(=O)C=C)C21,C=CC(=O)OCC1CC2CC1C1CCC(COC(=O)C=C)C21,304.386,304.386,0.0,['none']
True,False,[],False,1,False,True,CC1(C)CC(NC(=O)c2cccc(C(=O)NC3CC(C)(C)NC(C)(C)C3)c2)CC(C)(C)N1,CC1(C)CC(NC(=O)c2cccc(C(=O)NC3CC(C)(C)NC(C)(C)C3)c2)CC(C)(C)N1,CC1(C)CC(NC(=O)c2cccc(C(=O)NC3CC(C)(C)NC(C)(C)C3)c2)CC(C)(C)N1,442.64800000000025,442.64800000000025,0.0,['none']
True,False,[],False,1,False,True,O=C(O)c1ccccc1C(=O)c1ccc(-c2ccccc2)cc1,O=C(O)c1ccccc1C(=O)c1ccc(-c2ccccc2)cc1,O=C(O)c1ccccc1C(=O)c1ccc(-c2ccccc2)cc1,302.329,302.329,0.0,['none']
True,False,[],False,1,False,True,C=C(C)C(=O)OCC1CC2CC1C1CCC(COC(=O)C(=C)C)C21,C=C(C)C(=O)OCC1CC2CC1C1CCC(COC(=O)C(=C)C)C21,C=C(C)C(=O)OCC1CC2CC1C1CCC(COC(=O)C(=C)C)C21,332.44000000000005,332.44000000000005,0.0,['none']
True,False,[],False,1,False,True,CCCCCCCCCc1cc(C(C)(C)C)c(O)c(C(C)(C)C)c1,CCCCCCCCCc1cc(C(C)(C)C)c(O)c(C(C)(C)C)c1,CCCCCCCCCc1cc(C(C)(C)C)c(O)c(C(C)(C)C)c1,332.5720000000001,332.5720000000001,0.0,['none']
True,False,[],False,1,False,True,CCCCCCCCCCCC(=O)N(C)CCS(=O)(=O)O,CCCCCCCCCCCC(=O)N(C)CCS(=O)(=O)O,CCCCCCCCCCCC(=O)N(C)CCS(=O)(=O)O,321.483,321.483,0.0,['none']
True,False,[],False,1,False,True,Cc1cn2c(nc1=O)OC1C(O)C(CO)OC12,Cc1cn2c(nc1=O)OC1C(O)C(CO)OC12,Cc1cn2c(nc1=O)OC1C(O)C(CO)OC12,240.215,240.215,0.0,['none']
True,False,[],False,1,False,True,O=c1c2cc(Br)c3cccc4c(=O)c5cc(Br)c6cccc1c6c5-c2c34,O=c1c2cc(Br)c3cccc4c(=O)c5cc(Br)c6cccc1c6c5-c2c34,O=c1c2cc(Br)c3cccc4c(=O)c5cc(Br)c6cccc1c6c5-c2c34,464.11200000000014,464.11200000000014,0.0,['none']
True,False,[],False,1,False,True,CC(C)CC(C)(C#N)N=NC(C)(C#N)CC(C)C,CC(C)CC(C)(C#N)N=NC(C)(C#N)CC(C)C,CC(C)CC(C)(C#N)N=NC(C)(C#N)CC(C)C,248.37399999999997,248.37399999999997,0.0,['none']
True,False,[],False,1,False,True,O=C1CCC2CCCCC2O1,O=C1CCC2CCCCC2O1,O=C1CCC2CCCCC2O1,154.209,154.209,0.0,['none']
True,False,[],False,1,False,True,O=S(=O)(O)CCN1CCOCC1,O=S(=O)(O)CCN1CCOCC1,O=S(=O)(O)CCN1CCOCC1,195.23999999999995,195.23999999999995,0.0,['none']
True,False,[],False,1,False,True,COC(C)CCOC(C)=O,COC(C)CCOC(C)=O,COC(C)CCOC(C)=O,146.18599999999998,146.18599999999998,0.0,['none']
True,False,[],False,1,False,True,CCOC(=O)CN(CC(=O)OCC)C(=O)Oc1c(C#N)c(C(=O)OC2C(C(C)(C)C)CC(C)CC2C(C)(C)C)c2nc(-c3ccc(C(C)(C)C)cc3)[nH]n12,CCOC(=O)CN(CC(=O)OCC)C(=O)Oc1c(C#N)c(C(=O)OC2C(C(C)(C)C)CC(C)CC2C(C)(C)C)c2nc(-c3ccc(C(C)(C)C)cc3)[nH]n12,CCOC(=O)CN(CC(=O)OCC)C(=O)Oc1c(C#N)c(C(=O)OC2C(C(C)(C)C)CC(C)CC2C(C)(C)C)c2nc(-c3ccc(C(C)(C)C)cc3)[nH]n12,747.934,747.934,0.0,['none']
True,False,[],False,1,False,True,C=CC(=O)OCC(O)COC(=O)C(C)(CCC)CCCC,C=CC(=O)OCC(O)COC(=O)C(C)(CCC)CCCC,C=CC(=O)OCC(O)COC(=O)C(C)(CCC)CCCC,300.39500000000004,300.39500000000004,0.0,['none']
True,False,[],False,1,False,True,CCCCC(CC)COC(=O)C(=Cc1cc(OC)c(O)c(OC)c1)C(=O)OCC(CC)CCCC,CCCCC(CC)COC(=O)C(=Cc1cc(OC)c(O)c(OC)c1)C(=O)OCC(CC)CCCC,CCCCC(CC)COC(=O)C(=Cc1cc(OC)c(O)c(OC)c1)C(=O)OCC(CC)CCCC,492.6530000000004,492.6530000000004,0.0,['none']
True,False,[],False,1,False,True,CC(CCO)CCO,CC(CCO)CCO,CC(CCO)CCO,118.17599999999999,118.17599999999999,0.0,['none']
True,False,[],False,1,False,True,OCCN(CCO)C1CCCCC1,OCCN(CCO)C1CCCCC1,OCCN(CCO)C1CCCCC1,187.28299999999993,187.28299999999993,0.0,['none']
True,False,[],False,1,False,True,CCCCCCCCC=CCCCCCCCC(=O)NCCCN(C)CCCNC(=O)CCCCCCCC=CCCCCCCCC,CCCCCCCCC=CCCCCCCCC(=O)NCCCN(C)CCCNC(=O)CCCCCCCC=CCCCCCCCC,CCCCCCCCC=CCCCCCCCC(=O)NCCCN(C)CCCNC(=O)CCCCCCCC=CCCCCCCCC,674.1559999999998,674.1559999999998,0.0,['none']
True,False,[],False,1,False,True,O=C=NCCCCCN=C=O,O=C=NCCCCCN=C=O,O=C=NCCCCCN=C=O,154.169,154.169,0.0,['none']
True,False,[],False,1,False,True,CC(C)=CCCC(C)=CCCC(C)=CCO,CC(C)=CCCC(C)=CCCC(C)=CCO,CC(C)=CCCC(C)=CCCC(C)=CCO,222.37199999999996,222.37199999999996,0.0,['none']
True,False,[],False,1,False,True,CCOCOCC,CCOCOCC,CCOCOCC,104.149,104.149,0.0,['none']
True,False,[],False,1,False,True,CC=CCC#N,CC=CCC#N,CC=CCC#N,81.11800000000001,81.11800000000001,0.0,['none']
True,False,[],False,1,False,True,CC12CCC(CC1=O)C2(C)C,CC12CCC(CC1=O)C2(C)C,CC12CCC(CC1=O)C2(C)C,152.237,152.237,0.0,['none']
True,False,[],False,1,False,True,CC1=NN(c2ccccc2)C(=O)C1=CC1C(=O)N(c2ccccc2)N=C1C,CC1=NN(c2ccccc2)C(=O)C1=CC1C(=O)N(c2ccccc2)N=C1C,CC1=NN(c2ccccc2)C(=O)C1=CC1C(=O)N(c2ccccc2)N=C1C,358.401,358.401,0.0,['none']
True,False,[],False,1,False,True,CC(c1ccc(OC#N)cc1)c1ccc(OC#N)cc1,CC(c1ccc(OC#N)cc1)c1ccc(OC#N)cc1,CC(c1ccc(OC#N)cc1)c1ccc(OC#N)cc1,264.284,264.284,0.0,['none']
True,False,[],False,1,False,True,O=[P+](Oc1ccccc1)Oc1ccccc1,O=[P+](Oc1ccccc1)Oc1ccccc1,O=[P+](Oc1ccccc1)Oc1ccccc1,233.183,233.183,0.0,['none']
True,False,[],False,1,False,True,OCCN1CN(CCO)CN(CCO)C1,OCCN1CN(CCO)CN(CCO)C1,OCCN1CN(CCO)CN(CCO)C1,219.28499999999997,219.28499999999997,0.0,['none']
True,False,[],False,1,False,True,CCCCCCCCP(=O)(O)O,CCCCCCCCP(=O)(O)O,CCCCCCCCP(=O)(O)O,194.211,194.211,0.0,['none']
True,False,[],False,1,False,True,CC(C)(O)C(=O)c1ccc(Cc2ccc(C(=O)C(C)(C)O)cc2)cc1,CC(C)(O)C(=O)c1ccc(Cc2ccc(C(=O)C(C)(C)O)cc2)cc1,CC(C)(O)C(=O)c1ccc(Cc2ccc(C(=O)C(C)(C)O)cc2)cc1,340.419,340.419,0.0,['none']
True,False,[],False,1,False,True,CNC(C)C,CNC(C)C,CNC(C)C,73.139,73.139,0.0,['none']
True,False,[],False,1,False,True,CCCCCCCCC(CCCCCC)C(=O)Nc1cc(C)ccc1O,CCCCCCCCC(CCCCCC)C(=O)Nc1cc(C)ccc1O,CCCCCCCCC(CCCCCC)C(=O)Nc1cc(C)ccc1O,361.57000000000005,361.57000000000005,0.0,['none']
True,False,[],False,1,False,True,CC(CO)(CO)C(=O)O,CC(CO)(CO)C(=O)O,CC(CO)(CO)C(=O)O,134.131,134.131,0.0,['none']
True,False,[],False,1,False,True,CC(OC(C)(C)COC(=O)C1CC1)C1CCCC(C)(C)C1,CC(OC(C)(C)COC(=O)C1CC1)C1CCCC(C)(C)C1,CC(OC(C)(C)COC(=O)C1CC1)C1CCCC(C)(C)C1,296.451,296.451,0.0,['none']
True,False,[],False,1,False,True,CCn1c(O)c(CS(=O)(=O)O)c(C)c(N=Nc2cc(Nc3nc(F)nc(Nc4ccc(S(=O)(=O)CCOS(=O)(=O)O)cc4)n3)ccc2S(=O)(=O)O)c1=O,CCn1c(O)c(CS(=O)(=O)O)c(C)c(N=Nc2cc(Nc3nc(F)nc(Nc4ccc(S(=O)(=O)CCOS(=O)(=O)O)cc4)n3)ccc2S(=O)(=O)O)c1=O,CCn1c(O)c(CS(=O)(=O)O)c(C)c(N=Nc2cc(Nc3nc(F)nc(Nc4ccc(S(=O)(=O)CCOS(=O)(=O)O)cc4)n3)ccc2S(=O)(=O)O)c1=O,822.8100000000003,822.8100000000003,0.0,['none']
True,False,[],False,1,False,True,COc1cc(N=Nc2cc(S(=O)(=O)O)ccc2O)c(N=Nc2c(S(=O)(=O)O)cc3c(S(=O)(=O)O)c(Nc4nc(F)nc(N(C)CCS(=O)(=O)CCOS(=O)(=O)O)n4)ccc3c2O)cc1OC,COc1cc(N=Nc2cc(S(=O)(=O)O)ccc2O)c(N=Nc2c(S(=O)(=O)O)cc3c(S(=O)(=O)O)c(Nc4nc(F)nc(N(C)CCS(=O)(=O)CCOS(=O)(=O)O)n4)ccc3c2O)cc1OC,COc1cc(N=Nc2cc(S(=O)(=O)O)ccc2O)c(N=Nc2c(S(=O)(=O)O)cc3c(S(=O)(=O)O)c(Nc4nc(F)nc(N(C)CCS(=O)(=O)CCOS(=O)(=O)O)n4)ccc3c2O)cc1OC,1025.9849999999997,1025.9849999999997,0.0,['none']
True,False,[],False,1,False,True,C=CC(=O)OCCCCCCCCCCCCCCCCCCCC,C=CC(=O)OCCCCCCCCCCCCCCCCCCCC,C=CC(=O)OCCCCCCCCCCCCCCCCCCCC,352.6030000000002,352.6030000000002,0.0,['none']
True,False,[],False,1,False,True,C=CC(=O)OCCCCCCCCCCCCCCCCCC,C=CC(=O)OCCCCCCCCCCCCCCCCCC,C=CC(=O)OCCCCCCCCCCCCCCCCCC,324.5490000000001,324.5490000000001,0.0,['none']
True,False,[],False,1,False,True,CCCCCC1CCCC1=O,CCCCCC1CCCC1=O,CCCCCC1CCCC1=O,154.253,154.253,0.0,['none']
True,False,[],False,1,False,True,O=C1C(c2[nH]c3ccccc3c2O)=Nc2ccccc21,O=C1C(c2[nH]c3ccccc3c2O)=Nc2ccccc21,O=C1C(c2[nH]c3ccccc3c2O)=Nc2ccccc21,262.26800000000003,262.26800000000003,0.0,['none']
True,False,[],False,1,False,True,O=C1c2ccccc2-c2ccccc21,O=C1c2ccccc2-c2ccccc21,O=C1c2ccccc2-c2ccccc21,180.206,180.206,0.0,['none']
True,False,[],False,1,False,True,CCC=CCC1=C(C)CCC1=O,CCC=CCC1=C(C)CCC1=O,CCC=CCC1=C(C)CCC1=O,164.248,164.248,0.0,['none']
True,False,[],False,1,False,True,C1=CCCC=CCCC=CCC1,C1=CCCC=CCCC=CCC1,C1=CCCC=CCCC=CCC1,162.27599999999995,162.27599999999995,0.0,['none']
True,False,[],False,1,False,True,Cc1cc(C)cc(N2C(=O)c3ccc4c5ccc6c7c(ccc(c8ccc(c3c48)C2=O)c75)C(=O)N(c2cc(C)cc(C)c2)C6=O)c1,Cc1cc(C)cc(N2C(=O)c3ccc4c5ccc6c7c(ccc(c8ccc(c3c48)C2=O)c75)C(=O)N(c2cc(C)cc(C)c2)C6=O)c1,Cc1cc(C)cc(N2C(=O)c3ccc4c5ccc6c7c(ccc(c8ccc(c3c48)C2=O)c75)C(=O)N(c2cc(C)cc(C)c2)C6=O)c1,598.6580000000004,598.6580000000004,0.0,['none']
True,False,[],False,1,False,True,CCCCCCCCC=CCCCCCCCC(=O)OCC(O)COCC(O)CO,CCCCCCCCC=CCCCCCCCC(=O)OCC(O)COCC(O)CO,CCCCCCCCC=CCCCCCCCC(=O)OCC(O)COCC(O)CO,430.62600000000015,430.62600000000015,0.0,['none']
True,False,[],False,1,False,True,NC(=NCCCC(N)C(=O)O)NP(=O)(O)O,NC(=NCCCC(N)C(=O)O)NP(=O)(O)O,NC(=NCCCC(N)C(=O)O)NP(=O)(O)O,254.18300000000002,254.18300000000002,0.0,['none']
True,False,[],False,1,False,True,c1ccc2sc(SN(C3CCCCC3)C3CCCCC3)nc2c1,c1ccc2sc(SN(C3CCCCC3)C3CCCCC3)nc2c1,c1ccc2sc(SN(C3CCCCC3)C3CCCCC3)nc2c1,346.5650000000001,346.5650000000001,0.0,['none']
True,False,[],False,1,False,True,CC1=CCC2C(C1)C2(C)C,CC1=CCC2C(C1)C2(C)C,CC1=CCC2C(C1)C2(C)C,136.238,136.238,0.0,['none']
True,False,[],False,1,False,True,NCCCN(CCO)CCO,NCCCN(CCO)CCO,NCCCN(CCO)CCO,162.23299999999998,162.23299999999998,0.0,['none']
True,False,[],False,1,False,True,Cc1ccc(C(C)C)cc1O,Cc1ccc(C(C)C)cc1O,Cc1ccc(C(C)C)cc1O,150.221,150.221,0.0,['none']
True,False,[],False,1,False,True,C=O,C=O,C=O,30.026,30.026,0.0,['none']
True,False,[],False,1,False,True,COc1ccc(Cl)c(S(N)(=O)=O)c1,COc1ccc(Cl)c(S(N)(=O)=O)c1,COc1ccc(Cl)c(S(N)(=O)=O)c1,221.665,221.665,0.0,['none']
True,False,[],False,1,False,True,CC(=O)N1CSCC1C(=O)O,CC(=O)N1CSCC1C(=O)O,CC(=O)N1CSCC1C(=O)O,175.20900000000003,175.20900000000003,0.0,['none']
True,False,[],False,1,False,True,c1cc(N(CC2CO2)CC2CO2)ccc1OCC1CO1,c1cc(N(CC2CO2)CC2CO2)ccc1OCC1CO1,c1cc(N(CC2CO2)CC2CO2)ccc1OCC1CO1,277.32000000000005,277.32000000000005,0.0,['none']
True,False,[],False,1,False,True,OCCCO,OCCCO,OCCCO,76.095,76.095,0.0,['none']
True,False,[],False,1,False,True,CCCCC(CC)COC(=O)CCS,CCCCC(CC)COC(=O)CCS,CCCCC(CC)COC(=O)CCS,218.36199999999997,218.36199999999997,0.0,['none']
True,False,[],False,1,False,True,C1CCOCOC1,C1CCOCOC1,C1CCOCOC1,102.133,102.133,0.0,['none']
True,False,[],False,1,False,True,CCCOCOCCC,CCCOCOCCC,CCCOCOCCC,132.203,132.203,0.0,['none']
True,False,[],False,1,False,True,CCC(COCCO)(COCCO)COCCO,CCC(COCCO)(COCCO)COCCO,CCC(COCCO)(COCCO)COCCO,266.3339999999999,266.3339999999999,0.0,['none']
True,False,[],False,1,False,True,C#N,C#N,C#N,27.025999999999996,27.025999999999996,0.0,['none']
True,False,[],False,1,False,True,CC1(C)C2CCC1(C)C(O)C2,CC1(C)C2CCC1(C)C(O)C2,CC1(C)C2CCC1(C)C(O)C2,154.253,154.253,0.0,['none']
True,False,[],False,1,False,True,CCO[Si](CCCCl)(OCC)OCC,CCO[Si](CCCCl)(OCC)OCC,CCO[Si](CCCCl)(OCC)OCC,240.80299999999994,240.80299999999994,0.0,['none']
True,False,[],False,1,False,True,C=CC(=O)OCCOC(=O)CCC(=O)O,C=CC(=O)OCCOC(=O)CCC(=O)O,C=CC(=O)OCCOC(=O)CCC(=O)O,216.18899999999996,216.18899999999996,0.0,['none']
True,False,[],False,1,False,True,O=C(O)C1CC(O)CN1,O=C(O)C1CC(O)CN1,O=C(O)C1CC(O)CN1,131.131,131.131,0.0,['none']
True,False,[],False,1,False,True,C=CC(=O)N1CCOCC1,C=CC(=O)N1CCOCC1,C=CC(=O)N1CCOCC1,141.17,141.17,0.0,['none']
True,False,[],False,1,False,True,CC1(C)COCN1,CC1(C)COCN1,CC1(C)COCN1,101.149,101.149,0.0,['none']
True,False,[],False,1,False,True,C=CCCC(=O)Oc1ccccc1,C=CCCC(=O)Oc1ccccc1,C=CCCC(=O)Oc1ccccc1,176.215,176.215,0.0,['none']
True,False,[],False,1,False,True,O=[N+]([O-])c1cc(S(=O)(=O)Nc2ccccc2)ccc1Nc1ccccc1,O=[N+]([O-])c1cc(S(=O)(=O)Nc2ccccc2)ccc1Nc1ccccc1,O=[N+]([O-])c1cc(S(=O)(=O)Nc2ccccc2)ccc1Nc1ccccc1,369.4020000000001,369.4020000000001,0.0,['none']
True,False,[],False,1,False,True,O=C(O)C(=O)O,O=C(O)C(=O)O,O=C(O)C(=O)O,90.03399999999999,90.03399999999999,0.0,['none']
True,False,[],False,1,False,True,CCC1(CO)COCOC1,CCC1(CO)COCOC1,CCC1(CO)COCOC1,146.18599999999998,146.18599999999998,0.0,['none']
True,False,[],False,1,False,True,CNS(=O)(=O)c1cc(OC)c(N=Nc2c(O)c(C(=O)Nc3ccc4[nH]c(=O)[nH]c4c3)cc3ccccc23)cc1C,CNS(=O)(=O)c1cc(OC)c(N=Nc2c(O)c(C(=O)Nc3ccc4[nH]c(=O)[nH]c4c3)cc3ccccc23)cc1C,CNS(=O)(=O)c1cc(OC)c(N=Nc2c(O)c(C(=O)Nc3ccc4[nH]c(=O)[nH]c4c3)cc3ccccc23)cc1C,560.5920000000001,560.5920000000001,0.0,['none']
True,False,[],False,1,False,True,O=[N+]([O-])c1ccc(N=Nc2c(O)ccc3ccccc23)c(O)c1,O=[N+]([O-])c1ccc(N=Nc2c(O)ccc3ccccc23)c(O)c1,O=[N+]([O-])c1ccc(N=Nc2c(O)ccc3ccccc23)c(O)c1,309.28100000000006,309.28100000000006,0.0,['none']
True,False,[],False,1,False,True,CCCCCCCCCCCC(=O)NCCCCC(N)C(=O)O,CCCCCCCCCCCC(=O)NCCCCC(N)C(=O)O,CCCCCCCCCCCC(=O)NCCCCC(N)C(=O)O,328.497,328.497,0.0,['none']
True,False,[],False,1,False,True,CCOC(=O)C(C#N)=C(c1ccccc1)c1ccccc1,CCOC(=O)C(C#N)=C(c1ccccc1)c1ccccc1,CCOC(=O)C(C#N)=C(c1ccccc1)c1ccccc1,277.32300000000004,277.32300000000004,0.0,['none']
True,False,[],False,1,False,True,CCCC1CCC(c2ccc(-c3ccc(-c4cc(F)c(OC(F)(F)F)c(F)c4)c(F)c3)cc2)CC1,CCCC1CCC(c2ccc(-c3ccc(-c4cc(F)c(OC(F)(F)F)c(F)c4)c(F)c3)cc2)CC1,CCCC1CCC(c2ccc(-c3ccc(-c4cc(F)c(OC(F)(F)F)c(F)c4)c(F)c3)cc2)CC1,492.50300000000016,492.50300000000016,0.0,['none']
True,False,[],False,1,False,True,CC(C)(COCCCO)COCCCO,CC(C)(COCCCO)COCCCO,CC(C)(COCCCO)COCCCO,220.30899999999997,220.30899999999997,0.0,['none']
True,False,[],False,1,False,True,CC(C)SP(=O)(O)SC(C)C,CC(C)SP(=O)(O)SC(C)C,CC(C)SP(=O)(O)SC(C)C,214.29200000000003,214.29200000000003,0.0,['none']
True,False,[],False,1,False,True,CC1(C)CC(O)CC(C)(C)N1CCO,CC1(C)CC(O)CC(C)(C)N1CCO,CC1(C)CC(O)CC(C)(C)N1CCO,201.30999999999997,201.30999999999997,0.0,['none']
True,False,[],False,1,False,True,OCC1OC(OC2C(CO)OC(O)C(O)C2O)C(O)C(O)C1O,OCC1OC(OC2C(CO)OC(O)C(O)C2O)C(O)C(O)C1O,OCC1OC(OC2C(CO)OC(O)C(O)C2O)C(O)C(O)C1O,342.297,342.297,0.0,['none']
True,False,[],False,1,False,True,O=C(Nc1ccc(NC(=O)c2cc3ccccc3c(N=Nc3cc(Cl)ccc3Cl)c2O)c(Cl)c1)c1cc2ccccc2c(N=Nc2cc(Cl)ccc2Cl)c1O,O=C(Nc1ccc(NC(=O)c2cc3ccccc3c(N=Nc3cc(Cl)ccc3Cl)c2O)c(Cl)c1)c1cc2ccccc2c(N=Nc2cc(Cl)ccc2Cl)c1O,O=C(Nc1ccc(NC(=O)c2cc3ccccc3c(N=Nc3cc(Cl)ccc3Cl)c2O)c(Cl)c1)c1cc2ccccc2c(N=Nc2cc(Cl)ccc2Cl)c1O,828.9269999999999,828.9269999999999,0.0,['none']
True,False,[],False,1,False,True,CC1(C)CC(OC(=O)CCCCCCCCC(=O)OC2CC(C)(C)NC(C)(C)C2)CC(C)(C)N1,CC1(C)CC(OC(=O)CCCCCCCCC(=O)OC2CC(C)(C)NC(C)(C)C2)CC(C)(C)N1,CC1(C)CC(OC(=O)CCCCCCCCC(=O)OC2CC(C)(C)NC(C)(C)C2)CC(C)(C)N1,480.7340000000002,480.7340000000002,0.0,['none']
True,False,[],False,1,False,True,CC(=O)C(N=Nc1ccc([N+](=O)[O-])cc1)C(=O)Nc1ccc2[nH]c(=O)[nH]c2c1,CC(=O)C(N=Nc1ccc([N+](=O)[O-])cc1)C(=O)Nc1ccc2[nH]c(=O)[nH]c2c1,CC(=O)C(N=Nc1ccc([N+](=O)[O-])cc1)C(=O)Nc1ccc2[nH]c(=O)[nH]c2c1,382.33600000000007,382.33600000000007,0.0,['none']
True,False,[],False,1,False,True,CCN1CCNCC1,CCN1CCNCC1,CCN1CCNCC1,114.19200000000001,114.19200000000001,0.0,['none']
True,False,[],False,1,False,True,CCCCCCCCCCCCCCOC(=O)OOC(=O)OCCCCCCCCCCCCCC,CCCCCCCCCCCCCCOC(=O)OOC(=O)OCCCCCCCCCCCCCC,CCCCCCCCCCCCCCOC(=O)OOC(=O)OCCCCCCCCCCCCCC,514.7880000000006,514.7880000000006,0.0,['none']
True,False,[],False,1,False,True,O=CC(O)C(O)C(O)CO,O=CC(O)C(O)C(O)CO,O=CC(O)C(O)C(O)CO,150.12999999999997,150.12999999999997,0.0,['none']
True,False,[],False,1,False,True,O=c1cccccc1O,O=c1cccccc1O,O=c1cccccc1O,122.12299999999998,122.12299999999998,0.0,['none']
True,False,[],False,1,False,True,CC(C)COP(=S)(S)OCC(C)C,CC(C)COP(=S)(S)OCC(C)C,CC(C)COP(=S)(S)OCC(C)C,242.346,242.346,0.0,['none']
True,False,[],False,1,False,True,O=S(=O)(O)c1cc(Cl)c(Cl)cc1Cl,O=S(=O)(O)c1cc(Cl)c(Cl)cc1Cl,O=S(=O)(O)c1cc(Cl)c(Cl)cc1Cl,261.513,261.513,0.0,['none']
True,False,[],False,1,False,True,CCC(C)(C)O,CCC(C)(C)O,CCC(C)(C)O,88.14999999999998,88.14999999999998,0.0,['none']
True,False,[],False,1,False,True,CC(=O)CC(=O)Nc1ccc(NC(=O)CC(C)=O)c(Cl)c1,CC(=O)CC(=O)Nc1ccc(NC(=O)CC(C)=O)c(Cl)c1,CC(=O)CC(=O)Nc1ccc(NC(=O)CC(C)=O)c(Cl)c1,310.73699999999997,310.73699999999997,0.0,['none']
True,False,[],False,1,False,True,CCCOC(=O)C(C)O,CCCOC(=O)C(C)O,CCCOC(=O)C(C)O,132.159,132.159,0.0,['none']
True,False,[],False,1,False,True,CCOC(=O)c1nn(-c2ccc(OC)cc2)c2c1CCN(c1ccc([N+](=O)[O-])cc1)C2=O,CCOC(=O)c1nn(-c2ccc(OC)cc2)c2c1CCN(c1ccc([N+](=O)[O-])cc1)C2=O,CCOC(=O)c1nn(-c2ccc(OC)cc2)c2c1CCN(c1ccc([N+](=O)[O-])cc1)C2=O,436.42400000000026,436.42400000000026,0.0,['none']
True,False,[],False,1,False,True,C=CC(C)CCCC(C)(C)OC(C)=O,C=CC(C)CCCC(C)(C)OC(C)=O,C=CC(C)CCCC(C)(C)OC(C)=O,198.30599999999998,198.30599999999998,0.0,['none']
True,False,[],False,1,False,True,n1n[nH]c(-c2nnn[nH]2)n1,n1n[nH]c(-c2nnn[nH]2)n1,n1n[nH]c(-c2nnn[nH]2)n1,138.09400000000002,138.09400000000002,0.0,['none']
True,False,[],False,1,False,True,CN1CCC[C@H]1c1cccnc1,CN1CCC[C@H]1c1cccnc1,CN1CCC[C@H]1c1cccnc1,162.236,162.236,0.0,['none']
True,False,[],False,1,False,True,O=C(O)c1ccccc1O,O=C(O)c1ccccc1O,O=C(O)c1ccccc1O,138.12199999999999,138.12199999999999,0.0,['none']
True,False,[],False,1,False,True,CCCCCCCCCCCCCCCCOC(=O)CCCCCCCCCCCCCCC,CCCCCCCCCCCCCCCCOC(=O)CCCCCCCCCCCCCCC,CCCCCCCCCCCCCCCCOC(=O)CCCCCCCCCCCCCCC,480.86200000000053,480.86200000000053,0.0,['none']
True,False,[],False,1,False,True,COC(=O)C1C(C)C=CCC1(C)C,COC(=O)C1C(C)C=CCC1(C)C,COC(=O)C1C(C)C=CCC1(C)C,182.26299999999995,182.26299999999995,0.0,['none']
True,False,[],False,1,False,True,CCN(CCOc1ccc(C2CCCCC2)cc1)c1ccc(C=C(C#N)C#N)c(C)c1,CCN(CCOc1ccc(C2CCCCC2)cc1)c1ccc(C=C(C#N)C#N)c(C)c1,CCN(CCOc1ccc(C2CCCCC2)cc1)c1ccc(C=C(C#N)C#N)c(C)c1,413.5650000000001,413.5650000000001,0.0,['none']
True,False,[],False,1,False,True,O=C1CCCCCN1C(=O)Nc1ccc(Cc2ccc(NC(=O)N3CCCCCC3=O)cc2)cc1,O=C1CCCCCN1C(=O)Nc1ccc(Cc2ccc(NC(=O)N3CCCCCC3=O)cc2)cc1,O=C1CCCCCN1C(=O)Nc1ccc(Cc2ccc(NC(=O)N3CCCCCC3=O)cc2)cc1,476.57700000000034,476.57700000000034,0.0,['none']
True,False,[],False,1,False,True,O=C(c1ccc(O)cc1)c1cccc(C(=O)c2ccc(O)cc2)c1,O=C(c1ccc(O)cc1)c1cccc(C(=O)c2ccc(O)cc2)c1,O=C(c1ccc(O)cc1)c1cccc(C(=O)c2ccc(O)cc2)c1,318.32800000000003,318.32800000000003,0.0,['none']
True,False,[],False,1,False,True,Cc1ccc(NC(=O)Nc2ccc(C)c(NC(=O)Nc3ccc(C)cc3)c2)cc1,Cc1ccc(NC(=O)Nc2ccc(C)c(NC(=O)Nc3ccc(C)cc3)c2)cc1,Cc1ccc(NC(=O)Nc2ccc(C)c(NC(=O)Nc3ccc(C)cc3)c2)cc1,388.4710000000001,388.4710000000001,0.0,['none']
True,False,[],False,1,False,True,CCCCCCCCCCCCCCCC(=O)NCCO,CCCCCCCCCCCCCCCC(=O)NCCO,CCCCCCCCCCCCCCCC(=O)NCCO,299.499,299.499,0.0,['none']
True,False,[],False,1,False,True,CCCCCC=CCC=CCCCCCCCC(=O)OCC,CCCCCC=CCC=CCCCCCCCC(=O)OCC,CCCCCC=CCC=CCCCCCCCC(=O)OCC,308.506,308.506,0.0,['none']
True,False,[],False,1,False,True,COc1ccc(CC2NCCc3cc(OC)c(OC)cc32)cc1OC,COc1ccc(CC2NCCc3cc(OC)c(OC)cc32)cc1OC,COc1ccc(CC2NCCc3cc(OC)c(OC)cc32)cc1OC,343.42300000000006,343.42300000000006,0.0,['none']
True,False,[],False,1,False,True,CCCCC(CC)COC(=O)c1ccccc1,CCCCC(CC)COC(=O)c1ccccc1,CCCCC(CC)COC(=O)c1ccccc1,234.339,234.339,0.0,['none']
True,False,[],False,1,False,True,CCCCCCOC1OC(CO)C(O)C(O)C1O,CCCCCCOC1OC(CO)C(O)C(O)C1O,CCCCCCOC1OC(CO)C(O)C(O)C1O,264.318,264.318,0.0,['none']
True,False,[],False,1,False,True,COc1ccc(CC(C)C=O)cc1,COc1ccc(CC(C)C=O)cc1,COc1ccc(CC(C)C=O)cc1,178.231,178.231,0.0,['none']
True,False,[],False,1,False,True,O=S(=O)(Nc1ccc(O)cc1)c1ccccc1,O=S(=O)(Nc1ccc(O)cc1)c1ccccc1,O=S(=O)(Nc1ccc(O)cc1)c1ccccc1,249.29100000000003,249.29100000000003,0.0,['none']
True,False,[],False,1,False,True,CC1(C)NC(=O)NC1=O,CC1(C)NC(=O)NC1=O,CC1(C)NC(=O)NC1=O,128.131,128.131,0.0,['none']
True,False,[],False,1,False,True,CC(C)C=NCC1(C)CC(N=CC(C)C)CC(C)(C)C1,CC(C)C=NCC1(C)CC(N=CC(C)C)CC(C)(C)C1,CC(C)C=NCC1(C)CC(N=CC(C)C)CC(C)(C)C1,278.48400000000004,278.48400000000004,0.0,['none']
True,False,[],False,1,False,True,Cc1cccc(OCCOc2cccc(C)c2)c1,Cc1cccc(OCCOc2cccc(C)c2)c1,Cc1cccc(OCCOc2cccc(C)c2)c1,242.318,242.318,0.0,['none']
True,False,[],False,1,False,True,CC(C)C1CCC(CO)CC1,CC(C)C1CCC(CO)CC1,CC(C)C1CCC(CO)CC1,156.26899999999998,156.26899999999998,0.0,['none']
True,False,[],False,1,False,True,CC(CCO)CCc1ccccc1,CC(CCO)CCc1ccccc1,CC(CCO)CCc1ccccc1,178.275,178.275,0.0,['none']
True,False,[],False,1,False,True,Cc1ccc2nc(-c3ccc(N=NC4C(=O)NC(=NC#N)NC4=O)cc3)sc2c1S(=O)(=O)O,Cc1ccc2nc(-c3ccc(N=NC4C(=O)NC(=NC#N)NC4=O)cc3)sc2c1S(=O)(=O)O,Cc1ccc2nc(-c3ccc(N=NC4C(=O)NC(=NC#N)NC4=O)cc3)sc2c1S(=O)(=O)O,483.4910000000002,483.4910000000002,0.0,['none']
True,False,[],False,1,False,True,CC1(C)SC2C(N)C(=O)N2C1C(=O)O,CC1(C)SC2C(N)C(=O)N2C1C(=O)O,CC1(C)SC2C(N)C(=O)N2C1C(=O)O,216.262,216.262,0.0,['none']
True,False,[],False,1,False,True,CC(C)CCCCCCCCCCOC(=O)CC(C(=O)OCCCCCCCCCCC(C)C)S(=O)(=O)O,CC(C)CCCCCCCCCCOC(=O)CC(C(=O)OCCCCCCCCCCC(C)C)S(=O)(=O)O,CC(C)CCCCCCCCCCOC(=O)CC(C(=O)OCCCCCCCCCCC(C)C)S(=O)(=O)O,562.8540000000006,562.8540000000006,0.0,['none']
True,False,[],False,1,False,True,CN1C(=O)c2ccc3c4ccc5c6c(ccc(c7ccc(c2c37)C1=O)c64)C(=O)N(C)C5=O,CN1C(=O)c2ccc3c4ccc5c6c(ccc(c7ccc(c2c37)C1=O)c64)C(=O)N(C)C5=O,CN1C(=O)c2ccc3c4ccc5c6c(ccc(c7ccc(c2c37)C1=O)c64)C(=O)N(C)C5=O,418.40800000000024,418.40800000000024,0.0,['none']
True,False,[],False,1,False,True,Cc1ccc(NCCO)cc1O,Cc1ccc(NCCO)cc1O,Cc1ccc(NCCO)cc1O,167.20800000000003,167.20800000000003,0.0,['none']
True,False,[],False,1,False,True,CN(C)C=CC(=O)c1cccnc1,CN(C)C=CC(=O)c1cccnc1,CN(C)C=CC(=O)c1cccnc1,176.219,176.219,0.0,['none']
True,False,[],False,1,False,True,CCCCCCC(O)CCCCCCCCCCC(=O)NCCCCCCNC(=O)CCCCCCCCCCC(O)CCCCCC,CCCCCCC(O)CCCCCCCCCCC(=O)NCCCCCCNC(=O)CCCCCCCCCCC(O)CCCCCC,CCCCCCC(O)CCCCCCCCCCC(=O)NCCCCCCNC(=O)CCCCCCCCCCC(O)CCCCCC,681.1439999999999,681.1439999999999,0.0,['none']
True,False,[],False,1,False,True,CC1=CC(=O)NS(=O)(=O)O1,CC1=CC(=O)NS(=O)(=O)O1,CC1=CC(=O)NS(=O)(=O)O1,163.154,163.154,0.0,['none']
True,False,[],False,1,False,True,N=C(N)N[N+](=O)[O-],N=C(N)N[N+](=O)[O-],N=C(N)N[N+](=O)[O-],104.06899999999999,104.06899999999999,0.0,['none']
True,False,[],False,1,False,True,CC(=O)C(N=Nc1cc(C(=O)Nc2cccc(Cl)c2C)ccc1Cl)C(=O)Nc1cc(Cl)c(NC(=O)C(N=Nc2cc(C(=O)Nc3cccc(Cl)c3C)ccc2Cl)C(C)=O)cc1C,CC(=O)C(N=Nc1cc(C(=O)Nc2cccc(Cl)c2C)ccc1Cl)C(=O)Nc1cc(Cl)c(NC(=O)C(N=Nc2cc(C(=O)Nc3cccc(Cl)c3C)ccc2Cl)C(C)=O)cc1C,CC(=O)C(N=Nc1cc(C(=O)Nc2cccc(Cl)c2C)ccc1Cl)C(=O)Nc1cc(Cl)c(NC(=O)C(N=Nc2cc(C(=O)Nc3cccc(Cl)c3C)ccc2Cl)C(C)=O)cc1C,937.0679999999999,937.0679999999999,0.0,['none']
True,False,[],False,1,False,True,CC(=O)C(N=Nc1cc(C(=O)Nc2cc(Cl)ccc2C)ccc1Cl)C(=O)Nc1cc(Cl)c(NC(=O)C(N=Nc2cc(C(=O)Nc3cc(Cl)ccc3C)ccc2Cl)C(C)=O)cc1Cl,CC(=O)C(N=Nc1cc(C(=O)Nc2cc(Cl)ccc2C)ccc1Cl)C(=O)Nc1cc(Cl)c(NC(=O)C(N=Nc2cc(C(=O)Nc3cc(Cl)ccc3C)ccc2Cl)C(C)=O)cc1Cl,CC(=O)C(N=Nc1cc(C(=O)Nc2cc(Cl)ccc2C)ccc1Cl)C(=O)Nc1cc(Cl)c(NC(=O)C(N=Nc2cc(C(=O)Nc3cc(Cl)ccc3C)ccc2Cl)C(C)=O)cc1Cl,957.4859999999998,957.4859999999998,0.0,['none']
True,False,[],False,1,False,True,CC(=O)c1ccc(C(=O)O)c(C)c1,CC(=O)c1ccc(C(=O)O)c(C)c1,CC(=O)c1ccc(C(=O)O)c(C)c1,178.18699999999998,178.18699999999998,0.0,['none']
True,False,[],False,1,False,True,Sc1nnc(S)s1,Sc1nnc(S)s1,Sc1nnc(S)s1,150.253,150.253,0.0,['none']
True,False,[],False,1,False,True,CNc1ccc(C(O)(c2ccc(N(C)C)cc2)c2ccc(N(C)C)cc2)cc1,CNc1ccc(C(O)(c2ccc(N(C)C)cc2)c2ccc(N(C)C)cc2)cc1,CNc1ccc(C(O)(c2ccc(N(C)C)cc2)c2ccc(N(C)C)cc2)cc1,375.5160000000001,375.5160000000001,0.0,['none']
True,False,[],False,1,False,True,CC(=Cc1ccc(C)cc1)CO,CC(=Cc1ccc(C)cc1)CO,CC(=Cc1ccc(C)cc1)CO,162.23199999999997,162.23199999999997,0.0,['none']
True,False,[],False,1,False,True,COC1CCCC1,COC1CCCC1,COC1CCCC1,100.16100000000002,100.16100000000002,0.0,['none']
True,False,[],False,1,False,True,CC1=CCC(O)(C(C)C)CC1,CC1=CCC(O)(C(C)C)CC1,CC1=CCC(O)(C(C)C)CC1,154.25299999999996,154.25299999999996,0.0,['none']
True,False,[],False,1,False,True,O=C1CCC(C2CCC3(CC2)OCCO3)CC1,O=C1CCC(C2CCC3(CC2)OCCO3)CC1,O=C1CCC(C2CCC3(CC2)OCCO3)CC1,238.3269999999999,238.3269999999999,0.0,['none']
True,False,[],False,1,False,True,COc1ccc(C(=O)Nc2ccccc2)cc1N=Nc1c(O)c(C(N)=O)cc2ccccc12,COc1ccc(C(=O)Nc2ccccc2)cc1N=Nc1c(O)c(C(N)=O)cc2ccccc12,COc1ccc(C(=O)Nc2ccccc2)cc1N=Nc1c(O)c(C(N)=O)cc2ccccc12,440.45900000000023,440.45900000000023,0.0,['none']
True,False,[],False,1,False,True,CC1(C)CCC[C@]2(C)[C@H]3CC(=O)O[C@]3(C)CC[C@@H]12,CC1(C)CCC[C@]2(C)[C@H]3CC(=O)O[C@]3(C)CC[C@@H]12,CC1(C)CCC[C@]2(C)[C@H]3CC(=O)O[C@]3(C)CC[C@@H]12,250.38199999999995,250.38199999999995,0.0,['none']
True,False,[],False,1,False,True,CC(C)C(=O)C(C)C,CC(C)C(=O)C(C)C,CC(C)C(=O)C(C)C,114.18799999999997,114.18799999999997,0.0,['none']
True,False,[],False,1,False,True,CC(CC(=O)OCC(COC(=O)CC(C)CC(C)(C)C)OC(=O)CC(C)CC(C)(C)C)CC(C)(C)C,CC(CC(=O)OCC(COC(=O)CC(C)CC(C)(C)C)OC(=O)CC(C)CC(C)(C)C)CC(C)(C)C,CC(CC(=O)OCC(COC(=O)CC(C)CC(C)(C)C)OC(=O)CC(C)CC(C)(C)C)CC(C)(C)C,512.7720000000004,512.7720000000004,0.0,['none']
True,False,[],False,1,False,True,OCCCCCCCCCCCCO,OCCCCCCCCCCCCO,OCCCCCCCCCCCCO,202.33799999999997,202.33799999999997,0.0,['none']
True,False,[],False,1,False,True,Oc1cc(Cl)cc(Br)c1,Oc1cc(Cl)cc(Br)c1,Oc1cc(Cl)cc(Br)c1,207.454,207.454,0.0,['none']
True,False,[],False,1,False,True,Nc1cc(Cl)ccc1Oc1ccc(Cl)cc1Cl,Nc1cc(Cl)ccc1Oc1ccc(Cl)cc1Cl,Nc1cc(Cl)ccc1Oc1ccc(Cl)cc1Cl,288.56100000000004,288.56100000000004,0.0,['none']
True,False,[],False,1,False,True,C=C(C)C(=O)Nc1ccc(S(N)(=O)=O)cc1,C=C(C)C(=O)Nc1ccc(S(N)(=O)=O)cc1,C=C(C)C(=O)Nc1ccc(S(N)(=O)=O)cc1,240.28399999999996,240.28399999999996,0.0,['none']
True,False,[],False,1,False,True,CN(CC(=O)O)C(=N)N,CN(CC(=O)O)C(=N)N,CN(CC(=O)O)C(=N)N,131.13499999999996,131.13499999999996,0.0,['none']
True,False,[],False,1,False,True,C=CC(=O)OCCOC(=O)C1CCCCC1C(=O)O,C=CC(=O)OCCOC(=O)C1CCCCC1C(=O)O,C=CC(=O)OCCOC(=O)C1CCCCC1C(=O)O,270.28099999999995,270.28099999999995,0.0,['none']
True,False,[],False,1,False,True,COC(=O)c1ccc2c(c1)C(C)(C)C(=CC=C1C(=O)N(c3ccccc3)N=C1C)N2C,COC(=O)c1ccc2c(c1)C(C)(C)C(=CC=C1C(=O)N(c3ccccc3)N=C1C)N2C,COC(=O)c1ccc2c(c1)C(C)(C)C(=CC=C1C(=O)N(c3ccccc3)N=C1C)N2C,415.4930000000001,415.4930000000001,0.0,['none']
True,False,[],False,1,False,True,O=C1C=CC(N(O)O)=CC1=NN=C1C(=O)C=Cc2ccccc21,O=C1C=CC(N(O)O)=CC1=NN=C1C(=O)C=Cc2ccccc21,O=C1C=CC(N(O)O)=CC1=NN=C1C(=O)C=Cc2ccccc21,309.281,309.281,0.0,['none']
True,False,[],False,1,False,True,CC1(C)OCC2OC2CO1,CC1(C)OCC2OC2CO1,CC1(C)OCC2OC2CO1,144.17,144.17,0.0,['none']
True,False,[],False,1,False,True,CC1C(CN)CC2CC1C2(C)C,CC1C(CN)CC2CC1C2(C)C,CC1C(CN)CC2CC1C2(C)C,167.296,167.296,0.0,['none']
True,True,['Sn'],False,1,False,True,CCCCC(CC)COC(=O)C[S][Sn]([CH3])([S]CC(=O)OCC(CC)CCCC)[S]CC(=O)OCC(CC)CCCC,CCCCC(CC)COC(=O)C[S][Sn]([CH3])([S]CC(=O)OCC(CC)CCCC)[S]CC(=O)OCC(CC)CCCC,CCCCC(CC)COC(=O)C[S][Sn]([CH3])([S]CC(=O)OCC(CC)CCCC)[S]CC(=O)OCC(CC)CCCC,743.7269999999997,743.7269999999997,0.0,['metal:Sn']
True,False,[],False,1,False,True,N#CCN(CC#N)CCN(CC#N)CC#N,N#CCN(CC#N)CCN(CC#N)CC#N,N#CCN(CC#N)CCN(CC#N)CC#N,216.24799999999996,216.24799999999996,0.0,['none']
True,False,[],False,1,False,True,CCCCC(CC)COC(=O)CC(C(=O)OCC(CC)CCCC)S(=O)(=O)O,CCCCC(CC)COC(=O)CC(C(=O)OCC(CC)CCCC)S(=O)(=O)O,CCCCC(CC)COC(=O)CC(C(=O)OCC(CC)CCCC)S(=O)(=O)O,422.58400000000023,422.58400000000023,0.0,['none']
True,False,[],False,1,False,True,CCCCCCCCCCCCCNc1ccc2ccccc2c1N=Nc1ccc(N=Nc2ccccc2C)cc1C,CCCCCCCCCCCCCNc1ccc2ccccc2c1N=Nc1ccc(N=Nc2ccccc2C)cc1C,CCCCCCCCCCCCCNc1ccc2ccccc2c1N=Nc1ccc(N=Nc2ccccc2C)cc1C,561.8180000000001,561.8180000000001,0.0,['none']
True,False,[],False,1,False,True,CCN(CC)[P+](Cc1ccccc1)(c1ccccc1)c1ccccc1,CCN(CC)[P+](Cc1ccccc1)(c1ccccc1)c1ccccc1,CCN(CC)[P+](Cc1ccccc1)(c1ccccc1)c1ccccc1,348.4500000000001,348.4500000000001,0.0,['none']
True,False,[],False,1,False,True,CC(C)(O)c1ccccc1CCC(SCC1(CC(=O)O)CC1)c1cccc(C=Cc2ccc3ccc(Cl)cc3n2)c1,CC(C)(O)c1ccccc1CCC(SCC1(CC(=O)O)CC1)c1cccc(C=Cc2ccc3ccc(Cl)cc3n2)c1,CC(C)(O)c1ccccc1CCC(SCC1(CC(=O)O)CC1)c1cccc(C=Cc2ccc3ccc(Cl)cc3n2)c1,586.1970000000001,586.1970000000001,0.0,['none']
True,False,[],False,1,False,True,Cc1ncc(CO)c(CO)c1O,Cc1ncc(CO)c(CO)c1O,Cc1ncc(CO)c(CO)c1O,169.18,169.18,0.0,['none']
True,False,[],False,1,False,True,CC[Si](ON=C(C)C)(ON=C(C)C)ON=C(C)C,CC[Si](ON=C(C)C)(ON=C(C)C)ON=C(C)C,CC[Si](ON=C(C)C)(ON=C(C)C)ON=C(C)C,273.409,273.409,0.0,['none']
True,False,[],False,1,False,True,C=C[Si](ON=C(C)CCC)(ON=C(C)CCC)ON=C(C)CCC,C=C[Si](ON=C(C)CCC)(ON=C(C)CCC)ON=C(C)CCC,C=C[Si](ON=C(C)CCC)(ON=C(C)CCC)ON=C(C)CCC,355.5550000000001,355.5550000000001,0.0,['none']
True,False,[],False,1,False,True,CC1CCCCC1=O,CC1CCCCC1=O,CC1CCCCC1=O,112.172,112.172,0.0,['none']
True,False,[],False,1,False,True,C=CC(O)C(=O)OC,C=CC(O)C(=O)OC,C=CC(O)C(=O)OC,116.11599999999999,116.11599999999999,0.0,['none']
True,False,[],False,1,False,True,CCC(O)CO,CCC(O)CO,CCC(O)CO,90.122,90.122,0.0,['none']
True,False,[],False,1,False,True,OCC(O)C(O)C(OC1OC(CO)C(O)C(O)C1O)C(O)CO,OCC(O)C(O)C(OC1OC(CO)C(O)C(O)C1O)C(O)CO,OCC(O)C(O)C(OC1OC(CO)C(O)C(O)C1O)C(O)CO,344.31300000000005,344.31300000000005,0.0,['none']
True,False,[],False,1,False,True,CCOCOC1CCCCCCCCCCC1,CCOCOC1CCCCCCCCCCC1,CCOCOC1CCCCCCCCCCC1,242.40299999999988,242.40299999999988,0.0,['none']
True,False,[],False,1,False,True,C=CCOC(Cn1ccnc1)c1ccc(Cl)cc1Cl,C=CCOC(Cn1ccnc1)c1ccc(Cl)cc1Cl,C=CCOC(Cn1ccnc1)c1ccc(Cl)cc1Cl,297.18500000000006,297.18500000000006,0.0,['none']
True,False,[],False,1,False,True,C=CC(=O)OC1CC2CCC1(C)C2(C)C,C=CC(=O)OC1CC2CCC1(C)C2(C)C,C=CC(=O)OC1CC2CCC1(C)C2(C)C,208.30099999999996,208.30099999999996,0.0,['none']
True,False,[],False,1,False,True,O=C(Nc1ccc(Cc2ccc(NC(=O)NC3CCCCC3)cc2)cc1)NC1CCCCC1,O=C(Nc1ccc(Cc2ccc(NC(=O)NC3CCCCC3)cc2)cc1)NC1CCCCC1,O=C(Nc1ccc(Cc2ccc(NC(=O)NC3CCCCC3)cc2)cc1)NC1CCCCC1,448.6110000000004,448.6110000000004,0.0,['none']
True,False,[],False,1,False,True,CC1CCC(=O)CC1,CC1CCC(=O)CC1,CC1CCC(=O)CC1,112.172,112.172,0.0,['none']
True,False,[],False,1,False,True,CC(C)CCCCCCCCCCCCCCCOC(=O)C(C)(C)C,CC(C)CCCCCCCCCCCCCCCOC(=O)C(C)(C)C,CC(C)CCCCCCCCCCCCCCCOC(=O)C(C)(C)C,354.619,354.619,0.0,['none']
True,False,[],False,1,False,True,O=C(O)c1cccnc1,O=C(O)c1cccnc1,O=C(O)c1cccnc1,123.11099999999998,123.11099999999998,0.0,['none']
True,False,[],False,1,False,True,CCCCOC(=O)CC,CCCCOC(=O)CC,CCCCOC(=O)CC,130.18699999999998,130.18699999999998,0.0,['none']
True,False,[],False,1,False,True,C=C=CC,C=C=CC,C=C=CC,54.092,54.092,0.0,['none']
True,False,[],False,1,False,True,N#CO,N#CO,N#CO,43.025000000000006,43.025000000000006,0.0,['none']
True,False,[],False,1,False,True,C[N+](C)(C)CC(=O)O,C[N+](C)(C)CC(=O)O,C[N+](C)(C)CC(=O)O,118.15599999999998,118.15599999999998,0.0,['none']
True,False,[],False,1,False,True,OCC(O)COCC(O)CO,OCC(O)COCC(O)CO,OCC(O)COCC(O)CO,166.173,166.173,0.0,['none']
True,False,[],False,1,False,True,C=C(C)C(=O)OCC(O)CO,C=C(C)C(=O)OCC(O)CO,C=C(C)C(=O)OCC(O)CO,160.16899999999998,160.16899999999998,0.0,['none']
True,False,[],False,1,False,True,CCCCOC(=O)Cl,CCCCOC(=O)Cl,CCCCOC(=O)Cl,136.57799999999997,136.57799999999997,0.0,['none']
True,False,[],False,1,False,True,CC(CCOC(=O)CC(C)CC(C)(C)C)CC(C)(C)C,CC(CCOC(=O)CC(C)CC(C)(C)C)CC(C)(C)C,CC(CCOC(=O)CC(C)CC(C)(C)C)CC(C)(C)C,284.484,284.484,0.0,['none']
True,False,[],False,1,False,True,CCCCCCCCC=CCCCCCCCC(=O)OCCCCCCCC(C)C,CCCCCCCCC=CCCCCCCCC(=O)OCCCCCCCC(C)C,CCCCCCCCC=CCCCCCCCC(=O)OCCCCCCCC(C)C,422.7380000000003,422.7380000000003,0.0,['none']
True,False,[],False,1,False,True,CC(C)CCCCCCCOC(=O)CC(C)CC(C)(C)C,CC(C)CCCCCCCOC(=O)CC(C)CC(C)(C)C,CC(C)CCCCCCCOC(=O)CC(C)CC(C)(C)C,298.511,298.511,0.0,['none']
True,False,[],False,1,False,True,CC(C)CCCCCCCCCCOC(=O)CC(C)CC(C)(C)C,CC(C)CCCCCCCCCCOC(=O)CC(C)CC(C)(C)C,CC(C)CCCCCCCCCCOC(=O)CC(C)CC(C)(C)C,340.5920000000001,340.5920000000001,0.0,['none']
True,False,[],False,1,False,True,N=C(N)N,N=C(N)N,N=C(N)N,59.071999999999996,59.071999999999996,0.0,['none']
True,False,[],False,1,False,True,CCCC1CCOC(C)S1,CCCC1CCOC(C)S1,CCCC1CCOC(C)S1,160.28199999999998,160.28199999999998,0.0,['none']
True,False,[],False,1,False,True,CC(C)(c1ccc(OP(=O)(Oc2ccccc2)Oc2ccccc2)cc1)c1ccc(OP(=O)(Oc2ccccc2)Oc2ccccc2)cc1,CC(C)(c1ccc(OP(=O)(Oc2ccccc2)Oc2ccccc2)cc1)c1ccc(OP(=O)(Oc2ccccc2)Oc2ccccc2)cc1,CC(C)(c1ccc(OP(=O)(Oc2ccccc2)Oc2ccccc2)cc1)c1ccc(OP(=O)(Oc2ccccc2)Oc2ccccc2)cc1,692.6410000000003,692.6410000000003,0.0,['none']
True,False,[],False,1,False,True,CCCCCCCCC(=O)OCC(CC)CCCC,CCCCCCCCC(=O)OCC(CC)CCCC,CCCCCCCCC(=O)OCC(CC)CCCC,270.45699999999994,270.45699999999994,0.0,['none']
True,False,[],False,1,False,True,S=P(Oc1ccccc1)(Oc1ccccc1)Oc1ccccc1,S=P(Oc1ccccc1)(Oc1ccccc1)Oc1ccccc1,S=P(Oc1ccccc1)(Oc1ccccc1)Oc1ccccc1,342.35600000000005,342.35600000000005,0.0,['none']
True,False,[],False,1,False,True,Cc1ccc(C=O)cc1C,Cc1ccc(C=O)cc1C,Cc1ccc(C=O)cc1C,134.178,134.178,0.0,['none']
True,False,[],False,1,False,True,Nc1cccc(S(=O)(=O)c2cccc(N)c2)c1,Nc1cccc(S(=O)(=O)c2cccc(N)c2)c1,Nc1cccc(S(=O)(=O)c2cccc(N)c2)c1,248.30700000000002,248.30700000000002,0.0,['none']
True,False,[],False,1,False,True,OCCc1ccccc1,OCCc1ccccc1,OCCc1ccccc1,122.16699999999996,122.16699999999996,0.0,['none']
True,False,[],False,1,False,True,CCCC1COC(Cn2cncn2)(c2ccc(Cl)cc2Cl)O1,CCCC1COC(Cn2cncn2)(c2ccc(Cl)cc2Cl)O1,CCCC1COC(Cn2cncn2)(c2ccc(Cl)cc2Cl)O1,342.2260000000001,342.2260000000001,0.0,['none']
True,False,[],False,1,False,True,CC(C)CCCCCCCOC(=O)C(C)(C)C,CC(C)CCCCCCCOC(=O)C(C)(C)C,CC(C)CCCCCCCOC(=O)C(C)(C)C,242.40299999999996,242.40299999999996,0.0,['none']
True,False,[],False,1,False,True,CCCCCCCCCCCCCCCCCCCCCC(=O)NCCCN(C)C,CCCCCCCCCCCCCCCCCCCCCC(=O)NCCCN(C)C,CCCCCCCCCCCCCCCCCCCCCC(=O)NCCCN(C)C,424.7580000000002,424.7580000000002,0.0,['none']
True,False,[],False,1,False,True,CCCCCCCCCCCC(=O)NC(CCCN=C(N)N)C(=O)OCC,CCCCCCCCCCCC(=O)NC(CCCN=C(N)N)C(=O)OCC,CCCCCCCCCCCC(=O)NC(CCCN=C(N)N)C(=O)OCC,384.56500000000017,384.56500000000017,0.0,['none']
True,False,[],False,1,False,True,COc1ccc(S(=O)(=O)CCOS(=O)(=O)O)cc1N=Nc1c(S(=O)(=O)O)cc2c(N=Nc3ccc(S(=O)(=O)CCOS(=O)(=O)O)cc3S(=O)(=O)O)c(NCS(=O)(=O)O)ccc2c1O,COc1ccc(S(=O)(=O)CCOS(=O)(=O)O)cc1N=Nc1c(S(=O)(=O)O)cc2c(N=Nc3ccc(S(=O)(=O)CCOS(=O)(=O)O)cc3S(=O)(=O)O)c(NCS(=O)(=O)O)ccc2c1O,COc1ccc(S(=O)(=O)CCOS(=O)(=O)O)cc1N=Nc1c(S(=O)(=O)O)cc2c(N=Nc3ccc(S(=O)(=O)CCOS(=O)(=O)O)cc3S(=O)(=O)O)c(NCS(=O)(=O)O)ccc2c1O,1028.0210000000002,1028.0210000000002,0.0,['none']
True,False,[],False,1,False,True,N#Cc1ccccc1O,N#Cc1ccccc1O,N#Cc1ccccc1O,119.12299999999996,119.12299999999996,0.0,['none']
True,False,[],False,1,False,True,CN(C(=O)N(C)c1ccccc1)c1ccccc1,CN(C(=O)N(C)c1ccccc1)c1ccccc1,CN(C(=O)N(C)c1ccccc1)c1ccccc1,240.306,240.306,0.0,['none']
True,False,[],False,1,False,True,c1ccc(COc2ccc3ccccc3c2)cc1,c1ccc(COc2ccc3ccccc3c2)cc1,c1ccc(COc2ccc3ccccc3c2)cc1,234.298,234.298,0.0,['none']
True,False,[],False,1,False,True,CCCCCCCCCCCC(=O)OCC(C)(C)C=NCCCCCCN=CC(C)(C)COC(=O)CCCCCCCCCCC,CCCCCCCCCCCC(=O)OCC(C)(C)C=NCCCCCCN=CC(C)(C)COC(=O)CCCCCCCCCCC,CCCCCCCCCCCC(=O)OCC(C)(C)C=NCCCCCCN=CC(C)(C)COC(=O)CCCCCCCCCCC,649.0579999999998,649.0579999999998,0.0,['none']
True,False,[],False,1,False,True,CSC(C)(C)SC,CSC(C)(C)SC,CSC(C)(C)SC,136.285,136.285,0.0,['none']
True,False,[],False,1,False,True,CC(C)COC(=O)C(C)O,CC(C)COC(=O)C(C)O,CC(C)COC(=O)C(C)O,146.18599999999998,146.18599999999998,0.0,['none']
True,False,[],False,1,False,True,C[Si]1O[Si](C)O[Si](C)O[Si](C)O[Si](C)O1,C[Si]1O[Si](C)O[Si](C)O[Si](C)O[Si](C)O1,C[Si]1O[Si](C)O[Si](C)O[Si](C)O[Si](C)O1,295.6,295.6,0.0,['none']
True,False,[],False,1,False,True,COC1OC(CO)C(O)C(O)C1O,COC1OC(CO)C(O)C(O)C1O,COC1OC(CO)C(O)C(O)C1O,194.18300000000002,194.18300000000002,0.0,['none']
True,False,[],False,1,False,True,C=C(CC(=O)OC)C(=O)OC,C=C(CC(=O)OC)C(=O)OC,C=C(CC(=O)OC)C(=O)OC,158.15299999999996,158.15299999999996,0.0,['none']
True,False,[],False,1,False,True,CC(CCC(=O)O)C(=O)O,CC(CCC(=O)O)C(=O)O,CC(CCC(=O)O)C(=O)O,146.142,146.142,0.0,['none']
True,False,[],False,1,False,True,COCCCCC(=O)c1ccc(C(F)(F)F)cc1,COCCCCC(=O)c1ccc(C(F)(F)F)cc1,COCCCCC(=O)c1ccc(C(F)(F)F)cc1,260.255,260.255,0.0,['none']
True,False,[],False,1,False,True,CCC(C)=CCCC(C)=CC#N,CCC(C)=CCCC(C)=CC#N,CCC(C)=CCCC(C)=CC#N,163.26399999999998,163.26399999999998,0.0,['none']
True,False,[],False,1,False,True,N#CC(O)c1cccc(Oc2ccccc2)c1,N#CC(O)c1cccc(Oc2ccccc2)c1,N#CC(O)c1cccc(Oc2ccccc2)c1,225.247,225.247,0.0,['none']
True,False,[],False,1,False,True,O=[N+]([O-])c1ccc(Nc2ccc(O)cc2)c([N+](=O)[O-])c1,O=[N+]([O-])c1ccc(Nc2ccc(O)cc2)c([N+](=O)[O-])c1,O=[N+]([O-])c1ccc(Nc2ccc(O)cc2)c([N+](=O)[O-])c1,275.22,275.22,0.0,['none']
True,False,[],False,1,False,True,CCCCC(CC)COC(=O)C(C#N)=C(c1ccccc1)c1ccccc1,CCCCC(CC)COC(=O)C(C#N)=C(c1ccccc1)c1ccccc1,CCCCC(CC)COC(=O)C(C#N)=C(c1ccccc1)c1ccccc1,361.485,361.485,0.0,['none']
True,False,[],False,1,False,True,CCOc1ccc(NC(C)=O)cc1,CCOc1ccc(NC(C)=O)cc1,CCOc1ccc(NC(C)=O)cc1,179.219,179.219,0.0,['none']
True,False,[],False,1,False,True,CCCCCCC(=O)OCC(COC(=O)CCCCCC)OC(=O)CCCCCC,CCCCCCC(=O)OCC(COC(=O)CCCCCC)OC(=O)CCCCCC,CCCCCCC(=O)OCC(COC(=O)CCCCCC)OC(=O)CCCCCC,428.61000000000035,428.61000000000035,0.0,['none']
True,False,[],False,1,False,True,O=C(O)C(F)(OC(F)(F)C(F)(F)C(F)(F)F)C(F)(F)F,O=C(O)C(F)(OC(F)(F)C(F)(F)C(F)(F)F)C(F)(F)F,O=C(O)C(F)(OC(F)(F)C(F)(F)C(F)(F)F)C(F)(F)F,330.049,330.049,0.0,['none']
True,False,[],False,1,False,True,CCCC(C)=NO,CCCC(C)=NO,CCCC(C)=NO,101.14899999999999,101.14899999999999,0.0,['none']
True,False,[],False,1,False,True,CCOC(=O)OC,CCOC(=O)OC,CCOC(=O)OC,104.10499999999999,104.10499999999999,0.0,['none']
True,False,[],False,1,False,True,CCCCCCCCCCCCCCCCCCOCCOP(=O)(O)O,CCCCCCCCCCCCCCCCCCOCCOP(=O)(O)O,CCCCCCCCCCCCCCCCCCOCCOP(=O)(O)O,394.533,394.533,0.0,['none']
True,False,[],False,1,False,True,CCCCCCCCCCCCCCCC(=O)OCCOC(=O)CCCCCCCCCCCCCCC,CCCCCCCCCCCCCCCC(=O)OCCOC(=O)CCCCCCCCCCCCCCC,CCCCCCCCCCCCCCCC(=O)OCCOC(=O)CCCCCCCCCCCCCCC,538.8980000000006,538.8980000000006,0.0,['none']
True,False,[],False,1,False,True,CCCCCOC(=O)CC,CCCCCOC(=O)CC,CCCCCOC(=O)CC,144.21399999999997,144.21399999999997,0.0,['none']
True,False,[],False,1,False,True,CCNc1cc(C#N)c(N)c2c1C(=O)c1ccccc1C2=O,CCNc1cc(C#N)c(N)c2c1C(=O)c1ccccc1C2=O,CCNc1cc(C#N)c(N)c2c1C(=O)c1ccccc1C2=O,291.31,291.31,0.0,['none']
True,False,[],False,1,False,True,O=S(=O)(O)c1ccc2c(N=Nc3ccc(N=Nc4ccc(Nc5ccccc5)c(S(=O)(=O)O)c4)c4ccccc34)c(O)ccc2c1,O=S(=O)(O)c1ccc2c(N=Nc3ccc(N=Nc4ccc(Nc5ccccc5)c(S(=O)(=O)O)c4)c4ccccc34)c(O)ccc2c1,O=S(=O)(O)c1ccc2c(N=Nc3ccc(N=Nc4ccc(Nc5ccccc5)c(S(=O)(=O)O)c4)c4ccccc34)c(O)ccc2c1,653.6980000000002,653.6980000000002,0.0,['none']
True,False,[],False,1,False,True,CCCCCCCCCCCCCCCCCC(=O)OCCOC(=O)CCCCCCCCCCCCCCCCC,CCCCCCCCCCCCCCCCCC(=O)OCCOC(=O)CCCCCCCCCCCCCCCCC,CCCCCCCCCCCCCCCCCC(=O)OCCOC(=O)CCCCCCCCCCCCCCCCC,595.0060000000002,595.0060000000002,0.0,['none']
True,False,[],False,1,False,True,CCOCCOC(=O)OCC,CCOCCOC(=O)OCC,CCOCCOC(=O)OCC,162.18499999999997,162.18499999999997,0.0,['none']
True,False,[],False,1,False,True,CC(C)(CS(=O)(=O)O)NC(=O)CCSCCC(F)(F)C(F)(F)C(F)(F)C(F)(F)C(F)(F)C(F)(F)F,CC(C)(CS(=O)(=O)O)NC(=O)CCSCCC(F)(F)C(F)(F)C(F)(F)C(F)(F)C(F)(F)C(F)(F)F,CC(C)(CS(=O)(=O)O)NC(=O)CCSCCC(F)(F)C(F)(F)C(F)(F)C(F)(F)C(F)(F)C(F)(F)F,587.4200000000002,587.4200000000002,0.0,['none']
True,False,[],False,1,False,True,OCCCCCCO,OCCCCCCO,OCCCCCCO,118.176,118.176,0.0,['none']
True,False,[],False,1,False,True,CCCCCCCCCCCCCCCCOC(C)=O,CCCCCCCCCCCCCCCCOC(C)=O,CCCCCCCCCCCCCCCCOC(C)=O,284.4839999999999,284.4839999999999,0.0,['none']
True,False,[],False,1,False,True,CCCCCCCCCCCCCCCCCCCCCC,CCCCCCCCCCCCCCCCCCCCCC,CCCCCCCCCCCCCCCCCCCCCC,310.61,310.61,0.0,['none']
True,False,[],False,1,False,True,CC(C)(C)C(NC(=O)OCc1ccccc1)C(=O)O,CC(C)(C)C(NC(=O)OCc1ccccc1)C(=O)O,CC(C)(C)C(NC(=O)OCc1ccccc1)C(=O)O,265.30899999999997,265.30899999999997,0.0,['none']
True,False,[],False,1,False,True,C=C(C)C(=O)NCCC[N+](C)(C)CC(=O)NCCC[N+](C)(C)CC(O)C[N+](C)(C)C,C=C(C)C(=O)NCCC[N+](C)(C)CC(=O)NCCC[N+](C)(C)CC(O)C[N+](C)(C)C,C=C(C)C(=O)NCCC[N+](C)(C)CC(=O)NCCC[N+](C)(C)CC(O)C[N+](C)(C)C,430.6580000000002,430.6580000000002,0.0,['none']
True,False,[],False,1,False,True,O=PO,O=PO,O=PO,63.980000000000004,63.980000000000004,0.0,['none']
True,False,[],False,1,False,True,CCCCCCCCCCCC(=O)OCCC(C)C,CCCCCCCCCCCC(=O)OCCC(C)C,CCCCCCCCCCCC(=O)OCCC(C)C,270.45699999999994,270.45699999999994,0.0,['none']
True,False,[],False,1,False,True,O=C(CCCCC(=O)N(CCO)CCO)N(CCO)CCO,O=C(CCCCC(=O)N(CCO)CCO)N(CCO)CCO,O=C(CCCCC(=O)N(CCO)CCO)N(CCO)CCO,320.3860000000001,320.3860000000001,0.0,['none']
True,False,[],False,1,False,True,C=C(C)C(=O)O,C=C(C)C(=O)O,C=C(C)C(=O)O,86.08999999999997,86.08999999999997,0.0,['none']
True,False,[],False,1,False,True,CCOC(=O)C1=NN(c2ccccc2)C(=O)C1N=Nc1ccc(-c2ccc(N=NC3C(=O)N(c4ccccc4)N=C3C(=O)OCC)c(Cl)c2)cc1Cl,CCOC(=O)C1=NN(c2ccccc2)C(=O)C1N=Nc1ccc(-c2ccc(N=NC3C(=O)N(c4ccccc4)N=C3C(=O)OCC)c(Cl)c2)cc1Cl,CCOC(=O)C1=NN(c2ccccc2)C(=O)C1N=Nc1ccc(-c2ccc(N=NC3C(=O)N(c4ccccc4)N=C3C(=O)OCC)c(Cl)c2)cc1Cl,739.576,739.576,0.0,['none']
True,False,[],False,1,False,True,O=C(O)c1cc(C(=O)O)cc(S(=O)(=O)O)c1,O=C(O)c1cc(C(=O)O)cc(S(=O)(=O)O)c1,O=C(O)c1cc(C(=O)O)cc(S(=O)(=O)O)c1,246.196,246.196,0.0,['none']
True,False,[],False,1,False,True,CC=Cc1ccc(OC)c(OC)c1,CC=Cc1ccc(OC)c(OC)c1,CC=Cc1ccc(OC)c(OC)c1,178.23099999999997,178.23099999999997,0.0,['none']
True,False,[],False,1,False,True,COC(=O)CCc1cc(C(C)(C)C)c(O)c(C(C)(C)C)c1,COC(=O)CCc1cc(C(C)(C)C)c(O)c(C(C)(C)C)c1,COC(=O)CCc1cc(C(C)(C)C)c(O)c(C(C)(C)C)c1,292.41900000000004,292.41900000000004,0.0,['none']
True,False,[],False,1,False,True,CCCCCCCCC=CCCCCCCCCO[P+](=O)OCCCCCCCCC=CCCCCCCCC,CCCCCCCCC=CCCCCCCCCO[P+](=O)OCCCCCCCCC=CCCCCCCCC,CCCCCCCCC=CCCCCCCCCO[P+](=O)OCCCCCCCCC=CCCCCCCCC,581.9270000000001,581.9270000000001,0.0,['none']
True,False,[],False,1,False,True,Nc1c(Oc2ccccc2)c(Oc2ccccc2)c(N)c2c1C(=O)c1ccccc1C2=O,Nc1c(Oc2ccccc2)c(Oc2ccccc2)c(N)c2c1C(=O)c1ccccc1C2=O,Nc1c(Oc2ccccc2)c(Oc2ccccc2)c(N)c2c1C(=O)c1ccccc1C2=O,422.4400000000002,422.4400000000002,0.0,['none']
True,False,[],False,1,False,True,CCOC(=O)CC1(C)OCCO1,CCOC(=O)CC1(C)OCCO1,CCOC(=O)CC1(C)OCCO1,174.19599999999997,174.19599999999997,0.0,['none']
True,False,[],False,1,False,True,Cc1ccc(N2C(=O)C=CC2=O)cc1N1C(=O)C=CC1=O,Cc1ccc(N2C(=O)C=CC2=O)cc1N1C(=O)C=CC1=O,Cc1ccc(N2C(=O)C=CC2=O)cc1N1C(=O)C=CC1=O,282.25500000000005,282.25500000000005,0.0,['none']
True,False,[],False,1,False,True,CCCCCCCC(=O)NCCN(CCO)CCC(=O)O,CCCCCCCC(=O)NCCN(CCO)CCC(=O)O,CCCCCCCC(=O)NCCN(CCO)CCC(=O)O,302.415,302.415,0.0,['none']
True,False,[],False,1,False,True,CCN(CC)c1ccc(C=CC2=[N+](C)c3ccccc3C2(C)C)cc1,CCN(CC)c1ccc(C=CC2=[N+](C)c3ccccc3C2(C)C)cc1,CCN(CC)c1ccc(C=CC2=[N+](C)c3ccccc3C2(C)C)cc1,333.4990000000001,333.4990000000001,0.0,['none']
True,False,[],False,1,False,True,NCCCCCCCCCCN,NCCCCCCCCCCN,NCCCCCCCCCCN,172.31599999999997,172.31599999999997,0.0,['none']
True,False,[],False,1,False,True,O=C1C=C(N(O)O)C=CC1=NN=C1C(=O)C=Cc2ccccc21,O=C1C=C(N(O)O)C=CC1=NN=C1C(=O)C=Cc2ccccc21,O=C1C=C(N(O)O)C=CC1=NN=C1C(=O)C=Cc2ccccc21,309.281,309.281,0.0,['none']
True,False,[],False,1,False,True,O=C(NC(=O)c1ccccc1Cl)Nc1ccc(OC(F)(F)F)cc1,O=C(NC(=O)c1ccccc1Cl)Nc1ccc(OC(F)(F)F)cc1,O=C(NC(=O)c1ccccc1Cl)Nc1ccc(OC(F)(F)F)cc1,358.70300000000003,358.70300000000003,0.0,['none']
True,False,[],False,1,False,True,CC1C(C)(C)C2CCCC3OC(C)(C)CC32C1(C)C,CC1C(C)(C)C2CCCC3OC(C)(C)CC32C1(C)C,CC1C(C)(C)C2CCCC3OC(C)(C)CC32C1(C)C,264.453,264.453,0.0,['none']
True,False,[],False,1,False,True,CC(=O)C(N=Nc1ccc(Cl)cc1[N+](=O)[O-])C(=O)Nc1ccccc1Cl,CC(=O)C(N=Nc1ccc(Cl)cc1[N+](=O)[O-])C(=O)Nc1ccccc1Cl,CC(=O)C(N=Nc1ccc(Cl)cc1[N+](=O)[O-])C(=O)Nc1ccccc1Cl,395.202,395.202,0.0,['none']
True,False,[],False,1,False,True,CN1CCCC1c1cccnc1,CN1CCCC1c1cccnc1,CN1CCCC1c1cccnc1,162.236,162.236,0.0,['none']
True,False,[],False,1,False,True,NC(=O)c1ccccc1O,NC(=O)c1ccccc1O,NC(=O)c1ccccc1O,137.13799999999998,137.13799999999998,0.0,['none']
True,False,[],False,1,False,True,Cc1ccc2nc(-c3ccc(N=NC4C(=O)NC(=O)NC4=O)cc3)sc2c1S(=O)(=O)O,Cc1ccc2nc(-c3ccc(N=NC4C(=O)NC(=O)NC4=O)cc3)sc2c1S(=O)(=O)O,Cc1ccc2nc(-c3ccc(N=NC4C(=O)NC(=O)NC4=O)cc3)sc2c1S(=O)(=O)O,459.46500000000015,459.46500000000015,0.0,['none']
True,False,[],False,1,False,True,CC1=NN(c2cccc(S(=O)(=O)O)c2)C(=O)C1N=Nc1cc(Cl)c(Cl)cc1S(=O)(=O)O,CC1=NN(c2cccc(S(=O)(=O)O)c2)C(=O)C1N=Nc1cc(Cl)c(Cl)cc1S(=O)(=O)O,CC1=NN(c2cccc(S(=O)(=O)O)c2)C(=O)C1N=Nc1cc(Cl)c(Cl)cc1S(=O)(=O)O,507.3330000000002,507.3330000000002,0.0,['none']
True,False,[],False,1,False,True,COc1ccc(N=NC(C(C)=O)C(=O)Nc2ccccc2OC)c([N+](=O)[O-])c1,COc1ccc(N=NC(C(C)=O)C(=O)Nc2ccccc2OC)c([N+](=O)[O-])c1,COc1ccc(N=NC(C(C)=O)C(=O)Nc2ccccc2OC)c([N+](=O)[O-])c1,386.36400000000015,386.36400000000015,0.0,['none']
True,False,[],False,1,False,True,Cc1ccccc1NC(=O)c1cc2ccccc2c(N=Nc2cc(Cl)c(Cl)cc2Cl)c1O,Cc1ccccc1NC(=O)c1cc2ccccc2c(N=Nc2cc(Cl)c(Cl)cc2Cl)c1O,Cc1ccccc1NC(=O)c1cc2ccccc2c(N=Nc2cc(Cl)c(Cl)cc2Cl)c1O,484.7700000000002,484.7700000000002,0.0,['none']
True,False,[],False,1,False,True,CC1=CCCC2(C)C(OC=O)C(C)CCC12C,CC1=CCCC2(C)C(OC=O)C(C)CCC12C,CC1=CCCC2(C)C(OC=O)C(C)CCC12C,236.35499999999996,236.35499999999996,0.0,['none']
True,False,[],False,1,False,True,CCC=CCCOC(=O)c1ccccc1O,CCC=CCCOC(=O)c1ccccc1O,CCC=CCCOC(=O)c1ccccc1O,220.26800000000003,220.26800000000003,0.0,['none']
True,False,[],False,1,False,True,CCCCCC1(C)CCC(C)(C)C1=O,CCCCCC1(C)CCC(C)(C)C1=O,CCCCCC1(C)CCC(C)(C)C1=O,196.33399999999997,196.33399999999997,0.0,['none']
True,False,[],False,1,False,True,Cc1ccc(S(=O)(=O)O)cc1,Cc1ccc(S(=O)(=O)O)cc1,Cc1ccc(S(=O)(=O)O)cc1,172.205,172.205,0.0,['none']
True,False,[],False,1,False,True,NCC(=O)NC(Cc1ccc(O)cc1)C(=O)O,NCC(=O)NC(Cc1ccc(O)cc1)C(=O)O,NCC(=O)NC(Cc1ccc(O)cc1)C(=O)O,238.243,238.243,0.0,['none']
True,False,[],False,1,False,True,CCC(COC(=O)CC(C)CC(C)(C)C)(COC(=O)CC(C)CC(C)(C)C)COC(=O)CC(C)CC(C)(C)C,CCC(COC(=O)CC(C)CC(C)(C)C)(COC(=O)CC(C)CC(C)(C)C)COC(=O)CC(C)CC(C)(C)C,CCC(COC(=O)CC(C)CC(C)(C)C)(COC(=O)CC(C)CC(C)(C)C)COC(=O)CC(C)CC(C)(C)C,554.8530000000003,554.8530000000003,0.0,['none']
True,False,[],False,1,False,True,CC(CC(=O)OCC(COCC(COC(=O)CC(C)CC(C)(C)C)(COC(=O)CC(C)CC(C)(C)C)COC(=O)CC(C)CC(C)(C)C)(COC(=O)CC(C)CC(C)(C)C)COC(=O)CC(C)CC(C)(C)C)CC(C)(C)C,CC(CC(=O)OCC(COCC(COC(=O)CC(C)CC(C)(C)C)(COC(=O)CC(C)CC(C)(C)C)COC(=O)CC(C)CC(C)(C)C)(COC(=O)CC(C)CC(C)(C)C)COC(=O)CC(C)CC(C)(C)C)CC(C)(C)C,CC(CC(=O)OCC(COCC(COC(=O)CC(C)CC(C)(C)C)(COC(=O)CC(C)CC(C)(C)C)COC(=O)CC(C)CC(C)(C)C)(COC(=O)CC(C)CC(C)(C)C)COC(=O)CC(C)CC(C)(C)C)CC(C)(C)C,1095.6349999999989,1095.6349999999989,0.0,['none']
True,False,[],False,1,False,True,CC(C)CCOC(=O)CC(C)C,CC(C)CCOC(=O)CC(C)C,CC(C)CCOC(=O)CC(C)C,172.26799999999997,172.26799999999997,0.0,['none']
True,False,[],False,1,False,True,CCCCCC=O,CCCCCC=O,CCCCCC=O,100.16099999999999,100.16099999999999,0.0,['none']
True,False,[],False,1,False,True,C1CNCCN1,C1CNCCN1,C1CNCCN1,86.138,86.138,0.0,['none']
True,False,[],False,1,False,True,C=C(C)C(=O)OCCCCCCOC(=O)C(=C)C,C=C(C)C(=O)OCCCCCCOC(=O)C(=C)C,C=C(C)C(=O)OCCCCCCOC(=O)C(=C)C,254.3259999999999,254.3259999999999,0.0,['none']
True,False,[],False,1,False,True,CCCCCCCCCCCCCCCCCCCCCCO,CCCCCCCCCCCCCCCCCCCCCCO,CCCCCCCCCCCCCCCCCCCCCCO,326.60900000000004,326.60900000000004,0.0,['none']
True,False,[],False,1,False,True,Cc1cc(C)cc(C(=O)Cl)c1,Cc1cc(C)cc(C(=O)Cl)c1,Cc1cc(C)cc(C(=O)Cl)c1,168.623,168.623,0.0,['none']
True,False,[],False,1,False,True,O=C1OC(C(O)CO)C(O)=C1OP(=O)(O)O,O=C1OC(C(O)CO)C(O)=C1OP(=O)(O)O,O=C1OC(C(O)CO)C(O)=C1OP(=O)(O)O,256.10299999999995,256.10299999999995,0.0,['none']
True,False,[],False,1,False,True,CC1CN(CN2COC(C)C2)CO1,CC1CN(CN2COC(C)C2)CO1,CC1CN(CN2COC(C)C2)CO1,186.25499999999997,186.25499999999997,0.0,['none']
True,False,[],False,1,False,True,Nc1nc(N)nc(NC2CC2)n1,Nc1nc(N)nc(NC2CC2)n1,Nc1nc(N)nc(NC2CC2)n1,166.188,166.188,0.0,['none']
True,False,[],False,1,False,True,CC(C)CCCCCCCCCCCCCCC(=O)O,CC(C)CCCCCCCCCCCCCCC(=O)O,CC(C)CCCCCCCCCCCCCCC(=O)O,284.4839999999999,284.4839999999999,0.0,['none']
True,False,[],False,1,False,True,CC(C)Cc1ccc(CC(C)C=O)cc1,CC(C)Cc1ccc(CC(C)C=O)cc1,CC(C)Cc1ccc(CC(C)C=O)cc1,204.313,204.313,0.0,['none']
True,False,[],False,1,False,True,CCOCCCNC(=O)C(O)C(C)(C)CO,CCOCCCNC(=O)C(O)C(C)(C)CO,CCOCCCNC(=O)C(O)C(C)(C)CO,233.308,233.308,0.0,['none']
True,False,[],False,1,False,True,FC(F)(F)C=CC(F)(F)F,FC(F)(F)C=CC(F)(F)F,FC(F)(F)C=CC(F)(F)F,164.04799999999997,164.04799999999997,0.0,['none']
True,False,[],False,1,False,True,Cc1cc(C)[nH]n1,Cc1cc(C)[nH]n1,Cc1cc(C)[nH]n1,96.13300000000001,96.13300000000001,0.0,['none']
True,False,[],False,1,False,True,O=C1c2ccc3c4ccc5c6c(ccc(c7ccc(c2c37)C(=O)N1CCc1ccccc1)c64)C(=O)N(CCc1ccccc1)C5=O,O=C1c2ccc3c4ccc5c6c(ccc(c7ccc(c2c37)C(=O)N1CCc1ccccc1)c64)C(=O)N(CCc1ccccc1)C5=O,O=C1c2ccc3c4ccc5c6c(ccc(c7ccc(c2c37)C(=O)N1CCc1ccccc1)c64)C(=O)N(CCc1ccccc1)C5=O,598.6580000000004,598.6580000000004,0.0,['none']
True,False,[],False,1,False,True,CN(C)CCCNCCCN(C)C,CN(C)CCCNCCCN(C)C,CN(C)CCCNCCCN(C)C,187.331,187.331,0.0,['none']
True,False,[],False,1,False,True,CC(O)CN(CCO)CCO,CC(O)CN(CCO)CCO,CC(O)CN(CCO)CCO,163.21699999999998,163.21699999999998,0.0,['none']
True,False,[],False,1,False,True,CCOc1ccc(Nc2ccc(S(=O)(=O)N(C)C)cc2[N+](=O)[O-])cc1,CCOc1ccc(Nc2ccc(S(=O)(=O)N(C)C)cc2[N+](=O)[O-])cc1,CCOc1ccc(Nc2ccc(S(=O)(=O)N(C)C)cc2[N+](=O)[O-])cc1,365.4110000000001,365.4110000000001,0.0,['none']
True,False,[],False,1,False,True,C[Si](Cl)(Cl)CCC(F)(F)F,C[Si](Cl)(Cl)CCC(F)(F)F,C[Si](Cl)(Cl)CCC(F)(F)F,211.08599999999996,211.08599999999996,0.0,['none']
True,False,[],False,1,False,True,CC(Cc1ccc(C(C)(C)C)cc1)CN1CC(C)OC(C)C1,CC(Cc1ccc(C(C)(C)C)cc1)CN1CC(C)OC(C)C1,CC(Cc1ccc(C(C)(C)C)cc1)CN1CC(C)OC(C)C1,303.49000000000007,303.49000000000007,0.0,['none']
True,False,[],False,1,False,True,CC(=CC(C)C)C(C)OC(C)(C)COC(=O)C1CC1,CC(=CC(C)C)C(C)OC(C)(C)COC(=O)C1CC1,CC(=CC(C)C)C(C)OC(C)(C)COC(=O)C1CC1,268.397,268.397,0.0,['none']
True,False,[],False,1,False,True,CCCCOCCOS(=O)(=O)O,CCCCOCCOS(=O)(=O)O,CCCCOCCOS(=O)(=O)O,198.23999999999998,198.23999999999998,0.0,['none']
True,False,[],False,1,False,True,COC(OC)C(C)(C)CC=C(C)C,COC(OC)C(C)(C)CC=C(C)C,COC(OC)C(C)(C)CC=C(C)C,186.295,186.295,0.0,['none']
True,False,[],False,1,False,True,CCCCCCCCCCCCCCCCCC(=O)OCC[N+](C)(C)CCOC(=O)CCCCCCCCCCCCCCCCC,CCCCCCCCCCCCCCCCCC(=O)OCC[N+](C)(C)CCOC(=O)CCCCCCCCCCCCCCCCC,CCCCCCCCCCCCCCCCCC(=O)OCC[N+](C)(C)CCOC(=O)CCCCCCCCCCCCCCCCC,667.1369999999998,667.1369999999998,0.0,['none']
True,False,[],False,1,False,True,COC1(C)CCC23CC1C(C)(C)C2CCC3C,COC1(C)CCC23CC1C(C)(C)C2CCC3C,COC1(C)CCC23CC1C(C)(C)C2CCC3C,236.39899999999997,236.39899999999997,0.0,['none']
True,False,[],False,1,False,True,CC(=O)Nc1ccc(Nc2ccc(O)c3c2C(=O)c2ccccc2C3=O)cc1,CC(=O)Nc1ccc(Nc2ccc(O)c3c2C(=O)c2ccccc2C3=O)cc1,CC(=O)Nc1ccc(Nc2ccc(O)c3c2C(=O)c2ccccc2C3=O)cc1,372.38000000000005,372.38000000000005,0.0,['none']
True,False,[],False,1,False,True,O=C(O)CS,O=C(O)CS,O=C(O)CS,92.119,92.119,0.0,['none']
True,False,[],False,1,False,True,CC(=O)C1(O)CCC2C3CCC4=CC(=O)CCC4(C)C3CCC21C,CC(=O)C1(O)CCC2C3CCC4=CC(=O)CCC4(C)C3CCC21C,CC(=O)C1(O)CCC2C3CCC4=CC(=O)CCC4(C)C3CCC21C,330.4680000000001,330.4680000000001,0.0,['none']
True,False,[],False,1,False,True,CC1(C)C(C=C(Cl)C(F)(F)F)C1C(=O)O,CC1(C)C(C=C(Cl)C(F)(F)F)C1C(=O)O,CC1(C)C(C=C(Cl)C(F)(F)F)C1C(=O)O,242.62399999999997,242.62399999999997,0.0,['none']
True,False,[],False,1,False,True,CC(=O)C(N=Nc1ccccc1C(F)(F)F)C(=O)Nc1ccc2[nH]c(=O)[nH]c2c1,CC(=O)C(N=Nc1ccccc1C(F)(F)F)C(=O)Nc1ccc2[nH]c(=O)[nH]c2c1,CC(=O)C(N=Nc1ccccc1C(F)(F)F)C(=O)Nc1ccc2[nH]c(=O)[nH]c2c1,405.33600000000007,405.33600000000007,0.0,['none']
True,False,[],False,1,False,True,O=[N+]([O-])c1ccc(N=Nc2cc(N=Nc3cc(S(=O)(=O)O)cc4cc(S(=O)(=O)O)c(N=Nc5cc([N+](=O)[O-])cc([N+](=O)[O-])c5O)c(O)c34)c(O)cc2O)cc1,O=[N+]([O-])c1ccc(N=Nc2cc(N=Nc3cc(S(=O)(=O)O)cc4cc(S(=O)(=O)O)c(N=Nc5cc([N+](=O)[O-])cc([N+](=O)[O-])c5O)c(O)c34)c(O)cc2O)cc1,O=[N+]([O-])c1ccc(N=Nc2cc(N=Nc3cc(S(=O)(=O)O)cc4cc(S(=O)(=O)O)c(N=Nc5cc([N+](=O)[O-])cc([N+](=O)[O-])c5O)c(O)c34)c(O)cc2O)cc1,799.6250000000003,799.6250000000003,0.0,['none']
True,False,[],False,1,False,True,CC(C)CCCCCCCCCCCCCCC(=O)OC(C)C,CC(C)CCCCCCCCCCCCCCC(=O)OC(C)C,CC(C)CCCCCCCCCCCCCCC(=O)OC(C)C,326.565,326.565,0.0,['none']
True,False,[],False,1,False,True,O=S(=O)(O)c1ccc(N=Nc2ccc(N=Nc3c(S(=O)(=O)O)cc4cc(Nc5nc(NCCO)nc(NCCO)n5)ccc4c3O)cc2)cc1,O=S(=O)(O)c1ccc(N=Nc2ccc(N=Nc3c(S(=O)(=O)O)cc4cc(Nc5nc(NCCO)nc(NCCO)n5)ccc4c3O)cc2)cc1,O=S(=O)(O)c1ccc(N=Nc2ccc(N=Nc3c(S(=O)(=O)O)cc4cc(Nc5nc(NCCO)nc(NCCO)n5)ccc4c3O)cc2)cc1,724.738,724.738,0.0,['none']
True,False,[],False,1,False,True,O=S(=O)(O)c1cc(Nc2nc(Cl)nc(Nc3ccc(Nc4nc(Cl)nc(Nc5cc(S(=O)(=O)O)cc6cc(S(=O)(=O)O)c(N=Nc7ccccc7S(=O)(=O)O)c(O)c56)n4)cc3)n2)c2c(O)c(N=Nc3ccccc3S(=O)(=O)O)c(S(=O)(=O)O)cc2c1,O=S(=O)(O)c1cc(Nc2nc(Cl)nc(Nc3ccc(Nc4nc(Cl)nc(Nc5cc(S(=O)(=O)O)cc6cc(S(=O)(=O)O)c(N=Nc7ccccc7S(=O)(=O)O)c(O)c56)n4)cc3)n2)c2c(O)c(N=Nc3ccccc3S(=O)(=O)O)c(S(=O)(=O)O)cc2c1,O=S(=O)(O)c1cc(Nc2nc(Cl)nc(Nc3ccc(Nc4nc(Cl)nc(Nc5cc(S(=O)(=O)O)cc6cc(S(=O)(=O)O)c(N=Nc7ccccc7S(=O)(=O)O)c(O)c56)n4)cc3)n2)c2c(O)c(N=Nc3ccccc3S(=O)(=O)O)c(S(=O)(=O)O)cc2c1,1338.1100000000004,1338.1100000000004,0.0,['none']
True,False,[],False,1,False,True,O=C(O)CSSCC(=O)O,O=C(O)CSSCC(=O)O,O=C(O)CSSCC(=O)O,182.22199999999998,182.22199999999998,0.0,['none']
True,False,[],False,1,False,True,CCCCC(CC)COC(=O)Nc1ccc(C)c(NC(=O)OCCN(C)C)c1,CCCCC(CC)COC(=O)Nc1ccc(C)c(NC(=O)OCCN(C)C)c1,CCCCC(CC)COC(=O)Nc1ccc(C)c(NC(=O)OCCN(C)C)c1,393.5280000000002,393.5280000000002,0.0,['none']
True,False,[],False,1,False,True,Nc1nc(Cl)nc(Nc2ccc(S(=O)(=O)O)c(N=Nc3c(S(=O)(=O)O)cc4cc(S(=O)(=O)O)c(N=Nc5cc(S(=O)(=O)O)ccc5S(=O)(=O)O)c(N)c4c3O)c2)n1,Nc1nc(Cl)nc(Nc2ccc(S(=O)(=O)O)c(N=Nc3c(S(=O)(=O)O)cc4cc(S(=O)(=O)O)c(N=Nc5cc(S(=O)(=O)O)ccc5S(=O)(=O)O)c(N)c4c3O)c2)n1,Nc1nc(Cl)nc(Nc2ccc(S(=O)(=O)O)c(N=Nc3c(S(=O)(=O)O)cc4cc(S(=O)(=O)O)c(N=Nc5cc(S(=O)(=O)O)ccc5S(=O)(=O)O)c(N)c4c3O)c2)n1,911.2690000000001,911.2690000000001,0.0,['none']
True,False,[],False,1,False,True,CNS(=O)(=O)C(F)(F)C(F)(F)C(F)(F)C(F)(F)F,CNS(=O)(=O)C(F)(F)C(F)(F)C(F)(F)C(F)(F)F,CNS(=O)(=O)C(F)(F)C(F)(F)C(F)(F)C(F)(F)F,313.1409999999999,313.1409999999999,0.0,['none']
True,False,[],False,1,False,True,CCCCCCCCCCCCCC[N+](C)(C)CCCCCCCCCCCCCC,CCCCCCCCCCCCCC[N+](C)(C)CCCCCCCCCCCCCC,CCCCCCCCCCCCCC[N+](C)(C)CCCCCCCCCCCCCC,438.84900000000044,438.84900000000044,0.0,['none']
True,False,[],False,1,False,True,CCCCOC(=O)CC(SP(=S)(OCCC)OCCC)C(=O)OCCCC,CCCCOC(=O)CC(SP(=S)(OCCC)OCCC)C(=O)OCCCC,CCCCOC(=O)CC(SP(=S)(OCCC)OCCC)C(=O)OCCCC,442.5800000000004,442.5800000000004,0.0,['none']
True,False,[],False,1,False,True,CCCCOC(=O)CC(SP(=S)(OCC(CC)CCCC)OCC(CC)CCCC)C(=O)OCCCC,CCCCOC(=O)CC(SP(=S)(OCC(CC)CCCC)OCC(CC)CCCC)C(=O)OCCCC,CCCCOC(=O)CC(SP(=S)(OCC(CC)CCCC)OCC(CC)CCCC)C(=O)OCCCC,582.8500000000003,582.8500000000003,0.0,['none']
True,False,[],False,1,False,True,CC(C)C(=O)OCC(C)(C)C(OC(=O)C(C)C)C(C)C,CC(C)C(=O)OCC(C)(C)C(OC(=O)C(C)C)C(C)C,CC(C)C(=O)OCC(C)(C)C(OC(=O)C(C)C)C(C)C,286.412,286.412,0.0,['none']
True,False,[],False,1,False,True,CCCCCCCCC=CCCCCCCCC1=NCCN1CCO,CCCCCCCCC=CCCCCCCCC1=NCCN1CCO,CCCCCCCCC=CCCCCCCCC1=NCCN1CCO,350.59100000000007,350.59100000000007,0.0,['none']
True,False,[],False,1,False,True,CC1CC(CC2CCC(N)C(C)C2)CCC1N,CC1CC(CC2CCC(N)C(C)C2)CCC1N,CC1CC(CC2CCC(N)C(C)C2)CCC1N,238.41899999999995,238.41899999999995,0.0,['none']
True,False,[],False,1,False,True,Nc1ccc(N=Nc2ccc(N=Nc3c(S(=O)(=O)O)cc4cc(S(=O)(=O)O)c(N=Nc5ccccc5)c(O)c4c3N)cc2)c(N)c1,Nc1ccc(N=Nc2ccc(N=Nc3c(S(=O)(=O)O)cc4cc(S(=O)(=O)O)c(N=Nc5ccccc5)c(O)c4c3N)cc2)c(N)c1,Nc1ccc(N=Nc2ccc(N=Nc3c(S(=O)(=O)O)cc4cc(S(=O)(=O)O)c(N=Nc5ccccc5)c(O)c4c3N)cc2)c(N)c1,661.682,661.682,0.0,['none']
True,False,[],False,1,False,True,CCCCCCCC(=O)CC(=O)c1ccccc1,CCCCCCCC(=O)CC(=O)c1ccccc1,CCCCCCCC(=O)CC(=O)c1ccccc1,246.35,246.35,0.0,['none']
True,False,[],False,1,False,True,CC(=CCCC=O)CCCC(C)C,CC(=CCCC=O)CCCC(C)C,CC(=CCCC=O)CCCC(C)C,182.307,182.307,0.0,['none']
True,False,[],False,1,False,True,C=CCOC(=O)COC1CCCCC1,C=CCOC(=O)COC1CCCCC1,C=CCOC(=O)COC1CCCCC1,198.26199999999992,198.26199999999992,0.0,['none']
True,False,[],False,1,False,True,CCC(=O)OC1CC2CC1C1CC=CC21,CCC(=O)OC1CC2CC1C1CC=CC21,CCC(=O)OC1CC2CC1C1CC=CC21,206.285,206.285,0.0,['none']
True,False,[],False,1,False,True,CCN(Cc1cccc(S(=O)(=O)[O-])c1)c1ccc(C(=C2C=CC(=[N+](CC)Cc3cccc(S(=O)(=O)O)c3)C=C2)c2ccccc2S(=O)(=O)O)cc1,CCN(Cc1cccc(S(=O)(=O)[O-])c1)c1ccc(C(=C2C=CC(=[N+](CC)Cc3cccc(S(=O)(=O)O)c3)C=C2)c2ccccc2S(=O)(=O)O)cc1,CCN(Cc1cccc(S(=O)(=O)[O-])c1)c1ccc(C(=C2C=CC(=[N+](CC)Cc3cccc(S(=O)(=O)O)c3)C=C2)c2ccccc2S(=O)(=O)O)cc1,748.9010000000004,748.9010000000004,0.0,['none']
True,False,[],False,1,False,True,CCCCC(CC)COP(=S)(S)OCC(CC)CCCC,CCCCC(CC)COP(=S)(S)OCC(CC)CCCC,CCCCC(CC)COP(=S)(S)OCC(CC)CCCC,354.5620000000002,354.5620000000002,0.0,['none']
True,False,[],False,1,False,True,O=S(=O)(O)c1ccc(S(=O)(=O)O)c(Nc2nc(Nc3ccc(C=Cc4ccc(Nc5nc(Nc6cc(S(=O)(=O)O)ccc6S(=O)(=O)O)nc(N(CCO)CCO)n5)cc4S(=O)(=O)O)c(S(=O)(=O)O)c3)nc(N(CCO)CCO)n2)c1,O=S(=O)(O)c1ccc(S(=O)(=O)O)c(Nc2nc(Nc3ccc(C=Cc4ccc(Nc5nc(Nc6cc(S(=O)(=O)O)ccc6S(=O)(=O)O)nc(N(CCO)CCO)n5)cc4S(=O)(=O)O)c(S(=O)(=O)O)c3)nc(N(CCO)CCO)n2)c1,O=S(=O)(O)c1ccc(S(=O)(=O)O)c(Nc2nc(Nc3ccc(C=Cc4ccc(Nc5nc(Nc6cc(S(=O)(=O)O)ccc6S(=O)(=O)O)nc(N(CCO)CCO)n5)cc4S(=O)(=O)O)c(S(=O)(=O)O)c3)nc(N(CCO)CCO)n2)c1,1237.2560000000005,1237.2560000000005,0.0,['none']
True,False,[],False,1,False,True,CCCCCCCCCCCCCCCCCCOP(=O)(O)O,CCCCCCCCCCCCCCCCCCOP(=O)(O)O,CCCCCCCCCCCCCCCCCCOP(=O)(O)O,350.4799999999999,350.4799999999999,0.0,['none']
True,False,[],False,1,False,True,COC(=O)COc1nc(F)c(Cl)c(N)c1Cl,COC(=O)COc1nc(F)c(Cl)c(N)c1Cl,COC(=O)COc1nc(F)c(Cl)c(N)c1Cl,269.05899999999997,269.05899999999997,0.0,['none']
True,False,[],False,1,False,True,O=C1c2ccccc2C2=Nc3cccc4cccc(c34)N12,O=C1c2ccccc2C2=Nc3cccc4cccc(c34)N12,O=C1c2ccccc2C2=Nc3cccc4cccc(c34)N12,270.291,270.291,0.0,['none']
True,False,[],False,1,False,True,CCCCCCCCCCCCCCCCCCOC(=O)CCSCCC(=O)OCCCCCCCCCCCCCCCCCC,CCCCCCCCCCCCCCCCCCOC(=O)CCSCCC(=O)OCCCCCCCCCCCCCCCCCC,CCCCCCCCCCCCCCCCCCOC(=O)CCSCCC(=O)OCCCCCCCCCCCCCCCCCC,683.1809999999996,683.1809999999996,0.0,['none']
True,False,[],False,1,False,True,NC1CCCCC1N,NC1CCCCC1N,NC1CCCCC1N,114.19200000000001,114.19200000000001,0.0,['none']
True,False,[],False,1,False,True,CCC1CCC(=O)O1,CCC1CCC(=O)O1,CCC1CCC(=O)O1,114.14399999999999,114.14399999999999,0.0,['none']
True,False,[],False,1,False,True,C=CC(=O)OCC1COC(C)(CC)O1,C=CC(=O)OCC1COC(C)(CC)O1,C=CC(=O)OCC1COC(C)(CC)O1,200.23399999999995,200.23399999999995,0.0,['none']
True,False,[],False,1,False,True,O=C(CCc1ccc(O)cc1)Nc1ccccc1C(=O)O,O=C(CCc1ccc(O)cc1)Nc1ccccc1C(=O)O,O=C(CCc1ccc(O)cc1)Nc1ccccc1C(=O)O,285.29900000000004,285.29900000000004,0.0,['none']
True,False,[],False,1,False,True,OCCN(CCO)C(CO)(CO)CO,OCCN(CCO)C(CO)(CO)CO,OCCN(CCO)C(CO)(CO)CO,209.24199999999996,209.24199999999996,0.0,['none']
True,False,[],False,1,False,True,O=C(NC(C(=O)O)C1CCCCC1)OCc1ccccc1,O=C(NC(C(=O)O)C1CCCCC1)OCc1ccccc1,O=C(NC(C(=O)O)C1CCCCC1)OCc1ccccc1,291.3469999999999,291.3469999999999,0.0,['none']
True,False,[],False,1,False,True,O=C(Nc1ccc2[nH]c(=O)[nH]c2c1)c1cc2ccccc2c(N=Nc2cc(Cl)ccc2Cl)c1O,O=C(Nc1ccc2[nH]c(=O)[nH]c2c1)c1cc2ccccc2c(N=Nc2cc(Cl)ccc2Cl)c1O,O=C(Nc1ccc2[nH]c(=O)[nH]c2c1)c1cc2ccccc2c(N=Nc2cc(Cl)ccc2Cl)c1O,492.32200000000023,492.32200000000023,0.0,['none']
True,False,[],False,1,False,True,CN(C)C(C)(C)CO,CN(C)C(C)(C)CO,CN(C)C(C)(C)CO,117.19199999999998,117.19199999999998,0.0,['none']
True,False,[],False,1,False,True,FC(F)=C(F)OC(F)(F)OC(F)(F)F,FC(F)=C(F)OC(F)(F)OC(F)(F)F,FC(F)=C(F)OC(F)(F)OC(F)(F)F,232.02599999999995,232.02599999999995,0.0,['none']
True,False,[],False,1,False,True,C=C(Br)C(=O)Nc1ccc(N=Nc2c(NC)ccc3cc(S(=O)(=O)O)cc(O)c23)c(S(=O)(=O)O)c1,C=C(Br)C(=O)Nc1ccc(N=Nc2c(NC)ccc3cc(S(=O)(=O)O)cc(O)c23)c(S(=O)(=O)O)c1,C=C(Br)C(=O)Nc1ccc(N=Nc2c(NC)ccc3cc(S(=O)(=O)O)cc(O)c23)c(S(=O)(=O)O)c1,585.4140000000003,585.4140000000003,0.0,['none']
True,False,[],False,1,False,True,C=C(Br)C(=O)Nc1ccc(N=Nc2c(N)ccc3cc(S(=O)(=O)O)cc(O)c23)c(S(=O)(=O)O)c1,C=C(Br)C(=O)Nc1ccc(N=Nc2c(N)ccc3cc(S(=O)(=O)O)cc(O)c23)c(S(=O)(=O)O)c1,C=C(Br)C(=O)Nc1ccc(N=Nc2c(N)ccc3cc(S(=O)(=O)O)cc(O)c23)c(S(=O)(=O)O)c1,571.3870000000003,571.3870000000003,0.0,['none']
True,False,[],False,1,False,True,C=C(Br)C(=O)Nc1ccc(S(=O)(=O)O)c(N=NC2C(=O)N(c3cc(Cl)c(S(=O)(=O)O)cc3Cl)N=C2C)c1,C=C(Br)C(=O)Nc1ccc(S(=O)(=O)O)c(N=NC2C(=O)N(c3cc(Cl)c(S(=O)(=O)O)cc3Cl)N=C2C)c1,C=C(Br)C(=O)Nc1ccc(S(=O)(=O)O)c(N=NC2C(=O)N(c3cc(Cl)c(S(=O)(=O)O)cc3Cl)N=C2C)c1,655.2920000000001,655.2920000000001,0.0,['none']
True,False,[],False,1,False,True,ClCc1ccc(Cl)nc1,ClCc1ccc(Cl)nc1,ClCc1ccc(Cl)nc1,162.019,162.019,0.0,['none']
True,False,[],False,1,False,True,CCCCCC1CCCC(=O)O1,CCCCCC1CCCC(=O)O1,CCCCCC1CCCC(=O)O1,170.25199999999998,170.25199999999998,0.0,['none']
True,False,[],False,1,False,True,CC(=O)Nc1cccc(Nc2cc(S(=O)(=O)O)c(N)c3c2C(=O)c2ccccc2C3=O)c1,CC(=O)Nc1cccc(Nc2cc(S(=O)(=O)O)c(N)c3c2C(=O)c2ccccc2C3=O)c1,CC(=O)Nc1cccc(Nc2cc(S(=O)(=O)O)c(N)c3c2C(=O)c2ccccc2C3=O)c1,451.4600000000002,451.4600000000002,0.0,['none']
True,False,[],False,1,False,True,O=S(=O)(O)OO,O=S(=O)(O)OO,O=S(=O)(O)OO,114.07799999999997,114.07799999999997,0.0,['none']
True,False,[],False,1,False,True,C=C(C#N)C(=O)OCC,C=C(C#N)C(=O)OCC,C=C(C#N)C(=O)OCC,125.12699999999998,125.12699999999998,0.0,['none']
True,False,[],False,1,False,True,CCCCCCCCCCCCCCCCCC(=O)OCC(COCC(COC(=O)CCCCCCCCCCCCCCCCC)(COC(=O)CCCCCCCCCCCCCCCCC)COC(=O)CCCCCCCCCCCCCCCCC)(COC(=O)CCCCCCCCCCCCCCCCC)COC(=O)CCCCCCCCCCCCCCCCC,CCCCCCCCCCCCCCCCCC(=O)OCC(COCC(COC(=O)CCCCCCCCCCCCCCCCC)(COC(=O)CCCCCCCCCCCCCCCCC)COC(=O)CCCCCCCCCCCCCCCCC)(COC(=O)CCCCCCCCCCCCCCCCC)COC(=O)CCCCCCCCCCCCCCCCC,CCCCCCCCCCCCCCCCCC(=O)OCC(COCC(COC(=O)CCCCCCCCCCCCCCCCC)(COC(=O)CCCCCCCCCCCCCCCCC)COC(=O)CCCCCCCCCCCCCCCCC)(COC(=O)CCCCCCCCCCCCCCCCC)COC(=O)CCCCCCCCCCCCCCCCC,1853.0930000000003,1853.0930000000003,0.0,['none']
True,False,[],False,1,False,True,CC(C)COC(=O)C1CCCCC1C(=O)OCC(C)C,CC(C)COC(=O)C1CCCCC1C(=O)OCC(C)C,CC(C)COC(=O)C1CCCCC1C(=O)OCC(C)C,284.39599999999996,284.39599999999996,0.0,['none']
True,False,[],False,1,False,True,CCCCC(CC)COC(=O)CC(C)CC(C)(C)C,CCCCC(CC)COC(=O)CC(C)CC(C)(C)C,CCCCC(CC)COC(=O)CC(C)CC(C)(C)C,270.45699999999994,270.45699999999994,0.0,['none']
True,False,[],False,1,False,True,CCCCCO,CCCCCO,CCCCCO,88.14999999999999,88.14999999999999,0.0,['none']
True,False,[],False,1,False,True,c1ccccc1,c1ccccc1,c1ccccc1,78.11399999999999,78.11399999999999,0.0,['none']
True,False,[],False,1,False,True,O=S(=O)(O)c1cc(N=Nc2ccc3c(S(=O)(=O)O)cccc3c2S(=O)(=O)O)c2c(O)c(Nc3nc(Cl)nc(Nc4ccc(Nc5nc(Cl)nc(Nc6c(S(=O)(=O)O)cc7cc(S(=O)(=O)O)cc(N=Nc8ccc9c(S(=O)(=O)O)cccc9c8S(=O)(=O)O)c7c6O)n5)cc4)n3)c(S(=O)(=O)O)cc2c1,O=S(=O)(O)c1cc(N=Nc2ccc3c(S(=O)(=O)O)cccc3c2S(=O)(=O)O)c2c(O)c(Nc3nc(Cl)nc(Nc4ccc(Nc5nc(Cl)nc(Nc6c(S(=O)(=O)O)cc7cc(S(=O)(=O)O)cc(N=Nc8ccc9c(S(=O)(=O)O)cccc9c8S(=O)(=O)O)c7c6O)n5)cc4)n3)c(S(=O)(=O)O)cc2c1,O=S(=O)(O)c1cc(N=Nc2ccc3c(S(=O)(=O)O)cccc3c2S(=O)(=O)O)c2c(O)c(Nc3nc(Cl)nc(Nc4ccc(Nc5nc(Cl)nc(Nc6c(S(=O)(=O)O)cc7cc(S(=O)(=O)O)cc(N=Nc8ccc9c(S(=O)(=O)O)cccc9c8S(=O)(=O)O)c7c6O)n5)cc4)n3)c(S(=O)(=O)O)cc2c1,1598.3580000000002,1598.3580000000002,0.0,['none']
True,False,[],False,1,False,True,CC=CC(=O)C1C(C)C=CCC1(C)C,CC=CC(=O)C1C(C)C=CCC1(C)C,CC=CC(=O)C1C(C)C=CCC1(C)C,192.30199999999996,192.30199999999996,0.0,['none']
True,False,[],False,1,False,True,CCCCCCCC1CCCC(=O)O1,CCCCCCCC1CCCC(=O)O1,CCCCCCCC1CCCC(=O)O1,198.30599999999995,198.30599999999995,0.0,['none']
True,False,[],False,1,False,True,Cc1ccc2c(c1)NCCO2,Cc1ccc2c(c1)NCCO2,Cc1ccc2c(c1)NCCO2,149.19299999999998,149.19299999999998,0.0,['none']
True,False,[],False,1,False,True,COc1cc(N=Nc2cccc(S(=O)(=O)O)c2)ccc1NC(=O)Nc1ccc(N=Nc2cccc(S(=O)(=O)O)c2)cc1OC,COc1cc(N=Nc2cccc(S(=O)(=O)O)c2)ccc1NC(=O)Nc1ccc(N=Nc2cccc(S(=O)(=O)O)c2)cc1OC,COc1cc(N=Nc2cccc(S(=O)(=O)O)c2)ccc1NC(=O)Nc1ccc(N=Nc2cccc(S(=O)(=O)O)c2)cc1OC,640.6560000000003,640.6560000000003,0.0,['none']
True,False,[],False,1,False,True,Cc1ccc(C(=O)OC(C)C)cc1N=Nc1c(O)c(C(=O)Nc2cc(Cl)c(NC(=O)c3cc4ccccc4c(N=Nc4cc(C(=O)OC(C)C)ccc4C)c3O)cc2Cl)cc2ccccc12,Cc1ccc(C(=O)OC(C)C)cc1N=Nc1c(O)c(C(=O)Nc2cc(Cl)c(NC(=O)c3cc4ccccc4c(N=Nc4cc(C(=O)OC(C)C)ccc4C)c3O)cc2Cl)cc2ccccc12,Cc1ccc(C(=O)OC(C)C)cc1N=Nc1c(O)c(C(=O)Nc2cc(Cl)c(NC(=O)c3cc4ccccc4c(N=Nc4cc(C(=O)OC(C)C)ccc4C)c3O)cc2Cl)cc2ccccc12,925.8259999999998,925.8259999999998,0.0,['none']
True,False,[],False,1,False,True,c1cc(OCC2CO2)cc(N(CC2CO2)CC2CO2)c1,c1cc(OCC2CO2)cc(N(CC2CO2)CC2CO2)c1,c1cc(OCC2CO2)cc(N(CC2CO2)CC2CO2)c1,277.31999999999994,277.31999999999994,0.0,['none']
True,False,[],False,1,False,True,CC(C)c1cc(C(C)C)cc(C(C)C)c1,CC(C)c1cc(C(C)C)cc(C(C)C)c1,CC(C)c1cc(C(C)C)cc(C(C)C)c1,204.35699999999997,204.35699999999997,0.0,['none']
True,False,[],False,1,False,True,CCCCCCCCCC[N+](C)(C)CCCCCCCCCC,CCCCCCCCCC[N+](C)(C)CCCCCCCCCC,CCCCCCCCCC[N+](C)(C)CCCCCCCCCC,326.6330000000001,326.6330000000001,0.0,['none']
True,False,[],False,1,False,True,CC(C)CCCCCC(=O)NCCCCCC(=O)O,CC(C)CCCCCC(=O)NCCCCCC(=O)O,CC(C)CCCCCC(=O)NCCCCCC(=O)O,271.40099999999995,271.40099999999995,0.0,['none']
True,False,[],False,1,False,True,CC(O)C(N)C(=O)O,CC(O)C(N)C(=O)O,CC(O)C(N)C(=O)O,119.11999999999999,119.11999999999999,0.0,['none']
True,False,[],False,1,False,True,CC(C)(C)CC(C)(C)Nc1nc(Cl)nc(Cl)n1,CC(C)(C)CC(C)(C)Nc1nc(Cl)nc(Cl)n1,CC(C)(C)CC(C)(C)Nc1nc(Cl)nc(Cl)n1,277.199,277.199,0.0,['none']
True,False,[],False,1,False,True,Cc1cc2[nH]c(=O)[nH]c2cc1N=NC1C(=O)NC(=O)NC1=O,Cc1cc2[nH]c(=O)[nH]c2cc1N=NC1C(=O)NC(=O)NC1=O,Cc1cc2[nH]c(=O)[nH]c2cc1N=NC1C(=O)NC(=O)NC1=O,302.25000000000006,302.25000000000006,0.0,['none']
True,False,[],False,1,False,True,OCCCOCC(COCCCO)(COCCCO)COCCCO,OCCCOCC(COCCCO)(COCCCO)COCCCO,OCCCOCC(COCCCO)(COCCCO)COCCCO,368.46700000000016,368.46700000000016,0.0,['none']
True,False,[],False,1,False,True,CCOC(=O)NCCOc1ccc(Oc2ccccc2)cc1,CCOC(=O)NCCOc1ccc(Oc2ccccc2)cc1,CCOC(=O)NCCOc1ccc(Oc2ccccc2)cc1,301.34200000000004,301.34200000000004,0.0,['none']
True,False,[],False,1,False,True,CCCCCCCCCCCCCCCC(=O)OCCCCCCCCCCCCCCCC(C)C,CCCCCCCCCCCCCCCC(=O)OCCCCCCCCCCCCCCCC(C)C,CCCCCCCCCCCCCCCC(=O)OCCCCCCCCCCCCCCCC(C)C,508.9160000000006,508.9160000000006,0.0,['none']
True,False,[],False,1,False,True,COC(=O)C(C)Oc1ccc(Oc2ncc(C(F)(F)F)cc2Cl)cc1,COC(=O)C(C)Oc1ccc(Oc2ncc(C(F)(F)F)cc2Cl)cc1,COC(=O)C(C)Oc1ccc(Oc2ncc(C(F)(F)F)cc2Cl)cc1,375.73,375.73,0.0,['none']
True,False,[],False,1,False,True,S=c1[nH]nc(SSc2n[nH]c(=S)s2)s1,S=c1[nH]nc(SSc2n[nH]c(=S)s2)s1,S=c1[nH]nc(SSc2n[nH]c(=S)s2)s1,298.49,298.49,0.0,['none']
True,False,[],False,1,False,True,CC(O)CC(C)CCc1ccccc1,CC(O)CC(C)CCc1ccccc1,CC(O)CC(C)CCc1ccccc1,192.30200000000002,192.30200000000002,0.0,['none']
True,False,[],False,1,False,True,COc1cc(S(=O)(=O)O)c(C)cc1NC(=O)C(N=Nc1ccc(-c2nc3ccc(C)c(S(=O)(=O)O)c3s2)cc1)C(C)=O,COc1cc(S(=O)(=O)O)c(C)cc1NC(=O)C(N=Nc1ccc(-c2nc3ccc(C)c(S(=O)(=O)O)c3s2)cc1)C(C)=O,COc1cc(S(=O)(=O)O)c(C)cc1NC(=O)C(N=Nc1ccc(-c2nc3ccc(C)c(S(=O)(=O)O)c3s2)cc1)C(C)=O,632.6980000000002,632.6980000000002,0.0,['none']
True,False,[],False,1,False,True,CCCCOCCCN1C(C(C(=O)Nc2cc(C(C)(C)C)ccc2SCC(CC)CCCC)N2C(=O)OC(C)(C)C2=O)=Nc2ccccc2S1(=O)=O,CCCCOCCCN1C(C(C(=O)Nc2cc(C(C)(C)C)ccc2SCC(CC)CCCC)N2C(=O)OC(C)(C)C2=O)=Nc2ccccc2S1(=O)=O,CCCCOCCCN1C(C(C(=O)Nc2cc(C(C)(C)C)ccc2SCC(CC)CCCC)N2C(=O)OC(C)(C)C2=O)=Nc2ccccc2S1(=O)=O,757.0320000000003,757.0320000000003,0.0,['none']
True,False,[],False,1,False,True,CSc1nc(NC(C)C)nc(NC(C)C)n1,CSc1nc(NC(C)C)nc(NC(C)C)n1,CSc1nc(NC(C)C)nc(NC(C)C)n1,241.364,241.364,0.0,['none']
True,False,[],False,1,False,True,CCCCCCCCC=CCCCCCCCCNC(=O)CCCCCCCC=CCCCCCCCC,CCCCCCCCC=CCCCCCCCCNC(=O)CCCCCCCC=CCCCCCCCC,CCCCCCCCC=CCCCCCCCCNC(=O)CCCCCCCC=CCCCCCCCC,531.9540000000004,531.9540000000004,0.0,['none']
True,False,[],False,1,False,True,CCOC(=O)C1CCC(C(=O)OCC)CC1,CCOC(=O)C1CCC(C(=O)OCC)CC1,CCOC(=O)C1CCC(C(=O)OCC)CC1,228.28799999999993,228.28799999999993,0.0,['none']
True,False,[],False,1,False,True,COCCCNc1nc(NCCCOC)c(N=Nc2sc(C(=O)OC)c(C)c2C#N)c(C)c1C#N,COCCCNc1nc(NCCCOC)c(N=Nc2sc(C(=O)OC)c(C)c2C#N)c(C)c1C#N,COCCCNc1nc(NCCCOC)c(N=Nc2sc(C(=O)OC)c(C)c2C#N)c(C)c1C#N,499.5970000000003,499.5970000000003,0.0,['none']
True,False,[],False,1,False,True,NC(Cc1c[nH]c2ccccc12)C(=O)O,NC(Cc1c[nH]c2ccccc12)C(=O)O,NC(Cc1c[nH]c2ccccc12)C(=O)O,204.22899999999998,204.22899999999998,0.0,['none']
True,False,[],False,1,False,True,C=CC(=O)OCCOCCOCC,C=CC(=O)OCCOCCOCC,C=CC(=O)OCCOCCOCC,188.22299999999996,188.22299999999996,0.0,['none']
True,False,[],False,1,False,True,C=C(C)C(=O)OCCOCCOCCCC,C=C(C)C(=O)OCCOCCOCCCC,C=C(C)C(=O)OCCOCCOCCCC,230.30399999999992,230.30399999999992,0.0,['none']
True,False,[],False,1,False,True,CCOC(=O)C(C)=CC(=O)OC,CCOC(=O)C(C)=CC(=O)OC,CCOC(=O)C(C)=CC(=O)OC,172.17999999999998,172.17999999999998,0.0,['none']
True,False,[],False,1,False,True,O=S(=O)(O)CCN1CCN(CCO)CC1,O=S(=O)(O)CCN1CCN(CCO)CC1,O=S(=O)(O)CCN1CCN(CCO)CC1,238.30899999999994,238.30899999999994,0.0,['none']
True,False,[],False,1,False,True,Nc1ccc(C(=O)NCCC(=O)O)cc1,Nc1ccc(C(=O)NCCC(=O)O)cc1,Nc1ccc(C(=O)NCCC(=O)O)cc1,208.217,208.217,0.0,['none']
True,False,[],False,1,False,True,Cc1cc2c(c(C3CCCCC3)c1)OP(O)Oc1c(cc(C)cc1C1CCCCC1)C2,Cc1cc2c(c(C3CCCCC3)c1)OP(O)Oc1c(cc(C)cc1C1CCCCC1)C2,Cc1cc2c(c(C3CCCCC3)c1)OP(O)Oc1c(cc(C)cc1C1CCCCC1)C2,438.54800000000034,438.54800000000034,0.0,['none']
True,False,[],False,1,False,True,CC(C)(C)CC(C)(C)c1cc(-n2nc3ccccc3n2)c(O)c(C(C)(C)c2ccccc2)c1,CC(C)(C)CC(C)(C)c1cc(-n2nc3ccccc3n2)c(O)c(C(C)(C)c2ccccc2)c1,CC(C)(C)CC(C)(C)c1cc(-n2nc3ccccc3n2)c(O)c(C(C)(C)c2ccccc2)c1,441.6190000000002,441.6190000000002,0.0,['none']
True,False,[],False,1,False,True,CCB(CC)OC,CCB(CC)OC,CCB(CC)OC,99.96999999999998,99.96999999999998,0.0,['none']
True,False,[],False,1,False,True,C#C,C#C,C#C,26.037999999999997,26.037999999999997,0.0,['none']
True,False,[],False,1,False,True,C1=CC2CCC1C2,C1=CC2CCC1C2,C1=CC2CCC1C2,94.157,94.157,0.0,['none']
True,False,[],False,1,False,True,COC(=O)CC(C)C(=O)c1ccc(NC(=O)c2ccc(OC)cc2)c([N+](=O)[O-])c1,COC(=O)CC(C)C(=O)c1ccc(NC(=O)c2ccc(OC)cc2)c([N+](=O)[O-])c1,COC(=O)CC(C)C(=O)c1ccc(NC(=O)c2ccc(OC)cc2)c([N+](=O)[O-])c1,400.38700000000017,400.38700000000017,0.0,['none']
True,False,[],False,1,False,True,O=C(Nc1ccc(Cc2ccc(NC(=O)N3CC3)cc2)cc1)N1CC1,O=C(Nc1ccc(Cc2ccc(NC(=O)N3CC3)cc2)cc1)N1CC1,O=C(Nc1ccc(Cc2ccc(NC(=O)N3CC3)cc2)cc1)N1CC1,336.3950000000001,336.3950000000001,0.0,['none']
True,False,[],False,1,False,True,O=S(=O)(O)C(O)CCCC(O)S(=O)(=O)O,O=S(=O)(O)C(O)CCCC(O)S(=O)(=O)O,O=S(=O)(O)C(O)CCCC(O)S(=O)(=O)O,264.27699999999993,264.27699999999993,0.0,['none']
True,False,[],False,1,False,True,Cc1[nH]n2c(=O)c3ccccc3nc2c1N=Nc1ccc(Cl)cc1[N+](=O)[O-],Cc1[nH]n2c(=O)c3ccccc3nc2c1N=Nc1ccc(Cl)cc1[N+](=O)[O-],Cc1[nH]n2c(=O)c3ccccc3nc2c1N=Nc1ccc(Cl)cc1[N+](=O)[O-],382.76700000000005,382.76700000000005,0.0,['none']
True,True,['Li'],False,1,False,True,[Li],[Li+],[Li+],6.941,6.941,0.0,"['metal:Li', 'fragment_removed']"
True,True,['Mg'],False,1,False,True,[Mg],[Mg+2],[Mg+2],24.305,24.305,0.0,"['metal:Mg', 'fragment_removed']"
True,True,['Z46'],False,1,False,True,[Pd],[Pd],[Pd],106.42,106.42,0.0,['metal:Z46']
True,False,[],False,1,False,True,[Sb],[Sb],[Sb],121.76,121.76,0.0,['none']
True,True,['Be'],False,1,False,True,[Be],[Be],[Be],9.012,9.012,0.0,['metal:Be']
True,False,[],False,1,False,True,[Ce],[Ce],[Ce],140.116,140.116,0.0,['none']
True,False,[],False,1,False,True,[Ge],[Ge],[Ge],72.61,72.61,0.0,['none']
True,False,[],False,1,False,True,C[n+]1ccc(C=Cc2ccc(C=O)cc2)cc1,C[n+]1ccc(C=Cc2ccc(C=O)cc2)cc1,C[n+]1ccc(C=Cc2ccc(C=O)cc2)cc1,224.28300000000002,224.28300000000002,0.0,['none']
True,False,[],False,1,False,True,O=[Se]=O,O=[Se]=O,O=[Se]=O,110.95799999999998,110.95799999999998,0.0,['none']
True,False,[],False,1,False,True,Cl,Cl,Cl,36.461000000000006,36.461000000000006,0.0,['none']
True,False,[],False,1,False,True,CC(C)=CCCC(C)CCOCC=O,CC(C)=CCCC(C)CCOCC=O,CC(C)=CCCC(C)CCOCC=O,198.30599999999998,198.30599999999998,0.0,['none']
True,False,[],False,1,False,True,C=CF,C=CF,C=CF,46.044,46.044,0.0,['none']
True,False,[],False,1,False,True,CC(C)S,CC(C)S,CC(C)S,76.164,76.164,0.0,['none']
True,False,[],False,1,False,True,CC(C)(C)O,CC(C)(C)O,CC(C)(C)O,74.12299999999999,74.12299999999999,0.0,['none']
True,False,[],False,1,False,True,C=C(C)C(=O)OC1CC2CCC1(C)C2(C)C,C=C(C)C(=O)OC1CC2CCC1(C)C2(C)C,C=C(C)C(=O)OC1CC2CCC1(C)C2(C)C,222.32799999999992,222.32799999999992,0.0,['none']
True,False,[],False,1,False,True,Br,Br,Br,80.91199999999999,80.91199999999999,0.0,['none']
True,False,[],False,1,False,True,O=C(C(F)(F)C(F)(F)F)C(F)(C(F)(F)F)C(F)(F)F,O=C(C(F)(F)C(F)(F)F)C(F)(C(F)(F)F)C(F)(F)F,O=C(C(F)(F)C(F)(F)F)C(F)(C(F)(F)F)C(F)(F)F,316.04099999999994,316.04099999999994,0.0,['none']
True,False,[],False,1,False,True,O=C(CCS)OCC(COC(=O)CCS)(COC(=O)CCS)COC(=O)CCS,O=C(CCS)OCC(COC(=O)CCS)(COC(=O)CCS)COC(=O)CCS,O=C(CCS)OCC(COC(=O)CCS)(COC(=O)CCS)COC(=O)CCS,488.67100000000033,488.67100000000033,0.0,['none']
True,False,[],False,1,False,True,FC(F)(F)C(F)(F)F,FC(F)(F)C(F)(F)F,FC(F)(F)C(F)(F)F,138.01000000000002,138.01000000000002,0.0,['none']
True,False,[],False,1,False,True,[O-][Cl+3]([O-])([O-])O,[O-][Cl+3]([O-])([O-])O,[O-][Cl+3]([O-])([O-])O,100.457,100.457,0.0,['none']
True,False,[],False,1,False,True,CCCCN(C=O)CCCC,CCCCN(C=O)CCCC,CCCCN(C=O)CCCC,157.25699999999995,157.25699999999995,0.0,['none']
True,False,[],False,1,False,True,N#Cc1nc(C(F)(F)F)[nH]c1C#N,N#Cc1nc(C(F)(F)F)[nH]c1C#N,N#Cc1nc(C(F)(F)F)[nH]c1C#N,186.096,186.096,0.0,['none']
True,False,[],False,1,False,True,CCCCCCCCCC(=O)OOC(=O)CCCCCCCCC,CCCCCCCCCC(=O)OOC(=O)CCCCCCCCC,CCCCCCCCCC(=O)OOC(=O)CCCCCCCCC,342.5200000000002,342.5200000000002,0.0,['none']
True,False,[],False,1,False,True,O=[Si]=O,O=[Si]=O,O=[Si]=O,60.084,60.084,0.0,['none']
True,False,[],False,1,False,True,FB(F)F,FB(F)F,FB(F)F,67.80600000000001,67.80600000000001,0.0,['none']
True,False,[],False,1,False,True,CC(=O)C1CC1,CC(=O)C1CC1,CC(=O)C1CC1,84.11800000000001,84.11800000000001,0.0,['none']
True,False,[],False,1,False,True,FC1(F)COC1(F)F,FC1(F)COC1(F)F,FC1(F)COC1(F)F,130.04,130.04,0.0,['none']
True,False,[],False,1,False,True,CCN1CCCCC1,CCN1CCCCC1,CCN1CCCCC1,113.20400000000001,113.20400000000001,0.0,['none']
True,True,['Na'],False,1,False,True,[Na+],[Na+],[Na+],22.99,22.99,0.0,['metal:Na']
True,False,[],False,1,False,True,O=[PH+][O-],O=[PH+][O-],O=[PH+][O-],63.980000000000004,63.980000000000004,0.0,['none']
True,False,[],False,1,False,True,C=C[Si](C)(C)N[Si](C)(C)C=C,C=C[Si](C)(C)N[Si](C)(C)C=C,C=C[Si](C)(C)N[Si](C)(C)C=C,185.41899999999998,185.41899999999998,0.0,['none']
True,False,[],False,1,False,True,CC(=O)Oc1c(C)c(C)c2c(c1C)CCC(C)(CCCC(C)CCCC(C)CCCC(C)C)O2,CC(=O)Oc1c(C)c(C)c2c(c1C)CCC(C)(CCCC(C)CCCC(C)CCCC(C)C)O2,CC(=O)Oc1c(C)c(C)c2c(c1C)CCC(C)(CCCC(C)CCCC(C)CCCC(C)C)O2,472.7540000000004,472.7540000000004,0.0,['none']
True,False,[],False,1,False,True,CC(=O)OC1(C)CCC23CC1C(C)(C)C2CCC3C,CC(=O)OC1(C)CCC23CC1C(C)(C)C2CCC3C,CC(=O)OC1(C)CCC23CC1C(C)(C)C2CCC3C,264.409,264.409,0.0,['none']
True,False,[],False,1,False,True,Cc1cc(Cc2cc(C)cc(C3(C)CCCCC3)c2O)c(O)c(C2(C)CCCCC2)c1,Cc1cc(Cc2cc(C)cc(C3(C)CCCCC3)c2O)c(O)c(C2(C)CCCCC2)c1,Cc1cc(Cc2cc(C)cc(C3(C)CCCCC3)c2O)c(O)c(C2(C)CCCCC2)c1,420.6370000000002,420.6370000000002,0.0,['none']
True,False,[],False,1,False,True,NCC(O)c1ccc(O)cc1,NCC(O)c1ccc(O)cc1,NCC(O)c1ccc(O)cc1,153.18099999999998,153.18099999999998,0.0,['none']
True,True,['Ni'],False,1,False,True,[Cl][Ni][Cl],[Ni+2],[Ni+2],129.599,58.693,-70.90599999999999,"['metal:Ni', 'fragment_removed']"
True,False,[],False,1,False,True,CP(=O)(O)CCC(N)C(=O)O,CP(=O)(O)CCC(N)C(=O)O,CP(=O)(O)CCC(N)C(=O)O,181.128,181.128,0.0,['none']
True,False,[],False,1,False,True,P,P,P,33.998,33.998,0.0,['none']
True,False,[],False,1,False,True,CCC12COCN1COC2,CCC12COCN1COC2,CCC12COCN1COC2,143.18599999999998,143.18599999999998,0.0,['none']
True,False,[],False,1,False,True,[Ce+3],[Ce+3],[Ce+3],140.116,140.116,0.0,['none']
True,False,[],False,1,False,True,CCCCNC(=O)Nc1ccc(Cc2ccc(NC(=O)NCCCC)cc2)cc1,CCCCNC(=O)Nc1ccc(Cc2ccc(NC(=O)NCCCC)cc2)cc1,CCCCNC(=O)Nc1ccc(Cc2ccc(NC(=O)NCCCC)cc2)cc1,396.5350000000002,396.5350000000002,0.0,['none']
True,False,[],False,1,False,True,O=S(O)S(=O)O,O=S(O)S(=O)O,O=S(O)S(=O)O,130.146,130.146,0.0,['none']
True,False,[],False,1,False,True,C=C(C)C(=O)OC1CC(C)CC(C)(C)C1,C=C(C)C(=O)OC1CC(C)CC(C)(C)C1,C=C(C)C(=O)OC1CC(C)CC(C)(C)C1,210.31699999999992,210.31699999999992,0.0,['none']
True,False,[],False,1,False,True,[Se],[Se],[Se],78.96,78.96,0.0,['none']
True,True,['Z38'],False,1,False,True,[Sr+2],[Sr+2],[Sr+2],87.62,87.62,0.0,['metal:Z38']
True,False,[],False,1,False,True,CC1=CCC2CC1C2(C)C,CC1=CCC2CC1C2(C)C,CC1=CCC2CC1C2(C)C,136.238,136.238,0.0,['none']
True,False,[],False,1,False,True,C=C(C)C1CCC(C)CC1O,C=C(C)C1CCC(C)CC1O,C=C(C)C1CCC(C)CC1O,154.25300000000001,154.25300000000001,0.0,['none']
True,True,['K'],False,1,False,True,[K+],[K+],[K+],39.098,39.098,0.0,['metal:K']
True,False,[],False,1,False,True,F,F,F,20.006,20.006,0.0,['none']
True,True,['Ca'],False,1,False,True,[Ca+2],[Ca+2],[Ca+2],40.078,40.078,0.0,['metal:Ca']
True,False,[],False,1,False,True,[Cl][Ce]([Cl])[Cl],[Cl][Ce]([Cl])[Cl],[Cl][Ce]([Cl])[Cl],246.47500000000002,246.47500000000002,0.0,['none']
True,False,[],False,1,False,True,CCCCCCC(=O)OCC(CC)(COC(=O)CCCCCC)COC(=O)CCCCCC,CCCCCCC(=O)OCC(CC)(COC(=O)CCCCCC)COC(=O)CCCCCC,CCCCCCC(=O)OCC(CC)(COC(=O)CCCCCC)COC(=O)CCCCCC,470.6910000000005,470.6910000000005,0.0,['none']
True,False,[],False,1,False,True,C#CC1(O)CCCCC1,C#CC1(O)CCCCC1,C#CC1(O)CCCCC1,124.183,124.183,0.0,['none']
True,False,[],False,1,False,True,CCOP(=O)(CC)OCC,CCOP(=O)(CC)OCC,CCOP(=O)(CC)OCC,166.15699999999998,166.15699999999998,0.0,['none']
True,False,[],False,1,False,True,CCC(C)C,CCC(C)C,CCC(C)C,72.151,72.151,0.0,['none']
True,False,[],False,1,False,True,CC(C)CN,CC(C)CN,CC(C)CN,73.139,73.139,0.0,['none']
True,False,[],False,1,False,True,CC(C)C=O,CC(C)C=O,CC(C)C=O,72.107,72.107,0.0,['none']
True,False,[],False,1,False,True,C=C(C)C=O,C=C(C)C=O,C=C(C)C=O,70.091,70.091,0.0,['none']
True,False,[],False,1,False,True,CN(C)CCCNC1CC(C)(C)NC(C)(C)C1,CN(C)CCCNC1CC(C)(C)NC(C)(C)C1,CN(C)CCCNC1CC(C)(C)NC(C)(C)C1,241.42299999999997,241.42299999999997,0.0,['none']
True,False,[],False,1,False,True,CCCCCCCC(=O)c1ccc(O)c(C(=O)O)c1,CCCCCCCC(=O)c1ccc(O)c(C(=O)O)c1,CCCCCCCC(=O)c1ccc(O)c(C(=O)O)c1,264.32099999999997,264.32099999999997,0.0,['none']
True,False,[],False,1,False,True,CCCC1CCC(c2ccc(C(C)=O)cc2)CC1,CCCC1CCC(c2ccc(C(C)=O)cc2)CC1,CCCC1CCC(c2ccc(C(C)=O)cc2)CC1,244.37799999999996,244.37799999999996,0.0,['none']
True,False,[],False,1,False,True,CCC(N)=O,CCC(N)=O,CCC(N)=O,73.09499999999998,73.09499999999998,0.0,['none']
True,False,[],False,1,False,True,NC(=O)CCl,NC(=O)CCl,NC(=O)CCl,93.513,93.513,0.0,['none']
True,False,[],False,1,False,True,O=C(O)CO,O=C(O)CO,O=C(O)CO,76.051,76.051,0.0,['none']
True,False,[],False,1,False,True,CC(=O)OO,CC(=O)OO,CC(=O)OO,76.051,76.051,0.0,['none']
True,False,[],False,1,False,True,FC(F)=C(F)Cl,FC(F)=C(F)Cl,FC(F)=C(F)Cl,116.46900000000001,116.46900000000001,0.0,['none']
True,False,[],False,1,False,True,CCc1ccc(C2OC3COC(c4ccc(CC)cc4)OC3C(C(O)CO)O2)cc1,CCc1ccc(C2OC3COC(c4ccc(CC)cc4)OC3C(C(O)CO)O2)cc1,CCc1ccc(C2OC3COC(c4ccc(CC)cc4)OC3C(C(O)CO)O2)cc1,414.49800000000005,414.49800000000005,0.0,['none']
True,False,[],False,1,False,True,N#CCCN(CCOCCO)c1nc(Nc2ccc(C=Cc3ccc(Nc4nc(Nc5cc(S(=O)(=O)O)ccc5S(=O)(=O)O)nc(N(CCC#N)CCOCCO)n4)cc3S(=O)(=O)O)c(S(=O)(=O)O)c2)nc(Nc2cc(S(=O)(=O)O)ccc2S(=O)(=O)O)n1,N#CCCN(CCOCCO)c1nc(Nc2ccc(C=Cc3ccc(Nc4nc(Nc5cc(S(=O)(=O)O)ccc5S(=O)(=O)O)nc(N(CCC#N)CCOCCO)n4)cc3S(=O)(=O)O)c(S(=O)(=O)O)c2)nc(Nc2cc(S(=O)(=O)O)ccc2S(=O)(=O)O)n1,N#CCCN(CCOCCO)c1nc(Nc2ccc(C=Cc3ccc(Nc4nc(Nc5cc(S(=O)(=O)O)ccc5S(=O)(=O)O)nc(N(CCC#N)CCOCCO)n4)cc3S(=O)(=O)O)c(S(=O)(=O)O)c2)nc(Nc2cc(S(=O)(=O)O)ccc2S(=O)(=O)O)n1,1343.3840000000002,1343.3840000000002,0.0,['none']
True,False,[],False,1,False,True,CC(=O)C(N=Nc1cc(C(=O)Nc2cc(C(F)(F)F)ccc2Oc2ccc(Cl)cc2)ccc1Cl)C(=O)Nc1cc(Cl)c(NC(=O)C(N=Nc2cc(C(=O)Nc3cc(C(F)(F)F)ccc3Oc3ccc(Cl)cc3)ccc2Cl)C(C)=O)cc1C,CC(=O)C(N=Nc1cc(C(=O)Nc2cc(C(F)(F)F)ccc2Oc2ccc(Cl)cc2)ccc1Cl)C(=O)Nc1cc(Cl)c(NC(=O)C(N=Nc2cc(C(=O)Nc3cc(C(F)(F)F)ccc3Oc3ccc(Cl)cc3)ccc2Cl)C(C)=O)cc1C,CC(=O)C(N=Nc1cc(C(=O)Nc2cc(C(F)(F)F)ccc2Oc2ccc(Cl)cc2)ccc1Cl)C(=O)Nc1cc(Cl)c(NC(=O)C(N=Nc2cc(C(=O)Nc3cc(C(F)(F)F)ccc3Oc3ccc(Cl)cc3)ccc2Cl)C(C)=O)cc1C,1229.2019999999995,1229.2019999999995,0.0,['none']
True,False,[],False,1,False,True,CC(C)(C1CCC(O)CC1)C1CCC(O)CC1,CC(C)(C1CCC(O)CC1)C1CCC(O)CC1,CC(C)(C1CCC(O)CC1)C1CCC(O)CC1,240.38699999999994,240.38699999999994,0.0,['none']
True,False,[],False,1,False,True,Nc1ccc(S(=O)(=O)c2ccc(N)cc2)cc1,Nc1ccc(S(=O)(=O)c2ccc(N)cc2)cc1,Nc1ccc(S(=O)(=O)c2ccc(N)cc2)cc1,248.30700000000002,248.30700000000002,0.0,['none']
True,False,[],False,1,False,True,Cl[Si](Cl)(c1ccccc1)c1ccccc1,Cl[Si](Cl)(c1ccccc1)c1ccccc1,Cl[Si](Cl)(c1ccccc1)c1ccccc1,253.20400000000004,253.20400000000004,0.0,['none']
True,False,[],False,1,False,True,COS(=O)(=O)c1ccc(C)cc1,COS(=O)(=O)c1ccc(C)cc1,COS(=O)(=O)c1ccc(C)cc1,186.232,186.232,0.0,['none']
True,False,[],False,1,False,True,CC(C=O)Cc1ccc(C(C)(C)C)cc1,CC(C=O)Cc1ccc(C(C)(C)C)cc1,CC(C=O)Cc1ccc(C(C)(C)C)cc1,204.313,204.313,0.0,['none']
True,False,[],False,1,False,True,C=C(C)C(=O)OC,C=C(C)C(=O)OC,C=C(C)C(=O)OC,100.11699999999998,100.11699999999998,0.0,['none']
True,False,[],False,1,False,True,CN(C)C(=N)N(C)C,CN(C)C(=N)N(C)C,CN(C)C(=N)N(C)C,115.17999999999999,115.17999999999999,0.0,['none']
True,False,[],False,1,False,True,Cc1c(CNC(=O)CCl)c(C)c(Nc2cc(S(=O)(=O)O)c(N)c3c2C(=O)c2ccccc2C3=O)c(C)c1CNC(=O)CCl,Cc1c(CNC(=O)CCl)c(C)c(Nc2cc(S(=O)(=O)O)c(N)c3c2C(=O)c2ccccc2C3=O)c(C)c1CNC(=O)CCl,Cc1c(CNC(=O)CCl)c(C)c(Nc2cc(S(=O)(=O)O)c(N)c3c2C(=O)c2ccccc2C3=O)c(C)c1CNC(=O)CCl,647.537,647.537,0.0,['none']
True,False,[],False,1,False,True,O=[N+]([O-])c1ccc(N=Nc2c(O)c(N=Nc3cc([N+](=O)[O-])cc([N+](=O)[O-])c3O)cc(N=Nc3cc(S(=O)(=O)O)cc4cc(S(=O)(=O)O)cc(O)c34)c2O)cc1,O=[N+]([O-])c1ccc(N=Nc2c(O)c(N=Nc3cc([N+](=O)[O-])cc([N+](=O)[O-])c3O)cc(N=Nc3cc(S(=O)(=O)O)cc4cc(S(=O)(=O)O)cc(O)c34)c2O)cc1,O=[N+]([O-])c1ccc(N=Nc2c(O)c(N=Nc3cc([N+](=O)[O-])cc([N+](=O)[O-])c3O)cc(N=Nc3cc(S(=O)(=O)O)cc4cc(S(=O)(=O)O)cc(O)c34)c2O)cc1,799.6250000000005,799.6250000000005,0.0,['none']
True,False,[],False,1,False,True,NC(=O)Nc1cc(Nc2nc(Cl)nc(Nc3ccc(S(=O)(=O)CCOS(=O)(=O)O)cc3)n2)ccc1N=Nc1cc2c(S(=O)(=O)O)cc(S(=O)(=O)O)cc2cc1S(=O)(=O)O,NC(=O)Nc1cc(Nc2nc(Cl)nc(Nc3ccc(S(=O)(=O)CCOS(=O)(=O)O)cc3)n2)ccc1N=Nc1cc2c(S(=O)(=O)O)cc(S(=O)(=O)O)cc2cc1S(=O)(=O)O,NC(=O)Nc1cc(Nc2nc(Cl)nc(Nc3ccc(S(=O)(=O)CCOS(=O)(=O)O)cc3)n2)ccc1N=Nc1cc2c(S(=O)(=O)O)cc(S(=O)(=O)O)cc2cc1S(=O)(=O)O,938.3350000000004,938.3350000000004,0.0,['none']
True,False,[],False,1,False,True,S=C(S)NCCNC(=S)S,S=C(S)NCCNC(=S)S,S=C(S)NCCNC(=S)S,212.39000000000004,212.39000000000004,0.0,['none']
True,False,[],False,1,False,True,CS(=O)(=O)OCCOCCOCCOS(C)(=O)=O,CS(=O)(=O)OCCOCCOCCOS(C)(=O)=O,CS(=O)(=O)OCCOCCOCCOS(C)(=O)=O,306.358,306.358,0.0,['none']
True,False,[],False,1,False,True,CCNS(=O)(=O)c1ccccc1C,CCNS(=O)(=O)c1ccccc1C,CCNS(=O)(=O)c1ccccc1C,199.275,199.275,0.0,['none']
True,False,[],False,1,False,True,C[N+](C)([O-])CCCNS(=O)(=O)CCC(F)(F)C(F)(F)C(F)(F)C(F)(F)C(F)(F)C(F)(F)F,C[N+](C)([O-])CCCNS(=O)(=O)CCC(F)(F)C(F)(F)C(F)(F)C(F)(F)C(F)(F)C(F)(F)F,C[N+](C)([O-])CCCNS(=O)(=O)CCC(F)(F)C(F)(F)C(F)(F)C(F)(F)C(F)(F)C(F)(F)F,528.331,528.331,0.0,['none']
True,False,[],False,1,False,True,O=C(O)CCNC(=O)c1ccc(N=Nc2ccc(O)c(C(=O)O)c2)cc1,O=C(O)CCNC(=O)c1ccc(N=Nc2ccc(O)c(C(=O)O)c2)cc1,O=C(O)CCNC(=O)c1ccc(N=Nc2ccc(O)c(C(=O)O)c2)cc1,357.3220000000001,357.3220000000001,0.0,['none']
True,False,[],False,1,False,True,COc1ccc([N+](=O)[O-])cc1N=NC(C(C)=O)C(=O)Nc1ccccc1OC,COc1ccc([N+](=O)[O-])cc1N=NC(C(C)=O)C(=O)Nc1ccccc1OC,COc1ccc([N+](=O)[O-])cc1N=NC(C(C)=O)C(=O)Nc1ccccc1OC,386.3640000000001,386.3640000000001,0.0,['none']
True,False,[],False,1,False,True,Cc1cc(C(C)(C)C)c(OP2OCC3(CO2)COP(Oc2c(C(C)(C)C)cc(C)cc2C(C)(C)C)OC3)c(C(C)(C)C)c1,Cc1cc(C(C)(C)C)c(OP2OCC3(CO2)COP(Oc2c(C(C)(C)C)cc(C)cc2C(C)(C)C)OC3)c(C(C)(C)C)c1,Cc1cc(C(C)(C)C)c(OP2OCC3(CO2)COP(Oc2c(C(C)(C)C)cc(C)cc2C(C)(C)C)OC3)c(C(C)(C)C)c1,632.759,632.759,0.0,['none']
True,False,[],False,1,False,True,O=C1NC(=O)c2ccc3c4ccc5c6c(ccc(c7ccc1c2c73)c64)C(=O)NC5=O,O=C1NC(=O)c2ccc3c4ccc5c6c(ccc(c7ccc1c2c73)c64)C(=O)NC5=O,O=C1NC(=O)c2ccc3c4ccc5c6c(ccc(c7ccc1c2c73)c64)C(=O)NC5=O,390.35400000000016,390.35400000000016,0.0,['none']
True,False,[],False,1,False,True,O=C1c2ccccc2C(=O)c2c(O)ccc(O)c21,O=C1c2ccccc2C(=O)c2c(O)ccc(O)c21,O=C1c2ccccc2C(=O)c2c(O)ccc(O)c21,240.21399999999997,240.21399999999997,0.0,['none']
True,False,[],False,1,False,True,CC(C)(C)C(=O)OCC1OC(Br)C(OC(=O)C(C)(C)C)C(OC(=O)C(C)(C)C)C1OC(=O)C(C)(C)C,CC(C)(C)C(=O)OCC1OC(Br)C(OC(=O)C(C)(C)C)C(OC(=O)C(C)(C)C)C1OC(=O)C(C)(C)C,CC(C)(C)C(=O)OCC1OC(Br)C(OC(=O)C(C)(C)C)C(OC(=O)C(C)(C)C)C1OC(=O)C(C)(C)C,579.5250000000002,579.5250000000002,0.0,['none']
True,True,['Sn'],False,1,False,True,CCC[CH2][Sn](=[O])[CH2]CCC,CCC[CH2][Sn+2][CH2]CCC,CCC[CH2][Sn+2][CH2]CCC,248.94199999999995,232.94299999999996,-15.998999999999995,"['metal:Sn', 'fragment_removed']"
True,False,[],False,1,False,True,C=CC(=O)OCCO,C=CC(=O)OCCO,C=CC(=O)OCCO,116.11599999999999,116.11599999999999,0.0,['none']
True,False,[],False,1,False,True,COc1nc(C)nc(NC(=O)NS(=O)(=O)c2ccccc2OCCCl)n1,COc1nc(C)nc(NC(=O)NS(=O)(=O)c2ccccc2OCCCl)n1,COc1nc(C)nc(NC(=O)NS(=O)(=O)c2ccccc2OCCCl)n1,401.83200000000016,401.83200000000016,0.0,['none']
True,False,[],False,1,False,True,COc1ccccc1N=NC(C(C)=O)C(=O)Nc1ccc2[nH]c(=O)[nH]c2c1,COc1ccccc1N=NC(C(C)=O)C(=O)Nc1ccc2[nH]c(=O)[nH]c2c1,COc1ccccc1N=NC(C(C)=O)C(=O)Nc1ccc2[nH]c(=O)[nH]c2c1,367.36500000000007,367.36500000000007,0.0,['none']
True,False,[],False,1,False,True,CC1=CCCCCCCCCCCCCC1=O,CC1=CCCCCCCCCCCCCC1=O,CC1=CCCCCCCCCCCCCC1=O,236.39899999999994,236.39899999999994,0.0,['none']
True,False,[],False,1,False,True,CC1CC(C)(c2ccccc2)CO1,CC1CC(C)(c2ccccc2)CO1,CC1CC(C)(c2ccccc2)CO1,176.25899999999996,176.25899999999996,0.0,['none']
True,False,[],False,1,False,True,c1ccc(C2CCCCC2)cc1,c1ccc(C2CCCCC2)cc1,c1ccc(C2CCCCC2)cc1,160.26,160.26,0.0,['none']
True,False,[],False,1,False,True,Cc1cccc([N+](=O)[O-])c1C,Cc1cccc([N+](=O)[O-])c1C,Cc1cccc([N+](=O)[O-])c1C,151.165,151.165,0.0,['none']
True,False,[],False,1,False,True,CCNc1nc(NC(C)C)nc(SC)n1,CCNc1nc(NC(C)C)nc(SC)n1,CCNc1nc(NC(C)C)nc(SC)n1,227.337,227.337,0.0,['none']
True,False,[],False,1,False,True,COc1ccc(CN2C(=O)c3ccc4c5ccc6c7c(ccc(c8ccc(c3c48)C2=O)c75)C(=O)N(Cc2ccc(OC)cc2)C6=O)cc1,COc1ccc(CN2C(=O)c3ccc4c5ccc6c7c(ccc(c8ccc(c3c48)C2=O)c75)C(=O)N(Cc2ccc(OC)cc2)C6=O)cc1,COc1ccc(CN2C(=O)c3ccc4c5ccc6c7c(ccc(c8ccc(c3c48)C2=O)c75)C(=O)N(Cc2ccc(OC)cc2)C6=O)cc1,630.6560000000004,630.6560000000004,0.0,['none']
True,False,[],False,1,False,True,Oc1c(-c2[nH]c3ccccc3c2O)[nH]c2ccccc12,Oc1c(-c2[nH]c3ccccc3c2O)[nH]c2ccccc12,Oc1c(-c2[nH]c3ccccc3c2O)[nH]c2ccccc12,264.284,264.284,0.0,['none']
True,False,[],False,1,False,True,COc1ccc(NCCO)cc1N,COc1ccc(NCCO)cc1N,COc1ccc(NCCO)cc1N,182.223,182.223,0.0,['none']
True,False,[],False,1,False,True,O=C1NC(C(=O)O)CO1,O=C1NC(C(=O)O)CO1,O=C1NC(C(=O)O)CO1,131.087,131.087,0.0,['none']
True,False,[],False,1,False,True,Cc1ccc(Sc2ccc(C(=O)c3ccccc3)cc2)cc1,Cc1ccc(Sc2ccc(C(=O)c3ccccc3)cc2)cc1,Cc1ccc(Sc2ccc(C(=O)c3ccccc3)cc2)cc1,304.41400000000004,304.41400000000004,0.0,['none']
True,False,[],False,1,False,True,CCN(Cc1ccccc1)c1ccc(C=Cc2cc[n+](CCO)cc2)cc1,CCN(Cc1ccccc1)c1ccc(C=Cc2cc[n+](CCO)cc2)cc1,CCN(Cc1ccccc1)c1ccc(C=Cc2cc[n+](CCO)cc2)cc1,359.4930000000001,359.4930000000001,0.0,['none']
True,False,[],False,1,False,True,O=C(OC1CCCCC1)c1ccccc1C(=O)OC1CCCCC1,O=C(OC1CCCCC1)c1ccccc1C(=O)OC1CCCCC1,O=C(OC1CCCCC1)c1ccccc1C(=O)OC1CCCCC1,330.4240000000002,330.4240000000002,0.0,['none']
True,False,[],False,1,False,True,CCOC(=O)c1ccccc1C(=O)OCC,CCOC(=O)c1ccccc1C(=O)OCC,CCOC(=O)c1ccccc1C(=O)OCC,222.23999999999995,222.23999999999995,0.0,['none']
True,False,[],False,1,False,True,CN(Cc1ccccc1)c1ccc(N=Nc2nn(C)c[n+]2C)cc1,CN(Cc1ccccc1)c1ccc(N=Nc2nn(C)c[n+]2C)cc1,CN(Cc1ccccc1)c1ccc(N=Nc2nn(C)c[n+]2C)cc1,321.408,321.408,0.0,['none']
True,False,[],False,1,False,True,C=CC(=O)OC1CCC(C(C)(C)C)CC1,C=CC(=O)OC1CCC(C(C)(C)C)CC1,C=CC(=O)OC1CCC(C(C)(C)C)CC1,210.31699999999995,210.31699999999995,0.0,['none']
True,False,[],False,1,False,True,O=[N+]([O-])c1cc(N=Nc2c(O)ccc3ccccc23)c(O)c(S(=O)(=O)O)c1,O=[N+]([O-])c1cc(N=Nc2c(O)ccc3ccccc23)c(O)c(S(=O)(=O)O)c1,O=[N+]([O-])c1cc(N=Nc2c(O)ccc3ccccc23)c(O)c(S(=O)(=O)O)c1,389.34500000000014,389.34500000000014,0.0,['none']
True,False,[],False,1,False,True,CCOP(=O)(C(=O)c1c(C)cc(C)cc1C)c1ccccc1,CCOP(=O)(C(=O)c1c(C)cc(C)cc1C)c1ccccc1,CCOP(=O)(C(=O)c1c(C)cc(C)cc1C)c1ccccc1,316.337,316.337,0.0,['none']
True,False,[],False,1,False,True,Nc1cc(O)ccc1N=Nc1cc(S(=O)(=O)[O-])c([N+](N=Nc2ccc([N+](=O)[O-])cc2)=Nc2cc([N+](=O)[O-])cc([N+](=O)[O-])c2O)c2cc(S(=O)(=O)O)cc(O)c12,Nc1cc(O)ccc1N=Nc1cc(S(=O)(=O)[O-])c([N+](N=Nc2ccc([N+](=O)[O-])cc2)=Nc2cc([N+](=O)[O-])cc([N+](=O)[O-])c2O)c2cc(S(=O)(=O)O)cc(O)c12,Nc1cc(O)ccc1N=Nc1cc(S(=O)(=O)[O-])c([N+](N=Nc2ccc([N+](=O)[O-])cc2)=Nc2cc([N+](=O)[O-])cc([N+](=O)[O-])c2O)c2cc(S(=O)(=O)O)cc(O)c12,798.6410000000003,798.6410000000003,0.0,['none']
True,False,[],False,1,False,True,CC(C)(C)c1ccc(C2=NC(=O)c3c(-c4ccc(C(C)(C)C)cc4)[nH]c(O)c32)cc1,CC(C)(C)c1ccc(C2=NC(=O)c3c(-c4ccc(C(C)(C)C)cc4)[nH]c(O)c32)cc1,CC(C)(C)c1ccc(C2=NC(=O)c3c(-c4ccc(C(C)(C)C)cc4)[nH]c(O)c32)cc1,400.52200000000005,400.52200000000005,0.0,['none']
True,False,[],False,1,False,True,O=C1N=C(c2ccc(Cl)cc2)c2c(O)[nH]c(-c3ccc(Cl)cc3)c21,O=C1N=C(c2ccc(Cl)cc2)c2c(O)[nH]c(-c3ccc(Cl)cc3)c21,O=C1N=C(c2ccc(Cl)cc2)c2c(O)[nH]c(-c3ccc(Cl)cc3)c21,357.1960000000001,357.1960000000001,0.0,['none']
True,False,[],False,1,False,True,Cc1ccc(C2=NC(=O)c3c(-c4ccc(C)cc4)[nH]c(O)c32)cc1,Cc1ccc(C2=NC(=O)c3c(-c4ccc(C)cc4)[nH]c(O)c32)cc1,Cc1ccc(C2=NC(=O)c3c(-c4ccc(C)cc4)[nH]c(O)c32)cc1,316.36000000000007,316.36000000000007,0.0,['none']
True,False,[],False,1,False,True,Nc1nc(NC2CC2)c2ncn(C3C=CC(CO)C3)c2n1,Nc1nc(NC2CC2)c2ncn(C3C=CC(CO)C3)c2n1,Nc1nc(NC2CC2)c2ncn(C3C=CC(CO)C3)c2n1,286.33900000000006,286.33900000000006,0.0,['none']
True,False,[],False,1,False,True,Brc1c(Br)c(Br)c(CCc2c(Br)c(Br)c(Br)c(Br)c2Br)c(Br)c1Br,Brc1c(Br)c(Br)c(CCc2c(Br)c(Br)c(Br)c(Br)c2Br)c(Br)c1Br,Brc1c(Br)c(Br)c(CCc2c(Br)c(Br)c(Br)c(Br)c2Br)c(Br)c1Br,971.226,971.226,0.0,['none']
True,False,[],False,1,False,True,O=C1c2ccccc2C(=O)C1(C1(S(=O)(=O)O)C=Cc2ccccc2N1)S(=O)(=O)O,O=C1c2ccccc2C(=O)C1(C1(S(=O)(=O)O)C=Cc2ccccc2N1)S(=O)(=O)O,O=C1c2ccccc2C(=O)C1(C1(S(=O)(=O)O)C=Cc2ccccc2N1)S(=O)(=O)O,435.43500000000006,435.43500000000006,0.0,['none']
True,False,[],False,1,False,True,CC(C)CCCCCCOP(=O)(O)O,CC(C)CCCCCCOP(=O)(O)O,CC(C)CCCCCCOP(=O)(O)O,224.237,224.237,0.0,['none']
True,False,[],False,1,False,True,c1cc[n+]2c(c1)-c1cccc[n+]1CC2,c1cc[n+]2c(c1)-c1cccc[n+]1CC2,c1cc[n+]2c(c1)-c1cccc[n+]1CC2,184.24199999999996,184.24199999999996,0.0,['none']
True,False,[],False,1,False,True,CC(c1ccccc1)c1ccc(O)cc1O,CC(c1ccccc1)c1ccc(O)cc1O,CC(c1ccccc1)c1ccc(O)cc1O,214.26399999999998,214.26399999999998,0.0,['none']
True,False,[],False,1,False,True,O=C1OC(=O)C2CCCCC12,O=C1OC(=O)C2CCCCC12,O=C1OC(=O)C2CCCCC12,154.165,154.165,0.0,['none']
True,False,[],False,1,False,True,O=C1OC(=O)C2CC=CCC12,O=C1OC(=O)C2CC=CCC12,O=C1OC(=O)C2CC=CCC12,152.14899999999997,152.14899999999997,0.0,['none']
True,False,[],False,1,False,True,O=C(O)c1ccccc1C(=O)c1ccc(Cl)cc1,O=C(O)c1ccccc1C(=O)c1ccc(Cl)cc1,O=C(O)c1ccccc1C(=O)c1ccc(Cl)cc1,260.676,260.676,0.0,['none']
True,False,[],False,1,False,True,CCCC(c1cc(C(C)(C)C)c(O)cc1C)c1cc(C(C)(C)C)c(O)cc1C,CCCC(c1cc(C(C)(C)C)c(O)cc1C)c1cc(C(C)(C)C)c(O)cc1C,CCCC(c1cc(C(C)(C)C)c(O)cc1C)c1cc(C(C)(C)C)c(O)cc1C,382.5880000000002,382.5880000000002,0.0,['none']
True,False,[],False,1,False,True,CCCCOC(=O)c1ccccc1C(=O)OCc1ccccc1,CCCCOC(=O)c1ccccc1C(=O)OCc1ccccc1,CCCCOC(=O)c1ccccc1C(=O)OCc1ccccc1,312.36499999999995,312.36499999999995,0.0,['none']
True,False,[],False,1,False,True,CCN(C(=O)N(CC)c1ccccc1)c1ccccc1,CCN(C(=O)N(CC)c1ccccc1)c1ccccc1,CCN(C(=O)N(CC)c1ccccc1)c1ccccc1,268.36,268.36,0.0,['none']
True,False,[],False,1,False,True,CCCCCCCCC=CCCCCCCCC(=O)OCC,CCCCCCCCC=CCCCCCCCC(=O)OCC,CCCCCCCCC=CCCCCCCCC(=O)OCC,310.522,310.522,0.0,['none']
True,False,[],False,1,False,True,CCCCCCCCC=CCCCCCCCC(=O)OCC(CC)CCCC,CCCCCCCCC=CCCCCCCCC(=O)OCC(CC)CCCC,CCCCCCCCC=CCCCCCCCC(=O)OCC(CC)CCCC,394.6840000000002,394.6840000000002,0.0,['none']
True,False,[],False,1,False,True,CC1(C)CC=C(CCC=O)CC1,CC1(C)CC=C(CCC=O)CC1,CC1(C)CC=C(CCC=O)CC1,166.26399999999995,166.26399999999995,0.0,['none']
True,False,[],False,1,False,True,CC(C)(C)c1cc2c(c(C(C)(C)C)c1)OP(=O)(O)Oc1c(cc(C(C)(C)C)cc1C(C)(C)C)C2,CC(C)(C)c1cc2c(c(C(C)(C)C)c1)OP(=O)(O)Oc1c(cc(C(C)(C)C)cc1C(C)(C)C)C2,CC(C)(C)c1cc2c(c(C(C)(C)C)c1)OP(=O)(O)Oc1c(cc(C(C)(C)C)cc1C(C)(C)C)C2,486.6330000000003,486.6330000000003,0.0,['none']
True,False,[],False,1,False,True,CC(O)COC(=O)NNC(=O)OC(C)CO,CC(O)COC(=O)NNC(=O)OC(C)CO,CC(O)COC(=O)NNC(=O)OC(C)CO,236.224,236.224,0.0,['none']
True,False,[],False,1,False,True,C=CS(=O)(=O)c1ccc(Nc2nc(Cl)nc(Nc3ccc4c(O)c(N=Nc5cc([N+](=O)[O-])ccc5O)c(S(=O)(=O)O)cc4c3)n2)cc1,C=CS(=O)(=O)c1ccc(Nc2nc(Cl)nc(Nc3ccc4c(O)c(N=Nc5cc([N+](=O)[O-])ccc5O)c(S(=O)(=O)O)cc4c3)n2)cc1,C=CS(=O)(=O)c1ccc(Nc2nc(Cl)nc(Nc3ccc4c(O)c(N=Nc5cc([N+](=O)[O-])ccc5O)c(S(=O)(=O)O)cc4c3)n2)cc1,699.0830000000003,699.0830000000003,0.0,['none']
True,False,[],False,1,False,True,CC1CCC(C)C2(C1)OC(=O)C(C=CC=CC=C1C(=O)OC3(CCC4(CC3)OC(=O)C(=CC=CC=CC3=C(O)OC5(CC(C)CCC5C)OC3=O)C(=O)O4)OC1=O)=C(O)O2,CC1CCC(C)C2(C1)OC(=O)C(C=CC=CC=C1C(=O)OC3(CCC4(CC3)OC(=O)C(=CC=CC=CC3=C(O)OC5(CC(C)CCC5C)OC3=O)C(=O)O4)OC1=O)=C(O)O2,CC1CCC(C)C2(C1)OC(=O)C(C=CC=CC=C1C(=O)OC3(CCC4(CC3)OC(=O)C(=CC=CC=CC3=C(O)OC5(CC(C)CCC5C)OC3=O)C(=O)O4)OC1=O)=C(O)O2,832.8520000000003,832.8520000000003,0.0,['none']
True,False,[],False,1,False,True,O=C(O)C1=NN(c2ccc(S(=O)(=O)O)cc2)C(=O)C1N=Nc1ccc(S(=O)(=O)CCOS(=O)(=O)O)cc1,O=C(O)C1=NN(c2ccc(S(=O)(=O)O)cc2)C(=O)C1N=Nc1ccc(S(=O)(=O)CCOS(=O)(=O)O)cc1,O=C(O)C1=NN(c2ccc(S(=O)(=O)O)cc2)C(=O)C1N=Nc1ccc(S(=O)(=O)CCOS(=O)(=O)O)cc1,576.5430000000003,576.5430000000003,0.0,['none']
True,False,[],False,1,False,True,O=C(Nc1cc(S(=O)(=O)O)cc2cc(S(=O)(=O)O)c(N=Nc3ccc4cc(S(=O)(=O)CCOS(=O)(=O)O)ccc4c3S(=O)(=O)O)c(O)c12)c1ccccc1,O=C(Nc1cc(S(=O)(=O)O)cc2cc(S(=O)(=O)O)c(N=Nc3ccc4cc(S(=O)(=O)CCOS(=O)(=O)O)ccc4c3S(=O)(=O)O)c(O)c12)c1ccccc1,O=C(Nc1cc(S(=O)(=O)O)cc2cc(S(=O)(=O)O)c(N=Nc3ccc4cc(S(=O)(=O)CCOS(=O)(=O)O)ccc4c3S(=O)(=O)O)c(O)c12)c1ccccc1,845.8420000000004,845.8420000000004,0.0,['none']
True,False,[],False,1,False,True,Nc1c(N)n2n(c1=O)CCC2,Nc1c(N)n2n(c1=O)CCC2,Nc1c(N)n2n(c1=O)CCC2,154.17299999999997,154.17299999999997,0.0,['none']
True,False,[],False,1,False,True,Nc1nc(C2CC2)nc(C(=O)O)c1Cl,Nc1nc(C2CC2)nc(C(=O)O)c1Cl,Nc1nc(C2CC2)nc(C(=O)O)c1Cl,213.624,213.624,0.0,['none']
True,False,[],False,1,False,True,Clc1ccc2c(Cl)ccnc2c1,Clc1ccc2c(Cl)ccnc2c1,Clc1ccc2c(Cl)ccnc2c1,198.052,198.052,0.0,['none']
True,False,[],False,1,False,True,C=CC(=O)OC1CC(C)CC(C)(C)C1,C=CC(=O)OC1CC(C)CC(C)(C)C1,C=CC(=O)OC1CC(C)CC(C)(C)C1,196.28999999999994,196.28999999999994,0.0,['none']
True,False,[],False,1,False,True,O=C(O)C(O)C(O)C(=O)O,O=C(O)C(O)C(O)C(=O)O,O=C(O)C(O)C(O)C(=O)O,150.08599999999998,150.08599999999998,0.0,['none']
True,False,[],False,1,False,True,C=C1CCC=C(C)CCC2C1CC2(C)C,C=C1CCC=C(C)CCC2C1CC2(C)C,C=C1CCC=C(C)CCC2C1CC2(C)C,204.35699999999997,204.35699999999997,0.0,['none']
True,False,[],False,1,False,True,Cc1cccc(C)c1N,Cc1cccc(C)c1N,Cc1cccc(C)c1N,121.183,121.183,0.0,['none']
True,False,[],False,1,False,True,O=C1OCCN1CCCO,O=C1OCCN1CCCO,O=C1OCCN1CCCO,145.15800000000002,145.15800000000002,0.0,['none']
True,False,[],False,1,False,True,CC1CCS(=O)(=O)C1,CC1CCS(=O)(=O)C1,CC1CCS(=O)(=O)C1,134.2,134.2,0.0,['none']
True,False,[],False,1,False,True,CCCCC(CC)COC(=O)C(Cc1cc(OC)c(O)c(OC)c1)C(=O)OCC(CC)CCCC,CCCCC(CC)COC(=O)C(Cc1cc(OC)c(O)c(OC)c1)C(=O)OCC(CC)CCCC,CCCCC(CC)COC(=O)C(Cc1cc(OC)c(O)c(OC)c1)C(=O)OCC(CC)CCCC,494.6690000000004,494.6690000000004,0.0,['none']
True,False,[],False,1,False,True,CC1CC(=O)CC(C)(C)C1,CC1CC(=O)CC(C)(C)C1,CC1CC(=O)CC(C)(C)C1,140.22599999999997,140.22599999999997,0.0,['none']
True,False,[],False,1,False,True,COc1nc(OC)nc(C(=O)c2cccc(F)c2N(C)S(=O)(=O)C(F)F)n1,COc1nc(OC)nc(C(=O)c2cccc(F)c2N(C)S(=O)(=O)C(F)F)n1,COc1nc(OC)nc(C(=O)c2cccc(F)c2N(C)S(=O)(=O)C(F)F)n1,406.34200000000004,406.34200000000004,0.0,['none']
True,False,[],False,1,False,True,OC(CN(Cc1ccccc1)CC(O)C1CCc2cc(F)ccc2O1)C1CCc2cc(F)ccc2O1,OC(CN(Cc1ccccc1)CC(O)C1CCc2cc(F)ccc2O1)C1CCc2cc(F)ccc2O1,OC(CN(Cc1ccccc1)CC(O)C1CCc2cc(F)ccc2O1)C1CCc2cc(F)ccc2O1,495.5660000000002,495.5660000000002,0.0,['none']
True,False,[],False,1,False,True,CC(C)(C)NCCOCCO,CC(C)(C)NCCOCCO,CC(C)(C)NCCOCCO,161.24499999999998,161.24499999999998,0.0,['none']
True,False,[],False,1,False,True,CCCCCCCCCCCCSC(C)CC(=O)C1C(C)C=CCC1(C)C,CCCCCCCCCCCCSC(C)CC(=O)C1C(C)C=CCC1(C)C,CCCCCCCCCCCCSC(C)CC(=O)C1C(C)C=CCC1(C)C,394.7090000000001,394.7090000000001,0.0,['none']
True,False,[],False,1,False,True,O=C(O)c1ccco1,O=C(O)c1ccco1,O=C(O)c1ccco1,112.08399999999997,112.08399999999997,0.0,['none']
True,False,[],False,1,False,True,CCC(C)c1cc([N+](=O)[O-])cc([N+](=O)[O-])c1O,CCC(C)c1cc([N+](=O)[O-])cc([N+](=O)[O-])c1O,CCC(C)c1cc([N+](=O)[O-])cc([N+](=O)[O-])c1O,240.21499999999997,240.21499999999997,0.0,['none']
True,False,[],False,1,False,True,CC(C)C1C2CCC1c1c(NC(=O)c3cn(C)nc3C(F)F)cccc12,CC(C)C1C2CCC1c1c(NC(=O)c3cn(C)nc3C(F)F)cccc12,CC(C)C1C2CCC1c1c(NC(=O)c3cn(C)nc3C(F)F)cccc12,359.42,359.42,0.0,['none']
True,False,[],False,1,False,True,O=C(O)COc1ccc(Cl)c2cccnc12,O=C(O)COc1ccc(Cl)c2cccnc12,O=C(O)COc1ccc(Cl)c2cccnc12,237.642,237.642,0.0,['none']
True,False,[],False,1,False,True,O=C1C=CCCCCCCCCCCCCC1,O=C1C=CCCCCCCCCCCCCC1,O=C1C=CCCCCCCCCCCCCC1,236.39899999999992,236.39899999999992,0.0,['none']
True,False,[],False,1,False,True,O=C1N=C(c2ccc(-c3ccccc3)cc2)c2c(O)[nH]c(-c3ccc(-c4ccccc4)cc3)c21,O=C1N=C(c2ccc(-c3ccccc3)cc2)c2c(O)[nH]c(-c3ccc(-c4ccccc4)cc3)c21,O=C1N=C(c2ccc(-c3ccccc3)cc2)c2c(O)[nH]c(-c3ccc(-c4ccccc4)cc3)c21,440.5020000000001,440.5020000000001,0.0,['none']
True,False,[],False,1,False,True,C[N+](C)(C)CC(O)CSCCC(F)(F)C(F)(F)C(F)(F)C(F)(F)C(F)(F)C(F)(F)F,C[N+](C)(C)CC(O)CSCCC(F)(F)C(F)(F)C(F)(F)C(F)(F)C(F)(F)C(F)(F)F,C[N+](C)(C)CC(O)CSCCC(F)(F)C(F)(F)C(F)(F)C(F)(F)C(F)(F)C(F)(F)F,496.35299999999995,496.35299999999995,0.0,['none']
True,False,[],False,1,False,True,CC1=NN(c2ccccc2)C(=O)C1,CC1=NN(c2ccccc2)C(=O)C1,CC1=NN(c2ccccc2)C(=O)C1,174.20299999999995,174.20299999999995,0.0,['none']
True,False,[],False,1,False,True,CNC(=O)c1cc(C#N)cc(C)c1N,CNC(=O)c1cc(C#N)cc(C)c1N,CNC(=O)c1cc(C#N)cc(C)c1N,189.218,189.218,0.0,['none']
True,False,[],False,1,False,True,O=CNCC(O)C(O)C(O)C(O)CO,O=CNCC(O)C(O)C(O)C(O)CO,O=CNCC(O)C(O)C(O)C(O)CO,209.19799999999998,209.19799999999998,0.0,['none']
True,False,[],False,1,False,True,CC(C)(C1CCCO1)C1CCCO1,CC(C)(C1CCCO1)C1CCCO1,CC(C)(C1CCCO1)C1CCCO1,184.27899999999997,184.27899999999997,0.0,['none']
True,False,[],False,1,False,True,Cc1ccc(I)cc1Cc1ccc(-c2ccc(F)cc2)s1,Cc1ccc(I)cc1Cc1ccc(-c2ccc(F)cc2)s1,Cc1ccc(I)cc1Cc1ccc(-c2ccc(F)cc2)s1,408.2790000000001,408.2790000000001,0.0,['none']
True,False,[],False,1,False,True,CC1=CC(=O)[N+](CCCN(C)C)(c2cccnc2)C(O)=C1N=Nc1ccc(N=Nc2c(S(=O)(=O)O)cc3ccc(N=NC4=C(O)N(c5cccnc5)C(=O)C(C)=C4C)cc3c2O)cc1,CC1=CC(=O)[N+](CCCN(C)C)(c2cccnc2)C(O)=C1N=Nc1ccc(N=Nc2c(S(=O)(=O)O)cc3ccc(N=Nc4c(C)c(C)c(=O)n(-c5cccnc5)c4O)cc3c2O)cc1,CC1=CC(=O)[N+](CCCN(C)C)(c2cccnc2)C(O)=C1N=Nc1ccc(N=Nc2c(S(=O)(=O)O)cc3ccc(N=Nc4c(C)c(C)c(=O)n(-c5cccnc5)c4O)cc3c2O)cc1,884.9559999999999,884.9559999999999,0.0,['none']
True,False,[],False,1,False,True,CCC(=O)Nc1cccc(Nc2cc(S(=O)(=O)O)c(N)c3c2C(=O)c2ccccc2C3=O)c1,CCC(=O)Nc1cccc(Nc2cc(S(=O)(=O)O)c(N)c3c2C(=O)c2ccccc2C3=O)c1,CCC(=O)Nc1cccc(Nc2cc(S(=O)(=O)O)c(N)c3c2C(=O)c2ccccc2C3=O)c1,465.48700000000025,465.48700000000025,0.0,['none']
True,False,[],False,1,False,True,Oc1ccccc1-c1ccccc1,Oc1ccccc1-c1ccccc1,Oc1ccccc1-c1ccccc1,170.211,170.211,0.0,['none']
True,False,[],False,1,False,True,CCN(CC)c1ccc(C(=O)c2ccc(N(CC)CC)cc2)cc1,CCN(CC)c1ccc(C(=O)c2ccc(N(CC)CC)cc2)cc1,CCN(CC)c1ccc(C(=O)c2ccc(N(CC)CC)cc2)cc1,324.468,324.468,0.0,['none']
True,False,[],False,1,False,True,Oc1ccc(N=Nc2ccccn2)c(O)c1,Oc1ccc(N=Nc2ccccn2)c(O)c1,Oc1ccc(N=Nc2ccccn2)c(O)c1,215.21200000000005,215.21200000000005,0.0,['none']
True,False,[],False,1,False,True,CN(C)c1nc(N)nc(C(Cc2c[nH]c3ccccc23)NC(=O)c2ccccc2)n1,CN(C)c1nc(N)nc(C(Cc2c[nH]c3ccccc23)NC(=O)c2ccccc2)n1,CN(C)c1nc(N)nc(C(Cc2c[nH]c3ccccc23)NC(=O)c2ccccc2)n1,401.47400000000016,401.47400000000016,0.0,['none']
True,False,[],False,1,False,True,O=S(=O)(NS(=O)(=O)C(F)(F)F)C(F)(F)F,O=S(=O)(NS(=O)(=O)C(F)(F)F)C(F)(F)F,O=S(=O)(NS(=O)(=O)C(F)(F)F)C(F)(F)F,281.1549999999999,281.1549999999999,0.0,['none']
True,False,[],False,1,False,True,OCC1OC(OC2C(CO)OC(OC3C(CO)OC(O)C(O)C3O)C(O)C2O)C(O)C(O)C1O,OCC1OC(OC2C(CO)OC(OC3C(CO)OC(O)C(O)C3O)C(O)C2O)C(O)C(O)C1O,OCC1OC(OC2C(CO)OC(OC3C(CO)OC(O)C(O)C3O)C(O)C2O)C(O)C(O)C1O,504.43800000000005,504.43800000000005,0.0,['none']
True,False,[],False,1,False,True,CC(C)CC(C)(O)C#CC(C)(O)CC(C)C,CC(C)CC(C)(O)C#CC(C)(O)CC(C)C,CC(C)CC(C)(O)C#CC(C)(O)CC(C)C,226.35999999999996,226.35999999999996,0.0,['none']
True,False,[],False,1,False,True,CC(CNC(=S)S)NC(=S)S,CC(CNC(=S)S)NC(=S)S,CC(CNC(=S)S)NC(=S)S,226.41700000000006,226.41700000000006,0.0,['none']
True,False,[],False,1,False,True,[HH],[HH],[HH],2.016,2.016,0.0,['none']
True,False,[],False,1,False,True,CC(C)(C)CC(C)(C)c1cc(O)c(C(C)(C)CC(C)(C)C)cc1O,CC(C)(C)CC(C)(C)c1cc(O)c(C(C)(C)CC(C)(C)C)cc1O,CC(C)(C)CC(C)(C)c1cc(O)c(C(C)(C)CC(C)(C)C)cc1O,334.54400000000004,334.54400000000004,0.0,['none']
True,True,['Cd'],False,1,False,True,[Cd+2],[Cd+2],[Cd+2],112.412,112.412,0.0,['metal:Cd']
True,False,[],False,1,False,True,CCCCC(CC)C(=O)OCCC,CCCCC(CC)C(=O)OCCC,CCCCC(CC)C(=O)OCCC,186.29499999999996,186.29499999999996,0.0,['none']
True,False,[],False,1,False,True,Nc1ccc(Nc2ccccc2)c(S(=O)(=O)O)c1,Nc1ccc(Nc2ccccc2)c(S(=O)(=O)O)c1,Nc1ccc(Nc2ccccc2)c(S(=O)(=O)O)c1,264.306,264.306,0.0,['none']
True,False,[],False,1,False,True,[Tb],[Tb],[Tb],158.925,158.925,0.0,['none']
True,False,[],False,1,False,True,CCC(=O)O,CCC(=O)O,CCC(=O)O,74.079,74.079,0.0,['none']
True,False,[],False,1,False,True,N#Cc1ccccc1C#N,N#Cc1ccccc1C#N,N#Cc1ccccc1C#N,128.13399999999996,128.13399999999996,0.0,['none']
True,False,[],False,1,False,True,Cc1cc(-c2ccc(N=C=O)c(C)c2)ccc1N=C=O,Cc1cc(-c2ccc(N=C=O)c(C)c2)ccc1N=C=O,Cc1cc(-c2ccc(N=C=O)c(C)c2)ccc1N=C=O,264.284,264.284,0.0,['none']
True,False,[],False,1,False,True,CCCCC(CC)CN(CC(CC)CCCC)Cn1cncn1,CCCCC(CC)CN(CC(CC)CCCC)Cn1cncn1,CCCCC(CC)CN(CC(CC)CCCC)Cn1cncn1,322.54099999999994,322.54099999999994,0.0,['none']
True,False,[],False,1,False,True,CC(O)S(=O)(=O)O,CC(O)S(=O)(=O)O,CC(O)S(=O)(=O)O,126.13299999999998,126.13299999999998,0.0,['none']
True,False,[],False,1,False,True,CCCCCCCC(=O)OC(O)C(O)C(O)C(O)C(O)CO,CCCCCCCC(=O)OC(O)C(O)C(O)C(O)C(O)CO,CCCCCCCC(=O)OC(O)C(O)C(O)C(O)C(O)CO,324.37000000000006,324.37000000000006,0.0,['none']
True,False,[],False,1,False,True,CCO[Si](CCCN)(OCC)OCC,CCO[Si](CCCN)(OCC)OCC,CCO[Si](CCCN)(OCC)OCC,221.37299999999993,221.37299999999993,0.0,['none']
True,False,[],False,1,False,True,Oc1ccc(-c2ccc(O)cc2)cc1,Oc1ccc(-c2ccc(O)cc2)cc1,Oc1ccc(-c2ccc(O)cc2)cc1,186.21,186.21,0.0,['none']
True,False,[],False,1,False,True,C=CCC(=CCC1CC(=O)OC1=O)CC=C,C=CCC(=CCC1CC(=O)OC1=O)CC=C,C=CCC(=CCC1CC(=O)OC1=O)CC=C,220.26799999999994,220.26799999999994,0.0,['none']
True,False,[],False,1,False,True,CCC(C)c1cc(S(=O)(=O)O)cc(-n2nc3ccccc3n2)c1O,CCC(C)c1cc(S(=O)(=O)O)cc(-n2nc3ccccc3n2)c1O,CCC(C)c1cc(S(=O)(=O)O)cc(-n2nc3ccccc3n2)c1O,347.3960000000001,347.3960000000001,0.0,['none']
True,False,[],False,1,False,True,CCCCOC(=O)C=CC(=O)O,CCCCOC(=O)C=CC(=O)O,CCCCOC(=O)C=CC(=O)O,172.17999999999998,172.17999999999998,0.0,['none']
True,False,[],False,1,False,True,CC(=CCCC=O)CCCC(C)(C)O,CC(=CCCC=O)CCCC(C)(C)O,CC(=CCCC=O)CCCC(C)(C)O,198.30599999999998,198.30599999999998,0.0,['none']
True,False,[],False,1,False,True,CCCN(C)C,CCCN(C)C,CCCN(C)C,87.16599999999998,87.16599999999998,0.0,['none']
True,False,[],False,1,False,True,CCC=CCCO,CCC=CCCO,CCC=CCCO,100.161,100.161,0.0,['none']
True,False,[],False,1,False,True,COc1ccc2ccccc2c1,COc1ccc2ccccc2c1,COc1ccc2ccccc2c1,158.2,158.2,0.0,['none']
True,False,[],False,1,False,True,C=CCc1ccc(OC)c(OC)c1,C=CCc1ccc(OC)c(OC)c1,C=CCc1ccc(OC)c(OC)c1,178.23099999999997,178.23099999999997,0.0,['none']
True,False,[],False,1,False,True,CCOC(=O)c1ccccc1,CCOC(=O)c1ccccc1,CCOC(=O)c1ccccc1,150.177,150.177,0.0,['none']
True,False,[],False,1,False,True,CC(=O)OC(C)c1ccccc1,CC(=O)OC(C)c1ccccc1,CC(=O)OC(C)c1ccccc1,164.204,164.204,0.0,['none']
True,False,[],False,1,False,True,C=COCCCCCCCCCCCCCCCCCC,C=COCCCCCCCCCCCCCCCCCC,C=COCCCCCCCCCCCCCCCCCC,296.539,296.539,0.0,['none']
True,False,[],False,1,False,True,ClC1CCCC1,ClC1CCCC1,ClC1CCCC1,104.58000000000001,104.58000000000001,0.0,['none']
True,False,[],False,1,False,True,CCCCCCCCCCCC(=O)OCC(C)(C)C=NCC1(C)CC(N=CC(C)(C)COC(=O)CCCCCCCCCCC)CC(C)(C)C1,CCCCCCCCCCCC(=O)OCC(C)(C)C=NCC1(C)CC(N=CC(C)(C)COC(=O)CCCCCCCCCCC)CC(C)(C)C1,CCCCCCCCCCCC(=O)OCC(C)(C)C=NCC1(C)CC(N=CC(C)(C)COC(=O)CCCCCCCCCCC)CC(C)(C)C1,703.1499999999995,703.1499999999995,0.0,['none']
True,False,[],False,1,False,True,CCCCCCCCCCC(CCCCCCCC)COC(=O)CCCCCCCCCCCCCCC(C)C,CCCCCCCCCCC(CCCCCCCC)COC(=O)CCCCCCCCCCCCCCC(C)C,CCCCCCCCCCC(CCCCCCCC)COC(=O)CCCCCCCCCCCCCCC(C)C,565.0240000000005,565.0240000000005,0.0,['none']
True,False,[],False,1,False,True,CC(C)CCCCCC(=O)OCC(COC(=O)CCCCCC(C)C)(COC(=O)CCCCCC(C)C)COC(=O)CCCCCC(C)C,CC(C)CCCCCC(=O)OCC(COC(=O)CCCCCC(C)C)(COC(=O)CCCCCC(C)C)COC(=O)CCCCCC(C)C,CC(C)CCCCCC(=O)OCC(COC(=O)CCCCCC(C)C)(COC(=O)CCCCCC(C)C)COC(=O)CCCCCC(C)C,697.051,697.051,0.0,['none']
True,False,[],False,1,False,True,Nc1ccc(N)c(CCO)c1,Nc1ccc(N)c(CCO)c1,Nc1ccc(N)c(CCO)c1,152.19700000000003,152.19700000000003,0.0,['none']
True,False,[],False,1,False,True,CC(=CC#N)CCc1ccccc1,CC(=CC#N)CCc1ccccc1,CC(=CC#N)CCc1ccccc1,171.24300000000002,171.24300000000002,0.0,['none']
True,False,[],False,1,False,True,CCCCCCCCCCCCc1ccc(O)cc1,CCCCCCCCCCCCc1ccc(O)cc1,CCCCCCCCCCCCc1ccc(O)cc1,262.43699999999995,262.43699999999995,0.0,['none']
True,False,[],False,1,False,True,CC1(C)CC(NCCC#N)CC(C)(CNCCC#N)C1,CC1(C)CC(NCCC#N)CC(C)(CNCCC#N)C1,CC1(C)CC(NCCC#N)CC(C)(CNCCC#N)C1,276.428,276.428,0.0,['none']
True,False,[],False,1,False,True,CCCCCCCCCCCCCCCCCCCCCC(=O)OC(CO)C1OCC(OC(=O)CCCCCCCCCCCCCCCCCCCCC)C1OC(=O)CCCCCCCCCCCCCCCCCCCCC,CCCCCCCCCCCCCCCCCCCCCC(=O)OC(CO)C1OCC(OC(=O)CCCCCCCCCCCCCCCCCCCCC)C1OC(=O)CCCCCCCCCCCCCCCCCCCCC,CCCCCCCCCCCCCCCCCCCCCC(=O)OC(CO)C1OCC(OC(=O)CCCCCCCCCCCCCCCCCCCCC)C1OC(=O)CCCCCCCCCCCCCCCCCCCCC,1131.8879999999983,1131.8879999999983,0.0,['none']
True,False,[],False,1,False,True,CCCCC(CC)C(=O)OCCOCCOCCOC(=O)C(CC)CCCC,CCCCC(CC)C(=O)OCCOCCOCCOC(=O)C(CC)CCCC,CCCCC(CC)C(=O)OCCOCCOCCOC(=O)C(CC)CCCC,402.57200000000023,402.57200000000023,0.0,['none']
True,False,[],False,1,False,True,CCCCCCCCCCCC(=O)OCCCCCCCCCCC(C)C,CCCCCCCCCCCC(=O)OCCCCCCCCCCC(C)C,CCCCCCCCCCCC(=O)OCCCCCCCCCCC(C)C,382.67300000000023,382.67300000000023,0.0,['none']
True,False,[],False,1,False,True,OCCNc1ccc2c(c1)OCO2,OCCNc1ccc2c(c1)OCO2,OCCNc1ccc2c(c1)OCO2,181.19099999999997,181.19099999999997,0.0,['none']
True,False,[],False,1,False,True,COc1cc(N=Nc2c(C)cc(C)cc2S(=O)(=O)O)c(C)cc1N=Nc1c(S(=O)(=O)O)cc2cc(Nc3ccccc3)ccc2c1O,COc1cc(N=Nc2c(C)cc(C)cc2S(=O)(=O)O)c(C)cc1N=Nc1c(S(=O)(=O)O)cc2cc(Nc3ccccc3)ccc2c1O,COc1cc(N=Nc2c(C)cc(C)cc2S(=O)(=O)O)c(C)cc1N=Nc1c(S(=O)(=O)O)cc2cc(Nc3ccccc3)ccc2c1O,675.7450000000002,675.7450000000002,0.0,['none']
True,False,[],False,1,False,True,Fc1cccc(C(F)(F)F)n1,Fc1cccc(C(F)(F)F)n1,Fc1cccc(C(F)(F)F)n1,165.089,165.089,0.0,['none']
True,False,[],False,1,False,True,CCCCNP(N)(N)=S,CCCCNP(N)(N)=S,CCCCNP(N)(N)=S,167.218,167.218,0.0,['none']
True,False,[],False,1,False,True,CCN=C1C=CC(=C(c2ccc(NCC)c(C)c2)c2ccc(NCC)c(C)c2)C=C1C,CCN=C1C=CC(=C(c2ccc(NCC)c(C)c2)c2ccc(NCC)c(C)c2)C=C1C,CCN=C1C=CC(=C(c2ccc(NCC)c(C)c2)c2ccc(NCC)c(C)c2)C=C1C,413.60900000000015,413.60900000000015,0.0,['none']
True,False,[],False,1,False,True,CC(C1CC1)C(O)(Cn1cncn1)c1ccc(Cl)cc1,CC(C1CC1)C(O)(Cn1cncn1)c1ccc(Cl)cc1,CC(C1CC1)C(O)(Cn1cncn1)c1ccc(Cl)cc1,291.78200000000004,291.78200000000004,0.0,['none']
True,False,[],False,1,False,True,CCCC(N)C(O)C(=O)NC1CC1,CCCC(N)C(O)C(=O)NC1CC1,CCCC(N)C(O)C(=O)NC1CC1,186.25499999999997,186.25499999999997,0.0,['none']
True,False,[],False,1,False,True,O=C1CCCCCCCCCCCN1,O=C1CCCCCCCCCCCN1,O=C1CCCCCCCCCCCN1,197.32199999999997,197.32199999999997,0.0,['none']
True,False,[],False,1,False,True,O[Si](O)(c1ccccc1)c1ccccc1,O[Si](O)(c1ccccc1)c1ccccc1,O[Si](O)(c1ccccc1)c1ccccc1,216.312,216.312,0.0,['none']
True,False,[],False,1,False,True,CCCCC(CC)COC(=O)C(C#N)=C(c1ccccc1)c1ccc(OC)cc1,CCCCC(CC)COC(=O)C(C#N)=C(c1ccccc1)c1ccc(OC)cc1,CCCCC(CC)COC(=O)C(C#N)=C(c1ccccc1)c1ccc(OC)cc1,391.5110000000001,391.5110000000001,0.0,['none']
True,False,[],False,1,False,True,Cc1ccccc1C,Cc1ccccc1C,Cc1ccccc1C,106.16799999999999,106.16799999999999,0.0,['none']
True,False,[],False,1,False,True,Cc1ccc(C)c(C)c1,Cc1ccc(C)c(C)c1,Cc1ccc(C)c(C)c1,120.195,120.195,0.0,['none']
True,False,[],False,1,False,True,Cc1ccc(N)c(C)c1,Cc1ccc(N)c(C)c1,Cc1ccc(N)c(C)c1,121.183,121.183,0.0,['none']
True,False,[],False,1,False,True,Cc1cc(O)ccc1O,Cc1cc(O)ccc1O,Cc1cc(O)ccc1O,124.13899999999997,124.13899999999997,0.0,['none']
True,False,[],False,1,False,True,Nc1ccc(Cl)c(Cl)c1,Nc1ccc(Cl)c(Cl)c1,Nc1ccc(Cl)c(Cl)c1,162.019,162.019,0.0,['none']
True,False,[],False,1,False,True,CCOC(=O)C(=O)OCC,CCOC(=O)C(=O)OCC,CCOC(=O)C(=O)OCC,146.14199999999997,146.14199999999997,0.0,['none']
True,False,[],False,1,False,True,Cc1ccc2c(c1)C(Nc1nc(N)nc(C(C)F)n1)C(C)C2,Cc1ccc2c(c1)C(Nc1nc(N)nc(C(C)F)n1)C(C)C2,Cc1ccc2c(c1)C(Nc1nc(N)nc(C(C)F)n1)C(C)C2,301.369,301.369,0.0,['none']
True,False,[],False,1,False,True,CC(C)c1ccc2c(c1)OCC(=O)CO2,CC(C)c1ccc2c(c1)OCC(=O)CO2,CC(C)c1ccc2c(c1)OCC(=O)CO2,206.24099999999993,206.24099999999993,0.0,['none']
True,False,[],False,1,False,True,COc1ccc(C(O)CC(O)c2ccc(C(C)(C)C)cc2)cc1,COc1ccc(C(O)CC(O)c2ccc(C(C)(C)C)cc2)cc1,COc1ccc(C(O)CC(O)c2ccc(C(C)(C)C)cc2)cc1,314.425,314.425,0.0,['none']
True,False,[],False,1,False,True,CCCCCCCCCCCCOC(=O)CCCCCCCCC,CCCCCCCCCCCCOC(=O)CCCCCCCCC,CCCCCCCCCCCCOC(=O)CCCCCCCCC,340.59200000000016,340.59200000000016,0.0,['none']
True,False,[],False,1,False,True,C=CCOC(=O)C(=C)C,C=CCOC(=O)C(=C)C,C=CCOC(=O)C(=C)C,126.15499999999999,126.15499999999999,0.0,['none']
True,False,[],False,1,False,True,O=C1OCCO1,O=C1OCCO1,O=C1OCCO1,88.062,88.062,0.0,['none']
True,False,[],False,1,False,True,CCCCCCCCCC(C)C=C(C(C)=O)C(=O)OCC,CCCCCCCCCC(C)C=C(C(C)=O)C(=O)OCC,CCCCCCCCCC(C)C=C(C(C)=O)C(=O)OCC,296.4510000000001,296.4510000000001,0.0,['none']
True,False,[],False,1,False,True,O=C(O)c1cc(S(=O)(=O)O)ccc1O,O=C(O)c1cc(S(=O)(=O)O)ccc1O,O=C(O)c1cc(S(=O)(=O)O)ccc1O,218.186,218.186,0.0,['none']
True,False,[],False,1,False,True,C=C(C)C(=O)OCC,C=C(C)C(=O)OCC,C=C(C)C(=O)OCC,114.14399999999998,114.14399999999998,0.0,['none']
True,False,[],False,1,False,True,CCOC(=O)C(C)O,CCOC(=O)C(C)O,CCOC(=O)C(C)O,118.13199999999998,118.13199999999998,0.0,['none']
True,False,[],False,1,False,True,CCOP(=O)(Cc1cc(C(C)(C)C)c(O)c(C(C)(C)C)c1)OCC,CCOP(=O)(Cc1cc(C(C)(C)C)c(O)c(C(C)(C)C)c1)OCC,CCOP(=O)(Cc1cc(C(C)(C)C)c(O)c(C(C)(C)C)c1)OCC,356.44300000000015,356.44300000000015,0.0,['none']
True,False,[],False,1,False,True,OCc1ccco1,OCc1ccco1,OCc1ccco1,98.10099999999998,98.10099999999998,0.0,['none']
True,False,[],False,1,False,True,O=Cc1ccco1,O=Cc1ccco1,O=Cc1ccco1,96.08499999999998,96.08499999999998,0.0,['none']
True,False,[],False,1,False,True,O=S(=O)(O)c1ccccc1,O=S(=O)(O)c1ccccc1,O=S(=O)(O)c1ccccc1,158.178,158.178,0.0,['none']
True,False,[],False,1,False,True,O=S(=O)(O)c1ccc(O)cc1,O=S(=O)(O)c1ccc(O)cc1,O=S(=O)(O)c1ccc(O)cc1,174.177,174.177,0.0,['none']
True,False,[],False,1,False,True,O=[N+]([O-])c1ccc(S(=O)(=O)Cl)cc1,O=[N+]([O-])c1ccc(S(=O)(=O)Cl)cc1,O=[N+]([O-])c1ccc(S(=O)(=O)Cl)cc1,221.62099999999998,221.62099999999998,0.0,['none']
True,False,[],False,1,False,True,CC(O)c1ccccc1,CC(O)c1ccccc1,CC(O)c1ccccc1,122.16699999999996,122.16699999999996,0.0,['none']
True,False,[],False,1,False,True,CC(=O)c1ccccc1,CC(=O)c1ccccc1,CC(=O)c1ccccc1,120.15099999999995,120.15099999999995,0.0,['none']
True,False,[],False,1,False,True,NC(=O)c1cccnc1,NC(=O)c1cccnc1,NC(=O)c1cccnc1,122.12699999999997,122.12699999999997,0.0,['none']
True,False,[],False,1,False,True,CCCCCCCCCCCCCCCC=C1OC(=O)C1CCCCCCCCCCCCCCC,CCCCCCCCCCCCCCCC=C1OC(=O)C1CCCCCCCCCCCCCCC,CCCCCCCCCCCCCCCC=C1OC(=O)C1CCCCCCCCCCCCCCC,504.8840000000006,504.8840000000006,0.0,['none']
True,False,[],False,1,False,True,CCCCCCCCC=CC(=O)NCCC[N+](C)(C)CC(=O)O,CCCCCCCCC=CC(=O)NCCC[N+](C)(C)CC(=O)O,CCCCCCCCC=CC(=O)NCCC[N+](C)(C)CC(=O)O,327.4890000000001,327.4890000000001,0.0,['none']
True,False,[],False,1,False,True,CCCC(C)COC(=O)c1ccccc1O,CCCC(C)COC(=O)c1ccccc1O,CCCC(C)COC(=O)c1ccccc1O,222.28400000000002,222.28400000000002,0.0,['none']
True,False,[],False,1,False,True,O=C(Cl)c1cccc(C(=O)Cl)c1,O=C(Cl)c1cccc(C(=O)Cl)c1,O=C(Cl)c1cccc(C(=O)Cl)c1,203.02399999999997,203.02399999999997,0.0,['none']
True,False,[],False,1,False,True,CC1CCC(C(C)C)CC1,CC1CCC(C(C)C)CC1,CC1CCC(C(C)C)CC1,140.26999999999998,140.26999999999998,0.0,['none']
True,False,[],False,1,False,True,CC1=CCC(C(C)C)=CC1,CC1=CCC(C(C)C)=CC1,CC1=CCC(C(C)C)=CC1,136.23799999999997,136.23799999999997,0.0,['none']
True,False,[],False,1,False,True,O=P1(c2cc(O)ccc2O)Oc2ccccc2-c2ccccc21,O=P1(c2cc(O)ccc2O)Oc2ccccc2-c2ccccc21,O=P1(c2cc(O)ccc2O)Oc2ccccc2-c2ccccc21,324.27200000000005,324.27200000000005,0.0,['none']
True,False,[],False,1,False,True,O=S1(=O)CS(=O)(=O)OCO1,O=S1(=O)CS(=O)(=O)OCO1,O=S1(=O)CS(=O)(=O)OCO1,188.18199999999996,188.18199999999996,0.0,['none']
True,False,[],False,1,False,True,CCCCCC(C)OC(=O)COc1ccc(Cl)c2cccnc12,CCCCCC(C)OC(=O)COc1ccc(Cl)c2cccnc12,CCCCCC(C)OC(=O)COc1ccc(Cl)c2cccnc12,335.8310000000001,335.8310000000001,0.0,['none']
