group,fg_feature,descriptor,spearman_rho,p_value,n
negative,fg_aniline_count,aromatic_ring_count,0.48438374523770317,0.0,9521
negative,fg_alcohol_count,hbd,0.4016777148909475,0.0,9521
negative,fg_ether_count,hba,0.37862122012458255,0.0,9521
negative,fg_aromatic_ring_count,mw,0.4668775234168296,0.0,9521
negative,fg_aromatic_ring_count,logp,0.3783137265083615,0.0,9521
negative,fg_aromatic_ring_count,ring_count,0.7572516634612899,0.0,9521
negative,fg_aromatic_ring_count,aromatic_ring_count,0.9745404273391881,0.0,9521
negative,fg_aromatic_ring_count,fraction_csp3,-0.689826008632419,0.0,9521
negative,fg_aromatic_ring_count,heavy_atom_count,0.5123175058126319,0.0,9521
negative,fg_heteroaromatic_ring_count,mw,0.4461430913844396,0.0,9521
negative,fg_heteroaromatic_ring_count,ring_count,0.7697952825114426,0.0,9521
negative,fg_heteroaromatic_ring_count,aromatic_ring_count,0.9923750736144603,0.0,9521
negative,fg_heteroaromatic_ring_count,fraction_csp3,-0.699940719654157,0.0,9521
negative,fg_heteroaromatic_ring_count,heavy_atom_count,0.4934872954536872,0.0,9521
negative,fg_fused_ring_like_count,ring_count,0.6795922101098064,0.0,9521
negative,fg_fused_ring_like_count,aromatic_ring_count,0.40362775991318967,0.0,9521
negative,fg_fused_ring_like_count,heavy_atom_count,0.37975953075876906,0.0,9521
negative,bb_n_alerts,heteroatom_count,0.39066267400455573,0.0,9521
negative,fg_phenol_count,hbd,0.3698705639684872,1.8051609664298868e-306,9521
negative,fg_aniline_count,ring_count,0.36664709649844207,8.663014121307736e-301,9521
negative,fg_sulfone_count,heteroatom_count,0.3630559730322431,1.5497420003803127e-294,9521
negative,fg_sulfone_count,tpsa,0.3604989731095649,3.921980578568153e-290,9521
negative,fg_phenol_count,aromatic_ring_count,0.3604480314621637,4.795327816704865e-290,9521
negative,fg_aniline_count,fraction_csp3,-0.35898082004391507,1.5442779701530068e-287,9521
negative,fg_aniline_count,tpsa,0.3522780611181125,3.0070442216292034e-276,9521
negative,bb_n_genotox_alerts,heteroatom_count,0.35165144890113004,3.3080630927313825e-275,9521
negative,fg_heteroaromatic_ring_count,logp,0.3506186820685901,1.7016144808817943e-273,9521
negative,bb_n_alerts,mw,0.34756587847442877,1.785578156498914e-268,9521
negative,fg_aniline_count,heteroatom_count,0.34372878844722293,3.04412428128614e-262,9521
negative,fg_BB_SA2c_aromatic_amine_general_count,hbd,0.343268779525247,1.677494243021915e-261,9521
negative,fg_fused_ring_like_count,mw,0.33740141059794715,3.705501707195293e-252,9521
negative,bb_any_alert,heteroatom_count,0.33575176097485343,1.4440555551234788e-249,9521
negative,fg_sulfonic_acid_or_sulfonate_count,tpsa,0.32864209249892007,1.3932324493984646e-238,9521
negative,fg_BB_SA8_aromatic_diazo_count,aromatic_ring_count,0.326331735411275,4.474178572497822e-235,9521
negative,fg_ether_count,rot_bonds,0.32457460415605277,1.9826278521672614e-232,9521
negative,fg_BB_SA2c_aromatic_amine_general_count,aromatic_ring_count,0.3244780720904629,2.7677274967940962e-232,9521
negative,fg_aniline_count,hba,0.3233734705754834,1.2479748409243784e-230,9521
negative,fg_carboxylic_acid_count,hbd,0.320010645872116,1.2279336840440333e-225,9521
negative,fg_azo_count,aromatic_ring_count,0.31679762000552925,6.309713463076183e-221,9521
negative,fg_sulfonic_acid_or_sulfonate_count,heteroatom_count,0.3162161436816679,4.4293985194726345e-220,9521
negative,bb_any_alert,mw,0.3149844443514362,2.709031257305163e-218,9521
negative,bb_any_genotox_alert,heteroatom_count,0.3149054844344111,3.5241022384847134e-218,9521
negative,fg_azo_count,hba,0.31168223082367574,1.5154563471531808e-213,9521
negative,fg_aniline_count,hbd,0.3114806829485184,2.9400187237144355e-213,9521
negative,fg_sulfone_count,hba,0.31087658826089504,2.1361619552758134e-212,9521
negative,fg_BB_SA8_aromatic_diazo_count,hba,0.3101610338018463,2.2243883840958524e-211,9521
negative,fg_azo_count,tpsa,0.30829700071901395,9.653822727588952e-209,9521
negative,bb_n_alerts,heavy_atom_count,0.30671293515941533,1.6254168129592586e-206,9521
negative,fg_heteroaromatic_ring_count,hba,0.3066992303688462,1.698890085926053e-206,9521
negative,fg_azo_count,heteroatom_count,0.3063191476484661,5.784323869782729e-206,9521
negative,fg_BB_SA8_aromatic_diazo_count,heteroatom_count,0.3059412018397964,1.9523614089366679e-205,9521
negative,fg_BB_SA8_aromatic_diazo_count,tpsa,0.3053841638409034,1.1689025910935844e-204,9521
negative,fg_heteroaromatic_ring_count,heteroatom_count,0.3050859943201067,3.0416185679417334e-204,9521
negative,fg_aromatic_ring_count,heteroatom_count,0.3018263055852786,9.813420127142008e-200,9521
negative,fg_aromatic_ring_count,hba,0.3009476426144854,1.5748179346425916e-198,9521
negative,fg_heteroaromatic_ring_count,tpsa,0.297426289903576,9.681421059829894e-194,9521
negative,fg_aniline_count,heavy_atom_count,0.2955771724582389,2.9762640585261954e-191,9521
negative,fg_aromatic_ring_count,tpsa,0.293267164473718,3.593957356943394e-188,9521
negative,fg_sulfonic_acid_or_sulfonate_count,hbd,0.29148541448979354,8.186896287089468e-186,9521
negative,fg_BB_SA8_aromatic_diazo_count,heavy_atom_count,0.2908368094730825,5.8493639464745244e-185,9521
negative,bb_n_alerts,aromatic_ring_count,0.2907229230969447,8.257062940949788e-185,9521
negative,fg_ether_count,heavy_atom_count,0.28850202442125567,6.646879171449349e-182,9521
negative,bb_n_genotox_alerts,aromatic_ring_count,0.2880708820865154,2.4192001856513336e-181,9521
negative,fg_azo_count,heavy_atom_count,0.2870035226689711,5.86672406297714e-180,9521
negative,fg_ester_count,hba,0.28646360305067603,2.9278489375444443e-179,9521
negative,bb_any_alert,heavy_atom_count,0.2863080680250381,4.649210285982744e-179,9521
negative,fg_BB_SA8_aromatic_diazo_count,mw,0.2858185934949464,1.988673696788181e-178,9521
negative,fg_BB_SA34_halobenzene_count,fraction_csp3,-0.285111117709699,1.6166681050883613e-177,9521
negative,fg_amide_count,tpsa,0.28190999313333703,1.964799430429345e-173,9521
negative,fg_azo_count,mw,0.2812232210373033,1.4541819068522148e-172,9521
negative,fg_phenol_count,fraction_csp3,-0.27998070529549235,5.358840302077113e-171,9521
negative,bb_n_genotox_alerts,ring_count,0.2782967600496637,6.904327952412329e-169,9521
negative,bb_n_genotox_alerts,tpsa,0.2778962088184214,2.1819457274125446e-168,9521
negative,fg_sulfonic_acid_or_sulfonate_count,hba,0.2774625467104327,7.567112748907335e-168,9521
negative,fg_aniline_count,mw,0.2774433835525994,7.994172209979504e-168,9521
negative,fg_sulfone_count,hbd,0.2764294669546799,1.4507154496168952e-166,9521
negative,fg_ester_count,rot_bonds,0.2762875897274657,2.1742011256438177e-166,9521
negative,fg_BB_SA34_halobenzene_count,aromatic_ring_count,0.27452690977675803,3.230095978976096e-164,9521
negative,fg_BB_SA8_aromatic_diazo_count,ring_count,0.27280784346503867,4.113979322161411e-162,9521
negative,fg_phenol_count,ring_count,0.2710213378452233,6.104829848120313e-160,9521
negative,bb_n_alerts,ring_count,0.270761674458173,1.258661750571232e-159,9521
negative,fg_sulfone_count,aromatic_ring_count,0.2693203932215163,6.882950322086123e-158,9521
negative,fg_BB_SA2c_aromatic_amine_general_count,fraction_csp3,-0.26696430280169103,4.525606577132649e-155,9521
negative,fg_azo_count,ring_count,0.2663826054735228,2.2233351863324446e-154,9521
negative,fg_amide_count,heteroatom_count,0.2655607300559029,2.0932548494575302e-153,9521
negative,bb_n_genotox_alerts,hba,0.2643143401482541,6.180751277972136e-152,9521
negative,fg_carboxylic_acid_count,tpsa,0.2637678776348681,2.71104303764759e-151,9521
negative,fg_alcohol_count,fraction_csp3,0.26329998610409994,9.587375937452826e-151,9521
negative,fg_BB_SA2c_aromatic_amine_general_count,tpsa,0.26176340821351585,5.961587760965937e-149,9521
negative,fg_sulfone_count,mw,0.2610086777483528,4.4871189602342685e-148,9521
negative,bb_n_genotox_alerts,mw,0.26069269673886614,1.0425921275756496e-147,9521
negative,fg_halogen_any_count,heteroatom_count,0.25865449423714176,2.3320599728097138e-145,9521
negative,bb_n_alerts,tpsa,0.2550522328949738,2.9447236220289573e-141,9521
negative,fg_ether_count,mw,0.2548724096788405,4.699656057937501e-141,9521
negative,fg_phenol_count,tpsa,0.2526196585824527,1.5910062311122842e-138,9521
negative,bb_n_genotox_alerts,heavy_atom_count,0.2522908130945815,3.7051177215109146e-138,9521
negative,fg_amide_count,hbd,0.25064893626753015,2.475887236669494e-136,9521
negative,bb_n_nongenotox_alerts,logp,0.2493470737574804,6.77895791199787e-135,9521
negative,bb_any_nongenotox_alert,logp,0.24653554284818058,8.066137494254055e-132,9521
negative,bb_n_genotox_alerts,fraction_csp3,-0.24355540971270667,1.3297289477721816e-128,9521
negative,fg_BB_SA8_aromatic_diazo_count,hbd,0.2425177033254408,1.7126568581789441e-127,9521
negative,fg_sulfone_count,heavy_atom_count,0.24204756532915914,5.429626389506262e-127,9521
negative,bb_any_genotox_alert,aromatic_ring_count,0.2412263819316743,4.0496712322453334e-126,9521
negative,bb_any_genotox_alert,ring_count,0.2405326180827041,2.1982454479926664e-125,9521
negative,fg_BB_SA47_n_alkylcarboxylic_acid_count,rot_bonds,0.23894969249605574,1.0219833249319225e-123,9521
negative,fg_BB_SA2c_aromatic_amine_general_count,ring_count,0.23869215494014925,1.903513471519071e-123,9521
negative,fg_azo_count,hbd,0.23737045996827133,4.5779069512474176e-122,9521
negative,bb_n_alerts,hba,0.23498820976202603,1.3440600500228075e-119,9521
negative,bb_n_alerts,fraction_csp3,-0.23495178316367443,1.4653368385990793e-119,9521
negative,fg_BB_SA7_aromatic_Nacylamine_count,aromatic_ring_count,0.23302166247530304,1.3953354762465366e-117,9521
negative,bb_n_alerts,logp,0.23161769748753436,3.7378304576299555e-116,9521
negative,fg_sulfonic_acid_or_sulfonate_count,mw,0.22869383813881378,3.2787716332391286e-113,9521
negative,bb_any_genotox_alert,tpsa,0.2283116203229402,7.895584064225786e-113,9521
negative,fg_heteroaromatic_ring_count,hbd,0.22802835699829552,1.5128238301250244e-112,9521
negative,fg_BB_SA2c_aromatic_amine_general_count,hba,0.2279443483242137,1.8342886207328597e-112,9521
negative,bb_n_nongenotox_alerts,mw,0.22786911323864886,2.1796103417290854e-112,9521
negative,fg_fused_ring_like_count,hba,0.2277400773544073,2.929513982251425e-112,9521
negative,bb_any_genotox_alert,mw,0.226427053413426,5.874215882661707e-111,9521
negative,fg_sulfonic_acid_or_sulfonate_count,aromatic_ring_count,0.2259633141933848,1.6860234563491183e-110,9521
negative,fg_BB_SA47_n_alkylcarboxylic_acid_count,fraction_csp3,0.22493359406601643,1.7375827805167613e-109,9521
negative,bb_any_nongenotox_alert,mw,0.22481130961596546,2.2904200695156864e-109,9521
negative,bb_any_alert,aromatic_ring_count,0.22472704727256074,2.7703878173661877e-109,9521
negative,fg_amide_count,heavy_atom_count,0.2219415397945013,1.4280395467838862e-106,9521
negative,bb_any_alert,ring_count,0.22124782387163117,6.67441179179915e-106,9521
negative,bb_any_alert,tpsa,0.22115895250488668,8.129011791781799e-106,9521
negative,bb_any_alert,logp,0.2211129951801988,9.001219654161601e-106,9521
negative,fg_aromatic_ring_count,hbd,0.2209991889756675,1.1584301083420208e-105,9521
negative,fg_ester_count,hbd,-0.22076413782734747,1.949720735248552e-105,9521
negative,bb_any_genotox_alert,hba,0.21918213039937645,6.38090302205795e-104,9521
negative,fg_BB_SA7_aromatic_Nacylamine_count,hbd,0.21556234384172077,1.6836676457194629e-100,9521
negative,bb_any_genotox_alert,heavy_atom_count,0.21513605573828642,4.2177126125536245e-100,9521
negative,fg_phenol_count,hba,0.21490859858595845,6.878998872575088e-100,9521
negative,fg_sulfonic_acid_or_sulfonate_count,heavy_atom_count,0.21435848252729414,2.2404069684386386e-99,9521
negative,fg_fused_ring_like_count,logp,0.2140506406395707,4.331733196509766e-99,9521
negative,fg_BB_SA8_aromatic_diazo_count,logp,0.2133799999325088,1.8150723785864984e-98,9521
negative,fg_amide_count,mw,0.2130992434322249,3.301811416855523e-98,9521
negative,fg_sulfone_count,ring_count,0.21226866071456416,1.928973690853887e-97,9521
negative,fg_BB_SA2_primary_aromatic_amine_count,hbd,0.21152838155899972,9.242868603016813e-97,9521
negative,fg_BB_SA2c_aromatic_amine_general_count,heteroatom_count,0.21117039088311615,1.967663152559107e-96,9521
negative,fg_alcohol_count,logp,-0.21038881615724864,1.0192042412635965e-95,9521
negative,fg_azo_count,logp,0.20967410189975322,4.55977456170126e-95,9521
negative,fg_BB_SA8_aromatic_diazo_count,fraction_csp3,-0.20918491360835215,1.2674096185289898e-94,9521
negative,fg_fused_ring_like_count,fraction_csp3,-0.20824325147576297,9.002671204242093e-94,9521
negative,fg_ketone_count,ring_count,0.20780264814653576,2.2456082454486583e-93,9521
negative,bb_any_alert,hba,0.20775239522557037,2.4920198416393304e-93,9521
negative,fg_ester_count,heavy_atom_count,0.20768500414807767,2.8653076019345805e-93,9521
negative,fg_BB_SA7_aromatic_Nacylamine_count,heteroatom_count,0.20748347511126258,4.348342070137301e-93,9521
negative,fg_BB_SA34_halobenzene_count,logp,0.2070726636002143,1.0162653976879805e-92,9521
negative,fg_BB_SA7_aromatic_Nacylamine_count,tpsa,0.20496403448785408,7.707864246245439e-91,9521
negative,bb_any_genotox_alert,fraction_csp3,-0.2048816129114779,9.119959416338346e-91,9521
negative,fg_BB_SA2_primary_aromatic_amine_count,fraction_csp3,-0.20283180951996851,5.844158998106009e-89,9521
negative,fg_azo_count,fraction_csp3,-0.20185994703824484,4.134998274302646e-88,9521
negative,fg_chloro_count,fraction_csp3,-0.20107686137653155,1.985933209988722e-87,9521
negative,fg_ether_count,heteroatom_count,0.20064899803648575,4.667776411813504e-87,9521
negative,fg_chloro_count,heteroatom_count,0.19955281066516778,4.131386485581945e-86,9521
negative,fg_ether_count,tpsa,0.1990398995293251,1.1409713110350582e-85,9521
negative,fg_sulfone_count,fraction_csp3,-0.19813098081828537,6.856063224364176e-85,9521
negative,fg_BB_SA5_nitro_aromatic_count,tpsa,0.19752823206051778,2.2408854961632254e-84,9521
negative,fg_BB_SA47_n_alkylcarboxylic_acid_count,aromatic_ring_count,-0.19610854231944508,3.591096166651147e-83,9521
negative,fg_BB_SA8_aromatic_diazo_count,rot_bonds,0.1952953606835571,1.7422886415684813e-82,9521
negative,fg_phenol_count,heavy_atom_count,0.1950495490413906,2.8044778948426555e-82,9521
negative,fg_azo_count,rot_bonds,0.19421605037744621,1.4020343817097234e-81,9521
negative,fg_fused_ring_like_count,tpsa,0.19398194916374328,2.200289997489945e-81,9521
negative,fg_amine_primary_count,hbd,0.19068098578632334,1.1894317750212472e-78,9521
negative,fg_amide_count,hba,0.18918680311837735,1.976384900845837e-77,9521
negative,fg_BB_SA7_aromatic_Nacylamine_count,heavy_atom_count,0.1887744821025426,4.2743690929122896e-77,9521
negative,fg_halogen_any_count,fraction_csp3,-0.18854672226631786,6.5401311880220706e-77,9521
negative,fg_alkene_count,aromatic_ring_count,-0.1881456891954239,1.3811717194651235e-76,9521
negative,fg_fluoro_count,heteroatom_count,0.1859186558793218,8.506524842106887e-75,9521
negative,bb_any_alert,fraction_csp3,-0.18539868039961646,2.2095374342310163e-74,9521
negative,fg_BB_SA5_nitro_aromatic_count,heteroatom_count,0.1853542901033361,2.3968128240335617e-74,9521
negative,fg_ether_count,fraction_csp3,0.18481254577843917,6.4582255780843846e-74,9521
negative,fg_ester_count,mw,0.18351853228243054,6.80661104837099e-73,9521
negative,fg_BB_SA7_aromatic_Nacylamine_count,mw,0.18281885480646803,2.4142830152749606e-72,9521
negative,bb_n_nongenotox_alerts,heteroatom_count,0.1820376928249846,9.863804781059087e-72,9521
negative,fg_BB_SA34_halobenzene_count,ring_count,0.1814695569500828,2.734401159702948e-71,9521
negative,fg_halogen_any_count,logp,0.18082069400805234,8.725751470139422e-71,9521
negative,fg_sulfonic_acid_or_sulfonate_count,ring_count,0.17974731903807165,5.891649446608926e-70,9521
negative,fg_alcohol_count,tpsa,0.1789970817445684,2.2226053900515283e-69,9521
negative,bb_any_nongenotox_alert,heteroatom_count,0.1787474129175477,3.4529371915181487e-69,9521
negative,fg_amine_primary_count,logp,-0.17744952807584713,3.3746414374523128e-68,9521
negative,fg_BB_SA6b_aromatic_dialkylamine_count,aromatic_ring_count,0.17715923388404478,5.6055934849095625e-68,9521
negative,fg_phenol_count,mw,0.17522981771166238,1.5986559295078733e-66,9521
negative,fg_BB_SA34_halobenzene_count,heteroatom_count,0.1750304086266716,2.2552033758237007e-66,9521
negative,fg_BB_SA47_n_alkylcarboxylic_acid_count,heavy_atom_count,0.17421157111332147,9.2238442178625e-66,9521
negative,fg_BB_SA7_aromatic_Nacylamine_count,ring_count,0.174086727791208,1.1426471572489995e-65,9521
negative,fg_BB_SA34_halobenzene_count,mw,0.17254966593274587,1.5745592850552835e-64,9521
negative,fg_sulfonic_acid_or_sulfonate_count,fraction_csp3,-0.1721813112299339,2.9416783895627384e-64,9521
negative,fg_BB_SA2_primary_aromatic_amine_count,aromatic_ring_count,0.17013779400684387,9.190520156744417e-63,9521
negative,fg_fused_ring_like_count,rot_bonds,-0.16938908318349105,3.2083933982829145e-62,9521
negative,fg_fused_ring_like_count,heteroatom_count,0.16936036135390103,3.365625871454022e-62,9521
negative,fg_BB_SA5_nitro_aromatic_count,fraction_csp3,-0.16895383227291152,6.618561571512345e-62,9521
negative,fg_ester_count,tpsa,0.16777846146903766,4.631684564175645e-61,9521
negative,fg_BB_SA28_alkenylbenzene_count,aromatic_ring_count,0.16561465674579467,1.6036255468335689e-59,9521
negative,fg_carboxylic_acid_count,heteroatom_count,0.16557899029758935,1.6994209720661772e-59,9521
negative,fg_phenol_count,heteroatom_count,0.16553363922017292,1.8295018741807999e-59,9521
negative,fg_BB_SA5_nitro_aromatic_count,hba,0.16517246202894123,3.2893280596193834e-59,9521
negative,fg_BB_SA47_n_alkylcarboxylic_acid_count,mw,0.16482670219423284,5.760490551319788e-59,9521
negative,fg_sulfonamide_count,heteroatom_count,0.1646051241854264,8.24383311425522e-59,9521
negative,fg_amine_secondary_count,hbd,0.16424571305146357,1.472878550783132e-58,9521
negative,fg_metal_atom_count,ring_count,-0.16143897832502566,1.3078472482862248e-56,9521
negative,fg_BB_SA47_n_alkylcarboxylic_acid_count,logp,0.1595283418672951,2.6473077288549546e-55,9521
negative,fg_BB_SA40_alkyl_halides_nongx_count,hba,-0.15900594557357753,5.985831033688259e-55,9521
negative,fg_BB_SA40_alkyl_halides_nongx_count,tpsa,-0.15824066217986868,1.9678641873520143e-54,9521
negative,fg_chloro_count,logp,0.15749378461457486,6.250670817130044e-54,9521
negative,fg_BB_SA7_aromatic_Nacylamine_count,fraction_csp3,-0.1553133005425253,1.7666167972120183e-52,9521
negative,fg_BB_SA13_aliphatic_halogen_count,hba,-0.15481560466631544,3.762095307240934e-52,9521
negative,bb_n_genotox_alerts,hbd,0.15477414432528594,4.006158818809194e-52,9521
negative,fg_BB_SA6b_aromatic_dialkylamine_count,ring_count,0.15470909835301633,4.421203255824529e-52,9521
negative,fg_BB_SA6b_aromatic_dialkylamine_count,heavy_atom_count,0.15461860346969164,5.070744871694631e-52,9521
negative,fg_ester_count,fraction_csp3,0.1545952175586008,5.2535163422845265e-52,9521
negative,fg_ether_count,hbd,-0.15458269320890483,5.35408143185881e-52,9521
negative,fg_sulfonamide_count,tpsa,0.15428200231587735,8.43691896074979e-52,9521
negative,fg_BB_SA13_aliphatic_halogen_count,tpsa,-0.15366068321344395,2.152830990767678e-51,9521
negative,fg_BB_SA2_primary_aromatic_amine_count,tpsa,0.1517498389483129,3.745396520082349e-50,9521
negative,fg_alcohol_count,hba,0.1515552412919259,4.999457247562773e-50,9521
negative,fg_BB_SA2c_aromatic_amine_general_count,heavy_atom_count,0.15037220357983463,2.8697127024206364e-49,9521
negative,fg_metal_atom_count,heavy_atom_count,-0.15005690056223217,4.56103333245651e-49,9521
negative,fg_amide_count,ring_count,0.14994826243547413,5.349264928505894e-49,9521
negative,fg_amine_tertiary_count,fraction_csp3,0.14992504404932105,5.534565615515509e-49,9521
negative,fg_BB_SA28_alkenylbenzene_count,ring_count,0.14987700043628022,5.938522106176325e-49,9521
negative,fg_alkene_count,hbd,-0.14987588372007715,5.948252514846826e-49,9521
negative,fg_BB_SA7_aromatic_Nacylamine_count,hba,0.14943194543480376,1.1392323481645323e-48,9521
negative,fg_BB_SA5_nitro_aromatic_count,aromatic_ring_count,0.14934345399629398,1.2964770908241107e-48,9521
negative,fg_sulfone_count,rot_bonds,0.14745160634534393,2.0183719876148067e-47,9521
negative,fg_BB_SA13_aliphatic_halogen_count,heteroatom_count,0.1470920271999599,3.387093709267677e-47,9521
negative,fg_ester_count,aromatic_ring_count,-0.14673589035473358,5.648603239708802e-47,9521
negative,fg_halogen_any_count,mw,0.14650339920400648,7.882058154823703e-47,9521
negative,fg_sulfonic_acid_or_sulfonate_count,rot_bonds,0.14595872203828575,1.7167551232079095e-46,9521
negative,fg_alcohol_count,aromatic_ring_count,-0.145097471223801,5.84266108221806e-46,9521
negative,fg_amide_count,aromatic_ring_count,0.14509311487584253,5.878856711206749e-46,9521
negative,fg_amide_count,rot_bonds,0.1438802770876035,3.256833217523539e-45,9521
negative,fg_ketone_count,heavy_atom_count,0.14288547090099774,1.3116844791656162e-44,9521
negative,bb_n_nongenotox_alerts,heavy_atom_count,0.14276594251591732,1.549652054326085e-44,9521
negative,fg_chloro_count,aromatic_ring_count,0.1425934650328791,1.9706204219238646e-44,9521
negative,fg_BB_SA6b_aromatic_dialkylamine_count,mw,0.1422677931682403,3.099682647397621e-44,9521
negative,fg_amine_primary_count,fraction_csp3,0.14160731600710127,7.741740228887814e-44,9521
negative,fg_BB_SA2c_aromatic_amine_general_count,mw,0.14118977567151186,1.3777167463897066e-43,9521
negative,bb_any_nongenotox_alert,heavy_atom_count,0.14021991008730658,5.219986676077514e-43,9521
negative,fg_fused_ring_like_count,hbd,0.13969829023245126,1.0644108609501615e-42,9521
negative,fg_BB_SA28_alkenylbenzene_count,fraction_csp3,-0.13636479644076682,9.476014350686016e-41,9521
negative,fg_organophosphate_like_count,heteroatom_count,0.13591646939643864,1.7184185703590836e-40,9521
negative,fg_urea_count,hbd,0.13539654142723156,3.418398012985534e-40,9521
negative,fg_halogen_any_count,hba,-0.13475262998951532,7.982066723963854e-40,9521
negative,fg_metal_atom_count,aromatic_ring_count,-0.13398382750236015,2.1851565031065345e-39,9521
negative,fg_halogen_any_count,aromatic_ring_count,0.13387721166302857,2.5114994546954764e-39,9521
negative,fg_phosphate_like_count,heteroatom_count,0.13359336808013733,3.6360531636458336e-39,9521
negative,fg_carboxylic_acid_count,logp,-0.13091399806479245,1.1490417058556787e-37,9521
negative,fg_BB_SA13_aliphatic_halogen_count,hbd,-0.1292467010602307,9.503239625417704e-37,9521
negative,fg_aldehyde_count,heteroatom_count,-0.12886863919127345,1.528454450012168e-36,9521
negative,fg_BB_SA20_ab_unsat_carbonyl_count,aromatic_ring_count,-0.12834140641334027,2.958239945673971e-36,9521
negative,fg_aniline_count,logp,0.1282424226924694,3.347652302941359e-36,9521
negative,bb_any_alert,rot_bonds,0.12592335006649497,5.901076121702706e-35,9521
negative,fg_BB_SA40_alkyl_halides_nongx_count,hbd,-0.12564601201725334,8.287254914413995e-35,9521
negative,fg_imine_count,tpsa,0.12548291726761238,1.011543353529339e-34,9521
negative,fg_metal_atom_count,fraction_csp3,-0.12543983012124996,1.0661954950883648e-34,9521
negative,fg_metal_atom_count,hbd,-0.12503283466085463,1.751065985852469e-34,9521
negative,fg_metal_atom_count,tpsa,-0.12494218445829738,1.955222077833435e-34,9521
negative,fg_BB_SA6b_aromatic_dialkylamine_count,hba,0.1248183922202179,2.272702457810052e-34,9521
negative,fg_imine_count,heteroatom_count,0.12467676778764313,2.6991142590373645e-34,9521
negative,fg_halogen_any_count,tpsa,-0.12463513554754073,2.838948820924392e-34,9521
negative,fg_ester_count,heteroatom_count,0.12448225998772684,3.4169975872701417e-34,9521
negative,fg_amine_secondary_count,fraction_csp3,0.12393123107023804,6.6515057295470385e-34,9521
negative,bb_n_alerts,rot_bonds,0.12269471924875504,2.932928222423917e-33,9521
negative,fg_sulfonamide_count,hba,0.12260490132790779,3.264765764018737e-33,9521
negative,fg_heavy_metal_atom_count,ring_count,-0.12132405732774657,1.4924966109011575e-32,9521
negative,fg_halogen_any_count,rot_bonds,-0.12028420891980997,5.065258523983912e-32,9521
negative,bb_n_genotox_alerts,logp,0.11914064056167277,1.9180898483468466e-31,9521
negative,fg_metal_atom_count,hba,-0.11820416727105451,5.652505904098558e-31,9521
negative,fg_sulfonamide_count,hbd,0.11788563053528073,8.14778610094454e-31,9521
negative,fg_BB_SA22_simple_aldehyde_count,heteroatom_count,-0.11678586397806504,2.8573489816718717e-30,9521
negative,fg_BB_SA6b_aromatic_dialkylamine_count,rot_bonds,0.1163947668068444,4.451445869105628e-30,9521
negative,fg_amine_primary_count,ring_count,-0.11625273018159835,5.227139477530754e-30,9521
negative,fg_sulfonamide_count,aromatic_ring_count,0.11623291246776285,5.345532082746682e-30,9521
negative,fg_BB_SA28_alkenylbenzene_count,heavy_atom_count,0.11472179165134692,2.9156182568547526e-29,9521
negative,fg_BB_SA7_aromatic_Nacylamine_count,logp,0.11469912951768918,2.990234485957128e-29,9521
negative,fg_imine_count,hba,0.11415631776408429,5.469119358081383e-29,9521
negative,fg_ketone_count,mw,0.11393892509917906,6.959516225427803e-29,9521
negative,bb_n_alerts,hbd,0.11354256056910968,1.078663703403086e-28,9521
negative,fg_ester_count,logp,0.11284620764816942,2.3206212120193215e-28,9521
negative,fg_BB_SA13_aliphatic_halogen_count,fraction_csp3,0.11272945835298218,2.6374536266726604e-28,9521
negative,fg_alkene_count,heteroatom_count,-0.11224605501716724,4.474034509042071e-28,9521
negative,fg_epoxide_count,ring_count,0.11181077639578473,7.186423907213411e-28,9521
negative,fg_BB_SA16_epoxide_count,ring_count,0.11181077639578473,7.186423907213411e-28,9521
negative,fg_BB_SA40_alkyl_halides_nongx_count,fraction_csp3,0.1117784155230241,7.443579719283072e-28,9521
negative,fg_BB_SA18b_phosphonate_ester_count,heteroatom_count,0.11138263936011086,1.1433055720893536e-27,9521
negative,fg_alkene_count,logp,0.11130336291380984,1.2457053091787883e-27,9521
negative,fg_BB_SA6_aromatic_monoalkylamine_count,hbd,0.11032479746435615,3.5731593520536875e-27,9521
negative,fg_halogen_any_count,hbd,-0.11006838922724543,4.702089328577763e-27,9521
negative,fg_hydrazine_like_count,tpsa,0.10874850050031443,1.912759745427957e-26,9521
negative,fg_phenol_count,logp,0.10840183333646487,2.757293080253797e-26,9521
negative,fg_hydrazine_like_count,heteroatom_count,0.10831731241226897,3.0138944736456396e-26,9521
negative,fg_amine_tertiary_count,rot_bonds,0.10830099547244362,3.0660911871975493e-26,9521
negative,fg_sulfonamide_count,mw,0.10804492531109158,4.012951328250026e-26,9521
negative,fg_metal_atom_count,rot_bonds,-0.1078227885747451,5.065576136231589e-26,9521
negative,fg_amine_primary_count,aromatic_ring_count,-0.10780161486909991,5.179177392254905e-26,9521
negative,fg_aniline_count,rot_bonds,0.10713616533826623,1.037539562539069e-25,9521
negative,bb_any_genotox_alert,logp,0.10591245637015001,3.6811518611017837e-25,9521
negative,fg_BB_SA28_alkenylbenzene_count,logp,0.1058714302706021,3.83983298077629e-25,9521
negative,fg_BB_SA7_aromatic_Nacylamine_count,rot_bonds,0.10550006678177819,5.622068508331307e-25,9521
negative,fg_BB_SA6_aromatic_monoalkylamine_count,aromatic_ring_count,0.10432963413484049,1.8533037349939144e-24,9521
negative,fg_BB_SA47_n_alkylcarboxylic_acid_count,ring_count,-0.1043222878310435,1.8671527987946944e-24,9521
negative,fg_amine_primary_count,mw,-0.10394854208223493,2.7250316462422447e-24,9521
negative,fg_imine_count,heavy_atom_count,0.10313684309305382,6.1649009999250345e-24,9521
negative,fg_aldehyde_count,mw,-0.10289750674109065,7.833168221847384e-24,9521
negative,fg_phosphate_like_count,rot_bonds,0.10225759431855037,1.4819805671993752e-23,9521
negative,fg_heavy_metal_atom_count,aromatic_ring_count,-0.10215891909419095,1.6345098279787062e-23,9521
negative,fg_organophosphate_like_count,tpsa,0.10199404150469894,1.924795941983831e-23,9521
negative,fg_urea_count,tpsa,0.10152440375477532,3.061847711271758e-23,9521
negative,fg_BB_SA34_halobenzene_count,heavy_atom_count,0.10137130123863675,3.560440137800439e-23,9521
negative,fg_BB_SA47_n_alkylcarboxylic_acid_count,tpsa,0.10105278218244222,4.8696352190350094e-23,9521
negative,fg_organophosphate_like_count,rot_bonds,0.09978036819764362,1.684552832326311e-22,9521
negative,fg_imine_count,ring_count,0.09958078350489512,2.0436563191994213e-22,9521
negative,fg_sulfide_count,hba,0.09925167754394068,2.8081898405472637e-22,9521
negative,fg_organophosphate_like_count,hba,0.09910016108283336,3.2494887543835776e-22,9521
negative,bb_any_genotox_alert,hbd,0.09909628700942326,3.2616287780046875e-22,9521
negative,fg_BB_SA40_alkyl_halides_nongx_count,heavy_atom_count,-0.09881065773384412,4.292030431996136e-22,9521
negative,fg_aldehyde_count,hbd,-0.09878389616709483,4.403683195316723e-22,9521
negative,fg_sulfonamide_count,heavy_atom_count,0.09822592135261925,7.51056665955629e-22,9521
negative,fg_phosphate_like_count,tpsa,0.09804121678735792,8.956419563637517e-22,9521
negative,fg_BB_SA6b_aromatic_dialkylamine_count,logp,0.09789980411410534,1.0246547767221604e-21,9521
negative,fg_phosphate_like_count,hba,0.09769060438489853,1.2499174094584853e-21,9521
negative,fg_chloro_count,rot_bonds,-0.0976269944445387,1.327659072677808e-21,9521
negative,fg_BB_SA6b_aromatic_dialkylamine_count,heteroatom_count,0.09756047161495437,1.4140787837172278e-21,9521
negative,fg_urea_count,heteroatom_count,0.09733385290918704,1.7523919934469964e-21,9521
negative,fg_BB_SA2_primary_aromatic_amine_count,ring_count,0.09729464107118639,1.8185631453444508e-21,9521
negative,fg_chloro_count,mw,0.09715876941567213,2.067549565346274e-21,9521
negative,fg_BB_SA18b_phosphonate_ester_count,rot_bonds,0.09681041265835502,2.8706408322571633e-21,9521
negative,fg_ammonium_quaternary_count,fraction_csp3,0.09637934530126344,4.301640436307508e-21,9521
negative,fg_amine_primary_count,heavy_atom_count,-0.09620960644767619,5.041807933366898e-21,9521
negative,fg_BB_SA28_alkenylbenzene_count,mw,0.09612504911202305,5.456201312893693e-21,9521
negative,fg_ester_count,ring_count,-0.09557469695289224,9.108106293363118e-21,9521
negative,fg_hydrazine_like_count,hba,0.09403590454427117,3.757423259487266e-20,9521
negative,fg_heavy_metal_atom_count,hbd,-0.09395226993804982,4.0556078428610684e-20,9521
negative,fg_imine_count,mw,0.09365043601130442,5.3395646613770037e-20,9521
negative,fg_fluoro_count,hba,-0.0935436176102501,5.884198133287089e-20,9521
negative,fg_BB_SA22_simple_aldehyde_count,aromatic_ring_count,-0.0930737941851086,9.008384741044512e-20,9521
negative,fg_fluoro_count,tpsa,-0.09303531135906475,9.327296068534833e-20,9521
negative,fg_BB_SA6_aromatic_monoalkylamine_count,hba,0.09300293600568804,9.604215932234734e-20,9521
negative,fg_aldehyde_count,tpsa,-0.0929450853940962,1.0119410981315773e-19,9521
negative,fg_BB_SA18b_phosphonate_ester_count,hba,0.09286641742310625,1.0864059640555788e-19,9521
negative,fg_ammonium_quaternary_count,rot_bonds,0.0924654165128077,1.5587492192276084e-19,9521
negative,fg_amine_tertiary_count,hba,0.09155285278639211,3.524184837317763e-19,9521
negative,fg_BB_SA47_n_alkylcarboxylic_acid_count,hba,0.09116580802412437,4.968964492075908e-19,9521
negative,fg_metal_atom_count,logp,-0.09097709321865428,5.872033496867969e-19,9521
negative,fg_alkene_count,heavy_atom_count,0.09096811660642812,5.918811334316303e-19,9521
negative,fg_BB_SA20_ab_unsat_carbonyl_count,hba,0.09096727221456172,5.923230419424516e-19,9521
negative,fg_sulfide_count,heteroatom_count,0.09041529127971966,9.633952766845935e-19,9521
negative,fg_thiol_count,ring_count,-0.090370652449995,1.0019181633744785e-18,9521
negative,fg_bromo_count,hba,-0.09000716611919055,1.3777665326543087e-18,9521
negative,fg_BB_SA22_simple_aldehyde_count,mw,-0.08967909673767162,1.83469723666206e-18,9521
negative,fg_amine_secondary_count,logp,-0.08962720761777383,1.919539748625027e-18,9521
negative,fg_BB_SA13_aliphatic_halogen_count,ring_count,-0.08961605928814372,1.9382674710891083e-18,9521
negative,fg_alcohol_count,rot_bonds,0.08837647374929987,5.6625923072835465e-18,9521
negative,fg_carboxylic_acid_count,rot_bonds,0.08830940959259272,5.998215698686551e-18,9521
negative,fg_BB_SA2_primary_aromatic_amine_count,heteroatom_count,0.08799024069813294,7.884527266545785e-18,9521
negative,fg_aldehyde_count,hba,-0.08616437037692923,3.6978435136230673e-17,9521
negative,fg_BB_SA40_alkyl_halides_nongx_count,ring_count,-0.08554172933546791,6.217895135628499e-17,9521
negative,fg_aldehyde_count,heavy_atom_count,-0.08505596858679104,9.302484415521025e-17,9521
negative,fg_sulfonamide_count,fraction_csp3,-0.08494844870710686,1.0166961754855636e-16,9521
negative,fg_amine_primary_count,tpsa,0.0848971795962196,1.0606602721136439e-16,9521
negative,fg_nitrile_count,hbd,-0.08468086371332176,1.267729411373618e-16,9521
negative,fg_BB_SA2_primary_aromatic_amine_count,hba,0.08442192320887032,1.568490081554265e-16,9521
negative,fg_sulfonamide_count,ring_count,0.08439303791173587,1.6061200495885032e-16,9521
negative,fg_amide_count,fraction_csp3,-0.08407372670798713,2.0862460478137298e-16,9521
negative,fg_BB_SA40_alkyl_halides_nongx_count,aromatic_ring_count,-0.08403015935196227,2.16187541895338e-16,9521
negative,fg_BB_SA20_ab_unsat_carbonyl_count,heavy_atom_count,0.08355846926163607,3.1751236216053996e-16,9521
negative,fg_BB_SA6_aromatic_monoalkylamine_count,ring_count,0.08320358335046349,4.233924196205886e-16,9521
negative,fg_ether_count,logp,0.08320301846456978,4.235860018580855e-16,9521
negative,fg_BB_SA22_simple_aldehyde_count,hba,-0.08304594004099976,4.809424725830726e-16,9521
negative,fg_BB_SA20_ab_unsat_carbonyl_count,hbd,-0.08300266886479746,4.98044277673639e-16,9521
negative,fg_BB_SA22_simple_aldehyde_count,tpsa,-0.08209433911521503,1.032791540432869e-15,9521
negative,fg_BB_SA18b_phosphonate_ester_count,fraction_csp3,0.08152824464561935,1.620615839315816e-15,9521
negative,fg_BB_SA13_aliphatic_halogen_count,aromatic_ring_count,-0.08123225221023032,2.0486026742208532e-15,9521
negative,fg_imine_count,aromatic_ring_count,0.08122866174897676,2.0544240370324433e-15,9521
negative,fg_bromo_count,tpsa,-0.0807375895057297,3.025072724140362e-15,9521
negative,fg_ketone_count,hba,0.08032720899749413,4.172536737848653e-15,9521
negative,bb_n_genotox_alerts,rot_bonds,0.08032040669119128,4.194781042855902e-15,9521
negative,fg_BB_SA22_simple_aldehyde_count,ring_count,-0.07999503390030051,5.406755171849869e-15,9521
negative,fg_heavy_metal_atom_count,tpsa,-0.07956536425273357,7.547854387043384e-15,9521
negative,fg_BB_SA5_nitro_aromatic_count,heavy_atom_count,0.07947316454986254,8.106135437799638e-15,9521
negative,fg_thiol_count,hbd,0.07930281777481246,9.2465203946411e-15,9521
negative,fg_imine_count,fraction_csp3,-0.07928277781353053,9.390643788319544e-15,9521
negative,fg_heavy_metal_atom_count,heavy_atom_count,-0.07842107027386976,1.8194833320163632e-14,9521
negative,fg_BB_SA5_nitro_aromatic_count,ring_count,0.07753735747899548,3.5590834962301275e-14,9521
negative,fg_fluoro_count,logp,0.07750842378792042,3.6376748097135905e-14,9521
negative,fg_bromo_count,mw,0.07713056783251095,4.834846819123893e-14,9521
negative,fg_imine_count,hbd,0.07703635642232806,5.1891678249130555e-14,9521
negative,fg_thiol_count,heavy_atom_count,-0.07653133960744463,7.570380037681383e-14,9521
negative,fg_BB_SA22_simple_aldehyde_count,heavy_atom_count,-0.07626212883332038,9.249553649926674e-14,9521
negative,fg_alkene_count,tpsa,-0.07595479976971489,1.1616523245177392e-13,9521
negative,fg_BB_SA18b_phosphonate_ester_count,tpsa,0.07545437319517617,1.6802339541704635e-13,9521
negative,fg_epoxide_count,hbd,-0.07498180581694042,2.375684049082604e-13,9521
negative,fg_BB_SA16_epoxide_count,hbd,-0.07498180581694042,2.375684049082604e-13,9521
negative,fg_organophosphate_like_count,mw,0.07475622977789582,2.8006851120049314e-13,9521
negative,fg_ketone_count,tpsa,0.07402598383076707,4.755609134739924e-13,9521
negative,fg_fluoro_count,hbd,-0.07349265250546311,6.978319900092783e-13,9521
negative,fg_BB_SA5_nitro_aromatic_count,mw,0.07326347259341832,8.221605360110295e-13,9521
negative,fg_phosphate_like_count,mw,0.0727341362971423,1.1983719510216286e-12,9521
negative,fg_ketone_count,logp,0.07250180574694254,1.4126916918375242e-12,9521
negative,fg_epoxide_count,fraction_csp3,0.07243623159010838,1.4797049525771934e-12,9521
negative,fg_BB_SA16_epoxide_count,fraction_csp3,0.07243623159010838,1.4797049525771934e-12,9521
negative,bb_n_nongenotox_alerts,aromatic_ring_count,0.07238780343446158,1.5311882085795363e-12,9521
negative,fg_BB_SA22_simple_aldehyde_count,hbd,-0.0720367316028528,1.9607259857047797e-12,9521
negative,fg_thiol_count,tpsa,-0.07198683490226974,2.0306655497074658e-12,9521
negative,fg_chloro_count,hba,-0.07186005548434163,2.219563474744579e-12,9521
negative,bb_any_nongenotox_alert,rot_bonds,0.0715206653259482,2.8141820765895176e-12,9521
negative,fg_ammonium_quaternary_count,ring_count,-0.07135569592240988,3.1570950340152697e-12,9521
negative,fg_BB_SA20_ab_unsat_carbonyl_count,tpsa,0.07125909880025252,3.3765647355064663e-12,9521
negative,fg_BB_SA23_monohaloalkene_count,heteroatom_count,0.07099405463845625,4.058469963729742e-12,9521
negative,fg_thiol_count,aromatic_ring_count,-0.07083865067542407,4.519269173489148e-12,9521
negative,fg_BB_SA6_aromatic_monoalkylamine_count,tpsa,0.07052580665116344,5.607769753744699e-12,9521
negative,fg_bromo_count,logp,0.06998003474481282,8.153196273583414e-12,9521
negative,fg_hydrazine_like_count,hbd,0.06995839674571933,8.274593954318119e-12,9521
negative,bb_n_nongenotox_alerts,rot_bonds,0.06989955315024034,8.613756207165092e-12,9521
negative,fg_ether_count,ring_count,0.06967896424063531,1.0010728507028151e-11,9521
negative,fg_amine_tertiary_count,heavy_atom_count,0.06819733869596067,2.7145450378793088e-11,9521
negative,fg_fluoro_count,mw,0.06810881724648796,2.8793552267770572e-11,9521
negative,fg_carboxylic_acid_count,hba,0.06800354345748283,3.088132209357026e-11,9521
negative,fg_bromo_count,hbd,-0.06783915394980941,3.4441075753736196e-11,9521
negative,fg_BB_SA6_aromatic_monoalkylamine_count,heteroatom_count,0.0674792678230267,4.3693476457739795e-11,9521
negative,fg_chloro_count,hbd,-0.06735458657984213,4.743449327484678e-11,9521
negative,fg_heavy_metal_atom_count,hba,-0.06717257479202766,5.346413170019665e-11,9521
negative,bb_any_nongenotox_alert,aromatic_ring_count,0.06695062306407149,6.183728700197039e-11,9521
negative,fg_chloro_count,ring_count,0.06677285348032698,6.945670743389511e-11,9521
negative,fg_BB_SA13_aliphatic_halogen_count,logp,0.06577248073721176,1.328232160608034e-10,9521
negative,fg_chloro_count,tpsa,-0.06566334523108029,1.424762306011709e-10,9521
negative,fg_bromo_count,rot_bonds,-0.06527143858427932,1.831269941696549e-10,9521
negative,fg_BB_SA18b_phosphonate_ester_count,mw,0.06511025924558823,2.029561371955032e-10,9521
negative,fg_BB_SA6_aromatic_monoalkylamine_count,heavy_atom_count,0.06450485909727859,2.9796087151795834e-10,9521
negative,fg_phosphate_like_count,fraction_csp3,0.06436508353297488,3.2542209203073275e-10,9521
negative,fg_sulfide_count,rot_bonds,0.06345403341999117,5.755004519301197e-10,9521
negative,fg_sulfide_count,mw,0.06337406599550476,6.048065863939538e-10,9521
negative,fg_alkene_count,rot_bonds,0.06313551496242174,7.011471446521055e-10,9521
negative,fg_thiol_count,fraction_csp3,0.061454263611820895,1.9571676475333018e-09,9521
negative,fg_nitrile_count,tpsa,0.060555205661240626,3.3519381886096338e-09,9521
negative,fg_organophosphate_like_count,fraction_csp3,0.060391185565794356,3.6946194708993365e-09,9521
negative,bb_any_alert,hbd,0.06035625723623349,3.7718794100660116e-09,9521
negative,fg_nitrile_count,fraction_csp3,-0.060329775336677494,3.8315019839589265e-09,9521
negative,fg_BB_SA6_aromatic_monoalkylamine_count,rot_bonds,0.06013922354056995,4.288401848254806e-09,9521
negative,fg_sulfonic_acid_or_sulfonate_count,logp,0.059734291645031024,5.442207732628829e-09,9521
negative,fg_BB_SA20_ab_unsat_carbonyl_count,mw,0.05968414215875649,5.604594949050277e-09,9521
negative,fg_BB_SA34_halobenzene_count,rot_bonds,-0.058884238500577425,8.929596758186328e-09,9521
negative,fg_metal_atom_count,mw,-0.05876948689706838,9.541962639502548e-09,9521
negative,fg_sulfonamide_count,rot_bonds,0.05867980205630755,1.0048790832897961e-08,9521
negative,fg_BB_SA23_monohaloalkene_count,hbd,-0.0580644634927924,1.430350490763759e-08,9521
negative,fg_BB_SA6_aromatic_monoalkylamine_count,mw,0.05802411790348335,1.4636656840516692e-08,9521
negative,bb_n_nongenotox_alerts,hbd,-0.0579710233776989,1.5086586101098602e-08,9521
negative,bb_any_genotox_alert,rot_bonds,0.057838709420986636,1.6267065482722955e-08,9521
negative,bb_any_nongenotox_alert,hbd,-0.05743618039888484,2.0436565918414852e-08,9521
negative,fg_alkene_count,mw,0.05724221227776877,2.2799528756226708e-08,9521
negative,fg_BB_SA6b_aromatic_dialkylamine_count,tpsa,0.0571359187183135,2.42047518728748e-08,9521
negative,fg_amine_tertiary_count,logp,-0.057000304773136265,2.612003396621245e-08,9521
negative,fg_ammonium_quaternary_count,aromatic_ring_count,-0.05681977275694772,2.889917298245096e-08,9521
negative,fg_BB_SA21_ab_unsat_alkoxy_count,hba,0.056583902644110645,3.296536105059485e-08,9521
negative,fg_hydrazine_like_count,ring_count,0.05655563899793351,3.3488330070796954e-08,9521
negative,fg_BB_SA23_monohaloalkene_count,tpsa,-0.0554156512762859,6.279156593483766e-08,9521
negative,bb_n_nongenotox_alerts,ring_count,0.05539955403314891,6.334591225638844e-08,9521
negative,fg_amine_tertiary_count,mw,0.05505575561409063,7.638283806312545e-08,9521
negative,fg_amine_secondary_count,rot_bonds,0.05483442505247052,8.611266018823306e-08,9521
negative,fg_BB_SA23_monohaloalkene_count,aromatic_ring_count,-0.054637878005263305,9.575052994815222e-08,9521
negative,fg_aldehyde_count,ring_count,-0.054355569543662115,1.1144117062750687e-07,9521
negative,fg_heavy_metal_atom_count,fraction_csp3,-0.054111083322335066,1.2701642748187576e-07,9521
negative,fg_BB_SA2_primary_aromatic_amine_count,rot_bonds,-0.05359300762055938,1.6728310722008822e-07,9521
negative,fg_BB_SA23_monohaloalkene_count,hba,-0.05357692451380003,1.6871252385785911e-07,9521
negative,fg_BB_SA23_monohaloalkene_count,rot_bonds,-0.05295778344944452,2.3367128661134802e-07,9521
negative,fg_ketone_count,rot_bonds,-0.05288098037767128,2.432455367336091e-07,9521
negative,fg_aldehyde_count,aromatic_ring_count,-0.052838356708658246,2.4872135385576274e-07,9521
negative,fg_thiol_count,mw,-0.05212206374128322,3.606531234009071e-07,9521
negative,fg_BB_SA22_simple_aldehyde_count,fraction_csp3,0.05196566421232172,3.90885951809409e-07,9521
negative,fg_organophosphate_like_count,heavy_atom_count,0.051327658307018464,5.415550312368742e-07,9521
negative,fg_BB_SA13_aliphatic_halogen_count,rot_bonds,-0.05087188362325307,6.82004872712303e-07,9521
negative,fg_halogen_any_count,ring_count,0.05083265019740153,6.956149200112046e-07,9521
negative,fg_BB_SA6b_aromatic_dialkylamine_count,fraction_csp3,-0.050651053377721994,7.620934646495047e-07,9521
negative,fg_carboxylic_acid_count,ring_count,-0.05056296380630456,7.965054842265393e-07,9521
negative,fg_BB_SA20_ab_unsat_carbonyl_count,rot_bonds,0.04969192034102113,1.2279114677038945e-06,9521
negative,bb_any_nongenotox_alert,ring_count,0.049618841521376196,1.2729145083737353e-06,9521
negative,fg_phosphate_like_count,heavy_atom_count,0.049446463420713516,1.3854386243933967e-06,9521
negative,fg_sulfide_count,hbd,0.049385593127534204,1.427412090616561e-06,9521
negative,fg_ammonium_quaternary_count,hba,-0.04894910119260655,1.7662906969098924e-06,9521
negative,fg_hydrazine_like_count,logp,-0.04893779580955924,1.7760211832414227e-06,9521
negative,fg_BB_SA13_aliphatic_halogen_count,mw,0.04887995728271462,1.8266137301829496e-06,9521
negative,fg_hydrazine_like_count,aromatic_ring_count,0.04876786135272904,1.928636222914475e-06,9521
negative,fg_aromatic_ring_count,rot_bonds,0.0487494258831468,1.9459307029597274e-06,9521
negative,fg_BB_SA40_alkyl_halides_nongx_count,rot_bonds,-0.04841801167631758,2.283453843559257e-06,9521
negative,fg_carboxylic_acid_count,fraction_csp3,-0.04793548808380209,2.877010782028646e-06,9521
negative,fg_hydrazine_like_count,heavy_atom_count,0.04759030600238763,3.3896511917228105e-06,9521
negative,fg_alcohol_count,heavy_atom_count,0.04604274834337899,6.975230294849048e-06,9521
negative,fg_urea_count,fraction_csp3,-0.04550129183086561,8.931992868386085e-06,9521
negative,fg_urea_count,logp,-0.045464807057452115,9.081183205764881e-06,9521
negative,fg_sulfone_count,logp,0.04525705011038527,9.977152250938685e-06,9521
negative,fg_bromo_count,fraction_csp3,-0.04520694540865441,1.0205540174735132e-05,9521
negative,fg_BB_SA6_aromatic_monoalkylamine_count,fraction_csp3,-0.04510298573912867,1.0695436777446417e-05,9521
negative,fg_fluoro_count,rot_bonds,-0.044709179283077334,1.2762680391220148e-05,9521
negative,fg_BB_SA23_monohaloalkene_count,logp,0.04452512817721213,1.385468918364533e-05,9521
negative,fg_ketone_count,fraction_csp3,-0.044438047823635626,1.4401878501386828e-05,9521
negative,fg_BB_SA18b_phosphonate_ester_count,heavy_atom_count,0.044234706779931236,1.576097973881122e-05,9521
negative,fg_ammonium_quaternary_count,heavy_atom_count,0.044161608100185476,1.6278783230464418e-05,9521
negative,fg_sulfide_count,heavy_atom_count,0.044039220065295294,1.718221266221957e-05,9521
negative,fg_BB_SA13_aliphatic_halogen_count,heavy_atom_count,-0.043917813291390655,1.812546624344591e-05,9521
negative,fg_ketone_count,aromatic_ring_count,0.04389540239593516,1.8304893097149664e-05,9521
negative,fg_alkene_count,hba,-0.04350803594084183,2.16867920711187e-05,9521
negative,fg_metal_atom_count,heteroatom_count,-0.043455432677223196,2.218951042056682e-05,9521
negative,fg_hydrazine_like_count,fraction_csp3,-0.04334061341480327,2.3325607857919416e-05,9521
negative,fg_BB_SA21_ab_unsat_alkoxy_count,aromatic_ring_count,-0.04313833941341569,2.54628872878956e-05,9521
negative,fg_BB_SA47_n_alkylcarboxylic_acid_count,heteroatom_count,0.042088853266905944,3.988812732259449e-05,9521
negative,fg_phosphate_like_count,ring_count,-0.041991371432051235,4.156504111260438e-05,9521
negative,fg_alcohol_count,heteroatom_count,0.04099767733080444,6.293408066332868e-05,9521
negative,fg_heavy_metal_atom_count,rot_bonds,-0.0408457464095638,6.700174402293594e-05,9521
negative,fg_epoxide_count,heteroatom_count,-0.040379577708381374,8.10912246440162e-05,9521
negative,fg_BB_SA16_epoxide_count,heteroatom_count,-0.040379577708381374,8.10912246440162e-05,9521
negative,fg_hydrazine_like_count,mw,0.0399546997699896,9.633205486876944e-05,9521
negative,fg_thiol_count,logp,-0.039664437332672636,0.00010825781893423915,9521
negative,fg_BB_SA18b_phosphonate_ester_count,ring_count,-0.039575162562753716,0.00011219728817636955,9521
negative,bb_n_nongenotox_alerts,fraction_csp3,-0.03921939220726756,0.00012927990549768635,9521
negative,fg_amine_secondary_count,aromatic_ring_count,-0.03885431585449312,0.00014933799430139093,9521
negative,fg_ammonium_quaternary_count,mw,0.03873036573199364,0.00015678985614784297,9521
negative,fg_BB_SA23_monohaloalkene_count,fraction_csp3,-0.038582957201331335,0.00016610744489913343,9521
negative,fg_fluoro_count,heavy_atom_count,0.03687539844555442,0.0003195770036584961,9521
negative,fg_BB_SA2_primary_aromatic_amine_count,heavy_atom_count,0.03662309635923807,0.00035123213295760824,9521
negative,fg_organophosphate_like_count,hbd,0.03648119574329176,0.00037030060297475525,9521
negative,fg_ammonium_quaternary_count,tpsa,-0.03634079215886901,0.0003901168106801842,9521
negative,fg_organophosphate_like_count,ring_count,-0.035718813781499235,0.0004904113689171648,9521
negative,fg_BB_SA21_ab_unsat_alkoxy_count,heteroatom_count,0.0355964935042707,0.0005127715647726529,9521
negative,fg_bromo_count,heavy_atom_count,-0.03516585750301506,0.0005992780411242895,9521
negative,bb_any_nongenotox_alert,fraction_csp3,-0.035114393528877665,0.0006104794141158703,9521
negative,fg_sulfide_count,fraction_csp3,0.03502977941105196,0.000629320404377128,9521
negative,fg_imine_count,rot_bonds,0.03494151667112772,0.0006495491695264583,9521
negative,fg_bromo_count,aromatic_ring_count,0.034414323484706376,0.0007835182345192113,9521
negative,fg_ether_count,aromatic_ring_count,-0.033862323082778006,0.0009509483046487772,9521
negative,fg_BB_SA2_primary_aromatic_amine_count,mw,0.033450887706118086,0.0010966683436638117,9521
negative,fg_BB_SA40_alkyl_halides_nongx_count,heteroatom_count,0.03330269655827846,0.0011540267273915444,9521
negative,fg_epoxide_count,aromatic_ring_count,-0.03310122814267582,0.0012364582643645612,9521
negative,fg_BB_SA16_epoxide_count,aromatic_ring_count,-0.03310122814267582,0.0012364582643645612,9521
negative,fg_heavy_metal_atom_count,logp,-0.03295414715655484,0.0013000338817863773,9521
negative,fg_epoxide_count,tpsa,-0.03278584859203834,0.001376474272997655,9521
negative,fg_BB_SA16_epoxide_count,tpsa,-0.03278584859203834,0.001376474272997655,9521
negative,fg_fluoro_count,aromatic_ring_count,0.03268602307826935,0.0014237513133078005,9521
negative,fg_nitrile_count,hba,0.032257695958849426,0.0016440838633767125,9521
negative,fg_amine_primary_count,rot_bonds,0.0322127576237367,0.0016689331314366218,9521
negative,fg_sulfide_count,tpsa,0.03198284207345268,0.00180156015284893,9521
negative,fg_BB_SA21_ab_unsat_alkoxy_count,heavy_atom_count,0.031830959598352186,0.0018944144477072331,9521
negative,fg_BB_SA21_ab_unsat_alkoxy_count,ring_count,0.03161538935656756,0.0020337626358877736,9521
negative,fg_amine_tertiary_count,ring_count,0.03157073766313127,0.0020637768196739626,9521
negative,fg_amine_tertiary_count,heteroatom_count,0.03138037828245777,0.002196346198616215,9521
negative,fg_BB_SA34_halobenzene_count,hba,-0.03132134924696722,0.0022390132667263014,9521
negative,fg_amine_tertiary_count,aromatic_ring_count,-0.031224390651312193,0.0023107473514239365,9521
negative,fg_ammonium_quaternary_count,hbd,-0.031128659379658488,0.002383632458482398,9521
negative,fg_BB_SA28_alkenylbenzene_count,rot_bonds,0.030856997117748985,0.002602070773222658,9521
negative,fg_nitrile_count,mw,-0.030671744607864933,0.0027613622276681207,9521
negative,fg_BB_SA40_alkyl_halides_nongx_count,logp,0.03060111966264019,0.0028243992106690677,9521
negative,fg_fluoro_count,fraction_csp3,-0.03019267404687247,0.0032154470782110424,9521
negative,fg_BB_SA5_nitro_aromatic_count,logp,0.02991150191109838,0.003512655646591228,9521
negative,fg_alkene_count,fraction_csp3,0.029775366504005942,0.0036653527199533,9521
negative,fg_BB_SA21_ab_unsat_alkoxy_count,tpsa,0.02953638125863698,0.003948076532858559,9521
negative,fg_phosphate_like_count,hbd,0.02932628200532875,0.004212829568920935,9521
negative,fg_BB_SA22_simple_aldehyde_count,logp,-0.029103977829670544,0.004510403878635803,9521
negative,fg_BB_SA28_alkenylbenzene_count,hbd,-0.028311303663035067,0.00573282750276179,9521
negative,fg_BB_SA21_ab_unsat_alkoxy_count,mw,0.027641044184772822,0.006991413235022779,9521
negative,fg_amine_primary_count,heteroatom_count,-0.027399308423112473,0.007502955767130095,9521
negative,fg_urea_count,heavy_atom_count,0.027303263289676798,0.007715343513541361,9521
negative,fg_amine_secondary_count,hba,0.02704968929190038,0.00830219642169608,9521
negative,fg_urea_count,ring_count,0.026819629685259874,0.008868844032251074,9521
negative,fg_aldehyde_count,logp,-0.026610098601334342,0.009414724703563193,9521
negative,fg_alcohol_count,mw,0.026595375826330963,0.009454184865401121,9521
negative,fg_carboxylic_acid_count,aromatic_ring_count,-0.02613160829261442,0.010775126219834855,9521
negative,fg_BB_SA23_monohaloalkene_count,mw,0.026102880691773966,0.010862102457781566,9521
negative,fg_epoxide_count,rot_bonds,-0.02599987119354759,0.011179127770071734,9521
negative,fg_BB_SA16_epoxide_count,rot_bonds,-0.02599987119354759,0.011179127770071734,9521
negative,fg_BB_SA5_nitro_aromatic_count,rot_bonds,0.025861571876812078,0.011617673277146114,9521
negative,fg_BB_SA2_primary_aromatic_amine_count,logp,-0.02583991119799273,0.011687724191415914,9521
negative,fg_BB_SA2c_aromatic_amine_general_count,rot_bonds,0.025742559048107475,0.012007209209847046,9521
negative,fg_carboxylic_acid_count,heavy_atom_count,0.025592069485322836,0.0125163174603277,9521
negative,fg_BB_SA18b_phosphonate_ester_count,aromatic_ring_count,-0.025152041622765083,0.014116236115998911,9521
negative,fg_hydrazine_like_count,rot_bonds,0.024946042388676624,0.01492538404887233,9521
negative,fg_BB_SA47_n_alkylcarboxylic_acid_count,hbd,-0.024717234007829585,0.015871765868773997,9521
negative,fg_amine_secondary_count,mw,-0.024583078555821782,0.01645085197011326,9521
negative,fg_heavy_metal_atom_count,heteroatom_count,-0.024053650043446444,0.018921140444465075,9521
negative,fg_nitrile_count,ring_count,-0.023207044310887076,0.023546502637683518,9521
negative,fg_nitrile_count,rot_bonds,-0.02287267725187094,0.025627232857551,9521
negative,fg_urea_count,aromatic_ring_count,0.022710143404410618,0.026694861448726345,9521
negative,fg_carboxylic_acid_count,mw,0.02270587665345075,0.02672339802120339,9521
negative,fg_urea_count,mw,0.021834396276304614,0.033132103919200226,9521
negative,fg_phosphate_like_count,aromatic_ring_count,-0.0213338141711662,0.03737686955451443,9521
negative,fg_BB_SA20_ab_unsat_carbonyl_count,heteroatom_count,0.020570871274962512,0.04473218495981701,9521
negative,fg_amine_tertiary_count,hbd,0.020064149110664363,0.05026386004375164,9521
negative,bb_n_nongenotox_alerts,hba,-0.02004083575289906,0.05053158032480611,9521
negative,fg_ketone_count,hbd,-0.019627902903016095,0.05547495160860146,9521
negative,fg_ammonium_quaternary_count,logp,0.019556868608561213,0.05636468069504826,9521
negative,fg_BB_SA22_simple_aldehyde_count,rot_bonds,0.019544973278135744,0.05651482867392828,9521
negative,bb_any_nongenotox_alert,hba,-0.019426109109658102,0.05803354473271112,9521
negative,fg_nitrile_count,heavy_atom_count,-0.019404119856068994,0.05831818335982371,9521
negative,fg_sulfonamide_count,logp,-0.01896595281289677,0.06423606079676923,9521
negative,fg_phenol_count,rot_bonds,-0.018322212658411444,0.07382177003682729,9521
negative,fg_heteroaromatic_ring_count,rot_bonds,0.01813746463089139,0.07677923029450047,9521
negative,fg_BB_SA2c_aromatic_amine_general_count,logp,0.018108038957072855,0.07725907507779649,9521
negative,fg_BB_SA6_aromatic_monoalkylamine_count,logp,0.017550843087044753,0.08681537630125706,9521
negative,fg_bromo_count,heteroatom_count,0.01713275320411721,0.09459492533558253,9521
negative,fg_ammonium_quaternary_count,heteroatom_count,-0.017079750712836333,0.09561986747453742,9521
negative,fg_amide_count,logp,-0.016969428527235084,0.09778174174753879,9521
negative,fg_urea_count,hba,0.016695763329828122,0.10331324016925494,9521
negative,fg_organophosphate_like_count,aromatic_ring_count,-0.016350591189056598,0.11064156780723686,9521
negative,fg_sulfide_count,ring_count,0.016121877924698647,0.11571933286547736,9521
negative,fg_alkene_count,ring_count,0.015738725346022706,0.12463425105473783,9521
negative,fg_nitrile_count,aromatic_ring_count,0.015226010290499798,0.13739069579303878,9521
negative,fg_heavy_metal_atom_count,mw,-0.01485546768948619,0.14722004744640269,9521
negative,fg_amine_secondary_count,heteroatom_count,-0.014150649245820265,0.16738780541775386,9521
negative,fg_BB_SA28_alkenylbenzene_count,hba,0.013957980963510004,0.17324647679008245,9521
negative,fg_amine_secondary_count,heavy_atom_count,-0.013612254198746006,0.18414138548924186,9521
negative,fg_epoxide_count,heavy_atom_count,0.013567914370493551,0.18557457612747807,9521
negative,fg_BB_SA16_epoxide_count,heavy_atom_count,0.013567914370493551,0.18557457612747807,9521
negative,fg_thiol_count,rot_bonds,-0.0132032277334943,0.1976763463659204,9521
negative,fg_alcohol_count,ring_count,-0.012638870767024586,0.21752619444510485,9521
negative,fg_BB_SA5_nitro_aromatic_count,hbd,0.011971182259134721,0.2428132541143491,9521
negative,fg_BB_SA23_monohaloalkene_count,ring_count,-0.011870817017575315,0.2467861187517263,9521
negative,fg_amine_tertiary_count,tpsa,-0.011490887197258996,0.2622367254049294,9521
negative,fg_amine_secondary_count,ring_count,-0.011066778924341,0.28025841984980915,9521
negative,fg_amine_secondary_count,tpsa,0.010675145350201073,0.29763114553139214,9521
negative,fg_BB_SA20_ab_unsat_carbonyl_count,logp,-0.010258031959749631,0.31690965411087657,9521
negative,fg_BB_SA21_ab_unsat_alkoxy_count,rot_bonds,-0.010219564328414686,0.318727937506077,9521
negative,fg_BB_SA23_monohaloalkene_count,heavy_atom_count,-0.01013894078785415,0.3225609550840145,9521
negative,fg_aldehyde_count,fraction_csp3,-0.009745393697172845,0.3417005937568338,9521
negative,fg_BB_SA18b_phosphonate_ester_count,logp,0.009629943334938187,0.34745047491690395,9521
negative,fg_urea_count,rot_bonds,-0.009377535121728682,0.3602343113416351,9521
negative,fg_imine_count,logp,0.009115586202943057,0.3738093166566294,9521
negative,fg_chloro_count,heavy_atom_count,-0.00897936216361531,0.38099231880822904,9521
negative,fg_BB_SA34_halobenzene_count,tpsa,-0.008924685950636316,0.3838990311565659,9521
negative,fg_BB_SA18b_phosphonate_ester_count,hbd,0.007990090502800392,0.43565694627379803,9521
negative,fg_aldehyde_count,rot_bonds,-0.007510953153031546,0.4636804467348904,9521
negative,fg_nitrile_count,logp,-0.007510123499914417,0.4637298260396153,9521
negative,fg_thiol_count,heteroatom_count,-0.007214760090999945,0.4814942053414363,9521
negative,fg_ketone_count,heteroatom_count,0.007063204964153981,0.490751121020935,9521
negative,fg_BB_SA20_ab_unsat_carbonyl_count,ring_count,0.006955660020891398,0.49737747675335053,9521
negative,fg_epoxide_count,logp,-0.006919732939161964,0.49960168466960864,9521
negative,fg_BB_SA16_epoxide_count,logp,-0.006919732939161964,0.49960168466960864,9521
negative,fg_BB_SA28_alkenylbenzene_count,heteroatom_count,-0.006425111612398154,0.5307520902163805,9521
negative,fg_thiol_count,hba,-0.005961284987441995,0.5608328926392895,9521
negative,fg_BB_SA21_ab_unsat_alkoxy_count,hbd,-0.005031370116081354,0.6235129751121602,9521
negative,fg_amine_primary_count,hba,0.004375950588338085,0.6694288297997667,9521
negative,fg_fluoro_count,ring_count,0.003907137615904704,0.7030602343398498,9521
negative,fg_phosphate_like_count,logp,0.003210436957084149,0.754113504075282,9521
negative,fg_sulfide_count,logp,-0.0031962316152150845,0.7551666046780146,9521
negative,fg_BB_SA40_alkyl_halides_nongx_count,mw,0.0031570982733782945,0.7580700692792575,9521
negative,fg_BB_SA21_ab_unsat_alkoxy_count,logp,0.0030341594769851023,0.7672134509708339,9521
negative,fg_epoxide_count,mw,0.002102363377588692,0.8374840858344941,9521
negative,fg_BB_SA16_epoxide_count,mw,0.002102363377588692,0.8374840858344941,9521
negative,fg_BB_SA6b_aromatic_dialkylamine_count,hbd,0.001928944494372469,0.8507250447887122,9521
negative,fg_bromo_count,ring_count,0.0017885098570969316,0.8614786840747541,9521
negative,fg_nitrile_count,heteroatom_count,-0.0017818952935531418,0.8619858375172222,9521
negative,fg_BB_SA34_halobenzene_count,hbd,-0.0017508825234640443,0.8643644115743866,9521
negative,fg_halogen_any_count,heavy_atom_count,0.0016083036470932637,0.875315219768833,9521
negative,fg_epoxide_count,hba,-0.001524891288578296,0.8817329530006746,9521
negative,fg_BB_SA16_epoxide_count,hba,-0.001524891288578296,0.8817329530006746,9521
negative,fg_sulfide_count,aromatic_ring_count,-0.001454916047359405,0.8871228497867008,9521
negative,bb_n_nongenotox_alerts,tpsa,-0.0009901997030087178,0.9230387517429797,9521
negative,fg_BB_SA21_ab_unsat_alkoxy_count,fraction_csp3,0.0008302457288414263,0.9354410679675855,9521
negative,fg_BB_SA20_ab_unsat_carbonyl_count,fraction_csp3,0.00039679261358662674,0.9691198464558337,9521
negative,fg_BB_SA28_alkenylbenzene_count,tpsa,-0.0003690755941141949,0.9712759403611495,9521
negative,bb_any_nongenotox_alert,tpsa,-0.00034211160640226,0.9733736578580234,9521
negative,fg_organophosphate_like_count,logp,-8.249662336696439e-05,0.9935782143738936,9521
positive,fg_aromatic_ring_count,mw,0.5433264738032301,0.0,4184
positive,fg_aromatic_ring_count,logp,0.7397122045378791,0.0,4184
positive,fg_aromatic_ring_count,ring_count,0.8422649231552938,0.0,4184
positive,fg_aromatic_ring_count,aromatic_ring_count,0.9530543557541975,0.0,4184
positive,fg_aromatic_ring_count,fraction_csp3,-0.6273702842099911,0.0,4184
positive,fg_aromatic_ring_count,heavy_atom_count,0.6818753393982009,0.0,4184
positive,fg_heteroaromatic_ring_count,logp,0.7161330827702507,0.0,4184
positive,fg_heteroaromatic_ring_count,ring_count,0.8538952321965438,0.0,4184
positive,fg_heteroaromatic_ring_count,aromatic_ring_count,0.971081417923362,0.0,4184
positive,fg_heteroaromatic_ring_count,fraction_csp3,-0.6371303227506384,0.0,4184
positive,fg_heteroaromatic_ring_count,heavy_atom_count,0.6491764648793835,0.0,4184
positive,fg_fused_ring_like_count,logp,0.5385440996214661,0.0,4184
positive,fg_fused_ring_like_count,ring_count,0.8767878665625378,0.0,4184
positive,fg_fused_ring_like_count,aromatic_ring_count,0.7429590908133972,0.0,4184
positive,fg_fused_ring_like_count,heavy_atom_count,0.5994757745838619,0.0,4184
positive,fg_heteroaromatic_ring_count,mw,0.5104299371461064,1.928289481287407e-276,4184
positive,fg_fused_ring_like_count,mw,0.48211567807533817,1.5237422132720723e-242,4184
positive,fg_alcohol_count,hbd,0.4449152243729875,1.34352148619208e-202,4184
positive,fg_aniline_count,tpsa,0.4421313108199147,8.369105560952815e-200,4184
positive,fg_fused_ring_like_count,rot_bonds,-0.4322574373291761,4.2248361606776946e-190,4184
positive,fg_BB_SA5_nitro_aromatic_count,tpsa,0.4299363436934858,7.249759348236851e-188,4184
positive,fg_BB_SA2c_aromatic_amine_general_count,hbd,0.42333880035985677,1.3090003641681642e-181,4184
positive,fg_BB_SA5_nitro_aromatic_count,heteroatom_count,0.3995896173841796,3.248817276961431e-160,4184
positive,fg_aniline_count,fraction_csp3,-0.39011925834467004,3.7019710234790575e-152,4184
positive,fg_phenol_count,hbd,0.38472033556049157,1.1073789644380281e-147,4184
positive,fg_aniline_count,hba,0.3638666105895239,3.605023000613018e-131,4184
positive,fg_aniline_count,heteroatom_count,0.3588813733772296,2.120153484472498e-127,4184
positive,fg_BB_SA31_PAH_3fused_count,aromatic_ring_count,0.34764442519103295,3.7858358005482273e-119,4184
positive,fg_fused_ring_like_count,fraction_csp3,-0.3428516521843572,9.912406899648276e-116,4184
positive,fg_BB_SA5_nitro_aromatic_count,hba,0.3382442486457885,1.681221857388681e-112,4184
positive,fg_BB_SA5_nitro_aromatic_count,fraction_csp3,-0.3216937746354317,2.3924037130413695e-101,4184
positive,fg_BB_SA31_PAH_3fused_count,logp,0.31831299444489186,3.736556287433451e-99,4184
positive,fg_ether_count,fraction_csp3,0.318242622484832,4.147934006440121e-99,4184
positive,fg_BB_SA31_PAH_3fused_count,ring_count,0.3137046072878841,3.2898003528474014e-96,4184
positive,fg_BB_SA13_aliphatic_halogen_count,fraction_csp3,0.31004504284680345,6.584087001375849e-94,4184
positive,fg_BB_SA40_alkyl_halides_nongx_count,fraction_csp3,0.3067451005169282,7.340660744369247e-92,4184
positive,fg_BB_SA2_primary_aromatic_amine_count,hbd,0.2979684085992453,1.5241928953734658e-86,4184
positive,fg_heteroaromatic_ring_count,rot_bonds,-0.29761773929981666,2.46414836271441e-86,4184
positive,fg_BB_SA10_N_nitroso_count,fraction_csp3,0.29071917348742005,2.733648280518495e-82,4184
positive,fg_hydrazine_like_count,logp,-0.2823067529798362,1.6542100452296138e-77,4184
positive,fg_BB_SA10_N_nitroso_count,aromatic_ring_count,-0.2807507043468999,1.2164722986221716e-76,4184
positive,fg_halogen_any_count,ring_count,-0.27866833715556893,1.721785347117094e-75,4184
positive,fg_alcohol_count,fraction_csp3,0.2782948269328832,2.7628405877713714e-75,4184
positive,fg_BB_SA40_alkyl_halides_nongx_count,ring_count,-0.2768552930998076,1.6978553427650604e-74,4184
positive,fg_hydrazine_like_count,ring_count,-0.2766531006135654,2.189158724401448e-74,4184
positive,fg_BB_SA10_N_nitroso_count,ring_count,-0.2766406135379958,2.223775086280116e-74,4184
positive,fg_BB_SA13_aliphatic_halogen_count,ring_count,-0.27413700928410634,5.081553324259123e-73,4184
positive,fg_hydrazine_like_count,aromatic_ring_count,-0.2701326780679558,7.076502161205922e-71,4184
positive,fg_BB_SA31_PAH_3fused_count,heteroatom_count,-0.2660577722379175,9.86721030797033e-69,4184
positive,fg_BB_SA40_alkyl_halides_nongx_count,aromatic_ring_count,-0.2657379527379099,1.4484850745237893e-68,4184
positive,fg_BB_SA13_aliphatic_halogen_count,aromatic_ring_count,-0.26529840830681867,2.452848690837179e-68,4184
positive,fg_ether_count,hba,0.26477600781646715,4.581265499212944e-68,4184
positive,fg_aniline_count,aromatic_ring_count,0.2604384940421955,7.765089627180043e-66,4184
positive,fg_aromatic_ring_count,rot_bonds,-0.25145114828840004,2.3770685874258115e-61,4184
positive,fg_BB_SA10_N_nitroso_count,logp,-0.24938757279630153,2.40401536363497e-60,4184
positive,fg_phenol_count,tpsa,0.24866508244936905,5.377304762176291e-60,4184
positive,fg_chloro_count,ring_count,-0.24626947694973508,7.615437368064915e-59,4184
positive,fg_hydrazine_like_count,fraction_csp3,0.24098417331504085,2.3837948550401944e-56,4184
positive,fg_BB_SA31_PAH_3fused_count,hba,-0.2407024276798512,3.225552746626143e-56,4184
positive,fg_BB_SA2_primary_aromatic_amine_count,fraction_csp3,-0.2402816724831325,5.06313641357197e-56,4184
positive,fg_BB_SA2c_aromatic_amine_general_count,fraction_csp3,-0.23740405363286404,1.0799786924098287e-54,4184
positive,fg_BB_SA40_alkyl_halides_nongx_count,tpsa,-0.23674057599109577,2.1742514995739812e-54,4184
positive,fg_BB_SA20_ab_unsat_carbonyl_count,aromatic_ring_count,-0.2356634981289592,6.739639750274532e-54,4184
positive,fg_phenol_count,heavy_atom_count,0.2354474464383846,8.450705285174863e-54,4184
positive,bb_n_alerts,heteroatom_count,0.23462225542281603,2.0010362126007306e-53,4184
positive,fg_BB_SA13_aliphatic_halogen_count,tpsa,-0.23435642562995038,2.6396297276538323e-53,4184
positive,fg_ether_count,rot_bonds,0.23271541847740992,1.4479626285889666e-52,4184
positive,fg_halogen_any_count,aromatic_ring_count,-0.23140103874438447,5.606550733058469e-52,4184
positive,bb_n_genotox_alerts,tpsa,0.2286039969488186,9.718944084865412e-51,4184
positive,bb_n_genotox_alerts,heteroatom_count,0.22797340694924395,1.839246306295879e-50,4184
positive,fg_BB_SA40_alkyl_halides_nongx_count,hba,-0.2266438884882674,7.013655532341534e-50,4184
positive,fg_halogen_any_count,tpsa,-0.22533003273354474,2.6105398224554553e-49,4184
positive,fg_carboxylic_acid_count,hbd,0.22498183214906212,3.69309378886808e-49,4184
positive,fg_phenol_count,hba,0.22406634763519018,9.16820431695782e-49,4184
positive,fg_BB_SA13_aliphatic_halogen_count,hba,-0.22292765698797867,2.82484987470766e-48,4184
positive,fg_BB_SA31_PAH_3fused_count,rot_bonds,-0.22165067930354887,9.904091642670165e-48,4184
positive,fg_phenol_count,ring_count,0.22098542696241327,1.8979577981868445e-47,4184
positive,fg_BB_SA31_PAH_3fused_count,tpsa,-0.2195960192993237,7.332448206215026e-47,4184
positive,fg_amine_primary_count,hbd,0.2191615078159388,1.1168142650211698e-46,4184
positive,fg_halogen_any_count,hba,-0.21888381133351623,1.4606903886034104e-46,4184
positive,fg_amide_count,rot_bonds,0.2182422519944302,2.7118702014684477e-46,4184
positive,fg_alcohol_count,logp,-0.21816194333291106,2.929846142158912e-46,4184
positive,fg_BB_SA8_aromatic_diazo_count,logp,0.21760708093160816,4.994096732674969e-46,4184
positive,bb_n_genotox_alerts,rot_bonds,0.21758987168831453,5.0772693311773e-46,4184
positive,fg_aniline_count,hbd,0.21743284667514315,5.902740421770539e-46,4184
positive,fg_ester_count,fraction_csp3,0.2162858810826164,1.767542939769241e-45,4184
positive,fg_alcohol_count,tpsa,0.2158302304891245,2.7279311197085006e-45,4184
positive,bb_n_alerts,rot_bonds,0.21437952486734815,1.0789161772387218e-44,4184
positive,fg_BB_SA40_alkyl_halides_nongx_count,heavy_atom_count,-0.2141517057473181,1.3377267723766563e-44,4184
positive,fg_epoxide_count,fraction_csp3,0.2140209691036863,1.513232846953505e-44,4184
positive,fg_azo_count,rot_bonds,0.21329101691901767,3.0073109194744574e-44,4184
positive,fg_azo_count,tpsa,0.21094636433625122,2.6839550398339053e-43,4184
positive,fg_BB_SA16_epoxide_count,fraction_csp3,0.2105787199309521,3.773964680646407e-43,4184
positive,fg_ester_count,hba,0.2097024578871932,8.481561741916237e-43,4184
positive,fg_phenol_count,mw,0.20811963579031773,3.628326401787901e-42,4184
positive,fg_amide_count,heteroatom_count,0.20759081208417451,5.880991033904703e-42,4184
positive,fg_BB_SA13_aliphatic_halogen_count,heavy_atom_count,-0.20714432479043246,8.832623476566102e-42,4184
positive,fg_chloro_count,aromatic_ring_count,-0.20615954065288783,2.1589359755178333e-41,4184
positive,fg_BB_SA31_PAH_3fused_count,heavy_atom_count,0.20443103908992616,1.0249576184507362e-40,4184
positive,fg_BB_SA14c_half_mustard_count,rot_bonds,0.20434175776478114,1.1104026954006268e-40,4184
positive,fg_BB_SA6b_aromatic_dialkylamine_count,rot_bonds,0.20408477303223416,1.3979236874276321e-40,4184
positive,fg_fused_ring_like_count,heteroatom_count,-0.20247342046087757,5.88086185577342e-40,4184
positive,fg_carboxylic_acid_count,tpsa,0.201122627128639,1.9427207705447862e-39,4184
positive,fg_BB_SA8_aromatic_diazo_count,rot_bonds,0.20022143144816193,4.2911497701110955e-39,4184
positive,fg_aniline_count,heavy_atom_count,0.20015997171532457,4.5288147657805515e-39,4184
positive,fg_BB_SA31_PAH_3fused_count,fraction_csp3,-0.19874783418259218,1.5551311349892522e-38,4184
positive,fg_carboxylic_acid_count,heteroatom_count,0.19684577286089314,8.072670221971856e-38,4184
positive,fg_BB_SA8_aromatic_diazo_count,hba,0.19611828673715065,1.5088192460046454e-37,4184
positive,bb_any_nongenotox_alert,ring_count,-0.19493110169135336,4.164744576552059e-37,4184
positive,fg_ester_count,rot_bonds,0.19485660350060546,4.4377584371952364e-37,4184
positive,fg_azo_count,heteroatom_count,0.19479944036968636,4.659236978401112e-37,4184
positive,fg_alcohol_count,hba,0.19469044943638977,5.112397301062519e-37,4184
positive,fg_halogen_any_count,heavy_atom_count,-0.19350284170717622,1.4005451023325407e-36,4184
positive,fg_BB_SA23_monohaloalkene_count,aromatic_ring_count,-0.19233830896376,3.7384857749853155e-36,4184
positive,fg_phenol_count,aromatic_ring_count,0.1916395974293902,6.717645345733244e-36,4184
positive,fg_BB_SA8_aromatic_diazo_count,heavy_atom_count,0.19096583843306766,1.1795488005741844e-35,4184
positive,fg_aromatic_ring_count,heteroatom_count,-0.19073158770970727,1.433864638436716e-35,4184
positive,bb_any_nongenotox_alert,aromatic_ring_count,-0.19041667312483498,1.8634776332163907e-35,4184
positive,fg_ester_count,aromatic_ring_count,-0.1896643906402251,3.478600258894693e-35,4184
positive,bb_n_nongenotox_alerts,ring_count,-0.18934007846551923,4.5490104217945637e-35,4184
positive,fg_aniline_count,rot_bonds,0.18783308607061674,1.5723305228819697e-34,4184
positive,fg_amine_tertiary_count,heavy_atom_count,0.18723244248073484,2.570118618846607e-34,4184
positive,fg_azo_count,hba,0.18585777083871444,7.864142264248714e-34,4184
positive,fg_BB_SA5_nitro_aromatic_count,rot_bonds,0.18547488417964333,1.0721565028835368e-33,4184
positive,fg_heteroaromatic_ring_count,heteroatom_count,-0.1847422852549499,1.9363812457708115e-33,4184
positive,bb_n_nongenotox_alerts,aromatic_ring_count,-0.1845431240383133,2.2729998667951144e-33,4184
positive,fg_hydrazine_like_count,mw,-0.1836065229812362,4.818209739262091e-33,4184
positive,fg_amine_tertiary_count,mw,0.18233169819259937,1.331016449325017e-32,4184
positive,fg_ether_count,mw,0.1823230992950503,1.340136484263192e-32,4184
positive,fg_BB_SA23_monohaloalkene_count,ring_count,-0.1813098762275515,2.989229591402287e-32,4184
positive,fg_hydrazine_like_count,heavy_atom_count,-0.18116431620973059,3.3530797866993793e-32,4184
positive,fg_BB_SA10_N_nitroso_count,heavy_atom_count,-0.18106473883392973,3.626983271597254e-32,4184
positive,fg_sulfone_count,heteroatom_count,0.18067378383840976,4.934492970401312e-32,4184
positive,fg_BB_SA8_aromatic_diazo_count,heteroatom_count,0.18005666376022592,8.010562478159289e-32,4184
positive,fg_hydrazine_like_count,rot_bonds,0.17950006302008206,1.2382206895403668e-31,4184
positive,fg_BB_SA10_N_nitroso_count,mw,-0.17914465002378951,1.6339787365736422e-31,4184
positive,fg_BB_SA8_aromatic_diazo_count,mw,0.17900816164322036,1.8173356410471333e-31,4184
positive,fg_carboxylic_acid_count,rot_bonds,0.17852861322968155,2.6389098666317833e-31,4184
positive,fg_ether_count,heavy_atom_count,0.1773346387645517,6.649055420211107e-31,4184
positive,fg_BB_SA2c_aromatic_amine_general_count,tpsa,0.1761409401134061,1.6640855204511565e-30,4184
positive,fg_BB_SA8_aromatic_diazo_count,tpsa,0.17531907580675327,3.1177748053017293e-30,4184
positive,fg_bromo_count,ring_count,-0.17464006361340134,5.225302024093114e-30,4184
positive,fg_BB_SA34_halobenzene_count,fraction_csp3,-0.17456942444789042,5.513025334065149e-30,4184
positive,fg_ketone_count,heavy_atom_count,0.17455677121416277,5.56619890310461e-30,4184
positive,fg_BB_SA10_N_nitroso_count,rot_bonds,0.17429875380846768,6.768556658810824e-30,4184
positive,fg_amide_count,tpsa,0.1742239275357184,7.163144034542824e-30,4184
positive,fg_ester_count,heteroatom_count,0.1718979084044172,4.116531547231985e-29,4184
positive,fg_BB_SA6b_aromatic_dialkylamine_count,mw,0.17134871264163762,6.198436652640576e-29,4184
positive,bb_n_alerts,ring_count,-0.17093869150359814,8.406218253619406e-29,4184
positive,fg_chloro_count,tpsa,-0.17079025875390266,9.384690873629685e-29,4184
positive,fg_BB_SA6b_aromatic_dialkylamine_count,heavy_atom_count,0.1705195088723479,1.1469207688402623e-28,4184
positive,fg_ketone_count,tpsa,0.1699745543401829,1.7156726204142797e-28,4184
positive,fg_aniline_count,mw,0.16925076717991117,2.922993627252695e-28,4184
positive,bb_n_genotox_alerts,hbd,0.16827620496627282,5.967152124287385e-28,4184
positive,fg_BB_SA16_epoxide_count,heteroatom_count,-0.16699064223662882,1.5197125356121358e-27,4184
positive,fg_aldehyde_count,aromatic_ring_count,-0.1654902394122082,4.4823625956595506e-27,4184
positive,fg_phenol_count,fraction_csp3,-0.16494004280123933,6.647490392368539e-27,4184
positive,fg_BB_SA2c_aromatic_amine_general_count,aromatic_ring_count,0.1647737798698779,7.48619130094833e-27,4184
positive,fg_ketone_count,hba,0.16426664410949945,1.0747989949965989e-26,4184
positive,fg_BB_SA34_halobenzene_count,logp,0.1641220530889137,1.191288074497973e-26,4184
positive,fg_epoxide_count,heteroatom_count,-0.16390802612757957,1.3870505185176533e-26,4184
positive,fg_chloro_count,hba,-0.16386746331165808,1.4275947633595965e-26,4184
positive,fg_sulfonic_acid_or_sulfonate_count,tpsa,0.1632527761795581,2.207130106603014e-26,4184
positive,fg_amine_primary_count,logp,-0.16313029450834435,2.4068225204049395e-26,4184
positive,fg_chloro_count,heavy_atom_count,-0.16287160828613662,2.88931305733582e-26,4184
positive,fg_BB_SA16_epoxide_count,hbd,-0.16252396309071265,3.691705841875514e-26,4184
positive,fg_epoxide_count,hbd,-0.1605741227521057,1.4448013216312926e-25,4184
positive,fg_alkene_count,aromatic_ring_count,-0.1601868278508488,1.8907332452635369e-25,4184
positive,fg_sulfonic_acid_or_sulfonate_count,heteroatom_count,0.15997309397400497,2.1926792450570902e-25,4184
positive,fg_BB_SA31_PAH_3fused_count,mw,0.15966603452824082,2.711815613482513e-25,4184
positive,fg_sulfonic_acid_or_sulfonate_count,hbd,0.15901551825474053,4.24779500854055e-25,4184
positive,fg_amine_primary_count,rot_bonds,0.15817764791320524,7.550727856234195e-25,4184
positive,bb_n_nongenotox_alerts,tpsa,-0.15802483468487397,8.383119187858613e-25,4184
positive,fg_ketone_count,mw,0.15779580928126052,9.803658817919018e-25,4184
positive,fg_imine_count,tpsa,0.1577769497538874,9.93074434219297e-25,4184
positive,fg_alcohol_count,mw,0.15749899982241475,1.2004383844353648e-24,4184
positive,fg_sulfone_count,tpsa,0.15676669516818825,1.975185955659782e-24,4184
positive,fg_diazo_like_count,tpsa,0.15649716505418348,2.3710745858405497e-24,4184
positive,fg_BB_SA27_azide_count,tpsa,0.15649716505418348,2.3710745858405497e-24,4184
positive,bb_any_nongenotox_alert,tpsa,-0.1564930314456093,2.3777208311508575e-24,4184
positive,bb_n_genotox_alerts,hba,0.15439192988143643,9.76757231877227e-24,4184
positive,fg_BB_SA16_epoxide_count,tpsa,-0.15424946303555218,1.0741988380696801e-23,4184
positive,fg_amine_primary_count,tpsa,0.15423164663725747,1.087042448784551e-23,4184
positive,fg_hydrazine_like_count,heteroatom_count,0.15346108575869274,1.8151338781558193e-23,4184
positive,fg_BB_SA28_alkenylbenzene_count,logp,0.15285499090010635,2.711691796384929e-23,4184
positive,fg_carboxylic_acid_count,logp,-0.15271494803217703,2.974541875563251e-23,4184
positive,fg_BB_SA14c_half_mustard_count,fraction_csp3,0.15257215850043734,3.2685031287971835e-23,4184
positive,bb_any_nongenotox_alert,fraction_csp3,0.15238143357986852,3.7064350802226677e-23,4184
positive,fg_epoxide_count,tpsa,-0.1513079197721611,7.499125278169979e-23,4184
positive,fg_BB_SA12b_hydrazine_general_count,logp,-0.15126946384735662,7.690117787293542e-23,4184
positive,fg_carboxylic_acid_count,ring_count,-0.15069449682939143,1.119172836596766e-22,4184
positive,fg_amide_count,hbd,0.15036355728148765,1.388056798815245e-22,4184
positive,fg_sulfone_count,hba,0.15000915370071785,1.7470823803823764e-22,4184
positive,fg_amine_tertiary_count,fraction_csp3,0.14977366122561558,2.0350019207154733e-22,4184
positive,fg_bromo_count,aromatic_ring_count,-0.1497623716377664,2.0499263496516633e-22,4184
positive,fg_BB_SA47_n_alkylcarboxylic_acid_count,fraction_csp3,0.14970806524220306,2.123244591787054e-22,4184
positive,fg_BB_SA5_nitro_aromatic_count,heavy_atom_count,0.1488107221609482,3.7875592765161463e-22,4184
positive,fg_BB_SA6_aromatic_monoalkylamine_count,rot_bonds,0.1484944156302369,4.640796357520268e-22,4184
positive,fg_phenol_count,heteroatom_count,0.14816502580274654,5.731531862743265e-22,4184
positive,bb_any_alert,rot_bonds,0.14793595302501922,6.635979009788883e-22,4184
positive,fg_BB_SA5_nitro_aromatic_count,aromatic_ring_count,0.14783846559278677,7.06245223737556e-22,4184
positive,bb_n_nongenotox_alerts,hba,-0.14743785211829777,9.118531305440956e-22,4184
positive,bb_any_genotox_alert,rot_bonds,0.14584764360516736,2.4967321625426527e-21,4184
positive,bb_any_nongenotox_alert,hba,-0.14571715508195868,2.7105187896338843e-21,4184
positive,fg_BB_SA12_hydrazine_count,hbd,0.14560907136498322,2.901227980963637e-21,4184
positive,bb_n_nongenotox_alerts,fraction_csp3,0.1453943321605697,3.320351705359773e-21,4184
positive,fg_amine_tertiary_count,rot_bonds,0.14431842545256354,6.508312755019977e-21,4184
positive,fg_alcohol_count,heavy_atom_count,0.14408985060953375,7.503749662760496e-21,4184
positive,fg_amine_primary_count,fraction_csp3,0.14372468901642071,9.414902471726191e-21,4184
positive,fg_bromo_count,hba,-0.14354838995530497,1.0502632066240094e-20,4184
positive,fg_BB_SA8_aromatic_diazo_count,aromatic_ring_count,0.1433038726479248,1.2219548975497768e-20,4184
positive,fg_ether_count,heteroatom_count,0.14299508734799665,1.4788774036974694e-20,4184
positive,fg_imine_count,heteroatom_count,0.14213339462188992,2.5132975517285042e-20,4184
positive,fg_BB_SA28_alkenylbenzene_count,ring_count,0.14205913591882963,2.6304209377112402e-20,4184
positive,fg_BB_SA6b_aromatic_dialkylamine_count,hba,0.14107313859265241,4.8048669485623457e-20,4184
positive,fg_BB_SA5_nitro_aromatic_count,mw,0.14085761104547645,5.478090971995739e-20,4184
positive,fg_halogen_any_count,hbd,-0.14032907777471756,7.54929095376093e-20,4184
positive,fg_hydrazine_like_count,tpsa,0.1388460359595317,1.8444561016501705e-19,4184
positive,fg_bromo_count,heavy_atom_count,-0.13869035278215877,2.024659188311624e-19,4184
positive,fg_sulfone_count,rot_bonds,0.13854371481993139,2.2102491867194673e-19,4184
positive,fg_BB_SA12b_hydrazine_general_count,hbd,0.1384852781230305,2.28880507311751e-19,4184
positive,fg_BB_SA7_aromatic_Nacylamine_count,hbd,0.13793214807875542,3.183134186515406e-19,4184
positive,bb_n_alerts,tpsa,0.13717845694807812,4.978568908822049e-19,4184
positive,fg_sulfonic_acid_or_sulfonate_count,hba,0.13717506498756474,4.988572577998471e-19,4184
positive,fg_ketone_count,ring_count,0.13689086476667775,5.901213464443593e-19,4184
positive,fg_bromo_count,tpsa,-0.13630010131045575,8.358374236519653e-19,4184
positive,fg_BB_SA23_monohaloalkene_count,heavy_atom_count,-0.13614459314858368,9.15813905272504e-19,4184
positive,fg_urea_count,logp,-0.1359282626900579,1.0397718150199686e-18,4184
positive,fg_ester_count,tpsa,0.13551017905776758,1.328106735997906e-18,4184
positive,fg_BB_SA2c_aromatic_amine_general_count,hba,0.13423194494768395,2.7935654310746576e-18,4184
positive,fg_BB_SA11_aliphatic_azo_count,fraction_csp3,0.1340854665266768,3.040650607072464e-18,4184
positive,fg_sulfonic_acid_or_sulfonate_count,mw,0.1338144806499603,3.5559344080416236e-18,4184
positive,fg_BB_SA16b_aziridine_count,ring_count,0.13297008035698601,5.779790972156967e-18,4184
positive,fg_amide_count,mw,0.13251602291924697,7.495356424382508e-18,4184
positive,fg_imine_count,hba,0.13217682526319052,9.096271195285682e-18,4184
positive,fg_BB_SA20_ab_unsat_carbonyl_count,logp,-0.1319058184039627,1.0613945329203618e-17,4184
positive,fg_carboxylic_acid_count,aromatic_ring_count,-0.1317820335445229,1.1387795218910779e-17,4184
positive,bb_any_alert,heteroatom_count,0.13133523732717783,1.467282851300751e-17,4184
positive,fg_amine_secondary_count,hbd,0.13078835682436737,1.99862677141354e-17,4184
positive,fg_BB_SA10_N_nitroso_count,heteroatom_count,0.1296434222925674,3.800999536074063e-17,4184
positive,fg_sulfone_count,mw,0.12952401838101443,4.063210101229983e-17,4184
positive,fg_BB_SA28_alkenylbenzene_count,heavy_atom_count,0.12949111942120628,4.1385381561194804e-17,4184
positive,fg_amine_primary_count,ring_count,-0.1292876386005942,4.636003566990309e-17,4184
positive,fg_sulfide_count,rot_bonds,0.12901440390421054,5.3978005976560657e-17,4184
positive,fg_alcohol_count,heteroatom_count,0.12836027360804084,7.759353625640443e-17,4184
positive,fg_BB_SA16_epoxide_count,ring_count,0.12785092967975312,1.0279938901231167e-16,4184
positive,fg_diazo_like_count,heteroatom_count,0.12710980423578747,1.5448104157902953e-16,4184
positive,fg_BB_SA27_azide_count,heteroatom_count,0.12710980423578747,1.5448104157902953e-16,4184
positive,fg_BB_SA28_alkenylbenzene_count,fraction_csp3,-0.12653276238134264,2.11778656146949e-16,4184
positive,bb_any_genotox_alert,heteroatom_count,0.12653135391936043,2.1194141660313476e-16,4184
positive,fg_amide_count,hba,0.12625978430073195,2.4574071232383626e-16,4184
positive,fg_BB_SA11_aliphatic_azo_count,ring_count,-0.1260938729705375,2.68948000988847e-16,4184
positive,fg_ester_count,mw,0.12572814100975155,3.2800309935498614e-16,4184
positive,fg_BB_SA6b_aromatic_dialkylamine_count,heteroatom_count,0.12513415699415326,4.522255101918275e-16,4184
positive,fg_aniline_count,logp,0.1246808297617297,5.772417727468887e-16,4184
positive,fg_hydrazine_like_count,hba,0.124351848198523,6.887201013584494e-16,4184
positive,fg_aldehyde_count,ring_count,-0.12416715425323967,7.603359837420004e-16,4184
positive,fg_epoxide_count,ring_count,0.12414886348559419,7.678153455671188e-16,4184
positive,fg_BB_SA12_hydrazine_count,logp,-0.12291553785363843,1.4806945154668802e-15,4184
positive,fg_bromo_count,fraction_csp3,0.12282854220383531,1.5505139477594296e-15,4184
positive,fg_sulfonic_acid_or_sulfonate_count,heavy_atom_count,0.12276695826763973,1.6018884305292274e-15,4184
positive,fg_urea_count,aromatic_ring_count,-0.12274683557084774,1.6190356903040477e-15,4184
positive,fg_BB_SA47_n_alkylcarboxylic_acid_count,aromatic_ring_count,-0.12253129562900196,1.814427010089957e-15,4184
positive,fg_BB_SA28_alkenylbenzene_count,aromatic_ring_count,0.12197767230163951,2.429069696931866e-15,4184
positive,fg_urea_count,heteroatom_count,0.12191888802320267,2.505298314721505e-15,4184
positive,fg_amine_tertiary_count,ring_count,0.12172209510595833,2.7780297870464976e-15,4184
positive,fg_amine_primary_count,heteroatom_count,0.12153374283387937,3.0663491481501243e-15,4184
positive,fg_amine_primary_count,aromatic_ring_count,-0.12106294392640568,3.922151221482934e-15,4184
positive,fg_BB_SA12b_hydrazine_general_count,ring_count,-0.12093093784866184,4.201690535719167e-15,4184
positive,bb_n_alerts,hbd,0.12091194865232206,4.243483168424187e-15,4184
positive,fg_ether_count,ring_count,0.12089845352420123,4.2734325165389415e-15,4184
positive,fg_BB_SA13_aliphatic_halogen_count,hbd,-0.12070830882494257,4.718199293306592e-15,4184
positive,fg_BB_SA40_alkyl_halides_nongx_count,hbd,-0.12069930207496297,4.7403607690507955e-15,4184
positive,fg_BB_SA5_nitro_aromatic_count,hbd,-0.11997558810827363,6.8998857635687264e-15,4184
positive,fg_BB_SA14c_half_mustard_count,heteroatom_count,0.11722993338185667,2.8083888891096416e-14,4184
positive,fg_BB_SA22_simple_aldehyde_count,aromatic_ring_count,-0.11710502253995614,2.991276817178903e-14,4184
positive,fg_BB_SA11_aliphatic_azo_count,logp,-0.11688091848930428,3.349201173305469e-14,4184
positive,fg_azo_count,logp,0.11629940607650344,4.486122787301787e-14,4184
positive,fg_BB_SA2_primary_aromatic_amine_count,rot_bonds,-0.11628397664600736,4.5209577085525943e-14,4184
positive,fg_urea_count,ring_count,-0.11546287823800203,6.813340996653795e-14,4184
positive,fg_aldehyde_count,logp,-0.11545590123899173,6.83704350051023e-14,4184
positive,fg_BB_SA6_aromatic_monoalkylamine_count,hbd,0.11460822317050384,1.0409670389511676e-13,4184
positive,fg_BB_SA7_aromatic_Nacylamine_count,heteroatom_count,0.11319727088322441,2.0814137186362386e-13,4184
positive,fg_azo_count,heavy_atom_count,0.11303677962612013,2.250883372902117e-13,4184
positive,fg_urea_count,tpsa,0.11293038553343597,2.370623470828096e-13,4184
positive,fg_ether_count,logp,-0.1128651267718462,2.4471401823986117e-13,4184
positive,fg_ether_count,aromatic_ring_count,-0.11236632677547391,3.117800940028501e-13,4184
positive,fg_sulfonic_acid_or_sulfonate_count,rot_bonds,0.11227218935709143,3.263238232660751e-13,4184
positive,fg_halogen_any_count,fraction_csp3,0.11205991732786018,3.616068843844867e-13,4184
positive,fg_sulfide_count,ring_count,-0.11055597662461951,7.442995347920093e-13,4184
positive,bb_any_genotox_alert,tpsa,0.11035104483393614,8.206222764100519e-13,4184
positive,fg_BB_SA11_aliphatic_azo_count,tpsa,0.11024067992083486,8.648543572457572e-13,4184
positive,fg_ketone_count,hbd,0.10998760329763961,9.753029097774515e-13,4184
positive,fg_fused_ring_like_count,tpsa,-0.10975935012627035,1.0867122935471713e-12,4184
positive,fg_BB_SA28_alkenylbenzene_count,heteroatom_count,-0.10966215040191227,1.137861084733146e-12,4184
positive,fg_BB_SA12b_hydrazine_general_count,tpsa,0.10956667132557155,1.1904010206728381e-12,4184
positive,bb_n_genotox_alerts,ring_count,-0.10896556980507245,1.5802502710148387e-12,4184
positive,fg_BB_SA2b_hydroxylamine_aromatic_count,hbd,0.10879707820342137,1.7103798189199193e-12,4184
positive,fg_BB_SA34_halobenzene_count,mw,0.10846323535755178,2.0000017325517726e-12,4184
positive,fg_BB_SA7_aromatic_Nacylamine_count,rot_bonds,0.10809996682422703,2.369857960848296e-12,4184
positive,fg_sulfonic_acid_or_sulfonate_count,fraction_csp3,-0.10791506864819234,2.5830734006621534e-12,4184
positive,fg_chloro_count,hbd,-0.10768246425711929,2.878159734002175e-12,4184
positive,fg_diazo_like_count,rot_bonds,0.10739258745933655,3.2924579040711183e-12,4184
positive,fg_BB_SA27_azide_count,rot_bonds,0.10739258745933655,3.2924579040711183e-12,4184
positive,fg_sulfone_count,heavy_atom_count,0.10696985433004856,4.0032781769496765e-12,4184
positive,fg_azo_count,hbd,0.10611330289491677,5.9350151169008855e-12,4184
positive,fg_amide_count,heavy_atom_count,0.10596739440165365,6.344783220468999e-12,4184
positive,fg_BB_SA2_primary_aromatic_amine_count,tpsa,0.10575955218920478,6.9767222471852145e-12,4184
positive,fg_BB_SA11_aliphatic_azo_count,aromatic_ring_count,-0.10565066873203312,7.331983244361628e-12,4184
positive,fg_BB_SA47_n_alkylcarboxylic_acid_count,rot_bonds,0.10560807254908687,7.47573511695922e-12,4184
positive,bb_n_alerts,aromatic_ring_count,-0.10538211291603593,8.285705211383075e-12,4184
positive,fg_sulfonic_acid_or_sulfonate_count,aromatic_ring_count,0.10503323943310651,9.707829549402711e-12,4184
positive,fg_aldehyde_count,heavy_atom_count,-0.10403957046149258,1.519953128767608e-11,4184
positive,fg_ketone_count,heteroatom_count,0.10320727983075309,2.2055537788757793e-11,4184
positive,fg_sulfide_count,aromatic_ring_count,-0.1030475352835041,2.368127862632106e-11,4184
positive,fg_chloro_count,heteroatom_count,0.10265750738029704,2.8159313954680788e-11,4184
positive,fg_aldehyde_count,mw,-0.10256555189737505,2.9330195314055056e-11,4184
positive,bb_any_genotox_alert,ring_count,-0.10209246855817285,3.614880139353332e-11,4184
positive,fg_BB_SA10_N_nitroso_count,tpsa,0.10169348473454197,4.308582638011501e-11,4184
positive,fg_BB_SA20_ab_unsat_carbonyl_count,ring_count,-0.10141902092079587,4.859718308533993e-11,4184
positive,bb_n_nongenotox_alerts,heteroatom_count,0.10083842464548565,6.262397397924555e-11,4184
positive,bb_any_nongenotox_alert,heteroatom_count,0.10048893827152514,7.290111508515747e-11,4184
positive,fg_BB_SA14c_half_mustard_count,mw,0.10002862657912842,8.898422234664986e-11,4184
positive,fg_BB_SA21_ab_unsat_alkoxy_count,hba,0.09982905463871156,9.699050951481221e-11,4184
positive,fg_BB_SA21_ab_unsat_alkoxy_count,heavy_atom_count,0.09982380770705435,9.721022832701273e-11,4184
positive,bb_n_nongenotox_alerts,mw,0.09946403392237663,1.1349463383842545e-10,4184
positive,fg_ether_count,tpsa,0.09930820286337884,1.2134891746388712e-10,4184
positive,fg_amine_primary_count,hba,0.09882428753511935,1.492782707071019e-10,4184
positive,fg_urea_count,fraction_csp3,0.0988208330308083,1.4949864342679154e-10,4184
positive,fg_BB_SA6b_aromatic_dialkylamine_count,fraction_csp3,0.09860852266597078,1.6367012321253298e-10,4184
positive,fg_sulfide_count,fraction_csp3,0.09764524096678653,2.4625692662036274e-10,4184
positive,fg_azo_count,mw,0.09751133556152329,2.6056555171061317e-10,4184
positive,fg_BB_SA7_aromatic_Nacylamine_count,tpsa,0.09722565606210523,2.938580766598137e-10,4184
positive,fg_BB_SA34_halobenzene_count,heteroatom_count,0.09654655542608878,3.90548146485159e-10,4184
positive,bb_any_nongenotox_alert,mw,0.09626087401307724,4.3993831664663564e-10,4184
positive,fg_BB_SA21_ab_unsat_alkoxy_count,mw,0.09620706240625536,4.4990070550336536e-10,4184
positive,fg_BB_SA7_aromatic_Nacylamine_count,mw,0.09607510658635929,4.75271169860519e-10,4184
positive,bb_any_nongenotox_alert,heavy_atom_count,-0.09555153659444814,5.904176796103651e-10,4184
positive,fg_BB_SA6b_aromatic_dialkylamine_count,logp,0.09540692844349824,6.267492125183383e-10,4184
positive,fg_BB_SA47_n_alkylcarboxylic_acid_count,hba,0.09513296416412877,7.01653509164402e-10,4184
positive,fg_BB_SA10_N_nitroso_count,hba,0.09481754168621108,7.987325927036789e-10,4184
positive,fg_sulfide_count,heteroatom_count,0.09392112584707325,1.1517343329551403e-09,4184
positive,fg_BB_SA6_aromatic_monoalkylamine_count,heavy_atom_count,0.09381285914973893,1.203513146290658e-09,4184
positive,fg_BB_SA8_aromatic_diazo_count,fraction_csp3,-0.09326854892046112,1.5001856250378216e-09,4184
positive,fg_urea_count,hbd,0.09269804859254513,1.887402274836229e-09,4184
positive,fg_BB_SA23_monohaloalkene_count,hba,-0.0915781268468864,2.9505057102884454e-09,4184
positive,fg_ester_count,logp,-0.09155109050083068,2.9823076465330105e-09,4184
positive,fg_BB_SA28_alkenylbenzene_count,mw,0.09145550713552494,3.0974363365243635e-09,4184
positive,fg_BB_SA12b_hydrazine_general_count,aromatic_ring_count,-0.0914184675987062,3.1432031246925906e-09,4184
positive,fg_chloro_count,fraction_csp3,0.09136213835448773,3.2140688055585266e-09,4184
positive,bb_n_nongenotox_alerts,heavy_atom_count,-0.09130153903597114,3.2920426822583967e-09,4184
positive,fg_ester_count,heavy_atom_count,0.09048367604291302,4.542683499876646e-09,4184
positive,fg_BB_SA11_aliphatic_azo_count,mw,-0.09044782455737288,4.6069654450379545e-09,4184
positive,fg_amine_secondary_count,fraction_csp3,0.08991924755638511,5.66390647933677e-09,4184
positive,fg_epoxide_count,aromatic_ring_count,-0.08968079481566597,6.21464375836292e-09,4184
positive,fg_sulfone_count,hbd,0.08958048378489325,6.461579134007837e-09,4184
positive,fg_carboxylic_acid_count,hba,0.08941545199649435,6.8887391332365365e-09,4184
positive,fg_BB_SA31_PAH_3fused_count,hbd,-0.08939897246514615,6.9328714796580574e-09,4184
positive,fg_amine_tertiary_count,hba,0.08923262874863779,7.39401387199604e-09,4184
positive,fg_BB_SA5_nitro_aromatic_count,logp,0.08896179546151267,8.20932936891369e-09,4184
positive,fg_BB_SA11_aliphatic_azo_count,rot_bonds,0.08893025973247207,8.309762045319717e-09,4184
positive,fg_BB_SA47_n_alkylcarboxylic_acid_count,tpsa,0.08873701938743087,8.951768433361412e-09,4184
positive,bb_any_alert,tpsa,0.08868827088978681,9.12119070927466e-09,4184
positive,fg_halogen_any_count,heteroatom_count,0.0886833029214935,9.1386305028874e-09,4184
positive,bb_any_nongenotox_alert,rot_bonds,0.08835623198720627,1.0360936769956885e-08,4184
positive,fg_bromo_count,hbd,-0.08820227810348907,1.0989900790909316e-08,4184
positive,bb_n_alerts,mw,0.08819117114643236,1.1036684727336897e-08,4184
positive,fg_ester_count,hbd,-0.08809412532846718,1.1453769355787114e-08,4184
positive,fg_BB_SA22_simple_aldehyde_count,ring_count,-0.08796244238052642,1.2044278323086761e-08,4184
positive,fg_BB_SA23_monohaloalkene_count,tpsa,-0.08772999776252176,1.315958667556443e-08,4184
positive,fg_imine_count,hbd,0.08740592629507858,1.4883376971986064e-08,4184
positive,fg_BB_SA2_primary_aromatic_amine_count,mw,-0.08736437815258,1.5119643995680683e-08,4184
positive,fg_BB_SA6_aromatic_monoalkylamine_count,hba,0.08686014788648674,1.8293808808813133e-08,4184
positive,fg_BB_SA6_aromatic_monoalkylamine_count,mw,0.08671797146667287,1.9300000958376934e-08,4184
positive,fg_BB_SA16_epoxide_count,aromatic_ring_count,-0.08644404881144872,2.139216648926083e-08,4184
positive,fg_BB_SA18_sulphonate_ester_count,fraction_csp3,0.08609872914416575,2.4344962908932214e-08,4184
positive,fg_BB_SA12b_hydrazine_general_count,heteroatom_count,0.08568253227097175,2.843169570605305e-08,4184
positive,fg_epoxide_count,logp,-0.08506425757813486,3.575531280968006e-08,4184
positive,fg_alkene_count,mw,0.08409821559255459,5.0989989868223986e-08,4184
positive,bb_n_nongenotox_alerts,rot_bonds,0.08408116205052638,5.1308688256980717e-08,4184
positive,fg_BB_SA16_epoxide_count,hba,-0.08322974067077495,6.992369009603917e-08,4184
positive,fg_BB_SA12_hydrazine_count,tpsa,0.08285911255494458,7.993477638472942e-08,4184
positive,fg_BB_SA12b_hydrazine_general_count,mw,-0.0827905608105314,8.19326486651021e-08,4184
positive,bb_any_nongenotox_alert,hbd,-0.08252313246072487,9.019882047279964e-08,4184
positive,fg_BB_SA7_aromatic_Nacylamine_count,heavy_atom_count,0.0824524798677871,9.251406698686418e-08,4184
positive,fg_BB_SA16_epoxide_count,logp,-0.08210590019827378,1.0472997652824526e-07,4184
positive,fg_nitrile_count,hbd,-0.08198471164761448,1.093589557847538e-07,4184
positive,fg_BB_SA11_aliphatic_azo_count,heavy_atom_count,-0.08167309710656019,1.2218869347655888e-07,4184
positive,fg_ketone_count,logp,-0.08161488634618934,1.247415794008974e-07,4184
positive,fg_BB_SA12b_hydrazine_general_count,hba,0.08141936895142449,1.3369933307142076e-07,4184
positive,bb_n_nongenotox_alerts,hbd,-0.08137818562380512,1.3566395104769465e-07,4184
positive,bb_any_genotox_alert,aromatic_ring_count,-0.08125359010276781,1.417791559613924e-07,4184
positive,fg_BB_SA28_alkenylbenzene_count,hba,-0.08086422398267165,1.6265617573308637e-07,4184
positive,fg_BB_SA22_simple_aldehyde_count,logp,-0.08069292396822172,1.7275499569884837e-07,4184
positive,fg_BB_SA16b_aziridine_count,tpsa,-0.08056191967952823,1.8088449302116074e-07,4184
positive,fg_sulfonic_acid_or_sulfonate_count,ring_count,0.08043528661906844,1.8909340769330722e-07,4184
positive,fg_epoxide_count,hba,-0.08031126429203067,1.9748137174556654e-07,4184
positive,fg_BB_SA7_aromatic_Nacylamine_count,fraction_csp3,-0.08028644731579211,1.992024469989015e-07,4184
positive,fg_carbamate_count,heteroatom_count,0.07942424486238009,2.688661967560575e-07,4184
positive,fg_BB_SA47_n_alkylcarboxylic_acid_count,mw,0.0787561147852762,3.384889415606491e-07,4184
positive,fg_amide_count,ring_count,-0.07842579824226001,3.790459537369918e-07,4184
positive,fg_BB_SA8_aromatic_diazo_count,hbd,0.07742015730537996,5.334778561761851e-07,4184
positive,fg_BB_SA12b_hydrazine_general_count,heavy_atom_count,-0.07731555182872737,5.526514936848806e-07,4184
positive,fg_BB_SA16b_aziridine_count,heteroatom_count,-0.07698727428210408,6.172328284193539e-07,4184
positive,fg_BB_SA12b_hydrazine_general_count,rot_bonds,0.07659231518657517,7.045968956298102e-07,4184
positive,fg_alcohol_count,aromatic_ring_count,-0.07641707608470422,7.470674792648689e-07,4184
positive,fg_imine_count,rot_bonds,0.07621240154124873,7.997958632884548e-07,4184
positive,fg_alcohol_count,ring_count,0.07619354692765787,8.048295582572002e-07,4184
positive,fg_BB_SA11_aliphatic_azo_count,heteroatom_count,0.07596869081131179,8.672611875209921e-07,4184
positive,bb_any_alert,ring_count,-0.07575671481031901,9.303676830577326e-07,4184
positive,fg_BB_SA47_n_alkylcarboxylic_acid_count,heavy_atom_count,0.07557084679358812,9.893185829368253e-07,4184
positive,fg_imine_count,logp,-0.07531225967858776,1.0773429946809373e-06,4184
positive,fg_BB_SA34_halobenzene_count,aromatic_ring_count,0.07526554628192211,1.0940281008939572e-06,4184
positive,fg_BB_SA6_aromatic_monoalkylamine_count,aromatic_ring_count,0.07475073658290779,1.2951716163111367e-06,4184
positive,fg_BB_SA16b_aziridine_count,hba,-0.07459698013862477,1.3618444780808258e-06,4184
positive,fg_ester_count,ring_count,-0.07385954871008982,1.7302044948556777e-06,4184
positive,fg_BB_SA21_ab_unsat_alkoxy_count,ring_count,0.0738188126554807,1.7531235635497593e-06,4184
positive,fg_BB_SA14c_half_mustard_count,ring_count,-0.07357153643247212,1.898632238216725e-06,4184
positive,fg_BB_SA40_alkyl_halides_nongx_count,rot_bonds,0.07351505233755218,1.933461568917619e-06,4184
positive,fg_carbamate_count,tpsa,0.0731982002103244,2.140504353763647e-06,4184
positive,fg_BB_SA3_aromatic_nitroso_count,hbd,-0.07240427194306047,2.756977444325373e-06,4184
positive,fg_epoxide_count,mw,-0.07236652525840569,2.7901734499210036e-06,4184
positive,fg_BB_SA12_hydrazine_count,ring_count,-0.07230344035981745,2.84651047763322e-06,4184
positive,fg_fused_ring_like_count,hba,-0.07216771341696643,2.971441533795804e-06,4184
positive,fg_BB_SA13_aliphatic_halogen_count,rot_bonds,0.07193730196891573,3.1956564465594334e-06,4184
positive,fg_BB_SA2_primary_aromatic_amine_count,aromatic_ring_count,0.07176652556064522,3.372214624384685e-06,4184
positive,bb_n_alerts,hba,0.07150096216955196,3.6654751395914454e-06,4184
positive,fg_aniline_count,ring_count,0.07085756154902216,4.480761189454174e-06,4184
positive,fg_aromatic_ring_count,hba,-0.07082139295340624,4.531407391755219e-06,4184
positive,fg_BB_SA16_epoxide_count,mw,-0.07079168713830812,4.573413466492109e-06,4184
positive,fg_diazo_like_count,hbd,0.07076311228025207,4.614171982219575e-06,4184
positive,fg_BB_SA27_azide_count,hbd,0.07076311228025207,4.614171982219575e-06,4184
positive,fg_BB_SA28_alkenylbenzene_count,rot_bonds,-0.07069466547797529,4.713222212491095e-06,4184
positive,fg_carbamate_count,hba,0.06987820135116919,6.063265385966979e-06,4184
positive,fg_BB_SA8_aromatic_diazo_count,ring_count,0.06932847012993079,7.172868531179346e-06,4184
positive,fg_carboxylic_acid_count,fraction_csp3,0.06932190035643435,7.187235628673639e-06,4184
positive,fg_BB_SA14c_half_mustard_count,aromatic_ring_count,-0.06915365515579565,7.56467629243635e-06,4184
positive,fg_BB_SA7_aromatic_Nacylamine_count,logp,0.06880686087541865,8.403311198607916e-06,4184
positive,fg_BB_SA11_aliphatic_azo_count,hbd,0.06826009581995997,9.908477222151886e-06,4184
positive,fg_BB_SA12_hydrazine_count,mw,-0.06746043964798823,1.2580780470484153e-05,4184
positive,fg_heteroaromatic_ring_count,tpsa,-0.06731528716900065,1.3134392000743946e-05,4184
positive,fg_BB_SA21_ab_unsat_alkoxy_count,heteroatom_count,0.06725531219614723,1.336985419409709e-05,4184
positive,fg_amide_count,logp,-0.06705738485377476,1.4175812582382077e-05,4184
positive,fg_BB_SA47_n_alkylcarboxylic_acid_count,heteroatom_count,0.06649898907342314,1.670682925369928e-05,4184
positive,fg_BB_SA14c_half_mustard_count,hbd,0.06619976768266603,1.8234716126174418e-05,4184
positive,fg_aromatic_ring_count,tpsa,-0.06619308702272395,1.8270302327541053e-05,4184
positive,fg_alkene_count,heavy_atom_count,0.06599178531793898,1.9374138596721703e-05,4184
positive,fg_BB_SA18_sulphonate_ester_count,logp,-0.06548120743469173,2.2465728909741098e-05,4184
positive,fg_diazo_like_count,hba,0.06543918255611932,2.274009771865785e-05,4184
positive,fg_BB_SA27_azide_count,hba,0.06543918255611932,2.274009771865785e-05,4184
positive,fg_BB_SA21_ab_unsat_alkoxy_count,tpsa,0.06498919611770423,2.588486332170887e-05,4184
positive,fg_amide_count,aromatic_ring_count,-0.06498358164660124,2.5926595850689185e-05,4184
positive,fg_aldehyde_count,hbd,-0.06465839846583578,2.8455880246473803e-05,4184
positive,fg_BB_SA22_simple_aldehyde_count,rot_bonds,0.06438968017735112,3.07212181909863e-05,4184
positive,fg_carbamate_count,fraction_csp3,0.06426365793674867,3.1841666869092556e-05,4184
positive,fg_BB_SA22_simple_aldehyde_count,heavy_atom_count,-0.06423162934304706,3.2132554339474494e-05,4184
positive,fg_BB_SA20_ab_unsat_carbonyl_count,fraction_csp3,0.06406209064577738,3.3714837495260346e-05,4184
positive,fg_sulfonic_acid_or_sulfonate_count,logp,0.06400988676915415,3.421676255040592e-05,4184
positive,fg_heteroaromatic_ring_count,hba,-0.06343273337841521,4.0260002919030276e-05,4184
positive,fg_BB_SA16b_aziridine_count,heavy_atom_count,0.06324352429150323,4.2452449440671406e-05,4184
positive,fg_sulfide_count,hba,0.06287056762860789,4.710986217233141e-05,4184
positive,fg_amine_tertiary_count,heteroatom_count,0.06220063656419112,5.671611933831907e-05,4184
positive,fg_BB_SA12_hydrazine_count,heavy_atom_count,-0.062150518780758675,5.750481044117905e-05,4184
positive,fg_urea_count,heavy_atom_count,-0.062047159692800204,5.916425548083996e-05,4184
positive,fg_alkene_count,heteroatom_count,-0.06169273700685406,6.520543731307178e-05,4184
positive,fg_BB_SA3_aromatic_nitroso_count,fraction_csp3,-0.06158967235738372,6.70689003202361e-05,4184
positive,fg_BB_SA18_sulphonate_ester_count,heteroatom_count,0.06155997361463354,6.761514910990171e-05,4184
positive,fg_urea_count,hba,0.06146717170504246,6.934930138549634e-05,4184
positive,bb_n_genotox_alerts,mw,0.061348705237087235,7.16242019377935e-05,4184
positive,fg_BB_SA22_simple_aldehyde_count,mw,-0.061177863315290085,7.502942637105367e-05,4184
positive,fg_alcohol_count,rot_bonds,0.060615149893359914,8.735981521018237e-05,4184
positive,bb_n_genotox_alerts,fraction_csp3,-0.05976516798102983,0.00010966705496172173,4184
positive,fg_sulfone_count,aromatic_ring_count,0.05944195979846636,0.000119481440710778,4184
positive,fg_azo_count,aromatic_ring_count,0.05933046500614875,0.00012305496244596311,4184
positive,fg_bromo_count,mw,0.059266496276017655,0.000125150451175467,4184
positive,fg_BB_SA7_aromatic_Nacylamine_count,hba,0.05923998982602322,0.00012602856467152369,4184
positive,bb_any_alert,aromatic_ring_count,-0.058648065401961776,0.00014721782043477686,4184
positive,fg_amine_secondary_count,heavy_atom_count,0.05853893989424341,0.00015147334206939015,4184
positive,bb_any_genotox_alert,hba,0.058537424164560675,0.0001515332574018954,4184
positive,fg_BB_SA2_primary_aromatic_amine_count,heavy_atom_count,-0.05831617166964058,0.0001605224288646395,4184
positive,fg_carbamate_count,aromatic_ring_count,-0.05801918592458743,0.00017337890551866078,4184
positive,fg_diazo_like_count,fraction_csp3,0.05799422133652518,0.00017450261802615753,4184
positive,fg_BB_SA27_azide_count,fraction_csp3,0.05799422133652518,0.00017450261802615753,4184
positive,fg_BB_SA2b_hydroxylamine_aromatic_count,fraction_csp3,-0.057813264049698325,0.00018285494796967244,4184
positive,fg_chloro_count,rot_bonds,0.057710890916344584,0.00018774505503710417,4184
positive,fg_amine_secondary_count,ring_count,0.05763174967000754,0.00019160936579846902,4184
positive,fg_BB_SA6_aromatic_monoalkylamine_count,fraction_csp3,0.05675709252296718,0.00023959651407680252,4184
positive,fg_ether_count,hbd,-0.05674811674332382,0.00024014285816537767,4184
positive,fg_sulfide_count,hbd,0.05670163778506647,0.0002429907112781078,4184
positive,fg_alkene_count,tpsa,-0.05659862498707423,0.0002494157697972845,4184
positive,fg_fluoro_count,tpsa,-0.05657327408600352,0.0002510211866307864,4184
positive,fg_alkene_count,hba,-0.0559329104525411,0.0002949351312782822,4184
positive,fg_BB_SA12_hydrazine_count,hba,0.05576623557314607,0.00030749191912607095,4184
positive,fg_BB_SA6b_aromatic_dialkylamine_count,tpsa,0.055765486900553524,0.000307549434279265,4184
positive,fg_carbamate_count,logp,-0.05549933572593099,0.00032864633448402754,4184
positive,fg_BB_SA6_aromatic_monoalkylamine_count,heteroatom_count,0.05510972263421166,0.00036198233279968284,4184
positive,fg_sulfide_count,mw,0.05494596400306275,0.0003769159623285275,4184
positive,fg_BB_SA3_aromatic_nitroso_count,logp,0.054505033672741066,0.000420036917325485,4184
positive,bb_any_genotox_alert,heavy_atom_count,-0.05417127899711602,0.00045569275289119855,4184
positive,fg_diazo_like_count,ring_count,-0.05405075252595858,0.00046924860788311035,4184
positive,fg_BB_SA27_azide_count,ring_count,-0.05405075252595858,0.00046924860788311035,4184
positive,fg_BB_SA18_sulphonate_ester_count,hba,0.05356297011562049,0.0005280434649400592,4184
positive,fg_BB_SA6_aromatic_monoalkylamine_count,logp,0.053495745843690726,0.000536664441527268,4184
positive,fg_BB_SA7_aromatic_Nacylamine_count,aromatic_ring_count,0.053487022518062866,0.0005377926987034115,4184
positive,fg_BB_SA6b_aromatic_dialkylamine_count,aromatic_ring_count,0.053434971672750575,0.0005445708986921776,4184
positive,fg_BB_SA18_sulphonate_ester_count,rot_bonds,0.05337548279327822,0.0005524150908109619,4184
positive,fg_BB_SA34_halobenzene_count,heavy_atom_count,0.05292608852325405,0.0006151605368991799,4184
positive,fg_fluoro_count,fraction_csp3,-0.052659677121684616,0.0006554241412937053,4184
positive,fg_aldehyde_count,heteroatom_count,-0.0523628758456633,0.0007031583752248677,4184
positive,fg_urea_count,rot_bonds,0.051507227803050865,0.0008594508115017571,4184
positive,fg_BB_SA47_n_alkylcarboxylic_acid_count,logp,-0.05147255322155814,0.0008664168427958914,4184
positive,fg_BB_SA20_ab_unsat_carbonyl_count,heteroatom_count,0.05112753976690347,0.0009386371164600145,4184
positive,bb_n_nongenotox_alerts,logp,0.0506008674394266,0.0010596975783372074,4184
positive,fg_hydrazine_like_count,hbd,0.05044532898039544,0.0010981197761646003,4184
positive,fg_urea_count,mw,-0.04993809745173664,0.0012325479288644516,4184
positive,fg_BB_SA2_primary_aromatic_amine_count,heteroatom_count,-0.049853215655195356,0.001256474513797353,4184
positive,fg_amine_secondary_count,mw,0.049773709717416126,0.0012792738623765745,4184
positive,fg_BB_SA18_sulphonate_ester_count,ring_count,-0.04935524100678882,0.0014056949921696386,4184
positive,fg_BB_SA12_hydrazine_count,heteroatom_count,0.04894637915347121,0.0015402441610981137,4184
positive,fg_amine_tertiary_count,aromatic_ring_count,0.0488323060579925,0.0015798450256511772,4184
positive,fg_aldehyde_count,rot_bonds,0.04835005045140812,0.00175783319975158,4184
positive,fg_BB_SA16b_aziridine_count,mw,0.04819628270158871,0.0018183483180317771,4184
positive,fg_fluoro_count,rot_bonds,-0.048189689798530645,0.0018209852358946894,4184
positive,fg_BB_SA47_n_alkylcarboxylic_acid_count,hbd,0.048005080480493366,0.0018962637325252926,4184
positive,bb_any_alert,hba,0.04736470664299472,0.002180080120762007,4184
positive,fg_nitrile_count,ring_count,-0.04733960743773879,0.0021919587718292883,4184
positive,fg_BB_SA18_sulphonate_ester_count,aromatic_ring_count,-0.04678544348578213,0.002469810996346817,4184
positive,fg_nitrile_count,tpsa,0.046086289177731714,0.002866227861662528,4184
positive,fg_carbamate_count,ring_count,-0.04599622391813221,0.002921313454470573,4184
positive,fg_fluoro_count,hba,-0.0459801172719104,0.0029312657894307805,4184
positive,fg_BB_SA3_aromatic_nitroso_count,mw,-0.045582573592640147,0.0031869252971415507,4184
positive,fg_BB_SA2c_aromatic_amine_general_count,heteroatom_count,0.04528620446294104,0.0033905608897719,4184
positive,fg_BB_SA23_monohaloalkene_count,logp,-0.04478393954632367,0.0037628701305859728,4184
positive,fg_BB_SA16b_aziridine_count,logp,0.044652444658169886,0.0038662922872406296,4184
positive,fg_BB_SA23_monohaloalkene_count,heteroatom_count,0.04459244117779991,0.0039143378792533354,4184
positive,fg_sulfone_count,ring_count,0.044181785196460314,0.0042579720382001675,4184
positive,bb_any_nongenotox_alert,logp,0.044032331867443104,0.004389671036060805,4184
positive,fg_BB_SA40_alkyl_halides_nongx_count,logp,-0.04399855628513251,0.004419940897292539,4184
positive,fg_BB_SA13_aliphatic_halogen_count,logp,-0.043657816032682144,0.004736060880910068,4184
positive,fg_BB_SA18_sulphonate_ester_count,hbd,-0.04344358575094188,0.004945145199893134,4184
positive,fg_BB_SA14c_half_mustard_count,heavy_atom_count,0.04319348281984867,0.005199774552453306,4184
positive,fg_imine_count,heavy_atom_count,0.04291474329182401,0.005497464702807407,4184
positive,fg_BB_SA12_hydrazine_count,fraction_csp3,-0.042781488121671374,0.005645140985126308,4184
positive,fg_carbamate_count,rot_bonds,0.042361468068024453,0.0061343152053690495,4184
positive,bb_n_genotox_alerts,aromatic_ring_count,-0.04233090423072723,0.006171358549376934,4184
positive,fg_BB_SA28_alkenylbenzene_count,tpsa,-0.042209897752420296,0.0063200030088991005,4184
positive,fg_epoxide_count,heavy_atom_count,-0.04206441790960766,0.006502969959317986,4184
positive,fg_BB_SA20_ab_unsat_carbonyl_count,tpsa,0.041913513862144716,0.006697778182700675,4184
positive,fg_imine_count,aromatic_ring_count,-0.04096207335024065,0.00805144297986641,4184
positive,fg_BB_SA23_monohaloalkene_count,hbd,-0.04059288731245088,0.008639434816613728,4184
positive,fg_fluoro_count,hbd,-0.040355252928313566,0.009037920146079221,4184
positive,fg_carboxylic_acid_count,mw,0.04034481396378691,0.009055795306414613,4184
positive,fg_BB_SA12_hydrazine_count,aromatic_ring_count,-0.04006837763696043,0.00954077780299211,4184
positive,fg_BB_SA16_epoxide_count,heavy_atom_count,-0.03981392421237951,0.010007518209199758,4184
positive,fg_diazo_like_count,logp,-0.03961862277482443,0.010379435226380011,4184
positive,fg_BB_SA27_azide_count,logp,-0.03961862277482443,0.010379435226380011,4184
positive,fg_chloro_count,logp,0.03929907293299759,0.011014524400293983,4184
positive,fg_BB_SA6b_aromatic_dialkylamine_count,ring_count,0.03914254706484348,0.011338025392252577,4184
positive,fg_BB_SA2c_aromatic_amine_general_count,rot_bonds,-0.039054652005260294,0.011523356423579524,4184
positive,fg_BB_SA16b_aziridine_count,fraction_csp3,0.039051012776548336,0.011531087525239231,4184
positive,fg_BB_SA2b_hydroxylamine_aromatic_count,ring_count,-0.03875696323278877,0.012171169575755918,4184
positive,fg_halogen_any_count,rot_bonds,0.03847008760014187,0.012825767221781635,4184
positive,fg_phenol_count,rot_bonds,-0.03818263102432715,0.01351273594211332,4184
positive,fg_BB_SA11_aliphatic_azo_count,hba,0.03794491226005595,0.014105185522684093,4184
positive,fg_halogen_any_count,logp,0.03783610778726364,0.014383912965317363,4184
positive,fg_amine_tertiary_count,logp,0.03781092629412254,0.014449108946625804,4184
positive,fg_aromatic_ring_count,hbd,0.03723394003279628,0.016016033856316943,4184
positive,fg_BB_SA2b_hydroxylamine_aromatic_count,mw,-0.03709406814097785,0.016417666632087123,4184
positive,fg_aldehyde_count,hba,-0.037051112519562994,0.01654277331062515,4184
positive,fg_BB_SA21_ab_unsat_alkoxy_count,aromatic_ring_count,-0.036309265356560566,0.018839301051376465,4184
positive,fg_BB_SA3_aromatic_nitroso_count,heteroatom_count,-0.03590728206750497,0.02019655917751004,4184
positive,fg_alkene_count,fraction_csp3,0.03587954253835908,0.02029328882176739,4184
positive,fg_BB_SA20_ab_unsat_carbonyl_count,heavy_atom_count,-0.03584307738659336,0.020421059804888547,4184
positive,fg_fluoro_count,aromatic_ring_count,0.034972531904557944,0.02368665986194792,4184
positive,fg_BB_SA12b_hydrazine_general_count,fraction_csp3,0.034809907734412386,0.024344506490667443,4184
positive,fg_amide_count,fraction_csp3,0.03475961253223702,0.024551139513998416,4184
positive,fg_BB_SA20_ab_unsat_carbonyl_count,hba,0.03473874327746412,0.024637323769001938,4184
positive,fg_BB_SA18_sulphonate_ester_count,tpsa,0.03430067304756445,0.026507865632221524,4184
positive,fg_carbamate_count,hbd,0.03346172308386609,0.030434254143734484,4184
positive,fg_BB_SA21_ab_unsat_alkoxy_count,fraction_csp3,0.033233089329422795,0.031587227330871895,4184
positive,fg_imine_count,mw,0.03316681907644091,0.031928342247422394,4184
positive,fg_BB_SA16b_aziridine_count,rot_bonds,-0.032935691929592795,0.03314284369265348,4184
positive,fg_halogen_any_count,mw,0.03285780080714752,0.03356094460206132,4184
positive,fg_BB_SA22_simple_aldehyde_count,hbd,-0.03249435299020983,0.0355719645714723,4184
positive,fg_sulfone_count,logp,0.03240644502410675,0.03607352665345945,4184
positive,fg_BB_SA2c_aromatic_amine_general_count,ring_count,0.03212384333694551,0.03772694560160962,4184
positive,fg_sulfone_count,fraction_csp3,-0.03136260832644808,0.04250445513919099,4184
positive,fg_BB_SA2c_aromatic_amine_general_count,mw,-0.03018653469371986,0.0508856728927073,4184
positive,fg_BB_SA3_aromatic_nitroso_count,heavy_atom_count,-0.029960929942918147,0.05264224207417806,4184
positive,fg_BB_SA14c_half_mustard_count,hba,0.029919342464510074,0.05297151286091268,4184
positive,fg_aldehyde_count,tpsa,-0.029912382995944804,0.05302678245772013,4184
positive,fg_aldehyde_count,fraction_csp3,0.02983914225332558,0.053611360223347816,4184
positive,fg_BB_SA22_simple_aldehyde_count,heteroatom_count,-0.029723208313775697,0.05454768858527869,4184
positive,fg_phenol_count,logp,0.029650462252472597,0.05514214791370799,4184
positive,bb_any_alert,logp,0.029476695493532847,0.05658399407860674,4184
positive,fg_BB_SA16b_aziridine_count,aromatic_ring_count,0.029454530443964164,0.05677014641342109,4184
positive,bb_any_alert,mw,0.02873342323171049,0.06310986583125927,4184
positive,fg_BB_SA6_aromatic_monoalkylamine_count,ring_count,0.028672648093273464,0.06366991114509024,4184
positive,fg_BB_SA3_aromatic_nitroso_count,tpsa,-0.02861525919981506,0.0642025132503816,4184
positive,fg_nitrile_count,rot_bonds,0.028009841816489155,0.07004827817437911,4184
positive,fg_BB_SA12_hydrazine_count,rot_bonds,0.02792602826381131,0.07089094346238996,4184
positive,fg_BB_SA2b_hydroxylamine_aromatic_count,rot_bonds,0.02779781630629008,0.0721960543122263,4184
positive,fg_BB_SA2b_hydroxylamine_aromatic_count,heteroatom_count,-0.027731853705458002,0.07287513348496351,4184
positive,fg_BB_SA20_ab_unsat_carbonyl_count,rot_bonds,0.027707985101328037,0.07312214250531283,4184
positive,fg_BB_SA20_ab_unsat_carbonyl_count,hbd,-0.02764986663319763,0.07372645743987977,4184
positive,fg_imine_count,ring_count,-0.02762733955568324,0.07396178875071661,4184
positive,fg_fluoro_count,heteroatom_count,0.027437170653757906,0.07597296384706458,4184
positive,fg_BB_SA34_halobenzene_count,tpsa,-0.02729077603781344,0.0775513907167112,4184
positive,fg_BB_SA23_monohaloalkene_count,mw,-0.027158143438591763,0.07900439479913318,4184
positive,fg_sulfide_count,logp,-0.02715407562878685,0.07904930558518188,4184
positive,bb_any_genotox_alert,fraction_csp3,0.02711192577415849,0.07951588540026332,4184
positive,fg_BB_SA34_halobenzene_count,hba,-0.026992736094210226,0.0808473846488894,4184
positive,bb_n_alerts,logp,0.026916181034928134,0.08171210588612823,4184
positive,fg_amine_secondary_count,logp,-0.026609494194479586,0.08525175685852987,4184
positive,fg_BB_SA22_simple_aldehyde_count,fraction_csp3,0.02636428681446041,0.08817012702646447,4184
positive,fg_amine_tertiary_count,tpsa,-0.025988786671656126,0.0927947215119501,4184
positive,fg_BB_SA34_halobenzene_count,hbd,-0.02576350367383852,0.0956614144851919,4184
positive,fg_nitrile_count,fraction_csp3,-0.025494415776238073,0.09917793501396695,4184
positive,fg_BB_SA2b_hydroxylamine_aromatic_count,heavy_atom_count,-0.025421041178221252,0.10015449978575743,4184
positive,fg_bromo_count,heteroatom_count,-0.025363016590022158,0.10093218072091864,4184
positive,fg_alkene_count,logp,0.02478935443921267,0.10888211116464479,4184
positive,bb_n_alerts,heavy_atom_count,-0.024708182798517296,0.11004593770503088,4184
positive,fg_nitrile_count,hba,0.02463040634058984,0.1111702813074147,4184
positive,fg_BB_SA3_aromatic_nitroso_count,aromatic_ring_count,0.024237704223758687,0.11698624655470348,4184
positive,fg_BB_SA18_sulphonate_ester_count,heavy_atom_count,-0.024176448196150557,0.11791460882713505,4184
positive,fg_BB_SA6_aromatic_monoalkylamine_count,tpsa,0.023800328539421614,0.12374209917741204,4184
positive,fg_amine_secondary_count,rot_bonds,0.02317737449138392,0.13388527613948087,4184
positive,fg_nitrile_count,heteroatom_count,0.02315585427838326,0.13424683563471387,4184
positive,fg_fluoro_count,ring_count,0.022753747041493824,0.14114227115888256,4184
positive,fg_BB_SA2_primary_aromatic_amine_count,ring_count,-0.022480636395160337,0.14597867390571373,4184
positive,fg_ketone_count,rot_bonds,-0.021734814934872882,0.15983182789527303,4184
positive,bb_any_alert,hbd,-0.021209280645657327,0.1701748470457084,4184
positive,fg_BB_SA5_nitro_aromatic_count,ring_count,0.021184402941884818,0.1706766124040171,4184
positive,fg_BB_SA10_N_nitroso_count,hbd,-0.0204801609965484,0.18534412396166347,4184
positive,fg_alkene_count,hbd,-0.02033038079748981,0.1885804303114613,4184
positive,fg_BB_SA23_monohaloalkene_count,fraction_csp3,0.020292435267146112,0.1894068964205883,4184
positive,fg_diazo_like_count,aromatic_ring_count,-0.020201709324068243,0.19139374927697786,4184
positive,fg_BB_SA27_azide_count,aromatic_ring_count,-0.020201709324068243,0.19139374927697786,4184
positive,fg_imine_count,fraction_csp3,-0.02014486292709762,0.1926464435713755,4184
positive,fg_BB_SA21_ab_unsat_alkoxy_count,hbd,0.019887375469649787,0.19839603581471651,4184
positive,bb_any_alert,heavy_atom_count,-0.0195715058411882,0.20561935002445364,4184
positive,fg_heteroaromatic_ring_count,hbd,0.019437037826103686,0.20875166471509224,4184
positive,fg_amine_primary_count,mw,0.019071032310451333,0.21745218879003395,4184
positive,fg_nitrile_count,aromatic_ring_count,-0.018526000229025324,0.23088676678669356,4184
positive,fg_sulfide_count,tpsa,0.01804256824757825,0.24328752416459937,4184
positive,fg_nitrile_count,logp,0.017916122481673753,0.24660685908154006,4184
positive,fg_diazo_like_count,mw,-0.01772281105366123,0.2517425812933037,4184
positive,fg_BB_SA27_azide_count,mw,-0.01772281105366123,0.2517425812933037,4184
positive,fg_BB_SA13_aliphatic_halogen_count,heteroatom_count,0.017602979931290043,0.25496333284026235,4184
positive,fg_fluoro_count,logp,0.017594964912094096,0.25517977328336816,4184
positive,bb_n_genotox_alerts,heavy_atom_count,0.017506198630706914,0.2575853897906187,4184
positive,fg_amine_secondary_count,hba,0.017419738969806756,0.2599435709031838,4184
positive,fg_carbamate_count,heavy_atom_count,0.017185675858910406,0.26640243604438646,4184
positive,fg_BB_SA22_simple_aldehyde_count,hba,-0.017073369312610116,0.26954035477042804,4184
positive,fg_amine_tertiary_count,hbd,0.01632611040950704,0.29106396762654213,4184
positive,fg_BB_SA22_simple_aldehyde_count,tpsa,-0.01604694111710127,0.29939365889031405,4184
positive,fg_BB_SA2b_hydroxylamine_aromatic_count,hba,-0.01590091134504486,0.3038135326538977,4184
positive,fg_fluoro_count,heavy_atom_count,0.01580642892184231,0.3066961990289933,4184
positive,fg_fluoro_count,mw,0.015591896669135264,0.3133086455570026,4184
positive,fg_bromo_count,rot_bonds,0.015492769687829349,0.31639545406319836,4184
positive,fg_BB_SA2b_hydroxylamine_aromatic_count,tpsa,-0.015297299816128077,0.32254063806186595,4184
positive,fg_BB_SA14c_half_mustard_count,tpsa,0.015148127304449692,0.3272823365727341,4184
positive,fg_carbamate_count,mw,0.015065421959080005,0.32993066107773694,4184
positive,fg_alkene_count,rot_bonds,-0.014773426772724892,0.3393912917508306,4184
positive,fg_BB_SA3_aromatic_nitroso_count,rot_bonds,0.014210223753705592,0.3581250315288361,4184
positive,bb_any_alert,fraction_csp3,0.014062823306283098,0.36313339078846696,4184
positive,fg_fused_ring_like_count,hbd,0.01401072696005197,0.3649139460856641,4184
positive,fg_BB_SA34_halobenzene_count,ring_count,0.01362899123206936,0.3781267368980912,4184
positive,fg_BB_SA2b_hydroxylamine_aromatic_count,logp,0.013434728884851588,0.38496228397854304,4184
positive,bb_any_genotox_alert,logp,-0.013277466629908126,0.3905508410322013,4184
positive,fg_azo_count,ring_count,-0.011823270002798305,0.4445259768295764,4184
positive,bb_n_alerts,fraction_csp3,-0.011322480919757011,0.46405489484045737,4184
positive,fg_ketone_count,aromatic_ring_count,-0.010863572808078613,0.48236214046506054,4184
positive,fg_chloro_count,mw,-0.010404244903073477,0.5010721825097002,4184
positive,fg_amine_secondary_count,tpsa,0.010094187434428123,0.5139159120778973,4184
positive,fg_BB_SA6b_aromatic_dialkylamine_count,hbd,-0.010019155858341894,0.5170495300063487,4184
positive,fg_BB_SA16_epoxide_count,rot_bonds,-0.009999030898956197,0.5178917079334064,4184
positive,bb_any_genotox_alert,mw,-0.009976691958241673,0.5188273652707958,4184
positive,bb_any_genotox_alert,hbd,-0.009368982988050991,0.5446116578221306,4184
positive,fg_BB_SA21_ab_unsat_alkoxy_count,logp,0.008958320060451929,0.5623887344500063,4184
positive,fg_BB_SA2c_aromatic_amine_general_count,heavy_atom_count,0.008342159963671051,0.5895755966290044,4184
positive,fg_BB_SA40_alkyl_halides_nongx_count,heteroatom_count,0.008065728716617626,0.6019663070782281,4184
positive,fg_BB_SA3_aromatic_nitroso_count,ring_count,-0.007985322049082267,0.6055923539603255,4184
positive,fg_azo_count,fraction_csp3,-0.0077457555919191595,0.6164534156633656,4184
positive,fg_alkene_count,ring_count,0.007710932900003475,0.6180392351748383,4184
positive,fg_ketone_count,fraction_csp3,-0.007646111431709302,0.620995932611994,4184
positive,fg_BB_SA23_monohaloalkene_count,rot_bonds,-0.007583960791403216,0.6238365646761402,4184
positive,fg_diazo_like_count,heavy_atom_count,-0.006881970424735083,0.6563019929060694,4184
positive,fg_BB_SA27_azide_count,heavy_atom_count,-0.006881970424735083,0.6563019929060694,4184
positive,fg_epoxide_count,rot_bonds,-0.006638431389192517,0.6677225966113869,4184
positive,fg_BB_SA18_sulphonate_ester_count,mw,-0.0064527615304780005,0.6764816130767322,4184
positive,fg_BB_SA3_aromatic_nitroso_count,hba,0.006022407761102575,0.6969509586015399,4184
positive,bb_n_genotox_alerts,logp,0.005990128535162609,0.698495444480433,4184
positive,fg_BB_SA40_alkyl_halides_nongx_count,mw,-0.0058398433104849875,0.7057025932967689,4184
positive,fg_BB_SA2b_hydroxylamine_aromatic_count,aromatic_ring_count,-0.005556483365882871,0.7193631208115965,4184
positive,fg_sulfide_count,heavy_atom_count,-0.005497117536114145,0.7222366563850235,4184
positive,fg_amine_secondary_count,aromatic_ring_count,0.005059686045066141,0.7435285258247168,4184
positive,fg_BB_SA16b_aziridine_count,hbd,-0.004747477919683997,0.7588470969852988,4184
positive,fg_nitrile_count,heavy_atom_count,0.0043026522176523125,0.7808356348959319,4184
positive,fg_BB_SA2c_aromatic_amine_general_count,logp,-0.003975787708097272,0.7971066599182774,4184
positive,fg_BB_SA21_ab_unsat_alkoxy_count,rot_bonds,0.0036116950114788685,0.8153349053636677,4184
positive,fg_BB_SA14c_half_mustard_count,logp,0.0035553479892795124,0.8181651289887963,4184
positive,fg_BB_SA7_aromatic_Nacylamine_count,ring_count,0.003418024519174718,0.8250725331590277,4184
positive,fg_BB_SA34_halobenzene_count,rot_bonds,0.003296882429423389,0.8311772889175273,4184
positive,fg_amine_primary_count,heavy_atom_count,-0.0024107483417391013,0.8761196421174167,4184
positive,fg_BB_SA28_alkenylbenzene_count,hbd,0.0021501032674051154,0.8894220534760231,4184
positive,fg_BB_SA2_primary_aromatic_amine_count,hba,0.0020870265153761997,0.8926460992275245,4184
positive,fg_bromo_count,logp,0.0017455217199581477,0.9101309184641941,4184
positive,fg_nitrile_count,mw,-0.001516673408098751,0.921872728622551,4184
positive,fg_BB_SA2_primary_aromatic_amine_count,logp,0.0012593769928867652,0.9350943933435337,4184
positive,fg_carboxylic_acid_count,heavy_atom_count,-0.0011393530908304673,0.9412684001167384,4184
positive,fg_BB_SA20_ab_unsat_carbonyl_count,mw,0.0008648215059194079,0.9554029272878302,4184
positive,fg_BB_SA47_n_alkylcarboxylic_acid_count,ring_count,0.0006649447169925289,0.9657028610234142,4184
positive,fg_amine_secondary_count,heteroatom_count,-0.0004662323799958476,0.9759484659446033,4184
positive,fg_BB_SA13_aliphatic_halogen_count,mw,-0.0002550600277918,0.9868408198192729,4184
