endpoint,feature,mode,threshold,n,pos,neg,pos_rate,rate_ci_low,rate_ci_high,base_pos_rate,lift,p,direction,q,significant,feature_clean,rule,support_level
ames_combine,fg_amine_primary_count,eq,1,364,89,275,0.2445054945054945,0.2012143410916423,0.2920075069216397,0.3052900401313389,0.800895746223184,0.011045778527090749,negative,0.02636589090376855,True,amine_primary,amine_primary = 1,high
ames_combine,fg_amine_primary_count,eq,2,67,8,59,0.11940298507462686,0.05298480594316101,0.2217851384399428,0.3052900401313389,0.3911132673154305,0.0004781726309773812,negative,0.0014672099406509032,True,amine_primary,amine_primary = 2,high
ames_combine,fg_amine_primary_count,eq,3,3,0,3,0.0,0.0,0.7075982261787134,0.3052900401313389,0.0,0.5579306585953901,negative,0.6257365855251649,False,amine_primary,amine_primary = 3,low
ames_combine,fg_amine_primary_count,ge,1,435,97,338,0.22298850574712645,0.18472065166664117,0.26507107301880767,0.3052900401313389,0.7304152655985583,0.00010937794587970782,negative,0.0003662598644886216,True,amine_primary,amine_primary ≥ 1,high
ames_combine,fg_amine_primary_count,ge,2,71,8,63,0.11267605633802817,0.049919670232741124,0.21000049366540502,0.3052900401313389,0.36907871704413864,0.00023191124008320018,negative,0.000738586884178018,True,amine_primary,amine_primary ≥ 2,high
ames_combine,fg_amine_primary_count,ge,3,4,0,4,0.0,0.0,0.6023646356164747,0.3052900401313389,0.0,0.32060310967024686,negative,0.4129037883128186,False,amine_primary,amine_primary ≥ 3,low
ames_combine,fg_amine_secondary_count,eq,1,320,67,253,0.209375,0.16610679818985497,0.25811481371931305,0.3052900401313389,0.6858232253824093,0.00013181869524744047,negative,0.0004315405330446934,True,amine_secondary,amine_secondary = 1,high
ames_combine,fg_amine_secondary_count,eq,2,30,5,25,0.16666666666666666,0.056421696468071485,0.3472116988341438,0.3052900401313389,0.5459289356277883,0.11390213255676654,negative,0.19041952679592666,False,amine_secondary,amine_secondary = 2,high
ames_combine,fg_amine_secondary_count,eq,4,3,1,2,0.3333333333333333,0.008403758659612636,0.9057006759497539,0.3052900401313389,1.0918578712555767,1.0,positive,1.0,False,amine_secondary,amine_secondary = 4,low
ames_combine,fg_amine_secondary_count,ge,1,356,74,282,0.20786516853932585,0.166891839204977,0.2537742540840521,0.3052900401313389,0.6808776612885901,3.293150016925308e-05,negative,0.00011802971926105386,True,amine_secondary,amine_secondary ≥ 1,high
ames_combine,fg_amine_secondary_count,ge,2,36,7,29,0.19444444444444445,0.08194363976520887,0.3602480161750253,0.3052900401313389,0.6369170915657532,0.20342470134843665,negative,0.3025555202796545,False,amine_secondary,amine_secondary ≥ 2,high
ames_combine,fg_amine_secondary_count,ge,3,6,2,4,0.3333333333333333,0.043271868292741676,0.7772219044964879,0.3052900401313389,1.0918578712555767,1.0,positive,1.0,False,amine_secondary,amine_secondary ≥ 3,low
ames_combine,fg_amine_secondary_count,ge,4,4,1,3,0.25,0.006309463209709866,0.8058795503167566,0.3052900401313389,0.8188934034416826,1.0,negative,1.0,False,amine_secondary,amine_secondary ≥ 4,low
ames_combine,fg_amine_tertiary_count,eq,1,491,142,349,0.2892057026476578,0.24945715733548815,0.3315143294801772,0.3052900401313389,0.947314568543535,0.4542850198574398,negative,0.5427339890651575,False,amine_tertiary,amine_tertiary = 1,high
ames_combine,fg_amine_tertiary_count,eq,2,75,7,68,0.09333333333333334,0.03835390654172754,0.18289352655626437,0.3052900401313389,0.3057202039515615,2.1893414760516004e-05,negative,8.043599404177039e-05,True,amine_tertiary,amine_tertiary = 2,high
ames_combine,fg_amine_tertiary_count,eq,3,16,3,13,0.1875,0.040473733905945886,0.45645654623161175,0.3052900401313389,0.614170052581262,0.4194670742748636,negative,0.5078671601757646,False,amine_tertiary,amine_tertiary = 3,medium
ames_combine,fg_amine_tertiary_count,eq,4,8,3,5,0.375,0.08523341413725354,0.7551367836334484,0.3052900401313389,1.228340105162524,0.7065705203260497,positive,0.7681824209852786,False,amine_tertiary,amine_tertiary = 4,low
ames_combine,fg_amine_tertiary_count,ge,1,593,156,437,0.2630691399662732,0.22804264888041015,0.3004746494003037,0.3052900401313389,0.8617023334698313,0.022626724126474772,negative,0.04930413422868376,True,amine_tertiary,amine_tertiary ≥ 1,high
ames_combine,fg_amine_tertiary_count,ge,2,102,14,88,0.13725490196078433,0.07711807630518495,0.21955653589659177,0.3052900401313389,0.4495885352228846,0.00012974622858786974,negative,0.00042767468406351244,True,amine_tertiary,amine_tertiary ≥ 2,high
ames_combine,fg_amine_tertiary_count,ge,3,27,7,20,0.25925925925925924,0.1111445628454424,0.4628487422761715,0.3052900401313389,0.8492227887543374,0.6809979622271001,negative,0.7434775371185097,False,amine_tertiary,amine_tertiary ≥ 3,high
ames_combine,fg_amine_tertiary_count,ge,4,11,4,7,0.36363636363636365,0.10926344381909811,0.6920952849883228,0.3052900401313389,1.1911176777333565,0.7451970892400546,positive,0.8042090134340184,False,amine_tertiary,amine_tertiary ≥ 4,medium
ames_combine,fg_amine_tertiary_count,ge,5,3,1,2,0.3333333333333333,0.008403758659612636,0.9057006759497539,0.3052900401313389,1.0918578712555767,1.0,positive,1.0,False,amine_tertiary,amine_tertiary ≥ 5,low
ames_combine,fg_amine_tertiary_count,ge,6,3,1,2,0.3333333333333333,0.008403758659612636,0.9057006759497539,0.3052900401313389,1.0918578712555767,1.0,positive,1.0,False,amine_tertiary,amine_tertiary ≥ 6,low
ames_combine,fg_ammonium_quaternary_count,eq,1,129,14,115,0.10852713178294573,0.06061721950439302,0.17538332349961674,0.3052900401313389,0.35548860924600173,1.3610733251029243e-07,negative,6.280228098506407e-07,True,ammonium_quaternary,ammonium_quaternary = 1,high
ames_combine,fg_ammonium_quaternary_count,eq,2,4,0,4,0.0,0.0,0.6023646356164747,0.3052900401313389,0.0,0.32060310967024686,negative,0.4129037883128186,False,ammonium_quaternary,ammonium_quaternary = 2,low
ames_combine,fg_ammonium_quaternary_count,ge,1,134,14,120,0.1044776119402985,0.058307231145062116,0.16908056275018818,0.3052900401313389,0.3422241089010017,4.276182720597303e-08,negative,2.0399695832398936e-07,True,ammonium_quaternary,ammonium_quaternary ≥ 1,high
ames_combine,fg_ammonium_quaternary_count,ge,2,5,0,5,0.0,0.0,0.5218237501049815,0.3052900401313389,0.0,0.331873181391361,negative,0.4129037883128186,False,ammonium_quaternary,ammonium_quaternary ≥ 2,low
ames_combine,fg_amide_count,eq,1,1101,356,745,0.32334241598546776,0.2957619984579438,0.3518704570823335,0.3052900401313389,1.059131886013584,0.18325655009952235,positive,0.280716734422771,False,amide,amide = 1,high
ames_combine,fg_amide_count,eq,2,312,63,249,0.20192307692307693,0.15879412341619317,0.25081360341576203,0.3052900401313389,0.6614139027798206,3.801268179952291e-05,negative,0.00013500261536072983,True,amide,amide = 2,high
ames_combine,fg_amide_count,eq,3,19,1,18,0.05263157894736842,0.0013316288041794228,0.2602806541952142,0.3052900401313389,0.17239861125088055,0.012495044425038751,negative,0.029113701920766236,True,amide,amide = 3,medium
ames_combine,fg_amide_count,eq,4,35,1,34,0.02857142857142857,0.0007231043763380947,0.14917207965643167,0.3052900401313389,0.09358781753619229,6.522570661068682e-05,negative,0.00022352201212785073,True,amide,amide = 4,high
ames_combine,fg_amide_count,ge,1,1471,421,1050,0.28619986403806935,0.2632082523913422,0.3100482677243405,0.3052900401313389,0.9374687229067258,0.09344432761354127,negative,0.16383011736482272,False,amide,amide ≥ 1,high
ames_combine,fg_amide_count,ge,2,370,65,305,0.17567567567567569,0.13827880115855987,0.21835542469554572,0.3052900401313389,0.5754386078238851,1.1384422494677879e-08,negative,5.6776779420265844e-08,True,amide,amide ≥ 2,high
ames_combine,fg_amide_count,ge,3,58,2,56,0.034482758620689655,0.004203647239867671,0.11907731088039214,0.3052900401313389,0.11295081426781829,3.899300121255577e-07,negative,1.7280884604414783e-06,True,amide,amide ≥ 3,high
ames_combine,fg_amide_count,ge,4,39,1,38,0.02564102564102564,0.0006489638954819452,0.13476392155949796,0.3052900401313389,0.08398906701965975,1.550736420703177e-05,negative,5.8252021957183444e-05,True,amide,amide ≥ 4,high
ames_combine,fg_amide_count,ge,5,4,0,4,0.0,0.0,0.6023646356164747,0.3052900401313389,0.0,0.32060310967024686,negative,0.4129037883128186,False,amide,amide ≥ 5,low
ames_combine,fg_amide_count,ge,6,4,0,4,0.0,0.0,0.6023646356164747,0.3052900401313389,0.0,0.32060310967024686,negative,0.4129037883128186,False,amide,amide ≥ 6,low
ames_combine,fg_amide_count,ge,7,3,0,3,0.0,0.0,0.7075982261787134,0.3052900401313389,0.0,0.5579306585953901,negative,0.6257365855251649,False,amide,amide ≥ 7,low
ames_combine,fg_urea_count,eq,1,183,63,120,0.3442622950819672,0.2757308892547733,0.4179320354531585,0.3052900401313389,1.127656489985268,0.25815421216430073,positive,0.37260681854256217,False,urea,urea = 1,high
ames_combine,fg_urea_count,eq,2,26,1,25,0.038461538461538464,0.0009732878933350304,0.19636964676253899,0.3052900401313389,0.12598360052948965,0.0019902663933373914,negative,0.00539951901155422,True,urea,urea = 2,high
ames_combine,fg_urea_count,ge,1,210,64,146,0.3047619047619048,0.24328488523184558,0.37184832819755176,0.3052900401313389,0.9982700537193846,1.0,negative,1.0,False,urea,urea ≥ 1,high
ames_combine,fg_urea_count,ge,2,27,1,26,0.037037037037037035,0.000937257091944707,0.18970561741304462,0.3052900401313389,0.12131754125061964,0.0011777900331208112,negative,0.00335041242431454,True,urea,urea ≥ 2,high
ames_combine,fg_carbamate_count,eq,1,115,47,68,0.40869565217391307,0.3179407867980836,0.504270871331779,0.3052900401313389,1.338712694322055,0.01903640479223275,positive,0.04233523039183451,True,carbamate,carbamate = 1,high
ames_combine,fg_carbamate_count,eq,2,21,3,18,0.14285714285714285,0.03048896762151555,0.363423987016981,0.3052900401313389,0.4679390876809615,0.15274451619381715,negative,0.24093751410384076,False,carbamate,carbamate = 2,high
ames_combine,fg_carbamate_count,ge,1,137,50,87,0.36496350364963503,0.2844418234709087,0.4514599101975744,0.3052900401313389,1.1954648225426023,0.13580253521067678,positive,0.21684001535001798,False,carbamate,carbamate ≥ 1,high
ames_combine,fg_carbamate_count,ge,2,22,3,19,0.13636363636363635,0.02905585112874668,0.3491220972574081,0.3052900401313389,0.44666912915000867,0.10502232173088843,negative,0.18262041701572884,False,carbamate,carbamate ≥ 2,high
ames_combine,fg_aniline_count,eq,1,2149,1080,1069,0.5025593299208935,0.48119590875651996,0.5239157617896293,0.3052900401313389,1.6461700804411676,4.2427795270378434e-97,positive,7.42169791893784e-96,True,aniline,aniline = 1,high
ames_combine,fg_aniline_count,eq,2,1012,480,532,0.4743083003952569,0.4431625017177106,0.5056039449857626,0.3052900401313389,1.5536317535652475,1.3291477577676142e-31,positive,1.3664571685119683e-30,True,aniline,aniline = 2,high
ames_combine,fg_aniline_count,eq,3,229,122,107,0.5327510917030568,0.4658853465346497,0.5987580597761196,0.3052900401313389,1.7450654186879526,7.485070662109297e-13,positive,4.521908668037163e-12,True,aniline,aniline = 3,high
ames_combine,fg_aniline_count,eq,4,96,30,66,0.3125,0.22175264431207148,0.4151815974671897,0.3052900401313389,1.0236167543021033,0.9115096992019543,positive,0.9667777081128421,False,aniline,aniline = 4,high
ames_combine,fg_aniline_count,eq,5,18,5,13,0.2777777777777778,0.09694921252555934,0.5348019655830561,0.3052900401313389,0.9098815593796474,1.0,negative,1.0,False,aniline,aniline = 5,medium
ames_combine,fg_aniline_count,eq,6,11,1,10,0.09090909090909091,0.002298972213814267,0.4127799169883827,0.3052900401313389,0.29777941943333913,0.19030687264922444,negative,0.28448935554195287,False,aniline,aniline = 6,medium
ames_combine,fg_aniline_count,eq,8,12,2,10,0.16666666666666666,0.020862525460092384,0.48413774868596715,0.3052900401313389,0.5459289356277883,0.3665414664236085,negative,0.4526729174377968,False,aniline,aniline = 8,medium
ames_combine,fg_aniline_count,eq,9,5,0,5,0.0,0.0,0.5218237501049815,0.3052900401313389,0.0,0.331873181391361,negative,0.4129037883128186,False,aniline,aniline = 9,low
ames_combine,fg_aniline_count,eq,10,13,0,13,0.0,0.0,0.24705263800047095,0.3052900401313389,0.0,0.013337001212502836,negative,0.03064895180598691,True,aniline,aniline = 10,medium
ames_combine,fg_aniline_count,ge,1,3550,1720,1830,0.48450704225352115,0.4679449275217293,0.5010946952835384,0.3052900401313389,1.5870384832897961,1.0535453907141435e-152,positive,2.9398933283737528e-151,True,aniline,aniline ≥ 1,high
ames_combine,fg_aniline_count,ge,2,1401,640,761,0.4568165596002855,0.43048962527299395,0.48332494652224933,0.3052900401313389,1.4963362689583921,2.0300344317296905e-36,positive,2.2876926480646126e-35,True,aniline,aniline ≥ 2,high
ames_combine,fg_aniline_count,ge,3,389,160,229,0.41131105398457585,0.3619652861822701,0.4620168353617606,0.3052900401313389,1.3472796354824599,7.273132605288024e-06,positive,2.8413704711325214e-05,True,aniline,aniline ≥ 3,high
ames_combine,fg_aniline_count,ge,4,160,38,122,0.2375,0.17388086674882455,0.31110372040991474,0.3052900401313389,0.7779487332695985,0.06940671209712981,negative,0.1281941691749617,False,aniline,aniline ≥ 4,high
ames_combine,fg_aniline_count,ge,5,64,8,56,0.125,0.05554279117960204,0.23152630596600407,0.3052900401313389,0.4094467017208413,0.0009932393614928915,negative,0.0028819348018551405,True,aniline,aniline ≥ 5,high
ames_combine,fg_aniline_count,ge,6,46,3,43,0.06521739130434782,0.013656771913445585,0.17896438887275123,0.3052900401313389,0.21362436611522154,0.00014659643040991716,negative,0.00047725282344561915,True,aniline,aniline ≥ 6,high
ames_combine,fg_aniline_count,ge,7,35,2,33,0.05714285714285714,0.006996763628309519,0.19157140634523917,0.3052900401313389,0.18717563507238458,0.0006636559665885741,negative,0.0019841959001066552,True,aniline,aniline ≥ 7,high
ames_combine,fg_aniline_count,ge,8,33,2,31,0.06060606060606061,0.0074258377422598025,0.20226431252635504,0.3052900401313389,0.19851961295555942,0.0010307803485789504,negative,0.0029537275514291686,True,aniline,aniline ≥ 8,high
ames_combine,fg_aniline_count,ge,9,21,0,21,0.0,0.0,0.16109761521907962,0.3052900401313389,0.0,0.0006066832306990642,negative,0.0018420537470966406,True,aniline,aniline ≥ 9,high
ames_combine,fg_aniline_count,ge,10,16,0,16,0.0,0.0,0.20590721420782274,0.3052900401313389,0.0,0.004758064542385558,negative,0.012169454337269679,True,aniline,aniline ≥ 10,medium
ames_combine,fg_aniline_count,ge,11,3,0,3,0.0,0.0,0.7075982261787134,0.3052900401313389,0.0,0.5579306585953901,negative,0.6257365855251649,False,aniline,aniline ≥ 11,low
ames_combine,fg_aniline_count,ge,12,3,0,3,0.0,0.0,0.7075982261787134,0.3052900401313389,0.0,0.5579306585953901,negative,0.6257365855251649,False,aniline,aniline ≥ 12,low
ames_combine,fg_nitrile_count,eq,1,293,52,241,0.17747440273037543,0.13547893266121652,0.22613044101122856,0.3052900401313389,0.5813304707026279,6.56847518160767e-07,negative,2.8095813550526236e-06,True,nitrile,nitrile = 1,high
ames_combine,fg_nitrile_count,eq,2,77,9,68,0.11688311688311688,0.05486247681175016,0.21031896808670636,0.3052900401313389,0.3828592535571503,0.00015619678412467214,negative,0.0005070987008147251,True,nitrile,nitrile = 2,high
ames_combine,fg_nitrile_count,eq,3,3,0,3,0.0,0.0,0.7075982261787134,0.3052900401313389,0.0,0.5579306585953901,negative,0.6257365855251649,False,nitrile,nitrile = 3,low
ames_combine,fg_nitrile_count,eq,4,4,0,4,0.0,0.0,0.6023646356164747,0.3052900401313389,0.0,0.32060310967024686,negative,0.4129037883128186,False,nitrile,nitrile = 4,low
ames_combine,fg_nitrile_count,ge,1,377,61,316,0.16180371352785147,0.1260848441211116,0.2029349142054063,0.3052900401313389,0.5299999746413012,1.0317367119716377e-10,negative,5.521440303336801e-10,True,nitrile,nitrile ≥ 1,high
ames_combine,fg_nitrile_count,ge,2,84,9,75,0.10714285714285714,0.05017738898650497,0.19367005954466726,0.3052900401313389,0.3509543157607211,2.3666986437655734e-05,negative,8.641030562284274e-05,True,nitrile,nitrile ≥ 2,high
ames_combine,fg_nitrile_count,ge,3,7,0,7,0.0,0.0,0.4096163972250034,0.3052900401313389,0.0,0.10906966426401304,negative,0.18472492271303942,False,nitrile,nitrile ≥ 3,low
ames_combine,fg_nitrile_count,ge,4,4,0,4,0.0,0.0,0.6023646356164747,0.3052900401313389,0.0,0.32060310967024686,negative,0.4129037883128186,False,nitrile,nitrile ≥ 4,low
ames_combine,fg_azo_count,eq,1,511,201,310,0.3933463796477495,0.3507375316175764,0.4371964279687572,0.3052900401313389,1.288435022244839,1.580174689614503e-05,positive,5.916820243540568e-05,True,azo,azo = 1,high
ames_combine,fg_azo_count,eq,2,142,23,119,0.1619718309859155,0.10553381247975428,0.23305872549644052,0.3052900401313389,0.5305506557509493,0.00010656307568855257,negative,0.0003588848411120219,True,azo,azo = 2,high
ames_combine,fg_azo_count,eq,3,10,5,5,0.5,0.18708602844739855,0.8129139715526015,0.3052900401313389,1.6377868068833652,0.18555553771215924,positive,0.280716734422771,False,azo,azo = 3,medium
ames_combine,fg_azo_count,eq,4,3,1,2,0.3333333333333333,0.008403758659612636,0.9057006759497539,0.3052900401313389,1.0918578712555767,1.0,positive,1.0,False,azo,azo = 4,low
ames_combine,fg_azo_count,ge,1,666,230,436,0.34534534534534533,0.3092372500545714,0.3828312892151743,0.3052900401313389,1.1312041008503724,0.022273534665190303,positive,0.048793612388043056,True,azo,azo ≥ 1,high
ames_combine,fg_azo_count,ge,2,155,29,126,0.1870967741935484,0.12902728082428927,0.2575214983079039,0.3052900401313389,0.6128492567692593,0.0011004094869188686,negative,0.003145560777241254,True,azo,azo ≥ 2,high
ames_combine,fg_azo_count,ge,3,13,6,7,0.46153846153846156,0.19223244180128798,0.7486545177296964,0.3052900401313389,1.5118032063538758,0.23523212701686722,positive,0.3429005632633935,False,azo,azo ≥ 3,medium
ames_combine,fg_azo_count,ge,4,3,1,2,0.3333333333333333,0.008403758659612636,0.9057006759497539,0.3052900401313389,1.0918578712555767,1.0,positive,1.0,False,azo,azo ≥ 4,low
ames_combine,fg_hydrazine_like_count,eq,1,427,293,134,0.6861826697892272,0.6398178530447864,0.729944636651753,0.3052900401313389,2.247641847385602,8.075398564204692e-61,positive,1.0634120356458314e-59,True,hydrazine_like,hydrazine_like = 1,high
ames_combine,fg_hydrazine_like_count,eq,2,49,29,20,0.5918367346938775,0.4421293929426456,0.7300329393687015,0.3052900401313389,1.9386047918211262,3.414602642522e-05,positive,0.00012163873243269859,True,hydrazine_like,hydrazine_like = 2,high
ames_combine,fg_hydrazine_like_count,ge,1,478,322,156,0.6736401673640168,0.6295830088099268,0.715532662263822,0.3052900401313389,2.2065579573909777,6.416932992321419e-64,positive,8.546188030682616e-63,True,hydrazine_like,hydrazine_like ≥ 1,high
ames_combine,fg_hydrazine_like_count,ge,2,51,29,22,0.5686274509803921,0.4224532258071154,0.7065451261594053,0.3052900401313389,1.8625810744948075,9.989243355863136e-05,positive,0.0003373888534026396,True,hydrazine_like,hydrazine_like ≥ 2,high
ames_combine,fg_imine_count,eq,1,383,119,264,0.31070496083550914,0.26467248599085036,0.3596923713056394,0.3052900401313389,1.017736971379219,0.8219972688625055,positive,0.8781958059315008,False,imine,imine = 1,high
ames_combine,fg_imine_count,eq,2,58,10,48,0.1724137931034483,0.08590399533161402,0.2942990057389108,0.3052900401313389,0.5647540713390915,0.031149843486462818,negative,0.06461525055952995,False,imine,imine = 2,high
ames_combine,fg_imine_count,eq,3,13,0,13,0.0,0.0,0.24705263800047095,0.3052900401313389,0.0,0.013337001212502836,negative,0.03064895180598691,True,imine,imine = 3,medium
ames_combine,fg_imine_count,eq,4,5,2,3,0.4,0.052744950526316906,0.8533672003653269,0.3052900401313389,1.3102294455066923,0.6444178562113049,positive,0.7145295435001412,False,imine,imine = 4,low
ames_combine,fg_imine_count,ge,1,459,131,328,0.28540305010893247,0.24449717686482952,0.32909968732393374,0.3052900401313389,0.9348587002253632,0.38082505866990135,negative,0.4649239257928379,False,imine,imine ≥ 1,high
ames_combine,fg_imine_count,ge,2,76,12,64,0.15789473684210525,0.08433772792007178,0.25957123739929405,0.3052900401313389,0.5171958337526417,0.003942280150052806,negative,0.01022201844217232,True,imine,imine ≥ 2,high
ames_combine,fg_imine_count,ge,3,18,2,16,0.1111111111111111,0.013751215664364491,0.34712043860867203,0.3052900401313389,0.36395262375185894,0.07816863211457117,negative,0.1384818850956637,False,imine,imine ≥ 3,medium
ames_combine,fg_imine_count,ge,4,5,2,3,0.4,0.052744950526316906,0.8533672003653269,0.3052900401313389,1.3102294455066923,0.6444178562113049,positive,0.7145295435001412,False,imine,imine ≥ 4,low
ames_combine,fg_guanidine_like_count,eq,1,58,19,39,0.3275862068965517,0.21005384863046359,0.46340621867316684,0.3052900401313389,1.0730327355442737,0.7751635773006142,positive,0.8334786354094679,False,guanidine_like,guanidine_like = 1,high
ames_combine,fg_guanidine_like_count,eq,2,6,2,4,0.3333333333333333,0.043271868292741676,0.7772219044964879,0.3052900401313389,1.0918578712555767,1.0,positive,1.0,False,guanidine_like,guanidine_like = 2,low
ames_combine,fg_guanidine_like_count,ge,1,65,21,44,0.3230769230769231,0.21232760693939293,0.45054956709977345,0.3052900401313389,1.058262244447713,0.7874223202845287,positive,0.845883555796029,False,guanidine_like,guanidine_like ≥ 1,high
ames_combine,fg_guanidine_like_count,ge,2,7,2,5,0.2857142857142857,0.03669256617608555,0.7095791362626573,0.3052900401313389,0.935878175361923,1.0,negative,1.0,False,guanidine_like,guanidine_like ≥ 2,low
ames_combine,fg_alcohol_count,eq,1,1160,279,881,0.24051724137931035,0.21617413742499075,0.2661833794938704,0.3052900401313389,0.7878319295180326,3.907367252704708e-07,negative,1.7280884604414783e-06,True,alcohol,alcohol = 1,high
ames_combine,fg_alcohol_count,eq,2,573,228,345,0.39790575916230364,0.3575723901636532,0.4392972690423376,0.3052900401313389,1.3033696054778612,1.6769696778962113e-06,positive,6.920452332726618e-06,True,alcohol,alcohol = 2,high
ames_combine,fg_alcohol_count,eq,3,141,42,99,0.2978723404255319,0.2238454336804199,0.38060863809753587,0.3052900401313389,0.9757027785688133,0.9268108312484031,negative,0.9812306180877403,False,alcohol,alcohol = 3,high
ames_combine,fg_alcohol_count,eq,4,97,28,69,0.28865979381443296,0.20113296371354428,0.38951652041822504,0.3052900401313389,0.9455264039739015,0.8249547998123118,negative,0.8805528464298993,False,alcohol,alcohol = 4,high
ames_combine,fg_alcohol_count,eq,5,26,4,22,0.15384615384615385,0.043563476538923854,0.3486787855353614,0.3052900401313389,0.5039344021179586,0.13341127549589407,negative,0.21418906148107922,False,alcohol,alcohol = 5,high
ames_combine,fg_alcohol_count,eq,6,18,1,17,0.05555555555555555,0.0014055561673694222,0.27294359967336856,0.3052900401313389,0.18197631187592947,0.01961214336179998,negative,0.04353301518944996,True,alcohol,alcohol = 6,medium
ames_combine,fg_alcohol_count,eq,7,7,3,4,0.42857142857142855,0.09898827844250786,0.815948432359917,0.3052900401313389,1.4038172630428845,0.4429905697632479,positive,0.5319517907402936,False,alcohol,alcohol = 7,low
ames_combine,fg_alcohol_count,eq,8,4,0,4,0.0,0.0,0.6023646356164747,0.3052900401313389,0.0,0.32060310967024686,negative,0.4129037883128186,False,alcohol,alcohol = 8,low
ames_combine,fg_alcohol_count,eq,9,7,0,7,0.0,0.0,0.4096163972250034,0.3052900401313389,0.0,0.10906966426401304,negative,0.18472492271303942,False,alcohol,alcohol = 9,low
ames_combine,fg_alcohol_count,ge,1,2042,585,1457,0.2864838393731636,0.26694720120408016,0.30663527468274077,0.3052900401313389,0.938398905021321,0.04774435437530952,negative,0.09388654920782342,False,alcohol,alcohol ≥ 1,high
ames_combine,fg_alcohol_count,ge,2,882,306,576,0.3469387755102041,0.3155142046668268,0.37939002497009294,0.3052900401313389,1.1364234986537636,0.006468792465778749,positive,0.01619962557669379,True,alcohol,alcohol ≥ 2,high
ames_combine,fg_alcohol_count,ge,3,309,78,231,0.2524271844660194,0.20495344408100818,0.30471755237676446,0.3052900401313389,0.8268438248343203,0.04538005337494637,negative,0.08956107662087834,False,alcohol,alcohol ≥ 3,high
ames_combine,fg_alcohol_count,ge,4,168,36,132,0.21428571428571427,0.1548243244102206,0.2841085504454135,0.3052900401313389,0.7019086315214422,0.00894737202155049,negative,0.02171080747258214,True,alcohol,alcohol ≥ 4,high
ames_combine,fg_alcohol_count,ge,5,71,8,63,0.11267605633802817,0.049919670232741124,0.21000049366540502,0.3052900401313389,0.36907871704413864,0.00023191124008320018,negative,0.000738586884178018,True,alcohol,alcohol ≥ 5,high
ames_combine,fg_alcohol_count,ge,6,45,4,41,0.08888888888888889,0.02475295778346905,0.21221173695433956,0.3052900401313389,0.29116209900148715,0.0009353183021312734,negative,0.0027336485039846695,True,alcohol,alcohol ≥ 6,high
ames_combine,fg_alcohol_count,ge,7,27,3,24,0.1111111111111111,0.02352745438085398,0.291586924273552,0.3052900401313389,0.36395262375185894,0.03414145325966267,negative,0.06983208240894354,False,alcohol,alcohol ≥ 7,high
ames_combine,fg_alcohol_count,ge,8,20,0,20,0.0,0.0,0.16843347098308534,0.3052900401313389,0.0,0.0009983494279464052,negative,0.0028819348018551405,True,alcohol,alcohol ≥ 8,high
ames_combine,fg_alcohol_count,ge,9,16,0,16,0.0,0.0,0.20590721420782274,0.3052900401313389,0.0,0.004758064542385558,negative,0.012169454337269679,True,alcohol,alcohol ≥ 9,medium
ames_combine,fg_alcohol_count,ge,10,9,0,9,0.0,0.0,0.3362671168799429,0.3052900401313389,0.0,0.06519596525858803,negative,0.12245139628696342,False,alcohol,alcohol ≥ 10,low
ames_combine,fg_alcohol_count,ge,11,8,0,8,0.0,0.0,0.3694166475528193,0.3052900401313389,0.0,0.1163313832644057,negative,0.19041952679592666,False,alcohol,alcohol ≥ 11,low
ames_combine,fg_alcohol_count,ge,12,7,0,7,0.0,0.0,0.4096163972250034,0.3052900401313389,0.0,0.10906966426401304,negative,0.18472492271303942,False,alcohol,alcohol ≥ 12,low
ames_combine,fg_alcohol_count,ge,13,5,0,5,0.0,0.0,0.5218237501049815,0.3052900401313389,0.0,0.331873181391361,negative,0.4129037883128186,False,alcohol,alcohol ≥ 13,low
ames_combine,fg_alcohol_count,ge,14,5,0,5,0.0,0.0,0.5218237501049815,0.3052900401313389,0.0,0.331873181391361,negative,0.4129037883128186,False,alcohol,alcohol ≥ 14,low
ames_combine,fg_alcohol_count,ge,15,4,0,4,0.0,0.0,0.6023646356164747,0.3052900401313389,0.0,0.32060310967024686,negative,0.4129037883128186,False,alcohol,alcohol ≥ 15,low
ames_combine,fg_alcohol_count,ge,16,4,0,4,0.0,0.0,0.6023646356164747,0.3052900401313389,0.0,0.32060310967024686,negative,0.4129037883128186,False,alcohol,alcohol ≥ 16,low
ames_combine,fg_alcohol_count,ge,17,3,0,3,0.0,0.0,0.7075982261787134,0.3052900401313389,0.0,0.5579306585953901,negative,0.6257365855251649,False,alcohol,alcohol ≥ 17,low
ames_combine,fg_alcohol_count,ge,18,3,0,3,0.0,0.0,0.7075982261787134,0.3052900401313389,0.0,0.5579306585953901,negative,0.6257365855251649,False,alcohol,alcohol ≥ 18,low
ames_combine,fg_phenol_count,eq,1,982,252,730,0.25661914460285135,0.22955573425883788,0.28515016542202426,0.3052900401313389,0.8405748988484889,0.0005501718181909857,negative,0.0016791702367704043,True,phenol,phenol = 1,high
ames_combine,fg_phenol_count,eq,2,370,108,262,0.2918918918918919,0.24604439624073582,0.3411058513313873,0.3052900401313389,0.9561133791535322,0.6066688601053606,negative,0.6771580038509358,False,phenol,phenol = 2,high
ames_combine,fg_phenol_count,eq,3,75,36,39,0.48,0.36313525427902166,0.59849237768461,0.3052900401313389,1.5722753346080305,0.0015301339169755228,positive,0.004239519978003104,True,phenol,phenol = 3,high
ames_combine,fg_phenol_count,eq,4,41,20,21,0.4878048780487805,0.32877903577127376,0.648657606182584,0.3052900401313389,1.5978407872032832,0.016270149864902966,positive,0.03639048786577534,True,phenol,phenol = 4,high
ames_combine,fg_phenol_count,eq,5,3,1,2,0.3333333333333333,0.008403758659612636,0.9057006759497539,0.3052900401313389,1.0918578712555767,1.0,positive,1.0,False,phenol,phenol = 5,low
ames_combine,fg_phenol_count,eq,6,6,0,6,0.0,0.0,0.4592581264399005,0.3052900401313389,0.0,0.1870646498158568,negative,0.280716734422771,False,phenol,phenol = 6,low
ames_combine,fg_phenol_count,ge,1,1478,417,1061,0.2821380243572395,0.25930766688632745,0.3058373521954302,0.3052900401313389,0.9241638680248488,0.04201728434631906,negative,0.08318286698291544,False,phenol,phenol ≥ 1,high
ames_combine,fg_phenol_count,ge,2,496,165,331,0.3326612903225806,0.291292910488177,0.376038855402582,0.3052900401313389,1.0896565449022388,0.18015873180752584,positive,0.2804064192276498,False,phenol,phenol ≥ 2,high
ames_combine,fg_phenol_count,ge,3,126,57,69,0.4523809523809524,0.36356635452113933,0.5434853319643509,0.3052900401313389,1.4818071109897113,0.0006029750047459312,positive,0.0018355498845772245,True,phenol,phenol ≥ 3,high
ames_combine,fg_phenol_count,ge,4,51,21,30,0.4117647058823529,0.27584296051258517,0.5583071722325388,0.3052900401313389,1.3487656056686537,0.12629239846319376,positive,0.2046091399961027,False,phenol,phenol ≥ 4,high
ames_combine,fg_phenol_count,ge,5,10,1,9,0.1,0.0025285785444617848,0.4450161170281953,0.3052900401313389,0.3275573613766731,0.300563545618113,negative,0.4129037883128186,False,phenol,phenol ≥ 5,medium
ames_combine,fg_phenol_count,ge,6,7,0,7,0.0,0.0,0.4096163972250034,0.3052900401313389,0.0,0.10906966426401304,negative,0.18472492271303942,False,phenol,phenol ≥ 6,low
ames_combine,fg_ether_count,eq,1,2685,764,1921,0.2845437616387337,0.2675335585944117,0.30202490191792947,0.3052900401313389,0.932044037585766,0.009486337832834334,negative,0.022971049462979006,True,ether,ether = 1,high
ames_combine,fg_ether_count,eq,2,1198,261,937,0.21786310517529214,0.1947861534684113,0.24233360649230162,0.3052900401313389,0.7136266387254729,1.7899597088496241e-12,negative,1.0703228463121222e-11,True,ether,ether = 2,high
ames_combine,fg_ether_count,eq,3,290,100,190,0.3448275862068966,0.29023440196794864,0.40262913006666395,0.3052900401313389,1.129508142678183,0.1388385160231907,positive,0.22108524562388518,False,ether,ether = 3,high
ames_combine,fg_ether_count,eq,4,198,56,142,0.2828282828282828,0.2212579231814649,0.35102949191976884,0.3052900401313389,0.9264248604592773,0.5343075378020126,negative,0.6257365855251649,False,ether,ether = 4,high
ames_combine,fg_ether_count,eq,5,38,9,29,0.23684210526315788,0.1144417048225307,0.4024123605714908,0.3052900401313389,0.7757937506289624,0.48041018691582016,negative,0.5687280192579204,False,ether,ether = 5,high
ames_combine,fg_ether_count,eq,6,40,6,34,0.15,0.05710225815452586,0.2983526668395765,0.3052900401313389,0.4913360420650095,0.03772957186456864,negative,0.0754812254541332,False,ether,ether = 6,high
ames_combine,fg_ether_count,eq,7,11,0,11,0.0,0.0,0.2849141529181545,0.3052900401313389,0.0,0.022984228477485935,negative,0.04930413422868376,True,ether,ether = 7,medium
ames_combine,fg_ether_count,eq,8,9,0,9,0.0,0.0,0.3362671168799429,0.3052900401313389,0.0,0.06519596525858803,negative,0.12245139628696342,False,ether,ether = 8,low
ames_combine,fg_ether_count,eq,9,5,1,4,0.2,0.0050507633794680575,0.7164179361180896,0.3052900401313389,0.6551147227533461,1.0,negative,1.0,False,ether,ether = 9,low
ames_combine,fg_ether_count,eq,10,4,0,4,0.0,0.0,0.6023646356164747,0.3052900401313389,0.0,0.32060310967024686,negative,0.4129037883128186,False,ether,ether = 10,low
ames_combine,fg_ether_count,ge,1,4485,1197,3288,0.26688963210702343,0.25398783251172835,0.28009562293194795,0.3052900401313389,0.8742166367176759,7.764757906081087e-12,negative,4.427479328415043e-11,True,ether,ether ≥ 1,high
ames_combine,fg_ether_count,ge,2,1800,433,1367,0.24055555555555555,0.22096796347510797,0.26099226788055235,0.3052900401313389,0.7879574304227746,8.505724024954099e-11,negative,4.57280209047991e-10,True,ether,ether ≥ 2,high
ames_combine,fg_ether_count,ge,3,602,172,430,0.2857142857142857,0.2499231094114448,0.32362295408283975,0.3052900401313389,0.935878175361923,0.29809679992101223,negative,0.4129037883128186,False,ether,ether ≥ 3,high
ames_combine,fg_ether_count,ge,4,312,72,240,0.23076923076923078,0.18516896357883006,0.28156283766519796,0.3052900401313389,0.7559016031769379,0.0034368408645503654,negative,0.009011135331662255,True,ether,ether ≥ 4,high
ames_combine,fg_ether_count,ge,5,114,16,98,0.14035087719298245,0.08240227726811797,0.21789409254810965,0.3052900401313389,0.4597296300023481,5.675624922772885e-05,negative,0.00019679977542869293,True,ether,ether ≥ 5,high
ames_combine,fg_ether_count,ge,6,76,7,69,0.09210526315789473,0.03783805191796394,0.18060789141060657,0.3052900401313389,0.30169756968904093,1.4193617060710608e-05,negative,5.366102966178333e-05,True,ether,ether ≥ 6,high
ames_combine,fg_ether_count,ge,7,36,1,35,0.027777777777777776,0.0007030252059047799,0.1452892647468533,0.3052900401313389,0.09098815593796473,6.959426128245882e-05,negative,0.0002377973009418126,True,ether,ether ≥ 7,high
ames_combine,fg_ether_count,ge,8,25,1,24,0.04,0.0010121996993108446,0.20351691392241403,0.3052900401313389,0.1310229445506692,0.0018776933834879716,negative,0.005105931891990494,True,ether,ether ≥ 8,high
ames_combine,fg_ether_count,ge,9,16,1,15,0.0625,0.0015811117227658871,0.302320738434532,0.3052900401313389,0.20472335086042065,0.05225397632670195,negative,0.10139347724320312,False,ether,ether ≥ 9,medium
ames_combine,fg_ether_count,ge,10,11,0,11,0.0,0.0,0.2849141529181545,0.3052900401313389,0.0,0.022984228477485935,negative,0.04930413422868376,True,ether,ether ≥ 10,medium
ames_combine,fg_ether_count,ge,11,7,0,7,0.0,0.0,0.4096163972250034,0.3052900401313389,0.0,0.10906966426401304,negative,0.18472492271303942,False,ether,ether ≥ 11,low
ames_combine,fg_ether_count,ge,12,7,0,7,0.0,0.0,0.4096163972250034,0.3052900401313389,0.0,0.10906966426401304,negative,0.18472492271303942,False,ether,ether ≥ 12,low
ames_combine,fg_ether_count,ge,13,6,0,6,0.0,0.0,0.4592581264399005,0.3052900401313389,0.0,0.1870646498158568,negative,0.280716734422771,False,ether,ether ≥ 13,low
ames_combine,fg_ether_count,ge,14,4,0,4,0.0,0.0,0.6023646356164747,0.3052900401313389,0.0,0.32060310967024686,negative,0.4129037883128186,False,ether,ether ≥ 14,low
ames_combine,fg_ether_count,ge,15,3,0,3,0.0,0.0,0.7075982261787134,0.3052900401313389,0.0,0.5579306585953901,negative,0.6257365855251649,False,ether,ether ≥ 15,low
ames_combine,fg_ether_count,ge,16,3,0,3,0.0,0.0,0.7075982261787134,0.3052900401313389,0.0,0.5579306585953901,negative,0.6257365855251649,False,ether,ether ≥ 16,low
ames_combine,fg_aldehyde_count,eq,1,288,84,204,0.2916666666666667,0.23982150713246783,0.3478573282748031,0.3052900401313389,0.9553756373486297,0.6510077911570975,negative,0.7211541883139114,False,aldehyde,aldehyde = 1,high
ames_combine,fg_aldehyde_count,eq,2,27,14,13,0.5185185185185185,0.3194965461333836,0.7133274518680603,0.3052900401313389,1.6984455775086749,0.020905143592637728,positive,0.0461409195679311,True,aldehyde,aldehyde = 2,high
ames_combine,fg_aldehyde_count,ge,1,315,98,217,0.3111111111111111,0.2603902821728276,0.3654268271918946,0.3052900401313389,1.0190673465052051,0.8048367557657485,positive,0.8622199979501438,False,aldehyde,aldehyde ≥ 1,high
ames_combine,fg_aldehyde_count,ge,2,27,14,13,0.5185185185185185,0.3194965461333836,0.7133274518680603,0.3052900401313389,1.6984455775086749,0.020905143592637728,positive,0.0461409195679311,True,aldehyde,aldehyde ≥ 2,high
ames_combine,fg_ketone_count,eq,1,830,188,642,0.22650602409638554,0.19844027273720824,0.2565286688629958,0.3052900401313389,0.7419371558893317,2.1657687477903424e-07,negative,9.91516004847766e-07,True,ketone,ketone = 1,high
ames_combine,fg_ketone_count,eq,2,442,171,271,0.38687782805429866,0.3412325657981542,0.4340478543634161,0.3052900401313389,1.2672468053260428,0.00022921285300141566,positive,0.0007339821413050797,True,ketone,ketone = 2,high
ames_combine,fg_ketone_count,eq,3,24,16,8,0.6666666666666666,0.4467803843403519,0.8436977142908647,0.3052900401313389,2.1837157425111533,0.0004382858228597822,positive,0.0013517657483991178,True,ketone,ketone = 3,high
ames_combine,fg_ketone_count,eq,4,17,2,15,0.11764705882352941,0.014579316840302493,0.3644091621012503,0.3052900401313389,0.38536160161961536,0.11563615120478375,negative,0.19041952679592666,False,ketone,ketone = 4,medium
ames_combine,fg_ketone_count,ge,1,1315,377,938,0.28669201520912546,0.2623692914880622,0.31197188314786484,0.3052900401313389,0.9390808002966216,0.13063336219571106,negative,0.21001687310476458,False,ketone,ketone ≥ 1,high
ames_combine,fg_ketone_count,ge,2,485,189,296,0.38969072164948454,0.34604558931505447,0.43468931171459296,0.3052900401313389,1.276460645364767,5.705482891454539e-05,positive,0.00019725150291400353,True,ketone,ketone ≥ 2,high
ames_combine,fg_ketone_count,ge,3,43,18,25,0.4186046511627907,0.27011412270455787,0.5787304034792482,0.3052900401313389,1.3711703499488639,0.13401984230166722,positive,0.21478341797603479,False,ketone,ketone ≥ 3,high
ames_combine,fg_ketone_count,ge,4,19,2,17,0.10526315789473684,0.013012164371777464,0.33137666445676595,0.3052900401313389,0.3447972225017611,0.07822649587395267,negative,0.1384818850956637,False,ketone,ketone ≥ 4,medium
ames_combine,fg_carboxylic_acid_count,eq,1,902,174,728,0.19290465631929046,0.16763693457580203,0.22019552407906934,0.3052900401313389,0.6318734022122074,3.8057719475330165e-15,negative,2.5764751782357222e-14,True,carboxylic_acid,carboxylic_acid = 1,high
ames_combine,fg_carboxylic_acid_count,eq,2,157,16,141,0.10191082802547771,0.059381757226104344,0.1602183501488116,0.3052900401313389,0.3338164192373738,1.4731061039414766e-09,negative,7.639293600970843e-09,True,carboxylic_acid,carboxylic_acid = 2,high
ames_combine,fg_carboxylic_acid_count,eq,3,12,1,11,0.08333333333333333,0.0021075932318602264,0.38479616515094406,0.3052900401313389,0.27296446781389416,0.12143366340253703,negative,0.19739286200800749,False,carboxylic_acid,carboxylic_acid = 3,medium
ames_combine,fg_carboxylic_acid_count,eq,4,16,2,14,0.125,0.015513603815413885,0.3834762368492636,0.3052900401313389,0.4094467017208413,0.17303541637139808,negative,0.27003662847840015,False,carboxylic_acid,carboxylic_acid = 4,medium
ames_combine,fg_carboxylic_acid_count,ge,1,1088,193,895,0.17738970588235295,0.15512841519920084,0.20141065638883976,0.3052900401313389,0.5810530399420762,1.7624128516450365e-23,negative,1.588882970867679e-22,True,carboxylic_acid,carboxylic_acid ≥ 1,high
ames_combine,fg_carboxylic_acid_count,ge,2,186,19,167,0.10215053763440861,0.0626299958358126,0.15491981318610656,0.3052900401313389,0.3346016057073542,5.5578565072500515e-11,negative,3.029678058835842e-10,True,carboxylic_acid,carboxylic_acid ≥ 2,high
ames_combine,fg_carboxylic_acid_count,ge,3,29,3,26,0.10344827586206896,0.021863736829853642,0.27351519789242296,0.3052900401313389,0.3388524428034549,0.01526581745528952,negative,0.0344730983768773,True,carboxylic_acid,carboxylic_acid ≥ 3,high
ames_combine,fg_carboxylic_acid_count,ge,4,17,2,15,0.11764705882352941,0.014579316840302493,0.3644091621012503,0.3052900401313389,0.38536160161961536,0.11563615120478375,negative,0.19041952679592666,False,carboxylic_acid,carboxylic_acid ≥ 4,medium
ames_combine,fg_carboxylate_count,eq,1,11,0,11,0.0,0.0,0.2849141529181545,0.3052900401313389,0.0,0.022984228477485935,negative,0.04930413422868376,True,carboxylate,carboxylate = 1,medium
ames_combine,fg_carboxylate_count,ge,1,11,0,11,0.0,0.0,0.2849141529181545,0.3052900401313389,0.0,0.022984228477485935,negative,0.04930413422868376,True,carboxylate,carboxylate ≥ 1,medium
ames_combine,fg_ester_count,eq,1,1489,288,1201,0.19341840161182,0.17364077045664203,0.21441293708511,0.3052900401313389,0.633556212736614,8.65317574143208e-25,negative,8.113217575166719e-24,True,ester,ester = 1,high
ames_combine,fg_ester_count,eq,2,549,59,490,0.10746812386156648,0.08282162781104872,0.13643088195699726,0.3052900401313389,0.3520197508419619,4.036668217072842e-29,negative,3.9756093700919083e-28,True,ester,ester = 2,high
ames_combine,fg_ester_count,eq,3,68,16,52,0.23529411764705882,0.14087773625289335,0.3537869930799955,0.3052900401313389,0.7707232032392307,0.23608085285266966,negative,0.34371026030227186,False,ester,ester = 3,high
ames_combine,fg_ester_count,eq,4,56,2,54,0.03571428571428571,0.004354812741052646,0.12313180745799582,0.3052900401313389,0.11698477192024037,6.159236916207468e-07,negative,2.6467188459202675e-06,True,ester,ester = 4,high
ames_combine,fg_ester_count,eq,6,8,0,8,0.0,0.0,0.3694166475528193,0.3052900401313389,0.0,0.1163313832644057,negative,0.19041952679592666,False,ester,ester = 6,low
ames_combine,fg_ester_count,ge,1,2173,365,1808,0.1679705476300046,0.15247802731248852,0.18436399789148425,0.3052900401313389,0.5501998937067909,1.3359567504115764e-56,negative,1.7018927298721386e-55,True,ester,ester ≥ 1,high
ames_combine,fg_ester_count,ge,2,684,77,607,0.11257309941520467,0.08986843375311494,0.13868104305166137,0.3052900401313389,0.3687414740643834,3.087455715408247e-34,negative,3.413677451375911e-33,True,ester,ester ≥ 2,high
ames_combine,fg_ester_count,ge,3,135,18,117,0.13333333333333333,0.08097556996590251,0.20251688466556353,0.3052900401313389,0.4367431485022307,4.818502055444903e-06,negative,1.9078663543856172e-05,True,ester,ester ≥ 3,high
ames_combine,fg_ester_count,ge,4,67,2,65,0.029850746268656716,0.0036357307269043963,0.10370750764755464,0.3052900401313389,0.09777831682885763,2.3833789894891767e-08,negative,1.1542645354055021e-07,True,ester,ester ≥ 4,high
ames_combine,fg_ester_count,ge,5,11,0,11,0.0,0.0,0.2849141529181545,0.3052900401313389,0.0,0.022984228477485935,negative,0.04930413422868376,True,ester,ester ≥ 5,medium
ames_combine,fg_ester_count,ge,6,10,0,10,0.0,0.0,0.30849710781876083,0.3052900401313389,0.0,0.037869420279036115,negative,0.0754812254541332,False,ester,ester ≥ 6,medium
ames_combine,fg_anhydride_count,eq,1,47,2,45,0.0425531914893617,0.005195583176743832,0.14540524548821396,0.3052900401313389,0.13938611122411618,1.7832050414918613e-05,negative,6.592795926272749e-05,True,anhydride,anhydride = 1,high
ames_combine,fg_anhydride_count,eq,2,8,0,8,0.0,0.0,0.3694166475528193,0.3052900401313389,0.0,0.1163313832644057,negative,0.19041952679592666,False,anhydride,anhydride = 2,low
ames_combine,fg_anhydride_count,ge,1,55,2,53,0.03636363636363636,0.004434547318590694,0.12526425709715006,0.3052900401313389,0.11911176777333565,9.952074107414437e-07,negative,4.210769261332029e-06,True,anhydride,anhydride ≥ 1,high
ames_combine,fg_anhydride_count,ge,2,8,0,8,0.0,0.0,0.3694166475528193,0.3052900401313389,0.0,0.1163313832644057,negative,0.19041952679592666,False,anhydride,anhydride ≥ 2,low
ames_combine,fg_acid_chloride_count,eq,1,70,26,44,0.37142857142857144,0.25886980449226826,0.4952341373566868,0.3052900401313389,1.2166416279705,0.2420652307461884,positive,0.3506804084481246,False,acid_chloride,acid_chloride = 1,high
ames_combine,fg_acid_chloride_count,eq,2,6,3,3,0.5,0.11811724875702521,0.8818827512429748,0.3052900401313389,1.6377868068833652,0.3778765958154196,positive,0.46277050187635504,False,acid_chloride,acid_chloride = 2,low
ames_combine,fg_acid_chloride_count,ge,1,77,29,48,0.37662337662337664,0.2686676085838334,0.49437517950816495,0.3052900401313389,1.2336575947952622,0.17395961121083664,positive,0.27111790470625075,False,acid_chloride,acid_chloride ≥ 1,high
ames_combine,fg_acid_chloride_count,ge,2,7,3,4,0.42857142857142855,0.09898827844250786,0.815948432359917,0.3052900401313389,1.4038172630428845,0.4429905697632479,positive,0.5319517907402936,False,acid_chloride,acid_chloride ≥ 2,low
ames_combine,fg_alkene_count,eq,1,1764,532,1232,0.30158730158730157,0.2802313554708133,0.32360515482894914,0.3052900401313389,0.9878714073264742,0.739651857146122,negative,0.7996973953646264,False,alkene,alkene = 1,high
ames_combine,fg_alkene_count,eq,2,483,79,404,0.16356107660455488,0.13168411055036408,0.19962229862402897,0.3052900401313389,0.5357563467651588,5.527267668553852e-13,negative,3.3916008940026775e-12,True,alkene,alkene = 2,high
ames_combine,fg_alkene_count,eq,3,113,23,90,0.20353982300884957,0.13361897193525732,0.28958993023239715,0.3052900401313389,0.666709673598538,0.018101284517262867,negative,0.040332139646829045,True,alkene,alkene = 3,high
ames_combine,fg_alkene_count,eq,4,28,6,22,0.21428571428571427,0.0829606123876385,0.4095310265058283,0.3052900401313389,0.7019086315214422,0.41120755778204565,negative,0.49889778231941767,False,alkene,alkene = 4,high
ames_combine,fg_alkene_count,eq,5,25,17,8,0.68,0.4649992825026277,0.8505045773864305,0.3052900401313389,2.2273900573613767,0.00012383218268465675,positive,0.0004123048809841412,True,alkene,alkene = 5,high
ames_combine,fg_alkene_count,eq,6,4,1,3,0.25,0.006309463209709866,0.8058795503167566,0.3052900401313389,0.8188934034416826,1.0,negative,1.0,False,alkene,alkene = 6,low
ames_combine,fg_alkene_count,eq,9,3,1,2,0.3333333333333333,0.008403758659612636,0.9057006759497539,0.3052900401313389,1.0918578712555767,1.0,positive,1.0,False,alkene,alkene = 9,low
ames_combine,fg_alkene_count,ge,1,2425,660,1765,0.2721649484536082,0.2545282108002455,0.2903535603364058,0.3052900401313389,0.8914963237468214,9.068939891762715e-05,negative,0.00030719068072676016,True,alkene,alkene ≥ 1,high
ames_combine,fg_alkene_count,ge,2,661,128,533,0.19364599092284418,0.16418856079726116,0.22586828689551475,0.3052900401313389,0.6343016982785802,3.700814184509965e-11,negative,2.045921803889471e-10,True,alkene,alkene ≥ 2,high
ames_combine,fg_alkene_count,ge,3,178,49,129,0.2752808988764045,0.2111100328432162,0.34710082222665356,0.3052900401313389,0.9017028487335381,0.41321837101877856,negative,0.5008189563950449,False,alkene,alkene ≥ 3,high
ames_combine,fg_alkene_count,ge,4,65,26,39,0.4,0.2803996418671456,0.5290210910466281,0.3052900401313389,1.3102294455066923,0.10538286432412845,positive,0.18297587701907933,False,alkene,alkene ≥ 4,high
ames_combine,fg_alkene_count,ge,5,37,20,17,0.5405405405405406,0.3692195701065401,0.7051268717713555,0.3052900401313389,1.7705803317658004,0.0035185837196225907,positive,0.009204866337941242,True,alkene,alkene ≥ 5,high
ames_combine,fg_alkene_count,ge,6,12,3,9,0.25,0.05486064452799272,0.5718584618781892,0.3052900401313389,0.8188934034416826,1.0,negative,1.0,False,alkene,alkene ≥ 6,medium
ames_combine,fg_alkene_count,ge,7,8,2,6,0.25,0.031854026249944226,0.6508557944128242,0.3052900401313389,0.8188934034416826,1.0,negative,1.0,False,alkene,alkene ≥ 7,low
ames_combine,fg_alkene_count,ge,8,7,2,5,0.2857142857142857,0.03669256617608555,0.7095791362626573,0.3052900401313389,0.935878175361923,1.0,negative,1.0,False,alkene,alkene ≥ 8,low
ames_combine,fg_alkene_count,ge,9,6,2,4,0.3333333333333333,0.043271868292741676,0.7772219044964879,0.3052900401313389,1.0918578712555767,1.0,positive,1.0,False,alkene,alkene ≥ 9,low
ames_combine,fg_alkene_count,ge,10,3,1,2,0.3333333333333333,0.008403758659612636,0.9057006759497539,0.3052900401313389,1.0918578712555767,1.0,positive,1.0,False,alkene,alkene ≥ 10,low
ames_combine,fg_alkene_count,ge,11,3,1,2,0.3333333333333333,0.008403758659612636,0.9057006759497539,0.3052900401313389,1.0918578712555767,1.0,positive,1.0,False,alkene,alkene ≥ 11,low
ames_combine,fg_alkyne_count,eq,1,76,8,68,0.10526315789473684,0.04655356275747649,0.19691669919168628,0.3052900401313389,0.3447972225017611,4.9384526078453275e-05,negative,0.00017174677912150515,True,alkyne,alkyne = 1,high
ames_combine,fg_alkyne_count,ge,1,76,8,68,0.10526315789473684,0.04655356275747649,0.19691669919168628,0.3052900401313389,0.3447972225017611,4.9384526078453275e-05,negative,0.00017174677912150515,True,alkyne,alkyne ≥ 1,high
ames_combine,fg_aromatic_ring_count,eq,1,3497,963,2534,0.27537889619674005,0.2606232326905592,0.2905109621010986,0.3052900401313389,0.9020238461702491,7.877286006175522e-06,negative,3.0671691691819644e-05,True,aromatic_ring,aromatic_ring = 1,high
ames_combine,fg_aromatic_ring_count,eq,2,2431,1007,1424,0.41423282599753186,0.39455920006405243,0.4341133856939672,0.3052900401313389,1.3568501147935408,2.4979891907132995e-36,positive,2.78823174430094e-35,True,aromatic_ring,aromatic_ring = 2,high
ames_combine,fg_aromatic_ring_count,eq,3,1067,592,475,0.5548266166822868,0.524421172669578,0.5849288809106252,0.3052900401313389,1.8173754258199668,1.1122341533266503e-69,positive,1.6294230346235428e-68,True,aromatic_ring,aromatic_ring = 3,high
ames_combine,fg_aromatic_ring_count,eq,4,643,352,291,0.5474339035769828,0.5080406737152614,0.5863897713106689,0.3052900401313389,1.7931600498380855,7.883773775530412e-39,positive,9.058610651883964e-38,True,aromatic_ring,aromatic_ring = 4,high
ames_combine,fg_aromatic_ring_count,eq,5,203,104,99,0.5123152709359606,0.44135250534545134,0.582913153620537,0.3052900401313389,1.6781263834075861,6.860742391541315e-10,positive,3.589638429860009e-09,True,aromatic_ring,aromatic_ring = 5,high
ames_combine,fg_aromatic_ring_count,eq,6,86,19,67,0.22093023255813954,0.13856607044475502,0.3233113782501871,0.3052900401313389,0.7236732402507893,0.09989608325931001,negative,0.1744831737405534,False,aromatic_ring,aromatic_ring = 6,high
ames_combine,fg_aromatic_ring_count,eq,7,26,3,23,0.11538461538461539,0.02445807531796222,0.3015404001075678,0.3052900401313389,0.37795080158846894,0.03376677994019029,negative,0.06918647917815214,False,aromatic_ring,aromatic_ring = 7,high
ames_combine,fg_aromatic_ring_count,eq,8,22,1,21,0.045454545454545456,0.0011501475265735751,0.22844439766763344,0.3052900401313389,0.14888970971666957,0.004863535135854707,negative,0.012311151574992909,True,aromatic_ring,aromatic_ring = 8,high
ames_combine,fg_aromatic_ring_count,eq,9,10,0,10,0.0,0.0,0.30849710781876083,0.3052900401313389,0.0,0.037869420279036115,negative,0.0754812254541332,False,aromatic_ring,aromatic_ring = 9,medium
ames_combine,fg_aromatic_ring_count,eq,10,4,0,4,0.0,0.0,0.6023646356164747,0.3052900401313389,0.0,0.32060310967024686,negative,0.4129037883128186,False,aromatic_ring,aromatic_ring = 10,low
ames_combine,fg_aromatic_ring_count,ge,1,7994,3041,4953,0.3804103077307981,0.36975045523783934,0.39115741510352803,0.3052900401313389,1.2460619664078842,2.0487931987003588e-116,positive,4.530538922409095e-115,True,aromatic_ring,aromatic_ring ≥ 1,high
ames_combine,fg_aromatic_ring_count,ge,2,4497,2078,2419,0.46208583500111183,0.447431763587076,0.4767891865755028,0.3052900401313389,1.513596168425009,6.189120053435758e-166,positive,1.813412175656677e-164,True,aromatic_ring,aromatic_ring ≥ 2,high
ames_combine,fg_aromatic_ring_count,ge,3,2066,1071,995,0.5183930300096805,0.4965922182721112,0.540141580260022,0.3052900401313389,1.6980345306602944,1.7313767134257007e-107,positive,3.757728718768373e-106,True,aromatic_ring,aromatic_ring ≥ 3,high
ames_combine,fg_aromatic_ring_count,ge,4,999,479,520,0.4794794794794795,0.44809938987580183,0.5109808243975558,0.3052900401313389,1.5705703313255894,4.2325624221694866e-33,positive,4.59311403590985e-32,True,aromatic_ring,aromatic_ring ≥ 4,high
ames_combine,fg_aromatic_ring_count,ge,5,356,127,229,0.35674157303370785,0.30695048284929577,0.4089380470304911,0.3052900401313389,1.1685332835628504,0.03571927177426489,positive,0.07267879604069176,False,aromatic_ring,aromatic_ring ≥ 5,high
ames_combine,fg_aromatic_ring_count,ge,6,153,23,130,0.1503267973856209,0.09774394885700723,0.2169777478742239,0.3052900401313389,0.49240649095839734,1.2348470828169171e-05,negative,4.683627123176139e-05,True,aromatic_ring,aromatic_ring ≥ 6,high
ames_combine,fg_aromatic_ring_count,ge,7,67,4,63,0.05970149253731343,0.016504404320304724,0.14586323187313982,0.3052900401313389,0.19555663365771525,1.4980923177916875e-06,negative,6.204113768381122e-06,True,aromatic_ring,aromatic_ring ≥ 7,high
ames_combine,fg_aromatic_ring_count,ge,8,41,1,40,0.024390243902439025,0.0006173168932865189,0.1285540203841463,0.3052900401313389,0.07989203936016416,9.299476689282303e-06,negative,3.5970253068775106e-05,True,aromatic_ring,aromatic_ring ≥ 8,high
ames_combine,fg_aromatic_ring_count,ge,9,19,0,19,0.0,0.0,0.1764669118069654,0.3052900401313389,0.0,0.0017194509496140406,negative,0.004708403067634709,True,aromatic_ring,aromatic_ring ≥ 9,medium
ames_combine,fg_aromatic_ring_count,ge,10,9,0,9,0.0,0.0,0.3362671168799429,0.3052900401313389,0.0,0.06519596525858803,negative,0.12245139628696342,False,aromatic_ring,aromatic_ring ≥ 10,low
ames_combine,fg_aromatic_ring_count,ge,11,5,0,5,0.0,0.0,0.5218237501049815,0.3052900401313389,0.0,0.331873181391361,negative,0.4129037883128186,False,aromatic_ring,aromatic_ring ≥ 11,low
ames_combine,fg_aromatic_ring_count,ge,12,4,0,4,0.0,0.0,0.6023646356164747,0.3052900401313389,0.0,0.32060310967024686,negative,0.4129037883128186,False,aromatic_ring,aromatic_ring ≥ 12,low
ames_combine,fg_heteroaromatic_ring_count,eq,1,248,104,144,0.41935483870967744,0.35721811546360327,0.483442846612131,0.3052900401313389,1.3736276444828226,0.00012329627199455064,positive,0.00041169011617553657,True,heteroaromatic_ring,heteroaromatic_ring = 1,high
ames_combine,fg_heteroaromatic_ring_count,eq,2,14,8,6,0.5714285714285714,0.28860940003830743,0.8233889100178821,0.3052900401313389,1.871756350723846,0.040875370731816345,positive,0.08133435398588923,False,heteroaromatic_ring,heteroaromatic_ring = 2,medium
ames_combine,fg_heteroaromatic_ring_count,eq,6,2980,734,2246,0.24630872483221478,0.23092650619875638,0.2621905450945954,0.3052900401313389,0.806802359900933,1.1122907067527184e-15,negative,7.623419346866584e-15,True,heteroaromatic_ring,heteroaromatic_ring = 6,high
ames_combine,fg_heteroaromatic_ring_count,eq,7,90,36,54,0.4,0.29811391557031763,0.5086586816965604,0.3052900401313389,1.3102294455066923,0.06531314960518847,positive,0.12247521813964941,False,heteroaromatic_ring,heteroaromatic_ring = 7,high
ames_combine,fg_heteroaromatic_ring_count,eq,12,1297,411,886,0.31688511950655357,0.29161776955698293,0.3429851707982138,0.3052900401313389,1.037980536050984,0.3419620019868316,positive,0.4245545194158545,False,heteroaromatic_ring,heteroaromatic_ring = 12,high
ames_combine,fg_heteroaromatic_ring_count,eq,13,16,2,14,0.125,0.015513603815413885,0.3834762368492636,0.3052900401313389,0.4094467017208413,0.17303541637139808,negative,0.27003662847840015,False,heteroaromatic_ring,heteroaromatic_ring = 13,medium
ames_combine,fg_heteroaromatic_ring_count,eq,14,19,18,1,0.9473684210526315,0.7397193458047858,0.9986683711958205,0.3052900401313389,3.1031750025158495,6.995044828766088e-09,positive,3.518537570520968e-08,True,heteroaromatic_ring,heteroaromatic_ring = 14,medium
ames_combine,fg_heteroaromatic_ring_count,eq,17,358,166,192,0.46368715083798884,0.41112134974740305,0.5168583834713749,0.3052900401313389,1.5188413963275902,2.238354311978042e-10,positive,1.1870367663521562e-09,True,heteroaromatic_ring,heteroaromatic_ring = 17,high
ames_combine,fg_heteroaromatic_ring_count,eq,18,220,40,180,0.18181818181818182,0.13318490196087032,0.23924627047600186,0.3052900401313389,0.5955588388666783,3.273212085204107e-05,negative,0.00011767498662144829,True,heteroaromatic_ring,heteroaromatic_ring = 18,high
ames_combine,fg_heteroaromatic_ring_count,eq,19,45,19,26,0.4222222222222222,0.2765670282461198,0.5784967155118717,0.3052900401313389,1.383019970257064,0.10409775538775193,positive,0.18128167803037928,False,heteroaromatic_ring,heteroaromatic_ring = 19,high
ames_combine,fg_heteroaromatic_ring_count,eq,22,456,228,228,0.5,0.4531401860001895,0.5468598139998104,0.3052900401313389,1.6377868068833652,1.1594308119188667e-18,positive,9.243897357611645e-18,True,heteroaromatic_ring,heteroaromatic_ring = 22,high
ames_combine,fg_heteroaromatic_ring_count,eq,23,78,27,51,0.34615384615384615,0.24196715014168751,0.46241175870513995,0.3052900401313389,1.1338524047654066,0.45965960519818355,positive,0.5480376981610082,False,heteroaromatic_ring,heteroaromatic_ring = 23,high
ames_combine,fg_heteroaromatic_ring_count,eq,24,348,164,184,0.47126436781609193,0.41782195378322784,0.5251998096037371,0.3052900401313389,1.54366112832685,5.5284661390547224e-11,positive,3.0277393995196894e-10,True,heteroaromatic_ring,heteroaromatic_ring = 24,high
ames_combine,fg_heteroaromatic_ring_count,eq,25,44,0,44,0.0,0.0,0.08041993976357589,0.3052900401313389,0.0,1.6188979836999062e-07,negative,7.440582105475648e-07,True,heteroaromatic_ring,heteroaromatic_ring = 25,high
ames_combine,fg_heteroaromatic_ring_count,eq,28,140,19,121,0.1357142857142857,0.08372867240966628,0.20379656323630854,0.3052900401313389,0.4445421332969134,4.585294851910652e-06,negative,1.821683242860774e-05,True,heteroaromatic_ring,heteroaromatic_ring = 28,high
ames_combine,fg_heteroaromatic_ring_count,eq,29,25,14,11,0.56,0.34928163399133577,0.7559763348527919,0.3052900401313389,1.8343212237093691,0.008386757467402617,positive,0.020587708918529533,True,heteroaromatic_ring,heteroaromatic_ring = 29,high
ames_combine,fg_heteroaromatic_ring_count,eq,30,49,17,32,0.3469387755102041,0.21672437810748096,0.4963871977194643,0.3052900401313389,1.1364234986537636,0.5358092355828731,positive,0.6257365855251649,False,heteroaromatic_ring,heteroaromatic_ring = 30,high
ames_combine,fg_heteroaromatic_ring_count,eq,31,5,0,5,0.0,0.0,0.5218237501049815,0.3052900401313389,0.0,0.331873181391361,negative,0.4129037883128186,False,heteroaromatic_ring,heteroaromatic_ring = 31,low
ames_combine,fg_heteroaromatic_ring_count,eq,32,13,7,6,0.5384615384615384,0.25134548227030357,0.807767558198712,0.3052900401313389,1.7637704074128548,0.07665501519900259,positive,0.1384818850956637,False,heteroaromatic_ring,heteroaromatic_ring = 32,medium
ames_combine,fg_heteroaromatic_ring_count,eq,34,63,9,54,0.14285714285714285,0.06746315557148057,0.25394145064348816,0.3052900401313389,0.4679390876809615,0.00378230043972343,negative,0.009872730769166727,True,heteroaromatic_ring,heteroaromatic_ring = 34,high
ames_combine,fg_heteroaromatic_ring_count,eq,35,35,18,17,0.5142857142857142,0.33989141539097784,0.6861714907852767,0.3052900401313389,1.6845807156514612,0.009737723610021766,positive,0.023531158909166,True,heteroaromatic_ring,heteroaromatic_ring = 35,high
ames_combine,fg_heteroaromatic_ring_count,eq,36,73,13,60,0.1780821917808219,0.09837317773300856,0.2852537936417026,0.3052900401313389,0.5833213284790068,0.02098988681169818,negative,0.04624087846486893,True,heteroaromatic_ring,heteroaromatic_ring = 36,high
ames_combine,fg_heteroaromatic_ring_count,eq,37,92,55,37,0.5978260869565217,0.4904039577460742,0.6987693757470126,0.3052900401313389,1.9582233560561975,7.975796270598596e-09,positive,3.9947150551886985e-08,True,heteroaromatic_ring,heteroaromatic_ring = 37,high
ames_combine,fg_heteroaromatic_ring_count,eq,38,96,83,13,0.8645833333333334,0.7795704110965058,0.9258804469049744,0.3052900401313389,2.8320063535691524,3.945416779194658e-30,positive,3.9521610813813153e-29,True,heteroaromatic_ring,heteroaromatic_ring = 38,high
ames_combine,fg_heteroaromatic_ring_count,eq,39,13,7,6,0.5384615384615384,0.25134548227030357,0.807767558198712,0.3052900401313389,1.7637704074128548,0.07665501519900259,positive,0.1384818850956637,False,heteroaromatic_ring,heteroaromatic_ring = 39,medium
ames_combine,fg_heteroaromatic_ring_count,eq,40,260,200,60,0.7692307692307693,0.7131767503836866,0.8190339650234727,0.3052900401313389,2.519672010589793,1.474531799953578e-54,positive,1.8582271715544016e-53,True,heteroaromatic_ring,heteroaromatic_ring = 40,high
ames_combine,fg_heteroaromatic_ring_count,eq,41,85,40,45,0.47058823529411764,0.36134114256548144,0.5819437471778803,0.3052900401313389,1.5414464064784614,0.0013333374393207711,positive,0.003738448514076421,True,heteroaromatic_ring,heteroaromatic_ring = 41,high
ames_combine,fg_heteroaromatic_ring_count,eq,42,200,157,43,0.785,0.7215289561159429,0.8398183046676637,0.3052900401313389,2.5713252868068834,5.0373535271443716e-45,positive,6.149769097722087e-44,True,heteroaromatic_ring,heteroaromatic_ring = 42,high
ames_combine,fg_heteroaromatic_ring_count,eq,43,11,3,8,0.2727272727272727,0.06021773417290665,0.6097425595724213,0.3052900401313389,0.8933382583000173,1.0,negative,1.0,False,heteroaromatic_ring,heteroaromatic_ring = 43,medium
ames_combine,fg_heteroaromatic_ring_count,eq,44,67,41,26,0.6119402985074627,0.4850181325667384,0.7286319457595102,0.3052900401313389,2.004455494991581,3.054424210812019e-07,positive,1.361135047555774e-06,True,heteroaromatic_ring,heteroaromatic_ring = 44,high
ames_combine,fg_heteroaromatic_ring_count,eq,45,7,1,6,0.14285714285714285,0.0036102968619005833,0.5787231970431952,0.3052900401313389,0.4679390876809615,0.6832127196899616,negative,0.7434775371185097,False,heteroaromatic_ring,heteroaromatic_ring = 45,low
ames_combine,fg_heteroaromatic_ring_count,eq,46,35,25,10,0.7142857142857143,0.5369553554455799,0.8536452547209407,0.3052900401313389,2.3396954384048074,7.295454474243246e-07,positive,3.109190052295667e-06,True,heteroaromatic_ring,heteroaromatic_ring = 46,high
ames_combine,fg_heteroaromatic_ring_count,eq,47,4,0,4,0.0,0.0,0.6023646356164747,0.3052900401313389,0.0,0.32060310967024686,negative,0.4129037883128186,False,heteroaromatic_ring,heteroaromatic_ring = 47,low
ames_combine,fg_heteroaromatic_ring_count,eq,48,18,3,15,0.16666666666666666,0.035785083121574676,0.4141774913947741,0.3052900401313389,0.5459289356277883,0.3050818842685392,negative,0.4129037883128186,False,heteroaromatic_ring,heteroaromatic_ring = 48,medium
ames_combine,fg_heteroaromatic_ring_count,eq,49,5,0,5,0.0,0.0,0.5218237501049815,0.3052900401313389,0.0,0.331873181391361,negative,0.4129037883128186,False,heteroaromatic_ring,heteroaromatic_ring = 49,low
ames_combine,fg_heteroaromatic_ring_count,eq,50,19,2,17,0.10526315789473684,0.013012164371777464,0.33137666445676595,0.3052900401313389,0.3447972225017611,0.07822649587395267,negative,0.1384818850956637,False,heteroaromatic_ring,heteroaromatic_ring = 50,medium
ames_combine,fg_heteroaromatic_ring_count,eq,54,7,0,7,0.0,0.0,0.4096163972250034,0.3052900401313389,0.0,0.10906966426401304,negative,0.18472492271303942,False,heteroaromatic_ring,heteroaromatic_ring = 54,low
ames_combine,fg_heteroaromatic_ring_count,eq,55,4,2,2,0.5,0.06758598648854294,0.932414013511457,0.3052900401313389,1.6377868068833652,0.5905164150410663,positive,0.6610174197021297,False,heteroaromatic_ring,heteroaromatic_ring = 55,low
ames_combine,fg_heteroaromatic_ring_count,eq,56,17,4,13,0.23529411764705882,0.06810774043735666,0.4989932732045802,0.3052900401313389,0.7707232032392307,0.6101365742681535,negative,0.6797339021314409,False,heteroaromatic_ring,heteroaromatic_ring = 56,medium
ames_combine,fg_heteroaromatic_ring_count,eq,58,31,21,10,0.6774193548387096,0.48627017040724996,0.8331763625770405,0.3052900401313389,2.218936964164559,3.35538666145498e-05,positive,0.00011989369412272062,True,heteroaromatic_ring,heteroaromatic_ring = 58,high
ames_combine,fg_heteroaromatic_ring_count,eq,60,120,105,15,0.875,0.8022235896481744,0.9283203231112479,0.3052900401313389,2.866126912045889,7.489656947845966e-39,positive,8.690968260272744e-38,True,heteroaromatic_ring,heteroaromatic_ring = 60,high
ames_combine,fg_heteroaromatic_ring_count,eq,61,67,55,12,0.8208955223880597,0.7080365718274182,0.903880600409147,0.3052900401313389,2.688903712793585,3.1123300959498317e-18,positive,2.44808783386121e-17,True,heteroaromatic_ring,heteroaromatic_ring = 61,high
ames_combine,fg_heteroaromatic_ring_count,eq,62,159,140,19,0.8805031446540881,0.8196937022193972,0.9264995786602304,0.3052900401313389,2.8841528674675616,3.199790765184216e-52,positive,3.9475313439956855e-51,True,heteroaromatic_ring,heteroaromatic_ring = 62,high
ames_combine,fg_heteroaromatic_ring_count,eq,63,13,2,11,0.15384615384615385,0.019206671982528477,0.45447105567655777,0.3052900401313389,0.5039344021179586,0.3674279105342384,negative,0.45329001173276573,False,heteroaromatic_ring,heteroaromatic_ring = 63,medium
ames_combine,fg_heteroaromatic_ring_count,eq,65,8,6,2,0.75,0.3491442055871758,0.9681459737500557,0.3052900401313389,2.456680210325048,0.012367266150948622,positive,0.02898887185782357,True,heteroaromatic_ring,heteroaromatic_ring = 65,low
ames_combine,fg_heteroaromatic_ring_count,eq,66,24,10,14,0.4166666666666667,0.22109690534667853,0.6335693543436376,0.3052900401313389,1.3648223390694711,0.2676650273389402,positive,0.38585905540127663,False,heteroaromatic_ring,heteroaromatic_ring = 66,high
ames_combine,fg_heteroaromatic_ring_count,eq,68,13,5,8,0.38461538461538464,0.13857933889016064,0.6842223970859369,0.3052900401313389,1.2598360052948965,0.5526643843914956,positive,0.6257365855251649,False,heteroaromatic_ring,heteroaromatic_ring = 68,medium
ames_combine,fg_heteroaromatic_ring_count,eq,69,4,0,4,0.0,0.0,0.6023646356164747,0.3052900401313389,0.0,0.32060310967024686,negative,0.4129037883128186,False,heteroaromatic_ring,heteroaromatic_ring = 69,low
ames_combine,fg_heteroaromatic_ring_count,eq,72,3,0,3,0.0,0.0,0.7075982261787134,0.3052900401313389,0.0,0.5579306585953901,negative,0.6257365855251649,False,heteroaromatic_ring,heteroaromatic_ring = 72,low
ames_combine,fg_heteroaromatic_ring_count,eq,74,7,0,7,0.0,0.0,0.4096163972250034,0.3052900401313389,0.0,0.10906966426401304,negative,0.18472492271303942,False,heteroaromatic_ring,heteroaromatic_ring = 74,low
ames_combine,fg_heteroaromatic_ring_count,eq,76,8,0,8,0.0,0.0,0.3694166475528193,0.3052900401313389,0.0,0.1163313832644057,negative,0.19041952679592666,False,heteroaromatic_ring,heteroaromatic_ring = 76,low
ames_combine,fg_heteroaromatic_ring_count,eq,78,6,4,2,0.6666666666666666,0.22277809550351213,0.9567281317072583,0.3052900401313389,2.1837157425111533,0.07470452854277398,positive,0.13595296188219116,False,heteroaromatic_ring,heteroaromatic_ring = 78,low
ames_combine,fg_heteroaromatic_ring_count,eq,79,15,11,4,0.7333333333333333,0.4489967589630295,0.9221284537089565,0.3052900401313389,2.4020873167622687,0.0007882921218931773,positive,0.0023389325743260856,True,heteroaromatic_ring,heteroaromatic_ring = 79,medium
ames_combine,fg_heteroaromatic_ring_count,eq,80,27,20,7,0.7407407407407407,0.5371512577238284,0.8888554371545576,0.3052900401313389,2.426350825012393,3.9090666647778614e-06,positive,1.5636266659111446e-05,True,heteroaromatic_ring,heteroaromatic_ring = 80,high
ames_combine,fg_heteroaromatic_ring_count,eq,82,14,12,2,0.8571428571428571,0.5718708390903011,0.9822054845168084,0.3052900401313389,2.807634526085769,3.050529697639432e-05,positive,0.00011000679401948966,True,heteroaromatic_ring,heteroaromatic_ring = 82,medium
ames_combine,fg_heteroaromatic_ring_count,eq,83,72,58,14,0.8055555555555556,0.6953310667013168,0.8894162133215106,0.3052900401313389,2.6386565222009772,2.1150427325512363e-18,positive,1.6748851909121955e-17,True,heteroaromatic_ring,heteroaromatic_ring = 83,high
ames_combine,fg_heteroaromatic_ring_count,eq,84,10,8,2,0.8,0.4439045376923585,0.9747892736731666,0.3052900401313389,2.6204588910133846,0.0017991927267759528,positive,0.00490384622274748,True,heteroaromatic_ring,heteroaromatic_ring = 84,medium
ames_combine,fg_heteroaromatic_ring_count,eq,86,23,15,8,0.6521739130434783,0.42734396303649436,0.8362364016250501,0.3052900401313389,2.1362436611522155,0.000849670669434806,positive,0.0024895350614439816,True,heteroaromatic_ring,heteroaromatic_ring = 86,high
ames_combine,fg_heteroaromatic_ring_count,eq,92,4,0,4,0.0,0.0,0.6023646356164747,0.3052900401313389,0.0,0.32060310967024686,negative,0.4129037883128186,False,heteroaromatic_ring,heteroaromatic_ring = 92,low
ames_combine,fg_heteroaromatic_ring_count,eq,96,3,0,3,0.0,0.0,0.7075982261787134,0.3052900401313389,0.0,0.5579306585953901,negative,0.6257365855251649,False,heteroaromatic_ring,heteroaromatic_ring = 96,low
ames_combine,fg_heteroaromatic_ring_count,eq,98,5,0,5,0.0,0.0,0.5218237501049815,0.3052900401313389,0.0,0.331873181391361,negative,0.4129037883128186,False,heteroaromatic_ring,heteroaromatic_ring = 98,low
ames_combine,fg_heteroaromatic_ring_count,eq,99,3,0,3,0.0,0.0,0.7075982261787134,0.3052900401313389,0.0,0.5579306585953901,negative,0.6257365855251649,False,heteroaromatic_ring,heteroaromatic_ring = 99,low
ames_combine,fg_heteroaromatic_ring_count,eq,102,6,4,2,0.6666666666666666,0.22277809550351213,0.9567281317072583,0.3052900401313389,2.1837157425111533,0.07470452854277398,positive,0.13595296188219116,False,heteroaromatic_ring,heteroaromatic_ring = 102,low
ames_combine,fg_heteroaromatic_ring_count,eq,104,12,8,4,0.6666666666666666,0.34887550641881554,0.9007539088504167,0.3052900401313389,2.1837157425111533,0.010611524672531727,positive,0.025381034522871805,True,heteroaromatic_ring,heteroaromatic_ring = 104,medium
ames_combine,fg_heteroaromatic_ring_count,eq,106,5,1,4,0.2,0.0050507633794680575,0.7164179361180896,0.3052900401313389,0.6551147227533461,1.0,negative,1.0,False,heteroaromatic_ring,heteroaromatic_ring = 106,low
ames_combine,fg_heteroaromatic_ring_count,eq,110,3,0,3,0.0,0.0,0.7075982261787134,0.3052900401313389,0.0,0.5579306585953901,negative,0.6257365855251649,False,heteroaromatic_ring,heteroaromatic_ring = 110,low
ames_combine,fg_heteroaromatic_ring_count,eq,126,4,1,3,0.25,0.006309463209709866,0.8058795503167566,0.3052900401313389,0.8188934034416826,1.0,negative,1.0,False,heteroaromatic_ring,heteroaromatic_ring = 126,low
ames_combine,fg_heteroaromatic_ring_count,eq,130,4,1,3,0.25,0.006309463209709866,0.8058795503167566,0.3052900401313389,0.8188934034416826,1.0,negative,1.0,False,heteroaromatic_ring,heteroaromatic_ring = 130,low
ames_combine,fg_heteroaromatic_ring_count,eq,136,3,1,2,0.3333333333333333,0.008403758659612636,0.9057006759497539,0.3052900401313389,1.0918578712555767,1.0,positive,1.0,False,heteroaromatic_ring,heteroaromatic_ring = 136,low
ames_combine,fg_heteroaromatic_ring_count,eq,144,8,0,8,0.0,0.0,0.3694166475528193,0.3052900401313389,0.0,0.1163313832644057,negative,0.19041952679592666,False,heteroaromatic_ring,heteroaromatic_ring = 144,low
ames_combine,fg_heteroaromatic_ring_count,ge,1,8280,3174,5106,0.38333333333333336,0.37284313114726264,0.39390570608605724,0.3052900401313389,1.2556365519439134,4.7629223671005017e-138,positive,1.2404766698315085e-136,True,heteroaromatic_ring,heteroaromatic_ring ≥ 1,high
ames_combine,fg_heteroaromatic_ring_count,ge,2,8032,3070,4962,0.3822211155378486,0.37157621429720034,0.392951541818006,0.3052900401313389,1.2519934006802618,1.191242526754737e-123,positive,2.9705026411841525e-122,True,heteroaromatic_ring,heteroaromatic_ring ≥ 2,high
ames_combine,fg_heteroaromatic_ring_count,ge,3,8018,3062,4956,0.38189074582190075,0.37123841624051085,0.3926289907487834,0.3052900401313389,1.2509112503559154,5.462041125033665e-122,positive,1.2551984703018538e-120,True,heteroaromatic_ring,heteroaromatic_ring ≥ 3,high
ames_combine,fg_heteroaromatic_ring_count,ge,4,8018,3062,4956,0.38189074582190075,0.37123841624051085,0.3926289907487834,0.3052900401313389,1.2509112503559154,5.462041125033665e-122,positive,1.2551984703018538e-120,True,heteroaromatic_ring,heteroaromatic_ring ≥ 4,high
ames_combine,fg_heteroaromatic_ring_count,ge,5,8018,3062,4956,0.38189074582190075,0.37123841624051085,0.3926289907487834,0.3052900401313389,1.2509112503559154,5.462041125033665e-122,positive,1.2551984703018538e-120,True,heteroaromatic_ring,heteroaromatic_ring ≥ 5,high
ames_combine,fg_heteroaromatic_ring_count,ge,6,8018,3062,4956,0.38189074582190075,0.37123841624051085,0.3926289907487834,0.3052900401313389,1.2509112503559154,5.462041125033665e-122,positive,1.2551984703018538e-120,True,heteroaromatic_ring,heteroaromatic_ring ≥ 6,high
ames_combine,fg_heteroaromatic_ring_count,ge,7,5038,2328,2710,0.46208813021040096,0.44824729360659965,0.4759729297778692,0.3052900401313389,1.5136036865519946,4.477303523445634e-199,positive,2.098959891791313e-197,True,heteroaromatic_ring,heteroaromatic_ring ≥ 7,high
ames_combine,fg_heteroaromatic_ring_count,ge,8,4948,2292,2656,0.46321746160064675,0.44924765102569864,0.4772307047863583,0.3052900401313389,1.5173028946550822,8.075722910861694e-196,positive,3.1549157505099685e-194,True,heteroaromatic_ring,heteroaromatic_ring ≥ 8,high
ames_combine,fg_heteroaromatic_ring_count,ge,9,4947,2292,2655,0.4633110976349303,0.4493396204613022,0.47732590564496535,0.3052900401313389,1.5176096063782791,4.41700698893273e-196,positive,1.785080065872124e-194,True,heteroaromatic_ring,heteroaromatic_ring ≥ 9,high
ames_combine,fg_heteroaromatic_ring_count,ge,10,4947,2292,2655,0.4633110976349303,0.4493396204613022,0.47732590564496535,0.3052900401313389,1.5176096063782791,4.41700698893273e-196,positive,1.785080065872124e-194,True,heteroaromatic_ring,heteroaromatic_ring ≥ 10,high
ames_combine,fg_heteroaromatic_ring_count,ge,11,4947,2292,2655,0.4633110976349303,0.4493396204613022,0.47732590564496535,0.3052900401313389,1.5176096063782791,4.41700698893273e-196,positive,1.785080065872124e-194,True,heteroaromatic_ring,heteroaromatic_ring ≥ 11,high
ames_combine,fg_heteroaromatic_ring_count,ge,12,4947,2292,2655,0.4633110976349303,0.4493396204613022,0.47732590564496535,0.3052900401313389,1.5176096063782791,4.41700698893273e-196,positive,1.785080065872124e-194,True,heteroaromatic_ring,heteroaromatic_ring ≥ 12,high
ames_combine,fg_heteroaromatic_ring_count,ge,13,3650,1881,1769,0.5153424657534247,0.49898552454248274,0.5316748131249427,0.3052900401313389,1.6880421828754029,1.65161068425333e-216,positive,1.488990555342233e-214,True,heteroaromatic_ring,heteroaromatic_ring ≥ 13,high
ames_combine,fg_heteroaromatic_ring_count,ge,14,3634,1879,1755,0.5170610897083104,0.5006683012645944,0.5334264083108875,0.3052900401313389,1.693671662154014,1.122581474520137e-218,positive,1.6445818601720005e-216,True,heteroaromatic_ring,heteroaromatic_ring ≥ 14,high
ames_combine,fg_heteroaromatic_ring_count,ge,15,3615,1861,1754,0.5147994467496542,0.498362748156839,0.5312121911002832,0.3052900401313389,1.6862634841548783,1.6339543623905157e-212,positive,9.119021489150878e-211,True,heteroaromatic_ring,heteroaromatic_ring ≥ 15,high
ames_combine,fg_heteroaromatic_ring_count,ge,16,3615,1861,1754,0.5147994467496542,0.498362748156839,0.5312121911002832,0.3052900401313389,1.6862634841548783,1.6339543623905157e-212,positive,9.119021489150878e-211,True,heteroaromatic_ring,heteroaromatic_ring ≥ 16,high
ames_combine,fg_heteroaromatic_ring_count,ge,17,3615,1861,1754,0.5147994467496542,0.498362748156839,0.5312121911002832,0.3052900401313389,1.6862634841548783,1.6339543623905157e-212,positive,9.119021489150878e-211,True,heteroaromatic_ring,heteroaromatic_ring ≥ 17,high
ames_combine,fg_heteroaromatic_ring_count,ge,18,3257,1695,1562,0.5204175621737795,0.5030949855361337,0.5377034384130124,0.3052900401313389,1.704666034797239,7.173068548149378e-194,positive,2.7118826898164743e-192,True,heteroaromatic_ring,heteroaromatic_ring ≥ 18,high
ames_combine,fg_heteroaromatic_ring_count,ge,19,3037,1655,1382,0.5449456700691472,0.5270342509020691,0.5627704109842318,0.3052900401313389,1.7850096578149288,4.025928385636407e-218,positive,5.242653408850966e-216,True,heteroaromatic_ring,heteroaromatic_ring ≥ 19,high
ames_combine,fg_heteroaromatic_ring_count,ge,20,2992,1636,1356,0.5467914438502673,0.5287486499771137,0.5647426346858466,0.3052900401313389,1.7910556257093484,4.071790552515544e-217,positive,3.9767821062901817e-215,True,heteroaromatic_ring,heteroaromatic_ring ≥ 20,high
ames_combine,fg_heteroaromatic_ring_count,ge,21,2991,1636,1355,0.5469742561016383,0.5289288505880506,0.5649276697317446,0.3052900401313389,1.7916544406962125,2.962442676285157e-217,positive,3.156348015096549e-215,True,heteroaromatic_ring,heteroaromatic_ring ≥ 21,high
ames_combine,fg_heteroaromatic_ring_count,ge,22,2991,1636,1355,0.5469742561016383,0.5289288505880506,0.5649276697317446,0.3052900401313389,1.7916544406962125,2.962442676285157e-217,positive,3.156348015096549e-215,True,heteroaromatic_ring,heteroaromatic_ring ≥ 22,high
ames_combine,fg_heteroaromatic_ring_count,ge,23,2535,1408,1127,0.5554240631163708,0.5358282087143411,0.5748917277130106,0.3052900401313389,1.8193324055950915,4.788067004669295e-188,positive,1.6504748616095334e-186,True,heteroaromatic_ring,heteroaromatic_ring ≥ 23,high
ames_combine,fg_heteroaromatic_ring_count,ge,24,2457,1381,1076,0.562067562067562,0.5421823241679649,0.581804655902384,0.3052900401313389,1.8410936754627003,2.467657697654361e-190,positive,8.763923701972458e-189,True,heteroaromatic_ring,heteroaromatic_ring ≥ 24,high
ames_combine,fg_heteroaromatic_ring_count,ge,25,2109,1217,892,0.5770507349454718,0.5556342979185841,0.5982526994281768,0.3052900401313389,1.8901721611920868,1.9910663179142754e-176,positive,5.983409550244951e-175,True,heteroaromatic_ring,heteroaromatic_ring ≥ 25,high
ames_combine,fg_heteroaromatic_ring_count,ge,26,2065,1217,848,0.5893462469733656,0.5677713127982447,0.6106671335576868,0.3052900401313389,1.930447015958407,2.2473548443227556e-187,positive,6.931315467227026e-186,True,heteroaromatic_ring,heteroaromatic_ring ≥ 26,high
ames_combine,fg_heteroaromatic_ring_count,ge,27,2064,1217,847,0.5896317829457365,0.5680533710496326,0.6109552106585006,0.3052900401313389,1.9313823100552865,8.619980206442984e-188,positive,2.7304369735003184e-186,True,heteroaromatic_ring,heteroaromatic_ring ≥ 27,high
ames_combine,fg_heteroaromatic_ring_count,ge,28,2064,1217,847,0.5896317829457365,0.5680533710496326,0.6109552106585006,0.3052900401313389,1.9313823100552865,8.619980206442984e-188,positive,2.7304369735003184e-186,True,heteroaromatic_ring,heteroaromatic_ring ≥ 28,high
ames_combine,fg_heteroaromatic_ring_count,ge,29,1924,1198,726,0.6226611226611226,0.6005685503167095,0.6443790954912023,0.3052900401313389,2.039572343707143,4.830931313299103e-214,positive,3.145473055103638e-212,True,heteroaromatic_ring,heteroaromatic_ring ≥ 29,high
ames_combine,fg_heteroaromatic_ring_count,ge,30,1899,1184,715,0.6234860452869931,0.6012538697778628,0.64533609976492,0.3052900401313389,2.0422744384938434,6.604458537224436e-212,positive,3.5183751843759266e-210,True,heteroaromatic_ring,heteroaromatic_ring ≥ 30,high
ames_combine,fg_heteroaromatic_ring_count,ge,31,1850,1167,683,0.6308108108108108,0.608356413078063,0.6528495971740367,0.3052900401313389,2.0662672471706887,6.913138511959286e-215,positive,4.765999021186049e-213,True,heteroaromatic_ring,heteroaromatic_ring ≥ 31,high
ames_combine,fg_heteroaromatic_ring_count,ge,32,1845,1167,678,0.6325203252032521,0.6100534458248038,0.6545650060898742,0.3052900401313389,2.071866887406924,2.104058548540285e-216,positive,1.761397584920867e-214,True,heteroaromatic_ring,heteroaromatic_ring ≥ 32,high
ames_combine,fg_heteroaromatic_ring_count,ge,33,1832,1160,672,0.6331877729257642,0.6106470398684147,0.6553011457931627,0.3052900401313389,2.0740531615553532,1.9125625835436227e-215,positive,1.4009520924457036e-213,True,heteroaromatic_ring,heteroaromatic_ring ≥ 33,high
ames_combine,fg_heteroaromatic_ring_count,ge,34,1830,1160,670,0.6338797814207651,0.6113341442862625,0.6559953623320236,0.3052900401313389,2.0763198863220804,4.0366830490448664e-216,positive,3.153995022320389e-214,True,heteroaromatic_ring,heteroaromatic_ring ≥ 34,high
ames_combine,fg_heteroaromatic_ring_count,ge,35,1767,1151,616,0.6513865308432372,0.6286476600501067,0.6736215542779374,0.3052900401313389,2.1336645327931563,8.171602022345004e-230,positive,2.3942793925470862e-227,True,heteroaromatic_ring,heteroaromatic_ring ≥ 35,high
ames_combine,fg_heteroaromatic_ring_count,ge,36,1732,1133,599,0.6541570438799076,0.6312215028952834,0.6765690549120047,0.3052900401313389,2.1427395521926704,4.7716506149195955e-228,positive,1.1184749041371532e-225,True,heteroaromatic_ring,heteroaromatic_ring ≥ 36,high
ames_combine,fg_heteroaromatic_ring_count,ge,37,1659,1120,539,0.6751054852320675,0.6519729622846685,0.697616803733253,0.3052900401313389,2.2113577139353455,2.2104582130242078e-243,positive,2.5906570256643716e-240,True,heteroaromatic_ring,heteroaromatic_ring ≥ 37,high
ames_combine,fg_heteroaromatic_ring_count,ge,38,1567,1065,502,0.6796426292278238,0.6558998731211378,0.702710323815451,0.3052900401313389,2.2262194630897048,1.5242901295700832e-233,positive,5.954893439520459e-231,True,heteroaromatic_ring,heteroaromatic_ring ≥ 38,high
ames_combine,fg_heteroaromatic_ring_count,ge,39,1471,982,489,0.6675730795377295,0.6428432840096268,0.691631847881861,0.3052900401313389,2.1866847645947853,8.562786711986106e-204,positive,4.363298272368572e-202,True,heteroaromatic_ring,heteroaromatic_ring ≥ 39,high
ames_combine,fg_heteroaromatic_ring_count,ge,40,1458,975,483,0.668724279835391,0.6439003442822231,0.6928664944479039,0.3052900401313389,2.1904556059139657,4.989882649430536e-203,positive,2.4367260271385783e-201,True,heteroaromatic_ring,heteroaromatic_ring ≥ 40,high
ames_combine,fg_heteroaromatic_ring_count,ge,41,1198,775,423,0.6469115191986644,0.6190959141326995,0.6740037318374974,0.3052900401313389,2.119006302728895,1.5281691232191892e-144,positive,4.165149331192767e-143,True,heteroaromatic_ring,heteroaromatic_ring ≥ 41,high
ames_combine,fg_heteroaromatic_ring_count,ge,42,1113,735,378,0.660377358490566,0.6317098888087841,0.6881941123908226,0.3052900401313389,2.163114650600671,9.933531957867832e-144,positive,2.6459316942320676e-142,True,heteroaromatic_ring,heteroaromatic_ring ≥ 42,high
ames_combine,fg_heteroaromatic_ring_count,ge,43,913,578,335,0.6330777656078861,0.6008778476289094,0.6644158855667597,0.3052900401313389,2.0736928244875905,1.675921907278109e-99,positive,2.9760310232271874e-98,True,heteroaromatic_ring,heteroaromatic_ring ≥ 43,high
ames_combine,fg_heteroaromatic_ring_count,ge,44,902,575,327,0.6374722838137472,0.6051370410578847,0.6689062570744377,0.3052900401313389,2.088087392367927,7.332086630740001e-101,positive,1.3220316201888125e-99,True,heteroaromatic_ring,heteroaromatic_ring ≥ 44,high
ames_combine,fg_heteroaromatic_ring_count,ge,45,835,534,301,0.6395209580838324,0.6059082369297175,0.6721448106553132,0.3052900401313389,2.0947979757502204,4.845764741915237e-94,positive,7.998924334541771e-93,True,heteroaromatic_ring,heteroaromatic_ring ≥ 45,high
ames_combine,fg_heteroaromatic_ring_count,ge,46,828,533,295,0.643719806763285,0.610030204680083,0.6763820208278406,0.3052900401313389,2.108551613692835,1.9970016826284294e-95,positive,3.392008655131187e-94,True,heteroaromatic_ring,heteroaromatic_ring ≥ 46,high
ames_combine,fg_heteroaromatic_ring_count,ge,47,793,508,285,0.6406052963430012,0.6061048544780852,0.6740558442429789,0.3052900401313389,2.098349805540352,1.1320858625427148e-89,positive,1.8175405902740573e-88,True,heteroaromatic_ring,heteroaromatic_ring ≥ 47,high
ames_combine,fg_heteroaromatic_ring_count,ge,48,789,508,281,0.6438529784537389,0.6093173065617248,0.6773089531660091,0.3052900401313389,2.1089878273681864,6.361202475669252e-91,positive,1.0354624029839393e-89,True,heteroaromatic_ring,heteroaromatic_ring ≥ 48,high
ames_combine,fg_heteroaromatic_ring_count,ge,49,771,505,266,0.6549935149156939,0.6202469090970943,0.6885491561798298,0.3052900401313389,2.1454794746461725,1.810273272239342e-94,positive,3.030914678663584e-93,True,heteroaromatic_ring,heteroaromatic_ring ≥ 49,high
ames_combine,fg_heteroaromatic_ring_count,ge,50,766,505,261,0.6592689295039165,0.6244886588373906,0.6928172221039547,0.3052900401313389,2.1594839098592673,4.410847565596763e-96,positive,7.602225510116773e-95,True,heteroaromatic_ring,heteroaromatic_ring ≥ 50,high
ames_combine,fg_heteroaromatic_ring_count,ge,51,747,503,244,0.6733601070950469,0.6384244155509676,0.7069199915189719,0.3052900401313389,2.2056405993636754,5.425788174967432e-101,positive,9.935974595409109e-100,True,heteroaromatic_ring,heteroaromatic_ring ≥ 51,high
ames_combine,fg_heteroaromatic_ring_count,ge,52,745,503,242,0.6751677852348993,0.6402244164762156,0.7087171789781108,0.3052900401313389,2.211561782180759,1.4304439424162194e-101,positive,2.8027090239138383e-100,True,heteroaromatic_ring,heteroaromatic_ring ≥ 52,high
ames_combine,fg_heteroaromatic_ring_count,ge,53,744,502,242,0.6747311827956989,0.6397535504730629,0.7083164378872501,0.3052900401313389,2.210131658751208,3.087236879920045e-101,positive,5.835873585913375e-100,True,heteroaromatic_ring,heteroaromatic_ring ≥ 53,high
ames_combine,fg_heteroaromatic_ring_count,ge,54,742,501,241,0.6752021563342318,0.6401864242439567,0.7088179415902618,0.3052900401313389,2.2116743672468084,3.843169490821192e-101,positive,7.149515306734027e-100,True,heteroaromatic_ring,heteroaromatic_ring ≥ 54,high
ames_combine,fg_heteroaromatic_ring_count,ge,55,735,501,234,0.6816326530612244,0.6465953885419221,0.7152044218519997,0.3052900401313389,2.232737932649159,1.0702104692256138e-103,positive,2.2005029297059988e-102,True,heteroaromatic_ring,heteroaromatic_ring ≥ 55,high
ames_combine,fg_heteroaromatic_ring_count,ge,56,731,499,232,0.6826265389876881,0.6475139631262667,0.7162574182628284,0.3052900401313389,2.2359934791649776,1.3353567257829673e-103,positive,2.6983415217545475e-102,True,heteroaromatic_ring,heteroaromatic_ring ≥ 56,high
ames_combine,fg_heteroaromatic_ring_count,ge,57,714,495,219,0.6932773109243697,0.6580045987658361,0.7269437797932041,0.3052900401313389,2.270880866687019,8.530308063252322e-107,positive,1.8177311000239496e-105,True,heteroaromatic_ring,heteroaromatic_ring ≥ 57,high
ames_combine,fg_heteroaromatic_ring_count,ge,58,712,493,219,0.6924157303370787,0.6570687805443085,0.7261590883494495,0.3052900401313389,2.2680586960491547,6.781064859115287e-106,positive,1.4191800026576992e-104,True,heteroaromatic_ring,heteroaromatic_ring ≥ 58,high
ames_combine,fg_heteroaromatic_ring_count,ge,59,681,472,209,0.6930983847283406,0.6569418189804398,0.727571553372396,0.3052900401313389,2.2702947807604943,1.458747870808397e-101,positive,2.8027090239138383e-100,True,heteroaromatic_ring,heteroaromatic_ring ≥ 59,high
ames_combine,fg_heteroaromatic_ring_count,ge,60,681,472,209,0.6930983847283406,0.6569418189804398,0.727571553372396,0.3052900401313389,2.2702947807604943,1.458747870808397e-101,positive,2.8027090239138383e-100,True,heteroaromatic_ring,heteroaromatic_ring ≥ 60,high
ames_combine,fg_heteroaromatic_ring_count,ge,61,561,367,194,0.6541889483065954,0.6132069048081881,0.6935370439663701,0.3052900401313389,2.1428440574908914,9.790259372655672e-68,positive,1.3824318053918613e-66,True,heteroaromatic_ring,heteroaromatic_ring ≥ 61,high
ames_combine,fg_heteroaromatic_ring_count,ge,62,494,312,182,0.631578947368421,0.5873426686541141,0.6742300417674563,0.3052900401313389,2.0687833350105667,2.5334903107547537e-52,positive,3.158777281068693e-51,True,heteroaromatic_ring,heteroaromatic_ring ≥ 62,high
ames_combine,fg_heteroaromatic_ring_count,ge,63,335,172,163,0.5134328358208955,0.4585034173604415,0.5681227321197015,0.3052900401313389,1.6817870494563512,1.1606255922500684e-15,positive,7.90844880300628e-15,True,heteroaromatic_ring,heteroaromatic_ring ≥ 63,high
ames_combine,fg_heteroaromatic_ring_count,ge,64,322,170,152,0.5279503105590062,0.4718292647038108,0.5835525628375366,0.3052900401313389,1.7293401066470315,5.536912233799697e-17,positive,4.159782780777721e-16,True,heteroaromatic_ring,heteroaromatic_ring ≥ 64,high
ames_combine,fg_heteroaromatic_ring_count,ge,65,320,169,151,0.528125,0.4718239978188742,0.5839006603198216,0.3052900401313389,1.7299123147705544,5.031840886767524e-17,positive,3.804720980188089e-16,True,heteroaromatic_ring,heteroaromatic_ring ≥ 65,high
ames_combine,fg_heteroaromatic_ring_count,ge,66,312,163,149,0.5224358974358975,0.46542271963416254,0.5790191196593073,0.3052900401313389,1.7112772405255676,8.254106740269568e-16,positive,5.792702454847864e-15,True,heteroaromatic_ring,heteroaromatic_ring ≥ 66,high
ames_combine,fg_heteroaromatic_ring_count,ge,67,288,153,135,0.53125,0.47181445271640005,0.5900360619488385,0.3052900401313389,1.7401484823135756,8.436634128694158e-16,positive,5.850730886881392e-15,True,heteroaromatic_ring,heteroaromatic_ring ≥ 67,high
ames_combine,fg_heteroaromatic_ring_count,ge,68,288,153,135,0.53125,0.47181445271640005,0.5900360619488385,0.3052900401313389,1.7401484823135756,8.436634128694158e-16,positive,5.850730886881392e-15,True,heteroaromatic_ring,heteroaromatic_ring ≥ 68,high
ames_combine,fg_heteroaromatic_ring_count,ge,69,275,148,127,0.5381818181818182,0.4773020671405932,0.5982299534595363,0.3052900401313389,1.7628541630453678,5.455059539539226e-16,positive,3.874745321418165e-15,True,heteroaromatic_ring,heteroaromatic_ring ≥ 69,high
ames_combine,fg_heteroaromatic_ring_count,ge,70,271,148,123,0.5461254612546126,0.48477712978359755,0.6064540766820421,0.3052900401313389,1.7888741506917938,1.4955786353277882e-16,positive,1.0955113503776047e-15,True,heteroaromatic_ring,heteroaromatic_ring ≥ 70,high
ames_combine,fg_heteroaromatic_ring_count,ge,71,270,148,122,0.5481481481481482,0.48668318908826175,0.6085446626646442,0.3052900401313389,1.7954996105091707,7.35883005260137e-17,positive,5.458575203575193e-16,True,heteroaromatic_ring,heteroaromatic_ring ≥ 71,high
ames_combine,fg_heteroaromatic_ring_count,ge,72,270,148,122,0.5481481481481482,0.48668318908826175,0.6085446626646442,0.3052900401313389,1.7954996105091707,7.35883005260137e-17,positive,5.458575203575193e-16,True,heteroaromatic_ring,heteroaromatic_ring ≥ 72,high
ames_combine,fg_heteroaromatic_ring_count,ge,73,267,148,119,0.5543071161048689,0.49249383070388,0.6149014977074544,0.3052900401313389,1.81567376343624,2.4556565420147254e-17,positive,1.8688503034034141e-16,True,heteroaromatic_ring,heteroaromatic_ring ≥ 73,high
ames_combine,fg_heteroaromatic_ring_count,ge,74,265,148,117,0.5584905660377358,0.4964465738789095,0.6192116648137889,0.3052900401313389,1.8293769616508533,9.615558035513517e-18,positive,7.365643148772445e-17,True,heteroaromatic_ring,heteroaromatic_ring ≥ 74,high
ames_combine,fg_heteroaromatic_ring_count,ge,75,258,148,110,0.5736434108527132,0.510804476287899,0.634770639550664,0.3052900401313389,1.879011220300295,2.3853667328813396e-19,positive,1.982730362366617e-18,True,heteroaromatic_ring,heteroaromatic_ring ≥ 75,high
ames_combine,fg_heteroaromatic_ring_count,ge,76,258,148,110,0.5736434108527132,0.510804476287899,0.634770639550664,0.3052900401313389,1.879011220300295,2.3853667328813396e-19,positive,1.982730362366617e-18,True,heteroaromatic_ring,heteroaromatic_ring ≥ 76,high
ames_combine,fg_heteroaromatic_ring_count,ge,77,250,148,102,0.592,0.5282861070032808,0.653505570609222,0.3052900401313389,1.9391395793499042,5.3786371608565815e-21,positive,4.601286680674389e-20,True,heteroaromatic_ring,heteroaromatic_ring ≥ 77,high
ames_combine,fg_heteroaromatic_ring_count,ge,78,250,148,102,0.592,0.5282861070032808,0.653505570609222,0.3052900401313389,1.9391395793499042,5.3786371608565815e-21,positive,4.601286680674389e-20,True,heteroaromatic_ring,heteroaromatic_ring ≥ 78,high
ames_combine,fg_heteroaromatic_ring_count,ge,79,244,144,100,0.5901639344262295,0.5256210389010946,0.6524886565206668,0.3052900401313389,1.9331254114033163,1.8121463013871847e-20,positive,1.5279391836156693e-19,True,heteroaromatic_ring,heteroaromatic_ring ≥ 79,high
ames_combine,fg_heteroaromatic_ring_count,ge,80,229,133,96,0.5807860262008734,0.5139940552277202,0.6454587148397444,0.3052900401313389,1.902407382668014,4.489531773188551e-18,positive,3.484590223958266e-17,True,heteroaromatic_ring,heteroaromatic_ring ≥ 80,high
ames_combine,fg_heteroaromatic_ring_count,ge,81,202,113,89,0.5594059405940595,0.4880237802505511,0.629018630775533,0.3052900401313389,1.8323753383942603,5.928676385014444e-14,positive,3.817806990789521e-13,True,heteroaromatic_ring,heteroaromatic_ring ≥ 81,high
ames_combine,fg_heteroaromatic_ring_count,ge,82,202,113,89,0.5594059405940595,0.4880237802505511,0.629018630775533,0.3052900401313389,1.8323753383942603,5.928676385014444e-14,positive,3.817806990789521e-13,True,heteroaromatic_ring,heteroaromatic_ring ≥ 82,high
ames_combine,fg_heteroaromatic_ring_count,ge,83,188,101,87,0.5372340425531915,0.4632002658981021,0.6100751476691049,0.3052900401313389,1.759749654204467,4.007208690814148e-11,positive,2.2049054392648738e-10,True,heteroaromatic_ring,heteroaromatic_ring ≥ 83,high
ames_combine,fg_heteroaromatic_ring_count,ge,84,116,43,73,0.3706896551724138,0.2828552126899196,0.4652979193044945,0.3052900401313389,1.2142212533790466,0.12933031668778405,positive,0.20849399058883483,False,heteroaromatic_ring,heteroaromatic_ring ≥ 84,high
ames_combine,fg_heteroaromatic_ring_count,ge,85,106,35,71,0.330188679245283,0.2418987710796706,0.42824256310676445,0.3052900401313389,1.0815573253003354,0.5968681013819175,positive,0.6668535889605407,False,heteroaromatic_ring,heteroaromatic_ring ≥ 85,high
ames_combine,fg_heteroaromatic_ring_count,ge,86,106,35,71,0.330188679245283,0.2418987710796706,0.42824256310676445,0.3052900401313389,1.0815573253003354,0.5968681013819175,positive,0.6668535889605407,False,heteroaromatic_ring,heteroaromatic_ring ≥ 86,high
ames_combine,fg_heteroaromatic_ring_count,ge,87,83,20,63,0.24096385542168675,0.1538239080311283,0.34732615494114727,0.3052900401313389,0.7892948466907784,0.23227580034500808,negative,0.33943545885829113,False,heteroaromatic_ring,heteroaromatic_ring ≥ 87,high
ames_combine,fg_heteroaromatic_ring_count,ge,88,83,20,63,0.24096385542168675,0.1538239080311283,0.34732615494114727,0.3052900401313389,0.7892948466907784,0.23227580034500808,negative,0.33943545885829113,False,heteroaromatic_ring,heteroaromatic_ring ≥ 88,high
ames_combine,fg_heteroaromatic_ring_count,ge,89,83,20,63,0.24096385542168675,0.1538239080311283,0.34732615494114727,0.3052900401313389,0.7892948466907784,0.23227580034500808,negative,0.33943545885829113,False,heteroaromatic_ring,heteroaromatic_ring ≥ 89,high
ames_combine,fg_heteroaromatic_ring_count,ge,90,83,20,63,0.24096385542168675,0.1538239080311283,0.34732615494114727,0.3052900401313389,0.7892948466907784,0.23227580034500808,negative,0.33943545885829113,False,heteroaromatic_ring,heteroaromatic_ring ≥ 90,high
ames_combine,fg_heteroaromatic_ring_count,ge,91,83,20,63,0.24096385542168675,0.1538239080311283,0.34732615494114727,0.3052900401313389,0.7892948466907784,0.23227580034500808,negative,0.33943545885829113,False,heteroaromatic_ring,heteroaromatic_ring ≥ 91,high
ames_combine,fg_heteroaromatic_ring_count,ge,92,83,20,63,0.24096385542168675,0.1538239080311283,0.34732615494114727,0.3052900401313389,0.7892948466907784,0.23227580034500808,negative,0.33943545885829113,False,heteroaromatic_ring,heteroaromatic_ring ≥ 92,high
ames_combine,fg_heteroaromatic_ring_count,ge,93,79,20,59,0.25316455696202533,0.1620059289834929,0.3635617222205883,0.3052900401313389,0.8292591427257546,0.39090733905713626,negative,0.4747600014248329,False,heteroaromatic_ring,heteroaromatic_ring ≥ 93,high
ames_combine,fg_heteroaromatic_ring_count,ge,94,78,20,58,0.2564102564102564,0.16418971961401796,0.3678582434606928,0.3052900401313389,0.8398906701965975,0.3894861267281605,negative,0.47401634530156195,False,heteroaromatic_ring,heteroaromatic_ring ≥ 94,high
ames_combine,fg_heteroaromatic_ring_count,ge,95,78,20,58,0.2564102564102564,0.16418971961401796,0.3678582434606928,0.3052900401313389,0.8398906701965975,0.3894861267281605,negative,0.47401634530156195,False,heteroaromatic_ring,heteroaromatic_ring ≥ 95,high
ames_combine,fg_heteroaromatic_ring_count,ge,96,78,20,58,0.2564102564102564,0.16418971961401796,0.3678582434606928,0.3052900401313389,0.8398906701965975,0.3894861267281605,negative,0.47401634530156195,False,heteroaromatic_ring,heteroaromatic_ring ≥ 96,high
ames_combine,fg_heteroaromatic_ring_count,ge,97,75,20,55,0.26666666666666666,0.1711105391444591,0.381372720482923,0.3052900401313389,0.8734862970044615,0.5305420973007194,negative,0.6236663370475859,False,heteroaromatic_ring,heteroaromatic_ring ≥ 97,high
ames_combine,fg_heteroaromatic_ring_count,ge,98,75,20,55,0.26666666666666666,0.1711105391444591,0.381372720482923,0.3052900401313389,0.8734862970044615,0.5305420973007194,negative,0.6236663370475859,False,heteroaromatic_ring,heteroaromatic_ring ≥ 98,high
ames_combine,fg_heteroaromatic_ring_count,ge,99,70,20,50,0.2857142857142857,0.18404560857333477,0.4062177984188296,0.3052900401313389,0.935878175361923,0.7954562600401764,negative,0.8529503538582678,False,heteroaromatic_ring,heteroaromatic_ring ≥ 99,high
ames_combine,fg_heteroaromatic_ring_count,ge,100,67,20,47,0.29850746268656714,0.19279457831242927,0.4227187955687913,0.3052900401313389,0.9777831682885761,1.0,negative,1.0,False,heteroaromatic_ring,heteroaromatic_ring ≥ 100,high
ames_combine,fg_heteroaromatic_ring_count,ge,101,65,20,45,0.3076923076923077,0.19910689192070236,0.4344728890337063,0.3052900401313389,1.0078688042359172,1.0,positive,1.0,False,heteroaromatic_ring,heteroaromatic_ring ≥ 101,high
ames_combine,fg_heteroaromatic_ring_count,ge,102,65,20,45,0.3076923076923077,0.19910689192070236,0.4344728890337063,0.3052900401313389,1.0078688042359172,1.0,positive,1.0,False,heteroaromatic_ring,heteroaromatic_ring ≥ 102,high
ames_combine,fg_heteroaromatic_ring_count,ge,103,59,16,43,0.2711864406779661,0.16363272664869563,0.40269354655582834,0.3052900401313389,0.8882911494960625,0.6712844425005629,negative,0.7413416155723778,False,heteroaromatic_ring,heteroaromatic_ring ≥ 103,high
ames_combine,fg_heteroaromatic_ring_count,ge,104,59,16,43,0.2711864406779661,0.16363272664869563,0.40269354655582834,0.3052900401313389,0.8882911494960625,0.6712844425005629,negative,0.7413416155723778,False,heteroaromatic_ring,heteroaromatic_ring ≥ 104,high
ames_combine,fg_heteroaromatic_ring_count,ge,105,47,8,39,0.1702127659574468,0.07646947801106857,0.3080912746258123,0.3052900401313389,0.5575444448964647,0.05541904068192961,negative,0.10700348546823972,False,heteroaromatic_ring,heteroaromatic_ring ≥ 105,high
ames_combine,fg_heteroaromatic_ring_count,ge,106,47,8,39,0.1702127659574468,0.07646947801106857,0.3080912746258123,0.3052900401313389,0.5575444448964647,0.05541904068192961,negative,0.10700348546823972,False,heteroaromatic_ring,heteroaromatic_ring ≥ 106,high
ames_combine,fg_heteroaromatic_ring_count,ge,107,42,7,35,0.16666666666666666,0.06974066365567509,0.3136408668806712,0.3052900401313389,0.5459289356277883,0.06338249472303101,negative,0.12197747752937986,False,heteroaromatic_ring,heteroaromatic_ring ≥ 107,high
ames_combine,fg_heteroaromatic_ring_count,ge,108,41,6,35,0.14634146341463414,0.055657363712436646,0.2917304880174939,0.3052900401313389,0.47935223616098493,0.026778688812964555,negative,0.05675338750234079,False,heteroaromatic_ring,heteroaromatic_ring ≥ 108,high
ames_combine,fg_heteroaromatic_ring_count,ge,109,40,5,35,0.125,0.04185962613861671,0.26803291736172047,0.3052900401313389,0.4094467017208413,0.01473892533915435,negative,0.03347678390986221,True,heteroaromatic_ring,heteroaromatic_ring ≥ 109,high
ames_combine,fg_heteroaromatic_ring_count,ge,110,40,5,35,0.125,0.04185962613861671,0.26803291736172047,0.3052900401313389,0.4094467017208413,0.01473892533915435,negative,0.03347678390986221,True,heteroaromatic_ring,heteroaromatic_ring ≥ 110,high
ames_combine,fg_heteroaromatic_ring_count,ge,111,37,5,32,0.13513513513513514,0.04537199234199394,0.2877477973105722,0.3052900401313389,0.4426450829414501,0.0301331708052548,negative,0.06272837688056594,False,heteroaromatic_ring,heteroaromatic_ring ≥ 111,high
ames_combine,fg_heteroaromatic_ring_count,ge,112,36,5,31,0.1388888888888889,0.046677660603090254,0.29497494811063163,0.3052900401313389,0.4549407796898237,0.02944909750380683,negative,0.06152289175483352,False,heteroaromatic_ring,heteroaromatic_ring ≥ 112,high
ames_combine,fg_heteroaromatic_ring_count,ge,113,34,4,30,0.11764705882352941,0.03300168033646956,0.2745034871423555,0.3052900401313389,0.38536160161961536,0.015055201713444322,negative,0.03406312047906707,True,heteroaromatic_ring,heteroaromatic_ring ≥ 113,high
ames_combine,fg_heteroaromatic_ring_count,ge,114,34,4,30,0.11764705882352941,0.03300168033646956,0.2745034871423555,0.3052900401313389,0.38536160161961536,0.015055201713444322,negative,0.03406312047906707,True,heteroaromatic_ring,heteroaromatic_ring ≥ 114,high
ames_combine,fg_heteroaromatic_ring_count,ge,115,32,4,28,0.125,0.03513065310331141,0.28994842019075573,0.3052900401313389,0.4094467017208413,0.03247268974353339,negative,0.06700350771024846,False,heteroaromatic_ring,heteroaromatic_ring ≥ 115,high
ames_combine,fg_heteroaromatic_ring_count,ge,116,32,4,28,0.125,0.03513065310331141,0.28994842019075573,0.3052900401313389,0.4094467017208413,0.03247268974353339,negative,0.06700350771024846,False,heteroaromatic_ring,heteroaromatic_ring ≥ 116,high
ames_combine,fg_heteroaromatic_ring_count,ge,117,30,4,26,0.13333333333333333,0.037553496338363315,0.30721835027612676,0.3052900401313389,0.4367431485022307,0.045985484097318605,negative,0.09057981069253346,False,heteroaromatic_ring,heteroaromatic_ring ≥ 117,high
ames_combine,fg_heteroaromatic_ring_count,ge,118,29,4,25,0.13793103448275862,0.03889483129543887,0.31664060943913763,0.3052900401313389,0.45180325707127317,0.06686802797981364,negative,0.12400210251952783,False,heteroaromatic_ring,heteroaromatic_ring ≥ 118,high
ames_combine,fg_heteroaromatic_ring_count,ge,119,29,4,25,0.13793103448275862,0.03889483129543887,0.31664060943913763,0.3052900401313389,0.45180325707127317,0.06686802797981364,negative,0.12400210251952783,False,heteroaromatic_ring,heteroaromatic_ring ≥ 119,high
ames_combine,fg_heteroaromatic_ring_count,ge,120,29,4,25,0.13793103448275862,0.03889483129543887,0.31664060943913763,0.3052900401313389,0.45180325707127317,0.06686802797981364,negative,0.12400210251952783,False,heteroaromatic_ring,heteroaromatic_ring ≥ 120,high
ames_combine,fg_heteroaromatic_ring_count,ge,121,29,4,25,0.13793103448275862,0.03889483129543887,0.31664060943913763,0.3052900401313389,0.45180325707127317,0.06686802797981364,negative,0.12400210251952783,False,heteroaromatic_ring,heteroaromatic_ring ≥ 121,high
ames_combine,fg_heteroaromatic_ring_count,ge,122,29,4,25,0.13793103448275862,0.03889483129543887,0.31664060943913763,0.3052900401313389,0.45180325707127317,0.06686802797981364,negative,0.12400210251952783,False,heteroaromatic_ring,heteroaromatic_ring ≥ 122,high
ames_combine,fg_heteroaromatic_ring_count,ge,123,29,4,25,0.13793103448275862,0.03889483129543887,0.31664060943913763,0.3052900401313389,0.45180325707127317,0.06686802797981364,negative,0.12400210251952783,False,heteroaromatic_ring,heteroaromatic_ring ≥ 123,high
ames_combine,fg_heteroaromatic_ring_count,ge,124,29,4,25,0.13793103448275862,0.03889483129543887,0.31664060943913763,0.3052900401313389,0.45180325707127317,0.06686802797981364,negative,0.12400210251952783,False,heteroaromatic_ring,heteroaromatic_ring ≥ 124,high
ames_combine,fg_heteroaromatic_ring_count,ge,125,27,4,23,0.14814814814814814,0.04188739647376728,0.33731086402424443,0.3052900401313389,0.48527016500247855,0.09351736221592696,negative,0.16383011736482272,False,heteroaromatic_ring,heteroaromatic_ring ≥ 125,high
ames_combine,fg_heteroaromatic_ring_count,ge,126,27,4,23,0.14814814814814814,0.04188739647376728,0.33731086402424443,0.3052900401313389,0.48527016500247855,0.09351736221592696,negative,0.16383011736482272,False,heteroaromatic_ring,heteroaromatic_ring ≥ 126,high
ames_combine,fg_heteroaromatic_ring_count,ge,127,23,3,20,0.13043478260869565,0.027751507422793194,0.33588913753712096,0.3052900401313389,0.4272487322304431,0.07272395098264901,negative,0.133175735236976,False,heteroaromatic_ring,heteroaromatic_ring ≥ 127,high
ames_combine,fg_heteroaromatic_ring_count,ge,128,23,3,20,0.13043478260869565,0.027751507422793194,0.33588913753712096,0.3052900401313389,0.4272487322304431,0.07272395098264901,negative,0.133175735236976,False,heteroaromatic_ring,heteroaromatic_ring ≥ 128,high
ames_combine,fg_heteroaromatic_ring_count,ge,129,23,3,20,0.13043478260869565,0.027751507422793194,0.33588913753712096,0.3052900401313389,0.4272487322304431,0.07272395098264901,negative,0.133175735236976,False,heteroaromatic_ring,heteroaromatic_ring ≥ 129,high
ames_combine,fg_heteroaromatic_ring_count,ge,130,23,3,20,0.13043478260869565,0.027751507422793194,0.33588913753712096,0.3052900401313389,0.4272487322304431,0.07272395098264901,negative,0.133175735236976,False,heteroaromatic_ring,heteroaromatic_ring ≥ 130,high
ames_combine,fg_heteroaromatic_ring_count,ge,131,19,2,17,0.10526315789473684,0.013012164371777464,0.33137666445676595,0.3052900401313389,0.3447972225017611,0.07822649587395267,negative,0.1384818850956637,False,heteroaromatic_ring,heteroaromatic_ring ≥ 131,medium
ames_combine,fg_heteroaromatic_ring_count,ge,132,19,2,17,0.10526315789473684,0.013012164371777464,0.33137666445676595,0.3052900401313389,0.3447972225017611,0.07822649587395267,negative,0.1384818850956637,False,heteroaromatic_ring,heteroaromatic_ring ≥ 132,medium
ames_combine,fg_heteroaromatic_ring_count,ge,133,19,2,17,0.10526315789473684,0.013012164371777464,0.33137666445676595,0.3052900401313389,0.3447972225017611,0.07822649587395267,negative,0.1384818850956637,False,heteroaromatic_ring,heteroaromatic_ring ≥ 133,medium
ames_combine,fg_heteroaromatic_ring_count,ge,134,19,2,17,0.10526315789473684,0.013012164371777464,0.33137666445676595,0.3052900401313389,0.3447972225017611,0.07822649587395267,negative,0.1384818850956637,False,heteroaromatic_ring,heteroaromatic_ring ≥ 134,medium
ames_combine,fg_heteroaromatic_ring_count,ge,135,19,2,17,0.10526315789473684,0.013012164371777464,0.33137666445676595,0.3052900401313389,0.3447972225017611,0.07822649587395267,negative,0.1384818850956637,False,heteroaromatic_ring,heteroaromatic_ring ≥ 135,medium
ames_combine,fg_heteroaromatic_ring_count,ge,136,19,2,17,0.10526315789473684,0.013012164371777464,0.33137666445676595,0.3052900401313389,0.3447972225017611,0.07822649587395267,negative,0.1384818850956637,False,heteroaromatic_ring,heteroaromatic_ring ≥ 136,medium
ames_combine,fg_heteroaromatic_ring_count,ge,137,16,1,15,0.0625,0.0015811117227658871,0.302320738434532,0.3052900401313389,0.20472335086042065,0.05225397632670195,negative,0.10139347724320312,False,heteroaromatic_ring,heteroaromatic_ring ≥ 137,medium
ames_combine,fg_heteroaromatic_ring_count,ge,138,16,1,15,0.0625,0.0015811117227658871,0.302320738434532,0.3052900401313389,0.20472335086042065,0.05225397632670195,negative,0.10139347724320312,False,heteroaromatic_ring,heteroaromatic_ring ≥ 138,medium
ames_combine,fg_heteroaromatic_ring_count,ge,139,16,1,15,0.0625,0.0015811117227658871,0.302320738434532,0.3052900401313389,0.20472335086042065,0.05225397632670195,negative,0.10139347724320312,False,heteroaromatic_ring,heteroaromatic_ring ≥ 139,medium
ames_combine,fg_heteroaromatic_ring_count,ge,140,16,1,15,0.0625,0.0015811117227658871,0.302320738434532,0.3052900401313389,0.20472335086042065,0.05225397632670195,negative,0.10139347724320312,False,heteroaromatic_ring,heteroaromatic_ring ≥ 140,medium
ames_combine,fg_heteroaromatic_ring_count,ge,141,16,1,15,0.0625,0.0015811117227658871,0.302320738434532,0.3052900401313389,0.20472335086042065,0.05225397632670195,negative,0.10139347724320312,False,heteroaromatic_ring,heteroaromatic_ring ≥ 141,medium
ames_combine,fg_heteroaromatic_ring_count,ge,142,16,1,15,0.0625,0.0015811117227658871,0.302320738434532,0.3052900401313389,0.20472335086042065,0.05225397632670195,negative,0.10139347724320312,False,heteroaromatic_ring,heteroaromatic_ring ≥ 142,medium
ames_combine,fg_heteroaromatic_ring_count,ge,143,15,0,15,0.0,0.0,0.21801936091053403,0.3052900401313389,0.0,0.008414259873699356,negative,0.020587708918529533,True,heteroaromatic_ring,heteroaromatic_ring ≥ 143,medium
ames_combine,fg_heteroaromatic_ring_count,ge,144,15,0,15,0.0,0.0,0.21801936091053403,0.3052900401313389,0.0,0.008414259873699356,negative,0.020587708918529533,True,heteroaromatic_ring,heteroaromatic_ring ≥ 144,medium
ames_combine,fg_heteroaromatic_ring_count,ge,145,7,0,7,0.0,0.0,0.4096163972250034,0.3052900401313389,0.0,0.10906966426401304,negative,0.18472492271303942,False,heteroaromatic_ring,heteroaromatic_ring ≥ 145,low
ames_combine,fg_heteroaromatic_ring_count,ge,146,7,0,7,0.0,0.0,0.4096163972250034,0.3052900401313389,0.0,0.10906966426401304,negative,0.18472492271303942,False,heteroaromatic_ring,heteroaromatic_ring ≥ 146,low
ames_combine,fg_heteroaromatic_ring_count,ge,147,6,0,6,0.0,0.0,0.4592581264399005,0.3052900401313389,0.0,0.1870646498158568,negative,0.280716734422771,False,heteroaromatic_ring,heteroaromatic_ring ≥ 147,low
ames_combine,fg_heteroaromatic_ring_count,ge,148,6,0,6,0.0,0.0,0.4592581264399005,0.3052900401313389,0.0,0.1870646498158568,negative,0.280716734422771,False,heteroaromatic_ring,heteroaromatic_ring ≥ 148,low
ames_combine,fg_heteroaromatic_ring_count,ge,149,6,0,6,0.0,0.0,0.4592581264399005,0.3052900401313389,0.0,0.1870646498158568,negative,0.280716734422771,False,heteroaromatic_ring,heteroaromatic_ring ≥ 149,low
ames_combine,fg_heteroaromatic_ring_count,ge,150,6,0,6,0.0,0.0,0.4592581264399005,0.3052900401313389,0.0,0.1870646498158568,negative,0.280716734422771,False,heteroaromatic_ring,heteroaromatic_ring ≥ 150,low
ames_combine,fg_heteroaromatic_ring_count,ge,151,6,0,6,0.0,0.0,0.4592581264399005,0.3052900401313389,0.0,0.1870646498158568,negative,0.280716734422771,False,heteroaromatic_ring,heteroaromatic_ring ≥ 151,low
ames_combine,fg_heteroaromatic_ring_count,ge,152,6,0,6,0.0,0.0,0.4592581264399005,0.3052900401313389,0.0,0.1870646498158568,negative,0.280716734422771,False,heteroaromatic_ring,heteroaromatic_ring ≥ 152,low
ames_combine,fg_heteroaromatic_ring_count,ge,153,5,0,5,0.0,0.0,0.5218237501049815,0.3052900401313389,0.0,0.331873181391361,negative,0.4129037883128186,False,heteroaromatic_ring,heteroaromatic_ring ≥ 153,low
ames_combine,fg_heteroaromatic_ring_count,ge,154,5,0,5,0.0,0.0,0.5218237501049815,0.3052900401313389,0.0,0.331873181391361,negative,0.4129037883128186,False,heteroaromatic_ring,heteroaromatic_ring ≥ 154,low
ames_combine,fg_heteroaromatic_ring_count,ge,155,5,0,5,0.0,0.0,0.5218237501049815,0.3052900401313389,0.0,0.331873181391361,negative,0.4129037883128186,False,heteroaromatic_ring,heteroaromatic_ring ≥ 155,low
ames_combine,fg_heteroaromatic_ring_count,ge,156,5,0,5,0.0,0.0,0.5218237501049815,0.3052900401313389,0.0,0.331873181391361,negative,0.4129037883128186,False,heteroaromatic_ring,heteroaromatic_ring ≥ 156,low
ames_combine,fg_heteroaromatic_ring_count,ge,157,5,0,5,0.0,0.0,0.5218237501049815,0.3052900401313389,0.0,0.331873181391361,negative,0.4129037883128186,False,heteroaromatic_ring,heteroaromatic_ring ≥ 157,low
ames_combine,fg_heteroaromatic_ring_count,ge,158,5,0,5,0.0,0.0,0.5218237501049815,0.3052900401313389,0.0,0.331873181391361,negative,0.4129037883128186,False,heteroaromatic_ring,heteroaromatic_ring ≥ 158,low
ames_combine,fg_heteroaromatic_ring_count,ge,159,5,0,5,0.0,0.0,0.5218237501049815,0.3052900401313389,0.0,0.331873181391361,negative,0.4129037883128186,False,heteroaromatic_ring,heteroaromatic_ring ≥ 159,low
ames_combine,fg_heteroaromatic_ring_count,ge,160,5,0,5,0.0,0.0,0.5218237501049815,0.3052900401313389,0.0,0.331873181391361,negative,0.4129037883128186,False,heteroaromatic_ring,heteroaromatic_ring ≥ 160,low
ames_combine,fg_heteroaromatic_ring_count,ge,161,5,0,5,0.0,0.0,0.5218237501049815,0.3052900401313389,0.0,0.331873181391361,negative,0.4129037883128186,False,heteroaromatic_ring,heteroaromatic_ring ≥ 161,low
ames_combine,fg_heteroaromatic_ring_count,ge,162,5,0,5,0.0,0.0,0.5218237501049815,0.3052900401313389,0.0,0.331873181391361,negative,0.4129037883128186,False,heteroaromatic_ring,heteroaromatic_ring ≥ 162,low
ames_combine,fg_heteroaromatic_ring_count,ge,163,5,0,5,0.0,0.0,0.5218237501049815,0.3052900401313389,0.0,0.331873181391361,negative,0.4129037883128186,False,heteroaromatic_ring,heteroaromatic_ring ≥ 163,low
ames_combine,fg_heteroaromatic_ring_count,ge,164,5,0,5,0.0,0.0,0.5218237501049815,0.3052900401313389,0.0,0.331873181391361,negative,0.4129037883128186,False,heteroaromatic_ring,heteroaromatic_ring ≥ 164,low
ames_combine,fg_heteroaromatic_ring_count,ge,165,5,0,5,0.0,0.0,0.5218237501049815,0.3052900401313389,0.0,0.331873181391361,negative,0.4129037883128186,False,heteroaromatic_ring,heteroaromatic_ring ≥ 165,low
ames_combine,fg_heteroaromatic_ring_count,ge,166,5,0,5,0.0,0.0,0.5218237501049815,0.3052900401313389,0.0,0.331873181391361,negative,0.4129037883128186,False,heteroaromatic_ring,heteroaromatic_ring ≥ 166,low
ames_combine,fg_heteroaromatic_ring_count,ge,167,5,0,5,0.0,0.0,0.5218237501049815,0.3052900401313389,0.0,0.331873181391361,negative,0.4129037883128186,False,heteroaromatic_ring,heteroaromatic_ring ≥ 167,low
ames_combine,fg_heteroaromatic_ring_count,ge,168,5,0,5,0.0,0.0,0.5218237501049815,0.3052900401313389,0.0,0.331873181391361,negative,0.4129037883128186,False,heteroaromatic_ring,heteroaromatic_ring ≥ 168,low
ames_combine,fg_heteroaromatic_ring_count,ge,169,5,0,5,0.0,0.0,0.5218237501049815,0.3052900401313389,0.0,0.331873181391361,negative,0.4129037883128186,False,heteroaromatic_ring,heteroaromatic_ring ≥ 169,low
ames_combine,fg_heteroaromatic_ring_count,ge,170,5,0,5,0.0,0.0,0.5218237501049815,0.3052900401313389,0.0,0.331873181391361,negative,0.4129037883128186,False,heteroaromatic_ring,heteroaromatic_ring ≥ 170,low
ames_combine,fg_heteroaromatic_ring_count,ge,171,5,0,5,0.0,0.0,0.5218237501049815,0.3052900401313389,0.0,0.331873181391361,negative,0.4129037883128186,False,heteroaromatic_ring,heteroaromatic_ring ≥ 171,low
ames_combine,fg_heteroaromatic_ring_count,ge,172,5,0,5,0.0,0.0,0.5218237501049815,0.3052900401313389,0.0,0.331873181391361,negative,0.4129037883128186,False,heteroaromatic_ring,heteroaromatic_ring ≥ 172,low
ames_combine,fg_heteroaromatic_ring_count,ge,173,5,0,5,0.0,0.0,0.5218237501049815,0.3052900401313389,0.0,0.331873181391361,negative,0.4129037883128186,False,heteroaromatic_ring,heteroaromatic_ring ≥ 173,low
ames_combine,fg_heteroaromatic_ring_count,ge,174,5,0,5,0.0,0.0,0.5218237501049815,0.3052900401313389,0.0,0.331873181391361,negative,0.4129037883128186,False,heteroaromatic_ring,heteroaromatic_ring ≥ 174,low
ames_combine,fg_heteroaromatic_ring_count,ge,175,5,0,5,0.0,0.0,0.5218237501049815,0.3052900401313389,0.0,0.331873181391361,negative,0.4129037883128186,False,heteroaromatic_ring,heteroaromatic_ring ≥ 175,low
ames_combine,fg_heteroaromatic_ring_count,ge,176,5,0,5,0.0,0.0,0.5218237501049815,0.3052900401313389,0.0,0.331873181391361,negative,0.4129037883128186,False,heteroaromatic_ring,heteroaromatic_ring ≥ 176,low
ames_combine,fg_heteroaromatic_ring_count,ge,177,5,0,5,0.0,0.0,0.5218237501049815,0.3052900401313389,0.0,0.331873181391361,negative,0.4129037883128186,False,heteroaromatic_ring,heteroaromatic_ring ≥ 177,low
ames_combine,fg_heteroaromatic_ring_count,ge,178,5,0,5,0.0,0.0,0.5218237501049815,0.3052900401313389,0.0,0.331873181391361,negative,0.4129037883128186,False,heteroaromatic_ring,heteroaromatic_ring ≥ 178,low
ames_combine,fg_heteroaromatic_ring_count,ge,179,5,0,5,0.0,0.0,0.5218237501049815,0.3052900401313389,0.0,0.331873181391361,negative,0.4129037883128186,False,heteroaromatic_ring,heteroaromatic_ring ≥ 179,low
ames_combine,fg_heteroaromatic_ring_count,ge,180,5,0,5,0.0,0.0,0.5218237501049815,0.3052900401313389,0.0,0.331873181391361,negative,0.4129037883128186,False,heteroaromatic_ring,heteroaromatic_ring ≥ 180,low
ames_combine,fg_heteroaromatic_ring_count,ge,181,5,0,5,0.0,0.0,0.5218237501049815,0.3052900401313389,0.0,0.331873181391361,negative,0.4129037883128186,False,heteroaromatic_ring,heteroaromatic_ring ≥ 181,low
ames_combine,fg_heteroaromatic_ring_count,ge,182,5,0,5,0.0,0.0,0.5218237501049815,0.3052900401313389,0.0,0.331873181391361,negative,0.4129037883128186,False,heteroaromatic_ring,heteroaromatic_ring ≥ 182,low
ames_combine,fg_heteroaromatic_ring_count,ge,183,5,0,5,0.0,0.0,0.5218237501049815,0.3052900401313389,0.0,0.331873181391361,negative,0.4129037883128186,False,heteroaromatic_ring,heteroaromatic_ring ≥ 183,low
ames_combine,fg_heteroaromatic_ring_count,ge,184,5,0,5,0.0,0.0,0.5218237501049815,0.3052900401313389,0.0,0.331873181391361,negative,0.4129037883128186,False,heteroaromatic_ring,heteroaromatic_ring ≥ 184,low
ames_combine,fg_heteroaromatic_ring_count,ge,185,5,0,5,0.0,0.0,0.5218237501049815,0.3052900401313389,0.0,0.331873181391361,negative,0.4129037883128186,False,heteroaromatic_ring,heteroaromatic_ring ≥ 185,low
ames_combine,fg_heteroaromatic_ring_count,ge,186,5,0,5,0.0,0.0,0.5218237501049815,0.3052900401313389,0.0,0.331873181391361,negative,0.4129037883128186,False,heteroaromatic_ring,heteroaromatic_ring ≥ 186,low
ames_combine,fg_heteroaromatic_ring_count,ge,187,5,0,5,0.0,0.0,0.5218237501049815,0.3052900401313389,0.0,0.331873181391361,negative,0.4129037883128186,False,heteroaromatic_ring,heteroaromatic_ring ≥ 187,low
ames_combine,fg_heteroaromatic_ring_count,ge,188,5,0,5,0.0,0.0,0.5218237501049815,0.3052900401313389,0.0,0.331873181391361,negative,0.4129037883128186,False,heteroaromatic_ring,heteroaromatic_ring ≥ 188,low
ames_combine,fg_heteroaromatic_ring_count,ge,189,4,0,4,0.0,0.0,0.6023646356164747,0.3052900401313389,0.0,0.32060310967024686,negative,0.4129037883128186,False,heteroaromatic_ring,heteroaromatic_ring ≥ 189,low
ames_combine,fg_heteroaromatic_ring_count,ge,190,4,0,4,0.0,0.0,0.6023646356164747,0.3052900401313389,0.0,0.32060310967024686,negative,0.4129037883128186,False,heteroaromatic_ring,heteroaromatic_ring ≥ 190,low
ames_combine,fg_heteroaromatic_ring_count,ge,191,4,0,4,0.0,0.0,0.6023646356164747,0.3052900401313389,0.0,0.32060310967024686,negative,0.4129037883128186,False,heteroaromatic_ring,heteroaromatic_ring ≥ 191,low
ames_combine,fg_heteroaromatic_ring_count,ge,192,4,0,4,0.0,0.0,0.6023646356164747,0.3052900401313389,0.0,0.32060310967024686,negative,0.4129037883128186,False,heteroaromatic_ring,heteroaromatic_ring ≥ 192,low
ames_combine,fg_heteroaromatic_ring_count,ge,193,4,0,4,0.0,0.0,0.6023646356164747,0.3052900401313389,0.0,0.32060310967024686,negative,0.4129037883128186,False,heteroaromatic_ring,heteroaromatic_ring ≥ 193,low
ames_combine,fg_heteroaromatic_ring_count,ge,194,4,0,4,0.0,0.0,0.6023646356164747,0.3052900401313389,0.0,0.32060310967024686,negative,0.4129037883128186,False,heteroaromatic_ring,heteroaromatic_ring ≥ 194,low
ames_combine,fg_fused_ring_like_count,eq,1,28,3,25,0.10714285714285714,0.022665090639058937,0.2822643957153244,0.3052900401313389,0.3509543157607211,0.022649895250724854,negative,0.04930413422868376,True,fused_ring_like,fused_ring_like = 1,high
ames_combine,fg_fused_ring_like_count,eq,2,1629,543,1086,0.3333333333333333,0.3104520192262019,0.3568168204472353,0.3052900401313389,1.0918578712555767,0.00988294488475168,positive,0.02383294527763162,True,fused_ring_like,fused_ring_like = 2,high
ames_combine,fg_fused_ring_like_count,eq,3,78,14,64,0.1794871794871795,0.10174933717365126,0.28277319993914274,0.3052900401313389,0.5879234691376183,0.013699162641804988,negative,0.03135823948475673,True,fused_ring_like,fused_ring_like = 3,high
ames_combine,fg_fused_ring_like_count,eq,4,1132,655,477,0.5786219081272085,0.5492422392314886,0.6075919344175666,0.3052900401313389,1.8953186546088414,2.70820590946573e-88,positive,4.2892126025592375e-87,True,fused_ring_like,fused_ring_like = 4,high
ames_combine,fg_fused_ring_like_count,eq,5,55,3,52,0.05454545454545454,0.011393006272708742,0.15123495476659954,0.3052900401313389,0.17866765166000348,1.0528984049045432e-05,negative,4.0326697076736096e-05,True,fused_ring_like,fused_ring_like = 5,high
ames_combine,fg_fused_ring_like_count,eq,6,703,435,268,0.6187766714082503,0.581724730681701,0.654827224982622,0.3052900401313389,2.026848537679271,1.55704173256768e-69,positive,2.252904827863359e-68,True,fused_ring_like,fused_ring_like = 6,high
ames_combine,fg_fused_ring_like_count,eq,7,42,5,37,0.11904761904761904,0.03980552894268835,0.2563166776063778,0.3052900401313389,0.38994923973413453,0.006845373443720087,negative,0.017106135769807976,True,fused_ring_like,fused_ring_like = 7,high
ames_combine,fg_fused_ring_like_count,eq,8,449,309,140,0.688195991091314,0.6430972585070882,0.7307941303556527,0.3052900401313389,2.254236629518752,1.3608535801399307e-64,positive,1.8332418343954012e-63,True,fused_ring_like,fused_ring_like = 8,high
ames_combine,fg_fused_ring_like_count,eq,9,14,4,10,0.2857142857142857,0.08388931830712752,0.5810352571836609,0.3052900401313389,0.935878175361923,1.0,negative,1.0,False,fused_ring_like,fused_ring_like = 9,medium
ames_combine,fg_fused_ring_like_count,eq,10,122,79,43,0.6475409836065574,0.5558857047153835,0.7318489458686349,0.3052900401313389,2.1210681597341945,6.542315243207568e-15,positive,4.38148198002244e-14,True,fused_ring_like,fused_ring_like = 10,high
ames_combine,fg_fused_ring_like_count,eq,11,5,2,3,0.4,0.052744950526316906,0.8533672003653269,0.3052900401313389,1.3102294455066923,0.6444178562113049,positive,0.7145295435001412,False,fused_ring_like,fused_ring_like = 11,low
ames_combine,fg_fused_ring_like_count,eq,12,25,6,19,0.24,0.09356443933174285,0.4512880178166865,0.3052900401313389,0.7861376673040152,0.6640449162372415,negative,0.7349014559301672,False,fused_ring_like,fused_ring_like = 12,high
ames_combine,fg_fused_ring_like_count,eq,13,5,0,5,0.0,0.0,0.5218237501049815,0.3052900401313389,0.0,0.331873181391361,negative,0.4129037883128186,False,fused_ring_like,fused_ring_like = 13,low
ames_combine,fg_fused_ring_like_count,eq,14,10,2,8,0.2,0.02521072632683336,0.5560954623076415,0.3052900401313389,0.6551147227533461,0.7332523658640892,negative,0.7935104088575369,False,fused_ring_like,fused_ring_like = 14,medium
ames_combine,fg_fused_ring_like_count,eq,16,4,1,3,0.25,0.006309463209709866,0.8058795503167566,0.3052900401313389,0.8188934034416826,1.0,negative,1.0,False,fused_ring_like,fused_ring_like = 16,low
ames_combine,fg_fused_ring_like_count,eq,20,12,0,12,0.0,0.0,0.2646484693970512,0.3052900401313389,0.0,0.02322174240122307,negative,0.04930413422868376,True,fused_ring_like,fused_ring_like = 20,medium
ames_combine,fg_fused_ring_like_count,eq,22,3,1,2,0.3333333333333333,0.008403758659612636,0.9057006759497539,0.3052900401313389,1.0918578712555767,1.0,positive,1.0,False,fused_ring_like,fused_ring_like = 22,low
ames_combine,fg_fused_ring_like_count,ge,1,4321,2064,2257,0.4776672066651238,0.4626774970541152,0.492687131468573,0.3052900401313389,1.5646340983139393,5.5670133366817466e-188,positive,1.864154180168859e-186,True,fused_ring_like,fused_ring_like ≥ 1,high
ames_combine,fg_fused_ring_like_count,ge,2,4293,2061,2232,0.480083857442348,0.465040343163713,0.4951544938254095,0.3052900401313389,1.5725500158335037,2.4433909506928254e-191,positive,8.948919356912473e-190,True,fused_ring_like,fused_ring_like ≥ 2,high
ames_combine,fg_fused_ring_like_count,ge,3,2664,1518,1146,0.5698198198198198,0.5507632300303034,0.588722781909691,0.3052900401313389,1.8664867664031142,3.2261615874467107e-223,positive,6.301768967479242e-221,True,fused_ring_like,fused_ring_like ≥ 3,high
ames_combine,fg_fused_ring_like_count,ge,4,2586,1504,1082,0.5815931941221965,0.562303673292203,0.6006977249703565,0.3052900401313389,1.9050513206129787,4.1408494975060723e-234,positive,2.4265378055385583e-231,True,fused_ring_like,fused_ring_like ≥ 4,high
ames_combine,fg_fused_ring_like_count,ge,5,1454,849,605,0.5839064649243466,0.5580784753722703,0.6093947741503007,0.3052900401313389,1.9126286094139986,1.6992634639892556e-120,positive,3.829878422683476e-119,True,fused_ring_like,fused_ring_like ≥ 5,high
ames_combine,fg_fused_ring_like_count,ge,6,1399,846,553,0.6047176554681916,0.5785427893103428,0.6304517285032236,0.3052900401313389,1.9807971960304889,1.0491542067164908e-132,positive,2.67306245711245e-131,True,fused_ring_like,fused_ring_like ≥ 6,high
ames_combine,fg_fused_ring_like_count,ge,7,696,411,285,0.5905172413793104,0.5529464667874358,0.6273173617719423,0.3052900401313389,1.9342826943363884,2.3606074622385694e-57,positive,3.07403549527067e-56,True,fused_ring_like,fused_ring_like ≥ 7,high
ames_combine,fg_fused_ring_like_count,ge,8,654,406,248,0.6207951070336392,0.5823674105866584,0.6581272300950598,0.3052900401313389,2.0334600721548814,2.4242504863091806e-65,positive,3.3426136117110114e-64,True,fused_ring_like,fused_ring_like ≥ 8,high
ames_combine,fg_fused_ring_like_count,ge,9,205,97,108,0.47317073170731705,0.4032144938997128,0.5439140521065188,0.3052900401313389,1.5499055635871846,5.078174682284595e-07,positive,2.2207540028498305e-06,True,fused_ring_like,fused_ring_like ≥ 9,high
ames_combine,fg_fused_ring_like_count,ge,10,191,93,98,0.4869109947643979,0.41410129628969167,0.5601332312830762,0.3052900401313389,1.5949128067031724,1.2814263249790195e-07,positive,5.936093489626131e-07,True,fused_ring_like,fused_ring_like ≥ 10,high
ames_combine,fg_fused_ring_like_count,ge,11,69,14,55,0.2028985507246377,0.11560362115284237,0.3169301691854233,0.3052900401313389,0.6646091390251337,0.0670409227905849,negative,0.12412632150168328,False,fused_ring_like,fused_ring_like ≥ 11,high
ames_combine,fg_fused_ring_like_count,ge,12,64,12,52,0.1875,0.10081515935377754,0.3046228736951483,0.3052900401313389,0.614170052581262,0.041270676941146445,negative,0.08198175148309089,False,fused_ring_like,fused_ring_like ≥ 12,high
ames_combine,fg_fused_ring_like_count,ge,13,39,6,33,0.15384615384615385,0.05862426286078934,0.3052799244367127,0.3052900401313389,0.5039344021179586,0.053472760128425396,negative,0.10358690061242078,False,fused_ring_like,fused_ring_like ≥ 13,high
ames_combine,fg_fused_ring_like_count,ge,14,34,6,28,0.17647058823529413,0.06764065268275714,0.345315131068134,0.3052900401313389,0.5780424024294231,0.13454353307577605,negative,0.21512281141174558,False,fused_ring_like,fused_ring_like ≥ 14,high
ames_combine,fg_fused_ring_like_count,ge,15,24,4,20,0.16666666666666666,0.04735362660725712,0.3738417134886826,0.3052900401313389,0.5459289356277883,0.1835577178554061,negative,0.280716734422771,False,fused_ring_like,fused_ring_like ≥ 15,high
ames_combine,fg_fused_ring_like_count,ge,16,24,4,20,0.16666666666666666,0.04735362660725712,0.3738417134886826,0.3052900401313389,0.5459289356277883,0.1835577178554061,negative,0.280716734422771,False,fused_ring_like,fused_ring_like ≥ 16,high
ames_combine,fg_fused_ring_like_count,ge,17,20,3,17,0.15,0.0320709371854637,0.37892682654531396,0.3052900401313389,0.4913360420650095,0.15152529531344602,negative,0.2393364502794592,False,fused_ring_like,fused_ring_like ≥ 17,high
ames_combine,fg_fused_ring_like_count,ge,18,20,3,17,0.15,0.0320709371854637,0.37892682654531396,0.3052900401313389,0.4913360420650095,0.15152529531344602,negative,0.2393364502794592,False,fused_ring_like,fused_ring_like ≥ 18,high
ames_combine,fg_fused_ring_like_count,ge,19,19,3,16,0.15789473684210525,0.03382624900176467,0.3957845512666742,0.3052900401313389,0.5171958337526417,0.21498667329578658,negative,0.3177356634333693,False,fused_ring_like,fused_ring_like ≥ 19,medium
ames_combine,fg_fused_ring_like_count,ge,20,18,2,16,0.1111111111111111,0.013751215664364491,0.34712043860867203,0.3052900401313389,0.36395262375185894,0.07816863211457117,negative,0.1384818850956637,False,fused_ring_like,fused_ring_like ≥ 20,medium
ames_combine,fg_fused_ring_like_count,ge,21,6,2,4,0.3333333333333333,0.043271868292741676,0.7772219044964879,0.3052900401313389,1.0918578712555767,1.0,positive,1.0,False,fused_ring_like,fused_ring_like ≥ 21,low
ames_combine,fg_fused_ring_like_count,ge,22,4,1,3,0.25,0.006309463209709866,0.8058795503167566,0.3052900401313389,0.8188934034416826,1.0,negative,1.0,False,fused_ring_like,fused_ring_like ≥ 22,low
ames_combine,fg_epoxide_count,eq,1,441,306,135,0.6938775510204082,0.6485311688768066,0.7366000717290766,0.3052900401313389,2.272846997307527,3.314641290552087e-65,positive,4.5171623168919145e-64,True,epoxide,epoxide = 1,high
ames_combine,fg_epoxide_count,eq,2,54,41,13,0.7592592592592593,0.6235947541659905,0.8651365787275388,0.3052900401313389,2.4870095956377027,7.579499365554191e-12,positive,4.3544966943281916e-11,True,epoxide,epoxide = 2,high
ames_combine,fg_epoxide_count,eq,3,6,6,0,1.0,0.5407418735600995,1.0,0.3052900401313389,3.2755736137667304,0.0008075948581121266,positive,0.0023721833927504068,True,epoxide,epoxide = 3,low
ames_combine,fg_epoxide_count,ge,1,502,353,149,0.703187250996016,0.6611124418763921,0.7428496925398986,0.3052900401313389,2.303341604899713,4.92191330389488e-78,positive,7.491535574239998e-77,True,epoxide,epoxide ≥ 1,high
ames_combine,fg_epoxide_count,ge,2,61,47,14,0.7704918032786885,0.6450191707824999,0.8684685253502065,0.3052900401313389,2.5238026204432185,8.290984909761161e-14,positive,5.280996909913087e-13,True,epoxide,epoxide ≥ 2,high
ames_combine,fg_epoxide_count,ge,3,7,6,1,0.8571428571428571,0.4212768029568048,0.9963897031380994,0.3052900401313389,2.807634526085769,0.004175334391254206,positive,0.010778616534250947,True,epoxide,epoxide ≥ 3,low
ames_combine,fg_halogen_any_count,eq,1,1192,449,743,0.3766778523489933,0.34908391939230954,0.40488194212222545,0.3052900401313389,1.233836034044683,3.675983360748099e-08,positive,1.7656772536052343e-07,True,halogen_any,halogen_any = 1,high
ames_combine,fg_halogen_any_count,eq,2,715,238,477,0.3328671328671329,0.2983771071874796,0.36874338825750774,0.3052900401313389,1.090330797309765,0.10382498641625525,positive,0.18107572035692135,False,halogen_any,halogen_any = 2,high
ames_combine,fg_halogen_any_count,eq,3,338,101,237,0.2988165680473373,0.25049072185875915,0.3507086532714785,0.3052900401313389,0.9787956656521888,0.8112951682944335,negative,0.8683451481653662,False,halogen_any,halogen_any = 3,high
ames_combine,fg_halogen_any_count,eq,4,162,25,137,0.15432098765432098,0.10242696910532012,0.21932372702954336,0.3052900401313389,0.5054897552109152,1.0337192990986664e-05,negative,3.972193503421761e-05,True,halogen_any,halogen_any = 4,high
ames_combine,fg_halogen_any_count,eq,5,66,15,51,0.22727272727272727,0.13314278351540487,0.3469981019771797,0.3052900401313389,0.7444485485833477,0.18233176486733926,negative,0.280716734422771,False,halogen_any,halogen_any = 5,high
ames_combine,fg_halogen_any_count,eq,6,79,8,71,0.10126582278481013,0.04474342411465863,0.18981893800531274,0.3052900401313389,0.3317036570903018,2.2662054521114437e-05,negative,8.299977468358163e-05,True,halogen_any,halogen_any = 6,high
ames_combine,fg_halogen_any_count,eq,7,20,0,20,0.0,0.0,0.16843347098308534,0.3052900401313389,0.0,0.0009983494279464052,negative,0.0028819348018551405,True,halogen_any,halogen_any = 7,high
ames_combine,fg_halogen_any_count,eq,8,30,3,27,0.1,0.02111713702972257,0.2652884504742081,0.3052900401313389,0.3275573613766731,0.015504674581001993,negative,0.034811261702939335,True,halogen_any,halogen_any = 8,high
ames_combine,fg_halogen_any_count,eq,9,17,0,17,0.0,0.0,0.1950643229690932,0.3052900401313389,0.0,0.002812672249572346,negative,0.007491936082951794,True,halogen_any,halogen_any = 9,medium
ames_combine,fg_halogen_any_count,eq,10,14,1,13,0.07142857142857142,0.0018067806591253865,0.3386844899318212,0.3052900401313389,0.23396954384048074,0.07833915513517495,negative,0.1384818850956637,False,halogen_any,halogen_any = 10,medium
ames_combine,fg_halogen_any_count,eq,11,6,0,6,0.0,0.0,0.4592581264399005,0.3052900401313389,0.0,0.1870646498158568,negative,0.280716734422771,False,halogen_any,halogen_any = 11,low
ames_combine,fg_halogen_any_count,eq,12,10,0,10,0.0,0.0,0.30849710781876083,0.3052900401313389,0.0,0.037869420279036115,negative,0.0754812254541332,False,halogen_any,halogen_any = 12,medium
ames_combine,fg_halogen_any_count,eq,13,15,0,15,0.0,0.0,0.21801936091053403,0.3052900401313389,0.0,0.008414259873699356,negative,0.020587708918529533,True,halogen_any,halogen_any = 13,medium
ames_combine,fg_halogen_any_count,eq,14,4,0,4,0.0,0.0,0.6023646356164747,0.3052900401313389,0.0,0.32060310967024686,negative,0.4129037883128186,False,halogen_any,halogen_any = 14,low
ames_combine,fg_halogen_any_count,eq,15,4,0,4,0.0,0.0,0.6023646356164747,0.3052900401313389,0.0,0.32060310967024686,negative,0.4129037883128186,False,halogen_any,halogen_any = 15,low
ames_combine,fg_halogen_any_count,eq,18,5,0,5,0.0,0.0,0.5218237501049815,0.3052900401313389,0.0,0.331873181391361,negative,0.4129037883128186,False,halogen_any,halogen_any = 18,low
ames_combine,fg_halogen_any_count,ge,1,2684,840,1844,0.31296572280178836,0.2954486404737148,0.33089161641278025,0.3052900401313389,1.0251422636229708,0.33803514547122193,positive,0.42012427411693753,False,halogen_any,halogen_any ≥ 1,high
ames_combine,fg_halogen_any_count,ge,2,1492,391,1101,0.2620643431635389,0.23990138978495618,0.2851677658239266,0.3052900401313389,0.8584110475755976,0.0001076251150107644,negative,0.00036142302232841227,True,halogen_any,halogen_any ≥ 2,high
ames_combine,fg_halogen_any_count,ge,3,777,153,624,0.1969111969111969,0.16949981293353727,0.22664428611503232,0.3052900401313389,0.6449971208575415,3.058168202560923e-12,negative,1.783170713135026e-11,True,halogen_any,halogen_any ≥ 3,high
ames_combine,fg_halogen_any_count,ge,4,439,52,387,0.11845102505694761,0.08974257012590516,0.15241872766389358,0.3052900401313389,0.38799505220015945,1.0387185716022508e-20,negative,8.8215809124481e-20,True,halogen_any,halogen_any ≥ 4,high
ames_combine,fg_halogen_any_count,ge,5,277,27,250,0.09747292418772563,0.06522218610120983,0.1386454421430042,0.3052900401313389,0.319279738525999,1.0529137552705635e-16,negative,7.761100133189312e-16,True,halogen_any,halogen_any ≥ 5,high
ames_combine,fg_halogen_any_count,ge,6,211,12,199,0.05687203791469194,0.02972855373569228,0.09723607731301731,0.3052900401313389,0.18628854675450598,2.6598635428402592e-19,negative,2.1953239945132282e-18,True,halogen_any,halogen_any ≥ 6,high
ames_combine,fg_halogen_any_count,ge,7,132,4,128,0.030303030303030304,0.008317052477143172,0.07576977122434204,0.3052900401313389,0.09925980647777971,7.00892867626368e-16,negative,4.9484725352897794e-15,True,halogen_any,halogen_any ≥ 7,high
ames_combine,fg_halogen_any_count,ge,8,112,4,108,0.03571428571428571,0.009815163781275903,0.08892147358342953,0.3052900401313389,0.11698477192024037,5.639773962987734e-13,negative,3.4426120232404293e-12,True,halogen_any,halogen_any ≥ 8,high
ames_combine,fg_halogen_any_count,ge,9,82,1,81,0.012195121951219513,0.0003087060963702275,0.06608270938930676,0.3052900401313389,0.03994601968008208,5.461450152872116e-12,negative,3.1687225639436233e-11,True,halogen_any,halogen_any ≥ 9,high
ames_combine,fg_halogen_any_count,ge,10,65,1,64,0.015384615384615385,0.0003894288910972206,0.08276308774446636,0.3052900401313389,0.050393440211795856,2.148542639120291e-09,negative,1.0948225969778178e-08,True,halogen_any,halogen_any ≥ 10,high
ames_combine,fg_halogen_any_count,ge,11,51,0,51,0.0,0.0,0.06977703074953866,0.3052900401313389,0.0,1.2504116189649722e-08,negative,6.209671260283675e-08,True,halogen_any,halogen_any ≥ 11,high
ames_combine,fg_halogen_any_count,ge,12,45,0,45,0.0,0.0,0.07870510040684305,0.3052900401313389,0.0,9.733552931755544e-08,negative,4.5630896144069984e-07,True,halogen_any,halogen_any ≥ 12,high
ames_combine,fg_halogen_any_count,ge,13,35,0,35,0.0,0.0,0.10003243557210506,0.3052900401313389,0.0,3.579386535937646e-06,negative,1.4366578836023703e-05,True,halogen_any,halogen_any ≥ 13,high
ames_combine,fg_halogen_any_count,ge,14,20,0,20,0.0,0.0,0.16843347098308534,0.3052900401313389,0.0,0.0009983494279464052,negative,0.0028819348018551405,True,halogen_any,halogen_any ≥ 14,high
ames_combine,fg_halogen_any_count,ge,15,16,0,16,0.0,0.0,0.20590721420782274,0.3052900401313389,0.0,0.004758064542385558,negative,0.012169454337269679,True,halogen_any,halogen_any ≥ 15,medium
ames_combine,fg_halogen_any_count,ge,16,12,0,12,0.0,0.0,0.2646484693970512,0.3052900401313389,0.0,0.02322174240122307,negative,0.04930413422868376,True,halogen_any,halogen_any ≥ 16,medium
ames_combine,fg_halogen_any_count,ge,17,10,0,10,0.0,0.0,0.30849710781876083,0.3052900401313389,0.0,0.037869420279036115,negative,0.0754812254541332,False,halogen_any,halogen_any ≥ 17,medium
ames_combine,fg_halogen_any_count,ge,18,10,0,10,0.0,0.0,0.30849710781876083,0.3052900401313389,0.0,0.037869420279036115,negative,0.0754812254541332,False,halogen_any,halogen_any ≥ 18,medium
ames_combine,fg_halogen_any_count,ge,19,5,0,5,0.0,0.0,0.5218237501049815,0.3052900401313389,0.0,0.331873181391361,negative,0.4129037883128186,False,halogen_any,halogen_any ≥ 19,low
ames_combine,fg_halogen_any_count,ge,20,3,0,3,0.0,0.0,0.7075982261787134,0.3052900401313389,0.0,0.5579306585953901,negative,0.6257365855251649,False,halogen_any,halogen_any ≥ 20,low
ames_combine,fg_fluoro_count,eq,1,195,68,127,0.3487179487179487,0.2820337357011434,0.4200810307731814,0.3052900401313389,1.1422513114673727,0.18390915040871955,positive,0.280716734422771,False,fluoro,fluoro = 1,high
ames_combine,fg_fluoro_count,eq,2,120,17,103,0.14166666666666666,0.08474472949451575,0.2171068982433765,0.3052900401313389,0.46403959528362015,3.814580374456566e-05,negative,0.00013506610872698175,True,fluoro,fluoro = 2,high
ames_combine,fg_fluoro_count,eq,3,141,17,124,0.12056737588652482,0.0718278514239037,0.18601066998967714,0.3052900401313389,0.39492731513499585,2.9219626830136855e-07,negative,1.3070764368290227e-06,True,fluoro,fluoro = 3,high
ames_combine,fg_fluoro_count,eq,4,27,1,26,0.037037037037037035,0.000937257091944707,0.18970561741304462,0.3052900401313389,0.12131754125061964,0.0011777900331208112,negative,0.00335041242431454,True,fluoro,fluoro = 4,high
ames_combine,fg_fluoro_count,eq,5,18,0,18,0.0,0.0,0.18530196813785224,0.3052900401313389,0.0,0.003096628756416392,negative,0.008155615511280925,True,fluoro,fluoro = 5,medium
ames_combine,fg_fluoro_count,eq,6,29,0,29,0.0,0.0,0.11944486906950272,0.3052900401313389,0.0,4.787483417746712e-05,negative,0.00016749046464475066,True,fluoro,fluoro = 6,high
ames_combine,fg_fluoro_count,eq,7,12,0,12,0.0,0.0,0.2646484693970512,0.3052900401313389,0.0,0.02322174240122307,negative,0.04930413422868376,True,fluoro,fluoro = 7,medium
ames_combine,fg_fluoro_count,eq,8,14,0,14,0.0,0.0,0.2316357616501165,0.3052900401313389,0.0,0.008003802754895088,negative,0.019831832618894384,True,fluoro,fluoro = 8,medium
ames_combine,fg_fluoro_count,eq,9,15,0,15,0.0,0.0,0.21801936091053403,0.3052900401313389,0.0,0.008414259873699356,negative,0.020587708918529533,True,fluoro,fluoro = 9,medium
ames_combine,fg_fluoro_count,eq,10,4,0,4,0.0,0.0,0.6023646356164747,0.3052900401313389,0.0,0.32060310967024686,negative,0.4129037883128186,False,fluoro,fluoro = 10,low
ames_combine,fg_fluoro_count,eq,11,3,0,3,0.0,0.0,0.7075982261787134,0.3052900401313389,0.0,0.5579306585953901,negative,0.6257365855251649,False,fluoro,fluoro = 11,low
ames_combine,fg_fluoro_count,eq,12,8,0,8,0.0,0.0,0.3694166475528193,0.3052900401313389,0.0,0.1163313832644057,negative,0.19041952679592666,False,fluoro,fluoro = 12,low
ames_combine,fg_fluoro_count,eq,13,17,0,17,0.0,0.0,0.1950643229690932,0.3052900401313389,0.0,0.002812672249572346,negative,0.007491936082951794,True,fluoro,fluoro = 13,medium
ames_combine,fg_fluoro_count,eq,18,4,0,4,0.0,0.0,0.6023646356164747,0.3052900401313389,0.0,0.32060310967024686,negative,0.4129037883128186,False,fluoro,fluoro = 18,low
ames_combine,fg_fluoro_count,ge,1,617,103,514,0.16693679092382496,0.13835275119194218,0.19875031470720436,0.3052900401313389,0.5468137475169744,9.813253529800792e-16,negative,6.765372433486193e-15,True,fluoro,fluoro ≥ 1,high
ames_combine,fg_fluoro_count,ge,2,422,35,387,0.08293838862559241,0.05844823008974613,0.1134604451626238,0.3052900401313389,0.27167079735032124,3.951732288366548e-29,negative,3.92494088302169e-28,True,fluoro,fluoro ≥ 2,high
ames_combine,fg_fluoro_count,ge,3,302,18,284,0.059602649006622516,0.035703249495688,0.09256419667009336,0.3052900401313389,0.19523286439669255,2.4317022727192007e-26,negative,2.3553347633280195e-25,True,fluoro,fluoro ≥ 3,high
ames_combine,fg_fluoro_count,ge,4,161,1,160,0.006211180124223602,0.00015724110206277272,0.034119125154754966,0.3052900401313389,0.020345177725259195,2.9822383485687806e-24,negative,2.752112869702843e-23,True,fluoro,fluoro ≥ 4,high
ames_combine,fg_fluoro_count,ge,5,134,0,134,0.0,0.0,0.02715348287980019,0.3052900401313389,0.0,9.987977285046128e-22,negative,8.73575326721945e-21,True,fluoro,fluoro ≥ 5,high
ames_combine,fg_fluoro_count,ge,6,116,0,116,0.0,0.0,0.031300360743289964,0.3052900401313389,0.0,4.4243693355101645e-19,negative,3.600945042512439e-18,True,fluoro,fluoro ≥ 6,high
ames_combine,fg_fluoro_count,ge,7,87,0,87,0.0,0.0,0.04151456599263783,0.3052900401313389,0.0,2.0560805350940582e-14,negative,1.3614273373617153e-13,True,fluoro,fluoro ≥ 7,high
ames_combine,fg_fluoro_count,ge,8,75,0,75,0.0,0.0,0.04799506405514227,0.3052900401313389,0.0,2.119125651553703e-12,negative,1.2480478711663014e-11,True,fluoro,fluoro ≥ 8,high
ames_combine,fg_fluoro_count,ge,9,61,0,61,0.0,0.0,0.05868122393229262,0.3052900401313389,0.0,3.536134890804859e-10,negative,1.866824365776259e-09,True,fluoro,fluoro ≥ 9,high
ames_combine,fg_fluoro_count,ge,10,46,0,46,0.0,0.0,0.07706182705190072,0.3052900401313389,0.0,1.0606538906926773e-07,negative,4.952535298373777e-07,True,fluoro,fluoro ≥ 10,high
ames_combine,fg_fluoro_count,ge,11,42,0,42,0.0,0.0,0.08408385494035515,0.3052900401313389,0.0,2.7616228772583623e-07,negative,1.2448546200564618e-06,True,fluoro,fluoro ≥ 11,high
ames_combine,fg_fluoro_count,ge,12,39,0,39,0.0,0.0,0.09025110096033433,0.3052900401313389,0.0,1.373131238093136e-06,negative,5.7067723795927494e-06,True,fluoro,fluoro ≥ 12,high
ames_combine,fg_fluoro_count,ge,13,31,0,31,0.0,0.0,0.11218874692236998,0.3052900401313389,0.0,1.6383685773193317e-05,negative,6.076480926007141e-05,True,fluoro,fluoro ≥ 13,high
ames_combine,fg_fluoro_count,ge,14,14,0,14,0.0,0.0,0.2316357616501165,0.3052900401313389,0.0,0.008003802754895088,negative,0.019831832618894384,True,fluoro,fluoro ≥ 14,medium
ames_combine,fg_fluoro_count,ge,15,12,0,12,0.0,0.0,0.2646484693970512,0.3052900401313389,0.0,0.02322174240122307,negative,0.04930413422868376,True,fluoro,fluoro ≥ 15,medium
ames_combine,fg_fluoro_count,ge,16,11,0,11,0.0,0.0,0.2849141529181545,0.3052900401313389,0.0,0.022984228477485935,negative,0.04930413422868376,True,fluoro,fluoro ≥ 16,medium
ames_combine,fg_fluoro_count,ge,17,10,0,10,0.0,0.0,0.30849710781876083,0.3052900401313389,0.0,0.037869420279036115,negative,0.0754812254541332,False,fluoro,fluoro ≥ 17,medium
ames_combine,fg_fluoro_count,ge,18,9,0,9,0.0,0.0,0.3362671168799429,0.3052900401313389,0.0,0.06519596525858803,negative,0.12245139628696342,False,fluoro,fluoro ≥ 18,low
ames_combine,fg_fluoro_count,ge,19,5,0,5,0.0,0.0,0.5218237501049815,0.3052900401313389,0.0,0.331873181391361,negative,0.4129037883128186,False,fluoro,fluoro ≥ 19,low
ames_combine,fg_fluoro_count,ge,20,3,0,3,0.0,0.0,0.7075982261787134,0.3052900401313389,0.0,0.5579306585953901,negative,0.6257365855251649,False,fluoro,fluoro ≥ 20,low
ames_combine,fg_chloro_count,eq,1,939,310,629,0.3301384451544196,0.3001000800864568,0.36124665673277223,0.3052900401313389,1.0813927798377918,0.09122849612002797,positive,0.1610237913443867,False,chloro,chloro = 1,high
ames_combine,fg_chloro_count,eq,2,539,178,361,0.3302411873840445,0.290634789610727,0.3717214422968242,0.3052900401313389,1.0817293195741706,0.1980189168221954,positive,0.2956409815485516,False,chloro,chloro = 2,high
ames_combine,fg_chloro_count,eq,3,181,61,120,0.3370165745856354,0.2685840504817152,0.41088818412493394,0.3052900401313389,1.1039225991147545,0.3714869954827307,positive,0.4573348305732777,False,chloro,chloro = 3,high
ames_combine,fg_chloro_count,eq,4,74,17,57,0.22972972972972974,0.1398886539586487,0.34214067651052654,0.3052900401313389,0.7524966410004651,0.16611721242330346,negative,0.26062834398943996,False,chloro,chloro = 4,high
ames_combine,fg_chloro_count,eq,5,34,13,21,0.38235294117647056,0.22166543042549672,0.5643602882286101,0.3052900401313389,1.25242520526375,0.35239125057871934,positive,0.4365777438459398,False,chloro,chloro = 5,high
ames_combine,fg_chloro_count,eq,6,31,3,28,0.0967741935483871,0.0204198626877921,0.2575390646277355,0.3052900401313389,0.3169909948806513,0.010136674726375243,negative,0.024394625830209002,True,chloro,chloro = 6,high
ames_combine,fg_chloro_count,eq,7,5,0,5,0.0,0.0,0.5218237501049815,0.3052900401313389,0.0,0.331873181391361,negative,0.4129037883128186,False,chloro,chloro = 7,low
ames_combine,fg_chloro_count,eq,8,11,3,8,0.2727272727272727,0.06021773417290665,0.6097425595724213,0.3052900401313389,0.8933382583000173,1.0,negative,1.0,False,chloro,chloro = 8,medium
ames_combine,fg_chloro_count,eq,10,5,1,4,0.2,0.0050507633794680575,0.7164179361180896,0.3052900401313389,0.6551147227533461,1.0,negative,1.0,False,chloro,chloro = 10,low
ames_combine,fg_chloro_count,eq,12,3,0,3,0.0,0.0,0.7075982261787134,0.3052900401313389,0.0,0.5579306585953901,negative,0.6257365855251649,False,chloro,chloro = 12,low
ames_combine,fg_chloro_count,ge,1,1825,586,1239,0.32109589041095893,0.2997027910768682,0.34306555359496366,0.3052900401313389,1.0517732261190709,0.11970557459995876,positive,0.19539684321887418,False,chloro,chloro ≥ 1,high
ames_combine,fg_chloro_count,ge,2,886,276,610,0.3115124153498871,0.2811233430294664,0.3431608283636835,0.3052900401313389,1.0203818480808324,0.6783425308553039,positive,0.7434775371185097,False,chloro,chloro ≥ 2,high
ames_combine,fg_chloro_count,ge,3,347,98,249,0.2824207492795389,0.23564898016569247,0.33295026803025907,0.3052900401313389,0.9250899543202871,0.3759399398192993,negative,0.46233117467808893,False,chloro,chloro ≥ 3,high
ames_combine,fg_chloro_count,ge,4,166,37,129,0.22289156626506024,0.16205396006278938,0.29389392528409286,0.3052900401313389,0.73009773318897,0.02176578492302497,negative,0.04786022500897798,True,chloro,chloro ≥ 4,high
ames_combine,fg_chloro_count,ge,5,92,20,72,0.21739130434782608,0.1381339232455991,0.31558056798644296,0.3052900401313389,0.7120812203840718,0.06945673841817465,negative,0.1281941691749617,False,chloro,chloro ≥ 5,high
ames_combine,fg_chloro_count,ge,6,58,7,51,0.1206896551724138,0.04992661602348073,0.23298363770799363,0.3052900401313389,0.39532784993736403,0.001468246530759958,negative,0.004084436218155995,True,chloro,chloro ≥ 6,high
ames_combine,fg_chloro_count,ge,7,27,4,23,0.14814814814814814,0.04188739647376728,0.33731086402424443,0.3052900401313389,0.48527016500247855,0.09351736221592696,negative,0.16383011736482272,False,chloro,chloro ≥ 7,high
ames_combine,fg_chloro_count,ge,8,22,4,18,0.18181818181818182,0.0518672993124369,0.40284578307787144,0.3052900401313389,0.5955588388666783,0.25265181169105133,negative,0.3651145786706685,False,chloro,chloro ≥ 8,high
ames_combine,fg_chloro_count,ge,9,11,1,10,0.09090909090909091,0.002298972213814267,0.4127799169883827,0.3052900401313389,0.29777941943333913,0.19030687264922444,negative,0.28448935554195287,False,chloro,chloro ≥ 9,medium
ames_combine,fg_chloro_count,ge,10,9,1,8,0.1111111111111111,0.002809136746599214,0.4824965149173371,0.3052900401313389,0.36395262375185894,0.2920162430195451,negative,0.4129037883128186,False,chloro,chloro ≥ 10,low
ames_combine,fg_chloro_count,ge,11,4,0,4,0.0,0.0,0.6023646356164747,0.3052900401313389,0.0,0.32060310967024686,negative,0.4129037883128186,False,chloro,chloro ≥ 11,low
ames_combine,fg_chloro_count,ge,12,4,0,4,0.0,0.0,0.6023646356164747,0.3052900401313389,0.0,0.32060310967024686,negative,0.4129037883128186,False,chloro,chloro ≥ 12,low
ames_combine,fg_bromo_count,eq,1,272,112,160,0.4117647058823529,0.35268551865081604,0.4727881365598193,0.3052900401313389,1.3487656056686537,0.00018464533441228792,positive,0.0005961551843834751,True,bromo,bromo = 1,high
ames_combine,fg_bromo_count,eq,2,87,48,39,0.5517241379310345,0.4412848176819992,0.6585411743083148,0.3052900401313389,1.8072130282850927,1.8288432112219011e-06,positive,7.520716644042344e-06,True,bromo,bromo = 2,high
ames_combine,fg_bromo_count,eq,3,14,9,5,0.6428571428571429,0.3513801106159917,0.8724015701408404,0.3052900401313389,2.1057258945643267,0.015444001555525071,positive,0.034741592750624536,True,bromo,bromo = 3,medium
ames_combine,fg_bromo_count,eq,4,21,4,17,0.19047619047619047,0.05446356817840681,0.4190660411835281,0.3052900401313389,0.6239187835746153,0.3445599161623607,negative,0.42732721877490665,False,bromo,bromo = 4,high
ames_combine,fg_bromo_count,eq,5,7,0,7,0.0,0.0,0.4096163972250034,0.3052900401313389,0.0,0.10906966426401304,negative,0.18472492271303942,False,bromo,bromo = 5,low
ames_combine,fg_bromo_count,eq,6,14,4,10,0.2857142857142857,0.08388931830712752,0.5810352571836609,0.3052900401313389,0.935878175361923,1.0,negative,1.0,False,bromo,bromo = 6,medium
ames_combine,fg_bromo_count,ge,1,418,177,241,0.423444976076555,0.3755705707602539,0.47241076180204356,0.3052900401313389,1.387025190518448,2.567673884379087e-07,positive,1.1618972171784904e-06,True,bromo,bromo ≥ 1,high
ames_combine,fg_bromo_count,ge,2,146,65,81,0.4452054794520548,0.3630275351340775,0.5296524032716026,0.3052900401313389,1.458303321197517,0.0003866819617199612,positive,0.0012020988305989245,True,bromo,bromo ≥ 2,high
ames_combine,fg_bromo_count,ge,3,59,17,42,0.288135593220339,0.17764821604981917,0.420769811304353,0.3052900401313389,0.9438093463395665,0.8875493248472919,negative,0.9422172180444076,False,bromo,bromo ≥ 3,high
ames_combine,fg_bromo_count,ge,4,45,8,37,0.17777777777777778,0.08001795745730611,0.3205342433933702,0.3052900401313389,0.5823241980029743,0.07373633483656614,negative,0.13481900846872935,False,bromo,bromo ≥ 4,high
ames_combine,fg_bromo_count,ge,5,24,4,20,0.16666666666666666,0.04735362660725712,0.3738417134886826,0.3052900401313389,0.5459289356277883,0.1835577178554061,negative,0.280716734422771,False,bromo,bromo ≥ 5,high
ames_combine,fg_bromo_count,ge,6,17,4,13,0.23529411764705882,0.06810774043735666,0.4989932732045802,0.3052900401313389,0.7707232032392307,0.6101365742681535,negative,0.6797339021314409,False,bromo,bromo ≥ 6,medium
ames_combine,fg_bromo_count,ge,7,3,0,3,0.0,0.0,0.7075982261787134,0.3052900401313389,0.0,0.5579306585953901,negative,0.6257365855251649,False,bromo,bromo ≥ 7,low
ames_combine,fg_bromo_count,ge,8,3,0,3,0.0,0.0,0.7075982261787134,0.3052900401313389,0.0,0.5579306585953901,negative,0.6257365855251649,False,bromo,bromo ≥ 8,low
ames_combine,fg_iodo_count,eq,1,43,13,30,0.3023255813953488,0.17182499248521346,0.46125330573403234,0.3052900401313389,0.9902896971852906,1.0,negative,1.0,False,iodo,iodo = 1,high
ames_combine,fg_iodo_count,eq,2,9,0,9,0.0,0.0,0.3362671168799429,0.3052900401313389,0.0,0.06519596525858803,negative,0.12245139628696342,False,iodo,iodo = 2,low
ames_combine,fg_iodo_count,eq,3,10,2,8,0.2,0.02521072632683336,0.5560954623076415,0.3052900401313389,0.6551147227533461,0.7332523658640892,negative,0.7935104088575369,False,iodo,iodo = 3,medium
ames_combine,fg_iodo_count,ge,1,66,15,51,0.22727272727272727,0.13314278351540487,0.3469981019771797,0.3052900401313389,0.7444485485833477,0.18233176486733926,negative,0.280716734422771,False,iodo,iodo ≥ 1,high
ames_combine,fg_iodo_count,ge,2,23,2,21,0.08695652173913043,0.010709966037875884,0.28037933590941094,0.3052900401313389,0.2848324881536287,0.022180952849255545,negative,0.04868179164668071,True,iodo,iodo ≥ 2,high
ames_combine,fg_iodo_count,ge,3,14,2,12,0.14285714285714285,0.017794515483191515,0.42812916090969894,0.3052900401313389,0.4679390876809615,0.251668313762234,negative,0.3641423009004176,False,iodo,iodo ≥ 3,medium
ames_combine,fg_iodo_count,ge,4,4,0,4,0.0,0.0,0.6023646356164747,0.3052900401313389,0.0,0.32060310967024686,negative,0.4129037883128186,False,iodo,iodo ≥ 4,low
ames_combine,fg_sulfide_count,eq,1,278,83,195,0.29856115107913667,0.24537320632352042,0.3561030565714613,0.3052900401313389,0.9779590285706424,0.843689212699288,negative,0.8989125066214232,False,sulfide,sulfide = 1,high
ames_combine,fg_sulfide_count,eq,2,36,7,29,0.19444444444444445,0.08194363976520887,0.3602480161750253,0.3052900401313389,0.6369170915657532,0.20342470134843665,negative,0.3025555202796545,False,sulfide,sulfide = 2,high
ames_combine,fg_sulfide_count,ge,1,316,90,226,0.2848101265822785,0.23569104560078497,0.33801548221331107,0.3052900401313389,0.9329165355664739,0.4584642060000139,negative,0.5471690931079596,False,sulfide,sulfide ≥ 1,high
ames_combine,fg_sulfide_count,ge,2,38,7,31,0.18421052631578946,0.07742685183884879,0.34326199431092114,0.3052900401313389,0.6033951393780819,0.11467716028873381,negative,0.19041952679592666,False,sulfide,sulfide ≥ 2,high
ames_combine,fg_sulfoxide_count,eq,1,7,0,7,0.0,0.0,0.4096163972250034,0.3052900401313389,0.0,0.10906966426401304,negative,0.18472492271303942,False,sulfoxide,sulfoxide = 1,low
ames_combine,fg_sulfoxide_count,eq,2,12,2,10,0.16666666666666666,0.020862525460092384,0.48413774868596715,0.3052900401313389,0.5459289356277883,0.3665414664236085,negative,0.4526729174377968,False,sulfoxide,sulfoxide = 2,medium
ames_combine,fg_sulfoxide_count,ge,1,19,2,17,0.10526315789473684,0.013012164371777464,0.33137666445676595,0.3052900401313389,0.3447972225017611,0.07822649587395267,negative,0.1384818850956637,False,sulfoxide,sulfoxide ≥ 1,medium
ames_combine,fg_sulfoxide_count,ge,2,12,2,10,0.16666666666666666,0.020862525460092384,0.48413774868596715,0.3052900401313389,0.5459289356277883,0.3665414664236085,negative,0.4526729174377968,False,sulfoxide,sulfoxide ≥ 2,medium
ames_combine,fg_sulfone_count,eq,1,492,80,412,0.16260162601626016,0.1310892066913008,0.19823261966384972,0.3052900401313389,0.5326135957344277,1.9903706926470935e-13,negative,1.247440883306093e-12,True,sulfone,sulfone = 1,high
ames_combine,fg_sulfone_count,eq,2,225,23,202,0.10222222222222223,0.06591109449929478,0.14942958585835275,0.3052900401313389,0.33483641385171026,4.552813634888587e-13,negative,2.8232262328515468e-12,True,sulfone,sulfone = 2,high
ames_combine,fg_sulfone_count,eq,3,57,7,50,0.12280701754385964,0.050828940158567204,0.23679499936242743,0.3052900401313389,0.4022634262520546,0.0021443968216788593,negative,0.005804233429578806,True,sulfone,sulfone = 3,high
ames_combine,fg_sulfone_count,eq,4,24,1,23,0.041666666666666664,0.0010543524454697472,0.21120168345697313,0.3052900401313389,0.13648223390694708,0.0030228018908094725,negative,0.008033387337933564,True,sulfone,sulfone = 4,high
ames_combine,fg_sulfone_count,eq,5,9,1,8,0.1111111111111111,0.002809136746599214,0.4824965149173371,0.3052900401313389,0.36395262375185894,0.2920162430195451,negative,0.4129037883128186,False,sulfone,sulfone = 5,low
ames_combine,fg_sulfone_count,eq,6,20,0,20,0.0,0.0,0.16843347098308534,0.3052900401313389,0.0,0.0009983494279464052,negative,0.0028819348018551405,True,sulfone,sulfone = 6,high
ames_combine,fg_sulfone_count,eq,7,4,0,4,0.0,0.0,0.6023646356164747,0.3052900401313389,0.0,0.32060310967024686,negative,0.4129037883128186,False,sulfone,sulfone = 7,low
ames_combine,fg_sulfone_count,eq,8,4,0,4,0.0,0.0,0.6023646356164747,0.3052900401313389,0.0,0.32060310967024686,negative,0.4129037883128186,False,sulfone,sulfone = 8,low
ames_combine,fg_sulfone_count,ge,1,837,112,725,0.13381123058542413,0.11147130394520278,0.15876486293496603,0.3052900401313389,0.43830853613127096,1.0846682871528238e-32,negative,1.1556647568573723e-31,True,sulfone,sulfone ≥ 1,high
ames_combine,fg_sulfone_count,ge,2,345,32,313,0.0927536231884058,0.06431021180533851,0.12841553942698433,0.3052900401313389,0.30382132069720397,9.921584129379158e-22,negative,8.73575326721945e-21,True,sulfone,sulfone ≥ 2,high
ames_combine,fg_sulfone_count,ge,3,120,9,111,0.075,0.03486739061196212,0.13760105789036722,0.3052900401313389,0.24566802103250476,1.4403025553529666e-09,negative,7.502375977216341e-09,True,sulfone,sulfone ≥ 3,high
ames_combine,fg_sulfone_count,ge,4,63,2,61,0.031746031746031744,0.0038679824964188013,0.11001937340888034,0.3052900401313389,0.10398646392910255,5.721809874048751e-08,negative,2.7040166017682e-07,True,sulfone,sulfone ≥ 4,high
ames_combine,fg_sulfone_count,ge,5,39,1,38,0.02564102564102564,0.0006489638954819452,0.13476392155949796,0.3052900401313389,0.08398906701965975,1.550736420703177e-05,negative,5.8252021957183444e-05,True,sulfone,sulfone ≥ 5,high
ames_combine,fg_sulfone_count,ge,6,30,0,30,0.0,0.0,0.1157033082220278,0.3052900401313389,0.0,2.733874283325539e-05,negative,9.950623167880534e-05,True,sulfone,sulfone ≥ 6,high
ames_combine,fg_sulfone_count,ge,7,10,0,10,0.0,0.0,0.30849710781876083,0.3052900401313389,0.0,0.037869420279036115,negative,0.0754812254541332,False,sulfone,sulfone ≥ 7,medium
ames_combine,fg_sulfone_count,ge,8,6,0,6,0.0,0.0,0.4592581264399005,0.3052900401313389,0.0,0.1870646498158568,negative,0.280716734422771,False,sulfone,sulfone ≥ 8,low
ames_combine,fg_sulfonamide_count,eq,1,179,24,155,0.1340782122905028,0.08783231636946107,0.19290012665827352,0.3052900401313389,0.43918305435978505,1.1477070151870812e-07,negative,5.337748499203409e-07,True,sulfonamide,sulfonamide = 1,high
ames_combine,fg_sulfonamide_count,eq,2,13,1,12,0.07692307692307693,0.0019456284973467482,0.3602974352678775,0.3052900401313389,0.2519672010589793,0.12674593484400218,negative,0.2046091399961027,False,sulfonamide,sulfonamide = 2,medium
ames_combine,fg_sulfonamide_count,ge,1,192,25,167,0.13020833333333334,0.08606777623217915,0.1861870889496251,0.3052900401313389,0.42650698095920975,1.397424240579693e-08,negative,6.910469240335022e-08,True,sulfonamide,sulfonamide ≥ 1,high
ames_combine,fg_sulfonamide_count,ge,2,13,1,12,0.07692307692307693,0.0019456284973467482,0.3602974352678775,0.3052900401313389,0.2519672010589793,0.12674593484400218,negative,0.2046091399961027,False,sulfonamide,sulfonamide ≥ 2,medium
ames_combine,fg_sulfonic_acid_or_sulfonate_count,eq,1,324,42,282,0.12962962962962962,0.09504673071311275,0.17115886153189833,0.3052900401313389,0.4246113943771687,1.0188864998977184e-13,negative,6.454783664216898e-13,True,sulfonic_acid_or_sulfonate,sulfonic_acid_or_sulfonate = 1,high
ames_combine,fg_sulfonic_acid_or_sulfonate_count,eq,2,172,15,157,0.0872093023255814,0.049633662796207345,0.13975813619934838,0.3052900401313389,0.28566048957268,7.782088239364325e-12,negative,4.427479328415043e-11,True,sulfonic_acid_or_sulfonate,sulfonic_acid_or_sulfonate = 2,high
ames_combine,fg_sulfonic_acid_or_sulfonate_count,eq,3,37,5,32,0.13513513513513514,0.04537199234199394,0.2877477973105722,0.3052900401313389,0.4426450829414501,0.0301331708052548,negative,0.06272837688056594,False,sulfonic_acid_or_sulfonate,sulfonic_acid_or_sulfonate = 3,high
ames_combine,fg_sulfonic_acid_or_sulfonate_count,eq,4,21,1,20,0.047619047619047616,0.0012048834483635127,0.23815990993682107,0.3052900401313389,0.15597969589365382,0.007727154923655874,negative,0.019268565043669538,True,sulfonic_acid_or_sulfonate,sulfonic_acid_or_sulfonate = 4,high
ames_combine,fg_sulfonic_acid_or_sulfonate_count,eq,5,8,0,8,0.0,0.0,0.3694166475528193,0.3052900401313389,0.0,0.1163313832644057,negative,0.19041952679592666,False,sulfonic_acid_or_sulfonate,sulfonic_acid_or_sulfonate = 5,low
ames_combine,fg_sulfonic_acid_or_sulfonate_count,eq,6,13,0,13,0.0,0.0,0.24705263800047095,0.3052900401313389,0.0,0.013337001212502836,negative,0.03064895180598691,True,sulfonic_acid_or_sulfonate,sulfonic_acid_or_sulfonate = 6,medium
ames_combine,fg_sulfonic_acid_or_sulfonate_count,eq,8,5,0,5,0.0,0.0,0.5218237501049815,0.3052900401313389,0.0,0.331873181391361,negative,0.4129037883128186,False,sulfonic_acid_or_sulfonate,sulfonic_acid_or_sulfonate = 8,low
ames_combine,fg_sulfonic_acid_or_sulfonate_count,ge,1,580,63,517,0.10862068965517241,0.0844820538448736,0.13682798750583317,0.3052900401313389,0.3557950649436276,3.0044954264775723e-30,negative,3.03557641364803e-29,True,sulfonic_acid_or_sulfonate,sulfonic_acid_or_sulfonate ≥ 1,high
ames_combine,fg_sulfonic_acid_or_sulfonate_count,ge,2,256,21,235,0.08203125,0.051495077829813524,0.12266053070019517,0.3052900401313389,0.2686993980043021,4.427840823176103e-18,negative,3.4596196298415954e-17,True,sulfonic_acid_or_sulfonate,sulfonic_acid_or_sulfonate ≥ 2,high
ames_combine,fg_sulfonic_acid_or_sulfonate_count,ge,3,84,6,78,0.07142857142857142,0.02666300403183683,0.14901230864040402,0.3052900401313389,0.23396954384048074,2.8181271432493116e-07,negative,1.2654578589609934e-06,True,sulfonic_acid_or_sulfonate,sulfonic_acid_or_sulfonate ≥ 3,high
ames_combine,fg_sulfonic_acid_or_sulfonate_count,ge,4,47,1,46,0.02127659574468085,0.0005385317053423146,0.11293771714640012,0.3052900401313389,0.06969305561205809,1.3422144796093883e-06,negative,5.598132989687556e-06,True,sulfonic_acid_or_sulfonate,sulfonic_acid_or_sulfonate ≥ 4,high
ames_combine,fg_sulfonic_acid_or_sulfonate_count,ge,5,26,0,26,0.0,0.0,0.1322746044977541,0.3052900401313389,0.0,0.00013013008774147996,negative,0.00042767468406351244,True,sulfonic_acid_or_sulfonate,sulfonic_acid_or_sulfonate ≥ 5,high
ames_combine,fg_sulfonic_acid_or_sulfonate_count,ge,6,18,0,18,0.0,0.0,0.18530196813785224,0.3052900401313389,0.0,0.003096628756416392,negative,0.008155615511280925,True,sulfonic_acid_or_sulfonate,sulfonic_acid_or_sulfonate ≥ 6,medium
ames_combine,fg_sulfonic_acid_or_sulfonate_count,ge,7,5,0,5,0.0,0.0,0.5218237501049815,0.3052900401313389,0.0,0.331873181391361,negative,0.4129037883128186,False,sulfonic_acid_or_sulfonate,sulfonic_acid_or_sulfonate ≥ 7,low
ames_combine,fg_sulfonic_acid_or_sulfonate_count,ge,8,5,0,5,0.0,0.0,0.5218237501049815,0.3052900401313389,0.0,0.331873181391361,negative,0.4129037883128186,False,sulfonic_acid_or_sulfonate,sulfonic_acid_or_sulfonate ≥ 8,low
ames_combine,fg_thiol_count,eq,1,95,14,81,0.14736842105263157,0.08297541325063436,0.2348822110398104,0.3052900401313389,0.4827161115024655,0.00047822030488792243,negative,0.0014672099406509032,True,thiol,thiol = 1,high
ames_combine,fg_thiol_count,eq,2,14,1,13,0.07142857142857142,0.0018067806591253865,0.3386844899318212,0.3052900401313389,0.23396954384048074,0.07833915513517495,negative,0.1384818850956637,False,thiol,thiol = 2,medium
ames_combine,fg_thiol_count,eq,3,4,0,4,0.0,0.0,0.6023646356164747,0.3052900401313389,0.0,0.32060310967024686,negative,0.4129037883128186,False,thiol,thiol = 3,low
ames_combine,fg_thiol_count,eq,4,4,0,4,0.0,0.0,0.6023646356164747,0.3052900401313389,0.0,0.32060310967024686,negative,0.4129037883128186,False,thiol,thiol = 4,low
ames_combine,fg_thiol_count,ge,1,117,15,102,0.1282051282051282,0.07356524454360923,0.2026259993015551,0.3052900401313389,0.41994533509829873,1.0893715143569108e-05,negative,4.1452708273581144e-05,True,thiol,thiol ≥ 1,high
ames_combine,fg_thiol_count,ge,2,22,1,21,0.045454545454545456,0.0011501475265735751,0.22844439766763344,0.3052900401313389,0.14888970971666957,0.004863535135854707,negative,0.012311151574992909,True,thiol,thiol ≥ 2,high
ames_combine,fg_thiol_count,ge,3,8,0,8,0.0,0.0,0.3694166475528193,0.3052900401313389,0.0,0.1163313832644057,negative,0.19041952679592666,False,thiol,thiol ≥ 3,low
ames_combine,fg_thiol_count,ge,4,4,0,4,0.0,0.0,0.6023646356164747,0.3052900401313389,0.0,0.32060310967024686,negative,0.4129037883128186,False,thiol,thiol ≥ 4,low
ames_combine,fg_thioester_count,eq,1,23,7,16,0.30434782608695654,0.13210287969809986,0.5291916660085068,0.3052900401313389,0.9969137085377007,1.0,negative,1.0,False,thioester,thioester = 1,high
ames_combine,fg_thioester_count,ge,1,23,7,16,0.30434782608695654,0.13210287969809986,0.5291916660085068,0.3052900401313389,0.9969137085377007,1.0,negative,1.0,False,thioester,thioester ≥ 1,high
ames_combine,fg_phosphate_like_count,eq,1,66,14,52,0.21212121212121213,0.1211019322551429,0.3302114596478201,0.3052900401313389,0.694818645344458,0.10860316147259175,negative,0.18472492271303942,False,phosphate_like,phosphate_like = 1,high
ames_combine,fg_phosphate_like_count,eq,2,7,1,6,0.14285714285714285,0.0036102968619005833,0.5787231970431952,0.3052900401313389,0.4679390876809615,0.6832127196899616,negative,0.7434775371185097,False,phosphate_like,phosphate_like = 2,low
ames_combine,fg_phosphate_like_count,eq,3,99,14,85,0.1414141414141414,0.07952385049372568,0.22587352995558538,0.3052900401313389,0.46321243022963865,0.0002531030188919,negative,0.0007995599410816895,True,phosphate_like,phosphate_like = 3,high
ames_combine,fg_phosphate_like_count,eq,4,3,0,3,0.0,0.0,0.7075982261787134,0.3052900401313389,0.0,0.5579306585953901,negative,0.6257365855251649,False,phosphate_like,phosphate_like = 4,low
ames_combine,fg_phosphate_like_count,eq,6,12,0,12,0.0,0.0,0.2646484693970512,0.3052900401313389,0.0,0.02322174240122307,negative,0.04930413422868376,True,phosphate_like,phosphate_like = 6,medium
ames_combine,fg_phosphate_like_count,eq,9,3,0,3,0.0,0.0,0.7075982261787134,0.3052900401313389,0.0,0.5579306585953901,negative,0.6257365855251649,False,phosphate_like,phosphate_like = 9,low
ames_combine,fg_phosphate_like_count,ge,1,194,29,165,0.14948453608247422,0.10245435483335226,0.20757869114562683,0.3052900401313389,0.4896476020579133,5.817232416283952e-07,negative,2.525109774772145e-06,True,phosphate_like,phosphate_like ≥ 1,high
ames_combine,fg_phosphate_like_count,ge,2,128,15,113,0.1171875,0.0670940818818779,0.1859089016919275,0.3052900401313389,0.3838562828632887,6.16513860867093e-07,negative,2.6467188459202675e-06,True,phosphate_like,phosphate_like ≥ 2,high
ames_combine,fg_phosphate_like_count,ge,3,121,14,107,0.11570247933884298,0.06471990928311161,0.18650509562855933,0.3052900401313389,0.3789919883697044,1.2814902327191594e-06,negative,5.36395197409591e-06,True,phosphate_like,phosphate_like ≥ 3,high
ames_combine,fg_phosphate_like_count,ge,4,22,0,22,0.0,0.0,0.1543725128155746,0.3052900401313389,0.0,0.0006296309699708071,negative,0.0018872826005263065,True,phosphate_like,phosphate_like ≥ 4,high
ames_combine,fg_phosphate_like_count,ge,5,19,0,19,0.0,0.0,0.1764669118069654,0.3052900401313389,0.0,0.0017194509496140406,negative,0.004708403067634709,True,phosphate_like,phosphate_like ≥ 5,medium
ames_combine,fg_phosphate_like_count,ge,6,17,0,17,0.0,0.0,0.1950643229690932,0.3052900401313389,0.0,0.002812672249572346,negative,0.007491936082951794,True,phosphate_like,phosphate_like ≥ 6,medium
ames_combine,fg_phosphate_like_count,ge,7,5,0,5,0.0,0.0,0.5218237501049815,0.3052900401313389,0.0,0.331873181391361,negative,0.4129037883128186,False,phosphate_like,phosphate_like ≥ 7,low
ames_combine,fg_phosphate_like_count,ge,8,5,0,5,0.0,0.0,0.5218237501049815,0.3052900401313389,0.0,0.331873181391361,negative,0.4129037883128186,False,phosphate_like,phosphate_like ≥ 8,low
ames_combine,fg_phosphate_like_count,ge,9,5,0,5,0.0,0.0,0.5218237501049815,0.3052900401313389,0.0,0.331873181391361,negative,0.4129037883128186,False,phosphate_like,phosphate_like ≥ 9,low
ames_combine,fg_phosphonate_like_count,eq,1,9,0,9,0.0,0.0,0.3362671168799429,0.3052900401313389,0.0,0.06519596525858803,negative,0.12245139628696342,False,phosphonate_like,phosphonate_like = 1,low
ames_combine,fg_phosphonate_like_count,eq,2,35,4,31,0.11428571428571428,0.03203116902909801,0.2673780437192452,0.3052900401313389,0.37435127014476915,0.015371165027859696,negative,0.034644241178176084,True,phosphonate_like,phosphonate_like = 2,high
ames_combine,fg_phosphonate_like_count,eq,4,6,1,5,0.16666666666666666,0.00421074451448947,0.6412345789976748,0.3052900401313389,0.5459289356277883,0.6742919472697566,negative,0.7413416155723778,False,phosphonate_like,phosphonate_like = 4,low
ames_combine,fg_phosphonate_like_count,eq,6,3,0,3,0.0,0.0,0.7075982261787134,0.3052900401313389,0.0,0.5579306585953901,negative,0.6257365855251649,False,phosphonate_like,phosphonate_like = 6,low
ames_combine,fg_phosphonate_like_count,eq,8,3,0,3,0.0,0.0,0.7075982261787134,0.3052900401313389,0.0,0.5579306585953901,negative,0.6257365855251649,False,phosphonate_like,phosphonate_like = 8,low
ames_combine,fg_phosphonate_like_count,ge,1,58,5,53,0.08620689655172414,0.02858604536651699,0.18982595846225092,0.3052900401313389,0.28237703566954575,8.781158194022317e-05,negative,0.0002983048522722944,True,phosphonate_like,phosphonate_like ≥ 1,high
ames_combine,fg_phosphonate_like_count,ge,2,49,5,44,0.10204081632653061,0.03397170498395576,0.2222766962826268,0.3052900401313389,0.33424220548640105,0.0015346740509702855,negative,0.004242070725795223,True,phosphonate_like,phosphonate_like ≥ 2,high
ames_combine,fg_phosphonate_like_count,ge,3,14,1,13,0.07142857142857142,0.0018067806591253865,0.3386844899318212,0.3052900401313389,0.23396954384048074,0.07833915513517495,negative,0.1384818850956637,False,phosphonate_like,phosphonate_like ≥ 3,medium
ames_combine,fg_phosphonate_like_count,ge,4,14,1,13,0.07142857142857142,0.0018067806591253865,0.3386844899318212,0.3052900401313389,0.23396954384048074,0.07833915513517495,negative,0.1384818850956637,False,phosphonate_like,phosphonate_like ≥ 4,medium
ames_combine,fg_phosphonate_like_count,ge,5,8,0,8,0.0,0.0,0.3694166475528193,0.3052900401313389,0.0,0.1163313832644057,negative,0.19041952679592666,False,phosphonate_like,phosphonate_like ≥ 5,low
ames_combine,fg_phosphonate_like_count,ge,6,8,0,8,0.0,0.0,0.3694166475528193,0.3052900401313389,0.0,0.1163313832644057,negative,0.19041952679592666,False,phosphonate_like,phosphonate_like ≥ 6,low
ames_combine,fg_phosphonate_like_count,ge,7,5,0,5,0.0,0.0,0.5218237501049815,0.3052900401313389,0.0,0.331873181391361,negative,0.4129037883128186,False,phosphonate_like,phosphonate_like ≥ 7,low
ames_combine,fg_phosphonate_like_count,ge,8,5,0,5,0.0,0.0,0.5218237501049815,0.3052900401313389,0.0,0.331873181391361,negative,0.4129037883128186,False,phosphonate_like,phosphonate_like ≥ 8,low
ames_combine,fg_organophosphate_like_count,eq,1,56,13,43,0.23214285714285715,0.1297920327868661,0.36418425165083806,0.3052900401313389,0.7604010174815624,0.30824993809757595,negative,0.4129037883128186,False,organophosphate_like,organophosphate_like = 1,high
ames_combine,fg_organophosphate_like_count,eq,2,7,1,6,0.14285714285714285,0.0036102968619005833,0.5787231970431952,0.3052900401313389,0.4679390876809615,0.6832127196899616,negative,0.7434775371185097,False,organophosphate_like,organophosphate_like = 2,low
ames_combine,fg_organophosphate_like_count,eq,3,99,14,85,0.1414141414141414,0.07952385049372568,0.22587352995558538,0.3052900401313389,0.46321243022963865,0.0002531030188919,negative,0.0007995599410816895,True,organophosphate_like,organophosphate_like = 3,high
ames_combine,fg_organophosphate_like_count,eq,4,3,0,3,0.0,0.0,0.7075982261787134,0.3052900401313389,0.0,0.5579306585953901,negative,0.6257365855251649,False,organophosphate_like,organophosphate_like = 4,low
ames_combine,fg_organophosphate_like_count,eq,6,12,0,12,0.0,0.0,0.2646484693970512,0.3052900401313389,0.0,0.02322174240122307,negative,0.04930413422868376,True,organophosphate_like,organophosphate_like = 6,medium
ames_combine,fg_organophosphate_like_count,eq,9,3,0,3,0.0,0.0,0.7075982261787134,0.3052900401313389,0.0,0.5579306585953901,negative,0.6257365855251649,False,organophosphate_like,organophosphate_like = 9,low
ames_combine,fg_organophosphate_like_count,ge,1,184,28,156,0.15217391304347827,0.1035624526937457,0.2123696103397878,0.3052900401313389,0.49845685426885034,2.2854468568178564e-06,negative,9.300499014550443e-06,True,organophosphate_like,organophosphate_like ≥ 1,high
ames_combine,fg_organophosphate_like_count,ge,2,128,15,113,0.1171875,0.0670940818818779,0.1859089016919275,0.3052900401313389,0.3838562828632887,6.16513860867093e-07,negative,2.6467188459202675e-06,True,organophosphate_like,organophosphate_like ≥ 2,high
ames_combine,fg_organophosphate_like_count,ge,3,121,14,107,0.11570247933884298,0.06471990928311161,0.18650509562855933,0.3052900401313389,0.3789919883697044,1.2814902327191594e-06,negative,5.36395197409591e-06,True,organophosphate_like,organophosphate_like ≥ 3,high
ames_combine,fg_organophosphate_like_count,ge,4,22,0,22,0.0,0.0,0.1543725128155746,0.3052900401313389,0.0,0.0006296309699708071,negative,0.0018872826005263065,True,organophosphate_like,organophosphate_like ≥ 4,high
ames_combine,fg_organophosphate_like_count,ge,5,19,0,19,0.0,0.0,0.1764669118069654,0.3052900401313389,0.0,0.0017194509496140406,negative,0.004708403067634709,True,organophosphate_like,organophosphate_like ≥ 5,medium
ames_combine,fg_organophosphate_like_count,ge,6,17,0,17,0.0,0.0,0.1950643229690932,0.3052900401313389,0.0,0.002812672249572346,negative,0.007491936082951794,True,organophosphate_like,organophosphate_like ≥ 6,medium
ames_combine,fg_organophosphate_like_count,ge,7,5,0,5,0.0,0.0,0.5218237501049815,0.3052900401313389,0.0,0.331873181391361,negative,0.4129037883128186,False,organophosphate_like,organophosphate_like ≥ 7,low
ames_combine,fg_organophosphate_like_count,ge,8,5,0,5,0.0,0.0,0.5218237501049815,0.3052900401313389,0.0,0.331873181391361,negative,0.4129037883128186,False,organophosphate_like,organophosphate_like ≥ 8,low
ames_combine,fg_organophosphate_like_count,ge,9,5,0,5,0.0,0.0,0.5218237501049815,0.3052900401313389,0.0,0.331873181391361,negative,0.4129037883128186,False,organophosphate_like,organophosphate_like ≥ 9,low
ames_combine,fg_isocyanate_count,eq,1,22,0,22,0.0,0.0,0.1543725128155746,0.3052900401313389,0.0,0.0006296309699708071,negative,0.0018872826005263065,True,isocyanate,isocyanate = 1,high
ames_combine,fg_isocyanate_count,eq,2,24,5,19,0.20833333333333334,0.07131861719805496,0.42151284363725267,0.3052900401313389,0.6824111695347356,0.3788811085520827,negative,0.46303301274561093,False,isocyanate,isocyanate = 2,high
ames_combine,fg_isocyanate_count,ge,1,48,5,43,0.10416666666666667,0.034698122121196016,0.22657766128376378,0.3052900401313389,0.3412055847673678,0.0014706758396431999,negative,0.004084436218155995,True,isocyanate,isocyanate ≥ 1,high
ames_combine,fg_isocyanate_count,ge,2,26,5,21,0.19230769230769232,0.06554810873678249,0.39350552793932186,0.3052900401313389,0.6299180026474482,0.2866883094587416,negative,0.4122683419455769,False,isocyanate,isocyanate ≥ 2,high
ames_combine,fg_isothiocyanate_count,eq,1,9,4,5,0.4444444444444444,0.1369956622651665,0.787991493221132,0.3052900401313389,1.4558104950074358,0.46914968600210294,positive,0.5559589807830786,False,isothiocyanate,isothiocyanate = 1,low
ames_combine,fg_isothiocyanate_count,ge,1,9,4,5,0.4444444444444444,0.1369956622651665,0.787991493221132,0.3052900401313389,1.4558104950074358,0.46914968600210294,positive,0.5559589807830786,False,isothiocyanate,isothiocyanate ≥ 1,low
ames_combine,fg_diazo_like_count,eq,1,74,70,4,0.9459459459459459,0.8673448587781756,0.9850776548078481,0.3052900401313389,3.0985155805901505,1.5924539224398533e-31,positive,1.6229182583473982e-30,True,diazo_like,diazo_like = 1,high
ames_combine,fg_diazo_like_count,eq,2,6,5,1,0.8333333333333334,0.35876542100232517,0.9957892554855106,0.3052900401313389,2.7296446781389423,0.011847236845313218,positive,0.027881448961259218,True,diazo_like,diazo_like = 2,low
ames_combine,fg_diazo_like_count,ge,1,80,75,5,0.9375,0.860142924702361,0.9793969276979898,0.3052900401313389,3.0708502629063097,5.833714254800111e-33,positive,6.272580831766725e-32,True,diazo_like,diazo_like ≥ 1,high
ames_combine,fg_diazo_like_count,ge,2,6,5,1,0.8333333333333334,0.35876542100232517,0.9957892554855106,0.3052900401313389,2.7296446781389423,0.011847236845313218,positive,0.027881448961259218,True,diazo_like,diazo_like ≥ 2,low
ames_combine,fg_metal_atom_count,eq,1,183,4,179,0.02185792349726776,0.005986913246125901,0.05501671427847314,0.3052900401313389,0.07159723745938208,1.6907261030292272e-23,negative,1.536070537015701e-22,True,metal_atom,metal_atom = 1,high
ames_combine,fg_metal_atom_count,eq,2,12,1,11,0.08333333333333333,0.0021075932318602264,0.38479616515094406,0.3052900401313389,0.27296446781389416,0.12143366340253703,negative,0.19739286200800749,False,metal_atom,metal_atom = 2,medium
ames_combine,fg_metal_atom_count,ge,1,196,5,191,0.025510204081632654,0.00833384841783111,0.05852522392820298,0.3052900401313389,0.08356055137160026,3.665675173008571e-24,negative,3.356383830285973e-23,True,metal_atom,metal_atom ≥ 1,high
ames_combine,fg_metal_atom_count,ge,2,13,1,12,0.07692307692307693,0.0019456284973467482,0.3602974352678775,0.3052900401313389,0.2519672010589793,0.12674593484400218,negative,0.2046091399961027,False,metal_atom,metal_atom ≥ 2,medium
ames_combine,fg_heavy_metal_atom_count,eq,1,101,4,97,0.039603960396039604,0.010894483716810321,0.09830501862005941,0.3052900401313389,0.12972568767392992,2.4312910333895446e-11,negative,1.363384254130405e-10,True,heavy_metal_atom,heavy_metal_atom = 1,high
ames_combine,fg_heavy_metal_atom_count,eq,2,7,1,6,0.14285714285714285,0.0036102968619005833,0.5787231970431952,0.3052900401313389,0.4679390876809615,0.6832127196899616,negative,0.7434775371185097,False,heavy_metal_atom,heavy_metal_atom = 2,low
ames_combine,fg_heavy_metal_atom_count,ge,1,108,5,103,0.046296296296296294,0.015200923305449272,0.10473809454832059,0.3052900401313389,0.15164692656327455,2.6457610632958887e-11,negative,1.4765866505632294e-10,True,heavy_metal_atom,heavy_metal_atom ≥ 1,high
ames_combine,fg_heavy_metal_atom_count,ge,2,7,1,6,0.14285714285714285,0.0036102968619005833,0.5787231970431952,0.3052900401313389,0.4679390876809615,0.6832127196899616,negative,0.7434775371185097,False,heavy_metal_atom,heavy_metal_atom ≥ 2,low
ames_combine,fg_metal_halide_like_count,eq,1,4,0,4,0.0,0.0,0.6023646356164747,0.3052900401313389,0.0,0.32060310967024686,negative,0.4129037883128186,False,metal_halide_like,metal_halide_like = 1,low
ames_combine,fg_metal_halide_like_count,eq,2,7,1,6,0.14285714285714285,0.0036102968619005833,0.5787231970431952,0.3052900401313389,0.4679390876809615,0.6832127196899616,negative,0.7434775371185097,False,metal_halide_like,metal_halide_like = 2,low
ames_combine,fg_metal_halide_like_count,eq,3,5,0,5,0.0,0.0,0.5218237501049815,0.3052900401313389,0.0,0.331873181391361,negative,0.4129037883128186,False,metal_halide_like,metal_halide_like = 3,low
ames_combine,fg_metal_halide_like_count,ge,1,19,1,18,0.05263157894736842,0.0013316288041794228,0.2602806541952142,0.3052900401313389,0.17239861125088055,0.012495044425038751,negative,0.029113701920766236,True,metal_halide_like,metal_halide_like ≥ 1,medium
ames_combine,fg_metal_halide_like_count,ge,2,15,1,14,0.06666666666666667,0.0016864302413527013,0.3194845665783034,0.3052900401313389,0.21837157425111536,0.049218529331971336,negative,0.0966233105143558,False,metal_halide_like,metal_halide_like ≥ 2,medium
ames_combine,fg_metal_halide_like_count,ge,3,8,0,8,0.0,0.0,0.3694166475528193,0.3052900401313389,0.0,0.1163313832644057,negative,0.19041952679592666,False,metal_halide_like,metal_halide_like ≥ 3,low
ames_combine,fg_metal_halide_like_count,ge,4,3,0,3,0.0,0.0,0.7075982261787134,0.3052900401313389,0.0,0.5579306585953901,negative,0.6257365855251649,False,metal_halide_like,metal_halide_like ≥ 4,low
ames_combine,fg_organometal_like_count,eq,1,6,0,6,0.0,0.0,0.4592581264399005,0.3052900401313389,0.0,0.1870646498158568,negative,0.280716734422771,False,organometal_like,organometal_like = 1,low
ames_combine,fg_organometal_like_count,eq,2,28,0,28,0.0,0.0,0.12343611850026384,0.3052900401313389,0.0,4.64909501100587e-05,negative,0.0001631359087694275,True,organometal_like,organometal_like = 2,high
ames_combine,fg_organometal_like_count,ge,1,37,0,37,0.0,0.0,0.09489058741498989,0.3052900401313389,0.0,2.1000114382653246e-06,negative,8.575656465668851e-06,True,organometal_like,organometal_like ≥ 1,high
ames_combine,fg_organometal_like_count,ge,2,31,0,31,0.0,0.0,0.11218874692236998,0.3052900401313389,0.0,1.6383685773193317e-05,negative,6.076480926007141e-05,True,organometal_like,organometal_like ≥ 2,high
ames_combine,fg_organometal_like_count,ge,3,3,0,3,0.0,0.0,0.7075982261787134,0.3052900401313389,0.0,0.5579306585953901,negative,0.6257365855251649,False,organometal_like,organometal_like ≥ 3,low
ames_combine,fg_BB_SA1_acyl_halides_count,eq,1,75,27,48,0.36,0.25232238890681247,0.47910158714723133,0.3052900401313389,1.1792065009560229,0.3152173281094909,positive,0.4129037883128186,False,BB_SA1_acyl_halides,BB_SA1_acyl_halides = 1,high
ames_combine,fg_BB_SA1_acyl_halides_count,eq,2,6,3,3,0.5,0.11811724875702521,0.8818827512429748,0.3052900401313389,1.6377868068833652,0.3778765958154196,positive,0.46277050187635504,False,BB_SA1_acyl_halides,BB_SA1_acyl_halides = 2,low
ames_combine,fg_BB_SA1_acyl_halides_count,ge,1,82,30,52,0.36585365853658536,0.2621741182469862,0.4795295005197226,0.3052900401313389,1.1983805904024623,0.23104933889864385,positive,0.33943545885829113,False,BB_SA1_acyl_halides,BB_SA1_acyl_halides ≥ 1,high
ames_combine,fg_BB_SA1_acyl_halides_count,ge,2,7,3,4,0.42857142857142855,0.09898827844250786,0.815948432359917,0.3052900401313389,1.4038172630428845,0.4429905697632479,positive,0.5319517907402936,False,BB_SA1_acyl_halides,BB_SA1_acyl_halides ≥ 2,low
ames_combine,fg_BB_SA2_primary_aromatic_amine_count,eq,1,544,242,302,0.44485294117647056,0.40257189544144983,0.4877361177543235,0.3052900401313389,1.4571485561241704,2.8081190040633977e-12,positive,1.645557736381151e-11,True,BB_SA2_primary_aromatic_amine,BB_SA2_primary_aromatic_amine = 1,high
ames_combine,fg_BB_SA2_primary_aromatic_amine_count,eq,2,210,136,74,0.6476190476190476,0.578895035123905,0.7121088784917071,0.3052900401313389,2.121323864153692,1.047248041719526e-24,positive,9.74106908647051e-24,True,BB_SA2_primary_aromatic_amine,BB_SA2_primary_aromatic_amine = 2,high
ames_combine,fg_BB_SA2_primary_aromatic_amine_count,eq,3,6,4,2,0.6666666666666666,0.22277809550351213,0.9567281317072583,0.3052900401313389,2.1837157425111533,0.07470452854277398,positive,0.13595296188219116,False,BB_SA2_primary_aromatic_amine,BB_SA2_primary_aromatic_amine = 3,low
ames_combine,fg_BB_SA2_primary_aromatic_amine_count,eq,4,5,3,2,0.6,0.14663279963467313,0.9472550494736831,0.3052900401313389,1.965344168260038,0.17011050154255541,positive,0.26653677514421786,False,BB_SA2_primary_aromatic_amine,BB_SA2_primary_aromatic_amine = 4,low
ames_combine,fg_BB_SA2_primary_aromatic_amine_count,ge,1,767,386,381,0.5032594524119948,0.4672688766048055,0.5392248810868738,0.3052900401313389,1.6484633831994235,5.782457461494377e-32,positive,5.997380659178238e-31,True,BB_SA2_primary_aromatic_amine,BB_SA2_primary_aromatic_amine ≥ 1,high
ames_combine,fg_BB_SA2_primary_aromatic_amine_count,ge,2,223,144,79,0.6457399103139013,0.5791081657657925,0.7084388517990108,0.3052900401313389,2.11516861158031,5.1609076259106633e-26,positive,4.957855522596146e-25,True,BB_SA2_primary_aromatic_amine,BB_SA2_primary_aromatic_amine ≥ 2,high
ames_combine,fg_BB_SA2_primary_aromatic_amine_count,ge,3,13,8,5,0.6153846153846154,0.31577760291406304,0.8614206611098394,0.3052900401313389,2.0157376084718344,0.029019144374175517,positive,0.060732923583095906,False,BB_SA2_primary_aromatic_amine,BB_SA2_primary_aromatic_amine ≥ 3,medium
ames_combine,fg_BB_SA2_primary_aromatic_amine_count,ge,4,7,4,3,0.5714285714285714,0.184051567640083,0.9010117215574921,0.3052900401313389,1.871756350723846,0.2109839139094106,positive,0.3122135695730167,False,BB_SA2_primary_aromatic_amine,BB_SA2_primary_aromatic_amine ≥ 4,low
ames_combine,fg_BB_SA2b_hydroxylamine_aromatic_count,eq,1,75,56,19,0.7466666666666667,0.6329943504441866,0.8400701769842209,0.3052900401313389,2.445761631612492,3.825142329462591e-15,positive,2.5764751782357222e-14,True,BB_SA2b_hydroxylamine_aromatic,BB_SA2b_hydroxylamine_aromatic = 1,high
ames_combine,fg_BB_SA2b_hydroxylamine_aromatic_count,eq,2,3,3,0,1.0,0.2924017738212866,1.0,0.3052900401313389,3.2755736137667304,0.028439471491182967,positive,0.059733083490441645,False,BB_SA2b_hydroxylamine_aromatic,BB_SA2b_hydroxylamine_aromatic = 2,low
ames_combine,fg_BB_SA2b_hydroxylamine_aromatic_count,ge,1,78,59,19,0.7564102564102564,0.6460304968039319,0.8465254431713166,0.3052900401313389,2.4776774770799626,2.46486743270668e-16,positive,1.794301013125608e-15,True,BB_SA2b_hydroxylamine_aromatic,BB_SA2b_hydroxylamine_aromatic ≥ 1,high
ames_combine,fg_BB_SA2b_hydroxylamine_aromatic_count,ge,2,3,3,0,1.0,0.2924017738212866,1.0,0.3052900401313389,3.2755736137667304,0.028439471491182967,positive,0.059733083490441645,False,BB_SA2b_hydroxylamine_aromatic,BB_SA2b_hydroxylamine_aromatic ≥ 2,low
ames_combine,fg_BB_SA2c_aromatic_amine_general_count,eq,1,1037,516,521,0.49758919961427195,0.4667192128089845,0.528472905046383,0.3052900401313389,1.6298900527518159,2.8008500226248345e-41,positive,3.349587986241129e-40,True,BB_SA2c_aromatic_amine_general,BB_SA2c_aromatic_amine_general = 1,high
ames_combine,fg_BB_SA2c_aromatic_amine_general_count,eq,2,436,191,245,0.4380733944954128,0.39091382410999576,0.4860788119269434,0.3052900401313389,1.4349416519023979,3.4665163015406477e-09,positive,1.758769309699411e-08,True,BB_SA2c_aromatic_amine_general,BB_SA2c_aromatic_amine_general = 2,high
ames_combine,fg_BB_SA2c_aromatic_amine_general_count,eq,3,68,25,43,0.36764705882352944,0.2538978939439749,0.4933209062234989,0.3052900401313389,1.2042550050612981,0.29076822032125493,positive,0.4129037883128186,False,BB_SA2c_aromatic_amine_general,BB_SA2c_aromatic_amine_general = 3,high
ames_combine,fg_BB_SA2c_aromatic_amine_general_count,eq,4,53,7,46,0.1320754716981132,0.0547901018531811,0.25336823286373644,0.3052900401313389,0.4326229301201342,0.004377266073477251,negative,0.011275067776077665,True,BB_SA2c_aromatic_amine_general,BB_SA2c_aromatic_amine_general = 4,high
ames_combine,fg_BB_SA2c_aromatic_amine_general_count,eq,5,8,1,7,0.125,0.0031597235312519063,0.5265096708752066,0.3052900401313389,0.4094467017208413,0.4486633988471806,negative,0.5365647994376487,False,BB_SA2c_aromatic_amine_general,BB_SA2c_aromatic_amine_general = 5,low
ames_combine,fg_BB_SA2c_aromatic_amine_general_count,eq,6,3,0,3,0.0,0.0,0.7075982261787134,0.3052900401313389,0.0,0.5579306585953901,negative,0.6257365855251649,False,BB_SA2c_aromatic_amine_general,BB_SA2c_aromatic_amine_general = 6,low
ames_combine,fg_BB_SA2c_aromatic_amine_general_count,eq,8,23,1,22,0.043478260869565216,0.0011001686304414997,0.21948660745348042,0.3052900401313389,0.14241624407681436,0.00502791477220671,negative,0.012699819209108327,True,BB_SA2c_aromatic_amine_general,BB_SA2c_aromatic_amine_general = 8,high
ames_combine,fg_BB_SA2c_aromatic_amine_general_count,eq,9,5,0,5,0.0,0.0,0.5218237501049815,0.3052900401313389,0.0,0.331873181391361,negative,0.4129037883128186,False,BB_SA2c_aromatic_amine_general,BB_SA2c_aromatic_amine_general = 9,low
ames_combine,fg_BB_SA2c_aromatic_amine_general_count,ge,1,1637,741,896,0.4526572999389126,0.4283428883401453,0.4771417654454245,0.3052900401313389,1.482712307758795,7.368505031772045e-41,positive,8.635887897236835e-40,True,BB_SA2c_aromatic_amine_general,BB_SA2c_aromatic_amine_general ≥ 1,high
ames_combine,fg_BB_SA2c_aromatic_amine_general_count,ge,2,600,225,375,0.375,0.336127236508947,0.4151097433581969,0.3052900401313389,1.228340105162524,0.0001971526822089381,positive,0.0006347883064529545,True,BB_SA2c_aromatic_amine_general,BB_SA2c_aromatic_amine_general ≥ 2,high
ames_combine,fg_BB_SA2c_aromatic_amine_general_count,ge,3,164,34,130,0.2073170731707317,0.1480510092770027,0.2774686786834767,0.3052900401313389,0.6790823345613953,0.006150431090279169,negative,0.015435343121642797,True,BB_SA2c_aromatic_amine_general,BB_SA2c_aromatic_amine_general ≥ 3,high
ames_combine,fg_BB_SA2c_aromatic_amine_general_count,ge,4,96,9,87,0.09375,0.043770383262710065,0.1705185443412363,0.3052900401313389,0.307085026290631,1.0284436985855544e-06,negative,4.335741060223992e-06,True,BB_SA2c_aromatic_amine_general,BB_SA2c_aromatic_amine_general ≥ 4,high
ames_combine,fg_BB_SA2c_aromatic_amine_general_count,ge,5,43,2,41,0.046511627906976744,0.005683256978747965,0.1581114583086977,0.3052900401313389,0.15235226110542932,4.220122461299031e-05,negative,0.00014897540736874893,True,BB_SA2c_aromatic_amine_general,BB_SA2c_aromatic_amine_general ≥ 5,high
ames_combine,fg_BB_SA2c_aromatic_amine_general_count,ge,6,35,1,34,0.02857142857142857,0.0007231043763380947,0.14917207965643167,0.3052900401313389,0.09358781753619229,6.522570661068682e-05,negative,0.00022352201212785073,True,BB_SA2c_aromatic_amine_general,BB_SA2c_aromatic_amine_general ≥ 6,high
ames_combine,fg_BB_SA2c_aromatic_amine_general_count,ge,7,32,1,31,0.03125,0.0007908685979525573,0.16217099418151157,0.3052900401313389,0.10236167543021032,0.00017289503941358536,negative,0.0005597596303666355,True,BB_SA2c_aromatic_amine_general,BB_SA2c_aromatic_amine_general ≥ 7,high
ames_combine,fg_BB_SA2c_aromatic_amine_general_count,ge,8,31,1,30,0.03225806451612903,0.000816370071846613,0.16702111623022775,0.3052900401313389,0.1056636649602171,0.0002763303970049441,negative,0.000868255295683095,True,BB_SA2c_aromatic_amine_general,BB_SA2c_aromatic_amine_general ≥ 8,high
ames_combine,fg_BB_SA2c_aromatic_amine_general_count,ge,9,8,0,8,0.0,0.0,0.3694166475528193,0.3052900401313389,0.0,0.1163313832644057,negative,0.19041952679592666,False,BB_SA2c_aromatic_amine_general,BB_SA2c_aromatic_amine_general ≥ 9,low
ames_combine,fg_BB_SA2c_aromatic_amine_general_count,ge,10,3,0,3,0.0,0.0,0.7075982261787134,0.3052900401313389,0.0,0.5579306585953901,negative,0.6257365855251649,False,BB_SA2c_aromatic_amine_general,BB_SA2c_aromatic_amine_general ≥ 10,low
ames_combine,fg_BB_SA3_aromatic_nitroso_count,eq,1,50,43,7,0.86,0.7326039975029917,0.9418082996596279,0.3052900401313389,2.8169933078393883,5.121603587716878e-16,positive,3.660072807807427e-15,True,BB_SA3_aromatic_nitroso,BB_SA3_aromatic_nitroso = 1,high
ames_combine,fg_BB_SA3_aromatic_nitroso_count,ge,1,50,43,7,0.86,0.7326039975029917,0.9418082996596279,0.3052900401313389,2.8169933078393883,5.121603587716878e-16,positive,3.660072807807427e-15,True,BB_SA3_aromatic_nitroso,BB_SA3_aromatic_nitroso ≥ 1,high
ames_combine,fg_BB_SA4_aromatic_ring_Noxide_count,eq,1,28,15,13,0.5357142857142857,0.33869907611460004,0.7248914397034039,0.3052900401313389,1.7547715788036056,0.01235673390720502,positive,0.02898887185782357,True,BB_SA4_aromatic_ring_Noxide,BB_SA4_aromatic_ring_Noxide = 1,high
ames_combine,fg_BB_SA4_aromatic_ring_Noxide_count,eq,2,5,5,0,1.0,0.4781762498950185,1.0,0.3052900401313389,3.2755736137667304,0.0026475351893123092,positive,0.007133129291664428,True,BB_SA4_aromatic_ring_Noxide,BB_SA4_aromatic_ring_Noxide = 2,low
ames_combine,fg_BB_SA4_aromatic_ring_Noxide_count,ge,1,33,20,13,0.6060606060606061,0.42139372138825043,0.7709337616357992,0.3052900401313389,1.9851961295555942,0.00042351821084189056,positive,0.0013131305373193008,True,BB_SA4_aromatic_ring_Noxide,BB_SA4_aromatic_ring_Noxide ≥ 1,high
ames_combine,fg_BB_SA4_aromatic_ring_Noxide_count,ge,2,5,5,0,1.0,0.4781762498950185,1.0,0.3052900401313389,3.2755736137667304,0.0026475351893123092,positive,0.007133129291664428,True,BB_SA4_aromatic_ring_Noxide,BB_SA4_aromatic_ring_Noxide ≥ 2,low
ames_combine,fg_BB_SA5_nitro_aromatic_count,eq,1,956,679,277,0.7102510460251046,0.6803545501797849,0.738846021918284,0.3052900401313389,2.3264795855100524,4.144539061777383e-158,positive,1.184731653756852e-156,True,BB_SA5_nitro_aromatic,BB_SA5_nitro_aromatic = 1,high
ames_combine,fg_BB_SA5_nitro_aromatic_count,eq,2,198,153,45,0.7727272727272727,0.7079639868889669,0.8291337674052296,0.3052900401313389,2.5311250651833825,2.345561191333606e-42,positive,2.834018264168027e-41,True,BB_SA5_nitro_aromatic,BB_SA5_nitro_aromatic = 2,high
ames_combine,fg_BB_SA5_nitro_aromatic_count,eq,3,36,32,4,0.8888888888888888,0.7393890794891708,0.9688838600549847,0.3052900401313389,2.9116209900148715,4.3601440194322613e-13,positive,2.7181323355184097e-12,True,BB_SA5_nitro_aromatic,BB_SA5_nitro_aromatic = 3,high
ames_combine,fg_BB_SA5_nitro_aromatic_count,eq,4,7,7,0,1.0,0.5903836027749966,1.0,0.3052900401313389,3.2755736137667304,0.00024630493592178005,positive,0.000782301856098445,True,BB_SA5_nitro_aromatic,BB_SA5_nitro_aromatic = 4,low
ames_combine,fg_BB_SA5_nitro_aromatic_count,ge,1,1199,872,327,0.7272727272727273,0.7011099678898732,0.7523157295551187,0.3052900401313389,2.382235355466713,1.1046928069601609e-219,positive,1.8495713853675834e-217,True,BB_SA5_nitro_aromatic,BB_SA5_nitro_aromatic ≥ 1,high
ames_combine,fg_BB_SA5_nitro_aromatic_count,ge,2,243,193,50,0.7942386831275721,0.7378926577806484,0.8432525881150212,0.3052900401313389,2.6015872734855106,1.1464768489434932e-56,positive,1.4765613922656857e-55,True,BB_SA5_nitro_aromatic,BB_SA5_nitro_aromatic ≥ 2,high
ames_combine,fg_BB_SA5_nitro_aromatic_count,ge,3,45,40,5,0.8888888888888888,0.7594641915044859,0.9629233386928087,0.3052900401313389,2.9116209900148715,4.54615536426454e-16,positive,3.2889469672333584e-15,True,BB_SA5_nitro_aromatic,BB_SA5_nitro_aromatic ≥ 3,high
ames_combine,fg_BB_SA5_nitro_aromatic_count,ge,4,9,8,1,0.8888888888888888,0.517503485082663,0.9971908632534008,0.3052900401313389,2.9116209900148715,0.0004927714653310223,positive,0.0015079064161043296,True,BB_SA5_nitro_aromatic,BB_SA5_nitro_aromatic ≥ 4,low
ames_combine,fg_BB_SA6_aromatic_monoalkylamine_count,eq,1,162,80,82,0.49382716049382713,0.4144939261907882,0.5733903328826493,0.3052900401313389,1.6175672166749284,4.703854317337736e-07,positive,2.0647630186965643e-06,True,BB_SA6_aromatic_monoalkylamine,BB_SA6_aromatic_monoalkylamine = 1,high
ames_combine,fg_BB_SA6_aromatic_monoalkylamine_count,eq,2,18,5,13,0.2777777777777778,0.09694921252555934,0.5348019655830561,0.3052900401313389,0.9098815593796474,1.0,negative,1.0,False,BB_SA6_aromatic_monoalkylamine,BB_SA6_aromatic_monoalkylamine = 2,medium
ames_combine,fg_BB_SA6_aromatic_monoalkylamine_count,eq,3,3,0,3,0.0,0.0,0.7075982261787134,0.3052900401313389,0.0,0.5579306585953901,negative,0.6257365855251649,False,BB_SA6_aromatic_monoalkylamine,BB_SA6_aromatic_monoalkylamine = 3,low
ames_combine,fg_BB_SA6_aromatic_monoalkylamine_count,ge,1,185,86,99,0.4648648648648649,0.39137146161174,0.5395022130529619,0.3052900401313389,1.5226990853185882,5.450012804569183e-06,positive,2.1421951671077226e-05,True,BB_SA6_aromatic_monoalkylamine,BB_SA6_aromatic_monoalkylamine ≥ 1,high
ames_combine,fg_BB_SA6_aromatic_monoalkylamine_count,ge,2,23,6,17,0.2608695652173913,0.10228613391535846,0.48405197040243814,0.3052900401313389,0.8544974644608861,0.8214938437851786,negative,0.8781958059315008,False,BB_SA6_aromatic_monoalkylamine,BB_SA6_aromatic_monoalkylamine ≥ 2,high
ames_combine,fg_BB_SA6_aromatic_monoalkylamine_count,ge,3,5,1,4,0.2,0.0050507633794680575,0.7164179361180896,0.3052900401313389,0.6551147227533461,1.0,negative,1.0,False,BB_SA6_aromatic_monoalkylamine,BB_SA6_aromatic_monoalkylamine ≥ 3,low
ames_combine,fg_BB_SA6b_aromatic_dialkylamine_count,eq,1,318,139,179,0.4371069182389937,0.3818271367546211,0.49356922089816957,0.3052900401313389,1.4317758877785394,5.243829435321057e-07,positive,2.284672155463301e-06,True,BB_SA6b_aromatic_dialkylamine,BB_SA6b_aromatic_dialkylamine = 1,high
ames_combine,fg_BB_SA6b_aromatic_dialkylamine_count,eq,2,56,13,43,0.23214285714285715,0.1297920327868661,0.36418425165083806,0.3052900401313389,0.7604010174815624,0.30824993809757595,negative,0.4129037883128186,False,BB_SA6b_aromatic_dialkylamine,BB_SA6b_aromatic_dialkylamine = 2,high
ames_combine,fg_BB_SA6b_aromatic_dialkylamine_count,eq,3,11,2,9,0.18181818181818182,0.02283119829995966,0.5177558523601726,0.3052900401313389,0.5955588388666783,0.5212469168861906,negative,0.6139712428046386,False,BB_SA6b_aromatic_dialkylamine,BB_SA6b_aromatic_dialkylamine = 3,medium
ames_combine,fg_BB_SA6b_aromatic_dialkylamine_count,ge,1,385,154,231,0.4,0.35070062720439,0.45084919601756834,0.3052900401313389,1.3102294455066923,6.420115483934176e-05,positive,0.00022130515726973105,True,BB_SA6b_aromatic_dialkylamine,BB_SA6b_aromatic_dialkylamine ≥ 1,high
ames_combine,fg_BB_SA6b_aromatic_dialkylamine_count,ge,2,67,15,52,0.22388059701492538,0.13105934585359078,0.3422328465443337,0.3052900401313389,0.7333373762164322,0.18296666228345,negative,0.280716734422771,False,BB_SA6b_aromatic_dialkylamine,BB_SA6b_aromatic_dialkylamine ≥ 2,high
ames_combine,fg_BB_SA6b_aromatic_dialkylamine_count,ge,3,11,2,9,0.18181818181818182,0.02283119829995966,0.5177558523601726,0.3052900401313389,0.5955588388666783,0.5212469168861906,negative,0.6139712428046386,False,BB_SA6b_aromatic_dialkylamine,BB_SA6b_aromatic_dialkylamine ≥ 3,medium
ames_combine,fg_BB_SA7_aromatic_Nacylamine_count,eq,1,460,148,312,0.3217391304347826,0.27922835983137184,0.36656050877564567,0.3052900401313389,1.0538802061684263,0.44005641720351757,positive,0.5316970319201264,False,BB_SA7_aromatic_Nacylamine,BB_SA7_aromatic_Nacylamine = 1,high
ames_combine,fg_BB_SA7_aromatic_Nacylamine_count,eq,2,91,7,84,0.07692307692307693,0.03148622318937714,0.15208752456203334,0.3052900401313389,0.2519672010589793,2.3479871603740488e-07,negative,1.0707552342250526e-06,True,BB_SA7_aromatic_Nacylamine,BB_SA7_aromatic_Nacylamine = 2,high
ames_combine,fg_BB_SA7_aromatic_Nacylamine_count,eq,3,3,1,2,0.3333333333333333,0.008403758659612636,0.9057006759497539,0.3052900401313389,1.0918578712555767,1.0,positive,1.0,False,BB_SA7_aromatic_Nacylamine,BB_SA7_aromatic_Nacylamine = 3,low
ames_combine,fg_BB_SA7_aromatic_Nacylamine_count,eq,4,8,0,8,0.0,0.0,0.3694166475528193,0.3052900401313389,0.0,0.1163313832644057,negative,0.19041952679592666,False,BB_SA7_aromatic_Nacylamine,BB_SA7_aromatic_Nacylamine = 4,low
ames_combine,fg_BB_SA7_aromatic_Nacylamine_count,ge,1,562,156,406,0.2775800711743772,0.24091975657181566,0.31659727318881037,0.3052900401313389,0.909233956846281,0.14741942068881353,negative,0.23348048790174253,False,BB_SA7_aromatic_Nacylamine,BB_SA7_aromatic_Nacylamine ≥ 1,high
ames_combine,fg_BB_SA7_aromatic_Nacylamine_count,ge,2,102,8,94,0.0784313725490196,0.03446934110516343,0.14870188888827274,0.3052900401313389,0.2569077344130769,5.3464730994327135e-08,negative,2.5368690172207047e-07,True,BB_SA7_aromatic_Nacylamine,BB_SA7_aromatic_Nacylamine ≥ 2,high
ames_combine,fg_BB_SA7_aromatic_Nacylamine_count,ge,3,11,1,10,0.09090909090909091,0.002298972213814267,0.4127799169883827,0.3052900401313389,0.29777941943333913,0.19030687264922444,negative,0.28448935554195287,False,BB_SA7_aromatic_Nacylamine,BB_SA7_aromatic_Nacylamine ≥ 3,medium
ames_combine,fg_BB_SA7_aromatic_Nacylamine_count,ge,4,8,0,8,0.0,0.0,0.3694166475528193,0.3052900401313389,0.0,0.1163313832644057,negative,0.19041952679592666,False,BB_SA7_aromatic_Nacylamine,BB_SA7_aromatic_Nacylamine ≥ 4,low
ames_combine,fg_BB_SA8_aromatic_diazo_count,eq,1,92,31,61,0.33695652173913043,0.24169662240289516,0.44303928862748554,0.3052900401313389,1.1037258915953114,0.4974885791932032,positive,0.5877586842887441,False,BB_SA8_aromatic_diazo,BB_SA8_aromatic_diazo = 1,high
ames_combine,fg_BB_SA8_aromatic_diazo_count,eq,2,370,105,265,0.28378378378378377,0.23838679793290246,0.3326794505330403,0.3052900401313389,0.9295546741770451,0.3907715535949776,negative,0.4747600014248329,False,BB_SA8_aromatic_diazo,BB_SA8_aromatic_diazo = 2,high
ames_combine,fg_BB_SA8_aromatic_diazo_count,eq,4,104,17,87,0.16346153846153846,0.09820368004912743,0.24876841864172808,0.3052900401313389,0.535430302250331,0.0012362477884473237,negative,0.0035081898500248505,True,BB_SA8_aromatic_diazo,BB_SA8_aromatic_diazo = 4,high
ames_combine,fg_BB_SA8_aromatic_diazo_count,eq,6,9,5,4,0.5555555555555556,0.21200850677886798,0.8630043377348335,0.3052900401313389,1.8197631187592949,0.14299546002238875,positive,0.2267803506715015,False,BB_SA8_aromatic_diazo,BB_SA8_aromatic_diazo = 6,low
ames_combine,fg_BB_SA8_aromatic_diazo_count,eq,8,3,1,2,0.3333333333333333,0.008403758659612636,0.9057006759497539,0.3052900401313389,1.0918578712555767,1.0,positive,1.0,False,BB_SA8_aromatic_diazo,BB_SA8_aromatic_diazo = 8,low
ames_combine,fg_BB_SA8_aromatic_diazo_count,ge,1,581,160,421,0.27538726333907054,0.23942379453715681,0.31365224229368754,0.3052900401313389,0.9020512533608895,0.11750804836624121,negative,0.19207731197382802,False,BB_SA8_aromatic_diazo,BB_SA8_aromatic_diazo ≥ 1,high
ames_combine,fg_BB_SA8_aromatic_diazo_count,ge,2,489,129,360,0.26380368098159507,0.22525059649522094,0.3052398570887577,0.3052900401313389,0.864108376637849,0.045391876717407624,negative,0.08956107662087834,False,BB_SA8_aromatic_diazo,BB_SA8_aromatic_diazo ≥ 2,high
ames_combine,fg_BB_SA8_aromatic_diazo_count,ge,3,119,24,95,0.20168067226890757,0.13370193350163317,0.2850586552964499,0.3052900401313389,0.6606198884907691,0.012417294020791846,negative,0.02904804110253103,True,BB_SA8_aromatic_diazo,BB_SA8_aromatic_diazo ≥ 3,high
ames_combine,fg_BB_SA8_aromatic_diazo_count,ge,4,117,23,94,0.19658119658119658,0.12888645978112648,0.28022181643238564,0.3052900401313389,0.6439161804840581,0.011331114969136576,negative,0.02699200557688632,True,BB_SA8_aromatic_diazo,BB_SA8_aromatic_diazo ≥ 4,high
ames_combine,fg_BB_SA8_aromatic_diazo_count,ge,5,13,6,7,0.46153846153846156,0.19223244180128798,0.7486545177296964,0.3052900401313389,1.5118032063538758,0.23523212701686722,positive,0.3429005632633935,False,BB_SA8_aromatic_diazo,BB_SA8_aromatic_diazo ≥ 5,medium
ames_combine,fg_BB_SA8_aromatic_diazo_count,ge,6,12,6,6,0.5,0.21094463823929666,0.7890553617607033,0.3052900401313389,1.6377868068833652,0.20549938963206354,positive,0.3048674489225044,False,BB_SA8_aromatic_diazo,BB_SA8_aromatic_diazo ≥ 6,medium
ames_combine,fg_BB_SA8_aromatic_diazo_count,ge,7,3,1,2,0.3333333333333333,0.008403758659612636,0.9057006759497539,0.3052900401313389,1.0918578712555767,1.0,positive,1.0,False,BB_SA8_aromatic_diazo,BB_SA8_aromatic_diazo ≥ 7,low
ames_combine,fg_BB_SA8_aromatic_diazo_count,ge,8,3,1,2,0.3333333333333333,0.008403758659612636,0.9057006759497539,0.3052900401313389,1.0918578712555767,1.0,positive,1.0,False,BB_SA8_aromatic_diazo,BB_SA8_aromatic_diazo ≥ 8,low
ames_combine,fg_BB_SA9_aliphatic_Nnitro_count,eq,1,23,16,7,0.6956521739130435,0.4708083339914933,0.8678971203019001,0.3052900401313389,2.2786599052290297,0.00013027291997497775,positive,0.00042767468406351244,True,BB_SA9_aliphatic_Nnitro,BB_SA9_aliphatic_Nnitro = 1,high
ames_combine,fg_BB_SA9_aliphatic_Nnitro_count,ge,1,25,16,9,0.64,0.42520634955384945,0.8202831794163447,0.3052900401313389,2.0963671128107073,0.0006675143870124216,positive,0.0019906535918029467,True,BB_SA9_aliphatic_Nnitro,BB_SA9_aliphatic_Nnitro ≥ 1,high
ames_combine,fg_BB_SA10_N_nitroso_count,eq,1,243,210,33,0.8641975308641975,0.8145998823980916,0.9046416833211868,0.3052900401313389,2.830742629181125,9.825750620615195e-75,positive,1.457693636374811e-73,True,BB_SA10_N_nitroso,BB_SA10_N_nitroso = 1,high
ames_combine,fg_BB_SA10_N_nitroso_count,eq,2,19,18,1,0.9473684210526315,0.7397193458047858,0.9986683711958205,0.3052900401313389,3.1031750025158495,6.995044828766088e-09,positive,3.518537570520968e-08,True,BB_SA10_N_nitroso,BB_SA10_N_nitroso = 2,medium
ames_combine,fg_BB_SA10_N_nitroso_count,ge,1,264,228,36,0.8636363636363636,0.8162447418093153,0.9026313829366106,0.3052900401313389,2.828904484616722,5.152864936386519e-81,positive,8.052210273926667e-80,True,BB_SA10_N_nitroso,BB_SA10_N_nitroso ≥ 1,high
ames_combine,fg_BB_SA10_N_nitroso_count,ge,2,21,18,3,0.8571428571428571,0.636576012983019,0.9695110323784845,0.3052900401313389,2.807634526085769,2.483011336078008e-07,positive,1.1279415836757462e-06,True,BB_SA10_N_nitroso,BB_SA10_N_nitroso ≥ 2,high
ames_combine,fg_BB_SA11_aliphatic_azo_count,eq,1,117,60,57,0.5128205128205128,0.4186798527969106,0.6062966795564264,0.3052900401313389,1.679781340393195,2.6164839219213464e-06,positive,1.0537866517154014e-05,True,BB_SA11_aliphatic_azo,BB_SA11_aliphatic_azo = 1,high
ames_combine,fg_BB_SA11_aliphatic_azo_count,eq,2,45,7,38,0.15555555555555556,0.0649092120083776,0.2945516010980533,0.3052900401313389,0.5095336732526026,0.03372255158739751,negative,0.06918647917815214,False,BB_SA11_aliphatic_azo,BB_SA11_aliphatic_azo = 2,high
ames_combine,fg_BB_SA11_aliphatic_azo_count,ge,1,162,67,95,0.41358024691358025,0.33687793292072254,0.4935040244274974,0.3052900401313389,1.3547125439652528,0.0034205558979615107,positive,0.00898854599195267,True,BB_SA11_aliphatic_azo,BB_SA11_aliphatic_azo ≥ 1,high
ames_combine,fg_BB_SA11_aliphatic_azo_count,ge,2,45,7,38,0.15555555555555556,0.0649092120083776,0.2945516010980533,0.3052900401313389,0.5095336732526026,0.03372255158739751,negative,0.06918647917815214,False,BB_SA11_aliphatic_azo,BB_SA11_aliphatic_azo ≥ 2,high
ames_combine,fg_BB_SA12_hydrazine_count,eq,1,60,41,19,0.6833333333333333,0.5504403122359474,0.7974244928810283,0.3052900401313389,2.2383086360739326,2.0209667863653836e-09,positive,1.0343113858603622e-08,True,BB_SA12_hydrazine,BB_SA12_hydrazine = 1,high
ames_combine,fg_BB_SA12_hydrazine_count,eq,2,6,1,5,0.16666666666666666,0.00421074451448947,0.6412345789976748,0.3052900401313389,0.5459289356277883,0.6742919472697566,negative,0.7413416155723778,False,BB_SA12_hydrazine,BB_SA12_hydrazine = 2,low
ames_combine,fg_BB_SA12_hydrazine_count,ge,1,66,42,24,0.6363636363636364,0.5087394315103153,0.7513222169426667,0.3052900401313389,2.084455936033374,4.2818474187458515e-08,positive,2.0399695832398936e-07,True,BB_SA12_hydrazine,BB_SA12_hydrazine ≥ 1,high
ames_combine,fg_BB_SA12_hydrazine_count,ge,2,6,1,5,0.16666666666666666,0.00421074451448947,0.6412345789976748,0.3052900401313389,0.5459289356277883,0.6742919472697566,negative,0.7413416155723778,False,BB_SA12_hydrazine,BB_SA12_hydrazine ≥ 2,low
ames_combine,fg_BB_SA12b_hydrazine_general_count,eq,1,126,77,49,0.6111111111111112,0.5202279474142373,0.6966454788515937,0.3052900401313389,2.0017394306352245,1.4536102336470614e-12,positive,8.736570224791569e-12,True,BB_SA12b_hydrazine_general,BB_SA12b_hydrazine_general = 1,high
ames_combine,fg_BB_SA12b_hydrazine_general_count,eq,2,8,1,7,0.125,0.0031597235312519063,0.5265096708752066,0.3052900401313389,0.4094467017208413,0.4486633988471806,negative,0.5365647994376487,False,BB_SA12b_hydrazine_general,BB_SA12b_hydrazine_general = 2,low
ames_combine,fg_BB_SA12b_hydrazine_general_count,ge,1,136,78,58,0.5735294117647058,0.4859015227859283,0.6578842999459031,0.3052900401313389,1.8786378078956247,1.043259799112369e-10,positive,5.557729475271348e-10,True,BB_SA12b_hydrazine_general,BB_SA12b_hydrazine_general ≥ 1,high
ames_combine,fg_BB_SA12b_hydrazine_general_count,ge,2,10,1,9,0.1,0.0025285785444617848,0.4450161170281953,0.3052900401313389,0.3275573613766731,0.300563545618113,negative,0.4129037883128186,False,BB_SA12b_hydrazine_general,BB_SA12b_hydrazine_general ≥ 2,medium
ames_combine,fg_BB_SA13_aliphatic_halogen_count,eq,1,420,220,200,0.5238095238095238,0.4748316257167226,0.5724497384766862,0.3052900401313389,1.7157766548301923,3.753289909103993e-21,positive,3.258411684051763e-20,True,BB_SA13_aliphatic_halogen,BB_SA13_aliphatic_halogen = 1,high
ames_combine,fg_BB_SA13_aliphatic_halogen_count,eq,2,228,134,94,0.5877192982456141,0.520836157005029,0.6522908058975719,0.3052900401313389,1.925117825634833,8.665277001991307e-19,positive,6.955962086530009e-18,True,BB_SA13_aliphatic_halogen,BB_SA13_aliphatic_halogen = 2,high
ames_combine,fg_BB_SA13_aliphatic_halogen_count,eq,3,200,60,140,0.3,0.23738964407544727,0.3686498754590013,0.3052900401313389,0.982672084130019,0.9383755686778863,negative,0.9925777675906884,False,BB_SA13_aliphatic_halogen,BB_SA13_aliphatic_halogen = 3,high
ames_combine,fg_BB_SA13_aliphatic_halogen_count,eq,4,47,10,37,0.2127659574468085,0.1070324771547856,0.3566369877629925,0.3052900401313389,0.696930556120581,0.20455654508933754,negative,0.3038533217296624,False,BB_SA13_aliphatic_halogen,BB_SA13_aliphatic_halogen = 4,high
ames_combine,fg_BB_SA13_aliphatic_halogen_count,eq,5,20,1,19,0.05,0.0012650894979498038,0.24873276277202783,0.3052900401313389,0.16377868068833654,0.012660367853434978,negative,0.029440379214733716,True,BB_SA13_aliphatic_halogen,BB_SA13_aliphatic_halogen = 5,high
ames_combine,fg_BB_SA13_aliphatic_halogen_count,eq,6,50,7,43,0.14,0.05819170034037209,0.2673960024970084,0.3052900401313389,0.4585803059273423,0.008818841792144247,negative,0.021443324855587257,True,BB_SA13_aliphatic_halogen,BB_SA13_aliphatic_halogen = 6,high
ames_combine,fg_BB_SA13_aliphatic_halogen_count,eq,7,11,0,11,0.0,0.0,0.2849141529181545,0.3052900401313389,0.0,0.022984228477485935,negative,0.04930413422868376,True,BB_SA13_aliphatic_halogen,BB_SA13_aliphatic_halogen = 7,medium
ames_combine,fg_BB_SA13_aliphatic_halogen_count,eq,8,13,3,10,0.23076923076923078,0.05038107349115153,0.538131539234041,0.3052900401313389,0.7559016031769379,0.7657955109244962,negative,0.82416192727595,False,BB_SA13_aliphatic_halogen,BB_SA13_aliphatic_halogen = 8,medium
ames_combine,fg_BB_SA13_aliphatic_halogen_count,eq,9,18,0,18,0.0,0.0,0.18530196813785224,0.3052900401313389,0.0,0.003096628756416392,negative,0.008155615511280925,True,BB_SA13_aliphatic_halogen,BB_SA13_aliphatic_halogen = 9,medium
ames_combine,fg_BB_SA13_aliphatic_halogen_count,eq,10,9,0,9,0.0,0.0,0.3362671168799429,0.3052900401313389,0.0,0.06519596525858803,negative,0.12245139628696342,False,BB_SA13_aliphatic_halogen,BB_SA13_aliphatic_halogen = 10,low
ames_combine,fg_BB_SA13_aliphatic_halogen_count,eq,11,4,0,4,0.0,0.0,0.6023646356164747,0.3052900401313389,0.0,0.32060310967024686,negative,0.4129037883128186,False,BB_SA13_aliphatic_halogen,BB_SA13_aliphatic_halogen = 11,low
ames_combine,fg_BB_SA13_aliphatic_halogen_count,eq,12,6,0,6,0.0,0.0,0.4592581264399005,0.3052900401313389,0.0,0.1870646498158568,negative,0.280716734422771,False,BB_SA13_aliphatic_halogen,BB_SA13_aliphatic_halogen = 12,low
ames_combine,fg_BB_SA13_aliphatic_halogen_count,eq,13,17,0,17,0.0,0.0,0.1950643229690932,0.3052900401313389,0.0,0.002812672249572346,negative,0.007491936082951794,True,BB_SA13_aliphatic_halogen,BB_SA13_aliphatic_halogen = 13,medium
ames_combine,fg_BB_SA13_aliphatic_halogen_count,eq,14,3,0,3,0.0,0.0,0.7075982261787134,0.3052900401313389,0.0,0.5579306585953901,negative,0.6257365855251649,False,BB_SA13_aliphatic_halogen,BB_SA13_aliphatic_halogen = 14,low
ames_combine,fg_BB_SA13_aliphatic_halogen_count,eq,18,4,0,4,0.0,0.0,0.6023646356164747,0.3052900401313389,0.0,0.32060310967024686,negative,0.4129037883128186,False,BB_SA13_aliphatic_halogen,BB_SA13_aliphatic_halogen = 18,low
ames_combine,fg_BB_SA13_aliphatic_halogen_count,ge,1,1057,435,622,0.41154210028382215,0.3816835534264979,0.4418945674856429,0.3052900401313389,1.3480364446438295,2.6992944654037165e-14,positive,1.7673592812587462e-13,True,BB_SA13_aliphatic_halogen,BB_SA13_aliphatic_halogen ≥ 1,high
ames_combine,fg_BB_SA13_aliphatic_halogen_count,ge,2,637,215,422,0.33751962323390894,0.3008397666633117,0.37571391656710057,0.3052900401313389,1.1055703719934804,0.07103413741878603,positive,0.1308993853063164,False,BB_SA13_aliphatic_halogen,BB_SA13_aliphatic_halogen ≥ 2,high
ames_combine,fg_BB_SA13_aliphatic_halogen_count,ge,3,409,81,328,0.1980440097799511,0.1605035239367222,0.2400184112052762,0.3052900401313389,0.6487077327997681,8.293821686772895e-07,negative,3.521869209020954e-06,True,BB_SA13_aliphatic_halogen,BB_SA13_aliphatic_halogen ≥ 3,high
ames_combine,fg_BB_SA13_aliphatic_halogen_count,ge,4,209,21,188,0.10047846889952153,0.06328054502187976,0.14948634983974604,0.3052900401313389,0.32912462147895377,1.8768841620213395e-12,negative,1.1166031664411217e-11,True,BB_SA13_aliphatic_halogen,BB_SA13_aliphatic_halogen ≥ 4,high
ames_combine,fg_BB_SA13_aliphatic_halogen_count,ge,5,162,11,151,0.06790123456790123,0.03438095983210033,0.11824480481093361,0.3052900401313389,0.22241549229280266,1.835424232863404e-13,negative,1.1565146241483383e-12,True,BB_SA13_aliphatic_halogen,BB_SA13_aliphatic_halogen ≥ 5,high
ames_combine,fg_BB_SA13_aliphatic_halogen_count,ge,6,142,10,132,0.07042253521126761,0.03428496896533926,0.12569573876820023,0.3052900401313389,0.23067419815258666,1.0340698208688623e-11,negative,5.826585721434167e-11,True,BB_SA13_aliphatic_halogen,BB_SA13_aliphatic_halogen ≥ 6,high
ames_combine,fg_BB_SA13_aliphatic_halogen_count,ge,7,92,3,89,0.03260869565217391,0.0067758504711938955,0.09234988155250509,0.3052900401313389,0.10681218305761077,5.630846432794262e-11,negative,3.0552555644605903e-10,True,BB_SA13_aliphatic_halogen,BB_SA13_aliphatic_halogen ≥ 7,high
ames_combine,fg_BB_SA13_aliphatic_halogen_count,ge,8,81,3,78,0.037037037037037035,0.007704037268873343,0.1044437124256791,0.3052900401313389,0.12131754125061964,1.5075132826434606e-09,negative,7.772275672994573e-09,True,BB_SA13_aliphatic_halogen,BB_SA13_aliphatic_halogen ≥ 8,high
ames_combine,fg_BB_SA13_aliphatic_halogen_count,ge,9,68,0,68,0.0,0.0,0.0528030427936398,0.3052900401313389,0.0,2.7375412542820263e-11,negative,1.5205679383974098e-10,True,BB_SA13_aliphatic_halogen,BB_SA13_aliphatic_halogen ≥ 9,high
ames_combine,fg_BB_SA13_aliphatic_halogen_count,ge,10,50,0,50,0.0,0.0,0.07112173646419767,0.3052900401313389,0.0,2.1873242346536787e-08,negative,1.0637112045701707e-07,True,BB_SA13_aliphatic_halogen,BB_SA13_aliphatic_halogen ≥ 10,high
ames_combine,fg_BB_SA13_aliphatic_halogen_count,ge,11,41,0,41,0.0,0.0,0.08604383629402844,0.3052900401313389,0.0,4.492662429893161e-07,negative,1.97947382249428e-06,True,BB_SA13_aliphatic_halogen,BB_SA13_aliphatic_halogen ≥ 11,high
ames_combine,fg_BB_SA13_aliphatic_halogen_count,ge,12,37,0,37,0.0,0.0,0.09489058741498989,0.3052900401313389,0.0,2.1000114382653246e-06,negative,8.575656465668851e-06,True,BB_SA13_aliphatic_halogen,BB_SA13_aliphatic_halogen ≥ 12,high
ames_combine,fg_BB_SA13_aliphatic_halogen_count,ge,13,31,0,31,0.0,0.0,0.11218874692236998,0.3052900401313389,0.0,1.6383685773193317e-05,negative,6.076480926007141e-05,True,BB_SA13_aliphatic_halogen,BB_SA13_aliphatic_halogen ≥ 13,high
ames_combine,fg_BB_SA13_aliphatic_halogen_count,ge,14,14,0,14,0.0,0.0,0.2316357616501165,0.3052900401313389,0.0,0.008003802754895088,negative,0.019831832618894384,True,BB_SA13_aliphatic_halogen,BB_SA13_aliphatic_halogen ≥ 14,medium
ames_combine,fg_BB_SA13_aliphatic_halogen_count,ge,15,11,0,11,0.0,0.0,0.2849141529181545,0.3052900401313389,0.0,0.022984228477485935,negative,0.04930413422868376,True,BB_SA13_aliphatic_halogen,BB_SA13_aliphatic_halogen ≥ 15,medium
ames_combine,fg_BB_SA13_aliphatic_halogen_count,ge,16,9,0,9,0.0,0.0,0.3362671168799429,0.3052900401313389,0.0,0.06519596525858803,negative,0.12245139628696342,False,BB_SA13_aliphatic_halogen,BB_SA13_aliphatic_halogen ≥ 16,low
ames_combine,fg_BB_SA13_aliphatic_halogen_count,ge,17,9,0,9,0.0,0.0,0.3362671168799429,0.3052900401313389,0.0,0.06519596525858803,negative,0.12245139628696342,False,BB_SA13_aliphatic_halogen,BB_SA13_aliphatic_halogen ≥ 17,low
ames_combine,fg_BB_SA13_aliphatic_halogen_count,ge,18,8,0,8,0.0,0.0,0.3694166475528193,0.3052900401313389,0.0,0.1163313832644057,negative,0.19041952679592666,False,BB_SA13_aliphatic_halogen,BB_SA13_aliphatic_halogen ≥ 18,low
ames_combine,fg_BB_SA13_aliphatic_halogen_count,ge,19,4,0,4,0.0,0.0,0.6023646356164747,0.3052900401313389,0.0,0.32060310967024686,negative,0.4129037883128186,False,BB_SA13_aliphatic_halogen,BB_SA13_aliphatic_halogen ≥ 19,low
ames_combine,fg_BB_SA14b_N_mustard_count,eq,1,41,35,6,0.8536585365853658,0.7082695119825061,0.9443426362875633,0.3052900401313389,2.7962213776057454,4.616349794360529e-13,positive,2.8475589257844946e-12,True,BB_SA14b_N_mustard,BB_SA14b_N_mustard = 1,high
ames_combine,fg_BB_SA14b_N_mustard_count,ge,1,42,35,7,0.8333333333333334,0.6863591331193288,0.9302593363443249,0.3052900401313389,2.7296446781389423,1.953822561726625e-12,positive,1.1565050718907095e-11,True,BB_SA14b_N_mustard,BB_SA14b_N_mustard ≥ 1,high
ames_combine,fg_BB_SA14c_half_mustard_count,eq,1,54,48,6,0.8888888888888888,0.7736868373700343,0.9581162364221459,0.3052900401313389,2.9116209900148715,4.784099241470747e-19,positive,3.866871938623252e-18,True,BB_SA14c_half_mustard,BB_SA14c_half_mustard = 1,high
ames_combine,fg_BB_SA14c_half_mustard_count,eq,2,44,38,6,0.8636363636363636,0.7264931090961761,0.9482691705137265,0.3052900401313389,2.828904484616722,2.0160757008707865e-14,positive,1.3425231371707735e-13,True,BB_SA14c_half_mustard,BB_SA14c_half_mustard = 2,high
ames_combine,fg_BB_SA14c_half_mustard_count,ge,1,100,87,13,0.87,0.7879593229125502,0.9289269538145705,0.3052900401313389,2.8497490439770554,5.706912124273181e-32,positive,5.971875901471578e-31,True,BB_SA14c_half_mustard,BB_SA14c_half_mustard ≥ 1,high
ames_combine,fg_BB_SA14c_half_mustard_count,ge,2,46,39,7,0.8478260869565217,0.7113089959399508,0.9365557018749532,0.3052900401313389,2.77711675949788,3.263353980483697e-14,positive,2.124806036181607e-13,True,BB_SA14c_half_mustard,BB_SA14c_half_mustard ≥ 2,high
ames_combine,fg_BB_SA15_alkyl_nitrite_count,eq,1,24,15,9,0.625,0.405936384007944,0.8120070718039978,0.3052900401313389,2.0472335086042066,0.0013493758540911414,positive,0.003774387830536558,True,BB_SA15_alkyl_nitrite,BB_SA15_alkyl_nitrite = 1,high
ames_combine,fg_BB_SA15_alkyl_nitrite_count,eq,2,3,0,3,0.0,0.0,0.7075982261787134,0.3052900401313389,0.0,0.5579306585953901,negative,0.6257365855251649,False,BB_SA15_alkyl_nitrite,BB_SA15_alkyl_nitrite = 2,low
ames_combine,fg_BB_SA15_alkyl_nitrite_count,eq,3,4,1,3,0.25,0.006309463209709866,0.8058795503167566,0.3052900401313389,0.8188934034416826,1.0,negative,1.0,False,BB_SA15_alkyl_nitrite,BB_SA15_alkyl_nitrite = 3,low
ames_combine,fg_BB_SA15_alkyl_nitrite_count,ge,1,33,16,17,0.48484848484848486,0.3079634436047322,0.6645555216114443,0.3052900401313389,1.5881569036444754,0.03549558755971415,positive,0.07234926716519127,False,BB_SA15_alkyl_nitrite,BB_SA15_alkyl_nitrite ≥ 1,high
ames_combine,fg_BB_SA15_alkyl_nitrite_count,ge,2,9,1,8,0.1111111111111111,0.002809136746599214,0.4824965149173371,0.3052900401313389,0.36395262375185894,0.2920162430195451,negative,0.4129037883128186,False,BB_SA15_alkyl_nitrite,BB_SA15_alkyl_nitrite ≥ 2,low
ames_combine,fg_BB_SA15_alkyl_nitrite_count,ge,3,6,1,5,0.16666666666666666,0.00421074451448947,0.6412345789976748,0.3052900401313389,0.5459289356277883,0.6742919472697566,negative,0.7413416155723778,False,BB_SA15_alkyl_nitrite,BB_SA15_alkyl_nitrite ≥ 3,low
ames_combine,fg_BB_SA16_epoxide_count,eq,1,444,309,135,0.6959459459459459,0.6508275731639326,0.7384304521095513,0.3052900401313389,2.2796221771484677,1.770001564123881e-66,positive,2.4695736108966532e-65,True,BB_SA16_epoxide,BB_SA16_epoxide = 1,high
ames_combine,fg_BB_SA16_epoxide_count,eq,2,54,41,13,0.7592592592592593,0.6235947541659905,0.8651365787275388,0.3052900401313389,2.4870095956377027,7.579499365554191e-12,positive,4.3544966943281916e-11,True,BB_SA16_epoxide,BB_SA16_epoxide = 2,high
ames_combine,fg_BB_SA16_epoxide_count,eq,3,6,6,0,1.0,0.5407418735600995,1.0,0.3052900401313389,3.2755736137667304,0.0008075948581121266,positive,0.0023721833927504068,True,BB_SA16_epoxide,BB_SA16_epoxide = 3,low
ames_combine,fg_BB_SA16_epoxide_count,ge,1,505,356,149,0.7049504950495049,0.6630648345980983,0.7444173614153571,0.3052900401313389,2.3091172405959526,3.78628291863375e-79,positive,5.838846816629941e-78,True,BB_SA16_epoxide,BB_SA16_epoxide ≥ 1,high
ames_combine,fg_BB_SA16_epoxide_count,ge,2,61,47,14,0.7704918032786885,0.6450191707824999,0.8684685253502065,0.3052900401313389,2.5238026204432185,8.290984909761161e-14,positive,5.280996909913087e-13,True,BB_SA16_epoxide,BB_SA16_epoxide ≥ 2,high
ames_combine,fg_BB_SA16_epoxide_count,ge,3,7,6,1,0.8571428571428571,0.4212768029568048,0.9963897031380994,0.3052900401313389,2.807634526085769,0.004175334391254206,positive,0.010778616534250947,True,BB_SA16_epoxide,BB_SA16_epoxide ≥ 3,low
ames_combine,fg_BB_SA16b_aziridine_count,eq,1,56,54,2,0.9642857142857143,0.8768681925420042,0.9956451872589474,0.3052900401313389,3.1585888418464902,8.955869447721076e-26,positive,8.533560156690326e-25,True,BB_SA16b_aziridine,BB_SA16b_aziridine = 1,high
ames_combine,fg_BB_SA16b_aziridine_count,eq,2,7,5,2,0.7142857142857143,0.2904208637373427,0.9633074338239145,0.3052900401313389,2.3396954384048074,0.031026992980460744,positive,0.06447453151258864,False,BB_SA16b_aziridine,BB_SA16b_aziridine = 2,low
ames_combine,fg_BB_SA16b_aziridine_count,eq,3,3,3,0,1.0,0.2924017738212866,1.0,0.3052900401313389,3.2755736137667304,0.028439471491182967,positive,0.059733083490441645,False,BB_SA16b_aziridine,BB_SA16b_aziridine = 3,low
ames_combine,fg_BB_SA16b_aziridine_count,ge,1,66,62,4,0.9393939393939394,0.8520324360541544,0.983241777301832,0.3052900401313389,3.077054000811171,1.4445687863012074e-27,positive,1.4108621812875125e-26,True,BB_SA16b_aziridine,BB_SA16b_aziridine ≥ 1,high
ames_combine,fg_BB_SA16b_aziridine_count,ge,2,10,8,2,0.8,0.4439045376923585,0.9747892736731666,0.3052900401313389,2.6204588910133846,0.0017991927267759528,positive,0.00490384622274748,True,BB_SA16b_aziridine,BB_SA16b_aziridine ≥ 2,medium
ames_combine,fg_BB_SA16b_aziridine_count,ge,3,3,3,0,1.0,0.2924017738212866,1.0,0.3052900401313389,3.2755736137667304,0.028439471491182967,positive,0.059733083490441645,False,BB_SA16b_aziridine,BB_SA16b_aziridine ≥ 3,low
ames_combine,fg_BB_SA17_propiolactone_count,eq,1,4,4,0,1.0,0.3976353643835253,1.0,0.3052900401313389,3.2755736137667304,0.008677961633676541,positive,0.021144638325714983,True,BB_SA17_propiolactone,BB_SA17_propiolactone = 1,low
ames_combine,fg_BB_SA17_propiolactone_count,ge,1,4,4,0,1.0,0.3976353643835253,1.0,0.3052900401313389,3.2755736137667304,0.008677961633676541,positive,0.021144638325714983,True,BB_SA17_propiolactone,BB_SA17_propiolactone ≥ 1,low
ames_combine,fg_BB_SA18_sulphonate_ester_count,eq,1,89,37,52,0.4157303370786517,0.3121440500879707,0.5250868019086581,0.3052900401313389,1.3617553225771801,0.02785198978458014,positive,0.05892153795582658,False,BB_SA18_sulphonate_ester,BB_SA18_sulphonate_ester = 1,high
ames_combine,fg_BB_SA18_sulphonate_ester_count,eq,2,23,11,12,0.4782608695652174,0.26819618617555346,0.694121998508626,0.3052900401313389,1.566578684844958,0.10934908411204611,positive,0.1849309185848745,False,BB_SA18_sulphonate_ester,BB_SA18_sulphonate_ester = 2,high
ames_combine,fg_BB_SA18_sulphonate_ester_count,ge,1,116,48,68,0.41379310344827586,0.3231317066441522,0.5089654301686735,0.3052900401313389,1.3554097712138196,0.014677193439618118,positive,0.0334662854304133,True,BB_SA18_sulphonate_ester,BB_SA18_sulphonate_ester ≥ 1,high
ames_combine,fg_BB_SA18_sulphonate_ester_count,ge,2,27,11,16,0.4074074074074074,0.2238972913505814,0.6120160697403182,0.3052900401313389,1.334492953756816,0.29488740367753585,positive,0.4129037883128186,False,BB_SA18_sulphonate_ester,BB_SA18_sulphonate_ester ≥ 2,high
ames_combine,fg_BB_SA18_sulphonate_ester_count,ge,3,4,0,4,0.0,0.0,0.6023646356164747,0.3052900401313389,0.0,0.32060310967024686,negative,0.4129037883128186,False,BB_SA18_sulphonate_ester,BB_SA18_sulphonate_ester ≥ 3,low
ames_combine,fg_BB_SA18_sulphonate_ester_count,ge,4,3,0,3,0.0,0.0,0.7075982261787134,0.3052900401313389,0.0,0.5579306585953901,negative,0.6257365855251649,False,BB_SA18_sulphonate_ester,BB_SA18_sulphonate_ester ≥ 4,low
ames_combine,fg_BB_SA18b_phosphonate_ester_count,eq,1,10,3,7,0.3,0.06673951117773447,0.6524528500599973,0.3052900401313389,0.982672084130019,1.0,negative,1.0,False,BB_SA18b_phosphonate_ester,BB_SA18b_phosphonate_ester = 1,medium
ames_combine,fg_BB_SA18b_phosphonate_ester_count,eq,2,64,11,53,0.171875,0.08904899632910289,0.2867536578734714,0.3052900401313389,0.5629892148661568,0.02023882260228372,negative,0.04483913060468151,True,BB_SA18b_phosphonate_ester,BB_SA18b_phosphonate_ester = 2,high
ames_combine,fg_BB_SA18b_phosphonate_ester_count,eq,4,27,4,23,0.14814814814814814,0.04188739647376728,0.33731086402424443,0.3052900401313389,0.48527016500247855,0.09351736221592696,negative,0.16383011736482272,False,BB_SA18b_phosphonate_ester,BB_SA18b_phosphonate_ester = 4,high
ames_combine,fg_BB_SA18b_phosphonate_ester_count,eq,6,29,9,20,0.3103448275862069,0.15284593960863152,0.50832335380999,0.3052900401313389,1.0165573284103646,1.0,positive,1.0,False,BB_SA18b_phosphonate_ester,BB_SA18b_phosphonate_ester = 6,high
ames_combine,fg_BB_SA18b_phosphonate_ester_count,eq,12,3,0,3,0.0,0.0,0.7075982261787134,0.3052900401313389,0.0,0.5579306585953901,negative,0.6257365855251649,False,BB_SA18b_phosphonate_ester,BB_SA18b_phosphonate_ester = 12,low
ames_combine,fg_BB_SA18b_phosphonate_ester_count,ge,1,134,27,107,0.20149253731343283,0.13718283541474285,0.27945349328689284,0.3052900401313389,0.6600036385947889,0.00814204916573185,negative,0.020131817768434025,True,BB_SA18b_phosphonate_ester,BB_SA18b_phosphonate_ester ≥ 1,high
ames_combine,fg_BB_SA18b_phosphonate_ester_count,ge,2,124,24,100,0.1935483870967742,0.12812309690376453,0.274157303788032,0.3052900401313389,0.6339819897613026,0.005941972061264723,negative,0.014944187244210849,True,BB_SA18b_phosphonate_ester,BB_SA18b_phosphonate_ester ≥ 2,high
ames_combine,fg_BB_SA18b_phosphonate_ester_count,ge,3,60,13,47,0.21666666666666667,0.12071602446269675,0.34195617873465256,0.3052900401313389,0.709707616316125,0.1600366190300213,negative,0.25176230537340266,False,BB_SA18b_phosphonate_ester,BB_SA18b_phosphonate_ester ≥ 3,high
ames_combine,fg_BB_SA18b_phosphonate_ester_count,ge,4,60,13,47,0.21666666666666667,0.12071602446269675,0.34195617873465256,0.3052900401313389,0.709707616316125,0.1600366190300213,negative,0.25176230537340266,False,BB_SA18b_phosphonate_ester,BB_SA18b_phosphonate_ester ≥ 4,high
ames_combine,fg_BB_SA18b_phosphonate_ester_count,ge,5,33,9,24,0.2727272727272727,0.13299638871081493,0.4552384277607819,0.3052900401313389,0.8933382583000173,0.8501845692213607,negative,0.904189033690957,False,BB_SA18b_phosphonate_ester,BB_SA18b_phosphonate_ester ≥ 5,high
ames_combine,fg_BB_SA18b_phosphonate_ester_count,ge,6,33,9,24,0.2727272727272727,0.13299638871081493,0.4552384277607819,0.3052900401313389,0.8933382583000173,0.8501845692213607,negative,0.904189033690957,False,BB_SA18b_phosphonate_ester,BB_SA18b_phosphonate_ester ≥ 6,high
ames_combine,fg_BB_SA18b_phosphonate_ester_count,ge,7,4,0,4,0.0,0.0,0.6023646356164747,0.3052900401313389,0.0,0.32060310967024686,negative,0.4129037883128186,False,BB_SA18b_phosphonate_ester,BB_SA18b_phosphonate_ester ≥ 7,low
ames_combine,fg_BB_SA18b_phosphonate_ester_count,ge,8,4,0,4,0.0,0.0,0.6023646356164747,0.3052900401313389,0.0,0.32060310967024686,negative,0.4129037883128186,False,BB_SA18b_phosphonate_ester,BB_SA18b_phosphonate_ester ≥ 8,low
ames_combine,fg_BB_SA18b_phosphonate_ester_count,ge,9,4,0,4,0.0,0.0,0.6023646356164747,0.3052900401313389,0.0,0.32060310967024686,negative,0.4129037883128186,False,BB_SA18b_phosphonate_ester,BB_SA18b_phosphonate_ester ≥ 9,low
ames_combine,fg_BB_SA18b_phosphonate_ester_count,ge,10,4,0,4,0.0,0.0,0.6023646356164747,0.3052900401313389,0.0,0.32060310967024686,negative,0.4129037883128186,False,BB_SA18b_phosphonate_ester,BB_SA18b_phosphonate_ester ≥ 10,low
ames_combine,fg_BB_SA18b_phosphonate_ester_count,ge,11,4,0,4,0.0,0.0,0.6023646356164747,0.3052900401313389,0.0,0.32060310967024686,negative,0.4129037883128186,False,BB_SA18b_phosphonate_ester,BB_SA18b_phosphonate_ester ≥ 11,low
ames_combine,fg_BB_SA18b_phosphonate_ester_count,ge,12,4,0,4,0.0,0.0,0.6023646356164747,0.3052900401313389,0.0,0.32060310967024686,negative,0.4129037883128186,False,BB_SA18b_phosphonate_ester,BB_SA18b_phosphonate_ester ≥ 12,low
ames_combine,fg_BB_SA19_alkyl_carbamate_count,eq,1,91,35,56,0.38461538461538464,0.28447982554879503,0.4924816590120798,0.3052900401313389,1.2598360052948965,0.10964766187578975,positive,0.18516867394585818,False,BB_SA19_alkyl_carbamate,BB_SA19_alkyl_carbamate = 1,high
ames_combine,fg_BB_SA19_alkyl_carbamate_count,eq,2,18,2,16,0.1111111111111111,0.013751215664364491,0.34712043860867203,0.3052900401313389,0.36395262375185894,0.07816863211457117,negative,0.1384818850956637,False,BB_SA19_alkyl_carbamate,BB_SA19_alkyl_carbamate = 2,medium
ames_combine,fg_BB_SA19_alkyl_carbamate_count,ge,1,110,37,73,0.33636363636363636,0.24907694676300632,0.4327091097582204,0.3052900401313389,1.1017838519033547,0.4685101850546921,positive,0.5559589807830786,False,BB_SA19_alkyl_carbamate,BB_SA19_alkyl_carbamate ≥ 1,high
ames_combine,fg_BB_SA19_alkyl_carbamate_count,ge,2,19,2,17,0.10526315789473684,0.013012164371777464,0.33137666445676595,0.3052900401313389,0.3447972225017611,0.07822649587395267,negative,0.1384818850956637,False,BB_SA19_alkyl_carbamate,BB_SA19_alkyl_carbamate ≥ 2,medium
ames_combine,fg_BB_SA19b_alkyl_thiocarbamate_count,eq,1,3,0,3,0.0,0.0,0.7075982261787134,0.3052900401313389,0.0,0.5579306585953901,negative,0.6257365855251649,False,BB_SA19b_alkyl_thiocarbamate,BB_SA19b_alkyl_thiocarbamate = 1,low
ames_combine,fg_BB_SA19b_alkyl_thiocarbamate_count,ge,1,3,0,3,0.0,0.0,0.7075982261787134,0.3052900401313389,0.0,0.5579306585953901,negative,0.6257365855251649,False,BB_SA19b_alkyl_thiocarbamate,BB_SA19b_alkyl_thiocarbamate ≥ 1,low
ames_combine,fg_BB_SA19c_thiocarbamate2_count,eq,1,9,5,4,0.5555555555555556,0.21200850677886798,0.8630043377348335,0.3052900401313389,1.8197631187592949,0.14299546002238875,positive,0.2267803506715015,False,BB_SA19c_thiocarbamate2,BB_SA19c_thiocarbamate2 = 1,low
ames_combine,fg_BB_SA19c_thiocarbamate2_count,ge,1,9,5,4,0.5555555555555556,0.21200850677886798,0.8630043377348335,0.3052900401313389,1.8197631187592949,0.14299546002238875,positive,0.2267803506715015,False,BB_SA19c_thiocarbamate2,BB_SA19c_thiocarbamate2 ≥ 1,low
ames_combine,fg_BB_SA20_ab_unsat_carbonyl_count,eq,1,739,186,553,0.2516914749661705,0.2207682328537723,0.28461093266421367,0.3052900401313389,0.8244339542092177,0.0010134817274362756,negative,0.0029184289546813637,True,BB_SA20_ab_unsat_carbonyl,BB_SA20_ab_unsat_carbonyl = 1,high
ames_combine,fg_BB_SA20_ab_unsat_carbonyl_count,eq,2,228,62,166,0.2719298245614035,0.21528985431972802,0.3346064813391218,0.3052900401313389,0.8907261581295496,0.30990715978060845,negative,0.4129037883128186,False,BB_SA20_ab_unsat_carbonyl,BB_SA20_ab_unsat_carbonyl = 2,high
ames_combine,fg_BB_SA20_ab_unsat_carbonyl_count,eq,3,22,2,20,0.09090909090909091,0.011205586024150994,0.2916127415539335,0.3052900401313389,0.29777941943333913,0.034363484651648936,negative,0.0701637700552832,False,BB_SA20_ab_unsat_carbonyl,BB_SA20_ab_unsat_carbonyl = 3,high
ames_combine,fg_BB_SA20_ab_unsat_carbonyl_count,eq,4,33,6,27,0.18181818181818182,0.06978788366630997,0.35460055945026886,0.3052900401313389,0.5955588388666783,0.13414800508400807,negative,0.21478341797603479,False,BB_SA20_ab_unsat_carbonyl,BB_SA20_ab_unsat_carbonyl = 4,high
ames_combine,fg_BB_SA20_ab_unsat_carbonyl_count,ge,1,1024,257,767,0.2509765625,0.22467933848206786,0.27871345923474267,0.3052900401313389,0.8220922057988767,7.65231871459002e-05,negative,0.00026071271899707864,True,BB_SA20_ab_unsat_carbonyl,BB_SA20_ab_unsat_carbonyl ≥ 1,high
ames_combine,fg_BB_SA20_ab_unsat_carbonyl_count,ge,2,285,71,214,0.24912280701754386,0.1999974328324535,0.30354785320856625,0.3052900401313389,0.8160200932541679,0.03757757256535411,negative,0.0754812254541332,False,BB_SA20_ab_unsat_carbonyl,BB_SA20_ab_unsat_carbonyl ≥ 2,high
ames_combine,fg_BB_SA20_ab_unsat_carbonyl_count,ge,3,57,9,48,0.15789473684210525,0.07483116920051248,0.2786826300687293,0.3052900401313389,0.5171958337526417,0.014016990507510473,negative,0.032023221978172076,True,BB_SA20_ab_unsat_carbonyl,BB_SA20_ab_unsat_carbonyl ≥ 3,high
ames_combine,fg_BB_SA20_ab_unsat_carbonyl_count,ge,4,35,7,28,0.2,0.0844060161605645,0.36937884452244535,0.3052900401313389,0.6551147227533461,0.20170660091338477,negative,0.30076353215074675,False,BB_SA20_ab_unsat_carbonyl,BB_SA20_ab_unsat_carbonyl ≥ 4,high
ames_combine,fg_BB_SA21_ab_unsat_alkoxy_count,eq,1,181,82,99,0.4530386740331492,0.37906282260132723,0.528577944845311,0.3052900401313389,1.4839615266788502,2.9375820076019454e-05,positive,0.000106589662938374,True,BB_SA21_ab_unsat_alkoxy,BB_SA21_ab_unsat_alkoxy = 1,high
ames_combine,fg_BB_SA21_ab_unsat_alkoxy_count,eq,2,42,7,35,0.16666666666666666,0.06974066365567509,0.3136408668806712,0.3052900401313389,0.5459289356277883,0.06338249472303101,negative,0.12197747752937986,False,BB_SA21_ab_unsat_alkoxy,BB_SA21_ab_unsat_alkoxy = 2,high
ames_combine,fg_BB_SA21_ab_unsat_alkoxy_count,eq,3,3,0,3,0.0,0.0,0.7075982261787134,0.3052900401313389,0.0,0.5579306585953901,negative,0.6257365855251649,False,BB_SA21_ab_unsat_alkoxy,BB_SA21_ab_unsat_alkoxy = 3,low
ames_combine,fg_BB_SA21_ab_unsat_alkoxy_count,ge,1,228,89,139,0.39035087719298245,0.3266357762846992,0.4569566058439299,0.3052900401313389,1.2786230334440307,0.005800484632737092,positive,0.014619716106597572,True,BB_SA21_ab_unsat_alkoxy,BB_SA21_ab_unsat_alkoxy ≥ 1,high
ames_combine,fg_BB_SA21_ab_unsat_alkoxy_count,ge,2,47,7,40,0.14893617021276595,0.06204411812199809,0.28305753424329744,0.3052900401313389,0.48785138928440663,0.017401144538782665,negative,0.03884598361800625,True,BB_SA21_ab_unsat_alkoxy,BB_SA21_ab_unsat_alkoxy ≥ 2,high
ames_combine,fg_BB_SA21_ab_unsat_alkoxy_count,ge,3,5,0,5,0.0,0.0,0.5218237501049815,0.3052900401313389,0.0,0.331873181391361,negative,0.4129037883128186,False,BB_SA21_ab_unsat_alkoxy,BB_SA21_ab_unsat_alkoxy ≥ 3,low
ames_combine,fg_BB_SA22_simple_aldehyde_count,eq,1,184,56,128,0.30434782608695654,0.23879670940818543,0.3763284124311072,0.3052900401313389,0.9969137085377007,1.0,negative,1.0,False,BB_SA22_simple_aldehyde,BB_SA22_simple_aldehyde = 1,high
ames_combine,fg_BB_SA22_simple_aldehyde_count,eq,2,10,7,3,0.7,0.3475471499400027,0.9332604888222655,0.3052900401313389,2.292901529636711,0.011723240279001875,positive,0.027813031593097566,True,BB_SA22_simple_aldehyde,BB_SA22_simple_aldehyde = 2,medium
ames_combine,fg_BB_SA22_simple_aldehyde_count,ge,1,194,63,131,0.3247422680412371,0.25941381800241303,0.3955239089649749,0.3052900401313389,1.0637172044706393,0.582640331575468,positive,0.6528245397767195,False,BB_SA22_simple_aldehyde,BB_SA22_simple_aldehyde ≥ 1,high
ames_combine,fg_BB_SA22_simple_aldehyde_count,ge,2,10,7,3,0.7,0.3475471499400027,0.9332604888222655,0.3052900401313389,2.292901529636711,0.011723240279001875,positive,0.027813031593097566,True,BB_SA22_simple_aldehyde,BB_SA22_simple_aldehyde ≥ 2,medium
ames_combine,fg_BB_SA23_monohaloalkene_count,eq,1,94,55,39,0.5851063829787234,0.478841140947603,0.6858585162798072,0.3052900401313389,1.9165590293315977,2.4955848295504252e-08,positive,1.2036318601782297e-07,True,BB_SA23_monohaloalkene,BB_SA23_monohaloalkene = 1,high
ames_combine,fg_BB_SA23_monohaloalkene_count,eq,2,70,33,37,0.4714285714285714,0.35087845521567756,0.5944723992452159,0.3052900401313389,1.5441989893471728,0.0038636828109587648,positive,0.01006274723209705,True,BB_SA23_monohaloalkene,BB_SA23_monohaloalkene = 2,high
ames_combine,fg_BB_SA23_monohaloalkene_count,eq,3,20,9,11,0.45,0.2305778967759241,0.6847218669594515,0.3052900401313389,1.4740081261950286,0.22187027107916635,positive,0.3274961683939332,False,BB_SA23_monohaloalkene,BB_SA23_monohaloalkene = 3,high
ames_combine,fg_BB_SA23_monohaloalkene_count,eq,4,9,2,7,0.2222222222222222,0.028144973477898197,0.6000935737163122,0.3052900401313389,0.7279052475037179,0.7312282797700681,negative,0.7935104088575369,False,BB_SA23_monohaloalkene,BB_SA23_monohaloalkene = 4,low
ames_combine,fg_BB_SA23_monohaloalkene_count,eq,5,6,6,0,1.0,0.5407418735600995,1.0,0.3052900401313389,3.2755736137667304,0.0008075948581121266,positive,0.0023721833927504068,True,BB_SA23_monohaloalkene,BB_SA23_monohaloalkene = 5,low
ames_combine,fg_BB_SA23_monohaloalkene_count,ge,1,202,106,96,0.5247524752475248,0.4534876357445673,0.5952802235894152,0.3052900401313389,1.7188653616795715,7.384085001303374e-11,positive,3.988086461533435e-10,True,BB_SA23_monohaloalkene,BB_SA23_monohaloalkene ≥ 1,high
ames_combine,fg_BB_SA23_monohaloalkene_count,ge,2,108,51,57,0.4722222222222222,0.37538837923988827,0.570617760131559,0.3052900401313389,1.5467986509454004,0.0003119776600279581,positive,0.0009750341801407116,True,BB_SA23_monohaloalkene,BB_SA23_monohaloalkene ≥ 2,high
ames_combine,fg_BB_SA23_monohaloalkene_count,ge,3,38,18,20,0.47368421052631576,0.3098073016082087,0.6418165637394964,0.3052900401313389,1.5515875012579248,0.03284560633166277,positive,0.067653867523214,False,BB_SA23_monohaloalkene,BB_SA23_monohaloalkene ≥ 3,high
ames_combine,fg_BB_SA23_monohaloalkene_count,ge,4,18,9,9,0.5,0.26019058289509706,0.739809417104903,0.3052900401313389,1.6377868068833652,0.12033138436841803,positive,0.19614517730151035,False,BB_SA23_monohaloalkene,BB_SA23_monohaloalkene ≥ 4,medium
ames_combine,fg_BB_SA23_monohaloalkene_count,ge,5,9,7,2,0.7777777777777778,0.39990642628368783,0.9718550265221018,0.3052900401313389,2.5476683662630126,0.004776406992443731,positive,0.012169454337269679,True,BB_SA23_monohaloalkene,BB_SA23_monohaloalkene ≥ 5,low
ames_combine,fg_BB_SA23_monohaloalkene_count,ge,6,3,1,2,0.3333333333333333,0.008403758659612636,0.9057006759497539,0.3052900401313389,1.0918578712555767,1.0,positive,1.0,False,BB_SA23_monohaloalkene,BB_SA23_monohaloalkene ≥ 6,low
ames_combine,fg_BB_SA24_quinone_para_count,eq,1,19,6,13,0.3157894736842105,0.1257606358729833,0.5655015688461509,0.3052900401313389,1.0343916675052833,1.0,positive,1.0,False,BB_SA24_quinone_para,BB_SA24_quinone_para = 1,medium
ames_combine,fg_BB_SA24_quinone_para_count,ge,1,20,7,13,0.35,0.15390920478454118,0.5921885345328282,0.3052900401313389,1.1464507648183555,0.6341941945522284,positive,0.7051950626330281,False,BB_SA24_quinone_para,BB_SA24_quinone_para ≥ 1,high
ames_combine,fg_BB_SA25_N_methylol_count,eq,1,5,1,4,0.2,0.0050507633794680575,0.7164179361180896,0.3052900401313389,0.6551147227533461,1.0,negative,1.0,False,BB_SA25_N_methylol,BB_SA25_N_methylol = 1,low
ames_combine,fg_BB_SA25_N_methylol_count,eq,2,6,3,3,0.5,0.11811724875702521,0.8818827512429748,0.3052900401313389,1.6377868068833652,0.3778765958154196,positive,0.46277050187635504,False,BB_SA25_N_methylol,BB_SA25_N_methylol = 2,low
ames_combine,fg_BB_SA25_N_methylol_count,ge,1,12,4,8,0.3333333333333333,0.09924609114958328,0.6511244935811844,0.3052900401313389,1.0918578712555767,0.7639900598744601,positive,0.8237316928913222,False,BB_SA25_N_methylol,BB_SA25_N_methylol ≥ 1,medium
ames_combine,fg_BB_SA25_N_methylol_count,ge,2,7,3,4,0.42857142857142855,0.09898827844250786,0.815948432359917,0.3052900401313389,1.4038172630428845,0.4429905697632479,positive,0.5319517907402936,False,BB_SA25_N_methylol,BB_SA25_N_methylol ≥ 2,low
ames_combine,fg_BB_SA26_isocyanate_count,eq,1,22,0,22,0.0,0.0,0.1543725128155746,0.3052900401313389,0.0,0.0006296309699708071,negative,0.0018872826005263065,True,BB_SA26_isocyanate,BB_SA26_isocyanate = 1,high
ames_combine,fg_BB_SA26_isocyanate_count,eq,2,24,5,19,0.20833333333333334,0.07131861719805496,0.42151284363725267,0.3052900401313389,0.6824111695347356,0.3788811085520827,negative,0.46303301274561093,False,BB_SA26_isocyanate,BB_SA26_isocyanate = 2,high
ames_combine,fg_BB_SA26_isocyanate_count,ge,1,48,5,43,0.10416666666666667,0.034698122121196016,0.22657766128376378,0.3052900401313389,0.3412055847673678,0.0014706758396431999,negative,0.004084436218155995,True,BB_SA26_isocyanate,BB_SA26_isocyanate ≥ 1,high
ames_combine,fg_BB_SA26_isocyanate_count,ge,2,26,5,21,0.19230769230769232,0.06554810873678249,0.39350552793932186,0.3052900401313389,0.6299180026474482,0.2866883094587416,negative,0.4122683419455769,False,BB_SA26_isocyanate,BB_SA26_isocyanate ≥ 2,high
ames_combine,fg_BB_SA26b_isothiocyanate_count,eq,1,9,4,5,0.4444444444444444,0.1369956622651665,0.787991493221132,0.3052900401313389,1.4558104950074358,0.46914968600210294,positive,0.5559589807830786,False,BB_SA26b_isothiocyanate,BB_SA26b_isothiocyanate = 1,low
ames_combine,fg_BB_SA26b_isothiocyanate_count,ge,1,9,4,5,0.4444444444444444,0.1369956622651665,0.787991493221132,0.3052900401313389,1.4558104950074358,0.46914968600210294,positive,0.5559589807830786,False,BB_SA26b_isothiocyanate,BB_SA26b_isothiocyanate ≥ 1,low
ames_combine,fg_BB_SA27_azide_count,eq,1,73,70,3,0.958904109589041,0.8845639212331385,0.9914435104922139,0.3052900401313389,3.140960999502344,1.2252520312361364e-32,positive,1.2936895320799568e-31,True,BB_SA27_azide,BB_SA27_azide = 1,high
ames_combine,fg_BB_SA27_azide_count,eq,2,6,5,1,0.8333333333333334,0.35876542100232517,0.9957892554855106,0.3052900401313389,2.7296446781389423,0.011847236845313218,positive,0.027881448961259218,True,BB_SA27_azide,BB_SA27_azide = 2,low
ames_combine,fg_BB_SA27_azide_count,ge,1,79,75,4,0.9493670886075949,0.8754052019863836,0.9860338821107838,0.3052900401313389,3.1097217852215793,5.1901198118818686e-34,positive,5.6848788967528505e-33,True,BB_SA27_azide,BB_SA27_azide ≥ 1,high
ames_combine,fg_BB_SA27_azide_count,ge,2,6,5,1,0.8333333333333334,0.35876542100232517,0.9957892554855106,0.3052900401313389,2.7296446781389423,0.011847236845313218,positive,0.027881448961259218,True,BB_SA27_azide,BB_SA27_azide ≥ 2,low
ames_combine,fg_BB_SA27b_triazene_count,eq,1,18,15,3,0.8333333333333334,0.5858225086052259,0.9642149168784253,0.3052900401313389,2.7296446781389423,5.465156612331136e-06,positive,2.1421951671077226e-05,True,BB_SA27b_triazene,BB_SA27b_triazene = 1,medium
ames_combine,fg_BB_SA27b_triazene_count,ge,1,18,15,3,0.8333333333333334,0.5858225086052259,0.9642149168784253,0.3052900401313389,2.7296446781389423,5.465156612331136e-06,positive,2.1421951671077226e-05,True,BB_SA27b_triazene,BB_SA27b_triazene ≥ 1,medium
ames_combine,fg_BB_SA28_alkenylbenzene_count,eq,1,420,188,232,0.44761904761904764,0.39938913010804605,0.49659196977057746,0.3052900401313389,1.466209141400346,4.579927171731682e-10,positive,2.407028988910104e-09,True,BB_SA28_alkenylbenzene,BB_SA28_alkenylbenzene = 1,high
ames_combine,fg_BB_SA28_alkenylbenzene_count,eq,2,182,80,102,0.43956043956043955,0.3662223797809937,0.5148996792166174,0.3052900401313389,1.4398125774798816,0.0001275582790224764,positive,0.0004223115904359953,True,BB_SA28_alkenylbenzene,BB_SA28_alkenylbenzene = 2,high
ames_combine,fg_BB_SA28_alkenylbenzene_count,eq,3,9,4,5,0.4444444444444444,0.1369956622651665,0.787991493221132,0.3052900401313389,1.4558104950074358,0.46914968600210294,positive,0.5559589807830786,False,BB_SA28_alkenylbenzene,BB_SA28_alkenylbenzene = 3,low
ames_combine,fg_BB_SA28_alkenylbenzene_count,eq,4,7,0,7,0.0,0.0,0.4096163972250034,0.3052900401313389,0.0,0.10906966426401304,negative,0.18472492271303942,False,BB_SA28_alkenylbenzene,BB_SA28_alkenylbenzene = 4,low
ames_combine,fg_BB_SA28_alkenylbenzene_count,ge,1,618,272,346,0.4401294498381877,0.4005504181166584,0.480283127766434,0.3052900401313389,1.4416764125316355,5.850635417938515e-13,positive,3.5528210931730256e-12,True,BB_SA28_alkenylbenzene,BB_SA28_alkenylbenzene ≥ 1,high
ames_combine,fg_BB_SA28_alkenylbenzene_count,ge,2,198,84,114,0.42424242424242425,0.3544790932116944,0.4963089922113196,0.3052900401313389,1.389637290688916,0.00043603120519372586,positive,0.0013483603495700442,True,BB_SA28_alkenylbenzene,BB_SA28_alkenylbenzene ≥ 2,high
ames_combine,fg_BB_SA28_alkenylbenzene_count,ge,3,16,4,12,0.25,0.07266203825288216,0.5237708198961273,0.3052900401313389,0.8188934034416826,0.7891660239859659,negative,0.8469803847175386,False,BB_SA28_alkenylbenzene,BB_SA28_alkenylbenzene ≥ 3,medium
ames_combine,fg_BB_SA28_alkenylbenzene_count,ge,4,7,0,7,0.0,0.0,0.4096163972250034,0.3052900401313389,0.0,0.10906966426401304,negative,0.18472492271303942,False,BB_SA28_alkenylbenzene,BB_SA28_alkenylbenzene ≥ 4,low
ames_combine,fg_BB_SA30_heterocyclic_PAH_count,eq,1,73,33,40,0.4520547945205479,0.3351707823884104,0.5729500484130072,0.3052900401313389,1.480738756908248,0.010190926937508858,positive,0.024474931087623733,True,BB_SA30_heterocyclic_PAH,BB_SA30_heterocyclic_PAH = 1,high
ames_combine,fg_BB_SA30_heterocyclic_PAH_count,eq,2,8,1,7,0.125,0.0031597235312519063,0.5265096708752066,0.3052900401313389,0.4094467017208413,0.4486633988471806,negative,0.5365647994376487,False,BB_SA30_heterocyclic_PAH,BB_SA30_heterocyclic_PAH = 2,low
ames_combine,fg_BB_SA30_heterocyclic_PAH_count,eq,4,9,0,9,0.0,0.0,0.3362671168799429,0.3052900401313389,0.0,0.06519596525858803,negative,0.12245139628696342,False,BB_SA30_heterocyclic_PAH,BB_SA30_heterocyclic_PAH = 4,low
ames_combine,fg_BB_SA30_heterocyclic_PAH_count,ge,1,90,34,56,0.37777777777777777,0.277664538602261,0.48617401079223477,0.3052900401313389,1.2374389207563203,0.13660552368222956,positive,0.21782540647016743,False,BB_SA30_heterocyclic_PAH,BB_SA30_heterocyclic_PAH ≥ 1,high
ames_combine,fg_BB_SA30_heterocyclic_PAH_count,ge,2,17,1,16,0.058823529411764705,0.0014881743912666346,0.28688939666722063,0.3052900401313389,0.19268080080980768,0.03166964949126726,negative,0.06557743675576895,False,BB_SA30_heterocyclic_PAH,BB_SA30_heterocyclic_PAH ≥ 2,medium
ames_combine,fg_BB_SA30_heterocyclic_PAH_count,ge,3,9,0,9,0.0,0.0,0.3362671168799429,0.3052900401313389,0.0,0.06519596525858803,negative,0.12245139628696342,False,BB_SA30_heterocyclic_PAH,BB_SA30_heterocyclic_PAH ≥ 3,low
ames_combine,fg_BB_SA30_heterocyclic_PAH_count,ge,4,9,0,9,0.0,0.0,0.3362671168799429,0.3052900401313389,0.0,0.06519596525858803,negative,0.12245139628696342,False,BB_SA30_heterocyclic_PAH,BB_SA30_heterocyclic_PAH ≥ 4,low
ames_combine,fg_BB_SA31_PAH_3fused_count,eq,1,249,215,34,0.8634538152610441,0.8144492202623077,0.9035495684176474,0.3052900401313389,2.8283065339752893,2.3339163363283547e-76,positive,3.5068589053549123e-75,True,BB_SA31_PAH_3fused,BB_SA31_PAH_3fused = 1,high
ames_combine,fg_BB_SA31_PAH_3fused_count,eq,2,35,16,19,0.45714285714285713,0.288271443790757,0.6335419828785478,0.3052900401313389,1.4974050805790766,0.0646402004289088,positive,0.12245139628696342,False,BB_SA31_PAH_3fused,BB_SA31_PAH_3fused = 2,high
ames_combine,fg_BB_SA31_PAH_3fused_count,eq,3,4,1,3,0.25,0.006309463209709866,0.8058795503167566,0.3052900401313389,0.8188934034416826,1.0,negative,1.0,False,BB_SA31_PAH_3fused,BB_SA31_PAH_3fused = 3,low
ames_combine,fg_BB_SA31_PAH_3fused_count,ge,1,290,232,58,0.8,0.749266205954179,0.8444862825815049,0.3052900401313389,2.6204588910133846,3.4955016297582824e-69,positive,4.996009646435008e-68,True,BB_SA31_PAH_3fused,BB_SA31_PAH_3fused ≥ 1,high
ames_combine,fg_BB_SA31_PAH_3fused_count,ge,2,41,17,24,0.4146341463414634,0.26316799468866237,0.5789038572876704,0.3052900401313389,1.3581646691227907,0.12954482921213872,positive,0.2085529393360255,False,BB_SA31_PAH_3fused,BB_SA31_PAH_3fused ≥ 2,high
ames_combine,fg_BB_SA31_PAH_3fused_count,ge,3,6,1,5,0.16666666666666666,0.00421074451448947,0.6412345789976748,0.3052900401313389,0.5459289356277883,0.6742919472697566,negative,0.7413416155723778,False,BB_SA31_PAH_3fused,BB_SA31_PAH_3fused ≥ 3,low
ames_combine,fg_BB_SA33_polyhalocycloalkane_count,eq,1,31,6,25,0.1935483870967742,0.07451989731112885,0.3747321661065841,0.3052900401313389,0.6339819897613026,0.24068565436585002,negative,0.349113350144525,False,BB_SA33_polyhalocycloalkane,BB_SA33_polyhalocycloalkane = 1,high
ames_combine,fg_BB_SA33_polyhalocycloalkane_count,eq,2,6,0,6,0.0,0.0,0.4592581264399005,0.3052900401313389,0.0,0.1870646498158568,negative,0.280716734422771,False,BB_SA33_polyhalocycloalkane,BB_SA33_polyhalocycloalkane = 2,low
ames_combine,fg_BB_SA33_polyhalocycloalkane_count,eq,4,3,0,3,0.0,0.0,0.7075982261787134,0.3052900401313389,0.0,0.5579306585953901,negative,0.6257365855251649,False,BB_SA33_polyhalocycloalkane,BB_SA33_polyhalocycloalkane = 4,low
ames_combine,fg_BB_SA33_polyhalocycloalkane_count,ge,1,44,6,38,0.13636363636363635,0.05173082948627347,0.2735068909038239,0.3052900401313389,0.44666912915000867,0.013410377351468793,negative,0.030757264688691634,True,BB_SA33_polyhalocycloalkane,BB_SA33_polyhalocycloalkane ≥ 1,high
ames_combine,fg_BB_SA33_polyhalocycloalkane_count,ge,2,13,0,13,0.0,0.0,0.24705263800047095,0.3052900401313389,0.0,0.013337001212502836,negative,0.03064895180598691,True,BB_SA33_polyhalocycloalkane,BB_SA33_polyhalocycloalkane ≥ 2,medium
ames_combine,fg_BB_SA33_polyhalocycloalkane_count,ge,3,7,0,7,0.0,0.0,0.4096163972250034,0.3052900401313389,0.0,0.10906966426401304,negative,0.18472492271303942,False,BB_SA33_polyhalocycloalkane,BB_SA33_polyhalocycloalkane ≥ 3,low
ames_combine,fg_BB_SA33_polyhalocycloalkane_count,ge,4,5,0,5,0.0,0.0,0.5218237501049815,0.3052900401313389,0.0,0.331873181391361,negative,0.4129037883128186,False,BB_SA33_polyhalocycloalkane,BB_SA33_polyhalocycloalkane ≥ 4,low
ames_combine,fg_BB_SA34_halobenzene_count,eq,1,614,193,421,0.31433224755700323,0.2777653132539935,0.35269621962382813,0.3052900401313389,1.0296184160537116,0.6220281080560822,positive,0.6923237821858769,False,BB_SA34_halobenzene,BB_SA34_halobenzene = 1,high
ames_combine,fg_BB_SA34_halobenzene_count,eq,2,388,70,318,0.18041237113402062,0.14342595105078748,0.22235687346858077,0.3052900401313389,0.5909540024836885,1.798462545238826e-08,negative,8.819238924769473e-08,True,BB_SA34_halobenzene,BB_SA34_halobenzene = 2,high
ames_combine,fg_BB_SA34_halobenzene_count,eq,3,97,13,84,0.13402061855670103,0.07333368121832069,0.21827092112563184,0.3052900401313389,0.4389944018450257,0.00013724428208110572,negative,0.0004480509710280109,True,BB_SA34_halobenzene,BB_SA34_halobenzene = 3,high
ames_combine,fg_BB_SA34_halobenzene_count,eq,4,59,7,52,0.11864406779661017,0.04905579064176383,0.22929254895749246,0.3052900401313389,0.38862737790452734,0.0010217086652295059,negative,0.002934908224629855,True,BB_SA34_halobenzene,BB_SA34_halobenzene = 4,high
ames_combine,fg_BB_SA34_halobenzene_count,eq,5,29,2,27,0.06896551724137931,0.008463962253001825,0.2276618899444862,0.3052900401313389,0.22590162853563658,0.003926945818443286,negative,0.010204834809790534,True,BB_SA34_halobenzene,BB_SA34_halobenzene = 5,high
ames_combine,fg_BB_SA34_halobenzene_count,eq,6,13,0,13,0.0,0.0,0.24705263800047095,0.3052900401313389,0.0,0.013337001212502836,negative,0.03064895180598691,True,BB_SA34_halobenzene,BB_SA34_halobenzene = 6,medium
ames_combine,fg_BB_SA34_halobenzene_count,eq,8,6,0,6,0.0,0.0,0.4592581264399005,0.3052900401313389,0.0,0.1870646498158568,negative,0.280716734422771,False,BB_SA34_halobenzene,BB_SA34_halobenzene = 8,low
ames_combine,fg_BB_SA34_halobenzene_count,ge,1,1210,285,925,0.23553719008264462,0.21188096622435862,0.2604857889844166,0.3052900401313389,0.7715194048954696,2.125867180681059e-08,negative,1.0381318065659172e-07,True,BB_SA34_halobenzene,BB_SA34_halobenzene ≥ 1,high
ames_combine,fg_BB_SA34_halobenzene_count,ge,2,596,92,504,0.15436241610738255,0.12628917318986302,0.18591078414855242,0.3052900401313389,0.5056254571586228,5.448271073659844e-18,negative,4.20090374890088e-17,True,BB_SA34_halobenzene,BB_SA34_halobenzene ≥ 2,high
ames_combine,fg_BB_SA34_halobenzene_count,ge,3,208,22,186,0.10576923076923077,0.0674819076449871,0.1557502181282697,0.3052900401313389,0.3464549014560965,9.288557946061009e-12,negative,5.2590289433736725e-11,True,BB_SA34_halobenzene,BB_SA34_halobenzene ≥ 3,high
ames_combine,fg_BB_SA34_halobenzene_count,ge,4,111,9,102,0.08108108108108109,0.037746404003455365,0.1483416859623683,0.3052900401313389,0.2655870497648701,1.7520342334164527e-08,negative,8.627664376319675e-08,True,BB_SA34_halobenzene,BB_SA34_halobenzene ≥ 4,high
ames_combine,fg_BB_SA34_halobenzene_count,ge,5,52,2,50,0.038461538461538464,0.004692289009270858,0.13212840727680258,0.3052900401313389,0.12598360052948965,2.5428486631584554e-06,negative,1.0276615976626586e-05,True,BB_SA34_halobenzene,BB_SA34_halobenzene ≥ 5,high
ames_combine,fg_BB_SA34_halobenzene_count,ge,6,23,0,23,0.0,0.0,0.1481851289152244,0.3052900401313389,0.0,0.0003582825502568074,negative,0.0011167743321834527,True,BB_SA34_halobenzene,BB_SA34_halobenzene ≥ 6,high
ames_combine,fg_BB_SA34_halobenzene_count,ge,7,10,0,10,0.0,0.0,0.30849710781876083,0.3052900401313389,0.0,0.037869420279036115,negative,0.0754812254541332,False,BB_SA34_halobenzene,BB_SA34_halobenzene ≥ 7,medium
ames_combine,fg_BB_SA34_halobenzene_count,ge,8,10,0,10,0.0,0.0,0.30849710781876083,0.3052900401313389,0.0,0.037869420279036115,negative,0.0754812254541332,False,BB_SA34_halobenzene,BB_SA34_halobenzene ≥ 8,medium
ames_combine,fg_BB_SA34_halobenzene_count,ge,9,4,0,4,0.0,0.0,0.6023646356164747,0.3052900401313389,0.0,0.32060310967024686,negative,0.4129037883128186,False,BB_SA34_halobenzene,BB_SA34_halobenzene ≥ 9,low
ames_combine,fg_BB_SA34_halobenzene_count,ge,10,3,0,3,0.0,0.0,0.7075982261787134,0.3052900401313389,0.0,0.5579306585953901,negative,0.6257365855251649,False,BB_SA34_halobenzene,BB_SA34_halobenzene ≥ 10,low
ames_combine,fg_BB_SA34_halobenzene_count,ge,11,3,0,3,0.0,0.0,0.7075982261787134,0.3052900401313389,0.0,0.5579306585953901,negative,0.6257365855251649,False,BB_SA34_halobenzene,BB_SA34_halobenzene ≥ 11,low
ames_combine,fg_BB_SA34_halobenzene_count,ge,12,3,0,3,0.0,0.0,0.7075982261787134,0.3052900401313389,0.0,0.5579306585953901,negative,0.6257365855251649,False,BB_SA34_halobenzene,BB_SA34_halobenzene ≥ 12,low
ames_combine,fg_BB_SA34_halobenzene_count,ge,13,3,0,3,0.0,0.0,0.7075982261787134,0.3052900401313389,0.0,0.5579306585953901,negative,0.6257365855251649,False,BB_SA34_halobenzene,BB_SA34_halobenzene ≥ 13,low
ames_combine,fg_BB_SA34_halobenzene_count,ge,14,3,0,3,0.0,0.0,0.7075982261787134,0.3052900401313389,0.0,0.5579306585953901,negative,0.6257365855251649,False,BB_SA34_halobenzene,BB_SA34_halobenzene ≥ 14,low
ames_combine,fg_BB_SA34_halobenzene_count,ge,15,3,0,3,0.0,0.0,0.7075982261787134,0.3052900401313389,0.0,0.5579306585953901,negative,0.6257365855251649,False,BB_SA34_halobenzene,BB_SA34_halobenzene ≥ 15,low
ames_combine,fg_BB_SA35_halo_PAH_count,eq,1,22,14,8,0.6363636363636364,0.40657666882564664,0.8280205623536676,0.3052900401313389,2.084455936033374,0.0016811892487810284,positive,0.004636126587226742,True,BB_SA35_halo_PAH,BB_SA35_halo_PAH = 1,high
ames_combine,fg_BB_SA35_halo_PAH_count,eq,2,11,8,3,0.7272727272727273,0.39025744042757876,0.9397822658270933,0.3052900401313389,2.382235355466713,0.004826045346392431,positive,0.012269251943539977,True,BB_SA35_halo_PAH,BB_SA35_halo_PAH = 2,medium
ames_combine,fg_BB_SA35_halo_PAH_count,ge,1,34,22,12,0.6470588235294118,0.4648863708910421,0.8025413520876576,0.3052900401313389,2.1194888089078847,4.4243714378837054e-05,positive,0.00015571661637236344,True,BB_SA35_halo_PAH,BB_SA35_halo_PAH ≥ 1,high
ames_combine,fg_BB_SA35_halo_PAH_count,ge,2,12,8,4,0.6666666666666666,0.34887550641881554,0.9007539088504167,0.3052900401313389,2.1837157425111533,0.010611524672531727,positive,0.025381034522871805,True,BB_SA35_halo_PAH,BB_SA35_halo_PAH ≥ 2,medium
ames_combine,fg_BB_SA35b_halo_biphenyl_count,eq,1,17,8,9,0.47058823529411764,0.22983268726599038,0.7218816996688935,0.3052900401313389,1.5414464064784614,0.1847362173985883,positive,0.280716734422771,False,BB_SA35b_halo_biphenyl,BB_SA35b_halo_biphenyl = 1,medium
ames_combine,fg_BB_SA35b_halo_biphenyl_count,eq,2,4,1,3,0.25,0.006309463209709866,0.8058795503167566,0.3052900401313389,0.8188934034416826,1.0,negative,1.0,False,BB_SA35b_halo_biphenyl,BB_SA35b_halo_biphenyl = 2,low
ames_combine,fg_BB_SA35b_halo_biphenyl_count,ge,1,21,9,12,0.42857142857142855,0.2181968568851302,0.6597936907197255,0.3052900401313389,1.4038172630428845,0.23829192278358702,positive,0.34649892494089823,False,BB_SA35b_halo_biphenyl,BB_SA35b_halo_biphenyl ≥ 1,high
ames_combine,fg_BB_SA35b_halo_biphenyl_count,ge,2,4,1,3,0.25,0.006309463209709866,0.8058795503167566,0.3052900401313389,0.8188934034416826,1.0,negative,1.0,False,BB_SA35b_halo_biphenyl,BB_SA35b_halo_biphenyl ≥ 2,low
ames_combine,fg_BB_SA36_halo_dibenzodioxin_count,eq,2,3,2,1,0.6666666666666666,0.09429932405024609,0.9915962413403874,0.3052900401313389,2.1837157425111533,0.22268065374911197,positive,0.3282789008729047,False,BB_SA36_halo_dibenzodioxin,BB_SA36_halo_dibenzodioxin = 2,low
ames_combine,fg_BB_SA36_halo_dibenzodioxin_count,ge,1,7,3,4,0.42857142857142855,0.09898827844250786,0.815948432359917,0.3052900401313389,1.4038172630428845,0.4429905697632479,positive,0.5319517907402936,False,BB_SA36_halo_dibenzodioxin,BB_SA36_halo_dibenzodioxin ≥ 1,low
ames_combine,fg_BB_SA36_halo_dibenzodioxin_count,ge,2,7,3,4,0.42857142857142855,0.09898827844250786,0.815948432359917,0.3052900401313389,1.4038172630428845,0.4429905697632479,positive,0.5319517907402936,False,BB_SA36_halo_dibenzodioxin,BB_SA36_halo_dibenzodioxin ≥ 2,low
ames_combine,fg_BB_SA36_halo_dibenzodioxin_count,ge,3,4,1,3,0.25,0.006309463209709866,0.8058795503167566,0.3052900401313389,0.8188934034416826,1.0,negative,1.0,False,BB_SA36_halo_dibenzodioxin,BB_SA36_halo_dibenzodioxin ≥ 3,low
ames_combine,fg_BB_SA38_benzenesulfonate_ester_count,eq,1,21,10,11,0.47619047619047616,0.25713062640640744,0.7021931612163559,0.3052900401313389,1.5597969589365381,0.09906405649136074,positive,0.1732881704595146,False,BB_SA38_benzenesulfonate_ester,BB_SA38_benzenesulfonate_ester = 1,high
ames_combine,fg_BB_SA38_benzenesulfonate_ester_count,ge,1,22,10,12,0.45454545454545453,0.24386186592301654,0.6778952454468283,0.3052900401313389,1.4888970971666955,0.16244361152386086,positive,0.2552063173002211,False,BB_SA38_benzenesulfonate_ester,BB_SA38_benzenesulfonate_ester ≥ 1,high
ames_combine,fg_BB_SA39_thiocarbonyl_count,eq,1,52,8,44,0.15384615384615385,0.0688392343783091,0.2808110840632914,0.3052900401313389,0.5039344021179586,0.0156592249470973,negative,0.03509103563670753,True,BB_SA39_thiocarbonyl,BB_SA39_thiocarbonyl = 1,high
ames_combine,fg_BB_SA39_thiocarbonyl_count,eq,2,13,4,9,0.3076923076923077,0.0909203945720966,0.6142616617507044,0.3052900401313389,1.0078688042359172,1.0,positive,1.0,False,BB_SA39_thiocarbonyl,BB_SA39_thiocarbonyl = 2,medium
ames_combine,fg_BB_SA39_thiocarbonyl_count,ge,1,65,12,53,0.18461538461538463,0.09919966018484005,0.3002836173946941,0.3052900401313389,0.6047212825415502,0.041782937951569454,negative,0.08285888879735939,False,BB_SA39_thiocarbonyl,BB_SA39_thiocarbonyl ≥ 1,high
ames_combine,fg_BB_SA39_thiocarbonyl_count,ge,2,13,4,9,0.3076923076923077,0.0909203945720966,0.6142616617507044,0.3052900401313389,1.0078688042359172,1.0,positive,1.0,False,BB_SA39_thiocarbonyl,BB_SA39_thiocarbonyl ≥ 2,medium
ames_combine,fg_BB_SA40_alkyl_halides_nongx_count,eq,1,428,218,210,0.5093457943925234,0.4608931461120615,0.5576684049363454,0.3052900401313389,1.6683996443952038,3.9176496084779944e-19,positive,3.2108289098854613e-18,True,BB_SA40_alkyl_halides_nongx,BB_SA40_alkyl_halides_nongx = 1,high
ames_combine,fg_BB_SA40_alkyl_halides_nongx_count,eq,2,217,136,81,0.6267281105990783,0.5586887841569679,0.6912533728579036,0.3052900401313389,2.052894062084218,1.203093351756303e-22,positive,1.0763552734796848e-21,True,BB_SA40_alkyl_halides_nongx,BB_SA40_alkyl_halides_nongx = 2,high
ames_combine,fg_BB_SA40_alkyl_halides_nongx_count,eq,3,81,48,33,0.5925925925925926,0.47769786532015646,0.7005101132693943,0.3052900401313389,1.9410806600099142,8.671052466040711e-08,positive,4.0813146546986803e-07,True,BB_SA40_alkyl_halides_nongx,BB_SA40_alkyl_halides_nongx = 3,high
ames_combine,fg_BB_SA40_alkyl_halides_nongx_count,eq,4,30,8,22,0.26666666666666666,0.1227948098723548,0.45889365139475136,0.3052900401313389,0.8734862970044615,0.8428515130993823,negative,0.8988371004117162,False,BB_SA40_alkyl_halides_nongx,BB_SA40_alkyl_halides_nongx = 4,high
ames_combine,fg_BB_SA40_alkyl_halides_nongx_count,eq,5,7,1,6,0.14285714285714285,0.0036102968619005833,0.5787231970431952,0.3052900401313389,0.4679390876809615,0.6832127196899616,negative,0.7434775371185097,False,BB_SA40_alkyl_halides_nongx,BB_SA40_alkyl_halides_nongx = 5,low
ames_combine,fg_BB_SA40_alkyl_halides_nongx_count,eq,6,21,6,15,0.2857142857142857,0.11280940392194078,0.5217511182471137,0.3052900401313389,0.935878175361923,1.0,negative,1.0,False,BB_SA40_alkyl_halides_nongx,BB_SA40_alkyl_halides_nongx = 6,high
ames_combine,fg_BB_SA40_alkyl_halides_nongx_count,eq,8,6,3,3,0.5,0.11811724875702521,0.8818827512429748,0.3052900401313389,1.6377868068833652,0.3778765958154196,positive,0.46277050187635504,False,BB_SA40_alkyl_halides_nongx,BB_SA40_alkyl_halides_nongx = 8,low
ames_combine,fg_BB_SA40_alkyl_halides_nongx_count,ge,1,797,420,377,0.5269761606022585,0.4916412921187401,0.5621108063533091,0.3052900401313389,1.7261492067528568,4.502513845710406e-41,positive,5.330248714315754e-40,True,BB_SA40_alkyl_halides_nongx,BB_SA40_alkyl_halides_nongx ≥ 1,high
ames_combine,fg_BB_SA40_alkyl_halides_nongx_count,ge,2,369,202,167,0.5474254742547425,0.4950772050073321,0.5990068519233731,0.3052900401313389,1.7931324389725731,1.901356802754882e-22,positive,1.6881743733550924e-21,True,BB_SA40_alkyl_halides_nongx,BB_SA40_alkyl_halides_nongx ≥ 2,high
ames_combine,fg_BB_SA40_alkyl_halides_nongx_count,ge,3,152,66,86,0.4342105263157895,0.35411322493132263,0.5169233118716288,0.3052900401313389,1.4222885428197647,0.0007313199314268985,positive,0.0021753983747013327,True,BB_SA40_alkyl_halides_nongx,BB_SA40_alkyl_halides_nongx ≥ 3,high
ames_combine,fg_BB_SA40_alkyl_halides_nongx_count,ge,4,71,18,53,0.2535211267605634,0.1576964869930865,0.3707599250690048,0.3052900401313389,0.830427113349312,0.3689675451778708,negative,0.45471079174391643,False,BB_SA40_alkyl_halides_nongx,BB_SA40_alkyl_halides_nongx ≥ 4,high
ames_combine,fg_BB_SA40_alkyl_halides_nongx_count,ge,5,41,10,31,0.24390243902439024,0.12363248839584412,0.4030462366236505,0.3052900401313389,0.7989203936016416,0.49737362049415745,negative,0.5877586842887441,False,BB_SA40_alkyl_halides_nongx,BB_SA40_alkyl_halides_nongx ≥ 5,high
ames_combine,fg_BB_SA40_alkyl_halides_nongx_count,ge,6,34,9,25,0.2647058823529412,0.12881739158350813,0.4436153683051066,0.3052900401313389,0.8670636036441345,0.7111850132211613,negative,0.7724827020344774,False,BB_SA40_alkyl_halides_nongx,BB_SA40_alkyl_halides_nongx ≥ 6,high
ames_combine,fg_BB_SA40_alkyl_halides_nongx_count,ge,7,13,3,10,0.23076923076923078,0.05038107349115153,0.538131539234041,0.3052900401313389,0.7559016031769379,0.7657955109244962,negative,0.82416192727595,False,BB_SA40_alkyl_halides_nongx,BB_SA40_alkyl_halides_nongx ≥ 7,medium
ames_combine,fg_BB_SA40_alkyl_halides_nongx_count,ge,8,12,3,9,0.25,0.05486064452799272,0.5718584618781892,0.3052900401313389,0.8188934034416826,1.0,negative,1.0,False,BB_SA40_alkyl_halides_nongx,BB_SA40_alkyl_halides_nongx ≥ 8,medium
ames_combine,fg_BB_SA40_alkyl_halides_nongx_count,ge,9,6,0,6,0.0,0.0,0.4592581264399005,0.3052900401313389,0.0,0.1870646498158568,negative,0.280716734422771,False,BB_SA40_alkyl_halides_nongx,BB_SA40_alkyl_halides_nongx ≥ 9,low
ames_combine,fg_BB_SA40_alkyl_halides_nongx_count,ge,10,4,0,4,0.0,0.0,0.6023646356164747,0.3052900401313389,0.0,0.32060310967024686,negative,0.4129037883128186,False,BB_SA40_alkyl_halides_nongx,BB_SA40_alkyl_halides_nongx ≥ 10,low
ames_combine,fg_BB_SA41_trichloroethylene_count,eq,1,38,19,19,0.5,0.33378900611309653,0.6662109938869034,0.3052900401313389,1.6377868068833652,0.012733463619669837,positive,0.029551721509411974,True,BB_SA41_trichloroethylene,BB_SA41_trichloroethylene = 1,high
ames_combine,fg_BB_SA41_trichloroethylene_count,eq,2,13,8,5,0.6153846153846154,0.31577760291406304,0.8614206611098394,0.3052900401313389,2.0157376084718344,0.029019144374175517,positive,0.060732923583095906,False,BB_SA41_trichloroethylene,BB_SA41_trichloroethylene = 2,medium
ames_combine,fg_BB_SA41_trichloroethylene_count,eq,3,6,6,0,1.0,0.5407418735600995,1.0,0.3052900401313389,3.2755736137667304,0.0008075948581121266,positive,0.0023721833927504068,True,BB_SA41_trichloroethylene,BB_SA41_trichloroethylene = 3,low
ames_combine,fg_BB_SA41_trichloroethylene_count,eq,4,3,1,2,0.3333333333333333,0.008403758659612636,0.9057006759497539,0.3052900401313389,1.0918578712555767,1.0,positive,1.0,False,BB_SA41_trichloroethylene,BB_SA41_trichloroethylene = 4,low
ames_combine,fg_BB_SA41_trichloroethylene_count,ge,1,60,34,26,0.5666666666666667,0.4324096535546156,0.6941185731578272,0.3052900401313389,1.8561583811344806,2.953511959800318e-05,positive,0.00010683691410141891,True,BB_SA41_trichloroethylene,BB_SA41_trichloroethylene ≥ 1,high
ames_combine,fg_BB_SA41_trichloroethylene_count,ge,2,22,15,7,0.6818181818181818,0.4512755724262295,0.8613534784462021,0.3052900401313389,2.233345645750043,0.0003011905266455861,positive,0.0009438376931246709,True,BB_SA41_trichloroethylene,BB_SA41_trichloroethylene ≥ 2,high
ames_combine,fg_BB_SA41_trichloroethylene_count,ge,3,9,7,2,0.7777777777777778,0.39990642628368783,0.9718550265221018,0.3052900401313389,2.5476683662630126,0.004776406992443731,positive,0.012169454337269679,True,BB_SA41_trichloroethylene,BB_SA41_trichloroethylene ≥ 3,low
ames_combine,fg_BB_SA41_trichloroethylene_count,ge,4,3,1,2,0.3333333333333333,0.008403758659612636,0.9057006759497539,0.3052900401313389,1.0918578712555767,1.0,positive,1.0,False,BB_SA41_trichloroethylene,BB_SA41_trichloroethylene ≥ 4,low
ames_combine,fg_BB_SA41b_tetrachloroethylene_count,eq,1,15,13,2,0.8666666666666667,0.5953973033966279,0.9834240865599164,0.3052900401313389,2.8388304652645,1.0674588592091266e-05,positive,4.07511981430976e-05,True,BB_SA41b_tetrachloroethylene,BB_SA41b_tetrachloroethylene = 1,medium
ames_combine,fg_BB_SA41b_tetrachloroethylene_count,ge,1,17,13,4,0.7647058823529411,0.5010067267954198,0.9318922595626433,0.3052900401313389,2.5048504105275,0.00012493085247227803,positive,0.00041478458667849817,True,BB_SA41b_tetrachloroethylene,BB_SA41b_tetrachloroethylene ≥ 1,medium
ames_combine,fg_BB_SA42_o_phenylphenol_count,eq,1,57,33,24,0.5789473684210527,0.44083862657846046,0.7085659233267534,0.3052900401313389,1.896384723759686,1.894667483600622e-05,positive,6.982862549622419e-05,True,BB_SA42_o_phenylphenol,BB_SA42_o_phenylphenol = 1,high
ames_combine,fg_BB_SA42_o_phenylphenol_count,eq,2,18,0,18,0.0,0.0,0.18530196813785224,0.3052900401313389,0.0,0.003096628756416392,negative,0.008155615511280925,True,BB_SA42_o_phenylphenol,BB_SA42_o_phenylphenol = 2,medium
ames_combine,fg_BB_SA42_o_phenylphenol_count,ge,1,79,33,46,0.4177215189873418,0.3076706403966846,0.5341301021978022,0.3052900401313389,1.3682775854974951,0.03661068272032027,positive,0.07436346646137842,False,BB_SA42_o_phenylphenol,BB_SA42_o_phenylphenol ≥ 1,high
ames_combine,fg_BB_SA42_o_phenylphenol_count,ge,2,22,0,22,0.0,0.0,0.1543725128155746,0.3052900401313389,0.0,0.0006296309699708071,negative,0.0018872826005263065,True,BB_SA42_o_phenylphenol,BB_SA42_o_phenylphenol ≥ 2,high
ames_combine,fg_BB_SA42_o_phenylphenol_count,ge,3,4,0,4,0.0,0.0,0.6023646356164747,0.3052900401313389,0.0,0.32060310967024686,negative,0.4129037883128186,False,BB_SA42_o_phenylphenol,BB_SA42_o_phenylphenol ≥ 3,low
ames_combine,fg_BB_SA42_o_phenylphenol_count,ge,4,3,0,3,0.0,0.0,0.7075982261787134,0.3052900401313389,0.0,0.5579306585953901,negative,0.6257365855251649,False,BB_SA42_o_phenylphenol,BB_SA42_o_phenylphenol ≥ 4,low
ames_combine,fg_BB_SA44_phthalate_diester_count,eq,1,38,3,35,0.07894736842105263,0.016586475864529524,0.2137732911806182,0.3052900401313389,0.25859791687632083,0.0012557627560042292,negative,0.0035293859713116465,True,BB_SA44_phthalate_diester,BB_SA44_phthalate_diester = 1,high
ames_combine,fg_BB_SA44_phthalate_diester_count,ge,1,38,3,35,0.07894736842105263,0.016586475864529524,0.2137732911806182,0.3052900401313389,0.25859791687632083,0.0012557627560042292,negative,0.0035293859713116465,True,BB_SA44_phthalate_diester,BB_SA44_phthalate_diester ≥ 1,high
ames_combine,fg_BB_SA44b_phthalate_monoester_count,eq,1,6,0,6,0.0,0.0,0.4592581264399005,0.3052900401313389,0.0,0.1870646498158568,negative,0.280716734422771,False,BB_SA44b_phthalate_monoester,BB_SA44b_phthalate_monoester = 1,low
ames_combine,fg_BB_SA44b_phthalate_monoester_count,eq,2,38,3,35,0.07894736842105263,0.016586475864529524,0.2137732911806182,0.3052900401313389,0.25859791687632083,0.0012557627560042292,negative,0.0035293859713116465,True,BB_SA44b_phthalate_monoester,BB_SA44b_phthalate_monoester = 2,high
ames_combine,fg_BB_SA44b_phthalate_monoester_count,ge,1,44,3,41,0.06818181818181818,0.01428766842697539,0.18656201007202236,0.3052900401313389,0.22333456457500434,0.00022218970269835005,negative,0.0007134420042807294,True,BB_SA44b_phthalate_monoester,BB_SA44b_phthalate_monoester ≥ 1,high
ames_combine,fg_BB_SA44b_phthalate_monoester_count,ge,2,38,3,35,0.07894736842105263,0.016586475864529524,0.2137732911806182,0.3052900401313389,0.25859791687632083,0.0012557627560042292,negative,0.0035293859713116465,True,BB_SA44b_phthalate_monoester,BB_SA44b_phthalate_monoester ≥ 2,high
ames_combine,fg_BB_SA45_imidazole_count,eq,1,99,32,67,0.32323232323232326,0.23267828453070197,0.4246848469567663,0.3052900401313389,1.058771269096317,0.74255065148552,positive,0.802091579300488,False,BB_SA45_imidazole,BB_SA45_imidazole = 1,high
ames_combine,fg_BB_SA45_imidazole_count,eq,2,9,0,9,0.0,0.0,0.3362671168799429,0.3052900401313389,0.0,0.06519596525858803,negative,0.12245139628696342,False,BB_SA45_imidazole,BB_SA45_imidazole = 2,low
ames_combine,fg_BB_SA45_imidazole_count,ge,1,108,32,76,0.2962962962962963,0.2122847448227638,0.39182065666779664,0.3052900401313389,0.9705403300049571,0.916574060442655,negative,0.9712701616987266,False,BB_SA45_imidazole,BB_SA45_imidazole ≥ 1,high
ames_combine,fg_BB_SA45_imidazole_count,ge,2,9,0,9,0.0,0.0,0.3362671168799429,0.3052900401313389,0.0,0.06519596525858803,negative,0.12245139628696342,False,BB_SA45_imidazole,BB_SA45_imidazole ≥ 2,low
ames_combine,fg_BB_SA45b_benzimidazole_count,eq,1,59,17,42,0.288135593220339,0.17764821604981917,0.420769811304353,0.3052900401313389,0.9438093463395665,0.8875493248472919,negative,0.9422172180444076,False,BB_SA45b_benzimidazole,BB_SA45b_benzimidazole = 1,high
ames_combine,fg_BB_SA45b_benzimidazole_count,eq,2,8,0,8,0.0,0.0,0.3694166475528193,0.3052900401313389,0.0,0.1163313832644057,negative,0.19041952679592666,False,BB_SA45b_benzimidazole,BB_SA45b_benzimidazole = 2,low
ames_combine,fg_BB_SA45b_benzimidazole_count,ge,1,67,17,50,0.2537313432835821,0.15528488716525968,0.3748726676164283,0.3052900401313389,0.8311156930452899,0.4254131608200863,negative,0.5145348033861106,False,BB_SA45b_benzimidazole,BB_SA45b_benzimidazole ≥ 1,high
ames_combine,fg_BB_SA45b_benzimidazole_count,ge,2,8,0,8,0.0,0.0,0.3694166475528193,0.3052900401313389,0.0,0.1163313832644057,negative,0.19041952679592666,False,BB_SA45b_benzimidazole,BB_SA45b_benzimidazole ≥ 2,low
ames_combine,fg_BB_SA47_n_alkylcarboxylic_acid_count,eq,1,345,27,318,0.0782608695652174,0.05220593167227305,0.11182408063508563,0.3052900401313389,0.25634923933826587,3.920654150439875e-25,negative,3.7056505357383334e-24,True,BB_SA47_n_alkylcarboxylic_acid,BB_SA47_n_alkylcarboxylic_acid = 1,high
ames_combine,fg_BB_SA47_n_alkylcarboxylic_acid_count,eq,2,222,29,193,0.13063063063063063,0.08926068691297831,0.18219221420406362,0.3052900401313389,0.4278902468434017,1.512012673585975e-09,negative,7.772275672994573e-09,True,BB_SA47_n_alkylcarboxylic_acid,BB_SA47_n_alkylcarboxylic_acid = 2,high
ames_combine,fg_BB_SA47_n_alkylcarboxylic_acid_count,eq,3,31,6,25,0.1935483870967742,0.07451989731112885,0.3747321661065841,0.3052900401313389,0.6339819897613026,0.24068565436585002,negative,0.349113350144525,False,BB_SA47_n_alkylcarboxylic_acid,BB_SA47_n_alkylcarboxylic_acid = 3,high
ames_combine,fg_BB_SA47_n_alkylcarboxylic_acid_count,eq,4,49,4,45,0.08163265306122448,0.02269088064307327,0.19601418347889002,0.3052900401313389,0.2673937643891208,0.00026604442574412816,negative,0.0008381829757315005,True,BB_SA47_n_alkylcarboxylic_acid,BB_SA47_n_alkylcarboxylic_acid = 4,high
ames_combine,fg_BB_SA47_n_alkylcarboxylic_acid_count,eq,5,15,2,13,0.13333333333333333,0.016575913440083623,0.4046026966033721,0.3052900401313389,0.4367431485022307,0.17293922383458252,negative,0.27003662847840015,False,BB_SA47_n_alkylcarboxylic_acid,BB_SA47_n_alkylcarboxylic_acid = 5,medium
ames_combine,fg_BB_SA47_n_alkylcarboxylic_acid_count,eq,6,4,0,4,0.0,0.0,0.6023646356164747,0.3052900401313389,0.0,0.32060310967024686,negative,0.4129037883128186,False,BB_SA47_n_alkylcarboxylic_acid,BB_SA47_n_alkylcarboxylic_acid = 6,low
ames_combine,fg_BB_SA47_n_alkylcarboxylic_acid_count,eq,8,7,0,7,0.0,0.0,0.4096163972250034,0.3052900401313389,0.0,0.10906966426401304,negative,0.18472492271303942,False,BB_SA47_n_alkylcarboxylic_acid,BB_SA47_n_alkylcarboxylic_acid = 8,low
ames_combine,fg_BB_SA47_n_alkylcarboxylic_acid_count,ge,1,675,69,606,0.10222222222222223,0.0804080523966329,0.12758379685368737,0.3052900401313389,0.33483641385171026,9.59095607352381e-38,negative,1.0913204386572723e-36,True,BB_SA47_n_alkylcarboxylic_acid,BB_SA47_n_alkylcarboxylic_acid ≥ 1,high
ames_combine,fg_BB_SA47_n_alkylcarboxylic_acid_count,ge,2,330,42,288,0.12727272727272726,0.0932882773911947,0.16812070873662832,0.3052900401313389,0.41689118720667473,2.4974127156840598e-14,negative,1.6443638779672571e-13,True,BB_SA47_n_alkylcarboxylic_acid,BB_SA47_n_alkylcarboxylic_acid ≥ 2,high
ames_combine,fg_BB_SA47_n_alkylcarboxylic_acid_count,ge,3,108,13,95,0.12037037037037036,0.06567472931913818,0.1970387337017768,0.3052900401313389,0.3942820090645138,7.990877668905119e-06,negative,3.1010955721711253e-05,True,BB_SA47_n_alkylcarboxylic_acid,BB_SA47_n_alkylcarboxylic_acid ≥ 3,high
ames_combine,fg_BB_SA47_n_alkylcarboxylic_acid_count,ge,4,77,7,70,0.09090909090909091,0.037335894699944264,0.17837855664248325,0.3052900401313389,0.29777941943333913,9.419108640214264e-06,negative,3.631314252082605e-05,True,BB_SA47_n_alkylcarboxylic_acid,BB_SA47_n_alkylcarboxylic_acid ≥ 4,high
ames_combine,fg_BB_SA47_n_alkylcarboxylic_acid_count,ge,5,28,3,25,0.10714285714285714,0.022665090639058937,0.2822643957153244,0.3052900401313389,0.3509543157607211,0.022649895250724854,negative,0.04930413422868376,True,BB_SA47_n_alkylcarboxylic_acid,BB_SA47_n_alkylcarboxylic_acid ≥ 5,high
ames_combine,fg_BB_SA47_n_alkylcarboxylic_acid_count,ge,6,13,1,12,0.07692307692307693,0.0019456284973467482,0.3602974352678775,0.3052900401313389,0.2519672010589793,0.12674593484400218,negative,0.2046091399961027,False,BB_SA47_n_alkylcarboxylic_acid,BB_SA47_n_alkylcarboxylic_acid ≥ 6,medium
ames_combine,fg_BB_SA47_n_alkylcarboxylic_acid_count,ge,7,9,1,8,0.1111111111111111,0.002809136746599214,0.4824965149173371,0.3052900401313389,0.36395262375185894,0.2920162430195451,negative,0.4129037883128186,False,BB_SA47_n_alkylcarboxylic_acid,BB_SA47_n_alkylcarboxylic_acid ≥ 7,low
ames_combine,fg_BB_SA47_n_alkylcarboxylic_acid_count,ge,8,8,1,7,0.125,0.0031597235312519063,0.5265096708752066,0.3052900401313389,0.4094467017208413,0.4486633988471806,negative,0.5365647994376487,False,BB_SA47_n_alkylcarboxylic_acid,BB_SA47_n_alkylcarboxylic_acid ≥ 8,low
ames_combine,fg_BB_SA48_phenoxyacetic_acid_count,eq,1,51,2,49,0.0392156862745098,0.004784992694707293,0.1345864911296642,0.3052900401313389,0.12845386720653845,4.200943956758114e-06,negative,1.6746620126940506e-05,True,BB_SA48_phenoxyacetic_acid,BB_SA48_phenoxyacetic_acid = 1,high
ames_combine,fg_BB_SA48_phenoxyacetic_acid_count,ge,1,52,2,50,0.038461538461538464,0.004692289009270858,0.13212840727680258,0.3052900401313389,0.12598360052948965,2.5428486631584554e-06,negative,1.0276615976626586e-05,True,BB_SA48_phenoxyacetic_acid,BB_SA48_phenoxyacetic_acid ≥ 1,high
ames_combine,fg_BB_SA52_dicarboximide_count,eq,1,27,7,20,0.25925925925925924,0.1111445628454424,0.4628487422761715,0.3052900401313389,0.8492227887543374,0.6809979622271001,negative,0.7434775371185097,False,BB_SA52_dicarboximide,BB_SA52_dicarboximide = 1,high
ames_combine,fg_BB_SA52_dicarboximide_count,ge,1,28,7,21,0.25,0.10690799182922664,0.4487154515286084,0.3052900401313389,0.8188934034416826,0.6818736106127317,negative,0.7434775371185097,False,BB_SA52_dicarboximide,BB_SA52_dicarboximide ≥ 1,high
ames_combine,fg_BB_SA52b_dicarboximide_ring_count,eq,1,7,4,3,0.5714285714285714,0.184051567640083,0.9010117215574921,0.3052900401313389,1.871756350723846,0.2109839139094106,positive,0.3122135695730167,False,BB_SA52b_dicarboximide_ring,BB_SA52b_dicarboximide_ring = 1,low
ames_combine,fg_BB_SA52b_dicarboximide_ring_count,eq,2,6,0,6,0.0,0.0,0.4592581264399005,0.3052900401313389,0.0,0.1870646498158568,negative,0.280716734422771,False,BB_SA52b_dicarboximide_ring,BB_SA52b_dicarboximide_ring = 2,low
ames_combine,fg_BB_SA52b_dicarboximide_ring_count,ge,1,13,4,9,0.3076923076923077,0.0909203945720966,0.6142616617507044,0.3052900401313389,1.0078688042359172,1.0,positive,1.0,False,BB_SA52b_dicarboximide_ring,BB_SA52b_dicarboximide_ring ≥ 1,medium
ames_combine,fg_BB_SA52b_dicarboximide_ring_count,ge,2,6,0,6,0.0,0.0,0.4592581264399005,0.3052900401313389,0.0,0.1870646498158568,negative,0.280716734422771,False,BB_SA52b_dicarboximide_ring,BB_SA52b_dicarboximide_ring ≥ 2,low
ames_combine,fg_BB_SA54_dimethylpyridine_count,eq,1,10,2,8,0.2,0.02521072632683336,0.5560954623076415,0.3052900401313389,0.6551147227533461,0.7332523658640892,negative,0.7935104088575369,False,BB_SA54_dimethylpyridine,BB_SA54_dimethylpyridine = 1,medium
ames_combine,fg_BB_SA54_dimethylpyridine_count,ge,1,11,2,9,0.18181818181818182,0.02283119829995966,0.5177558523601726,0.3052900401313389,0.5955588388666783,0.5212469168861906,negative,0.6139712428046386,False,BB_SA54_dimethylpyridine,BB_SA54_dimethylpyridine ≥ 1,medium
invitro_pre,fg_amine_primary_count,eq,1,28,0,28,0.0,0.0,0.12343611850026384,0.11126279863481228,0.0,0.06462615606147543,negative,0.5185479664932671,False,amine_primary,amine_primary = 1,high
invitro_pre,fg_amine_primary_count,eq,2,10,1,9,0.1,0.0025285785444617848,0.4450161170281953,0.11126279863481228,0.8987730061349695,1.0,negative,1.0,False,amine_primary,amine_primary = 2,medium
invitro_pre,fg_amine_primary_count,ge,1,39,1,38,0.02564102564102564,0.0006489638954819452,0.13476392155949796,0.11126279863481228,0.23045461695768443,0.11645720083130057,negative,0.7404920128329867,False,amine_primary,amine_primary ≥ 1,high
invitro_pre,fg_amine_primary_count,ge,2,11,1,10,0.09090909090909091,0.002298972213814267,0.4127799169883827,0.11126279863481228,0.8170663692136085,1.0,negative,1.0,False,amine_primary,amine_primary ≥ 2,medium
invitro_pre,fg_amine_secondary_count,eq,1,21,1,20,0.047619047619047616,0.0012048834483635127,0.23815990993682107,0.11126279863481228,0.4279871457785568,0.5010803748276375,negative,1.0,False,amine_secondary,amine_secondary = 1,high
invitro_pre,fg_amine_secondary_count,eq,2,8,0,8,0.0,0.0,0.3694166475528193,0.11126279863481228,0.0,0.609022506668759,negative,1.0,False,amine_secondary,amine_secondary = 2,low
invitro_pre,fg_amine_secondary_count,ge,1,29,1,28,0.034482758620689655,0.000872646883579922,0.17764429548872293,0.11126279863481228,0.3099217262534377,0.2426670326555147,negative,0.9678146172009369,False,amine_secondary,amine_secondary ≥ 1,high
invitro_pre,fg_amine_secondary_count,ge,2,8,0,8,0.0,0.0,0.3694166475528193,0.11126279863481228,0.0,0.609022506668759,negative,1.0,False,amine_secondary,amine_secondary ≥ 2,low
invitro_pre,fg_amine_tertiary_count,eq,1,44,1,43,0.022727272727272728,0.0005752392133630829,0.12024158220634737,0.11126279863481228,0.20426659230340213,0.0821398328420275,negative,0.6012214852300449,False,amine_tertiary,amine_tertiary = 1,high
invitro_pre,fg_amine_tertiary_count,eq,2,13,2,11,0.15384615384615385,0.019206671982528477,0.45447105567655777,0.11126279863481228,1.3827277017461068,0.6478866364701137,positive,1.0,False,amine_tertiary,amine_tertiary = 2,medium
invitro_pre,fg_amine_tertiary_count,eq,3,4,2,2,0.5,0.06758598648854294,0.932414013511457,0.11126279863481228,4.493865030674847,0.06347688207217812,positive,0.5185479664932671,False,amine_tertiary,amine_tertiary = 3,low
invitro_pre,fg_amine_tertiary_count,ge,1,64,5,59,0.078125,0.02585384016796813,0.17297832900420762,0.11126279863481228,0.7021664110429449,0.5407979474361181,negative,1.0,False,amine_tertiary,amine_tertiary ≥ 1,high
invitro_pre,fg_amine_tertiary_count,ge,2,20,4,16,0.2,0.05733399705003277,0.4366140029966683,0.11126279863481228,1.797546012269939,0.26776324369198473,positive,0.9861881215759438,False,amine_tertiary,amine_tertiary ≥ 2,high
invitro_pre,fg_amine_tertiary_count,ge,3,7,2,5,0.2857142857142857,0.03669256617608555,0.7095791362626573,0.11126279863481228,2.567922874671341,0.1779803142988773,positive,0.8388722506114916,False,amine_tertiary,amine_tertiary ≥ 3,low
invitro_pre,fg_amine_tertiary_count,ge,4,3,0,3,0.0,0.0,0.7075982261787134,0.11126279863481228,0.0,1.0,negative,1.0,False,amine_tertiary,amine_tertiary ≥ 4,low
invitro_pre,fg_ammonium_quaternary_count,eq,1,24,1,23,0.041666666666666664,0.0010543524454697472,0.21120168345697313,0.11126279863481228,0.3744887525562372,0.5074947073127087,negative,1.0,False,ammonium_quaternary,ammonium_quaternary = 1,high
invitro_pre,fg_ammonium_quaternary_count,ge,1,25,1,24,0.04,0.0010121996993108446,0.20351691392241403,0.11126279863481228,0.35950920245398776,0.3500017072269977,negative,1.0,False,ammonium_quaternary,ammonium_quaternary ≥ 1,high
invitro_pre,fg_amide_count,eq,1,112,12,100,0.10714285714285714,0.05660159929968908,0.17967875512869363,0.11126279863481228,0.9629710780017529,1.0,negative,1.0,False,amide,amide = 1,high
invitro_pre,fg_amide_count,eq,2,43,3,40,0.06976744186046512,0.01462549699513223,0.19060723188579232,0.11126279863481228,0.6270509345127693,0.6194523836420154,negative,1.0,False,amide,amide = 2,high
invitro_pre,fg_amide_count,eq,4,12,1,11,0.08333333333333333,0.0021075932318602264,0.38479616515094406,0.11126279863481228,0.7489775051124744,1.0,negative,1.0,False,amide,amide = 4,medium
invitro_pre,fg_amide_count,ge,1,167,16,151,0.09580838323353294,0.05575979978774974,0.15092264572229447,0.11126279863481228,0.861099886117336,0.6009602043581181,negative,1.0,False,amide,amide ≥ 1,high
invitro_pre,fg_amide_count,ge,2,55,4,51,0.07272727272727272,0.020170533353229988,0.1758675352839683,0.11126279863481228,0.6536530953708868,0.5103819621270985,negative,1.0,False,amide,amide ≥ 2,high
invitro_pre,fg_amide_count,ge,3,12,1,11,0.08333333333333333,0.0021075932318602264,0.38479616515094406,0.11126279863481228,0.7489775051124744,1.0,negative,1.0,False,amide,amide ≥ 3,medium
invitro_pre,fg_amide_count,ge,4,12,1,11,0.08333333333333333,0.0021075932318602264,0.38479616515094406,0.11126279863481228,0.7489775051124744,1.0,negative,1.0,False,amide,amide ≥ 4,medium
invitro_pre,fg_urea_count,eq,1,24,3,21,0.125,0.02655931498624894,0.32361135818883296,0.11126279863481228,1.1234662576687118,0.7437105159380828,positive,1.0,False,urea,urea = 1,high
invitro_pre,fg_urea_count,eq,2,9,0,9,0.0,0.0,0.3362671168799429,0.11126279863481228,0.0,0.6090560496932382,negative,1.0,False,urea,urea = 2,low
invitro_pre,fg_urea_count,ge,1,33,3,30,0.09090909090909091,0.01915494298740492,0.24331635075915506,0.11126279863481228,0.8170663692136085,1.0,negative,1.0,False,urea,urea ≥ 1,high
invitro_pre,fg_urea_count,ge,2,9,0,9,0.0,0.0,0.3362671168799429,0.11126279863481228,0.0,0.6090560496932382,negative,1.0,False,urea,urea ≥ 2,low
invitro_pre,fg_carbamate_count,eq,1,14,2,12,0.14285714285714285,0.017794515483191515,0.42812916090969894,0.11126279863481228,1.2839614373356705,0.6631083203353598,positive,1.0,False,carbamate,carbamate = 1,medium
invitro_pre,fg_carbamate_count,eq,2,6,0,6,0.0,0.0,0.4592581264399005,0.11126279863481228,0.0,1.0,negative,1.0,False,carbamate,carbamate = 2,low
invitro_pre,fg_carbamate_count,ge,1,20,2,18,0.1,0.012348527170294808,0.3169827140190823,0.11126279863481228,0.8987730061349695,1.0,negative,1.0,False,carbamate,carbamate ≥ 1,high
invitro_pre,fg_carbamate_count,ge,2,6,0,6,0.0,0.0,0.4592581264399005,0.11126279863481228,0.0,1.0,negative,1.0,False,carbamate,carbamate ≥ 2,low
invitro_pre,fg_aniline_count,eq,1,99,24,75,0.24242424242424243,0.1619159031397214,0.3389029392383743,0.11126279863481228,2.1788436512362894,0.00010129092587348907,positive,0.013654016807746326,True,aniline,aniline = 1,high
invitro_pre,fg_aniline_count,eq,2,81,14,67,0.1728395061728395,0.09784183851599947,0.27295874372233153,0.11126279863481228,1.5534348254184656,0.09840070697483336,positive,0.6733851152318233,False,aniline,aniline = 2,high
invitro_pre,fg_aniline_count,eq,3,15,2,13,0.13333333333333333,0.016575913440083623,0.4046026966033721,0.11126279863481228,1.1983640081799591,0.679344263743437,positive,1.0,False,aniline,aniline = 3,medium
invitro_pre,fg_aniline_count,eq,4,15,1,14,0.06666666666666667,0.0016864302413527013,0.3194845665783034,0.11126279863481228,0.5991820040899796,1.0,negative,1.0,False,aniline,aniline = 4,medium
invitro_pre,fg_aniline_count,eq,5,5,1,4,0.2,0.0050507633794680575,0.7164179361180896,0.11126279863481228,1.797546012269939,0.4460190119304421,positive,1.0,False,aniline,aniline = 5,low
invitro_pre,fg_aniline_count,eq,8,4,0,4,0.0,0.0,0.6023646356164747,0.11126279863481228,0.0,1.0,negative,1.0,False,aniline,aniline = 8,low
invitro_pre,fg_aniline_count,eq,10,9,0,9,0.0,0.0,0.3362671168799429,0.11126279863481228,0.0,0.6090560496932382,negative,1.0,False,aniline,aniline = 10,low
invitro_pre,fg_aniline_count,ge,1,230,42,188,0.1826086956521739,0.13489179940704019,0.2387091323144801,0.11126279863481228,1.6412376633769006,0.0003719953352210636,positive,0.031340606992374606,True,aniline,aniline ≥ 1,high
invitro_pre,fg_aniline_count,ge,2,131,18,113,0.13740458015267176,0.08351310643175772,0.20844029271164652,0.11126279863481228,1.2349552756053015,0.30923029300033145,positive,1.0,False,aniline,aniline ≥ 2,high
invitro_pre,fg_aniline_count,ge,3,50,4,46,0.08,0.02222796365492976,0.1923427835959628,0.11126279863481228,0.7190184049079755,0.6474348416552791,negative,1.0,False,aniline,aniline ≥ 3,high
invitro_pre,fg_aniline_count,ge,4,35,2,33,0.05714285714285714,0.006996763628309519,0.19157140634523917,0.11126279863481228,0.5135845749342682,0.4193837374687732,negative,1.0,False,aniline,aniline ≥ 4,high
invitro_pre,fg_aniline_count,ge,5,20,1,19,0.05,0.0012650894979498038,0.24873276277202783,0.11126279863481228,0.44938650306748473,0.7168522581163113,negative,1.0,False,aniline,aniline ≥ 5,high
invitro_pre,fg_aniline_count,ge,6,15,0,15,0.0,0.0,0.21801936091053403,0.11126279863481228,0.0,0.3972468200545758,negative,1.0,False,aniline,aniline ≥ 6,medium
invitro_pre,fg_aniline_count,ge,7,14,0,14,0.0,0.0,0.2316357616501165,0.11126279863481228,0.0,0.3881106934463162,negative,1.0,False,aniline,aniline ≥ 7,medium
invitro_pre,fg_aniline_count,ge,8,14,0,14,0.0,0.0,0.2316357616501165,0.11126279863481228,0.0,0.3881106934463162,negative,1.0,False,aniline,aniline ≥ 8,medium
invitro_pre,fg_aniline_count,ge,9,10,0,10,0.0,0.0,0.30849710781876083,0.11126279863481228,0.0,0.613948815860081,negative,1.0,False,aniline,aniline ≥ 9,medium
invitro_pre,fg_aniline_count,ge,10,10,0,10,0.0,0.0,0.30849710781876083,0.11126279863481228,0.0,0.613948815860081,negative,1.0,False,aniline,aniline ≥ 10,medium
invitro_pre,fg_nitrile_count,eq,1,31,2,29,0.06451612903225806,0.007910983461854705,0.21421615716340228,0.11126279863481228,0.5798535523451415,0.5684546193608147,negative,1.0,False,nitrile,nitrile = 1,high
invitro_pre,fg_nitrile_count,eq,2,13,1,12,0.07692307692307693,0.0019456284973467482,0.3602974352678775,0.11126279863481228,0.6913638508730534,1.0,negative,1.0,False,nitrile,nitrile = 2,medium
invitro_pre,fg_nitrile_count,ge,1,48,3,45,0.0625,0.013079244409552646,0.17195993079057045,0.11126279863481228,0.5617331288343559,0.3550464783548581,negative,1.0,False,nitrile,nitrile ≥ 1,high
invitro_pre,fg_nitrile_count,ge,2,17,1,16,0.058823529411764705,0.0014881743912666346,0.28688939666722063,0.11126279863481228,0.5286900036088055,0.7112771522368493,negative,1.0,False,nitrile,nitrile ≥ 2,medium
invitro_pre,fg_nitrile_count,ge,3,4,0,4,0.0,0.0,0.6023646356164747,0.11126279863481228,0.0,1.0,negative,1.0,False,nitrile,nitrile ≥ 3,low
invitro_pre,fg_azo_count,eq,1,59,9,50,0.15254237288135594,0.07220242793998195,0.26991959181236463,0.11126279863481228,1.3710096703753771,0.2910603443835775,positive,1.0,False,azo,azo = 1,high
invitro_pre,fg_azo_count,eq,2,28,4,24,0.14285714285714285,0.04033563079709133,0.3266526693157953,0.11126279863481228,1.2839614373356705,0.542944069465165,positive,1.0,False,azo,azo = 2,high
invitro_pre,fg_azo_count,eq,3,6,0,6,0.0,0.0,0.4592581264399005,0.11126279863481228,0.0,1.0,negative,1.0,False,azo,azo = 3,low
invitro_pre,fg_azo_count,ge,1,93,13,80,0.13978494623655913,0.07658167908770448,0.227168770159847,0.11126279863481228,1.2563493634144731,0.3922593645113296,positive,1.0,False,azo,azo ≥ 1,high
invitro_pre,fg_azo_count,ge,2,34,4,30,0.11764705882352941,0.03300168033646956,0.2745034871423555,0.11126279863481228,1.057380007217611,0.7855926785707837,positive,1.0,False,azo,azo ≥ 2,high
invitro_pre,fg_azo_count,ge,3,6,0,6,0.0,0.0,0.4592581264399005,0.11126279863481228,0.0,1.0,negative,1.0,False,azo,azo ≥ 3,low
invitro_pre,fg_hydrazine_like_count,eq,1,17,1,16,0.058823529411764705,0.0014881743912666346,0.28688939666722063,0.11126279863481228,0.5286900036088055,0.7112771522368493,negative,1.0,False,hydrazine_like,hydrazine_like = 1,medium
invitro_pre,fg_hydrazine_like_count,eq,2,6,0,6,0.0,0.0,0.4592581264399005,0.11126279863481228,0.0,1.0,negative,1.0,False,hydrazine_like,hydrazine_like = 2,low
invitro_pre,fg_hydrazine_like_count,ge,1,23,1,22,0.043478260869565216,0.0011001686304414997,0.21948660745348042,0.11126279863481228,0.3907708722325954,0.5030563661840527,negative,1.0,False,hydrazine_like,hydrazine_like ≥ 1,high
invitro_pre,fg_hydrazine_like_count,ge,2,6,0,6,0.0,0.0,0.4592581264399005,0.11126279863481228,0.0,1.0,negative,1.0,False,hydrazine_like,hydrazine_like ≥ 2,low
invitro_pre,fg_imine_count,eq,1,41,5,36,0.12195121951219512,0.040806726247427184,0.2620446755483098,0.11126279863481228,1.0960646416280113,0.8002463074042467,positive,1.0,False,imine,imine = 1,high
invitro_pre,fg_imine_count,eq,2,15,1,14,0.06666666666666667,0.0016864302413527013,0.3194845665783034,0.11126279863481228,0.5991820040899796,1.0,negative,1.0,False,imine,imine = 2,medium
invitro_pre,fg_imine_count,eq,3,5,1,4,0.2,0.0050507633794680575,0.7164179361180896,0.11126279863481228,1.797546012269939,0.4460190119304421,positive,1.0,False,imine,imine = 3,low
invitro_pre,fg_imine_count,ge,1,62,8,54,0.12903225806451613,0.05739000560702188,0.23850813638179072,0.11126279863481228,1.159707104690283,0.6780944460994063,positive,1.0,False,imine,imine ≥ 1,high
invitro_pre,fg_imine_count,ge,2,21,3,18,0.14285714285714285,0.03048896762151555,0.363423987016981,0.11126279863481228,1.2839614373356705,0.7219160184974764,positive,1.0,False,imine,imine ≥ 2,high
invitro_pre,fg_imine_count,ge,3,6,2,4,0.3333333333333333,0.043271868292741676,0.7772219044964879,0.11126279863481228,2.9959100204498976,0.13677620009709313,positive,0.80865928829334,False,imine,imine ≥ 3,low
invitro_pre,fg_guanidine_like_count,eq,1,15,3,12,0.2,0.0433120051058366,0.48089113380685305,0.11126279863481228,1.797546012269939,0.22832878803066856,positive,0.9678146172009369,False,guanidine_like,guanidine_like = 1,medium
invitro_pre,fg_guanidine_like_count,ge,1,15,3,12,0.2,0.0433120051058366,0.48089113380685305,0.11126279863481228,1.797546012269939,0.22832878803066856,positive,0.9678146172009369,False,guanidine_like,guanidine_like ≥ 1,medium
invitro_pre,fg_alcohol_count,eq,1,132,12,120,0.09090909090909091,0.04786018335604308,0.15341553275834183,0.11126279863481228,0.8170663692136085,0.5609065210872078,negative,1.0,False,alcohol,alcohol = 1,high
invitro_pre,fg_alcohol_count,eq,2,56,2,54,0.03571428571428571,0.004354812741052646,0.12313180745799582,0.11126279863481228,0.3209903593339176,0.0801228375278635,negative,0.5934372801514286,False,alcohol,alcohol = 2,high
invitro_pre,fg_alcohol_count,eq,3,14,1,13,0.07142857142857142,0.0018067806591253865,0.3386844899318212,0.11126279863481228,0.6419807186678352,1.0,negative,1.0,False,alcohol,alcohol = 3,medium
invitro_pre,fg_alcohol_count,eq,4,12,0,12,0.0,0.0,0.2646484693970512,0.11126279863481228,0.0,0.38191102691425927,negative,1.0,False,alcohol,alcohol = 4,medium
invitro_pre,fg_alcohol_count,eq,6,3,0,3,0.0,0.0,0.7075982261787134,0.11126279863481228,0.0,1.0,negative,1.0,False,alcohol,alcohol = 6,low
invitro_pre,fg_alcohol_count,ge,1,223,16,207,0.07174887892376682,0.041564404997809744,0.11390214887270161,0.11126279863481228,0.6448595559712784,0.04847793761211756,negative,0.4538073604245449,False,alcohol,alcohol ≥ 1,high
invitro_pre,fg_alcohol_count,ge,2,91,4,87,0.04395604395604396,0.01210456730998697,0.10873490941679795,0.11126279863481228,0.3950650576417448,0.037108217719868226,negative,0.42391421598629125,False,alcohol,alcohol ≥ 2,high
invitro_pre,fg_alcohol_count,ge,3,35,2,33,0.05714285714285714,0.006996763628309519,0.19157140634523917,0.11126279863481228,0.5135845749342682,0.4193837374687732,negative,1.0,False,alcohol,alcohol ≥ 3,high
invitro_pre,fg_alcohol_count,ge,4,21,1,20,0.047619047619047616,0.0012048834483635127,0.23815990993682107,0.11126279863481228,0.4279871457785568,0.5010803748276375,negative,1.0,False,alcohol,alcohol ≥ 4,high
invitro_pre,fg_alcohol_count,ge,5,9,1,8,0.1111111111111111,0.002809136746599214,0.4824965149173371,0.11126279863481228,0.9986366734832992,1.0,negative,1.0,False,alcohol,alcohol ≥ 5,low
invitro_pre,fg_alcohol_count,ge,6,7,1,6,0.14285714285714285,0.0036102968619005833,0.5787231970431952,0.11126279863481228,1.2839614373356705,0.5628487842968176,positive,1.0,False,alcohol,alcohol ≥ 6,low
invitro_pre,fg_alcohol_count,ge,7,4,1,3,0.25,0.006309463209709866,0.8058795503167566,0.11126279863481228,2.2469325153374236,0.37645129154882595,positive,1.0,False,alcohol,alcohol ≥ 7,low
invitro_pre,fg_alcohol_count,ge,8,4,1,3,0.25,0.006309463209709866,0.8058795503167566,0.11126279863481228,2.2469325153374236,0.37645129154882595,positive,1.0,False,alcohol,alcohol ≥ 8,low
invitro_pre,fg_phenol_count,eq,1,86,17,69,0.19767441860465115,0.11957773585790286,0.2975214453296097,0.11126279863481228,1.7766443144528463,0.012962749527900282,positive,0.22991824162644184,False,phenol,phenol = 1,high
invitro_pre,fg_phenol_count,eq,2,39,6,33,0.15384615384615385,0.05862426286078934,0.3052799244367127,0.11126279863481228,1.3827277017461068,0.4332208085483741,positive,1.0,False,phenol,phenol = 2,high
invitro_pre,fg_phenol_count,eq,3,7,0,7,0.0,0.0,0.4096163972250034,0.11126279863481228,0.0,1.0,negative,1.0,False,phenol,phenol = 3,low
invitro_pre,fg_phenol_count,ge,1,135,23,112,0.17037037037037037,0.11117284311260793,0.24459047943139323,0.11126279863481228,1.531242899341059,0.030093322188913054,positive,0.4047052186935262,False,phenol,phenol ≥ 1,high
invitro_pre,fg_phenol_count,ge,2,49,6,43,0.12244897959183673,0.04628903108189575,0.24769296835968285,0.11126279863481228,1.1005383748591462,0.8160830790853406,positive,1.0,False,phenol,phenol ≥ 2,high
invitro_pre,fg_phenol_count,ge,3,10,0,10,0.0,0.0,0.30849710781876083,0.11126279863481228,0.0,0.613948815860081,negative,1.0,False,phenol,phenol ≥ 3,medium
invitro_pre,fg_phenol_count,ge,4,3,0,3,0.0,0.0,0.7075982261787134,0.11126279863481228,0.0,1.0,negative,1.0,False,phenol,phenol ≥ 4,low
invitro_pre,fg_ether_count,eq,1,307,19,288,0.06188925081433225,0.037669096569409186,0.09496277132957966,0.11126279863481228,0.556243880018385,0.0014740139446837472,negative,0.07642195374744966,False,ether,ether = 1,high
invitro_pre,fg_ether_count,eq,2,174,21,153,0.1206896551724138,0.07628375188877508,0.17855470232349058,0.11126279863481228,1.0847260418870321,0.6997434554223037,positive,1.0,False,ether,ether = 2,high
invitro_pre,fg_ether_count,eq,3,41,6,35,0.14634146341463414,0.055657363712436646,0.2917304880174939,0.11126279863481228,1.3152775699536137,0.4483560619608794,positive,1.0,False,ether,ether = 3,high
invitro_pre,fg_ether_count,eq,4,26,2,24,0.07692307692307693,0.00945539100371274,0.25130291669537386,0.11126279863481228,0.6913638508730534,0.7602247096961011,negative,1.0,False,ether,ether = 4,high
invitro_pre,fg_ether_count,eq,5,5,0,5,0.0,0.0,0.5218237501049815,0.11126279863481228,0.0,1.0,negative,1.0,False,ether,ether = 5,low
invitro_pre,fg_ether_count,eq,6,3,0,3,0.0,0.0,0.7075982261787134,0.11126279863481228,0.0,1.0,negative,1.0,False,ether,ether = 6,low
invitro_pre,fg_ether_count,ge,1,560,48,512,0.08571428571428572,0.06387394029565996,0.11203889384899265,0.11126279863481228,0.7703768624014024,0.01646503505205765,negative,0.2642246101211156,False,ether,ether ≥ 1,high
invitro_pre,fg_ether_count,ge,2,253,29,224,0.11462450592885376,0.07812418721877637,0.16045773676371514,0.11126279863481228,1.030214117704115,0.8265883520016898,positive,1.0,False,ether,ether ≥ 2,high
invitro_pre,fg_ether_count,ge,3,79,8,71,0.10126582278481013,0.04474342411465863,0.18981893800531274,0.11126279863481228,0.9101498796303487,1.0,negative,1.0,False,ether,ether ≥ 3,high
invitro_pre,fg_ether_count,ge,4,38,2,36,0.05263157894736842,0.006438716715091909,0.1774905903476408,0.11126279863481228,0.4730384242815628,0.42754918583268176,negative,1.0,False,ether,ether ≥ 4,high
invitro_pre,fg_ether_count,ge,5,12,0,12,0.0,0.0,0.2646484693970512,0.11126279863481228,0.0,0.38191102691425927,negative,1.0,False,ether,ether ≥ 5,medium
invitro_pre,fg_ether_count,ge,6,7,0,7,0.0,0.0,0.4096163972250034,0.11126279863481228,0.0,1.0,negative,1.0,False,ether,ether ≥ 6,low
invitro_pre,fg_ether_count,ge,7,4,0,4,0.0,0.0,0.6023646356164747,0.11126279863481228,0.0,1.0,negative,1.0,False,ether,ether ≥ 7,low
invitro_pre,fg_aldehyde_count,eq,1,34,4,30,0.11764705882352941,0.03300168033646956,0.2745034871423555,0.11126279863481228,1.057380007217611,0.7855926785707837,positive,1.0,False,aldehyde,aldehyde = 1,high
invitro_pre,fg_aldehyde_count,ge,1,35,4,31,0.11428571428571428,0.03203116902909801,0.2673780437192452,0.11126279863481228,1.0271691498685365,1.0,positive,1.0,False,aldehyde,aldehyde ≥ 1,high
invitro_pre,fg_ketone_count,eq,1,79,9,70,0.11392405063291139,0.05343687230155916,0.205277848127638,0.11126279863481228,1.0239186145841424,0.8553791203023167,positive,1.0,False,ketone,ketone = 1,high
invitro_pre,fg_ketone_count,eq,2,32,6,26,0.1875,0.07207616545849763,0.36439230986409005,0.11126279863481228,1.6851993865030674,0.15822428462337276,positive,0.8087301677436833,False,ketone,ketone = 2,high
invitro_pre,fg_ketone_count,ge,1,112,15,97,0.13392857142857142,0.07693859498325245,0.21125826944588663,0.11126279863481228,1.2037138475021911,0.4336388886099179,positive,1.0,False,ketone,ketone ≥ 1,high
invitro_pre,fg_ketone_count,ge,2,33,6,27,0.18181818181818182,0.06978788366630997,0.35460055945026886,0.11126279863481228,1.634132738427217,0.25402438812536826,positive,0.9788778839142197,False,ketone,ketone ≥ 2,high
invitro_pre,fg_carboxylic_acid_count,eq,1,98,10,88,0.10204081632653061,0.05002762632011599,0.17965965506606998,0.11126279863481228,0.9171153123826218,0.8688863726177174,negative,1.0,False,carboxylic_acid,carboxylic_acid = 1,high
invitro_pre,fg_carboxylic_acid_count,eq,2,17,1,16,0.058823529411764705,0.0014881743912666346,0.28688939666722063,0.11126279863481228,0.5286900036088055,0.7112771522368493,negative,1.0,False,carboxylic_acid,carboxylic_acid = 2,medium
invitro_pre,fg_carboxylic_acid_count,ge,1,116,12,104,0.10344827586206896,0.054606750573079156,0.17373176946311536,0.11126279863481228,0.9297651787603132,0.8784490690424458,negative,1.0,False,carboxylic_acid,carboxylic_acid ≥ 1,high
invitro_pre,fg_carboxylic_acid_count,ge,2,18,2,16,0.1111111111111111,0.013751215664364491,0.34712043860867203,0.11126279863481228,0.9986366734832992,1.0,negative,1.0,False,carboxylic_acid,carboxylic_acid ≥ 2,medium
invitro_pre,fg_ester_count,eq,1,230,11,219,0.04782608695652174,0.024113188910722724,0.08396125681105408,0.11126279863481228,0.4298479594558549,0.0005357714172174218,negative,0.04012332613383804,True,ester,ester = 1,high
invitro_pre,fg_ester_count,eq,2,111,14,97,0.12612612612612611,0.07070201475826986,0.20255665674704712,0.11126279863481228,1.1335875753053666,0.636726404593793,positive,1.0,False,ester,ester = 2,high
invitro_pre,fg_ester_count,eq,3,14,1,13,0.07142857142857142,0.0018067806591253865,0.3386844899318212,0.11126279863481228,0.6419807186678352,1.0,negative,1.0,False,ester,ester = 3,medium
invitro_pre,fg_ester_count,eq,4,10,0,10,0.0,0.0,0.30849710781876083,0.11126279863481228,0.0,0.613948815860081,negative,1.0,False,ester,ester = 4,medium
invitro_pre,fg_ester_count,eq,6,3,0,3,0.0,0.0,0.7075982261787134,0.11126279863481228,0.0,1.0,negative,1.0,False,ester,ester = 6,low
invitro_pre,fg_ester_count,ge,1,368,26,342,0.07065217391304347,0.04666839282938801,0.10181011099029831,0.11126279863481228,0.6350026673779674,0.003917930351696694,negative,0.11583179128385793,False,ester,ester ≥ 1,high
invitro_pre,fg_ester_count,ge,2,138,15,123,0.10869565217391304,0.06212644837428628,0.17293449079074288,0.11126279863481228,0.9769271805814884,1.0,negative,1.0,False,ester,ester ≥ 2,high
invitro_pre,fg_ester_count,ge,3,27,1,26,0.037037037037037035,0.000937257091944707,0.18970561741304462,0.11126279863481228,0.33287889116109975,0.35191180675825645,negative,1.0,False,ester,ester ≥ 3,high
invitro_pre,fg_ester_count,ge,4,13,0,13,0.0,0.0,0.24705263800047095,0.11126279863481228,0.0,0.3827788213260008,negative,1.0,False,ester,ester ≥ 4,medium
invitro_pre,fg_ester_count,ge,5,3,0,3,0.0,0.0,0.7075982261787134,0.11126279863481228,0.0,1.0,negative,1.0,False,ester,ester ≥ 5,low
invitro_pre,fg_ester_count,ge,6,3,0,3,0.0,0.0,0.7075982261787134,0.11126279863481228,0.0,1.0,negative,1.0,False,ester,ester ≥ 6,low
invitro_pre,fg_anhydride_count,eq,1,11,1,10,0.09090909090909091,0.002298972213814267,0.4127799169883827,0.11126279863481228,0.8170663692136085,1.0,negative,1.0,False,anhydride,anhydride = 1,medium
invitro_pre,fg_anhydride_count,ge,1,12,1,11,0.08333333333333333,0.0021075932318602264,0.38479616515094406,0.11126279863481228,0.7489775051124744,1.0,negative,1.0,False,anhydride,anhydride ≥ 1,medium
invitro_pre,fg_acid_chloride_count,eq,1,4,0,4,0.0,0.0,0.6023646356164747,0.11126279863481228,0.0,1.0,negative,1.0,False,acid_chloride,acid_chloride = 1,low
invitro_pre,fg_acid_chloride_count,ge,1,6,2,4,0.3333333333333333,0.043271868292741676,0.7772219044964879,0.11126279863481228,2.9959100204498976,0.13677620009709313,positive,0.80865928829334,False,acid_chloride,acid_chloride ≥ 1,low
invitro_pre,fg_alkene_count,eq,1,208,26,182,0.125,0.08330400426799363,0.17776850491247911,0.11126279863481228,1.1234662576687118,0.476687981177812,positive,1.0,False,alkene,alkene = 1,high
invitro_pre,fg_alkene_count,eq,2,50,7,43,0.14,0.05819170034037209,0.2673960024970084,0.11126279863481228,1.2582822085889571,0.491426833563134,positive,1.0,False,alkene,alkene = 2,high
invitro_pre,fg_alkene_count,eq,3,13,1,12,0.07692307692307693,0.0019456284973467482,0.3602974352678775,0.11126279863481228,0.6913638508730534,1.0,negative,1.0,False,alkene,alkene = 3,medium
invitro_pre,fg_alkene_count,eq,4,3,0,3,0.0,0.0,0.7075982261787134,0.11126279863481228,0.0,1.0,negative,1.0,False,alkene,alkene = 4,low
invitro_pre,fg_alkene_count,ge,1,276,34,242,0.12318840579710146,0.08684048557412849,0.16787029576155335,0.11126279863481228,1.1071841379923537,0.5235925481281432,positive,1.0,False,alkene,alkene ≥ 1,high
invitro_pre,fg_alkene_count,ge,2,68,8,60,0.11764705882352941,0.052183744669880794,0.21871710570777952,0.11126279863481228,1.057380007217611,0.8432292529696409,positive,1.0,False,alkene,alkene ≥ 2,high
invitro_pre,fg_alkene_count,ge,3,18,1,17,0.05555555555555555,0.0014055561673694222,0.27294359967336856,0.11126279863481228,0.4993183367416496,0.7113020765158342,negative,1.0,False,alkene,alkene ≥ 3,medium
invitro_pre,fg_alkene_count,ge,4,5,0,5,0.0,0.0,0.5218237501049815,0.11126279863481228,0.0,1.0,negative,1.0,False,alkene,alkene ≥ 4,low
invitro_pre,fg_alkyne_count,eq,1,7,1,6,0.14285714285714285,0.0036102968619005833,0.5787231970431952,0.11126279863481228,1.2839614373356705,0.5628487842968176,positive,1.0,False,alkyne,alkyne = 1,low
invitro_pre,fg_alkyne_count,ge,1,7,1,6,0.14285714285714285,0.0036102968619005833,0.5787231970431952,0.11126279863481228,1.2839614373356705,0.5628487842968176,positive,1.0,False,alkyne,alkyne ≥ 1,low
invitro_pre,fg_aromatic_ring_count,eq,1,281,46,235,0.16370106761565836,0.12241172851140378,0.21224878309673526,0.11126279863481228,1.4713010064842915,0.0029788394856754483,positive,0.10567041122869748,False,aromatic_ring,aromatic_ring = 1,high
invitro_pre,fg_aromatic_ring_count,eq,2,168,18,150,0.10714285714285714,0.06474772891861227,0.16403999584779974,0.11126279863481228,0.9629710780017529,1.0,negative,1.0,False,aromatic_ring,aromatic_ring = 2,high
invitro_pre,fg_aromatic_ring_count,eq,3,52,8,44,0.15384615384615385,0.0688392343783091,0.2808110840632914,0.11126279863481228,1.3827277017461068,0.36450929817052713,positive,1.0,False,aromatic_ring,aromatic_ring = 3,high
invitro_pre,fg_aromatic_ring_count,eq,4,40,2,38,0.05,0.006113646599350838,0.16919686395941763,0.11126279863481228,0.44938650306748473,0.30693188855866477,negative,1.0,False,aromatic_ring,aromatic_ring = 4,high
invitro_pre,fg_aromatic_ring_count,eq,5,24,4,20,0.16666666666666666,0.04735362660725712,0.3738417134886826,0.11126279863481228,1.4979550102249488,0.33140746115100517,positive,1.0,False,aromatic_ring,aromatic_ring = 5,high
invitro_pre,fg_aromatic_ring_count,eq,6,19,1,18,0.05263157894736842,0.0013316288041794228,0.2602806541952142,0.11126279863481228,0.4730384242815628,0.7132385437451886,negative,1.0,False,aromatic_ring,aromatic_ring = 6,medium
invitro_pre,fg_aromatic_ring_count,eq,7,11,0,11,0.0,0.0,0.2849141529181545,0.11126279863481228,0.0,0.6226250177304421,negative,1.0,False,aromatic_ring,aromatic_ring = 7,medium
invitro_pre,fg_aromatic_ring_count,eq,9,3,0,3,0.0,0.0,0.7075982261787134,0.11126279863481228,0.0,1.0,negative,1.0,False,aromatic_ring,aromatic_ring = 9,low
invitro_pre,fg_aromatic_ring_count,ge,1,599,79,520,0.1318864774624374,0.10582432941895743,0.1616397507794923,0.11126279863481228,1.1853600581746675,0.0423661956090967,positive,0.4310212258137019,False,aromatic_ring,aromatic_ring ≥ 1,high
invitro_pre,fg_aromatic_ring_count,ge,2,318,33,285,0.10377358490566038,0.07251620084947599,0.1426438493627159,0.11126279863481228,0.9326889686306287,0.6874628196838635,negative,1.0,False,aromatic_ring,aromatic_ring ≥ 2,high
invitro_pre,fg_aromatic_ring_count,ge,3,150,15,135,0.1,0.05705743483624696,0.15956788512757705,0.11126279863481228,0.8987730061349695,0.7837936067948996,negative,1.0,False,aromatic_ring,aromatic_ring ≥ 3,high
invitro_pre,fg_aromatic_ring_count,ge,4,98,7,91,0.07142857142857142,0.029198979640828453,0.1416452469896447,0.11126279863481228,0.6419807186678352,0.24396668108271527,negative,0.9678146172009369,False,aromatic_ring,aromatic_ring ≥ 4,high
invitro_pre,fg_aromatic_ring_count,ge,5,58,5,53,0.08620689655172414,0.02858604536651699,0.18982595846225092,0.11126279863481228,0.7748043156335943,0.6723051103474069,negative,1.0,False,aromatic_ring,aromatic_ring ≥ 5,high
invitro_pre,fg_aromatic_ring_count,ge,6,34,1,33,0.029411764705882353,0.0007443642346902602,0.1532676695603177,0.11126279863481228,0.26434500180440273,0.16736727193694345,negative,0.8087301677436833,False,aromatic_ring,aromatic_ring ≥ 6,high
invitro_pre,fg_aromatic_ring_count,ge,7,15,0,15,0.0,0.0,0.21801936091053403,0.11126279863481228,0.0,0.3972468200545758,negative,1.0,False,aromatic_ring,aromatic_ring ≥ 7,medium
invitro_pre,fg_aromatic_ring_count,ge,8,4,0,4,0.0,0.0,0.6023646356164747,0.11126279863481228,0.0,1.0,negative,1.0,False,aromatic_ring,aromatic_ring ≥ 8,low
invitro_pre,fg_aromatic_ring_count,ge,9,4,0,4,0.0,0.0,0.6023646356164747,0.11126279863481228,0.0,1.0,negative,1.0,False,aromatic_ring,aromatic_ring ≥ 9,low
invitro_pre,fg_heteroaromatic_ring_count,eq,1,17,2,15,0.11764705882352941,0.014579316840302493,0.3644091621012503,0.11126279863481228,1.057380007217611,1.0,positive,1.0,False,heteroaromatic_ring,heteroaromatic_ring = 1,medium
invitro_pre,fg_heteroaromatic_ring_count,eq,6,260,43,217,0.16538461538461538,0.12234990109197903,0.2162348729643949,0.11126279863481228,1.4864322793770646,0.003237342135119136,positive,0.10909842995351489,False,heteroaromatic_ring,heteroaromatic_ring = 6,high
invitro_pre,fg_heteroaromatic_ring_count,eq,7,9,0,9,0.0,0.0,0.3362671168799429,0.11126279863481228,0.0,0.6090560496932382,negative,1.0,False,heteroaromatic_ring,heteroaromatic_ring = 7,low
invitro_pre,fg_heteroaromatic_ring_count,eq,12,124,11,113,0.08870967741935484,0.04511844911596335,0.15318297914141119,0.11126279863481228,0.7972986344745696,0.45861271479017485,negative,1.0,False,heteroaromatic_ring,heteroaromatic_ring = 12,high
invitro_pre,fg_heteroaromatic_ring_count,eq,17,7,3,4,0.42857142857142855,0.09898827844250786,0.815948432359917,0.11126279863481228,3.8518843120070114,0.03376591459263279,positive,0.4047052186935262,False,heteroaromatic_ring,heteroaromatic_ring = 17,low
invitro_pre,fg_heteroaromatic_ring_count,eq,18,35,4,31,0.11428571428571428,0.03203116902909801,0.2673780437192452,0.11126279863481228,1.0271691498685365,1.0,positive,1.0,False,heteroaromatic_ring,heteroaromatic_ring = 18,high
invitro_pre,fg_heteroaromatic_ring_count,eq,22,13,2,11,0.15384615384615385,0.019206671982528477,0.45447105567655777,0.11126279863481228,1.3827277017461068,0.6478866364701137,positive,1.0,False,heteroaromatic_ring,heteroaromatic_ring = 22,medium
invitro_pre,fg_heteroaromatic_ring_count,eq,23,6,0,6,0.0,0.0,0.4592581264399005,0.11126279863481228,0.0,1.0,negative,1.0,False,heteroaromatic_ring,heteroaromatic_ring = 23,low
invitro_pre,fg_heteroaromatic_ring_count,eq,24,23,3,20,0.13043478260869565,0.027751507422793194,0.33588913753712096,0.11126279863481228,1.1723126166977862,0.735540996865071,positive,1.0,False,heteroaromatic_ring,heteroaromatic_ring = 24,high
invitro_pre,fg_heteroaromatic_ring_count,eq,25,6,0,6,0.0,0.0,0.4592581264399005,0.11126279863481228,0.0,1.0,negative,1.0,False,heteroaromatic_ring,heteroaromatic_ring = 25,low
invitro_pre,fg_heteroaromatic_ring_count,eq,28,8,2,6,0.25,0.031854026249944226,0.6508557944128242,0.11126279863481228,2.2469325153374236,0.22074347763198185,positive,0.9678146172009369,False,heteroaromatic_ring,heteroaromatic_ring = 28,low
invitro_pre,fg_heteroaromatic_ring_count,eq,30,5,1,4,0.2,0.0050507633794680575,0.7164179361180896,0.11126279863481228,1.797546012269939,0.4460190119304421,positive,1.0,False,heteroaromatic_ring,heteroaromatic_ring = 30,low
invitro_pre,fg_heteroaromatic_ring_count,eq,34,12,2,10,0.16666666666666666,0.020862525460092384,0.48413774868596715,0.11126279863481228,1.4979550102249488,0.6341864621040874,positive,1.0,False,heteroaromatic_ring,heteroaromatic_ring = 34,medium
invitro_pre,fg_heteroaromatic_ring_count,eq,36,15,0,15,0.0,0.0,0.21801936091053403,0.11126279863481228,0.0,0.3972468200545758,negative,1.0,False,heteroaromatic_ring,heteroaromatic_ring = 36,medium
invitro_pre,fg_heteroaromatic_ring_count,eq,37,5,2,3,0.4,0.052744950526316906,0.8533672003653269,0.11126279863481228,3.595092024539878,0.09818041002236079,positive,0.6733851152318233,False,heteroaromatic_ring,heteroaromatic_ring = 37,low
invitro_pre,fg_heteroaromatic_ring_count,eq,40,14,3,11,0.21428571428571427,0.046579287889867274,0.5079756770484719,0.11126279863481228,1.9259421560035057,0.19781561233863812,positive,0.9195015359740835,False,heteroaromatic_ring,heteroaromatic_ring = 40,medium
invitro_pre,fg_heteroaromatic_ring_count,eq,42,3,0,3,0.0,0.0,0.7075982261787134,0.11126279863481228,0.0,1.0,negative,1.0,False,heteroaromatic_ring,heteroaromatic_ring = 42,low
invitro_pre,fg_heteroaromatic_ring_count,eq,45,4,0,4,0.0,0.0,0.6023646356164747,0.11126279863481228,0.0,1.0,negative,1.0,False,heteroaromatic_ring,heteroaromatic_ring = 45,low
invitro_pre,fg_heteroaromatic_ring_count,eq,62,5,0,5,0.0,0.0,0.5218237501049815,0.11126279863481228,0.0,1.0,negative,1.0,False,heteroaromatic_ring,heteroaromatic_ring = 62,low
invitro_pre,fg_heteroaromatic_ring_count,eq,86,3,0,3,0.0,0.0,0.7075982261787134,0.11126279863481228,0.0,1.0,negative,1.0,False,heteroaromatic_ring,heteroaromatic_ring = 86,low
invitro_pre,fg_heteroaromatic_ring_count,eq,98,3,0,3,0.0,0.0,0.7075982261787134,0.11126279863481228,0.0,1.0,negative,1.0,False,heteroaromatic_ring,heteroaromatic_ring = 98,low
invitro_pre,fg_heteroaromatic_ring_count,eq,110,3,0,3,0.0,0.0,0.7075982261787134,0.11126279863481228,0.0,1.0,negative,1.0,False,heteroaromatic_ring,heteroaromatic_ring = 110,low
invitro_pre,fg_heteroaromatic_ring_count,eq,144,3,0,3,0.0,0.0,0.7075982261787134,0.11126279863481228,0.0,1.0,negative,1.0,False,heteroaromatic_ring,heteroaromatic_ring = 144,low
invitro_pre,fg_heteroaromatic_ring_count,ge,1,619,81,538,0.1308562197092084,0.10529389579890887,0.15999892700413948,0.11126279863481228,1.1761003795950327,0.043732273097398446,positive,0.43346400099480226,False,heteroaromatic_ring,heteroaromatic_ring ≥ 1,high
invitro_pre,fg_heteroaromatic_ring_count,ge,2,602,79,523,0.13122923588039867,0.10528965508500582,0.1608480967875637,0.11126279863481228,1.179452948250209,0.05184910715551537,positive,0.47224727328131566,False,heteroaromatic_ring,heteroaromatic_ring ≥ 2,high
invitro_pre,fg_heteroaromatic_ring_count,ge,3,601,79,522,0.1314475873544093,0.10546727825565604,0.16111111908649325,0.11126279863481228,1.1814154323571144,0.04284632363429974,positive,0.4310212258137019,False,heteroaromatic_ring,heteroaromatic_ring ≥ 3,high
invitro_pre,fg_heteroaromatic_ring_count,ge,4,601,79,522,0.1314475873544093,0.10546727825565604,0.16111111908649325,0.11126279863481228,1.1814154323571144,0.04284632363429974,positive,0.4310212258137019,False,heteroaromatic_ring,heteroaromatic_ring ≥ 4,high
invitro_pre,fg_heteroaromatic_ring_count,ge,5,601,79,522,0.1314475873544093,0.10546727825565604,0.16111111908649325,0.11126279863481228,1.1814154323571144,0.04284632363429974,positive,0.4310212258137019,False,heteroaromatic_ring,heteroaromatic_ring ≥ 5,high
invitro_pre,fg_heteroaromatic_ring_count,ge,6,601,79,522,0.1314475873544093,0.10546727825565604,0.16111111908649325,0.11126279863481228,1.1814154323571144,0.04284632363429974,positive,0.4310212258137019,False,heteroaromatic_ring,heteroaromatic_ring ≥ 6,high
invitro_pre,fg_heteroaromatic_ring_count,ge,7,341,36,305,0.10557184750733138,0.07504372906706902,0.14315320378266333,0.11126279863481228,0.9488512674738679,0.7683382146817994,negative,1.0,False,heteroaromatic_ring,heteroaromatic_ring ≥ 7,high
invitro_pre,fg_heteroaromatic_ring_count,ge,8,332,36,296,0.10843373493975904,0.0771100040267312,0.14694912039347752,0.11126279863481228,0.9745731391824969,0.9210643445498481,negative,1.0,False,heteroaromatic_ring,heteroaromatic_ring ≥ 8,high
invitro_pre,fg_heteroaromatic_ring_count,ge,9,331,36,295,0.10876132930513595,0.07734663838472064,0.14738334169999884,0.11126279863481228,0.9775174689081237,0.9210940642996407,negative,1.0,False,heteroaromatic_ring,heteroaromatic_ring ≥ 9,high
invitro_pre,fg_heteroaromatic_ring_count,ge,10,331,36,295,0.10876132930513595,0.07734663838472064,0.14738334169999884,0.11126279863481228,0.9775174689081237,0.9210940642996407,negative,1.0,False,heteroaromatic_ring,heteroaromatic_ring ≥ 10,high
invitro_pre,fg_heteroaromatic_ring_count,ge,11,331,36,295,0.10876132930513595,0.07734663838472064,0.14738334169999884,0.11126279863481228,0.9775174689081237,0.9210940642996407,negative,1.0,False,heteroaromatic_ring,heteroaromatic_ring ≥ 11,high
invitro_pre,fg_heteroaromatic_ring_count,ge,12,331,36,295,0.10876132930513595,0.07734663838472064,0.14738334169999884,0.11126279863481228,0.9775174689081237,0.9210940642996407,negative,1.0,False,heteroaromatic_ring,heteroaromatic_ring ≥ 12,high
invitro_pre,fg_heteroaromatic_ring_count,ge,13,207,25,182,0.12077294685990338,0.0797039097259501,0.17310492278433456,0.11126279863481228,1.0854746450905426,0.6336954196616178,positive,1.0,False,heteroaromatic_ring,heteroaromatic_ring ≥ 13,high
invitro_pre,fg_heteroaromatic_ring_count,ge,14,205,25,180,0.12195121951219512,0.08049747822426366,0.17474213970941263,0.11126279863481228,1.0960646416280113,0.6316159307401434,positive,1.0,False,heteroaromatic_ring,heteroaromatic_ring ≥ 14,high
invitro_pre,fg_heteroaromatic_ring_count,ge,15,204,25,179,0.12254901960784313,0.08090022141000816,0.17557240037778543,0.11126279863481228,1.1014375075183447,0.5503811135856151,positive,1.0,False,heteroaromatic_ring,heteroaromatic_ring ≥ 15,high
invitro_pre,fg_heteroaromatic_ring_count,ge,16,204,25,179,0.12254901960784313,0.08090022141000816,0.17557240037778543,0.11126279863481228,1.1014375075183447,0.5503811135856151,positive,1.0,False,heteroaromatic_ring,heteroaromatic_ring ≥ 16,high
invitro_pre,fg_heteroaromatic_ring_count,ge,17,204,25,179,0.12254901960784313,0.08090022141000816,0.17557240037778543,0.11126279863481228,1.1014375075183447,0.5503811135856151,positive,1.0,False,heteroaromatic_ring,heteroaromatic_ring ≥ 17,high
invitro_pre,fg_heteroaromatic_ring_count,ge,18,197,22,175,0.1116751269035533,0.07132364851185981,0.1641861130763187,0.11126279863481228,1.003705895176108,1.0,positive,1.0,False,heteroaromatic_ring,heteroaromatic_ring ≥ 18,high
invitro_pre,fg_heteroaromatic_ring_count,ge,19,162,18,144,0.1111111111111111,0.06719590690109976,0.1699110698934635,0.11126279863481228,0.9986366734832992,1.0,negative,1.0,False,heteroaromatic_ring,heteroaromatic_ring ≥ 19,high
invitro_pre,fg_heteroaromatic_ring_count,ge,20,161,18,143,0.11180124223602485,0.06762205938052268,0.1709306249921243,0.11126279863481228,1.0048393857409597,1.0,positive,1.0,False,heteroaromatic_ring,heteroaromatic_ring ≥ 20,high
invitro_pre,fg_heteroaromatic_ring_count,ge,21,161,18,143,0.11180124223602485,0.06762205938052268,0.1709306249921243,0.11126279863481228,1.0048393857409597,1.0,positive,1.0,False,heteroaromatic_ring,heteroaromatic_ring ≥ 21,high
invitro_pre,fg_heteroaromatic_ring_count,ge,22,161,18,143,0.11180124223602485,0.06762205938052268,0.1709306249921243,0.11126279863481228,1.0048393857409597,1.0,positive,1.0,False,heteroaromatic_ring,heteroaromatic_ring ≥ 22,high
invitro_pre,fg_heteroaromatic_ring_count,ge,23,148,16,132,0.10810810810810811,0.0630690182356502,0.1696194499512002,0.11126279863481228,0.9716464931188858,1.0,negative,1.0,False,heteroaromatic_ring,heteroaromatic_ring ≥ 23,high
invitro_pre,fg_heteroaromatic_ring_count,ge,24,142,16,126,0.11267605633802817,0.06579271713436217,0.17652367493759563,0.11126279863481228,1.0127019787436276,0.8891685532587306,positive,1.0,False,heteroaromatic_ring,heteroaromatic_ring ≥ 24,high
invitro_pre,fg_heteroaromatic_ring_count,ge,25,119,13,106,0.1092436974789916,0.0594650597190248,0.17956387148569714,0.11126279863481228,0.9818528638449245,1.0,negative,1.0,False,heteroaromatic_ring,heteroaromatic_ring ≥ 25,high
invitro_pre,fg_heteroaromatic_ring_count,ge,26,113,13,100,0.11504424778761062,0.0626985756196201,0.18869266848169422,0.11126279863481228,1.033986644226071,0.8763076143887412,positive,1.0,False,heteroaromatic_ring,heteroaromatic_ring ≥ 26,high
invitro_pre,fg_heteroaromatic_ring_count,ge,27,113,13,100,0.11504424778761062,0.0626985756196201,0.18869266848169422,0.11126279863481228,1.033986644226071,0.8763076143887412,positive,1.0,False,heteroaromatic_ring,heteroaromatic_ring ≥ 27,high
invitro_pre,fg_heteroaromatic_ring_count,ge,28,113,13,100,0.11504424778761062,0.0626985756196201,0.18869266848169422,0.11126279863481228,1.033986644226071,0.8763076143887412,positive,1.0,False,heteroaromatic_ring,heteroaromatic_ring ≥ 28,high
invitro_pre,fg_heteroaromatic_ring_count,ge,29,105,11,94,0.10476190476190476,0.053469116580181386,0.1797199465979963,0.11126279863481228,0.941571720712825,1.0,negative,1.0,False,heteroaromatic_ring,heteroaromatic_ring ≥ 29,high
invitro_pre,fg_heteroaromatic_ring_count,ge,30,104,10,94,0.09615384615384616,0.04707943331440134,0.1697277990037507,0.11126279863481228,0.8642048135913167,0.7464022287831397,negative,1.0,False,heteroaromatic_ring,heteroaromatic_ring ≥ 30,high
invitro_pre,fg_heteroaromatic_ring_count,ge,31,99,9,90,0.09090909090909091,0.04241647011856304,0.16556897574201032,0.11126279863481228,0.8170663692136085,0.6200534203875948,negative,1.0,False,heteroaromatic_ring,heteroaromatic_ring ≥ 31,high
invitro_pre,fg_heteroaromatic_ring_count,ge,32,99,9,90,0.09090909090909091,0.04241647011856304,0.16556897574201032,0.11126279863481228,0.8170663692136085,0.6200534203875948,negative,1.0,False,heteroaromatic_ring,heteroaromatic_ring ≥ 32,high
invitro_pre,fg_heteroaromatic_ring_count,ge,33,97,9,88,0.09278350515463918,0.04330957266983088,0.16883618943899067,0.11126279863481228,0.8339130984757448,0.7374677840673038,negative,1.0,False,heteroaromatic_ring,heteroaromatic_ring ≥ 33,high
invitro_pre,fg_heteroaromatic_ring_count,ge,34,96,9,87,0.09375,0.043770383262710065,0.1705185443412363,0.11126279863481228,0.8425996932515337,0.7365331575652253,negative,1.0,False,heteroaromatic_ring,heteroaromatic_ring ≥ 34,high
invitro_pre,fg_heteroaromatic_ring_count,ge,35,84,7,77,0.08333333333333333,0.03416237785396636,0.16418908027079507,0.11126279863481228,0.7489775051124744,0.47819502319789253,negative,1.0,False,heteroaromatic_ring,heteroaromatic_ring ≥ 35,high
invitro_pre,fg_heteroaromatic_ring_count,ge,36,84,7,77,0.08333333333333333,0.03416237785396636,0.16418908027079507,0.11126279863481228,0.7489775051124744,0.47819502319789253,negative,1.0,False,heteroaromatic_ring,heteroaromatic_ring ≥ 36,high
invitro_pre,fg_heteroaromatic_ring_count,ge,37,69,7,62,0.10144927536231885,0.04177087817693835,0.19791848235141232,0.11126279863481228,0.9117987018760559,1.0,negative,1.0,False,heteroaromatic_ring,heteroaromatic_ring ≥ 37,high
invitro_pre,fg_heteroaromatic_ring_count,ge,38,64,5,59,0.078125,0.02585384016796813,0.17297832900420762,0.11126279863481228,0.7021664110429449,0.5407979474361181,negative,1.0,False,heteroaromatic_ring,heteroaromatic_ring ≥ 38,high
invitro_pre,fg_heteroaromatic_ring_count,ge,39,63,5,58,0.07936507936507936,0.02627234064402766,0.17557594972484786,0.11126279863481228,0.713311909630928,0.5396219808367111,negative,1.0,False,heteroaromatic_ring,heteroaromatic_ring ≥ 39,high
invitro_pre,fg_heteroaromatic_ring_count,ge,40,63,5,58,0.07936507936507936,0.02627234064402766,0.17557594972484786,0.11126279863481228,0.713311909630928,0.5396219808367111,negative,1.0,False,heteroaromatic_ring,heteroaromatic_ring ≥ 40,high
invitro_pre,fg_heteroaromatic_ring_count,ge,41,49,2,47,0.04081632653061224,0.0049818418349713,0.1397871870224638,0.11126279863481228,0.3668461249530487,0.160988098798105,negative,0.8087301677436833,False,heteroaromatic_ring,heteroaromatic_ring ≥ 41,high
invitro_pre,fg_heteroaromatic_ring_count,ge,42,48,2,46,0.041666666666666664,0.005086467930032974,0.14254097320137743,0.11126279863481228,0.3744887525562372,0.1591032205415554,negative,0.8087301677436833,False,heteroaromatic_ring,heteroaromatic_ring ≥ 42,high
invitro_pre,fg_heteroaromatic_ring_count,ge,43,45,2,43,0.044444444444444446,0.005428488700250948,0.15149290024333917,0.11126279863481228,0.39945466939331975,0.22409921514865172,negative,0.9678146172009369,False,heteroaromatic_ring,heteroaromatic_ring ≥ 43,high
invitro_pre,fg_heteroaromatic_ring_count,ge,44,43,2,41,0.046511627906976744,0.005683256978747965,0.1581114583086977,0.11126279863481228,0.4180339563418462,0.22101987445041188,negative,0.9678146172009369,False,heteroaromatic_ring,heteroaromatic_ring ≥ 44,high
invitro_pre,fg_heteroaromatic_ring_count,ge,45,43,2,41,0.046511627906976744,0.005683256978747965,0.1581114583086977,0.11126279863481228,0.4180339563418462,0.22101987445041188,negative,0.9678146172009369,False,heteroaromatic_ring,heteroaromatic_ring ≥ 45,high
invitro_pre,fg_heteroaromatic_ring_count,ge,46,39,2,37,0.05128205128205128,0.006271972095690411,0.17324478137360574,0.11126279863481228,0.46090923391536887,0.30593549265877706,negative,1.0,False,heteroaromatic_ring,heteroaromatic_ring ≥ 46,high
invitro_pre,fg_heteroaromatic_ring_count,ge,47,38,2,36,0.05263157894736842,0.006438716715091909,0.1774905903476408,0.11126279863481228,0.4730384242815628,0.42754918583268176,negative,1.0,False,heteroaromatic_ring,heteroaromatic_ring ≥ 47,high
invitro_pre,fg_heteroaromatic_ring_count,ge,48,37,2,35,0.05405405405405406,0.006614570411528816,0.18194911837774932,0.11126279863481228,0.4858232465594429,0.42328398786585664,negative,1.0,False,heteroaromatic_ring,heteroaromatic_ring ≥ 48,high
invitro_pre,fg_heteroaromatic_ring_count,ge,49,36,2,34,0.05555555555555555,0.006800300654022815,0.18663670645755404,0.11126279863481228,0.4993183367416496,0.4205289596366576,negative,1.0,False,heteroaromatic_ring,heteroaromatic_ring ≥ 49,high
invitro_pre,fg_heteroaromatic_ring_count,ge,50,36,2,34,0.05555555555555555,0.006800300654022815,0.18663670645755404,0.11126279863481228,0.4993183367416496,0.4205289596366576,negative,1.0,False,heteroaromatic_ring,heteroaromatic_ring ≥ 50,high
invitro_pre,fg_heteroaromatic_ring_count,ge,51,34,1,33,0.029411764705882353,0.0007443642346902602,0.1532676695603177,0.11126279863481228,0.26434500180440273,0.16736727193694345,negative,0.8087301677436833,False,heteroaromatic_ring,heteroaromatic_ring ≥ 51,high
invitro_pre,fg_heteroaromatic_ring_count,ge,52,33,1,32,0.030303030303030304,0.0007669120750481087,0.15759397227249686,0.11126279863481228,0.2723554564045362,0.1671802498584026,negative,0.8087301677436833,False,heteroaromatic_ring,heteroaromatic_ring ≥ 52,high
invitro_pre,fg_heteroaromatic_ring_count,ge,53,33,1,32,0.030303030303030304,0.0007669120750481087,0.15759397227249686,0.11126279863481228,0.2723554564045362,0.1671802498584026,negative,0.8087301677436833,False,heteroaromatic_ring,heteroaromatic_ring ≥ 53,high
invitro_pre,fg_heteroaromatic_ring_count,ge,54,33,1,32,0.030303030303030304,0.0007669120750481087,0.15759397227249686,0.11126279863481228,0.2723554564045362,0.1671802498584026,negative,0.8087301677436833,False,heteroaromatic_ring,heteroaromatic_ring ≥ 54,high
invitro_pre,fg_heteroaromatic_ring_count,ge,55,33,1,32,0.030303030303030304,0.0007669120750481087,0.15759397227249686,0.11126279863481228,0.2723554564045362,0.1671802498584026,negative,0.8087301677436833,False,heteroaromatic_ring,heteroaromatic_ring ≥ 55,high
invitro_pre,fg_heteroaromatic_ring_count,ge,56,33,1,32,0.030303030303030304,0.0007669120750481087,0.15759397227249686,0.11126279863481228,0.2723554564045362,0.1671802498584026,negative,0.8087301677436833,False,heteroaromatic_ring,heteroaromatic_ring ≥ 56,high
invitro_pre,fg_heteroaromatic_ring_count,ge,57,31,0,31,0.0,0.0,0.11218874692236998,0.11126279863481228,0.0,0.04133214236970909,negative,0.4310212258137019,False,heteroaromatic_ring,heteroaromatic_ring ≥ 57,high
invitro_pre,fg_heteroaromatic_ring_count,ge,58,31,0,31,0.0,0.0,0.11218874692236998,0.11126279863481228,0.0,0.04133214236970909,negative,0.4310212258137019,False,heteroaromatic_ring,heteroaromatic_ring ≥ 58,high
invitro_pre,fg_heteroaromatic_ring_count,ge,59,30,0,30,0.0,0.0,0.1157033082220278,0.11126279863481228,0.0,0.06924038438233807,negative,0.5243597648729871,False,heteroaromatic_ring,heteroaromatic_ring ≥ 59,high
invitro_pre,fg_heteroaromatic_ring_count,ge,60,30,0,30,0.0,0.0,0.1157033082220278,0.11126279863481228,0.0,0.06924038438233807,negative,0.5243597648729871,False,heteroaromatic_ring,heteroaromatic_ring ≥ 60,high
invitro_pre,fg_heteroaromatic_ring_count,ge,61,30,0,30,0.0,0.0,0.1157033082220278,0.11126279863481228,0.0,0.06924038438233807,negative,0.5243597648729871,False,heteroaromatic_ring,heteroaromatic_ring ≥ 61,high
invitro_pre,fg_heteroaromatic_ring_count,ge,62,29,0,29,0.0,0.0,0.11944486906950272,0.11126279863481228,0.0,0.06634865145548381,negative,0.5199882683836755,False,heteroaromatic_ring,heteroaromatic_ring ≥ 62,high
invitro_pre,fg_heteroaromatic_ring_count,ge,63,24,0,24,0.0,0.0,0.14247359772252566,0.11126279863481228,0.0,0.0999087708059085,negative,0.6733851152318233,False,heteroaromatic_ring,heteroaromatic_ring ≥ 63,high
invitro_pre,fg_heteroaromatic_ring_count,ge,64,23,0,23,0.0,0.0,0.1481851289152244,0.11126279863481228,0.0,0.09977153273613766,negative,0.6733851152318233,False,heteroaromatic_ring,heteroaromatic_ring ≥ 64,high
invitro_pre,fg_heteroaromatic_ring_count,ge,65,23,0,23,0.0,0.0,0.1481851289152244,0.11126279863481228,0.0,0.09977153273613766,negative,0.6733851152318233,False,heteroaromatic_ring,heteroaromatic_ring ≥ 65,high
invitro_pre,fg_heteroaromatic_ring_count,ge,66,23,0,23,0.0,0.0,0.1481851289152244,0.11126279863481228,0.0,0.09977153273613766,negative,0.6733851152318233,False,heteroaromatic_ring,heteroaromatic_ring ≥ 66,high
invitro_pre,fg_heteroaromatic_ring_count,ge,67,21,0,21,0.0,0.0,0.16109761521907962,0.11126279863481228,0.0,0.1571080246808618,negative,0.8087301677436833,False,heteroaromatic_ring,heteroaromatic_ring ≥ 67,high
invitro_pre,fg_heteroaromatic_ring_count,ge,68,21,0,21,0.0,0.0,0.16109761521907962,0.11126279863481228,0.0,0.1571080246808618,negative,0.8087301677436833,False,heteroaromatic_ring,heteroaromatic_ring ≥ 68,high
invitro_pre,fg_heteroaromatic_ring_count,ge,69,21,0,21,0.0,0.0,0.16109761521907962,0.11126279863481228,0.0,0.1571080246808618,negative,0.8087301677436833,False,heteroaromatic_ring,heteroaromatic_ring ≥ 69,high
invitro_pre,fg_heteroaromatic_ring_count,ge,70,21,0,21,0.0,0.0,0.16109761521907962,0.11126279863481228,0.0,0.1571080246808618,negative,0.8087301677436833,False,heteroaromatic_ring,heteroaromatic_ring ≥ 70,high
invitro_pre,fg_heteroaromatic_ring_count,ge,71,21,0,21,0.0,0.0,0.16109761521907962,0.11126279863481228,0.0,0.1571080246808618,negative,0.8087301677436833,False,heteroaromatic_ring,heteroaromatic_ring ≥ 71,high
invitro_pre,fg_heteroaromatic_ring_count,ge,72,21,0,21,0.0,0.0,0.16109761521907962,0.11126279863481228,0.0,0.1571080246808618,negative,0.8087301677436833,False,heteroaromatic_ring,heteroaromatic_ring ≥ 72,high
invitro_pre,fg_heteroaromatic_ring_count,ge,73,21,0,21,0.0,0.0,0.16109761521907962,0.11126279863481228,0.0,0.1571080246808618,negative,0.8087301677436833,False,heteroaromatic_ring,heteroaromatic_ring ≥ 73,high
invitro_pre,fg_heteroaromatic_ring_count,ge,74,20,0,20,0.0,0.0,0.16843347098308534,0.11126279863481228,0.0,0.1552107697653171,negative,0.8087301677436833,False,heteroaromatic_ring,heteroaromatic_ring ≥ 74,high
invitro_pre,fg_heteroaromatic_ring_count,ge,75,19,0,19,0.0,0.0,0.1764669118069654,0.11126279863481228,0.0,0.25706437010803695,negative,0.9788778839142197,False,heteroaromatic_ring,heteroaromatic_ring ≥ 75,medium
invitro_pre,fg_heteroaromatic_ring_count,ge,76,19,0,19,0.0,0.0,0.1764669118069654,0.11126279863481228,0.0,0.25706437010803695,negative,0.9788778839142197,False,heteroaromatic_ring,heteroaromatic_ring ≥ 76,medium
invitro_pre,fg_heteroaromatic_ring_count,ge,77,17,0,17,0.0,0.0,0.1950643229690932,0.11126279863481228,0.0,0.24410754439786242,negative,0.9678146172009369,False,heteroaromatic_ring,heteroaromatic_ring ≥ 77,medium
invitro_pre,fg_heteroaromatic_ring_count,ge,78,17,0,17,0.0,0.0,0.1950643229690932,0.11126279863481228,0.0,0.24410754439786242,negative,0.9678146172009369,False,heteroaromatic_ring,heteroaromatic_ring ≥ 78,medium
invitro_pre,fg_heteroaromatic_ring_count,ge,79,17,0,17,0.0,0.0,0.1950643229690932,0.11126279863481228,0.0,0.24410754439786242,negative,0.9678146172009369,False,heteroaromatic_ring,heteroaromatic_ring ≥ 79,medium
invitro_pre,fg_heteroaromatic_ring_count,ge,80,17,0,17,0.0,0.0,0.1950643229690932,0.11126279863481228,0.0,0.24410754439786242,negative,0.9678146172009369,False,heteroaromatic_ring,heteroaromatic_ring ≥ 80,medium
invitro_pre,fg_heteroaromatic_ring_count,ge,81,17,0,17,0.0,0.0,0.1950643229690932,0.11126279863481228,0.0,0.24410754439786242,negative,0.9678146172009369,False,heteroaromatic_ring,heteroaromatic_ring ≥ 81,medium
invitro_pre,fg_heteroaromatic_ring_count,ge,82,17,0,17,0.0,0.0,0.1950643229690932,0.11126279863481228,0.0,0.24410754439786242,negative,0.9678146172009369,False,heteroaromatic_ring,heteroaromatic_ring ≥ 82,medium
invitro_pre,fg_heteroaromatic_ring_count,ge,83,17,0,17,0.0,0.0,0.1950643229690932,0.11126279863481228,0.0,0.24410754439786242,negative,0.9678146172009369,False,heteroaromatic_ring,heteroaromatic_ring ≥ 83,medium
invitro_pre,fg_heteroaromatic_ring_count,ge,84,17,0,17,0.0,0.0,0.1950643229690932,0.11126279863481228,0.0,0.24410754439786242,negative,0.9678146172009369,False,heteroaromatic_ring,heteroaromatic_ring ≥ 84,medium
invitro_pre,fg_heteroaromatic_ring_count,ge,85,17,0,17,0.0,0.0,0.1950643229690932,0.11126279863481228,0.0,0.24410754439786242,negative,0.9678146172009369,False,heteroaromatic_ring,heteroaromatic_ring ≥ 85,medium
invitro_pre,fg_heteroaromatic_ring_count,ge,86,17,0,17,0.0,0.0,0.1950643229690932,0.11126279863481228,0.0,0.24410754439786242,negative,0.9678146172009369,False,heteroaromatic_ring,heteroaromatic_ring ≥ 86,medium
invitro_pre,fg_heteroaromatic_ring_count,ge,87,14,0,14,0.0,0.0,0.2316357616501165,0.11126279863481228,0.0,0.3881106934463162,negative,1.0,False,heteroaromatic_ring,heteroaromatic_ring ≥ 87,medium
invitro_pre,fg_heteroaromatic_ring_count,ge,88,14,0,14,0.0,0.0,0.2316357616501165,0.11126279863481228,0.0,0.3881106934463162,negative,1.0,False,heteroaromatic_ring,heteroaromatic_ring ≥ 88,medium
invitro_pre,fg_heteroaromatic_ring_count,ge,89,14,0,14,0.0,0.0,0.2316357616501165,0.11126279863481228,0.0,0.3881106934463162,negative,1.0,False,heteroaromatic_ring,heteroaromatic_ring ≥ 89,medium
invitro_pre,fg_heteroaromatic_ring_count,ge,90,14,0,14,0.0,0.0,0.2316357616501165,0.11126279863481228,0.0,0.3881106934463162,negative,1.0,False,heteroaromatic_ring,heteroaromatic_ring ≥ 90,medium
invitro_pre,fg_heteroaromatic_ring_count,ge,91,14,0,14,0.0,0.0,0.2316357616501165,0.11126279863481228,0.0,0.3881106934463162,negative,1.0,False,heteroaromatic_ring,heteroaromatic_ring ≥ 91,medium
invitro_pre,fg_heteroaromatic_ring_count,ge,92,14,0,14,0.0,0.0,0.2316357616501165,0.11126279863481228,0.0,0.3881106934463162,negative,1.0,False,heteroaromatic_ring,heteroaromatic_ring ≥ 92,medium
invitro_pre,fg_heteroaromatic_ring_count,ge,93,14,0,14,0.0,0.0,0.2316357616501165,0.11126279863481228,0.0,0.3881106934463162,negative,1.0,False,heteroaromatic_ring,heteroaromatic_ring ≥ 93,medium
invitro_pre,fg_heteroaromatic_ring_count,ge,94,14,0,14,0.0,0.0,0.2316357616501165,0.11126279863481228,0.0,0.3881106934463162,negative,1.0,False,heteroaromatic_ring,heteroaromatic_ring ≥ 94,medium
invitro_pre,fg_heteroaromatic_ring_count,ge,95,14,0,14,0.0,0.0,0.2316357616501165,0.11126279863481228,0.0,0.3881106934463162,negative,1.0,False,heteroaromatic_ring,heteroaromatic_ring ≥ 95,medium
invitro_pre,fg_heteroaromatic_ring_count,ge,96,14,0,14,0.0,0.0,0.2316357616501165,0.11126279863481228,0.0,0.3881106934463162,negative,1.0,False,heteroaromatic_ring,heteroaromatic_ring ≥ 96,medium
invitro_pre,fg_heteroaromatic_ring_count,ge,97,14,0,14,0.0,0.0,0.2316357616501165,0.11126279863481228,0.0,0.3881106934463162,negative,1.0,False,heteroaromatic_ring,heteroaromatic_ring ≥ 97,medium
invitro_pre,fg_heteroaromatic_ring_count,ge,98,14,0,14,0.0,0.0,0.2316357616501165,0.11126279863481228,0.0,0.3881106934463162,negative,1.0,False,heteroaromatic_ring,heteroaromatic_ring ≥ 98,medium
invitro_pre,fg_heteroaromatic_ring_count,ge,99,11,0,11,0.0,0.0,0.2849141529181545,0.11126279863481228,0.0,0.6226250177304421,negative,1.0,False,heteroaromatic_ring,heteroaromatic_ring ≥ 99,medium
invitro_pre,fg_heteroaromatic_ring_count,ge,100,10,0,10,0.0,0.0,0.30849710781876083,0.11126279863481228,0.0,0.613948815860081,negative,1.0,False,heteroaromatic_ring,heteroaromatic_ring ≥ 100,medium
invitro_pre,fg_heteroaromatic_ring_count,ge,101,9,0,9,0.0,0.0,0.3362671168799429,0.11126279863481228,0.0,0.6090560496932382,negative,1.0,False,heteroaromatic_ring,heteroaromatic_ring ≥ 101,low
invitro_pre,fg_heteroaromatic_ring_count,ge,102,9,0,9,0.0,0.0,0.3362671168799429,0.11126279863481228,0.0,0.6090560496932382,negative,1.0,False,heteroaromatic_ring,heteroaromatic_ring ≥ 102,low
invitro_pre,fg_heteroaromatic_ring_count,ge,103,9,0,9,0.0,0.0,0.3362671168799429,0.11126279863481228,0.0,0.6090560496932382,negative,1.0,False,heteroaromatic_ring,heteroaromatic_ring ≥ 103,low
invitro_pre,fg_heteroaromatic_ring_count,ge,104,9,0,9,0.0,0.0,0.3362671168799429,0.11126279863481228,0.0,0.6090560496932382,negative,1.0,False,heteroaromatic_ring,heteroaromatic_ring ≥ 104,low
invitro_pre,fg_heteroaromatic_ring_count,ge,105,8,0,8,0.0,0.0,0.3694166475528193,0.11126279863481228,0.0,0.609022506668759,negative,1.0,False,heteroaromatic_ring,heteroaromatic_ring ≥ 105,low
invitro_pre,fg_heteroaromatic_ring_count,ge,106,8,0,8,0.0,0.0,0.3694166475528193,0.11126279863481228,0.0,0.609022506668759,negative,1.0,False,heteroaromatic_ring,heteroaromatic_ring ≥ 106,low
invitro_pre,fg_heteroaromatic_ring_count,ge,107,7,0,7,0.0,0.0,0.4096163972250034,0.11126279863481228,0.0,1.0,negative,1.0,False,heteroaromatic_ring,heteroaromatic_ring ≥ 107,low
invitro_pre,fg_heteroaromatic_ring_count,ge,108,7,0,7,0.0,0.0,0.4096163972250034,0.11126279863481228,0.0,1.0,negative,1.0,False,heteroaromatic_ring,heteroaromatic_ring ≥ 108,low
invitro_pre,fg_heteroaromatic_ring_count,ge,109,7,0,7,0.0,0.0,0.4096163972250034,0.11126279863481228,0.0,1.0,negative,1.0,False,heteroaromatic_ring,heteroaromatic_ring ≥ 109,low
invitro_pre,fg_heteroaromatic_ring_count,ge,110,7,0,7,0.0,0.0,0.4096163972250034,0.11126279863481228,0.0,1.0,negative,1.0,False,heteroaromatic_ring,heteroaromatic_ring ≥ 110,low
invitro_pre,fg_heteroaromatic_ring_count,ge,111,4,0,4,0.0,0.0,0.6023646356164747,0.11126279863481228,0.0,1.0,negative,1.0,False,heteroaromatic_ring,heteroaromatic_ring ≥ 111,low
invitro_pre,fg_heteroaromatic_ring_count,ge,112,4,0,4,0.0,0.0,0.6023646356164747,0.11126279863481228,0.0,1.0,negative,1.0,False,heteroaromatic_ring,heteroaromatic_ring ≥ 112,low
invitro_pre,fg_heteroaromatic_ring_count,ge,113,4,0,4,0.0,0.0,0.6023646356164747,0.11126279863481228,0.0,1.0,negative,1.0,False,heteroaromatic_ring,heteroaromatic_ring ≥ 113,low
invitro_pre,fg_heteroaromatic_ring_count,ge,114,4,0,4,0.0,0.0,0.6023646356164747,0.11126279863481228,0.0,1.0,negative,1.0,False,heteroaromatic_ring,heteroaromatic_ring ≥ 114,low
invitro_pre,fg_heteroaromatic_ring_count,ge,115,4,0,4,0.0,0.0,0.6023646356164747,0.11126279863481228,0.0,1.0,negative,1.0,False,heteroaromatic_ring,heteroaromatic_ring ≥ 115,low
invitro_pre,fg_heteroaromatic_ring_count,ge,116,4,0,4,0.0,0.0,0.6023646356164747,0.11126279863481228,0.0,1.0,negative,1.0,False,heteroaromatic_ring,heteroaromatic_ring ≥ 116,low
invitro_pre,fg_heteroaromatic_ring_count,ge,117,3,0,3,0.0,0.0,0.7075982261787134,0.11126279863481228,0.0,1.0,negative,1.0,False,heteroaromatic_ring,heteroaromatic_ring ≥ 117,low
invitro_pre,fg_heteroaromatic_ring_count,ge,118,3,0,3,0.0,0.0,0.7075982261787134,0.11126279863481228,0.0,1.0,negative,1.0,False,heteroaromatic_ring,heteroaromatic_ring ≥ 118,low
invitro_pre,fg_heteroaromatic_ring_count,ge,119,3,0,3,0.0,0.0,0.7075982261787134,0.11126279863481228,0.0,1.0,negative,1.0,False,heteroaromatic_ring,heteroaromatic_ring ≥ 119,low
invitro_pre,fg_heteroaromatic_ring_count,ge,120,3,0,3,0.0,0.0,0.7075982261787134,0.11126279863481228,0.0,1.0,negative,1.0,False,heteroaromatic_ring,heteroaromatic_ring ≥ 120,low
invitro_pre,fg_heteroaromatic_ring_count,ge,121,3,0,3,0.0,0.0,0.7075982261787134,0.11126279863481228,0.0,1.0,negative,1.0,False,heteroaromatic_ring,heteroaromatic_ring ≥ 121,low
invitro_pre,fg_heteroaromatic_ring_count,ge,122,3,0,3,0.0,0.0,0.7075982261787134,0.11126279863481228,0.0,1.0,negative,1.0,False,heteroaromatic_ring,heteroaromatic_ring ≥ 122,low
invitro_pre,fg_heteroaromatic_ring_count,ge,123,3,0,3,0.0,0.0,0.7075982261787134,0.11126279863481228,0.0,1.0,negative,1.0,False,heteroaromatic_ring,heteroaromatic_ring ≥ 123,low
invitro_pre,fg_heteroaromatic_ring_count,ge,124,3,0,3,0.0,0.0,0.7075982261787134,0.11126279863481228,0.0,1.0,negative,1.0,False,heteroaromatic_ring,heteroaromatic_ring ≥ 124,low
invitro_pre,fg_heteroaromatic_ring_count,ge,125,3,0,3,0.0,0.0,0.7075982261787134,0.11126279863481228,0.0,1.0,negative,1.0,False,heteroaromatic_ring,heteroaromatic_ring ≥ 125,low
invitro_pre,fg_heteroaromatic_ring_count,ge,126,3,0,3,0.0,0.0,0.7075982261787134,0.11126279863481228,0.0,1.0,negative,1.0,False,heteroaromatic_ring,heteroaromatic_ring ≥ 126,low
invitro_pre,fg_heteroaromatic_ring_count,ge,127,3,0,3,0.0,0.0,0.7075982261787134,0.11126279863481228,0.0,1.0,negative,1.0,False,heteroaromatic_ring,heteroaromatic_ring ≥ 127,low
invitro_pre,fg_heteroaromatic_ring_count,ge,128,3,0,3,0.0,0.0,0.7075982261787134,0.11126279863481228,0.0,1.0,negative,1.0,False,heteroaromatic_ring,heteroaromatic_ring ≥ 128,low
invitro_pre,fg_heteroaromatic_ring_count,ge,129,3,0,3,0.0,0.0,0.7075982261787134,0.11126279863481228,0.0,1.0,negative,1.0,False,heteroaromatic_ring,heteroaromatic_ring ≥ 129,low
invitro_pre,fg_heteroaromatic_ring_count,ge,130,3,0,3,0.0,0.0,0.7075982261787134,0.11126279863481228,0.0,1.0,negative,1.0,False,heteroaromatic_ring,heteroaromatic_ring ≥ 130,low
invitro_pre,fg_heteroaromatic_ring_count,ge,131,3,0,3,0.0,0.0,0.7075982261787134,0.11126279863481228,0.0,1.0,negative,1.0,False,heteroaromatic_ring,heteroaromatic_ring ≥ 131,low
invitro_pre,fg_heteroaromatic_ring_count,ge,132,3,0,3,0.0,0.0,0.7075982261787134,0.11126279863481228,0.0,1.0,negative,1.0,False,heteroaromatic_ring,heteroaromatic_ring ≥ 132,low
invitro_pre,fg_heteroaromatic_ring_count,ge,133,3,0,3,0.0,0.0,0.7075982261787134,0.11126279863481228,0.0,1.0,negative,1.0,False,heteroaromatic_ring,heteroaromatic_ring ≥ 133,low
invitro_pre,fg_heteroaromatic_ring_count,ge,134,3,0,3,0.0,0.0,0.7075982261787134,0.11126279863481228,0.0,1.0,negative,1.0,False,heteroaromatic_ring,heteroaromatic_ring ≥ 134,low
invitro_pre,fg_heteroaromatic_ring_count,ge,135,3,0,3,0.0,0.0,0.7075982261787134,0.11126279863481228,0.0,1.0,negative,1.0,False,heteroaromatic_ring,heteroaromatic_ring ≥ 135,low
invitro_pre,fg_heteroaromatic_ring_count,ge,136,3,0,3,0.0,0.0,0.7075982261787134,0.11126279863481228,0.0,1.0,negative,1.0,False,heteroaromatic_ring,heteroaromatic_ring ≥ 136,low
invitro_pre,fg_heteroaromatic_ring_count,ge,137,3,0,3,0.0,0.0,0.7075982261787134,0.11126279863481228,0.0,1.0,negative,1.0,False,heteroaromatic_ring,heteroaromatic_ring ≥ 137,low
invitro_pre,fg_heteroaromatic_ring_count,ge,138,3,0,3,0.0,0.0,0.7075982261787134,0.11126279863481228,0.0,1.0,negative,1.0,False,heteroaromatic_ring,heteroaromatic_ring ≥ 138,low
invitro_pre,fg_heteroaromatic_ring_count,ge,139,3,0,3,0.0,0.0,0.7075982261787134,0.11126279863481228,0.0,1.0,negative,1.0,False,heteroaromatic_ring,heteroaromatic_ring ≥ 139,low
invitro_pre,fg_heteroaromatic_ring_count,ge,140,3,0,3,0.0,0.0,0.7075982261787134,0.11126279863481228,0.0,1.0,negative,1.0,False,heteroaromatic_ring,heteroaromatic_ring ≥ 140,low
invitro_pre,fg_heteroaromatic_ring_count,ge,141,3,0,3,0.0,0.0,0.7075982261787134,0.11126279863481228,0.0,1.0,negative,1.0,False,heteroaromatic_ring,heteroaromatic_ring ≥ 141,low
invitro_pre,fg_heteroaromatic_ring_count,ge,142,3,0,3,0.0,0.0,0.7075982261787134,0.11126279863481228,0.0,1.0,negative,1.0,False,heteroaromatic_ring,heteroaromatic_ring ≥ 142,low
invitro_pre,fg_heteroaromatic_ring_count,ge,143,3,0,3,0.0,0.0,0.7075982261787134,0.11126279863481228,0.0,1.0,negative,1.0,False,heteroaromatic_ring,heteroaromatic_ring ≥ 143,low
invitro_pre,fg_heteroaromatic_ring_count,ge,144,3,0,3,0.0,0.0,0.7075982261787134,0.11126279863481228,0.0,1.0,negative,1.0,False,heteroaromatic_ring,heteroaromatic_ring ≥ 144,low
invitro_pre,fg_fused_ring_like_count,eq,1,9,1,8,0.1111111111111111,0.002809136746599214,0.4824965149173371,0.11126279863481228,0.9986366734832992,1.0,negative,1.0,False,fused_ring_like,fused_ring_like = 1,low
invitro_pre,fg_fused_ring_like_count,eq,2,120,18,102,0.15,0.09138957252823,0.2266671434126284,0.11126279863481228,1.348159509202454,0.1715756457762972,positive,0.8201559237817326,False,fused_ring_like,fused_ring_like = 2,high
invitro_pre,fg_fused_ring_like_count,eq,3,9,2,7,0.2222222222222222,0.028144973477898197,0.6000935737163122,0.11126279863481228,1.9972733469665984,0.2642152373572124,positive,0.9838733147997855,False,fused_ring_like,fused_ring_like = 3,low
invitro_pre,fg_fused_ring_like_count,eq,4,53,8,45,0.1509433962264151,0.06749253811596383,0.2759211788547169,0.11126279863481228,1.3566384998263687,0.36973328254836235,positive,1.0,False,fused_ring_like,fused_ring_like = 4,high
invitro_pre,fg_fused_ring_like_count,eq,5,12,3,9,0.25,0.05486064452799272,0.5718584618781892,0.11126279863481228,2.2469325153374236,0.14046661105351116,positive,0.8087301677436833,False,fused_ring_like,fused_ring_like = 5,medium
invitro_pre,fg_fused_ring_like_count,eq,6,6,1,5,0.16666666666666666,0.00421074451448947,0.6412345789976748,0.11126279863481228,1.4979550102249488,0.5078675742971118,positive,1.0,False,fused_ring_like,fused_ring_like = 6,low
invitro_pre,fg_fused_ring_like_count,eq,7,4,0,4,0.0,0.0,0.6023646356164747,0.11126279863481228,0.0,1.0,negative,1.0,False,fused_ring_like,fused_ring_like = 7,low
invitro_pre,fg_fused_ring_like_count,eq,8,7,0,7,0.0,0.0,0.4096163972250034,0.11126279863481228,0.0,1.0,negative,1.0,False,fused_ring_like,fused_ring_like = 8,low
invitro_pre,fg_fused_ring_like_count,eq,12,8,0,8,0.0,0.0,0.3694166475528193,0.11126279863481228,0.0,0.609022506668759,negative,1.0,False,fused_ring_like,fused_ring_like = 12,low
invitro_pre,fg_fused_ring_like_count,eq,20,3,0,3,0.0,0.0,0.7075982261787134,0.11126279863481228,0.0,1.0,negative,1.0,False,fused_ring_like,fused_ring_like = 20,low
invitro_pre,fg_fused_ring_like_count,ge,1,234,34,200,0.1452991452991453,0.10276927359326939,0.1970797701423595,0.11126279863481228,1.3059094960935453,0.08802172810926583,positive,0.6311345185706932,False,fused_ring_like,fused_ring_like ≥ 1,high
invitro_pre,fg_fused_ring_like_count,ge,2,225,33,192,0.14666666666666667,0.10315860253761537,0.19976440323450131,0.11126279863481228,1.318200408997955,0.08295786072165308,positive,0.6012214852300449,False,fused_ring_like,fused_ring_like ≥ 2,high
invitro_pre,fg_fused_ring_like_count,ge,3,105,15,90,0.14285714285714285,0.0822171877667813,0.22465360765880238,0.11126279863481228,1.2839614373356705,0.26313606529671146,positive,0.9838733147997855,False,fused_ring_like,fused_ring_like ≥ 3,high
invitro_pre,fg_fused_ring_like_count,ge,4,96,13,83,0.13541666666666666,0.07411955309502556,0.2204295889034942,0.11126279863481228,1.2170884458077709,0.4038205453767912,positive,1.0,False,fused_ring_like,fused_ring_like ≥ 4,high
invitro_pre,fg_fused_ring_like_count,ge,5,43,5,38,0.11627906976744186,0.038852314778061725,0.2508324253456527,0.11126279863481228,1.0450848908546155,0.8079178232263823,positive,1.0,False,fused_ring_like,fused_ring_like ≥ 5,high
invitro_pre,fg_fused_ring_like_count,ge,6,31,2,29,0.06451612903225806,0.007910983461854705,0.21421615716340228,0.11126279863481228,0.5798535523451415,0.5684546193608147,negative,1.0,False,fused_ring_like,fused_ring_like ≥ 6,high
invitro_pre,fg_fused_ring_like_count,ge,7,25,1,24,0.04,0.0010121996993108446,0.20351691392241403,0.11126279863481228,0.35950920245398776,0.3500017072269977,negative,1.0,False,fused_ring_like,fused_ring_like ≥ 7,high
invitro_pre,fg_fused_ring_like_count,ge,8,21,1,20,0.047619047619047616,0.0012048834483635127,0.23815990993682107,0.11126279863481228,0.4279871457785568,0.5010803748276375,negative,1.0,False,fused_ring_like,fused_ring_like ≥ 8,high
invitro_pre,fg_fused_ring_like_count,ge,9,14,1,13,0.07142857142857142,0.0018067806591253865,0.3386844899318212,0.11126279863481228,0.6419807186678352,1.0,negative,1.0,False,fused_ring_like,fused_ring_like ≥ 9,medium
invitro_pre,fg_fused_ring_like_count,ge,10,14,1,13,0.07142857142857142,0.0018067806591253865,0.3386844899318212,0.11126279863481228,0.6419807186678352,1.0,negative,1.0,False,fused_ring_like,fused_ring_like ≥ 10,medium
invitro_pre,fg_fused_ring_like_count,ge,11,12,1,11,0.08333333333333333,0.0021075932318602264,0.38479616515094406,0.11126279863481228,0.7489775051124744,1.0,negative,1.0,False,fused_ring_like,fused_ring_like ≥ 11,medium
invitro_pre,fg_fused_ring_like_count,ge,12,12,1,11,0.08333333333333333,0.0021075932318602264,0.38479616515094406,0.11126279863481228,0.7489775051124744,1.0,negative,1.0,False,fused_ring_like,fused_ring_like ≥ 12,medium
invitro_pre,fg_fused_ring_like_count,ge,13,4,1,3,0.25,0.006309463209709866,0.8058795503167566,0.11126279863481228,2.2469325153374236,0.37645129154882595,positive,1.0,False,fused_ring_like,fused_ring_like ≥ 13,low
invitro_pre,fg_fused_ring_like_count,ge,14,4,1,3,0.25,0.006309463209709866,0.8058795503167566,0.11126279863481228,2.2469325153374236,0.37645129154882595,positive,1.0,False,fused_ring_like,fused_ring_like ≥ 14,low
invitro_pre,fg_fused_ring_like_count,ge,15,3,0,3,0.0,0.0,0.7075982261787134,0.11126279863481228,0.0,1.0,negative,1.0,False,fused_ring_like,fused_ring_like ≥ 15,low
invitro_pre,fg_fused_ring_like_count,ge,16,3,0,3,0.0,0.0,0.7075982261787134,0.11126279863481228,0.0,1.0,negative,1.0,False,fused_ring_like,fused_ring_like ≥ 16,low
invitro_pre,fg_fused_ring_like_count,ge,17,3,0,3,0.0,0.0,0.7075982261787134,0.11126279863481228,0.0,1.0,negative,1.0,False,fused_ring_like,fused_ring_like ≥ 17,low
invitro_pre,fg_fused_ring_like_count,ge,18,3,0,3,0.0,0.0,0.7075982261787134,0.11126279863481228,0.0,1.0,negative,1.0,False,fused_ring_like,fused_ring_like ≥ 18,low
invitro_pre,fg_fused_ring_like_count,ge,19,3,0,3,0.0,0.0,0.7075982261787134,0.11126279863481228,0.0,1.0,negative,1.0,False,fused_ring_like,fused_ring_like ≥ 19,low
invitro_pre,fg_fused_ring_like_count,ge,20,3,0,3,0.0,0.0,0.7075982261787134,0.11126279863481228,0.0,1.0,negative,1.0,False,fused_ring_like,fused_ring_like ≥ 20,low
invitro_pre,fg_epoxide_count,eq,1,5,1,4,0.2,0.0050507633794680575,0.7164179361180896,0.11126279863481228,1.797546012269939,0.4460190119304421,positive,1.0,False,epoxide,epoxide = 1,low
invitro_pre,fg_epoxide_count,ge,1,9,4,5,0.4444444444444444,0.1369956622651665,0.787991493221132,0.11126279863481228,3.994546693933197,0.011887835711342358,positive,0.2165513856606689,False,epoxide,epoxide ≥ 1,low
invitro_pre,fg_epoxide_count,ge,2,4,3,1,0.75,0.19412044968324338,0.9936905367902902,0.11126279863481228,6.74079754601227,0.004974742454620089,positive,0.12858928008259157,False,epoxide,epoxide ≥ 2,low
invitro_pre,fg_halogen_any_count,eq,1,72,14,58,0.19444444444444445,0.11058378667848949,0.3046689332986832,0.11126279863481228,1.7476141785957737,0.0320900548798814,positive,0.4047052186935262,False,halogen_any,halogen_any = 1,high
invitro_pre,fg_halogen_any_count,eq,2,52,13,39,0.25,0.14034860358819093,0.3894638899311605,0.11126279863481228,2.2469325153374236,0.005151202614584529,positive,0.12858928008259157,False,halogen_any,halogen_any = 2,high
invitro_pre,fg_halogen_any_count,eq,3,32,3,29,0.09375,0.019767180173284868,0.2502269506837947,0.11126279863481228,0.8425996932515337,1.0,negative,1.0,False,halogen_any,halogen_any = 3,high
invitro_pre,fg_halogen_any_count,eq,4,23,5,18,0.21739130434782608,0.07460340764880372,0.4370307262368146,0.11126279863481228,1.9538543611629768,0.1679854947835544,positive,0.8087301677436833,False,halogen_any,halogen_any = 4,high
invitro_pre,fg_halogen_any_count,eq,5,8,1,7,0.125,0.0031597235312519063,0.5265096708752066,0.11126279863481228,1.1234662576687118,1.0,positive,1.0,False,halogen_any,halogen_any = 5,low
invitro_pre,fg_halogen_any_count,eq,6,15,3,12,0.2,0.0433120051058366,0.48089113380685305,0.11126279863481228,1.797546012269939,0.22832878803066856,positive,0.9678146172009369,False,halogen_any,halogen_any = 6,medium
invitro_pre,fg_halogen_any_count,eq,7,4,1,3,0.25,0.006309463209709866,0.8058795503167566,0.11126279863481228,2.2469325153374236,0.37645129154882595,positive,1.0,False,halogen_any,halogen_any = 7,low
invitro_pre,fg_halogen_any_count,eq,8,6,0,6,0.0,0.0,0.4592581264399005,0.11126279863481228,0.0,1.0,negative,1.0,False,halogen_any,halogen_any = 8,low
invitro_pre,fg_halogen_any_count,eq,10,4,0,4,0.0,0.0,0.6023646356164747,0.11126279863481228,0.0,1.0,negative,1.0,False,halogen_any,halogen_any = 10,low
invitro_pre,fg_halogen_any_count,eq,11,3,0,3,0.0,0.0,0.7075982261787134,0.11126279863481228,0.0,1.0,negative,1.0,False,halogen_any,halogen_any = 11,low
invitro_pre,fg_halogen_any_count,eq,12,3,0,3,0.0,0.0,0.7075982261787134,0.11126279863481228,0.0,1.0,negative,1.0,False,halogen_any,halogen_any = 12,low
invitro_pre,fg_halogen_any_count,eq,13,4,0,4,0.0,0.0,0.6023646356164747,0.11126279863481228,0.0,1.0,negative,1.0,False,halogen_any,halogen_any = 13,low
invitro_pre,fg_halogen_any_count,ge,1,231,40,191,0.17316017316017315,0.12668329657897817,0.2282413116373408,0.11126279863481228,1.5563168937402065,0.0019529683962180083,positive,0.0822687936906836,False,halogen_any,halogen_any ≥ 1,high
invitro_pre,fg_halogen_any_count,ge,2,159,26,133,0.16352201257861634,0.1096856380068715,0.23034525383473134,0.11126279863481228,1.4696917081452328,0.03221590359190556,positive,0.4047052186935262,False,halogen_any,halogen_any ≥ 2,high
invitro_pre,fg_halogen_any_count,ge,3,107,13,94,0.12149532710280374,0.0663042125475831,0.19879712704690397,0.11126279863481228,1.0919672037153834,0.7488790825870325,positive,1.0,False,halogen_any,halogen_any ≥ 3,high
invitro_pre,fg_halogen_any_count,ge,4,75,10,65,0.13333333333333333,0.06583383367895039,0.23156644189706166,0.11126279863481228,1.1983640081799591,0.569808402757173,positive,1.0,False,halogen_any,halogen_any ≥ 4,high
invitro_pre,fg_halogen_any_count,ge,5,52,5,47,0.09615384615384616,0.03196423637692165,0.21029747193932533,0.11126279863481228,0.8642048135913167,1.0,negative,1.0,False,halogen_any,halogen_any ≥ 5,high
invitro_pre,fg_halogen_any_count,ge,6,44,4,40,0.09090909090909091,0.025328421703450756,0.21668658946527455,0.11126279863481228,0.8170663692136085,0.8109976218413185,negative,1.0,False,halogen_any,halogen_any ≥ 6,high
invitro_pre,fg_halogen_any_count,ge,7,29,1,28,0.034482758620689655,0.000872646883579922,0.17764429548872293,0.11126279863481228,0.3099217262534377,0.2426670326555147,negative,0.9678146172009369,False,halogen_any,halogen_any ≥ 7,high
invitro_pre,fg_halogen_any_count,ge,8,25,0,25,0.0,0.0,0.13718517153071255,0.11126279863481228,0.0,0.10180911335758565,negative,0.6793994297327992,False,halogen_any,halogen_any ≥ 8,high
invitro_pre,fg_halogen_any_count,ge,9,19,0,19,0.0,0.0,0.1764669118069654,0.11126279863481228,0.0,0.25706437010803695,negative,0.9788778839142197,False,halogen_any,halogen_any ≥ 9,medium
invitro_pre,fg_halogen_any_count,ge,10,17,0,17,0.0,0.0,0.1950643229690932,0.11126279863481228,0.0,0.24410754439786242,negative,0.9678146172009369,False,halogen_any,halogen_any ≥ 10,medium
invitro_pre,fg_halogen_any_count,ge,11,13,0,13,0.0,0.0,0.24705263800047095,0.11126279863481228,0.0,0.3827788213260008,negative,1.0,False,halogen_any,halogen_any ≥ 11,medium
invitro_pre,fg_halogen_any_count,ge,12,10,0,10,0.0,0.0,0.30849710781876083,0.11126279863481228,0.0,0.613948815860081,negative,1.0,False,halogen_any,halogen_any ≥ 12,medium
invitro_pre,fg_halogen_any_count,ge,13,7,0,7,0.0,0.0,0.4096163972250034,0.11126279863481228,0.0,1.0,negative,1.0,False,halogen_any,halogen_any ≥ 13,low
invitro_pre,fg_halogen_any_count,ge,14,3,0,3,0.0,0.0,0.7075982261787134,0.11126279863481228,0.0,1.0,negative,1.0,False,halogen_any,halogen_any ≥ 14,low
invitro_pre,fg_halogen_any_count,ge,15,3,0,3,0.0,0.0,0.7075982261787134,0.11126279863481228,0.0,1.0,negative,1.0,False,halogen_any,halogen_any ≥ 15,low
invitro_pre,fg_fluoro_count,eq,1,19,5,14,0.2631578947368421,0.09146578490766653,0.5120293453458727,0.11126279863481228,2.365192121407814,0.05111547540987266,positive,0.47194288255142697,False,fluoro,fluoro = 1,medium
invitro_pre,fg_fluoro_count,eq,2,12,2,10,0.16666666666666666,0.020862525460092384,0.48413774868596715,0.11126279863481228,1.4979550102249488,0.6341864621040874,positive,1.0,False,fluoro,fluoro = 2,medium
invitro_pre,fg_fluoro_count,eq,3,31,2,29,0.06451612903225806,0.007910983461854705,0.21421615716340228,0.11126279863481228,0.5798535523451415,0.5684546193608147,negative,1.0,False,fluoro,fluoro = 3,high
invitro_pre,fg_fluoro_count,eq,4,7,4,3,0.5714285714285714,0.184051567640083,0.9010117215574921,0.11126279863481228,5.135845749342682,0.003952716913247377,positive,0.11583179128385793,False,fluoro,fluoro = 4,low
invitro_pre,fg_fluoro_count,eq,6,12,1,11,0.08333333333333333,0.0021075932318602264,0.38479616515094406,0.11126279863481228,0.7489775051124744,1.0,negative,1.0,False,fluoro,fluoro = 6,medium
invitro_pre,fg_fluoro_count,eq,7,3,1,2,0.3333333333333333,0.008403758659612636,0.9057006759497539,0.11126279863481228,2.9959100204498976,0.29820768917966395,positive,1.0,False,fluoro,fluoro = 7,low
invitro_pre,fg_fluoro_count,eq,8,4,0,4,0.0,0.0,0.6023646356164747,0.11126279863481228,0.0,1.0,negative,1.0,False,fluoro,fluoro = 8,low
invitro_pre,fg_fluoro_count,eq,9,3,0,3,0.0,0.0,0.7075982261787134,0.11126279863481228,0.0,1.0,negative,1.0,False,fluoro,fluoro = 9,low
invitro_pre,fg_fluoro_count,eq,13,4,0,4,0.0,0.0,0.6023646356164747,0.11126279863481228,0.0,1.0,negative,1.0,False,fluoro,fluoro = 13,low
invitro_pre,fg_fluoro_count,ge,1,101,15,86,0.1485148514851485,0.0855723288387756,0.2330969038533493,0.11126279863481228,1.3348113952499545,0.24859390126738604,positive,0.9741412177570825,False,fluoro,fluoro ≥ 1,high
invitro_pre,fg_fluoro_count,ge,2,82,10,72,0.12195121951219512,0.0600580130059554,0.21285882683135976,0.11126279863481228,1.0960646416280113,0.7181066637431782,positive,1.0,False,fluoro,fluoro ≥ 2,high
invitro_pre,fg_fluoro_count,ge,3,70,8,62,0.11428571428571428,0.050652198790356456,0.2128280421690903,0.11126279863481228,1.0271691498685365,0.8470351793381936,positive,1.0,False,fluoro,fluoro ≥ 3,high
invitro_pre,fg_fluoro_count,ge,4,39,6,33,0.15384615384615385,0.05862426286078934,0.3052799244367127,0.11126279863481228,1.3827277017461068,0.4332208085483741,positive,1.0,False,fluoro,fluoro ≥ 4,high
invitro_pre,fg_fluoro_count,ge,5,32,2,30,0.0625,0.007660736346456386,0.20806942989500746,0.11126279863481228,0.5617331288343559,0.5697166490186879,negative,1.0,False,fluoro,fluoro ≥ 5,high
invitro_pre,fg_fluoro_count,ge,6,31,2,29,0.06451612903225806,0.007910983461854705,0.21421615716340228,0.11126279863481228,0.5798535523451415,0.5684546193608147,negative,1.0,False,fluoro,fluoro ≥ 6,high
invitro_pre,fg_fluoro_count,ge,7,19,1,18,0.05263157894736842,0.0013316288041794228,0.2602806541952142,0.11126279863481228,0.4730384242815628,0.7132385437451886,negative,1.0,False,fluoro,fluoro ≥ 7,medium
invitro_pre,fg_fluoro_count,ge,8,16,0,16,0.0,0.0,0.20590721420782274,0.11126279863481228,0.0,0.24252708044527052,negative,0.9678146172009369,False,fluoro,fluoro ≥ 8,medium
invitro_pre,fg_fluoro_count,ge,9,12,0,12,0.0,0.0,0.2646484693970512,0.11126279863481228,0.0,0.38191102691425927,negative,1.0,False,fluoro,fluoro ≥ 9,medium
invitro_pre,fg_fluoro_count,ge,10,9,0,9,0.0,0.0,0.3362671168799429,0.11126279863481228,0.0,0.6090560496932382,negative,1.0,False,fluoro,fluoro ≥ 10,low
invitro_pre,fg_fluoro_count,ge,11,8,0,8,0.0,0.0,0.3694166475528193,0.11126279863481228,0.0,0.609022506668759,negative,1.0,False,fluoro,fluoro ≥ 11,low
invitro_pre,fg_fluoro_count,ge,12,7,0,7,0.0,0.0,0.4096163972250034,0.11126279863481228,0.0,1.0,negative,1.0,False,fluoro,fluoro ≥ 12,low
invitro_pre,fg_fluoro_count,ge,13,5,0,5,0.0,0.0,0.5218237501049815,0.11126279863481228,0.0,1.0,negative,1.0,False,fluoro,fluoro ≥ 13,low
invitro_pre,fg_chloro_count,eq,1,67,8,59,0.11940298507462686,0.05298480594316101,0.2217851384399428,0.11126279863481228,1.0731617983701127,0.8417034223115585,positive,1.0,False,chloro,chloro = 1,high
invitro_pre,fg_chloro_count,eq,2,50,13,37,0.26,0.1463005843965545,0.40344767872806575,0.11126279863481228,2.3368098159509203,0.0022002090532268546,positive,0.08238560565971667,False,chloro,chloro = 2,high
invitro_pre,fg_chloro_count,eq,3,12,1,11,0.08333333333333333,0.0021075932318602264,0.38479616515094406,0.11126279863481228,0.7489775051124744,1.0,negative,1.0,False,chloro,chloro = 3,medium
invitro_pre,fg_chloro_count,eq,4,4,1,3,0.25,0.006309463209709866,0.8058795503167566,0.11126279863481228,2.2469325153374236,0.37645129154882595,positive,1.0,False,chloro,chloro = 4,low
invitro_pre,fg_chloro_count,eq,5,3,0,3,0.0,0.0,0.7075982261787134,0.11126279863481228,0.0,1.0,negative,1.0,False,chloro,chloro = 5,low
invitro_pre,fg_chloro_count,eq,6,4,1,3,0.25,0.006309463209709866,0.8058795503167566,0.11126279863481228,2.2469325153374236,0.37645129154882595,positive,1.0,False,chloro,chloro = 6,low
invitro_pre,fg_chloro_count,ge,1,144,24,120,0.16666666666666666,0.1098022075921869,0.2377609014225277,0.11126279863481228,1.4979550102249488,0.03518044602034702,positive,0.4088210451329981,False,chloro,chloro ≥ 1,high
invitro_pre,fg_chloro_count,ge,2,77,16,61,0.2077922077922078,0.12369082542668737,0.31539182310484526,0.11126279863481228,1.8675802724882482,0.013621791485291135,positive,0.23453360703382867,False,chloro,chloro ≥ 2,high
invitro_pre,fg_chloro_count,ge,3,27,3,24,0.1111111111111111,0.02352745438085398,0.291586924273552,0.11126279863481228,0.9986366734832992,1.0,negative,1.0,False,chloro,chloro ≥ 3,high
invitro_pre,fg_chloro_count,ge,4,15,2,13,0.13333333333333333,0.016575913440083623,0.4046026966033721,0.11126279863481228,1.1983640081799591,0.679344263743437,positive,1.0,False,chloro,chloro ≥ 4,medium
invitro_pre,fg_chloro_count,ge,5,11,1,10,0.09090909090909091,0.002298972213814267,0.4127799169883827,0.11126279863481228,0.8170663692136085,1.0,negative,1.0,False,chloro,chloro ≥ 5,medium
invitro_pre,fg_chloro_count,ge,6,8,1,7,0.125,0.0031597235312519063,0.5265096708752066,0.11126279863481228,1.1234662576687118,1.0,positive,1.0,False,chloro,chloro ≥ 6,low
invitro_pre,fg_chloro_count,ge,7,4,0,4,0.0,0.0,0.6023646356164747,0.11126279863481228,0.0,1.0,negative,1.0,False,chloro,chloro ≥ 7,low
invitro_pre,fg_chloro_count,ge,8,4,0,4,0.0,0.0,0.6023646356164747,0.11126279863481228,0.0,1.0,negative,1.0,False,chloro,chloro ≥ 8,low
invitro_pre,fg_chloro_count,ge,9,3,0,3,0.0,0.0,0.7075982261787134,0.11126279863481228,0.0,1.0,negative,1.0,False,chloro,chloro ≥ 9,low
invitro_pre,fg_chloro_count,ge,10,3,0,3,0.0,0.0,0.7075982261787134,0.11126279863481228,0.0,1.0,negative,1.0,False,chloro,chloro ≥ 10,low
invitro_pre,fg_bromo_count,eq,1,11,3,8,0.2727272727272727,0.06021773417290665,0.6097425595724213,0.11126279863481228,2.4511991076408255,0.11428953895660324,positive,0.7404920128329867,False,bromo,bromo = 1,medium
invitro_pre,fg_bromo_count,ge,1,19,4,15,0.21052631578947367,0.060524537709289755,0.45565308189150566,0.11126279863481228,1.8921536971262511,0.15228152190433186,positive,0.8087301677436833,False,bromo,bromo ≥ 1,medium
invitro_pre,fg_bromo_count,ge,2,8,1,7,0.125,0.0031597235312519063,0.5265096708752066,0.11126279863481228,1.1234662576687118,1.0,positive,1.0,False,bromo,bromo ≥ 2,low
invitro_pre,fg_bromo_count,ge,3,6,0,6,0.0,0.0,0.4592581264399005,0.11126279863481228,0.0,1.0,negative,1.0,False,bromo,bromo ≥ 3,low
invitro_pre,fg_bromo_count,ge,4,6,0,6,0.0,0.0,0.4592581264399005,0.11126279863481228,0.0,1.0,negative,1.0,False,bromo,bromo ≥ 4,low
invitro_pre,fg_bromo_count,ge,5,4,0,4,0.0,0.0,0.6023646356164747,0.11126279863481228,0.0,1.0,negative,1.0,False,bromo,bromo ≥ 5,low
invitro_pre,fg_bromo_count,ge,6,4,0,4,0.0,0.0,0.6023646356164747,0.11126279863481228,0.0,1.0,negative,1.0,False,bromo,bromo ≥ 6,low
invitro_pre,fg_iodo_count,eq,1,3,0,3,0.0,0.0,0.7075982261787134,0.11126279863481228,0.0,1.0,negative,1.0,False,iodo,iodo = 1,low
invitro_pre,fg_iodo_count,ge,1,4,1,3,0.25,0.006309463209709866,0.8058795503167566,0.11126279863481228,2.2469325153374236,0.37645129154882595,positive,1.0,False,iodo,iodo ≥ 1,low
invitro_pre,fg_sulfide_count,eq,1,23,2,21,0.08695652173913043,0.010709966037875884,0.28037933590941094,0.11126279863481228,0.7815417444651908,1.0,negative,1.0,False,sulfide,sulfide = 1,high
invitro_pre,fg_sulfide_count,ge,1,26,2,24,0.07692307692307693,0.00945539100371274,0.25130291669537386,0.11126279863481228,0.6913638508730534,0.7602247096961011,negative,1.0,False,sulfide,sulfide ≥ 1,high
invitro_pre,fg_sulfide_count,ge,2,3,0,3,0.0,0.0,0.7075982261787134,0.11126279863481228,0.0,1.0,negative,1.0,False,sulfide,sulfide ≥ 2,low
invitro_pre,fg_sulfone_count,eq,1,69,9,60,0.13043478260869565,0.06141709974011637,0.2332189597948612,0.11126279863481228,1.1723126166977862,0.5580086257158947,positive,1.0,False,sulfone,sulfone = 1,high
invitro_pre,fg_sulfone_count,eq,2,33,9,24,0.2727272727272727,0.13299638871081493,0.4552384277607819,0.11126279863481228,2.4511991076408255,0.00761029993568333,positive,0.17097807188835215,False,sulfone,sulfone = 2,high
invitro_pre,fg_sulfone_count,eq,3,8,2,6,0.25,0.031854026249944226,0.6508557944128242,0.11126279863481228,2.2469325153374236,0.22074347763198185,positive,0.9678146172009369,False,sulfone,sulfone = 3,low
invitro_pre,fg_sulfone_count,eq,4,4,0,4,0.0,0.0,0.6023646356164747,0.11126279863481228,0.0,1.0,negative,1.0,False,sulfone,sulfone = 4,low
invitro_pre,fg_sulfone_count,eq,5,5,3,2,0.6,0.14663279963467313,0.9472550494736831,0.11126279863481228,5.392638036809816,0.011421590146904036,positive,0.2165513856606689,False,sulfone,sulfone = 5,low
invitro_pre,fg_sulfone_count,eq,6,6,0,6,0.0,0.0,0.4592581264399005,0.11126279863481228,0.0,1.0,negative,1.0,False,sulfone,sulfone = 6,low
invitro_pre,fg_sulfone_count,ge,1,128,24,104,0.1875,0.12398489902587968,0.26601640250010217,0.11126279863481228,1.6851993865030674,0.00742133060825024,positive,0.17097807188835215,False,sulfone,sulfone ≥ 1,high
invitro_pre,fg_sulfone_count,ge,2,59,15,44,0.2542372881355932,0.1498207791689396,0.3844240618053417,0.11126279863481228,2.2850161172922947,0.002108051417468222,positive,0.08238560565971667,False,sulfone,sulfone ≥ 2,high
invitro_pre,fg_sulfone_count,ge,3,26,6,20,0.23076923076923078,0.08974011088457516,0.4364750969413865,0.11126279863481228,2.0740915526191603,0.06011990090179703,positive,0.5185479664932671,False,sulfone,sulfone ≥ 3,high
invitro_pre,fg_sulfone_count,ge,4,18,4,14,0.2222222222222222,0.0640920477176665,0.4763727657364802,0.11126279863481228,1.9972733469665984,0.13098340685286683,positive,0.80865928829334,False,sulfone,sulfone ≥ 4,medium
invitro_pre,fg_sulfone_count,ge,5,14,4,10,0.2857142857142857,0.08388931830712752,0.5810352571836609,0.11126279863481228,2.567922874671341,0.060636315888952554,positive,0.5185479664932671,False,sulfone,sulfone ≥ 5,medium
invitro_pre,fg_sulfone_count,ge,6,9,1,8,0.1111111111111111,0.002809136746599214,0.4824965149173371,0.11126279863481228,0.9986366734832992,1.0,negative,1.0,False,sulfone,sulfone ≥ 6,low
invitro_pre,fg_sulfone_count,ge,7,3,1,2,0.3333333333333333,0.008403758659612636,0.9057006759497539,0.11126279863481228,2.9959100204498976,0.29820768917966395,positive,1.0,False,sulfone,sulfone ≥ 7,low
invitro_pre,fg_sulfonamide_count,eq,1,25,1,24,0.04,0.0010121996993108446,0.20351691392241403,0.11126279863481228,0.35950920245398776,0.3500017072269977,negative,1.0,False,sulfonamide,sulfonamide = 1,high
invitro_pre,fg_sulfonamide_count,ge,1,26,1,25,0.038461538461538464,0.0009732878933350304,0.19636964676253899,0.11126279863481228,0.3456819254365267,0.34978637794336775,negative,1.0,False,sulfonamide,sulfonamide ≥ 1,high
invitro_pre,fg_sulfonic_acid_or_sulfonate_count,eq,1,52,7,45,0.1346153846153846,0.05587886348516007,0.25787858503950795,0.11126279863481228,1.2098867390278434,0.5066346933260587,positive,1.0,False,sulfonic_acid_or_sulfonate,sulfonic_acid_or_sulfonate = 1,high
invitro_pre,fg_sulfonic_acid_or_sulfonate_count,eq,2,26,6,20,0.23076923076923078,0.08974011088457516,0.4364750969413865,0.11126279863481228,2.0740915526191603,0.06011990090179703,positive,0.5185479664932671,False,sulfonic_acid_or_sulfonate,sulfonic_acid_or_sulfonate = 2,high
invitro_pre,fg_sulfonic_acid_or_sulfonate_count,eq,3,7,2,5,0.2857142857142857,0.03669256617608555,0.7095791362626573,0.11126279863481228,2.567922874671341,0.1779803142988773,positive,0.8388722506114916,False,sulfonic_acid_or_sulfonate,sulfonic_acid_or_sulfonate = 3,low
invitro_pre,fg_sulfonic_acid_or_sulfonate_count,eq,4,6,2,4,0.3333333333333333,0.043271868292741676,0.7772219044964879,0.11126279863481228,2.9959100204498976,0.13677620009709313,positive,0.80865928829334,False,sulfonic_acid_or_sulfonate,sulfonic_acid_or_sulfonate = 4,low
invitro_pre,fg_sulfonic_acid_or_sulfonate_count,eq,6,5,0,5,0.0,0.0,0.5218237501049815,0.11126279863481228,0.0,1.0,negative,1.0,False,sulfonic_acid_or_sulfonate,sulfonic_acid_or_sulfonate = 6,low
invitro_pre,fg_sulfonic_acid_or_sulfonate_count,ge,1,99,18,81,0.18181818181818182,0.11146544740950744,0.2720442183788536,0.11126279863481228,1.634132738427217,0.029855906864881567,positive,0.4047052186935262,False,sulfonic_acid_or_sulfonate,sulfonic_acid_or_sulfonate ≥ 1,high
invitro_pre,fg_sulfonic_acid_or_sulfonate_count,ge,2,47,11,36,0.23404255319148937,0.12303346328550158,0.38025729812359843,0.11126279863481228,2.1035112909541835,0.014789176667358885,positive,0.24311963594633876,False,sulfonic_acid_or_sulfonate,sulfonic_acid_or_sulfonate ≥ 2,high
invitro_pre,fg_sulfonic_acid_or_sulfonate_count,ge,3,21,5,16,0.23809523809523808,0.08217587559302258,0.47165982765462133,0.11126279863481228,2.1399357288927843,0.07462420944420209,positive,0.5588524129488023,False,sulfonic_acid_or_sulfonate,sulfonic_acid_or_sulfonate ≥ 3,high
invitro_pre,fg_sulfonic_acid_or_sulfonate_count,ge,4,14,3,11,0.21428571428571427,0.046579287889867274,0.5079756770484719,0.11126279863481228,1.9259421560035057,0.19781561233863812,positive,0.9195015359740835,False,sulfonic_acid_or_sulfonate,sulfonic_acid_or_sulfonate ≥ 4,medium
invitro_pre,fg_sulfonic_acid_or_sulfonate_count,ge,5,8,1,7,0.125,0.0031597235312519063,0.5265096708752066,0.11126279863481228,1.1234662576687118,1.0,positive,1.0,False,sulfonic_acid_or_sulfonate,sulfonic_acid_or_sulfonate ≥ 5,low
invitro_pre,fg_sulfonic_acid_or_sulfonate_count,ge,6,6,0,6,0.0,0.0,0.4592581264399005,0.11126279863481228,0.0,1.0,negative,1.0,False,sulfonic_acid_or_sulfonate,sulfonic_acid_or_sulfonate ≥ 6,low
invitro_pre,fg_thiol_count,eq,1,17,0,17,0.0,0.0,0.1950643229690932,0.11126279863481228,0.0,0.24410754439786242,negative,0.9678146172009369,False,thiol,thiol = 1,medium
invitro_pre,fg_thiol_count,eq,2,7,1,6,0.14285714285714285,0.0036102968619005833,0.5787231970431952,0.11126279863481228,1.2839614373356705,0.5628487842968176,positive,1.0,False,thiol,thiol = 2,low
invitro_pre,fg_thiol_count,ge,1,26,1,25,0.038461538461538464,0.0009732878933350304,0.19636964676253899,0.11126279863481228,0.3456819254365267,0.34978637794336775,negative,1.0,False,thiol,thiol ≥ 1,high
invitro_pre,fg_thiol_count,ge,2,9,1,8,0.1111111111111111,0.002809136746599214,0.4824965149173371,0.11126279863481228,0.9986366734832992,1.0,negative,1.0,False,thiol,thiol ≥ 2,low
invitro_pre,fg_phosphate_like_count,eq,1,11,1,10,0.09090909090909091,0.002298972213814267,0.4127799169883827,0.11126279863481228,0.8170663692136085,1.0,negative,1.0,False,phosphate_like,phosphate_like = 1,medium
invitro_pre,fg_phosphate_like_count,eq,3,8,0,8,0.0,0.0,0.3694166475528193,0.11126279863481228,0.0,0.609022506668759,negative,1.0,False,phosphate_like,phosphate_like = 3,low
invitro_pre,fg_phosphate_like_count,eq,6,3,0,3,0.0,0.0,0.7075982261787134,0.11126279863481228,0.0,1.0,negative,1.0,False,phosphate_like,phosphate_like = 6,low
invitro_pre,fg_phosphate_like_count,ge,1,25,1,24,0.04,0.0010121996993108446,0.20351691392241403,0.11126279863481228,0.35950920245398776,0.3500017072269977,negative,1.0,False,phosphate_like,phosphate_like ≥ 1,high
invitro_pre,fg_phosphate_like_count,ge,2,14,0,14,0.0,0.0,0.2316357616501165,0.11126279863481228,0.0,0.3881106934463162,negative,1.0,False,phosphate_like,phosphate_like ≥ 2,medium
invitro_pre,fg_phosphate_like_count,ge,3,12,0,12,0.0,0.0,0.2646484693970512,0.11126279863481228,0.0,0.38191102691425927,negative,1.0,False,phosphate_like,phosphate_like ≥ 3,medium
invitro_pre,fg_phosphate_like_count,ge,4,4,0,4,0.0,0.0,0.6023646356164747,0.11126279863481228,0.0,1.0,negative,1.0,False,phosphate_like,phosphate_like ≥ 4,low
invitro_pre,fg_phosphate_like_count,ge,5,4,0,4,0.0,0.0,0.6023646356164747,0.11126279863481228,0.0,1.0,negative,1.0,False,phosphate_like,phosphate_like ≥ 5,low
invitro_pre,fg_phosphate_like_count,ge,6,4,0,4,0.0,0.0,0.6023646356164747,0.11126279863481228,0.0,1.0,negative,1.0,False,phosphate_like,phosphate_like ≥ 6,low
invitro_pre,fg_phosphonate_like_count,eq,2,4,0,4,0.0,0.0,0.6023646356164747,0.11126279863481228,0.0,1.0,negative,1.0,False,phosphonate_like,phosphonate_like = 2,low
invitro_pre,fg_phosphonate_like_count,ge,1,7,0,7,0.0,0.0,0.4096163972250034,0.11126279863481228,0.0,1.0,negative,1.0,False,phosphonate_like,phosphonate_like ≥ 1,low
invitro_pre,fg_phosphonate_like_count,ge,2,6,0,6,0.0,0.0,0.4592581264399005,0.11126279863481228,0.0,1.0,negative,1.0,False,phosphonate_like,phosphonate_like ≥ 2,low
invitro_pre,fg_organophosphate_like_count,eq,1,7,1,6,0.14285714285714285,0.0036102968619005833,0.5787231970431952,0.11126279863481228,1.2839614373356705,0.5628487842968176,positive,1.0,False,organophosphate_like,organophosphate_like = 1,low
invitro_pre,fg_organophosphate_like_count,eq,3,8,0,8,0.0,0.0,0.3694166475528193,0.11126279863481228,0.0,0.609022506668759,negative,1.0,False,organophosphate_like,organophosphate_like = 3,low
invitro_pre,fg_organophosphate_like_count,eq,6,3,0,3,0.0,0.0,0.7075982261787134,0.11126279863481228,0.0,1.0,negative,1.0,False,organophosphate_like,organophosphate_like = 6,low
invitro_pre,fg_organophosphate_like_count,ge,1,21,1,20,0.047619047619047616,0.0012048834483635127,0.23815990993682107,0.11126279863481228,0.4279871457785568,0.5010803748276375,negative,1.0,False,organophosphate_like,organophosphate_like ≥ 1,high
invitro_pre,fg_organophosphate_like_count,ge,2,14,0,14,0.0,0.0,0.2316357616501165,0.11126279863481228,0.0,0.3881106934463162,negative,1.0,False,organophosphate_like,organophosphate_like ≥ 2,medium
invitro_pre,fg_organophosphate_like_count,ge,3,12,0,12,0.0,0.0,0.2646484693970512,0.11126279863481228,0.0,0.38191102691425927,negative,1.0,False,organophosphate_like,organophosphate_like ≥ 3,medium
invitro_pre,fg_organophosphate_like_count,ge,4,4,0,4,0.0,0.0,0.6023646356164747,0.11126279863481228,0.0,1.0,negative,1.0,False,organophosphate_like,organophosphate_like ≥ 4,low
invitro_pre,fg_organophosphate_like_count,ge,5,4,0,4,0.0,0.0,0.6023646356164747,0.11126279863481228,0.0,1.0,negative,1.0,False,organophosphate_like,organophosphate_like ≥ 5,low
invitro_pre,fg_organophosphate_like_count,ge,6,4,0,4,0.0,0.0,0.6023646356164747,0.11126279863481228,0.0,1.0,negative,1.0,False,organophosphate_like,organophosphate_like ≥ 6,low
invitro_pre,fg_isocyanate_count,eq,2,5,1,4,0.2,0.0050507633794680575,0.7164179361180896,0.11126279863481228,1.797546012269939,0.4460190119304421,positive,1.0,False,isocyanate,isocyanate = 2,low
invitro_pre,fg_isocyanate_count,ge,1,6,2,4,0.3333333333333333,0.043271868292741676,0.7772219044964879,0.11126279863481228,2.9959100204498976,0.13677620009709313,positive,0.80865928829334,False,isocyanate,isocyanate ≥ 1,low
invitro_pre,fg_isocyanate_count,ge,2,5,1,4,0.2,0.0050507633794680575,0.7164179361180896,0.11126279863481228,1.797546012269939,0.4460190119304421,positive,1.0,False,isocyanate,isocyanate ≥ 2,low
invitro_pre,fg_metal_atom_count,eq,1,43,9,34,0.20930232558139536,0.10044114667792947,0.36042475209416686,0.11126279863481228,1.881152803538308,0.047675628082841745,positive,0.45258272292725826,False,metal_atom,metal_atom = 1,high
invitro_pre,fg_metal_atom_count,ge,1,43,9,34,0.20930232558139536,0.10044114667792947,0.36042475209416686,0.11126279863481228,1.881152803538308,0.047675628082841745,positive,0.45258272292725826,False,metal_atom,metal_atom ≥ 1,high
invitro_pre,fg_heavy_metal_atom_count,eq,1,17,4,13,0.23529411764705882,0.06810774043735666,0.4989932732045802,0.11126279863481228,2.114760014435222,0.11104398366480397,positive,0.7266373300007561,False,heavy_metal_atom,heavy_metal_atom = 1,medium
invitro_pre,fg_heavy_metal_atom_count,ge,1,17,4,13,0.23529411764705882,0.06810774043735666,0.4989932732045802,0.11126279863481228,2.114760014435222,0.11104398366480397,positive,0.7266373300007561,False,heavy_metal_atom,heavy_metal_atom ≥ 1,medium
invitro_pre,fg_organometal_like_count,ge,1,3,0,3,0.0,0.0,0.7075982261787134,0.11126279863481228,0.0,1.0,negative,1.0,False,organometal_like,organometal_like ≥ 1,low
invitro_pre,fg_BB_SA1_acyl_halides_count,eq,1,4,0,4,0.0,0.0,0.6023646356164747,0.11126279863481228,0.0,1.0,negative,1.0,False,BB_SA1_acyl_halides,BB_SA1_acyl_halides = 1,low
invitro_pre,fg_BB_SA1_acyl_halides_count,ge,1,6,2,4,0.3333333333333333,0.043271868292741676,0.7772219044964879,0.11126279863481228,2.9959100204498976,0.13677620009709313,positive,0.80865928829334,False,BB_SA1_acyl_halides,BB_SA1_acyl_halides ≥ 1,low
invitro_pre,fg_BB_SA2_primary_aromatic_amine_count,eq,1,30,10,20,0.3333333333333333,0.17287422152603915,0.5281200447898806,0.11126279863481228,2.9959100204498976,0.000917729725221949,positive,0.056231803163599416,False,BB_SA2_primary_aromatic_amine,BB_SA2_primary_aromatic_amine = 1,high
invitro_pre,fg_BB_SA2_primary_aromatic_amine_count,eq,2,6,4,2,0.6666666666666666,0.22277809550351213,0.9567281317072583,0.11126279863481228,5.991820040899795,0.0018543504209118803,positive,0.0822687936906836,False,BB_SA2_primary_aromatic_amine,BB_SA2_primary_aromatic_amine = 2,low
invitro_pre,fg_BB_SA2_primary_aromatic_amine_count,ge,1,37,14,23,0.3783783783783784,0.22457614358043185,0.5524319775491875,0.11126279863481228,3.4007627259161004,1.6017302087458736e-05,positive,0.005397830803473593,True,BB_SA2_primary_aromatic_amine,BB_SA2_primary_aromatic_amine ≥ 1,high
invitro_pre,fg_BB_SA2_primary_aromatic_amine_count,ge,2,7,4,3,0.5714285714285714,0.184051567640083,0.9010117215574921,0.11126279863481228,5.135845749342682,0.003952716913247377,positive,0.11583179128385793,False,BB_SA2_primary_aromatic_amine,BB_SA2_primary_aromatic_amine ≥ 2,low
invitro_pre,fg_BB_SA2c_aromatic_amine_general_count,eq,1,44,14,30,0.3181818181818182,0.1860988371748699,0.4757814214972089,0.11126279863481228,2.85973229224763,0.0001487255606288002,positive,0.016706837977301887,True,BB_SA2c_aromatic_amine_general,BB_SA2c_aromatic_amine_general = 1,high
invitro_pre,fg_BB_SA2c_aromatic_amine_general_count,eq,2,32,10,22,0.3125,0.16118472408820053,0.5000775816321696,0.11126279863481228,2.8086656441717794,0.0016147751396033893,positive,0.07773988886376318,False,BB_SA2c_aromatic_amine_general,BB_SA2c_aromatic_amine_general = 2,high
invitro_pre,fg_BB_SA2c_aromatic_amine_general_count,eq,3,11,2,9,0.18181818181818182,0.02283119829995966,0.5177558523601726,0.11126279863481228,1.634132738427217,0.350696140378368,positive,1.0,False,BB_SA2c_aromatic_amine_general,BB_SA2c_aromatic_amine_general = 3,medium
invitro_pre,fg_BB_SA2c_aromatic_amine_general_count,eq,4,7,0,7,0.0,0.0,0.4096163972250034,0.11126279863481228,0.0,1.0,negative,1.0,False,BB_SA2c_aromatic_amine_general,BB_SA2c_aromatic_amine_general = 4,low
invitro_pre,fg_BB_SA2c_aromatic_amine_general_count,eq,8,12,0,12,0.0,0.0,0.2646484693970512,0.11126279863481228,0.0,0.38191102691425927,negative,1.0,False,BB_SA2c_aromatic_amine_general,BB_SA2c_aromatic_amine_general = 8,medium
invitro_pre,fg_BB_SA2c_aromatic_amine_general_count,ge,1,108,26,82,0.24074074074074073,0.16368136519211474,0.332513541006909,0.11126279863481228,2.163712792547148,8.099338220280019e-05,positive,0.01364738490117183,True,BB_SA2c_aromatic_amine_general,BB_SA2c_aromatic_amine_general ≥ 1,high
invitro_pre,fg_BB_SA2c_aromatic_amine_general_count,ge,2,64,12,52,0.1875,0.10081515935377754,0.3046228736951483,0.11126279863481228,1.6851993865030674,0.06382257760763076,positive,0.5185479664932671,False,BB_SA2c_aromatic_amine_general,BB_SA2c_aromatic_amine_general ≥ 2,high
invitro_pre,fg_BB_SA2c_aromatic_amine_general_count,ge,3,32,2,30,0.0625,0.007660736346456386,0.20806942989500746,0.11126279863481228,0.5617331288343559,0.5697166490186879,negative,1.0,False,BB_SA2c_aromatic_amine_general,BB_SA2c_aromatic_amine_general ≥ 3,high
invitro_pre,fg_BB_SA2c_aromatic_amine_general_count,ge,4,21,0,21,0.0,0.0,0.16109761521907962,0.11126279863481228,0.0,0.1571080246808618,negative,0.8087301677436833,False,BB_SA2c_aromatic_amine_general,BB_SA2c_aromatic_amine_general ≥ 4,high
invitro_pre,fg_BB_SA2c_aromatic_amine_general_count,ge,5,14,0,14,0.0,0.0,0.2316357616501165,0.11126279863481228,0.0,0.3881106934463162,negative,1.0,False,BB_SA2c_aromatic_amine_general,BB_SA2c_aromatic_amine_general ≥ 5,medium
invitro_pre,fg_BB_SA2c_aromatic_amine_general_count,ge,6,14,0,14,0.0,0.0,0.2316357616501165,0.11126279863481228,0.0,0.3881106934463162,negative,1.0,False,BB_SA2c_aromatic_amine_general,BB_SA2c_aromatic_amine_general ≥ 6,medium
invitro_pre,fg_BB_SA2c_aromatic_amine_general_count,ge,7,13,0,13,0.0,0.0,0.24705263800047095,0.11126279863481228,0.0,0.3827788213260008,negative,1.0,False,BB_SA2c_aromatic_amine_general,BB_SA2c_aromatic_amine_general ≥ 7,medium
invitro_pre,fg_BB_SA2c_aromatic_amine_general_count,ge,8,13,0,13,0.0,0.0,0.24705263800047095,0.11126279863481228,0.0,0.3827788213260008,negative,1.0,False,BB_SA2c_aromatic_amine_general,BB_SA2c_aromatic_amine_general ≥ 8,medium
invitro_pre,fg_BB_SA5_nitro_aromatic_count,eq,1,28,3,25,0.10714285714285714,0.022665090639058937,0.2822643957153244,0.11126279863481228,0.9629710780017529,1.0,negative,1.0,False,BB_SA5_nitro_aromatic,BB_SA5_nitro_aromatic = 1,high
invitro_pre,fg_BB_SA5_nitro_aromatic_count,eq,2,5,1,4,0.2,0.0050507633794680575,0.7164179361180896,0.11126279863481228,1.797546012269939,0.4460190119304421,positive,1.0,False,BB_SA5_nitro_aromatic,BB_SA5_nitro_aromatic = 2,low
invitro_pre,fg_BB_SA5_nitro_aromatic_count,eq,3,3,0,3,0.0,0.0,0.7075982261787134,0.11126279863481228,0.0,1.0,negative,1.0,False,BB_SA5_nitro_aromatic,BB_SA5_nitro_aromatic = 3,low
invitro_pre,fg_BB_SA5_nitro_aromatic_count,ge,1,36,4,32,0.1111111111111111,0.031116139945015234,0.26061092051082924,0.11126279863481228,0.9986366734832992,1.0,negative,1.0,False,BB_SA5_nitro_aromatic,BB_SA5_nitro_aromatic ≥ 1,high
invitro_pre,fg_BB_SA5_nitro_aromatic_count,ge,2,8,1,7,0.125,0.0031597235312519063,0.5265096708752066,0.11126279863481228,1.1234662576687118,1.0,positive,1.0,False,BB_SA5_nitro_aromatic,BB_SA5_nitro_aromatic ≥ 2,low
invitro_pre,fg_BB_SA5_nitro_aromatic_count,ge,3,3,0,3,0.0,0.0,0.7075982261787134,0.11126279863481228,0.0,1.0,negative,1.0,False,BB_SA5_nitro_aromatic,BB_SA5_nitro_aromatic ≥ 3,low
invitro_pre,fg_BB_SA6_aromatic_monoalkylamine_count,eq,1,16,5,11,0.3125,0.11016995471711757,0.5866206364513586,0.11126279863481228,2.8086656441717794,0.02525834290784592,positive,0.35466923166433645,False,BB_SA6_aromatic_monoalkylamine,BB_SA6_aromatic_monoalkylamine = 1,medium
invitro_pre,fg_BB_SA6_aromatic_monoalkylamine_count,eq,2,7,0,7,0.0,0.0,0.4096163972250034,0.11126279863481228,0.0,1.0,negative,1.0,False,BB_SA6_aromatic_monoalkylamine,BB_SA6_aromatic_monoalkylamine = 2,low
invitro_pre,fg_BB_SA6_aromatic_monoalkylamine_count,ge,1,23,5,18,0.21739130434782608,0.07460340764880372,0.4370307262368146,0.11126279863481228,1.9538543611629768,0.1679854947835544,positive,0.8087301677436833,False,BB_SA6_aromatic_monoalkylamine,BB_SA6_aromatic_monoalkylamine ≥ 1,high
invitro_pre,fg_BB_SA6_aromatic_monoalkylamine_count,ge,2,7,0,7,0.0,0.0,0.4096163972250034,0.11126279863481228,0.0,1.0,negative,1.0,False,BB_SA6_aromatic_monoalkylamine,BB_SA6_aromatic_monoalkylamine ≥ 2,low
invitro_pre,fg_BB_SA6b_aromatic_dialkylamine_count,eq,1,22,7,15,0.3181818181818182,0.13864652155379784,0.5487244275737705,0.11126279863481228,2.85973229224763,0.007431389051385887,positive,0.17097807188835215,False,BB_SA6b_aromatic_dialkylamine,BB_SA6b_aromatic_dialkylamine = 1,high
invitro_pre,fg_BB_SA6b_aromatic_dialkylamine_count,eq,2,12,1,11,0.08333333333333333,0.0021075932318602264,0.38479616515094406,0.11126279863481228,0.7489775051124744,1.0,negative,1.0,False,BB_SA6b_aromatic_dialkylamine,BB_SA6b_aromatic_dialkylamine = 2,medium
invitro_pre,fg_BB_SA6b_aromatic_dialkylamine_count,ge,1,34,8,26,0.23529411764705882,0.10746181577500809,0.41170784190716675,0.11126279863481228,2.114760014435222,0.045727115922512065,positive,0.4466677700256976,False,BB_SA6b_aromatic_dialkylamine,BB_SA6b_aromatic_dialkylamine ≥ 1,high
invitro_pre,fg_BB_SA6b_aromatic_dialkylamine_count,ge,2,12,1,11,0.08333333333333333,0.0021075932318602264,0.38479616515094406,0.11126279863481228,0.7489775051124744,1.0,negative,1.0,False,BB_SA6b_aromatic_dialkylamine,BB_SA6b_aromatic_dialkylamine ≥ 2,medium
invitro_pre,fg_BB_SA7_aromatic_Nacylamine_count,eq,1,51,8,43,0.1568627450980392,0.07024083345730879,0.28587628673155924,0.11126279863481228,1.4098400096234813,0.2621523781602112,positive,0.9838733147997855,False,BB_SA7_aromatic_Nacylamine,BB_SA7_aromatic_Nacylamine = 1,high
invitro_pre,fg_BB_SA7_aromatic_Nacylamine_count,eq,2,18,1,17,0.05555555555555555,0.0014055561673694222,0.27294359967336856,0.11126279863481228,0.4993183367416496,0.7113020765158342,negative,1.0,False,BB_SA7_aromatic_Nacylamine,BB_SA7_aromatic_Nacylamine = 2,medium
invitro_pre,fg_BB_SA7_aromatic_Nacylamine_count,eq,4,5,0,5,0.0,0.0,0.5218237501049815,0.11126279863481228,0.0,1.0,negative,1.0,False,BB_SA7_aromatic_Nacylamine,BB_SA7_aromatic_Nacylamine = 4,low
invitro_pre,fg_BB_SA7_aromatic_Nacylamine_count,ge,1,74,9,65,0.12162162162162163,0.05714955432267517,0.21836109666944126,0.11126279863481228,1.0931023047587465,0.7062213727096494,positive,1.0,False,BB_SA7_aromatic_Nacylamine,BB_SA7_aromatic_Nacylamine ≥ 1,high
invitro_pre,fg_BB_SA7_aromatic_Nacylamine_count,ge,2,23,1,22,0.043478260869565216,0.0011001686304414997,0.21948660745348042,0.11126279863481228,0.3907708722325954,0.5030563661840527,negative,1.0,False,BB_SA7_aromatic_Nacylamine,BB_SA7_aromatic_Nacylamine ≥ 2,high
invitro_pre,fg_BB_SA7_aromatic_Nacylamine_count,ge,3,5,0,5,0.0,0.0,0.5218237501049815,0.11126279863481228,0.0,1.0,negative,1.0,False,BB_SA7_aromatic_Nacylamine,BB_SA7_aromatic_Nacylamine ≥ 3,low
invitro_pre,fg_BB_SA7_aromatic_Nacylamine_count,ge,4,5,0,5,0.0,0.0,0.5218237501049815,0.11126279863481228,0.0,1.0,negative,1.0,False,BB_SA7_aromatic_Nacylamine,BB_SA7_aromatic_Nacylamine ≥ 4,low
invitro_pre,fg_BB_SA8_aromatic_diazo_count,eq,1,21,2,19,0.09523809523809523,0.011749317884445803,0.3037744069139242,0.11126279863481228,0.8559742915571136,1.0,negative,1.0,False,BB_SA8_aromatic_diazo,BB_SA8_aromatic_diazo = 1,high
invitro_pre,fg_BB_SA8_aromatic_diazo_count,eq,2,38,5,33,0.13157894736842105,0.04413744005791443,0.28086384588375335,0.11126279863481228,1.182596060703907,0.6044100872683729,positive,1.0,False,BB_SA8_aromatic_diazo,BB_SA8_aromatic_diazo = 2,high
invitro_pre,fg_BB_SA8_aromatic_diazo_count,eq,4,21,4,17,0.19047619047619047,0.05446356817840681,0.4190660411835281,0.11126279863481228,1.7119485831142272,0.2808447277487871,positive,1.0,False,BB_SA8_aromatic_diazo,BB_SA8_aromatic_diazo = 4,high
invitro_pre,fg_BB_SA8_aromatic_diazo_count,eq,6,5,0,5,0.0,0.0,0.5218237501049815,0.11126279863481228,0.0,1.0,negative,1.0,False,BB_SA8_aromatic_diazo,BB_SA8_aromatic_diazo = 6,low
invitro_pre,fg_BB_SA8_aromatic_diazo_count,ge,1,87,11,76,0.12643678160919541,0.06484043395710111,0.21497840027825466,0.11126279863481228,1.1363796629292717,0.5994587760596135,positive,1.0,False,BB_SA8_aromatic_diazo,BB_SA8_aromatic_diazo ≥ 1,high
invitro_pre,fg_BB_SA8_aromatic_diazo_count,ge,2,66,9,57,0.13636363636363635,0.06429818464325533,0.24314133151383904,0.11126279863481228,1.2255995538204127,0.54552222207037,positive,1.0,False,BB_SA8_aromatic_diazo,BB_SA8_aromatic_diazo ≥ 2,high
invitro_pre,fg_BB_SA8_aromatic_diazo_count,ge,3,28,4,24,0.14285714285714285,0.04033563079709133,0.3266526693157953,0.11126279863481228,1.2839614373356705,0.542944069465165,positive,1.0,False,BB_SA8_aromatic_diazo,BB_SA8_aromatic_diazo ≥ 3,high
invitro_pre,fg_BB_SA8_aromatic_diazo_count,ge,4,27,4,23,0.14814814814814814,0.04188739647376728,0.33731086402424443,0.11126279863481228,1.331515564644399,0.5318682442344279,positive,1.0,False,BB_SA8_aromatic_diazo,BB_SA8_aromatic_diazo ≥ 4,high
invitro_pre,fg_BB_SA8_aromatic_diazo_count,ge,5,6,0,6,0.0,0.0,0.4592581264399005,0.11126279863481228,0.0,1.0,negative,1.0,False,BB_SA8_aromatic_diazo,BB_SA8_aromatic_diazo ≥ 5,low
invitro_pre,fg_BB_SA8_aromatic_diazo_count,ge,6,5,0,5,0.0,0.0,0.5218237501049815,0.11126279863481228,0.0,1.0,negative,1.0,False,BB_SA8_aromatic_diazo,BB_SA8_aromatic_diazo ≥ 6,low
invitro_pre,fg_BB_SA9_aliphatic_Nnitro_count,eq,1,4,0,4,0.0,0.0,0.6023646356164747,0.11126279863481228,0.0,1.0,negative,1.0,False,BB_SA9_aliphatic_Nnitro,BB_SA9_aliphatic_Nnitro = 1,low
invitro_pre,fg_BB_SA9_aliphatic_Nnitro_count,ge,1,4,0,4,0.0,0.0,0.6023646356164747,0.11126279863481228,0.0,1.0,negative,1.0,False,BB_SA9_aliphatic_Nnitro,BB_SA9_aliphatic_Nnitro ≥ 1,low
invitro_pre,fg_BB_SA10_N_nitroso_count,eq,1,4,0,4,0.0,0.0,0.6023646356164747,0.11126279863481228,0.0,1.0,negative,1.0,False,BB_SA10_N_nitroso,BB_SA10_N_nitroso = 1,low
invitro_pre,fg_BB_SA10_N_nitroso_count,ge,1,4,0,4,0.0,0.0,0.6023646356164747,0.11126279863481228,0.0,1.0,negative,1.0,False,BB_SA10_N_nitroso,BB_SA10_N_nitroso ≥ 1,low
invitro_pre,fg_BB_SA11_aliphatic_azo_count,eq,1,21,2,19,0.09523809523809523,0.011749317884445803,0.3037744069139242,0.11126279863481228,0.8559742915571136,1.0,negative,1.0,False,BB_SA11_aliphatic_azo,BB_SA11_aliphatic_azo = 1,high
invitro_pre,fg_BB_SA11_aliphatic_azo_count,eq,2,12,2,10,0.16666666666666666,0.020862525460092384,0.48413774868596715,0.11126279863481228,1.4979550102249488,0.6341864621040874,positive,1.0,False,BB_SA11_aliphatic_azo,BB_SA11_aliphatic_azo = 2,medium
invitro_pre,fg_BB_SA11_aliphatic_azo_count,ge,1,33,4,29,0.12121212121212122,0.03403288142297869,0.28201622853722036,0.11126279863481228,1.0894218256181447,0.7799211567497739,positive,1.0,False,BB_SA11_aliphatic_azo,BB_SA11_aliphatic_azo ≥ 1,high
invitro_pre,fg_BB_SA11_aliphatic_azo_count,ge,2,12,2,10,0.16666666666666666,0.020862525460092384,0.48413774868596715,0.11126279863481228,1.4979550102249488,0.6341864621040874,positive,1.0,False,BB_SA11_aliphatic_azo,BB_SA11_aliphatic_azo ≥ 2,medium
invitro_pre,fg_BB_SA12b_hydrazine_general_count,eq,1,7,0,7,0.0,0.0,0.4096163972250034,0.11126279863481228,0.0,1.0,negative,1.0,False,BB_SA12b_hydrazine_general,BB_SA12b_hydrazine_general = 1,low
invitro_pre,fg_BB_SA12b_hydrazine_general_count,ge,1,8,0,8,0.0,0.0,0.3694166475528193,0.11126279863481228,0.0,0.609022506668759,negative,1.0,False,BB_SA12b_hydrazine_general,BB_SA12b_hydrazine_general ≥ 1,low
invitro_pre,fg_BB_SA13_aliphatic_halogen_count,eq,1,15,5,10,0.3333333333333333,0.11824110336688091,0.6161962674588459,0.11126279863481228,2.9959100204498976,0.019038183264650958,positive,0.2851496782305499,False,BB_SA13_aliphatic_halogen,BB_SA13_aliphatic_halogen = 1,medium
invitro_pre,fg_BB_SA13_aliphatic_halogen_count,eq,2,12,3,9,0.25,0.05486064452799272,0.5718584618781892,0.11126279863481228,2.2469325153374236,0.14046661105351116,positive,0.8087301677436833,False,BB_SA13_aliphatic_halogen,BB_SA13_aliphatic_halogen = 2,medium
invitro_pre,fg_BB_SA13_aliphatic_halogen_count,eq,3,32,4,28,0.125,0.03513065310331141,0.28994842019075573,0.11126279863481228,1.1234662576687118,0.7747818450492228,positive,1.0,False,BB_SA13_aliphatic_halogen,BB_SA13_aliphatic_halogen = 3,high
invitro_pre,fg_BB_SA13_aliphatic_halogen_count,eq,6,12,1,11,0.08333333333333333,0.0021075932318602264,0.38479616515094406,0.11126279863481228,0.7489775051124744,1.0,negative,1.0,False,BB_SA13_aliphatic_halogen,BB_SA13_aliphatic_halogen = 6,medium
invitro_pre,fg_BB_SA13_aliphatic_halogen_count,eq,7,3,1,2,0.3333333333333333,0.008403758659612636,0.9057006759497539,0.11126279863481228,2.9959100204498976,0.29820768917966395,positive,1.0,False,BB_SA13_aliphatic_halogen,BB_SA13_aliphatic_halogen = 7,low
invitro_pre,fg_BB_SA13_aliphatic_halogen_count,eq,13,4,0,4,0.0,0.0,0.6023646356164747,0.11126279863481228,0.0,1.0,negative,1.0,False,BB_SA13_aliphatic_halogen,BB_SA13_aliphatic_halogen = 13,low
invitro_pre,fg_BB_SA13_aliphatic_halogen_count,ge,1,90,16,74,0.17777777777777778,0.10516907987263675,0.27258476520310526,0.11126279863481228,1.597818677573279,0.054429934177235934,positive,0.4891436751394269,False,BB_SA13_aliphatic_halogen,BB_SA13_aliphatic_halogen ≥ 1,high
invitro_pre,fg_BB_SA13_aliphatic_halogen_count,ge,2,75,11,64,0.14666666666666667,0.07555540584264835,0.24729171444579948,0.11126279863481228,1.318200408997955,0.34311051897775224,positive,1.0,False,BB_SA13_aliphatic_halogen,BB_SA13_aliphatic_halogen ≥ 2,high
invitro_pre,fg_BB_SA13_aliphatic_halogen_count,ge,3,63,8,55,0.12698412698412698,0.05645127954530298,0.2349655756956541,0.11126279863481228,1.1412990554094848,0.6810627955643546,positive,1.0,False,BB_SA13_aliphatic_halogen,BB_SA13_aliphatic_halogen ≥ 3,high
invitro_pre,fg_BB_SA13_aliphatic_halogen_count,ge,4,31,4,27,0.12903225806451613,0.03630166197920904,0.2983358290077973,0.11126279863481228,1.159707104690283,0.7702628975720409,positive,1.0,False,BB_SA13_aliphatic_halogen,BB_SA13_aliphatic_halogen ≥ 4,high
invitro_pre,fg_BB_SA13_aliphatic_halogen_count,ge,5,29,2,27,0.06896551724137931,0.008463962253001825,0.2276618899444862,0.11126279863481228,0.6198434525068754,0.763454076549151,negative,1.0,False,BB_SA13_aliphatic_halogen,BB_SA13_aliphatic_halogen ≥ 5,high
invitro_pre,fg_BB_SA13_aliphatic_halogen_count,ge,6,27,2,25,0.07407407407407407,0.009100072942306284,0.2428983468456272,0.11126279863481228,0.6657577823221995,0.7602455379874757,negative,1.0,False,BB_SA13_aliphatic_halogen,BB_SA13_aliphatic_halogen ≥ 6,high
invitro_pre,fg_BB_SA13_aliphatic_halogen_count,ge,7,15,1,14,0.06666666666666667,0.0016864302413527013,0.3194845665783034,0.11126279863481228,0.5991820040899796,1.0,negative,1.0,False,BB_SA13_aliphatic_halogen,BB_SA13_aliphatic_halogen ≥ 7,medium
invitro_pre,fg_BB_SA13_aliphatic_halogen_count,ge,8,12,0,12,0.0,0.0,0.2646484693970512,0.11126279863481228,0.0,0.38191102691425927,negative,1.0,False,BB_SA13_aliphatic_halogen,BB_SA13_aliphatic_halogen ≥ 8,medium
invitro_pre,fg_BB_SA13_aliphatic_halogen_count,ge,9,10,0,10,0.0,0.0,0.30849710781876083,0.11126279863481228,0.0,0.613948815860081,negative,1.0,False,BB_SA13_aliphatic_halogen,BB_SA13_aliphatic_halogen ≥ 9,medium
invitro_pre,fg_BB_SA13_aliphatic_halogen_count,ge,10,8,0,8,0.0,0.0,0.3694166475528193,0.11126279863481228,0.0,0.609022506668759,negative,1.0,False,BB_SA13_aliphatic_halogen,BB_SA13_aliphatic_halogen ≥ 10,low
invitro_pre,fg_BB_SA13_aliphatic_halogen_count,ge,11,8,0,8,0.0,0.0,0.3694166475528193,0.11126279863481228,0.0,0.609022506668759,negative,1.0,False,BB_SA13_aliphatic_halogen,BB_SA13_aliphatic_halogen ≥ 11,low
invitro_pre,fg_BB_SA13_aliphatic_halogen_count,ge,12,7,0,7,0.0,0.0,0.4096163972250034,0.11126279863481228,0.0,1.0,negative,1.0,False,BB_SA13_aliphatic_halogen,BB_SA13_aliphatic_halogen ≥ 12,low
invitro_pre,fg_BB_SA13_aliphatic_halogen_count,ge,13,5,0,5,0.0,0.0,0.5218237501049815,0.11126279863481228,0.0,1.0,negative,1.0,False,BB_SA13_aliphatic_halogen,BB_SA13_aliphatic_halogen ≥ 13,low
invitro_pre,fg_BB_SA16_epoxide_count,eq,1,5,1,4,0.2,0.0050507633794680575,0.7164179361180896,0.11126279863481228,1.797546012269939,0.4460190119304421,positive,1.0,False,BB_SA16_epoxide,BB_SA16_epoxide = 1,low
invitro_pre,fg_BB_SA16_epoxide_count,ge,1,9,4,5,0.4444444444444444,0.1369956622651665,0.787991493221132,0.11126279863481228,3.994546693933197,0.011887835711342358,positive,0.2165513856606689,False,BB_SA16_epoxide,BB_SA16_epoxide ≥ 1,low
invitro_pre,fg_BB_SA16_epoxide_count,ge,2,4,3,1,0.75,0.19412044968324338,0.9936905367902902,0.11126279863481228,6.74079754601227,0.004974742454620089,positive,0.12858928008259157,False,BB_SA16_epoxide,BB_SA16_epoxide ≥ 2,low
invitro_pre,fg_BB_SA18_sulphonate_ester_count,eq,1,9,4,5,0.4444444444444444,0.1369956622651665,0.787991493221132,0.11126279863481228,3.994546693933197,0.011887835711342358,positive,0.2165513856606689,False,BB_SA18_sulphonate_ester,BB_SA18_sulphonate_ester = 1,low
invitro_pre,fg_BB_SA18_sulphonate_ester_count,eq,2,4,3,1,0.75,0.19412044968324338,0.9936905367902902,0.11126279863481228,6.74079754601227,0.004974742454620089,positive,0.12858928008259157,False,BB_SA18_sulphonate_ester,BB_SA18_sulphonate_ester = 2,low
invitro_pre,fg_BB_SA18_sulphonate_ester_count,ge,1,14,7,7,0.5,0.23036054144806234,0.7696394585519377,0.11126279863481228,4.493865030674847,0.00032487782043615527,positive,0.031281092996281235,True,BB_SA18_sulphonate_ester,BB_SA18_sulphonate_ester ≥ 1,medium
invitro_pre,fg_BB_SA18_sulphonate_ester_count,ge,2,5,3,2,0.6,0.14663279963467313,0.9472550494736831,0.11126279863481228,5.392638036809816,0.011421590146904036,positive,0.2165513856606689,False,BB_SA18_sulphonate_ester,BB_SA18_sulphonate_ester ≥ 2,low
invitro_pre,fg_BB_SA18b_phosphonate_ester_count,eq,2,8,0,8,0.0,0.0,0.3694166475528193,0.11126279863481228,0.0,0.609022506668759,negative,1.0,False,BB_SA18b_phosphonate_ester,BB_SA18b_phosphonate_ester = 2,low
invitro_pre,fg_BB_SA18b_phosphonate_ester_count,ge,1,12,1,11,0.08333333333333333,0.0021075932318602264,0.38479616515094406,0.11126279863481228,0.7489775051124744,1.0,negative,1.0,False,BB_SA18b_phosphonate_ester,BB_SA18b_phosphonate_ester ≥ 1,medium
invitro_pre,fg_BB_SA18b_phosphonate_ester_count,ge,2,10,0,10,0.0,0.0,0.30849710781876083,0.11126279863481228,0.0,0.613948815860081,negative,1.0,False,BB_SA18b_phosphonate_ester,BB_SA18b_phosphonate_ester ≥ 2,medium
invitro_pre,fg_BB_SA19_alkyl_carbamate_count,eq,1,11,2,9,0.18181818181818182,0.02283119829995966,0.5177558523601726,0.11126279863481228,1.634132738427217,0.350696140378368,positive,1.0,False,BB_SA19_alkyl_carbamate,BB_SA19_alkyl_carbamate = 1,medium
invitro_pre,fg_BB_SA19_alkyl_carbamate_count,eq,2,4,0,4,0.0,0.0,0.6023646356164747,0.11126279863481228,0.0,1.0,negative,1.0,False,BB_SA19_alkyl_carbamate,BB_SA19_alkyl_carbamate = 2,low
invitro_pre,fg_BB_SA19_alkyl_carbamate_count,ge,1,15,2,13,0.13333333333333333,0.016575913440083623,0.4046026966033721,0.11126279863481228,1.1983640081799591,0.679344263743437,positive,1.0,False,BB_SA19_alkyl_carbamate,BB_SA19_alkyl_carbamate ≥ 1,medium
invitro_pre,fg_BB_SA19_alkyl_carbamate_count,ge,2,4,0,4,0.0,0.0,0.6023646356164747,0.11126279863481228,0.0,1.0,negative,1.0,False,BB_SA19_alkyl_carbamate,BB_SA19_alkyl_carbamate ≥ 2,low
invitro_pre,fg_BB_SA20_ab_unsat_carbonyl_count,eq,1,83,17,66,0.20481927710843373,0.12408054259964098,0.30755579206641487,0.11126279863481228,1.840860374011383,0.010454083472757877,positive,0.2165513856606689,False,BB_SA20_ab_unsat_carbonyl,BB_SA20_ab_unsat_carbonyl = 1,high
invitro_pre,fg_BB_SA20_ab_unsat_carbonyl_count,eq,2,18,3,15,0.16666666666666666,0.035785083121574676,0.4141774913947741,0.11126279863481228,1.4979550102249488,0.44168295552771736,positive,1.0,False,BB_SA20_ab_unsat_carbonyl,BB_SA20_ab_unsat_carbonyl = 2,medium
invitro_pre,fg_BB_SA20_ab_unsat_carbonyl_count,eq,4,3,2,1,0.6666666666666666,0.09429932405024609,0.9915962413403874,0.11126279863481228,5.991820040899795,0.0342258122633991,positive,0.4047052186935262,False,BB_SA20_ab_unsat_carbonyl,BB_SA20_ab_unsat_carbonyl = 4,low
invitro_pre,fg_BB_SA20_ab_unsat_carbonyl_count,ge,1,107,23,84,0.21495327102803738,0.141408788158899,0.3048717463558702,0.11126279863481228,1.9319419758041396,0.0011495182040840866,positive,0.06456460579605619,False,BB_SA20_ab_unsat_carbonyl,BB_SA20_ab_unsat_carbonyl ≥ 1,high
invitro_pre,fg_BB_SA20_ab_unsat_carbonyl_count,ge,2,24,6,18,0.25,0.09773040947453301,0.4671128024226693,0.11126279863481228,2.2469325153374236,0.04233832401633306,positive,0.4310212258137019,False,BB_SA20_ab_unsat_carbonyl,BB_SA20_ab_unsat_carbonyl ≥ 2,high
invitro_pre,fg_BB_SA20_ab_unsat_carbonyl_count,ge,3,6,3,3,0.5,0.11811724875702521,0.8818827512429748,0.11126279863481228,4.493865030674847,0.020988829872896183,positive,0.3009887517942984,False,BB_SA20_ab_unsat_carbonyl,BB_SA20_ab_unsat_carbonyl ≥ 3,low
invitro_pre,fg_BB_SA20_ab_unsat_carbonyl_count,ge,4,4,2,2,0.5,0.06758598648854294,0.932414013511457,0.11126279863481228,4.493865030674847,0.06347688207217812,positive,0.5185479664932671,False,BB_SA20_ab_unsat_carbonyl,BB_SA20_ab_unsat_carbonyl ≥ 4,low
invitro_pre,fg_BB_SA21_ab_unsat_alkoxy_count,eq,1,12,0,12,0.0,0.0,0.2646484693970512,0.11126279863481228,0.0,0.38191102691425927,negative,1.0,False,BB_SA21_ab_unsat_alkoxy,BB_SA21_ab_unsat_alkoxy = 1,medium
invitro_pre,fg_BB_SA21_ab_unsat_alkoxy_count,ge,1,16,0,16,0.0,0.0,0.20590721420782274,0.11126279863481228,0.0,0.24252708044527052,negative,0.9678146172009369,False,BB_SA21_ab_unsat_alkoxy,BB_SA21_ab_unsat_alkoxy ≥ 1,medium
invitro_pre,fg_BB_SA21_ab_unsat_alkoxy_count,ge,2,4,0,4,0.0,0.0,0.6023646356164747,0.11126279863481228,0.0,1.0,negative,1.0,False,BB_SA21_ab_unsat_alkoxy,BB_SA21_ab_unsat_alkoxy ≥ 2,low
invitro_pre,fg_BB_SA22_simple_aldehyde_count,eq,1,28,0,28,0.0,0.0,0.12343611850026384,0.11126279863481228,0.0,0.06462615606147543,negative,0.5185479664932671,False,BB_SA22_simple_aldehyde,BB_SA22_simple_aldehyde = 1,high
invitro_pre,fg_BB_SA22_simple_aldehyde_count,ge,1,29,0,29,0.0,0.0,0.11944486906950272,0.11126279863481228,0.0,0.06634865145548381,negative,0.5199882683836755,False,BB_SA22_simple_aldehyde,BB_SA22_simple_aldehyde ≥ 1,high
invitro_pre,fg_BB_SA23_monohaloalkene_count,eq,1,9,4,5,0.4444444444444444,0.1369956622651665,0.787991493221132,0.11126279863481228,3.994546693933197,0.011887835711342358,positive,0.2165513856606689,False,BB_SA23_monohaloalkene,BB_SA23_monohaloalkene = 1,low
invitro_pre,fg_BB_SA23_monohaloalkene_count,eq,2,6,2,4,0.3333333333333333,0.043271868292741676,0.7772219044964879,0.11126279863481228,2.9959100204498976,0.13677620009709313,positive,0.80865928829334,False,BB_SA23_monohaloalkene,BB_SA23_monohaloalkene = 2,low
invitro_pre,fg_BB_SA23_monohaloalkene_count,eq,3,3,0,3,0.0,0.0,0.7075982261787134,0.11126279863481228,0.0,1.0,negative,1.0,False,BB_SA23_monohaloalkene,BB_SA23_monohaloalkene = 3,low
invitro_pre,fg_BB_SA23_monohaloalkene_count,ge,1,20,6,14,0.3,0.11893159040572769,0.5427891822762891,0.11126279863481228,2.696319018404908,0.01774327335049708,positive,0.2775516309056919,False,BB_SA23_monohaloalkene,BB_SA23_monohaloalkene ≥ 1,high
invitro_pre,fg_BB_SA23_monohaloalkene_count,ge,2,11,2,9,0.18181818181818182,0.02283119829995966,0.5177558523601726,0.11126279863481228,1.634132738427217,0.350696140378368,positive,1.0,False,BB_SA23_monohaloalkene,BB_SA23_monohaloalkene ≥ 2,medium
invitro_pre,fg_BB_SA23_monohaloalkene_count,ge,3,5,0,5,0.0,0.0,0.5218237501049815,0.11126279863481228,0.0,1.0,negative,1.0,False,BB_SA23_monohaloalkene,BB_SA23_monohaloalkene ≥ 3,low
invitro_pre,fg_BB_SA26_isocyanate_count,eq,2,5,1,4,0.2,0.0050507633794680575,0.7164179361180896,0.11126279863481228,1.797546012269939,0.4460190119304421,positive,1.0,False,BB_SA26_isocyanate,BB_SA26_isocyanate = 2,low
invitro_pre,fg_BB_SA26_isocyanate_count,ge,1,6,2,4,0.3333333333333333,0.043271868292741676,0.7772219044964879,0.11126279863481228,2.9959100204498976,0.13677620009709313,positive,0.80865928829334,False,BB_SA26_isocyanate,BB_SA26_isocyanate ≥ 1,low
invitro_pre,fg_BB_SA26_isocyanate_count,ge,2,5,1,4,0.2,0.0050507633794680575,0.7164179361180896,0.11126279863481228,1.797546012269939,0.4460190119304421,positive,1.0,False,BB_SA26_isocyanate,BB_SA26_isocyanate ≥ 2,low
invitro_pre,fg_BB_SA28_alkenylbenzene_count,eq,1,19,1,18,0.05263157894736842,0.0013316288041794228,0.2602806541952142,0.11126279863481228,0.4730384242815628,0.7132385437451886,negative,1.0,False,BB_SA28_alkenylbenzene,BB_SA28_alkenylbenzene = 1,medium
invitro_pre,fg_BB_SA28_alkenylbenzene_count,eq,2,19,0,19,0.0,0.0,0.1764669118069654,0.11126279863481228,0.0,0.25706437010803695,negative,0.9788778839142197,False,BB_SA28_alkenylbenzene,BB_SA28_alkenylbenzene = 2,medium
invitro_pre,fg_BB_SA28_alkenylbenzene_count,ge,1,39,1,38,0.02564102564102564,0.0006489638954819452,0.13476392155949796,0.11126279863481228,0.23045461695768443,0.11645720083130057,negative,0.7404920128329867,False,BB_SA28_alkenylbenzene,BB_SA28_alkenylbenzene ≥ 1,high
invitro_pre,fg_BB_SA28_alkenylbenzene_count,ge,2,20,0,20,0.0,0.0,0.16843347098308534,0.11126279863481228,0.0,0.1552107697653171,negative,0.8087301677436833,False,BB_SA28_alkenylbenzene,BB_SA28_alkenylbenzene ≥ 2,high
invitro_pre,fg_BB_SA30_heterocyclic_PAH_count,eq,1,7,1,6,0.14285714285714285,0.0036102968619005833,0.5787231970431952,0.11126279863481228,1.2839614373356705,0.5628487842968176,positive,1.0,False,BB_SA30_heterocyclic_PAH,BB_SA30_heterocyclic_PAH = 1,low
invitro_pre,fg_BB_SA30_heterocyclic_PAH_count,eq,2,3,1,2,0.3333333333333333,0.008403758659612636,0.9057006759497539,0.11126279863481228,2.9959100204498976,0.29820768917966395,positive,1.0,False,BB_SA30_heterocyclic_PAH,BB_SA30_heterocyclic_PAH = 2,low
invitro_pre,fg_BB_SA30_heterocyclic_PAH_count,eq,4,3,0,3,0.0,0.0,0.7075982261787134,0.11126279863481228,0.0,1.0,negative,1.0,False,BB_SA30_heterocyclic_PAH,BB_SA30_heterocyclic_PAH = 4,low
invitro_pre,fg_BB_SA30_heterocyclic_PAH_count,ge,1,13,2,11,0.15384615384615385,0.019206671982528477,0.45447105567655777,0.11126279863481228,1.3827277017461068,0.6478866364701137,positive,1.0,False,BB_SA30_heterocyclic_PAH,BB_SA30_heterocyclic_PAH ≥ 1,medium
invitro_pre,fg_BB_SA30_heterocyclic_PAH_count,ge,2,6,1,5,0.16666666666666666,0.00421074451448947,0.6412345789976748,0.11126279863481228,1.4979550102249488,0.5078675742971118,positive,1.0,False,BB_SA30_heterocyclic_PAH,BB_SA30_heterocyclic_PAH ≥ 2,low
invitro_pre,fg_BB_SA30_heterocyclic_PAH_count,ge,3,3,0,3,0.0,0.0,0.7075982261787134,0.11126279863481228,0.0,1.0,negative,1.0,False,BB_SA30_heterocyclic_PAH,BB_SA30_heterocyclic_PAH ≥ 3,low
invitro_pre,fg_BB_SA30_heterocyclic_PAH_count,ge,4,3,0,3,0.0,0.0,0.7075982261787134,0.11126279863481228,0.0,1.0,negative,1.0,False,BB_SA30_heterocyclic_PAH,BB_SA30_heterocyclic_PAH ≥ 4,low
invitro_pre,fg_BB_SA31_PAH_3fused_count,eq,2,9,0,9,0.0,0.0,0.3362671168799429,0.11126279863481228,0.0,0.6090560496932382,negative,1.0,False,BB_SA31_PAH_3fused,BB_SA31_PAH_3fused = 2,low
invitro_pre,fg_BB_SA31_PAH_3fused_count,ge,1,9,0,9,0.0,0.0,0.3362671168799429,0.11126279863481228,0.0,0.6090560496932382,negative,1.0,False,BB_SA31_PAH_3fused,BB_SA31_PAH_3fused ≥ 1,low
invitro_pre,fg_BB_SA31_PAH_3fused_count,ge,2,9,0,9,0.0,0.0,0.3362671168799429,0.11126279863481228,0.0,0.6090560496932382,negative,1.0,False,BB_SA31_PAH_3fused,BB_SA31_PAH_3fused ≥ 2,low
invitro_pre,fg_BB_SA33_polyhalocycloalkane_count,eq,1,3,1,2,0.3333333333333333,0.008403758659612636,0.9057006759497539,0.11126279863481228,2.9959100204498976,0.29820768917966395,positive,1.0,False,BB_SA33_polyhalocycloalkane,BB_SA33_polyhalocycloalkane = 1,low
invitro_pre,fg_BB_SA33_polyhalocycloalkane_count,ge,1,7,3,4,0.42857142857142855,0.09898827844250786,0.815948432359917,0.11126279863481228,3.8518843120070114,0.03376591459263279,positive,0.4047052186935262,False,BB_SA33_polyhalocycloalkane,BB_SA33_polyhalocycloalkane ≥ 1,low
invitro_pre,fg_BB_SA33_polyhalocycloalkane_count,ge,2,4,2,2,0.5,0.06758598648854294,0.932414013511457,0.11126279863481228,4.493865030674847,0.06347688207217812,positive,0.5185479664932671,False,BB_SA33_polyhalocycloalkane,BB_SA33_polyhalocycloalkane ≥ 2,low
invitro_pre,fg_BB_SA34_halobenzene_count,eq,1,33,3,30,0.09090909090909091,0.01915494298740492,0.24331635075915506,0.11126279863481228,0.8170663692136085,1.0,negative,1.0,False,BB_SA34_halobenzene,BB_SA34_halobenzene = 1,high
invitro_pre,fg_BB_SA34_halobenzene_count,eq,2,33,4,29,0.12121212121212122,0.03403288142297869,0.28201622853722036,0.11126279863481228,1.0894218256181447,0.7799211567497739,positive,1.0,False,BB_SA34_halobenzene,BB_SA34_halobenzene = 2,high
invitro_pre,fg_BB_SA34_halobenzene_count,eq,3,11,2,9,0.18181818181818182,0.02283119829995966,0.5177558523601726,0.11126279863481228,1.634132738427217,0.350696140378368,positive,1.0,False,BB_SA34_halobenzene,BB_SA34_halobenzene = 3,medium
invitro_pre,fg_BB_SA34_halobenzene_count,eq,4,7,0,7,0.0,0.0,0.4096163972250034,0.11126279863481228,0.0,1.0,negative,1.0,False,BB_SA34_halobenzene,BB_SA34_halobenzene = 4,low
invitro_pre,fg_BB_SA34_halobenzene_count,eq,5,5,0,5,0.0,0.0,0.5218237501049815,0.11126279863481228,0.0,1.0,negative,1.0,False,BB_SA34_halobenzene,BB_SA34_halobenzene = 5,low
invitro_pre,fg_BB_SA34_halobenzene_count,eq,6,3,0,3,0.0,0.0,0.7075982261787134,0.11126279863481228,0.0,1.0,negative,1.0,False,BB_SA34_halobenzene,BB_SA34_halobenzene = 6,low
invitro_pre,fg_BB_SA34_halobenzene_count,ge,1,97,9,88,0.09278350515463918,0.04330957266983088,0.16883618943899067,0.11126279863481228,0.8339130984757448,0.7374677840673038,negative,1.0,False,BB_SA34_halobenzene,BB_SA34_halobenzene ≥ 1,high
invitro_pre,fg_BB_SA34_halobenzene_count,ge,2,64,6,58,0.09375,0.03518733287081831,0.19296910444834392,0.11126279863481228,0.8425996932515337,0.8388264723971276,negative,1.0,False,BB_SA34_halobenzene,BB_SA34_halobenzene ≥ 2,high
invitro_pre,fg_BB_SA34_halobenzene_count,ge,3,31,2,29,0.06451612903225806,0.007910983461854705,0.21421615716340228,0.11126279863481228,0.5798535523451415,0.5684546193608147,negative,1.0,False,BB_SA34_halobenzene,BB_SA34_halobenzene ≥ 3,high
invitro_pre,fg_BB_SA34_halobenzene_count,ge,4,20,0,20,0.0,0.0,0.16843347098308534,0.11126279863481228,0.0,0.1552107697653171,negative,0.8087301677436833,False,BB_SA34_halobenzene,BB_SA34_halobenzene ≥ 4,high
invitro_pre,fg_BB_SA34_halobenzene_count,ge,5,13,0,13,0.0,0.0,0.24705263800047095,0.11126279863481228,0.0,0.3827788213260008,negative,1.0,False,BB_SA34_halobenzene,BB_SA34_halobenzene ≥ 5,medium
invitro_pre,fg_BB_SA34_halobenzene_count,ge,6,8,0,8,0.0,0.0,0.3694166475528193,0.11126279863481228,0.0,0.609022506668759,negative,1.0,False,BB_SA34_halobenzene,BB_SA34_halobenzene ≥ 6,low
invitro_pre,fg_BB_SA34_halobenzene_count,ge,7,5,0,5,0.0,0.0,0.5218237501049815,0.11126279863481228,0.0,1.0,negative,1.0,False,BB_SA34_halobenzene,BB_SA34_halobenzene ≥ 7,low
invitro_pre,fg_BB_SA34_halobenzene_count,ge,8,5,0,5,0.0,0.0,0.5218237501049815,0.11126279863481228,0.0,1.0,negative,1.0,False,BB_SA34_halobenzene,BB_SA34_halobenzene ≥ 8,low
invitro_pre,fg_BB_SA34_halobenzene_count,ge,9,3,0,3,0.0,0.0,0.7075982261787134,0.11126279863481228,0.0,1.0,negative,1.0,False,BB_SA34_halobenzene,BB_SA34_halobenzene ≥ 9,low
invitro_pre,fg_BB_SA34_halobenzene_count,ge,10,3,0,3,0.0,0.0,0.7075982261787134,0.11126279863481228,0.0,1.0,negative,1.0,False,BB_SA34_halobenzene,BB_SA34_halobenzene ≥ 10,low
invitro_pre,fg_BB_SA39_thiocarbonyl_count,eq,1,5,0,5,0.0,0.0,0.5218237501049815,0.11126279863481228,0.0,1.0,negative,1.0,False,BB_SA39_thiocarbonyl,BB_SA39_thiocarbonyl = 1,low
invitro_pre,fg_BB_SA39_thiocarbonyl_count,ge,1,7,1,6,0.14285714285714285,0.0036102968619005833,0.5787231970431952,0.11126279863481228,1.2839614373356705,0.5628487842968176,positive,1.0,False,BB_SA39_thiocarbonyl,BB_SA39_thiocarbonyl ≥ 1,low
invitro_pre,fg_BB_SA40_alkyl_halides_nongx_count,eq,1,14,5,9,0.35714285714285715,0.1275984298591596,0.6486198893840083,0.11126279863481228,3.209903593339176,0.01391890842930734,positive,0.23453360703382867,False,BB_SA40_alkyl_halides_nongx,BB_SA40_alkyl_halides_nongx = 1,medium
invitro_pre,fg_BB_SA40_alkyl_halides_nongx_count,eq,2,6,3,3,0.5,0.11811724875702521,0.8818827512429748,0.11126279863481228,4.493865030674847,0.020988829872896183,positive,0.3009887517942984,False,BB_SA40_alkyl_halides_nongx,BB_SA40_alkyl_halides_nongx = 2,low
invitro_pre,fg_BB_SA40_alkyl_halides_nongx_count,ge,1,24,9,15,0.375,0.18799292819600225,0.594063615992056,0.11126279863481228,3.370398773006135,0.0006274310783386753,positive,0.042288854680026716,True,BB_SA40_alkyl_halides_nongx,BB_SA40_alkyl_halides_nongx ≥ 1,high
invitro_pre,fg_BB_SA40_alkyl_halides_nongx_count,ge,2,10,4,6,0.4,0.12155225811982719,0.737621923393055,0.11126279863481228,3.595092024539878,0.018119097566543688,positive,0.2775516309056919,False,BB_SA40_alkyl_halides_nongx,BB_SA40_alkyl_halides_nongx ≥ 2,medium
invitro_pre,fg_BB_SA40_alkyl_halides_nongx_count,ge,3,4,1,3,0.25,0.006309463209709866,0.8058795503167566,0.11126279863481228,2.2469325153374236,0.37645129154882595,positive,1.0,False,BB_SA40_alkyl_halides_nongx,BB_SA40_alkyl_halides_nongx ≥ 3,low
invitro_pre,fg_BB_SA40_alkyl_halides_nongx_count,ge,4,3,1,2,0.3333333333333333,0.008403758659612636,0.9057006759497539,0.11126279863481228,2.9959100204498976,0.29820768917966395,positive,1.0,False,BB_SA40_alkyl_halides_nongx,BB_SA40_alkyl_halides_nongx ≥ 4,low
invitro_pre,fg_BB_SA42_o_phenylphenol_count,eq,2,3,0,3,0.0,0.0,0.7075982261787134,0.11126279863481228,0.0,1.0,negative,1.0,False,BB_SA42_o_phenylphenol,BB_SA42_o_phenylphenol = 2,low
invitro_pre,fg_BB_SA42_o_phenylphenol_count,ge,1,5,1,4,0.2,0.0050507633794680575,0.7164179361180896,0.11126279863481228,1.797546012269939,0.4460190119304421,positive,1.0,False,BB_SA42_o_phenylphenol,BB_SA42_o_phenylphenol ≥ 1,low
invitro_pre,fg_BB_SA42_o_phenylphenol_count,ge,2,3,0,3,0.0,0.0,0.7075982261787134,0.11126279863481228,0.0,1.0,negative,1.0,False,BB_SA42_o_phenylphenol,BB_SA42_o_phenylphenol ≥ 2,low
invitro_pre,fg_BB_SA44_phthalate_diester_count,eq,1,5,0,5,0.0,0.0,0.5218237501049815,0.11126279863481228,0.0,1.0,negative,1.0,False,BB_SA44_phthalate_diester,BB_SA44_phthalate_diester = 1,low
invitro_pre,fg_BB_SA44_phthalate_diester_count,ge,1,5,0,5,0.0,0.0,0.5218237501049815,0.11126279863481228,0.0,1.0,negative,1.0,False,BB_SA44_phthalate_diester,BB_SA44_phthalate_diester ≥ 1,low
invitro_pre,fg_BB_SA44b_phthalate_monoester_count,eq,2,5,0,5,0.0,0.0,0.5218237501049815,0.11126279863481228,0.0,1.0,negative,1.0,False,BB_SA44b_phthalate_monoester,BB_SA44b_phthalate_monoester = 2,low
invitro_pre,fg_BB_SA44b_phthalate_monoester_count,ge,1,5,0,5,0.0,0.0,0.5218237501049815,0.11126279863481228,0.0,1.0,negative,1.0,False,BB_SA44b_phthalate_monoester,BB_SA44b_phthalate_monoester ≥ 1,low
invitro_pre,fg_BB_SA44b_phthalate_monoester_count,ge,2,5,0,5,0.0,0.0,0.5218237501049815,0.11126279863481228,0.0,1.0,negative,1.0,False,BB_SA44b_phthalate_monoester,BB_SA44b_phthalate_monoester ≥ 2,low
invitro_pre,fg_BB_SA45_imidazole_count,eq,1,12,1,11,0.08333333333333333,0.0021075932318602264,0.38479616515094406,0.11126279863481228,0.7489775051124744,1.0,negative,1.0,False,BB_SA45_imidazole,BB_SA45_imidazole = 1,medium
invitro_pre,fg_BB_SA45_imidazole_count,ge,1,12,1,11,0.08333333333333333,0.0021075932318602264,0.38479616515094406,0.11126279863481228,0.7489775051124744,1.0,negative,1.0,False,BB_SA45_imidazole,BB_SA45_imidazole ≥ 1,medium
invitro_pre,fg_BB_SA45b_benzimidazole_count,eq,1,11,1,10,0.09090909090909091,0.002298972213814267,0.4127799169883827,0.11126279863481228,0.8170663692136085,1.0,negative,1.0,False,BB_SA45b_benzimidazole,BB_SA45b_benzimidazole = 1,medium
invitro_pre,fg_BB_SA45b_benzimidazole_count,ge,1,11,1,10,0.09090909090909091,0.002298972213814267,0.4127799169883827,0.11126279863481228,0.8170663692136085,1.0,negative,1.0,False,BB_SA45b_benzimidazole,BB_SA45b_benzimidazole ≥ 1,medium
invitro_pre,fg_BB_SA47_n_alkylcarboxylic_acid_count,eq,1,97,0,97,0.0,0.0,0.03731563690873607,0.11126279863481228,0.0,1.3599518632043593e-05,negative,0.005397830803473593,True,BB_SA47_n_alkylcarboxylic_acid,BB_SA47_n_alkylcarboxylic_acid = 1,high
invitro_pre,fg_BB_SA47_n_alkylcarboxylic_acid_count,eq,2,32,1,31,0.03125,0.0007908685979525573,0.16217099418151157,0.11126279863481228,0.28086656441717794,0.2484325480686794,negative,0.9741412177570825,False,BB_SA47_n_alkylcarboxylic_acid,BB_SA47_n_alkylcarboxylic_acid = 2,high
invitro_pre,fg_BB_SA47_n_alkylcarboxylic_acid_count,eq,3,8,0,8,0.0,0.0,0.3694166475528193,0.11126279863481228,0.0,0.609022506668759,negative,1.0,False,BB_SA47_n_alkylcarboxylic_acid,BB_SA47_n_alkylcarboxylic_acid = 3,low
invitro_pre,fg_BB_SA47_n_alkylcarboxylic_acid_count,eq,4,9,2,7,0.2222222222222222,0.028144973477898197,0.6000935737163122,0.11126279863481228,1.9972733469665984,0.2642152373572124,positive,0.9838733147997855,False,BB_SA47_n_alkylcarboxylic_acid,BB_SA47_n_alkylcarboxylic_acid = 4,low
invitro_pre,fg_BB_SA47_n_alkylcarboxylic_acid_count,eq,5,3,0,3,0.0,0.0,0.7075982261787134,0.11126279863481228,0.0,1.0,negative,1.0,False,BB_SA47_n_alkylcarboxylic_acid,BB_SA47_n_alkylcarboxylic_acid = 5,low
invitro_pre,fg_BB_SA47_n_alkylcarboxylic_acid_count,ge,1,151,3,148,0.019867549668874173,0.004116057096080345,0.056961795075937495,0.11126279863481228,0.17856417340429856,2.666512377219272e-05,negative,0.005990764474152631,True,BB_SA47_n_alkylcarboxylic_acid,BB_SA47_n_alkylcarboxylic_acid ≥ 1,high
invitro_pre,fg_BB_SA47_n_alkylcarboxylic_acid_count,ge,2,54,3,51,0.05555555555555555,0.01160677437994132,0.1538850337916334,0.11126279863481228,0.4993183367416496,0.26734513420671624,negative,0.9861881215759438,False,BB_SA47_n_alkylcarboxylic_acid,BB_SA47_n_alkylcarboxylic_acid ≥ 2,high
invitro_pre,fg_BB_SA47_n_alkylcarboxylic_acid_count,ge,3,22,2,20,0.09090909090909091,0.011205586024150994,0.2916127415539335,0.11126279863481228,0.8170663692136085,1.0,negative,1.0,False,BB_SA47_n_alkylcarboxylic_acid,BB_SA47_n_alkylcarboxylic_acid ≥ 3,high
invitro_pre,fg_BB_SA47_n_alkylcarboxylic_acid_count,ge,4,14,2,12,0.14285714285714285,0.017794515483191515,0.42812916090969894,0.11126279863481228,1.2839614373356705,0.6631083203353598,positive,1.0,False,BB_SA47_n_alkylcarboxylic_acid,BB_SA47_n_alkylcarboxylic_acid ≥ 4,medium
invitro_pre,fg_BB_SA47_n_alkylcarboxylic_acid_count,ge,5,5,0,5,0.0,0.0,0.5218237501049815,0.11126279863481228,0.0,1.0,negative,1.0,False,BB_SA47_n_alkylcarboxylic_acid,BB_SA47_n_alkylcarboxylic_acid ≥ 5,low
invitro_pre,fg_BB_SA48_phenoxyacetic_acid_count,eq,1,6,1,5,0.16666666666666666,0.00421074451448947,0.6412345789976748,0.11126279863481228,1.4979550102249488,0.5078675742971118,positive,1.0,False,BB_SA48_phenoxyacetic_acid,BB_SA48_phenoxyacetic_acid = 1,low
invitro_pre,fg_BB_SA48_phenoxyacetic_acid_count,ge,1,6,1,5,0.16666666666666666,0.00421074451448947,0.6412345789976748,0.11126279863481228,1.4979550102249488,0.5078675742971118,positive,1.0,False,BB_SA48_phenoxyacetic_acid,BB_SA48_phenoxyacetic_acid ≥ 1,low
invitro_pre,fg_BB_SA52_dicarboximide_count,eq,1,3,2,1,0.6666666666666666,0.09429932405024609,0.9915962413403874,0.11126279863481228,5.991820040899795,0.0342258122633991,positive,0.4047052186935262,False,BB_SA52_dicarboximide,BB_SA52_dicarboximide = 1,low
invitro_pre,fg_BB_SA52_dicarboximide_count,ge,1,3,2,1,0.6666666666666666,0.09429932405024609,0.9915962413403874,0.11126279863481228,5.991820040899795,0.0342258122633991,positive,0.4047052186935262,False,BB_SA52_dicarboximide,BB_SA52_dicarboximide ≥ 1,low
invivo_pre,fg_amine_primary_count,eq,1,45,0,45,0.0,0.0,0.07870510040684305,0.03674948240165631,0.0,0.40946794550259524,negative,1.0,False,amine_primary,amine_primary = 1,high
invivo_pre,fg_amine_primary_count,eq,2,11,1,10,0.09090909090909091,0.002298972213814267,0.4127799169883827,0.03674948240165631,2.473751600512164,0.33830427633829635,positive,1.0,False,amine_primary,amine_primary = 2,medium
invivo_pre,fg_amine_primary_count,ge,1,56,1,55,0.017857142857142856,0.00045200153052082546,0.09552590263233961,0.03674948240165631,0.4859154929577465,0.7206629491917562,negative,1.0,False,amine_primary,amine_primary ≥ 1,high
invivo_pre,fg_amine_primary_count,ge,2,11,1,10,0.09090909090909091,0.002298972213814267,0.4127799169883827,0.03674948240165631,2.473751600512164,0.33830427633829635,positive,1.0,False,amine_primary,amine_primary ≥ 2,medium
invivo_pre,fg_amine_secondary_count,eq,1,31,1,30,0.03225806451612903,0.000816370071846613,0.16702111623022775,0.03674948240165631,0.8777828259881872,1.0,negative,1.0,False,amine_secondary,amine_secondary = 1,high
invivo_pre,fg_amine_secondary_count,eq,2,8,0,8,0.0,0.0,0.3694166475528193,0.03674948240165631,0.0,1.0,negative,1.0,False,amine_secondary,amine_secondary = 2,low
invivo_pre,fg_amine_secondary_count,ge,1,40,1,39,0.025,0.0006327449320494191,0.13158585848276574,0.03674948240165631,0.6802816901408452,1.0,negative,1.0,False,amine_secondary,amine_secondary ≥ 1,high
invivo_pre,fg_amine_secondary_count,ge,2,9,0,9,0.0,0.0,0.3362671168799429,0.03674948240165631,0.0,1.0,negative,1.0,False,amine_secondary,amine_secondary ≥ 2,low
invivo_pre,fg_amine_tertiary_count,eq,1,52,0,52,0.0,0.0,0.06848220870331957,0.03674948240165631,0.0,0.25991697321865587,negative,1.0,False,amine_tertiary,amine_tertiary = 1,high
invivo_pre,fg_amine_tertiary_count,eq,2,19,0,19,0.0,0.0,0.1764669118069654,0.03674948240165631,0.0,1.0,negative,1.0,False,amine_tertiary,amine_tertiary = 2,medium
invivo_pre,fg_amine_tertiary_count,eq,3,4,1,3,0.25,0.006309463209709866,0.8058795503167566,0.03674948240165631,6.802816901408451,0.13919360594205551,positive,0.9492753125958201,False,amine_tertiary,amine_tertiary = 3,low
invivo_pre,fg_amine_tertiary_count,eq,4,3,0,3,0.0,0.0,0.7075982261787134,0.03674948240165631,0.0,1.0,negative,1.0,False,amine_tertiary,amine_tertiary = 4,low
invivo_pre,fg_amine_tertiary_count,ge,1,79,1,78,0.012658227848101266,0.0003204272343042667,0.06851990948677214,0.03674948240165631,0.34444642538776965,0.3636761158900117,negative,1.0,False,amine_tertiary,amine_tertiary ≥ 1,high
invivo_pre,fg_amine_tertiary_count,ge,2,27,1,26,0.037037037037037035,0.000937257091944707,0.18970561741304462,0.03674948240165631,1.0078247261345854,1.0,positive,1.0,False,amine_tertiary,amine_tertiary ≥ 2,high
invivo_pre,fg_amine_tertiary_count,ge,3,8,1,7,0.125,0.0031597235312519063,0.5265096708752066,0.03674948240165631,3.4014084507042255,0.25924730057695045,positive,1.0,False,amine_tertiary,amine_tertiary ≥ 3,low
invivo_pre,fg_amine_tertiary_count,ge,4,4,0,4,0.0,0.0,0.6023646356164747,0.03674948240165631,0.0,1.0,negative,1.0,False,amine_tertiary,amine_tertiary ≥ 4,low
invivo_pre,fg_ammonium_quaternary_count,eq,1,24,2,22,0.08333333333333333,0.010256341281250149,0.2699728015576036,0.03674948240165631,2.267605633802817,0.21970588539137337,positive,1.0,False,ammonium_quaternary,ammonium_quaternary = 1,high
invivo_pre,fg_ammonium_quaternary_count,ge,1,24,2,22,0.08333333333333333,0.010256341281250149,0.2699728015576036,0.03674948240165631,2.267605633802817,0.21970588539137337,positive,1.0,False,ammonium_quaternary,ammonium_quaternary ≥ 1,high
invivo_pre,fg_amide_count,eq,1,116,3,113,0.02586206896551724,0.005365468346042132,0.07372130513576364,0.03674948240165631,0.7037396794560467,0.7971898915490456,negative,1.0,False,amide,amide = 1,high
invivo_pre,fg_amide_count,eq,2,46,1,45,0.021739130434782608,0.0005502356948807102,0.11527182559799003,0.03674948240165631,0.5915492957746479,1.0,negative,1.0,False,amide,amide = 2,high
invivo_pre,fg_amide_count,eq,3,3,0,3,0.0,0.0,0.7075982261787134,0.03674948240165631,0.0,1.0,negative,1.0,False,amide,amide = 3,low
invivo_pre,fg_amide_count,eq,4,3,0,3,0.0,0.0,0.7075982261787134,0.03674948240165631,0.0,1.0,negative,1.0,False,amide,amide = 4,low
invivo_pre,fg_amide_count,ge,1,169,4,165,0.023668639053254437,0.006485711884283191,0.05948984381576862,0.03674948240165631,0.6440536711392616,0.5179100809522568,negative,1.0,False,amide,amide ≥ 1,high
invivo_pre,fg_amide_count,ge,2,53,1,52,0.018867924528301886,0.00047758041242211286,0.10070152676914619,0.03674948240165631,0.5134201435025246,0.7203414425322638,negative,1.0,False,amide,amide ≥ 2,high
invivo_pre,fg_amide_count,ge,3,7,0,7,0.0,0.0,0.4096163972250034,0.03674948240165631,0.0,1.0,negative,1.0,False,amide,amide ≥ 3,low
invivo_pre,fg_amide_count,ge,4,4,0,4,0.0,0.0,0.6023646356164747,0.03674948240165631,0.0,1.0,negative,1.0,False,amide,amide ≥ 4,low
invivo_pre,fg_urea_count,eq,1,32,1,31,0.03125,0.0007908685979525573,0.16217099418151157,0.03674948240165631,0.8503521126760564,1.0,negative,1.0,False,urea,urea = 1,high
invivo_pre,fg_urea_count,eq,2,7,0,7,0.0,0.0,0.4096163972250034,0.03674948240165631,0.0,1.0,negative,1.0,False,urea,urea = 2,low
invivo_pre,fg_urea_count,ge,1,40,1,39,0.025,0.0006327449320494191,0.13158585848276574,0.03674948240165631,0.6802816901408452,1.0,negative,1.0,False,urea,urea ≥ 1,high
invivo_pre,fg_urea_count,ge,2,8,0,8,0.0,0.0,0.3694166475528193,0.03674948240165631,0.0,1.0,negative,1.0,False,urea,urea ≥ 2,low
invivo_pre,fg_carbamate_count,eq,1,12,1,11,0.08333333333333333,0.0021075932318602264,0.38479616515094406,0.03674948240165631,2.267605633802817,0.3627604951722274,positive,1.0,False,carbamate,carbamate = 1,medium
invivo_pre,fg_carbamate_count,ge,1,14,1,13,0.07142857142857142,0.0018067806591253865,0.3386844899318212,0.03674948240165631,1.943661971830986,0.4090300936630763,positive,1.0,False,carbamate,carbamate ≥ 1,medium
invivo_pre,fg_aniline_count,eq,1,150,9,141,0.06,0.02779997779445594,0.11084152001362552,0.03674948240165631,1.6326760563380283,0.11487173650016445,positive,0.8442515002973251,False,aniline,aniline = 1,high
invivo_pre,fg_aniline_count,eq,2,122,4,118,0.03278688524590164,0.00900421717515311,0.08182072643379294,0.03674948240165631,0.8921727083814363,1.0,negative,1.0,False,aniline,aniline = 2,high
invivo_pre,fg_aniline_count,eq,3,40,0,40,0.0,0.0,0.0880973028788024,0.03674948240165631,0.0,0.39981116292992747,negative,1.0,False,aniline,aniline = 3,high
invivo_pre,fg_aniline_count,eq,4,33,1,32,0.030303030303030304,0.0007669120750481087,0.15759397227249686,0.03674948240165631,0.824583866837388,1.0,negative,1.0,False,aniline,aniline = 4,high
invivo_pre,fg_aniline_count,eq,5,10,0,10,0.0,0.0,0.30849710781876083,0.03674948240165631,0.0,1.0,negative,1.0,False,aniline,aniline = 5,medium
invivo_pre,fg_aniline_count,eq,8,4,0,4,0.0,0.0,0.6023646356164747,0.03674948240165631,0.0,1.0,negative,1.0,False,aniline,aniline = 8,low
invivo_pre,fg_aniline_count,eq,10,11,0,11,0.0,0.0,0.2849141529181545,0.03674948240165631,0.0,1.0,negative,1.0,False,aniline,aniline = 10,medium
invivo_pre,fg_aniline_count,ge,1,377,14,363,0.03713527851458886,0.020448268035141375,0.06152226562560217,0.03674948240165631,1.010498001270221,1.0,positive,1.0,False,aniline,aniline ≥ 1,high
invivo_pre,fg_aniline_count,ge,2,227,5,222,0.022026431718061675,0.007189705681021602,0.05065097332393234,0.03674948240165631,0.5993671278773967,0.2609145262890778,negative,1.0,False,aniline,aniline ≥ 2,high
invivo_pre,fg_aniline_count,ge,3,105,1,104,0.009523809523809525,0.0002410929132342711,0.05192238284091667,0.03674948240165631,0.25915492957746483,0.17871624542356235,negative,1.0,False,aniline,aniline ≥ 3,high
invivo_pre,fg_aniline_count,ge,4,65,1,64,0.015384615384615385,0.0003894288910972206,0.08276308774446636,0.03674948240165631,0.4186348862405201,0.5141919959505343,negative,1.0,False,aniline,aniline ≥ 4,high
invivo_pre,fg_aniline_count,ge,5,32,0,32,0.0,0.0,0.1088811606793529,0.03674948240165631,0.0,0.6290530379849162,negative,1.0,False,aniline,aniline ≥ 5,high
invivo_pre,fg_aniline_count,ge,6,22,0,22,0.0,0.0,0.1543725128155746,0.03674948240165631,0.0,1.0,negative,1.0,False,aniline,aniline ≥ 6,high
invivo_pre,fg_aniline_count,ge,7,21,0,21,0.0,0.0,0.16109761521907962,0.03674948240165631,0.0,1.0,negative,1.0,False,aniline,aniline ≥ 7,high
invivo_pre,fg_aniline_count,ge,8,19,0,19,0.0,0.0,0.1764669118069654,0.03674948240165631,0.0,1.0,negative,1.0,False,aniline,aniline ≥ 8,medium
invivo_pre,fg_aniline_count,ge,9,15,0,15,0.0,0.0,0.21801936091053403,0.03674948240165631,0.0,1.0,negative,1.0,False,aniline,aniline ≥ 9,medium
invivo_pre,fg_aniline_count,ge,10,14,0,14,0.0,0.0,0.2316357616501165,0.03674948240165631,0.0,1.0,negative,1.0,False,aniline,aniline ≥ 10,medium
invivo_pre,fg_aniline_count,ge,11,3,0,3,0.0,0.0,0.7075982261787134,0.03674948240165631,0.0,1.0,negative,1.0,False,aniline,aniline ≥ 11,low
invivo_pre,fg_aniline_count,ge,12,3,0,3,0.0,0.0,0.7075982261787134,0.03674948240165631,0.0,1.0,negative,1.0,False,aniline,aniline ≥ 12,low
invivo_pre,fg_nitrile_count,eq,1,48,3,45,0.0625,0.013079244409552646,0.17195993079057045,0.03674948240165631,1.7007042253521127,0.2575781510863015,positive,1.0,False,nitrile,nitrile = 1,high
invivo_pre,fg_nitrile_count,eq,2,19,0,19,0.0,0.0,0.1764669118069654,0.03674948240165631,0.0,1.0,negative,1.0,False,nitrile,nitrile = 2,medium
invivo_pre,fg_nitrile_count,ge,1,68,3,65,0.04411764705882353,0.009192195202787379,0.1235626243317788,0.03674948240165631,1.2004971002485503,0.7368038714776863,positive,1.0,False,nitrile,nitrile ≥ 1,high
invivo_pre,fg_nitrile_count,ge,2,20,0,20,0.0,0.0,0.16843347098308534,0.03674948240165631,0.0,1.0,negative,1.0,False,nitrile,nitrile ≥ 2,high
invivo_pre,fg_azo_count,eq,1,90,2,88,0.022222222222222223,0.002702635850147755,0.07797768547766389,0.03674948240165631,0.6046948356807512,0.7708562899943994,negative,1.0,False,azo,azo = 1,high
invivo_pre,fg_azo_count,eq,2,39,0,39,0.0,0.0,0.09025110096033433,0.03674948240165631,0.0,0.39915605954410793,negative,1.0,False,azo,azo = 2,high
invivo_pre,fg_azo_count,eq,3,7,0,7,0.0,0.0,0.4096163972250034,0.03674948240165631,0.0,1.0,negative,1.0,False,azo,azo = 3,low
invivo_pre,fg_azo_count,ge,1,138,2,136,0.014492753623188406,0.0017599840211347199,0.05137107603619019,0.03674948240165631,0.3943661971830986,0.2344697359583394,negative,1.0,False,azo,azo ≥ 1,high
invivo_pre,fg_azo_count,ge,2,48,0,48,0.0,0.0,0.07397278534728023,0.03674948240165631,0.0,0.41962684740022893,negative,1.0,False,azo,azo ≥ 2,high
invivo_pre,fg_azo_count,ge,3,9,0,9,0.0,0.0,0.3362671168799429,0.03674948240165631,0.0,1.0,negative,1.0,False,azo,azo ≥ 3,low
invivo_pre,fg_hydrazine_like_count,eq,1,24,1,23,0.041666666666666664,0.0010543524454697472,0.21120168345697313,0.03674948240165631,1.1338028169014085,0.5950930032042189,positive,1.0,False,hydrazine_like,hydrazine_like = 1,high
invivo_pre,fg_hydrazine_like_count,eq,2,6,0,6,0.0,0.0,0.4592581264399005,0.03674948240165631,0.0,1.0,negative,1.0,False,hydrazine_like,hydrazine_like = 2,low
invivo_pre,fg_hydrazine_like_count,ge,1,32,1,31,0.03125,0.0007908685979525573,0.16217099418151157,0.03674948240165631,0.8503521126760564,1.0,negative,1.0,False,hydrazine_like,hydrazine_like ≥ 1,high
invivo_pre,fg_hydrazine_like_count,ge,2,8,0,8,0.0,0.0,0.3694166475528193,0.03674948240165631,0.0,1.0,negative,1.0,False,hydrazine_like,hydrazine_like ≥ 2,low
invivo_pre,fg_imine_count,eq,1,49,1,48,0.02040816326530612,0.0005165564975932861,0.10854176396840697,0.03674948240165631,0.5553319919517102,1.0,negative,1.0,False,imine,imine = 1,high
invivo_pre,fg_imine_count,eq,2,10,0,10,0.0,0.0,0.30849710781876083,0.03674948240165631,0.0,1.0,negative,1.0,False,imine,imine = 2,medium
invivo_pre,fg_imine_count,eq,3,9,0,9,0.0,0.0,0.3362671168799429,0.03674948240165631,0.0,1.0,negative,1.0,False,imine,imine = 3,low
invivo_pre,fg_imine_count,eq,4,3,0,3,0.0,0.0,0.7075982261787134,0.03674948240165631,0.0,1.0,negative,1.0,False,imine,imine = 4,low
invivo_pre,fg_imine_count,ge,1,71,1,70,0.014084507042253521,0.00035652527460338913,0.07599341612110351,0.03674948240165631,0.38325729022019445,0.5166994132309793,negative,1.0,False,imine,imine ≥ 1,high
invivo_pre,fg_imine_count,ge,2,22,0,22,0.0,0.0,0.1543725128155746,0.03674948240165631,0.0,1.0,negative,1.0,False,imine,imine ≥ 2,high
invivo_pre,fg_imine_count,ge,3,12,0,12,0.0,0.0,0.2646484693970512,0.03674948240165631,0.0,1.0,negative,1.0,False,imine,imine ≥ 3,medium
invivo_pre,fg_imine_count,ge,4,3,0,3,0.0,0.0,0.7075982261787134,0.03674948240165631,0.0,1.0,negative,1.0,False,imine,imine ≥ 4,low
invivo_pre,fg_guanidine_like_count,eq,1,11,0,11,0.0,0.0,0.2849141529181545,0.03674948240165631,0.0,1.0,negative,1.0,False,guanidine_like,guanidine_like = 1,medium
invivo_pre,fg_guanidine_like_count,ge,1,13,0,13,0.0,0.0,0.24705263800047095,0.03674948240165631,0.0,1.0,negative,1.0,False,guanidine_like,guanidine_like ≥ 1,medium
invivo_pre,fg_alcohol_count,eq,1,164,1,163,0.006097560975609756,0.00015436496245593075,0.0335036771033872,0.03674948240165631,0.16592236344898662,0.026964950262878862,negative,0.3581134622631456,False,alcohol,alcohol = 1,high
invivo_pre,fg_alcohol_count,eq,2,62,0,62,0.0,0.0,0.05776263442929094,0.03674948240165631,0.0,0.16874625219384795,negative,1.0,False,alcohol,alcohol = 2,high
invivo_pre,fg_alcohol_count,eq,3,11,0,11,0.0,0.0,0.2849141529181545,0.03674948240165631,0.0,1.0,negative,1.0,False,alcohol,alcohol = 3,medium
invivo_pre,fg_alcohol_count,eq,4,8,0,8,0.0,0.0,0.3694166475528193,0.03674948240165631,0.0,1.0,negative,1.0,False,alcohol,alcohol = 4,low
invivo_pre,fg_alcohol_count,eq,6,4,0,4,0.0,0.0,0.6023646356164747,0.03674948240165631,0.0,1.0,negative,1.0,False,alcohol,alcohol = 6,low
invivo_pre,fg_alcohol_count,eq,9,3,0,3,0.0,0.0,0.7075982261787134,0.03674948240165631,0.0,1.0,negative,1.0,False,alcohol,alcohol = 9,low
invivo_pre,fg_alcohol_count,ge,1,258,1,257,0.003875968992248062,9.812622400591148e-05,0.02140515376681997,0.03674948240165631,0.1054700294792008,0.0005911047162583696,negative,0.04474662702075858,True,alcohol,alcohol ≥ 1,high
invivo_pre,fg_alcohol_count,ge,2,94,0,94,0.0,0.0,0.038483350997528795,0.03674948240165631,0.0,0.04673369852886236,negative,0.5174288743589771,False,alcohol,alcohol ≥ 2,high
invivo_pre,fg_alcohol_count,ge,3,32,0,32,0.0,0.0,0.1088811606793529,0.03674948240165631,0.0,0.6290530379849162,negative,1.0,False,alcohol,alcohol ≥ 3,high
invivo_pre,fg_alcohol_count,ge,4,21,0,21,0.0,0.0,0.16109761521907962,0.03674948240165631,0.0,1.0,negative,1.0,False,alcohol,alcohol ≥ 4,high
invivo_pre,fg_alcohol_count,ge,5,13,0,13,0.0,0.0,0.24705263800047095,0.03674948240165631,0.0,1.0,negative,1.0,False,alcohol,alcohol ≥ 5,medium
invivo_pre,fg_alcohol_count,ge,6,11,0,11,0.0,0.0,0.2849141529181545,0.03674948240165631,0.0,1.0,negative,1.0,False,alcohol,alcohol ≥ 6,medium
invivo_pre,fg_alcohol_count,ge,7,7,0,7,0.0,0.0,0.4096163972250034,0.03674948240165631,0.0,1.0,negative,1.0,False,alcohol,alcohol ≥ 7,low
invivo_pre,fg_alcohol_count,ge,8,7,0,7,0.0,0.0,0.4096163972250034,0.03674948240165631,0.0,1.0,negative,1.0,False,alcohol,alcohol ≥ 8,low
invivo_pre,fg_alcohol_count,ge,9,6,0,6,0.0,0.0,0.4592581264399005,0.03674948240165631,0.0,1.0,negative,1.0,False,alcohol,alcohol ≥ 9,low
invivo_pre,fg_alcohol_count,ge,10,3,0,3,0.0,0.0,0.7075982261787134,0.03674948240165631,0.0,1.0,negative,1.0,False,alcohol,alcohol ≥ 10,low
invivo_pre,fg_alcohol_count,ge,11,3,0,3,0.0,0.0,0.7075982261787134,0.03674948240165631,0.0,1.0,negative,1.0,False,alcohol,alcohol ≥ 11,low
invivo_pre,fg_alcohol_count,ge,12,3,0,3,0.0,0.0,0.7075982261787134,0.03674948240165631,0.0,1.0,negative,1.0,False,alcohol,alcohol ≥ 12,low
invivo_pre,fg_alcohol_count,ge,13,3,0,3,0.0,0.0,0.7075982261787134,0.03674948240165631,0.0,1.0,negative,1.0,False,alcohol,alcohol ≥ 13,low
invivo_pre,fg_alcohol_count,ge,14,3,0,3,0.0,0.0,0.7075982261787134,0.03674948240165631,0.0,1.0,negative,1.0,False,alcohol,alcohol ≥ 14,low
invivo_pre,fg_alcohol_count,ge,15,3,0,3,0.0,0.0,0.7075982261787134,0.03674948240165631,0.0,1.0,negative,1.0,False,alcohol,alcohol ≥ 15,low
invivo_pre,fg_alcohol_count,ge,16,3,0,3,0.0,0.0,0.7075982261787134,0.03674948240165631,0.0,1.0,negative,1.0,False,alcohol,alcohol ≥ 16,low
invivo_pre,fg_alcohol_count,ge,17,3,0,3,0.0,0.0,0.7075982261787134,0.03674948240165631,0.0,1.0,negative,1.0,False,alcohol,alcohol ≥ 17,low
invivo_pre,fg_alcohol_count,ge,18,3,0,3,0.0,0.0,0.7075982261787134,0.03674948240165631,0.0,1.0,negative,1.0,False,alcohol,alcohol ≥ 18,low
invivo_pre,fg_phenol_count,eq,1,144,3,141,0.020833333333333332,0.004317114270396702,0.05967520612043886,0.03674948240165631,0.5669014084507042,0.36405337666541804,negative,1.0,False,phenol,phenol = 1,high
invivo_pre,fg_phenol_count,eq,2,59,2,57,0.03389830508474576,0.004131932972365215,0.11714846388839316,0.03674948240165631,0.922415851038434,1.0,negative,1.0,False,phenol,phenol = 2,high
invivo_pre,fg_phenol_count,eq,3,9,2,7,0.2222222222222222,0.028144973477898197,0.6000935737163122,0.03674948240165631,6.046948356807512,0.040563551474927434,positive,0.47979075728937604,False,phenol,phenol = 3,low
invivo_pre,fg_phenol_count,eq,4,3,0,3,0.0,0.0,0.7075982261787134,0.03674948240165631,0.0,1.0,negative,1.0,False,phenol,phenol = 4,low
invivo_pre,fg_phenol_count,ge,1,215,7,208,0.03255813953488372,0.013188357419354335,0.06592891500021435,0.03674948240165631,0.8859482476252867,0.8491172830365991,negative,1.0,False,phenol,phenol ≥ 1,high
invivo_pre,fg_phenol_count,ge,2,71,4,67,0.056338028169014086,0.015561635041241436,0.13801144322082926,0.03674948240165631,1.5330291608807778,0.3291771514121507,positive,1.0,False,phenol,phenol ≥ 2,high
invivo_pre,fg_phenol_count,ge,3,12,2,10,0.16666666666666666,0.020862525460092384,0.48413774868596715,0.03674948240165631,4.535211267605634,0.06928586916505841,positive,0.6529800161936947,False,phenol,phenol ≥ 3,medium
invivo_pre,fg_phenol_count,ge,4,3,0,3,0.0,0.0,0.7075982261787134,0.03674948240165631,0.0,1.0,negative,1.0,False,phenol,phenol ≥ 4,low
invivo_pre,fg_ether_count,eq,1,327,9,318,0.027522935779816515,0.012660836464112165,0.051602442366268216,0.03674948240165631,0.7489339707972608,0.4199186006093754,negative,1.0,False,ether,ether = 1,high
invivo_pre,fg_ether_count,eq,2,212,4,208,0.018867924528301886,0.005164216013333112,0.0476021898854559,0.03674948240165631,0.5134201435025246,0.17558979212318176,negative,1.0,False,ether,ether = 2,high
invivo_pre,fg_ether_count,eq,3,52,3,49,0.057692307692307696,0.012059318026738423,0.159473358638591,0.03674948240165631,1.5698808234019503,0.4372140052808519,positive,1.0,False,ether,ether = 3,high
invivo_pre,fg_ether_count,eq,4,36,3,33,0.08333333333333333,0.01752649592393462,0.22468976055697312,0.03674948240165631,2.267605633802817,0.14361088398926547,positive,0.9706557069631603,False,ether,ether = 4,high
invivo_pre,fg_ether_count,eq,5,3,0,3,0.0,0.0,0.7075982261787134,0.03674948240165631,0.0,1.0,negative,1.0,False,ether,ether = 5,low
invivo_pre,fg_ether_count,eq,6,9,1,8,0.1111111111111111,0.002809136746599214,0.4824965149173371,0.03674948240165631,3.023474178403756,0.28658276921470316,positive,1.0,False,ether,ether = 6,low
invivo_pre,fg_ether_count,ge,1,647,20,627,0.030911901081916538,0.018981938310051582,0.04733852334145666,0.03674948240165631,0.841152012538912,0.37146047293923,negative,1.0,False,ether,ether ≥ 1,high
invivo_pre,fg_ether_count,ge,2,320,11,309,0.034375,0.01728245087071294,0.06067286927933051,0.03674948240165631,0.9353873239436621,1.0,negative,1.0,False,ether,ether ≥ 2,high
invivo_pre,fg_ether_count,ge,3,108,7,101,0.06481481481481481,0.026453835021494097,0.12899055619716845,0.03674948240165631,1.7636932707355242,0.11303997652308376,positive,0.8389339434115138,False,ether,ether ≥ 3,high
invivo_pre,fg_ether_count,ge,4,56,4,52,0.07142857142857142,0.01980393150882973,0.17290469813936987,0.03674948240165631,1.943661971830986,0.14745490470695963,positive,0.9878173704705171,False,ether,ether ≥ 4,high
invivo_pre,fg_ether_count,ge,5,20,1,19,0.05,0.0012650894979498038,0.24873276277202783,0.03674948240165631,1.3605633802816903,0.5288661546067124,positive,1.0,False,ether,ether ≥ 5,high
invivo_pre,fg_ether_count,ge,6,17,1,16,0.058823529411764705,0.0014881743912666346,0.28688939666722063,0.03674948240165631,1.6006628003314003,0.47229147730643695,positive,1.0,False,ether,ether ≥ 6,medium
invivo_pre,fg_ether_count,ge,7,8,0,8,0.0,0.0,0.3694166475528193,0.03674948240165631,0.0,1.0,negative,1.0,False,ether,ether ≥ 7,low
invivo_pre,fg_ether_count,ge,8,6,0,6,0.0,0.0,0.4592581264399005,0.03674948240165631,0.0,1.0,negative,1.0,False,ether,ether ≥ 8,low
invivo_pre,fg_ether_count,ge,9,5,0,5,0.0,0.0,0.5218237501049815,0.03674948240165631,0.0,1.0,negative,1.0,False,ether,ether ≥ 9,low
invivo_pre,fg_ether_count,ge,10,5,0,5,0.0,0.0,0.5218237501049815,0.03674948240165631,0.0,1.0,negative,1.0,False,ether,ether ≥ 10,low
invivo_pre,fg_ether_count,ge,11,5,0,5,0.0,0.0,0.5218237501049815,0.03674948240165631,0.0,1.0,negative,1.0,False,ether,ether ≥ 11,low
invivo_pre,fg_ether_count,ge,12,5,0,5,0.0,0.0,0.5218237501049815,0.03674948240165631,0.0,1.0,negative,1.0,False,ether,ether ≥ 12,low
invivo_pre,fg_ether_count,ge,13,4,0,4,0.0,0.0,0.6023646356164747,0.03674948240165631,0.0,1.0,negative,1.0,False,ether,ether ≥ 13,low
invivo_pre,fg_ether_count,ge,14,3,0,3,0.0,0.0,0.7075982261787134,0.03674948240165631,0.0,1.0,negative,1.0,False,ether,ether ≥ 14,low
invivo_pre,fg_aldehyde_count,eq,1,26,1,25,0.038461538461538464,0.0009732878933350304,0.19636964676253899,0.03674948240165631,1.0465872156013003,1.0,positive,1.0,False,aldehyde,aldehyde = 1,high
invivo_pre,fg_aldehyde_count,eq,2,3,0,3,0.0,0.0,0.7075982261787134,0.03674948240165631,0.0,1.0,negative,1.0,False,aldehyde,aldehyde = 2,low
invivo_pre,fg_aldehyde_count,ge,1,29,1,28,0.034482758620689655,0.000872646883579922,0.17764429548872293,0.03674948240165631,0.9383195726080622,1.0,negative,1.0,False,aldehyde,aldehyde ≥ 1,high
invivo_pre,fg_aldehyde_count,ge,2,3,0,3,0.0,0.0,0.7075982261787134,0.03674948240165631,0.0,1.0,negative,1.0,False,aldehyde,aldehyde ≥ 2,low
invivo_pre,fg_ketone_count,eq,1,85,3,82,0.03529411764705882,0.007338486954848271,0.09969637090688123,0.03674948240165631,0.9603976801988402,1.0,negative,1.0,False,ketone,ketone = 1,high
invivo_pre,fg_ketone_count,eq,2,44,1,43,0.022727272727272728,0.0005752392133630829,0.12024158220634737,0.03674948240165631,0.618437900128041,1.0,negative,1.0,False,ketone,ketone = 2,high
invivo_pre,fg_ketone_count,ge,1,132,4,128,0.030303030303030304,0.008317052477143172,0.07576977122434204,0.03674948240165631,0.824583866837388,1.0,negative,1.0,False,ketone,ketone ≥ 1,high
invivo_pre,fg_ketone_count,ge,2,47,1,46,0.02127659574468085,0.0005385317053423146,0.11293771714640012,0.03674948240165631,0.5789631405454001,1.0,negative,1.0,False,ketone,ketone ≥ 2,high
invivo_pre,fg_ketone_count,ge,3,3,0,3,0.0,0.0,0.7075982261787134,0.03674948240165631,0.0,1.0,negative,1.0,False,ketone,ketone ≥ 3,low
invivo_pre,fg_carboxylic_acid_count,eq,1,78,1,77,0.01282051282051282,0.0003245346090972235,0.069372740785605,0.03674948240165631,0.3488624052004334,0.36362189879438095,negative,1.0,False,carboxylic_acid,carboxylic_acid = 1,high
invivo_pre,fg_carboxylic_acid_count,eq,2,16,0,16,0.0,0.0,0.20590721420782274,0.03674948240165631,0.0,1.0,negative,1.0,False,carboxylic_acid,carboxylic_acid = 2,medium
invivo_pre,fg_carboxylic_acid_count,eq,3,5,0,5,0.0,0.0,0.5218237501049815,0.03674948240165631,0.0,1.0,negative,1.0,False,carboxylic_acid,carboxylic_acid = 3,low
invivo_pre,fg_carboxylic_acid_count,eq,4,4,0,4,0.0,0.0,0.6023646356164747,0.03674948240165631,0.0,1.0,negative,1.0,False,carboxylic_acid,carboxylic_acid = 4,low
invivo_pre,fg_carboxylic_acid_count,ge,1,104,1,103,0.009615384615384616,0.00024341083216264855,0.052410699703228154,0.03674948240165631,0.2616468039003251,0.1782411820676728,negative,1.0,False,carboxylic_acid,carboxylic_acid ≥ 1,high
invivo_pre,fg_carboxylic_acid_count,ge,2,26,0,26,0.0,0.0,0.1322746044977541,0.03674948240165631,0.0,0.6226302613871637,negative,1.0,False,carboxylic_acid,carboxylic_acid ≥ 2,high
invivo_pre,fg_carboxylic_acid_count,ge,3,10,0,10,0.0,0.0,0.30849710781876083,0.03674948240165631,0.0,1.0,negative,1.0,False,carboxylic_acid,carboxylic_acid ≥ 3,medium
invivo_pre,fg_carboxylic_acid_count,ge,4,5,0,5,0.0,0.0,0.5218237501049815,0.03674948240165631,0.0,1.0,negative,1.0,False,carboxylic_acid,carboxylic_acid ≥ 4,low
invivo_pre,fg_carboxylate_count,eq,1,4,0,4,0.0,0.0,0.6023646356164747,0.03674948240165631,0.0,1.0,negative,1.0,False,carboxylate,carboxylate = 1,low
invivo_pre,fg_carboxylate_count,ge,1,4,0,4,0.0,0.0,0.6023646356164747,0.03674948240165631,0.0,1.0,negative,1.0,False,carboxylate,carboxylate ≥ 1,low
invivo_pre,fg_ester_count,eq,1,208,4,204,0.019230769230769232,0.0052639890359933135,0.04850383384707989,0.03674948240165631,0.5232936078006502,0.1760526654923092,negative,1.0,False,ester,ester = 1,high
invivo_pre,fg_ester_count,eq,2,136,2,134,0.014705882352941176,0.0017859388132832627,0.05211202336468806,0.03674948240165631,0.4001657000828501,0.23264188619913556,negative,1.0,False,ester,ester = 2,high
invivo_pre,fg_ester_count,eq,3,13,2,11,0.15384615384615385,0.019206671982528477,0.45447105567655777,0.03674948240165631,4.186348862405201,0.0799854649049031,positive,0.6727666325890184,False,ester,ester = 3,medium
invivo_pre,fg_ester_count,eq,4,12,0,12,0.0,0.0,0.2646484693970512,0.03674948240165631,0.0,1.0,negative,1.0,False,ester,ester = 4,medium
invivo_pre,fg_ester_count,ge,1,372,8,364,0.021505376344086023,0.009329140645015867,0.04193290784672297,0.03674948240165631,0.5851885506587915,0.09153518614319711,negative,0.7531753903304371,False,ester,ester ≥ 1,high
invivo_pre,fg_ester_count,ge,2,164,4,160,0.024390243902439025,0.006684615085905494,0.06126889595743865,0.03674948240165631,0.6636894537959465,0.515270821266885,negative,1.0,False,ester,ester ≥ 2,high
invivo_pre,fg_ester_count,ge,3,28,2,26,0.07142857142857142,0.008770496703527133,0.2350347731745908,0.03674948240165631,1.943661971830986,0.27503519018143413,positive,1.0,False,ester,ester ≥ 3,high
invivo_pre,fg_ester_count,ge,4,15,0,15,0.0,0.0,0.21801936091053403,0.03674948240165631,0.0,1.0,negative,1.0,False,ester,ester ≥ 4,medium
invivo_pre,fg_ester_count,ge,5,3,0,3,0.0,0.0,0.7075982261787134,0.03674948240165631,0.0,1.0,negative,1.0,False,ester,ester ≥ 5,low
invivo_pre,fg_ester_count,ge,6,3,0,3,0.0,0.0,0.7075982261787134,0.03674948240165631,0.0,1.0,negative,1.0,False,ester,ester ≥ 6,low
invivo_pre,fg_anhydride_count,eq,1,9,0,9,0.0,0.0,0.3362671168799429,0.03674948240165631,0.0,1.0,negative,1.0,False,anhydride,anhydride = 1,low
invivo_pre,fg_anhydride_count,ge,1,10,0,10,0.0,0.0,0.30849710781876083,0.03674948240165631,0.0,1.0,negative,1.0,False,anhydride,anhydride ≥ 1,medium
invivo_pre,fg_acid_chloride_count,eq,1,3,0,3,0.0,0.0,0.7075982261787134,0.03674948240165631,0.0,1.0,negative,1.0,False,acid_chloride,acid_chloride = 1,low
invivo_pre,fg_acid_chloride_count,ge,1,5,0,5,0.0,0.0,0.5218237501049815,0.03674948240165631,0.0,1.0,negative,1.0,False,acid_chloride,acid_chloride ≥ 1,low
invivo_pre,fg_alkene_count,eq,1,249,12,237,0.04819277108433735,0.025146577044957808,0.08266927883108686,0.03674948240165631,1.3113863906329546,0.28189507704751293,positive,1.0,False,alkene,alkene = 1,high
invivo_pre,fg_alkene_count,eq,2,84,6,78,0.07142857142857142,0.02666300403183683,0.14901230864040402,0.03674948240165631,1.943661971830986,0.12464643812827757,positive,0.8901637138028878,False,alkene,alkene = 2,high
invivo_pre,fg_alkene_count,eq,3,18,0,18,0.0,0.0,0.18530196813785224,0.03674948240165631,0.0,1.0,negative,1.0,False,alkene,alkene = 3,medium
invivo_pre,fg_alkene_count,eq,4,3,0,3,0.0,0.0,0.7075982261787134,0.03674948240165631,0.0,1.0,negative,1.0,False,alkene,alkene = 4,low
invivo_pre,fg_alkene_count,eq,5,4,0,4,0.0,0.0,0.6023646356164747,0.03674948240165631,0.0,1.0,negative,1.0,False,alkene,alkene = 5,low
invivo_pre,fg_alkene_count,ge,1,359,18,341,0.05013927576601671,0.02998288028567653,0.07808609295667654,0.03674948240165631,1.3643532504217506,0.15994882975880892,positive,1.0,False,alkene,alkene ≥ 1,high
invivo_pre,fg_alkene_count,ge,2,110,6,104,0.05454545454545454,0.020277720969548958,0.11494662512228844,0.03674948240165631,1.4842509603072984,0.29240242122858906,positive,1.0,False,alkene,alkene ≥ 2,high
invivo_pre,fg_alkene_count,ge,3,26,0,26,0.0,0.0,0.1322746044977541,0.03674948240165631,0.0,0.6226302613871637,negative,1.0,False,alkene,alkene ≥ 3,high
invivo_pre,fg_alkene_count,ge,4,8,0,8,0.0,0.0,0.3694166475528193,0.03674948240165631,0.0,1.0,negative,1.0,False,alkene,alkene ≥ 4,low
invivo_pre,fg_alkene_count,ge,5,5,0,5,0.0,0.0,0.5218237501049815,0.03674948240165631,0.0,1.0,negative,1.0,False,alkene,alkene ≥ 5,low
invivo_pre,fg_alkyne_count,eq,1,11,0,11,0.0,0.0,0.2849141529181545,0.03674948240165631,0.0,1.0,negative,1.0,False,alkyne,alkyne = 1,medium
invivo_pre,fg_alkyne_count,ge,1,11,0,11,0.0,0.0,0.2849141529181545,0.03674948240165631,0.0,1.0,negative,1.0,False,alkyne,alkyne ≥ 1,medium
invivo_pre,fg_aromatic_ring_count,eq,1,398,16,382,0.04020100502512563,0.023150013286299145,0.06446424947876941,0.03674948240165631,1.093920305754123,0.6553453883529912,positive,1.0,False,aromatic_ring,aromatic_ring = 1,high
invivo_pre,fg_aromatic_ring_count,eq,2,243,6,237,0.024691358024691357,0.009114002322906118,0.0529652100921754,0.03674948240165631,0.6718831507563902,0.3625593347655892,negative,1.0,False,aromatic_ring,aromatic_ring = 2,high
invivo_pre,fg_aromatic_ring_count,eq,3,67,0,67,0.0,0.0,0.05356965412709678,0.03674948240165631,0.0,0.17425548149794218,negative,1.0,False,aromatic_ring,aromatic_ring = 3,high
invivo_pre,fg_aromatic_ring_count,eq,4,60,0,60,0.0,0.0,0.05962949228616692,0.03674948240165631,0.0,0.16836351359171586,negative,1.0,False,aromatic_ring,aromatic_ring = 4,high
invivo_pre,fg_aromatic_ring_count,eq,5,16,0,16,0.0,0.0,0.20590721420782274,0.03674948240165631,0.0,1.0,negative,1.0,False,aromatic_ring,aromatic_ring = 5,medium
invivo_pre,fg_aromatic_ring_count,eq,6,28,0,28,0.0,0.0,0.12343611850026384,0.03674948240165631,0.0,0.6229120769441889,negative,1.0,False,aromatic_ring,aromatic_ring = 6,high
invivo_pre,fg_aromatic_ring_count,eq,7,7,0,7,0.0,0.0,0.4096163972250034,0.03674948240165631,0.0,1.0,negative,1.0,False,aromatic_ring,aromatic_ring = 7,low
invivo_pre,fg_aromatic_ring_count,eq,8,5,0,5,0.0,0.0,0.5218237501049815,0.03674948240165631,0.0,1.0,negative,1.0,False,aromatic_ring,aromatic_ring = 8,low
invivo_pre,fg_aromatic_ring_count,ge,1,826,22,804,0.026634382566585957,0.01676523051754817,0.04004826206062262,0.03674948240165631,0.7247553115301982,0.04989736833316424,negative,0.5174288743589771,False,aromatic_ring,aromatic_ring ≥ 1,high
invivo_pre,fg_aromatic_ring_count,ge,2,428,6,422,0.014018691588785047,0.005161527704891343,0.030261731204348705,0.03674948240165631,0.3814663683032776,0.003242744407230817,negative,0.08910474599095285,False,aromatic_ring,aromatic_ring ≥ 2,high
invivo_pre,fg_aromatic_ring_count,ge,3,185,0,185,0.0,0.0,0.019742404142184426,0.03674948240165631,0.0,0.0014174427495425397,negative,0.06601452636489497,False,aromatic_ring,aromatic_ring ≥ 3,high
invivo_pre,fg_aromatic_ring_count,ge,4,118,0,118,0.0,0.0,0.03077809607414456,0.03674948240165631,0.0,0.019941481077170618,negative,0.27955002176700294,False,aromatic_ring,aromatic_ring ≥ 4,high
invivo_pre,fg_aromatic_ring_count,ge,5,58,0,58,0.0,0.0,0.06162100890391984,0.03674948240165631,0.0,0.27174715370983066,negative,1.0,False,aromatic_ring,aromatic_ring ≥ 5,high
invivo_pre,fg_aromatic_ring_count,ge,6,42,0,42,0.0,0.0,0.08408385494035515,0.03674948240165631,0.0,0.4024617970462059,negative,1.0,False,aromatic_ring,aromatic_ring ≥ 6,high
invivo_pre,fg_aromatic_ring_count,ge,7,14,0,14,0.0,0.0,0.2316357616501165,0.03674948240165631,0.0,1.0,negative,1.0,False,aromatic_ring,aromatic_ring ≥ 7,medium
invivo_pre,fg_aromatic_ring_count,ge,8,7,0,7,0.0,0.0,0.4096163972250034,0.03674948240165631,0.0,1.0,negative,1.0,False,aromatic_ring,aromatic_ring ≥ 8,low
invivo_pre,fg_heteroaromatic_ring_count,eq,1,19,1,18,0.05263157894736842,0.0013316288041794228,0.2602806541952142,0.03674948240165631,1.4321719792438843,0.5107062724009993,positive,1.0,False,heteroaromatic_ring,heteroaromatic_ring = 1,medium
invivo_pre,fg_heteroaromatic_ring_count,eq,6,357,15,342,0.04201680672268908,0.02370414136399185,0.06835420802789852,0.03674948240165631,1.143330571665286,0.5349205937314234,positive,1.0,False,heteroaromatic_ring,heteroaromatic_ring = 6,high
invivo_pre,fg_heteroaromatic_ring_count,eq,7,15,0,15,0.0,0.0,0.21801936091053403,0.03674948240165631,0.0,1.0,negative,1.0,False,heteroaromatic_ring,heteroaromatic_ring = 7,medium
invivo_pre,fg_heteroaromatic_ring_count,eq,12,176,5,171,0.028409090909090908,0.009287376564891089,0.0650491568782727,0.03674948240165631,0.7730473751600513,0.6762842436991698,negative,1.0,False,heteroaromatic_ring,heteroaromatic_ring = 12,high
invivo_pre,fg_heteroaromatic_ring_count,eq,17,20,1,19,0.05,0.0012650894979498038,0.24873276277202783,0.03674948240165631,1.3605633802816903,0.5288661546067124,positive,1.0,False,heteroaromatic_ring,heteroaromatic_ring = 17,high
invivo_pre,fg_heteroaromatic_ring_count,eq,18,39,0,39,0.0,0.0,0.09025110096033433,0.03674948240165631,0.0,0.39915605954410793,negative,1.0,False,heteroaromatic_ring,heteroaromatic_ring = 18,high
invivo_pre,fg_heteroaromatic_ring_count,eq,19,5,0,5,0.0,0.0,0.5218237501049815,0.03674948240165631,0.0,1.0,negative,1.0,False,heteroaromatic_ring,heteroaromatic_ring = 19,low
invivo_pre,fg_heteroaromatic_ring_count,eq,22,24,1,23,0.041666666666666664,0.0010543524454697472,0.21120168345697313,0.03674948240165631,1.1338028169014085,0.5950930032042189,positive,1.0,False,heteroaromatic_ring,heteroaromatic_ring = 22,high
invivo_pre,fg_heteroaromatic_ring_count,eq,23,6,0,6,0.0,0.0,0.4592581264399005,0.03674948240165631,0.0,1.0,negative,1.0,False,heteroaromatic_ring,heteroaromatic_ring = 23,low
invivo_pre,fg_heteroaromatic_ring_count,eq,24,34,0,34,0.0,0.0,0.10281792425901264,0.03674948240165631,0.0,0.6343824897698748,negative,1.0,False,heteroaromatic_ring,heteroaromatic_ring = 24,high
invivo_pre,fg_heteroaromatic_ring_count,eq,25,8,0,8,0.0,0.0,0.3694166475528193,0.03674948240165631,0.0,1.0,negative,1.0,False,heteroaromatic_ring,heteroaromatic_ring = 25,low
invivo_pre,fg_heteroaromatic_ring_count,eq,28,17,0,17,0.0,0.0,0.1950643229690932,0.03674948240165631,0.0,1.0,negative,1.0,False,heteroaromatic_ring,heteroaromatic_ring = 28,medium
invivo_pre,fg_heteroaromatic_ring_count,eq,30,3,0,3,0.0,0.0,0.7075982261787134,0.03674948240165631,0.0,1.0,negative,1.0,False,heteroaromatic_ring,heteroaromatic_ring = 30,low
invivo_pre,fg_heteroaromatic_ring_count,eq,34,13,0,13,0.0,0.0,0.24705263800047095,0.03674948240165631,0.0,1.0,negative,1.0,False,heteroaromatic_ring,heteroaromatic_ring = 34,medium
invivo_pre,fg_heteroaromatic_ring_count,eq,36,22,0,22,0.0,0.0,0.1543725128155746,0.03674948240165631,0.0,1.0,negative,1.0,False,heteroaromatic_ring,heteroaromatic_ring = 36,high
invivo_pre,fg_heteroaromatic_ring_count,eq,37,9,0,9,0.0,0.0,0.3362671168799429,0.03674948240165631,0.0,1.0,negative,1.0,False,heteroaromatic_ring,heteroaromatic_ring = 37,low
invivo_pre,fg_heteroaromatic_ring_count,eq,40,13,0,13,0.0,0.0,0.24705263800047095,0.03674948240165631,0.0,1.0,negative,1.0,False,heteroaromatic_ring,heteroaromatic_ring = 40,medium
invivo_pre,fg_heteroaromatic_ring_count,eq,44,3,0,3,0.0,0.0,0.7075982261787134,0.03674948240165631,0.0,1.0,negative,1.0,False,heteroaromatic_ring,heteroaromatic_ring = 44,low
invivo_pre,fg_heteroaromatic_ring_count,eq,46,9,0,9,0.0,0.0,0.3362671168799429,0.03674948240165631,0.0,1.0,negative,1.0,False,heteroaromatic_ring,heteroaromatic_ring = 46,low
invivo_pre,fg_heteroaromatic_ring_count,eq,48,3,0,3,0.0,0.0,0.7075982261787134,0.03674948240165631,0.0,1.0,negative,1.0,False,heteroaromatic_ring,heteroaromatic_ring = 48,low
invivo_pre,fg_heteroaromatic_ring_count,eq,49,3,0,3,0.0,0.0,0.7075982261787134,0.03674948240165631,0.0,1.0,negative,1.0,False,heteroaromatic_ring,heteroaromatic_ring = 49,low
invivo_pre,fg_heteroaromatic_ring_count,eq,56,3,0,3,0.0,0.0,0.7075982261787134,0.03674948240165631,0.0,1.0,negative,1.0,False,heteroaromatic_ring,heteroaromatic_ring = 56,low
invivo_pre,fg_heteroaromatic_ring_count,eq,62,5,0,5,0.0,0.0,0.5218237501049815,0.03674948240165631,0.0,1.0,negative,1.0,False,heteroaromatic_ring,heteroaromatic_ring = 62,low
invivo_pre,fg_heteroaromatic_ring_count,eq,63,4,0,4,0.0,0.0,0.6023646356164747,0.03674948240165631,0.0,1.0,negative,1.0,False,heteroaromatic_ring,heteroaromatic_ring = 63,low
invivo_pre,fg_heteroaromatic_ring_count,eq,76,4,0,4,0.0,0.0,0.6023646356164747,0.03674948240165631,0.0,1.0,negative,1.0,False,heteroaromatic_ring,heteroaromatic_ring = 76,low
invivo_pre,fg_heteroaromatic_ring_count,ge,1,847,23,824,0.02715466351829988,0.017289890615247754,0.040467920620178205,0.03674948240165631,0.7389128157373996,0.051377058619848155,negative,0.5255734239895278,False,heteroaromatic_ring,heteroaromatic_ring ≥ 1,high
invivo_pre,fg_heteroaromatic_ring_count,ge,2,828,22,806,0.026570048309178744,0.01672455565650093,0.03995219461020404,0.03674948240165631,0.7230046948356808,0.04987730031641043,negative,0.5174288743589771,False,heteroaromatic_ring,heteroaromatic_ring ≥ 2,high
invivo_pre,fg_heteroaromatic_ring_count,ge,3,826,22,804,0.026634382566585957,0.01676523051754817,0.04004826206062262,0.03674948240165631,0.7247553115301982,0.04989736833316424,negative,0.5174288743589771,False,heteroaromatic_ring,heteroaromatic_ring ≥ 3,high
invivo_pre,fg_heteroaromatic_ring_count,ge,4,826,22,804,0.026634382566585957,0.01676523051754817,0.04004826206062262,0.03674948240165631,0.7247553115301982,0.04989736833316424,negative,0.5174288743589771,False,heteroaromatic_ring,heteroaromatic_ring ≥ 4,high
invivo_pre,fg_heteroaromatic_ring_count,ge,5,826,22,804,0.026634382566585957,0.01676523051754817,0.04004826206062262,0.03674948240165631,0.7247553115301982,0.04989736833316424,negative,0.5174288743589771,False,heteroaromatic_ring,heteroaromatic_ring ≥ 5,high
invivo_pre,fg_heteroaromatic_ring_count,ge,6,826,22,804,0.026634382566585957,0.01676523051754817,0.04004826206062262,0.03674948240165631,0.7247553115301982,0.04989736833316424,negative,0.5174288743589771,False,heteroaromatic_ring,heteroaromatic_ring ≥ 6,high
invivo_pre,fg_heteroaromatic_ring_count,ge,7,469,7,462,0.014925373134328358,0.006021279877665469,0.030509077826740106,0.03674948240165631,0.4061383224721463,0.002774242853087679,negative,0.08910474599095285,False,heteroaromatic_ring,heteroaromatic_ring ≥ 7,high
invivo_pre,fg_heteroaromatic_ring_count,ge,8,454,7,447,0.015418502202643172,0.00622092520764571,0.03150881259608921,0.03674948240165631,0.4195569895141776,0.004085814375243779,negative,0.08986484783693577,False,heteroaromatic_ring,heteroaromatic_ring ≥ 8,high
invivo_pre,fg_heteroaromatic_ring_count,ge,9,453,7,446,0.01545253863134658,0.006234706668573467,0.031577796139571804,0.03674948240165631,0.4204831638839661,0.00410085864077526,negative,0.08986484783693577,False,heteroaromatic_ring,heteroaromatic_ring ≥ 9,high
invivo_pre,fg_heteroaromatic_ring_count,ge,10,453,7,446,0.01545253863134658,0.006234706668573467,0.031577796139571804,0.03674948240165631,0.4204831638839661,0.00410085864077526,negative,0.08986484783693577,False,heteroaromatic_ring,heteroaromatic_ring ≥ 10,high
invivo_pre,fg_heteroaromatic_ring_count,ge,11,453,7,446,0.01545253863134658,0.006234706668573467,0.031577796139571804,0.03674948240165631,0.4204831638839661,0.00410085864077526,negative,0.08986484783693577,False,heteroaromatic_ring,heteroaromatic_ring ≥ 11,high
invivo_pre,fg_heteroaromatic_ring_count,ge,12,453,7,446,0.01545253863134658,0.006234706668573467,0.031577796139571804,0.03674948240165631,0.4204831638839661,0.00410085864077526,negative,0.08986484783693577,False,heteroaromatic_ring,heteroaromatic_ring ≥ 12,high
invivo_pre,fg_heteroaromatic_ring_count,ge,13,277,2,275,0.007220216606498195,0.0008756009096948326,0.025837085546119066,0.03674948240165631,0.19647124625006357,0.002722419574387974,negative,0.08910474599095285,False,heteroaromatic_ring,heteroaromatic_ring ≥ 13,high
invivo_pre,fg_heteroaromatic_ring_count,ge,14,276,2,274,0.007246376811594203,0.0008787777488155591,0.02592981213417679,0.03674948240165631,0.1971830985915493,0.0026981569645673376,negative,0.08910474599095285,False,heteroaromatic_ring,heteroaromatic_ring ≥ 14,high
invivo_pre,fg_heteroaromatic_ring_count,ge,15,276,2,274,0.007246376811594203,0.0008787777488155591,0.02592981213417679,0.03674948240165631,0.1971830985915493,0.0026981569645673376,negative,0.08910474599095285,False,heteroaromatic_ring,heteroaromatic_ring ≥ 15,high
invivo_pre,fg_heteroaromatic_ring_count,ge,16,276,2,274,0.007246376811594203,0.0008787777488155591,0.02592981213417679,0.03674948240165631,0.1971830985915493,0.0026981569645673376,negative,0.08910474599095285,False,heteroaromatic_ring,heteroaromatic_ring ≥ 16,high
invivo_pre,fg_heteroaromatic_ring_count,ge,17,276,2,274,0.007246376811594203,0.0008787777488155591,0.02592981213417679,0.03674948240165631,0.1971830985915493,0.0026981569645673376,negative,0.08910474599095285,False,heteroaromatic_ring,heteroaromatic_ring ≥ 17,high
invivo_pre,fg_heteroaromatic_ring_count,ge,18,256,1,255,0.00390625,9.889279722355363e-05,0.021570890352533505,0.03674948240165631,0.10629401408450705,0.0009552197484093134,negative,0.05562318073429617,False,heteroaromatic_ring,heteroaromatic_ring ≥ 18,high
invivo_pre,fg_heteroaromatic_ring_count,ge,19,217,1,216,0.004608294930875576,0.00011666512029039178,0.025406940024648144,0.03674948240165631,0.12539754656974103,0.0033881673730163384,negative,0.08910474599095285,False,heteroaromatic_ring,heteroaromatic_ring ≥ 19,high
invivo_pre,fg_heteroaromatic_ring_count,ge,20,212,1,211,0.0047169811320754715,0.00011941649185045304,0.025999710296207422,0.03674948240165631,0.12835503587563116,0.003413523954739277,negative,0.08910474599095285,False,heteroaromatic_ring,heteroaromatic_ring ≥ 20,high
invivo_pre,fg_heteroaromatic_ring_count,ge,21,212,1,211,0.0047169811320754715,0.00011941649185045304,0.025999710296207422,0.03674948240165631,0.12835503587563116,0.003413523954739277,negative,0.08910474599095285,False,heteroaromatic_ring,heteroaromatic_ring ≥ 21,high
invivo_pre,fg_heteroaromatic_ring_count,ge,22,212,1,211,0.0047169811320754715,0.00011941649185045304,0.025999710296207422,0.03674948240165631,0.12835503587563116,0.003413523954739277,negative,0.08910474599095285,False,heteroaromatic_ring,heteroaromatic_ring ≥ 22,high
invivo_pre,fg_heteroaromatic_ring_count,ge,23,188,0,188,0.0,0.0,0.019430446626823313,0.03674948240165631,0.0,0.0014824926660544444,negative,0.06601452636489497,False,heteroaromatic_ring,heteroaromatic_ring ≥ 23,high
invivo_pre,fg_heteroaromatic_ring_count,ge,24,182,0,182,0.0,0.0,0.02006454176402495,0.03674948240165631,0.0,0.0013840451586719575,negative,0.06601452636489497,False,heteroaromatic_ring,heteroaromatic_ring ≥ 24,high
invivo_pre,fg_heteroaromatic_ring_count,ge,25,148,0,148,0.0,0.0,0.02461680157898431,0.03674948240165631,0.0,0.005300748143455721,negative,0.10559648275252581,False,heteroaromatic_ring,heteroaromatic_ring ≥ 25,high
invivo_pre,fg_heteroaromatic_ring_count,ge,26,140,0,140,0.0,0.0,0.026005029351292674,0.03674948240165631,0.0,0.008353069863124871,negative,0.14705288107873318,False,heteroaromatic_ring,heteroaromatic_ring ≥ 26,high
invivo_pre,fg_heteroaromatic_ring_count,ge,27,139,0,139,0.0,0.0,0.026189644434205583,0.03674948240165631,0.0,0.008296852233833953,negative,0.14705288107873318,False,heteroaromatic_ring,heteroaromatic_ring ≥ 27,high
invivo_pre,fg_heteroaromatic_ring_count,ge,28,139,0,139,0.0,0.0,0.026189644434205583,0.03674948240165631,0.0,0.008296852233833953,negative,0.14705288107873318,False,heteroaromatic_ring,heteroaromatic_ring ≥ 28,high
invivo_pre,fg_heteroaromatic_ring_count,ge,29,122,0,122,0.0,0.0,0.029784160061428713,0.03674948240165631,0.0,0.0208215303379244,negative,0.28146247260372803,False,heteroaromatic_ring,heteroaromatic_ring ≥ 29,high
invivo_pre,fg_heteroaromatic_ring_count,ge,30,121,0,121,0.0,0.0,0.030026577222757832,0.03674948240165631,0.0,0.020538903527537743,negative,0.28146247260372803,False,heteroaromatic_ring,heteroaromatic_ring ≥ 30,high
invivo_pre,fg_heteroaromatic_ring_count,ge,31,118,0,118,0.0,0.0,0.03077809607414456,0.03674948240165631,0.0,0.019941481077170618,negative,0.27955002176700294,False,heteroaromatic_ring,heteroaromatic_ring ≥ 31,high
invivo_pre,fg_heteroaromatic_ring_count,ge,32,117,0,117,0.0,0.0,0.03103703169311158,0.03674948240165631,0.0,0.019825382534990634,negative,0.27955002176700294,False,heteroaromatic_ring,heteroaromatic_ring ≥ 32,high
invivo_pre,fg_heteroaromatic_ring_count,ge,33,117,0,117,0.0,0.0,0.03103703169311158,0.03674948240165631,0.0,0.019825382534990634,negative,0.27955002176700294,False,heteroaromatic_ring,heteroaromatic_ring ≥ 33,high
invivo_pre,fg_heteroaromatic_ring_count,ge,34,117,0,117,0.0,0.0,0.03103703169311158,0.03674948240165631,0.0,0.019825382534990634,negative,0.27955002176700294,False,heteroaromatic_ring,heteroaromatic_ring ≥ 34,high
invivo_pre,fg_heteroaromatic_ring_count,ge,35,104,0,104,0.0,0.0,0.034848306587674044,0.03674948240165631,0.0,0.030374086722729433,negative,0.3845217430151076,False,heteroaromatic_ring,heteroaromatic_ring ≥ 35,high
invivo_pre,fg_heteroaromatic_ring_count,ge,36,104,0,104,0.0,0.0,0.034848306587674044,0.03674948240165631,0.0,0.030374086722729433,negative,0.3845217430151076,False,heteroaromatic_ring,heteroaromatic_ring ≥ 36,high
invivo_pre,fg_heteroaromatic_ring_count,ge,37,82,0,82,0.0,0.0,0.04398945418684237,0.03674948240165631,0.0,0.07163836856623455,negative,0.6529800161936947,False,heteroaromatic_ring,heteroaromatic_ring ≥ 37,high
invivo_pre,fg_heteroaromatic_ring_count,ge,38,73,0,73,0.0,0.0,0.04927706089585928,0.03674948240165631,0.0,0.1101152597070317,negative,0.835739036905681,False,heteroaromatic_ring,heteroaromatic_ring ≥ 38,high
invivo_pre,fg_heteroaromatic_ring_count,ge,39,73,0,73,0.0,0.0,0.04927706089585928,0.03674948240165631,0.0,0.1101152597070317,negative,0.835739036905681,False,heteroaromatic_ring,heteroaromatic_ring ≥ 39,high
invivo_pre,fg_heteroaromatic_ring_count,ge,40,73,0,73,0.0,0.0,0.04927706089585928,0.03674948240165631,0.0,0.1101152597070317,negative,0.835739036905681,False,heteroaromatic_ring,heteroaromatic_ring ≥ 40,high
invivo_pre,fg_heteroaromatic_ring_count,ge,41,60,0,60,0.0,0.0,0.05962949228616692,0.03674948240165631,0.0,0.16836351359171586,negative,1.0,False,heteroaromatic_ring,heteroaromatic_ring ≥ 41,high
invivo_pre,fg_heteroaromatic_ring_count,ge,42,59,0,59,0.0,0.0,0.06060890095033985,0.03674948240165631,0.0,0.16858639778162693,negative,1.0,False,heteroaromatic_ring,heteroaromatic_ring ≥ 42,high
invivo_pre,fg_heteroaromatic_ring_count,ge,43,58,0,58,0.0,0.0,0.06162100890391984,0.03674948240165631,0.0,0.27174715370983066,negative,1.0,False,heteroaromatic_ring,heteroaromatic_ring ≥ 43,high
invivo_pre,fg_heteroaromatic_ring_count,ge,44,56,0,56,0.0,0.0,0.06375009666236219,0.03674948240165631,0.0,0.2665591749732004,negative,1.0,False,heteroaromatic_ring,heteroaromatic_ring ≥ 44,high
invivo_pre,fg_heteroaromatic_ring_count,ge,45,53,0,53,0.0,0.0,0.06723454630630114,0.03674948240165631,0.0,0.2610822602140025,negative,1.0,False,heteroaromatic_ring,heteroaromatic_ring ≥ 45,high
invivo_pre,fg_heteroaromatic_ring_count,ge,46,53,0,53,0.0,0.0,0.06723454630630114,0.03674948240165631,0.0,0.2610822602140025,negative,1.0,False,heteroaromatic_ring,heteroaromatic_ring ≥ 46,high
invivo_pre,fg_heteroaromatic_ring_count,ge,47,44,0,44,0.0,0.0,0.08041993976357589,0.03674948240165631,0.0,0.40675613822224677,negative,1.0,False,heteroaromatic_ring,heteroaromatic_ring ≥ 47,high
invivo_pre,fg_heteroaromatic_ring_count,ge,48,43,0,43,0.0,0.0,0.08221112115413849,0.03674948240165631,0.0,0.4044139936535904,negative,1.0,False,heteroaromatic_ring,heteroaromatic_ring ≥ 48,high
invivo_pre,fg_heteroaromatic_ring_count,ge,49,40,0,40,0.0,0.0,0.0880973028788024,0.03674948240165631,0.0,0.39981116292992747,negative,1.0,False,heteroaromatic_ring,heteroaromatic_ring ≥ 49,high
invivo_pre,fg_heteroaromatic_ring_count,ge,50,37,0,37,0.0,0.0,0.09489058741498989,0.03674948240165631,0.0,0.6445623459093411,negative,1.0,False,heteroaromatic_ring,heteroaromatic_ring ≥ 50,high
invivo_pre,fg_heteroaromatic_ring_count,ge,51,36,0,36,0.0,0.0,0.09739375591449194,0.03674948240165631,0.0,0.6409112738283061,negative,1.0,False,heteroaromatic_ring,heteroaromatic_ring ≥ 51,high
invivo_pre,fg_heteroaromatic_ring_count,ge,52,36,0,36,0.0,0.0,0.09739375591449194,0.03674948240165631,0.0,0.6409112738283061,negative,1.0,False,heteroaromatic_ring,heteroaromatic_ring ≥ 52,high
invivo_pre,fg_heteroaromatic_ring_count,ge,53,36,0,36,0.0,0.0,0.09739375591449194,0.03674948240165631,0.0,0.6409112738283061,negative,1.0,False,heteroaromatic_ring,heteroaromatic_ring ≥ 53,high
invivo_pre,fg_heteroaromatic_ring_count,ge,54,34,0,34,0.0,0.0,0.10281792425901264,0.03674948240165631,0.0,0.6343824897698748,negative,1.0,False,heteroaromatic_ring,heteroaromatic_ring ≥ 54,high
invivo_pre,fg_heteroaromatic_ring_count,ge,55,33,0,33,0.0,0.0,0.1057628100745793,0.03674948240165631,0.0,0.6315544895379785,negative,1.0,False,heteroaromatic_ring,heteroaromatic_ring ≥ 55,high
invivo_pre,fg_heteroaromatic_ring_count,ge,56,33,0,33,0.0,0.0,0.1057628100745793,0.03674948240165631,0.0,0.6315544895379785,negative,1.0,False,heteroaromatic_ring,heteroaromatic_ring ≥ 56,high
invivo_pre,fg_heteroaromatic_ring_count,ge,57,30,0,30,0.0,0.0,0.1157033082220278,0.03674948240165631,0.0,0.6251462059521902,negative,1.0,False,heteroaromatic_ring,heteroaromatic_ring ≥ 57,high
invivo_pre,fg_heteroaromatic_ring_count,ge,58,30,0,30,0.0,0.0,0.1157033082220278,0.03674948240165631,0.0,0.6251462059521902,negative,1.0,False,heteroaromatic_ring,heteroaromatic_ring ≥ 58,high
invivo_pre,fg_heteroaromatic_ring_count,ge,59,28,0,28,0.0,0.0,0.12343611850026384,0.03674948240165631,0.0,0.6229120769441889,negative,1.0,False,heteroaromatic_ring,heteroaromatic_ring ≥ 59,high
invivo_pre,fg_heteroaromatic_ring_count,ge,60,28,0,28,0.0,0.0,0.12343611850026384,0.03674948240165631,0.0,0.6229120769441889,negative,1.0,False,heteroaromatic_ring,heteroaromatic_ring ≥ 60,high
invivo_pre,fg_heteroaromatic_ring_count,ge,61,27,0,27,0.0,0.0,0.12770286761543237,0.03674948240165631,0.0,0.6225084211293181,negative,1.0,False,heteroaromatic_ring,heteroaromatic_ring ≥ 61,high
invivo_pre,fg_heteroaromatic_ring_count,ge,62,26,0,26,0.0,0.0,0.1322746044977541,0.03674948240165631,0.0,0.6226302613871637,negative,1.0,False,heteroaromatic_ring,heteroaromatic_ring ≥ 62,high
invivo_pre,fg_heteroaromatic_ring_count,ge,63,21,0,21,0.0,0.0,0.16109761521907962,0.03674948240165631,0.0,1.0,negative,1.0,False,heteroaromatic_ring,heteroaromatic_ring ≥ 63,high
invivo_pre,fg_heteroaromatic_ring_count,ge,64,17,0,17,0.0,0.0,0.1950643229690932,0.03674948240165631,0.0,1.0,negative,1.0,False,heteroaromatic_ring,heteroaromatic_ring ≥ 64,medium
invivo_pre,fg_heteroaromatic_ring_count,ge,65,17,0,17,0.0,0.0,0.1950643229690932,0.03674948240165631,0.0,1.0,negative,1.0,False,heteroaromatic_ring,heteroaromatic_ring ≥ 65,medium
invivo_pre,fg_heteroaromatic_ring_count,ge,66,17,0,17,0.0,0.0,0.1950643229690932,0.03674948240165631,0.0,1.0,negative,1.0,False,heteroaromatic_ring,heteroaromatic_ring ≥ 66,medium
invivo_pre,fg_heteroaromatic_ring_count,ge,67,16,0,16,0.0,0.0,0.20590721420782274,0.03674948240165631,0.0,1.0,negative,1.0,False,heteroaromatic_ring,heteroaromatic_ring ≥ 67,medium
invivo_pre,fg_heteroaromatic_ring_count,ge,68,16,0,16,0.0,0.0,0.20590721420782274,0.03674948240165631,0.0,1.0,negative,1.0,False,heteroaromatic_ring,heteroaromatic_ring ≥ 68,medium
invivo_pre,fg_heteroaromatic_ring_count,ge,69,15,0,15,0.0,0.0,0.21801936091053403,0.03674948240165631,0.0,1.0,negative,1.0,False,heteroaromatic_ring,heteroaromatic_ring ≥ 69,medium
invivo_pre,fg_heteroaromatic_ring_count,ge,70,15,0,15,0.0,0.0,0.21801936091053403,0.03674948240165631,0.0,1.0,negative,1.0,False,heteroaromatic_ring,heteroaromatic_ring ≥ 70,medium
invivo_pre,fg_heteroaromatic_ring_count,ge,71,15,0,15,0.0,0.0,0.21801936091053403,0.03674948240165631,0.0,1.0,negative,1.0,False,heteroaromatic_ring,heteroaromatic_ring ≥ 71,medium
invivo_pre,fg_heteroaromatic_ring_count,ge,72,15,0,15,0.0,0.0,0.21801936091053403,0.03674948240165631,0.0,1.0,negative,1.0,False,heteroaromatic_ring,heteroaromatic_ring ≥ 72,medium
invivo_pre,fg_heteroaromatic_ring_count,ge,73,15,0,15,0.0,0.0,0.21801936091053403,0.03674948240165631,0.0,1.0,negative,1.0,False,heteroaromatic_ring,heteroaromatic_ring ≥ 73,medium
invivo_pre,fg_heteroaromatic_ring_count,ge,74,15,0,15,0.0,0.0,0.21801936091053403,0.03674948240165631,0.0,1.0,negative,1.0,False,heteroaromatic_ring,heteroaromatic_ring ≥ 74,medium
invivo_pre,fg_heteroaromatic_ring_count,ge,75,14,0,14,0.0,0.0,0.2316357616501165,0.03674948240165631,0.0,1.0,negative,1.0,False,heteroaromatic_ring,heteroaromatic_ring ≥ 75,medium
invivo_pre,fg_heteroaromatic_ring_count,ge,76,14,0,14,0.0,0.0,0.2316357616501165,0.03674948240165631,0.0,1.0,negative,1.0,False,heteroaromatic_ring,heteroaromatic_ring ≥ 76,medium
invivo_pre,fg_heteroaromatic_ring_count,ge,77,10,0,10,0.0,0.0,0.30849710781876083,0.03674948240165631,0.0,1.0,negative,1.0,False,heteroaromatic_ring,heteroaromatic_ring ≥ 77,medium
invivo_pre,fg_heteroaromatic_ring_count,ge,78,10,0,10,0.0,0.0,0.30849710781876083,0.03674948240165631,0.0,1.0,negative,1.0,False,heteroaromatic_ring,heteroaromatic_ring ≥ 78,medium
invivo_pre,fg_heteroaromatic_ring_count,ge,79,10,0,10,0.0,0.0,0.30849710781876083,0.03674948240165631,0.0,1.0,negative,1.0,False,heteroaromatic_ring,heteroaromatic_ring ≥ 79,medium
invivo_pre,fg_heteroaromatic_ring_count,ge,80,9,0,9,0.0,0.0,0.3362671168799429,0.03674948240165631,0.0,1.0,negative,1.0,False,heteroaromatic_ring,heteroaromatic_ring ≥ 80,low
invivo_pre,fg_heteroaromatic_ring_count,ge,81,8,0,8,0.0,0.0,0.3694166475528193,0.03674948240165631,0.0,1.0,negative,1.0,False,heteroaromatic_ring,heteroaromatic_ring ≥ 81,low
invivo_pre,fg_heteroaromatic_ring_count,ge,82,8,0,8,0.0,0.0,0.3694166475528193,0.03674948240165631,0.0,1.0,negative,1.0,False,heteroaromatic_ring,heteroaromatic_ring ≥ 82,low
invivo_pre,fg_heteroaromatic_ring_count,ge,83,8,0,8,0.0,0.0,0.3694166475528193,0.03674948240165631,0.0,1.0,negative,1.0,False,heteroaromatic_ring,heteroaromatic_ring ≥ 83,low
invivo_pre,fg_heteroaromatic_ring_count,ge,84,8,0,8,0.0,0.0,0.3694166475528193,0.03674948240165631,0.0,1.0,negative,1.0,False,heteroaromatic_ring,heteroaromatic_ring ≥ 84,low
invivo_pre,fg_heteroaromatic_ring_count,ge,85,8,0,8,0.0,0.0,0.3694166475528193,0.03674948240165631,0.0,1.0,negative,1.0,False,heteroaromatic_ring,heteroaromatic_ring ≥ 85,low
invivo_pre,fg_heteroaromatic_ring_count,ge,86,8,0,8,0.0,0.0,0.3694166475528193,0.03674948240165631,0.0,1.0,negative,1.0,False,heteroaromatic_ring,heteroaromatic_ring ≥ 86,low
invivo_pre,fg_heteroaromatic_ring_count,ge,87,8,0,8,0.0,0.0,0.3694166475528193,0.03674948240165631,0.0,1.0,negative,1.0,False,heteroaromatic_ring,heteroaromatic_ring ≥ 87,low
invivo_pre,fg_heteroaromatic_ring_count,ge,88,8,0,8,0.0,0.0,0.3694166475528193,0.03674948240165631,0.0,1.0,negative,1.0,False,heteroaromatic_ring,heteroaromatic_ring ≥ 88,low
invivo_pre,fg_heteroaromatic_ring_count,ge,89,8,0,8,0.0,0.0,0.3694166475528193,0.03674948240165631,0.0,1.0,negative,1.0,False,heteroaromatic_ring,heteroaromatic_ring ≥ 89,low
invivo_pre,fg_heteroaromatic_ring_count,ge,90,8,0,8,0.0,0.0,0.3694166475528193,0.03674948240165631,0.0,1.0,negative,1.0,False,heteroaromatic_ring,heteroaromatic_ring ≥ 90,low
invivo_pre,fg_heteroaromatic_ring_count,ge,91,8,0,8,0.0,0.0,0.3694166475528193,0.03674948240165631,0.0,1.0,negative,1.0,False,heteroaromatic_ring,heteroaromatic_ring ≥ 91,low
invivo_pre,fg_heteroaromatic_ring_count,ge,92,8,0,8,0.0,0.0,0.3694166475528193,0.03674948240165631,0.0,1.0,negative,1.0,False,heteroaromatic_ring,heteroaromatic_ring ≥ 92,low
invivo_pre,fg_heteroaromatic_ring_count,ge,93,8,0,8,0.0,0.0,0.3694166475528193,0.03674948240165631,0.0,1.0,negative,1.0,False,heteroaromatic_ring,heteroaromatic_ring ≥ 93,low
invivo_pre,fg_heteroaromatic_ring_count,ge,94,8,0,8,0.0,0.0,0.3694166475528193,0.03674948240165631,0.0,1.0,negative,1.0,False,heteroaromatic_ring,heteroaromatic_ring ≥ 94,low
invivo_pre,fg_heteroaromatic_ring_count,ge,95,8,0,8,0.0,0.0,0.3694166475528193,0.03674948240165631,0.0,1.0,negative,1.0,False,heteroaromatic_ring,heteroaromatic_ring ≥ 95,low
invivo_pre,fg_heteroaromatic_ring_count,ge,96,8,0,8,0.0,0.0,0.3694166475528193,0.03674948240165631,0.0,1.0,negative,1.0,False,heteroaromatic_ring,heteroaromatic_ring ≥ 96,low
invivo_pre,fg_heteroaromatic_ring_count,ge,97,8,0,8,0.0,0.0,0.3694166475528193,0.03674948240165631,0.0,1.0,negative,1.0,False,heteroaromatic_ring,heteroaromatic_ring ≥ 97,low
invivo_pre,fg_heteroaromatic_ring_count,ge,98,8,0,8,0.0,0.0,0.3694166475528193,0.03674948240165631,0.0,1.0,negative,1.0,False,heteroaromatic_ring,heteroaromatic_ring ≥ 98,low
invivo_pre,fg_heteroaromatic_ring_count,ge,99,8,0,8,0.0,0.0,0.3694166475528193,0.03674948240165631,0.0,1.0,negative,1.0,False,heteroaromatic_ring,heteroaromatic_ring ≥ 99,low
invivo_pre,fg_heteroaromatic_ring_count,ge,100,8,0,8,0.0,0.0,0.3694166475528193,0.03674948240165631,0.0,1.0,negative,1.0,False,heteroaromatic_ring,heteroaromatic_ring ≥ 100,low
invivo_pre,fg_heteroaromatic_ring_count,ge,101,7,0,7,0.0,0.0,0.4096163972250034,0.03674948240165631,0.0,1.0,negative,1.0,False,heteroaromatic_ring,heteroaromatic_ring ≥ 101,low
invivo_pre,fg_heteroaromatic_ring_count,ge,102,7,0,7,0.0,0.0,0.4096163972250034,0.03674948240165631,0.0,1.0,negative,1.0,False,heteroaromatic_ring,heteroaromatic_ring ≥ 102,low
invivo_pre,fg_heteroaromatic_ring_count,ge,103,7,0,7,0.0,0.0,0.4096163972250034,0.03674948240165631,0.0,1.0,negative,1.0,False,heteroaromatic_ring,heteroaromatic_ring ≥ 103,low
invivo_pre,fg_heteroaromatic_ring_count,ge,104,7,0,7,0.0,0.0,0.4096163972250034,0.03674948240165631,0.0,1.0,negative,1.0,False,heteroaromatic_ring,heteroaromatic_ring ≥ 104,low
invivo_pre,fg_heteroaromatic_ring_count,ge,105,6,0,6,0.0,0.0,0.4592581264399005,0.03674948240165631,0.0,1.0,negative,1.0,False,heteroaromatic_ring,heteroaromatic_ring ≥ 105,low
invivo_pre,fg_heteroaromatic_ring_count,ge,106,6,0,6,0.0,0.0,0.4592581264399005,0.03674948240165631,0.0,1.0,negative,1.0,False,heteroaromatic_ring,heteroaromatic_ring ≥ 106,low
invivo_pre,fg_heteroaromatic_ring_count,ge,107,6,0,6,0.0,0.0,0.4592581264399005,0.03674948240165631,0.0,1.0,negative,1.0,False,heteroaromatic_ring,heteroaromatic_ring ≥ 107,low
invivo_pre,fg_heteroaromatic_ring_count,ge,108,6,0,6,0.0,0.0,0.4592581264399005,0.03674948240165631,0.0,1.0,negative,1.0,False,heteroaromatic_ring,heteroaromatic_ring ≥ 108,low
invivo_pre,fg_heteroaromatic_ring_count,ge,109,6,0,6,0.0,0.0,0.4592581264399005,0.03674948240165631,0.0,1.0,negative,1.0,False,heteroaromatic_ring,heteroaromatic_ring ≥ 109,low
invivo_pre,fg_heteroaromatic_ring_count,ge,110,6,0,6,0.0,0.0,0.4592581264399005,0.03674948240165631,0.0,1.0,negative,1.0,False,heteroaromatic_ring,heteroaromatic_ring ≥ 110,low
invivo_pre,fg_heteroaromatic_ring_count,ge,111,6,0,6,0.0,0.0,0.4592581264399005,0.03674948240165631,0.0,1.0,negative,1.0,False,heteroaromatic_ring,heteroaromatic_ring ≥ 111,low
invivo_pre,fg_heteroaromatic_ring_count,ge,112,6,0,6,0.0,0.0,0.4592581264399005,0.03674948240165631,0.0,1.0,negative,1.0,False,heteroaromatic_ring,heteroaromatic_ring ≥ 112,low
invivo_pre,fg_heteroaromatic_ring_count,ge,113,6,0,6,0.0,0.0,0.4592581264399005,0.03674948240165631,0.0,1.0,negative,1.0,False,heteroaromatic_ring,heteroaromatic_ring ≥ 113,low
invivo_pre,fg_heteroaromatic_ring_count,ge,114,6,0,6,0.0,0.0,0.4592581264399005,0.03674948240165631,0.0,1.0,negative,1.0,False,heteroaromatic_ring,heteroaromatic_ring ≥ 114,low
invivo_pre,fg_heteroaromatic_ring_count,ge,115,6,0,6,0.0,0.0,0.4592581264399005,0.03674948240165631,0.0,1.0,negative,1.0,False,heteroaromatic_ring,heteroaromatic_ring ≥ 115,low
invivo_pre,fg_heteroaromatic_ring_count,ge,116,6,0,6,0.0,0.0,0.4592581264399005,0.03674948240165631,0.0,1.0,negative,1.0,False,heteroaromatic_ring,heteroaromatic_ring ≥ 116,low
invivo_pre,fg_heteroaromatic_ring_count,ge,117,6,0,6,0.0,0.0,0.4592581264399005,0.03674948240165631,0.0,1.0,negative,1.0,False,heteroaromatic_ring,heteroaromatic_ring ≥ 117,low
invivo_pre,fg_heteroaromatic_ring_count,ge,118,5,0,5,0.0,0.0,0.5218237501049815,0.03674948240165631,0.0,1.0,negative,1.0,False,heteroaromatic_ring,heteroaromatic_ring ≥ 118,low
invivo_pre,fg_heteroaromatic_ring_count,ge,119,5,0,5,0.0,0.0,0.5218237501049815,0.03674948240165631,0.0,1.0,negative,1.0,False,heteroaromatic_ring,heteroaromatic_ring ≥ 119,low
invivo_pre,fg_heteroaromatic_ring_count,ge,120,5,0,5,0.0,0.0,0.5218237501049815,0.03674948240165631,0.0,1.0,negative,1.0,False,heteroaromatic_ring,heteroaromatic_ring ≥ 120,low
invivo_pre,fg_heteroaromatic_ring_count,ge,121,5,0,5,0.0,0.0,0.5218237501049815,0.03674948240165631,0.0,1.0,negative,1.0,False,heteroaromatic_ring,heteroaromatic_ring ≥ 121,low
invivo_pre,fg_heteroaromatic_ring_count,ge,122,5,0,5,0.0,0.0,0.5218237501049815,0.03674948240165631,0.0,1.0,negative,1.0,False,heteroaromatic_ring,heteroaromatic_ring ≥ 122,low
invivo_pre,fg_heteroaromatic_ring_count,ge,123,5,0,5,0.0,0.0,0.5218237501049815,0.03674948240165631,0.0,1.0,negative,1.0,False,heteroaromatic_ring,heteroaromatic_ring ≥ 123,low
invivo_pre,fg_heteroaromatic_ring_count,ge,124,5,0,5,0.0,0.0,0.5218237501049815,0.03674948240165631,0.0,1.0,negative,1.0,False,heteroaromatic_ring,heteroaromatic_ring ≥ 124,low
invivo_pre,fg_heteroaromatic_ring_count,ge,125,5,0,5,0.0,0.0,0.5218237501049815,0.03674948240165631,0.0,1.0,negative,1.0,False,heteroaromatic_ring,heteroaromatic_ring ≥ 125,low
invivo_pre,fg_heteroaromatic_ring_count,ge,126,5,0,5,0.0,0.0,0.5218237501049815,0.03674948240165631,0.0,1.0,negative,1.0,False,heteroaromatic_ring,heteroaromatic_ring ≥ 126,low
invivo_pre,fg_heteroaromatic_ring_count,ge,127,4,0,4,0.0,0.0,0.6023646356164747,0.03674948240165631,0.0,1.0,negative,1.0,False,heteroaromatic_ring,heteroaromatic_ring ≥ 127,low
invivo_pre,fg_heteroaromatic_ring_count,ge,128,4,0,4,0.0,0.0,0.6023646356164747,0.03674948240165631,0.0,1.0,negative,1.0,False,heteroaromatic_ring,heteroaromatic_ring ≥ 128,low
invivo_pre,fg_heteroaromatic_ring_count,ge,129,4,0,4,0.0,0.0,0.6023646356164747,0.03674948240165631,0.0,1.0,negative,1.0,False,heteroaromatic_ring,heteroaromatic_ring ≥ 129,low
invivo_pre,fg_heteroaromatic_ring_count,ge,130,4,0,4,0.0,0.0,0.6023646356164747,0.03674948240165631,0.0,1.0,negative,1.0,False,heteroaromatic_ring,heteroaromatic_ring ≥ 130,low
invivo_pre,fg_heteroaromatic_ring_count,ge,131,4,0,4,0.0,0.0,0.6023646356164747,0.03674948240165631,0.0,1.0,negative,1.0,False,heteroaromatic_ring,heteroaromatic_ring ≥ 131,low
invivo_pre,fg_heteroaromatic_ring_count,ge,132,4,0,4,0.0,0.0,0.6023646356164747,0.03674948240165631,0.0,1.0,negative,1.0,False,heteroaromatic_ring,heteroaromatic_ring ≥ 132,low
invivo_pre,fg_heteroaromatic_ring_count,ge,133,4,0,4,0.0,0.0,0.6023646356164747,0.03674948240165631,0.0,1.0,negative,1.0,False,heteroaromatic_ring,heteroaromatic_ring ≥ 133,low
invivo_pre,fg_heteroaromatic_ring_count,ge,134,4,0,4,0.0,0.0,0.6023646356164747,0.03674948240165631,0.0,1.0,negative,1.0,False,heteroaromatic_ring,heteroaromatic_ring ≥ 134,low
invivo_pre,fg_heteroaromatic_ring_count,ge,135,4,0,4,0.0,0.0,0.6023646356164747,0.03674948240165631,0.0,1.0,negative,1.0,False,heteroaromatic_ring,heteroaromatic_ring ≥ 135,low
invivo_pre,fg_heteroaromatic_ring_count,ge,136,4,0,4,0.0,0.0,0.6023646356164747,0.03674948240165631,0.0,1.0,negative,1.0,False,heteroaromatic_ring,heteroaromatic_ring ≥ 136,low
invivo_pre,fg_heteroaromatic_ring_count,ge,137,4,0,4,0.0,0.0,0.6023646356164747,0.03674948240165631,0.0,1.0,negative,1.0,False,heteroaromatic_ring,heteroaromatic_ring ≥ 137,low
invivo_pre,fg_heteroaromatic_ring_count,ge,138,4,0,4,0.0,0.0,0.6023646356164747,0.03674948240165631,0.0,1.0,negative,1.0,False,heteroaromatic_ring,heteroaromatic_ring ≥ 138,low
invivo_pre,fg_heteroaromatic_ring_count,ge,139,4,0,4,0.0,0.0,0.6023646356164747,0.03674948240165631,0.0,1.0,negative,1.0,False,heteroaromatic_ring,heteroaromatic_ring ≥ 139,low
invivo_pre,fg_heteroaromatic_ring_count,ge,140,4,0,4,0.0,0.0,0.6023646356164747,0.03674948240165631,0.0,1.0,negative,1.0,False,heteroaromatic_ring,heteroaromatic_ring ≥ 140,low
invivo_pre,fg_heteroaromatic_ring_count,ge,141,4,0,4,0.0,0.0,0.6023646356164747,0.03674948240165631,0.0,1.0,negative,1.0,False,heteroaromatic_ring,heteroaromatic_ring ≥ 141,low
invivo_pre,fg_heteroaromatic_ring_count,ge,142,4,0,4,0.0,0.0,0.6023646356164747,0.03674948240165631,0.0,1.0,negative,1.0,False,heteroaromatic_ring,heteroaromatic_ring ≥ 142,low
invivo_pre,fg_heteroaromatic_ring_count,ge,143,3,0,3,0.0,0.0,0.7075982261787134,0.03674948240165631,0.0,1.0,negative,1.0,False,heteroaromatic_ring,heteroaromatic_ring ≥ 143,low
invivo_pre,fg_heteroaromatic_ring_count,ge,144,3,0,3,0.0,0.0,0.7075982261787134,0.03674948240165631,0.0,1.0,negative,1.0,False,heteroaromatic_ring,heteroaromatic_ring ≥ 144,low
invivo_pre,fg_fused_ring_like_count,eq,1,9,0,9,0.0,0.0,0.3362671168799429,0.03674948240165631,0.0,1.0,negative,1.0,False,fused_ring_like,fused_ring_like = 1,low
invivo_pre,fg_fused_ring_like_count,eq,2,164,2,162,0.012195121951219513,0.0014803130557537144,0.043356808539239115,0.03674948240165631,0.33184472689797323,0.08398567240441399,negative,0.6986500440674878,False,fused_ring_like,fused_ring_like = 2,high
invivo_pre,fg_fused_ring_like_count,eq,3,14,0,14,0.0,0.0,0.2316357616501165,0.03674948240165631,0.0,1.0,negative,1.0,False,fused_ring_like,fused_ring_like = 3,medium
invivo_pre,fg_fused_ring_like_count,eq,4,61,0,61,0.0,0.0,0.05868122393229262,0.03674948240165631,0.0,0.16841882140901782,negative,1.0,False,fused_ring_like,fused_ring_like = 4,high
invivo_pre,fg_fused_ring_like_count,eq,5,8,0,8,0.0,0.0,0.3694166475528193,0.03674948240165631,0.0,1.0,negative,1.0,False,fused_ring_like,fused_ring_like = 5,low
invivo_pre,fg_fused_ring_like_count,eq,6,21,0,21,0.0,0.0,0.16109761521907962,0.03674948240165631,0.0,1.0,negative,1.0,False,fused_ring_like,fused_ring_like = 6,high
invivo_pre,fg_fused_ring_like_count,eq,7,6,0,6,0.0,0.0,0.4592581264399005,0.03674948240165631,0.0,1.0,negative,1.0,False,fused_ring_like,fused_ring_like = 7,low
invivo_pre,fg_fused_ring_like_count,eq,8,11,0,11,0.0,0.0,0.2849141529181545,0.03674948240165631,0.0,1.0,negative,1.0,False,fused_ring_like,fused_ring_like = 8,medium
invivo_pre,fg_fused_ring_like_count,eq,10,3,0,3,0.0,0.0,0.7075982261787134,0.03674948240165631,0.0,1.0,negative,1.0,False,fused_ring_like,fused_ring_like = 10,low
invivo_pre,fg_fused_ring_like_count,ge,1,303,2,301,0.006600660066006601,0.0008003725428618032,0.02363916431692265,0.03674948240165631,0.1796123274299261,0.000737280571094607,negative,0.05073830839260159,False,fused_ring_like,fused_ring_like ≥ 1,high
invivo_pre,fg_fused_ring_like_count,ge,2,294,2,292,0.006802721088435374,0.0008249054331043307,0.024356382991197658,0.03674948240165631,0.1851106639839034,0.0011311166214249032,negative,0.06116109160133226,False,fused_ring_like,fused_ring_like ≥ 2,high
invivo_pre,fg_fused_ring_like_count,ge,3,130,0,130,0.0,0.0,0.027977178415451703,0.03674948240165631,0.0,0.013035495603445989,negative,0.20558062857934611,False,fused_ring_like,fused_ring_like ≥ 3,high
invivo_pre,fg_fused_ring_like_count,ge,4,116,0,116,0.0,0.0,0.031300360743289964,0.03674948240165631,0.0,0.019750650643638852,negative,0.27955002176700294,False,fused_ring_like,fused_ring_like ≥ 4,high
invivo_pre,fg_fused_ring_like_count,ge,5,55,0,55,0.0,0.0,0.06487076082542462,0.03674948240165631,0.0,0.2644148831702132,negative,1.0,False,fused_ring_like,fused_ring_like ≥ 5,high
invivo_pre,fg_fused_ring_like_count,ge,6,47,0,47,0.0,0.0,0.0754857336910586,0.03674948240165631,0.0,0.4159221927328034,negative,1.0,False,fused_ring_like,fused_ring_like ≥ 6,high
invivo_pre,fg_fused_ring_like_count,ge,7,26,0,26,0.0,0.0,0.1322746044977541,0.03674948240165631,0.0,0.6226302613871637,negative,1.0,False,fused_ring_like,fused_ring_like ≥ 7,high
invivo_pre,fg_fused_ring_like_count,ge,8,20,0,20,0.0,0.0,0.16843347098308534,0.03674948240165631,0.0,1.0,negative,1.0,False,fused_ring_like,fused_ring_like ≥ 8,high
invivo_pre,fg_fused_ring_like_count,ge,9,9,0,9,0.0,0.0,0.3362671168799429,0.03674948240165631,0.0,1.0,negative,1.0,False,fused_ring_like,fused_ring_like ≥ 9,low
invivo_pre,fg_fused_ring_like_count,ge,10,9,0,9,0.0,0.0,0.3362671168799429,0.03674948240165631,0.0,1.0,negative,1.0,False,fused_ring_like,fused_ring_like ≥ 10,low
invivo_pre,fg_fused_ring_like_count,ge,11,6,0,6,0.0,0.0,0.4592581264399005,0.03674948240165631,0.0,1.0,negative,1.0,False,fused_ring_like,fused_ring_like ≥ 11,low
invivo_pre,fg_fused_ring_like_count,ge,12,6,0,6,0.0,0.0,0.4592581264399005,0.03674948240165631,0.0,1.0,negative,1.0,False,fused_ring_like,fused_ring_like ≥ 12,low
invivo_pre,fg_fused_ring_like_count,ge,13,5,0,5,0.0,0.0,0.5218237501049815,0.03674948240165631,0.0,1.0,negative,1.0,False,fused_ring_like,fused_ring_like ≥ 13,low
invivo_pre,fg_fused_ring_like_count,ge,14,5,0,5,0.0,0.0,0.5218237501049815,0.03674948240165631,0.0,1.0,negative,1.0,False,fused_ring_like,fused_ring_like ≥ 14,low
invivo_pre,fg_fused_ring_like_count,ge,15,3,0,3,0.0,0.0,0.7075982261787134,0.03674948240165631,0.0,1.0,negative,1.0,False,fused_ring_like,fused_ring_like ≥ 15,low
invivo_pre,fg_fused_ring_like_count,ge,16,3,0,3,0.0,0.0,0.7075982261787134,0.03674948240165631,0.0,1.0,negative,1.0,False,fused_ring_like,fused_ring_like ≥ 16,low
invivo_pre,fg_fused_ring_like_count,ge,17,3,0,3,0.0,0.0,0.7075982261787134,0.03674948240165631,0.0,1.0,negative,1.0,False,fused_ring_like,fused_ring_like ≥ 17,low
invivo_pre,fg_fused_ring_like_count,ge,18,3,0,3,0.0,0.0,0.7075982261787134,0.03674948240165631,0.0,1.0,negative,1.0,False,fused_ring_like,fused_ring_like ≥ 18,low
invivo_pre,fg_fused_ring_like_count,ge,19,3,0,3,0.0,0.0,0.7075982261787134,0.03674948240165631,0.0,1.0,negative,1.0,False,fused_ring_like,fused_ring_like ≥ 19,low
invivo_pre,fg_fused_ring_like_count,ge,20,3,0,3,0.0,0.0,0.7075982261787134,0.03674948240165631,0.0,1.0,negative,1.0,False,fused_ring_like,fused_ring_like ≥ 20,low
invivo_pre,fg_epoxide_count,eq,1,19,4,15,0.21052631578947367,0.060524537709289755,0.45565308189150566,0.03674948240165631,5.728687916975537,0.004273625524609891,positive,0.08986484783693577,False,epoxide,epoxide = 1,medium
invivo_pre,fg_epoxide_count,eq,2,11,2,9,0.18181818181818182,0.02283119829995966,0.5177558523601726,0.03674948240165631,4.947503201024328,0.05911229352911747,positive,0.5664304582473662,False,epoxide,epoxide = 2,medium
invivo_pre,fg_epoxide_count,eq,3,4,2,2,0.5,0.06758598648854294,0.932414013511457,0.03674948240165631,13.605633802816902,0.00761717111296181,positive,0.14415496331280225,False,epoxide,epoxide = 3,low
invivo_pre,fg_epoxide_count,ge,1,35,9,26,0.2571428571428571,0.12489397191676194,0.432558849694038,0.03674948240165631,6.997183098591549,2.407148049753428e-06,positive,0.0007163161765810345,True,epoxide,epoxide ≥ 1,high
invivo_pre,fg_epoxide_count,ge,2,16,5,11,0.3125,0.11016995471711757,0.5866206364513586,0.03674948240165631,8.503521126760564,0.000185457224852409,positive,0.0200558741733248,True,epoxide,epoxide ≥ 2,medium
invivo_pre,fg_epoxide_count,ge,3,5,3,2,0.6,0.14663279963467313,0.9472550494736831,0.03674948240165631,16.326760563380283,0.00045144203772589563,positive,0.037971291395389226,True,epoxide,epoxide ≥ 3,low
invivo_pre,fg_halogen_any_count,eq,1,148,9,139,0.060810810810810814,0.028180768323340592,0.11229766976096861,0.03674948240165631,1.6547392462885422,0.11040145797961441,positive,0.835739036905681,False,halogen_any,halogen_any = 1,high
invivo_pre,fg_halogen_any_count,eq,2,87,2,85,0.022988505747126436,0.0027962410384932235,0.08058586583676962,0.03674948240165631,0.6255463817387081,0.7685893951400472,negative,1.0,False,halogen_any,halogen_any = 2,high
invivo_pre,fg_halogen_any_count,eq,3,45,1,44,0.022222222222222223,0.0005624597154022577,0.1177043314182942,0.03674948240165631,0.6046948356807512,1.0,negative,1.0,False,halogen_any,halogen_any = 3,high
invivo_pre,fg_halogen_any_count,eq,4,29,0,29,0.0,0.0,0.11944486906950272,0.03674948240165631,0.0,0.623803303653092,negative,1.0,False,halogen_any,halogen_any = 4,high
invivo_pre,fg_halogen_any_count,eq,5,7,0,7,0.0,0.0,0.4096163972250034,0.03674948240165631,0.0,1.0,negative,1.0,False,halogen_any,halogen_any = 5,low
invivo_pre,fg_halogen_any_count,eq,6,22,0,22,0.0,0.0,0.1543725128155746,0.03674948240165631,0.0,1.0,negative,1.0,False,halogen_any,halogen_any = 6,high
invivo_pre,fg_halogen_any_count,eq,7,4,0,4,0.0,0.0,0.6023646356164747,0.03674948240165631,0.0,1.0,negative,1.0,False,halogen_any,halogen_any = 7,low
invivo_pre,fg_halogen_any_count,eq,8,4,0,4,0.0,0.0,0.6023646356164747,0.03674948240165631,0.0,1.0,negative,1.0,False,halogen_any,halogen_any = 8,low
invivo_pre,fg_halogen_any_count,eq,9,4,0,4,0.0,0.0,0.6023646356164747,0.03674948240165631,0.0,1.0,negative,1.0,False,halogen_any,halogen_any = 9,low
invivo_pre,fg_halogen_any_count,eq,10,4,0,4,0.0,0.0,0.6023646356164747,0.03674948240165631,0.0,1.0,negative,1.0,False,halogen_any,halogen_any = 10,low
invivo_pre,fg_halogen_any_count,eq,11,3,0,3,0.0,0.0,0.7075982261787134,0.03674948240165631,0.0,1.0,negative,1.0,False,halogen_any,halogen_any = 11,low
invivo_pre,fg_halogen_any_count,eq,12,3,0,3,0.0,0.0,0.7075982261787134,0.03674948240165631,0.0,1.0,negative,1.0,False,halogen_any,halogen_any = 12,low
invivo_pre,fg_halogen_any_count,eq,13,4,0,4,0.0,0.0,0.6023646356164747,0.03674948240165631,0.0,1.0,negative,1.0,False,halogen_any,halogen_any = 13,low
invivo_pre,fg_halogen_any_count,eq,14,3,0,3,0.0,0.0,0.7075982261787134,0.03674948240165631,0.0,1.0,negative,1.0,False,halogen_any,halogen_any = 14,low
invivo_pre,fg_halogen_any_count,ge,1,371,12,359,0.03234501347708895,0.016822647494179693,0.05581819106758212,0.03674948240165631,0.8801488174328994,0.7587461409842576,negative,1.0,False,halogen_any,halogen_any ≥ 1,high
invivo_pre,fg_halogen_any_count,ge,2,223,3,220,0.013452914798206279,0.002782953513991908,0.03880959423347594,0.03674948240165631,0.36607086464978217,0.05597691148916864,negative,0.5626682042256129,False,halogen_any,halogen_any ≥ 2,high
invivo_pre,fg_halogen_any_count,ge,3,136,1,135,0.007352941176470588,0.0001861430260623809,0.04028598437824809,0.03674948240165631,0.20008285004142504,0.05772639572618329,negative,0.5664304582473662,False,halogen_any,halogen_any ≥ 3,high
invivo_pre,fg_halogen_any_count,ge,4,91,0,91,0.0,0.0,0.0397264976918496,0.03674948240165631,0.0,0.07677043783519,negative,0.6529800161936947,False,halogen_any,halogen_any ≥ 4,high
invivo_pre,fg_halogen_any_count,ge,5,62,0,62,0.0,0.0,0.05776263442929094,0.03674948240165631,0.0,0.16874625219384795,negative,1.0,False,halogen_any,halogen_any ≥ 5,high
invivo_pre,fg_halogen_any_count,ge,6,55,0,55,0.0,0.0,0.06487076082542462,0.03674948240165631,0.0,0.2644148831702132,negative,1.0,False,halogen_any,halogen_any ≥ 6,high
invivo_pre,fg_halogen_any_count,ge,7,33,0,33,0.0,0.0,0.1057628100745793,0.03674948240165631,0.0,0.6315544895379785,negative,1.0,False,halogen_any,halogen_any ≥ 7,high
invivo_pre,fg_halogen_any_count,ge,8,29,0,29,0.0,0.0,0.11944486906950272,0.03674948240165631,0.0,0.623803303653092,negative,1.0,False,halogen_any,halogen_any ≥ 8,high
invivo_pre,fg_halogen_any_count,ge,9,25,0,25,0.0,0.0,0.13718517153071255,0.03674948240165631,0.0,1.0,negative,1.0,False,halogen_any,halogen_any ≥ 9,high
invivo_pre,fg_halogen_any_count,ge,10,21,0,21,0.0,0.0,0.16109761521907962,0.03674948240165631,0.0,1.0,negative,1.0,False,halogen_any,halogen_any ≥ 10,high
invivo_pre,fg_halogen_any_count,ge,11,17,0,17,0.0,0.0,0.1950643229690932,0.03674948240165631,0.0,1.0,negative,1.0,False,halogen_any,halogen_any ≥ 11,medium
invivo_pre,fg_halogen_any_count,ge,12,14,0,14,0.0,0.0,0.2316357616501165,0.03674948240165631,0.0,1.0,negative,1.0,False,halogen_any,halogen_any ≥ 12,medium
invivo_pre,fg_halogen_any_count,ge,13,11,0,11,0.0,0.0,0.2849141529181545,0.03674948240165631,0.0,1.0,negative,1.0,False,halogen_any,halogen_any ≥ 13,medium
invivo_pre,fg_halogen_any_count,ge,14,7,0,7,0.0,0.0,0.4096163972250034,0.03674948240165631,0.0,1.0,negative,1.0,False,halogen_any,halogen_any ≥ 14,low
invivo_pre,fg_halogen_any_count,ge,15,4,0,4,0.0,0.0,0.6023646356164747,0.03674948240165631,0.0,1.0,negative,1.0,False,halogen_any,halogen_any ≥ 15,low
invivo_pre,fg_halogen_any_count,ge,16,4,0,4,0.0,0.0,0.6023646356164747,0.03674948240165631,0.0,1.0,negative,1.0,False,halogen_any,halogen_any ≥ 16,low
invivo_pre,fg_halogen_any_count,ge,17,3,0,3,0.0,0.0,0.7075982261787134,0.03674948240165631,0.0,1.0,negative,1.0,False,halogen_any,halogen_any ≥ 17,low
invivo_pre,fg_halogen_any_count,ge,18,3,0,3,0.0,0.0,0.7075982261787134,0.03674948240165631,0.0,1.0,negative,1.0,False,halogen_any,halogen_any ≥ 18,low
invivo_pre,fg_fluoro_count,eq,1,24,1,23,0.041666666666666664,0.0010543524454697472,0.21120168345697313,0.03674948240165631,1.1338028169014085,0.5950930032042189,positive,1.0,False,fluoro,fluoro = 1,high
invivo_pre,fg_fluoro_count,eq,2,15,0,15,0.0,0.0,0.21801936091053403,0.03674948240165631,0.0,1.0,negative,1.0,False,fluoro,fluoro = 2,medium
invivo_pre,fg_fluoro_count,eq,3,22,0,22,0.0,0.0,0.1543725128155746,0.03674948240165631,0.0,1.0,negative,1.0,False,fluoro,fluoro = 3,high
invivo_pre,fg_fluoro_count,eq,4,10,0,10,0.0,0.0,0.30849710781876083,0.03674948240165631,0.0,1.0,negative,1.0,False,fluoro,fluoro = 4,medium
invivo_pre,fg_fluoro_count,eq,5,3,0,3,0.0,0.0,0.7075982261787134,0.03674948240165631,0.0,1.0,negative,1.0,False,fluoro,fluoro = 5,low
invivo_pre,fg_fluoro_count,eq,6,12,0,12,0.0,0.0,0.2646484693970512,0.03674948240165631,0.0,1.0,negative,1.0,False,fluoro,fluoro = 6,medium
invivo_pre,fg_fluoro_count,eq,7,4,0,4,0.0,0.0,0.6023646356164747,0.03674948240165631,0.0,1.0,negative,1.0,False,fluoro,fluoro = 7,low
invivo_pre,fg_fluoro_count,eq,8,3,0,3,0.0,0.0,0.7075982261787134,0.03674948240165631,0.0,1.0,negative,1.0,False,fluoro,fluoro = 8,low
invivo_pre,fg_fluoro_count,eq,9,5,0,5,0.0,0.0,0.5218237501049815,0.03674948240165631,0.0,1.0,negative,1.0,False,fluoro,fluoro = 9,low
invivo_pre,fg_fluoro_count,eq,12,3,0,3,0.0,0.0,0.7075982261787134,0.03674948240165631,0.0,1.0,negative,1.0,False,fluoro,fluoro = 12,low
invivo_pre,fg_fluoro_count,eq,13,5,0,5,0.0,0.0,0.5218237501049815,0.03674948240165631,0.0,1.0,negative,1.0,False,fluoro,fluoro = 13,low
invivo_pre,fg_fluoro_count,ge,1,115,1,114,0.008695652173913044,0.00022013061973618435,0.04749694688499522,0.03674948240165631,0.23661971830985917,0.12321108623356038,negative,0.8882932597981449,False,fluoro,fluoro ≥ 1,high
invivo_pre,fg_fluoro_count,ge,2,91,0,91,0.0,0.0,0.0397264976918496,0.03674948240165631,0.0,0.07677043783519,negative,0.6529800161936947,False,fluoro,fluoro ≥ 2,high
invivo_pre,fg_fluoro_count,ge,3,76,0,76,0.0,0.0,0.04737875386693076,0.03674948240165631,0.0,0.11196863377399366,negative,0.8389339434115138,False,fluoro,fluoro ≥ 3,high
invivo_pre,fg_fluoro_count,ge,4,54,0,54,0.0,0.0,0.06603151424442183,0.03674948240165631,0.0,0.26258542687941655,negative,1.0,False,fluoro,fluoro ≥ 4,high
invivo_pre,fg_fluoro_count,ge,5,44,0,44,0.0,0.0,0.08041993976357589,0.03674948240165631,0.0,0.40675613822224677,negative,1.0,False,fluoro,fluoro ≥ 5,high
invivo_pre,fg_fluoro_count,ge,6,41,0,41,0.0,0.0,0.08604383629402844,0.03674948240165631,0.0,0.4009203890966495,negative,1.0,False,fluoro,fluoro ≥ 6,high
invivo_pre,fg_fluoro_count,ge,7,29,0,29,0.0,0.0,0.11944486906950272,0.03674948240165631,0.0,0.623803303653092,negative,1.0,False,fluoro,fluoro ≥ 7,high
invivo_pre,fg_fluoro_count,ge,8,25,0,25,0.0,0.0,0.13718517153071255,0.03674948240165631,0.0,1.0,negative,1.0,False,fluoro,fluoro ≥ 8,high
invivo_pre,fg_fluoro_count,ge,9,22,0,22,0.0,0.0,0.1543725128155746,0.03674948240165631,0.0,1.0,negative,1.0,False,fluoro,fluoro ≥ 9,high
invivo_pre,fg_fluoro_count,ge,10,17,0,17,0.0,0.0,0.1950643229690932,0.03674948240165631,0.0,1.0,negative,1.0,False,fluoro,fluoro ≥ 10,medium
invivo_pre,fg_fluoro_count,ge,11,16,0,16,0.0,0.0,0.20590721420782274,0.03674948240165631,0.0,1.0,negative,1.0,False,fluoro,fluoro ≥ 11,medium
invivo_pre,fg_fluoro_count,ge,12,14,0,14,0.0,0.0,0.2316357616501165,0.03674948240165631,0.0,1.0,negative,1.0,False,fluoro,fluoro ≥ 12,medium
invivo_pre,fg_fluoro_count,ge,13,11,0,11,0.0,0.0,0.2849141529181545,0.03674948240165631,0.0,1.0,negative,1.0,False,fluoro,fluoro ≥ 13,medium
invivo_pre,fg_fluoro_count,ge,14,6,0,6,0.0,0.0,0.4592581264399005,0.03674948240165631,0.0,1.0,negative,1.0,False,fluoro,fluoro ≥ 14,low
invivo_pre,fg_fluoro_count,ge,15,4,0,4,0.0,0.0,0.6023646356164747,0.03674948240165631,0.0,1.0,negative,1.0,False,fluoro,fluoro ≥ 15,low
invivo_pre,fg_fluoro_count,ge,16,4,0,4,0.0,0.0,0.6023646356164747,0.03674948240165631,0.0,1.0,negative,1.0,False,fluoro,fluoro ≥ 16,low
invivo_pre,fg_fluoro_count,ge,17,3,0,3,0.0,0.0,0.7075982261787134,0.03674948240165631,0.0,1.0,negative,1.0,False,fluoro,fluoro ≥ 17,low
invivo_pre,fg_fluoro_count,ge,18,3,0,3,0.0,0.0,0.7075982261787134,0.03674948240165631,0.0,1.0,negative,1.0,False,fluoro,fluoro ≥ 18,low
invivo_pre,fg_chloro_count,eq,1,122,5,117,0.040983606557377046,0.013439124829359168,0.0930514450401332,0.03674948240165631,1.1152158854767953,0.8015139581236881,positive,1.0,False,chloro,chloro = 1,high
invivo_pre,fg_chloro_count,eq,2,78,1,77,0.01282051282051282,0.0003245346090972235,0.069372740785605,0.03674948240165631,0.3488624052004334,0.36362189879438095,negative,1.0,False,chloro,chloro = 2,high
invivo_pre,fg_chloro_count,eq,3,27,1,26,0.037037037037037035,0.000937257091944707,0.18970561741304462,0.03674948240165631,1.0078247261345854,1.0,positive,1.0,False,chloro,chloro = 3,high
invivo_pre,fg_chloro_count,eq,4,11,0,11,0.0,0.0,0.2849141529181545,0.03674948240165631,0.0,1.0,negative,1.0,False,chloro,chloro = 4,medium
invivo_pre,fg_chloro_count,eq,6,5,0,5,0.0,0.0,0.5218237501049815,0.03674948240165631,0.0,1.0,negative,1.0,False,chloro,chloro = 6,low
invivo_pre,fg_chloro_count,ge,1,246,7,239,0.028455284552845527,0.011515454983082487,0.057747374589365526,0.03674948240165631,0.7743043627619375,0.5865508405057718,negative,1.0,False,chloro,chloro ≥ 1,high
invivo_pre,fg_chloro_count,ge,2,124,2,122,0.016129032258064516,0.001959304156917139,0.05704897213864734,0.03674948240165631,0.4388914129940936,0.3192768479674123,negative,1.0,False,chloro,chloro ≥ 2,high
invivo_pre,fg_chloro_count,ge,3,46,1,45,0.021739130434782608,0.0005502356948807102,0.11527182559799003,0.03674948240165631,0.5915492957746479,1.0,negative,1.0,False,chloro,chloro ≥ 3,high
invivo_pre,fg_chloro_count,ge,4,19,0,19,0.0,0.0,0.1764669118069654,0.03674948240165631,0.0,1.0,negative,1.0,False,chloro,chloro ≥ 4,medium
invivo_pre,fg_chloro_count,ge,5,8,0,8,0.0,0.0,0.3694166475528193,0.03674948240165631,0.0,1.0,negative,1.0,False,chloro,chloro ≥ 5,low
invivo_pre,fg_chloro_count,ge,6,7,0,7,0.0,0.0,0.4096163972250034,0.03674948240165631,0.0,1.0,negative,1.0,False,chloro,chloro ≥ 6,low
invivo_pre,fg_bromo_count,eq,1,23,3,20,0.13043478260869565,0.027751507422793194,0.33588913753712096,0.03674948240165631,3.5492957746478875,0.04973617617980839,positive,0.5174288743589771,False,bromo,bromo = 1,high
invivo_pre,fg_bromo_count,eq,2,5,1,4,0.2,0.0050507633794680575,0.7164179361180896,0.03674948240165631,5.442253521126761,0.17089342647012298,positive,1.0,False,bromo,bromo = 2,low
invivo_pre,fg_bromo_count,eq,4,3,0,3,0.0,0.0,0.7075982261787134,0.03674948240165631,0.0,1.0,negative,1.0,False,bromo,bromo = 4,low
invivo_pre,fg_bromo_count,ge,1,35,4,31,0.11428571428571428,0.03203116902909801,0.2673780437192452,0.03674948240165631,3.1098591549295778,0.0371023898117215,positive,0.45300821108827705,False,bromo,bromo ≥ 1,high
invivo_pre,fg_bromo_count,ge,2,12,1,11,0.08333333333333333,0.0021075932318602264,0.38479616515094406,0.03674948240165631,2.267605633802817,0.3627604951722274,positive,1.0,False,bromo,bromo ≥ 2,medium
invivo_pre,fg_bromo_count,ge,3,7,0,7,0.0,0.0,0.4096163972250034,0.03674948240165631,0.0,1.0,negative,1.0,False,bromo,bromo ≥ 3,low
invivo_pre,fg_bromo_count,ge,4,5,0,5,0.0,0.0,0.5218237501049815,0.03674948240165631,0.0,1.0,negative,1.0,False,bromo,bromo ≥ 4,low
invivo_pre,fg_iodo_count,ge,1,6,0,6,0.0,0.0,0.4592581264399005,0.03674948240165631,0.0,1.0,negative,1.0,False,iodo,iodo ≥ 1,low
invivo_pre,fg_iodo_count,ge,2,4,0,4,0.0,0.0,0.6023646356164747,0.03674948240165631,0.0,1.0,negative,1.0,False,iodo,iodo ≥ 2,low
invivo_pre,fg_sulfide_count,eq,1,19,1,18,0.05263157894736842,0.0013316288041794228,0.2602806541952142,0.03674948240165631,1.4321719792438843,0.5107062724009993,positive,1.0,False,sulfide,sulfide = 1,medium
invivo_pre,fg_sulfide_count,eq,2,6,0,6,0.0,0.0,0.4592581264399005,0.03674948240165631,0.0,1.0,negative,1.0,False,sulfide,sulfide = 2,low
invivo_pre,fg_sulfide_count,ge,1,25,1,24,0.04,0.0010121996993108446,0.20351691392241403,0.03674948240165631,1.0884507042253522,0.6101602971101417,positive,1.0,False,sulfide,sulfide ≥ 1,high
invivo_pre,fg_sulfide_count,ge,2,6,0,6,0.0,0.0,0.4592581264399005,0.03674948240165631,0.0,1.0,negative,1.0,False,sulfide,sulfide ≥ 2,low
invivo_pre,fg_sulfoxide_count,eq,1,3,1,2,0.3333333333333333,0.008403758659612636,0.9057006759497539,0.03674948240165631,9.070422535211268,0.1062994972347821,positive,0.835739036905681,False,sulfoxide,sulfoxide = 1,low
invivo_pre,fg_sulfoxide_count,ge,1,5,1,4,0.2,0.0050507633794680575,0.7164179361180896,0.03674948240165631,5.442253521126761,0.17089342647012298,positive,1.0,False,sulfoxide,sulfoxide ≥ 1,low
invivo_pre,fg_sulfone_count,eq,1,69,2,67,0.028985507246376812,0.0035297593822015724,0.10081538048207248,0.03674948240165631,0.7887323943661972,1.0,negative,1.0,False,sulfone,sulfone = 1,high
invivo_pre,fg_sulfone_count,eq,2,45,0,45,0.0,0.0,0.07870510040684305,0.03674948240165631,0.0,0.40946794550259524,negative,1.0,False,sulfone,sulfone = 2,high
invivo_pre,fg_sulfone_count,eq,3,22,0,22,0.0,0.0,0.1543725128155746,0.03674948240165631,0.0,1.0,negative,1.0,False,sulfone,sulfone = 3,high
invivo_pre,fg_sulfone_count,eq,4,5,0,5,0.0,0.0,0.5218237501049815,0.03674948240165631,0.0,1.0,negative,1.0,False,sulfone,sulfone = 4,low
invivo_pre,fg_sulfone_count,eq,5,5,0,5,0.0,0.0,0.5218237501049815,0.03674948240165631,0.0,1.0,negative,1.0,False,sulfone,sulfone = 5,low
invivo_pre,fg_sulfone_count,eq,6,10,0,10,0.0,0.0,0.30849710781876083,0.03674948240165631,0.0,1.0,negative,1.0,False,sulfone,sulfone = 6,medium
invivo_pre,fg_sulfone_count,eq,7,4,0,4,0.0,0.0,0.6023646356164747,0.03674948240165631,0.0,1.0,negative,1.0,False,sulfone,sulfone = 7,low
invivo_pre,fg_sulfone_count,ge,1,160,2,158,0.0125,0.0015174091031877376,0.044423034430911376,0.03674948240165631,0.3401408450704226,0.1201025558537481,negative,0.8742080267431472,False,sulfone,sulfone ≥ 1,high
invivo_pre,fg_sulfone_count,ge,2,91,0,91,0.0,0.0,0.0397264976918496,0.03674948240165631,0.0,0.07677043783519,negative,0.6529800161936947,False,sulfone,sulfone ≥ 2,high
invivo_pre,fg_sulfone_count,ge,3,46,0,46,0.0,0.0,0.07706182705190072,0.03674948240165631,0.0,0.4125296872926514,negative,1.0,False,sulfone,sulfone ≥ 3,high
invivo_pre,fg_sulfone_count,ge,4,24,0,24,0.0,0.0,0.14247359772252566,0.03674948240165631,0.0,1.0,negative,1.0,False,sulfone,sulfone ≥ 4,high
invivo_pre,fg_sulfone_count,ge,5,19,0,19,0.0,0.0,0.1764669118069654,0.03674948240165631,0.0,1.0,negative,1.0,False,sulfone,sulfone ≥ 5,medium
invivo_pre,fg_sulfone_count,ge,6,14,0,14,0.0,0.0,0.2316357616501165,0.03674948240165631,0.0,1.0,negative,1.0,False,sulfone,sulfone ≥ 6,medium
invivo_pre,fg_sulfone_count,ge,7,4,0,4,0.0,0.0,0.6023646356164747,0.03674948240165631,0.0,1.0,negative,1.0,False,sulfone,sulfone ≥ 7,low
invivo_pre,fg_sulfonamide_count,eq,1,24,0,24,0.0,0.0,0.14247359772252566,0.03674948240165631,0.0,1.0,negative,1.0,False,sulfonamide,sulfonamide = 1,high
invivo_pre,fg_sulfonamide_count,ge,1,25,0,25,0.0,0.0,0.13718517153071255,0.03674948240165631,0.0,1.0,negative,1.0,False,sulfonamide,sulfonamide ≥ 1,high
invivo_pre,fg_sulfonic_acid_or_sulfonate_count,eq,1,53,0,53,0.0,0.0,0.06723454630630114,0.03674948240165631,0.0,0.2610822602140025,negative,1.0,False,sulfonic_acid_or_sulfonate,sulfonic_acid_or_sulfonate = 1,high
invivo_pre,fg_sulfonic_acid_or_sulfonate_count,eq,2,42,0,42,0.0,0.0,0.08408385494035515,0.03674948240165631,0.0,0.4024617970462059,negative,1.0,False,sulfonic_acid_or_sulfonate,sulfonic_acid_or_sulfonate = 2,high
invivo_pre,fg_sulfonic_acid_or_sulfonate_count,eq,3,12,0,12,0.0,0.0,0.2646484693970512,0.03674948240165631,0.0,1.0,negative,1.0,False,sulfonic_acid_or_sulfonate,sulfonic_acid_or_sulfonate = 3,medium
invivo_pre,fg_sulfonic_acid_or_sulfonate_count,eq,4,6,0,6,0.0,0.0,0.4592581264399005,0.03674948240165631,0.0,1.0,negative,1.0,False,sulfonic_acid_or_sulfonate,sulfonic_acid_or_sulfonate = 4,low
invivo_pre,fg_sulfonic_acid_or_sulfonate_count,eq,5,5,0,5,0.0,0.0,0.5218237501049815,0.03674948240165631,0.0,1.0,negative,1.0,False,sulfonic_acid_or_sulfonate,sulfonic_acid_or_sulfonate = 5,low
invivo_pre,fg_sulfonic_acid_or_sulfonate_count,eq,6,7,0,7,0.0,0.0,0.4096163972250034,0.03674948240165631,0.0,1.0,negative,1.0,False,sulfonic_acid_or_sulfonate,sulfonic_acid_or_sulfonate = 6,low
invivo_pre,fg_sulfonic_acid_or_sulfonate_count,ge,1,125,0,125,0.0,0.0,0.029079837136431527,0.03674948240165631,0.0,0.01276688054780304,negative,0.20558062857934611,False,sulfonic_acid_or_sulfonate,sulfonic_acid_or_sulfonate ≥ 1,high
invivo_pre,fg_sulfonic_acid_or_sulfonate_count,ge,2,72,0,72,0.0,0.0,0.04994408370585468,0.03674948240165631,0.0,0.10987152155538138,negative,0.835739036905681,False,sulfonic_acid_or_sulfonate,sulfonic_acid_or_sulfonate ≥ 2,high
invivo_pre,fg_sulfonic_acid_or_sulfonate_count,ge,3,30,0,30,0.0,0.0,0.1157033082220278,0.03674948240165631,0.0,0.6251462059521902,negative,1.0,False,sulfonic_acid_or_sulfonate,sulfonic_acid_or_sulfonate ≥ 3,high
invivo_pre,fg_sulfonic_acid_or_sulfonate_count,ge,4,18,0,18,0.0,0.0,0.18530196813785224,0.03674948240165631,0.0,1.0,negative,1.0,False,sulfonic_acid_or_sulfonate,sulfonic_acid_or_sulfonate ≥ 4,medium
invivo_pre,fg_sulfonic_acid_or_sulfonate_count,ge,5,12,0,12,0.0,0.0,0.2646484693970512,0.03674948240165631,0.0,1.0,negative,1.0,False,sulfonic_acid_or_sulfonate,sulfonic_acid_or_sulfonate ≥ 5,medium
invivo_pre,fg_sulfonic_acid_or_sulfonate_count,ge,6,7,0,7,0.0,0.0,0.4096163972250034,0.03674948240165631,0.0,1.0,negative,1.0,False,sulfonic_acid_or_sulfonate,sulfonic_acid_or_sulfonate ≥ 6,low
invivo_pre,fg_thiol_count,eq,1,18,0,18,0.0,0.0,0.18530196813785224,0.03674948240165631,0.0,1.0,negative,1.0,False,thiol,thiol = 1,medium
invivo_pre,fg_thiol_count,ge,1,23,0,23,0.0,0.0,0.1481851289152244,0.03674948240165631,0.0,1.0,negative,1.0,False,thiol,thiol ≥ 1,high
invivo_pre,fg_thiol_count,ge,2,5,0,5,0.0,0.0,0.5218237501049815,0.03674948240165631,0.0,1.0,negative,1.0,False,thiol,thiol ≥ 2,low
invivo_pre,fg_thiol_count,ge,3,3,0,3,0.0,0.0,0.7075982261787134,0.03674948240165631,0.0,1.0,negative,1.0,False,thiol,thiol ≥ 3,low
invivo_pre,fg_phosphate_like_count,eq,1,13,0,13,0.0,0.0,0.24705263800047095,0.03674948240165631,0.0,1.0,negative,1.0,False,phosphate_like,phosphate_like = 1,medium
invivo_pre,fg_phosphate_like_count,eq,3,9,0,9,0.0,0.0,0.3362671168799429,0.03674948240165631,0.0,1.0,negative,1.0,False,phosphate_like,phosphate_like = 3,low
invivo_pre,fg_phosphate_like_count,eq,6,4,0,4,0.0,0.0,0.6023646356164747,0.03674948240165631,0.0,1.0,negative,1.0,False,phosphate_like,phosphate_like = 6,low
invivo_pre,fg_phosphate_like_count,ge,1,30,0,30,0.0,0.0,0.1157033082220278,0.03674948240165631,0.0,0.6251462059521902,negative,1.0,False,phosphate_like,phosphate_like ≥ 1,high
invivo_pre,fg_phosphate_like_count,ge,2,17,0,17,0.0,0.0,0.1950643229690932,0.03674948240165631,0.0,1.0,negative,1.0,False,phosphate_like,phosphate_like ≥ 2,medium
invivo_pre,fg_phosphate_like_count,ge,3,15,0,15,0.0,0.0,0.21801936091053403,0.03674948240165631,0.0,1.0,negative,1.0,False,phosphate_like,phosphate_like ≥ 3,medium
invivo_pre,fg_phosphate_like_count,ge,4,6,0,6,0.0,0.0,0.4592581264399005,0.03674948240165631,0.0,1.0,negative,1.0,False,phosphate_like,phosphate_like ≥ 4,low
invivo_pre,fg_phosphate_like_count,ge,5,6,0,6,0.0,0.0,0.4592581264399005,0.03674948240165631,0.0,1.0,negative,1.0,False,phosphate_like,phosphate_like ≥ 5,low
invivo_pre,fg_phosphate_like_count,ge,6,6,0,6,0.0,0.0,0.4592581264399005,0.03674948240165631,0.0,1.0,negative,1.0,False,phosphate_like,phosphate_like ≥ 6,low
invivo_pre,fg_phosphonate_like_count,eq,2,7,0,7,0.0,0.0,0.4096163972250034,0.03674948240165631,0.0,1.0,negative,1.0,False,phosphonate_like,phosphonate_like = 2,low
invivo_pre,fg_phosphonate_like_count,eq,6,3,0,3,0.0,0.0,0.7075982261787134,0.03674948240165631,0.0,1.0,negative,1.0,False,phosphonate_like,phosphonate_like = 6,low
invivo_pre,fg_phosphonate_like_count,ge,1,11,0,11,0.0,0.0,0.2849141529181545,0.03674948240165631,0.0,1.0,negative,1.0,False,phosphonate_like,phosphonate_like ≥ 1,medium
invivo_pre,fg_phosphonate_like_count,ge,2,11,0,11,0.0,0.0,0.2849141529181545,0.03674948240165631,0.0,1.0,negative,1.0,False,phosphonate_like,phosphonate_like ≥ 2,medium
invivo_pre,fg_phosphonate_like_count,ge,3,4,0,4,0.0,0.0,0.6023646356164747,0.03674948240165631,0.0,1.0,negative,1.0,False,phosphonate_like,phosphonate_like ≥ 3,low
invivo_pre,fg_phosphonate_like_count,ge,4,4,0,4,0.0,0.0,0.6023646356164747,0.03674948240165631,0.0,1.0,negative,1.0,False,phosphonate_like,phosphonate_like ≥ 4,low
invivo_pre,fg_phosphonate_like_count,ge,5,3,0,3,0.0,0.0,0.7075982261787134,0.03674948240165631,0.0,1.0,negative,1.0,False,phosphonate_like,phosphonate_like ≥ 5,low
invivo_pre,fg_phosphonate_like_count,ge,6,3,0,3,0.0,0.0,0.7075982261787134,0.03674948240165631,0.0,1.0,negative,1.0,False,phosphonate_like,phosphonate_like ≥ 6,low
invivo_pre,fg_organophosphate_like_count,eq,1,7,0,7,0.0,0.0,0.4096163972250034,0.03674948240165631,0.0,1.0,negative,1.0,False,organophosphate_like,organophosphate_like = 1,low
invivo_pre,fg_organophosphate_like_count,eq,3,9,0,9,0.0,0.0,0.3362671168799429,0.03674948240165631,0.0,1.0,negative,1.0,False,organophosphate_like,organophosphate_like = 3,low
invivo_pre,fg_organophosphate_like_count,eq,6,4,0,4,0.0,0.0,0.6023646356164747,0.03674948240165631,0.0,1.0,negative,1.0,False,organophosphate_like,organophosphate_like = 6,low
invivo_pre,fg_organophosphate_like_count,ge,1,24,0,24,0.0,0.0,0.14247359772252566,0.03674948240165631,0.0,1.0,negative,1.0,False,organophosphate_like,organophosphate_like ≥ 1,high
invivo_pre,fg_organophosphate_like_count,ge,2,17,0,17,0.0,0.0,0.1950643229690932,0.03674948240165631,0.0,1.0,negative,1.0,False,organophosphate_like,organophosphate_like ≥ 2,medium
invivo_pre,fg_organophosphate_like_count,ge,3,15,0,15,0.0,0.0,0.21801936091053403,0.03674948240165631,0.0,1.0,negative,1.0,False,organophosphate_like,organophosphate_like ≥ 3,medium
invivo_pre,fg_organophosphate_like_count,ge,4,6,0,6,0.0,0.0,0.4592581264399005,0.03674948240165631,0.0,1.0,negative,1.0,False,organophosphate_like,organophosphate_like ≥ 4,low
invivo_pre,fg_organophosphate_like_count,ge,5,6,0,6,0.0,0.0,0.4592581264399005,0.03674948240165631,0.0,1.0,negative,1.0,False,organophosphate_like,organophosphate_like ≥ 5,low
invivo_pre,fg_organophosphate_like_count,ge,6,6,0,6,0.0,0.0,0.4592581264399005,0.03674948240165631,0.0,1.0,negative,1.0,False,organophosphate_like,organophosphate_like ≥ 6,low
invivo_pre,fg_isocyanate_count,eq,1,6,0,6,0.0,0.0,0.4592581264399005,0.03674948240165631,0.0,1.0,negative,1.0,False,isocyanate,isocyanate = 1,low
invivo_pre,fg_isocyanate_count,eq,2,9,0,9,0.0,0.0,0.3362671168799429,0.03674948240165631,0.0,1.0,negative,1.0,False,isocyanate,isocyanate = 2,low
invivo_pre,fg_isocyanate_count,ge,1,15,0,15,0.0,0.0,0.21801936091053403,0.03674948240165631,0.0,1.0,negative,1.0,False,isocyanate,isocyanate ≥ 1,medium
invivo_pre,fg_isocyanate_count,ge,2,9,0,9,0.0,0.0,0.3362671168799429,0.03674948240165631,0.0,1.0,negative,1.0,False,isocyanate,isocyanate ≥ 2,low
invivo_pre,fg_metal_atom_count,eq,1,102,9,93,0.08823529411764706,0.04114383137771853,0.16089819225628652,0.03674948240165631,2.4009942004971006,0.010726456786173507,positive,0.18454381334393966,False,metal_atom,metal_atom = 1,high
invivo_pre,fg_metal_atom_count,eq,2,4,1,3,0.25,0.006309463209709866,0.8058795503167566,0.03674948240165631,6.802816901408451,0.13919360594205551,positive,0.9492753125958201,False,metal_atom,metal_atom = 2,low
invivo_pre,fg_metal_atom_count,ge,1,106,10,96,0.09433962264150944,0.04617246312267679,0.1666563814541637,0.03674948240165631,2.5671007175126235,0.004427325033541543,positive,0.09058067703759319,False,metal_atom,metal_atom ≥ 1,high
invivo_pre,fg_metal_atom_count,ge,2,4,1,3,0.25,0.006309463209709866,0.8058795503167566,0.03674948240165631,6.802816901408451,0.13919360594205551,positive,0.9492753125958201,False,metal_atom,metal_atom ≥ 2,low
invivo_pre,fg_heavy_metal_atom_count,eq,1,69,8,61,0.11594202898550725,0.051406559777574676,0.21573252254819292,0.03674948240165631,3.154929577464789,0.003086617472601871,positive,0.08910474599095285,False,heavy_metal_atom,heavy_metal_atom = 1,high
invivo_pre,fg_heavy_metal_atom_count,ge,1,71,9,62,0.1267605633802817,0.05963576220001374,0.22704045419493038,0.03674948240165631,3.4493156119817496,0.0008743978845611362,positive,0.05515993321773168,False,heavy_metal_atom,heavy_metal_atom ≥ 1,high
invivo_pre,fg_metal_halide_like_count,eq,1,3,0,3,0.0,0.0,0.7075982261787134,0.03674948240165631,0.0,1.0,negative,1.0,False,metal_halide_like,metal_halide_like = 1,low
invivo_pre,fg_metal_halide_like_count,eq,2,8,1,7,0.125,0.0031597235312519063,0.5265096708752066,0.03674948240165631,3.4014084507042255,0.25924730057695045,positive,1.0,False,metal_halide_like,metal_halide_like = 2,low
invivo_pre,fg_metal_halide_like_count,eq,3,4,0,4,0.0,0.0,0.6023646356164747,0.03674948240165631,0.0,1.0,negative,1.0,False,metal_halide_like,metal_halide_like = 3,low
invivo_pre,fg_metal_halide_like_count,ge,1,18,1,17,0.05555555555555555,0.0014055561673694222,0.27294359967336856,0.03674948240165631,1.511737089201878,0.4918566496882873,positive,1.0,False,metal_halide_like,metal_halide_like ≥ 1,medium
invivo_pre,fg_metal_halide_like_count,ge,2,15,1,14,0.06666666666666667,0.0016864302413527013,0.3194845665783034,0.03674948240165631,1.8140845070422535,0.43090645620213885,positive,1.0,False,metal_halide_like,metal_halide_like ≥ 2,medium
invivo_pre,fg_metal_halide_like_count,ge,3,7,0,7,0.0,0.0,0.4096163972250034,0.03674948240165631,0.0,1.0,negative,1.0,False,metal_halide_like,metal_halide_like ≥ 3,low
invivo_pre,fg_metal_halide_like_count,ge,4,3,0,3,0.0,0.0,0.7075982261787134,0.03674948240165631,0.0,1.0,negative,1.0,False,metal_halide_like,metal_halide_like ≥ 4,low
invivo_pre,fg_organometal_like_count,eq,1,5,1,4,0.2,0.0050507633794680575,0.7164179361180896,0.03674948240165631,5.442253521126761,0.17089342647012298,positive,1.0,False,organometal_like,organometal_like = 1,low
invivo_pre,fg_organometal_like_count,eq,2,21,7,14,0.3333333333333333,0.14587694234309667,0.5696754829041243,0.03674948240165631,9.070422535211268,5.187540417707379e-06,positive,0.0009817420240511214,True,organometal_like,organometal_like = 2,high
invivo_pre,fg_organometal_like_count,ge,1,27,8,19,0.2962962962962963,0.13752655394057922,0.5018136663700015,0.03674948240165631,8.062597809076683,2.8387695240992115e-06,positive,0.0007163161765810345,True,organometal_like,organometal_like ≥ 1,high
invivo_pre,fg_organometal_like_count,ge,2,22,7,15,0.3181818181818182,0.13864652155379784,0.5487244275737705,0.03674948240165631,8.658130601792575,7.387172652200502e-06,positive,0.001118417939543156,True,organometal_like,organometal_like ≥ 2,high
invivo_pre,fg_BB_SA1_acyl_halides_count,eq,1,4,1,3,0.25,0.006309463209709866,0.8058795503167566,0.03674948240165631,6.802816901408451,0.13919360594205551,positive,0.9492753125958201,False,BB_SA1_acyl_halides,BB_SA1_acyl_halides = 1,low
invivo_pre,fg_BB_SA1_acyl_halides_count,ge,1,6,1,5,0.16666666666666666,0.00421074451448947,0.6412345789976748,0.03674948240165631,4.535211267605634,0.20144172264065818,positive,1.0,False,BB_SA1_acyl_halides,BB_SA1_acyl_halides ≥ 1,low
invivo_pre,fg_BB_SA2_primary_aromatic_amine_count,eq,1,69,3,66,0.043478260869565216,0.009057607358815035,0.12184714936562369,0.03674948240165631,1.1830985915492958,0.738980874878842,positive,1.0,False,BB_SA2_primary_aromatic_amine,BB_SA2_primary_aromatic_amine = 1,high
invivo_pre,fg_BB_SA2_primary_aromatic_amine_count,eq,2,20,3,17,0.15,0.0320709371854637,0.37892682654531396,0.03674948240165631,4.081690140845071,0.0346178141625642,positive,0.4296013987059197,False,BB_SA2_primary_aromatic_amine,BB_SA2_primary_aromatic_amine = 2,high
invivo_pre,fg_BB_SA2_primary_aromatic_amine_count,eq,3,4,0,4,0.0,0.0,0.6023646356164747,0.03674948240165631,0.0,1.0,negative,1.0,False,BB_SA2_primary_aromatic_amine,BB_SA2_primary_aromatic_amine = 3,low
invivo_pre,fg_BB_SA2_primary_aromatic_amine_count,ge,1,96,6,90,0.0625,0.02327958773077252,0.13108503580194084,0.03674948240165631,1.7007042253521127,0.1622058915911578,positive,1.0,False,BB_SA2_primary_aromatic_amine,BB_SA2_primary_aromatic_amine ≥ 1,high
invivo_pre,fg_BB_SA2_primary_aromatic_amine_count,ge,2,27,3,24,0.1111111111111111,0.02352745438085398,0.291586924273552,0.03674948240165631,3.023474178403756,0.07406316258871863,positive,0.6529800161936947,False,BB_SA2_primary_aromatic_amine,BB_SA2_primary_aromatic_amine ≥ 2,high
invivo_pre,fg_BB_SA2_primary_aromatic_amine_count,ge,3,7,0,7,0.0,0.0,0.4096163972250034,0.03674948240165631,0.0,1.0,negative,1.0,False,BB_SA2_primary_aromatic_amine,BB_SA2_primary_aromatic_amine ≥ 3,low
invivo_pre,fg_BB_SA2_primary_aromatic_amine_count,ge,4,3,0,3,0.0,0.0,0.7075982261787134,0.03674948240165631,0.0,1.0,negative,1.0,False,BB_SA2_primary_aromatic_amine,BB_SA2_primary_aromatic_amine ≥ 4,low
invivo_pre,fg_BB_SA2c_aromatic_amine_general_count,eq,1,86,3,83,0.03488372093023256,0.007252456428303052,0.09857616398853222,0.03674948240165631,0.9492302653128071,1.0,negative,1.0,False,BB_SA2c_aromatic_amine_general,BB_SA2c_aromatic_amine_general = 1,high
invivo_pre,fg_BB_SA2c_aromatic_amine_general_count,eq,2,62,3,59,0.04838709677419355,0.010091946310975765,0.13496194771506997,0.03674948240165631,1.3166742389822808,0.4951345961737883,positive,1.0,False,BB_SA2c_aromatic_amine_general,BB_SA2c_aromatic_amine_general = 2,high
invivo_pre,fg_BB_SA2c_aromatic_amine_general_count,eq,3,16,0,16,0.0,0.0,0.20590721420782274,0.03674948240165631,0.0,1.0,negative,1.0,False,BB_SA2c_aromatic_amine_general,BB_SA2c_aromatic_amine_general = 3,medium
invivo_pre,fg_BB_SA2c_aromatic_amine_general_count,eq,4,21,0,21,0.0,0.0,0.16109761521907962,0.03674948240165631,0.0,1.0,negative,1.0,False,BB_SA2c_aromatic_amine_general,BB_SA2c_aromatic_amine_general = 4,high
invivo_pre,fg_BB_SA2c_aromatic_amine_general_count,eq,5,4,0,4,0.0,0.0,0.6023646356164747,0.03674948240165631,0.0,1.0,negative,1.0,False,BB_SA2c_aromatic_amine_general,BB_SA2c_aromatic_amine_general = 5,low
invivo_pre,fg_BB_SA2c_aromatic_amine_general_count,eq,8,14,0,14,0.0,0.0,0.2316357616501165,0.03674948240165631,0.0,1.0,negative,1.0,False,BB_SA2c_aromatic_amine_general,BB_SA2c_aromatic_amine_general = 8,medium
invivo_pre,fg_BB_SA2c_aromatic_amine_general_count,ge,1,208,6,202,0.028846153846153848,0.01065809600511239,0.061725504620382836,0.03674948240165631,0.7849404117009752,0.6957768455953566,negative,1.0,False,BB_SA2c_aromatic_amine_general,BB_SA2c_aromatic_amine_general ≥ 1,high
invivo_pre,fg_BB_SA2c_aromatic_amine_general_count,ge,2,122,3,119,0.02459016393442623,0.00510007738700158,0.07018168984286563,0.03674948240165631,0.6691295312860771,0.6215563151106016,negative,1.0,False,BB_SA2c_aromatic_amine_general,BB_SA2c_aromatic_amine_general ≥ 2,high
invivo_pre,fg_BB_SA2c_aromatic_amine_general_count,ge,3,60,0,60,0.0,0.0,0.05962949228616692,0.03674948240165631,0.0,0.16836351359171586,negative,1.0,False,BB_SA2c_aromatic_amine_general,BB_SA2c_aromatic_amine_general ≥ 3,high
invivo_pre,fg_BB_SA2c_aromatic_amine_general_count,ge,4,44,0,44,0.0,0.0,0.08041993976357589,0.03674948240165631,0.0,0.40675613822224677,negative,1.0,False,BB_SA2c_aromatic_amine_general,BB_SA2c_aromatic_amine_general ≥ 4,high
invivo_pre,fg_BB_SA2c_aromatic_amine_general_count,ge,5,23,0,23,0.0,0.0,0.1481851289152244,0.03674948240165631,0.0,1.0,negative,1.0,False,BB_SA2c_aromatic_amine_general,BB_SA2c_aromatic_amine_general ≥ 5,high
invivo_pre,fg_BB_SA2c_aromatic_amine_general_count,ge,6,19,0,19,0.0,0.0,0.1764669118069654,0.03674948240165631,0.0,1.0,negative,1.0,False,BB_SA2c_aromatic_amine_general,BB_SA2c_aromatic_amine_general ≥ 6,medium
invivo_pre,fg_BB_SA2c_aromatic_amine_general_count,ge,7,18,0,18,0.0,0.0,0.18530196813785224,0.03674948240165631,0.0,1.0,negative,1.0,False,BB_SA2c_aromatic_amine_general,BB_SA2c_aromatic_amine_general ≥ 7,medium
invivo_pre,fg_BB_SA2c_aromatic_amine_general_count,ge,8,18,0,18,0.0,0.0,0.18530196813785224,0.03674948240165631,0.0,1.0,negative,1.0,False,BB_SA2c_aromatic_amine_general,BB_SA2c_aromatic_amine_general ≥ 8,medium
invivo_pre,fg_BB_SA2c_aromatic_amine_general_count,ge,9,4,0,4,0.0,0.0,0.6023646356164747,0.03674948240165631,0.0,1.0,negative,1.0,False,BB_SA2c_aromatic_amine_general,BB_SA2c_aromatic_amine_general ≥ 9,low
invivo_pre,fg_BB_SA2c_aromatic_amine_general_count,ge,10,3,0,3,0.0,0.0,0.7075982261787134,0.03674948240165631,0.0,1.0,negative,1.0,False,BB_SA2c_aromatic_amine_general,BB_SA2c_aromatic_amine_general ≥ 10,low
invivo_pre,fg_BB_SA5_nitro_aromatic_count,eq,1,79,2,77,0.02531645569620253,0.0030807807854199734,0.08847699279560359,0.03674948240165631,0.6888928507755393,1.0,negative,1.0,False,BB_SA5_nitro_aromatic,BB_SA5_nitro_aromatic = 1,high
invivo_pre,fg_BB_SA5_nitro_aromatic_count,eq,2,19,1,18,0.05263157894736842,0.0013316288041794228,0.2602806541952142,0.03674948240165631,1.4321719792438843,0.5107062724009993,positive,1.0,False,BB_SA5_nitro_aromatic,BB_SA5_nitro_aromatic = 2,medium
invivo_pre,fg_BB_SA5_nitro_aromatic_count,ge,1,99,3,96,0.030303030303030304,0.006293347274172098,0.0860112643373795,0.03674948240165631,0.824583866837388,1.0,negative,1.0,False,BB_SA5_nitro_aromatic,BB_SA5_nitro_aromatic ≥ 1,high
invivo_pre,fg_BB_SA5_nitro_aromatic_count,ge,2,20,1,19,0.05,0.0012650894979498038,0.24873276277202783,0.03674948240165631,1.3605633802816903,0.5288661546067124,positive,1.0,False,BB_SA5_nitro_aromatic,BB_SA5_nitro_aromatic ≥ 2,high
invivo_pre,fg_BB_SA6_aromatic_monoalkylamine_count,eq,1,25,0,25,0.0,0.0,0.13718517153071255,0.03674948240165631,0.0,1.0,negative,1.0,False,BB_SA6_aromatic_monoalkylamine,BB_SA6_aromatic_monoalkylamine = 1,high
invivo_pre,fg_BB_SA6_aromatic_monoalkylamine_count,eq,2,5,0,5,0.0,0.0,0.5218237501049815,0.03674948240165631,0.0,1.0,negative,1.0,False,BB_SA6_aromatic_monoalkylamine,BB_SA6_aromatic_monoalkylamine = 2,low
invivo_pre,fg_BB_SA6_aromatic_monoalkylamine_count,ge,1,33,0,33,0.0,0.0,0.1057628100745793,0.03674948240165631,0.0,0.6315544895379785,negative,1.0,False,BB_SA6_aromatic_monoalkylamine,BB_SA6_aromatic_monoalkylamine ≥ 1,high
invivo_pre,fg_BB_SA6_aromatic_monoalkylamine_count,ge,2,8,0,8,0.0,0.0,0.3694166475528193,0.03674948240165631,0.0,1.0,negative,1.0,False,BB_SA6_aromatic_monoalkylamine,BB_SA6_aromatic_monoalkylamine ≥ 2,low
invivo_pre,fg_BB_SA6_aromatic_monoalkylamine_count,ge,3,3,0,3,0.0,0.0,0.7075982261787134,0.03674948240165631,0.0,1.0,negative,1.0,False,BB_SA6_aromatic_monoalkylamine,BB_SA6_aromatic_monoalkylamine ≥ 3,low
invivo_pre,fg_BB_SA6b_aromatic_dialkylamine_count,eq,1,65,2,63,0.03076923076923077,0.0037482622195128806,0.106770320574399,0.03674948240165631,0.8372697724810402,1.0,negative,1.0,False,BB_SA6b_aromatic_dialkylamine,BB_SA6b_aromatic_dialkylamine = 1,high
invivo_pre,fg_BB_SA6b_aromatic_dialkylamine_count,eq,2,14,1,13,0.07142857142857142,0.0018067806591253865,0.3386844899318212,0.03674948240165631,1.943661971830986,0.4090300936630763,positive,1.0,False,BB_SA6b_aromatic_dialkylamine,BB_SA6b_aromatic_dialkylamine = 2,medium
invivo_pre,fg_BB_SA6b_aromatic_dialkylamine_count,ge,1,80,3,77,0.0375,0.0078011872657166945,0.10570198501650861,0.03674948240165631,1.0204225352112677,1.0,positive,1.0,False,BB_SA6b_aromatic_dialkylamine,BB_SA6b_aromatic_dialkylamine ≥ 1,high
invivo_pre,fg_BB_SA6b_aromatic_dialkylamine_count,ge,2,15,1,14,0.06666666666666667,0.0016864302413527013,0.3194845665783034,0.03674948240165631,1.8140845070422535,0.43090645620213885,positive,1.0,False,BB_SA6b_aromatic_dialkylamine,BB_SA6b_aromatic_dialkylamine ≥ 2,medium
invivo_pre,fg_BB_SA7_aromatic_Nacylamine_count,eq,1,61,4,57,0.06557377049180328,0.018154195975968394,0.15946895464071054,0.03674948240165631,1.7843454167628725,0.2816123153455985,positive,1.0,False,BB_SA7_aromatic_Nacylamine,BB_SA7_aromatic_Nacylamine = 1,high
invivo_pre,fg_BB_SA7_aromatic_Nacylamine_count,eq,2,20,0,20,0.0,0.0,0.16843347098308534,0.03674948240165631,0.0,1.0,negative,1.0,False,BB_SA7_aromatic_Nacylamine,BB_SA7_aromatic_Nacylamine = 2,high
invivo_pre,fg_BB_SA7_aromatic_Nacylamine_count,ge,1,84,4,80,0.047619047619047616,0.013125072270497211,0.11745697137182963,0.03674948240165631,1.295774647887324,0.5474761400205678,positive,1.0,False,BB_SA7_aromatic_Nacylamine,BB_SA7_aromatic_Nacylamine ≥ 1,high
invivo_pre,fg_BB_SA7_aromatic_Nacylamine_count,ge,2,23,0,23,0.0,0.0,0.1481851289152244,0.03674948240165631,0.0,1.0,negative,1.0,False,BB_SA7_aromatic_Nacylamine,BB_SA7_aromatic_Nacylamine ≥ 2,high
invivo_pre,fg_BB_SA7_aromatic_Nacylamine_count,ge,3,3,0,3,0.0,0.0,0.7075982261787134,0.03674948240165631,0.0,1.0,negative,1.0,False,BB_SA7_aromatic_Nacylamine,BB_SA7_aromatic_Nacylamine ≥ 3,low
invivo_pre,fg_BB_SA8_aromatic_diazo_count,eq,1,11,0,11,0.0,0.0,0.2849141529181545,0.03674948240165631,0.0,1.0,negative,1.0,False,BB_SA8_aromatic_diazo,BB_SA8_aromatic_diazo = 1,medium
invivo_pre,fg_BB_SA8_aromatic_diazo_count,eq,2,90,2,88,0.022222222222222223,0.002702635850147755,0.07797768547766389,0.03674948240165631,0.6046948356807512,0.7708562899943994,negative,1.0,False,BB_SA8_aromatic_diazo,BB_SA8_aromatic_diazo = 2,high
invivo_pre,fg_BB_SA8_aromatic_diazo_count,eq,4,26,0,26,0.0,0.0,0.1322746044977541,0.03674948240165631,0.0,0.6226302613871637,negative,1.0,False,BB_SA8_aromatic_diazo,BB_SA8_aromatic_diazo = 4,high
invivo_pre,fg_BB_SA8_aromatic_diazo_count,eq,6,6,0,6,0.0,0.0,0.4592581264399005,0.03674948240165631,0.0,1.0,negative,1.0,False,BB_SA8_aromatic_diazo,BB_SA8_aromatic_diazo = 6,low
invivo_pre,fg_BB_SA8_aromatic_diazo_count,ge,1,136,2,134,0.014705882352941176,0.0017859388132832627,0.05211202336468806,0.03674948240165631,0.4001657000828501,0.23264188619913556,negative,1.0,False,BB_SA8_aromatic_diazo,BB_SA8_aromatic_diazo ≥ 1,high
invivo_pre,fg_BB_SA8_aromatic_diazo_count,ge,2,125,2,123,0.016,0.0019435818023689135,0.05660211961975488,0.03674948240165631,0.43538028169014087,0.3202387321949116,negative,1.0,False,BB_SA8_aromatic_diazo,BB_SA8_aromatic_diazo ≥ 2,high
invivo_pre,fg_BB_SA8_aromatic_diazo_count,ge,3,35,0,35,0.0,0.0,0.10003243557210506,0.03674948240165631,0.0,0.637509943833704,negative,1.0,False,BB_SA8_aromatic_diazo,BB_SA8_aromatic_diazo ≥ 3,high
invivo_pre,fg_BB_SA8_aromatic_diazo_count,ge,4,35,0,35,0.0,0.0,0.10003243557210506,0.03674948240165631,0.0,0.637509943833704,negative,1.0,False,BB_SA8_aromatic_diazo,BB_SA8_aromatic_diazo ≥ 4,high
invivo_pre,fg_BB_SA8_aromatic_diazo_count,ge,5,9,0,9,0.0,0.0,0.3362671168799429,0.03674948240165631,0.0,1.0,negative,1.0,False,BB_SA8_aromatic_diazo,BB_SA8_aromatic_diazo ≥ 5,low
invivo_pre,fg_BB_SA8_aromatic_diazo_count,ge,6,8,0,8,0.0,0.0,0.3694166475528193,0.03674948240165631,0.0,1.0,negative,1.0,False,BB_SA8_aromatic_diazo,BB_SA8_aromatic_diazo ≥ 6,low
invivo_pre,fg_BB_SA9_aliphatic_Nnitro_count,eq,1,4,1,3,0.25,0.006309463209709866,0.8058795503167566,0.03674948240165631,6.802816901408451,0.13919360594205551,positive,0.9492753125958201,False,BB_SA9_aliphatic_Nnitro,BB_SA9_aliphatic_Nnitro = 1,low
invivo_pre,fg_BB_SA9_aliphatic_Nnitro_count,ge,1,6,1,5,0.16666666666666666,0.00421074451448947,0.6412345789976748,0.03674948240165631,4.535211267605634,0.20144172264065818,positive,1.0,False,BB_SA9_aliphatic_Nnitro,BB_SA9_aliphatic_Nnitro ≥ 1,low
invivo_pre,fg_BB_SA10_N_nitroso_count,eq,1,3,0,3,0.0,0.0,0.7075982261787134,0.03674948240165631,0.0,1.0,negative,1.0,False,BB_SA10_N_nitroso,BB_SA10_N_nitroso = 1,low
invivo_pre,fg_BB_SA10_N_nitroso_count,ge,1,6,1,5,0.16666666666666666,0.00421074451448947,0.6412345789976748,0.03674948240165631,4.535211267605634,0.20144172264065818,positive,1.0,False,BB_SA10_N_nitroso,BB_SA10_N_nitroso ≥ 1,low
invivo_pre,fg_BB_SA10_N_nitroso_count,ge,2,3,1,2,0.3333333333333333,0.008403758659612636,0.9057006759497539,0.03674948240165631,9.070422535211268,0.1062994972347821,positive,0.835739036905681,False,BB_SA10_N_nitroso,BB_SA10_N_nitroso ≥ 2,low
invivo_pre,fg_BB_SA11_aliphatic_azo_count,eq,1,11,0,11,0.0,0.0,0.2849141529181545,0.03674948240165631,0.0,1.0,negative,1.0,False,BB_SA11_aliphatic_azo,BB_SA11_aliphatic_azo = 1,medium
invivo_pre,fg_BB_SA11_aliphatic_azo_count,eq,2,13,0,13,0.0,0.0,0.24705263800047095,0.03674948240165631,0.0,1.0,negative,1.0,False,BB_SA11_aliphatic_azo,BB_SA11_aliphatic_azo = 2,medium
invivo_pre,fg_BB_SA11_aliphatic_azo_count,ge,1,24,0,24,0.0,0.0,0.14247359772252566,0.03674948240165631,0.0,1.0,negative,1.0,False,BB_SA11_aliphatic_azo,BB_SA11_aliphatic_azo ≥ 1,high
invivo_pre,fg_BB_SA11_aliphatic_azo_count,ge,2,13,0,13,0.0,0.0,0.24705263800047095,0.03674948240165631,0.0,1.0,negative,1.0,False,BB_SA11_aliphatic_azo,BB_SA11_aliphatic_azo ≥ 2,medium
invivo_pre,fg_BB_SA12_hydrazine_count,eq,1,5,0,5,0.0,0.0,0.5218237501049815,0.03674948240165631,0.0,1.0,negative,1.0,False,BB_SA12_hydrazine,BB_SA12_hydrazine = 1,low
invivo_pre,fg_BB_SA12_hydrazine_count,ge,1,6,0,6,0.0,0.0,0.4592581264399005,0.03674948240165631,0.0,1.0,negative,1.0,False,BB_SA12_hydrazine,BB_SA12_hydrazine ≥ 1,low
invivo_pre,fg_BB_SA12b_hydrazine_general_count,eq,1,10,1,9,0.1,0.0025285785444617848,0.4450161170281953,0.03674948240165631,2.7211267605633807,0.31292318699200755,positive,1.0,False,BB_SA12b_hydrazine_general,BB_SA12b_hydrazine_general = 1,medium
invivo_pre,fg_BB_SA12b_hydrazine_general_count,ge,1,13,1,12,0.07692307692307693,0.0019456284973467482,0.3602974352678775,0.03674948240165631,2.0931744312026006,0.38632508102783764,positive,1.0,False,BB_SA12b_hydrazine_general,BB_SA12b_hydrazine_general ≥ 1,medium
invivo_pre,fg_BB_SA12b_hydrazine_general_count,ge,2,3,0,3,0.0,0.0,0.7075982261787134,0.03674948240165631,0.0,1.0,negative,1.0,False,BB_SA12b_hydrazine_general,BB_SA12b_hydrazine_general ≥ 2,low
invivo_pre,fg_BB_SA13_aliphatic_halogen_count,eq,1,43,4,39,0.09302325581395349,0.025931290266323445,0.2213534453813864,0.03674948240165631,2.531280707500819,0.07030562116568868,positive,0.6529800161936947,False,BB_SA13_aliphatic_halogen,BB_SA13_aliphatic_halogen = 1,high
invivo_pre,fg_BB_SA13_aliphatic_halogen_count,eq,2,21,0,21,0.0,0.0,0.16109761521907962,0.03674948240165631,0.0,1.0,negative,1.0,False,BB_SA13_aliphatic_halogen,BB_SA13_aliphatic_halogen = 2,high
invivo_pre,fg_BB_SA13_aliphatic_halogen_count,eq,3,35,0,35,0.0,0.0,0.10003243557210506,0.03674948240165631,0.0,0.637509943833704,negative,1.0,False,BB_SA13_aliphatic_halogen,BB_SA13_aliphatic_halogen = 3,high
invivo_pre,fg_BB_SA13_aliphatic_halogen_count,eq,4,3,0,3,0.0,0.0,0.7075982261787134,0.03674948240165631,0.0,1.0,negative,1.0,False,BB_SA13_aliphatic_halogen,BB_SA13_aliphatic_halogen = 4,low
invivo_pre,fg_BB_SA13_aliphatic_halogen_count,eq,5,4,0,4,0.0,0.0,0.6023646356164747,0.03674948240165631,0.0,1.0,negative,1.0,False,BB_SA13_aliphatic_halogen,BB_SA13_aliphatic_halogen = 5,low
invivo_pre,fg_BB_SA13_aliphatic_halogen_count,eq,6,13,0,13,0.0,0.0,0.24705263800047095,0.03674948240165631,0.0,1.0,negative,1.0,False,BB_SA13_aliphatic_halogen,BB_SA13_aliphatic_halogen = 6,medium
invivo_pre,fg_BB_SA13_aliphatic_halogen_count,eq,7,3,0,3,0.0,0.0,0.7075982261787134,0.03674948240165631,0.0,1.0,negative,1.0,False,BB_SA13_aliphatic_halogen,BB_SA13_aliphatic_halogen = 7,low
invivo_pre,fg_BB_SA13_aliphatic_halogen_count,eq,9,5,0,5,0.0,0.0,0.5218237501049815,0.03674948240165631,0.0,1.0,negative,1.0,False,BB_SA13_aliphatic_halogen,BB_SA13_aliphatic_halogen = 9,low
invivo_pre,fg_BB_SA13_aliphatic_halogen_count,eq,13,5,0,5,0.0,0.0,0.5218237501049815,0.03674948240165631,0.0,1.0,negative,1.0,False,BB_SA13_aliphatic_halogen,BB_SA13_aliphatic_halogen = 13,low
invivo_pre,fg_BB_SA13_aliphatic_halogen_count,ge,1,145,4,141,0.027586206896551724,0.007566391078432723,0.06912379800229997,0.03674948240165631,0.7506556580864497,0.8169230011673125,negative,1.0,False,BB_SA13_aliphatic_halogen,BB_SA13_aliphatic_halogen ≥ 1,high
invivo_pre,fg_BB_SA13_aliphatic_halogen_count,ge,2,102,0,102,0.0,0.0,0.035519326657884064,0.03674948240165631,0.0,0.03047728478323178,negative,0.3845217430151076,False,BB_SA13_aliphatic_halogen,BB_SA13_aliphatic_halogen ≥ 2,high
invivo_pre,fg_BB_SA13_aliphatic_halogen_count,ge,3,81,0,81,0.0,0.0,0.044520262456321756,0.03674948240165631,0.0,0.07172149246302231,negative,0.6529800161936947,False,BB_SA13_aliphatic_halogen,BB_SA13_aliphatic_halogen ≥ 3,high
invivo_pre,fg_BB_SA13_aliphatic_halogen_count,ge,4,46,0,46,0.0,0.0,0.07706182705190072,0.03674948240165631,0.0,0.4125296872926514,negative,1.0,False,BB_SA13_aliphatic_halogen,BB_SA13_aliphatic_halogen ≥ 4,high
invivo_pre,fg_BB_SA13_aliphatic_halogen_count,ge,5,43,0,43,0.0,0.0,0.08221112115413849,0.03674948240165631,0.0,0.4044139936535904,negative,1.0,False,BB_SA13_aliphatic_halogen,BB_SA13_aliphatic_halogen ≥ 5,high
invivo_pre,fg_BB_SA13_aliphatic_halogen_count,ge,6,39,0,39,0.0,0.0,0.09025110096033433,0.03674948240165631,0.0,0.39915605954410793,negative,1.0,False,BB_SA13_aliphatic_halogen,BB_SA13_aliphatic_halogen ≥ 6,high
invivo_pre,fg_BB_SA13_aliphatic_halogen_count,ge,7,26,0,26,0.0,0.0,0.1322746044977541,0.03674948240165631,0.0,0.6226302613871637,negative,1.0,False,BB_SA13_aliphatic_halogen,BB_SA13_aliphatic_halogen ≥ 7,high
invivo_pre,fg_BB_SA13_aliphatic_halogen_count,ge,8,23,0,23,0.0,0.0,0.1481851289152244,0.03674948240165631,0.0,1.0,negative,1.0,False,BB_SA13_aliphatic_halogen,BB_SA13_aliphatic_halogen ≥ 8,high
invivo_pre,fg_BB_SA13_aliphatic_halogen_count,ge,9,21,0,21,0.0,0.0,0.16109761521907962,0.03674948240165631,0.0,1.0,negative,1.0,False,BB_SA13_aliphatic_halogen,BB_SA13_aliphatic_halogen ≥ 9,high
invivo_pre,fg_BB_SA13_aliphatic_halogen_count,ge,10,16,0,16,0.0,0.0,0.20590721420782274,0.03674948240165631,0.0,1.0,negative,1.0,False,BB_SA13_aliphatic_halogen,BB_SA13_aliphatic_halogen ≥ 10,medium
invivo_pre,fg_BB_SA13_aliphatic_halogen_count,ge,11,15,0,15,0.0,0.0,0.21801936091053403,0.03674948240165631,0.0,1.0,negative,1.0,False,BB_SA13_aliphatic_halogen,BB_SA13_aliphatic_halogen ≥ 11,medium
invivo_pre,fg_BB_SA13_aliphatic_halogen_count,ge,12,13,0,13,0.0,0.0,0.24705263800047095,0.03674948240165631,0.0,1.0,negative,1.0,False,BB_SA13_aliphatic_halogen,BB_SA13_aliphatic_halogen ≥ 12,medium
invivo_pre,fg_BB_SA13_aliphatic_halogen_count,ge,13,11,0,11,0.0,0.0,0.2849141529181545,0.03674948240165631,0.0,1.0,negative,1.0,False,BB_SA13_aliphatic_halogen,BB_SA13_aliphatic_halogen ≥ 13,medium
invivo_pre,fg_BB_SA13_aliphatic_halogen_count,ge,14,6,0,6,0.0,0.0,0.4592581264399005,0.03674948240165631,0.0,1.0,negative,1.0,False,BB_SA13_aliphatic_halogen,BB_SA13_aliphatic_halogen ≥ 14,low
invivo_pre,fg_BB_SA13_aliphatic_halogen_count,ge,15,4,0,4,0.0,0.0,0.6023646356164747,0.03674948240165631,0.0,1.0,negative,1.0,False,BB_SA13_aliphatic_halogen,BB_SA13_aliphatic_halogen ≥ 15,low
invivo_pre,fg_BB_SA13_aliphatic_halogen_count,ge,16,4,0,4,0.0,0.0,0.6023646356164747,0.03674948240165631,0.0,1.0,negative,1.0,False,BB_SA13_aliphatic_halogen,BB_SA13_aliphatic_halogen ≥ 16,low
invivo_pre,fg_BB_SA13_aliphatic_halogen_count,ge,17,3,0,3,0.0,0.0,0.7075982261787134,0.03674948240165631,0.0,1.0,negative,1.0,False,BB_SA13_aliphatic_halogen,BB_SA13_aliphatic_halogen ≥ 17,low
invivo_pre,fg_BB_SA13_aliphatic_halogen_count,ge,18,3,0,3,0.0,0.0,0.7075982261787134,0.03674948240165631,0.0,1.0,negative,1.0,False,BB_SA13_aliphatic_halogen,BB_SA13_aliphatic_halogen ≥ 18,low
invivo_pre,fg_BB_SA16_epoxide_count,eq,1,19,4,15,0.21052631578947367,0.060524537709289755,0.45565308189150566,0.03674948240165631,5.728687916975537,0.004273625524609891,positive,0.08986484783693577,False,BB_SA16_epoxide,BB_SA16_epoxide = 1,medium
invivo_pre,fg_BB_SA16_epoxide_count,eq,2,11,2,9,0.18181818181818182,0.02283119829995966,0.5177558523601726,0.03674948240165631,4.947503201024328,0.05911229352911747,positive,0.5664304582473662,False,BB_SA16_epoxide,BB_SA16_epoxide = 2,medium
invivo_pre,fg_BB_SA16_epoxide_count,eq,3,4,2,2,0.5,0.06758598648854294,0.932414013511457,0.03674948240165631,13.605633802816902,0.00761717111296181,positive,0.14415496331280225,False,BB_SA16_epoxide,BB_SA16_epoxide = 3,low
invivo_pre,fg_BB_SA16_epoxide_count,ge,1,35,9,26,0.2571428571428571,0.12489397191676194,0.432558849694038,0.03674948240165631,6.997183098591549,2.407148049753428e-06,positive,0.0007163161765810345,True,BB_SA16_epoxide,BB_SA16_epoxide ≥ 1,high
invivo_pre,fg_BB_SA16_epoxide_count,ge,2,16,5,11,0.3125,0.11016995471711757,0.5866206364513586,0.03674948240165631,8.503521126760564,0.000185457224852409,positive,0.0200558741733248,True,BB_SA16_epoxide,BB_SA16_epoxide ≥ 2,medium
invivo_pre,fg_BB_SA16_epoxide_count,ge,3,5,3,2,0.6,0.14663279963467313,0.9472550494736831,0.03674948240165631,16.326760563380283,0.00045144203772589563,positive,0.037971291395389226,True,BB_SA16_epoxide,BB_SA16_epoxide ≥ 3,low
invivo_pre,fg_BB_SA18_sulphonate_ester_count,eq,1,22,2,20,0.09090909090909091,0.011205586024150994,0.2916127415539335,0.03674948240165631,2.473751600512164,0.19242321303401982,positive,1.0,False,BB_SA18_sulphonate_ester,BB_SA18_sulphonate_ester = 1,high
invivo_pre,fg_BB_SA18_sulphonate_ester_count,eq,2,5,1,4,0.2,0.0050507633794680575,0.7164179361180896,0.03674948240165631,5.442253521126761,0.17089342647012298,positive,1.0,False,BB_SA18_sulphonate_ester,BB_SA18_sulphonate_ester = 2,low
invivo_pre,fg_BB_SA18_sulphonate_ester_count,ge,1,27,3,24,0.1111111111111111,0.02352745438085398,0.291586924273552,0.03674948240165631,3.023474178403756,0.07406316258871863,positive,0.6529800161936947,False,BB_SA18_sulphonate_ester,BB_SA18_sulphonate_ester ≥ 1,high
invivo_pre,fg_BB_SA18_sulphonate_ester_count,ge,2,5,1,4,0.2,0.0050507633794680575,0.7164179361180896,0.03674948240165631,5.442253521126761,0.17089342647012298,positive,1.0,False,BB_SA18_sulphonate_ester,BB_SA18_sulphonate_ester ≥ 2,low
invivo_pre,fg_BB_SA18b_phosphonate_ester_count,eq,2,3,0,3,0.0,0.0,0.7075982261787134,0.03674948240165631,0.0,1.0,negative,1.0,False,BB_SA18b_phosphonate_ester,BB_SA18b_phosphonate_ester = 2,low
invivo_pre,fg_BB_SA18b_phosphonate_ester_count,eq,4,4,0,4,0.0,0.0,0.6023646356164747,0.03674948240165631,0.0,1.0,negative,1.0,False,BB_SA18b_phosphonate_ester,BB_SA18b_phosphonate_ester = 4,low
invivo_pre,fg_BB_SA18b_phosphonate_ester_count,ge,1,11,0,11,0.0,0.0,0.2849141529181545,0.03674948240165631,0.0,1.0,negative,1.0,False,BB_SA18b_phosphonate_ester,BB_SA18b_phosphonate_ester ≥ 1,medium
invivo_pre,fg_BB_SA18b_phosphonate_ester_count,ge,2,9,0,9,0.0,0.0,0.3362671168799429,0.03674948240165631,0.0,1.0,negative,1.0,False,BB_SA18b_phosphonate_ester,BB_SA18b_phosphonate_ester ≥ 2,low
invivo_pre,fg_BB_SA18b_phosphonate_ester_count,ge,3,6,0,6,0.0,0.0,0.4592581264399005,0.03674948240165631,0.0,1.0,negative,1.0,False,BB_SA18b_phosphonate_ester,BB_SA18b_phosphonate_ester ≥ 3,low
invivo_pre,fg_BB_SA18b_phosphonate_ester_count,ge,4,6,0,6,0.0,0.0,0.4592581264399005,0.03674948240165631,0.0,1.0,negative,1.0,False,BB_SA18b_phosphonate_ester,BB_SA18b_phosphonate_ester ≥ 4,low
invivo_pre,fg_BB_SA19_alkyl_carbamate_count,eq,1,10,1,9,0.1,0.0025285785444617848,0.4450161170281953,0.03674948240165631,2.7211267605633807,0.31292318699200755,positive,1.0,False,BB_SA19_alkyl_carbamate,BB_SA19_alkyl_carbamate = 1,medium
invivo_pre,fg_BB_SA19_alkyl_carbamate_count,ge,1,11,1,10,0.09090909090909091,0.002298972213814267,0.4127799169883827,0.03674948240165631,2.473751600512164,0.33830427633829635,positive,1.0,False,BB_SA19_alkyl_carbamate,BB_SA19_alkyl_carbamate ≥ 1,medium
invivo_pre,fg_BB_SA19b_alkyl_thiocarbamate_count,eq,1,3,0,3,0.0,0.0,0.7075982261787134,0.03674948240165631,0.0,1.0,negative,1.0,False,BB_SA19b_alkyl_thiocarbamate,BB_SA19b_alkyl_thiocarbamate = 1,low
invivo_pre,fg_BB_SA19b_alkyl_thiocarbamate_count,ge,1,3,0,3,0.0,0.0,0.7075982261787134,0.03674948240165631,0.0,1.0,negative,1.0,False,BB_SA19b_alkyl_thiocarbamate,BB_SA19b_alkyl_thiocarbamate ≥ 1,low
invivo_pre,fg_BB_SA20_ab_unsat_carbonyl_count,eq,1,110,2,108,0.01818181818181818,0.002209537174896206,0.06413753937745299,0.03674948240165631,0.4947503201024328,0.4319312335699475,negative,1.0,False,BB_SA20_ab_unsat_carbonyl,BB_SA20_ab_unsat_carbonyl = 1,high
invivo_pre,fg_BB_SA20_ab_unsat_carbonyl_count,eq,2,35,2,33,0.05714285714285714,0.006996763628309519,0.19157140634523917,0.03674948240165631,1.5549295774647889,0.37100317014524414,positive,1.0,False,BB_SA20_ab_unsat_carbonyl,BB_SA20_ab_unsat_carbonyl = 2,high
invivo_pre,fg_BB_SA20_ab_unsat_carbonyl_count,eq,3,4,0,4,0.0,0.0,0.6023646356164747,0.03674948240165631,0.0,1.0,negative,1.0,False,BB_SA20_ab_unsat_carbonyl,BB_SA20_ab_unsat_carbonyl = 3,low
invivo_pre,fg_BB_SA20_ab_unsat_carbonyl_count,eq,4,5,2,3,0.4,0.052744950526316906,0.8533672003653269,0.03674948240165631,10.884507042253523,0.012394323829785751,positive,0.2039674595466916,False,BB_SA20_ab_unsat_carbonyl,BB_SA20_ab_unsat_carbonyl = 4,low
invivo_pre,fg_BB_SA20_ab_unsat_carbonyl_count,ge,1,154,6,148,0.03896103896103896,0.01443004397902957,0.0828704679189819,0.03674948240165631,1.060179257362356,0.8230893458685375,positive,1.0,False,BB_SA20_ab_unsat_carbonyl,BB_SA20_ab_unsat_carbonyl ≥ 1,high
invivo_pre,fg_BB_SA20_ab_unsat_carbonyl_count,ge,2,44,4,40,0.09090909090909091,0.025328421703450756,0.21668658946527455,0.03674948240165631,2.473751600512164,0.0752663401268264,positive,0.6529800161936947,False,BB_SA20_ab_unsat_carbonyl,BB_SA20_ab_unsat_carbonyl ≥ 2,high
invivo_pre,fg_BB_SA20_ab_unsat_carbonyl_count,ge,3,9,2,7,0.2222222222222222,0.028144973477898197,0.6000935737163122,0.03674948240165631,6.046948356807512,0.040563551474927434,positive,0.47979075728937604,False,BB_SA20_ab_unsat_carbonyl,BB_SA20_ab_unsat_carbonyl ≥ 3,low
invivo_pre,fg_BB_SA20_ab_unsat_carbonyl_count,ge,4,5,2,3,0.4,0.052744950526316906,0.8533672003653269,0.03674948240165631,10.884507042253523,0.012394323829785751,positive,0.2039674595466916,False,BB_SA20_ab_unsat_carbonyl,BB_SA20_ab_unsat_carbonyl ≥ 4,low
invivo_pre,fg_BB_SA21_ab_unsat_alkoxy_count,eq,1,15,0,15,0.0,0.0,0.21801936091053403,0.03674948240165631,0.0,1.0,negative,1.0,False,BB_SA21_ab_unsat_alkoxy,BB_SA21_ab_unsat_alkoxy = 1,medium
invivo_pre,fg_BB_SA21_ab_unsat_alkoxy_count,eq,2,6,1,5,0.16666666666666666,0.00421074451448947,0.6412345789976748,0.03674948240165631,4.535211267605634,0.20144172264065818,positive,1.0,False,BB_SA21_ab_unsat_alkoxy,BB_SA21_ab_unsat_alkoxy = 2,low
invivo_pre,fg_BB_SA21_ab_unsat_alkoxy_count,ge,1,21,1,20,0.047619047619047616,0.0012048834483635127,0.23815990993682107,0.03674948240165631,1.295774647887324,0.5463611875684928,positive,1.0,False,BB_SA21_ab_unsat_alkoxy,BB_SA21_ab_unsat_alkoxy ≥ 1,high
invivo_pre,fg_BB_SA21_ab_unsat_alkoxy_count,ge,2,6,1,5,0.16666666666666666,0.00421074451448947,0.6412345789976748,0.03674948240165631,4.535211267605634,0.20144172264065818,positive,1.0,False,BB_SA21_ab_unsat_alkoxy,BB_SA21_ab_unsat_alkoxy ≥ 2,low
invivo_pre,fg_BB_SA22_simple_aldehyde_count,eq,1,18,1,17,0.05555555555555555,0.0014055561673694222,0.27294359967336856,0.03674948240165631,1.511737089201878,0.4918566496882873,positive,1.0,False,BB_SA22_simple_aldehyde,BB_SA22_simple_aldehyde = 1,medium
invivo_pre,fg_BB_SA22_simple_aldehyde_count,ge,1,20,1,19,0.05,0.0012650894979498038,0.24873276277202783,0.03674948240165631,1.3605633802816903,0.5288661546067124,positive,1.0,False,BB_SA22_simple_aldehyde,BB_SA22_simple_aldehyde ≥ 1,high
invivo_pre,fg_BB_SA23_monohaloalkene_count,eq,1,10,2,8,0.2,0.02521072632683336,0.5560954623076415,0.03674948240165631,5.442253521126761,0.04951900921896503,positive,0.5174288743589771,False,BB_SA23_monohaloalkene,BB_SA23_monohaloalkene = 1,medium
invivo_pre,fg_BB_SA23_monohaloalkene_count,eq,2,7,0,7,0.0,0.0,0.4096163972250034,0.03674948240165631,0.0,1.0,negative,1.0,False,BB_SA23_monohaloalkene,BB_SA23_monohaloalkene = 2,low
invivo_pre,fg_BB_SA23_monohaloalkene_count,ge,1,21,2,19,0.09523809523809523,0.011749317884445803,0.3037744069139242,0.03674948240165631,2.591549295774648,0.17896549537111212,positive,1.0,False,BB_SA23_monohaloalkene,BB_SA23_monohaloalkene ≥ 1,high
invivo_pre,fg_BB_SA23_monohaloalkene_count,ge,2,11,0,11,0.0,0.0,0.2849141529181545,0.03674948240165631,0.0,1.0,negative,1.0,False,BB_SA23_monohaloalkene,BB_SA23_monohaloalkene ≥ 2,medium
invivo_pre,fg_BB_SA23_monohaloalkene_count,ge,3,4,0,4,0.0,0.0,0.6023646356164747,0.03674948240165631,0.0,1.0,negative,1.0,False,BB_SA23_monohaloalkene,BB_SA23_monohaloalkene ≥ 3,low
invivo_pre,fg_BB_SA25_N_methylol_count,ge,1,5,0,5,0.0,0.0,0.5218237501049815,0.03674948240165631,0.0,1.0,negative,1.0,False,BB_SA25_N_methylol,BB_SA25_N_methylol ≥ 1,low
invivo_pre,fg_BB_SA25_N_methylol_count,ge,2,3,0,3,0.0,0.0,0.7075982261787134,0.03674948240165631,0.0,1.0,negative,1.0,False,BB_SA25_N_methylol,BB_SA25_N_methylol ≥ 2,low
invivo_pre,fg_BB_SA26_isocyanate_count,eq,1,6,0,6,0.0,0.0,0.4592581264399005,0.03674948240165631,0.0,1.0,negative,1.0,False,BB_SA26_isocyanate,BB_SA26_isocyanate = 1,low
invivo_pre,fg_BB_SA26_isocyanate_count,eq,2,9,0,9,0.0,0.0,0.3362671168799429,0.03674948240165631,0.0,1.0,negative,1.0,False,BB_SA26_isocyanate,BB_SA26_isocyanate = 2,low
invivo_pre,fg_BB_SA26_isocyanate_count,ge,1,15,0,15,0.0,0.0,0.21801936091053403,0.03674948240165631,0.0,1.0,negative,1.0,False,BB_SA26_isocyanate,BB_SA26_isocyanate ≥ 1,medium
invivo_pre,fg_BB_SA26_isocyanate_count,ge,2,9,0,9,0.0,0.0,0.3362671168799429,0.03674948240165631,0.0,1.0,negative,1.0,False,BB_SA26_isocyanate,BB_SA26_isocyanate ≥ 2,low
invivo_pre,fg_BB_SA28_alkenylbenzene_count,eq,1,23,0,23,0.0,0.0,0.1481851289152244,0.03674948240165631,0.0,1.0,negative,1.0,False,BB_SA28_alkenylbenzene,BB_SA28_alkenylbenzene = 1,high
invivo_pre,fg_BB_SA28_alkenylbenzene_count,eq,2,21,0,21,0.0,0.0,0.16109761521907962,0.03674948240165631,0.0,1.0,negative,1.0,False,BB_SA28_alkenylbenzene,BB_SA28_alkenylbenzene = 2,high
invivo_pre,fg_BB_SA28_alkenylbenzene_count,ge,1,45,0,45,0.0,0.0,0.07870510040684305,0.03674948240165631,0.0,0.40946794550259524,negative,1.0,False,BB_SA28_alkenylbenzene,BB_SA28_alkenylbenzene ≥ 1,high
invivo_pre,fg_BB_SA28_alkenylbenzene_count,ge,2,22,0,22,0.0,0.0,0.1543725128155746,0.03674948240165631,0.0,1.0,negative,1.0,False,BB_SA28_alkenylbenzene,BB_SA28_alkenylbenzene ≥ 2,high
invivo_pre,fg_BB_SA30_heterocyclic_PAH_count,eq,1,9,0,9,0.0,0.0,0.3362671168799429,0.03674948240165631,0.0,1.0,negative,1.0,False,BB_SA30_heterocyclic_PAH,BB_SA30_heterocyclic_PAH = 1,low
invivo_pre,fg_BB_SA30_heterocyclic_PAH_count,ge,1,13,0,13,0.0,0.0,0.24705263800047095,0.03674948240165631,0.0,1.0,negative,1.0,False,BB_SA30_heterocyclic_PAH,BB_SA30_heterocyclic_PAH ≥ 1,medium
invivo_pre,fg_BB_SA30_heterocyclic_PAH_count,ge,2,4,0,4,0.0,0.0,0.6023646356164747,0.03674948240165631,0.0,1.0,negative,1.0,False,BB_SA30_heterocyclic_PAH,BB_SA30_heterocyclic_PAH ≥ 2,low
invivo_pre,fg_BB_SA31_PAH_3fused_count,eq,1,3,0,3,0.0,0.0,0.7075982261787134,0.03674948240165631,0.0,1.0,negative,1.0,False,BB_SA31_PAH_3fused,BB_SA31_PAH_3fused = 1,low
invivo_pre,fg_BB_SA31_PAH_3fused_count,ge,1,4,0,4,0.0,0.0,0.6023646356164747,0.03674948240165631,0.0,1.0,negative,1.0,False,BB_SA31_PAH_3fused,BB_SA31_PAH_3fused ≥ 1,low
invivo_pre,fg_BB_SA33_polyhalocycloalkane_count,eq,1,3,0,3,0.0,0.0,0.7075982261787134,0.03674948240165631,0.0,1.0,negative,1.0,False,BB_SA33_polyhalocycloalkane,BB_SA33_polyhalocycloalkane = 1,low
invivo_pre,fg_BB_SA33_polyhalocycloalkane_count,eq,4,3,0,3,0.0,0.0,0.7075982261787134,0.03674948240165631,0.0,1.0,negative,1.0,False,BB_SA33_polyhalocycloalkane,BB_SA33_polyhalocycloalkane = 4,low
invivo_pre,fg_BB_SA33_polyhalocycloalkane_count,ge,1,11,0,11,0.0,0.0,0.2849141529181545,0.03674948240165631,0.0,1.0,negative,1.0,False,BB_SA33_polyhalocycloalkane,BB_SA33_polyhalocycloalkane ≥ 1,medium
invivo_pre,fg_BB_SA33_polyhalocycloalkane_count,ge,2,8,0,8,0.0,0.0,0.3694166475528193,0.03674948240165631,0.0,1.0,negative,1.0,False,BB_SA33_polyhalocycloalkane,BB_SA33_polyhalocycloalkane ≥ 2,low
invivo_pre,fg_BB_SA33_polyhalocycloalkane_count,ge,3,8,0,8,0.0,0.0,0.3694166475528193,0.03674948240165631,0.0,1.0,negative,1.0,False,BB_SA33_polyhalocycloalkane,BB_SA33_polyhalocycloalkane ≥ 3,low
invivo_pre,fg_BB_SA33_polyhalocycloalkane_count,ge,4,6,0,6,0.0,0.0,0.4592581264399005,0.03674948240165631,0.0,1.0,negative,1.0,False,BB_SA33_polyhalocycloalkane,BB_SA33_polyhalocycloalkane ≥ 4,low
invivo_pre,fg_BB_SA33_polyhalocycloalkane_count,ge,5,3,0,3,0.0,0.0,0.7075982261787134,0.03674948240165631,0.0,1.0,negative,1.0,False,BB_SA33_polyhalocycloalkane,BB_SA33_polyhalocycloalkane ≥ 5,low
invivo_pre,fg_BB_SA34_halobenzene_count,eq,1,73,3,70,0.0410958904109589,0.008556489507786055,0.11543607876686149,0.03674948240165631,1.118271271464403,0.7486064369565962,positive,1.0,False,BB_SA34_halobenzene,BB_SA34_halobenzene = 1,high
invivo_pre,fg_BB_SA34_halobenzene_count,eq,2,49,0,49,0.0,0.0,0.0725192636642774,0.03674948240165631,0.0,0.25856623947393637,negative,1.0,False,BB_SA34_halobenzene,BB_SA34_halobenzene = 2,high
invivo_pre,fg_BB_SA34_halobenzene_count,eq,3,11,0,11,0.0,0.0,0.2849141529181545,0.03674948240165631,0.0,1.0,negative,1.0,False,BB_SA34_halobenzene,BB_SA34_halobenzene = 3,medium
invivo_pre,fg_BB_SA34_halobenzene_count,eq,4,8,0,8,0.0,0.0,0.3694166475528193,0.03674948240165631,0.0,1.0,negative,1.0,False,BB_SA34_halobenzene,BB_SA34_halobenzene = 4,low
invivo_pre,fg_BB_SA34_halobenzene_count,ge,1,145,3,142,0.020689655172413793,0.004287197553058304,0.059271859484348995,0.03674948240165631,0.5629917435648373,0.36378642525408716,negative,1.0,False,BB_SA34_halobenzene,BB_SA34_halobenzene ≥ 1,high
invivo_pre,fg_BB_SA34_halobenzene_count,ge,2,72,0,72,0.0,0.0,0.04994408370585468,0.03674948240165631,0.0,0.10987152155538138,negative,0.835739036905681,False,BB_SA34_halobenzene,BB_SA34_halobenzene ≥ 2,high
invivo_pre,fg_BB_SA34_halobenzene_count,ge,3,23,0,23,0.0,0.0,0.1481851289152244,0.03674948240165631,0.0,1.0,negative,1.0,False,BB_SA34_halobenzene,BB_SA34_halobenzene ≥ 3,high
invivo_pre,fg_BB_SA34_halobenzene_count,ge,4,12,0,12,0.0,0.0,0.2646484693970512,0.03674948240165631,0.0,1.0,negative,1.0,False,BB_SA34_halobenzene,BB_SA34_halobenzene ≥ 4,medium
invivo_pre,fg_BB_SA34_halobenzene_count,ge,5,4,0,4,0.0,0.0,0.6023646356164747,0.03674948240165631,0.0,1.0,negative,1.0,False,BB_SA34_halobenzene,BB_SA34_halobenzene ≥ 5,low
invivo_pre,fg_BB_SA34_halobenzene_count,ge,6,3,0,3,0.0,0.0,0.7075982261787134,0.03674948240165631,0.0,1.0,negative,1.0,False,BB_SA34_halobenzene,BB_SA34_halobenzene ≥ 6,low
invivo_pre,fg_BB_SA39_thiocarbonyl_count,eq,1,13,0,13,0.0,0.0,0.24705263800047095,0.03674948240165631,0.0,1.0,negative,1.0,False,BB_SA39_thiocarbonyl,BB_SA39_thiocarbonyl = 1,medium
invivo_pre,fg_BB_SA39_thiocarbonyl_count,eq,2,5,0,5,0.0,0.0,0.5218237501049815,0.03674948240165631,0.0,1.0,negative,1.0,False,BB_SA39_thiocarbonyl,BB_SA39_thiocarbonyl = 2,low
invivo_pre,fg_BB_SA39_thiocarbonyl_count,ge,1,18,0,18,0.0,0.0,0.18530196813785224,0.03674948240165631,0.0,1.0,negative,1.0,False,BB_SA39_thiocarbonyl,BB_SA39_thiocarbonyl ≥ 1,medium
invivo_pre,fg_BB_SA39_thiocarbonyl_count,ge,2,5,0,5,0.0,0.0,0.5218237501049815,0.03674948240165631,0.0,1.0,negative,1.0,False,BB_SA39_thiocarbonyl,BB_SA39_thiocarbonyl ≥ 2,low
invivo_pre,fg_BB_SA40_alkyl_halides_nongx_count,eq,1,40,4,36,0.1,0.027925415294219307,0.23663739987609989,0.03674948240165631,2.7211267605633807,0.05648980650085414,positive,0.5626682042256129,False,BB_SA40_alkyl_halides_nongx,BB_SA40_alkyl_halides_nongx = 1,high
invivo_pre,fg_BB_SA40_alkyl_halides_nongx_count,eq,2,13,0,13,0.0,0.0,0.24705263800047095,0.03674948240165631,0.0,1.0,negative,1.0,False,BB_SA40_alkyl_halides_nongx,BB_SA40_alkyl_halides_nongx = 2,medium
invivo_pre,fg_BB_SA40_alkyl_halides_nongx_count,eq,3,11,0,11,0.0,0.0,0.2849141529181545,0.03674948240165631,0.0,1.0,negative,1.0,False,BB_SA40_alkyl_halides_nongx,BB_SA40_alkyl_halides_nongx = 3,medium
invivo_pre,fg_BB_SA40_alkyl_halides_nongx_count,eq,6,4,0,4,0.0,0.0,0.6023646356164747,0.03674948240165631,0.0,1.0,negative,1.0,False,BB_SA40_alkyl_halides_nongx,BB_SA40_alkyl_halides_nongx = 6,low
invivo_pre,fg_BB_SA40_alkyl_halides_nongx_count,ge,1,69,4,65,0.057971014492753624,0.016019158533093273,0.14182890779228535,0.03674948240165631,1.5774647887323945,0.31814565561881625,positive,1.0,False,BB_SA40_alkyl_halides_nongx,BB_SA40_alkyl_halides_nongx ≥ 1,high
invivo_pre,fg_BB_SA40_alkyl_halides_nongx_count,ge,2,29,0,29,0.0,0.0,0.11944486906950272,0.03674948240165631,0.0,0.623803303653092,negative,1.0,False,BB_SA40_alkyl_halides_nongx,BB_SA40_alkyl_halides_nongx ≥ 2,high
invivo_pre,fg_BB_SA40_alkyl_halides_nongx_count,ge,3,16,0,16,0.0,0.0,0.20590721420782274,0.03674948240165631,0.0,1.0,negative,1.0,False,BB_SA40_alkyl_halides_nongx,BB_SA40_alkyl_halides_nongx ≥ 3,medium
invivo_pre,fg_BB_SA40_alkyl_halides_nongx_count,ge,4,5,0,5,0.0,0.0,0.5218237501049815,0.03674948240165631,0.0,1.0,negative,1.0,False,BB_SA40_alkyl_halides_nongx,BB_SA40_alkyl_halides_nongx ≥ 4,low
invivo_pre,fg_BB_SA40_alkyl_halides_nongx_count,ge,5,4,0,4,0.0,0.0,0.6023646356164747,0.03674948240165631,0.0,1.0,negative,1.0,False,BB_SA40_alkyl_halides_nongx,BB_SA40_alkyl_halides_nongx ≥ 5,low
invivo_pre,fg_BB_SA40_alkyl_halides_nongx_count,ge,6,4,0,4,0.0,0.0,0.6023646356164747,0.03674948240165631,0.0,1.0,negative,1.0,False,BB_SA40_alkyl_halides_nongx,BB_SA40_alkyl_halides_nongx ≥ 6,low
invivo_pre,fg_BB_SA44_phthalate_diester_count,eq,1,8,0,8,0.0,0.0,0.3694166475528193,0.03674948240165631,0.0,1.0,negative,1.0,False,BB_SA44_phthalate_diester,BB_SA44_phthalate_diester = 1,low
invivo_pre,fg_BB_SA44_phthalate_diester_count,ge,1,8,0,8,0.0,0.0,0.3694166475528193,0.03674948240165631,0.0,1.0,negative,1.0,False,BB_SA44_phthalate_diester,BB_SA44_phthalate_diester ≥ 1,low
invivo_pre,fg_BB_SA44b_phthalate_monoester_count,eq,2,8,0,8,0.0,0.0,0.3694166475528193,0.03674948240165631,0.0,1.0,negative,1.0,False,BB_SA44b_phthalate_monoester,BB_SA44b_phthalate_monoester = 2,low
invivo_pre,fg_BB_SA44b_phthalate_monoester_count,ge,1,8,0,8,0.0,0.0,0.3694166475528193,0.03674948240165631,0.0,1.0,negative,1.0,False,BB_SA44b_phthalate_monoester,BB_SA44b_phthalate_monoester ≥ 1,low
invivo_pre,fg_BB_SA44b_phthalate_monoester_count,ge,2,8,0,8,0.0,0.0,0.3694166475528193,0.03674948240165631,0.0,1.0,negative,1.0,False,BB_SA44b_phthalate_monoester,BB_SA44b_phthalate_monoester ≥ 2,low
invivo_pre,fg_BB_SA45_imidazole_count,eq,1,9,1,8,0.1111111111111111,0.002809136746599214,0.4824965149173371,0.03674948240165631,3.023474178403756,0.28658276921470316,positive,1.0,False,BB_SA45_imidazole,BB_SA45_imidazole = 1,low
invivo_pre,fg_BB_SA45_imidazole_count,ge,1,11,1,10,0.09090909090909091,0.002298972213814267,0.4127799169883827,0.03674948240165631,2.473751600512164,0.33830427633829635,positive,1.0,False,BB_SA45_imidazole,BB_SA45_imidazole ≥ 1,medium
invivo_pre,fg_BB_SA45b_benzimidazole_count,eq,1,7,1,6,0.14285714285714285,0.0036102968619005833,0.5787231970431952,0.03674948240165631,3.887323943661972,0.23087974844154777,positive,1.0,False,BB_SA45b_benzimidazole,BB_SA45b_benzimidazole = 1,low
invivo_pre,fg_BB_SA45b_benzimidazole_count,ge,1,9,1,8,0.1111111111111111,0.002809136746599214,0.4824965149173371,0.03674948240165631,3.023474178403756,0.28658276921470316,positive,1.0,False,BB_SA45b_benzimidazole,BB_SA45b_benzimidazole ≥ 1,low
invivo_pre,fg_BB_SA47_n_alkylcarboxylic_acid_count,eq,1,57,0,57,0.0,0.0,0.06266748091448494,0.03674948240165631,0.0,0.269006988351058,negative,1.0,False,BB_SA47_n_alkylcarboxylic_acid,BB_SA47_n_alkylcarboxylic_acid = 1,high
invivo_pre,fg_BB_SA47_n_alkylcarboxylic_acid_count,eq,2,43,2,41,0.046511627906976744,0.005683256978747965,0.1581114583086977,0.03674948240165631,1.2656403537504095,0.6705268901062413,positive,1.0,False,BB_SA47_n_alkylcarboxylic_acid,BB_SA47_n_alkylcarboxylic_acid = 2,high
invivo_pre,fg_BB_SA47_n_alkylcarboxylic_acid_count,eq,3,5,0,5,0.0,0.0,0.5218237501049815,0.03674948240165631,0.0,1.0,negative,1.0,False,BB_SA47_n_alkylcarboxylic_acid,BB_SA47_n_alkylcarboxylic_acid = 3,low
invivo_pre,fg_BB_SA47_n_alkylcarboxylic_acid_count,eq,4,8,0,8,0.0,0.0,0.3694166475528193,0.03674948240165631,0.0,1.0,negative,1.0,False,BB_SA47_n_alkylcarboxylic_acid,BB_SA47_n_alkylcarboxylic_acid = 4,low
invivo_pre,fg_BB_SA47_n_alkylcarboxylic_acid_count,ge,1,115,2,113,0.017391304347826087,0.0021131508222615373,0.06141233255872283,0.03674948240165631,0.47323943661971835,0.4371109271338429,negative,1.0,False,BB_SA47_n_alkylcarboxylic_acid,BB_SA47_n_alkylcarboxylic_acid ≥ 1,high
invivo_pre,fg_BB_SA47_n_alkylcarboxylic_acid_count,ge,2,58,2,56,0.034482758620689655,0.004203647239867671,0.11907731088039214,0.03674948240165631,0.9383195726080622,1.0,negative,1.0,False,BB_SA47_n_alkylcarboxylic_acid,BB_SA47_n_alkylcarboxylic_acid ≥ 2,high
invivo_pre,fg_BB_SA47_n_alkylcarboxylic_acid_count,ge,3,15,0,15,0.0,0.0,0.21801936091053403,0.03674948240165631,0.0,1.0,negative,1.0,False,BB_SA47_n_alkylcarboxylic_acid,BB_SA47_n_alkylcarboxylic_acid ≥ 3,medium
invivo_pre,fg_BB_SA47_n_alkylcarboxylic_acid_count,ge,4,10,0,10,0.0,0.0,0.30849710781876083,0.03674948240165631,0.0,1.0,negative,1.0,False,BB_SA47_n_alkylcarboxylic_acid,BB_SA47_n_alkylcarboxylic_acid ≥ 4,medium
invivo_pre,fg_BB_SA48_phenoxyacetic_acid_count,eq,1,7,0,7,0.0,0.0,0.4096163972250034,0.03674948240165631,0.0,1.0,negative,1.0,False,BB_SA48_phenoxyacetic_acid,BB_SA48_phenoxyacetic_acid = 1,low
invivo_pre,fg_BB_SA48_phenoxyacetic_acid_count,ge,1,7,0,7,0.0,0.0,0.4096163972250034,0.03674948240165631,0.0,1.0,negative,1.0,False,BB_SA48_phenoxyacetic_acid,BB_SA48_phenoxyacetic_acid ≥ 1,low
invivo_pre,fg_BB_SA52b_dicarboximide_ring_count,ge,1,3,0,3,0.0,0.0,0.7075982261787134,0.03674948240165631,0.0,1.0,negative,1.0,False,BB_SA52b_dicarboximide_ring,BB_SA52b_dicarboximide_ring ≥ 1,low
