valid_smiles,has_metal,metal_elements,has_salt,n_fragments,needs_charge_norm,sanitizable,smiles_raw,smiles_stripped,smiles_canonical,mw_raw,mw_after,mw_change,preprocessing_actions
True,False,[],False,1,False,True,CCOC=CC(=O)C(F)(F)F,CCOC=CC(=O)C(F)(F)F,CCOC=CC(=O)C(F)(F)F,168.11399999999998,168.11399999999998,0.0,['none']
True,False,[],False,1,False,True,CCCCCCCCCCCCC(CCCCCCCCCC)COC(=O)CCSCCC(=O)OCC(CCCCCCCCCC)CCCCCCCCCCCC,CCCCCCCCCCCCC(CCCCCCCCCC)COC(=O)CCSCCC(=O)OCC(CCCCCCCCCC)CCCCCCCCCCCC,CCCCCCCCCCCCC(CCCCCCCCCC)COC(=O)CCSCCC(=O)OCC(CCCCCCCCCC)CCCCCCCCCCCC,851.5049999999989,851.5049999999989,0.0,['none']
True,False,[],False,1,False,True,CCCCCCCC(=O)OCC(CCC)CCCCC,CCCCCCCC(=O)OCC(CCC)CCCCC,CCCCCCCC(=O)OCC(CCC)CCCCC,284.484,284.484,0.0,['none']
True,False,[],True,3,True,True,CC1=CC(=C(C=C1Cl)N=NC2C(=NN(C2=O)C3=CC(=CC=C3)S(=O)(=O)[O-])C)S(=O)(=O)[O-].[NH4+].[NH4+],CC1=NN(c2cccc(S(=O)(=O)[O-])c2)C(=O)C1N=Nc1cc(Cl)c(C)cc1S(=O)(=O)[O-],CC1=NN(c2cccc(S(=O)(=O)O)c2)C(=O)C1N=Nc1cc(Cl)c(C)cc1S(=O)(=O)O,520.9770000000002,486.9150000000002,-34.06200000000001,"['salt_stripped', 'fragment_removed', 'charge_normalized']"
True,True,['Mn'],True,3,True,True,[NH4+].[O-]P(=O)([O-])OP(=O)([O-])[O-].[Mn+3],O=P([O-])([O-])OP(=O)([O-])[O-],O=P(O)(O)OP(=O)(O)O,246.91799999999995,177.973,-68.94499999999994,"['salt_stripped', 'metal:Mn', 'fragment_removed', 'charge_normalized']"
True,False,[],False,1,False,True,CC(=CCCC1=CCC(CC1)C=O)C,CC(C)=CCCC1=CCC(C=O)CC1,CC(C)=CCCC1=CCC(C=O)CC1,192.30199999999996,192.30199999999996,0.0,['none']
True,True,['K'],True,3,False,True,C(=O)(C(F)(F)F)OS(=O)C(F)(F)F.[K+].[K+],O=C(OS(=O)C(F)(F)F)C(F)(F)F,O=C(OS(=O)C(F)(F)F)C(F)(F)F,308.281,230.08499999999998,-78.19600000000003,"['salt_stripped', 'metal:K', 'fragment_removed']"
True,False,[],False,1,False,True,CC(=O)C1=CC=C(C=C1)OC,COc1ccc(C(C)=O)cc1,COc1ccc(C(C)=O)cc1,150.17699999999996,150.17699999999996,0.0,['none']
True,False,[],False,1,False,True,COC1=CC=C(C=C1)C(=O)O,COc1ccc(C(=O)O)cc1,COc1ccc(C(=O)O)cc1,152.14899999999997,152.14899999999997,0.0,['none']
True,False,[],False,1,False,True,C1=CC=C(C=C1)CO,OCc1ccccc1,OCc1ccccc1,108.13999999999997,108.13999999999997,0.0,['none']
True,False,[],False,1,False,True,C1=CC=C(C=C1)C=O,O=Cc1ccccc1,O=Cc1ccccc1,106.12399999999997,106.12399999999997,0.0,['none']
True,False,[],False,1,False,True,COC1=CC=CC=C1,COc1ccccc1,COc1ccccc1,108.13999999999997,108.13999999999997,0.0,['none']
True,False,[],True,2,False,True,C[N+](C)(C)CC1=CC=CC=C1.[OH-],C[N+](C)(C)Cc1ccccc1,C[N+](C)(C)Cc1ccccc1,167.25199999999998,150.24499999999998,-17.007000000000005,"['salt_stripped', 'fragment_removed']"
True,False,[],False,1,False,True,O=P(Cl)(Cl)Cl,O=P(Cl)(Cl)Cl,O=P(Cl)(Cl)Cl,153.332,153.332,0.0,['none']
True,False,[],False,1,False,True,Cl[Sb](Cl)Cl,[Cl][Sb]([Cl])[Cl],[Cl][Sb]([Cl])[Cl],228.11900000000003,228.11900000000003,0.0,['none']
True,True,"['Pt', 'K']",True,3,False,True,Cl[Pt-2](Cl)(Cl)Cl.[K+].[K+],[Pt+4],[Pt+4],415.086,195.078,-220.008,"['salt_stripped', 'metal:Pt,K', 'fragment_removed']"
True,False,[],True,2,False,True,C(C(CO)O)O.C(C(C(C(C(C=O)OC(C=O)C(C(C(CO)O)O)O)O)O)O)O,O=CC(OC(C=O)C(O)C(O)C(O)CO)C(O)C(O)C(O)CO,O=CC(OC(C=O)C(O)C(O)C(O)CO)C(O)C(O)C(O)CO,434.3910000000001,342.297,-92.09400000000005,"['salt_stripped', 'fragment_removed']"
True,False,[],False,1,False,True,CC1=CC(=C(C=C1)NCCO)[N+](=O)[O-],Cc1ccc(NCCO)c([N+](=O)[O-])c1,Cc1ccc(NCCO)c([N+](=O)[O-])c1,196.206,196.206,0.0,['none']
True,True,['Al'],True,5,True,True,[O-]S(=O)(=O)[O-].[O-]S(=O)(=O)[O-].[O-]S(=O)(=O)[O-].[Al+3].[Al+3],O=S(=O)([O-])[O-],O=S(=O)(O)O,342.153,98.07899999999998,-244.07400000000004,"['salt_stripped', 'metal:Al', 'fragment_removed', 'charge_normalized']"
True,True,['Fe'],True,2,True,True,[O-]P(=O)([O-])[O-].[Fe+3],O=P([O-])([O-])[O-],O=P(O)(O)O,150.815,97.99399999999999,-52.82100000000001,"['salt_stripped', 'metal:Fe', 'fragment_removed', 'charge_normalized']"
True,False,[],False,1,False,True,CC(C)(C1=CC=CC=C1)C2=CC=C(C=C2)NC3=CC=C(C=C3)C(C)(C)C4=CC=CC=C4,CC(C)(c1ccccc1)c1ccc(Nc2ccc(C(C)(C)c3ccccc3)cc2)cc1,CC(C)(c1ccccc1)c1ccc(Nc2ccc(C(C)(C)c3ccccc3)cc2)cc1,405.58500000000015,405.58500000000015,0.0,['none']
True,False,[],True,4,True,True,[N+](=O)([O-])[O-].[N+](=O)([O-])[O-].[N+](=O)([O-])[O-].[La+3],O=[N+]([O-])[O-],O=[N+]([O-])O,324.918,63.01200000000001,-261.906,"['salt_stripped', 'fragment_removed', 'charge_normalized']"
True,False,[],False,1,False,True,C=CCOC1=NC(=NC(=N1)OCC=C)OCC=C,C=CCOc1nc(OCC=C)nc(OCC=C)n1,C=CCOc1nc(OCC=C)nc(OCC=C)n1,249.26999999999995,249.26999999999995,0.0,['none']
True,False,[],False,1,False,True,CN(C)C(=O)NC1=CC=CC=C1,CN(C)C(=O)Nc1ccccc1,CN(C)C(=O)Nc1ccccc1,164.208,164.208,0.0,['none']
True,False,[],False,1,False,True,C1=CC(=CC=C1CC2=CC=C(C=C2)N)N,Nc1ccc(Cc2ccc(N)cc2)cc1,Nc1ccc(Cc2ccc(N)cc2)cc1,198.26899999999998,198.26899999999998,0.0,['none']
True,False,[],False,1,False,True,CCC(C)NC1=CC=C(C=C1)NC(C)CC,CCC(C)Nc1ccc(NC(C)CC)cc1,CCC(C)Nc1ccc(NC(C)CC)cc1,220.35999999999999,220.35999999999999,0.0,['none']
True,False,[],False,1,False,True,CCOC(=O)CC1=CC=CC=C1,CCOC(=O)Cc1ccccc1,CCOC(=O)Cc1ccccc1,164.204,164.204,0.0,['none']
True,True,['Na'],True,3,True,True,[O-][Se](=O)[O-].[Na+].[Na+],O=[Se]([O-])[O-],O=[Se](O)O,172.93699999999998,128.97299999999998,-43.964,"['salt_stripped', 'metal:Na', 'fragment_removed', 'charge_normalized']"
True,True,['Cu'],True,2,False,True,OP(=O)(O)OP(=O)(O)O.[Cu+2],O=P(O)(O)OP(=O)(O)O,O=P(O)(O)OP(=O)(O)O,241.519,177.973,-63.54599999999999,"['salt_stripped', 'metal:Cu', 'fragment_removed']"
True,False,[],True,4,True,True,[N+](=O)([O-])[O-].[N+](=O)([O-])[O-].[N+](=O)([O-])[O-].[Ce+3],O=[N+]([O-])[O-],O=[N+]([O-])O,326.128,63.01200000000001,-263.116,"['salt_stripped', 'fragment_removed', 'charge_normalized']"
True,True,['K'],True,3,True,True,[O-]S(=O)[O-].[K+].[K+],O=S([O-])[O-],O=S(O)O,158.26,82.07999999999998,-76.18,"['salt_stripped', 'metal:K', 'fragment_removed', 'charge_normalized']"
True,True,['Ca'],True,3,True,True,[N+](=O)([O-])[O-].[N+](=O)([O-])[O-].[Ca+2],O=[N+]([O-])[O-],O=[N+]([O-])O,164.086,63.01200000000001,-101.07400000000001,"['salt_stripped', 'metal:Ca', 'fragment_removed', 'charge_normalized']"
True,True,['Na'],True,2,True,True,[O-]P(=O)=O.[Na+],O=[P+]([O-])[O-],O=[P+]([O-])O,101.961,79.979,-21.982,"['salt_stripped', 'metal:Na', 'fragment_removed', 'charge_normalized']"
True,False,[],False,1,False,True,CC1=C(C2=C(CCC(O2)(C)CCCC(C)CCCC(C)CCCC(C)C)C(=C1O)C)C,Cc1c(C)c2c(c(C)c1O)CCC(C)(CCCC(C)CCCC(C)CCCC(C)C)O2,Cc1c(C)c2c(c(C)c1O)CCC(C)(CCCC(C)CCCC(C)CCCC(C)C)O2,430.7170000000002,430.7170000000002,0.0,['none']
True,False,[],True,2,True,True,[NH4+].OS(=O)[O-],O=S([O-])O,O=S(O)O,99.11099999999999,82.07999999999998,-17.031000000000006,"['salt_stripped', 'fragment_removed', 'charge_normalized']"
True,False,[],False,1,False,True,C1=CC=C(C=C1)CC(=O)OCC2=CC=CC=C2,O=C(Cc1ccccc1)OCc1ccccc1,O=C(Cc1ccccc1)OCc1ccccc1,226.27499999999998,226.27499999999998,0.0,['none']
True,False,[],False,1,False,True,C1=CC=C(C=C1)CCOC(=O)CC2=CC=CC=C2,O=C(Cc1ccccc1)OCCc1ccccc1,O=C(Cc1ccccc1)OCCc1ccccc1,240.302,240.302,0.0,['none']
True,False,[],False,1,False,True,CCCCN(CCO)CCO,CCCCN(CCO)CCO,CCCCN(CCO)CCO,161.24499999999998,161.24499999999998,0.0,['none']
True,False,[],False,1,False,True,CC(C)(C)OC(=O)NC(CO)C1=CC=CC=C1,CC(C)(C)OC(=O)NC(CO)c1ccccc1,CC(C)(C)OC(=O)NC(CO)c1ccccc1,237.299,237.299,0.0,['none']
True,False,[],False,1,False,True,CCCCCCCCCCCCCCCCCCN(CCO)CCO,CCCCCCCCCCCCCCCCCCN(CCO)CCO,CCCCCCCCCCCCCCCCCCN(CCO)CCO,357.62300000000005,357.62300000000005,0.0,['none']
True,False,[],False,1,False,True,CCCCCCCCCCCC(=O)OC(C)C,CCCCCCCCCCCC(=O)OC(C)C,CCCCCCCCCCCC(=O)OC(C)C,242.40299999999996,242.40299999999996,0.0,['none']
True,False,[],False,1,False,True,CC1C(C(C(C(O1)OC2C(C(C(OC2OC3=CC(=C4C(=O)CC(OC4=C3)C5=CC=C(C=C5)O)O)CO)O)O)O)O)O,CC1OC(OC2C(Oc3cc(O)c4c(c3)OC(c3ccc(O)cc3)CC4=O)OC(CO)C(O)C2O)C(O)C(O)C1O,CC1OC(OC2C(Oc3cc(O)c4c(c3)OC(c3ccc(O)cc3)CC4=O)OC(CO)C(O)C2O)C(O)C(O)C1O,580.5390000000006,580.5390000000006,0.0,['none']
True,True,['Ca'],True,2,True,True,[O-]S(=O)[O-].[Ca+2],O=S([O-])[O-],O=S(O)O,120.142,82.07999999999998,-38.06200000000001,"['salt_stripped', 'metal:Ca', 'fragment_removed', 'charge_normalized']"
True,False,[],False,1,False,True,C(=CCl)C(F)(F)F,FC(F)(F)C=CCl,FC(F)(F)C=CCl,130.496,130.496,0.0,['none']
True,False,[],False,1,False,True,CCCCCCCC(=O)OCCCO,CCCCCCCC(=O)OCCCO,CCCCCCCC(=O)OCCCO,202.29399999999995,202.29399999999995,0.0,['none']
True,True,['K'],True,3,True,True,[O-]S(=O)(=S)[O-].[K+].[K+],O=S([O-])([O-])=S,O=S(O)(O)=S,190.327,114.14699999999998,-76.18000000000002,"['salt_stripped', 'metal:K', 'fragment_removed', 'charge_normalized']"
True,False,[],False,1,False,True,CCCCCCCCCCCC(=O)OCC(C)(C)C=O,CCCCCCCCCCCC(=O)OCC(C)(C)C=O,CCCCCCCCCCCC(=O)OCC(C)(C)C=O,284.43999999999994,284.43999999999994,0.0,['none']
True,False,[],False,1,False,True,CCCCC(CC)COC(=O)C=C,C=CC(=O)OCC(CC)CCCC,C=CC(=O)OCC(CC)CCCC,184.27899999999997,184.27899999999997,0.0,['none']
True,False,[],False,1,False,True,CCOC(=O)C=CC1=CC=CC=C1,CCOC(=O)C=Cc1ccccc1,CCOC(=O)C=Cc1ccccc1,176.215,176.215,0.0,['none']
True,False,[],False,1,False,True,CCCC(=O)OCC1=CC=CC=C1,CCCC(=O)OCc1ccccc1,CCCC(=O)OCc1ccccc1,178.231,178.231,0.0,['none']
True,False,[],False,1,False,True,C1=CC=C(C=C1)COC(=O)C=CC2=CC=CC=C2,O=C(C=Cc1ccccc1)OCc1ccccc1,O=C(C=Cc1ccccc1)OCc1ccccc1,238.286,238.286,0.0,['none']
True,False,[],False,1,False,True,CC(C)C(=O)OCCC1=CC=CC=C1,CC(C)C(=O)OCCc1ccccc1,CC(C)C(=O)OCCc1ccccc1,192.258,192.258,0.0,['none']
True,False,[],False,1,False,True,CC(=O)OCC=CC1=CC=CC=C1,CC(=O)OCC=Cc1ccccc1,CC(=O)OCC=Cc1ccccc1,176.215,176.215,0.0,['none']
True,False,[],False,1,False,True,CC(C)C1=CC=C(C=C1)CC(C)C=O,CC(C=O)Cc1ccc(C(C)C)cc1,CC(C=O)Cc1ccc(C(C)C)cc1,190.28599999999994,190.28599999999994,0.0,['none']
True,False,[],False,1,False,True,C1=C(C(=CC(=C1Cl)OC(C(C(F)(F)F)F)(F)F)Cl)N,Nc1cc(Cl)c(OC(F)(F)C(F)C(F)(F)F)cc1Cl,Nc1cc(Cl)c(OC(F)(F)C(F)C(F)(F)F)cc1Cl,328.039,328.039,0.0,['none']
True,False,[],False,1,False,True,C1=CC(=C(C(=C1)F)C(=O)NC(=O)NC2=CC(=C(C=C2Cl)OC(C(C(F)(F)F)F)(F)F)Cl)F,O=C(NC(=O)c1c(F)cccc1F)Nc1cc(Cl)c(OC(F)(F)C(F)C(F)(F)F)cc1Cl,O=C(NC(=O)c1c(F)cccc1F)Nc1cc(Cl)c(OC(F)(F)C(F)C(F)(F)F)cc1Cl,511.152,511.152,0.0,['none']
True,False,[],False,1,False,True,CC(C(=O)O)O,CC(O)C(=O)O,CC(O)C(=O)O,90.07799999999999,90.07799999999999,0.0,['none']
True,False,[],False,1,False,True,C,C,C,16.043,16.043,0.0,['none']
True,True,['Li'],True,3,True,True,[Li+].[Li+].[O-]S(=O)(=O)[O-],O=S(=O)([O-])[O-],O=S(=O)(O)O,109.945,98.07899999999998,-11.866000000000014,"['salt_stripped', 'metal:Li', 'fragment_removed', 'charge_normalized']"
True,True,['Mg'],True,3,True,True,[N+](=O)([O-])[O-].[N+](=O)([O-])[O-].[Mg+2],O=[N+]([O-])[O-],O=[N+]([O-])O,148.313,63.01200000000001,-85.30099999999999,"['salt_stripped', 'metal:Mg', 'fragment_removed', 'charge_normalized']"
True,False,[],False,1,False,True,CC(=O)CCC1=CC=C(C=C1)OC,COc1ccc(CCC(C)=O)cc1,COc1ccc(CCC(C)=O)cc1,178.231,178.231,0.0,['none']
True,False,[],False,1,False,True,CC(=O)OCC1=CC=C(C=C1)OC,COc1ccc(COC(C)=O)cc1,COc1ccc(COC(C)=O)cc1,180.203,180.203,0.0,['none']
True,False,[],False,1,False,True,CCCCC1CCC(=O)O1,CCCCC1CCC(=O)O1,CCCCC1CCC(=O)O1,142.19799999999998,142.19799999999998,0.0,['none']
True,False,[],False,1,False,True,C1=CC=C(C=C1)OCCOCCO,OCCOCCOc1ccccc1,OCCOCCOc1ccccc1,182.21899999999997,182.21899999999997,0.0,['none']
True,False,[],True,2,False,True,CCCCCCCCCCCC[N+]1=CC=CC=C1.[Cl-],CCCCCCCCCCCC[n+]1ccccc1,CCCCCCCCCCCC[n+]1ccccc1,283.887,248.434,-35.453,"['salt_stripped', 'fragment_removed']"
True,False,[],False,1,False,True,CCN(CC)CCCN,CCN(CC)CCCN,CCN(CC)CCCN,130.23499999999999,130.23499999999999,0.0,['none']
True,False,[],False,1,False,True,CCC1=CN=C(C=C1)C,CCc1ccc(C)nc1,CCc1ccc(C)nc1,121.18299999999996,121.18299999999996,0.0,['none']
True,False,[],False,1,False,True,CCCCCCCCCCCCCCCCOC(=O)CCCCCCCC=CCC(CCCCCC)O,CCCCCCCCCCCCCCCCOC(=O)CCCCCCCC=CCC(O)CCCCCC,CCCCCCCCCCCCCCCCOC(=O)CCCCCCCC=CCC(O)CCCCCC,522.8990000000006,522.8990000000006,0.0,['none']
True,False,[],False,1,False,True,CC(=O)OC1CCC(CC1)C(C)(C)C,CC(=O)OC1CCC(C(C)(C)C)CC1,CC(=O)OC1CCC(C(C)(C)C)CC1,198.30599999999998,198.30599999999998,0.0,['none']
True,False,[],False,1,False,True,CC(=O)ON=C(C1=CSC(=N1)N)C(=O)SC2=NC3=CC=CC=C3S2,CC(=O)ON=C(C(=O)Sc1nc2ccccc2s1)c1csc(N)n1,CC(=O)ON=C(C(=O)Sc1nc2ccccc2s1)c1csc(N)n1,378.4600000000001,378.4600000000001,0.0,['none']
True,True,['Fe'],True,4,False,True,C1=CC=C(C=C1)NC(=O)C2=CC3=CC=CC=C3C(=C2O)N=NC4=C(C=CC(=C4)Cl)O.C1=CC=C(C=C1)NC(=O)C2=CC3=CC=CC=C3C(=C2O)N=NC4=C(C=CC(=C4)Cl)O.[NH4+].[Fe],O=C(Nc1ccccc1)c1cc2ccccc2c(N=Nc2cc(Cl)ccc2O)c1O,O=C(Nc1ccccc1)c1cc2ccccc2c(N=Nc2cc(Cl)ccc2O)c1O,909.5879999999999,417.85200000000003,-491.7359999999998,"['salt_stripped', 'metal:Fe', 'fragment_removed']"
True,False,[],False,1,False,True,COC1=CC=C(C=C1)CO,COc1ccc(CO)cc1,COc1ccc(CO)cc1,138.166,138.166,0.0,['none']
True,False,[],False,1,False,True,CCC(=O)OCC,CCOC(=O)CC,CCOC(=O)CC,102.133,102.133,0.0,['none']
True,False,[],False,1,False,True,CC(C)OC(=O)OOC(=O)OC(C)C,CC(C)OC(=O)OOC(=O)OC(C)C,CC(C)OC(=O)OOC(=O)OC(C)C,206.194,206.194,0.0,['none']
True,False,[],False,1,False,True,CC(CCC=C(C)C)CCOC=O,CC(C)=CCCC(C)CCOC=O,CC(C)=CCCC(C)CCOC=O,184.27899999999997,184.27899999999997,0.0,['none']
True,False,[],False,1,False,True,CCC(C)(C)OOC(C)(C)CC,CCC(C)(C)OOC(C)(C)CC,CCC(C)(C)OOC(C)(C)CC,174.28399999999993,174.28399999999993,0.0,['none']
True,False,[],True,3,True,True,CCCCCCS(=O)(=O)C1=CC(=C(C=C1)NC2=C3C4=C(C=C2)N(C(=O)C(=C4C5=CC=CC=C5C3=O)C(=O)C6=CC(=CC=C6)S(=O)(=O)[O-])C)S(=O)(=O)[O-].[NH4+].[NH4+],CCCCCCS(=O)(=O)c1ccc(Nc2ccc3c4c2C(=O)c2ccccc2-c4c(C(=O)c2cccc(S(=O)(=O)[O-])c2)c(=O)n3C)c(S(=O)(=O)[O-])c1,CCCCCCS(=O)(=O)c1ccc(Nc2ccc3c4c2C(=O)c2ccccc2-c4c(C(=O)c2cccc(S(=O)(=O)O)c2)c(=O)n3C)c(S(=O)(=O)O)c1,798.9180000000005,764.8560000000006,-34.0619999999999,"['salt_stripped', 'fragment_removed', 'charge_normalized']"
True,False,[],True,2,False,True,CCCCCCCCCCCC(=O)NCCC[N+](C)(C)C.COS(=O)(=O)[O-],CCCCCCCCCCCC(=O)NCCC[N+](C)(C)C,CCCCCCCCCCCC(=O)NCCC[N+](C)(C)C,410.62100000000015,299.523,-111.09800000000013,"['salt_stripped', 'fragment_removed']"
True,False,[],False,1,False,True,C1CCCCCCCOC(=O)CCCCCC1,O=C1CCCCCCCCCCCCCCO1,O=C1CCCCCCCCCCCCCCO1,240.38699999999992,240.38699999999992,0.0,['none']
True,False,[],False,1,False,True,CCCC(=O)OCCC(C)C,CCCC(=O)OCCC(C)C,CCCC(=O)OCCC(C)C,158.24099999999999,158.24099999999999,0.0,['none']
True,False,[],False,1,False,True,CCCCCCC(=O)OCC,CCCCCCC(=O)OCC,CCCCCCC(=O)OCC,158.24099999999999,158.24099999999999,0.0,['none']
True,False,[],False,1,False,True,CCCCCCCC(=O)OCC,CCCCCCCC(=O)OCC,CCCCCCCC(=O)OCC,172.26799999999997,172.26799999999997,0.0,['none']
True,False,[],False,1,False,True,CCCOC(=O)CC,CCCOC(=O)CC,CCCOC(=O)CC,116.15999999999998,116.15999999999998,0.0,['none']
True,False,[],False,1,False,True,CC1=CC=C(C=C1)C,Cc1ccc(C)cc1,Cc1ccc(C)cc1,106.16799999999999,106.16799999999999,0.0,['none']
True,False,[],False,1,False,True,C1=CC(=CC=C1O)Cl,Oc1ccc(Cl)cc1,Oc1ccc(Cl)cc1,128.558,128.558,0.0,['none']
True,False,[],False,1,False,True,C1=CC(=O)C=CC1=O,O=C1C=CC(=O)C=C1,O=C1C=CC(=O)C=C1,108.09599999999998,108.09599999999998,0.0,['none']
True,False,[],False,1,False,True,CN1CCN(CC1)C,CN1CCN(C)CC1,CN1CCN(C)CC1,114.192,114.192,0.0,['none']
True,False,[],False,1,False,True,COC(=O)CCC(=O)OC,COC(=O)CCC(=O)OC,COC(=O)CCC(=O)OC,146.142,146.142,0.0,['none']
True,False,[],False,1,False,True,CCCCCC(=O)OC,CCCCCC(=O)OC,CCCCCC(=O)OC,130.18699999999998,130.18699999999998,0.0,['none']
True,False,[],False,1,False,True,CCC=C,C=CCC,C=CCC,56.108,56.108,0.0,['none']
True,False,[],False,1,False,True,COC(=O)NC1=NC2=CC=CC=C2N1,COC(=O)Nc1nc2ccccc2[nH]1,COC(=O)Nc1nc2ccccc2[nH]1,191.19000000000003,191.19000000000003,0.0,['none']
True,True,"['Fe', 'Na']",True,3,False,True,C1=CC=C(C(=C1)CN(CCN(CC2=CC=CC=C2O)CC(=O)O)CC(=O)O)O.[Na+].[Fe],O=C(O)CN(CCN(CC(=O)O)Cc1ccccc1O)Cc1ccccc1O,O=C(O)CN(CCN(CC(=O)O)Cc1ccccc1O)Cc1ccccc1O,467.2550000000002,388.4200000000002,-78.83500000000004,"['salt_stripped', 'metal:Fe,Na', 'fragment_removed']"
True,False,[],True,3,False,True,CC1=C(C(=O)N(C(=C1N=NC2=CC(=C(C=C2)C(C3=CC=CC=C3)C4=C(C=C(C=C4)N=NC5=C(N(C(=O)C(=C5C)[N+]6=CC=CC=C6)CCCN(C)C)O)OC)OC)O)CCCN(C)C)[N+]7=CC=CC=C7.CC(C(=O)[O-])O.[Cl-],COc1cc(N=Nc2c(C)c(-[n+]3ccccc3)c(=O)n(CCCN(C)C)c2O)ccc1C(c1ccccc1)c1ccc(N=Nc2c(C)c(-[n+]3ccccc3)c(=O)n(CCCN(C)C)c2O)cc1OC,COc1cc(N=Nc2c(C)c(-[n+]3ccccc3)c(=O)n(CCCN(C)C)c2O)ccc1C(c1ccccc1)c1ccc(N=Nc2c(C)c(-[n+]3ccccc3)c(=O)n(CCCN(C)C)c2O)cc1OC,1057.6499999999999,933.1269999999997,-124.52300000000014,"['salt_stripped', 'fragment_removed']"
True,False,[],False,1,False,True,CCC1=CC(=C(C(=C1N)CC)Cl)CC2=C(C(=C(C(=C2)CC)N)CC)Cl,CCc1cc(Cc2cc(CC)c(N)c(CC)c2Cl)c(Cl)c(CC)c1N,CCc1cc(Cc2cc(CC)c(N)c(CC)c2Cl)c(Cl)c(CC)c1N,379.3750000000001,379.3750000000001,0.0,['none']
True,False,[],True,2,False,True,CC1(CC(CC(N1C)(C)C)OC(=O)CCCCCCCCC(=O)OC)C.CC1(CC(CC(N1C)(C)C)OC(=O)CCCCCCCCC(=O)OC2CC(N(C(C2)(C)C)C)(C)C)C,CN1C(C)(C)CC(OC(=O)CCCCCCCCC(=O)OC2CC(C)(C)N(C)C(C)(C)C2)CC1(C)C,CN1C(C)(C)CC(OC(=O)CCCCCCCCC(=O)OC2CC(C)(C)N(C)C(C)(C)C2)CC1(C)C,878.3339999999994,508.7880000000004,-369.54599999999897,"['salt_stripped', 'fragment_removed']"
True,False,[],False,1,False,True,CC(C)(C)OOC(C)(C)C#CC(C)(C)OOC(C)(C)C,CC(C)(C)OOC(C)(C)C#CC(C)(C)OOC(C)(C)C,CC(C)(C)OOC(C)(C)C#CC(C)(C)OOC(C)(C)C,286.412,286.412,0.0,['none']
True,False,[],True,2,False,True,C[N+](C)(C)NCCC(=O)OC.[Br-],COC(=O)CCN[N+](C)(C)C,COC(=O)CCN[N+](C)(C)C,241.129,161.225,-79.904,"['salt_stripped', 'fragment_removed']"
True,False,[],False,1,False,True,CCCCN(C1CC(N(C(C1)(C)C)C)(C)C)C2=NC(=NC(=N2)NCCCN(CCN(CCCNC3=NC(=NC(=N3)N(CCCC)C4CC(N(C(C4)(C)C)C)(C)C)N(CCCC)C5CC(N(C(C5)(C)C)C)(C)C)C6=NC(=NC(=N6)N(CCCC)C7CC(N(C(C7)(C)C)C)(C)C)N(CCCC)C8CC(N(C(C8)(C)C)C)(C)C)C9=NC(=NC(=N9)N(CCCC)C1CC(N(C(C1)(C)C)C)(C)C)N(CCCC)C1CC(N(C(C1)(C)C)C)(C)C)N(CCCC)C1CC(N(C(C1)(C)C)C)(C)C,CCCCN(c1nc(NCCCN(CCN(CCCNc2nc(N(CCCC)C3CC(C)(C)N(C)C(C)(C)C3)nc(N(CCCC)C3CC(C)(C)N(C)C(C)(C)C3)n2)c2nc(N(CCCC)C3CC(C)(C)N(C)C(C)(C)C3)nc(N(CCCC)C3CC(C)(C)N(C)C(C)(C)C3)n2)c2nc(N(CCCC)C3CC(C)(C)N(C)C(C)(C)C3)nc(N(CCCC)C3CC(C)(C)N(C)C(C)(C)C3)n2)nc(N(CCCC)C2CC(C)(C)N(C)C(C)(C)C2)n1)C1CC(C)(C)N(C)C(C)(C)C1,CCCCN(c1nc(NCCCN(CCN(CCCNc2nc(N(CCCC)C3CC(C)(C)N(C)C(C)(C)C3)nc(N(CCCC)C3CC(C)(C)N(C)C(C)(C)C3)n2)c2nc(N(CCCC)C3CC(C)(C)N(C)C(C)(C)C3)nc(N(CCCC)C3CC(C)(C)N(C)C(C)(C)C3)n2)c2nc(N(CCCC)C3CC(C)(C)N(C)C(C)(C)C3)nc(N(CCCC)C3CC(C)(C)N(C)C(C)(C)C3)n2)nc(N(CCCC)C2CC(C)(C)N(C)C(C)(C)C2)n1)C1CC(C)(C)N(C)C(C)(C)C1,2285.675999999996,2285.675999999996,0.0,['none']
True,False,[],False,1,False,True,CC=CC,CC=CC,CC=CC,56.108000000000004,56.108000000000004,0.0,['none']
True,False,[],False,1,False,True,CCC#N,CCC#N,CCC#N,55.07999999999999,55.07999999999999,0.0,['none']
True,False,[],False,1,False,True,C(CN)N,NCCN,NCCN,60.09999999999999,60.09999999999999,0.0,['none']
True,False,[],False,1,False,True,C(CO)O,OCCO,OCCO,62.068000000000005,62.068000000000005,0.0,['none']
True,False,[],False,1,False,True,C[N+](C)(C)CC(=O)[O-],C[N+](C)(C)CC(=O)[O-],C[N+](C)(C)CC(=O)[O-],117.14799999999998,117.14799999999998,0.0,['none']
True,False,[],False,1,False,True,C(CS)C(=O)O,O=C(O)CCS,O=C(O)CCS,106.14599999999999,106.14599999999999,0.0,['none']
True,False,[],False,1,False,True,CCOC(=O)CCCCC(CCCl)Cl,CCOC(=O)CCCCC(Cl)CCCl,CCOC(=O)CCCCC(Cl)CCCl,241.158,241.158,0.0,['none']
True,False,[],False,1,False,True,C=CC(=O)OCCCCOC(=O)C=C,C=CC(=O)OCCCCOC(=O)C=C,C=CC(=O)OCCCCOC(=O)C=C,198.218,198.218,0.0,['none']
True,False,[],False,1,False,True,CC1=CC=C(C=C1)S(=O)(=O)C2=CC(=C(C=C2)O)O,Cc1ccc(S(=O)(=O)c2ccc(O)c(O)c2)cc1,Cc1ccc(S(=O)(=O)c2ccc(O)c(O)c2)cc1,264.30199999999996,264.30199999999996,0.0,['none']
True,False,[],False,1,False,True,C(CCC(=O)NN)CC(=O)NN,NNC(=O)CCCCC(=O)NN,NNC(=O)CCCCC(=O)NN,174.204,174.204,0.0,['none']
True,False,[],False,1,False,True,C1(=S)NNC(=S)S1,S=c1[nH][nH]c(=S)s1,S=c1[nH][nH]c(=S)s1,150.25300000000001,150.25300000000001,0.0,['none']
True,False,[],False,1,False,True,CN1C=C(C(=N1)C(F)F)C(=O)NC2=CC=CC3=C2C4CCC3C4=C(Cl)Cl,Cn1cc(C(=O)Nc2cccc3c2C2CCC3C2=C(Cl)Cl)c(C(F)F)n1,Cn1cc(C(=O)Nc2cccc3c2C2CCC3C2=C(Cl)Cl)c(C(F)F)n1,398.2400000000001,398.2400000000001,0.0,['none']
True,False,[],False,1,False,True,C1CC2CC1C3C2C4CC3C=C4,C1=CC2CC1C1C3CCC(C3)C21,C1=CC2CC1C1C3CCC(C3)C21,160.26,160.26,0.0,['none']
True,False,[],False,1,False,True,CC(C)CC(=O)C,CC(=O)CC(C)C,CC(=O)CC(C)C,100.16099999999999,100.16099999999999,0.0,['none']
True,False,[],False,1,False,True,CC(C)NC(C)C,CC(C)NC(C)C,CC(C)NC(C)C,101.19299999999998,101.19299999999998,0.0,['none']
True,False,[],False,1,False,True,CC(C)OC(=O)C,CC(=O)OC(C)C,CC(=O)OC(C)C,102.133,102.133,0.0,['none']
True,False,[],False,1,False,True,CC1=CC(=CC=C1)C,Cc1cccc(C)c1,Cc1cccc(C)c1,106.16799999999998,106.16799999999998,0.0,['none']
True,False,[],False,1,False,True,CC1=NC(=CC=C1)C,Cc1cccc(C)n1,Cc1cccc(C)n1,107.15599999999996,107.15599999999996,0.0,['none']
True,False,[],False,1,False,True,CC(=O)OC1=CC(=CC=C1)OC(=O)C,CC(=O)Oc1cccc(OC(C)=O)c1,CC(=O)Oc1cccc(OC(C)=O)c1,194.18599999999998,194.18599999999998,0.0,['none']
True,False,[],False,1,False,True,CCOC(=O)CC(C)C,CCOC(=O)CC(C)C,CCOC(=O)CC(C)C,130.18699999999998,130.18699999999998,0.0,['none']
True,False,[],False,1,False,True,CC1=CC(=CC(=C1)C)C,Cc1cc(C)cc(C)c1,Cc1cc(C)cc(C)c1,120.19499999999998,120.19499999999998,0.0,['none']
True,False,[],False,1,False,True,CN1CN(CN(C1)C)C,CN1CN(C)CN(C)C1,CN1CN(C)CN(C)C1,129.207,129.207,0.0,['none']
True,False,[],False,1,False,True,CCCCC1=CC=C(C=C1)NC2=C3C(=C(C=C2)NC4=CC=C(C=C4)CCCC)C(=O)C5=C(C=CC(=C5C3=O)NC6=CC=C(C=C6)CCCC)NC7=CC=C(C=C7)CCCC,CCCCc1ccc(Nc2ccc(Nc3ccc(CCCC)cc3)c3c2C(=O)c2c(Nc4ccc(CCCC)cc4)ccc(Nc4ccc(CCCC)cc4)c2C3=O)cc1,CCCCc1ccc(Nc2ccc(Nc3ccc(CCCC)cc3)c3c2C(=O)c2c(Nc4ccc(CCCC)cc4)ccc(Nc4ccc(CCCC)cc4)c2C3=O)cc1,797.0999999999998,797.0999999999998,0.0,['none']
True,False,[],False,1,False,True,C=CCOC(=O)C1=CC(=CC=C1)C(=O)OCC=C,C=CCOC(=O)c1cccc(C(=O)OCC=C)c1,C=CCOC(=O)c1cccc(C(=O)OCC=C)c1,246.26199999999997,246.26199999999997,0.0,['none']
True,False,[],False,1,False,True,CN1CCNCC1,CN1CCNCC1,CN1CCNCC1,100.16499999999999,100.16499999999999,0.0,['none']
True,False,[],False,1,False,True,CC(=C)C(=O)OCCOCCOCCOC(=O)C(=C)C,C=C(C)C(=O)OCCOCCOCCOC(=O)C(=C)C,C=C(C)C(=O)OCCOCCOCCOC(=O)C(=C)C,286.324,286.324,0.0,['none']
True,False,[],False,1,False,True,CCCCNC(=S)NCCCC,CCCCNC(=S)NCCCC,CCCCNC(=S)NCCCC,188.33999999999995,188.33999999999995,0.0,['none']
True,False,[],False,1,False,True,CN(C)CCCN,CN(C)CCCN,CN(C)CCCN,102.18100000000001,102.18100000000001,0.0,['none']
True,False,[],False,1,False,True,CCCOC(=O)C,CCCOC(C)=O,CCCOC(C)=O,102.13299999999998,102.13299999999998,0.0,['none']
True,False,[],True,2,False,True,B(F)(F)F.CCOCC,CCOCC,CCOCC,141.929,74.123,-67.806,"['salt_stripped', 'fragment_removed']"
True,False,[],False,1,False,True,CCCCC,CCCCC,CCCCC,72.151,72.151,0.0,['none']
True,False,[],False,1,False,True,CCCC=C,C=CCCC,C=CCCC,70.135,70.135,0.0,['none']
True,True,['Li'],True,2,True,True,[Li+].CCC[CH2-],[CH2-]CCC,CCCC,64.057,58.123999999999995,-5.933000000000007,"['salt_stripped', 'metal:Li', 'fragment_removed', 'charge_normalized']"
True,True,['Mg'],True,3,True,True,C[O-].C[O-].[Mg+2],C[O-],CO,86.373,32.042,-54.331,"['salt_stripped', 'metal:Mg', 'fragment_removed', 'charge_normalized']"
True,False,[],False,1,False,True,CC1=NC(=NC2=CC=CC=C12)CCl,Cc1nc(CCl)nc2ccccc12,Cc1nc(CCl)nc2ccccc12,192.64899999999997,192.64899999999997,0.0,['none']
True,False,[],False,1,False,True,CC(C)COC(=O)C,CC(=O)OCC(C)C,CC(=O)OCC(C)C,116.15999999999998,116.15999999999998,0.0,['none']
True,False,[],False,1,False,True,CCCCCCCCCCCCCC(=O)OC(C)C,CCCCCCCCCCCCCC(=O)OC(C)C,CCCCCCCCCCCCCC(=O)OC(C)C,270.45699999999994,270.45699999999994,0.0,['none']
True,False,[],False,1,False,True,CCCCCCCCCC(C)C=O,CCCCCCCCCC(C)C=O,CCCCCCCCCC(C)C=O,184.323,184.323,0.0,['none']
True,False,[],False,1,False,True,CCCCCCCCCC(=O)OC,CCCCCCCCCC(=O)OC,CCCCCCCCCC(=O)OC,186.295,186.295,0.0,['none']
True,False,[],False,1,False,True,CC=CC=CC(=O)O,CC=CC=CC(=O)O,CC=CC=CC(=O)O,112.12799999999999,112.12799999999999,0.0,['none']
True,False,[],False,1,False,True,CN(C)CCCN(C)C,CN(C)CCCN(C)C,CN(C)CCCN(C)C,130.23499999999999,130.23499999999999,0.0,['none']
True,False,[],False,1,False,True,C(CN(CC#N)CC#N)CN(CC#N)CC#N,N#CCN(CC#N)CCCN(CC#N)CC#N,N#CCN(CC#N)CCCN(CC#N)CC#N,230.27499999999998,230.27499999999998,0.0,['none']
True,False,[],False,1,False,True,CCO[Si](=O)O,CCO[Si](=O)O,CCO[Si](=O)O,106.15299999999998,106.15299999999998,0.0,['none']
True,False,[],False,1,False,True,CCCCCCCC(=O)OC,CCCCCCCC(=O)OC,CCCCCCCC(=O)OC,158.24099999999999,158.24099999999999,0.0,['none']
True,False,[],False,1,False,True,CCCCCCC(=O)O,CCCCCCC(=O)O,CCCCCCC(=O)O,130.187,130.187,0.0,['none']
True,False,[],False,1,False,True,CN(C)CCCCCCN(C)C,CN(C)CCCCCCN(C)C,CN(C)CCCCCCN(C)C,172.316,172.316,0.0,['none']
True,False,[],False,1,False,True,CCCCCCO,CCCCCCO,CCCCCCO,102.17699999999999,102.17699999999999,0.0,['none']
True,False,[],False,1,False,True,C(CCO)CCO,OCCCCCO,OCCCCCO,104.149,104.149,0.0,['none']
True,False,[],False,1,False,True,C(CCl)OCCCl,ClCCOCCCl,ClCCOCCCl,143.013,143.013,0.0,['none']
True,False,[],False,1,False,True,C1CCCNCC1,C1CCCNCC1,C1CCCNCC1,99.17699999999999,99.17699999999999,0.0,['none']
True,False,[],False,1,False,True,CCCCCCCCCCCCCCCCCC(=O)NCCO,CCCCCCCCCCCCCCCCCC(=O)NCCO,CCCCCCCCCCCCCCCCCC(=O)NCCO,327.553,327.553,0.0,['none']
True,False,[],False,1,False,True,CCCCCCCO,CCCCCCCO,CCCCCCCO,116.204,116.204,0.0,['none']
True,False,[],False,1,False,True,CCCCCCC=O,CCCCCCC=O,CCCCCCC=O,114.18799999999999,114.18799999999999,0.0,['none']
True,False,[],False,1,False,True,C1CC=CCCC=C1,C1=CCCC=CCC1,C1=CCCC=CCC1,108.184,108.184,0.0,['none']
True,False,[],False,1,False,True,CCCCCCCCCCCC(=O)OC,CCCCCCCCCCCC(=O)OC,CCCCCCCCCCCC(=O)OC,214.34899999999996,214.34899999999996,0.0,['none']
True,False,[],False,1,False,True,CCCCCCCCO,CCCCCCCCO,CCCCCCCCO,130.23100000000002,130.23100000000002,0.0,['none']
True,False,[],True,2,False,True,CCCCCCCC(=O)O.C(C(CO)O)O,CCCCCCCC(=O)O,CCCCCCCC(=O)O,236.308,144.214,-92.094,"['salt_stripped', 'fragment_removed']"
True,False,[],True,2,False,True,C(CC(C(=O)O)N)CN=C(N)N.Cl,NC(N)=NCCCC(N)C(=O)O,NC(N)=NCCCC(N)C(=O)O,210.665,174.20399999999998,-36.46100000000001,"['salt_stripped', 'fragment_removed']"
True,False,[],True,2,False,True,CCCCCCCCCCCCCCCC[N+](C)(C)C.[Cl-],CCCCCCCCCCCCCCCC[N+](C)(C)C,CCCCCCCCCCCCCCCC[N+](C)(C)C,320.005,284.55199999999996,-35.45300000000003,"['salt_stripped', 'fragment_removed']"
True,False,[],False,1,False,True,CCCCCCCCC(=O)O,CCCCCCCCC(=O)O,CCCCCCCCC(=O)O,158.241,158.241,0.0,['none']
True,False,[],False,1,False,True,CCCCCCCCC=CCCCCCCCC(=O)OC(C)C,CCCCCCCCC=CCCCCCCCC(=O)OC(C)C,CCCCCCCCC=CCCCCCCCC(=O)OC(C)C,324.549,324.549,0.0,['none']
True,False,[],False,1,False,True,CCOCCOCCOC(=O)C,CCOCCOCCOC(C)=O,CCOCCOCCOC(C)=O,176.212,176.212,0.0,['none']
True,False,[],False,1,False,True,CCCCCCCCCCO,CCCCCCCCCCO,CCCCCCCCCCO,158.285,158.285,0.0,['none']
True,False,[],False,1,False,True,CCCCCCCCCCCCCCCC(=O)OC,CCCCCCCCCCCCCCCC(=O)OC,CCCCCCCCCCCCCCCC(=O)OC,270.45699999999994,270.45699999999994,0.0,['none']
True,False,[],False,1,False,True,C(CCCCCO)CCCCO,OCCCCCCCCCCO,OCCCCCCCCCCO,174.28399999999996,174.28399999999996,0.0,['none']
True,False,[],False,1,False,True,CCOCCOCCOCCO,CCOCCOCCOCCO,CCOCCOCCOCCO,178.22799999999998,178.22799999999998,0.0,['none']
True,False,[],False,1,False,True,CCCCCCCCCCCCO,CCCCCCCCCCCCO,CCCCCCCCCCCCO,186.33899999999997,186.33899999999997,0.0,['none']
True,False,[],False,1,False,True,CCCCCCCCCCCCCCCCCC(=O)OC,CCCCCCCCCCCCCCCCCC(=O)OC,CCCCCCCCCCCCCCCCCC(=O)OC,298.51099999999997,298.51099999999997,0.0,['none']
True,False,[],False,1,False,True,CCCCOCCOCCOCCCC,CCCCOCCOCCOCCCC,CCCCOCCOCCOCCCC,218.33699999999993,218.33699999999993,0.0,['none']
True,False,[],False,1,False,True,CCCCCCCCCCCCCCCCCCO,CCCCCCCCCCCCCCCCCCO,CCCCCCCCCCCCCCCCCCO,270.50099999999986,270.50099999999986,0.0,['none']
True,False,[],False,1,False,True,CC(=O)C1=CC=C(C2=CC=CC=C21)C(=O)NCC(=O)NCC(F)(F)F,CC(=O)c1ccc(C(=O)NCC(=O)NCC(F)(F)F)c2ccccc12,CC(=O)c1ccc(C(=O)NCC(=O)NCC(F)(F)F)c2ccccc12,352.31199999999995,352.31199999999995,0.0,['none']
True,False,[],False,1,False,True,C1=C(C=C(C=C1C(F)(F)F)Cl)C(=O)C(F)(F)F,O=C(c1cc(Cl)cc(C(F)(F)F)c1)C(F)(F)F,O=C(c1cc(Cl)cc(C(F)(F)F)c1)C(F)(F)F,276.563,276.563,0.0,['none']
True,False,[],False,1,False,True,C1COCCN1CCCS(=O)(=O)O,O=S(=O)(O)CCCN1CCOCC1,O=S(=O)(O)CCCN1CCOCC1,209.267,209.267,0.0,['none']
True,False,[],False,1,False,True,CCCC(=O)OC1C=CC2C1C3CCC2C3,CCCC(=O)OC1C=CC2C3CCC(C3)C12,CCCC(=O)OC1C=CC2C3CCC(C3)C12,220.31199999999995,220.31199999999995,0.0,['none']
True,False,[],False,1,False,True,C1=CC=C(C=C1)C(=O)C2=C(C(=C(C=C2)O)O)O,O=C(c1ccccc1)c1ccc(O)c(O)c1O,O=C(c1ccccc1)c1ccc(O)c(O)c1O,230.219,230.219,0.0,['none']
True,False,[],False,1,False,True,CCCCCCCCCCCC(=O)NCCCN(C)C,CCCCCCCCCCCC(=O)NCCCN(C)C,CCCCCCCCCCCC(=O)NCCCN(C)C,284.488,284.488,0.0,['none']
True,False,[],False,1,False,True,COC,COC,COC,46.069,46.069,0.0,['none']
True,False,[],False,1,False,True,C12C(C(=O)OC1=O)C3(C(=C(C2(C3(Cl)Cl)Cl)Cl)Cl)Cl,O=C1OC(=O)C2C1C1(Cl)C(Cl)=C(Cl)C2(Cl)C1(Cl)Cl,O=C1OC(=O)C2C1C1(Cl)C(Cl)=C(Cl)C2(Cl)C1(Cl)Cl,370.8299999999999,370.8299999999999,0.0,['none']
True,False,[],False,1,False,True,CC1=C(C(=O)NC(=O)N1CC2=C(C=CC=C2F)C(F)(F)F)I,Cc1c(I)c(=O)[nH]c(=O)n1Cc1c(F)cccc1C(F)(F)F,Cc1c(I)c(=O)[nH]c(=O)n1Cc1c(F)cccc1C(F)(F)F,428.12299999999993,428.12299999999993,0.0,['none']
True,False,[],False,1,False,True,C(C(C(C(C(=O)CO)O)O)O)NC=O,O=CNCC(O)C(O)C(O)C(=O)CO,O=CNCC(O)C(O)C(O)C(=O)CO,207.18200000000002,207.18200000000002,0.0,['none']
True,False,[],False,1,False,True,C1CN(CCC1NC2=CC=CC=C2)CC3=CC=CC=C3,c1ccc(CN2CCC(Nc3ccccc3)CC2)cc1,c1ccc(CN2CCC(Nc3ccccc3)CC2)cc1,266.388,266.388,0.0,['none']
True,False,[],False,1,False,True,CC(=O)CO,CC(=O)CO,CC(=O)CO,74.079,74.079,0.0,['none']
True,False,[],False,1,False,True,C(=C(F)F)(C(F)(F)F)F,FC(F)=C(F)C(F)(F)F,FC(F)=C(F)C(F)(F)F,150.021,150.021,0.0,['none']
True,False,[],False,1,False,True,CC1=C(C(CC=C1)(C)C)C=O,CC1=C(C=O)C(C)(C)CC=C1,CC1=C(C=O)C(C)(C)CC=C1,150.22099999999998,150.22099999999998,0.0,['none']
True,False,[],False,1,False,True,CC1=CC(=C(C(=C1)C)NC2=C3C(=C(C=C2)NC4=C(C=C(C=C4C)C)C)C(=O)C5=CC=CC=C5C3=O)C,Cc1cc(C)c(Nc2ccc(Nc3c(C)cc(C)cc3C)c3c2C(=O)c2ccccc2C3=O)c(C)c1,Cc1cc(C)c(Nc2ccc(Nc3c(C)cc(C)cc3C)c3c2C(=O)c2ccccc2C3=O)c(C)c1,474.6040000000003,474.6040000000003,0.0,['none']
True,False,[],False,1,False,True,C1=C(C=C(C(=C1[N+](=O)[O-])O)O)C=O,O=Cc1cc(O)c(O)c([N+](=O)[O-])c1,O=Cc1cc(O)c(O)c([N+](=O)[O-])c1,183.119,183.119,0.0,['none']
True,False,[],False,1,False,True,CCCC(=NO[Si](C1=CC=CC=C1)(ON=C(C)CCC)ON=C(C)CCC)C,CCCC(C)=NO[Si](ON=C(C)CCC)(ON=C(C)CCC)c1ccccc1,CCCC(C)=NO[Si](ON=C(C)CCC)(ON=C(C)CCC)c1ccccc1,405.61500000000035,405.61500000000035,0.0,['none']
True,False,[],False,1,False,True,CCCC(=NO[Si](ON=C(C)CCC)(ON=C(C)CCC)ON=C(C)CCC)C,CCCC(C)=NO[Si](ON=C(C)CCC)(ON=C(C)CCC)ON=C(C)CCC,CCCC(C)=NO[Si](ON=C(C)CCC)(ON=C(C)CCC)ON=C(C)CCC,428.6500000000003,428.6500000000003,0.0,['none']
True,False,[],False,1,False,True,CC(=O)C1=NOC(C1)C2=C(C=CC=C2F)F,CC(=O)C1=NOC(c2c(F)cccc2F)C1,CC(=O)C1=NOC(c2c(F)cccc2F)C1,225.194,225.194,0.0,['none']
True,False,[],False,1,False,True,COC=C(C1=CC=CC=C1CCl)C(=O)OC,COC=C(C(=O)OC)c1ccccc1CCl,COC=C(C(=O)OC)c1ccccc1CCl,240.68599999999995,240.68599999999995,0.0,['none']
True,True,['Na'],True,2,True,True,CCCCCC1C(CCC1O)CC(=O)O.[Na],CCCCCC1C(O)CCC1CC(=O)[O-],CCCCCC1C(O)CCC1CC(=O)O,237.295,214.30499999999998,-22.99000000000001,"['salt_stripped', 'metal:Na', 'fragment_removed', 'charge_normalized']"
True,False,[],False,1,False,True,C1=CC=C(C=C1)COC(=O)C2=CC=CC=C2O,O=C(OCc1ccccc1)c1ccccc1O,O=C(OCc1ccccc1)c1ccccc1O,228.24699999999999,228.24699999999999,0.0,['none']
True,True,['K'],True,2,True,True,CC(C(=O)[O-])OC1=CC=C(C=C1)O.[K+],CC(Oc1ccc(O)cc1)C(=O)[O-],CC(Oc1ccc(O)cc1)C(=O)O,220.265,182.17499999999998,-38.09,"['salt_stripped', 'metal:K', 'fragment_removed', 'charge_normalized']"
True,True,['Na'],True,3,True,True,C1=CC(=CC=C1NS(=O)(=O)C2=CC=C(C=C2)N=NC3=C(C=C(C=C3)O)O)N=NC4=C(C5=C(C(=C(C=C5C=C4S(=O)(=O)[O-])S(=O)(=O)[O-])N=NC6=CC=C(C=C6)[N+](=O)[O-])N)O.[Na+].[Na+],Nc1c(N=Nc2ccc([N+](=O)[O-])cc2)c(S(=O)(=O)[O-])cc2cc(S(=O)(=O)[O-])c(N=Nc3ccc(NS(=O)(=O)c4ccc(N=Nc5ccc(O)cc5O)cc4)cc3)c(O)c12,Nc1c(N=Nc2ccc([N+](=O)[O-])cc2)c(S(=O)(=O)O)cc2cc(S(=O)(=O)O)c(N=Nc3ccc(NS(=O)(=O)c4ccc(N=Nc5ccc(O)cc5O)cc4)cc3)c(O)c12,907.7890000000002,863.8250000000003,-43.96399999999994,"['salt_stripped', 'metal:Na', 'fragment_removed', 'charge_normalized']"
True,False,[],False,1,False,True,CC(CCOC(=O)C(=C)C)OC(=O)C(=C)C,C=C(C)C(=O)OCCC(C)OC(=O)C(=C)C,C=C(C)C(=O)OCCC(C)OC(=O)C(=C)C,226.27199999999996,226.27199999999996,0.0,['none']
True,False,[],False,1,False,True,C1=C(C=C(C=C1Cl)I)C(F)(F)F,FC(F)(F)c1cc(Cl)cc(I)c1,FC(F)(F)c1cc(Cl)cc(I)c1,306.452,306.452,0.0,['none']
True,False,[],False,1,False,True,C1=C(C=C(C(=C1Cl)F)Cl)C(=O)C(F)(F)F,O=C(c1cc(Cl)c(F)c(Cl)c1)C(F)(F)F,O=C(c1cc(Cl)c(F)c(Cl)c1)C(F)(F)F,261.001,261.001,0.0,['none']
True,False,[],True,2,True,True,C(=O)(C(OC1(C(OC(O1)(F)F)(OC(F)(F)F)F)F)(F)F)[O-].[NH4+],O=C([O-])C(F)(F)OC1(F)OC(F)(F)OC1(F)OC(F)(F)F,O=C(O)C(F)(F)OC1(F)OC(F)(F)OC1(F)OC(F)(F)F,357.0809999999999,340.0499999999999,-17.031000000000006,"['salt_stripped', 'fragment_removed', 'charge_normalized']"
True,False,[],False,1,False,True,C(=O)(C(OC1(C(OC(O1)(F)F)(OC(F)(F)F)F)F)(F)F)O,O=C(O)C(F)(F)OC1(F)OC(F)(F)OC1(F)OC(F)(F)F,O=C(O)C(F)(F)OC1(F)OC(F)(F)OC1(F)OC(F)(F)F,340.0499999999999,340.0499999999999,0.0,['none']
True,False,[],False,1,False,True,CCCCN(C)C(=NC1CCCCC1)NC2CCCCC2,CCCCN(C)C(=NC1CCCCC1)NC1CCCCC1,CCCCN(C)C(=NC1CCCCC1)NC1CCCCC1,293.499,293.499,0.0,['none']
True,False,[],False,1,False,True,CCC(CC1=CC=CC=C1)(C(=O)C2=CC=C(C=C2)N3CCOCC3)N(C)C,CCC(Cc1ccccc1)(C(=O)c1ccc(N2CCOCC2)cc1)N(C)C,CCC(Cc1ccccc1)(C(=O)c1ccc(N2CCOCC2)cc1)N(C)C,366.5050000000002,366.5050000000002,0.0,['none']
True,False,[],False,1,False,True,CC1=CC(=O)N(C1=O)CC2=CC(=CC=C2)CN3C(=O)C=C(C3=O)C,CC1=CC(=O)N(Cc2cccc(CN3C(=O)C=C(C)C3=O)c2)C1=O,CC1=CC(=O)N(Cc2cccc(CN3C(=O)C=C(C)C3=O)c2)C1=O,324.3360000000001,324.3360000000001,0.0,['none']
True,False,[],False,1,False,True,CCN(CCOC(=O)NCCC[Si](OCC)(OCC)OCC)C1=CC=C(C=C1)N=O,CCO[Si](CCCNC(=O)OCCN(CC)c1ccc(N=O)cc1)(OCC)OCC,CCO[Si](CCCNC(=O)OCCN(CC)c1ccc(N=O)cc1)(OCC)OCC,441.6010000000002,441.6010000000002,0.0,['none']
True,False,[],False,1,False,True,CCOC(=O)C1=CC=C(C=C1)O,CCOC(=O)c1ccc(O)cc1,CCOC(=O)c1ccc(O)cc1,166.176,166.176,0.0,['none']
True,False,[],False,1,False,True,C1=CC=C(C=C1)C(=O)OCCOCCOC(=O)C2=CC=CC=C2,O=C(OCCOCCOC(=O)c1ccccc1)c1ccccc1,O=C(OCCOCCOC(=O)c1ccccc1)c1ccccc1,314.33699999999993,314.33699999999993,0.0,['none']
True,False,[],False,1,False,True,C1CNC(=O)N1,O=C1NCCN1,O=C1NCCN1,86.094,86.094,0.0,['none']
True,False,[],False,1,False,True,C[N+](C)(CCCNC=O)CC(=O)[O-],C[N+](C)(CCCNC=O)CC(=O)[O-],C[N+](C)(CCCNC=O)CC(=O)[O-],188.22699999999998,188.22699999999998,0.0,['none']
True,True,"['Fe', 'Z22']",True,8,False,True,[O-2].[O-2].[O-2].[O-2].[O-2].[Ti+4].[Fe+3].[Fe+3],[Fe+3],[Fe+3],239.552,55.845,-183.707,"['salt_stripped', 'metal:Fe,Z22', 'fragment_removed']"
True,True,"['Sn', 'K']",True,11,True,True,[OH-].[OH-].[OH-].[OH-].[OH-].[OH-].[K+].[K+].[K+].[K+].[Sn+4],[OH-],O,377.14500000000004,18.015,-359.13000000000005,"['salt_stripped', 'metal:Sn,K', 'fragment_removed', 'charge_normalized']"
True,True,"['Sn', 'Na']",True,9,True,True,[OH-].[OH-].[OH-].[OH-].[OH-].[OH-].[Na+].[Na+].[Sn+4],[OH-],O,266.733,18.015,-248.71800000000002,"['salt_stripped', 'metal:Sn,Na', 'fragment_removed', 'charge_normalized']"
True,True,"['Ni', 'Mn', 'Li']",True,11,False,True,[Li+].[Li+].[O-2].[O-2].[O-2].[O-2].[O-2].[Mn+2].[Mn+2].[Ni+2].[Ni+2],[Ni+2],[Ni+2],321.13899999999995,58.693,-262.44599999999997,"['salt_stripped', 'metal:Ni,Mn,Li', 'fragment_removed']"
True,True,"['Li', 'Z22']",True,9,True,True,[Li+].[Li+].[Li+].[Li+].O[Ti](=O)[O-].O[Ti](=O)[O-].O[Ti](=O)[O-].O[Ti](=O)[O-].[Ti],[OH-],O,463.11900000000014,18.015,-445.10400000000016,"['salt_stripped', 'metal:Li,Z22', 'fragment_removed', 'charge_normalized']"
True,False,[],True,17,False,True,[O-2].[O-2].[O-2].[O-2].[O-2].[O-2].[O-2].[O-2].[O-2].[O-2].[O-2].[Pr+3].[Pr+3].[Pr+3].[Pr+3].[Pr+3].[Pr+3],[Pr+3],[Pr+3],1021.437,140.908,-880.529,"['salt_stripped', 'fragment_removed']"
True,False,[],False,1,False,True,C1=CC2=C(C=C1C(=O)Cl)C(=O)OC2=O,O=C(Cl)c1ccc2c(c1)C(=O)OC2=O,O=C(Cl)c1ccc2c(c1)C(=O)OC2=O,210.57199999999997,210.57199999999997,0.0,['none']
True,True,['Al'],True,8,True,True,[OH-].[OH-].[OH-].[OH-].[OH-].[Al+3].[Al+3].[Cl-],[OH-],O,174.452,18.015,-156.437,"['salt_stripped', 'metal:Al', 'fragment_removed', 'charge_normalized']"
True,True,"['K', 'Z22']",True,21,False,True,[O-2].[O-2].[O-2].[O-2].[O-2].[O-2].[O-2].[O-2].[O-2].[O-2].[O-2].[O-2].[O-2].[K+].[K+].[Ti+4].[Ti+4].[Ti+4].[Ti+4].[Ti+4].[Ti+4],[Ti+4],[Ti+4],573.385,47.867,-525.518,"['salt_stripped', 'metal:K,Z22', 'fragment_removed']"
True,False,[],False,1,False,True,C(COC=O)OCCOC=O,O=COCCOCCOC=O,O=COCCOCCOC=O,162.141,162.141,0.0,['none']
True,True,"['Sn', 'Na']",True,3,False,True,[O-][Sn](=O)[O-].[Na+].[Na+],[Sn+4],[Sn+4],212.68800000000002,118.711,-93.97700000000002,"['salt_stripped', 'metal:Sn,Na', 'fragment_removed']"
True,True,"['Z38', 'Z22']",True,2,False,True,[O-][Ti](=O)[O-].[Sr+2],[Sr+2],[Sr+2],183.48399999999998,87.62,-95.86399999999998,"['salt_stripped', 'metal:Z38,Z22', 'fragment_removed']"
True,False,[],True,5,False,True,[O-2].[O-2].[O-2].[Er+3].[Er+3],[Er+3],[Er+3],382.517,167.26,-215.257,"['salt_stripped', 'fragment_removed']"
True,True,"['Fe', 'Mn']",True,5,False,True,[O-2].[O-2].[O-2].[Mn+2].[Fe+3],[Fe+3],[Fe+3],158.78,55.845,-102.935,"['salt_stripped', 'metal:Fe,Mn', 'fragment_removed']"
True,False,[],True,5,False,True,[O-2].[O-2].[O-2].[Gd+3].[Gd+3],[Gd+3],[Gd+3],362.497,157.25,-205.247,"['salt_stripped', 'fragment_removed']"
True,True,"['Zn', 'Al']",True,9,False,True,[O-2].[O-2].[O-2].[O-2].[O-2].[Al+3].[Al+3].[Zn+2].[Zn+2],[Zn+2],[Zn+2],264.739,65.39,-199.349,"['salt_stripped', 'metal:Zn,Al', 'fragment_removed']"
True,False,[],False,1,False,True,B12B3C14B2B43,B12B3B4B1C234,B12B3B4B1C234,55.25899999999999,55.25899999999999,0.0,['none']
True,False,[],False,1,False,True,C1=CC=C2C(=C1)C(=O)N(C(=O)N2)CCO,O=c1[nH]c2ccccc2c(=O)n1CCO,O=c1[nH]c2ccccc2c(=O)n1CCO,206.20099999999996,206.20099999999996,0.0,['none']
True,False,[],False,1,False,True,CCOC(=O)C1C(O1)C2=CC=CC=C2,CCOC(=O)C1OC1c1ccccc1,CCOC(=O)C1OC1c1ccccc1,192.214,192.214,0.0,['none']
True,False,[],False,1,False,True,CCOC1=C(C(=CC=C1)F)F,CCOc1cccc(F)c1F,CCOc1cccc(F)c1F,158.14699999999996,158.14699999999996,0.0,['none']
True,False,[],True,2,True,True,[NH4+].[F-],[NH4+],N,37.037000000000006,17.031,-20.006000000000007,"['salt_stripped', 'fragment_removed', 'charge_normalized']"
True,True,['Mg'],True,17,True,True,C(=O)([O-])[O-].C(=O)([O-])[O-].C(=O)([O-])[O-].C(=O)([O-])[O-].O.O.O.O.O.[OH-].[OH-].[Mg+2].[Mg+2].[Mg+2].[Mg+2].[Mg+2].[Mg+2],O=C([O-])[O-],O=C(O)O,509.9510000000002,62.02400000000001,-447.9270000000002,"['salt_stripped', 'metal:Mg', 'fragment_removed', 'charge_normalized']"
True,True,['Z46'],True,3,True,True,[OH-].[OH-].[Pd+2],[OH-],O,140.434,18.015,-122.419,"['salt_stripped', 'metal:Z46', 'fragment_removed', 'charge_normalized']"
True,False,[],False,1,False,True,C1=CC(=C(C(=C1)F)C(=O)NC(=O)NC2=CC(=C(C(=C2F)Cl)OC(C(C(F)(F)F)F)(F)F)Cl)F,O=C(NC(=O)c1c(F)cccc1F)Nc1cc(Cl)c(OC(F)(F)C(F)C(F)(F)F)c(Cl)c1F,O=C(NC(=O)c1c(F)cccc1F)Nc1cc(Cl)c(OC(F)(F)C(F)C(F)(F)F)c(Cl)c1F,529.142,529.142,0.0,['none']
True,True,['Cu'],True,4,True,True,[OH-].[O-]P(=O)([O-])[O-].[Cu+2].[Cu+2],O=P([O-])([O-])[O-],O=P(O)(O)O,239.069,97.99399999999999,-141.075,"['salt_stripped', 'metal:Cu', 'fragment_removed', 'charge_normalized']"
True,True,"['Fe', 'K']",True,4,False,True,[O-2].[O-2].[K+].[Fe+3],[Fe+3],[Fe+3],126.941,55.845,-71.096,"['salt_stripped', 'metal:Fe,K', 'fragment_removed']"
True,False,[],False,1,False,True,CC(C)(C)C1=CC(=CC(=C1OP2OC3=CC=CC=C3C4=CC=CC=C4O2)C5=C(C(=CC(=C5)OC)C(C)(C)C)OP6OC7=CC=CC=C7C8=CC=CC=C8O6)OC,COc1cc(-c2cc(OC)cc(C(C)(C)C)c2Op2oc3ccccc3c3ccccc3o2)c(Op2oc3ccccc3c3ccccc3o2)c(C(C)(C)C)c1,COc1cc(-c2cc(OC)cc(C(C)(C)C)c2Op2oc3ccccc3c3ccccc3o2)c(Op2oc3ccccc3c3ccccc3o2)c(C(C)(C)C)c1,786.7980000000003,786.7980000000003,0.0,['none']
True,True,['Ca'],True,9,True,True,[OH-].[O-]P(=O)([O-])[O-].[O-]P(=O)([O-])[O-].[O-]P(=O)([O-])[O-].[Ca+2].[Ca+2].[Ca+2].[Ca+2].[Ca+2],O=P([O-])([O-])[O-],O=P(O)(O)O,502.3069999999999,97.99399999999999,-404.31299999999993,"['salt_stripped', 'metal:Ca', 'fragment_removed', 'charge_normalized']"
True,False,[],True,5,True,True,[O-2].[O-2].[O-][Si](=O)[O-].[Lu+3].[Lu+3],O=[Si]([O-])[O-],O=[Si](O)O,458.015,78.099,-379.916,"['salt_stripped', 'fragment_removed', 'charge_normalized']"
True,False,[],False,1,False,True,CC1(N(CC(O1)C2=CC=CO2)C(=O)C(Cl)Cl)C,CC1(C)OC(c2ccco2)CN1C(=O)C(Cl)Cl,CC1(C)OC(c2ccco2)CN1C(=O)C(Cl)Cl,278.135,278.135,0.0,['none']
True,False,[],False,1,False,True,CCC(=O)OCC1=CC=CC=C1,CCC(=O)OCc1ccccc1,CCC(=O)OCc1ccccc1,164.204,164.204,0.0,['none']
True,False,[],False,1,False,True,C1=CC=C(C=C1)CC=O,O=CCc1ccccc1,O=CCc1ccccc1,120.15099999999997,120.15099999999997,0.0,['none']
True,False,[],False,1,False,True,C1=CC=C(C=C1)CCCO,OCCCc1ccccc1,OCCCc1ccccc1,136.194,136.194,0.0,['none']
True,False,[],False,1,False,True,C1=CC=C(C=C1)OCCO,OCCOc1ccccc1,OCCOc1ccccc1,138.166,138.166,0.0,['none']
True,False,[],False,1,False,True,COC1=C(C=C(C=C1)C(=O)NC2=CC=CC=C2)N=NC3=C(C(=CC4=CC=CC=C43)C(=O)NC5=CC6=C(C=C5)NC(=O)N6)O,COc1ccc(C(=O)Nc2ccccc2)cc1N=Nc1c(O)c(C(=O)Nc2ccc3[nH]c(=O)[nH]c3c2)cc2ccccc12,COc1ccc(C(=O)Nc2ccccc2)cc1N=Nc1c(O)c(C(=O)Nc2ccc3[nH]c(=O)[nH]c3c2)cc2ccccc12,572.5810000000004,572.5810000000004,0.0,['none']
True,False,[],False,1,False,True,CNS(=O)(=O)C1=C(C=C(C(=C1)OC)N=NC2=C(C(=CC3=CC=CC=C32)C(=O)NC4=CC5=C(C=C4)NC(=O)N5)O)OC,CNS(=O)(=O)c1cc(OC)c(N=Nc2c(O)c(C(=O)Nc3ccc4[nH]c(=O)[nH]c4c3)cc3ccccc23)cc1OC,CNS(=O)(=O)c1cc(OC)c(N=Nc2c(O)c(C(=O)Nc3ccc4[nH]c(=O)[nH]c4c3)cc3ccccc23)cc1OC,576.5910000000002,576.5910000000002,0.0,['none']
True,False,[],False,1,False,True,CC(=O)C(C(=O)NC1=CC(=C(C=C1OC)Cl)OC)N=NC2=CC(=C(C=C2OC)S(=O)(=O)NC3=CC=CC=C3)OC,COc1cc(NC(=O)C(N=Nc2cc(OC)c(S(=O)(=O)Nc3ccccc3)cc2OC)C(C)=O)c(OC)cc1Cl,COc1cc(NC(=O)C(N=Nc2cc(OC)c(S(=O)(=O)Nc3ccccc3)cc2OC)C(C)=O)c(OC)cc1Cl,591.0420000000003,591.0420000000003,0.0,['none']
True,True,"['Fe', 'Cu']",True,10,False,True,CCN(CC)C1=CC2=C(C=C1)C(=C3C=CC(=[N+](CC)CC)C=C3O2)C4=CC=CC=C4C(=O)OCC.CCN(CC)C1=CC2=C(C=C1)C(=C3C=CC(=[N+](CC)CC)C=C3O2)C4=CC=CC=C4C(=O)OCC.[C-]#N.[C-]#N.[C-]#N.[C-]#N.[C-]#N.[C-]#N.[Fe+2].[Cu+2],CCOC(=O)c1ccccc1-c1c2ccc(=[N+](CC)CC)cc-2oc2cc(N(CC)CC)ccc12,CCOC(=O)c1ccccc1-c1c2ccc(=[N+](CC)CC)cc-2oc2cc(N(CC)CC)ccc12,1218.7409999999998,471.6210000000003,-747.1199999999994,"['salt_stripped', 'metal:Fe,Cu', 'fragment_removed']"
True,False,[],False,1,False,True,C(CCN)CC(C(=O)NC(CCCN)C(=O)NC(CCCCN)C(=O)O)N,NCCCCC(N)C(=O)NC(CCCN)C(=O)NC(CCCCN)C(=O)O,NCCCCC(N)C(=O)NC(CCCN)C(=O)NC(CCCCN)C(=O)O,388.5130000000002,388.5130000000002,0.0,['none']
True,False,[],False,1,False,True,CC(CC1=C(C=C(C=C1Cl)Cl)Cl)NOC,CONC(C)Cc1c(Cl)cc(Cl)cc1Cl,CONC(C)Cc1c(Cl)cc(Cl)cc1Cl,268.571,268.571,0.0,['none']
True,False,[],False,1,False,True,CC(=O)CC1=C(C=C(C=C1Cl)Cl)Cl,CC(=O)Cc1c(Cl)cc(Cl)cc1Cl,CC(=O)Cc1c(Cl)cc(Cl)cc1Cl,237.51299999999998,237.51299999999998,0.0,['none']
True,False,[],False,1,False,True,CC(=NOC)CC1=C(C=C(C=C1Cl)Cl)Cl,CON=C(C)Cc1c(Cl)cc(Cl)cc1Cl,CON=C(C)Cc1c(Cl)cc(Cl)cc1Cl,266.555,266.555,0.0,['none']
True,True,['Ca'],True,3,True,True,CC(=O)C(C(=O)NC1=CC=CC=C1)N=NC2=C(C=C(C=C2)S(=O)(=O)[O-])[N+](=O)[O-].CC(=O)C(C(=O)NC1=CC=CC=C1)N=NC2=C(C=C(C=C2)S(=O)(=O)[O-])[N+](=O)[O-].[Ca+2],CC(=O)C(N=Nc1ccc(S(=O)(=O)[O-])cc1[N+](=O)[O-])C(=O)Nc1ccccc1,CC(=O)C(N=Nc1ccc(S(=O)(=O)O)cc1[N+](=O)[O-])C(=O)Nc1ccccc1,850.8140000000002,406.37600000000015,-444.43800000000005,"['salt_stripped', 'metal:Ca', 'fragment_removed', 'charge_normalized']"
True,True,['Ca'],True,3,True,True,CC1=CC=CC=C1NC(=O)C(C(=O)C)N=NC2=C(C=C(C=C2)S(=O)(=O)[O-])[N+](=O)[O-].CC1=CC=CC=C1NC(=O)C(C(=O)C)N=NC2=C(C=C(C=C2)S(=O)(=O)[O-])[N+](=O)[O-].[Ca+2],CC(=O)C(N=Nc1ccc(S(=O)(=O)[O-])cc1[N+](=O)[O-])C(=O)Nc1ccccc1C,CC(=O)C(N=Nc1ccc(S(=O)(=O)O)cc1[N+](=O)[O-])C(=O)Nc1ccccc1C,878.868,420.40300000000013,-458.4649999999999,"['salt_stripped', 'metal:Ca', 'fragment_removed', 'charge_normalized']"
True,False,[],False,1,False,True,CCCCCCCCNC(=O)NC1=CC=C(C=C1)CC2=CC=C(C=C2)NC(=O)NCCCCCCCC,CCCCCCCCNC(=O)Nc1ccc(Cc2ccc(NC(=O)NCCCCCCCC)cc2)cc1,CCCCCCCCNC(=O)Nc1ccc(Cc2ccc(NC(=O)NCCCCCCCC)cc2)cc1,508.7510000000005,508.7510000000005,0.0,['none']
True,False,[],False,1,False,True,CCOC(=O)CCC(=O)OCC,CCOC(=O)CCC(=O)OCC,CCOC(=O)CCC(=O)OCC,174.19599999999997,174.19599999999997,0.0,['none']
True,False,[],False,1,False,True,CCCCCCCCCCCCOC(=O)CCSCCC(=O)OCCCCCCCCCCCC,CCCCCCCCCCCCOC(=O)CCSCCC(=O)OCCCCCCCCCCCC,CCCCCCCCCCCCOC(=O)CCSCCC(=O)OCCCCCCCCCCCC,514.8570000000005,514.8570000000005,0.0,['none']
True,False,[],False,1,False,True,CC(C)CCO,CC(C)CCO,CC(C)CCO,88.14999999999999,88.14999999999999,0.0,['none']
True,False,[],False,1,False,True,CCCCCC(=O)OCC,CCCCCC(=O)OCC,CCCCCC(=O)OCC,144.21399999999997,144.21399999999997,0.0,['none']
True,False,[],False,1,False,True,C(COC(=O)CS)OC(=O)CS,O=C(CS)OCCOC(=O)CS,O=C(CS)OCCOC(=O)CS,210.27599999999998,210.27599999999998,0.0,['none']
True,False,[],False,1,False,True,CC(C)CCOC(=O)C,CC(=O)OCCC(C)C,CC(=O)OCCC(C)C,130.18699999999998,130.18699999999998,0.0,['none']
True,False,[],False,1,False,True,CCCCCCC(C)O,CCCCCCC(C)O,CCCCCCC(C)O,130.231,130.231,0.0,['none']
True,False,[],False,1,False,True,CC1=NNC(=O)N(C1)N=CC2=CN=CC=C2,CC1=NNC(=O)N(N=Cc2cccnc2)C1,CC1=NNC(=O)N(N=Cc2cccnc2)C1,217.23200000000003,217.23200000000003,0.0,['none']
True,False,[],False,1,False,True,C1=CC=C2C(=C1)C(=O)C3=C(C=CC(=C3C2=O)NCCCOCCOCCO)NCCCOCCOCCO,O=C1c2ccccc2C(=O)c2c(NCCCOCCOCCO)ccc(NCCCOCCOCCO)c21,O=C1c2ccccc2C(=O)c2c(NCCCOCCOCCO)ccc(NCCCOCCOCCO)c21,530.6180000000006,530.6180000000006,0.0,['none']
True,False,[],False,1,False,True,CCCCCCCC(=O)O,CCCCCCCC(=O)O,CCCCCCCC(=O)O,144.214,144.214,0.0,['none']
True,False,[],False,1,False,True,CCCCCCCCCCCCCC(=O)OC,CCCCCCCCCCCCCC(=O)OC,CCCCCCCCCCCCCC(=O)OC,242.40299999999993,242.40299999999993,0.0,['none']
True,False,[],False,1,False,True,C[Si](C=C)(Cl)Cl,C=C[Si](C)(Cl)Cl,C=C[Si](C)(Cl)Cl,141.073,141.073,0.0,['none']
True,False,[],False,1,False,True,CC1=C(C=CC(=C1)OC(=O)C2=CC=C(C=C2)OCCCCCCOC(=O)C=C)OC(=O)C3=CC=C(C=C3)OCCCCCCOC(=O)C=C,C=CC(=O)OCCCCCCOc1ccc(C(=O)Oc2ccc(OC(=O)c3ccc(OCCCCCCOC(=O)C=C)cc3)c(C)c2)cc1,C=CC(=O)OCCCCCCOc1ccc(C(=O)Oc2ccc(OC(=O)c3ccc(OCCCCCCOC(=O)C=C)cc3)c(C)c2)cc1,672.771,672.771,0.0,['none']
True,False,[],False,1,False,True,B1(OC(C(O1)(C)C)(C)C)C2=CN(C3=C2C=C(C=N3)F)S(=O)(=O)C4=CC=C(C=C4)C,Cc1ccc(S(=O)(=O)n2cc(B3OC(C)(C)C(C)(C)O3)c3cc(F)cnc32)cc1,Cc1ccc(S(=O)(=O)n2cc(B3OC(C)(C)C(C)(C)O3)c3cc(F)cnc32)cc1,416.28300000000013,416.28300000000013,0.0,['none']
True,False,[],False,1,False,True,CC(C)C1=C(C(=C(N1CCC2CC(OC(O2)(C)C)CC(=O)OC(C)(C)C)C3=CC=C(C=C3)F)C4=CC=CC=C4)C(=O)NC5=CC=CC=C5,CC(C)c1c(C(=O)Nc2ccccc2)c(-c2ccccc2)c(-c2ccc(F)cc2)n1CCC1CC(CC(=O)OC(C)(C)C)OC(C)(C)O1,CC(C)c1c(C(=O)Nc2ccccc2)c(-c2ccccc2)c(-c2ccc(F)cc2)n1CCC1CC(CC(=O)OC(C)(C)C)OC(C)(C)O1,654.8230000000003,654.8230000000003,0.0,['none']
True,True,['Na'],True,2,True,True,C(C(CCl)O)S(=O)(=O)[O-].[Na+],O=S(=O)([O-])CC(O)CCl,O=S(=O)(O)CC(O)CCl,196.587,174.605,-21.982,"['salt_stripped', 'metal:Na', 'fragment_removed', 'charge_normalized']"
True,False,[],True,2,False,True,C(CO)N.C(C(=O)O)S,NCCO,NCCO,153.203,61.083999999999996,-92.119,"['salt_stripped', 'fragment_removed']"
True,True,['Li'],True,5,True,True,[Li+].[Li+].[Li+].[Li+].[O-][Si]([O-])([O-])[O-],[O-][Si]([O-])([O-])[O-],O[Si](O)(O)O,119.84599999999998,96.11399999999999,-23.731999999999985,"['salt_stripped', 'metal:Li', 'fragment_removed', 'charge_normalized']"
True,False,[],False,1,False,True,C1CC2C3C(C1C2=C(Cl)Cl)C(CCC3=O)O,O=C1CCC(O)C2C3CCC(C3=C(Cl)Cl)C12,O=C1CCC(O)C2C3CCC(C3=C(Cl)Cl)C12,261.14799999999997,261.14799999999997,0.0,['none']
True,False,[],False,1,False,True,C(=C(C(F)F)F)Cl,FC(=CCl)C(F)F,FC(=CCl)C(F)F,130.496,130.496,0.0,['none']
True,False,[],False,1,False,True,CCCCC(CC)COP(=O)(O)O,CCCCC(CC)COP(=O)(O)O,CCCCC(CC)COP(=O)(O)O,210.20999999999998,210.20999999999998,0.0,['none']
True,False,[],False,1,False,True,CO[Si](C1CCCC1)(C2CCCC2)OC,CO[Si](OC)(C1CCCC1)C1CCCC1,CO[Si](OC)(C1CCCC1)C1CCCC1,228.40799999999993,228.40799999999993,0.0,['none']
True,False,[],False,1,False,True,CC(=NO)C,CC(C)=NO,CC(C)=NO,73.095,73.095,0.0,['none']
True,False,[],False,1,False,True,CC(=O)N(C)C,CC(=O)N(C)C,CC(=O)N(C)C,87.122,87.122,0.0,['none']
True,True,['Na'],True,2,True,True,CC(C)COC(=O)CC(C(=O)OCC(C)C)S(=O)(=O)[O-].[Na+],CC(C)COC(=O)CC(C(=O)OCC(C)C)S(=O)(=O)[O-],CC(C)COC(=O)CC(C(=O)OCC(C)C)S(=O)(=O)O,332.35,310.368,-21.982000000000028,"['salt_stripped', 'metal:Na', 'fragment_removed', 'charge_normalized']"
True,True,['Na'],True,2,True,True,C1=CC=C(C=C1)S(=O)(=O)[N-]Cl.[Na+],O=S(=O)([N-]Cl)c1ccccc1,O=S(=O)(NCl)c1ccccc1,213.62099999999998,191.63899999999998,-21.982,"['salt_stripped', 'metal:Na', 'fragment_removed', 'charge_normalized']"
True,False,[],False,1,False,True,CC(C)(OCCN)OCCN,CC(C)(OCCN)OCCN,CC(C)(OCCN)OCCN,162.233,162.233,0.0,['none']
True,True,['Zn'],True,3,False,True,[B].[O-2].[Zn+2],[Zn+2],[Zn+2],92.201,65.39,-26.810999999999993,"['salt_stripped', 'metal:Zn', 'fragment_removed']"
True,False,[],False,1,False,True,C=CC(=O)OCC1CC2CC1C3C2CCC3,C=CC(=O)OCC1CC2CC1C1CCCC21,C=CC(=O)OCC1CC2CC1C1CCCC21,220.31199999999995,220.31199999999995,0.0,['none']
True,False,[],False,1,False,True,C1CC(=O)N(C1=O)Br,O=C1CCC(=O)N1Br,O=C1CCC(=O)N1Br,177.98499999999999,177.98499999999999,0.0,['none']
True,False,[],False,1,False,True,C1=CC2=C3C(=CC=C4C3=C1C5=C6C4=CC=C7C6=C(C=C5)C(=O)OC7=O)C(=O)OC2=O,O=C1OC(=O)c2ccc3c4ccc5c6c(ccc(c7ccc1c2c73)c64)C(=O)OC5=O,O=C1OC(=O)c2ccc3c4ccc5c6c(ccc(c7ccc1c2c73)c64)C(=O)OC5=O,392.3220000000002,392.3220000000002,0.0,['none']
True,False,[],False,1,False,True,CC1=C(C=C(C=C1)C2C(C(C(C(O2)COC(=O)C(C)(C)C)OC(=O)C(C)(C)C)OC(=O)C(C)(C)C)OC(=O)C(C)(C)C)CC3=CC=C(S3)C4=CC=C(C=C4)F,Cc1ccc(C2OC(COC(=O)C(C)(C)C)C(OC(=O)C(C)(C)C)C(OC(=O)C(C)(C)C)C2OC(=O)C(C)(C)C)cc1Cc1ccc(-c2ccc(F)cc2)s1,Cc1ccc(C2OC(COC(=O)C(C)(C)C)C(OC(=O)C(C)(C)C)C(OC(=O)C(C)(C)C)C2OC(=O)C(C)(C)C)cc1Cc1ccc(-c2ccc(F)cc2)s1,780.9960000000001,780.9960000000001,0.0,['none']
True,False,[],False,1,False,True,CCCCCCC(CCCCCCCCCCC(=O)NCC1=CC(=CC=C1)CNC(=O)CCCCCCCCCCC(CCCCCC)O)O,CCCCCCC(O)CCCCCCCCCCC(=O)NCc1cccc(CNC(=O)CCCCCCCCCCC(O)CCCCCC)c1,CCCCCCC(O)CCCCCCCCCCC(=O)NCc1cccc(CNC(=O)CCCCCCCCCCC(O)CCCCCC)c1,701.1339999999998,701.1339999999998,0.0,['none']
True,True,['Na'],True,3,True,True,C1=CC(=CC=C1N=NC2=C(C=C3C=C(C=CC3=C2O)NC4=NC(=NC(=N4)Cl)Cl)S(=O)(=O)[O-])S(=O)(=O)CCOS(=O)(=O)[O-].[Na+].[Na+],O=S(=O)([O-])OCCS(=O)(=O)c1ccc(N=Nc2c(S(=O)(=O)[O-])cc3cc(Nc4nc(Cl)nc(Cl)n4)ccc3c2O)cc1,O=S(=O)(O)OCCS(=O)(=O)c1ccc(N=Nc2c(S(=O)(=O)O)cc3cc(Nc4nc(Cl)nc(Cl)n4)ccc3c2O)cc1,723.4620000000001,679.498,-43.964000000000055,"['salt_stripped', 'metal:Na', 'fragment_removed', 'charge_normalized']"
True,False,[],False,1,False,True,CC(C)C1=NN(C(=O)N1N)C(=O)NC(C)(C)C,CC(C)c1nn(C(=O)NC(C)(C)C)c(=O)n1N,CC(C)c1nn(C(=O)NC(C)(C)C)c(=O)n1N,241.295,241.295,0.0,['none']
True,False,[],False,1,False,True,C1=CC=C2C(=C1)C(=O)C3=CC(=C4C(=C3C2=O)NC5=C(C=C6C(=C5N4)C(=O)C7=CC=CC=C7C6=O)Cl)Cl,O=c1c2ccccc2c(=O)c2c1cc(Cl)c1[nH]c3c([nH]c12)c(Cl)cc1c(=O)c2ccccc2c(=O)c13,O=c1c2ccccc2c(=O)c2c1cc(Cl)c1[nH]c3c([nH]c12)c(Cl)cc1c(=O)c2ccccc2c(=O)c13,511.32000000000016,511.32000000000016,0.0,['none']
True,True,['Na'],True,2,True,True,CC1=C(C=C(C=C1)S(=O)(=O)[O-])C.[Na+],Cc1ccc(S(=O)(=O)[O-])cc1C,Cc1ccc(S(=O)(=O)O)cc1C,208.21399999999997,186.23199999999997,-21.982,"['salt_stripped', 'metal:Na', 'fragment_removed', 'charge_normalized']"
True,True,['Na'],True,2,True,True,C(C(C(C(C(C(C(=O)[O-])O)O)O)O)O)O.[Na+],O=C([O-])C(O)C(O)C(O)C(O)C(O)CO,O=C(O)C(O)C(O)C(O)C(O)C(O)CO,248.163,226.181,-21.982,"['salt_stripped', 'metal:Na', 'fragment_removed', 'charge_normalized']"
True,False,[],False,1,False,True,C=CC(=O)OCCCCCCOC(=O)C=C,C=CC(=O)OCCCCCCOC(=O)C=C,C=CC(=O)OCCCCCCOC(=O)C=C,226.27199999999996,226.27199999999996,0.0,['none']
True,True,['Ca'],True,3,True,True,[OH-].[OH-].[Ca+2],[OH-],O,74.09200000000001,18.015,-56.07700000000001,"['salt_stripped', 'metal:Ca', 'fragment_removed', 'charge_normalized']"
True,True,['Ca'],False,1,False,True,O=[Ca],[Ca+2],[Ca+2],56.077000000000005,40.078,-15.999000000000002,"['metal:Ca', 'fragment_removed']"
True,False,[],False,1,False,True,C1C(C2C(O1)C(CO2)OP(=O)(OC3=CC=CC=C3)OC4=CC=CC=C4)OP(=O)(OC5=CC=CC=C5)OC6=CC=CC=C6,O=P(Oc1ccccc1)(Oc1ccccc1)OC1COC2C(OP(=O)(Oc3ccccc3)Oc3ccccc3)COC12,O=P(Oc1ccccc1)(Oc1ccccc1)OC1COC2C(OP(=O)(Oc3ccccc3)Oc3ccccc3)COC12,610.4920000000002,610.4920000000002,0.0,['none']
True,False,[],False,1,False,True,C1=C(C=C(C(=C1Cl)N2C(=C(C(=N2)C#N)SSC3=C(N(N=C3C#N)C4=C(C=C(C=C4Cl)C(F)(F)F)Cl)N)N)Cl)C(F)(F)F,N#Cc1nn(-c2c(Cl)cc(C(F)(F)F)cc2Cl)c(N)c1SSc1c(C#N)nn(-c2c(Cl)cc(C(F)(F)F)cc2Cl)c1N,N#Cc1nn(-c2c(Cl)cc(C(F)(F)F)cc2Cl)c(N)c1SSc1c(C#N)nn(-c2c(Cl)cc(C(F)(F)F)cc2Cl)c1N,704.2960000000002,704.2960000000002,0.0,['none']
True,False,[],False,1,False,True,CC1C(=O)OC(C(=O)O1)C,CC1OC(=O)C(C)OC1=O,CC1OC(=O)C(C)OC1=O,144.12599999999998,144.12599999999998,0.0,['none']
True,False,[],False,1,False,True,CCCC=C(C#N)C1=CC=CC=C1,CCCC=C(C#N)c1ccccc1,CCCC=C(C#N)c1ccccc1,171.24300000000002,171.24300000000002,0.0,['none']
True,True,['Mg'],True,3,True,True,[OH-].[OH-].[Mg+2],[OH-],O,58.319,18.015,-40.304,"['salt_stripped', 'metal:Mg', 'fragment_removed', 'charge_normalized']"
True,False,[],False,1,False,True,C1OC2=C(O1)C=C(C=C2)C=CC(=O)N(C3=CC=CC=C3)C4=CC=CC=C4,O=C(C=Cc1ccc2c(c1)OCO2)N(c1ccccc1)c1ccccc1,O=C(C=Cc1ccc2c(c1)OCO2)N(c1ccccc1)c1ccccc1,343.38200000000006,343.38200000000006,0.0,['none']
True,False,[],False,1,False,True,O=[Ge]=O,[O]=[Ge]=[O],[O]=[Ge]=[O],104.60799999999999,104.60799999999999,0.0,['none']
True,True,['Li'],True,2,True,True,[Li+].[OH-],[OH-],O,23.948,18.015,-5.933,"['salt_stripped', 'metal:Li', 'fragment_removed', 'charge_normalized']"
True,False,[],False,1,False,True,C(CC(=O)N)C(C(=O)O)NC(=O)CN,NCC(=O)NC(CCC(N)=O)C(=O)O,NCC(=O)NC(CCC(N)=O)C(=O)O,203.19799999999998,203.19799999999998,0.0,['none']
True,True,['Mn'],False,1,False,True,O=[Mn]=O,[Mn+4],[Mn+4],86.93599999999999,54.938,-31.99799999999999,"['metal:Mn', 'fragment_removed']"
True,True,['Z73'],True,7,False,True,[O-2].[O-2].[O-2].[O-2].[O-2].[Ta+5].[Ta+5],[Ta+5],[Ta+5],441.89099999999996,180.948,-260.943,"['salt_stripped', 'metal:Z73', 'fragment_removed']"
True,False,[],False,1,False,True,CC1C(C2=C(C1(C)C)C3=NC=NC=C3CC2)(C)C,CC1C(C)(C)C2=C(c3ncncc3CC2)C1(C)C,CC1C(C)(C)C2=C(c3ncncc3CC2)C1(C)C,242.36599999999996,242.36599999999996,0.0,['none']
True,True,['Z22'],False,1,False,True,O=[Ti]=O,[Ti+4],[Ti+4],79.865,47.867,-31.997999999999998,"['metal:Z22', 'fragment_removed']"
True,False,[],False,1,False,True,CC1(C(=O)N(C(=O)O1)NC2=CC=CC=C2)C3=CC=C(C=C3)OC4=CC=CC=C4,CC1(c2ccc(Oc3ccccc3)cc2)OC(=O)N(Nc2ccccc2)C1=O,CC1(c2ccc(Oc3ccccc3)cc2)OC(=O)N(Nc2ccccc2)C1=O,374.3960000000001,374.3960000000001,0.0,['none']
True,False,[],False,1,False,True,CC1(OCC(O1)COC(=O)C=C)C,C=CC(=O)OCC1COC(C)(C)O1,C=CC(=O)OCC1COC(C)(C)O1,186.20699999999997,186.20699999999997,0.0,['none']
True,True,['K'],True,2,True,True,CC1(C(N2C(S1)C(C2=O)NC(=O)COC3=CC=CC=C3)C(=O)[O-])C.[K+],CC1(C)SC2C(NC(=O)COc3ccccc3)C(=O)N2C1C(=O)[O-],CC1(C)SC2C(NC(=O)COc3ccccc3)C(=O)N2C1C(=O)O,388.4860000000001,350.3960000000001,-38.09000000000003,"['salt_stripped', 'metal:K', 'fragment_removed', 'charge_normalized']"
True,False,[],False,1,False,True,CC(C)C1=CC2=CC=CC=C2C(=C1C(C)C)S(=O)(=O)O,CC(C)c1cc2ccccc2c(S(=O)(=O)O)c1C(C)C,CC(C)c1cc2ccccc2c(S(=O)(=O)O)c1C(C)C,292.4,292.4,0.0,['none']
True,False,[],False,1,True,True,CC[NH+]=C1C=CC(=C(C2=CC=C(C=C2)N(CC)CC)C3=CC=C(C=C3)N(CC)CC)C4=CC=CC=C14,CC[NH+]=C1C=CC(=C(c2ccc(N(CC)CC)cc2)c2ccc(N(CC)CC)cc2)c2ccccc21,CCN=C1C=CC(=C(c2ccc(N(CC)CC)cc2)c2ccc(N(CC)CC)cc2)c2ccccc21,478.70400000000024,477.69600000000025,-1.0079999999999814,['charge_normalized']
True,False,[],False,1,False,True,CC1=CC(=C(C=C1)OC(=O)OC)OC,COC(=O)Oc1ccc(C)cc1OC,COC(=O)Oc1ccc(C)cc1OC,196.20199999999997,196.20199999999997,0.0,['none']
True,True,['Cu'],True,2,True,True,C1=C2C(=C(C(=C1Cl)Cl)Cl)C3=NC4=NC(=NC5=C6C(=C([N-]5)N=C7C8=C(C(=C(C(=C8Cl)Cl)Cl)Cl)C(=N7)N=C2[N-]3)C(=C(C(=C6Cl)Cl)Cl)Cl)C9=C4C(=C(C(=C9Cl)Cl)Cl)Cl.[Cu+2],Clc1cc2c3nc4nc(nc5[n-]c(nc6nc(nc([n-]3)c2c(Cl)c1Cl)-c1c(Cl)c(Cl)c(Cl)c(Cl)c1-6)c1c(Cl)c(Cl)c(Cl)c(Cl)c51)-c1c(Cl)c(Cl)c(Cl)c(Cl)c1-4,Clc1cc2c3nc4nc(nc5[nH]c(nc6nc(nc([nH]3)c2c(Cl)c1Cl)-c1c(Cl)c(Cl)c(Cl)c(Cl)c1-6)c1c(Cl)c(Cl)c(Cl)c(Cl)c51)-c1c(Cl)c(Cl)c(Cl)c(Cl)c1-4,1092.7569999999996,1031.2269999999994,-61.5300000000002,"['salt_stripped', 'metal:Cu', 'fragment_removed', 'charge_normalized']"
True,False,[],False,1,False,True,C1=CC(=C(C=C1N)C(=O)O)[N+](=O)[O-],Nc1ccc([N+](=O)[O-])c(C(=O)O)c1,Nc1ccc([N+](=O)[O-])c(C(=O)O)c1,182.135,182.135,0.0,['none']
True,False,[],True,2,False,True,CCCCCCCCCCCCCCCCCC(=O)NCCCN(C)C.CC(=O)O,CCCCCCCCCCCCCCCCCC(=O)NCCCN(C)C,CCCCCCCCCCCCCCCCCC(=O)NCCCN(C)C,428.70200000000017,368.6500000000001,-60.05200000000008,"['salt_stripped', 'fragment_removed']"
True,False,[],False,1,False,True,C1C=CCC2C1C(=O)N(C2=O)SC(Cl)(Cl)Cl,O=C1C2CC=CCC2C(=O)N1SC(Cl)(Cl)Cl,O=C1C2CC=CCC2C(=O)N1SC(Cl)(Cl)Cl,300.59399999999994,300.59399999999994,0.0,['none']
True,False,[],False,1,False,True,C=CC(=O)NCC1=CC=CC=C1,C=CC(=O)NCc1ccccc1,C=CC(=O)NCc1ccccc1,161.204,161.204,0.0,['none']
True,True,['Zn'],True,5,True,True,B([O-])([O-])[O-].B([O-])([O-])[O-].[Zn+2].[Zn+2].[Zn+2],[O-]B([O-])[O-],OB(O)O,313.78799999999995,61.833000000000006,-251.95499999999996,"['salt_stripped', 'metal:Zn', 'fragment_removed', 'charge_normalized']"
True,False,[],False,1,False,True,C1=CC=C(C(=C1)CC2=CC=CC=C2O)O,Oc1ccccc1Cc1ccccc1O,Oc1ccccc1Cc1ccccc1O,200.237,200.237,0.0,['none']
True,True,['Cr'],False,1,False,True,O=[Cr](=O)=O,[Cr+6],[Cr+6],99.993,51.996,-47.99699999999999,"['metal:Cr', 'fragment_removed']"
True,False,[],False,1,False,True,CC1=CC=C(C=C1)NC(=O)NC2=CC=C(C=C2)CC3=CC=C(C=C3)NC(=O)NC4=CC=C(C=C4)C,Cc1ccc(NC(=O)Nc2ccc(Cc3ccc(NC(=O)Nc4ccc(C)cc4)cc3)cc2)cc1,Cc1ccc(NC(=O)Nc2ccc(Cc3ccc(NC(=O)Nc4ccc(C)cc4)cc3)cc2)cc1,464.56900000000013,464.56900000000013,0.0,['none']
True,False,[],False,1,False,True,CC1=C(C(=CC=C1)S(=O)(=O)O)N=NC2=C(N=C(NC2=O)N)N,Cc1cccc(S(=O)(=O)O)c1N=Nc1c(N)nc(N)[nH]c1=O,Cc1cccc(S(=O)(=O)O)c1N=Nc1c(N)nc(N)[nH]c1=O,324.32200000000006,324.32200000000006,0.0,['none']
True,False,[],False,1,False,True,CC(C)OC(=O)C(C)NP(=O)(OC1=CC=CC=C1)OC2=C(C(=C(C(=C2F)F)F)F)F,CC(C)OC(=O)C(C)NP(=O)(Oc1ccccc1)Oc1c(F)c(F)c(F)c(F)c1F,CC(C)OC(=O)C(C)NP(=O)(Oc1ccccc1)Oc1c(F)c(F)c(F)c(F)c1F,453.3000000000001,453.3000000000001,0.0,['none']
True,False,[],False,1,False,True,CC(C)(CC1=CC=CC=C1)CO,CC(C)(CO)Cc1ccccc1,CC(C)(CO)Cc1ccccc1,164.24799999999996,164.24799999999996,0.0,['none']
True,True,['Na'],True,2,True,True,CC(C)CP(=S)(CC(C)C)[S-].[Na+],CC(C)CP(=S)([S-])CC(C)C,CC(C)CP(=S)(S)CC(C)C,232.32999999999998,210.34799999999998,-21.982,"['salt_stripped', 'metal:Na', 'fragment_removed', 'charge_normalized']"
True,True,['Na'],True,2,True,True,CC(C(=O)[O-])OC1=CC=C(C=C1)O.[Na+],CC(Oc1ccc(O)cc1)C(=O)[O-],CC(Oc1ccc(O)cc1)C(=O)O,204.157,182.17499999999998,-21.982000000000028,"['salt_stripped', 'metal:Na', 'fragment_removed', 'charge_normalized']"
True,False,[],False,1,False,True,CCCCCCCCCCCC(=O)OCC(C1C(C(CO1)O)O)O,CCCCCCCCCCCC(=O)OCC(O)C1OCC(O)C1O,CCCCCCCCCCCC(=O)OCC(O)C1OCC(O)C1O,346.46400000000006,346.46400000000006,0.0,['none']
True,False,[],False,1,False,True,CCCCCCCCCCCCCCCCCC(=O)OCC(C1C(C(CO1)O)O)O,CCCCCCCCCCCCCCCCCC(=O)OCC(O)C1OCC(O)C1O,CCCCCCCCCCCCCCCCCC(=O)OCC(O)C1OCC(O)C1O,430.6260000000001,430.6260000000001,0.0,['none']
True,False,[],False,1,False,True,C1=CC=C(C(=C1)C2C(O2)(CN3C=NC=N3)C4=CC=C(C=C4)F)Cl,Fc1ccc(C2(Cn3cncn3)OC2c2ccccc2Cl)cc1,Fc1ccc(C2(Cn3cncn3)OC2c2ccccc2Cl)cc1,329.76199999999994,329.76199999999994,0.0,['none']
True,True,['Na'],True,2,True,True,C(C(C1C(=C(C(=O)O1)O)[O-])O)O.[Na+],O=C1OC(C(O)CO)C([O-])=C1O,O=C1OC(C(O)CO)C(O)=C1O,198.106,176.124,-21.982,"['salt_stripped', 'metal:Na', 'fragment_removed', 'charge_normalized']"
True,False,[],False,1,False,True,C1=CC=C(C=C1)C(=O)C2=CC=C(C=C2)Cl,O=C(c1ccccc1)c1ccc(Cl)cc1,O=C(c1ccccc1)c1ccc(Cl)cc1,216.667,216.667,0.0,['none']
True,False,[],False,1,False,True,CCCCCCCCCCCCCCCCOC(=O)C=C,C=CC(=O)OCCCCCCCCCCCCCCCC,C=CC(=O)OCCCCCCCCCCCCCCCC,296.49499999999995,296.49499999999995,0.0,['none']
True,True,['Na'],True,3,True,True,[O-][Se](=O)(=O)[O-].[Na+].[Na+],O=[Se](=O)([O-])[O-],O=[Se](=O)(O)O,188.936,144.972,-43.964,"['salt_stripped', 'metal:Na', 'fragment_removed', 'charge_normalized']"
True,False,[],False,1,False,True,CC(=O)OCC(C)(C)COC(=O)C,CC(=O)OCC(C)(C)COC(C)=O,CC(=O)OCC(C)(C)COC(C)=O,188.22299999999998,188.22299999999998,0.0,['none']
True,True,['Na'],True,2,False,True,[Na+].S,S,S,57.073,34.083,-22.990000000000002,"['salt_stripped', 'metal:Na', 'fragment_removed']"
True,True,['Al'],True,5,False,True,[O-2].[O-2].[O-2].[Al+3].[Al+3],[Al+3],[Al+3],101.961,26.982,-74.979,"['salt_stripped', 'metal:Al', 'fragment_removed']"
True,True,['Ca'],True,3,True,True,[O-][Si]([O-])([O-])[O-].[Ca+2].[Ca+2],[O-][Si]([O-])([O-])[O-],O[Si](O)(O)O,172.238,96.11399999999999,-76.12400000000001,"['salt_stripped', 'metal:Ca', 'fragment_removed', 'charge_normalized']"
True,True,"['Z42', 'K']",True,3,False,True,[O-][Mo](=O)(=O)[O-].[K+].[K+],[Mo+8],[Mo+8],238.132,95.94,-142.192,"['salt_stripped', 'metal:Z42,K', 'fragment_removed']"
True,False,[],False,1,False,True,S=[Sb]S[Sb]=S,[S]=[Sb][S][Sb]=[S],[S]=[Sb][S][Sb]=[S],339.721,339.721,0.0,['none']
True,True,['Z38'],True,2,True,True,OP(=O)([O-])[O-].[Sr+2],O=P([O-])([O-])O,O=P(O)(O)O,183.598,97.99399999999999,-85.60400000000003,"['salt_stripped', 'metal:Z38', 'fragment_removed', 'charge_normalized']"
True,False,[],False,1,False,True,CC(C)(C(=O)OCC=C)OC(=O)C1=C(C=CC(=C1)N2C(=O)C=C(N(C2=O)C)C(F)(F)F)Cl,C=CCOC(=O)C(C)(C)OC(=O)c1cc(-n2c(=O)cc(C(F)(F)F)n(C)c2=O)ccc1Cl,C=CCOC(=O)C(C)(C)OC(=O)c1cc(-n2c(=O)cc(C(F)(F)F)n(C)c2=O)ccc1Cl,474.8190000000001,474.8190000000001,0.0,['none']
True,False,[],False,1,False,True,CC(C)[Si](C(C)C)(C(C)C)OC(=O)C(=C)C,C=C(C)C(=O)O[Si](C(C)C)(C(C)C)C(C)C,C=C(C)C(=O)O[Si](C(C)C)(C(C)C)C(C)C,242.43499999999995,242.43499999999995,0.0,['none']
True,True,['Z56'],True,3,True,True,OP(=O)(O)[O-].OP(=O)(O)[O-].[Ba+2],O=P([O-])(O)O,O=P(O)(O)O,331.29999999999995,97.99399999999999,-233.30599999999998,"['salt_stripped', 'metal:Z56', 'fragment_removed', 'charge_normalized']"
True,False,[],False,1,False,True,CCCCCCCCCCCCCCC(C)C1=CC(=CC(=C1O)C)C,CCCCCCCCCCCCCCC(C)c1cc(C)cc(C)c1O,CCCCCCCCCCCCCCC(C)c1cc(C)cc(C)c1O,346.59900000000005,346.59900000000005,0.0,['none']
True,False,[],False,1,False,True,CCC(C)(C#N)N=NC(C)(CC)C#N,CCC(C)(C#N)N=NC(C)(C#N)CC,CCC(C)(C#N)N=NC(C)(C#N)CC,192.266,192.266,0.0,['none']
True,False,[],False,1,False,True,C1CC(OC1)COC2=CC=C(C=C2)C3=C4C=C5C(=C(C(=O)O5)C6=CC=CC=C6)C=C4OC3=O,O=C1Oc2cc3c(cc2=C1c1ccccc1)OC(=O)C=3c1ccc(OCC2CCCO2)cc1,O=C1Oc2cc3c(cc2=C1c1ccccc1)OC(=O)C=3c1ccc(OCC2CCCO2)cc1,440.4510000000002,440.4510000000002,0.0,['none']
True,False,[],True,2,False,True,C[N+]1=CN(C=C1)C=C.[Cl-],C=Cn1cc[n+](C)c1,C=Cn1cc[n+](C)c1,144.60499999999996,109.15199999999997,-35.45299999999999,"['salt_stripped', 'fragment_removed']"
True,True,['Ca'],True,3,True,True,[O-]P(=O)=O.[O-]P(=O)=O.[Ca+2],O=[P+]([O-])[O-],O=[P+]([O-])O,198.02,79.979,-118.04100000000001,"['salt_stripped', 'metal:Ca', 'fragment_removed', 'charge_normalized']"
True,False,[],False,1,False,True,CCCCCCCCCCCCCCCCCC(=O)NCCCN(C)CCCNC(=O)CCCCCCCCCCCCCCCCC,CCCCCCCCCCCCCCCCCC(=O)NCCCN(C)CCCNC(=O)CCCCCCCCCCCCCCCCC,CCCCCCCCCCCCCCCCCC(=O)NCCCN(C)CCCNC(=O)CCCCCCCCCCCCCCCCC,678.1879999999996,678.1879999999996,0.0,['none']
True,False,[],False,1,False,True,CC(=O)C(C(=O)NC1=CC=CC=C1OC)N=NC2=C(C=C(C=C2)Cl)[N+](=O)[O-],COc1ccccc1NC(=O)C(N=Nc1ccc(Cl)cc1[N+](=O)[O-])C(C)=O,COc1ccccc1NC(=O)C(N=Nc1ccc(Cl)cc1[N+](=O)[O-])C(C)=O,390.7830000000001,390.7830000000001,0.0,['none']
True,False,[],True,3,False,True,C1(=NC(=NC(=N1)N)N)N.C1(=NC(=NC(=N1)N)N)N.OP(=O)(O)OP(=O)(O)O,Nc1nc(N)nc(N)n1,Nc1nc(N)nc(N)n1,430.2190000000001,126.12300000000003,-304.09600000000006,"['salt_stripped', 'fragment_removed']"
True,False,[],False,1,False,True,C=CCCC(=O)CC1CC2CCC1C2,C=CCCC(=O)CC1CC2CCC1C2,C=CCCC(=O)CC1CC2CCC1C2,192.30199999999996,192.30199999999996,0.0,['none']
True,True,['Al'],True,4,True,True,OP(=O)(O)[O-].OP(=O)(O)[O-].OP(=O)(O)[O-].[Al+3],O=P([O-])(O)O,O=P(O)(O)O,317.94000000000005,97.99399999999999,-219.94600000000008,"['salt_stripped', 'metal:Al', 'fragment_removed', 'charge_normalized']"
True,False,[],False,1,False,True,CCCCOCCOC(=O)C(=C)C,C=C(C)C(=O)OCCOCCCC,C=C(C)C(=O)OCCOCCCC,186.25099999999998,186.25099999999998,0.0,['none']
True,True,"['Mn', 'Li']",True,3,True,True,[Li+].[O-]P(=O)([O-])[O-].[Mn+2],O=P([O-])([O-])[O-],O=P(O)(O)O,156.849,97.99399999999999,-58.855000000000004,"['salt_stripped', 'metal:Mn,Li', 'fragment_removed', 'charge_normalized']"
True,False,[],False,1,False,True,CCOC(=O)C1=NN(C(C1)(C)C(=O)OCC)C2=C(C=C(C=C2)Cl)Cl,CCOC(=O)C1=NN(c2ccc(Cl)cc2Cl)C(C)(C(=O)OCC)C1,CCOC(=O)C1=NN(c2ccc(Cl)cc2Cl)C(C)(C(=O)OCC)C1,373.236,373.236,0.0,['none']
True,False,[],False,1,False,True,C1CC2C(CCC3C1C4(C(=C(C3(C4(Cl)Cl)Cl)Cl)Cl)Cl)C5(C(=C(C2(C5(Cl)Cl)Cl)Cl)Cl)Cl,ClC1=C(Cl)C2(Cl)C3CCC4C(CCC3C1(Cl)C2(Cl)Cl)C1(Cl)C(Cl)=C(Cl)C4(Cl)C1(Cl)Cl,ClC1=C(Cl)C2(Cl)C3CCC4C(CCC3C1(Cl)C2(Cl)Cl)C1(Cl)C(Cl)=C(Cl)C4(Cl)C1(Cl)Cl,653.7299999999999,653.7299999999999,0.0,['none']
True,False,[],False,1,False,True,CC1=C(C=C(C=C1)C2OCC3C(O2)C(OC(O3)C4=CC(=C(C=C4)C)C)C(CO)O)C,Cc1ccc(C2OC3COC(c4ccc(C)c(C)c4)OC3C(C(O)CO)O2)cc1C,Cc1ccc(C2OC3COC(c4ccc(C)c(C)c4)OC3C(C(O)CO)O2)cc1C,414.49800000000016,414.49800000000016,0.0,['none']
True,False,[],False,1,False,True,CC(C)(C1=CC=C(C=C1)O)C2=CC(=CC=C2)C(C)(C)C3=CC=C(C=C3)O,CC(C)(c1ccc(O)cc1)c1cccc(C(C)(C)c2ccc(O)cc2)c1,CC(C)(c1ccc(O)cc1)c1cccc(C(C)(C)c2ccc(O)cc2)c1,346.47,346.47,0.0,['none']
True,True,['Ca'],True,3,True,True,CCCCC(CC)C(=O)[O-].CCCCC(CC)C(=O)[O-].[Ca+2],CCCCC(CC)C(=O)[O-],CCCCC(CC)C(=O)O,326.49,144.214,-182.276,"['salt_stripped', 'metal:Ca', 'fragment_removed', 'charge_normalized']"
True,False,[],False,1,False,True,C=CC(=O)OCCN=C=O,C=CC(=O)OCCN=C=O,C=CC(=O)OCCN=C=O,141.126,141.126,0.0,['none']
True,False,[],False,1,False,True,CCOC(=O)NC1=CC(=CC=C1)OC(=O)NC2=CC=CC=C2,CCOC(=O)Nc1cccc(OC(=O)Nc2ccccc2)c1,CCOC(=O)Nc1cccc(OC(=O)Nc2ccccc2)c1,300.314,300.314,0.0,['none']
True,False,[],False,1,False,True,C1CC2=C(C3CCC2C3=C(Cl)Cl)C(=NO)C1,ON=C1CCCC2=C1C1CCC2C1=C(Cl)Cl,ON=C1CCCC2=C1C1CCC2C1=C(Cl)Cl,258.148,258.148,0.0,['none']
True,True,['Ca'],True,3,True,True,CCOC(=O)C(C)CC(CC1=CC=C(C=C1)C2=CC=CC=C2)NC(=O)CCC(=O)[O-].CCOC(=O)C(C)CC(CC1=CC=C(C=C1)C2=CC=CC=C2)NC(=O)CCC(=O)[O-].[Ca+2],CCOC(=O)C(C)CC(Cc1ccc(-c2ccccc2)cc1)NC(=O)CCC(=O)[O-],CCOC(=O)C(C)CC(Cc1ccc(-c2ccccc2)cc1)NC(=O)CCC(=O)O,861.058,411.49800000000016,-449.55999999999983,"['salt_stripped', 'metal:Ca', 'fragment_removed', 'charge_normalized']"
True,False,[],False,1,False,True,COC(=O)C(=C)C#N,C=C(C#N)C(=O)OC,C=C(C#N)C(=O)OC,111.10000000000001,111.10000000000001,0.0,['none']
True,True,['Na'],True,2,True,True,CCCCCCCCCCCC(=O)N(C)CC(=O)[O-].[Na+],CCCCCCCCCCCC(=O)N(C)CC(=O)[O-],CCCCCCCCCCCC(=O)N(C)CC(=O)O,293.383,271.40099999999995,-21.982000000000028,"['salt_stripped', 'metal:Na', 'fragment_removed', 'charge_normalized']"
True,False,[],False,1,False,True,CCC(C)CO,CCC(C)CO,CCC(C)CO,88.14999999999999,88.14999999999999,0.0,['none']
True,False,[],False,1,False,True,F[La](F)F,[F][La]([F])[F],[F][La]([F])[F],195.89999999999998,195.89999999999998,0.0,['none']
True,False,[],False,1,False,True,F[Nd](F)F,[F][Nd]([F])[F],[F][Nd]([F])[F],201.23399999999998,201.23399999999998,0.0,['none']
True,True,['Z56'],True,2,True,True,[O-][Se](=O)[O-].[Ba+2],O=[Se]([O-])[O-],O=[Se](O)O,264.28499999999997,128.97299999999998,-135.31199999999998,"['salt_stripped', 'metal:Z56', 'fragment_removed', 'charge_normalized']"
True,False,[],False,1,False,True,CCC1=C(C(=O)NC=N1)F,CCc1nc[nH]c(=O)c1F,CCc1nc[nH]c(=O)c1F,142.13299999999998,142.13299999999998,0.0,['none']
True,False,[],False,1,False,True,CC1=CC=C(C=C1)OCC(=O)N(CC2=CC=CS2)C3=CC=NN3,Cc1ccc(OCC(=O)N(Cc2cccs2)c2ccn[nH]2)cc1,Cc1ccc(OCC(=O)N(Cc2cccs2)c2ccn[nH]2)cc1,327.409,327.409,0.0,['none']
True,False,[],False,1,False,True,CC(C)NC(=O)C(=C)C,C=C(C)C(=O)NC(C)C,C=C(C)C(=O)NC(C)C,127.18699999999998,127.18699999999998,0.0,['none']
True,True,['Ca'],True,3,True,True,NS(=O)(=O)[O-].NS(=O)(=O)[O-].[Ca+2],NS(=O)(=O)[O-],NS(=O)(=O)O,232.25199999999998,97.09499999999998,-135.15699999999998,"['salt_stripped', 'metal:Ca', 'fragment_removed', 'charge_normalized']"
True,True,['Mg'],True,3,True,True,OS(=O)[O-].OS(=O)[O-].[Mg+2],O=S([O-])O,O=S(O)O,186.44899999999998,82.07999999999998,-104.369,"['salt_stripped', 'metal:Mg', 'fragment_removed', 'charge_normalized']"
True,True,['Al'],True,4,True,True,[O-]P(=O)=O.[O-]P(=O)=O.[O-]P(=O)=O.[Al+3],O=[P+]([O-])[O-],O=[P+]([O-])O,263.895,79.979,-183.916,"['salt_stripped', 'metal:Al', 'fragment_removed', 'charge_normalized']"
True,False,[],False,1,False,True,CC(C)C1CCC(=CC1)CCC=O,CC(C)C1CC=C(CCC=O)CC1,CC(C)C1CC=C(CCC=O)CC1,180.29099999999997,180.29099999999997,0.0,['none']
True,False,[],False,1,False,True,C=CN1CCN(C1=O)C=C,C=CN1CCN(C=C)C1=O,C=CN1CCN(C=C)C1=O,138.17,138.17,0.0,['none']
True,True,['Pb'],True,3,False,True,[B-](F)(F)(F)F.[B-](F)(F)(F)F.[Pb+2],F[B-](F)(F)F,F[B-](F)(F)F,380.808,86.80400000000002,-294.00399999999996,"['salt_stripped', 'metal:Pb', 'fragment_removed']"
True,False,[],False,1,False,True,C1CN(C(=N[N+](=O)[O-])N1)CC2=CN=C(C=C2)Cl,O=[N+]([O-])N=C1NCCN1Cc1ccc(Cl)nc1,O=[N+]([O-])N=C1NCCN1Cc1ccc(Cl)nc1,255.665,255.665,0.0,['none']
True,True,['Na'],True,2,True,True,NS(=O)(=O)[O-].[Na+],NS(=O)(=O)[O-],NS(=O)(=O)O,119.07699999999998,97.09499999999998,-21.982,"['salt_stripped', 'metal:Na', 'fragment_removed', 'charge_normalized']"
True,True,['K'],True,6,True,True,[O-]P(=O)([O-])OP(=O)([O-])OP(=O)([O-])[O-].[K+].[K+].[K+].[K+].[K+],O=P([O-])([O-])OP(=O)([O-])OP(=O)([O-])[O-],O=P(O)(O)OP(=O)(O)OP(=O)(O)O,448.40200000000004,257.952,-190.45000000000005,"['salt_stripped', 'metal:K', 'fragment_removed', 'charge_normalized']"
True,False,[],False,1,False,True,C=CCOC(=O)C1CCCCC1C(=O)OCC=C,C=CCOC(=O)C1CCCCC1C(=O)OCC=C,C=CCOC(=O)C1CCCCC1C(=O)OCC=C,252.30999999999995,252.30999999999995,0.0,['none']
True,True,['Na'],True,3,True,True,CN(CCO)C1=NC(=NC(=N1)NC2=CC(=C(C=C2)C=CC3=C(C=C(C=C3)NC4=NC(=NC(=N4)NC5=CC=CC=C5)N(C)CCO)S(=O)(=O)[O-])S(=O)(=O)[O-])NC6=CC=CC=C6.[Na+].[Na+],CN(CCO)c1nc(Nc2ccccc2)nc(Nc2ccc(C=Cc3ccc(Nc4nc(Nc5ccccc5)nc(N(C)CCO)n4)cc3S(=O)(=O)[O-])c(S(=O)(=O)[O-])c2)n1,CN(CCO)c1nc(Nc2ccccc2)nc(Nc2ccc(C=Cc3ccc(Nc4nc(Nc5ccccc5)nc(N(C)CCO)n4)cc3S(=O)(=O)O)c(S(=O)(=O)O)c2)n1,900.9120000000003,856.9480000000003,-43.96399999999994,"['salt_stripped', 'metal:Na', 'fragment_removed', 'charge_normalized']"
True,False,[],False,1,False,True,CC(C)(C)C1=CC(=C(C(=C1)C(C)(C)C)OP2OC3=CC=CC=C3C4=CC=CC=C4O2)C5=C(C(=CC(=C5)C(C)(C)C)C(C)(C)C)OP6OC7=CC=CC=C7C8=CC=CC=C8O6,CC(C)(C)c1cc(-c2cc(C(C)(C)C)cc(C(C)(C)C)c2Op2oc3ccccc3c3ccccc3o2)c(Op2oc3ccccc3c3ccccc3o2)c(C(C)(C)C)c1,CC(C)(C)c1cc(-c2cc(C(C)(C)C)cc(C(C)(C)C)c2Op2oc3ccccc3c3ccccc3o2)c(Op2oc3ccccc3c3ccccc3o2)c(C(C)(C)C)c1,838.9620000000001,838.9620000000001,0.0,['none']
True,False,[],True,2,False,True,CCCCCCCCCCCC[N+](C)(C)CC1=CC=CC=C1.[Cl-],CCCCCCCCCCCC[N+](C)(C)Cc1ccccc1,CCCCCCCCCCCC[N+](C)(C)Cc1ccccc1,339.995,304.542,-35.45300000000003,"['salt_stripped', 'fragment_removed']"
True,False,[],True,2,False,True,CCCCCCCCCCCCCC[N+](C)(C)CC1=CC=CC=C1.[Cl-],CCCCCCCCCCCCCC[N+](C)(C)Cc1ccccc1,CCCCCCCCCCCCCC[N+](C)(C)Cc1ccccc1,368.049,332.59599999999995,-35.45300000000003,"['salt_stripped', 'fragment_removed']"
True,True,['Cu'],True,3,True,True,CCCCN(CCCC)C(=S)[S-].CCCCN(CCCC)C(=S)[S-].[Cu+2],CCCCN(CCCC)C(=S)[S-],CCCCN(CCCC)C(=S)S,472.3140000000002,205.392,-266.9220000000002,"['salt_stripped', 'metal:Cu', 'fragment_removed', 'charge_normalized']"
True,True,['Ni'],True,3,True,True,CCCCN(CCCC)C(=S)[S-].CCCCN(CCCC)C(=S)[S-].[Ni+2],CCCCN(CCCC)C(=S)[S-],CCCCN(CCCC)C(=S)S,467.4610000000002,205.392,-262.0690000000002,"['salt_stripped', 'metal:Ni', 'fragment_removed', 'charge_normalized']"
True,True,['Al'],True,2,True,True,OP(=O)([O-])OP(=O)([O-])OP(=O)(O)[O-].[Al+3],O=P([O-])(O)OP(=O)([O-])OP(=O)([O-])O,O=P(O)(O)OP(=O)(O)OP(=O)(O)O,281.90999999999997,257.952,-23.95799999999997,"['salt_stripped', 'metal:Al', 'fragment_removed', 'charge_normalized']"
True,False,[],False,1,False,True,CCC(C)N,CCC(C)N,CCC(C)N,73.13900000000001,73.13900000000001,0.0,['none']
True,True,['Na'],True,2,True,True,CCOC(=S)[S-].[Na+],CCOC(=S)[S-],CCOC(=S)S,144.19600000000003,122.21400000000001,-21.982000000000014,"['salt_stripped', 'metal:Na', 'fragment_removed', 'charge_normalized']"
True,False,[],False,1,False,True,CCCCCCCCCCOC1=C(C=C(C=C1)C(C2=CC=CC=C2)(C3=CC=CC=C3)C4=CC=CC=C4)C(C)CC,CCCCCCCCCCOc1ccc(C(c2ccccc2)(c2ccccc2)c2ccccc2)cc1C(C)CC,CCCCCCCCCCOc1ccc(C(c2ccccc2)(c2ccccc2)c2ccccc2)cc1C(C)CC,532.8120000000001,532.8120000000001,0.0,['none']
True,False,[],False,1,False,True,CC(C)(C)C1=CC(=CC(=C1O)C2=C(C(=CC(=C2)OC)C(C)(C)C)O)OC,COc1cc(-c2cc(OC)cc(C(C)(C)C)c2O)c(O)c(C(C)(C)C)c1,COc1cc(-c2cc(OC)cc(C(C)(C)C)c2O)c(O)c(C(C)(C)C)c1,358.4780000000001,358.4780000000001,0.0,['none']
True,False,[],False,1,False,True,CC(=CCCC(=CCOC(=O)C)C)C,CC(=O)OCC=C(C)CCC=C(C)C,CC(=O)OCC=C(C)CCC=C(C)C,196.29,196.29,0.0,['none']
True,False,[],False,1,False,True,CCCCOCCOCCOC(=O)CCCCC(=O)OCCOCCOCCCC,CCCCOCCOCCOC(=O)CCCCC(=O)OCCOCCOCCCC,CCCCOCCOCCOC(=O)CCCCC(=O)OCCOCCOCCCC,434.57000000000033,434.57000000000033,0.0,['none']
True,False,[],False,1,False,True,C[Si](C)(C)O[Si](C)(C)O[Si](C)(C)O[Si](C)(C)O[Si](C)(C)C,C[Si](C)(C)O[Si](C)(C)O[Si](C)(C)O[Si](C)(C)O[Si](C)(C)C,C[Si](C)(C)O[Si](C)(C)O[Si](C)(C)O[Si](C)(C)O[Si](C)(C)C,384.8460000000001,384.8460000000001,0.0,['none']
True,False,[],False,1,False,True,CCNC(=S)OC(C)C,CCNC(=S)OC(C)C,CCNC(=S)OC(C)C,147.243,147.243,0.0,['none']
True,True,"['Z23', 'Ca']",True,3,False,True,[O-][V](=O)=O.[O-][V](=O)=O.[Ca+2],[V+6],[V+6],237.95999999999998,50.944,-187.01599999999996,"['salt_stripped', 'metal:Z23,Ca', 'fragment_removed']"
True,False,[],True,2,False,True,CCCCCCCCCCCCNCCC(=O)O.C(CO)N(CCO)CCO,CCCCCCCCCCCCNCCC(=O)O,CCCCCCCCCCCCNCCC(=O)O,406.60800000000023,257.41799999999995,-149.19000000000028,"['salt_stripped', 'fragment_removed']"
True,False,[],False,1,False,True,CCC(=O)OCC(C)(C)OC(C)C1CCCC(C1)(C)C,CCC(=O)OCC(C)(C)OC(C)C1CCCC(C)(C)C1,CCC(=O)OCC(C)(C)OC(C)C1CCCC(C)(C)C1,284.43999999999994,284.43999999999994,0.0,['none']
True,False,[],False,1,False,True,CCOCCOC(=O)C(=C1CCCC(=C1)NCCCOC)C#N,CCOCCOC(=O)C(C#N)=C1C=C(NCCCOC)CCC1,CCOCCOC(=O)C(C#N)=C1C=C(NCCCOC)CCC1,322.40500000000003,322.40500000000003,0.0,['none']
True,True,['Al'],True,2,True,True,CC(=O)O[Al]OC(=O)C.O,CC(=O)[O-],CC(=O)O,163.08499999999998,60.05200000000001,-103.03299999999997,"['salt_stripped', 'metal:Al', 'fragment_removed', 'charge_normalized']"
True,True,['Ca'],True,3,True,True,CCCCCCCCC=CCCCCCCCC(=O)[O-].CCCCCCCCC=CCCCCCCCC(=O)[O-].[Ca+2],CCCCCCCCC=CCCCCCCCC(=O)[O-],CCCCCCCCC=CCCCCCCCC(=O)O,602.9980000000005,282.4679999999999,-320.5300000000006,"['salt_stripped', 'metal:Ca', 'fragment_removed', 'charge_normalized']"
True,False,[],False,1,False,True,CCCCCCCCCCCC(=O)OCC(CO)O,CCCCCCCCCCCC(=O)OCC(O)CO,CCCCCCCCCCCC(=O)OCC(O)CO,274.40099999999995,274.40099999999995,0.0,['none']
True,False,[],False,1,False,True,C=CCOC(=O)OCCOCCOC(=O)OCC=C,C=CCOC(=O)OCCOCCOC(=O)OCC=C,C=CCOC(=O)OCCOCCOC(=O)OCC=C,274.26899999999995,274.26899999999995,0.0,['none']
True,False,[],False,1,False,True,C(CCl)CCl,ClCCCCl,ClCCCCl,112.98700000000001,112.98700000000001,0.0,['none']
True,False,[],False,1,False,True,CCCCCC(=O)O,CCCCCC(=O)O,CCCCCC(=O)O,116.15999999999998,116.15999999999998,0.0,['none']
True,False,[],False,1,False,True,CCCCOCCCC,CCCCOCCCC,CCCCOCCCC,130.231,130.231,0.0,['none']
True,False,[],False,1,False,True,C(CCCNC(=O)O)CCN,NCCCCCCNC(=O)O,NCCCCCCNC(=O)O,160.21699999999996,160.21699999999996,0.0,['none']
True,False,[],False,1,False,True,CCCCOCCOCCOCCO,CCCCOCCOCCOCCO,CCCCOCCOCCOCCO,206.28199999999995,206.28199999999995,0.0,['none']
True,True,['Cu'],True,2,True,True,C12=C(C(=C(C(=C1Cl)Br)Cl)Br)C3=NC4=NC(=NC5=C6C(=C([N-]5)N=C7C8=C(C(=C(C(=C8Br)Cl)Cl)Cl)C(=N7)N=C2[N-]3)C(=C(C(=C6Br)Cl)Br)Cl)C9=C4C(=C(C(=C9Cl)Br)Cl)Cl.[Cu+2],Clc1c(Cl)c(Br)c2c(c1Cl)-c1nc-2nc2[n-]c(nc3nc(nc4[n-]c(n1)c1c(Cl)c(Br)c(Cl)c(Br)c41)-c1c(Cl)c(Cl)c(Br)c(Cl)c1-3)c1c(Br)c(Cl)c(Br)c(Cl)c21,Clc1c(Cl)c(Br)c2c(c1Cl)-c1nc-2nc2[nH]c(nc3nc(nc4[nH]c(n1)c1c(Cl)c(Br)c(Cl)c(Br)c41)-c1c(Cl)c(Cl)c(Br)c(Cl)c1-3)c1c(Br)c(Cl)c(Br)c(Cl)c21,1393.9079999999994,1332.3779999999995,-61.52999999999997,"['salt_stripped', 'metal:Cu', 'fragment_removed', 'charge_normalized']"
True,False,[],False,1,False,True,CCCCOC(=O)CSCSCC(=O)OCCCC,CCCCOC(=O)CSCSCC(=O)OCCCC,CCCCOC(=O)CSCSCC(=O)OCCCC,308.4650000000001,308.4650000000001,0.0,['none']
True,True,['Na'],True,2,True,True,C(=O)(O)[O-].[Na+],O=C([O-])O,O=C(O)O,84.006,62.02400000000001,-21.981999999999992,"['salt_stripped', 'metal:Na', 'fragment_removed', 'charge_normalized']"
True,False,[],False,1,False,True,CCCCCCCCCCCCCCCCCCNC(=O)CCC1=CC(=C(C(=C1)C(C)(C)C)O)C(C)(C)C,CCCCCCCCCCCCCCCCCCNC(=O)CCc1cc(C(C)(C)C)c(O)c(C(C)(C)C)c1,CCCCCCCCCCCCCCCCCCNC(=O)CCc1cc(C(C)(C)C)c(O)c(C(C)(C)C)c1,529.8940000000002,529.8940000000002,0.0,['none']
True,False,[],False,1,False,True,CCCCC(CC)COC(=O)CCC1=CC(=C(C(=C1)C(C)(C)C)O)C(C)(C)C,CCCCC(CC)COC(=O)CCc1cc(C(C)(C)C)c(O)c(C(C)(C)C)c1,CCCCC(CC)COC(=O)CCc1cc(C(C)(C)C)c(O)c(C(C)(C)C)c1,390.6080000000001,390.6080000000001,0.0,['none']
True,False,[],False,1,False,True,COC1=CC=C(C=C1)OC(=O)C2=CC=C(C=C2)OCCCCC3CO3,COc1ccc(OC(=O)c2ccc(OCCCCC3CO3)cc2)cc1,COc1ccc(OC(=O)c2ccc(OCCCCC3CO3)cc2)cc1,342.3910000000002,342.3910000000002,0.0,['none']
True,False,[],False,1,False,True,CCCC1=NC2=C(N1CC3=CC=C(C=C3)C4=CC=CC=C4C#N)C=C(C=C2C)C5=NC6=CC=CC=C6N5C,CCCc1nc2c(C)cc(-c3nc4ccccc4n3C)cc2n1Cc1ccc(-c2ccccc2C#N)cc1,CCCc1nc2c(C)cc(-c3nc4ccccc4n3C)cc2n1Cc1ccc(-c2ccccc2C#N)cc1,495.6300000000003,495.6300000000003,0.0,['none']
True,False,[],False,1,False,True,CC(CC(=CC1CCCCC1)C)C=O,CC(=CC1CCCCC1)CC(C)C=O,CC(=CC1CCCCC1)CC(C)C=O,194.31799999999996,194.31799999999996,0.0,['none']
True,False,[],True,4,False,True,O.O.O.[La],O,O,192.95100000000002,18.015,-174.93600000000004,"['salt_stripped', 'fragment_removed']"
True,False,[],False,1,False,True,CC(C)(CO)C1OCC2(CO1)COC(OC2)C(C)(C)CO,CC(C)(CO)C1OCC2(CO1)COC(C(C)(C)CO)OC2,CC(C)(CO)C1OCC2(CO1)COC(C(C)(C)CO)OC2,304.383,304.383,0.0,['none']
True,False,[],False,1,False,True,CCOP(OC1=C(C=C(C=C1C)C(C)(C)C)C(C)(C)C)OC2=C(C=C(C=C2C)C(C)(C)C)C(C)(C)C,CCOP(Oc1c(C)cc(C(C)(C)C)cc1C(C)(C)C)Oc1c(C)cc(C(C)(C)C)cc1C(C)(C)C,CCOP(Oc1c(C)cc(C(C)(C)C)cc1C(C)(C)C)Oc1c(C)cc(C(C)(C)C)cc1C(C)(C)C,514.7310000000003,514.7310000000003,0.0,['none']
True,True,['Na'],True,3,True,True,CCCCCCCCCCCCNC1=NC(=NC(=N1)Cl)NC2=CC3=CC(=C(C(=C3C=C2)O)N=NC4=CC=C(C=C4)N=NC5=CC=C(C=C5)S(=O)(=O)[O-])S(=O)(=O)[O-].[Na+].[Na+],CCCCCCCCCCCCNc1nc(Cl)nc(Nc2ccc3c(O)c(N=Nc4ccc(N=Nc5ccc(S(=O)(=O)[O-])cc5)cc4)c(S(=O)(=O)[O-])cc3c2)n1,CCCCCCCCCCCCNc1nc(Cl)nc(Nc2ccc3c(O)c(N=Nc4ccc(N=Nc5ccc(S(=O)(=O)O)cc5)cc4)c(S(=O)(=O)O)cc3c2)n1,868.3500000000001,824.3860000000002,-43.96399999999994,"['salt_stripped', 'metal:Na', 'fragment_removed', 'charge_normalized']"
True,False,[],False,1,False,True,CCCSC1=NC(=C(C(=N1)Cl)[N+](=O)[O-])Cl,CCCSc1nc(Cl)c([N+](=O)[O-])c(Cl)n1,CCCSc1nc(Cl)c([N+](=O)[O-])c(Cl)n1,268.125,268.125,0.0,['none']
True,False,[],False,1,False,True,COC(=O)CCCCCCCCCCCCCCCCC(=O)OC,COC(=O)CCCCCCCCCCCCCCCCC(=O)OC,COC(=O)CCCCCCCCCCCCCCCCC(=O)OC,342.52000000000004,342.52000000000004,0.0,['none']
True,True,['Na'],True,2,True,True,CCC(COCC(C(F)(F)F)(F)F)OC(=O)CC(C(C(=O)OC(CC)COCC(C(F)(F)F)(F)F)S(=O)(=O)[O-])C(=O)OC(CC)COCC(C(F)(F)F)(F)F.[Na+],CCC(COCC(F)(F)C(F)(F)F)OC(=O)CC(C(=O)OC(CC)COCC(F)(F)C(F)(F)F)C(C(=O)OC(CC)COCC(F)(F)C(F)(F)F)S(=O)(=O)[O-],CCC(COCC(F)(F)C(F)(F)F)OC(=O)CC(C(=O)OC(CC)COCC(F)(F)C(F)(F)F)C(C(=O)OC(CC)COCC(F)(F)C(F)(F)F)S(=O)(=O)O,890.5840000000004,868.6020000000004,-21.98199999999997,"['salt_stripped', 'metal:Na', 'fragment_removed', 'charge_normalized']"
True,False,[],False,1,False,True,CCC(=O)N(C1CCN(CC1)CC2=CC=CC=C2)C3=CC=CC=C3,CCC(=O)N(c1ccccc1)C1CCN(Cc2ccccc2)CC1,CCC(=O)N(c1ccccc1)C1CCN(Cc2ccccc2)CC1,322.452,322.452,0.0,['none']
True,False,[],False,1,False,True,CCC(C)C1CCCCC1=O,CCC(C)C1CCCCC1=O,CCC(C)C1CCCCC1=O,154.253,154.253,0.0,['none']
True,False,[],False,1,False,True,C1=CC(=CC(=C1)CN)CN,NCc1cccc(CN)c1,NCc1cccc(CN)c1,136.19799999999998,136.19799999999998,0.0,['none']
True,False,[],False,1,False,True,C1=CC(=CC=C1C(C2=CC=C(C=C2)O)(C(F)(F)F)C(F)(F)F)O,Oc1ccc(C(c2ccc(O)cc2)(C(F)(F)F)C(F)(F)F)cc1,Oc1ccc(C(c2ccc(O)cc2)(C(F)(F)F)C(F)(F)F)cc1,336.23099999999994,336.23099999999994,0.0,['none']
True,False,[],False,1,False,True,CCO[Si](CCCS)(OCC)OCC,CCO[Si](CCCS)(OCC)OCC,CCO[Si](CCCS)(OCC)OCC,238.42499999999995,238.42499999999995,0.0,['none']
True,False,[],False,1,False,True,CCC(C)(C)C(=O)OC1=C(C(=O)OC12CCCCC2)C3=C(C=C(C=C3)Cl)Cl,CCC(C)(C)C(=O)OC1=C(c2ccc(Cl)cc2Cl)C(=O)OC12CCCCC2,CCC(C)(C)C(=O)OC1=C(c2ccc(Cl)cc2Cl)C(=O)OC12CCCCC2,411.32500000000005,411.32500000000005,0.0,['none']
True,False,[],False,1,False,True,CCCCC(CC)COC(=O)OCC(CC)CCCC,CCCCC(CC)COC(=O)OCC(CC)CCCC,CCCCC(CC)COC(=O)OCC(CC)CCCC,286.456,286.456,0.0,['none']
True,True,['K'],True,3,False,True,OP(=O)(O)O.OP(=O)(O)[O-].[K+],O=P(O)(O)O,O=P(O)(O)O,234.07799999999997,97.99399999999999,-136.084,"['salt_stripped', 'metal:K', 'fragment_removed']"
True,False,[],False,1,False,True,CCCCC(CC)C(=O)O,CCCCC(CC)C(=O)O,CCCCC(CC)C(=O)O,144.214,144.214,0.0,['none']
True,False,[],False,1,False,True,C1CC(=O)NC1C(=O)O,O=C1CCC(C(=O)O)N1,O=C1CCC(C(=O)O)N1,129.11499999999998,129.11499999999998,0.0,['none']
True,True,['Na'],True,2,True,True,CCCCCCCCCCCCN(CCC(=O)O)CCC(=O)[O-].[Na+],CCCCCCCCCCCCN(CCC(=O)[O-])CCC(=O)O,CCCCCCCCCCCCN(CCC(=O)O)CCC(=O)O,351.4630000000001,329.48100000000005,-21.982000000000028,"['salt_stripped', 'metal:Na', 'fragment_removed', 'charge_normalized']"
True,False,[],False,1,False,True,C(COCCS)OCCS,SCCOCCOCCS,SCCOCCOCCS,182.31,182.31,0.0,['none']
True,False,[],False,1,False,True,CCCCCCOC1CCC(O1)(C)C,CCCCCCOC1CCC(C)(C)O1,CCCCCCOC1CCC(C)(C)O1,200.32199999999995,200.32199999999995,0.0,['none']
True,False,[],False,1,False,True,COC1=CC=C(C=C1)O,COc1ccc(O)cc1,COc1ccc(O)cc1,124.13899999999997,124.13899999999997,0.0,['none']
True,False,[],False,1,False,True,C1=C(C(=C(N=C1Cl)C(=O)O)Cl)N,Nc1cc(Cl)nc(C(=O)O)c1Cl,Nc1cc(Cl)nc(C(=O)O)c1Cl,207.016,207.016,0.0,['none']
True,False,[],False,1,False,True,CC1CC(C2=C(C1(C)C)C=C(C(=C2)C(=O)C)C)(C)C,CC(=O)c1cc2c(cc1C)C(C)(C)C(C)CC2(C)C,CC(=O)c1cc2c(cc1C)C(C)(C)C(C)CC2(C)C,258.405,258.405,0.0,['none']
True,False,[],False,1,False,True,C=C(C(F)(F)F)Br,C=C(Br)C(F)(F)F,C=C(Br)C(F)(F)F,174.947,174.947,0.0,['none']
True,False,[],False,1,False,True,CC(=CC1=CC=CC=C1)C=O,CC(C=O)=Cc1ccccc1,CC(C=O)=Cc1ccccc1,146.18899999999996,146.18899999999996,0.0,['none']
True,False,[],False,1,False,True,COC(=O)C(=O)C1=CC=CC=C1,COC(=O)C(=O)c1ccccc1,COC(=O)C(=O)c1ccccc1,164.16,164.16,0.0,['none']
True,False,[],False,1,False,True,C1CC=CCCC=CCCC(=O)C1,O=C1CCC=CCCC=CCCC1,O=C1CCC=CCCC=CCCC1,178.27499999999998,178.27499999999998,0.0,['none']
True,True,['Ca'],True,3,True,True,[NH4+].[N+](=O)([O-])[O-].[Ca+2],[NH4+],N,120.121,17.031,-103.09,"['salt_stripped', 'metal:Ca', 'fragment_removed', 'charge_normalized']"
True,False,[],False,1,False,True,CCO[Si](CCl)(OCC)OCC,CCO[Si](CCl)(OCC)OCC,CCO[Si](CCl)(OCC)OCC,212.74899999999997,212.74899999999997,0.0,['none']
True,False,[],False,1,False,True,C1C(C(C(C1(F)F)(F)F)(F)F)F,FC1CC(F)(F)C(F)(F)C1(F)F,FC1CC(F)(F)C(F)(F)C1(F)F,196.06499999999997,196.06499999999997,0.0,['none']
True,False,[],True,2,False,True,CC[P+](C1=CC=CC=C1)(C2=CC=CC=C2)C3=CC=CC=C3.[Br-],CC[P+](c1ccccc1)(c1ccccc1)c1ccccc1,CC[P+](c1ccccc1)(c1ccccc1)c1ccccc1,371.258,291.354,-79.904,"['salt_stripped', 'fragment_removed']"
True,False,[],False,1,False,True,CC1C(C2=C(C1(C)C)C=C(C(=C2)C)C(=O)C)(C)C,CC(=O)c1cc2c(cc1C)C(C)(C)C(C)C2(C)C,CC(=O)c1cc2c(cc1C)C(C)(C)C(C)C2(C)C,244.37799999999996,244.37799999999996,0.0,['none']
True,True,"['Fe', 'Li']",True,3,True,True,[Li+].[O-]P(=O)([O-])[O-].[Fe+2],O=P([O-])([O-])[O-],O=P(O)(O)O,157.75599999999997,97.99399999999999,-59.761999999999986,"['salt_stripped', 'metal:Fe,Li', 'fragment_removed', 'charge_normalized']"
True,False,[],False,1,False,True,CN1COCN=C1N[N+](=O)[O-],CN1COCN=C1N[N+](=O)[O-],CN1COCN=C1N[N+](=O)[O-],160.13299999999998,160.13299999999998,0.0,['none']
True,True,['Zn'],True,3,True,True,C1CC(=O)NC1C(=O)[O-].C1CC(=O)NC1C(=O)[O-].[Zn+2],O=C1CCC(C(=O)[O-])N1,O=C1CCC(C(=O)O)N1,321.6039999999999,129.11499999999998,-192.48899999999995,"['salt_stripped', 'metal:Zn', 'fragment_removed', 'charge_normalized']"
True,False,[],False,1,False,True,CCCCC(CC)COC(=O)C1=CC=C(C=C1)NC2=NC(=NC(=N2)NC3=CC=C(C=C3)C(=O)NC(C)(C)C)NC4=CC=C(C=C4)C(=O)OCC(CC)CCCC,CCCCC(CC)COC(=O)c1ccc(Nc2nc(Nc3ccc(C(=O)NC(C)(C)C)cc3)nc(Nc3ccc(C(=O)OCC(CC)CCCC)cc3)n2)cc1,CCCCC(CC)COC(=O)c1ccc(Nc2nc(Nc3ccc(C(=O)NC(C)(C)C)cc3)nc(Nc3ccc(C(=O)OCC(CC)CCCC)cc3)n2)cc1,765.9999999999998,765.9999999999998,0.0,['none']
True,False,[],False,1,False,True,CC(C)(C1=CC=C(C=C1)Br)C(=O)OC,COC(=O)C(C)(C)c1ccc(Br)cc1,COC(=O)C(C)(C)c1ccc(Br)cc1,257.12699999999995,257.12699999999995,0.0,['none']
True,False,[],False,1,False,True,CC(C)(C1=CC=CC=C1)C2=CC(=C(C=C2)OP3OCC4(CO3)COP(OC4)OC5=C(C=C(C=C5)C(C)(C)C6=CC=CC=C6)C(C)(C)C7=CC=CC=C7)C(C)(C)C8=CC=CC=C8,CC(C)(c1ccccc1)c1ccc(OP2OCC3(CO2)COP(Oc2ccc(C(C)(C)c4ccccc4)cc2C(C)(C)c2ccccc2)OC3)c(C(C)(C)c2ccccc2)c1,CC(C)(c1ccccc1)c1ccc(OP2OCC3(CO2)COP(Oc2ccc(C(C)(C)c4ccccc4)cc2C(C)(C)c2ccccc2)OC3)c(C(C)(C)c2ccccc2)c1,852.9890000000001,852.9890000000001,0.0,['none']
True,False,[],True,5,True,True,CC1=CC(=C(C=C1Cl)N=NC2C(=NN(C2=O)C3=CC(=CC=C3)S(=O)(=O)[O-])C)S(=O)(=O)[O-].[NH4+].[NH4+].[NH4+].[NH4+],CC1=NN(c2cccc(S(=O)(=O)[O-])c2)C(=O)C1N=Nc1cc(Cl)c(C)cc1S(=O)(=O)[O-],CC1=NN(c2cccc(S(=O)(=O)O)c2)C(=O)C1N=Nc1cc(Cl)c(C)cc1S(=O)(=O)O,557.0550000000002,486.9150000000002,-70.13999999999999,"['salt_stripped', 'fragment_removed', 'charge_normalized']"
True,False,[],False,1,False,True,CC(=O)OCC(F)F,CC(=O)OCC(F)F,CC(=O)OCC(F)F,124.08600000000001,124.08600000000001,0.0,['none']
True,False,[],False,1,False,True,C1=CC(=CC=C1C(=O)C2=CC=C(C=C2)O)C(=O)C3=CC=C(C=C3)O,O=C(c1ccc(O)cc1)c1ccc(C(=O)c2ccc(O)cc2)cc1,O=C(c1ccc(O)cc1)c1ccc(C(=O)c2ccc(O)cc2)cc1,318.32800000000003,318.32800000000003,0.0,['none']
True,False,[],True,2,False,True,C1(=NC(=NC(=N1)N)N)N.OP(=O)(O)OP(=O)(O)O,Nc1nc(N)nc(N)n1,Nc1nc(N)nc(N)n1,304.09600000000006,126.12300000000003,-177.973,"['salt_stripped', 'fragment_removed']"
True,True,['Na'],True,2,True,True,CCN(C1=CC=CC=C1)C2=NC(=NC(=N2)NC3=C4C(=CC(=C3)S(=O)(=O)[O-])C=C(C(=C4O)N=NC5=C(C=CC(=C5)NC(=O)C(CBr)Br)S(=O)(=O)[O-])S(=O)(=O)[O-])Cl.[Na+],CCN(c1ccccc1)c1nc(Cl)nc(Nc2cc(S(=O)(=O)[O-])cc3cc(S(=O)(=O)[O-])c(N=Nc4cc(NC(=O)C(Br)CBr)ccc4S(=O)(=O)[O-])c(O)c23)n1,CCN(c1ccccc1)c1nc(Cl)nc(Nc2cc(S(=O)(=O)O)cc3cc(S(=O)(=O)O)c(N=Nc4cc(NC(=O)C(Br)CBr)ccc4S(=O)(=O)O)c(O)c23)n1,985.0030000000003,965.0370000000003,-19.966000000000008,"['salt_stripped', 'metal:Na', 'fragment_removed', 'charge_normalized']"
True,False,[],False,1,False,True,CC1=CC(=C(C(=C1)N2N=C3C=CC=CC3=N2)O)CC(C)C[Si](C)(O[Si](C)(C)C)O[Si](C)(C)C,Cc1cc(CC(C)C[Si](C)(O[Si](C)(C)C)O[Si](C)(C)C)c(O)c(-n2nc3ccccc3n2)c1,Cc1cc(CC(C)C[Si](C)(O[Si](C)(C)C)O[Si](C)(C)C)c(O)c(-n2nc3ccccc3n2)c1,501.8520000000003,501.8520000000003,0.0,['none']
True,False,[],False,1,False,True,C(CN)CO,NCCCO,NCCCO,75.11099999999999,75.11099999999999,0.0,['none']
True,True,['Mg'],True,3,True,True,CCCCC(CC)C(=O)[O-].CCCCC(CC)C(=O)[O-].[Mg+2],CCCCC(CC)C(=O)[O-],CCCCC(CC)C(=O)O,310.717,144.214,-166.503,"['salt_stripped', 'metal:Mg', 'fragment_removed', 'charge_normalized']"
True,True,['Na'],True,2,True,True,CC(=C)CS(=O)(=O)[O-].[Na+],C=C(C)CS(=O)(=O)[O-],C=C(C)CS(=O)(=O)O,158.154,136.172,-21.982,"['salt_stripped', 'metal:Na', 'fragment_removed', 'charge_normalized']"
True,False,[],False,1,False,True,CC(C)CC(=NO[Si](C=C)(ON=C(C)CC(C)C)ON=C(C)CC(C)C)C,C=C[Si](ON=C(C)CC(C)C)(ON=C(C)CC(C)C)ON=C(C)CC(C)C,C=C[Si](ON=C(C)CC(C)C)(ON=C(C)CC(C)C)ON=C(C)CC(C)C,397.6360000000002,397.6360000000002,0.0,['none']
True,False,[],False,1,False,True,CCC(COC(=O)C=C)(COC(=O)C=C)COC(=O)C=C,C=CC(=O)OCC(CC)(COC(=O)C=C)COC(=O)C=C,C=CC(=O)OCC(CC)(COC(=O)C=C)COC(=O)C=C,296.31899999999996,296.31899999999996,0.0,['none']
True,False,[],False,1,False,True,CC1CCC(C(C1)OC)C(C)C,COC1CC(C)CCC1C(C)C,COC1CC(C)CCC1C(C)C,170.296,170.296,0.0,['none']
True,False,[],False,1,False,True,CCC(C)(C)OOC1(CCCCC1)OOC(C)(C)CC,CCC(C)(C)OOC1(OOC(C)(C)CC)CCCCC1,CCC(C)(C)OOC1(OOC(C)(C)CC)CCCCC1,288.428,288.428,0.0,['none']
True,False,[],False,1,False,True,CCCOCC(C)O,CCCOCC(C)O,CCCOCC(C)O,118.17599999999997,118.17599999999997,0.0,['none']
True,False,[],False,1,False,True,CCCC1=CC=C(C=C1)C2=C(C(=C(C=C2)OCC)F)F,CCCc1ccc(-c2ccc(OCC)c(F)c2F)cc1,CCCc1ccc(-c2ccc(OCC)c(F)c2F)cc1,276.3259999999999,276.3259999999999,0.0,['none']
True,False,[],False,1,False,True,CCCCCC1CCCC1O,CCCCCC1CCCC1O,CCCCCC1CCCC1O,156.269,156.269,0.0,['none']
True,True,['Na'],True,2,True,True,CC(C)C1=CC=C(C=C1)S(=O)(=O)[O-].[Na+],CC(C)c1ccc(S(=O)(=O)[O-])cc1,CC(C)c1ccc(S(=O)(=O)O)cc1,222.24099999999996,200.25899999999996,-21.982,"['salt_stripped', 'metal:Na', 'fragment_removed', 'charge_normalized']"
True,False,[],False,1,False,True,CC1=CC=C(C=C1)N2C(=O)C(C(=N2)C)N=NC3=C(C=C(C=C3)C4=CC(=C(C=C4)N=NC5C(=NN(C5=O)C6=CC=C(C=C6)C)C)Cl)Cl,CC1=NN(c2ccc(C)cc2)C(=O)C1N=Nc1ccc(-c2ccc(N=NC3C(=O)N(c4ccc(C)cc4)N=C3C)c(Cl)c2)cc1Cl,CC1=NN(c2ccc(C)cc2)C(=O)C1N=Nc1ccc(-c2ccc(N=NC3C(=O)N(c4ccc(C)cc4)N=C3C)c(Cl)c2)cc1Cl,651.5580000000001,651.5580000000001,0.0,['none']
True,False,[],False,1,False,True,CCCCC(=O)OCC(COC(=O)CCCC)(COC(=O)CCCC)COC(=O)CCCC,CCCCC(=O)OCC(COC(=O)CCCC)(COC(=O)CCCC)COC(=O)CCCC,CCCCC(=O)OCC(COC(=O)CCCC)(COC(=O)CCCC)COC(=O)CCCC,472.6190000000004,472.6190000000004,0.0,['none']
True,False,[],False,1,False,True,CCCCCCCOC(=O)CCC(=O)OCCCCCCC,CCCCCCCOC(=O)CCC(=O)OCCCCCCC,CCCCCCCOC(=O)CCC(=O)OCCCCCCC,314.46600000000007,314.46600000000007,0.0,['none']
True,False,[],False,1,False,True,CN(C)CCCN1CN(CN(C1)CCCN(C)C)CCCN(C)C,CN(C)CCCN1CN(CCCN(C)C)CN(CCCN(C)C)C1,CN(C)CCCN1CN(CCCN(C)C)CN(CCCN(C)C)C1,342.57600000000014,342.57600000000014,0.0,['none']
True,False,[],False,1,False,True,CC(=O)NC1=CC(=C(C=C1N=NC2=C(C=C(C=C2Cl)[N+](=O)[O-])[N+](=O)[O-])OC)NCCC(=O)OCC(=O)OCC3=CC=CC=C3,COc1cc(N=Nc2c(Cl)cc([N+](=O)[O-])cc2[N+](=O)[O-])c(NC(C)=O)cc1NCCC(=O)OCC(=O)OCc1ccccc1,COc1cc(N=Nc2c(Cl)cc([N+](=O)[O-])cc2[N+](=O)[O-])c(NC(C)=O)cc1NCCC(=O)OCC(=O)OCc1ccccc1,628.9820000000003,628.9820000000003,0.0,['none']
True,True,['Ca'],True,3,True,True,CCCCCCCCCCCCCCCCCC(=O)[O-].CCCCCCCCCCCCCCCCCC(=O)[O-].[Ca+2],CCCCCCCCCCCCCCCCCC(=O)[O-],CCCCCCCCCCCCCCCCCC(=O)O,607.0300000000005,284.4839999999999,-322.5460000000006,"['salt_stripped', 'metal:Ca', 'fragment_removed', 'charge_normalized']"
True,True,['Mn'],True,2,False,True,CCCCC(CC)C(=O)O.[Mn+2],CCCCC(CC)C(=O)O,CCCCC(CC)C(=O)O,199.152,144.214,-54.93799999999999,"['salt_stripped', 'metal:Mn', 'fragment_removed']"
True,False,[],False,1,False,True,CC(=O)C(C(=O)NC1=C(C=CC(=C1)Cl)OC)N=NC2=C(C=C(C=C2)[N+](=O)[O-])OC,COc1cc([N+](=O)[O-])ccc1N=NC(C(C)=O)C(=O)Nc1cc(Cl)ccc1OC,COc1cc([N+](=O)[O-])ccc1N=NC(C(C)=O)C(=O)Nc1cc(Cl)ccc1OC,420.8090000000002,420.8090000000002,0.0,['none']
True,False,[],False,1,False,True,CC(C)CCCC(C)CCCC(C)(C#C)O,C#CC(C)(O)CCCC(C)CCCC(C)C,C#CC(C)(O)CCCC(C)CCCC(C)C,224.38799999999998,224.38799999999998,0.0,['none']
True,False,[],False,1,False,True,C=C(C#N)C(=O)OCCC1=CC=CC=C1,C=C(C#N)C(=O)OCCc1ccccc1,C=C(C#N)C(=O)OCCc1ccccc1,201.22500000000002,201.22500000000002,0.0,['none']
True,False,[],False,1,False,True,C1(=C(OC(O1)(F)F)F)OC(F)(F)F,FC1=C(OC(F)(F)F)OC(F)(F)O1,FC1=C(OC(F)(F)F)OC(F)(F)O1,210.02899999999997,210.02899999999997,0.0,['none']
True,False,[],False,1,False,True,CCCCOC(=O)CCS,CCCCOC(=O)CCS,CCCCOC(=O)CCS,162.254,162.254,0.0,['none']
True,False,[],False,1,False,True,CCCCOC(=O)OOC(=O)OCCCC,CCCCOC(=O)OOC(=O)OCCCC,CCCCOC(=O)OOC(=O)OCCCC,234.24799999999993,234.24799999999993,0.0,['none']
True,False,[],False,1,False,True,C(=C(F)F)(OC(C(C(F)(F)F)(F)F)(F)F)F,FC(F)=C(F)OC(F)(F)C(F)(F)C(F)(F)F,FC(F)=C(F)OC(F)(F)C(F)(F)C(F)(F)F,266.03399999999993,266.03399999999993,0.0,['none']
True,False,[],False,1,False,True,CCCCCCCCCCCCCCCC(=O)NCCCCCCCCC=CCCCCCCCC,CCCCCCCCC=CCCCCCCCCNC(=O)CCCCCCCCCCCCCCC,CCCCCCCCC=CCCCCCCCCNC(=O)CCCCCCCCCCCCCCC,505.9160000000006,505.9160000000006,0.0,['none']
True,False,[],True,2,False,True,C(CN)COCCOCCOCCCN.C(=CC(=O)O)C(=O)O,NCCCOCCOCCOCCCN,NCCCOCCOCCOCCCN,336.38500000000005,220.31299999999993,-116.07200000000012,"['salt_stripped', 'fragment_removed']"
True,False,[],False,1,False,True,C(=CF)F,FC=CF,FC=CF,64.034,64.034,0.0,['none']
True,True,"['Na', 'Li']",True,3,False,True,[Li+].CC(CNC1=C(C2=C(C=C1)NC3=C(O2)C(=C4C(=C3Cl)OC5=C(N4)C=CC(=C5S(=O)(=O)O)NCC(C)NC6=NC(=NC(=N6)NC7=CC=CC=C7S(=O)(=O)O)F)Cl)S(=O)(=O)O)NC8=NC(=NC(=N8)NC9=CC=CC=C9S(=O)(=O)O)F.[Na+],CC(CNc1ccc2[nH]c3c(Cl)c4oc5c(S(=O)(=O)O)c(NCC(C)Nc6nc(F)nc(Nc7ccccc7S(=O)(=O)O)n6)ccc5[nH]c4c(Cl)c3oc2c1S(=O)(=O)O)Nc1nc(F)nc(Nc2ccccc2S(=O)(=O)O)n1,CC(CNc1ccc2[nH]c3c(Cl)c4oc5c(S(=O)(=O)O)c(NCC(C)Nc6nc(F)nc(Nc7ccccc7S(=O)(=O)O)n6)ccc5[nH]c4c(Cl)c3oc2c1S(=O)(=O)O)Nc1nc(F)nc(Nc2ccccc2S(=O)(=O)O)n1,1227.935,1198.0040000000001,-29.930999999999813,"['salt_stripped', 'metal:Na,Li', 'fragment_removed']"
True,False,[],False,1,False,True,CCOC(=O)C1=NOC(C1)(C2=CC=CC=C2)C3=CC=CC=C3,CCOC(=O)C1=NOC(c2ccccc2)(c2ccccc2)C1,CCOC(=O)C1=NOC(c2ccccc2)(c2ccccc2)C1,295.338,295.338,0.0,['none']
True,False,[],False,1,False,True,CC1=C(C=CC(=C1)CC(C)C)CCC=O,Cc1cc(CC(C)C)ccc1CCC=O,Cc1cc(CC(C)C)ccc1CCC=O,204.31299999999996,204.31299999999996,0.0,['none']
True,False,[],False,1,False,True,CC=CC=CC(=O)OCCC[Si](OC)(OC)OC,CC=CC=CC(=O)OCCC[Si](OC)(OC)OC,CC=CC=CC(=O)OCCC[Si](OC)(OC)OC,274.389,274.389,0.0,['none']
True,False,[],False,1,False,True,CCCCCCCCCCCC[N+](C)(C)[O-],CCCCCCCCCCCC[N+](C)(C)[O-],CCCCCCCCCCCC[N+](C)(C)[O-],229.40799999999996,229.40799999999996,0.0,['none']
True,True,['K'],True,2,True,True,CC(C)C1=CC=C(C=C1)S(=O)(=O)[O-].[K+],CC(C)c1ccc(S(=O)(=O)[O-])cc1,CC(C)c1ccc(S(=O)(=O)O)cc1,238.34899999999993,200.25899999999996,-38.089999999999975,"['salt_stripped', 'metal:K', 'fragment_removed', 'charge_normalized']"
True,True,"['Fe', 'Na']",True,3,True,True,C1=CC=C(C(=C1)C(C(=O)O)NCCNC(C2=CC=CC=C2[O-])C(=O)O)O.[Na+].[Fe],O=C([O-])C(NCCNC(C(=O)O)c1ccccc1O)c1ccccc1O,O=C(O)C(NCCNC(C(=O)O)c1ccccc1O)c1ccccc1O,438.1930000000001,360.3660000000001,-77.827,"['salt_stripped', 'metal:Fe,Na', 'fragment_removed', 'charge_normalized']"
True,False,[],False,1,False,True,CC1=C(C=CC(=C1)Cl)OC(C)C(=O)O,Cc1cc(Cl)ccc1OC(C)C(=O)O,Cc1cc(Cl)ccc1OC(C)C(=O)O,214.648,214.648,0.0,['none']
True,False,[],False,1,False,True,CC(C)(CO)C(C(=O)NCCCO)O,CC(C)(CO)C(O)C(=O)NCCCO,CC(C)(CO)C(O)C(=O)NCCCO,205.25399999999996,205.25399999999996,0.0,['none']
True,False,[],False,1,False,True,CCCCC(CC)C1N(CCO1)CCCC,CCCCC(CC)C1OCCN1CCCC,CCCCC(CC)C1OCCN1CCCC,227.3919999999999,227.3919999999999,0.0,['none']
True,False,[],False,1,False,True,CN=C(NCC1CCOC1)N[N+](=O)[O-],CN=C(NCC1CCOC1)N[N+](=O)[O-],CN=C(NCC1CCOC1)N[N+](=O)[O-],202.214,202.214,0.0,['none']
True,False,[],False,1,False,True,CCO[Si](CCCC1=C(C(=CC(=C1O)C(=O)C2=CC=CC=C2)C(=O)C3=CC=CC=C3)O)(OCC)OCC,CCO[Si](CCCc1c(O)c(C(=O)c2ccccc2)cc(C(=O)c2ccccc2)c1O)(OCC)OCC,CCO[Si](CCCc1c(O)c(C(=O)c2ccccc2)cc(C(=O)c2ccccc2)c1O)(OCC)OCC,522.6700000000003,522.6700000000003,0.0,['none']
True,False,[],False,1,False,True,CC1=CCC(C1(C)C)C(=C)CC(C)C=O,C=C(CC(C)C=O)C1CC=C(C)C1(C)C,C=C(CC(C)C=O)C1CC=C(C)C1(C)C,206.32899999999998,206.32899999999998,0.0,['none']
True,False,[],False,1,False,True,CCOC1=NC(=CC2=NC(=NN21)SSC3=NN4C(=N3)C=C(N=C4OCC)F)F,CCOc1nc(F)cc2nc(SSc3nc4cc(F)nc(OCC)n4n3)nn12,CCOc1nc(F)cc2nc(SSc3nc4cc(F)nc(OCC)n4n3)nn12,426.4340000000002,426.4340000000002,0.0,['none']
True,False,[],False,1,False,True,CC1=C(C=C(C=C1)S(=O)(=O)C)[N+](=O)[O-],Cc1ccc(S(C)(=O)=O)cc1[N+](=O)[O-],Cc1ccc(S(C)(=O)=O)cc1[N+](=O)[O-],215.22999999999996,215.22999999999996,0.0,['none']
True,False,[],False,1,False,True,C1=CC2=C(C=CC(=C2)O)C=C1C(=O)O,O=C(O)c1ccc2cc(O)ccc2c1,O=C(O)c1ccc2cc(O)ccc2c1,188.18199999999996,188.18199999999996,0.0,['none']
True,True,['K'],True,3,True,True,[O-]S(=O)S(=O)(=O)[O-].[K+].[K+],O=S([O-])S(=O)(=O)[O-],O=S(O)S(=O)(=O)O,222.325,146.14499999999998,-76.18,"['salt_stripped', 'metal:K', 'fragment_removed', 'charge_normalized']"
True,False,[],False,1,False,True,CC(=NOC(=O)NC)SC,CNC(=O)ON=C(C)SC,CNC(=O)ON=C(C)SC,162.214,162.214,0.0,['none']
True,False,[],True,9,True,True,[NH4+].[NH4+].[N+](=O)([O-])[O-].[N+](=O)([O-])[O-].[N+](=O)([O-])[O-].[N+](=O)([O-])[O-].[N+](=O)([O-])[O-].[N+](=O)([O-])[O-].[Ce+4],[NH4+],N,548.2180000000002,17.031,-531.1870000000002,"['salt_stripped', 'fragment_removed', 'charge_normalized']"
True,False,[],False,1,False,True,CCCCCCCCOC(=O)OCCCCCCCC,CCCCCCCCOC(=O)OCCCCCCCC,CCCCCCCCOC(=O)OCCCCCCCC,286.456,286.456,0.0,['none']
True,False,[],False,1,False,True,CO[Si](C)OC,CO[Si](C)OC,CO[Si](C)OC,105.189,105.189,0.0,['none']
True,True,['Mg'],True,3,True,True,CCOC(=O)[O-].CCOC(=O)[O-].[Mg+2],CCOC(=O)[O-],CCOC(=O)O,202.445,90.07799999999999,-112.367,"['salt_stripped', 'metal:Mg', 'fragment_removed', 'charge_normalized']"
True,False,[],False,1,False,True,CCCCCCCCCOC(=O)C1=CC(=C(C=C1)C(=O)OCCCCCCCCC)C(=O)OCCCCCCCCC,CCCCCCCCCOC(=O)c1ccc(C(=O)OCCCCCCCCC)c(C(=O)OCCCCCCCCC)c1,CCCCCCCCCOC(=O)c1ccc(C(=O)OCCCCCCCCC)c(C(=O)OCCCCCCCCC)c1,588.8700000000002,588.8700000000002,0.0,['none']
True,True,['Pt'],True,3,True,True,[NH4+].[NH4+].Cl[Pt-2](Cl)(Cl)(Cl)(Cl)Cl,[NH4+],N,443.8739999999999,17.031,-426.8429999999999,"['salt_stripped', 'metal:Pt', 'fragment_removed', 'charge_normalized']"
True,True,"['Pt', 'K']",True,3,False,True,Cl[Pt-2](Cl)(Cl)(Cl)(Cl)Cl.[K+].[K+],[Pt+6],[Pt+6],485.99199999999996,195.078,-290.914,"['salt_stripped', 'metal:Pt,K', 'fragment_removed']"
True,True,"['K', 'Z73']",True,3,False,True,F[Ta-2](F)(F)(F)(F)(F)F.[K+].[K+],[Ta+7],[Ta+7],392.13,180.948,-211.182,"['salt_stripped', 'metal:K,Z73', 'fragment_removed']"
True,False,[],False,1,False,True,C=CC(=O)OCC(COC1=CC=CC=C1)O,C=CC(=O)OCC(O)COc1ccccc1,C=CC(=O)OCC(O)COc1ccccc1,222.24,222.24,0.0,['none']
True,False,[],False,1,False,True,CN(CCC(=O)OCCN1C(=O)C2=CC=CC=C2C1=O)C3=CC=C(C=C3)N=NC4=C(C=C(C=C4)[N+](=O)[O-])C#N,CN(CCC(=O)OCCN1C(=O)c2ccccc2C1=O)c1ccc(N=Nc2ccc([N+](=O)[O-])cc2C#N)cc1,CN(CCC(=O)OCCN1C(=O)c2ccccc2C1=O)c1ccc(N=Nc2ccc([N+](=O)[O-])cc2C#N)cc1,526.5090000000002,526.5090000000002,0.0,['none']
True,False,[],False,1,False,True,CN(C)CCOCCO,CN(C)CCOCCO,CN(C)CCOCCO,133.191,133.191,0.0,['none']
True,False,[],False,1,False,True,CC1=C(C(=C(C(=C1CC2=CC(=C(C(=C2)C(C)(C)C)O)C(C)(C)C)C)CC3=CC(=C(C(=C3)C(C)(C)C)O)C(C)(C)C)C)CC4=CC(=C(C(=C4)C(C)(C)C)O)C(C)(C)C,Cc1c(Cc2cc(C(C)(C)C)c(O)c(C(C)(C)C)c2)c(C)c(Cc2cc(C(C)(C)C)c(O)c(C(C)(C)C)c2)c(C)c1Cc1cc(C(C)(C)C)c(O)c(C(C)(C)C)c1,Cc1c(Cc2cc(C(C)(C)C)c(O)c(C(C)(C)C)c2)c(C)c(Cc2cc(C(C)(C)C)c(O)c(C(C)(C)C)c2)c(C)c1Cc1cc(C(C)(C)C)c(O)c(C(C)(C)C)c1,775.2149999999999,775.2149999999999,0.0,['none']
True,True,['Na'],True,5,True,True,C1=CC(=CC=C1N=NC2=C(C3=C(C(=C(C=C3C=C2S(=O)(=O)[O-])S(=O)(=O)[O-])N=NC4=CC=C(C=C4)S(=O)(=O)CCOS(=O)(=O)[O-])N)O)S(=O)(=O)CCOS(=O)(=O)[O-].[Na+].[Na+].[Na+].[Na+],Nc1c(N=Nc2ccc(S(=O)(=O)CCOS(=O)(=O)[O-])cc2)c(S(=O)(=O)[O-])cc2cc(S(=O)(=O)[O-])c(N=Nc3ccc(S(=O)(=O)CCOS(=O)(=O)[O-])cc3)c(O)c12,Nc1c(N=Nc2ccc(S(=O)(=O)CCOS(=O)(=O)O)cc2)c(S(=O)(=O)O)cc2cc(S(=O)(=O)O)c(N=Nc3ccc(S(=O)(=O)CCOS(=O)(=O)O)cc3)c(O)c12,991.8320000000002,903.9040000000002,-87.928,"['salt_stripped', 'metal:Na', 'fragment_removed', 'charge_normalized']"
True,False,[],True,3,False,True,CCN1CCOCC1.CC1=CC=C(C=C1)C(=O)CCC(=O)O.CC1=CC=C(C=C1)C(=O)CCC(=O)O,Cc1ccc(C(=O)CCC(=O)O)cc1,Cc1ccc(C(=O)CCC(=O)O)cc1,499.6040000000003,192.21399999999997,-307.3900000000003,"['salt_stripped', 'fragment_removed']"
True,False,[],False,1,False,True,C[Si](C)(C=C)Cl,C=C[Si](C)(C)Cl,C=C[Si](C)(C)Cl,120.65499999999999,120.65499999999999,0.0,['none']
True,False,[],False,1,False,True,C1=C(C=C(C(=C1Cl)F)Cl)Br,Fc1c(Cl)cc(Br)cc1Cl,Fc1c(Cl)cc(Br)cc1Cl,243.89,243.89,0.0,['none']
True,False,[],False,1,False,True,B(C1=CC2=C(C=C1)C=C(C=C2)O)(O)O,OB(O)c1ccc2cc(O)ccc2c1,OB(O)c1ccc2cc(O)ccc2c1,187.99099999999999,187.99099999999999,0.0,['none']
True,False,[],False,1,False,True,C1=CC(=C(C=C1C#N)O)O,N#Cc1ccc(O)c(O)c1,N#Cc1ccc(O)c(O)c1,135.12199999999999,135.12199999999999,0.0,['none']
True,False,[],False,1,False,True,CC(C)C=NCC1CCCC(C1)CN=CC(C)C,CC(C)C=NCC1CCCC(CN=CC(C)C)C1,CC(C)C=NCC1CCCC(CN=CC(C)C)C1,250.42999999999998,250.42999999999998,0.0,['none']
True,False,[],False,1,False,True,CC(C(=O)OC)O,COC(=O)C(C)O,COC(=O)C(C)O,104.10499999999999,104.10499999999999,0.0,['none']
True,False,[],False,1,False,True,CC(C)(C)C1=CC=C(C=C1)C=C,C=Cc1ccc(C(C)(C)C)cc1,C=Cc1ccc(C(C)(C)C)cc1,160.25999999999996,160.25999999999996,0.0,['none']
True,False,[],True,2,True,True,C(#N)[S-].[NH4+],[NH4+],N,76.124,17.031,-59.092999999999996,"['salt_stripped', 'fragment_removed', 'charge_normalized']"
True,True,['Na'],True,2,True,True,C1=CC(=CC(=C1)S(=O)(=O)O)C(=O)[O-].[Na+],O=C(O)c1cccc(S(=O)(=O)[O-])c1,O=C(O)c1cccc(S(=O)(=O)O)c1,224.16899999999998,202.18699999999998,-21.982,"['salt_stripped', 'metal:Na', 'fragment_removed', 'charge_normalized']"
True,False,[],False,1,False,True,CCCCCCCCCCCCCCCCCCCCCCOC(=O)CCCCCCCCCCCCCCCCCCCCC,CCCCCCCCCCCCCCCCCCCCCCOC(=O)CCCCCCCCCCCCCCCCCCCCC,CCCCCCCCCCCCCCCCCCCCCCOC(=O)CCCCCCCCCCCCCCCCCCCCC,649.1859999999999,649.1859999999999,0.0,['none']
True,False,[],False,1,False,True,CCCCCCCCC=CCCCCCCCCCCCC(=O)OCCCCCCCCC=CCCCCCCCC,CCCCCCCCC=CCCCCCCCCCCCC(=O)OCCCCCCCCC=CCCCCCCCC,CCCCCCCCC=CCCCCCCCCCCCC(=O)OCCCCCCCCC=CCCCCCCCC,589.0460000000002,589.0460000000002,0.0,['none']
True,False,[],False,1,False,True,C(CC#N)CC(CCC#N)C#N,N#CCCCC(C#N)CCC#N,N#CCCCC(C#N)CCC#N,161.208,161.208,0.0,['none']
True,False,[],False,1,False,True,CO[Si](C)(C1CCCCC1)OC,CO[Si](C)(OC)C1CCCCC1,CO[Si](C)(OC)C1CCCCC1,188.34299999999996,188.34299999999996,0.0,['none']
True,True,['Na'],True,3,True,True,C1=CC=C(C=C1)NC2=NC(=NC(=N2)NCCO)NC3=CC(=C(C=C3)C=CC4=C(C=C(C=C4)NC5=NC(=NC(=N5)NC6=CC=CC=C6)NCCO)S(=O)(=O)[O-])S(=O)(=O)[O-].[Na+].[Na+],O=S(=O)([O-])c1cc(Nc2nc(NCCO)nc(Nc3ccccc3)n2)ccc1C=Cc1ccc(Nc2nc(NCCO)nc(Nc3ccccc3)n2)cc1S(=O)(=O)[O-],O=S(=O)(O)c1cc(Nc2nc(NCCO)nc(Nc3ccccc3)n2)ccc1C=Cc1ccc(Nc2nc(NCCO)nc(Nc3ccccc3)n2)cc1S(=O)(=O)O,872.8580000000003,828.8940000000003,-43.96399999999994,"['salt_stripped', 'metal:Na', 'fragment_removed', 'charge_normalized']"
True,False,[],False,1,False,True,C=CC(C(C(C(C(C(C=C)(F)F)(F)F)(F)F)(F)F)(F)F)(F)F,C=CC(F)(F)C(F)(F)C(F)(F)C(F)(F)C(F)(F)C(F)(F)C=C,C=CC(F)(F)C(F)(F)C(F)(F)C(F)(F)C(F)(F)C(F)(F)C=C,354.1339999999999,354.1339999999999,0.0,['none']
True,False,[],False,1,False,True,CCCCO[P+](=O)OCCCC,CCCCO[P+](=O)OCCCC,CCCCO[P+](=O)OCCCC,193.20299999999995,193.20299999999995,0.0,['none']
True,False,[],False,1,False,True,C1C2COCOC2C3=CC=CC=C31,c1ccc2c(c1)CC1COCOC21,c1ccc2c(c1)CC1COCOC21,176.215,176.215,0.0,['none']
True,False,[],False,1,False,True,CC(C)(C)C1=CC=C(C=C1)CCC=O,CC(C)(C)c1ccc(CCC=O)cc1,CC(C)(C)c1ccc(CCC=O)cc1,190.28599999999994,190.28599999999994,0.0,['none']
True,False,[],False,1,False,True,CCS(=O)C1=C(N(N=C1C#N)C2=C(C=C(C=C2Cl)C(F)(F)F)Cl)N,CC[S+]([O-])c1c(C#N)nn(-c2c(Cl)cc(C(F)(F)F)cc2Cl)c1N,CC[S+]([O-])c1c(C#N)nn(-c2c(Cl)cc(C(F)(F)F)cc2Cl)c1N,397.20899999999995,397.20899999999995,0.0,['fragment_removed']
True,False,[],False,1,False,True,CO[Si](C)(CCCCl)OC,CO[Si](C)(CCCCl)OC,CO[Si](C)(CCCCl)OC,182.723,182.723,0.0,['none']
True,True,['Na'],True,4,True,True,C1=CC(=C(C2=C(C=C(C=C21)S(=O)(=O)[O-])O)N=NC3=C(C=C(C=C3)NC4=NC(=NC(=N4)NCCS(=O)(=O)[O-])N(CCO)CCO)S(=O)(=O)[O-])N.[Na+].[Na+].[Na+],Nc1ccc2cc(S(=O)(=O)[O-])cc(O)c2c1N=Nc1ccc(Nc2nc(NCCS(=O)(=O)[O-])nc(N(CCO)CCO)n2)cc1S(=O)(=O)[O-],Nc1ccc2cc(S(=O)(=O)O)cc(O)c2c1N=Nc1ccc(Nc2nc(NCCS(=O)(=O)O)nc(N(CCO)CCO)n2)cc1S(=O)(=O)O,809.705,743.7590000000001,-65.94599999999991,"['salt_stripped', 'metal:Na', 'fragment_removed', 'charge_normalized']"
True,True,"['Co', 'Ni', 'Mn', 'Li']",True,4,False,True,[Li+].O=[Ni].[Mn].[Co],[Ni+2],[Ni+2],195.504,58.693,-136.81099999999998,"['salt_stripped', 'metal:Co,Ni,Mn,Li', 'fragment_removed']"
True,False,[],False,1,False,True,C[Si](C)(C)NC(=O)N[Si](C)(C)C,C[Si](C)(C)NC(=O)N[Si](C)(C)C,C[Si](C)(C)NC(=O)N[Si](C)(C)C,204.422,204.422,0.0,['none']
True,False,[],False,1,False,True,CCCCCCCCCCCCCCCCCCCCCCOC(=O)C=C,C=CC(=O)OCCCCCCCCCCCCCCCCCCCCCC,C=CC(=O)OCCCCCCCCCCCCCCCCCCCCCC,380.65700000000015,380.65700000000015,0.0,['none']
True,False,[],False,1,False,True,CO[Si](CC[Si](OC)(OC)OC)(OC)OC,CO[Si](CC[Si](OC)(OC)OC)(OC)OC,CO[Si](CC[Si](OC)(OC)OC)(OC)OC,270.43,270.43,0.0,['none']
True,False,[],True,2,False,True,CCCCCCCCC=CCCCCCCCC[N+](C)(CCO)CCO.[Cl-],CCCCCCCCC=CCCCCCCCC[N+](C)(CCO)CCO,CCCCCCCCC=CCCCCCCCC[N+](C)(CCO)CCO,406.09500000000014,370.6420000000001,-35.45300000000003,"['salt_stripped', 'fragment_removed']"
True,False,[],False,1,False,True,CC(C)CCCC(C)(C=C)O,C=CC(C)(O)CCCC(C)C,C=CC(C)(O)CCCC(C)C,156.26899999999998,156.26899999999998,0.0,['none']
True,False,[],False,1,False,True,CCC(C)CCCC(C)(C)O,CCC(C)CCCC(C)(C)O,CCC(C)CCCC(C)(C)O,158.285,158.285,0.0,['none']
True,False,[],False,1,False,True,CC(CCCC(C)(C)O)C=C,C=CC(C)CCCC(C)(C)O,C=CC(C)CCCC(C)(C)O,156.269,156.269,0.0,['none']
True,False,[],False,1,False,True,CCCCN1C(=C(C(=C(C1=O)N=NC2=CC=C(C=C2)C(=O)OCC(=O)OCC3=CC=CC=C3)C)C#N)O,CCCCn1c(O)c(C#N)c(C)c(N=Nc2ccc(C(=O)OCC(=O)OCc3ccccc3)cc2)c1=O,CCCCn1c(O)c(C#N)c(C)c(N=Nc2ccc(C(=O)OCC(=O)OCc3ccccc3)cc2)c1=O,502.5270000000003,502.5270000000003,0.0,['none']
True,False,[],False,1,False,True,CC(C#N)N(CC#N)CC#N,CC(C#N)N(CC#N)CC#N,CC(C#N)N(CC#N)CC#N,148.169,148.169,0.0,['none']
True,False,[],False,1,False,True,C1=CC=C2C(=C1)C(=O)OC(=N2)C3=CC=C(C=C3)C4=NC5=CC=CC=C5C(=O)O4,O=c1oc(-c2ccc(-c3nc4ccccc4c(=O)o3)cc2)nc2ccccc12,O=c1oc(-c2ccc(-c3nc4ccccc4c(=O)o3)cc2)nc2ccccc12,368.3480000000001,368.3480000000001,0.0,['none']
True,True,['Li'],True,3,True,True,[Li+].[Li+].C(CCC(=O)[O-])CC(=O)[O-],O=C([O-])CCCCC(=O)[O-],O=C(O)CCCCC(=O)O,158.00799999999998,146.142,-11.865999999999985,"['salt_stripped', 'metal:Li', 'fragment_removed', 'charge_normalized']"
True,False,[],False,1,False,True,CCCCC(CC)COC(=O)C(C)O,CCCCC(CC)COC(=O)C(C)O,CCCCC(CC)COC(=O)C(C)O,202.29399999999998,202.29399999999998,0.0,['none']
True,True,['Mn'],True,3,True,True,OP(=O)(O)[O-].OP(=O)(O)[O-].[Mn+2],O=P([O-])(O)O,O=P(O)(O)O,248.90999999999997,97.99399999999999,-150.916,"['salt_stripped', 'metal:Mn', 'fragment_removed', 'charge_normalized']"
True,True,['Co'],True,2,True,True,C(C(=O)O)C(CC(=O)[O-])(C(=O)[O-])O.[Co+2],O=C([O-])CC(O)(CC(=O)O)C(=O)[O-],O=C(O)CC(O)(CC(=O)O)C(=O)O,249.04,192.12300000000002,-56.91699999999997,"['salt_stripped', 'metal:Co', 'fragment_removed', 'charge_normalized']"
True,False,[],False,1,False,True,CC(=CCCC(=CCCC(=C)C=C)C)C,C=CC(=C)CCC=C(C)CCC=C(C)C,C=CC(=C)CCC=C(C)CCC=C(C)C,204.35699999999997,204.35699999999997,0.0,['none']
True,True,['K'],True,3,True,True,C1(=C(C(=C(C(=C1Br)Br)Br)Br)C(=O)[O-])C(=O)[O-].[K+].[K+],O=C([O-])c1c(Br)c(Br)c(Br)c(Br)c1C(=O)[O-],O=C(O)c1c(Br)c(Br)c(Br)c(Br)c1C(=O)O,557.8960000000001,481.71600000000007,-76.18,"['salt_stripped', 'metal:K', 'fragment_removed', 'charge_normalized']"
True,False,[],False,1,False,True,CC(C)(C1=CC=CC=C1)C(C)(C)C2=CC=CC=C2,CC(C)(c1ccccc1)C(C)(C)c1ccccc1,CC(C)(c1ccccc1)C(C)(C)c1ccccc1,238.37399999999997,238.37399999999997,0.0,['none']
True,False,[],False,1,False,True,C(#N)C1=C(C(=C(C(=C1Cl)Cl)Cl)C#N)Cl,N#Cc1c(Cl)c(Cl)c(Cl)c(C#N)c1Cl,N#Cc1c(Cl)c(Cl)c(Cl)c(C#N)c1Cl,265.914,265.914,0.0,['none']
True,False,[],False,1,False,True,C1=CC(=C(C(=C1)F)C#N)F,N#Cc1c(F)cccc1F,N#Cc1c(F)cccc1F,139.10399999999998,139.10399999999998,0.0,['none']
True,False,[],False,1,False,True,CCCCCCCCC(C)C=O,CCCCCCCCC(C)C=O,CCCCCCCCC(C)C=O,170.296,170.296,0.0,['none']
True,False,[],False,1,False,True,CCCCCCCCCCCC(=O)NCCC[N+](C)(C)CC(CS(=O)(=O)[O-])O,CCCCCCCCCCCC(=O)NCCC[N+](C)(C)CC(O)CS(=O)(=O)[O-],CCCCCCCCCCCC(=O)NCCC[N+](C)(C)CC(O)CS(=O)(=O)[O-],422.6320000000002,422.6320000000002,0.0,['none']
True,False,[],False,1,False,True,CC(COC(=O)C1=CC=CC=C1)OC(=O)C2=CC=CC=C2,CC(COC(=O)c1ccccc1)OC(=O)c1ccccc1,CC(COC(=O)c1ccccc1)OC(=O)c1ccccc1,284.311,284.311,0.0,['none']
True,False,[],False,1,False,True,CC(C)OCCOC(=O)C,CC(=O)OCCOC(C)C,CC(=O)OCCOC(C)C,146.186,146.186,0.0,['none']
True,False,[],False,1,False,True,CC12CCC3C(C1CCC2=O)CCC4=C3CCC(C4)(OC)OC,COC1(OC)CCC2=C(CCC3C2CCC2(C)C(=O)CCC32)C1,COC1(OC)CCC2=C(CCC3C2CCC2(C)C(=O)CCC32)C1,318.457,318.457,0.0,['none']
True,False,[],False,1,False,True,CC(C)(C)OOC(=O)C=CC(=O)O,CC(C)(C)OOC(=O)C=CC(=O)O,CC(C)(C)OOC(=O)C=CC(=O)O,188.179,188.179,0.0,['none']
True,True,['Li'],True,3,True,True,[Li+].[Li+].C(CCCCC(=O)[O-])CCCC(=O)[O-],O=C([O-])CCCCCCCCC(=O)[O-],O=C(O)CCCCCCCCC(=O)O,214.11599999999996,202.24999999999994,-11.866000000000014,"['salt_stripped', 'metal:Li', 'fragment_removed', 'charge_normalized']"
True,False,[],False,1,False,True,CC1CCC2C(C1)C(=O)OC2=O,CC1CCC2C(=O)OC(=O)C2C1,CC1CCC2C(=O)OC(=O)C2C1,168.19199999999998,168.19199999999998,0.0,['none']
True,False,[],False,1,False,True,CC(C)(C(=O)OCC=C)O,C=CCOC(=O)C(C)(C)O,C=CCOC(=O)C(C)(C)O,144.17,144.17,0.0,['none']
True,True,['Fe'],True,3,True,True,CCCCC(CC)C(=O)[O-].CCCCC(CC)C(=O)[O-].[Fe+2],CCCCC(CC)C(=O)[O-],CCCCC(CC)C(=O)O,342.25699999999995,144.214,-198.04299999999995,"['salt_stripped', 'metal:Fe', 'fragment_removed', 'charge_normalized']"
True,True,['Na'],True,2,True,True,CCCCC(CC)C(=O)[O-].[Na+],CCCCC(CC)C(=O)[O-],CCCCC(CC)C(=O)O,166.196,144.214,-21.982,"['salt_stripped', 'metal:Na', 'fragment_removed', 'charge_normalized']"
True,False,[],False,1,False,True,CCCCCCCCCC=CCC1CC(=O)OC1=O,CCCCCCCCCC=CCC1CC(=O)OC1=O,CCCCCCCCCC=CCC1CC(=O)OC1=O,266.381,266.381,0.0,['none']
True,False,[],False,1,False,True,CC1(C(CC2C1(C2)C)CC3CC3(C)CO)C,CC1(CO)CC1CC1CC2CC2(C)C1(C)C,CC1(CO)CC1CC1CC2CC2(C)C1(C)C,222.37199999999999,222.37199999999999,0.0,['none']
True,False,[],False,1,False,True,CC(C)(C)OC(=O)NC(CC1=CC=CC=C1)C(CN(CC2=CC=C(C=C2)C3=CC=CC=N3)NC(=O)OC(C)(C)C)O,CC(C)(C)OC(=O)NC(Cc1ccccc1)C(O)CN(Cc1ccc(-c2ccccn2)cc1)NC(=O)OC(C)(C)C,CC(C)(C)OC(=O)NC(Cc1ccccc1)C(O)CN(Cc1ccc(-c2ccccn2)cc1)NC(=O)OC(C)(C)C,562.7110000000002,562.7110000000002,0.0,['none']
True,False,[],True,2,False,True,C[N+](C)(C)C1CCCCC1.[OH-],C[N+](C)(C)C1CCCCC1,C[N+](C)(C)C1CCCCC1,159.27299999999997,142.26599999999996,-17.007000000000005,"['salt_stripped', 'fragment_removed']"
True,True,['Na'],True,2,True,True,COC1=CC(=NC(=N1)NC(=O)[N-]S(=O)(=O)C2=C(C=CC=N2)OCC(F)(F)F)OC.[Na+],COc1cc(OC)nc(NC(=O)[N-]S(=O)(=O)c2ncccc2OCC(F)(F)F)n1,COc1cc(OC)nc(NC(=O)NS(=O)(=O)c2ncccc2OCC(F)(F)F)n1,459.33800000000014,437.3560000000001,-21.982000000000028,"['salt_stripped', 'metal:Na', 'fragment_removed', 'charge_normalized']"
True,False,[],False,1,False,True,CCCCCCCCCC1=CC(=C(C(=C1)CN(CCO)CCO)O)CN(CCO)CCO,CCCCCCCCCc1cc(CN(CCO)CCO)c(O)c(CN(CCO)CCO)c1,CCCCCCCCCc1cc(CN(CCO)CCO)c(O)c(CN(CCO)CCO)c1,454.6520000000003,454.6520000000003,0.0,['none']
True,False,[],False,1,False,True,C1C2(COS(=O)(=O)O1)COS(=O)(=O)OC2,O=S1(=O)OCC2(CO1)COS(=O)(=O)OC2,O=S1(=O)OCC2(CO1)COS(=O)(=O)OC2,260.245,260.245,0.0,['none']
True,False,[],False,1,False,True,CCCNCC,CCCNCC,CCCNCC,87.166,87.166,0.0,['none']
True,False,[],False,1,False,True,CCCCCCCCC(CCCCCC)COC1=CC=CC=C1C(=O)N,CCCCCCCCC(CCCCCC)COc1ccccc1C(N)=O,CCCCCCCCC(CCCCCC)COc1ccccc1C(N)=O,361.57,361.57,0.0,['none']
True,False,[],False,1,False,True,CCCCCCCCCCCC(=O)OCC(CC)CCCC,CCCCCCCCCCCC(=O)OCC(CC)CCCC,CCCCCCCCCCCC(=O)OCC(CC)CCCC,312.53800000000007,312.53800000000007,0.0,['none']
True,False,[],False,1,False,True,CC(=O)OC1CCCCC1C(C)(C)C,CC(=O)OC1CCCCC1C(C)(C)C,CC(=O)OC1CCCCC1C(C)(C)C,198.30599999999998,198.30599999999998,0.0,['none']
True,True,['Li'],True,2,True,True,[Li+].CCCCCCCCCCCCCC(=O)[O-],CCCCCCCCCCCCCC(=O)[O-],CCCCCCCCCCCCCC(=O)O,234.30899999999994,228.37599999999995,-5.932999999999993,"['salt_stripped', 'metal:Li', 'fragment_removed', 'charge_normalized']"
True,False,[],False,1,False,True,CC(=O)CC(=O)N(C)C,CC(=O)CC(=O)N(C)C,CC(=O)CC(=O)N(C)C,129.159,129.159,0.0,['none']
True,False,[],False,1,False,True,CC(CN(CCCN(CCCN(C)C)CCCN(C)C)CC(C)O)O,CC(O)CN(CCCN(CCCN(C)C)CCCN(C)C)CC(C)O,CC(O)CN(CCCN(CCCN(C)C)CCCN(C)C)CC(C)O,360.58700000000005,360.58700000000005,0.0,['none']
True,False,[],False,1,False,True,CC(C)CCCCCOC(=O)C(C)OC1=CC(=C(C=C1)C2=NC(=NC(=N2)C3=CC=C(C=C3)C4=CC=CC=C4)C5=CC=C(C=C5)C6=CC=CC=C6)O,CC(C)CCCCCOC(=O)C(C)Oc1ccc(-c2nc(-c3ccc(-c4ccccc4)cc3)nc(-c3ccc(-c4ccccc4)cc3)n2)c(O)c1,CC(C)CCCCCOC(=O)C(C)Oc1ccc(-c2nc(-c3ccc(-c4ccccc4)cc3)nc(-c3ccc(-c4ccccc4)cc3)n2)c(O)c1,677.8450000000003,677.8450000000003,0.0,['none']
True,False,[],True,3,False,True,C=CCNCCCNCC=C.Cl.Cl,C=CCNCCCNCC=C,C=CCNCCCNCC=C,227.17900000000003,154.257,-72.92200000000003,"['salt_stripped', 'fragment_removed']"
True,False,[],False,1,False,True,CCCCCC(=O)OC(=O)CCCCC,CCCCCC(=O)OC(=O)CCCCC,CCCCCC(=O)OC(=O)CCCCC,214.30499999999992,214.30499999999992,0.0,['none']
True,False,[],False,1,False,True,C1=CC2=C(C=CC(=C2O)N=NC3=C(C=CC(=C3)S(=O)(=O)O)O)C(=C1)O,O=S(=O)(O)c1ccc(O)c(N=Nc2ccc3c(O)cccc3c2O)c1,O=S(=O)(O)c1ccc(O)c(N=Nc2ccc3c(O)cccc3c2O)c1,360.34700000000004,360.34700000000004,0.0,['none']
True,False,[],False,1,False,True,CCN1C(=O)C(CO1)NC(=O)C2=C(C=C(C=C2)C3=NOC(C3)(C4=CC(=C(C(=C4)Cl)F)Cl)C(F)(F)F)C,CCN1OCC(NC(=O)c2ccc(C3=NOC(c4cc(Cl)c(F)c(Cl)c4)(C(F)(F)F)C3)cc2C)C1=O,CCN1OCC(NC(=O)c2ccc(C3=NOC(c4cc(Cl)c(F)c(Cl)c4)(C(F)(F)F)C3)cc2C)C1=O,548.3200000000003,548.3200000000003,0.0,['none']
True,False,[],False,1,False,True,CC(C)C(=O)OC1=C(C=C(C=C1)C=O)OC,COc1cc(C=O)ccc1OC(=O)C(C)C,COc1cc(C=O)ccc1OC(=O)C(C)C,222.23999999999998,222.23999999999998,0.0,['none']
True,False,[],True,2,False,True,C(CO)N.[N+](=O)(O)[O-],NCCO,NCCO,124.09599999999998,61.083999999999996,-63.01199999999998,"['salt_stripped', 'fragment_removed']"
True,False,[],False,1,False,True,CC1C(=NC(=O)CN)C=CC=C1C2=CC(=CC=C2)C3(C=CC(=NC(=O)CN)C(=C3C)NC(=O)O)NC(=O)O,CC1=C(NC(=O)O)C(=NC(=O)CN)C=CC1(NC(=O)O)c1cccc(C2=CC=CC(=NC(=O)CN)C2C)c1,CC1=C(NC(=O)O)C(=NC(=O)CN)C=CC1(NC(=O)O)c1cccc(C2=CC=CC(=NC(=O)CN)C2C)c1,520.5460000000004,520.5460000000004,0.0,['none']
True,True,['Ca'],True,3,True,True,C1=CC=C(C=C1)C(=O)[O-].C1=CC=C(C=C1)C(=O)[O-].[Ca+2],O=C([O-])c1ccccc1,O=C(O)c1ccccc1,282.308,122.12299999999996,-160.18500000000003,"['salt_stripped', 'metal:Ca', 'fragment_removed', 'charge_normalized']"
True,False,[],False,1,False,True,C1C(O1)CN(CC2CO2)C3=CC=CC=C3,c1ccc(N(CC2CO2)CC2CO2)cc1,c1ccc(N(CC2CO2)CC2CO2)cc1,205.257,205.257,0.0,['none']
True,False,[],False,1,False,True,CC1=CC=C(C=C1)S(=O)(=O)OC2=CC=CC(=C2)NC(=O)NC3=CC=CC=C3,Cc1ccc(S(=O)(=O)Oc2cccc(NC(=O)Nc3ccccc3)c2)cc1,Cc1ccc(S(=O)(=O)Oc2cccc(NC(=O)Nc3ccccc3)c2)cc1,382.44100000000003,382.44100000000003,0.0,['none']
True,False,[],False,1,False,True,COC1=C(C(=NC=C1)C(=O)O)O,COc1ccnc(C(=O)O)c1O,COc1ccnc(C(=O)O)c1O,169.136,169.136,0.0,['none']
True,False,[],True,2,False,True,CNCCO.O=S=O,CNCCO,CNCCO,139.176,75.11099999999999,-64.065,"['salt_stripped', 'fragment_removed']"
True,False,[],False,1,False,True,CNC(=N[N+](=O)[O-])NCC1=CN=C(S1)Cl,CNC(=N[N+](=O)[O-])NCc1cnc(Cl)s1,CNC(=N[N+](=O)[O-])NCc1cnc(Cl)s1,249.683,249.683,0.0,['none']
True,False,[],False,1,False,True,CC(C)(C)C1=C(C=CC(=C1)OC)OC,COc1ccc(OC)c(C(C)(C)C)c1,COc1ccc(OC)c(C(C)(C)C)c1,194.27399999999997,194.27399999999997,0.0,['none']
True,False,[],False,1,False,True,B(C1=C(C(=C(C=C1)OCC)F)F)(O)O,CCOc1ccc(B(O)O)c(F)c1F,CCOc1ccc(B(O)O)c(F)c1F,201.96499999999995,201.96499999999995,0.0,['none']
True,False,[],False,1,False,True,C1=CC(=C(C=C1O)O)C2=NC(=NC(=N2)C3=C(C=C(C=C3)O)O)C4=C(C=C(C=C4)O)O,Oc1ccc(-c2nc(-c3ccc(O)cc3O)nc(-c3ccc(O)cc3O)n2)c(O)c1,Oc1ccc(-c2nc(-c3ccc(O)cc3O)nc(-c3ccc(O)cc3O)n2)c(O)c1,405.36600000000004,405.36600000000004,0.0,['none']
True,False,[],False,1,False,True,CCCCCCCCCCCCCCC(C(C(CO)NC(=O)C1=CC=CC=C1O)O)O,CCCCCCCCCCCCCCC(O)C(O)C(CO)NC(=O)c1ccccc1O,CCCCCCCCCCCCCCC(O)C(O)C(CO)NC(=O)c1ccccc1O,437.62100000000004,437.62100000000004,0.0,['none']
True,True,['Li'],True,2,True,True,[Li+].F[P-](F)(F)(F)(F)F,F[P-](F)(F)(F)(F)F,F[PH](F)(F)(F)(F)F,151.903,145.97000000000003,-5.932999999999964,"['salt_stripped', 'metal:Li', 'fragment_removed', 'charge_normalized']"
True,True,"['Na', 'K']",True,4,True,True,CCN1C(=C(C(=C(C1=O)C(=O)N)C)N=NC2=CC(=C(C=C2)N=NC3=CC(=C(C=C3OCCO)N=NC4=C(C5=C(C=C(C=C5C=C4S(=O)(=O)[O-])S(=O)(=O)[O-])O)O)OCCO)S(=O)(=O)[O-])O.[Na+].[K+].[K+],CCn1c(O)c(N=Nc2ccc(N=Nc3cc(OCCO)c(N=Nc4c(S(=O)(=O)[O-])cc5cc(S(=O)(=O)[O-])cc(O)c5c4O)cc3OCCO)c(S(=O)(=O)[O-])c2)c(C)c(C(N)=O)c1=O,CCn1c(O)c(N=Nc2ccc(N=Nc3cc(OCCO)c(N=Nc4c(S(=O)(=O)O)cc5cc(S(=O)(=O)O)cc(O)c5c4O)cc3OCCO)c(S(=O)(=O)O)c2)c(C)c(C(N)=O)c1=O,1049.0580000000004,950.8960000000006,-98.16199999999981,"['salt_stripped', 'metal:Na,K', 'fragment_removed', 'charge_normalized']"
True,False,[],False,1,False,True,CC(=C)C(=O)OCCC(C(C(C(C(C(F)(F)F)(F)F)(F)F)(F)F)(F)F)(F)F,C=C(C)C(=O)OCCC(F)(F)C(F)(F)C(F)(F)C(F)(F)C(F)(F)C(F)(F)F,C=C(C)C(=O)OCCC(F)(F)C(F)(F)C(F)(F)C(F)(F)C(F)(F)C(F)(F)F,432.1759999999999,432.1759999999999,0.0,['none']
True,False,[],False,1,False,True,C1C2C=CC1C3C2CC4=CC=CC=C34,C1=CC2CC1C1Cc3ccccc3C21,C1=CC2CC1C1Cc3ccccc3C21,182.266,182.266,0.0,['none']
True,False,[],False,1,False,True,CCCCOC(=O)CC(=C)C(=O)OCCCC,C=C(CC(=O)OCCCC)C(=O)OCCCC,C=C(CC(=O)OCCCC)C(=O)OCCCC,242.3149999999999,242.3149999999999,0.0,['none']
True,False,[],False,1,False,True,CCCCCCCCCCCCOC(=O)C=C,C=CC(=O)OCCCCCCCCCCCC,C=CC(=O)OCCCCCCCCCCCC,240.38699999999994,240.38699999999994,0.0,['none']
True,False,[],False,1,False,True,CC(C)C1=CC(=C(C(=C1N=C=O)C(C)C)N=C=O)C(C)C,CC(C)c1cc(C(C)C)c(N=C=O)c(C(C)C)c1N=C=O,CC(C)c1cc(C(C)C)c(N=C=O)c(C(C)C)c1N=C=O,286.375,286.375,0.0,['none']
True,False,[],False,1,False,True,CC(C)C1=C(C(=CC=C1)C(C)C)N=C=NC2=C(C=CC=C2C(C)C)C(C)C,CC(C)c1cccc(C(C)C)c1N=C=Nc1c(C(C)C)cccc1C(C)C,CC(C)c1cccc(C(C)C)c1N=C=Nc1c(C(C)C)cccc1C(C)C,362.5610000000001,362.5610000000001,0.0,['none']
True,False,[],False,1,False,True,CN(C)C(=O)NC1=CC=CC(=C1)C(F)(F)F,CN(C)C(=O)Nc1cccc(C(F)(F)F)c1,CN(C)C(=O)Nc1cccc(C(F)(F)F)c1,232.20499999999996,232.20499999999996,0.0,['none']
True,False,[],False,1,False,True,CC(=O)OC1=C(C=C(C=C1)C(C)(C)CC(C)(C)C)C2C3=C(C=CC(=C3)C(C)(C)CC(C)(C)C)OC2=O,CC(=O)Oc1ccc(C(C)(C)CC(C)(C)C)cc1C1C(=O)Oc2ccc(C(C)(C)CC(C)(C)C)cc21,CC(=O)Oc1ccc(C(C)(C)CC(C)(C)C)cc1C1C(=O)Oc2ccc(C(C)(C)CC(C)(C)C)cc21,492.70000000000033,492.70000000000033,0.0,['none']
True,False,[],False,1,False,True,C=COC1CCCCC1,C=COC1CCCCC1,C=COC1CCCCC1,126.19900000000001,126.19900000000001,0.0,['none']
True,False,[],True,3,False,True,C(CO)N.C(CO)N.C(=O)(O)O,NCCO,NCCO,184.192,61.083999999999996,-123.108,"['salt_stripped', 'fragment_removed']"
True,False,[],False,1,False,True,CC(C)(C)OOC(C)(C)C1=CC(=CC=C1)C(C)(C)OOC(C)(C)C,CC(C)(C)OOC(C)(C)c1cccc(C(C)(C)OOC(C)(C)C)c1,CC(C)(C)OOC(C)(C)c1cccc(C(C)(C)OOC(C)(C)C)c1,338.4880000000001,338.4880000000001,0.0,['none']
True,False,[],False,1,False,True,COC1=CC=CC=C1C(=O)NS(=O)(=O)C2=CC=C(C=C2)C(=O)NC3CC3,COc1ccccc1C(=O)NS(=O)(=O)c1ccc(C(=O)NC2CC2)cc1,COc1ccccc1C(=O)NS(=O)(=O)c1ccc(C(=O)NC2CC2)cc1,374.4180000000001,374.4180000000001,0.0,['none']
True,False,[],False,1,False,True,CCC(COC(=O)CC(=O)C)(COC(=O)CC(=O)C)COC(=O)CC(=O)C,CCC(COC(=O)CC(C)=O)(COC(=O)CC(C)=O)COC(=O)CC(C)=O,CCC(COC(=O)CC(C)=O)(COC(=O)CC(C)=O)COC(=O)CC(C)=O,386.3970000000002,386.3970000000002,0.0,['none']
True,True,['Cu'],True,2,True,True,CCCCC(CC)C(=O)[O-].[Cu+],CCCCC(CC)C(=O)[O-],CCCCC(CC)C(=O)O,206.75199999999998,144.214,-62.53799999999998,"['salt_stripped', 'metal:Cu', 'fragment_removed', 'charge_normalized']"
True,False,[],False,1,False,True,CCOP(=O)(NC(C)C)OC1=CC(=C(C=C1)SC)C,CCOP(=O)(NC(C)C)Oc1ccc(SC)c(C)c1,CCOP(=O)(NC(C)C)Oc1ccc(SC)c(C)c1,303.36400000000003,303.36400000000003,0.0,['none']
True,False,[],False,1,False,True,CC1=C(N2C(C(C2=O)N)SC1)C(=O)O,CC1=C(C(=O)O)N2C(=O)C(N)C2SC1,CC1=C(C(=O)O)N2C(=O)C(N)C2SC1,214.24599999999998,214.24599999999998,0.0,['none']
True,False,[],False,1,False,True,CCCCC(CC)C(=O)OOC(C)(C)CC(C)(C)C,CCCCC(CC)C(=O)OOC(C)(C)CC(C)(C)C,CCCCC(CC)C(=O)OOC(C)(C)CC(C)(C)C,272.429,272.429,0.0,['none']
True,False,[],False,1,False,True,C1=CC=C(C(=C1)C#N)NC(=O)C2=C(C(=NS2)Cl)Cl,N#Cc1ccccc1NC(=O)c1snc(Cl)c1Cl,N#Cc1ccccc1NC(=O)c1snc(Cl)c1Cl,298.154,298.154,0.0,['none']
True,False,[],False,1,False,True,CCCCCCCCCCCCCCCCCCCCCCOC(=O)CCCCCCCCCCCCCCCCC,CCCCCCCCCCCCCCCCCCCCCCOC(=O)CCCCCCCCCCCCCCCCC,CCCCCCCCCCCCCCCCCCCCCCOC(=O)CCCCCCCCCCCCCCCCC,593.0780000000002,593.0780000000002,0.0,['none']
True,True,['Z40'],True,5,True,True,CCCCC(CC)C(=O)[O-].CCCCC(CC)C(=O)[O-].CCCCC(CC)C(=O)[O-].CCCCC(CC)C(=O)[O-].[Zr+4],CCCCC(CC)C(=O)[O-],CCCCC(CC)C(=O)O,664.0480000000005,144.214,-519.8340000000005,"['salt_stripped', 'metal:Z40', 'fragment_removed', 'charge_normalized']"
True,False,[],False,1,False,True,C(CS)C(=O)OCCOC(=O)CCS,O=C(CCS)OCCOC(=O)CCS,O=C(CCS)OCCOC(=O)CCS,238.32999999999996,238.32999999999996,0.0,['none']
True,False,[],False,1,False,True,C1=CC(=C(N=C1)S(=O)(=O)N)OCC(F)(F)F,NS(=O)(=O)c1ncccc1OCC(F)(F)F,NS(=O)(=O)c1ncccc1OCC(F)(F)F,256.2049999999999,256.2049999999999,0.0,['none']
True,False,[],False,1,False,True,CCCCCCCCCCCCCC(=O)OCC(CCCCCCCC)CCCCCCCCCC,CCCCCCCCCCCCCC(=O)OCC(CCCCCCCC)CCCCCCCCCC,CCCCCCCCCCCCCC(=O)OCC(CCCCCCCC)CCCCCCCCCC,508.9160000000007,508.9160000000007,0.0,['none']
True,True,"['Zn', 'Z42']",True,14,False,True,[O-2].[O-2].[O-2].[O-2].[O-2].[O-2].[O-2].[O-2].[O-2].[Zn+2].[Zn+2].[Zn+2].[Mo].[Mo],[Mo],[Mo],532.0409999999999,95.94,-436.10099999999994,"['salt_stripped', 'metal:Zn,Z42', 'fragment_removed']"
True,False,[],False,1,False,True,CCCCCCCCC1CCC(=O)O1,CCCCCCCCC1CCC(=O)O1,CCCCCCCCC1CCC(=O)O1,198.30599999999995,198.30599999999995,0.0,['none']
True,False,[],False,1,False,True,CCCCCCCCOC(=O)CCCCCCC,CCCCCCCCOC(=O)CCCCCCC,CCCCCCCCOC(=O)CCCCCCC,256.4299999999999,256.4299999999999,0.0,['none']
True,False,[],True,2,False,True,CC(=O)O.C(CO)NCCO,OCCNCCO,OCCNCCO,165.189,105.137,-60.05199999999999,"['salt_stripped', 'fragment_removed']"
True,False,[],False,1,False,True,CC1=CC=C(C=C1)S(=O)(=O)NC(=O)NC2=CC(=CC=C2)OS(=O)(=O)C3=CC=C(C=C3)C,Cc1ccc(S(=O)(=O)NC(=O)Nc2cccc(OS(=O)(=O)c3ccc(C)cc3)c2)cc1,Cc1ccc(S(=O)(=O)NC(=O)Nc2cccc(OS(=O)(=O)c3ccc(C)cc3)c2)cc1,460.5330000000002,460.5330000000002,0.0,['none']
True,False,[],True,2,False,True,CCCCCCCCCCCCCCCCCCOCCC[N+](C)(C)C.[Cl-],CCCCCCCCCCCCCCCCCCOCCC[N+](C)(C)C,CCCCCCCCCCCCCCCCCCOCCC[N+](C)(C)C,406.1390000000001,370.6860000000001,-35.45300000000003,"['salt_stripped', 'fragment_removed']"
True,False,[],False,1,False,True,C1CC(NC1)CO,OCC1CCCN1,OCC1CCCN1,101.149,101.149,0.0,['none']
True,False,[],True,2,False,True,C(CO)N.Br,NCCO,NCCO,141.996,61.083999999999996,-80.912,"['salt_stripped', 'fragment_removed']"
True,True,['Na'],True,2,True,True,C1CCC(CC1)OC(=O)CC(C(=O)OC2CCCCC2)S(=O)(=O)[O-].[Na+],O=C(CC(C(=O)OC1CCCCC1)S(=O)(=O)[O-])OC1CCCCC1,O=C(CC(C(=O)OC1CCCCC1)S(=O)(=O)O)OC1CCCCC1,384.4260000000001,362.4440000000001,-21.982000000000028,"['salt_stripped', 'metal:Na', 'fragment_removed', 'charge_normalized']"
True,False,[],False,1,False,True,COC(=O)C(=C)F,C=C(F)C(=O)OC,C=C(F)C(=O)OC,104.08000000000001,104.08000000000001,0.0,['none']
True,False,[],False,1,False,True,CC(=O)OCC(=O)C1=CCC2C1(CC=C3C2CCC4=CC(=O)CCC43C)C,CC(=O)OCC(=O)C1=CCC2C3CCC4=CC(=O)CCC4(C)C3=CCC12C,CC(=O)OCC(=O)C1=CCC2C3CCC4=CC(=O)CCC4(C)C3=CCC12C,368.4730000000002,368.4730000000002,0.0,['none']
True,False,[],False,1,False,True,CCCCCCCC(=O)OCCOC1=CC=CC=C1,CCCCCCCC(=O)OCCOc1ccccc1,CCCCCCCC(=O)OCCOc1ccccc1,264.36499999999995,264.36499999999995,0.0,['none']
True,False,[],False,1,False,True,CCCCCCCCCCCCN(CCCN)CCCN,CCCCCCCCCCCCN(CCCN)CCCN,CCCCCCCCCCCCN(CCCN)CCCN,299.547,299.547,0.0,['none']
True,False,[],False,1,False,True,C1CCC(=O)N(CC1)SSN2CCCCCC2=O,O=C1CCCCCN1SSN1CCCCCC1=O,O=C1CCCCCN1SSN1CCCCCC1=O,288.43800000000005,288.43800000000005,0.0,['none']
True,True,['Ag'],True,2,True,True,CS(=O)(=O)[O-].[Ag+],CS(=O)(=O)[O-],CS(=O)(=O)O,202.96699999999998,96.107,-106.85999999999999,"['salt_stripped', 'metal:Ag', 'fragment_removed', 'charge_normalized']"
True,False,[],False,1,False,True,C1=CC=C(C=C1)C(=O)C2=C(C=C(C=C2)OCC(COC3=CC(=C(C=C3)C(=O)C4=CC=CC=C4)O)O)O,O=C(c1ccccc1)c1ccc(OCC(O)COc2ccc(C(=O)c3ccccc3)c(O)c2)cc1O,O=C(c1ccccc1)c1ccc(OCC(O)COc2ccc(C(=O)c3ccccc3)c(O)c2)cc1O,484.50400000000013,484.50400000000013,0.0,['none']
True,False,[],False,1,False,True,CCC1=CC=CC=C1NC(=O)C(=O)NC2=CC=CC=C2OCC,CCOc1ccccc1NC(=O)C(=O)Nc1ccccc1CC,CCOc1ccccc1NC(=O)C(=O)Nc1ccccc1CC,312.3690000000001,312.3690000000001,0.0,['none']
True,False,[],False,1,False,True,C1=C(SC(=C1)Cl)C(=O)O,O=C(O)c1ccc(Cl)s1,O=C(O)c1ccc(Cl)s1,162.59699999999998,162.59699999999998,0.0,['none']
True,False,[],False,1,False,True,CC(=O)C1=CC(=C(C=C1)OC(=O)C)COC(=O)C,CC(=O)OCc1cc(C(C)=O)ccc1OC(C)=O,CC(=O)OCc1cc(C(C)=O)ccc1OC(C)=O,250.24999999999991,250.24999999999991,0.0,['none']
True,True,['Mg'],True,3,True,True,CC[O-].CC[O-].[Mg+2],CC[O-],CCO,114.42699999999999,46.069,-68.35799999999999,"['salt_stripped', 'metal:Mg', 'fragment_removed', 'charge_normalized']"
True,False,[],True,2,True,True,C1=CC=C(C=C1)NC(=[NH+]C2=CC=CC=C2)N.[Cl-],NC(Nc1ccccc1)=[NH+]c1ccccc1,NC(=Nc1ccccc1)Nc1ccccc1,247.729,211.268,-36.46100000000001,"['salt_stripped', 'fragment_removed', 'charge_normalized']"
True,False,[],True,2,True,True,CC(CC(=O)NCCCCCC(=O)[O-])CC(C)(C)C.C(CO)[NH+](CCO)CCO,CC(CC(=O)NCCCCCC(=O)[O-])CC(C)(C)C,CC(CC(=O)NCCCCCC(=O)O)CC(C)(C)C,420.59100000000024,271.40099999999995,-149.19000000000028,"['salt_stripped', 'fragment_removed', 'charge_normalized']"
True,True,['Li'],True,2,False,True,[Li+].[B-]12(OC(=O)C(=O)O1)OC(=O)C(=O)O2,O=C1O[B-]2(OC1=O)OC(=O)C(=O)O2,O=C1O[B-]2(OC1=O)OC(=O)C(=O)O2,193.789,186.84799999999998,-6.9410000000000025,"['salt_stripped', 'metal:Li', 'fragment_removed']"
True,False,[],False,1,False,True,CC1=C(C=CC=C1OC)C(=O)Cl,COc1cccc(C(=O)Cl)c1C,COc1cccc(C(=O)Cl)c1C,184.62199999999999,184.62199999999999,0.0,['none']
True,True,['Z56'],True,3,True,True,CCCCC(CC)C(=O)[O-].CCCCC(CC)C(=O)[O-].[Ba+2],CCCCC(CC)C(=O)[O-],CCCCC(CC)C(=O)O,423.74,144.214,-279.526,"['salt_stripped', 'metal:Z56', 'fragment_removed', 'charge_normalized']"
True,True,['Z38'],True,3,True,True,CCCCC(CC)C(=O)[O-].CCCCC(CC)C(=O)[O-].[Sr+2],CCCCC(CC)C(=O)[O-],CCCCC(CC)C(=O)O,374.032,144.214,-229.81799999999998,"['salt_stripped', 'metal:Z38', 'fragment_removed', 'charge_normalized']"
True,False,[],True,4,True,True,CCCCC(CC)C(=O)[O-].CCCCC(CC)C(=O)[O-].CCCCC(CC)C(=O)[O-].[Ce+3],CCCCC(CC)C(=O)[O-],CCCCC(CC)C(=O)O,569.7340000000003,144.214,-425.52000000000027,"['salt_stripped', 'fragment_removed', 'charge_normalized']"
True,False,[],False,1,False,True,C1=CC=C(C=C1)CCN(CCC#N)C2=CC=C(C=C2)N=NC3=C(C=C(C=C3)[N+](=O)[O-])C#N,N#CCCN(CCc1ccccc1)c1ccc(N=Nc2ccc([N+](=O)[O-])cc2C#N)cc1,N#CCCN(CCc1ccccc1)c1ccc(N=Nc2ccc([N+](=O)[O-])cc2C#N)cc1,424.46400000000017,424.46400000000017,0.0,['none']
True,True,['K'],True,2,True,True,CC=CC=CC(=O)[O-].[K+],CC=CC=CC(=O)[O-],CC=CC=CC(=O)O,150.218,112.12799999999999,-38.09,"['salt_stripped', 'metal:K', 'fragment_removed', 'charge_normalized']"
True,False,[],False,1,False,True,COCC1=C(N2C(C(C2=O)N)SC1)C(=O)O,COCC1=C(C(=O)O)N2C(=O)C(N)C2SC1,COCC1=C(C(=O)O)N2C(=O)C(N)C2SC1,244.27199999999996,244.27199999999996,0.0,['none']
True,False,[],False,1,False,True,CCC1(OOC(OOC(OO1)(C)CC)(C)CC)C,CCC1(C)OOC(C)(CC)OOC(C)(CC)OO1,CCC1(C)OOC(C)(CC)OOC(C)(CC)OO1,264.3179999999999,264.3179999999999,0.0,['none']
True,False,[],False,1,False,True,C=CC(=O)OCCCCO,C=CC(=O)OCCCCO,C=CC(=O)OCCCCO,144.17000000000002,144.17000000000002,0.0,['none']
True,False,[],False,1,False,True,CCCCCC#CCC=C,C=CCC#CCCCCC,C=CCC#CCCCCC,136.23799999999997,136.23799999999997,0.0,['none']
True,False,[],False,1,False,True,CC(=C)C(=O)OCC1=CC=CC=C1,C=C(C)C(=O)OCc1ccccc1,C=C(C)C(=O)OCc1ccccc1,176.215,176.215,0.0,['none']
True,False,[],False,1,False,True,CCOC(=O)C(C)C1CCCCC1,CCOC(=O)C(C)C1CCCCC1,CCOC(=O)C(C)C1CCCCC1,184.2789999999999,184.2789999999999,0.0,['none']
True,False,[],False,1,False,True,CC1=CC(=C(C=C1)N=NC(C(=O)C)C(=O)NC2=CC=CC=C2)[N+](=O)[O-],CC(=O)C(N=Nc1ccc(C)cc1[N+](=O)[O-])C(=O)Nc1ccccc1,CC(=O)C(N=Nc1ccc(C)cc1[N+](=O)[O-])C(=O)Nc1ccccc1,340.33900000000006,340.33900000000006,0.0,['none']
True,False,[],False,1,False,True,CC12CC(C=C1)C3C2C(=O)OC3=O,CC12C=CC(C1)C1C(=O)OC(=O)C12,CC12C=CC(C1)C1C(=O)OC(=O)C12,178.18699999999995,178.18699999999995,0.0,['none']
True,False,[],False,1,False,True,CC(C)(C)OOC(C)(C)C1=CC=C(C=C1)C(C)(C)OOC(C)(C)C,CC(C)(C)OOC(C)(C)c1ccc(C(C)(C)OOC(C)(C)C)cc1,CC(C)(C)OOC(C)(C)c1ccc(C(C)(C)OOC(C)(C)C)cc1,338.4880000000001,338.4880000000001,0.0,['none']
True,False,[],False,1,False,True,CC1(CC(CC(N1[O])(C)C)OC(=O)CCCCCCCCC(=O)OC2CC(N(C(C2)(C)C)[O])(C)C)C,CC1(C)CC(OC(=O)CCCCCCCCC(=O)OC2CC(C)(C)N([O])C(C)(C)C2)CC(C)(C)N1[O],CC1(C)CC(OC(=O)CCCCCCCCC(=O)OC2CC(C)(C)N([O])C(C)(C)C2)CC(C)(C)N1[O],510.7160000000004,510.7160000000004,0.0,['none']
True,False,[],False,1,False,True,CC(CCO)OC,COC(C)CCO,COC(C)CCO,104.14899999999999,104.14899999999999,0.0,['none']
True,False,[],False,1,False,True,CC(C1CCCC(C1)(C)C)OC=O,CC(OC=O)C1CCCC(C)(C)C1,CC(OC=O)C1CCCC(C)(C)C1,184.279,184.279,0.0,['none']
True,False,[],False,1,False,True,CC(=O)OCC=CCOC(=O)C,CC(=O)OCC=CCOC(C)=O,CC(=O)OCC=CCOC(C)=O,172.17999999999998,172.17999999999998,0.0,['none']
True,True,['Na'],True,2,True,True,CC(C)COC(=S)[S-].[Na+],CC(C)COC(=S)[S-],CC(C)COC(=S)S,172.25,150.268,-21.982,"['salt_stripped', 'metal:Na', 'fragment_removed', 'charge_normalized']"
True,False,[],False,1,False,True,CCCCCCCCC=CCCCCCCCCN(CCO)CCO,CCCCCCCCC=CCCCCCCCCN(CCO)CCO,CCCCCCCCC=CCCCCCCCCN(CCO)CCO,355.6070000000001,355.6070000000001,0.0,['none']
True,False,[],False,1,False,True,CC1=C(C(=CC=C1)[N+](=O)[O-])[N+](=O)[O-],Cc1cccc([N+](=O)[O-])c1[N+](=O)[O-],Cc1cccc([N+](=O)[O-])c1[N+](=O)[O-],182.13499999999996,182.13499999999996,0.0,['none']
True,False,[],False,1,False,True,CC(CO)OCC(C)O,CC(O)COC(C)CO,CC(O)COC(C)CO,134.175,134.175,0.0,['none']
True,False,[],False,1,False,True,C1COC2C1C(CO2)OC(=O)ON3C(=O)CCC3=O,O=C(OC1COC2OCCC12)ON1C(=O)CCC1=O,O=C(OC1COC2OCCC12)ON1C(=O)CCC1=O,271.22499999999997,271.22499999999997,0.0,['none']
True,False,[],True,2,False,True,CC1C(O1)P(=O)(O)O.CC(C1=CC=CC=C1)N,CC(N)c1ccccc1,CC(N)c1ccccc1,259.242,121.18299999999998,-138.05900000000003,"['salt_stripped', 'fragment_removed']"
True,True,['Na'],True,2,True,True,CCCCCCCCCCCCCCCCCC(=O)OC(C)C(=O)OC(C)C(=O)[O-].[Na+],CCCCCCCCCCCCCCCCCC(=O)OC(C)C(=O)OC(C)C(=O)[O-],CCCCCCCCCCCCCCCCCC(=O)OC(C)C(=O)OC(C)C(=O)O,450.59200000000016,428.6100000000001,-21.982000000000028,"['salt_stripped', 'metal:Na', 'fragment_removed', 'charge_normalized']"
True,False,[],False,1,False,True,CC(CCN)CC(C)(C)CN,CC(CCN)CC(C)(C)CN,CC(CCN)CC(C)(C)CN,158.28899999999996,158.28899999999996,0.0,['none']
True,False,[],False,1,False,True,C[Si]1(O[Si](O[Si](O[Si](O1)(C)C=C)(C)C=C)(C)C=C)C=C,C=C[Si]1(C)O[Si](C)(C=C)O[Si](C)(C=C)O[Si](C)(C=C)O1,C=C[Si]1(C)O[Si](C)(C=C)O[Si](C)(C=C)O[Si](C)(C=C)O1,344.6640000000001,344.6640000000001,0.0,['none']
True,False,[],False,1,False,True,CC(C)CCCCCCCOP(OCCCCCCCC(C)C)OC1=CC=CC=C1,CC(C)CCCCCCCOP(OCCCCCCCC(C)C)Oc1ccccc1,CC(C)CCCCCCCOP(OCCCCCCCC(C)C)Oc1ccccc1,438.6330000000002,438.6330000000002,0.0,['none']
True,False,[],False,1,False,True,CCOC(C)OCCC1=CC=CC=C1,CCOC(C)OCCc1ccccc1,CCOC(C)OCCc1ccccc1,194.27400000000003,194.27400000000003,0.0,['none']
True,False,[],False,1,False,True,COC(=O)CCCCCCCC=C,C=CCCCCCCCC(=O)OC,C=CCCCCCCCC(=O)OC,184.27899999999997,184.27899999999997,0.0,['none']
True,False,[],False,1,False,True,C1CCCCC(C(C(CCCC1)(Br)Br)(Br)Br)(Br)Br,BrC1(Br)CCCCCCCCCC(Br)(Br)C1(Br)Br,BrC1(Br)CCCCCCCCCC(Br)(Br)C1(Br)Br,641.6999999999999,641.6999999999999,0.0,['none']
True,False,[],False,1,False,True,CC1(CCCC(N1[O])(C)C)C,CC1(C)CCCC(C)(C)N1[O],CC1(C)CCCC(C)(C)N1[O],156.249,156.249,0.0,['none']
True,False,[],False,1,False,True,C1=CC(=C(N=C1)Cl)OCC(F)(F)F,FC(F)(F)COc1cccnc1Cl,FC(F)(F)COc1cccnc1Cl,211.56999999999994,211.56999999999994,0.0,['none']
True,False,[],False,1,False,True,CC(C)SC1=C(C=CC=N1)CCC(F)(F)F,CC(C)Sc1ncccc1CCC(F)(F)F,CC(C)Sc1ncccc1CCC(F)(F)F,249.30099999999993,249.30099999999993,0.0,['none']
True,False,[],False,1,False,True,CC(C)(CCO)O,CC(C)(O)CCO,CC(C)(O)CCO,104.14899999999999,104.14899999999999,0.0,['none']
True,False,[],False,1,False,True,CC(COCC(C)(COCC(C)O)COCC(C)O)O,CC(O)COCC(C)(COCC(C)O)COCC(C)O,CC(O)COCC(C)(COCC(C)O)COCC(C)O,294.388,294.388,0.0,['none']
True,True,['Na'],True,2,True,True,CC1=CC(=CC(=C1C)S(=O)(=O)NCCO)NC2=CC(=C(C3=C2C(=O)C4=CC=CC=C4C3=O)N)S(=O)(=O)[O-].[Na+],Cc1cc(Nc2cc(S(=O)(=O)[O-])c(N)c3c2C(=O)c2ccccc2C3=O)cc(S(=O)(=O)NCCO)c1C,Cc1cc(Nc2cc(S(=O)(=O)O)c(N)c3c2C(=O)c2ccccc2C3=O)cc(S(=O)(=O)NCCO)c1C,567.5770000000003,545.5950000000004,-21.98199999999997,"['salt_stripped', 'metal:Na', 'fragment_removed', 'charge_normalized']"
True,False,[],False,1,False,True,CC1CN(CCC1(C#N)C2=CC=CC=C2)S(=O)(=O)C3=CC=C(C=C3)C,Cc1ccc(S(=O)(=O)N2CCC(C#N)(c3ccccc3)C(C)C2)cc1,Cc1ccc(S(=O)(=O)N2CCC(C#N)(c3ccccc3)C(C)C2)cc1,354.47500000000014,354.47500000000014,0.0,['none']
True,False,[],False,1,False,True,CC(C)(C(=O)OC)N=NC(C)(C)C(=O)OC,COC(=O)C(C)(C)N=NC(C)(C)C(=O)OC,COC(=O)C(C)(C)N=NC(C)(C)C(=O)OC,230.26399999999995,230.26399999999995,0.0,['none']
True,False,[],False,1,False,True,CCC=CC#N,CCC=CC#N,CCC=CC#N,81.11800000000001,81.11800000000001,0.0,['none']
True,False,[],False,1,False,True,CCCCCCCCCC[N+](C)(C)[O-],CCCCCCCCCC[N+](C)(C)[O-],CCCCCCCCCC[N+](C)(C)[O-],201.35399999999998,201.35399999999998,0.0,['none']
True,False,[],False,1,False,True,CC1CCC(C(C1)OC(=O)OCC(C)O)C(C)C,CC(O)COC(=O)OC1CC(C)CCC1C(C)C,CC(O)COC(=O)OC1CC(C)CCC1C(C)C,258.35799999999995,258.35799999999995,0.0,['none']
True,False,[],False,1,False,True,CO[Si](CCCN1C(=O)N(C(=O)N(C1=O)CCC[Si](OC)(OC)OC)CCC[Si](OC)(OC)OC)(OC)OC,CO[Si](CCCn1c(=O)n(CCC[Si](OC)(OC)OC)c(=O)n(CCC[Si](OC)(OC)OC)c1=O)(OC)OC,CO[Si](CCCn1c(=O)n(CCC[Si](OC)(OC)OC)c(=O)n(CCC[Si](OC)(OC)OC)c1=O)(OC)OC,615.8580000000004,615.8580000000004,0.0,['none']
True,False,[],False,1,False,True,CCCCCCCCCCCCCCCC(=O)OCC(C1C(C(CO1)O)O)O,CCCCCCCCCCCCCCCC(=O)OCC(O)C1OCC(O)C1O,CCCCCCCCCCCCCCCC(=O)OCC(O)C1OCC(O)C1O,402.57200000000006,402.57200000000006,0.0,['none']
True,False,[],False,1,False,True,CCCCCCCCC=CCCCCCCCC(=O)OCC(C1C(C(CO1)O)OC(=O)CCCCCCCC=CCCCCCCCC)OC(=O)CCCCCCCC=CCCCCCCCC,CCCCCCCCC=CCCCCCCCC(=O)OCC(OC(=O)CCCCCCCC=CCCCCCCCC)C1OCC(O)C1OC(=O)CCCCCCCC=CCCCCCCCC,CCCCCCCCC=CCCCCCCCC(=O)OCC(OC(=O)CCCCCCCC=CCCCCCCCC)C1OCC(O)C1OC(=O)CCCCCCCC=CCCCCCCCC,957.5159999999987,957.5159999999987,0.0,['none']
True,False,[],False,1,False,True,CC(CCC(=O)O)(C#N)N=NC(C)(CCC(=O)O)C#N,CC(C#N)(CCC(=O)O)N=NC(C)(C#N)CCC(=O)O,CC(C#N)(CCC(=O)O)N=NC(C)(C#N)CCC(=O)O,280.284,280.284,0.0,['none']
True,False,[],False,1,False,True,CCCCCCCC(=O)OCC(CO)O,CCCCCCCC(=O)OCC(O)CO,CCCCCCCC(=O)OCC(O)CO,218.29299999999998,218.29299999999998,0.0,['none']
True,False,[],False,1,False,True,CCN(CCCl)C1=CC=C(C=C1)C=O,CCN(CCCl)c1ccc(C=O)cc1,CCN(CCCl)c1ccc(C=O)cc1,211.69200000000004,211.69200000000004,0.0,['none']
True,False,[],False,1,False,True,COC1=CC(=NC=N1)Cl,COc1cc(Cl)ncn1,COc1cc(Cl)ncn1,144.561,144.561,0.0,['none']
True,True,['K'],True,2,True,True,C(=O)(N)NC(=O)[O-].[K+],NC(=O)NC(=O)[O-],NC(=O)NC(=O)O,142.15499999999997,104.06499999999998,-38.08999999999999,"['salt_stripped', 'metal:K', 'fragment_removed', 'charge_normalized']"
True,False,[],False,1,False,True,CCC=CCCCCCCCCC1CC(=O)OC1=O,CCC=CCCCCCCCCC1CC(=O)OC1=O,CCC=CCCCCCCCCC1CC(=O)OC1=O,266.381,266.381,0.0,['none']
True,False,[],False,1,False,True,CCCCCCCCC=CCCCCCCCCN(OCCO)OCCO,CCCCCCCCC=CCCCCCCCCN(OCCO)OCCO,CCCCCCCCC=CCCCCCCCCN(OCCO)OCCO,387.60500000000013,387.60500000000013,0.0,['none']
True,True,['Na'],True,3,True,True,C=CCCCCCCCCC(=O)NCCOC(=O)CC(C(=O)[O-])S(=O)(=O)[O-].[Na+].[Na+],C=CCCCCCCCCC(=O)NCCOC(=O)CC(C(=O)[O-])S(=O)(=O)[O-],C=CCCCCCCCCC(=O)NCCOC(=O)CC(C(=O)O)S(=O)(=O)O,451.4490000000002,407.4850000000001,-43.964000000000055,"['salt_stripped', 'metal:Na', 'fragment_removed', 'charge_normalized']"
True,False,[],False,1,False,True,CCCCCCCCCCCCCCCCCC(=O)OCC(C1C(C(CO1)O)OC(=O)CCCCCCCCCCCCCCCCC)OC(=O)CCCCCCCCCCCCCCCCC,CCCCCCCCCCCCCCCCCC(=O)OCC(OC(=O)CCCCCCCCCCCCCCCCC)C1OCC(O)C1OC(=O)CCCCCCCCCCCCCCCCC,CCCCCCCCCCCCCCCCCC(=O)OCC(OC(=O)CCCCCCCCCCCCCCCCC)C1OCC(O)C1OC(=O)CCCCCCCCCCCCCCCCC,963.5639999999985,963.5639999999985,0.0,['none']
True,False,[],False,1,False,True,CC1=C(C=C(C=C1)N2C(=O)N(C2=O)C3=CC(=C(C=C3)C)N=C=O)N=C=O,Cc1ccc(N2C(=O)N(c3ccc(C)c(N=C=O)c3)C2=O)cc1N=C=O,Cc1ccc(N2C(=O)N(c3ccc(C)c(N=C=O)c3)C2=O)cc1N=C=O,348.3180000000001,348.3180000000001,0.0,['none']
True,False,[],False,1,False,True,CC1CCC(C(C1)OO)C(C)C,CC1CCC(C(C)C)C(OO)C1,CC1CCC(C(C)C)C(OO)C1,172.268,172.268,0.0,['none']
True,False,[],False,1,False,True,C=CCOC(=O)CCC1CCCCC1,C=CCOC(=O)CCC1CCCCC1,C=CCOC(=O)CCC1CCCCC1,196.28999999999994,196.28999999999994,0.0,['none']
True,False,[],False,1,False,True,CC1=CC=C(C=C1)P(=O)(C2=CC=C(C=C2)C)C(=O)C3=C(C=C(C=C3C)C)C,Cc1ccc(P(=O)(C(=O)c2c(C)cc(C)cc2C)c2ccc(C)cc2)cc1,Cc1ccc(P(=O)(C(=O)c2c(C)cc(C)cc2C)c2ccc(C)cc2)cc1,376.4360000000002,376.4360000000002,0.0,['none']
True,True,['Cr'],True,4,True,True,C(=O)[O-].C(=O)[O-].C(=O)[O-].[Cr+3],O=C[O-],O=CO,187.047,46.025000000000006,-141.022,"['salt_stripped', 'metal:Cr', 'fragment_removed', 'charge_normalized']"
True,False,[],False,1,False,True,CC(COCC(C)OC(=O)C1=CC=CC=C1)OC(=O)C2=CC=CC=C2,CC(COCC(C)OC(=O)c1ccccc1)OC(=O)c1ccccc1,CC(COCC(C)OC(=O)c1ccccc1)OC(=O)c1ccccc1,342.3910000000001,342.3910000000001,0.0,['none']
True,False,[],False,1,False,True,CC1=CC=CC=C1OP(=S)(OC2=CC=CC=C2C)S,Cc1ccccc1OP(=S)(S)Oc1ccccc1C,Cc1ccccc1OP(=S)(S)Oc1ccccc1C,310.38000000000005,310.38000000000005,0.0,['none']
True,False,[],False,1,False,True,CC(C)CCCCCCCOC(=O)CCCCC(=O)OCCCCCCCC(C)C,CC(C)CCCCCCCOC(=O)CCCCC(=O)OCCCCCCCC(C)C,CC(C)CCCCCCCOC(=O)CCCCC(=O)OCCCCCCCC(C)C,426.6820000000003,426.6820000000003,0.0,['none']
True,False,[],False,1,False,True,CCCCCCCCCCCC(=O)OCC(C)O,CCCCCCCCCCCC(=O)OCC(C)O,CCCCCCCCCCCC(=O)OCC(C)O,258.40199999999993,258.40199999999993,0.0,['none']
True,True,['Na'],True,2,True,True,CC(C)OP(=S)(OC(C)C)[S-].[Na+],CC(C)OP(=S)([S-])OC(C)C,CC(C)OP(=S)(S)OC(C)C,236.274,214.292,-21.982,"['salt_stripped', 'metal:Na', 'fragment_removed', 'charge_normalized']"
True,True,['Na'],True,2,True,True,CC(C)CC1=CC2=CC=CC=C2C(=C1CC(C)C)S(=O)(=O)[O-].[Na+],CC(C)Cc1cc2ccccc2c(S(=O)(=O)[O-])c1CC(C)C,CC(C)Cc1cc2ccccc2c(S(=O)(=O)O)c1CC(C)C,342.43600000000004,320.454,-21.982000000000028,"['salt_stripped', 'metal:Na', 'fragment_removed', 'charge_normalized']"
True,False,[],False,1,False,True,CCCCC(CC)CO[N+](=O)[O-],CCCCC(CC)CO[N+](=O)[O-],CCCCC(CC)CO[N+](=O)[O-],175.22799999999998,175.22799999999998,0.0,['none']
True,True,['Li'],True,2,True,True,[Li+].CCCCCCC(C)(C)C(=O)[O-],CCCCCCC(C)(C)C(=O)[O-],CCCCCCC(C)(C)C(=O)O,178.201,172.268,-5.932999999999993,"['salt_stripped', 'metal:Li', 'fragment_removed', 'charge_normalized']"
True,False,[],False,1,False,True,CCCN1C(=O)C(=CN2C1=NC(=N2)N)C,CCCn1c(=O)c(C)cn2nc(N)nc12,CCCn1c(=O)c(C)cn2nc(N)nc12,207.23699999999997,207.23699999999997,0.0,['none']
True,True,['Na'],True,3,True,True,C1=CC=C(C=C1)NC2=NC(=NC(=N2)N(CCC(=O)N)CCO)NC3=CC(=C(C=C3)C=CC4=C(C=C(C=C4)NC5=NC(=NC(=N5)NC6=CC=CC=C6)N(CCC(=O)N)CCO)S(=O)(=O)[O-])S(=O)(=O)[O-].[Na+].[Na+],NC(=O)CCN(CCO)c1nc(Nc2ccccc2)nc(Nc2ccc(C=Cc3ccc(Nc4nc(Nc5ccccc5)nc(N(CCO)CCC(N)=O)n4)cc3S(=O)(=O)[O-])c(S(=O)(=O)[O-])c2)n1,NC(=O)CCN(CCO)c1nc(Nc2ccccc2)nc(Nc2ccc(C=Cc3ccc(Nc4nc(Nc5ccccc5)nc(N(CCO)CCC(N)=O)n4)cc3S(=O)(=O)O)c(S(=O)(=O)O)c2)n1,1015.0159999999997,971.0519999999998,-43.96399999999994,"['salt_stripped', 'metal:Na', 'fragment_removed', 'charge_normalized']"
True,False,[],False,1,False,True,CCC(=O)OC1CC2CCC1(C2(C)C)C,CCC(=O)OC1CC2CCC1(C)C2(C)C,CCC(=O)OC1CC2CCC1(C)C2(C)C,210.31699999999995,210.31699999999995,0.0,['none']
True,False,[],False,1,False,True,CC(C)(C)C1=CC(=CC(=C1O)C(C)(C)C)CN2C(=O)N(C(=O)N(C2=O)CC3=CC(=C(C(=C3)C(C)(C)C)O)C(C)(C)C)CC4=CC(=C(C(=C4)C(C)(C)C)O)C(C)(C)C,CC(C)(C)c1cc(Cn2c(=O)n(Cc3cc(C(C)(C)C)c(O)c(C(C)(C)C)c3)c(=O)n(Cc3cc(C(C)(C)C)c(O)c(C(C)(C)C)c3)c2=O)cc(C(C)(C)C)c1O,CC(C)(C)c1cc(Cn2c(=O)n(Cc3cc(C(C)(C)C)c(O)c(C(C)(C)C)c3)c(=O)n(Cc3cc(C(C)(C)C)c(O)c(C(C)(C)C)c3)c2=O)cc(C(C)(C)C)c1O,784.0949999999998,784.0949999999998,0.0,['none']
True,False,[],False,1,False,True,CC1=CC=CC=C1CC2=CC=CC=C2,Cc1ccccc1Cc1ccccc1,Cc1ccccc1Cc1ccccc1,182.26600000000002,182.26600000000002,0.0,['none']
True,False,[],True,3,False,True,CC(C)(C1=NCCN1)N=NC(C)(C)C2=NCCN2.Cl.Cl,CC(C)(N=NC(C)(C)C1=NCCN1)C1=NCCN1,CC(C)(N=NC(C)(C)C1=NCCN1)C1=NCCN1,323.272,250.35,-72.922,"['salt_stripped', 'fragment_removed']"
True,False,[],False,1,False,True,CC(C)(C1=CC(=CC=C1)C(C)(C)N=C=O)N=C=O,CC(C)(N=C=O)c1cccc(C(C)(C)N=C=O)c1,CC(C)(N=C=O)c1cccc(C(C)(C)N=C=O)c1,244.29399999999995,244.29399999999995,0.0,['none']
True,False,[],False,1,False,True,CC(CO)OC(=O)C(=C)C,C=C(C)C(=O)OC(C)CO,C=C(C)C(=O)OC(C)CO,144.17,144.17,0.0,['none']
True,True,['Z22'],True,5,True,True,CCOC(=O)C=C(C)[O-].CCOC(=O)C=C(C)[O-].CC(C)[O-].CC(C)[O-].[Ti+4],CCOC(=O)C=C(C)[O-],CCOC(=O)C=C(C)O,424.31300000000016,130.143,-294.1700000000002,"['salt_stripped', 'metal:Z22', 'fragment_removed', 'charge_normalized']"
True,False,[],False,1,False,True,CC1(CCCCC1)OC(=O)C2=CC=CC=C2C(=O)OC3(CCCCC3)C,CC1(OC(=O)c2ccccc2C(=O)OC2(C)CCCCC2)CCCCC1,CC1(OC(=O)c2ccccc2C(=O)OC2(C)CCCCC2)CCCCC1,358.4780000000003,358.4780000000003,0.0,['none']
True,False,[],True,2,False,True,B(F)(F)F.CO,CO,CO,99.848,32.042,-67.806,"['salt_stripped', 'fragment_removed']"
True,False,[],False,1,False,True,CCCOCCO,CCCOCCO,CCCOCCO,104.14899999999999,104.14899999999999,0.0,['none']
True,False,[],False,1,False,True,C1=CC=C(C=C1)OC(=O)OCCOC2=C(C3=C(C(=C2)O)C(=O)C4=CC=CC=C4C3=O)N,Nc1c(OCCOC(=O)Oc2ccccc2)cc(O)c2c1C(=O)c1ccccc1C2=O,Nc1c(OCCOC(=O)Oc2ccccc2)cc(O)c2c1C(=O)c1ccccc1C2=O,419.3890000000001,419.3890000000001,0.0,['none']
True,False,[],False,1,False,True,C1CC2C3CCC(C3)C2C1,C1CC2C3CCC(C3)C2C1,C1CC2C3CCC(C3)C2C1,136.238,136.238,0.0,['none']
True,True,['Ca'],True,3,True,True,CC(C(=O)[O-])O.CC(C(=O)[O-])O.[Ca+2],CC(O)C(=O)[O-],CC(O)C(=O)O,218.218,90.07799999999999,-128.14,"['salt_stripped', 'metal:Ca', 'fragment_removed', 'charge_normalized']"
True,False,[],False,1,False,True,CC1=C(C=CC(=C1)O)N,Cc1cc(O)ccc1N,Cc1cc(O)ccc1N,123.15499999999999,123.15499999999999,0.0,['none']
True,False,[],False,1,False,True,CNC(=O)C1=NC=CC(=C1)OC2=CC=C(C=C2)NC(=O)NC3=CC(=C(C=C3)Cl)C(F)(F)F,CNC(=O)c1cc(Oc2ccc(NC(=O)Nc3ccc(Cl)c(C(F)(F)F)c3)cc2)ccn1,CNC(=O)c1cc(Oc2ccc(NC(=O)Nc3ccc(Cl)c(C(F)(F)F)c3)cc2)ccn1,464.83100000000013,464.83100000000013,0.0,['none']
True,False,[],False,1,False,True,CNC(=O)C1=NC=CC(=C1)OC2=CC=C(C=C2)N,CNC(=O)c1cc(Oc2ccc(N)cc2)ccn1,CNC(=O)c1cc(Oc2ccc(N)cc2)ccn1,243.266,243.266,0.0,['none']
True,False,[],False,1,False,True,CC(=C)C(=O)OCC(COC(=O)C(=C)C)O,C=C(C)C(=O)OCC(O)COC(=O)C(=C)C,C=C(C)C(=O)OCC(O)COC(=O)C(=C)C,228.24399999999997,228.24399999999997,0.0,['none']
True,False,[],False,1,False,True,CCCCC(CC)C(=O)OCC(C)(C)COC(=O)C(CC)CCCC,CCCCC(CC)C(=O)OCC(C)(C)COC(=O)C(CC)CCCC,CCCCC(CC)C(=O)OCC(C)(C)COC(=O)C(CC)CCCC,356.5470000000002,356.5470000000002,0.0,['none']
True,False,[],False,1,False,True,C=CC1CCC(C(C1)C=C)C=C,C=CC1CCC(C=C)C(C=C)C1,C=CC1CCC(C=C)C(C=C)C1,162.27599999999995,162.27599999999995,0.0,['none']
True,False,[],False,1,False,True,CC1=CC2=C(CC(C2)(C)CO)C=C1,Cc1ccc2c(c1)CC(C)(CO)C2,Cc1ccc2c(c1)CC(C)(CO)C2,176.25900000000001,176.25900000000001,0.0,['none']
True,False,[],False,1,False,True,C1CCCC=CCCCCCCOC(=O)CCC1,O=C1CCCCCCCC=CCCCCCCO1,O=C1CCCCCCCC=CCCCCCCO1,252.3979999999999,252.3979999999999,0.0,['none']
True,False,[],False,1,False,True,CCOC1C(CCCC1C)C,CCOC1C(C)CCCC1C,CCOC1C(C)CCCC1C,156.269,156.269,0.0,['none']
True,False,[],False,1,False,True,C1CCCC1,C1CCCC1,C1CCCC1,70.135,70.135,0.0,['none']
True,False,[],False,1,False,True,C1=CNN=C1,c1cn[nH]c1,c1cn[nH]c1,68.079,68.079,0.0,['none']
True,False,[],False,1,False,True,CCCCCCCCC=CCCCCCCCCNCCCNCCCN,CCCCCCCCC=CCCCCCCCCNCCCNCCCN,CCCCCCCCC=CCCCCCCCCNCCCNCCCN,381.69300000000015,381.69300000000015,0.0,['none']
True,True,['Na'],True,2,True,True,C1CC(=O)NC1C(=O)[O-].[Na+],O=C1CCC(C(=O)[O-])N1,O=C1CCC(C(=O)O)N1,151.09699999999998,129.11499999999998,-21.982,"['salt_stripped', 'metal:Na', 'fragment_removed', 'charge_normalized']"
True,False,[],False,1,False,True,CC1=CC2=C(C=C1)OCC(=O)CO2,Cc1ccc2c(c1)OCC(=O)CO2,Cc1ccc2c(c1)OCC(=O)CO2,178.18699999999995,178.18699999999995,0.0,['none']
True,False,[],False,1,False,True,CCOP(=S)(OCC)OC1=NC(=C(C=C1Cl)Cl)Cl,CCOP(=S)(OCC)Oc1nc(Cl)c(Cl)cc1Cl,CCOP(=S)(OCC)Oc1nc(Cl)c(Cl)cc1Cl,350.5909999999999,350.5909999999999,0.0,['none']
True,True,['K'],True,2,True,True,C(=O)(C(F)(F)F)[O-].[K+],O=C([O-])C(F)(F)F,O=C(O)C(F)(F)F,152.11200000000002,114.022,-38.09000000000002,"['salt_stripped', 'metal:K', 'fragment_removed', 'charge_normalized']"
True,False,[],False,1,False,True,CCN(CC)C1=NC(=CC(=N1)OP(=S)(OC)OC)C,CCN(CC)c1nc(C)cc(OP(=S)(OC)OC)n1,CCN(CC)c1nc(C)cc(OP(=S)(OC)OC)n1,305.3400000000001,305.3400000000001,0.0,['none']
True,False,[],True,2,False,True,C(CO)N(CCO)CCO.C(C(=O)O)C(CC(=O)O)(C(=O)O)O,OCCN(CCO)CCO,OCCN(CCO)CCO,341.31300000000005,149.19,-192.12300000000005,"['salt_stripped', 'fragment_removed']"
True,False,[],False,1,False,True,C1CCCCCCCCCCC1,C1CCCCCCCCCCC1,C1CCCCCCCCCCC1,168.32399999999998,168.32399999999998,0.0,['none']
True,False,[],False,1,False,True,CCCCCCCCCCCCSCCC(=O)OCC(COC(=O)CCSCCCCCCCCCCCC)(COC(=O)CCSCCCCCCCCCCCC)COC(=O)CCSCCCCCCCCCCCC,CCCCCCCCCCCCSCCC(=O)OCC(COC(=O)CCSCCCCCCCCCCCC)(COC(=O)CCSCCCCCCCCCCCC)COC(=O)CCSCCCCCCCCCCCC,CCCCCCCCCCCCSCCC(=O)OCC(COC(=O)CCSCCCCCCCCCCCC)(COC(=O)CCSCCCCCCCCCCCC)COC(=O)CCSCCCCCCCCCCCC,1161.9669999999992,1161.9669999999992,0.0,['none']
True,False,[],False,1,False,True,C1CO[Sb]2OCCO[Sb](O1)OCCO2,C1C[O][Sb]2[O]CC[O][Sb]([O]1)[O]CC[O]2,C1C[O][Sb]2[O]CC[O][Sb]([O]1)[O]CC[O]2,423.6760000000001,423.6760000000001,0.0,['none']
True,True,['Na'],True,2,True,True,CC(C)CCCCCCCOC(=O)CC(C(=O)OCCCCCCCC(C)C)S(=O)(=O)[O-].[Na+],CC(C)CCCCCCCOC(=O)CC(C(=O)OCCCCCCCC(C)C)S(=O)(=O)[O-],CC(C)CCCCCCCOC(=O)CC(C(=O)OCCCCCCCC(C)C)S(=O)(=O)O,500.67400000000043,478.6920000000004,-21.982000000000028,"['salt_stripped', 'metal:Na', 'fragment_removed', 'charge_normalized']"
True,False,[],True,3,False,True,CC(C)(C(=N)N)N=NC(C)(C)C(=N)N.Cl.Cl,CC(C)(N=NC(C)(C)C(=N)N)C(=N)N,CC(C)(N=NC(C)(C)C(=N)N)C(=N)N,271.196,198.27400000000003,-72.922,"['salt_stripped', 'fragment_removed']"
True,False,[],False,1,False,True,CP1(=O)OCC2(CO1)COP(=O)(OC2)C,CP1(=O)OCC2(CO1)COP(C)(=O)OC2,CP1(=O)OCC2(CO1)COP(C)(=O)OC2,256.1309999999999,256.1309999999999,0.0,['none']
True,False,[],False,1,False,True,CC(C)(C)OOC1(CCCCC1)OOC(C)(C)C,CC(C)(C)OOC1(OOC(C)(C)C)CCCCC1,CC(C)(C)OOC1(OOC(C)(C)C)CCCCC1,260.3739999999999,260.3739999999999,0.0,['none']
True,False,[],False,1,False,True,C1=CC2=C(C(=C1)N3C(=O)C4=C(C3=O)C(=C(C(=C4Cl)Cl)Cl)Cl)N=C(C=C2)C5C(=O)C6=C(C5=O)C(=C(C(=C6Cl)Cl)Cl)Cl,O=C1c2c(Cl)c(Cl)c(Cl)c(Cl)c2C(=O)C1c1ccc2cccc(N3C(=O)c4c(Cl)c(Cl)c(Cl)c(Cl)c4C3=O)c2n1,O=C1c2c(Cl)c(Cl)c(Cl)c(Cl)c2C(=O)C1c1ccc2cccc(N3C(=O)c4c(Cl)c(Cl)c(Cl)c(Cl)c4C3=O)c2n1,693.9679999999998,693.9679999999998,0.0,['none']
True,False,[],False,1,False,True,CC(C(=O)O)N,CC(N)C(=O)O,CC(N)C(=O)O,89.09400000000001,89.09400000000001,0.0,['none']
True,False,[],False,1,False,True,CCCCCCOC(=O)C1=CC=CC=C1C(=O)C2=C(C=C(C=C2)N(CC)CC)O,CCCCCCOC(=O)c1ccccc1C(=O)c1ccc(N(CC)CC)cc1O,CCCCCCOC(=O)c1ccccc1C(=O)c1ccc(N(CC)CC)cc1O,397.5150000000002,397.5150000000002,0.0,['none']
True,False,[],False,1,False,True,CN(C)CCN(C)CCN(C)C,CN(C)CCN(C)CCN(C)C,CN(C)CCN(C)CCN(C)C,173.304,173.304,0.0,['none']
True,False,[],False,1,False,True,CC(C#CC(C)O)O,CC(O)C#CC(C)O,CC(O)C#CC(C)O,114.14399999999996,114.14399999999996,0.0,['none']
True,False,[],False,1,False,True,CCCC1=CC=C(C=C1)C2=CC(=C(C=C2)C3=CC(=C(C(=C3)F)C(OC4=CC(=C(C(=C4)F)F)F)(F)F)F)F,CCCc1ccc(-c2ccc(-c3cc(F)c(C(F)(F)Oc4cc(F)c(F)c(F)c4)c(F)c3)c(F)c2)cc1,CCCc1ccc(-c2ccc(-c3cc(F)c(C(F)(F)Oc4cc(F)c(F)c(F)c4)c(F)c3)c(F)c2)cc1,522.4350000000001,522.4350000000001,0.0,['none']
True,True,['Na'],True,2,True,True,C=CS(=O)(=O)[O-].[Na+],C=CS(=O)(=O)[O-],C=CS(=O)(=O)O,130.1,108.11799999999998,-21.982000000000014,"['salt_stripped', 'metal:Na', 'fragment_removed', 'charge_normalized']"
True,False,[],False,1,False,True,C1CCN(CC1)CCO,OCCN1CCCCC1,OCCN1CCCCC1,129.203,129.203,0.0,['none']
True,False,[],False,1,False,True,C1=CC=C(C=C1)N=NC2=CC=C(C=C2)N3C(=O)C4=C5C(=CC=C6C5=C(C=C4)C7=C8C6=CC=C9C8=C(C=C7)C(=O)N(C9=O)C1=CC=C(C=C1)N=NC1=CC=CC=C1)C3=O,O=C1c2ccc3c4ccc5c6c(ccc(c7ccc(c2c37)C(=O)N1c1ccc(N=Nc2ccccc2)cc1)c64)C(=O)N(c1ccc(N=Nc2ccccc2)cc1)C5=O,O=C1c2ccc3c4ccc5c6c(ccc(c7ccc(c2c37)C(=O)N1c1ccc(N=Nc2ccccc2)cc1)c64)C(=O)N(c1ccc(N=Nc2ccccc2)cc1)C5=O,750.7740000000001,750.7740000000001,0.0,['none']
True,False,[],False,1,False,True,CC(C)(C1=CC(=C(C(=C1)Br)OCC2CO2)Br)C3=CC(=C(C(=C3)Br)OCC4CO4)Br,CC(C)(c1cc(Br)c(OCC2CO2)c(Br)c1)c1cc(Br)c(OCC2CO2)c(Br)c1,CC(C)(c1cc(Br)c(OCC2CO2)c(Br)c1)c1cc(Br)c(OCC2CO2)c(Br)c1,656.0029999999999,656.0029999999999,0.0,['none']
True,False,[],False,1,False,True,CC1=CC=C(C=C1)N(CCO)CCO,Cc1ccc(N(CCO)CCO)cc1,Cc1ccc(N(CCO)CCO)cc1,195.26199999999997,195.26199999999997,0.0,['none']
True,False,[],False,1,False,True,CCCCCCCCCCCCCCCCCCNC(=O)C=CC(=O)O,CCCCCCCCCCCCCCCCCCNC(=O)C=CC(=O)O,CCCCCCCCCCCCCCCCCCNC(=O)C=CC(=O)O,367.57399999999996,367.57399999999996,0.0,['none']
True,False,[],False,1,False,True,CCC(=O)OC,CCC(=O)OC,CCC(=O)OC,88.106,88.106,0.0,['none']
True,True,['Al'],True,4,True,True,CCCC[O-].CCCC[O-].CCCC[O-].[Al+3],CCCC[O-],CCCCO,246.32699999999994,74.12299999999999,-172.20399999999995,"['salt_stripped', 'metal:Al', 'fragment_removed', 'charge_normalized']"
True,False,[],False,1,False,True,C1=CC2=C(C(=C1)Cl)NC3=CC4=C(C=C3C2=O)NC5=C(C4=O)C=CC=C5Cl,O=c1c2cc3[nH]c4c(Cl)cccc4c(=O)c3cc2[nH]c2c(Cl)cccc12,O=c1c2cc3[nH]c4c(Cl)cccc4c(=O)c3cc2[nH]c2c(Cl)cccc12,381.2180000000001,381.2180000000001,0.0,['none']
True,False,[],False,1,False,True,CCCCNCCC[Si](OC)(OC)OC,CCCCNCCC[Si](OC)(OC)OC,CCCCNCCC[Si](OC)(OC)OC,235.39999999999998,235.39999999999998,0.0,['none']
True,True,['K'],True,2,True,True,C=CC(=O)OCCCS(=O)(=O)[O-].[K+],C=CC(=O)OCCCS(=O)(=O)[O-],C=CC(=O)OCCCS(=O)(=O)O,232.298,194.208,-38.09,"['salt_stripped', 'metal:K', 'fragment_removed', 'charge_normalized']"
True,False,[],False,1,False,True,COCCOC(=O)C=C,C=CC(=O)OCCOC,C=CC(=O)OCCOC,130.14299999999997,130.14299999999997,0.0,['none']
True,True,['Mg'],True,2,True,True,CCCCCCCCCCCCCCCCCCC1=CC=CC=C1S(=O)(=O)[O-].[Mg+2],CCCCCCCCCCCCCCCCCCc1ccccc1S(=O)(=O)[O-],CCCCCCCCCCCCCCCCCCc1ccccc1S(=O)(=O)O,433.961,410.664,-23.297000000000025,"['salt_stripped', 'metal:Mg', 'fragment_removed', 'charge_normalized']"
True,False,[],False,1,False,True,CCCCCCCC(=O)OCC(C)(C)COC(=O)CCCCCCC,CCCCCCCC(=O)OCC(C)(C)COC(=O)CCCCCCC,CCCCCCCC(=O)OCC(C)(C)COC(=O)CCCCCCC,356.54700000000025,356.54700000000025,0.0,['none']
True,False,[],False,1,False,True,CCC1=CC(=CC(=C1C(C(=O)N)C(=O)N)CC)C,CCc1cc(C)cc(CC)c1C(C(N)=O)C(N)=O,CCc1cc(C)cc(CC)c1C(C(N)=O)C(N)=O,248.32599999999994,248.32599999999994,0.0,['none']
True,False,[],False,1,False,True,CC(C)(C)CC(C)(C)C1=CC(=C(C=C1)O)N2N=C3C=CC=CC3=N2,CC(C)(C)CC(C)(C)c1ccc(O)c(-n2nc3ccccc3n2)c1,CC(C)(C)CC(C)(C)c1ccc(O)c(-n2nc3ccccc3n2)c1,323.44000000000005,323.44000000000005,0.0,['none']
True,False,[],False,1,False,True,CCCCCCCCCCCCCCCCCC(=O)OCC(CO)O,CCCCCCCCCCCCCCCCCC(=O)OCC(O)CO,CCCCCCCCCCCCCCCCCC(=O)OCC(O)CO,358.56300000000005,358.56300000000005,0.0,['none']
True,True,['Ca'],True,3,True,True,CCCCCCC(CCCCCCCCCCC(=O)[O-])O.CCCCCCC(CCCCCCCCCCC(=O)[O-])O.[Ca+2],CCCCCCC(O)CCCCCCCCCCC(=O)[O-],CCCCCCC(O)CCCCCCCCCCC(=O)O,639.0280000000005,300.4829999999999,-338.5450000000006,"['salt_stripped', 'metal:Ca', 'fragment_removed', 'charge_normalized']"
True,True,['K'],True,2,True,True,CCCCC(CC)C(=O)[O-].[K+],CCCCC(CC)C(=O)[O-],CCCCC(CC)C(=O)O,182.30399999999997,144.214,-38.089999999999975,"['salt_stripped', 'metal:K', 'fragment_removed', 'charge_normalized']"
True,False,[],False,1,False,True,CCCCOC(=O)C1=CC=CC=C1N=NC2=C(C(=CC3=CC=CC=C32)C(=O)NC4=CC5=C(C=C4)NC(=O)N5)O,CCCCOC(=O)c1ccccc1N=Nc1c(O)c(C(=O)Nc2ccc3[nH]c(=O)[nH]c3c2)cc2ccccc12,CCCCOC(=O)c1ccccc1N=Nc1c(O)c(C(=O)Nc2ccc3[nH]c(=O)[nH]c3c2)cc2ccccc12,523.5490000000002,523.5490000000002,0.0,['none']
True,False,[],False,1,False,True,CC(=O)C(C(=O)NC1=CC2=C(C=C1)NC(=O)N2)N=NC3=CC=CC=C3C(=O)O,CC(=O)C(N=Nc1ccccc1C(=O)O)C(=O)Nc1ccc2[nH]c(=O)[nH]c2c1,CC(=O)C(N=Nc1ccccc1C(=O)O)C(=O)Nc1ccc2[nH]c(=O)[nH]c2c1,381.3480000000001,381.3480000000001,0.0,['none']
True,False,[],False,1,False,True,COC(=O)C1=C(C=CC(=C1)F)N,COC(=O)c1cc(F)ccc1N,COC(=O)c1cc(F)ccc1N,169.15499999999997,169.15499999999997,0.0,['none']
True,False,[],False,1,False,True,CC(=O)N(C)C=C,C=CN(C)C(C)=O,C=CN(C)C(C)=O,99.133,99.133,0.0,['none']
True,True,['Na'],True,4,True,True,C=CS(=O)(=O)CCOCCNC1=NC(=NC(=N1)F)NC2=CC=C(C=C2)N=NC3=CC=C(C=C3)N=NC4=CC5=C(C=C(C=C5S(=O)(=O)[O-])S(=O)(=O)[O-])C(=C4)S(=O)(=O)[O-].[Na+].[Na+].[Na+],C=CS(=O)(=O)CCOCCNc1nc(F)nc(Nc2ccc(N=Nc3ccc(N=Nc4cc(S(=O)(=O)[O-])c5cc(S(=O)(=O)[O-])cc(S(=O)(=O)[O-])c5c4)cc3)cc2)n1,C=CS(=O)(=O)CCOCCNc1nc(F)nc(Nc2ccc(N=Nc3ccc(N=Nc4cc(S(=O)(=O)O)c5cc(S(=O)(=O)O)cc(S(=O)(=O)O)c5c4)cc3)cc2)n1,931.8280000000003,865.8820000000004,-65.94599999999991,"['salt_stripped', 'metal:Na', 'fragment_removed', 'charge_normalized']"
True,False,[],False,1,False,True,CC1=C(C=CC(=C1)O)C(C)C,Cc1cc(O)ccc1C(C)C,Cc1cc(O)ccc1C(C)C,150.22099999999998,150.22099999999998,0.0,['none']
True,False,[],False,1,False,True,C1=C(OC(=C1)C(=O)O)C(=O)O,O=C(O)c1ccc(C(=O)O)o1,O=C(O)c1ccc(C(=O)O)o1,156.09299999999996,156.09299999999996,0.0,['none']
True,False,[],False,1,False,True,CC(C)(CN)C(=O)N,CC(C)(CN)C(N)=O,CC(C)(CN)C(N)=O,116.164,116.164,0.0,['none']
True,False,[],False,1,False,True,C(CN1C(=O)C2=C(C1=O)C(=C(C(=C2Br)Br)Br)Br)N3C(=O)C4=C(C3=O)C(=C(C(=C4Br)Br)Br)Br,O=C1c2c(Br)c(Br)c(Br)c(Br)c2C(=O)N1CCN1C(=O)c2c(Br)c(Br)c(Br)c(Br)c2C1=O,O=C1c2c(Br)c(Br)c(Br)c(Br)c2C(=O)N1CCN1C(=O)c2c(Br)c(Br)c(Br)c(Br)c2C1=O,951.4719999999998,951.4719999999998,0.0,['none']
True,False,[],False,1,False,True,C[Si](C)O[Si](C)C,C[Si](C)O[Si](C)C,C[Si](C)O[Si](C)C,132.31099999999998,132.31099999999998,0.0,['none']
True,True,['Na'],True,2,True,True,CN(C1CCCCC1)S(=O)(=O)C2=CC=CC=C2N=NC3=C(C=CC4=CC(=CC(=C43)O)S(=O)(=O)[O-])N.[Na+],CN(C1CCCCC1)S(=O)(=O)c1ccccc1N=Nc1c(N)ccc2cc(S(=O)(=O)[O-])cc(O)c12,CN(C1CCCCC1)S(=O)(=O)c1ccccc1N=Nc1c(N)ccc2cc(S(=O)(=O)O)cc(O)c12,540.5990000000002,518.6170000000002,-21.98199999999997,"['salt_stripped', 'metal:Na', 'fragment_removed', 'charge_normalized']"
True,False,[],False,1,False,True,CCC(COC(=O)CCS)(COC(=O)CCS)COC(=O)CCS,CCC(COC(=O)CCS)(COC(=O)CCS)COC(=O)CCS,CCC(COC(=O)CCS)(COC(=O)CCS)COC(=O)CCS,398.5680000000001,398.5680000000001,0.0,['none']
True,False,[],False,1,False,True,C1=CC=C(C=C1)C2=NOC(=N2)C3=CC=CS3,c1ccc(-c2noc(-c3cccs3)n2)cc1,c1ccc(-c2noc(-c3cccs3)n2)cc1,228.276,228.276,0.0,['none']
True,True,['Co'],True,2,True,True,C1=CC=C2C(=C1)C3=NC4=C5C=CC=CC5=C([N-]4)N=C6C7=CC=CC=C7C(=N6)N=C8C9=CC=CC=C9C(=N8)N=C2[N-]3.[Co+2],c1ccc2c(c1)-c1nc3nc(nc4[n-]c(nc5[n-]c(nc-2n1)c1ccccc51)c1ccccc41)-c1ccccc1-3,c1ccc2c(c1)-c1nc3nc(nc4[nH]c(nc5[nH]c(nc-2n1)c1ccccc51)c1ccccc41)-c1ccccc1-3,571.4690000000002,514.5520000000002,-56.916999999999916,"['salt_stripped', 'metal:Co', 'fragment_removed', 'charge_normalized']"
True,False,[],True,2,False,True,C[N+](C)(C)CC(CCl)O.[Cl-],C[N+](C)(C)CC(O)CCl,C[N+](C)(C)CC(O)CCl,188.09799999999998,152.64499999999998,-35.453,"['salt_stripped', 'fragment_removed']"
True,True,['K'],True,2,True,True,C(#N)[S-].[K+],N#C[S-],N#CS,97.18299999999999,59.093,-38.08999999999999,"['salt_stripped', 'metal:K', 'fragment_removed', 'charge_normalized']"
True,False,[],False,1,False,True,C1C2=CC=CC=C2N(C1=O)C3=CC=CC=C3,O=C1Cc2ccccc2N1c1ccccc1,O=C1Cc2ccccc2N1c1ccccc1,209.24800000000002,209.24800000000002,0.0,['none']
True,True,['Na'],True,2,True,True,CCOP(=S)(OCC)[S-].[Na+],CCOP(=S)([S-])OCC,CCOP(=S)(S)OCC,208.22,186.238,-21.982,"['salt_stripped', 'metal:Na', 'fragment_removed', 'charge_normalized']"
True,False,[],False,1,False,True,CCCCCCCCCC(=O)O,CCCCCCCCCC(=O)O,CCCCCCCCCC(=O)O,172.268,172.268,0.0,['none']
True,True,['Na'],True,2,True,True,CCC(C)OP(=S)(OC(C)CC)[S-].[Na+],CCC(C)OP(=S)([S-])OC(C)CC,CCC(C)OP(=S)(S)OC(C)CC,264.328,242.346,-21.98199999999997,"['salt_stripped', 'metal:Na', 'fragment_removed', 'charge_normalized']"
True,False,[],False,1,False,True,CC(C)CCCCCCOC(=O)CCCCC(=O)OCCCCCCC(C)C,CC(C)CCCCCCOC(=O)CCCCC(=O)OCCCCCCC(C)C,CC(C)CCCCCCOC(=O)CCCCC(=O)OCCCCCCC(C)C,398.62800000000027,398.62800000000027,0.0,['none']
True,False,[],False,1,False,True,C1=CC(=CC=C1OC2=C(C=C(C=C2)Cl)O)Cl,Oc1cc(Cl)ccc1Oc1ccc(Cl)cc1,Oc1cc(Cl)ccc1Oc1ccc(Cl)cc1,255.1,255.1,0.0,['none']
True,False,[],False,1,False,True,CC1(C2CC=C(C1C2)CCC=O)C,CC1(C)C2CC=C(CCC=O)C1C2,CC1(C)C2CC=C(CCC=O)C1C2,178.27499999999998,178.27499999999998,0.0,['none']
True,True,['Z42'],True,2,True,True,CCCCC(CC)C(=O)[O-].[Mo],CCCCC(CC)C(=O)[O-],CCCCC(CC)C(=O)O,239.146,144.214,-94.93199999999999,"['salt_stripped', 'metal:Z42', 'fragment_removed', 'charge_normalized']"
True,False,[],False,1,False,True,CC1C2CC(C1(C)C)CC2C3CCCC(C3)O,CC1C2CC(CC2C2CCCC(O)C2)C1(C)C,CC1C2CC(CC2C2CCCC(O)C2)C1(C)C,236.39899999999997,236.39899999999997,0.0,['none']
True,False,[],True,3,False,True,CCCCCCCCC=CCCCCCCCCNCCCN.CCCCCCCCC=CCCCCCCCC(=O)O.CCCCCCCCC=CCCCCCCCC(=O)O,CCCCCCCCC=CCCCCCCCCNCCCN,CCCCCCCCC=CCCCCCCCCNCCCN,889.5329999999993,324.59700000000004,-564.9359999999992,"['salt_stripped', 'fragment_removed']"
True,False,[],False,1,False,True,CCCCCCCCCCCC(=O)OCCCCCC,CCCCCCCCCCCC(=O)OCCCCCC,CCCCCCCCCCCC(=O)OCCCCCC,284.484,284.484,0.0,['none']
True,False,[],False,1,False,True,C1CC(=O)N(C1)CCO,O=C1CCCN1CCO,O=C1CCCN1CCO,129.15900000000002,129.15900000000002,0.0,['none']
True,False,[],False,1,False,True,CCCCOC(=O)C(C)O,CCCCOC(=O)C(C)O,CCCCOC(=O)C(C)O,146.18599999999998,146.18599999999998,0.0,['none']
True,False,[],False,1,False,True,C1=CC=C2C(=C1)C(=NC2=N)N,N=C1N=C(N)c2ccccc21,N=C1N=C(N)c2ccccc21,145.165,145.165,0.0,['none']
True,False,[],False,1,False,True,CCC(COC(=O)C=CC=CC)(COC(=O)C=CC=CC)COC(=O)C=CC=CC,CC=CC=CC(=O)OCC(CC)(COC(=O)C=CC=CC)COC(=O)C=CC=CC,CC=CC=CC(=O)OCC(CC)(COC(=O)C=CC=CC)COC(=O)C=CC=CC,416.5140000000001,416.5140000000001,0.0,['none']
True,False,[],False,1,False,True,CC(=O)C1=CC(=CC=C1)C(F)(F)F,CC(=O)c1cccc(C(F)(F)F)c1,CC(=O)c1cccc(C(F)(F)F)c1,188.14799999999994,188.14799999999994,0.0,['none']
True,True,['Z55'],True,2,True,True,C(=O)[O-].[Cs+],O=C[O-],O=CO,177.922,46.025000000000006,-131.897,"['salt_stripped', 'metal:Z55', 'fragment_removed', 'charge_normalized']"
True,False,[],False,1,False,True,CC1(CC(CC(C1)(C)CNC(=O)OCCOCCN(C)C)NC(=O)OCCOCCN(C)C)C,CN(C)CCOCCOC(=O)NCC1(C)CC(NC(=O)OCCOCCN(C)C)CC(C)(C)C1,CN(C)CCOCCOC(=O)NCC1(C)CC(NC(=O)OCCOCCN(C)C)CC(C)(C)C1,488.6700000000003,488.6700000000003,0.0,['none']
True,False,[],False,1,False,True,CC1=NN(C(=O)C1N=NC2=C(C=C(C=C2)C3=CC(=C(C=C3)N=NC4C(=NN(C4=O)C5=CC=CC=C5)C)Cl)Cl)C6=CC=CC=C6,CC1=NN(c2ccccc2)C(=O)C1N=Nc1ccc(-c2ccc(N=NC3C(=O)N(c4ccccc4)N=C3C)c(Cl)c2)cc1Cl,CC1=NN(c2ccccc2)C(=O)C1N=Nc1ccc(-c2ccc(N=NC3C(=O)N(c4ccccc4)N=C3C)c(Cl)c2)cc1Cl,623.5040000000001,623.5040000000001,0.0,['none']
True,False,[],False,1,False,True,B(C1=C(C(=CC=C1)OC)F)(O)O,COc1cccc(B(O)O)c1F,COc1cccc(B(O)O)c1F,169.94799999999998,169.94799999999998,0.0,['none']
True,False,[],False,1,False,True,CCC(C)NCCO,CCC(C)NCCO,CCC(C)NCCO,117.192,117.192,0.0,['none']
True,True,['Na'],True,2,True,True,CCCOC(=O)C1=CC=C(C=C1)[O-].[Na+],CCCOC(=O)c1ccc([O-])cc1,CCCOC(=O)c1ccc(O)cc1,202.18499999999997,180.20299999999997,-21.982,"['salt_stripped', 'metal:Na', 'fragment_removed', 'charge_normalized']"
True,False,[],True,2,False,True,B(F)(F)F.COC,COC,COC,113.875,46.069,-67.806,"['salt_stripped', 'fragment_removed']"
True,False,[],False,1,False,True,C1=C(C2=NC(=CN2C=C1C(F)(F)F)C(=O)O)Cl,O=C(O)c1cn2cc(C(F)(F)F)cc(Cl)c2n1,O=C(O)c1cn2cc(C(F)(F)F)cc(Cl)c2n1,264.5899999999999,264.5899999999999,0.0,['none']
True,False,[],False,1,False,True,CC(=C)C(=O)OCC(C(C(C(F)F)(F)F)(F)F)(F)F,C=C(C)C(=O)OCC(F)(F)C(F)(F)C(F)(F)C(F)F,C=C(C)C(=O)OCC(F)(F)C(F)(F)C(F)(F)C(F)F,300.1449999999999,300.1449999999999,0.0,['none']
True,False,[],False,1,False,True,COCCC1=CC=CC=C1,COCCc1ccccc1,COCCc1ccccc1,136.194,136.194,0.0,['none']
True,False,[],False,1,False,True,CCCCCCCCCCCCCCCCCCNC(=O)NCCCNC(=O)NCCCCCCCCCCCCCCCCCC,CCCCCCCCCCCCCCCCCCNC(=O)NCCCNC(=O)NCCCCCCCCCCCCCCCCCC,CCCCCCCCCCCCCCCCCCNC(=O)NCCCNC(=O)NCCCCCCCCCCCCCCCCCC,665.1489999999997,665.1489999999997,0.0,['none']
True,False,[],False,1,False,True,C(CSCCS)S,SCCSCCS,SCCSCCS,154.325,154.325,0.0,['none']
True,True,['Ca'],True,3,True,True,CCCCCCCCCCCCCCCCCCCCCC(=O)[O-].CCCCCCCCCCCCCCCCCCCCCC(=O)[O-].[Ca+2],CCCCCCCCCCCCCCCCCCCCCC(=O)[O-],CCCCCCCCCCCCCCCCCCCCCC(=O)O,719.246,340.59200000000004,-378.65399999999994,"['salt_stripped', 'metal:Ca', 'fragment_removed', 'charge_normalized']"
True,False,[],True,2,False,True,CC[P+](C1=CC=CC=C1)(C2=CC=CC=C2)C3=CC=CC=C3.CC(=O)[O-],CC[P+](c1ccccc1)(c1ccccc1)c1ccccc1,CC[P+](c1ccccc1)(c1ccccc1)c1ccccc1,350.3980000000001,291.354,-59.044000000000096,"['salt_stripped', 'fragment_removed']"
True,False,[],False,1,False,True,C1=CC=C2C(=C1)C=C(C(=C2N=NC3=C(C=C(C=C3)Cl)[N+](=O)[O-])O)C(=O)NC4=CC(=C(C=C4)NC(=O)C5=CC6=CC=CC=C6C(=C5O)N=NC7=C(C=C(C=C7)Cl)[N+](=O)[O-])Cl,O=C(Nc1ccc(NC(=O)c2cc3ccccc3c(N=Nc3ccc(Cl)cc3[N+](=O)[O-])c2O)c(Cl)c1)c1cc2ccccc2c(N=Nc2ccc(Cl)cc2[N+](=O)[O-])c1O,O=C(Nc1ccc(NC(=O)c2cc3ccccc3c(N=Nc3ccc(Cl)cc3[N+](=O)[O-])c2O)c(Cl)c1)c1cc2ccccc2c(N=Nc2ccc(Cl)cc2[N+](=O)[O-])c1O,850.031,850.031,0.0,['none']
True,False,[],False,1,False,True,C1=CC=C2C(=C1)C3=CC=CC=C3[P+](=O)O2,O=[p+]1oc2ccccc2c2ccccc21,O=[p+]1oc2ccccc2c2ccccc21,215.16799999999995,215.16799999999995,0.0,['none']
True,False,[],False,1,False,True,CCCCCCCCCCCCOC(=O)CCCCCCCC=CCCCCCCCC,CCCCCCCCC=CCCCCCCCC(=O)OCCCCCCCCCCCC,CCCCCCCCC=CCCCCCCCC(=O)OCCCCCCCCCCCC,450.7920000000004,450.7920000000004,0.0,['none']
True,False,[],False,1,False,True,CC(C(C(C(C=O)O)O)O)O,CC(O)C(O)C(O)C(O)C=O,CC(O)C(O)C(O)C(O)C=O,164.157,164.157,0.0,['none']
True,True,['Na'],True,2,True,True,CCCCCCCCC=CCCCCCCCC(=O)N(C)CC(=O)[O-].[Na+],CCCCCCCCC=CCCCCCCCC(=O)N(C)CC(=O)[O-],CCCCCCCCC=CCCCCCCCC(=O)N(C)CC(=O)O,375.52900000000005,353.547,-21.982000000000028,"['salt_stripped', 'metal:Na', 'fragment_removed', 'charge_normalized']"
True,False,[],False,1,False,True,CCOC(=C)C1C(CC(=O)CC1(C)C)(C)C,C=C(OCC)C1C(C)(C)CC(=O)CC1(C)C,C=C(OCC)C1C(C)(C)CC(=O)CC1(C)C,224.34399999999997,224.34399999999997,0.0,['none']
True,True,['Sn'],False,1,False,True,CCCCCCCCCCCC(=O)O[Sn](CCCCCCCC)(CCCCCCCC)OC(=O)CCCCCCCCCCC,CCCCCCC[CH2][Sn+2][CH2]CCCCCCC,CCCCCCC[CH2][Sn+2][CH2]CCCCCCC,743.7869999999997,345.15900000000016,-398.62799999999953,"['metal:Sn', 'fragment_removed']"
True,False,[],False,1,False,True,CC1=C(C(=O)N(N1)C)C(=O)C2=C(C=C(C=C2)C(F)(F)F)S(=O)(=O)C,Cc1[nH]n(C)c(=O)c1C(=O)c1ccc(C(F)(F)F)cc1S(C)(=O)=O,Cc1[nH]n(C)c(=O)c1C(=O)c1ccc(C(F)(F)F)cc1S(C)(=O)=O,362.32900000000006,362.32900000000006,0.0,['none']
True,False,[],False,1,False,True,CC1C(C2=C(C1(C)C)C3C(CC2)COCO3)(C)C,CC1C(C)(C)C2=C(C3OCOCC3CC2)C1(C)C,CC1C(C)(C)C2=C(C3OCOCC3CC2)C1(C)C,250.38199999999992,250.38199999999992,0.0,['none']
True,False,[],False,1,False,True,CCCCCCCCCCCCCCCCO,CCCCCCCCCCCCCCCCO,CCCCCCCCCCCCCCCCO,242.44699999999992,242.44699999999992,0.0,['none']
True,False,[],True,3,False,True,C[N+](C)(C)CC(CC(=O)O)O.C[N+](C)(C)CC(CC(=O)O)O.C(C(C(=O)[O-])O)(C(=O)[O-])O,C[N+](C)(C)CC(O)CC(=O)O,C[N+](C)(C)CC(O)CC(=O)O,472.4880000000002,162.209,-310.2790000000002,"['salt_stripped', 'fragment_removed']"
True,False,[],False,1,False,True,CCC=CCCOC(=O)C,CCC=CCCOC(C)=O,CCC=CCCOC(C)=O,142.198,142.198,0.0,['none']
True,False,[],False,1,False,True,CCCCCCCCC=CCCCCCCCCOC(=O)CCCCCCCC=CCCCCCCCC,CCCCCCCCC=CCCCCCCCCOC(=O)CCCCCCCC=CCCCCCCCC,CCCCCCCCC=CCCCCCCCCOC(=O)CCCCCCCC=CCCCCCCCC,532.9380000000004,532.9380000000004,0.0,['none']
True,False,[],False,1,False,True,CCCCCCCCCC1=CC(=CC=C1)NC2=CC=CC(=C2)CCCCCCCCC,CCCCCCCCCc1cccc(Nc2cccc(CCCCCCCCC)c2)c1,CCCCCCCCCc1cccc(Nc2cccc(CCCCCCCCC)c2)c1,421.7130000000004,421.7130000000004,0.0,['none']
True,False,[],False,1,False,True,C1CN(C(=O)N1)CCO,O=C1NCCN1CCO,O=C1NCCN1CCO,130.147,130.147,0.0,['none']
True,False,[],True,2,False,True,CCN1C=C[N+](=C1)C.C(=[N-])=NC#N,CCn1cc[n+](C)c1,CCn1cc[n+](C)c1,177.21099999999998,111.16799999999999,-66.04299999999999,"['salt_stripped', 'fragment_removed']"
True,False,[],False,1,False,True,CCCCCCC1C(CCC1=O)C(=O)OC,CCCCCCC1C(=O)CCC1C(=O)OC,CCCCCCC1C(=O)CCC1C(=O)OC,226.31599999999995,226.31599999999995,0.0,['none']
True,True,['Na'],True,7,True,True,CC(CN(CC(C)O)C1=NC(=NC(=N1)NC2=C(C=CC(=C2)S(=O)(=O)[O-])S(=O)(=O)[O-])NC3=CC(=C(C=C3)C=CC4=C(C=C(C=C4)NC5=NC(=NC(=N5)N(CC(C)O)CC(C)O)NC6=C(C=CC(=C6)S(=O)(=O)[O-])S(=O)(=O)[O-])S(=O)(=O)[O-])S(=O)(=O)[O-])O.[Na+].[Na+].[Na+].[Na+].[Na+].[Na+],CC(O)CN(CC(C)O)c1nc(Nc2ccc(C=Cc3ccc(Nc4nc(Nc5cc(S(=O)(=O)[O-])ccc5S(=O)(=O)[O-])nc(N(CC(C)O)CC(C)O)n4)cc3S(=O)(=O)[O-])c(S(=O)(=O)[O-])c2)nc(Nc2cc(S(=O)(=O)[O-])ccc2S(=O)(=O)[O-])n1,CC(O)CN(CC(C)O)c1nc(Nc2ccc(C=Cc3ccc(Nc4nc(Nc5cc(S(=O)(=O)O)ccc5S(=O)(=O)O)nc(N(CC(C)O)CC(C)O)n4)cc3S(=O)(=O)O)c(S(=O)(=O)O)c2)nc(Nc2cc(S(=O)(=O)O)ccc2S(=O)(=O)O)n1,1425.256,1293.364,-131.89200000000005,"['salt_stripped', 'metal:Na', 'fragment_removed', 'charge_normalized']"
True,False,[],False,1,False,True,C1=CC=C2C(=C1)C(=O)N(C2=O)CCOC(=O)COC(=O)CCNC3=C(C=C(C=C3)N=NC4=CC=C(C=C4)[N+](=O)[O-])Cl,O=C(CCNc1ccc(N=Nc2ccc([N+](=O)[O-])cc2)cc1Cl)OCC(=O)OCCN1C(=O)c2ccccc2C1=O,O=C(CCNc1ccc(N=Nc2ccc([N+](=O)[O-])cc2)cc1Cl)OCC(=O)OCCN1C(=O)c2ccccc2C1=O,579.9530000000002,579.9530000000002,0.0,['none']
True,True,['Na'],True,4,True,True,C=CS(=O)(=O)C1=CC=C(C=C1)N=NC2=C(C=C3C=C(C(=C(C3=C2N)O)N=NC4=C(C=C(C=C4)S(=O)(=O)C=C)S(=O)(=O)[O-])S(=O)(=O)[O-])S(=O)(=O)[O-].[Na+].[Na+].[Na+],C=CS(=O)(=O)c1ccc(N=Nc2c(S(=O)(=O)[O-])cc3cc(S(=O)(=O)[O-])c(N=Nc4ccc(S(=O)(=O)C=C)cc4S(=O)(=O)[O-])c(O)c3c2N)cc1,C=CS(=O)(=O)c1ccc(N=Nc2c(S(=O)(=O)O)cc3cc(S(=O)(=O)O)c(N=Nc4ccc(S(=O)(=O)C=C)cc4S(=O)(=O)O)c(O)c3c2N)cc1,853.7560000000004,787.8100000000005,-65.94599999999991,"['salt_stripped', 'metal:Na', 'fragment_removed', 'charge_normalized']"
True,False,[],False,1,False,True,CC(=O)CC(C)(C)OO,CC(=O)CC(C)(C)OO,CC(=O)CC(C)(C)OO,132.159,132.159,0.0,['none']
True,False,[],False,1,False,True,CC(CO)OCC(C)OCC(C)OCCN(CCOCC(C)OCC(C)OCC(C)O)CCOCC(C)OCC(C)OCC(C)O,CC(O)COC(C)COC(C)COCCN(CCOCC(C)OCC(C)OCC(C)O)CCOC(C)COC(C)COC(C)CO,CC(O)COC(C)COC(C)COCCN(CCOCC(C)OCC(C)OCC(C)O)CCOC(C)COC(C)COC(C)CO,671.9100000000003,671.9100000000003,0.0,['none']
True,True,['Na'],True,4,False,True,CC(C)CCCCCCCO.C(C(C(=O)O)S(=O)(=O)O)C(=O)O.[Na+].[Na+],CC(C)CCCCCCCO,CC(C)CCCCCCCO,402.4170000000001,158.285,-244.1320000000001,"['salt_stripped', 'metal:Na', 'fragment_removed']"
True,True,['Ni'],True,3,True,True,CC(=O)[O-].CC(=O)[O-].[Ni+2],CC(=O)[O-],CC(=O)O,176.781,60.05200000000001,-116.729,"['salt_stripped', 'metal:Ni', 'fragment_removed', 'charge_normalized']"
True,False,[],True,3,False,True,B(F)(F)F.CC(=O)O.CC(=O)O,CC(=O)O,CC(=O)O,187.91,60.05200000000001,-127.85799999999999,"['salt_stripped', 'fragment_removed']"
True,False,[],True,2,False,True,CCCCCCCCC=CCCCCCCCCO.OP(=O)(O)O,CCCCCCCCC=CCCCCCCCCO,CCCCCCCCC=CCCCCCCCCO,366.4789999999999,268.4849999999999,-97.99400000000003,"['salt_stripped', 'fragment_removed']"
True,False,[],False,1,False,True,CC1(CCCC2(C1CCC3(C2CCO3)C)C)C,CC1(C)CCCC2(C)C1CCC1(C)OCCC12,CC1(C)CCCC2(C)C1CCC1(C)OCCC12,236.39899999999997,236.39899999999997,0.0,['none']
True,False,[],False,1,False,True,C1(=C(C(=C(C(=C1I)N)I)C(=O)Cl)I)C(=O)Cl,Nc1c(I)c(C(=O)Cl)c(I)c(C(=O)Cl)c1I,Nc1c(I)c(C(=O)Cl)c(I)c(C(=O)Cl)c1I,595.727,595.727,0.0,['none']
True,False,[],False,1,False,True,COC(=O)C1CCCO1,COC(=O)C1CCCO1,COC(=O)C1CCCO1,130.143,130.143,0.0,['none']
True,False,[],False,1,False,True,CC(=C)C1=CC(=CC=C1)C(=C)C,C=C(C)c1cccc(C(=C)C)c1,C=C(C)c1cccc(C(=C)C)c1,158.24399999999994,158.24399999999994,0.0,['none']
True,False,[],False,1,False,True,C1=CC2=C(C=CC(=C2[O-])[N+]#N)C(=C1)S(=O)(=O)Cl,N#[N+]c1ccc2c(S(=O)(=O)Cl)cccc2c1[O-],N#[N+]c1ccc2c(S(=O)(=O)Cl)cccc2c1[O-],268.681,268.681,0.0,['none']
True,False,[],False,1,False,True,CC(=O)OCC(=C)COC(=O)C,C=C(COC(C)=O)COC(C)=O,C=C(COC(C)=O)COC(C)=O,172.18,172.18,0.0,['none']
True,False,[],False,1,False,True,CC(=C)C(=O)OCCNC(C)(C)C,C=C(C)C(=O)OCCNC(C)(C)C,C=C(C)C(=O)OCCNC(C)(C)C,185.267,185.267,0.0,['none']
True,False,[],False,1,False,True,CCCCCCCCCCCC(=O)OCC(C)C,CCCCCCCCCCCC(=O)OCC(C)C,CCCCCCCCCCCC(=O)OCC(C)C,256.42999999999995,256.42999999999995,0.0,['none']
True,False,[],False,1,False,True,CCCCCCCCC(CCCCCC)C(=O)OCC(=O)NC1=CC=C(C=C1)C2=NN3C(=N2)C(=C(N3)C(C)(C)C)Cl,CCCCCCCCC(CCCCCC)C(=O)OCC(=O)Nc1ccc(-c2nc3c(Cl)c(C(C)(C)C)[nH]n3n2)cc1,CCCCCCCCC(CCCCCC)C(=O)OCC(=O)Nc1ccc(-c2nc3c(Cl)c(C(C)(C)C)[nH]n3n2)cc1,586.2210000000001,586.2210000000001,0.0,['none']
True,False,[],False,1,False,True,CCC(CC)CC1(CCCCC1)C(=O)O,CCC(CC)CC1(C(=O)O)CCCCC1,CCC(CC)CC1(C(=O)O)CCCCC1,212.33299999999997,212.33299999999997,0.0,['none']
True,False,[],False,1,False,True,CN(C)CCCN(C)CCCN(C)C,CN(C)CCCN(C)CCCN(C)C,CN(C)CCCN(C)CCCN(C)C,201.35799999999998,201.35799999999998,0.0,['none']
True,False,[],False,1,False,True,CC1=CC=C(C=C1)N(CC(C)O)CC(C)O,Cc1ccc(N(CC(C)O)CC(C)O)cc1,Cc1ccc(N(CC(C)O)CC(C)O)cc1,223.316,223.316,0.0,['none']
True,False,[],False,1,False,True,CC(C1=CC=CC=C1)C2=CC=CC=C2,CC(c1ccccc1)c1ccccc1,CC(c1ccccc1)c1ccccc1,182.266,182.266,0.0,['none']
True,True,['Li'],True,3,True,True,[Li+].[Li+].C(CCCC(=O)[O-])CCCC(=O)[O-],O=C([O-])CCCCCCCC(=O)[O-],O=C(O)CCCCCCCC(=O)O,200.08899999999994,188.22299999999996,-11.865999999999985,"['salt_stripped', 'metal:Li', 'fragment_removed', 'charge_normalized']"
True,False,[],False,1,False,True,CCOC(C)OC1CCCCCCCCCCC1,CCOC(C)OC1CCCCCCCCCCC1,CCOC(C)OC1CCCCCCCCCCC1,256.4299999999999,256.4299999999999,0.0,['none']
True,False,[],False,1,False,True,C1=CC=C2C(=C1)C=C(C(=C2N=NC3=C(C=CC(=C3)Cl)Cl)O)C(=O)NC4=CC=C(C=C4)NC(=O)C5=CC6=CC=CC=C6C(=C5O)N=NC7=C(C=CC(=C7)Cl)Cl,O=C(Nc1ccc(NC(=O)c2cc3ccccc3c(N=Nc3cc(Cl)ccc3Cl)c2O)cc1)c1cc2ccccc2c(N=Nc2cc(Cl)ccc2Cl)c1O,O=C(Nc1ccc(NC(=O)c2cc3ccccc3c(N=Nc3cc(Cl)ccc3Cl)c2O)cc1)c1cc2ccccc2c(N=Nc2cc(Cl)ccc2Cl)c1O,794.4819999999999,794.4819999999999,0.0,['none']
True,True,['Na'],True,2,False,True,CCO[P+](=O)[O-].[Na+],CCO[P+](=O)[O-],CCO[P+](=O)[O-],131.023,108.03299999999999,-22.99000000000001,"['salt_stripped', 'metal:Na', 'fragment_removed']"
True,False,[],False,1,False,True,C1=CC=[N+](C=C1)CC(CS(=O)(=O)[O-])O,O=S(=O)([O-])CC(O)C[n+]1ccccc1,O=S(=O)([O-])CC(O)C[n+]1ccccc1,217.24599999999995,217.24599999999995,0.0,['none']
True,False,[],False,1,False,True,CCC=CCCCCCCCC(=O)OC,CCC=CCCCCCCCC(=O)OC,CCC=CCCCCCCCC(=O)OC,212.33299999999997,212.33299999999997,0.0,['none']
True,False,[],False,1,False,True,CN1C(C(N(C1=O)C)O)O,CN1C(=O)N(C)C(O)C1O,CN1C(=O)N(C)C(O)C1O,146.14600000000002,146.14600000000002,0.0,['none']
True,True,['Al'],True,4,True,True,[OH-].[O-]S(=O)(=O)[O-].[Al].[Cl-],O=S(=O)([O-])[O-],O=S(=O)(O)O,175.505,98.07899999999998,-77.42600000000002,"['salt_stripped', 'metal:Al', 'fragment_removed', 'charge_normalized']"
True,True,"['Mg', 'K', 'Z22']",True,13,True,True,[OH-].[OH-].[OH-].[OH-].[O-][Ti](=O)[O-].[Mg+2].[Mg+2].[Mg+2].[K+].[K+].[K+].[K+].[Ti],[OH-],O,441.0660000000001,18.015,-423.0510000000001,"['salt_stripped', 'metal:Mg,K,Z22', 'fragment_removed', 'charge_normalized']"
True,True,"['K', 'Li', 'Z22']",True,6,False,True,[Li+].[O-2].[O-2].[O-2].[K+].[Ti+4],[Ti+4],[Ti+4],141.903,47.867,-94.036,"['salt_stripped', 'metal:K,Li,Z22', 'fragment_removed']"
True,True,['K'],True,3,True,True,CCCCCCCCCCCCOP(=O)([O-])[O-].[K+].[K+],CCCCCCCCCCCCOP(=O)([O-])[O-],CCCCCCCCCCCCOP(=O)(O)O,342.498,266.3179999999999,-76.18000000000006,"['salt_stripped', 'metal:K', 'fragment_removed', 'charge_normalized']"
True,False,[],False,1,False,True,C1CNCCC1(C2=CC=C(C=C2)Cl)O,OC1(c2ccc(Cl)cc2)CCNCC1,OC1(c2ccc(Cl)cc2)CCNCC1,211.692,211.692,0.0,['none']
True,False,[],False,1,False,True,CC12CCC3C(C1CCC2=O)CCC4=C3CCC(=O)C4,CC12CCC3C4=C(CCC3C1CCC2=O)CC(=O)CC4,CC12CCC3C4=C(CCC3C1CCC2=O)CC(=O)CC4,272.388,272.388,0.0,['none']
True,False,[],False,1,False,True,C1=CC(=C(C=C1O)F)N,Nc1ccc(O)cc1F,Nc1ccc(O)cc1F,127.118,127.118,0.0,['none']
True,False,[],False,1,False,True,C(C(C(=O)CO)O)O,O=C(CO)C(O)CO,O=C(CO)C(O)CO,120.10399999999997,120.10399999999997,0.0,['none']
True,False,[],False,1,False,True,CCOC(=O)OCCOC1=C(C2=C(C(=C1)O)C(=O)C3=CC=CC=C3C2=O)N,CCOC(=O)OCCOc1cc(O)c2c(c1N)C(=O)c1ccccc1C2=O,CCOC(=O)OCCOc1cc(O)c2c(c1N)C(=O)c1ccccc1C2=O,371.3450000000001,371.3450000000001,0.0,['none']
True,False,[],False,1,False,True,C(C(F)(F)F)OC(C(F)F)(F)F,FC(F)C(F)(F)OCC(F)(F)F,FC(F)C(F)(F)OCC(F)(F)F,200.05299999999997,200.05299999999997,0.0,['none']
True,False,[],False,1,False,True,C1=CC=C2C(=C1)C=C(C(=C2N=NC3=C(C=CC(=C3)Cl)Cl)O)C(=O)NC4=CC(=C(C=C4Cl)NC(=O)C5=CC6=CC=CC=C6C(=C5O)N=NC7=C(C=CC(=C7)Cl)Cl)Cl,O=C(Nc1cc(Cl)c(NC(=O)c2cc3ccccc3c(N=Nc3cc(Cl)ccc3Cl)c2O)cc1Cl)c1cc2ccccc2c(N=Nc2cc(Cl)ccc2Cl)c1O,O=C(Nc1cc(Cl)c(NC(=O)c2cc3ccccc3c(N=Nc3cc(Cl)ccc3Cl)c2O)cc1Cl)c1cc2ccccc2c(N=Nc2cc(Cl)ccc2Cl)c1O,863.3719999999998,863.3719999999998,0.0,['none']
True,False,[],False,1,False,True,CC1=CC(=C(C(=C1)C2CCCCC2)O)CC3=C(C(=CC(=C3)C)C4CCCCC4)O,Cc1cc(Cc2cc(C)cc(C3CCCCC3)c2O)c(O)c(C2CCCCC2)c1,Cc1cc(Cc2cc(C)cc(C3CCCCC3)c2O)c(O)c(C2CCCCC2)c1,392.5830000000002,392.5830000000002,0.0,['none']
True,False,[],False,1,False,True,CC(=O)NC1CC(NC(C1)(C)C)(C)C,CC(=O)NC1CC(C)(C)NC(C)(C)C1,CC(=O)NC1CC(C)(C)NC(C)(C)C1,198.30999999999997,198.30999999999997,0.0,['none']
True,False,[],False,1,False,True,CC1=C(C(=O)N2C=CC=CC2=N1)CCCl,Cc1nc2ccccn2c(=O)c1CCCl,Cc1nc2ccccn2c(=O)c1CCCl,222.67499999999995,222.67499999999995,0.0,['none']
True,True,['Na'],True,7,True,True,CCN(CC)C1=NC(=NC(=N1)NC2=C(C=CC(=C2)S(=O)(=O)[O-])S(=O)(=O)[O-])NC3=CC(=C(C=C3)C=CC4=C(C=C(C=C4)NC5=NC(=NC(=N5)N(CC)CC)NC6=C(C=CC(=C6)S(=O)(=O)[O-])S(=O)(=O)[O-])S(=O)(=O)[O-])S(=O)(=O)[O-].[Na+].[Na+].[Na+].[Na+].[Na+].[Na+],CCN(CC)c1nc(Nc2ccc(C=Cc3ccc(Nc4nc(Nc5cc(S(=O)(=O)[O-])ccc5S(=O)(=O)[O-])nc(N(CC)CC)n4)cc3S(=O)(=O)[O-])c(S(=O)(=O)[O-])c2)nc(Nc2cc(S(=O)(=O)[O-])ccc2S(=O)(=O)[O-])n1,CCN(CC)c1nc(Nc2ccc(C=Cc3ccc(Nc4nc(Nc5cc(S(=O)(=O)O)ccc5S(=O)(=O)O)nc(N(CC)CC)n4)cc3S(=O)(=O)O)c(S(=O)(=O)O)c2)nc(Nc2cc(S(=O)(=O)O)ccc2S(=O)(=O)O)n1,1305.1519999999998,1173.26,-131.89199999999983,"['salt_stripped', 'metal:Na', 'fragment_removed', 'charge_normalized']"
True,False,[],False,1,False,True,CCCSP(=O)(OCC)OC1=C(C=C(C=C1)Br)Cl,CCCSP(=O)(OCC)Oc1ccc(Br)cc1Cl,CCCSP(=O)(OCC)Oc1ccc(Br)cc1Cl,373.63599999999997,373.63599999999997,0.0,['none']
True,False,[],True,2,False,True,CC(=O)[O-].CN(C)C1=CC=C(C=C1)C(=C2C=CC(=[N+](C)C)C=C2)C3=CC=CC=C3,CN(C)c1ccc(C(=C2C=CC(=[N+](C)C)C=C2)c2ccccc2)cc1,CN(C)c1ccc(C(=C2C=CC(=[N+](C)C)C=C2)c2ccccc2)cc1,388.51100000000014,329.467,-59.04400000000015,"['salt_stripped', 'fragment_removed']"
True,False,[],False,1,False,True,CCCCCCCCC(=O)OCC(C)OC(=O)CCCCCCCC,CCCCCCCCC(=O)OCC(C)OC(=O)CCCCCCCC,CCCCCCCCC(=O)OCC(C)OC(=O)CCCCCCCC,356.54700000000025,356.54700000000025,0.0,['none']
True,False,[],False,1,False,True,CCOC(=O)C1=CC(=NC=C1)C(=O)OCC,CCOC(=O)c1ccnc(C(=O)OCC)c1,CCOC(=O)c1ccnc(C(=O)OCC)c1,223.22799999999998,223.22799999999998,0.0,['none']
True,False,[],False,1,False,True,CC(C)CCCCCCCCCCCCCCCOC(=O)CCCCCCCCCCCCCCC(C)C,CC(C)CCCCCCCCCCCCCCCOC(=O)CCCCCCCCCCCCCCC(C)C,CC(C)CCCCCCCCCCCCCCCOC(=O)CCCCCCCCCCCCCCC(C)C,536.9700000000005,536.9700000000005,0.0,['none']
True,False,[],False,1,False,True,CC(CCCC(C)(C)OC)C(C)O,COC(C)(C)CCCC(C)C(C)O,COC(C)(C)CCCC(C)C(C)O,188.311,188.311,0.0,['none']
True,True,['Na'],True,3,True,True,C1=CC=C(C=C1)NC2=NC(=NC(=N2)N(CCO)CCO)NC3=CC(=C(C=C3)C=CC4=C(C=C(C=C4)NC5=NC(=NC(=N5)NC6=CC=CC=C6)N(CCO)CCO)S(=O)(=O)[O-])S(=O)(=O)[O-].[Na+].[Na+],O=S(=O)([O-])c1cc(Nc2nc(Nc3ccccc3)nc(N(CCO)CCO)n2)ccc1C=Cc1ccc(Nc2nc(Nc3ccccc3)nc(N(CCO)CCO)n2)cc1S(=O)(=O)[O-],O=S(=O)(O)c1cc(Nc2nc(Nc3ccccc3)nc(N(CCO)CCO)n2)ccc1C=Cc1ccc(Nc2nc(Nc3ccccc3)nc(N(CCO)CCO)n2)cc1S(=O)(=O)O,960.9639999999999,917.0,-43.96399999999994,"['salt_stripped', 'metal:Na', 'fragment_removed', 'charge_normalized']"
True,False,[],False,1,False,True,CCC(=CCCC(C)CCO)C,CCC(C)=CCCC(C)CCO,CCC(C)=CCCC(C)CCO,170.296,170.296,0.0,['none']
True,False,[],True,2,False,True,B(F)(F)F.CC#N,CC#N,CC#N,108.85900000000001,41.053,-67.80600000000001,"['salt_stripped', 'fragment_removed']"
True,False,[],False,1,False,True,CC(F)(F)F,CC(F)(F)F,CC(F)(F)F,84.04,84.04,0.0,['none']
True,False,[],False,1,False,True,CC(=C)C(=O)OCCN1CCOC12CCCCC2,C=C(C)C(=O)OCCN1CCOC12CCCCC2,C=C(C)C(=O)OCCN1CCOC12CCCCC2,253.3419999999999,253.3419999999999,0.0,['none']
True,False,[],False,1,False,True,CCCCCCCCCCCCCCCC(=O)OCCO,CCCCCCCCCCCCCCCC(=O)OCCO,CCCCCCCCCCCCCCCC(=O)OCCO,300.483,300.483,0.0,['none']
True,False,[],False,1,False,True,CC1=CCC(C=C1)C(C)C,CC1=CCC(C(C)C)C=C1,CC1=CCC(C(C)C)C=C1,136.23799999999997,136.23799999999997,0.0,['none']
True,False,[],True,2,False,True,CC(O)(P(=O)(O)O)P(=O)(O)O.C(CO)N,CC(O)(P(=O)(O)O)P(=O)(O)O,CC(O)(P(=O)(O)O)P(=O)(O)O,267.111,206.027,-61.084,"['salt_stripped', 'fragment_removed']"
True,False,[],False,1,False,True,CCCCCCCCC=CCCCCCCCC(=O)OCC(C)(C)COC(=O)CCCCCCCC=CCCCCCCCC,CCCCCCCCC=CCCCCCCCC(=O)OCC(C)(C)COC(=O)CCCCCCCC=CCCCCCCCC,CCCCCCCCC=CCCCCCCCC(=O)OCC(C)(C)COC(=O)CCCCCCCC=CCCCCCCCC,633.055,633.055,0.0,['none']
True,True,['Na'],True,5,True,True,CCN(CC)C1=NC(=NC(=N1)NC2=CC(=C(C=C2)C=CC3=C(C=C(C=C3)NC4=NC(=NC(=N4)NC5=CC=C(C=C5)S(=O)(=O)[O-])N(CC)CC)S(=O)(=O)[O-])S(=O)(=O)[O-])NC6=CC=C(C=C6)S(=O)(=O)[O-].[Na+].[Na+].[Na+].[Na+],CCN(CC)c1nc(Nc2ccc(S(=O)(=O)[O-])cc2)nc(Nc2ccc(C=Cc3ccc(Nc4nc(Nc5ccc(S(=O)(=O)[O-])cc5)nc(N(CC)CC)n4)cc3S(=O)(=O)[O-])c(S(=O)(=O)[O-])c2)n1,CCN(CC)c1nc(Nc2ccc(S(=O)(=O)O)cc2)nc(Nc2ccc(C=Cc3ccc(Nc4nc(Nc5ccc(S(=O)(=O)O)cc5)nc(N(CC)CC)n4)cc3S(=O)(=O)O)c(S(=O)(=O)O)c2)n1,1101.0600000000002,1013.1320000000004,-87.92799999999977,"['salt_stripped', 'metal:Na', 'fragment_removed', 'charge_normalized']"
True,False,[],False,1,False,True,CCCCCCCCCCC(CCCCCCCC)COC1C(C(C(CO1)O)O)O,CCCCCCCCCCC(CCCCCCCC)COC1OCC(O)C(O)C1O,CCCCCCCCCCC(CCCCCCCC)COC1OCC(O)C(O)C1O,430.6700000000001,430.6700000000001,0.0,['none']
True,False,[],False,1,False,True,CN=C(N)N[N+](=O)[O-],CN=C(N)N[N+](=O)[O-],CN=C(N)N[N+](=O)[O-],118.09599999999999,118.09599999999999,0.0,['none']
True,False,[],False,1,False,True,CCCCCC=CCC1CC(=O)OC1=O,CCCCCC=CCC1CC(=O)OC1=O,CCCCCC=CCC1CC(=O)OC1=O,210.27299999999994,210.27299999999994,0.0,['none']
True,False,[],False,1,False,True,C=CC(=O)OCC1CCC2C1C3CC(C2C3)COC(=O)C=C,C=CC(=O)OCC1CC2CC1C1CCC(COC(=O)C=C)C21,C=CC(=O)OCC1CC2CC1C1CCC(COC(=O)C=C)C21,304.3860000000001,304.3860000000001,0.0,['none']
True,False,[],False,1,False,True,CC1(CC(CC(N1)(C)C)NC(=O)C2=CC(=CC=C2)C(=O)NC3CC(NC(C3)(C)C)(C)C)C,CC1(C)CC(NC(=O)c2cccc(C(=O)NC3CC(C)(C)NC(C)(C)C3)c2)CC(C)(C)N1,CC1(C)CC(NC(=O)c2cccc(C(=O)NC3CC(C)(C)NC(C)(C)C3)c2)CC(C)(C)N1,442.6480000000003,442.6480000000003,0.0,['none']
True,False,[],False,1,False,True,C1=CC=C(C=C1)C2=CC=C(C=C2)C(=O)C3=CC=CC=C3C(=O)O,O=C(O)c1ccccc1C(=O)c1ccc(-c2ccccc2)cc1,O=C(O)c1ccccc1C(=O)c1ccc(-c2ccccc2)cc1,302.32900000000006,302.32900000000006,0.0,['none']
True,False,[],False,1,False,True,CC(=C)C(=O)OCC1CCC2C1C3CC(C2C3)COC(=O)C(=C)C,C=C(C)C(=O)OCC1CC2CC1C1CCC(COC(=O)C(=C)C)C21,C=C(C)C(=O)OCC1CC2CC1C1CCC(COC(=O)C(=C)C)C21,332.4400000000001,332.4400000000001,0.0,['none']
True,False,[],False,1,False,True,CCCCCCCCCC1=CC(=C(C(=C1)C(C)(C)C)O)C(C)(C)C,CCCCCCCCCc1cc(C(C)(C)C)c(O)c(C(C)(C)C)c1,CCCCCCCCCc1cc(C(C)(C)C)c(O)c(C(C)(C)C)c1,332.57200000000006,332.57200000000006,0.0,['none']
True,True,['Na'],True,2,True,True,CCCCCCCCCCCC(=O)N(C)CCS(=O)(=O)[O-].[Na+],CCCCCCCCCCCC(=O)N(C)CCS(=O)(=O)[O-],CCCCCCCCCCCC(=O)N(C)CCS(=O)(=O)O,343.46500000000003,321.483,-21.982000000000028,"['salt_stripped', 'metal:Na', 'fragment_removed', 'charge_normalized']"
True,False,[],False,1,False,True,CC1=CN2C3C(C(C(O3)CO)O)OC2=NC1=O,Cc1cn2c(nc1=O)OC1C(O)C(CO)OC12,Cc1cn2c(nc1=O)OC1C(O)C(CO)OC12,240.21499999999995,240.21499999999995,0.0,['none']
True,False,[],False,1,False,True,C1=CC2=C(C=C3C4=C2C(=C1)C(=O)C5=CC(=C6C=CC=C(C6=C54)C3=O)Br)Br,O=c1c2cc(Br)c3cccc4c(=O)c5cc(Br)c6cccc1c6c5-c2c34,O=c1c2cc(Br)c3cccc4c(=O)c5cc(Br)c6cccc1c6c5-c2c34,464.112,464.112,0.0,['none']
True,False,[],False,1,False,True,C1=CC=C(C=C1)NC2=NC(=NC(=N2)N(CCO)CCO)NC3=CC(=C(C=C3)C=CC4=C(C=C(C=C4)NC5=NC(=NC(=N5)NC6=CC=CC=C6)N(CCO)CCO)S(=O)(=O)O)S(=O)(=O)O,O=S(=O)(O)c1cc(Nc2nc(Nc3ccccc3)nc(N(CCO)CCO)n2)ccc1C=Cc1ccc(Nc2nc(Nc3ccccc3)nc(N(CCO)CCO)n2)cc1S(=O)(=O)O,O=S(=O)(O)c1cc(Nc2nc(Nc3ccccc3)nc(N(CCO)CCO)n2)ccc1C=Cc1ccc(Nc2nc(Nc3ccccc3)nc(N(CCO)CCO)n2)cc1S(=O)(=O)O,917.0,917.0,0.0,['none']
True,False,[],False,1,False,True,CC(C)CC(C)(C#N)N=NC(C)(CC(C)C)C#N,CC(C)CC(C)(C#N)N=NC(C)(C#N)CC(C)C,CC(C)CC(C)(C#N)N=NC(C)(C#N)CC(C)C,248.37399999999997,248.37399999999997,0.0,['none']
True,False,[],False,1,False,True,C1CCC2C(C1)CCC(=O)O2,O=C1CCC2CCCCC2O1,O=C1CCC2CCCCC2O1,154.209,154.209,0.0,['none']
True,False,[],False,1,False,True,C1COCCN1CCS(=O)(=O)O,O=S(=O)(O)CCN1CCOCC1,O=S(=O)(O)CCN1CCOCC1,195.24,195.24,0.0,['none']
True,False,[],False,1,False,True,CC(CCOC(=O)C)OC,COC(C)CCOC(C)=O,COC(C)CCOC(C)=O,146.18599999999998,146.18599999999998,0.0,['none']
True,False,[],False,1,False,True,CCOC(=O)CN(CC(=O)OCC)C(=O)OC1=C(C(=C2N1NC(=N2)C3=CC=C(C=C3)C(C)(C)C)C(=O)OC4C(CC(CC4C(C)(C)C)C)C(C)(C)C)C#N,CCOC(=O)CN(CC(=O)OCC)C(=O)Oc1c(C#N)c(C(=O)OC2C(C(C)(C)C)CC(C)CC2C(C)(C)C)c2nc(-c3ccc(C(C)(C)C)cc3)[nH]n12,CCOC(=O)CN(CC(=O)OCC)C(=O)Oc1c(C#N)c(C(=O)OC2C(C(C)(C)C)CC(C)CC2C(C)(C)C)c2nc(-c3ccc(C(C)(C)C)cc3)[nH]n12,747.9339999999997,747.9339999999997,0.0,['none']
True,False,[],False,1,False,True,CCCCC(C)(CCC)C(=O)OCC(COC(=O)C=C)O,C=CC(=O)OCC(O)COC(=O)C(C)(CCC)CCCC,C=CC(=O)OCC(O)COC(=O)C(C)(CCC)CCCC,300.39500000000004,300.39500000000004,0.0,['none']
True,False,[],False,1,False,True,CCCCC(CC)COC(=O)C(=CC1=CC(=C(C(=C1)OC)O)OC)C(=O)OCC(CC)CCCC,CCCCC(CC)COC(=O)C(=Cc1cc(OC)c(O)c(OC)c1)C(=O)OCC(CC)CCCC,CCCCC(CC)COC(=O)C(=Cc1cc(OC)c(O)c(OC)c1)C(=O)OCC(CC)CCCC,492.6530000000004,492.6530000000004,0.0,['none']
True,True,['Ni'],True,3,True,True,CCCCC(CC)C(=O)[O-].CCCCC(CC)C(=O)[O-].[Ni+2],CCCCC(CC)C(=O)[O-],CCCCC(CC)C(=O)O,345.10499999999996,144.214,-200.89099999999996,"['salt_stripped', 'metal:Ni', 'fragment_removed', 'charge_normalized']"
True,False,[],False,1,False,True,CC(CCO)CCO,CC(CCO)CCO,CC(CCO)CCO,118.17599999999999,118.17599999999999,0.0,['none']
True,True,['Li'],True,2,True,True,[Li+].CCCCCCCCCCCCCCCCCC(=O)[O-],CCCCCCCCCCCCCCCCCC(=O)[O-],CCCCCCCCCCCCCCCCCC(=O)O,290.417,284.4839999999999,-5.93300000000005,"['salt_stripped', 'metal:Li', 'fragment_removed', 'charge_normalized']"
True,True,['Li'],True,2,True,True,[Li+].CCCCCCCCCCCCCCCCCCCCCC(=O)[O-],CCCCCCCCCCCCCCCCCCCCCC(=O)[O-],CCCCCCCCCCCCCCCCCCCCCC(=O)O,346.52500000000015,340.59200000000004,-5.933000000000106,"['salt_stripped', 'metal:Li', 'fragment_removed', 'charge_normalized']"
True,False,[],False,1,False,True,C1CCC(CC1)N(CCO)CCO,OCCN(CCO)C1CCCCC1,OCCN(CCO)C1CCCCC1,187.28300000000002,187.28300000000002,0.0,['none']
True,False,[],False,1,False,True,CCCCCCCCC=CCCCCCCCC(=O)NCCCN(C)CCCNC(=O)CCCCCCCC=CCCCCCCCC,CCCCCCCCC=CCCCCCCCC(=O)NCCCN(C)CCCNC(=O)CCCCCCCC=CCCCCCCCC,CCCCCCCCC=CCCCCCCCC(=O)NCCCN(C)CCCNC(=O)CCCCCCCC=CCCCCCCCC,674.1559999999998,674.1559999999998,0.0,['none']
True,False,[],False,1,False,True,C(CCN=C=O)CCN=C=O,O=C=NCCCCCN=C=O,O=C=NCCCCCN=C=O,154.16899999999998,154.16899999999998,0.0,['none']
True,False,[],False,1,False,True,CC(=CCCC(=CCCC(=CCO)C)C)C,CC(C)=CCCC(C)=CCCC(C)=CCO,CC(C)=CCCC(C)=CCCC(C)=CCO,222.37199999999999,222.37199999999999,0.0,['none']
True,False,[],False,1,False,True,CCOCOCC,CCOCOCC,CCOCOCC,104.149,104.149,0.0,['none']
True,False,[],False,1,False,True,CC=CCC#N,CC=CCC#N,CC=CCC#N,81.11800000000001,81.11800000000001,0.0,['none']
True,False,[],False,1,False,True,CC1(C2CCC1(C(=O)C2)C)C,CC12CCC(CC1=O)C2(C)C,CC12CCC(CC1=O)C2(C)C,152.237,152.237,0.0,['none']
True,False,[],False,1,False,True,CC1=NN(C(=O)C1C=C2C(=NN(C2=O)C3=CC=CC=C3)C)C4=CC=CC=C4,CC1=NN(c2ccccc2)C(=O)C1=CC1C(=O)N(c2ccccc2)N=C1C,CC1=NN(c2ccccc2)C(=O)C1=CC1C(=O)N(c2ccccc2)N=C1C,358.40100000000007,358.40100000000007,0.0,['none']
True,False,[],False,1,False,True,CC(C1=CC=C(C=C1)OC#N)C2=CC=C(C=C2)OC#N,CC(c1ccc(OC#N)cc1)c1ccc(OC#N)cc1,CC(c1ccc(OC#N)cc1)c1ccc(OC#N)cc1,264.284,264.284,0.0,['none']
True,True,['Ca'],True,2,True,True,C(=O)([O-])[O-].[Ca+2],O=C([O-])[O-],O=C(O)O,100.08600000000001,62.02400000000001,-38.062000000000005,"['salt_stripped', 'metal:Ca', 'fragment_removed', 'charge_normalized']"
True,False,[],False,1,False,True,C1=CC=C(C=C1)O[P+](=O)OC2=CC=CC=C2,O=[P+](Oc1ccccc1)Oc1ccccc1,O=[P+](Oc1ccccc1)Oc1ccccc1,233.183,233.183,0.0,['none']
True,False,[],False,1,False,True,C1N(CN(CN1CCO)CCO)CCO,OCCN1CN(CCO)CN(CCO)C1,OCCN1CN(CCO)CN(CCO)C1,219.28499999999997,219.28499999999997,0.0,['none']
True,False,[],False,1,False,True,CCCCCCCCP(=O)(O)O,CCCCCCCCP(=O)(O)O,CCCCCCCCP(=O)(O)O,194.211,194.211,0.0,['none']
True,False,[],False,1,False,True,CC(C)(C(=O)C1=CC=C(C=C1)CC2=CC=C(C=C2)C(=O)C(C)(C)O)O,CC(C)(O)C(=O)c1ccc(Cc2ccc(C(=O)C(C)(C)O)cc2)cc1,CC(C)(O)C(=O)c1ccc(Cc2ccc(C(=O)C(C)(C)O)cc2)cc1,340.4190000000001,340.4190000000001,0.0,['none']
True,False,[],False,1,False,True,CC(C)NC,CNC(C)C,CNC(C)C,73.139,73.139,0.0,['none']
True,False,[],False,1,False,True,CCCCCCCCC(CCCCCC)C(=O)NC1=C(C=CC(=C1)C)O,CCCCCCCCC(CCCCCC)C(=O)Nc1cc(C)ccc1O,CCCCCCCCC(CCCCCC)C(=O)Nc1cc(C)ccc1O,361.57000000000005,361.57000000000005,0.0,['none']
True,False,[],False,1,False,True,CC(CO)(CO)C(=O)O,CC(CO)(CO)C(=O)O,CC(CO)(CO)C(=O)O,134.131,134.131,0.0,['none']
True,False,[],False,1,False,True,CC(C1CCCC(C1)(C)C)OC(C)(C)COC(=O)C2CC2,CC(OC(C)(C)COC(=O)C1CC1)C1CCCC(C)(C)C1,CC(OC(C)(C)COC(=O)C1CC1)C1CCCC(C)(C)C1,296.451,296.451,0.0,['none']
True,True,['Na'],True,4,True,True,CCN1C(=C(C(=C(C1=O)N=NC2=C(C=CC(=C2)NC3=NC(=NC(=N3)NC4=CC=C(C=C4)S(=O)(=O)CCOS(=O)(=O)[O-])F)S(=O)(=O)[O-])C)CS(=O)(=O)[O-])O.[Na+].[Na+].[Na+],CCn1c(O)c(CS(=O)(=O)[O-])c(C)c(N=Nc2cc(Nc3nc(F)nc(Nc4ccc(S(=O)(=O)CCOS(=O)(=O)[O-])cc4)n3)ccc2S(=O)(=O)[O-])c1=O,CCn1c(O)c(CS(=O)(=O)O)c(C)c(N=Nc2cc(Nc3nc(F)nc(Nc4ccc(S(=O)(=O)CCOS(=O)(=O)O)cc4)n3)ccc2S(=O)(=O)O)c1=O,888.7560000000005,822.8100000000006,-65.94599999999991,"['salt_stripped', 'metal:Na', 'fragment_removed', 'charge_normalized']"
True,True,"['Cu', 'Na']",True,6,True,True,CN(CCS(=O)(=O)CCOS(=O)(=O)[O-])C1=NC(=NC(=N1)NC2=C(C3=CC(=C(C(=C3C=C2)[O-])N=NC4=CC(=C(C=C4N=NC5=C(C=CC(=C5)S(=O)(=O)[O-])[O-])OC)OC)S(=O)(=O)[O-])S(=O)(=O)[O-])F.[Na+].[Na+].[Na+].[Na+].[Cu+2],COc1cc(N=Nc2cc(S(=O)(=O)[O-])ccc2[O-])c(N=Nc2c(S(=O)(=O)[O-])cc3c(S(=O)(=O)[O-])c(Nc4nc(F)nc(N(C)CCS(=O)(=O)CCOS(=O)(=O)[O-])n4)ccc3c2[O-])cc1OC,COc1cc(N=Nc2cc(S(=O)(=O)O)ccc2O)c(N=Nc2c(S(=O)(=O)O)cc3c(S(=O)(=O)O)c(Nc4nc(F)nc(N(C)CCS(=O)(=O)CCOS(=O)(=O)O)n4)ccc3c2O)cc1OC,1175.4430000000002,1025.9850000000004,-149.45799999999986,"['salt_stripped', 'metal:Cu,Na', 'fragment_removed', 'charge_normalized']"
True,False,[],False,1,False,True,CCCCCCCCCCCCCCCCCCCCOC(=O)C=C,C=CC(=O)OCCCCCCCCCCCCCCCCCCCC,C=CC(=O)OCCCCCCCCCCCCCCCCCCCC,352.60300000000007,352.60300000000007,0.0,['none']
True,False,[],False,1,False,True,CCCCCCCCCCCCCCCCCCOC(=O)C=C,C=CC(=O)OCCCCCCCCCCCCCCCCCC,C=CC(=O)OCCCCCCCCCCCCCCCCCC,324.549,324.549,0.0,['none']
True,False,[],False,1,False,True,CCCCCC1CCCC1=O,CCCCCC1CCCC1=O,CCCCCC1CCCC1=O,154.253,154.253,0.0,['none']
True,False,[],False,1,False,True,C1=CC=C2C(=C1)C(=C(N2)C3=NC4=CC=CC=C4C3=O)O,O=C1C(c2[nH]c3ccccc3c2O)=Nc2ccccc21,O=C1C(c2[nH]c3ccccc3c2O)=Nc2ccccc21,262.268,262.268,0.0,['none']
True,False,[],False,1,False,True,C1=CC=C2C(=C1)C3=CC=CC=C3C2=O,O=C1c2ccccc2-c2ccccc21,O=C1c2ccccc2-c2ccccc21,180.20599999999996,180.20599999999996,0.0,['none']
True,False,[],False,1,False,True,CCC=CCC1=C(CCC1=O)C,CCC=CCC1=C(C)CCC1=O,CCC=CCC1=C(C)CCC1=O,164.248,164.248,0.0,['none']
True,False,[],False,1,False,True,C1CC=CCCC=CCCC=C1,C1=CCCC=CCCC=CCC1,C1=CCCC=CCCC=CCC1,162.276,162.276,0.0,['none']
True,False,[],False,1,False,True,CC1=CC(=CC(=C1)N2C(=O)C3=C4C(=CC=C5C4=C(C=C3)C6=C7C5=CC=C8C7=C(C=C6)C(=O)N(C8=O)C9=CC(=CC(=C9)C)C)C2=O)C,Cc1cc(C)cc(N2C(=O)c3ccc4c5ccc6c7c(ccc(c8ccc(c3c48)C2=O)c75)C(=O)N(c2cc(C)cc(C)c2)C6=O)c1,Cc1cc(C)cc(N2C(=O)c3ccc4c5ccc6c7c(ccc(c8ccc(c3c48)C2=O)c75)C(=O)N(c2cc(C)cc(C)c2)C6=O)c1,598.6580000000002,598.6580000000002,0.0,['none']
True,False,[],False,1,False,True,CCCCCCCCC=CCCCCCCCC(=O)OCC(COCC(CO)O)O,CCCCCCCCC=CCCCCCCCC(=O)OCC(O)COCC(O)CO,CCCCCCCCC=CCCCCCCCC(=O)OCC(O)COCC(O)CO,430.62600000000015,430.62600000000015,0.0,['none']
True,False,[],False,1,False,True,C(CC(C(=O)O)N)CN=C(N)NP(=O)(O)O,NC(=NCCCC(N)C(=O)O)NP(=O)(O)O,NC(=NCCCC(N)C(=O)O)NP(=O)(O)O,254.183,254.183,0.0,['none']
True,False,[],False,1,False,True,C1CCC(CC1)N(C2CCCCC2)SC3=NC4=CC=CC=C4S3,c1ccc2sc(SN(C3CCCCC3)C3CCCCC3)nc2c1,c1ccc2sc(SN(C3CCCCC3)C3CCCCC3)nc2c1,346.565,346.565,0.0,['none']
True,False,[],False,1,False,True,CC1=CCC2C(C1)C2(C)C,CC1=CCC2C(C1)C2(C)C,CC1=CCC2C(C1)C2(C)C,136.238,136.238,0.0,['none']
True,False,[],False,1,False,True,C(CN)CN(CCO)CCO,NCCCN(CCO)CCO,NCCCN(CCO)CCO,162.23299999999998,162.23299999999998,0.0,['none']
True,False,[],False,1,False,True,CC1=C(C=C(C=C1)C(C)C)O,Cc1ccc(C(C)C)cc1O,Cc1ccc(C(C)C)cc1O,150.22099999999998,150.22099999999998,0.0,['none']
True,False,[],False,1,False,True,C=O,C=O,C=O,30.026,30.026,0.0,['none']
True,False,[],False,1,False,True,COC1=CC(=C(C=C1)Cl)S(=O)(=O)N,COc1ccc(Cl)c(S(N)(=O)=O)c1,COc1ccc(Cl)c(S(N)(=O)=O)c1,221.665,221.665,0.0,['none']
True,False,[],False,1,False,True,CC(=O)N1CSCC1C(=O)O,CC(=O)N1CSCC1C(=O)O,CC(=O)N1CSCC1C(=O)O,175.20900000000003,175.20900000000003,0.0,['none']
True,False,[],False,1,False,True,C1C(O1)CN(CC2CO2)C3=CC=C(C=C3)OCC4CO4,c1cc(N(CC2CO2)CC2CO2)ccc1OCC1CO1,c1cc(N(CC2CO2)CC2CO2)ccc1OCC1CO1,277.32000000000005,277.32000000000005,0.0,['none']
True,False,[],False,1,False,True,C(CO)CO,OCCCO,OCCCO,76.095,76.095,0.0,['none']
True,False,[],False,1,False,True,CCCCC(CC)COC(=O)CCS,CCCCC(CC)COC(=O)CCS,CCCCC(CC)COC(=O)CCS,218.36199999999997,218.36199999999997,0.0,['none']
True,False,[],False,1,False,True,C1CCOCOC1,C1CCOCOC1,C1CCOCOC1,102.133,102.133,0.0,['none']
True,False,[],False,1,False,True,CCCOCOCCC,CCCOCOCCC,CCCOCOCCC,132.203,132.203,0.0,['none']
True,False,[],False,1,False,True,CCC(COCCO)(COCCO)COCCO,CCC(COCCO)(COCCO)COCCO,CCC(COCCO)(COCCO)COCCO,266.3339999999999,266.3339999999999,0.0,['none']
True,True,"['Ag', 'K']",True,4,True,True,[C-]#N.[C-]#N.[K+].[Ag+],[C-]#N,C#N,199.00199999999998,27.025999999999996,-171.976,"['salt_stripped', 'metal:Ag,K', 'fragment_removed', 'charge_normalized']"
True,False,[],False,1,False,True,CC1(C2CCC1(C(C2)O)C)C,CC1(C)C2CCC1(C)C(O)C2,CC1(C)C2CCC1(C)C(O)C2,154.253,154.253,0.0,['none']
True,False,[],False,1,False,True,CCO[Si](CCCCl)(OCC)OCC,CCO[Si](CCCCl)(OCC)OCC,CCO[Si](CCCCl)(OCC)OCC,240.80299999999994,240.80299999999994,0.0,['none']
True,False,[],False,1,False,True,C=CC(=O)OCCOC(=O)CCC(=O)O,C=CC(=O)OCCOC(=O)CCC(=O)O,C=CC(=O)OCCOC(=O)CCC(=O)O,216.18899999999996,216.18899999999996,0.0,['none']
True,False,[],False,1,False,True,C1C(CNC1C(=O)O)O,O=C(O)C1CC(O)CN1,O=C(O)C1CC(O)CN1,131.13099999999997,131.13099999999997,0.0,['none']
True,False,[],False,1,False,True,C=CC(=O)N1CCOCC1,C=CC(=O)N1CCOCC1,C=CC(=O)N1CCOCC1,141.17,141.17,0.0,['none']
True,False,[],False,1,False,True,CC1(COCN1)C,CC1(C)COCN1,CC1(C)COCN1,101.149,101.149,0.0,['none']
True,False,[],False,1,False,True,C=CCCC(=O)OC1=CC=CC=C1,C=CCCC(=O)Oc1ccccc1,C=CCCC(=O)Oc1ccccc1,176.215,176.215,0.0,['none']
True,False,[],False,1,False,True,C1=CC=C(C=C1)NC2=C(C=C(C=C2)S(=O)(=O)NC3=CC=CC=C3)[N+](=O)[O-],O=[N+]([O-])c1cc(S(=O)(=O)Nc2ccccc2)ccc1Nc1ccccc1,O=[N+]([O-])c1cc(S(=O)(=O)Nc2ccccc2)ccc1Nc1ccccc1,369.4020000000001,369.4020000000001,0.0,['none']
True,True,['Fe'],True,2,True,True,C(=O)(C(=O)[O-])[O-].[Fe+2],O=C([O-])C(=O)[O-],O=C(O)C(=O)O,143.863,90.03399999999999,-53.82900000000001,"['salt_stripped', 'metal:Fe', 'fragment_removed', 'charge_normalized']"
True,False,[],False,1,False,True,CCC1(COCOC1)CO,CCC1(CO)COCOC1,CCC1(CO)COCOC1,146.18599999999998,146.18599999999998,0.0,['none']
True,False,[],False,1,False,True,CC1=CC(=C(C=C1S(=O)(=O)NC)OC)N=NC2=C(C(=CC3=CC=CC=C32)C(=O)NC4=CC5=C(C=C4)NC(=O)N5)O,CNS(=O)(=O)c1cc(OC)c(N=Nc2c(O)c(C(=O)Nc3ccc4[nH]c(=O)[nH]c4c3)cc3ccccc23)cc1C,CNS(=O)(=O)c1cc(OC)c(N=Nc2c(O)c(C(=O)Nc3ccc4[nH]c(=O)[nH]c4c3)cc3ccccc23)cc1C,560.5920000000003,560.5920000000003,0.0,['none']
True,True,['Cr'],True,4,True,True,[H+].C1=CC=C2C(=C1)C=CC(=C2N=NC3=C(C=C(C=C3)[N+](=O)[O-])[O-])[O-].C1=CC=C2C(=C1)C=CC(=C2N=NC3=C(C=CC(=C3)[N+](=O)[O-])[O-])[O-].[Cr+3],O=[N+]([O-])c1ccc(N=Nc2c([O-])ccc3ccccc23)c([O-])c1,O=[N+]([O-])c1ccc(N=Nc2c(O)ccc3ccccc23)c(O)c1,667.5340000000002,309.281,-358.2530000000002,"['salt_stripped', 'metal:Cr', 'fragment_removed', 'charge_normalized']"
True,False,[],False,1,False,True,CCCCCCCCCCCC(=O)NCCCCC(C(=O)O)N,CCCCCCCCCCCC(=O)NCCCCC(N)C(=O)O,CCCCCCCCCCCC(=O)NCCCCC(N)C(=O)O,328.497,328.497,0.0,['none']
True,False,[],False,1,False,True,CCOC(=O)C(=C(C1=CC=CC=C1)C2=CC=CC=C2)C#N,CCOC(=O)C(C#N)=C(c1ccccc1)c1ccccc1,CCOC(=O)C(C#N)=C(c1ccccc1)c1ccccc1,277.32300000000004,277.32300000000004,0.0,['none']
True,False,[],False,1,False,True,CCCC1CCC(CC1)C2=CC=C(C=C2)C3=CC(=C(C=C3)C4=CC(=C(C(=C4)F)OC(F)(F)F)F)F,CCCC1CCC(c2ccc(-c3ccc(-c4cc(F)c(OC(F)(F)F)c(F)c4)c(F)c3)cc2)CC1,CCCC1CCC(c2ccc(-c3ccc(-c4cc(F)c(OC(F)(F)F)c(F)c4)c(F)c3)cc2)CC1,492.5030000000001,492.5030000000001,0.0,['none']
True,False,[],False,1,False,True,CC(C)(COCCCO)COCCCO,CC(C)(COCCCO)COCCCO,CC(C)(COCCCO)COCCCO,220.30899999999997,220.30899999999997,0.0,['none']
True,True,['Zn'],True,5,False,True,CC(C)SP(=O)(O)SC(C)C.CC(C)SP(=O)(O)SC(C)C.C1CCC(CC1)N.C1CCC(CC1)N.[Zn],CC(C)SP(=O)(O)SC(C)C,CC(C)SP(=O)(O)SC(C)C,692.3279999999999,214.29200000000003,-478.03599999999983,"['salt_stripped', 'metal:Zn', 'fragment_removed']"
True,False,[],False,1,False,True,CC1(CC(CC(N1CCO)(C)C)O)C,CC1(C)CC(O)CC(C)(C)N1CCO,CC1(C)CC(O)CC(C)(C)N1CCO,201.31000000000003,201.31000000000003,0.0,['none']
True,False,[],False,1,False,True,C(C1C(C(C(C(O1)OC2C(OC(C(C2O)O)O)CO)O)O)O)O,OCC1OC(OC2C(CO)OC(O)C(O)C2O)C(O)C(O)C1O,OCC1OC(OC2C(CO)OC(O)C(O)C2O)C(O)C(O)C1O,342.297,342.297,0.0,['none']
True,False,[],False,1,False,True,C1=CC=C2C(=C1)C=C(C(=C2N=NC3=C(C=CC(=C3)Cl)Cl)O)C(=O)NC4=CC(=C(C=C4)NC(=O)C5=CC6=CC=CC=C6C(=C5O)N=NC7=C(C=CC(=C7)Cl)Cl)Cl,O=C(Nc1ccc(NC(=O)c2cc3ccccc3c(N=Nc3cc(Cl)ccc3Cl)c2O)c(Cl)c1)c1cc2ccccc2c(N=Nc2cc(Cl)ccc2Cl)c1O,O=C(Nc1ccc(NC(=O)c2cc3ccccc3c(N=Nc3cc(Cl)ccc3Cl)c2O)c(Cl)c1)c1cc2ccccc2c(N=Nc2cc(Cl)ccc2Cl)c1O,828.9269999999999,828.9269999999999,0.0,['none']
True,False,[],False,1,False,True,CC1(CC(CC(N1)(C)C)OC(=O)CCCCCCCCC(=O)OC2CC(NC(C2)(C)C)(C)C)C,CC1(C)CC(OC(=O)CCCCCCCCC(=O)OC2CC(C)(C)NC(C)(C)C2)CC(C)(C)N1,CC1(C)CC(OC(=O)CCCCCCCCC(=O)OC2CC(C)(C)NC(C)(C)C2)CC(C)(C)N1,480.7340000000003,480.7340000000003,0.0,['none']
True,False,[],False,1,False,True,CC(=O)C(C(=O)NC1=CC2=C(C=C1)NC(=O)N2)N=NC3=CC=C(C=C3)[N+](=O)[O-],CC(=O)C(N=Nc1ccc([N+](=O)[O-])cc1)C(=O)Nc1ccc2[nH]c(=O)[nH]c2c1,CC(=O)C(N=Nc1ccc([N+](=O)[O-])cc1)C(=O)Nc1ccc2[nH]c(=O)[nH]c2c1,382.3360000000001,382.3360000000001,0.0,['none']
True,False,[],False,1,False,True,CCN1CCNCC1,CCN1CCNCC1,CCN1CCNCC1,114.19200000000001,114.19200000000001,0.0,['none']
True,False,[],False,1,False,True,CCCCCCCCCCCCCCOC(=O)OOC(=O)OCCCCCCCCCCCCCC,CCCCCCCCCCCCCCOC(=O)OOC(=O)OCCCCCCCCCCCCCC,CCCCCCCCCCCCCCOC(=O)OOC(=O)OCCCCCCCCCCCCCC,514.7880000000006,514.7880000000006,0.0,['none']
True,False,[],False,1,False,True,C(C(C(C(C=O)O)O)O)O,O=CC(O)C(O)C(O)CO,O=CC(O)C(O)C(O)CO,150.13,150.13,0.0,['none']
True,True,['Z56'],True,3,True,True,C1=CC=C(C=C1)C(=O)[O-].C1=CC=C(C=C1)C(=O)[O-].[Ba+2],O=C([O-])c1ccccc1,O=C(O)c1ccccc1,379.558,122.12299999999996,-257.43500000000006,"['salt_stripped', 'metal:Z56', 'fragment_removed', 'charge_normalized']"
True,False,[],False,1,False,True,C1=CC=C(C(=O)C=C1)O,O=c1cccccc1O,O=c1cccccc1O,122.12299999999996,122.12299999999996,0.0,['none']
True,True,['Na'],True,2,True,True,CC(C)COP(=S)(OCC(C)C)[S-].[Na+],CC(C)COP(=S)([S-])OCC(C)C,CC(C)COP(=S)(S)OCC(C)C,264.328,242.346,-21.98199999999997,"['salt_stripped', 'metal:Na', 'fragment_removed', 'charge_normalized']"
True,True,['Z55'],True,3,True,True,C(=O)([O-])[O-].[Cs+].[Cs+],O=C([O-])[O-],O=C(O)O,325.818,62.02400000000001,-263.794,"['salt_stripped', 'metal:Z55', 'fragment_removed', 'charge_normalized']"
True,True,['Na'],True,2,True,True,C1=C(C(=CC(=C1Cl)Cl)Cl)S(=O)(=O)[O-].[Na+],O=S(=O)([O-])c1cc(Cl)c(Cl)cc1Cl,O=S(=O)(O)c1cc(Cl)c(Cl)cc1Cl,283.495,261.513,-21.982000000000028,"['salt_stripped', 'metal:Na', 'fragment_removed', 'charge_normalized']"
True,True,['Li'],True,2,True,True,[Li+].CCC(C)(C)[O-],CCC(C)(C)[O-],CCC(C)(C)O,94.08299999999998,88.14999999999998,-5.933000000000007,"['salt_stripped', 'metal:Li', 'fragment_removed', 'charge_normalized']"
True,True,['Na'],True,2,True,True,COC1=CC=C(C=C1)C(=O)[O-].[Na+],COc1ccc(C(=O)[O-])cc1,COc1ccc(C(=O)O)cc1,174.13099999999997,152.14899999999997,-21.982,"['salt_stripped', 'metal:Na', 'fragment_removed', 'charge_normalized']"
True,False,[],False,1,False,True,CC(=O)CC(=O)NC1=CC(=C(C=C1)NC(=O)CC(=O)C)Cl,CC(=O)CC(=O)Nc1ccc(NC(=O)CC(C)=O)c(Cl)c1,CC(=O)CC(=O)Nc1ccc(NC(=O)CC(C)=O)c(Cl)c1,310.73699999999997,310.73699999999997,0.0,['none']
True,False,[],False,1,False,True,CCCOC(=O)C(C)O,CCCOC(=O)C(C)O,CCCOC(=O)C(C)O,132.159,132.159,0.0,['none']
True,False,[],False,1,False,True,CCOC(=O)C1=NN(C2=C1CCN(C2=O)C3=CC=C(C=C3)[N+](=O)[O-])C4=CC=C(C=C4)OC,CCOC(=O)c1nn(-c2ccc(OC)cc2)c2c1CCN(c1ccc([N+](=O)[O-])cc1)C2=O,CCOC(=O)c1nn(-c2ccc(OC)cc2)c2c1CCN(c1ccc([N+](=O)[O-])cc1)C2=O,436.42400000000015,436.42400000000015,0.0,['none']
True,False,[],True,4,True,True,CC(=O)[O-].CC(=O)[O-].CC(=O)[O-].[Ce+3],CC(=O)[O-],CC(=O)O,317.248,60.05200000000001,-257.19599999999997,"['salt_stripped', 'fragment_removed', 'charge_normalized']"
True,False,[],True,5,True,True,C(=O)([O-])[O-].C(=O)([O-])[O-].C(=O)([O-])[O-].[Ce+3].[Ce+3],O=C([O-])[O-],O=C(O)O,460.256,62.02400000000001,-398.23199999999997,"['salt_stripped', 'fragment_removed', 'charge_normalized']"
True,False,[],False,1,False,True,CC(CCCC(C)(C)OC(=O)C)C=C,C=CC(C)CCCC(C)(C)OC(C)=O,C=CC(C)CCCC(C)(C)OC(C)=O,198.30599999999998,198.30599999999998,0.0,['none']
True,True,['Cu'],True,4,True,True,C1(=NN=N[N-]1)C2=NN=N[N-]2.N.N.[Cu+2],n1n[n-]c(-c2nnn[n-]2)n1,n1n[nH]c(-c2nnn[nH]2)n1,233.686,138.09400000000002,-95.59199999999998,"['salt_stripped', 'metal:Cu', 'fragment_removed', 'charge_normalized']"
True,False,[],False,1,False,True,CN1CCC[C@H]1C2=CN=CC=C2,CN1CCC[C@H]1c1cccnc1,CN1CCC[C@H]1c1cccnc1,162.23600000000002,162.23600000000002,0.0,['none']
True,True,['Na'],True,2,True,True,C1=CC=C(C(=C1)C(=O)[O-])O.[Na+],O=C([O-])c1ccccc1O,O=C(O)c1ccccc1O,160.10399999999998,138.12199999999999,-21.982,"['salt_stripped', 'metal:Na', 'fragment_removed', 'charge_normalized']"
True,False,[],False,1,False,True,CCCCCCCCCCCCCCCCOC(=O)CCCCCCCCCCCCCCC,CCCCCCCCCCCCCCCCOC(=O)CCCCCCCCCCCCCCC,CCCCCCCCCCCCCCCCOC(=O)CCCCCCCCCCCCCCC,480.86200000000053,480.86200000000053,0.0,['none']
True,True,['Na'],True,2,True,True,C(#N)[S-].[Na+],N#C[S-],N#CS,81.075,59.093,-21.982,"['salt_stripped', 'metal:Na', 'fragment_removed', 'charge_normalized']"
True,False,[],False,1,False,True,CC1C=CCC(C1C(=O)OC)(C)C,COC(=O)C1C(C)C=CCC1(C)C,COC(=O)C1C(C)C=CCC1(C)C,182.26299999999998,182.26299999999998,0.0,['none']
True,False,[],False,1,False,True,CCN(CCOC1=CC=C(C=C1)C2CCCCC2)C3=CC(=C(C=C3)C=C(C#N)C#N)C,CCN(CCOc1ccc(C2CCCCC2)cc1)c1ccc(C=C(C#N)C#N)c(C)c1,CCN(CCOc1ccc(C2CCCCC2)cc1)c1ccc(C=C(C#N)C#N)c(C)c1,413.5650000000001,413.5650000000001,0.0,['none']
True,False,[],False,1,False,True,C1CCC(=O)N(CC1)C(=O)NC2=CC=C(C=C2)CC3=CC=C(C=C3)NC(=O)N4CCCCCC4=O,O=C1CCCCCN1C(=O)Nc1ccc(Cc2ccc(NC(=O)N3CCCCCC3=O)cc2)cc1,O=C1CCCCCN1C(=O)Nc1ccc(Cc2ccc(NC(=O)N3CCCCCC3=O)cc2)cc1,476.5770000000004,476.5770000000004,0.0,['none']
True,False,[],False,1,False,True,C1=CC(=CC(=C1)C(=O)C2=CC=C(C=C2)O)C(=O)C3=CC=C(C=C3)O,O=C(c1ccc(O)cc1)c1cccc(C(=O)c2ccc(O)cc2)c1,O=C(c1ccc(O)cc1)c1cccc(C(=O)c2ccc(O)cc2)c1,318.32800000000003,318.32800000000003,0.0,['none']
True,False,[],False,1,False,True,CC1=CC=C(C=C1)NC(=O)NC2=CC(=C(C=C2)C)NC(=O)NC3=CC=C(C=C3)C,Cc1ccc(NC(=O)Nc2ccc(C)c(NC(=O)Nc3ccc(C)cc3)c2)cc1,Cc1ccc(NC(=O)Nc2ccc(C)c(NC(=O)Nc3ccc(C)cc3)c2)cc1,388.4710000000001,388.4710000000001,0.0,['none']
True,False,[],False,1,False,True,CCCCCCCCCCCCCCCC(=O)NCCO,CCCCCCCCCCCCCCCC(=O)NCCO,CCCCCCCCCCCCCCCC(=O)NCCO,299.499,299.499,0.0,['none']
True,False,[],False,1,False,True,CCCCCC=CCC=CCCCCCCCC(=O)OCC,CCCCCC=CCC=CCCCCCCCC(=O)OCC,CCCCCC=CCC=CCCCCCCCC(=O)OCC,308.506,308.506,0.0,['none']
True,False,[],True,2,False,True,COC1=C(C=C(C=C1)CC2C3=CC(=C(C=C3CCN2)OC)OC)OC.Cl,COc1ccc(CC2NCCc3cc(OC)c(OC)cc32)cc1OC,COc1ccc(CC2NCCc3cc(OC)c(OC)cc32)cc1OC,379.88400000000007,343.4230000000001,-36.460999999999956,"['salt_stripped', 'fragment_removed']"
True,False,[],False,1,False,True,CCCCC(CC)COC(=O)C1=CC=CC=C1,CCCCC(CC)COC(=O)c1ccccc1,CCCCC(CC)COC(=O)c1ccccc1,234.339,234.339,0.0,['none']
True,False,[],False,1,False,True,CCCCCCOC1C(C(C(C(O1)CO)O)O)O,CCCCCCOC1OC(CO)C(O)C(O)C1O,CCCCCCOC1OC(CO)C(O)C(O)C1O,264.318,264.318,0.0,['none']
True,True,['Li'],True,2,True,True,[Li+].CC(=O)[O-],CC(=O)[O-],CC(=O)O,65.985,60.05200000000001,-5.932999999999993,"['salt_stripped', 'metal:Li', 'fragment_removed', 'charge_normalized']"
True,True,['Mg'],True,2,True,True,C(=O)([O-])[O-].[Mg+2],O=C([O-])[O-],O=C(O)O,84.313,62.02400000000001,-22.288999999999994,"['salt_stripped', 'metal:Mg', 'fragment_removed', 'charge_normalized']"
True,False,[],False,1,False,True,CC(CC1=CC=C(C=C1)OC)C=O,COc1ccc(CC(C)C=O)cc1,COc1ccc(CC(C)C=O)cc1,178.23099999999997,178.23099999999997,0.0,['none']
True,False,[],False,1,False,True,C1=CC=C(C=C1)S(=O)(=O)NC2=CC=C(C=C2)O,O=S(=O)(Nc1ccc(O)cc1)c1ccccc1,O=S(=O)(Nc1ccc(O)cc1)c1ccccc1,249.291,249.291,0.0,['none']
True,True,['Na'],True,2,True,True,CC1(C(=O)NC(=O)[N-]1)C.[Na+],CC1(C)[N-]C(=O)NC1=O,CC1(C)NC(=O)NC1=O,150.113,128.13099999999997,-21.982000000000028,"['salt_stripped', 'metal:Na', 'fragment_removed', 'charge_normalized']"
True,False,[],False,1,False,True,CC(C)C=NCC1(CC(CC(C1)(C)C)N=CC(C)C)C,CC(C)C=NCC1(C)CC(N=CC(C)C)CC(C)(C)C1,CC(C)C=NCC1(C)CC(N=CC(C)C)CC(C)(C)C1,278.484,278.484,0.0,['none']
True,False,[],False,1,False,True,CC1=CC(=CC=C1)OCCOC2=CC=CC(=C2)C,Cc1cccc(OCCOc2cccc(C)c2)c1,Cc1cccc(OCCOc2cccc(C)c2)c1,242.31799999999998,242.31799999999998,0.0,['none']
True,False,[],False,1,False,True,CC(C)C1CCC(CC1)CO,CC(C)C1CCC(CO)CC1,CC(C)C1CCC(CO)CC1,156.269,156.269,0.0,['none']
True,False,[],False,1,False,True,CC(CCC1=CC=CC=C1)CCO,CC(CCO)CCc1ccccc1,CC(CCO)CCc1ccccc1,178.27499999999995,178.27499999999995,0.0,['none']
True,False,[],True,2,False,True,CC1=C(C2=C(C=C1)N=C(S2)C3=CC=C(C=C3)N=NC4C(=O)NC(=NC#N)NC4=O)S(=O)(=O)O.C(CO)N(CCO)CCO,Cc1ccc2nc(-c3ccc(N=NC4C(=O)NC(=NC#N)NC4=O)cc3)sc2c1S(=O)(=O)O,Cc1ccc2nc(-c3ccc(N=NC4C(=O)NC(=NC#N)NC4=O)cc3)sc2c1S(=O)(=O)O,632.681,483.49100000000016,-149.18999999999988,"['salt_stripped', 'fragment_removed']"
True,False,[],False,1,False,True,CC1(C(N2C(S1)C(C2=O)N)C(=O)O)C,CC1(C)SC2C(N)C(=O)N2C1C(=O)O,CC1(C)SC2C(N)C(=O)N2C1C(=O)O,216.26199999999997,216.26199999999997,0.0,['none']
True,True,['Na'],True,2,True,True,CC(C)CCCCCCCCCCOC(=O)CC(C(=O)OCCCCCCCCCCC(C)C)S(=O)(=O)[O-].[Na+],CC(C)CCCCCCCCCCOC(=O)CC(C(=O)OCCCCCCCCCCC(C)C)S(=O)(=O)[O-],CC(C)CCCCCCCCCCOC(=O)CC(C(=O)OCCCCCCCCCCC(C)C)S(=O)(=O)O,584.8360000000006,562.8540000000006,-21.98199999999997,"['salt_stripped', 'metal:Na', 'fragment_removed', 'charge_normalized']"
True,False,[],False,1,False,True,CN1C(=O)C2=C3C(=CC=C4C3=C(C=C2)C5=C6C4=CC=C7C6=C(C=C5)C(=O)N(C7=O)C)C1=O,CN1C(=O)c2ccc3c4ccc5c6c(ccc(c7ccc(c2c37)C1=O)c64)C(=O)N(C)C5=O,CN1C(=O)c2ccc3c4ccc5c6c(ccc(c7ccc(c2c37)C1=O)c64)C(=O)N(C)C5=O,418.4080000000002,418.4080000000002,0.0,['none']
True,False,[],False,1,False,True,CC1=C(C=C(C=C1)NCCO)O,Cc1ccc(NCCO)cc1O,Cc1ccc(NCCO)cc1O,167.208,167.208,0.0,['none']
True,False,[],False,1,False,True,CN(C)C=CC(=O)C1=CN=CC=C1,CN(C)C=CC(=O)c1cccnc1,CN(C)C=CC(=O)c1cccnc1,176.219,176.219,0.0,['none']
True,False,[],False,1,False,True,CCCCCCC(CCCCCCCCCCC(=O)NCCCCCCNC(=O)CCCCCCCCCCC(CCCCCC)O)O,CCCCCCC(O)CCCCCCCCCCC(=O)NCCCCCCNC(=O)CCCCCCCCCCC(O)CCCCCC,CCCCCCC(O)CCCCCCCCCCC(=O)NCCCCCCNC(=O)CCCCCCCCCCC(O)CCCCCC,681.144,681.144,0.0,['none']
True,True,['Li'],True,3,True,True,[Li+].[Li+].C(=O)([O-])[O-],O=C([O-])[O-],O=C(O)O,73.89,62.02400000000001,-11.865999999999993,"['salt_stripped', 'metal:Li', 'fragment_removed', 'charge_normalized']"
True,True,['K'],True,2,True,True,CC1=CC(=O)[N-]S(=O)(=O)O1.[K+],CC1=CC(=O)[N-]S(=O)(=O)O1,CC1=CC(=O)NS(=O)(=O)O1,201.24399999999997,163.154,-38.089999999999975,"['salt_stripped', 'metal:K', 'fragment_removed', 'charge_normalized']"
True,False,[],False,1,False,True,C(=N)(N)N[N+](=O)[O-],N=C(N)N[N+](=O)[O-],N=C(N)N[N+](=O)[O-],104.06899999999999,104.06899999999999,0.0,['none']
True,False,[],False,1,False,True,CC1=CC(=C(C=C1NC(=O)C(C(=O)C)N=NC2=C(C=CC(=C2)C(=O)NC3=C(C(=CC=C3)Cl)C)Cl)Cl)NC(=O)C(C(=O)C)N=NC4=C(C=CC(=C4)C(=O)NC5=C(C(=CC=C5)Cl)C)Cl,CC(=O)C(N=Nc1cc(C(=O)Nc2cccc(Cl)c2C)ccc1Cl)C(=O)Nc1cc(Cl)c(NC(=O)C(N=Nc2cc(C(=O)Nc3cccc(Cl)c3C)ccc2Cl)C(C)=O)cc1C,CC(=O)C(N=Nc1cc(C(=O)Nc2cccc(Cl)c2C)ccc1Cl)C(=O)Nc1cc(Cl)c(NC(=O)C(N=Nc2cc(C(=O)Nc3cccc(Cl)c3C)ccc2Cl)C(C)=O)cc1C,937.0679999999998,937.0679999999998,0.0,['none']
True,False,[],False,1,False,True,CC1=C(C=C(C=C1)Cl)NC(=O)C2=CC(=C(C=C2)Cl)N=NC(C(=O)C)C(=O)NC3=CC(=C(C=C3Cl)NC(=O)C(C(=O)C)N=NC4=C(C=CC(=C4)C(=O)NC5=C(C=CC(=C5)Cl)C)Cl)Cl,CC(=O)C(N=Nc1cc(C(=O)Nc2cc(Cl)ccc2C)ccc1Cl)C(=O)Nc1cc(Cl)c(NC(=O)C(N=Nc2cc(C(=O)Nc3cc(Cl)ccc3C)ccc2Cl)C(C)=O)cc1Cl,CC(=O)C(N=Nc1cc(C(=O)Nc2cc(Cl)ccc2C)ccc1Cl)C(=O)Nc1cc(Cl)c(NC(=O)C(N=Nc2cc(C(=O)Nc3cc(Cl)ccc3C)ccc2Cl)C(C)=O)cc1Cl,957.4859999999998,957.4859999999998,0.0,['none']
True,False,[],False,1,False,True,CC1=C(C=CC(=C1)C(=O)C)C(=O)O,CC(=O)c1ccc(C(=O)O)c(C)c1,CC(=O)c1ccc(C(=O)O)c(C)c1,178.18699999999998,178.18699999999998,0.0,['none']
True,True,['Na'],True,3,True,True,C1(=NN=C(S1)[S-])[S-].[Na+].[Na+],[S-]c1nnc([S-])s1,Sc1nnc(S)s1,194.21700000000004,150.25300000000001,-43.96400000000003,"['salt_stripped', 'metal:Na', 'fragment_removed', 'charge_normalized']"
True,False,[],False,1,False,True,CNC1=CC=C(C=C1)C(C2=CC=C(C=C2)N(C)C)(C3=CC=C(C=C3)N(C)C)O,CNc1ccc(C(O)(c2ccc(N(C)C)cc2)c2ccc(N(C)C)cc2)cc1,CNc1ccc(C(O)(c2ccc(N(C)C)cc2)c2ccc(N(C)C)cc2)cc1,375.5160000000001,375.5160000000001,0.0,['none']
True,False,[],False,1,False,True,CC1=CC=C(C=C1)C=C(C)CO,CC(=Cc1ccc(C)cc1)CO,CC(=Cc1ccc(C)cc1)CO,162.23199999999997,162.23199999999997,0.0,['none']
True,False,[],False,1,False,True,COC1CCCC1,COC1CCCC1,COC1CCCC1,100.16100000000002,100.16100000000002,0.0,['none']
True,False,[],False,1,False,True,CC1=CCC(CC1)(C(C)C)O,CC1=CCC(O)(C(C)C)CC1,CC1=CCC(O)(C(C)C)CC1,154.25300000000001,154.25300000000001,0.0,['none']
True,False,[],False,1,False,True,C1CC(=O)CCC1C2CCC3(CC2)OCCO3,O=C1CCC(C2CCC3(CC2)OCCO3)CC1,O=C1CCC(C2CCC3(CC2)OCCO3)CC1,238.3269999999999,238.3269999999999,0.0,['none']
True,False,[],False,1,False,True,COC1=C(C=C(C=C1)C(=O)NC2=CC=CC=C2)N=NC3=C(C(=CC4=CC=CC=C43)C(=O)N)O,COc1ccc(C(=O)Nc2ccccc2)cc1N=Nc1c(O)c(C(N)=O)cc2ccccc12,COc1ccc(C(=O)Nc2ccccc2)cc1N=Nc1c(O)c(C(N)=O)cc2ccccc12,440.45900000000023,440.45900000000023,0.0,['none']
True,False,[],False,1,False,True,C[C@]12CCCC([C@@H]1CC[C@@]3([C@@H]2CC(=O)O3)C)(C)C,CC1(C)CCC[C@]2(C)[C@H]3CC(=O)O[C@]3(C)CC[C@@H]12,CC1(C)CCC[C@]2(C)[C@H]3CC(=O)O[C@]3(C)CC[C@@H]12,250.38199999999998,250.38199999999998,0.0,['none']
True,False,[],False,1,False,True,CC(C)C(=O)C(C)C,CC(C)C(=O)C(C)C,CC(C)C(=O)C(C)C,114.18799999999997,114.18799999999997,0.0,['none']
True,False,[],False,1,False,True,CC(CC(=O)OCC(COC(=O)CC(C)CC(C)(C)C)OC(=O)CC(C)CC(C)(C)C)CC(C)(C)C,CC(CC(=O)OCC(COC(=O)CC(C)CC(C)(C)C)OC(=O)CC(C)CC(C)(C)C)CC(C)(C)C,CC(CC(=O)OCC(COC(=O)CC(C)CC(C)(C)C)OC(=O)CC(C)CC(C)(C)C)CC(C)(C)C,512.7720000000004,512.7720000000004,0.0,['none']
True,False,[],False,1,False,True,C(CCCCCCO)CCCCCO,OCCCCCCCCCCCCO,OCCCCCCCCCCCCO,202.33799999999994,202.33799999999994,0.0,['none']
True,False,[],False,1,False,True,C1=C(C=C(C=C1Cl)Br)O,Oc1cc(Cl)cc(Br)c1,Oc1cc(Cl)cc(Br)c1,207.454,207.454,0.0,['none']
True,False,[],False,1,False,True,C1=CC(=C(C=C1Cl)N)OC2=C(C=C(C=C2)Cl)Cl,Nc1cc(Cl)ccc1Oc1ccc(Cl)cc1Cl,Nc1cc(Cl)ccc1Oc1ccc(Cl)cc1Cl,288.56100000000004,288.56100000000004,0.0,['none']
True,False,[],False,1,False,True,CC(=C)C(=O)NC1=CC=C(C=C1)S(=O)(=O)N,C=C(C)C(=O)Nc1ccc(S(N)(=O)=O)cc1,C=C(C)C(=O)Nc1ccc(S(N)(=O)=O)cc1,240.284,240.284,0.0,['none']
True,False,[],False,1,False,True,CN(CC(=O)O)C(=N)N,CN(CC(=O)O)C(=N)N,CN(CC(=O)O)C(=N)N,131.13499999999996,131.13499999999996,0.0,['none']
True,False,[],True,2,False,True,CCCCCCCCCCCCCCCC[N+](C)(C)C.[Br-],CCCCCCCCCCCCCCCC[N+](C)(C)C,CCCCCCCCCCCCCCCC[N+](C)(C)C,364.45599999999996,284.55199999999996,-79.904,"['salt_stripped', 'fragment_removed']"
True,False,[],False,1,False,True,C=CC(=O)OCCOC(=O)C1CCCCC1C(=O)O,C=CC(=O)OCCOC(=O)C1CCCCC1C(=O)O,C=CC(=O)OCCOC(=O)C1CCCCC1C(=O)O,270.28099999999995,270.28099999999995,0.0,['none']
True,True,"['Z40', 'Al']",True,18,True,True,[OH-].[OH-].[OH-].[OH-].[OH-].[OH-].[OH-].[Al+3].[Al+3].[Cl-].[Cl-].[Cl-].[Cl-].[Cl-].[Cl-].[Cl-].[Zr+4].[Zr+4],[OH-],O,603.632,18.015,-585.617,"['salt_stripped', 'metal:Z40,Al', 'fragment_removed', 'charge_normalized']"
True,False,[],False,1,False,True,CC1=NN(C(=O)C1=CC=C2C(C3=C(N2C)C=CC(=C3)C(=O)OC)(C)C)C4=CC=CC=C4,COC(=O)c1ccc2c(c1)C(C)(C)C(=CC=C1C(=O)N(c3ccccc3)N=C1C)N2C,COC(=O)c1ccc2c(c1)C(C)(C)C(=CC=C1C(=O)N(c3ccccc3)N=C1C)N2C,415.49300000000017,415.49300000000017,0.0,['none']
True,True,"['Cr', 'Na']",True,4,True,True,C1=CC=C2C(=C1)C=CC(=C2N=NC3=C(C=CC(=C3)[N+](=O)[O-])[O-])[O-].C1=CC=C2C(=C1)C=CC(=O)C2=NN=C3C=C(C=CC3=O)N([O-])[O-].[Na+].[Cr+3],O=C1C=CC(N([O-])[O-])=CC1=NN=C1C(=O)C=Cc2ccccc21,O=C1C=CC(N(O)O)=CC1=NN=C1C(=O)C=Cc2ccccc21,689.5160000000002,309.281,-380.2350000000002,"['salt_stripped', 'metal:Cr,Na', 'fragment_removed', 'charge_normalized']"
True,False,[],False,1,False,True,CC1(OCC2C(O2)CO1)C,CC1(C)OCC2OC2CO1,CC1(C)OCC2OC2CO1,144.17,144.17,0.0,['none']
True,False,[],False,1,False,True,CC1C(CC2CC1C2(C)C)CN,CC1C(CN)CC2CC1C2(C)C,CC1C(CN)CC2CC1C2(C)C,167.29599999999996,167.29599999999996,0.0,['none']
True,True,['Sn'],False,1,False,True,CCCCC(CC)COC(=O)CS[Sn](C)(SCC(=O)OCC(CC)CCCC)SCC(=O)OCC(CC)CCCC,CCCCC(CC)COC(=O)C[S][Sn]([CH3])([S]CC(=O)OCC(CC)CCCC)[S]CC(=O)OCC(CC)CCCC,CCCCC(CC)COC(=O)C[S][Sn]([CH3])([S]CC(=O)OCC(CC)CCCC)[S]CC(=O)OCC(CC)CCCC,743.7269999999997,743.7269999999997,0.0,['metal:Sn']
True,False,[],False,1,False,True,C(CN(CC#N)CC#N)N(CC#N)CC#N,N#CCN(CC#N)CCN(CC#N)CC#N,N#CCN(CC#N)CCN(CC#N)CC#N,216.24799999999996,216.24799999999996,0.0,['none']
True,True,['Na'],True,2,True,True,CCCCC(CC)COC(=O)CC(C(=O)OCC(CC)CCCC)S(=O)(=O)[O-].[Na+],CCCCC(CC)COC(=O)CC(C(=O)OCC(CC)CCCC)S(=O)(=O)[O-],CCCCC(CC)COC(=O)CC(C(=O)OCC(CC)CCCC)S(=O)(=O)O,444.56600000000026,422.58400000000023,-21.982000000000028,"['salt_stripped', 'metal:Na', 'fragment_removed', 'charge_normalized']"
True,False,[],False,1,False,True,CCCCCCCCCCCCCNC1=C(C2=CC=CC=C2C=C1)N=NC3=C(C=C(C=C3)N=NC4=CC=CC=C4C)C,CCCCCCCCCCCCCNc1ccc2ccccc2c1N=Nc1ccc(N=Nc2ccccc2C)cc1C,CCCCCCCCCCCCCNc1ccc2ccccc2c1N=Nc1ccc(N=Nc2ccccc2C)cc1C,561.8180000000001,561.8180000000001,0.0,['none']
True,False,[],True,2,False,True,CCN(CC)[P+](CC1=CC=CC=C1)(C2=CC=CC=C2)C3=CC=CC=C3.C1=CC(=CC=C1C(C2=CC=C(C=C2)[O-])(C(F)(F)F)C(F)(F)F)O,CCN(CC)[P+](Cc1ccccc1)(c1ccccc1)c1ccccc1,CCN(CC)[P+](Cc1ccccc1)(c1ccccc1)c1ccccc1,683.6730000000006,348.4500000000001,-335.22300000000047,"['salt_stripped', 'fragment_removed']"
True,False,[],True,2,False,True,CC(C)(C1=CC=CC=C1CCC(C2=CC=CC(=C2)C=CC3=NC4=C(C=CC(=C4)Cl)C=C3)SCC5(CC5)CC(=O)O)O.C1CCC(CC1)NC2CCCCC2,CC(C)(O)c1ccccc1CCC(SCC1(CC(=O)O)CC1)c1cccc(C=Cc2ccc3ccc(Cl)cc3n2)c1,CC(C)(O)c1ccccc1CCC(SCC1(CC(=O)O)CC1)c1cccc(C=Cc2ccc3ccc(Cl)cc3n2)c1,767.5199999999996,586.1970000000003,-181.3229999999993,"['salt_stripped', 'fragment_removed']"
True,False,[],True,2,False,True,CC1=NC=C(C(=C1O)CO)CO.Cl,Cc1ncc(CO)c(CO)c1O,Cc1ncc(CO)c(CO)c1O,205.641,169.17999999999998,-36.46100000000001,"['salt_stripped', 'fragment_removed']"
True,False,[],False,1,False,True,CC[Si](ON=C(C)C)(ON=C(C)C)ON=C(C)C,CC[Si](ON=C(C)C)(ON=C(C)C)ON=C(C)C,CC[Si](ON=C(C)C)(ON=C(C)C)ON=C(C)C,273.409,273.409,0.0,['none']
True,False,[],False,1,False,True,CCCC(=NO[Si](C=C)(ON=C(C)CCC)ON=C(C)CCC)C,C=C[Si](ON=C(C)CCC)(ON=C(C)CCC)ON=C(C)CCC,C=C[Si](ON=C(C)CCC)(ON=C(C)CCC)ON=C(C)CCC,355.5550000000001,355.5550000000001,0.0,['none']
True,True,['K'],True,3,True,True,C(=O)(C(=O)[O-])[O-].[K+].[K+],O=C([O-])C(=O)[O-],O=C(O)C(=O)O,166.214,90.03399999999999,-76.18,"['salt_stripped', 'metal:K', 'fragment_removed', 'charge_normalized']"
True,False,[],False,1,False,True,CC1CCCCC1=O,CC1CCCCC1=O,CC1CCCCC1=O,112.172,112.172,0.0,['none']
True,False,[],False,1,False,True,COC(=O)C(C=C)O,C=CC(O)C(=O)OC,C=CC(O)C(=O)OC,116.11599999999999,116.11599999999999,0.0,['none']
True,False,[],False,1,False,True,CCC(CO)O,CCC(O)CO,CCC(O)CO,90.12199999999999,90.12199999999999,0.0,['none']
True,False,[],False,1,False,True,C(C1C(C(C(C(O1)OC(C(CO)O)C(C(CO)O)O)O)O)O)O,OCC(O)C(O)C(OC1OC(CO)C(O)C(O)C1O)C(O)CO,OCC(O)C(O)C(OC1OC(CO)C(O)C(O)C1O)C(O)CO,344.313,344.313,0.0,['none']
True,False,[],False,1,False,True,CCOCOC1CCCCCCCCCCC1,CCOCOC1CCCCCCCCCCC1,CCOCOC1CCCCCCCCCCC1,242.40299999999988,242.40299999999988,0.0,['none']
True,False,[],True,2,False,True,C=CCOC(CN1C=CN=C1)C2=C(C=C(C=C2)Cl)Cl.OS(=O)(=O)O,C=CCOC(Cn1ccnc1)c1ccc(Cl)cc1Cl,C=CCOC(Cn1ccnc1)c1ccc(Cl)cc1Cl,395.264,297.18499999999995,-98.07900000000006,"['salt_stripped', 'fragment_removed']"
True,False,[],False,1,False,True,CC1(C2CCC1(C(C2)OC(=O)C=C)C)C,C=CC(=O)OC1CC2CCC1(C)C2(C)C,C=CC(=O)OC1CC2CCC1(C)C2(C)C,208.301,208.301,0.0,['none']
True,False,[],False,1,False,True,C1CCC(CC1)NC(=O)NC2=CC=C(C=C2)CC3=CC=C(C=C3)NC(=O)NC4CCCCC4,O=C(Nc1ccc(Cc2ccc(NC(=O)NC3CCCCC3)cc2)cc1)NC1CCCCC1,O=C(Nc1ccc(Cc2ccc(NC(=O)NC3CCCCC3)cc2)cc1)NC1CCCCC1,448.6110000000003,448.6110000000003,0.0,['none']
True,False,[],False,1,False,True,CC1CCC(=O)CC1,CC1CCC(=O)CC1,CC1CCC(=O)CC1,112.172,112.172,0.0,['none']
True,False,[],True,5,True,True,C(=O)([O-])[O-].C(=O)([O-])[O-].C(=O)([O-])[O-].[Pr+3].[Pr+3],O=C([O-])[O-],O=C(O)O,461.8399999999999,62.02400000000001,-399.8159999999999,"['salt_stripped', 'fragment_removed', 'charge_normalized']"
True,False,[],True,5,True,True,C(=O)([O-])[O-].C(=O)([O-])[O-].C(=O)([O-])[O-].[Nd+3].[Nd+3],O=C([O-])[O-],O=C(O)O,468.504,62.02400000000001,-406.48,"['salt_stripped', 'fragment_removed', 'charge_normalized']"
True,False,[],False,1,False,True,CC(C)CCCCCCCCCCCCCCCOC(=O)C(C)(C)C,CC(C)CCCCCCCCCCCCCCCOC(=O)C(C)(C)C,CC(C)CCCCCCCCCCCCCCCOC(=O)C(C)(C)C,354.619,354.619,0.0,['none']
True,False,[],False,1,False,True,C1=CC(=CN=C1)C(=O)O,O=C(O)c1cccnc1,O=C(O)c1cccnc1,123.11099999999996,123.11099999999996,0.0,['none']
True,False,[],False,1,False,True,CCCCOC(=O)CC,CCCCOC(=O)CC,CCCCOC(=O)CC,130.18699999999998,130.18699999999998,0.0,['none']
True,False,[],False,1,False,True,CC=C=C,C=C=CC,C=C=CC,54.09199999999999,54.09199999999999,0.0,['none']
True,True,['K'],True,2,True,True,C(#N)[O-].[K+],N#C[O-],N#CO,81.11500000000001,43.025000000000006,-38.09,"['salt_stripped', 'metal:K', 'fragment_removed', 'charge_normalized']"
True,False,[],True,2,False,True,C[N+](C)(C)CC(=O)O.[Cl-],C[N+](C)(C)CC(=O)O,C[N+](C)(C)CC(=O)O,153.60899999999998,118.15599999999998,-35.453,"['salt_stripped', 'fragment_removed']"
True,False,[],False,1,False,True,C(C(COCC(CO)O)O)O,OCC(O)COCC(O)CO,OCC(O)COCC(O)CO,166.173,166.173,0.0,['none']
True,False,[],False,1,False,True,CC(=C)C(=O)OCC(CO)O,C=C(C)C(=O)OCC(O)CO,C=C(C)C(=O)OCC(O)CO,160.169,160.169,0.0,['none']
True,False,[],False,1,False,True,CCCCOC(=O)Cl,CCCCOC(=O)Cl,CCCCOC(=O)Cl,136.57799999999997,136.57799999999997,0.0,['none']
True,False,[],False,1,False,True,CC(CCOC(=O)CC(C)CC(C)(C)C)CC(C)(C)C,CC(CCOC(=O)CC(C)CC(C)(C)C)CC(C)(C)C,CC(CCOC(=O)CC(C)CC(C)(C)C)CC(C)(C)C,284.484,284.484,0.0,['none']
True,False,[],False,1,False,True,CCCCCCCCC=CCCCCCCCC(=O)OCCCCCCCC(C)C,CCCCCCCCC=CCCCCCCCC(=O)OCCCCCCCC(C)C,CCCCCCCCC=CCCCCCCCC(=O)OCCCCCCCC(C)C,422.7380000000003,422.7380000000003,0.0,['none']
True,False,[],False,1,False,True,CC(C)CCCCCCCOC(=O)CC(C)CC(C)(C)C,CC(C)CCCCCCCOC(=O)CC(C)CC(C)(C)C,CC(C)CCCCCCCOC(=O)CC(C)CC(C)(C)C,298.511,298.511,0.0,['none']
True,False,[],False,1,False,True,CC(C)CCCCCCCCCCOC(=O)CC(C)CC(C)(C)C,CC(C)CCCCCCCCCCOC(=O)CC(C)CC(C)(C)C,CC(C)CCCCCCCCCCOC(=O)CC(C)CC(C)(C)C,340.5920000000001,340.5920000000001,0.0,['none']
True,False,[],True,2,False,True,C(#N)S.C(=N)(N)N,N=C(N)N,N=C(N)N,118.16500000000002,59.071999999999996,-59.093000000000025,"['salt_stripped', 'fragment_removed']"
True,False,[],True,3,False,True,C(=N)(N)N.C(=N)(N)N.C(=O)(O)O,N=C(N)N,N=C(N)N,180.16800000000003,59.071999999999996,-121.09600000000003,"['salt_stripped', 'fragment_removed']"
True,False,[],False,1,False,True,CCCC1CCOC(S1)C,CCCC1CCOC(C)S1,CCCC1CCOC(C)S1,160.28199999999998,160.28199999999998,0.0,['none']
True,False,[],False,1,False,True,CC(C)(C1=CC=C(C=C1)OP(=O)(OC2=CC=CC=C2)OC3=CC=CC=C3)C4=CC=C(C=C4)OP(=O)(OC5=CC=CC=C5)OC6=CC=CC=C6,CC(C)(c1ccc(OP(=O)(Oc2ccccc2)Oc2ccccc2)cc1)c1ccc(OP(=O)(Oc2ccccc2)Oc2ccccc2)cc1,CC(C)(c1ccc(OP(=O)(Oc2ccccc2)Oc2ccccc2)cc1)c1ccc(OP(=O)(Oc2ccccc2)Oc2ccccc2)cc1,692.6410000000002,692.6410000000002,0.0,['none']
True,False,[],False,1,False,True,CCCCCCCCC(=O)OCC(CC)CCCC,CCCCCCCCC(=O)OCC(CC)CCCC,CCCCCCCCC(=O)OCC(CC)CCCC,270.45699999999994,270.45699999999994,0.0,['none']
True,False,[],False,1,False,True,C1=CC=C(C=C1)OP(=S)(OC2=CC=CC=C2)OC3=CC=CC=C3,S=P(Oc1ccccc1)(Oc1ccccc1)Oc1ccccc1,S=P(Oc1ccccc1)(Oc1ccccc1)Oc1ccccc1,342.35600000000005,342.35600000000005,0.0,['none']
True,False,[],False,1,False,True,CC1=C(C=C(C=C1)C=O)C,Cc1ccc(C=O)cc1C,Cc1ccc(C=O)cc1C,134.17799999999997,134.17799999999997,0.0,['none']
True,False,[],False,1,False,True,C1=CC(=CC(=C1)S(=O)(=O)C2=CC=CC(=C2)N)N,Nc1cccc(S(=O)(=O)c2cccc(N)c2)c1,Nc1cccc(S(=O)(=O)c2cccc(N)c2)c1,248.307,248.307,0.0,['none']
True,False,[],False,1,False,True,C1=CC=C(C=C1)CCO,OCCc1ccccc1,OCCc1ccccc1,122.16699999999997,122.16699999999997,0.0,['none']
True,False,[],False,1,False,True,CCCC1COC(O1)(CN2C=NC=N2)C3=C(C=C(C=C3)Cl)Cl,CCCC1COC(Cn2cncn2)(c2ccc(Cl)cc2Cl)O1,CCCC1COC(Cn2cncn2)(c2ccc(Cl)cc2Cl)O1,342.226,342.226,0.0,['none']
True,False,[],False,1,False,True,CC(C)CCCCCCCOC(=O)C(C)(C)C,CC(C)CCCCCCCOC(=O)C(C)(C)C,CC(C)CCCCCCCOC(=O)C(C)(C)C,242.40299999999996,242.40299999999996,0.0,['none']
True,False,[],False,1,False,True,CCCCCCCCCCCCCCCCCCCCCC(=O)NCCCN(C)C,CCCCCCCCCCCCCCCCCCCCCC(=O)NCCCN(C)C,CCCCCCCCCCCCCCCCCCCCCC(=O)NCCCN(C)C,424.7580000000002,424.7580000000002,0.0,['none']
True,False,[],True,2,False,True,CCCCCCCCCCCC(=O)NC(CCCN=C(N)N)C(=O)OCC.Cl,CCCCCCCCCCCC(=O)NC(CCCN=C(N)N)C(=O)OCC,CCCCCCCCCCCC(=O)NC(CCCN=C(N)N)C(=O)OCC,421.0260000000001,384.56500000000017,-36.460999999999956,"['salt_stripped', 'fragment_removed']"
True,True,['Na'],True,6,True,True,COC1=C(C=C(C=C1)S(=O)(=O)CCOS(=O)(=O)[O-])N=NC2=C(C=C3C(=C2O)C=CC(=C3N=NC4=C(C=C(C=C4)S(=O)(=O)CCOS(=O)(=O)[O-])S(=O)(=O)[O-])NCS(=O)(=O)[O-])S(=O)(=O)[O-].[Na+].[Na+].[Na+].[Na+].[Na+],COc1ccc(S(=O)(=O)CCOS(=O)(=O)[O-])cc1N=Nc1c(S(=O)(=O)[O-])cc2c(N=Nc3ccc(S(=O)(=O)CCOS(=O)(=O)[O-])cc3S(=O)(=O)[O-])c(NCS(=O)(=O)[O-])ccc2c1O,COc1ccc(S(=O)(=O)CCOS(=O)(=O)O)cc1N=Nc1c(S(=O)(=O)O)cc2c(N=Nc3ccc(S(=O)(=O)CCOS(=O)(=O)O)cc3S(=O)(=O)O)c(NCS(=O)(=O)O)ccc2c1O,1137.9310000000003,1028.0210000000004,-109.90999999999985,"['salt_stripped', 'metal:Na', 'fragment_removed', 'charge_normalized']"
True,True,['Ca'],True,3,True,True,CCCCCCCC(=O)[O-].CCCCCCCC(=O)[O-].[Ca+2],CCCCCCCC(=O)[O-],CCCCCCCC(=O)O,326.4899999999999,144.214,-182.2759999999999,"['salt_stripped', 'metal:Ca', 'fragment_removed', 'charge_normalized']"
True,False,[],False,1,False,True,C1=CC=C(C(=C1)C#N)O,N#Cc1ccccc1O,N#Cc1ccccc1O,119.12299999999998,119.12299999999998,0.0,['none']
True,False,[],False,1,False,True,CN(C1=CC=CC=C1)C(=O)N(C)C2=CC=CC=C2,CN(C(=O)N(C)c1ccccc1)c1ccccc1,CN(C(=O)N(C)c1ccccc1)c1ccccc1,240.30599999999998,240.30599999999998,0.0,['none']
True,False,[],False,1,False,True,C1=CC=C(C=C1)COC2=CC3=CC=CC=C3C=C2,c1ccc(COc2ccc3ccccc3c2)cc1,c1ccc(COc2ccc3ccccc3c2)cc1,234.298,234.298,0.0,['none']
True,False,[],False,1,False,True,CCCCCCCCCCCC(=O)OCC(C)(C)C=NCCCCCCN=CC(C)(C)COC(=O)CCCCCCCCCCC,CCCCCCCCCCCC(=O)OCC(C)(C)C=NCCCCCCN=CC(C)(C)COC(=O)CCCCCCCCCCC,CCCCCCCCCCCC(=O)OCC(C)(C)C=NCCCCCCN=CC(C)(C)COC(=O)CCCCCCCCCCC,649.0579999999998,649.0579999999998,0.0,['none']
True,False,[],False,1,False,True,CC(C)(SC)SC,CSC(C)(C)SC,CSC(C)(C)SC,136.285,136.285,0.0,['none']
True,False,[],False,1,False,True,CC(C)COC(=O)C(C)O,CC(C)COC(=O)C(C)O,CC(C)COC(=O)C(C)O,146.18599999999998,146.18599999999998,0.0,['none']
True,False,[],False,1,False,True,C[Si]1O[Si](O[Si](O[Si](O[Si](O1)C)C)C)C,C[Si]1O[Si](C)O[Si](C)O[Si](C)O[Si](C)O1,C[Si]1O[Si](C)O[Si](C)O[Si](C)O[Si](C)O1,295.6,295.6,0.0,['none']
True,False,[],False,1,False,True,COC1C(C(C(C(O1)CO)O)O)O,COC1OC(CO)C(O)C(O)C1O,COC1OC(CO)C(O)C(O)C1O,194.18300000000002,194.18300000000002,0.0,['none']
True,False,[],False,1,False,True,COC(=O)CC(=C)C(=O)OC,C=C(CC(=O)OC)C(=O)OC,C=C(CC(=O)OC)C(=O)OC,158.153,158.153,0.0,['none']
True,False,[],False,1,False,True,CC(CCC(=O)O)C(=O)O,CC(CCC(=O)O)C(=O)O,CC(CCC(=O)O)C(=O)O,146.142,146.142,0.0,['none']
True,False,[],False,1,False,True,COCCCCC(=O)C1=CC=C(C=C1)C(F)(F)F,COCCCCC(=O)c1ccc(C(F)(F)F)cc1,COCCCCC(=O)c1ccc(C(F)(F)F)cc1,260.255,260.255,0.0,['none']
True,False,[],False,1,False,True,CCC(=CCCC(=CC#N)C)C,CCC(C)=CCCC(C)=CC#N,CCC(C)=CCCC(C)=CC#N,163.26399999999998,163.26399999999998,0.0,['none']
True,False,[],False,1,False,True,C1=CC=C(C=C1)OC2=CC=CC(=C2)C(C#N)O,N#CC(O)c1cccc(Oc2ccccc2)c1,N#CC(O)c1cccc(Oc2ccccc2)c1,225.24699999999999,225.24699999999999,0.0,['none']
True,False,[],False,1,False,True,C1=CC(=CC=C1NC2=C(C=C(C=C2)[N+](=O)[O-])[N+](=O)[O-])O,O=[N+]([O-])c1ccc(Nc2ccc(O)cc2)c([N+](=O)[O-])c1,O=[N+]([O-])c1ccc(Nc2ccc(O)cc2)c([N+](=O)[O-])c1,275.21999999999997,275.21999999999997,0.0,['none']
True,False,[],False,1,False,True,CCCCC(CC)COC(=O)C(=C(C1=CC=CC=C1)C2=CC=CC=C2)C#N,CCCCC(CC)COC(=O)C(C#N)=C(c1ccccc1)c1ccccc1,CCCCC(CC)COC(=O)C(C#N)=C(c1ccccc1)c1ccccc1,361.48500000000007,361.48500000000007,0.0,['none']
True,False,[],False,1,False,True,CCOC1=CC=C(C=C1)NC(=O)C,CCOc1ccc(NC(C)=O)cc1,CCOc1ccc(NC(C)=O)cc1,179.21899999999997,179.21899999999997,0.0,['none']
True,False,[],False,1,False,True,CCCCCCC(=O)OCC(COC(=O)CCCCCC)OC(=O)CCCCCC,CCCCCCC(=O)OCC(COC(=O)CCCCCC)OC(=O)CCCCCC,CCCCCCC(=O)OCC(COC(=O)CCCCCC)OC(=O)CCCCCC,428.61000000000035,428.61000000000035,0.0,['none']
True,False,[],True,2,True,True,C(=O)(C(C(F)(F)F)(OC(C(C(F)(F)F)(F)F)(F)F)F)[O-].[NH4+],O=C([O-])C(F)(OC(F)(F)C(F)(F)C(F)(F)F)C(F)(F)F,O=C(O)C(F)(OC(F)(F)C(F)(F)C(F)(F)F)C(F)(F)F,347.0799999999999,330.0489999999999,-17.031000000000006,"['salt_stripped', 'fragment_removed', 'charge_normalized']"
True,False,[],False,1,False,True,CCCC(=NO)C,CCCC(C)=NO,CCCC(C)=NO,101.14899999999999,101.14899999999999,0.0,['none']
True,False,[],False,1,False,True,CCOC(=O)OC,CCOC(=O)OC,CCOC(=O)OC,104.10499999999999,104.10499999999999,0.0,['none']
True,False,[],False,1,False,True,CCCCCCCCCCCCCCCCCCOCCOP(=O)(O)O,CCCCCCCCCCCCCCCCCCOCCOP(=O)(O)O,CCCCCCCCCCCCCCCCCCOCCOP(=O)(O)O,394.533,394.533,0.0,['none']
True,False,[],False,1,False,True,CCCCCCCCCCCCCCCC(=O)OCCOC(=O)CCCCCCCCCCCCCCC,CCCCCCCCCCCCCCCC(=O)OCCOC(=O)CCCCCCCCCCCCCCC,CCCCCCCCCCCCCCCC(=O)OCCOC(=O)CCCCCCCCCCCCCCC,538.8980000000006,538.8980000000006,0.0,['none']
True,False,[],False,1,False,True,CCCCCOC(=O)CC,CCCCCOC(=O)CC,CCCCCOC(=O)CC,144.21399999999997,144.21399999999997,0.0,['none']
True,False,[],False,1,False,True,CCNC1=C2C(=C(C(=C1)C#N)N)C(=O)C3=CC=CC=C3C2=O,CCNc1cc(C#N)c(N)c2c1C(=O)c1ccccc1C2=O,CCNc1cc(C#N)c(N)c2c1C(=O)c1ccccc1C2=O,291.31000000000006,291.31000000000006,0.0,['none']
True,True,['Na'],True,3,True,True,C1=CC=C(C=C1)NC2=C(C=C(C=C2)N=NC3=CC=C(C4=CC=CC=C43)N=NC5=C(C=CC6=C5C=CC(=C6)S(=O)(=O)[O-])O)S(=O)(=O)[O-].[Na+].[Na+],O=S(=O)([O-])c1ccc2c(N=Nc3ccc(N=Nc4ccc(Nc5ccccc5)c(S(=O)(=O)[O-])c4)c4ccccc34)c(O)ccc2c1,O=S(=O)(O)c1ccc2c(N=Nc3ccc(N=Nc4ccc(Nc5ccccc5)c(S(=O)(=O)O)c4)c4ccccc34)c(O)ccc2c1,697.6620000000004,653.6980000000004,-43.96399999999994,"['salt_stripped', 'metal:Na', 'fragment_removed', 'charge_normalized']"
True,False,[],False,1,False,True,CCCCCCCCCCCCCCCCCC(=O)OCCOC(=O)CCCCCCCCCCCCCCCCC,CCCCCCCCCCCCCCCCCC(=O)OCCOC(=O)CCCCCCCCCCCCCCCCC,CCCCCCCCCCCCCCCCCC(=O)OCCOC(=O)CCCCCCCCCCCCCCCCC,595.0060000000002,595.0060000000002,0.0,['none']
True,False,[],False,1,False,True,CCOCCOC(=O)OCC,CCOCCOC(=O)OCC,CCOCCOC(=O)OCC,162.18499999999997,162.18499999999997,0.0,['none']
True,True,['Na'],True,2,True,True,CC(C)(CS(=O)(=O)[O-])NC(=O)CCSCCC(C(C(C(C(C(F)(F)F)(F)F)(F)F)(F)F)(F)F)(F)F.[Na+],CC(C)(CS(=O)(=O)[O-])NC(=O)CCSCCC(F)(F)C(F)(F)C(F)(F)C(F)(F)C(F)(F)C(F)(F)F,CC(C)(CS(=O)(=O)O)NC(=O)CCSCCC(F)(F)C(F)(F)C(F)(F)C(F)(F)C(F)(F)C(F)(F)F,609.4020000000003,587.4200000000002,-21.982000000000085,"['salt_stripped', 'metal:Na', 'fragment_removed', 'charge_normalized']"
True,False,[],False,1,False,True,C(CCCO)CCO,OCCCCCCO,OCCCCCCO,118.17599999999999,118.17599999999999,0.0,['none']
True,False,[],False,1,False,True,CCCCCCCCCCCCCCCCOC(=O)C,CCCCCCCCCCCCCCCCOC(C)=O,CCCCCCCCCCCCCCCCOC(C)=O,284.4839999999999,284.4839999999999,0.0,['none']
True,False,[],False,1,False,True,CCCCCCCCCCCCCCCCCCCCCC,CCCCCCCCCCCCCCCCCCCCCC,CCCCCCCCCCCCCCCCCCCCCC,310.61,310.61,0.0,['none']
True,False,[],True,2,False,True,CC(C)(C)C(C(=O)O)NC(=O)OCC1=CC=CC=C1.C1CCC(CC1)NC2CCCCC2,CC(C)(C)C(NC(=O)OCc1ccccc1)C(=O)O,CC(C)(C)C(NC(=O)OCc1ccccc1)C(=O)O,446.6320000000004,265.30899999999997,-181.32300000000043,"['salt_stripped', 'fragment_removed']"
True,False,[],True,4,False,True,CC(=C)C(=O)NCCC[N+](C)(C)CC(=O)NCCC[N+](C)(C)CC(C[N+](C)(C)C)O.[Cl-].[Cl-].[Cl-],C=C(C)C(=O)NCCC[N+](C)(C)CC(=O)NCCC[N+](C)(C)CC(O)C[N+](C)(C)C,C=C(C)C(=O)NCCC[N+](C)(C)CC(=O)NCCC[N+](C)(C)CC(O)C[N+](C)(C)C,537.0170000000002,430.65800000000024,-106.35899999999992,"['salt_stripped', 'fragment_removed']"
True,False,[],False,1,True,True,O[PH+]=O,O=[PH+]O,O=PO,64.988,63.980000000000004,-1.0079999999999956,['charge_normalized']
True,False,[],False,1,False,True,CCCCCCCCCCCC(=O)OCCC(C)C,CCCCCCCCCCCC(=O)OCCC(C)C,CCCCCCCCCCCC(=O)OCCC(C)C,270.45699999999994,270.45699999999994,0.0,['none']
True,False,[],False,1,False,True,C(CCC(=O)N(CCO)CCO)CC(=O)N(CCO)CCO,O=C(CCCCC(=O)N(CCO)CCO)N(CCO)CCO,O=C(CCCCC(=O)N(CCO)CCO)N(CCO)CCO,320.3860000000001,320.3860000000001,0.0,['none']
True,True,['Zn'],True,3,False,True,CC(=C)C(=O)O.O.[Zn],C=C(C)C(=O)O,C=C(C)C(=O)O,169.495,86.08999999999999,-83.40500000000002,"['salt_stripped', 'metal:Zn', 'fragment_removed']"
True,False,[],False,1,False,True,CCOC(=O)C1=NN(C(=O)C1N=NC2=C(C=C(C=C2)C3=CC(=C(C=C3)N=NC4C(=NN(C4=O)C5=CC=CC=C5)C(=O)OCC)Cl)Cl)C6=CC=CC=C6,CCOC(=O)C1=NN(c2ccccc2)C(=O)C1N=Nc1ccc(-c2ccc(N=NC3C(=O)N(c4ccccc4)N=C3C(=O)OCC)c(Cl)c2)cc1Cl,CCOC(=O)C1=NN(c2ccccc2)C(=O)C1N=Nc1ccc(-c2ccc(N=NC3C(=O)N(c4ccccc4)N=C3C(=O)OCC)c(Cl)c2)cc1Cl,739.5760000000001,739.5760000000001,0.0,['none']
True,True,['Na'],True,2,True,True,C1=C(C=C(C=C1C(=O)O)S(=O)(=O)[O-])C(=O)O.[Na+],O=C(O)c1cc(C(=O)O)cc(S(=O)(=O)[O-])c1,O=C(O)c1cc(C(=O)O)cc(S(=O)(=O)O)c1,268.17799999999994,246.19599999999997,-21.98199999999997,"['salt_stripped', 'metal:Na', 'fragment_removed', 'charge_normalized']"
True,False,[],False,1,False,True,CC=CC1=CC(=C(C=C1)OC)OC,CC=Cc1ccc(OC)c(OC)c1,CC=Cc1ccc(OC)c(OC)c1,178.23099999999997,178.23099999999997,0.0,['none']
True,False,[],False,1,False,True,CC(C)(C)C1=CC(=CC(=C1O)C(C)(C)C)CCC(=O)OC,COC(=O)CCc1cc(C(C)(C)C)c(O)c(C(C)(C)C)c1,COC(=O)CCc1cc(C(C)(C)C)c(O)c(C(C)(C)C)c1,292.419,292.419,0.0,['none']
True,True,['Mn'],True,2,True,True,C(=O)(C(=O)[O-])[O-].[Mn+2],O=C([O-])C(=O)[O-],O=C(O)C(=O)O,142.95600000000002,90.03399999999999,-52.922000000000025,"['salt_stripped', 'metal:Mn', 'fragment_removed', 'charge_normalized']"
True,False,[],False,1,False,True,CCCCCCCCC=CCCCCCCCCO[P+](=O)OCCCCCCCCC=CCCCCCCCC,CCCCCCCCC=CCCCCCCCCO[P+](=O)OCCCCCCCCC=CCCCCCCCC,CCCCCCCCC=CCCCCCCCCO[P+](=O)OCCCCCCCCC=CCCCCCCCC,581.9270000000001,581.9270000000001,0.0,['none']
True,False,[],False,1,False,True,C1=CC=C(C=C1)OC2=C(C3=C(C(=C2OC4=CC=CC=C4)N)C(=O)C5=CC=CC=C5C3=O)N,Nc1c(Oc2ccccc2)c(Oc2ccccc2)c(N)c2c1C(=O)c1ccccc1C2=O,Nc1c(Oc2ccccc2)c(Oc2ccccc2)c(N)c2c1C(=O)c1ccccc1C2=O,422.44000000000017,422.44000000000017,0.0,['none']
True,False,[],False,1,False,True,CCOC(=O)CC1(OCCO1)C,CCOC(=O)CC1(C)OCCO1,CCOC(=O)CC1(C)OCCO1,174.19599999999997,174.19599999999997,0.0,['none']
True,False,[],False,1,False,True,CC1=C(C=C(C=C1)N2C(=O)C=CC2=O)N3C(=O)C=CC3=O,Cc1ccc(N2C(=O)C=CC2=O)cc1N1C(=O)C=CC1=O,Cc1ccc(N2C(=O)C=CC2=O)cc1N1C(=O)C=CC1=O,282.25500000000005,282.25500000000005,0.0,['none']
True,False,[],False,1,False,True,CCCCCCCC(=O)NCCN(CCC(=O)O)CCO,CCCCCCCC(=O)NCCN(CCO)CCC(=O)O,CCCCCCCC(=O)NCCN(CCO)CCC(=O)O,302.415,302.415,0.0,['none']
True,False,[],True,2,False,True,CCN(CC)C1=CC=C(C=C1)C=CC2=[N+](C3=CC=CC=C3C2(C)C)C.CC(=O)[O-],CCN(CC)c1ccc(C=CC2=[N+](C)c3ccccc3C2(C)C)cc1,CCN(CC)c1ccc(C=CC2=[N+](C)c3ccccc3C2(C)C)cc1,392.54300000000023,333.49900000000014,-59.044000000000096,"['salt_stripped', 'fragment_removed']"
True,False,[],False,1,False,True,C(CCCCCN)CCCCN,NCCCCCCCCCCN,NCCCCCCCCCCN,172.31599999999997,172.31599999999997,0.0,['none']
True,True,"['Cr', 'Na']",True,4,True,True,C1=CC=C2C(=C1)C=CC(=C2N=NC3=C(C=C(C=C3)[N+](=O)[O-])[O-])[O-].C1=CC=C2C(=C1)C=CC(=O)C2=NN=C3C=CC(=CC3=O)N([O-])[O-].[Na+].[Cr+3],O=C1C=C(N([O-])[O-])C=CC1=NN=C1C(=O)C=Cc2ccccc21,O=C1C=C(N(O)O)C=CC1=NN=C1C(=O)C=Cc2ccccc21,689.5160000000002,309.281,-380.2350000000002,"['salt_stripped', 'metal:Cr,Na', 'fragment_removed', 'charge_normalized']"
True,False,[],False,1,False,True,C1=CC=C(C(=C1)C(=O)NC(=O)NC2=CC=C(C=C2)OC(F)(F)F)Cl,O=C(NC(=O)c1ccccc1Cl)Nc1ccc(OC(F)(F)F)cc1,O=C(NC(=O)c1ccccc1Cl)Nc1ccc(OC(F)(F)F)cc1,358.703,358.703,0.0,['none']
True,False,[],False,1,False,True,CC1C(C2CCCC3C2(C1(C)C)CC(O3)(C)C)(C)C,CC1C(C)(C)C2CCCC3OC(C)(C)CC32C1(C)C,CC1C(C)(C)C2CCCC3OC(C)(C)CC32C1(C)C,264.453,264.453,0.0,['none']
True,False,[],True,2,True,True,[NH4+].[N+](=O)([O-])[O-],[NH4+],N,80.04299999999999,17.031,-63.01199999999999,"['salt_stripped', 'fragment_removed', 'charge_normalized']"
True,False,[],False,1,False,True,CC(=O)C(C(=O)NC1=CC=CC=C1Cl)N=NC2=C(C=C(C=C2)Cl)[N+](=O)[O-],CC(=O)C(N=Nc1ccc(Cl)cc1[N+](=O)[O-])C(=O)Nc1ccccc1Cl,CC(=O)C(N=Nc1ccc(Cl)cc1[N+](=O)[O-])C(=O)Nc1ccccc1Cl,395.20200000000017,395.20200000000017,0.0,['none']
True,False,[],True,3,False,True,CN1CCCC1C2=CN=CC=C2.C(C(C(=O)O)O)(C(=O)O)O.C(C(C(=O)O)O)(C(=O)O)O,CN1CCCC1c1cccnc1,CN1CCCC1c1cccnc1,462.4080000000002,162.23600000000002,-300.17200000000014,"['salt_stripped', 'fragment_removed']"
True,False,[],False,1,False,True,C1=CC=C(C(=C1)C(=O)N)O,NC(=O)c1ccccc1O,NC(=O)c1ccccc1O,137.138,137.138,0.0,['none']
True,False,[],True,2,False,True,CC1=C(C2=C(C=C1)N=C(S2)C3=CC=C(C=C3)N=NC4C(=O)NC(=O)NC4=O)S(=O)(=O)O.C(CO)N(CCO)CCO,Cc1ccc2nc(-c3ccc(N=NC4C(=O)NC(=O)NC4=O)cc3)sc2c1S(=O)(=O)O,Cc1ccc2nc(-c3ccc(N=NC4C(=O)NC(=O)NC4=O)cc3)sc2c1S(=O)(=O)O,608.6550000000001,459.46500000000015,-149.18999999999994,"['salt_stripped', 'fragment_removed']"
True,False,[],True,2,False,True,CCCCCCCCCCCCCCCC[N+](C)(C)C.COS(=O)(=O)[O-],CCCCCCCCCCCCCCCC[N+](C)(C)C,CCCCCCCCCCCCCCCC[N+](C)(C)C,395.6500000000001,284.55199999999996,-111.09800000000013,"['salt_stripped', 'fragment_removed']"
True,True,['Na'],True,3,True,True,CC1=NN(C(=O)C1N=NC2=CC(=C(C=C2S(=O)(=O)[O-])Cl)Cl)C3=CC(=CC=C3)S(=O)(=O)[O-].[Na+].[Na+],CC1=NN(c2cccc(S(=O)(=O)[O-])c2)C(=O)C1N=Nc1cc(Cl)c(Cl)cc1S(=O)(=O)[O-],CC1=NN(c2cccc(S(=O)(=O)O)c2)C(=O)C1N=Nc1cc(Cl)c(Cl)cc1S(=O)(=O)O,551.2970000000001,507.33300000000014,-43.964,"['salt_stripped', 'metal:Na', 'fragment_removed', 'charge_normalized']"
True,True,['Ca'],True,2,True,True,CC1=NN(C(=O)C1N=NC2=CC(=C(C=C2S(=O)(=O)[O-])Cl)Cl)C3=CC(=CC=C3)S(=O)(=O)[O-].[Ca+2],CC1=NN(c2cccc(S(=O)(=O)[O-])c2)C(=O)C1N=Nc1cc(Cl)c(Cl)cc1S(=O)(=O)[O-],CC1=NN(c2cccc(S(=O)(=O)O)c2)C(=O)C1N=Nc1cc(Cl)c(Cl)cc1S(=O)(=O)O,545.3950000000001,507.33300000000014,-38.061999999999955,"['salt_stripped', 'metal:Ca', 'fragment_removed', 'charge_normalized']"
True,False,[],False,1,False,True,CC(=O)C(C(=O)NC1=CC=CC=C1OC)N=NC2=C(C=C(C=C2)OC)[N+](=O)[O-],COc1ccc(N=NC(C(C)=O)C(=O)Nc2ccccc2OC)c([N+](=O)[O-])c1,COc1ccc(N=NC(C(C)=O)C(=O)Nc2ccccc2OC)c([N+](=O)[O-])c1,386.36400000000015,386.36400000000015,0.0,['none']
True,False,[],False,1,False,True,CC1=CC=CC=C1NC(=O)C2=CC3=CC=CC=C3C(=C2O)N=NC4=CC(=C(C=C4Cl)Cl)Cl,Cc1ccccc1NC(=O)c1cc2ccccc2c(N=Nc2cc(Cl)c(Cl)cc2Cl)c1O,Cc1ccccc1NC(=O)c1cc2ccccc2c(N=Nc2cc(Cl)c(Cl)cc2Cl)c1O,484.7700000000001,484.7700000000001,0.0,['none']
True,False,[],False,1,False,True,CC1CCC2(C(=CCCC2(C1OC=O)C)C)C,CC1=CCCC2(C)C(OC=O)C(C)CCC12C,CC1=CCCC2(C)C(OC=O)C(C)CCC12C,236.355,236.355,0.0,['none']
True,False,[],False,1,False,True,CCC=CCCOC(=O)C1=CC=CC=C1O,CCC=CCCOC(=O)c1ccccc1O,CCC=CCCOC(=O)c1ccccc1O,220.26800000000003,220.26800000000003,0.0,['none']
True,False,[],False,1,False,True,CCCCCC1(CCC(C1=O)(C)C)C,CCCCCC1(C)CCC(C)(C)C1=O,CCCCCC1(C)CCC(C)(C)C1=O,196.33399999999997,196.33399999999997,0.0,['none']
True,True,['Na'],True,2,True,True,CC1=CC=C(C=C1)S(=O)(=O)[O-].[Na+],Cc1ccc(S(=O)(=O)[O-])cc1,Cc1ccc(S(=O)(=O)O)cc1,194.18699999999998,172.20499999999998,-21.982,"['salt_stripped', 'metal:Na', 'fragment_removed', 'charge_normalized']"
True,False,[],False,1,False,True,C1=CC(=CC=C1CC(C(=O)O)NC(=O)CN)O,NCC(=O)NC(Cc1ccc(O)cc1)C(=O)O,NCC(=O)NC(Cc1ccc(O)cc1)C(=O)O,238.24299999999997,238.24299999999997,0.0,['none']
True,False,[],False,1,False,True,CCC(COC(=O)CC(C)CC(C)(C)C)(COC(=O)CC(C)CC(C)(C)C)COC(=O)CC(C)CC(C)(C)C,CCC(COC(=O)CC(C)CC(C)(C)C)(COC(=O)CC(C)CC(C)(C)C)COC(=O)CC(C)CC(C)(C)C,CCC(COC(=O)CC(C)CC(C)(C)C)(COC(=O)CC(C)CC(C)(C)C)COC(=O)CC(C)CC(C)(C)C,554.8530000000003,554.8530000000003,0.0,['none']
True,False,[],False,1,False,True,CC(CC(=O)OCC(COCC(COC(=O)CC(C)CC(C)(C)C)(COC(=O)CC(C)CC(C)(C)C)COC(=O)CC(C)CC(C)(C)C)(COC(=O)CC(C)CC(C)(C)C)COC(=O)CC(C)CC(C)(C)C)CC(C)(C)C,CC(CC(=O)OCC(COCC(COC(=O)CC(C)CC(C)(C)C)(COC(=O)CC(C)CC(C)(C)C)COC(=O)CC(C)CC(C)(C)C)(COC(=O)CC(C)CC(C)(C)C)COC(=O)CC(C)CC(C)(C)C)CC(C)(C)C,CC(CC(=O)OCC(COCC(COC(=O)CC(C)CC(C)(C)C)(COC(=O)CC(C)CC(C)(C)C)COC(=O)CC(C)CC(C)(C)C)(COC(=O)CC(C)CC(C)(C)C)COC(=O)CC(C)CC(C)(C)C)CC(C)(C)C,1095.6349999999989,1095.6349999999989,0.0,['none']
True,False,[],False,1,False,True,CC(C)CCOC(=O)CC(C)C,CC(C)CCOC(=O)CC(C)C,CC(C)CCOC(=O)CC(C)C,172.26799999999997,172.26799999999997,0.0,['none']
True,False,[],False,1,False,True,CCCCCC=O,CCCCCC=O,CCCCCC=O,100.16099999999999,100.16099999999999,0.0,['none']
True,False,[],True,2,False,True,C1CNCCN1.OP(=O)(O)OP(=O)(O)O,C1CNCCN1,C1CNCCN1,264.111,86.138,-177.97299999999998,"['salt_stripped', 'fragment_removed']"
True,False,[],False,1,False,True,CC(=C)C(=O)OCCCCCCOC(=O)C(=C)C,C=C(C)C(=O)OCCCCCCOC(=O)C(=C)C,C=C(C)C(=O)OCCCCCCOC(=O)C(=C)C,254.32599999999994,254.32599999999994,0.0,['none']
True,False,[],False,1,False,True,CCCCCCCCCCCCCCCCCCCCCCO,CCCCCCCCCCCCCCCCCCCCCCO,CCCCCCCCCCCCCCCCCCCCCCO,326.60900000000004,326.60900000000004,0.0,['none']
True,False,[],False,1,False,True,CC1=CC(=CC(=C1)C(=O)Cl)C,Cc1cc(C)cc(C(=O)Cl)c1,Cc1cc(C)cc(C(=O)Cl)c1,168.62299999999996,168.62299999999996,0.0,['none']
True,True,['Na'],True,4,True,True,C(C(C1C(=C(C(=O)O1)OP(=O)([O-])[O-])[O-])O)O.[Na+].[Na+].[Na+],O=C1OC(C(O)CO)C([O-])=C1OP(=O)([O-])[O-],O=C1OC(C(O)CO)C(O)=C1OP(=O)(O)O,322.049,256.10299999999995,-65.94600000000003,"['salt_stripped', 'metal:Na', 'fragment_removed', 'charge_normalized']"
True,False,[],False,1,False,True,CC1CN(CO1)CN2CC(OC2)C,CC1CN(CN2COC(C)C2)CO1,CC1CN(CN2COC(C)C2)CO1,186.25499999999997,186.25499999999997,0.0,['none']
True,False,[],False,1,False,True,C1CC1NC2=NC(=NC(=N2)N)N,Nc1nc(N)nc(NC2CC2)n1,Nc1nc(N)nc(NC2CC2)n1,166.188,166.188,0.0,['none']
True,True,['K'],True,2,True,True,CC(C)CCCCCCCCCCCCCCC(=O)[O-].[K+],CC(C)CCCCCCCCCCCCCCC(=O)[O-],CC(C)CCCCCCCCCCCCCCC(=O)O,322.57399999999996,284.4839999999999,-38.09000000000003,"['salt_stripped', 'metal:K', 'fragment_removed', 'charge_normalized']"
True,False,[],False,1,False,True,CC(C)CC1=CC=C(C=C1)CC(C)C=O,CC(C)Cc1ccc(CC(C)C=O)cc1,CC(C)Cc1ccc(CC(C)C=O)cc1,204.31299999999996,204.31299999999996,0.0,['none']
True,False,[],False,1,False,True,CCOCCCNC(=O)C(C(C)(C)CO)O,CCOCCCNC(=O)C(O)C(C)(C)CO,CCOCCCNC(=O)C(O)C(C)(C)CO,233.308,233.308,0.0,['none']
True,False,[],False,1,False,True,C(=CC(F)(F)F)C(F)(F)F,FC(F)(F)C=CC(F)(F)F,FC(F)(F)C=CC(F)(F)F,164.048,164.048,0.0,['none']
True,False,[],False,1,False,True,CC1=CC(=NN1)C,Cc1cc(C)[nH]n1,Cc1cc(C)[nH]n1,96.13300000000001,96.13300000000001,0.0,['none']
True,False,[],False,1,False,True,C1=CC=C(C=C1)CCN2C(=O)C3=C4C(=CC=C5C4=C(C=C3)C6=C7C5=CC=C8C7=C(C=C6)C(=O)N(C8=O)CCC9=CC=CC=C9)C2=O,O=C1c2ccc3c4ccc5c6c(ccc(c7ccc(c2c37)C(=O)N1CCc1ccccc1)c64)C(=O)N(CCc1ccccc1)C5=O,O=C1c2ccc3c4ccc5c6c(ccc(c7ccc(c2c37)C(=O)N1CCc1ccccc1)c64)C(=O)N(CCc1ccccc1)C5=O,598.6580000000004,598.6580000000004,0.0,['none']
True,False,[],False,1,False,True,CN(C)CCCNCCCN(C)C,CN(C)CCCNCCCN(C)C,CN(C)CCCNCCCN(C)C,187.331,187.331,0.0,['none']
True,False,[],False,1,False,True,CC(CN(CCO)CCO)O,CC(O)CN(CCO)CCO,CC(O)CN(CCO)CCO,163.21699999999998,163.21699999999998,0.0,['none']
True,False,[],False,1,False,True,CCOC1=CC=C(C=C1)NC2=C(C=C(C=C2)S(=O)(=O)N(C)C)[N+](=O)[O-],CCOc1ccc(Nc2ccc(S(=O)(=O)N(C)C)cc2[N+](=O)[O-])cc1,CCOc1ccc(Nc2ccc(S(=O)(=O)N(C)C)cc2[N+](=O)[O-])cc1,365.4110000000001,365.4110000000001,0.0,['none']
True,False,[],False,1,False,True,C[Si](CCC(F)(F)F)(Cl)Cl,C[Si](Cl)(Cl)CCC(F)(F)F,C[Si](Cl)(Cl)CCC(F)(F)F,211.086,211.086,0.0,['none']
True,False,[],False,1,False,True,CC1CN(CC(O1)C)CC(C)CC2=CC=C(C=C2)C(C)(C)C,CC(Cc1ccc(C(C)(C)C)cc1)CN1CC(C)OC(C)C1,CC(Cc1ccc(C(C)(C)C)cc1)CN1CC(C)OC(C)C1,303.49000000000007,303.49000000000007,0.0,['none']
True,False,[],False,1,False,True,CC(C)C=C(C)C(C)OC(C)(C)COC(=O)C1CC1,CC(=CC(C)C)C(C)OC(C)(C)COC(=O)C1CC1,CC(=CC(C)C)C(C)OC(C)(C)COC(=O)C1CC1,268.397,268.397,0.0,['none']
True,True,['Na'],True,2,True,True,CCCCOCCOS(=O)(=O)[O-].[Na+],CCCCOCCOS(=O)(=O)[O-],CCCCOCCOS(=O)(=O)O,220.22199999999998,198.23999999999998,-21.982,"['salt_stripped', 'metal:Na', 'fragment_removed', 'charge_normalized']"
True,False,[],False,1,False,True,CC(=CCC(C)(C)C(OC)OC)C,COC(OC)C(C)(C)CC=C(C)C,COC(OC)C(C)(C)CC=C(C)C,186.295,186.295,0.0,['none']
True,False,[],True,2,False,True,CCCCCCCCCCCCCCCCCC(=O)OCC[N+](C)(C)CCOC(=O)CCCCCCCCCCCCCCCCC.[Cl-],CCCCCCCCCCCCCCCCCC(=O)OCC[N+](C)(C)CCOC(=O)CCCCCCCCCCCCCCCCC,CCCCCCCCCCCCCCCCCC(=O)OCC[N+](C)(C)CCOC(=O)CCCCCCCCCCCCCCCCC,702.5899999999998,667.1369999999998,-35.452999999999975,"['salt_stripped', 'fragment_removed']"
True,True,['Bi'],True,4,True,True,CCCCC(CC)C(=O)[O-].CCCCC(CC)C(=O)[O-].CCCCC(CC)C(=O)[O-].[Bi+3],CCCCC(CC)C(=O)[O-],CCCCC(CC)C(=O)O,638.5980000000003,144.214,-494.3840000000003,"['salt_stripped', 'metal:Bi', 'fragment_removed', 'charge_normalized']"
True,False,[],False,1,False,True,CC1CCC2C13CCC(C(C3)C2(C)C)(C)OC,COC1(C)CCC23CC1C(C)(C)C2CCC3C,COC1(C)CCC23CC1C(C)(C)C2CCC3C,236.39899999999997,236.39899999999997,0.0,['none']
True,False,[],False,1,False,True,CC(=O)NC1=CC=C(C=C1)NC2=C3C(=C(C=C2)O)C(=O)C4=CC=CC=C4C3=O,CC(=O)Nc1ccc(Nc2ccc(O)c3c2C(=O)c2ccccc2C3=O)cc1,CC(=O)Nc1ccc(Nc2ccc(O)c3c2C(=O)c2ccccc2C3=O)cc1,372.3800000000001,372.3800000000001,0.0,['none']
True,False,[],False,1,False,True,C(C(=O)O)S,O=C(O)CS,O=C(O)CS,92.119,92.119,0.0,['none']
True,False,[],False,1,False,True,CC(=O)C1(CCC2C1(CCC3C2CCC4=CC(=O)CCC34C)C)O,CC(=O)C1(O)CCC2C3CCC4=CC(=O)CCC4(C)C3CCC21C,CC(=O)C1(O)CCC2C3CCC4=CC(=O)CCC4(C)C3CCC21C,330.4680000000001,330.4680000000001,0.0,['none']
True,False,[],True,2,True,True,CC(C)C1=CC=C(C=C1)S(=O)(=O)[O-].[NH4+],CC(C)c1ccc(S(=O)(=O)[O-])cc1,CC(C)c1ccc(S(=O)(=O)O)cc1,217.28999999999996,200.25899999999996,-17.031000000000006,"['salt_stripped', 'fragment_removed', 'charge_normalized']"
True,False,[],False,1,False,True,CC1(C(C1C(=O)O)C=C(C(F)(F)F)Cl)C,CC1(C)C(C=C(Cl)C(F)(F)F)C1C(=O)O,CC1(C)C(C=C(Cl)C(F)(F)F)C1C(=O)O,242.62399999999997,242.62399999999997,0.0,['none']
True,False,[],False,1,False,True,CC(=O)C(C(=O)NC1=CC2=C(C=C1)NC(=O)N2)N=NC3=CC=CC=C3C(F)(F)F,CC(=O)C(N=Nc1ccccc1C(F)(F)F)C(=O)Nc1ccc2[nH]c(=O)[nH]c2c1,CC(=O)C(N=Nc1ccccc1C(F)(F)F)C(=O)Nc1ccc2[nH]c(=O)[nH]c2c1,405.33600000000007,405.33600000000007,0.0,['none']
True,True,['Na'],True,3,True,True,C1=CC(=CC=C1N=NC2=CC(=C(C=C2O)O)N=NC3=C4C(=CC(=C3)S(=O)(=O)[O-])C=C(C(=C4O)N=NC5=C(C(=CC(=C5)[N+](=O)[O-])[N+](=O)[O-])O)S(=O)(=O)[O-])[N+](=O)[O-].[Na+].[Na+],O=[N+]([O-])c1ccc(N=Nc2cc(N=Nc3cc(S(=O)(=O)[O-])cc4cc(S(=O)(=O)[O-])c(N=Nc5cc([N+](=O)[O-])cc([N+](=O)[O-])c5O)c(O)c34)c(O)cc2O)cc1,O=[N+]([O-])c1ccc(N=Nc2cc(N=Nc3cc(S(=O)(=O)O)cc4cc(S(=O)(=O)O)c(N=Nc5cc([N+](=O)[O-])cc([N+](=O)[O-])c5O)c(O)c34)c(O)cc2O)cc1,843.5890000000004,799.6250000000003,-43.964000000000055,"['salt_stripped', 'metal:Na', 'fragment_removed', 'charge_normalized']"
True,False,[],False,1,False,True,CC(C)CCCCCCCCCCCCCCC(=O)OC(C)C,CC(C)CCCCCCCCCCCCCCC(=O)OC(C)C,CC(C)CCCCCCCCCCCCCCC(=O)OC(C)C,326.565,326.565,0.0,['none']
True,True,['Na'],True,3,True,True,CCCCC(CC)COP(=O)([O-])[O-].[Na+].[Na+],CCCCC(CC)COP(=O)([O-])[O-],CCCCC(CC)COP(=O)(O)O,254.17399999999998,210.20999999999998,-43.964,"['salt_stripped', 'metal:Na', 'fragment_removed', 'charge_normalized']"
True,True,['Na'],True,3,True,True,C1=CC(=CC=C1N=NC2=CC=C(C=C2)S(=O)(=O)[O-])N=NC3=C(C=C4C=C(C=CC4=C3O)NC5=NC(=NC(=N5)NCCO)NCCO)S(=O)(=O)[O-].[Na+].[Na+],O=S(=O)([O-])c1ccc(N=Nc2ccc(N=Nc3c(S(=O)(=O)[O-])cc4cc(Nc5nc(NCCO)nc(NCCO)n5)ccc4c3O)cc2)cc1,O=S(=O)(O)c1ccc(N=Nc2ccc(N=Nc3c(S(=O)(=O)O)cc4cc(Nc5nc(NCCO)nc(NCCO)n5)ccc4c3O)cc2)cc1,768.7020000000001,724.7380000000002,-43.96399999999994,"['salt_stripped', 'metal:Na', 'fragment_removed', 'charge_normalized']"
True,True,['Na'],True,7,True,True,C1=CC=C(C(=C1)N=NC2=C(C3=C(C=C(C=C3C=C2S(=O)(=O)[O-])S(=O)(=O)[O-])NC4=NC(=NC(=N4)NC5=CC=C(C=C5)NC6=NC(=NC(=N6)Cl)NC7=C8C(=CC(=C7)S(=O)(=O)[O-])C=C(C(=C8O)N=NC9=CC=CC=C9S(=O)(=O)[O-])S(=O)(=O)[O-])Cl)O)S(=O)(=O)[O-].[Na+].[Na+].[Na+].[Na+].[Na+].[Na+],O=S(=O)([O-])c1cc(Nc2nc(Cl)nc(Nc3ccc(Nc4nc(Cl)nc(Nc5cc(S(=O)(=O)[O-])cc6cc(S(=O)(=O)[O-])c(N=Nc7ccccc7S(=O)(=O)[O-])c(O)c56)n4)cc3)n2)c2c(O)c(N=Nc3ccccc3S(=O)(=O)[O-])c(S(=O)(=O)[O-])cc2c1,O=S(=O)(O)c1cc(Nc2nc(Cl)nc(Nc3ccc(Nc4nc(Cl)nc(Nc5cc(S(=O)(=O)O)cc6cc(S(=O)(=O)O)c(N=Nc7ccccc7S(=O)(=O)O)c(O)c56)n4)cc3)n2)c2c(O)c(N=Nc3ccccc3S(=O)(=O)O)c(S(=O)(=O)O)cc2c1,1470.0020000000002,1338.1100000000001,-131.89200000000005,"['salt_stripped', 'metal:Na', 'fragment_removed', 'charge_normalized']"
True,False,[],True,3,True,True,C(C(=O)[O-])SSCC(=O)[O-].[NH4+].[NH4+],O=C([O-])CSSCC(=O)[O-],O=C(O)CSSCC(=O)O,216.28400000000002,182.22199999999998,-34.06200000000004,"['salt_stripped', 'fragment_removed', 'charge_normalized']"
True,False,[],True,2,False,True,CCCCC(CC)COC(=O)NC1=CC(=C(C=C1)C)NC(=O)OCCN(C)C.CC(C(=O)O)O,CCCCC(CC)COC(=O)Nc1ccc(C)c(NC(=O)OCCN(C)C)c1,CCCCC(CC)COC(=O)Nc1ccc(C)c(NC(=O)OCCN(C)C)c1,483.6060000000003,393.5280000000002,-90.07800000000009,"['salt_stripped', 'fragment_removed']"
True,True,['Na'],True,6,True,True,C1=CC(=C(C=C1NC2=NC(=NC(=N2)N)Cl)N=NC3=C(C4=C(C(=C(C=C4C=C3S(=O)(=O)[O-])S(=O)(=O)[O-])N=NC5=C(C=CC(=C5)S(=O)(=O)[O-])S(=O)(=O)[O-])N)O)S(=O)(=O)[O-].[Na+].[Na+].[Na+].[Na+].[Na+],Nc1nc(Cl)nc(Nc2ccc(S(=O)(=O)[O-])c(N=Nc3c(S(=O)(=O)[O-])cc4cc(S(=O)(=O)[O-])c(N=Nc5cc(S(=O)(=O)[O-])ccc5S(=O)(=O)[O-])c(N)c4c3O)c2)n1,Nc1nc(Cl)nc(Nc2ccc(S(=O)(=O)O)c(N=Nc3c(S(=O)(=O)O)cc4cc(S(=O)(=O)O)c(N=Nc5cc(S(=O)(=O)O)ccc5S(=O)(=O)O)c(N)c4c3O)c2)n1,1021.1790000000004,911.2690000000005,-109.90999999999997,"['salt_stripped', 'metal:Na', 'fragment_removed', 'charge_normalized']"
True,False,[],True,2,False,True,CC1=CC=C(C=C1)S(=O)(=O)O.CC(C)(CO)N,Cc1ccc(S(=O)(=O)O)cc1,Cc1ccc(S(=O)(=O)O)cc1,261.34299999999996,172.20499999999998,-89.13799999999998,"['salt_stripped', 'fragment_removed']"
True,False,[],False,1,False,True,CNS(=O)(=O)C(C(C(C(F)(F)F)(F)F)(F)F)(F)F,CNS(=O)(=O)C(F)(F)C(F)(F)C(F)(F)C(F)(F)F,CNS(=O)(=O)C(F)(F)C(F)(F)C(F)(F)C(F)(F)F,313.1409999999999,313.1409999999999,0.0,['none']
True,False,[],True,2,False,True,CCCCCCCCCCCCCC[N+](C)(C)CCCCCCCCCCCCCC.[Cl-],CCCCCCCCCCCCCC[N+](C)(C)CCCCCCCCCCCCCC,CCCCCCCCCCCCCC[N+](C)(C)CCCCCCCCCCCCCC,474.3020000000005,438.84900000000044,-35.45300000000003,"['salt_stripped', 'fragment_removed']"
True,False,[],False,1,False,True,CCCCOC(=O)CC(C(=O)OCCCC)SP(=S)(OCCC)OCCC,CCCCOC(=O)CC(SP(=S)(OCCC)OCCC)C(=O)OCCCC,CCCCOC(=O)CC(SP(=S)(OCCC)OCCC)C(=O)OCCCC,442.5800000000002,442.5800000000002,0.0,['none']
True,False,[],False,1,False,True,CCCCC(CC)COP(=S)(OCC(CC)CCCC)SC(CC(=O)OCCCC)C(=O)OCCCC,CCCCOC(=O)CC(SP(=S)(OCC(CC)CCCC)OCC(CC)CCCC)C(=O)OCCCC,CCCCOC(=O)CC(SP(=S)(OCC(CC)CCCC)OCC(CC)CCCC)C(=O)OCCCC,582.8500000000003,582.8500000000003,0.0,['none']
True,False,[],False,1,False,True,CC(C)C(C(C)(C)COC(=O)C(C)C)OC(=O)C(C)C,CC(C)C(=O)OCC(C)(C)C(OC(=O)C(C)C)C(C)C,CC(C)C(=O)OCC(C)(C)C(OC(=O)C(C)C)C(C)C,286.41200000000003,286.41200000000003,0.0,['none']
True,False,[],True,2,False,True,CCCCCCCCC=CCCCCCCCC1=NCCN1CCO.CCOS(=O)(=O)OCC,CCCCCCCCC=CCCCCCCCC1=NCCN1CCO,CCCCCCCCC=CCCCCCCCC1=NCCN1CCO,504.7780000000003,350.59100000000007,-154.18700000000024,"['salt_stripped', 'fragment_removed']"
True,False,[],False,1,False,True,CC1CC(CCC1N)CC2CCC(C(C2)C)N,CC1CC(CC2CCC(N)C(C)C2)CCC1N,CC1CC(CC2CCC(N)C(C)C2)CCC1N,238.41899999999998,238.41899999999998,0.0,['none']
True,False,[],True,2,False,True,CCCCCCC(=O)O.CC(C)(CO)CO,CCCCCCC(=O)O,CCCCCCC(=O)O,234.33599999999998,130.187,-104.14899999999997,"['salt_stripped', 'fragment_removed']"
True,True,['Na'],True,3,True,True,C1=CC=C(C=C1)N=NC2=C(C3=C(C(=C(C=C3C=C2S(=O)(=O)[O-])S(=O)(=O)[O-])N=NC4=CC=C(C=C4)N=NC5=C(C=C(C=C5)N)N)N)O.[Na+].[Na+],Nc1ccc(N=Nc2ccc(N=Nc3c(S(=O)(=O)[O-])cc4cc(S(=O)(=O)[O-])c(N=Nc5ccccc5)c(O)c4c3N)cc2)c(N)c1,Nc1ccc(N=Nc2ccc(N=Nc3c(S(=O)(=O)O)cc4cc(S(=O)(=O)O)c(N=Nc5ccccc5)c(O)c4c3N)cc2)c(N)c1,705.646,661.6819999999999,-43.964000000000055,"['salt_stripped', 'metal:Na', 'fragment_removed', 'charge_normalized']"
True,False,[],False,1,False,True,CCCCCCCC(=O)CC(=O)C1=CC=CC=C1,CCCCCCCC(=O)CC(=O)c1ccccc1,CCCCCCCC(=O)CC(=O)c1ccccc1,246.35,246.35,0.0,['none']
True,False,[],False,1,False,True,CC(C)CCCC(=CCCC=O)C,CC(=CCCC=O)CCCC(C)C,CC(=CCCC=O)CCCC(C)C,182.307,182.307,0.0,['none']
True,False,[],False,1,False,True,C=CCOC(=O)COC1CCCCC1,C=CCOC(=O)COC1CCCCC1,C=CCOC(=O)COC1CCCCC1,198.26199999999992,198.26199999999992,0.0,['none']
True,False,[],False,1,False,True,CCC(=O)OC1CC2CC1C3C2C=CC3,CCC(=O)OC1CC2CC1C1CC=CC21,CCC(=O)OC1CC2CC1C1CC=CC21,206.285,206.285,0.0,['none']
True,False,[],False,1,False,True,CCN(CC1=CC(=CC=C1)S(=O)(=O)[O-])C2=CC=C(C=C2)C(=C3C=CC(=[N+](CC)CC4=CC(=CC=C4)S(=O)(=O)O)C=C3)C5=CC=CC=C5S(=O)(=O)O,CCN(Cc1cccc(S(=O)(=O)[O-])c1)c1ccc(C(=C2C=CC(=[N+](CC)Cc3cccc(S(=O)(=O)O)c3)C=C2)c2ccccc2S(=O)(=O)O)cc1,CCN(Cc1cccc(S(=O)(=O)[O-])c1)c1ccc(C(=C2C=CC(=[N+](CC)Cc3cccc(S(=O)(=O)O)c3)C=C2)c2ccccc2S(=O)(=O)O)cc1,748.9010000000004,748.9010000000004,0.0,['none']
True,True,['Z42'],True,2,True,True,CCCCC(CC)COP(=S)(OCC(CC)CCCC)[S-].[Mo],CCCCC(CC)COP(=S)([S-])OCC(CC)CCCC,CCCCC(CC)COP(=S)(S)OCC(CC)CCCC,449.49400000000014,354.5620000000001,-94.93200000000002,"['salt_stripped', 'metal:Z42', 'fragment_removed', 'charge_normalized']"
True,True,['Na'],True,7,True,True,C1=CC(=C(C=C1NC2=NC(=NC(=N2)N(CCO)CCO)NC3=C(C=CC(=C3)S(=O)(=O)[O-])S(=O)(=O)[O-])S(=O)(=O)[O-])C=CC4=C(C=C(C=C4)NC5=NC(=NC(=N5)N(CCO)CCO)NC6=C(C=CC(=C6)S(=O)(=O)[O-])S(=O)(=O)[O-])S(=O)(=O)[O-].[Na+].[Na+].[Na+].[Na+].[Na+].[Na+],O=S(=O)([O-])c1ccc(S(=O)(=O)[O-])c(Nc2nc(Nc3ccc(C=Cc4ccc(Nc5nc(Nc6cc(S(=O)(=O)[O-])ccc6S(=O)(=O)[O-])nc(N(CCO)CCO)n5)cc4S(=O)(=O)[O-])c(S(=O)(=O)[O-])c3)nc(N(CCO)CCO)n2)c1,O=S(=O)(O)c1ccc(S(=O)(=O)O)c(Nc2nc(Nc3ccc(C=Cc4ccc(Nc5nc(Nc6cc(S(=O)(=O)O)ccc6S(=O)(=O)O)nc(N(CCO)CCO)n5)cc4S(=O)(=O)O)c(S(=O)(=O)O)c3)nc(N(CCO)CCO)n2)c1,1369.148,1237.2559999999999,-131.89200000000005,"['salt_stripped', 'metal:Na', 'fragment_removed', 'charge_normalized']"
True,True,['K'],True,3,True,True,CCCCCCCCCCCCCCCCCCOP(=O)([O-])[O-].[K+].[K+],CCCCCCCCCCCCCCCCCCOP(=O)([O-])[O-],CCCCCCCCCCCCCCCCCCOP(=O)(O)O,426.65999999999997,350.4799999999999,-76.18000000000006,"['salt_stripped', 'metal:K', 'fragment_removed', 'charge_normalized']"
True,False,[],False,1,False,True,COC(=O)COC1=NC(=C(C(=C1Cl)N)Cl)F,COC(=O)COc1nc(F)c(Cl)c(N)c1Cl,COC(=O)COc1nc(F)c(Cl)c(N)c1Cl,269.059,269.059,0.0,['none']
True,False,[],False,1,False,True,C1=CC=C2C(=C1)C3=NC4=CC=CC5=C4C(=CC=C5)N3C2=O,O=C1c2ccccc2C2=Nc3cccc4cccc(c34)N12,O=C1c2ccccc2C2=Nc3cccc4cccc(c34)N12,270.291,270.291,0.0,['none']
True,False,[],False,1,False,True,CCCCCCCCCCCCCCCCCCOC(=O)CCSCCC(=O)OCCCCCCCCCCCCCCCCCC,CCCCCCCCCCCCCCCCCCOC(=O)CCSCCC(=O)OCCCCCCCCCCCCCCCCCC,CCCCCCCCCCCCCCCCCCOC(=O)CCSCCC(=O)OCCCCCCCCCCCCCCCCCC,683.1809999999996,683.1809999999996,0.0,['none']
True,False,[],False,1,False,True,C1CCC(C(C1)N)N,NC1CCCCC1N,NC1CCCCC1N,114.19200000000002,114.19200000000002,0.0,['none']
True,False,[],False,1,False,True,CCC1CCC(=O)O1,CCC1CCC(=O)O1,CCC1CCC(=O)O1,114.14399999999999,114.14399999999999,0.0,['none']
True,False,[],False,1,False,True,CCC1(OCC(O1)COC(=O)C=C)C,C=CC(=O)OCC1COC(C)(CC)O1,C=CC(=O)OCC1COC(C)(CC)O1,200.23399999999998,200.23399999999998,0.0,['none']
True,False,[],False,1,False,True,C1=CC=C(C(=C1)C(=O)O)NC(=O)CCC2=CC=C(C=C2)O,O=C(CCc1ccc(O)cc1)Nc1ccccc1C(=O)O,O=C(CCc1ccc(O)cc1)Nc1ccccc1C(=O)O,285.2989999999999,285.2989999999999,0.0,['none']
True,False,[],False,1,False,True,C(CO)N(CCO)C(CO)(CO)CO,OCCN(CCO)C(CO)(CO)CO,OCCN(CCO)C(CO)(CO)CO,209.24199999999996,209.24199999999996,0.0,['none']
True,False,[],False,1,False,True,C1CCC(CC1)C(C(=O)O)NC(=O)OCC2=CC=CC=C2,O=C(NC(C(=O)O)C1CCCCC1)OCc1ccccc1,O=C(NC(C(=O)O)C1CCCCC1)OCc1ccccc1,291.347,291.347,0.0,['none']
True,False,[],False,1,False,True,C1=CC=C2C(=C1)C=C(C(=C2N=NC3=C(C=CC(=C3)Cl)Cl)O)C(=O)NC4=CC5=C(C=C4)NC(=O)N5,O=C(Nc1ccc2[nH]c(=O)[nH]c2c1)c1cc2ccccc2c(N=Nc2cc(Cl)ccc2Cl)c1O,O=C(Nc1ccc2[nH]c(=O)[nH]c2c1)c1cc2ccccc2c(N=Nc2cc(Cl)ccc2Cl)c1O,492.3220000000001,492.3220000000001,0.0,['none']
True,False,[],False,1,False,True,CC(C)(CO)N(C)C,CN(C)C(C)(C)CO,CN(C)C(C)(C)CO,117.192,117.192,0.0,['none']
True,False,[],False,1,False,True,C(=C(F)F)(OC(OC(F)(F)F)(F)F)F,FC(F)=C(F)OC(F)(F)OC(F)(F)F,FC(F)=C(F)OC(F)(F)OC(F)(F)F,232.02599999999993,232.02599999999993,0.0,['none']
True,True,['Na'],True,3,True,True,CNC1=C(C2=C(C=C(C=C2C=C1)S(=O)(=O)[O-])O)N=NC3=C(C=C(C=C3)NC(=O)C(=C)Br)S(=O)(=O)[O-].[Na+].[Na+],C=C(Br)C(=O)Nc1ccc(N=Nc2c(NC)ccc3cc(S(=O)(=O)[O-])cc(O)c23)c(S(=O)(=O)[O-])c1,C=C(Br)C(=O)Nc1ccc(N=Nc2c(NC)ccc3cc(S(=O)(=O)O)cc(O)c23)c(S(=O)(=O)O)c1,629.3780000000003,585.4140000000002,-43.964000000000055,"['salt_stripped', 'metal:Na', 'fragment_removed', 'charge_normalized']"
True,True,['Na'],True,3,True,True,C=C(C(=O)NC1=CC(=C(C=C1)N=NC2=C(C=CC3=CC(=CC(=C32)O)S(=O)(=O)[O-])N)S(=O)(=O)[O-])Br.[Na+].[Na+],C=C(Br)C(=O)Nc1ccc(N=Nc2c(N)ccc3cc(S(=O)(=O)[O-])cc(O)c23)c(S(=O)(=O)[O-])c1,C=C(Br)C(=O)Nc1ccc(N=Nc2c(N)ccc3cc(S(=O)(=O)O)cc(O)c23)c(S(=O)(=O)O)c1,615.3510000000003,571.3870000000002,-43.96400000000017,"['salt_stripped', 'metal:Na', 'fragment_removed', 'charge_normalized']"
True,True,['Na'],True,3,True,True,CC1=NN(C(=O)C1N=NC2=C(C=CC(=C2)NC(=O)C(=C)Br)S(=O)(=O)[O-])C3=CC(=C(C=C3Cl)S(=O)(=O)[O-])Cl.[Na+].[Na+],C=C(Br)C(=O)Nc1ccc(S(=O)(=O)[O-])c(N=NC2C(=O)N(c3cc(Cl)c(S(=O)(=O)[O-])cc3Cl)N=C2C)c1,C=C(Br)C(=O)Nc1ccc(S(=O)(=O)O)c(N=NC2C(=O)N(c3cc(Cl)c(S(=O)(=O)O)cc3Cl)N=C2C)c1,699.2560000000003,655.2920000000003,-43.964000000000055,"['salt_stripped', 'metal:Na', 'fragment_removed', 'charge_normalized']"
True,False,[],False,1,False,True,C1=CC(=NC=C1CCl)Cl,ClCc1ccc(Cl)nc1,ClCc1ccc(Cl)nc1,162.019,162.019,0.0,['none']
True,False,[],False,1,False,True,CCCCCC1CCCC(=O)O1,CCCCCC1CCCC(=O)O1,CCCCCC1CCCC(=O)O1,170.25199999999998,170.25199999999998,0.0,['none']
True,True,['Na'],True,2,True,True,CC(=O)NC1=CC=CC(=C1)NC2=CC(=C(C3=C2C(=O)C4=CC=CC=C4C3=O)N)S(=O)(=O)[O-].[Na+],CC(=O)Nc1cccc(Nc2cc(S(=O)(=O)[O-])c(N)c3c2C(=O)c2ccccc2C3=O)c1,CC(=O)Nc1cccc(Nc2cc(S(=O)(=O)O)c(N)c3c2C(=O)c2ccccc2C3=O)c1,473.4420000000002,451.46000000000015,-21.982000000000028,"['salt_stripped', 'metal:Na', 'fragment_removed', 'charge_normalized']"
True,True,['K'],True,9,True,True,OS(=O)(=O)[O-].OS(=O)(=O)O[O-].OS(=O)(=O)O[O-].[O-]S(=O)(=O)[O-].[K+].[K+].[K+].[K+].[K+],O=S(=O)(O)O[O-],O=S(=O)(O)OO,614.7640000000001,114.07799999999997,-500.68600000000015,"['salt_stripped', 'metal:K', 'fragment_removed', 'charge_normalized']"
True,False,[],False,1,False,True,CCOC(=O)C(=C)C#N,C=C(C#N)C(=O)OCC,C=C(C#N)C(=O)OCC,125.127,125.127,0.0,['none']
True,True,"['Na', 'K']",True,5,True,True,C1=CC=C(C=C1)NC2=NC(=NC(=N2)N(CCO)CCO)NC3=CC(=C(C=C3)C=CC4=C(C=C(C=C4)NC5=NC(=NC(=N5)NC6=CC=CC=C6)N(CCO)CCO)S(=O)(=O)[O-])S(=O)(=O)[O-].[Na+].[Na+].[K].[K],O=S(=O)([O-])c1cc(Nc2nc(Nc3ccccc3)nc(N(CC[O-])CC[O-])n2)ccc1C=Cc1ccc(Nc2nc(Nc3ccccc3)nc(N(CCO)CCO)n2)cc1S(=O)(=O)[O-],O=S(=O)(O)c1cc(Nc2nc(Nc3ccccc3)nc(N(CCO)CCO)n2)ccc1C=Cc1ccc(Nc2nc(Nc3ccccc3)nc(N(CCO)CCO)n2)cc1S(=O)(=O)O,1039.1599999999999,917.0,-122.15999999999985,"['salt_stripped', 'metal:Na,K', 'fragment_removed', 'charge_normalized']"
True,False,[],False,1,False,True,CCCCCCCCCCCCCCCCCC(=O)OCC(COCC(COC(=O)CCCCCCCCCCCCCCCCC)(COC(=O)CCCCCCCCCCCCCCCCC)COC(=O)CCCCCCCCCCCCCCCCC)(COC(=O)CCCCCCCCCCCCCCCCC)COC(=O)CCCCCCCCCCCCCCCCC,CCCCCCCCCCCCCCCCCC(=O)OCC(COCC(COC(=O)CCCCCCCCCCCCCCCCC)(COC(=O)CCCCCCCCCCCCCCCCC)COC(=O)CCCCCCCCCCCCCCCCC)(COC(=O)CCCCCCCCCCCCCCCCC)COC(=O)CCCCCCCCCCCCCCCCC,CCCCCCCCCCCCCCCCCC(=O)OCC(COCC(COC(=O)CCCCCCCCCCCCCCCCC)(COC(=O)CCCCCCCCCCCCCCCCC)COC(=O)CCCCCCCCCCCCCCCCC)(COC(=O)CCCCCCCCCCCCCCCCC)COC(=O)CCCCCCCCCCCCCCCCC,1853.0930000000003,1853.0930000000003,0.0,['none']
True,False,[],False,1,False,True,CC(C)COC(=O)C1CCCCC1C(=O)OCC(C)C,CC(C)COC(=O)C1CCCCC1C(=O)OCC(C)C,CC(C)COC(=O)C1CCCCC1C(=O)OCC(C)C,284.39599999999996,284.39599999999996,0.0,['none']
True,False,[],False,1,False,True,CCCCC(CC)COC(=O)CC(C)CC(C)(C)C,CCCCC(CC)COC(=O)CC(C)CC(C)(C)C,CCCCC(CC)COC(=O)CC(C)CC(C)(C)C,270.45699999999994,270.45699999999994,0.0,['none']
True,False,[],False,1,False,True,CCCCCO,CCCCCO,CCCCCO,88.14999999999999,88.14999999999999,0.0,['none']
True,False,[],False,1,False,True,C1=CC=CC=C1,c1ccccc1,c1ccccc1,78.11399999999999,78.11399999999999,0.0,['none']
True,True,['Na'],True,9,True,True,C1=CC2=C(C=CC(=C2S(=O)(=O)[O-])N=NC3=C4C(=CC(=C3)S(=O)(=O)[O-])C=C(C(=C4O)NC5=NC(=NC(=N5)NC6=CC=C(C=C6)NC7=NC(=NC(=N7)Cl)NC8=C(C9=C(C=C(C=C9C=C8S(=O)(=O)[O-])S(=O)(=O)[O-])N=NC2=C(C3=C(C=C2)C(=CC=C3)S(=O)(=O)[O-])S(=O)(=O)[O-])O)Cl)S(=O)(=O)[O-])C(=C1)S(=O)(=O)[O-].[Na+].[Na+].[Na+].[Na+].[Na+].[Na+].[Na+].[Na+],O=S(=O)([O-])c1cc(N=Nc2ccc3c(S(=O)(=O)[O-])cccc3c2S(=O)(=O)[O-])c2c(O)c(Nc3nc(Cl)nc(Nc4ccc(Nc5nc(Cl)nc(Nc6c(S(=O)(=O)[O-])cc7cc(S(=O)(=O)[O-])cc(N=Nc8ccc9c(S(=O)(=O)[O-])cccc9c8S(=O)(=O)[O-])c7c6O)n5)cc4)n3)c(S(=O)(=O)[O-])cc2c1,O=S(=O)(O)c1cc(N=Nc2ccc3c(S(=O)(=O)O)cccc3c2S(=O)(=O)O)c2c(O)c(Nc3nc(Cl)nc(Nc4ccc(Nc5nc(Cl)nc(Nc6c(S(=O)(=O)O)cc7cc(S(=O)(=O)O)cc(N=Nc8ccc9c(S(=O)(=O)O)cccc9c8S(=O)(=O)O)c7c6O)n5)cc4)n3)c(S(=O)(=O)O)cc2c1,1774.2140000000002,1598.3580000000002,-175.856,"['salt_stripped', 'metal:Na', 'fragment_removed', 'charge_normalized']"
True,False,[],False,1,False,True,CC=CC(=O)C1C(C=CCC1(C)C)C,CC=CC(=O)C1C(C)C=CCC1(C)C,CC=CC(=O)C1C(C)C=CCC1(C)C,192.30199999999994,192.30199999999994,0.0,['none']
True,False,[],False,1,False,True,CCCCCCCC1CCCC(=O)O1,CCCCCCCC1CCCC(=O)O1,CCCCCCCC1CCCC(=O)O1,198.30599999999995,198.30599999999995,0.0,['none']
True,False,[],False,1,False,True,CC1=CC2=C(C=C1)OCCN2,Cc1ccc2c(c1)NCCO2,Cc1ccc2c(c1)NCCO2,149.19299999999998,149.19299999999998,0.0,['none']
True,False,[],True,3,False,True,COC1=C(C=CC(=C1)N=NC2=CC(=CC=C2)S(=O)(=O)O)NC(=O)NC3=C(C=C(C=C3)N=NC4=CC(=CC=C4)S(=O)(=O)O)OC.C(CO)NCCO.C(CO)NCCO,COc1cc(N=Nc2cccc(S(=O)(=O)O)c2)ccc1NC(=O)Nc1ccc(N=Nc2cccc(S(=O)(=O)O)c2)cc1OC,COc1cc(N=Nc2cccc(S(=O)(=O)O)c2)ccc1NC(=O)Nc1ccc(N=Nc2cccc(S(=O)(=O)O)c2)cc1OC,850.9300000000001,640.6560000000004,-210.27399999999966,"['salt_stripped', 'fragment_removed']"
True,False,[],False,1,False,True,CC1=C(C=C(C=C1)C(=O)OC(C)C)N=NC2=C(C(=CC3=CC=CC=C32)C(=O)NC4=CC(=C(C=C4Cl)NC(=O)C5=CC6=CC=CC=C6C(=C5O)N=NC7=C(C=CC(=C7)C(=O)OC(C)C)C)Cl)O,Cc1ccc(C(=O)OC(C)C)cc1N=Nc1c(O)c(C(=O)Nc2cc(Cl)c(NC(=O)c3cc4ccccc4c(N=Nc4cc(C(=O)OC(C)C)ccc4C)c3O)cc2Cl)cc2ccccc12,Cc1ccc(C(=O)OC(C)C)cc1N=Nc1c(O)c(C(=O)Nc2cc(Cl)c(NC(=O)c3cc4ccccc4c(N=Nc4cc(C(=O)OC(C)C)ccc4C)c3O)cc2Cl)cc2ccccc12,925.8259999999999,925.8259999999999,0.0,['none']
True,False,[],False,1,False,True,C1C(O1)CN(CC2CO2)C3=CC(=CC=C3)OCC4CO4,c1cc(OCC2CO2)cc(N(CC2CO2)CC2CO2)c1,c1cc(OCC2CO2)cc(N(CC2CO2)CC2CO2)c1,277.32000000000005,277.32000000000005,0.0,['none']
True,False,[],False,1,False,True,CC(C)C1=CC(=CC(=C1)C(C)C)C(C)C,CC(C)c1cc(C(C)C)cc(C(C)C)c1,CC(C)c1cc(C(C)C)cc(C(C)C)c1,204.35699999999997,204.35699999999997,0.0,['none']
True,False,[],True,2,False,True,CCCCCCCCCC[N+](C)(C)CCCCCCCCCC.[Cl-],CCCCCCCCCC[N+](C)(C)CCCCCCCCCC,CCCCCCCCCC[N+](C)(C)CCCCCCCCCC,362.0860000000001,326.6330000000001,-35.45300000000003,"['salt_stripped', 'fragment_removed']"
True,False,[],True,2,False,True,CC(C)CCCCCCCCCCCCCCC(=O)O.C(C(C(C(C(O)O)O)O)O)O,CC(C)CCCCCCCCCCCCCCC(=O)O,CC(C)CCCCCCCCCCCCCCC(=O)O,452.629,284.4839999999999,-168.1450000000001,"['salt_stripped', 'fragment_removed']"
True,False,[],False,1,False,True,CC(C)CCCCCC(=O)NCCCCCC(=O)O,CC(C)CCCCCC(=O)NCCCCCC(=O)O,CC(C)CCCCCC(=O)NCCCCCC(=O)O,271.40099999999995,271.40099999999995,0.0,['none']
True,True,['Na'],True,2,True,True,CC(C(=O)[O-])O.[Na+],CC(O)C(=O)[O-],CC(O)C(=O)O,112.05999999999999,90.07799999999999,-21.982,"['salt_stripped', 'metal:Na', 'fragment_removed', 'charge_normalized']"
True,False,[],False,1,False,True,CC(C(C(=O)O)N)O,CC(O)C(N)C(=O)O,CC(O)C(N)C(=O)O,119.11999999999999,119.11999999999999,0.0,['none']
True,False,[],False,1,False,True,CC(C)(C)CC(C)(C)NC1=NC(=NC(=N1)Cl)Cl,CC(C)(C)CC(C)(C)Nc1nc(Cl)nc(Cl)n1,CC(C)(C)CC(C)(C)Nc1nc(Cl)nc(Cl)n1,277.199,277.199,0.0,['none']
True,False,[],False,1,False,True,CC1=CC2=C(C=C1N=NC3C(=O)NC(=O)NC3=O)NC(=O)N2,Cc1cc2[nH]c(=O)[nH]c2cc1N=NC1C(=O)NC(=O)NC1=O,Cc1cc2[nH]c(=O)[nH]c2cc1N=NC1C(=O)NC(=O)NC1=O,302.25,302.25,0.0,['none']
True,False,[],True,2,False,True,C(CO)COCC(COCCCO)(COCCCO)COCCCO.C(C(CS)O)O,OCCCOCC(COCCCO)(COCCCO)COCCCO,OCCCOCC(COCCCO)(COCCCO)COCCCO,476.62900000000025,368.46700000000016,-108.16200000000009,"['salt_stripped', 'fragment_removed']"
True,False,[],False,1,False,True,CCOC(=O)NCCOC1=CC=C(C=C1)OC2=CC=CC=C2,CCOC(=O)NCCOc1ccc(Oc2ccccc2)cc1,CCOC(=O)NCCOc1ccc(Oc2ccccc2)cc1,301.34200000000004,301.34200000000004,0.0,['none']
True,False,[],False,1,False,True,CCCCCCCCCCCCCCCC(=O)OCCCCCCCCCCCCCCCC(C)C,CCCCCCCCCCCCCCCC(=O)OCCCCCCCCCCCCCCCC(C)C,CCCCCCCCCCCCCCCC(=O)OCCCCCCCCCCCCCCCC(C)C,508.9160000000006,508.9160000000006,0.0,['none']
True,False,[],False,1,False,True,CC(C(=O)OC)OC1=CC=C(C=C1)OC2=C(C=C(C=N2)C(F)(F)F)Cl,COC(=O)C(C)Oc1ccc(Oc2ncc(C(F)(F)F)cc2Cl)cc1,COC(=O)C(C)Oc1ccc(Oc2ncc(C(F)(F)F)cc2Cl)cc1,375.73,375.73,0.0,['none']
True,False,[],False,1,False,True,C1(=S)NN=C(S1)SSC2=NNC(=S)S2,S=c1[nH]nc(SSc2n[nH]c(=S)s2)s1,S=c1[nH]nc(SSc2n[nH]c(=S)s2)s1,298.49,298.49,0.0,['none']
True,False,[],False,1,False,True,CC(CCC1=CC=CC=C1)CC(C)O,CC(O)CC(C)CCc1ccccc1,CC(O)CC(C)CCc1ccccc1,192.30199999999996,192.30199999999996,0.0,['none']
True,True,['Na'],True,3,True,True,CC1=C(C2=C(C=C1)N=C(S2)C3=CC=C(C=C3)N=NC(C(=O)C)C(=O)NC4=C(C=C(C(=C4)C)S(=O)(=O)[O-])OC)S(=O)(=O)[O-].[NH4+].[Na+],COc1cc(S(=O)(=O)[O-])c(C)cc1NC(=O)C(N=Nc1ccc(-c2nc3ccc(C)c(S(=O)(=O)[O-])c3s2)cc1)C(C)=O,COc1cc(S(=O)(=O)O)c(C)cc1NC(=O)C(N=Nc1ccc(-c2nc3ccc(C)c(S(=O)(=O)O)c3s2)cc1)C(C)=O,671.7110000000004,632.6980000000004,-39.01299999999992,"['salt_stripped', 'metal:Na', 'fragment_removed', 'charge_normalized']"
True,False,[],False,1,False,True,CCCCC(CC)CSC1=C(C=C(C=C1)C(C)(C)C)NC(=O)C(C2=NC3=CC=CC=C3S(=O)(=O)N2CCCOCCCC)N4C(=O)C(OC4=O)(C)C,CCCCOCCCN1C(C(C(=O)Nc2cc(C(C)(C)C)ccc2SCC(CC)CCCC)N2C(=O)OC(C)(C)C2=O)=Nc2ccccc2S1(=O)=O,CCCCOCCCN1C(C(C(=O)Nc2cc(C(C)(C)C)ccc2SCC(CC)CCCC)N2C(=O)OC(C)(C)C2=O)=Nc2ccccc2S1(=O)=O,757.0319999999996,757.0319999999996,0.0,['none']
True,False,[],False,1,False,True,CC(C)NC1=NC(=NC(=N1)SC)NC(C)C,CSc1nc(NC(C)C)nc(NC(C)C)n1,CSc1nc(NC(C)C)nc(NC(C)C)n1,241.364,241.364,0.0,['none']
True,False,[],False,1,False,True,CCCCCCCCC=CCCCCCCCCNC(=O)CCCCCCCC=CCCCCCCCC,CCCCCCCCC=CCCCCCCCCNC(=O)CCCCCCCC=CCCCCCCCC,CCCCCCCCC=CCCCCCCCCNC(=O)CCCCCCCC=CCCCCCCCC,531.9540000000004,531.9540000000004,0.0,['none']
True,False,[],False,1,False,True,CCOC(=O)C1CCC(CC1)C(=O)OCC,CCOC(=O)C1CCC(C(=O)OCC)CC1,CCOC(=O)C1CCC(C(=O)OCC)CC1,228.28799999999993,228.28799999999993,0.0,['none']
True,False,[],False,1,False,True,CC1=C(C(=NC(=C1N=NC2=C(C(=C(S2)C(=O)OC)C)C#N)NCCCOC)NCCCOC)C#N,COCCCNc1nc(NCCCOC)c(N=Nc2sc(C(=O)OC)c(C)c2C#N)c(C)c1C#N,COCCCNc1nc(NCCCOC)c(N=Nc2sc(C(=O)OC)c(C)c2C#N)c(C)c1C#N,499.5970000000004,499.5970000000004,0.0,['none']
True,False,[],False,1,False,True,C1=CC=C2C(=C1)C(=CN2)CC(C(=O)O)N,NC(Cc1c[nH]c2ccccc12)C(=O)O,NC(Cc1c[nH]c2ccccc12)C(=O)O,204.22899999999996,204.22899999999996,0.0,['none']
True,True,['Fe'],True,4,True,True,CCCCC(CC)C(=O)[O-].CCCCC(CC)C(=O)[O-].CCCCC(CC)C(=O)[O-].[Fe+3],CCCCC(CC)C(=O)[O-],CCCCC(CC)C(=O)O,485.4630000000003,144.214,-341.2490000000003,"['salt_stripped', 'metal:Fe', 'fragment_removed', 'charge_normalized']"
True,False,[],False,1,False,True,CCOCCOCCOC(=O)C=C,C=CC(=O)OCCOCCOCC,C=CC(=O)OCCOCCOCC,188.22299999999998,188.22299999999998,0.0,['none']
True,False,[],False,1,False,True,CCCCOCCOCCOC(=O)C(=C)C,C=C(C)C(=O)OCCOCCOCCCC,C=C(C)C(=O)OCCOCCOCCCC,230.30399999999995,230.30399999999995,0.0,['none']
True,False,[],False,1,False,True,CCOC(=O)C(=CC(=O)OC)C,CCOC(=O)C(C)=CC(=O)OC,CCOC(=O)C(C)=CC(=O)OC,172.17999999999998,172.17999999999998,0.0,['none']
True,False,[],False,1,False,True,C1CN(CCN1CCO)CCS(=O)(=O)O,O=S(=O)(O)CCN1CCN(CCO)CC1,O=S(=O)(O)CCN1CCN(CCO)CC1,238.309,238.309,0.0,['none']
True,False,[],False,1,False,True,C1=CC(=CC=C1C(=O)NCCC(=O)O)N,Nc1ccc(C(=O)NCCC(=O)O)cc1,Nc1ccc(C(=O)NCCC(=O)O)cc1,208.21699999999996,208.21699999999996,0.0,['none']
True,False,[],False,1,False,True,CC1=CC2=C(C(=C1)C3CCCCC3)OP(OC4=C(C2)C=C(C=C4C5CCCCC5)C)O,Cc1cc2c(c(C3CCCCC3)c1)OP(O)Oc1c(cc(C)cc1C1CCCCC1)C2,Cc1cc2c(c(C3CCCCC3)c1)OP(O)Oc1c(cc(C)cc1C1CCCCC1)C2,438.5480000000003,438.5480000000003,0.0,['none']
True,False,[],False,1,False,True,CC(C)(C)CC(C)(C)C1=CC(=C(C(=C1)N2N=C3C=CC=CC3=N2)O)C(C)(C)C4=CC=CC=C4,CC(C)(C)CC(C)(C)c1cc(-n2nc3ccccc3n2)c(O)c(C(C)(C)c2ccccc2)c1,CC(C)(C)CC(C)(C)c1cc(-n2nc3ccccc3n2)c(O)c(C(C)(C)c2ccccc2)c1,441.61900000000014,441.61900000000014,0.0,['none']
True,False,[],False,1,False,True,B(CC)(CC)OC,CCB(CC)OC,CCB(CC)OC,99.96999999999998,99.96999999999998,0.0,['none']
True,False,[],False,1,False,True,C(CC(C(=O)O)N)CN=C(N)N,NC(N)=NCCCC(N)C(=O)O,NC(N)=NCCCC(N)C(=O)O,174.20399999999998,174.20399999999998,0.0,['none']
True,False,[],False,1,False,True,C#C,C#C,C#C,26.037999999999997,26.037999999999997,0.0,['none']
True,False,[],True,3,False,True,C1CC2CC1C=C2.C(=[N-])=O.C(=[N-])=O,C1=CC2CCC1C2,C1=CC2CCC1C2,178.19099999999997,94.15699999999998,-84.03399999999999,"['salt_stripped', 'fragment_removed']"
True,False,[],False,1,False,True,CC(CC(=O)OC)C(=O)C1=CC(=C(C=C1)NC(=O)C2=CC=C(C=C2)OC)[N+](=O)[O-],COC(=O)CC(C)C(=O)c1ccc(NC(=O)c2ccc(OC)cc2)c([N+](=O)[O-])c1,COC(=O)CC(C)C(=O)c1ccc(NC(=O)c2ccc(OC)cc2)c([N+](=O)[O-])c1,400.38700000000017,400.38700000000017,0.0,['none']
True,False,[],False,1,False,True,C1CN1C(=O)NC2=CC=C(C=C2)CC3=CC=C(C=C3)NC(=O)N4CC4,O=C(Nc1ccc(Cc2ccc(NC(=O)N3CC3)cc2)cc1)N1CC1,O=C(Nc1ccc(Cc2ccc(NC(=O)N3CC3)cc2)cc1)N1CC1,336.3950000000001,336.3950000000001,0.0,['none']
True,True,['Na'],True,3,True,True,C(CC(O)S(=O)(=O)[O-])CC(O)S(=O)(=O)[O-].[Na+].[Na+],O=S(=O)([O-])C(O)CCCC(O)S(=O)(=O)[O-],O=S(=O)(O)C(O)CCCC(O)S(=O)(=O)O,308.24100000000004,264.277,-43.964000000000055,"['salt_stripped', 'metal:Na', 'fragment_removed', 'charge_normalized']"
True,False,[],False,1,False,True,CC1=C(C2=NC3=CC=CC=C3C(=O)N2N1)N=NC4=C(C=C(C=C4)Cl)[N+](=O)[O-],Cc1[nH]n2c(=O)c3ccccc3nc2c1N=Nc1ccc(Cl)cc1[N+](=O)[O-],Cc1[nH]n2c(=O)c3ccccc3nc2c1N=Nc1ccc(Cl)cc1[N+](=O)[O-],382.7670000000001,382.7670000000001,0.0,['none']
True,True,['Li'],False,1,False,True,[Li],[Li+],[Li+],6.941,6.941,0.0,"['metal:Li', 'fragment_removed']"
True,True,['Mg'],False,1,False,True,[Mg],[Mg+2],[Mg+2],24.305,24.305,0.0,"['metal:Mg', 'fragment_removed']"
True,True,['Z46'],False,1,False,True,[Pd],[Pd],[Pd],106.42,106.42,0.0,['metal:Z46']
True,False,[],False,1,False,True,[Sb],[Sb],[Sb],121.76,121.76,0.0,['none']
True,True,['Be'],False,1,False,True,[Be],[Be],[Be],9.012,9.012,0.0,['metal:Be']
True,False,[],False,1,False,True,[Ce],[Ce],[Ce],140.116,140.116,0.0,['none']
True,False,[],False,1,False,True,[Ge],[Ge],[Ge],72.61,72.61,0.0,['none']
True,False,[],True,2,False,True,C[N+]1=CC=C(C=C1)C=CC2=CC=C(C=C2)C=O.COS(=O)(=O)[O-],C[n+]1ccc(C=Cc2ccc(C=O)cc2)cc1,C[n+]1ccc(C=Cc2ccc(C=O)cc2)cc1,335.38100000000003,224.283,-111.09800000000004,"['salt_stripped', 'fragment_removed']"
True,False,[],False,1,False,True,O=[Se]=O,O=[Se]=O,O=[Se]=O,110.95799999999998,110.95799999999998,0.0,['none']
True,True,['Zn'],True,3,True,True,[O-]P(=O)([O-])OP(=O)([O-])[O-].[Zn+2].[Zn+2],O=P([O-])([O-])OP(=O)([O-])[O-],O=P(O)(O)OP(=O)(O)O,304.721,177.973,-126.74799999999999,"['salt_stripped', 'metal:Zn', 'fragment_removed', 'charge_normalized']"
True,True,['Li'],True,2,True,True,[Li+].[Cl-],[Cl-],Cl,42.394000000000005,36.461000000000006,-5.933,"['salt_stripped', 'metal:Li', 'fragment_removed', 'charge_normalized']"
True,True,['Mg'],True,2,True,True,[O-]S(=O)(=O)[O-].[Mg+2],O=S(=O)([O-])[O-],O=S(=O)(O)O,120.368,98.07899999999998,-22.289000000000016,"['salt_stripped', 'metal:Mg', 'fragment_removed', 'charge_normalized']"
True,False,[],False,1,False,True,CC(CCC=C(C)C)CCOCC=O,CC(C)=CCCC(C)CCOCC=O,CC(C)=CCCC(C)CCOCC=O,198.30599999999995,198.30599999999995,0.0,['none']
True,False,[],False,1,False,True,C=CF,C=CF,C=CF,46.044,46.044,0.0,['none']
True,False,[],False,1,False,True,CC(C)S,CC(C)S,CC(C)S,76.164,76.164,0.0,['none']
True,False,[],False,1,False,True,CC(C)(C)O,CC(C)(C)O,CC(C)(C)O,74.12299999999999,74.12299999999999,0.0,['none']
True,False,[],False,1,False,True,CCC(C)(C)O,CCC(C)(C)O,CCC(C)(C)O,88.14999999999998,88.14999999999998,0.0,['none']
True,True,['Na'],True,2,True,True,C1CN(CCN1CCO)CCS(=O)(=O)[O-].[Na+],O=S(=O)([O-])CCN1CCN(CCO)CC1,O=S(=O)(O)CCN1CCN(CCO)CC1,260.291,238.309,-21.982,"['salt_stripped', 'metal:Na', 'fragment_removed', 'charge_normalized']"
True,False,[],False,1,False,True,CC(=C)C(=O)OC1CC2CCC1(C2(C)C)C,C=C(C)C(=O)OC1CC2CCC1(C)C2(C)C,C=C(C)C(=O)OC1CC2CCC1(C)C2(C)C,222.32799999999995,222.32799999999995,0.0,['none']
True,True,['Li'],True,2,True,True,[Li+].[Br-],[Br-],Br,86.845,80.91199999999999,-5.933000000000007,"['salt_stripped', 'metal:Li', 'fragment_removed', 'charge_normalized']"
True,True,['Na'],True,3,True,True,OP(=O)([O-])[O-].[Na+].[Na+],O=P([O-])([O-])O,O=P(O)(O)O,141.958,97.99399999999999,-43.96400000000001,"['salt_stripped', 'metal:Na', 'fragment_removed', 'charge_normalized']"
True,True,['Na'],True,2,True,True,OP(=O)(O)[O-].[Na+],O=P([O-])(O)O,O=P(O)(O)O,119.97599999999998,97.99399999999999,-21.982,"['salt_stripped', 'metal:Na', 'fragment_removed', 'charge_normalized']"
True,False,[],False,1,False,True,C(=O)(C(C(F)(F)F)(C(F)(F)F)F)C(C(F)(F)F)(F)F,O=C(C(F)(F)C(F)(F)F)C(F)(C(F)(F)F)C(F)(F)F,O=C(C(F)(F)C(F)(F)F)C(F)(C(F)(F)F)C(F)(F)F,316.04099999999994,316.04099999999994,0.0,['none']
True,False,[],False,1,False,True,C(CS)C(=O)OCC(COC(=O)CCS)(COC(=O)CCS)COC(=O)CCS,O=C(CCS)OCC(COC(=O)CCS)(COC(=O)CCS)COC(=O)CCS,O=C(CCS)OCC(COC(=O)CCS)(COC(=O)CCS)COC(=O)CCS,488.67100000000033,488.67100000000033,0.0,['none']
True,False,[],False,1,False,True,C(C(F)(F)F)(F)(F)F,FC(F)(F)C(F)(F)F,FC(F)(F)C(F)(F)F,138.01000000000002,138.01000000000002,0.0,['none']
True,True,['Na'],True,2,True,True,[O-]Cl(=O)(=O)=O.[Na+],[O-][Cl+3]([O-])([O-])[O-],[O-][Cl+3]([O-])([O-])O,122.439,100.457,-21.982,"['salt_stripped', 'metal:Na', 'fragment_removed', 'charge_normalized']"
True,False,[],False,1,False,True,OCl(=O)(=O)=O,[O-][Cl+3]([O-])([O-])O,[O-][Cl+3]([O-])([O-])O,100.457,100.457,0.0,['none']
True,False,[],False,1,False,True,CCCCN(CCCC)C=O,CCCCN(C=O)CCCC,CCCCN(C=O)CCCC,157.25699999999998,157.25699999999998,0.0,['none']
True,True,['Li'],True,2,True,True,[Li+].C(#N)C1=C(N=C([N-]1)C(F)(F)F)C#N,N#Cc1nc(C(F)(F)F)[n-]c1C#N,N#Cc1nc(C(F)(F)F)[nH]c1C#N,192.02899999999997,186.09599999999998,-5.932999999999993,"['salt_stripped', 'metal:Li', 'fragment_removed', 'charge_normalized']"
True,False,[],False,1,False,True,CCCCCCCCCC(=O)OOC(=O)CCCCCCCCC,CCCCCCCCCC(=O)OOC(=O)CCCCCCCCC,CCCCCCCCCC(=O)OOC(=O)CCCCCCCCC,342.5200000000002,342.5200000000002,0.0,['none']
True,True,['Li'],True,2,True,True,[Li+].CCCCCCC(CCCCCCCCCCC(=O)[O-])O,CCCCCCC(O)CCCCCCCCCCC(=O)[O-],CCCCCCC(O)CCCCCCCCCCC(=O)O,306.41599999999994,300.4829999999999,-5.93300000000005,"['salt_stripped', 'metal:Li', 'fragment_removed', 'charge_normalized']"
True,False,[],False,1,False,True,O=[Si]=O,O=[Si]=O,O=[Si]=O,60.084,60.084,0.0,['none']
True,True,['Na'],True,2,True,True,OS(=O)[O-].[Na+],O=S([O-])O,O=S(O)O,104.06199999999998,82.07999999999998,-21.982,"['salt_stripped', 'metal:Na', 'fragment_removed', 'charge_normalized']"
True,True,['Na'],True,2,True,True,[N+](=O)([O-])[O-].[Na+],O=[N+]([O-])[O-],O=[N+]([O-])O,84.994,63.01200000000001,-21.981999999999992,"['salt_stripped', 'metal:Na', 'fragment_removed', 'charge_normalized']"
True,False,[],False,1,False,True,B(F)(F)F,FB(F)F,FB(F)F,67.80600000000001,67.80600000000001,0.0,['none']
True,False,[],False,1,False,True,CC(=O)C1CC1,CC(=O)C1CC1,CC(=O)C1CC1,84.11800000000001,84.11800000000001,0.0,['none']
True,False,[],False,1,False,True,C1C(C(O1)(F)F)(F)F,FC1(F)COC1(F)F,FC1(F)COC1(F)F,130.04,130.04,0.0,['none']
True,False,[],False,1,False,True,CCCCCCCCCCCCCCCCCC(=O)NCCCN(C)C,CCCCCCCCCCCCCCCCCC(=O)NCCCN(C)C,CCCCCCCCCCCCCCCCCC(=O)NCCCN(C)C,368.6500000000001,368.6500000000001,0.0,['none']
True,False,[],False,1,False,True,CCN1CCCCC1,CCN1CCCCC1,CCN1CCCCC1,113.20400000000001,113.20400000000001,0.0,['none']
True,True,['K'],True,2,True,True,CCCCCCCCC=CCCCCCCCC(=O)N(C)CC(=O)[O-].[K+],CCCCCCCCC=CCCCCCCCC(=O)N(C)CC(=O)[O-],CCCCCCCCC=CCCCCCCCC(=O)N(C)CC(=O)O,391.63700000000006,353.547,-38.09000000000003,"['salt_stripped', 'metal:K', 'fragment_removed', 'charge_normalized']"
True,False,[],False,1,False,True,OP(=O)(O)O,O=P(O)(O)O,O=P(O)(O)O,97.99399999999999,97.99399999999999,0.0,['none']
True,True,['Na'],True,2,False,True,[F-].[Na+],[Na+],[Na+],41.988,22.99,-18.998,"['salt_stripped', 'metal:Na', 'fragment_removed']"
True,True,['Na'],True,2,False,True,[O-][PH+]=O.[Na+],O=[PH+][O-],O=[PH+][O-],86.97,63.980000000000004,-22.989999999999995,"['salt_stripped', 'metal:Na', 'fragment_removed']"
True,True,['Na'],True,3,True,True,[O-]S(=O)S(=O)(=O)[O-].[Na+].[Na+],O=S([O-])S(=O)(=O)[O-],O=S(O)S(=O)(=O)O,190.109,146.14499999999998,-43.96400000000003,"['salt_stripped', 'metal:Na', 'fragment_removed', 'charge_normalized']"
True,False,[],False,1,False,True,C[Si](C)(C=C)N[Si](C)(C)C=C,C=C[Si](C)(C)N[Si](C)(C)C=C,C=C[Si](C)(C)N[Si](C)(C)C=C,185.41899999999998,185.41899999999998,0.0,['none']
True,False,[],False,1,False,True,CC1=C(C(=C(C2=C1OC(CC2)(C)CCCC(C)CCCC(C)CCCC(C)C)C)OC(=O)C)C,CC(=O)Oc1c(C)c(C)c2c(c1C)CCC(C)(CCCC(C)CCCC(C)CCCC(C)C)O2,CC(=O)Oc1c(C)c(C)c2c(c1C)CCC(C)(CCCC(C)CCCC(C)CCCC(C)C)O2,472.7540000000003,472.7540000000003,0.0,['none']
True,False,[],False,1,False,True,[N+](=O)(O)[O-],O=[N+]([O-])O,O=[N+]([O-])O,63.01200000000001,63.01200000000001,0.0,['none']
True,False,[],False,1,False,True,CC1CCC2C13CCC(C(C3)C2(C)C)(C)OC(=O)C,CC(=O)OC1(C)CCC23CC1C(C)(C)C2CCC3C,CC(=O)OC1(C)CCC23CC1C(C)(C)C2CCC3C,264.409,264.409,0.0,['none']
True,False,[],False,1,False,True,CC1=CC(=C(C(=C1)C2(CCCCC2)C)O)CC3=C(C(=CC(=C3)C)C4(CCCCC4)C)O,Cc1cc(Cc2cc(C)cc(C3(C)CCCCC3)c2O)c(O)c(C2(C)CCCCC2)c1,Cc1cc(Cc2cc(C)cc(C3(C)CCCCC3)c2O)c(O)c(C2(C)CCCCC2)c1,420.6370000000002,420.6370000000002,0.0,['none']
True,False,[],False,1,False,True,CC1(C(=O)NC(=O)N1)C,CC1(C)NC(=O)NC1=O,CC1(C)NC(=O)NC1=O,128.13099999999997,128.13099999999997,0.0,['none']
True,False,[],True,2,False,True,C1=CC(=CC=C1C(CN)O)O.Cl,NCC(O)c1ccc(O)cc1,NCC(O)c1ccc(O)cc1,189.64200000000002,153.181,-36.46100000000001,"['salt_stripped', 'fragment_removed']"
True,True,['Ni'],False,1,False,True,Cl[Ni]Cl,[Ni+2],[Ni+2],129.599,58.693,-70.90599999999999,"['metal:Ni', 'fragment_removed']"
True,False,[],True,2,True,True,CP(=O)(CCC(C(=O)[O-])N)O.[NH4+],CP(=O)(O)CCC(N)C(=O)[O-],CP(=O)(O)CCC(N)C(=O)O,198.15900000000002,181.12800000000001,-17.031000000000006,"['salt_stripped', 'fragment_removed', 'charge_normalized']"
True,False,[],False,1,False,True,P,P,P,33.998,33.998,0.0,['none']
True,False,[],False,1,False,True,CCC12COCN1COC2,CCC12COCN1COC2,CCC12COCN1COC2,143.18599999999998,143.18599999999998,0.0,['none']
True,True,['Na'],True,3,True,True,[O-]S(=O)[O-].[Na+].[Na+],O=S([O-])[O-],O=S(O)O,126.04399999999998,82.07999999999998,-43.964,"['salt_stripped', 'metal:Na', 'fragment_removed', 'charge_normalized']"
True,True,['Ca'],True,2,True,True,OP(=O)([O-])[O-].[Ca+2],O=P([O-])([O-])O,O=P(O)(O)O,136.05599999999998,97.99399999999999,-38.062,"['salt_stripped', 'metal:Ca', 'fragment_removed', 'charge_normalized']"
True,True,['K'],True,3,True,True,OP(=O)([O-])[O-].[K+].[K+],O=P([O-])([O-])O,O=P(O)(O)O,174.17399999999998,97.99399999999999,-76.17999999999999,"['salt_stripped', 'metal:K', 'fragment_removed', 'charge_normalized']"
True,True,['Na'],True,3,True,True,OP(=O)([O-])OP(=O)(O)[O-].[Na+].[Na+],O=P([O-])(O)OP(=O)([O-])O,O=P(O)(O)OP(=O)(O)O,221.937,177.973,-43.964,"['salt_stripped', 'metal:Na', 'fragment_removed', 'charge_normalized']"
True,True,['Ca'],True,3,True,True,OP(=O)(O)[O-].OP(=O)(O)[O-].[Ca+2],O=P([O-])(O)O,O=P(O)(O)O,234.04999999999998,97.99399999999999,-136.05599999999998,"['salt_stripped', 'metal:Ca', 'fragment_removed', 'charge_normalized']"
True,False,[],True,4,False,True,[F-].[F-].[F-].[Ce+3],[Ce+3],[Ce+3],197.11,140.116,-56.994,"['salt_stripped', 'fragment_removed']"
True,False,[],False,1,False,True,CCCCNC(=O)NC1=CC=C(C=C1)CC2=CC=C(C=C2)NC(=O)NCCCC,CCCCNC(=O)Nc1ccc(Cc2ccc(NC(=O)NCCCC)cc2)cc1,CCCCNC(=O)Nc1ccc(Cc2ccc(NC(=O)NCCCC)cc2)cc1,396.53500000000014,396.53500000000014,0.0,['none']
True,True,['Na'],True,3,True,True,[O-]S(=O)(=S)[O-].[Na+].[Na+],O=S([O-])([O-])=S,O=S(O)(O)=S,158.11100000000002,114.14699999999998,-43.96400000000004,"['salt_stripped', 'metal:Na', 'fragment_removed', 'charge_normalized']"
True,True,['K'],True,2,True,True,OS(=O)[O-].[K+],O=S([O-])O,O=S(O)O,120.16999999999999,82.07999999999998,-38.09,"['salt_stripped', 'metal:K', 'fragment_removed', 'charge_normalized']"
True,False,[],True,2,True,True,[NH4+].NS(=O)(=O)[O-],NS(=O)(=O)[O-],NS(=O)(=O)O,114.12599999999998,97.09499999999998,-17.03099999999999,"['salt_stripped', 'fragment_removed', 'charge_normalized']"
True,True,['Na'],True,3,True,True,[O-]S(=O)S(=O)[O-].[Na+].[Na+],O=S([O-])S(=O)[O-],O=S(O)S(=O)O,174.11,130.146,-43.96400000000003,"['salt_stripped', 'metal:Na', 'fragment_removed', 'charge_normalized']"
True,True,['K'],True,2,True,True,OP(=O)(O)[O-].[K+],O=P([O-])(O)O,O=P(O)(O)O,136.084,97.99399999999999,-38.09000000000002,"['salt_stripped', 'metal:K', 'fragment_removed', 'charge_normalized']"
True,False,[],False,1,False,True,CC1CC(CC(C1)(C)C)OC(=O)C(=C)C,C=C(C)C(=O)OC1CC(C)CC(C)(C)C1,C=C(C)C(=O)OC1CC(C)CC(C)(C)C1,210.31699999999998,210.31699999999998,0.0,['none']
True,False,[],False,1,False,True,[Se],[Se],[Se],78.96,78.96,0.0,['none']
True,True,['K'],True,2,True,True,[O-]P=O.[K+],O=P[O-],O=PO,102.07,63.980000000000004,-38.08999999999999,"['salt_stripped', 'metal:K', 'fragment_removed', 'charge_normalized']"
True,True,['Li'],True,2,True,True,[Li+].[NH2-],[NH2-],N,22.964,17.031,-5.933,"['salt_stripped', 'metal:Li', 'fragment_removed', 'charge_normalized']"
True,False,[],True,3,True,True,[NH4+].[NH4+].[O-]S(=O)(=S)[O-],O=S([O-])([O-])=S,O=S(O)(O)=S,148.209,114.14699999999998,-34.062000000000026,"['salt_stripped', 'fragment_removed', 'charge_normalized']"
True,True,['Z38'],True,3,False,True,[F-].[F-].[Sr+2],[Sr+2],[Sr+2],125.61600000000001,87.62,-37.99600000000001,"['salt_stripped', 'metal:Z38', 'fragment_removed']"
True,True,['Al'],True,2,True,True,[O-]P(=O)([O-])[O-].[Al+3],O=P([O-])([O-])[O-],O=P(O)(O)O,121.952,97.99399999999999,-23.958000000000013,"['salt_stripped', 'metal:Al', 'fragment_removed', 'charge_normalized']"
True,False,[],False,1,False,True,CC1=CCC2CC1C2(C)C,CC1=CCC2CC1C2(C)C,CC1=CCC2CC1C2(C)C,136.238,136.238,0.0,['none']
True,True,['Mg'],True,3,True,True,[Mg+2].[Cl-].[Cl-],[Cl-],Cl,95.21100000000001,36.461000000000006,-58.75000000000001,"['salt_stripped', 'metal:Mg', 'fragment_removed', 'charge_normalized']"
True,False,[],False,1,False,True,CC1CCC(C(C1)O)C(=C)C,C=C(C)C1CCC(C)CC1O,C=C(C)C1CCC(C)CC1O,154.25299999999996,154.25299999999996,0.0,['none']
True,True,['K'],True,2,False,True,[F-].[K+],[K+],[K+],58.096000000000004,39.098,-18.998000000000005,"['salt_stripped', 'metal:K', 'fragment_removed']"
True,True,['Li'],True,2,True,True,[Li+].[F-],[F-],F,25.939,20.006,-5.933,"['salt_stripped', 'metal:Li', 'fragment_removed', 'charge_normalized']"
True,True,['Ca'],True,3,False,True,[F-].[F-].[Ca+2],[Ca+2],[Ca+2],78.07400000000001,40.078,-37.99600000000001,"['salt_stripped', 'metal:Ca', 'fragment_removed']"
True,True,['Li'],True,2,True,True,[Li+].[N+](=O)([O-])[O-],O=[N+]([O-])[O-],O=[N+]([O-])O,68.94500000000001,63.01200000000001,-5.933,"['salt_stripped', 'metal:Li', 'fragment_removed', 'charge_normalized']"
True,True,['Ca'],True,3,True,True,[O-]P(=O)([O-])OP(=O)([O-])[O-].[Ca+2].[Ca+2],O=P([O-])([O-])OP(=O)([O-])[O-],O=P(O)(O)OP(=O)(O)O,254.097,177.973,-76.124,"['salt_stripped', 'metal:Ca', 'fragment_removed', 'charge_normalized']"
True,False,[],False,1,False,True,Cl[Ce](Cl)Cl,[Cl][Ce]([Cl])[Cl],[Cl][Ce]([Cl])[Cl],246.47500000000002,246.47500000000002,0.0,['none']
True,False,[],False,1,False,True,CCCCCCC(=O)OCC(CC)(COC(=O)CCCCCC)COC(=O)CCCCCC,CCCCCCC(=O)OCC(CC)(COC(=O)CCCCCC)COC(=O)CCCCCC,CCCCCCC(=O)OCC(CC)(COC(=O)CCCCCC)COC(=O)CCCCCC,470.6910000000005,470.6910000000005,0.0,['none']
True,False,[],False,1,False,True,C#CC1(CCCCC1)O,C#CC1(O)CCCCC1,C#CC1(O)CCCCC1,124.18299999999999,124.18299999999999,0.0,['none']
True,False,[],False,1,False,True,CCOP(=O)(CC)OCC,CCOP(=O)(CC)OCC,CCOP(=O)(CC)OCC,166.15699999999998,166.15699999999998,0.0,['none']
True,False,[],False,1,False,True,CCC(C)C,CCC(C)C,CCC(C)C,72.151,72.151,0.0,['none']
True,False,[],False,1,False,True,CC(C)CN,CC(C)CN,CC(C)CN,73.139,73.139,0.0,['none']
True,False,[],False,1,False,True,CC(C)C=O,CC(C)C=O,CC(C)C=O,72.107,72.107,0.0,['none']
True,False,[],False,1,False,True,CC(=C)C=O,C=C(C)C=O,C=C(C)C=O,70.09100000000001,70.09100000000001,0.0,['none']
True,False,[],False,1,False,True,CC1(CC(CC(N1)(C)C)NCCCN(C)C)C,CN(C)CCCNC1CC(C)(C)NC(C)(C)C1,CN(C)CCCNC1CC(C)(C)NC(C)(C)C1,241.42299999999997,241.42299999999997,0.0,['none']
True,False,[],False,1,False,True,CCCCCCCC(=O)C1=CC(=C(C=C1)O)C(=O)O,CCCCCCCC(=O)c1ccc(O)c(C(=O)O)c1,CCCCCCCC(=O)c1ccc(O)c(C(=O)O)c1,264.32099999999997,264.32099999999997,0.0,['none']
True,False,[],False,1,False,True,CCCC1CCC(CC1)C2=CC=C(C=C2)C(=O)C,CCCC1CCC(c2ccc(C(C)=O)cc2)CC1,CCCC1CCC(c2ccc(C(C)=O)cc2)CC1,244.37800000000001,244.37800000000001,0.0,['none']
True,False,[],False,1,False,True,CCC(=O)N,CCC(N)=O,CCC(N)=O,73.095,73.095,0.0,['none']
True,False,[],False,1,False,True,C(C(=O)N)Cl,NC(=O)CCl,NC(=O)CCl,93.513,93.513,0.0,['none']
True,False,[],False,1,False,True,C(C(=O)O)O,O=C(O)CO,O=C(O)CO,76.051,76.051,0.0,['none']
True,False,[],False,1,False,True,CC(=O)OO,CC(=O)OO,CC(=O)OO,76.051,76.051,0.0,['none']
True,False,[],False,1,False,True,C(=C(F)Cl)(F)F,FC(F)=C(F)Cl,FC(F)=C(F)Cl,116.46900000000001,116.46900000000001,0.0,['none']
True,False,[],False,1,False,True,CC(=C)C(=O)O,C=C(C)C(=O)O,C=C(C)C(=O)O,86.08999999999999,86.08999999999999,0.0,['none']
True,False,[],False,1,False,True,CCC1=CC=C(C=C1)C2OCC3C(O2)C(OC(O3)C4=CC=C(C=C4)CC)C(CO)O,CCc1ccc(C2OC3COC(c4ccc(CC)cc4)OC3C(C(O)CO)O2)cc1,CCc1ccc(C2OC3COC(c4ccc(CC)cc4)OC3C(C(O)CO)O2)cc1,414.49800000000016,414.49800000000016,0.0,['none']
True,True,['Na'],True,7,True,True,C1=CC(=C(C=C1NC2=NC(=NC(=N2)N(CCC#N)CCOCCO)NC3=C(C=CC(=C3)S(=O)(=O)[O-])S(=O)(=O)[O-])S(=O)(=O)[O-])C=CC4=C(C=C(C=C4)NC5=NC(=NC(=N5)N(CCC#N)CCOCCO)NC6=C(C=CC(=C6)S(=O)(=O)[O-])S(=O)(=O)[O-])S(=O)(=O)[O-].[Na+].[Na+].[Na+].[Na+].[Na+].[Na+],N#CCCN(CCOCCO)c1nc(Nc2ccc(C=Cc3ccc(Nc4nc(Nc5cc(S(=O)(=O)[O-])ccc5S(=O)(=O)[O-])nc(N(CCC#N)CCOCCO)n4)cc3S(=O)(=O)[O-])c(S(=O)(=O)[O-])c2)nc(Nc2cc(S(=O)(=O)[O-])ccc2S(=O)(=O)[O-])n1,N#CCCN(CCOCCO)c1nc(Nc2ccc(C=Cc3ccc(Nc4nc(Nc5cc(S(=O)(=O)O)ccc5S(=O)(=O)O)nc(N(CCC#N)CCOCCO)n4)cc3S(=O)(=O)O)c(S(=O)(=O)O)c2)nc(Nc2cc(S(=O)(=O)O)ccc2S(=O)(=O)O)n1,1475.2759999999998,1343.384,-131.89199999999983,"['salt_stripped', 'metal:Na', 'fragment_removed', 'charge_normalized']"
True,False,[],False,1,False,True,CC1=CC(=C(C=C1NC(=O)C(C(=O)C)N=NC2=C(C=CC(=C2)C(=O)NC3=C(C=CC(=C3)C(F)(F)F)OC4=CC=C(C=C4)Cl)Cl)Cl)NC(=O)C(C(=O)C)N=NC5=C(C=CC(=C5)C(=O)NC6=C(C=CC(=C6)C(F)(F)F)OC7=CC=C(C=C7)Cl)Cl,CC(=O)C(N=Nc1cc(C(=O)Nc2cc(C(F)(F)F)ccc2Oc2ccc(Cl)cc2)ccc1Cl)C(=O)Nc1cc(Cl)c(NC(=O)C(N=Nc2cc(C(=O)Nc3cc(C(F)(F)F)ccc3Oc3ccc(Cl)cc3)ccc2Cl)C(C)=O)cc1C,CC(=O)C(N=Nc1cc(C(=O)Nc2cc(C(F)(F)F)ccc2Oc2ccc(Cl)cc2)ccc1Cl)C(=O)Nc1cc(Cl)c(NC(=O)C(N=Nc2cc(C(=O)Nc3cc(C(F)(F)F)ccc3Oc3ccc(Cl)cc3)ccc2Cl)C(C)=O)cc1C,1229.2019999999998,1229.2019999999998,0.0,['none']
True,False,[],False,1,False,True,CC(C)(C1CCC(CC1)O)C2CCC(CC2)O,CC(C)(C1CCC(O)CC1)C1CCC(O)CC1,CC(C)(C1CCC(O)CC1)C1CCC(O)CC1,240.38699999999997,240.38699999999997,0.0,['none']
True,False,[],False,1,False,True,C1=CC(=CC=C1N)S(=O)(=O)C2=CC=C(C=C2)N,Nc1ccc(S(=O)(=O)c2ccc(N)cc2)cc1,Nc1ccc(S(=O)(=O)c2ccc(N)cc2)cc1,248.307,248.307,0.0,['none']
True,False,[],False,1,False,True,C1=CC=C(C=C1)[Si](C2=CC=CC=C2)(Cl)Cl,Cl[Si](Cl)(c1ccccc1)c1ccccc1,Cl[Si](Cl)(c1ccccc1)c1ccccc1,253.204,253.204,0.0,['none']
True,False,[],False,1,False,True,CC1=CC=C(C=C1)S(=O)(=O)OC,COS(=O)(=O)c1ccc(C)cc1,COS(=O)(=O)c1ccc(C)cc1,186.23199999999997,186.23199999999997,0.0,['none']
True,False,[],False,1,False,True,CC(CC1=CC=C(C=C1)C(C)(C)C)C=O,CC(C=O)Cc1ccc(C(C)(C)C)cc1,CC(C=O)Cc1ccc(C(C)(C)C)cc1,204.31299999999996,204.31299999999996,0.0,['none']
True,False,[],False,1,False,True,CC(=C)C(=O)OC,C=C(C)C(=O)OC,C=C(C)C(=O)OC,100.11699999999999,100.11699999999999,0.0,['none']
True,False,[],False,1,False,True,CN(C)C(=N)N(C)C,CN(C)C(=N)N(C)C,CN(C)C(=N)N(C)C,115.17999999999999,115.17999999999999,0.0,['none']
True,True,['Na'],True,2,True,True,CC1=C(C(=C(C(=C1CNC(=O)CCl)C)NC2=CC(=C(C3=C2C(=O)C4=CC=CC=C4C3=O)N)S(=O)(=O)[O-])C)CNC(=O)CCl.[Na+],Cc1c(CNC(=O)CCl)c(C)c(Nc2cc(S(=O)(=O)[O-])c(N)c3c2C(=O)c2ccccc2C3=O)c(C)c1CNC(=O)CCl,Cc1c(CNC(=O)CCl)c(C)c(Nc2cc(S(=O)(=O)O)c(N)c3c2C(=O)c2ccccc2C3=O)c(C)c1CNC(=O)CCl,669.5190000000001,647.5370000000001,-21.98199999999997,"['salt_stripped', 'metal:Na', 'fragment_removed', 'charge_normalized']"
True,False,[],True,5,False,True,CCCCCCCCC=CCCCCCCCC(=O)O.CCCCCCCCC=CCCCCCCCC(=O)O.CCCCCCCCC=CCCCCCCCC(=O)O.C(C(C(C(C(CO)O)O)O)O)O.C(C(C(C(C(CO)O)O)O)O)O,CCCCCCCCC=CCCCCCCCC(=O)O,CCCCCCCCC=CCCCCCCCC(=O)O,1211.7480000000003,282.4679999999999,-929.2800000000004,"['salt_stripped', 'fragment_removed']"
True,True,['Na'],True,3,True,True,C1=CC(=CC=C1N=NC2=C(C(=CC(=C2O)N=NC3=C4C(=CC(=C3)S(=O)(=O)[O-])C=C(C=C4O)S(=O)(=O)[O-])N=NC5=C(C(=CC(=C5)[N+](=O)[O-])[N+](=O)[O-])O)O)[N+](=O)[O-].[Na+].[Na+],O=[N+]([O-])c1ccc(N=Nc2c(O)c(N=Nc3cc([N+](=O)[O-])cc([N+](=O)[O-])c3O)cc(N=Nc3cc(S(=O)(=O)[O-])cc4cc(S(=O)(=O)[O-])cc(O)c34)c2O)cc1,O=[N+]([O-])c1ccc(N=Nc2c(O)c(N=Nc3cc([N+](=O)[O-])cc([N+](=O)[O-])c3O)cc(N=Nc3cc(S(=O)(=O)O)cc4cc(S(=O)(=O)O)cc(O)c34)c2O)cc1,843.5890000000002,799.6250000000001,-43.964000000000055,"['salt_stripped', 'metal:Na', 'fragment_removed', 'charge_normalized']"
True,True,['Na'],True,5,False,True,C1=CC(=CC=C1NC2=NC(=NC(=N2)Cl)NC3=CC(=C(C=C3)N=NC4=CC5=C(C=C(C=C5C=C4S(=O)(=O)O)S(=O)(=O)O)S(=O)(=O)O)NC(=O)N)S(=O)(=O)CCOS(=O)(=O)O.[Na+].[Na+].[Na+].[Na+],NC(=O)Nc1cc(Nc2nc(Cl)nc(Nc3ccc(S(=O)(=O)CCOS(=O)(=O)O)cc3)n2)ccc1N=Nc1cc2c(S(=O)(=O)O)cc(S(=O)(=O)O)cc2cc1S(=O)(=O)O,NC(=O)Nc1cc(Nc2nc(Cl)nc(Nc3ccc(S(=O)(=O)CCOS(=O)(=O)O)cc3)n2)ccc1N=Nc1cc2c(S(=O)(=O)O)cc(S(=O)(=O)O)cc2cc1S(=O)(=O)O,1030.2950000000005,938.3350000000005,-91.96000000000004,"['salt_stripped', 'metal:Na', 'fragment_removed']"
True,True,"['Zn', 'Mn']",True,20,True,True,C(CNC(=S)[S-])NC(=S)[S-].C(CNC(=S)[S-])NC(=S)[S-].C(CNC(=S)[S-])NC(=S)[S-].C(CNC(=S)[S-])NC(=S)[S-].C(CNC(=S)[S-])NC(=S)[S-].C(CNC(=S)[S-])NC(=S)[S-].C(CNC(=S)[S-])NC(=S)[S-].C(CNC(=S)[S-])NC(=S)[S-].C(CNC(=S)[S-])NC(=S)[S-].C(CNC(=S)[S-])NC(=S)[S-].[Mn+2].[Mn+2].[Mn+2].[Mn+2].[Mn+2].[Mn+2].[Mn+2].[Mn+2].[Mn+2].[Zn+2],S=C([S-])NCCNC(=S)[S-],S=C(S)NCCNC(=S)S,2663.5720000000015,212.39000000000001,-2451.1820000000016,"['salt_stripped', 'metal:Zn,Mn', 'fragment_removed', 'charge_normalized']"
True,False,[],False,1,False,True,CS(=O)(=O)OCCOCCOCCOS(=O)(=O)C,CS(=O)(=O)OCCOCCOCCOS(C)(=O)=O,CS(=O)(=O)OCCOCCOCCOS(C)(=O)=O,306.358,306.358,0.0,['none']
True,False,[],False,1,False,True,CCNS(=O)(=O)C1=CC=CC=C1C,CCNS(=O)(=O)c1ccccc1C,CCNS(=O)(=O)c1ccccc1C,199.275,199.275,0.0,['none']
True,False,[],False,1,False,True,C[N+](C)(CCCNS(=O)(=O)CCC(C(C(C(C(C(F)(F)F)(F)F)(F)F)(F)F)(F)F)(F)F)[O-],C[N+](C)([O-])CCCNS(=O)(=O)CCC(F)(F)C(F)(F)C(F)(F)C(F)(F)C(F)(F)C(F)(F)F,C[N+](C)([O-])CCCNS(=O)(=O)CCC(F)(F)C(F)(F)C(F)(F)C(F)(F)C(F)(F)C(F)(F)F,528.3309999999999,528.3309999999999,0.0,['none']
True,False,[],False,1,False,True,C1=CC(=CC=C1C(=O)NCCC(=O)O)N=NC2=CC(=C(C=C2)O)C(=O)O,O=C(O)CCNC(=O)c1ccc(N=Nc2ccc(O)c(C(=O)O)c2)cc1,O=C(O)CCNC(=O)c1ccc(N=Nc2ccc(O)c(C(=O)O)c2)cc1,357.32200000000006,357.32200000000006,0.0,['none']
True,False,[],False,1,False,True,CC(=O)C(C(=O)NC1=CC=CC=C1OC)N=NC2=C(C=CC(=C2)[N+](=O)[O-])OC,COc1ccc([N+](=O)[O-])cc1N=NC(C(C)=O)C(=O)Nc1ccccc1OC,COc1ccc([N+](=O)[O-])cc1N=NC(C(C)=O)C(=O)Nc1ccccc1OC,386.36400000000015,386.36400000000015,0.0,['none']
True,False,[],False,1,False,True,CC1=CC(=C(C(=C1)C(C)(C)C)OP2OCC3(CO2)COP(OC3)OC4=C(C=C(C=C4C(C)(C)C)C)C(C)(C)C)C(C)(C)C,Cc1cc(C(C)(C)C)c(OP2OCC3(CO2)COP(Oc2c(C(C)(C)C)cc(C)cc2C(C)(C)C)OC3)c(C(C)(C)C)c1,Cc1cc(C(C)(C)C)c(OP2OCC3(CO2)COP(Oc2c(C(C)(C)C)cc(C)cc2C(C)(C)C)OC3)c(C(C)(C)C)c1,632.759,632.759,0.0,['none']
True,False,[],False,1,False,True,C1=CC2=C3C(=CC=C4C3=C1C5=C6C4=CC=C7C6=C(C=C5)C(=O)NC7=O)C(=O)NC2=O,O=C1NC(=O)c2ccc3c4ccc5c6c(ccc(c7ccc1c2c73)c64)C(=O)NC5=O,O=C1NC(=O)c2ccc3c4ccc5c6c(ccc(c7ccc1c2c73)c64)C(=O)NC5=O,390.3540000000001,390.3540000000001,0.0,['none']
True,False,[],False,1,False,True,C1=CC=C2C(=C1)C(=O)C3=C(C=CC(=C3C2=O)O)O,O=C1c2ccccc2C(=O)c2c(O)ccc(O)c21,O=C1c2ccccc2C(=O)c2c(O)ccc(O)c21,240.21399999999997,240.21399999999997,0.0,['none']
True,False,[],False,1,False,True,CC(C)(C)C(=O)OCC1C(C(C(C(O1)Br)OC(=O)C(C)(C)C)OC(=O)C(C)(C)C)OC(=O)C(C)(C)C,CC(C)(C)C(=O)OCC1OC(Br)C(OC(=O)C(C)(C)C)C(OC(=O)C(C)(C)C)C1OC(=O)C(C)(C)C,CC(C)(C)C(=O)OCC1OC(Br)C(OC(=O)C(C)(C)C)C(OC(=O)C(C)(C)C)C1OC(=O)C(C)(C)C,579.5250000000002,579.5250000000002,0.0,['none']
True,True,['Sn'],False,1,False,True,CCCC[Sn](=O)CCCC,CCC[CH2][Sn+2][CH2]CCC,CCC[CH2][Sn+2][CH2]CCC,248.94199999999995,232.94299999999996,-15.998999999999995,"['metal:Sn', 'fragment_removed']"
True,False,[],False,1,False,True,C=CC(=O)OCCO,C=CC(=O)OCCO,C=CC(=O)OCCO,116.11599999999999,116.11599999999999,0.0,['none']
True,False,[],False,1,False,True,CC1=NC(=NC(=N1)OC)NC(=O)NS(=O)(=O)C2=CC=CC=C2OCCCl,COc1nc(C)nc(NC(=O)NS(=O)(=O)c2ccccc2OCCCl)n1,COc1nc(C)nc(NC(=O)NS(=O)(=O)c2ccccc2OCCCl)n1,401.8320000000002,401.8320000000002,0.0,['none']
True,False,[],False,1,False,True,CC(=O)C(C(=O)NC1=CC2=C(C=C1)NC(=O)N2)N=NC3=CC=CC=C3OC,COc1ccccc1N=NC(C(C)=O)C(=O)Nc1ccc2[nH]c(=O)[nH]c2c1,COc1ccccc1N=NC(C(C)=O)C(=O)Nc1ccc2[nH]c(=O)[nH]c2c1,367.3650000000001,367.3650000000001,0.0,['none']
True,False,[],False,1,False,True,CC1=CCCCCCCCCCCCCC1=O,CC1=CCCCCCCCCCCCCC1=O,CC1=CCCCCCCCCCCCCC1=O,236.39899999999994,236.39899999999994,0.0,['none']
True,False,[],False,1,False,True,CC1CC(CO1)(C)C2=CC=CC=C2,CC1CC(C)(c2ccccc2)CO1,CC1CC(C)(c2ccccc2)CO1,176.25900000000001,176.25900000000001,0.0,['none']
True,True,['K'],True,2,True,True,CC1(C(C1C(=O)[O-])C=C(C(F)(F)F)Cl)C.[K+],CC1(C)C(C=C(Cl)C(F)(F)F)C1C(=O)[O-],CC1(C)C(C=C(Cl)C(F)(F)F)C1C(=O)O,280.71399999999994,242.62399999999997,-38.089999999999975,"['salt_stripped', 'metal:K', 'fragment_removed', 'charge_normalized']"
True,False,[],False,1,False,True,C1CCC(CC1)C2=CC=CC=C2,c1ccc(C2CCCCC2)cc1,c1ccc(C2CCCCC2)cc1,160.26000000000002,160.26000000000002,0.0,['none']
True,False,[],False,1,False,True,CC1=C(C(=CC=C1)[N+](=O)[O-])C,Cc1cccc([N+](=O)[O-])c1C,Cc1cccc([N+](=O)[O-])c1C,151.16499999999996,151.16499999999996,0.0,['none']
True,False,[],False,1,False,True,CCNC1=NC(=NC(=N1)SC)NC(C)C,CCNc1nc(NC(C)C)nc(SC)n1,CCNc1nc(NC(C)C)nc(SC)n1,227.33700000000002,227.33700000000002,0.0,['none']
True,False,[],False,1,False,True,COC1=CC=C(C=C1)CN2C(=O)C3=C4C(=CC=C5C4=C(C=C3)C6=C7C5=CC=C8C7=C(C=C6)C(=O)N(C8=O)CC9=CC=C(C=C9)OC)C2=O,COc1ccc(CN2C(=O)c3ccc4c5ccc6c7c(ccc(c8ccc(c3c48)C2=O)c75)C(=O)N(Cc2ccc(OC)cc2)C6=O)cc1,COc1ccc(CN2C(=O)c3ccc4c5ccc6c7c(ccc(c8ccc(c3c48)C2=O)c75)C(=O)N(Cc2ccc(OC)cc2)C6=O)cc1,630.6560000000003,630.6560000000003,0.0,['none']
True,True,['K'],True,3,True,True,C1=CC=C2C(=C1)C(=C(N2)C3=C(C4=CC=CC=C4N3)[O-])[O-].[K+].[K+],[O-]c1c(-c2[nH]c3ccccc3c2[O-])[nH]c2ccccc12,Oc1c(-c2[nH]c3ccccc3c2O)[nH]c2ccccc12,340.46400000000006,264.284,-76.18000000000006,"['salt_stripped', 'metal:K', 'fragment_removed', 'charge_normalized']"
True,False,[],True,2,False,True,COC1=C(C=C(C=C1)NCCO)N.OS(=O)(=O)O,COc1ccc(NCCO)cc1N,COc1ccc(NCCO)cc1N,280.30199999999996,182.22299999999996,-98.07900000000001,"['salt_stripped', 'fragment_removed']"
True,False,[],False,1,False,True,C1C(NC(=O)O1)C(=O)O,O=C1NC(C(=O)O)CO1,O=C1NC(C(=O)O)CO1,131.087,131.087,0.0,['none']
True,False,[],False,1,False,True,CC1=CC=C(C=C1)SC2=CC=C(C=C2)C(=O)C3=CC=CC=C3,Cc1ccc(Sc2ccc(C(=O)c3ccccc3)cc2)cc1,Cc1ccc(Sc2ccc(C(=O)c3ccccc3)cc2)cc1,304.414,304.414,0.0,['none']
True,True,['Z22'],True,5,True,True,CCOC(=O)C=C(C)[O-].CCOC(=O)C=C(C)[O-].CC(C)C[O-].CC(C)C[O-].[Ti+4],CCOC(=O)C=C(C)[O-],CCOC(=O)C=C(C)O,452.36700000000025,130.143,-322.2240000000003,"['salt_stripped', 'metal:Z22', 'fragment_removed', 'charge_normalized']"
True,False,[],True,2,False,True,CCN(CC1=CC=CC=C1)C2=CC=C(C=C2)C=CC3=CC=[N+](C=C3)CCO.CC(=O)[O-],CCN(Cc1ccccc1)c1ccc(C=Cc2cc[n+](CCO)cc2)cc1,CCN(Cc1ccccc1)c1ccc(C=Cc2cc[n+](CCO)cc2)cc1,418.5370000000002,359.4930000000001,-59.044000000000096,"['salt_stripped', 'fragment_removed']"
True,False,[],False,1,False,True,C1CCC(CC1)OC(=O)C2=CC=CC=C2C(=O)OC3CCCCC3,O=C(OC1CCCCC1)c1ccccc1C(=O)OC1CCCCC1,O=C(OC1CCCCC1)c1ccccc1C(=O)OC1CCCCC1,330.4240000000002,330.4240000000002,0.0,['none']
True,False,[],False,1,False,True,CCOC(=O)C1=CC=CC=C1C(=O)OCC,CCOC(=O)c1ccccc1C(=O)OCC,CCOC(=O)c1ccccc1C(=O)OCC,222.23999999999995,222.23999999999995,0.0,['none']
True,True,['Zn'],True,3,False,True,CN1C=[N+](C(=N1)N=NC2=CC=C(C=C2)N(C)CC3=CC=CC=C3)C.CN1C=[N+](C(=N1)N=NC2=CC=C(C=C2)N(C)CC3=CC=CC=C3)C.Cl[Zn-2](Cl)(Cl)Cl,CN(Cc1ccccc1)c1ccc(N=Nc2nn(C)c[n+]2C)cc1,CN(Cc1ccccc1)c1ccc(N=Nc2nn(C)c[n+]2C)cc1,850.0179999999999,321.4080000000001,-528.6099999999999,"['salt_stripped', 'metal:Zn', 'fragment_removed']"
True,False,[],False,1,False,True,CC(C)(C)C1CCC(CC1)OC(=O)C=C,C=CC(=O)OC1CCC(C(C)(C)C)CC1,C=CC(=O)OC1CCC(C(C)(C)C)CC1,210.31699999999995,210.31699999999995,0.0,['none']
True,True,"['Cr', 'Na']",True,5,False,True,C1=CC=C2C(=C1)C=CC(=C2N=NC3=C(C=C(C=C3)[N+](=O)[O-])O)O.C1=CC=C2C(=C1)C=CC(=C2N=NC3=C(C(=CC(=C3)[N+](=O)[O-])S(=O)(=O)O)O)O.[Na+].[Na+].[Cr],O=[N+]([O-])c1cc(N=Nc2c(O)ccc3ccccc23)c(O)c(S(=O)(=O)O)c1,O=[N+]([O-])c1cc(N=Nc2c(O)ccc3ccccc23)c(O)c(S(=O)(=O)O)c1,796.6020000000004,389.3450000000001,-407.25700000000035,"['salt_stripped', 'metal:Cr,Na', 'fragment_removed']"
True,False,[],False,1,False,True,CCOP(=O)(C1=CC=CC=C1)C(=O)C2=C(C=C(C=C2C)C)C,CCOP(=O)(C(=O)c1c(C)cc(C)cc1C)c1ccccc1,CCOP(=O)(C(=O)c1c(C)cc(C)cc1C)c1ccccc1,316.3370000000001,316.3370000000001,0.0,['none']
True,True,['Na'],True,3,True,True,C1=CC(=CC=C1N=N[N+](=NC2=C(C(=CC(=C2)[N+](=O)[O-])[N+](=O)[O-])O)C3=C(C=C(C4=C3C=C(C=C4[O-])S(=O)(=O)[O-])N=NC5=C(C=C(C=C5)O)N)S(=O)(=O)[O-])[N+](=O)[O-].[Na+].[Na+],Nc1cc(O)ccc1N=Nc1cc(S(=O)(=O)[O-])c([N+](N=Nc2ccc([N+](=O)[O-])cc2)=Nc2cc([N+](=O)[O-])cc([N+](=O)[O-])c2O)c2cc(S(=O)(=O)[O-])cc([O-])c12,Nc1cc(O)ccc1N=Nc1cc(S(=O)(=O)[O-])c([N+](N=Nc2ccc([N+](=O)[O-])cc2)=Nc2cc([N+](=O)[O-])cc([N+](=O)[O-])c2O)c2cc(S(=O)(=O)O)cc(O)c12,842.6050000000001,798.6410000000002,-43.96399999999994,"['salt_stripped', 'metal:Na', 'fragment_removed', 'charge_normalized']"
True,False,[],False,1,False,True,CC(C)(C)C1=CC=C(C=C1)C2=C3C(=C(N2)O)C(=NC3=O)C4=CC=C(C=C4)C(C)(C)C,CC(C)(C)c1ccc(C2=NC(=O)c3c(-c4ccc(C(C)(C)C)cc4)[nH]c(O)c32)cc1,CC(C)(C)c1ccc(C2=NC(=O)c3c(-c4ccc(C(C)(C)C)cc4)[nH]c(O)c32)cc1,400.52200000000016,400.52200000000016,0.0,['none']
True,False,[],False,1,False,True,C1=CC(=CC=C1C2=C3C(=C(N2)O)C(=NC3=O)C4=CC=C(C=C4)Cl)Cl,O=C1N=C(c2ccc(Cl)cc2)c2c(O)[nH]c(-c3ccc(Cl)cc3)c21,O=C1N=C(c2ccc(Cl)cc2)c2c(O)[nH]c(-c3ccc(Cl)cc3)c21,357.196,357.196,0.0,['none']
True,False,[],False,1,False,True,CC1=CC=C(C=C1)C2=C3C(=C(N2)O)C(=NC3=O)C4=CC=C(C=C4)C,Cc1ccc(C2=NC(=O)c3c(-c4ccc(C)cc4)[nH]c(O)c32)cc1,Cc1ccc(C2=NC(=O)c3c(-c4ccc(C)cc4)[nH]c(O)c32)cc1,316.36000000000007,316.36000000000007,0.0,['none']
True,True,['Li'],True,2,True,True,[Li+].CC(C)CCCCCCCCCCCCCCC(=O)[O-],CC(C)CCCCCCCCCCCCCCC(=O)[O-],CC(C)CCCCCCCCCCCCCCC(=O)O,290.417,284.4839999999999,-5.93300000000005,"['salt_stripped', 'metal:Li', 'fragment_removed', 'charge_normalized']"
True,False,[],True,2,False,True,C1CC1NC2=C3C(=NC(=N2)N)N(C=N3)C4CC(C=C4)CO.C(CC(=O)O)CC(=O)O,Nc1nc(NC2CC2)c2ncn(C3C=CC(CO)C3)c2n1,Nc1nc(NC2CC2)c2ncn(C3C=CC(CO)C3)c2n1,418.4540000000003,286.33900000000006,-132.11500000000024,"['salt_stripped', 'fragment_removed']"
True,False,[],False,1,False,True,C(CC1=C(C(=C(C(=C1Br)Br)Br)Br)Br)C2=C(C(=C(C(=C2Br)Br)Br)Br)Br,Brc1c(Br)c(Br)c(CCc2c(Br)c(Br)c(Br)c(Br)c2Br)c(Br)c1Br,Brc1c(Br)c(Br)c(CCc2c(Br)c(Br)c(Br)c(Br)c2Br)c(Br)c1Br,971.2259999999999,971.2259999999999,0.0,['none']
True,True,['Na'],True,3,True,True,C1=CC=C2C(=C1)C=CC(N2)(C3(C(=O)C4=CC=CC=C4C3=O)S(=O)(=O)[O-])S(=O)(=O)[O-].[Na+].[Na+],O=C1c2ccccc2C(=O)C1(C1(S(=O)(=O)[O-])C=Cc2ccccc2N1)S(=O)(=O)[O-],O=C1c2ccccc2C(=O)C1(C1(S(=O)(=O)O)C=Cc2ccccc2N1)S(=O)(=O)O,479.39900000000017,435.4350000000001,-43.964000000000055,"['salt_stripped', 'metal:Na', 'fragment_removed', 'charge_normalized']"
True,False,[],False,1,False,True,CC(C)CCCCCCOP(=O)(O)O,CC(C)CCCCCCOP(=O)(O)O,CC(C)CCCCCCOP(=O)(O)O,224.237,224.237,0.0,['none']
True,False,[],True,3,False,True,C1C[N+]2=CC=CC=C2C3=CC=CC=[N+]31.[Br-].[Br-],c1cc[n+]2c(c1)-c1cccc[n+]1CC2,c1cc[n+]2c(c1)-c1cccc[n+]1CC2,344.04999999999995,184.242,-159.80799999999996,"['salt_stripped', 'fragment_removed']"
True,False,[],False,1,False,True,CC(C1=CC=CC=C1)C2=C(C=C(C=C2)O)O,CC(c1ccccc1)c1ccc(O)cc1O,CC(c1ccccc1)c1ccc(O)cc1O,214.26399999999998,214.26399999999998,0.0,['none']
True,False,[],False,1,False,True,C1CCC2C(C1)C(=O)OC2=O,O=C1OC(=O)C2CCCCC12,O=C1OC(=O)C2CCCCC12,154.165,154.165,0.0,['none']
True,False,[],False,1,False,True,C1C=CCC2C1C(=O)OC2=O,O=C1OC(=O)C2CC=CCC12,O=C1OC(=O)C2CC=CCC12,152.14899999999997,152.14899999999997,0.0,['none']
True,False,[],False,1,False,True,C1=CC=C(C(=C1)C(=O)C2=CC=C(C=C2)Cl)C(=O)O,O=C(O)c1ccccc1C(=O)c1ccc(Cl)cc1,O=C(O)c1ccccc1C(=O)c1ccc(Cl)cc1,260.676,260.676,0.0,['none']
True,False,[],False,1,False,True,CCCC(C1=CC(=C(C=C1C)O)C(C)(C)C)C2=CC(=C(C=C2C)O)C(C)(C)C,CCCC(c1cc(C(C)(C)C)c(O)cc1C)c1cc(C(C)(C)C)c(O)cc1C,CCCC(c1cc(C(C)(C)C)c(O)cc1C)c1cc(C(C)(C)C)c(O)cc1C,382.58800000000014,382.58800000000014,0.0,['none']
True,False,[],False,1,False,True,CCCCOC(=O)C1=CC=CC=C1C(=O)OCC2=CC=CC=C2,CCCCOC(=O)c1ccccc1C(=O)OCc1ccccc1,CCCCOC(=O)c1ccccc1C(=O)OCc1ccccc1,312.36499999999995,312.36499999999995,0.0,['none']
True,False,[],False,1,False,True,CCN(C1=CC=CC=C1)C(=O)N(CC)C2=CC=CC=C2,CCN(C(=O)N(CC)c1ccccc1)c1ccccc1,CCN(C(=O)N(CC)c1ccccc1)c1ccccc1,268.35999999999996,268.35999999999996,0.0,['none']
True,False,[],False,1,False,True,CCCCCCCCC=CCCCCCCCC(=O)OCC,CCCCCCCCC=CCCCCCCCC(=O)OCC,CCCCCCCCC=CCCCCCCCC(=O)OCC,310.522,310.522,0.0,['none']
True,False,[],False,1,False,True,CCCCCCCCC=CCCCCCCCC(=O)OCC(CC)CCCC,CCCCCCCCC=CCCCCCCCC(=O)OCC(CC)CCCC,CCCCCCCCC=CCCCCCCCC(=O)OCC(CC)CCCC,394.6840000000002,394.6840000000002,0.0,['none']
True,False,[],False,1,False,True,CC1(CCC(=CC1)CCC=O)C,CC1(C)CC=C(CCC=O)CC1,CC1(C)CC=C(CCC=O)CC1,166.264,166.264,0.0,['none']
True,True,['Zn'],True,3,True,True,CCCCC(CC)C(=O)[O-].CCCCC(CC)C(=O)[O-].[Zn+2],CCCCC(CC)C(=O)[O-],CCCCC(CC)C(=O)O,351.80199999999996,144.214,-207.58799999999997,"['salt_stripped', 'metal:Zn', 'fragment_removed', 'charge_normalized']"
True,True,['Li'],True,2,True,True,[Li+].CC(C)(C)C1=CC2=C(C(=C1)C(C)(C)C)OP(=O)(OC3=C(C2)C=C(C=C3C(C)(C)C)C(C)(C)C)[O-],CC(C)(C)c1cc2c(c(C(C)(C)C)c1)OP(=O)([O-])Oc1c(cc(C(C)(C)C)cc1C(C)(C)C)C2,CC(C)(C)c1cc2c(c(C(C)(C)C)c1)OP(=O)(O)Oc1c(cc(C(C)(C)C)cc1C(C)(C)C)C2,492.5660000000004,486.6330000000003,-5.93300000000005,"['salt_stripped', 'metal:Li', 'fragment_removed', 'charge_normalized']"
True,False,[],False,1,False,True,CC(CO)OC(=O)NNC(=O)OCC(C)O,CC(O)COC(=O)NNC(=O)OC(C)CO,CC(O)COC(=O)NNC(=O)OC(C)CO,236.224,236.224,0.0,['none']
True,True,"['Cr', 'Na']",True,6,True,True,C=CS(=O)(=O)C1=CC=C(C=C1)NC2=NC(=NC(=N2)Cl)NC3=CC4=CC(=C(C(=C4C=C3)[O-])N=NC5=C(C=CC(=C5)[N+](=O)[O-])O)S(=O)(=O)[O-].C1=CC=C2C(=C1)C=CC(=C2N=NC3=C4C=CC(=CC4=C(C=C3)S(=O)(=O)[O-])[N+](=O)[O-])O.[Na+].[Na+].[Na+].[Cr+3],C=CS(=O)(=O)c1ccc(Nc2nc(Cl)nc(Nc3ccc4c([O-])c(N=Nc5cc([N+](=O)[O-])ccc5O)c(S(=O)(=O)[O-])cc4c3)n2)cc1,C=CS(=O)(=O)c1ccc(Nc2nc(Cl)nc(Nc3ccc4c(O)c(N=Nc5cc([N+](=O)[O-])ccc5O)c(S(=O)(=O)O)cc4c3)n2)cc1,1240.4310000000003,699.0830000000004,-541.3479999999998,"['salt_stripped', 'metal:Cr,Na', 'fragment_removed', 'charge_normalized']"
True,False,[],True,8,True,True,CCC1(OC(=C(C(=O)O1)C=CC=CC=C2C(=O)OC3(CCC4(CC3)OC(=O)C(=CC=CC=CC5=C(OC(OC5=O)(C)CC)[O-])C(=O)O4)OC2=O)[O-])C.CC1CCC(C2(C1)OC(=C(C(=O)O2)C=CC=CC=C3C(=O)OC4(CCC5(CC4)OC(=O)C(=CC=CC=CC6=C(OC7(CC(CCC7C)C)OC6=O)[O-])C(=O)O5)OC3=O)[O-])C.CC1(OC(=O)C(=CC=CC=CC2=C(OC3(CCC4(CC3)OC(=C(C(=O)O4)C=CC=CC=C5C(=O)OC(OC5=O)(C)C)[O-])OC2=O)[O-])C(=O)O1)C.C1CCC2(CC1)OC(=O)C(=CC=CC=CC3=C(OC4(CCC5(CC4)OC(=C(C(=O)O5)C=CC=CC=C6C(=O)OC7(CCCCC7)OC6=O)[O-])OC3=O)[O-])C(=O)O2.C1=CC=C(C=C1)C2=C(C=CC(=C2)[N+]3=CC=C(C=C3)C4=CC=[N+](C=C4)C5=CC(=C(C=C5)O)C6=CC=CC=C6)O.C1=CC=C(C=C1)C2=C(C=CC(=C2)[N+]3=CC=C(C=C3)C4=CC=[N+](C=C4)C5=CC(=C(C=C5)O)C6=CC=CC=C6)O.C1=CC=C(C=C1)C2=C(C=CC(=C2)[N+]3=CC=C(C=C3)C4=CC=[N+](C=C4)C5=CC(=C(C=C5)O)C6=CC=CC=C6)O.C1=CC=C(C=C1)C2=C(C=CC(=C2)[N+]3=CC=C(C=C3)C4=CC=[N+](C=C4)C5=CC(=C(C=C5)O)C6=CC=CC=C6)O,CC1CCC(C)C2(C1)OC(=O)C(C=CC=CC=C1C(=O)OC3(CCC4(CC3)OC(=O)C(=CC=CC=CC3=C([O-])OC5(CC(C)CCC5C)OC3=O)C(=O)O4)OC1=O)=C([O-])O2,CC1CCC(C)C2(C1)OC(=O)C(C=CC=CC=C1C(=O)OC3(CCC4(CC3)OC(=O)C(=CC=CC=CC3=C(O)OC5(CC(C)CCC5C)OC3=O)C(=O)O4)OC1=O)=C(O)O2,5001.189999999993,832.8520000000002,-4168.337999999993,"['salt_stripped', 'fragment_removed', 'charge_normalized']"
True,True,['Na'],True,4,True,True,C1=CC(=CC=C1N=NC2C(=NN(C2=O)C3=CC=C(C=C3)S(=O)(=O)[O-])C(=O)[O-])S(=O)(=O)CCOS(=O)(=O)[O-].[Na+].[Na+].[Na+],O=C([O-])C1=NN(c2ccc(S(=O)(=O)[O-])cc2)C(=O)C1N=Nc1ccc(S(=O)(=O)CCOS(=O)(=O)[O-])cc1,O=C(O)C1=NN(c2ccc(S(=O)(=O)O)cc2)C(=O)C1N=Nc1ccc(S(=O)(=O)CCOS(=O)(=O)O)cc1,642.4890000000004,576.5430000000003,-65.94600000000003,"['salt_stripped', 'metal:Na', 'fragment_removed', 'charge_normalized']"
True,True,['Na'],True,5,True,True,C1=CC=C(C=C1)C(=O)NC2=C3C(=CC(=C2)S(=O)(=O)[O-])C=C(C(=C3O)N=NC4=C(C5=C(C=C4)C=C(C=C5)S(=O)(=O)CCOS(=O)(=O)[O-])S(=O)(=O)[O-])S(=O)(=O)[O-].[Na+].[Na+].[Na+].[Na+],O=C(Nc1cc(S(=O)(=O)[O-])cc2cc(S(=O)(=O)[O-])c(N=Nc3ccc4cc(S(=O)(=O)CCOS(=O)(=O)[O-])ccc4c3S(=O)(=O)[O-])c(O)c12)c1ccccc1,O=C(Nc1cc(S(=O)(=O)O)cc2cc(S(=O)(=O)O)c(N=Nc3ccc4cc(S(=O)(=O)CCOS(=O)(=O)O)ccc4c3S(=O)(=O)O)c(O)c12)c1ccccc1,933.7700000000004,845.8420000000004,-87.928,"['salt_stripped', 'metal:Na', 'fragment_removed', 'charge_normalized']"
True,False,[],True,3,False,True,CS(=O)(=O)O.CS(=O)(=O)O.C1CN2C(=C(C(=O)N2C1)N)N,Nc1c(N)n2n(c1=O)CCC2,Nc1c(N)n2n(c1=O)CCC2,346.3870000000001,154.17299999999997,-192.21400000000014,"['salt_stripped', 'fragment_removed']"
True,True,['K'],True,2,True,True,CC(C(=O)[O-])O.[K+],CC(O)C(=O)[O-],CC(O)C(=O)O,128.168,90.07799999999999,-38.09000000000002,"['salt_stripped', 'metal:K', 'fragment_removed', 'charge_normalized']"
True,False,[],False,1,False,True,C1CC1C2=NC(=C(C(=N2)N)Cl)C(=O)O,Nc1nc(C2CC2)nc(C(=O)O)c1Cl,Nc1nc(C2CC2)nc(C(=O)O)c1Cl,213.624,213.624,0.0,['none']
True,False,[],False,1,False,True,C1=CC2=C(C=CN=C2C=C1Cl)Cl,Clc1ccc2c(Cl)ccnc2c1,Clc1ccc2c(Cl)ccnc2c1,198.052,198.052,0.0,['none']
True,False,[],True,3,True,True,CCCCC(CC)COP(=O)([O-])[O-].[NH4+].[NH4+],CCCCC(CC)COP(=O)([O-])[O-],CCCCC(CC)COP(=O)(O)O,244.272,210.20999999999998,-34.06200000000001,"['salt_stripped', 'fragment_removed', 'charge_normalized']"
True,False,[],False,1,False,True,CC1CC(CC(C1)(C)C)OC(=O)C=C,C=CC(=O)OC1CC(C)CC(C)(C)C1,C=CC(=O)OC1CC(C)CC(C)(C)C1,196.29,196.29,0.0,['none']
True,True,['K'],True,2,True,True,C(C(C(=O)[O-])O)(C(=O)O)O.[K+],O=C([O-])C(O)C(O)C(=O)O,O=C(O)C(O)C(O)C(=O)O,188.176,150.08599999999998,-38.09,"['salt_stripped', 'metal:K', 'fragment_removed', 'charge_normalized']"
True,False,[],False,1,False,True,CC1=CCCC(=C)C2CC(C2CC1)(C)C,C=C1CCC=C(C)CCC2C1CC2(C)C,C=C1CCC=C(C)CCC2C1CC2(C)C,204.35699999999997,204.35699999999997,0.0,['none']
True,False,[],False,1,False,True,CC1=C(C(=CC=C1)C)N,Cc1cccc(C)c1N,Cc1cccc(C)c1N,121.18299999999998,121.18299999999998,0.0,['none']
True,False,[],False,1,False,True,C1COC(=O)N1CCCO,O=C1OCCN1CCCO,O=C1OCCN1CCCO,145.158,145.158,0.0,['none']
True,False,[],False,1,False,True,CC1CCS(=O)(=O)C1,CC1CCS(=O)(=O)C1,CC1CCS(=O)(=O)C1,134.2,134.2,0.0,['none']
True,False,[],False,1,False,True,CCCCC(CC)COC(=O)C(CC1=CC(=C(C(=C1)OC)O)OC)C(=O)OCC(CC)CCCC,CCCCC(CC)COC(=O)C(Cc1cc(OC)c(O)c(OC)c1)C(=O)OCC(CC)CCCC,CCCCC(CC)COC(=O)C(Cc1cc(OC)c(O)c(OC)c1)C(=O)OCC(CC)CCCC,494.6690000000004,494.6690000000004,0.0,['none']
True,False,[],False,1,False,True,CC1CC(=O)CC(C1)(C)C,CC1CC(=O)CC(C)(C)C1,CC1CC(=O)CC(C)(C)C1,140.226,140.226,0.0,['none']
True,False,[],False,1,False,True,CN(C1=C(C=CC=C1F)C(=O)C2=NC(=NC(=N2)OC)OC)S(=O)(=O)C(F)F,COc1nc(OC)nc(C(=O)c2cccc(F)c2N(C)S(=O)(=O)C(F)F)n1,COc1nc(OC)nc(C(=O)c2cccc(F)c2N(C)S(=O)(=O)C(F)F)n1,406.34200000000004,406.34200000000004,0.0,['none']
True,False,[],False,1,False,True,C1CC2=C(C=CC(=C2)F)OC1C(CN(CC3=CC=CC=C3)CC(C4CCC5=C(O4)C=CC(=C5)F)O)O,OC(CN(Cc1ccccc1)CC(O)C1CCc2cc(F)ccc2O1)C1CCc2cc(F)ccc2O1,OC(CN(Cc1ccccc1)CC(O)C1CCc2cc(F)ccc2O1)C1CCc2cc(F)ccc2O1,495.5660000000002,495.5660000000002,0.0,['none']
True,False,[],False,1,False,True,CC(C)(C)NCCOCCO,CC(C)(C)NCCOCCO,CC(C)(C)NCCOCCO,161.24499999999998,161.24499999999998,0.0,['none']
True,False,[],False,1,False,True,CCCCCCCCCCCCSC(C)CC(=O)C1C(C=CCC1(C)C)C,CCCCCCCCCCCCSC(C)CC(=O)C1C(C)C=CCC1(C)C,CCCCCCCCCCCCSC(C)CC(=O)C1C(C)C=CCC1(C)C,394.7090000000001,394.7090000000001,0.0,['none']
True,False,[],False,1,False,True,C1=COC(=C1)C(=O)O,O=C(O)c1ccco1,O=C(O)c1ccco1,112.08399999999997,112.08399999999997,0.0,['none']
True,False,[],False,1,False,True,CCC(C)C1=C(C(=CC(=C1)[N+](=O)[O-])[N+](=O)[O-])O,CCC(C)c1cc([N+](=O)[O-])cc([N+](=O)[O-])c1O,CCC(C)c1cc([N+](=O)[O-])cc([N+](=O)[O-])c1O,240.21499999999997,240.21499999999997,0.0,['none']
True,False,[],False,1,False,True,CC(C)C1C2CCC1C3=C2C=CC=C3NC(=O)C4=CN(N=C4C(F)F)C,CC(C)C1C2CCC1c1c(NC(=O)c3cn(C)nc3C(F)F)cccc12,CC(C)C1C2CCC1c1c(NC(=O)c3cn(C)nc3C(F)F)cccc12,359.42,359.42,0.0,['none']
True,False,[],False,1,False,True,C1=CC2=C(C=CC(=C2N=C1)OCC(=O)O)Cl,O=C(O)COc1ccc(Cl)c2cccnc12,O=C(O)COc1ccc(Cl)c2cccnc12,237.64199999999997,237.64199999999997,0.0,['none']
True,False,[],False,1,False,True,C1CCCCCCC=CC(=O)CCCCCC1,O=C1C=CCCCCCCCCCCCCC1,O=C1C=CCCCCCCCCCCCCC1,236.39899999999992,236.39899999999992,0.0,['none']
True,False,[],False,1,False,True,C1=CC=C(C=C1)C2=CC=C(C=C2)C3=C4C(=C(N3)O)C(=NC4=O)C5=CC=C(C=C5)C6=CC=CC=C6,O=C1N=C(c2ccc(-c3ccccc3)cc2)c2c(O)[nH]c(-c3ccc(-c4ccccc4)cc3)c21,O=C1N=C(c2ccc(-c3ccccc3)cc2)c2c(O)[nH]c(-c3ccc(-c4ccccc4)cc3)c21,440.5020000000001,440.5020000000001,0.0,['none']
True,False,[],True,2,False,True,C[N+](C)(C)CC(CSCCC(C(C(C(C(C(F)(F)F)(F)F)(F)F)(F)F)(F)F)(F)F)O.[Cl-],C[N+](C)(C)CC(O)CSCCC(F)(F)C(F)(F)C(F)(F)C(F)(F)C(F)(F)C(F)(F)F,C[N+](C)(C)CC(O)CSCCC(F)(F)C(F)(F)C(F)(F)C(F)(F)C(F)(F)C(F)(F)F,531.8059999999998,496.35299999999984,-35.452999999999975,"['salt_stripped', 'fragment_removed']"
True,False,[],False,1,False,True,CC1=NN(C(=O)C1)C2=CC=CC=C2,CC1=NN(c2ccccc2)C(=O)C1,CC1=NN(c2ccccc2)C(=O)C1,174.203,174.203,0.0,['none']
True,False,[],False,1,False,True,CC1=CC(=CC(=C1N)C(=O)NC)C#N,CNC(=O)c1cc(C#N)cc(C)c1N,CNC(=O)c1cc(C#N)cc(C)c1N,189.21800000000002,189.21800000000002,0.0,['none']
True,False,[],False,1,False,True,C(C(C(C(C(CO)O)O)O)O)NC=O,O=CNCC(O)C(O)C(O)C(O)CO,O=CNCC(O)C(O)C(O)C(O)CO,209.198,209.198,0.0,['none']
True,True,['Na'],True,3,True,True,C1=CC=C2C(=C1)C(=C(N2)C3=C(C4=CC=CC=C4N3)[O-])[O-].[Na+].[Na+],[O-]c1c(-c2[nH]c3ccccc3c2[O-])[nH]c2ccccc12,Oc1c(-c2[nH]c3ccccc3c2O)[nH]c2ccccc12,308.24800000000005,264.284,-43.964000000000055,"['salt_stripped', 'metal:Na', 'fragment_removed', 'charge_normalized']"
True,False,[],True,5,False,True,CCCCCCCCCC[N+](C)(C)CCCCCCCCCC.CCCCCCCCCC[N+](C)(C)CCCCCCCCCC.CCCCCCCCCC[N+](C)(C)CCCCCCCCCC.C(=O)(O)[O-].C(=O)([O-])[O-],CCCCCCCCCC[N+](C)(C)CCCCCCCCCC,CCCCCCCCCC[N+](C)(C)CCCCCCCCCC,1100.9229999999986,326.6330000000001,-774.2899999999986,"['salt_stripped', 'fragment_removed']"
True,False,[],False,1,False,True,CC(C)(C1CCCO1)C2CCCO2,CC(C)(C1CCCO1)C1CCCO1,CC(C)(C1CCCO1)C1CCCO1,184.27899999999997,184.27899999999997,0.0,['none']
True,False,[],False,1,False,True,CC1=C(C=C(C=C1)I)CC2=CC=C(S2)C3=CC=C(C=C3)F,Cc1ccc(I)cc1Cc1ccc(-c2ccc(F)cc2)s1,Cc1ccc(I)cc1Cc1ccc(-c2ccc(F)cc2)s1,408.27900000000005,408.27900000000005,0.0,['none']
True,False,[],True,3,True,True,CC1=CC(=O)[N+](C(=C1N=NC2=CC=C(C=C2)N=NC3=C(C=C4C=CC(=CC4=C3O)N=NC5=C([NH+](C(=O)C(=C5C)C)C6=C[NH+]=CC=C6)O)S(=O)(=O)O)O)(CCCN(C)C)C7=C[NH+]=CC=C7.CC(C(=O)O)O.CC(C(=O)O)O,CC1=CC(=O)[N+](CCCN(C)C)(c2ccc[nH+]c2)C(O)=C1N=Nc1ccc(N=Nc2c(S(=O)(=O)O)cc3ccc(N=NC4=C(O)[NH+](c5ccc[nH+]c5)C(=O)C(C)=C4C)cc3c2O)cc1,CC1=CC(=O)[N+](CCCN(C)C)(c2cccnc2)C(O)=C1N=Nc1ccc(N=Nc2c(S(=O)(=O)O)cc3ccc(N=NC4=C(O)N(c5cccnc5)C(=O)C(C)=C4C)cc3c2O)cc1,1068.1360000000002,884.956,-183.18000000000018,"['salt_stripped', 'fragment_removed', 'charge_normalized']"
True,True,['Na'],True,2,True,True,CCC(=O)NC1=CC=CC(=C1)NC2=CC(=C(C3=C2C(=O)C4=CC=CC=C4C3=O)N)S(=O)(=O)[O-].[Na+],CCC(=O)Nc1cccc(Nc2cc(S(=O)(=O)[O-])c(N)c3c2C(=O)c2ccccc2C3=O)c1,CCC(=O)Nc1cccc(Nc2cc(S(=O)(=O)O)c(N)c3c2C(=O)c2ccccc2C3=O)c1,487.4690000000002,465.4870000000002,-21.982000000000028,"['salt_stripped', 'metal:Na', 'fragment_removed', 'charge_normalized']"
True,False,[],False,1,False,True,C1=CC=C(C=C1)C2=CC=CC=C2O,Oc1ccccc1-c1ccccc1,Oc1ccccc1-c1ccccc1,170.21099999999996,170.21099999999996,0.0,['none']
True,False,[],False,1,False,True,CCN(CC)C1=CC=C(C=C1)C(=O)C2=CC=C(C=C2)N(CC)CC,CCN(CC)c1ccc(C(=O)c2ccc(N(CC)CC)cc2)cc1,CCN(CC)c1ccc(C(=O)c2ccc(N(CC)CC)cc2)cc1,324.46800000000013,324.46800000000013,0.0,['none']
True,True,['Na'],True,2,False,True,C1=CC=NC(=C1)N=NC2=C(C=C(C=C2)O)O.[Na+],Oc1ccc(N=Nc2ccccn2)c(O)c1,Oc1ccc(N=Nc2ccccn2)c(O)c1,238.20200000000003,215.21200000000002,-22.99000000000001,"['salt_stripped', 'metal:Na', 'fragment_removed']"
True,False,[],False,1,False,True,CN(C)C1=NC(=NC(=N1)N)C(CC2=CNC3=CC=CC=C32)NC(=O)C4=CC=CC=C4,CN(C)c1nc(N)nc(C(Cc2c[nH]c3ccccc23)NC(=O)c2ccccc2)n1,CN(C)c1nc(N)nc(C(Cc2c[nH]c3ccccc23)NC(=O)c2ccccc2)n1,401.4740000000001,401.4740000000001,0.0,['none']
True,True,['Li'],True,2,True,True,[Li+].C(F)(F)(F)S(=O)(=O)[N-]S(=O)(=O)C(F)(F)F,O=S(=O)([N-]S(=O)(=O)C(F)(F)F)C(F)(F)F,O=S(=O)(NS(=O)(=O)C(F)(F)F)C(F)(F)F,287.08799999999997,281.155,-5.932999999999993,"['salt_stripped', 'metal:Li', 'fragment_removed', 'charge_normalized']"
True,False,[],False,1,False,True,C(C1C(C(C(C(O1)OC2C(OC(C(C2O)O)OC3C(OC(C(C3O)O)O)CO)CO)O)O)O)O,OCC1OC(OC2C(CO)OC(OC3C(CO)OC(O)C(O)C3O)C(O)C2O)C(O)C(O)C1O,OCC1OC(OC2C(CO)OC(OC3C(CO)OC(O)C(O)C3O)C(O)C2O)C(O)C(O)C1O,504.43800000000016,504.43800000000016,0.0,['none']
True,False,[],True,2,False,True,CC(C)CC(C)(C#CC(C)(CC(C)C)O)O.C(CO)O,CC(C)CC(C)(O)C#CC(C)(O)CC(C)C,CC(C)CC(C)(O)C#CC(C)(O)CC(C)C,288.42799999999994,226.35999999999999,-62.067999999999955,"['salt_stripped', 'fragment_removed']"
True,False,[],False,1,False,True,CC(CNC(=S)S)NC(=S)S,CC(CNC(=S)S)NC(=S)S,CC(CNC(=S)S)NC(=S)S,226.41700000000006,226.41700000000006,0.0,['none']
True,False,[],True,7,False,True,[HH].[HH].[HH].[HH].[HH].[HH].[HH],[HH],[HH],14.111999999999995,2.016,-12.095999999999995,"['salt_stripped', 'fragment_removed']"
True,False,[],False,1,False,True,CC(C)(C)CC(C)(C)C1=CC(=C(C=C1O)C(C)(C)CC(C)(C)C)O,CC(C)(C)CC(C)(C)c1cc(O)c(C(C)(C)CC(C)(C)C)cc1O,CC(C)(C)CC(C)(C)c1cc(O)c(C(C)(C)CC(C)(C)C)cc1O,334.5440000000001,334.5440000000001,0.0,['none']
True,True,['Cd'],False,1,False,True,[Cd+2],[Cd+2],[Cd+2],112.412,112.412,0.0,['metal:Cd']
True,False,[],False,1,False,True,CCCCC(CC)C(=O)OCCC,CCCCC(CC)C(=O)OCCC,CCCCC(CC)C(=O)OCCC,186.29499999999996,186.29499999999996,0.0,['none']
True,False,[],True,4,False,True,C1=CC=C(C=C1)NC2=C(C=C(C=C2)N)S(=O)(=O)O.C1=CC(=CC(=C1)O)O.C1=CC(=CC=C1N)[N+](=O)[O-].C1=C2C=C(C=C(C2=C(C=C1S(=O)(=O)O)N)O)S(=O)(=O)O,Nc1ccc(Nc2ccccc2)c(S(=O)(=O)O)c1,Nc1ccc(Nc2ccccc2)c(S(=O)(=O)O)c1,831.8600000000002,264.306,-567.5540000000003,"['salt_stripped', 'fragment_removed']"
True,False,[],True,3,False,True,CCCCCCCCCCCCCCCCCC(=O)O.CCCCCCCCCCCCCCCC(=O)O.OP(=O)(O)O,CCCCCCCCCCCCCCCCCC(=O)O,CCCCCCCCCCCCCCCCCC(=O)O,638.9080000000009,284.4839999999999,-354.424000000001,"['salt_stripped', 'fragment_removed']"
True,False,[],False,1,False,True,C(CO)COCC(COCCCO)(COCCCO)COCCCO,OCCCOCC(COCCCO)(COCCCO)COCCCO,OCCCOCC(COCCCO)(COCCCO)COCCCO,368.46700000000016,368.46700000000016,0.0,['none']
True,False,[],True,98,False,True,[Tb].[Tb].[Tb].[Tb].[Tb].[Tb].[Tb].[Tb].[Tb].[Tb].[Tb].[Tb].[Tb].[Tb].[Tb].[Tb].[Tb].[Tb].[Tb].[Tb].[Tb].[Tb].[Tb].[Tb].[Tb].[Tb].[Tb].[Tb].[Tb].[Tb].[Tb].[Tb].[Tb].[Tb].[Tb].[Tb].[Tb].[Tb].[Tb].[Tb].[Tb].[Tb].[Tb].[Tb].[Tb].[Tb].[Tb].[Tb].[Tb].[Tb].[Tb].[Tb].[Tb].[Tb].[Tb].[Tb].[Tb].[Tb].[Tb].[Tb].[Tb].[Tb].[Tb].[Tb].[Tb].[Tb].[Tb].[Tb].[Tb].[Tb].[Tb].[Tb].[Tb].[Tb].[Tb].[Tb].[Tb].[Tb].[Tb].[Tb].[Tb].[Tb].[Tb].[Tb].[Tb].[Tb].[Tb].[Tb].[Tb].[Tb].[Tb].[Tb].[Tb].[Tb].[Tb].[Tb].[Tb].[Tb],[Tb],[Tb],15574.649999999972,158.925,-15415.724999999973,"['salt_stripped', 'fragment_removed']"
True,False,[],False,1,False,True,CCC(=O)O,CCC(=O)O,CCC(=O)O,74.079,74.079,0.0,['none']
True,False,[],False,1,False,True,C1=CC=C(C(=C1)C#N)C#N,N#Cc1ccccc1C#N,N#Cc1ccccc1C#N,128.134,128.134,0.0,['none']
True,False,[],False,1,False,True,CC1=C(C=CC(=C1)C2=CC(=C(C=C2)N=C=O)C)N=C=O,Cc1cc(-c2ccc(N=C=O)c(C)c2)ccc1N=C=O,Cc1cc(-c2ccc(N=C=O)c(C)c2)ccc1N=C=O,264.284,264.284,0.0,['none']
True,False,[],False,1,False,True,CCCCC(CC)CN(CC(CC)CCCC)CN1C=NC=N1,CCCCC(CC)CN(CC(CC)CCCC)Cn1cncn1,CCCCC(CC)CN(CC(CC)CCCC)Cn1cncn1,322.54099999999994,322.54099999999994,0.0,['none']
True,True,['Na'],True,2,True,True,C(#N)[O-].[Na+],N#C[O-],N#CO,65.007,43.025000000000006,-21.982,"['salt_stripped', 'metal:Na', 'fragment_removed', 'charge_normalized']"
True,False,[],True,4,True,True,CC(=O)[O-].CC(=O)[O-].CC(=O)[O-].[La+3],CC(=O)[O-],CC(=O)O,316.038,60.05200000000001,-255.986,"['salt_stripped', 'fragment_removed', 'charge_normalized']"
True,True,['Na'],True,2,True,True,CC(O)S(=O)(=O)[O-].[Na+],CC(O)S(=O)(=O)[O-],CC(O)S(=O)(=O)O,148.11499999999998,126.13299999999998,-21.982,"['salt_stripped', 'metal:Na', 'fragment_removed', 'charge_normalized']"
True,False,[],False,1,False,True,CCCCCCCC(=O)OC(C(C(C(C(CO)O)O)O)O)O,CCCCCCCC(=O)OC(O)C(O)C(O)C(O)C(O)CO,CCCCCCCC(=O)OC(O)C(O)C(O)C(O)C(O)CO,324.37,324.37,0.0,['none']
True,False,[],False,1,False,True,CCO[Si](CCCN)(OCC)OCC,CCO[Si](CCCN)(OCC)OCC,CCO[Si](CCCN)(OCC)OCC,221.37299999999993,221.37299999999993,0.0,['none']
True,False,[],False,1,False,True,C1=CC(=CC=C1C2=CC=C(C=C2)O)O,Oc1ccc(-c2ccc(O)cc2)cc1,Oc1ccc(-c2ccc(O)cc2)cc1,186.20999999999998,186.20999999999998,0.0,['none']
True,False,[],False,1,False,True,C=CCC(=CCC1CC(=O)OC1=O)CC=C,C=CCC(=CCC1CC(=O)OC1=O)CC=C,C=CCC(=CCC1CC(=O)OC1=O)CC=C,220.26799999999994,220.26799999999994,0.0,['none']
True,True,['Na'],True,2,True,True,CCC(C)C1=C(C(=CC(=C1)S(=O)(=O)[O-])N2N=C3C=CC=CC3=N2)O.[Na+],CCC(C)c1cc(S(=O)(=O)[O-])cc(-n2nc3ccccc3n2)c1O,CCC(C)c1cc(S(=O)(=O)O)cc(-n2nc3ccccc3n2)c1O,369.37800000000004,347.396,-21.982000000000028,"['salt_stripped', 'metal:Na', 'fragment_removed', 'charge_normalized']"
True,False,[],False,1,False,True,CCCCOC(=O)C=CC(=O)O,CCCCOC(=O)C=CC(=O)O,CCCCOC(=O)C=CC(=O)O,172.17999999999998,172.17999999999998,0.0,['none']
True,False,[],False,1,False,True,CC(=CCCC=O)CCCC(C)(C)O,CC(=CCCC=O)CCCC(C)(C)O,CC(=CCCC=O)CCCC(C)(C)O,198.30599999999998,198.30599999999998,0.0,['none']
True,False,[],False,1,False,True,CCCN(C)C,CCCN(C)C,CCCN(C)C,87.16599999999998,87.16599999999998,0.0,['none']
True,False,[],False,1,False,True,CCC=CCCO,CCC=CCCO,CCC=CCCO,100.161,100.161,0.0,['none']
True,False,[],False,1,False,True,COC1=CC2=CC=CC=C2C=C1,COc1ccc2ccccc2c1,COc1ccc2ccccc2c1,158.2,158.2,0.0,['none']
True,False,[],False,1,False,True,COC1=C(C=C(C=C1)CC=C)OC,C=CCc1ccc(OC)c(OC)c1,C=CCc1ccc(OC)c(OC)c1,178.23099999999997,178.23099999999997,0.0,['none']
True,False,[],False,1,False,True,CCOC(=O)C1=CC=CC=C1,CCOC(=O)c1ccccc1,CCOC(=O)c1ccccc1,150.177,150.177,0.0,['none']
True,False,[],False,1,False,True,CC(C1=CC=CC=C1)OC(=O)C,CC(=O)OC(C)c1ccccc1,CC(=O)OC(C)c1ccccc1,164.20399999999995,164.20399999999995,0.0,['none']
True,False,[],False,1,False,True,CCCCCCCCCCCCCCCCCCOC=C,C=COCCCCCCCCCCCCCCCCCC,C=COCCCCCCCCCCCCCCCCCC,296.53899999999993,296.53899999999993,0.0,['none']
True,False,[],False,1,False,True,C1CCC(C1)Cl,ClC1CCCC1,ClC1CCCC1,104.58000000000001,104.58000000000001,0.0,['none']
True,False,[],False,1,False,True,CCCCCCCCCCCC(=O)OCC(C)(C)C=NCC1(CC(CC(C1)(C)C)N=CC(C)(C)COC(=O)CCCCCCCCCCC)C,CCCCCCCCCCCC(=O)OCC(C)(C)C=NCC1(C)CC(N=CC(C)(C)COC(=O)CCCCCCCCCCC)CC(C)(C)C1,CCCCCCCCCCCC(=O)OCC(C)(C)C=NCC1(C)CC(N=CC(C)(C)COC(=O)CCCCCCCCCCC)CC(C)(C)C1,703.1499999999996,703.1499999999996,0.0,['none']
True,False,[],False,1,False,True,CCCCCCCCCCC(CCCCCCCC)COC(=O)CCCCCCCCCCCCCCC(C)C,CCCCCCCCCCC(CCCCCCCC)COC(=O)CCCCCCCCCCCCCCC(C)C,CCCCCCCCCCC(CCCCCCCC)COC(=O)CCCCCCCCCCCCCCC(C)C,565.0240000000005,565.0240000000005,0.0,['none']
True,False,[],False,1,False,True,CC(C)CCCCCC(=O)OCC(COC(=O)CCCCCC(C)C)(COC(=O)CCCCCC(C)C)COC(=O)CCCCCC(C)C,CC(C)CCCCCC(=O)OCC(COC(=O)CCCCCC(C)C)(COC(=O)CCCCCC(C)C)COC(=O)CCCCCC(C)C,CC(C)CCCCCC(=O)OCC(COC(=O)CCCCCC(C)C)(COC(=O)CCCCCC(C)C)COC(=O)CCCCCC(C)C,697.051,697.051,0.0,['none']
True,False,[],True,2,False,True,C1=CC(=C(C=C1N)CCO)N.OS(=O)(=O)O,Nc1ccc(N)c(CCO)c1,Nc1ccc(N)c(CCO)c1,250.276,152.197,-98.07900000000001,"['salt_stripped', 'fragment_removed']"
True,False,[],False,1,False,True,CC(=CC#N)CCC1=CC=CC=C1,CC(=CC#N)CCc1ccccc1,CC(=CC#N)CCc1ccccc1,171.24300000000002,171.24300000000002,0.0,['none']
True,True,['Z56'],True,3,True,True,CCCCCCCCCCCCC1=CC=C(C=C1)[O-].CCCCCCCCCCCCC1=CC=C(C=C1)[O-].[Ba+2],CCCCCCCCCCCCc1ccc([O-])cc1,CCCCCCCCCCCCc1ccc(O)cc1,660.1860000000005,262.43699999999995,-397.74900000000054,"['salt_stripped', 'metal:Z56', 'fragment_removed', 'charge_normalized']"
True,False,[],False,1,False,True,CC1(CC(CC(C1)(C)CNCCC#N)NCCC#N)C,CC1(C)CC(NCCC#N)CC(C)(CNCCC#N)C1,CC1(C)CC(NCCC#N)CC(C)(CNCCC#N)C1,276.428,276.428,0.0,['none']
True,False,[],False,1,False,True,CCCCCCCCCCCCCCCCCCCCCC(=O)OC1COC(C1OC(=O)CCCCCCCCCCCCCCCCCCCCC)C(CO)OC(=O)CCCCCCCCCCCCCCCCCCCCC,CCCCCCCCCCCCCCCCCCCCCC(=O)OC(CO)C1OCC(OC(=O)CCCCCCCCCCCCCCCCCCCCC)C1OC(=O)CCCCCCCCCCCCCCCCCCCCC,CCCCCCCCCCCCCCCCCCCCCC(=O)OC(CO)C1OCC(OC(=O)CCCCCCCCCCCCCCCCCCCCC)C1OC(=O)CCCCCCCCCCCCCCCCCCCCC,1131.8879999999986,1131.8879999999986,0.0,['none']
True,False,[],False,1,False,True,CCCOC(=O)C1=CC=C(C=C1)O,CCCOC(=O)c1ccc(O)cc1,CCCOC(=O)c1ccc(O)cc1,180.20299999999997,180.20299999999997,0.0,['none']
True,False,[],False,1,False,True,CCCCC(CC)C(=O)OCCOCCOCCOC(=O)C(CC)CCCC,CCCCC(CC)C(=O)OCCOCCOCCOC(=O)C(CC)CCCC,CCCCC(CC)C(=O)OCCOCCOCCOC(=O)C(CC)CCCC,402.57200000000023,402.57200000000023,0.0,['none']
True,False,[],False,1,False,True,CCCCCCCCCCCC(=O)OCCCCCCCCCCC(C)C,CCCCCCCCCCCC(=O)OCCCCCCCCCCC(C)C,CCCCCCCCCCCC(=O)OCCCCCCCCCCC(C)C,382.67300000000023,382.67300000000023,0.0,['none']
True,False,[],True,2,False,True,C1OC2=C(O1)C=C(C=C2)NCCO.Cl,OCCNc1ccc2c(c1)OCO2,OCCNc1ccc2c(c1)OCO2,217.65199999999996,181.19099999999995,-36.46100000000001,"['salt_stripped', 'fragment_removed']"
True,True,['Na'],True,4,True,True,CC1=CC(=C(C(=C1)S(=O)(=O)[O-])N=NC2=CC(=C(C=C2C)N=NC3=C(C=C4C=C(C=CC4=C3O)NC5=CC=CC=C5)S(=O)(=O)[O-])OC)C.C(CO)N(CCO)CCO.[Na+].[Na+],COc1cc(N=Nc2c(C)cc(C)cc2S(=O)(=O)[O-])c(C)cc1N=Nc1c(S(=O)(=O)[O-])cc2cc(Nc3ccccc3)ccc2c1O,COc1cc(N=Nc2c(C)cc(C)cc2S(=O)(=O)O)c(C)cc1N=Nc1c(S(=O)(=O)O)cc2cc(Nc3ccccc3)ccc2c1O,868.899,675.7450000000003,-193.15399999999966,"['salt_stripped', 'metal:Na', 'fragment_removed', 'charge_normalized']"
True,False,[],False,1,False,True,C1=CC(=NC(=C1)F)C(F)(F)F,Fc1cccc(C(F)(F)F)n1,Fc1cccc(C(F)(F)F)n1,165.08899999999997,165.08899999999997,0.0,['none']
True,False,[],False,1,False,True,CCCCNP(=S)(N)N,CCCCNP(N)(N)=S,CCCCNP(N)(N)=S,167.218,167.218,0.0,['none']
True,False,[],True,2,False,True,CCNC1=C(C=C(C=C1)C(=C2C=CC(=NCC)C(=C2)C)C3=CC(=C(C=C3)NCC)C)C.CC(=O)O,CCN=C1C=CC(=C(c2ccc(NCC)c(C)c2)c2ccc(NCC)c(C)c2)C=C1C,CCN=C1C=CC(=C(c2ccc(NCC)c(C)c2)c2ccc(NCC)c(C)c2)C=C1C,473.66100000000023,413.60900000000015,-60.05200000000008,"['salt_stripped', 'fragment_removed']"
True,False,[],False,1,False,True,CC(C1CC1)C(CN2C=NC=N2)(C3=CC=C(C=C3)Cl)O,CC(C1CC1)C(O)(Cn1cncn1)c1ccc(Cl)cc1,CC(C1CC1)C(O)(Cn1cncn1)c1ccc(Cl)cc1,291.78200000000004,291.78200000000004,0.0,['none']
True,False,[],True,2,False,True,CCCC(C(C(=O)NC1CC1)O)N.Cl,CCCC(N)C(O)C(=O)NC1CC1,CCCC(N)C(O)C(=O)NC1CC1,222.71599999999998,186.25499999999997,-36.46100000000001,"['salt_stripped', 'fragment_removed']"
True,False,[],False,1,False,True,C1CCCCCC(=O)NCCCCC1,O=C1CCCCCCCCCCCN1,O=C1CCCCCCCCCCCN1,197.32199999999995,197.32199999999995,0.0,['none']
True,False,[],False,1,False,True,C1=CC=C(C=C1)[Si](C2=CC=CC=C2)(O)O,O[Si](O)(c1ccccc1)c1ccccc1,O[Si](O)(c1ccccc1)c1ccccc1,216.312,216.312,0.0,['none']
True,False,[],False,1,False,True,CCCCC(CC)COC(=O)C(=C(C1=CC=CC=C1)C2=CC=C(C=C2)OC)C#N,CCCCC(CC)COC(=O)C(C#N)=C(c1ccccc1)c1ccc(OC)cc1,CCCCC(CC)COC(=O)C(C#N)=C(c1ccccc1)c1ccc(OC)cc1,391.51100000000014,391.51100000000014,0.0,['none']
True,False,[],False,1,False,True,CC1=CC=CC=C1C,Cc1ccccc1C,Cc1ccccc1C,106.16799999999999,106.16799999999999,0.0,['none']
True,False,[],False,1,False,True,CC1=CC(=C(C=C1)C)C,Cc1ccc(C)c(C)c1,Cc1ccc(C)c(C)c1,120.19499999999998,120.19499999999998,0.0,['none']
True,False,[],False,1,False,True,CC1=CC(=C(C=C1)N)C,Cc1ccc(N)c(C)c1,Cc1ccc(N)c(C)c1,121.18299999999999,121.18299999999999,0.0,['none']
True,False,[],False,1,False,True,CC1=C(C=CC(=C1)O)O,Cc1cc(O)ccc1O,Cc1cc(O)ccc1O,124.13899999999997,124.13899999999997,0.0,['none']
True,False,[],False,1,False,True,C1=CC(=C(C=C1N)Cl)Cl,Nc1ccc(Cl)c(Cl)c1,Nc1ccc(Cl)c(Cl)c1,162.019,162.019,0.0,['none']
True,False,[],False,1,False,True,CCOC(=O)C(=O)OCC,CCOC(=O)C(=O)OCC,CCOC(=O)C(=O)OCC,146.14199999999997,146.14199999999997,0.0,['none']
True,False,[],False,1,False,True,CC1CC2=C(C1NC3=NC(=NC(=N3)N)C(C)F)C=C(C=C2)C,Cc1ccc2c(c1)C(Nc1nc(N)nc(C(C)F)n1)C(C)C2,Cc1ccc2c(c1)C(Nc1nc(N)nc(C(C)F)n1)C(C)C2,301.369,301.369,0.0,['none']
True,False,[],False,1,False,True,CC(C)C1=CC2=C(C=C1)OCC(=O)CO2,CC(C)c1ccc2c(c1)OCC(=O)CO2,CC(C)c1ccc2c(c1)OCC(=O)CO2,206.24099999999993,206.24099999999993,0.0,['none']
True,False,[],False,1,False,True,CC(C)(C)C1=CC=C(C=C1)C(CC(C2=CC=C(C=C2)OC)O)O,COc1ccc(C(O)CC(O)c2ccc(C(C)(C)C)cc2)cc1,COc1ccc(C(O)CC(O)c2ccc(C(C)(C)C)cc2)cc1,314.425,314.425,0.0,['none']
True,False,[],True,2,False,True,CCCCCCCCCCCCOC(=O)CCCCCCC.CCCCCCCCCCCCOC(=O)CCCCCCCCC,CCCCCCCCCCCCOC(=O)CCCCCCCCC,CCCCCCCCCCCCOC(=O)CCCCCCCCC,653.13,340.59200000000016,-312.53799999999984,"['salt_stripped', 'fragment_removed']"
True,False,[],False,1,False,True,CC(=C)C(=O)OCC=C,C=CCOC(=O)C(=C)C,C=CCOC(=O)C(=C)C,126.15499999999999,126.15499999999999,0.0,['none']
True,False,[],False,1,False,True,C1COC(=O)O1,O=C1OCCO1,O=C1OCCO1,88.06199999999998,88.06199999999998,0.0,['none']
True,False,[],False,1,False,True,CCCCCCCCCC(C)C=C(C(=O)C)C(=O)OCC,CCCCCCCCCC(C)C=C(C(C)=O)C(=O)OCC,CCCCCCCCCC(C)C=C(C(C)=O)C(=O)OCC,296.4510000000001,296.4510000000001,0.0,['none']
True,False,[],False,1,False,True,C1=CC(=C(C=C1S(=O)(=O)O)C(=O)O)O,O=C(O)c1cc(S(=O)(=O)O)ccc1O,O=C(O)c1cc(S(=O)(=O)O)ccc1O,218.18599999999998,218.18599999999998,0.0,['none']
True,False,[],False,1,False,True,CCOC(=O)C(=C)C,C=C(C)C(=O)OCC,C=C(C)C(=O)OCC,114.14399999999999,114.14399999999999,0.0,['none']
True,False,[],False,1,False,True,CCOC(=O)C(C)O,CCOC(=O)C(C)O,CCOC(=O)C(C)O,118.13199999999998,118.13199999999998,0.0,['none']
True,False,[],False,1,False,True,CCCCCCCCCCCC(=O)N(C)CC(=O)O,CCCCCCCCCCCC(=O)N(C)CC(=O)O,CCCCCCCCCCCC(=O)N(C)CC(=O)O,271.40099999999995,271.40099999999995,0.0,['none']
True,False,[],False,1,False,True,CCOP(=O)(CC1=CC(=C(C(=C1)C(C)(C)C)O)C(C)(C)C)OCC,CCOP(=O)(Cc1cc(C(C)(C)C)c(O)c(C(C)(C)C)c1)OCC,CCOP(=O)(Cc1cc(C(C)(C)C)c(O)c(C(C)(C)C)c1)OCC,356.44300000000015,356.44300000000015,0.0,['none']
True,False,[],False,1,False,True,C1=COC(=C1)CO,OCc1ccco1,OCc1ccco1,98.10099999999998,98.10099999999998,0.0,['none']
True,False,[],False,1,False,True,C1=COC(=C1)C=O,O=Cc1ccco1,O=Cc1ccco1,96.08499999999998,96.08499999999998,0.0,['none']
True,False,[],False,1,False,True,C1=CC=C(C=C1)S(=O)(=O)O,O=S(=O)(O)c1ccccc1,O=S(=O)(O)c1ccccc1,158.17799999999997,158.17799999999997,0.0,['none']
True,False,[],False,1,False,True,C1=CC(=CC=C1O)S(=O)(=O)O,O=S(=O)(O)c1ccc(O)cc1,O=S(=O)(O)c1ccc(O)cc1,174.17699999999996,174.17699999999996,0.0,['none']
True,False,[],False,1,False,True,C1=CC(=CC=C1[N+](=O)[O-])S(=O)(=O)Cl,O=[N+]([O-])c1ccc(S(=O)(=O)Cl)cc1,O=[N+]([O-])c1ccc(S(=O)(=O)Cl)cc1,221.62099999999998,221.62099999999998,0.0,['none']
True,False,[],False,1,False,True,CC(C1=CC=CC=C1)O,CC(O)c1ccccc1,CC(O)c1ccccc1,122.16699999999996,122.16699999999996,0.0,['none']
True,False,[],False,1,False,True,CC(=O)C1=CC=CC=C1,CC(=O)c1ccccc1,CC(=O)c1ccccc1,120.15099999999995,120.15099999999995,0.0,['none']
True,False,[],False,1,False,True,C1=CC(=CN=C1)C(=O)N,NC(=O)c1cccnc1,NC(=O)c1cccnc1,122.12699999999998,122.12699999999998,0.0,['none']
True,False,[],False,1,False,True,CCCCCCCCCCCCCCCC=C1C(C(=O)O1)CCCCCCCCCCCCCCC,CCCCCCCCCCCCCCCC=C1OC(=O)C1CCCCCCCCCCCCCCC,CCCCCCCCCCCCCCCC=C1OC(=O)C1CCCCCCCCCCCCCCC,504.88400000000064,504.88400000000064,0.0,['none']
True,False,[],True,2,False,True,CCCCCCCCC=CC(=O)NCCC[N+](C)(C)CC(=O)O.[OH-],CCCCCCCCC=CC(=O)NCCC[N+](C)(C)CC(=O)O,CCCCCCCCC=CC(=O)NCCC[N+](C)(C)CC(=O)O,344.4960000000001,327.4890000000001,-17.007000000000005,"['salt_stripped', 'fragment_removed']"
True,False,[],False,1,False,True,CCCC(C)COC(=O)C1=CC=CC=C1O,CCCC(C)COC(=O)c1ccccc1O,CCCC(C)COC(=O)c1ccccc1O,222.28400000000002,222.28400000000002,0.0,['none']
True,False,[],False,1,False,True,C1=CC(=CC(=C1)C(=O)Cl)C(=O)Cl,O=C(Cl)c1cccc(C(=O)Cl)c1,O=C(Cl)c1cccc(C(=O)Cl)c1,203.02399999999997,203.02399999999997,0.0,['none']
True,False,[],False,1,False,True,CC1CCC(CC1)C(C)C,CC1CCC(C(C)C)CC1,CC1CCC(C(C)C)CC1,140.26999999999998,140.26999999999998,0.0,['none']
True,False,[],False,1,False,True,CC1=CCC(=CC1)C(C)C,CC1=CCC(C(C)C)=CC1,CC1=CCC(C(C)C)=CC1,136.238,136.238,0.0,['none']
True,False,[],False,1,False,True,C1=CC=C2C(=C1)C3=CC=CC=C3P(=O)(O2)C4=C(C=CC(=C4)O)O,O=P1(c2cc(O)ccc2O)Oc2ccccc2-c2ccccc21,O=P1(c2cc(O)ccc2O)Oc2ccccc2-c2ccccc21,324.272,324.272,0.0,['none']
True,False,[],False,1,False,True,C1OS(=O)(=O)CS(=O)(=O)O1,O=S1(=O)CS(=O)(=O)OCO1,O=S1(=O)CS(=O)(=O)OCO1,188.182,188.182,0.0,['none']
True,False,[],False,1,False,True,CCCCCC(C)OC(=O)COC1=C2C(=C(C=C1)Cl)C=CC=N2,CCCCCC(C)OC(=O)COc1ccc(Cl)c2cccnc12,CCCCCC(C)OC(=O)COc1ccc(Cl)c2cccnc12,335.83099999999996,335.83099999999996,0.0,['none']
