No,SMILES,label,murcko_scaffold,scaffold_group,scaffold_group_type,scaffold_split_80_20
12,CCOC=CC(=O)C(F)(F)F,0,,ACY_******(*)*(*)(*)*,acyclic_anonymous_graph,train
70,CCCCCCCCCCCCC(CCCCCCCCCC)COC(=O)CCSCCC(=O)OCC(CCCCCCCCCC)CCCCCCCCCCCC,0,,ACY_*************(**********)***(*)******(*)***(**********)************,acyclic_anonymous_graph,train
75,CCCCCCCC(=O)OCC(CCC)CCCCC,0,,ACY_********(*)***(***)*****,acyclic_anonymous_graph,train
259,CC1=NN(c2cccc(S(=O)(=O)O)c2)C(=O)C1N=Nc1cc(Cl)c(C)cc1S(=O)(=O)O,0,O=C1C(N=Nc2ccccc2)C=NN1c1ccccc1,O=C1C(N=Nc2ccccc2)C=NN1c1ccccc1,murcko,train
590,O=P(O)(O)OP(=O)(O)O,0,,ACY_**(*)(*)**(*)(*)*,acyclic_anonymous_graph,test
611,CC(C)=CCCC1=CCC(C=O)CC1,0,C1=CCCCC1,C1=CCCCC1,murcko,train
1300,O=C(OS(=O)C(F)(F)F)C(F)(F)F,0,,ACY_**(**(*)*(*)(*)*)*(*)(*)*,acyclic_anonymous_graph,train
1816,COc1ccc(C(C)=O)cc1,0,c1ccccc1,c1ccccc1,murcko,train
1817,COc1ccc(C(=O)O)cc1,0,c1ccccc1,c1ccccc1,murcko,train
1831,OCc1ccccc1,0,c1ccccc1,c1ccccc1,murcko,train
1832,O=Cc1ccccc1,0,c1ccccc1,c1ccccc1,murcko,train
1838,COc1ccccc1,0,c1ccccc1,c1ccccc1,murcko,train
1844,C[N+](C)(C)Cc1ccccc1,0,c1ccccc1,c1ccccc1,murcko,train
1875,O=P(Cl)(Cl)Cl,0,,ACY_**(*)(*)*,acyclic_anonymous_graph,train
1876,[Cl][Sb]([Cl])[Cl],1,,ACY_**(*)*,acyclic_anonymous_graph,train
1877,[Cl][Pt-2]([Cl])([Cl])[Cl],1,,ACY_**(*)(*)*,acyclic_anonymous_graph,train
1897,O=CC(OC(C=O)C(O)C(O)C(O)CO)C(O)C(O)C(O)CO,0,,ACY_***(*)*(*)*(*)*(**)**(**)*(*)*(*)*(*)**,acyclic_anonymous_graph,train
1898,Cc1ccc(NCCO)c([N+](=O)[O-])c1,0,c1ccccc1,c1ccccc1,murcko,train
1902,O=S(=O)(O)O,0,,ACY_**(*)(*)*,acyclic_anonymous_graph,train
1908,O=P(O)(O)O,0,,ACY_**(*)(*)*,acyclic_anonymous_graph,train
1922,CC(C)(c1ccccc1)c1ccc(Nc2ccc(C(C)(C)c3ccccc3)cc2)cc1,0,c1ccc(Cc2ccc(Nc3ccc(Cc4ccccc4)cc3)cc2)cc1,c1ccc(Cc2ccc(Nc3ccc(Cc4ccccc4)cc3)cc2)cc1,murcko,test
1929,O=[N+]([O-])O,0,,ACY_**(*)*,acyclic_anonymous_graph,train
1934,C=CCOc1nc(OCC=C)nc(OCC=C)n1,0,c1ncncn1,c1ncncn1,murcko,train
1936,CN(C)C(=O)Nc1ccccc1,0,c1ccccc1,c1ccccc1,murcko,train
1944,Nc1ccc(Cc2ccc(N)cc2)cc1,1,c1ccc(Cc2ccccc2)cc1,c1ccc(Cc2ccccc2)cc1,murcko,train
1947,CCC(C)Nc1ccc(NC(C)CC)cc1,0,c1ccccc1,c1ccccc1,murcko,train
1948,CCOC(=O)Cc1ccccc1,0,c1ccccc1,c1ccccc1,murcko,train
1953,O=[Se](O)O,1,,ACY_**(*)*,acyclic_anonymous_graph,train
1961,O=S(O)O,0,,ACY_**(*)*,acyclic_anonymous_graph,train
1969,O=P(=O)O,0,,ACY_**(*)*,acyclic_anonymous_graph,train
2007,Cc1c(C)c2c(c(C)c1O)CCC(C)(CCCC(C)CCCC(C)CCCC(C)C)O2,0,c1ccc2c(c1)CCCO2,c1ccc2c(c1)CCCO2,murcko,train
2019,O=C(Cc1ccccc1)OCc1ccccc1,0,O=C(Cc1ccccc1)OCc1ccccc1,O=C(Cc1ccccc1)OCc1ccccc1,murcko,test
2021,O=C(Cc1ccccc1)OCCc1ccccc1,0,O=C(Cc1ccccc1)OCCc1ccccc1,O=C(Cc1ccccc1)OCCc1ccccc1,murcko,train
2030,CCCCN(CCO)CCO,0,,ACY_*****(***)***,acyclic_anonymous_graph,train
2033,CC(C)(C)OC(=O)NC(CO)c1ccccc1,0,c1ccccc1,c1ccccc1,murcko,train
2040,CCCCCCCCCCCCCCCCCCN(CCO)CCO,0,,ACY_*******************(***)***,acyclic_anonymous_graph,train
2049,CCCCCCCCCCCC(=O)OC(C)C,0,,ACY_************(*)**(*)*,acyclic_anonymous_graph,train
2050,CC1OC(OC2C(Oc3cc(O)c4c(c3)OC(c3ccc(O)cc3)CC4=O)OC(CO)C(O)C2O)C(O)C(O)C1O,0,O=C1CC(c2ccccc2)Oc2cc(OC3OCCCC3OC3CCCCO3)ccc21,O=C1CC(c2ccccc2)Oc2cc(OC3OCCCC3OC3CCCCO3)ccc21,murcko,train
2059,FC(F)(F)C=CCl,0,,ACY_****(*)(*)*,acyclic_anonymous_graph,train
2063,CCCCCCCC(=O)OCCCO,0,,ACY_********(*)*****,acyclic_anonymous_graph,train
2069,O=S(O)(O)=S,0,,ACY_**(*)(*)*,acyclic_anonymous_graph,train
2071,CCCCCCCCCCCC(=O)OCC(C)(C)C=O,0,,ACY_************(*)***(*)(*)**,acyclic_anonymous_graph,test
2073,C=CC(=O)OCC(CC)CCCC,0,,ACY_*****(**)***(*)**,acyclic_anonymous_graph,train
2079,CCOC(=O)C=Cc1ccccc1,0,c1ccccc1,c1ccccc1,murcko,train
2080,CCCC(=O)OCc1ccccc1,0,c1ccccc1,c1ccccc1,murcko,train
2082,O=C(C=Cc1ccccc1)OCc1ccccc1,0,O=C(C=Cc1ccccc1)OCc1ccccc1,O=C(C=Cc1ccccc1)OCc1ccccc1,murcko,train
2085,CC(C)C(=O)OCCc1ccccc1,0,c1ccccc1,c1ccccc1,murcko,train
2090,CC(=O)OCC=Cc1ccccc1,0,c1ccccc1,c1ccccc1,murcko,train
2100,CC(C=O)Cc1ccc(C(C)C)cc1,0,c1ccccc1,c1ccccc1,murcko,train
2101,Nc1cc(Cl)c(OC(F)(F)C(F)C(F)(F)F)cc1Cl,0,c1ccccc1,c1ccccc1,murcko,train
2107,O=C(NC(=O)c1c(F)cccc1F)Nc1cc(Cl)c(OC(F)(F)C(F)C(F)(F)F)cc1Cl,0,O=C(NC(=O)c1ccccc1)Nc1ccccc1,O=C(NC(=O)c1ccccc1)Nc1ccccc1,murcko,train
2115,CC(O)C(=O)O,0,,ACY_**(*)*(*)*,acyclic_anonymous_graph,train
2121,C,0,,ACY_*,acyclic_anonymous_graph,train
2146,COc1ccc(CCC(C)=O)cc1,0,c1ccccc1,c1ccccc1,murcko,train
2147,COc1ccc(COC(C)=O)cc1,0,c1ccccc1,c1ccccc1,murcko,train
2152,CCCCC1CCC(=O)O1,0,O=C1CCCO1,O=C1CCCO1,murcko,test
2160,OCCOCCOc1ccccc1,0,c1ccccc1,c1ccccc1,murcko,train
2161,CCCCCCCCCCCC[n+]1ccccc1,0,c1cc[nH+]cc1,c1cc[nH+]cc1,murcko,train
2164,CCN(CC)CCCN,0,,ACY_*****(**)**,acyclic_anonymous_graph,train
2167,CCc1ccc(C)nc1,1,c1ccncc1,c1ccncc1,murcko,test
2172,CCCCCCCCCCCCCCCCOC(=O)CCCCCCCC=CCC(O)CCCCCC,0,,ACY_******************(*)***********(*)******,acyclic_anonymous_graph,train
2180,CC(=O)OC1CCC(C(C)(C)C)CC1,0,C1CCCCC1,C1CCCCC1,murcko,test
2200,CC(=O)ON=C(C(=O)Sc1nc2ccccc2s1)c1csc(N)n1,0,N=C(C(=O)Sc1nc2ccccc2s1)c1cscn1,N=C(C(=O)Sc1nc2ccccc2s1)c1cscn1,murcko,train
2202,O=C(Nc1ccccc1)c1cc2ccccc2c(N=Nc2cc(Cl)ccc2O)c1O,0,O=C(Nc1ccccc1)c1cc(N=Nc2ccccc2)c2ccccc2c1,O=C(Nc1ccccc1)c1cc(N=Nc2ccccc2)c2ccccc2c1,murcko,train
2209,COc1ccc(CO)cc1,0,c1ccccc1,c1ccccc1,murcko,train
2213,CCOC(=O)CC,0,,ACY_****(*)**,acyclic_anonymous_graph,train
2224,CC(C)OC(=O)OOC(=O)OC(C)C,0,,ACY_**(*)**(*)***(*)**(*)*,acyclic_anonymous_graph,train
2231,CC(C)=CCCC(C)CCOC=O,0,,ACY_******(*)****(*)*,acyclic_anonymous_graph,train
2237,CCC(C)(C)OOC(C)(C)CC,0,,ACY_***(*)(*)***(*)(*)**,acyclic_anonymous_graph,train
2244,CCCCCCS(=O)(=O)c1ccc(Nc2ccc3c4c2C(=O)c2ccccc2-c4c(C(=O)c2cccc(S(=O)(=O)O)c2)c(=O)n3C)c(S(=O)(=O)O)c1,0,O=C(c1ccccc1)c1c2c3c(c(Nc4ccccc4)ccc3[nH]c1=O)C(=O)c1ccccc1-2,O=C(c1ccccc1)c1c2c3c(c(Nc4ccccc4)ccc3[nH]c1=O)C(=O)c1ccccc1-2,murcko,train
2256,CCCCCCCCCCCC(=O)NCCC[N+](C)(C)C,0,,ACY_************(*)*****(*)(*)*,acyclic_anonymous_graph,train
2259,O=C1CCCCCCCCCCCCCCO1,0,O=C1CCCCCCCCCCCCCCO1,O=C1CCCCCCCCCCCCCCO1,murcko,train
2269,CCCC(=O)OCCC(C)C,0,,ACY_****(*)****(*)*,acyclic_anonymous_graph,test
2270,CCCCCCC(=O)OCC,0,,ACY_*******(*)***,acyclic_anonymous_graph,train
2272,CCCCCCCC(=O)OCC,0,,ACY_********(*)***,acyclic_anonymous_graph,train
2273,CCCOC(=O)CC,0,,ACY_*****(*)**,acyclic_anonymous_graph,train
2274,Cc1ccc(C)cc1,0,c1ccccc1,c1ccccc1,murcko,train
2279,Oc1ccc(Cl)cc1,0,c1ccccc1,c1ccccc1,murcko,train
2282,O=C1C=CC(=O)C=C1,1,O=C1C=CC(=O)C=C1,O=C1C=CC(=O)C=C1,murcko,test
2283,CN1CCN(C)CC1,0,C1CNCCN1,C1CNCCN1,murcko,train
2285,COC(=O)CCC(=O)OC,0,,ACY_***(*)***(*)**,acyclic_anonymous_graph,train
2287,CCCCCC(=O)OC,0,,ACY_******(*)**,acyclic_anonymous_graph,train
2299,C=CCC,0,,ACY_****,acyclic_anonymous_graph,train
2301,COC(=O)Nc1nc2ccccc2[nH]1,1,c1ccc2[nH]cnc2c1,c1ccc2[nH]cnc2c1,murcko,train
2302,O=C(O)CN(CCN(CC(=O)O)Cc1ccccc1O)Cc1ccccc1O,0,c1ccc(CNCCNCc2ccccc2)cc1,c1ccc(CNCCNCc2ccccc2)cc1,murcko,train
2306,COc1cc(N=Nc2c(C)c(-[n+]3ccccc3)c(=O)n(CCCN(C)C)c2O)ccc1C(c1ccccc1)c1ccc(N=Nc2c(C)c(-[n+]3ccccc3)c(=O)n(CCCN(C)C)c2O)cc1OC,0,O=c1[nH]cc(N=Nc2ccc(C(c3ccccc3)c3ccc(N=Nc4c[nH]c(=O)c(-[n+]5ccccc5)c4)cc3)cc2)cc1-[n+]1ccccc1,O=c1[nH]cc(N=Nc2ccc(C(c3ccccc3)c3ccc(N=Nc4c[nH]c(=O)c(-[n+]5ccccc5)c4)cc3)cc2)cc1-[n+]1ccccc1,murcko,train
2308,CCc1cc(Cc2cc(CC)c(N)c(CC)c2Cl)c(Cl)c(CC)c1N,0,c1ccc(Cc2ccccc2)cc1,c1ccc(Cc2ccccc2)cc1,murcko,train
2319,CN1C(C)(C)CC(OC(=O)CCCCCCCCC(=O)OC2CC(C)(C)N(C)C(C)(C)C2)CC1(C)C,1,O=C(CCCCCCCCC(=O)OC1CCNCC1)OC1CCNCC1,O=C(CCCCCCCCC(=O)OC1CCNCC1)OC1CCNCC1,murcko,train
2334,CC(C)(C)OOC(C)(C)C#CC(C)(C)OOC(C)(C)C,0,,ACY_**(*)(*)***(*)(*)***(*)(*)***(*)(*)*,acyclic_anonymous_graph,test
2337,COC(=O)CCN[N+](C)(C)C,0,,ACY_***(*)****(*)(*)*,acyclic_anonymous_graph,train
2338,CCCCN(c1nc(NCCCN(CCN(CCCNc2nc(N(CCCC)C3CC(C)(C)N(C)C(C)(C)C3)nc(N(CCCC)C3CC(C)(C)N(C)C(C)(C)C3)n2)c2nc(N(CCCC)C3CC(C)(C)N(C)C(C)(C)C3)nc(N(CCCC)C3CC(C)(C)N(C)C(C)(C)C3)n2)c2nc(N(CCCC)C3CC(C)(C)N(C)C(C)(C)C3)nc(N(CCCC)C3CC(C)(C)N(C)C(C)(C)C3)n2)nc(N(CCCC)C2CC(C)(C)N(C)C(C)(C)C2)n1)C1CC(C)(C)N(C)C(C)(C)C1,0,C(CNc1nc(NC2CCNCC2)nc(NC2CCNCC2)n1)CN(CCN(CCCNc1nc(NC2CCNCC2)nc(NC2CCNCC2)n1)c1nc(NC2CCNCC2)nc(NC2CCNCC2)n1)c1nc(NC2CCNCC2)nc(NC2CCNCC2)n1,C(CNc1nc(NC2CCNCC2)nc(NC2CCNCC2)n1)CN(CCN(CCCNc1nc(NC2CCNCC2)nc(NC2CCNCC2)n1)c1nc(NC2CCNCC2)nc(NC2CCNCC2)n1)c1nc(NC2CCNCC2)nc(NC2CCNCC2)n1,murcko,test
2339,CC=CC,0,,ACY_****,acyclic_anonymous_graph,train
2346,CCC#N,0,,ACY_****,acyclic_anonymous_graph,train
2349,NCCN,0,,ACY_****,acyclic_anonymous_graph,train
2353,OCCO,0,,ACY_****,acyclic_anonymous_graph,train
2359,C[N+](C)(C)CC(=O)[O-],0,,ACY_**(*)**(*)(*)*,acyclic_anonymous_graph,train
2373,O=C(O)CCS,0,,ACY_****(*)*,acyclic_anonymous_graph,train
2375,CCOC(=O)CCCCC(Cl)CCCl,0,,ACY_****(*)*****(*)***,acyclic_anonymous_graph,train
2376,C=CC(=O)OCCCCOC(=O)C=C,0,,ACY_***(*)*******(*)**,acyclic_anonymous_graph,test
2379,Cc1ccc(S(=O)(=O)c2ccc(O)c(O)c2)cc1,0,O=S(=O)(c1ccccc1)c1ccccc1,O=S(=O)(c1ccccc1)c1ccccc1,murcko,train
2381,NNC(=O)CCCCC(=O)NN,0,,ACY_***(*)*****(*)**,acyclic_anonymous_graph,train
2389,S=c1[nH][nH]c(=S)s1,0,S=c1[nH][nH]c(=S)s1,S=c1[nH][nH]c(=S)s1,murcko,train
2392,Cn1cc(C(=O)Nc2cccc3c2C2CCC3C2=C(Cl)Cl)c(C(F)F)n1,0,C=C1C2CCC1c1c(NC(=O)c3cn[nH]c3)cccc12,C=C1C2CCC1c1c(NC(=O)c3cn[nH]c3)cccc12,murcko,train
2400,C1=CC2CC1C1C3CCC(C3)C21,0,C1=CC2CC1C1C3CCC(C3)C21,C1=CC2CC1C1C3CCC(C3)C21,murcko,train
2414,CC(=O)CC(C)C,0,,ACY_**(*)**(*)*,acyclic_anonymous_graph,train
2418,CC(C)NC(C)C,0,,ACY_**(*)**(*)*,acyclic_anonymous_graph,train
2420,CC(=O)OC(C)C,0,,ACY_**(*)**(*)*,acyclic_anonymous_graph,train
2426,Cc1cccc(C)c1,0,c1ccccc1,c1ccccc1,murcko,train
2432,Cc1cccc(C)n1,0,c1ccncc1,c1ccncc1,murcko,test
2434,CC(=O)Oc1cccc(OC(C)=O)c1,0,c1ccccc1,c1ccccc1,murcko,train
2438,CCOC(=O)CC(C)C,0,,ACY_****(*)**(*)*,acyclic_anonymous_graph,train
2440,Cc1cc(C)cc(C)c1,0,c1ccccc1,c1ccccc1,murcko,train
2445,CN1CN(C)CN(C)C1,1,C1NCNCN1,C1NCNCN1,murcko,train
2460,CCCCc1ccc(Nc2ccc(Nc3ccc(CCCC)cc3)c3c2C(=O)c2c(Nc4ccc(CCCC)cc4)ccc(Nc4ccc(CCCC)cc4)c2C3=O)cc1,0,O=C1c2c(Nc3ccccc3)ccc(Nc3ccccc3)c2C(=O)c2c(Nc3ccccc3)ccc(Nc3ccccc3)c21,O=C1c2c(Nc3ccccc3)ccc(Nc3ccccc3)c2C(=O)c2c(Nc3ccccc3)ccc(Nc3ccccc3)c21,murcko,train
2464,C=CCOC(=O)c1cccc(C(=O)OCC=C)c1,1,c1ccccc1,c1ccccc1,murcko,train
2467,CN1CCNCC1,0,C1CNCCN1,C1CNCCN1,murcko,train
2471,C=C(C)C(=O)OCCOCCOCCOC(=O)C(=C)C,0,,ACY_**(*)*(*)***********(*)*(*)*,acyclic_anonymous_graph,train
2478,CCCCNC(=S)NCCCC,0,,ACY_******(*)*****,acyclic_anonymous_graph,train
2480,CN(C)CCCN,0,,ACY_*****(*)*,acyclic_anonymous_graph,train
2482,CCCOC(C)=O,0,,ACY_*****(*)*,acyclic_anonymous_graph,train
2484,CCOCC,0,,ACY_*****,acyclic_anonymous_graph,train
2486,CCCCC,0,,ACY_*****,acyclic_anonymous_graph,train
2487,C=CCCC,0,,ACY_*****,acyclic_anonymous_graph,train
2490,CCCC,0,,ACY_****,acyclic_anonymous_graph,train
2495,CO,0,,ACY_**,acyclic_anonymous_graph,train
2500,Cc1nc(CCl)nc2ccccc12,1,c1ccc2ncncc2c1,c1ccc2ncncc2c1,murcko,train
2522,CC(=O)OCC(C)C,0,,ACY_**(*)***(*)*,acyclic_anonymous_graph,test
2524,CCCCCCCCCCCCCC(=O)OC(C)C,0,,ACY_**************(*)**(*)*,acyclic_anonymous_graph,test
2530,CCCCCCCCCC(C)C=O,0,,ACY_**********(*)**,acyclic_anonymous_graph,test
2531,CCCCCCCCCC(=O)OC,0,,ACY_**********(*)**,acyclic_anonymous_graph,test
2533,CC=CC=CC(=O)O,1,,ACY_******(*)*,acyclic_anonymous_graph,train
2556,CN(C)CCCN(C)C,0,,ACY_**(*)****(*)*,acyclic_anonymous_graph,train
2560,N#CCN(CC#N)CCCN(CC#N)CC#N,0,,ACY_****(***)****(***)***,acyclic_anonymous_graph,test
2576,CCO[Si](=O)O,0,,ACY_****(*)*,acyclic_anonymous_graph,train
2579,CCCCCCCC(=O)OC,0,,ACY_********(*)**,acyclic_anonymous_graph,test
2582,CCCCCCC(=O)O,0,,ACY_*******(*)*,acyclic_anonymous_graph,test
2584,CN(C)CCCCCCN(C)C,0,,ACY_**(*)*******(*)*,acyclic_anonymous_graph,train
2589,CCCCCCO,0,,ACY_*******,acyclic_anonymous_graph,train
2590,OCCCCCO,0,,ACY_*******,acyclic_anonymous_graph,train
2596,ClCCOCCCl,0,,ACY_*******,acyclic_anonymous_graph,train
2599,C1CCCNCC1,0,C1CCCNCC1,C1CCCNCC1,murcko,train
2601,CCCCCCCCCCCCCCCCCC(=O)NCCO,0,,ACY_******************(*)****,acyclic_anonymous_graph,train
2609,CCCCCCCO,0,,ACY_********,acyclic_anonymous_graph,train
2610,CCCCCCC=O,0,,ACY_********,acyclic_anonymous_graph,train
2614,C1=CCCC=CCC1,0,C1=CCCC=CCC1,C1=CCCC=CCC1,murcko,train
2616,CCCCCCCCCCCC(=O)OC,0,,ACY_************(*)**,acyclic_anonymous_graph,train
2620,CCCCCCCCO,0,,ACY_*********,acyclic_anonymous_graph,train
2640,CCCCCCCC(=O)O,0,,ACY_********(*)*,acyclic_anonymous_graph,train
2662,NC(N)=NCCCC(N)C(=O)O,0,,ACY_**(*)*****(*)*(*)*,acyclic_anonymous_graph,train
2669,CCCCCCCCCCCCCCCC[N+](C)(C)C,0,,ACY_*****************(*)(*)*,acyclic_anonymous_graph,train
2670,CCCCCCCCC(=O)O,0,,ACY_*********(*)*,acyclic_anonymous_graph,train
2672,CCCCCCCCC=CCCCCCCCC(=O)OC(C)C,0,,ACY_******************(*)**(*)*,acyclic_anonymous_graph,train
2673,CCOCCOCCOC(C)=O,0,,ACY_**********(*)*,acyclic_anonymous_graph,train
2679,CCCCCCCCCCO,0,,ACY_***********,acyclic_anonymous_graph,train
2685,CCCCCCCCCCCCCCCC(=O)OC,0,,ACY_****************(*)**,acyclic_anonymous_graph,train
2688,OCCCCCCCCCCO,0,,ACY_************,acyclic_anonymous_graph,test
2690,CCOCCOCCOCCO,0,,ACY_************,acyclic_anonymous_graph,test
2692,CCCCCCCCCCCCO,0,,ACY_*************,acyclic_anonymous_graph,test
2698,CCCCCCCCCCCCCCCCCC(=O)OC,0,,ACY_******************(*)**,acyclic_anonymous_graph,train
2701,CCCCOCCOCCOCCCC,0,,ACY_***************,acyclic_anonymous_graph,train
2709,CCCCCCCCCCCCCCCCCCO,0,,ACY_*******************,acyclic_anonymous_graph,train
2726,CC(=O)c1ccc(C(=O)NCC(=O)NCC(F)(F)F)c2ccccc12,0,c1ccc2ccccc2c1,c1ccc2ccccc2c1,murcko,train
2727,O=C(c1cc(Cl)cc(C(F)(F)F)c1)C(F)(F)F,0,c1ccccc1,c1ccccc1,murcko,train
2737,O=S(=O)(O)CCCN1CCOCC1,0,C1COCCN1,C1COCCN1,murcko,train
2745,CCCC(=O)OC1C=CC2C3CCC(C3)C12,0,C1=CC2C3CCC(C3)C2C1,C1=CC2C3CCC(C3)C2C1,murcko,test
2751,O=C(c1ccccc1)c1ccc(O)c(O)c1O,0,O=C(c1ccccc1)c1ccccc1,O=C(c1ccccc1)c1ccccc1,murcko,train
2757,CCCCCCCCCCCC(=O)NCCCN(C)C,0,,ACY_************(*)*****(*)*,acyclic_anonymous_graph,train
2764,COC,0,,ACY_***,acyclic_anonymous_graph,train
2769,O=C1OC(=O)C2C1C1(Cl)C(Cl)=C(Cl)C2(Cl)C1(Cl)Cl,1,O=C1OC(=O)C2C3C=CC(C3)C12,O=C1OC(=O)C2C3C=CC(C3)C12,murcko,train
2778,Cc1c(I)c(=O)[nH]c(=O)n1Cc1c(F)cccc1C(F)(F)F,0,O=c1ccn(Cc2ccccc2)c(=O)[nH]1,O=c1ccn(Cc2ccccc2)c(=O)[nH]1,murcko,train
2781,O=CNCC(O)C(O)C(O)C(=O)CO,0,,ACY_*****(*)*(*)*(*)*(*)**,acyclic_anonymous_graph,train
2786,c1ccc(CN2CCC(Nc3ccccc3)CC2)cc1,0,c1ccc(CN2CCC(Nc3ccccc3)CC2)cc1,c1ccc(CN2CCC(Nc3ccccc3)CC2)cc1,murcko,test
2793,CC(=O)CO,0,,ACY_***(*)*,acyclic_anonymous_graph,test
2794,FC(F)=C(F)C(F)(F)F,0,,ACY_**(*)*(*)*(*)(*)*,acyclic_anonymous_graph,train
2795,CC1=C(C=O)C(C)(C)CC=C1,0,C1=CCCC=C1,C1=CCCC=C1,murcko,train
2797,Cc1cc(C)c(Nc2ccc(Nc3c(C)cc(C)cc3C)c3c2C(=O)c2ccccc2C3=O)c(C)c1,0,O=C1c2ccccc2C(=O)c2c(Nc3ccccc3)ccc(Nc3ccccc3)c21,O=C1c2ccccc2C(=O)c2c(Nc3ccccc3)ccc(Nc3ccccc3)c21,murcko,test
2808,O=Cc1cc(O)c(O)c([N+](=O)[O-])c1,1,c1ccccc1,c1ccccc1,murcko,train
2819,CCCC(C)=NO[Si](ON=C(C)CCC)(ON=C(C)CCC)c1ccccc1,1,c1ccccc1,c1ccccc1,murcko,train
2820,CCCC(C)=NO[Si](ON=C(C)CCC)(ON=C(C)CCC)ON=C(C)CCC,1,,ACY_****(*)***(***(*)***)(***(*)***)***(*)***,acyclic_anonymous_graph,train
2824,CC(=O)C1=NOC(c2c(F)cccc2F)C1,1,C1=NOC(c2ccccc2)C1,C1=NOC(c2ccccc2)C1,murcko,train
2828,COC=C(C(=O)OC)c1ccccc1CCl,0,c1ccccc1,c1ccccc1,murcko,train
2849,CCCCCC1C(O)CCC1CC(=O)O,0,C1CCCC1,C1CCCC1,murcko,train
2875,O=C(OCc1ccccc1)c1ccccc1O,0,O=C(OCc1ccccc1)c1ccccc1,O=C(OCc1ccccc1)c1ccccc1,murcko,train
2894,CC(Oc1ccc(O)cc1)C(=O)O,0,c1ccccc1,c1ccccc1,murcko,train
2900,Nc1c(N=Nc2ccc([N+](=O)[O-])cc2)c(S(=O)(=O)O)cc2cc(S(=O)(=O)O)c(N=Nc3ccc(NS(=O)(=O)c4ccc(N=Nc5ccc(O)cc5O)cc4)cc3)c(O)c12,0,O=S(=O)(Nc1ccc(N=Nc2ccc3ccc(N=Nc4ccccc4)cc3c2)cc1)c1ccc(N=Nc2ccccc2)cc1,O=S(=O)(Nc1ccc(N=Nc2ccc3ccc(N=Nc4ccccc4)cc3c2)cc1)c1ccc(N=Nc2ccccc2)cc1,murcko,train
2919,C=C(C)C(=O)OCCC(C)OC(=O)C(=C)C,0,,ACY_**(****(*)*(*)*)**(*)*(*)*,acyclic_anonymous_graph,test
2923,FC(F)(F)c1cc(Cl)cc(I)c1,0,c1ccccc1,c1ccccc1,murcko,train
2939,O=C(c1cc(Cl)c(F)c(Cl)c1)C(F)(F)F,1,c1ccccc1,c1ccccc1,murcko,train
2940,O=C(O)C(F)(F)OC1(F)OC(F)(F)OC1(F)OC(F)(F)F,0,C1COCO1,C1COCO1,murcko,train
2945,CCCCN(C)C(=NC1CCCCC1)NC1CCCCC1,1,C(=NC1CCCCC1)NC1CCCCC1,C(=NC1CCCCC1)NC1CCCCC1,murcko,train
2953,CCC(Cc1ccccc1)(C(=O)c1ccc(N2CCOCC2)cc1)N(C)C,0,O=C(CCc1ccccc1)c1ccc(N2CCOCC2)cc1,O=C(CCc1ccccc1)c1ccc(N2CCOCC2)cc1,murcko,test
2958,CC1=CC(=O)N(Cc2cccc(CN3C(=O)C=C(C)C3=O)c2)C1=O,1,O=C1C=CC(=O)N1Cc1cccc(CN2C(=O)C=CC2=O)c1,O=C1C=CC(=O)N1Cc1cccc(CN2C(=O)C=CC2=O)c1,murcko,train
2963,CCO[Si](CCCNC(=O)OCCN(CC)c1ccc(N=O)cc1)(OCC)OCC,1,c1ccccc1,c1ccccc1,murcko,train
2977,CCOC(=O)c1ccc(O)cc1,0,c1ccccc1,c1ccccc1,murcko,train
2979,O=C(OCCOCCOC(=O)c1ccccc1)c1ccccc1,0,O=C(OCCOCCOC(=O)c1ccccc1)c1ccccc1,O=C(OCCOCCOC(=O)c1ccccc1)c1ccccc1,murcko,test
2987,O=C1NCCN1,0,O=C1NCCN1,O=C1NCCN1,murcko,train
3007,C[N+](C)(CCCNC=O)CC(=O)[O-],0,,ACY_*******(*)(*)**(*)*,acyclic_anonymous_graph,test
3013,[Fe+3],0,,ACY_[*],acyclic_anonymous_graph,train
3017,O,0,,ACY_*,acyclic_anonymous_graph,train
3026,[Ni+2],0,,ACY_*,acyclic_anonymous_graph,train
3029,[O]=[Ti]([OH])[OH],0,,ACY_**(*)*,acyclic_anonymous_graph,train
3039,[Pr+3],0,,ACY_*,acyclic_anonymous_graph,train
3041,O=C(Cl)c1ccc2c(c1)C(=O)OC2=O,0,O=C1OC(=O)c2ccccc21,O=C1OC(=O)c2ccccc21,murcko,train
3050,[Ti+4],0,,ACY_*,acyclic_anonymous_graph,train
3051,O=COCCOCCOC=O,0,,ACY_***********,acyclic_anonymous_graph,train
3052,[O]=[Sn]([OH])[OH],0,,ACY_**(*)*,acyclic_anonymous_graph,train
3056,[Er+3],0,,ACY_[*],acyclic_anonymous_graph,train
3058,[Gd+3],0,,ACY_[*],acyclic_anonymous_graph,train
3060,[Zn+2],0,,ACY_*,acyclic_anonymous_graph,train
3061,B12B3B4B1C234,0,B12B3B4B1C234,B12B3B4B1C234,murcko,train
3065,O=c1[nH]c2ccccc2c(=O)n1CCO,0,O=c1[nH]c(=O)c2ccccc2[nH]1,O=c1[nH]c(=O)c2ccccc2[nH]1,murcko,train
3079,CCOC(=O)C1OC1c1ccccc1,0,c1ccc(C2CO2)cc1,c1ccc(C2CO2)cc1,murcko,train
3096,CCOc1cccc(F)c1F,1,c1ccccc1,c1ccccc1,murcko,train
3100,N,1,,ACY_*,acyclic_anonymous_graph,train
3102,O=C(O)O,0,,ACY_**(*)*,acyclic_anonymous_graph,train
3107,O=C(NC(=O)c1c(F)cccc1F)Nc1cc(Cl)c(OC(F)(F)C(F)C(F)(F)F)c(Cl)c1F,0,O=C(NC(=O)c1ccccc1)Nc1ccccc1,O=C(NC(=O)c1ccccc1)Nc1ccccc1,murcko,train
3116,COc1cc(-c2cc(OC)cc(C(C)(C)C)c2Op2oc3ccccc3c3ccccc3o2)c(Op2oc3ccccc3c3ccccc3o2)c(C(C)(C)C)c1,0,c1ccc(-c2ccccc2Op2oc3ccccc3c3ccccc3o2)c(Op2oc3ccccc3c3ccccc3o2)c1,c1ccc(-c2ccccc2Op2oc3ccccc3c3ccccc3o2)c(Op2oc3ccccc3c3ccccc3o2)c1,murcko,train
3121,O=[Si](O)O,1,,ACY_**(*)*,acyclic_anonymous_graph,train
3124,CC1(C)OC(c2ccco2)CN1C(=O)C(Cl)Cl,1,c1coc(C2CNCO2)c1,c1coc(C2CNCO2)c1,murcko,train
3135,Fc1ccc2c(c1)CCC(C1CO1)O2,0,c1ccc2c(c1)CCC(C1CO1)O2,c1ccc2c(c1)CCC(C1CO1)O2,murcko,train
3149,CCC(=O)OCc1ccccc1,0,c1ccccc1,c1ccccc1,murcko,train
3151,O=CCc1ccccc1,0,c1ccccc1,c1ccccc1,murcko,train
3156,OCCCc1ccccc1,0,c1ccccc1,c1ccccc1,murcko,train
3158,OCCOc1ccccc1,0,c1ccccc1,c1ccccc1,murcko,train
3169,COc1ccc(C(=O)Nc2ccccc2)cc1N=Nc1c(O)c(C(=O)Nc2ccc3[nH]c(=O)[nH]c3c2)cc2ccccc12,0,O=C(Nc1ccccc1)c1cccc(N=Nc2cc(C(=O)Nc3ccc4[nH]c(=O)[nH]c4c3)cc3ccccc23)c1,O=C(Nc1ccccc1)c1cccc(N=Nc2cc(C(=O)Nc3ccc4[nH]c(=O)[nH]c4c3)cc3ccccc23)c1,murcko,train
3170,CNS(=O)(=O)c1cc(OC)c(N=Nc2c(O)c(C(=O)Nc3ccc4[nH]c(=O)[nH]c4c3)cc3ccccc23)cc1OC,0,O=C(Nc1ccc2[nH]c(=O)[nH]c2c1)c1cc(N=Nc2ccccc2)c2ccccc2c1,O=C(Nc1ccc2[nH]c(=O)[nH]c2c1)c1cc(N=Nc2ccccc2)c2ccccc2c1,murcko,test
3171,COc1cc(NC(=O)C(N=Nc2cc(OC)c(S(=O)(=O)Nc3ccccc3)cc2OC)C(C)=O)c(OC)cc1Cl,0,O=C(CN=Nc1ccc(S(=O)(=O)Nc2ccccc2)cc1)Nc1ccccc1,O=C(CN=Nc1ccc(S(=O)(=O)Nc2ccccc2)cc1)Nc1ccccc1,murcko,test
3179,CCOC(=O)c1ccccc1-c1c2ccc(=[N+](CC)CC)cc-2oc2cc(N(CC)CC)ccc12,0,[N+]=c1ccc2c(-c3ccccc3)c3ccccc3oc-2c1,[N+]=c1ccc2c(-c3ccccc3)c3ccccc3oc-2c1,murcko,train
3205,NCCCCC(N)C(=O)NC(CCCN)C(=O)NC(CCCCN)C(=O)O,0,,ACY_******(*)*(*)**(****)*(*)**(*****)*(*)*,acyclic_anonymous_graph,train
3216,CONC(C)Cc1c(Cl)cc(Cl)cc1Cl,0,c1ccccc1,c1ccccc1,murcko,train
3217,CC(=O)Cc1c(Cl)cc(Cl)cc1Cl,0,c1ccccc1,c1ccccc1,murcko,train
3218,CON=C(C)Cc1c(Cl)cc(Cl)cc1Cl,0,c1ccccc1,c1ccccc1,murcko,train
3221,CC(=O)C(N=Nc1ccc(S(=O)(=O)O)cc1[N+](=O)[O-])C(=O)Nc1ccccc1,0,O=C(CN=Nc1ccccc1)Nc1ccccc1,O=C(CN=Nc1ccccc1)Nc1ccccc1,murcko,train
3222,CC(=O)C(N=Nc1ccc(S(=O)(=O)O)cc1[N+](=O)[O-])C(=O)Nc1ccccc1C,0,O=C(CN=Nc1ccccc1)Nc1ccccc1,O=C(CN=Nc1ccccc1)Nc1ccccc1,murcko,train
3223,CCCCCCCCNC(=O)Nc1ccc(Cc2ccc(NC(=O)NCCCCCCCC)cc2)cc1,0,c1ccc(Cc2ccccc2)cc1,c1ccc(Cc2ccccc2)cc1,murcko,train
3239,CCOC(=O)CCC(=O)OCC,0,,ACY_****(*)***(*)***,acyclic_anonymous_graph,train
3241,CCCCCCCCCCCCOC(=O)CCSCCC(=O)OCCCCCCCCCCCC,0,,ACY_**************(*)******(*)*************,acyclic_anonymous_graph,train
3250,CC(C)CCO,0,,ACY_****(*)*,acyclic_anonymous_graph,train
3255,CCCCCC(=O)OCC,0,,ACY_******(*)***,acyclic_anonymous_graph,train
3261,O=C(CS)OCCOC(=O)CS,0,,ACY_***(*)*****(*)**,acyclic_anonymous_graph,train
3264,CC(=O)OCCC(C)C,0,,ACY_**(*)****(*)*,acyclic_anonymous_graph,train
3265,CCCCCCC(C)O,0,,ACY_*******(*)*,acyclic_anonymous_graph,test
3273,CC1=NNC(=O)N(N=Cc2cccnc2)C1,0,O=C1NN=CCN1N=Cc1cccnc1,O=C1NN=CCN1N=Cc1cccnc1,murcko,train
3288,O=C1c2ccccc2C(=O)c2c(NCCCOCCOCCO)ccc(NCCCOCCOCCO)c21,0,O=C1c2ccccc2C(=O)c2ccccc21,O=C1c2ccccc2C(=O)c2ccccc21,murcko,train
3294,CCCCCCCCCCCCCC(=O)OC,0,,ACY_**************(*)**,acyclic_anonymous_graph,train
3307,C=C[Si](C)(Cl)Cl,0,,ACY_***(*)(*)*,acyclic_anonymous_graph,test
3335,C=CC(=O)OCCCCCCOc1ccc(C(=O)Oc2ccc(OC(=O)c3ccc(OCCCCCCOC(=O)C=C)cc3)c(C)c2)cc1,0,O=C(Oc1ccc(OC(=O)c2ccccc2)cc1)c1ccccc1,O=C(Oc1ccc(OC(=O)c2ccccc2)cc1)c1ccccc1,murcko,train
3351,Cc1ccc(S(=O)(=O)n2cc(B3OC(C)(C)C(C)(C)O3)c3cc(F)cnc32)cc1,0,O=S(=O)(c1ccccc1)n1cc(B2OCCO2)c2cccnc21,O=S(=O)(c1ccccc1)n1cc(B2OCCO2)c2cccnc21,murcko,test
3355,CC(C)c1c(C(=O)Nc2ccccc2)c(-c2ccccc2)c(-c2ccc(F)cc2)n1CCC1CC(CC(=O)OC(C)(C)C)OC(C)(C)O1,0,O=C(Nc1ccccc1)c1cn(CCC2CCOCO2)c(-c2ccccc2)c1-c1ccccc1,O=C(Nc1ccccc1)c1cn(CCC2CCOCO2)c(-c2ccccc2)c1-c1ccccc1,murcko,train
3360,O=S(=O)(O)CC(O)CCl,0,,ACY_***(*)**(*)(*)*,acyclic_anonymous_graph,train
3365,NCCO,0,,ACY_****,acyclic_anonymous_graph,train
3377,O[Si](O)(O)O,0,,ACY_**(*)(*)*,acyclic_anonymous_graph,train
3381,O=C1CCC(O)C2C3CCC(C3=C(Cl)Cl)C12,1,C=C1C2CCC1C1C(=O)CCCC21,C=C1C2CCC1C1C(=O)CCCC21,murcko,train
3382,FC(=CCl)C(F)F,0,,ACY_***(*)*(*)*,acyclic_anonymous_graph,train
3384,CCCCC(CC)COP(=O)(O)O,0,,ACY_*****(**)***(*)(*)*,acyclic_anonymous_graph,train
3398,CO[Si](OC)(C1CCCC1)C1CCCC1,0,C1CCC([SiH2]C2CCCC2)C1,C1CCC([SiH2]C2CCCC2)C1,murcko,train
3399,CC(C)=NO,0,,ACY_***(*)*,acyclic_anonymous_graph,test
3402,CC(=O)N(C)C,0,,ACY_**(*)*(*)*,acyclic_anonymous_graph,train
3404,CC(C)COC(=O)CC(C(=O)OCC(C)C)S(=O)(=O)O,0,,ACY_**(*)***(*)**(*(*)***(*)*)*(*)(*)*,acyclic_anonymous_graph,train
3408,O=S(=O)(NCl)c1ccccc1,0,c1ccccc1,c1ccccc1,murcko,train
3414,CC(C)(OCCN)OCCN,0,,ACY_*****(*)(*)****,acyclic_anonymous_graph,train
3424,C=CC(=O)OCC1CC2CC1C1CCCC21,1,C1CC2C3CCC(C3)C2C1,C1CC2C3CCC(C3)C2C1,murcko,train
3432,O=C1CCC(=O)N1Br,1,O=C1CCC(=O)N1,O=C1CCC(=O)N1,murcko,train
3438,O=C1OC(=O)c2ccc3c4ccc5c6c(ccc(c7ccc1c2c73)c64)C(=O)OC5=O,0,O=C1OC(=O)c2ccc3c4ccc5c6c(ccc(c7ccc1c2c73)c64)C(=O)OC5=O,O=C1OC(=O)c2ccc3c4ccc5c6c(ccc(c7ccc1c2c73)c64)C(=O)OC5=O,murcko,test
3443,Cc1ccc(C2OC(COC(=O)C(C)(C)C)C(OC(=O)C(C)(C)C)C(OC(=O)C(C)(C)C)C2OC(=O)C(C)(C)C)cc1Cc1ccc(-c2ccc(F)cc2)s1,0,c1ccc(-c2ccc(Cc3cccc(C4CCCCO4)c3)s2)cc1,c1ccc(-c2ccc(Cc3cccc(C4CCCCO4)c3)s2)cc1,murcko,train
3446,CCCCCCC(O)CCCCCCCCCCC(=O)NCc1cccc(CNC(=O)CCCCCCCCCCC(O)CCCCCC)c1,0,c1ccccc1,c1ccccc1,murcko,train
3455,O=S(=O)(O)OCCS(=O)(=O)c1ccc(N=Nc2c(S(=O)(=O)O)cc3cc(Nc4nc(Cl)nc(Cl)n4)ccc3c2O)cc1,1,c1ccc(N=Nc2ccc3cc(Nc4ncncn4)ccc3c2)cc1,c1ccc(N=Nc2ccc3cc(Nc4ncncn4)ccc3c2)cc1,murcko,train
3471,CC(C)c1nn(C(=O)NC(C)(C)C)c(=O)n1N,0,O=c1[nH]cn[nH]1,O=c1[nH]cn[nH]1,murcko,train
3475,O=c1c2ccccc2c(=O)c2c1cc(Cl)c1[nH]c3c([nH]c12)c(Cl)cc1c(=O)c2ccccc2c(=O)c13,0,O=c1c2ccccc2c(=O)c2c1ccc1[nH]c3c(ccc4c(=O)c5ccccc5c(=O)c43)[nH]c12,O=c1c2ccccc2c(=O)c2c1ccc1[nH]c3c(ccc4c(=O)c5ccccc5c(=O)c43)[nH]c12,murcko,train
3477,Cc1ccc(S(=O)(=O)O)cc1C,0,c1ccccc1,c1ccccc1,murcko,train
3483,O=C(O)C(O)C(O)C(O)C(O)C(O)CO,0,,ACY_***(*)*(*)*(*)*(*)*(*)*(*)*,acyclic_anonymous_graph,train
3507,C=CC(=O)OCCCCCCOC(=O)C=C,0,,ACY_***(*)*********(*)**,acyclic_anonymous_graph,train
3510,[O]=[Ca],0,,ACY_**,acyclic_anonymous_graph,train
3511,O=P(Oc1ccccc1)(Oc1ccccc1)OC1COC2C(OP(=O)(Oc3ccccc3)Oc3ccccc3)COC12,0,O=P(Oc1ccccc1)(Oc1ccccc1)OC1COC2C(OP(=O)(Oc3ccccc3)Oc3ccccc3)COC12,O=P(Oc1ccccc1)(Oc1ccccc1)OC1COC2C(OP(=O)(Oc3ccccc3)Oc3ccccc3)COC12,murcko,test
3521,N#Cc1nn(-c2c(Cl)cc(C(F)(F)F)cc2Cl)c(N)c1SSc1c(C#N)nn(-c2c(Cl)cc(C(F)(F)F)cc2Cl)c1N,0,c1ccc(-n2cc(SSc3cnn(-c4ccccc4)c3)cn2)cc1,c1ccc(-n2cc(SSc3cnn(-c4ccccc4)c3)cn2)cc1,murcko,train
3522,CC1OC(=O)C(C)OC1=O,0,O=C1COC(=O)CO1,O=C1COC(=O)CO1,murcko,train
3523,CCCC=C(C#N)c1ccccc1,0,c1ccccc1,c1ccccc1,murcko,train
3536,O=C(C=Cc1ccc2c(c1)OCO2)N(c1ccccc1)c1ccccc1,0,O=C(C=Cc1ccc2c(c1)OCO2)N(c1ccccc1)c1ccccc1,O=C(C=Cc1ccc2c(c1)OCO2)N(c1ccccc1)c1ccccc1,murcko,train
3547,[O]=[Ge]=[O],0,,ACY_***,acyclic_anonymous_graph,train
3553,NCC(=O)NC(CCC(N)=O)C(=O)O,0,,ACY_***(*)**(***(*)*)*(*)*,acyclic_anonymous_graph,train
3563,[O]=[Mn]=[O],0,,ACY_***,acyclic_anonymous_graph,train
3577,[Ta+5],0,,ACY_*,acyclic_anonymous_graph,train
3583,CC1C(C)(C)C2=C(c3ncncc3CC2)C1(C)C,0,c1ncc2c(n1)C1=C(CCC1)CC2,c1ncc2c(n1)C1=C(CCC1)CC2,murcko,train
3597,[O]=[Ti]=[O],0,,ACY_***,acyclic_anonymous_graph,train
3607,CC1(c2ccc(Oc3ccccc3)cc2)OC(=O)N(Nc2ccccc2)C1=O,0,O=C1OC(c2ccc(Oc3ccccc3)cc2)C(=O)N1Nc1ccccc1,O=C1OC(c2ccc(Oc3ccccc3)cc2)C(=O)N1Nc1ccccc1,murcko,train
3610,C=CC(=O)OCC1COC(C)(C)O1,0,C1COCO1,C1COCO1,murcko,train
3617,CC1(C)SC2C(NC(=O)COc3ccccc3)C(=O)N2C1C(=O)O,0,O=C(COc1ccccc1)NC1C(=O)N2CCSC12,O=C(COc1ccccc1)NC1C(=O)N2CCSC12,murcko,train
3624,CC(C)c1cc2ccccc2c(S(=O)(=O)O)c1C(C)C,0,c1ccc2ccccc2c1,c1ccc2ccccc2c1,murcko,train
3635,CCN=C1C=CC(=C(c2ccc(N(CC)CC)cc2)c2ccc(N(CC)CC)cc2)c2ccccc21,0,N=C1C=CC(=C(c2ccccc2)c2ccccc2)c2ccccc21,N=C1C=CC(=C(c2ccccc2)c2ccccc2)c2ccccc21,murcko,train
3639,COC(=O)Oc1ccc(C)cc1OC,0,c1ccccc1,c1ccccc1,murcko,train
3648,Clc1cc2c3nc4nc(nc5[nH]c(nc6nc(nc([nH]3)c2c(Cl)c1Cl)-c1c(Cl)c(Cl)c(Cl)c(Cl)c1-6)c1c(Cl)c(Cl)c(Cl)c(Cl)c51)-c1c(Cl)c(Cl)c(Cl)c(Cl)c1-4,0,c1ccc2c(c1)-c1nc-2nc2[nH]c(nc3nc(nc4[nH]c(n1)c1ccccc41)-c1ccccc1-3)c1ccccc21,c1ccc2c(c1)-c1nc-2nc2[nH]c(nc3nc(nc4[nH]c(n1)c1ccccc41)-c1ccccc1-3)c1ccccc21,murcko,train
3649,Nc1ccc([N+](=O)[O-])c(C(=O)O)c1,0,c1ccccc1,c1ccccc1,murcko,train
3650,CCCCCCCCCCCCCCCCCC(=O)NCCCN(C)C,0,,ACY_******************(*)*****(*)*,acyclic_anonymous_graph,train
3659,O=C1C2CC=CCC2C(=O)N1SC(Cl)(Cl)Cl,0,O=C1NC(=O)C2CC=CCC12,O=C1NC(=O)C2CC=CCC12,murcko,test
3666,C=CC(=O)NCc1ccccc1,0,c1ccccc1,c1ccccc1,murcko,train
3670,OB(O)O,0,,ACY_**(*)*,acyclic_anonymous_graph,train
3673,Oc1ccccc1Cc1ccccc1O,0,c1ccc(Cc2ccccc2)cc1,c1ccc(Cc2ccccc2)cc1,murcko,train
3674,[O]=[Cr](=[O])=[O],1,,ACY_**(*)*,acyclic_anonymous_graph,train
3678,Cc1ccc(NC(=O)Nc2ccc(Cc3ccc(NC(=O)Nc4ccc(C)cc4)cc3)cc2)cc1,0,O=C(Nc1ccccc1)Nc1ccc(Cc2ccc(NC(=O)Nc3ccccc3)cc2)cc1,O=C(Nc1ccccc1)Nc1ccc(Cc2ccc(NC(=O)Nc3ccccc3)cc2)cc1,murcko,train
3680,Cc1cccc(S(=O)(=O)O)c1N=Nc1c(N)nc(N)[nH]c1=O,0,O=c1[nH]cncc1N=Nc1ccccc1,O=c1[nH]cncc1N=Nc1ccccc1,murcko,train
3686,CC(C)OC(=O)C(C)NP(=O)(Oc1ccccc1)Oc1c(F)c(F)c(F)c(F)c1F,0,O=[PH](Oc1ccccc1)Oc1ccccc1,O=[PH](Oc1ccccc1)Oc1ccccc1,murcko,train
3689,CC(C)(CO)Cc1ccccc1,0,c1ccccc1,c1ccccc1,murcko,train
3706,CC(C)CP(=S)(S)CC(C)C,0,,ACY_**(*)**(*)(*)**(*)*,acyclic_anonymous_graph,test
3716,CCCCCCCCCCCC(=O)OCC(O)C1OCC(O)C1O,0,C1CCOC1,C1CCOC1,murcko,train
3717,CCCCCCCCCCCCCCCCCC(=O)OCC(O)C1OCC(O)C1O,0,C1CCOC1,C1CCOC1,murcko,train
3718,Fc1ccc(C2(Cn3cncn3)OC2c2ccccc2Cl)cc1,0,c1ccc(C2OC2(Cn2cncn2)c2ccccc2)cc1,c1ccc(C2OC2(Cn2cncn2)c2ccccc2)cc1,murcko,train
3723,O=C1OC(C(O)CO)C(O)=C1O,0,O=C1C=CCO1,O=C1C=CCO1,murcko,train
3729,O=C(c1ccccc1)c1ccc(Cl)cc1,0,O=C(c1ccccc1)c1ccccc1,O=C(c1ccccc1)c1ccccc1,murcko,train
3732,C=CC(=O)OCCCCCCCCCCCCCCCC,0,,ACY_******************(*)**,acyclic_anonymous_graph,train
3736,O=[Se](=O)(O)O,1,,ACY_**(*)(*)*,acyclic_anonymous_graph,train
3740,CC(=O)OCC(C)(C)COC(C)=O,0,,ACY_**(*)***(*)(*)***(*)*,acyclic_anonymous_graph,train
3743,S,0,,ACY_*,acyclic_anonymous_graph,train
3745,[Al+3],1,,ACY_*,acyclic_anonymous_graph,train
3749,[O]=[Mo](=[O])([OH])[OH],0,,ACY_**(*)(*)*,acyclic_anonymous_graph,train
3751,[S]=[Sb][S][Sb]=[S],1,,ACY_*****,acyclic_anonymous_graph,train
3758,C=CCOC(=O)C(C)(C)OC(=O)c1cc(-n2c(=O)cc(C(F)(F)F)n(C)c2=O)ccc1Cl,0,O=c1cc[nH]c(=O)n1-c1ccccc1,O=c1cc[nH]c(=O)n1-c1ccccc1,murcko,test
3765,C=C(C)C(=O)O[Si](C(C)C)(C(C)C)C(C)C,0,,ACY_**(*)*(*)**(*(*)*)(*(*)*)*(*)*,acyclic_anonymous_graph,test
3767,CCCCCCCCCCCCCCC(C)c1cc(C)cc(C)c1O,0,c1ccccc1,c1ccccc1,murcko,train
3768,CCC(C)(C#N)N=NC(C)(C#N)CC,0,,ACY_***(*)(**)***(*)(**)**,acyclic_anonymous_graph,train
3770,O=C1Oc2cc3c(cc2=C1c1ccccc1)OC(=O)C=3c1ccc(OCC2CCCO2)cc1,0,O=C1Oc2cc3c(cc2=C1c1ccccc1)OC(=O)C=3c1ccc(OCC2CCCO2)cc1,O=C1Oc2cc3c(cc2=C1c1ccccc1)OC(=O)C=3c1ccc(OCC2CCCO2)cc1,murcko,train
3774,C=Cn1cc[n+](C)c1,0,c1c[nH+]c[nH]1,c1c[nH+]c[nH]1,murcko,train
3780,CCCCCCCCCCCCCCCCCC(=O)NCCCN(C)CCCNC(=O)CCCCCCCCCCCCCCCCC,0,,ACY_******************(*)*****(*)*****(*)*****************,acyclic_anonymous_graph,test
3795,COc1ccccc1NC(=O)C(N=Nc1ccc(Cl)cc1[N+](=O)[O-])C(C)=O,0,O=C(CN=Nc1ccccc1)Nc1ccccc1,O=C(CN=Nc1ccccc1)Nc1ccccc1,murcko,train
3796,Nc1nc(N)nc(N)n1,0,c1ncncn1,c1ncncn1,murcko,train
3797,C=CCCC(=O)CC1CC2CCC1C2,0,C1CC2CCC1C2,C1CC2CCC1C2,murcko,train
3805,C=C(C)C(=O)OCCOCCCC,0,,ACY_*********(*)*(*)*,acyclic_anonymous_graph,train
3817,CCOC(=O)C1=NN(c2ccc(Cl)cc2Cl)C(C)(C(=O)OCC)C1,0,C1=NN(c2ccccc2)CC1,C1=NN(c2ccccc2)CC1,murcko,train
3818,ClC1=C(Cl)C2(Cl)C3CCC4C(CCC3C1(Cl)C2(Cl)Cl)C1(Cl)C(Cl)=C(Cl)C4(Cl)C1(Cl)Cl,0,C1=CC2CC1C1CCC3C4C=CC(C4)C3CCC21,C1=CC2CC1C1CCC3C4C=CC(C4)C3CCC21,murcko,train
3826,Cc1ccc(C2OC3COC(c4ccc(C)c(C)c4)OC3C(C(O)CO)O2)cc1C,0,c1ccc(C2OCC3OC(c4ccccc4)OCC3O2)cc1,c1ccc(C2OCC3OC(c4ccccc4)OCC3O2)cc1,murcko,train
3828,CC(C)(c1ccc(O)cc1)c1cccc(C(C)(C)c2ccc(O)cc2)c1,0,c1ccc(Cc2cccc(Cc3ccccc3)c2)cc1,c1ccc(Cc2cccc(Cc3ccccc3)c2)cc1,murcko,test
3840,CCCCC(CC)C(=O)O,0,,ACY_*****(**)*(*)*,acyclic_anonymous_graph,train
3853,C=CC(=O)OCCN=C=O,1,,ACY_*******(*)**,acyclic_anonymous_graph,train
3865,CCOC(=O)Nc1cccc(OC(=O)Nc2ccccc2)c1,0,O=C(Nc1ccccc1)Oc1ccccc1,O=C(Nc1ccccc1)Oc1ccccc1,murcko,train
3868,ON=C1CCCC2=C1C1CCC2C1=C(Cl)Cl,0,C=C1C2CCC1C1=C2CCCC1=N,C=C1C2CCC1C1=C2CCCC1=N,murcko,train
3871,CCOC(=O)C(C)CC(Cc1ccc(-c2ccccc2)cc1)NC(=O)CCC(=O)O,0,c1ccc(-c2ccccc2)cc1,c1ccc(-c2ccccc2)cc1,murcko,test
3874,C=C(C#N)C(=O)OC,0,,ACY_***(*)*(*)**,acyclic_anonymous_graph,train
3875,CCCCCCCCCCCC(=O)N(C)CC(=O)O,0,,ACY_************(*)*(*)**(*)*,acyclic_anonymous_graph,train
3877,CCC(C)CO,0,,ACY_***(*)**,acyclic_anonymous_graph,test
3891,[F][La]([F])[F],0,,ACY_**(*)*,acyclic_anonymous_graph,train
3892,[F][Nd]([F])[F],0,,ACY_**(*)*,acyclic_anonymous_graph,train
3896,CCc1nc[nH]c(=O)c1F,0,O=c1ccnc[nH]1,O=c1ccnc[nH]1,murcko,train
3905,Cc1ccc(OCC(=O)N(Cc2cccs2)c2ccn[nH]2)cc1,0,O=C(COc1ccccc1)N(Cc1cccs1)c1ccn[nH]1,O=C(COc1ccccc1)N(Cc1cccs1)c1ccn[nH]1,murcko,train
3907,C=C(C)C(=O)NC(C)C,0,,ACY_**(*)**(*)*(*)*,acyclic_anonymous_graph,train
3917,NS(=O)(=O)O,0,,ACY_**(*)(*)*,acyclic_anonymous_graph,train
3926,CC(C)C1CC=C(CCC=O)CC1,0,C1=CCCCC1,C1=CCCCC1,murcko,train
3935,C=CN1CCN(C=C)C1=O,1,O=C1NCCN1,O=C1NCCN1,murcko,train
3937,F[B-](F)(F)F,0,,ACY_**(*)(*)*,acyclic_anonymous_graph,train
3943,O=[N+]([O-])N=C1NCCN1Cc1ccc(Cl)nc1,0,N=C1NCCN1Cc1cccnc1,N=C1NCCN1Cc1cccnc1,murcko,train
3950,O=P(O)(O)OP(=O)(O)OP(=O)(O)O,0,,ACY_**(*)(*)**(*)(*)**(*)(*)*,acyclic_anonymous_graph,train
3951,C=CCOC(=O)C1CCCCC1C(=O)OCC=C,0,C1CCCCC1,C1CCCCC1,murcko,test
3957,[F][Al-]([F])([F])[F],1,,ACY_**(*)(*)*,acyclic_anonymous_graph,train
3959,CN(CCO)c1nc(Nc2ccccc2)nc(Nc2ccc(C=Cc3ccc(Nc4nc(Nc5ccccc5)nc(N(C)CCO)n4)cc3S(=O)(=O)O)c(S(=O)(=O)O)c2)n1,0,C(=Cc1ccc(Nc2ncnc(Nc3ccccc3)n2)cc1)c1ccc(Nc2ncnc(Nc3ccccc3)n2)cc1,C(=Cc1ccc(Nc2ncnc(Nc3ccccc3)n2)cc1)c1ccc(Nc2ncnc(Nc3ccccc3)n2)cc1,murcko,train
3964,CC(C)(C)c1cc(-c2cc(C(C)(C)C)cc(C(C)(C)C)c2Op2oc3ccccc3c3ccccc3o2)c(Op2oc3ccccc3c3ccccc3o2)c(C(C)(C)C)c1,0,c1ccc(-c2ccccc2Op2oc3ccccc3c3ccccc3o2)c(Op2oc3ccccc3c3ccccc3o2)c1,c1ccc(-c2ccccc2Op2oc3ccccc3c3ccccc3o2)c(Op2oc3ccccc3c3ccccc3o2)c1,murcko,train
3968,CCCCCCCCCCCC[N+](C)(C)Cc1ccccc1,0,c1ccccc1,c1ccccc1,murcko,train
3969,CCCCCCCCCCCCCC[N+](C)(C)Cc1ccccc1,0,c1ccccc1,c1ccccc1,murcko,train
3982,CCCCN(CCCC)C(=S)S,0,,ACY_*****(****)*(*)*,acyclic_anonymous_graph,train
3997,CCC(C)N,0,,ACY_***(*)*,acyclic_anonymous_graph,test
4018,CCOC(=S)S,0,,ACY_****(*)*,acyclic_anonymous_graph,train
4039,CCCCCCCCCCOc1ccc(C(c2ccccc2)(c2ccccc2)c2ccccc2)cc1C(C)CC,0,c1ccc(C(c2ccccc2)(c2ccccc2)c2ccccc2)cc1,c1ccc(C(c2ccccc2)(c2ccccc2)c2ccccc2)cc1,murcko,train
4047,COc1cc(-c2cc(OC)cc(C(C)(C)C)c2O)c(O)c(C(C)(C)C)c1,0,c1ccc(-c2ccccc2)cc1,c1ccc(-c2ccccc2)cc1,murcko,test
4055,CC(=O)OCC=C(C)CCC=C(C)C,0,,ACY_**(*)****(*)****(*)*,acyclic_anonymous_graph,train
4058,CCCCOCCOCCOC(=O)CCCCC(=O)OCCOCCOCCCC,0,,ACY_************(*)*****(*)***********,acyclic_anonymous_graph,test
4066,C[Si](C)(C)O[Si](C)(C)O[Si](C)(C)O[Si](C)(C)O[Si](C)(C)C,0,,ACY_**(*)(*)**(*)(*)**(*)(*)**(*)(*)**(*)(*)*,acyclic_anonymous_graph,train
4073,CCNC(=S)OC(C)C,0,,ACY_****(*)**(*)*,acyclic_anonymous_graph,train
4074,[O]=[V](=[O])[OH],0,,ACY_**(*)*,acyclic_anonymous_graph,train
4083,CCCCCCCCCCCCNCCC(=O)O,0,,ACY_****************(*)*,acyclic_anonymous_graph,test
4086,CCC(=O)OCC(C)(C)OC(C)C1CCCC(C)(C)C1,0,C1CCCCC1,C1CCCCC1,murcko,test
4093,CCOCCOC(=O)C(C#N)=C1C=C(NCCCOC)CCC1,0,C=C1C=CCCC1,C=C1C=CCCC1,murcko,train
4094,CC(=O)[O][Al][O]C(C)=O,0,,ACY_**(*)*[*]**(*)*,acyclic_anonymous_graph,test
4097,CCCCCCCCC=CCCCCCCCC(=O)O,0,,ACY_******************(*)*,acyclic_anonymous_graph,train
4098,CCCCCCCCCCCC(=O)OCC(O)CO,0,,ACY_************(*)***(*)**,acyclic_anonymous_graph,test
4100,C=CCOC(=O)OCCOCCOC(=O)OCC=C,0,,ACY_*****(*)********(*)****,acyclic_anonymous_graph,train
4102,ClCCCCl,1,,ACY_*****,acyclic_anonymous_graph,train
4107,CCCCCC(=O)O,0,,ACY_******(*)*,acyclic_anonymous_graph,train
4117,CCCCOCCCC,0,,ACY_*********,acyclic_anonymous_graph,train
4147,NCCCCCCNC(=O)O,0,,ACY_*********(*)*,acyclic_anonymous_graph,train
4152,CCCCOCCOCCOCCO,0,,ACY_**************,acyclic_anonymous_graph,test
4159,Clc1c(Cl)c(Br)c2c(c1Cl)-c1nc-2nc2[nH]c(nc3nc(nc4[nH]c(n1)c1c(Cl)c(Br)c(Cl)c(Br)c41)-c1c(Cl)c(Cl)c(Br)c(Cl)c1-3)c1c(Br)c(Cl)c(Br)c(Cl)c21,0,c1ccc2c(c1)-c1nc-2nc2[nH]c(nc3nc(nc4[nH]c(n1)c1ccccc41)-c1ccccc1-3)c1ccccc21,c1ccc2c(c1)-c1nc-2nc2[nH]c(nc3nc(nc4[nH]c(n1)c1ccccc41)-c1ccccc1-3)c1ccccc21,murcko,train
4171,CCCCOC(=O)CSCSCC(=O)OCCCC,0,,ACY_******(*)******(*)*****,acyclic_anonymous_graph,train
4194,CCCCCCCCCCCCCCCCCCNC(=O)CCc1cc(C(C)(C)C)c(O)c(C(C)(C)C)c1,0,c1ccccc1,c1ccccc1,murcko,train
4195,CCCCC(CC)COC(=O)CCc1cc(C(C)(C)C)c(O)c(C(C)(C)C)c1,0,c1ccccc1,c1ccccc1,murcko,train
4196,COc1ccc(OC(=O)c2ccc(OCCCCC3CO3)cc2)cc1,0,O=C(Oc1ccccc1)c1ccc(OCCCCC2CO2)cc1,O=C(Oc1ccccc1)c1ccc(OCCCCC2CO2)cc1,murcko,test
4203,CCCc1nc2c(C)cc(-c3nc4ccccc4n3C)cc2n1Cc1ccc(-c2ccccc2C#N)cc1,0,c1ccc(-c2ccc(Cn3cnc4ccc(-c5nc6ccccc6[nH]5)cc43)cc2)cc1,c1ccc(-c2ccc(Cn3cnc4ccc(-c5nc6ccccc6[nH]5)cc43)cc2)cc1,murcko,train
4211,CC(=CC1CCCCC1)CC(C)C=O,0,C1CCCCC1,C1CCCCC1,murcko,test
4226,CC(C)(CO)C1OCC2(CO1)COC(C(C)(C)CO)OC2,0,C1OCC2(CO1)COCOC2,C1OCC2(CO1)COCOC2,murcko,test
4228,CCOP(Oc1c(C)cc(C(C)(C)C)cc1C(C)(C)C)Oc1c(C)cc(C(C)(C)C)cc1C(C)(C)C,0,c1ccc(OPOc2ccccc2)cc1,c1ccc(OPOc2ccccc2)cc1,murcko,test
4230,CCCCCCCCCCCCNc1nc(Cl)nc(Nc2ccc3c(O)c(N=Nc4ccc(N=Nc5ccc(S(=O)(=O)O)cc5)cc4)c(S(=O)(=O)O)cc3c2)n1,0,c1ccc(N=Nc2ccc(N=Nc3ccc4cc(Nc5ncncn5)ccc4c3)cc2)cc1,c1ccc(N=Nc2ccc(N=Nc3ccc4cc(Nc5ncncn5)ccc4c3)cc2)cc1,murcko,train
4232,CCCSc1nc(Cl)c([N+](=O)[O-])c(Cl)n1,1,c1cncnc1,c1cncnc1,murcko,train
4275,COC(=O)CCCCCCCCCCCCCCCCC(=O)OC,0,,ACY_***(*)*****************(*)**,acyclic_anonymous_graph,train
4278,CCC(COCC(F)(F)C(F)(F)F)OC(=O)CC(C(=O)OC(CC)COCC(F)(F)C(F)(F)F)C(C(=O)OC(CC)COCC(F)(F)C(F)(F)F)S(=O)(=O)O,0,,ACY_***(****(*)(*)*(*)(*)*)**(*)**(*(*)**(**)****(*)(*)*(*)(*)*)*(*(*)**(**)****(*)(*)*(*)(*)*)*(*)(*)*,acyclic_anonymous_graph,train
4282,CCC(=O)N(c1ccccc1)C1CCN(Cc2ccccc2)CC1,0,c1ccc(CN2CCC(Nc3ccccc3)CC2)cc1,c1ccc(CN2CCC(Nc3ccccc3)CC2)cc1,murcko,test
4300,CCC(C)C1CCCCC1=O,0,O=C1CCCCC1,O=C1CCCCC1,murcko,test
4302,NCc1cccc(CN)c1,0,c1ccccc1,c1ccccc1,murcko,train
4307,Oc1ccc(C(c2ccc(O)cc2)(C(F)(F)F)C(F)(F)F)cc1,1,c1ccc(Cc2ccccc2)cc1,c1ccc(Cc2ccccc2)cc1,murcko,train
4318,CCO[Si](CCCS)(OCC)OCC,0,,ACY_*****(***)(***)***,acyclic_anonymous_graph,train
4323,CCC(C)(C)C(=O)OC1=C(c2ccc(Cl)cc2Cl)C(=O)OC12CCCCC2,0,O=C1OC2(C=C1c1ccccc1)CCCCC2,O=C1OC2(C=C1c1ccccc1)CCCCC2,murcko,train
4328,CCCCC(CC)COC(=O)OCC(CC)CCCC,0,,ACY_*****(**)***(*)***(**)****,acyclic_anonymous_graph,test
4343,O=C1CCC(C(=O)O)N1,0,O=C1CCCN1,O=C1CCCN1,murcko,train
4351,CCCCCCCCCCCCN(CCC(=O)O)CCC(=O)O,0,,ACY_*************(***(*)*)***(*)*,acyclic_anonymous_graph,train
4352,SCCOCCOCCS,0,,ACY_**********,acyclic_anonymous_graph,test
4353,CCCCCCOC1CCC(C)(C)O1,0,C1CCOC1,C1CCOC1,murcko,train
4361,COc1ccc(O)cc1,0,c1ccccc1,c1ccccc1,murcko,train
4365,Nc1cc(Cl)nc(C(=O)O)c1Cl,1,c1ccncc1,c1ccncc1,murcko,test
4368,CC(=O)c1cc2c(cc1C)C(C)(C)C(C)CC2(C)C,0,c1ccc2c(c1)CCCC2,c1ccc2c(c1)CCCC2,murcko,train
4384,C=C(Br)C(F)(F)F,0,,ACY_**(*)*(*)(*)*,acyclic_anonymous_graph,train
4385,CC(C=O)=Cc1ccccc1,0,c1ccccc1,c1ccccc1,murcko,train
4391,COC(=O)C(=O)c1ccccc1,0,c1ccccc1,c1ccccc1,murcko,train
4395,O=C1CCC=CCCC=CCCC1,0,O=C1CCC=CCCC=CCCC1,O=C1CCC=CCCC=CCCC1,murcko,train
4398,CCO[Si](CCl)(OCC)OCC,0,,ACY_****(**)(***)***,acyclic_anonymous_graph,train
4401,FC1CC(F)(F)C(F)(F)C1(F)F,1,C1CCCC1,C1CCCC1,murcko,train
4402,CC[P+](c1ccccc1)(c1ccccc1)c1ccccc1,0,c1ccc([PH+](c2ccccc2)c2ccccc2)cc1,c1ccc([PH+](c2ccccc2)c2ccccc2)cc1,murcko,train
4405,CC(=O)c1cc2c(cc1C)C(C)(C)C(C)C2(C)C,0,c1ccc2c(c1)CCC2,c1ccc2c(c1)CCC2,murcko,test
4411,CN1COCN=C1N[N+](=O)[O-],0,C1=NCOCN1,C1=NCOCN1,murcko,train
4429,CCCCC(CC)COC(=O)c1ccc(Nc2nc(Nc3ccc(C(=O)NC(C)(C)C)cc3)nc(Nc3ccc(C(=O)OCC(CC)CCCC)cc3)n2)cc1,0,c1ccc(Nc2nc(Nc3ccccc3)nc(Nc3ccccc3)n2)cc1,c1ccc(Nc2nc(Nc3ccccc3)nc(Nc3ccccc3)n2)cc1,murcko,train
4432,COC(=O)C(C)(C)c1ccc(Br)cc1,0,c1ccccc1,c1ccccc1,murcko,train
4434,CC(C)(c1ccccc1)c1ccc(OP2OCC3(CO2)COP(Oc2ccc(C(C)(C)c4ccccc4)cc2C(C)(C)c2ccccc2)OC3)c(C(C)(C)c2ccccc2)c1,0,c1ccc(Cc2ccc(OP3OCC4(CO3)COP(Oc3ccc(Cc5ccccc5)cc3Cc3ccccc3)OC4)c(Cc3ccccc3)c2)cc1,c1ccc(Cc2ccc(OP3OCC4(CO3)COP(Oc3ccc(Cc5ccccc5)cc3Cc3ccccc3)OC4)c(Cc3ccccc3)c2)cc1,murcko,test
4437,CC(=O)OCC(F)F,0,,ACY_**(*)***(*)*,acyclic_anonymous_graph,test
4439,O=C(c1ccc(O)cc1)c1ccc(C(=O)c2ccc(O)cc2)cc1,0,O=C(c1ccccc1)c1ccc(C(=O)c2ccccc2)cc1,O=C(c1ccccc1)c1ccc(C(=O)c2ccccc2)cc1,murcko,train
4452,CCN(c1ccccc1)c1nc(Cl)nc(Nc2cc(S(=O)(=O)O)cc3cc(S(=O)(=O)O)c(N=Nc4cc(NC(=O)C(Br)CBr)ccc4S(=O)(=O)O)c(O)c23)n1,1,c1ccc(N=Nc2ccc3cccc(Nc4ncnc(Nc5ccccc5)n4)c3c2)cc1,c1ccc(N=Nc2ccc3cccc(Nc4ncnc(Nc5ccccc5)n4)c3c2)cc1,murcko,train
4455,Cc1cc(CC(C)C[Si](C)(O[Si](C)(C)C)O[Si](C)(C)C)c(O)c(-n2nc3ccccc3n2)c1,0,c1ccc(-n2nc3ccccc3n2)cc1,c1ccc(-n2nc3ccccc3n2)cc1,murcko,train
4466,NCCCO,0,,ACY_*****,acyclic_anonymous_graph,train
4469,C=C(C)CS(=O)(=O)O,0,,ACY_**(*)**(*)(*)*,acyclic_anonymous_graph,train
4471,C=C[Si](ON=C(C)CC(C)C)(ON=C(C)CC(C)C)ON=C(C)CC(C)C,0,,ACY_***(***(*)**(*)*)(***(*)**(*)*)***(*)**(*)*,acyclic_anonymous_graph,train
4474,C=CC(=O)OCC(CC)(COC(=O)C=C)COC(=O)C=C,1,,ACY_***(*)***(**)(***(*)**)***(*)**,acyclic_anonymous_graph,train
4479,COC1CC(C)CCC1C(C)C,0,C1CCCCC1,C1CCCCC1,murcko,test
4484,CCC(C)(C)OOC1(OOC(C)(C)CC)CCCCC1,0,C1CCCCC1,C1CCCCC1,murcko,test
4488,CCCOCC(C)O,0,,ACY_******(*)*,acyclic_anonymous_graph,train
4501,CCCc1ccc(-c2ccc(OCC)c(F)c2F)cc1,0,c1ccc(-c2ccccc2)cc1,c1ccc(-c2ccccc2)cc1,murcko,test
4506,CCCCCC1CCCC1O,0,C1CCCC1,C1CCCC1,murcko,train
4513,CC(C)c1ccc(S(=O)(=O)O)cc1,0,c1ccccc1,c1ccccc1,murcko,train
4521,CC1=NN(c2ccc(C)cc2)C(=O)C1N=Nc1ccc(-c2ccc(N=NC3C(=O)N(c4ccc(C)cc4)N=C3C)c(Cl)c2)cc1Cl,0,O=C1C(N=Nc2ccc(-c3ccc(N=NC4C=NN(c5ccccc5)C4=O)cc3)cc2)C=NN1c1ccccc1,O=C1C(N=Nc2ccc(-c3ccc(N=NC4C=NN(c5ccccc5)C4=O)cc3)cc2)C=NN1c1ccccc1,murcko,train
4527,CCCCC(=O)OCC(COC(=O)CCCC)(COC(=O)CCCC)COC(=O)CCCC,0,,ACY_*****(*)***(***(*)****)(***(*)****)***(*)****,acyclic_anonymous_graph,train
4535,CCCCCCCOC(=O)CCC(=O)OCCCCCCC,0,,ACY_*********(*)***(*)********,acyclic_anonymous_graph,train
4537,CN(C)CCCN1CN(CCCN(C)C)CN(CCCN(C)C)C1,0,C1NCNCN1,C1NCNCN1,murcko,train
4544,COc1cc(N=Nc2c(Cl)cc([N+](=O)[O-])cc2[N+](=O)[O-])c(NC(C)=O)cc1NCCC(=O)OCC(=O)OCc1ccccc1,0,O=C(CCNc1ccc(N=Nc2ccccc2)cc1)OCC(=O)OCc1ccccc1,O=C(CCNc1ccc(N=Nc2ccccc2)cc1)OCC(=O)OCc1ccccc1,murcko,train
4551,CCCCCCCCCCCCCCCCCC(=O)O,0,,ACY_******************(*)*,acyclic_anonymous_graph,train
4558,COc1cc([N+](=O)[O-])ccc1N=NC(C(C)=O)C(=O)Nc1cc(Cl)ccc1OC,0,O=C(CN=Nc1ccccc1)Nc1ccccc1,O=C(CN=Nc1ccccc1)Nc1ccccc1,murcko,train
4564,C#CC(C)(O)CCCC(C)CCCC(C)C,0,,ACY_***(*)(*)****(*)****(*)*,acyclic_anonymous_graph,train
4568,C=C(C#N)C(=O)OCCc1ccccc1,0,c1ccccc1,c1ccccc1,murcko,train
4593,FC1=C(OC(F)(F)F)OC(F)(F)O1,0,C1=COCO1,C1=COCO1,murcko,train
4605,CCCCOC(=O)CCS,0,,ACY_******(*)***,acyclic_anonymous_graph,train
4606,CCCCOC(=O)OOC(=O)OCCCC,0,,ACY_******(*)***(*)*****,acyclic_anonymous_graph,train
4608,FC(F)=C(F)OC(F)(F)C(F)(F)C(F)(F)F,0,,ACY_**(*)*(*)**(*)(*)*(*)(*)*(*)(*)*,acyclic_anonymous_graph,train
4621,CCCCCCCCC=CCCCCCCCCNC(=O)CCCCCCCCCCCCCCC,0,,ACY_********************(*)***************,acyclic_anonymous_graph,train
4631,NCCCOCCOCCOCCCN,0,,ACY_***************,acyclic_anonymous_graph,train
4633,FC=CF,0,,ACY_****,acyclic_anonymous_graph,train
4635,CC(CNc1ccc2[nH]c3c(Cl)c4oc5c(S(=O)(=O)O)c(NCC(C)Nc6nc(F)nc(Nc7ccccc7S(=O)(=O)O)n6)ccc5[nH]c4c(Cl)c3oc2c1S(=O)(=O)O)Nc1nc(F)nc(Nc2ccccc2S(=O)(=O)O)n1,0,c1ccc(Nc2ncnc(NCCNc3ccc4[nH]c5cc6oc7cc(NCCNc8ncnc(Nc9ccccc9)n8)ccc7[nH]c6cc5oc4c3)n2)cc1,c1ccc(Nc2ncnc(NCCNc3ccc4[nH]c5cc6oc7cc(NCCNc8ncnc(Nc9ccccc9)n8)ccc7[nH]c6cc5oc4c3)n2)cc1,murcko,train
4643,CCOC(=O)C1=NOC(c2ccccc2)(c2ccccc2)C1,0,C1=NOC(c2ccccc2)(c2ccccc2)C1,C1=NOC(c2ccccc2)(c2ccccc2)C1,murcko,train
4646,Cc1cc(CC(C)C)ccc1CCC=O,0,c1ccccc1,c1ccccc1,murcko,train
4648,CC=CC=CC(=O)OCCC[Si](OC)(OC)OC,0,,ACY_******(*)*****(**)(**)**,acyclic_anonymous_graph,train
4660,CCCCCCCCCCCC[N+](C)(C)[O-],0,,ACY_*************(*)(*)*,acyclic_anonymous_graph,train
4667,O=C(O)C(NCCNC(C(=O)O)c1ccccc1O)c1ccccc1O,0,c1ccc(CNCCNCc2ccccc2)cc1,c1ccc(CNCCNCc2ccccc2)cc1,murcko,train
4673,Cc1cc(Cl)ccc1OC(C)C(=O)O,1,c1ccccc1,c1ccccc1,murcko,train
4674,CC(C)(CO)C(O)C(=O)NCCCO,0,,ACY_******(*)*(*)*(*)(*)**,acyclic_anonymous_graph,test
4678,CCCCC(CC)C1OCCN1CCCC,0,C1COCN1,C1COCN1,murcko,train
4681,CN=C(NCC1CCOC1)N[N+](=O)[O-],0,C1CCOC1,C1CCOC1,murcko,train
4694,CCO[Si](CCCc1c(O)c(C(=O)c2ccccc2)cc(C(=O)c2ccccc2)c1O)(OCC)OCC,0,O=C(c1ccccc1)c1cccc(C(=O)c2ccccc2)c1,O=C(c1ccccc1)c1cccc(C(=O)c2ccccc2)c1,murcko,test
4696,C=C(CC(C)C=O)C1CC=C(C)C1(C)C,0,C1=CCCC1,C1=CCCC1,murcko,train
4698,CCOc1nc(F)cc2nc(SSc3nc4cc(F)nc(OCC)n4n3)nn12,0,c1cc2nc(SSc3nc4ccncn4n3)nn2cn1,c1cc2nc(SSc3nc4ccncn4n3)nn2cn1,murcko,train
4705,Cc1ccc(S(C)(=O)=O)cc1[N+](=O)[O-],0,c1ccccc1,c1ccccc1,murcko,train
4706,O=C(O)c1ccc2cc(O)ccc2c1,1,c1ccc2ccccc2c1,c1ccc2ccccc2c1,murcko,train
4709,O=S(O)S(=O)(=O)O,0,,ACY_**(*)*(*)(*)*,acyclic_anonymous_graph,train
4712,CNC(=O)ON=C(C)SC,0,,ACY_***(*)***(*)**,acyclic_anonymous_graph,train
4718,CCCCCCCCOC(=O)OCCCCCCCC,0,,ACY_**********(*)*********,acyclic_anonymous_graph,train
4725,CO[Si](C)OC,0,,ACY_**[*](*)**,acyclic_anonymous_graph,train
4729,CCOC(=O)O,0,,ACY_****(*)*,acyclic_anonymous_graph,train
4737,CCCCCCCCCOC(=O)c1ccc(C(=O)OCCCCCCCCC)c(C(=O)OCCCCCCCCC)c1,0,c1ccccc1,c1ccccc1,murcko,train
4747,[Cl][Pt-2]([Cl])([Cl])([Cl])([Cl])[Cl],0,,ACY_**(*)(*)(*)(*)*,acyclic_anonymous_graph,train
4751,[F][Ta-2]([F])([F])([F])([F])([F])[F],0,,ACY_**(*)(*)(*)(*)(*)*,acyclic_anonymous_graph,train
4763,C=CC(=O)OCC(O)COc1ccccc1,0,c1ccccc1,c1ccccc1,murcko,train
4767,CN(CCC(=O)OCCN1C(=O)c2ccccc2C1=O)c1ccc(N=Nc2ccc([N+](=O)[O-])cc2C#N)cc1,0,O=C(CCNc1ccc(N=Nc2ccccc2)cc1)OCCN1C(=O)c2ccccc2C1=O,O=C(CCNc1ccc(N=Nc2ccccc2)cc1)OCCN1C(=O)c2ccccc2C1=O,murcko,train
4771,CN(C)CCOCCO,0,,ACY_*******(*)*,acyclic_anonymous_graph,test
4777,Cc1c(Cc2cc(C(C)(C)C)c(O)c(C(C)(C)C)c2)c(C)c(Cc2cc(C(C)(C)C)c(O)c(C(C)(C)C)c2)c(C)c1Cc1cc(C(C)(C)C)c(O)c(C(C)(C)C)c1,0,c1ccc(Cc2cc(Cc3ccccc3)cc(Cc3ccccc3)c2)cc1,c1ccc(Cc2cc(Cc3ccccc3)cc(Cc3ccccc3)c2)cc1,murcko,train
4780,Nc1c(N=Nc2ccc(S(=O)(=O)CCOS(=O)(=O)O)cc2)c(S(=O)(=O)O)cc2cc(S(=O)(=O)O)c(N=Nc3ccc(S(=O)(=O)CCOS(=O)(=O)O)cc3)c(O)c12,0,c1ccc(N=Nc2ccc3ccc(N=Nc4ccccc4)cc3c2)cc1,c1ccc(N=Nc2ccc3ccc(N=Nc4ccccc4)cc3c2)cc1,murcko,test
4783,Cc1ccc(C(=O)CCC(=O)O)cc1,0,c1ccccc1,c1ccccc1,murcko,train
4795,C=C[Si](C)(C)Cl,0,,ACY_***(*)(*)*,acyclic_anonymous_graph,test
4812,Fc1c(Cl)cc(Br)cc1Cl,0,c1ccccc1,c1ccccc1,murcko,train
4813,OB(O)c1ccc2cc(O)ccc2c1,0,c1ccc2ccccc2c1,c1ccc2ccccc2c1,murcko,train
4817,N#Cc1ccc(O)c(O)c1,0,c1ccccc1,c1ccccc1,murcko,train
4825,CC(C)C=NCC1CCCC(CN=CC(C)C)C1,0,C1CCCCC1,C1CCCCC1,murcko,test
4826,COC(=O)C(C)O,0,,ACY_***(*)*(*)*,acyclic_anonymous_graph,train
4839,C=Cc1ccc(C(C)(C)C)cc1,0,c1ccccc1,c1ccccc1,murcko,train
4860,O=C(O)c1cccc(S(=O)(=O)O)c1,0,c1ccccc1,c1ccccc1,murcko,train
4864,CCCCCCCCCCCCCCCCCCCCCCOC(=O)CCCCCCCCCCCCCCCCCCCCC,0,,ACY_************************(*)*********************,acyclic_anonymous_graph,train
4865,CCCCCCCCC=CCCCCCCCCCCCC(=O)OCCCCCCCCC=CCCCCCCCC,0,,ACY_**********************(*)*******************,acyclic_anonymous_graph,train
4873,N#CCCCC(C#N)CCC#N,0,,ACY_******(**)****,acyclic_anonymous_graph,train
4898,CO[Si](C)(OC)C1CCCCC1,0,C1CCCCC1,C1CCCCC1,murcko,test
4907,O=S(=O)(O)c1cc(Nc2nc(NCCO)nc(Nc3ccccc3)n2)ccc1C=Cc1ccc(Nc2nc(NCCO)nc(Nc3ccccc3)n2)cc1S(=O)(=O)O,0,C(=Cc1ccc(Nc2ncnc(Nc3ccccc3)n2)cc1)c1ccc(Nc2ncnc(Nc3ccccc3)n2)cc1,C(=Cc1ccc(Nc2ncnc(Nc3ccccc3)n2)cc1)c1ccc(Nc2ncnc(Nc3ccccc3)n2)cc1,murcko,train
4913,C=CC(F)(F)C(F)(F)C(F)(F)C(F)(F)C(F)(F)C(F)(F)C=C,0,,ACY_***(*)(*)*(*)(*)*(*)(*)*(*)(*)*(*)(*)*(*)(*)**,acyclic_anonymous_graph,train
4934,CCCCO[P+](=O)OCCCC,0,,ACY_******(*)*****,acyclic_anonymous_graph,train
4937,c1ccc2c(c1)CC1COCOC21,0,c1ccc2c(c1)CC1COCOC21,c1ccc2c(c1)CC1COCOC21,murcko,train
4939,CC(C)(C)c1ccc(CCC=O)cc1,0,c1ccccc1,c1ccccc1,murcko,train
4942,CCS(=O)c1c(C#N)nn(-c2c(Cl)cc(C(F)(F)F)cc2Cl)c1N,0,c1ccc(-n2cccn2)cc1,c1ccc(-n2cccn2)cc1,murcko,train
4947,CO[Si](C)(CCCCl)OC,0,,ACY_*****(*)(**)**,acyclic_anonymous_graph,train
4955,Nc1ccc2cc(S(=O)(=O)O)cc(O)c2c1N=Nc1ccc(Nc2nc(NCCS(=O)(=O)O)nc(N(CCO)CCO)n2)cc1S(=O)(=O)O,0,c1ccc2c(N=Nc3ccc(Nc4ncncn4)cc3)cccc2c1,c1ccc2c(N=Nc3ccc(Nc4ncncn4)cc3)cccc2c1,murcko,test
4965,[O]=[Ni],0,,ACY_**,acyclic_anonymous_graph,train
4972,C[Si](C)(C)NC(=O)N[Si](C)(C)C,0,,ACY_**(**(*)(*)*)**(*)(*)*,acyclic_anonymous_graph,train
4973,C=CC(=O)OCCCCCCCCCCCCCCCCCCCCCC,0,,ACY_************************(*)**,acyclic_anonymous_graph,train
4979,CO[Si](CC[Si](OC)(OC)OC)(OC)OC,0,,ACY_***(**)(**)***(**)(**)**,acyclic_anonymous_graph,train
4984,CCCCCCCCC=CCCCCCCCC[N+](C)(CCO)CCO,0,,ACY_*******************(*)(***)***,acyclic_anonymous_graph,train
4987,C=CC(C)(O)CCCC(C)C,0,,ACY_***(*)(*)****(*)*,acyclic_anonymous_graph,train
4989,CCC(C)CCCC(C)(C)O,0,,ACY_***(*)****(*)(*)*,acyclic_anonymous_graph,train
4990,C=CC(C)CCCC(C)(C)O,0,,ACY_***(*)****(*)(*)*,acyclic_anonymous_graph,train
4994,CCCCn1c(O)c(C#N)c(C)c(N=Nc2ccc(C(=O)OCC(=O)OCc3ccccc3)cc2)c1=O,0,O=C(COC(=O)c1ccc(N=Nc2ccc[nH]c2=O)cc1)OCc1ccccc1,O=C(COC(=O)c1ccc(N=Nc2ccc[nH]c2=O)cc1)OCc1ccccc1,murcko,train
4995,CC(C#N)N(CC#N)CC#N,0,,ACY_****(***)*(*)**,acyclic_anonymous_graph,train
5004,O=c1oc(-c2ccc(-c3nc4ccccc4c(=O)o3)cc2)nc2ccccc12,0,O=c1oc(-c2ccc(-c3nc4ccccc4c(=O)o3)cc2)nc2ccccc12,O=c1oc(-c2ccc(-c3nc4ccccc4c(=O)o3)cc2)nc2ccccc12,murcko,test
5006,O=C(O)CCCCC(=O)O,0,,ACY_**(*)*****(*)*,acyclic_anonymous_graph,train
5013,CCCCC(CC)COC(=O)C(C)O,0,,ACY_*****(**)***(*)*(*)*,acyclic_anonymous_graph,test
5018,O=C(O)CC(O)(CC(=O)O)C(=O)O,1,,ACY_**(*)**(*)(**(*)*)*(*)*,acyclic_anonymous_graph,train
5026,C=CC(=C)CCC=C(C)CCC=C(C)C,0,,ACY_***(*)****(*)****(*)*,acyclic_anonymous_graph,train
5031,O=C(O)c1c(Br)c(Br)c(Br)c(Br)c1C(=O)O,0,c1ccccc1,c1ccccc1,murcko,train
5042,CC(C)(c1ccccc1)C(C)(C)c1ccccc1,0,c1ccc(CCc2ccccc2)cc1,c1ccc(CCc2ccccc2)cc1,murcko,test
5056,N#Cc1c(Cl)c(Cl)c(Cl)c(C#N)c1Cl,0,c1ccccc1,c1ccccc1,murcko,train
5057,N#Cc1c(F)cccc1F,0,c1ccccc1,c1ccccc1,murcko,train
5064,CCCCCCCCC(C)C=O,0,,ACY_*********(*)**,acyclic_anonymous_graph,train
5092,CCCCCCCCCCCC(=O)NCCC[N+](C)(C)CC(O)CS(=O)(=O)[O-],0,,ACY_************(*)*****(*)(*)**(*)**(*)(*)*,acyclic_anonymous_graph,train
5093,CC(COC(=O)c1ccccc1)OC(=O)c1ccccc1,0,O=C(OCCOC(=O)c1ccccc1)c1ccccc1,O=C(OCCOC(=O)c1ccccc1)c1ccccc1,murcko,train
5097,CC(=O)OCCOC(C)C,0,,ACY_**(*)*****(*)*,acyclic_anonymous_graph,train
5099,COC1(OC)CCC2=C(CCC3C2CCC2(C)C(=O)CCC32)C1,1,O=C1CCC2C1CCC1C3=C(CCCC3)CCC12,O=C1CCC2C1CCC1C3=C(CCCC3)CCC12,murcko,train
5106,CC(C)(C)OOC(=O)C=CC(=O)O,1,,ACY_**(*)***(*)***(*)(*)*,acyclic_anonymous_graph,train
5117,O=C(O)CCCCCCCCC(=O)O,0,,ACY_**(*)*********(*)*,acyclic_anonymous_graph,train
5121,CC1CCC2C(=O)OC(=O)C2C1,0,O=C1OC(=O)C2CCCCC12,O=C1OC(=O)C2CCCCC12,murcko,train
5122,C=CCOC(=O)C(C)(C)O,0,,ACY_*****(*)*(*)(*)*,acyclic_anonymous_graph,train
5149,CCCCCCCCCC=CCC1CC(=O)OC1=O,0,O=C1CCC(=O)O1,O=C1CCC(=O)O1,murcko,train
5158,CC1(CO)CC1CC1CC2CC2(C)C1(C)C,0,C1CC1CC1CC2CC2C1,C1CC1CC1CC2CC2C1,murcko,test
5163,CC(C)(C)OC(=O)NC(Cc1ccccc1)C(O)CN(Cc1ccc(-c2ccccn2)cc1)NC(=O)OC(C)(C)C,0,c1ccc(CCCCNCc2ccc(-c3ccccn3)cc2)cc1,c1ccc(CCCCNCc2ccc(-c3ccccn3)cc2)cc1,murcko,train
5165,C[N+](C)(C)C1CCCCC1,0,C1CCCCC1,C1CCCCC1,murcko,test
5168,COc1cc(OC)nc(NC(=O)NS(=O)(=O)c2ncccc2OCC(F)(F)F)n1,0,O=C(Nc1ncccn1)NS(=O)(=O)c1ccccn1,O=C(Nc1ncccn1)NS(=O)(=O)c1ccccn1,murcko,train
5180,CCCCCCCCCc1cc(CN(CCO)CCO)c(O)c(CN(CCO)CCO)c1,0,c1ccccc1,c1ccccc1,murcko,train
5187,O=S1(=O)OCC2(CO1)COS(=O)(=O)OC2,0,O=S1(=O)OCC2(CO1)COS(=O)(=O)OC2,O=S1(=O)OCC2(CO1)COS(=O)(=O)OC2,murcko,train
5191,CCCNCC,0,,ACY_******,acyclic_anonymous_graph,train
5199,CCCCCCCCC(CCCCCC)COc1ccccc1C(N)=O,0,c1ccccc1,c1ccccc1,murcko,train
5203,CCCCCCCCCCCC(=O)OCC(CC)CCCC,0,,ACY_************(*)***(**)****,acyclic_anonymous_graph,train
5204,CC(=O)OC1CCCCC1C(C)(C)C,0,C1CCCCC1,C1CCCCC1,murcko,test
5208,CCCCCCCCCCCCCC(=O)O,0,,ACY_**************(*)*,acyclic_anonymous_graph,train
5223,CC(=O)CC(=O)N(C)C,0,,ACY_**(*)**(*)*(*)*,acyclic_anonymous_graph,train
5224,CC(O)CN(CCCN(CCCN(C)C)CCCN(C)C)CC(C)O,0,,ACY_**(*)****(****(*)*)****(**(*)*)**(*)*,acyclic_anonymous_graph,test
5227,CC(C)CCCCCOC(=O)C(C)Oc1ccc(-c2nc(-c3ccc(-c4ccccc4)cc3)nc(-c3ccc(-c4ccccc4)cc3)n2)c(O)c1,0,c1ccc(-c2ccc(-c3nc(-c4ccccc4)nc(-c4ccc(-c5ccccc5)cc4)n3)cc2)cc1,c1ccc(-c2ccc(-c3nc(-c4ccccc4)nc(-c4ccc(-c5ccccc5)cc4)n3)cc2)cc1,murcko,train
5234,C=CCNCCCNCC=C,0,,ACY_***********,acyclic_anonymous_graph,train
5236,CCCCCC(=O)OC(=O)CCCCC,0,,ACY_******(*)**(*)*****,acyclic_anonymous_graph,train
5239,O=S(=O)(O)c1ccc(O)c(N=Nc2ccc3c(O)cccc3c2O)c1,0,c1ccc(N=Nc2ccc3ccccc3c2)cc1,c1ccc(N=Nc2ccc3ccccc3c2)cc1,murcko,train
5250,CCN1OCC(NC(=O)c2ccc(C3=NOC(c4cc(Cl)c(F)c(Cl)c4)(C(F)(F)F)C3)cc2C)C1=O,0,O=C(NC1CONC1=O)c1ccc(C2=NOC(c3ccccc3)C2)cc1,O=C(NC1CONC1=O)c1ccc(C2=NOC(c3ccccc3)C2)cc1,murcko,test
5253,COc1cc(C=O)ccc1OC(=O)C(C)C,0,c1ccccc1,c1ccccc1,murcko,train
5258,CC1=C(NC(=O)O)C(=NC(=O)CN)C=CC1(NC(=O)O)c1cccc(C2=CC=CC(=NC(=O)CN)C2C)c1,0,N=C1C=CC(c2cccc(C3=CC=CC(=N)C3)c2)C=C1,N=C1C=CC(c2cccc(C3=CC=CC(=N)C3)c2)C=C1,murcko,train
5275,O=C(O)c1ccccc1,0,c1ccccc1,c1ccccc1,murcko,train
5278,c1ccc(N(CC2CO2)CC2CO2)cc1,1,c1ccc(N(CC2CO2)CC2CO2)cc1,c1ccc(N(CC2CO2)CC2CO2)cc1,murcko,test
5288,Cc1ccc(S(=O)(=O)Oc2cccc(NC(=O)Nc3ccccc3)c2)cc1,1,O=C(Nc1ccccc1)Nc1cccc(OS(=O)(=O)c2ccccc2)c1,O=C(Nc1ccccc1)Nc1cccc(OS(=O)(=O)c2ccccc2)c1,murcko,train
5289,COc1ccnc(C(=O)O)c1O,0,c1ccncc1,c1ccncc1,murcko,test
5294,CNCCO,0,,ACY_*****,acyclic_anonymous_graph,train
5297,CNC(=N[N+](=O)[O-])NCc1cnc(Cl)s1,0,c1cscn1,c1cscn1,murcko,test
5301,COc1ccc(OC)c(C(C)(C)C)c1,0,c1ccccc1,c1ccccc1,murcko,train
5313,CCOc1ccc(B(O)O)c(F)c1F,0,c1ccccc1,c1ccccc1,murcko,train
5318,Oc1ccc(-c2nc(-c3ccc(O)cc3O)nc(-c3ccc(O)cc3O)n2)c(O)c1,0,c1ccc(-c2nc(-c3ccccc3)nc(-c3ccccc3)n2)cc1,c1ccc(-c2nc(-c3ccccc3)nc(-c3ccccc3)n2)cc1,murcko,test
5324,CCCCCCCCCCCCCCC(O)C(O)C(CO)NC(=O)c1ccccc1O,0,c1ccccc1,c1ccccc1,murcko,train
5337,CCn1c(O)c(N=Nc2ccc(N=Nc3cc(OCCO)c(N=Nc4c(S(=O)(=O)O)cc5cc(S(=O)(=O)O)cc(O)c5c4O)cc3OCCO)c(S(=O)(=O)O)c2)c(C)c(C(N)=O)c1=O,0,O=c1ccc(N=Nc2ccc(N=Nc3ccc(N=Nc4ccc5ccccc5c4)cc3)cc2)c[nH]1,O=c1ccc(N=Nc2ccc(N=Nc3ccc(N=Nc4ccc5ccccc5c4)cc3)cc2)c[nH]1,murcko,train
5342,C=C(C)C(=O)OCCC(F)(F)C(F)(F)C(F)(F)C(F)(F)C(F)(F)C(F)(F)F,0,,ACY_**(*)*(*)****(*)(*)*(*)(*)*(*)(*)*(*)(*)*(*)(*)*(*)(*)*,acyclic_anonymous_graph,train
5344,C1=CC2CC1C1Cc3ccccc3C21,0,C1=CC2CC1C1Cc3ccccc3C21,C1=CC2CC1C1Cc3ccccc3C21,murcko,train
5354,C=C(CC(=O)OCCCC)C(=O)OCCCC,0,,ACY_******(*)**(*)*(*)*****,acyclic_anonymous_graph,train
5355,C=CC(=O)OCCCCCCCCCCCC,0,,ACY_**************(*)**,acyclic_anonymous_graph,train
5374,CC(C)c1cc(C(C)C)c(N=C=O)c(C(C)C)c1N=C=O,0,c1ccccc1,c1ccccc1,murcko,train
5375,CC(C)c1cccc(C(C)C)c1N=C=Nc1c(C(C)C)cccc1C(C)C,0,C(=Nc1ccccc1)=Nc1ccccc1,C(=Nc1ccccc1)=Nc1ccccc1,murcko,test
5378,CN(C)C(=O)Nc1cccc(C(F)(F)F)c1,1,c1ccccc1,c1ccccc1,murcko,train
5383,CC(=O)Oc1ccc(C(C)(C)CC(C)(C)C)cc1C1C(=O)Oc2ccc(C(C)(C)CC(C)(C)C)cc21,0,O=C1Oc2ccccc2C1c1ccccc1,O=C1Oc2ccccc2C1c1ccccc1,murcko,train
5401,C=COC1CCCCC1,0,C1CCCCC1,C1CCCCC1,murcko,test
5427,CC(C)(C)OOC(C)(C)c1cccc(C(C)(C)OOC(C)(C)C)c1,0,c1ccccc1,c1ccccc1,murcko,train
5433,COc1ccccc1C(=O)NS(=O)(=O)c1ccc(C(=O)NC2CC2)cc1,0,O=C(NC1CC1)c1ccc(S(=O)(=O)NC(=O)c2ccccc2)cc1,O=C(NC1CC1)c1ccc(S(=O)(=O)NC(=O)c2ccccc2)cc1,murcko,train
5441,CCC(COC(=O)CC(C)=O)(COC(=O)CC(C)=O)COC(=O)CC(C)=O,0,,ACY_***(***(*)**(*)*)(***(*)**(*)*)***(*)**(*)*,acyclic_anonymous_graph,train
5444,CCOP(=O)(NC(C)C)Oc1ccc(SC)c(C)c1,1,c1ccccc1,c1ccccc1,murcko,train
5449,CC1=C(C(=O)O)N2C(=O)C(N)C2SC1,0,O=C1CC2SCC=CN12,O=C1CC2SCC=CN12,murcko,train
5454,CCCCC(CC)C(=O)OOC(C)(C)CC(C)(C)C,0,,ACY_*****(**)*(*)***(*)(*)**(*)(*)*,acyclic_anonymous_graph,test
5465,N#Cc1ccccc1NC(=O)c1snc(Cl)c1Cl,0,O=C(Nc1ccccc1)c1ccns1,O=C(Nc1ccccc1)c1ccns1,murcko,train
5466,CCCCCCCCCCCCCCCCCCCCCCOC(=O)CCCCCCCCCCCCCCCCC,0,,ACY_************************(*)*****************,acyclic_anonymous_graph,train
5483,O=C(CCS)OCCOC(=O)CCS,0,,ACY_****(*)*****(*)***,acyclic_anonymous_graph,train
5502,NS(=O)(=O)c1ncccc1OCC(F)(F)F,0,c1ccncc1,c1ccncc1,murcko,test
5503,CCCCCCCCCCCCCC(=O)OCC(CCCCCCCC)CCCCCCCCCC,0,,ACY_**************(*)***(********)**********,acyclic_anonymous_graph,train
5508,[Mo],1,,ACY_*,acyclic_anonymous_graph,train
5515,CCCCCCCCC1CCC(=O)O1,0,O=C1CCCO1,O=C1CCCO1,murcko,test
5517,CCCCCCCCOC(=O)CCCCCCC,0,,ACY_**********(*)*******,acyclic_anonymous_graph,train
5530,OCCNCCO,0,,ACY_*******,acyclic_anonymous_graph,train
5531,Cc1ccc(S(=O)(=O)NC(=O)Nc2cccc(OS(=O)(=O)c3ccc(C)cc3)c2)cc1,0,O=C(Nc1cccc(OS(=O)(=O)c2ccccc2)c1)NS(=O)(=O)c1ccccc1,O=C(Nc1cccc(OS(=O)(=O)c2ccccc2)c1)NS(=O)(=O)c1ccccc1,murcko,test
5532,CCCCCCCCCCCCCCCCCCOCCC[N+](C)(C)C,0,,ACY_***********************(*)(*)*,acyclic_anonymous_graph,train
5534,OCC1CCCN1,0,C1CCNC1,C1CCNC1,murcko,test
5539,O=C(CC(C(=O)OC1CCCCC1)S(=O)(=O)O)OC1CCCCC1,0,O=C(CCC(=O)OC1CCCCC1)OC1CCCCC1,O=C(CCC(=O)OC1CCCCC1)OC1CCCCC1,murcko,train
5541,C=C(F)C(=O)OC,1,,ACY_***(*)*(*)*,acyclic_anonymous_graph,train
5547,CC(=O)OCC(=O)C1=CCC2C3CCC4=CC(=O)CCC4(C)C3=CCC12C,0,O=C1C=C2CCC3C(=CCC4C=CCC43)C2CC1,O=C1C=C2CCC3C(=CCC4C=CCC43)C2CC1,murcko,test
5548,CCCCCCCC(=O)OCCOc1ccccc1,0,c1ccccc1,c1ccccc1,murcko,train
5564,CCCCCCCCCCCCN(CCCN)CCCN,0,,ACY_*************(****)****,acyclic_anonymous_graph,train
5582,O=C1CCCCCN1SSN1CCCCCC1=O,0,O=C1CCCCCN1SSN1CCCCCC1=O,O=C1CCCCCN1SSN1CCCCCC1=O,murcko,train
5585,CS(=O)(=O)O,1,,ACY_**(*)(*)*,acyclic_anonymous_graph,train
5592,O=C(c1ccccc1)c1ccc(OCC(O)COc2ccc(C(=O)c3ccccc3)c(O)c2)cc1O,0,O=C(c1ccccc1)c1ccc(OCCCOc2ccc(C(=O)c3ccccc3)cc2)cc1,O=C(c1ccccc1)c1ccc(OCCCOc2ccc(C(=O)c3ccccc3)cc2)cc1,murcko,test
5595,CCOc1ccccc1NC(=O)C(=O)Nc1ccccc1CC,0,O=C(Nc1ccccc1)C(=O)Nc1ccccc1,O=C(Nc1ccccc1)C(=O)Nc1ccccc1,murcko,train
5608,O=C(O)c1ccc(Cl)s1,0,c1ccsc1,c1ccsc1,murcko,test
5610,CC(=O)OCc1cc(C(C)=O)ccc1OC(C)=O,1,c1ccccc1,c1ccccc1,murcko,train
5617,CCO,0,,ACY_***,acyclic_anonymous_graph,train
5631,NC(=Nc1ccccc1)Nc1ccccc1,1,C(=Nc1ccccc1)Nc1ccccc1,C(=Nc1ccccc1)Nc1ccccc1,murcko,train
5632,CC(CC(=O)NCCCCCC(=O)O)CC(C)(C)C,0,,ACY_**(*)*******(*)**(*)**(*)(*)*,acyclic_anonymous_graph,train
5663,O=C1O[B-]2(OC1=O)OC(=O)C(=O)O2,0,O=C1O[B-]2(OC1=O)OC(=O)C(=O)O2,O=C1O[B-]2(OC1=O)OC(=O)C(=O)O2,murcko,train
5665,COc1cccc(C(=O)Cl)c1C,0,c1ccccc1,c1ccccc1,murcko,train
5677,N#CCCN(CCc1ccccc1)c1ccc(N=Nc2ccc([N+](=O)[O-])cc2C#N)cc1,0,c1ccc(CCNc2ccc(N=Nc3ccccc3)cc2)cc1,c1ccc(CCNc2ccc(N=Nc3ccccc3)cc2)cc1,murcko,train
5685,COCC1=C(C(=O)O)N2C(=O)C(N)C2SC1,0,O=C1CC2SCC=CN12,O=C1CC2SCC=CN12,murcko,train
5691,CCC1(C)OOC(C)(CC)OOC(C)(CC)OO1,0,C1OOCOOCOO1,C1OOCOOCOO1,murcko,train
5694,C=CC(=O)OCCCCO,1,,ACY_*******(*)**,acyclic_anonymous_graph,train
5705,C=CCC#CCCCCC,0,,ACY_**********,acyclic_anonymous_graph,test
5707,C=C(C)C(=O)OCc1ccccc1,0,c1ccccc1,c1ccccc1,murcko,train
5717,CCOC(=O)C(C)C1CCCCC1,0,C1CCCCC1,C1CCCCC1,murcko,test
5719,CC(=O)C(N=Nc1ccc(C)cc1[N+](=O)[O-])C(=O)Nc1ccccc1,0,O=C(CN=Nc1ccccc1)Nc1ccccc1,O=C(CN=Nc1ccccc1)Nc1ccccc1,murcko,train
5720,CC12C=CC(C1)C1C(=O)OC(=O)C12,0,O=C1OC(=O)C2C3C=CC(C3)C12,O=C1OC(=O)C2C3C=CC(C3)C12,murcko,train
5723,CC(C)(C)OOC(C)(C)c1ccc(C(C)(C)OOC(C)(C)C)cc1,0,c1ccccc1,c1ccccc1,murcko,train
5725,CC1(C)CC(OC(=O)CCCCCCCCC(=O)OC2CC(C)(C)N([O])C(C)(C)C2)CC(C)(C)N1[O],0,O=C(CCCCCCCCC(=O)OC1CCNCC1)OC1CCNCC1,O=C(CCCCCCCCC(=O)OC1CCNCC1)OC1CCNCC1,murcko,train
5728,COC(C)CCO,0,,ACY_****(*)**,acyclic_anonymous_graph,train
5731,CC(OC=O)C1CCCC(C)(C)C1,0,C1CCCCC1,C1CCCCC1,murcko,test
5739,CC(=O)OCC=CCOC(C)=O,0,,ACY_**(*)*******(*)*,acyclic_anonymous_graph,train
5751,CC(C)COC(=S)S,0,,ACY_**(*)***(*)*,acyclic_anonymous_graph,test
5752,CCCCCCCCC=CCCCCCCCCN(CCO)CCO,0,,ACY_*******************(***)***,acyclic_anonymous_graph,train
5753,Cc1cccc([N+](=O)[O-])c1[N+](=O)[O-],0,c1ccccc1,c1ccccc1,murcko,train
5755,CC(O)COC(C)CO,0,,ACY_***(*)***(*)*,acyclic_anonymous_graph,train
5756,O=C(OC1COC2OCCC12)ON1C(=O)CCC1=O,1,O=C(OC1COC2OCCC12)ON1C(=O)CCC1=O,O=C(OC1COC2OCCC12)ON1C(=O)CCC1=O,murcko,test
5773,CC(N)c1ccccc1,0,c1ccccc1,c1ccccc1,murcko,train
5774,CCCCCCCCCCCCCCCCCC(=O)OC(C)C(=O)OC(C)C(=O)O,0,,ACY_******************(*)**(*)*(*)**(*)*(*)*,acyclic_anonymous_graph,train
5784,CC(CCN)CC(C)(C)CN,0,,ACY_****(*)**(*)(*)**,acyclic_anonymous_graph,train
5787,C=C[Si]1(C)O[Si](C)(C=C)O[Si](C)(C=C)O[Si](C)(C=C)O1,0,O1[SiH2]O[SiH2]O[SiH2]O[SiH2]1,O1[SiH2]O[SiH2]O[SiH2]O[SiH2]1,murcko,test
5789,CC(C)CCCCCCCOP(OCCCCCCCC(C)C)Oc1ccccc1,0,c1ccccc1,c1ccccc1,murcko,train
5790,CCOC(C)OCCc1ccccc1,0,c1ccccc1,c1ccccc1,murcko,train
5794,C=CCCCCCCCC(=O)OC,0,,ACY_**********(*)**,acyclic_anonymous_graph,test
5799,BrC1(Br)CCCCCCCCCC(Br)(Br)C1(Br)Br,0,C1CCCCCCCCCCC1,C1CCCCCCCCCCC1,murcko,train
5801,CC1(C)CCCC(C)(C)N1[O],1,C1CCNCC1,C1CCNCC1,murcko,train
5803,FC(F)(F)COc1cccnc1Cl,0,c1ccncc1,c1ccncc1,murcko,test
5804,CC(C)Sc1ncccc1CCC(F)(F)F,0,c1ccncc1,c1ccncc1,murcko,test
5806,CC(C)(O)CCO,0,,ACY_****(*)(*)*,acyclic_anonymous_graph,train
5813,CC(O)COCC(C)(COCC(C)O)COCC(C)O,0,,ACY_**(*)****(*)(****(*)*)****(*)*,acyclic_anonymous_graph,train
5820,Cc1cc(Nc2cc(S(=O)(=O)O)c(N)c3c2C(=O)c2ccccc2C3=O)cc(S(=O)(=O)NCCO)c1C,0,O=C1c2ccccc2C(=O)c2c(Nc3ccccc3)cccc21,O=C1c2ccccc2C(=O)c2c(Nc3ccccc3)cccc21,murcko,train
5828,Cc1ccc(S(=O)(=O)N2CCC(C#N)(c3ccccc3)C(C)C2)cc1,0,O=S(=O)(c1ccccc1)N1CCC(c2ccccc2)CC1,O=S(=O)(c1ccccc1)N1CCC(c2ccccc2)CC1,murcko,train
5832,COC(=O)C(C)(C)N=NC(C)(C)C(=O)OC,1,,ACY_***(*)*(*)(*)***(*)(*)*(*)**,acyclic_anonymous_graph,train
5833,CCC=CC#N,0,,ACY_******,acyclic_anonymous_graph,train
5850,CCCCCCCCCC[N+](C)(C)[O-],0,,ACY_***********(*)(*)*,acyclic_anonymous_graph,train
5851,CC(O)COC(=O)OC1CC(C)CCC1C(C)C,0,C1CCCCC1,C1CCCCC1,murcko,test
5854,CO[Si](CCCn1c(=O)n(CCC[Si](OC)(OC)OC)c(=O)n(CCC[Si](OC)(OC)OC)c1=O)(OC)OC,0,O=c1[nH]c(=O)[nH]c(=O)[nH]1,O=c1[nH]c(=O)[nH]c(=O)[nH]1,murcko,train
5866,CCCCCCCCCCCCCCCC(=O)OCC(O)C1OCC(O)C1O,0,C1CCOC1,C1CCOC1,murcko,train
5867,CCCCCCCCC=CCCCCCCCC(=O)OCC(OC(=O)CCCCCCCC=CCCCCCCCC)C1OCC(O)C1OC(=O)CCCCCCCC=CCCCCCCCC,0,C1CCOC1,C1CCOC1,murcko,train
5879,CC(C#N)(CCC(=O)O)N=NC(C)(C#N)CCC(=O)O,0,,ACY_***(*)(***(*)*)***(*)(**)***(*)*,acyclic_anonymous_graph,train
5886,CCCCCCCC(=O)OCC(O)CO,0,,ACY_********(*)***(*)**,acyclic_anonymous_graph,train
5887,CCN(CCCl)c1ccc(C=O)cc1,1,c1ccccc1,c1ccccc1,murcko,train
5888,COc1cc(Cl)ncn1,0,c1cncnc1,c1cncnc1,murcko,train
5891,NC(=O)NC(=O)O,0,,ACY_**(*)**(*)*,acyclic_anonymous_graph,train
5900,CCC=CCCCCCCCCC1CC(=O)OC1=O,0,O=C1CCC(=O)O1,O=C1CCC(=O)O1,murcko,train
5909,CCCCCCCCC=CCCCCCCCCN(OCCO)OCCO,0,,ACY_*******************(****)****,acyclic_anonymous_graph,train
5910,C=CCCCCCCCCC(=O)NCCOC(=O)CC(C(=O)O)S(=O)(=O)O,0,,ACY_***********(*)*****(*)**(*(*)*)*(*)(*)*,acyclic_anonymous_graph,train
5912,CCCCCCCCCCCCCCCCCC(=O)OCC(OC(=O)CCCCCCCCCCCCCCCCC)C1OCC(O)C1OC(=O)CCCCCCCCCCCCCCCCC,0,C1CCOC1,C1CCOC1,murcko,train
5916,Cc1ccc(N2C(=O)N(c3ccc(C)c(N=C=O)c3)C2=O)cc1N=C=O,0,O=C1N(c2ccccc2)C(=O)N1c1ccccc1,O=C1N(c2ccccc2)C(=O)N1c1ccccc1,murcko,train
5922,CC1CCC(C(C)C)C(OO)C1,0,C1CCCCC1,C1CCCCC1,murcko,test
5945,C=CCOC(=O)CCC1CCCCC1,0,C1CCCCC1,C1CCCCC1,murcko,test
5946,Cc1ccc(P(=O)(C(=O)c2c(C)cc(C)cc2C)c2ccc(C)cc2)cc1,1,O=C(c1ccccc1)P(=O)(c1ccccc1)c1ccccc1,O=C(c1ccccc1)P(=O)(c1ccccc1)c1ccccc1,murcko,train
5952,O=CO,0,,ACY_***,acyclic_anonymous_graph,train
5953,CC(COCC(C)OC(=O)c1ccccc1)OC(=O)c1ccccc1,0,O=C(OCCOCCOC(=O)c1ccccc1)c1ccccc1,O=C(OCCOCCOC(=O)c1ccccc1)c1ccccc1,murcko,test
5954,Cc1ccccc1OP(=S)(S)Oc1ccccc1C,0,S=[PH](Oc1ccccc1)Oc1ccccc1,S=[PH](Oc1ccccc1)Oc1ccccc1,murcko,train
5956,CC(C)CCCCCCCOC(=O)CCCCC(=O)OCCCCCCCC(C)C,0,,ACY_**(*)*********(*)*****(*)*********(*)*,acyclic_anonymous_graph,train
5958,CCCCCCCCCCCC(=O)OCC(C)O,0,,ACY_************(*)***(*)*,acyclic_anonymous_graph,test
5960,CC(C)OP(=S)(S)OC(C)C,0,,ACY_**(*)**(*)(*)**(*)*,acyclic_anonymous_graph,test
5962,CC(C)Cc1cc2ccccc2c(S(=O)(=O)O)c1CC(C)C,0,c1ccc2ccccc2c1,c1ccc2ccccc2c1,murcko,train
5966,CCCCC(CC)CO[N+](=O)[O-],0,,ACY_*****(**)***(*)*,acyclic_anonymous_graph,train
5970,CCCCCCC(C)(C)C(=O)O,0,,ACY_*******(*)(*)*(*)*,acyclic_anonymous_graph,train
5975,CCCn1c(=O)c(C)cn2nc(N)nc12,0,O=c1ccn2ncnc2[nH]1,O=c1ccn2ncnc2[nH]1,murcko,train
5979,NC(=O)CCN(CCO)c1nc(Nc2ccccc2)nc(Nc2ccc(C=Cc3ccc(Nc4nc(Nc5ccccc5)nc(N(CCO)CCC(N)=O)n4)cc3S(=O)(=O)O)c(S(=O)(=O)O)c2)n1,0,C(=Cc1ccc(Nc2ncnc(Nc3ccccc3)n2)cc1)c1ccc(Nc2ncnc(Nc3ccccc3)n2)cc1,C(=Cc1ccc(Nc2ncnc(Nc3ccccc3)n2)cc1)c1ccc(Nc2ncnc(Nc3ccccc3)n2)cc1,murcko,train
5995,CCC(=O)OC1CC2CCC1(C)C2(C)C,0,C1CC2CCC1C2,C1CC2CCC1C2,murcko,train
6000,CC(C)(C)c1cc(Cn2c(=O)n(Cc3cc(C(C)(C)C)c(O)c(C(C)(C)C)c3)c(=O)n(Cc3cc(C(C)(C)C)c(O)c(C(C)(C)C)c3)c2=O)cc(C(C)(C)C)c1O,0,O=c1n(Cc2ccccc2)c(=O)n(Cc2ccccc2)c(=O)n1Cc1ccccc1,O=c1n(Cc2ccccc2)c(=O)n(Cc2ccccc2)c(=O)n1Cc1ccccc1,murcko,train
6004,Cc1ccccc1Cc1ccccc1,0,c1ccc(Cc2ccccc2)cc1,c1ccc(Cc2ccccc2)cc1,murcko,train
6005,CC(C)(N=NC(C)(C)C1=NCCN1)C1=NCCN1,1,C1CNC(CN=NCC2=NCCN2)=N1,C1CNC(CN=NCC2=NCCN2)=N1,murcko,train
6006,CC(C)(N=C=O)c1cccc(C(C)(C)N=C=O)c1,0,c1ccccc1,c1ccccc1,murcko,train
6012,C=C(C)C(=O)OC(C)CO,1,,ACY_***(*)**(*)*(*)*,acyclic_anonymous_graph,test
6018,CCOC(=O)C=C(C)O,0,,ACY_****(*)**(*)*,acyclic_anonymous_graph,train
6030,CC1(OC(=O)c2ccccc2C(=O)OC2(C)CCCCC2)CCCCC1,0,O=C(OC1CCCCC1)c1ccccc1C(=O)OC1CCCCC1,O=C(OC1CCCCC1)c1ccccc1C(=O)OC1CCCCC1,murcko,train
6037,CCCOCCO,0,,ACY_*******,acyclic_anonymous_graph,train
6041,Nc1c(OCCOC(=O)Oc2ccccc2)cc(O)c2c1C(=O)c1ccccc1C2=O,1,O=C(OCCOc1ccc2c(c1)C(=O)c1ccccc1C2=O)Oc1ccccc1,O=C(OCCOc1ccc2c(c1)C(=O)c1ccccc1C2=O)Oc1ccccc1,murcko,test
6048,C1CC2C3CCC(C3)C2C1,0,C1CC2C3CCC(C3)C2C1,C1CC2C3CCC(C3)C2C1,murcko,train
6057,Cc1cc(O)ccc1N,1,c1ccccc1,c1ccccc1,murcko,train
6061,CNC(=O)c1cc(Oc2ccc(NC(=O)Nc3ccc(Cl)c(C(F)(F)F)c3)cc2)ccn1,0,O=C(Nc1ccccc1)Nc1ccc(Oc2ccncc2)cc1,O=C(Nc1ccccc1)Nc1ccc(Oc2ccncc2)cc1,murcko,train
6062,CNC(=O)c1cc(Oc2ccc(N)cc2)ccn1,0,c1ccc(Oc2ccncc2)cc1,c1ccc(Oc2ccncc2)cc1,murcko,train
6066,C=C(C)C(=O)OCC(O)COC(=O)C(=C)C,1,,ACY_**(***(*)*(*)*)***(*)*(*)*,acyclic_anonymous_graph,train
6067,CCCCC(CC)C(=O)OCC(C)(C)COC(=O)C(CC)CCCC,0,,ACY_*****(**)*(*)***(*)(*)***(*)*(**)****,acyclic_anonymous_graph,train
6070,C=CC1CCC(C=C)C(C=C)C1,0,C1CCCCC1,C1CCCCC1,murcko,test
6072,Cc1ccc2c(c1)CC(C)(CO)C2,0,c1ccc2c(c1)CCC2,c1ccc2c(c1)CCC2,murcko,test
6076,O=C1CCCCCCCC=CCCCCCCO1,0,O=C1CCCCCCCC=CCCCCCCO1,O=C1CCCCCCCC=CCCCCCCO1,murcko,train
6077,CCOC1C(C)CCCC1C,0,C1CCCCC1,C1CCCCC1,murcko,test
6081,C1CCCC1,0,C1CCCC1,C1CCCC1,murcko,train
6090,c1cn[nH]c1,0,c1cn[nH]c1,c1cn[nH]c1,murcko,test
6095,CCCCCCCCC=CCCCCCCCCNCCCNCCCN,0,,ACY_***************************,acyclic_anonymous_graph,train
6104,Cc1ccc2c(c1)OCC(=O)CO2,0,O=C1COc2ccccc2OC1,O=C1COc2ccccc2OC1,murcko,test
6121,CCOP(=S)(OCC)Oc1nc(Cl)c(Cl)cc1Cl,0,c1ccncc1,c1ccncc1,murcko,test
6123,O=C(O)C(F)(F)F,0,,ACY_**(*)*(*)(*)*,acyclic_anonymous_graph,train
6124,CCN(CC)c1nc(C)cc(OP(=S)(OC)OC)n1,0,c1cncnc1,c1cncnc1,murcko,train
6129,OCCN(CCO)CCO,0,,ACY_****(***)***,acyclic_anonymous_graph,train
6133,C1CCCCCCCCCCC1,0,C1CCCCCCCCCCC1,C1CCCCCCCCCCC1,murcko,train
6147,CCCCCCCCCCCCSCCC(=O)OCC(COC(=O)CCSCCCCCCCCCCCC)(COC(=O)CCSCCCCCCCCCCCC)COC(=O)CCSCCCCCCCCCCCC,0,,ACY_****************(*)***(***(*)***************)(***(*)***************)***(*)***************,acyclic_anonymous_graph,train
6158,C1C[O][Sb]2[O]CC[O][Sb]([O]1)[O]CC[O]2,1,C1C[O][Sb]2[O]CC[O][Sb]([O]1)[O]CC[O]2,C1C[O][Sb]2[O]CC[O][Sb]([O]1)[O]CC[O]2,murcko,train
6168,CC(C)CCCCCCCOC(=O)CC(C(=O)OCCCCCCCC(C)C)S(=O)(=O)O,0,,ACY_**(*)*********(*)**(*(*)*********(*)*)*(*)(*)*,acyclic_anonymous_graph,train
6182,CC(C)(N=NC(C)(C)C(=N)N)C(=N)N,0,,ACY_**(*)*(*)(*)***(*)(*)*(*)*,acyclic_anonymous_graph,train
6184,CP1(=O)OCC2(CO1)COP(C)(=O)OC2,0,O=[PH]1OCC2(CO1)CO[PH](=O)OC2,O=[PH]1OCC2(CO1)CO[PH](=O)OC2,murcko,train
6188,CC(C)(C)OOC1(OOC(C)(C)C)CCCCC1,0,C1CCCCC1,C1CCCCC1,murcko,test
6198,O=C1c2c(Cl)c(Cl)c(Cl)c(Cl)c2C(=O)C1c1ccc2cccc(N3C(=O)c4c(Cl)c(Cl)c(Cl)c(Cl)c4C3=O)c2n1,0,O=C1c2ccccc2C(=O)C1c1ccc2cccc(N3C(=O)c4ccccc4C3=O)c2n1,O=C1c2ccccc2C(=O)C1c1ccc2cccc(N3C(=O)c4ccccc4C3=O)c2n1,murcko,train
6204,CC(N)C(=O)O,0,,ACY_**(*)*(*)*,acyclic_anonymous_graph,train
6207,CCCCCCOC(=O)c1ccccc1C(=O)c1ccc(N(CC)CC)cc1O,0,O=C(c1ccccc1)c1ccccc1,O=C(c1ccccc1)c1ccccc1,murcko,train
6212,CN(C)CCN(C)CCN(C)C,0,,ACY_**(*)***(*)***(*)*,acyclic_anonymous_graph,test
6213,CC(O)C#CC(C)O,0,,ACY_**(*)***(*)*,acyclic_anonymous_graph,test
6215,CCCc1ccc(-c2ccc(-c3cc(F)c(C(F)(F)Oc4cc(F)c(F)c(F)c4)c(F)c3)c(F)c2)cc1,0,c1ccc(OCc2ccc(-c3ccc(-c4ccccc4)cc3)cc2)cc1,c1ccc(OCc2ccc(-c3ccc(-c4ccccc4)cc3)cc2)cc1,murcko,train
6222,C=CS(=O)(=O)O,0,,ACY_***(*)(*)*,acyclic_anonymous_graph,test
6226,OCCN1CCCCC1,0,C1CCNCC1,C1CCNCC1,murcko,train
6231,O=C1c2ccc3c4ccc5c6c(ccc(c7ccc(c2c37)C(=O)N1c1ccc(N=Nc2ccccc2)cc1)c64)C(=O)N(c1ccc(N=Nc2ccccc2)cc1)C5=O,0,O=C1c2ccc3c4ccc5c6c(ccc(c7ccc(c2c37)C(=O)N1c1ccc(N=Nc2ccccc2)cc1)c64)C(=O)N(c1ccc(N=Nc2ccccc2)cc1)C5=O,O=C1c2ccc3c4ccc5c6c(ccc(c7ccc(c2c37)C(=O)N1c1ccc(N=Nc2ccccc2)cc1)c64)C(=O)N(c1ccc(N=Nc2ccccc2)cc1)C5=O,murcko,train
6255,CC(C)(c1cc(Br)c(OCC2CO2)c(Br)c1)c1cc(Br)c(OCC2CO2)c(Br)c1,0,c1cc(OCC2CO2)ccc1Cc1ccc(OCC2CO2)cc1,c1cc(OCC2CO2)ccc1Cc1ccc(OCC2CO2)cc1,murcko,train
6257,Cc1ccc(N(CCO)CCO)cc1,0,c1ccccc1,c1ccccc1,murcko,train
6258,CCCCCCCCCCCCCCCCCCNC(=O)C=CC(=O)O,0,,ACY_********************(*)***(*)*,acyclic_anonymous_graph,train
6265,CCC(=O)OC,0,,ACY_***(*)**,acyclic_anonymous_graph,test
6271,CCCCO,0,,ACY_*****,acyclic_anonymous_graph,train
6274,O=c1c2cc3[nH]c4c(Cl)cccc4c(=O)c3cc2[nH]c2c(Cl)cccc12,0,O=c1c2ccccc2[nH]c2cc3c(=O)c4ccccc4[nH]c3cc12,O=c1c2ccccc2[nH]c2cc3c(=O)c4ccccc4[nH]c3cc12,murcko,train
6285,CCCCNCCC[Si](OC)(OC)OC,0,,ACY_*********(**)(**)**,acyclic_anonymous_graph,train
6288,C=CC(=O)OCCCS(=O)(=O)O,0,,ACY_***(*)*****(*)(*)*,acyclic_anonymous_graph,train
6294,C=CC(=O)OCCOC,1,,ACY_******(*)**,acyclic_anonymous_graph,train
6296,CCCCCCCCCCCCCCCCCCc1ccccc1S(=O)(=O)O,0,c1ccccc1,c1ccccc1,murcko,train
6301,CCCCCCCC(=O)OCC(C)(C)COC(=O)CCCCCCC,0,,ACY_********(*)***(*)(*)***(*)*******,acyclic_anonymous_graph,test
6308,CCc1cc(C)cc(CC)c1C(C(N)=O)C(N)=O,0,c1ccccc1,c1ccccc1,murcko,train
6310,CC(C)(C)CC(C)(C)c1ccc(O)c(-n2nc3ccccc3n2)c1,0,c1ccc(-n2nc3ccccc3n2)cc1,c1ccc(-n2nc3ccccc3n2)cc1,murcko,train
6319,CCCCCCCCCCCCCCCCCC(=O)OCC(O)CO,0,,ACY_******************(*)***(*)**,acyclic_anonymous_graph,train
6321,CCCCCCC(O)CCCCCCCCCCC(=O)O,0,,ACY_*******(*)***********(*)*,acyclic_anonymous_graph,train
6335,CCCCOC(=O)c1ccccc1N=Nc1c(O)c(C(=O)Nc2ccc3[nH]c(=O)[nH]c3c2)cc2ccccc12,0,O=C(Nc1ccc2[nH]c(=O)[nH]c2c1)c1cc(N=Nc2ccccc2)c2ccccc2c1,O=C(Nc1ccc2[nH]c(=O)[nH]c2c1)c1cc(N=Nc2ccccc2)c2ccccc2c1,murcko,test
6344,CC(=O)C(N=Nc1ccccc1C(=O)O)C(=O)Nc1ccc2[nH]c(=O)[nH]c2c1,0,O=C(CN=Nc1ccccc1)Nc1ccc2[nH]c(=O)[nH]c2c1,O=C(CN=Nc1ccccc1)Nc1ccc2[nH]c(=O)[nH]c2c1,murcko,train
6346,COC(=O)c1cc(F)ccc1N,0,c1ccccc1,c1ccccc1,murcko,train
6348,C=CN(C)C(C)=O,0,,ACY_***(*)*(*)*,acyclic_anonymous_graph,train
6356,C=CS(=O)(=O)CCOCCNc1nc(F)nc(Nc2ccc(N=Nc3ccc(N=Nc4cc(S(=O)(=O)O)c5cc(S(=O)(=O)O)cc(S(=O)(=O)O)c5c4)cc3)cc2)n1,1,c1ccc2cc(N=Nc3ccc(N=Nc4ccc(Nc5ncncn5)cc4)cc3)ccc2c1,c1ccc2cc(N=Nc3ccc(N=Nc4ccc(Nc5ncncn5)cc4)cc3)ccc2c1,murcko,train
6361,Cc1cc(O)ccc1C(C)C,1,c1ccccc1,c1ccccc1,murcko,train
6366,O=C(O)c1ccc(C(=O)O)o1,0,c1ccoc1,c1ccoc1,murcko,train
6370,CC(C)(CN)C(N)=O,0,,ACY_***(*)(*)*(*)*,acyclic_anonymous_graph,train
6378,O=C1c2c(Br)c(Br)c(Br)c(Br)c2C(=O)N1CCN1C(=O)c2c(Br)c(Br)c(Br)c(Br)c2C1=O,0,O=C1c2ccccc2C(=O)N1CCN1C(=O)c2ccccc2C1=O,O=C1c2ccccc2C(=O)N1CCN1C(=O)c2ccccc2C1=O,murcko,train
6390,C[Si](C)O[Si](C)C,0,,ACY_*[*](*)*[*](*)*,acyclic_anonymous_graph,test
6398,CN(C1CCCCC1)S(=O)(=O)c1ccccc1N=Nc1c(N)ccc2cc(S(=O)(=O)O)cc(O)c12,0,O=S(=O)(NC1CCCCC1)c1ccccc1N=Nc1cccc2ccccc12,O=S(=O)(NC1CCCCC1)c1ccccc1N=Nc1cccc2ccccc12,murcko,train
6408,CCC(COC(=O)CCS)(COC(=O)CCS)COC(=O)CCS,0,,ACY_****(*)***(**)(***(*)***)***(*)***,acyclic_anonymous_graph,train
6413,c1ccc(-c2noc(-c3cccs3)n2)cc1,0,c1ccc(-c2noc(-c3cccs3)n2)cc1,c1ccc(-c2noc(-c3cccs3)n2)cc1,murcko,train
6418,c1ccc2c(c1)-c1nc3nc(nc4[nH]c(nc5[nH]c(nc-2n1)c1ccccc51)c1ccccc41)-c1ccccc1-3,0,c1ccc2c(c1)-c1nc3nc(nc4[nH]c(nc5[nH]c(nc-2n1)c1ccccc51)c1ccccc41)-c1ccccc1-3,c1ccc2c(c1)-c1nc3nc(nc4[nH]c(nc5[nH]c(nc-2n1)c1ccccc51)c1ccccc41)-c1ccccc1-3,murcko,train
6422,C[N+](C)(C)CC(O)CCl,1,,ACY_***(*)**(*)(*)*,acyclic_anonymous_graph,train
6424,N#CS,0,,ACY_***,acyclic_anonymous_graph,train
6427,O=C1Cc2ccccc2N1c1ccccc1,0,O=C1Cc2ccccc2N1c1ccccc1,O=C1Cc2ccccc2N1c1ccccc1,murcko,test
6428,CCOP(=S)(S)OCC,0,,ACY_****(*)(*)***,acyclic_anonymous_graph,train
6429,CCCCCCCCCC(=O)O,0,,ACY_**********(*)*,acyclic_anonymous_graph,train
6439,CCC(C)OP(=S)(S)OC(C)CC,0,,ACY_***(*)**(*)(*)**(*)**,acyclic_anonymous_graph,train
6442,CC(C)CCCCCCOC(=O)CCCCC(=O)OCCCCCCC(C)C,0,,ACY_**(*)********(*)*****(*)********(*)*,acyclic_anonymous_graph,train
6450,Oc1cc(Cl)ccc1Oc1ccc(Cl)cc1,0,c1ccc(Oc2ccccc2)cc1,c1ccc(Oc2ccccc2)cc1,murcko,test
6454,CC1(C)C2CC=C(CCC=O)C1C2,0,C1=CC2CC(C1)C2,C1=CC2CC(C1)C2,murcko,train
6468,CC1C2CC(CC2C2CCCC(O)C2)C1(C)C,0,C1CCC(C2CC3CCC2C3)CC1,C1CCC(C2CC3CCC2C3)CC1,murcko,train
6470,CCCCCCCCC=CCCCCCCCCNCCCN,0,,ACY_***********************,acyclic_anonymous_graph,train
6481,CCCCCCCCCCCC(=O)OCCCCCC,0,,ACY_************(*)*******,acyclic_anonymous_graph,test
6491,O=C1CCCN1CCO,0,O=C1CCCN1,O=C1CCCN1,murcko,train
6492,CCCCOC(=O)C(C)O,0,,ACY_******(*)*(*)*,acyclic_anonymous_graph,train
6508,N=C1N=C(N)c2ccccc21,0,N=C1N=Cc2ccccc21,N=C1N=Cc2ccccc21,murcko,train
6513,CC=CC=CC(=O)OCC(CC)(COC(=O)C=CC=CC)COC(=O)C=CC=CC,0,,ACY_******(*)***(**)(***(*)*****)***(*)*****,acyclic_anonymous_graph,train
6518,CC(=O)c1cccc(C(F)(F)F)c1,0,c1ccccc1,c1ccccc1,murcko,train
6535,CN(C)CCOCCOC(=O)NCC1(C)CC(NC(=O)OCCOCCN(C)C)CC(C)(C)C1,0,C1CCCCC1,C1CCCCC1,murcko,test
6547,CC1=NN(c2ccccc2)C(=O)C1N=Nc1ccc(-c2ccc(N=NC3C(=O)N(c4ccccc4)N=C3C)c(Cl)c2)cc1Cl,0,O=C1C(N=Nc2ccc(-c3ccc(N=NC4C=NN(c5ccccc5)C4=O)cc3)cc2)C=NN1c1ccccc1,O=C1C(N=Nc2ccc(-c3ccc(N=NC4C=NN(c5ccccc5)C4=O)cc3)cc2)C=NN1c1ccccc1,murcko,train
6549,COc1cccc(B(O)O)c1F,0,c1ccccc1,c1ccccc1,murcko,train
6554,CCC(C)NCCO,0,,ACY_*****(*)**,acyclic_anonymous_graph,train
6557,CCCOC(=O)c1ccc(O)cc1,0,c1ccccc1,c1ccccc1,murcko,train
6560,O=C(O)c1cn2cc(C(F)(F)F)cc(Cl)c2n1,1,c1ccn2ccnc2c1,c1ccn2ccnc2c1,murcko,train
6575,C=C(C)C(=O)OCC(F)(F)C(F)(F)C(F)(F)C(F)F,0,,ACY_**(*)*(*)***(*)(*)*(*)(*)*(*)(*)*(*)*,acyclic_anonymous_graph,train
6578,COCCc1ccccc1,0,c1ccccc1,c1ccccc1,murcko,train
6582,CCCCCCCCCCCCCCCCCCNC(=O)NCCCNC(=O)NCCCCCCCCCCCCCCCCCC,0,,ACY_********************(*)******(*)*******************,acyclic_anonymous_graph,train
6583,SCCSCCS,0,,ACY_*******,acyclic_anonymous_graph,train
6587,CCCCCCCCCCCCCCCCCCCCCC(=O)O,0,,ACY_**********************(*)*,acyclic_anonymous_graph,train
6595,O=C(Nc1ccc(NC(=O)c2cc3ccccc3c(N=Nc3ccc(Cl)cc3[N+](=O)[O-])c2O)c(Cl)c1)c1cc2ccccc2c(N=Nc2ccc(Cl)cc2[N+](=O)[O-])c1O,0,O=C(Nc1ccc(NC(=O)c2cc(N=Nc3ccccc3)c3ccccc3c2)cc1)c1cc(N=Nc2ccccc2)c2ccccc2c1,O=C(Nc1ccc(NC(=O)c2cc(N=Nc3ccccc3)c3ccccc3c2)cc1)c1cc(N=Nc2ccccc2)c2ccccc2c1,murcko,train
6599,O=[p+]1oc2ccccc2c2ccccc21,0,O=[p+]1oc2ccccc2c2ccccc21,O=[p+]1oc2ccccc2c2ccccc21,murcko,train
6601,CCCCCCCCC=CCCCCCCCC(=O)OCCCCCCCCCCCC,0,,ACY_******************(*)*************,acyclic_anonymous_graph,train
6608,CC(O)C(O)C(O)C(O)C=O,0,,ACY_***(*)*(*)*(*)*(*)*,acyclic_anonymous_graph,train
6617,CCCCCCCCC=CCCCCCCCC(=O)N(C)CC(=O)O,0,,ACY_******************(*)*(*)**(*)*,acyclic_anonymous_graph,train
6621,C=C(OCC)C1C(C)(C)CC(=O)CC1(C)C,0,O=C1CCCCC1,O=C1CCCCC1,murcko,test
6632,CCCCCCCCCCCC(=O)[O][Sn]([CH2]CCCCCCC)([CH2]CCCCCCC)[O]C(=O)CCCCCCCCCCC,0,,ACY_************(*)**(********)(********)**(*)***********,acyclic_anonymous_graph,train
6637,Cc1[nH]n(C)c(=O)c1C(=O)c1ccc(C(F)(F)F)cc1S(C)(=O)=O,0,O=C(c1ccccc1)c1c[nH][nH]c1=O,O=C(c1ccccc1)c1c[nH][nH]c1=O,murcko,train
6638,CC1C(C)(C)C2=C(C3OCOCC3CC2)C1(C)C,0,C1CC2=C(C1)C1OCOCC1CC2,C1CC2=C(C1)C1OCOCC1CC2,murcko,test
6644,CCCCCCCCCCCCCCCCO,0,,ACY_*****************,acyclic_anonymous_graph,test
6647,C[N+](C)(C)CC(O)CC(=O)O,0,,ACY_**(*)**(*)**(*)(*)*,acyclic_anonymous_graph,test
6655,CCC=CCCOC(C)=O,0,,ACY_********(*)*,acyclic_anonymous_graph,train
6656,CCCCCCCCC=CCCCCCCCCOC(=O)CCCCCCCC=CCCCCCCCC,0,,ACY_********************(*)*****************,acyclic_anonymous_graph,train
6658,CCCCCCCCCc1cccc(Nc2cccc(CCCCCCCCC)c2)c1,0,c1ccc(Nc2ccccc2)cc1,c1ccc(Nc2ccccc2)cc1,murcko,train
6662,O=C1NCCN1CCO,0,O=C1NCCN1,O=C1NCCN1,murcko,train
6664,CCn1cc[n+](C)c1,0,c1c[nH+]c[nH]1,c1c[nH+]c[nH]1,murcko,train
6671,CCCCCCC1C(=O)CCC1C(=O)OC,0,O=C1CCCC1,O=C1CCCC1,murcko,train
6672,CC(O)CN(CC(C)O)c1nc(Nc2ccc(C=Cc3ccc(Nc4nc(Nc5cc(S(=O)(=O)O)ccc5S(=O)(=O)O)nc(N(CC(C)O)CC(C)O)n4)cc3S(=O)(=O)O)c(S(=O)(=O)O)c2)nc(Nc2cc(S(=O)(=O)O)ccc2S(=O)(=O)O)n1,0,C(=Cc1ccc(Nc2ncnc(Nc3ccccc3)n2)cc1)c1ccc(Nc2ncnc(Nc3ccccc3)n2)cc1,C(=Cc1ccc(Nc2ncnc(Nc3ccccc3)n2)cc1)c1ccc(Nc2ncnc(Nc3ccccc3)n2)cc1,murcko,train
6674,O=C(CCNc1ccc(N=Nc2ccc([N+](=O)[O-])cc2)cc1Cl)OCC(=O)OCCN1C(=O)c2ccccc2C1=O,0,O=C(CCNc1ccc(N=Nc2ccccc2)cc1)OCC(=O)OCCN1C(=O)c2ccccc2C1=O,O=C(CCNc1ccc(N=Nc2ccccc2)cc1)OCC(=O)OCCN1C(=O)c2ccccc2C1=O,murcko,train
6675,C=CS(=O)(=O)c1ccc(N=Nc2c(S(=O)(=O)O)cc3cc(S(=O)(=O)O)c(N=Nc4ccc(S(=O)(=O)C=C)cc4S(=O)(=O)O)c(O)c3c2N)cc1,0,c1ccc(N=Nc2ccc3ccc(N=Nc4ccccc4)cc3c2)cc1,c1ccc(N=Nc2ccc3ccc(N=Nc4ccccc4)cc3c2)cc1,murcko,test
6684,CC(=O)CC(C)(C)OO,0,,ACY_***(*)(*)**(*)*,acyclic_anonymous_graph,train
6686,CC(O)COC(C)COC(C)COCCN(CCOCC(C)OCC(C)OCC(C)O)CCOC(C)COC(C)COC(C)CO,0,,ACY_***(*)***(*)***(*)****(*****(*)***(*)***(*)*)*****(*)***(*)***(*)*,acyclic_anonymous_graph,train
6691,CC(C)CCCCCCCO,0,,ACY_*********(*)*,acyclic_anonymous_graph,train
6692,CC(=O)O,0,,ACY_**(*)*,acyclic_anonymous_graph,train
6695,CCCCCCCCC=CCCCCCCCCO,0,,ACY_*******************,acyclic_anonymous_graph,train
6701,CC1(C)CCCC2(C)C1CCC1(C)OCCC12,0,C1CCC2C(C1)CCC1OCCC12,C1CCC2C(C1)CCC1OCCC12,murcko,train
6706,Nc1c(I)c(C(=O)Cl)c(I)c(C(=O)Cl)c1I,1,c1ccccc1,c1ccccc1,murcko,train
6707,COC(=O)C1CCCO1,0,C1CCOC1,C1CCOC1,murcko,train
6709,C=C(C)c1cccc(C(=C)C)c1,0,c1ccccc1,c1ccccc1,murcko,train
6725,N#[N+]c1ccc2c(S(=O)(=O)Cl)cccc2c1[O-],0,c1ccc2ccccc2c1,c1ccc2ccccc2c1,murcko,train
6728,C=C(COC(C)=O)COC(C)=O,1,,ACY_**(*)***(*)***(*)*,acyclic_anonymous_graph,test
6729,C=C(C)C(=O)OCCNC(C)(C)C,0,,ACY_**(*)*(*)*****(*)(*)*,acyclic_anonymous_graph,train
6732,CCCCCCCCCCCC(=O)OCC(C)C,0,,ACY_************(*)***(*)*,acyclic_anonymous_graph,test
6733,CCCC(C)=NO[Si](C)(ON=C(C)CCC)ON=C(C)CCC,0,,ACY_****(*)***(*)(***(*)***)***(*)***,acyclic_anonymous_graph,train
6737,CCCCCCCCC(CCCCCC)C(=O)OCC(=O)Nc1ccc(-c2nc3c(Cl)c(C(C)(C)C)[nH]n3n2)cc1,0,c1ccc(-c2nc3cc[nH]n3n2)cc1,c1ccc(-c2nc3cc[nH]n3n2)cc1,murcko,train
6745,CCC(CC)CC1(C(=O)O)CCCCC1,0,C1CCCCC1,C1CCCCC1,murcko,test
6758,CN(C)CCCN(C)CCCN(C)C,0,,ACY_**(*)****(*)****(*)*,acyclic_anonymous_graph,train
6765,Cc1ccc(N(CC(C)O)CC(C)O)cc1,0,c1ccccc1,c1ccccc1,murcko,train
6772,CC(c1ccccc1)c1ccccc1,0,c1ccc(Cc2ccccc2)cc1,c1ccc(Cc2ccccc2)cc1,murcko,train
6773,O=C(O)CCCCCCCC(=O)O,0,,ACY_**(*)********(*)*,acyclic_anonymous_graph,test
6774,CCOC(C)OC1CCCCCCCCCCC1,0,C1CCCCCCCCCCC1,C1CCCCCCCCCCC1,murcko,train
6782,O=C(Nc1ccc(NC(=O)c2cc3ccccc3c(N=Nc3cc(Cl)ccc3Cl)c2O)cc1)c1cc2ccccc2c(N=Nc2cc(Cl)ccc2Cl)c1O,0,O=C(Nc1ccc(NC(=O)c2cc(N=Nc3ccccc3)c3ccccc3c2)cc1)c1cc(N=Nc2ccccc2)c2ccccc2c1,O=C(Nc1ccc(NC(=O)c2cc(N=Nc3ccccc3)c3ccccc3c2)cc1)c1cc(N=Nc2ccccc2)c2ccccc2c1,murcko,train
6786,CCO[P+](=O)[O-],0,,ACY_****(*)*,acyclic_anonymous_graph,train
6787,O=S(=O)([O-])CC(O)C[n+]1ccccc1,0,c1cc[nH+]cc1,c1cc[nH+]cc1,murcko,train
6789,CCC=CCCCCCCCC(=O)OC,0,,ACY_************(*)**,acyclic_anonymous_graph,train
6791,CN1C(=O)N(C)C(O)C1O,0,O=C1NCCN1,O=C1NCCN1,murcko,train
6800,CCCCCCCCCCCCOP(=O)(O)O,0,,ACY_**************(*)(*)*,acyclic_anonymous_graph,train
6808,OC1(c2ccc(Cl)cc2)CCNCC1,0,c1ccc(C2CCNCC2)cc1,c1ccc(C2CCNCC2)cc1,murcko,train
6812,CC12CCC3C4=C(CCC3C1CCC2=O)CC(=O)CC4,0,O=C1CCC2=C(CCC3C2CCC2C(=O)CCC23)C1,O=C1CCC2=C(CCC3C2CCC2C(=O)CCC23)C1,murcko,train
6819,Nc1ccc(O)cc1F,1,c1ccccc1,c1ccccc1,murcko,train
6828,O=C(CO)C(O)CO,0,,ACY_***(*)*(*)**,acyclic_anonymous_graph,train
6846,CCOC(=O)OCCOc1cc(O)c2c(c1N)C(=O)c1ccccc1C2=O,1,O=C1c2ccccc2C(=O)c2ccccc21,O=C1c2ccccc2C(=O)c2ccccc21,murcko,train
6851,FC(F)C(F)(F)OCC(F)(F)F,0,,ACY_**(*)*(*)(*)***(*)(*)*,acyclic_anonymous_graph,train
6855,O=C(Nc1cc(Cl)c(NC(=O)c2cc3ccccc3c(N=Nc3cc(Cl)ccc3Cl)c2O)cc1Cl)c1cc2ccccc2c(N=Nc2cc(Cl)ccc2Cl)c1O,0,O=C(Nc1ccc(NC(=O)c2cc(N=Nc3ccccc3)c3ccccc3c2)cc1)c1cc(N=Nc2ccccc2)c2ccccc2c1,O=C(Nc1ccc(NC(=O)c2cc(N=Nc3ccccc3)c3ccccc3c2)cc1)c1cc(N=Nc2ccccc2)c2ccccc2c1,murcko,train
6858,Cc1cc(Cc2cc(C)cc(C3CCCCC3)c2O)c(O)c(C2CCCCC2)c1,0,c1cc(Cc2cccc(C3CCCCC3)c2)cc(C2CCCCC2)c1,c1cc(Cc2cccc(C3CCCCC3)c2)cc(C2CCCCC2)c1,murcko,train
6874,CC(=O)NC1CC(C)(C)NC(C)(C)C1,0,C1CCNCC1,C1CCNCC1,murcko,train
6881,Cc1nc2ccccn2c(=O)c1CCCl,0,O=c1ccnc2ccccn12,O=c1ccnc2ccccn12,murcko,test
6883,CCN(CC)c1nc(Nc2ccc(C=Cc3ccc(Nc4nc(Nc5cc(S(=O)(=O)O)ccc5S(=O)(=O)O)nc(N(CC)CC)n4)cc3S(=O)(=O)O)c(S(=O)(=O)O)c2)nc(Nc2cc(S(=O)(=O)O)ccc2S(=O)(=O)O)n1,0,C(=Cc1ccc(Nc2ncnc(Nc3ccccc3)n2)cc1)c1ccc(Nc2ncnc(Nc3ccccc3)n2)cc1,C(=Cc1ccc(Nc2ncnc(Nc3ccccc3)n2)cc1)c1ccc(Nc2ncnc(Nc3ccccc3)n2)cc1,murcko,train
6886,CCCSP(=O)(OCC)Oc1ccc(Br)cc1Cl,0,c1ccccc1,c1ccccc1,murcko,train
6892,CN(C)c1ccc(C(=C2C=CC(=[N+](C)C)C=C2)c2ccccc2)cc1,0,[N+]=C1C=CC(=C(c2ccccc2)c2ccccc2)C=C1,[N+]=C1C=CC(=C(c2ccccc2)c2ccccc2)C=C1,murcko,train
6898,CCCCCCCCC(=O)OCC(C)OC(=O)CCCCCCCC,0,,ACY_*********(*)***(*)**(*)********,acyclic_anonymous_graph,train
6899,CCOC(=O)c1ccnc(C(=O)OCC)c1,1,c1ccncc1,c1ccncc1,murcko,test
6909,CC(C)CCCCCCCCCCCCCCCOC(=O)CCCCCCCCCCCCCCC(C)C,0,,ACY_**(*)*****************(*)***************(*)*,acyclic_anonymous_graph,train
6915,COC(C)(C)CCCC(C)C(C)O,0,,ACY_***(*)(*)****(*)*(*)*,acyclic_anonymous_graph,train
6918,O=S(=O)(O)c1cc(Nc2nc(Nc3ccccc3)nc(N(CCO)CCO)n2)ccc1C=Cc1ccc(Nc2nc(Nc3ccccc3)nc(N(CCO)CCO)n2)cc1S(=O)(=O)O,0,C(=Cc1ccc(Nc2ncnc(Nc3ccccc3)n2)cc1)c1ccc(Nc2ncnc(Nc3ccccc3)n2)cc1,C(=Cc1ccc(Nc2ncnc(Nc3ccccc3)n2)cc1)c1ccc(Nc2ncnc(Nc3ccccc3)n2)cc1,murcko,train
6921,CCC(C)=CCCC(C)CCO,0,,ACY_****(*)****(*)**,acyclic_anonymous_graph,train
6925,CC#N,0,,ACY_***,acyclic_anonymous_graph,train
6926,CC(F)(F)F,0,,ACY_**(*)(*)*,acyclic_anonymous_graph,train
6928,C=C(C)C(=O)OCCN1CCOC12CCCCC2,1,C1CCC2(CC1)NCCO2,C1CCC2(CC1)NCCO2,murcko,test
6934,CCCCCCCCCCCCCCCC(=O)OCCO,0,,ACY_****************(*)****,acyclic_anonymous_graph,train
6937,CC1=CCC(C(C)C)C=C1,0,C1=CCCC=C1,C1=CCCC=C1,murcko,train
6938,CC(O)(P(=O)(O)O)P(=O)(O)O,0,,ACY_**(*)(*)*(*)(*)*(*)(*)*,acyclic_anonymous_graph,train
6939,CCCCCCCCC=CCCCCCCCC(=O)OCC(C)(C)COC(=O)CCCCCCCC=CCCCCCCCC,0,,ACY_******************(*)***(*)(*)***(*)*****************,acyclic_anonymous_graph,train
6946,CCN(CC)c1nc(Nc2ccc(S(=O)(=O)O)cc2)nc(Nc2ccc(C=Cc3ccc(Nc4nc(Nc5ccc(S(=O)(=O)O)cc5)nc(N(CC)CC)n4)cc3S(=O)(=O)O)c(S(=O)(=O)O)c2)n1,0,C(=Cc1ccc(Nc2ncnc(Nc3ccccc3)n2)cc1)c1ccc(Nc2ncnc(Nc3ccccc3)n2)cc1,C(=Cc1ccc(Nc2ncnc(Nc3ccccc3)n2)cc1)c1ccc(Nc2ncnc(Nc3ccccc3)n2)cc1,murcko,train
6948,CCCCCCCCCCC(CCCCCCCC)COC1OCC(O)C(O)C1O,0,C1CCOCC1,C1CCOCC1,murcko,train
6951,CN=C(N)N[N+](=O)[O-],0,,ACY_***(*)**(*)*,acyclic_anonymous_graph,train
6954,CCCCCC=CCC1CC(=O)OC1=O,0,O=C1CCC(=O)O1,O=C1CCC(=O)O1,murcko,train
6960,C=CC(=O)OCC1CC2CC1C1CCC(COC(=O)C=C)C21,0,C1CC2C3CCC(C3)C2C1,C1CC2C3CCC(C3)C2C1,murcko,train
6968,CC1(C)CC(NC(=O)c2cccc(C(=O)NC3CC(C)(C)NC(C)(C)C3)c2)CC(C)(C)N1,0,O=C(NC1CCNCC1)c1cccc(C(=O)NC2CCNCC2)c1,O=C(NC1CCNCC1)c1cccc(C(=O)NC2CCNCC2)c1,murcko,test
6970,O=C(O)c1ccccc1C(=O)c1ccc(-c2ccccc2)cc1,0,O=C(c1ccccc1)c1ccc(-c2ccccc2)cc1,O=C(c1ccccc1)c1ccc(-c2ccccc2)cc1,murcko,train
6982,C=C(C)C(=O)OCC1CC2CC1C1CCC(COC(=O)C(=C)C)C21,0,C1CC2C3CCC(C3)C2C1,C1CC2C3CCC(C3)C2C1,murcko,train
6984,CCCCCCCCCc1cc(C(C)(C)C)c(O)c(C(C)(C)C)c1,0,c1ccccc1,c1ccccc1,murcko,train
6994,CCCCCCCCCCCC(=O)N(C)CCS(=O)(=O)O,0,,ACY_************(*)*(*)***(*)(*)*,acyclic_anonymous_graph,train
6995,Cc1cn2c(nc1=O)OC1C(O)C(CO)OC12,0,O=c1ccn2c(n1)OC1CCOC12,O=c1ccn2c(n1)OC1CCOC12,murcko,test
7004,O=c1c2cc(Br)c3cccc4c(=O)c5cc(Br)c6cccc1c6c5-c2c34,0,O=c1c2ccc3cccc4c(=O)c5ccc6cccc1c6c5-c2c34,O=c1c2ccc3cccc4c(=O)c5ccc6cccc1c6c5-c2c34,murcko,test
7017,CC(C)CC(C)(C#N)N=NC(C)(C#N)CC(C)C,0,,ACY_***(*)(***(*)(**)**(*)*)**(*)*,acyclic_anonymous_graph,train
7023,O=C1CCC2CCCCC2O1,0,O=C1CCC2CCCCC2O1,O=C1CCC2CCCCC2O1,murcko,train
7025,O=S(=O)(O)CCN1CCOCC1,0,C1COCCN1,C1COCCN1,murcko,train
7026,COC(C)CCOC(C)=O,0,,ACY_***(*)****(*)*,acyclic_anonymous_graph,train
7028,CCOC(=O)CN(CC(=O)OCC)C(=O)Oc1c(C#N)c(C(=O)OC2C(C(C)(C)C)CC(C)CC2C(C)(C)C)c2nc(-c3ccc(C(C)(C)C)cc3)[nH]n12,0,O=C(OC1CCCCC1)c1ccn2[nH]c(-c3ccccc3)nc12,O=C(OC1CCCCC1)c1ccn2[nH]c(-c3ccccc3)nc12,murcko,train
7030,C=CC(=O)OCC(O)COC(=O)C(C)(CCC)CCCC,0,,ACY_*****(*)(***)*(*)***(*)***(*)**,acyclic_anonymous_graph,train
7031,CCCCC(CC)COC(=O)C(=Cc1cc(OC)c(O)c(OC)c1)C(=O)OCC(CC)CCCC,0,c1ccccc1,c1ccccc1,murcko,train
7037,CC(CCO)CCO,0,,ACY_****(*)***,acyclic_anonymous_graph,train
7057,OCCN(CCO)C1CCCCC1,0,C1CCCCC1,C1CCCCC1,murcko,test
7064,CCCCCCCCC=CCCCCCCCC(=O)NCCCN(C)CCCNC(=O)CCCCCCCC=CCCCCCCCC,0,,ACY_******************(*)*****(*)*****(*)*****************,acyclic_anonymous_graph,test
7065,O=C=NCCCCCN=C=O,0,,ACY_***********,acyclic_anonymous_graph,train
7075,CC(C)=CCCC(C)=CCCC(C)=CCO,0,,ACY_****(*)****(*)****(*)*,acyclic_anonymous_graph,train
7083,CCOCOCC,0,,ACY_*******,acyclic_anonymous_graph,train
7088,CC=CCC#N,0,,ACY_******,acyclic_anonymous_graph,train
7092,CC12CCC(CC1=O)C2(C)C,1,O=C1CC2CCC1C2,O=C1CC2CCC1C2,murcko,train
7105,CC1=NN(c2ccccc2)C(=O)C1=CC1C(=O)N(c2ccccc2)N=C1C,0,O=C1C(=CC2C=NN(c3ccccc3)C2=O)C=NN1c1ccccc1,O=C1C(=CC2C=NN(c3ccccc3)C2=O)C=NN1c1ccccc1,murcko,train
7107,CC(c1ccc(OC#N)cc1)c1ccc(OC#N)cc1,0,c1ccc(Cc2ccccc2)cc1,c1ccc(Cc2ccccc2)cc1,murcko,train
7112,O=[P+](Oc1ccccc1)Oc1ccccc1,0,O=[P+](Oc1ccccc1)Oc1ccccc1,O=[P+](Oc1ccccc1)Oc1ccccc1,murcko,train
7113,OCCN1CN(CCO)CN(CCO)C1,1,C1NCNCN1,C1NCNCN1,murcko,train
7114,CCCCCCCCP(=O)(O)O,0,,ACY_*********(*)(*)*,acyclic_anonymous_graph,train
7121,CC(C)(O)C(=O)c1ccc(Cc2ccc(C(=O)C(C)(C)O)cc2)cc1,1,c1ccc(Cc2ccccc2)cc1,c1ccc(Cc2ccccc2)cc1,murcko,train
7123,CNC(C)C,0,,ACY_***(*)*,acyclic_anonymous_graph,test
7124,CCCCCCCCC(CCCCCC)C(=O)Nc1cc(C)ccc1O,0,c1ccccc1,c1ccccc1,murcko,train
7129,CC(CO)(CO)C(=O)O,0,,ACY_***(*)(**)*(*)*,acyclic_anonymous_graph,test
7131,CC(OC(C)(C)COC(=O)C1CC1)C1CCCC(C)(C)C1,0,O=C(OCCOCC1CCCCC1)C1CC1,O=C(OCCOCC1CCCCC1)C1CC1,murcko,train
7133,CCn1c(O)c(CS(=O)(=O)O)c(C)c(N=Nc2cc(Nc3nc(F)nc(Nc4ccc(S(=O)(=O)CCOS(=O)(=O)O)cc4)n3)ccc2S(=O)(=O)O)c1=O,0,O=c1[nH]cccc1N=Nc1cccc(Nc2ncnc(Nc3ccccc3)n2)c1,O=c1[nH]cccc1N=Nc1cccc(Nc2ncnc(Nc3ccccc3)n2)c1,murcko,train
7137,COc1cc(N=Nc2cc(S(=O)(=O)O)ccc2O)c(N=Nc2c(S(=O)(=O)O)cc3c(S(=O)(=O)O)c(Nc4nc(F)nc(N(C)CCS(=O)(=O)CCOS(=O)(=O)O)n4)ccc3c2O)cc1OC,1,c1ccc(N=Nc2ccccc2N=Nc2ccc3cc(Nc4ncncn4)ccc3c2)cc1,c1ccc(N=Nc2ccccc2N=Nc2ccc3cc(Nc4ncncn4)ccc3c2)cc1,murcko,train
7139,C=CC(=O)OCCCCCCCCCCCCCCCCCCCC,0,,ACY_**********************(*)**,acyclic_anonymous_graph,test
7140,C=CC(=O)OCCCCCCCCCCCCCCCCCC,0,,ACY_********************(*)**,acyclic_anonymous_graph,test
7142,CCCCCC1CCCC1=O,0,O=C1CCCC1,O=C1CCCC1,murcko,train
7143,O=C1C(c2[nH]c3ccccc3c2O)=Nc2ccccc21,0,O=C1C(c2cc3ccccc3[nH]2)=Nc2ccccc21,O=C1C(c2cc3ccccc3[nH]2)=Nc2ccccc21,murcko,train
7146,O=C1c2ccccc2-c2ccccc21,0,O=C1c2ccccc2-c2ccccc21,O=C1c2ccccc2-c2ccccc21,murcko,test
7151,CCC=CCC1=C(C)CCC1=O,0,O=C1C=CCC1,O=C1C=CCC1,murcko,train
7154,C1=CCCC=CCCC=CCC1,0,C1=CCCC=CCCC=CCC1,C1=CCCC=CCCC=CCC1,murcko,train
7163,Cc1cc(C)cc(N2C(=O)c3ccc4c5ccc6c7c(ccc(c8ccc(c3c48)C2=O)c75)C(=O)N(c2cc(C)cc(C)c2)C6=O)c1,0,O=C1c2ccc3c4ccc5c6c(ccc(c7ccc(c2c37)C(=O)N1c1ccccc1)c64)C(=O)N(c1ccccc1)C5=O,O=C1c2ccc3c4ccc5c6c(ccc(c7ccc(c2c37)C(=O)N1c1ccccc1)c64)C(=O)N(c1ccccc1)C5=O,murcko,train
7166,CCCCCCCCC=CCCCCCCCC(=O)OCC(O)COCC(O)CO,0,,ACY_******************(*)***(*)****(*)**,acyclic_anonymous_graph,train
7178,NC(=NCCCC(N)C(=O)O)NP(=O)(O)O,0,,ACY_**(*****(*)*(*)*)**(*)(*)*,acyclic_anonymous_graph,train
7182,c1ccc2sc(SN(C3CCCCC3)C3CCCCC3)nc2c1,0,c1ccc2sc(SN(C3CCCCC3)C3CCCCC3)nc2c1,c1ccc2sc(SN(C3CCCCC3)C3CCCCC3)nc2c1,murcko,test
7183,CC1=CCC2C(C1)C2(C)C,0,C1=CCC2CC2C1,C1=CCC2CC2C1,murcko,train
7185,NCCCN(CCO)CCO,0,,ACY_*****(***)***,acyclic_anonymous_graph,train
7186,Cc1ccc(C(C)C)cc1O,0,c1ccccc1,c1ccccc1,murcko,train
7189,C=O,1,,ACY_**,acyclic_anonymous_graph,train
7210,COc1ccc(Cl)c(S(N)(=O)=O)c1,1,c1ccccc1,c1ccccc1,murcko,train
7212,CC(=O)N1CSCC1C(=O)O,0,C1CSCN1,C1CSCN1,murcko,train
7214,c1cc(N(CC2CO2)CC2CO2)ccc1OCC1CO1,1,c1cc(N(CC2CO2)CC2CO2)ccc1OCC1CO1,c1cc(N(CC2CO2)CC2CO2)ccc1OCC1CO1,murcko,test
7225,OCCCO,0,,ACY_*****,acyclic_anonymous_graph,train
7226,CCCCC(CC)COC(=O)CCS,0,,ACY_*****(**)***(*)***,acyclic_anonymous_graph,train
7230,C1CCOCOC1,1,C1CCOCOC1,C1CCOCOC1,murcko,train
7231,CCCOCOCCC,0,,ACY_*********,acyclic_anonymous_graph,train
7233,CCC(COCCO)(COCCO)COCCO,0,,ACY_******(**)(*****)*****,acyclic_anonymous_graph,train
7235,C#N,0,,ACY_**,acyclic_anonymous_graph,train
7239,CC1(C)C2CCC1(C)C(O)C2,1,C1CC2CCC1C2,C1CC2CCC1C2,murcko,train
7247,CCO[Si](CCCCl)(OCC)OCC,0,,ACY_*****(***)(***)***,acyclic_anonymous_graph,train
7250,C=CC(=O)OCCOC(=O)CCC(=O)O,1,,ACY_***(*)*****(*)***(*)*,acyclic_anonymous_graph,test
7257,O=C(O)C1CC(O)CN1,0,C1CCNC1,C1CCNC1,murcko,test
7264,C=CC(=O)N1CCOCC1,1,C1COCCN1,C1COCCN1,murcko,train
7267,CC1(C)COCN1,1,C1COCN1,C1COCN1,murcko,train
7269,C=CCCC(=O)Oc1ccccc1,0,c1ccccc1,c1ccccc1,murcko,train
7270,O=[N+]([O-])c1cc(S(=O)(=O)Nc2ccccc2)ccc1Nc1ccccc1,0,O=S(=O)(Nc1ccccc1)c1ccc(Nc2ccccc2)cc1,O=S(=O)(Nc1ccccc1)c1ccc(Nc2ccccc2)cc1,murcko,train
7303,O=C(O)C(=O)O,0,,ACY_**(*)*(*)*,acyclic_anonymous_graph,train
7322,CCC1(CO)COCOC1,0,C1COCOC1,C1COCOC1,murcko,train
7324,CNS(=O)(=O)c1cc(OC)c(N=Nc2c(O)c(C(=O)Nc3ccc4[nH]c(=O)[nH]c4c3)cc3ccccc23)cc1C,0,O=C(Nc1ccc2[nH]c(=O)[nH]c2c1)c1cc(N=Nc2ccccc2)c2ccccc2c1,O=C(Nc1ccc2[nH]c(=O)[nH]c2c1)c1cc(N=Nc2ccccc2)c2ccccc2c1,murcko,test
7347,O=[N+]([O-])c1ccc(N=Nc2c(O)ccc3ccccc23)c(O)c1,0,c1ccc(N=Nc2cccc3ccccc23)cc1,c1ccc(N=Nc2cccc3ccccc23)cc1,murcko,test
7352,CCCCCCCCCCCC(=O)NCCCCC(N)C(=O)O,0,,ACY_************(*)******(*)*(*)*,acyclic_anonymous_graph,train
7353,CCOC(=O)C(C#N)=C(c1ccccc1)c1ccccc1,0,C=C(c1ccccc1)c1ccccc1,C=C(c1ccccc1)c1ccccc1,murcko,train
7370,CCCC1CCC(c2ccc(-c3ccc(-c4cc(F)c(OC(F)(F)F)c(F)c4)c(F)c3)cc2)CC1,0,c1ccc(-c2ccc(-c3ccc(C4CCCCC4)cc3)cc2)cc1,c1ccc(-c2ccc(-c3ccc(C4CCCCC4)cc3)cc2)cc1,murcko,train
7371,CC(C)(COCCCO)COCCCO,0,,ACY_*******(*)(*)******,acyclic_anonymous_graph,test
7374,CC(C)SP(=O)(O)SC(C)C,0,,ACY_**(*)**(*)(*)**(*)*,acyclic_anonymous_graph,test
7393,CC1(C)CC(O)CC(C)(C)N1CCO,0,C1CCNCC1,C1CCNCC1,murcko,train
7395,OCC1OC(OC2C(CO)OC(O)C(O)C2O)C(O)C(O)C1O,0,C1CCC(OC2CCCOC2)OC1,C1CCC(OC2CCCOC2)OC1,murcko,train
7397,O=C(Nc1ccc(NC(=O)c2cc3ccccc3c(N=Nc3cc(Cl)ccc3Cl)c2O)c(Cl)c1)c1cc2ccccc2c(N=Nc2cc(Cl)ccc2Cl)c1O,0,O=C(Nc1ccc(NC(=O)c2cc(N=Nc3ccccc3)c3ccccc3c2)cc1)c1cc(N=Nc2ccccc2)c2ccccc2c1,O=C(Nc1ccc(NC(=O)c2cc(N=Nc3ccccc3)c3ccccc3c2)cc1)c1cc(N=Nc2ccccc2)c2ccccc2c1,murcko,train
7401,CC1(C)CC(OC(=O)CCCCCCCCC(=O)OC2CC(C)(C)NC(C)(C)C2)CC(C)(C)N1,0,O=C(CCCCCCCCC(=O)OC1CCNCC1)OC1CCNCC1,O=C(CCCCCCCCC(=O)OC1CCNCC1)OC1CCNCC1,murcko,train
7402,CC(=O)C(N=Nc1ccc([N+](=O)[O-])cc1)C(=O)Nc1ccc2[nH]c(=O)[nH]c2c1,0,O=C(CN=Nc1ccccc1)Nc1ccc2[nH]c(=O)[nH]c2c1,O=C(CN=Nc1ccccc1)Nc1ccc2[nH]c(=O)[nH]c2c1,murcko,train
7420,CCN1CCNCC1,0,C1CNCCN1,C1CNCCN1,murcko,train
7426,CCCCCCCCCCCCCCOC(=O)OOC(=O)OCCCCCCCCCCCCCC,0,,ACY_****************(*)***(*)***************,acyclic_anonymous_graph,train
7428,O=CC(O)C(O)C(O)CO,0,,ACY_***(*)*(*)*(*)**,acyclic_anonymous_graph,train
7432,O=c1cccccc1O,0,O=c1cccccc1,O=c1cccccc1,murcko,test
7439,CC(C)COP(=S)(S)OCC(C)C,0,,ACY_**(*)***(*)(*)***(*)*,acyclic_anonymous_graph,train
7447,O=S(=O)(O)c1cc(Cl)c(Cl)cc1Cl,0,c1ccccc1,c1ccccc1,murcko,train
7452,CCC(C)(C)O,0,,ACY_***(*)(*)*,acyclic_anonymous_graph,test
7459,CC(=O)CC(=O)Nc1ccc(NC(=O)CC(C)=O)c(Cl)c1,0,c1ccccc1,c1ccccc1,murcko,train
7460,CCCOC(=O)C(C)O,0,,ACY_*****(*)*(*)*,acyclic_anonymous_graph,train
7461,CCOC(=O)c1nn(-c2ccc(OC)cc2)c2c1CCN(c1ccc([N+](=O)[O-])cc1)C2=O,0,O=C1c2c(cnn2-c2ccccc2)CCN1c1ccccc1,O=C1c2c(cnn2-c2ccccc2)CCN1c1ccccc1,murcko,train
7467,C=CC(C)CCCC(C)(C)OC(C)=O,0,,ACY_***(*)****(*)(*)**(*)*,acyclic_anonymous_graph,train
7477,n1n[nH]c(-c2nnn[nH]2)n1,0,n1n[nH]c(-c2nnn[nH]2)n1,n1n[nH]c(-c2nnn[nH]2)n1,murcko,train
7489,CN1CCC[C@H]1c1cccnc1,0,c1cncc([C@@H]2CCCN2)c1,c1cncc([C@@H]2CCCN2)c1,murcko,test
7490,O=C(O)c1ccccc1O,0,c1ccccc1,c1ccccc1,murcko,train
7491,CCCCCCCCCCCCCCCCOC(=O)CCCCCCCCCCCCCCC,0,,ACY_******************(*)***************,acyclic_anonymous_graph,train
7501,COC(=O)C1C(C)C=CCC1(C)C,0,C1=CCCCC1,C1=CCCCC1,murcko,train
7502,CCN(CCOc1ccc(C2CCCCC2)cc1)c1ccc(C=C(C#N)C#N)c(C)c1,0,c1ccc(NCCOc2ccc(C3CCCCC3)cc2)cc1,c1ccc(NCCOc2ccc(C3CCCCC3)cc2)cc1,murcko,train
7511,O=C1CCCCCN1C(=O)Nc1ccc(Cc2ccc(NC(=O)N3CCCCCC3=O)cc2)cc1,0,O=C1CCCCCN1C(=O)Nc1ccc(Cc2ccc(NC(=O)N3CCCCCC3=O)cc2)cc1,O=C1CCCCCN1C(=O)Nc1ccc(Cc2ccc(NC(=O)N3CCCCCC3=O)cc2)cc1,murcko,train
7531,O=C(c1ccc(O)cc1)c1cccc(C(=O)c2ccc(O)cc2)c1,0,O=C(c1ccccc1)c1cccc(C(=O)c2ccccc2)c1,O=C(c1ccccc1)c1cccc(C(=O)c2ccccc2)c1,murcko,test
7535,Cc1ccc(NC(=O)Nc2ccc(C)c(NC(=O)Nc3ccc(C)cc3)c2)cc1,0,O=C(Nc1ccccc1)Nc1cccc(NC(=O)Nc2ccccc2)c1,O=C(Nc1ccccc1)Nc1cccc(NC(=O)Nc2ccccc2)c1,murcko,test
7540,CCCCCCCCCCCCCCCC(=O)NCCO,0,,ACY_****************(*)****,acyclic_anonymous_graph,train
7541,CCCCCC=CCC=CCCCCCCCC(=O)OCC,0,,ACY_******************(*)***,acyclic_anonymous_graph,test
7546,COc1ccc(CC2NCCc3cc(OC)c(OC)cc32)cc1OC,0,c1ccc(CC2NCCc3ccccc32)cc1,c1ccc(CC2NCCc3ccccc32)cc1,murcko,test
7547,CCCCC(CC)COC(=O)c1ccccc1,0,c1ccccc1,c1ccccc1,murcko,train
7554,CCCCCCOC1OC(CO)C(O)C(O)C1O,0,C1CCOCC1,C1CCOCC1,murcko,train
7565,COc1ccc(CC(C)C=O)cc1,0,c1ccccc1,c1ccccc1,murcko,train
7572,O=S(=O)(Nc1ccc(O)cc1)c1ccccc1,0,O=S(=O)(Nc1ccccc1)c1ccccc1,O=S(=O)(Nc1ccccc1)c1ccccc1,murcko,train
7575,CC1(C)NC(=O)NC1=O,0,O=C1CNC(=O)N1,O=C1CNC(=O)N1,murcko,train
7580,CC(C)C=NCC1(C)CC(N=CC(C)C)CC(C)(C)C1,0,C1CCCCC1,C1CCCCC1,murcko,test
7581,Cc1cccc(OCCOc2cccc(C)c2)c1,0,c1ccc(OCCOc2ccccc2)cc1,c1ccc(OCCOc2ccccc2)cc1,murcko,train
7589,CC(C)C1CCC(CO)CC1,0,C1CCCCC1,C1CCCCC1,murcko,test
7591,CC(CCO)CCc1ccccc1,0,c1ccccc1,c1ccccc1,murcko,train
7592,Cc1ccc2nc(-c3ccc(N=NC4C(=O)NC(=NC#N)NC4=O)cc3)sc2c1S(=O)(=O)O,1,N=C1NC(=O)C(N=Nc2ccc(-c3nc4ccccc4s3)cc2)C(=O)N1,N=C1NC(=O)C(N=Nc2ccc(-c3nc4ccccc4s3)cc2)C(=O)N1,murcko,test
7593,CC1(C)SC2C(N)C(=O)N2C1C(=O)O,0,O=C1CC2SCCN12,O=C1CC2SCCN12,murcko,train
7597,CC(C)CCCCCCCCCCOC(=O)CC(C(=O)OCCCCCCCCCCC(C)C)S(=O)(=O)O,0,,ACY_**(*)************(*)**(*(*)************(*)*)*(*)(*)*,acyclic_anonymous_graph,train
7602,CN1C(=O)c2ccc3c4ccc5c6c(ccc(c7ccc(c2c37)C1=O)c64)C(=O)N(C)C5=O,0,O=C1NC(=O)c2ccc3c4ccc5c6c(ccc(c7ccc1c2c73)c64)C(=O)NC5=O,O=C1NC(=O)c2ccc3c4ccc5c6c(ccc(c7ccc1c2c73)c64)C(=O)NC5=O,murcko,test
7608,Cc1ccc(NCCO)cc1O,0,c1ccccc1,c1ccccc1,murcko,train
7611,CN(C)C=CC(=O)c1cccnc1,0,c1ccncc1,c1ccncc1,murcko,test
7613,CCCCCCC(O)CCCCCCCCCCC(=O)NCCCCCCNC(=O)CCCCCCCCCCC(O)CCCCCC,0,,ACY_*******(*)***********(*)*********(*)***********(*)******,acyclic_anonymous_graph,train
7631,CC1=CC(=O)NS(=O)(=O)O1,0,O=C1C=COS(=O)(=O)N1,O=C1C=COS(=O)(=O)N1,murcko,test
7637,N=C(N)N[N+](=O)[O-],0,,ACY_**(*)**(*)*,acyclic_anonymous_graph,train
7645,CC(=O)C(N=Nc1cc(C(=O)Nc2cccc(Cl)c2C)ccc1Cl)C(=O)Nc1cc(Cl)c(NC(=O)C(N=Nc2cc(C(=O)Nc3cccc(Cl)c3C)ccc2Cl)C(C)=O)cc1C,0,O=C(CN=Nc1cccc(C(=O)Nc2ccccc2)c1)Nc1ccc(NC(=O)CN=Nc2cccc(C(=O)Nc3ccccc3)c2)cc1,O=C(CN=Nc1cccc(C(=O)Nc2ccccc2)c1)Nc1ccc(NC(=O)CN=Nc2cccc(C(=O)Nc3ccccc3)c2)cc1,murcko,train
7646,CC(=O)C(N=Nc1cc(C(=O)Nc2cc(Cl)ccc2C)ccc1Cl)C(=O)Nc1cc(Cl)c(NC(=O)C(N=Nc2cc(C(=O)Nc3cc(Cl)ccc3C)ccc2Cl)C(C)=O)cc1Cl,0,O=C(CN=Nc1cccc(C(=O)Nc2ccccc2)c1)Nc1ccc(NC(=O)CN=Nc2cccc(C(=O)Nc3ccccc3)c2)cc1,O=C(CN=Nc1cccc(C(=O)Nc2ccccc2)c1)Nc1ccc(NC(=O)CN=Nc2cccc(C(=O)Nc3ccccc3)c2)cc1,murcko,train
7650,CC(=O)c1ccc(C(=O)O)c(C)c1,0,c1ccccc1,c1ccccc1,murcko,train
7653,Sc1nnc(S)s1,0,c1nncs1,c1nncs1,murcko,test
7673,CNc1ccc(C(O)(c2ccc(N(C)C)cc2)c2ccc(N(C)C)cc2)cc1,0,c1ccc(C(c2ccccc2)c2ccccc2)cc1,c1ccc(C(c2ccccc2)c2ccccc2)cc1,murcko,train
7676,CC(=Cc1ccc(C)cc1)CO,0,c1ccccc1,c1ccccc1,murcko,train
7677,COC1CCCC1,0,C1CCCC1,C1CCCC1,murcko,train
7679,CC1=CCC(O)(C(C)C)CC1,0,C1=CCCCC1,C1=CCCCC1,murcko,train
7687,O=C1CCC(C2CCC3(CC2)OCCO3)CC1,0,O=C1CCC(C2CCC3(CC2)OCCO3)CC1,O=C1CCC(C2CCC3(CC2)OCCO3)CC1,murcko,train
7694,COc1ccc(C(=O)Nc2ccccc2)cc1N=Nc1c(O)c(C(N)=O)cc2ccccc12,0,O=C(Nc1ccccc1)c1cccc(N=Nc2cccc3ccccc23)c1,O=C(Nc1ccccc1)c1cccc(N=Nc2cccc3ccccc23)c1,murcko,test
7695,CC1(C)CCC[C@]2(C)[C@H]3CC(=O)O[C@]3(C)CC[C@@H]12,0,O=C1C[C@H]2C(CC[C@H]3CCCCC32)O1,O=C1C[C@H]2C(CC[C@H]3CCCCC32)O1,murcko,train
7697,CC(C)C(=O)C(C)C,1,,ACY_**(*)*(*)*(*)*,acyclic_anonymous_graph,train
7704,CC(CC(=O)OCC(COC(=O)CC(C)CC(C)(C)C)OC(=O)CC(C)CC(C)(C)C)CC(C)(C)C,0,,ACY_**(***(***(*)**(*)**(*)(*)*)**(*)**(*)**(*)(*)*)**(*)**(*)(*)*,acyclic_anonymous_graph,test
7714,OCCCCCCCCCCCCO,0,,ACY_**************,acyclic_anonymous_graph,test
7721,Oc1cc(Cl)cc(Br)c1,0,c1ccccc1,c1ccccc1,murcko,train
7722,Nc1cc(Cl)ccc1Oc1ccc(Cl)cc1Cl,0,c1ccc(Oc2ccccc2)cc1,c1ccc(Oc2ccccc2)cc1,murcko,test
7724,C=C(C)C(=O)Nc1ccc(S(N)(=O)=O)cc1,0,c1ccccc1,c1ccccc1,murcko,train
7725,CN(CC(=O)O)C(=N)N,0,,ACY_**(*)**(*)*(*)*,acyclic_anonymous_graph,train
7735,C=CC(=O)OCCOC(=O)C1CCCCC1C(=O)O,1,C1CCCCC1,C1CCCCC1,murcko,test
7740,COC(=O)c1ccc2c(c1)C(C)(C)C(=CC=C1C(=O)N(c3ccccc3)N=C1C)N2C,0,O=C1C(=CC=C2Cc3ccccc3N2)C=NN1c1ccccc1,O=C1C(=CC=C2Cc3ccccc3N2)C=NN1c1ccccc1,murcko,train
7742,O=C1C=CC(N(O)O)=CC1=NN=C1C(=O)C=Cc2ccccc21,0,O=C1C=CC=CC1=NN=C1C(=O)C=Cc2ccccc21,O=C1C=CC=CC1=NN=C1C(=O)C=Cc2ccccc21,murcko,train
7746,CC1(C)OCC2OC2CO1,1,C1OCC2OC2CO1,C1OCC2OC2CO1,murcko,train
7748,CC1C(CN)CC2CC1C2(C)C,0,C1CC2CC(C1)C2,C1CC2CC(C1)C2,murcko,test
7755,CCCCC(CC)COC(=O)C[S][Sn]([CH3])([S]CC(=O)OCC(CC)CCCC)[S]CC(=O)OCC(CC)CCCC,0,,ACY_*****(**)***(*)***(*)(***(*)***(**)****)***(*)***(**)****,acyclic_anonymous_graph,test
7758,N#CCN(CC#N)CCN(CC#N)CC#N,0,,ACY_****(***)***(***)***,acyclic_anonymous_graph,train
7760,CCCCC(CC)COC(=O)CC(C(=O)OCC(CC)CCCC)S(=O)(=O)O,0,,ACY_*****(**)***(*)**(*(*)***(**)****)*(*)(*)*,acyclic_anonymous_graph,test
7761,CCCCCCCCCCCCCNc1ccc2ccccc2c1N=Nc1ccc(N=Nc2ccccc2C)cc1C,0,c1ccc(N=Nc2ccc(N=Nc3cccc4ccccc34)cc2)cc1,c1ccc(N=Nc2ccc(N=Nc3cccc4ccccc34)cc2)cc1,murcko,train
7762,CCN(CC)[P+](Cc1ccccc1)(c1ccccc1)c1ccccc1,0,c1ccc(C[PH+](c2ccccc2)c2ccccc2)cc1,c1ccc(C[PH+](c2ccccc2)c2ccccc2)cc1,murcko,train
7763,CC(C)(O)c1ccccc1CCC(SCC1(CC(=O)O)CC1)c1cccc(C=Cc2ccc3ccc(Cl)cc3n2)c1,0,C(=Cc1ccc2ccccc2n1)c1cccc(C(CCc2ccccc2)SCC2CC2)c1,C(=Cc1ccc2ccccc2n1)c1cccc(C(CCc2ccccc2)SCC2CC2)c1,murcko,train
7774,Cc1ncc(CO)c(CO)c1O,0,c1ccncc1,c1ccncc1,murcko,test
7782,CC[Si](ON=C(C)C)(ON=C(C)C)ON=C(C)C,0,,ACY_***(***(*)*)(***(*)*)***(*)*,acyclic_anonymous_graph,train
7783,C=C[Si](ON=C(C)CCC)(ON=C(C)CCC)ON=C(C)CCC,0,,ACY_****(*)***(**)(***(*)***)***(*)***,acyclic_anonymous_graph,train
7789,CC1CCCCC1=O,0,O=C1CCCCC1,O=C1CCCCC1,murcko,test
7792,C=CC(O)C(=O)OC,0,,ACY_***(*)*(*)**,acyclic_anonymous_graph,train
7795,CCC(O)CO,0,,ACY_***(*)**,acyclic_anonymous_graph,test
7800,OCC(O)C(O)C(OC1OC(CO)C(O)C(O)C1O)C(O)CO,1,C1CCOCC1,C1CCOCC1,murcko,train
7805,CCOCOC1CCCCCCCCCCC1,0,C1CCCCCCCCCCC1,C1CCCCCCCCCCC1,murcko,train
7808,C=CCOC(Cn1ccnc1)c1ccc(Cl)cc1Cl,0,c1ccc(CCn2ccnc2)cc1,c1ccc(CCn2ccnc2)cc1,murcko,train
7819,C=CC(=O)OC1CC2CCC1(C)C2(C)C,0,C1CC2CCC1C2,C1CC2CCC1C2,murcko,train
7822,O=C(Nc1ccc(Cc2ccc(NC(=O)NC3CCCCC3)cc2)cc1)NC1CCCCC1,0,O=C(Nc1ccc(Cc2ccc(NC(=O)NC3CCCCC3)cc2)cc1)NC1CCCCC1,O=C(Nc1ccc(Cc2ccc(NC(=O)NC3CCCCC3)cc2)cc1)NC1CCCCC1,murcko,train
7824,CC1CCC(=O)CC1,0,O=C1CCCCC1,O=C1CCCCC1,murcko,test
7831,CC(C)CCCCCCCCCCCCCCCOC(=O)C(C)(C)C,0,,ACY_**(*)*****************(*)*(*)(*)*,acyclic_anonymous_graph,train
7834,O=C(O)c1cccnc1,0,c1ccncc1,c1ccncc1,murcko,test
7835,CCCCOC(=O)CC,0,,ACY_******(*)**,acyclic_anonymous_graph,train
7836,C=C=CC,0,,ACY_****,acyclic_anonymous_graph,train
7837,N#CO,0,,ACY_***,acyclic_anonymous_graph,train
7839,C[N+](C)(C)CC(=O)O,0,,ACY_**(*)**(*)(*)*,acyclic_anonymous_graph,train
7847,OCC(O)COCC(O)CO,0,,ACY_***(*)****(*)**,acyclic_anonymous_graph,train
7854,C=C(C)C(=O)OCC(O)CO,0,,ACY_***(*)***(*)*(*)*,acyclic_anonymous_graph,train
7855,CCCCOC(=O)Cl,0,,ACY_******(*)*,acyclic_anonymous_graph,train
7860,CC(CCOC(=O)CC(C)CC(C)(C)C)CC(C)(C)C,0,,ACY_**(****(*)**(*)(*)*)**(*)**(*)(*)*,acyclic_anonymous_graph,train
7861,CCCCCCCCC=CCCCCCCCC(=O)OCCCCCCCC(C)C,0,,ACY_******************(*)*********(*)*,acyclic_anonymous_graph,train
7862,CC(C)CCCCCCCOC(=O)CC(C)CC(C)(C)C,0,,ACY_**(*)*********(*)**(*)**(*)(*)*,acyclic_anonymous_graph,test
7863,CC(C)CCCCCCCCCCOC(=O)CC(C)CC(C)(C)C,0,,ACY_**(*)************(*)**(*)**(*)(*)*,acyclic_anonymous_graph,train
7867,N=C(N)N,0,,ACY_**(*)*,acyclic_anonymous_graph,train
7871,CCCC1CCOC(C)S1,0,C1COCSC1,C1COCSC1,murcko,train
7877,CC(C)(c1ccc(OP(=O)(Oc2ccccc2)Oc2ccccc2)cc1)c1ccc(OP(=O)(Oc2ccccc2)Oc2ccccc2)cc1,0,O=P(Oc1ccccc1)(Oc1ccccc1)Oc1ccc(Cc2ccc(OP(=O)(Oc3ccccc3)Oc3ccccc3)cc2)cc1,O=P(Oc1ccccc1)(Oc1ccccc1)Oc1ccc(Cc2ccc(OP(=O)(Oc3ccccc3)Oc3ccccc3)cc2)cc1,murcko,train
7882,CCCCCCCCC(=O)OCC(CC)CCCC,0,,ACY_*********(*)***(**)****,acyclic_anonymous_graph,train
7886,S=P(Oc1ccccc1)(Oc1ccccc1)Oc1ccccc1,0,S=P(Oc1ccccc1)(Oc1ccccc1)Oc1ccccc1,S=P(Oc1ccccc1)(Oc1ccccc1)Oc1ccccc1,murcko,train
7891,Cc1ccc(C=O)cc1C,0,c1ccccc1,c1ccccc1,murcko,train
7908,Nc1cccc(S(=O)(=O)c2cccc(N)c2)c1,1,O=S(=O)(c1ccccc1)c1ccccc1,O=S(=O)(c1ccccc1)c1ccccc1,murcko,train
7915,OCCc1ccccc1,0,c1ccccc1,c1ccccc1,murcko,train
7933,CCCC1COC(Cn2cncn2)(c2ccc(Cl)cc2Cl)O1,0,c1ccc(C2(Cn3cncn3)OCCO2)cc1,c1ccc(C2(Cn3cncn3)OCCO2)cc1,murcko,train
7934,CC(C)CCCCCCCOC(=O)C(C)(C)C,0,,ACY_**(*)*********(*)*(*)(*)*,acyclic_anonymous_graph,train
7939,CCCCCCCCCCCCCCCCCCCCCC(=O)NCCCN(C)C,0,,ACY_**********************(*)*****(*)*,acyclic_anonymous_graph,train
7946,CCCCCCCCCCCC(=O)NC(CCCN=C(N)N)C(=O)OCC,0,,ACY_************(*)**(*****(*)*)*(*)***,acyclic_anonymous_graph,train
7962,COc1ccc(S(=O)(=O)CCOS(=O)(=O)O)cc1N=Nc1c(S(=O)(=O)O)cc2c(N=Nc3ccc(S(=O)(=O)CCOS(=O)(=O)O)cc3S(=O)(=O)O)c(NCS(=O)(=O)O)ccc2c1O,1,c1ccc(N=Nc2ccc3c(N=Nc4ccccc4)cccc3c2)cc1,c1ccc(N=Nc2ccc3c(N=Nc4ccccc4)cccc3c2)cc1,murcko,train
7984,N#Cc1ccccc1O,0,c1ccccc1,c1ccccc1,murcko,train
7988,CN(C(=O)N(C)c1ccccc1)c1ccccc1,0,O=C(Nc1ccccc1)Nc1ccccc1,O=C(Nc1ccccc1)Nc1ccccc1,murcko,train
7998,c1ccc(COc2ccc3ccccc3c2)cc1,0,c1ccc(COc2ccc3ccccc3c2)cc1,c1ccc(COc2ccc3ccccc3c2)cc1,murcko,train
8000,CCCCCCCCCCCC(=O)OCC(C)(C)C=NCCCCCCN=CC(C)(C)COC(=O)CCCCCCCCCCC,0,,ACY_************(*)***(*)(*)***********(*)(*)***(*)***********,acyclic_anonymous_graph,train
8017,CSC(C)(C)SC,0,,ACY_***(*)(*)**,acyclic_anonymous_graph,train
8019,CC(C)COC(=O)C(C)O,0,,ACY_**(*)***(*)*(*)*,acyclic_anonymous_graph,train
8028,C[Si]1O[Si](C)O[Si](C)O[Si](C)O[Si](C)O1,0,O1[SiH]O[SiH]O[SiH]O[SiH]O[SiH]1,O1[SiH]O[SiH]O[SiH]O[SiH]O[SiH]1,murcko,test
8032,COC1OC(CO)C(O)C(O)C1O,0,C1CCOCC1,C1CCOCC1,murcko,train
8035,C=C(CC(=O)OC)C(=O)OC,1,,ACY_***(*)**(*)*(*)**,acyclic_anonymous_graph,train
8036,CC(CCC(=O)O)C(=O)O,0,,ACY_**(*)***(*)*(*)*,acyclic_anonymous_graph,train
8037,COCCCCC(=O)c1ccc(C(F)(F)F)cc1,0,c1ccccc1,c1ccccc1,murcko,train
8080,CCC(C)=CCCC(C)=CC#N,0,,ACY_****(*)****(*)**,acyclic_anonymous_graph,train
8088,N#CC(O)c1cccc(Oc2ccccc2)c1,0,c1ccc(Oc2ccccc2)cc1,c1ccc(Oc2ccccc2)cc1,murcko,test
8090,O=[N+]([O-])c1ccc(Nc2ccc(O)cc2)c([N+](=O)[O-])c1,0,c1ccc(Nc2ccccc2)cc1,c1ccc(Nc2ccccc2)cc1,murcko,train
8097,CCCCC(CC)COC(=O)C(C#N)=C(c1ccccc1)c1ccccc1,0,C=C(c1ccccc1)c1ccccc1,C=C(c1ccccc1)c1ccccc1,murcko,train
8100,CCOc1ccc(NC(C)=O)cc1,0,c1ccccc1,c1ccccc1,murcko,train
8104,CCCCCCC(=O)OCC(COC(=O)CCCCCC)OC(=O)CCCCCC,0,,ACY_*******(*)***(***(*)******)**(*)******,acyclic_anonymous_graph,test
8106,O=C(O)C(F)(OC(F)(F)C(F)(F)C(F)(F)F)C(F)(F)F,0,,ACY_**(*)*(*)(**(*)(*)*(*)(*)*(*)(*)*)*(*)(*)*,acyclic_anonymous_graph,train
8133,CCCC(C)=NO,0,,ACY_****(*)**,acyclic_anonymous_graph,train
8134,CCOC(=O)OC,0,,ACY_****(*)**,acyclic_anonymous_graph,train
8141,CCCCCCCCCCCCCCCCCCOCCOP(=O)(O)O,0,,ACY_***********************(*)(*)*,acyclic_anonymous_graph,train
8142,CCCCCCCCCCCCCCCC(=O)OCCOC(=O)CCCCCCCCCCCCCCC,0,,ACY_****************(*)*****(*)***************,acyclic_anonymous_graph,train
8145,CCCCCOC(=O)CC,0,,ACY_*******(*)**,acyclic_anonymous_graph,train
8159,CCNc1cc(C#N)c(N)c2c1C(=O)c1ccccc1C2=O,0,O=C1c2ccccc2C(=O)c2ccccc21,O=C1c2ccccc2C(=O)c2ccccc21,murcko,train
8167,O=S(=O)(O)c1ccc2c(N=Nc3ccc(N=Nc4ccc(Nc5ccccc5)c(S(=O)(=O)O)c4)c4ccccc34)c(O)ccc2c1,1,c1ccc(Nc2ccc(N=Nc3ccc(N=Nc4cccc5ccccc45)c4ccccc34)cc2)cc1,c1ccc(Nc2ccc(N=Nc3ccc(N=Nc4cccc5ccccc45)c4ccccc34)cc2)cc1,murcko,train
8169,CCCCCCCCCCCCCCCCCC(=O)OCCOC(=O)CCCCCCCCCCCCCCCCC,0,,ACY_******************(*)*****(*)*****************,acyclic_anonymous_graph,train
8172,CCOCCOC(=O)OCC,0,,ACY_*******(*)***,acyclic_anonymous_graph,train
8183,CC(C)(CS(=O)(=O)O)NC(=O)CCSCCC(F)(F)C(F)(F)C(F)(F)C(F)(F)C(F)(F)C(F)(F)F,0,,ACY_**(******(*)(*)*(*)(*)*(*)(*)*(*)(*)*(*)(*)*(*)(*)*)**(*)(*)**(*)(*)*,acyclic_anonymous_graph,train
8188,OCCCCCCO,0,,ACY_********,acyclic_anonymous_graph,train
8192,CCCCCCCCCCCCCCCCOC(C)=O,0,,ACY_******************(*)*,acyclic_anonymous_graph,train
8197,CCCCCCCCCCCCCCCCCCCCCC,0,,ACY_**********************,acyclic_anonymous_graph,train
8201,CC(C)(C)C(NC(=O)OCc1ccccc1)C(=O)O,0,c1ccccc1,c1ccccc1,murcko,train
8209,C=C(C)C(=O)NCCC[N+](C)(C)CC(=O)NCCC[N+](C)(C)CC(O)C[N+](C)(C)C,0,,ACY_**(*****(*)(*)**(*)**(*)(*)*)**(*)(*)*****(*)*(*)*,acyclic_anonymous_graph,train
8210,O=PO,0,,ACY_***,acyclic_anonymous_graph,train
8212,CCCCCCCCCCCC(=O)OCCC(C)C,0,,ACY_************(*)****(*)*,acyclic_anonymous_graph,train
8230,O=C(CCCCC(=O)N(CCO)CCO)N(CCO)CCO,0,,ACY_****(***)*(*)*****(*)*(***)***,acyclic_anonymous_graph,train
8241,C=C(C)C(=O)O,1,,ACY_**(*)*(*)*,acyclic_anonymous_graph,train
8256,CCOC(=O)C1=NN(c2ccccc2)C(=O)C1N=Nc1ccc(-c2ccc(N=NC3C(=O)N(c4ccccc4)N=C3C(=O)OCC)c(Cl)c2)cc1Cl,0,O=C1C(N=Nc2ccc(-c3ccc(N=NC4C=NN(c5ccccc5)C4=O)cc3)cc2)C=NN1c1ccccc1,O=C1C(N=Nc2ccc(-c3ccc(N=NC4C=NN(c5ccccc5)C4=O)cc3)cc2)C=NN1c1ccccc1,murcko,train
8263,O=C(O)c1cc(C(=O)O)cc(S(=O)(=O)O)c1,1,c1ccccc1,c1ccccc1,murcko,train
8278,CC=Cc1ccc(OC)c(OC)c1,1,c1ccccc1,c1ccccc1,murcko,train
8286,COC(=O)CCc1cc(C(C)(C)C)c(O)c(C(C)(C)C)c1,0,c1ccccc1,c1ccccc1,murcko,train
8299,CCCCCCCCC=CCCCCCCCCO[P+](=O)OCCCCCCCCC=CCCCCCCCC,0,,ACY_********************(*)*******************,acyclic_anonymous_graph,train
8306,Nc1c(Oc2ccccc2)c(Oc2ccccc2)c(N)c2c1C(=O)c1ccccc1C2=O,0,O=C1c2ccccc2C(=O)c2cc(Oc3ccccc3)c(Oc3ccccc3)cc21,O=C1c2ccccc2C(=O)c2cc(Oc3ccccc3)c(Oc3ccccc3)cc21,murcko,train
8311,CCOC(=O)CC1(C)OCCO1,0,C1COCO1,C1COCO1,murcko,train
8320,Cc1ccc(N2C(=O)C=CC2=O)cc1N1C(=O)C=CC1=O,0,O=C1C=CC(=O)N1c1cccc(N2C(=O)C=CC2=O)c1,O=C1C=CC(=O)N1c1cccc(N2C(=O)C=CC2=O)c1,murcko,train
8325,CCCCCCCC(=O)NCCN(CCO)CCC(=O)O,0,,ACY_********(*)****(***)***(*)*,acyclic_anonymous_graph,train
8330,CCN(CC)c1ccc(C=CC2=[N+](C)c3ccccc3C2(C)C)cc1,0,C(=Cc1ccccc1)C1=[NH+]c2ccccc2C1,C(=Cc1ccccc1)C1=[NH+]c2ccccc2C1,murcko,train
8352,NCCCCCCCCCCN,1,,ACY_************,acyclic_anonymous_graph,test
8353,O=C1C=C(N(O)O)C=CC1=NN=C1C(=O)C=Cc2ccccc21,0,O=C1C=CC=CC1=NN=C1C(=O)C=Cc2ccccc21,O=C1C=CC=CC1=NN=C1C(=O)C=Cc2ccccc21,murcko,train
8354,O=C(NC(=O)c1ccccc1Cl)Nc1ccc(OC(F)(F)F)cc1,0,O=C(NC(=O)c1ccccc1)Nc1ccccc1,O=C(NC(=O)c1ccccc1)Nc1ccccc1,murcko,train
8470,CC1C(C)(C)C2CCCC3OC(C)(C)CC32C1(C)C,0,C1CC2CCCC23CCOC3C1,C1CC2CCCC23CCOC3C1,murcko,train
8475,CC(=O)C(N=Nc1ccc(Cl)cc1[N+](=O)[O-])C(=O)Nc1ccccc1Cl,0,O=C(CN=Nc1ccccc1)Nc1ccccc1,O=C(CN=Nc1ccccc1)Nc1ccccc1,murcko,train
8479,CN1CCCC1c1cccnc1,0,c1cncc(C2CCCN2)c1,c1cncc(C2CCCN2)c1,murcko,train
8480,NC(=O)c1ccccc1O,1,c1ccccc1,c1ccccc1,murcko,train
8482,Cc1ccc2nc(-c3ccc(N=NC4C(=O)NC(=O)NC4=O)cc3)sc2c1S(=O)(=O)O,0,O=C1NC(=O)C(N=Nc2ccc(-c3nc4ccccc4s3)cc2)C(=O)N1,O=C1NC(=O)C(N=Nc2ccc(-c3nc4ccccc4s3)cc2)C(=O)N1,murcko,train
8501,CC1=NN(c2cccc(S(=O)(=O)O)c2)C(=O)C1N=Nc1cc(Cl)c(Cl)cc1S(=O)(=O)O,1,O=C1C(N=Nc2ccccc2)C=NN1c1ccccc1,O=C1C(N=Nc2ccccc2)C=NN1c1ccccc1,murcko,train
8504,COc1ccc(N=NC(C(C)=O)C(=O)Nc2ccccc2OC)c([N+](=O)[O-])c1,0,O=C(CN=Nc1ccccc1)Nc1ccccc1,O=C(CN=Nc1ccccc1)Nc1ccccc1,murcko,train
8506,Cc1ccccc1NC(=O)c1cc2ccccc2c(N=Nc2cc(Cl)c(Cl)cc2Cl)c1O,0,O=C(Nc1ccccc1)c1cc(N=Nc2ccccc2)c2ccccc2c1,O=C(Nc1ccccc1)c1cc(N=Nc2ccccc2)c2ccccc2c1,murcko,train
8512,CC1=CCCC2(C)C(OC=O)C(C)CCC12C,0,C1=CC2CCCCC2CC1,C1=CC2CCCCC2CC1,murcko,train
8513,CCC=CCCOC(=O)c1ccccc1O,0,c1ccccc1,c1ccccc1,murcko,train
8515,CCCCCC1(C)CCC(C)(C)C1=O,0,O=C1CCCC1,O=C1CCCC1,murcko,train
8521,Cc1ccc(S(=O)(=O)O)cc1,0,c1ccccc1,c1ccccc1,murcko,train
8524,NCC(=O)NC(Cc1ccc(O)cc1)C(=O)O,0,c1ccccc1,c1ccccc1,murcko,train
8525,CCC(COC(=O)CC(C)CC(C)(C)C)(COC(=O)CC(C)CC(C)(C)C)COC(=O)CC(C)CC(C)(C)C,0,,ACY_***(***(*)**(*)**(*)(*)*)(***(*)**(*)**(*)(*)*)***(*)**(*)**(*)(*)*,acyclic_anonymous_graph,train
8526,CC(CC(=O)OCC(COCC(COC(=O)CC(C)CC(C)(C)C)(COC(=O)CC(C)CC(C)(C)C)COC(=O)CC(C)CC(C)(C)C)(COC(=O)CC(C)CC(C)(C)C)COC(=O)CC(C)CC(C)(C)C)CC(C)(C)C,0,,ACY_**(***(****(***(*)**(*)**(*)(*)*)(***(*)**(*)**(*)(*)*)***(*)**(*)**(*)(*)*)(***(*)**(*)**(*)(*)*)***(*)**(*)**(*)(*)*)**(*)**(*)(*)*,acyclic_anonymous_graph,test
8530,CC(C)CCOC(=O)CC(C)C,0,,ACY_**(*)****(*)**(*)*,acyclic_anonymous_graph,train
8555,CCCCCC=O,0,,ACY_*******,acyclic_anonymous_graph,train
8558,C1CNCCN1,0,C1CNCCN1,C1CNCCN1,murcko,train
8559,C=C(C)C(=O)OCCCCCCOC(=O)C(=C)C,1,,ACY_**(*)*(*)*********(*)*(*)*,acyclic_anonymous_graph,train
8573,CCCCCCCCCCCCCCCCCCCCCCO,0,,ACY_***********************,acyclic_anonymous_graph,train
8575,Cc1cc(C)cc(C(=O)Cl)c1,0,c1ccccc1,c1ccccc1,murcko,train
8578,O=C1OC(C(O)CO)C(O)=C1OP(=O)(O)O,0,O=C1C=CCO1,O=C1C=CCO1,murcko,train
8579,CC1CN(CN2COC(C)C2)CO1,1,C1CN(CN2CCOC2)CO1,C1CN(CN2CCOC2)CO1,murcko,test
8581,Nc1nc(N)nc(NC2CC2)n1,0,c1ncnc(NC2CC2)n1,c1ncnc(NC2CC2)n1,murcko,train
8598,CC(C)CCCCCCCCCCCCCCC(=O)O,0,,ACY_**(*)***************(*)*,acyclic_anonymous_graph,test
8603,CC(C)Cc1ccc(CC(C)C=O)cc1,0,c1ccccc1,c1ccccc1,murcko,train
8609,CCOCCCNC(=O)C(O)C(C)(C)CO,0,,ACY_********(*)*(*)*(*)(*)**,acyclic_anonymous_graph,train
8610,FC(F)(F)C=CC(F)(F)F,0,,ACY_**(*)(*)***(*)(*)*,acyclic_anonymous_graph,train
8623,Cc1cc(C)[nH]n1,0,c1cn[nH]c1,c1cn[nH]c1,murcko,test
8639,O=C1c2ccc3c4ccc5c6c(ccc(c7ccc(c2c37)C(=O)N1CCc1ccccc1)c64)C(=O)N(CCc1ccccc1)C5=O,0,O=C1c2ccc3c4ccc5c6c(ccc(c7ccc(c2c37)C(=O)N1CCc1ccccc1)c64)C(=O)N(CCc1ccccc1)C5=O,O=C1c2ccc3c4ccc5c6c(ccc(c7ccc(c2c37)C(=O)N1CCc1ccccc1)c64)C(=O)N(CCc1ccccc1)C5=O,murcko,train
8641,CN(C)CCCNCCCN(C)C,0,,ACY_**(*)********(*)*,acyclic_anonymous_graph,test
8642,CC(O)CN(CCO)CCO,0,,ACY_****(***)**(*)*,acyclic_anonymous_graph,train
8649,CCOc1ccc(Nc2ccc(S(=O)(=O)N(C)C)cc2[N+](=O)[O-])cc1,0,c1ccc(Nc2ccccc2)cc1,c1ccc(Nc2ccccc2)cc1,murcko,train
8658,C[Si](Cl)(Cl)CCC(F)(F)F,0,,ACY_**(*)(*)***(*)(*)*,acyclic_anonymous_graph,train
8660,CC(Cc1ccc(C(C)(C)C)cc1)CN1CC(C)OC(C)C1,0,c1ccc(CCCN2CCOCC2)cc1,c1ccc(CCCN2CCOCC2)cc1,murcko,test
8670,CC(=CC(C)C)C(C)OC(C)(C)COC(=O)C1CC1,0,C1CC1,C1CC1,murcko,train
8671,CCCCOCCOS(=O)(=O)O,0,,ACY_*********(*)(*)*,acyclic_anonymous_graph,train
8674,COC(OC)C(C)(C)CC=C(C)C,0,,ACY_***(**)*(*)(*)***(*)*,acyclic_anonymous_graph,train
8717,CCCCCCCCCCCCCCCCCC(=O)OCC[N+](C)(C)CCOC(=O)CCCCCCCCCCCCCCCCC,0,,ACY_******************(*)****(*)(*)****(*)*****************,acyclic_anonymous_graph,train
8722,COC1(C)CCC23CC1C(C)(C)C2CCC3C,0,C1CC2CC3CCCC3(C1)C2,C1CC2CC3CCCC3(C1)C2,murcko,train
8728,CC(=O)Nc1ccc(Nc2ccc(O)c3c2C(=O)c2ccccc2C3=O)cc1,0,O=C1c2ccccc2C(=O)c2c(Nc3ccccc3)cccc21,O=C1c2ccccc2C(=O)c2c(Nc3ccccc3)cccc21,murcko,train
8742,O=C(O)CS,0,,ACY_***(*)*,acyclic_anonymous_graph,test
8747,CC(=O)C1(O)CCC2C3CCC4=CC(=O)CCC4(C)C3CCC21C,0,O=C1C=C2CCC3C4CCCC4CCC3C2CC1,O=C1C=C2CCC3C4CCCC4CCC3C2CC1,murcko,test
8780,CC1(C)C(C=C(Cl)C(F)(F)F)C1C(=O)O,0,C1CC1,C1CC1,murcko,train
8804,CC(=O)C(N=Nc1ccccc1C(F)(F)F)C(=O)Nc1ccc2[nH]c(=O)[nH]c2c1,0,O=C(CN=Nc1ccccc1)Nc1ccc2[nH]c(=O)[nH]c2c1,O=C(CN=Nc1ccccc1)Nc1ccc2[nH]c(=O)[nH]c2c1,murcko,train
8822,O=[N+]([O-])c1ccc(N=Nc2cc(N=Nc3cc(S(=O)(=O)O)cc4cc(S(=O)(=O)O)c(N=Nc5cc([N+](=O)[O-])cc([N+](=O)[O-])c5O)c(O)c34)c(O)cc2O)cc1,0,c1ccc(N=Nc2cccc(N=Nc3cccc4ccc(N=Nc5ccccc5)cc34)c2)cc1,c1ccc(N=Nc2cccc(N=Nc3cccc4ccc(N=Nc5ccccc5)cc34)c2)cc1,murcko,train
8823,CC(C)CCCCCCCCCCCCCCC(=O)OC(C)C,0,,ACY_**(*)***************(*)**(*)*,acyclic_anonymous_graph,train
8861,O=S(=O)(O)c1ccc(N=Nc2ccc(N=Nc3c(S(=O)(=O)O)cc4cc(Nc5nc(NCCO)nc(NCCO)n5)ccc4c3O)cc2)cc1,0,c1ccc(N=Nc2ccc(N=Nc3ccc4cc(Nc5ncncn5)ccc4c3)cc2)cc1,c1ccc(N=Nc2ccc(N=Nc3ccc4cc(Nc5ncncn5)ccc4c3)cc2)cc1,murcko,train
8863,O=S(=O)(O)c1cc(Nc2nc(Cl)nc(Nc3ccc(Nc4nc(Cl)nc(Nc5cc(S(=O)(=O)O)cc6cc(S(=O)(=O)O)c(N=Nc7ccccc7S(=O)(=O)O)c(O)c56)n4)cc3)n2)c2c(O)c(N=Nc3ccccc3S(=O)(=O)O)c(S(=O)(=O)O)cc2c1,0,c1ccc(N=Nc2ccc3cccc(Nc4ncnc(Nc5ccc(Nc6ncnc(Nc7cccc8ccc(N=Nc9ccccc9)cc78)n6)cc5)n4)c3c2)cc1,c1ccc(N=Nc2ccc3cccc(Nc4ncnc(Nc5ccc(Nc6ncnc(Nc7cccc8ccc(N=Nc9ccccc9)cc78)n6)cc5)n4)c3c2)cc1,murcko,train
8865,O=C(O)CSSCC(=O)O,0,,ACY_**(*)*****(*)*,acyclic_anonymous_graph,train
8867,CCCCC(CC)COC(=O)Nc1ccc(C)c(NC(=O)OCCN(C)C)c1,0,c1ccccc1,c1ccccc1,murcko,train
8871,Nc1nc(Cl)nc(Nc2ccc(S(=O)(=O)O)c(N=Nc3c(S(=O)(=O)O)cc4cc(S(=O)(=O)O)c(N=Nc5cc(S(=O)(=O)O)ccc5S(=O)(=O)O)c(N)c4c3O)c2)n1,0,c1ccc(N=Nc2ccc3ccc(N=Nc4cccc(Nc5ncncn5)c4)cc3c2)cc1,c1ccc(N=Nc2ccc3ccc(N=Nc4cccc(Nc5ncncn5)c4)cc3c2)cc1,murcko,train
8876,CNS(=O)(=O)C(F)(F)C(F)(F)C(F)(F)C(F)(F)F,0,,ACY_***(*)(*)*(*)(*)*(*)(*)*(*)(*)*(*)(*)*,acyclic_anonymous_graph,test
8904,CCCCCCCCCCCCCC[N+](C)(C)CCCCCCCCCCCCCC,0,,ACY_***************(*)(*)**************,acyclic_anonymous_graph,train
8934,CCCCOC(=O)CC(SP(=S)(OCCC)OCCC)C(=O)OCCCC,0,,ACY_******(*)**(**(*)(****)****)*(*)*****,acyclic_anonymous_graph,train
8935,CCCCOC(=O)CC(SP(=S)(OCC(CC)CCCC)OCC(CC)CCCC)C(=O)OCCCC,0,,ACY_******(*)**(**(*)(***(**)****)***(**)****)*(*)*****,acyclic_anonymous_graph,train
8978,CC(C)C(=O)OCC(C)(C)C(OC(=O)C(C)C)C(C)C,0,,ACY_**(*)*(*)***(*)(*)*(**(*)*(*)*)*(*)*,acyclic_anonymous_graph,train
9071,CCCCCCCCC=CCCCCCCCC1=NCCN1CCO,0,C1=NCCN1,C1=NCCN1,murcko,train
9145,CC1CC(CC2CCC(N)C(C)C2)CCC1N,0,C1CCC(CC2CCCCC2)CC1,C1CCC(CC2CCCCC2)CC1,murcko,test
9188,Nc1ccc(N=Nc2ccc(N=Nc3c(S(=O)(=O)O)cc4cc(S(=O)(=O)O)c(N=Nc5ccccc5)c(O)c4c3N)cc2)c(N)c1,0,c1ccc(N=Nc2ccc(N=Nc3ccc4ccc(N=Nc5ccccc5)cc4c3)cc2)cc1,c1ccc(N=Nc2ccc(N=Nc3ccc4ccc(N=Nc5ccccc5)cc4c3)cc2)cc1,murcko,train
9193,CCCCCCCC(=O)CC(=O)c1ccccc1,0,c1ccccc1,c1ccccc1,murcko,train
9195,CC(=CCCC=O)CCCC(C)C,0,,ACY_******(*)****(*)*,acyclic_anonymous_graph,train
9197,C=CCOC(=O)COC1CCCCC1,0,C1CCCCC1,C1CCCCC1,murcko,test
9215,CCC(=O)OC1CC2CC1C1CC=CC21,0,C1=CC2C3CCC(C3)C2C1,C1=CC2C3CCC(C3)C2C1,murcko,test
9228,CCN(Cc1cccc(S(=O)(=O)[O-])c1)c1ccc(C(=C2C=CC(=[N+](CC)Cc3cccc(S(=O)(=O)O)c3)C=C2)c2ccccc2S(=O)(=O)O)cc1,0,C1=CC(=C(c2ccccc2)c2ccc(NCc3ccccc3)cc2)C=CC1=[NH+]Cc1ccccc1,C1=CC(=C(c2ccccc2)c2ccc(NCc3ccccc3)cc2)C=CC1=[NH+]Cc1ccccc1,murcko,train
9268,CCCCC(CC)COP(=S)(S)OCC(CC)CCCC,0,,ACY_*****(**)***(*)(*)***(**)****,acyclic_anonymous_graph,train
9271,O=S(=O)(O)c1ccc(S(=O)(=O)O)c(Nc2nc(Nc3ccc(C=Cc4ccc(Nc5nc(Nc6cc(S(=O)(=O)O)ccc6S(=O)(=O)O)nc(N(CCO)CCO)n5)cc4S(=O)(=O)O)c(S(=O)(=O)O)c3)nc(N(CCO)CCO)n2)c1,0,C(=Cc1ccc(Nc2ncnc(Nc3ccccc3)n2)cc1)c1ccc(Nc2ncnc(Nc3ccccc3)n2)cc1,C(=Cc1ccc(Nc2ncnc(Nc3ccccc3)n2)cc1)c1ccc(Nc2ncnc(Nc3ccccc3)n2)cc1,murcko,train
9272,CCCCCCCCCCCCCCCCCCOP(=O)(O)O,0,,ACY_********************(*)(*)*,acyclic_anonymous_graph,test
9306,COC(=O)COc1nc(F)c(Cl)c(N)c1Cl,0,c1ccncc1,c1ccncc1,murcko,test
9313,O=C1c2ccccc2C2=Nc3cccc4cccc(c34)N12,0,O=C1c2ccccc2C2=Nc3cccc4cccc(c34)N12,O=C1c2ccccc2C2=Nc3cccc4cccc(c34)N12,murcko,train
9316,CCCCCCCCCCCCCCCCCCOC(=O)CCSCCC(=O)OCCCCCCCCCCCCCCCCCC,0,,ACY_********************(*)******(*)*******************,acyclic_anonymous_graph,train
9323,NC1CCCCC1N,0,C1CCCCC1,C1CCCCC1,murcko,test
9328,CCC1CCC(=O)O1,0,O=C1CCCO1,O=C1CCCO1,murcko,test
9335,C=CC(=O)OCC1COC(C)(CC)O1,1,C1COCO1,C1COCO1,murcko,train
9337,O=C(CCc1ccc(O)cc1)Nc1ccccc1C(=O)O,1,O=C(CCc1ccccc1)Nc1ccccc1,O=C(CCc1ccccc1)Nc1ccccc1,murcko,train
9338,OCCN(CCO)C(CO)(CO)CO,0,,ACY_****(***)*(**)(**)**,acyclic_anonymous_graph,train
9346,O=C(NC(C(=O)O)C1CCCCC1)OCc1ccccc1,0,O=C(NCC1CCCCC1)OCc1ccccc1,O=C(NCC1CCCCC1)OCc1ccccc1,murcko,train
9348,O=C(Nc1ccc2[nH]c(=O)[nH]c2c1)c1cc2ccccc2c(N=Nc2cc(Cl)ccc2Cl)c1O,0,O=C(Nc1ccc2[nH]c(=O)[nH]c2c1)c1cc(N=Nc2ccccc2)c2ccccc2c1,O=C(Nc1ccc2[nH]c(=O)[nH]c2c1)c1cc(N=Nc2ccccc2)c2ccccc2c1,murcko,test
9355,CN(C)C(C)(C)CO,0,,ACY_***(*)(*)*(*)*,acyclic_anonymous_graph,train
9357,FC(F)=C(F)OC(F)(F)OC(F)(F)F,0,,ACY_**(*)*(*)**(*)(*)**(*)(*)*,acyclic_anonymous_graph,train
9372,C=C(Br)C(=O)Nc1ccc(N=Nc2c(NC)ccc3cc(S(=O)(=O)O)cc(O)c23)c(S(=O)(=O)O)c1,1,c1ccc(N=Nc2cccc3ccccc23)cc1,c1ccc(N=Nc2cccc3ccccc23)cc1,murcko,test
9373,C=C(Br)C(=O)Nc1ccc(N=Nc2c(N)ccc3cc(S(=O)(=O)O)cc(O)c23)c(S(=O)(=O)O)c1,1,c1ccc(N=Nc2cccc3ccccc23)cc1,c1ccc(N=Nc2cccc3ccccc23)cc1,murcko,test
9382,C=C(Br)C(=O)Nc1ccc(S(=O)(=O)O)c(N=NC2C(=O)N(c3cc(Cl)c(S(=O)(=O)O)cc3Cl)N=C2C)c1,0,O=C1C(N=Nc2ccccc2)C=NN1c1ccccc1,O=C1C(N=Nc2ccccc2)C=NN1c1ccccc1,murcko,train
9384,ClCc1ccc(Cl)nc1,1,c1ccncc1,c1ccncc1,murcko,test
9394,CCCCCC1CCCC(=O)O1,0,O=C1CCCCO1,O=C1CCCCO1,murcko,test
9401,CC(=O)Nc1cccc(Nc2cc(S(=O)(=O)O)c(N)c3c2C(=O)c2ccccc2C3=O)c1,0,O=C1c2ccccc2C(=O)c2c(Nc3ccccc3)cccc21,O=C1c2ccccc2C(=O)c2c(Nc3ccccc3)cccc21,murcko,train
9411,O=S(=O)(O)OO,1,,ACY_***(*)(*)*,acyclic_anonymous_graph,test
9421,C=C(C#N)C(=O)OCC,0,,ACY_****(*)*(*)**,acyclic_anonymous_graph,test
9440,CCCCCCCCCCCCCCCCCC(=O)OCC(COCC(COC(=O)CCCCCCCCCCCCCCCCC)(COC(=O)CCCCCCCCCCCCCCCCC)COC(=O)CCCCCCCCCCCCCCCCC)(COC(=O)CCCCCCCCCCCCCCCCC)COC(=O)CCCCCCCCCCCCCCCCC,0,,ACY_******************(*)***(****(***(*)*****************)(***(*)*****************)***(*)*****************)(***(*)*****************)***(*)*****************,acyclic_anonymous_graph,test
9441,CC(C)COC(=O)C1CCCCC1C(=O)OCC(C)C,0,C1CCCCC1,C1CCCCC1,murcko,test
9442,CCCCC(CC)COC(=O)CC(C)CC(C)(C)C,0,,ACY_*****(**)***(*)**(*)**(*)(*)*,acyclic_anonymous_graph,train
9448,CCCCCO,0,,ACY_******,acyclic_anonymous_graph,train
9449,c1ccccc1,1,c1ccccc1,c1ccccc1,murcko,train
9453,O=S(=O)(O)c1cc(N=Nc2ccc3c(S(=O)(=O)O)cccc3c2S(=O)(=O)O)c2c(O)c(Nc3nc(Cl)nc(Nc4ccc(Nc5nc(Cl)nc(Nc6c(S(=O)(=O)O)cc7cc(S(=O)(=O)O)cc(N=Nc8ccc9c(S(=O)(=O)O)cccc9c8S(=O)(=O)O)c7c6O)n5)cc4)n3)c(S(=O)(=O)O)cc2c1,0,c1ccc2cc(N=Nc3cccc4ccc(Nc5ncnc(Nc6ccc(Nc7ncnc(Nc8ccc9cccc(N=Nc%10ccc%11ccccc%11c%10)c9c8)n7)cc6)n5)cc34)ccc2c1,c1ccc2cc(N=Nc3cccc4ccc(Nc5ncnc(Nc6ccc(Nc7ncnc(Nc8ccc9cccc(N=Nc%10ccc%11ccccc%11c%10)c9c8)n7)cc6)n5)cc34)ccc2c1,murcko,train
9458,CC=CC(=O)C1C(C)C=CCC1(C)C,0,C1=CCCCC1,C1=CCCCC1,murcko,train
9470,CCCCCCCC1CCCC(=O)O1,0,O=C1CCCCO1,O=C1CCCCO1,murcko,test
9475,Cc1ccc2c(c1)NCCO2,1,c1ccc2c(c1)NCCO2,c1ccc2c(c1)NCCO2,murcko,test
9479,COc1cc(N=Nc2cccc(S(=O)(=O)O)c2)ccc1NC(=O)Nc1ccc(N=Nc2cccc(S(=O)(=O)O)c2)cc1OC,0,O=C(Nc1ccc(N=Nc2ccccc2)cc1)Nc1ccc(N=Nc2ccccc2)cc1,O=C(Nc1ccc(N=Nc2ccccc2)cc1)Nc1ccc(N=Nc2ccccc2)cc1,murcko,train
9481,Cc1ccc(C(=O)OC(C)C)cc1N=Nc1c(O)c(C(=O)Nc2cc(Cl)c(NC(=O)c3cc4ccccc4c(N=Nc4cc(C(=O)OC(C)C)ccc4C)c3O)cc2Cl)cc2ccccc12,0,O=C(Nc1ccc(NC(=O)c2cc(N=Nc3ccccc3)c3ccccc3c2)cc1)c1cc(N=Nc2ccccc2)c2ccccc2c1,O=C(Nc1ccc(NC(=O)c2cc(N=Nc3ccccc3)c3ccccc3c2)cc1)c1cc(N=Nc2ccccc2)c2ccccc2c1,murcko,train
9487,c1cc(OCC2CO2)cc(N(CC2CO2)CC2CO2)c1,1,c1cc(OCC2CO2)cc(N(CC2CO2)CC2CO2)c1,c1cc(OCC2CO2)cc(N(CC2CO2)CC2CO2)c1,murcko,test
9490,CC(C)c1cc(C(C)C)cc(C(C)C)c1,1,c1ccccc1,c1ccccc1,murcko,train
9494,CCCCCCCCCC[N+](C)(C)CCCCCCCCCC,0,,ACY_***********(*)(*)**********,acyclic_anonymous_graph,train
9519,CC(C)CCCCCC(=O)NCCCCCC(=O)O,0,,ACY_**(*)*******(*)******(*)*,acyclic_anonymous_graph,train
9525,CC(O)C(N)C(=O)O,0,,ACY_**(*)*(*)*(*)*,acyclic_anonymous_graph,train
9530,CC(C)(C)CC(C)(C)Nc1nc(Cl)nc(Cl)n1,0,c1ncncn1,c1ncncn1,murcko,train
9533,Cc1cc2[nH]c(=O)[nH]c2cc1N=NC1C(=O)NC(=O)NC1=O,0,O=C1NC(=O)C(N=Nc2ccc3[nH]c(=O)[nH]c3c2)C(=O)N1,O=C1NC(=O)C(N=Nc2ccc3[nH]c(=O)[nH]c3c2)C(=O)N1,murcko,train
9547,OCCCOCC(COCCCO)(COCCCO)COCCCO,0,,ACY_*******(******)(******)******,acyclic_anonymous_graph,test
9563,CCOC(=O)NCCOc1ccc(Oc2ccccc2)cc1,0,c1ccc(Oc2ccccc2)cc1,c1ccc(Oc2ccccc2)cc1,murcko,test
9566,CCCCCCCCCCCCCCCC(=O)OCCCCCCCCCCCCCCCC(C)C,0,,ACY_****************(*)*****************(*)*,acyclic_anonymous_graph,train
9567,COC(=O)C(C)Oc1ccc(Oc2ncc(C(F)(F)F)cc2Cl)cc1,0,c1ccc(Oc2ccccn2)cc1,c1ccc(Oc2ccccn2)cc1,murcko,train
9572,S=c1[nH]nc(SSc2n[nH]c(=S)s2)s1,0,S=c1[nH]nc(SSc2n[nH]c(=S)s2)s1,S=c1[nH]nc(SSc2n[nH]c(=S)s2)s1,murcko,train
9574,CC(O)CC(C)CCc1ccccc1,0,c1ccccc1,c1ccccc1,murcko,train
9578,COc1cc(S(=O)(=O)O)c(C)cc1NC(=O)C(N=Nc1ccc(-c2nc3ccc(C)c(S(=O)(=O)O)c3s2)cc1)C(C)=O,0,O=C(CN=Nc1ccc(-c2nc3ccccc3s2)cc1)Nc1ccccc1,O=C(CN=Nc1ccc(-c2nc3ccccc3s2)cc1)Nc1ccccc1,murcko,train
9582,CCCCOCCCN1C(C(C(=O)Nc2cc(C(C)(C)C)ccc2SCC(CC)CCCC)N2C(=O)OC(C)(C)C2=O)=Nc2ccccc2S1(=O)=O,0,O=C(Nc1ccccc1)C(C1=Nc2ccccc2S(=O)(=O)N1)N1C(=O)COC1=O,O=C(Nc1ccccc1)C(C1=Nc2ccccc2S(=O)(=O)N1)N1C(=O)COC1=O,murcko,train
9590,CSc1nc(NC(C)C)nc(NC(C)C)n1,0,c1ncncn1,c1ncncn1,murcko,train
9591,CCCCCCCCC=CCCCCCCCCNC(=O)CCCCCCCC=CCCCCCCCC,0,,ACY_********************(*)*****************,acyclic_anonymous_graph,train
9592,CCOC(=O)C1CCC(C(=O)OCC)CC1,0,C1CCCCC1,C1CCCCC1,murcko,test
9597,COCCCNc1nc(NCCCOC)c(N=Nc2sc(C(=O)OC)c(C)c2C#N)c(C)c1C#N,0,c1cncc(N=Nc2cccs2)c1,c1cncc(N=Nc2cccs2)c1,murcko,train
9601,NC(Cc1c[nH]c2ccccc12)C(=O)O,0,c1ccc2[nH]ccc2c1,c1ccc2[nH]ccc2c1,murcko,train
9618,C=CC(=O)OCCOCCOCC,0,,ACY_**********(*)**,acyclic_anonymous_graph,test
9619,C=C(C)C(=O)OCCOCCOCCCC,0,,ACY_************(*)*(*)*,acyclic_anonymous_graph,test
9623,CCOC(=O)C(C)=CC(=O)OC,0,,ACY_****(*)*(*)**(*)**,acyclic_anonymous_graph,test
9644,O=S(=O)(O)CCN1CCN(CCO)CC1,0,C1CNCCN1,C1CNCCN1,murcko,train
9645,Nc1ccc(C(=O)NCCC(=O)O)cc1,0,c1ccccc1,c1ccccc1,murcko,train
9654,Cc1cc2c(c(C3CCCCC3)c1)OP(O)Oc1c(cc(C)cc1C1CCCCC1)C2,0,c1cc2c(c(C3CCCCC3)c1)OPOc1c(cccc1C1CCCCC1)C2,c1cc2c(c(C3CCCCC3)c1)OPOc1c(cccc1C1CCCCC1)C2,murcko,train
9656,CC(C)(C)CC(C)(C)c1cc(-n2nc3ccccc3n2)c(O)c(C(C)(C)c2ccccc2)c1,0,c1ccc(Cc2cccc(-n3nc4ccccc4n3)c2)cc1,c1ccc(Cc2cccc(-n3nc4ccccc4n3)c2)cc1,murcko,train
9661,CCB(CC)OC,1,,ACY_***(**)**,acyclic_anonymous_graph,train
9672,C#C,0,,ACY_**,acyclic_anonymous_graph,train
9684,C1=CC2CCC1C2,0,C1=CC2CCC1C2,C1=CC2CCC1C2,murcko,train
9687,COC(=O)CC(C)C(=O)c1ccc(NC(=O)c2ccc(OC)cc2)c([N+](=O)[O-])c1,0,O=C(Nc1ccccc1)c1ccccc1,O=C(Nc1ccccc1)c1ccccc1,murcko,train
9690,O=C(Nc1ccc(Cc2ccc(NC(=O)N3CC3)cc2)cc1)N1CC1,0,O=C(Nc1ccc(Cc2ccc(NC(=O)N3CC3)cc2)cc1)N1CC1,O=C(Nc1ccc(Cc2ccc(NC(=O)N3CC3)cc2)cc1)N1CC1,murcko,test
9693,O=S(=O)(O)C(O)CCCC(O)S(=O)(=O)O,1,,ACY_**(****(*)*(*)(*)*)*(*)(*)*,acyclic_anonymous_graph,train
9701,Cc1[nH]n2c(=O)c3ccccc3nc2c1N=Nc1ccc(Cl)cc1[N+](=O)[O-],0,O=c1c2ccccc2nc2c(N=Nc3ccccc3)c[nH]n12,O=c1c2ccccc2nc2c(N=Nc3ccccc3)c[nH]n12,murcko,train
9705,[Li],0,,ACY_[*],acyclic_anonymous_graph,train
9706,[Mg],0,,ACY_[*],acyclic_anonymous_graph,train
9710,[Pd],0,,ACY_*,acyclic_anonymous_graph,train
9716,[Sb],1,,ACY_[*],acyclic_anonymous_graph,train
9718,[Be],0,,ACY_[*],acyclic_anonymous_graph,train
9724,[Ce],0,,ACY_*,acyclic_anonymous_graph,train
9729,[Ge],0,,ACY_[*],acyclic_anonymous_graph,train
9733,C[n+]1ccc(C=Cc2ccc(C=O)cc2)cc1,0,C(=Cc1cc[nH+]cc1)c1ccccc1,C(=Cc1cc[nH+]cc1)c1ccccc1,murcko,test
9737,O=[Se]=O,1,,ACY_***,acyclic_anonymous_graph,train
9744,Cl,0,,ACY_*,acyclic_anonymous_graph,train
9768,CC(C)=CCCC(C)CCOCC=O,0,,ACY_*******(*)****(*)*,acyclic_anonymous_graph,train
9775,C=CF,1,,ACY_***,acyclic_anonymous_graph,train
9791,CC(C)S,0,,ACY_**(*)*,acyclic_anonymous_graph,train
9801,CC(C)(C)O,0,,ACY_**(*)(*)*,acyclic_anonymous_graph,train
9838,C=C(C)C(=O)OC1CC2CCC1(C)C2(C)C,0,C1CC2CCC1C2,C1CC2CCC1C2,murcko,train
9843,Br,0,,ACY_*,acyclic_anonymous_graph,train
9850,O=C(C(F)(F)C(F)(F)F)C(F)(C(F)(F)F)C(F)(F)F,0,,ACY_**(*(*)(*)*(*)(*)*)*(*)(*(*)(*)*)*(*)(*)*,acyclic_anonymous_graph,train
9856,O=C(CCS)OCC(COC(=O)CCS)(COC(=O)CCS)COC(=O)CCS,0,,ACY_****(*)***(***(*)***)(***(*)***)***(*)***,acyclic_anonymous_graph,train
9864,FC(F)(F)C(F)(F)F,0,,ACY_**(*)(*)*(*)(*)*,acyclic_anonymous_graph,train
9871,[O-][Cl+3]([O-])([O-])O,0,,ACY_**(*)(*)*,acyclic_anonymous_graph,train
9874,CCCCN(C=O)CCCC,0,,ACY_*****(**)****,acyclic_anonymous_graph,train
9876,N#Cc1nc(C(F)(F)F)[nH]c1C#N,0,c1c[nH]cn1,c1c[nH]cn1,murcko,train
9879,CCCCCCCCCC(=O)OOC(=O)CCCCCCCCC,0,,ACY_**********(*)***(*)*********,acyclic_anonymous_graph,train
9887,O=[Si]=O,0,,ACY_***,acyclic_anonymous_graph,train
9893,FB(F)F,0,,ACY_**(*)*,acyclic_anonymous_graph,train
9904,CC(=O)C1CC1,0,C1CC1,C1CC1,murcko,train
9905,FC1(F)COC1(F)F,1,C1COC1,C1COC1,murcko,test
9912,CCN1CCCCC1,0,C1CCNCC1,C1CCNCC1,murcko,train
9922,[Na+],1,,ACY_*,acyclic_anonymous_graph,train
9924,O=[PH+][O-],0,,ACY_***,acyclic_anonymous_graph,train
9932,C=C[Si](C)(C)N[Si](C)(C)C=C,0,,ACY_***(*)(*)**(*)(*)**,acyclic_anonymous_graph,train
9934,CC(=O)Oc1c(C)c(C)c2c(c1C)CCC(C)(CCCC(C)CCCC(C)CCCC(C)C)O2,0,c1ccc2c(c1)CCCO2,c1ccc2c(c1)CCCO2,murcko,train
9943,CC(=O)OC1(C)CCC23CC1C(C)(C)C2CCC3C,0,C1CC2CC3CCCC3(C1)C2,C1CC2CC3CCCC3(C1)C2,murcko,train
9945,Cc1cc(Cc2cc(C)cc(C3(C)CCCCC3)c2O)c(O)c(C2(C)CCCCC2)c1,0,c1cc(Cc2cccc(C3CCCCC3)c2)cc(C2CCCCC2)c1,c1cc(Cc2cccc(C3CCCCC3)c2)cc(C2CCCCC2)c1,murcko,train
9953,NCC(O)c1ccc(O)cc1,0,c1ccccc1,c1ccccc1,murcko,train
9961,[Cl][Ni][Cl],1,,ACY_***,acyclic_anonymous_graph,train
9962,CP(=O)(O)CCC(N)C(=O)O,0,,ACY_**(*)*(*)***(*)(*)*,acyclic_anonymous_graph,train
9968,P,0,,ACY_*,acyclic_anonymous_graph,train
9974,CCC12COCN1COC2,0,C1OCN2COCC12,C1OCN2COCC12,murcko,train
9990,[Ce+3],0,,ACY_[*],acyclic_anonymous_graph,train
9997,CCCCNC(=O)Nc1ccc(Cc2ccc(NC(=O)NCCCC)cc2)cc1,0,c1ccc(Cc2ccccc2)cc1,c1ccc(Cc2ccccc2)cc1,murcko,train
10004,O=S(O)S(=O)O,0,,ACY_**(*)*(*)*,acyclic_anonymous_graph,train
10011,C=C(C)C(=O)OC1CC(C)CC(C)(C)C1,0,C1CCCCC1,C1CCCCC1,murcko,test
10019,[Se],1,,ACY_[*],acyclic_anonymous_graph,train
10031,[Sr+2],1,,ACY_*,acyclic_anonymous_graph,train
10040,CC1=CCC2CC1C2(C)C,0,C1=CC2CC(C1)C2,C1=CC2CC(C1)C2,murcko,train
10045,C=C(C)C1CCC(C)CC1O,0,C1CCCCC1,C1CCCCC1,murcko,test
10057,[K+],1,,ACY_*,acyclic_anonymous_graph,train
10058,F,0,,ACY_*,acyclic_anonymous_graph,train
10063,[Ca+2],0,,ACY_*,acyclic_anonymous_graph,train
10071,[Cl][Ce]([Cl])[Cl],0,,ACY_**(*)*,acyclic_anonymous_graph,train
10077,CCCCCCC(=O)OCC(CC)(COC(=O)CCCCCC)COC(=O)CCCCCC,0,,ACY_*******(*)***(**)(***(*)******)***(*)******,acyclic_anonymous_graph,train
10078,C#CC1(O)CCCCC1,1,C1CCCCC1,C1CCCCC1,murcko,test
10080,CCOP(=O)(CC)OCC,0,,ACY_****(*)(**)***,acyclic_anonymous_graph,train
10089,CCC(C)C,0,,ACY_***(*)*,acyclic_anonymous_graph,test
10091,CC(C)CN,0,,ACY_***(*)*,acyclic_anonymous_graph,test
10094,CC(C)C=O,0,,ACY_***(*)*,acyclic_anonymous_graph,test
10095,C=C(C)C=O,1,,ACY_***(*)*,acyclic_anonymous_graph,test
10104,CN(C)CCCNC1CC(C)(C)NC(C)(C)C1,0,C1CCNCC1,C1CCNCC1,murcko,train
10118,CCCCCCCC(=O)c1ccc(O)c(C(=O)O)c1,0,c1ccccc1,c1ccccc1,murcko,train
10122,CCCC1CCC(c2ccc(C(C)=O)cc2)CC1,0,c1ccc(C2CCCCC2)cc1,c1ccc(C2CCCCC2)cc1,murcko,test
10134,CCC(N)=O,0,,ACY_***(*)*,acyclic_anonymous_graph,test
10136,NC(=O)CCl,1,,ACY_***(*)*,acyclic_anonymous_graph,test
10141,O=C(O)CO,0,,ACY_***(*)*,acyclic_anonymous_graph,test
10144,CC(=O)OO,1,,ACY_***(*)*,acyclic_anonymous_graph,test
10151,FC(F)=C(F)Cl,0,,ACY_**(*)*(*)*,acyclic_anonymous_graph,train
10164,CCc1ccc(C2OC3COC(c4ccc(CC)cc4)OC3C(C(O)CO)O2)cc1,0,c1ccc(C2OCC3OC(c4ccccc4)OCC3O2)cc1,c1ccc(C2OCC3OC(c4ccccc4)OCC3O2)cc1,murcko,train
10165,N#CCCN(CCOCCO)c1nc(Nc2ccc(C=Cc3ccc(Nc4nc(Nc5cc(S(=O)(=O)O)ccc5S(=O)(=O)O)nc(N(CCC#N)CCOCCO)n4)cc3S(=O)(=O)O)c(S(=O)(=O)O)c2)nc(Nc2cc(S(=O)(=O)O)ccc2S(=O)(=O)O)n1,0,C(=Cc1ccc(Nc2ncnc(Nc3ccccc3)n2)cc1)c1ccc(Nc2ncnc(Nc3ccccc3)n2)cc1,C(=Cc1ccc(Nc2ncnc(Nc3ccccc3)n2)cc1)c1ccc(Nc2ncnc(Nc3ccccc3)n2)cc1,murcko,train
10185,CC(=O)C(N=Nc1cc(C(=O)Nc2cc(C(F)(F)F)ccc2Oc2ccc(Cl)cc2)ccc1Cl)C(=O)Nc1cc(Cl)c(NC(=O)C(N=Nc2cc(C(=O)Nc3cc(C(F)(F)F)ccc3Oc3ccc(Cl)cc3)ccc2Cl)C(C)=O)cc1C,0,O=C(CN=Nc1cccc(C(=O)Nc2ccccc2Oc2ccccc2)c1)Nc1ccc(NC(=O)CN=Nc2cccc(C(=O)Nc3ccccc3Oc3ccccc3)c2)cc1,O=C(CN=Nc1cccc(C(=O)Nc2ccccc2Oc2ccccc2)c1)Nc1ccc(NC(=O)CN=Nc2cccc(C(=O)Nc3ccccc3Oc3ccccc3)c2)cc1,murcko,test
10187,CC(C)(C1CCC(O)CC1)C1CCC(O)CC1,0,C1CCC(CC2CCCCC2)CC1,C1CCC(CC2CCCCC2)CC1,murcko,test
10189,Nc1ccc(S(=O)(=O)c2ccc(N)cc2)cc1,1,O=S(=O)(c1ccccc1)c1ccccc1,O=S(=O)(c1ccccc1)c1ccccc1,murcko,train
10191,Cl[Si](Cl)(c1ccccc1)c1ccccc1,0,c1ccc([SiH2]c2ccccc2)cc1,c1ccc([SiH2]c2ccccc2)cc1,murcko,train
10195,COS(=O)(=O)c1ccc(C)cc1,1,c1ccccc1,c1ccccc1,murcko,train
10197,CC(C=O)Cc1ccc(C(C)(C)C)cc1,0,c1ccccc1,c1ccccc1,murcko,train
10199,C=C(C)C(=O)OC,0,,ACY_***(*)*(*)*,acyclic_anonymous_graph,train
10200,CN(C)C(=N)N(C)C,0,,ACY_**(*)*(*)*(*)*,acyclic_anonymous_graph,train
10204,Cc1c(CNC(=O)CCl)c(C)c(Nc2cc(S(=O)(=O)O)c(N)c3c2C(=O)c2ccccc2C3=O)c(C)c1CNC(=O)CCl,0,O=C1c2ccccc2C(=O)c2c(Nc3ccccc3)cccc21,O=C1c2ccccc2C(=O)c2c(Nc3ccccc3)cccc21,murcko,train
10225,O=[N+]([O-])c1ccc(N=Nc2c(O)c(N=Nc3cc([N+](=O)[O-])cc([N+](=O)[O-])c3O)cc(N=Nc3cc(S(=O)(=O)O)cc4cc(S(=O)(=O)O)cc(O)c34)c2O)cc1,0,c1ccc(N=Nc2cc(N=Nc3ccccc3)cc(N=Nc3cccc4ccccc34)c2)cc1,c1ccc(N=Nc2cc(N=Nc3ccccc3)cc(N=Nc3cccc4ccccc34)c2)cc1,murcko,train
10231,NC(=O)Nc1cc(Nc2nc(Cl)nc(Nc3ccc(S(=O)(=O)CCOS(=O)(=O)O)cc3)n2)ccc1N=Nc1cc2c(S(=O)(=O)O)cc(S(=O)(=O)O)cc2cc1S(=O)(=O)O,0,c1ccc(Nc2ncnc(Nc3ccc(N=Nc4ccc5ccccc5c4)cc3)n2)cc1,c1ccc(Nc2ncnc(Nc3ccc(N=Nc4ccc5ccccc5c4)cc3)n2)cc1,murcko,train
10235,S=C(S)NCCNC(=S)S,0,,ACY_**(*)*****(*)*,acyclic_anonymous_graph,train
10246,CS(=O)(=O)OCCOCCOCCOS(C)(=O)=O,1,,ACY_**(*)(*)***********(*)(*)*,acyclic_anonymous_graph,train
10249,CCNS(=O)(=O)c1ccccc1C,0,c1ccccc1,c1ccccc1,murcko,train
10252,C[N+](C)([O-])CCCNS(=O)(=O)CCC(F)(F)C(F)(F)C(F)(F)C(F)(F)C(F)(F)C(F)(F)F,0,,ACY_**(*)(*)*****(*)(*)***(*)(*)*(*)(*)*(*)(*)*(*)(*)*(*)(*)*(*)(*)*,acyclic_anonymous_graph,train
10263,O=C(O)CCNC(=O)c1ccc(N=Nc2ccc(O)c(C(=O)O)c2)cc1,0,c1ccc(N=Nc2ccccc2)cc1,c1ccc(N=Nc2ccccc2)cc1,murcko,train
10269,COc1ccc([N+](=O)[O-])cc1N=NC(C(C)=O)C(=O)Nc1ccccc1OC,0,O=C(CN=Nc1ccccc1)Nc1ccccc1,O=C(CN=Nc1ccccc1)Nc1ccccc1,murcko,train
10270,Cc1cc(C(C)(C)C)c(OP2OCC3(CO2)COP(Oc2c(C(C)(C)C)cc(C)cc2C(C)(C)C)OC3)c(C(C)(C)C)c1,0,c1ccc(OP2OCC3(CO2)COP(Oc2ccccc2)OC3)cc1,c1ccc(OP2OCC3(CO2)COP(Oc2ccccc2)OC3)cc1,murcko,train
10279,O=C1NC(=O)c2ccc3c4ccc5c6c(ccc(c7ccc1c2c73)c64)C(=O)NC5=O,0,O=C1NC(=O)c2ccc3c4ccc5c6c(ccc(c7ccc1c2c73)c64)C(=O)NC5=O,O=C1NC(=O)c2ccc3c4ccc5c6c(ccc(c7ccc1c2c73)c64)C(=O)NC5=O,murcko,test
10283,O=C1c2ccccc2C(=O)c2c(O)ccc(O)c21,1,O=C1c2ccccc2C(=O)c2ccccc21,O=C1c2ccccc2C(=O)c2ccccc21,murcko,train
10288,CC(C)(C)C(=O)OCC1OC(Br)C(OC(=O)C(C)(C)C)C(OC(=O)C(C)(C)C)C1OC(=O)C(C)(C)C,0,C1CCOCC1,C1CCOCC1,murcko,train
10302,CCC[CH2][Sn](=[O])[CH2]CCC,0,,ACY_*****(*)****,acyclic_anonymous_graph,train
10303,C=CC(=O)OCCO,0,,ACY_*****(*)**,acyclic_anonymous_graph,train
10314,COc1nc(C)nc(NC(=O)NS(=O)(=O)c2ccccc2OCCCl)n1,0,O=C(Nc1ncncn1)NS(=O)(=O)c1ccccc1,O=C(Nc1ncncn1)NS(=O)(=O)c1ccccc1,murcko,test
10318,COc1ccccc1N=NC(C(C)=O)C(=O)Nc1ccc2[nH]c(=O)[nH]c2c1,0,O=C(CN=Nc1ccccc1)Nc1ccc2[nH]c(=O)[nH]c2c1,O=C(CN=Nc1ccccc1)Nc1ccc2[nH]c(=O)[nH]c2c1,murcko,train
10326,CC1=CCCCCCCCCCCCCC1=O,0,O=C1C=CCCCCCCCCCCCC1,O=C1C=CCCCCCCCCCCCC1,murcko,test
10330,CC1CC(C)(c2ccccc2)CO1,0,c1ccc(C2CCOC2)cc1,c1ccc(C2CCOC2)cc1,murcko,test
10349,c1ccc(C2CCCCC2)cc1,0,c1ccc(C2CCCCC2)cc1,c1ccc(C2CCCCC2)cc1,murcko,test
10361,Cc1cccc([N+](=O)[O-])c1C,1,c1ccccc1,c1ccccc1,murcko,train
10381,CCNc1nc(NC(C)C)nc(SC)n1,0,c1ncncn1,c1ncncn1,murcko,train
10386,COc1ccc(CN2C(=O)c3ccc4c5ccc6c7c(ccc(c8ccc(c3c48)C2=O)c75)C(=O)N(Cc2ccc(OC)cc2)C6=O)cc1,0,O=C1c2ccc3c4ccc5c6c(ccc(c7ccc(c2c37)C(=O)N1Cc1ccccc1)c64)C(=O)N(Cc1ccccc1)C5=O,O=C1c2ccc3c4ccc5c6c(ccc(c7ccc(c2c37)C(=O)N1Cc1ccccc1)c64)C(=O)N(Cc1ccccc1)C5=O,murcko,train
10387,Oc1c(-c2[nH]c3ccccc3c2O)[nH]c2ccccc12,0,c1ccc2[nH]c(-c3cc4ccccc4[nH]3)cc2c1,c1ccc2[nH]c(-c3cc4ccccc4[nH]3)cc2c1,murcko,train
10392,COc1ccc(NCCO)cc1N,1,c1ccccc1,c1ccccc1,murcko,train
10398,O=C1NC(C(=O)O)CO1,0,O=C1NCCO1,O=C1NCCO1,murcko,test
10399,Cc1ccc(Sc2ccc(C(=O)c3ccccc3)cc2)cc1,0,O=C(c1ccccc1)c1ccc(Sc2ccccc2)cc1,O=C(c1ccccc1)c1ccc(Sc2ccccc2)cc1,murcko,train
10405,CCN(Cc1ccccc1)c1ccc(C=Cc2cc[n+](CCO)cc2)cc1,0,C(=Cc1ccc(NCc2ccccc2)cc1)c1cc[nH+]cc1,C(=Cc1ccc(NCc2ccccc2)cc1)c1cc[nH+]cc1,murcko,train
10411,O=C(OC1CCCCC1)c1ccccc1C(=O)OC1CCCCC1,0,O=C(OC1CCCCC1)c1ccccc1C(=O)OC1CCCCC1,O=C(OC1CCCCC1)c1ccccc1C(=O)OC1CCCCC1,murcko,train
10413,CCOC(=O)c1ccccc1C(=O)OCC,0,c1ccccc1,c1ccccc1,murcko,train
10419,CN(Cc1ccccc1)c1ccc(N=Nc2nn(C)c[n+]2C)cc1,0,c1ccc(CNc2ccc(N=Nc3n[nH]c[nH+]3)cc2)cc1,c1ccc(CNc2ccc(N=Nc3n[nH]c[nH+]3)cc2)cc1,murcko,train
10438,C=CC(=O)OC1CCC(C(C)(C)C)CC1,0,C1CCCCC1,C1CCCCC1,murcko,test
10445,O=[N+]([O-])c1cc(N=Nc2c(O)ccc3ccccc23)c(O)c(S(=O)(=O)O)c1,0,c1ccc(N=Nc2cccc3ccccc23)cc1,c1ccc(N=Nc2cccc3ccccc23)cc1,murcko,test
10462,CCOP(=O)(C(=O)c1c(C)cc(C)cc1C)c1ccccc1,0,O=C(c1ccccc1)[PH](=O)c1ccccc1,O=C(c1ccccc1)[PH](=O)c1ccccc1,murcko,train
10469,Nc1cc(O)ccc1N=Nc1cc(S(=O)(=O)[O-])c([N+](N=Nc2ccc([N+](=O)[O-])cc2)=Nc2cc([N+](=O)[O-])cc([N+](=O)[O-])c2O)c2cc(S(=O)(=O)O)cc(O)c12,0,c1ccc(N=Nc2ccc([N+](N=Nc3ccccc3)=Nc3ccccc3)c3ccccc23)cc1,c1ccc(N=Nc2ccc([N+](N=Nc3ccccc3)=Nc3ccccc3)c3ccccc23)cc1,murcko,train
10487,CC(C)(C)c1ccc(C2=NC(=O)c3c(-c4ccc(C(C)(C)C)cc4)[nH]c(O)c32)cc1,0,O=C1N=C(c2ccccc2)c2c[nH]c(-c3ccccc3)c21,O=C1N=C(c2ccccc2)c2c[nH]c(-c3ccccc3)c21,murcko,train
10488,O=C1N=C(c2ccc(Cl)cc2)c2c(O)[nH]c(-c3ccc(Cl)cc3)c21,0,O=C1N=C(c2ccccc2)c2c[nH]c(-c3ccccc3)c21,O=C1N=C(c2ccccc2)c2c[nH]c(-c3ccccc3)c21,murcko,train
10489,Cc1ccc(C2=NC(=O)c3c(-c4ccc(C)cc4)[nH]c(O)c32)cc1,0,O=C1N=C(c2ccccc2)c2c[nH]c(-c3ccccc3)c21,O=C1N=C(c2ccccc2)c2c[nH]c(-c3ccccc3)c21,murcko,train
10523,Nc1nc(NC2CC2)c2ncn(C3C=CC(CO)C3)c2n1,1,C1=CC(n2cnc3c(NC4CC4)ncnc32)CC1,C1=CC(n2cnc3c(NC4CC4)ncnc32)CC1,murcko,train
10538,Brc1c(Br)c(Br)c(CCc2c(Br)c(Br)c(Br)c(Br)c2Br)c(Br)c1Br,0,c1ccc(CCc2ccccc2)cc1,c1ccc(CCc2ccccc2)cc1,murcko,test
10545,O=C1c2ccccc2C(=O)C1(C1(S(=O)(=O)O)C=Cc2ccccc2N1)S(=O)(=O)O,0,O=C1c2ccccc2C(=O)C1C1C=Cc2ccccc2N1,O=C1c2ccccc2C(=O)C1C1C=Cc2ccccc2N1,murcko,train
10563,CC(C)CCCCCCOP(=O)(O)O,0,,ACY_**(*)********(*)(*)*,acyclic_anonymous_graph,train
10572,c1cc[n+]2c(c1)-c1cccc[n+]1CC2,1,c1cc[n+]2c(c1)-c1cccc[n+]1CC2,c1cc[n+]2c(c1)-c1cccc[n+]1CC2,murcko,train
10573,CC(c1ccccc1)c1ccc(O)cc1O,0,c1ccc(Cc2ccccc2)cc1,c1ccc(Cc2ccccc2)cc1,murcko,train
10576,O=C1OC(=O)C2CCCCC12,0,O=C1OC(=O)C2CCCCC12,O=C1OC(=O)C2CCCCC12,murcko,train
10577,O=C1OC(=O)C2CC=CCC12,0,O=C1OC(=O)C2CC=CCC12,O=C1OC(=O)C2CC=CCC12,murcko,train
10580,O=C(O)c1ccccc1C(=O)c1ccc(Cl)cc1,0,O=C(c1ccccc1)c1ccccc1,O=C(c1ccccc1)c1ccccc1,murcko,train
10581,CCCC(c1cc(C(C)(C)C)c(O)cc1C)c1cc(C(C)(C)C)c(O)cc1C,0,c1ccc(Cc2ccccc2)cc1,c1ccc(Cc2ccccc2)cc1,murcko,train
10582,CCCCOC(=O)c1ccccc1C(=O)OCc1ccccc1,0,O=C(OCc1ccccc1)c1ccccc1,O=C(OCc1ccccc1)c1ccccc1,murcko,train
10585,CCN(C(=O)N(CC)c1ccccc1)c1ccccc1,0,O=C(Nc1ccccc1)Nc1ccccc1,O=C(Nc1ccccc1)Nc1ccccc1,murcko,train
10597,CCCCCCCCC=CCCCCCCCC(=O)OCC,0,,ACY_******************(*)***,acyclic_anonymous_graph,test
10598,CCCCCCCCC=CCCCCCCCC(=O)OCC(CC)CCCC,0,,ACY_******************(*)***(**)****,acyclic_anonymous_graph,test
10610,CC1(C)CC=C(CCC=O)CC1,0,C1=CCCCC1,C1=CCCCC1,murcko,train
10640,CC(C)(C)c1cc2c(c(C(C)(C)C)c1)OP(=O)(O)Oc1c(cc(C(C)(C)C)cc1C(C)(C)C)C2,0,O=[PH]1Oc2ccccc2Cc2ccccc2O1,O=[PH]1Oc2ccccc2Cc2ccccc2O1,murcko,test
10651,CC(O)COC(=O)NNC(=O)OC(C)CO,0,,ACY_***(*)**(*)***(*)***(*)*,acyclic_anonymous_graph,train
10661,C=CS(=O)(=O)c1ccc(Nc2nc(Cl)nc(Nc3ccc4c(O)c(N=Nc5cc([N+](=O)[O-])ccc5O)c(S(=O)(=O)O)cc4c3)n2)cc1,0,c1ccc(N=Nc2ccc3cc(Nc4ncnc(Nc5ccccc5)n4)ccc3c2)cc1,c1ccc(N=Nc2ccc3cc(Nc4ncnc(Nc5ccccc5)n4)ccc3c2)cc1,murcko,test
10676,CC1CCC(C)C2(C1)OC(=O)C(C=CC=CC=C1C(=O)OC3(CCC4(CC3)OC(=O)C(=CC=CC=CC3=C(O)OC5(CC(C)CCC5C)OC3=O)C(=O)O4)OC1=O)=C(O)O2,0,O=C1OC2(CCCCC2)OC=C1C=CC=CC=C1C(=O)OC2(CCC3(CC2)OC(=O)C(=CC=CC=CC2=COC4(CCCCC4)OC2=O)C(=O)O3)OC1=O,O=C1OC2(CCCCC2)OC=C1C=CC=CC=C1C(=O)OC2(CCC3(CC2)OC(=O)C(=CC=CC=CC2=COC4(CCCCC4)OC2=O)C(=O)O3)OC1=O,murcko,train
10689,O=C(O)C1=NN(c2ccc(S(=O)(=O)O)cc2)C(=O)C1N=Nc1ccc(S(=O)(=O)CCOS(=O)(=O)O)cc1,0,O=C1C(N=Nc2ccccc2)C=NN1c1ccccc1,O=C1C(N=Nc2ccccc2)C=NN1c1ccccc1,murcko,train
10701,O=C(Nc1cc(S(=O)(=O)O)cc2cc(S(=O)(=O)O)c(N=Nc3ccc4cc(S(=O)(=O)CCOS(=O)(=O)O)ccc4c3S(=O)(=O)O)c(O)c12)c1ccccc1,1,O=C(Nc1cccc2ccc(N=Nc3ccc4ccccc4c3)cc12)c1ccccc1,O=C(Nc1cccc2ccc(N=Nc3ccc4ccccc4c3)cc12)c1ccccc1,murcko,test
10710,Nc1c(N)n2n(c1=O)CCC2,0,O=c1ccn2n1CCC2,O=c1ccn2n1CCC2,murcko,train
10733,Nc1nc(C2CC2)nc(C(=O)O)c1Cl,0,c1cnc(C2CC2)nc1,c1cnc(C2CC2)nc1,murcko,train
10751,Clc1ccc2c(Cl)ccnc2c1,0,c1ccc2ncccc2c1,c1ccc2ncccc2c1,murcko,test
10761,C=CC(=O)OC1CC(C)CC(C)(C)C1,0,C1CCCCC1,C1CCCCC1,murcko,test
10790,O=C(O)C(O)C(O)C(=O)O,0,,ACY_**(*)*(*)*(*)*(*)*,acyclic_anonymous_graph,train
10806,C=C1CCC=C(C)CCC2C1CC2(C)C,0,C=C1CCC=CCCC2CCC12,C=C1CCC=CCCC2CCC12,murcko,train
10809,Cc1cccc(C)c1N,1,c1ccccc1,c1ccccc1,murcko,train
10814,O=C1OCCN1CCCO,0,O=C1NCCO1,O=C1NCCO1,murcko,test
10823,CC1CCS(=O)(=O)C1,0,O=S1(=O)CCCC1,O=S1(=O)CCCC1,murcko,test
10824,CCCCC(CC)COC(=O)C(Cc1cc(OC)c(O)c(OC)c1)C(=O)OCC(CC)CCCC,0,c1ccccc1,c1ccccc1,murcko,train
10830,CC1CC(=O)CC(C)(C)C1,1,O=C1CCCCC1,O=C1CCCCC1,murcko,test
10832,COc1nc(OC)nc(C(=O)c2cccc(F)c2N(C)S(=O)(=O)C(F)F)n1,0,O=C(c1ccccc1)c1ncncn1,O=C(c1ccccc1)c1ncncn1,murcko,test
10837,OC(CN(Cc1ccccc1)CC(O)C1CCc2cc(F)ccc2O1)C1CCc2cc(F)ccc2O1,0,c1ccc(CN(CCC2CCc3ccccc3O2)CCC2CCc3ccccc3O2)cc1,c1ccc(CN(CCC2CCc3ccccc3O2)CCC2CCc3ccccc3O2)cc1,murcko,test
10844,CC(C)(C)NCCOCCO,0,,ACY_********(*)(*)*,acyclic_anonymous_graph,train
10850,CCCCCCCCCCCCSC(C)CC(=O)C1C(C)C=CCC1(C)C,0,C1=CCCCC1,C1=CCCCC1,murcko,train
10855,O=C(O)c1ccco1,0,c1ccoc1,c1ccoc1,murcko,train
10871,CCC(C)c1cc([N+](=O)[O-])cc([N+](=O)[O-])c1O,1,c1ccccc1,c1ccccc1,murcko,train
10877,CC(C)C1C2CCC1c1c(NC(=O)c3cn(C)nc3C(F)F)cccc12,0,O=C(Nc1cccc2c1C1CCC2C1)c1cn[nH]c1,O=C(Nc1cccc2c1C1CCC2C1)c1cn[nH]c1,murcko,test
10883,O=C(O)COc1ccc(Cl)c2cccnc12,0,c1ccc2ncccc2c1,c1ccc2ncccc2c1,murcko,test
10887,O=C1C=CCCCCCCCCCCCCC1,0,O=C1C=CCCCCCCCCCCCCC1,O=C1C=CCCCCCCCCCCCCC1,murcko,test
10893,O=C1N=C(c2ccc(-c3ccccc3)cc2)c2c(O)[nH]c(-c3ccc(-c4ccccc4)cc3)c21,0,O=C1N=C(c2ccc(-c3ccccc3)cc2)c2c[nH]c(-c3ccc(-c4ccccc4)cc3)c21,O=C1N=C(c2ccc(-c3ccccc3)cc2)c2c[nH]c(-c3ccc(-c4ccccc4)cc3)c21,murcko,test
10894,C[N+](C)(C)CC(O)CSCCC(F)(F)C(F)(F)C(F)(F)C(F)(F)C(F)(F)C(F)(F)F,0,,ACY_**(*****(*)(*)*(*)(*)*(*)(*)*(*)(*)*(*)(*)*(*)(*)*)**(*)(*)*,acyclic_anonymous_graph,test
10896,CC1=NN(c2ccccc2)C(=O)C1,0,O=C1CC=NN1c1ccccc1,O=C1CC=NN1c1ccccc1,murcko,test
10910,CNC(=O)c1cc(C#N)cc(C)c1N,0,c1ccccc1,c1ccccc1,murcko,train
10913,O=CNCC(O)C(O)C(O)C(O)CO,0,,ACY_*****(*)*(*)*(*)*(*)**,acyclic_anonymous_graph,train
10922,CC(C)(C1CCCO1)C1CCCO1,0,C1COC(CC2CCCO2)C1,C1COC(CC2CCCO2)C1,murcko,train
10929,Cc1ccc(I)cc1Cc1ccc(-c2ccc(F)cc2)s1,0,c1ccc(Cc2ccc(-c3ccccc3)s2)cc1,c1ccc(Cc2ccc(-c3ccccc3)s2)cc1,murcko,train
10930,CC1=CC(=O)[N+](CCCN(C)C)(c2cccnc2)C(O)=C1N=Nc1ccc(N=Nc2c(S(=O)(=O)O)cc3ccc(N=Nc4c(C)c(C)c(=O)n(-c5cccnc5)c4O)cc3c2O)cc1,0,O=C1C=CC(N=Nc2ccc(N=Nc3ccc4ccc(N=Nc5ccc(=O)n(-c6cccnc6)c5)cc4c3)cc2)=C[NH+]1c1cccnc1,O=C1C=CC(N=Nc2ccc(N=Nc3ccc4ccc(N=Nc5ccc(=O)n(-c6cccnc6)c5)cc4c3)cc2)=C[NH+]1c1cccnc1,murcko,test
10933,CCC(=O)Nc1cccc(Nc2cc(S(=O)(=O)O)c(N)c3c2C(=O)c2ccccc2C3=O)c1,1,O=C1c2ccccc2C(=O)c2c(Nc3ccccc3)cccc21,O=C1c2ccccc2C(=O)c2c(Nc3ccccc3)cccc21,murcko,train
10947,Oc1ccccc1-c1ccccc1,0,c1ccc(-c2ccccc2)cc1,c1ccc(-c2ccccc2)cc1,murcko,test
10956,CCN(CC)c1ccc(C(=O)c2ccc(N(CC)CC)cc2)cc1,1,O=C(c1ccccc1)c1ccccc1,O=C(c1ccccc1)c1ccccc1,murcko,train
10965,Oc1ccc(N=Nc2ccccn2)c(O)c1,0,c1ccc(N=Nc2ccccn2)cc1,c1ccc(N=Nc2ccccn2)cc1,murcko,train
10979,CN(C)c1nc(N)nc(C(Cc2c[nH]c3ccccc23)NC(=O)c2ccccc2)n1,1,O=C(NC(Cc1c[nH]c2ccccc12)c1ncncn1)c1ccccc1,O=C(NC(Cc1c[nH]c2ccccc12)c1ncncn1)c1ccccc1,murcko,train
10998,O=S(=O)(NS(=O)(=O)C(F)(F)F)C(F)(F)F,0,,ACY_**(*)(*)*(*)(*)**(*)(*)*(*)(*)*,acyclic_anonymous_graph,train
11010,OCC1OC(OC2C(CO)OC(OC3C(CO)OC(O)C(O)C3O)C(O)C2O)C(O)C(O)C1O,0,C1CCC(OC2CCC(OC3CCCOC3)OC2)OC1,C1CCC(OC2CCC(OC3CCCOC3)OC2)OC1,murcko,test
11013,CC(C)CC(C)(O)C#CC(C)(O)CC(C)C,0,,ACY_**(*)**(*)(*)***(*)(*)**(*)*,acyclic_anonymous_graph,train
11016,CC(CNC(=S)S)NC(=S)S,1,,ACY_**(*)***(*)**(*)*,acyclic_anonymous_graph,test
11034,[HH],0,,ACY_*,acyclic_anonymous_graph,train
11050,CC(C)(C)CC(C)(C)c1cc(O)c(C(C)(C)CC(C)(C)C)cc1O,0,c1ccccc1,c1ccccc1,murcko,train
11052,[Cd+2],0,,ACY_*,acyclic_anonymous_graph,train
11067,CCCCC(CC)C(=O)OCCC,0,,ACY_*****(*)*(**)****,acyclic_anonymous_graph,train
11071,Nc1ccc(Nc2ccccc2)c(S(=O)(=O)O)c1,0,c1ccc(Nc2ccccc2)cc1,c1ccc(Nc2ccccc2)cc1,murcko,train
11130,[Tb],0,,ACY_[*],acyclic_anonymous_graph,train
11141,CCC(=O)O,0,,ACY_***(*)*,acyclic_anonymous_graph,test
11143,N#Cc1ccccc1C#N,1,c1ccccc1,c1ccccc1,murcko,train
11157,Cc1cc(-c2ccc(N=C=O)c(C)c2)ccc1N=C=O,1,c1ccc(-c2ccccc2)cc1,c1ccc(-c2ccccc2)cc1,murcko,test
11204,CCCCC(CC)CN(CC(CC)CCCC)Cn1cncn1,0,c1nc[nH]n1,c1nc[nH]n1,murcko,train
11255,CC(O)S(=O)(=O)O,1,,ACY_**(*)*(*)(*)*,acyclic_anonymous_graph,train
11256,CCCCCCCC(=O)OC(O)C(O)C(O)C(O)C(O)CO,0,,ACY_********(*)**(*)*(*)*(*)*(*)*(*)**,acyclic_anonymous_graph,test
11267,CCO[Si](CCCN)(OCC)OCC,0,,ACY_*****(***)(***)***,acyclic_anonymous_graph,train
11294,Oc1ccc(-c2ccc(O)cc2)cc1,1,c1ccc(-c2ccccc2)cc1,c1ccc(-c2ccccc2)cc1,murcko,test
11325,C=CCC(=CCC1CC(=O)OC1=O)CC=C,0,O=C1CCC(=O)O1,O=C1CCC(=O)O1,murcko,train
11361,CCC(C)c1cc(S(=O)(=O)O)cc(-n2nc3ccccc3n2)c1O,1,c1ccc(-n2nc3ccccc3n2)cc1,c1ccc(-n2nc3ccccc3n2)cc1,murcko,train
11362,CCCCOC(=O)C=CC(=O)O,0,,ACY_******(*)***(*)*,acyclic_anonymous_graph,test
11366,CC(=CCCC=O)CCCC(C)(C)O,0,,ACY_******(*)****(*)(*)*,acyclic_anonymous_graph,train
11368,CCCN(C)C,0,,ACY_****(*)*,acyclic_anonymous_graph,train
11379,CCC=CCCO,0,,ACY_*******,acyclic_anonymous_graph,train
11386,COc1ccc2ccccc2c1,0,c1ccc2ccccc2c1,c1ccc2ccccc2c1,murcko,train
11388,C=CCc1ccc(OC)c(OC)c1,0,c1ccccc1,c1ccccc1,murcko,train
11401,CCOC(=O)c1ccccc1,0,c1ccccc1,c1ccccc1,murcko,train
11402,CC(=O)OC(C)c1ccccc1,0,c1ccccc1,c1ccccc1,murcko,train
11403,C=COCCCCCCCCCCCCCCCCCC,0,,ACY_*********************,acyclic_anonymous_graph,train
11404,ClC1CCCC1,0,C1CCCC1,C1CCCC1,murcko,train
11418,CCCCCCCCCCCC(=O)OCC(C)(C)C=NCC1(C)CC(N=CC(C)(C)COC(=O)CCCCCCCCCCC)CC(C)(C)C1,0,C1CCCCC1,C1CCCCC1,murcko,test
11458,CCCCCCCCCCC(CCCCCCCC)COC(=O)CCCCCCCCCCCCCCC(C)C,0,,ACY_***********(********)***(*)***************(*)*,acyclic_anonymous_graph,train
11459,CC(C)CCCCCC(=O)OCC(COC(=O)CCCCCC(C)C)(COC(=O)CCCCCC(C)C)COC(=O)CCCCCC(C)C,0,,ACY_**(*)******(*)***(***(*)******(*)*)(***(*)******(*)*)***(*)******(*)*,acyclic_anonymous_graph,train
11467,Nc1ccc(N)c(CCO)c1,1,c1ccccc1,c1ccccc1,murcko,train
11470,CC(=CC#N)CCc1ccccc1,1,c1ccccc1,c1ccccc1,murcko,train
11476,CCCCCCCCCCCCc1ccc(O)cc1,0,c1ccccc1,c1ccccc1,murcko,train
11489,CC1(C)CC(NCCC#N)CC(C)(CNCCC#N)C1,0,C1CCCCC1,C1CCCCC1,murcko,test
11495,CCCCCCCCCCCCCCCCCCCCCC(=O)OC(CO)C1OCC(OC(=O)CCCCCCCCCCCCCCCCCCCCC)C1OC(=O)CCCCCCCCCCCCCCCCCCCCC,0,C1CCOC1,C1CCOC1,murcko,train
11501,CCCCC(CC)C(=O)OCCOCCOCCOC(=O)C(CC)CCCC,0,,ACY_*****(**)*(*)***********(*)*(**)****,acyclic_anonymous_graph,train
11514,CCCCCCCCCCCC(=O)OCCCCCCCCCCC(C)C,0,,ACY_************(*)************(*)*,acyclic_anonymous_graph,test
11515,OCCNc1ccc2c(c1)OCO2,0,c1ccc2c(c1)OCO2,c1ccc2c(c1)OCO2,murcko,train
11521,COc1cc(N=Nc2c(C)cc(C)cc2S(=O)(=O)O)c(C)cc1N=Nc1c(S(=O)(=O)O)cc2cc(Nc3ccccc3)ccc2c1O,0,c1ccc(N=Nc2ccc(N=Nc3ccc4cc(Nc5ccccc5)ccc4c3)cc2)cc1,c1ccc(N=Nc2ccc(N=Nc3ccc4cc(Nc5ccccc5)ccc4c3)cc2)cc1,murcko,train
11527,Fc1cccc(C(F)(F)F)n1,1,c1ccncc1,c1ccncc1,murcko,test
11534,CCCCNP(N)(N)=S,0,,ACY_******(*)(*)*,acyclic_anonymous_graph,train
11539,CCN=C1C=CC(=C(c2ccc(NCC)c(C)c2)c2ccc(NCC)c(C)c2)C=C1C,0,N=C1C=CC(=C(c2ccccc2)c2ccccc2)C=C1,N=C1C=CC(=C(c2ccccc2)c2ccccc2)C=C1,murcko,train
11544,CC(C1CC1)C(O)(Cn1cncn1)c1ccc(Cl)cc1,0,c1ccc(C(CC2CC2)Cn2cncn2)cc1,c1ccc(C(CC2CC2)Cn2cncn2)cc1,murcko,train
11548,CCCC(N)C(O)C(=O)NC1CC1,0,C1CC1,C1CC1,murcko,train
11560,O=C1CCCCCCCCCCCN1,0,O=C1CCCCCCCCCCCN1,O=C1CCCCCCCCCCCN1,murcko,test
11562,O[Si](O)(c1ccccc1)c1ccccc1,0,c1ccc([SiH2]c2ccccc2)cc1,c1ccc([SiH2]c2ccccc2)cc1,murcko,train
11570,CCCCC(CC)COC(=O)C(C#N)=C(c1ccccc1)c1ccc(OC)cc1,0,C=C(c1ccccc1)c1ccccc1,C=C(c1ccccc1)c1ccccc1,murcko,train
11586,Cc1ccccc1C,0,c1ccccc1,c1ccccc1,murcko,train
11595,Cc1ccc(C)c(C)c1,0,c1ccccc1,c1ccccc1,murcko,train
11597,Cc1ccc(N)c(C)c1,0,c1ccccc1,c1ccccc1,murcko,train
11599,Cc1cc(O)ccc1O,0,c1ccccc1,c1ccccc1,murcko,train
11602,Nc1ccc(Cl)c(Cl)c1,1,c1ccccc1,c1ccccc1,murcko,train
11606,CCOC(=O)C(=O)OCC,0,,ACY_****(*)*(*)***,acyclic_anonymous_graph,train
11615,Cc1ccc2c(c1)C(Nc1nc(N)nc(C(C)F)n1)C(C)C2,0,c1ccc2c(c1)CCC2Nc1ncncn1,c1ccc2c(c1)CCC2Nc1ncncn1,murcko,train
11616,CC(C)c1ccc2c(c1)OCC(=O)CO2,0,O=C1COc2ccccc2OC1,O=C1COc2ccccc2OC1,murcko,test
11632,COc1ccc(C(O)CC(O)c2ccc(C(C)(C)C)cc2)cc1,0,c1ccc(CCCc2ccccc2)cc1,c1ccc(CCCc2ccccc2)cc1,murcko,train
11642,CCCCCCCCCCCCOC(=O)CCCCCCCCC,0,,ACY_**************(*)*********,acyclic_anonymous_graph,train
11648,C=CCOC(=O)C(=C)C,0,,ACY_*****(*)*(*)*,acyclic_anonymous_graph,train
11663,O=C1OCCO1,0,O=C1OCCO1,O=C1OCCO1,murcko,train
11670,CCCCCCCCCC(C)C=C(C(C)=O)C(=O)OCC,0,,ACY_**********(*)**(*(*)*)*(*)***,acyclic_anonymous_graph,train
11692,O=C(O)c1cc(S(=O)(=O)O)ccc1O,0,c1ccccc1,c1ccccc1,murcko,train
11699,C=C(C)C(=O)OCC,0,,ACY_****(*)*(*)*,acyclic_anonymous_graph,train
11700,CCOC(=O)C(C)O,0,,ACY_****(*)*(*)*,acyclic_anonymous_graph,train
11736,CCOP(=O)(Cc1cc(C(C)(C)C)c(O)c(C(C)(C)C)c1)OCC,0,c1ccccc1,c1ccccc1,murcko,train
11757,OCc1ccco1,0,c1ccoc1,c1ccoc1,murcko,train
11758,O=Cc1ccco1,1,c1ccoc1,c1ccoc1,murcko,train
11759,O=S(=O)(O)c1ccccc1,0,c1ccccc1,c1ccccc1,murcko,train
11770,O=S(=O)(O)c1ccc(O)cc1,0,c1ccccc1,c1ccccc1,murcko,train
11771,O=[N+]([O-])c1ccc(S(=O)(=O)Cl)cc1,0,c1ccccc1,c1ccccc1,murcko,train
11775,CC(O)c1ccccc1,0,c1ccccc1,c1ccccc1,murcko,train
11776,CC(=O)c1ccccc1,0,c1ccccc1,c1ccccc1,murcko,train
11778,NC(=O)c1cccnc1,0,c1ccncc1,c1ccncc1,murcko,test
11794,CCCCCCCCCCCCCCCC=C1OC(=O)C1CCCCCCCCCCCCCCC,0,C=C1CC(=O)O1,C=C1CC(=O)O1,murcko,test
11795,CCCCCCCCC=CC(=O)NCCC[N+](C)(C)CC(=O)O,0,,ACY_***********(*)*****(*)(*)**(*)*,acyclic_anonymous_graph,train
11804,CCCC(C)COC(=O)c1ccccc1O,0,c1ccccc1,c1ccccc1,murcko,train
11811,O=C(Cl)c1cccc(C(=O)Cl)c1,1,c1ccccc1,c1ccccc1,murcko,train
11815,CC1CCC(C(C)C)CC1,0,C1CCCCC1,C1CCCCC1,murcko,test
11816,CC1=CCC(C(C)C)=CC1,0,C1=CCC=CC1,C1=CCC=CC1,murcko,train
11827,O=P1(c2cc(O)ccc2O)Oc2ccccc2-c2ccccc21,1,O=P1(c2ccccc2)Oc2ccccc2-c2ccccc21,O=P1(c2ccccc2)Oc2ccccc2-c2ccccc21,murcko,train
11838,O=S1(=O)CS(=O)(=O)OCO1,1,O=S1(=O)CS(=O)(=O)OCO1,O=S1(=O)CS(=O)(=O)OCO1,murcko,train
11841,CCCCCC(C)OC(=O)COc1ccc(Cl)c2cccnc12,0,c1ccc2ncccc2c1,c1ccc2ncccc2c1,murcko,test
