group,fg_feature,descriptor,spearman_rho,p_value,n
negative,fg_aromatic_ring_count,aromatic_ring_count,0.9794279055921884,0.0,1302
negative,fg_heteroaromatic_ring_count,aromatic_ring_count,0.9973927758169506,0.0,1302
negative,fg_heteroaromatic_ring_count,ring_count,0.8195135963243435,1.2332001e-316,1302
negative,fg_aromatic_ring_count,ring_count,0.8086911001423738,7.106409063175775e-302,1302
negative,fg_heteroaromatic_ring_count,fraction_csp3,-0.6688517951368566,1.274259412108061e-169,1302
negative,fg_aromatic_ring_count,fraction_csp3,-0.6503919436788791,1.9534324182685784e-157,1302
negative,fg_fused_ring_like_count,ring_count,0.5884434186797967,3.849444594117194e-122,1302
negative,fg_aniline_count,aromatic_ring_count,0.5749538997256441,1.9593062496412933e-115,1302
negative,fg_aromatic_ring_count,heavy_atom_count,0.5254948675384219,2.494759683946559e-93,1302
negative,fg_heteroaromatic_ring_count,heavy_atom_count,0.5114855338350125,1.0424148445258351e-87,1302
negative,fg_aniline_count,ring_count,0.5006714985903322,1.5175195196101415e-83,1302
negative,fg_aromatic_ring_count,mw,0.49636630114329844,6.270811244338389e-82,1302
negative,fg_heteroaromatic_ring_count,mw,0.4831818858075487,4.032521831150331e-77,1302
negative,bb_n_alerts,heteroatom_count,0.46483016323694415,9.071412718129752e-71,1302
negative,bb_n_alerts,mw,0.46335295913016833,2.8336759335089365e-70,1302
negative,bb_n_genotox_alerts,heteroatom_count,0.4587093232402551,9.809640584613316e-69,1302
negative,bb_n_alerts,heavy_atom_count,0.45513699054229334,1.4446379270809678e-67,1302
negative,fg_aniline_count,heteroatom_count,0.426749136006434,9.18851632458088e-59,1302
negative,bb_n_genotox_alerts,aromatic_ring_count,0.41982911112782406,9.662145143247592e-57,1302
negative,bb_any_alert,mw,0.4190204285808871,1.6530216062847793e-56,1302
negative,bb_any_genotox_alert,heteroatom_count,0.4172560685353405,5.307245541142191e-56,1302
negative,fg_alcohol_count,hbd,0.4159644263944175,1.2411292158309998e-55,1302
negative,fg_aniline_count,tpsa,0.41572438920211746,1.4527941016153658e-55,1302
negative,bb_any_alert,heavy_atom_count,0.41353788963220905,6.061580024569587e-55,1302
negative,fg_aniline_count,heavy_atom_count,0.41178671585392507,1.8886073724013165e-54,1302
negative,fg_BB_SA8_aromatic_diazo_count,aromatic_ring_count,0.408836497900826,1.2618959459279156e-53,1302
negative,fg_phenol_count,aromatic_ring_count,0.40446265628029215,2.036078601866054e-52,1302
negative,fg_fused_ring_like_count,aromatic_ring_count,0.40086085918572223,1.9494708133132298e-51,1302
negative,fg_aniline_count,mw,0.39995186027101154,3.432574157890489e-51,1302
negative,fg_aniline_count,hba,0.39814227507035677,1.0531199976869888e-50,1302
negative,bb_n_genotox_alerts,ring_count,0.3895149000509255,2.0062975738117334e-48,1302
negative,fg_azo_count,aromatic_ring_count,0.38938196189954966,2.1726908482354313e-48,1302
negative,fg_heteroaromatic_ring_count,heteroatom_count,0.3872061466413904,7.963146719362395e-48,1302
negative,fg_azo_count,tpsa,0.3821915098004929,1.5312137522018997e-46,1302
negative,bb_any_alert,heteroatom_count,0.3811755263032863,2.7698123397067937e-46,1302
negative,fg_aromatic_ring_count,heteroatom_count,0.37798440537821176,1.7581528480608086e-45,1302
negative,fg_BB_SA8_aromatic_diazo_count,tpsa,0.37636590162394123,4.453678881607151e-45,1302
negative,fg_azo_count,hba,0.3755557356117627,7.078148885440247e-45,1302
negative,fg_sulfone_count,heteroatom_count,0.37505516106833564,9.417798870306703e-45,1302
negative,fg_sulfone_count,tpsa,0.3738173510212654,1.9042016802359361e-44,1302
negative,fg_BB_SA8_aromatic_diazo_count,hba,0.37300517175399645,3.0172804326446364e-44,1302
negative,fg_aniline_count,fraction_csp3,-0.3720845725278567,5.075913963556012e-44,1302
negative,bb_any_genotox_alert,aromatic_ring_count,0.37166512695220977,6.42977966159399e-44,1302
negative,fg_BB_SA8_aromatic_diazo_count,heteroatom_count,0.37082432637725926,1.0317409204311169e-43,1302
negative,fg_azo_count,heteroatom_count,0.37024564536583676,1.4274677482448117e-43,1302
negative,fg_halogen_any_count,heteroatom_count,0.3693955993364945,2.2969867718621247e-43,1302
negative,bb_n_alerts,hba,0.3687450780754568,3.302481374943736e-43,1302
negative,fg_ether_count,hba,0.3662138401035301,1.3457151992748548e-42,1302
negative,fg_BB_SA2c_aromatic_amine_general_count,aromatic_ring_count,0.3658038790809987,1.687538131044582e-42,1302
negative,fg_aromatic_ring_count,logp,0.3645543078477011,3.357337021207534e-42,1302
negative,bb_n_alerts,tpsa,0.3644217784975375,3.610785703048627e-42,1302
negative,fg_BB_SA8_aromatic_diazo_count,ring_count,0.36150501335228,1.7760615874430288e-41,1302
negative,fg_heteroaromatic_ring_count,tpsa,0.36033047917042277,3.3576291384406594e-41,1302
negative,fg_heteroaromatic_ring_count,hba,0.3594103971716315,5.519264254897087e-41,1302
negative,bb_n_alerts,aromatic_ring_count,0.35824859815941473,1.0313905936713954e-40,1302
negative,bb_n_genotox_alerts,tpsa,0.3557960202956332,3.82784995760427e-40,1302
negative,fg_aromatic_ring_count,tpsa,0.3550419872136331,5.715435687463744e-40,1302
negative,bb_n_genotox_alerts,heavy_atom_count,0.3546545847407622,7.019580474993762e-40,1302
negative,fg_phenol_count,hbd,0.3542684859764639,8.612889906888306e-40,1302
negative,bb_n_genotox_alerts,hba,0.3539964428121221,9.946479856304692e-40,1302
negative,bb_n_genotox_alerts,mw,0.3538834025406298,1.055917853112035e-39,1302
negative,fg_aromatic_ring_count,hba,0.3535507883441433,1.2587999941280322e-39,1302
negative,fg_BB_SA34_halobenzene_count,aromatic_ring_count,0.35149333710408265,3.715876387194247e-39,1302
negative,fg_heteroaromatic_ring_count,logp,0.35003712058820996,7.955830068854288e-39,1302
negative,bb_any_genotox_alert,ring_count,0.3473349810056198,3.2328632825850796e-38,1302
negative,fg_sulfonic_acid_or_sulfonate_count,tpsa,0.3469346989416332,3.9744807139110133e-38,1302
negative,fg_azo_count,ring_count,0.34032012318886645,1.155155177686091e-36,1302
negative,fg_aniline_count,hbd,0.3378080325024162,4.066050921186553e-36,1302
negative,fg_BB_SA8_aromatic_diazo_count,heavy_atom_count,0.3368092054016978,6.684639361715214e-36,1302
negative,fg_sulfonic_acid_or_sulfonate_count,heteroatom_count,0.33263342217959463,5.237549994397516e-35,1302
negative,fg_amide_count,tpsa,0.3322909929217421,6.192007568149222e-35,1302
negative,fg_ether_count,rot_bonds,0.3321743985874846,6.554887599170875e-35,1302
negative,fg_BB_SA8_aromatic_diazo_count,mw,0.3320941403006217,6.816864089386342e-35,1302
negative,fg_BB_SA47_n_alkylcarboxylic_acid_count,rot_bonds,0.3308639222743659,1.2411579654866186e-34,1302
negative,fg_azo_count,heavy_atom_count,0.330536794780227,1.4548821449423947e-34,1302
negative,bb_n_alerts,ring_count,0.3303575025789789,1.5871212930019695e-34,1302
negative,fg_BB_SA7_aromatic_Nacylamine_count,aromatic_ring_count,0.32971131490775724,2.1705615569393272e-34,1302
negative,fg_fused_ring_like_count,heavy_atom_count,0.32690654588622925,8.37383134812978e-34,1302
negative,bb_n_genotox_alerts,fraction_csp3,-0.325476295442879,1.6579166148552665e-33,1302
negative,fg_azo_count,mw,0.3244969632468014,2.6409610435389494e-33,1302
negative,bb_n_alerts,logp,0.3244051971896612,2.7584840214854392e-33,1302
negative,bb_any_alert,logp,0.3228925988591994,5.6416053050947396e-33,1302
negative,fg_BB_SA2c_aromatic_amine_general_count,hbd,0.3224801307810003,6.852178164298923e-33,1302
negative,fg_phenol_count,ring_count,0.3209812738216945,1.38521238037128e-32,1302
negative,bb_any_genotox_alert,heavy_atom_count,0.32075447630472526,1.5403530733688413e-32,1302
negative,bb_any_genotox_alert,mw,0.32055456667111143,1.6913190392562996e-32,1302
negative,bb_n_nongenotox_alerts,logp,0.320221180836968,1.9763954272379806e-32,1302
negative,bb_any_nongenotox_alert,logp,0.3201813394298522,2.0135038331073112e-32,1302
negative,fg_sulfone_count,hba,0.3195696470148576,2.678131345395155e-32,1302
negative,fg_sulfonic_acid_or_sulfonate_count,hbd,0.31671770467791727,1.003733619092786e-31,1302
negative,fg_BB_SA2c_aromatic_amine_general_count,ring_count,0.3150782790438746,2.131299157608186e-31,1302
negative,fg_ester_count,rot_bonds,0.3128989140964952,5.757189400681727e-31,1302
negative,bb_any_genotox_alert,tpsa,0.31034129201917504,1.828492294385333e-30,1302
negative,bb_any_genotox_alert,hba,0.3095352921505626,2.6256200574962997e-30,1302
negative,fg_ester_count,hbd,-0.3085876304384627,4.0120288643032674e-30,1302
negative,fg_amide_count,heteroatom_count,0.307374642178301,6.887563631289785e-30,1302
negative,bb_n_nongenotox_alerts,mw,0.3057336487411844,1.4250436498003184e-29,1302
negative,fg_fused_ring_like_count,mw,0.30542348579138406,1.6341203592627765e-29,1302
negative,bb_any_nongenotox_alert,mw,0.30249256760099374,5.909896003607868e-29,1302
negative,bb_any_alert,hba,0.30047785887330997,1.4179213742382028e-28,1302
negative,fg_sulfone_count,hbd,0.29995595721194046,1.7767178537357139e-28,1302
negative,bb_any_alert,tpsa,0.2975318186023418,5.035243351418957e-28,1302
negative,fg_BB_SA34_halobenzene_count,ring_count,0.2957083740846202,1.0951431738010246e-27,1302
negative,fg_sulfone_count,aromatic_ring_count,0.29271512954633855,3.873737665482071e-27,1302
negative,bb_any_genotox_alert,fraction_csp3,-0.29205197179243786,5.114487047464205e-27,1302
negative,fg_amide_count,heavy_atom_count,0.29149958768002376,6.4427712823441575e-27,1302
negative,fg_BB_SA2c_aromatic_amine_general_count,hba,0.2901937224978164,1.1097787614776329e-26,1302
negative,fg_sulfonic_acid_or_sulfonate_count,hba,0.28964261230605165,1.3948666278054984e-26,1302
negative,fg_BB_SA8_aromatic_diazo_count,hbd,0.2891123021213564,1.7372952865764087e-26,1302
negative,fg_BB_SA7_aromatic_Nacylamine_count,heteroatom_count,0.28688527428061367,4.345473055916099e-26,1302
negative,fg_azo_count,hbd,0.28428193091302856,1.255888808074541e-25,1302
negative,fg_BB_SA2c_aromatic_amine_general_count,tpsa,0.2838327111880741,1.5065787976106723e-25,1302
negative,fg_BB_SA8_aromatic_diazo_count,fraction_csp3,-0.2829488855748668,2.1531775880783625e-25,1302
negative,fg_amide_count,mw,0.2827525510044239,2.3305341988778345e-25,1302
negative,bb_n_nongenotox_alerts,heavy_atom_count,0.2818174604601236,3.3946853986258666e-25,1302
negative,fg_phenol_count,fraction_csp3,-0.28113103287447566,4.470016280578626e-25,1302
negative,fg_BB_SA7_aromatic_Nacylamine_count,ring_count,0.2798446131384623,7.470935966252094e-25,1302
negative,fg_BB_SA7_aromatic_Nacylamine_count,tpsa,0.27975124175029115,7.753893051197342e-25,1302
negative,fg_chloro_count,aromatic_ring_count,0.27940506063541853,8.898640743407868e-25,1302
negative,fg_chloro_count,heteroatom_count,0.2793747368894667,9.00654320720511e-25,1302
negative,bb_any_nongenotox_alert,heavy_atom_count,0.278722986397787,1.16655414599435e-24,1302
negative,fg_BB_SA47_n_alkylcarboxylic_acid_count,fraction_csp3,0.2778380142734192,1.6556594017404874e-24,1302
negative,fg_sulfone_count,mw,0.2746753933230303,5.726351923487888e-24,1302
negative,bb_any_alert,rot_bonds,0.27375232322923204,8.200440431178185e-24,1302
negative,fg_BB_SA2c_aromatic_amine_general_count,heteroatom_count,0.27266189182217976,1.251124989592429e-23,1302
negative,fg_ester_count,hba,0.2724382103638703,1.3640537976206727e-23,1302
negative,fg_carboxylic_acid_count,hbd,0.272378492634457,1.3958713868584543e-23,1302
negative,fg_azo_count,fraction_csp3,-0.27162326303311174,1.867548440441983e-23,1302
negative,fg_alcohol_count,fraction_csp3,0.2699964053063003,3.4853969571813735e-23,1302
negative,fg_BB_SA34_halobenzene_count,fraction_csp3,-0.2696038393293676,4.049145275529312e-23,1302
negative,fg_ether_count,heavy_atom_count,0.2684199000787819,6.354482080810276e-23,1302
negative,fg_BB_SA34_halobenzene_count,heteroatom_count,0.2674842704773515,9.058525012766904e-23,1302
negative,bb_n_alerts,rot_bonds,0.2658263740401314,1.6920100196033453e-22,1302
negative,fg_BB_SA7_aromatic_Nacylamine_count,hbd,0.26577126223182396,1.7273892124825257e-22,1302
negative,fg_BB_SA7_aromatic_Nacylamine_count,heavy_atom_count,0.2639530936634658,3.4096080041395924e-22,1302
negative,fg_chloro_count,fraction_csp3,-0.2611267787286005,9.71017882925911e-22,1302
negative,fg_amide_count,hbd,0.2604784167506296,1.2323072478342588e-21,1302
negative,fg_BB_SA7_aromatic_Nacylamine_count,mw,0.25968644615140585,1.6471811170210458e-21,1302
negative,fg_halogen_any_count,fraction_csp3,-0.2585059809340199,2.5338644424525313e-21,1302
negative,fg_fluoro_count,heteroatom_count,0.25811430309261424,2.9216801188048085e-21,1302
negative,fg_BB_SA47_n_alkylcarboxylic_acid_count,aromatic_ring_count,-0.25794953260011644,3.1018438124217784e-21,1302
negative,fg_BB_SA13_aliphatic_halogen_count,heteroatom_count,0.2570778313510612,4.253961379794394e-21,1302
negative,fg_phenol_count,tpsa,0.25669434267330943,4.8862519747351125e-21,1302
negative,fg_sulfone_count,heavy_atom_count,0.25546274618765547,7.613343700362847e-21,1302
negative,bb_any_alert,aromatic_ring_count,0.25362576998286923,1.4686681019375556e-20,1302
negative,fg_BB_SA34_halobenzene_count,mw,0.2492515137233594,6.873481887961325e-20,1302
negative,fg_halogen_any_count,aromatic_ring_count,0.2479593889713474,1.0781740925765673e-19,1302
negative,fg_sulfone_count,ring_count,0.24589598952251496,2.2007529656177546e-19,1302
negative,fg_BB_SA2c_aromatic_amine_general_count,heavy_atom_count,0.2452114251839024,2.7845010530365263e-19,1302
negative,fg_amide_count,aromatic_ring_count,0.2442013142919434,3.934952864332243e-19,1302
negative,fg_fused_ring_like_count,fraction_csp3,-0.24389616661365118,4.366938879816003e-19,1302
negative,bb_any_nongenotox_alert,rot_bonds,0.2435388364212196,4.93254913633432e-19,1302
negative,fg_ether_count,mw,0.2433153419090608,5.32244377768126e-19,1302
negative,fg_phenol_count,heavy_atom_count,0.2411043814498996,1.125029557104725e-18,1302
negative,fg_BB_SA2c_aromatic_amine_general_count,mw,0.24034705433834957,1.4512946559183688e-18,1302
negative,bb_n_nongenotox_alerts,rot_bonds,0.23999275991751143,1.6344126422473216e-18,1302
negative,fg_sulfonic_acid_or_sulfonate_count,aromatic_ring_count,0.23888726028152266,2.365107452884695e-18,1302
negative,fg_alcohol_count,logp,-0.23882056416393557,2.418284561606041e-18,1302
negative,fg_fused_ring_like_count,hba,0.23814285568068572,3.030129886586721e-18,1302
negative,fg_sulfonic_acid_or_sulfonate_count,mw,0.23737709702064047,3.906384191773673e-18,1302
negative,fg_heteroaromatic_ring_count,hbd,0.23731594265258116,3.986281587031241e-18,1302
negative,bb_n_alerts,fraction_csp3,-0.23606915351594512,6.0158419864987376e-18,1302
negative,fg_BB_SA47_n_alkylcarboxylic_acid_count,logp,0.2338066806783584,1.2618286948209704e-17,1302
negative,fg_amide_count,hba,0.23323452522305682,1.51992130331347e-17,1302
negative,bb_any_alert,ring_count,0.23288507040285028,1.7024636617802253e-17,1302
negative,fg_chloro_count,ring_count,0.232757697037058,1.774236623788675e-17,1302
negative,fg_metal_atom_count,heavy_atom_count,-0.23142214114069376,2.7315581456913923e-17,1302
negative,fg_aromatic_ring_count,hbd,0.23048924007493857,3.6865138257029957e-17,1302
negative,fg_amide_count,ring_count,0.2278613108355986,8.517893159306467e-17,1302
negative,fg_aniline_count,logp,0.22737437065454189,9.936443261833278e-17,1302
negative,fg_BB_SA5_nitro_aromatic_count,tpsa,0.2266114802329365,1.2639513968044941e-16,1302
negative,fg_ether_count,hbd,-0.2266092686189306,1.2648317698142018e-16,1302
negative,fg_fused_ring_like_count,heteroatom_count,0.22651857349612733,1.3014595012769843e-16,1302
negative,fg_BB_SA2c_aromatic_amine_general_count,fraction_csp3,-0.22595669518036987,1.5528130173359904e-16,1302
negative,fg_phenol_count,mw,0.22472416222065977,2.2836144274221344e-16,1302
negative,fg_BB_SA34_halobenzene_count,logp,0.22399539072983948,2.8654946867091225e-16,1302
negative,fg_sulfonic_acid_or_sulfonate_count,heavy_atom_count,0.2216646344156344,5.890536207859752e-16,1302
negative,fg_BB_SA11_aliphatic_azo_count,tpsa,0.2207445284413228,7.811436853878967e-16,1302
negative,fg_BB_SA7_aromatic_Nacylamine_count,hba,0.2196605874988032,1.087505092657425e-15,1302
negative,fg_fused_ring_like_count,logp,0.21900612898566144,1.3268664463907543e-15,1302
negative,fg_BB_SA5_nitro_aromatic_count,aromatic_ring_count,0.21839669442595913,1.5959939221002132e-15,1302
negative,fg_BB_SA47_n_alkylcarboxylic_acid_count,ring_count,-0.21783184359909644,1.8930160506650986e-15,1302
negative,fg_fused_ring_like_count,tpsa,0.21720500244963328,2.2865031026658815e-15,1302
negative,fg_BB_SA5_nitro_aromatic_count,hba,0.21583702457457593,3.4457579326143034e-15,1302
negative,fg_BB_SA28_alkenylbenzene_count,aromatic_ring_count,0.2154750364852493,3.838974604814545e-15,1302
negative,fg_BB_SA7_aromatic_Nacylamine_count,fraction_csp3,-0.21540282286667972,3.922540401510064e-15,1302
negative,fg_BB_SA6b_aromatic_dialkylamine_count,aromatic_ring_count,0.21450010221568683,5.130908486788346e-15,1302
negative,fg_BB_SA5_nitro_aromatic_count,heteroatom_count,0.21394706804560265,6.044851519358058e-15,1302
negative,fg_phenol_count,hba,0.2119349626650198,1.0933304096063023e-14,1302
negative,fg_ester_count,heavy_atom_count,0.21177009511065908,1.1474264038559355e-14,1302
negative,fg_BB_SA8_aromatic_diazo_count,logp,0.21054141377828345,1.6424198843317096e-14,1302
negative,fg_BB_SA34_halobenzene_count,heavy_atom_count,0.20782209356637432,3.604092436470084e-14,1302
negative,fg_BB_SA11_aliphatic_azo_count,hba,0.20758597931117118,3.856647355897946e-14,1302
negative,fg_BB_SA11_aliphatic_azo_count,heteroatom_count,0.2067221836131879,4.93760626742423e-14,1302
negative,fg_ketone_count,ring_count,0.20620671361740353,5.719083918957712e-14,1302
negative,bb_n_genotox_alerts,hbd,0.2059639271151998,6.12805633057323e-14,1302
negative,fg_halogen_any_count,mw,0.20553104388589352,6.929676872754028e-14,1302
negative,fg_azo_count,logp,0.2033911265213698,1.2673707615805569e-13,1302
negative,fg_amine_tertiary_count,fraction_csp3,0.20301845465916843,1.406920308480204e-13,1302
negative,fg_metal_atom_count,fraction_csp3,-0.20268838046344506,1.5430385667232853e-13,1302
negative,fg_sulfonic_acid_or_sulfonate_count,ring_count,0.20252660527449418,1.6143920653238225e-13,1302
negative,fg_metal_atom_count,rot_bonds,-0.20160980588106217,2.0842801242265138e-13,1302
negative,fg_carboxylic_acid_count,tpsa,0.197044148842066,7.304932289393225e-13,1302
negative,fg_sulfone_count,fraction_csp3,-0.19673607830876358,7.941407836520954e-13,1302
negative,fg_metal_atom_count,hba,-0.19515384628531815,1.2170339770859451e-12,1302
negative,fg_ester_count,logp,0.19483352176248173,1.3263195483444823e-12,1302
negative,fg_BB_SA28_alkenylbenzene_count,ring_count,0.19481127505828758,1.3342569040527448e-12,1302
negative,fg_amine_primary_count,hbd,0.19386424784082137,1.7189493199153596e-12,1302
negative,fg_BB_SA6b_aromatic_dialkylamine_count,ring_count,0.19228792878594939,2.6131213050812275e-12,1302
negative,fg_BB_SA8_aromatic_diazo_count,rot_bonds,0.19191731890857833,2.8820488839472415e-12,1302
negative,fg_azo_count,rot_bonds,0.19179014668685407,2.9804347387023498e-12,1302
negative,fg_chloro_count,mw,0.18775055299942048,8.55348037846023e-12,1302
negative,fg_ester_count,mw,0.18657122783802185,1.1585396130588154e-11,1302
negative,fg_halogen_any_count,ring_count,0.18555571009942887,1.5020687212049598e-11,1302
negative,fg_ester_count,aromatic_ring_count,-0.18513445146606558,1.6721941090338467e-11,1302
negative,fg_aniline_count,rot_bonds,0.18422308079878885,2.107284905167516e-11,1302
negative,fg_BB_SA7_aromatic_Nacylamine_count,logp,0.18245153938535186,3.292266642961152e-11,1302
negative,fg_BB_SA5_nitro_aromatic_count,fraction_csp3,-0.18219447036394387,3.511182618203135e-11,1302
negative,bb_n_nongenotox_alerts,heteroatom_count,0.18110220195647864,4.611004762700984e-11,1302
negative,fg_alkene_count,hbd,-0.18091966504325876,4.8250453015208095e-11,1302
negative,fg_sulfonic_acid_or_sulfonate_count,fraction_csp3,-0.18014237030632102,5.850411541126157e-11,1302
negative,fg_BB_SA2_primary_aromatic_amine_count,aromatic_ring_count,0.17942487649639985,6.984021451838936e-11,1302
negative,fg_ketone_count,aromatic_ring_count,0.17784681354374013,1.0284360101838923e-10,1302
negative,fg_BB_SA6b_aromatic_dialkylamine_count,heavy_atom_count,0.1758791005377141,1.6581519462389072e-10,1302
negative,bb_any_nongenotox_alert,heteroatom_count,0.17557291351301588,1.7852235026487248e-10,1302
negative,bb_n_genotox_alerts,logp,0.17531422307061303,1.8999491451955588e-10,1302
negative,fg_phenol_count,logp,0.17473071669200763,2.185777027427959e-10,1302
negative,fg_BB_SA11_aliphatic_azo_count,aromatic_ring_count,0.17423598311300353,2.4606412447115257e-10,1302
negative,fg_phenol_count,heteroatom_count,0.17416450644791406,2.503042247661089e-10,1302
negative,fg_BB_SA47_n_alkylcarboxylic_acid_count,heavy_atom_count,0.1740335421675117,2.582589264577723e-10,1302
negative,fg_amine_primary_count,logp,-0.1732722336974451,3.0962290259097453e-10,1302
negative,fg_BB_SA5_nitro_aromatic_count,ring_count,0.17319491820645802,3.153652229572619e-10,1302
negative,fg_sulfonamide_count,heteroatom_count,0.17214359232409623,4.0455313800386723e-10,1302
negative,fg_BB_SA2_primary_aromatic_amine_count,hbd,0.1718583462524502,4.3271980363254093e-10,1302
negative,fg_metal_atom_count,tpsa,-0.17158506681380187,4.61493446321365e-10,1302
negative,fg_metal_atom_count,ring_count,-0.16951778090229513,7.485237537362968e-10,1302
negative,fg_chloro_count,logp,0.16832707320902912,9.863123108395305e-10,1302
negative,fg_BB_SA6b_aromatic_dialkylamine_count,mw,0.16829632221777194,9.933385952504617e-10,1302
negative,fg_ester_count,fraction_csp3,0.16706187037584735,1.3194237406902203e-09,1302
negative,fg_ether_count,tpsa,0.16704712663419521,1.323887995794364e-09,1302
negative,fg_ether_count,heteroatom_count,0.16628502379970847,1.5757960979398201e-09,1302
negative,fg_BB_SA6_aromatic_monoalkylamine_count,aromatic_ring_count,0.16454012059017825,2.3409529894810345e-09,1302
negative,fg_ether_count,fraction_csp3,0.16443112275630378,2.3992177734915903e-09,1302
negative,fg_aldehyde_count,heteroatom_count,-0.1632981478846188,3.094782762797724e-09,1302
negative,fg_metal_atom_count,logp,-0.1627619515804984,3.4888867991552788e-09,1302
negative,fg_amide_count,fraction_csp3,-0.1623656973431172,3.81106985007538e-09,1302
negative,fg_BB_SA11_aliphatic_azo_count,heavy_atom_count,0.16221342742426464,3.942418311336964e-09,1302
negative,bb_any_genotox_alert,logp,0.16195157082420242,4.1786586369340835e-09,1302
negative,fg_BB_SA47_n_alkylcarboxylic_acid_count,mw,0.1607447473911867,5.457450678358099e-09,1302
negative,fg_carboxylic_acid_count,logp,-0.15993912924789597,6.514953820456332e-09,1302
negative,bb_any_alert,fraction_csp3,-0.15827159104092373,9.373526889705534e-09,1302
negative,fg_BB_SA11_aliphatic_azo_count,mw,0.15807604075227671,9.77962600226864e-09,1302
negative,fg_urea_count,hbd,0.15704487767585784,1.2220071545658306e-08,1302
negative,fg_halogen_any_count,logp,0.15548030085323447,1.7087161287500248e-08,1302
negative,fg_sulfonic_acid_or_sulfonate_count,rot_bonds,0.15507632842868957,1.862203841656695e-08,1302
negative,fg_sulfonamide_count,tpsa,0.15498061549596512,1.9004835207377575e-08,1302
negative,bb_any_genotox_alert,hbd,0.15254491923662333,3.1763071858756675e-08,1302
negative,fg_ether_count,logp,0.1525208626938819,3.192332355964235e-08,1302
negative,fg_BB_SA2_primary_aromatic_amine_count,fraction_csp3,-0.15204501312965113,3.5259016230313814e-08,1302
negative,fg_sulfone_count,rot_bonds,0.15072269230439564,4.6399270903347646e-08,1302
negative,fg_BB_SA6_aromatic_monoalkylamine_count,hba,0.1504712945190827,4.887250651502084e-08,1302
negative,fg_BB_SA5_nitro_aromatic_count,heavy_atom_count,0.1502998787815275,5.0631568441130717e-08,1302
negative,fg_hydrazine_like_count,heteroatom_count,0.1499456960969406,5.446244088889978e-08,1302
negative,fg_ketone_count,fraction_csp3,-0.14855477267713238,7.240668962692964e-08,1302
negative,fg_alkene_count,aromatic_ring_count,-0.14838865367551937,7.489867424239142e-08,1302
negative,fg_hydrazine_like_count,tpsa,0.14828868293455377,7.643813263130937e-08,1302
negative,fg_BB_SA5_nitro_aromatic_count,mw,0.14708678385203666,9.751723580257914e-08,1302
negative,fg_BB_SA2_primary_aromatic_amine_count,tpsa,0.14662474075707524,1.0703295324529181e-07,1302
negative,fg_BB_SA2_primary_aromatic_amine_count,ring_count,0.1464115002394475,1.1172163605467386e-07,1302
negative,fg_BB_SA6_aromatic_monoalkylamine_count,hbd,0.14625508345334268,1.152864843213728e-07,1302
negative,fg_BB_SA28_alkenylbenzene_count,heavy_atom_count,0.1459557097484054,1.224184426382928e-07,1302
negative,fg_BB_SA6_aromatic_monoalkylamine_count,ring_count,0.1448661598677782,1.5215234852320512e-07,1302
negative,fg_BB_SA28_alkenylbenzene_count,fraction_csp3,-0.14434075541585256,1.6887594350148055e-07,1302
negative,fg_BB_SA6b_aromatic_dialkylamine_count,hba,0.14431725814191057,1.6966390340905473e-07,1302
negative,fg_BB_SA11_aliphatic_azo_count,ring_count,0.14431198693468103,1.6984115556971349e-07,1302
negative,fg_amide_count,rot_bonds,0.14359822283159518,1.9556819629693597e-07,1302
negative,fg_BB_SA6b_aromatic_dialkylamine_count,rot_bonds,0.14218911747501142,2.5784311909565143e-07,1302
negative,fg_imine_count,tpsa,0.1417234631795097,2.8234202514134197e-07,1302
negative,fg_metal_atom_count,mw,-0.14120900926058838,3.1201819452373823e-07,1302
negative,fg_amine_secondary_count,fraction_csp3,0.141120159346225,3.174392187997934e-07,1302
negative,fg_alcohol_count,tpsa,0.13925451485011903,4.5465069304888416e-07,1302
negative,fg_ester_count,ring_count,-0.13924590297622844,4.5540034166399043e-07,1302
negative,bb_n_alerts,hbd,0.1382111273881408,5.546919474883833e-07,1302
negative,fg_imine_count,heteroatom_count,0.1372266801347082,6.682951036211924e-07,1302
negative,fg_urea_count,heteroatom_count,0.1370142419250256,6.955942620188318e-07,1302
negative,fg_BB_SA2_primary_aromatic_amine_count,heteroatom_count,0.13468500512945494,1.0747043184865989e-06,1302
negative,fg_alcohol_count,aromatic_ring_count,-0.13461113105989642,1.0895067796593282e-06,1302
negative,bb_n_nongenotox_alerts,hba,0.1319653543225896,1.769822918402886e-06,1302
negative,fg_metal_atom_count,aromatic_ring_count,-0.13179914907246532,1.8240271320870896e-06,1302
negative,fg_hydrazine_like_count,hba,0.13177198669439358,1.8330356698965687e-06,1302
negative,fg_amine_secondary_count,hbd,0.1309678039300653,2.119949639980384e-06,1302
negative,fg_alkene_count,tpsa,-0.13028175247750806,2.3983328492490455e-06,1302
negative,fg_BB_SA28_alkenylbenzene_count,mw,0.1298204578001422,2.6048753424345986e-06,1302
negative,fg_BB_SA2c_aromatic_amine_general_count,rot_bonds,0.1296945823004234,2.6641323717614414e-06,1302
negative,fg_BB_SA6_aromatic_monoalkylamine_count,tpsa,0.12949582301416923,2.760339318663134e-06,1302
negative,bb_any_nongenotox_alert,hba,0.12814579232576992,3.5076005928256396e-06,1302
negative,bb_n_genotox_alerts,rot_bonds,0.1275442346875008,3.8997481848924115e-06,1302
negative,fg_urea_count,aromatic_ring_count,0.12712037242123925,4.2009052955589995e-06,1302
negative,fg_thiol_count,ring_count,-0.1268570924718429,4.3990420430805764e-06,1302
negative,fg_aldehyde_count,tpsa,-0.12667065078910655,4.544728476335137e-06,1302
negative,fg_BB_SA22_simple_aldehyde_count,heteroatom_count,-0.12594620736933512,5.155853297994245e-06,1302
negative,fg_urea_count,tpsa,0.12584377946907782,5.248357648060451e-06,1302
negative,fg_BB_SA7_aromatic_Nacylamine_count,rot_bonds,0.1257987639533283,5.289512087873875e-06,1302
negative,fg_BB_SA11_aliphatic_azo_count,fraction_csp3,-0.12420410511971997,6.963658732350464e-06,1302
negative,fg_urea_count,ring_count,0.12403023031648881,7.174161411416477e-06,1302
negative,bb_n_nongenotox_alerts,tpsa,0.12386853408584682,7.375364066206503e-06,1302
negative,fg_chloro_count,heavy_atom_count,0.12374835252247907,7.528388843736285e-06,1302
negative,fg_metal_atom_count,hbd,-0.12367133201046683,7.628046871907235e-06,1302
negative,fg_alcohol_count,rot_bonds,0.12345716420290574,7.911827736120215e-06,1302
negative,fg_sulfonamide_count,aromatic_ring_count,0.123178400299983,8.296327092693778e-06,1302
negative,fg_ketone_count,heavy_atom_count,0.12308185446158516,8.433604061455152e-06,1302
negative,fg_BB_SA6_aromatic_monoalkylamine_count,heavy_atom_count,0.12299275329986753,8.562217514878368e-06,1302
negative,fg_alcohol_count,ring_count,-0.12279408904649035,8.855755040573091e-06,1302
negative,fg_nitrile_count,fraction_csp3,-0.12277699163643907,8.881461448873016e-06,1302
negative,fg_aldehyde_count,hba,-0.12271660282587193,8.972828856333288e-06,1302
negative,fg_BB_SA6b_aromatic_dialkylamine_count,heteroatom_count,0.12212359344178829,9.919004330412754e-06,1302
negative,fg_amide_count,logp,0.12187563708318608,1.0342220771396802e-05,1302
negative,fg_BB_SA6_aromatic_monoalkylamine_count,heteroatom_count,0.1218443400149679,1.0396847602206013e-05,1302
negative,fg_sulfonamide_count,hba,0.12044355934515509,1.3144145825086952e-05,1302
negative,bb_any_nongenotox_alert,tpsa,0.12017066843912877,1.3754376447035703e-05,1302
negative,fg_BB_SA2_primary_aromatic_amine_count,hba,0.12011201374501859,1.388901725720181e-05,1302
negative,fg_ester_count,tpsa,0.11905173851170801,1.6550481130575667e-05,1302
negative,fg_halogen_any_count,heavy_atom_count,0.11868787033462687,1.7570886409019372e-05,1302
negative,fg_BB_SA34_halobenzene_count,tpsa,0.11850897781591314,1.8094248777113588e-05,1302
negative,fg_BB_SA47_n_alkylcarboxylic_acid_count,hbd,-0.1182594038239402,1.8849229197275673e-05,1302
negative,fg_BB_SA6_aromatic_monoalkylamine_count,mw,0.11711668646477949,2.270542654769522e-05,1302
negative,fg_organophosphate_like_count,heteroatom_count,0.11665375634883296,2.447190157149015e-05,1302
negative,fg_BB_SA11_aliphatic_azo_count,hbd,0.11571852257754586,2.844684640795931e-05,1302
negative,fg_carbamate_count,tpsa,0.1153879660898695,2.9993000726026958e-05,1302
negative,fg_BB_SA34_halobenzene_count,hba,0.1151713914563816,3.104891603191054e-05,1302
negative,fg_ammonium_quaternary_count,fraction_csp3,0.11467331232861967,3.361277475731151e-05,1302
negative,fg_amine_primary_count,fraction_csp3,0.11424711491504139,3.596488155829425e-05,1302
negative,fg_ammonium_quaternary_count,rot_bonds,0.11292096685615612,4.432271133855176e-05,1302
negative,fg_carbamate_count,hbd,0.11252451360232552,4.7158912595570264e-05,1302
negative,fg_alkene_count,heteroatom_count,-0.1111874587631193,5.80446156522237e-05,1302
negative,fg_phosphate_like_count,heteroatom_count,0.1109864255460632,5.987384231055883e-05,1302
negative,fg_imine_count,hba,0.11050521365576546,6.44763969240075e-05,1302
negative,fg_fluoro_count,fraction_csp3,-0.11046514220596036,6.487438393886387e-05,1302
negative,fg_organophosphate_like_count,tpsa,0.10741413150381131,0.00010301993556356172,1302
negative,fg_amine_tertiary_count,rot_bonds,0.1065434618755565,0.00011729671273843396,1302
negative,fg_BB_SA2_primary_aromatic_amine_count,heavy_atom_count,0.10649354200180682,0.00011816931582501913,1302
negative,bb_any_genotox_alert,rot_bonds,0.10607007466659148,0.00012582141254412817,1302
negative,fg_BB_SA20_ab_unsat_carbonyl_count,hbd,-0.10568173717495359,0.00013324661920384331,1302
negative,fg_alkene_count,logp,0.10566107073715149,0.0001336531070491941,1302
negative,fg_sulfonamide_count,hbd,0.10540894810102817,0.00013870699153083527,1302
negative,fg_alcohol_count,hba,0.10538498989805244,0.0001391964846063452,1302
negative,fg_thiol_count,tpsa,-0.10507855662321375,0.00014560231430467633,1302
negative,fg_aldehyde_count,hbd,-0.10480015909701934,0.00015166151056788063,1302
negative,fg_ketone_count,mw,0.1047472593438561,0.00015283933255786148,1302
negative,fg_BB_SA2_primary_aromatic_amine_count,mw,0.1044303936611344,0.0001600764061363096,1302
negative,fg_BB_SA13_aliphatic_halogen_count,mw,0.10354057172129562,0.00018215981315185942,1302
negative,fg_sulfonamide_count,mw,0.10314998310403387,0.00019273043681378854,1302
negative,fg_BB_SA23_monohaloalkene_count,rot_bonds,-0.10299612958853945,0.00019705017211158886,1302
negative,fg_BB_SA6b_aromatic_dialkylamine_count,tpsa,0.10254257293861263,0.00021031940191849674,1302
negative,fg_carboxylic_acid_count,ring_count,-0.10206623908752839,0.0002251545360886197,1302
negative,fg_metal_atom_count,heteroatom_count,-0.10160374081267105,0.00024049290796716266,1302
negative,fg_fused_ring_like_count,hbd,0.10127184062035852,0.0002520977707923155,1302
negative,fg_halogen_any_count,rot_bonds,-0.10063419725104043,0.0002758791427408796,1302
negative,fg_BB_SA6_aromatic_monoalkylamine_count,rot_bonds,0.10025848441477501,0.000290858512807365,1302
negative,fg_carbamate_count,heteroatom_count,0.09950203899774665,0.0003233541184308952,1302
negative,fg_hydrazine_like_count,ring_count,0.09896301445379482,0.00034854767610576165,1302
negative,fg_urea_count,fraction_csp3,-0.09871396846410162,0.00036079699395976766,1302
negative,fg_fused_ring_like_count,rot_bonds,-0.09790322383127253,0.00040351533965281533,1302
negative,fg_chloro_count,hba,0.09745433495800758,0.0004291525751322009,1302
negative,fg_sulfonamide_count,ring_count,0.09731218133438933,0.00043758290486776286,1302
negative,fg_ammonium_quaternary_count,ring_count,-0.09709344635979582,0.00045085695360949293,1302
negative,fg_BB_SA23_monohaloalkene_count,tpsa,-0.09702490640689337,0.0004550929638451084,1302
negative,fg_amine_primary_count,tpsa,0.09689622063119441,0.00046314657912895757,1302
negative,fg_chloro_count,tpsa,0.09657064391932625,0.00048411930590802507,1302
negative,fg_amine_primary_count,aromatic_ring_count,-0.09607318536439347,0.0005178789989590978,1302
negative,fg_BB_SA5_nitro_aromatic_count,hbd,0.09535385410612934,0.0005705870098575708,1302
negative,fg_thiol_count,hbd,0.09503158398146871,0.000595783545096543,1302
negative,fg_BB_SA11_aliphatic_azo_count,rot_bonds,0.09454522090552747,0.0006357745408490584,1302
negative,fg_phosphate_like_count,tpsa,0.09453359179508485,0.0006367605826082124,1302
negative,fg_BB_SA23_monohaloalkene_count,hba,-0.09405176287449112,0.0006788865650727854,1302
negative,fg_nitrile_count,tpsa,0.09284128646628922,0.0007964004971163544,1302
negative,fg_thiol_count,aromatic_ring_count,-0.09271928138908317,0.0008092364875634165,1302
negative,fg_imine_count,fraction_csp3,-0.09258087315887605,0.0008240302506306722,1302
negative,fg_thiol_count,heavy_atom_count,-0.09255839774220684,0.0008264560552156651,1302
negative,fg_BB_SA2c_aromatic_amine_general_count,logp,0.09220894206725437,0.000865034747214719,1302
negative,fg_sulfonamide_count,heavy_atom_count,0.09168320896395536,0.0009262256667447306,1302
negative,fg_BB_SA22_simple_aldehyde_count,hba,-0.09121761081497899,0.0009837374869340343,1302
negative,fg_sulfonamide_count,fraction_csp3,-0.09119804872615513,0.0009862246492175785,1302
negative,fg_BB_SA6b_aromatic_dialkylamine_count,fraction_csp3,-0.09092491860757931,0.001021563882084572,1302
negative,fg_bromo_count,mw,0.09052015076979299,0.0010760926181290213,1302
negative,fg_fluoro_count,mw,0.0901306145531326,0.0011310971044963018,1302
negative,fg_urea_count,heavy_atom_count,0.09008909900633022,0.0011371099168353978,1302
negative,fg_imine_count,ring_count,0.09008672170263257,0.001137455120139825,1302
negative,fg_amine_secondary_count,logp,-0.08956011972399197,0.0012163514703187619,1302
negative,fg_hydrazine_like_count,aromatic_ring_count,0.08923744878983189,0.0012671579467048795,1302
negative,fg_amine_primary_count,mw,-0.08922498782500062,0.0012691586935260541,1302
negative,fg_ketone_count,tpsa,0.08880308348443218,0.0013386439045173781,1302
negative,fg_hydrazine_like_count,fraction_csp3,-0.08878685893142374,0.0013413847089111422,1302
negative,fg_ketone_count,hba,0.08835997130415398,0.0014153831655206945,1302
negative,fg_aldehyde_count,mw,-0.08812375255981536,0.0014579282441976188,1302
negative,fg_carbamate_count,hba,0.08761608519283853,0.0015533757195594238,1302
negative,fg_bromo_count,fraction_csp3,-0.08727167282385168,0.0016213663170007546,1302
negative,fg_sulfide_count,hba,0.08716151667648565,0.0016436830813099873,1302
negative,fg_imine_count,heavy_atom_count,0.08652989988071641,0.0017771863689952571,1302
negative,fg_ammonium_quaternary_count,hba,-0.08634678995963262,0.0018177111086543451,1302
negative,fg_urea_count,mw,0.08493902359247693,0.0021587487901982404,1302
negative,fg_aromatic_ring_count,rot_bonds,0.08436498016356737,0.0023139121843750972,1302
negative,fg_bromo_count,logp,0.08427335101763272,0.002339603137114106,1302
negative,fg_BB_SA22_simple_aldehyde_count,tpsa,-0.08404191109044955,0.002405660186320823,1302
negative,fg_sulfide_count,heteroatom_count,0.08334503082305138,0.002614993007024342,1302
negative,fg_fluoro_count,rot_bonds,-0.08324153839616955,0.0026474616252741227,1302
negative,fg_amine_primary_count,heavy_atom_count,-0.08321826870361712,0.0026548125089104883,1302
negative,fg_alkene_count,hba,-0.0828930962434597,0.0027595024452942455,1302
negative,fg_fluoro_count,aromatic_ring_count,0.08226261340102578,0.0029732888682104035,1302
negative,fg_amine_secondary_count,aromatic_ring_count,-0.08155297363635963,0.0032318953687873347,1302
negative,fg_imine_count,mw,0.08135005119092166,0.003309519511683879,1302
negative,fg_BB_SA22_simple_aldehyde_count,mw,-0.08086265582998839,0.0035029402084660764,1302
negative,fg_thiol_count,fraction_csp3,0.08078545049328494,0.003534504562679975,1302
negative,fg_amine_tertiary_count,logp,-0.08064774360569998,0.0035914465087015187,1302
negative,fg_carboxylic_acid_count,heteroatom_count,0.08034410594551625,0.0037199567800392974,1302
negative,fg_amine_primary_count,ring_count,-0.07933862232463784,0.0041758762445094355,1302
negative,fg_BB_SA5_nitro_aromatic_count,logp,0.0784150809864673,0.004638640542552147,1302
negative,fg_BB_SA20_ab_unsat_carbonyl_count,aromatic_ring_count,-0.07801054602710085,0.004855574324570621,1302
negative,fg_organophosphate_like_count,hbd,0.0779900970468729,0.004866779773858494,1302
negative,fg_BB_SA5_nitro_aromatic_count,rot_bonds,0.07689743527813717,0.005500603119503358,1302
negative,fg_amine_tertiary_count,hba,0.07624894360744239,0.005911070270717077,1302
negative,fg_BB_SA28_alkenylbenzene_count,logp,0.07615337862201942,0.0059738359127231265,1302
negative,fg_BB_SA23_monohaloalkene_count,heteroatom_count,0.07603798445813932,0.006050424116422926,1302
negative,fg_bromo_count,heteroatom_count,0.07585647371078542,0.006172683503882178,1302
negative,fg_carboxylic_acid_count,mw,-0.07569645817629256,0.006282302474539246,1302
negative,fg_amine_tertiary_count,aromatic_ring_count,-0.07373113651547372,0.00777873484290442,1302
negative,fg_bromo_count,rot_bonds,-0.07359881396633261,0.00789011141603974,1302
negative,fg_BB_SA28_alkenylbenzene_count,hba,0.07247510707860562,0.008894949692743476,1302
negative,fg_carboxylic_acid_count,aromatic_ring_count,-0.0723217758033081,0.00904056701194853,1302
negative,fg_phenol_count,rot_bonds,0.07184776896505717,0.00950426479037127,1302
negative,fg_carboxylic_acid_count,heavy_atom_count,-0.07172695841237323,0.009625785336265165,1302
negative,fg_nitrile_count,hba,0.07126409946761664,0.010104268643212741,1302
negative,fg_BB_SA28_alkenylbenzene_count,rot_bonds,0.0706501949834714,0.01077148505062245,1302
negative,fg_BB_SA6b_aromatic_dialkylamine_count,logp,0.07056983315777542,0.010861660445094968,1302
negative,fg_BB_SA6b_aromatic_dialkylamine_count,hbd,0.07032425230654099,0.011141398462716869,1302
negative,fg_amine_secondary_count,mw,-0.07030866569981019,0.011159366785884979,1302
negative,fg_ketone_count,heteroatom_count,0.0698104087818393,0.011747474076638174,1302
negative,fg_ammonium_quaternary_count,aromatic_ring_count,-0.06954882022719944,0.012067095726074598,1302
negative,fg_sulfide_count,mw,0.06897160521445546,0.0127997374458412,1302
negative,fg_BB_SA6_aromatic_monoalkylamine_count,fraction_csp3,-0.06886145324071012,0.012943934326998783,1302
negative,fg_hydrazine_like_count,heavy_atom_count,0.06870560369310681,0.013150404432860235,1302
negative,fg_aldehyde_count,heavy_atom_count,-0.06845595011378254,0.01348721148019491,1302
negative,fg_alcohol_count,mw,-0.06739843277216319,0.014999798436840359,1302
negative,fg_BB_SA22_simple_aldehyde_count,aromatic_ring_count,-0.06718338743120753,0.015325033629372257,1302
negative,fg_BB_SA20_ab_unsat_carbonyl_count,hba,0.06641319712996398,0.0165413024021071,1302
negative,fg_BB_SA40_alkyl_halides_nongx_count,fraction_csp3,0.06601038902566295,0.0172105177264638,1302
negative,fg_BB_SA22_simple_aldehyde_count,heavy_atom_count,-0.06581924244239043,0.01753630069420664,1302
negative,fg_hydrazine_like_count,mw,0.06571200153445034,0.017721432486693695,1302
negative,fg_amine_tertiary_count,hbd,0.06558869514466661,0.01793641088130108,1302
negative,fg_BB_SA22_simple_aldehyde_count,ring_count,-0.06556393573041058,0.017979851711766102,1302
negative,fg_nitrile_count,aromatic_ring_count,0.06548201030341591,0.018124248223644553,1302
negative,fg_bromo_count,aromatic_ring_count,0.0639349666540557,0.021047830048618845,1302
negative,fg_imine_count,aromatic_ring_count,0.06372469056907297,0.02147531550696549,1302
negative,fg_BB_SA40_alkyl_halides_nongx_count,heteroatom_count,0.06365869062875346,0.021611039397798504,1302
negative,fg_BB_SA11_aliphatic_azo_count,logp,0.06249139062435065,0.024137722846506195,1302
negative,fg_amine_secondary_count,heavy_atom_count,-0.06183808997563639,0.02566053957917515,1302
negative,fg_ether_count,aromatic_ring_count,-0.06143427406652907,0.026642755900488948,1302
negative,fg_BB_SA20_ab_unsat_carbonyl_count,fraction_csp3,-0.06017597445687849,0.02991407790750628,1302
negative,fg_BB_SA13_aliphatic_halogen_count,hbd,-0.05993785484256104,0.030570493627307918,1302
negative,fg_bromo_count,ring_count,0.059516739699230554,0.03176163568215827,1302
negative,fg_ester_count,heteroatom_count,0.05947533818417553,0.031880859430079955,1302
negative,fg_heteroaromatic_ring_count,rot_bonds,0.05875126643046522,0.03402875015260446,1302
negative,fg_nitrile_count,hbd,-0.05809886776814326,0.036068673843088,1302
negative,fg_amine_secondary_count,heteroatom_count,-0.05792067797523522,0.03664362001168724,1302
negative,fg_alkene_count,heavy_atom_count,0.05784497685872984,0.036890226918909856,1302
negative,fg_BB_SA6_aromatic_monoalkylamine_count,logp,0.05780954635098025,0.03700613087699029,1302
negative,fg_fluoro_count,hbd,-0.05770850523953188,0.03733836956406316,1302
negative,bb_n_nongenotox_alerts,aromatic_ring_count,0.05733858415988216,0.03857644771326531,1302
negative,fg_ketone_count,logp,0.05726988036011743,0.038810186603320695,1302
negative,fg_alkene_count,fraction_csp3,-0.05693977315898993,0.03995008073233535,1302
negative,fg_BB_SA22_simple_aldehyde_count,hbd,-0.056460898739149036,0.04165403108812469,1302
negative,bb_any_alert,hbd,0.05643927975121433,0.041732384888823686,1302
negative,fg_BB_SA13_aliphatic_halogen_count,logp,0.05640865621609057,0.04184358718453845,1302
negative,fg_BB_SA40_alkyl_halides_nongx_count,hbd,-0.05639180463283908,0.041904886604216096,1302
negative,fg_hydrazine_like_count,hbd,0.056323355749952765,0.042154657686993946,1302
negative,fg_sulfide_count,heavy_atom_count,0.05625812122510078,0.042393869316653024,1302
negative,fg_BB_SA13_aliphatic_halogen_count,heavy_atom_count,0.05541928062997925,0.045573421774114185,1302
negative,fg_alkene_count,rot_bonds,0.054744598115824605,0.048274263786982526,1302
negative,fg_BB_SA34_halobenzene_count,hbd,0.05471667747408625,0.04838886778771352,1302
negative,fg_imine_count,hbd,0.05465391503694903,0.04864731801130802,1302
negative,bb_n_nongenotox_alerts,ring_count,0.05454883573005476,0.04908261690932206,1302
negative,fg_BB_SA23_monohaloalkene_count,hbd,-0.05452596979891976,0.04917777206424953,1302
negative,fg_sulfide_count,fraction_csp3,0.05442557141105794,0.04959740558538297,1302
negative,fg_ammonium_quaternary_count,tpsa,-0.05434853895948517,0.04992140713295345,1302
negative,fg_BB_SA13_aliphatic_halogen_count,rot_bonds,-0.054293801423632125,0.050152711120808796,1302
negative,fg_fluoro_count,tpsa,-0.054176686524885484,0.050650617424218974,1302
negative,fg_chloro_count,rot_bonds,-0.053427263566857015,0.05393557837924875,1302
negative,fg_BB_SA23_monohaloalkene_count,aromatic_ring_count,-0.05335953087898591,0.05424103217248266,1302
negative,fg_BB_SA23_monohaloalkene_count,fraction_csp3,-0.051356209380242435,0.06394818643853616,1302
negative,fg_BB_SA28_alkenylbenzene_count,tpsa,0.051351306843055694,0.06397359331463334,1302
negative,fg_thiol_count,logp,-0.05115506214369865,0.06499746801208259,1302
negative,fg_alcohol_count,heavy_atom_count,-0.0506544834843776,0.06767042134016717,1302
negative,fg_BB_SA21_ab_unsat_alkoxy_count,aromatic_ring_count,-0.05050595422323443,0.06848068413792747,1302
negative,fg_BB_SA21_ab_unsat_alkoxy_count,heteroatom_count,0.05047590079382045,0.06864559792620707,1302
negative,fg_phosphate_like_count,hbd,0.04953929557979005,0.07395067209019468,1302
negative,fg_ammonium_quaternary_count,heavy_atom_count,0.04934163542724543,0.07511197570244302,1302
negative,fg_bromo_count,hbd,-0.048940849609788666,0.0775123530698627,1302
negative,fg_fluoro_count,hba,-0.04889748942416906,0.07777574532076777,1302
negative,fg_sulfide_count,rot_bonds,0.048833730180539256,0.07816437399387896,1302
negative,bb_any_nongenotox_alert,aromatic_ring_count,0.04832419631968341,0.08132715242081828,1302
negative,fg_BB_SA28_alkenylbenzene_count,heteroatom_count,0.04765510800806757,0.0856370326624803,1302
negative,fg_phosphate_like_count,hba,0.046828062923614557,0.0912171774483198,1302
negative,fg_ammonium_quaternary_count,mw,0.04657335508814255,0.09299334517209389,1302
negative,fg_fluoro_count,logp,0.04639300355384612,0.09426768671578314,1302
negative,bb_any_nongenotox_alert,hbd,-0.04637424020422168,0.09440106544230414,1302
negative,fg_thiol_count,mw,-0.04635214394890017,0.09455832972352947,1302
negative,fg_carbamate_count,heavy_atom_count,0.04615517699780297,0.09596947529588576,1302
negative,fg_carbamate_count,ring_count,0.04614563360606015,0.09603827310263735,1302
negative,fg_BB_SA47_n_alkylcarboxylic_acid_count,heteroatom_count,-0.04577011780586147,0.0987767860318991,1302
negative,fg_organophosphate_like_count,hba,0.044619824639481435,0.10755451563776917,1302
negative,bb_any_nongenotox_alert,ring_count,0.04453896827786466,0.10819402117595354,1302
negative,fg_phosphate_like_count,fraction_csp3,0.04408527819998717,0.11183825611308379,1302
negative,fg_BB_SA13_aliphatic_halogen_count,tpsa,-0.04383791443280789,0.11386554749215881,1302
negative,fg_amine_tertiary_count,ring_count,-0.04356423295651426,0.11614208809279528,1302
negative,fg_chloro_count,hbd,0.04338344380632787,0.11766542115024829,1302
negative,fg_BB_SA47_n_alkylcarboxylic_acid_count,tpsa,0.0429870445417868,0.12106028054912675,1302
negative,fg_organophosphate_like_count,mw,0.04285959871724459,0.12216786943010888,1302
negative,bb_n_nongenotox_alerts,hbd,-0.04261034018054578,0.1243569427520274,1302
negative,fg_phosphate_like_count,ring_count,-0.042116118988485995,0.12878761700366975,1302
negative,fg_fluoro_count,heavy_atom_count,0.04154346286825032,0.13407359947829117,1302
negative,fg_phosphate_like_count,rot_bonds,0.04120109959808094,0.1373129671376252,1302
negative,fg_carbamate_count,aromatic_ring_count,0.04118883715533345,0.13743010038992082,1302
negative,fg_carboxylic_acid_count,fraction_csp3,-0.041036144090390345,0.13889510778032252,1302
negative,fg_BB_SA22_simple_aldehyde_count,logp,-0.04071387981015254,0.14202646021825682,1302
negative,fg_carbamate_count,mw,0.0401100585200101,0.14803904793412132,1302
negative,fg_BB_SA47_n_alkylcarboxylic_acid_count,hba,0.0400165927022109,0.1489868493956386,1302
negative,fg_amine_secondary_count,tpsa,-0.03991286046921225,0.15004416819200916,1302
negative,fg_BB_SA20_ab_unsat_carbonyl_count,heavy_atom_count,0.038322053457568825,0.16698299212873793,1302
negative,bb_any_nongenotox_alert,fraction_csp3,0.03822758275074193,0.16803232419620534,1302
negative,fg_BB_SA23_monohaloalkene_count,heavy_atom_count,-0.03796191308906565,0.17100974861776988,1302
negative,fg_phosphate_like_count,mw,0.03781074623822455,0.1727214351871706,1302
negative,fg_amine_secondary_count,ring_count,-0.03757458092007796,0.17542113768179932,1302
negative,fg_BB_SA13_aliphatic_halogen_count,hba,-0.03711101152475467,0.18081161722642453,1302
negative,fg_ammonium_quaternary_count,logp,0.03587837370307498,0.19574109347612728,1302
negative,fg_BB_SA28_alkenylbenzene_count,hbd,0.034937077815842196,0.20773552009516424,1302
negative,fg_organophosphate_like_count,fraction_csp3,0.034371225850310265,0.21519737403195854,1302
negative,fg_ketone_count,hbd,0.03431923606386326,0.21589251489911415,1302
negative,fg_nitrile_count,rot_bonds,-0.03419244518106788,0.21759456930439142,1302
negative,fg_organophosphate_like_count,rot_bonds,0.03418439989741182,0.21770289430433,1302
negative,fg_sulfide_count,logp,0.03408031434016679,0.2191078377224084,1302
negative,fg_sulfonic_acid_or_sulfonate_count,logp,0.03405320291437381,0.21947485205735126,1302
negative,fg_BB_SA20_ab_unsat_carbonyl_count,tpsa,0.03387176516805035,0.22194237057105368,1302
negative,fg_alkene_count,mw,0.033854353659450706,0.22218020334324204,1302
negative,fg_sulfone_count,logp,0.03358932155759187,0.22582294027473124,1302
negative,fg_aldehyde_count,aromatic_ring_count,-0.0327439256527762,0.23772644987046118,1302
negative,fg_organophosphate_like_count,ring_count,-0.0324618747097766,0.24179460374327547,1302
negative,fg_aldehyde_count,ring_count,-0.032338058070418285,0.2435958381582682,1302
negative,fg_BB_SA40_alkyl_halides_nongx_count,tpsa,-0.032093836931561696,0.24717622349008314,1302
negative,bb_n_nongenotox_alerts,fraction_csp3,0.03182406442972533,0.25117380801962946,1302
negative,fg_halogen_any_count,hba,0.0305934162412485,0.2699805254321982,1302
negative,fg_BB_SA40_alkyl_halides_nongx_count,mw,0.030546591964631838,0.2707146564702424,1302
negative,fg_bromo_count,tpsa,-0.03051721342655149,0.2711759628692955,1302
negative,fg_sulfonamide_count,rot_bonds,0.030115093533809804,0.27754419973598266,1302
negative,fg_BB_SA40_alkyl_halides_nongx_count,aromatic_ring_count,-0.0295776100763379,0.28621387497115686,1302
negative,fg_bromo_count,hba,-0.029511527890540803,0.28729226859931384,1302
negative,fg_carbamate_count,fraction_csp3,-0.029350679603178248,0.2899285827309636,1302
negative,fg_nitrile_count,heteroatom_count,0.028674698229953017,0.30118537653022703,1302
negative,fg_fluoro_count,ring_count,0.02861687522610387,0.30216159563628636,1302
negative,fg_thiol_count,heteroatom_count,0.02845178005169024,0.3049604408297498,1302
negative,fg_bromo_count,heavy_atom_count,0.02836050799938017,0.3065151214514055,1302
negative,fg_phosphate_like_count,aromatic_ring_count,-0.028333771227969384,0.306971533328901,1302
negative,fg_halogen_any_count,tpsa,0.02639866110960901,0.3411983675957768,1302
negative,fg_carboxylic_acid_count,hba,-0.02621202064903356,0.34462391105093515,1302
negative,fg_BB_SA20_ab_unsat_carbonyl_count,rot_bonds,0.026211161347450652,0.3446397329295442,1302
negative,fg_nitrile_count,ring_count,0.025939690018460925,0.34966135824518585,1302
negative,fg_BB_SA2_primary_aromatic_amine_count,logp,0.025793215770615788,0.35238997924106186,1302
negative,fg_ammonium_quaternary_count,heteroatom_count,-0.025396301420259927,0.35985140304374164,1302
negative,fg_urea_count,logp,0.025346577262100708,0.3607930822943375,1302
negative,fg_sulfide_count,tpsa,0.02519548709651369,0.3636639012286136,1302
negative,fg_BB_SA22_simple_aldehyde_count,fraction_csp3,0.024691915068776823,0.37333477929685543,1302
negative,fg_halogen_any_count,hbd,-0.024409085543906684,0.3788354851472403,1302
negative,fg_thiol_count,hba,0.024397669611012054,0.3790585528583992,1302
negative,fg_BB_SA23_monohaloalkene_count,logp,0.024117156068905996,0.38456513152189586,1302
negative,fg_hydrazine_like_count,logp,-0.023895351267827727,0.3889536479466035,1302
negative,fg_organophosphate_like_count,aromatic_ring_count,-0.02374082590580898,0.3920289271141669,1302
negative,fg_sulfide_count,aromatic_ring_count,-0.02324797078515166,0.40193545619703686,1302
negative,fg_carbamate_count,rot_bonds,0.02299831051944401,0.40701042800795273,1302
negative,fg_BB_SA13_aliphatic_halogen_count,aromatic_ring_count,0.02296550304051166,0.4076801488596613,1302
negative,fg_urea_count,hba,0.02202886857372443,0.427075635506067,1302
negative,fg_BB_SA20_ab_unsat_carbonyl_count,mw,0.021918188222741004,0.42940252106552446,1302
negative,fg_BB_SA21_ab_unsat_alkoxy_count,hbd,-0.020852374832191115,0.4521832308293747,1302
negative,fg_BB_SA22_simple_aldehyde_count,rot_bonds,0.02064653953675306,0.4566600622369493,1302
negative,fg_BB_SA21_ab_unsat_alkoxy_count,hba,0.02027886722287537,0.46471835680563933,1302
negative,fg_BB_SA2_primary_aromatic_amine_count,rot_bonds,0.01973475231370046,0.47678741212579767,1302
negative,fg_amine_tertiary_count,heavy_atom_count,0.018232940698924806,0.5109711583500366,1302
negative,fg_alkene_count,ring_count,-0.017931922768257533,0.5179735152753981,1302
negative,fg_BB_SA20_ab_unsat_carbonyl_count,ring_count,-0.016865137553205102,0.5431825026738867,1302
negative,fg_organophosphate_like_count,heavy_atom_count,0.016793969267376942,0.5448857270345238,1302
negative,fg_BB_SA20_ab_unsat_carbonyl_count,logp,-0.0166453448997356,0.5484511790842437,1302
negative,fg_imine_count,logp,0.01644200669966617,0.5533477678261892,1302
negative,fg_BB_SA21_ab_unsat_alkoxy_count,mw,0.016089214747048546,0.5618937924149968,1302
negative,fg_BB_SA23_monohaloalkene_count,ring_count,-0.01603658281311824,0.5631741883075283,1302
negative,fg_sulfonamide_count,logp,-0.01601084930029564,0.563800727878468,1302
negative,fg_ketone_count,rot_bonds,-0.015980488448466165,0.5645403613667828,1302
negative,fg_BB_SA40_alkyl_halides_nongx_count,rot_bonds,-0.015879630047931272,0.5670007577680058,1302
negative,fg_aldehyde_count,logp,-0.0155828220954887,0.5742708867836532,1302
negative,fg_BB_SA23_monohaloalkene_count,mw,-0.015291730591434894,0.5814435285324792,1302
negative,fg_amine_primary_count,rot_bonds,-0.014011140807887032,0.6134840233910661,1302
negative,fg_ammonium_quaternary_count,hbd,-0.013765489458382855,0.6197181407333803,1302
negative,fg_carbamate_count,logp,-0.013425423517120352,0.628393490846466,1302
negative,fg_amine_tertiary_count,heteroatom_count,0.012636080946926824,0.6487273019680844,1302
negative,fg_phosphate_like_count,heavy_atom_count,0.012575143192505543,0.6503082716123326,1302
negative,fg_amine_tertiary_count,tpsa,-0.011969034168285783,0.6661178385139486,1302
negative,fg_imine_count,rot_bonds,-0.0116996751899061,0.6731920962253471,1302
negative,fg_amine_secondary_count,rot_bonds,-0.011669399998896468,0.6739890460138189,1302
negative,fg_BB_SA20_ab_unsat_carbonyl_count,heteroatom_count,0.01158651211085951,0.6761728158484399,1302
negative,fg_amine_primary_count,heteroatom_count,-0.011568602213986996,0.6766450296605395,1302
negative,fg_nitrile_count,logp,-0.011474244848851393,0.6791349574477945,1302
negative,fg_amine_secondary_count,hba,-0.011335524883461675,0.6828018896569699,1302
negative,fg_BB_SA21_ab_unsat_alkoxy_count,rot_bonds,-0.011188457886084194,0.6866976490317553,1302
negative,fg_BB_SA21_ab_unsat_alkoxy_count,heavy_atom_count,0.010945739000590125,0.693145373375952,1302
negative,fg_BB_SA21_ab_unsat_alkoxy_count,fraction_csp3,-0.010940425583150025,0.6932867727375773,1302
negative,fg_BB_SA21_ab_unsat_alkoxy_count,logp,0.010245337719303221,0.711874637611051,1302
negative,fg_BB_SA21_ab_unsat_alkoxy_count,ring_count,0.010207353465424404,0.7128954693266316,1302
negative,fg_nitrile_count,mw,-0.009186421197756912,0.740520291129756,1302
negative,fg_BB_SA34_halobenzene_count,rot_bonds,-0.00865205649562202,0.7551163815605275,1302
negative,fg_amine_tertiary_count,mw,0.008597546817165434,0.7566103259577519,1302
negative,fg_phosphate_like_count,logp,0.008528747121570803,0.7584972134420587,1302
negative,fg_alcohol_count,heteroatom_count,-0.007938259666470758,0.7747498386185258,1302
negative,fg_amine_primary_count,hba,0.0075098458466323955,0.7866040136885861,1302
negative,fg_sulfide_count,hbd,0.0074151143246210145,0.789232016774943,1302
negative,fg_nitrile_count,heavy_atom_count,0.006603337969084143,0.8118473168440916,1302
negative,fg_BB_SA40_alkyl_halides_nongx_count,hba,-0.006539076429331679,0.8136445655796163,1302
negative,fg_carboxylic_acid_count,rot_bonds,0.006366590162795527,0.8184734362186142,1302
negative,fg_urea_count,rot_bonds,-0.005842909928138757,0.8331756872005962,1302
negative,fg_aldehyde_count,rot_bonds,-0.004972222032832671,0.8577471760932586,1302
negative,fg_BB_SA40_alkyl_halides_nongx_count,ring_count,0.004417777920151584,0.8734676606973496,1302
negative,fg_BB_SA21_ab_unsat_alkoxy_count,tpsa,-0.004318607320847531,0.8762849583593006,1302
negative,fg_sulfide_count,ring_count,0.003668598616958643,0.8947879663222126,1302
negative,fg_BB_SA40_alkyl_halides_nongx_count,heavy_atom_count,-0.0026984898360576776,0.922506497778306,1302
negative,fg_aldehyde_count,fraction_csp3,-0.0023372283540948925,0.9328545822986354,1302
negative,fg_hydrazine_like_count,rot_bonds,0.00154667232243901,0.9555366861681562,1302
negative,fg_thiol_count,rot_bonds,0.0015393961211464895,0.9557456455301248,1302
negative,fg_BB_SA40_alkyl_halides_nongx_count,logp,0.001529874548341673,0.9560190924940624,1302
negative,fg_BB_SA13_aliphatic_halogen_count,ring_count,0.0014229255355056561,0.9590908742108041,1302
negative,fg_organophosphate_like_count,logp,0.0013923958435691252,0.959967859113,1302
negative,fg_ether_count,ring_count,0.0011841090385856239,0.9659522670735183,1302
negative,fg_BB_SA13_aliphatic_halogen_count,fraction_csp3,-0.001090908571960502,0.9686307038530222,1302
positive,fg_heteroaromatic_ring_count,aromatic_ring_count,0.9965462917337042,6.365346306586156e-176,163
positive,fg_aromatic_ring_count,aromatic_ring_count,0.9816871165860596,7.396403876556191e-118,163
positive,fg_heteroaromatic_ring_count,ring_count,0.7096091011677604,2.901151750469817e-26,163
positive,fg_aromatic_ring_count,ring_count,0.6954242720136117,7.0337080875892765e-25,163
positive,fg_fused_ring_like_count,ring_count,0.6659679988123687,3.021504833654987e-22,163
positive,fg_aniline_count,aromatic_ring_count,0.6468483056897842,1.0837283156644001e-20,163
positive,fg_aromatic_ring_count,logp,0.6299819544096574,2.075982538357672e-19,163
positive,fg_aromatic_ring_count,heavy_atom_count,0.6246542523883117,5.08318043710976e-19,163
positive,fg_heteroaromatic_ring_count,logp,0.6244599393471473,5.250239195722791e-19,163
positive,fg_heteroaromatic_ring_count,heavy_atom_count,0.6220277437320046,7.854763530827935e-19,163
positive,fg_BB_SA2c_aromatic_amine_general_count,hbd,0.5455166816407582,5.0768385652968054e-14,163
positive,fg_aromatic_ring_count,mw,0.5441328432787335,6.048185570260042e-14,163
positive,fg_heteroaromatic_ring_count,mw,0.5397878912690864,1.0425506445626576e-13,163
positive,fg_sulfone_count,tpsa,0.5367294026821071,1.52240344470319e-13,163
positive,fg_BB_SA2c_aromatic_amine_general_count,aromatic_ring_count,0.5280929762989622,4.345146654268084e-13,163
positive,fg_sulfonic_acid_or_sulfonate_count,hbd,0.5198794046637317,1.1464787714280367e-12,163
positive,fg_phenol_count,aromatic_ring_count,0.5187436746563672,1.30840998858311e-12,163
positive,fg_sulfone_count,heteroatom_count,0.5090469119986603,3.963436841600905e-12,163
positive,fg_aniline_count,hbd,0.5088389344326706,4.057232929362344e-12,163
positive,fg_phenol_count,hbd,0.5026664054469817,8.064965105472093e-12,163
positive,fg_sulfonic_acid_or_sulfonate_count,tpsa,0.5024639215810156,8.246873817224135e-12,163
positive,fg_aniline_count,ring_count,0.5002051390219884,1.0566214562476232e-11,163
positive,fg_sulfonic_acid_or_sulfonate_count,heteroatom_count,0.48343508756176157,6.292850132967583e-11,163
positive,fg_sulfone_count,hba,0.4756911210931197,1.3891595837414693e-10,163
positive,bb_n_genotox_alerts,aromatic_ring_count,0.46943798443913237,2.595635173593282e-10,163
positive,bb_n_alerts,aromatic_ring_count,0.4690911309902891,2.686229768218423e-10,163
positive,fg_sulfone_count,hbd,0.4599700364407272,6.5316840950512e-10,163
positive,fg_azo_count,hba,0.4577015474136649,8.114213252965382e-10,163
positive,fg_BB_SA8_aromatic_diazo_count,aromatic_ring_count,0.45581194756505616,9.70969662511431e-10,163
positive,fg_fused_ring_like_count,heavy_atom_count,0.4553129281785227,1.0179219209911704e-09,163
positive,fg_aromatic_ring_count,hbd,0.4530176996979276,1.2636301555240544e-09,163
positive,fg_aniline_count,heavy_atom_count,0.4491095646519136,1.8193751303309897e-09,163
positive,fg_sulfonic_acid_or_sulfonate_count,hba,0.448808265718934,1.8708710692887063e-09,163
positive,fg_heteroaromatic_ring_count,hbd,0.4486331566026246,1.9014428773889825e-09,163
positive,fg_aniline_count,tpsa,0.44859720448717477,1.9077790399604662e-09,163
positive,fg_BB_SA8_aromatic_diazo_count,hbd,0.4441678043276856,2.865841774712374e-09,163
positive,fg_azo_count,heteroatom_count,0.44154279442681077,3.637449082030038e-09,163
positive,fg_azo_count,tpsa,0.4414529996597666,3.66710541061772e-09,163
positive,bb_n_alerts,heavy_atom_count,0.43824616056798626,4.893222673115067e-09,163
positive,fg_BB_SA8_aromatic_diazo_count,heteroatom_count,0.4377060487561649,5.135304809285605e-09,163
positive,fg_fused_ring_like_count,mw,0.43734567360134086,5.303204210255049e-09,163
positive,fg_BB_SA8_aromatic_diazo_count,hba,0.4351279830502741,6.458960364645808e-09,163
positive,bb_n_genotox_alerts,heavy_atom_count,0.43306577343284175,7.748788799147485e-09,163
positive,fg_BB_SA8_aromatic_diazo_count,tpsa,0.4328767538145542,7.87870781394084e-09,163
positive,fg_BB_SA8_aromatic_diazo_count,heavy_atom_count,0.43220130570990983,8.36032600432138e-09,163
positive,fg_BB_SA8_aromatic_diazo_count,mw,0.43170809216009476,8.729786221433883e-09,163
positive,fg_azo_count,heavy_atom_count,0.43148056194820333,8.905479324368286e-09,163
positive,bb_n_alerts,ring_count,0.4266626328904782,1.353339678690805e-08,163
positive,bb_n_alerts,heteroatom_count,0.42408482171295814,1.6884569454819457e-08,163
positive,fg_azo_count,mw,0.4234627844918854,1.7805534193921365e-08,163
positive,fg_aromatic_ring_count,tpsa,0.42254332161956,1.9255872485033065e-08,163
positive,fg_heteroaromatic_ring_count,tpsa,0.42246671511225325,1.9381708718215923e-08,163
positive,fg_BB_SA8_aromatic_diazo_count,ring_count,0.42230482870502073,1.9650235102506597e-08,163
positive,fg_heteroaromatic_ring_count,fraction_csp3,-0.4172138644293811,3.017815428086903e-08,163
positive,fg_azo_count,hbd,0.415344893234283,3.526337147270895e-08,163
positive,fg_aromatic_ring_count,fraction_csp3,-0.41473034808239556,3.710838624718041e-08,163
positive,fg_aniline_count,mw,0.4121099273808639,4.6069695282261024e-08,163
positive,bb_n_alerts,mw,0.40953755798998565,5.6866610354058505e-08,163
positive,fg_sulfone_count,aromatic_ring_count,0.4064785134585672,7.287912460021022e-08,163
positive,fg_BB_SA2c_aromatic_amine_general_count,ring_count,0.4058709724842031,7.653743105805136e-08,163
positive,bb_n_genotox_alerts,ring_count,0.4053554303727091,7.977934340650697e-08,163
positive,bb_any_alert,heavy_atom_count,0.4051241759283057,8.127597592476686e-08,163
positive,fg_sulfone_count,mw,0.4039869344048907,8.903642888658419e-08,163
positive,fg_phenol_count,ring_count,0.39598509347238386,1.6753228433653682e-07,163
positive,fg_aniline_count,hba,0.3929538380794287,2.1194499143116047e-07,163
positive,fg_BB_SA2c_aromatic_amine_general_count,tpsa,0.3900959113984887,2.6398386053491394e-07,163
positive,fg_sulfone_count,heavy_atom_count,0.3883796961294746,3.0088971419259804e-07,163
positive,fg_azo_count,rot_bonds,0.3855772540968934,3.719760598851089e-07,163
positive,bb_n_genotox_alerts,hba,0.38477655896716234,3.9507054689109843e-07,163
positive,bb_n_genotox_alerts,mw,0.38387043084733147,4.2285868477680566e-07,163
positive,fg_azo_count,ring_count,0.38352777442674557,4.3384589334611965e-07,163
positive,bb_n_genotox_alerts,heteroatom_count,0.3832003721474823,4.4459846725742543e-07,163
positive,fg_azo_count,aromatic_ring_count,0.3824556272502,4.700139218135423e-07,163
positive,fg_BB_SA8_aromatic_diazo_count,rot_bonds,0.38239254421350616,4.7222934704049755e-07,163
positive,fg_fused_ring_like_count,aromatic_ring_count,0.38015541081553733,5.575730274406664e-07,163
positive,fg_ether_count,hba,0.3797319390386454,5.753056266867342e-07,163
positive,fg_aniline_count,logp,0.37712742753957307,6.967934980696302e-07,163
positive,fg_ether_count,fraction_csp3,0.3768909327844446,7.089630395013896e-07,163
positive,fg_phenol_count,tpsa,0.3761285595519766,7.495893289833149e-07,163
positive,fg_sulfonic_acid_or_sulfonate_count,aromatic_ring_count,0.3752912452404441,7.967666765033141e-07,163
positive,bb_n_genotox_alerts,tpsa,0.3720877720718689,1.0047659512431075e-06,163
positive,bb_any_alert,heteroatom_count,0.3705542897789022,1.1217719311583794e-06,163
positive,fg_metal_atom_count,heavy_atom_count,-0.3702914416773897,1.1430886641615725e-06,163
positive,fg_aromatic_ring_count,rot_bonds,0.3660677315088985,1.5433525590545429e-06,163
positive,fg_sulfonic_acid_or_sulfonate_count,mw,0.3645046254684356,1.722861535863699e-06,163
positive,fg_ether_count,rot_bonds,0.3631309225397145,1.8968723860918404e-06,163
positive,fg_heteroaromatic_ring_count,hba,0.35921535633025076,2.489376424032815e-06,163
positive,fg_sulfonic_acid_or_sulfonate_count,heavy_atom_count,0.3591974632612862,2.492450025339153e-06,163
positive,bb_any_genotox_alert,heavy_atom_count,0.3576054344211009,2.7808464583928982e-06,163
positive,bb_any_alert,mw,0.3569208914269278,2.914366042337075e-06,163
positive,fg_aromatic_ring_count,hba,0.3564957052936207,3.0003421927676978e-06,163
positive,bb_n_genotox_alerts,rot_bonds,0.3563154310576807,3.0375180571793036e-06,163
positive,fg_aniline_count,heteroatom_count,0.35537109551831114,3.2395181796300532e-06,163
positive,bb_n_alerts,hba,0.35388241423698985,3.584083022324848e-06,163
positive,fg_aniline_count,rot_bonds,0.35367312418016655,3.6352285271641005e-06,163
positive,fg_heteroaromatic_ring_count,rot_bonds,0.3522799920466894,3.993758075037887e-06,163
positive,fg_BB_SA7_aromatic_Nacylamine_count,aromatic_ring_count,0.350631637526458,4.461343145290033e-06,163
positive,bb_n_alerts,logp,0.3474644563059406,5.509326134543133e-06,163
positive,fg_heteroaromatic_ring_count,heteroatom_count,0.34743167399318353,5.521305231587784e-06,163
positive,fg_phenol_count,heavy_atom_count,0.3456828115961661,6.197406711405181e-06,163
positive,bb_any_alert,aromatic_ring_count,0.34518789665767957,6.402545666498253e-06,163
positive,fg_fused_ring_like_count,hba,0.3434875005594275,7.157484218127423e-06,163
positive,fg_aromatic_ring_count,heteroatom_count,0.3412086898827073,8.302181621918683e-06,163
positive,fg_sulfonic_acid_or_sulfonate_count,rot_bonds,0.3382168174670517,1.0069783533579911e-05,163
positive,bb_n_alerts,tpsa,0.33821575860640457,1.0070467897477489e-05,163
positive,fg_BB_SA8_aromatic_diazo_count,logp,0.33667516360787797,1.1114185940121717e-05,163
positive,fg_BB_SA7_aromatic_Nacylamine_count,hbd,0.33652172878429193,1.1223558962526998e-05,163
positive,bb_n_alerts,rot_bonds,0.33481268189804386,1.251265813282143e-05,163
positive,fg_sulfone_count,rot_bonds,0.33434830843483965,1.2886392485174191e-05,163
positive,bb_any_alert,rot_bonds,0.33374336388949044,1.338910079588326e-05,163
positive,fg_metal_atom_count,hba,-0.33263454850676205,1.4358994142893238e-05,163
positive,bb_any_alert,hba,0.33231868801077985,1.4647200293234894e-05,163
positive,bb_any_genotox_alert,aromatic_ring_count,0.3317635783634921,1.5166993427515985e-05,163
positive,fg_fused_ring_like_count,logp,0.3297557875189199,1.7196230753887734e-05,163
positive,bb_any_alert,ring_count,0.3291501094303526,1.7857029378318394e-05,163
positive,fg_metal_atom_count,tpsa,-0.3290237265592545,1.799790292254062e-05,163
positive,fg_alcohol_count,hbd,0.32722483340802405,2.0120269653385213e-05,163
positive,fg_BB_SA2_primary_aromatic_amine_count,hbd,0.3225044788109617,2.6867348189346057e-05,163
positive,fg_sulfone_count,ring_count,0.32233484791299133,2.7145593299683066e-05,163
positive,bb_n_genotox_alerts,logp,0.32175994786655504,2.8108922283126798e-05,163
positive,fg_halogen_any_count,logp,0.3197652558608087,3.170688378614238e-05,163
positive,fg_BB_SA2c_aromatic_amine_general_count,heavy_atom_count,0.31894830073858427,3.3302079801189515e-05,163
positive,fg_ester_count,hba,0.3187178960705372,3.376544250863577e-05,163
positive,fg_phenol_count,logp,0.3182610340660251,3.4702226042055896e-05,163
positive,fg_ester_count,rot_bonds,0.31766492511796146,3.5961326654360784e-05,163
positive,fg_metal_atom_count,fraction_csp3,-0.3139467672647526,4.483775914028988e-05,163
positive,bb_n_genotox_alerts,hbd,0.3129585655422186,4.75220209365735e-05,163
positive,bb_any_genotox_alert,rot_bonds,0.31175252875729154,5.100252345819944e-05,163
positive,bb_any_genotox_alert,heteroatom_count,0.31162673525836276,5.137902061741417e-05,163
positive,fg_sulfonic_acid_or_sulfonate_count,ring_count,0.3079638690076718,6.355727038122059e-05,163
positive,fg_alcohol_count,fraction_csp3,0.3069450064067048,6.739788471125234e-05,163
positive,fg_BB_SA6b_aromatic_dialkylamine_count,rot_bonds,0.30683013588296054,6.784428048139853e-05,163
positive,fg_fused_ring_like_count,tpsa,0.304169659361781,7.899201060046422e-05,163
positive,fg_amide_count,ring_count,0.3040557191058242,7.95057613492141e-05,163
positive,fg_BB_SA2c_aromatic_amine_general_count,hba,0.30357981356560054,8.168561167618342e-05,163
positive,fg_fused_ring_like_count,heteroatom_count,0.3033516012780659,8.27506570113283e-05,163
positive,fg_amide_count,tpsa,0.3032990749991846,8.29976259255202e-05,163
positive,fg_fused_ring_like_count,hbd,0.3013007861895657,9.292230980292031e-05,163
positive,fg_metal_atom_count,rot_bonds,-0.3003455367425632,9.80492531382042e-05,163
positive,bb_any_genotox_alert,mw,0.2999545360866999,0.00010022314175251551,163
positive,fg_metal_atom_count,ring_count,-0.2989705808623473,0.00010589480556572804,163
positive,bb_any_genotox_alert,hba,0.2989402639124091,0.00010607423131852158,163
positive,fg_BB_SA2c_aromatic_amine_general_count,mw,0.298177597765528,0.0001106825377570971,163
positive,fg_azo_count,logp,0.297640325840016,0.00011404053110730137,163
positive,fg_BB_SA2_primary_aromatic_amine_count,aromatic_ring_count,0.2974105604890586,0.00011550544075256776,163
positive,fg_phenol_count,fraction_csp3,-0.29702943445945806,0.00011797420524015697,163
positive,fg_phenol_count,hba,0.29495577632628905,0.00013229266544824628,163
positive,bb_any_alert,tpsa,0.2948533869247401,0.0001330400499429765,163
positive,fg_phenol_count,mw,0.29466776395792305,0.00013440505035087984,163
positive,fg_BB_SA7_aromatic_Nacylamine_count,heavy_atom_count,0.294394105519899,0.00013644128665438686,163
positive,fg_BB_SA18_sulphonate_ester_count,hba,0.28930433160071006,0.00017997465186723896,163
positive,bb_any_genotox_alert,ring_count,0.2864877958863425,0.00020931370759672447,163
positive,fg_BB_SA18_sulphonate_ester_count,heteroatom_count,0.2841670127934602,0.0002367700250802455,163
positive,fg_BB_SA2c_aromatic_amine_general_count,fraction_csp3,-0.28413185987451123,0.00023721053535895016,163
positive,fg_BB_SA7_aromatic_Nacylamine_count,heteroatom_count,0.2832055124237598,0.0002490970352423868,163
positive,fg_amide_count,heteroatom_count,0.282538417312775,0.00025799714225380194,163
positive,fg_BB_SA7_aromatic_Nacylamine_count,ring_count,0.27981454399956196,0.00029749176521882026,163
positive,fg_BB_SA7_aromatic_Nacylamine_count,logp,0.27963400410264205,0.0003002982352979439,163
positive,fg_BB_SA7_aromatic_Nacylamine_count,mw,0.27931672402668084,0.0003052899061117506,163
positive,bb_any_genotox_alert,tpsa,0.2781054687991463,0.00032506252463469705,163
positive,fg_metal_atom_count,mw,-0.2762967909339832,0.0003568067866257091,163
positive,bb_any_alert,logp,0.2760601974753447,0.00036116535977179877,163
positive,fg_BB_SA18_sulphonate_ester_count,tpsa,0.27281995681165516,0.000426037918885645,163
positive,fg_BB_SA7_aromatic_Nacylamine_count,tpsa,0.27227169130382317,0.0004380264664541099,163
positive,bb_n_alerts,hbd,0.2715114990931317,0.0004551656853012468,163
positive,fg_BB_SA2c_aromatic_amine_general_count,logp,0.267107294706625,0.0005672784937259522,163
positive,fg_phenol_count,heteroatom_count,0.26525161332841574,0.0006217371359391412,163
positive,fg_BB_SA20_ab_unsat_carbonyl_count,aromatic_ring_count,-0.2630087526330947,0.0006939767510943372,163
positive,fg_ether_count,heavy_atom_count,0.26221888772799345,0.0007212045022347321,163
positive,fg_amide_count,heavy_atom_count,0.26203020609467564,0.0007278524697369968,163
positive,fg_BB_SA2c_aromatic_amine_general_count,heteroatom_count,0.26046240566391277,0.0007853124063858134,163
positive,fg_amide_count,mw,0.2561124697479797,0.0009672780611598776,163
positive,bb_any_genotox_alert,logp,0.2551206185768903,0.0010138503745493108,163
positive,fg_halogen_any_count,heteroatom_count,0.25420123455296467,0.0010588472287416384,163
positive,fg_BB_SA6_aromatic_monoalkylamine_count,hbd,0.25286533693487534,0.0011274967844050608,163
positive,fg_amine_tertiary_count,fraction_csp3,0.246701120920818,0.0015002000866655152,163
positive,fg_chloro_count,logp,0.2466099717952335,0.0015064700765351007,163
positive,fg_amide_count,hba,0.2462672208880802,0.001530261946225126,163
positive,fg_imine_count,heavy_atom_count,0.24585266883908888,0.001559495716922993,163
positive,fg_aniline_count,fraction_csp3,-0.24566542619887416,0.0015728661362523504,163
positive,fg_amide_count,aromatic_ring_count,0.24393296829125025,0.0017016266201078862,163
positive,fg_alkene_count,aromatic_ring_count,-0.24160244684677293,0.0018899896828099842,163
positive,fg_alcohol_count,logp,-0.23908212706040166,0.002114885805448719,163
positive,fg_BB_SA6b_aromatic_dialkylamine_count,ring_count,0.23795934460976262,0.0022226898959621924,163
positive,fg_BB_SA2_primary_aromatic_amine_count,fraction_csp3,-0.23528102856627825,0.002500273552147777,163
positive,fg_BB_SA6b_aromatic_dialkylamine_count,heavy_atom_count,0.23525685257784212,0.002502916252040282,163
positive,fg_heavy_metal_atom_count,heavy_atom_count,-0.23366921258720402,0.00268210529848862,163
positive,fg_metal_atom_count,aromatic_ring_count,-0.2257057201926336,0.0037684758472751024,163
positive,fg_BB_SA18_sulphonate_ester_count,mw,0.22303560772730532,0.004213060155059488,163
positive,fg_ketone_count,ring_count,0.22245538665302297,0.004315690388673956,163
positive,fg_metal_atom_count,hbd,-0.2220562890752352,0.004387580995670527,163
positive,fg_carboxylic_acid_count,hbd,0.22052429303870247,0.004673635541604906,163
positive,fg_BB_SA6_aromatic_monoalkylamine_count,aromatic_ring_count,0.2202203216736377,0.004732342766853682,163
positive,fg_imine_count,mw,0.21932048037632615,0.004910028411226788,163
positive,fg_amide_count,hbd,0.21555625410577006,0.00571987915936639,163
positive,fg_BB_SA11_aliphatic_azo_count,hba,0.21499104513949474,0.005851275508634678,163
positive,fg_metal_atom_count,logp,-0.2135036926796462,0.0062100164476289865,163
positive,fg_ketone_count,logp,0.21297704248631194,0.006341667851482171,163
positive,fg_BB_SA6b_aromatic_dialkylamine_count,mw,0.21262162474308724,0.006431915357555144,163
positive,fg_BB_SA6b_aromatic_dialkylamine_count,aromatic_ring_count,0.21222101366872378,0.0065350090768385395,163
positive,fg_BB_SA20_ab_unsat_carbonyl_count,rot_bonds,0.21144682121171027,0.0067384209449336,163
positive,fg_ester_count,fraction_csp3,0.21118651474055364,0.006808069671384105,163
positive,fg_BB_SA7_aromatic_Nacylamine_count,rot_bonds,0.2085182560213283,0.007559812458751598,163
positive,fg_BB_SA18_sulphonate_ester_count,rot_bonds,0.20802908603058587,0.007705359916946862,163
positive,fg_ester_count,tpsa,0.20787995951965926,0.007750223066056612,163
positive,fg_epoxide_count,ring_count,0.2077034383369199,0.0078036271726753086,163
positive,fg_BB_SA16_epoxide_count,ring_count,0.2077034383369199,0.0078036271726753086,163
positive,fg_heavy_metal_atom_count,fraction_csp3,-0.20598071183168334,0.008342209938894184,163
positive,fg_BB_SA13_aliphatic_halogen_count,tpsa,-0.20558977633770636,0.008468921379211621,163
positive,fg_BB_SA20_ab_unsat_carbonyl_count,ring_count,-0.2055458288671916,0.008483271863163562,163
positive,fg_alkene_count,rot_bonds,0.20489648088629936,0.008697832810109074,163
positive,fg_BB_SA7_aromatic_Nacylamine_count,hba,0.20430474618331848,0.00889752643630701,163
positive,fg_imine_count,logp,0.20239142322877576,0.00957126350874415,163
positive,fg_ester_count,heavy_atom_count,0.20210397250570353,0.009676284004216665,163
positive,fg_BB_SA18_sulphonate_ester_count,heavy_atom_count,0.2018432664445907,0.009772411927592947,163
positive,fg_BB_SA13_aliphatic_halogen_count,hba,-0.20075849663819584,0.010181501734728258,163
positive,fg_BB_SA2c_aromatic_amine_general_count,rot_bonds,0.19973403693581687,0.010581638878064032,163
positive,fg_heavy_metal_atom_count,rot_bonds,-0.19705693418251008,0.011693384981525497,163
positive,fg_heavy_metal_atom_count,ring_count,-0.19615482458790742,0.012090479147303568,163
positive,fg_ether_count,mw,0.19464202574857334,0.012783000975007319,163
positive,fg_metal_atom_count,heteroatom_count,-0.19434370254711178,0.012923598185822945,163
positive,fg_BB_SA13_aliphatic_halogen_count,logp,0.1935795631941291,0.013289929455171795,163
positive,fg_sulfonic_acid_or_sulfonate_count,logp,0.1925801845474717,0.01378273912025225,163
positive,fg_carboxylic_acid_count,tpsa,0.1915880544979227,0.0142877133793582,163
positive,fg_imine_count,rot_bonds,0.19136214103839602,0.014404933441163144,163
positive,fg_bromo_count,heteroatom_count,0.19056864396150852,0.014823340921072297,163
positive,fg_BB_SA6_aromatic_monoalkylamine_count,ring_count,0.18935772658458894,0.015482299281846192,163
positive,fg_BB_SA11_aliphatic_azo_count,tpsa,0.1882739919946987,0.016093557475538985,163
positive,fg_ester_count,aromatic_ring_count,-0.1881026319583817,0.016192109231640814,163
positive,fg_BB_SA8_aromatic_diazo_count,fraction_csp3,-0.18776165551525748,0.016389773885355806,163
positive,fg_BB_SA2_primary_aromatic_amine_count,tpsa,0.18658041632413896,0.017090868848623493,163
positive,fg_BB_SA11_aliphatic_azo_count,heteroatom_count,0.18469410067666245,0.018264510949208265,163
positive,fg_BB_SA6_aromatic_monoalkylamine_count,hba,0.1836431322288517,0.018948253423574687,163
positive,fg_ether_count,hbd,-0.18173998226356344,0.020242953293048663,163
positive,fg_heavy_metal_atom_count,hba,-0.18041824732703945,0.021186492528604668,163
positive,fg_bromo_count,tpsa,0.1784178273561844,0.022686639180330353,163
positive,fg_heavy_metal_atom_count,tpsa,-0.17792634034363336,0.02306890745447033,163
positive,fg_halogen_any_count,hba,-0.17782937894018822,0.02314497292560906,163
positive,fg_bromo_count,mw,0.17750904934260828,0.023397804753593637,163
positive,fg_ketone_count,heavy_atom_count,0.17585601268960935,0.024740605699192657,163
positive,fg_BB_SA6b_aromatic_dialkylamine_count,hba,0.17585103792486628,0.024744744579160816,163
positive,fg_metal_halide_like_count,hba,-0.17461831859054314,0.025788821465907295,163
positive,fg_ether_count,tpsa,0.17409528580488515,0.02624308982389092,163
positive,fg_phenol_count,rot_bonds,0.17384177211058136,0.0264657272469073,163
positive,fg_amide_count,rot_bonds,0.17317073196325947,0.02706285636990344,163
positive,fg_metal_halide_like_count,tpsa,-0.1730226639043546,0.027196156041546557,163
positive,fg_BB_SA33_polyhalocycloalkane_count,fraction_csp3,0.17287349143139957,0.02733101719052115,163
positive,fg_fluoro_count,tpsa,-0.17235818138006126,0.027801296113194082,163
positive,fg_ether_count,heteroatom_count,0.17229693229300572,0.027857649772829042,163
positive,fg_bromo_count,hba,0.17161608415031257,0.02849067821853382,163
positive,fg_bromo_count,hbd,0.17140639591266255,0.028688094558518593,163
positive,fg_ester_count,hbd,-0.1713565629825925,0.02873518228555631,163
positive,fg_BB_SA18_sulphonate_ester_count,aromatic_ring_count,0.17028897063671258,0.029759912668644056,163
positive,fg_BB_SA33_polyhalocycloalkane_count,rot_bonds,-0.1701134773393429,0.029931304401034992,163
positive,fg_BB_SA11_aliphatic_azo_count,heavy_atom_count,0.16960164463840824,0.03043598306605459,163
positive,fg_fluoro_count,hba,-0.16858443782295499,0.03146049256084647,163
positive,fg_BB_SA2_primary_aromatic_amine_count,ring_count,0.16801404481917234,0.03204769933659374,163
positive,fg_bromo_count,ring_count,0.16747296126323474,0.03261330795850459,163
positive,fg_BB_SA6_aromatic_monoalkylamine_count,tpsa,0.1660761726229879,0.03411269061543964,163
positive,fg_amine_tertiary_count,aromatic_ring_count,-0.16606474051026704,0.034125199259020036,163
positive,bb_any_genotox_alert,hbd,0.16545212691838945,0.03480120464339826,163
positive,fg_BB_SA7_aromatic_Nacylamine_count,fraction_csp3,-0.16480255870754157,0.035530328630248034,163
positive,fg_fluoro_count,logp,0.16325495867844134,0.03731964566885065,163
positive,fg_BB_SA6_aromatic_monoalkylamine_count,heavy_atom_count,0.16197594095893827,0.0388552282001952,163
positive,fg_bromo_count,aromatic_ring_count,0.16164777610465242,0.039257684234102336,163
positive,bb_n_nongenotox_alerts,heteroatom_count,0.1613875362936081,0.039579325800321814,163
positive,fg_BB_SA47_n_alkylcarboxylic_acid_count,mw,0.16074145026541198,0.04038744238728952,163
positive,fg_sulfone_count,logp,0.15993852951244983,0.04141099771403527,163
positive,fg_imine_count,heteroatom_count,0.1594477549574567,0.04204728336763076,163
positive,bb_any_nongenotox_alert,heteroatom_count,0.15927470060879678,0.042273592696158685,163
positive,fg_halogen_any_count,tpsa,-0.15789022551207058,0.04412112726540582,163
positive,fg_chloro_count,mw,0.15777158522939613,0.044282542205249485,163
positive,fg_alcohol_count,aromatic_ring_count,-0.1565135955080145,0.04602466252971749,163
positive,fg_metal_halide_like_count,heavy_atom_count,-0.15641777747124253,0.046159667148391176,163
positive,fg_fluoro_count,heteroatom_count,0.1557902909021335,0.04705196477975889,163
positive,fg_BB_SA11_aliphatic_azo_count,mw,0.15578269198195585,0.04706285805489726,163
positive,fg_BB_SA18_sulphonate_ester_count,ring_count,0.15577848205054534,0.0470688940197998,163
positive,fg_epoxide_count,fraction_csp3,0.15366019818579438,0.05018887235478346,163
positive,fg_BB_SA16_epoxide_count,fraction_csp3,0.15366019818579438,0.05018887235478346,163
positive,fg_halogen_any_count,mw,0.1527934240500483,0.051514117272408594,163
positive,fg_ester_count,heteroatom_count,0.15164675303764813,0.05331176204610905,163
positive,fg_BB_SA47_n_alkylcarboxylic_acid_count,heavy_atom_count,0.151569143301817,0.053435283913381496,163
positive,fg_chloro_count,heteroatom_count,0.1508841273113152,0.054535840765549015,163
positive,fg_bromo_count,heavy_atom_count,0.15084042529645578,0.05460668402902578,163
positive,fg_BB_SA6_aromatic_monoalkylamine_count,rot_bonds,0.15028846877545088,0.055507997635045624,163
positive,fg_alcohol_count,tpsa,0.14974431704079924,0.056408552378038,163
positive,fg_ester_count,mw,0.14887024726534273,0.05788030896352253,163
positive,fg_heavy_metal_atom_count,aromatic_ring_count,-0.14808569400096847,0.059228126052922096,163
positive,fg_BB_SA34_halobenzene_count,aromatic_ring_count,0.14804637288591188,0.059296350846646854,163
positive,fg_alkene_count,hbd,-0.14735844251945396,0.06050044559812706,163
positive,fg_BB_SA34_halobenzene_count,fraction_csp3,-0.14724197695843882,0.06070627052607479,163
positive,fg_guanidine_like_count,ring_count,0.1461594558456645,0.0626469996224256,163
positive,fg_heavy_metal_atom_count,hbd,-0.14569129948022952,0.06350190381330259,163
positive,fg_epoxide_count,hbd,-0.14567865284898104,0.06352512972720417,163
positive,fg_BB_SA16_epoxide_count,hbd,-0.14567865284898104,0.06352512972720417,163
positive,fg_bromo_count,logp,0.14486825738143225,0.06502800516024794,163
positive,fg_acid_chloride_count,fraction_csp3,-0.14474287042830017,0.0652631095003755,163
positive,fg_BB_SA1_acyl_halides_count,fraction_csp3,-0.14474287042830017,0.0652631095003755,163
positive,fg_metal_halide_like_count,fraction_csp3,-0.14474011276465756,0.06526828799734223,163
positive,fg_BB_SA6_aromatic_monoalkylamine_count,mw,0.14366538783618507,0.06731217481705391,163
positive,fg_sulfide_count,logp,0.14330879299917304,0.06800175739508944,163
positive,fg_halogen_any_count,fraction_csp3,-0.14326284786924104,0.06809102307616563,163
positive,fg_BB_SA34_halobenzene_count,logp,0.14298264646030193,0.06863748789097653,163
positive,bb_n_nongenotox_alerts,logp,0.1427125548995087,0.06916761038433804,163
positive,bb_any_alert,hbd,0.14263261241618624,0.06932515501928983,163
positive,fg_imine_count,hba,0.14211434770270392,0.07035360707806346,163
positive,fg_BB_SA30_heterocyclic_PAH_count,aromatic_ring_count,0.14131332764196133,0.07196752540614101,163
positive,fg_guanidine_like_count,heavy_atom_count,0.1412838947360803,0.07202739514732978,163
positive,fg_halogen_any_count,aromatic_ring_count,0.14121741069081425,0.07216277968962044,163
positive,bb_any_nongenotox_alert,logp,0.13996591465580413,0.07475000119966255,163
positive,fg_BB_SA6_aromatic_monoalkylamine_count,heteroatom_count,0.13860957428043777,0.07763819268729569,163
positive,fg_metal_halide_like_count,rot_bonds,-0.1384694839677073,0.07794156262192105,163
positive,fg_metal_halide_like_count,ring_count,-0.13783558265098805,0.07932626861787465,163
positive,fg_ketone_count,mw,0.1375554358663744,0.07994450809336753,163
positive,fg_BB_SA33_polyhalocycloalkane_count,tpsa,-0.13717419482078358,0.08079207156413648,163
positive,fg_BB_SA20_ab_unsat_carbonyl_count,logp,-0.13634790540969802,0.08265386582571012,163
positive,fg_amine_tertiary_count,hba,0.1358319130795973,0.08383386776773649,163
positive,fg_BB_SA47_n_alkylcarboxylic_acid_count,heteroatom_count,0.13450642867080717,0.08692706302755036,163
positive,fg_halogen_any_count,rot_bonds,-0.13424962986121122,0.08753676157003626,163
positive,fg_BB_SA13_aliphatic_halogen_count,heteroatom_count,0.13418403123385494,0.08769305434911413,163
positive,fg_BB_SA47_n_alkylcarboxylic_acid_count,fraction_csp3,0.1339813728530848,0.08817730943463038,163
positive,fg_fluoro_count,rot_bonds,-0.13390590734674723,0.08835818018060335,163
positive,fg_imine_count,tpsa,0.13387844916105496,0.08842406361487783,163
positive,fg_imine_count,ring_count,0.13245901939092408,0.09188362348277135,163
positive,fg_alcohol_count,rot_bonds,0.13240444947205549,0.09201874646748172,163
positive,fg_guanidine_like_count,hbd,0.1315422600473781,0.09417471016582171,163
positive,fg_BB_SA20_ab_unsat_carbonyl_count,hba,0.130881428400668,0.09585416993740722,163
positive,fg_sulfonic_acid_or_sulfonate_count,fraction_csp3,-0.13070136383222397,0.09631588576478398,163
positive,fg_BB_SA6b_aromatic_dialkylamine_count,logp,0.12990927822051992,0.09836789547835885,163
positive,fg_ether_count,aromatic_ring_count,-0.1298415964220134,0.09854482659895089,163
positive,fg_BB_SA33_polyhalocycloalkane_count,heteroatom_count,0.12827711255541574,0.10270523071837065,163
positive,fg_BB_SA47_n_alkylcarboxylic_acid_count,aromatic_ring_count,-0.12783967437681637,0.10389292687462459,163
positive,fg_BB_SA33_polyhalocycloalkane_count,aromatic_ring_count,-0.12783804059076084,0.10389738297408255,163
positive,fg_BB_SA18_sulphonate_ester_count,hbd,0.127512159098346,0.10478922620843412,163
positive,fg_chloro_count,hba,-0.12692465016317037,0.1064122688671637,163
positive,fg_BB_SA33_polyhalocycloalkane_count,hbd,-0.1257710299588593,0.10965662712751195,163
positive,fg_azo_count,fraction_csp3,-0.12376509824247235,0.11548181281424617,163
positive,fg_guanidine_like_count,logp,0.1222264871742427,0.12011107550775717,163
positive,fg_BB_SA5_nitro_aromatic_count,tpsa,0.12195937076687166,0.12092922112785524,163
positive,fg_BB_SA11_aliphatic_azo_count,rot_bonds,0.12150468644975701,0.12233179129131071,163
positive,fg_aldehyde_count,mw,-0.12135174579335564,0.12280638912599796,163
positive,fg_metal_halide_like_count,mw,-0.12093332307915802,0.1241120998773298,163
positive,fg_nitrile_count,aromatic_ring_count,0.12070358106350018,0.12483357155741838,163
positive,bb_n_nongenotox_alerts,mw,0.11988768677335387,0.1274219730213551,163
positive,bb_any_nongenotox_alert,mw,0.11809534056440824,0.1332531957720578,163
positive,fg_chloro_count,fraction_csp3,-0.1180685230232073,0.13334197190530805,163
positive,fg_BB_SA52_dicarboximide_count,logp,-0.11725264881750523,0.13606455162436676,163
positive,fg_BB_SA30_heterocyclic_PAH_count,ring_count,0.11645355098646142,0.13877216403670195,163
positive,fg_guanidine_like_count,mw,0.11640529121350454,0.13893699135429613,163
positive,fg_bromo_count,rot_bonds,0.11610917058744342,0.13995163885807652,163
positive,fg_BB_SA23_monohaloalkene_count,logp,0.11576165517953145,0.14114958114701592,163
positive,fg_alcohol_count,hba,0.11491603062575342,0.14409718801589794,163
positive,fg_BB_SA33_polyhalocycloalkane_count,hba,-0.11410052558084549,0.14698386251820672,163
positive,fg_alkene_count,ring_count,-0.11288091291173516,0.1513824295480258,163
positive,fg_BB_SA40_alkyl_halides_nongx_count,tpsa,-0.11287872890645241,0.1513903943507576,163
positive,fg_alkene_count,fraction_csp3,0.11224443321879093,0.15371700249808434,163
positive,fg_sulfide_count,heteroatom_count,0.11213348119169113,0.1541267289966578,163
positive,fg_sulfide_count,rot_bonds,0.11198180313815181,0.15468817918341662,163
positive,fg_BB_SA40_alkyl_halides_nongx_count,fraction_csp3,0.11136490616432038,0.15698754591109773,163
positive,fg_BB_SA13_aliphatic_halogen_count,fraction_csp3,0.11107399864770678,0.15808071342211974,163
positive,fg_sulfone_count,fraction_csp3,-0.11079927182130825,0.159118311582596,163
positive,fg_alkene_count,hba,0.10996501328559509,0.16230045733896212,163
positive,fg_BB_SA47_n_alkylcarboxylic_acid_count,logp,0.10984965536099774,0.1627441892167675,163
positive,fg_BB_SA13_aliphatic_halogen_count,rot_bonds,-0.10875803373908008,0.16698815138595544,163
positive,bb_n_nongenotox_alerts,ring_count,0.10727126376326962,0.17290014883781912,163
positive,fg_BB_SA6_aromatic_monoalkylamine_count,logp,0.10661565288798683,0.17555582512818083,163
positive,fg_acid_chloride_count,logp,0.10659331710682293,0.17564682844057916,163
positive,fg_BB_SA1_acyl_halides_count,logp,0.10659331710682293,0.17564682844057916,163
positive,fg_BB_SA47_n_alkylcarboxylic_acid_count,hba,0.10592587188025229,0.17838232708771914,163
positive,fg_ester_count,ring_count,-0.10517328952687417,0.1815042802158531,163
positive,fg_amide_count,logp,0.1050617023571612,0.1819705780883247,163
positive,fg_BB_SA52_dicarboximide_count,aromatic_ring_count,-0.10405997837594674,0.18619603836055335,163
positive,fg_metal_halide_like_count,aromatic_ring_count,-0.10405799580908062,0.18620447182869518,163
positive,fg_BB_SA20_ab_unsat_carbonyl_count,fraction_csp3,0.10400434216812388,0.1864328105785894,163
positive,fg_epoxide_count,rot_bonds,0.10354971210684645,0.18837585319298356,163
positive,fg_BB_SA16_epoxide_count,rot_bonds,0.10354971210684645,0.18837585319298356,163
positive,bb_any_nongenotox_alert,ring_count,0.10331195295263684,0.18939788570453378,163
positive,fg_carbamate_count,heteroatom_count,0.10318666088384346,0.18993809281553245,163
positive,fg_BB_SA19_alkyl_carbamate_count,heteroatom_count,0.10318666088384346,0.18993809281553245,163
positive,fg_BB_SA11_aliphatic_azo_count,hbd,0.10309601181109407,0.19032963426077884,163
positive,fg_BB_SA52_dicarboximide_count,hbd,-0.10237743473976033,0.19345424277221382,163
positive,fg_isocyanate_count,hbd,-0.10237548422897683,0.19346277471711965,163
positive,fg_metal_halide_like_count,hbd,-0.10237548422897683,0.19346277471711965,163
positive,fg_BB_SA26_isocyanate_count,hbd,-0.10237548422897683,0.19346277471711965,163
positive,fg_carbamate_count,tpsa,0.10191940134435942,0.19546530062949793,163
positive,fg_BB_SA19_alkyl_carbamate_count,tpsa,0.10191940134435942,0.19546530062949793,163
positive,fg_BB_SA2_primary_aromatic_amine_count,logp,0.10156607994683878,0.1970269481110959,163
positive,fg_BB_SA40_alkyl_halides_nongx_count,logp,0.10092326561349901,0.19989129848314433,163
positive,fg_BB_SA20_ab_unsat_carbonyl_count,hbd,-0.1006323397660221,0.20119750647029683,163
positive,fg_chloro_count,tpsa,-0.10045922404954208,0.20197768807811747,163
positive,fg_heavy_metal_atom_count,mw,-0.10028373437089806,0.20277079592434555,163
positive,fg_carbamate_count,aromatic_ring_count,0.10020590510276353,0.20312325589667615,163
positive,fg_BB_SA19_alkyl_carbamate_count,aromatic_ring_count,0.10020590510276353,0.20312325589667615,163
positive,fg_BB_SA2_primary_aromatic_amine_count,hba,0.10011683115746461,0.20352718098802186,163
positive,fg_BB_SA5_nitro_aromatic_count,hba,0.09990403341142558,0.20449450269898017,163
positive,fg_BB_SA13_aliphatic_halogen_count,hbd,-0.0998344519438911,0.20481151902217645,163
positive,fg_ketone_count,aromatic_ring_count,0.09842113746938172,0.21132743158368578,163
positive,fg_BB_SA5_nitro_aromatic_count,heteroatom_count,0.09800762382216277,0.2132616613572036,163
positive,fg_BB_SA2_primary_aromatic_amine_count,heavy_atom_count,0.09738206373912284,0.2162117548582739,163
positive,fg_sulfide_count,mw,0.09711761551714798,0.21746758487544468,163
positive,fg_BB_SA6b_aromatic_dialkylamine_count,heteroatom_count,0.09705492609591916,0.21776604913724593,163
positive,fg_BB_SA30_heterocyclic_PAH_count,rot_bonds,-0.09658514285824343,0.2200119740592811,163
positive,fg_ether_count,ring_count,0.0958168588433131,0.2237203540662439,163
positive,fg_fluoro_count,aromatic_ring_count,0.09533053177913066,0.22609054044270632,163
positive,fg_aldehyde_count,fraction_csp3,-0.09532991621962204,0.22609355166853032,163
positive,fg_BB_SA6b_aromatic_dialkylamine_count,fraction_csp3,0.09524917877809869,0.22648875303395552,163
positive,fg_carboxylic_acid_count,ring_count,-0.09513388296945545,0.22705395999398023,163
positive,fg_nitrile_count,fraction_csp3,-0.09456713156807725,0.22984679299467325,163
positive,fg_BB_SA40_alkyl_halides_nongx_count,hba,-0.09437335496212712,0.23080721356479247,163
positive,fg_BB_SA11_aliphatic_azo_count,ring_count,0.09429606798051499,0.23119106030800027,163
positive,fg_aldehyde_count,heteroatom_count,-0.09379271500591264,0.2337019613662086,163
positive,fg_carboxylic_acid_count,heteroatom_count,0.09374081101687402,0.2339619615698234,163
positive,fg_fused_ring_like_count,rot_bonds,0.09243625767362486,0.24056358447601067,163
positive,fg_urea_count,logp,0.09215489112343697,0.24200430260607728,163
positive,fg_BB_SA47_n_alkylcarboxylic_acid_count,ring_count,0.0921075364487633,0.24224736898584298,163
positive,bb_n_genotox_alerts,fraction_csp3,-0.09193016209420114,0.2431593240071874,163
positive,fg_alcohol_count,ring_count,-0.0917879776159605,0.24389207733295074,163
positive,fg_acid_chloride_count,mw,0.09119580969293163,0.24696035663919283,163
positive,fg_BB_SA1_acyl_halides_count,mw,0.09119580969293163,0.24696035663919283,163
positive,fg_BB_SA20_ab_unsat_carbonyl_count,tpsa,0.09033214981112217,0.2514832041348209,163
positive,fg_BB_SA34_halobenzene_count,heteroatom_count,0.09021604487128923,0.2520955638357619,163
positive,fg_epoxide_count,hba,0.09015430784541875,0.25242159579959467,163
positive,fg_BB_SA16_epoxide_count,hba,0.09015430784541875,0.25242159579959467,163
positive,fg_sulfide_count,hba,0.08970290009036719,0.254814317798466,163
positive,fg_carbamate_count,hba,0.0891048807564314,0.2580081622920083,163
positive,fg_BB_SA19_alkyl_carbamate_count,hba,0.0891048807564314,0.2580081622920083,163
positive,fg_aldehyde_count,heavy_atom_count,-0.0885749722803481,0.26086113636496927,163
positive,fg_BB_SA52_dicarboximide_count,fraction_csp3,0.08852043315449762,0.2611559916138655,163
positive,fg_guanidine_like_count,aromatic_ring_count,0.08786026424078885,0.2647431771006234,163
positive,fg_carbamate_count,heavy_atom_count,0.08773119959352457,0.2654483932508261,163
positive,fg_BB_SA19_alkyl_carbamate_count,heavy_atom_count,0.08773119959352457,0.2654483932508261,163
positive,fg_chloro_count,aromatic_ring_count,0.08768050922165978,0.2657257183982171,163
positive,fg_carboxylic_acid_count,rot_bonds,0.08713905663221139,0.26870031650857523,163
positive,fg_BB_SA23_monohaloalkene_count,ring_count,0.08689608435410498,0.2700424774294709,163
positive,bb_any_nongenotox_alert,hbd,-0.0852508251669843,0.2792505412296146,163
positive,fg_BB_SA2_primary_aromatic_amine_count,mw,0.08467483615058027,0.2825236002716968,163
positive,fg_BB_SA5_nitro_aromatic_count,aromatic_ring_count,0.084093181518954,0.28585489909310396,163
positive,fg_carbamate_count,logp,0.08409028349538253,0.28587156244908346,163
positive,fg_BB_SA19_alkyl_carbamate_count,logp,0.08409028349538253,0.28587156244908346,163
positive,fg_amide_count,fraction_csp3,-0.08329160592253536,0.2904886747675171,163
positive,bb_n_nongenotox_alerts,hbd,-0.08237236211967701,0.29586397452407215,163
positive,fg_bromo_count,fraction_csp3,-0.08170662795636412,0.2997977968746068,163
positive,fg_amine_tertiary_count,ring_count,0.08133200269768652,0.3020265818839616,163
positive,fg_BB_SA23_monohaloalkene_count,heteroatom_count,0.08048241001340317,0.30712150270932775,163
positive,fg_BB_SA40_alkyl_halides_nongx_count,hbd,-0.07977657384386826,0.3113969628168175,163
positive,fg_BB_SA30_heterocyclic_PAH_count,hba,-0.07952404978923887,0.31293597521604855,163
positive,fg_carbamate_count,hbd,0.07934251192331426,0.31404542140103514,163
positive,fg_BB_SA19_alkyl_carbamate_count,hbd,0.07934251192331426,0.31404542140103514,163
positive,fg_chloro_count,rot_bonds,-0.07910642236715126,0.3154920827919174,163
positive,fg_epoxide_count,logp,-0.07902851236455487,0.3159704339033658,163
positive,fg_BB_SA16_epoxide_count,logp,-0.07902851236455487,0.3159704339033658,163
positive,fg_amine_tertiary_count,rot_bonds,0.07742901728236862,0.3258951814848928,163
positive,fg_amine_tertiary_count,hbd,-0.07727456189767257,0.326864082323724,163
positive,fg_guanidine_like_count,rot_bonds,0.0764317014185151,0.33218397214953066,163
positive,fg_carbamate_count,mw,0.07579911454996915,0.3362128707839568,163
positive,fg_BB_SA19_alkyl_carbamate_count,mw,0.07579911454996915,0.3362128707839568,163
positive,fg_carboxylic_acid_count,logp,-0.07490590854223839,0.34195443671254133,163
positive,fg_BB_SA34_halobenzene_count,mw,0.07426849580196147,0.3460895162291061,163
positive,fg_amine_tertiary_count,logp,-0.07114601869987901,0.366799061279777,163
positive,fg_BB_SA23_monohaloalkene_count,mw,0.0706780385793092,0.3699675438096275,163
positive,fg_isocyanate_count,hba,0.07056493696467155,0.3707358242128127,163
positive,fg_BB_SA26_isocyanate_count,hba,0.07056493696467155,0.3707358242128127,163
positive,fg_sulfide_count,heavy_atom_count,0.0705406267001988,0.37090108781246767,163
positive,fg_epoxide_count,heavy_atom_count,0.07048641366083429,0.3712697965754054,163
positive,fg_BB_SA16_epoxide_count,heavy_atom_count,0.07048641366083429,0.3712697965754054,163
positive,bb_any_nongenotox_alert,fraction_csp3,0.07034344669603158,0.3722432103734229,163
positive,fg_BB_SA47_n_alkylcarboxylic_acid_count,tpsa,0.06990247879150202,0.3752554700149886,163
positive,fg_BB_SA52_dicarboximide_count,rot_bonds,-0.06983811378508392,0.3756963928893805,163
positive,bb_n_nongenotox_alerts,aromatic_ring_count,0.06973950837834171,0.37637248890919806,163
positive,bb_n_nongenotox_alerts,fraction_csp3,0.06967520231583392,0.3768138091085721,163
positive,fg_BB_SA33_polyhalocycloalkane_count,logp,0.06962590294134041,0.37715235530500424,163
positive,fg_BB_SA5_nitro_aromatic_count,logp,0.06952352884396193,0.377855966804017,163
positive,fg_carboxylic_acid_count,fraction_csp3,-0.06918155237383034,0.38021215437093814,163
positive,bb_any_nongenotox_alert,aromatic_ring_count,0.06897663515263226,0.38162829175596125,163
positive,fg_halogen_any_count,ring_count,0.06893169881206579,0.3819392649008153,163
positive,fg_fluoro_count,fraction_csp3,-0.06884849188068469,0.3825154885454458,163
positive,fg_BB_SA47_n_alkylcarboxylic_acid_count,rot_bonds,0.06863615212693541,0.3839883720684395,163
positive,fg_urea_count,hba,-0.06808278964393207,0.3878428666501995,163
positive,fg_alkene_count,heavy_atom_count,0.06787259744008169,0.389313078893459,163
positive,fg_aldehyde_count,hbd,-0.06783751132048188,0.38955881932970693,163
positive,fg_BB_SA52_dicarboximide_count,ring_count,0.06707305694414266,0.394936173079966,163
positive,fg_heavy_metal_atom_count,heteroatom_count,-0.06705542520784705,0.395060721160461,163
positive,fg_acid_chloride_count,heteroatom_count,0.06680292496526281,0.39684692647613207,163
positive,fg_BB_SA1_acyl_halides_count,heteroatom_count,0.06680292496526281,0.39684692647613207,163
positive,fg_BB_SA52_dicarboximide_count,heteroatom_count,0.06680292496526281,0.39684692647613207,163
positive,fg_amine_tertiary_count,heavy_atom_count,0.06637244016790277,0.39990331506096544,163
positive,fg_carbamate_count,rot_bonds,0.06622579755482097,0.4009476526604503,163
positive,fg_BB_SA19_alkyl_carbamate_count,rot_bonds,0.06622579755482097,0.4009476526604503,163
positive,fg_BB_SA47_n_alkylcarboxylic_acid_count,hbd,-0.06619138694566097,0.4011929478824986,163
positive,fg_heavy_metal_atom_count,logp,-0.06573269653962432,0.40447122930836243,163
positive,bb_n_nongenotox_alerts,heavy_atom_count,0.06547373328707828,0.4063290418599601,163
positive,fg_nitrile_count,ring_count,0.06505964357015365,0.409310201410656,163
positive,fg_imine_count,aromatic_ring_count,0.06462621061631214,0.4124443847704997,163
positive,fg_ether_count,logp,-0.06460372154786122,0.4126073884207272,163
positive,fg_BB_SA13_aliphatic_halogen_count,aromatic_ring_count,0.06395020259002625,0.41736067583109315,163
positive,bb_any_nongenotox_alert,heavy_atom_count,0.06331719765735833,0.42199509693722714,163
positive,fg_sulfide_count,fraction_csp3,0.061605436587251726,0.43467608727881535,163
positive,fg_BB_SA23_monohaloalkene_count,heavy_atom_count,0.06081938696811255,0.4405715218937024,163
positive,fg_imine_count,hbd,0.05996458233912539,0.44703386424590874,163
positive,fg_acid_chloride_count,aromatic_ring_count,0.059095790188809255,0.45365633511369763,163
positive,fg_sulfide_count,aromatic_ring_count,0.059095790188809255,0.45365633511369763,163
positive,fg_BB_SA1_acyl_halides_count,aromatic_ring_count,0.059095790188809255,0.45365633511369763,163
positive,fg_isocyanate_count,rot_bonds,0.05888923585972593,0.455238848447327,163
positive,fg_BB_SA26_isocyanate_count,rot_bonds,0.05888923585972593,0.455238848447327,163
positive,fg_nitrile_count,logp,0.05873644825900902,0.4564114070293608,163
positive,fg_BB_SA30_heterocyclic_PAH_count,fraction_csp3,-0.05852570092268641,0.4580315304752566,163
positive,fg_BB_SA6b_aromatic_dialkylamine_count,tpsa,0.058256718486140786,0.4601039723932002,163
positive,bb_any_nongenotox_alert,tpsa,-0.05756997106638761,0.46541869192739194,163
positive,fg_BB_SA23_monohaloalkene_count,rot_bonds,-0.05755629002088403,0.4655249114180373,163
positive,fg_BB_SA34_halobenzene_count,hba,-0.05750553524688937,0.4659190875055579,163
positive,fg_BB_SA30_heterocyclic_PAH_count,tpsa,-0.057465801138751944,0.4662278020663443,163
positive,fg_urea_count,heavy_atom_count,0.05729037655964768,0.4675921090452795,163
positive,fg_aldehyde_count,ring_count,-0.05691992677774099,0.4704803487581114,163
positive,fg_urea_count,heteroatom_count,0.056180113635536155,0.47627744878902156,163
positive,fg_aldehyde_count,tpsa,-0.056076311056168816,0.4770939256517098,163
positive,fg_imine_count,fraction_csp3,0.055723168985204484,0.4798772993828889,163
positive,bb_n_nongenotox_alerts,tpsa,-0.05500402133505989,0.4855724543826996,163
positive,fg_urea_count,aromatic_ring_count,0.05418926477126498,0.4920682999816549,163
positive,bb_n_alerts,fraction_csp3,-0.054074884001832094,0.4929839109820344,163
positive,fg_BB_SA23_monohaloalkene_count,fraction_csp3,-0.05347718299638763,0.4977831435979695,163
positive,fg_chloro_count,hbd,-0.05326592251094913,0.4994853304430015,163
positive,fg_BB_SA52_dicarboximide_count,hba,0.05202768205241297,0.5095234392992499,163
positive,fg_urea_count,ring_count,0.05191180673139118,0.5104681364345253,163
positive,fg_alkene_count,tpsa,0.051290762020352085,0.5155467483117704,163
positive,fg_BB_SA33_polyhalocycloalkane_count,ring_count,0.051160924056246046,0.5166117760407656,163
positive,bb_any_nongenotox_alert,hba,-0.04977649737095606,0.5280376963695417,163
positive,fg_BB_SA52_dicarboximide_count,tpsa,0.049774591354222054,0.5280535145451923,163
positive,bb_n_nongenotox_alerts,hba,-0.049057279281132134,0.5340234757730744,163
positive,fg_BB_SA13_aliphatic_halogen_count,ring_count,0.048222684482234816,0.5410117836830017,163
positive,fg_nitrile_count,heteroatom_count,-0.04800226082351816,0.5428649825370757,163
positive,fg_ketone_count,hba,0.04785313150443116,0.5441205527959161,163
positive,fg_BB_SA13_aliphatic_halogen_count,mw,0.04780941826129565,0.5444888603044276,163
positive,fg_BB_SA20_ab_unsat_carbonyl_count,mw,-0.04774180621129626,0.5450587696836782,163
positive,fg_isocyanate_count,tpsa,0.047432551446004265,0.5476692460702833,163
positive,fg_BB_SA26_isocyanate_count,tpsa,0.047432551446004265,0.5476692460702833,163
positive,fg_BB_SA30_heterocyclic_PAH_count,heavy_atom_count,0.04665040568681063,0.554298688400719,163
positive,fg_guanidine_like_count,tpsa,0.04659152946642117,0.5547992911345091,163
positive,fg_fluoro_count,hbd,-0.045816971159541385,0.5614053843537574,163
positive,fg_amine_tertiary_count,mw,0.04483755927913592,0.5698122196825206,163
positive,fg_alkene_count,heteroatom_count,-0.044321784930744575,0.5742631788224433,163
positive,fg_BB_SA34_halobenzene_count,rot_bonds,-0.0441202608813938,0.5760066829310155,163
positive,fg_BB_SA34_halobenzene_count,ring_count,0.04394519998906731,0.5775232447364684,163
positive,fg_epoxide_count,mw,0.043864186405551474,0.5782256995008674,163
positive,fg_BB_SA16_epoxide_count,mw,0.043864186405551474,0.5782256995008674,163
positive,fg_BB_SA2_primary_aromatic_amine_count,heteroatom_count,0.04363488926521167,0.5802160498481626,163
positive,fg_aldehyde_count,logp,-0.042979070814369746,0.5859261864284593,163
positive,fg_BB_SA6_aromatic_monoalkylamine_count,fraction_csp3,-0.04238568282766668,0.5911148986724701,163
positive,fg_carbamate_count,ring_count,0.04184374194680459,0.5958719499161134,163
positive,fg_BB_SA19_alkyl_carbamate_count,ring_count,0.04184374194680459,0.5958719499161134,163
positive,fg_BB_SA11_aliphatic_azo_count,fraction_csp3,0.04173494885002078,0.5968289942600757,163
positive,fg_urea_count,mw,0.04171189601817246,0.5970318771591302,163
positive,fg_sulfide_count,tpsa,0.0402937168105607,0.6095722309906567,163
positive,fg_nitrile_count,heavy_atom_count,0.040039773490927646,0.6118299324652452,163
positive,fg_halogen_any_count,hbd,-0.039603985527375284,0.6157128541489877,163
positive,bb_any_alert,fraction_csp3,0.03894322948559905,0.6216206246156462,163
positive,fg_amine_tertiary_count,tpsa,-0.03866068111067454,0.624154290948304,163
positive,fg_alkene_count,logp,-0.03861035172084361,0.6246060679381815,163
positive,fg_BB_SA11_aliphatic_azo_count,aromatic_ring_count,0.037004547910619176,0.6390930488177256,163
positive,fg_aldehyde_count,hba,-0.036594267146522155,0.64281672733337,163
positive,fg_epoxide_count,tpsa,-0.03643260074768778,0.6442864518835784,163
positive,fg_BB_SA16_epoxide_count,tpsa,-0.03643260074768778,0.6442864518835784,163
positive,fg_carboxylic_acid_count,heavy_atom_count,0.035820146676291055,0.6498667954374511,163
positive,fg_nitrile_count,tpsa,0.03576405891658242,0.6503788160616062,163
positive,fg_BB_SA5_nitro_aromatic_count,rot_bonds,0.03558277510646833,0.6520348587914683,163
positive,fg_fluoro_count,ring_count,0.035420691436273896,0.6535169476067085,163
positive,fg_BB_SA18_sulphonate_ester_count,fraction_csp3,0.03393321572294134,0.6671810360093924,163
positive,fg_BB_SA23_monohaloalkene_count,hbd,0.03371185324117569,0.6692240105668872,163
positive,fg_carboxylic_acid_count,hba,0.03330155197087465,0.6730171302701922,163
positive,fg_ketone_count,hbd,-0.03315095083267699,0.6744114718550865,163
positive,fg_amine_tertiary_count,heteroatom_count,0.03274150331039688,0.6782079359678272,163
positive,fg_alcohol_count,heteroatom_count,0.03207715400754352,0.6843851077211569,163
positive,fg_guanidine_like_count,fraction_csp3,-0.031842157692963,0.6865751655121097,163
positive,fg_BB_SA11_aliphatic_azo_count,logp,0.031819531952371576,0.686786165023326,163
positive,fg_BB_SA18_sulphonate_ester_count,logp,0.0306858246891916,0.6973893654531724,163
positive,fg_BB_SA30_heterocyclic_PAH_count,hbd,-0.030516373251382893,0.6989792925135121,163
positive,fg_acid_chloride_count,hbd,-0.030073371454804595,0.7031420533691708,163
positive,fg_sulfide_count,hbd,-0.030073371454804595,0.7031420533691708,163
positive,fg_BB_SA1_acyl_halides_count,hbd,-0.030073371454804595,0.7031420533691708,163
positive,fg_BB_SA30_heterocyclic_PAH_count,mw,0.02928150036103141,0.7106049774655385,163
positive,fg_BB_SA34_halobenzene_count,heavy_atom_count,0.028898500297124364,0.7142244686600455,163
positive,bb_n_nongenotox_alerts,rot_bonds,-0.02882101193099863,0.7149575405928591,163
positive,fg_BB_SA52_dicarboximide_count,mw,0.028424667956238433,0.7187111800721596,163
positive,fg_urea_count,fraction_csp3,-0.028413002249105444,0.7188217644716992,163
positive,fg_BB_SA6b_aromatic_dialkylamine_count,hbd,-0.027525495637778688,0.7272517802733035,163
positive,fg_epoxide_count,aromatic_ring_count,0.027118088765721395,0.7311326016217461,163
positive,fg_BB_SA16_epoxide_count,aromatic_ring_count,0.027118088765721395,0.7311326016217461,163
positive,fg_fused_ring_like_count,fraction_csp3,-0.027064857896899053,0.7316401673488486,163
positive,fg_BB_SA20_ab_unsat_carbonyl_count,heteroatom_count,-0.026890785420801408,0.733300790520484,163
positive,fg_ketone_count,fraction_csp3,0.02656572922597711,0.7364050808825364,163
positive,fg_aldehyde_count,aromatic_ring_count,0.026052112833503706,0.7413188051307551,163
positive,fg_BB_SA23_monohaloalkene_count,hba,0.025920586447464315,0.742578798464173,163
positive,fg_BB_SA5_nitro_aromatic_count,heavy_atom_count,0.02539364508472994,0.7476336035615967,163
positive,bb_any_nongenotox_alert,rot_bonds,-0.02514162444461867,0.7500549896107908,163
positive,fg_BB_SA40_alkyl_halides_nongx_count,ring_count,0.02506369336364506,0.7508042380850146,163
positive,fg_guanidine_like_count,hba,-0.024980016344176507,0.7516089886604218,163
positive,fg_BB_SA40_alkyl_halides_nongx_count,aromatic_ring_count,0.024460198224020895,0.7566142224550529,163
positive,fg_isocyanate_count,heavy_atom_count,0.02365977076694652,0.7643411421714417,163
positive,fg_BB_SA26_isocyanate_count,heavy_atom_count,0.02365977076694652,0.7643411421714417,163
positive,fg_chloro_count,ring_count,0.023259802984501008,0.7682110086517333,163
positive,fg_BB_SA34_halobenzene_count,tpsa,-0.023185035046788215,0.768935060338316,163
positive,fg_urea_count,hbd,0.02305920096448062,0.770154086442645,163
positive,fg_BB_SA5_nitro_aromatic_count,fraction_csp3,-0.02290688757953537,0.771630385258792,163
positive,fg_urea_count,rot_bonds,0.022682956550010933,0.7738023256372705,163
positive,fg_isocyanate_count,ring_count,-0.02268065788143997,0.7738246298969091,163
positive,fg_BB_SA26_isocyanate_count,ring_count,-0.02268065788143997,0.7738246298969091,163
positive,fg_isocyanate_count,fraction_csp3,-0.02180311692053935,0.7823528714068056,163
positive,fg_BB_SA26_isocyanate_count,fraction_csp3,-0.02180311692053935,0.7823528714068056,163
positive,fg_BB_SA40_alkyl_halides_nongx_count,heavy_atom_count,-0.02040882317723339,0.7959561652019439,163
positive,fg_BB_SA34_halobenzene_count,hbd,0.02034003229719244,0.796628946638251,163
positive,fg_BB_SA23_monohaloalkene_count,aromatic_ring_count,-0.020041719413664196,0.7995482020985746,163
positive,fg_isocyanate_count,aromatic_ring_count,0.01938033868776257,0.806030246726419,163
positive,fg_BB_SA26_isocyanate_count,aromatic_ring_count,0.01938033868776257,0.806030246726419,163
positive,fg_acid_chloride_count,heavy_atom_count,0.01896890802022153,0.8100692881462008,163
positive,fg_BB_SA1_acyl_halides_count,heavy_atom_count,0.01896890802022153,0.8100692881462008,163
positive,fg_alcohol_count,heavy_atom_count,0.018516584937063017,0.8145155588026051,163
positive,fg_nitrile_count,hbd,-0.017959252354695074,0.8200021938864467,163
positive,fg_metal_halide_like_count,logp,-0.017801544060822436,0.8215563439197816,163
positive,fg_carbamate_count,fraction_csp3,0.01734522001000291,0.8260571178534241,163
positive,fg_BB_SA19_alkyl_carbamate_count,fraction_csp3,0.01734522001000291,0.8260571178534241,163
positive,fg_guanidine_like_count,heteroatom_count,0.017098295454293613,0.8284949347153995,163
positive,fg_chloro_count,heavy_atom_count,-0.016787809967635885,0.8315625921159058,163
positive,fg_urea_count,tpsa,-0.016501166686024166,0.8343969434799748,163
positive,fg_BB_SA5_nitro_aromatic_count,mw,0.01636747583348957,0.8357196207354822,163
positive,fg_ester_count,logp,-0.016321707443606465,0.836172538597299,163
positive,fg_ketone_count,heteroatom_count,-0.016030882447597584,0.8390517551847402,163
positive,fg_BB_SA5_nitro_aromatic_count,hbd,-0.015920098691578566,0.8401490968199841,163
positive,fg_BB_SA33_polyhalocycloalkane_count,mw,0.015799603730673756,0.8413429798780476,163
positive,fg_BB_SA20_ab_unsat_carbonyl_count,heavy_atom_count,0.015259158646282136,0.8467022043057071,163
positive,fg_BB_SA33_polyhalocycloalkane_count,heavy_atom_count,-0.015124553398801003,0.8480380959026055,163
positive,fg_acid_chloride_count,hba,-0.014950483348394529,0.8497662973687956,163
positive,fg_BB_SA1_acyl_halides_count,hba,-0.014950483348394529,0.8497662973687956,163
positive,fg_BB_SA23_monohaloalkene_count,tpsa,0.014505800803397393,0.8541844218503621,163
positive,fg_BB_SA40_alkyl_halides_nongx_count,mw,0.013997662161537937,0.8592385552558823,163
positive,fg_isocyanate_count,logp,0.013877938431090146,0.8604302115279545,163
positive,fg_BB_SA26_isocyanate_count,logp,0.013877938431090146,0.8604302115279545,163
positive,fg_epoxide_count,heteroatom_count,-0.012621592088908073,0.8729535966352232,163
positive,fg_BB_SA16_epoxide_count,heteroatom_count,-0.012621592088908073,0.8729535966352232,163
positive,fg_carboxylic_acid_count,mw,0.0125255563738863,0.8739122299226997,163
positive,fg_BB_SA13_aliphatic_halogen_count,heavy_atom_count,0.011540597761729136,0.8837544772758956,163
positive,fg_BB_SA30_heterocyclic_PAH_count,logp,0.011363924453520935,0.885521820515923,163
positive,fg_BB_SA5_nitro_aromatic_count,ring_count,-0.010507686037879299,0.894095000640355,163
positive,fg_nitrile_count,rot_bonds,-0.009374738218580496,0.9054574659636763,163
positive,bb_any_genotox_alert,fraction_csp3,0.009268834039026518,0.9065206082067714,163
positive,fg_metal_halide_like_count,heteroatom_count,-0.009206450317677344,0.9071469386145372,163
positive,fg_halogen_any_count,heavy_atom_count,0.007725697310393509,0.9220295886714203,163
positive,fg_BB_SA30_heterocyclic_PAH_count,heteroatom_count,0.007559827645596737,0.9236984825155142,163
positive,fg_acid_chloride_count,ring_count,-0.007384189755318457,0.9254660217489008,163
positive,fg_sulfide_count,ring_count,-0.007384189755318457,0.9254660217489008,163
positive,fg_BB_SA1_acyl_halides_count,ring_count,-0.007384189755318457,0.9254660217489008,163
positive,fg_BB_SA40_alkyl_halides_nongx_count,rot_bonds,0.0067391335949557795,0.9319606335755748,163
positive,fg_ketone_count,rot_bonds,-0.005956295644527517,0.9398484634526021,163
positive,fg_nitrile_count,mw,0.005945011618049926,0.9399622052582044,163
positive,fg_ketone_count,tpsa,0.005865094406845022,0.9407677969723431,163
positive,fg_carboxylic_acid_count,aromatic_ring_count,-0.005720596696814512,0.9422245331770753,163
positive,fg_alcohol_count,mw,0.005601073663698933,0.943429635100953,163
positive,fg_alkene_count,mw,-0.004549792406604931,0.9540344959796485,163
positive,fg_fluoro_count,mw,-0.004086800222367158,0.9587076256791947,163
positive,fg_nitrile_count,hba,0.0040294619934023125,0.9592864600325299,163
positive,fg_isocyanate_count,heteroatom_count,-0.0035786599406551836,0.9638380622876543,163
positive,fg_BB_SA26_isocyanate_count,heteroatom_count,-0.0035786599406551836,0.9638380622876543,163
positive,fg_BB_SA2_primary_aromatic_amine_count,rot_bonds,-0.0033088417000304233,0.9665628976379446,163
positive,fg_isocyanate_count,mw,-0.0018600655316188689,0.9811996012190265,163
positive,fg_BB_SA26_isocyanate_count,mw,-0.0018600655316188689,0.9811996012190265,163
positive,fg_acid_chloride_count,tpsa,0.0017776639769365018,0.9820323227554413,163
positive,fg_BB_SA1_acyl_halides_count,tpsa,0.0017776639769365018,0.9820323227554413,163
positive,fg_acid_chloride_count,rot_bonds,-0.001204105410087654,0.9878289945973915,163
positive,fg_BB_SA1_acyl_halides_count,rot_bonds,-0.001204105410087654,0.9878289945973915,163
positive,fg_BB_SA52_dicarboximide_count,heavy_atom_count,-0.0011855567512638456,0.9880164689467035,163
positive,fg_fluoro_count,heavy_atom_count,0.0010427849968492344,0.9894595077547218,163
positive,fg_BB_SA40_alkyl_halides_nongx_count,heteroatom_count,0.0005958931659732978,0.9939765827047785,163
positive,fg_aldehyde_count,rot_bonds,0.00042838463952719587,0.9956697755131549,163
