group,fg_feature,descriptor,spearman_rho,p_value,n
negative,fg_aniline_count,aromatic_ring_count,0.4845146106749892,0.0,9521
negative,fg_alcohol_count,hbd,0.40171965517543357,0.0,9521
negative,fg_ether_count,hba,0.38298028006841844,0.0,9521
negative,fg_aromatic_ring_count,mw,0.4735854717286083,0.0,9521
negative,fg_aromatic_ring_count,logp,0.381583014441064,0.0,9521
negative,fg_aromatic_ring_count,ring_count,0.7576946445645651,0.0,9521
negative,fg_aromatic_ring_count,aromatic_ring_count,0.9745473105101481,0.0,9521
negative,fg_aromatic_ring_count,fraction_csp3,-0.689944449523937,0.0,9521
negative,fg_aromatic_ring_count,heavy_atom_count,0.5160060267650114,0.0,9521
negative,fg_heteroaromatic_ring_count,mw,0.4531205115403703,0.0,9521
negative,fg_heteroaromatic_ring_count,ring_count,0.7702392218205963,0.0,9521
negative,fg_heteroaromatic_ring_count,aromatic_ring_count,0.9923779261750153,0.0,9521
negative,fg_heteroaromatic_ring_count,fraction_csp3,-0.7000426727823216,0.0,9521
negative,fg_heteroaromatic_ring_count,heavy_atom_count,0.49729119489568124,0.0,9521
negative,fg_fused_ring_like_count,ring_count,0.6795277403207869,0.0,9521
negative,fg_fused_ring_like_count,aromatic_ring_count,0.40410454956683856,0.0,9521
negative,fg_fused_ring_like_count,heavy_atom_count,0.3822119279933336,0.0,9521
negative,bb_n_alerts,heteroatom_count,0.40103393211317245,0.0,9521
negative,fg_phenol_count,hbd,0.3702422579245071,3.9557305091217455e-307,9521
negative,fg_aniline_count,ring_count,0.3670430375932774,1.751299891413891e-301,9521
negative,fg_sulfone_count,heteroatom_count,0.36416134495055485,1.8802900551218656e-296,9521
negative,fg_sulfone_count,tpsa,0.3610074398659523,5.261712572006241e-291,9521
negative,bb_n_genotox_alerts,heteroatom_count,0.36082268051316085,1.0922045754721702e-290,9521
negative,fg_phenol_count,aromatic_ring_count,0.3605158244298884,3.669603349400615e-290,9521
negative,fg_aniline_count,fraction_csp3,-0.35901251675450796,1.3635975806529616e-287,9521
negative,fg_aniline_count,tpsa,0.3546279298469459,3.5599431110302935e-280,9521
negative,fg_heteroaromatic_ring_count,logp,0.3540027983547804,3.974924251319384e-279,9521
negative,bb_n_alerts,mw,0.3521608211304283,4.711662451078695e-276,9521
negative,fg_aniline_count,heteroatom_count,0.3486777495656762,2.688925611722774e-270,9521
negative,bb_any_alert,heteroatom_count,0.34715713228947676,8.313685413274054e-268,9521
negative,fg_BB_SA2c_aromatic_amine_general_count,hbd,0.3434277332718608,9.304341972590548e-262,9521
negative,fg_fused_ring_like_count,mw,0.34103039990616885,6.507230659305848e-258,9521
negative,fg_sulfonic_acid_or_sulfonate_count,tpsa,0.3289263034843458,5.134832912418645e-239,9521
negative,fg_aniline_count,hba,0.32679100448121756,9.037893919663951e-236,9521
negative,fg_BB_SA8_aromatic_diazo_count,aromatic_ring_count,0.3263698768085139,3.918053085544245e-235,9521
negative,fg_ether_count,rot_bonds,0.3249996207384756,4.557366170471253e-233,9521
negative,bb_any_genotox_alert,heteroatom_count,0.32481829403958606,8.536065428157773e-233,9521
negative,fg_BB_SA2c_aromatic_amine_general_count,aromatic_ring_count,0.32456376815249843,2.0582934364767282e-232,9521
negative,fg_carboxylic_acid_count,hbd,0.32042738088646733,2.977860972531463e-226,9521
negative,bb_any_alert,mw,0.31931638307968235,1.2942251729045153e-224,9521
negative,fg_heteroaromatic_ring_count,heteroatom_count,0.317502143326971,5.916106760589132e-222,9521
negative,fg_azo_count,aromatic_ring_count,0.3170421149801229,2.777037788155009e-221,9521
negative,fg_sulfonic_acid_or_sulfonate_count,heteroatom_count,0.31703215314179106,2.871513387830605e-221,9521
negative,fg_heteroaromatic_ring_count,hba,0.31451306552479347,1.3009461343730414e-217,9521
negative,fg_aromatic_ring_count,heteroatom_count,0.31396505987967155,8.033745922822873e-217,9521
negative,fg_azo_count,hba,0.31210455433031165,3.773468060549192e-214,9521
negative,fg_sulfone_count,hba,0.3120342123634953,4.757497723254823e-214,9521
negative,fg_aniline_count,hbd,0.3113538849514127,4.459638038597497e-213,9521
negative,fg_BB_SA8_aromatic_diazo_count,hba,0.31050429544728353,7.234677535897669e-212,9521
negative,fg_aromatic_ring_count,hba,0.3086026630002008,3.577040662425122e-209,9521
negative,fg_azo_count,tpsa,0.3081119473040117,1.7599075198139386e-208,9521
negative,bb_n_alerts,heavy_atom_count,0.30810127597558157,1.8218930563570755e-208,9521
negative,fg_azo_count,heteroatom_count,0.3066467355704926,2.0123401722614026e-206,9521
negative,fg_BB_SA8_aromatic_diazo_count,heteroatom_count,0.30641758403469,4.2123586040304156e-206,9521
negative,fg_BB_SA8_aromatic_diazo_count,tpsa,0.30564680763005464,5.029582265807959e-205,9521
negative,fg_heteroaromatic_ring_count,tpsa,0.30396864052477185,1.084303628191839e-202,9521
negative,fg_aromatic_ring_count,tpsa,0.29965578434640194,9.159166841891712e-197,9521
negative,fg_aniline_count,heavy_atom_count,0.29763759859701017,5.017365685902743e-194,9521
negative,bb_n_alerts,aromatic_ring_count,0.29230568919968286,6.758893136571845e-187,9521
negative,fg_sulfonic_acid_or_sulfonate_count,hbd,0.2915718209748887,6.297697945631369e-186,9521
negative,fg_BB_SA8_aromatic_diazo_count,heavy_atom_count,0.2914702497258958,8.572584068306234e-186,9521
negative,fg_ether_count,heavy_atom_count,0.2903973521863441,2.2102649130401802e-184,9521
negative,bb_n_genotox_alerts,aromatic_ring_count,0.2894700910631947,3.624493468028761e-183,9521
negative,fg_ester_count,hba,0.2886359047577981,4.4483132926705616e-182,9521
negative,fg_azo_count,heavy_atom_count,0.28783880274153995,4.844755282204505e-181,9521
negative,bb_any_alert,heavy_atom_count,0.28716328167250305,3.6435078034736405e-180,9521
negative,fg_BB_SA8_aromatic_diazo_count,mw,0.2868063312473363,1.0557399875535959e-179,9521
negative,fg_BB_SA34_halobenzene_count,fraction_csp3,-0.28513205381997786,1.5195950403510958e-177,9521
negative,fg_amide_count,tpsa,0.2835102121061573,1.8120303314751893e-175,9521
negative,fg_azo_count,mw,0.2823722483588227,5.091070083479612e-174,9521
negative,bb_n_genotox_alerts,tpsa,0.282090051286395,1.1614332619535012e-173,9521
negative,fg_aniline_count,mw,0.28104370533012374,2.4515284461224078e-172,9521
negative,fg_phenol_count,fraction_csp3,-0.28036914288173914,1.7387382757251795e-171,9521
negative,bb_n_genotox_alerts,ring_count,0.28017236831800957,3.075868602095696e-171,9521
negative,fg_sulfonic_acid_or_sulfonate_count,hba,0.27831258000392584,6.597318141425453e-169,9521
negative,fg_sulfone_count,hbd,0.27653567373020577,1.0714566321766849e-166,9521
negative,fg_ester_count,rot_bonds,0.2759375690514811,5.893294292879762e-166,9521
negative,fg_BB_SA34_halobenzene_count,aromatic_ring_count,0.2746277275450183,2.428203470096841e-164,9521
negative,bb_n_alerts,ring_count,0.2731503943659572,1.5704387496182118e-162,9521
negative,fg_BB_SA8_aromatic_diazo_count,ring_count,0.27290844264765063,3.1009697193175355e-162,9521
negative,fg_phenol_count,ring_count,0.27116307267884215,4.111536987553806e-160,9521
negative,bb_n_genotox_alerts,hba,0.2702920263616957,4.649184823012182e-159,9521
negative,fg_sulfone_count,aromatic_ring_count,0.2693838741952268,5.773723802345024e-158,9521
negative,fg_amide_count,heteroatom_count,0.2691667934541823,1.0528119544457864e-157,9521
negative,fg_BB_SA2c_aromatic_amine_general_count,fraction_csp3,-0.2669848436825438,4.2779226205242395e-155,9521
negative,fg_azo_count,ring_count,0.2667761117447598,7.577492052032214e-155,9521
negative,bb_n_genotox_alerts,mw,0.2663843228780178,2.2129235717759588e-154,9521
negative,fg_carboxylic_acid_count,tpsa,0.26366352949570765,3.593954162937826e-151,9521
negative,fg_alcohol_count,fraction_csp3,0.2632009107621281,1.2523163094454297e-150,9521
negative,fg_BB_SA2c_aromatic_amine_general_count,tpsa,0.26311862290993815,1.5632651006247924e-150,9521
negative,fg_sulfone_count,mw,0.2627760301025261,3.932506422040823e-150,9521
negative,fg_halogen_any_count,heteroatom_count,0.2615573157825278,1.0351942585744897e-148,9521
negative,bb_n_alerts,tpsa,0.2597709729310573,1.2113753018953966e-146,9521
negative,fg_ether_count,mw,0.2593001251652972,4.224143549973424e-146,9521
negative,bb_n_genotox_alerts,heavy_atom_count,0.2551789239557338,2.1179313157594657e-141,9521
negative,fg_phenol_count,tpsa,0.254368766549354,1.7370684213019285e-140,9521
negative,fg_amide_count,hbd,0.25079400738864766,1.7101284590329619e-136,9521
negative,bb_n_nongenotox_alerts,logp,0.24843554961751793,6.801085899183631e-134,9521
negative,bb_any_nongenotox_alert,logp,0.24556302128739557,9.148573186148003e-131,9521
negative,bb_n_genotox_alerts,fraction_csp3,-0.24466543585495204,8.523410829000413e-130,9521
negative,fg_sulfone_count,heavy_atom_count,0.24313472312892187,3.7528470162270744e-128,9521
negative,bb_any_genotox_alert,aromatic_ring_count,0.24291361191041835,6.469084325996028e-128,9521
negative,bb_any_genotox_alert,ring_count,0.24271520203661534,1.0539981375074116e-127,9521
negative,fg_BB_SA8_aromatic_diazo_count,hbd,0.24258730023878813,1.4434355281140625e-127,9521
negative,bb_n_alerts,hba,0.24062231640161924,1.766949337587133e-125,9521
negative,fg_BB_SA2c_aromatic_amine_general_count,ring_count,0.23895657895799374,1.0051170495711185e-123,9521
negative,bb_n_alerts,fraction_csp3,-0.23670765947112324,2.2389378363513454e-121,9521
negative,fg_azo_count,hbd,0.23669167250011988,2.3261806803406105e-121,9521
negative,fg_BB_SA47_n_alkylcarboxylic_acid_count,rot_bonds,0.23599297381601128,1.2330332471433259e-120,9521
negative,bb_n_alerts,logp,0.23327061316062817,7.770984301753114e-118,9521
negative,fg_BB_SA7_aromatic_Nacylamine_count,aromatic_ring_count,0.23307432108799406,1.2329182334692119e-117,9521
negative,bb_any_genotox_alert,tpsa,0.2328208485515613,2.2361928122076224e-117,9521
negative,bb_any_genotox_alert,mw,0.23246347145572052,5.1707018200415936e-117,9521
negative,fg_fused_ring_like_count,hba,0.23170946106490545,3.0170429648919515e-116,9521
negative,fg_sulfonic_acid_or_sulfonate_count,mw,0.23005430654382475,1.417251325238945e-114,9521
negative,fg_BB_SA2c_aromatic_amine_general_count,hba,0.2300466445981732,1.4426310907179316e-114,9521
negative,fg_heteroaromatic_ring_count,hbd,0.22929215382638068,8.257139592964082e-114,9521
negative,bb_n_nongenotox_alerts,mw,0.22823503699838069,9.413985511875014e-113,9521
negative,bb_any_alert,aromatic_ring_count,0.2269677686688228,1.7128453353501312e-111,9521
negative,bb_any_alert,tpsa,0.22613861794579726,1.1320975476988216e-110,9521
negative,fg_sulfonic_acid_or_sulfonate_count,aromatic_ring_count,0.22601028463619222,1.5154107816517788e-110,9521
negative,bb_any_genotox_alert,hba,0.2256187392042984,3.6850143663434974e-110,9521
negative,bb_any_nongenotox_alert,mw,0.2250931880269275,1.2113354395710206e-109,9521
negative,bb_any_alert,ring_count,0.22440169036371027,5.771073014026131e-109,9521
negative,fg_amide_count,heavy_atom_count,0.22346937767046782,4.6959408372741676e-108,9521
negative,fg_BB_SA47_n_alkylcarboxylic_acid_count,fraction_csp3,0.2232801294806136,7.178382520399199e-108,9521
negative,bb_any_alert,logp,0.22239593159402696,5.186180647868923e-107,9521
negative,fg_aromatic_ring_count,hbd,0.22225467857521988,7.107213890569326e-107,9521
negative,fg_ester_count,hbd,-0.21971452043308343,1.9788231412738067e-104,9521
negative,bb_any_genotox_alert,heavy_atom_count,0.21822353635733407,5.212027902258039e-103,9521
negative,fg_phenol_count,hba,0.2172390810550056,4.45841801244957e-102,9521
negative,fg_fused_ring_like_count,logp,0.2168633654897881,1.008618254545618e-101,9521
negative,fg_amide_count,mw,0.21573581726794633,1.1580132512601935e-100,9521
negative,fg_BB_SA7_aromatic_Nacylamine_count,hbd,0.21567504133014964,1.3203109656669035e-100,9521
negative,fg_sulfonic_acid_or_sulfonate_count,heavy_atom_count,0.2151450986214219,4.1364304520845953e-100,9521
negative,fg_BB_SA2c_aromatic_amine_general_count,heteroatom_count,0.21460501511803837,1.320365356963058e-99,9521
negative,fg_BB_SA8_aromatic_diazo_count,logp,0.21400672747072794,4.758502544210286e-99,9521
negative,bb_any_alert,hba,0.21336024388348176,1.893178903969599e-98,9521
negative,fg_sulfone_count,ring_count,0.21247158310015454,1.25413222714848e-97,9521
negative,fg_BB_SA2_primary_aromatic_amine_count,hbd,0.21163562846403827,7.368575297672518e-97,9521
negative,fg_azo_count,logp,0.21068364707199272,5.484572354526665e-96,9521
negative,fg_ether_count,heteroatom_count,0.21046130039013358,8.752586590284841e-96,9521
negative,fg_alcohol_count,logp,-0.20921299419320535,1.1952598693295498e-94,9521
negative,fg_BB_SA8_aromatic_diazo_count,fraction_csp3,-0.20919533288653538,1.240145098084419e-94,9521
negative,fg_BB_SA7_aromatic_Nacylamine_count,heteroatom_count,0.20904497627236154,1.6971213365656645e-94,9521
negative,fg_ester_count,heavy_atom_count,0.20831843148751666,7.700990804681762e-94,9521
negative,fg_BB_SA34_halobenzene_count,logp,0.20809688366976312,1.2199528936744015e-93,9521
negative,fg_ketone_count,ring_count,0.20808635365340516,1.2469053951801233e-93,9521
negative,fg_fused_ring_like_count,fraction_csp3,-0.20780453908902446,2.236826480038069e-93,9521
negative,bb_any_genotox_alert,fraction_csp3,-0.20618176858384965,6.365312560368742e-92,9521
negative,fg_BB_SA7_aromatic_Nacylamine_count,tpsa,0.20579349277761655,1.4122992908724357e-91,9521
negative,fg_chloro_count,heteroatom_count,0.203393575862549,1.8772700312247702e-89,9521
negative,fg_ether_count,tpsa,0.20292671201685564,4.825109201510614e-89,9521
negative,fg_BB_SA2_primary_aromatic_amine_count,fraction_csp3,-0.20284270620508388,5.7170165050938885e-89,9521
negative,fg_azo_count,fraction_csp3,-0.20184348155621368,4.273995321525446e-88,9521
negative,fg_sulfone_count,fraction_csp3,-0.19820022821608738,5.982404385504683e-85,9521
negative,fg_BB_SA5_nitro_aromatic_count,tpsa,0.19815303384002805,6.564842001355176e-85,9521
negative,fg_fused_ring_like_count,tpsa,0.19725181781001855,3.852378180323703e-84,9521
negative,fg_phenol_count,heavy_atom_count,0.19614255110226428,3.3610501224411736e-83,9521
negative,fg_BB_SA8_aromatic_diazo_count,rot_bonds,0.19585661011791852,5.862073399781567e-83,9521
negative,fg_BB_SA47_n_alkylcarboxylic_acid_count,aromatic_ring_count,-0.1954755228044108,1.2286354012261507e-82,9521
negative,fg_chloro_count,fraction_csp3,-0.1949822207334221,3.1946813122565703e-82,9521
negative,fg_azo_count,rot_bonds,0.19476027664140946,4.906560618288431e-82,9521
negative,fg_amide_count,hba,0.19188944408703995,1.2041729361164757e-79,9521
negative,fg_amine_primary_count,hbd,0.19079313151811203,9.62317413027381e-79,9521
negative,fg_BB_SA7_aromatic_Nacylamine_count,heavy_atom_count,0.18963710302805464,8.494188612757091e-78,9521
negative,bb_any_alert,fraction_csp3,-0.18777769283830908,2.73851025953168e-76,9521
negative,bb_n_nongenotox_alerts,heteroatom_count,0.18706775024914923,1.0215270632068727e-75,9521
negative,fg_alkene_count,aromatic_ring_count,-0.18677113393638622,1.7678224147920167e-75,9521
negative,fg_fluoro_count,heteroatom_count,0.18671126836364801,1.9745266010409535e-75,9521
negative,fg_BB_SA5_nitro_aromatic_count,heteroatom_count,0.18667094610240456,2.1271611023386146e-75,9521
negative,fg_metal_atom_count,tpsa,-0.18639043041066172,3.569114648112543e-75,9521
negative,fg_ester_count,mw,0.1857938389442478,1.069978382398407e-74,9521
negative,fg_BB_SA7_aromatic_Nacylamine_count,mw,0.18419111296001914,2.0056830407456025e-73,9521
negative,fg_ether_count,fraction_csp3,0.18380962296796743,4.013403259975863e-73,9521
negative,bb_any_nongenotox_alert,heteroatom_count,0.18376714823350634,4.3352348991871856e-73,9521
negative,fg_halogen_any_count,logp,0.18371266152845225,4.78601720137029e-73,9521
negative,fg_BB_SA34_halobenzene_count,ring_count,0.18178842872100245,1.5435029750919897e-71,9521
negative,fg_alcohol_count,tpsa,0.1808722499023731,7.958512988558856e-71,9521
negative,fg_sulfonic_acid_or_sulfonate_count,ring_count,0.17990150552362805,4.481401105511342e-70,9521
negative,fg_halogen_any_count,fraction_csp3,-0.1797658769359866,5.700869004488208e-70,9521
negative,fg_metal_atom_count,hba,-0.17970224837940404,6.381899803634195e-70,9521
negative,fg_BB_SA34_halobenzene_count,heteroatom_count,0.17910730442275272,1.829390534604076e-69,9521
negative,fg_phenol_count,mw,0.17755169882540794,2.822070216288498e-68,9521
negative,fg_BB_SA6b_aromatic_dialkylamine_count,aromatic_ring_count,0.17719759714696617,5.242250425368287e-68,9521
negative,fg_amine_primary_count,logp,-0.176713392019863,1.220015251162413e-67,9521
negative,fg_fused_ring_like_count,heteroatom_count,0.17596339182492815,4.4925278556775915e-67,9521
negative,fg_BB_SA34_halobenzene_count,mw,0.17509843914023362,2.0055156360836284e-66,9521
negative,fg_BB_SA7_aromatic_Nacylamine_count,ring_count,0.1742487631757703,8.653517478332681e-66,9521
negative,fg_sulfonic_acid_or_sulfonate_count,fraction_csp3,-0.17224989706583366,2.6187946225207262e-64,9521
negative,fg_BB_SA2_primary_aromatic_amine_count,aromatic_ring_count,0.17020045731780908,8.275301973257625e-63,9521
negative,fg_phenol_count,heteroatom_count,0.1698003958509349,1.6155678230278108e-62,9521
negative,fg_ester_count,tpsa,0.16976929439774757,1.701696979083465e-62,9521
negative,fg_BB_SA47_n_alkylcarboxylic_acid_count,heavy_atom_count,0.16923815182556548,4.125099247985097e-62,9521
negative,fg_metal_atom_count,heavy_atom_count,-0.16918877553722747,4.47835898494191e-62,9521
negative,fg_BB_SA5_nitro_aromatic_count,fraction_csp3,-0.16896260075955524,6.522838629481678e-62,9521
negative,fg_fused_ring_like_count,rot_bonds,-0.16782432904588845,4.294187021836575e-61,9521
negative,fg_carboxylic_acid_count,heteroatom_count,0.16619713801971323,6.205541769757654e-60,9521
negative,fg_BB_SA5_nitro_aromatic_count,hba,0.16618849660835666,6.293726001452987e-60,9521
negative,fg_BB_SA28_alkenylbenzene_count,aromatic_ring_count,0.16567180680049876,1.4612183797741983e-59,9521
negative,fg_sulfonamide_count,heteroatom_count,0.16509962614098744,3.7018166887530565e-59,9521
negative,fg_amine_secondary_count,hbd,0.16434199099863428,1.2609807427584244e-58,9521
negative,fg_BB_SA47_n_alkylcarboxylic_acid_count,mw,0.1599721897818447,1.320708633684343e-55,9521
negative,fg_chloro_count,logp,0.1592481307166676,4.102145230164653e-55,9521
negative,fg_BB_SA40_alkyl_halides_nongx_count,hba,-0.15656917017726574,2.593434875210307e-53,9521
negative,fg_BB_SA40_alkyl_halides_nongx_count,tpsa,-0.15651504629606414,2.8179323393625524e-53,9521
negative,fg_metal_atom_count,ring_count,-0.1560420948747202,5.813528529287506e-53,9521
negative,bb_n_genotox_alerts,hbd,0.15599084160124538,6.287287562635229e-53,9521
negative,fg_BB_SA47_n_alkylcarboxylic_acid_count,logp,0.15560379096283034,1.1350728936189408e-52,9521
negative,fg_BB_SA7_aromatic_Nacylamine_count,fraction_csp3,-0.1553243981513379,1.737039570045141e-52,9521
negative,fg_BB_SA6b_aromatic_dialkylamine_count,heavy_atom_count,0.15527669847465653,1.867768177450408e-52,9521
negative,fg_BB_SA6b_aromatic_dialkylamine_count,ring_count,0.1548113463031149,3.786464948428044e-52,9521
negative,fg_sulfonamide_count,tpsa,0.1545587377294146,5.551802461527405e-52,9521
negative,fg_alcohol_count,hba,0.1543692371581107,7.39482220305105e-52,9521
negative,fg_ether_count,hbd,-0.1538242229882073,1.6830352919847614e-51,9521
negative,fg_ester_count,fraction_csp3,0.15364483409468954,2.2047800153269925e-51,9521
negative,fg_halogen_any_count,mw,0.15273552571377602,8.62224670426683e-51,9521
negative,fg_BB_SA2_primary_aromatic_amine_count,tpsa,0.1526592266951644,9.663840949401102e-51,9521
negative,fg_BB_SA13_aliphatic_halogen_count,hba,-0.15175143595657212,3.7365240611596023e-50,9521
negative,fg_BB_SA2c_aromatic_amine_general_count,heavy_atom_count,0.15166892003992827,4.2235067043239776e-50,9521
negative,fg_BB_SA13_aliphatic_halogen_count,tpsa,-0.15143901183567318,5.939599337564063e-50,9521
negative,fg_BB_SA7_aromatic_Nacylamine_count,hba,0.1508144063674865,1.4958522480635035e-49,9521
negative,fg_amide_count,ring_count,0.15023661941893274,3.502847596142337e-49,9521
negative,fg_BB_SA13_aliphatic_halogen_count,heteroatom_count,0.1501494624680604,3.9814027778167515e-49,9521
negative,fg_BB_SA28_alkenylbenzene_count,ring_count,0.15003505645091925,4.709641246468544e-49,9521
negative,fg_amine_tertiary_count,fraction_csp3,0.14971053271014448,7.578943806910191e-49,9521
negative,fg_BB_SA5_nitro_aromatic_count,aromatic_ring_count,0.14940322760298208,1.1880619396737177e-48,9521
negative,fg_alkene_count,hbd,-0.14838363872168386,5.2432998559585924e-48,9521
negative,fg_sulfone_count,rot_bonds,0.14823081629621576,6.544132888367621e-48,9521
negative,fg_chloro_count,aromatic_ring_count,0.1473064301249675,2.487944420101433e-47,9521
negative,fg_sulfonic_acid_or_sulfonate_count,rot_bonds,0.1466281287483287,6.592339771564644e-47,9521
negative,fg_ester_count,aromatic_ring_count,-0.1458725508735306,1.9412145766440486e-46,9521
negative,fg_alcohol_count,aromatic_ring_count,-0.14520713008652145,5.001115740912437e-46,9521
negative,fg_amide_count,aromatic_ring_count,0.1451789170788708,5.205345902772484e-46,9521
negative,fg_metal_atom_count,heteroatom_count,-0.1450052033195719,6.6588889278717324e-46,9521
negative,fg_amide_count,rot_bonds,0.14482826272880567,8.55469709313058e-46,9521
negative,fg_BB_SA11_aliphatic_azo_count,tpsa,0.14382459785214013,3.5218729830269836e-45,9521
negative,fg_BB_SA2c_aromatic_amine_general_count,mw,0.14364817603175734,4.511751617038846e-45,9521
negative,fg_ketone_count,heavy_atom_count,0.1435908335733501,4.889673295657944e-45,9521
negative,fg_BB_SA6b_aromatic_dialkylamine_count,mw,0.14333748599634297,6.973552930228322e-45,9521
negative,fg_BB_SA11_aliphatic_azo_count,hba,0.14313879190173293,9.208152163978841e-45,9521
negative,bb_n_nongenotox_alerts,heavy_atom_count,0.14153583249047205,8.545707454224022e-44,9521
negative,fg_amine_primary_count,fraction_csp3,0.14139710144435055,1.0350478266167468e-43,9521
negative,fg_BB_SA11_aliphatic_azo_count,heteroatom_count,0.1413607459812036,1.0883107388637112e-43,9521
negative,fg_halogen_any_count,aromatic_ring_count,0.1410118666674534,1.7603032518734203e-43,9521
negative,fg_fused_ring_like_count,hbd,0.13998327274624472,7.214340073170728e-43,9521
negative,bb_any_nongenotox_alert,heavy_atom_count,0.13889375942252688,3.1772619265887896e-42,9521
negative,fg_organophosphate_like_count,heteroatom_count,0.1367386676704918,5.759500897186293e-41,9521
negative,fg_BB_SA28_alkenylbenzene_count,fraction_csp3,-0.1363778788920466,9.31256473674961e-41,9521
negative,fg_urea_count,hbd,0.13545771546119292,3.153114306925685e-40,9521
negative,fg_phosphate_like_count,heteroatom_count,0.13480824713050737,7.419515423753339e-40,9521
negative,fg_metal_atom_count,hbd,-0.1314415581853532,5.854735360235023e-38,9521
negative,fg_ester_count,heteroatom_count,0.1310303757342801,9.904728213878948e-38,9521
negative,fg_aniline_count,logp,0.1303028559137905,2.500641742550654e-37,9521
negative,fg_BB_SA13_aliphatic_halogen_count,hbd,-0.1292376244773674,9.612442342323518e-37,9521
negative,fg_carboxylic_acid_count,logp,-0.12911720657584028,1.1184876375296472e-36,9521
negative,fg_BB_SA20_ab_unsat_carbonyl_count,aromatic_ring_count,-0.12699590104594846,1.5756598538998168e-35,9521
negative,fg_metal_atom_count,aromatic_ring_count,-0.12691326855664986,1.7451009739428005e-35,9521
negative,fg_imine_count,tpsa,0.1263502774455811,3.493469899856823e-35,9521
negative,fg_imine_count,heteroatom_count,0.1262149118618242,4.1260129006625524e-35,9521
negative,fg_aldehyde_count,heteroatom_count,-0.12588144249088376,6.212087725099356e-35,9521
negative,fg_BB_SA6b_aromatic_dialkylamine_count,hba,0.1257428915473676,7.360900341651606e-35,9521
negative,fg_BB_SA40_alkyl_halides_nongx_count,hbd,-0.12565186035977877,8.228187084236032e-35,9521
negative,fg_BB_SA11_aliphatic_azo_count,heavy_atom_count,0.1252806147238939,1.2948257377875663e-34,9521
negative,bb_any_alert,rot_bonds,0.12493641095504393,1.9689978038415587e-34,9521
negative,fg_amine_secondary_count,fraction_csp3,0.12375963696515017,8.17966411688912e-34,9521
negative,fg_sulfonamide_count,hba,0.12330232790105981,1.4173623011180609e-33,9521
negative,bb_n_alerts,rot_bonds,0.12243930149978154,3.9772947925424065e-33,9521
negative,bb_n_genotox_alerts,logp,0.12204654000343436,6.345421544518434e-33,9521
negative,fg_BB_SA11_aliphatic_azo_count,mw,0.12194660523064797,7.144534334127047e-33,9521
negative,fg_halogen_any_count,hba,-0.1197871854403527,9.049403040427125e-32,9521
negative,fg_sulfonamide_count,hbd,0.11795962060442043,7.485010855930166e-31,9521
negative,fg_metal_atom_count,rot_bonds,-0.11701607640642486,2.1994974991291743e-30,9521
negative,fg_BB_SA6b_aromatic_dialkylamine_count,rot_bonds,0.11680616411763836,2.7922328755558e-30,9521
negative,bb_n_alerts,hbd,0.11641346075898477,4.358257789589888e-30,9521
negative,fg_sulfonamide_count,aromatic_ring_count,0.11626844455989405,5.1351132544920185e-30,9521
negative,fg_amine_primary_count,ring_count,-0.11606147946803991,6.487284314860815e-30,9521
negative,fg_ketone_count,mw,0.11586836733685936,8.065217499160687e-30,9521
negative,fg_BB_SA28_alkenylbenzene_count,heavy_atom_count,0.11559783777149171,1.0934703143578686e-29,9521
negative,fg_BB_SA7_aromatic_Nacylamine_count,logp,0.11546565424581551,1.2684785139585817e-29,9521
negative,fg_metal_atom_count,fraction_csp3,-0.11529994179025892,1.5275957443346776e-29,9521
negative,fg_imine_count,hba,0.11481665164256519,2.6228233560206753e-29,9521
negative,fg_BB_SA22_simple_aldehyde_count,heteroatom_count,-0.1146029699821501,3.328495745160284e-29,9521
negative,fg_ester_count,logp,0.11372419505164684,8.825937708034096e-29,9521
negative,fg_BB_SA11_aliphatic_azo_count,aromatic_ring_count,0.11341942261283555,1.2355832565360364e-28,9521
negative,fg_BB_SA13_aliphatic_halogen_count,fraction_csp3,0.11250919017532744,3.356519718263584e-28,9521
negative,fg_alkene_count,logp,0.1122084319006674,4.661445361580416e-28,9521
negative,fg_BB_SA18b_phosphonate_ester_count,heteroatom_count,0.11206648589049331,5.441305368462543e-28,9521
negative,fg_epoxide_count,ring_count,0.11190554988776927,6.482905060787481e-28,9521
negative,fg_BB_SA16_epoxide_count,ring_count,0.11190554988776927,6.482905060787481e-28,9521
negative,fg_BB_SA40_alkyl_halides_nongx_count,fraction_csp3,0.11159125086571603,9.120219707186235e-28,9521
negative,fg_halogen_any_count,tpsa,-0.11065707766610892,2.5010062797874604e-27,9521
negative,fg_BB_SA6_aromatic_monoalkylamine_count,hbd,0.11037012176566251,3.4036583944224856e-27,9521
negative,fg_hydrazine_like_count,tpsa,0.1098761106126924,5.774620534724362e-27,9521
negative,fg_hydrazine_like_count,heteroatom_count,0.1096964936583094,6.994198813944339e-27,9521
negative,fg_halogen_any_count,rot_bonds,-0.10963487200358363,7.468871545259192e-27,9521
negative,fg_phenol_count,logp,0.10944226816521505,9.16818388361079e-27,9521
negative,fg_sulfonamide_count,mw,0.10900287676990271,1.461488441563013e-26,9521
negative,bb_any_genotox_alert,logp,0.10896128515447458,1.5272921699852477e-26,9521
negative,fg_amine_tertiary_count,rot_bonds,0.10889033449061722,1.6463920036805447e-26,9521
negative,fg_aniline_count,rot_bonds,0.10839955381950286,2.7639207226960284e-26,9521
negative,fg_amine_primary_count,aromatic_ring_count,-0.10776025773059741,5.408398688070582e-26,9521
negative,fg_alkene_count,heteroatom_count,-0.10657070431547319,1.8660901677356148e-25,9521
negative,fg_BB_SA28_alkenylbenzene_count,logp,0.10655425427692446,1.8981412460885636e-25,9521
negative,fg_metal_atom_count,logp,-0.10653338968689223,1.9395793420226331e-25,9521
negative,fg_BB_SA7_aromatic_Nacylamine_count,rot_bonds,0.10608287830993818,3.0886632417366214e-25,9521
negative,fg_metal_atom_count,mw,-0.10503125539907399,9.080201814061483e-25,9521
negative,fg_BB_SA6_aromatic_monoalkylamine_count,aromatic_ring_count,0.1043557229278683,1.8049390519297162e-24,9521
negative,fg_BB_SA11_aliphatic_azo_count,ring_count,0.1030886221244953,6.469959704290514e-24,9521
negative,fg_halogen_any_count,hbd,-0.10294833643211246,7.44505705579236e-24,9521
negative,fg_BB_SA34_halobenzene_count,heavy_atom_count,0.10284490631403954,8.255895693382374e-24,9521
negative,fg_imine_count,heavy_atom_count,0.1028197408617447,8.466053035505021e-24,9521
negative,fg_BB_SA47_n_alkylcarboxylic_acid_count,ring_count,-0.10264578714238778,1.0070916001688241e-23,9521
negative,fg_organophosphate_like_count,tpsa,0.10261223747193365,1.041343469168779e-23,9521
negative,fg_urea_count,tpsa,0.1020576233720875,1.8072557576796682e-23,9521
negative,fg_amine_primary_count,mw,-0.10184108475635754,2.2394736340669933e-23,9521
negative,fg_chloro_count,mw,0.10140796384246926,3.434179345445293e-23,9521
negative,fg_aldehyde_count,mw,-0.10120051079261114,4.211884952562001e-23,9521
negative,fg_phosphate_like_count,rot_bonds,0.10053024189185177,8.122109100533651e-23,9521
negative,bb_any_genotox_alert,hbd,0.1004322943878552,8.936873593067403e-23,9521
negative,fg_sulfide_count,hba,0.10034855015796194,9.697281212165321e-23,9521
negative,fg_BB_SA47_n_alkylcarboxylic_acid_count,tpsa,0.10032706195782622,9.902506488151348e-23,9521
negative,fg_organophosphate_like_count,rot_bonds,0.10010903789845518,1.2243802652227671e-22,9521
negative,fg_organophosphate_like_count,hba,0.09989614465497168,1.5056529006287227e-22,9521
negative,fg_phosphate_like_count,tpsa,0.09951093001070191,2.186456366571511e-22,9521
negative,fg_BB_SA6b_aromatic_dialkylamine_count,heteroatom_count,0.09934931111558623,2.5558131541067376e-22,9521
negative,fg_sulfonamide_count,heavy_atom_count,0.09888165000571265,4.0092311473871255e-22,9521
negative,fg_aldehyde_count,hbd,-0.09879517631635726,4.356274805243095e-22,9521
negative,fg_urea_count,heteroatom_count,0.0985712665532851,5.399148861746032e-22,9521
negative,fg_phosphate_like_count,hba,0.09851280450244553,5.709884523877855e-22,9521
negative,fg_BB_SA6b_aromatic_dialkylamine_count,logp,0.09843886295923467,6.128347340151781e-22,9521
negative,fg_imine_count,ring_count,0.09830787868347,6.945427415578516e-22,9521
negative,fg_BB_SA11_aliphatic_azo_count,rot_bonds,0.09825967967242709,7.272476304555185e-22,9521
negative,fg_BB_SA40_alkyl_halides_nongx_count,heavy_atom_count,-0.09777542400367806,1.153219160980164e-21,9521
negative,fg_BB_SA28_alkenylbenzene_count,mw,0.09765053330791273,1.298348554680097e-21,9521
negative,fg_BB_SA2_primary_aromatic_amine_count,ring_count,0.09750226014250767,1.4942512303278833e-21,9521
negative,fg_BB_SA18b_phosphonate_ester_count,rot_bonds,0.09708399772739859,2.218657509535432e-21,9521
negative,fg_ammonium_quaternary_count,fraction_csp3,0.09621872879003368,4.9990059576615695e-21,9521
negative,fg_amine_primary_count,heavy_atom_count,-0.09531103291422201,1.1630295586677669e-20,9521
negative,fg_hydrazine_like_count,hba,0.09495684959617275,1.6133942180444917e-20,9521
negative,fg_ester_count,ring_count,-0.09410820857072409,3.517173755518276e-20,9521
negative,fg_imine_count,mw,0.09407254435001268,3.6337171494400523e-20,9521
negative,fg_BB_SA6_aromatic_monoalkylamine_count,hba,0.0935374396595352,5.91732508258129e-20,9521
negative,fg_BB_SA18b_phosphonate_ester_count,hba,0.0934522762586058,6.393210656631921e-20,9521
negative,fg_amine_tertiary_count,hba,0.09341127444939416,6.635623646824434e-20,9521
negative,fg_BB_SA22_simple_aldehyde_count,aromatic_ring_count,-0.0930506164278167,9.199146735558774e-20,9521
negative,fg_ammonium_quaternary_count,rot_bonds,0.09277749303443511,1.1771130597550264e-19,9521
negative,fg_sulfide_count,heteroatom_count,0.09224127663798941,1.9059742536025638e-19,9521
negative,fg_alkene_count,heavy_atom_count,0.09141670869556708,3.9775377622759807e-19,9521
negative,fg_BB_SA20_ab_unsat_carbonyl_count,hba,0.09140282741432373,4.026878549234521e-19,9521
negative,fg_aldehyde_count,tpsa,-0.09140241641936045,4.028348601978686e-19,9521
negative,fg_BB_SA2_primary_aromatic_amine_count,heteroatom_count,0.09069903077607408,7.50542633051693e-19,9521
negative,fg_thiol_count,ring_count,-0.09026930184000775,1.0951208382347146e-18,9521
negative,fg_chloro_count,rot_bonds,-0.08991987207045621,1.4870223448511062e-18,9521
negative,fg_BB_SA13_aliphatic_halogen_count,ring_count,-0.08936726425731512,2.4064639379796787e-18,9521
negative,fg_carboxylic_acid_count,rot_bonds,0.08905745813687134,3.147935560385909e-18,9521
negative,fg_amine_secondary_count,logp,-0.08891325001983622,3.5660327911157046e-18,9521
negative,fg_alcohol_count,rot_bonds,0.08860060287865157,4.669882176451634e-18,9521
negative,fg_BB_SA22_simple_aldehyde_count,mw,-0.08836969362051542,5.695663371731992e-18,9521
negative,fg_bromo_count,hba,-0.08813602215184493,6.959649899414603e-18,9521
negative,fg_BB_SA47_n_alkylcarboxylic_acid_count,hba,0.08711672100500037,1.658099076602463e-17,9521
negative,fg_BB_SA2_primary_aromatic_amine_count,hba,0.08616095533983778,3.7084362932459625e-17,9521
negative,fg_amine_primary_count,tpsa,0.0861037884593148,3.8902659673801384e-17,9521
negative,fg_BB_SA40_alkyl_halides_nongx_count,ring_count,-0.0853518458159601,7.28032124735398e-17,9521
negative,fg_ether_count,logp,0.08514324618004211,8.654397859558692e-17,9521
negative,fg_fluoro_count,tpsa,-0.08505836655378332,9.284054826208667e-17,9521
negative,fg_sulfonamide_count,fraction_csp3,-0.08496838822267319,1.0000873090654387e-16,9521
negative,fg_fluoro_count,hba,-0.08475436299528712,1.1932531331489212e-16,9521
negative,fg_nitrile_count,hbd,-0.08467233994007525,1.2766576270180976e-16,9521
negative,fg_sulfonamide_count,ring_count,0.08450224023049518,1.4683660153154298e-16,9521
negative,fg_aldehyde_count,heavy_atom_count,-0.0843645841117625,1.6440575758993982e-16,9521
negative,fg_amide_count,fraction_csp3,-0.08421210410577573,1.862915482637747e-16,9521
negative,fg_BB_SA40_alkyl_halides_nongx_count,aromatic_ring_count,-0.08398623972944887,2.24085027986657e-16,9521
negative,fg_aldehyde_count,hba,-0.08389486952148831,2.41437203227749e-16,9521
negative,fg_BB_SA6_aromatic_monoalkylamine_count,ring_count,0.08328354941712464,3.9685027534516208e-16,9521
negative,fg_ketone_count,hba,0.08284565752985867,5.652818066068693e-16,9521
negative,fg_BB_SA20_ab_unsat_carbonyl_count,heavy_atom_count,0.08270726577138741,6.31909704138898e-16,9521
negative,fg_BB_SA18b_phosphonate_ester_count,fraction_csp3,0.08142573157992433,1.7578048193846548e-15,9521
negative,fg_BB_SA22_simple_aldehyde_count,hba,-0.08119317466904444,2.112843941003919e-15,9521
negative,fg_BB_SA13_aliphatic_halogen_count,aromatic_ring_count,-0.08117368743812853,2.1456170170340416e-15,9521
negative,fg_BB_SA20_ab_unsat_carbonyl_count,hbd,-0.08104758246941147,2.3701310213784306e-15,9521
negative,bb_n_genotox_alerts,rot_bonds,0.0809292764297452,2.6017135591628533e-15,9521
negative,fg_BB_SA22_simple_aldehyde_count,tpsa,-0.08089989248076676,2.662602563405785e-15,9521
negative,fg_fluoro_count,logp,0.08073353499473498,3.0347233699078582e-15,9521
negative,fg_BB_SA5_nitro_aromatic_count,heavy_atom_count,0.08039257321064879,3.964621007426941e-15,9521
negative,fg_BB_SA22_simple_aldehyde_count,ring_count,-0.0798745132866527,5.9381917402592505e-15,9521
negative,fg_imine_count,aromatic_ring_count,0.07982188961971302,6.186058782056325e-15,9521
negative,fg_BB_SA11_aliphatic_azo_count,hbd,0.07950630359308083,7.900947176116188e-15,9521
negative,fg_bromo_count,tpsa,-0.07944529243079379,8.282765025522002e-15,9521
negative,fg_thiol_count,hbd,0.07935532477818748,8.879142450642088e-15,9521
negative,fg_imine_count,fraction_csp3,-0.07850717595337153,1.7036603284628896e-14,9521
negative,fg_bromo_count,mw,0.07839038866215794,1.862597872212787e-14,9521
negative,fg_imine_count,hbd,0.07777122614449458,2.982213431049479e-14,9521
negative,fg_BB_SA5_nitro_aromatic_count,ring_count,0.07773884383889476,3.056230977629427e-14,9521
negative,fg_BB_SA18b_phosphonate_ester_count,tpsa,0.07602718643089598,1.1010421100962247e-13,9521
negative,fg_thiol_count,heavy_atom_count,-0.07598278596851372,1.1378400156160525e-13,9521
negative,fg_organophosphate_like_count,mw,0.07574542686051433,1.3560237078375584e-13,9521
negative,fg_ketone_count,tpsa,0.07570661968061754,1.3954079801627416e-13,9521
negative,fg_BB_SA22_simple_aldehyde_count,heavy_atom_count,-0.07564282658231081,1.4626052727705392e-13,9521
negative,fg_epoxide_count,hbd,-0.07498259595139335,2.3743128965456186e-13,9521
negative,fg_BB_SA16_epoxide_count,hbd,-0.07498259595139335,2.3743128965456186e-13,9521
negative,fg_BB_SA5_nitro_aromatic_count,mw,0.07485003150648079,2.615579916993437e-13,9521
negative,fg_fluoro_count,mw,0.07430945780826016,3.874420615646992e-13,9521
negative,fg_alkene_count,tpsa,-0.073944481174902,5.043514190738368e-13,9521
negative,fg_ketone_count,logp,0.07362150416478243,6.362410237329046e-13,9521
negative,bb_n_nongenotox_alerts,aromatic_ring_count,0.07320247226000157,8.587619035383739e-13,9521
negative,fg_chloro_count,ring_count,0.07238613236339463,1.5329957090143663e-12,9521
negative,fg_epoxide_count,fraction_csp3,0.07230838487370946,1.6194449156745744e-12,9521
negative,fg_BB_SA16_epoxide_count,fraction_csp3,0.07230838487370946,1.6194449156745744e-12,9521
negative,fg_BB_SA22_simple_aldehyde_count,hbd,-0.07204762754678389,1.9457705243701476e-12,9521
negative,fg_BB_SA23_monohaloalkene_count,heteroatom_count,0.0720399752845477,1.9562620547550497e-12,9521
negative,fg_BB_SA20_ab_unsat_carbonyl_count,tpsa,0.07162509977678254,2.6162689613549493e-12,9521
negative,fg_phosphate_like_count,mw,0.07127093556499105,3.3488877840383612e-12,9521
negative,fg_ammonium_quaternary_count,ring_count,-0.07125046162809492,3.3969017293042395e-12,9521
negative,fg_ether_count,ring_count,0.07123619484378244,3.430757443668443e-12,9521
negative,fg_thiol_count,tpsa,-0.0710936239510221,3.787782078013282e-12,9521
negative,fg_BB_SA6_aromatic_monoalkylamine_count,tpsa,0.07102772561074236,3.964875744789648e-12,9521
negative,fg_thiol_count,aromatic_ring_count,-0.07081775818853214,4.58500436204871e-12,9521
negative,fg_bromo_count,logp,0.07054241018327115,5.544038137492979e-12,9521
negative,bb_any_nongenotox_alert,rot_bonds,0.07049011235903681,5.747220595111326e-12,9521
negative,fg_hydrazine_like_count,hbd,0.06998883469041803,8.104325773226704e-12,9521
negative,fg_fluoro_count,hbd,-0.06973754635825062,9.619456587328505e-12,9521
negative,fg_amine_tertiary_count,heavy_atom_count,0.06916372659850649,1.4195361850124844e-11,9521
negative,bb_n_nongenotox_alerts,rot_bonds,0.0689326941126561,1.6588437909936592e-11,9521
negative,fg_BB_SA6_aromatic_monoalkylamine_count,heteroatom_count,0.06860866556200455,2.06219189868708e-11,9521
negative,fg_bromo_count,hbd,-0.06783123247691478,3.4622390800453866e-11,9521
negative,bb_any_nongenotox_alert,aromatic_ring_count,0.06779361687624852,3.5496203016646376e-11,9521
negative,fg_BB_SA11_aliphatic_azo_count,logp,0.06689001908388593,6.433817797245653e-11,9521
negative,fg_carboxylic_acid_count,hba,0.06688408465912261,6.458832022987178e-11,9521
negative,fg_BB_SA13_aliphatic_halogen_count,logp,0.06682582577328426,6.709504060948914e-11,9521
negative,fg_BB_SA18b_phosphonate_ester_count,mw,0.06591485467116943,1.21186059168809e-10,9521
negative,fg_BB_SA6_aromatic_monoalkylamine_count,heavy_atom_count,0.06488983984766282,2.3350186373279906e-10,9521
negative,fg_bromo_count,rot_bonds,-0.06482067897016541,2.439799710731182e-10,9521
negative,fg_sulfide_count,mw,0.06467224564564983,2.68042016897834e-10,9521
negative,bb_any_alert,hbd,0.0641710386111527,3.6767819458770226e-10,9521
negative,fg_sulfide_count,rot_bonds,0.06384442656794773,4.5119401313682186e-10,9521
negative,fg_alkene_count,rot_bonds,0.06237555185893503,1.1188181573500603e-09,9521
negative,fg_chloro_count,hbd,-0.061904511288660535,1.49062199861188e-09,9521
negative,fg_nitrile_count,tpsa,0.06187954682969361,1.5133740415519243e-09,9521
negative,fg_phosphate_like_count,fraction_csp3,0.061553978626758044,1.8429288904255304e-09,9521
negative,fg_thiol_count,fraction_csp3,0.061338799702780666,2.0980800347098607e-09,9521
negative,fg_chloro_count,hba,-0.061196617159264936,2.285221438932529e-09,9521
negative,fg_sulfonic_acid_or_sulfonate_count,logp,0.06067147105291214,3.1279795209360617e-09,9521
negative,fg_BB_SA6_aromatic_monoalkylamine_count,rot_bonds,0.06041693167307043,3.6386585260347023e-09,9521
negative,fg_nitrile_count,fraction_csp3,-0.06039221326820636,3.692369724536782e-09,9521
negative,fg_organophosphate_like_count,fraction_csp3,0.06028574307081751,3.932674555718287e-09,9521
negative,fg_BB_SA20_ab_unsat_carbonyl_count,mw,0.05951228209271714,6.1976308842127444e-09,9521
negative,fg_alkene_count,mw,0.059341097148113725,6.8488237276858094e-09,9521
negative,fg_halogen_any_count,ring_count,0.059313301914398084,6.960653088429866e-09,9521
negative,fg_sulfonamide_count,rot_bonds,0.05902062723614911,8.251344995866995e-09,9521
negative,fg_BB_SA6_aromatic_monoalkylamine_count,mw,0.05874830410014771,9.659381677328103e-09,9521
negative,bb_any_genotox_alert,rot_bonds,0.0583439992701669,1.2189315249017956e-08,9521
negative,fg_BB_SA6b_aromatic_dialkylamine_count,tpsa,0.05813683699281858,1.3724247055672149e-08,9521
negative,fg_BB_SA23_monohaloalkene_count,hbd,-0.058067022441617724,1.4282624728316468e-08,9521
negative,fg_BB_SA34_halobenzene_count,rot_bonds,-0.057996076908344726,1.4872630581810728e-08,9521
negative,fg_BB_SA11_aliphatic_azo_count,fraction_csp3,-0.057385944708707136,2.1024672321033745e-08,9521
negative,fg_amine_tertiary_count,mw,0.05698505033683513,2.634445796562484e-08,9521
negative,bb_n_nongenotox_alerts,ring_count,0.056859526950963336,2.826358014783383e-08,9521
negative,fg_BB_SA21_ab_unsat_alkoxy_count,hba,0.05684204265314328,2.854143181653132e-08,9521
negative,fg_ammonium_quaternary_count,aromatic_ring_count,-0.05679727502050114,2.9264989558003135e-08,9521
negative,fg_amine_tertiary_count,logp,-0.05622926725746007,4.014141385465145e-08,9521
negative,fg_hydrazine_like_count,ring_count,0.055889614871389035,4.8421170117349276e-08,9521
negative,fg_chloro_count,tpsa,-0.055482614213944806,6.0535555119707e-08,9521
negative,fg_amine_secondary_count,rot_bonds,0.055290488333434334,6.722868820403783e-08,9521
negative,bb_n_nongenotox_alerts,hbd,-0.055035105400597154,7.724358949347621e-08,9521
negative,fg_BB_SA23_monohaloalkene_count,aromatic_ring_count,-0.05461816402841857,9.677292440115117e-08,9521
negative,fg_BB_SA23_monohaloalkene_count,tpsa,-0.05461230556061923,9.707878383255841e-08,9521
negative,bb_any_nongenotox_alert,hbd,-0.05441962837699677,1.076761534133791e-07,9521
negative,fg_aldehyde_count,ring_count,-0.05418429939804152,1.2214372607320257e-07,9521
negative,fg_carboxylic_acid_count,ring_count,-0.05400501273577935,1.3441061064795584e-07,9521
negative,fg_BB_SA2_primary_aromatic_amine_count,rot_bonds,-0.05302074185041391,2.2609539886684727e-07,9521
negative,fg_aldehyde_count,aromatic_ring_count,-0.05279966110978366,2.537954998001801e-07,9521
negative,fg_BB_SA23_monohaloalkene_count,rot_bonds,-0.052692848873536924,2.6832606289670797e-07,9521
negative,fg_ketone_count,rot_bonds,-0.05261572585620677,2.793138293160263e-07,9521
negative,fg_BB_SA23_monohaloalkene_count,hba,-0.052503159641685344,2.961344668949741e-07,9521
negative,fg_organophosphate_like_count,heavy_atom_count,0.05195456431521955,3.931221347502317e-07,9521
negative,fg_BB_SA22_simple_aldehyde_count,fraction_csp3,0.05185234750918327,4.1430325641405623e-07,9521
negative,fg_BB_SA13_aliphatic_halogen_count,mw,0.05124531795733445,5.646726654312536e-07,9521
negative,bb_any_nongenotox_alert,ring_count,0.051116594868822134,6.027295806749961e-07,9521
negative,fg_thiol_count,mw,-0.05098928144377143,6.427947955159036e-07,9521
negative,fg_aromatic_ring_count,rot_bonds,0.05080567742280907,7.051231378512326e-07,9521
negative,fg_BB_SA6b_aromatic_dialkylamine_count,fraction_csp3,-0.050668965498254094,7.552734990375796e-07,9521
negative,fg_BB_SA13_aliphatic_halogen_count,rot_bonds,-0.0501580472582023,9.748839698661392e-07,9521
negative,fg_sulfide_count,hbd,0.049440742132571325,1.3893326768327671e-06,9521
negative,fg_hydrazine_like_count,logp,-0.04916098436615019,1.5931255052983256e-06,9521
negative,fg_hydrazine_like_count,aromatic_ring_count,0.04805157259404723,2.7219806420276927e-06,9521
negative,fg_BB_SA40_alkyl_halides_nongx_count,rot_bonds,-0.04784741783601823,3.0002429246572403e-06,9521
negative,fg_BB_SA20_ab_unsat_carbonyl_count,rot_bonds,0.04771140763137002,3.2005550351043667e-06,9521
negative,fg_ammonium_quaternary_count,hba,-0.04767579706304582,3.2550833646486847e-06,9521
negative,fg_hydrazine_like_count,heavy_atom_count,0.047504291648579354,3.530417080738666e-06,9521
negative,fg_phosphate_like_count,heavy_atom_count,0.04742210113185566,3.670149285539272e-06,9521
negative,fg_alcohol_count,heavy_atom_count,0.04695862295636125,4.562877247124481e-06,9521
negative,fg_alcohol_count,heteroatom_count,0.0467623969718701,5.0004825463771785e-06,9521
negative,fg_carboxylic_acid_count,fraction_csp3,-0.04656161538725101,5.489702724661853e-06,9521
negative,fg_sulfone_count,logp,0.0464596449512729,5.755385431746127e-06,9521
negative,fg_urea_count,fraction_csp3,-0.04553181792246701,8.808970270502958e-06,9521
negative,fg_bromo_count,fraction_csp3,-0.04527531691139291,9.895108865082635e-06,9521
negative,fg_BB_SA6_aromatic_monoalkylamine_count,fraction_csp3,-0.0451145290981025,1.0639951859699741e-05,9521
negative,fg_urea_count,logp,-0.04510861606603746,1.0668339331375758e-05,9521
negative,fg_BB_SA23_monohaloalkene_count,logp,0.04491722107754462,1.1627241839675944e-05,9521
negative,fg_sulfide_count,heavy_atom_count,0.044762655440839905,1.2461117823445776e-05,9521
negative,fg_fluoro_count,heavy_atom_count,0.0447533024538152,1.2513365923762893e-05,9521
negative,fg_BB_SA18b_phosphonate_ester_count,heavy_atom_count,0.04475124877882052,1.252486621274028e-05,9521
negative,fg_ammonium_quaternary_count,heavy_atom_count,0.04468215460504059,1.2917713708992608e-05,9521
negative,fg_ketone_count,fraction_csp3,-0.044607142143411195,1.3357509956146129e-05,9521
negative,fg_ketone_count,aromatic_ring_count,0.043988688790632856,1.756898240277467e-05,9521
negative,fg_phosphate_like_count,ring_count,-0.04355856624533074,2.1214106004735748e-05,9521
negative,fg_hydrazine_like_count,fraction_csp3,-0.04322324419260778,2.454401344255737e-05,9521
negative,fg_BB_SA21_ab_unsat_alkoxy_count,aromatic_ring_count,-0.04311164262092137,2.5758508201917377e-05,9521
negative,fg_BB_SA13_aliphatic_halogen_count,heavy_atom_count,-0.04261221904854587,3.192851472272587e-05,9521
negative,fg_BB_SA47_n_alkylcarboxylic_acid_count,heteroatom_count,0.041499810885565876,5.1090255561347983e-05,9521
negative,bb_n_nongenotox_alerts,fraction_csp3,-0.04066983270348075,7.202209538394843e-05,9521
negative,fg_alkene_count,hba,-0.0405944295772976,7.428116607811632e-05,9521
negative,fg_hydrazine_like_count,mw,0.04048010492594491,7.78345165942338e-05,9521
negative,fg_ammonium_quaternary_count,mw,0.03970386318747236,0.0001065599203089895,9521
negative,fg_BB_SA18b_phosphonate_ester_count,ring_count,-0.039478164913085714,0.00011663062875433802,9521
negative,fg_thiol_count,logp,-0.03919186536170183,0.0001306990329788913,9521
negative,fg_amine_secondary_count,aromatic_ring_count,-0.03881327126941453,0.00015176786014265624,9521
negative,fg_BB_SA23_monohaloalkene_count,fraction_csp3,-0.03860652518798635,0.00016458354932850756,9521
negative,fg_fluoro_count,rot_bonds,-0.03831438969046062,0.00018443644496124922,9521
negative,fg_epoxide_count,heteroatom_count,-0.03812856090017973,0.00019821374235142657,9521
negative,fg_BB_SA16_epoxide_count,heteroatom_count,-0.03812856090017973,0.00019821374235142657,9521
negative,fg_BB_SA2_primary_aromatic_amine_count,heavy_atom_count,0.037487245562978555,0.0002535507271529145,9521
negative,fg_fluoro_count,aromatic_ring_count,0.03738114856958753,0.0002639971579441315,9521
negative,bb_any_nongenotox_alert,fraction_csp3,-0.03660901624332908,0.00035308234172776247,9521
negative,fg_BB_SA40_alkyl_halides_nongx_count,heteroatom_count,0.03650097925802619,0.00036758526305670616,9521
negative,fg_organophosphate_like_count,hbd,0.036496497988080884,0.00036819869371301474,9521
negative,fg_BB_SA21_ab_unsat_alkoxy_count,heteroatom_count,0.03625675052900196,0.0004024477562436679,9521
negative,fg_imine_count,rot_bonds,0.03605393496892302,0.00043372111802967694,9521
negative,fg_organophosphate_like_count,ring_count,-0.0356049791974468,0.0005111902135507768,9521
negative,fg_ammonium_quaternary_count,tpsa,-0.0355066510264969,0.0005297961423404184,9521
negative,fg_BB_SA2_primary_aromatic_amine_count,mw,0.03521905198692799,0.0005879012576516902,9521
negative,fg_amine_tertiary_count,heteroatom_count,0.03496855434536659,0.0006432891104098606,9521
negative,fg_sulfide_count,fraction_csp3,0.034924557152001434,0.0006535046838828935,9521
negative,fg_bromo_count,aromatic_ring_count,0.034458149320812356,0.0007714726307623723,9521
negative,fg_bromo_count,heavy_atom_count,-0.03435446734416225,0.0008002519268118078,9521
negative,fg_nitrile_count,hba,0.03412328021839785,0.0008680466218812408,9521
negative,fg_epoxide_count,aromatic_ring_count,-0.033073160449483066,0.0012483643116688672,9521
negative,fg_BB_SA16_epoxide_count,aromatic_ring_count,-0.033073160449483066,0.0012483643116688672,9521
negative,fg_sulfide_count,tpsa,0.033030333230977024,0.001266735311063417,9521
negative,fg_ether_count,aromatic_ring_count,-0.03297849695878608,0.0012893045235505816,9521
negative,fg_amine_primary_count,rot_bonds,0.03274602948502476,0.0013951561791271387,9521
negative,fg_amine_tertiary_count,ring_count,0.03174490450148123,0.001948955466890833,9521
negative,fg_BB_SA21_ab_unsat_alkoxy_count,ring_count,0.03172440801975133,0.0019621567587778397,9521
negative,fg_epoxide_count,tpsa,-0.03157257736820698,0.0020625322164399746,9521
negative,fg_BB_SA16_epoxide_count,tpsa,-0.03157257736820698,0.0020625322164399746,9521
negative,fg_BB_SA40_alkyl_halides_nongx_count,logp,0.03143653542341265,0.002156447880792601,9521
negative,fg_BB_SA28_alkenylbenzene_count,rot_bonds,0.03138961617493795,0.002189736747739299,9521
negative,fg_amine_tertiary_count,aromatic_ring_count,-0.03117772153046282,0.002346020099421656,9521
negative,fg_BB_SA21_ab_unsat_alkoxy_count,heavy_atom_count,0.031114459251424337,0.002394621198186835,9521
negative,fg_ammonium_quaternary_count,hbd,-0.031113391134068524,0.0023954496306784322,9521
negative,fg_BB_SA5_nitro_aromatic_count,logp,0.03072838734986709,0.0027117366592148764,9521
negative,fg_BB_SA21_ab_unsat_alkoxy_count,tpsa,0.030101871408981053,0.0033088246104773897,9521
negative,fg_alcohol_count,mw,0.029415255438675722,0.004098805260763038,9521
negative,fg_carboxylic_acid_count,aromatic_ring_count,-0.028861189775225653,0.004857043130501887,9521
negative,fg_amine_secondary_count,hba,0.028848829662019407,0.004875318375501311,9521
negative,fg_nitrile_count,mw,-0.028838384802716395,0.004890810253189937,9521
negative,fg_alkene_count,fraction_csp3,0.028680072557014734,0.005131134966708734,9521
negative,fg_BB_SA22_simple_aldehyde_count,logp,-0.02863802320396634,0.005196736332684129,9521
negative,fg_phosphate_like_count,hbd,0.028592756668778207,0.005268202889292345,9521
negative,fg_BB_SA28_alkenylbenzene_count,hbd,-0.028292171367359606,0.005765713709459599,9521
negative,fg_urea_count,heavy_atom_count,0.027871985230732452,0.006532195056051231,9521
negative,fg_BB_SA34_halobenzene_count,hba,-0.027866155906918575,0.0065434444470856366,9521
negative,fg_BB_SA21_ab_unsat_alkoxy_count,mw,0.027296285358141967,0.007730981946833666,9521
negative,fg_BB_SA23_monohaloalkene_count,mw,0.027001966040609563,0.00841700575873331,9521
negative,fg_urea_count,ring_count,0.026938503151429274,0.008571879158218011,9521
negative,fg_BB_SA2c_aromatic_amine_general_count,rot_bonds,0.026617355908318523,0.009395327683506963,9521
negative,fg_BB_SA5_nitro_aromatic_count,rot_bonds,0.026412330232271065,0.009957246562865583,9521
negative,fg_aldehyde_count,logp,-0.02590447414745704,0.011480025344831668,9521
negative,fg_epoxide_count,rot_bonds,-0.02566425494324667,0.012269775568906828,9521
negative,fg_BB_SA16_epoxide_count,rot_bonds,-0.02566425494324667,0.012269775568906828,9521
negative,fg_BB_SA18b_phosphonate_ester_count,aromatic_ring_count,-0.025128376733744722,0.01420717906518572,9521
negative,fg_hydrazine_like_count,rot_bonds,0.024823605672573076,0.015425426598772142,9521
negative,fg_BB_SA2_primary_aromatic_amine_count,logp,-0.024795814496409083,0.015540960396960603,9521
negative,fg_carboxylic_acid_count,heavy_atom_count,0.02455593819889719,0.01657023548368761,9521
negative,fg_fluoro_count,fraction_csp3,-0.024344597697488743,0.017526182472191686,9521
negative,fg_amine_primary_count,heteroatom_count,-0.023851842277366885,0.019944857718644314,9521
negative,fg_BB_SA20_ab_unsat_carbonyl_count,heteroatom_count,0.023225847919032424,0.023433973154340357,9521
negative,fg_nitrile_count,ring_count,-0.023027600419082063,0.02464417498766659,9521
negative,fg_urea_count,mw,0.022937019811123928,0.025214906193222898,9521
negative,fg_amine_secondary_count,mw,-0.02283036053864365,0.02590157900574941,9521
negative,fg_carboxylic_acid_count,mw,0.022770422400728133,0.02629451107426952,9521
negative,fg_phosphate_like_count,aromatic_ring_count,-0.022746434722313892,0.026453202444212138,9521
negative,fg_urea_count,aromatic_ring_count,0.02273910435696492,0.026501861488592026,9521
negative,fg_nitrile_count,rot_bonds,-0.022371753555395286,0.029041399644149545,9521
negative,fg_heteroaromatic_ring_count,rot_bonds,0.020232916814824416,0.048361041409465275,9521
negative,fg_amine_tertiary_count,hbd,0.020114632892637742,0.0496881986730615,9521
negative,fg_ammonium_quaternary_count,logp,0.019924439750681946,0.05188615393112563,9521
negative,fg_BB_SA22_simple_aldehyde_count,rot_bonds,0.019864040458508606,0.052600945250452454,9521
negative,fg_bromo_count,heteroatom_count,0.019773537693015694,0.053687386251222394,9521
negative,fg_BB_SA47_n_alkylcarboxylic_acid_count,hbd,-0.019617088640786554,0.05560964406498036,9521
negative,fg_ketone_count,hbd,-0.01956549621348093,0.05625598722321944,9521
negative,fg_BB_SA2c_aromatic_amine_general_count,logp,0.019461041804896436,0.05758373447764427,9521
negative,fg_nitrile_count,heavy_atom_count,-0.018498189716577147,0.07109195834879714,9521
negative,bb_n_nongenotox_alerts,hba,-0.018417808559476414,0.07232841380748234,9521
negative,fg_sulfonamide_count,logp,-0.01832864805863435,0.07372045402216902,9521
negative,fg_urea_count,hba,0.017990331420364304,0.07920302208547043,9521
negative,fg_BB_SA6_aromatic_monoalkylamine_count,logp,0.01798938486931674,0.0792188141593953,9521
negative,bb_any_nongenotox_alert,hba,-0.01789251508465854,0.08084855898224054,9521
negative,fg_phenol_count,rot_bonds,-0.017640746078879915,0.08521190579547978,9521
negative,fg_alkene_count,ring_count,0.01763864066371863,0.08524918136465229,9521
negative,fg_organophosphate_like_count,aromatic_ring_count,-0.0163232637274671,0.1112388604494762,9521
negative,fg_sulfide_count,ring_count,0.01626140712043494,0.11260025019427969,9521
negative,fg_BB_SA28_alkenylbenzene_count,hba,0.01588840947651196,0.12108978529028522,9521
negative,fg_amide_count,logp,-0.01561969569269492,0.12751015656685716,9521
negative,fg_nitrile_count,aromatic_ring_count,0.015270975098538959,0.13623318457196162,9521
negative,fg_ammonium_quaternary_count,heteroatom_count,-0.015214149960218607,0.1376972718956399,9521
negative,fg_epoxide_count,heavy_atom_count,0.01422069448937414,0.1652951624551745,9521
negative,fg_BB_SA16_epoxide_count,heavy_atom_count,0.01422069448937414,0.1652951624551745,9521
negative,fg_halogen_any_count,heavy_atom_count,0.013645831978012293,0.18306151928607745,9521
negative,fg_thiol_count,rot_bonds,-0.012926630759921657,0.20723284173313486,9521
negative,fg_amine_secondary_count,heavy_atom_count,-0.01277724997949241,0.21253129890939415,9521
negative,fg_alcohol_count,ring_count,-0.012542261839488377,0.22106303644196895,9521
negative,fg_amine_secondary_count,tpsa,0.012186393997834813,0.23444640765367905,9521
negative,fg_BB_SA5_nitro_aromatic_count,hbd,0.012016193163034745,0.24104622057717143,9521
negative,fg_BB_SA23_monohaloalkene_count,ring_count,-0.011783572310878844,0.25027642659746724,9521
negative,fg_ketone_count,heteroatom_count,0.011600551654948731,0.2577099556549092,9521
negative,fg_BB_SA21_ab_unsat_alkoxy_count,rot_bonds,-0.011240241500836582,0.27278826495449093,9521
negative,fg_amine_secondary_count,heteroatom_count,-0.010998131176075865,0.2832527540047362,9521
negative,fg_amine_secondary_count,ring_count,-0.010897362154448502,0.28768730232640505,9521
negative,fg_BB_SA20_ab_unsat_carbonyl_count,logp,-0.01067926580062037,0.2974446971277364,9521
negative,fg_BB_SA18b_phosphonate_ester_count,logp,0.00997847855549169,0.3302787578587002,9521
negative,fg_aldehyde_count,fraction_csp3,-0.009835441927820794,0.3372583489068769,9521
negative,fg_BB_SA23_monohaloalkene_count,heavy_atom_count,-0.009615134712222737,0.34819243031163505,9521
negative,fg_amine_tertiary_count,tpsa,-0.009582383533367028,0.34983693354719736,9521
negative,fg_fluoro_count,ring_count,0.009502956715978901,0.35384554328824536,9521
negative,fg_urea_count,rot_bonds,-0.009042253978236128,0.3776656054908497,9521
negative,fg_BB_SA20_ab_unsat_carbonyl_count,ring_count,0.008816357230849085,0.3896979760715934,9521
negative,fg_imine_count,logp,0.008746486071048427,0.39346635154501264,9521
negative,fg_BB_SA18b_phosphonate_ester_count,hbd,0.00800040250141027,0.4350647600689511,9521
negative,fg_aldehyde_count,rot_bonds,-0.007052979576389378,0.4913791083656306,9521
negative,fg_nitrile_count,logp,-0.006648265116070145,0.5165772173050938,9521
negative,fg_amine_primary_count,hba,0.006513504650089449,0.5251137804859092,9521
negative,fg_BB_SA34_halobenzene_count,tpsa,-0.006396324479033432,0.5325949386303366,9521
negative,fg_epoxide_count,logp,-0.006391388814822282,0.532911226899591,9521
negative,fg_BB_SA16_epoxide_count,logp,-0.006391388814822282,0.532911226899591,9521
negative,fg_thiol_count,heteroatom_count,-0.005415049927549131,0.5972832843906204,9521
negative,fg_BB_SA40_alkyl_halides_nongx_count,mw,0.005070508339818315,0.6208146036610741,9521
negative,fg_thiol_count,hba,-0.004745309669462892,0.6433870849752155,9521
negative,fg_BB_SA21_ab_unsat_alkoxy_count,hbd,-0.0038917486459666443,0.7041745538482702,9521
negative,fg_BB_SA28_alkenylbenzene_count,heteroatom_count,-0.0033345578103018865,0.7449315532980217,9521
negative,fg_epoxide_count,mw,0.0033091513227164,0.7468081220552498,9521
negative,fg_BB_SA16_epoxide_count,mw,0.0033091513227164,0.7468081220552498,9521
negative,fg_BB_SA21_ab_unsat_alkoxy_count,logp,0.002812606296226041,0.7837724103242643,9521
negative,fg_sulfide_count,logp,-0.002588753392186978,0.800603255886042,9521
negative,bb_any_nongenotox_alert,tpsa,0.002032247118041394,0.842832316569619,9521
negative,fg_BB_SA6b_aromatic_dialkylamine_count,hbd,0.001957771984946159,0.8485209704672331,9521
negative,fg_bromo_count,ring_count,0.0019491746667632973,0.8491781757763976,9521
negative,fg_BB_SA34_halobenzene_count,hbd,-0.0016744348749684118,0.870232893084137,9521
negative,fg_sulfide_count,aromatic_ring_count,-0.0014189765746401512,0.8898931617121308,9521
negative,bb_n_nongenotox_alerts,tpsa,0.001414326878555065,0.8902516718441622,9521
negative,fg_nitrile_count,heteroatom_count,0.0013583731506116334,0.894567666474037,9521
negative,fg_phosphate_like_count,logp,0.00107360630639584,0.9165788931281187,9521
negative,fg_BB_SA28_alkenylbenzene_count,tpsa,0.0010573048298912018,0.9178410264434009,9521
negative,fg_BB_SA20_ab_unsat_carbonyl_count,fraction_csp3,-0.0008052502922875698,0.9373806269202055,9521
negative,fg_chloro_count,heavy_atom_count,-0.0006286590380626606,0.9510934189214283,9521
negative,fg_BB_SA21_ab_unsat_alkoxy_count,fraction_csp3,0.00032219392043580654,0.9749233132577104,9521
negative,fg_organophosphate_like_count,logp,0.00029502426663976085,0.9770373448601725,9521
negative,fg_epoxide_count,hba,-0.00010371510691216711,0.9919265543060369,9521
negative,fg_BB_SA16_epoxide_count,hba,-0.00010371510691216711,0.9919265543060369,9521
positive,fg_aromatic_ring_count,mw,0.5444397229609621,0.0,4184
positive,fg_aromatic_ring_count,logp,0.7404169199317294,0.0,4184
positive,fg_aromatic_ring_count,ring_count,0.8422649231552938,0.0,4184
positive,fg_aromatic_ring_count,aromatic_ring_count,0.9530543557541975,0.0,4184
positive,fg_aromatic_ring_count,fraction_csp3,-0.6273702842099911,0.0,4184
positive,fg_aromatic_ring_count,heavy_atom_count,0.6818844354298633,0.0,4184
positive,fg_heteroaromatic_ring_count,logp,0.7168780248723241,0.0,4184
positive,fg_heteroaromatic_ring_count,ring_count,0.8538952321965438,0.0,4184
positive,fg_heteroaromatic_ring_count,aromatic_ring_count,0.971081417923362,0.0,4184
positive,fg_heteroaromatic_ring_count,fraction_csp3,-0.6371303227506384,0.0,4184
positive,fg_heteroaromatic_ring_count,heavy_atom_count,0.6491862811645498,0.0,4184
positive,fg_fused_ring_like_count,logp,0.5390523001619596,0.0,4184
positive,fg_fused_ring_like_count,ring_count,0.8767878665625378,0.0,4184
positive,fg_fused_ring_like_count,aromatic_ring_count,0.7429590908133972,0.0,4184
positive,fg_fused_ring_like_count,heavy_atom_count,0.5994778958281598,0.0,4184
positive,fg_heteroaromatic_ring_count,mw,0.5115934875316439,6.646902301964281e-278,4184
positive,fg_fused_ring_like_count,mw,0.4828946911463697,1.9605125358094224e-243,4184
positive,fg_alcohol_count,hbd,0.4453324505786127,5.095533999647558e-203,4184
positive,fg_aniline_count,tpsa,0.4430669934055285,9.691024729161967e-201,4184
positive,fg_fused_ring_like_count,rot_bonds,-0.43185002245858267,1.0454283575083725e-189,4184
positive,fg_BB_SA5_nitro_aromatic_count,tpsa,0.4304630445052752,2.263616505811652e-188,4184
positive,fg_BB_SA2c_aromatic_amine_general_count,hbd,0.4239187822774712,3.7368795409684036e-182,4184
positive,fg_BB_SA5_nitro_aromatic_count,heteroatom_count,0.40043704753755294,5.995979377693407e-161,4184
positive,fg_aniline_count,fraction_csp3,-0.39011925834467004,3.7019710234790575e-152,4184
positive,fg_phenol_count,hbd,0.3850381712288021,6.069171311109452e-148,4184
positive,fg_aniline_count,hba,0.36462861898585774,9.435795639262983e-132,4184
positive,fg_aniline_count,heteroatom_count,0.36055703346340273,1.1664842058710203e-128,4184
positive,fg_BB_SA31_PAH_3fused_count,aromatic_ring_count,0.34764442519103295,3.7858358005482273e-119,4184
positive,fg_fused_ring_like_count,fraction_csp3,-0.3428516521843572,9.912406899648276e-116,4184
positive,fg_BB_SA5_nitro_aromatic_count,hba,0.3386219707984482,9.181971834082696e-113,4184
positive,fg_BB_SA5_nitro_aromatic_count,fraction_csp3,-0.3216937746354317,2.3924037130413695e-101,4184
positive,fg_BB_SA31_PAH_3fused_count,logp,0.3183569082637955,3.5007362008760846e-99,4184
positive,fg_ether_count,fraction_csp3,0.318242622484832,4.147934006440121e-99,4184
positive,fg_BB_SA31_PAH_3fused_count,ring_count,0.3137046072878841,3.2898003528474014e-96,4184
positive,fg_BB_SA13_aliphatic_halogen_count,fraction_csp3,0.31004504284680345,6.584087001375849e-94,4184
positive,fg_BB_SA40_alkyl_halides_nongx_count,fraction_csp3,0.3067451005169282,7.340660744369247e-92,4184
positive,fg_BB_SA2_primary_aromatic_amine_count,hbd,0.29836365575072343,8.86219960123668e-87,4184
positive,fg_heteroaromatic_ring_count,rot_bonds,-0.2970979739986737,5.016009724267975e-86,4184
positive,fg_BB_SA10_N_nitroso_count,fraction_csp3,0.29071917348742005,2.733648280518495e-82,4184
positive,fg_hydrazine_like_count,logp,-0.2821031864376204,2.149154950683136e-77,4184
positive,fg_BB_SA10_N_nitroso_count,aromatic_ring_count,-0.2807507043468999,1.2164722986221716e-76,4184
positive,fg_alcohol_count,fraction_csp3,0.2782948269328832,2.7628405877713714e-75,4184
positive,fg_halogen_any_count,ring_count,-0.2769723449993191,1.4654111370133233e-74,4184
positive,fg_BB_SA40_alkyl_halides_nongx_count,ring_count,-0.2768552930998076,1.6978553427650604e-74,4184
positive,fg_hydrazine_like_count,ring_count,-0.2766531006135654,2.189158724401448e-74,4184
positive,fg_BB_SA10_N_nitroso_count,ring_count,-0.2766406135379958,2.223775086280116e-74,4184
positive,fg_BB_SA13_aliphatic_halogen_count,ring_count,-0.27413700928410634,5.081553324259123e-73,4184
positive,fg_hydrazine_like_count,aromatic_ring_count,-0.2701326780679558,7.076502161205922e-71,4184
positive,fg_BB_SA40_alkyl_halides_nongx_count,aromatic_ring_count,-0.2657379527379099,1.4484850745237893e-68,4184
positive,fg_BB_SA31_PAH_3fused_count,heteroatom_count,-0.2655551304591233,1.8034944774914685e-68,4184
positive,fg_ether_count,hba,0.26538633025593505,2.2077368321756583e-68,4184
positive,fg_BB_SA13_aliphatic_halogen_count,aromatic_ring_count,-0.26529840830681867,2.452848690837179e-68,4184
positive,fg_aniline_count,aromatic_ring_count,0.2604384940421955,7.765089627180043e-66,4184
positive,fg_aromatic_ring_count,rot_bonds,-0.2509582395801093,4.1392402360404035e-61,4184
positive,fg_BB_SA10_N_nitroso_count,logp,-0.24922774533047912,2.8732882697377806e-60,4184
positive,fg_phenol_count,tpsa,0.24913560859587833,3.1841775229286827e-60,4184
positive,fg_chloro_count,ring_count,-0.24443545588738774,5.682389697683459e-58,4184
positive,fg_hydrazine_like_count,fraction_csp3,0.24098417331504085,2.3837948550401944e-56,4184
positive,fg_BB_SA31_PAH_3fused_count,hba,-0.2402827312323313,5.057400834488086e-56,4184
positive,fg_BB_SA2_primary_aromatic_amine_count,fraction_csp3,-0.2402816724831325,5.06313641357197e-56,4184
positive,bb_n_alerts,heteroatom_count,0.23802593167950767,5.5939228698781206e-55,4184
positive,fg_BB_SA2c_aromatic_amine_general_count,fraction_csp3,-0.23740405363286404,1.0799786924098287e-54,4184
positive,fg_BB_SA40_alkyl_halides_nongx_count,tpsa,-0.23636193398632674,3.238299572237635e-54,4184
positive,fg_BB_SA20_ab_unsat_carbonyl_count,aromatic_ring_count,-0.2356634981289592,6.739639750274532e-54,4184
positive,fg_phenol_count,heavy_atom_count,0.23545414627327343,8.39165262789665e-54,4184
positive,fg_BB_SA13_aliphatic_halogen_count,tpsa,-0.23397015797666587,3.9451186209645695e-53,4184
positive,fg_ether_count,rot_bonds,0.23288653068443607,1.2132376697940735e-52,4184
positive,bb_n_genotox_alerts,heteroatom_count,0.231282818489287,6.329899622379836e-52,4184
positive,bb_n_genotox_alerts,tpsa,0.23041093472790328,1.5457998862468933e-51,4184
positive,fg_halogen_any_count,aromatic_ring_count,-0.22985714459462994,2.7202171450106465e-51,4184
positive,fg_BB_SA40_alkyl_halides_nongx_count,hba,-0.2261115240782648,1.1958091086063015e-49,4184
positive,fg_carboxylic_acid_count,hbd,0.22522611274801374,2.895485333493347e-49,4184
positive,fg_phenol_count,hba,0.22431503694906024,7.164517299051173e-49,4184
positive,fg_halogen_any_count,tpsa,-0.22270887989408994,3.504122488971746e-48,4184
positive,fg_BB_SA13_aliphatic_halogen_count,hba,-0.2223882365601618,4.8034760849672715e-48,4184
positive,fg_BB_SA31_PAH_3fused_count,rot_bonds,-0.22153135558974585,1.1131376402409036e-47,4184
positive,fg_phenol_count,ring_count,0.22098542696241327,1.8979577981868445e-47,4184
positive,fg_BB_SA31_PAH_3fused_count,tpsa,-0.21935185205688804,9.289259885971995e-47,4184
positive,fg_amine_primary_count,hbd,0.21926480992570935,1.0105864757424716e-46,4184
positive,fg_aniline_count,hbd,0.21836066459733375,2.419567189489244e-46,4184
positive,fg_amide_count,rot_bonds,0.2183121545066157,2.5353194043980123e-46,4184
positive,bb_n_genotox_alerts,rot_bonds,0.21808058435515082,3.168444583427499e-46,4184
positive,fg_alcohol_count,logp,-0.21794991538776573,3.59274149580207e-46,4184
positive,fg_BB_SA8_aromatic_diazo_count,logp,0.21767567405984456,4.6758378505167774e-46,4184
positive,fg_ester_count,fraction_csp3,0.2162858810826164,1.767542939769241e-45,4184
positive,fg_alcohol_count,tpsa,0.21624088426812904,1.845017652371667e-45,4184
positive,fg_halogen_any_count,hba,-0.21619400666910252,1.929324659182079e-45,4184
positive,bb_n_alerts,rot_bonds,0.21488398491829896,6.696271915786777e-45,4184
positive,fg_epoxide_count,fraction_csp3,0.2140209691036863,1.513232846953505e-44,4184
positive,fg_BB_SA40_alkyl_halides_nongx_count,heavy_atom_count,-0.21391069240516092,1.6789504852768318e-44,4184
positive,fg_azo_count,rot_bonds,0.2133186320595002,2.9303154805088846e-44,4184
positive,fg_azo_count,tpsa,0.21115131641989737,2.2188869466068076e-43,4184
positive,fg_BB_SA16_epoxide_count,fraction_csp3,0.2105787199309521,3.773964680646407e-43,4184
positive,fg_ester_count,hba,0.20993254276514992,6.8594202140179514e-43,4184
positive,fg_phenol_count,mw,0.20836699158440722,2.89335230023227e-42,4184
positive,fg_amide_count,heteroatom_count,0.20822783990324842,3.286389210036545e-42,4184
positive,fg_BB_SA13_aliphatic_halogen_count,heavy_atom_count,-0.20690332019299928,1.0996776326294327e-41,4184
positive,fg_chloro_count,aromatic_ring_count,-0.20449182582812345,9.705556553453355e-41,4184
positive,fg_BB_SA31_PAH_3fused_count,heavy_atom_count,0.20443087105265298,1.0251121308479766e-40,4184
positive,fg_BB_SA14c_half_mustard_count,rot_bonds,0.20434597479024386,1.1062120022834648e-40,4184
positive,fg_BB_SA6b_aromatic_dialkylamine_count,rot_bonds,0.20410452542424923,1.37341513055879e-40,4184
positive,fg_carboxylic_acid_count,tpsa,0.20131654290426274,1.6373363926952053e-39,4184
positive,fg_fused_ring_like_count,heteroatom_count,-0.20040197753197514,3.662322145425834e-39,4184
positive,fg_BB_SA8_aromatic_diazo_count,rot_bonds,0.2002431196558369,4.210275231147243e-39,4184
positive,fg_aniline_count,heavy_atom_count,0.20017279775673796,4.4781596513676734e-39,4184
positive,fg_BB_SA31_PAH_3fused_count,fraction_csp3,-0.19874783418259218,1.5551311349892522e-38,4184
positive,fg_carboxylic_acid_count,heteroatom_count,0.19716967700894064,6.105707886524632e-38,4184
positive,fg_BB_SA8_aromatic_diazo_count,hba,0.196213587829953,1.3903238943425053e-37,4184
positive,fg_azo_count,heteroatom_count,0.19517595190925824,3.379703197059096e-37,4184
positive,fg_alcohol_count,hba,0.19506072426111873,3.7289121555170395e-37,4184
positive,bb_any_nongenotox_alert,ring_count,-0.19493110169135336,4.164744576552059e-37,4184
positive,fg_ester_count,rot_bonds,0.19492636465684074,4.1815963260700644e-37,4184
positive,fg_BB_SA23_monohaloalkene_count,aromatic_ring_count,-0.19233830896376,3.7384857749853155e-36,4184
positive,fg_phenol_count,aromatic_ring_count,0.1916395974293902,6.717645345733244e-36,4184
positive,fg_halogen_any_count,heavy_atom_count,-0.19135820426489228,8.500462118019794e-36,4184
positive,fg_BB_SA8_aromatic_diazo_count,heavy_atom_count,0.1909656814638574,1.1797032309384034e-35,4184
positive,bb_any_nongenotox_alert,aromatic_ring_count,-0.19041667312483498,1.8634776332163907e-35,4184
positive,fg_ester_count,aromatic_ring_count,-0.1896643906402251,3.478600258894693e-35,4184
positive,bb_n_nongenotox_alerts,ring_count,-0.18934007846551923,4.5490104217945637e-35,4184
positive,fg_aniline_count,rot_bonds,0.18810089089267637,1.2622894923892452e-34,4184
positive,fg_aromatic_ring_count,heteroatom_count,-0.1877932523717031,1.6244981844257244e-34,4184
positive,fg_amine_tertiary_count,heavy_atom_count,0.18724583464220884,2.5421595991473204e-34,4184
positive,fg_azo_count,hba,0.18601602327328984,6.917205558453253e-34,4184
positive,fg_BB_SA5_nitro_aromatic_count,rot_bonds,0.18565276642570855,9.284506075070128e-34,4184
positive,bb_n_nongenotox_alerts,aromatic_ring_count,-0.1845431240383133,2.2729998667951144e-33,4184
positive,fg_hydrazine_like_count,mw,-0.18327656841897894,6.272132384520632e-33,4184
positive,fg_ether_count,mw,0.18290651413476677,8.425678789731814e-33,4184
positive,fg_amine_tertiary_count,mw,0.18248290613333137,1.1803488020980083e-32,4184
positive,fg_heteroaromatic_ring_count,heteroatom_count,-0.18172674029878022,2.1501208735793628e-32,4184
positive,fg_BB_SA23_monohaloalkene_count,ring_count,-0.1813098762275515,2.989229591402287e-32,4184
positive,fg_hydrazine_like_count,heavy_atom_count,-0.18109911897809244,3.5299928394311407e-32,4184
positive,fg_BB_SA10_N_nitroso_count,heavy_atom_count,-0.1810163693092133,3.767933624557797e-32,4184
positive,fg_sulfone_count,heteroatom_count,0.18085443215849836,4.280584702228719e-32,4184
positive,fg_BB_SA8_aromatic_diazo_count,heteroatom_count,0.18033321462422386,6.448530283287737e-32,4184
positive,fg_hydrazine_like_count,rot_bonds,0.17956820892757866,1.1740184583708862e-31,4184
positive,fg_BB_SA8_aromatic_diazo_count,mw,0.17912518333168986,1.6589616504443677e-31,4184
positive,fg_BB_SA10_N_nitroso_count,mw,-0.17886856822437194,2.0259856106189887e-31,4184
positive,fg_carboxylic_acid_count,rot_bonds,0.17856099684050572,2.573356153188274e-31,4184
positive,fg_ether_count,heavy_atom_count,0.1774106280670172,6.270492768622664e-31,4184
positive,fg_BB_SA2c_aromatic_amine_general_count,tpsa,0.17671556751089118,1.0708713826343089e-30,4184
positive,fg_BB_SA8_aromatic_diazo_count,tpsa,0.17548280792928475,2.7518843238421005e-30,4184
positive,fg_bromo_count,ring_count,-0.17464006361340134,5.225302024093114e-30,4184
positive,fg_amide_count,tpsa,0.17462563764058378,5.2828243066757014e-30,4184
positive,fg_ketone_count,heavy_atom_count,0.17457833823558516,5.475869158516672e-30,4184
positive,fg_BB_SA34_halobenzene_count,fraction_csp3,-0.17456942444789042,5.513025334065149e-30,4184
positive,fg_BB_SA10_N_nitroso_count,rot_bonds,0.17435327419159313,6.494703737613612e-30,4184
positive,fg_ester_count,heteroatom_count,0.1725164943932995,2.5918511329476203e-29,4184
positive,fg_BB_SA6b_aromatic_dialkylamine_count,mw,0.17147906406535726,5.625315613813909e-29,4184
positive,bb_n_alerts,ring_count,-0.17093869150359814,8.406218253619406e-29,4184
positive,fg_BB_SA6b_aromatic_dialkylamine_count,heavy_atom_count,0.17051936870951637,1.1470397727852363e-28,4184
positive,fg_ketone_count,tpsa,0.1703027619272763,1.3463794891100022e-28,4184
positive,fg_aniline_count,mw,0.16997482851904486,1.7153256068314701e-28,4184
positive,bb_n_genotox_alerts,hbd,0.16988109501643292,1.8381084179804296e-28,4184
positive,fg_chloro_count,tpsa,-0.16801717005680525,7.208318730746766e-28,4184
positive,fg_BB_SA16_epoxide_count,heteroatom_count,-0.1661115172203279,2.8676922534236024e-27,4184
positive,fg_aldehyde_count,aromatic_ring_count,-0.1654902394122082,4.4823625956595506e-27,4184
positive,fg_phenol_count,fraction_csp3,-0.16494004280123933,6.647490392368539e-27,4184
positive,fg_BB_SA2c_aromatic_amine_general_count,aromatic_ring_count,0.1647737798698779,7.48619130094833e-27,4184
positive,fg_ketone_count,hba,0.16454440836577716,8.817844859597149e-27,4184
positive,fg_BB_SA34_halobenzene_count,logp,0.1642784723939179,1.0657850166434691e-26,4184
positive,fg_sulfonic_acid_or_sulfonate_count,tpsa,0.1633112472676686,2.1176792154719775e-26,4184
positive,fg_amine_primary_count,logp,-0.16307807237264496,2.4973156286019274e-26,4184
positive,fg_epoxide_count,heteroatom_count,-0.1630309297169293,2.5818981461225543e-26,4184
positive,fg_BB_SA16_epoxide_count,hbd,-0.16226607578618213,4.426165175366495e-26,4184
positive,fg_chloro_count,hba,-0.16107751720892624,1.0174888913554484e-25,4184
positive,fg_chloro_count,heavy_atom_count,-0.1605797230998742,1.4391853228959978e-25,4184
positive,fg_epoxide_count,hbd,-0.1603171483534848,1.7272431704526074e-25,4184
positive,fg_alkene_count,aromatic_ring_count,-0.1601868278508488,1.8907332452635369e-25,4184
positive,fg_sulfonic_acid_or_sulfonate_count,heteroatom_count,0.1600698509302779,2.05048840673444e-25,4184
positive,fg_BB_SA31_PAH_3fused_count,mw,0.1598682407031646,2.3578100330441598e-25,4184
positive,fg_sulfonic_acid_or_sulfonate_count,hbd,0.15911109839075666,3.977205425908011e-25,4184
positive,fg_amine_primary_count,rot_bonds,0.15819133879669442,7.48027575619759e-25,4184
positive,fg_ketone_count,mw,0.1580499725916765,8.240198064204242e-25,4184
positive,fg_imine_count,tpsa,0.15787910289389284,9.261377524175867e-25,4184
positive,fg_alcohol_count,mw,0.1578654085275982,9.348448298617934e-25,4184
positive,bb_n_nongenotox_alerts,tpsa,-0.15729864771832866,1.3759805770358612e-24,4184
positive,fg_sulfone_count,tpsa,0.1569114828828506,1.7903214257738965e-24,4184
positive,fg_diazo_like_count,tpsa,0.15660027022151296,2.2111206817758753e-24,4184
positive,fg_BB_SA27_azide_count,tpsa,0.15660027022151296,2.2111206817758753e-24,4184
positive,bb_n_genotox_alerts,hba,0.15614222476745093,3.0144523556470397e-24,4184
positive,bb_any_nongenotox_alert,tpsa,-0.15576225431408877,3.8954142661352195e-24,4184
positive,fg_amine_primary_count,tpsa,0.15434111660348487,1.0104639042875905e-23,4184
positive,fg_hydrazine_like_count,heteroatom_count,0.15405150017520416,1.2257577409333189e-23,4184
positive,fg_BB_SA16_epoxide_count,tpsa,-0.15391098173994547,1.346001818336192e-23,4184
positive,fg_BB_SA28_alkenylbenzene_count,logp,0.1530258765377267,2.4219219932331433e-23,4184
positive,fg_carboxylic_acid_count,logp,-0.15258776880613176,3.235015190655704e-23,4184
positive,fg_BB_SA14c_half_mustard_count,fraction_csp3,0.15257215850043734,3.2685031287971835e-23,4184
positive,bb_any_nongenotox_alert,fraction_csp3,0.15238143357986852,3.7064350802226677e-23,4184
positive,fg_BB_SA12b_hydrazine_general_count,logp,-0.1511875014859956,8.11339663034028e-23,4184
positive,fg_epoxide_count,tpsa,-0.1509702828289253,9.349966175173468e-23,4184
positive,fg_amide_count,hbd,0.15078299417740457,1.0564662974991681e-22,4184
positive,fg_carboxylic_acid_count,ring_count,-0.15069449682939143,1.119172836596766e-22,4184
positive,fg_sulfone_count,hba,0.15009669513162435,1.6506614289835307e-22,4184
positive,fg_amine_tertiary_count,fraction_csp3,0.14977366122561558,2.0350019207154733e-22,4184
positive,fg_bromo_count,aromatic_ring_count,-0.1497623716377664,2.0499263496516633e-22,4184
positive,fg_BB_SA47_n_alkylcarboxylic_acid_count,fraction_csp3,0.14970806524220306,2.123244591787054e-22,4184
positive,fg_BB_SA5_nitro_aromatic_count,heavy_atom_count,0.14881129433997356,3.7861660412103146e-22,4184
positive,fg_phenol_count,heteroatom_count,0.14880941418258503,3.790746061885749e-22,4184
positive,bb_any_alert,rot_bonds,0.14871138645642415,4.0372872918911e-22,4184
positive,fg_BB_SA6_aromatic_monoalkylamine_count,rot_bonds,0.1485171823757719,4.573494887381874e-22,4184
positive,fg_BB_SA5_nitro_aromatic_count,aromatic_ring_count,0.14783846559278677,7.06245223737556e-22,4184
positive,bb_n_nongenotox_alerts,hba,-0.14671725960131116,1.441293236759162e-21,4184
positive,bb_any_genotox_alert,rot_bonds,0.14654914946319983,1.6032243294169115e-21,4184
positive,fg_BB_SA12_hydrazine_count,hbd,0.14567255792376077,2.78765790495981e-21,4184
positive,bb_n_nongenotox_alerts,fraction_csp3,0.1453943321605697,3.320351705359773e-21,4184
positive,bb_any_nongenotox_alert,hba,-0.14499456852752826,4.266227779547603e-21,4184
positive,fg_ether_count,heteroatom_count,0.14439006910073685,6.2240684109121776e-21,4184
positive,fg_amine_tertiary_count,rot_bonds,0.1443549224255496,6.3619441159873864e-21,4184
positive,fg_alcohol_count,heavy_atom_count,0.14415468553303173,7.207027865957597e-21,4184
positive,fg_amine_primary_count,fraction_csp3,0.14372468901642071,9.414902471726191e-21,4184
positive,fg_BB_SA8_aromatic_diazo_count,aromatic_ring_count,0.1433038726479248,1.2219548975497768e-20,4184
positive,fg_bromo_count,hba,-0.1432268078289415,1.2816109272841679e-20,4184
positive,fg_imine_count,heteroatom_count,0.14243222514053072,2.091865225676779e-20,4184
positive,fg_BB_SA28_alkenylbenzene_count,ring_count,0.14205913591882963,2.6304209377112402e-20,4184
positive,fg_BB_SA5_nitro_aromatic_count,mw,0.14130219995065707,4.17888444208076e-20,4184
positive,fg_BB_SA6b_aromatic_dialkylamine_count,hba,0.14120762045069904,4.426932776293801e-20,4184
positive,fg_hydrazine_like_count,tpsa,0.13920740997962094,1.4849756439560965e-19,4184
positive,bb_n_alerts,tpsa,0.13905315967766405,1.6290584693502516e-19,4184
positive,fg_halogen_any_count,hbd,-0.13864100899503196,2.0853241838965727e-19,4184
positive,fg_BB_SA12b_hydrazine_general_count,hbd,0.13860375222296528,2.132315338192954e-19,4184
positive,fg_sulfone_count,rot_bonds,0.13856988952396834,2.1759321186317876e-19,4184
positive,fg_bromo_count,heavy_atom_count,-0.13851895599692676,2.243201684160115e-19,4184
positive,fg_BB_SA7_aromatic_Nacylamine_count,hbd,0.13822401878157223,2.6751038464700954e-19,4184
positive,fg_sulfonic_acid_or_sulfonate_count,hba,0.13722075350877477,4.855477975871016e-19,4184
positive,fg_ketone_count,ring_count,0.13689086476667775,5.901213464443593e-19,4184
positive,bb_any_alert,heteroatom_count,0.13651804003508994,7.352362985501304e-19,4184
positive,fg_bromo_count,tpsa,-0.136082646498833,9.497364931285028e-19,4184
positive,fg_BB_SA23_monohaloalkene_count,heavy_atom_count,-0.13604364581550088,9.717269463780814e-19,4184
positive,fg_urea_count,logp,-0.13588158969824218,1.0686138135777837e-18,4184
positive,fg_ester_count,tpsa,0.13585082409380375,1.0880561631403617e-18,4184
positive,fg_BB_SA2c_aromatic_amine_general_count,hba,0.13473878404231912,2.0820183195771903e-18,4184
positive,fg_BB_SA11_aliphatic_azo_count,fraction_csp3,0.1340854665266768,3.040650607072464e-18,4184
positive,fg_sulfonic_acid_or_sulfonate_count,mw,0.13387429873577142,3.435247568012096e-18,4184
positive,fg_BB_SA16b_aziridine_count,ring_count,0.13297008035698601,5.779790972156967e-18,4184
positive,fg_amide_count,mw,0.13279285146907047,6.397616913302988e-18,4184
positive,fg_imine_count,hba,0.13229859589120407,8.486082335461052e-18,4184
positive,fg_carboxylic_acid_count,aromatic_ring_count,-0.1317820335445229,1.1387795218910779e-17,4184
positive,fg_BB_SA20_ab_unsat_carbonyl_count,logp,-0.13163738530873031,1.2362803622744836e-17,4184
positive,bb_any_genotox_alert,heteroatom_count,0.13117352096671736,1.607910354998228e-17,4184
positive,fg_amine_secondary_count,hbd,0.13094341357141553,1.8311940402409282e-17,4184
positive,fg_BB_SA10_N_nitroso_count,heteroatom_count,0.13013161799138098,2.8917786467901546e-17,4184
positive,fg_sulfone_count,mw,0.1296216114165417,3.8476174618902687e-17,4184
positive,fg_BB_SA28_alkenylbenzene_count,heavy_atom_count,0.12949219343075435,4.1360574146411193e-17,4184
positive,fg_amine_primary_count,ring_count,-0.1292876386005942,4.636003566990309e-17,4184
positive,fg_alcohol_count,heteroatom_count,0.1292419066254634,4.755677404825856e-17,4184
positive,fg_sulfide_count,rot_bonds,0.12903239068598504,5.344063838070684e-17,4184
positive,fg_BB_SA16_epoxide_count,ring_count,0.12785092967975312,1.0279938901231167e-16,4184
positive,fg_diazo_like_count,heteroatom_count,0.12729516578779126,1.3955064577580178e-16,4184
positive,fg_BB_SA27_azide_count,heteroatom_count,0.12729516578779126,1.3955064577580178e-16,4184
positive,fg_amide_count,hba,0.12659732865129059,2.0444822687867222e-16,4184
positive,fg_BB_SA28_alkenylbenzene_count,fraction_csp3,-0.12653276238134264,2.11778656146949e-16,4184
positive,fg_BB_SA11_aliphatic_azo_count,ring_count,-0.1260938729705375,2.68948000988847e-16,4184
positive,fg_ester_count,mw,0.12598958419622966,2.8462739281902194e-16,4184
positive,fg_BB_SA6b_aromatic_dialkylamine_count,heteroatom_count,0.12548392661687488,3.7437229950045047e-16,4184
positive,fg_aniline_count,logp,0.12529422931330042,4.1479424365473554e-16,4184
positive,fg_hydrazine_like_count,hba,0.1246269941292383,5.941835772408308e-16,4184
positive,fg_aldehyde_count,ring_count,-0.12416715425323967,7.603359837420004e-16,4184
positive,fg_epoxide_count,ring_count,0.12414886348559419,7.678153455671188e-16,4184
positive,fg_BB_SA12_hydrazine_count,logp,-0.1228539765557906,1.5297726421107138e-15,4184
positive,fg_bromo_count,fraction_csp3,0.12282854220383531,1.5505139477594296e-15,4184
positive,fg_sulfonic_acid_or_sulfonate_count,heavy_atom_count,0.12277171259898968,1.5978632839243433e-15,4184
positive,fg_urea_count,aromatic_ring_count,-0.12274683557084774,1.6190356903040477e-15,4184
positive,bb_n_alerts,hbd,0.12253783139790696,1.8081744066936086e-15,4184
positive,fg_BB_SA47_n_alkylcarboxylic_acid_count,aromatic_ring_count,-0.12253129562900196,1.814427010089957e-15,4184
positive,fg_urea_count,heteroatom_count,0.12208463628151191,2.2961765825826896e-15,4184
positive,fg_BB_SA28_alkenylbenzene_count,aromatic_ring_count,0.12197767230163951,2.429069696931866e-15,4184
positive,fg_amine_primary_count,heteroatom_count,0.12176965025650194,2.7095606304254702e-15,4184
positive,fg_amine_tertiary_count,ring_count,0.12172209510595833,2.7780297870464976e-15,4184
positive,fg_amine_primary_count,aromatic_ring_count,-0.12106294392640568,3.922151221482934e-15,4184
positive,fg_BB_SA12b_hydrazine_general_count,ring_count,-0.12093093784866184,4.201690535719167e-15,4184
positive,fg_ether_count,ring_count,0.12089845352420123,4.2734325165389415e-15,4184
positive,fg_BB_SA13_aliphatic_halogen_count,hbd,-0.12036024650160383,5.653431256444751e-15,4184
positive,fg_BB_SA40_alkyl_halides_nongx_count,hbd,-0.12035571434954985,5.666739440577546e-15,4184
positive,fg_BB_SA5_nitro_aromatic_count,hbd,-0.11942671711517602,9.158679713689308e-15,4184
positive,fg_BB_SA14c_half_mustard_count,heteroatom_count,0.11746695900758343,2.4910669338687882e-14,4184
positive,fg_BB_SA22_simple_aldehyde_count,aromatic_ring_count,-0.11710502253995614,2.991276817178903e-14,4184
positive,fg_BB_SA11_aliphatic_azo_count,logp,-0.11678461618783306,3.5156464825563294e-14,4184
positive,fg_azo_count,logp,0.1164126100921035,4.2384871567199244e-14,4184
positive,fg_BB_SA2_primary_aromatic_amine_count,rot_bonds,-0.11614181705443279,4.8546788002344415e-14,4184
positive,fg_urea_count,ring_count,-0.11546287823800203,6.813340996653795e-14,4184
positive,fg_aldehyde_count,logp,-0.11532907947217219,7.282284069016662e-14,4184
positive,fg_BB_SA6_aromatic_monoalkylamine_count,hbd,0.11480779311221588,9.431372623201111e-14,4184
positive,fg_halogen_any_count,fraction_csp3,0.1139481246811161,1.4410540316109971e-13,4184
positive,fg_BB_SA7_aromatic_Nacylamine_count,heteroatom_count,0.11358449753642207,1.722426749144035e-13,4184
positive,fg_azo_count,heavy_atom_count,0.11306128037852202,2.2241621225529917e-13,4184
positive,fg_urea_count,tpsa,0.11304992220262043,2.236510728868622e-13,4184
positive,bb_any_genotox_alert,tpsa,0.11287216521064203,2.4387722326995814e-13,4184
positive,fg_ether_count,logp,-0.11240653050786395,3.0576454102429675e-13,4184
positive,fg_ether_count,aromatic_ring_count,-0.11236632677547391,3.117800940028501e-13,4184
positive,fg_sulfonic_acid_or_sulfonate_count,rot_bonds,0.11229060307702245,3.234275595453847e-13,4184
positive,fg_sulfide_count,ring_count,-0.11055597662461951,7.442995347920093e-13,4184
positive,fg_BB_SA11_aliphatic_azo_count,tpsa,0.11035903557780821,8.175073441253081e-13,4184
positive,fg_ketone_count,hbd,0.11026742768796982,8.539243064059743e-13,4184
positive,fg_BB_SA12b_hydrazine_general_count,tpsa,0.10970292390684402,1.1161237961975203e-12,4184
positive,bb_n_genotox_alerts,ring_count,-0.10896556980507245,1.5802502710148387e-12,4184
positive,fg_BB_SA28_alkenylbenzene_count,heteroatom_count,-0.10895806711094728,1.5858324149641938e-12,4184
positive,fg_BB_SA2b_hydroxylamine_aromatic_count,hbd,0.10894896008267672,1.5926342012613937e-12,4184
positive,fg_fused_ring_like_count,tpsa,-0.10873591646147822,1.7601696988626725e-12,4184
positive,fg_BB_SA34_halobenzene_count,mw,0.10868860845249412,1.7996539888858434e-12,4184
positive,fg_BB_SA7_aromatic_Nacylamine_count,rot_bonds,0.1081487893430049,2.3165008434941406e-12,4184
positive,fg_sulfonic_acid_or_sulfonate_count,fraction_csp3,-0.10791506864819234,2.5830734006621534e-12,4184
positive,fg_diazo_like_count,rot_bonds,0.10740883803932098,3.2677597286781305e-12,4184
positive,fg_BB_SA27_azide_count,rot_bonds,0.10740883803932098,3.2677597286781305e-12,4184
positive,fg_sulfone_count,heavy_atom_count,0.1069886423661506,3.968712694291982e-12,4184
positive,fg_azo_count,hbd,0.10636581948674653,5.286264739486298e-12,4184
positive,fg_BB_SA2_primary_aromatic_amine_count,tpsa,0.10614150799502042,5.858849996218717e-12,4184
positive,fg_amide_count,heavy_atom_count,0.1059814323593745,6.304183851012175e-12,4184
positive,fg_chloro_count,hbd,-0.1059473005190265,6.403343093359182e-12,4184
positive,fg_BB_SA11_aliphatic_azo_count,aromatic_ring_count,-0.10565066873203312,7.331983244361628e-12,4184
positive,fg_BB_SA47_n_alkylcarboxylic_acid_count,rot_bonds,0.10563214184684291,7.394171184765495e-12,4184
positive,bb_n_alerts,aromatic_ring_count,-0.10538211291603593,8.285705211383075e-12,4184
positive,fg_sulfonic_acid_or_sulfonate_count,aromatic_ring_count,0.10503323943310651,9.707829549402711e-12,4184
positive,fg_aldehyde_count,heavy_atom_count,-0.1039386512806466,1.5903894075604383e-11,4184
positive,fg_ketone_count,heteroatom_count,0.10388260533756126,1.6308763202749813e-11,4184
positive,fg_chloro_count,heteroatom_count,0.10321410244490856,2.198859177117257e-11,4184
positive,fg_sulfide_count,aromatic_ring_count,-0.1030475352835041,2.368127862632106e-11,4184
positive,fg_aldehyde_count,mw,-0.10231700157390283,3.273859365297354e-11,4184
positive,bb_any_genotox_alert,ring_count,-0.10209246855817285,3.614880139353332e-11,4184
positive,fg_BB_SA10_N_nitroso_count,tpsa,0.10201959467808336,3.732853639984876e-11,4184
positive,bb_n_nongenotox_alerts,heteroatom_count,0.1020188817752681,3.7340261391929735e-11,4184
positive,bb_any_nongenotox_alert,heteroatom_count,0.10167613042351771,4.3415416404572616e-11,4184
positive,fg_BB_SA20_ab_unsat_carbonyl_count,ring_count,-0.10141902092079587,4.859718308533993e-11,4184
positive,fg_BB_SA14c_half_mustard_count,mw,0.10014494864905396,8.461960242129308e-11,4184
positive,fg_ether_count,tpsa,0.10000263870885644,8.998899746500214e-11,4184
positive,bb_n_nongenotox_alerts,mw,0.09996117946903592,9.161494515127187e-11,4184
positive,fg_BB_SA21_ab_unsat_alkoxy_count,hba,0.09993693149350154,9.257917231781253e-11,4184
positive,fg_BB_SA21_ab_unsat_alkoxy_count,heavy_atom_count,0.09982786657092126,9.704021811068234e-11,4184
positive,fg_amine_primary_count,hba,0.0989409305884915,1.4202071212285973e-10,4184
positive,fg_urea_count,fraction_csp3,0.0988208330308083,1.4949864342679154e-10,4184
positive,fg_BB_SA6b_aromatic_dialkylamine_count,fraction_csp3,0.09860852266597078,1.6367012321253298e-10,4184
positive,fg_azo_count,mw,0.09770815591956038,2.3980182591798013e-10,4184
positive,fg_sulfide_count,fraction_csp3,0.09764524096678653,2.4625692662036274e-10,4184
positive,fg_BB_SA7_aromatic_Nacylamine_count,tpsa,0.09746156009963379,2.6608868958898286e-10,4184
positive,fg_BB_SA34_halobenzene_count,heteroatom_count,0.09711291440215945,3.0810951947357783e-10,4184
positive,bb_any_nongenotox_alert,mw,0.09676092671871982,3.570826823872761e-10,4184
positive,fg_BB_SA21_ab_unsat_alkoxy_count,mw,0.09632643871194115,4.2809063243056795e-10,4184
positive,fg_BB_SA7_aromatic_Nacylamine_count,mw,0.09622544821371522,4.464723499687649e-10,4184
positive,fg_BB_SA6b_aromatic_dialkylamine_count,logp,0.09552031986700929,5.980824821146006e-10,4184
positive,bb_any_nongenotox_alert,heavy_atom_count,-0.09536440892253038,6.378405266237829e-10,4184
positive,fg_BB_SA47_n_alkylcarboxylic_acid_count,hba,0.09521911897782273,6.77203382294984e-10,4184
positive,fg_BB_SA10_N_nitroso_count,hba,0.09505285371585424,7.251593711853926e-10,4184
positive,fg_sulfide_count,heteroatom_count,0.09418811001691019,1.033152244419842e-09,4184
positive,fg_BB_SA6_aromatic_monoalkylamine_count,heavy_atom_count,0.09381487318585825,1.2025295366091398e-09,4184
positive,fg_chloro_count,fraction_csp3,0.09349812167994018,1.367256680287419e-09,4184
positive,fg_BB_SA8_aromatic_diazo_count,fraction_csp3,-0.09326854892046112,1.5001856250378216e-09,4184
positive,fg_urea_count,hbd,0.09284747935458959,1.7774700627513823e-09,4184
positive,fg_BB_SA28_alkenylbenzene_count,mw,0.09169053364608448,2.8217882078195723e-09,4184
positive,bb_any_alert,tpsa,0.09160099415816798,2.9238655435631352e-09,4184
positive,fg_BB_SA12b_hydrazine_general_count,aromatic_ring_count,-0.0914184675987062,3.1432031246925906e-09,4184
positive,fg_BB_SA23_monohaloalkene_count,hba,-0.09131504392327958,3.2745079273872853e-09,4184
positive,fg_ester_count,logp,-0.09129830847450779,3.2962507710631306e-09,4184
positive,bb_n_nongenotox_alerts,heavy_atom_count,-0.09111904082988227,3.538150488496659e-09,4184
positive,fg_ester_count,heavy_atom_count,0.09050976838080621,4.496449228703634e-09,4184
positive,fg_BB_SA11_aliphatic_azo_count,mw,-0.09027603218636125,4.927473275508466e-09,4184
positive,fg_amine_secondary_count,fraction_csp3,0.08991924755638511,5.66390647933677e-09,4184
positive,fg_sulfone_count,hbd,0.08971082136341418,6.142529095274318e-09,4184
positive,fg_epoxide_count,aromatic_ring_count,-0.08968079481566597,6.21464375836292e-09,4184
positive,bb_n_alerts,mw,0.0896781583073303,6.221015023140054e-09,4184
positive,fg_carboxylic_acid_count,hba,0.08962533201488643,6.35001931584665e-09,4184
positive,fg_halogen_any_count,heteroatom_count,0.08943966934224827,6.824380053108155e-09,4184
positive,fg_amine_tertiary_count,hba,0.08941697682755088,6.884669453183388e-09,4184
positive,fg_BB_SA5_nitro_aromatic_count,logp,0.08935704797459541,7.0463884259488275e-09,4184
positive,fg_BB_SA31_PAH_3fused_count,hbd,-0.0891709971614034,7.572330191116017e-09,4184
positive,fg_BB_SA11_aliphatic_azo_count,rot_bonds,0.08894478770247907,8.263346959893055e-09,4184
positive,fg_BB_SA47_n_alkylcarboxylic_acid_count,tpsa,0.08887774006933603,8.479679128684307e-09,4184
positive,bb_any_nongenotox_alert,rot_bonds,0.08853292040346175,9.682148607921166e-09,4184
positive,fg_bromo_count,hbd,-0.08798641964343203,1.1934598572030478e-08,4184
positive,fg_BB_SA22_simple_aldehyde_count,ring_count,-0.08796244238052642,1.2044278323086761e-08,4184
positive,fg_ester_count,hbd,-0.08779597903361663,1.2833189223962379e-08,4184
positive,fg_imine_count,hbd,0.08760111075017105,1.382058362767701e-08,4184
positive,fg_BB_SA23_monohaloalkene_count,tpsa,-0.08753049226918277,1.4196308191815499e-08,4184
positive,fg_BB_SA2_primary_aromatic_amine_count,mw,-0.08704033758844047,1.7091542641989026e-08,4184
positive,fg_BB_SA6_aromatic_monoalkylamine_count,hba,0.08697569139177873,1.751377899947614e-08,4184
positive,fg_BB_SA6_aromatic_monoalkylamine_count,mw,0.08683645802677013,1.84578533619118e-08,4184
positive,fg_BB_SA16_epoxide_count,aromatic_ring_count,-0.08644404881144872,2.139216648926083e-08,4184
positive,fg_BB_SA18_sulphonate_ester_count,fraction_csp3,0.08609872914416575,2.4344962908932214e-08,4184
positive,fg_BB_SA12b_hydrazine_general_count,heteroatom_count,0.08594575471786592,2.5776042605209278e-08,4184
positive,fg_epoxide_count,logp,-0.08482871731000784,3.9001320093557366e-08,4184
positive,fg_alkene_count,mw,0.08454534143774486,4.3286216979260644e-08,4184
positive,bb_n_nongenotox_alerts,rot_bonds,0.08425742982680036,4.810565739599451e-08,4184
positive,fg_BB_SA12_hydrazine_count,tpsa,0.08296248093187106,7.701110260688056e-08,4184
positive,fg_BB_SA16_epoxide_count,hba,-0.08273687274017083,8.353100243646373e-08,4184
positive,fg_BB_SA12b_hydrazine_general_count,mw,-0.0826340310309546,8.667741020905933e-08,4184
positive,fg_BB_SA7_aromatic_Nacylamine_count,heavy_atom_count,0.08245241209388181,9.251631527126762e-08,4184
positive,bb_any_nongenotox_alert,hbd,-0.08198652336685126,1.0928831898758968e-07,4184
positive,fg_nitrile_count,hbd,-0.08187672699926524,1.1364986614591407e-07,4184
positive,fg_BB_SA16_epoxide_count,logp,-0.08187053428709866,1.1390081750328892e-07,4184
positive,fg_BB_SA11_aliphatic_azo_count,heavy_atom_count,-0.08162968051859297,1.2408792094916555e-07,4184
positive,fg_BB_SA12b_hydrazine_general_count,hba,0.08153055994660065,1.2853148510006737e-07,4184
positive,fg_ketone_count,logp,-0.08137045595976564,1.360357869937048e-07,4184
positive,bb_any_genotox_alert,aromatic_ring_count,-0.08125359010276781,1.417791559613924e-07,4184
positive,bb_n_nongenotox_alerts,hbd,-0.08084371238539881,1.6383465160384554e-07,4184
positive,fg_BB_SA22_simple_aldehyde_count,logp,-0.08060363145185008,1.7825675811933043e-07,4184
positive,fg_BB_SA28_alkenylbenzene_count,hba,-0.08046086788504409,1.8740662460952006e-07,4184
positive,fg_BB_SA16b_aziridine_count,tpsa,-0.08043581933878574,1.890581320045071e-07,4184
positive,fg_sulfonic_acid_or_sulfonate_count,ring_count,0.08043528661906844,1.8909340769330722e-07,4184
positive,fg_BB_SA7_aromatic_Nacylamine_count,fraction_csp3,-0.08028644731579211,1.992024469989015e-07,4184
positive,fg_epoxide_count,hba,-0.07982300960759603,2.3413478768412786e-07,4184
positive,fg_carbamate_count,heteroatom_count,0.07961901446077295,2.513226314527107e-07,4184
positive,fg_BB_SA47_n_alkylcarboxylic_acid_count,mw,0.07886168928527816,3.264336652462247e-07,4184
positive,fg_amide_count,ring_count,-0.07842579824226001,3.790459537369918e-07,4184
positive,fg_BB_SA8_aromatic_diazo_count,hbd,0.07761792960465522,4.98964738549507e-07,4184
positive,fg_BB_SA12b_hydrazine_general_count,heavy_atom_count,-0.07727741942155233,5.59804790927468e-07,4184
positive,fg_BB_SA16b_aziridine_count,heteroatom_count,-0.07670979785507966,6.774366134790995e-07,4184
positive,fg_BB_SA12b_hydrazine_general_count,rot_bonds,0.07662433192735207,6.970928710801158e-07,4184
positive,fg_alcohol_count,aromatic_ring_count,-0.07641707608470422,7.470674792648689e-07,4184
positive,fg_imine_count,rot_bonds,0.07624306725825136,7.916735890045784e-07,4184
positive,fg_BB_SA11_aliphatic_azo_count,heteroatom_count,0.07621752334320085,7.984337185915892e-07,4184
positive,fg_alcohol_count,ring_count,0.07619354692765787,8.048295582572002e-07,4184
positive,bb_any_alert,ring_count,-0.07575671481031901,9.303676830577326e-07,4184
positive,fg_BB_SA47_n_alkylcarboxylic_acid_count,heavy_atom_count,0.07557078467621552,9.893388725207543e-07,4184
positive,fg_BB_SA34_halobenzene_count,aromatic_ring_count,0.07526554628192211,1.0940281008939572e-06,4184
positive,fg_imine_count,logp,-0.07503054445894512,1.1818077221254468e-06,4184
positive,fg_BB_SA6_aromatic_monoalkylamine_count,aromatic_ring_count,0.07475073658290779,1.2951716163111367e-06,4184
positive,fg_BB_SA16b_aziridine_count,hba,-0.07435923127614338,1.4714769721337183e-06,4184
positive,fg_ester_count,ring_count,-0.07385954871008982,1.7302044948556777e-06,4184
positive,fg_BB_SA21_ab_unsat_alkoxy_count,ring_count,0.0738188126554807,1.7531235635497593e-06,4184
positive,fg_BB_SA40_alkyl_halides_nongx_count,rot_bonds,0.07363819373810378,1.8583048142658127e-06,4184
positive,fg_BB_SA14c_half_mustard_count,ring_count,-0.07357153643247212,1.898632238216725e-06,4184
positive,fg_carbamate_count,tpsa,0.07333311364835565,2.049869405075047e-06,4184
positive,bb_n_alerts,hba,0.07333233654136999,2.05038075585429e-06,4184
positive,fg_BB_SA3_aromatic_nitroso_count,hbd,-0.07231208857614149,2.8387232819888137e-06,4184
positive,fg_BB_SA12_hydrazine_count,ring_count,-0.07230344035981745,2.84651047763322e-06,4184
positive,fg_BB_SA13_aliphatic_halogen_count,rot_bonds,0.07206269122665002,3.0717016274386036e-06,4184
positive,fg_epoxide_count,mw,-0.07199750767829784,3.1355525281506544e-06,4184
positive,fg_BB_SA2_primary_aromatic_amine_count,aromatic_ring_count,0.07176652556064522,3.372214624384685e-06,4184
positive,fg_fused_ring_like_count,hba,-0.07099931490384481,4.287443279652108e-06,4184
positive,fg_diazo_like_count,hbd,0.07090873083892038,4.41003491331536e-06,4184
positive,fg_BB_SA27_azide_count,hbd,0.07090873083892038,4.41003491331536e-06,4184
positive,fg_aniline_count,ring_count,0.07085756154902216,4.480761189454174e-06,4184
positive,fg_BB_SA28_alkenylbenzene_count,rot_bonds,-0.07060612521043273,4.844373124026008e-06,4184
positive,fg_BB_SA16_epoxide_count,mw,-0.07042195010935158,5.12846574354388e-06,4184
positive,fg_carbamate_count,hba,0.06996303937495629,5.9073833108417985e-06,4184
positive,fg_BB_SA8_aromatic_diazo_count,ring_count,0.06932847012993079,7.172868531179346e-06,4184
positive,fg_carboxylic_acid_count,fraction_csp3,0.06932190035643435,7.187235628673639e-06,4184
positive,fg_aromatic_ring_count,hba,-0.0691711406757466,7.5245841914250876e-06,4184
positive,fg_BB_SA14c_half_mustard_count,aromatic_ring_count,-0.06915365515579565,7.56467629243635e-06,4184
positive,fg_BB_SA7_aromatic_Nacylamine_count,logp,0.06895824492062881,8.02684558524772e-06,4184
positive,fg_BB_SA11_aliphatic_azo_count,hbd,0.06840975476385291,9.472688873707318e-06,4184
positive,fg_BB_SA21_ab_unsat_alkoxy_count,heteroatom_count,0.06753747655758303,1.2296075582555892e-05,4184
positive,fg_BB_SA12_hydrazine_count,mw,-0.06734531502322699,1.3017993304745404e-05,4184
positive,fg_amide_count,logp,-0.06686160904787396,1.5018440949686486e-05,4184
positive,fg_BB_SA47_n_alkylcarboxylic_acid_count,heteroatom_count,0.06676583173301388,1.5447859017082594e-05,4184
positive,fg_BB_SA14c_half_mustard_count,hbd,0.06637521423369848,1.732344220074507e-05,4184
positive,fg_alkene_count,heavy_atom_count,0.06609200248655489,1.8816891835568253e-05,4184
positive,fg_heteroaromatic_ring_count,tpsa,-0.06572577437955053,2.0930472978341444e-05,4184
positive,fg_diazo_like_count,hba,0.06555519697010531,2.1990308933763138e-05,4184
positive,fg_BB_SA27_azide_count,hba,0.06555519697010531,2.1990308933763138e-05,4184
positive,fg_BB_SA18_sulphonate_ester_count,logp,-0.0654125723398513,2.2915473589712738e-05,4184
positive,fg_BB_SA21_ab_unsat_alkoxy_count,tpsa,0.06514433165377964,2.4756680435865907e-05,4184
positive,fg_amide_count,aromatic_ring_count,-0.06498358164660124,2.5926595850689185e-05,4184
positive,fg_aromatic_ring_count,tpsa,-0.06463788710549018,2.862303888182935e-05,4184
positive,fg_aldehyde_count,hbd,-0.06451260170674539,2.9664493276366638e-05,4184
positive,fg_BB_SA22_simple_aldehyde_count,rot_bonds,0.06442254987430447,3.0435195562504788e-05,4184
positive,fg_carbamate_count,fraction_csp3,0.06426365793674867,3.1841666869092556e-05,4184
positive,fg_BB_SA22_simple_aldehyde_count,heavy_atom_count,-0.06415256112754475,3.286150525343339e-05,4184
positive,fg_sulfonic_acid_or_sulfonate_count,logp,0.06407630021781792,3.3579431810461274e-05,4184
positive,fg_BB_SA20_ab_unsat_carbonyl_count,fraction_csp3,0.06406209064577738,3.3714837495260346e-05,4184
positive,fg_BB_SA16b_aziridine_count,heavy_atom_count,0.0632729262911409,4.210448055371242e-05,4184
positive,fg_sulfide_count,hba,0.06301120187103991,4.5299468480417174e-05,4184
positive,bb_n_genotox_alerts,mw,0.06280475265492796,4.7980464592668554e-05,4184
positive,fg_amine_tertiary_count,heteroatom_count,0.0626303852286316,5.0361310742415904e-05,4184
positive,fg_BB_SA12_hydrazine_count,heavy_atom_count,-0.062113714444962366,5.8090591744077215e-05,4184
positive,fg_urea_count,heavy_atom_count,-0.062024492616742234,5.953419044576155e-05,4184
positive,fg_BB_SA18_sulphonate_ester_count,heteroatom_count,0.06176812638258613,6.387349418972507e-05,4184
positive,fg_heteroaromatic_ring_count,hba,-0.06174615809907452,6.425893739046644e-05,4184
positive,fg_BB_SA3_aromatic_nitroso_count,fraction_csp3,-0.06158967235738372,6.70689003202361e-05,4184
positive,fg_urea_count,hba,0.06157661154201174,6.730861156824834e-05,4184
positive,bb_any_genotox_alert,hba,0.0610043555403232,7.864406012024986e-05,4184
positive,fg_BB_SA22_simple_aldehyde_count,mw,-0.06098273850245631,7.910576048243166e-05,4184
positive,fg_alcohol_count,rot_bonds,0.06073576624592424,8.456569811358574e-05,4184
positive,fg_alkene_count,heteroatom_count,-0.06061692966430909,8.731795973406439e-05,4184
positive,fg_chloro_count,rot_bonds,0.059981130233466205,0.00010353850185850774,4184
positive,bb_n_genotox_alerts,fraction_csp3,-0.05976516798102983,0.00010966705496172173,4184
positive,fg_BB_SA7_aromatic_Nacylamine_count,hba,0.05945614528751731,0.00011903386020253683,4184
positive,fg_bromo_count,mw,0.059453953485042024,0.00011910291256574217,4184
positive,fg_sulfone_count,aromatic_ring_count,0.05944195979846636,0.000119481440710778,4184
positive,fg_azo_count,aromatic_ring_count,0.05933046500614875,0.00012305496244596311,4184
positive,bb_any_alert,aromatic_ring_count,-0.058648065401961776,0.00014721782043477686,4184
positive,fg_amine_secondary_count,heavy_atom_count,0.05857564997457138,0.00015002901842032569,4184
positive,fg_BB_SA2_primary_aromatic_amine_count,heavy_atom_count,-0.05829948479054646,0.00016122034977827005,4184
positive,fg_carbamate_count,aromatic_ring_count,-0.05801918592458743,0.00017337890551866078,4184
positive,fg_diazo_like_count,fraction_csp3,0.05799422133652518,0.00017450261802615753,4184
positive,fg_BB_SA27_azide_count,fraction_csp3,0.05799422133652518,0.00017450261802615753,4184
positive,fg_BB_SA2b_hydroxylamine_aromatic_count,fraction_csp3,-0.057813264049698325,0.00018285494796967244,4184
positive,fg_amine_secondary_count,ring_count,0.05763174967000754,0.00019160936579846902,4184
positive,fg_sulfide_count,hbd,0.056849675734056575,0.00023402871563530034,4184
positive,fg_BB_SA6_aromatic_monoalkylamine_count,fraction_csp3,0.05675709252296718,0.00023959651407680252,4184
positive,fg_fluoro_count,tpsa,-0.05640664368063401,0.0002618170615013987,4184
positive,fg_ether_count,hbd,-0.05615519859285503,0.0002789347366812649,4184
positive,fg_alkene_count,tpsa,-0.056055784977685624,0.00028598734960817246,4184
positive,fg_BB_SA6b_aromatic_dialkylamine_count,tpsa,0.055981989352425855,0.00029133019292720884,4184
positive,fg_BB_SA12_hydrazine_count,hba,0.05585018921408482,0.00030110584571917245,4184
positive,fg_BB_SA6_aromatic_monoalkylamine_count,heteroatom_count,0.055432932052945,0.0003341170175865035,4184
positive,fg_carbamate_count,logp,-0.05543191735103095,0.00033420127101569454,4184
positive,fg_alkene_count,hba,-0.055342661644040156,0.00034169065889814824,4184
positive,fg_sulfide_count,mw,0.05508514692980986,0.0003641876269389587,4184
positive,fg_BB_SA3_aromatic_nitroso_count,logp,0.05456978164954594,0.00041342864801933397,4184
positive,fg_diazo_like_count,ring_count,-0.05405075252595858,0.00046924860788311035,4184
positive,fg_BB_SA27_azide_count,ring_count,-0.05405075252595858,0.00046924860788311035,4184
positive,bb_any_genotox_alert,heavy_atom_count,-0.053780786286593295,0.0005009883857190657,4184
positive,fg_BB_SA18_sulphonate_ester_count,hba,0.05365367082501849,0.0005166161747677519,4184
positive,fg_BB_SA6_aromatic_monoalkylamine_count,logp,0.05358774416932235,0.0005248990529584327,4184
positive,fg_BB_SA7_aromatic_Nacylamine_count,aromatic_ring_count,0.053487022518062866,0.0005377926987034115,4184
positive,fg_BB_SA6b_aromatic_dialkylamine_count,aromatic_ring_count,0.053434971672750575,0.0005445708986921776,4184
positive,fg_BB_SA18_sulphonate_ester_count,rot_bonds,0.05339397944506789,0.0005499649261044867,4184
positive,fg_BB_SA34_halobenzene_count,heavy_atom_count,0.05293147411349203,0.0006143708440528805,4184
positive,fg_fluoro_count,fraction_csp3,-0.052659677121684616,0.0006554241412937053,4184
positive,fg_aldehyde_count,heteroatom_count,-0.05192994260210748,0.0007786012375153713,4184
positive,fg_BB_SA20_ab_unsat_carbonyl_count,heteroatom_count,0.0517307816717993,0.0008157712720507913,4184
positive,fg_urea_count,rot_bonds,0.05154134969255404,0.0008526465291250319,4184
positive,fg_BB_SA47_n_alkylcarboxylic_acid_count,logp,-0.051436407003054636,0.0008737342071611369,4184
positive,bb_n_nongenotox_alerts,logp,0.05095790803832592,0.0009761540919000521,4184
positive,fg_hydrazine_like_count,hbd,0.0507413685939805,0.0010260626590862703,4184
positive,bb_any_alert,hba,0.05011957913094243,0.0011827962438078115,4184
positive,fg_amine_secondary_count,mw,0.04990123765969203,0.0012428858693675614,4184
positive,fg_urea_count,mw,-0.04979617045360407,0.0012727945688105616,4184
positive,fg_BB_SA18_sulphonate_ester_count,ring_count,-0.04935524100678882,0.0014056949921696386,4184
positive,fg_BB_SA12_hydrazine_count,heteroatom_count,0.04916098560629981,0.0014682094167205956,4184
positive,fg_BB_SA2_primary_aromatic_amine_count,heteroatom_count,-0.04900232191913938,0.0015211592833435004,4184
positive,fg_amine_tertiary_count,aromatic_ring_count,0.0488323060579925,0.0015798450256511772,4184
positive,fg_aldehyde_count,rot_bonds,0.04840635156183518,0.0017361428795127972,4184
positive,fg_BB_SA16b_aziridine_count,mw,0.04831416835095999,0.0017717866330175347,4184
positive,fg_fluoro_count,rot_bonds,-0.04813570095938543,0.0018427113067849808,4184
positive,fg_BB_SA47_n_alkylcarboxylic_acid_count,hbd,0.04809843380184038,0.0018578468910599919,4184
positive,fg_nitrile_count,ring_count,-0.04733960743773879,0.0021919587718292883,4184
positive,fg_BB_SA18_sulphonate_ester_count,aromatic_ring_count,-0.04678544348578213,0.002469810996346817,4184
positive,fg_BB_SA2c_aromatic_amine_general_count,heteroatom_count,0.046424778174298305,0.0026675726071513,4184
positive,fg_nitrile_count,tpsa,0.046225127562315546,0.00278316656347188,4184
positive,fg_carbamate_count,ring_count,-0.04599622391813221,0.002921313454470573,4184
positive,fg_fluoro_count,hba,-0.04575350259053396,0.0030746092616024765,4184
positive,fg_BB_SA3_aromatic_nitroso_count,mw,-0.04547858442437506,0.0032570717469013405,4184
positive,fg_BB_SA23_monohaloalkene_count,heteroatom_count,0.04494847881229975,0.0036370008174003987,4184
positive,fg_BB_SA16b_aziridine_count,logp,0.04468203859243559,0.0038427937791985774,4184
positive,fg_BB_SA23_monohaloalkene_count,logp,-0.04462820203849296,0.0038856388309201476,4184
positive,bb_any_nongenotox_alert,logp,0.04439194213138654,0.004078838004473447,4184
positive,fg_sulfone_count,ring_count,0.044181785196460314,0.0042579720382001675,4184
positive,fg_BB_SA40_alkyl_halides_nongx_count,logp,-0.04372267261634115,0.004674358524653375,4184
positive,fg_BB_SA13_aliphatic_halogen_count,logp,-0.04338021680164657,0.00500857185492027,4184
positive,fg_BB_SA18_sulphonate_ester_count,hbd,-0.043340750347551305,0.005048444907064779,4184
positive,fg_BB_SA14c_half_mustard_count,heavy_atom_count,0.04320800133043276,0.005184675590179412,4184
positive,fg_imine_count,heavy_atom_count,0.042920758047836065,0.005490881991320005,4184
positive,fg_BB_SA12_hydrazine_count,fraction_csp3,-0.042781488121671374,0.005645140985126308,4184
positive,fg_carbamate_count,rot_bonds,0.04238873924737468,0.0061014316782418134,4184
positive,bb_n_genotox_alerts,aromatic_ring_count,-0.04233090423072723,0.006171358549376934,4184
positive,fg_BB_SA20_ab_unsat_carbonyl_count,tpsa,0.0422382214008864,0.006284924352768863,4184
positive,fg_epoxide_count,heavy_atom_count,-0.04197583236906044,0.0066167017412462935,4184
positive,fg_BB_SA28_alkenylbenzene_count,tpsa,-0.04185557967860001,0.006773950175780532,4184
positive,fg_imine_count,aromatic_ring_count,-0.04096391050165651,0.00804860883133026,4184
positive,fg_carboxylic_acid_count,mw,0.040533987836691425,0.008736711035478774,4184
positive,fg_halogen_any_count,rot_bonds,0.040504156401847714,0.008786351834774048,4184
positive,fg_BB_SA23_monohaloalkene_count,hbd,-0.0404309786020869,0.008909191394344899,4184
positive,fg_fluoro_count,hbd,-0.04019897455550726,0.00930884400833995,4184
positive,fg_BB_SA12_hydrazine_count,aromatic_ring_count,-0.04006837763696043,0.00954077780299211,4184
positive,fg_BB_SA16_epoxide_count,heavy_atom_count,-0.03972567596678558,0.010174076363149657,4184
positive,fg_diazo_like_count,logp,-0.03954999315167296,0.010513018398595309,4184
positive,fg_BB_SA27_azide_count,logp,-0.03954999315167296,0.010513018398595309,4184
positive,fg_chloro_count,logp,0.03941670901531722,0.010776822074928855,4184
positive,fg_BB_SA6b_aromatic_dialkylamine_count,ring_count,0.03914254706484348,0.011338025392252577,4184
positive,fg_BB_SA16b_aziridine_count,fraction_csp3,0.039051012776548336,0.011531087525239231,4184
positive,fg_BB_SA2c_aromatic_amine_general_count,rot_bonds,-0.0388818830658034,0.011895497517673777,4184
positive,fg_BB_SA2b_hydroxylamine_aromatic_count,ring_count,-0.03875696323278877,0.012171169575755918,4184
positive,fg_aromatic_ring_count,hbd,0.03859206733789153,0.01254371892318215,4184
positive,fg_BB_SA11_aliphatic_azo_count,hba,0.03807871466836981,0.013768960486849082,4184
positive,fg_phenol_count,rot_bonds,-0.03806006102621141,0.013815405744043583,4184
positive,fg_halogen_any_count,logp,0.0380165575185922,0.013924261814315992,4184
positive,fg_amine_tertiary_count,logp,0.037946474975105705,0.014101217224726544,4184
positive,fg_BB_SA2b_hydroxylamine_aromatic_count,mw,-0.03696651724811567,0.016791603315937084,4184
positive,fg_aldehyde_count,hba,-0.036801407266891996,0.017286737038677776,4184
positive,fg_BB_SA21_ab_unsat_alkoxy_count,aromatic_ring_count,-0.036309265356560566,0.018839301051376465,4184
positive,fg_alkene_count,fraction_csp3,0.03587954253835908,0.02029328882176739,4184
positive,fg_BB_SA20_ab_unsat_carbonyl_count,heavy_atom_count,-0.03578793570910228,0.020615604108606765,4184
positive,fg_BB_SA3_aromatic_nitroso_count,heteroatom_count,-0.0355701722922726,0.021399763338028763,4184
positive,fg_BB_SA20_ab_unsat_carbonyl_count,hba,0.03505831149483178,0.023345916764998323,4184
positive,fg_fluoro_count,aromatic_ring_count,0.034972531904557944,0.02368665986194792,4184
positive,fg_BB_SA12b_hydrazine_general_count,fraction_csp3,0.034809907734412386,0.024344506490667443,4184
positive,fg_amide_count,fraction_csp3,0.03475961253223702,0.024551139513998416,4184
positive,fg_BB_SA18_sulphonate_ester_count,tpsa,0.034475235364146636,0.025748281571846453,4184
positive,fg_carbamate_count,hbd,0.033583223893314675,0.029836379806224805,4184
positive,fg_imine_count,mw,0.033331681282130945,0.031085525983414138,4184
positive,fg_BB_SA21_ab_unsat_alkoxy_count,fraction_csp3,0.033233089329422795,0.031587227330871895,4184
positive,fg_halogen_any_count,mw,0.033168682052789444,0.03191870994031402,4184
positive,fg_BB_SA16b_aziridine_count,rot_bonds,-0.03289615240285802,0.03335452215745264,4184
positive,fg_sulfone_count,logp,0.03250044797377775,0.03553741097257802,4184
positive,fg_BB_SA22_simple_aldehyde_count,hbd,-0.03237238675738361,0.03626946081329253,4184
positive,fg_BB_SA2c_aromatic_amine_general_count,ring_count,0.03212384333694551,0.03772694560160962,4184
positive,fg_sulfone_count,fraction_csp3,-0.03136260832644808,0.04250445513919099,4184
positive,bb_any_alert,logp,0.031053820086832298,0.044583315677940084,4184
positive,bb_any_alert,mw,0.03098826408073489,0.04503552380103971,4184
positive,fg_BB_SA14c_half_mustard_count,hba,0.030087923900258925,0.051647329870728405,4184
positive,fg_BB_SA3_aromatic_nitroso_count,heavy_atom_count,-0.02995599497990721,0.05268122522108534,4184
positive,fg_phenol_count,logp,0.02987873128019778,0.05329471225758118,4184
positive,fg_aldehyde_count,fraction_csp3,0.02983914225332558,0.053611360223347816,4184
positive,fg_aldehyde_count,tpsa,-0.029741356341921547,0.05440022396921933,4184
positive,fg_BB_SA2c_aromatic_amine_general_count,mw,-0.02973724983988688,0.05443356285155739,4184
positive,fg_BB_SA16b_aziridine_count,aromatic_ring_count,0.029454530443964164,0.05677014641342109,4184
positive,fg_BB_SA22_simple_aldehyde_count,heteroatom_count,-0.029395490931047173,0.057268474494743364,4184
positive,fg_BB_SA6_aromatic_monoalkylamine_count,ring_count,0.028672648093273464,0.06366991114509024,4184
positive,fg_BB_SA3_aromatic_nitroso_count,tpsa,-0.0284641966997319,0.0656220591051222,4184
positive,fg_nitrile_count,rot_bonds,0.02804200681988064,0.06972707941894667,4184
positive,bb_n_alerts,logp,0.028008127651414735,0.07006542978725826,4184
positive,fg_BB_SA12_hydrazine_count,rot_bonds,0.027959597904814344,0.07055244052337489,4184
positive,fg_BB_SA2b_hydroxylamine_aromatic_count,rot_bonds,0.027841578498623457,0.07174839130719232,4184
positive,fg_fluoro_count,heteroatom_count,0.02780045918615296,0.07216895439477017,4184
positive,fg_BB_SA20_ab_unsat_carbonyl_count,rot_bonds,0.02779509890078091,0.07222392709625816,4184
positive,fg_imine_count,ring_count,-0.027626642187432937,0.07396908366005671,4184
positive,fg_BB_SA20_ab_unsat_carbonyl_count,hbd,-0.027362724116602403,0.07677234106792423,4184
positive,fg_BB_SA2b_hydroxylamine_aromatic_count,heteroatom_count,-0.027354120141327536,0.076865167360658,4184
positive,bb_any_genotox_alert,fraction_csp3,0.02711192577415849,0.07951588540026332,4184
positive,fg_sulfide_count,logp,-0.027057250942598133,0.08012444305105988,4184
positive,fg_BB_SA23_monohaloalkene_count,mw,-0.026959877749225307,0.08121761914838084,4184
positive,fg_BB_SA34_halobenzene_count,tpsa,-0.02675411528207466,0.08356745628475158,4184
positive,fg_BB_SA34_halobenzene_count,hba,-0.026628926568010903,0.0850238584884326,4184
positive,fg_amine_secondary_count,logp,-0.02657050087199963,0.08571055078806578,4184
positive,fg_BB_SA22_simple_aldehyde_count,fraction_csp3,0.02636428681446041,0.08817012702646447,4184
positive,fg_amine_tertiary_count,tpsa,-0.025737303253012562,0.09599936290229505,4184
positive,fg_nitrile_count,fraction_csp3,-0.025494415776238073,0.09917793501396695,4184
positive,fg_BB_SA34_halobenzene_count,hbd,-0.02545785343095316,0.0996636006188369,4184
positive,fg_BB_SA2b_hydroxylamine_aromatic_count,heavy_atom_count,-0.025416823210578556,0.10021087012144923,4184
positive,fg_alkene_count,logp,0.025140140529442766,0.10396410950527302,4184
positive,fg_bromo_count,heteroatom_count,-0.02482277312887144,0.10840579644625069,4184
positive,fg_nitrile_count,hba,0.024772630662012476,0.10912109470019582,4184
positive,bb_n_alerts,heavy_atom_count,-0.024421650661885,0.11423291226234802,4184
positive,fg_BB_SA3_aromatic_nitroso_count,aromatic_ring_count,0.024237704223758687,0.11698624655470348,4184
positive,fg_BB_SA18_sulphonate_ester_count,heavy_atom_count,-0.02414012321684142,0.118467853090989,4184
positive,fg_BB_SA6_aromatic_monoalkylamine_count,tpsa,0.024016321674600348,0.12036869747614025,4184
positive,fg_nitrile_count,heteroatom_count,0.02344254250418533,0.1294917751310578,4184
positive,fg_amine_secondary_count,rot_bonds,0.023206599788297644,0.1333954703073319,4184
positive,fg_fluoro_count,ring_count,0.022753747041493824,0.14114227115888256,4184
positive,fg_BB_SA2_primary_aromatic_amine_count,ring_count,-0.022480636395160337,0.14597867390571373,4184
positive,fg_ketone_count,rot_bonds,-0.02162193811131051,0.1620122855165205,4184
positive,fg_BB_SA5_nitro_aromatic_count,ring_count,0.021184402941884818,0.1706766124040171,4184
positive,fg_heteroaromatic_ring_count,hbd,0.02085512793008116,0.1774225834414129,4184
positive,fg_BB_SA23_monohaloalkene_count,fraction_csp3,0.020292435267146112,0.1894068964205883,4184
positive,fg_BB_SA10_N_nitroso_count,hbd,-0.02022917028624889,0.19079075693502945,4184
positive,fg_diazo_like_count,aromatic_ring_count,-0.020201709324068243,0.19139374927697786,4184
positive,fg_BB_SA27_azide_count,aromatic_ring_count,-0.020201709324068243,0.19139374927697786,4184
positive,fg_imine_count,fraction_csp3,-0.020142599755324044,0.19269644028897068,4184
positive,fg_BB_SA21_ab_unsat_alkoxy_count,hbd,0.02003961594872419,0.19498159739735013,4184
positive,fg_alkene_count,hbd,-0.019891391925410118,0.19830539727132973,4184
positive,fg_amine_primary_count,mw,0.019207889126493936,0.214168865457567,4184
positive,bb_any_alert,heavy_atom_count,-0.01914924846932312,0.2155713069274748,4184
positive,bb_any_alert,hbd,-0.01884477175686296,0.2229594775048487,4184
positive,fg_nitrile_count,aromatic_ring_count,-0.018526000229025324,0.23088676678669356,4184
positive,fg_BB_SA13_aliphatic_halogen_count,heteroatom_count,0.018435325470604384,0.233177829550609,4184
positive,fg_sulfide_count,tpsa,0.018190007533154508,0.2394568777977321,4184
positive,fg_nitrile_count,logp,0.018003576546107788,0.24430773325481525,4184
positive,bb_n_genotox_alerts,heavy_atom_count,0.017745161434753184,0.2511450131604172,4184
positive,fg_fluoro_count,logp,0.01771487412323541,0.25195502434465916,4184
positive,fg_diazo_like_count,mw,-0.01759911879495594,0.2550675844101861,4184
positive,fg_BB_SA27_azide_count,mw,-0.01759911879495594,0.2550675844101861,4184
positive,fg_amine_secondary_count,hba,0.017587780871257428,0.25537388218606016,4184
positive,fg_carbamate_count,heavy_atom_count,0.017199324409030513,0.2660228061609503,4184
positive,fg_BB_SA22_simple_aldehyde_count,hba,-0.016886316218167732,0.27482282810449105,4184
positive,fg_amine_tertiary_count,hbd,0.01657575606430013,0.28374836046595037,4184
positive,fg_BB_SA22_simple_aldehyde_count,tpsa,-0.015901338572020727,0.3038005389234097,4184
positive,fg_fluoro_count,heavy_atom_count,0.015836606635915195,0.30577351223404486,4184
positive,fg_fluoro_count,mw,0.015769357570645966,0.30783218076288493,4184
positive,fg_BB_SA2b_hydroxylamine_aromatic_count,hba,-0.015718983740010514,0.3093802472280094,4184
positive,fg_bromo_count,rot_bonds,0.015575702993006193,0.3138115569015981,4184
positive,fg_BB_SA14c_half_mustard_count,tpsa,0.015334178716576479,0.32137532136625224,4184
positive,fg_carbamate_count,mw,0.015180132510640256,0.32626120429059746,4184
positive,fg_BB_SA2b_hydroxylamine_aromatic_count,tpsa,-0.015060742472636415,0.3300809173470074,4184
positive,fg_fused_ring_like_count,hbd,0.014972457824104978,0.3329239963924885,4184
positive,fg_alkene_count,rot_bonds,-0.01462216568106821,0.3443598593899234,4184
positive,fg_BB_SA3_aromatic_nitroso_count,rot_bonds,0.014254227511844608,0.35663833645840926,4184
positive,bb_any_alert,fraction_csp3,0.014062823306283098,0.36313339078846696,4184
positive,fg_BB_SA34_halobenzene_count,ring_count,0.01362899123206936,0.3781267368980912,4184
positive,fg_BB_SA2b_hydroxylamine_aromatic_count,logp,0.013532092767415725,0.38152693173395924,4184
positive,bb_any_genotox_alert,logp,-0.011845858179637856,0.4436563115039108,4184
positive,fg_azo_count,ring_count,-0.011823270002798305,0.4445259768295764,4184
positive,bb_n_alerts,fraction_csp3,-0.011322480919757011,0.46405489484045737,4184
positive,fg_ketone_count,aromatic_ring_count,-0.010863572808078613,0.48236214046506054,4184
positive,fg_chloro_count,mw,-0.010226491853062005,0.5084145115683983,4184
positive,fg_amine_secondary_count,tpsa,0.010221911038828652,0.5086044708935105,4184
positive,fg_BB_SA16_epoxide_count,rot_bonds,-0.00989776115127014,0.5221403267699616,4184
positive,fg_BB_SA6b_aromatic_dialkylamine_count,hbd,-0.009806313605010537,0.5259922013783811,4184
positive,fg_BB_SA21_ab_unsat_alkoxy_count,logp,0.009069306575599947,0.5575567542384016,4184
positive,fg_BB_SA40_alkyl_halides_nongx_count,heteroatom_count,0.008893666434374484,0.5652128233162947,4184
positive,fg_BB_SA2c_aromatic_amine_general_count,heavy_atom_count,0.008359608407828819,0.5887974493703962,4184
positive,fg_BB_SA3_aromatic_nitroso_count,ring_count,-0.007985322049082267,0.6055923539603255,4184
positive,bb_any_genotox_alert,mw,-0.007938853455064405,0.6076923658793056,4184
positive,fg_azo_count,fraction_csp3,-0.0077457555919191595,0.6164534156633656,4184
positive,fg_alkene_count,ring_count,0.007710932900003475,0.6180392351748383,4184
positive,fg_ketone_count,fraction_csp3,-0.007646111431709302,0.620995932611994,4184
positive,fg_BB_SA23_monohaloalkene_count,rot_bonds,-0.007517866150956114,0.6268636059269019,4184
positive,bb_any_genotox_alert,hbd,-0.007229254646163594,0.6401547932084333,4184
positive,bb_n_genotox_alerts,logp,0.007063376290867847,0.6478467739143245,4184
positive,fg_diazo_like_count,heavy_atom_count,-0.006870780775383922,0.6568249939435316,4184
positive,fg_BB_SA27_azide_count,heavy_atom_count,-0.006870780775383922,0.6568249939435316,4184
positive,fg_epoxide_count,rot_bonds,-0.006537813795437222,0.6724637324045197,4184
positive,fg_BB_SA18_sulphonate_ester_count,mw,-0.006350554295430019,0.6813220959134588,4184
positive,fg_BB_SA3_aromatic_nitroso_count,hba,0.006156241835625838,0.6905607571361503,4184
positive,fg_BB_SA2b_hydroxylamine_aromatic_count,aromatic_ring_count,-0.005556483365882871,0.7193631208115965,4184
positive,fg_BB_SA40_alkyl_halides_nongx_count,mw,-0.005478741084079673,0.7231269444447194,4184
positive,fg_sulfide_count,heavy_atom_count,-0.005467688848129783,0.7236625751255845,4184
positive,fg_amine_secondary_count,aromatic_ring_count,0.005059686045066141,0.7435285258247168,4184
positive,fg_BB_SA16b_aziridine_count,hbd,-0.004589076309486901,0.7666558729829178,4184
positive,fg_nitrile_count,heavy_atom_count,0.00434804694980251,0.7785833159645127,4184
positive,fg_BB_SA21_ab_unsat_alkoxy_count,rot_bonds,0.0036737372829474847,0.8122214033080051,4184
positive,fg_BB_SA14c_half_mustard_count,logp,0.0036430773092934327,0.8137596623087382,4184
positive,fg_BB_SA2c_aromatic_amine_general_count,logp,-0.0036043709686369935,0.8157026453694417,4184
positive,fg_BB_SA7_aromatic_Nacylamine_count,ring_count,0.003418024519174718,0.8250725331590277,4184
positive,fg_BB_SA34_halobenzene_count,rot_bonds,0.003389485100960646,0.8265097926760416,4184
positive,fg_BB_SA2_primary_aromatic_amine_count,hba,0.0025222212328567897,0.8704408946101126,4184
positive,fg_BB_SA28_alkenylbenzene_count,hbd,0.0024128211237884455,0.8760139895498136,4184
positive,fg_amine_primary_count,heavy_atom_count,-0.002377000296750261,0.877840135782475,4184
positive,fg_bromo_count,logp,0.0019165350103550085,0.9013691724667044,4184
positive,fg_BB_SA2_primary_aromatic_amine_count,logp,0.00154755150779788,0.9202873757059655,4184
positive,fg_nitrile_count,mw,-0.001392857246291548,0.9282327905960732,4184
positive,fg_BB_SA20_ab_unsat_carbonyl_count,mw,0.0011368231806954665,0.9413985775024192,4184
positive,fg_carboxylic_acid_count,heavy_atom_count,-0.0011125627130715496,0.9426469870647207,4184
positive,fg_BB_SA47_n_alkylcarboxylic_acid_count,ring_count,0.0006649447169925289,0.9657028610234142,4184
positive,fg_amine_secondary_count,heteroatom_count,-0.00022120703815680206,0.988587251428098,4184
positive,fg_BB_SA13_aliphatic_halogen_count,mw,0.00011431897859528339,0.9941017864156817,4184
