No,SMILES,label,status,No_norm,raw_smiles_input
77,CCCCC(CC)C(=O)OCCOc1ccc(-c2nc(-c3ccccc3)nc(-c3ccccc3)n2)c(O)c1,0,OK,77,CCCCC(CC)C(=O)OCCOc1ccc(-c2nc(-c3ccccc3)nc(-c3ccccc3)n2)c(O)c1
113,Cc1cc(C#N)cc(C)c1Oc1cc(N)nc(Nc2ccc(C#N)cc2)n1,0,OK,113,Cc1cc(C#N)cc(C)c1Oc1cc(N)nc(Nc2ccc(C#N)cc2)n1
229,O=C(O)CC(O)(CC(=O)O)C(=O)O,0,OK,229,O=C(O)CC(O)(CC(=O)O)C(=O)O
239,CC1CC(C)(C)CC(c2ccc(O)cc2)(c2ccc(O)cc2)C1,0,OK,239,CC1CC(C)(C)CC(c2ccc(O)cc2)(c2ccc(O)cc2)C1
259,CC1=NN(c2cccc(S(=O)(=O)O)c2)C(=O)C1N=Nc1cc(Cl)c(C)cc1S(=O)(=O)O,0,OK,259,CC1=NN(c2cccc(S(=O)(=O)O)c2)C(=O)C1N=Nc1cc(Cl)c(C)cc1S(=O)(=O)O
276,[O]=[Bi],0,OK,276,[O]=[Bi]
296,CC1=NN(c2cc(Cl)c(S(=O)(=O)O)cc2Cl)C(=O)C1N=Nc1cc(Nc2nc(Cl)nc(Nc3ccc(S(=O)(=O)O)cc3)n2)ccc1S(=O)(=O)O,0,OK,296,CC1=NN(c2cc(Cl)c(S(=O)(=O)O)cc2Cl)C(=O)C1N=Nc1cc(Nc2nc(Cl)nc(Nc3ccc(S(=O)(=O)O)cc3)n2)ccc1S(=O)(=O)O
375,CCOP(=O)(O)OCC,0,OK,375,CCOP(=O)(O)OCC
587,CCC(CC)C(=O)O,0,OK,587,CCC(CC)C(=O)O
663,Cc1cn(C2CC(OP(=O)(O)OCC3OC(n4cnc5c(=O)[nH]c(N)nc54)CC3OP(=O)(O)OCC3OC(n4cnc5c(N)ncnc54)CC3OP(=O)(O)OCC3OC(n4cnc5c(N)ncnc54)CC3OP(=O)(O)OCC3OC(n4cnc5c(N)ncnc54)CC3OP(=O)(O)OCC3OC(n4cnc5c(N)ncnc54)CC3OP(=O)(O)OCC3OC(n4cc(C)c(=O)[nH]c4=O)CC3OP(=O)(O)OCC3OC(n4cnc5c(=O)[nH]c(N)nc54)CC3OP(=O)(O)OCC3OC(n4cnc5c(=O)[nH]c(N)nc54)CC3O)C(COP(=O)(O)OC3CC(n4ccc(N)nc4=O)OC3COP(=O)(O)OC3CC(n4cc(C)c(=O)[nH]c4=O)OC3COP(=O)(O)OC3CC(n4cc(C)c(=O)[nH]c4=O)OC3COP(=O)(O)OC3CC(n4cnc5c(N)ncnc54)OC3COP(=O)(O)OC3CC(n4cnc5c(N)ncnc54)OC3COP(=O)(O)OC3CC(n4ccc(N)nc4=O)OC3COP(=O)(O)OC3CC(n4ccc(N)nc4=O)OC3COP(=O)(O)OC3CC(n4ccc(N)nc4=O)OC3COP(=O)(O)OC3CC(n4cnc5c(N)ncnc54)OC3COP(=O)(O)OC3CC(n4ccc(N)nc4=O)OC3COP(=O)(O)OC3CC(n4cnc5c(N)ncnc54)OC3CO)O2)c(=O)[nH]c1=O,0,OK,663,Cc1cn(C2CC(OP(=O)(O)OCC3OC(n4cnc5c(=O)[nH]c(N)nc54)CC3OP(=O)(O)OCC3OC(n4cnc5c(N)ncnc54)CC3OP(=O)(O)OCC3OC(n4cnc5c(N)ncnc54)CC3OP(=O)(O)OCC3OC(n4cnc5c(N)ncnc54)CC3OP(=O)(O)OCC3OC(n4cnc5c(N)ncnc54)CC3OP(=O)(O)OCC3OC(n4cc(C)c(=O)[nH]c4=O)CC3OP(=O)(O)OCC3OC(n4cnc5c(=O)[nH]c(N)nc54)CC3OP(=O)(O)OCC3OC(n4cnc5c(=O)[nH]c(N)nc54)CC3O)C(COP(=O)(O)OC3CC(n4ccc(N)nc4=O)OC3COP(=O)(O)OC3CC(n4cc(C)c(=O)[nH]c4=O)OC3COP(=O)(O)OC3CC(n4cc(C)c(=O)[nH]c4=O)OC3COP(=O)(O)OC3CC(n4cnc5c(N)ncnc54)OC3COP(=O)(O)OC3CC(n4cnc5c(N)ncnc54)OC3COP(=O)(O)OC3CC(n4ccc(N)nc4=O)OC3COP(=O)(O)OC3CC(n4ccc(N)nc4=O)OC3COP(=O)(O)OC3CC(n4ccc(N)nc4=O)OC3COP(=O)(O)OC3CC(n4cnc5c(N)ncnc54)OC3COP(=O)(O)OC3CC(n4ccc(N)nc4=O)OC3COP(=O)(O)OC3CC(n4cnc5c(N)ncnc54)OC3CO)O2)c(=O)[nH]c1=O
700,FC1(F)C(F)(F)C(F)(F)C2(F)C(F)(C1(F)F)C(F)(F)C(F)(F)C1(F)C(F)(F)C(F)(F)C(F)(F)C(F)(F)C12F,0,OK,700,FC1(F)C(F)(F)C(F)(F)C2(F)C(F)(C1(F)F)C(F)(F)C(F)(F)C1(F)C(F)(F)C(F)(F)C(F)(F)C(F)(F)C12F
1300,O=C(OS(=O)C(F)(F)F)C(F)(F)F,0,OK,1300,O=C(OS(=O)C(F)(F)F)C(F)(F)F
1587,CC(=O)Nc1ccc2cc(S(=O)(=O)O)c(N=Nc3ccc(S(=O)(=O)CCOS(=O)(=O)O)cc3)c(O)c2c1,0,OK,1587,CC(=O)Nc1ccc2cc(S(=O)(=O)O)c(N=Nc3ccc(S(=O)(=O)CCOS(=O)(=O)O)cc3)c(O)c2c1
1812,CCCCCCCCCCCC(=O)OC1(C2(CO)OC(CO)C(O)C2O)OC(CO)C(O)C(O)C1O,0,OK,1812,CCCCCCCCCCCC(=O)OC1(C2(CO)OC(CO)C(O)C2O)OC(CO)C(O)C(O)C1O
1815,O=[N+]([O-])c1ccc(Cl)cc1,1,OK,1815,O=[N+]([O-])c1ccc(Cl)cc1
1819,CNc1ccc([N+](=O)[O-])cc1,0,OK,1819,CNc1ccc([N+](=O)[O-])cc1
1822,CCN(CC)CCO,0,OK,1822,CCN(CC)CCO
1824,CCc1ccccc1,0,OK,1824,CCc1ccccc1
1825,C=Cc1ccccc1,0,OK,1825,C=Cc1ccccc1
1827,NCc1ccccc1,0,OK,1827,NCc1ccccc1
1828,N#Cc1ccccc1,0,OK,1828,N#Cc1ccccc1
1831,OCc1ccccc1,0,OK,1831,OCc1ccccc1
1837,ON=C1CCCCC1,0,OK,1837,ON=C1CCCCC1
1843,CC1(C)OCC(CO)O1,0,OK,1843,CC1(C)OCC(CO)O1
1853,NC(CCCCNC(=O)C(F)(F)F)C(=O)O,0,OK,1853,NC(CCCCNC(=O)C(F)(F)F)C(=O)O
1854,CCCCCCCCCC(C)C1OCC2COC(C(C)CCCCCCCCC)N21,0,OK,1854,CCCCCCCCCC(C)C1OCC2COC(C(C)CCCCCCCCC)N21
1857,CCCCC(O)C(N)CC,0,OK,1857,CCCCC(O)C(N)CC
1860,OCC1OC2OC3C(CO)OC(OC4C(CO)OC(OC5C(CO)OC(OC6C(CO)OC(OC7C(CO)OC(OC1C(O)C2O)C(O)C7O)C(O)C6O)C(O)C5O)C(O)C4O)C(O)C3O,0,OK,1860,OCC1OC2OC3C(CO)OC(OC4C(CO)OC(OC5C(CO)OC(OC6C(CO)OC(OC7C(CO)OC(OC1C(O)C2O)C(O)C7O)C(O)C6O)C(O)C5O)C(O)C4O)C(O)C3O
1861,CCOCCOCCOC,0,OK,1861,CCOCCOCCOC
1874,[Cl][In]([Cl])[Cl],0,OK,1874,[Cl][In]([Cl])[Cl]
1876,[Cl][Sb]([Cl])[Cl],0,OK,1876,[Cl][Sb]([Cl])[Cl]
1877,[Cl][Pt-2]([Cl])([Cl])[Cl],0,OK,1877,[Cl][Pt-2]([Cl])([Cl])[Cl]
1882,[F][Ni][F],0,OK,1882,[F][Ni][F]
1883,O=S(=O)(O)O,0,OK,1883,O=S(=O)(O)O
1894,CCCCCCC[CH2][Sn]([CH2]CCCCCCC)([O]C(=O)C=CC(=O)OCC(CC)CCCC)[O]C(=O)C=CC(=O)OCC(CC)CCCC,0,OK,1894,CCCCCCC[CH2][Sn]([CH2]CCCCCCC)([O]C(=O)C=CC(=O)OCC(CC)CCCC)[O]C(=O)C=CC(=O)OCC(CC)CCCC
1895,NO,0,OK,1895,NO
1898,Cc1ccc(NCCO)c([N+](=O)[O-])c1,0,OK,1898,Cc1ccc(NCCO)c([N+](=O)[O-])c1
1904,OB(O)O,0,OK,1904,OB(O)O
1914,C=CS(=O)(=O)c1ccc(N=Nc2c(S(=O)(=O)O)cc3cc(S(=O)(=O)O)c(N=Nc4ccc(S(=O)(=O)C=C)cc4)c(O)c3c2N)cc1,0,OK,1914,C=CS(=O)(=O)c1ccc(N=Nc2c(S(=O)(=O)O)cc3cc(S(=O)(=O)O)c(N=Nc4ccc(S(=O)(=O)C=C)cc4)c(O)c3c2N)cc1
1928,[Cl][La]([Cl])[Cl],0,OK,1928,[Cl][La]([Cl])[Cl]
1934,C=CCOc1nc(OCC=C)nc(OCC=C)n1,0,OK,1934,C=CCOc1nc(OCC=C)nc(OCC=C)n1
1936,CN(C)C(=O)Nc1ccccc1,0,OK,1936,CN(C)C(=O)Nc1ccccc1
1940,Nc1ccc(Nc2ccccc2)cc1,0,OK,1940,Nc1ccc(Nc2ccccc2)cc1
1942,O=C=Nc1ccc(Cc2ccc(N=C=O)cc2)cc1,0,OK,1942,O=C=Nc1ccc(Cc2ccc(N=C=O)cc2)cc1
1943,CC(C)Nc1ccc(Nc2ccccc2)cc1,0,OK,1943,CC(C)Nc1ccc(Nc2ccccc2)cc1
1944,Nc1ccc(Cc2ccc(N)cc2)cc1,0,OK,1944,Nc1ccc(Cc2ccc(N)cc2)cc1
1945,Nc1ccc(Oc2ccc(N)cc2)cc1,1,OK,1945,Nc1ccc(Oc2ccc(N)cc2)cc1
1946,C1CCC(NC2CCCCC2)CC1,0,OK,1946,C1CCC(NC2CCCCC2)CC1
1949,[O]=[Mn](=[O])(=[O])[OH],0,OK,1949,[O]=[Mn](=[O])(=[O])[OH]
1954,[N]=O,0,OK,1954,[N]=O
1955,O=P(O)(O)OP(=O)(O)O,0,OK,1955,O=P(O)(O)OP(=O)(O)O
1958,O=C(O)c1cc(Nc2ccccc2)c(C(=O)O)cc1Nc1ccccc1,0,OK,1958,O=C(O)c1cc(Nc2ccccc2)c(C(=O)O)cc1Nc1ccccc1
1961,O=S(O)O,0,OK,1961,O=S(O)O
1964,CCCCCCCCCCCC(=O)OC1CC(C)(C)NC(C)(C)C1,0,OK,1964,CCCCCCCCCCCC(=O)OC1CC(C)(C)NC(C)(C)C1
1988,O=[N+]([O-])O,0,OK,1988,O=[N+]([O-])O
2007,Cc1c(C)c2c(c(C)c1O)CCC(C)(CCCC(C)CCCC(C)CCCC(C)C)O2,0,OK,2007,Cc1c(C)c2c(c(C)c1O)CCC(C)(CCCC(C)CCCC(C)CCCC(C)C)O2
2011,N,0,OK,2011,N
2015,NC(=Nc1ccccc1)Nc1ccccc1,0,OK,2015,NC(=Nc1ccccc1)Nc1ccccc1
2016,S=C(Nc1ccccc1)Nc1ccccc1,0,OK,2016,S=C(Nc1ccccc1)Nc1ccccc1
2017,O=C(Oc1ccccc1)Oc1ccccc1,0,OK,2017,O=C(Oc1ccccc1)Oc1ccccc1
2025,c1cccc1,0,OK,2025,c1cccc1
2026,COc1ccc(OC)c(N)c1,0,OK,2026,COc1ccc(OC)c(N)c1
2031,CCCCN(CCO)CCCC,0,OK,2031,CCCCN(CCO)CCCC
2034,CC(C)(C)OC(=O)NC(COS(C)(=O)=O)c1ccccc1,0,OK,2034,CC(C)(C)OC(=O)NC(COS(C)(=O)=O)c1ccccc1
2041,CCO[Si](CCC1CCC2OC2C1)(OCC)OCC,0,OK,2041,CCO[Si](CCC1CCC2OC2C1)(OCC)OCC
2042,CCOCC(C)OCC,0,OK,2042,CCOCC(C)OCC
2050,CC1OC(OC2C(Oc3cc(O)c4c(c3)OC(c3ccc(O)cc3)CC4=O)OC(CO)C(O)C2O)C(O)C(O)C1O,0,OK,2050,CC1OC(OC2C(Oc3cc(O)c4c(c3)OC(c3ccc(O)cc3)CC4=O)OC(CO)C(O)C2O)C(O)C(O)C1O
2053,C=CCn1c(=O)n(CC=C)c(=O)n(CC=C)c1=O,0,OK,2053,C=CCn1c(=O)n(CC=C)c(=O)n(CC=C)c1=O
2059,FC(F)(F)C=CCl,0,OK,2059,FC(F)(F)C=CCl
2062,CN(C)CCOC(=O)c1ccccc1NN=c1ccc(=O)c(=NNc2ccccc2C(=O)OCCN(C)C)c1=O,0,OK,2062,CN(C)CCOC(=O)c1ccccc1NN=c1ccc(=O)c(=NNc2ccccc2C(=O)OCCN(C)C)c1=O
2064,CCOC(=O)c1ccc(N(C)C)cc1,0,OK,2064,CCOC(=O)c1ccc(N(C)C)cc1
2074,CCCCC(CC)COC(=O)CCCCC(=O)OCC(CC)CCCC,0,OK,2074,CCCCC(CC)COC(=O)CCCCC(=O)OCC(CC)CCCC
2092,CC(C)C(=O)OCCOc1ccccc1,0,OK,2092,CC(C)C(=O)OCCOc1ccccc1
2095,O=C=Nc1ccccc1,0,OK,2095,O=C=Nc1ccccc1
2103,CCCCCC(CCC)COC(=O)CCCCC(=O)OCC(CCC)CCCCC,0,OK,2103,CCCCCC(CCC)COC(=O)CCCCC(=O)OCC(CCC)CCCCC
2107,O=C(NC(=O)c1c(F)cccc1F)Nc1cc(Cl)c(OC(F)(F)C(F)C(F)(F)F)cc1Cl,0,OK,2107,O=C(NC(=O)c1c(F)cccc1F)Nc1cc(Cl)c(OC(F)(F)C(F)C(F)(F)F)cc1Cl
2117,NC(CCCCNC(=O)C(F)(F)F)C(=O)N1CCCC1C(=O)O,0,OK,2117,NC(CCCCNC(=O)C(F)(F)F)C(=O)N1CCCC1C(=O)O
2119,C=CC(C)(O)CCC=C(C)CC,0,OK,2119,C=CC(C)(O)CCC=C(C)CC
2120,CCCCCCCCCCCCCCOC(=O)C=CC(=O)OCCCCCCCCCCCCCC,0,OK,2120,CCCCCCCCCCCCCCOC(=O)C=CC(=O)OCCCCCCCCCCCCCC
2121,C,0,OK,2121,C
2124,Cc1c(OCC(F)(F)F)ccnc1CO,0,OK,2124,Cc1c(OCC(F)(F)F)ccnc1CO
2125,CC(C)(C)CC(C)(C)c1cc(Cc2cc(C(C)(C)CC(C)(C)C)cc(-n3nc4ccccc4n3)c2O)c(O)c(-n2nc3ccccc3n2)c1,0,OK,2125,CC(C)(C)CC(C)(C)c1cc(Cc2cc(C(C)(C)CC(C)(C)C)cc(-n3nc4ccccc4n3)c2O)c(O)c(-n2nc3ccccc3n2)c1
2133,Cc1cccc(CC(C)(C)CO)c1,0,OK,2133,Cc1cccc(CC(C)(C)CO)c1
2144,O=C=Nc1ccc(Cl)cc1,0,OK,2144,O=C=Nc1ccc(Cl)cc1
2150,OCCOc1ccc(OCCO)cc1,0,OK,2150,OCCOc1ccc(OCCO)cc1
2157,CCCCCC1CCC(=O)O1,0,OK,2157,CCCCCC1CCC(=O)O1
2159,c1ccc(OCCOc2ccccc2)cc1,0,OK,2159,c1ccc(OCCOc2ccccc2)cc1
2160,OCCOCCOc1ccccc1,0,OK,2160,OCCOCCOc1ccccc1
2162,CCCCC(CC)CN,0,OK,2162,CCCCC(CC)CN
2163,CCCCC(CC)CO,0,OK,2163,CCCCC(CC)CO
2167,CCc1ccc(C)nc1,0,OK,2167,CCc1ccc(C)nc1
2170,COc1ccc(C)cc1,0,OK,2170,COc1ccc(C)cc1
2187,CCC1=NCCO1,0,OK,2187,CCC1=NCCO1
2194,N#CC(=C1CCCCC1)c1ccccc1,0,OK,2194,N#CC(=C1CCCCC1)c1ccccc1
2201,COC(=O)CCc1cc(-n2nc3ccccc3n2)c(O)c(C(C)(C)C)c1,0,OK,2201,COC(=O)CCc1cc(-n2nc3ccccc3n2)c(O)c(C(C)(C)C)c1
2207,OCC1CCC(CO)CC1,0,OK,2207,OCC1CCC(CO)CC1
2208,O=Nc1ccc(NO)cc1,0,OK,2208,O=Nc1ccc(NO)cc1
2210,C=C(C)C(=O)OCCN(CC)CC,0,OK,2210,C=C(C)C(=O)OCCN(CC)CC
2219,CCNC(=S)NCC,0,OK,2219,CCNC(=S)NCC
2222,CCOC(=O)OCC,0,OK,2222,CCOC(=O)OCC
2223,CN(CCO)CCO,0,OK,2223,CN(CCO)CCO
2226,Cc1ccc(O)c(C)c1,0,OK,2226,Cc1ccc(O)c(C)c1
2229,CCCCOC(=O)C=CC(=O)OCCCC,0,OK,2229,CCCCOC(=O)C=CC(=O)OCCCC
2230,CN(CCCN)CCCN,0,OK,2230,CN(CCCN)CCCN
2233,CC(=O)OCC=C(C)CCC=C(C)C,0,OK,2233,CC(=O)OCC=C(C)CCC=C(C)C
2234,O=C1CCCCCCCCCCCC(=O)OCCO1,0,OK,2234,O=C1CCCCCCCCCCCC(=O)OCCO1
2235,CCCCOC(=O)CCCCC(=O)OCCCC,0,OK,2235,CCCCOC(=O)CCCCC(=O)OCCCC
2236,COCCN(CCOC)c1ccc(N=Nc2snc3ccc([N+](=O)[O-])cc23)c(NC(C)=O)c1,0,OK,2236,COCCN(CCOC)c1ccc(N=Nc2snc3ccc([N+](=O)[O-])cc23)c(NC(C)=O)c1
2237,CCC(C)(C)OOC(C)(C)CC,0,OK,2237,CCC(C)(C)OOC(C)(C)CC
2240,Nc1ccc(N=Nc2cccc(N=Nc3ccc(N)cc3N)c2)c(N)c1,0,OK,2240,Nc1ccc(N=Nc2cccc(N=Nc3ccc(N)cc3N)c2)c(N)c1
2242,CC(=O)N(CCN(C(C)=O)C(C)=O)C(C)=O,0,OK,2242,CC(=O)N(CCN(C(C)=O)C(C)=O)C(C)=O
2243,O=[N+]([O-])[N+](=O)[O-],1,OK,2243,O=[N+]([O-])[N+](=O)[O-]
2253,[O]=[Cr](=[O])([OH])[O][Cr](=[O])(=[O])[OH],1,OK,2253,[O]=[Cr](=[O])([OH])[O][Cr](=[O])(=[O])[OH]
2258,NCl,0,OK,2258,NCl
2259,O=C1CCCCCCCCCCCCCCO1,0,OK,2259,O=C1CCCCCCCCCCCCCCO1
2264,CC(C)=CCCC(C)CCO,0,OK,2264,CC(C)=CCCC(C)CCO
2266,CC(C)=CCCC(C)=CCO,0,OK,2266,CC(C)=CCCC(C)=CCO
2268,CC(C)=CCCC(C)=CC=O,0,OK,2268,CC(C)=CCCC(C)=CC=O
2274,Cc1ccc(C)cc1,0,OK,2274,Cc1ccc(C)cc1
2275,Cc1ccc(Cl)cc1,0,OK,2275,Cc1ccc(Cl)cc1
2280,Cc1ccc(N)cc1,0,OK,2280,Cc1ccc(N)cc1
2281,Nc1ccc(N)cc1,0,OK,2281,Nc1ccc(N)cc1
2282,O=C1C=CC(=O)C=C1,1,OK,2282,O=C1C=CC(=O)C=C1
2284,C=CC(=O)OCC(C)C,0,OK,2284,C=CC(=O)OCC(C)C
2288,CC(C)=CCCC(C)C=O,0,OK,2288,CC(C)=CCCC(C)C=O
2291,COC(=O)CCCCCCCCC(=O)OC,0,OK,2291,COC(=O)CCCCCCCCC(=O)OC
2294,C=C(C)C(=O)OCC1CO1,1,OK,2294,C=C(C)C(=O)OCC1CO1
2296,CCCBr,0,OK,2296,CCCBr
2297,C=CCBr,0,OK,2297,C=CCBr
2298,CCCC,0,OK,2298,CCCC
2299,C=CCC,0,OK,2299,C=CCC
2300,C=CC=C,1,OK,2300,C=CC=C
2301,COC(=O)Nc1nc2ccccc2[nH]1,1,OK,2301,COC(=O)Nc1nc2ccccc2[nH]1
2308,CCc1cc(Cc2cc(CC)c(N)c(CC)c2Cl)c(Cl)c(CC)c1N,0,OK,2308,CCc1cc(Cc2cc(CC)c(N)c(CC)c2Cl)c(Cl)c(CC)c1N
2315,C=CS(=O)(=O)CCOCCNc1nc(F)nc(Nc2cc(S(=O)(=O)O)cc(N=NC(N=Nc3cc(S(=O)(=O)O)ccc3C(=O)O)=C3C=CC=CC3)c2O)n1,0,OK,2315,C=CS(=O)(=O)CCOCCNc1nc(F)nc(Nc2cc(S(=O)(=O)O)cc(N=NC(N=Nc3cc(S(=O)(=O)O)ccc3C(=O)O)=C3C=CC=CC3)c2O)n1
2317,CC(=O)OCC(C)(C)C=NCC1(C)CC(N=CC(C)(C)COC(C)=O)CC(C)(C)C1,0,OK,2317,CC(=O)OCC(C)(C)C=NCC1(C)CC(N=CC(C)(C)COC(C)=O)CC(C)(C)C1
2318,CCC(C)n1ncn(-c2ccc(N3CCN(c4ccc(O)cc4)CC3)cc2)c1=O,0,OK,2318,CCC(C)n1ncn(-c2ccc(N3CCN(c4ccc(O)cc4)CC3)cc2)c1=O
2319,CN1C(C)(C)CC(OC(=O)CCCCCCCCC(=O)OC2CC(C)(C)N(C)C(C)(C)C2)CC1(C)C,0,OK,2319,CN1C(C)(C)CC(OC(=O)CCCCCCCCC(=O)OC2CC(C)(C)N(C)C(C)(C)C2)CC1(C)C
2321,CC(=O)O,0,OK,2321,CC(=O)O
2322,O=C(O)O,0,OK,2322,O=C(O)O
2328,CCC[CH2][Sn]([CH2]CCC)([O]C)[O]C,1,OK,2328,CCC[CH2][Sn]([CH2]CCC)([O]C)[O]C
2336,CCCCCCCCCCCCC1CC(=O)N(C2CC(C)(C)N(C(C)=O)C(C)(C)C2)C1=O,0,OK,2336,CCCCCCCCCCCCC1CC(=O)N(C2CC(C)(C)N(C(C)=O)C(C)(C)C2)C1=O
2338,CCCCN(c1nc(NCCCN(CCN(CCCNc2nc(N(CCCC)C3CC(C)(C)N(C)C(C)(C)C3)nc(N(CCCC)C3CC(C)(C)N(C)C(C)(C)C3)n2)c2nc(N(CCCC)C3CC(C)(C)N(C)C(C)(C)C3)nc(N(CCCC)C3CC(C)(C)N(C)C(C)(C)C3)n2)c2nc(N(CCCC)C3CC(C)(C)N(C)C(C)(C)C3)nc(N(CCCC)C3CC(C)(C)N(C)C(C)(C)C3)n2)nc(N(CCCC)C2CC(C)(C)N(C)C(C)(C)C2)n1)C1CC(C)(C)N(C)C(C)(C)C1,0,OK,2338,CCCCN(c1nc(NCCCN(CCN(CCCNc2nc(N(CCCC)C3CC(C)(C)N(C)C(C)(C)C3)nc(N(CCCC)C3CC(C)(C)N(C)C(C)(C)C3)n2)c2nc(N(CCCC)C3CC(C)(C)N(C)C(C)(C)C3)nc(N(CCCC)C3CC(C)(C)N(C)C(C)(C)C3)n2)c2nc(N(CCCC)C3CC(C)(C)N(C)C(C)(C)C3)nc(N(CCCC)C3CC(C)(C)N(C)C(C)(C)C3)n2)nc(N(CCCC)C2CC(C)(C)N(C)C(C)(C)C2)n1)C1CC(C)(C)N(C)C(C)(C)C1
2339,CC=CC,0,OK,2339,CC=CC
2342,ClCCCl,0,OK,2342,ClCCCl
2343,OCCCl,0,OK,2343,OCCCl
2344,CCCN,0,OK,2344,CCCN
2345,C=CCN,0,OK,2345,C=CCN
2350,C=CCO,0,OK,2350,C=CCO
2351,C#CCO,0,OK,2351,C#CCO
2354,O=CC=O,0,OK,2354,O=CC=O
2355,C=COC,0,OK,2355,C=COC
2357,COC=O,0,OK,2357,COC=O
2359,C[N+](C)(C)CC(=O)[O-],0,OK,2359,C[N+](C)(C)CC(=O)[O-]
2364,CCCCOP(=O)(O)OCCCC,0,OK,2364,CCCCOP(=O)(O)OCCCC
2365,CC(CCO)CCCC(C)(C)O,0,OK,2365,CC(CCO)CCCC(C)(C)O
2366,CC(CC=O)CCCC(C)(C)O,0,OK,2366,CC(CC=O)CCCC(C)(C)O
2368,CC(C)=CC=O,0,OK,2368,CC(C)=CC=O
2371,CCCC(=O)O,0,OK,2371,CCCC(=O)O
2374,COCC(C)O,0,OK,2374,COCC(C)O
2376,C=CC(=O)OCCCCOC(=O)C=C,0,OK,2376,C=CC(=O)OCCCCOC(=O)C=C
2384,O=S1(=O)OCCO1,0,OK,2384,O=S1(=O)OCCO1
2392,Cn1cc(C(=O)Nc2cccc3c2C2CCC3C2=C(Cl)Cl)c(C(F)F)n1,0,OK,2392,Cn1cc(C(=O)Nc2cccc3c2C2CCC3C2=C(Cl)Cl)c(C(F)F)n1
2399,CC(C)(C)c1cc(CCC(=O)O)ccc1O,0,OK,2399,CC(C)(C)c1cc(CCC(=O)O)ccc1O
2403,O=C(O)CCCCC1CCSS1,0,OK,2403,O=C(O)CCCCC1CCSS1
2409,Nc1c(OCCO)nn2ccccc12,0,OK,2409,Nc1c(OCCO)nn2ccccc12
2412,CN(C)CCO,0,OK,2412,CN(C)CCO
2414,CC(=O)CC(C)C,0,OK,2414,CC(=O)CC(C)C
2420,CC(=O)OC(C)C,0,OK,2420,CC(=O)OC(C)C
2421,C=C(C)OC(C)=O,0,OK,2421,C=C(C)OC(C)=O
2422,CC(=O)OC(C)=O,0,OK,2422,CC(=O)OC(C)=O
2425,CC1COC(=O)O1,0,OK,2425,CC1COC(=O)O1
2426,Cc1cccc(C)c1,0,OK,2426,Cc1cccc(C)c1
2428,Nc1cccc(Cl)c1,0,OK,2428,Nc1cccc(Cl)c1
2430,Nc1cccc(N)c1,0,OK,2430,Nc1cccc(N)c1
2431,Oc1cccc(O)c1,0,OK,2431,Oc1cccc(O)c1
2437,CCCCCCC(C)OC(=O)CCCCC(=O)OC(C)CCCCCC,0,OK,2437,CCCCCCC(C)OC(=O)CCCCC(=O)OC(C)CCCCCC
2440,Cc1cc(C)cc(C)c1,0,OK,2440,Cc1cc(C)cc(C)c1
2441,Cc1cc(C)cc(O)c1,0,OK,2441,Cc1cc(C)cc(O)c1
2445,CN1CN(C)CN(C)C1,0,OK,2445,CN1CN(C)CN(C)C1
2447,Clc1nc(Cl)nc(Cl)n1,0,OK,2447,Clc1nc(Cl)nc(Cl)n1
2454,Clc1ccccc1,0,OK,2454,Clc1ccccc1
2455,OC1CCCCC1,0,OK,2455,OC1CCCCC1
2456,O=C1CCCCC1,1,OK,2456,O=C1CCCCC1
2457,Oc1ccccc1,1,OK,2457,Oc1ccccc1
2458,Cc1cccnc1,0,OK,2458,Cc1cccnc1
2464,C=CCOC(=O)c1cccc(C(=O)OCC=C)c1,0,OK,2464,C=CCOC(=O)c1cccc(C(=O)OCC=C)c1
2466,Nc1cc(O)ccc1N=Nc1ccc(Nc2ccc(N=Nc3c(S(=O)(=O)O)cc4cc(S(=O)(=O)O)c(N=Nc5ccccc5)c(O)c4c3N)cc2S(=O)(=O)O)cc1,0,OK,2466,Nc1cc(O)ccc1N=Nc1ccc(Nc2ccc(N=Nc3c(S(=O)(=O)O)cc4cc(S(=O)(=O)O)c(N=Nc5ccccc5)c(O)c4c3N)cc2S(=O)(=O)O)cc1
2470,Clc1ccccn1,0,OK,2470,Clc1ccccn1
2477,CCCCOC(=O)CCCCCCCCC(=O)OCCCC,0,OK,2477,CCCCOC(=O)CCCCCCCCC(=O)OCCCC
2480,CN(C)CCCN,0,OK,2480,CN(C)CCCN
2485,CCCCBr,0,OK,2485,CCCCBr
2486,CCCCC,0,OK,2486,CCCCC
2488,CCCCCl,0,OK,2488,CCCCCl
2491,CCCCN,0,OK,2491,CCCCN
2494,COCOC,0,OK,2494,COCOC
2495,CO,0,OK,2495,CO
2501,O=C(Nc1ccccc1)c1cc2ccccc2c(N=Nc2cc([N+](=O)[O-])cc([N+](=O)[O-])c2O)c1O,0,OK,2501,O=C(Nc1ccccc1)c1cc2ccccc2c(N=Nc2cc([N+](=O)[O-])cc([N+](=O)[O-])c2O)c1O
2514,c1ccoc1,1,OK,2514,c1ccoc1
2516,CC(C)(C)OOC(C)(C)C,1,OK,2516,CC(C)(C)OOC(C)(C)C
2521,CN(C)CCN(C)C,0,OK,2521,CN(C)CCN(C)C
2522,CC(=O)OCC(C)C,0,OK,2522,CC(=O)OCC(C)C
2523,C=CC(=O)NCNC(=O)C=C,1,OK,2523,C=CC(=O)NCNC(=O)C=C
2525,CCCCCCCCCCCCCCCCCC(=O)NCCNC(=O)CCCCCCCCCCCCCCCCC,0,OK,2525,CCCCCCCCCCCCCCCCCC(=O)NCCNC(=O)CCCCCCCCCCCCCCCCC
2527,CCCCCCOC(=O)CCCCC(=O)OCCCCCC,0,OK,2527,CCCCCCOC(=O)CCCCC(=O)OCCCCCC
2533,CC=CC=CC(=O)O,0,OK,2533,CC=CC=CC(=O)O
2537,CCCCCC,0,OK,2537,CCCCCC
2538,ClCCCCCl,0,OK,2538,ClCCCCCl
2539,N#CCCC#N,0,OK,2539,N#CCCC#N
2541,OCC#CCO,0,OK,2541,OCC#CCO
2542,COCCOC,0,OK,2542,COCCOC
2548,C1CNCCN1,0,OK,2548,C1CNCCN1
2551,C1OCOCO1,0,OK,2551,C1OCOCO1
2552,C1CCNCC1,0,OK,2552,C1CCNCC1
2554,CC(=O)CCC=C(C)C,0,OK,2554,CC(=O)CCC=C(C)C
2567,CCCCCCCCSCc1cc(C)c(O)c(CSCCCCCCCC)c1,0,OK,2567,CCCCCCCCSCc1cc(C)c(O)c(CSCCCCCCCC)c1
2570,CCCCCCCCCCCCSCc1cc(C)c(O)c(CSCCCCCCCCCCCC)c1,0,OK,2570,CCCCCCCCCCCCSCc1cc(C)c(O)c(CSCCCCCCCCCCCC)c1
2575,CS(=O)(=O)c1ccc(C(=O)O)c([N+](=O)[O-])c1,0,OK,2575,CS(=O)(=O)c1ccc(C(=O)O)c([N+](=O)[O-])c1
2586,CC(=O)OCCOCCOCCOC(C)=O,0,OK,2586,CC(=O)OCCOCCOCCOC(C)=O
2588,CCCCCCN,0,OK,2588,CCCCCCN
2589,CCCCCCO,0,OK,2589,CCCCCCO
2591,O=CCCCC=O,0,OK,2591,O=CCCCC=O
2593,NCCNCCN,0,OK,2593,NCCNCCN
2594,NCCNCCO,0,OK,2594,NCCNCCO
2595,OCCNCCO,0,OK,2595,OCCNCCO
2596,ClCCOCCCl,0,OK,2596,ClCCOCCCl
2598,OCCOCCO,0,OK,2598,OCCOCCO
2604,CCCCCCCC,0,OK,2604,CCCCCCCC
2605,C=CCCCCCC,1,OK,2605,C=CCCCCCC
2606,CC=CCCCCC,0,OK,2606,CC=CCCCCC
2612,CCCCOCCO,0,OK,2612,CCCCOCCO
2613,COCCOCCO,0,OK,2613,COCCOCCO
2614,C1=CCCC=CCC1,0,OK,2614,C1=CCCC=CCC1
2617,CCCCCCCCC,0,OK,2617,CCCCCCCCC
2619,CCCCCCCCN,0,OK,2619,CCCCCCCCN
2620,CCCCCCCCO,0,OK,2620,CCCCCCCCO
2621,CCCCCCCCS,0,OK,2621,CCCCCCCCS
2622,CCOCCOCCO,0,OK,2622,CCOCCOCCO
2623,ClCCOCOCCCl,0,OK,2623,ClCCOCOCCCl
2624,CCCCNCCCC,0,OK,2624,CCCCNCCCC
2629,NC(=O)O,0,OK,2629,NC(=O)O
2630,COCCCOCCCOC,0,OK,2630,COCCCOCCCOC
2632,[O]=[W](=[O])([OH])[OH],0,OK,2632,[O]=[W](=[O])([OH])[OH]
2634,[K+],0,OK,2634,[K+]
2639,[O]=[Al-]=[O],0,OK,2639,[O]=[Al-]=[O]
2646,CC(C)(CO)COC(=O)C(C)(C)CO,0,OK,2646,CC(C)(CO)COC(=O)C(C)(C)CO
2648,CN(C)C(=N)N=C(N)N,0,OK,2648,CN(C)C(=N)N=C(N)N
2652,O=C(O)CN(CCCN(CC(=O)O)CC(=O)O)CC(=O)O,0,OK,2652,O=C(O)CN(CCCN(CC(=O)O)CC(=O)O)CC(=O)O
2656,CCC[CH2][Sn]([Cl])([Cl])[Cl],0,OK,2656,CCC[CH2][Sn]([Cl])([Cl])[Cl]
2658,CCC(C)c1cc(N=Nc2ccc([N+](=O)[O-])cc2)cc(C(C)CC)c1O,0,OK,2658,CCC(C)c1cc(N=Nc2ccc([N+](=O)[O-])cc2)cc(C(C)CC)c1O
2659,CCn1c(O)c(CS(=O)(=O)O)c(C)c(N=Nc2cc(Nc3nc(Cl)nc(Nc4ccc(S(=O)(=O)O)cc4)n3)ccc2S(=O)(=O)O)c1=O,0,OK,2659,CCn1c(O)c(CS(=O)(=O)O)c(C)c(N=Nc2cc(Nc3nc(Cl)nc(Nc4ccc(S(=O)(=O)O)cc4)n3)ccc2S(=O)(=O)O)c1=O
2663,COC(=O)CCCC(=O)OC,0,OK,2663,COC(=O)CCCC(=O)OC
2671,CCCCOCCOC(C)=O,0,OK,2671,CCCCOCCOC(C)=O
2673,CCOCCOCCOC(C)=O,0,OK,2673,CCOCCOCCOC(C)=O
2675,CCCCCCCCCCCCN(C)C,0,OK,2675,CCCCCCCCCCCCN(C)C
2679,CCCCCCCCCCO,0,OK,2679,CCCCCCCCCCO
2683,COCCOCCOCCO,0,OK,2683,COCCOCCOCCO
2686,CCCCCCCCCCCC,0,OK,2686,CCCCCCCCCCCC
2687,C=CCCCCCCCCCC,1,OK,2687,C=CCCCCCCCCCC
2689,COCCOCCOCCOC,0,OK,2689,COCCOCCOCCOC
2692,CCCCCCCCCCCCO,0,OK,2692,CCCCCCCCCCCCO
2693,CCCCCCCCCCCC=O,0,OK,2693,CCCCCCCCCCCC=O
2694,CCCCCCCCCCCCS,0,OK,2694,CCCCCCCCCCCCS
2695,CCCCCCOCCCCCC,0,OK,2695,CCCCCCOCCCCCC
2696,CCCCCCOCCOCCO,0,OK,2696,CCCCCCOCCOCCO
2700,CCCCCCCCCCCCCCCCN(C)C,0,OK,2700,CCCCCCCCCCCCCCCCN(C)C
2702,CCCCCCCCCCCCCCN(C)C,0,OK,2702,CCCCCCCCCCCCCCN(C)C
2707,C=CCCCCCCCCCCCCCCCC,0,OK,2707,C=CCCCCCCCCCCCCCCCC
2709,CCCCCCCCCCCCCCCCCCO,0,OK,2709,CCCCCCCCCCCCCCCCCCO
2713,O=S1(=O)CCCO1,1,OK,2713,O=S1(=O)CCCO1
2719,OCC(Cn1cncn1)c1ccc(Cl)cc1Cl,0,OK,2719,OCC(Cn1cncn1)c1ccc(Cl)cc1Cl
2732,CC1CC(NC(N)=O)NC(=O)N1,0,OK,2732,CC1CC(NC(N)=O)NC(=O)N1
2744,O=C(c1ccccc1)c1ccc(O)cc1,0,OK,2744,O=C(c1ccccc1)c1ccc(O)cc1
2751,O=C(c1ccccc1)c1ccc(O)c(O)c1O,1,OK,2751,O=C(c1ccccc1)c1ccc(O)c(O)c1O
2753,O=C1OCC(F)O1,0,OK,2753,O=C1OCC(F)O1
2763,C=CC,0,OK,2763,C=CC
2765,C=C(C)C,0,OK,2765,C=C(C)C
2766,C=CC(C)(C)O,0,OK,2766,C=CC(C)(C)O
2767,C#CC(C)(C)O,0,OK,2767,C#CC(C)(C)O
2768,FC1(F)C(F)(F)C(F)(F)C1(F)F,0,OK,2768,FC1(F)C(F)(F)C(F)(F)C1(F)F
2775,CCCCC(CC)(CO)CO,0,OK,2775,CCCCC(CC)(CO)CO
2776,C=CC(C)(CCC=C(C)C)OC(C)=O,0,OK,2776,C=CC(C)(CCC=C(C)C)OC(C)=O
2794,FC(F)=C(F)C(F)(F)F,0,OK,2794,FC(F)=C(F)C(F)(F)F
2796,CC(O)COc1ccc(C(C)(C)c2ccc(OCC(C)O)cc2)cc1,0,OK,2796,CC(O)COc1ccc(C(C)(C)c2ccc(OCC(C)O)cc2)cc1
2800,COC(=O)c1ccc2c(c1)N(C(=O)CCl)C(=O)C2,0,OK,2800,COC(=O)c1ccc2c(c1)N(C(=O)CCl)C(=O)C2
2807,C=C(C(=O)OCC)C(=O)OCC(=O)OCC,0,OK,2807,C=C(C(=O)OCC)C(=O)OCC(=O)OCC
2815,O=C1OC(=O)c2c(Cl)cccc21,0,OK,2815,O=C1OC(=O)c2c(Cl)cccc21
2818,CCCCC(CC)COC(=O)c1ccccc1C(=O)OCC(CC)CCCC,0,OK,2818,CCCCC(CC)COC(=O)c1ccccc1C(=O)OCC(CC)CCCC
2819,CCCC(C)=NO[Si](ON=C(C)CCC)(ON=C(C)CCC)c1ccccc1,0,OK,2819,CCCC(C)=NO[Si](ON=C(C)CCC)(ON=C(C)CCC)c1ccccc1
2820,CCCC(C)=NO[Si](ON=C(C)CCC)(ON=C(C)CCC)ON=C(C)CCC,0,OK,2820,CCCC(C)=NO[Si](ON=C(C)CCC)(ON=C(C)CCC)ON=C(C)CCC
2824,CC(=O)C1=NOC(c2c(F)cccc2F)C1,0,OK,2824,CC(=O)C1=NOC(c2c(F)cccc2F)C1
2827,COC=C(C(=O)OC)c1ccccc1COc1cccc(C(F)(F)F)n1,0,OK,2827,COC=C(C(=O)OC)c1ccccc1COc1cccc(C(F)(F)F)n1
2828,COC=C(C(=O)OC)c1ccccc1CCl,0,OK,2828,COC=C(C(=O)OC)c1ccccc1CCl
2839,COC(=O)C(C)CCC(=O)N(C)C,0,OK,2839,COC(=O)C(C)CCC(=O)N(C)C
2871,O=C1OC(=O)c2cc(Cl)ccc21,0,OK,2871,O=C1OC(=O)c2cc(Cl)ccc21
2873,O=c1[nH]c2ccccc2c(=O)o1,0,OK,2873,O=c1[nH]c2ccccc2c(=O)o1
2875,O=C(OCc1ccccc1)c1ccccc1O,0,OK,2875,O=C(OCc1ccccc1)c1ccccc1O
2876,CCCCC(CC)COC(=O)c1ccccc1O,0,OK,2876,CCCCC(CC)COC(=O)c1ccccc1O
2879,Cc1occc(=O)c1O,0,OK,2879,Cc1occc(=O)c1O
2880,Oc1c(Br)cc(Br)cc1Br,0,OK,2880,Oc1c(Br)cc(Br)cc1Br
2883,Nc1ccccc1C(=O)O,0,OK,2883,Nc1ccccc1C(=O)O
2900,Nc1c(N=Nc2ccc([N+](=O)[O-])cc2)c(S(=O)(=O)O)cc2cc(S(=O)(=O)O)c(N=Nc3ccc(NS(=O)(=O)c4ccc(N=Nc5ccc(O)cc5O)cc4)cc3)c(O)c12,0,OK,2900,Nc1c(N=Nc2ccc([N+](=O)[O-])cc2)c(S(=O)(=O)O)cc2cc(S(=O)(=O)O)c(N=Nc3ccc(NS(=O)(=O)c4ccc(N=Nc5ccc(O)cc5O)cc4)cc3)c(O)c12
2906,CCCCc1ccc2[nH]nnc2c1,0,OK,2906,CCCCc1ccc2[nH]nnc2c1
2928,Cc1cc(Cc2cc(C)cc(C(C)(C)C)c2O)c(O)c(C(C)(C)C)c1,0,OK,2928,Cc1cc(Cc2cc(C)cc(C(C)(C)C)c2O)c(O)c(C(C)(C)C)c1
2929,O=C(c1ccccc1)C(O)c1ccccc1,0,OK,2929,O=C(c1ccccc1)C(O)c1ccccc1
2930,O=C(c1ccccc1)c1ccccc1,0,OK,2930,O=C(c1ccccc1)c1ccccc1
2931,c1ccc2c(c1)CCCC2,0,OK,2931,c1ccc2c(c1)CCCC2
2932,O=C(O)c1ccccc1SSc1ccccc1C(=O)O,0,OK,2932,O=C(O)c1ccccc1SSc1ccccc1C(=O)O
2939,O=C(c1cc(Cl)c(F)c(Cl)c1)C(F)(F)F,0,OK,2939,O=C(c1cc(Cl)c(F)c(Cl)c1)C(F)(F)F
2940,O=C(O)C(F)(F)OC1(F)OC(F)(F)OC1(F)OC(F)(F)F,0,OK,2940,O=C(O)C(F)(F)OC1(F)OC(F)(F)OC1(F)OC(F)(F)F
2942,CC(=O)OCC=C(C)C,0,OK,2942,CC(=O)OCC=C(C)C
2945,CCCCN(C)C(=NC1CCCCC1)NC1CCCCC1,0,OK,2945,CCCCN(C)C(=NC1CCCCC1)NC1CCCCC1
2953,CCC(Cc1ccccc1)(C(=O)c1ccc(N2CCOCC2)cc1)N(C)C,0,OK,2953,CCC(Cc1ccccc1)(C(=O)c1ccc(N2CCOCC2)cc1)N(C)C
2957,N#Cc1c(Cl)cccc1Cl,0,OK,2957,N#Cc1c(Cl)cccc1Cl
2958,CC1=CC(=O)N(Cc2cccc(CN3C(=O)C=C(C)C3=O)c2)C1=O,0,OK,2958,CC1=CC(=O)N(Cc2cccc(CN3C(=O)C=C(C)C3=O)c2)C1=O
2963,CCO[Si](CCCNC(=O)OCCN(CC)c1ccc(N=O)cc1)(OCC)OCC,0,OK,2963,CCO[Si](CCCNC(=O)OCCN(CC)c1ccc(N=O)cc1)(OCC)OCC
2971,c1ccc2cc3ccccc3cc2c1,0,OK,2971,c1ccc2cc3ccccc3cc2c1
2975,COc1ccc(C(=O)Nc2ccccc2)cc1N,0,OK,2975,COc1ccc(C(=O)Nc2ccccc2)cc1N
2981,COC(=O)c1ccc(C(=O)OC)cc1,0,OK,2981,COC(=O)c1ccc(C(=O)OC)cc1
2983,Oc1ccccc1O,1,OK,2983,Oc1ccccc1O
2984,Clc1ccc(Cl)c(Cl)c1,0,OK,2984,Clc1ccc(Cl)c(Cl)c1
2985,Oc1ccc(Cl)cc1Cl,0,OK,2985,Oc1ccc(Cl)cc1Cl
2992,[O]=[Al][OH],0,OK,2992,[O]=[Al][OH]
2993,[La+3],0,OK,2993,[La+3]
3002,O=BOB1OB2OB(O)OB(O1)O2,0,OK,3002,O=BOB1OB2OB(O)OB(O1)O2
3005,O=BOB1OB(OB=O)OB2OB(O)OB(O)OB(O1)O2,0,OK,3005,O=BOB1OB(OB=O)OB2OB(O)OB(O)OB(O1)O2
3009,[O]=[Co][OH],0,OK,3009,[O]=[Co][OH]
3010,[Cu+2],0,OK,3010,[Cu+2]
3011,[F][Zr]([F])([F])[F],0,OK,3011,[F][Zr]([F])([F])[F]
3013,[Fe+3],0,OK,3013,[Fe+3]
3018,[O]=[Mo](=[O])([OH])[OH],0,OK,3018,[O]=[Mo](=[O])([OH])[OH]
3020,O,0,OK,3020,O
3024,O=O,0,OK,3024,O=O
3026,[Ni+2],0,OK,3026,[Ni+2]
3041,O=C(Cl)c1ccc2c(c1)C(=O)OC2=O,0,OK,3041,O=C(Cl)c1ccc2c(c1)C(=O)OC2=O
3078,CCOc1cc(C=O)ccc1O,0,OK,3078,CCOc1cc(C=O)ccc1O
3079,CCOC(=O)C1OC1c1ccccc1,0,OK,3079,CCOC(=O)C1OC1c1ccccc1
3081,Nc1cccc(S(=O)(=O)O)c1,0,OK,3081,Nc1cccc(S(=O)(=O)O)c1
3085,CCCOC(=O)c1cc(O)c(O)c(O)c1,0,OK,3085,CCCOC(=O)c1cc(O)c(O)c(O)c1
3086,O=[N+]([O-])N1CN([N+](=O)[O-])CN([N+](=O)[O-])C1,0,OK,3086,O=[N+]([O-])N1CN([N+](=O)[O-])CN([N+](=O)[O-])C1
3087,Cc1ccc([N+](=O)[O-])cc1Cl,0,OK,3087,Cc1ccc([N+](=O)[O-])cc1Cl
3089,O=C(O)c1cccc(C(=O)O)c1,0,OK,3089,O=C(O)c1cccc(C(=O)O)c1
3091,CN(C)C(=O)c1cc2cnc(Nc3ccc(N4CCNCC4)cn3)nc2n1C1CCCC1,0,OK,3091,CN(C)C(=O)c1cc2cnc(Nc3ccc(N4CCNCC4)cn3)nc2n1C1CCCC1
3093,CCC(C)C(C)C(C)CCc1ccc(O)cc1,0,OK,3093,CCC(C)C(C)C(C)CCc1ccc(O)cc1
3094,C=C(C)C(=O)OC[Si](C)(OC)OC,0,OK,3094,C=C(C)C(=O)OC[Si](C)(OC)OC
3096,CCOc1cccc(F)c1F,0,OK,3096,CCOc1cccc(F)c1F
3099,CC(C)CCC(C)Nc1ccc(Nc2nc(Nc3ccc(NC(C)CCC(C)C)cc3)nc(Nc3ccc(NC(C)CCC(C)C)cc3)n2)cc1,0,OK,3099,CC(C)CCC(C)Nc1ccc(Nc2nc(Nc3ccc(NC(C)CCC(C)C)cc3)nc(Nc3ccc(NC(C)CCC(C)C)cc3)n2)cc1
3107,O=C(NC(=O)c1c(F)cccc1F)Nc1cc(Cl)c(OC(F)(F)C(F)C(F)(F)F)c(Cl)c1F,0,OK,3107,O=C(NC(=O)c1c(F)cccc1F)Nc1cc(Cl)c(OC(F)(F)C(F)C(F)(F)F)c(Cl)c1F
3111,O=P(O)(O)O,0,OK,3111,O=P(O)(O)O
3115,OCCN(CCO)CCO,0,OK,3115,OCCN(CCO)CCO
3124,CC1(C)OC(c2ccco2)CN1C(=O)C(Cl)Cl,0,OK,3124,CC1(C)OC(c2ccco2)CN1C(=O)C(Cl)Cl
3139,COP(=S)(OC)Oc1ccc([N+](=O)[O-])c(C)c1,0,OK,3139,COP(=S)(OC)Oc1ccc([N+](=O)[O-])c(C)c1
3142,CC(O)CN(CC(C)O)CC(C)O,0,OK,3142,CC(O)CN(CC(C)O)CC(C)O
3143,CCCCCCCCC=CCCCCCCCC(=O)OCC(COC(=O)CCCCCCCC=CCCCCCCCC)OC(=O)CCCCCCCC=CCCCCCCCC,0,OK,3143,CCCCCCCCC=CCCCCCCCC(=O)OCC(COC(=O)CCCCCCCC=CCCCCCCCC)OC(=O)CCCCCCCC=CCCCCCCCC
3144,c1ccc(Nc2ccccc2)cc1,0,OK,3144,c1ccc(Nc2ccccc2)cc1
3146,CC(=O)C=Cc1ccccc1,0,OK,3146,CC(=O)C=Cc1ccccc1
3147,c1ccc(OCC2CO2)cc1,0,OK,3147,c1ccc(OCC2CO2)cc1
3158,OCCOc1ccccc1,0,OK,3158,OCCOc1ccccc1
3165,COCCCn1c(=O)c2c(N)c3c(=O)c4ccccc4c(=O)c3c(N)c2c1=O,0,OK,3165,COCCCn1c(=O)c2c(N)c3c(=O)c4ccccc4c(=O)c3c(N)c2c1=O
3167,CC1COCc2cc3c(cc21)C(C)(C)C(C)C3(C)C,0,OK,3167,CC1COCc2cc3c(cc21)C(C)(C)C(C)C3(C)C
3175,CC(=O)C(N=Nc1ccc(Cl)cc1[N+](=O)[O-])C(=O)Nc1ccc2[nH]c(=O)[nH]c2c1,0,OK,3175,CC(=O)C(N=Nc1ccc(Cl)cc1[N+](=O)[O-])C(=O)Nc1ccc2[nH]c(=O)[nH]c2c1
3195,OOC1(OOC2(O)CCCCC2)CCCCC1,0,OK,3195,OOC1(OOC2(O)CCCCC2)CCCCC1
3211,CCC1CC2CC1CC2OC,0,OK,3211,CCC1CC2CC1CC2OC
3216,CONC(C)Cc1c(Cl)cc(Cl)cc1Cl,0,OK,3216,CONC(C)Cc1c(Cl)cc(Cl)cc1Cl
3221,CC(=O)C(N=Nc1ccc(S(=O)(=O)O)cc1[N+](=O)[O-])C(=O)Nc1ccccc1,0,OK,3221,CC(=O)C(N=Nc1ccc(S(=O)(=O)O)cc1[N+](=O)[O-])C(=O)Nc1ccccc1
3222,CC(=O)C(N=Nc1ccc(S(=O)(=O)O)cc1[N+](=O)[O-])C(=O)Nc1ccccc1C,0,OK,3222,CC(=O)C(N=Nc1ccc(S(=O)(=O)O)cc1[N+](=O)[O-])C(=O)Nc1ccccc1C
3228,CNC(=O)c1cc(C#N)cc(C)c1NC(=O)c1cc(Cn2nnc(C(F)(F)F)n2)nn1-c1ncccc1Cl,0,OK,3228,CNC(=O)c1cc(C#N)cc(C)c1NC(=O)c1cc(Cn2nnc(C(F)(F)F)n2)nn1-c1ncccc1Cl
3233,CCCCC(C=O)CC,0,OK,3233,CCCCC(C=O)CC
3234,CCc1ccc(O)cc1,0,OK,3234,CCc1ccc(O)cc1
3236,COc1ccc(C=O)cc1,0,OK,3236,COc1ccc(C=O)cc1
3242,Nc1ccc(O)cc1,1,OK,3242,Nc1ccc(O)cc1
3243,Oc1ccc(O)cc1,1,OK,3243,Oc1ccc(O)cc1
3245,C=CC(=C)CCC=C(C)C,0,OK,3245,C=CC(=C)CCC=C(C)C
3246,CCC=O,0,OK,3246,CCC=O
3250,CC(C)CCO,0,OK,3250,CC(C)CCO
3251,CC(=O)CC(C)=O,0,OK,3251,CC(=O)CC(C)=O
3253,CCC(=O)OC(=O)CC,0,OK,3253,CCC(=O)OC(=O)CC
3258,C1CCNC1,0,OK,3258,C1CCNC1
3260,NC(=O)N=NC(N)=O,0,OK,3260,NC(=O)N=NC(N)=O
3262,CCCCOC(C)=O,0,OK,3262,CCCCOC(C)=O
3263,C1COCCO1,0,OK,3263,C1COCCO1
3264,CC(=O)OCCC(C)C,0,OK,3264,CC(=O)OCCC(C)C
3273,CC1=NNC(=O)N(N=Cc2cccnc2)C1,0,OK,3273,CC1=NNC(=O)N(N=Cc2cccnc2)C1
3286,O=C(O)CN(CCN(CC(=O)O)CC(=O)O)CCN(CC(=O)O)CC(=O)O,0,OK,3286,O=C(O)CN(CCN(CC(=O)O)CC(=O)O)CCN(CC(=O)O)CC(=O)O
3287,O=S(=O)(O)c1cc(O)c(N=Nc2c(O)ccc3ccccc23)c2ccccc12,0,OK,3287,O=S(=O)(O)c1cc(O)c(N=Nc2c(O)ccc3ccccc23)c2ccccc12
3290,C=CCNCC=C,0,OK,3290,C=CCNCC=C
3293,NCCCCCCN,0,OK,3293,NCCCCCCN
3298,CCCCCCCCC=O,0,OK,3298,CCCCCCCCC=O
3299,CCCCCCCCCCCCN,0,OK,3299,CCCCCCCCCCCCN
3301,CCCCCCCCCCCCCCCCCCN(C)C,0,OK,3301,CCCCCCCCCCCCCCCCCCN(C)C
3302,CCCCCCCCCCCCCCCCCCN,0,OK,3302,CCCCCCCCCCCCCCCCCCN
3304,NC(N)=O,0,OK,3304,NC(N)=O
3305,CS(=O)(=O)Cl,0,OK,3305,CS(=O)(=O)Cl
3306,CC(C)(N)CO,0,OK,3306,CC(C)(N)CO
3308,CC1(C)C2CCC1(C)C(O)C2,0,OK,3308,CC1(C)C2CCC1(C)C(O)C2
3309,C=CCCCCCCCCC=CC#N,0,OK,3309,C=CCCCCCCCCC=CC#N
3312,CC1(C)CC(N(C=O)CCCCCCN(C=O)C2CC(C)(C)NC(C)(C)C2)CC(C)(C)N1,0,OK,3312,CC1(C)CC(N(C=O)CCCCCCN(C=O)C2CC(C)(C)NC(C)(C)C2)CC(C)(C)N1
3315,Fc1ccc(Oc2ccnc3cc(Cl)cc(Cl)c23)cc1,0,OK,3315,Fc1ccc(Oc2ccnc3cc(Cl)cc(Cl)c23)cc1
3318,CCC(C)c1cc(N=Nc2ccc(Cl)c(Cl)c2)cc(C(C)CC)c1O,0,OK,3318,CCC(C)c1cc(N=Nc2ccc(Cl)c(Cl)c2)cc(C(C)CC)c1O
3326,Oc1ccccc1-c1nc(Nc2ccccc2)nc(-c2ccccc2O)n1,0,OK,3326,Oc1ccccc1-c1nc(Nc2ccccc2)nc(-c2ccccc2O)n1
3327,CC(=O)OC1CC2CCC1(C)C2(C)C,0,OK,3327,CC(=O)OC1CC2CCC1(C)C2(C)C
3337,CC1CC(C)(C)c2cccc(N)c21,0,OK,3337,CC1CC(C)(C)c2cccc(N)c21
3341,C[N+]1(CC(=O)NN=Cc2ccccc2O)CCOCC1,0,OK,3341,C[N+]1(CC(=O)NN=Cc2ccccc2O)CCOCC1
3352,CC1COC(C)(CCC(=O)OCCCCOC(=O)CCC2(C)OCC(C)O2)O1,0,OK,3352,CC1COC(C)(CCC(=O)OCCCCOC(=O)CCC2(C)OCC(C)O2)O1
3365,NCCO,0,OK,3365,NCCO
3366,C=C(C)C#N,0,OK,3366,C=C(C)C#N
3367,C=CC(=C)Cl,0,OK,3367,C=CC(=C)Cl
3369,CCCCC(CC)COP1Oc2c(cc(C(C)(C)C)cc2C(C)(C)C)Cc2cc(C(C)(C)C)cc(C(C)(C)C)c2O1,0,OK,3369,CCCCC(CC)COP1Oc2c(cc(C(C)(C)C)cc2C(C)(C)C)Cc2cc(C(C)(C)C)cc(C(C)(C)C)c2O1
3372,[Mo],0,OK,3372,[Mo]
3373,CC(C)(C)c1ccc(OC(=O)c2cc(C(C)(C)C)c(O)c(C(C)(C)C)c2)c(C2C(=O)Oc3ccc(C(C)(C)C)cc32)c1,0,OK,3373,CC(C)(C)c1ccc(OC(=O)c2cc(C(C)(C)C)c(O)c(C(C)(C)C)c2)c(C2C(=O)Oc3ccc(C(C)(C)C)cc32)c1
3381,O=C1CCC(O)C2C3CCC(C3=C(Cl)Cl)C12,0,OK,3381,O=C1CCC(O)C2C3CCC(C3=C(Cl)Cl)C12
3390,[Co+2],0,OK,3390,[Co+2]
3395,O=[N+]([O-])c1cc(N=Nc2cc(N=Nc3cccc4cc(S(=O)(=O)O)ccc34)c(O)cc2O)c(O)c([N+](=O)[O-])c1,0,OK,3395,O=[N+]([O-])c1cc(N=Nc2cc(N=Nc3cccc4cc(S(=O)(=O)O)ccc34)c(O)cc2O)c(O)c([N+](=O)[O-])c1
3396,CCCOc1ccc(C2=c3cc4c(cc3OC2=O)=C(c2ccc(OCC(=O)OCCOCC)cc2)C(=O)O4)cc1,0,OK,3396,CCCOc1ccc(C2=c3cc4c(cc3OC2=O)=C(c2ccc(OCC(=O)OCCOCC)cc2)C(=O)O4)cc1
3397,COc1cc(N=CN(C)C)c(C#N)cc1[N+](=O)[O-],1,OK,3397,COc1cc(N=CN(C)C)c(C#N)cc1[N+](=O)[O-]
3398,CO[Si](OC)(C1CCCC1)C1CCCC1,0,OK,3398,CO[Si](OC)(C1CCCC1)C1CCCC1
3399,CC(C)=NO,0,OK,3399,CC(C)=NO
3406,CC(=O)OCC=C(C)C=CC=C(C)C=CC1=C(C)CCCC1(C)C,0,OK,3406,CC(=O)OCC=C(C)C=CC=C(C)C=CC1=C(C)CCCC1(C)C
3407,CC(=O)C(C)=CC1C(C)=CCCC1(C)C,0,OK,3407,CC(=O)C(C)=CC1C(C)=CCCC1(C)C
3408,O=S(=O)(NCl)c1ccccc1,0,OK,3408,O=S(=O)(NCl)c1ccccc1
3410,O=[N+]([O-])c1cccc(S(=O)(=O)O)c1,0,OK,3410,O=[N+]([O-])c1cccc(S(=O)(=O)O)c1
3423,[Zn+2],0,OK,3423,[Zn+2]
3425,CCCCO,0,OK,3425,CCCCO
3430,CN(C)C(=S)S,0,OK,3430,CN(C)C(=S)S
3434,O=C1NS(=O)(=O)c2ccccc21,0,OK,3434,O=C1NS(=O)(=O)c2ccccc21
3441,CCCc1nc2c(C)cc(-c3nc4ccccc4n3C)cc2[nH]1,0,OK,3441,CCCc1nc2c(C)cc(-c3nc4ccccc4n3C)cc2[nH]1
3442,O=C(CCCCCN1C(=O)c2ccccc2C1=O)OO,0,OK,3442,O=C(CCCCCN1C(=O)c2ccccc2C1=O)OO
3453,CCN(CC)c1ccc(C(=C2C=CC(=[N+](CC)CC)C=C2)c2ccc(S(=O)(=O)O)cc2S(=O)(=O)[O-])cc1,0,OK,3453,CCN(CC)c1ccc(C(=C2C=CC(=[N+](CC)CC)C=C2)c2ccc(S(=O)(=O)O)cc2S(=O)(=O)[O-])cc1
3455,O=S(=O)(O)OCCS(=O)(=O)c1ccc(N=Nc2c(S(=O)(=O)O)cc3cc(Nc4nc(Cl)nc(Cl)n4)ccc3c2O)cc1,0,OK,3455,O=S(=O)(O)OCCS(=O)(=O)c1ccc(N=Nc2c(S(=O)(=O)O)cc3cc(Nc4nc(Cl)nc(Cl)n4)ccc3c2O)cc1
3471,CC(C)c1nn(C(=O)NC(C)(C)C)c(=O)n1N,0,OK,3471,CC(C)c1nn(C(=O)NC(C)(C)C)c(=O)n1N
3474,Cc1ccc2nc(-c3ccc(N)cc3)sc2c1S(=O)(=O)O,0,OK,3474,Cc1ccc2nc(-c3ccc(N)cc3)sc2c1S(=O)(=O)O
3477,Cc1ccc(S(=O)(=O)O)cc1C,0,OK,3477,Cc1ccc(S(=O)(=O)O)cc1C
3480,CC(C)COC(=S)S,0,OK,3480,CC(C)COC(=S)S
3481,CCCCCCCCCCCCCOP(OCCCCCCCCCCCCC)Oc1cc(C)c(C(CCC)c2cc(C(C)(C)C)c(OP(OCCCCCCCCCCCCC)OCCCCCCCCCCCCC)cc2C)cc1C(C)(C)C,0,OK,3481,CCCCCCCCCCCCCOP(OCCCCCCCCCCCCC)Oc1cc(C)c(C(CCC)c2cc(C(C)(C)C)c(OP(OCCCCCCCCCCCCC)OCCCCCCCCCCCCC)cc2C)cc1C(C)(C)C
3483,O=C(O)C(O)C(O)C(O)C(O)C(O)CO,0,OK,3483,O=C(O)C(O)C(O)C(O)C(O)C(O)CO
3495,CC(=O)Nc1cc(Nc2nc(Nc3ccc(N=Nc4cccc(S(=O)(=O)O)c4)c(NC(C)=O)c3)nc(N3CCOCC3)n2)ccc1N=Nc1cccc(S(=O)(=O)O)c1,0,OK,3495,CC(=O)Nc1cc(Nc2nc(Nc3ccc(N=Nc4cccc(S(=O)(=O)O)c4)c(NC(C)=O)c3)nc(N3CCOCC3)n2)ccc1N=Nc1cccc(S(=O)(=O)O)c1
3497,[Ga]#[As],0,OK,3497,[Ga]#[As]
3507,C=CC(=O)OCCCCCCOC(=O)C=C,0,OK,3507,C=CC(=O)OCCCCCCOC(=O)C=C
3512,CCCCC(CC)C(=O)OOC(C)(C)CCC(C)(C)OOC(=O)C(CC)CCCC,0,OK,3512,CCCCC(CC)C(=O)OOC(C)(C)CCC(C)(C)OOC(=O)C(CC)CCCC
3514,[O]=[Cd],0,OK,3514,[O]=[Cd]
3517,[O]=[Ce]=[O],0,OK,3517,[O]=[Ce]=[O]
3523,CCCC=C(C#N)c1ccccc1,0,OK,3523,CCCC=C(C#N)c1ccccc1
3526,[O]=[Cr][O][Cr]=[O],0,OK,3526,[O]=[Cr][O][Cr]=[O]
3532,[Sb+3],0,OK,3532,[Sb+3]
3541,C=CCOC(=O)c1ccccc1C(=O)OCC=C,0,OK,3541,C=CCOC(=O)c1ccccc1C(=O)OCC=C
3552,CC(C)OC(=O)Oc1ccccc1C(=O)OOC(=O)c1ccccc1,0,OK,3552,CC(C)OC(=O)Oc1ccccc1C(=O)OOC(=O)c1ccccc1
3554,[In+3],0,OK,3554,[In+3]
3563,[O]=[Mn]=[O],0,OK,3563,[O]=[Mn]=[O]
3564,[O]=[Mo](=[O])=[O],0,OK,3564,[O]=[Mo](=[O])=[O]
3565,S,0,OK,3565,S
3567,[Nd+3],0,OK,3567,[Nd+3]
3574,[O]=[V][O][V]=[O],0,OK,3574,[O]=[V][O][V]=[O]
3578,[O]=[V](=[O])[O][V](=[O])=[O],0,OK,3578,[O]=[V](=[O])[O][V](=[O])=[O]
3581,[S]=[Sr],0,OK,3581,[S]=[Sr]
3582,C=CC(=O)OCCCCOC(=O)Oc1ccc(C(=O)c2ccccc2)cc1,0,OK,3582,C=CC(=O)OCCCCOC(=O)Oc1ccc(C(=O)c2ccccc2)cc1
3585,SCCSCC(CS)SCCS,0,OK,3585,SCCSCC(CS)SCCS
3589,C=CNC=O,0,OK,3589,C=CNC=O
3591,[S]=[Fe],0,OK,3591,[S]=[Fe]
3592,[O]=[Cu],0,OK,3592,[O]=[Cu]
3594,[S]=[Cu],0,OK,3594,[S]=[Cu]
3595,[S]=[Co],0,OK,3595,[S]=[Co]
3598,CC(C)(C)c1ccc(C(=O)[O][Al][O]C(=O)c2ccc(C(C)(C)C)cc2)cc1,0,OK,3598,CC(C)(C)c1ccc(C(=O)[O][Al][O]C(=O)c2ccc(C(C)(C)C)cc2)cc1
3603,CCCC1CC(C)(OC(C)=O)CCO1,0,OK,3603,CCCC1CC(C)(OC(C)=O)CCO1
3615,Oc1ccccc1-c1ccccc1,0,OK,3615,Oc1ccccc1-c1ccccc1
3618,NC(=O)NCCO,0,OK,3618,NC(=O)NCCO
3619,Cc1ccccc1[N+](=O)[O-],0,OK,3619,Cc1ccccc1[N+](=O)[O-]
3623,COC(F)(C(F)(F)C(F)(F)F)C(F)(C(F)(F)F)C(F)(F)F,0,OK,3623,COC(F)(C(F)(F)C(F)(F)F)C(F)(C(F)(F)F)C(F)(F)F
3626,C=C(C)C(=O)OCC[N+](C)(C)CC,0,OK,3626,C=C(C)C(=O)OCC[N+](C)(C)CC
3627,CCCCCCCCCCCCCCCCC(O)C(=O)OC(CO)CO,0,OK,3627,CCCCCCCCCCCCCCCCC(O)C(=O)OC(CO)CO
3628,C(OCC1CO1)C(COCC1CO1)OCC1CO1,1,OK,3628,C(OCC1CO1)C(COCC1CO1)OCC1CO1
3631,C1=CC(=C(c2ccc(Nc3ccccc3)cc2)c2ccc(Nc3ccccc3)cc2)C=CC1=Nc1ccccc1,0,OK,3631,C1=CC(=C(c2ccc(Nc3ccccc3)cc2)c2ccc(Nc3ccccc3)cc2)C=CC1=Nc1ccccc1
3632,COc1ccc(C2CC(=O)c3c(O)cc(OC4OC(CO)C(O)C(O)C4OC4OC(C)C(O)C(O)C4O)cc3O2)cc1O,0,OK,3632,COc1ccc(C2CC(=O)c3c(O)cc(OC4OC(CO)C(O)C(O)C4OC4OC(C)C(O)C(O)C4O)cc3O2)cc1O
3644,O=S(=O)(CCOS(=O)(=O)O)CCN(c1ccccc1)c1nc(Cl)nc(Nc2ccc3c(O)c(N=Nc4ccc(N=Nc5ccc(S(=O)(=O)O)cc5)cc4S(=O)(=O)O)c(S(=O)(=O)O)cc3c2S(=O)(=O)O)n1,0,OK,3644,O=S(=O)(CCOS(=O)(=O)O)CCN(c1ccccc1)c1nc(Cl)nc(Nc2ccc3c(O)c(N=Nc4ccc(N=Nc5ccc(S(=O)(=O)O)cc5)cc4S(=O)(=O)O)c(S(=O)(=O)O)cc3c2S(=O)(=O)O)n1
3651,CCN(CCO)c1ccc(NCCO)c([N+](=O)[O-])c1,0,OK,3651,CCN(CCO)c1ccc(NCCO)c([N+](=O)[O-])c1
3659,O=C1C2CC=CCC2C(=O)N1SC(Cl)(Cl)Cl,0,OK,3659,O=C1C2CC=CCC2C(=O)N1SC(Cl)(Cl)Cl
3662,O=S(=O)(O)c1cc(Nc2nc(Nc3ccccc3)nc(Nc3ccccc3)n2)ccc1C=Cc1ccc(Nc2nc(Nc3ccccc3)nc(Nc3ccccc3)n2)cc1S(=O)(=O)O,0,OK,3662,O=S(=O)(O)c1cc(Nc2nc(Nc3ccccc3)nc(Nc3ccccc3)n2)ccc1C=Cc1ccc(Nc2nc(Nc3ccccc3)nc(Nc3ccccc3)n2)cc1S(=O)(=O)O
3665,CC(C)CCCCCOC(=O)CCCCC(=O)OCCCCCC(C)C,0,OK,3665,CC(C)CCCCCOC(=O)CCCCC(=O)OCCCCCC(C)C
3672,OB1OB2OB(O)OB(O1)O2,0,OK,3672,OB1OB2OB(O)OB(O1)O2
3679,O=C1c2ccccc2C(=O)N1CCC1CC(O)CC(O)O1,0,OK,3679,O=C1c2ccccc2C(=O)N1CCC1CC(O)CC(O)O1
3680,Cc1cccc(S(=O)(=O)O)c1N=Nc1c(N)nc(N)[nH]c1=O,0,OK,3680,Cc1cccc(S(=O)(=O)O)c1N=Nc1c(N)nc(N)[nH]c1=O
3681,COC(=O)C(C#N)=Cc1cccc2c1OC(F)(F)O2,0,OK,3681,COC(=O)C(C#N)=Cc1cccc2c1OC(F)(F)O2
3688,CCC(=O)C=CC1C(C)=CCCC1(C)C,0,OK,3688,CCC(=O)C=CC1C(C)=CCCC1(C)C
3703,CCC[CH2][Sn][Cl],0,OK,3703,CCC[CH2][Sn][Cl]
3718,Fc1ccc(C2(Cn3cncn3)OC2c2ccccc2Cl)cc1,0,OK,3718,Fc1ccc(C2(Cn3cncn3)OC2c2ccccc2Cl)cc1
3722,O=S(=O)(O)CCN(O)CCS(=O)(=O)O,0,OK,3722,O=S(=O)(O)CCN(O)CCS(=O)(=O)O
3723,O=C1OC(C(O)CO)C(O)=C1O,0,OK,3723,O=C1OC(C(O)CO)C(O)=C1O
3728,Cc1ccc(C(=O)c2ccccc2)cc1,0,OK,3728,Cc1ccc(C(=O)c2ccccc2)cc1
3731,[Cs+],0,OK,3731,[Cs+]
3733,OC(Cn1cnnn1)(c1ccc(F)cc1F)C(F)(F)c1ccc(-c2ccc(OCC(F)(F)F)cc2)cn1,0,OK,3733,OC(Cn1cnnn1)(c1ccc(F)cc1F)C(F)(F)c1ccc(-c2ccc(OCC(F)(F)F)cc2)cn1
3737,CC(C)(C1CCC(OCC2CO2)CC1)C1CCC(OCC2CO2)CC1,0,OK,3737,CC(C)(C1CCC(OCC2CO2)CC1)C1CCC(OCC2CO2)CC1
3745,[Al+3],0,OK,3745,[Al+3]
3746,[O]=[Mn],0,OK,3746,[O]=[Mn]
3751,[S]=[Sb][S][Sb]=[S],0,OK,3751,[S]=[Sb][S][Sb]=[S]
3758,C=CCOC(=O)C(C)(C)OC(=O)c1cc(-n2c(=O)cc(C(F)(F)F)n(C)c2=O)ccc1Cl,0,OK,3758,C=CCOC(=O)C(C)(C)OC(=O)c1cc(-n2c(=O)cc(C(F)(F)F)n(C)c2=O)ccc1Cl
3764,Cl[Si](Cl)(Cl)[Si](Cl)(Cl)Cl,0,OK,3764,Cl[Si](Cl)(Cl)[Si](Cl)(Cl)Cl
3784,Oc1ccc2ccccc2c1,0,OK,3784,Oc1ccc2ccccc2c1
3785,O=C(O)CN(CCO)CC(=O)O,0,OK,3785,O=C(O)CN(CCO)CC(=O)O
3786,O=C(Nc1ccccc1SSc1ccccc1NC(=O)c1ccccc1)c1ccccc1,0,OK,3786,O=C(Nc1ccccc1SSc1ccccc1NC(=O)c1ccccc1)c1ccccc1
3792,CCO[Si](C)(CCCCl)OCC,0,OK,3792,CCO[Si](C)(CCCCl)OCC
3801,[V],0,OK,3801,[V]
3813,CC(=O)Nc1cc(N)c(S(=O)(=O)O)cc1N=Nc1cccc(S(=O)(=O)CCOS(=O)(=O)O)c1,0,OK,3813,CC(=O)Nc1cc(N)c(S(=O)(=O)O)cc1N=Nc1cccc(S(=O)(=O)CCOS(=O)(=O)O)c1
3817,CCOC(=O)C1=NN(c2ccc(Cl)cc2Cl)C(C)(C(=O)OCC)C1,0,OK,3817,CCOC(=O)C1=NN(c2ccc(Cl)cc2Cl)C(C)(C(=O)OCC)C1
3820,C=CCCCCCCCC(=O)N(C)C,0,OK,3820,C=CCCCCCCCC(=O)N(C)C
3825,CCCCCCCCCCCCCCCCCC(=O)O,0,OK,3825,CCCCCCCCCCCCCCCCCC(=O)O
3829,[O]=[V]([OH])([OH])[OH],0,OK,3829,[O]=[V]([OH])([OH])[OH]
3839,CCCCN(CCCC)C(=S)S,0,OK,3839,CCCCN(CCCC)C(=S)S
3840,CCCCC(CC)C(=O)O,0,OK,3840,CCCCC(CC)C(=O)O
3849,CCOC(=O)CC(NC1CCC(CC2CCC(NC(CC(=O)OCC)C(=O)OCC)C(C)C2)CC1C)C(=O)OCC,0,OK,3849,CCOC(=O)CC(NC1CCC(CC2CCC(NC(CC(=O)OCC)C(=O)OCC)C(C)C2)CC1C)C(=O)OCC
3853,C=CC(=O)OCCN=C=O,0,OK,3853,C=CC(=O)OCCN=C=O
3865,CCOC(=O)Nc1cccc(OC(=O)Nc2ccccc2)c1,0,OK,3865,CCOC(=O)Nc1cccc(OC(=O)Nc2ccccc2)c1
3867,Nc1ncnc2c1ncn2C1OC(COP(=O)(O)O)C(O)C1O,0,OK,3867,Nc1ncnc2c1ncn2C1OC(COP(=O)(O)O)C(O)C1O
3868,ON=C1CCCC2=C1C1CCC2C1=C(Cl)Cl,0,OK,3868,ON=C1CCCC2=C1C1CCC2C1=C(Cl)Cl
3871,CCOC(=O)C(C)CC(Cc1ccc(-c2ccccc2)cc1)NC(=O)CCC(=O)O,0,OK,3871,CCOC(=O)C(C)CC(Cc1ccc(-c2ccccc2)cc1)NC(=O)CCC(=O)O
3873,CCCCCCCC1CCCC1=O,0,OK,3873,CCCCCCCC1CCCC1=O
3874,C=C(C#N)C(=O)OC,0,OK,3874,C=C(C#N)C(=O)OC
3877,CCC(C)CO,0,OK,3877,CCC(C)CO
3883,O=BO,0,OK,3883,O=BO
3894,[O]=[V](=[O])[OH],0,OK,3894,[O]=[V](=[O])[OH]
3898,CC(O)C(=O)O,0,OK,3898,CC(O)C(=O)O
3905,Cc1ccc(OCC(=O)N(Cc2cccs2)c2ccn[nH]2)cc1,0,OK,3905,Cc1ccc(OCC(=O)N(Cc2cccs2)c2ccn[nH]2)cc1
3910,Cl[Si](Cl)(Cl)[Si](Cl)(Cl)[Si](Cl)(Cl)[Si](Cl)(Cl)Cl,0,OK,3910,Cl[Si](Cl)(Cl)[Si](Cl)(Cl)[Si](Cl)(Cl)[Si](Cl)(Cl)Cl
3916,NS(=O)(=O)O,0,OK,3916,NS(=O)(=O)O
3923,CC1(O)CC(C)(O)OO1,0,OK,3923,CC1(O)CC(C)(O)OO1
3924,CCCCC(=O)N(Cc1ccc(-c2ccccc2-c2nn[nH]n2)cc1)C(C(=O)O)C(C)C,0,OK,3924,CCCCC(=O)N(Cc1ccc(-c2ccccc2-c2nn[nH]n2)cc1)C(C(=O)O)C(C)C
3925,CCCCC(=O)N(Cc1ccc(-c2ccccc2-c2nn[nH]n2)cc1)C(C(=O)OCc1ccccc1)C(C)C,0,OK,3925,CCCCC(=O)N(Cc1ccc(-c2ccccc2-c2nn[nH]n2)cc1)C(C(=O)OCc1ccccc1)C(C)C
3932,CCCCCCCCCCCCCCCC[N+](C)(C)C,0,OK,3932,CCCCCCCCCCCCCCCC[N+](C)(C)C
3935,C=CN1CCN(C=C)C1=O,0,OK,3935,C=CN1CCN(C=C)C1=O
3936,COc1ccc2cccc(CC#N)c2c1,0,OK,3936,COc1ccc2cccc(CC#N)c2c1
3943,O=[N+]([O-])N=C1NCCN1Cc1ccc(Cl)nc1,0,OK,3943,O=[N+]([O-])N=C1NCCN1Cc1ccc(Cl)nc1
3944,[F][Zn-]([F])[F],0,OK,3944,[F][Zn-]([F])[F]
3953,FC(C(F)C(F)(F)C(F)(F)F)C(F)(F)F,0,OK,3953,FC(C(F)C(F)(F)C(F)(F)F)C(F)(F)F
3956,[F][Al-]([F])([F])[F],0,OK,3956,[F][Al-]([F])([F])[F]
3959,CN(CCO)c1nc(Nc2ccccc2)nc(Nc2ccc(C=Cc3ccc(Nc4nc(Nc5ccccc5)nc(N(C)CCO)n4)cc3S(=O)(=O)O)c(S(=O)(=O)O)c2)n1,0,OK,3959,CN(CCO)c1nc(Nc2ccccc2)nc(Nc2ccc(C=Cc3ccc(Nc4nc(Nc5ccccc5)nc(N(C)CCO)n4)cc3S(=O)(=O)O)c(S(=O)(=O)O)c2)n1
3965,C[Si](C)(c1ccccc1)C1CC=C(CO)C1C(=O)OC(O)(c1ccc([N+](=O)[O-])cc1)C(N)CO,0,OK,3965,C[Si](C)(c1ccccc1)C1CC=C(CO)C1C(=O)OC(O)(c1ccc([N+](=O)[O-])cc1)C(N)CO
3970,O=C(O)CN(CC(=O)O)CC(=O)O,0,OK,3970,O=C(O)CN(CC(=O)O)CC(=O)O
3971,O=C(O)CN(CCN(CC(=O)O)CC(=O)O)CC(=O)O,0,OK,3971,O=C(O)CN(CCN(CC(=O)O)CC(=O)O)CC(=O)O
3988,O=P(O)(O)OP(=O)(O)OP(=O)(O)O,0,OK,3988,O=P(O)(O)OP(=O)(O)OP(=O)(O)O
3993,CCC(O)COC1CCCCC1C(C)(C)C,0,OK,3993,CCC(O)COC1CCCCC1C(C)(C)C
4001,C#N,0,OK,4001,C#N
4016,C=CC(=O)OCC,0,OK,4016,C=CC(=O)OCC
4017,CCOC(=S)S,0,OK,4017,CCOC(=S)S
4019,CC(C)OC(=S)S,0,OK,4019,CC(C)OC(=S)S
4020,O=C(NCO)NCO,0,OK,4020,O=C(NCO)NCO
4042,[Bi+3],0,OK,4042,[Bi+3]
4046,F[B-](F)(F)F,0,OK,4046,F[B-](F)(F)F
4049,CCCCC(CC)C1OCCN1CCOC(=O)NCCCCCCNC(=O)OCCN1CCOC1C(CC)CCCC,0,OK,4049,CCCCC(CC)C1OCCN1CCOC(=O)NCCCCCCNC(=O)OCCN1CCOC1C(CC)CCCC
4063,CCO,0,OK,4063,CCO
4068,CCOC(C)=O,0,OK,4068,CCOC(C)=O
4069,CC(=O)C=C(C)C,0,OK,4069,CC(=O)C=C(C)C
4071,CC1CNCC(C)O1,0,OK,4071,CC1CNCC(C)O1
4073,CCNC(=S)OC(C)C,0,OK,4073,CCNC(=S)OC(C)C
4093,CCOCCOC(=O)C(C#N)=C1C=C(NCCCOC)CCC1,0,OK,4093,CCOCCOC(=O)C(C#N)=C1C=C(NCCCOC)CCC1
4106,NC(CCC(=O)O)C(=O)O,0,OK,4106,NC(CCC(=O)O)C(=O)O
4114,C=C(C)C(=O)OCCCCCCCCCCCC,0,OK,4114,C=C(C)C(=O)OCCCCCCCCCCCC
4120,CC(N)=CC(=O)OC(C)C,0,OK,4120,CC(N)=CC(=O)OC(C)C
4127,C1CC(COCC2CO2)CCC1COCC1CO1,0,OK,4127,C1CC(COCC2CO2)CCC1COCC1CO1
4142,CC(C)C(=O)Nc1nc(-c2ccc(O)cc2O)cs1,0,OK,4142,CC(C)C(=O)Nc1nc(-c2ccc(O)cc2O)cs1
4149,CCCCCCCCCO,0,OK,4149,CCCCCCCCCO
4152,CCCCOCCOCCOCCO,0,OK,4152,CCCCOCCOCCOCCO
4154,COCCOCCOCCOCCOC,0,OK,4154,COCCOCCOCCOCCOC
4156,CCCCCCCCC=CCCCCCCCCO,0,OK,4156,CCCCCCCCC=CCCCCCCCCO
4157,CCCCOCCOCCOCOCCOCCOCCCC,0,OK,4157,CCCCOCCOCCOCOCCOCCOCCCC
4172,CON=C(C(=O)OC)c1ccccc1COc1ccccc1C,0,OK,4172,CON=C(C(=O)OC)c1ccccc1COc1ccccc1C
4187,OCC(O)CO,0,OK,4187,OCC(O)CO
4189,CC(C)(C)OC(=O)NC(Cc1ccccc1)CC(O)C(N)Cc1ccccc1,0,OK,4189,CC(C)(C)OC(=O)NC(Cc1ccccc1)CC(O)C(N)Cc1ccccc1
4195,CCCCC(CC)COC(=O)CCc1cc(C(C)(C)C)c(O)c(C(C)(C)C)c1,0,OK,4195,CCCCC(CC)COC(=O)CCc1cc(C(C)(C)C)c(O)c(C(C)(C)C)c1
4232,CCCSc1nc(Cl)c([N+](=O)[O-])c(Cl)n1,0,OK,4232,CCCSc1nc(Cl)c([N+](=O)[O-])c(Cl)n1
4234,COC(=O)c1cccc(C(=O)OC)c1,0,OK,4234,COC(=O)c1cccc(C(=O)OC)c1
4238,[Cl][Zn-2]([Cl])([Cl])[Cl],0,OK,4238,[Cl][Zn-2]([Cl])([Cl])[Cl]
4241,CCCCCC(C)(CC)C(=O)OOC(C)(C)CC(C)O,0,OK,4241,CCCCCC(C)(CC)C(=O)OOC(C)(C)CC(C)O
4243,CC(=O)NC1CC(C)(C)N([O])C(C)(C)C1,0,OK,4243,CC(=O)NC1CC(C)(C)N([O])C(C)(C)C1
4258,CC1CCC(C(C)C)C(OC(=O)C2OC(O)CS2)C1,0,OK,4258,CC1CCC(C(C)C)C(OC(=O)C2OC(O)CS2)C1
4302,NCc1cccc(CN)c1,0,OK,4302,NCc1cccc(CN)c1
4303,CCC(O)COc1ccc(N=Nc2ccc(N=Nc3cccc(S(=O)(=O)O)c3)c(NC(C)=O)c2)cc1,0,OK,4303,CCC(O)COc1ccc(N=Nc2ccc(N=Nc3cccc(S(=O)(=O)O)c3)c(NC(C)=O)c2)cc1
4307,Oc1ccc(C(c2ccc(O)cc2)(C(F)(F)F)C(F)(F)F)cc1,0,OK,4307,Oc1ccc(C(c2ccc(O)cc2)(C(F)(F)F)C(F)(F)F)cc1
4316,COc1ncc(F)c(=O)[nH]1,0,OK,4316,COc1ncc(F)c(=O)[nH]1
4319,O=C(CCCCCCCCCCC(=O)OCCOc1ccc(-c2nc(-c3ccccc3)nc(-c3ccccc3)n2)c(O)c1)OCCOc1ccc(-c2nc(-c3ccccc3)nc(-c3ccccc3)n2)c(O)c1,0,OK,4319,O=C(CCCCCCCCCCC(=O)OCCOc1ccc(-c2nc(-c3ccccc3)nc(-c3ccccc3)n2)c(O)c1)OCCOc1ccc(-c2nc(-c3ccccc3)nc(-c3ccccc3)n2)c(O)c1
4323,CCC(C)(C)C(=O)OC1=C(c2ccc(Cl)cc2Cl)C(=O)OC12CCCCC2,0,OK,4323,CCC(C)(C)C(=O)OC1=C(c2ccc(Cl)cc2Cl)C(=O)OC12CCCCC2
4328,CCCCC(CC)COC(=O)OCC(CC)CCCC,0,OK,4328,CCCCC(CC)COC(=O)OCC(CC)CCCC
4338,OCC(O)C(O)CO,0,OK,4338,OCC(O)C(O)CO
4339,O=S(O)CO,1,OK,4339,O=S(O)CO
4344,C=CC(=O)OCC(CCC)CCCCC,0,OK,4344,C=CC(=O)OCC(CCC)CCCCC
4346,CCOC(=O)C=C(C)O,0,OK,4346,CCOC(=O)C=C(C)O
4354,COC(=O)CN(CC(=O)OC)c1ccc(N=Nc2ccc([N+](=O)[O-])cc2C#N)c(NC(C)=O)c1,0,OK,4354,COC(=O)CN(CC(=O)OC)c1ccc(N=Nc2ccc([N+](=O)[O-])cc2C#N)c(NC(C)=O)c1
4359,O=C(O)CN(CCO)CCN(CC(=O)O)CC(=O)O,0,OK,4359,O=C(O)CN(CCO)CCN(CC(=O)O)CC(=O)O
4360,CN(C)C(=O)Nc1ccc(Cl)cc1,1,OK,4360,CN(C)C(=O)Nc1ccc(Cl)cc1
4361,COc1ccc(O)cc1,0,OK,4361,COc1ccc(O)cc1
4362,COc1ccc(OC)cc1,0,OK,4362,COc1ccc(OC)cc1
4363,CC(=O)OCCC(C)CCC=C(C)C,0,OK,4363,CC(=O)OCCC(C)CCC=C(C)C
4368,CC(=O)c1cc2c(cc1C)C(C)(C)C(C)CC2(C)C,0,OK,4368,CC(=O)c1cc2c(cc1C)C(C)(C)C(C)CC2(C)C
4372,CCCCCCCCCCCCOS(=O)(=O)O,0,OK,4372,CCCCCCCCCCCCOS(=O)(=O)O
4382,CCCCC1=NC2(CCCC2)C(=O)N1,0,OK,4382,CCCCC1=NC2(CCCC2)C(=O)N1
4385,CC(C=O)=Cc1ccccc1,0,OK,4385,CC(C=O)=Cc1ccccc1
4387,CC(C)(C)c1cc2c(c(C(C)(C)C)c1)OP(=O)([O][Al][O]P1(=O)Oc3c(cc(C(C)(C)C)cc3C(C)(C)C)Cc3cc(C(C)(C)C)cc(C(C)(C)C)c3O1)Oc1c(cc(C(C)(C)C)cc1C(C)(C)C)C2,0,OK,4387,CC(C)(C)c1cc2c(c(C(C)(C)C)c1)OP(=O)([O][Al][O]P1(=O)Oc3c(cc(C(C)(C)C)cc3C(C)(C)C)Cc3cc(C(C)(C)C)cc(C(C)(C)C)c3O1)Oc1c(cc(C(C)(C)C)cc1C(C)(C)C)C2
4388,S=C(SSCCCCCCSSC(=S)N(Cc1ccccc1)Cc1ccccc1)N(Cc1ccccc1)Cc1ccccc1,0,OK,4388,S=C(SSCCCCCCSSC(=S)N(Cc1ccccc1)Cc1ccccc1)N(Cc1ccccc1)Cc1ccccc1
4390,CC1CC2C3CC(F)C4=CC(=O)C=CC4(C)C3C(O)CC2(C)C1C(=O)CO,0,OK,4390,CC1CC2C3CC(F)C4=CC(=O)C=CC4(C)C3C(O)CC2(C)C1C(=O)CO
4393,c1ccc2[nH]nnc2c1,0,OK,4393,c1ccc2[nH]nnc2c1
4401,FC1CC(F)(F)C(F)(F)C1(F)F,0,OK,4401,FC1CC(F)(F)C(F)(F)C1(F)F
4407,CC(=O)Nc1cc(N(CCOC(C)=O)CCOC(C)=O)ccc1N=Nc1ccc([N+](=O)[O-])cc1Cl,0,OK,4407,CC(=O)Nc1cc(N(CCOC(C)=O)CCOC(C)=O)ccc1N=Nc1ccc([N+](=O)[O-])cc1Cl
4409,CC1CCC(C(C)C)C(O)C1,0,OK,4409,CC1CCC(C(C)C)C(O)C1
4411,CN1COCN=C1N[N+](=O)[O-],0,OK,4411,CN1COCN=C1N[N+](=O)[O-]
4415,CO[Si](CCCN=C=O)(OC)OC,0,OK,4415,CO[Si](CCCN=C=O)(OC)OC
4419,O=C(OCc1cncs1)Oc1ccc([N+](=O)[O-])cc1,0,OK,4419,O=C(OCc1cncs1)Oc1ccc([N+](=O)[O-])cc1
4420,CCC(C)NC1CCC(CC2CCC(NC(C)CC)CC2)CC1,0,OK,4420,CCC(C)NC1CCC(CC2CCC(NC(C)CC)CC2)CC1
4437,CC(=O)OCC(F)F,0,OK,4437,CC(=O)OCC(F)F
4441,CN(C)c1ccc(C2(c3ccc(N(C)C)cc3)OC(=O)c3cc(N(C)C)ccc32)cc1,0,OK,4441,CN(C)c1ccc(C2(c3ccc(N(C)C)cc3)OC(=O)c3cc(N(C)C)ccc32)cc1
4442,CCCCCCCCN(CCO)CCO,0,OK,4442,CCCCCCCCN(CCO)CCO
4446,CCCCCCC[CH2][Sn]1([CH2]CCCCCCC)[O]C(=O)C[S]1,0,OK,4446,CCCCCCC[CH2][Sn]1([CH2]CCCCCCC)[O]C(=O)C[S]1
4449,CCC[CH2][Sn]([CH2]CCC)([O]C(=O)C=CC(=O)OC)[O]C(=O)C=CC(=O)OC,1,OK,4449,CCC[CH2][Sn]([CH2]CCC)([O]C(=O)C=CC(=O)OC)[O]C(=O)C=CC(=O)OC
4452,CCN(c1ccccc1)c1nc(Cl)nc(Nc2cc(S(=O)(=O)O)cc3cc(S(=O)(=O)O)c(N=Nc4cc(NC(=O)C(Br)CBr)ccc4S(=O)(=O)O)c(O)c23)n1,0,OK,4452,CCN(c1ccccc1)c1nc(Cl)nc(Nc2cc(S(=O)(=O)O)cc3cc(S(=O)(=O)O)c(N=Nc4cc(NC(=O)C(Br)CBr)ccc4S(=O)(=O)O)c(O)c23)n1
4455,Cc1cc(CC(C)C[Si](C)(O[Si](C)(C)C)O[Si](C)(C)C)c(O)c(-n2nc3ccccc3n2)c1,0,OK,4455,Cc1cc(CC(C)C[Si](C)(O[Si](C)(C)C)O[Si](C)(C)C)c(O)c(-n2nc3ccccc3n2)c1
4457,CCCCCCC[CH2][Sn]([CH2]CCCCCCC)([S]CC(=O)OCC(CC)CCCC)[S]CC(=O)OCC(CC)CCCC,0,OK,4457,CCCCCCC[CH2][Sn]([CH2]CCCCCCC)([S]CC(=O)OCC(CC)CCCC)[S]CC(=O)OCC(CC)CCCC
4465,N#CN,0,OK,4465,N#CN
4467,CCC(=O)O,0,OK,4467,CCC(=O)O
4469,C=C(C)CS(=O)(=O)O,0,OK,4469,C=C(C)CS(=O)(=O)O
4470,COc1ccc(-c2nc(SC)nc(-c3ccc(OC)cc3O)n2)c(O)c1,0,OK,4470,COc1ccc(-c2nc(SC)nc(-c3ccc(OC)cc3O)n2)c(O)c1
4471,C=C[Si](ON=C(C)CC(C)C)(ON=C(C)CC(C)C)ON=C(C)CC(C)C,0,OK,4471,C=C[Si](ON=C(C)CC(C)C)(ON=C(C)CC(C)C)ON=C(C)CC(C)C
4474,C=CC(=O)OCC(CC)(COC(=O)C=C)COC(=O)C=C,0,OK,4474,C=CC(=O)OCC(CC)(COC(=O)C=C)COC(=O)C=C
4483,CCn1c(O)c(C(N)=O)c(C)c(N=Nc2cc(Nc3nc(Cl)nc(Nc4ccc(S(=O)(=O)CCOS(=O)(=O)O)cc4)n3)ccc2S(=O)(=O)O)c1=O,0,OK,4483,CCn1c(O)c(C(N)=O)c(C)c(N=Nc2cc(Nc3nc(Cl)nc(Nc4ccc(S(=O)(=O)CCOS(=O)(=O)O)cc4)n3)ccc2S(=O)(=O)O)c1=O
4485,C=CC(C#N)OC(C)=O,0,OK,4485,C=CC(C#N)OC(C)=O
4493,Cc1cc(Cl)ccc1O,0,OK,4493,Cc1cc(Cl)ccc1O
4503,Cc1cc(O)ccc1Cl,0,OK,4503,Cc1cc(O)ccc1Cl
4507,CCN(CC)CCCNc1nc(NCCCN(CC)CC)nc(Nc2ccc(-c3ccc(Nc4nc(NCCCN(CC)CC)nc(NCCCN(CC)CC)n4)c4c3C(=O)c3ccccc3C4=O)c3c2C(=O)c2ccccc2C3=O)n1,0,OK,4507,CCN(CC)CCCNc1nc(NCCCN(CC)CC)nc(Nc2ccc(-c3ccc(Nc4nc(NCCCN(CC)CC)nc(NCCCN(CC)CC)n4)c4c3C(=O)c3ccccc3C4=O)c3c2C(=O)c2ccccc2C3=O)n1
4509,Nc1ccc(N=Nc2ccc(S(=O)(=O)Nc3ccc(N=Nc4c(S(=O)(=O)O)cc5cc(S(=O)(=O)O)c(N=Nc6ccccc6)c(O)c5c4N)cc3)cc2)c(N)c1,0,OK,4509,Nc1ccc(N=Nc2ccc(S(=O)(=O)Nc3ccc(N=Nc4c(S(=O)(=O)O)cc5cc(S(=O)(=O)O)c(N=Nc6ccccc6)c(O)c5c4N)cc3)cc2)c(N)c1
4513,CC(C)c1ccc(S(=O)(=O)O)cc1,0,OK,4513,CC(C)c1ccc(S(=O)(=O)O)cc1
4521,CC1=NN(c2ccc(C)cc2)C(=O)C1N=Nc1ccc(-c2ccc(N=NC3C(=O)N(c4ccc(C)cc4)N=C3C)c(Cl)c2)cc1Cl,0,OK,4521,CC1=NN(c2ccc(C)cc2)C(=O)C1N=Nc1ccc(-c2ccc(N=NC3C(=O)N(c4ccc(C)cc4)N=C3C)c(Cl)c2)cc1Cl
4523,CCN(C(=O)n1nnn(-c2ccccc2Cl)c1=O)C1CCCCC1,0,OK,4523,CCN(C(=O)n1nnn(-c2ccccc2Cl)c1=O)C1CCCCC1
4527,CCCCC(=O)OCC(COC(=O)CCCC)(COC(=O)CCCC)COC(=O)CCCC,0,OK,4527,CCCCC(=O)OCC(COC(=O)CCCC)(COC(=O)CCCC)COC(=O)CCCC
4538,O=C1OC2(c3ccccc31)c1cc(Br)c(O)c(Br)c1Oc1c2cc(Br)c(O)c1Br,0,OK,4538,O=C1OC2(c3ccccc31)c1cc(Br)c(O)c(Br)c1Oc1c2cc(Br)c(O)c1Br
4541,O=C(O)c1c(Cl)c(Cl)c(Cl)c(Cl)c1-c1c2cc(Br)c(=O)c(Br)c-2oc2c(Br)c(O)c(Br)cc12,0,OK,4541,O=C(O)c1c(Cl)c(Cl)c(Cl)c(Cl)c1-c1c2cc(Br)c(=O)c(Br)c-2oc2c(Br)c(O)c(Br)cc12
4556,CCN(CC)CCCNc1nc(NCCCN(CC)CC)nc(Nc2ccc3c(O)c(N=Nc4ccc(-c5ccc(N=Nc6c(S(=O)(=O)O)cc7cc(Nc8nc(NCCCN(CC)CC)nc(NCCCN(CC)CC)n8)ccc7c6O)c(O)c5)cc4O)c(S(=O)(=O)O)cc3c2)n1,0,OK,4556,CCN(CC)CCCNc1nc(NCCCN(CC)CC)nc(Nc2ccc3c(O)c(N=Nc4ccc(-c5ccc(N=Nc6c(S(=O)(=O)O)cc7cc(Nc8nc(NCCCN(CC)CC)nc(NCCCN(CC)CC)n8)ccc7c6O)c(O)c5)cc4O)c(S(=O)(=O)O)cc3c2)n1
4557,O=C(O)c1ccccc1C(=O)O,0,OK,4557,O=C(O)c1ccccc1C(=O)O
4565,Clc1ccc2c(c1)-c1nc-2nc2[nH]c(nc3nc(nc4[nH]c(n1)c1ccc(Cl)cc41)-c1ccc(Cl)cc1-3)c1ccc(Cl)cc21,0,OK,4565,Clc1ccc2c(c1)-c1nc-2nc2[nH]c(nc3nc(nc4[nH]c(n1)c1ccc(Cl)cc41)-c1ccc(Cl)cc1-3)c1ccc(Cl)cc21
4572,CCO[Si](CC[Si](OCC)(OCC)OCC)(OCC)OCC,0,OK,4572,CCO[Si](CC[Si](OCC)(OCC)OCC)(OCC)OCC
4575,O=S(=O)(O)c1cc(Nc2nc(Nc3ccccc3)nc(N3CCOCC3)n2)ccc1C=Cc1ccc(Nc2nc(Nc3ccccc3)nc(N3CCOCC3)n2)cc1S(=O)(=O)O,0,OK,4575,O=S(=O)(O)c1cc(Nc2nc(Nc3ccccc3)nc(N3CCOCC3)n2)ccc1C=Cc1ccc(Nc2nc(Nc3ccccc3)nc(N3CCOCC3)n2)cc1S(=O)(=O)O
4581,Nc1c(S(=O)(=O)O)cc(Nc2ccc(S(=O)(=O)CCOS(=O)(=O)O)cc2)c2c1C(=O)c1ccccc1C2=O,0,OK,4581,Nc1c(S(=O)(=O)O)cc(Nc2ccc(S(=O)(=O)CCOS(=O)(=O)O)cc2)c2c1C(=O)c1ccccc1C2=O
4619,C=C(Br)C(=O)Nc1cccc(C(=O)Nc2ccc(S(=O)(=O)O)c3cc(S(=O)(=O)O)c(N=Nc4cc(NC(=O)C(=C)Br)ccc4S(=O)(=O)O)c(O)c23)c1,0,OK,4619,C=C(Br)C(=O)Nc1cccc(C(=O)Nc2ccc(S(=O)(=O)O)c3cc(S(=O)(=O)O)c(N=Nc4cc(NC(=O)C(=C)Br)ccc4S(=O)(=O)O)c(O)c23)c1
4633,FC=CF,0,OK,4633,FC=CF
4635,CC(CNc1ccc2[nH]c3c(Cl)c4oc5c(S(=O)(=O)O)c(NCC(C)Nc6nc(F)nc(Nc7ccccc7S(=O)(=O)O)n6)ccc5[nH]c4c(Cl)c3oc2c1S(=O)(=O)O)Nc1nc(F)nc(Nc2ccccc2S(=O)(=O)O)n1,0,OK,4635,CC(CNc1ccc2[nH]c3c(Cl)c4oc5c(S(=O)(=O)O)c(NCC(C)Nc6nc(F)nc(Nc7ccccc7S(=O)(=O)O)n6)ccc5[nH]c4c(Cl)c3oc2c1S(=O)(=O)O)Nc1nc(F)nc(Nc2ccccc2S(=O)(=O)O)n1
4643,CCOC(=O)C1=NOC(c2ccccc2)(c2ccccc2)C1,0,OK,4643,CCOC(=O)C1=NOC(c2ccccc2)(c2ccccc2)C1
4645,COC(F)(F)C(F)(C(F)(F)F)C(F)(F)F,0,OK,4645,COC(F)(F)C(F)(C(F)(F)F)C(F)(F)F
4648,CC=CC=CC(=O)OCCC[Si](OC)(OC)OC,0,OK,4648,CC=CC=CC(=O)OCCC[Si](OC)(OC)OC
4653,CC1(C)CCC(=Cc2ccc(Cl)cc2)C1=O,0,OK,4653,CC1(C)CCC(=Cc2ccc(Cl)cc2)C1=O
4664,CC(C(=O)O)N(CC(=O)O)CC(=O)O,0,OK,4664,CC(C(=O)O)N(CC(=O)O)CC(=O)O
4665,FC=CC(F)(F)F,0,OK,4665,FC=CC(F)(F)F
4669,CCN(CC)CCCNC(=O)c1ccc(N=NC(C(C)=O)C(=O)Nc2ccc3[nH]c(=O)[nH]c3c2)cc1,0,OK,4669,CCN(CC)CCCNC(=O)c1ccc(N=NC(C(C)=O)C(=O)Nc2ccc3[nH]c(=O)[nH]c3c2)cc1
4671,O=[N+]([O-])c1ccc2c(N=Nc3c(O)ccc4ccccc34)c(O)cc(S(=O)(=O)O)c2c1,0,OK,4671,O=[N+]([O-])c1ccc2c(N=Nc3c(O)ccc4ccccc34)c(O)cc(S(=O)(=O)O)c2c1
4673,Cc1cc(Cl)ccc1OC(C)C(=O)O,0,OK,4673,Cc1cc(Cl)ccc1OC(C)C(=O)O
4676,CCCCOCCCN,0,OK,4676,CCCCOCCCN
4679,CCCCCCC(C=O)=Cc1ccccc1,0,OK,4679,CCCCCCC(C=O)=Cc1ccccc1
4681,CN=C(NCC1CCOC1)N[N+](=O)[O-],0,OK,4681,CN=C(NCC1CCOC1)N[N+](=O)[O-]
4682,NCC1CCOC1,0,OK,4682,NCC1CCOC1
4684,C=C(Cl)C(=C)Cl,0,OK,4684,C=C(Cl)C(=C)Cl
4695,CC(C)CCCCCCOC(=O)C1CCCCC1C(=O)OCCCCCCC(C)C,0,OK,4695,CC(C)CCCCCCOC(=O)C1CCCCC1C(=O)OCCCCCCC(C)C
4699,C=C(C)C(=O)OCCCCCCCCCCCCCCCCCCCCCC,0,OK,4699,C=C(C)C(=O)OCCCCCCCCCCCCCCCCCCCCCC
4700,C=CC(=O)NCOCC(C)C,0,OK,4700,C=CC(=O)NCOCC(C)C
4705,Cc1ccc(S(C)(=O)=O)cc1[N+](=O)[O-],0,OK,4705,Cc1ccc(S(C)(=O)=O)cc1[N+](=O)[O-]
4706,O=C(O)c1ccc2cc(O)ccc2c1,0,OK,4706,O=C(O)c1ccc2cc(O)ccc2c1
4709,O=S(O)S(=O)(=O)O,0,OK,4709,O=S(O)S(=O)(=O)O
4710,CON=C(C(=O)OC)c1ccccc1COc1cc(C)ccc1C,0,OK,4710,CON=C(C(=O)OC)c1ccccc1COc1cc(C)ccc1C
4712,CNC(=O)ON=C(C)SC,0,OK,4712,CNC(=O)ON=C(C)SC
4720,CCOC(=O)CC(NCCCC(C)CNC(CC(=O)OCC)C(=O)OCC)C(=O)OCC,0,OK,4720,CCOC(=O)CC(NCCCC(C)CNC(CC(=O)OCC)C(=O)OCC)C(=O)OCC
4722,Nc1ncccc1O,0,OK,4722,Nc1ncccc1O
4727,CCN(CCC#N)c1ccc(N=Nc2ccc([N+](=O)[O-])cc2C#N)cc1,0,OK,4727,CCN(CCC#N)c1ccc(N=Nc2ccc([N+](=O)[O-])cc2C#N)cc1
4728,CCCCCCCC(=O)Oc1c(Br)cc(C#N)cc1Br,0,OK,4728,CCCCCCCC(=O)Oc1c(Br)cc(C#N)cc1Br
4744,F[Si-2](F)(F)(F)(F)F,0,OK,4744,F[Si-2](F)(F)(F)(F)F
4745,[F][Ti-2]([F])([F])([F])([F])[F],0,OK,4745,[F][Ti-2]([F])([F])([F])([F])[F]
4747,[Cl][Pt-2]([Cl])([Cl])([Cl])([Cl])[Cl],0,OK,4747,[Cl][Pt-2]([Cl])([Cl])([Cl])([Cl])[Cl]
4750,[F][Zr-2]([F])([F])([F])([F])[F],0,OK,4750,[F][Zr-2]([F])([F])([F])([F])[F]
4755,B,0,OK,4755,B
4760,CCCCCCCCCCCCCOC(=O)CCCCC(=O)OCCCCCCCCCCCCC,0,OK,4760,CCCCCCCCCCCCCOC(=O)CCCCC(=O)OCCCCCCCCCCCCC
4767,CN(CCC(=O)OCCN1C(=O)c2ccccc2C1=O)c1ccc(N=Nc2ccc([N+](=O)[O-])cc2C#N)cc1,0,OK,4767,CN(CCC(=O)OCCN1C(=O)c2ccccc2C1=O)c1ccc(N=Nc2ccc([N+](=O)[O-])cc2C#N)cc1
4768,CCCCN(c1nc(N2CCCC2)nc(N(CCCC)C2CC(C)(C)N(C)C(C)(C)C2)n1)C1CC(C)(C)N(C)C(C)(C)C1,0,OK,4768,CCCCN(c1nc(N2CCCC2)nc(N(CCCC)C2CC(C)(C)N(C)C(C)(C)C2)n1)C1CC(C)(C)N(C)C(C)(C)C1
4772,CC(C)CCCCCCCCCCCCCCC(=O)NCC(C)O,0,OK,4772,CC(C)CCCCCCCCCCCCCCC(=O)NCC(C)O
4779,O=C1CCCCCN1,0,OK,4779,O=C1CCCCCN1
4780,Nc1c(N=Nc2ccc(S(=O)(=O)CCOS(=O)(=O)O)cc2)c(S(=O)(=O)O)cc2cc(S(=O)(=O)O)c(N=Nc3ccc(S(=O)(=O)CCOS(=O)(=O)O)cc3)c(O)c12,0,OK,4780,Nc1c(N=Nc2ccc(S(=O)(=O)CCOS(=O)(=O)O)cc2)c(S(=O)(=O)O)cc2cc(S(=O)(=O)O)c(N=Nc3ccc(S(=O)(=O)CCOS(=O)(=O)O)cc3)c(O)c12
4790,CC(F)(Cl)Cl,0,OK,4790,CC(F)(Cl)Cl
4799,NC(=O)Nc1cc(Nc2nc(Nc3ccc(S(=O)(=O)CCOS(=O)(=O)O)cc3)nc(Nc3cccc(S(=O)(=O)CCOS(=O)(=O)O)c3)n2)ccc1N=Nc1cc2c(S(=O)(=O)O)cc(S(=O)(=O)O)cc2cc1S(=O)(=O)O,0,OK,4799,NC(=O)Nc1cc(Nc2nc(Nc3ccc(S(=O)(=O)CCOS(=O)(=O)O)cc3)nc(Nc3cccc(S(=O)(=O)CCOS(=O)(=O)O)c3)n2)ccc1N=Nc1cc2c(S(=O)(=O)O)cc(S(=O)(=O)O)cc2cc1S(=O)(=O)O
4800,OC1CCCCCCCCCCC1,0,OK,4800,OC1CCCCCCCCCCC1
4818,C=COCC1CCC(COC=C)CC1,0,OK,4818,C=COCC1CCC(COC=C)CC1
4827,C=CC(=O)OCCCOc1ccc(C(=O)Oc2ccc(OC(=O)c3ccc(OCCCOC(=O)C=C)cc3)c(C)c2)cc1,0,OK,4827,C=CC(=O)OCCCOc1ccc(C(=O)Oc2ccc(OC(=O)c3ccc(OCCCOC(=O)C=C)cc3)c(C)c2)cc1
4835,[Ti+4],0,OK,4835,[Ti+4]
4843,O=[N+]([O-])c1cc(Cl)c(N=Nc2ccc(N(CCO)CCO)cc2Cl)c(Br)c1,0,OK,4843,O=[N+]([O-])c1cc(Cl)c(N=Nc2ccc(N(CCO)CCO)cc2Cl)c(Br)c1
4844,OCC1OC2OC3C(CO)OC(OC4C(CO)OC(OC5C(CO)OC(OC6C(CO)OC(OC7C(CO)OC(OC8C(CO)OC(OC9C(CO)OC(OC1C(O)C2O)C(O)C9O)C(O)C8O)C(O)C7O)C(O)C6O)C(O)C5O)C(O)C4O)C(O)C3O,0,OK,4844,OCC1OC2OC3C(CO)OC(OC4C(CO)OC(OC5C(CO)OC(OC6C(CO)OC(OC7C(CO)OC(OC8C(CO)OC(OC9C(CO)OC(OC1C(O)C2O)C(O)C9O)C(O)C8O)C(O)C7O)C(O)C6O)C(O)C5O)C(O)C4O)C(O)C3O
4850,C=CC(=O)OCCC(F)(F)C(F)(F)C(F)(F)C(F)(F)C(F)(F)C(F)(F)F,0,OK,4850,C=CC(=O)OCCC(F)(F)C(F)(F)C(F)(F)C(F)(F)C(F)(F)C(F)(F)F
4851,C=CCCCCCCCCC(=O)NC(Cc1ccccc1)C(=O)O,0,OK,4851,C=CCCCCCCCCC(=O)NC(Cc1ccccc1)C(=O)O
4852,COCC(NC(C)=O)C(=O)NCc1ccccc1,0,OK,4852,COCC(NC(C)=O)C(=O)NCc1ccccc1
4854,N=C(N)S(=O)O,0,OK,4854,N=C(N)S(=O)O
4855,CCCCCCC[CH2][Sn]([CH2]CCCCCCC)([O]C(C)=O)[O]C(C)=O,0,OK,4855,CCCCCCC[CH2][Sn]([CH2]CCCCCCC)([O]C(C)=O)[O]C(C)=O
4857,CO[Si](CCCNCCN)(OC)OC,0,OK,4857,CO[Si](CCCNCCN)(OC)OC
4858,NC1CCC(CC2CCC(N)CC2)CC1,0,OK,4858,NC1CCC(CC2CCC(N)CC2)CC1
4861,O=S(=O)(O)CCCS,0,OK,4861,O=S(=O)(O)CCCS
4863,CCCCCCCCCCCCOC(=O)CCCCCCCC,0,OK,4863,CCCCCCCCCCCCOC(=O)CCCCCCCC
4865,CCCCCCCCC=CCCCCCCCCCCCC(=O)OCCCCCCCCC=CCCCCCCCC,0,OK,4865,CCCCCCCCC=CCCCCCCCCCCCC(=O)OCCCCCCCCC=CCCCCCCCC
4869,Cn1cc(C(=O)O)c(C(F)F)n1,0,OK,4869,Cn1cc(C(=O)O)c(C(F)F)n1
4876,Sc1nc(S)nc(S)n1,0,OK,4876,Sc1nc(S)nc(S)n1
4898,CO[Si](C)(OC)C1CCCCC1,0,OK,4898,CO[Si](C)(OC)C1CCCCC1
4906,CCCCCCCC[Si](C)(O[Si](C)(C)C)O[Si](C)(C)C,0,OK,4906,CCCCCCCC[Si](C)(O[Si](C)(C)C)O[Si](C)(C)C
4907,O=S(=O)(O)c1cc(Nc2nc(NCCO)nc(Nc3ccccc3)n2)ccc1C=Cc1ccc(Nc2nc(NCCO)nc(Nc3ccccc3)n2)cc1S(=O)(=O)O,0,OK,4907,O=S(=O)(O)c1cc(Nc2nc(NCCO)nc(Nc3ccccc3)n2)ccc1C=Cc1ccc(Nc2nc(NCCO)nc(Nc3ccccc3)n2)cc1S(=O)(=O)O
4909,CCC(=O)N(CC)c1cccc(C)c1,0,OK,4909,CCC(=O)N(CC)c1cccc(C)c1
4924,FC(F)(F)C1(F)C(F)(F)C(F)(F)C(F)(F)C1(F)F,0,OK,4924,FC(F)(F)C1(F)C(F)(F)C(F)(F)C(F)(F)C1(F)F
4929,c1ccc(CN2CCN(Cc3ccccc3)CCN(Cc3ccccc3)CCN(Cc3ccccc3)CC2)cc1,0,OK,4929,c1ccc(CN2CCN(Cc3ccccc3)CCN(Cc3ccccc3)CCN(Cc3ccccc3)CC2)cc1
4930,C=CC(COC(C)=O)OC(C)=O,0,OK,4930,C=CC(COC(C)=O)OC(C)=O
4934,CCCCO[P+](=O)OCCCC,0,OK,4934,CCCCO[P+](=O)OCCCC
4941,Cc1nc2c(O)cccn2c(=O)c1CCO,0,OK,4941,Cc1nc2c(O)cccn2c(=O)c1CCO
4942,CCS(=O)c1c(C#N)nn(-c2c(Cl)cc(C(F)(F)F)cc2Cl)c1N,0,OK,4942,CCS(=O)c1c(C#N)nn(-c2c(Cl)cc(C(F)(F)F)cc2Cl)c1N
4947,CO[Si](C)(CCCCl)OC,0,OK,4947,CO[Si](C)(CCCCl)OC
4948,C=C1CCC2CC1C2(C)C,0,OK,4948,C=C1CCC2CC1C2(C)C
4957,COCC1(COC)c2ccccc2-c2ccccc21,0,OK,4957,COCC1(COC)c2ccccc2-c2ccccc21
4964,Cc1ccc(COC(=O)C(=O)OCc2ccc(C)cc2)cc1,0,OK,4964,Cc1ccc(COC(=O)C(=O)OCc2ccc(C)cc2)cc1
4977,COc1cc(Br)c2c3c1OC1CC(=O)C=CC31CCN(C)C2,0,OK,4977,COc1cc(Br)c2c3c1OC1CC(=O)C=CC31CCN(C)C2
4978,CCCCCCC=CC(C)=O,0,OK,4978,CCCCCCC=CC(C)=O
4985,NC(=NCCCCCCN=C(N)N=C(N)Nc1ccc(Cl)cc1)N=C(N)Nc1ccc(Cl)cc1,0,OK,4985,NC(=NCCCCCCN=C(N)N=C(N)Nc1ccc(Cl)cc1)N=C(N)Nc1ccc(Cl)cc1
4992,C=CC(=O)NCOCCCC,0,OK,4992,C=CC(=O)NCOCCCC
4998,C=C(C)C(=O)OCCC[Si](C)(C)O[Si](C)(C)CCCOC(=O)C(=C)C,0,OK,4998,C=C(C)C(=O)OCCC[Si](C)(C)O[Si](C)(C)CCCOC(=O)C(=C)C
5020,CCCCC(CC)COc1ccc(-c2nc(-c3ccc(OC)cc3)nc(-c3ccc(OCC(CC)CCCC)cc3O)n2)c(O)c1,0,OK,5020,CCCCC(CC)COc1ccc(-c2nc(-c3ccc(OC)cc3)nc(-c3ccc(OCC(CC)CCCC)cc3O)n2)c(O)c1
5022,CCCP(=O)(OC)OC,0,OK,5022,CCCP(=O)(OC)OC
5023,C=CC(=O)OCCCCOC(=O)Oc1ccc(C(=O)Oc2ccc(OC(=O)c3ccc(OC(=O)OCCCCOC(=O)C=C)cc3)c(C)c2)cc1,0,OK,5023,C=CC(=O)OCCCCOC(=O)Oc1ccc(C(=O)Oc2ccc(OC(=O)c3ccc(OC(=O)OCCCCOC(=O)C=C)cc3)c(C)c2)cc1
5030,[S]=[Mn],0,OK,5030,[S]=[Mn]
5032,C=CCCCCCCCCCCCCCCCCCCCCCCCC,0,OK,5032,C=CCCCCCCCCCCCCCCCCCCCCCCCC
5033,C=CCCCCCCCCCCCCCCCCCCCCCCCCCC,0,OK,5033,C=CCCCCCCCCCCCCCCCCCCCCCCCCCC
5039,[O]=[Mo]=[O],0,OK,5039,[O]=[Mo]=[O]
5048,CC(O)C(=O)[O][Al]([O]C(=O)C(C)O)[O]C(=O)C(C)O,0,OK,5048,CC(O)C(=O)[O][Al]([O]C(=O)C(C)O)[O]C(=O)C(C)O
5056,N#Cc1c(Cl)c(Cl)c(Cl)c(C#N)c1Cl,0,OK,5056,N#Cc1c(Cl)c(Cl)c(Cl)c(C#N)c1Cl
5060,CON=C(C(=O)OC)c1ccccc1CCl,0,OK,5060,CON=C(C(=O)OC)c1ccccc1CCl
5075,C[n+]1ccc(-c2cc[n+](C)cc2)cc1,0,OK,5075,C[n+]1ccc(-c2cc[n+](C)cc2)cc1
5103,Clc1cccc(C(Cl)(Cl)Cl)n1,0,OK,5103,Clc1cccc(C(Cl)(Cl)Cl)n1
5109,CCCCCCCCC=CCCCCCCCC(=O)OCC(COC(=O)CCCCCCCC=CCCCCCCCC)(COC(=O)CCCCCCCC=CCCCCCCCC)COC(=O)CCCCCCCC=CCCCCCCCC,0,OK,5109,CCCCCCCCC=CCCCCCCCC(=O)OCC(COC(=O)CCCCCCCC=CCCCCCCCC)(COC(=O)CCCCCCCC=CCCCCCCCC)COC(=O)CCCCCCCC=CCCCCCCCC
5113,CCN(CCC(=O)OCCOC(=O)CCl)c1ccc(N=Nc2cc(Cl)c(S(=O)(=O)F)cc2Cl)c(C)c1,0,OK,5113,CCN(CCC(=O)OCCOC(=O)CCl)c1ccc(N=Nc2cc(Cl)c(S(=O)(=O)F)cc2Cl)c(C)c1
5118,CC(=O)C=C(C)O,0,OK,5118,CC(=O)C=C(C)O
5122,C=CCOC(=O)C(C)(C)O,0,OK,5122,C=CCOC(=O)C(C)(C)O
5138,CC1(C2CCC3C4=CC=C5CC6(CCC5(C)C4CCC32C)OCCO6)OCCO1,0,OK,5138,CC1(C2CCC3C4=CC=C5CC6(CCC5(C)C4CCC32C)OCCO6)OCCO1
5143,Oc1ccn(-c2ccc(Cl)cc2)n1,0,OK,5143,Oc1ccn(-c2ccc(Cl)cc2)n1
5150,O=C(O)C=CCN1CCCCC1,0,OK,5150,O=C(O)C=CCN1CCCCC1
5152,COc1cc(N=Nc2ccc([N+](=O)[O-])cc2)ccc1N=Nc1ccc(O)cc1,0,OK,5152,COc1cc(N=Nc2ccc([N+](=O)[O-])cc2)ccc1N=Nc1ccc(O)cc1
5157,O=C(OCc1ccc(Cl)cc1)C(=O)OCc1ccc(Cl)cc1,0,OK,5157,O=C(OCc1ccc(Cl)cc1)C(=O)OCc1ccc(Cl)cc1
5162,CC(C)(C)OC(=O)NNCc1ccc(-c2ccccn2)cc1,0,OK,5162,CC(C)(C)OC(=O)NNCc1ccc(-c2ccccn2)cc1
5167,CCC(C)OC(=O)OOC(=O)OC(C)CC,0,OK,5167,CCC(C)OC(=O)OOC(=O)OC(C)CC
5168,COc1cc(OC)nc(NC(=O)NS(=O)(=O)c2ncccc2OCC(F)(F)F)n1,0,OK,5168,COc1cc(OC)nc(NC(=O)NS(=O)(=O)c2ncccc2OCC(F)(F)F)n1
5173,CC1=CCC(C)C(C)C1=O,0,OK,5173,CC1=CCC(C)C(C)C1=O
5181,OCCCCCCCl,0,OK,5181,OCCCCCCCl
5190,Nc1ccc(N=Nc2ccc(NS(=O)(=O)c3ccc(N=Nc4c(S(=O)(=O)O)cc5cc(S(=O)(=O)O)c(N=Nc6ccc([N+](=O)[O-])cc6)c(N)c5c4O)cc3)cc2)c(N)c1,0,OK,5190,Nc1ccc(N=Nc2ccc(NS(=O)(=O)c3ccc(N=Nc4c(S(=O)(=O)O)cc5cc(S(=O)(=O)O)c(N=Nc6ccc([N+](=O)[O-])cc6)c(N)c5c4O)cc3)cc2)c(N)c1
5191,CCCNCC,0,OK,5191,CCCNCC
5198,O=C1c2c(O)ccc(Nc3ccccc3)c2C(=O)c2c([N+](=O)[O-])ccc(O)c21,0,OK,5198,O=C1c2c(O)ccc(Nc3ccccc3)c2C(=O)c2c([N+](=O)[O-])ccc(O)c21
5202,Cc1cn[nH]c1C,0,OK,5202,Cc1cn[nH]c1C
5203,CCCCCCCCCCCC(=O)OCC(CC)CCCC,0,OK,5203,CCCCCCCCCCCC(=O)OCC(CC)CCCC
5206,CC1(C)OC(=O)CC(=O)O1,0,OK,5206,CC1(C)OC(=O)CC(=O)O1
5220,COC(=O)CN(c1cc(NC(C)=O)c(N=Nc2c(Cl)cc([N+](=O)[O-])cc2C#N)cc1OC)C(C)C(=O)OC,0,OK,5220,COC(=O)CN(c1cc(NC(C)=O)c(N=Nc2c(Cl)cc([N+](=O)[O-])cc2C#N)cc1OC)C(C)C(=O)OC
5230,CCCCCOC(=O)c1ccccc1O,0,OK,5230,CCCCCOC(=O)c1ccccc1O
5245,O=P(O)(O)CN(CP(=O)(O)O)CP(=O)(O)O,0,OK,5245,O=P(O)(O)CN(CP(=O)(O)O)CP(=O)(O)O
5250,CCN1OCC(NC(=O)c2ccc(C3=NOC(c4cc(Cl)c(F)c(Cl)c4)(C(F)(F)F)C3)cc2C)C1=O,0,OK,5250,CCN1OCC(NC(=O)c2ccc(C3=NOC(c4cc(Cl)c(F)c(Cl)c4)(C(F)(F)F)C3)cc2C)C1=O
5259,[Cl][Rh]([Cl])[Cl],1,OK,5259,[Cl][Rh]([Cl])[Cl]
5261,CC(C)(Br)C(=O)Br,1,OK,5261,CC(C)(Br)C(=O)Br
5262,CCC(C)(CCCC(C)C)OC(C)=O,0,OK,5262,CCC(C)(CCCC(C)C)OC(C)=O
5277,C=C(C)c1cccc(C(C)(C)N=C=O)c1,0,OK,5277,C=C(C)c1cccc(C(C)(C)N=C=O)c1
5288,Cc1ccc(S(=O)(=O)Oc2cccc(NC(=O)Nc3ccccc3)c2)cc1,0,OK,5288,Cc1ccc(S(=O)(=O)Oc2cccc(NC(=O)Nc3ccccc3)c2)cc1
5294,CNCCO,0,OK,5294,CNCCO
5297,CNC(=N[N+](=O)[O-])NCc1cnc(Cl)s1,0,OK,5297,CNC(=N[N+](=O)[O-])NCc1cnc(Cl)s1
5300,[Ba+2],0,OK,5300,[Ba+2]
5312,CCOC(=O)CCN(C(=O)c1ccc(NC)c(N)c1)c1ccccn1,0,OK,5312,CCOC(=O)CCN(C(=O)c1ccc(NC)c(N)c1)c1ccccn1
5313,CCOc1ccc(B(O)O)c(F)c1F,0,OK,5313,CCOc1ccc(B(O)O)c(F)c1F
5316,CCCCC(CC)COC(=O)c1ccc(N(C)C)cc1,0,OK,5316,CCCCC(CC)COC(=O)c1ccc(N(C)C)cc1
5323,C=C(C)C(=O)OCCOC(=O)CC(C)=O,0,OK,5323,C=C(C)C(=O)OCCOC(=O)CC(C)=O
5327,F[PH](F)(F)(F)(F)F,0,OK,5327,F[PH](F)(F)(F)(F)F
5342,C=C(C)C(=O)OCCC(F)(F)C(F)(F)C(F)(F)C(F)(F)C(F)(F)C(F)(F)F,0,OK,5342,C=C(C)C(=O)OCCC(F)(F)C(F)(F)C(F)(F)C(F)(F)C(F)(F)C(F)(F)F
5343,CC(CC(C)C)=NNC(=O)c1cc2ccccc2cc1O,0,OK,5343,CC(CC(C)C)=NNC(=O)c1cc2ccccc2cc1O
5353,O=C(OCC1CO1)C1CC=CCC1C(=O)OCC1CO1,0,OK,5353,O=C(OCC1CO1)C1CC=CCC1C(=O)OCC1CO1
5355,C=CC(=O)OCCCCCCCCCCCC,0,OK,5355,C=CC(=O)OCCCCCCCCCCCC
5369,CC1CC(C)(C)OOC(C)(C)O1,0,OK,5369,CC1CC(C)(C)OOC(C)(C)O1
5383,CC(=O)Oc1ccc(C(C)(C)CC(C)(C)C)cc1C1C(=O)Oc2ccc(C(C)(C)CC(C)(C)C)cc21,0,OK,5383,CC(=O)Oc1ccc(C(C)(C)CC(C)(C)C)cc1C1C(=O)Oc2ccc(C(C)(C)CC(C)(C)C)cc21
5392,CCO[Si](CN1CCOCC1)(OCC)OCC,0,OK,5392,CCO[Si](CN1CCOCC1)(OCC)OCC
5398,O=S1(=O)C=CCO1,1,OK,5398,O=S1(=O)C=CCO1
5401,C=COC1CCCCC1,0,OK,5401,C=COC1CCCCC1
5406,COc1ccc(C(OC)OC)cc1,0,OK,5406,COc1ccc(C(OC)OC)cc1
5414,CC1(C)CC(O)CC(C)(C)N1O,0,OK,5414,CC1(C)CC(O)CC(C)(C)N1O
5415,CCCCCCCCCCCCCCCCCC(=O)OCC(CC)CCCC,0,OK,5415,CCCCCCCCCCCCCCCCCC(=O)OCC(CC)CCCC
5418,CC(=O)C(N=Nc1cc(Cl)c(-c2cc(Cl)c(N=NC(C(C)=O)C(=O)Nc3ccc(C)cc3C)cc2Cl)cc1Cl)C(=O)Nc1ccc(C)cc1C,0,OK,5418,CC(=O)C(N=Nc1cc(Cl)c(-c2cc(Cl)c(N=NC(C(C)=O)C(=O)Nc3ccc(C)cc3C)cc2Cl)cc1Cl)C(=O)Nc1ccc(C)cc1C
5421,Cc1ccccc1OCC1CO1,0,OK,5421,Cc1ccccc1OCC1CO1
5433,COc1ccccc1C(=O)NS(=O)(=O)c1ccc(C(=O)NC2CC2)cc1,0,OK,5433,COc1ccccc1C(=O)NS(=O)(=O)c1ccc(C(=O)NC2CC2)cc1
5434,CC12CCC(C1)C(C)(C)C2O,0,OK,5434,CC12CCC(C1)C(C)(C)C2O
5439,CCCCCCCCCCCC[S][Sn]([CH2]CCCCCCC)([CH2]CCCCCCC)[S]CCCCCCCCCCCC,0,OK,5439,CCCCCCCCCCCC[S][Sn]([CH2]CCCCCCC)([CH2]CCCCCCC)[S]CCCCCCCCCCCC
5440,[Cu+],0,OK,5440,[Cu+]
5444,CCOP(=O)(NC(C)C)Oc1ccc(SC)c(C)c1,0,OK,5444,CCOP(=O)(NC(C)C)Oc1ccc(SC)c(C)c1
5445,C(COCC1CO1)OCC1CO1,1,OK,5445,C(COCC1CO1)OCC1CO1
5446,C=C[Si](ON=C(C)CC)(ON=C(C)CC)ON=C(C)CC,0,OK,5446,C=C[Si](ON=C(C)CC)(ON=C(C)CC)ON=C(C)CC
5451,CC1(C)CC(O)CC(C)(C)N1[O],0,OK,5451,CC1(C)CC(O)CC(C)(C)N1[O]
5478,CCOC(=O)C1C(C)CCCC1(C)C,0,OK,5478,CCOC(=O)C1C(C)CCCC1(C)C
5488,CCP(=O)(O)CC,0,OK,5488,CCP(=O)(O)CC
5496,CCC(C)O,0,OK,5496,CCC(C)O
5500,CCCCCCCC/C=C\CCCCCCCC(=O)O,0,OK,5500,CCCCCCCC/C=C\CCCCCCCC(=O)O
5501,CCC[CH2][Sn](=[O])[OH],0,OK,5501,CCC[CH2][Sn](=[O])[OH]
5505,O=S(=O)(c1ccccc1)N(SC(Cl)(Cl)Cl)c1ccccc1,0,OK,5505,O=S(=O)(c1ccccc1)N(SC(Cl)(Cl)Cl)c1ccccc1
5513,CCC(C)=NO[Si](C)(ON=C(C)CC)ON=C(C)CC,0,OK,5513,CCC(C)=NO[Si](C)(ON=C(C)CC)ON=C(C)CC
5514,CCCCCCCCCCCC(=O)N(C)CC(=O)OC(C)C,0,OK,5514,CCCCCCCCCCCC(=O)N(C)CC(=O)OC(C)C
5521,C#CCOS(=O)OC1CCCCC1Oc1ccc(C(C)(C)C)cc1,0,OK,5521,C#CCOS(=O)OC1CCCCC1Oc1ccc(C(C)(C)C)cc1
5523,CC(C)(C)c1cc(CCC(=O)NCCCCCCNC(=O)CCc2cc(C(C)(C)C)c(O)c(C(C)(C)C)c2)cc(C(C)(C)C)c1O,0,OK,5523,CC(C)(C)c1cc(CCC(=O)NCCCCCCNC(=O)CCc2cc(C(C)(C)C)c(O)c(C(C)(C)C)c2)cc(C(C)(C)C)c1O
5531,Cc1ccc(S(=O)(=O)NC(=O)Nc2cccc(OS(=O)(=O)c3ccc(C)cc3)c2)cc1,0,OK,5531,Cc1ccc(S(=O)(=O)NC(=O)Nc2cccc(OS(=O)(=O)c3ccc(C)cc3)c2)cc1
5532,CCCCCCCCCCCCCCCCCCOCCC[N+](C)(C)C,0,OK,5532,CCCCCCCCCCCCCCCCCCOCCC[N+](C)(C)C
5540,CO[Si](C)(CC(C)CNCCN)OC,0,OK,5540,CO[Si](C)(CC(C)CNCCN)OC
5551,C=C(C)C(=O)OCCOCCOC(=O)C(=C)C,0,OK,5551,C=C(C)C(=O)OCCOCCOC(=O)C(=C)C
5556,Cc1cc(C2(c3ccc(O)c(C)c3)CCCCC2)ccc1O,0,OK,5556,Cc1cc(C2(c3ccc(O)c(C)c3)CCCCC2)ccc1O
5560,C=C(C)C(=O)OCCOCC,0,OK,5560,C=C(C)C(=O)OCCOCC
5562,CC(C)OC(=O)OOC(C)(C)C,0,OK,5562,CC(C)OC(=O)OOC(C)(C)C
5566,CC=CC(=O)C1=C(C)C=CCC1(C)C,0,OK,5566,CC=CC(=O)C1=C(C)C=CCC1(C)C
5569,C[Si]1(CCC(F)(F)F)O[Si](C)(CCC(F)(F)F)O[Si](C)(CCC(F)(F)F)O1,0,OK,5569,C[Si]1(CCC(F)(F)F)O[Si](C)(CCC(F)(F)F)O[Si](C)(CCC(F)(F)F)O1
5571,CCO[Si](CCCNC(N)=O)(OCC)OCC,0,OK,5571,CCO[Si](CCCNC(N)=O)(OCC)OCC
5572,O=C(O)C(O)P(=O)(O)O,0,OK,5572,O=C(O)C(O)P(=O)(O)O
5578,Oc1ccc2cc[nH]c2c1,0,OK,5578,Oc1ccc2cc[nH]c2c1
5581,CO[Si](CCCNC(N)=O)(OC)OC,0,OK,5581,CO[Si](CCCNC(N)=O)(OC)OC
5587,O=C(OCC1CCC2OC2C1)C1CCC2OC2C1,0,OK,5587,O=C(OCC1CCC2OC2C1)C1CCC2OC2C1
5602,CCCCCCCCCCCCOC(=O)C=CC(=O)OCCCCCCCCCCCC,0,OK,5602,CCCCCCCCCCCCOC(=O)C=CC(=O)OCCCCCCCCCCCC
5603,Clc1cc(Cl)c(Cl)nc1Cl,0,OK,5603,Clc1cc(Cl)c(Cl)nc1Cl
5604,CC1(C)CC(O)CC(C)(C)N1,0,OK,5604,CC1(C)CC(O)CC(C)(C)N1
5605,CN1C(C)(C)CC(O)CC1(C)C,0,OK,5605,CN1C(C)(C)CC(O)CC1(C)C
5611,CC(C)(C)N(CC(=O)c1ccc(O)c(CO)c1)Cc1ccccc1,0,OK,5611,CC(C)(C)N(CC(=O)c1ccc(O)c(CO)c1)Cc1ccccc1
5620,Cc1ccc(C)c(O)c1C,0,OK,5620,Cc1ccc(C)c(O)c1C
5621,CCN(CC)c1ccc(N=Nc2c(C#N)cc([N+](=O)[O-])cc2[N+](=O)[O-])c(NC(C)=O)c1,1,OK,5621,CCN(CC)c1ccc(N=Nc2c(C#N)cc([N+](=O)[O-])cc2[N+](=O)[O-])c(NC(C)=O)c1
5623,CCC(C)=CCCC(C)=O,0,OK,5623,CCC(C)=CCCC(C)=O
5634,C(CCOCC1CO1)COCC1CO1,0,OK,5634,C(CCOCC1CO1)COCC1CO1
5643,NCCCCCCCCCCC(=O)O,0,OK,5643,NCCCCCCCCCCC(=O)O
5650,O=P(O)(F)F,0,OK,5650,O=P(O)(F)F
5652,C=CC(=O)OCCN(C)C,0,OK,5652,C=CC(=O)OCCN(C)C
5653,Cc1ccc(O)c(-n2nc3ccccc3n2)c1,0,OK,5653,Cc1ccc(O)c(-n2nc3ccccc3n2)c1
5658,CC(C)(C)OC(=O)OC(=O)OC(C)(C)C,0,OK,5658,CC(C)(C)OC(=O)OC(=O)OC(C)(C)C
5662,O=c1[nH]c(=O)[nH]c(=O)[nH]1,0,OK,5662,O=c1[nH]c(=O)[nH]c(=O)[nH]1
5663,O=C1O[B-]2(OC1=O)OC(=O)C(=O)O2,0,OK,5663,O=C1O[B-]2(OC1=O)OC(=O)C(=O)O2
5672,CCCCCCC[CH2][Sn]([CH2]CCCCCCC)([O]C(=O)C(CC)CCCC)[O]C(=O)C(CC)CCCC,0,OK,5672,CCCCCCC[CH2][Sn]([CH2]CCCCCCC)([O]C(=O)C(CC)CCCC)[O]C(=O)C(CC)CCCC
5676,CCCCC(CC)COCC1CO1,0,OK,5676,CCCCC(CC)COCC1CO1
5677,N#CCCN(CCc1ccccc1)c1ccc(N=Nc2ccc([N+](=O)[O-])cc2C#N)cc1,0,OK,5677,N#CCCN(CCc1ccccc1)c1ccc(N=Nc2ccc([N+](=O)[O-])cc2C#N)cc1
5689,CC=CC(=O)C1C(C)=CCCC1(C)C,0,OK,5689,CC=CC(=O)C1C(C)=CCCC1(C)C
5694,C=CC(=O)OCCCCO,0,OK,5694,C=CC(=O)OCCCCO
5696,CC(O)COC(C)COC(C)CO,0,OK,5696,CC(O)COC(C)COC(C)CO
5699,CCCCCC1C(=O)CCC1CC(=O)OC,0,OK,5699,CCCCCC1C(=O)CCC1CC(=O)OC
5706,C=C(C)C(=O)OCCCCCCCCCCCCCCCC,0,OK,5706,C=C(C)C(=O)OCCCCCCCCCCCCCCCC
5712,CCCCCCCCCCCCCCCCCCSSCCCCCCCCCCCCCCCCCC,0,OK,5712,CCCCCCCCCCCCCCCCCCSSCCCCCCCCCCCCCCCCCC
5716,CC(C)CCCCCOC(=O)CS,0,OK,5716,CC(C)CCCCCOC(=O)CS
5727,C=C(C)CC(C)(C)C,0,OK,5727,C=C(C)CC(C)(C)C
5729,CCN(CC[N+](C)(C)C)c1ccc(N=Nc2ccc([N+](=O)[O-])cc2Cl)cc1,0,OK,5729,CCN(CC[N+](C)(C)C)c1ccc(N=Nc2ccc([N+](=O)[O-])cc2Cl)cc1
5733,CCOc1ccc(-c2nc(-c3ccccc3)nc(-c3ccccc3O)n2)cc1,0,OK,5733,CCOc1ccc(-c2nc(-c3ccccc3)nc(-c3ccccc3O)n2)cc1
5740,CC=CCCC,1,OK,5740,CC=CCCC
5742,CC(C)C(=O)OCC(C)(C)C(O)C(C)C,0,OK,5742,CC(C)C(=O)OCC(C)(C)C(O)C(C)C
5747,CO[Si](CCCOCC1CO1)(OC)OC,1,OK,5747,CO[Si](CCCOCC1CO1)(OC)OC
5748,C=C(C)C(=O)OCCC[Si](OC)(OC)OC,0,OK,5748,C=C(C)C(=O)OCCC[Si](OC)(OC)OC
5750,CO[Si](CCCCl)(OC)OC,0,OK,5750,CO[Si](CCCCl)(OC)OC
5753,Cc1cccc([N+](=O)[O-])c1[N+](=O)[O-],0,OK,5753,Cc1cccc([N+](=O)[O-])c1[N+](=O)[O-]
5755,CC(O)COC(C)CO,0,OK,5755,CC(O)COC(C)CO
5760,CC=CCCCCCCC,0,OK,5760,CC=CCCCCCCC
5771,CCC=CCCCC,0,OK,5771,CCC=CCCCC
5779,O=C(OC1CCCCC1)c1ccccc1O,0,OK,5779,O=C(OC1CCCCC1)c1ccccc1O
5784,CC(CCN)CC(C)(C)CN,0,OK,5784,CC(CCN)CC(C)(C)CN
5787,C=C[Si]1(C)O[Si](C)(C=C)O[Si](C)(C=C)O[Si](C)(C=C)O1,0,OK,5787,C=C[Si]1(C)O[Si](C)(C=C)O[Si](C)(C=C)O[Si](C)(C=C)O1
5789,CC(C)CCCCCCCOP(OCCCCCCCC(C)C)Oc1ccccc1,0,OK,5789,CC(C)CCCCCCCOP(OCCCCCCCC(C)C)Oc1ccccc1
5791,O=P(O)(O)C[N+]([O-])(CP(=O)(O)O)CP(=O)(O)O,0,OK,5791,O=P(O)(O)C[N+]([O-])(CP(=O)(O)O)CP(=O)(O)O
5792,C=CC(=O)OCC(C)O,0,OK,5792,C=CC(=O)OCC(C)O
5799,BrC1(Br)CCCCCCCCCC(Br)(Br)C1(Br)Br,0,OK,5799,BrC1(Br)CCCCCCCCCC(Br)(Br)C1(Br)Br
5800,CC1(C)COP(=O)(NCCNP2(=O)OCC(C)(C)CO2)OC1,0,OK,5800,CC1(C)COP(=O)(NCCNP2(=O)OCC(C)(C)CO2)OC1
5801,CC1(C)CCCC(C)(C)N1[O],0,OK,5801,CC1(C)CCCC(C)(C)N1[O]
5807,CCCCOCOCCCC,0,OK,5807,CCCCOCOCCCC
5818,NCC1CCCC(CN)C1,0,OK,5818,NCC1CCCC(CN)C1
5823,Nc1c(S(=O)(=O)O)cc(Nc2cccc(S(=O)(=O)CCOS(=O)(=O)O)c2)c2c1C(=O)c1ccccc1C2=O,0,OK,5823,Nc1c(S(=O)(=O)O)cc(Nc2cccc(S(=O)(=O)CCOS(=O)(=O)O)c2)c2c1C(=O)c1ccccc1C2=O
5824,CCCCCCC(=O)OCC(COC(=O)CCCCCC)(COC(=O)CCCCCC)COC(=O)CCCCCC,0,OK,5824,CCCCCCC(=O)OCC(COC(=O)CCCCCC)(COC(=O)CCCCCC)COC(=O)CCCCCC
5825,NN=C(N)N,0,OK,5825,NN=C(N)N
5830,CCCCCCC[CH2][Sn]([Cl])([CH2]CCCCCCC)[CH2]CCCCCCC,0,OK,5830,CCCCCCC[CH2][Sn]([Cl])([CH2]CCCCCCC)[CH2]CCCCCCC
5833,CCC=CC#N,0,OK,5833,CCC=CC#N
5838,COc1cc(S(=O)(=O)O)c(C)cc1N=Nc1c(O)ccc2cc(S(=O)(=O)O)ccc12,0,OK,5838,COc1cc(S(=O)(=O)O)c(C)cc1N=Nc1c(O)ccc2cc(S(=O)(=O)O)ccc12
5841,CCO[Si](CCCOCC1CO1)(OCC)OCC,0,OK,5841,CCO[Si](CCCOCC1CO1)(OCC)OCC
5842,Oc1ccc2c(c1)NCCO2,0,OK,5842,Oc1ccc2c(c1)NCCO2
5848,CCCCC(CC)COC(=O)c1c(Br)c(Br)c(Br)c(Br)c1C(=O)OCC(CC)CCCC,0,OK,5848,CCCCC(CC)COC(=O)c1c(Br)c(Br)c(Br)c(Br)c1C(=O)OCC(CC)CCCC
5852,O=C(Nc1ccc2c(O)c(N=Nc3ccc(N=Nc4ccc(S(=O)(=O)O)cc4)cc3S(=O)(=O)O)c(S(=O)(=O)O)cc2c1)Nc1ccc2c(O)c(N=Nc3ccc(N=Nc4ccc(S(=O)(=O)O)cc4)cc3S(=O)(=O)O)c(S(=O)(=O)O)cc2c1,0,OK,5852,O=C(Nc1ccc2c(O)c(N=Nc3ccc(N=Nc4ccc(S(=O)(=O)O)cc4)cc3S(=O)(=O)O)c(S(=O)(=O)O)cc2c1)Nc1ccc2c(O)c(N=Nc3ccc(N=Nc4ccc(S(=O)(=O)O)cc4)cc3S(=O)(=O)O)c(S(=O)(=O)O)cc2c1
5853,O=C(Nc1ccc2c(O)c(N=Nc3ccc(N=Nc4ccc(S(=O)(=O)O)cc4)cc3)c(S(=O)(=O)O)cc2c1)c1ccccc1,0,OK,5853,O=C(Nc1ccc2c(O)c(N=Nc3ccc(N=Nc4ccc(S(=O)(=O)O)cc4)cc3)c(S(=O)(=O)O)cc2c1)c1ccccc1
5859,CCCCCCCCCCOCCO,0,OK,5859,CCCCCCCCCCOCCO
5862,CN1CCN(CC(=O)N(C)c2ccc(N)cc2)CC1,0,OK,5862,CN1CCN(CC(=O)N(C)c2ccc(N)cc2)CC1
5868,CC(N)c1ccccc1,0,OK,5868,CC(N)c1ccccc1
5869,C=C[Si](C)(C)O[Si](C)(C)C=C,0,OK,5869,C=C[Si](C)(C)O[Si](C)(C)C=C
5876,O=c1[nH]sc2ccccc12,0,OK,5876,O=c1[nH]sc2ccccc12
5877,N#CNC1=NCCS1,0,OK,5877,N#CNC1=NCCS1
5882,CCCCCCCCC=CCCCCCCCC(=O)OCC(CC)CCCC,0,OK,5882,CCCCCCCCC=CCCCCCCCC(=O)OCC(CC)CCCC
5884,CCCCCCC[CH2][Sn]([CH2]CCCCCCC)([S]CC(=O)OCCCCCC(C)C)[S]CC(=O)OCCCCCC(C)C,0,OK,5884,CCCCCCC[CH2][Sn]([CH2]CCCCCCC)([S]CC(=O)OCCCCCC(C)C)[S]CC(=O)OCCCCCC(C)C
5889,CC1=CC=CC(N=C=O)(N=C=O)C1,0,OK,5889,CC1=CC=CC(N=C=O)(N=C=O)C1
5893,CCN(Cc1cccc(S(=O)(=O)O)c1)c1ccc(C(=C2C=CC(=[N+](CC)Cc3cccc(S(=O)(=O)O)c3)C=C2)c2ccccc2S(=O)(=O)[O-])cc1,0,OK,5893,CCN(Cc1cccc(S(=O)(=O)O)c1)c1ccc(C(=C2C=CC(=[N+](CC)Cc3cccc(S(=O)(=O)O)c3)C=C2)c2ccccc2S(=O)(=O)[O-])cc1
5897,CN(C(=O)CCl)c1ccc([N+](=O)[O-])cc1,0,OK,5897,CN(C(=O)CCl)c1ccc([N+](=O)[O-])cc1
5915,CC(C)(C)c1ccc(OP2OCC3(CO2)COP(Oc2ccc(C(C)(C)C)cc2C(C)(C)C)OC3)c(C(C)(C)C)c1,0,OK,5915,CC(C)(C)c1ccc(OP2OCC3(CO2)COP(Oc2ccc(C(C)(C)C)cc2C(C)(C)C)OC3)c(C(C)(C)C)c1
5919,C=C(C)CC,1,OK,5919,C=C(C)CC
5922,CC1CCC(C(C)C)C(OO)C1,0,OK,5922,CC1CCC(C(C)C)C(OO)C1
5925,C=CC(=O)N(C)C,0,OK,5925,C=CC(=O)N(C)C
5926,Cn1sccc1=O,0,OK,5926,Cn1sccc1=O
5928,CC1(C)C(=O)N(CCO)C(=O)N1CCO,0,OK,5928,CC1(C)C(=O)N(CCO)C(=O)N1CCO
5930,CC(C)COP(=S)(OCC(C)C)SCC(C)C(=O)O,0,OK,5930,CC(C)COP(=S)(OCC(C)C)SCC(C)C(=O)O
5931,ClC/C=C/c1ccccc1,0,OK,5931,ClC/C=C/c1ccccc1
5933,CCCCCCCCN1CCCC1=O,0,OK,5933,CCCCCCCCN1CCCC1=O
5934,CCCCCCCCCCCCN1CCCC1=O,0,OK,5934,CCCCCCCCCCCCN1CCCC1=O
5936,O=[N+]([O-])N1CN([N+](=O)[O-])CN([N+](=O)[O-])CN([N+](=O)[O-])C1,0,OK,5936,O=[N+]([O-])N1CN([N+](=O)[O-])CN([N+](=O)[O-])CN([N+](=O)[O-])C1
5939,C=CCCCCCCCCCCCCCC,0,OK,5939,C=CCCCCCCCCCCCCCC
5940,Cc1ccc(N)c(N)c1,1,OK,5940,Cc1ccc(N)c(N)c1
5941,N#CC(C#N)=Cc1ccccc1Cl,0,OK,5941,N#CC(C#N)=Cc1ccccc1Cl
5948,O=CC(=O)O,0,OK,5948,O=CC(=O)O
5951,CCCCCCC[CH2][Sn]([S]CC(=O)OCC(CC)CCCC)([S]CC(=O)OCC(CC)CCCC)[S]CC(=O)OCC(CC)CCCC,0,OK,5951,CCCCCCC[CH2][Sn]([S]CC(=O)OCC(CC)CCCC)([S]CC(=O)OCC(CC)CCCC)[S]CC(=O)OCC(CC)CCCC
5955,CCCCCCCCCCCCc1ccccc1S(=O)(=O)O,0,OK,5955,CCCCCCCCCCCCc1ccccc1S(=O)(=O)O
5956,CC(C)CCCCCCCOC(=O)CCCCC(=O)OCCCCCCCC(C)C,0,OK,5956,CC(C)CCCCCCCOC(=O)CCCCC(=O)OCCCCCCCC(C)C
5959,CCCCCOC(=S)S,0,OK,5959,CCCCCOC(=S)S
5961,O=S(=O)(O)CCCSSCCCS(=O)(=O)O,0,OK,5961,O=S(=O)(O)CCCSSCCCS(=O)(=O)O
5965,CC=CCCCCCC,0,OK,5965,CC=CCCCCCC
5967,CCCCCCCCOc1ccc(-c2nc(-c3ccc(C)cc3C)nc(-c3ccc(C)cc3C)n2)c(O)c1,0,OK,5967,CCCCCCCCOc1ccc(-c2nc(-c3ccc(C)cc3C)nc(-c3ccc(C)cc3C)n2)c(O)c1
5969,CC(C)CCCCCCCCCCOC(=O)c1ccccc1C(=O)OCCCCCCCCCCC(C)C,0,OK,5969,CC(C)CCCCCCCCCCOC(=O)c1ccccc1C(=O)OCCCCCCCCCCC(C)C
5971,CC(C)(C)CCCCCC(=O)O,0,OK,5971,CC(C)(C)CCCCCC(=O)O
5972,CC(C)(C)CC(C)(C)CC(=O)O,0,OK,5972,CC(C)(C)CC(C)(C)CC(=O)O
5978,Nc1ccc(O)c(Cc2cc(N)ccc2O)c1,0,OK,5978,Nc1ccc(O)c(Cc2cc(N)ccc2O)c1
5979,NC(=O)CCN(CCO)c1nc(Nc2ccccc2)nc(Nc2ccc(C=Cc3ccc(Nc4nc(Nc5ccccc5)nc(N(CCO)CCC(N)=O)n4)cc3S(=O)(=O)O)c(S(=O)(=O)O)c2)n1,0,OK,5979,NC(=O)CCN(CCO)c1nc(Nc2ccccc2)nc(Nc2ccc(C=Cc3ccc(Nc4nc(Nc5ccccc5)nc(N(CCO)CCC(N)=O)n4)cc3S(=O)(=O)O)c(S(=O)(=O)O)c2)n1
5980,O=S(=O)(O)c1ccccc1C=Cc1ccc(-c2ccc(C=Cc3ccccc3S(=O)(=O)O)cc2)cc1,0,OK,5980,O=S(=O)(O)c1ccccc1C=Cc1ccc(-c2ccc(C=Cc3ccccc3S(=O)(=O)O)cc2)cc1
5986,CC(C)CCCCCCCCCCCCCCCO,0,OK,5986,CC(C)CCCCCCCCCCCCCCCO
5991,NCCOCCN,0,OK,5991,NCCOCCN
5995,CCC(=O)OC1CC2CCC1(C)C2(C)C,0,OK,5995,CCC(=O)OC1CC2CCC1(C)C2(C)C
5997,c1cc(OCC2CO2)c2ccc(OCC3CO3)cc2c1,1,OK,5997,c1cc(OCC2CO2)c2ccc(OCC3CO3)cc2c1
5999,O=S(=O)(O)CCC(F)(F)C(F)(F)C(F)(F)C(F)(F)C(F)(F)C(F)(F)F,0,OK,5999,O=S(=O)(O)CCC(F)(F)C(F)(F)C(F)(F)C(F)(F)C(F)(F)C(F)(F)F
6000,CC(C)(C)c1cc(Cn2c(=O)n(Cc3cc(C(C)(C)C)c(O)c(C(C)(C)C)c3)c(=O)n(Cc3cc(C(C)(C)C)c(O)c(C(C)(C)C)c3)c2=O)cc(C(C)(C)C)c1O,0,OK,6000,CC(C)(C)c1cc(Cn2c(=O)n(Cc3cc(C(C)(C)C)c(O)c(C(C)(C)C)c3)c(=O)n(Cc3cc(C(C)(C)C)c(O)c(C(C)(C)C)c3)c2=O)cc(C(C)(C)C)c1O
6004,Cc1ccccc1Cc1ccccc1,0,OK,6004,Cc1ccccc1Cc1ccccc1
6005,CC(C)(N=NC(C)(C)C1=NCCN1)C1=NCCN1,0,OK,6005,CC(C)(N=NC(C)(C)C1=NCCN1)C1=NCCN1
6010,CCCCC(CC)C(=O)[O][Sn]([CH2]CCC)([CH2]CCC)[O]C(=O)C(CC)CCCC,1,OK,6010,CCCCC(CC)C(=O)[O][Sn]([CH2]CCC)([CH2]CCC)[O]C(=O)C(CC)CCCC
6011,CCOP(=O)(CN(CCO)CCO)OCC,0,OK,6011,CCOP(=O)(CN(CCO)CCO)OCC
6012,C=C(C)C(=O)OC(C)CO,0,OK,6012,C=C(C)C(=O)OC(C)CO
6028,CC(c1ccc(O)cc1)(c1ccc(O)cc1)c1ccc(O)cc1,0,OK,6028,CC(c1ccc(O)cc1)(c1ccc(O)cc1)c1ccc(O)cc1
6031,C1CN2CCN1CC2,0,OK,6031,C1CN2CCN1CC2
6038,CC(O)(P(=O)(O)O)P(=O)(O)O,0,OK,6038,CC(O)(P(=O)(O)O)P(=O)(O)O
6041,Nc1c(OCCOC(=O)Oc2ccccc2)cc(O)c2c1C(=O)c1ccccc1C2=O,0,OK,6041,Nc1c(OCCOC(=O)Oc2ccccc2)cc(O)c2c1C(=O)c1ccccc1C2=O
6054,CC(C)c1ccccc1S(=O)(=O)O,0,OK,6054,CC(C)c1ccccc1S(=O)(=O)O
6055,NC(=O)c1ccc(N)cc1,0,OK,6055,NC(=O)c1ccc(N)cc1
6056,Cc1ccc(N)cc1O,0,OK,6056,Cc1ccc(N)cc1O
6057,Cc1cc(O)ccc1N,0,OK,6057,Cc1cc(O)ccc1N
6061,CNC(=O)c1cc(Oc2ccc(NC(=O)Nc3ccc(Cl)c(C(F)(F)F)c3)cc2)ccn1,0,OK,6061,CNC(=O)c1cc(Oc2ccc(NC(=O)Nc3ccc(Cl)c(C(F)(F)F)c3)cc2)ccn1
6063,CC(=O)Nc1cc(N(CCC#N)CCOC(C)=O)ccc1N=Nc1ccc([N+](=O)[O-])cc1Cl,0,OK,6063,CC(=O)Nc1cc(N(CCC#N)CCOC(C)=O)ccc1N=Nc1ccc([N+](=O)[O-])cc1Cl
6064,CC(C)CCCCCCCOC(=O)CCCCCCCC(=O)OCCCCCCCC(C)C,0,OK,6064,CC(C)CCCCCCCOC(=O)CCCCCCCC(=O)OCCCCCCCC(C)C
6066,C=C(C)C(=O)OCC(O)COC(=O)C(=C)C,0,OK,6066,C=C(C)C(=O)OCC(O)COC(=O)C(=C)C
6068,CC1(C)CC(N)CC(C)(CN)C1,0,OK,6068,CC1(C)CC(N)CC(C)(CN)C1
6079,C=C(C)C(=O)OCCN(C)C,0,OK,6079,C=C(C)C(=O)OCCN(C)C
6081,C1CCCC1,0,OK,6081,C1CCCC1
6083,Nc1ccc(NCCO)c([N+](=O)[O-])c1,0,OK,6083,Nc1ccc(NCCO)c([N+](=O)[O-])c1
6085,c1cc(N(CC2CO2)CC2CO2)ccc1Cc1ccc(N(CC2CO2)CC2CO2)cc1,1,OK,6085,c1cc(N(CC2CO2)CC2CO2)ccc1Cc1ccc(N(CC2CO2)CC2CO2)cc1
6087,c1cc2c(s1)CCNC2,0,OK,6087,c1cc2c(s1)CCNC2
6091,c1c[nH]cn1,0,OK,6091,c1c[nH]cn1
6092,c1nc[nH]n1,0,OK,6092,c1nc[nH]n1
6105,CC1(C)CC(=O)CC(C)(C)N1[O],0,OK,6105,CC1(C)CC(=O)CC(C)(C)N1[O]
6106,C=CC(=O)OCCOCC(CC)(COCCOC(=O)C=C)COCCOC(=O)C=C,0,OK,6106,C=CC(=O)OCCOCC(CC)(COCCOC(=O)C=C)COCCOC(=O)C=C
6107,CCO[Si](C)(CCCOCC1CO1)OCC,0,OK,6107,CCO[Si](C)(CCCOCC1CO1)OCC
6112,CC(C)OCCCN,0,OK,6112,CC(C)OCCCN
6117,CCCCC(CC)COC(=O)CCC(=O)OCC(CC)CCCC,0,OK,6117,CCCCC(CC)COC(=O)CCC(=O)OCC(CC)CCCC
6118,C#CC(C)(O)CCC=C(C)C,0,OK,6118,C#CC(C)(O)CCC=C(C)C
6121,CCOP(=S)(OCC)Oc1nc(Cl)c(Cl)cc1Cl,0,OK,6121,CCOP(=S)(OCC)Oc1nc(Cl)c(Cl)cc1Cl
6124,CCN(CC)c1nc(C)cc(OP(=S)(OC)OC)n1,0,OK,6124,CCN(CC)c1nc(C)cc(OP(=S)(OC)OC)n1
6125,CC(C)c1cccc2ccccc12,0,OK,6125,CC(C)c1cccc2ccccc12
6132,Cc1ccc2n[nH]nc2c1,0,OK,6132,Cc1ccc2n[nH]nc2c1
6135,O=S(=O)(O)C(F)(F)C(F)(F)C(F)(F)C(F)(F)F,0,OK,6135,O=S(=O)(O)C(F)(F)C(F)(F)C(F)(F)C(F)(F)F
6144,C=CCSC(=S)OCCCCC,0,OK,6144,C=CCSC(=S)OCCCCC
6148,CCOC(=O)C=CC=O,0,OK,6148,CCOC(=O)C=CC=O
6156,COc1cc(Br)c(C=O)cc1O,0,OK,6156,COc1cc(Br)c(C=O)cc1O
6157,O=C(O)C(O)S(=O)(=O)O,0,OK,6157,O=C(O)C(O)S(=O)(=O)O
6158,C1C[O][Sb]2[O]CC[O][Sb]([O]1)[O]CC[O]2,0,OK,6158,C1C[O][Sb]2[O]CC[O][Sb]([O]1)[O]CC[O]2
6162,ClC(Cl)c1ccccc1,0,OK,6162,ClC(Cl)c1ccccc1
6166,CCCCCCCCCCCCCCCC(=O)OCC(CC)CCCC,0,OK,6166,CCCCCCCCCCCCCCCC(=O)OCC(CC)CCCC
6197,CC(=O)OCCN(CCOC(C)=O)c1ccc(N=Nc2ccc([N+](=O)[O-])cc2C#N)cc1,0,OK,6197,CC(=O)OCCN(CCOC(C)=O)c1ccc(N=Nc2ccc([N+](=O)[O-])cc2C#N)cc1
6198,O=C1c2c(Cl)c(Cl)c(Cl)c(Cl)c2C(=O)C1c1ccc2cccc(N3C(=O)c4c(Cl)c(Cl)c(Cl)c(Cl)c4C3=O)c2n1,0,OK,6198,O=C1c2c(Cl)c(Cl)c(Cl)c(Cl)c2C(=O)C1c1ccc2cccc(N3C(=O)c4c(Cl)c(Cl)c(Cl)c(Cl)c4C3=O)c2n1
6202,OC(O)C(Cl)(Cl)Cl,0,OK,6202,OC(O)C(Cl)(Cl)Cl
6207,CCCCCCOC(=O)c1ccccc1C(=O)c1ccc(N(CC)CC)cc1O,0,OK,6207,CCCCCCOC(=O)c1ccccc1C(=O)c1ccc(N(CC)CC)cc1O
6213,CC(O)C#CC(C)O,0,OK,6213,CC(O)C#CC(C)O
6217,CN(C)CCOCCN(C)C,0,OK,6217,CN(C)CCOCCN(C)C
6218,C[N+](C)(C)CC1CO1,1,OK,6218,C[N+](C)(C)CC1CO1
6221,n1nc(Nc2nn[nH]n2)n[nH]1,0,OK,6221,n1nc(Nc2nn[nH]n2)n[nH]1
6225,O=C(O)C(O)C(O)C(=O)O,0,OK,6225,O=C(O)C(O)C(O)C(=O)O
6238,FC1(F)C(F)(F)C(F)(F)C2(F)C(F)(F)C(F)(F)C(F)(F)C(F)(F)C2(F)C1(F)F,0,OK,6238,FC1(F)C(F)(F)C(F)(F)C2(F)C(F)(F)C(F)(F)C(F)(F)C(F)(F)C2(F)C1(F)F
6249,CO[Si](C)(CCCNCCN)OC,0,OK,6249,CO[Si](C)(CCCNCCN)OC
6251,FC(F)(F)C(F)(F)C(F)(F)C(F)(F)C(F)(F)C(F)(F)C(F)(F)C(F)(F)F,0,OK,6251,FC(F)(F)C(F)(F)C(F)(F)C(F)(F)C(F)(F)C(F)(F)C(F)(F)C(F)(F)F
6275,O=c1c2cc(Cl)ccc2[nH]c2cc3c(=O)c4cc(Cl)ccc4[nH]c3cc12,0,OK,6275,O=c1c2cc(Cl)ccc2[nH]c2cc3c(=O)c4cc(Cl)ccc4[nH]c3cc12
6281,O=C1CCCCCCC=CCCCCCCC1,0,OK,6281,O=C1CCCCCCC=CCCCCCCC1
6283,CC(C)(C)c1ccc(OCC2CO2)cc1,0,OK,6283,CC(C)(C)c1ccc(OCC2CO2)cc1
6291,CCCCCCCCCc1ccc(OCC(=O)O)cc1,0,OK,6291,CCCCCCCCCc1ccc(OCC(=O)O)cc1
6296,CCCCCCCCCCCCCCCCCCc1ccccc1S(=O)(=O)O,0,OK,6296,CCCCCCCCCCCCCCCCCCc1ccccc1S(=O)(=O)O
6297,c1ccc(-c2ccc(-c3nc(-c4ccc(-c5ccccc5)cc4)nc(-c4ccc(-c5ccccc5)cc4)n3)cc2)cc1,0,OK,6297,c1ccc(-c2ccc(-c3nc(-c4ccc(-c5ccccc5)cc4)nc(-c4ccc(-c5ccccc5)cc4)n3)cc2)cc1
6299,O=C(CCCCC(=O)OCC1CCC2OC2C1)OCC1CCC2OC2C1,0,OK,6299,O=C(CCCCC(=O)OCC1CCC2OC2C1)OCC1CCC2OC2C1
6305,C=CCCC(=O)C(=C)C1CCCCC1,0,OK,6305,C=CCCC(=O)C(=C)C1CCCCC1
6308,CCc1cc(C)cc(CC)c1C(C(N)=O)C(N)=O,0,OK,6308,CCc1cc(C)cc(CC)c1C(C(N)=O)C(N)=O
6312,CC(=O)NNC(C)=O,0,OK,6312,CC(=O)NNC(C)=O
6315,CN(C)CCCNC(N)=O,0,OK,6315,CN(C)CCCNC(N)=O
6318,CC(=O)OCCCCCC(C)C,0,OK,6318,CC(=O)OCCCCCC(C)C
6319,CCCCCCCCCCCCCCCCCC(=O)OCC(O)CO,0,OK,6319,CCCCCCCCCCCCCCCCCC(=O)OCC(O)CO
6320,O=C1Nc2ccccc2Sc2ccccc21,0,OK,6320,O=C1Nc2ccccc2Sc2ccccc21
6329,O=C=Nc1cccc2c(N=C=O)cccc12,0,OK,6329,O=C=Nc1cccc2c(N=C=O)cccc12
6332,COc1ccc(NC(=O)C(N=Nc2ccc(-c3ccc(N=NC(C(C)=O)C(=O)Nc4ccc(OC)cc4)c(Cl)c3)cc2Cl)C(C)=O)cc1,0,OK,6332,COc1ccc(NC(=O)C(N=Nc2ccc(-c3ccc(N=NC(C(C)=O)C(=O)Nc4ccc(OC)cc4)c(Cl)c3)cc2Cl)C(C)=O)cc1
6333,CCOc1ccc(NC(=O)C(N=Nc2ccc(-c3ccc(N=NC(C(C)=O)C(=O)Nc4ccc(OCC)cc4)c(Cl)c3)cc2Cl)C(C)=O)cc1,0,OK,6333,CCOc1ccc(NC(=O)C(N=Nc2ccc(-c3ccc(N=NC(C(C)=O)C(=O)Nc4ccc(OCC)cc4)c(Cl)c3)cc2Cl)C(C)=O)cc1
6334,CC(S)CC(=O)OCC(COC(=O)CC(C)S)(COC(=O)CC(C)S)COC(=O)CC(C)S,0,OK,6334,CC(S)CC(=O)OCC(COC(=O)CC(C)S)(COC(=O)CC(C)S)COC(=O)CC(C)S
6338,C=C(C)C(=O)OCCCCCCCCCC,0,OK,6338,C=C(C)C(=O)OCCCCCCCCCC
6340,CCO[Si](C)(CCCN)OCC,0,OK,6340,CCO[Si](C)(CCCN)OCC
6341,C[Si](O)(O)O,0,OK,6341,C[Si](O)(O)O
6356,C=CS(=O)(=O)CCOCCNc1nc(F)nc(Nc2ccc(N=Nc3ccc(N=Nc4cc(S(=O)(=O)O)c5cc(S(=O)(=O)O)cc(S(=O)(=O)O)c5c4)cc3)cc2)n1,0,OK,6356,C=CS(=O)(=O)CCOCCNc1nc(F)nc(Nc2ccc(N=Nc3ccc(N=Nc4cc(S(=O)(=O)O)c5cc(S(=O)(=O)O)cc(S(=O)(=O)O)c5c4)cc3)cc2)n1
6357,C#CCOCCOCCOCCOCCOCCOCCOCCOCCOCCOCCOCCOCCOCCO,0,OK,6357,C#CCOCCOCCOCCOCCOCCOCCOCCOCCOCCOCCOCCOCCOCCO
6365,C=C(C)C(=O)OCCCCCCCCCCCCCCCCCC,0,OK,6365,C=C(C)C(=O)OCCCCCCCCCCCCCCCCCC
6371,CC1=CC(=C(c2ccc(N)c(C)c2)c2ccc(N)c(C)c2)C=CC1=N,0,OK,6371,CC1=CC(=C(c2ccc(N)c(C)c2)c2ccc(N)c(C)c2)C=CC1=N
6383,CSCCC=O,1,OK,6383,CSCCC=O
6384,CC(C)(C)c1cc(CCC(=O)NNC(=O)CCc2cc(C(C)(C)C)c(O)c(C(C)(C)C)c2)cc(C(C)(C)C)c1O,0,OK,6384,CC(C)(C)c1cc(CCC(=O)NNC(=O)CCc2cc(C(C)(C)C)c(O)c(C(C)(C)C)c2)cc(C(C)(C)C)c1O
6388,O=c1c2ccccc2c(=O)c2c1ccc1c3ccc4c(O)c5ccccc5c5ccc(nc12)c3c45,0,OK,6388,O=c1c2ccccc2c(=O)c2c1ccc1c3ccc4c(O)c5ccccc5c5ccc(nc12)c3c45
6391,C=CS(=O)(=O)CS(=O)(=O)C=C,0,OK,6391,C=CS(=O)(=O)CS(=O)(=O)C=C
6392,CCC(C)(C)c1ccccc1O,0,OK,6392,CCC(C)(C)c1ccccc1O
6394,FC(F)(F)c1ccc(Cl)c(Cl)c1,0,OK,6394,FC(F)(F)c1ccc(Cl)c(Cl)c1
6395,O=C(O)c1ccc(C(F)(F)F)cc1O,0,OK,6395,O=C(O)c1ccc(C(F)(F)F)cc1O
6398,CN(C1CCCCC1)S(=O)(=O)c1ccccc1N=Nc1c(N)ccc2cc(S(=O)(=O)O)cc(O)c12,0,OK,6398,CN(C1CCCCC1)S(=O)(=O)c1ccccc1N=Nc1c(N)ccc2cc(S(=O)(=O)O)cc(O)c12
6399,C=C(C)C(=O)OCC(CC)(COC(=O)C(=C)C)COC(=O)C(=C)C,0,OK,6399,C=C(C)C(=O)OCC(CC)(COC(=O)C(=C)C)COC(=O)C(=C)C
6400,CC(=O)O[Si](C)(OC(C)=O)OC(C)C,0,OK,6400,CC(=O)O[Si](C)(OC(C)=O)OC(C)C
6401,N#Cc1ccc(Nc2nc(Cl)cc(Cl)n2)cc1,0,OK,6401,N#Cc1ccc(Nc2nc(Cl)cc(Cl)n2)cc1
6402,COc1cccc2c1CCC(=O)C2,0,OK,6402,COc1cccc2c1CCC(=O)C2
6404,CC(C)COC(=O)c1cc(N)c(Cl)c(N)c1,0,OK,6404,CC(C)COC(=O)c1cc(N)c(Cl)c(N)c1
6405,CC1CC=CCCCCCCCC(=O)OCC1,0,OK,6405,CC1CC=CCCCCCCCC(=O)OCC1
6407,CN(C)C(=O)Nc1ccc(Cl)c(Cl)c1,0,OK,6407,CN(C)C(=O)Nc1ccc(Cl)c(Cl)c1
6420,O=[N+]([O-])c1cc(N(CCO)CCO)ccc1NCCO,0,OK,6420,O=[N+]([O-])c1cc(N(CCO)CCO)ccc1NCCO
6422,C[N+](C)(C)CC(O)CCl,0,OK,6422,C[N+](C)(C)CC(O)CCl
6433,CCCC[O][Sn]([CH2]CCC)([CH2]CCC)[O]CCCC,0,OK,6433,CCCC[O][Sn]([CH2]CCC)([CH2]CCC)[O]CCCC
6434,FC(F)(F)C1(F)C(F)(F)C(F)(F)C(F)(F)C(F)(C(F)(F)F)C1(F)F,0,OK,6434,FC(F)(F)C1(F)C(F)(F)C(F)(F)C(F)(F)C(F)(C(F)(F)F)C1(F)F
6441,CCC(C)Nc1c([N+](=O)[O-])cc(C(C)(C)C)cc1[N+](=O)[O-],0,OK,6441,CCC(C)Nc1c([N+](=O)[O-])cc(C(C)(C)C)cc1[N+](=O)[O-]
6442,CC(C)CCCCCCOC(=O)CCCCC(=O)OCCCCCCC(C)C,0,OK,6442,CC(C)CCCCCCOC(=O)CCCCC(=O)OCCCCCCC(C)C
6444,CC(Cc1ccc(O)cc1)NCC(=O)c1cc(O)cc(O)c1,0,OK,6444,CC(Cc1ccc(O)cc1)NCC(=O)c1cc(O)cc(O)c1
6448,COCc1cc(N)ccc1N,0,OK,6448,COCc1cc(N)ccc1N
6450,Oc1cc(Cl)ccc1Oc1ccc(Cl)cc1,0,OK,6450,Oc1cc(Cl)ccc1Oc1ccc(Cl)cc1
6452,CC1CC2CCC3C(C2O1)C(C)(C)C(C)C3(C)C,0,OK,6452,CC1CC2CCC3C(C2O1)C(C)(C)C(C)C3(C)C
6465,CCC(C)=NO[Si](ON=C(C)CC)(ON=C(C)CC)c1ccccc1,0,OK,6465,CCC(C)=NO[Si](ON=C(C)CC)(ON=C(C)CC)c1ccccc1
6467,c1cc(C2=NCCO2)cc(C2=NCCO2)c1,0,OK,6467,c1cc(C2=NCCO2)cc(C2=NCCO2)c1
6471,CCC(C)=NO[Si](ON=C(C)CC)(ON=C(C)CC)ON=C(C)CC,0,OK,6471,CCC(C)=NO[Si](ON=C(C)CC)(ON=C(C)CC)ON=C(C)CC
6477,CCn1cc[n+](C)c1,0,OK,6477,CCn1cc[n+](C)c1
6482,O=P(O)(O)c1ccccc1,0,OK,6482,O=P(O)(O)c1ccccc1
6486,CN(O)CCO,0,OK,6486,CN(O)CCO
6487,CCCCC(CC)COP(=O)(O)OCC(CC)CCCC,0,OK,6487,CCCCC(CC)COP(=O)(O)OCC(CC)CCCC
6488,CCN(CCOC(C)OCC(C)C)c1ccc(N=Nc2ccccc2)cc1,0,OK,6488,CCN(CCOC(C)OCC(C)C)c1ccc(N=Nc2ccccc2)cc1
6490,CCCCC(CC)COC(=O)OOC(C)(C)C,0,OK,6490,CCCCC(CC)COC(=O)OOC(C)(C)C
6499,C=CCCCCCCCCCCCCCCCCCC,0,OK,6499,C=CCCCCCCCCCCCCCCCCCC
6528,COC(=O)c1nc(Cl)cc(NC(C)=O)c1Cl,0,OK,6528,COC(=O)c1nc(Cl)cc(NC(C)=O)c1Cl
6531,CC(Br)C(=O)c1ccc(OCc2ccccc2)cc1,0,OK,6531,CC(Br)C(=O)c1ccc(OCc2ccccc2)cc1
6537,CN1C2CCC1CC(OS(C)(=O)=O)C2,0,OK,6537,CN1C2CCC1CC(OS(C)(=O)=O)C2
6546,CCSCC,0,OK,6546,CCSCC
6547,CC1=NN(c2ccccc2)C(=O)C1N=Nc1ccc(-c2ccc(N=NC3C(=O)N(c4ccccc4)N=C3C)c(Cl)c2)cc1Cl,0,OK,6547,CC1=NN(c2ccccc2)C(=O)C1N=Nc1ccc(-c2ccc(N=NC3C(=O)N(c4ccccc4)N=C3C)c(Cl)c2)cc1Cl
6554,CCC(C)NCCO,0,OK,6554,CCC(C)NCCO
6560,O=C(O)c1cn2cc(C(F)(F)F)cc(Cl)c2n1,0,OK,6560,O=C(O)c1cn2cc(C(F)(F)F)cc(Cl)c2n1
6564,FC(Cl)C(F)(Cl)Cl,0,OK,6564,FC(Cl)C(F)(Cl)Cl
6565,FC(F)C(F)(F)F,0,OK,6565,FC(F)C(F)(F)F
6566,FC(F)(F)C(F)(F)I,0,OK,6566,FC(F)(F)C(F)(F)I
6569,CCCCCCC[CH2][Sn]([Cl])([Cl])[CH2]CCCCCCC,0,OK,6569,CCCCCCC[CH2][Sn]([Cl])([Cl])[CH2]CCCCCCC
6573,FC(F)(F)C1(F)C(F)(F)C(F)(F)C(F)(F)C(F)(F)C1(F)F,0,OK,6573,FC(F)(F)C1(F)C(F)(F)C(F)(F)C(F)(F)C(F)(F)C1(F)F
6574,FC(F)(F)C(F)(F)C(F)(F)C(F)(C(F)(F)F)C(F)(F)F,0,OK,6574,FC(F)(F)C(F)(F)C(F)(F)C(F)(C(F)(F)F)C(F)(F)F
6581,Nc1cc(S(=O)(=O)O)cc2cc(S(=O)(=O)O)c(N=Nc3ccccc3)c(O)c12,0,OK,6581,Nc1cc(S(=O)(=O)O)cc2cc(S(=O)(=O)O)c(N=Nc3ccccc3)c(O)c12
6586,CCN(CC)c1ccc2cc(-c3nc4cc(Cl)ccc4o3)c(=O)oc2c1,0,OK,6586,CCN(CC)c1ccc2cc(-c3nc4cc(Cl)ccc4o3)c(=O)oc2c1
6594,OCOCCOCO,0,OK,6594,OCOCCOCO
6595,O=C(Nc1ccc(NC(=O)c2cc3ccccc3c(N=Nc3ccc(Cl)cc3[N+](=O)[O-])c2O)c(Cl)c1)c1cc2ccccc2c(N=Nc2ccc(Cl)cc2[N+](=O)[O-])c1O,0,OK,6595,O=C(Nc1ccc(NC(=O)c2cc3ccccc3c(N=Nc3ccc(Cl)cc3[N+](=O)[O-])c2O)c(Cl)c1)c1cc2ccccc2c(N=Nc2ccc(Cl)cc2[N+](=O)[O-])c1O
6596,CC(C)=CCCC(C)CC#N,0,OK,6596,CC(C)=CCCC(C)CC#N
6601,CCCCCCCCC=CCCCCCCCC(=O)OCCCCCCCCCCCC,0,OK,6601,CCCCCCCCC=CCCCCCCCC(=O)OCCCCCCCCCCCC
6605,CCCCC(=O)OCC(=O)C1C(C)CC2C3CC(F)C4=CC(=O)C=CC4(C)C3C(O)CC21C,0,OK,6605,CCCCC(=O)OCC(=O)C1C(C)CC2C3CC(F)C4=CC(=O)C=CC4(C)C3C(O)CC21C
6611,COc1cc(N=Nc2c(Br)cc([N+](=O)[O-])cc2[N+](=O)[O-])c(NC(C)=O)cc1N(CCOC(C)=O)CCOC(C)=O,0,OK,6611,COc1cc(N=Nc2c(Br)cc([N+](=O)[O-])cc2[N+](=O)[O-])c(NC(C)=O)cc1N(CCOC(C)=O)CCOC(C)=O
6612,COc1cc(N=Nc2c(Cl)cc([N+](=O)[O-])cc2[N+](=O)[O-])c(NC(C)=O)cc1N(CCOC(C)=O)CCOC(C)=O,0,OK,6612,COc1cc(N=Nc2c(Cl)cc([N+](=O)[O-])cc2[N+](=O)[O-])c(NC(C)=O)cc1N(CCOC(C)=O)CCOC(C)=O
6619,O=C(Nc1ccc2c(O)c(N=Nc3ccccc3)c(S(=O)(=O)O)cc2c1)Nc1ccc2c(O)c(N=Nc3ccccc3)c(S(=O)(=O)O)cc2c1,0,OK,6619,O=C(Nc1ccc2c(O)c(N=Nc3ccccc3)c(S(=O)(=O)O)cc2c1)Nc1ccc2c(O)c(N=Nc3ccccc3)c(S(=O)(=O)O)cc2c1
6622,O=C=NCc1cccc(CN=C=O)c1,0,OK,6622,O=C=NCc1cccc(CN=C=O)c1
6628,C=CC(=O)NCOC,0,OK,6628,C=CC(=O)NCOC
6629,C=C(C)C(=O)NCOC,0,OK,6629,C=C(C)C(=O)NCOC
6630,Cc1cc(CCC(=O)OCCOCCOCCOC(=O)CCc2cc(C)c(O)c(C(C)(C)C)c2)cc(C(C)(C)C)c1O,0,OK,6630,Cc1cc(CCC(=O)OCCOCCOCCOC(=O)CCc2cc(C)c(O)c(C(C)(C)C)c2)cc(C(C)(C)C)c1O
6632,CCCCCCCCCCCC(=O)[O][Sn]([CH2]CCCCCCC)([CH2]CCCCCCC)[O]C(=O)CCCCCCCCCCC,0,OK,6632,CCCCCCCCCCCC(=O)[O][Sn]([CH2]CCCCCCC)([CH2]CCCCCCC)[O]C(=O)CCCCCCCCCCC
6633,CCCCCCCCCCCOC(=O)c1ccccc1C(=O)OCCCCCCCCCCC,0,OK,6633,CCCCCCCCCCCOC(=O)c1ccccc1C(=O)OCCCCCCCCCCC
6637,Cc1[nH]n(C)c(=O)c1C(=O)c1ccc(C(F)(F)F)cc1S(C)(=O)=O,0,OK,6637,Cc1[nH]n(C)c(=O)c1C(=O)c1ccc(C(F)(F)F)cc1S(C)(=O)=O
6638,CC1C(C)(C)C2=C(C3OCOCC3CC2)C1(C)C,0,OK,6638,CC1C(C)(C)C2=C(C3OCOCC3CC2)C1(C)C
6640,CC1=C(O)C(=O)C(C)O1,1,OK,6640,CC1=C(O)C(=O)C(C)O1
6644,CCCCCCCCCCCCCCCCO,0,OK,6644,CCCCCCCCCCCCCCCCO
6646,C[N+](C)(C)CC(O)CC(=O)O,0,OK,6646,C[N+](C)(C)CC(O)CC(=O)O
6650,O=C(O)CS,0,OK,6650,O=C(O)CS
6656,CCCCCCCCC=CCCCCCCCCOC(=O)CCCCCCCC=CCCCCCCCC,0,OK,6656,CCCCCCCCC=CCCCCCCCCOC(=O)CCCCCCCC=CCCCCCCCC
6659,O=C1NC(=O)C(=C2N=C(c3c(O)[nH]c(=O)[nH]c3=O)c3ccccc32)C(=O)N1,0,OK,6659,O=C1NC(=O)C(=C2N=C(c3c(O)[nH]c(=O)[nH]c3=O)c3ccccc32)C(=O)N1
6666,Nc1ccc(F)cc1,0,OK,6666,Nc1ccc(F)cc1
6672,CC(O)CN(CC(C)O)c1nc(Nc2ccc(C=Cc3ccc(Nc4nc(Nc5cc(S(=O)(=O)O)ccc5S(=O)(=O)O)nc(N(CC(C)O)CC(C)O)n4)cc3S(=O)(=O)O)c(S(=O)(=O)O)c2)nc(Nc2cc(S(=O)(=O)O)ccc2S(=O)(=O)O)n1,0,OK,6672,CC(O)CN(CC(C)O)c1nc(Nc2ccc(C=Cc3ccc(Nc4nc(Nc5cc(S(=O)(=O)O)ccc5S(=O)(=O)O)nc(N(CC(C)O)CC(C)O)n4)cc3S(=O)(=O)O)c(S(=O)(=O)O)c2)nc(Nc2cc(S(=O)(=O)O)ccc2S(=O)(=O)O)n1
6674,O=C(CCNc1ccc(N=Nc2ccc([N+](=O)[O-])cc2)cc1Cl)OCC(=O)OCCN1C(=O)c2ccccc2C1=O,0,OK,6674,O=C(CCNc1ccc(N=Nc2ccc([N+](=O)[O-])cc2)cc1Cl)OCC(=O)OCCN1C(=O)c2ccccc2C1=O
6675,C=CS(=O)(=O)c1ccc(N=Nc2c(S(=O)(=O)O)cc3cc(S(=O)(=O)O)c(N=Nc4ccc(S(=O)(=O)C=C)cc4S(=O)(=O)O)c(O)c3c2N)cc1,0,OK,6675,C=CS(=O)(=O)c1ccc(N=Nc2c(S(=O)(=O)O)cc3cc(S(=O)(=O)O)c(N=Nc4ccc(S(=O)(=O)C=C)cc4S(=O)(=O)O)c(O)c3c2N)cc1
6676,CC(=O)Nc1cc(N(CCOC(C)=O)CCOC(C)=O)ccc1N=Nc1ccc([N+](=O)[O-])cc1O,0,OK,6676,CC(=O)Nc1cc(N(CCOC(C)=O)CCOC(C)=O)ccc1N=Nc1ccc([N+](=O)[O-])cc1O
6683,O=C1c2c(O)ccc([N+](=O)[O-])c2C(=O)c2c(O)ccc(Nc3ccccc3)c21,0,OK,6683,O=C1c2c(O)ccc([N+](=O)[O-])c2C(=O)c2c(O)ccc(Nc3ccccc3)c21
6684,CC(=O)CC(C)(C)OO,0,OK,6684,CC(=O)CC(C)(C)OO
6704,CC(C)(C)N(Sc1nc2ccccc2s1)Sc1nc2ccccc2s1,0,OK,6704,CC(C)(C)N(Sc1nc2ccccc2s1)Sc1nc2ccccc2s1
6706,Nc1c(I)c(C(=O)Cl)c(I)c(C(=O)Cl)c1I,0,OK,6706,Nc1c(I)c(C(=O)Cl)c(I)c(C(=O)Cl)c1I
6710,OCCS,0,OK,6710,OCCS
6729,C=C(C)C(=O)OCCNC(C)(C)C,0,OK,6729,C=C(C)C(=O)OCCNC(C)(C)C
6733,CCCC(C)=NO[Si](C)(ON=C(C)CCC)ON=C(C)CCC,0,OK,6733,CCCC(C)=NO[Si](C)(ON=C(C)CCC)ON=C(C)CCC
6739,O=P(OCCCl)(OCCCl)OCC(CCl)(CCl)COP(=O)(OCCCl)OCCCl,0,OK,6739,O=P(OCCCl)(OCCCl)OCC(CCl)(CCl)COP(=O)(OCCCl)OCCCl
6740,CCCCCCCCCCCCCCCCCCOP1OCC2(CO1)COP(OCCCCCCCCCCCCCCCCCC)OC2,0,OK,6740,CCCCCCCCCCCCCCCCCCOP1OCC2(CO1)COP(OCCCCCCCCCCCCCCCCCC)OC2
6741,CC(C)(C)C(=O)C(Oc1ccc(Cl)cc1)n1ccnc1,0,OK,6741,CC(C)(C)C(=O)C(Oc1ccc(Cl)cc1)n1ccnc1
6742,CC(C)(c1ccc(Oc2ccc3c(c2)C(=O)OC3=O)cc1)c1ccc(Oc2ccc3c(c2)C(=O)OC3=O)cc1,0,OK,6742,CC(C)(c1ccc(Oc2ccc3c(c2)C(=O)OC3=O)cc1)c1ccc(Oc2ccc3c(c2)C(=O)OC3=O)cc1
6743,[O-][Cl+2]([O-])O,0,OK,6743,[O-][Cl+2]([O-])O
6745,CCC(CC)CC1(C(=O)O)CCCCC1,0,OK,6745,CCC(CC)CC1(C(=O)O)CCCCC1
6746,CC1CO1,0,OK,6746,CC1CO1
6760,O=C(NCCCCCCNC(=O)S(=O)(=O)O)S(=O)(=O)O,0,OK,6760,O=C(NCCCCCCNC(=O)S(=O)(=O)O)S(=O)(=O)O
6761,CC(C)c1cccc2c(C(C)C)cccc12,0,OK,6761,CC(C)c1cccc2c(C(C)C)cccc12
6763,O=C=NCC1CCCC(CN=C=O)C1,0,OK,6763,O=C=NCC1CCCC(CN=C=O)C1
6767,O=c1c2ccccc2[nH]c2c(Cl)c3c(=O)c4ccccc4[nH]c3c(Cl)c12,0,OK,6767,O=c1c2ccccc2[nH]c2c(Cl)c3c(=O)c4ccccc4[nH]c3c(Cl)c12
6772,CC(c1ccccc1)c1ccccc1,0,OK,6772,CC(c1ccccc1)c1ccccc1
6777,Cc1cc(-n2nc3ccc(Cl)cc3n2)c(O)c(C(C)(C)C)c1,0,OK,6777,Cc1cc(-n2nc3ccc(Cl)cc3n2)c(O)c(C(C)(C)C)c1
6782,O=C(Nc1ccc(NC(=O)c2cc3ccccc3c(N=Nc3cc(Cl)ccc3Cl)c2O)cc1)c1cc2ccccc2c(N=Nc2cc(Cl)ccc2Cl)c1O,0,OK,6782,O=C(Nc1ccc(NC(=O)c2cc3ccccc3c(N=Nc3cc(Cl)ccc3Cl)c2O)cc1)c1cc2ccccc2c(N=Nc2cc(Cl)ccc2Cl)c1O
6786,CCO[P+](=O)[O-],0,OK,6786,CCO[P+](=O)[O-]
6791,CN1C(=O)N(C)C(O)C1O,0,OK,6791,CN1C(=O)N(C)C(O)C1O
6792,O=C(NCNC(=O)NC1C(=O)NC(=O)N1CO)NC1C(=O)NC(=O)N1CO,0,OK,6792,O=C(NCNC(=O)NC1C(=O)NC(=O)N1CO)NC1C(=O)NC(=O)N1CO
6794,O=C(O)CCl,1,OK,6794,O=C(O)CCl
6802,OCCCCCCCCCO,0,OK,6802,OCCCCCCCCCO
6803,CCC(COCC(C)C)(COCC(C)C)COCC(C)N,0,OK,6803,CCC(COCC(C)C)(COCC(C)C)COCC(C)N
6816,C=CCCC(=O)Cl,0,OK,6816,C=CCCC(=O)Cl
6826,OC1CSC(O)CS1,0,OK,6826,OC1CSC(O)CS1
6840,Cc1ccc(S(=O)(=O)OCCc2cccs2)cc1,0,OK,6840,Cc1ccc(S(=O)(=O)OCCc2cccs2)cc1
6846,CCOC(=O)OCCOc1cc(O)c2c(c1N)C(=O)c1ccccc1C2=O,0,OK,6846,CCOC(=O)OCCOc1cc(O)c2c(c1N)C(=O)c1ccccc1C2=O
6847,CC(=O)OC1C2(C)CCC(C2)C1(C)C,0,OK,6847,CC(=O)OC1C2(C)CCC(C2)C1(C)C
6848,FC(F)=C(F)OC(F)(F)C(F)(F)C(F)(F)OC(F)(F)F,0,OK,6848,FC(F)=C(F)OC(F)(F)C(F)(F)C(F)(F)OC(F)(F)F
6849,N#CCCN(CCC#N)c1ccc(N=Nc2ccc([N+](=O)[O-])cc2Cl)cc1,0,OK,6849,N#CCCN(CCC#N)c1ccc(N=Nc2ccc([N+](=O)[O-])cc2Cl)cc1
6851,FC(F)C(F)(F)OCC(F)(F)F,0,OK,6851,FC(F)C(F)(F)OCC(F)(F)F
6857,CCCC1CCC(=O)CC1,0,OK,6857,CCCC1CCC(=O)CC1
6868,Cc1ccc(S(=O)(=O)N=C=O)cc1,0,OK,6868,Cc1ccc(S(=O)(=O)N=C=O)cc1
6872,CC1(C)COP(=S)(OP2(=S)OCC(C)(C)CO2)OC1,0,OK,6872,CC1(C)COP(=S)(OP2(=S)OCC(C)(C)CO2)OC1
6879,CC1(C)CC(N=C=O)CC(C)(CN=C=O)C1,0,OK,6879,CC1(C)CC(N=C=O)CC(C)(CN=C=O)C1
6881,Cc1nc2ccccn2c(=O)c1CCCl,0,OK,6881,Cc1nc2ccccn2c(=O)c1CCCl
6882,Cl[SiH2]Cl,0,OK,6882,Cl[SiH2]Cl
6883,CCN(CC)c1nc(Nc2ccc(C=Cc3ccc(Nc4nc(Nc5cc(S(=O)(=O)O)ccc5S(=O)(=O)O)nc(N(CC)CC)n4)cc3S(=O)(=O)O)c(S(=O)(=O)O)c2)nc(Nc2cc(S(=O)(=O)O)ccc2S(=O)(=O)O)n1,0,OK,6883,CCN(CC)c1nc(Nc2ccc(C=Cc3ccc(Nc4nc(Nc5cc(S(=O)(=O)O)ccc5S(=O)(=O)O)nc(N(CC)CC)n4)cc3S(=O)(=O)O)c(S(=O)(=O)O)c2)nc(Nc2cc(S(=O)(=O)O)ccc2S(=O)(=O)O)n1
6885,O=C1c2ccccc2C(=O)c2c(Nc3nc(Nc4cccc5c4C(=O)c4ccccc4C5=O)nc(-c4ccccc4)n3)cccc21,0,OK,6885,O=C1c2ccccc2C(=O)c2c(Nc3nc(Nc4cccc5c4C(=O)c4ccccc4C5=O)nc(-c4ccccc4)n3)cccc21
6886,CCCSP(=O)(OCC)Oc1ccc(Br)cc1Cl,0,OK,6886,CCCSP(=O)(OCC)Oc1ccc(Br)cc1Cl
6890,CNc1ccc(C(=O)O)cc1[N+](=O)[O-],0,OK,6890,CNc1ccc(C(=O)O)cc1[N+](=O)[O-]
6895,CCc1cccc2c(CCO)c[nH]c12,0,OK,6895,CCc1cccc2c(CCO)c[nH]c12
6899,CCOC(=O)c1ccnc(C(=O)OCC)c1,0,OK,6899,CCOC(=O)c1ccnc(C(=O)OCC)c1
6900,C=CCc1cc(S(=O)(=O)c2ccc(O)c(CC=C)c2)ccc1O,0,OK,6900,C=CCc1cc(S(=O)(=O)c2ccc(O)c(CC=C)c2)ccc1O
6905,O=S(=O)(O)c1ccc(Nc2nc(Cl)nc(Cl)n2)cc1,0,OK,6905,O=S(=O)(O)c1ccc(Nc2nc(Cl)nc(Cl)n2)cc1
6906,Nc1nc(N)nc(N)n1,0,OK,6906,Nc1nc(N)nc(N)n1
6908,CCN(CC)c1ccc(N=Nc2c(C#N)cc([N+](=O)[O-])cc2C#N)c(NC(C)=O)c1,0,OK,6908,CCN(CC)c1ccc(N=Nc2c(C#N)cc([N+](=O)[O-])cc2C#N)c(NC(C)=O)c1
6909,CC(C)CCCCCCCCCCCCCCCOC(=O)CCCCCCCCCCCCCCC(C)C,0,OK,6909,CC(C)CCCCCCCCCCCCCCCOC(=O)CCCCCCCCCCCCCCC(C)C
6910,CC=CC=O,0,OK,6910,CC=CC=O
6911,Cc1[nH]n(-c2ccccc2)c(=O)c1N=Nc1ccccc1C(=O)O,0,OK,6911,Cc1[nH]n(-c2ccccc2)c(=O)c1N=Nc1ccccc1C(=O)O
6916,CCCCCCCCCCCC[N+](C)(C)CC(O)CCl,0,OK,6916,CCCCCCCCCCCC[N+](C)(C)CC(O)CCl
6918,O=S(=O)(O)c1cc(Nc2nc(Nc3ccccc3)nc(N(CCO)CCO)n2)ccc1C=Cc1ccc(Nc2nc(Nc3ccccc3)nc(N(CCO)CCO)n2)cc1S(=O)(=O)O,0,OK,6918,O=S(=O)(O)c1cc(Nc2nc(Nc3ccccc3)nc(N(CCO)CCO)n2)ccc1C=Cc1ccc(Nc2nc(Nc3ccccc3)nc(N(CCO)CCO)n2)cc1S(=O)(=O)O
6922,Cc1cc(C#N)cc(C)c1O,0,OK,6922,Cc1cc(C#N)cc(C)c1O
6926,CC(F)(F)F,0,OK,6926,CC(F)(F)F
6928,C=C(C)C(=O)OCCN1CCOC12CCCCC2,0,OK,6928,C=C(C)C(=O)OCCN1CCOC12CCCCC2
6934,CCCCCCCCCCCCCCCC(=O)OCCO,0,OK,6934,CCCCCCCCCCCCCCCC(=O)OCCO
6936,CC(C)(C)c1ccc(OC(=O)c2cc(C(C)(C)C)c(O)c(C(C)(C)C)c2)c(C(C)(C)C)c1,0,OK,6936,CC(C)(C)c1ccc(OC(=O)c2cc(C(C)(C)C)c(O)c(C(C)(C)C)c2)c(C(C)(C)C)c1
6939,CCCCCCCCC=CCCCCCCCC(=O)OCC(C)(C)COC(=O)CCCCCCCC=CCCCCCCCC,0,OK,6939,CCCCCCCCC=CCCCCCCCC(=O)OCC(C)(C)COC(=O)CCCCCCCC=CCCCCCCCC
6941,C=CC(=O)NC(C)(C)CC(C)(C)C,0,OK,6941,C=CC(=O)NC(C)(C)CC(C)(C)C
6942,CCCCCCCCCCCCCCCCCCCCCCOC(=O)CCCCCCCCC(=O)OCCCCCCCCCCCCCCCCCCCCCC,0,OK,6942,CCCCCCCCCCCCCCCCCCCCCCOC(=O)CCCCCCCCC(=O)OCCCCCCCCCCCCCCCCCCCCCC
6946,CCN(CC)c1nc(Nc2ccc(S(=O)(=O)O)cc2)nc(Nc2ccc(C=Cc3ccc(Nc4nc(Nc5ccc(S(=O)(=O)O)cc5)nc(N(CC)CC)n4)cc3S(=O)(=O)O)c(S(=O)(=O)O)c2)n1,0,OK,6946,CCN(CC)c1nc(Nc2ccc(S(=O)(=O)O)cc2)nc(Nc2ccc(C=Cc3ccc(Nc4nc(Nc5ccc(S(=O)(=O)O)cc5)nc(N(CC)CC)n4)cc3S(=O)(=O)O)c(S(=O)(=O)O)c2)n1
6948,CCCCCCCCCCC(CCCCCCCC)COC1OCC(O)C(O)C1O,0,OK,6948,CCCCCCCCCCC(CCCCCCCC)COC1OCC(O)C(O)C1O
6951,CN=C(N)N[N+](=O)[O-],0,OK,6951,CN=C(N)N[N+](=O)[O-]
6957,CC(C)(C)SSSC(C)(C)C,0,OK,6957,CC(C)(C)SSSC(C)(C)C
6959,COC(=O)CC(=O)C(C)C,0,OK,6959,COC(=O)CC(=O)C(C)C
6969,CC(=O)OCCN(CCOC(C)=O)c1ccc(N=Nc2sc([N+](=O)[O-])cc2[N+](=O)[O-])cc1,0,OK,6969,CC(=O)OCCN(CCOC(C)=O)c1ccc(N=Nc2sc([N+](=O)[O-])cc2[N+](=O)[O-])cc1
6973,CCCCCCCCCCCC(=O)NCCC[N+](C)(C)CC(=O)[O-],0,OK,6973,CCCCCCCCCCCC(=O)NCCC[N+](C)(C)CC(=O)[O-]
6975,CCOC(=O)CCN(C(=O)c1ccc(NC)c([N+](=O)[O-])c1)c1ccccn1,0,OK,6975,CCOC(=O)CCN(C(=O)c1ccc(NC)c([N+](=O)[O-])c1)c1ccccn1
6977,C=CC(=O)OCC(C)OCC(C)OCC(C)OC(=O)C=C,0,OK,6977,C=CC(=O)OCC(C)OCC(C)OCC(C)OC(=O)C=C
6983,CCC1(C)Nc2cccc3cccc(c23)N1,0,OK,6983,CCC1(C)Nc2cccc3cccc(c23)N1
6986,FC(C(F)(F)F)C(F)(F)F,0,OK,6986,FC(C(F)(F)F)C(F)(F)F
6995,Cc1cn2c(nc1=O)OC1C(O)C(CO)OC12,0,OK,6995,Cc1cn2c(nc1=O)OC1C(O)C(CO)OC12
7001,C=CC(=O)OCCC[Si](OC)(OC)OC,0,OK,7001,C=CC(=O)OCCC[Si](OC)(OC)OC
7010,CC(O)CN(C)CC(C)O,0,OK,7010,CC(O)CN(C)CC(C)O
7022,Cc1ccc(Nc2ccc(O)c3c2C(=O)c2ccccc2C3=O)c(S(=O)(=O)O)c1,0,OK,7022,Cc1ccc(Nc2ccc(O)c3c2C(=O)c2ccccc2C3=O)c(S(=O)(=O)O)c1
7033,Nc1ccc(Cl)cc1C(F)(F)F,0,OK,7033,Nc1ccc(Cl)cc1C(F)(F)F
7034,COC1CCC=CO1,0,OK,7034,COC1CCC=CO1
7049,Cc1cc(N=Nc2ccc(C)c(N=Nc3cc(C)c(N)cc3N)c2)c(N)cc1N,0,OK,7049,Cc1cc(N=Nc2ccc(C)c(N=Nc3cc(C)c(N)cc3N)c2)c(N)cc1N
7051,C1=CC2C3CCC(C3)C2C1,0,OK,7051,C1=CC2C3CCC(C3)C2C1
7061,O=C(O)CCCCC=CCC=CCCCCCCCC(=O)O,0,OK,7061,O=C(O)CCCCC=CCC=CCCCCCCCC(=O)O
7062,C=C(C)C(=O)OCCCCCCCCCCCCCCCCCCCC,0,OK,7062,C=C(C)C(=O)OCCCCCCCCCCCCCCCCCCCC
7068,CCCCCCCCCCCCOP(=S)(S)OCCCCCCCCCCCC,0,OK,7068,CCCCCCCCCCCCOP(=S)(S)OCCCCCCCCCCCC
7073,N#CC#N,0,OK,7073,N#CC#N
7074,FC(F)CC(F)(F)F,0,OK,7074,FC(F)CC(F)(F)F
7078,Nc1ccc(OC(F)(F)F)cc1,0,OK,7078,Nc1ccc(OC(F)(F)F)cc1
7080,Fc1ccccc1,0,OK,7080,Fc1ccccc1
7085,C=C(C)C(=O)OCCN1CCOC1,0,OK,7085,C=C(C)C(=O)OCCN1CCOC1
7088,CC=CCC#N,0,OK,7088,CC=CCC#N
7104,CC12CCC(CC1)C(C)(C)O2,0,OK,7104,CC12CCC(CC1)C(C)(C)O2
7106,COC(=O)c1c(C)cc(O)c(C)c1O,0,OK,7106,COC(=O)c1c(C)cc(O)c(C)c1O
7107,CC(c1ccc(OC#N)cc1)c1ccc(OC#N)cc1,0,OK,7107,CC(c1ccc(OC#N)cc1)c1ccc(OC#N)cc1
7108,CC1=CC(C)(C)CC(=O)C1,0,OK,7108,CC1=CC(C)(C)CC(=O)C1
7112,O=[P+](Oc1ccccc1)Oc1ccccc1,0,OK,7112,O=[P+](Oc1ccccc1)Oc1ccccc1
7113,OCCN1CN(CCO)CN(CCO)C1,0,OK,7113,OCCN1CN(CCO)CN(CCO)C1
7114,CCCCCCCCP(=O)(O)O,0,OK,7114,CCCCCCCCP(=O)(O)O
7117,CS(=O)(=O)c1ccc(C(=O)C2C(=O)CCCC2=O)c(Cl)c1COCC1CCCO1,0,OK,7117,CS(=O)(=O)c1ccc(C(=O)C2C(=O)CCCC2=O)c(Cl)c1COCC1CCCO1
7121,CC(C)(O)C(=O)c1ccc(Cc2ccc(C(=O)C(C)(C)O)cc2)cc1,0,OK,7121,CC(C)(O)C(=O)c1ccc(Cc2ccc(C(=O)C(C)(C)O)cc2)cc1
7133,CCn1c(O)c(CS(=O)(=O)O)c(C)c(N=Nc2cc(Nc3nc(F)nc(Nc4ccc(S(=O)(=O)CCOS(=O)(=O)O)cc4)n3)ccc2S(=O)(=O)O)c1=O,0,OK,7133,CCn1c(O)c(CS(=O)(=O)O)c(C)c(N=Nc2cc(Nc3nc(F)nc(Nc4ccc(S(=O)(=O)CCOS(=O)(=O)O)cc4)n3)ccc2S(=O)(=O)O)c1=O
7137,COc1cc(N=Nc2cc(S(=O)(=O)O)ccc2O)c(N=Nc2c(S(=O)(=O)O)cc3c(S(=O)(=O)O)c(Nc4nc(F)nc(N(C)CCS(=O)(=O)CCOS(=O)(=O)O)n4)ccc3c2O)cc1OC,0,OK,7137,COc1cc(N=Nc2cc(S(=O)(=O)O)ccc2O)c(N=Nc2c(S(=O)(=O)O)cc3c(S(=O)(=O)O)c(Nc4nc(F)nc(N(C)CCS(=O)(=O)CCOS(=O)(=O)O)n4)ccc3c2O)cc1OC
7154,C1=CCCC=CCCC=CCC1,0,OK,7154,C1=CCCC=CCCC=CCC1
7157,O=[N+]([O-])c1ccccc1NCCO,0,OK,7157,O=[N+]([O-])c1ccccc1NCCO
7160,CCc1occc(=O)c1O,0,OK,7160,CCc1occc(=O)c1O
7165,C=C(CCC=C(C)C)C1CC=C(C)CC1,0,OK,7165,C=C(CCC=C(C)C)C1CC=C(C)CC1
7168,O=C1NC2NC(=O)NC2N1,0,OK,7168,O=C1NC2NC(=O)NC2N1
7170,[O]=[Cr](=[O])([OH])[OH],0,OK,7170,[O]=[Cr](=[O])([OH])[OH]
7171,Cc1ccc(C(N)=O)c(O)c1,0,OK,7171,Cc1ccc(C(N)=O)c(O)c1
7185,NCCCN(CCO)CCO,0,OK,7185,NCCCN(CCO)CCO
7186,Cc1ccc(C(C)C)cc1O,0,OK,7186,Cc1ccc(C(C)C)cc1O
7189,C=O,0,OK,7189,C=O
7193,CC12CCC(=O)C=C1CCC1C2C(O)CC2(C)C1CCC2(O)C(=O)CO,0,OK,7193,CC12CCC(=O)C=C1CCC1C2C(O)CC2(C)C1CCC2(O)C(=O)CO
7210,COc1ccc(Cl)c(S(N)(=O)=O)c1,0,OK,7210,COc1ccc(Cl)c(S(N)(=O)=O)c1
7211,CCC[N+](C)(C)CCCNc1ccc(NC)c2c1C(=O)c1ccccc1C2=O,0,OK,7211,CCC[N+](C)(C)CCCNc1ccc(NC)c2c1C(=O)c1ccccc1C2=O
7214,c1cc(N(CC2CO2)CC2CO2)ccc1OCC1CO1,0,OK,7214,c1cc(N(CC2CO2)CC2CO2)ccc1OCC1CO1
7216,CC(C)CC(=O)O,0,OK,7216,CC(C)CC(=O)O
7219,NCCCn1ccnc1,0,OK,7219,NCCCn1ccnc1
7221,C=C(C)C(=O)OCC[N+](C)(C)C,0,OK,7221,C=C(C)C(=O)OCC[N+](C)(C)C
7227,C=CC(C)(O)CCCC(C)CCCC(C)CCCC(C)C,0,OK,7227,C=CC(C)(O)CCCC(C)CCCC(C)CCCC(C)C
7230,C1CCOCOC1,0,OK,7230,C1CCOCOC1
7242,CC(C)NO,0,OK,7242,CC(C)NO
7248,CCO[Si](CCCNCCN)(OCC)OCC,0,OK,7248,CCO[Si](CCCNCCN)(OCC)OCC
7250,C=CC(=O)OCCOC(=O)CCC(=O)O,0,OK,7250,C=CC(=O)OCCOC(=O)CCC(=O)O
7256,CN1C2CC(OC(=O)C(CO)c3ccccc3)CC1C1OC12,0,OK,7256,CN1C2CC(OC(=O)C(CO)c3ccccc3)CC1C1OC12
7264,C=CC(=O)N1CCOCC1,0,OK,7264,C=CC(=O)N1CCOCC1
7267,CC1(C)COCN1,0,OK,7267,CC1(C)COCN1
7268,COc1ccc(C=C2N=C(c3ccc(C4=NC(=Cc5ccc(OC)cc5)C(=O)O4)cc3)OC2=O)cc1,0,OK,7268,COc1ccc(C=C2N=C(c3ccc(C4=NC(=Cc5ccc(OC)cc5)C(=O)O4)cc3)OC2=O)cc1
7269,C=CCCC(=O)Oc1ccccc1,0,OK,7269,C=CCCC(=O)Oc1ccccc1
7272,CC(C)(C)CCCCC1(C(=O)OC(C)(C)CC(C)(C)C)OO1,0,OK,7272,CC(C)(C)CCCCC1(C(=O)OC(C)(C)CC(C)(C)C)OO1
7277,CC=C(C)C,1,OK,7277,CC=C(C)C
7287,CC(C)OC(=O)C(C)(C)Br,1,OK,7287,CC(C)OC(=O)C(C)(C)Br
7289,Nc1ccc(OCc2ccccc2)cc1,0,OK,7289,Nc1ccc(OCc2ccccc2)cc1
7292,CC(C)=CCCC(C)=CC#N,1,OK,7292,CC(C)=CCCC(C)=CC#N
7295,C=C(C)C(=O)NCOCCCC,0,OK,7295,C=C(C)C(=O)NCOCCCC
7302,Cc1cc(NCCCn2ccnc2)ccc1N,0,OK,7302,Cc1cc(NCCCn2ccnc2)ccc1N
7306,COC(C=O)OC,0,OK,7306,COC(C=O)OC
7317,CCCCCC(C)(CC)C(=O)O,0,OK,7317,CCCCCC(C)(CC)C(=O)O
7321,C=CCN(CC=C)c1cc(NC(C)=O)c(N=Nc2c(Br)cc([N+](=O)[O-])cc2[N+](=O)[O-])cc1OC,0,OK,7321,C=CCN(CC=C)c1cc(NC(C)=O)c(N=Nc2c(Br)cc([N+](=O)[O-])cc2[N+](=O)[O-])cc1OC
7323,CS,0,OK,7323,CS
7326,O=[N+]([O-])C(Br)(CO)CO,0,OK,7326,O=[N+]([O-])C(Br)(CO)CO
7328,COc1ccc(C2CC(=O)c3c(O)cc(OC4OC(COC5OC(C)C(O)C(O)C5O)C(O)C(O)C4O)cc3O2)cc1O,0,OK,7328,COc1ccc(C2CC(=O)c3c(O)cc(OC4OC(COC5OC(C)C(O)C(O)C5O)C(O)C(O)C4O)cc3O2)cc1O
7340,CCC(COC(=O)CCN1CC1)(COC(=O)CCN1CC1)COC(=O)CCN1CC1,1,OK,7340,CCC(COC(=O)CCN1CC1)(COC(=O)CCN1CC1)COC(=O)CCN1CC1
7342,COc1cc(N=Nc2cccc(S(=O)(=O)O)c2)ccc1Nc1nc(Nc2ccc(N=Nc3cccc(S(=O)(=O)O)c3)cc2OC)nc(N(CCO)CCO)n1,0,OK,7342,COc1cc(N=Nc2cccc(S(=O)(=O)O)c2)ccc1Nc1nc(Nc2ccc(N=Nc3cccc(S(=O)(=O)O)c3)cc2OC)nc(N(CCO)CCO)n1
7343,O=C(Nc1cc(Cl)c(NC(=O)c2cc3ccccc3c(N=Nc3cc(C(F)(F)F)ccc3Cl)c2O)cc1Cl)c1cc2ccccc2c(N=Nc2cc(C(F)(F)F)ccc2Cl)c1O,0,OK,7343,O=C(Nc1cc(Cl)c(NC(=O)c2cc3ccccc3c(N=Nc3cc(C(F)(F)F)ccc3Cl)c2O)cc1Cl)c1cc2ccccc2c(N=Nc2cc(C(F)(F)F)ccc2Cl)c1O
7344,CCN(CCC(=O)OC)c1ccc(N=Nc2snc3ccc([N+](=O)[O-])cc23)cc1,0,OK,7344,CCN(CCC(=O)OC)c1ccc(N=Nc2snc3ccc([N+](=O)[O-])cc23)cc1
7351,O=S(=O)(O)c1ccc(S(=O)(=O)O)c(Nc2nc(Nc3ccc(C=Cc4ccc(Nc5nc(Nc6cc(S(=O)(=O)O)ccc6S(=O)(=O)O)nc(N6CCOCC6)n5)cc4S(=O)(=O)O)c(S(=O)(=O)O)c3)nc(N3CCOCC3)n2)c1,0,OK,7351,O=S(=O)(O)c1ccc(S(=O)(=O)O)c(Nc2nc(Nc3ccc(C=Cc4ccc(Nc5nc(Nc6cc(S(=O)(=O)O)ccc6S(=O)(=O)O)nc(N6CCOCC6)n5)cc4S(=O)(=O)O)c(S(=O)(=O)O)c3)nc(N3CCOCC3)n2)c1
7356,FC(F)(F)c1ccc(Cl)nc1,0,OK,7356,FC(F)(F)c1ccc(Cl)nc1
7357,CN(C)CCCNC(=O)NCCCN(C)C,0,OK,7357,CN(C)CCCNC(=O)NCCCN(C)C
7358,c1ccc2c(NCCCN3CCOCC3)cccc2c1,0,OK,7358,c1ccc2c(NCCCN3CCOCC3)cccc2c1
7360,CCN(CC)c1ccc2cc3c(oc2c1)c(C#N)c(=O)n1c2ccccc2nc31,0,OK,7360,CCN(CC)c1ccc2cc3c(oc2c1)c(C#N)c(=O)n1c2ccccc2nc31
7364,C=CC(=O)OCC(O)COCCCCOCC(O)COC(=O)C=C,0,OK,7364,C=CC(=O)OCC(O)COCCCCOCC(O)COC(=O)C=C
7365,C=CC(=O)OCCCOCC(COCCCOC(=O)C=C)OCCCOC(=O)C=C,0,OK,7365,C=CC(=O)OCCCOCC(COCCCOC(=O)C=C)OCCCOC(=O)C=C
7366,O=c1n(CC(Br)CBr)c(=O)n(CC(Br)CBr)c(=O)n1CC(Br)CBr,0,OK,7366,O=c1n(CC(Br)CBr)c(=O)n(CC(Br)CBr)c(=O)n1CC(Br)CBr
7381,CC(=O)OCCN(CCC#N)c1ccc(N=Nc2c(Cl)cc([N+](=O)[O-])cc2Cl)cc1,0,OK,7381,CC(=O)OCCN(CCC#N)c1ccc(N=Nc2c(Cl)cc([N+](=O)[O-])cc2Cl)cc1
7389,COCCCN1C(=O)c2ccc3c(=O)n4c5ccc(C)cc5nc4c4ccc(c2c34)C1=O,0,OK,7389,COCCCN1C(=O)c2ccc3c(=O)n4c5ccc(C)cc5nc4c4ccc(c2c34)C1=O
7390,CCN(CC)c1ccc(N=Nc2c(Br)cc([N+](=O)[O-])cc2[N+](=O)[O-])c(NC(C)=O)c1,0,OK,7390,CCN(CC)c1ccc(N=Nc2c(Br)cc([N+](=O)[O-])cc2[N+](=O)[O-])c(NC(C)=O)c1
7392,Cc1cc(C)c(O)c(C)c1,0,OK,7392,Cc1cc(C)c(O)c(C)c1
7393,CC1(C)CC(O)CC(C)(C)N1CCO,0,OK,7393,CC1(C)CC(O)CC(C)(C)N1CCO
7401,CC1(C)CC(OC(=O)CCCCCCCCC(=O)OC2CC(C)(C)NC(C)(C)C2)CC(C)(C)N1,0,OK,7401,CC1(C)CC(OC(=O)CCCCCCCCC(=O)OC2CC(C)(C)NC(C)(C)C2)CC(C)(C)N1
7410,CC12CCC3C(CC=C4CC(O)CCC43C)C1CCC2=O,0,OK,7410,CC12CCC3C(CC=C4CC(O)CCC43C)C1CCC2=O
7413,O=C(n1ccnc1)n1ccnc1,0,OK,7413,O=C(n1ccnc1)n1ccnc1
7422,COCCC(=O)N(C)C,0,OK,7422,COCCC(=O)N(C)C
7433,CCCCCC(CCC)COC(=O)c1ccccc1C(=O)OCC(CCC)CCCCC,0,OK,7433,CCCCCC(CCC)COC(=O)c1ccccc1C(=O)OCC(CCC)CCCCC
7435,COCCCN,0,OK,7435,COCCCN
7440,CC(C)COP(O)(=S)OCC(C)C,0,OK,7440,CC(C)COP(O)(=S)OCC(C)C
7453,Cc1cccc(Cc2ccccc2)c1Cc1ccccc1,0,OK,7453,Cc1cccc(Cc2ccccc2)c1Cc1ccccc1
7461,CCOC(=O)c1nn(-c2ccc(OC)cc2)c2c1CCN(c1ccc([N+](=O)[O-])cc1)C2=O,0,OK,7461,CCOC(=O)c1nn(-c2ccc(OC)cc2)c2c1CCN(c1ccc([N+](=O)[O-])cc1)C2=O
7471,C(=NC1CCCCC1)=NC1CCCCC1,1,OK,7471,C(=NC1CCCCC1)=NC1CCCCC1
7496,C[Si]1(C)O[Si](C)(C)O[Si](C)(C)O[Si](C)(C)O[Si](C)(C)O[Si](C)(C)O1,0,OK,7496,C[Si]1(C)O[Si](C)(C)O[Si](C)(C)O[Si](C)(C)O[Si](C)(C)O[Si](C)(C)O1
7500,COc1ccc(N(C)N=CC2=[N+](C)c3ccccc3C2(C)C)cc1,0,OK,7500,COc1ccc(N(C)N=CC2=[N+](C)c3ccccc3C2(C)C)cc1
7503,C[Si]1(C)O[Si](C)(C)O[Si](C)(C)O[Si](C)(C)O[Si](C)(C)O1,0,OK,7503,C[Si]1(C)O[Si](C)(C)O[Si](C)(C)O[Si](C)(C)O[Si](C)(C)O1
7512,CCOC(=O)CCC1(C)OCC(C)O1,0,OK,7512,CCOC(=O)CCC1(C)OCC(C)O1
7514,Cc1nc(N)nc(N)n1,0,OK,7514,Cc1nc(N)nc(N)n1
7520,CCN(CC[N+](C)(C)CC(C)O)c1ccc(N=Nc2ccc([N+](=O)[O-])cc2Cl)cc1,0,OK,7520,CCN(CC[N+](C)(C)CC(C)O)c1ccc(N=Nc2ccc([N+](=O)[O-])cc2Cl)cc1
7525,CS(=O)(=O)O,0,OK,7525,CS(=O)(=O)O
7530,CC(CC=O)CC(C)(C)C,0,OK,7530,CC(CC=O)CC(C)(C)C
7534,Nc1ccc(N(CCO)CCO)cc1,0,OK,7534,Nc1ccc(N(CCO)CCO)cc1
7535,Cc1ccc(NC(=O)Nc2ccc(C)c(NC(=O)Nc3ccc(C)cc3)c2)cc1,0,OK,7535,Cc1ccc(NC(=O)Nc2ccc(C)c(NC(=O)Nc3ccc(C)cc3)c2)cc1
7536,CC(C)CCOCCC(C)C,0,OK,7536,CC(C)CCOCCC(C)C
7537,CCCCCCCl,0,OK,7537,CCCCCCCl
7550,CCCCOCCOC(=O)c1ccccc1,0,OK,7550,CCCCOCCOC(=O)c1ccccc1
7554,CCCCCCOC1OC(CO)C(O)C(O)C1O,0,OK,7554,CCCCCCOC1OC(CO)C(O)C(O)C1O
7555,O=C(O)c1cc(C(=O)O)c(C(=O)O)cc1C(=O)O,0,OK,7555,O=C(O)c1cc(C(=O)O)c(C(=O)O)cc1C(=O)O
7564,CCCCC(=O)OCC(=O)C1C(C)CC2C3CC(F)C4=CC(=O)C=CC4(C)C3(Br)C(O)CC21C,0,OK,7564,CCCCC(=O)OCC(=O)C1C(C)CC2C3CC(F)C4=CC(=O)C=CC4(C)C3(Br)C(O)CC21C
7566,O=C1N=C(c2ccccc2)c2c(O)[nH]c(-c3ccccc3)c21,0,OK,7566,O=C1N=C(c2ccccc2)c2c(O)[nH]c(-c3ccccc3)c21
7569,O=C(O)C(=O)O,0,OK,7569,O=C(O)C(=O)O
7573,Nc1ccc(C(c2ccc(N)cc2)c2ccc(N)cc2)cc1,0,OK,7573,Nc1ccc(C(c2ccc(N)cc2)c2ccc(N)cc2)cc1
7576,CCOCC(C)OC(C)=O,0,OK,7576,CCOCC(C)OC(C)=O
7577,COC(=O)C1(N2C(=O)C3=C(CCCC3)C2=O)C(C=C(C)C)C1(C)C,0,OK,7577,COC(=O)C1(N2C(=O)C3=C(CCCC3)C2=O)C(C=C(C)C)C1(C)C
7583,CC(C)c1ccc2sc3ccccc3c(=O)c2c1,0,OK,7583,CC(C)c1ccc2sc3ccccc3c(=O)c2c1
7587,CNc1ccc(O)cc1,0,OK,7587,CNc1ccc(O)cc1
7590,CC(=O)Nc1cccc2ccc(O)c(N=Nc3cc(S(C)(=O)=O)ccc3O)c12,0,OK,7590,CC(=O)Nc1cccc2ccc(O)c(N=Nc3cc(S(C)(=O)=O)ccc3O)c12
7591,CC(CCO)CCc1ccccc1,0,OK,7591,CC(CCO)CCc1ccccc1
7592,Cc1ccc2nc(-c3ccc(N=NC4C(=O)NC(=NC#N)NC4=O)cc3)sc2c1S(=O)(=O)O,0,OK,7592,Cc1ccc2nc(-c3ccc(N=NC4C(=O)NC(=NC#N)NC4=O)cc3)sc2c1S(=O)(=O)O
7608,Cc1ccc(NCCO)cc1O,0,OK,7608,Cc1ccc(NCCO)cc1O
7614,CCCCCCCC[N+](C)(C)CCCCCCCC,0,OK,7614,CCCCCCCC[N+](C)(C)CCCCCCCC
7620,CCCCNC(=O)OCC#CI,0,OK,7620,CCCCNC(=O)OCC#CI
7622,CC(C)O,0,OK,7622,CC(C)O
7631,CC1=CC(=O)NS(=O)(=O)O1,0,OK,7631,CC1=CC(=O)NS(=O)(=O)O1
7633,OCC1CO1,0,OK,7633,OCC1CO1
7634,CN=C=S,0,OK,7634,CN=C=S
7636,CC(C)=CCO,0,OK,7636,CC(C)=CCO
7643,C[Si](Cl)(Cl)C1CCCCC1,0,OK,7643,C[Si](Cl)(Cl)C1CCCCC1
7651,CCNC(=S)OCC(C)C,0,OK,7651,CCNC(=S)OCC(C)C
7654,CCCCOC(CC)OC(C)COC(O)CC,0,OK,7654,CCCCOC(CC)OC(C)COC(O)CC
7656,Cn1sc(Cl)cc1=O,0,OK,7656,Cn1sc(Cl)cc1=O
7658,Nc1cc(=O)[nH]c(N)n1,0,OK,7658,Nc1cc(=O)[nH]c(N)n1
7660,NCCCNCCCN,1,OK,7660,NCCCNCCCN
7661,ClC(Cl)(Cl)Cl,0,OK,7661,ClC(Cl)(Cl)Cl
7665,NC(CO)C(=O)O,0,OK,7665,NC(CO)C(=O)O
7667,NC(CC(=O)O)C(=O)O,0,OK,7667,NC(CC(=O)O)C(=O)O
7672,OCC1OC(OC2(CCl)OC(CCl)C(O)C2O)C(O)C(O)C1Cl,0,OK,7672,OCC1OC(OC2(CCl)OC(CCl)C(O)C2O)C(O)C(O)C1Cl
7675,Cc1cc(C(C)(C)c2cc(C)c(O)c(C)c2)cc(C)c1O,0,OK,7675,Cc1cc(C(C)(C)c2cc(C)c(O)c(C)c2)cc(C)c1O
7677,COC1CCCC1,0,OK,7677,COC1CCCC1
7684,NNC(N)=O,0,OK,7684,NNC(N)=O
7696,C=C(C)C(=O)Oc1ccc(C(=O)c2ccccc2)cc1,0,OK,7696,C=C(C)C(=O)Oc1ccc(C(=O)c2ccccc2)cc1
7698,CCCCCCCC(=O)OCCCOC(=O)CCCCCCC,0,OK,7698,CCCCCCCC(=O)OCCCOC(=O)CCCCCCC
7701,C1OCC(COCC2COCO2)O1,0,OK,7701,C1OCC(COCC2COCO2)O1
7705,O=C(O)CNCCNCC(=O)O,0,OK,7705,O=C(O)CNCCNCC(=O)O
7706,CC(C)CC1(C)OCC(CO)O1,0,OK,7706,CC(C)CC1(C)OCC(CO)O1
7707,C1CC2CNCC2C1,0,OK,7707,C1CC2CNCC2C1
7709,CCCCCCC(=O)Oc1c(Br)cc(C#N)cc1Br,0,OK,7709,CCCCCCC(=O)Oc1c(Br)cc(C#N)cc1Br
7712,CCO[Si](CCCSSCCC[Si](OCC)(OCC)OCC)(OCC)OCC,0,OK,7712,CCO[Si](CCCSSCCC[Si](OCC)(OCC)OCC)(OCC)OCC
7719,CC(O)CNS(=O)(=O)CCCS(=O)(=O)c1ccc(C#N)c(C#N)c1,0,OK,7719,CC(O)CNS(=O)(=O)CCCS(=O)(=O)c1ccc(C#N)c(C#N)c1
7726,C=CCN=C=S,0,OK,7726,C=CCN=C=S
7730,CN(C)N,0,OK,7730,CN(C)N
7731,CC(=O)C1CCC2C3CCC4=CC(=O)CCC4(C)C3CCC12C,0,OK,7731,CC(=O)C1CCC2C3CCC4=CC(=O)CCC4(C)C3CCC12C
7735,C=CC(=O)OCCOC(=O)C1CCCCC1C(=O)O,0,OK,7735,C=CC(=O)OCCOC(=O)C1CCCCC1C(=O)O
7737,OCC(O)CCl,0,OK,7737,OCC(O)CCl
7745,CC(=O)OC1CCCCC1C,0,OK,7745,CC(=O)OC1CCCCC1C
7751,c1ccc2c(c1)-c1nc-2nc2[nH]c(nc3nc(nc4[nH]c(n1)c1ccccc41)-c1ccccc1-3)c1ccccc21,0,OK,7751,c1ccc2c(c1)-c1nc-2nc2[nH]c(nc3nc(nc4[nH]c(n1)c1ccccc41)-c1ccccc1-3)c1ccccc21
7753,C=CC(=O)OC(C)COCC(C)OC(=O)C=C,0,OK,7753,C=CC(=O)OC(C)COCC(C)OC(=O)C=C
7755,CCCCC(CC)COC(=O)C[S][Sn]([CH3])([S]CC(=O)OCC(CC)CCCC)[S]CC(=O)OCC(CC)CCCC,1,OK,7755,CCCCC(CC)COC(=O)C[S][Sn]([CH3])([S]CC(=O)OCC(CC)CCCC)[S]CC(=O)OCC(CC)CCCC
7756,Cc1cccc(C)c1O,0,OK,7756,Cc1cccc(C)c1O
7758,N#CCN(CC#N)CCN(CC#N)CC#N,0,OK,7758,N#CCN(CC#N)CCN(CC#N)CC#N
7760,CCCCC(CC)COC(=O)CC(C(=O)OCC(CC)CCCC)S(=O)(=O)O,0,OK,7760,CCCCC(CC)COC(=O)CC(C(=O)OCC(CC)CCCC)S(=O)(=O)O
7763,CC(C)(O)c1ccccc1CCC(SCC1(CC(=O)O)CC1)c1cccc(C=Cc2ccc3ccc(Cl)cc3n2)c1,0,OK,7763,CC(C)(O)c1ccccc1CCC(SCC1(CC(=O)O)CC1)c1cccc(C=Cc2ccc3ccc(Cl)cc3n2)c1
7772,Cn1c(=O)c2c(ncn2C)n(C)c1=O,0,OK,7772,Cn1c(=O)c2c(ncn2C)n(C)c1=O
7782,CC[Si](ON=C(C)C)(ON=C(C)C)ON=C(C)C,0,OK,7782,CC[Si](ON=C(C)C)(ON=C(C)C)ON=C(C)C
7783,C=C[Si](ON=C(C)CCC)(ON=C(C)CCC)ON=C(C)CCC,0,OK,7783,C=C[Si](ON=C(C)CCC)(ON=C(C)CCC)ON=C(C)CCC
7792,C=CC(O)C(=O)OC,0,OK,7792,C=CC(O)C(=O)OC
7793,C=CC(=O)NC(C)(C)CS(=O)(=O)O,0,OK,7793,C=CC(=O)NC(C)(C)CS(=O)(=O)O
7798,Cc1ccc(N=C=O)cc1N=C=O,0,OK,7798,Cc1ccc(N=C=O)cc1N=C=O
7800,OCC(O)C(O)C(OC1OC(CO)C(O)C(O)C1O)C(O)CO,0,OK,7800,OCC(O)C(O)C(OC1OC(CO)C(O)C(O)C1O)C(O)CO
7806,Nc1ccc(N=Nc2ccc3c(S(=O)(=O)O)cccc3c2O)cc1,0,OK,7806,Nc1ccc(N=Nc2ccc3c(S(=O)(=O)O)cccc3c2O)cc1
7808,C=CCOC(Cn1ccnc1)c1ccc(Cl)cc1Cl,0,OK,7808,C=CCOC(Cn1ccnc1)c1ccc(Cl)cc1Cl
7810,CC1=CCC(=C(C)C)CC1,0,OK,7810,CC1=CCC(=C(C)C)CC1
7817,COc1ccc(CNN=CC2=[N+](C)c3ccccc3C2(C)C)cc1,0,OK,7817,COc1ccc(CNN=CC2=[N+](C)c3ccccc3C2(C)C)cc1
7820,O=C1CCCCCN1C(=O)NCCCCCCNC(=O)N1CCCCCC1=O,0,OK,7820,O=C1CCCCCN1C(=O)NCCCCCCNC(=O)N1CCCCCC1=O
7832,O=C(O)CCC(C(=O)O)N(CC(=O)O)CC(=O)O,0,OK,7832,O=C(O)CCC(C(=O)O)N(CC(=O)O)CC(=O)O
7834,O=C(O)c1cccnc1,0,OK,7834,O=C(O)c1cccnc1
7840,CC(C)CC=O,0,OK,7840,CC(C)CC=O
7856,CCCCOC(N)=O,0,OK,7856,CCCCOC(N)=O
7857,C=CCCCC,1,OK,7857,C=CCCCC
7859,CCCCCCCCCc1nc(N)nc(N)n1,0,OK,7859,CCCCCCCCCc1nc(N)nc(N)n1
7861,CCCCCCCCC=CCCCCCCCC(=O)OCCCCCCCC(C)C,0,OK,7861,CCCCCCCCC=CCCCCCCCC(=O)OCCCCCCCC(C)C
7864,CCCCCCCCCCCCCC(=O)NCCC[N+](C)(C)CC(=O)[O-],0,OK,7864,CCCCCCCCCCCCCC(=O)NCCC[N+](C)(C)CC(=O)[O-]
7865,CCCCCCCCCCCCCCCCCC,0,OK,7865,CCCCCCCCCCCCCCCCCC
7866,CON,0,OK,7866,CON
7868,N=C(N)N,0,OK,7868,N=C(N)N
7869,Cc1c(C#N)c(O)n(C)c(=O)c1N=Nc1cccc(OS(=O)(=O)c2ccccc2)c1,0,OK,7869,Cc1c(C#N)c(O)n(C)c(=O)c1N=Nc1cccc(OS(=O)(=O)c2ccccc2)c1
7877,CC(C)(c1ccc(OP(=O)(Oc2ccccc2)Oc2ccccc2)cc1)c1ccc(OP(=O)(Oc2ccccc2)Oc2ccccc2)cc1,0,OK,7877,CC(C)(c1ccc(OP(=O)(Oc2ccccc2)Oc2ccccc2)cc1)c1ccc(OP(=O)(Oc2ccccc2)Oc2ccccc2)cc1
7882,CCCCCCCCC(=O)OCC(CC)CCCC,0,OK,7882,CCCCCCCCC(=O)OCC(CC)CCCC
7884,O=c1n(CC2CO2)c(=O)n(CC2CO2)c(=O)n1CC1CO1,1,OK,7884,O=c1n(CC2CO2)c(=O)n(CC2CO2)c(=O)n1CC1CO1
7889,COC(=O)CCN(CCC(=O)OC)c1ccc(N=Nc2c(Cl)cc([N+](=O)[O-])cc2Br)cc1,0,OK,7889,COC(=O)CCN(CCC(=O)OC)c1ccc(N=Nc2c(Cl)cc([N+](=O)[O-])cc2Br)cc1
7892,CC(=O)CC(N)=O,0,OK,7892,CC(=O)CC(N)=O
7908,Nc1cccc(S(=O)(=O)c2cccc(N)c2)c1,0,OK,7908,Nc1cccc(S(=O)(=O)c2cccc(N)c2)c1
7914,Nc1ccc(N=Nc2ccccc2)cc1,1,OK,7914,Nc1ccc(N=Nc2ccccc2)cc1
7919,CCOCC,0,OK,7919,CCOCC
7923,CCOC(=O)C(C)(C)Br,1,OK,7923,CCOC(=O)C(C)(C)Br
7927,O=C(OCCCc1ccccc1)c1ccccc1,0,OK,7927,O=C(OCCCc1ccccc1)c1ccccc1
7933,CCCC1COC(Cn2cncn2)(c2ccc(Cl)cc2Cl)O1,0,OK,7933,CCCC1COC(Cn2cncn2)(c2ccc(Cl)cc2Cl)O1
7935,CC(=O)OCCN(CCC#N)c1ccc(N=Nc2ccc([N+](=O)[O-])cc2Cl)cc1,0,OK,7935,CC(=O)OCCN(CCC#N)c1ccc(N=Nc2ccc([N+](=O)[O-])cc2Cl)cc1
7951,CCCCCC(C)CO,0,OK,7951,CCCCCC(C)CO
7955,COC(=O)c1ccccc1C(=O)c1ccccc1,0,OK,7955,COC(=O)c1ccccc1C(=O)c1ccccc1
7962,COc1ccc(S(=O)(=O)CCOS(=O)(=O)O)cc1N=Nc1c(S(=O)(=O)O)cc2c(N=Nc3ccc(S(=O)(=O)CCOS(=O)(=O)O)cc3S(=O)(=O)O)c(NCS(=O)(=O)O)ccc2c1O,0,OK,7962,COc1ccc(S(=O)(=O)CCOS(=O)(=O)O)cc1N=Nc1c(S(=O)(=O)O)cc2c(N=Nc3ccc(S(=O)(=O)CCOS(=O)(=O)O)cc3S(=O)(=O)O)c(NCS(=O)(=O)O)ccc2c1O
7964,Cc1cccc(Cl)c1C,0,OK,7964,Cc1cccc(Cl)c1C
7965,Cc1c(O)cccc1O,0,OK,7965,Cc1c(O)cccc1O
7966,Nc1cccc(Cl)c1Cl,0,OK,7966,Nc1cccc(Cl)c1Cl
7971,C=CC1(C)CC(OC(=O)COS(C)(=O)=O)C2(C)C(C)CCC3(CCC(=O)C32)C(C)C1O,0,OK,7971,C=CC1(C)CC(OC(=O)COS(C)(=O)=O)C2(C)C(C)CCC3(CCC(=O)C32)C(C)C1O
7973,[F][Al-3]([F])([F])([F])([F])[F],0,OK,7973,[F][Al-3]([F])([F])([F])([F])[F]
7979,Nc1ccc(O)cc1[N+](=O)[O-],0,OK,7979,Nc1ccc(O)cc1[N+](=O)[O-]
7980,Oc1ccccc1C=NCCN(CCN=Cc1ccccc1O)CCN=Cc1ccccc1O,0,OK,7980,Oc1ccccc1C=NCCN(CCN=Cc1ccccc1O)CCN=Cc1ccccc1O
7981,CC(C)C(NC(N)=O)NC(N)=O,0,OK,7981,CC(C)C(NC(N)=O)NC(N)=O
7991,OCC=CCO,0,OK,7991,OCC=CCO
7995,CCCCCC1CCC(=O)CC1,0,OK,7995,CCCCCC1CCC(=O)CC1
7998,c1ccc(COc2ccc3ccccc3c2)cc1,0,OK,7998,c1ccc(COc2ccc3ccccc3c2)cc1
8012,CCN1CCN(C(=O)NC(C(=O)NC2C(=O)N3C2SC(C)(C)C3C(=O)O)c2ccccc2)C(=O)C1=O,0,OK,8012,CCN1CCN(C(=O)NC(C(=O)NC2C(=O)N3C2SC(C)(C)C3C(=O)O)c2ccccc2)C(=O)C1=O
8015,Cc1cc(N)ccc1N,0,OK,8015,Cc1cc(N)ccc1N
8017,CSC(C)(C)SC,0,OK,8017,CSC(C)(C)SC
8023,O=C1CCCN1,0,OK,8023,O=C1CCCN1
8035,C=C(CC(=O)OC)C(=O)OC,0,OK,8035,C=C(CC(=O)OC)C(=O)OC
8036,CC(CCC(=O)O)C(=O)O,0,OK,8036,CC(CCC(=O)O)C(=O)O
8080,CCC(C)=CCCC(C)=CC#N,0,OK,8080,CCC(C)=CCCC(C)=CC#N
8094,C=CC(C)(CCC=C(C)CC)OC(C)=O,0,OK,8094,C=CC(C)(CCC=C(C)CC)OC(C)=O
8097,CCCCC(CC)COC(=O)C(C#N)=C(c1ccccc1)c1ccccc1,0,OK,8097,CCCCC(CC)COC(=O)C(C#N)=C(c1ccccc1)c1ccccc1
8098,O=C(O)c1ccc([N+](=O)[O-])cc1,0,OK,8098,O=C(O)c1ccc([N+](=O)[O-])cc1
8100,CCOc1ccc(NC(C)=O)cc1,1,OK,8100,CCOc1ccc(NC(C)=O)cc1
8101,Nc1ccccc1,0,OK,8101,Nc1ccccc1
8106,O=C(O)C(F)(OC(F)(F)C(F)(F)C(F)(F)F)C(F)(F)F,0,OK,8106,O=C(O)C(F)(OC(F)(F)C(F)(F)C(F)(F)F)C(F)(F)F
8120,OCCN1CCOCC1,0,OK,8120,OCCN1CCOCC1
8133,CCCC(C)=NO,0,OK,8133,CCCC(C)=NO
8142,CCCCCCCCCCCCCCCC(=O)OCCOC(=O)CCCCCCCCCCCCCCC,0,OK,8142,CCCCCCCCCCCCCCCC(=O)OCCOC(=O)CCCCCCCCCCCCCCC
8144,COC(=O)C=CC(=O)OC,0,OK,8144,COC(=O)C=CC(=O)OC
8146,C#CCCl,0,OK,8146,C#CCCl
8149,CCON,0,OK,8149,CCON
8150,CCSC,0,OK,8150,CCSC
8151,CSSC,0,OK,8151,CSSC
8153,CCOCC1CCCO1,0,OK,8153,CCOCC1CCCO1
8160,Nc1c(S(=O)(=O)O)cc(Br)c2c1C(=O)c1ccccc1C2=O,0,OK,8160,Nc1c(S(=O)(=O)O)cc(Br)c2c1C(=O)c1ccccc1C2=O
8162,CCCCCCOC(=O)c1ccccc1O,0,OK,8162,CCCCCCOC(=O)c1ccccc1O
8169,CCCCCCCCCCCCCCCCCC(=O)OCCOC(=O)CCCCCCCCCCCCCCCCC,0,OK,8169,CCCCCCCCCCCCCCCCCC(=O)OCCOC(=O)CCCCCCCCCCCCCCCCC
8171,COC(=O)CCCCC(=O)OC,0,OK,8171,COC(=O)CCCCC(=O)OC
8181,CCCCCCC(O)CCCCCCCCCCC(=O)OCC(O)CO,0,OK,8181,CCCCCCC(O)CCCCCCCCCCC(=O)OCC(O)CO
8184,CCCCCCCCCCCCCN(CC(C)O)CC(C)O,0,OK,8184,CCCCCCCCCCCCCN(CC(C)O)CC(C)O
8196,CCCCCCCCCCCCCCCCCCCCO,0,OK,8196,CCCCCCCCCCCCCCCCCCCCO
8197,CCCCCCCCCCCCCCCCCCCCCC,0,OK,8197,CCCCCCCCCCCCCCCCCCCCCC
8204,C[C@]12CCC(=O)C=C1CC[C@@H]1[C@@H]2CC[C@]2(C)C(=O)CC[C@@H]12,0,OK,8204,C[C@]12CCC(=O)C=C1CC[C@@H]1[C@@H]2CC[C@]2(C)C(=O)CC[C@@H]12
8206,CSCCC(N)C(=O)O,0,OK,8206,CSCCC(N)C(=O)O
8207,NC(Cc1ccccc1)C(=O)O,0,OK,8207,NC(Cc1ccccc1)C(=O)O
8222,C=CC(=O)OCCOC(=O)NCCCC,0,OK,8222,C=CC(=O)OCCOC(=O)NCCCC
8226,O=S(=O)(O)c1ccc(N=Nc2c(O)ccc3ccccc23)cc1,0,OK,8226,O=S(=O)(O)c1ccc(N=Nc2c(O)ccc3ccccc23)cc1
8241,C=C(C)C(=O)O,0,OK,8241,C=C(C)C(=O)O
8243,CC(O)CN(CCCN(C)C)CC(C)O,0,OK,8243,CC(O)CN(CCCN(C)C)CC(C)O
8246,CC(C)CC1CC(C)(O)CCO1,0,OK,8246,CC(C)CC1CC(C)(O)CCO1
8249,Nc1cc([N+](=O)[O-])cc(Cl)c1O,0,OK,8249,Nc1cc([N+](=O)[O-])cc(Cl)c1O
8252,CC(=O)C(N=Nc1ccc(-c2ccc(N=NC(C(C)=O)C(=O)Nc3ccc(C)cc3)c(Cl)c2)cc1Cl)C(=O)Nc1ccc(C)cc1,0,OK,8252,CC(=O)C(N=Nc1ccc(-c2ccc(N=NC(C(C)=O)C(=O)Nc3ccc(C)cc3)c(Cl)c2)cc1Cl)C(=O)Nc1ccc(C)cc1
8254,COc1cc(Cl)c(OC)cc1N,0,OK,8254,COc1cc(Cl)c(OC)cc1N
8255,CC(=O)C(N=Nc1ccc(-c2ccc(N=NC(C(C)=O)C(=O)Nc3ccccc3)c(Cl)c2)cc1Cl)C(=O)Nc1ccccc1,0,OK,8255,CC(=O)C(N=Nc1ccc(-c2ccc(N=NC(C(C)=O)C(=O)Nc3ccccc3)c(Cl)c2)cc1Cl)C(=O)Nc1ccccc1
8256,CCOC(=O)C1=NN(c2ccccc2)C(=O)C1N=Nc1ccc(-c2ccc(N=NC3C(=O)N(c4ccccc4)N=C3C(=O)OCC)c(Cl)c2)cc1Cl,0,OK,8256,CCOC(=O)C1=NN(c2ccccc2)C(=O)C1N=Nc1ccc(-c2ccc(N=NC3C(=O)N(c4ccccc4)N=C3C(=O)OCC)c(Cl)c2)cc1Cl
8262,Nc1cc(Cl)c(Cl)cc1Cl,0,OK,8262,Nc1cc(Cl)c(Cl)cc1Cl
8263,O=C(O)c1cc(C(=O)O)cc(S(=O)(=O)O)c1,0,OK,8263,O=C(O)c1cc(C(=O)O)cc(S(=O)(=O)O)c1
8265,CC1(C)Nc2cccc3cccc(c23)N1,0,OK,8265,CC1(C)Nc2cccc3cccc(c23)N1
8269,CCOC(C)(C)C,0,OK,8269,CCOC(C)(C)C
8275,CCN(CCCl)c1ccc(N=Nc2c(Cl)cc([N+](=O)[O-])cc2Cl)c(C)c1,0,OK,8275,CCN(CCCl)c1ccc(N=Nc2c(Cl)cc([N+](=O)[O-])cc2Cl)c(C)c1
8278,CC=Cc1ccc(OC)c(OC)c1,0,OK,8278,CC=Cc1ccc(OC)c(OC)c1
8279,S=c1[nH]c(=S)[nH]c(=S)[nH]1,0,OK,8279,S=c1[nH]c(=S)[nH]c(=S)[nH]1
8284,CCn1c(=c2ccc3c(c2)C(C)CC(C)(C)[N+]=3CCO)c2cccc3cccc1c32,0,OK,8284,CCn1c(=c2ccc3c(c2)C(C)CC(C)(C)[N+]=3CCO)c2cccc3cccc1c32
8285,CCCCC(Cc1cc(C(C)(C)C)c(O)c(C(C)(C)C)c1)(C(=O)OC1CC(C)(C)N(C)C(C)(C)C1)C(=O)OC1CC(C)(C)N(C)C(C)(C)C1,0,OK,8285,CCCCC(Cc1cc(C(C)(C)C)c(O)c(C(C)(C)C)c1)(C(=O)OC1CC(C)(C)N(C)C(C)(C)C1)C(=O)OC1CC(C)(C)N(C)C(C)(C)C1
8288,CC(C)(C)c1cc(-c2cc(C(C)(C)C)cc(C(C)(C)C)c2O)c(O)c(C(C)(C)C)c1,0,OK,8288,CC(C)(C)c1cc(-c2cc(C(C)(C)C)cc(C(C)(C)C)c2O)c(O)c(C(C)(C)C)c1
8296,CCOS(=O)(=O)OCC,1,OK,8296,CCOS(=O)(=O)OCC
8324,C1CN(CCOCCN2CCOCC2)CCO1,0,OK,8324,C1CN(CCOCCN2CCOCC2)CCO1
8326,Nc1ccc(N=Nc2ccc(N=Nc3c(S(=O)(=O)O)cc4cc(S(=O)(=O)O)c(N=Nc5ccc(N=Nc6ccc(N)cc6N)cc5)c(O)c4c3N)cc2)c(N)c1,0,OK,8326,Nc1ccc(N=Nc2ccc(N=Nc3c(S(=O)(=O)O)cc4cc(S(=O)(=O)O)c(N=Nc5ccc(N=Nc6ccc(N)cc6N)cc5)c(O)c4c3N)cc2)c(N)c1
8327,O=Cc1ccccc1C=O,0,OK,8327,O=Cc1ccccc1C=O
8347,OCC(O)C(O)C(O)C(O)COC1OC(CO)C(O)C(O)C1O,0,OK,8347,OCC(O)C(O)C(O)C(O)COC1OC(CO)C(O)C(O)C1O
8350,C1COCO1,0,OK,8350,C1COCO1
8352,NCCCCCCCCCCN,0,OK,8352,NCCCCCCCCCCN
8356,CCCCCCCCCCCCc1ccccc1Nc1cccc2ccccc12,0,OK,8356,CCCCCCCCCCCCc1ccccc1Nc1cccc2ccccc12
8357,Cc1cccc2[nH]nnc12,0,OK,8357,Cc1cccc2[nH]nnc12
8360,N#CC(N=Cc1ccccc1O)=C(C#N)N=Cc1ccccc1O,0,OK,8360,N#CC(N=Cc1ccccc1O)=C(C#N)N=Cc1ccccc1O
8470,CC1C(C)(C)C2CCCC3OC(C)(C)CC32C1(C)C,0,OK,8470,CC1C(C)(C)C2CCCC3OC(C)(C)CC32C1(C)C
8480,NC(=O)c1ccccc1O,0,OK,8480,NC(=O)c1ccccc1O
8486,COCCOCCCn1c(=O)c2c(N)c3c(=O)c4ccccc4c(=O)c3c(N)c2c1=O,0,OK,8486,COCCOCCCn1c(=O)c2c(N)c3c(=O)c4ccccc4c(=O)c3c(N)c2c1=O
8501,CC1=NN(c2cccc(S(=O)(=O)O)c2)C(=O)C1N=Nc1cc(Cl)c(Cl)cc1S(=O)(=O)O,0,OK,8501,CC1=NN(c2cccc(S(=O)(=O)O)c2)C(=O)C1N=Nc1cc(Cl)c(Cl)cc1S(=O)(=O)O
8513,CCC=CCCOC(=O)c1ccccc1O,0,OK,8513,CCC=CCCOC(=O)c1ccccc1O
8521,Cc1ccc(S(=O)(=O)O)cc1,0,OK,8521,Cc1ccc(S(=O)(=O)O)cc1
8523,CO[Si](C)(CCCOCC1CO1)OC,0,OK,8523,CO[Si](C)(CCCOCC1CO1)OC
8525,CCC(COC(=O)CC(C)CC(C)(C)C)(COC(=O)CC(C)CC(C)(C)C)COC(=O)CC(C)CC(C)(C)C,0,OK,8525,CCC(COC(=O)CC(C)CC(C)(C)C)(COC(=O)CC(C)CC(C)(C)C)COC(=O)CC(C)CC(C)(C)C
8526,CC(CC(=O)OCC(COCC(COC(=O)CC(C)CC(C)(C)C)(COC(=O)CC(C)CC(C)(C)C)COC(=O)CC(C)CC(C)(C)C)(COC(=O)CC(C)CC(C)(C)C)COC(=O)CC(C)CC(C)(C)C)CC(C)(C)C,0,OK,8526,CC(CC(=O)OCC(COCC(COC(=O)CC(C)CC(C)(C)C)(COC(=O)CC(C)CC(C)(C)C)COC(=O)CC(C)CC(C)(C)C)(COC(=O)CC(C)CC(C)(C)C)COC(=O)CC(C)CC(C)(C)C)CC(C)(C)C
8556,CCNCC,0,OK,8556,CCNCC
8559,C=C(C)C(=O)OCCCCCCOC(=O)C(=C)C,0,OK,8559,C=C(C)C(=O)OCCCCCCOC(=O)C(=C)C
8560,C=C(C#N)C(=O)OCCCC,0,OK,8560,C=C(C#N)C(=O)OCCCC
8561,O=C(Nc1ccccc1)N(Cc1ccc(Cl)cc1)C1CCCC1,0,OK,8561,O=C(Nc1ccccc1)N(Cc1ccc(Cl)cc1)C1CCCC1
8565,O=C1c2ccccc2C(c2ccc(O)cc2)(c2ccc(O)cc2)N1c1ccccc1,0,OK,8565,O=C1c2ccccc2C(c2ccc(O)cc2)(c2ccc(O)cc2)N1c1ccccc1
8573,CCCCCCCCCCCCCCCCCCCCCCO,0,OK,8573,CCCCCCCCCCCCCCCCCCCCCCO
8574,CNC(=S)NN,0,OK,8574,CNC(=S)NN
8575,Cc1cc(C)cc(C(=O)Cl)c1,0,OK,8575,Cc1cc(C)cc(C(=O)Cl)c1
8579,CC1CN(CN2COC(C)C2)CO1,0,OK,8579,CC1CN(CN2COC(C)C2)CO1
8581,Nc1nc(N)nc(NC2CC2)n1,0,OK,8581,Nc1nc(N)nc(NC2CC2)n1
8583,CCCCC(=O)OCC(=O)C1C(C)CC2C3CC(F)C4=CC(=O)C=CC4(C)C3=CCC21C,0,OK,8583,CCCCC(=O)OCC(=O)C1C(C)CC2C3CC(F)C4=CC(=O)C=CC4(C)C3=CCC21C
8592,Cn1c(N)cc(=O)n(C)c1=O,0,OK,8592,Cn1c(N)cc(=O)n(C)c1=O
8593,Nc1ccc(OCCO)c(N)c1,0,OK,8593,Nc1ccc(OCCO)c(N)c1
8594,CCCCCCCCOC(=O)C(C)Oc1ccc(Cl)cc1C,0,OK,8594,CCCCCCCCOC(=O)C(C)Oc1ccc(Cl)cc1C
8599,C=CC(=O)OCC1(CC)COCOC1,0,OK,8599,C=CC(=O)OCC1(CC)COCOC1
8600,NC12CC3CC(CC(C3)C1)C2,0,OK,8600,NC12CC3CC(CC(C3)C1)C2
8601,CCN(CC)c1ccc(N=Nc2c(Cl)cc([N+](=O)[O-])cc2[N+](=O)[O-])c(NC(C)=O)c1,0,OK,8601,CCN(CC)c1ccc(N=Nc2c(Cl)cc([N+](=O)[O-])cc2[N+](=O)[O-])c(NC(C)=O)c1
8605,[O-][N+](=NO)C1CCCCC1,0,OK,8605,[O-][N+](=NO)C1CCCCC1
8610,FC(F)(F)C=CC(F)(F)F,0,OK,8610,FC(F)(F)C=CC(F)(F)F
8613,N#Cc1ccc(S(=O)(=O)CCCS(=O)(=O)O)cc1C#N,0,OK,8613,N#Cc1ccc(S(=O)(=O)CCCS(=O)(=O)O)cc1C#N
8615,CC(C)(C)c1cc(CCC(=O)OCC(COC(=O)CCc2cc(C(C)(C)C)c(O)c(C(C)(C)C)c2)(COC(=O)CCc2cc(C(C)(C)C)c(O)c(C(C)(C)C)c2)COC(=O)CCc2cc(C(C)(C)C)c(O)c(C(C)(C)C)c2)cc(C(C)(C)C)c1O,0,OK,8615,CC(C)(C)c1cc(CCC(=O)OCC(COC(=O)CCc2cc(C(C)(C)C)c(O)c(C(C)(C)C)c2)(COC(=O)CCc2cc(C(C)(C)C)c(O)c(C(C)(C)C)c2)COC(=O)CCc2cc(C(C)(C)C)c(O)c(C(C)(C)C)c2)cc(C(C)(C)C)c1O
8628,ClC(Cl)Cl,0,OK,8628,ClC(Cl)Cl
8629,CS(C)=O,0,OK,8629,CS(C)=O
8634,Cc1cc2[nH]c(=O)[nH]c2cc1N,0,OK,8634,Cc1cc2[nH]c(=O)[nH]c2cc1N
8655,C#CC1CC1,0,OK,8655,C#CC1CC1
8657,COC(=O)Cc1c(C(=O)OC)sc(N(CC(=O)OC)CC(=O)OC)c1C#N,0,OK,8657,COC(=O)Cc1c(C(=O)OC)sc(N(CC(=O)OC)CC(=O)OC)c1C#N
8660,CC(Cc1ccc(C(C)(C)C)cc1)CN1CC(C)OC(C)C1,0,OK,8660,CC(Cc1ccc(C(C)(C)C)cc1)CN1CC(C)OC(C)C1
8670,CC(=CC(C)C)C(C)OC(C)(C)COC(=O)C1CC1,0,OK,8670,CC(=CC(C)C)C(C)OC(C)(C)COC(=O)C1CC1
8675,COCc1ccc(COC)cc1,0,OK,8675,COCc1ccc(COC)cc1
8699,CCCCCCC(=O)OCC(CC)(CO)COC(=O)CCCC,0,OK,8699,CCCCCCC(=O)OCC(CC)(CO)COC(=O)CCCC
8701,CC(C)CCCCCCCCCCCCCCCOC(=O)CC(O)C(=O)OCCCCCCCCCCCCCCCC(C)C,0,OK,8701,CC(C)CCCCCCCCCCCCCCCOC(=O)CC(O)C(=O)OCCCCCCCCCCCCCCCC(C)C
8717,CCCCCCCCCCCCCCCCCC(=O)OCC[N+](C)(C)CCOC(=O)CCCCCCCCCCCCCCCCC,0,OK,8717,CCCCCCCCCCCCCCCCCC(=O)OCC[N+](C)(C)CCOC(=O)CCCCCCCCCCCCCCCCC
8719,CC(C)CCCCCCCCCCOP(OCCCCCCCCCCC(C)C)Oc1ccccc1,0,OK,8719,CC(C)CCCCCCCCCCOP(OCCCCCCCCCCC(C)C)Oc1ccccc1
8726,O=C1OP2(F)(OC1=O)OC(=O)C(=O)O2,0,OK,8726,O=C1OP2(F)(OC1=O)OC(=O)C(=O)O2
8729,CC(=O)N1CCN(c2ccc(O)cc2)CC1,1,OK,8729,CC(=O)N1CCN(c2ccc(O)cc2)CC1
8731,N#CCCN(CCC#N)c1ccc(N=Nc2c(Cl)cc([N+](=O)[O-])cc2Cl)cc1,0,OK,8731,N#CCCN(CCC#N)c1ccc(N=Nc2c(Cl)cc([N+](=O)[O-])cc2Cl)cc1
8746,CC(C=CC1=C(C)CCCC1(C)C)=CC=CC(C)=CCO,0,OK,8746,CC(C=CC1=C(C)CCCC1(C)C)=CC=CC(C)=CCO
8747,CC(=O)C1(O)CCC2C3CCC4=CC(=O)CCC4(C)C3CCC21C,0,OK,8747,CC(=O)C1(O)CCC2C3CCC4=CC(=O)CCC4(C)C3CCC21C
8775,Cc1cccc(C(=O)O)c1,0,OK,8775,Cc1cccc(C(=O)O)c1
8777,CCCCCCC[CH2][Sn]([CH2]CCCCCCC)([O]C(=O)C=CC(=O)OCC)[O]C(=O)C=CC(=O)OCC,0,OK,8777,CCCCCCC[CH2][Sn]([CH2]CCCCCCC)([O]C(=O)C=CC(=O)OCC)[O]C(=O)C=CC(=O)OCC
8797,O=C(O)c1cc(S(=O)(=O)O)ccc1N=NC(N=Nc1cc(S(=O)(=O)O)cc(Nc2nc(Cl)nc(Nc3cc(S(=O)(=O)O)c(Nc4nc(Cl)nc(Nc5cccc(S(=O)(=O)O)c5)n4)cc3S(=O)(=O)O)n2)c1O)c1ccccc1,0,OK,8797,O=C(O)c1cc(S(=O)(=O)O)ccc1N=NC(N=Nc1cc(S(=O)(=O)O)cc(Nc2nc(Cl)nc(Nc3cc(S(=O)(=O)O)c(Nc4nc(Cl)nc(Nc5cccc(S(=O)(=O)O)c5)n4)cc3S(=O)(=O)O)n2)c1O)c1ccccc1
8805,Cc1ccc(N(C)N=CC2=[N+](C)c3ccccc3C2(C)C)cc1,0,OK,8805,Cc1ccc(N(C)N=CC2=[N+](C)c3ccccc3C2(C)C)cc1
8855,C=CCOCC(CC)(CO)COCC=C,0,OK,8855,C=CCOCC(CC)(CO)COCC=C
8856,C=CCOCC(CC)(CO)CO,0,OK,8856,C=CCOCC(CC)(CO)CO
8861,O=S(=O)(O)c1ccc(N=Nc2ccc(N=Nc3c(S(=O)(=O)O)cc4cc(Nc5nc(NCCO)nc(NCCO)n5)ccc4c3O)cc2)cc1,0,OK,8861,O=S(=O)(O)c1ccc(N=Nc2ccc(N=Nc3c(S(=O)(=O)O)cc4cc(Nc5nc(NCCO)nc(NCCO)n5)ccc4c3O)cc2)cc1
8874,O=c1c2cccc3cccc(c32)c2nc3cccc4cccc(c43)n12,0,OK,8874,O=c1c2cccc3cccc(c32)c2nc3cccc4cccc(c43)n12
8878,CCC[CH2][Sn]([Cl])([Cl])[CH2]CCC,1,OK,8878,CCC[CH2][Sn]([Cl])([Cl])[CH2]CCC
8897,CCN(CC)c1ccc(N=Nc2c(C#N)cc(C)cc2C#N)c(NS(C)(=O)=O)c1,0,OK,8897,CCN(CC)c1ccc(N=Nc2c(C#N)cc(C)cc2C#N)c(NS(C)(=O)=O)c1
8909,CC(=O)OCCN(CCC#N)c1ccc(N=Nc2ccc([N+](=O)[O-])cc2)cc1,0,OK,8909,CC(=O)OCCN(CCC#N)c1ccc(N=Nc2ccc([N+](=O)[O-])cc2)cc1
9025,FC(F)=C(F)C(F)=C(F)F,0,OK,9025,FC(F)=C(F)C(F)=C(F)F
9055,CCC=CCC,0,OK,9055,CCC=CCC
9071,CCCCCCCCC=CCCCCCCCC1=NCCN1CCO,0,OK,9071,CCCCCCCCC=CCCCCCCCC1=NCCN1CCO
9141,COc1ccccc1NC(=O)C(N=Nc1ccc(-c2ccc(N=NC(C(C)=O)C(=O)Nc3ccc(C)cc3C)c(Cl)c2)cc1Cl)C(C)=O,0,OK,9141,COc1ccccc1NC(=O)C(N=Nc1ccc(-c2ccc(N=NC(C(C)=O)C(=O)Nc3ccc(C)cc3C)c(Cl)c2)cc1Cl)C(C)=O
9188,Nc1ccc(N=Nc2ccc(N=Nc3c(S(=O)(=O)O)cc4cc(S(=O)(=O)O)c(N=Nc5ccccc5)c(O)c4c3N)cc2)c(N)c1,0,OK,9188,Nc1ccc(N=Nc2ccc(N=Nc3c(S(=O)(=O)O)cc4cc(S(=O)(=O)O)c(N=Nc5ccccc5)c(O)c4c3N)cc2)c(N)c1
9189,Cc1cc(CC(C)CC(C)(C)C)n(O)c(=O)c1,0,OK,9189,Cc1cc(CC(C)CC(C)(C)C)n(O)c(=O)c1
9266,CCCP1(=O)OP(=O)(CCC)OP(=O)(CCC)O1,0,OK,9266,CCCP1(=O)OP(=O)(CCC)OP(=O)(CCC)O1
9271,O=S(=O)(O)c1ccc(S(=O)(=O)O)c(Nc2nc(Nc3ccc(C=Cc4ccc(Nc5nc(Nc6cc(S(=O)(=O)O)ccc6S(=O)(=O)O)nc(N(CCO)CCO)n5)cc4S(=O)(=O)O)c(S(=O)(=O)O)c3)nc(N(CCO)CCO)n2)c1,0,OK,9271,O=S(=O)(O)c1ccc(S(=O)(=O)O)c(Nc2nc(Nc3ccc(C=Cc4ccc(Nc5nc(Nc6cc(S(=O)(=O)O)ccc6S(=O)(=O)O)nc(N(CCO)CCO)n5)cc4S(=O)(=O)O)c(S(=O)(=O)O)c3)nc(N(CCO)CCO)n2)c1
9287,FC(F)(F)CC(F)(F)F,0,OK,9287,FC(F)(F)CC(F)(F)F
9306,COC(=O)COc1nc(F)c(Cl)c(N)c1Cl,0,OK,9306,COC(=O)COc1nc(F)c(Cl)c(N)c1Cl
9310,CCCCCCC[CH2][Sn]1([CH2]CCCCCCC)[S]CC(=O)OCCOC(=O)C[S]1,0,OK,9310,CCCCCCC[CH2][Sn]1([CH2]CCCCCCC)[S]CC(=O)OCCOC(=O)C[S]1
9312,CC[N+]1(C)CCCC1,1,OK,9312,CC[N+]1(C)CCCC1
9313,O=C1c2ccccc2C2=Nc3cccc4cccc(c34)N12,0,OK,9313,O=C1c2ccccc2C2=Nc3cccc4cccc(c34)N12
9315,O=C(O)CCCCCCCCCCC(=O)O,0,OK,9315,O=C(O)CCCCCCCCCCC(=O)O
9318,Cc1ncc[nH]1,0,OK,9318,Cc1ncc[nH]1
9321,CC(C)OC(=O)CCCCC(=O)OC(C)C,0,OK,9321,CC(C)OC(=O)CCCCC(=O)OC(C)C
9329,COc1cc(NS(=O)(=O)c2ccccc2)c2c(c1N)C(=O)c1ccccc1C2=O,0,OK,9329,COc1cc(NS(=O)(=O)c2ccccc2)c2c(c1N)C(=O)c1ccccc1C2=O
9337,O=C(CCc1ccc(O)cc1)Nc1ccccc1C(=O)O,0,OK,9337,O=C(CCc1ccc(O)cc1)Nc1ccccc1C(=O)O
9339,C=C(C)C(=O)OCCOC,0,OK,9339,C=C(C)C(=O)OCCOC
9344,CN(C)CCCNCCC#N,0,OK,9344,CN(C)CCCNCCC#N
9362,O=C(O)CNCO,0,OK,9362,O=C(O)CNCO
9367,C=C(Br)C(=O)Nc1ccc(Nc2cc(S(=O)(=O)O)c(N)c3c2C(=O)c2ccccc2C3=O)c(S(=O)(=O)O)c1,0,OK,9367,C=C(Br)C(=O)Nc1ccc(Nc2cc(S(=O)(=O)O)c(N)c3c2C(=O)c2ccccc2C3=O)c(S(=O)(=O)O)c1
9372,C=C(Br)C(=O)Nc1ccc(N=Nc2c(NC)ccc3cc(S(=O)(=O)O)cc(O)c23)c(S(=O)(=O)O)c1,0,OK,9372,C=C(Br)C(=O)Nc1ccc(N=Nc2c(NC)ccc3cc(S(=O)(=O)O)cc(O)c23)c(S(=O)(=O)O)c1
9385,CC1(C)CC(=O)CC(C)(C#N)C1,0,OK,9385,CC1(C)CC(=O)CC(C)(C#N)C1
9389,CC(C)(c1ccccc1)c1cc(-n2nc3ccccc3n2)c(O)c(C(C)(C)c2ccccc2)c1,0,OK,9389,CC(C)(c1ccccc1)c1cc(-n2nc3ccccc3n2)c(O)c(C(C)(C)c2ccccc2)c1
9390,COc1ccc(C(=O)CC(=O)c2ccc(C(C)(C)C)cc2)cc1,0,OK,9390,COc1ccc(C(=O)CC(=O)c2ccc(C(C)(C)C)cc2)cc1
9392,CCCCC(CC)COCC(O)CO,0,OK,9392,CCCCC(CC)COCC(O)CO
9396,CCN(CCC(C)C)c1ccc2c(c1)Oc1cc(C)c(Nc3ccccc3)cc1C21OC(=O)c2ccccc21,0,OK,9396,CCN(CCC(C)C)c1ccc2c(c1)Oc1cc(C)c(Nc3ccccc3)cc1C21OC(=O)c2ccccc21
9401,CC(=O)Nc1cccc(Nc2cc(S(=O)(=O)O)c(N)c3c2C(=O)c2ccccc2C3=O)c1,0,OK,9401,CC(=O)Nc1cccc(Nc2cc(S(=O)(=O)O)c(N)c3c2C(=O)c2ccccc2C3=O)c1
9405,CCCCCCC1CCC(=O)O1,0,OK,9405,CCCCCCC1CCC(=O)O1
9408,CCC(=O)OCC=C(C)C=CC=C(C)C=CC1=C(C)CCCC1(C)C,0,OK,9408,CCC(=O)OCC=C(C)C=CC=C(C)C=CC1=C(C)CCCC1(C)C
9411,O=S(=O)(O)OO,0,OK,9411,O=S(=O)(O)OO
9412,CCN(CC)c1ccc(N=Nc2ncc([N+](=O)[O-])s2)c(C)c1,0,OK,9412,CCN(CC)c1ccc(N=Nc2ncc([N+](=O)[O-])s2)c(C)c1
9414,COC(=O)CCN(CCC(=O)OC)c1ccc(N=Nc2ccc([N+](=O)[O-])cc2[N+](=O)[O-])c(NC(C)=O)c1,0,OK,9414,COC(=O)CCN(CCC(=O)OC)c1ccc(N=Nc2ccc([N+](=O)[O-])cc2[N+](=O)[O-])c(NC(C)=O)c1
9415,CCCCCCCCCCCCCCCCCC[N+](C)(C)CCCCCCCCCCCCCCCCCC,0,OK,9415,CCCCCCCCCCCCCCCCCC[N+](C)(C)CCCCCCCCCCCCCCCCCC
9417,CC(C)(C)C1=CC(=Cc2ccccc2)C=C(C(C)(C)C)C1=O,0,OK,9417,CC(C)(C)C1=CC(=Cc2ccccc2)C=C(C(C)(C)C)C1=O
9438,CC(C)CCCCCCCCCCO[P+](=O)OCCCCCCCCCCC(C)C,0,OK,9438,CC(C)CCCCCCCCCCO[P+](=O)OCCCCCCCCCCC(C)C
9440,CCCCCCCCCCCCCCCCCC(=O)OCC(COCC(COC(=O)CCCCCCCCCCCCCCCCC)(COC(=O)CCCCCCCCCCCCCCCCC)COC(=O)CCCCCCCCCCCCCCCCC)(COC(=O)CCCCCCCCCCCCCCCCC)COC(=O)CCCCCCCCCCCCCCCCC,0,OK,9440,CCCCCCCCCCCCCCCCCC(=O)OCC(COCC(COC(=O)CCCCCCCCCCCCCCCCC)(COC(=O)CCCCCCCCCCCCCCCCC)COC(=O)CCCCCCCCCCCCCCCCC)(COC(=O)CCCCCCCCCCCCCCCCC)COC(=O)CCCCCCCCCCCCCCCCC
9448,CCCCCO,0,OK,9448,CCCCCO
9449,c1ccccc1,1,OK,9449,c1ccccc1
9451,CC(Cl)(Cl)Cl,0,OK,9451,CC(Cl)(Cl)Cl
9458,CC=CC(=O)C1C(C)C=CCC1(C)C,0,OK,9458,CC=CC(=O)C1C(C)C=CCC1(C)C
9471,CC(C)=CCCc1ccc2c(c1)C(=O)c1ccccc1C2=O,0,OK,9471,CC(C)=CCCc1ccc2c(c1)C(=O)c1ccccc1C2=O
9475,Cc1ccc2c(c1)NCCO2,0,OK,9475,Cc1ccc2c(c1)NCCO2
9481,Cc1ccc(C(=O)OC(C)C)cc1N=Nc1c(O)c(C(=O)Nc2cc(Cl)c(NC(=O)c3cc4ccccc4c(N=Nc4cc(C(=O)OC(C)C)ccc4C)c3O)cc2Cl)cc2ccccc12,0,OK,9481,Cc1ccc(C(=O)OC(C)C)cc1N=Nc1c(O)c(C(=O)Nc2cc(Cl)c(NC(=O)c3cc4ccccc4c(N=Nc4cc(C(=O)OC(C)C)ccc4C)c3O)cc2Cl)cc2ccccc12
9487,c1cc(OCC2CO2)cc(N(CC2CO2)CC2CO2)c1,0,OK,9487,c1cc(OCC2CO2)cc(N(CC2CO2)CC2CO2)c1
9497,CCOC(=O)CCSP(=S)(OC(C)C)OC(C)C,0,OK,9497,CCOC(=O)CCSP(=S)(OC(C)C)OC(C)C
9500,CN(CC(=O)c1cccc(O)c1)Cc1ccccc1,0,OK,9500,CN(CC(=O)c1cccc(O)c1)Cc1ccccc1
9506,CC(=O)C(N=Nc1ccc(S(=O)(=O)O)cc1[N+](=O)[O-])C(=O)Nc1ccccc1Cl,0,OK,9506,CC(=O)C(N=Nc1ccc(S(=O)(=O)O)cc1[N+](=O)[O-])C(=O)Nc1ccccc1Cl
9511,CC(C)(O)C(=O)c1ccc(Oc2ccc(C(=O)C(C)(C)O)cc2)cc1,0,OK,9511,CC(C)(O)C(=O)c1ccc(Oc2ccc(C(=O)C(C)(C)O)cc2)cc1
9521,O=C(OCC1CO1)c1ccc(C(=O)OCC2CO2)cc1,0,OK,9521,O=C(OCC1CO1)c1ccc(C(=O)OCC2CO2)cc1
9525,CC(O)C(N)C(=O)O,0,OK,9525,CC(O)C(N)C(=O)O
9533,Cc1cc2[nH]c(=O)[nH]c2cc1N=NC1C(=O)NC(=O)NC1=O,0,OK,9533,Cc1cc2[nH]c(=O)[nH]c2cc1N=NC1C(=O)NC(=O)NC1=O
9534,C=CC(C)(O)CCC=C(C)CCC=C(C)C,0,OK,9534,C=CC(C)(O)CCC=C(C)CCC=C(C)C
9554,CCOCCCNS(=O)(=O)c1ccc(Oc2cc(O)c3c(c2N)C(=O)c2ccccc2C3=O)cc1,0,OK,9554,CCOCCCNS(=O)(=O)c1ccc(Oc2cc(O)c3c(c2N)C(=O)c2ccccc2C3=O)cc1
9563,CCOC(=O)NCCOc1ccc(Oc2ccccc2)cc1,0,OK,9563,CCOC(=O)NCCOc1ccc(Oc2ccccc2)cc1
9566,CCCCCCCCCCCCCCCC(=O)OCCCCCCCCCCCCCCCC(C)C,0,OK,9566,CCCCCCCCCCCCCCCC(=O)OCCCCCCCCCCCCCCCC(C)C
9574,CC(O)CC(C)CCc1ccccc1,0,OK,9574,CC(O)CC(C)CCc1ccccc1
9590,CSc1nc(NC(C)C)nc(NC(C)C)n1,0,OK,9590,CSc1nc(NC(C)C)nc(NC(C)C)n1
9599,Nc1c(S(=O)(=O)O)cc(NC2CCC(Nc3nc(F)nc(Nc4cc(S(=O)(=O)O)ccc4S(=O)(=O)O)n3)CC2)c2c1C(=O)c1ccccc1C2=O,0,OK,9599,Nc1c(S(=O)(=O)O)cc(NC2CCC(Nc3nc(F)nc(Nc4cc(S(=O)(=O)O)ccc4S(=O)(=O)O)n3)CC2)c2c1C(=O)c1ccccc1C2=O
9601,NC(Cc1c[nH]c2ccccc12)C(=O)O,0,OK,9601,NC(Cc1c[nH]c2ccccc12)C(=O)O
9608,Cc1cnc(N)s1,0,OK,9608,Cc1cnc(N)s1
9633,CC(C)(ON=C(C(=O)NC1C(=O)N2C(C(=O)[O-])=C(C[n+]3ccccc3)CSC12)c1csc(N)n1)C(=O)O,0,OK,9633,CC(C)(ON=C(C(=O)NC1C(=O)N2C(C(=O)[O-])=C(C[n+]3ccccc3)CSC12)c1csc(N)n1)C(=O)O
9639,CC1(C)C2C(=O)OC(O)C21,0,OK,9639,CC1(C)C2C(=O)OC(O)C21
9642,Cc1nn(-c2cccc(Cl)c2)c(O)c1N=Nc1cc(S(N)(=O)=O)ccc1O,0,OK,9642,Cc1nn(-c2cccc(Cl)c2)c(O)c1N=Nc1cc(S(N)(=O)=O)ccc1O
9658,CCCCCCCCCC(=O)OCC(CC)(COC(=O)CCCCCCC)COC(=O)CCCCCCC,0,OK,9658,CCCCCCCCCC(=O)OCC(CC)(COC(=O)CCCCCCC)COC(=O)CCCCCCC
9663,C=CC[N+](C)(C)CC=C,0,OK,9663,C=CC[N+](C)(C)CC=C
9669,CBr,0,OK,9669,CBr
9670,CC,0,OK,9670,CC
9671,C=C,0,OK,9671,C=C
9675,CN,0,OK,9675,CN
9684,C1=CC2CCC1C2,0,OK,9684,C1=CC2CCC1C2
9699,[Al],0,OK,9699,[Al]
9707,[Mn],0,OK,9707,[Mn]
9714,[Ag],0,OK,9714,[Ag]
9716,[Sb],0,OK,9716,[Sb]
9720,[Cd],0,OK,9720,[Cd]
9725,[Cr],0,OK,9725,[Cr]
9726,[Co],0,OK,9726,[Co]
9727,[Cu],0,OK,9727,[Cu]
9732,[In],0,OK,9732,[In]
9734,COC(=O)C(=Cc1ccc(OC)cc1)C(=O)OC,0,OK,9734,COC(=O)C(=Cc1ccc(OC)cc1)C(=O)OC
9739,[Cl][Al]([Cl])[Cl],0,OK,9739,[Cl][Al]([Cl])[Cl]
9742,[Cl][Cu][Cl],0,OK,9742,[Cl][Cu][Cl]
9747,CC(C)(C)C(=O)Nc1cc(NC(=O)C(C)(C)C)cc(NC(=O)C(C)(C)C)c1,0,OK,9747,CC(C)(C)C(=O)Nc1cc(NC(=O)C(C)(C)C)cc(NC(=O)C(C)(C)C)c1
9765,CC(C)OC(=O)CCCCCCCCC(=O)OC(C)C,0,OK,9765,CC(C)OC(=O)CCCCCCCCC(=O)OC(C)C
9773,CCCl,0,OK,9773,CCCl
9774,C=CCl,1,OK,9774,C=CCl
9775,C=CF,1,OK,9775,C=CF
9776,CC#N,0,OK,9776,CC#N
9778,CCS,0,OK,9778,CCS
9779,ClCCl,0,OK,9779,ClCCl
9780,FCF,0,OK,9780,FCF
9782,S=C=S,0,OK,9782,S=C=S
9783,CSC,0,OK,9783,CSC
9785,C1CO1,1,OK,9785,C1CO1
9786,BrC(Br)Br,0,OK,9786,BrC(Br)Br
9788,CC(C)C,0,OK,9788,CC(C)C
9789,CC(C)Cl,0,OK,9789,CC(C)Cl
9791,CC(C)S,0,OK,9791,CC(C)S
9792,C=C(Cl)Cl,0,OK,9792,C=C(Cl)Cl
9793,CC(F)F,0,OK,9793,CC(F)F
9797,C[N+](=O)[O-],0,OK,9797,C[N+](=O)[O-]
9801,CC(C)(C)O,0,OK,9801,CC(C)(C)O
9802,CC(C)(C)S,0,OK,9802,CC(C)(C)S
9804,FC(F)(F)F,0,OK,9804,FC(F)(F)F
9822,Cc1ccc(-n2nc(C)c(N=Nc3cc(S(=O)(=O)O)cc([N+](=O)[O-])c3O)c2O)cc1,0,OK,9822,Cc1ccc(-n2nc(C)c(N=Nc3cc(S(=O)(=O)O)cc([N+](=O)[O-])c3O)c2O)cc1
9824,Cc1ccc[n+](-c2c(C)c(N=Nc3ccc(NC(=O)c4ccc(N=Nc5c(O)[nH]c(=O)c(-[n+]6cccc(C)c6)c5C)cc4)cc3)c(O)[nH]c2=O)c1,0,OK,9824,Cc1ccc[n+](-c2c(C)c(N=Nc3ccc(NC(=O)c4ccc(N=Nc5c(O)[nH]c(=O)c(-[n+]6cccc(C)c6)c5C)cc4)cc3)c(O)[nH]c2=O)c1
9825,O=[N+]([O-])c1cc(N=Nc2c(Nc3ccccc3)ccc3ccccc23)c(O)c([N+](=O)[O-])c1,0,OK,9825,O=[N+]([O-])c1cc(N=Nc2c(Nc3ccccc3)ccc3ccccc23)c(O)c([N+](=O)[O-])c1
9832,C[N+]1([O-])CCOCC1,0,OK,9832,C[N+]1([O-])CCOCC1
9841,C=C(F)C(F)(F)F,0,OK,9841,C=C(F)C(F)(F)F
9844,II,0,OK,9844,II
9850,O=C(C(F)(F)C(F)(F)F)C(F)(C(F)(F)F)C(F)(F)F,0,OK,9850,O=C(C(F)(F)C(F)(F)F)C(F)(C(F)(F)F)C(F)(F)F
9855,CNC(=O)c1cc(Oc2ccc(N)c(F)c2)ccn1,0,OK,9855,CNC(=O)c1cc(Oc2ccc(N)c(F)c2)ccn1
9860,OCC1OC2OC3C(CO)OC(OC4C(CO)OC(OC5C(CO)OC(OC6C(CO)OC(OC7C(CO)OC(OC8C(CO)OC(OC1C(O)C2O)C(O)C8O)C(O)C7O)C(O)C6O)C(O)C5O)C(O)C4O)C(O)C3O,0,OK,9860,OCC1OC2OC3C(CO)OC(OC4C(CO)OC(OC5C(CO)OC(OC6C(CO)OC(OC7C(CO)OC(OC8C(CO)OC(OC1C(O)C2O)C(O)C8O)C(O)C7O)C(O)C6O)C(O)C5O)C(O)C4O)C(O)C3O
9864,FC(F)(F)C(F)(F)F,0,OK,9864,FC(F)(F)C(F)(F)F
9865,FC(F)(F)C(F)(F)C(F)(F)F,0,OK,9865,FC(F)(F)C(F)(F)C(F)(F)F
9870,C=C(C)C(=O)OC(=O)C(=C)C,0,OK,9870,C=C(C)C(=O)OC(=O)C(=C)C
9878,CCO[P+](=O)OCC,0,OK,9878,CCO[P+](=O)OCC
9884,O=c1ccn(-c2ccc(Cl)cc2)[nH]1,0,OK,9884,O=c1ccn(-c2ccc(Cl)cc2)[nH]1
9885,C=C(C)CCO,0,OK,9885,C=C(C)CCO
9887,O=[Si]=O,0,OK,9887,O=[Si]=O
9892,Cc1cc(N=Nc2c(S(=O)(=O)O)cc3cc(Nc4ccccc4)ccc3c2O)c(O)cc1N=Nc1cc(S(=O)(=O)O)c2cccc(S(=O)(=O)O)c2c1,0,OK,9892,Cc1cc(N=Nc2c(S(=O)(=O)O)cc3cc(Nc4ccccc4)ccc3c2O)c(O)cc1N=Nc1cc(S(=O)(=O)O)c2cccc(S(=O)(=O)O)c2c1
9894,C=COCCOCCOC=C,0,OK,9894,C=COCCOCCOC=C
9895,C=CC(=O)NCCO,0,OK,9895,C=CC(=O)NCCO
9896,[Cl][Co][Cl],0,OK,9896,[Cl][Co][Cl]
9899,Br,0,OK,9899,Br
9901,[Cl][Sb]([Cl])([Cl])([Cl])[Cl],0,OK,9901,[Cl][Sb]([Cl])([Cl])([Cl])[Cl]
9902,C=COCCOCCOCCOC=C,0,OK,9902,C=COCCOCCOCCOC=C
9911,CCCCC(CC)COC(=O)CS,0,OK,9911,CCCCC(CC)COC(=O)CS
9917,CC(C)(C)OCC1CO1,0,OK,9917,CC(C)(C)OCC1CO1
9919,OB(O)c1cccc(F)c1,0,OK,9919,OB(O)c1cccc(F)c1
9922,[Na+],0,OK,9922,[Na+]
9923,OCl,0,OK,9923,OCl
9926,[I][Cu][I],0,OK,9926,[I][Cu][I]
9934,CC(=O)Oc1c(C)c(C)c2c(c1C)CCC(C)(CCCC(C)CCCC(C)CCCC(C)C)O2,0,OK,9934,CC(=O)Oc1c(C)c(C)c2c(c1C)CCC(C)(CCCC(C)CCCC(C)CCCC(C)C)O2
9941,ClC1=C(Cl)C(Cl)(Cl)C(Cl)=C1Cl,0,OK,9941,ClC1=C(Cl)C(Cl)(Cl)C(Cl)=C1Cl
9944,CCCCCCCCCCCC(=O)[O][Sn]([CH2]CCC)([CH2]CCC)[O]C(=O)CCCCCCCCCCC,1,OK,9944,CCCCCCCCCCCC(=O)[O][Sn]([CH2]CCC)([CH2]CCC)[O]C(=O)CCCCCCCCCCC
9947,C1=CC2C3C=CC(C3)C2C1,0,OK,9947,C1=CC2C3C=CC(C3)C2C1
9957,[Cl][Fe]([Cl])[Cl],0,OK,9957,[Cl][Fe]([Cl])[Cl]
9961,[Cl][Ni][Cl],0,OK,9961,[Cl][Ni][Cl]
9962,CP(=O)(O)CCC(N)C(=O)O,0,OK,9962,CP(=O)(O)CCC(N)C(=O)O
9967,OO,0,OK,9967,OO
9970,O=S(=O)(O)OOS(=O)(=O)O,0,OK,9970,O=S(=O)(O)OOS(=O)(=O)O
9974,CCC12COCN1COC2,0,OK,9974,CCC12COCN1COC2
9977,CCCCCCCCCCCCCCCCCCCCCC(=O)OCC(O)CO,0,OK,9977,CCCCCCCCCCCCCCCCCCCCCC(=O)OCC(O)CO
9988,[O-][Cl+]O,0,OK,9988,[O-][Cl+]O
9991,[Cl][Cu],0,OK,9991,[Cl][Cu]
9992,[Cl][Fe][Cl],0,OK,9992,[Cl][Fe][Cl]
9995,FC(F)c1cc(C(F)F)[nH]n1,0,OK,9995,FC(F)c1cc(C(F)F)[nH]n1
9997,CCCCNC(=O)Nc1ccc(Cc2ccc(NC(=O)NCCCC)cc2)cc1,0,OK,9997,CCCCNC(=O)Nc1ccc(Cc2ccc(NC(=O)NCCCC)cc2)cc1
10004,O=S(O)S(=O)O,0,OK,10004,O=S(O)S(=O)O
10015,CC(=O)C(N=Nc1ccccc1OCCOc1ccccc1N=NC(C(C)=O)C(=O)Nc1ccc2[nH]c(=O)[nH]c2c1)C(=O)Nc1ccc2[nH]c(=O)[nH]c2c1,0,OK,10015,CC(=O)C(N=Nc1ccccc1OCCOc1ccccc1N=NC(C(C)=O)C(=O)Nc1ccc2[nH]c(=O)[nH]c2c1)C(=O)Nc1ccc2[nH]c(=O)[nH]c2c1
10020,ClCl,0,OK,10020,ClCl
10031,[Sr+2],0,OK,10031,[Sr+2]
10032,FN(F)F,0,OK,10032,FN(F)F
10036,O=PO,0,OK,10036,O=PO
10041,CC1=CCC2CC1C2(C)C,0,OK,10041,CC1=CCC2CC1C2(C)C
10044,Cl,0,OK,10044,Cl
10051,C[Si](Cl)(Cl)CCCCl,0,OK,10051,C[Si](Cl)(Cl)CCCCl
10053,CC12CCC(=O)C=C1CCC1C2CCC2(C)C1CCC2(O)C#N,0,OK,10053,CC12CCC(=O)C=C1CCC1C2CCC2(C)C1CCC2(O)C#N
10058,F,0,OK,10058,F
10060,[O-][Br+2]([O-])O,1,OK,10060,[O-][Br+2]([O-])O
10073,[O-][Cl+3]([O-])([O-])O,0,OK,10073,[O-][Cl+3]([O-])([O-])O
10075,CCC[CH2][Sn]1([CH2]CCC)[O]C(=O)C=CC(=O)[O]1,1,OK,10075,CCC[CH2][Sn]1([CH2]CCC)[O]C(=O)C=CC(=O)[O]1
10078,C#CC1(O)CCCCC1,0,OK,10078,C#CC1(O)CCCCC1
10081,CC1=CC(=O)CC(C)(C)C1,0,OK,10081,CC1=CC(=O)CC(C)(C)C1
10083,CC(C)(C)OOC(C)(C)CCC(C)(C)OOC(C)(C)C,0,OK,10083,CC(C)(C)OOC(C)(C)CCC(C)(C)OOC(C)(C)C
10086,C=CC(C)(O)CCC=C(C)C,0,OK,10086,C=CC(C)(O)CCC=C(C)C
10089,CCC(C)C,0,OK,10089,CCC(C)C
10090,C=CC(=C)C,1,OK,10090,C=CC(=C)C
10093,CC(C)CO,0,OK,10093,CC(C)CO
10094,CC(C)C=O,0,OK,10094,CC(C)C=O
10096,CCC(C)Cl,0,OK,10096,CCC(C)Cl
10097,CC(Cl)CCl,0,OK,10097,CC(Cl)CCl
10100,CCC(C)=O,0,OK,10100,CCC(C)=O
10103,CC(=O)C=O,0,OK,10103,CC(=O)C=O
10116,CC(=O)C(N=Nc1ccc(-c2ccc(N=NC(C(C)=O)C(=O)Nc3ccc4[nH]c(=O)[nH]c4c3)c(Cl)c2)cc1Cl)C(=O)Nc1ccc2[nH]c(=O)[nH]c2c1,0,OK,10116,CC(=O)C(N=Nc1ccc(-c2ccc(N=NC(C(C)=O)C(=O)Nc3ccc4[nH]c(=O)[nH]c4c3)c(Cl)c2)cc1Cl)C(=O)Nc1ccc2[nH]c(=O)[nH]c2c1
10118,CCCCCCCC(=O)c1ccc(O)c(C(=O)O)c1,0,OK,10118,CCCCCCCC(=O)c1ccc(O)c(C(=O)O)c1
10120,O=C1C(N(CO)C(=O)NCO)N(CO)C(=O)N1CO,0,OK,10120,O=C1C(N(CO)C(=O)NCO)N(CO)C(=O)N1CO
10122,CCCC1CCC(c2ccc(C(C)=O)cc2)CC1,0,OK,10122,CCCC1CCC(c2ccc(C(C)=O)cc2)CC1
10125,CCCCCC(C=O)=Cc1ccccc1,0,OK,10125,CCCCCC(C=O)=Cc1ccccc1
10131,O=S(=O)(O)OCCS(=O)(=O)c1ccc(N=Nc2c(S(=O)(=O)O)cc3cc(S(=O)(=O)O)cc(Nc4nc(Cl)nc(Nc5cccc(S(=O)(=O)O)c5)n4)c3c2O)cc1,0,OK,10131,O=S(=O)(O)OCCS(=O)(=O)c1ccc(N=Nc2c(S(=O)(=O)O)cc3cc(S(=O)(=O)O)cc(Nc4nc(Cl)nc(Nc5cccc(S(=O)(=O)O)c5)n4)c3c2O)cc1
10132,ClCC(Cl)Cl,0,OK,10132,ClCC(Cl)Cl
10136,NC(=O)CCl,0,OK,10136,NC(=O)CCl
10141,O=C(O)CO,0,OK,10141,O=C(O)CO
10142,CNC(C)=O,0,OK,10142,CNC(C)=O
10143,COC(C)=O,0,OK,10143,COC(C)=O
10144,CC(=O)OO,0,OK,10144,CC(=O)OO
10149,CC(C)C(=O)O,0,OK,10149,CC(C)C(=O)O
10152,C=C(C)C(N)=O,0,OK,10152,C=C(C)C(N)=O
10155,O=C(O)C(Cl)Cl,0,OK,10155,O=C(O)C(Cl)Cl
10156,CC1(C)COC(=O)C1O,0,OK,10156,CC1(C)COC(=O)C1O
10157,CC(=O)C=CC1=C(C)CCCC1(C)C,0,OK,10157,CC(=O)C=CC1=C(C)CCCC1(C)C
10158,CCCCCCCCCCCCCCCC(=O)OCC=C(C)C=CC=C(C)C=CC1=C(C)CCCC1(C)C,0,OK,10158,CCCCCCCCCCCCCCCC(=O)OCC=C(C)C=CC=C(C)C=CC1=C(C)CCCC1(C)C
10159,C=C1C2CCC(C2)C1(C)C,0,OK,10159,C=C1C2CCC(C2)C1(C)C
10161,Cc1cc(C(C)(C)c2ccc(O)c(C)c2)ccc1O,0,OK,10161,Cc1cc(C(C)(C)c2ccc(O)c(C)c2)ccc1O
10164,CCc1ccc(C2OC3COC(c4ccc(CC)cc4)OC3C(C(O)CO)O2)cc1,0,OK,10164,CCc1ccc(C2OC3COC(c4ccc(CC)cc4)OC3C(C(O)CO)O2)cc1
10165,N#CCCN(CCOCCO)c1nc(Nc2ccc(C=Cc3ccc(Nc4nc(Nc5cc(S(=O)(=O)O)ccc5S(=O)(=O)O)nc(N(CCC#N)CCOCCO)n4)cc3S(=O)(=O)O)c(S(=O)(=O)O)c2)nc(Nc2cc(S(=O)(=O)O)ccc2S(=O)(=O)O)n1,0,OK,10165,N#CCCN(CCOCCO)c1nc(Nc2ccc(C=Cc3ccc(Nc4nc(Nc5cc(S(=O)(=O)O)ccc5S(=O)(=O)O)nc(N(CCC#N)CCOCCO)n4)cc3S(=O)(=O)O)c(S(=O)(=O)O)c2)nc(Nc2cc(S(=O)(=O)O)ccc2S(=O)(=O)O)n1
10167,CCN(CC)c1cc(NC(C)=O)c(N=Nc2c(Cl)cc([N+](=O)[O-])cc2[N+](=O)[O-])cc1OC,0,OK,10167,CCN(CC)c1cc(NC(C)=O)c(N=Nc2c(Cl)cc([N+](=O)[O-])cc2[N+](=O)[O-])cc1OC
10168,COC(=O)CCN(CCC(=O)OC)Cc1ccccc1,0,OK,10168,COC(=O)CCN(CCC(=O)OC)Cc1ccccc1
10173,CCCOc1ccc(C2=c3cc4c(cc3OC2=O)=C(c2ccccc2)C(=O)O4)cc1,0,OK,10173,CCCOc1ccc(C2=c3cc4c(cc3OC2=O)=C(c2ccccc2)C(=O)O4)cc1
10182,Nc1nc(Cl)nc(Nc2cc(S(=O)(=O)O)cc3cc(S(=O)(=O)O)c(N=Nc4cc([N+](=O)[O-])ccc4O)c(O)c23)n1,0,OK,10182,Nc1nc(Cl)nc(Nc2cc(S(=O)(=O)O)cc3cc(S(=O)(=O)O)c(N=Nc4cc([N+](=O)[O-])ccc4O)c(O)c23)n1
10188,O=S(=O)(c1ccc(Cl)cc1)c1ccc(Cl)cc1,0,OK,10188,O=S(=O)(c1ccc(Cl)cc1)c1ccc(Cl)cc1
10189,Nc1ccc(S(=O)(=O)c2ccc(N)cc2)cc1,0,OK,10189,Nc1ccc(S(=O)(=O)c2ccc(N)cc2)cc1
10190,O=S(=O)(c1ccc(O)cc1)c1ccc(O)cc1,0,OK,10190,O=S(=O)(c1ccc(O)cc1)c1ccc(O)cc1
10196,NNS(=O)(=O)c1ccc(Oc2ccc(S(=O)(=O)NN)cc2)cc1,0,OK,10196,NNS(=O)(=O)c1ccc(Oc2ccc(S(=O)(=O)NN)cc2)cc1
10197,CC(C=O)Cc1ccc(C(C)(C)C)cc1,0,OK,10197,CC(C=O)Cc1ccc(C(C)(C)C)cc1
10199,C=C(C)C(=O)OC,0,OK,10199,C=C(C)C(=O)OC
10212,O=C1c2ccccc2C(=O)C1c1ccc2ccccc2n1,0,OK,10212,O=C1c2ccccc2C(=O)C1c1ccc2ccccc2n1
10225,O=[N+]([O-])c1ccc(N=Nc2c(O)c(N=Nc3cc([N+](=O)[O-])cc([N+](=O)[O-])c3O)cc(N=Nc3cc(S(=O)(=O)O)cc4cc(S(=O)(=O)O)cc(O)c34)c2O)cc1,0,OK,10225,O=[N+]([O-])c1ccc(N=Nc2c(O)c(N=Nc3cc([N+](=O)[O-])cc([N+](=O)[O-])c3O)cc(N=Nc3cc(S(=O)(=O)O)cc4cc(S(=O)(=O)O)cc(O)c34)c2O)cc1
10231,NC(=O)Nc1cc(Nc2nc(Cl)nc(Nc3ccc(S(=O)(=O)CCOS(=O)(=O)O)cc3)n2)ccc1N=Nc1cc2c(S(=O)(=O)O)cc(S(=O)(=O)O)cc2cc1S(=O)(=O)O,0,OK,10231,NC(=O)Nc1cc(Nc2nc(Cl)nc(Nc3ccc(S(=O)(=O)CCOS(=O)(=O)O)cc3)n2)ccc1N=Nc1cc2c(S(=O)(=O)O)cc(S(=O)(=O)O)cc2cc1S(=O)(=O)O
10235,S=C(S)NCCNC(=S)S,0,OK,10235,S=C(S)NCCNC(=S)S
10236,CCCCCCCCCCCCCO,0,OK,10236,CCCCCCCCCCCCCO
10249,CCNS(=O)(=O)c1ccccc1C,0,OK,10249,CCNS(=O)(=O)c1ccccc1C
10264,O=C(O)CCCCCNc1nc(NCCCCCC(=O)O)nc(NCCCCCC(=O)O)n1,0,OK,10264,O=C(O)CCCCCNc1nc(NCCCCCC(=O)O)nc(NCCCCCC(=O)O)n1
10269,COc1ccc([N+](=O)[O-])cc1N=NC(C(C)=O)C(=O)Nc1ccccc1OC,0,OK,10269,COc1ccc([N+](=O)[O-])cc1N=NC(C(C)=O)C(=O)Nc1ccccc1OC
10270,Cc1cc(C(C)(C)C)c(OP2OCC3(CO2)COP(Oc2c(C(C)(C)C)cc(C)cc2C(C)(C)C)OC3)c(C(C)(C)C)c1,0,OK,10270,Cc1cc(C(C)(C)C)c(OP2OCC3(CO2)COP(Oc2c(C(C)(C)C)cc(C)cc2C(C)(C)C)OC3)c(C(C)(C)C)c1
10280,Cc1ccc(Nc2ccc3c4c(cc(=O)n3C)-c3ccccc3C(=O)c24)cc1,0,OK,10280,Cc1ccc(Nc2ccc3c4c(cc(=O)n3C)-c3ccccc3C(=O)c24)cc1
10302,CCC[CH2][Sn](=[O])[CH2]CCC,0,OK,10302,CCC[CH2][Sn](=[O])[CH2]CCC
10303,C=CC(=O)OCCO,0,OK,10303,C=CC(=O)OCCO
10305,O=C(O)COc1nn(Cc2ccccc2)c2ccccc12,0,OK,10305,O=C(O)COc1nn(Cc2ccccc2)c2ccccc12
10314,COc1nc(C)nc(NC(=O)NS(=O)(=O)c2ccccc2OCCCl)n1,0,OK,10314,COc1nc(C)nc(NC(=O)NS(=O)(=O)c2ccccc2OCCCl)n1
10319,O=C=NCCCCCCN=C=O,0,OK,10319,O=C=NCCCCCCN=C=O
10321,CC1(C(O)CO)OC(c2ccc(Cl)cc2)OC2COC(c3ccc(Cl)cc3)OC21,0,OK,10321,CC1(C(O)CO)OC(c2ccc(Cl)cc2)OC2COC(c3ccc(Cl)cc3)OC21
10324,CC1C(C)(C)C2=C(C3OC(C)(C)OC3CC2)C1(C)C,0,OK,10324,CC1C(C)(C)C2=C(C3OC(C)(C)OC3CC2)C1(C)C
10348,CCCCOCc1ccc(O)c(OC)c1,0,OK,10348,CCCCOCc1ccc(O)c(OC)c1
10351,CCc1cc(CC)c2sc3ccccc3c(=O)c2c1,0,OK,10351,CCc1cc(CC)c2sc3ccccc3c(=O)c2c1
10357,CO[Si](CCCNCCC[Si](OC)(OC)OC)(OC)OC,0,OK,10357,CO[Si](CCCNCCC[Si](OC)(OC)OC)(OC)OC
10362,Cc1c(Cl)cccc1[N+](=O)[O-],0,OK,10362,Cc1c(Cl)cccc1[N+](=O)[O-]
10364,Oc1cccc2c(O)cccc12,0,OK,10364,Oc1cccc2c(O)cccc12
10367,CN(C)CCOCCN(C)CCO,0,OK,10367,CN(C)CCOCCN(C)CCO
10381,CCNc1nc(NC(C)C)nc(SC)n1,0,OK,10381,CCNc1nc(NC(C)C)nc(SC)n1
10384,CC(CC(C)(C)C)CP(=O)(O)CC(C)CC(C)(C)C,0,OK,10384,CC(CC(C)(C)C)CP(=O)(O)CC(C)CC(C)(C)C
10389,CCCCCCCCCCCCCCCCCCCCC=C1OC(=O)C1CCCCCCCCCCCCCCCCCCCC,0,OK,10389,CCCCCCCCCCCCCCCCCCCCC=C1OC(=O)C1CCCCCCCCCCCCCCCCCCCC
10390,CNc1nc(OC)ccc1N,0,OK,10390,CNc1nc(OC)ccc1N
10391,Cc1nn(-c2ccccc2)c(=O)c1N=Nc1cc(S(=O)(=O)O)cc([N+](=O)[O-])c1O,0,OK,10391,Cc1nn(-c2ccccc2)c(=O)c1N=Nc1cc(S(=O)(=O)O)cc([N+](=O)[O-])c1O
10392,COc1ccc(NCCO)cc1N,0,OK,10392,COc1ccc(NCCO)cc1N
10397,CCCCC(CC)COC(=O)C=Cc1ccc(OC)cc1,0,OK,10397,CCCCC(CC)COC(=O)C=Cc1ccc(OC)cc1
10400,C=CC(=O)OCCCCCCOc1ccc(C(=O)Oc2ccc(C#N)cc2)cc1,0,OK,10400,C=CC(=O)OCCCCCCOc1ccc(C(=O)Oc2ccc(C#N)cc2)cc1
10407,CC(C)N(c1n[n+](C)c(N=Nc2ccc(N(C)C)cc2)s1)C(C)C,0,OK,10407,CC(C)N(c1n[n+](C)c(N=Nc2ccc(N(C)C)cc2)s1)C(C)C
10409,CCc1ccc2c(c1)C(=O)c1ccccc1C2=O,0,OK,10409,CCc1ccc2c(c1)C(=O)c1ccccc1C2=O
10412,O=C1c2ccccc2C(=O)c2ccccc21,0,OK,10412,O=C1c2ccccc2C(=O)c2ccccc21
10416,CCCCOC(=O)c1ccccc1C(=O)OCCCC,0,OK,10416,CCCCOC(=O)c1ccccc1C(=O)OCCCC
10417,COC(=O)c1ccc2cc(C(=O)OC)ccc2c1,0,OK,10417,COC(=O)c1ccc2cc(C(=O)OC)ccc2c1
10425,Cc1ccc(S(=O)(=O)Nc2ccc(C)c(Nc3cc(S(=O)(=O)O)c(N)c4c3C(=O)c3ccccc3C4=O)c2)cc1,0,OK,10425,Cc1ccc(S(=O)(=O)Nc2ccc(C)c(Nc3cc(S(=O)(=O)O)c(N)c4c3C(=O)c3ccccc3C4=O)c2)cc1
10445,O=[N+]([O-])c1cc(N=Nc2c(O)ccc3ccccc23)c(O)c(S(=O)(=O)O)c1,0,OK,10445,O=[N+]([O-])c1cc(N=Nc2c(O)ccc3ccccc23)c(O)c(S(=O)(=O)O)c1
10451,N#CC1(N2CCCCC2)CCN(Cc2ccccc2)CC1,0,OK,10451,N#CC1(N2CCCCC2)CCN(Cc2ccccc2)CC1
10473,Cc1ccc(N)c(Cl)c1O,0,OK,10473,Cc1ccc(N)c(Cl)c1O
10486,N#Cc1cccc(C2=NC(=O)c3c(-c4cccc(C#N)c4)[nH]c(O)c32)c1,0,OK,10486,N#Cc1cccc(C2=NC(=O)c3c(-c4cccc(C#N)c4)[nH]c(O)c32)c1
10488,O=C1N=C(c2ccc(Cl)cc2)c2c(O)[nH]c(-c3ccc(Cl)cc3)c21,0,OK,10488,O=C1N=C(c2ccc(Cl)cc2)c2c(O)[nH]c(-c3ccc(Cl)cc3)c21
10490,CCN(C)C,0,OK,10490,CCN(C)C
10509,CCCCC(CC)COC(=O)C1CCC(C(=O)OCC(CC)CCCC)CC1,0,OK,10509,CCCCC(CC)COC(=O)C1CCC(C(=O)OCC(CC)CCCC)CC1
10523,Nc1nc(NC2CC2)c2ncn(C3C=CC(CO)C3)c2n1,0,OK,10523,Nc1nc(NC2CC2)c2ncn(C3C=CC(CO)C3)c2n1
10542,CCN(CC)c1ccc(N=Nc2c(C#N)cc([N+](=O)[O-])cc2C#N)c(C)c1,0,OK,10542,CCN(CC)c1ccc(N=Nc2c(C#N)cc([N+](=O)[O-])cc2C#N)c(C)c1
10544,CCC[CH2][Sn]([CH2]CCC)([S]CCC(=O)OCCCCCCCCCCC(C)C)[S]CCC(=O)OCCCCCCCCCCC(C)C,1,OK,10544,CCC[CH2][Sn]([CH2]CCC)([S]CCC(=O)OCCCCCCCCCCC(C)C)[S]CCC(=O)OCCCCCCCCCCC(C)C
10570,O=[N+]([O-])c1ccc2c(N=Nc3cccc4cccc(O)c34)c(O)cc(S(=O)(=O)O)c2c1,0,OK,10570,O=[N+]([O-])c1ccc2c(N=Nc3cccc4cccc(O)c34)c(O)cc(S(=O)(=O)O)c2c1
10572,c1cc[n+]2c(c1)-c1cccc[n+]1CC2,0,OK,10572,c1cc[n+]2c(c1)-c1cccc[n+]1CC2
10578,O=C1OC(=O)c2ccccc21,0,OK,10578,O=C1OC(=O)c2ccccc21
10582,CCCCOC(=O)c1ccccc1C(=O)OCc1ccccc1,0,OK,10582,CCCCOC(=O)c1ccccc1C(=O)OCc1ccccc1
10601,CNP(=O)(N1CC1C)N1CC1C,1,OK,10601,CNP(=O)(N1CC1C)N1CC1C
10640,CC(C)(C)c1cc2c(c(C(C)(C)C)c1)OP(=O)(O)Oc1c(cc(C(C)(C)C)cc1C(C)(C)C)C2,0,OK,10640,CC(C)(C)c1cc2c(c(C(C)(C)C)c1)OP(=O)(O)Oc1c(cc(C(C)(C)C)cc1C(C)(C)C)C2
10641,Nc1cc(S(=O)(=O)O)cc2cc(S(=O)(=O)O)c(N=Nc3ccc(Nc4ccc(N=Nc5ccc(Nc6ccccc6)cc5O)cc4)c(S(=O)(=O)O)c3)c(O)c12,0,OK,10641,Nc1cc(S(=O)(=O)O)cc2cc(S(=O)(=O)O)c(N=Nc3ccc(Nc4ccc(N=Nc5ccc(Nc6ccccc6)cc5O)cc4)c(S(=O)(=O)O)c3)c(O)c12
10647,CC(=O)OC1CCC2(C)C(=CCC3C4CCC(=O)C4(C)CCC32)C1,0,OK,10647,CC(=O)OC1CCC2(C)C(=CCC3C4CCC(=O)C4(C)CCC32)C1
10661,C=CS(=O)(=O)c1ccc(Nc2nc(Cl)nc(Nc3ccc4c(O)c(N=Nc5cc([N+](=O)[O-])ccc5O)c(S(=O)(=O)O)cc4c3)n2)cc1,0,OK,10661,C=CS(=O)(=O)c1ccc(Nc2nc(Cl)nc(Nc3ccc4c(O)c(N=Nc5cc([N+](=O)[O-])ccc5O)c(S(=O)(=O)O)cc4c3)n2)cc1
10670,C=CCN(CC=C)c1cc(NC(C)=O)c(N=Nc2c(Cl)cc([N+](=O)[O-])cc2[N+](=O)[O-])cc1OC,0,OK,10670,C=CCN(CC=C)c1cc(NC(C)=O)c(N=Nc2c(Cl)cc([N+](=O)[O-])cc2[N+](=O)[O-])cc1OC
10671,ClCC(Cl)CCC(Cl)C(Cl)CCC(Cl)CCl,0,OK,10671,ClCC(Cl)CCC(Cl)C(Cl)CCC(Cl)CCl
10679,CC(=O)Nc1ccc2c(O)c(N=Nc3ccc(S(=O)(=O)CCOS(=O)(=O)O)cc3)c(S(=O)(=O)O)cc2c1,0,OK,10679,CC(=O)Nc1ccc2c(O)c(N=Nc3ccc(S(=O)(=O)CCOS(=O)(=O)O)cc3)c(S(=O)(=O)O)cc2c1
10722,CCN(CC)S(=O)(=O)c1ccc(OC)c(N=Nc2cc(S(=O)(=O)O)c3ccccc3c2O)c1,0,OK,10722,CCN(CC)S(=O)(=O)c1ccc(OC)c(N=Nc2cc(S(=O)(=O)O)c3ccccc3c2O)c1
10742,Cc1cc(-c2cc(C)c(OCC3CO3)c(C)c2)cc(C)c1OCC1CO1,0,OK,10742,Cc1cc(-c2cc(C)c(OCC3CO3)c(C)c2)cc(C)c1OCC1CO1
10751,Clc1ccc2c(Cl)ccnc2c1,0,OK,10751,Clc1ccc2c(Cl)ccnc2c1
10759,CCCCC(CC)COC(=O)C(C)Oc1ccc(Cl)cc1C,0,OK,10759,CCCCC(CC)COC(=O)C(C)Oc1ccc(Cl)cc1C
10760,CC(C)(C)CC(C)(C)Nc1nc2nc(n1)N(C1CC(C)(C)NC(C)(C)C1)CCCCCCN(C1CC(C)(C)NC(C)(C)C1)c1nc(NC(C)(C)CC(C)(C)C)nc(n1)N(C1CC(C)(C)NC(C)(C)C1)CCCCCCN2C1CC(C)(C)NC(C)(C)C1,0,OK,10760,CC(C)(C)CC(C)(C)Nc1nc2nc(n1)N(C1CC(C)(C)NC(C)(C)C1)CCCCCCN(C1CC(C)(C)NC(C)(C)C1)c1nc(NC(C)(C)CC(C)(C)C)nc(n1)N(C1CC(C)(C)NC(C)(C)C1)CCCCCCN2C1CC(C)(C)NC(C)(C)C1
10762,C=C(C)C(=O)OCCN1CCNC1=O,0,OK,10762,C=C(C)C(=O)OCCN1CCNC1=O
10763,C=COCCOCCOC(=O)C=C,0,OK,10763,C=COCCOCCOC(=O)C=C
10764,CC(C=Cn1ccc2ccccc21)CCCC(C)(C)O,0,OK,10764,CC(C=Cn1ccc2ccccc21)CCCC(C)(C)O
10766,C=CCNC(=S)OCC(C)C,0,OK,10766,C=CCNC(=S)OCC(C)C
10793,C=C(C)C(=O)OCCO,0,OK,10793,C=C(C)C(=O)OCCO
10794,CO[P+](=O)OC,0,OK,10794,CO[P+](=O)OC
10796,CCCCCCCCCC(=O)Oc1ccc(C(=O)O)cc1,0,OK,10796,CCCCCCCCCC(=O)Oc1ccc(C(=O)O)cc1
10805,O=C1OCc2ccccc21,0,OK,10805,O=C1OCc2ccccc21
10806,C=C1CCC=C(C)CCC2C1CC2(C)C,0,OK,10806,C=C1CCC=C(C)CCC2C1CC2(C)C
10807,Cc1c(N)cccc1Cl,0,OK,10807,Cc1c(N)cccc1Cl
10809,Cc1cccc(C)c1N,0,OK,10809,Cc1cccc(C)c1N
10810,Oc1cccc(O)c1O,1,OK,10810,Oc1cccc(O)c1O
10813,CCCCCCC[CH2][Sn](=[O])[CH2]CCCCCCC,0,OK,10813,CCCCCCC[CH2][Sn](=[O])[CH2]CCCCCCC
10818,CO[Si](CCCCCC[Si](OC)(OC)OC)(OC)OC,0,OK,10818,CO[Si](CCCCCC[Si](OC)(OC)OC)(OC)OC
10820,C=CCCCCCCCC,0,OK,10820,C=CCCCCCCCC
10821,CN1CCCC1=O,0,OK,10821,CN1CCCC1=O
10830,CC1CC(=O)CC(C)(C)C1,0,OK,10830,CC1CC(=O)CC(C)(C)C1
10832,COc1nc(OC)nc(C(=O)c2cccc(F)c2N(C)S(=O)(=O)C(F)F)n1,0,OK,10832,COc1nc(OC)nc(C(=O)c2cccc(F)c2N(C)S(=O)(=O)C(F)F)n1
10833,NP(N)(=O)Nc1ccccc1[N+](=O)[O-],0,OK,10833,NP(N)(=O)Nc1ccccc1[N+](=O)[O-]
10840,COC(=O)OC1CCC=CCCC1,0,OK,10840,COC(=O)OC1CCC=CCCC1
10844,CC(C)(C)NCCOCCO,0,OK,10844,CC(C)(C)NCCOCCO
10847,CC(=C(O)C(O)C(O)C(O)C(O)C(O)=C(C)c1ccccc1)c1ccccc1,0,OK,10847,CC(=C(O)C(O)C(O)C(O)C(O)C(O)=C(C)c1ccccc1)c1ccccc1
10854,C=CN1CCCC1=O,0,OK,10854,C=CN1CCCC1=O
10856,CC(C)(C)c1ccccc1O,0,OK,10856,CC(C)(C)c1ccccc1O
10859,CN(C)Cc1cc(C(C)(C)C)c(O)c(C(C)(C)C)c1,0,OK,10859,CN(C)Cc1cc(C(C)(C)C)c(O)c(C(C)(C)C)c1
10860,Cc1ccc(N)c(S(=O)(=O)O)c1,0,OK,10860,Cc1ccc(N)c(S(=O)(=O)O)c1
10864,Cc1ccc(C(C)(C)C)c(O)c1,0,OK,10864,Cc1ccc(C(C)(C)C)c(O)c1
10865,Clc1ccccc1C(Cl)Cl,0,OK,10865,Clc1ccccc1C(Cl)Cl
10869,Nc1ccccc1[N+](=O)[O-],0,OK,10869,Nc1ccccc1[N+](=O)[O-]
10871,CCC(C)c1cc([N+](=O)[O-])cc([N+](=O)[O-])c1O,0,OK,10871,CCC(C)c1cc([N+](=O)[O-])cc([N+](=O)[O-])c1O
10877,CC(C)C1C2CCC1c1c(NC(=O)c3cn(C)nc3C(F)F)cccc12,0,OK,10877,CC(C)C1C2CCC1c1c(NC(=O)c3cn(C)nc3C(F)F)cccc12
10892,COC(=O)CN(CC(=O)OC)c1cc(NC(C)=O)c(N=Nc2c(Br)cc([N+](=O)[O-])cc2[N+](=O)[O-])cc1OC,0,OK,10892,COC(=O)CN(CC(=O)OC)c1cc(NC(C)=O)c(N=Nc2c(Br)cc([N+](=O)[O-])cc2[N+](=O)[O-])cc1OC
10893,O=C1N=C(c2ccc(-c3ccccc3)cc2)c2c(O)[nH]c(-c3ccc(-c4ccccc4)cc3)c21,0,OK,10893,O=C1N=C(c2ccc(-c3ccccc3)cc2)c2c(O)[nH]c(-c3ccc(-c4ccccc4)cc3)c21
10896,CC1=NN(c2ccccc2)C(=O)C1,0,OK,10896,CC1=NN(c2ccccc2)C(=O)C1
10898,CC1=NN(c2ccc(S(=O)(=O)O)cc2)C(=O)C1,0,OK,10898,CC1=NN(c2ccc(S(=O)(=O)O)cc2)C(=O)C1
10899,COc1ccc(OC)c([N+](=O)[O-])c1,0,OK,10899,COc1ccc(OC)c([N+](=O)[O-])c1
10900,COc1ccc(C(=O)O)cc1[N+](=O)[O-],0,OK,10900,COc1ccc(C(=O)O)cc1[N+](=O)[O-]
10903,Nc1ccc(Cl)cc1[N+](=O)[O-],0,OK,10903,Nc1ccc(Cl)cc1[N+](=O)[O-]
10911,CC1=CC2(C=CC(C)O2)C(C(C)C)CC1,0,OK,10911,CC1=CC2(C=CC(C)O2)C(C(C)C)CC1
10912,O=S(=O)(O)OCCS(=O)(=O)c1ccc(Nc2nc(Cl)nc(Nc3cc(S(=O)(=O)O)cc4cc(S(=O)(=O)O)c(N=Nc5ccc6c(S(=O)(=O)O)cccc6c5S(=O)(=O)O)c(O)c34)n2)cc1,0,OK,10912,O=S(=O)(O)OCCS(=O)(=O)c1ccc(Nc2nc(Cl)nc(Nc3cc(S(=O)(=O)O)cc4cc(S(=O)(=O)O)c(N=Nc5ccc6c(S(=O)(=O)O)cccc6c5S(=O)(=O)O)c(O)c34)n2)cc1
10914,CCCCN(CCCC)c1ccc2c(c1)Oc1cc(C)c(Nc3ccccc3)cc1C21OC(=O)c2ccccc21,0,OK,10914,CCCCN(CCCC)c1ccc2c(c1)Oc1cc(C)c(Nc3ccccc3)cc1C21OC(=O)c2ccccc21
10915,COc1cc(OC)nc(NC(=O)Oc2ccccc2)n1,0,OK,10915,COc1cc(OC)nc(NC(=O)Oc2ccccc2)n1
10921,Cc1ccc(C(=O)OOC(=O)c2ccc(C)cc2)cc1,0,OK,10921,Cc1ccc(C(=O)OOC(=O)c2ccc(C)cc2)cc1
10923,CC12C=CC(=O)C=C1CCC1C2CCC2(C)C(=O)CCC12,0,OK,10923,CC12C=CC(=O)C=C1CCC1C2CCC2(C)C(=O)CCC12
10926,CCCCCCCCCCC(CCCCCCCC)COC(=O)CCCCCCCC(=O)OCC(CCCCCCCC)CCCCCCCCCC,0,OK,10926,CCCCCCCCCCC(CCCCCCCC)COC(=O)CCCCCCCC(=O)OCC(CCCCCCCC)CCCCCCCCCC
10930,CC1=CC(=O)[N+](CCCN(C)C)(c2cccnc2)C(O)=C1N=Nc1ccc(N=Nc2c(S(=O)(=O)O)cc3ccc(N=NC4=C(O)N(c5cccnc5)C(=O)C(C)=C4C)cc3c2O)cc1,0,OK,10930,CC1=CC(=O)[N+](CCCN(C)C)(c2cccnc2)C(O)=C1N=Nc1ccc(N=Nc2c(S(=O)(=O)O)cc3ccc(N=NC4=C(O)N(c5cccnc5)C(=O)C(C)=C4C)cc3c2O)cc1
10933,CCC(=O)Nc1cccc(Nc2cc(S(=O)(=O)O)c(N)c3c2C(=O)c2ccccc2C3=O)c1,0,OK,10933,CCC(=O)Nc1cccc(Nc2cc(S(=O)(=O)O)c(N)c3c2C(=O)c2ccccc2C3=O)c1
10940,O=Cc1ccccc1O,0,OK,10940,O=Cc1ccccc1O
10941,COc1ccccc1N,0,OK,10941,COc1ccccc1N
10942,COc1ccccc1O,0,OK,10942,COc1ccccc1O
10943,Oc1cccc2ccccc12,0,OK,10943,Oc1cccc2ccccc12
10956,CCN(CC)c1ccc(C(=O)c2ccc(N(CC)CC)cc2)cc1,0,OK,10956,CCN(CC)c1ccc(C(=O)c2ccc(N(CC)CC)cc2)cc1
10979,CN(C)c1nc(N)nc(C(Cc2c[nH]c3ccccc23)NC(=O)c2ccccc2)n1,0,OK,10979,CN(C)c1nc(N)nc(C(Cc2c[nH]c3ccccc23)NC(=O)c2ccccc2)n1
10990,CCCCCCCCCCCCCCCCCC(=O)OC(CCCCCC)CCCCCCCCCCC(=O)OCC(CCCCCCCC)CCCCCCCCCC,0,OK,10990,CCCCCCCCCCCCCCCCCC(=O)OC(CCCCCC)CCCCCCCCCCC(=O)OCC(CCCCCCCC)CCCCCCCCCC
11016,CC(CNC(=S)S)NC(=S)S,0,OK,11016,CC(CNC(=S)S)NC(=S)S
11028,CCOC(=O)CCC1(C)OCC(CO)O1,0,OK,11028,CCOC(=O)CCC1(C)OCC(CO)O1
11075,OC1CNCC1O,0,OK,11075,OC1CNCC1O
11079,CCCCCCCC(=O)O,0,OK,11079,CCCCCCCC(=O)O
11130,[Tb],0,OK,11130,[Tb]
11131,CCC=CCCC=CCCC=CC(O)C(COC1OC(CO)C(O)C(O)C1O)NC(=O)CCCCCCCCC=CC=CCCCCCOC(=O)CCCCCCCC=CCC=CCCCCC,0,OK,11131,CCC=CCCC=CCCC=CC(O)C(COC1OC(CO)C(O)C(O)C1O)NC(=O)CCCCCCCCC=CC=CCCCCCOC(=O)CCCCCCCC=CCC=CCCCCC
11134,O=C(O)C(F)(F)OC(F)(F)C(F)(F)OC(F)(F)C(F)(F)F,0,OK,11134,O=C(O)C(F)(F)OC(F)(F)C(F)(F)OC(F)(F)C(F)(F)F
11143,N#Cc1ccccc1C#N,0,OK,11143,N#Cc1ccccc1C#N
11144,C1CCC2CCCCC2C1,0,OK,11144,C1CCC2CCCCC2C1
11145,c1ccc2ccccc2c1,0,OK,11145,c1ccc2ccccc2c1
11148,CCN(CC)c1ccc2c(C)cc(=O)oc2c1,0,OK,11148,CCN(CC)c1ccc2c(C)cc(=O)oc2c1
11150,CCOc1ccc2c(c1)C(C)=CC(C)(C)N2,0,OK,11150,CCOc1ccc2c(c1)C(C)=CC(C)(C)N2
11151,O=C1Nc2ccccc2C1=O,0,OK,11151,O=C1Nc2ccccc2C1=O
11152,O=c1ccc2ccccc2o1,0,OK,11152,O=c1ccc2ccccc2o1
11153,CCN(CC)c1ccccc1,0,OK,11153,CCN(CC)c1ccccc1
11155,Nc1nc(N)nc(-c2ccccc2)n1,0,OK,11155,Nc1nc(N)nc(-c2ccccc2)n1
11157,Cc1cc(-c2ccc(N=C=O)c(C)c2)ccc1N=C=O,0,OK,11157,Cc1cc(-c2ccc(N=C=O)c(C)c2)ccc1N=C=O
11204,CCCCC(CC)CN(CC(CC)CCCC)Cn1cncn1,0,OK,11204,CCCCC(CC)CN(CC(CC)CCCC)Cn1cncn1
11212,Nc1ccccc1-c1cc(F)c(F)c(F)c1,0,OK,11212,Nc1ccccc1-c1cc(F)c(F)c(F)c1
11213,CC1(COC(=O)C2CC2)C(OC(=O)C2CC2)CCC2(C)C1CC(O)C1(C)Oc3cc(-c4cccnc4)oc(=O)c3C(O)C21,0,OK,11213,CC1(COC(=O)C2CC2)C(OC(=O)C2CC2)CCC2(C)C1CC(O)C1(C)Oc3cc(-c4cccnc4)oc(=O)c3C(O)C21
11267,CCO[Si](CCCN)(OCC)OCC,0,OK,11267,CCO[Si](CCCN)(OCC)OCC
11283,Cc1ccc2nc(-c3ccc(N)cc3)sc2c1,0,OK,11283,Cc1ccc2nc(-c3ccc(N)cc3)sc2c1
11286,c1ccc(-c2ccccc2)cc1,0,OK,11286,c1ccc(-c2ccccc2)cc1
11289,O=C(O)c1cc2ccccc2cc1O,0,OK,11289,O=C(O)c1cc2ccccc2cc1O
11291,CCOc1ccccc1NC(=O)c1cc2ccccc2cc1O,0,OK,11291,CCOc1ccccc1NC(=O)c1cc2ccccc2cc1O
11294,Oc1ccc(-c2ccc(O)cc2)cc1,0,OK,11294,Oc1ccc(-c2ccc(O)cc2)cc1
11326,O=C(CCl)C(Cl)Cl,0,OK,11326,O=C(CCl)C(Cl)Cl
11349,C=C(C)C(=O)NCO,0,OK,11349,C=C(C)C(=O)NCO
11350,CC(=O)N(CC(O)CN(C(C)=O)c1c(I)c(C(=O)NCC(O)CO)c(I)c(C(=O)NCC(O)CO)c1I)c1c(I)c(C(=O)NCC(O)CO)c(I)c(C(=O)NCC(O)CO)c1I,0,OK,11350,CC(=O)N(CC(O)CN(C(C)=O)c1c(I)c(C(=O)NCC(O)CO)c(I)c(C(=O)NCC(O)CO)c1I)c1c(I)c(C(=O)NCC(O)CO)c(I)c(C(=O)NCC(O)CO)c1I
11360,COc1cc2c(cc1OC)C(C)(C)C(=Cc1ccccc1)C2=O,0,OK,11360,COc1cc2c(cc1OC)C(C)(C)C(=Cc1ccccc1)C2=O
11361,CCC(C)c1cc(S(=O)(=O)O)cc(-n2nc3ccccc3n2)c1O,0,OK,11361,CCC(C)c1cc(S(=O)(=O)O)cc(-n2nc3ccccc3n2)c1O
11365,CC(CO)CC(C)c1ccccc1,0,OK,11365,CC(CO)CC(C)c1ccccc1
11367,CC(Cl)=CCCl,0,OK,11367,CC(Cl)=CCCl
11375,CC1(C)C2CCC1(CS(=O)(=O)O)C(=O)C2=Cc1ccc(C=C2C(=O)C3(CS(=O)(=O)O)CCC2C3(C)C)cc1,0,OK,11375,CC1(C)C2CCC1(CS(=O)(=O)O)C(=O)C2=Cc1ccc(C=C2C(=O)C3(CS(=O)(=O)O)CCC2C3(C)C)cc1
11383,NCCOCCO,0,OK,11383,NCCOCCO
11388,C=CCc1ccc(OC)c(OC)c1,0,OK,11388,C=CCc1ccc(OC)c(OC)c1
11391,OCCOc1ccc2ccccc2c1,0,OK,11391,OCCOc1ccc2ccccc2c1
11400,O=c1[nH]c2ccc([N+](=O)[O-])cc2[nH]1,0,OK,11400,O=c1[nH]c2ccc([N+](=O)[O-])cc2[nH]1
11402,CC(=O)OC(C)c1ccccc1,0,OK,11402,CC(=O)OC(C)c1ccccc1
11407,Cc1nc2n(c(=O)c1CCCl)CCCC2,0,OK,11407,Cc1nc2n(c(=O)c1CCCl)CCCC2
11416,O=c1[nH]nc([N+](=O)[O-])[nH]1,0,OK,11416,O=c1[nH]nc([N+](=O)[O-])[nH]1
11419,Nc1ccc(Nc2ccc(N)cc2S(=O)(=O)O)cc1,0,OK,11419,Nc1ccc(Nc2ccc(N)cc2S(=O)(=O)O)cc1
11445,Cc1cc(Cc2cc(C)c(OCC3CO3)c(C)c2)cc(C)c1OCC1CO1,0,OK,11445,Cc1cc(Cc2cc(C)c(OCC3CO3)c(C)c2)cc(C)c1OCC1CO1
11458,CCCCCCCCCCC(CCCCCCCC)COC(=O)CCCCCCCCCCCCCCC(C)C,0,OK,11458,CCCCCCCCCCC(CCCCCCCC)COC(=O)CCCCCCCCCCCCCCC(C)C
11459,CC(C)CCCCCC(=O)OCC(COC(=O)CCCCCC(C)C)(COC(=O)CCCCCC(C)C)COC(=O)CCCCCC(C)C,0,OK,11459,CC(C)CCCCCC(=O)OCC(COC(=O)CCCCCC(C)C)(COC(=O)CCCCCC(C)C)COC(=O)CCCCCC(C)C
11467,Nc1ccc(N)c(CCO)c1,0,OK,11467,Nc1ccc(N)c(CCO)c1
11470,CC(=CC#N)CCc1ccccc1,0,OK,11470,CC(=CC#N)CCc1ccccc1
11473,Nc1c(N=Nc2cc(Nc3nc(Cl)nc(Nc4cccc(S(=O)(=O)CCOS(=O)(=O)O)c4)n3)ccc2S(=O)(=O)O)c(S(=O)(=O)O)cc2cc(S(=O)(=O)O)c(N=Nc3ccc4c(S(=O)(=O)O)cccc4c3S(=O)(=O)O)c(O)c12,0,OK,11473,Nc1c(N=Nc2cc(Nc3nc(Cl)nc(Nc4cccc(S(=O)(=O)CCOS(=O)(=O)O)c4)n3)ccc2S(=O)(=O)O)c(S(=O)(=O)O)cc2cc(S(=O)(=O)O)c(N=Nc3ccc4c(S(=O)(=O)O)cccc4c3S(=O)(=O)O)c(O)c12
11502,O=C(OOC(=O)c1ccccc1)c1ccccc1,0,OK,11502,O=C(OOC(=O)c1ccccc1)c1ccccc1
11505,O=C(OCCOC(=O)c1ccccc1)c1ccccc1,0,OK,11505,O=C(OCCOC(=O)c1ccccc1)c1ccccc1
11508,CCCC(O)C(CC)CO,0,OK,11508,CCCC(O)C(CC)CO
11511,O=C1C=CC(=O)N1c1ccccc1,0,OK,11511,O=C1C=CC(=O)N1c1ccccc1
11515,OCCNc1ccc2c(c1)OCO2,0,OK,11515,OCCNc1ccc2c(c1)OCO2
11527,Fc1cccc(C(F)(F)F)n1,0,OK,11527,Fc1cccc(C(F)(F)F)n1
11534,CCCCNP(N)(N)=S,0,OK,11534,CCCCNP(N)(N)=S
11544,CC(C1CC1)C(O)(Cn1cncn1)c1ccc(Cl)cc1,0,OK,11544,CC(C1CC1)C(O)(Cn1cncn1)c1ccc(Cl)cc1
11561,O=C(c1ccccc1)C1(O)CCCCC1,0,OK,11561,O=C(c1ccccc1)C1(O)CCCCC1
11573,CCC(CCC(C)C1CCC2C3CC=C4CC(O)CCC4(C)C3CCC12C)C(C)C,0,OK,11573,CCC(CCC(C)C1CCC2C3CC=C4CC(O)CCC4(C)C3CCC12C)C(C)C
11579,c1ccc2n[nH]nc2c1,0,OK,11579,c1ccc2n[nH]nc2c1
11582,CC(C)(C)NSc1nc2ccccc2s1,0,OK,11582,CC(C)(C)NSc1nc2ccccc2s1
11586,Cc1ccccc1C,0,OK,11586,Cc1ccccc1C
11589,Clc1ccccc1Cl,0,OK,11589,Clc1ccccc1Cl
11590,Nc1ccccc1Cl,1,OK,11590,Nc1ccccc1Cl
11592,Cc1ccccc1N,0,OK,11592,Cc1ccccc1N
11593,Nc1ccccc1N,1,OK,11593,Nc1ccccc1N
11595,Cc1ccc(C)c(C)c1,0,OK,11595,Cc1ccc(C)c(C)c1
11604,Cc1ccc(C)c(O)c1,0,OK,11604,Cc1ccc(C)c(O)c1
11605,Oc1ccc(Cl)c(O)c1,0,OK,11605,Oc1ccc(Cl)c(O)c1
11615,Cc1ccc2c(c1)C(Nc1nc(N)nc(C(C)F)n1)C(C)C2,0,OK,11615,Cc1ccc2c(c1)C(Nc1nc(N)nc(C(C)F)n1)C(C)C2
11622,CC(C)Oc1ccc(S(=O)(=O)c2ccc(O)cc2)cc1,0,OK,11622,CC(C)Oc1ccc(S(=O)(=O)c2ccc(O)cc2)cc1
11637,CC(NCCCCCCNC(C)C(C)(C)C)C(C)(C)C,0,OK,11637,CC(NCCCCCCNC(C)C(C)(C)C)C(C)(C)C
11641,O=C(OCCO)c1ccc(C(=O)OCCO)cc1,0,OK,11641,O=C(OCCO)c1ccc(C(=O)OCCO)cc1
11642,CCCCCCCCCCCCOC(=O)CCCCCCCCC,0,OK,11642,CCCCCCCCCCCCOC(=O)CCCCCCCCC
11643,CCCCCCCCCCCCCCCCOC(=O)CCCCCCCCCCCCCCC,0,OK,11643,CCCCCCCCCCCCCCCCOC(=O)CCCCCCCCCCCCCCC
11647,CC1=CCC(C(C)CC2CCCC2=O)CC1,0,OK,11647,CC1=CCC(C(C)CC2CCCC2=O)CC1
11649,c1ccc(C2CO2)cc1,0,OK,11649,c1ccc(C2CO2)cc1
11650,CCC(C)C=O,0,OK,11650,CCC(C)C=O
11652,CCC(N)CO,0,OK,11652,CCC(N)CO
11653,CCC(=O)CC,0,OK,11653,CCC(=O)CC
11656,O=C(CO)CO,0,OK,11656,O=C(CO)CO
11658,CCC(C)=NO,0,OK,11658,CCC(C)=NO
11660,COC(=O)CCl,0,OK,11660,COC(=O)CCl
11664,Cc1cc(O)c(C(C)(C)C)cc1Sc1cc(C(C)(C)C)c(O)cc1C,0,OK,11664,Cc1cc(O)c(C(C)(C)C)cc1Sc1cc(C(C)(C)C)c(O)cc1C
11665,CC(C)(C)c1ccc(O)c(C(C)(C)C)c1,0,OK,11665,CC(C)(C)c1ccc(O)c(C(C)(C)C)c1
11667,Nc1cc([N+](=O)[O-])cc([N+](=O)[O-])c1O,0,OK,11667,Nc1cc([N+](=O)[O-])cc([N+](=O)[O-])c1O
11669,O=C(O)c1ccc(Cl)c([N+](=O)[O-])c1,0,OK,11669,O=C(O)c1ccc(Cl)c([N+](=O)[O-])c1
11672,CCOc1ccc(Cc2cc(C3(OC)OC(CO)C(O)C(O)C3O)ccc2Cl)cc1,0,OK,11672,CCOc1ccc(Cc2cc(C3(OC)OC(CO)C(O)C(O)C3O)ccc2Cl)cc1
11676,C=C(Cl)C(=O)OCCC(F)(F)C(F)(F)C(F)(F)C(F)(F)C(F)(F)C(F)(F)F,0,OK,11676,C=C(Cl)C(=O)OCCC(F)(F)C(F)(F)C(F)(F)C(F)(F)C(F)(F)C(F)(F)F
11677,C=C(C)C(=O)OCCc1ccc(O)c(-n2nc3ccccc3n2)c1,0,OK,11677,C=C(C)C(=O)OCCc1ccc(O)c(-n2nc3ccccc3n2)c1
11681,COC(=O)C(C)Oc1ccc(O)cc1,0,OK,11681,COC(=O)C(C)Oc1ccc(O)cc1
11694,Cc1ccccc1N=C(N)Nc1ccccc1C,0,OK,11694,Cc1ccccc1N=C(N)Nc1ccccc1C
11695,C=CCc1ccc(O)c(OC)c1,0,OK,11695,C=CCc1ccc(O)c(OC)c1
11701,C=C(CC(=O)O)C(=O)O,0,OK,11701,C=C(CC(=O)O)C(=O)O
11702,CC(C)C(=O)OC(=O)C(C)C,0,OK,11702,CC(C)C(=O)OC(=O)C(C)C
11703,CCN(CC)C(=S)SSC(=S)N(CC)CC,0,OK,11703,CCN(CC)C(=S)SSC(=S)N(CC)CC
11706,C=C(C)C(=O)OCC(C)C,0,OK,11706,C=C(C)C(=O)OCC(C)C
11707,C=C(C)C(=O)OCCCC,0,OK,11707,C=C(C)C(=O)OCCCC
11709,C=C(C)C(=O)OCCOC(=O)C(=C)C,0,OK,11709,C=C(C)C(=O)OCCOC(=O)C(=C)C
11711,C=CCOc1ccc(S(=O)(=O)c2ccc(O)cc2)cc1,0,OK,11711,C=CCOc1ccc(S(=O)(=O)c2ccc(O)cc2)cc1
11712,S=C(SSSSSSC(=S)N1CCCCC1)N1CCCCC1,0,OK,11712,S=C(SSSSSSC(=S)N1CCCCC1)N1CCCCC1
11720,CCCCCCCCCCCCCCCCCC(=O)OC(CCCCCC)CCCCCCCCCCC(=O)OCCCCCCCCCCCCCC(C)C,0,OK,11720,CCCCCCCCCCCCCCCCCC(=O)OC(CCCCCC)CCCCCCCCCCC(=O)OCCCCCCCCCCCCCC(C)C
11743,CCOc1nc(NC)nc(NC(=O)NS(=O)(=O)c2ccccc2C(=O)OC)n1,0,OK,11743,CCOc1nc(NC)nc(NC(=O)NS(=O)(=O)c2ccccc2C(=O)OC)n1
11759,O=S(=O)(O)c1ccccc1,0,OK,11759,O=S(=O)(O)c1ccccc1
11760,CC(C)(C)c1ccc(O)c(O)c1,0,OK,11760,CC(C)(C)c1ccc(O)c(O)c1
11767,CC(C)(C)c1ccc(O)cc1,0,OK,11767,CC(C)(C)c1ccc(O)cc1
11770,O=S(=O)(O)c1ccc(O)cc1,0,OK,11770,O=S(=O)(O)c1ccc(O)cc1
11772,O=C1CCC(C(=O)O)N1,0,OK,11772,O=C1CCC(C(=O)O)N1
11773,CC(C)c1ccccc1,0,OK,11773,CC(C)c1ccccc1
11774,C=C(C)c1ccccc1,0,OK,11774,C=C(C)c1ccccc1
11776,CC(=O)c1ccccc1,0,OK,11776,CC(=O)c1ccccc1
11778,NC(=O)c1cccnc1,0,OK,11778,NC(=O)c1cccnc1
11779,CN(C)C1CCCCC1,0,OK,11779,CN(C)C1CCCCC1
11780,O=[N+]([O-])c1ccccc1,0,OK,11780,O=[N+]([O-])c1ccccc1
11782,Cc1ccc2[nH]c3cc4c(=O)c5cc(C)ccc5[nH]c4cc3c(=O)c2c1,0,OK,11782,Cc1ccc2[nH]c3cc4c(=O)c5cc(C)ccc5[nH]c4cc3c(=O)c2c1
11794,CCCCCCCCCCCCCCCC=C1OC(=O)C1CCCCCCCCCCCCCCC,0,OK,11794,CCCCCCCCCCCCCCCC=C1OC(=O)C1CCCCCCCCCCCCCCC
11795,CCCCCCCCC=CC(=O)NCCC[N+](C)(C)CC(=O)O,0,OK,11795,CCCCCCCCC=CC(=O)NCCC[N+](C)(C)CC(=O)O
11808,O=[N+]([O-])c1ccc(Cl)c(Cl)c1,0,OK,11808,O=[N+]([O-])c1ccc(Cl)c(Cl)c1
11809,Nc1cc([N+](=O)[O-])ccc1O,0,OK,11809,Nc1cc([N+](=O)[O-])ccc1O
11811,O=C(Cl)c1cccc(C(=O)Cl)c1,0,OK,11811,O=C(Cl)c1cccc(C(=O)Cl)c1
11819,CC(C)c1ccc(N)cc1,0,OK,11819,CC(C)c1ccc(N)cc1
11820,CC(=O)c1ccc(O)cc1,0,OK,11820,CC(=O)c1ccc(O)cc1
11821,Cc1ccc(C(=O)O)cc1,0,OK,11821,Cc1ccc(C(=O)O)cc1
11824,Cc1ccc([N+](=O)[O-])cc1,0,OK,11824,Cc1ccc([N+](=O)[O-])cc1
11825,CCCCCCCCSc1nc(Nc2cc(C(C)(C)C)c(O)c(C(C)(C)C)c2)nc(SCCCCCCCC)n1,0,OK,11825,CCCCCCCCSc1nc(Nc2cc(C(C)(C)C)c(O)c(C(C)(C)C)c2)nc(SCCCCCCCC)n1
11832,CCC(C)(C)OC,0,OK,11832,CCC(C)(C)OC
11840,CCCCCC(C)OC(=O)COc1ccc(Cl)c2cccnc12,0,OK,11840,CCCCCC(C)OC(=O)COc1ccc(Cl)c2cccnc12
