No,label,expert_alert_score,sample_weight_multiplier
12,0,0.0,1.0
45,0,0.0,1.0
54,0,0.0,1.0
70,0,0.0,1.0
75,0,0.0,1.0
83,0,0.0,1.0
128,0,0.0,1.0
134,0,0.0,1.0
159,0,1.3,1.325
228,0,0.0,1.0
229,0,0.0,1.0
238,0,0.0,1.0
259,0,0.9,1.225
276,0,0.0,1.0
296,0,0.9,1.225
317,0,0.0,1.0
331,0,0.0,1.0
555,0,0.0,1.0
587,0,0.0,1.0
590,0,0.0,1.0
611,0,0.0,1.0
635,0,0.0,1.0
663,0,0.0,1.0
1300,0,0.0,1.0
1587,0,0.0,1.0
1622,0,0.0,1.0
1652,0,0.0,1.0
1812,0,0.0,1.0
1821,0,0.0,1.0
1822,0,0.0,1.0
1823,0,0.0,1.0
1826,0,0.0,1.0
1829,0,0.0,1.0
1830,0,0.0,1.0
1833,0,0.0,1.0
1834,0,0.0,1.0
1835,0,0.0,1.0
1840,0,0.0,1.0
1841,0,0.0,1.0
1842,0,0.0,1.0
1843,0,0.0,1.0
1846,1,0.0,1.0
1847,0,0.0,1.0
1848,0,0.0,1.0
1850,0,0.0,1.0
1854,0,0.0,1.0
1856,0,0.0,1.0
1857,0,0.0,1.0
1860,0,0.0,1.0
1861,0,0.0,1.0
1866,0,0.0,1.0
1867,0,0.0,1.0
1868,0,0.0,1.0
1869,0,0.0,1.0
1870,0,0.0,1.0
1871,0,0.0,1.0
1872,0,0.0,1.0
1873,0,0.0,1.0
1875,0,0.0,1.0
1876,0,0.0,1.0
1878,0,0.0,1.0
1879,0,0.0,1.0
1880,0,0.0,1.0
1881,0,0.0,1.0
1883,0,0.0,1.0
1885,0,0.0,1.0
1886,1,1.1,1.275
1887,0,0.0,1.0
1889,0,0.0,1.0
1890,0,0.0,1.0
1891,0,0.0,1.0
1892,0,0.0,1.0
1893,0,0.0,1.0
1895,0,0.0,1.0
1896,0,0.0,1.0
1899,0,0.0,1.0
1901,0,0.0,1.0
1903,0,0.0,1.0
1904,0,0.0,1.0
1905,0,0.0,1.0
1907,0,0.0,1.0
1908,0,0.0,1.0
1911,0,0.0,1.0
1913,0,0.0,1.0
1914,0,0.0,1.0
1915,0,0.0,1.0
1916,0,0.0,1.0
1922,0,0.0,1.0
1924,0,0.0,1.0
1925,0,0.0,1.0
1926,0,0.0,1.0
1927,0,0.0,1.0
1928,0,0.0,1.0
1930,0,0.0,1.0
1931,0,0.0,1.0
1932,0,2.4,1.6
1933,0,0.0,1.0
1934,0,0.0,1.0
1937,0,0.0,1.0
1939,0,0.0,1.0
1940,0,0.0,1.0
1941,0,0.0,1.0
1942,1,0.0,1.0
1944,0,0.0,1.0
1945,1,0.0,1.0
1946,0,0.0,1.0
1949,0,0.0,1.0
1950,0,0.0,1.0
1953,0,0.0,1.0
1954,0,0.0,1.0
1956,0,0.0,1.0
1958,0,0.0,1.0
1960,0,0.0,1.0
1961,0,0.0,1.0
1964,0,0.0,1.0
1966,0,0.0,1.0
1969,0,0.0,1.0
1970,0,0.0,1.0
1987,0,0.0,1.0
1992,0,0.9,1.225
1993,0,0.0,1.0
1994,0,0.0,1.0
1995,0,0.0,1.0
1998,0,0.0,1.0
2006,0,0.0,1.0
2007,0,0.0,1.0
2010,0,0.0,1.0
2011,0,0.0,1.0
2012,0,0.0,1.0
2013,1,0.0,1.0
2015,0,0.0,1.0
2016,0,0.0,1.0
2017,0,0.0,1.0
2019,0,0.0,1.0
2021,0,0.0,1.0
2027,0,0.0,1.0
2029,0,0.0,1.0
2030,0,0.0,1.0
2031,0,0.0,1.0
2032,0,0.0,1.0
2039,0,0.0,1.0
2040,0,0.0,1.0
2042,0,0.0,1.0
2043,0,0.0,1.0
2047,0,0.0,1.0
2048,0,0.0,1.0
2049,0,0.0,1.0
2050,0,0.0,1.0
2053,0,0.0,1.0
2054,0,0.0,1.0
2055,0,0.0,1.0
2056,0,0.0,1.0
2058,0,0.0,1.0
2059,0,0.0,1.0
2060,0,0.0,1.0
2062,0,0.9,1.225
2063,0,0.0,1.0
2065,0,0.0,1.0
2067,0,0.0,1.0
2074,0,0.0,1.0
2078,0,0.0,1.0
2082,0,0.0,1.0
2084,0,0.0,1.0
2086,0,0.0,1.0
2087,0,0.0,1.0
2089,0,0.0,1.0
2096,0,0.0,1.0
2097,0,0.0,1.0
2102,0,0.0,1.0
2103,0,0.0,1.0
2104,0,0.0,1.0
2105,0,0.0,1.0
2106,0,0.0,1.0
2107,0,0.0,1.0
2108,0,0.0,1.0
2110,0,0.0,1.0
2113,0,0.0,1.0
2115,0,0.0,1.0
2116,0,0.0,1.0
2117,0,0.0,1.0
2118,0,0.0,1.0
2119,0,0.0,1.0
2120,0,0.0,1.0
2122,0,0.0,1.0
2125,0,0.0,1.0
2127,0,0.0,1.0
2128,0,0.0,1.0
2130,0,0.0,1.0
2132,0,0.0,1.0
2140,0,0.0,1.0
2141,0,0.0,1.0
2142,0,0.0,1.0
2145,0,0.0,1.0
2148,0,0.0,1.0
2152,0,0.0,1.0
2157,0,0.0,1.0
2159,0,0.0,1.0
2161,0,0.0,1.0
2162,0,0.0,1.0
2163,0,0.0,1.0
2164,0,0.0,1.0
2167,0,0.0,1.0
2172,0,0.0,1.0
2173,0,0.0,1.0
2177,0,0.0,1.0
2178,0,0.0,1.0
2179,0,0.0,1.0
2180,0,0.0,1.0
2181,0,0.0,1.0
2184,0,0.0,1.0
2185,0,0.0,1.0
2187,0,0.0,1.0
2189,0,0.0,1.0
2190,0,0.0,1.0
2192,0,0.0,1.0
2195,0,0.0,1.0
2196,0,0.0,1.0
2197,0,0.0,1.0
2198,0,0.0,1.0
2199,0,0.0,1.0
2200,0,0.0,1.0
2201,0,0.0,1.0
2202,0,0.0,1.0
2203,0,0.0,1.0
2207,0,0.0,1.0
2210,0,0.0,1.0
2211,0,0.0,1.0
2212,0,0.0,1.0
2213,0,0.0,1.0
2214,0,0.0,1.0
2215,0,0.0,1.0
2216,0,0.0,1.0
2217,0,0.0,1.0
2218,0,0.0,1.0
2220,0,0.0,1.0
2221,0,0.0,1.0
2222,0,0.0,1.0
2223,0,0.0,1.0
2224,0,0.0,1.0
2225,0,0.0,1.0
2227,0,0.0,1.0
2228,0,0.0,1.0
2230,0,0.0,1.0
2231,0,0.0,1.0
2232,0,0.0,1.0
2233,0,0.0,1.0
2234,0,0.0,1.0
2237,0,0.0,1.0
2238,0,0.0,1.0
2239,0,0.0,1.0
2240,0,0.0,1.0
2241,0,0.0,1.0
2242,0,0.0,1.0
2245,0,0.0,1.0
2246,0,0.0,1.0
2247,0,0.0,1.0
2248,0,0.0,1.0
2249,0,0.0,1.0
2250,0,0.0,1.0
2252,0,0.0,1.0
2253,1,0.0,1.0
2254,0,0.0,1.0
2256,0,0.0,1.0
2258,0,0.0,1.0
2259,0,0.0,1.0
2261,0,0.0,1.0
2262,0,0.0,1.0
2263,0,0.0,1.0
2264,0,0.0,1.0
2265,0,0.0,1.0
2267,0,0.0,1.0
2268,0,0.0,1.0
2269,0,0.0,1.0
2270,0,0.0,1.0
2271,0,0.0,1.0
2272,0,0.0,1.0
2273,0,0.0,1.0
2282,0,0.0,1.0
2283,0,0.0,1.0
2285,0,0.0,1.0
2286,0,0.0,1.0
2287,0,0.0,1.0
2288,0,0.0,1.0
2289,0,0.0,1.0
2290,0,0.0,1.0
2291,0,0.0,1.0
2292,0,1.1,1.275
2293,1,1.1,1.275
2295,0,1.1,1.275
2296,0,0.0,1.0
2297,1,0.0,1.0
2298,0,0.0,1.0
2301,1,0.0,1.0
2302,0,0.0,1.0
2303,1,0.0,1.0
2304,0,0.0,1.0
2305,0,0.0,1.0
2306,0,0.0,1.0
2308,0,0.0,1.0
2312,0,0.0,1.0
2313,0,0.0,1.0
2314,0,0.0,1.0
2316,0,0.0,1.0
2317,0,0.0,1.0
2319,0,0.0,1.0
2320,0,0.0,1.0
2321,0,0.0,1.0
2322,0,0.0,1.0
2323,0,0.0,1.0
2324,0,0.0,1.0
2325,0,0.0,1.0
2326,0,0.0,1.0
2327,0,0.0,1.0
2329,0,0.0,1.0
2330,0,0.0,1.0
2334,0,0.0,1.0
2336,0,0.0,1.0
2339,0,0.0,1.0
2340,0,0.0,1.0
2341,0,0.0,1.0
2342,1,0.0,1.0
2343,0,0.0,1.0
2344,0,0.0,1.0
2345,0,0.0,1.0
2346,0,0.0,1.0
2347,1,0.0,1.0
2348,0,0.0,1.0
2349,0,0.0,1.0
2350,0,0.0,1.0
2351,0,0.0,1.0
2352,0,0.0,1.0
2353,0,0.0,1.0
2354,0,0.0,1.0
2355,0,0.0,1.0
2356,0,0.0,1.0
2357,0,0.0,1.0
2358,0,0.0,1.0
2359,0,0.0,1.0
2360,0,0.0,1.0
2361,0,0.0,1.0
2362,0,0.0,1.0
2363,0,0.0,1.0
2364,0,0.0,1.0
2365,0,0.0,1.0
2366,0,0.0,1.0
2367,0,0.0,1.0
2369,0,0.0,1.0
2370,0,0.0,1.0
2371,0,0.0,1.0
2372,0,0.0,1.0
2373,0,0.0,1.0
2374,0,0.0,1.0
2375,0,0.0,1.0
2376,0,0.0,1.0
2377,0,0.0,1.0
2379,0,0.0,1.0
2380,0,0.0,1.0
2381,0,0.9,1.225
2382,0,0.0,1.0
2383,0,0.0,1.0
2384,0,0.0,1.0
2385,0,0.0,1.0
2386,0,0.0,1.0
2387,0,0.0,1.0
2388,0,0.0,1.0
2391,0,0.0,1.0
2392,0,0.0,1.0
2393,0,0.0,1.0
2396,0,0.0,1.0
2397,0,0.0,1.0
2400,0,0.0,1.0
2401,0,0.0,1.0
2402,0,0.0,1.0
2403,0,0.0,1.0
2404,0,0.0,1.0
2406,0,0.0,1.0
2407,0,0.0,1.0
2409,0,0.0,1.0
2412,0,0.0,1.0
2413,0,0.0,1.0
2414,0,0.0,1.0
2415,0,0.0,1.0
2416,0,0.0,1.0
2417,0,0.0,1.0
2418,0,0.0,1.0
2419,0,0.0,1.0
2420,0,0.0,1.0
2421,0,0.0,1.0
2422,0,0.0,1.0
2423,0,0.0,1.0
2424,0,0.0,1.0
2425,0,0.0,1.0
2432,0,0.0,1.0
2433,0,0.0,1.0
2435,0,0.0,1.0
2436,0,0.0,1.0
2437,0,0.0,1.0
2438,0,0.0,1.0
2439,0,0.0,1.0
2445,0,0.0,1.0
2446,0,0.0,1.0
2447,0,0.0,1.0
2448,0,0.0,1.0
2449,0,0.0,1.0
2450,0,0.0,1.0
2452,0,0.0,1.0
2453,0,0.0,1.0
2455,0,0.0,1.0
2456,0,0.0,1.0
2458,0,0.0,1.0
2459,0,0.0,1.0
2460,0,0.0,1.0
2463,0,0.0,1.0
2465,0,0.0,1.0
2467,0,0.0,1.0
2468,0,0.0,1.0
2469,0,0.0,1.0
2470,1,0.0,1.0
2471,0,0.0,1.0
2473,0,0.0,1.0
2474,0,0.0,1.0
2475,0,0.0,1.0
2476,0,0.0,1.0
2477,0,0.0,1.0
2478,0,0.0,1.0
2479,0,0.0,1.0
2480,0,0.0,1.0
2481,0,0.0,1.0
2482,0,0.0,1.0
2483,0,0.0,1.0
2484,0,0.0,1.0
2485,0,0.0,1.0
2486,0,0.0,1.0
2487,0,0.0,1.0
2488,0,0.0,1.0
2489,0,0.0,1.0
2491,0,0.0,1.0
2492,0,0.0,1.0
2493,0,0.0,1.0
2494,0,0.0,1.0
2495,0,0.0,1.0
2496,0,0.0,1.0
2497,0,0.0,1.0
2498,0,0.0,1.0
2499,0,0.0,1.0
2500,0,0.0,1.0
2504,0,0.9,1.225
2510,0,0.0,1.0
2511,0,0.0,1.0
2512,0,0.0,1.0
2513,0,0.0,1.0
2514,0,0.0,1.0
2515,0,0.0,1.0
2516,0,0.0,1.0
2517,0,0.0,1.0
2518,0,0.0,1.0
2519,0,0.0,1.0
2521,0,0.0,1.0
2522,0,0.0,1.0
2523,0,0.0,1.0
2524,0,0.0,1.0
2525,0,0.0,1.0
2526,0,0.0,1.0
2528,0,0.0,1.0
2529,0,0.0,1.0
2530,0,0.0,1.0
2531,0,0.0,1.0
2532,0,0.0,1.0
2533,0,0.0,1.0
2534,1,0.0,1.0
2535,0,0.0,1.0
2536,0,0.0,1.0
2537,0,0.0,1.0
2539,0,0.0,1.0
2540,0,0.0,1.0
2542,0,0.0,1.0
2543,0,0.0,1.0
2544,0,0.0,1.0
2545,0,0.0,1.0
2546,0,0.0,1.0
2547,0,0.0,1.0
2548,0,0.0,1.0
2549,0,0.0,1.0
2550,0,0.0,1.0
2551,0,0.0,1.0
2553,0,0.0,1.0
2554,0,0.0,1.0
2555,0,0.0,1.0
2556,0,0.0,1.0
2557,0,0.0,1.0
2558,0,0.0,1.0
2559,0,0.0,1.0
2560,0,0.0,1.0
2561,0,0.0,1.0
2563,0,0.0,1.0
2566,0,0.0,1.0
2571,0,0.0,1.0
2572,0,0.0,1.0
2573,0,0.0,1.0
2576,0,0.0,1.0
2577,0,0.0,1.0
2578,0,0.0,1.0
2579,0,0.0,1.0
2580,0,0.0,1.0
2581,0,0.0,1.0
2582,0,0.0,1.0
2583,0,0.0,1.0
2584,0,0.0,1.0
2585,0,0.0,1.0
2587,0,0.0,1.0
2588,0,0.0,1.0
2589,0,0.0,1.0
2590,0,0.0,1.0
2591,0,0.0,1.0
2592,0,0.0,1.0
2593,0,0.0,1.0
2594,0,0.0,1.0
2595,0,0.0,1.0
2596,0,0.0,1.0
2597,0,0.0,1.0
2598,0,0.0,1.0
2599,0,0.0,1.0
2600,0,0.0,1.0
2601,0,0.0,1.0
2602,0,0.0,1.0
2603,0,0.0,1.0
2604,0,0.0,1.0
2605,0,0.0,1.0
2606,0,0.0,1.0
2607,0,0.0,1.0
2608,0,0.0,1.0
2609,0,0.0,1.0
2610,0,0.0,1.0
2611,0,0.0,1.0
2612,0,0.0,1.0
2613,0,0.0,1.0
2614,0,0.0,1.0
2615,0,0.0,1.0
2616,0,0.0,1.0
2617,0,0.0,1.0
2618,0,0.0,1.0
2619,0,0.0,1.0
2620,0,0.0,1.0
2621,0,0.0,1.0
2622,0,0.0,1.0
2623,0,0.0,1.0
2625,0,0.0,1.0
2626,1,0.0,1.0
2628,0,0.0,1.0
2629,0,0.0,1.0
2631,0,0.0,1.0
2634,0,0.0,1.0
2635,0,0.0,1.0
2640,0,0.0,1.0
2642,0,0.0,1.0
2646,0,0.0,1.0
2648,0,0.0,1.0
2649,0,0.0,1.0
2652,0,0.0,1.0
2653,0,0.0,1.0
2654,0,0.0,1.0
2655,0,0.0,1.0
2656,0,0.0,1.0
2657,0,0.0,1.0
2659,0,0.0,1.0
2662,0,0.0,1.0
2663,0,0.0,1.0
2664,0,0.0,1.0
2665,0,0.0,1.0
2667,0,0.0,1.0
2669,0,0.0,1.0
2670,0,0.0,1.0
2671,0,0.0,1.0
2672,0,0.0,1.0
2673,0,0.0,1.0
2674,0,0.0,1.0
2675,0,0.0,1.0
2677,0,0.0,1.0
2678,0,0.0,1.0
2679,0,0.0,1.0
2680,0,0.0,1.0
2681,0,0.0,1.0
2682,0,0.0,1.0
2683,0,0.0,1.0
2684,0,0.0,1.0
2685,0,0.0,1.0
2686,0,0.0,1.0
2687,0,0.0,1.0
2688,0,0.0,1.0
2689,0,0.0,1.0
2690,0,0.0,1.0
2691,0,0.0,1.0
2692,0,0.0,1.0
2693,0,0.0,1.0
2694,0,0.0,1.0
2695,0,0.0,1.0
2696,0,0.0,1.0
2697,0,0.0,1.0
2698,0,0.0,1.0
2699,0,0.0,1.0
2700,0,0.0,1.0
2701,0,0.0,1.0
2702,0,0.0,1.0
2703,0,0.0,1.0
2704,0,0.0,1.0
2705,0,0.0,1.0
2706,0,0.0,1.0
2707,0,0.0,1.0
2708,0,0.0,1.0
2709,0,0.0,1.0
2710,0,0.0,1.0
2711,0,0.0,1.0
2713,0,0.0,1.0
2714,0,0.0,1.0
2716,0,0.0,1.0
2717,0,0.0,1.0
2718,0,0.0,1.0
2720,0,0.0,1.0
2723,0,0.0,1.0
2724,0,0.0,1.0
2726,0,0.0,1.0
2730,0,0.0,1.0
2732,0,0.0,1.0
2733,0,0.0,1.0
2734,0,0.0,1.0
2735,0,0.0,1.0
2736,0,0.0,1.0
2737,0,0.0,1.0
2738,0,0.0,1.0
2739,0,0.0,1.0
2740,0,0.0,1.0
2744,0,0.0,1.0
2745,0,0.0,1.0
2747,0,0.0,1.0
2748,0,0.0,1.0
2749,0,0.0,1.0
2751,0,0.0,1.0
2753,0,0.0,1.0
2756,0,0.0,1.0
2758,1,0.0,1.0
2759,0,0.0,1.0
2760,0,0.0,1.0
2763,0,0.0,1.0
2764,0,0.0,1.0
2765,0,0.0,1.0
2766,0,0.0,1.0
2767,0,0.0,1.0
2768,0,0.0,1.0
2769,0,0.0,1.0
2770,0,0.0,1.0
2771,0,0.0,1.0
2772,0,0.0,1.0
2773,0,0.0,1.0
2774,0,0.0,1.0
2775,0,0.0,1.0
2776,0,0.0,1.0
2777,0,0.0,1.0
2779,0,0.0,1.0
2782,0,0.0,1.0
2784,0,0.0,1.0
2786,0,0.0,1.0
2787,0,0.0,1.0
2791,0,0.0,1.0
2793,0,0.0,1.0
2794,0,0.0,1.0
2795,0,0.0,1.0
2796,0,0.0,1.0
2797,0,0.0,1.0
2799,0,0.0,1.0
2800,1,0.0,1.0
2801,0,0.0,1.0
2802,0,0.0,1.0
2803,0,0.0,1.0
2804,0,0.0,1.0
2805,0,0.0,1.0
2810,0,0.0,1.0
2813,0,0.0,1.0
2815,0,0.0,1.0
2816,0,0.0,1.0
2817,0,0.0,1.0
2820,0,0.0,1.0
2821,0,0.0,1.0
2822,0,0.0,1.0
2823,0,0.0,1.0
2824,0,0.0,1.0
2825,0,0.0,1.0
2826,0,0.0,1.0
2829,0,0.0,1.0
2847,0,0.0,1.0
2849,0,0.0,1.0
2855,0,0.0,1.0
2856,0,0.0,1.0
2859,0,0.0,1.0
2860,0,0.0,1.0
2863,0,0.0,1.0
2865,0,0.0,1.0
2866,0,1.1,1.275
2867,0,0.0,1.0
2871,0,0.0,1.0
2872,0,0.9,1.225
2874,0,0.0,1.0
2881,0,0.0,1.0
2885,0,0.0,1.0
2889,0,0.0,1.0
2890,0,0.0,1.0
2891,0,0.0,1.0
2893,0,0.0,1.0
2895,0,0.0,1.0
2896,0,0.0,1.0
2898,0,0.0,1.0
2899,0,0.0,1.0
2906,0,0.0,1.0
2907,0,0.0,1.0
2916,0,0.0,1.0
2919,0,0.0,1.0
2920,0,0.0,1.0
2924,0,0.0,1.0
2925,0,0.9,1.225
2928,0,0.0,1.0
2929,0,0.0,1.0
2930,0,0.0,1.0
2931,0,0.0,1.0
2932,0,0.0,1.0
2933,0,0.0,1.0
2936,0,0.0,1.0
2940,0,0.0,1.0
2942,0,0.0,1.0
2944,0,0.0,1.0
2945,0,0.0,1.0
2947,0,0.0,1.0
2948,0,0.0,1.0
2949,0,0.0,1.0
2950,0,1.1,1.275
2951,0,0.0,1.0
2952,1,0.0,1.0
2953,0,0.0,1.0
2954,0,0.0,1.0
2958,0,0.0,1.0
2961,0,0.0,1.0
2966,0,0.0,1.0
2967,0,0.0,1.0
2968,0,0.0,1.0
2970,0,0.0,1.0
2971,0,0.0,1.0
2972,0,0.0,1.0
2974,0,0.0,1.0
2975,0,0.0,1.0
2976,0,0.0,1.0
2978,0,0.0,1.0
2979,0,0.0,1.0
2980,0,0.0,1.0
2982,0,0.0,1.0
2986,0,0.0,1.0
2987,0,0.0,1.0
2988,0,0.0,1.0
2993,0,0.0,1.0
2994,0,0.0,1.0
2996,0,0.0,1.0
2997,0,0.0,1.0
2998,0,0.0,1.0
3000,0,0.0,1.0
3001,0,0.0,1.0
3002,0,0.0,1.0
3005,0,0.0,1.0
3007,0,0.0,1.0
3008,0,0.0,1.0
3009,0,0.0,1.0
3010,0,0.0,1.0
3011,0,0.0,1.0
3012,0,0.0,1.0
3013,0,0.0,1.0
3014,0,0.0,1.0
3016,0,0.0,1.0
3018,0,0.0,1.0
3023,0,0.0,1.0
3024,1,0.0,1.0
3025,0,0.0,1.0
3027,0,0.0,1.0
3029,0,0.0,1.0
3030,0,0.0,1.0
3033,0,0.0,1.0
3034,0,0.0,1.0
3035,0,0.0,1.0
3036,0,0.0,1.0
3037,0,0.0,1.0
3038,0,0.0,1.0
3041,1,0.0,1.0
3042,0,0.0,1.0
3051,0,0.0,1.0
3052,0,0.0,1.0
3054,0,0.0,1.0
3056,0,0.0,1.0
3060,0,0.0,1.0
3061,0,0.0,1.0
3063,0,0.0,1.0
3065,0,0.0,1.0
3066,0,0.0,1.0
3071,0,0.0,1.0
3072,0,0.0,1.0
3073,0,0.0,1.0
3075,0,0.0,1.0
3077,0,0.0,1.0
3079,0,1.1,1.275
3082,0,0.0,1.0
3086,0,2.4,1.6
3091,0,0.0,1.0
3098,0,0.0,1.0
3107,0,0.0,1.0
3113,0,0.0,1.0
3116,0,0.0,1.0
3122,0,0.0,1.0
3123,0,0.0,1.0
3124,0,0.0,1.0
3130,0,0.0,1.0
3135,1,1.1,1.275
3142,0,0.0,1.0
3143,0,0.0,1.0
3144,0,0.0,1.0
3147,1,1.1,1.275
3148,0,0.0,1.0
3155,0,0.0,1.0
3159,0,0.0,1.0
3160,0,0.0,1.0
3164,0,0.9,1.225
3167,0,0.0,1.0
3170,0,0.0,1.0
3171,0,0.0,1.0
3172,0,0.9,1.225
3173,0,0.0,1.0
3175,0,0.0,1.0
3176,0,0.0,1.0
3177,0,0.0,1.0
3178,0,0.0,1.0
3180,0,0.0,1.0
3181,0,0.0,1.0
3182,0,0.0,1.0
3184,0,0.0,1.0
3189,0,0.0,1.0
3190,0,0.0,1.0
3195,1,0.0,1.0
3205,0,0.0,1.0
3206,1,0.0,1.0
3211,0,0.0,1.0
3212,0,0.0,1.0
3219,0,0.0,1.0
3221,0,0.0,1.0
3222,0,0.0,1.0
3223,0,0.0,1.0
3225,0,0.0,1.0
3226,0,0.0,1.0
3228,0,0.0,1.0
3229,0,0.0,1.0
3230,0,0.0,1.0
3231,0,0.0,1.0
3232,0,0.0,1.0
3237,0,0.0,1.0
3238,0,0.0,1.0
3239,0,0.0,1.0
3240,0,0.0,1.0
3241,0,0.0,1.0
3244,0,0.0,1.0
3245,0,0.0,1.0
3246,0,0.0,1.0
3247,0,0.0,1.0
3248,0,0.0,1.0
3249,0,0.0,1.0
3250,0,0.0,1.0
3251,0,0.0,1.0
3252,0,0.0,1.0
3253,0,0.0,1.0
3254,0,0.0,1.0
3255,0,0.0,1.0
3256,0,0.0,1.0
3257,0,0.0,1.0
3259,0,0.0,1.0
3260,0,0.0,1.0
3261,0,0.0,1.0
3262,0,0.0,1.0
3263,0,0.0,1.0
3264,0,0.0,1.0
3265,0,0.0,1.0
3266,0,0.0,1.0
3267,0,0.0,1.0
3268,0,0.0,1.0
3270,0,0.0,1.0
3271,0,0.0,1.0
3273,0,0.9,1.225
3277,0,0.0,1.0
3281,0,0.0,1.0
3285,0,0.0,1.0
3286,0,0.0,1.0
3287,0,0.0,1.0
3288,0,0.0,1.0
3289,0,0.0,1.0
3290,0,0.0,1.0
3291,0,0.0,1.0
3293,0,0.0,1.0
3294,0,0.0,1.0
3295,0,0.0,1.0
3296,0,0.0,1.0
3297,0,0.0,1.0
3298,0,0.0,1.0
3299,0,0.0,1.0
3300,0,0.0,1.0
3301,0,0.0,1.0
3302,0,0.0,1.0
3304,0,0.0,1.0
3305,1,0.0,1.0
3306,0,0.0,1.0
3307,0,0.0,1.0
3308,0,0.0,1.0
3310,0,0.0,1.0
3312,0,0.0,1.0
3313,0,0.0,1.0
3315,0,0.0,1.0
3317,0,0.0,1.0
3319,0,0.0,1.0
3320,0,0.0,1.0
3321,0,0.0,1.0
3322,0,0.0,1.0
3323,0,0.0,1.0
3324,0,0.0,1.0
3325,0,0.0,1.0
3326,0,0.0,1.0
3327,0,0.0,1.0
3328,0,0.0,1.0
3332,1,0.0,1.0
3333,0,0.0,1.0
3335,0,0.0,1.0
3337,0,0.0,1.0
3338,0,0.0,1.0
3339,0,0.0,1.0
3340,0,0.0,1.0
3341,0,0.9,1.225
3342,0,0.0,1.0
3343,0,0.0,1.0
3345,0,0.0,1.0
3346,0,0.0,1.0
3348,0,0.0,1.0
3351,0,0.0,1.0
3352,0,0.0,1.0
3353,0,0.0,1.0
3354,0,0.0,1.0
3355,0,0.0,1.0
3356,0,0.0,1.0
3357,0,0.0,1.0
3358,0,0.0,1.0
3359,0,0.0,1.0
3360,0,0.0,1.0
3361,0,0.0,1.0
3362,0,0.0,1.0
3363,0,0.0,1.0
3365,0,0.0,1.0
3366,0,0.0,1.0
3367,1,0.0,1.0
3372,0,0.0,1.0
3373,0,0.0,1.0
3376,0,0.0,1.0
3377,0,0.0,1.0
3379,0,0.0,1.0
3380,0,0.0,1.0
3381,0,0.0,1.0
3382,0,0.0,1.0
3384,0,0.0,1.0
3385,0,0.0,1.0
3389,0,0.0,1.0
3390,0,0.0,1.0
3395,0,1.3,1.325
3398,0,0.0,1.0
3399,0,0.0,1.0
3402,0,0.0,1.0
3403,0,0.0,1.0
3404,0,0.0,1.0
3405,0,0.0,1.0
3406,0,0.0,1.0
3409,0,0.0,1.0
3414,0,0.0,1.0
3417,0,0.0,1.0
3424,0,0.0,1.0
3425,0,0.0,1.0
3427,0,0.0,1.0
3428,0,0.0,1.0
3429,0,0.0,1.0
3430,1,0.0,1.0
3432,0,0.0,1.0
3433,0,0.0,1.0
3434,0,0.0,1.0
3435,0,0.0,1.0
3438,0,0.0,1.0
3439,0,0.0,1.0
3440,0,0.0,1.0
3441,0,0.0,1.0
3443,0,0.0,1.0
3450,0,0.0,1.0
3451,0,0.0,1.0
3453,0,0.0,1.0
3455,0,0.0,1.0
3458,0,0.0,1.0
3460,0,0.0,1.0
3462,0,0.0,1.0
3465,0,0.0,1.0
3466,0,0.0,1.0
3468,0,0.0,1.0
3470,0,0.0,1.0
3471,0,0.0,1.0
3472,1,0.0,1.0
3473,0,0.0,1.0
3475,0,0.0,1.0
3476,0,0.0,1.0
3478,0,0.0,1.0
3479,0,0.0,1.0
3480,0,0.0,1.0
3481,0,0.0,1.0
3483,0,0.0,1.0
3484,0,0.0,1.0
3485,0,0.0,1.0
3489,0,0.0,1.0
3491,0,0.0,1.0
3493,0,0.0,1.0
3494,0,0.0,1.0
3495,0,0.0,1.0
3496,0,0.0,1.0
3497,0,0.0,1.0
3498,0,0.0,1.0
3501,0,0.0,1.0
3502,0,0.0,1.0
3503,0,0.0,1.0
3505,0,0.0,1.0
3506,0,0.9,1.225
3507,0,0.0,1.0
3508,0,0.0,1.0
3510,0,0.0,1.0
3511,0,0.0,1.0
3512,0,0.0,1.0
3514,0,0.0,1.0
3515,0,0.0,1.0
3516,0,0.0,1.0
3517,0,0.0,1.0
3520,0,0.0,1.0
3521,0,0.0,1.0
3522,0,0.0,1.0
3526,0,0.0,1.0
3527,0,0.0,1.0
3528,0,0.0,1.0
3532,0,0.0,1.0
3536,0,0.0,1.0
3537,0,0.0,1.0
3539,0,0.0,1.0
3542,0,0.0,1.0
3543,0,0.0,1.0
3544,0,0.0,1.0
3545,0,0.0,1.0
3546,0,0.0,1.0
3547,0,0.0,1.0
3550,0,0.0,1.0
3552,0,0.0,1.0
3553,0,0.0,1.0
3554,0,0.0,1.0
3558,0,0.0,1.0
3563,0,0.0,1.0
3564,0,0.0,1.0
3565,0,0.0,1.0
3566,0,0.0,1.0
3567,0,0.0,1.0
3570,0,0.0,1.0
3572,0,0.0,1.0
3574,0,0.0,1.0
3575,0,0.0,1.0
3576,0,0.0,1.0
3577,0,0.0,1.0
3578,0,0.0,1.0
3579,0,0.0,1.0
3580,0,0.0,1.0
3581,0,0.0,1.0
3582,0,0.0,1.0
3583,0,0.0,1.0
3586,0,0.0,1.0
3587,0,0.0,1.0
3588,0,0.0,1.0
3589,0,0.0,1.0
3590,0,0.0,1.0
3591,0,0.0,1.0
3592,0,0.0,1.0
3594,0,0.0,1.0
3595,0,0.0,1.0
3597,0,0.0,1.0
3598,0,0.0,1.0
3599,0,0.0,1.0
3600,0,0.0,1.0
3602,0,0.0,1.0
3604,0,0.0,1.0
3605,0,0.0,1.0
3607,0,0.9,1.225
3608,0,0.0,1.0
3609,0,0.0,1.0
3610,0,0.0,1.0
3612,0,0.0,1.0
3613,0,0.0,1.0
3614,0,0.0,1.0
3615,0,0.0,1.0
3616,0,0.0,1.0
3618,0,0.0,1.0
3621,0,0.0,1.0
3622,0,0.0,1.0
3623,0,0.0,1.0
3624,0,0.0,1.0
3627,0,0.0,1.0
3628,1,1.1,1.275
3629,0,0.0,1.0
3630,0,0.0,1.0
3631,0,0.0,1.0
3632,0,0.0,1.0
3633,0,0.0,1.0
3635,0,0.0,1.0
3636,0,0.0,1.0
3637,0,0.0,1.0
3644,0,0.0,1.0
3645,0,0.0,1.0
3648,0,0.0,1.0
3650,0,0.0,1.0
3653,0,0.0,1.0
3654,0,0.0,1.0
3656,0,0.0,1.0
3657,0,0.0,1.0
3659,1,0.0,1.0
3660,0,0.0,1.0
3661,0,0.0,1.0
3662,0,0.0,1.0
3663,0,0.0,1.0
3664,0,0.0,1.0
3665,0,0.0,1.0
3667,0,0.0,1.0
3669,0,0.0,1.0
3672,0,0.0,1.0
3673,0,0.0,1.0
3674,1,0.0,1.0
3675,0,0.0,1.0
3677,0,0.0,1.0
3679,0,0.0,1.0
3680,0,0.0,1.0
3681,0,0.0,1.0
3686,0,0.0,1.0
3688,0,0.0,1.0
3703,0,0.0,1.0
3705,0,0.0,1.0
3706,0,0.0,1.0
3707,0,0.0,1.0
3714,0,0.0,1.0
3716,0,0.0,1.0
3717,0,0.0,1.0
3718,0,1.1,1.275
3719,0,0.0,1.0
3720,0,0.0,1.0
3721,0,0.0,1.0
3723,0,0.0,1.0
3725,1,0.0,1.0
3728,0,0.0,1.0
3731,0,0.0,1.0
3732,0,0.0,1.0
3733,0,0.0,1.0
3734,0,0.0,1.0
3736,0,0.0,1.0
3737,0,1.1,1.275
3738,0,0.0,1.0
3739,0,0.0,1.0
3740,0,0.0,1.0
3745,0,0.0,1.0
3746,0,0.0,1.0
3747,0,0.0,1.0
3750,0,1.1,1.275
3751,0,0.0,1.0
3752,0,0.0,1.0
3753,0,0.0,1.0
3758,0,0.0,1.0
3759,0,0.0,1.0
3760,0,0.0,1.0
3761,1,0.9,1.225
3764,0,0.0,1.0
3765,0,0.0,1.0
3768,0,0.0,1.0
3771,0,0.0,1.0
3772,0,0.0,1.0
3774,0,0.0,1.0
3775,0,0.0,1.0
3777,0,0.0,1.0
3778,0,0.0,1.0
3779,0,0.0,1.0
3780,0,0.0,1.0
3781,0,0.0,1.0
3782,0,0.0,1.0
3783,0,0.0,1.0
3784,0,0.0,1.0
3785,0,0.0,1.0
3787,0,0.0,1.0
3788,0,0.0,1.0
3789,0,0.0,1.0
3790,0,0.0,1.0
3791,0,0.0,1.0
3792,0,0.0,1.0
3795,0,0.0,1.0
3797,0,0.0,1.0
3798,0,0.0,1.0
3799,0,0.0,1.0
3801,0,0.0,1.0
3802,0,0.0,1.0
3804,0,0.0,1.0
3805,0,0.0,1.0
3806,0,0.0,1.0
3807,0,0.0,1.0
3809,0,0.0,1.0
3810,0,0.0,1.0
3811,0,0.0,1.0
3812,0,0.0,1.0
3813,0,0.0,1.0
3816,0,0.0,1.0
3817,0,0.9,1.225
3820,0,0.0,1.0
3826,0,0.0,1.0
3828,0,0.0,1.0
3829,0,0.0,1.0
3830,0,0.0,1.0
3834,0,0.0,1.0
3836,0,0.0,1.0
3837,0,0.0,1.0
3838,0,0.0,1.0
3839,0,0.0,1.0
3843,0,0.0,1.0
3844,0,0.0,1.0
3845,0,0.0,1.0
3846,0,0.0,1.0
3847,0,0.0,1.0
3849,0,0.0,1.0
3851,1,0.0,1.0
3852,0,0.0,1.0
3853,0,0.0,1.0
3855,0,0.0,1.0
3858,0,0.0,1.0
3860,0,0.0,1.0
3861,0,0.0,1.0
3862,0,0.0,1.0
3863,0,0.0,1.0
3864,0,0.0,1.0
3865,0,0.0,1.0
3867,0,0.0,1.0
3868,0,0.0,1.0
3869,0,0.0,1.0
3870,0,0.0,1.0
3873,0,0.0,1.0
3874,0,0.0,1.0
3875,0,0.0,1.0
3877,0,0.0,1.0
3878,0,0.0,1.0
3879,0,0.0,1.0
3880,0,0.0,1.0
3882,0,0.0,1.0
3888,0,0.0,1.0
3889,0,0.0,1.0
3891,0,0.0,1.0
3892,0,0.0,1.0
3894,0,0.0,1.0
3896,0,0.0,1.0
3897,0,0.0,1.0
3903,0,0.0,1.0
3905,0,0.0,1.0
3907,0,0.0,1.0
3908,0,0.0,1.0
3910,0,0.0,1.0
3911,0,0.0,1.0
3917,0,0.0,1.0
3920,0,0.0,1.0
3921,0,0.0,1.0
3922,0,0.0,1.0
3923,1,0.0,1.0
3924,0,0.0,1.0
3925,0,0.0,1.0
3926,0,0.0,1.0
3933,0,0.0,1.0
3935,0,0.0,1.0
3936,0,0.0,1.0
3937,0,0.0,1.0
3941,0,0.0,1.0
3942,0,0.0,1.0
3943,0,0.9,1.225
3944,0,0.0,1.0
3945,0,0.0,1.0
3946,0,0.0,1.0
3948,0,0.0,1.0
3951,0,0.0,1.0
3953,0,0.0,1.0
3955,0,0.0,1.0
3957,0,0.0,1.0
3958,0,0.0,1.0
3959,0,0.0,1.0
3960,0,0.0,1.0
3961,0,0.0,1.0
3962,0,0.0,1.0
3963,0,0.0,1.0
3964,0,0.0,1.0
3965,0,0.0,1.0
3966,0,0.0,1.0
3967,0,0.0,1.0
3971,0,0.0,1.0
3972,0,0.0,1.0
3973,0,0.0,1.0
3975,0,0.0,1.0
3976,0,0.0,1.0
3977,0,0.0,1.0
3979,0,0.0,1.0
3987,0,0.0,1.0
3988,0,0.0,1.0
3992,0,0.0,1.0
3993,0,0.0,1.0
3996,0,0.0,1.0
3997,0,0.0,1.0
3998,0,0.0,1.0
4000,0,0.0,1.0
4012,0,0.0,1.0
4015,0,0.0,1.0
4016,0,0.0,1.0
4017,0,0.0,1.0
4019,0,0.0,1.0
4020,0,0.0,1.0
4021,0,0.0,1.0
4023,0,0.0,1.0
4027,0,0.0,1.0
4038,0,0.0,1.0
4039,0,0.0,1.0
4041,1,0.9,1.225
4043,0,0.0,1.0
4047,0,0.0,1.0
4049,0,0.0,1.0
4051,0,0.0,1.0
4052,0,0.0,1.0
4053,0,0.0,1.0
4054,0,0.0,1.0
4056,0,0.0,1.0
4057,0,0.0,1.0
4058,0,0.0,1.0
4059,0,0.0,1.0
4060,0,0.0,1.0
4063,0,0.0,1.0
4064,0,0.0,1.0
4065,0,0.0,1.0
4066,0,0.0,1.0
4067,0,0.0,1.0
4068,0,0.0,1.0
4069,0,0.0,1.0
4071,0,0.0,1.0
4072,0,0.0,1.0
4073,0,0.0,1.0
4076,0,0.0,1.0
4079,0,0.0,1.0
4080,0,0.0,1.0
4081,1,0.0,1.0
4082,0,0.0,1.0
4083,0,0.0,1.0
4084,0,0.0,1.0
4086,0,0.0,1.0
4087,0,0.0,1.0
4089,0,0.0,1.0
4093,0,0.0,1.0
4094,0,0.0,1.0
4095,0,0.0,1.0
4099,0,0.0,1.0
4100,0,0.0,1.0
4101,0,0.0,1.0
4102,0,0.0,1.0
4103,0,0.0,1.0
4104,0,0.0,1.0
4106,0,0.0,1.0
4107,0,0.0,1.0
4110,0,0.0,1.0
4111,0,0.0,1.0
4112,0,0.0,1.0
4113,0,0.0,1.0
4114,0,0.0,1.0
4115,0,0.0,1.0
4116,0,0.0,1.0
4117,0,0.0,1.0
4118,0,0.0,1.0
4119,0,0.0,1.0
4121,0,0.0,1.0
4123,0,0.0,1.0
4125,0,0.0,1.0
4127,1,1.1,1.275
4128,0,0.0,1.0
4129,0,0.0,1.0
4130,0,0.0,1.0
4133,0,0.0,1.0
4135,0,0.0,1.0
4136,0,0.0,1.0
4137,0,0.0,1.0
4142,0,0.0,1.0
4145,0,0.0,1.0
4147,0,0.0,1.0
4148,0,0.0,1.0
4149,0,0.0,1.0
4150,0,0.0,1.0
4151,0,0.0,1.0
4152,0,0.0,1.0
4153,0,0.0,1.0
4154,0,0.0,1.0
4155,0,0.0,1.0
4156,0,0.0,1.0
4157,0,0.0,1.0
4159,0,0.0,1.0
4160,0,0.0,1.0
4162,0,0.0,1.0
4163,0,0.0,1.0
4168,0,0.0,1.0
4169,0,0.0,1.0
4171,0,0.0,1.0
4172,0,0.0,1.0
4173,0,0.0,1.0
4174,0,0.0,1.0
4178,0,0.0,1.0
4180,0,0.0,1.0
4181,0,0.0,1.0
4187,0,0.0,1.0
4189,0,0.0,1.0
4190,0,0.0,1.0
4197,0,0.0,1.0
4198,0,0.0,1.0
4199,0,0.0,1.0
4201,0,0.0,1.0
4202,0,0.0,1.0
4203,0,0.0,1.0
4204,0,0.0,1.0
4208,0,0.0,1.0
4210,0,0.0,1.0
4211,0,0.0,1.0
4212,0,0.0,1.0
4216,0,0.0,1.0
4217,0,0.0,1.0
4218,0,0.0,1.0
4219,0,0.0,1.0
4220,0,0.0,1.0
4221,0,0.0,1.0
4222,0,0.0,1.0
4224,0,0.0,1.0
4227,0,0.0,1.0
4230,0,0.0,1.0
4231,0,0.0,1.0
4232,0,0.0,1.0
4233,0,0.0,1.0
4235,0,0.0,1.0
4238,0,0.0,1.0
4239,0,0.0,1.0
4241,0,0.0,1.0
4257,0,0.0,1.0
4258,0,0.0,1.0
4275,0,0.0,1.0
4277,0,0.0,1.0
4278,0,0.0,1.0
4279,0,0.0,1.0
4282,0,0.0,1.0
4298,0,0.0,1.0
4299,0,0.0,1.0
4300,0,0.0,1.0
4301,0,0.0,1.0
4305,0,0.0,1.0
4306,0,0.0,1.0
4307,0,0.0,1.0
4308,0,0.0,1.0
4316,0,0.0,1.0
4318,0,0.0,1.0
4319,0,0.0,1.0
4320,0,0.0,1.0
4321,0,0.0,1.0
4327,0,0.0,1.0
4328,0,0.0,1.0
4330,0,1.1,1.275
4335,0,0.0,1.0
4336,0,0.0,1.0
4337,0,0.0,1.0
4338,0,0.0,1.0
4339,0,0.0,1.0
4343,0,0.0,1.0
4344,0,0.0,1.0
4346,0,0.0,1.0
4350,0,0.0,1.0
4351,0,0.0,1.0
4352,0,0.0,1.0
4353,0,0.0,1.0
4355,0,0.0,1.0
4356,0,0.0,1.0
4358,0,0.0,1.0
4363,0,0.0,1.0
4365,0,0.0,1.0
4367,0,0.0,1.0
4368,0,0.0,1.0
4370,0,0.0,1.0
4371,0,0.0,1.0
4372,0,0.0,1.0
4374,1,0.0,1.0
4380,0,0.0,1.0
4382,0,0.0,1.0
4384,0,0.0,1.0
4389,0,0.0,1.0
4390,0,0.0,1.0
4392,0,0.0,1.0
4393,0,0.0,1.0
4395,0,0.0,1.0
4398,0,0.0,1.0
4399,0,0.0,1.0
4400,0,0.0,1.0
4401,0,0.0,1.0
4402,0,0.0,1.0
4403,0,0.0,1.0
4405,0,0.0,1.0
4406,0,0.0,1.0
4407,0,0.0,1.0
4409,0,0.0,1.0
4412,0,0.0,1.0
4415,0,0.0,1.0
4419,0,0.0,1.0
4420,0,0.0,1.0
4421,0,0.0,1.0
4428,0,0.0,1.0
4429,0,0.0,1.0
4430,0,0.0,1.0
4431,0,0.0,1.0
4433,0,0.0,1.0
4434,0,0.0,1.0
4435,0,0.0,1.0
4437,0,0.0,1.0
4438,0,0.0,1.0
4439,0,0.0,1.0
4441,0,0.0,1.0
4442,0,0.0,1.0
4443,0,0.0,1.0
4444,0,0.0,1.0
4446,0,0.0,1.0
4448,0,0.0,1.0
4449,0,0.0,1.0
4450,0,0.0,1.0
4451,0,0.0,1.0
4452,0,0.0,1.0
4454,0,0.0,1.0
4455,0,0.0,1.0
4456,0,0.0,1.0
4457,0,0.0,1.0
4459,0,0.0,1.0
4460,0,0.0,1.0
4461,0,0.0,1.0
4464,0,0.0,1.0
4465,0,0.0,1.0
4466,0,0.0,1.0
4469,0,0.0,1.0
4471,0,0.0,1.0
4473,0,0.0,1.0
4474,0,0.0,1.0
4476,0,0.0,1.0
4477,0,0.0,1.0
4479,0,0.0,1.0
4483,0,0.0,1.0
4484,0,0.0,1.0
4485,0,0.0,1.0
4486,0,0.0,1.0
4488,0,0.0,1.0
4489,0,0.0,1.0
4490,0,0.0,1.0
4491,0,0.0,1.0
4492,0,0.0,1.0
4494,0,0.0,1.0
4497,0,0.0,1.0
4499,0,0.0,1.0
4500,0,0.0,1.0
4501,0,0.0,1.0
4502,0,0.0,1.0
4504,0,0.0,1.0
4506,0,0.0,1.0
4507,1,0.0,1.0
4508,0,0.0,1.0
4518,0,0.0,1.0
4519,0,0.0,1.0
4520,0,0.0,1.0
4521,0,0.9,1.225
4524,0,0.0,1.0
4525,0,0.0,1.0
4527,0,0.0,1.0
4528,0,0.0,1.0
4529,0,0.0,1.0
4533,0,0.0,1.0
4535,0,0.0,1.0
4537,1,0.0,1.0
4540,0,0.0,1.0
4542,0,0.0,1.0
4544,1,1.3,1.325
4547,0,0.0,1.0
4552,0,1.1,1.275
4553,0,0.0,1.0
4556,0,0.0,1.0
4558,0,0.0,1.0
4559,0,0.0,1.0
4560,0,0.0,1.0
4561,0,0.0,1.0
4563,0,0.0,1.0
4564,0,0.0,1.0
4565,0,0.0,1.0
4566,0,0.0,1.0
4567,0,0.0,1.0
4571,0,0.0,1.0
4572,0,0.0,1.0
4573,0,0.0,1.0
4574,0,0.0,1.0
4575,0,0.0,1.0
4579,0,0.0,1.0
4580,0,0.0,1.0
4581,0,0.0,1.0
4586,0,0.0,1.0
4590,0,0.0,1.0
4591,0,0.0,1.0
4592,1,1.1,1.275
4593,0,0.0,1.0
4595,0,0.0,1.0
4596,0,0.0,1.0
4597,0,0.0,1.0
4598,0,0.0,1.0
4603,0,0.0,1.0
4605,0,0.0,1.0
4606,0,0.0,1.0
4607,0,0.0,1.0
4608,0,0.0,1.0
4612,0,0.0,1.0
4613,0,0.0,1.0
4621,0,0.0,1.0
4624,0,0.0,1.0
4630,0,0.0,1.0
4631,0,0.0,1.0
4632,0,0.0,1.0
4633,0,0.0,1.0
4634,1,0.0,1.0
4635,0,0.0,1.0
4636,0,0.0,1.0
4637,0,0.0,1.0
4640,0,0.0,1.0
4643,0,0.0,1.0
4645,0,0.0,1.0
4648,0,0.0,1.0
4650,0,0.0,1.0
4651,0,0.0,1.0
4653,0,0.0,1.0
4655,0,0.0,1.0
4657,0,0.0,1.0
4658,0,0.0,1.0
4660,0,0.0,1.0
4661,0,0.0,1.0
4663,0,0.0,1.0
4664,0,0.0,1.0
4667,0,0.0,1.0
4669,0,0.0,1.0
4671,0,0.0,1.0
4674,0,0.0,1.0
4675,0,0.0,1.0
4676,0,0.0,1.0
4677,0,0.0,1.0
4678,0,0.0,1.0
4681,0,2.4,1.6
4682,0,0.0,1.0
4683,0,0.0,1.0
4684,0,0.0,1.0
4685,0,0.0,1.0
4686,0,0.0,1.0
4687,0,0.0,1.0
4688,0,0.0,1.0
4689,0,0.0,1.0
4690,0,0.0,1.0
4691,0,0.0,1.0
4693,0,0.0,1.0
4694,0,0.0,1.0
4696,0,0.0,1.0
4698,0,0.0,1.0
4699,0,0.0,1.0
4700,0,0.0,1.0
4701,0,0.0,1.0
4702,0,0.0,1.0
4703,0,0.0,1.0
4704,0,0.0,1.0
4706,0,0.0,1.0
4707,0,0.0,1.0
4709,0,0.0,1.0
4710,0,0.0,1.0
4711,0,1.1,1.275
4712,0,0.0,1.0
4713,0,0.0,1.0
4715,0,0.0,1.0
4716,0,0.0,1.0
4718,0,0.0,1.0
4719,0,0.0,1.0
4720,0,0.0,1.0
4721,0,0.0,1.0
4722,0,0.0,1.0
4723,0,0.0,1.0
4724,0,0.0,1.0
4725,0,0.0,1.0
4729,0,0.0,1.0
4738,0,0.0,1.0
4739,0,0.0,1.0
4740,0,0.0,1.0
4741,0,0.0,1.0
4742,0,0.0,1.0
4745,0,0.0,1.0
4746,0,0.0,1.0
4747,1,0.0,1.0
4748,0,0.0,1.0
4751,0,0.0,1.0
4753,0,0.0,1.0
4755,0,0.0,1.0
4756,0,0.0,1.0
4759,0,0.0,1.0
4760,0,0.0,1.0
4761,0,0.0,1.0
4764,0,0.0,1.0
4765,0,0.0,1.0
4766,0,0.0,1.0
4767,1,0.0,1.0
4768,0,0.0,1.0
4771,0,0.0,1.0
4772,0,0.0,1.0
4774,0,0.0,1.0
4778,0,0.0,1.0
4779,0,0.0,1.0
4780,0,0.0,1.0
4781,0,0.0,1.0
4782,0,2.4,1.6
4786,0,0.0,1.0
4788,0,0.0,1.0
4792,0,0.0,1.0
4794,0,0.0,1.0
4795,0,0.0,1.0
4800,0,0.0,1.0
4801,0,0.0,1.0
4803,0,0.0,1.0
4804,0,0.0,1.0
4805,0,0.0,1.0
4807,0,0.0,1.0
4808,1,0.0,1.0
4809,0,0.0,1.0
4813,1,0.0,1.0
4815,0,0.0,1.0
4816,0,0.0,1.0
4818,0,0.0,1.0
4819,1,0.0,1.0
4821,0,0.0,1.0
4822,0,0.0,1.0
4824,0,0.0,1.0
4825,0,0.0,1.0
4826,0,0.0,1.0
4827,0,0.0,1.0
4829,0,0.0,1.0
4830,0,0.0,1.0
4831,0,0.0,1.0
4833,0,0.0,1.0
4838,0,0.0,1.0
4840,0,0.0,1.0
4843,1,0.0,1.0
4844,0,0.0,1.0
4847,0,0.0,1.0
4848,0,0.0,1.0
4854,0,0.0,1.0
4857,0,0.0,1.0
4858,0,0.0,1.0
4861,0,0.0,1.0
4862,0,0.0,1.0
4864,0,0.0,1.0
4865,0,0.0,1.0
4868,0,0.0,1.0
4869,0,0.0,1.0
4870,0,0.0,1.0
4871,0,0.0,1.0
4873,0,0.0,1.0
4875,0,0.0,1.0
4876,0,0.0,1.0
4879,0,0.0,1.0
4880,0,0.0,1.0
4881,0,0.0,1.0
4882,0,0.0,1.0
4884,0,0.0,1.0
4885,0,0.0,1.0
4886,0,0.0,1.0
4888,0,0.0,1.0
4889,0,0.0,1.0
4890,0,0.0,1.0
4891,0,0.0,1.0
4895,0,0.0,1.0
4898,0,0.0,1.0
4899,0,0.0,1.0
4900,0,0.0,1.0
4901,0,0.0,1.0
4903,0,0.0,1.0
4904,0,0.0,1.0
4906,0,0.0,1.0
4907,0,0.0,1.0
4908,0,0.0,1.0
4910,0,0.0,1.0
4911,0,0.0,1.0
4913,0,0.0,1.0
4922,0,0.0,1.0
4923,0,0.0,1.0
4924,0,0.0,1.0
4927,1,0.0,1.0
4929,0,0.0,1.0
4932,0,0.0,1.0
4933,0,0.0,1.0
4934,0,0.0,1.0
4937,0,0.0,1.0
4940,0,0.0,1.0
4941,0,0.0,1.0
4942,0,0.0,1.0
4943,0,0.0,1.0
4944,0,0.0,1.0
4945,0,0.0,1.0
4947,0,0.0,1.0
4948,0,0.0,1.0
4950,0,0.0,1.0
4956,0,0.0,1.0
4961,0,0.0,1.0
4962,0,0.0,1.0
4963,0,0.0,1.0
4965,0,0.0,1.0
4966,0,0.0,1.0
4967,0,0.0,1.0
4970,0,0.0,1.0
4971,0,0.0,1.0
4972,0,0.0,1.0
4973,0,0.0,1.0
4974,0,0.0,1.0
4975,0,0.0,1.0
4976,0,0.0,1.0
4977,0,0.0,1.0
4978,0,0.0,1.0
4979,0,0.0,1.0
4980,0,0.0,1.0
4981,0,0.0,1.0
4982,0,0.0,1.0
4984,0,0.0,1.0
4985,0,0.0,1.0
4987,0,0.0,1.0
4988,0,0.0,1.0
4989,0,0.0,1.0
4990,0,0.0,1.0
4992,0,0.0,1.0
4993,0,0.0,1.0
4994,0,0.0,1.0
4995,0,0.0,1.0
4996,0,0.0,1.0
4998,0,0.0,1.0
5000,0,0.0,1.0
5002,0,0.0,1.0
5003,0,0.0,1.0
5004,0,0.0,1.0
5005,0,0.0,1.0
5011,0,0.0,1.0
5012,0,0.0,1.0
5013,0,0.0,1.0
5014,0,0.0,1.0
5019,0,0.0,1.0
5020,0,0.0,1.0
5022,0,0.0,1.0
5023,0,0.0,1.0
5026,0,0.0,1.0
5027,0,0.0,1.0
5030,0,0.0,1.0
5032,0,0.0,1.0
5033,0,0.0,1.0
5034,0,0.0,1.0
5035,0,0.0,1.0
5036,0,0.0,1.0
5038,0,0.0,1.0
5039,0,0.0,1.0
5040,0,0.0,1.0
5041,0,0.0,1.0
5042,0,0.0,1.0
5045,0,0.0,1.0
5047,0,0.0,1.0
5048,0,0.0,1.0
5049,0,0.0,1.0
5050,0,0.0,1.0
5052,0,0.0,1.0
5054,0,0.0,1.0
5055,0,0.0,1.0
5058,0,0.0,1.0
5061,0,0.0,1.0
5064,0,0.0,1.0
5066,0,0.0,1.0
5069,0,0.0,1.0
5070,0,0.0,1.0
5072,0,0.0,1.0
5075,0,0.0,1.0
5077,0,0.0,1.0
5081,0,0.0,1.0
5085,0,0.0,1.0
5089,0,0.0,1.0
5090,0,0.0,1.0
5092,0,0.0,1.0
5093,0,0.0,1.0
5094,0,0.0,1.0
5096,0,0.0,1.0
5097,0,0.0,1.0
5099,0,0.0,1.0
5101,0,0.0,1.0
5102,0,0.0,1.0
5103,0,0.0,1.0
5106,0,0.0,1.0
5107,0,0.0,1.0
5109,0,0.0,1.0
5111,0,0.0,1.0
5112,0,0.0,1.0
5114,0,0.0,1.0
5115,0,0.0,1.0
5116,0,0.9,1.225
5120,0,0.0,1.0
5121,0,0.0,1.0
5122,0,0.0,1.0
5123,0,0.0,1.0
5124,0,0.0,1.0
5125,0,0.0,1.0
5128,0,0.0,1.0
5129,0,0.0,1.0
5132,0,0.0,1.0
5138,0,0.0,1.0
5149,0,0.0,1.0
5151,0,0.0,1.0
5152,1,0.0,1.0
5158,0,0.0,1.0
5160,0,0.0,1.0
5163,0,0.9,1.225
5164,0,1.1,1.275
5166,0,0.0,1.0
5167,0,0.0,1.0
5170,0,0.0,1.0
5173,0,0.0,1.0
5174,0,0.0,1.0
5176,0,0.0,1.0
5177,0,0.0,1.0
5178,0,1.3,1.325
5179,0,0.0,1.0
5181,0,0.0,1.0
5182,0,0.0,1.0
5183,0,0.0,1.0
5184,0,0.0,1.0
5191,0,0.0,1.0
5192,0,0.0,1.0
5193,0,1.1,1.275
5194,0,0.0,1.0
5195,0,0.0,1.0
5196,0,0.0,1.0
5197,0,0.0,1.0
5198,0,0.0,1.0
5200,0,0.0,1.0
5201,0,0.0,1.0
5204,0,0.0,1.0
5205,0,0.0,1.0
5206,0,0.0,1.0
5207,0,0.0,1.0
5208,0,0.0,1.0
5209,0,0.0,1.0
5213,0,0.0,1.0
5214,0,0.0,1.0
5215,0,0.0,1.0
5216,0,0.0,1.0
5220,1,0.0,1.0
5221,0,0.0,1.0
5223,0,0.0,1.0
5224,0,0.0,1.0
5225,0,0.0,1.0
5226,0,0.0,1.0
5227,0,0.0,1.0
5228,0,0.0,1.0
5232,0,0.0,1.0
5234,0,0.0,1.0
5235,0,0.0,1.0
5236,0,0.0,1.0
5237,0,0.0,1.0
5238,0,0.0,1.0
5239,0,0.0,1.0
5240,0,0.0,1.0
5242,0,0.0,1.0
5245,0,0.0,1.0
5251,0,0.0,1.0
5254,0,0.0,1.0
5255,0,0.0,1.0
5257,0,0.0,1.0
5258,0,0.0,1.0
5259,0,0.0,1.0
5261,0,0.0,1.0
5262,0,0.0,1.0
5263,0,0.0,1.0
5267,0,0.0,1.0
5268,0,0.0,1.0
5270,0,0.0,1.0
5272,0,0.0,1.0
5274,0,0.0,1.0
5276,0,0.0,1.0
5278,1,1.1,1.275
5282,0,0.0,1.0
5288,0,0.0,1.0
5289,0,0.0,1.0
5293,0,0.0,1.0
5294,0,0.0,1.0
5297,0,0.9,1.225
5298,0,0.0,1.0
5299,0,0.0,1.0
5302,0,0.0,1.0
5303,0,0.0,1.0
5306,1,0.0,1.0
5314,0,0.0,1.0
5315,0,0.0,1.0
5318,0,0.0,1.0
5322,0,0.0,1.0
5323,0,0.0,1.0
5328,0,0.0,1.0
5329,0,0.0,1.0
5330,0,0.0,1.0
5332,0,0.0,1.0
5335,0,0.0,1.0
5337,0,0.0,1.0
5338,0,0.9,1.225
5339,0,0.0,1.0
5340,0,0.0,1.0
5342,0,0.0,1.0
5344,0,0.0,1.0
5346,0,0.0,1.0
5348,0,0.0,1.0
5350,0,0.0,1.0
5351,0,0.0,1.0
5352,0,0.0,1.0
5354,0,0.0,1.0
5355,0,0.0,1.0
5367,0,0.0,1.0
5368,0,0.0,1.0
5369,0,0.0,1.0
5370,0,0.0,1.0
5372,0,0.0,1.0
5375,0,0.0,1.0
5376,0,0.0,1.0
5377,0,0.0,1.0
5381,0,0.0,1.0
5383,0,0.0,1.0
5386,0,0.0,1.0
5387,0,0.0,1.0
5388,0,0.0,1.0
5389,0,0.0,1.0
5392,0,0.0,1.0
5393,0,0.0,1.0
5394,0,0.0,1.0
5397,0,0.0,1.0
5398,1,0.0,1.0
5401,0,0.0,1.0
5405,0,0.0,1.0
5407,0,0.0,1.0
5409,0,0.0,1.0
5414,0,0.0,1.0
5415,0,0.0,1.0
5416,0,0.0,1.0
5417,0,0.0,1.0
5418,0,0.0,1.0
5421,1,1.1,1.275
5423,0,0.0,1.0
5424,0,0.0,1.0
5425,0,0.0,1.0
5426,0,0.0,1.0
5431,0,0.0,1.0
5433,0,0.0,1.0
5434,0,0.0,1.0
5435,0,0.0,1.0
5436,0,0.0,1.0
5439,0,0.0,1.0
5440,0,0.0,1.0
5441,0,0.0,1.0
5445,1,1.1,1.275
5446,0,0.0,1.0
5448,0,0.9,1.225
5449,0,0.0,1.0
5451,1,0.0,1.0
5454,0,0.0,1.0
5456,0,0.0,1.0
5457,0,0.0,1.0
5458,0,0.0,1.0
5459,0,0.0,1.0
5461,0,0.0,1.0
5462,0,0.0,1.0
5465,0,0.0,1.0
5466,0,0.0,1.0
5469,0,0.0,1.0
5470,0,0.0,1.0
5473,0,0.0,1.0
5475,0,0.0,1.0
5478,0,0.0,1.0
5480,0,0.0,1.0
5481,0,0.0,1.0
5482,0,0.0,1.0
5483,0,0.0,1.0
5484,0,0.0,1.0
5488,0,0.0,1.0
5491,0,0.0,1.0
5496,0,0.0,1.0
5499,0,0.0,1.0
5500,0,0.0,1.0
5501,0,0.0,1.0
5502,0,0.0,1.0
5504,0,0.0,1.0
5505,1,0.0,1.0
5512,0,0.0,1.0
5514,0,0.0,1.0
5515,0,0.0,1.0
5519,0,0.0,1.0
5521,0,0.0,1.0
5522,0,0.0,1.0
5525,0,0.0,1.0
5526,0,0.0,1.0
5527,0,0.0,1.0
5528,0,0.0,1.0
5529,0,0.0,1.0
5531,0,0.0,1.0
5532,0,0.0,1.0
5533,0,0.0,1.0
5534,0,0.0,1.0
5537,0,0.0,1.0
5539,0,0.0,1.0
5540,0,0.0,1.0
5541,0,0.0,1.0
5542,0,0.0,1.0
5544,0,0.0,1.0
5546,0,0.0,1.0
5549,0,0.0,1.0
5550,0,0.0,1.0
5551,0,0.0,1.0
5552,0,0.0,1.0
5553,0,0.0,1.0
5554,0,0.0,1.0
5556,0,0.0,1.0
5560,0,0.0,1.0
5562,0,0.0,1.0
5564,0,0.0,1.0
5565,0,0.0,1.0
5566,0,0.0,1.0
5567,0,0.0,1.0
5568,0,0.0,1.0
5569,0,0.0,1.0
5571,0,0.0,1.0
5573,0,0.0,1.0
5574,0,0.0,1.0
5575,0,0.0,1.0
5576,0,0.0,1.0
5577,0,0.0,1.0
5579,0,0.0,1.0
5581,0,0.0,1.0
5582,0,0.0,1.0
5584,0,0.0,1.0
5586,0,0.0,1.0
5587,0,1.1,1.275
5589,0,0.0,1.0
5590,0,0.0,1.0
5593,0,0.0,1.0
5595,0,0.0,1.0
5596,0,0.0,1.0
5597,0,0.0,1.0
5600,0,0.0,1.0
5602,0,0.0,1.0
5603,0,0.0,1.0
5604,0,0.0,1.0
5605,0,0.0,1.0
5606,0,1.1,1.275
5608,0,0.0,1.0
5609,0,0.0,1.0
5612,0,0.0,1.0
5619,0,0.0,1.0
5621,0,1.3,1.325
5622,0,0.0,1.0
5623,0,0.0,1.0
5624,0,0.0,1.0
5625,0,0.0,1.0
5626,0,0.0,1.0
5627,0,0.0,1.0
5628,0,0.0,1.0
5629,0,0.0,1.0
5630,0,0.0,1.0
5632,0,0.0,1.0
5633,0,0.0,1.0
5635,0,0.0,1.0
5636,0,0.0,1.0
5637,0,0.0,1.0
5638,0,0.0,1.0
5639,0,0.0,1.0
5641,1,0.0,1.0
5642,0,0.0,1.0
5643,0,0.0,1.0
5644,0,0.0,1.0
5645,0,0.0,1.0
5646,0,0.0,1.0
5649,0,0.0,1.0
5651,0,0.0,1.0
5652,0,0.0,1.0
5653,0,0.0,1.0
5654,0,0.0,1.0
5655,0,0.0,1.0
5659,0,0.0,1.0
5661,0,0.0,1.0
5663,0,0.0,1.0
5664,0,0.0,1.0
5672,0,0.0,1.0
5673,0,0.0,1.0
5675,0,0.0,1.0
5676,0,1.1,1.275
5677,0,0.0,1.0
5680,0,0.0,1.0
5683,0,0.0,1.0
5685,0,0.0,1.0
5687,0,0.0,1.0
5688,0,0.0,1.0
5689,0,0.0,1.0
5691,0,0.0,1.0
5692,0,0.0,1.0
5694,0,0.0,1.0
5695,0,0.0,1.0
5698,0,0.0,1.0
5699,0,0.0,1.0
5705,0,0.0,1.0
5706,0,0.0,1.0
5708,0,0.0,1.0
5711,0,0.0,1.0
5712,0,0.0,1.0
5713,0,0.0,1.0
5714,0,0.0,1.0
5715,0,0.0,1.0
5716,0,0.0,1.0
5717,0,0.0,1.0
5718,0,0.0,1.0
5719,0,0.0,1.0
5720,0,0.0,1.0
5721,0,0.0,1.0
5725,0,0.0,1.0
5726,0,0.0,1.0
5727,0,0.0,1.0
5728,0,0.0,1.0
5729,0,0.0,1.0
5731,0,0.0,1.0
5733,0,0.0,1.0
5734,0,0.0,1.0
5735,0,0.0,1.0
5736,0,0.0,1.0
5737,0,0.0,1.0
5738,0,0.0,1.0
5739,0,0.0,1.0
5740,0,0.0,1.0
5744,0,0.0,1.0
5745,0,0.0,1.0
5746,0,0.0,1.0
5747,1,1.1,1.275
5748,0,0.0,1.0
5749,0,0.0,1.0
5750,0,0.0,1.0
5752,0,0.0,1.0
5756,0,0.0,1.0
5757,0,0.0,1.0
5760,0,0.0,1.0
5762,0,0.0,1.0
5763,0,0.0,1.0
5765,0,0.0,1.0
5766,0,0.0,1.0
5767,0,0.0,1.0
5768,0,0.0,1.0
5771,0,0.0,1.0
5774,0,0.0,1.0
5775,0,0.0,1.0
5776,0,0.0,1.0
5777,0,0.0,1.0
5779,0,0.0,1.0
5781,0,0.0,1.0
5783,0,0.0,1.0
5784,0,0.0,1.0
5785,0,0.0,1.0
5786,0,0.0,1.0
5787,0,0.0,1.0
5788,0,0.0,1.0
5791,0,0.0,1.0
5794,0,0.0,1.0
5798,0,0.0,1.0
5799,0,0.0,1.0
5800,0,0.0,1.0
5801,1,0.0,1.0
5803,0,0.0,1.0
5804,0,0.0,1.0
5805,1,0.0,1.0
5807,0,0.0,1.0
5809,0,0.0,1.0
5811,0,0.0,1.0
5812,0,1.1,1.275
5813,0,0.0,1.0
5814,0,0.0,1.0
5816,0,0.0,1.0
5818,0,0.0,1.0
5820,0,0.0,1.0
5821,0,0.0,1.0
5822,0,0.0,1.0
5823,0,0.0,1.0
5827,0,0.0,1.0
5830,0,0.0,1.0
5831,0,0.0,1.0
5833,0,0.0,1.0
5834,0,0.0,1.0
5835,0,0.0,1.0
5836,0,0.0,1.0
5837,1,0.0,1.0
5839,0,0.0,1.0
5840,0,0.0,1.0
5841,0,1.1,1.275
5842,0,0.0,1.0
5844,0,0.0,1.0
5849,0,0.0,1.0
5850,0,0.0,1.0
5851,0,0.0,1.0
5852,0,0.0,1.0
5854,0,0.0,1.0
5855,0,0.0,1.0
5856,0,0.0,1.0
5857,0,0.0,1.0
5859,0,0.0,1.0
5860,0,0.0,1.0
5861,0,0.0,1.0
5862,0,0.0,1.0
5863,0,0.0,1.0
5866,0,0.0,1.0
5867,0,0.0,1.0
5869,0,0.0,1.0
5870,0,0.0,1.0
5875,0,0.0,1.0
5876,1,0.0,1.0
5877,0,0.0,1.0
5879,0,0.0,1.0
5880,0,0.0,1.0
5881,0,0.0,1.0
5882,0,0.0,1.0
5883,0,0.0,1.0
5885,0,0.0,1.0
5888,0,0.0,1.0
5889,0,0.0,1.0
5890,0,0.0,1.0
5891,0,0.0,1.0
5892,0,0.0,1.0
5893,0,0.0,1.0
5895,0,0.0,1.0
5898,0,0.0,1.0
5899,0,0.9,1.225
5900,0,0.0,1.0
5901,0,0.0,1.0
5902,0,0.0,1.0
5904,0,0.0,1.0
5906,0,1.1,1.275
5907,0,0.0,1.0
5908,0,0.0,1.0
5909,0,0.0,1.0
5910,0,0.0,1.0
5912,0,0.0,1.0
5913,0,0.0,1.0
5914,0,0.0,1.0
5915,0,0.0,1.0
5916,0,0.0,1.0
5918,0,0.0,1.0
5919,0,0.0,1.0
5921,1,1.1,1.275
5922,0,0.0,1.0
5925,0,0.0,1.0
5927,0,0.0,1.0
5928,0,0.0,1.0
5930,0,0.0,1.0
5932,0,0.0,1.0
5933,0,0.0,1.0
5934,0,0.0,1.0
5936,0,2.4,1.6
5937,0,0.0,1.0
5939,0,0.0,1.0
5942,0,0.0,1.0
5943,0,0.0,1.0
5945,0,0.0,1.0
5951,0,0.0,1.0
5953,0,0.0,1.0
5956,0,0.0,1.0
5957,0,0.0,1.0
5958,0,0.0,1.0
5959,0,0.0,1.0
5960,0,0.0,1.0
5961,0,0.0,1.0
5962,0,0.0,1.0
5963,0,0.0,1.0
5964,0,0.0,1.0
5965,0,0.0,1.0
5966,0,0.0,1.0
5967,0,0.0,1.0
5968,0,0.0,1.0
5970,0,0.0,1.0
5974,0,0.0,1.0
5975,0,0.0,1.0
5976,0,0.0,1.0
5978,0,0.0,1.0
5979,0,0.0,1.0
5980,0,0.0,1.0
5981,0,0.0,1.0
5982,0,0.9,1.225
5983,0,0.9,1.225
5985,0,0.0,1.0
5986,0,0.0,1.0
5987,0,0.0,1.0
5988,0,0.0,1.0
5989,0,0.9,1.225
5990,0,0.0,1.0
5991,0,0.0,1.0
5992,0,0.0,1.0
5994,0,0.0,1.0
5995,0,0.0,1.0
5998,0,0.0,1.0
5999,0,0.0,1.0
6000,0,0.0,1.0
6001,0,0.0,1.0
6004,0,0.0,1.0
6005,0,0.0,1.0
6007,0,0.0,1.0
6010,0,0.0,1.0
6011,0,0.0,1.0
6012,0,0.0,1.0
6013,0,0.0,1.0
6014,0,0.0,1.0
6015,0,0.0,1.0
6016,0,0.0,1.0
6020,0,0.0,1.0
6021,0,0.0,1.0
6024,0,0.0,1.0
6025,0,0.0,1.0
6026,0,0.0,1.0
6027,0,0.0,1.0
6029,0,0.0,1.0
6030,0,0.0,1.0
6031,0,0.0,1.0
6034,0,0.0,1.0
6035,0,0.0,1.0
6036,0,0.0,1.0
6037,0,0.0,1.0
6038,0,0.0,1.0
6039,0,0.0,1.0
6040,1,0.0,1.0
6045,0,0.0,1.0
6049,0,0.0,1.0
6051,0,0.0,1.0
6061,0,0.0,1.0
6062,0,0.0,1.0
6064,0,0.0,1.0
6065,0,0.0,1.0
6066,0,0.0,1.0
6067,0,0.0,1.0
6068,0,0.0,1.0
6069,0,1.1,1.275
6070,0,0.0,1.0
6072,0,0.0,1.0
6073,0,1.1,1.275
6074,0,0.0,1.0
6075,0,0.0,1.0
6077,0,0.0,1.0
6079,0,0.0,1.0
6080,0,0.0,1.0
6081,0,0.0,1.0
6082,0,0.0,1.0
6084,0,0.0,1.0
6086,0,0.0,1.0
6089,0,0.0,1.0
6090,0,0.0,1.0
6092,0,0.0,1.0
6093,0,0.0,1.0
6095,0,0.0,1.0
6097,0,0.0,1.0
6098,0,0.0,1.0
6099,0,0.0,1.0
6103,0,0.0,1.0
6104,0,0.0,1.0
6105,1,0.0,1.0
6107,0,1.1,1.275
6108,0,0.0,1.0
6110,0,0.0,1.0
6112,1,0.0,1.0
6113,0,0.0,1.0
6117,0,0.0,1.0
6118,0,0.0,1.0
6119,0,0.0,1.0
6120,0,0.0,1.0
6121,0,0.0,1.0
6122,0,0.0,1.0
6123,0,0.0,1.0
6124,0,0.0,1.0
6125,0,0.0,1.0
6126,0,0.0,1.0
6127,0,0.0,1.0
6130,0,0.0,1.0
6133,0,0.0,1.0
6135,0,0.0,1.0
6139,0,0.0,1.0
6140,0,0.0,1.0
6141,0,0.0,1.0
6142,0,0.0,1.0
6143,0,0.0,1.0
6144,0,0.0,1.0
6145,0,0.0,1.0
6146,0,0.0,1.0
6147,0,0.0,1.0
6149,0,0.0,1.0
6150,0,0.0,1.0
6151,0,0.0,1.0
6153,0,0.0,1.0
6155,0,0.0,1.0
6157,0,0.0,1.0
6158,0,0.0,1.0
6159,0,0.0,1.0
6160,0,0.0,1.0
6163,0,0.0,1.0
6164,0,0.0,1.0
6166,0,0.0,1.0
6167,0,0.0,1.0
6168,0,0.0,1.0
6169,0,0.0,1.0
6170,0,0.0,1.0
6171,0,0.0,1.0
6172,0,0.0,1.0
6174,0,0.0,1.0
6176,0,0.0,1.0
6177,0,0.0,1.0
6178,0,0.0,1.0
6179,0,0.0,1.0
6180,0,0.0,1.0
6181,0,0.0,1.0
6182,1,0.0,1.0
6183,0,0.0,1.0
6184,0,0.0,1.0
6185,0,0.0,1.0
6187,0,0.0,1.0
6188,0,0.0,1.0
6189,0,0.0,1.0
6190,0,0.0,1.0
6192,0,0.0,1.0
6193,0,0.0,1.0
6194,0,0.0,1.0
6197,0,0.0,1.0
6200,0,0.0,1.0
6202,0,0.0,1.0
6203,0,0.0,1.0
6204,0,0.0,1.0
6206,0,0.0,1.0
6207,0,0.0,1.0
6208,0,0.0,1.0
6209,0,0.0,1.0
6211,0,0.0,1.0
6212,0,0.0,1.0
6213,0,0.0,1.0
6214,0,0.0,1.0
6215,0,0.0,1.0
6217,0,0.0,1.0
6218,1,1.1,1.275
6219,0,0.0,1.0
6221,0,0.0,1.0
6222,0,0.0,1.0
6223,0,0.0,1.0
6224,0,0.0,1.0
6225,0,0.0,1.0
6226,0,0.0,1.0
6227,0,0.0,1.0
6228,0,0.0,1.0
6229,0,0.0,1.0
6230,0,0.0,1.0
6231,0,0.0,1.0
6233,0,0.0,1.0
6237,0,0.0,1.0
6238,0,0.0,1.0
6239,0,0.0,1.0
6241,0,0.0,1.0
6242,0,0.0,1.0
6243,0,0.0,1.0
6244,0,0.0,1.0
6246,0,0.0,1.0
6247,0,0.0,1.0
6248,0,0.0,1.0
6249,0,0.0,1.0
6250,0,0.0,1.0
6251,0,0.0,1.0
6252,0,0.0,1.0
6254,0,0.0,1.0
6255,0,1.1,1.275
6258,0,0.0,1.0
6259,0,0.0,1.0
6265,0,0.0,1.0
6267,0,0.0,1.0
6270,0,0.0,1.0
6272,0,0.0,1.0
6274,0,0.0,1.0
6275,0,0.0,1.0
6276,0,0.0,1.0
6277,0,0.0,1.0
6278,0,0.0,1.0
6279,0,0.0,1.0
6281,0,0.0,1.0
6282,0,0.0,1.0
6283,1,1.1,1.275
6285,0,0.0,1.0
6289,0,0.0,1.0
6294,0,0.0,1.0
6295,1,0.0,1.0
6297,0,0.0,1.0
6298,0,0.0,1.0
6299,0,1.1,1.275
6301,0,0.0,1.0
6302,0,0.0,1.0
6304,0,0.0,1.0
6306,0,0.0,1.0
6307,0,0.0,1.0
6310,0,0.0,1.0
6311,0,0.0,1.0
6312,0,0.9,1.225
6313,0,0.0,1.0
6314,0,0.0,1.0
6315,0,0.0,1.0
6316,0,0.0,1.0
6318,0,0.0,1.0
6319,0,0.0,1.0
6325,0,0.0,1.0
6326,0,0.0,1.0
6327,0,0.0,1.0
6328,0,0.0,1.0
6329,0,0.0,1.0
6331,0,0.0,1.0
6332,0,0.0,1.0
6333,0,0.0,1.0
6335,0,0.0,1.0
6336,0,0.0,1.0
6337,0,0.0,1.0
6338,0,0.0,1.0
6340,0,0.0,1.0
6341,0,0.0,1.0
6344,0,0.0,1.0
6345,0,0.0,1.0
6348,0,0.0,1.0
6349,0,0.0,1.0
6351,0,0.0,1.0
6355,0,0.0,1.0
6356,0,0.0,1.0
6357,0,0.0,1.0
6359,0,0.0,1.0
6360,0,0.0,1.0
6362,0,0.0,1.0
6363,0,0.0,1.0
6364,0,1.1,1.275
6365,0,0.0,1.0
6366,0,0.0,1.0
6367,0,0.0,1.0
6368,0,0.0,1.0
6369,0,0.0,1.0
6370,0,0.0,1.0
6371,0,0.0,1.0
6375,1,0.0,1.0
6376,0,0.0,1.0
6379,0,0.0,1.0
6383,0,0.0,1.0
6384,0,0.9,1.225
6385,0,0.0,1.0
6388,1,0.0,1.0
6389,0,0.0,1.0
6391,0,0.0,1.0
6393,0,0.0,1.0
6397,0,0.0,1.0
6398,0,0.0,1.0
6399,0,0.0,1.0
6400,0,0.0,1.0
6402,0,0.0,1.0
6403,0,0.0,1.0
6406,0,0.0,1.0
6408,0,0.0,1.0
6409,0,0.0,1.0
6413,0,0.0,1.0
6414,0,0.0,1.0
6415,0,0.0,1.0
6416,0,0.0,1.0
6418,0,0.0,1.0
6419,0,0.0,1.0
6422,1,0.0,1.0
6423,0,0.0,1.0
6425,0,0.0,1.0
6426,0,0.0,1.0
6428,0,0.0,1.0
6429,0,0.0,1.0
6430,0,0.0,1.0
6431,0,0.0,1.0
6432,0,0.0,1.0
6436,0,0.0,1.0
6438,0,0.0,1.0
6439,0,0.0,1.0
6440,0,0.0,1.0
6442,0,0.0,1.0
6443,0,0.0,1.0
6444,1,0.0,1.0
6445,0,0.0,1.0
6449,0,0.0,1.0
6450,0,0.0,1.0
6451,0,1.1,1.275
6453,0,1.1,1.275
6454,0,0.0,1.0
6455,0,0.0,1.0
6457,0,0.0,1.0
6458,0,0.0,1.0
6459,0,0.0,1.0
6460,0,0.0,1.0
6462,0,0.0,1.0
6463,0,0.0,1.0
6464,0,0.0,1.0
6468,0,0.0,1.0
6469,0,2.4,1.6
6470,0,0.0,1.0
6473,0,0.0,1.0
6474,0,0.0,1.0
6475,0,0.0,1.0
6476,0,0.0,1.0
6479,0,0.0,1.0
6481,0,0.0,1.0
6483,0,0.0,1.0
6486,0,0.0,1.0
6488,0,0.0,1.0
6490,0,0.0,1.0
6491,1,0.0,1.0
6492,0,0.0,1.0
6493,0,0.0,1.0
6494,0,0.0,1.0
6496,0,0.0,1.0
6498,0,0.0,1.0
6499,0,0.0,1.0
6500,0,0.0,1.0
6501,0,0.9,1.225
6502,0,0.0,1.0
6503,0,0.0,1.0
6504,0,0.0,1.0
6505,0,0.0,1.0
6509,1,1.3,1.325
6510,0,0.0,1.0
6511,0,0.0,1.0
6512,0,0.0,1.0
6513,0,0.0,1.0
6515,0,0.0,1.0
6516,0,0.0,1.0
6520,0,0.0,1.0
6521,0,0.0,1.0
6522,0,0.0,1.0
6524,0,0.0,1.0
6526,0,0.0,1.0
6528,0,0.0,1.0
6529,0,0.0,1.0
6531,0,0.0,1.0
6534,0,0.0,1.0
6535,0,0.0,1.0
6536,0,0.0,1.0
6537,0,0.0,1.0
6539,0,0.0,1.0
6540,0,0.0,1.0
6541,0,0.0,1.0
6544,0,0.0,1.0
6545,0,0.0,1.0
6546,0,0.0,1.0
6547,0,0.9,1.225
6552,0,0.0,1.0
6554,0,0.0,1.0
6555,0,0.0,1.0
6560,0,0.0,1.0
6561,0,0.0,1.0
6564,0,0.0,1.0
6565,0,0.0,1.0
6566,0,0.0,1.0
6568,1,0.0,1.0
6570,0,0.9,1.225
6572,0,0.0,1.0
6573,0,0.0,1.0
6574,0,0.0,1.0
6575,0,0.0,1.0
6576,0,0.0,1.0
6577,0,0.0,1.0
6579,0,0.0,1.0
6580,0,0.0,1.0
6581,0,0.0,1.0
6582,0,0.0,1.0
6583,0,0.0,1.0
6584,0,0.0,1.0
6585,0,0.0,1.0
6586,0,0.0,1.0
6589,0,0.0,1.0
6591,0,0.0,1.0
6592,0,0.0,1.0
6594,0,0.0,1.0
6595,1,1.3,1.325
6601,0,0.0,1.0
6604,0,0.0,1.0
6605,0,0.0,1.0
6606,0,0.0,1.0
6607,0,0.0,1.0
6608,0,0.0,1.0
6609,0,0.0,1.0
6610,1,0.0,1.0
6611,1,1.3,1.325
6612,0,1.3,1.325
6613,0,0.0,1.0
6618,0,0.0,1.0
6619,0,0.0,1.0
6620,0,0.0,1.0
6621,0,0.0,1.0
6624,0,0.0,1.0
6629,0,0.0,1.0
6630,0,0.0,1.0
6631,0,0.0,1.0
6632,0,0.0,1.0
6636,0,0.0,1.0
6638,0,0.0,1.0
6639,0,0.0,1.0
6640,0,0.0,1.0
6641,0,0.0,1.0
6643,0,0.0,1.0
6644,0,0.0,1.0
6647,0,0.0,1.0
6650,0,0.0,1.0
6651,0,0.0,1.0
6652,0,0.0,1.0
6653,0,0.0,1.0
6654,0,0.0,1.0
6656,0,0.0,1.0
6657,0,0.0,1.0
6658,0,0.0,1.0
6660,0,0.0,1.0
6662,0,0.0,1.0
6663,0,0.0,1.0
6665,0,0.0,1.0
6667,0,0.0,1.0
6668,0,0.0,1.0
6669,0,0.0,1.0
6670,0,0.0,1.0
6671,0,0.0,1.0
6672,0,0.0,1.0
6673,0,0.0,1.0
6674,0,0.0,1.0
6675,0,0.0,1.0
6676,0,0.0,1.0
6678,0,0.0,1.0
6680,0,0.0,1.0
6681,0,0.0,1.0
6683,0,0.0,1.0
6684,0,0.0,1.0
6686,0,0.0,1.0
6691,0,0.0,1.0
6693,0,0.0,1.0
6698,0,0.0,1.0
6701,0,0.0,1.0
6702,0,0.0,1.0
6703,0,0.0,1.0
6705,0,0.0,1.0
6707,0,0.0,1.0
6710,0,0.0,1.0
6711,0,0.0,1.0
6712,0,0.0,1.0
6713,0,0.0,1.0
6714,0,0.0,1.0
6716,0,0.0,1.0
6717,0,0.0,1.0
6718,0,0.0,1.0
6719,0,0.0,1.0
6720,0,0.0,1.0
6721,0,0.0,1.0
6722,0,0.0,1.0
6723,0,0.0,1.0
6724,0,0.0,1.0
6725,0,0.0,1.0
6726,0,0.0,1.0
6728,0,0.0,1.0
6729,0,0.0,1.0
6731,0,0.0,1.0
6732,0,0.0,1.0
6733,0,0.0,1.0
6737,0,0.0,1.0
6738,0,0.0,1.0
6739,0,0.0,1.0
6741,0,0.0,1.0
6742,0,0.0,1.0
6743,0,0.0,1.0
6744,0,0.0,1.0
6745,0,0.0,1.0
6746,0,1.1,1.275
6747,0,0.0,1.0
6750,0,0.0,1.0
6751,0,0.0,1.0
6752,0,0.0,1.0
6756,0,0.0,1.0
6757,0,0.0,1.0
6758,0,0.0,1.0
6759,0,0.0,1.0
6760,0,0.0,1.0
6761,0,0.0,1.0
6762,0,0.0,1.0
6764,0,0.0,1.0
6767,0,0.0,1.0
6770,0,0.0,1.0
6772,0,0.0,1.0
6774,0,0.0,1.0
6775,0,0.0,1.0
6776,0,0.0,1.0
6777,0,0.0,1.0
6778,0,0.0,1.0
6782,0,0.0,1.0
6784,0,0.0,1.0
6785,0,0.0,1.0
6786,0,0.0,1.0
6787,0,0.0,1.0
6788,0,0.0,1.0
6789,0,0.0,1.0
6791,0,0.0,1.0
6792,0,0.0,1.0
6793,0,0.0,1.0
6794,0,0.0,1.0
6800,0,0.0,1.0
6802,0,0.0,1.0
6803,0,0.0,1.0
6808,0,0.0,1.0
6809,0,0.0,1.0
6810,0,0.0,1.0
6811,0,0.0,1.0
6812,0,0.0,1.0
6814,0,0.0,1.0
6815,0,0.0,1.0
6816,0,0.0,1.0
6817,0,0.0,1.0
6818,0,0.0,1.0
6821,0,0.0,1.0
6822,0,0.0,1.0
6823,0,0.0,1.0
6824,0,0.0,1.0
6826,0,0.0,1.0
6828,0,0.0,1.0
6830,0,0.0,1.0
6831,0,0.0,1.0
6833,0,1.1,1.275
6834,0,0.0,1.0
6835,0,0.0,1.0
6836,0,0.0,1.0
6838,0,0.0,1.0
6840,0,0.0,1.0
6842,0,0.0,1.0
6843,1,0.0,1.0
6845,0,0.0,1.0
6846,0,0.0,1.0
6847,0,0.0,1.0
6848,0,0.0,1.0
6850,0,0.0,1.0
6851,0,0.0,1.0
6852,0,0.0,1.0
6853,0,0.0,1.0
6854,0,0.0,1.0
6855,0,0.0,1.0
6856,0,0.0,1.0
6857,0,0.0,1.0
6858,0,0.0,1.0
6859,0,0.0,1.0
6861,0,0.0,1.0
6862,0,0.0,1.0
6863,0,0.0,1.0
6865,0,0.0,1.0
6866,0,0.0,1.0
6867,0,0.0,1.0
6869,0,0.0,1.0
6870,0,0.0,1.0
6871,0,0.0,1.0
6872,0,0.0,1.0
6873,0,0.0,1.0
6874,0,0.0,1.0
6875,0,0.0,1.0
6876,0,0.0,1.0
6880,0,0.0,1.0
6881,0,0.0,1.0
6882,0,0.0,1.0
6883,0,0.0,1.0
6885,0,0.0,1.0
6887,0,0.0,1.0
6893,0,0.0,1.0
6894,0,0.0,1.0
6895,0,0.0,1.0
6896,0,0.0,1.0
6898,0,0.0,1.0
6899,0,0.0,1.0
6902,0,0.0,1.0
6903,0,0.0,1.0
6905,0,0.0,1.0
6907,0,0.0,1.0
6908,0,0.0,1.0
6909,0,0.0,1.0
6910,1,0.0,1.0
6911,0,0.0,1.0
6918,0,0.0,1.0
6919,0,0.0,1.0
6920,0,0.0,1.0
6921,0,0.0,1.0
6923,0,0.0,1.0
6925,0,0.0,1.0
6926,0,0.0,1.0
6927,0,0.0,1.0
6928,0,0.0,1.0
6929,0,0.0,1.0
6931,0,0.0,1.0
6932,0,0.0,1.0
6933,0,0.0,1.0
6934,0,0.0,1.0
6936,0,0.0,1.0
6937,0,0.0,1.0
6941,0,0.0,1.0
6942,0,0.0,1.0
6943,1,0.0,1.0
6945,0,0.0,1.0
6946,0,0.0,1.0
6947,1,0.0,1.0
6948,0,0.0,1.0
6949,0,0.0,1.0
6951,0,2.4,1.6
6954,0,0.0,1.0
6956,0,0.0,1.0
6957,0,0.0,1.0
6958,0,0.0,1.0
6959,1,0.0,1.0
6960,0,0.0,1.0
6963,0,0.0,1.0
6966,0,0.0,1.0
6968,0,0.0,1.0
6970,0,0.0,1.0
6971,0,0.0,1.0
6972,0,0.0,1.0
6973,0,0.0,1.0
6974,0,0.0,1.0
6977,0,0.0,1.0
6978,0,0.0,1.0
6980,0,0.0,1.0
6981,0,0.0,1.0
6982,0,0.0,1.0
6985,0,0.0,1.0
6986,0,0.0,1.0
6987,0,0.0,1.0
6988,0,0.0,1.0
6989,0,0.9,1.225
6990,0,0.0,1.0
6991,0,0.0,1.0
6992,0,0.0,1.0
6993,0,0.0,1.0
6994,0,0.0,1.0
6995,0,0.0,1.0
6996,0,0.0,1.0
6997,0,0.0,1.0
6998,0,0.0,1.0
7000,0,0.0,1.0
7001,0,0.0,1.0
7003,0,0.0,1.0
7004,0,0.0,1.0
7005,0,0.0,1.0
7006,0,0.0,1.0
7007,0,0.0,1.0
7009,0,0.0,1.0
7010,0,0.0,1.0
7011,0,0.0,1.0
7012,0,0.0,1.0
7013,0,0.0,1.0
7015,0,0.0,1.0
7017,0,0.0,1.0
7018,0,0.0,1.0
7020,0,0.0,1.0
7022,0,0.0,1.0
7023,0,0.0,1.0
7024,0,0.0,1.0
7025,0,0.0,1.0
7026,0,0.0,1.0
7027,0,0.0,1.0
7029,0,0.0,1.0
7030,0,0.0,1.0
7034,0,0.0,1.0
7037,0,0.0,1.0
7038,1,0.0,1.0
7039,0,0.0,1.0
7041,0,0.0,1.0
7047,0,0.0,1.0
7048,0,0.0,1.0
7049,0,0.0,1.0
7051,0,0.0,1.0
7052,0,0.0,1.0
7053,0,0.0,1.0
7056,0,0.0,1.0
7057,0,0.0,1.0
7058,0,0.0,1.0
7059,0,0.0,1.0
7063,0,0.0,1.0
7064,0,0.0,1.0
7065,0,0.0,1.0
7066,0,0.0,1.0
7067,0,0.0,1.0
7068,0,0.0,1.0
7069,0,0.0,1.0
7070,0,0.0,1.0
7073,0,0.0,1.0
7075,0,0.0,1.0
7076,0,0.0,1.0
7077,0,0.0,1.0
7079,0,0.0,1.0
7081,0,0.0,1.0
7082,0,0.0,1.0
7083,0,0.0,1.0
7084,0,0.0,1.0
7085,0,0.0,1.0
7086,1,0.0,1.0
7088,0,0.0,1.0
7089,0,0.0,1.0
7090,0,0.0,1.0
7092,0,0.0,1.0
7094,0,0.0,1.0
7096,0,0.0,1.0
7098,0,0.0,1.0
7099,0,0.0,1.0
7101,0,0.0,1.0
7103,0,0.0,1.0
7104,0,0.0,1.0
7107,0,0.0,1.0
7111,0,0.0,1.0
7112,0,0.0,1.0
7113,0,0.0,1.0
7114,0,0.0,1.0
7115,0,0.0,1.0
7116,0,0.0,1.0
7117,0,0.0,1.0
7121,0,0.0,1.0
7122,0,0.0,1.0
7123,0,0.0,1.0
7126,0,0.0,1.0
7127,0,0.0,1.0
7128,0,0.0,1.0
7129,0,0.0,1.0
7131,0,0.0,1.0
7132,0,0.0,1.0
7133,0,0.0,1.0
7134,0,0.0,1.0
7135,0,0.0,1.0
7136,1,0.0,1.0
7137,1,0.0,1.0
7138,0,0.0,1.0
7139,0,0.0,1.0
7140,0,0.0,1.0
7142,0,0.0,1.0
7143,0,0.0,1.0
7144,0,0.0,1.0
7145,0,0.0,1.0
7146,0,0.0,1.0
7147,0,0.0,1.0
7148,0,0.0,1.0
7149,0,0.0,1.0
7151,0,0.0,1.0
7153,0,0.0,1.0
7154,0,0.0,1.0
7155,0,0.0,1.0
7159,0,0.0,1.0
7161,0,0.0,1.0
7162,0,0.0,1.0
7163,0,0.0,1.0
7164,0,0.0,1.0
7165,0,0.0,1.0
7166,0,0.0,1.0
7168,0,0.0,1.0
7169,0,0.0,1.0
7172,0,0.0,1.0
7174,0,0.9,1.225
7177,0,0.0,1.0
7178,0,0.0,1.0
7179,0,0.0,1.0
7180,0,0.0,1.0
7181,1,0.0,1.0
7182,0,0.0,1.0
7183,0,0.0,1.0
7184,0,0.0,1.0
7185,0,0.0,1.0
7187,0,0.0,1.0
7188,0,0.0,1.0
7190,0,0.0,1.0
7191,0,0.0,1.0
7193,1,0.0,1.0
7194,0,0.0,1.0
7195,0,0.0,1.0
7197,0,0.0,1.0
7200,0,0.0,1.0
7201,0,0.9,1.225
7204,0,0.0,1.0
7205,0,0.0,1.0
7206,0,0.0,1.0
7207,0,0.0,1.0
7208,0,0.0,1.0
7211,0,0.0,1.0
7212,0,0.0,1.0
7216,0,0.0,1.0
7217,0,0.0,1.0
7219,0,0.0,1.0
7220,0,0.0,1.0
7221,0,0.0,1.0
7222,0,0.0,1.0
7223,0,0.0,1.0
7224,0,0.0,1.0
7225,0,0.0,1.0
7226,0,0.0,1.0
7227,0,0.0,1.0
7228,0,0.0,1.0
7229,0,0.0,1.0
7230,0,0.0,1.0
7231,0,0.0,1.0
7232,0,0.0,1.0
7233,0,0.0,1.0
7234,0,0.0,1.0
7237,0,0.0,1.0
7240,0,0.0,1.0
7241,0,0.0,1.0
7242,0,0.0,1.0
7243,0,0.0,1.0
7247,0,0.0,1.0
7249,0,0.0,1.0
7250,0,0.0,1.0
7251,0,0.0,1.0
7252,0,0.0,1.0
7253,0,0.0,1.0
7254,0,0.0,1.0
7255,0,0.0,1.0
7256,0,1.1,1.275
7257,0,0.0,1.0
7258,0,0.0,1.0
7259,0,0.0,1.0
7260,0,0.0,1.0
7261,0,0.0,1.0
7262,0,0.0,1.0
7263,0,0.0,1.0
7264,0,0.0,1.0
7266,0,0.0,1.0
7267,0,0.0,1.0
7268,0,0.0,1.0
7270,0,0.0,1.0
7271,0,0.0,1.0
7272,0,0.0,1.0
7274,0,0.0,1.0
7277,0,0.0,1.0
7281,0,0.0,1.0
7282,1,0.0,1.0
7284,0,0.0,1.0
7286,0,0.0,1.0
7287,1,0.0,1.0
7288,0,0.0,1.0
7289,0,0.0,1.0
7290,0,0.0,1.0
7291,0,0.0,1.0
7292,0,0.0,1.0
7293,0,0.0,1.0
7296,0,0.0,1.0
7298,0,0.0,1.0
7299,0,0.0,1.0
7300,0,0.0,1.0
7301,0,0.0,1.0
7302,0,0.0,1.0
7304,0,0.0,1.0
7307,0,0.0,1.0
7309,0,0.0,1.0
7310,0,0.0,1.0
7311,0,0.0,1.0
7312,0,0.0,1.0
7313,0,0.0,1.0
7314,0,0.0,1.0
7316,0,0.0,1.0
7317,0,0.0,1.0
7320,0,0.9,1.225
7321,0,1.3,1.325
7322,0,0.0,1.0
7323,0,0.0,1.0
7324,0,0.0,1.0
7325,0,0.0,1.0
7326,0,0.0,1.0
7327,0,0.0,1.0
7328,0,0.0,1.0
7329,0,0.0,1.0
7330,0,0.0,1.0
7332,0,0.0,1.0
7333,0,0.0,1.0
7334,0,0.0,1.0
7335,0,0.0,1.0
7337,0,0.0,1.0
7339,0,0.0,1.0
7340,1,0.0,1.0
7342,0,0.0,1.0
7343,0,0.0,1.0
7344,1,0.0,1.0
7346,0,0.9,1.225
7347,0,0.0,1.0
7348,0,0.0,1.0
7349,0,0.0,1.0
7351,0,0.0,1.0
7352,0,0.0,1.0
7353,0,0.0,1.0
7354,0,0.0,1.0
7355,0,0.0,1.0
7357,0,0.0,1.0
7358,0,0.0,1.0
7360,0,0.0,1.0
7362,0,0.0,1.0
7363,0,0.0,1.0
7364,0,0.0,1.0
7365,0,0.0,1.0
7366,0,0.0,1.0
7367,0,0.0,1.0
7369,0,0.0,1.0
7370,0,0.0,1.0
7371,0,0.0,1.0
7373,0,0.0,1.0
7374,0,0.0,1.0
7375,0,0.0,1.0
7378,0,0.0,1.0
7381,1,0.0,1.0
7382,0,0.0,1.0
7384,0,0.0,1.0
7388,0,0.0,1.0
7389,0,0.0,1.0
7390,1,1.3,1.325
7393,0,0.0,1.0
7395,0,0.0,1.0
7397,0,0.0,1.0
7398,0,0.0,1.0
7400,0,0.0,1.0
7401,0,0.0,1.0
7402,0,0.0,1.0
7403,0,0.0,1.0
7406,0,0.0,1.0
7409,0,0.0,1.0
7410,0,0.0,1.0
7411,0,0.0,1.0
7412,0,0.0,1.0
7413,0,0.0,1.0
7414,0,0.0,1.0
7416,0,0.0,1.0
7417,0,0.0,1.0
7419,0,0.0,1.0
7420,0,0.0,1.0
7421,0,0.0,1.0
7422,0,0.0,1.0
7425,0,0.0,1.0
7426,0,0.0,1.0
7427,0,0.0,1.0
7430,0,0.0,1.0
7431,1,0.0,1.0
7432,0,0.0,1.0
7434,0,0.0,1.0
7435,0,0.0,1.0
7437,0,0.0,1.0
7438,0,0.0,1.0
7440,0,0.0,1.0
7441,0,0.0,1.0
7442,0,0.0,1.0
7445,0,0.0,1.0
7448,0,0.0,1.0
7450,0,0.0,1.0
7451,0,0.0,1.0
7452,0,0.0,1.0
7453,0,0.0,1.0
7456,0,0.0,1.0
7460,0,0.0,1.0
7461,0,0.0,1.0
7465,0,0.0,1.0
7467,0,0.0,1.0
7468,0,0.0,1.0
7469,0,0.0,1.0
7470,0,0.0,1.0
7471,0,0.0,1.0
7473,0,0.0,1.0
7476,0,0.0,1.0
7478,0,0.0,1.0
7482,0,0.0,1.0
7483,0,0.0,1.0
7485,0,0.0,1.0
7486,0,0.0,1.0
7487,0,0.0,1.0
7488,0,0.0,1.0
7489,0,0.0,1.0
7492,0,0.0,1.0
7496,0,0.0,1.0
7497,0,0.0,1.0
7499,0,0.0,1.0
7500,0,0.9,1.225
7501,0,0.0,1.0
7502,0,0.0,1.0
7503,0,0.0,1.0
7504,0,0.0,1.0
7505,0,0.0,1.0
7506,1,0.0,1.0
7508,0,0.0,1.0
7509,0,0.0,1.0
7510,0,0.0,1.0
7511,0,0.0,1.0
7512,0,0.0,1.0
7513,0,0.0,1.0
7514,0,0.0,1.0
7515,0,0.0,1.0
7516,0,0.0,1.0
7517,0,0.0,1.0
7519,0,0.0,1.0
7520,0,0.0,1.0
7524,0,0.0,1.0
7526,0,0.0,1.0
7530,0,0.0,1.0
7531,0,0.0,1.0
7535,0,0.0,1.0
7536,0,0.0,1.0
7540,0,0.0,1.0
7541,0,0.0,1.0
7543,0,0.0,1.0
7544,0,0.0,1.0
7546,0,0.0,1.0
7548,0,0.0,1.0
7549,0,0.0,1.0
7552,0,0.9,1.225
7553,0,0.0,1.0
7554,0,0.0,1.0
7558,0,0.0,1.0
7559,0,0.0,1.0
7560,0,0.0,1.0
7563,0,0.0,1.0
7564,0,0.0,1.0
7566,0,0.0,1.0
7567,0,0.0,1.0
7572,0,0.0,1.0
7574,0,0.0,1.0
7575,0,0.0,1.0
7576,0,0.0,1.0
7577,0,0.0,1.0
7579,0,0.0,1.0
7580,0,0.0,1.0
7581,0,0.0,1.0
7583,0,0.0,1.0
7585,0,0.0,1.0
7586,0,0.0,1.0
7589,0,0.0,1.0
7590,0,0.0,1.0
7592,0,0.0,1.0
7593,0,0.0,1.0
7595,0,0.0,1.0
7597,0,0.0,1.0
7598,0,0.0,1.0
7599,0,0.0,1.0
7602,0,0.0,1.0
7604,0,0.0,1.0
7605,0,0.0,1.0
7609,0,0.0,1.0
7611,0,0.0,1.0
7613,0,0.0,1.0
7614,0,0.0,1.0
7618,0,0.0,1.0
7620,0,0.0,1.0
7624,0,0.0,1.0
7625,0,0.0,1.0
7627,0,0.0,1.0
7628,0,0.0,1.0
7629,0,0.0,1.0
7631,0,0.0,1.0
7634,0,0.0,1.0
7635,0,0.0,1.0
7636,0,0.0,1.0
7637,0,2.4,1.6
7638,0,0.0,1.0
7641,0,0.0,1.0
7642,0,0.0,1.0
7643,0,0.0,1.0
7644,1,1.1,1.275
7645,0,0.0,1.0
7646,0,0.0,1.0
7648,1,0.9,1.225
7649,0,0.9,1.225
7651,0,0.0,1.0
7652,0,0.0,1.0
7653,0,0.0,1.0
7654,0,0.0,1.0
7655,0,0.0,1.0
7656,1,0.0,1.0
7657,0,0.0,1.0
7658,0,0.0,1.0
7659,0,0.0,1.0
7660,0,0.0,1.0
7661,1,0.0,1.0
7662,0,0.0,1.0
7665,0,0.0,1.0
7672,0,0.0,1.0
7673,0,0.0,1.0
7675,0,0.0,1.0
7677,0,0.0,1.0
7678,0,0.0,1.0
7680,0,0.0,1.0
7681,0,0.0,1.0
7682,0,0.0,1.0
7684,0,0.9,1.225
7685,1,0.0,1.0
7686,0,0.0,1.0
7687,0,0.0,1.0
7689,0,0.0,1.0
7690,1,0.0,1.0
7692,0,0.0,1.0
7693,0,0.0,1.0
7696,0,0.0,1.0
7697,0,0.0,1.0
7698,0,0.0,1.0
7702,0,0.0,1.0
7704,0,0.0,1.0
7705,0,0.0,1.0
7706,0,0.0,1.0
7707,0,0.0,1.0
7708,0,0.0,1.0
7712,0,0.0,1.0
7713,0,0.0,1.0
7714,0,0.0,1.0
7716,0,0.9,1.225
7718,0,0.0,1.0
7720,0,0.0,1.0
7722,0,0.0,1.0
7723,0,0.0,1.0
7725,0,0.0,1.0
7728,0,0.0,1.0
7732,0,0.0,1.0
7733,0,0.0,1.0
7734,0,0.0,1.0
7735,0,0.0,1.0
7736,0,0.0,1.0
7738,0,0.0,1.0
7740,0,0.9,1.225
7742,0,0.0,1.0
7743,0,0.0,1.0
7745,0,0.0,1.0
7746,0,1.1,1.275
7747,0,0.0,1.0
7748,0,0.0,1.0
7749,0,0.0,1.0
7750,0,0.0,1.0
7753,0,0.0,1.0
7754,0,0.0,1.0
7757,0,0.0,1.0
7758,0,0.0,1.0
7761,0,0.0,1.0
7763,0,0.0,1.0
7767,0,0.0,1.0
7768,0,0.0,1.0
7771,0,0.0,1.0
7772,0,0.0,1.0
7773,0,0.0,1.0
7774,0,0.0,1.0
7775,0,0.0,1.0
7776,0,0.0,1.0
7777,0,0.0,1.0
7778,0,0.0,1.0
7779,0,0.0,1.0
7780,0,0.0,1.0
7781,0,0.0,1.0
7782,0,0.0,1.0
7783,0,0.0,1.0
7786,0,0.0,1.0
7789,0,0.0,1.0
7790,0,0.0,1.0
7792,0,0.0,1.0
7795,0,0.0,1.0
7797,0,0.0,1.0
7799,0,0.0,1.0
7800,0,0.0,1.0
7801,0,0.0,1.0
7802,0,0.0,1.0
7803,0,0.0,1.0
7805,0,0.0,1.0
7806,0,0.0,1.0
7808,0,0.0,1.0
7810,0,0.0,1.0
7812,0,0.0,1.0
7813,0,0.0,1.0
7814,0,0.0,1.0
7816,0,0.0,1.0
7817,0,0.9,1.225
7819,0,0.0,1.0
7821,0,0.0,1.0
7824,0,0.0,1.0
7825,0,0.0,1.0
7826,0,0.0,1.0
7827,0,0.0,1.0
7831,0,0.0,1.0
7832,0,0.0,1.0
7834,0,0.0,1.0
7835,0,0.0,1.0
7836,0,0.0,1.0
7837,0,0.0,1.0
7839,0,0.0,1.0
7840,0,0.0,1.0
7841,0,0.0,1.0
7844,0,0.0,1.0
7845,0,0.0,1.0
7847,0,0.0,1.0
7849,0,0.0,1.0
7850,0,0.0,1.0
7851,0,0.0,1.0
7853,0,0.0,1.0
7855,0,0.0,1.0
7856,0,0.0,1.0
7857,0,0.0,1.0
7858,0,0.0,1.0
7859,0,0.0,1.0
7860,0,0.0,1.0
7861,0,0.0,1.0
7862,0,0.0,1.0
7863,0,0.0,1.0
7864,0,0.0,1.0
7865,0,0.0,1.0
7866,0,0.0,1.0
7869,1,0.0,1.0
7871,0,0.0,1.0
7872,1,0.0,1.0
7873,0,0.0,1.0
7874,0,0.0,1.0
7875,0,0.0,1.0
7877,0,0.0,1.0
7879,0,0.0,1.0
7880,0,0.0,1.0
7882,0,0.0,1.0
7885,0,0.0,1.0
7886,0,0.0,1.0
7887,0,0.0,1.0
7888,0,0.0,1.0
7889,1,0.0,1.0
7890,0,0.0,1.0
7892,0,0.0,1.0
7893,0,0.0,1.0
7894,0,0.0,1.0
7895,0,0.0,1.0
7896,0,0.0,1.0
7897,0,0.0,1.0
7900,0,0.0,1.0
7902,0,0.0,1.0
7904,0,0.0,1.0
7905,0,0.0,1.0
7906,0,0.0,1.0
7908,0,0.0,1.0
7909,0,0.0,1.0
7911,0,0.0,1.0
7914,1,0.0,1.0
7918,0,0.0,1.0
7920,0,0.0,1.0
7921,0,0.0,1.0
7922,0,0.0,1.0
7923,1,0.0,1.0
7924,0,0.0,1.0
7925,0,0.0,1.0
7927,0,0.0,1.0
7928,0,0.0,1.0
7929,0,0.0,1.0
7930,0,0.0,1.0
7931,0,0.0,1.0
7932,0,0.0,1.0
7933,0,0.0,1.0
7934,0,0.0,1.0
7936,0,0.0,1.0
7937,0,0.0,1.0
7938,0,0.0,1.0
7939,0,0.0,1.0
7940,0,0.0,1.0
7941,0,0.0,1.0
7942,0,0.0,1.0
7943,0,0.0,1.0
7945,0,0.0,1.0
7946,0,0.0,1.0
7947,0,0.0,1.0
7948,0,0.0,1.0
7949,0,0.0,1.0
7951,0,0.0,1.0
7952,0,0.0,1.0
7954,0,1.1,1.275
7955,0,0.0,1.0
7956,0,0.0,1.0
7957,0,0.0,1.0
7959,0,0.0,1.0
7961,0,0.0,1.0
7962,0,0.0,1.0
7963,0,0.0,1.0
7968,0,0.0,1.0
7970,0,0.0,1.0
7971,0,0.0,1.0
7972,0,0.9,1.225
7973,0,0.0,1.0
7975,0,0.0,1.0
7976,0,0.0,1.0
7977,0,0.0,1.0
7980,0,0.0,1.0
7981,0,0.0,1.0
7982,0,0.0,1.0
7988,0,0.0,1.0
7989,0,0.0,1.0
7990,0,0.0,1.0
7991,0,0.0,1.0
7992,0,0.0,1.0
7994,0,0.0,1.0
7995,0,0.0,1.0
7996,0,0.0,1.0
7997,0,0.0,1.0
7998,0,0.0,1.0
7999,0,0.0,1.0
8000,0,0.0,1.0
8003,0,0.0,1.0
8004,0,0.0,1.0
8005,0,0.0,1.0
8006,0,0.0,1.0
8007,0,0.0,1.0
8008,0,0.0,1.0
8012,0,0.0,1.0
8013,0,0.0,1.0
8014,0,0.0,1.0
8017,0,0.0,1.0
8019,0,0.0,1.0
8020,0,0.0,1.0
8021,0,0.0,1.0
8022,0,0.0,1.0
8024,0,0.0,1.0
8025,0,0.0,1.0
8027,0,0.0,1.0
8028,0,0.0,1.0
8029,0,0.0,1.0
8030,0,0.0,1.0
8031,0,0.0,1.0
8032,0,0.0,1.0
8033,0,0.0,1.0
8036,0,0.0,1.0
8038,0,0.0,1.0
8080,0,0.0,1.0
8081,0,0.0,1.0
8086,0,0.0,1.0
8087,0,0.0,1.0
8088,0,0.0,1.0
8089,0,0.0,1.0
8090,0,1.3,1.325
8094,0,0.0,1.0
8097,0,0.0,1.0
8104,1,0.0,1.0
8105,0,0.0,1.0
8106,0,0.0,1.0
8107,0,0.0,1.0
8108,0,0.0,1.0
8111,1,0.0,1.0
8113,0,0.9,1.225
8114,0,0.0,1.0
8116,0,0.0,1.0
8119,0,0.0,1.0
8120,0,0.0,1.0
8123,0,0.0,1.0
8124,0,0.0,1.0
8125,0,0.0,1.0
8126,0,1.1,1.275
8128,0,0.0,1.0
8129,0,0.0,1.0
8130,0,0.0,1.0
8132,0,0.0,1.0
8133,0,0.0,1.0
8134,0,0.0,1.0
8135,0,0.0,1.0
8136,0,0.0,1.0
8137,0,0.0,1.0
8138,0,0.0,1.0
8139,0,0.0,1.0
8141,0,0.0,1.0
8142,0,0.0,1.0
8143,0,0.0,1.0
8144,0,0.0,1.0
8145,0,0.0,1.0
8146,0,0.0,1.0
8147,0,0.0,1.0
8148,0,0.0,1.0
8149,0,0.0,1.0
8150,0,0.0,1.0
8151,0,0.0,1.0
8153,0,0.0,1.0
8154,0,0.0,1.0
8155,0,0.0,1.0
8156,1,0.0,1.0
8157,0,0.0,1.0
8158,0,0.0,1.0
8159,0,0.0,1.0
8161,0,0.0,1.0
8165,0,0.0,1.0
8166,0,0.0,1.0
8167,0,0.0,1.0
8168,0,0.0,1.0
8169,0,0.0,1.0
8170,0,0.0,1.0
8171,0,0.0,1.0
8172,0,0.0,1.0
8173,0,0.0,1.0
8176,0,0.0,1.0
8177,0,0.0,1.0
8178,0,0.0,1.0
8180,0,0.0,1.0
8183,0,0.0,1.0
8184,0,0.0,1.0
8186,0,0.0,1.0
8187,0,0.0,1.0
8188,0,0.0,1.0
8189,0,0.0,1.0
8190,0,0.0,1.0
8191,0,0.0,1.0
8194,0,0.0,1.0
8195,0,0.0,1.0
8196,0,0.0,1.0
8197,0,0.0,1.0
8198,0,0.0,1.0
8199,0,0.0,1.0
8200,0,0.0,1.0
8202,0,0.0,1.0
8205,0,0.0,1.0
8209,0,0.0,1.0
8211,0,0.0,1.0
8212,0,0.0,1.0
8215,0,0.0,1.0
8216,0,0.0,1.0
8217,0,0.0,1.0
8219,0,0.0,1.0
8221,0,0.0,1.0
8222,0,0.0,1.0
8224,0,0.0,1.0
8225,0,0.0,1.0
8226,0,0.0,1.0
8227,0,0.0,1.0
8230,0,0.0,1.0
8231,0,0.0,1.0
8234,0,0.0,1.0
8236,0,0.0,1.0
8237,0,0.0,1.0
8239,0,0.0,1.0
8240,0,0.0,1.0
8241,0,0.0,1.0
8246,0,0.0,1.0
8248,0,0.0,1.0
8250,0,0.0,1.0
8252,0,0.0,1.0
8253,0,0.0,1.0
8255,0,0.0,1.0
8256,0,0.9,1.225
8257,0,0.0,1.0
8258,0,0.0,1.0
8259,0,0.9,1.225
8260,0,0.9,1.225
8261,0,0.9,1.225
8264,0,0.0,1.0
8265,0,0.0,1.0
8266,0,0.0,1.0
8267,0,0.0,1.0
8269,0,0.0,1.0
8271,0,0.0,1.0
8272,0,0.0,1.0
8274,0,1.1,1.275
8275,0,0.0,1.0
8276,0,0.9,1.225
8277,0,0.0,1.0
8279,0,0.0,1.0
8281,0,0.0,1.0
8282,0,0.0,1.0
8284,0,0.0,1.0
8287,0,0.0,1.0
8288,0,0.0,1.0
8296,1,0.0,1.0
8298,0,0.0,1.0
8301,0,0.0,1.0
8302,0,0.9,1.225
8303,0,0.0,1.0
8304,0,0.0,1.0
8305,0,0.0,1.0
8306,0,0.0,1.0
8307,0,0.0,1.0
8308,0,0.0,1.0
8309,0,0.0,1.0
8310,0,0.0,1.0
8311,0,0.0,1.0
8313,0,0.0,1.0
8316,0,0.0,1.0
8318,0,0.0,1.0
8320,0,0.0,1.0
8324,0,0.0,1.0
8326,0,0.0,1.0
8328,0,0.0,1.0
8329,0,0.0,1.0
8330,0,0.0,1.0
8331,0,0.0,1.0
8334,0,0.0,1.0
8335,0,0.0,1.0
8337,0,0.0,1.0
8338,0,0.0,1.0
8341,0,0.0,1.0
8342,0,0.0,1.0
8344,0,0.0,1.0
8346,0,0.0,1.0
8347,0,0.0,1.0
8349,0,0.9,1.225
8350,0,0.0,1.0
8351,0,0.0,1.0
8352,0,0.0,1.0
8353,0,0.0,1.0
8354,0,0.0,1.0
8356,0,0.0,1.0
8357,0,0.0,1.0
8359,0,0.0,1.0
8361,0,0.0,1.0
8365,0,0.0,1.0
8470,0,0.0,1.0
8475,0,0.0,1.0
8476,0,0.0,1.0
8478,0,0.0,1.0
8482,0,0.0,1.0
8484,0,0.0,1.0
8485,0,0.0,1.0
8489,0,0.0,1.0
8490,0,0.9,1.225
8493,0,0.0,1.0
8494,0,0.0,1.0
8497,0,0.0,1.0
8499,0,0.0,1.0
8500,0,0.0,1.0
8501,0,0.9,1.225
8504,0,0.0,1.0
8505,0,0.0,1.0
8506,0,0.0,1.0
8507,0,0.0,1.0
8508,0,0.0,1.0
8511,0,0.0,1.0
8514,0,0.0,1.0
8515,0,0.0,1.0
8516,0,1.1,1.275
8517,0,0.0,1.0
8518,0,0.0,1.0
8523,0,1.1,1.275
8525,0,0.0,1.0
8526,0,0.0,1.0
8527,0,0.0,1.0
8529,0,0.0,1.0
8530,0,0.0,1.0
8531,0,0.0,1.0
8532,0,0.0,1.0
8533,0,0.0,1.0
8555,0,0.0,1.0
8557,0,0.0,1.0
8559,0,0.0,1.0
8560,0,0.0,1.0
8561,0,0.0,1.0
8562,0,0.0,1.0
8563,0,0.0,1.0
8570,0,0.0,1.0
8572,0,0.0,1.0
8573,0,0.0,1.0
8574,0,0.9,1.225
8576,0,0.0,1.0
8577,0,0.0,1.0
8578,0,0.0,1.0
8579,1,0.0,1.0
8580,0,0.0,1.0
8581,0,0.0,1.0
8582,0,0.0,1.0
8583,0,0.0,1.0
8585,0,0.0,1.0
8587,0,0.0,1.0
8588,0,0.0,1.0
8591,0,0.0,1.0
8592,0,0.0,1.0
8597,0,0.0,1.0
8599,0,0.0,1.0
8601,1,1.3,1.325
8602,0,0.0,1.0
8605,0,0.0,1.0
8606,0,0.0,1.0
8609,0,0.0,1.0
8610,0,0.0,1.0
8611,0,0.0,1.0
8615,0,0.0,1.0
8616,0,0.0,1.0
8619,0,0.0,1.0
8621,0,0.0,1.0
8623,0,0.0,1.0
8624,0,0.0,1.0
8627,0,0.0,1.0
8629,0,0.0,1.0
8630,0,0.0,1.0
8631,0,0.0,1.0
8632,0,0.0,1.0
8634,0,0.0,1.0
8635,0,0.0,1.0
8637,0,0.0,1.0
8640,0,0.0,1.0
8641,0,0.0,1.0
8642,0,0.0,1.0
8643,0,0.0,1.0
8644,0,0.0,1.0
8645,0,0.0,1.0
8646,0,0.0,1.0
8647,0,0.0,1.0
8648,0,0.0,1.0
8649,0,0.0,1.0
8651,0,0.0,1.0
8652,0,0.0,1.0
8653,0,0.0,1.0
8655,0,0.0,1.0
8656,0,0.0,1.0
8657,0,0.0,1.0
8658,0,0.0,1.0
8660,0,0.0,1.0
8661,0,0.0,1.0
8662,0,0.0,1.0
8663,0,0.0,1.0
8665,0,0.0,1.0
8666,0,0.0,1.0
8667,0,0.0,1.0
8668,0,0.0,1.0
8669,0,0.0,1.0
8670,0,0.0,1.0
8671,0,0.0,1.0
8673,0,0.0,1.0
8674,0,0.0,1.0
8686,0,0.0,1.0
8699,0,0.0,1.0
8701,0,0.0,1.0
8706,0,0.0,1.0
8709,0,0.0,1.0
8710,0,0.0,1.0
8711,0,0.0,1.0
8712,0,0.0,1.0
8713,0,0.0,1.0
8721,0,0.0,1.0
8722,0,0.0,1.0
8723,0,0.0,1.0
8725,0,0.0,1.0
8726,0,0.0,1.0
8728,0,0.0,1.0
8729,0,0.0,1.0
8730,0,0.0,1.0
8731,1,0.0,1.0
8734,0,0.0,1.0
8735,0,0.0,1.0
8739,0,0.0,1.0
8740,0,0.0,1.0
8741,0,0.0,1.0
8743,0,0.0,1.0
8744,0,0.0,1.0
8745,0,0.0,1.0
8746,1,0.0,1.0
8747,0,0.0,1.0
8757,0,0.0,1.0
8764,0,0.0,1.0
8771,0,0.9,1.225
8777,0,0.0,1.0
8778,0,0.0,1.0
8780,0,0.0,1.0
8798,0,0.0,1.0
8799,0,0.0,1.0
8800,0,0.0,1.0
8801,0,0.0,1.0
8802,0,0.0,1.0
8804,0,0.0,1.0
8805,0,0.9,1.225
8810,0,0.0,1.0
8811,0,0.0,1.0
8821,0,0.0,1.0
8822,1,1.3,1.325
8823,0,0.0,1.0
8824,0,0.0,1.0
8827,0,0.0,1.0
8853,0,0.0,1.0
8856,0,0.0,1.0
8861,0,0.0,1.0
8863,0,0.0,1.0
8865,0,0.0,1.0
8866,0,0.0,1.0
8868,0,0.0,1.0
8870,0,0.9,1.225
8872,0,0.0,1.0
8873,0,0.0,1.0
8874,0,0.0,1.0
8876,0,0.0,1.0
8877,0,0.0,1.0
8878,0,0.0,1.0
8896,0,0.0,1.0
8897,0,0.0,1.0
8903,0,0.0,1.0
8906,0,0.0,1.0
8907,0,0.9,1.225
8908,1,0.0,1.0
8909,0,0.0,1.0
8910,0,0.0,1.0
8934,0,0.0,1.0
8935,0,0.0,1.0
8937,0,0.0,1.0
8953,0,0.0,1.0
8954,0,0.0,1.0
8955,0,0.0,1.0
8956,0,0.0,1.0
9021,0,0.0,1.0
9023,0,0.0,1.0
9025,0,0.0,1.0
9026,0,0.0,1.0
9027,0,0.0,1.0
9054,0,0.0,1.0
9055,0,0.0,1.0
9071,0,0.0,1.0
9072,0,0.0,1.0
9074,0,0.0,1.0
9075,0,0.0,1.0
9088,0,0.0,1.0
9089,0,0.0,1.0
9092,0,0.0,1.0
9141,0,0.0,1.0
9145,0,0.0,1.0
9157,0,0.0,1.0
9161,0,0.0,1.0
9178,0,0.0,1.0
9188,0,0.0,1.0
9189,0,0.0,1.0
9194,0,0.0,1.0
9195,0,0.0,1.0
9196,0,0.0,1.0
9197,0,0.0,1.0
9215,0,0.0,1.0
9228,0,0.0,1.0
9234,0,0.0,1.0
9235,0,0.0,1.0
9266,0,0.0,1.0
9269,0,0.0,1.0
9270,0,0.0,1.0
9271,0,0.0,1.0
9283,0,0.0,1.0
9284,0,0.0,1.0
9286,0,0.0,1.0
9299,0,0.0,1.0
9302,0,0.0,1.0
9304,0,1.1,1.275
9305,0,0.0,1.0
9306,0,0.0,1.0
9308,0,0.0,1.0
9309,0,0.0,1.0
9310,0,0.0,1.0
9312,0,0.0,1.0
9313,0,0.0,1.0
9314,0,0.9,1.225
9315,0,0.0,1.0
9316,0,0.0,1.0
9317,0,0.0,1.0
9318,0,0.0,1.0
9319,0,0.0,1.0
9321,0,0.0,1.0
9322,1,0.0,1.0
9323,0,0.0,1.0
9324,0,0.0,1.0
9328,0,0.0,1.0
9329,1,0.0,1.0
9330,0,0.0,1.0
9333,0,0.0,1.0
9336,0,0.0,1.0
9337,0,0.0,1.0
9339,0,0.0,1.0
9341,0,0.0,1.0
9343,0,0.0,1.0
9344,0,0.0,1.0
9347,1,0.0,1.0
9348,0,0.0,1.0
9349,0,0.0,1.0
9350,0,0.0,1.0
9351,0,0.0,1.0
9355,0,0.0,1.0
9357,0,0.0,1.0
9358,0,0.0,1.0
9361,0,0.0,1.0
9362,0,0.0,1.0
9363,0,0.0,1.0
9364,0,0.0,1.0
9366,0,0.0,1.0
9367,0,0.0,1.0
9368,0,0.0,1.0
9369,0,0.0,1.0
9370,0,0.0,1.0
9371,0,0.0,1.0
9372,0,0.0,1.0
9373,1,0.0,1.0
9374,0,0.0,1.0
9381,0,0.0,1.0
9382,0,0.9,1.225
9383,0,0.0,1.0
9384,0,0.0,1.0
9385,0,0.0,1.0
9386,0,0.0,1.0
9387,0,0.0,1.0
9389,0,0.0,1.0
9390,0,0.0,1.0
9394,0,0.0,1.0
9396,0,0.0,1.0
9398,0,0.0,1.0
9400,0,0.0,1.0
9401,0,0.0,1.0
9405,0,0.0,1.0
9406,0,0.0,1.0
9408,0,0.0,1.0
9411,0,0.0,1.0
9414,1,1.3,1.325
9415,0,0.0,1.0
9416,0,0.0,1.0
9417,0,0.0,1.0
9418,0,0.0,1.0
9419,0,0.0,1.0
9421,0,0.0,1.0
9423,0,0.0,1.0
9424,0,0.0,1.0
9426,0,0.0,1.0
9431,0,0.0,1.0
9432,0,0.0,1.0
9435,0,0.0,1.0
9438,0,0.0,1.0
9439,0,0.0,1.0
9441,0,0.0,1.0
9442,0,0.0,1.0
9443,0,0.0,1.0
9446,0,0.0,1.0
9448,0,0.0,1.0
9451,0,0.0,1.0
9452,0,0.0,1.0
9453,0,0.0,1.0
9456,0,0.0,1.0
9457,0,0.0,1.0
9458,0,0.0,1.0
9461,0,0.0,1.0
9462,0,0.0,1.0
9465,0,0.0,1.0
9466,0,0.0,1.0
9468,0,0.0,1.0
9469,0,0.0,1.0
9470,0,0.0,1.0
9473,0,0.0,1.0
9475,0,0.0,1.0
9480,0,0.0,1.0
9481,0,0.0,1.0
9483,0,0.0,1.0
9484,0,0.0,1.0
9486,0,0.0,1.0
9487,1,1.1,1.275
9491,0,0.0,1.0
9492,0,0.9,1.225
9493,0,0.0,1.0
9496,0,0.0,1.0
9497,0,0.0,1.0
9500,0,0.0,1.0
9506,0,0.0,1.0
9509,0,0.0,1.0
9511,0,0.0,1.0
9512,0,0.0,1.0
9513,0,0.0,1.0
9514,0,0.9,1.225
9515,0,0.0,1.0
9516,0,0.0,1.0
9518,0,0.0,1.0
9519,0,0.0,1.0
9521,0,1.1,1.275
9522,1,1.1,1.275
9524,0,0.0,1.0
9525,0,0.0,1.0
9526,0,0.0,1.0
9528,0,0.0,1.0
9529,0,0.0,1.0
9530,0,0.0,1.0
9533,0,0.0,1.0
9534,0,0.0,1.0
9535,0,0.0,1.0
9536,0,0.0,1.0
9537,0,0.0,1.0
9538,0,0.0,1.0
9539,0,0.0,1.0
9544,0,0.0,1.0
9546,0,0.0,1.0
9547,0,0.0,1.0
9550,0,0.0,1.0
9552,0,0.0,1.0
9554,0,0.0,1.0
9555,0,0.0,1.0
9558,0,0.0,1.0
9559,0,0.9,1.225
9563,0,0.0,1.0
9564,0,0.0,1.0
9565,0,0.0,1.0
9567,0,0.0,1.0
9572,0,0.0,1.0
9581,0,0.0,1.0
9582,0,0.0,1.0
9583,0,0.0,1.0
9585,0,0.9,1.225
9586,0,0.0,1.0
9587,0,0.0,1.0
9588,0,0.0,1.0
9589,0,0.0,1.0
9590,0,0.0,1.0
9591,0,0.0,1.0
9592,0,0.0,1.0
9595,0,0.0,1.0
9597,0,0.0,1.0
9598,0,0.0,1.0
9599,0,0.0,1.0
9600,0,0.0,1.0
9601,0,0.0,1.0
9602,0,0.0,1.0
9603,0,0.0,1.0
9604,0,0.0,1.0
9606,0,0.0,1.0
9608,0,0.0,1.0
9611,0,0.0,1.0
9615,0,0.0,1.0
9617,0,0.0,1.0
9618,0,0.0,1.0
9619,0,0.0,1.0
9620,0,0.0,1.0
9624,0,0.0,1.0
9626,0,0.0,1.0
9628,0,0.0,1.0
9629,0,0.0,1.0
9631,0,0.0,1.0
9632,0,0.0,1.0
9633,0,0.0,1.0
9635,1,1.3,1.325
9636,0,0.0,1.0
9638,0,0.0,1.0
9641,0,0.0,1.0
9642,0,0.0,1.0
9644,0,0.0,1.0
9646,0,0.0,1.0
9649,0,0.0,1.0
9650,0,0.0,1.0
9654,0,0.0,1.0
9655,0,0.0,1.0
9656,0,0.0,1.0
9658,0,0.0,1.0
9659,0,0.0,1.0
9660,0,0.0,1.0
9661,0,0.0,1.0
9662,0,0.0,1.0
9663,0,0.0,1.0
9664,0,0.0,1.0
9666,0,0.0,1.0
9670,0,0.0,1.0
9671,0,0.0,1.0
9672,0,0.0,1.0
9673,1,0.0,1.0
9674,0,0.0,1.0
9678,0,0.0,1.0
9679,1,0.0,1.0
9680,1,0.0,1.0
9686,0,0.0,1.0
9687,0,0.0,1.0
9688,0,0.9,1.225
9689,0,0.9,1.225
9692,0,0.0,1.0
9693,0,0.0,1.0
9696,0,0.0,1.0
9698,0,0.0,1.0
9700,0,0.0,1.0
9701,0,0.0,1.0
9702,0,0.0,1.0
9703,0,0.0,1.0
9704,0,0.0,1.0
9705,0,0.0,1.0
9706,0,0.0,1.0
9707,0,0.0,1.0
9709,0,0.0,1.0
9710,0,0.0,1.0
9711,0,0.0,1.0
9712,0,0.0,1.0
9713,0,0.0,1.0
9714,0,0.0,1.0
9715,0,0.0,1.0
9716,0,0.0,1.0
9717,0,0.0,1.0
9718,0,0.0,1.0
9719,0,0.0,1.0
9720,0,0.0,1.0
9726,0,0.0,1.0
9727,0,0.0,1.0
9728,0,0.0,1.0
9729,0,0.0,1.0
9730,0,0.0,1.0
9731,0,0.0,1.0
9732,0,0.0,1.0
9733,0,0.0,1.0
9736,0,0.0,1.0
9737,0,0.0,1.0
9739,0,0.0,1.0
9740,0,0.0,1.0
9741,0,0.0,1.0
9742,0,0.0,1.0
9748,0,0.0,1.0
9749,0,0.0,1.0
9750,0,0.0,1.0
9752,0,0.9,1.225
9757,0,0.0,1.0
9758,0,0.0,1.0
9760,0,0.0,1.0
9763,0,0.0,1.0
9764,0,0.0,1.0
9765,0,0.0,1.0
9767,0,0.0,1.0
9768,0,0.0,1.0
9773,0,0.0,1.0
9774,1,0.0,1.0
9775,0,0.0,1.0
9777,0,0.0,1.0
9778,0,0.0,1.0
9779,1,0.0,1.0
9780,0,0.0,1.0
9782,0,0.0,1.0
9783,0,0.0,1.0
9785,1,1.1,1.275
9786,0,0.0,1.0
9787,0,0.0,1.0
9788,0,0.0,1.0
9789,0,0.0,1.0
9790,0,0.0,1.0
9791,0,0.0,1.0
9792,0,0.0,1.0
9793,0,0.0,1.0
9794,0,0.0,1.0
9795,0,0.0,1.0
9796,0,0.0,1.0
9797,0,0.0,1.0
9798,0,0.0,1.0
9800,0,0.0,1.0
9801,0,0.0,1.0
9802,0,0.0,1.0
9803,0,0.0,1.0
9804,0,0.0,1.0
9806,0,0.0,1.0
9807,0,0.0,1.0
9808,0,0.0,1.0
9810,0,0.0,1.0
9811,0,0.0,1.0
9812,0,0.0,1.0
9813,0,0.0,1.0
9814,0,0.0,1.0
9817,0,0.0,1.0
9818,0,0.0,1.0
9819,0,0.0,1.0
9821,0,0.0,1.0
9822,0,0.0,1.0
9824,0,0.0,1.0
9825,0,1.3,1.325
9826,0,0.0,1.0
9827,0,0.9,1.225
9830,0,0.0,1.0
9832,0,0.0,1.0
9834,0,0.0,1.0
9835,0,0.0,1.0
9837,0,0.0,1.0
9838,0,0.0,1.0
9840,0,0.0,1.0
9841,0,0.0,1.0
9846,0,0.0,1.0
9849,0,0.0,1.0
9850,0,0.0,1.0
9851,0,0.0,1.0
9852,0,0.0,1.0
9853,0,0.0,1.0
9855,0,0.0,1.0
9856,0,0.0,1.0
9860,0,0.0,1.0
9862,0,0.0,1.0
9863,0,0.0,1.0
9864,0,0.0,1.0
9865,0,0.0,1.0
9868,1,0.0,1.0
9869,0,0.0,1.0
9870,0,0.0,1.0
9871,0,0.0,1.0
9873,0,0.0,1.0
9874,0,0.0,1.0
9875,0,0.0,1.0
9876,0,0.0,1.0
9877,0,0.0,1.0
9878,0,0.0,1.0
9879,0,0.0,1.0
9880,0,0.0,1.0
9881,0,0.0,1.0
9882,0,0.0,1.0
9885,0,0.0,1.0
9886,0,0.0,1.0
9887,0,0.0,1.0
9891,0,0.0,1.0
9892,0,0.0,1.0
9893,0,0.0,1.0
9894,0,0.0,1.0
9895,0,0.0,1.0
9896,0,0.0,1.0
9897,0,0.0,1.0
9901,0,0.0,1.0
9902,0,0.0,1.0
9903,0,0.0,1.0
9904,0,0.0,1.0
9905,0,0.0,1.0
9906,0,0.0,1.0
9908,0,0.0,1.0
9909,0,0.0,1.0
9911,0,0.0,1.0
9912,0,0.0,1.0
9917,0,1.1,1.275
9918,0,0.0,1.0
9923,0,0.0,1.0
9924,0,0.0,1.0
9926,0,0.0,1.0
9928,0,0.0,1.0
9932,0,0.0,1.0
9933,0,0.0,1.0
9934,0,0.0,1.0
9935,0,0.0,1.0
9940,0,0.0,1.0
9941,0,0.0,1.0
9942,0,0.0,1.0
9943,0,0.0,1.0
9944,0,0.0,1.0
9945,0,0.0,1.0
9947,0,0.0,1.0
9948,0,0.0,1.0
9949,1,0.0,1.0
9950,0,0.0,1.0
9952,0,0.0,1.0
9957,0,0.0,1.0
9958,0,0.0,1.0
9961,1,0.0,1.0
9962,0,0.0,1.0
9963,0,0.0,1.0
9968,0,0.0,1.0
9969,0,0.0,1.0
9970,0,0.0,1.0
9973,0,0.0,1.0
9975,0,0.0,1.0
9976,0,0.0,1.0
9983,0,0.0,1.0
9988,0,0.0,1.0
9991,0,0.0,1.0
9992,0,0.0,1.0
9995,0,0.0,1.0
9997,0,0.0,1.0
10004,0,0.0,1.0
10011,0,0.0,1.0
10014,0,0.0,1.0
10015,0,0.0,1.0
10017,0,0.0,1.0
10019,0,0.0,1.0
10020,0,0.0,1.0
10021,1,0.0,1.0
10030,0,0.0,1.0
10032,1,0.0,1.0
10033,0,0.0,1.0
10035,0,0.0,1.0
10040,0,0.0,1.0
10043,0,0.0,1.0
10045,0,0.0,1.0
10051,0,0.0,1.0
10052,0,0.0,1.0
10053,0,0.0,1.0
10056,0,0.0,1.0
10062,0,0.0,1.0
10067,0,0.0,1.0
10069,0,0.0,1.0
10071,0,0.0,1.0
10072,0,0.0,1.0
10075,0,0.0,1.0
10076,0,0.0,1.0
10077,0,0.0,1.0
10078,0,0.0,1.0
10079,0,0.0,1.0
10080,0,0.0,1.0
10081,0,0.0,1.0
10082,0,0.0,1.0
10083,0,0.0,1.0
10084,0,0.0,1.0
10085,0,0.0,1.0
10086,0,0.0,1.0
10088,0,0.0,1.0
10089,0,0.0,1.0
10090,0,0.0,1.0
10091,0,0.0,1.0
10092,0,0.0,1.0
10093,0,0.0,1.0
10094,0,0.0,1.0
10095,0,0.0,1.0
10096,0,0.0,1.0
10097,1,0.0,1.0
10098,0,0.0,1.0
10100,0,0.0,1.0
10101,0,0.0,1.0
10102,0,0.0,1.0
10103,1,0.0,1.0
10104,0,0.0,1.0
10113,0,0.0,1.0
10115,0,0.0,1.0
10117,0,0.0,1.0
10119,0,0.0,1.0
10120,0,0.0,1.0
10122,0,0.0,1.0
10123,0,0.0,1.0
10124,0,0.0,1.0
10126,0,0.0,1.0
10127,0,0.0,1.0
10128,0,0.0,1.0
10129,0,0.0,1.0
10131,0,0.0,1.0
10132,0,0.0,1.0
10134,0,0.0,1.0
10135,0,0.0,1.0
10136,0,0.0,1.0
10137,0,0.0,1.0
10143,0,0.0,1.0
10144,0,0.0,1.0
10145,0,0.0,1.0
10146,0,0.0,1.0
10147,0,0.0,1.0
10148,0,0.0,1.0
10151,0,0.0,1.0
10152,0,0.0,1.0
10155,0,0.0,1.0
10157,0,0.0,1.0
10158,0,0.0,1.0
10159,0,0.0,1.0
10160,0,0.0,1.0
10161,0,0.0,1.0
10162,0,0.0,1.0
10163,0,0.0,1.0
10164,0,0.0,1.0
10165,0,0.0,1.0
10166,0,0.0,1.0
10167,0,1.3,1.325
10169,0,0.0,1.0
10171,0,0.0,1.0
10174,0,0.0,1.0
10175,0,0.0,1.0
10176,0,0.0,1.0
10178,0,0.0,1.0
10182,0,0.0,1.0
10183,0,0.0,1.0
10185,0,0.0,1.0
10187,0,0.0,1.0
10188,0,0.0,1.0
10189,0,0.0,1.0
10190,0,0.0,1.0
10191,0,0.0,1.0
10192,0,0.0,1.0
10193,0,0.0,1.0
10196,0,0.9,1.225
10199,0,0.0,1.0
10200,0,0.0,1.0
10201,0,0.0,1.0
10204,0,0.0,1.0
10205,0,0.0,1.0
10206,0,0.0,1.0
10214,0,0.0,1.0
10225,1,1.3,1.325
10226,0,0.0,1.0
10231,0,0.0,1.0
10235,0,0.0,1.0
10236,0,0.0,1.0
10239,0,0.0,1.0
10240,0,0.0,1.0
10246,0,0.0,1.0
10247,0,0.0,1.0
10250,0,0.0,1.0
10251,0,0.0,1.0
10252,0,0.0,1.0
10253,0,0.0,1.0
10263,0,0.0,1.0
10264,0,0.0,1.0
10268,0,0.0,1.0
10269,0,0.0,1.0
10270,0,0.0,1.0
10271,0,0.0,1.0
10272,0,0.0,1.0
10273,0,0.0,1.0
10276,0,0.0,1.0
10279,0,0.0,1.0
10280,0,0.0,1.0
10281,0,0.0,1.0
10282,0,0.0,1.0
10283,0,0.0,1.0
10284,0,0.0,1.0
10285,0,0.0,1.0
10286,0,0.0,1.0
10288,0,0.0,1.0
10289,0,0.0,1.0
10290,0,0.0,1.0
10291,0,0.0,1.0
10293,0,0.0,1.0
10297,0,0.0,1.0
10298,0,0.0,1.0
10299,0,0.0,1.0
10301,0,0.0,1.0
10302,0,0.0,1.0
10303,0,0.0,1.0
10304,0,0.0,1.0
10305,0,0.0,1.0
10306,0,0.0,1.0
10307,0,0.0,1.0
10308,1,0.0,1.0
10309,0,0.0,1.0
10310,0,0.0,1.0
10311,0,0.0,1.0
10314,0,0.0,1.0
10315,0,0.0,1.0
10316,0,0.0,1.0
10317,0,0.0,1.0
10318,0,0.0,1.0
10321,0,0.0,1.0
10323,0,0.0,1.0
10326,0,0.0,1.0
10329,0,1.1,1.275
10330,0,0.0,1.0
10331,0,0.0,1.0
10332,1,2.4,1.6
10333,0,0.0,1.0
10335,0,0.0,1.0
10336,0,0.0,1.0
10337,0,0.0,1.0
10338,0,0.0,1.0
10339,0,0.0,1.0
10340,0,0.0,1.0
10341,0,0.0,1.0
10342,0,1.1,1.275
10343,0,0.0,1.0
10344,0,0.0,1.0
10346,0,0.0,1.0
10349,0,0.0,1.0
10351,0,0.0,1.0
10352,0,0.0,1.0
10353,0,0.0,1.0
10355,0,0.0,1.0
10356,0,0.0,1.0
10357,0,0.0,1.0
10358,0,0.0,1.0
10363,0,0.0,1.0
10364,0,0.0,1.0
10366,0,0.0,1.0
10367,0,0.0,1.0
10368,0,0.0,1.0
10369,0,0.0,1.0
10372,0,0.0,1.0
10375,0,0.0,1.0
10376,0,0.0,1.0
10377,0,0.0,1.0
10378,0,0.0,1.0
10380,0,0.0,1.0
10381,0,0.0,1.0
10382,0,0.0,1.0
10383,0,0.0,1.0
10384,0,0.0,1.0
10386,0,0.0,1.0
10387,0,0.0,1.0
10389,0,0.0,1.0
10390,1,0.0,1.0
10393,0,0.0,1.0
10395,0,0.0,1.0
10398,0,0.0,1.0
10399,0,0.0,1.0
10400,0,0.0,1.0
10403,0,0.0,1.0
10405,0,0.0,1.0
10407,0,0.0,1.0
10409,0,0.0,1.0
10410,0,0.0,1.0
10411,0,0.0,1.0
10412,0,0.0,1.0
10417,0,0.0,1.0
10418,0,0.0,1.0
10419,0,0.0,1.0
10422,1,0.0,1.0
10423,0,0.0,1.0
10437,0,0.0,1.0
10438,0,0.0,1.0
10439,0,0.0,1.0
10444,0,0.0,1.0
10445,0,0.0,1.0
10451,0,0.0,1.0
10454,0,0.0,1.0
10461,0,0.0,1.0
10462,0,0.0,1.0
10465,0,0.0,1.0
10466,0,0.0,1.0
10467,0,0.0,1.0
10469,1,2.2,1.55
10474,0,0.0,1.0
10475,0,0.0,1.0
10480,0,0.0,1.0
10482,0,0.0,1.0
10486,0,0.0,1.0
10487,0,0.0,1.0
10488,0,0.0,1.0
10489,0,0.0,1.0
10498,0,0.0,1.0
10499,0,0.0,1.0
10500,0,0.0,1.0
10509,0,0.0,1.0
10511,0,0.0,1.0
10523,0,0.0,1.0
10524,0,0.0,1.0
10525,0,0.0,1.0
10526,0,0.0,1.0
10539,0,0.0,1.0
10540,0,0.0,1.0
10541,0,0.0,1.0
10542,1,0.0,1.0
10543,0,0.0,1.0
10544,0,0.0,1.0
10548,0,0.0,1.0
10549,0,0.0,1.0
10561,0,0.0,1.0
10562,1,0.0,1.0
10563,0,0.0,1.0
10570,0,0.0,1.0
10572,0,0.0,1.0
10573,0,0.0,1.0
10574,0,0.0,1.0
10576,0,0.0,1.0
10577,0,0.0,1.0
10578,0,0.0,1.0
10579,0,0.0,1.0
10580,0,0.0,1.0
10582,0,0.0,1.0
10583,0,0.0,1.0
10584,0,0.0,1.0
10585,0,0.0,1.0
10597,0,0.0,1.0
10602,0,2.4,1.6
10603,0,0.0,1.0
10608,0,0.0,1.0
10609,0,0.0,1.0
10610,0,0.0,1.0
10611,0,0.0,1.0
10630,0,0.0,1.0
10638,0,0.0,1.0
10641,0,0.0,1.0
10642,0,0.0,1.0
10645,0,0.0,1.0
10646,0,0.0,1.0
10647,0,0.0,1.0
10650,0,0.0,1.0
10651,0,0.9,1.225
10652,0,0.0,1.0
10654,0,0.0,1.0
10663,0,0.0,1.0
10664,0,0.0,1.0
10670,0,1.3,1.325
10676,0,0.0,1.0
10680,0,0.0,1.0
10682,0,0.0,1.0
10688,0,0.0,1.0
10701,0,0.0,1.0
10704,0,0.0,1.0
10709,0,0.0,1.0
10722,0,0.0,1.0
10723,0,0.0,1.0
10728,0,0.0,1.0
10733,0,0.0,1.0
10740,0,0.9,1.225
10745,0,0.0,1.0
10746,0,0.0,1.0
10747,0,0.0,1.0
10748,0,2.4,1.6
10749,0,0.0,1.0
10750,0,0.0,1.0
10751,0,0.0,1.0
10752,0,0.0,1.0
10755,0,0.0,1.0
10756,0,0.0,1.0
10760,0,0.0,1.0
10761,0,0.0,1.0
10762,0,0.0,1.0
10764,1,0.0,1.0
10766,0,0.0,1.0
10767,0,1.1,1.275
10768,0,0.0,1.0
10770,0,0.0,1.0
10771,0,0.0,1.0
10775,0,0.0,1.0
10776,0,0.0,1.0
10777,0,0.0,1.0
10780,0,0.0,1.0
10781,0,0.0,1.0
10782,0,0.0,1.0
10787,0,0.0,1.0
10794,1,0.0,1.0
10795,1,0.0,1.0
10797,0,0.0,1.0
10798,0,0.0,1.0
10799,0,0.0,1.0
10802,0,0.0,1.0
10803,0,0.0,1.0
10804,0,0.0,1.0
10805,0,0.0,1.0
10806,0,0.0,1.0
10813,0,0.0,1.0
10814,0,0.0,1.0
10816,0,0.0,1.0
10817,0,0.0,1.0
10818,0,0.0,1.0
10820,0,0.0,1.0
10821,0,0.0,1.0
10822,0,0.0,1.0
10823,0,0.0,1.0
10825,0,0.0,1.0
10830,0,0.0,1.0
10832,0,0.0,1.0
10835,0,0.0,1.0
10837,0,0.0,1.0
10839,0,0.0,1.0
10840,0,0.0,1.0
10841,0,0.0,1.0
10843,0,0.0,1.0
10844,0,0.0,1.0
10848,0,0.0,1.0
10850,0,0.0,1.0
10852,0,0.0,1.0
10854,0,0.0,1.0
10855,0,0.0,1.0
10857,0,0.0,1.0
10873,0,1.1,1.275
10875,0,0.0,1.0
10877,0,0.0,1.0
10879,0,0.0,1.0
10880,0,0.0,1.0
10883,0,0.0,1.0
10884,0,0.0,1.0
10887,0,0.0,1.0
10888,0,0.0,1.0
10892,1,1.3,1.325
10893,0,0.0,1.0
10894,0,0.0,1.0
10896,0,0.9,1.225
10897,0,0.0,1.0
10898,0,0.9,1.225
10912,0,0.0,1.0
10914,0,0.0,1.0
10919,0,0.0,1.0
10921,0,0.0,1.0
10922,0,0.0,1.0
10926,0,0.0,1.0
10927,0,0.0,1.0
10929,0,0.0,1.0
10930,0,0.0,1.0
10931,0,0.0,1.0
10932,0,0.0,1.0
10933,0,0.0,1.0
10934,0,0.0,1.0
10938,0,0.0,1.0
10943,0,0.0,1.0
10945,0,0.0,1.0
10946,0,0.0,1.0
10949,0,0.0,1.0
10951,0,0.0,1.0
10953,0,0.0,1.0
10956,0,0.0,1.0
10958,0,0.0,1.0
10960,0,0.0,1.0
10963,0,0.0,1.0
10965,0,0.0,1.0
10979,0,0.0,1.0
10980,0,0.0,1.0
10981,0,0.0,1.0
10990,0,0.0,1.0
10999,0,0.0,1.0
11005,0,0.0,1.0
11011,0,0.0,1.0
11016,0,0.0,1.0
11024,0,0.0,1.0
11028,0,0.0,1.0
11031,0,0.0,1.0
11034,0,0.0,1.0
11036,0,0.0,1.0
11037,0,0.0,1.0
11051,0,0.0,1.0
11062,0,0.0,1.0
11063,0,0.0,1.0
11066,0,0.0,1.0
11067,0,0.0,1.0
11071,1,0.0,1.0
11075,0,0.0,1.0
11076,0,0.0,1.0
11124,0,0.0,1.0
11131,0,0.0,1.0
11136,0,0.0,1.0
11144,0,0.0,1.0
11145,0,0.0,1.0
11146,0,0.0,1.0
11148,0,0.0,1.0
11149,0,0.0,1.0
11150,0,0.0,1.0
11151,0,0.0,1.0
11152,0,0.0,1.0
11155,0,0.0,1.0
11156,0,0.0,1.0
11157,0,0.0,1.0
11162,0,0.0,1.0
11204,0,0.0,1.0
11206,0,0.0,1.0
11208,0,0.0,1.0
11209,0,0.0,1.0
11210,0,0.0,1.0
11211,0,0.0,1.0
11212,0,0.0,1.0
11213,0,0.0,1.0
11218,0,0.0,1.0
11219,0,0.0,1.0
11226,0,0.0,1.0
11255,0,0.0,1.0
11263,0,0.0,1.0
11264,0,0.0,1.0
11265,0,0.0,1.0
11267,0,0.0,1.0
11268,0,0.0,1.0
11284,0,0.9,1.225
11286,0,0.0,1.0
11287,0,0.0,1.0
11288,0,0.0,1.0
11290,0,0.0,1.0
11291,0,0.0,1.0
11292,0,0.0,1.0
11293,0,0.0,1.0
11294,0,0.0,1.0
11295,0,0.0,1.0
11325,0,0.0,1.0
11326,0,0.0,1.0
11336,0,0.0,1.0
11344,0,0.0,1.0
11347,0,0.0,1.0
11350,0,0.0,1.0
11352,0,0.0,1.0
11353,0,0.0,1.0
11355,0,0.0,1.0
11356,0,0.0,1.0
11357,0,0.0,1.0
11360,0,0.0,1.0
11361,0,0.0,1.0
11362,0,0.0,1.0
11363,0,0.9,1.225
11366,0,0.0,1.0
11367,1,0.0,1.0
11368,0,0.0,1.0
11369,0,0.0,1.0
11370,0,0.0,1.0
11372,0,0.0,1.0
11374,0,0.0,1.0
11379,0,0.0,1.0
11383,0,0.0,1.0
11384,0,0.0,1.0
11385,0,0.0,1.0
11386,0,0.0,1.0
11387,0,0.0,1.0
11390,0,0.0,1.0
11391,0,0.0,1.0
11394,0,0.0,1.0
11403,0,0.0,1.0
11404,0,0.0,1.0
11405,0,0.0,1.0
11408,0,0.0,1.0
11409,0,0.0,1.0
11410,0,0.0,1.0
11411,0,0.0,1.0
11414,0,0.0,1.0
11415,0,0.0,1.0
11416,0,0.0,1.0
11417,0,0.0,1.0
11418,0,0.0,1.0
11419,0,0.0,1.0
11432,0,0.0,1.0
11434,1,0.0,1.0
11435,0,0.0,1.0
11452,0,0.0,1.0
11454,0,0.0,1.0
11455,0,0.0,1.0
11458,0,0.0,1.0
11459,0,0.0,1.0
11464,1,0.0,1.0
11465,0,0.0,1.0
11466,0,0.0,1.0
11468,0,0.9,1.225
11469,0,0.0,1.0
11475,0,0.0,1.0
11488,0,0.0,1.0
11489,0,0.0,1.0
11492,0,0.0,1.0
11493,0,0.0,1.0
11495,0,0.0,1.0
11501,0,0.0,1.0
11502,0,0.0,1.0
11504,0,0.0,1.0
11505,0,0.0,1.0
11506,0,0.0,1.0
11508,0,0.0,1.0
11509,0,0.0,1.0
11512,0,0.0,1.0
11514,0,0.0,1.0
11515,0,0.0,1.0
11517,0,0.0,1.0
11518,0,0.0,1.0
11520,0,0.0,1.0
11521,0,0.0,1.0
11523,0,0.0,1.0
11527,0,0.0,1.0
11528,0,0.0,1.0
11534,0,0.0,1.0
11538,0,0.0,1.0
11539,0,0.0,1.0
11543,0,0.0,1.0
11544,0,0.0,1.0
11547,0,0.0,1.0
11548,0,0.0,1.0
11549,0,0.0,1.0
11552,0,0.0,1.0
11560,0,0.0,1.0
11561,0,0.0,1.0
11562,0,0.0,1.0
11563,0,0.0,1.0
11564,0,0.0,1.0
11569,0,0.0,1.0
11570,0,0.0,1.0
11573,0,0.0,1.0
11574,0,0.0,1.0
11577,0,0.0,1.0
11578,0,0.0,1.0
11579,0,0.0,1.0
11580,0,0.0,1.0
11581,0,0.0,1.0
11582,0,0.0,1.0
11583,0,0.0,1.0
11585,0,0.0,1.0
11606,0,0.0,1.0
11608,0,0.0,1.0
11609,0,1.3,1.325
11615,0,0.0,1.0
11616,0,0.0,1.0
11617,0,0.0,1.0
11621,0,0.0,1.0
11622,0,0.0,1.0
11624,0,0.0,1.0
11632,0,0.0,1.0
11633,0,0.0,1.0
11634,0,0.0,1.0
11635,0,0.0,1.0
11636,0,0.0,1.0
11637,0,0.0,1.0
11638,0,0.0,1.0
11639,0,0.0,1.0
11642,0,0.0,1.0
11646,0,0.0,1.0
11647,0,0.0,1.0
11648,0,0.0,1.0
11649,1,1.1,1.275
11650,0,0.0,1.0
11651,0,0.0,1.0
11652,0,0.0,1.0
11653,0,0.0,1.0
11654,0,0.0,1.0
11655,0,0.0,1.0
11656,0,0.0,1.0
11657,0,0.0,1.0
11658,0,0.0,1.0
11659,0,0.0,1.0
11660,0,0.0,1.0
11661,0,0.0,1.0
11662,0,0.0,1.0
11663,0,0.0,1.0
11664,0,0.0,1.0
11671,0,0.0,1.0
11672,0,0.0,1.0
11676,0,0.0,1.0
11677,0,0.0,1.0
11678,0,0.0,1.0
11679,0,0.0,1.0
11680,0,0.0,1.0
11682,0,0.0,1.0
11683,0,0.0,1.0
11684,0,0.0,1.0
11694,0,0.0,1.0
11696,0,0.0,1.0
11697,0,0.0,1.0
11698,0,0.0,1.0
11699,0,0.0,1.0
11701,0,0.0,1.0
11702,0,0.0,1.0
11703,1,0.0,1.0
11705,0,0.0,1.0
11706,0,0.0,1.0
11707,0,0.0,1.0
11708,0,0.0,1.0
11709,0,0.0,1.0
11710,0,0.0,1.0
11711,0,0.0,1.0
11713,0,0.0,1.0
11719,0,0.0,1.0
11720,0,0.0,1.0
11723,0,0.0,1.0
11724,0,0.0,1.0
11737,0,0.0,1.0
11743,0,0.0,1.0
11746,0,0.0,1.0
11758,0,0.0,1.0
11766,0,0.0,1.0
11778,0,0.0,1.0
11781,0,0.0,1.0
11782,0,0.0,1.0
11785,0,0.0,1.0
11786,0,1.1,1.275
11787,0,0.0,1.0
11792,0,0.0,1.0
11794,0,0.0,1.0
11795,0,0.0,1.0
11798,0,0.0,1.0
11799,0,0.0,1.0
11800,0,0.0,1.0
11801,0,0.0,1.0
11802,0,0.0,1.0
11803,0,0.0,1.0
11812,0,0.0,1.0
11816,0,0.0,1.0
11817,0,0.0,1.0
11825,0,0.0,1.0
11826,0,0.0,1.0
11827,0,0.0,1.0
11828,0,0.0,1.0
11829,0,0.0,1.0
11830,0,0.0,1.0
11832,0,0.0,1.0
11833,0,0.0,1.0
11835,0,0.0,1.0
11836,0,0.0,1.0
11838,0,0.0,1.0
11839,0,0.0,1.0
11840,0,0.0,1.0
Drug 0,1,1.3,1.325
Drug 2,0,0.0,1.0
Drug 3,1,0.9,1.225
Drug 5,1,0.0,1.0
Drug 6,1,2.4,1.6
Drug 7,1,0.0,1.0
Drug 8,1,2.4,1.6
Drug 10,0,0.0,1.0
Drug 11,1,0.0,1.0
Drug 12,0,0.0,1.0
Drug 14,0,0.0,1.0
Drug 15,0,0.0,1.0
Drug 16,1,0.0,1.0
Drug 17,1,0.0,1.0
Drug 18,1,0.0,1.0
Drug 19,0,0.0,1.0
Drug 20,1,0.0,1.0
Drug 21,1,0.0,1.0
Drug 22,1,0.0,1.0
Drug 24,1,0.9,1.225
Drug 25,1,0.0,1.0
Drug 26,0,0.0,1.0
Drug 27,0,0.0,1.0
Drug 28,0,0.0,1.0
Drug 29,0,0.0,1.0
Drug 30,0,0.0,1.0
Drug 31,1,0.0,1.0
Drug 32,1,0.0,1.0
Drug 33,1,0.0,1.0
Drug 34,1,0.9,1.225
Drug 36,1,0.0,1.0
Drug 37,0,0.0,1.0
Drug 39,1,0.0,1.0
Drug 40,1,0.0,1.0
Drug 41,0,0.0,1.0
Drug 42,1,0.0,1.0
Drug 43,1,0.0,1.0
Drug 44,0,0.0,1.0
Drug 45,1,0.0,1.0
Drug 46,1,1.1,1.275
Drug 49,0,0.0,1.0
Drug 51,1,0.0,1.0
Drug 54,0,0.0,1.0
Drug 55,1,0.0,1.0
Drug 56,1,0.0,1.0
Drug 57,0,0.0,1.0
Drug 58,0,0.0,1.0
Drug 59,0,0.0,1.0
Drug 60,1,2.4,1.6
Drug 61,1,0.0,1.0
Drug 62,0,0.0,1.0
Drug 63,0,0.0,1.0
Drug 66,1,0.0,1.0
Drug 67,0,0.0,1.0
Drug 68,0,0.0,1.0
Drug 69,1,0.0,1.0
Drug 70,0,0.0,1.0
Drug 71,0,0.0,1.0
Drug 72,1,0.0,1.0
Drug 73,1,0.0,1.0
Drug 74,0,0.0,1.0
Drug 75,0,0.0,1.0
Drug 76,1,0.0,1.0
Drug 77,0,0.0,1.0
Drug 78,1,0.0,1.0
Drug 80,1,0.0,1.0
Drug 81,1,0.0,1.0
Drug 82,1,0.0,1.0
Drug 83,1,0.0,1.0
Drug 84,0,0.0,1.0
Drug 85,1,1.1,1.275
Drug 86,0,0.0,1.0
Drug 87,0,0.9,1.225
Drug 88,1,0.0,1.0
Drug 89,1,0.0,1.0
Drug 90,1,0.0,1.0
Drug 91,1,0.0,1.0
Drug 92,0,0.0,1.0
Drug 93,1,0.0,1.0
Drug 94,1,0.0,1.0
Drug 95,1,0.0,1.0
Drug 96,0,0.0,1.0
Drug 97,0,0.0,1.0
Drug 98,0,0.0,1.0
Drug 99,1,2.4,1.6
Drug 100,1,0.0,1.0
Drug 102,0,0.0,1.0
Drug 103,0,0.0,1.0
Drug 105,0,0.0,1.0
Drug 106,0,1.1,1.275
Drug 107,1,0.0,1.0
Drug 108,0,0.0,1.0
Drug 109,0,0.0,1.0
Drug 111,0,0.0,1.0
Drug 113,1,0.0,1.0
Drug 116,0,0.0,1.0
Drug 119,1,0.0,1.0
Drug 122,1,0.0,1.0
Drug 123,1,0.0,1.0
Drug 124,0,0.0,1.0
Drug 125,0,0.0,1.0
Drug 126,0,0.0,1.0
Drug 127,1,0.0,1.0
Drug 128,0,0.0,1.0
Drug 129,0,0.0,1.0
Drug 130,0,0.0,1.0
Drug 132,0,0.0,1.0
Drug 133,0,0.0,1.0
Drug 137,1,0.0,1.0
Drug 138,0,0.0,1.0
Drug 139,1,0.0,1.0
Drug 140,1,0.0,1.0
Drug 141,0,0.0,1.0
Drug 143,0,0.0,1.0
Drug 144,0,0.0,1.0
Drug 146,1,0.0,1.0
Drug 147,0,0.0,1.0
Drug 150,0,0.0,1.0
Drug 151,0,1.1,1.275
Drug 152,0,0.0,1.0
Drug 153,1,0.0,1.0
Drug 155,1,1.1,1.275
Drug 156,0,0.0,1.0
Drug 157,1,2.4,1.6
Drug 158,1,0.0,1.0
Drug 161,0,0.0,1.0
Drug 162,1,0.0,1.0
Drug 163,0,0.0,1.0
Drug 164,0,0.0,1.0
Drug 165,1,0.0,1.0
Drug 166,0,0.0,1.0
Drug 170,1,0.0,1.0
Drug 175,0,0.0,1.0
Drug 177,0,0.0,1.0
Drug 179,1,0.0,1.0
Drug 180,1,0.0,1.0
Drug 181,1,0.0,1.0
Drug 184,1,2.4,1.6
Drug 186,1,0.0,1.0
Drug 187,1,0.0,1.0
Drug 188,0,1.1,1.275
Drug 189,1,0.0,1.0
Drug 190,1,0.0,1.0
Drug 193,0,0.0,1.0
Drug 194,1,1.3,1.325
Drug 196,0,0.0,1.0
Drug 199,1,0.0,1.0
Drug 201,1,0.0,1.0
Drug 205,0,0.0,1.0
Drug 207,0,0.0,1.0
Drug 208,1,0.0,1.0
Drug 209,0,0.0,1.0
Drug 212,0,0.0,1.0
Drug 213,1,0.0,1.0
Drug 214,0,0.0,1.0
Drug 215,0,0.0,1.0
Drug 216,0,0.0,1.0
Drug 217,0,0.0,1.0
Drug 219,0,0.0,1.0
Drug 220,1,0.0,1.0
Drug 222,1,0.0,1.0
Drug 223,0,0.0,1.0
Drug 225,0,0.0,1.0
Drug 226,1,0.0,1.0
Drug 227,0,0.0,1.0
Drug 228,0,0.0,1.0
Drug 229,1,0.0,1.0
Drug 230,1,0.0,1.0
Drug 231,0,0.0,1.0
Drug 232,0,0.0,1.0
Drug 233,0,0.0,1.0
Drug 234,1,1.1,1.275
Drug 235,0,0.0,1.0
Drug 236,0,0.0,1.0
Drug 238,1,0.0,1.0
Drug 239,1,0.0,1.0
Drug 241,0,0.0,1.0
Drug 243,1,0.0,1.0
Drug 244,0,0.0,1.0
Drug 245,1,0.0,1.0
Drug 246,1,1.1,1.275
Drug 247,1,0.0,1.0
Drug 248,1,0.0,1.0
Drug 249,0,0.0,1.0
Drug 250,1,1.1,1.275
Drug 251,1,1.3,1.325
Drug 252,1,0.0,1.0
Drug 253,0,0.0,1.0
Drug 255,1,1.1,1.275
Drug 256,0,0.0,1.0
Drug 257,0,0.0,1.0
Drug 258,1,0.0,1.0
Drug 259,0,0.0,1.0
Drug 260,0,0.0,1.0
Drug 263,0,0.0,1.0
Drug 264,0,0.0,1.0
Drug 265,0,0.0,1.0
Drug 266,0,0.0,1.0
Drug 267,0,0.0,1.0
Drug 268,1,0.0,1.0
Drug 270,0,1.3,1.325
Drug 271,0,0.0,1.0
Drug 273,1,1.3,1.325
Drug 274,1,1.3,1.325
Drug 275,1,0.0,1.0
Drug 276,1,0.0,1.0
Drug 278,0,0.0,1.0
Drug 279,0,0.0,1.0
Drug 280,0,0.0,1.0
Drug 281,0,0.0,1.0
Drug 283,1,0.0,1.0
Drug 290,1,0.0,1.0
Drug 291,1,1.1,1.275
Drug 292,1,1.1,1.275
Drug 293,0,0.0,1.0
Drug 294,1,0.0,1.0
Drug 295,1,0.0,1.0
Drug 296,1,1.1,1.275
Drug 298,1,0.0,1.0
Drug 299,1,0.0,1.0
Drug 300,1,0.0,1.0
Drug 301,1,0.0,1.0
Drug 302,0,0.0,1.0
Drug 303,1,0.0,1.0
Drug 304,1,0.0,1.0
Drug 306,0,0.0,1.0
Drug 307,1,0.0,1.0
Drug 308,1,0.0,1.0
Drug 310,0,0.0,1.0
Drug 311,1,0.0,1.0
Drug 312,1,1.3,1.325
Drug 314,1,0.0,1.0
Drug 316,1,0.0,1.0
Drug 317,1,0.0,1.0
Drug 318,1,0.0,1.0
Drug 319,1,0.0,1.0
Drug 320,0,0.0,1.0
Drug 321,0,0.0,1.0
Drug 322,1,0.0,1.0
Drug 323,0,0.0,1.0
Drug 324,1,1.3,1.325
Drug 326,1,0.0,1.0
Drug 327,0,0.0,1.0
Drug 328,1,0.0,1.0
Drug 329,0,0.0,1.0
Drug 330,0,0.0,1.0
Drug 333,0,0.0,1.0
Drug 334,0,0.0,1.0
Drug 335,0,0.0,1.0
Drug 336,1,0.0,1.0
Drug 337,1,0.0,1.0
Drug 338,1,0.0,1.0
Drug 339,1,0.0,1.0
Drug 340,1,0.0,1.0
Drug 341,0,0.0,1.0
Drug 343,0,0.0,1.0
Drug 345,1,1.3,1.325
Drug 346,1,0.0,1.0
Drug 347,1,0.0,1.0
Drug 348,1,0.9,1.225
Drug 349,1,0.0,1.0
Drug 350,0,0.0,1.0
Drug 351,1,0.0,1.0
Drug 353,0,0.0,1.0
Drug 354,0,0.0,1.0
Drug 355,0,0.0,1.0
Drug 356,0,0.0,1.0
Drug 357,0,0.0,1.0
Drug 358,1,0.0,1.0
Drug 359,0,0.0,1.0
Drug 361,0,0.0,1.0
Drug 362,0,0.0,1.0
Drug 363,1,0.0,1.0
Drug 366,1,0.0,1.0
Drug 368,0,0.0,1.0
Drug 369,1,1.1,1.275
Drug 370,0,0.0,1.0
Drug 371,0,0.0,1.0
Drug 374,0,0.0,1.0
Drug 376,0,0.0,1.0
Drug 377,0,0.0,1.0
Drug 378,1,0.0,1.0
Drug 380,1,0.0,1.0
Drug 381,0,0.0,1.0
Drug 382,0,0.0,1.0
Drug 383,1,0.0,1.0
Drug 384,1,0.0,1.0
Drug 385,1,0.0,1.0
Drug 386,1,0.0,1.0
Drug 387,1,0.0,1.0
Drug 388,1,0.0,1.0
Drug 389,1,0.0,1.0
Drug 390,1,0.0,1.0
Drug 391,1,0.0,1.0
Drug 392,1,0.0,1.0
Drug 393,1,1.3,1.325
Drug 394,1,0.0,1.0
Drug 395,0,0.0,1.0
Drug 396,1,0.0,1.0
Drug 397,0,0.0,1.0
Drug 398,0,0.0,1.0
Drug 399,1,0.0,1.0
Drug 400,1,0.0,1.0
Drug 401,1,0.0,1.0
Drug 402,1,1.1,1.275
Drug 403,1,1.1,1.275
Drug 404,0,0.0,1.0
Drug 405,1,0.0,1.0
Drug 406,0,0.0,1.0
Drug 407,1,0.0,1.0
Drug 409,0,0.0,1.0
Drug 410,0,0.0,1.0
Drug 411,0,0.0,1.0
Drug 413,0,0.0,1.0
Drug 414,0,0.0,1.0
Drug 415,0,0.0,1.0
Drug 416,1,0.0,1.0
Drug 417,0,0.0,1.0
Drug 418,0,0.0,1.0
Drug 420,1,1.3,1.325
Drug 422,0,0.0,1.0
Drug 423,0,0.0,1.0
Drug 424,0,0.0,1.0
Drug 425,0,0.0,1.0
Drug 426,0,0.0,1.0
Drug 428,1,0.0,1.0
Drug 429,0,0.0,1.0
Drug 431,0,0.0,1.0
Drug 433,0,0.0,1.0
Drug 434,1,0.0,1.0
Drug 436,1,0.0,1.0
Drug 437,0,0.0,1.0
Drug 438,0,0.0,1.0
Drug 439,0,0.0,1.0
Drug 440,0,0.0,1.0
Drug 442,0,0.0,1.0
Drug 443,1,0.0,1.0
Drug 444,0,0.9,1.225
Drug 445,1,0.0,1.0
Drug 446,0,1.1,1.275
Drug 448,0,0.0,1.0
Drug 449,1,0.0,1.0
Drug 450,1,0.0,1.0
Drug 451,0,0.0,1.0
Drug 452,0,0.0,1.0
Drug 454,0,0.0,1.0
Drug 455,0,0.0,1.0
Drug 456,0,0.0,1.0
Drug 457,0,0.9,1.225
Drug 458,1,0.0,1.0
Drug 459,1,2.4,1.6
Drug 460,1,0.0,1.0
Drug 463,0,0.0,1.0
Drug 464,1,0.0,1.0
Drug 465,0,0.0,1.0
Drug 466,1,1.3,1.325
Drug 467,0,0.0,1.0
Drug 468,1,0.0,1.0
Drug 469,1,0.0,1.0
Drug 470,0,0.0,1.0
Drug 472,0,0.0,1.0
Drug 473,1,1.1,1.275
Drug 475,1,0.0,1.0
Drug 476,0,0.0,1.0
Drug 477,1,0.0,1.0
Drug 478,1,0.0,1.0
Drug 479,1,0.0,1.0
Drug 480,1,1.3,1.325
Drug 481,1,0.0,1.0
Drug 483,1,0.0,1.0
Drug 486,0,0.0,1.0
Drug 487,0,0.0,1.0
Drug 488,0,0.0,1.0
Drug 489,0,0.0,1.0
Drug 490,1,0.0,1.0
Drug 491,1,0.0,1.0
Drug 492,1,1.3,1.325
Drug 494,1,0.0,1.0
Drug 495,1,1.3,1.325
Drug 497,1,0.0,1.0
Drug 499,0,0.0,1.0
Drug 501,0,0.0,1.0
Drug 502,1,0.0,1.0
Drug 503,1,1.1,1.275
Drug 504,0,0.0,1.0
Drug 505,0,0.0,1.0
Drug 506,0,0.0,1.0
Drug 507,1,0.0,1.0
Drug 508,1,0.0,1.0
Drug 509,1,0.9,1.225
Drug 510,1,0.0,1.0
Drug 511,0,0.0,1.0
Drug 512,1,0.0,1.0
Drug 513,1,1.3,1.325
Drug 514,0,0.0,1.0
Drug 515,1,0.0,1.0
Drug 516,1,0.0,1.0
Drug 518,0,0.0,1.0
Drug 520,0,0.0,1.0
Drug 521,0,0.0,1.0
Drug 522,1,0.0,1.0
Drug 524,0,0.0,1.0
Drug 525,0,0.0,1.0
Drug 526,1,0.0,1.0
Drug 527,1,0.0,1.0
Drug 528,0,0.0,1.0
Drug 530,0,0.0,1.0
Drug 532,1,2.4,1.6
Drug 533,1,1.3,1.325
Drug 534,0,0.0,1.0
Drug 535,1,0.0,1.0
Drug 536,0,0.0,1.0
Drug 537,1,0.0,1.0
Drug 539,0,0.0,1.0
Drug 541,1,0.0,1.0
Drug 542,0,0.0,1.0
Drug 543,1,0.0,1.0
Drug 546,0,0.0,1.0
Drug 547,0,0.0,1.0
Drug 548,1,0.0,1.0
Drug 549,1,0.0,1.0
Drug 550,0,0.0,1.0
Drug 552,0,0.0,1.0
Drug 554,1,1.1,1.275
Drug 555,0,0.0,1.0
Drug 557,0,0.0,1.0
Drug 558,0,0.0,1.0
Drug 559,1,0.0,1.0
Drug 560,0,0.0,1.0
Drug 561,0,0.0,1.0
Drug 562,1,0.0,1.0
Drug 563,0,0.0,1.0
Drug 564,0,0.0,1.0
Drug 565,0,0.0,1.0
Drug 566,0,0.0,1.0
Drug 567,0,0.0,1.0
Drug 568,1,0.0,1.0
Drug 569,1,0.0,1.0
Drug 572,1,0.0,1.0
Drug 573,0,0.0,1.0
Drug 575,0,0.0,1.0
Drug 576,1,0.0,1.0
Drug 577,1,0.0,1.0
Drug 578,0,0.0,1.0
Drug 579,1,0.0,1.0
Drug 580,1,0.0,1.0
Drug 581,0,0.0,1.0
Drug 582,1,0.0,1.0
Drug 583,0,0.0,1.0
Drug 585,1,0.0,1.0
Drug 586,0,0.0,1.0
Drug 587,1,0.0,1.0
Drug 588,0,0.0,1.0
Drug 589,1,0.0,1.0
Drug 590,1,0.0,1.0
Drug 591,0,0.0,1.0
Drug 592,1,0.0,1.0
Drug 593,1,0.0,1.0
Drug 594,1,0.0,1.0
Drug 595,1,1.1,1.275
Drug 596,1,2.4,1.6
Drug 597,0,0.0,1.0
Drug 598,1,0.0,1.0
Drug 599,1,0.0,1.0
Drug 600,0,0.0,1.0
Drug 602,0,0.0,1.0
Drug 604,1,2.4,1.6
Drug 605,0,1.1,1.275
Drug 606,1,0.0,1.0
Drug 607,0,0.0,1.0
Drug 608,1,0.0,1.0
Drug 609,0,0.0,1.0
Drug 610,1,0.0,1.0
Drug 611,0,0.0,1.0
Drug 612,0,0.0,1.0
Drug 613,1,0.0,1.0
Drug 614,1,0.0,1.0
Drug 615,0,0.0,1.0
Drug 616,1,0.0,1.0
Drug 617,1,0.0,1.0
Drug 618,0,0.0,1.0
Drug 619,1,1.1,1.275
Drug 620,1,1.1,1.275
Drug 621,1,0.0,1.0
Drug 622,1,0.0,1.0
Drug 623,0,0.0,1.0
Drug 625,0,0.0,1.0
Drug 626,1,1.3,1.325
Drug 627,1,0.0,1.0
Drug 628,0,0.0,1.0
Drug 629,0,0.0,1.0
Drug 630,1,0.0,1.0
Drug 631,0,0.0,1.0
Drug 632,1,1.3,1.325
Drug 633,1,0.0,1.0
Drug 634,0,0.0,1.0
Drug 636,1,0.0,1.0
Drug 638,1,0.0,1.0
Drug 640,0,0.0,1.0
Drug 641,1,0.0,1.0
Drug 642,0,0.0,1.0
Drug 643,1,0.0,1.0
Drug 644,1,0.0,1.0
Drug 645,0,0.0,1.0
Drug 646,1,0.0,1.0
Drug 647,0,0.0,1.0
Drug 650,1,0.0,1.0
Drug 651,1,0.0,1.0
Drug 652,0,0.0,1.0
Drug 653,1,0.0,1.0
Drug 654,0,0.0,1.0
Drug 655,1,0.0,1.0
Drug 656,1,0.0,1.0
Drug 658,1,0.0,1.0
Drug 659,0,0.0,1.0
Drug 660,1,0.0,1.0
Drug 661,0,0.0,1.0
Drug 662,1,0.0,1.0
Drug 663,1,0.0,1.0
Drug 666,0,0.0,1.0
Drug 667,1,0.0,1.0
Drug 668,0,0.0,1.0
Drug 669,1,0.0,1.0
Drug 670,1,0.0,1.0
Drug 671,1,0.0,1.0
Drug 672,0,0.0,1.0
Drug 673,1,0.0,1.0
Drug 674,0,0.0,1.0
Drug 675,0,0.0,1.0
Drug 676,1,0.0,1.0
Drug 677,0,0.0,1.0
Drug 678,1,0.0,1.0
Drug 679,1,0.0,1.0
Drug 680,0,0.0,1.0
Drug 681,0,1.1,1.275
Drug 682,1,0.0,1.0
Drug 683,1,0.0,1.0
Drug 684,1,0.0,1.0
Drug 687,0,0.0,1.0
Drug 688,0,0.0,1.0
Drug 689,1,0.0,1.0
Drug 690,1,0.0,1.0
Drug 691,1,1.1,1.275
Drug 692,0,0.0,1.0
Drug 694,0,0.9,1.225
Drug 695,1,0.0,1.0
Drug 697,0,0.0,1.0
Drug 698,0,0.0,1.0
Drug 699,0,0.0,1.0
Drug 700,1,0.0,1.0
Drug 704,1,0.0,1.0
Drug 706,0,0.0,1.0
Drug 707,0,0.0,1.0
Drug 708,0,0.0,1.0
Drug 709,0,0.0,1.0
Drug 710,1,0.0,1.0
Drug 711,0,0.0,1.0
Drug 713,1,0.0,1.0
Drug 716,0,0.0,1.0
Drug 717,1,0.0,1.0
Drug 718,0,0.0,1.0
Drug 719,1,2.4,1.6
Drug 720,1,0.0,1.0
Drug 721,0,0.0,1.0
Drug 722,1,0.0,1.0
Drug 723,1,1.1,1.275
Drug 726,0,0.0,1.0
Drug 727,1,0.0,1.0
Drug 729,1,0.0,1.0
Drug 730,1,0.0,1.0
Drug 731,1,0.0,1.0
Drug 735,0,0.0,1.0
Drug 736,0,0.0,1.0
Drug 738,0,2.4,1.6
Drug 739,0,0.0,1.0
Drug 740,0,0.0,1.0
Drug 741,0,0.0,1.0
Drug 742,1,1.3,1.325
Drug 743,1,0.0,1.0
Drug 744,1,0.0,1.0
Drug 745,1,0.0,1.0
Drug 746,1,0.0,1.0
Drug 747,1,1.3,1.325
Drug 749,0,0.0,1.0
Drug 750,1,0.0,1.0
Drug 751,1,1.1,1.275
Drug 752,0,0.0,1.0
Drug 753,0,0.0,1.0
Drug 754,1,0.0,1.0
Drug 755,1,0.0,1.0
Drug 757,0,0.0,1.0
Drug 758,1,0.0,1.0
Drug 760,0,0.0,1.0
Drug 761,1,1.1,1.275
Drug 763,1,0.0,1.0
Drug 765,1,0.0,1.0
Drug 766,0,0.0,1.0
Drug 767,1,0.0,1.0
Drug 768,1,0.9,1.225
Drug 769,1,2.4,1.6
Drug 770,1,0.0,1.0
Drug 773,1,0.0,1.0
Drug 774,0,0.0,1.0
Drug 775,0,0.0,1.0
Drug 778,1,0.0,1.0
Drug 779,1,1.1,1.275
Drug 780,0,0.0,1.0
Drug 782,0,0.0,1.0
Drug 783,0,0.0,1.0
Drug 785,1,0.0,1.0
Drug 786,0,0.0,1.0
Drug 788,1,0.0,1.0
Drug 789,0,1.1,1.275
Drug 790,1,0.0,1.0
Drug 791,1,0.0,1.0
Drug 792,1,0.0,1.0
Drug 793,0,0.0,1.0
Drug 794,1,0.0,1.0
Drug 795,0,0.0,1.0
Drug 796,1,0.0,1.0
Drug 798,1,1.1,1.275
Drug 799,1,0.0,1.0
Drug 800,0,0.0,1.0
Drug 801,1,0.0,1.0
Drug 802,1,1.1,1.275
Drug 803,0,0.0,1.0
Drug 805,0,0.0,1.0
Drug 806,1,0.0,1.0
Drug 809,1,0.0,1.0
Drug 810,0,0.0,1.0
Drug 811,1,0.0,1.0
Drug 812,0,1.1,1.275
Drug 813,0,0.0,1.0
Drug 814,1,0.0,1.0
Drug 816,1,0.0,1.0
Drug 817,0,0.0,1.0
Drug 818,1,0.0,1.0
Drug 819,0,0.0,1.0
Drug 820,0,1.1,1.275
Drug 822,1,0.0,1.0
Drug 823,1,2.4,1.6
Drug 824,0,0.0,1.0
Drug 825,0,0.0,1.0
Drug 826,1,0.0,1.0
Drug 827,0,0.0,1.0
Drug 829,0,0.0,1.0
Drug 831,1,2.4,1.6
Drug 832,0,0.0,1.0
Drug 833,1,0.0,1.0
Drug 834,1,0.0,1.0
Drug 835,1,0.0,1.0
Drug 836,1,0.0,1.0
Drug 837,1,2.4,1.6
Drug 839,1,0.0,1.0
Drug 840,0,0.0,1.0
Drug 841,0,1.3,1.325
Drug 842,0,0.0,1.0
Drug 845,1,2.4,1.6
Drug 846,0,0.0,1.0
Drug 847,1,0.0,1.0
Drug 849,1,0.0,1.0
Drug 850,1,0.0,1.0
Drug 851,1,0.0,1.0
Drug 852,1,0.0,1.0
Drug 853,1,0.0,1.0
Drug 855,1,0.0,1.0
Drug 856,1,0.0,1.0
Drug 859,1,0.0,1.0
Drug 860,0,0.0,1.0
Drug 861,0,0.0,1.0
Drug 862,0,0.0,1.0
Drug 863,1,0.0,1.0
Drug 864,0,0.0,1.0
Drug 865,0,0.0,1.0
Drug 866,1,0.0,1.0
Drug 867,1,0.0,1.0
Drug 869,0,0.0,1.0
Drug 870,1,0.0,1.0
Drug 871,1,1.1,1.275
Drug 874,0,0.0,1.0
Drug 875,1,0.0,1.0
Drug 876,0,1.3,1.325
Drug 877,1,0.0,1.0
Drug 878,1,0.0,1.0
Drug 879,0,0.0,1.0
Drug 881,1,2.4,1.6
Drug 883,1,0.0,1.0
Drug 884,1,2.4,1.6
Drug 885,0,0.0,1.0
Drug 886,1,0.0,1.0
Drug 888,0,0.0,1.0
Drug 889,0,0.0,1.0
Drug 890,1,0.0,1.0
Drug 893,0,0.0,1.0
Drug 895,0,0.0,1.0
Drug 896,0,0.0,1.0
Drug 897,0,0.0,1.0
Drug 898,1,0.0,1.0
Drug 899,1,1.1,1.275
Drug 900,0,0.0,1.0
Drug 901,0,0.0,1.0
Drug 902,1,0.0,1.0
Drug 903,0,0.0,1.0
Drug 904,1,0.0,1.0
Drug 905,1,1.1,1.275
Drug 906,0,1.1,1.275
Drug 907,1,0.9,1.225
Drug 909,0,0.0,1.0
Drug 912,0,0.0,1.0
Drug 914,0,0.0,1.0
Drug 915,1,0.0,1.0
Drug 918,0,0.0,1.0
Drug 920,1,0.0,1.0
Drug 921,0,0.0,1.0
Drug 922,1,0.0,1.0
Drug 923,0,0.0,1.0
Drug 924,0,0.0,1.0
Drug 925,0,0.0,1.0
Drug 926,0,0.0,1.0
Drug 928,0,0.0,1.0
Drug 929,1,0.0,1.0
Drug 930,1,1.1,1.275
Drug 931,1,0.0,1.0
Drug 932,0,0.0,1.0
Drug 933,0,0.0,1.0
Drug 934,1,0.0,1.0
Drug 935,0,0.0,1.0
Drug 936,0,0.0,1.0
Drug 937,1,0.0,1.0
Drug 938,1,0.0,1.0
Drug 939,0,0.0,1.0
Drug 941,1,1.3,1.325
Drug 942,0,0.0,1.0
Drug 943,1,1.1,1.275
Drug 944,1,0.0,1.0
Drug 945,0,0.0,1.0
Drug 946,0,0.0,1.0
Drug 947,1,0.0,1.0
Drug 948,1,0.0,1.0
Drug 949,1,0.0,1.0
Drug 950,1,0.0,1.0
Drug 951,1,0.0,1.0
Drug 952,1,0.0,1.0
Drug 953,0,0.0,1.0
Drug 954,1,0.0,1.0
Drug 955,1,1.3,1.325
Drug 957,0,0.0,1.0
Drug 959,0,0.0,1.0
Drug 960,1,0.0,1.0
Drug 961,0,0.0,1.0
Drug 963,0,0.0,1.0
Drug 964,0,0.0,1.0
Drug 965,0,0.0,1.0
Drug 966,0,0.0,1.0
Drug 967,1,1.3,1.325
Drug 969,1,0.0,1.0
Drug 970,1,0.0,1.0
Drug 972,1,0.0,1.0
Drug 974,0,0.0,1.0
Drug 975,1,0.0,1.0
Drug 976,0,0.0,1.0
Drug 977,1,0.0,1.0
Drug 978,0,0.0,1.0
Drug 979,1,0.0,1.0
Drug 980,1,0.0,1.0
Drug 982,1,0.0,1.0
Drug 983,0,0.0,1.0
Drug 984,0,0.0,1.0
Drug 985,0,0.0,1.0
Drug 986,1,0.0,1.0
Drug 987,0,0.0,1.0
Drug 988,1,0.0,1.0
Drug 989,1,0.0,1.0
Drug 990,1,0.0,1.0
Drug 991,1,2.4,1.6
Drug 993,0,1.1,1.275
Drug 995,1,0.0,1.0
Drug 997,0,0.0,1.0
Drug 998,1,0.0,1.0
Drug 999,1,0.0,1.0
Drug 1000,0,0.0,1.0
Drug 1001,1,0.0,1.0
Drug 1002,1,1.1,1.275
Drug 1003,1,0.0,1.0
Drug 1004,0,0.0,1.0
Drug 1005,1,0.0,1.0
Drug 1008,0,0.0,1.0
Drug 1010,1,0.0,1.0
Drug 1011,0,0.0,1.0
Drug 1012,1,0.0,1.0
Drug 1013,0,0.0,1.0
Drug 1014,1,0.0,1.0
Drug 1015,1,0.0,1.0
Drug 1016,0,0.0,1.0
Drug 1017,1,1.1,1.275
Drug 1018,1,0.0,1.0
Drug 1019,0,0.0,1.0
Drug 1020,0,0.0,1.0
Drug 1021,1,0.0,1.0
Drug 1022,0,0.0,1.0
Drug 1023,1,0.0,1.0
Drug 1024,1,0.0,1.0
Drug 1025,0,0.0,1.0
Drug 1027,1,0.9,1.225
Drug 1028,1,0.0,1.0
Drug 1029,0,1.1,1.275
Drug 1030,1,0.0,1.0
Drug 1031,1,0.0,1.0
Drug 1032,0,0.0,1.0
Drug 1033,1,0.0,1.0
Drug 1034,0,0.0,1.0
Drug 1035,1,0.0,1.0
Drug 1036,0,1.1,1.275
Drug 1037,0,0.0,1.0
Drug 1038,0,0.0,1.0
Drug 1039,1,0.0,1.0
Drug 1040,0,0.0,1.0
Drug 1041,0,0.0,1.0
Drug 1043,1,0.0,1.0
Drug 1044,0,0.0,1.0
Drug 1045,0,0.0,1.0
Drug 1046,1,1.1,1.275
Drug 1048,1,0.0,1.0
Drug 1052,0,0.0,1.0
Drug 1054,1,0.0,1.0
Drug 1055,1,0.0,1.0
Drug 1058,1,0.0,1.0
Drug 1059,1,0.0,1.0
Drug 1061,0,0.0,1.0
Drug 1062,0,0.0,1.0
Drug 1063,1,0.0,1.0
Drug 1064,0,0.0,1.0
Drug 1067,0,0.0,1.0
Drug 1068,0,1.1,1.275
Drug 1069,1,0.0,1.0
Drug 1070,1,0.0,1.0
Drug 1071,1,0.0,1.0
Drug 1072,1,0.0,1.0
Drug 1073,0,0.0,1.0
Drug 1074,1,0.0,1.0
Drug 1075,0,0.0,1.0
Drug 1077,0,0.0,1.0
Drug 1078,1,0.0,1.0
Drug 1079,1,0.0,1.0
Drug 1080,1,0.0,1.0
Drug 1081,1,0.0,1.0
Drug 1082,0,0.0,1.0
Drug 1083,0,0.0,1.0
Drug 1085,1,0.0,1.0
Drug 1086,0,0.0,1.0
Drug 1087,1,0.0,1.0
Drug 1088,0,0.0,1.0
Drug 1089,0,0.0,1.0
Drug 1090,1,0.0,1.0
Drug 1091,1,0.0,1.0
Drug 1092,1,0.0,1.0
Drug 1093,1,1.1,1.275
Drug 1094,1,0.0,1.0
Drug 1095,1,0.0,1.0
Drug 1096,1,0.0,1.0
Drug 1097,0,0.0,1.0
Drug 1098,1,0.0,1.0
Drug 1100,1,0.0,1.0
Drug 1101,1,0.0,1.0
Drug 1102,0,0.0,1.0
Drug 1103,0,0.0,1.0
Drug 1104,1,0.0,1.0
Drug 1105,0,0.0,1.0
Drug 1106,0,0.0,1.0
Drug 1107,0,0.0,1.0
Drug 1108,1,0.0,1.0
Drug 1109,1,0.0,1.0
Drug 1110,0,0.0,1.0
Drug 1111,1,0.0,1.0
Drug 1112,0,0.0,1.0
Drug 1113,0,0.0,1.0
Drug 1114,1,0.0,1.0
Drug 1115,1,0.0,1.0
Drug 1116,1,0.0,1.0
Drug 1117,0,0.0,1.0
Drug 1118,1,0.0,1.0
Drug 1119,0,0.0,1.0
Drug 1120,1,0.0,1.0
Drug 1121,1,0.0,1.0
Drug 1122,1,0.0,1.0
Drug 1123,1,0.0,1.0
Drug 1124,1,0.0,1.0
Drug 1126,0,0.0,1.0
Drug 1127,1,1.1,1.275
Drug 1129,1,1.1,1.275
Drug 1130,0,0.0,1.0
Drug 1131,0,0.0,1.0
Drug 1135,1,0.0,1.0
Drug 1136,0,1.1,1.275
Drug 1137,0,0.0,1.0
Drug 1138,1,1.1,1.275
Drug 1139,1,0.0,1.0
Drug 1140,1,0.0,1.0
Drug 1141,0,1.1,1.275
Drug 1142,1,0.0,1.0
Drug 1143,1,0.0,1.0
Drug 1144,0,0.0,1.0
Drug 1145,1,0.0,1.0
Drug 1146,1,1.3,1.325
Drug 1147,1,0.0,1.0
Drug 1148,0,0.0,1.0
Drug 1149,1,0.0,1.0
Drug 1150,0,0.0,1.0
Drug 1151,1,0.0,1.0
Drug 1152,0,0.0,1.0
Drug 1153,1,0.0,1.0
Drug 1156,1,0.0,1.0
Drug 1157,0,0.0,1.0
Drug 1159,1,0.0,1.0
Drug 1160,1,0.0,1.0
Drug 1161,1,0.0,1.0
Drug 1162,0,0.0,1.0
Drug 1163,1,0.0,1.0
Drug 1164,1,0.0,1.0
Drug 1166,1,0.0,1.0
Drug 1168,0,0.0,1.0
Drug 1170,1,1.1,1.275
Drug 1172,0,0.0,1.0
Drug 1174,1,0.0,1.0
Drug 1175,1,0.0,1.0
Drug 1176,1,0.0,1.0
Drug 1179,0,0.0,1.0
Drug 1180,1,2.4,1.6
Drug 1181,0,0.0,1.0
Drug 1182,0,0.0,1.0
Drug 1184,0,0.0,1.0
Drug 1186,0,0.0,1.0
Drug 1188,0,0.0,1.0
Drug 1189,0,0.0,1.0
Drug 1190,1,0.0,1.0
Drug 1191,0,0.0,1.0
Drug 1192,1,2.4,1.6
Drug 1193,0,0.0,1.0
Drug 1195,1,0.0,1.0
Drug 1196,1,0.0,1.0
Drug 1197,0,0.0,1.0
Drug 1199,1,1.1,1.275
Drug 1201,0,0.0,1.0
Drug 1202,0,0.0,1.0
Drug 1203,1,2.4,1.6
Drug 1204,0,0.0,1.0
Drug 1205,1,0.0,1.0
Drug 1206,1,0.0,1.0
Drug 1208,1,0.0,1.0
Drug 1209,0,1.1,1.275
Drug 1210,0,0.0,1.0
Drug 1212,0,0.0,1.0
Drug 1213,1,0.0,1.0
Drug 1214,1,0.0,1.0
Drug 1215,0,0.0,1.0
Drug 1216,1,0.0,1.0
Drug 1217,1,0.0,1.0
Drug 1218,1,0.0,1.0
Drug 1220,1,0.0,1.0
Drug 1221,1,0.0,1.0
Drug 1222,1,1.1,1.275
Drug 1223,0,0.0,1.0
Drug 1230,0,0.0,1.0
Drug 1231,0,0.0,1.0
Drug 1232,1,0.0,1.0
Drug 1234,0,0.0,1.0
Drug 1235,0,0.0,1.0
Drug 1237,1,0.0,1.0
Drug 1238,0,0.0,1.0
Drug 1239,0,0.0,1.0
Drug 1241,1,0.0,1.0
Drug 1242,0,0.0,1.0
Drug 1244,0,0.0,1.0
Drug 1245,1,0.0,1.0
Drug 1246,1,0.0,1.0
Drug 1248,1,1.1,1.275
Drug 1249,1,2.4,1.6
Drug 1250,1,0.0,1.0
Drug 1252,1,0.0,1.0
Drug 1253,1,0.0,1.0
Drug 1256,0,0.0,1.0
Drug 1257,1,0.0,1.0
Drug 1259,1,0.0,1.0
Drug 1260,1,0.0,1.0
Drug 1262,1,0.0,1.0
Drug 1263,1,0.0,1.0
Drug 1266,1,0.0,1.0
Drug 1267,0,0.0,1.0
Drug 1268,0,0.0,1.0
Drug 1269,0,0.0,1.0
Drug 1270,0,0.0,1.0
Drug 1271,1,0.0,1.0
Drug 1272,1,1.3,1.325
Drug 1273,1,0.0,1.0
Drug 1276,1,0.0,1.0
Drug 1277,0,0.0,1.0
Drug 1279,1,0.0,1.0
Drug 1281,0,0.0,1.0
Drug 1282,0,0.0,1.0
Drug 1283,1,0.0,1.0
Drug 1284,1,0.0,1.0
Drug 1286,0,0.0,1.0
Drug 1287,1,0.0,1.0
Drug 1288,1,0.0,1.0
Drug 1289,0,0.0,1.0
Drug 1291,0,0.0,1.0
Drug 1293,0,0.0,1.0
Drug 1294,0,0.0,1.0
Drug 1295,0,0.0,1.0
Drug 1297,1,0.0,1.0
Drug 1299,0,0.0,1.0
Drug 1300,1,0.0,1.0
Drug 1301,0,0.0,1.0
Drug 1302,0,0.0,1.0
Drug 1303,1,0.0,1.0
Drug 1304,0,0.0,1.0
Drug 1305,0,0.0,1.0
Drug 1306,1,0.0,1.0
Drug 1307,1,0.0,1.0
Drug 1308,0,0.0,1.0
Drug 1309,1,2.4,1.6
Drug 1310,1,0.0,1.0
Drug 1311,0,0.0,1.0
Drug 1312,1,0.0,1.0
Drug 1313,1,0.0,1.0
Drug 1316,0,0.0,1.0
Drug 1317,1,1.1,1.275
Drug 1318,1,0.0,1.0
Drug 1319,0,0.0,1.0
Drug 1322,1,0.0,1.0
Drug 1323,0,0.0,1.0
Drug 1324,1,0.0,1.0
Drug 1327,0,0.0,1.0
Drug 1328,1,0.0,1.0
Drug 1329,0,0.0,1.0
Drug 1330,0,0.0,1.0
Drug 1331,0,0.0,1.0
Drug 1332,1,0.0,1.0
Drug 1333,1,0.0,1.0
Drug 1334,0,0.0,1.0
Drug 1337,0,0.0,1.0
Drug 1338,1,0.0,1.0
Drug 1339,1,0.0,1.0
Drug 1340,1,0.0,1.0
Drug 1341,0,0.0,1.0
Drug 1343,1,0.0,1.0
Drug 1344,1,0.0,1.0
Drug 1346,0,0.0,1.0
Drug 1347,0,0.0,1.0
Drug 1348,1,0.0,1.0
Drug 1349,0,0.0,1.0
Drug 1350,1,0.0,1.0
Drug 1351,0,0.0,1.0
Drug 1352,1,2.4,1.6
Drug 1353,0,0.0,1.0
Drug 1354,0,0.0,1.0
Drug 1355,1,0.0,1.0
Drug 1356,0,0.0,1.0
Drug 1357,1,0.0,1.0
Drug 1358,1,0.0,1.0
Drug 1361,0,0.0,1.0
Drug 1362,1,0.0,1.0
Drug 1365,0,1.1,1.275
Drug 1367,1,0.0,1.0
Drug 1368,1,0.0,1.0
Drug 1369,1,0.0,1.0
Drug 1370,1,0.0,1.0
Drug 1371,0,0.0,1.0
Drug 1373,1,1.1,1.275
Drug 1374,0,0.0,1.0
Drug 1375,0,0.0,1.0
Drug 1376,1,0.0,1.0
Drug 1377,1,0.0,1.0
Drug 1378,0,0.0,1.0
Drug 1379,1,0.0,1.0
Drug 1380,1,0.0,1.0
Drug 1381,1,1.3,1.325
Drug 1383,1,0.0,1.0
Drug 1384,1,0.0,1.0
Drug 1385,1,0.0,1.0
Drug 1386,1,1.3,1.325
Drug 1387,0,0.0,1.0
Drug 1388,1,0.0,1.0
Drug 1389,0,0.0,1.0
Drug 1392,0,0.0,1.0
Drug 1393,1,0.0,1.0
Drug 1394,0,0.0,1.0
Drug 1395,0,0.0,1.0
Drug 1396,1,0.0,1.0
Drug 1397,0,0.0,1.0
Drug 1400,1,0.0,1.0
Drug 1402,0,0.0,1.0
Drug 1403,1,0.0,1.0
Drug 1404,0,0.0,1.0
Drug 1405,1,0.0,1.0
Drug 1406,1,0.0,1.0
Drug 1407,1,0.0,1.0
Drug 1408,0,0.0,1.0
Drug 1409,1,0.0,1.0
Drug 1410,0,0.0,1.0
Drug 1411,1,1.3,1.325
Drug 1412,1,0.0,1.0
Drug 1413,1,0.0,1.0
Drug 1414,1,0.0,1.0
Drug 1416,0,0.0,1.0
Drug 1417,1,0.0,1.0
Drug 1418,1,0.0,1.0
Drug 1419,1,0.0,1.0
Drug 1420,0,0.0,1.0
Drug 1423,1,0.0,1.0
Drug 1427,1,1.1,1.275
Drug 1428,1,0.0,1.0
Drug 1429,1,1.1,1.275
Drug 1430,0,0.0,1.0
Drug 1431,0,0.0,1.0
Drug 1432,1,0.0,1.0
Drug 1434,0,0.0,1.0
Drug 1435,0,0.0,1.0
Drug 1436,0,0.0,1.0
Drug 1438,1,0.0,1.0
Drug 1439,1,0.0,1.0
Drug 1440,1,0.0,1.0
Drug 1441,0,0.0,1.0
Drug 1442,0,0.0,1.0
Drug 1443,1,0.0,1.0
Drug 1444,0,0.0,1.0
Drug 1446,1,0.0,1.0
Drug 1447,0,1.1,1.275
Drug 1448,0,0.0,1.0
Drug 1449,1,0.0,1.0
Drug 1452,1,0.0,1.0
Drug 1456,1,0.0,1.0
Drug 1457,1,0.0,1.0
Drug 1458,0,0.0,1.0
Drug 1460,1,0.0,1.0
Drug 1461,1,0.0,1.0
Drug 1462,1,0.0,1.0
Drug 1463,0,0.0,1.0
Drug 1464,1,0.0,1.0
Drug 1465,0,0.0,1.0
Drug 1466,1,0.0,1.0
Drug 1467,1,0.0,1.0
Drug 1468,1,0.0,1.0
Drug 1469,0,0.0,1.0
Drug 1470,0,0.0,1.0
Drug 1471,0,0.0,1.0
Drug 1472,0,0.0,1.0
Drug 1473,0,0.0,1.0
Drug 1475,1,0.0,1.0
Drug 1476,1,0.9,1.225
Drug 1477,0,0.0,1.0
Drug 1478,0,0.0,1.0
Drug 1480,0,0.0,1.0
Drug 1482,1,0.0,1.0
Drug 1485,1,0.0,1.0
Drug 1486,0,0.0,1.0
Drug 1487,0,0.0,1.0
Drug 1488,1,0.0,1.0
Drug 1489,1,0.0,1.0
Drug 1491,0,0.0,1.0
Drug 1492,0,0.0,1.0
Drug 1493,0,0.0,1.0
Drug 1494,1,0.0,1.0
Drug 1495,1,0.0,1.0
Drug 1496,1,0.0,1.0
Drug 1497,0,0.0,1.0
Drug 1498,1,1.1,1.275
Drug 1501,0,0.0,1.0
Drug 1502,1,0.0,1.0
Drug 1505,1,0.0,1.0
Drug 1506,1,0.0,1.0
Drug 1507,1,0.0,1.0
Drug 1508,0,0.0,1.0
Drug 1509,0,0.0,1.0
Drug 1510,0,0.0,1.0
Drug 1511,1,1.3,1.325
Drug 1512,1,0.0,1.0
Drug 1513,1,0.0,1.0
Drug 1515,1,1.1,1.275
Drug 1516,1,0.0,1.0
Drug 1518,1,0.0,1.0
Drug 1519,1,1.3,1.325
Drug 1520,1,0.0,1.0
Drug 1521,0,0.0,1.0
Drug 1522,0,2.4,1.6
Drug 1525,0,0.0,1.0
Drug 1526,0,0.0,1.0
Drug 1527,0,0.0,1.0
Drug 1528,1,0.0,1.0
Drug 1529,0,0.0,1.0
Drug 1530,0,0.0,1.0
Drug 1531,0,0.0,1.0
Drug 1532,1,0.0,1.0
Drug 1533,0,0.0,1.0
Drug 1534,1,0.0,1.0
Drug 1535,1,2.4,1.6
Drug 1536,1,0.0,1.0
Drug 1537,1,1.3,1.325
Drug 1538,1,0.0,1.0
Drug 1539,1,0.0,1.0
Drug 1540,1,0.0,1.0
Drug 1541,1,0.0,1.0
Drug 1542,0,0.0,1.0
Drug 1543,1,1.3,1.325
Drug 1544,1,0.0,1.0
Drug 1545,1,0.0,1.0
Drug 1546,0,0.0,1.0
Drug 1547,1,0.0,1.0
Drug 1548,1,0.0,1.0
Drug 1549,0,0.0,1.0
Drug 1551,1,0.0,1.0
Drug 1552,1,0.0,1.0
Drug 1553,0,0.0,1.0
Drug 1555,1,0.0,1.0
Drug 1557,1,0.0,1.0
Drug 1558,1,0.0,1.0
Drug 1559,0,0.0,1.0
Drug 1561,1,0.0,1.0
Drug 1562,0,0.0,1.0
Drug 1563,1,0.0,1.0
Drug 1564,1,0.0,1.0
Drug 1566,0,0.0,1.0
Drug 1567,1,0.0,1.0
Drug 1570,1,0.0,1.0
Drug 1571,1,1.1,1.275
Drug 1572,0,0.0,1.0
Drug 1573,1,0.0,1.0
Drug 1574,1,0.0,1.0
Drug 1575,0,0.0,1.0
Drug 1576,1,0.0,1.0
Drug 1577,1,0.0,1.0
Drug 1579,1,1.3,1.325
Drug 1580,1,0.0,1.0
Drug 1582,1,0.0,1.0
Drug 1583,0,0.0,1.0
Drug 1584,1,0.0,1.0
Drug 1585,0,0.0,1.0
Drug 1586,1,0.0,1.0
Drug 1587,0,0.0,1.0
Drug 1588,0,0.0,1.0
Drug 1589,1,0.9,1.225
Drug 1590,1,0.0,1.0
Drug 1591,1,0.0,1.0
Drug 1593,1,0.0,1.0
Drug 1594,1,0.0,1.0
Drug 1596,1,0.0,1.0
Drug 1597,1,0.0,1.0
Drug 1598,1,0.0,1.0
Drug 1599,0,0.0,1.0
Drug 1600,1,0.0,1.0
Drug 1601,1,0.0,1.0
Drug 1603,1,0.0,1.0
Drug 1604,0,0.0,1.0
Drug 1605,1,0.0,1.0
Drug 1607,1,0.0,1.0
Drug 1608,1,0.0,1.0
Drug 1610,1,1.3,1.325
Drug 1611,0,0.0,1.0
Drug 1612,0,0.0,1.0
Drug 1613,0,0.0,1.0
Drug 1614,0,0.0,1.0
Drug 1615,0,0.0,1.0
Drug 1617,0,0.0,1.0
Drug 1618,1,1.1,1.275
Drug 1619,1,0.0,1.0
Drug 1620,1,0.0,1.0
Drug 1621,0,0.0,1.0
Drug 1622,0,0.0,1.0
Drug 1623,0,0.0,1.0
Drug 1624,1,0.0,1.0
Drug 1625,1,0.0,1.0
Drug 1626,1,0.0,1.0
Drug 1627,0,0.0,1.0
Drug 1628,1,0.0,1.0
Drug 1629,1,0.0,1.0
Drug 1630,1,0.0,1.0
Drug 1631,1,0.0,1.0
Drug 1632,0,0.0,1.0
Drug 1633,1,0.0,1.0
Drug 1634,0,0.0,1.0
Drug 1635,1,0.0,1.0
Drug 1636,1,0.0,1.0
Drug 1637,1,0.0,1.0
Drug 1638,1,0.0,1.0
Drug 1639,1,0.0,1.0
Drug 1640,1,0.0,1.0
Drug 1642,0,0.0,1.0
Drug 1643,0,0.0,1.0
Drug 1645,0,0.0,1.0
Drug 1646,1,0.0,1.0
Drug 1647,0,0.0,1.0
Drug 1648,0,0.0,1.0
Drug 1649,0,0.0,1.0
Drug 1650,0,0.0,1.0
Drug 1652,1,2.4,1.6
Drug 1653,1,0.0,1.0
Drug 1654,0,0.0,1.0
Drug 1656,1,1.1,1.275
Drug 1657,1,0.0,1.0
Drug 1659,1,2.4,1.6
Drug 1661,0,0.0,1.0
Drug 1662,0,0.0,1.0
Drug 1663,1,0.0,1.0
Drug 1664,1,0.0,1.0
Drug 1665,1,1.1,1.275
Drug 1666,1,0.0,1.0
Drug 1667,1,0.0,1.0
Drug 1668,1,0.0,1.0
Drug 1669,0,0.0,1.0
Drug 1670,0,0.0,1.0
Drug 1671,0,0.0,1.0
Drug 1672,0,0.0,1.0
Drug 1673,1,0.0,1.0
Drug 1674,0,0.0,1.0
Drug 1676,1,0.0,1.0
Drug 1677,0,0.0,1.0
Drug 1678,0,0.0,1.0
Drug 1679,1,0.0,1.0
Drug 1681,0,0.0,1.0
Drug 1682,0,0.0,1.0
Drug 1683,0,0.0,1.0
Drug 1684,1,2.4,1.6
Drug 1686,1,0.0,1.0
Drug 1687,1,0.0,1.0
Drug 1688,1,0.0,1.0
Drug 1689,1,0.0,1.0
Drug 1691,0,0.0,1.0
Drug 1693,1,0.0,1.0
Drug 1694,1,0.0,1.0
Drug 1695,1,1.1,1.275
Drug 1696,1,0.9,1.225
Drug 1697,1,0.0,1.0
Drug 1698,0,0.0,1.0
Drug 1699,1,0.0,1.0
Drug 1701,1,0.0,1.0
Drug 1702,0,0.0,1.0
Drug 1703,1,0.0,1.0
Drug 1704,1,0.0,1.0
Drug 1705,0,1.1,1.275
Drug 1707,1,0.0,1.0
Drug 1708,0,0.0,1.0
Drug 1709,1,0.0,1.0
Drug 1710,0,0.0,1.0
Drug 1711,0,0.0,1.0
Drug 1713,1,0.0,1.0
Drug 1714,0,0.0,1.0
Drug 1715,1,0.0,1.0
Drug 1716,1,0.0,1.0
Drug 1717,0,0.0,1.0
Drug 1719,1,0.0,1.0
Drug 1720,1,0.0,1.0
Drug 1721,0,0.0,1.0
Drug 1722,0,0.0,1.0
Drug 1723,0,0.0,1.0
Drug 1724,1,1.3,1.325
Drug 1727,1,0.0,1.0
Drug 1728,0,0.0,1.0
Drug 1729,1,0.0,1.0
Drug 1731,0,0.0,1.0
Drug 1732,1,0.0,1.0
Drug 1735,1,0.0,1.0
Drug 1736,1,0.0,1.0
Drug 1737,1,1.3,1.325
Drug 1738,1,1.3,1.325
Drug 1740,0,0.0,1.0
Drug 1741,0,0.0,1.0
Drug 1743,1,1.3,1.325
Drug 1746,0,0.0,1.0
Drug 1748,0,0.0,1.0
Drug 1749,1,0.0,1.0
Drug 1750,1,0.0,1.0
Drug 1751,1,0.0,1.0
Drug 1752,1,0.0,1.0
Drug 1753,1,0.0,1.0
Drug 1754,1,0.0,1.0
Drug 1756,0,0.0,1.0
Drug 1760,1,0.0,1.0
Drug 1761,1,0.0,1.0
Drug 1762,0,0.0,1.0
Drug 1763,1,0.0,1.0
Drug 1764,1,0.0,1.0
Drug 1765,1,0.0,1.0
Drug 1766,0,0.0,1.0
Drug 1767,1,0.0,1.0
Drug 1768,0,0.0,1.0
Drug 1769,1,0.0,1.0
Drug 1770,0,0.0,1.0
Drug 1771,0,0.0,1.0
Drug 1772,0,0.0,1.0
Drug 1773,1,0.0,1.0
Drug 1774,1,0.0,1.0
Drug 1775,1,0.0,1.0
Drug 1778,0,0.0,1.0
Drug 1779,1,0.0,1.0
Drug 1780,0,0.0,1.0
Drug 1781,1,0.0,1.0
Drug 1782,1,0.0,1.0
Drug 1783,1,1.1,1.275
Drug 1784,1,0.0,1.0
Drug 1788,0,0.0,1.0
Drug 1789,1,0.0,1.0
Drug 1790,1,0.0,1.0
Drug 1791,0,0.0,1.0
Drug 1792,1,0.0,1.0
Drug 1793,1,0.0,1.0
Drug 1794,1,0.0,1.0
Drug 1795,0,0.0,1.0
Drug 1797,0,0.0,1.0
Drug 1798,0,0.0,1.0
Drug 1799,0,0.0,1.0
Drug 1800,1,0.0,1.0
Drug 1801,0,0.0,1.0
Drug 1803,1,2.4,1.6
Drug 1804,1,0.0,1.0
Drug 1805,1,1.1,1.275
Drug 1807,1,0.0,1.0
Drug 1808,1,1.3,1.325
Drug 1809,1,0.0,1.0
Drug 1811,0,0.0,1.0
Drug 1813,0,0.0,1.0
Drug 1814,0,0.0,1.0
Drug 1815,0,0.0,1.0
Drug 1816,0,0.0,1.0
Drug 1817,1,0.0,1.0
Drug 1820,1,0.0,1.0
Drug 1821,0,0.0,1.0
Drug 1822,1,0.0,1.0
Drug 1823,1,0.0,1.0
Drug 1824,0,0.0,1.0
Drug 1825,1,0.0,1.0
Drug 1826,0,0.0,1.0
Drug 1828,1,0.0,1.0
Drug 1829,1,0.0,1.0
Drug 1830,1,0.0,1.0
Drug 1831,1,0.0,1.0
Drug 1832,1,0.0,1.0
Drug 1833,0,0.0,1.0
Drug 1835,1,0.0,1.0
Drug 1836,0,0.0,1.0
Drug 1837,1,0.0,1.0
Drug 1838,1,2.2,1.55
Drug 1839,0,0.0,1.0
Drug 1841,0,0.0,1.0
Drug 1843,1,0.0,1.0
Drug 1846,0,0.0,1.0
Drug 1847,1,0.0,1.0
Drug 1848,0,0.0,1.0
Drug 1850,1,0.0,1.0
Drug 1851,0,0.0,1.0
Drug 1852,0,0.0,1.0
Drug 1853,0,0.0,1.0
Drug 1854,1,0.0,1.0
Drug 1855,1,0.0,1.0
Drug 1856,0,0.0,1.0
Drug 1858,1,0.0,1.0
Drug 1860,0,0.0,1.0
Drug 1861,0,0.0,1.0
Drug 1862,0,0.0,1.0
Drug 1864,0,0.0,1.0
Drug 1866,1,0.0,1.0
Drug 1867,1,2.4,1.6
Drug 1868,1,0.0,1.0
Drug 1869,0,0.0,1.0
Drug 1870,1,0.0,1.0
Drug 1871,0,0.0,1.0
Drug 1872,0,0.0,1.0
Drug 1875,1,0.0,1.0
Drug 1876,0,0.0,1.0
Drug 1877,0,0.0,1.0
Drug 1879,0,0.0,1.0
Drug 1880,0,0.0,1.0
Drug 1881,0,0.0,1.0
Drug 1882,0,0.0,1.0
Drug 1883,0,0.0,1.0
Drug 1884,1,0.0,1.0
Drug 1888,0,0.0,1.0
Drug 1889,1,0.0,1.0
Drug 1891,1,0.0,1.0
Drug 1892,1,0.0,1.0
Drug 1893,0,0.0,1.0
Drug 1894,0,0.0,1.0
Drug 1896,1,0.0,1.0
Drug 1897,0,0.0,1.0
Drug 1898,1,0.0,1.0
Drug 1900,1,0.0,1.0
Drug 1901,1,0.0,1.0
Drug 1904,0,0.0,1.0
Drug 1905,0,0.0,1.0
Drug 1907,0,0.0,1.0
Drug 1908,1,0.0,1.0
Drug 1911,1,0.0,1.0
Drug 1912,1,0.0,1.0
Drug 1915,1,0.0,1.0
Drug 1916,0,0.0,1.0
Drug 1917,0,0.0,1.0
Drug 1918,1,0.0,1.0
Drug 1919,1,0.9,1.225
Drug 1920,1,0.0,1.0
Drug 1921,0,0.0,1.0
Drug 1922,0,0.0,1.0
Drug 1923,0,0.0,1.0
Drug 1924,0,0.0,1.0
Drug 1925,0,0.0,1.0
Drug 1926,0,0.0,1.0
Drug 1927,1,0.0,1.0
Drug 1928,1,0.0,1.0
Drug 1929,0,0.0,1.0
Drug 1930,1,0.0,1.0
Drug 1931,1,0.0,1.0
Drug 1933,0,0.0,1.0
Drug 1934,0,0.0,1.0
Drug 1935,0,0.0,1.0
Drug 1936,0,0.0,1.0
Drug 1938,1,0.9,1.225
Drug 1940,0,0.0,1.0
Drug 1941,1,0.0,1.0
Drug 1942,1,0.0,1.0
Drug 1943,0,0.0,1.0
Drug 1944,0,0.0,1.0
Drug 1945,1,0.0,1.0
Drug 1946,0,0.0,1.0
Drug 1947,0,0.0,1.0
Drug 1948,0,1.1,1.275
Drug 1949,0,0.0,1.0
Drug 1951,1,0.0,1.0
Drug 1953,0,0.0,1.0
Drug 1954,1,0.0,1.0
Drug 1955,1,2.4,1.6
Drug 1959,1,0.0,1.0
Drug 1960,0,0.0,1.0
Drug 1962,0,0.0,1.0
Drug 1963,1,1.1,1.275
Drug 1964,1,0.0,1.0
Drug 1965,1,0.0,1.0
Drug 1966,1,0.0,1.0
Drug 1967,0,0.0,1.0
Drug 1968,0,0.0,1.0
Drug 1969,1,0.0,1.0
Drug 1970,0,0.0,1.0
Drug 1971,1,0.0,1.0
Drug 1972,1,0.0,1.0
Drug 1973,0,0.0,1.0
Drug 1974,0,0.0,1.0
Drug 1975,1,0.0,1.0
Drug 1976,0,0.0,1.0
Drug 1977,1,0.0,1.0
Drug 1978,1,0.0,1.0
Drug 1979,1,0.0,1.0
Drug 1980,1,0.0,1.0
Drug 1982,0,0.0,1.0
Drug 1983,1,0.0,1.0
Drug 1984,1,0.0,1.0
Drug 1985,1,0.0,1.0
Drug 1986,1,0.0,1.0
Drug 1987,1,0.0,1.0
Drug 1989,1,0.0,1.0
Drug 1990,1,0.0,1.0
Drug 1991,1,0.0,1.0
Drug 1992,1,1.1,1.275
Drug 1993,1,0.0,1.0
Drug 1994,1,1.1,1.275
Drug 1995,0,0.0,1.0
Drug 1996,0,0.0,1.0
Drug 1997,1,0.0,1.0
Drug 1998,0,0.0,1.0
Drug 1999,1,0.0,1.0
Drug 2000,1,1.1,1.275
Drug 2001,1,1.1,1.275
Drug 2002,1,2.4,1.6
Drug 2003,0,0.0,1.0
Drug 2004,0,0.0,1.0
Drug 2005,0,0.0,1.0
Drug 2006,1,0.0,1.0
Drug 2007,1,1.1,1.275
Drug 2008,1,0.0,1.0
Drug 2009,0,0.0,1.0
Drug 2010,0,0.0,1.0
Drug 2011,0,0.0,1.0
Drug 2012,1,0.0,1.0
Drug 2014,0,0.0,1.0
Drug 2015,1,0.0,1.0
Drug 2016,1,0.0,1.0
Drug 2017,1,0.0,1.0
Drug 2020,1,0.0,1.0
Drug 2021,0,0.0,1.0
Drug 2024,0,0.9,1.225
Drug 2026,1,0.0,1.0
Drug 2027,1,1.1,1.275
Drug 2028,1,0.0,1.0
Drug 2029,0,0.0,1.0
Drug 2030,1,0.0,1.0
Drug 2031,1,0.0,1.0
Drug 2033,0,0.0,1.0
Drug 2034,1,0.0,1.0
Drug 2035,0,0.0,1.0
Drug 2036,1,1.1,1.275
Drug 2037,1,0.0,1.0
Drug 2038,0,0.0,1.0
Drug 2040,1,0.0,1.0
Drug 2041,1,0.0,1.0
Drug 2042,1,0.0,1.0
Drug 2043,1,0.0,1.0
Drug 2045,1,0.0,1.0
Drug 2046,1,0.0,1.0
Drug 2048,1,1.1,1.275
Drug 2049,1,1.1,1.275
Drug 2051,1,0.0,1.0
Drug 2052,1,1.1,1.275
Drug 2054,1,0.0,1.0
Drug 2055,0,0.0,1.0
Drug 2056,1,0.0,1.0
Drug 2057,0,0.0,1.0
Drug 2058,1,0.0,1.0
Drug 2059,0,1.1,1.275
Drug 2060,0,0.0,1.0
Drug 2061,1,0.0,1.0
Drug 2062,0,1.1,1.275
Drug 2063,0,0.0,1.0
Drug 2064,0,0.0,1.0
Drug 2065,1,0.0,1.0
Drug 2067,1,0.0,1.0
Drug 2074,1,0.0,1.0
Drug 2076,1,0.0,1.0
Drug 2077,0,0.0,1.0
Drug 2078,1,0.0,1.0
Drug 2079,1,0.0,1.0
Drug 2081,0,0.0,1.0
Drug 2082,1,0.0,1.0
Drug 2083,0,0.0,1.0
Drug 2085,0,0.0,1.0
Drug 2088,1,0.0,1.0
Drug 2089,0,0.0,1.0
Drug 2091,1,0.0,1.0
Drug 2092,0,0.0,1.0
Drug 2093,0,0.0,1.0
Drug 2094,0,0.0,1.0
Drug 2095,0,0.0,1.0
Drug 2096,0,0.0,1.0
Drug 2097,1,0.0,1.0
Drug 2098,1,0.0,1.0
Drug 2099,1,1.3,1.325
Drug 2100,0,2.4,1.6
Drug 2101,0,0.0,1.0
Drug 2102,1,0.0,1.0
Drug 2104,1,1.1,1.275
Drug 2105,1,0.0,1.0
Drug 2106,1,0.0,1.0
Drug 2107,0,0.0,1.0
Drug 2108,0,0.0,1.0
Drug 2109,1,0.0,1.0
Drug 2112,0,0.0,1.0
Drug 2113,1,0.0,1.0
Drug 2115,1,0.0,1.0
Drug 2116,1,0.0,1.0
Drug 2117,1,0.0,1.0
Drug 2118,0,0.0,1.0
Drug 2119,1,0.0,1.0
Drug 2120,1,0.0,1.0
Drug 2121,1,0.0,1.0
Drug 2123,1,0.0,1.0
Drug 2124,1,0.0,1.0
Drug 2125,1,0.0,1.0
Drug 2127,0,0.0,1.0
Drug 2128,1,0.0,1.0
Drug 2129,0,0.0,1.0
Drug 2130,1,0.0,1.0
Drug 2131,1,0.0,1.0
Drug 2132,0,0.0,1.0
Drug 2133,1,0.0,1.0
Drug 2136,0,1.1,1.275
Drug 2137,1,0.0,1.0
Drug 2141,1,0.0,1.0
Drug 2142,1,0.0,1.0
Drug 2143,1,0.0,1.0
Drug 2145,1,0.0,1.0
Drug 2146,0,0.0,1.0
Drug 2147,1,0.0,1.0
Drug 2148,1,0.0,1.0
Drug 2149,0,0.0,1.0
Drug 2152,1,0.0,1.0
Drug 2153,1,0.0,1.0
Drug 2154,0,0.0,1.0
Drug 2155,1,1.1,1.275
Drug 2156,1,0.0,1.0
Drug 2157,0,0.0,1.0
Drug 2159,1,0.0,1.0
Drug 2160,1,0.0,1.0
Drug 2161,0,0.0,1.0
Drug 2162,0,0.0,1.0
Drug 2163,1,0.0,1.0
Drug 2165,1,2.4,1.6
Drug 2166,1,0.0,1.0
Drug 2167,1,1.3,1.325
Drug 2169,0,0.0,1.0
Drug 2170,1,0.9,1.225
Drug 2171,0,0.0,1.0
Drug 2172,1,0.0,1.0
Drug 2173,1,0.0,1.0
Drug 2174,1,0.0,1.0
Drug 2176,0,0.0,1.0
Drug 2177,0,0.0,1.0
Drug 2178,0,0.0,1.0
Drug 2180,1,0.0,1.0
Drug 2182,1,1.1,1.275
Drug 2183,1,0.0,1.0
Drug 2184,0,0.0,1.0
Drug 2185,1,0.0,1.0
Drug 2186,1,0.0,1.0
Drug 2187,1,0.0,1.0
Drug 2188,0,0.0,1.0
Drug 2189,1,0.0,1.0
Drug 2190,1,0.0,1.0
Drug 2191,1,0.9,1.225
Drug 2193,1,0.0,1.0
Drug 2194,0,0.0,1.0
Drug 2195,1,0.0,1.0
Drug 2196,1,0.0,1.0
Drug 2197,1,2.4,1.6
Drug 2198,0,0.0,1.0
Drug 2201,1,1.3,1.325
Drug 2202,1,2.4,1.6
Drug 2203,0,0.0,1.0
Drug 2204,0,0.0,1.0
Drug 2205,1,2.4,1.6
Drug 2206,1,0.0,1.0
Drug 2207,0,0.0,1.0
Drug 2210,1,0.0,1.0
Drug 2211,1,1.1,1.275
Drug 2212,0,0.0,1.0
Drug 2215,0,0.0,1.0
Drug 2216,0,0.0,1.0
Drug 2217,1,0.0,1.0
Drug 2219,0,0.0,1.0
Drug 2220,1,0.0,1.0
Drug 2222,0,0.0,1.0
Drug 2224,1,0.0,1.0
Drug 2225,0,0.0,1.0
Drug 2226,1,1.1,1.275
Drug 2227,1,0.0,1.0
Drug 2229,0,0.0,1.0
Drug 2230,0,0.0,1.0
Drug 2231,0,0.0,1.0
Drug 2233,1,1.1,1.275
Drug 2235,1,0.0,1.0
Drug 2236,0,0.0,1.0
Drug 2237,0,1.1,1.275
Drug 2238,1,0.0,1.0
Drug 2239,0,1.1,1.275
Drug 2241,0,0.0,1.0
Drug 2242,1,0.0,1.0
Drug 2243,1,0.0,1.0
Drug 2244,1,0.0,1.0
Drug 2246,1,0.0,1.0
Drug 2247,1,0.0,1.0
Drug 2248,1,0.0,1.0
Drug 2249,1,0.0,1.0
Drug 2251,1,2.4,1.6
Drug 2252,0,0.0,1.0
Drug 2253,0,0.0,1.0
Drug 2254,1,1.1,1.275
Drug 2255,1,0.0,1.0
Drug 2256,0,0.0,1.0
Drug 2257,1,0.0,1.0
Drug 2258,0,0.0,1.0
Drug 2259,1,0.0,1.0
Drug 2260,1,0.0,1.0
Drug 2261,1,0.0,1.0
Drug 2262,0,0.0,1.0
Drug 2263,1,0.0,1.0
Drug 2266,1,1.1,1.275
Drug 2267,0,0.0,1.0
Drug 2268,0,0.0,1.0
Drug 2269,1,0.0,1.0
Drug 2270,0,0.0,1.0
Drug 2271,1,0.0,1.0
Drug 2272,0,0.0,1.0
Drug 2274,0,0.0,1.0
Drug 2275,0,0.0,1.0
Drug 2276,0,0.0,1.0
Drug 2277,0,0.0,1.0
Drug 2278,1,0.0,1.0
Drug 2279,0,0.0,1.0
Drug 2280,0,0.0,1.0
Drug 2281,0,0.0,1.0
Drug 2282,1,0.0,1.0
Drug 2283,1,0.0,1.0
Drug 2284,1,1.1,1.275
Drug 2285,1,0.0,1.0
Drug 2286,0,0.0,1.0
Drug 2288,1,0.9,1.225
Drug 2289,1,0.0,1.0
Drug 2290,1,0.0,1.0
Drug 2292,0,0.0,1.0
Drug 2293,0,0.0,1.0
Drug 2294,1,0.0,1.0
Drug 2296,0,0.0,1.0
Drug 2297,1,0.0,1.0
Drug 2300,0,0.0,1.0
Drug 2301,1,0.0,1.0
Drug 2302,1,1.3,1.325
Drug 2303,1,0.0,1.0
Drug 2304,1,0.0,1.0
Drug 2305,1,0.0,1.0
Drug 2306,0,0.0,1.0
Drug 2307,1,0.0,1.0
Drug 2310,0,0.9,1.225
Drug 2311,1,0.0,1.0
Drug 2312,0,0.0,1.0
Drug 2315,0,0.0,1.0
Drug 2316,1,2.4,1.6
Drug 2317,1,0.0,1.0
Drug 2318,1,0.0,1.0
Drug 2319,1,0.0,1.0
Drug 2321,0,0.0,1.0
Drug 2323,0,0.0,1.0
Drug 2324,0,0.0,1.0
Drug 2326,1,1.3,1.325
Drug 2327,1,1.1,1.275
Drug 2328,0,0.0,1.0
Drug 2329,1,0.0,1.0
Drug 2330,0,0.0,1.0
Drug 2331,1,0.0,1.0
Drug 2332,1,1.3,1.325
Drug 2333,1,0.0,1.0
Drug 2335,0,0.0,1.0
Drug 2336,0,0.0,1.0
Drug 2338,1,2.4,1.6
Drug 2339,0,0.0,1.0
Drug 2340,0,0.0,1.0
Drug 2341,0,0.0,1.0
Drug 2342,1,0.0,1.0
Drug 2343,0,2.4,1.6
Drug 2344,1,0.0,1.0
Drug 2345,1,0.0,1.0
Drug 2346,1,0.0,1.0
Drug 2347,1,2.4,1.6
Drug 2348,1,0.0,1.0
Drug 2349,0,0.0,1.0
Drug 2350,1,0.0,1.0
Drug 2351,0,0.0,1.0
Drug 2352,1,0.0,1.0
Drug 2354,1,0.0,1.0
Drug 2355,1,0.0,1.0
Drug 2356,0,0.0,1.0
Drug 2357,1,0.0,1.0
Drug 2358,1,2.4,1.6
Drug 2360,1,1.3,1.325
Drug 2361,0,0.0,1.0
Drug 2362,0,0.0,1.0
Drug 2363,0,0.0,1.0
Drug 2364,1,0.0,1.0
Drug 2365,1,0.0,1.0
Drug 2366,1,0.0,1.0
Drug 2367,1,0.0,1.0
Drug 2368,1,0.0,1.0
Drug 2370,0,0.0,1.0
Drug 2372,0,0.0,1.0
Drug 2373,0,0.0,1.0
Drug 2374,1,0.0,1.0
Drug 2375,0,0.0,1.0
Drug 2376,0,0.0,1.0
Drug 2377,0,0.0,1.0
Drug 2378,1,0.0,1.0
Drug 2379,1,0.0,1.0
Drug 2380,1,0.0,1.0
Drug 2381,1,0.0,1.0
Drug 2382,0,0.0,1.0
Drug 2384,0,0.0,1.0
Drug 2385,1,0.0,1.0
Drug 2386,1,0.0,1.0
Drug 2387,1,0.0,1.0
Drug 2389,1,1.3,1.325
Drug 2391,0,0.0,1.0
Drug 2392,0,0.0,1.0
Drug 2394,0,0.9,1.225
Drug 2395,1,2.4,1.6
Drug 2396,1,0.0,1.0
Drug 2397,1,0.0,1.0
Drug 2398,1,0.0,1.0
Drug 2399,0,0.9,1.225
Drug 2400,1,0.0,1.0
Drug 2401,1,0.0,1.0
Drug 2402,1,0.0,1.0
Drug 2405,0,0.0,1.0
Drug 2407,0,0.0,1.0
Drug 2408,0,0.0,1.0
Drug 2409,1,2.4,1.6
Drug 2410,0,1.1,1.275
Drug 2411,0,0.0,1.0
Drug 2413,1,1.1,1.275
Drug 2414,1,0.0,1.0
Drug 2415,0,0.0,1.0
Drug 2416,1,0.0,1.0
Drug 2417,1,0.0,1.0
Drug 2418,0,0.0,1.0
Drug 2419,1,0.0,1.0
Drug 2420,0,1.1,1.275
Drug 2421,1,1.1,1.275
Drug 2424,1,0.0,1.0
Drug 2425,1,0.0,1.0
Drug 2426,1,2.4,1.6
Drug 2427,1,1.3,1.325
Drug 2428,0,0.0,1.0
Drug 2429,0,0.9,1.225
Drug 2430,1,0.0,1.0
Drug 2431,1,0.0,1.0
Drug 2432,1,0.0,1.0
Drug 2433,1,0.0,1.0
Drug 2434,0,0.0,1.0
Drug 2436,0,1.1,1.275
Drug 2438,0,0.0,1.0
Drug 2439,1,1.1,1.275
Drug 2440,1,0.0,1.0
Drug 2441,1,0.0,1.0
Drug 2443,0,0.0,1.0
Drug 2444,1,0.0,1.0
Drug 2445,0,0.0,1.0
Drug 2446,1,0.0,1.0
Drug 2448,0,0.0,1.0
Drug 2449,1,0.0,1.0
Drug 2450,0,0.9,1.225
Drug 2451,1,0.0,1.0
Drug 2453,1,0.0,1.0
Drug 2454,0,0.0,1.0
Drug 2455,1,0.0,1.0
Drug 2458,1,0.0,1.0
Drug 2459,1,0.0,1.0
Drug 2463,1,0.0,1.0
Drug 2466,1,0.0,1.0
Drug 2467,0,0.0,1.0
Drug 2468,1,0.0,1.0
Drug 2469,1,0.0,1.0
Drug 2472,1,0.0,1.0
Drug 2473,0,0.0,1.0
Drug 2474,1,0.0,1.0
Drug 2475,1,0.0,1.0
Drug 2476,1,0.0,1.0
Drug 2477,1,0.0,1.0
Drug 2478,0,0.0,1.0
Drug 2479,0,0.0,1.0
Drug 2480,0,0.0,1.0
Drug 2481,0,0.0,1.0
Drug 2482,1,1.1,1.275
Drug 2483,0,0.0,1.0
Drug 2484,1,1.1,1.275
Drug 2485,0,0.0,1.0
Drug 2486,1,0.0,1.0
Drug 2487,1,0.0,1.0
Drug 2488,1,0.0,1.0
Drug 2490,1,0.0,1.0
Drug 2492,0,0.0,1.0
Drug 2493,1,1.1,1.275
Drug 2494,0,0.0,1.0
Drug 2495,0,1.3,1.325
Drug 2496,0,0.0,1.0
Drug 2497,1,0.0,1.0
Drug 2498,1,0.0,1.0
Drug 2499,1,0.0,1.0
Drug 2501,0,0.0,1.0
Drug 2502,0,0.0,1.0
Drug 2503,0,0.0,1.0
Drug 2505,1,0.0,1.0
Drug 2506,0,1.3,1.325
Drug 2507,0,0.0,1.0
Drug 2508,1,2.4,1.6
Drug 2511,0,0.0,1.0
Drug 2515,0,0.0,1.0
Drug 2516,1,0.0,1.0
Drug 2518,1,0.0,1.0
Drug 2520,1,0.0,1.0
Drug 2521,1,0.0,1.0
Drug 2522,1,0.0,1.0
Drug 2523,1,1.3,1.325
Drug 2524,0,0.0,1.0
Drug 2526,1,0.0,1.0
Drug 2529,1,0.0,1.0
Drug 2530,1,1.1,1.275
Drug 2532,1,0.0,1.0
Drug 2533,1,0.0,1.0
Drug 2534,1,0.0,1.0
Drug 2535,0,0.0,1.0
Drug 2539,0,0.0,1.0
Drug 2540,1,0.0,1.0
Drug 2541,1,0.0,1.0
Drug 2542,1,0.0,1.0
Drug 2543,1,0.0,1.0
Drug 2545,1,1.1,1.275
Drug 2547,1,0.0,1.0
Drug 2548,0,0.0,1.0
Drug 2549,0,0.0,1.0
Drug 2550,1,0.0,1.0
Drug 2551,1,1.3,1.325
Drug 2552,0,0.0,1.0
Drug 2553,1,0.0,1.0
Drug 2554,0,1.1,1.275
Drug 2555,0,0.0,1.0
Drug 2556,1,0.0,1.0
Drug 2557,1,0.0,1.0
Drug 2558,1,0.0,1.0
Drug 2559,1,0.0,1.0
Drug 2560,0,0.0,1.0
Drug 2562,1,0.0,1.0
Drug 2563,1,0.0,1.0
Drug 2564,1,0.0,1.0
Drug 2565,1,0.0,1.0
Drug 2566,0,0.0,1.0
Drug 2567,0,0.0,1.0
Drug 2569,1,0.0,1.0
Drug 2570,0,0.0,1.0
Drug 2573,1,0.0,1.0
Drug 2574,0,0.0,1.0
Drug 2576,1,0.0,1.0
Drug 2577,1,0.0,1.0
Drug 2578,0,0.0,1.0
Drug 2579,0,0.0,1.0
Drug 2581,1,1.1,1.275
Drug 2582,0,0.0,1.0
Drug 2584,0,0.0,1.0
Drug 2585,1,0.0,1.0
Drug 2586,1,0.0,1.0
Drug 2587,1,0.9,1.225
Drug 2588,0,0.0,1.0
Drug 2589,0,0.0,1.0
Drug 2590,1,0.0,1.0
Drug 2591,0,1.1,1.275
Drug 2593,1,0.0,1.0
Drug 2594,1,0.0,1.0
Drug 2595,0,0.0,1.0
Drug 2596,1,1.1,1.275
Drug 2597,0,0.0,1.0
Drug 2598,0,0.0,1.0
Drug 2600,0,0.0,1.0
Drug 2601,1,0.0,1.0
Drug 2602,1,0.0,1.0
Drug 2603,0,0.0,1.0
Drug 2604,0,0.0,1.0
Drug 2605,1,0.0,1.0
Drug 2606,1,0.0,1.0
Drug 2607,1,0.0,1.0
Drug 2608,0,1.3,1.325
Drug 2609,1,0.0,1.0
Drug 2610,1,1.1,1.275
Drug 2612,1,0.0,1.0
Drug 2614,1,0.0,1.0
Drug 2615,1,0.0,1.0
Drug 2616,0,0.0,1.0
Drug 2617,1,0.0,1.0
Drug 2619,1,1.1,1.275
Drug 2620,1,0.0,1.0
Drug 2621,0,0.0,1.0
Drug 2622,0,0.0,1.0
Drug 2623,0,0.0,1.0
Drug 2624,0,0.0,1.0
Drug 2625,0,0.0,1.0
Drug 2627,1,0.0,1.0
Drug 2628,1,0.0,1.0
Drug 2629,1,0.0,1.0
Drug 2630,1,0.0,1.0
Drug 2631,1,0.0,1.0
Drug 2632,1,0.0,1.0
Drug 2633,1,0.0,1.0
Drug 2634,1,0.0,1.0
Drug 2635,1,0.0,1.0
Drug 2636,1,0.0,1.0
Drug 2637,1,0.0,1.0
Drug 2638,1,0.0,1.0
Drug 2639,0,0.0,1.0
Drug 2640,0,0.0,1.0
Drug 2641,1,0.0,1.0
Drug 2642,1,0.0,1.0
Drug 2643,0,0.0,1.0
Drug 2644,1,2.4,1.6
Drug 2646,1,0.0,1.0
Drug 2648,0,0.0,1.0
Drug 2649,1,0.0,1.0
Drug 2650,0,0.0,1.0
Drug 2651,1,0.0,1.0
Drug 2654,0,0.0,1.0
Drug 2656,1,0.0,1.0
Drug 2657,1,0.0,1.0
Drug 2658,1,0.0,1.0
Drug 2659,1,0.0,1.0
Drug 2660,0,0.0,1.0
Drug 2661,0,0.0,1.0
Drug 2662,1,0.0,1.0
Drug 2663,1,0.0,1.0
Drug 2664,1,0.0,1.0
Drug 2665,0,0.0,1.0
Drug 2666,0,0.0,1.0
Drug 2667,0,0.0,1.0
Drug 2668,1,0.0,1.0
Drug 2669,1,0.0,1.0
Drug 2671,0,0.0,1.0
Drug 2672,1,0.0,1.0
Drug 2674,0,0.0,1.0
Drug 2675,1,2.4,1.6
Drug 2676,0,0.0,1.0
Drug 2677,1,0.9,1.225
Drug 2678,0,0.0,1.0
Drug 2679,0,0.0,1.0
Drug 2680,1,0.9,1.225
Drug 2681,1,0.0,1.0
Drug 2682,1,0.0,1.0
Drug 2684,0,0.0,1.0
Drug 2685,1,0.0,1.0
Drug 2686,1,0.0,1.0
Drug 2688,0,0.0,1.0
Drug 2689,1,0.0,1.0
Drug 2690,1,0.0,1.0
Drug 2692,0,0.0,1.0
Drug 2693,1,0.0,1.0
Drug 2694,1,2.4,1.6
Drug 2696,1,1.1,1.275
Drug 2697,0,1.1,1.275
Drug 2698,1,0.0,1.0
Drug 2699,1,0.0,1.0
Drug 2700,1,0.0,1.0
Drug 2701,1,0.0,1.0
Drug 2703,1,0.0,1.0
Drug 2704,1,1.3,1.325
Drug 2705,1,2.4,1.6
Drug 2706,1,1.3,1.325
Drug 2707,0,0.0,1.0
Drug 2708,1,0.0,1.0
Drug 2710,0,0.0,1.0
Drug 2711,1,0.0,1.0
Drug 2712,1,0.0,1.0
Drug 2713,0,0.0,1.0
Drug 2714,0,0.0,1.0
Drug 2715,1,0.0,1.0
Drug 2716,0,0.0,1.0
Drug 2717,1,0.0,1.0
Drug 2718,1,0.0,1.0
Drug 2719,0,0.0,1.0
Drug 2720,1,0.0,1.0
Drug 2721,0,0.0,1.0
Drug 2722,1,0.0,1.0
Drug 2723,1,0.0,1.0
Drug 2725,1,0.0,1.0
Drug 2726,0,0.0,1.0
Drug 2727,1,2.4,1.6
Drug 2729,0,0.0,1.0
Drug 2730,1,0.0,1.0
Drug 2732,0,0.0,1.0
Drug 2733,1,0.0,1.0
Drug 2734,0,0.0,1.0
Drug 2736,1,1.3,1.325
Drug 2739,0,0.0,1.0
Drug 2740,1,0.0,1.0
Drug 2742,1,0.0,1.0
Drug 2744,0,0.0,1.0
Drug 2745,0,0.0,1.0
Drug 2747,1,0.0,1.0
Drug 2748,0,0.0,1.0
Drug 2749,1,0.0,1.0
Drug 2751,1,0.0,1.0
Drug 2752,0,0.0,1.0
Drug 2753,1,0.0,1.0
Drug 2754,0,0.0,1.0
Drug 2756,0,0.0,1.0
Drug 2758,0,0.0,1.0
Drug 2759,1,0.9,1.225
Drug 2761,1,0.0,1.0
Drug 2762,1,1.1,1.275
Drug 2763,0,0.0,1.0
Drug 2764,0,0.0,1.0
Drug 2765,1,0.0,1.0
Drug 2767,0,0.0,1.0
Drug 2768,1,2.4,1.6
Drug 2769,1,0.0,1.0
Drug 2770,0,0.0,1.0
Drug 2772,1,2.4,1.6
Drug 2773,1,0.0,1.0
Drug 2775,0,0.0,1.0
Drug 2777,0,0.0,1.0
Drug 2778,0,0.0,1.0
Drug 2779,0,1.1,1.275
Drug 2783,0,0.0,1.0
Drug 2784,0,0.0,1.0
Drug 2785,1,1.3,1.325
Drug 2786,0,0.0,1.0
Drug 2787,0,0.0,1.0
Drug 2788,1,0.0,1.0
Drug 2789,1,0.0,1.0
Drug 2790,1,0.0,1.0
Drug 2794,0,1.1,1.275
Drug 2795,0,0.0,1.0
Drug 2796,1,2.4,1.6
Drug 2797,0,0.0,1.0
Drug 2798,1,1.1,1.275
Drug 2799,1,0.0,1.0
Drug 2800,1,0.0,1.0
Drug 2801,0,0.0,1.0
Drug 2802,0,0.0,1.0
Drug 2803,0,0.0,1.0
Drug 2804,1,1.3,1.325
Drug 2805,0,0.0,1.0
Drug 2806,1,0.0,1.0
Drug 2807,1,0.0,1.0
Drug 2808,0,0.0,1.0
Drug 2810,0,0.0,1.0
Drug 2811,0,0.0,1.0
Drug 2813,1,0.0,1.0
Drug 2815,1,0.0,1.0
Drug 2816,1,0.0,1.0
Drug 2817,0,0.0,1.0
Drug 2818,1,1.1,1.275
Drug 2820,0,0.0,1.0
Drug 2822,1,0.0,1.0
Drug 2823,0,0.0,1.0
Drug 2824,0,0.0,1.0
Drug 2825,1,0.0,1.0
Drug 2826,1,0.0,1.0
Drug 2827,1,0.0,1.0
Drug 2828,1,0.0,1.0
Drug 2829,1,0.0,1.0
Drug 2830,1,0.0,1.0
Drug 2831,1,0.0,1.0
Drug 2832,1,0.0,1.0
Drug 2833,1,0.0,1.0
Drug 2834,1,0.0,1.0
Drug 2836,1,0.0,1.0
Drug 2837,0,0.0,1.0
Drug 2838,1,0.0,1.0
Drug 2839,0,0.0,1.0
Drug 2840,1,2.4,1.6
Drug 2841,1,0.0,1.0
Drug 2842,1,0.0,1.0
Drug 2843,0,0.0,1.0
Drug 2844,1,0.0,1.0
Drug 2845,1,0.0,1.0
Drug 2846,1,0.0,1.0
Drug 2847,0,0.0,1.0
Drug 2849,0,0.0,1.0
Drug 2850,0,0.0,1.0
Drug 2851,0,0.0,1.0
Drug 2853,1,0.0,1.0
Drug 2854,1,0.0,1.0
Drug 2855,0,0.0,1.0
Drug 2856,1,0.0,1.0
Drug 2857,1,0.0,1.0
Drug 2858,1,0.9,1.225
Drug 2859,0,0.0,1.0
Drug 2860,1,0.0,1.0
Drug 2862,0,0.0,1.0
Drug 2863,0,0.0,1.0
Drug 2864,0,0.0,1.0
Drug 2866,0,0.0,1.0
Drug 2867,1,0.0,1.0
Drug 2868,1,0.0,1.0
Drug 2869,1,0.0,1.0
Drug 2870,0,0.0,1.0
Drug 2871,0,0.0,1.0
Drug 2872,0,0.0,1.0
Drug 2873,0,0.0,1.0
Drug 2874,1,0.0,1.0
Drug 2875,1,0.0,1.0
Drug 2876,1,0.0,1.0
Drug 2877,0,0.0,1.0
Drug 2878,1,0.0,1.0
Drug 2880,1,0.0,1.0
Drug 2881,1,0.0,1.0
Drug 2882,1,0.0,1.0
Drug 2883,0,0.0,1.0
Drug 2884,1,0.0,1.0
Drug 2886,0,0.0,1.0
Drug 2887,1,0.0,1.0
Drug 2888,0,0.0,1.0
Drug 2890,1,0.0,1.0
Drug 2891,0,0.0,1.0
Drug 2892,1,0.0,1.0
Drug 2893,1,0.0,1.0
Drug 2894,1,0.0,1.0
Drug 2895,0,0.0,1.0
Drug 2897,1,0.0,1.0
Drug 2898,0,2.4,1.6
Drug 2899,1,0.0,1.0
Drug 2900,0,0.0,1.0
Drug 2901,1,2.4,1.6
Drug 2902,1,0.0,1.0
Drug 2903,1,0.0,1.0
Drug 2904,1,0.0,1.0
Drug 2905,0,1.1,1.275
Drug 2906,1,0.0,1.0
Drug 2908,1,0.0,1.0
Drug 2909,1,0.0,1.0
Drug 2910,1,0.0,1.0
Drug 2912,0,0.0,1.0
Drug 2914,1,0.0,1.0
Drug 2916,1,0.0,1.0
Drug 2918,0,0.0,1.0
Drug 2920,0,0.0,1.0
Drug 2922,1,0.0,1.0
Drug 2923,1,0.0,1.0
Drug 2924,0,0.0,1.0
Drug 2925,1,0.0,1.0
Drug 2927,1,0.0,1.0
Drug 2928,0,0.0,1.0
Drug 2929,0,0.0,1.0
Drug 2930,1,0.0,1.0
Drug 2931,0,0.0,1.0
Drug 2933,0,0.9,1.225
Drug 2934,1,0.0,1.0
Drug 2935,1,0.0,1.0
Drug 2936,1,0.0,1.0
Drug 2937,0,0.0,1.0
Drug 2938,1,0.0,1.0
Drug 2939,1,0.0,1.0
Drug 2940,0,0.0,1.0
Drug 2941,0,0.0,1.0
Drug 2942,1,0.0,1.0
Drug 2943,0,0.0,1.0
Drug 2944,0,0.0,1.0
Drug 2945,0,0.0,1.0
Drug 2946,1,0.0,1.0
Drug 2947,0,0.0,1.0
Drug 2948,1,0.9,1.225
Drug 2949,1,0.0,1.0
Drug 2950,0,0.0,1.0
Drug 2951,0,0.0,1.0
Drug 2953,1,0.0,1.0
Drug 2954,0,0.0,1.0
Drug 2955,1,0.0,1.0
Drug 2956,1,0.0,1.0
Drug 2957,0,0.0,1.0
Drug 2958,0,0.0,1.0
Drug 2961,1,0.0,1.0
Drug 2962,0,0.0,1.0
Drug 2963,0,0.0,1.0
Drug 2964,0,0.0,1.0
Drug 2965,1,0.0,1.0
Drug 2966,1,0.0,1.0
Drug 2967,0,0.0,1.0
Drug 2968,1,0.0,1.0
Drug 2969,0,0.0,1.0
Drug 2970,0,0.0,1.0
Drug 2971,1,1.3,1.325
Drug 2972,1,0.0,1.0
Drug 2973,1,0.0,1.0
Drug 2974,0,0.0,1.0
Drug 2975,1,0.0,1.0
Drug 2976,0,0.0,1.0
Drug 2977,1,1.3,1.325
Drug 2978,1,1.1,1.275
Drug 2979,0,0.0,1.0
Drug 2980,0,0.0,1.0
Drug 2982,0,0.0,1.0
Drug 2983,1,0.0,1.0
Drug 2984,1,0.0,1.0
Drug 2985,0,0.0,1.0
Drug 2986,1,0.0,1.0
Drug 2988,1,0.0,1.0
Drug 2990,1,0.0,1.0
Drug 2991,0,0.0,1.0
Drug 2992,0,0.0,1.0
Drug 2993,1,2.4,1.6
Drug 2996,0,0.0,1.0
Drug 2997,1,0.0,1.0
Drug 2998,1,0.0,1.0
Drug 3000,1,0.0,1.0
Drug 3001,1,2.4,1.6
Drug 3003,1,0.0,1.0
Drug 3006,0,0.0,1.0
Drug 3007,1,1.1,1.275
Drug 3008,1,0.0,1.0
Drug 3010,0,0.0,1.0
Drug 3014,1,0.0,1.0
Drug 3015,0,0.0,1.0
Drug 3016,0,0.0,1.0
Drug 3017,1,0.0,1.0
Drug 3018,1,0.0,1.0
Drug 3020,0,0.0,1.0
Drug 3021,1,0.0,1.0
Drug 3023,1,0.0,1.0
Drug 3026,1,0.0,1.0
Drug 3028,1,0.0,1.0
Drug 3029,0,0.0,1.0
Drug 3031,0,0.0,1.0
Drug 3032,1,0.0,1.0
Drug 3034,0,0.0,1.0
Drug 3035,0,0.0,1.0
Drug 3036,0,0.0,1.0
Drug 3038,0,0.0,1.0
Drug 3039,0,0.0,1.0
Drug 3040,0,0.0,1.0
Drug 3042,0,0.0,1.0
Drug 3045,0,0.0,1.0
Drug 3046,0,0.9,1.225
Drug 3047,1,0.0,1.0
Drug 3048,1,0.0,1.0
Drug 3049,0,0.0,1.0
Drug 3050,0,0.0,1.0
Drug 3052,1,1.3,1.325
Drug 3053,1,0.0,1.0
Drug 3054,1,0.9,1.225
Drug 3055,0,0.0,1.0
Drug 3056,1,0.0,1.0
Drug 3059,0,0.0,1.0
Drug 3060,1,1.3,1.325
Drug 3061,0,0.0,1.0
Drug 3062,1,0.0,1.0
Drug 3063,1,0.0,1.0
Drug 3065,1,1.1,1.275
Drug 3066,1,0.0,1.0
Drug 3067,1,0.0,1.0
Drug 3069,0,0.0,1.0
Drug 3070,1,0.0,1.0
Drug 3071,1,1.1,1.275
Drug 3072,1,1.1,1.275
Drug 3073,1,0.0,1.0
Drug 3074,1,0.0,1.0
Drug 3075,1,0.0,1.0
Drug 3076,0,0.0,1.0
Drug 3078,1,0.0,1.0
Drug 3079,1,0.0,1.0
Drug 3080,0,0.0,1.0
Drug 3081,0,0.0,1.0
Drug 3082,1,0.0,1.0
Drug 3083,1,0.0,1.0
Drug 3084,0,0.0,1.0
Drug 3086,0,0.0,1.0
Drug 3087,1,0.0,1.0
Drug 3088,1,0.0,1.0
Drug 3089,0,0.0,1.0
Drug 3092,1,0.0,1.0
Drug 3093,1,0.0,1.0
Drug 3094,0,0.0,1.0
Drug 3096,1,0.0,1.0
Drug 3097,1,0.0,1.0
Drug 3099,1,0.0,1.0
Drug 3100,1,2.4,1.6
Drug 3101,0,0.0,1.0
Drug 3102,0,0.0,1.0
Drug 3103,0,0.0,1.0
Drug 3104,0,0.0,1.0
Drug 3105,0,0.0,1.0
Drug 3106,1,0.0,1.0
Drug 3107,0,0.0,1.0
Drug 3110,1,0.0,1.0
Drug 3112,0,0.0,1.0
Drug 3113,0,0.0,1.0
Drug 3116,1,0.0,1.0
Drug 3120,1,0.0,1.0
Drug 3121,1,0.0,1.0
Drug 3123,0,0.0,1.0
Drug 3124,0,0.0,1.0
Drug 3128,0,0.0,1.0
Drug 3130,1,0.0,1.0
Drug 3133,0,0.0,1.0
Drug 3134,1,0.0,1.0
Drug 3135,1,0.0,1.0
Drug 3136,0,0.0,1.0
Drug 3139,1,0.0,1.0
Drug 3140,1,0.0,1.0
Drug 3141,0,0.0,1.0
Drug 3142,1,0.0,1.0
Drug 3143,0,0.0,1.0
Drug 3144,0,0.0,1.0
Drug 3147,0,0.0,1.0
Drug 3148,1,0.0,1.0
Drug 3149,0,0.0,1.0
Drug 3150,1,0.0,1.0
Drug 3153,1,0.0,1.0
Drug 3155,0,2.4,1.6
Drug 3156,0,0.0,1.0
Drug 3157,1,0.0,1.0
Drug 3158,1,0.0,1.0
Drug 3159,0,0.0,1.0
Drug 3160,1,0.0,1.0
Drug 3161,0,0.0,1.0
Drug 3162,0,0.0,1.0
Drug 3164,0,0.0,1.0
Drug 3165,1,0.0,1.0
Drug 3166,1,0.0,1.0
Drug 3167,1,0.0,1.0
Drug 3168,0,0.0,1.0
Drug 3169,1,0.0,1.0
Drug 3170,1,0.0,1.0
Drug 3172,0,0.0,1.0
Drug 3174,0,0.0,1.0
Drug 3175,1,0.0,1.0
Drug 3176,1,0.0,1.0
Drug 3177,1,0.0,1.0
Drug 3178,0,1.1,1.275
Drug 3180,0,0.0,1.0
Drug 3181,0,0.0,1.0
Drug 3182,1,0.0,1.0
Drug 3183,0,0.0,1.0
Drug 3184,1,1.3,1.325
Drug 3185,1,0.0,1.0
Drug 3187,0,0.0,1.0
Drug 3188,0,0.0,1.0
Drug 3189,0,0.0,1.0
Drug 3190,1,0.0,1.0
Drug 3191,1,2.2,1.55
Drug 3192,0,0.0,1.0
Drug 3195,0,0.0,1.0
Drug 3196,0,0.0,1.0
Drug 3197,1,1.1,1.275
Drug 3198,1,0.0,1.0
Drug 3199,0,0.0,1.0
Drug 3200,1,0.0,1.0
Drug 3201,0,0.0,1.0
Drug 3202,1,0.0,1.0
Drug 3203,1,0.0,1.0
Drug 3204,1,0.0,1.0
Drug 3205,1,0.0,1.0
Drug 3207,0,0.0,1.0
Drug 3209,0,0.0,1.0
Drug 3210,0,0.0,1.0
Drug 3211,1,0.0,1.0
Drug 3212,1,0.0,1.0
Drug 3213,1,0.0,1.0
Drug 3215,0,0.0,1.0
Drug 3216,0,0.0,1.0
Drug 3217,0,0.0,1.0
Drug 3218,0,0.0,1.0
Drug 3219,0,1.1,1.275
Drug 3220,0,0.0,1.0
Drug 3221,1,2.4,1.6
Drug 3222,1,0.0,1.0
Drug 3223,1,0.0,1.0
Drug 3224,0,0.0,1.0
Drug 3225,0,0.0,1.0
Drug 3226,1,0.0,1.0
Drug 3228,1,0.0,1.0
Drug 3229,1,1.1,1.275
Drug 3230,1,0.0,1.0
Drug 3231,1,2.4,1.6
Drug 3232,1,1.3,1.325
Drug 3233,0,0.0,1.0
Drug 3235,0,0.0,1.0
Drug 3236,1,0.0,1.0
Drug 3237,1,0.0,1.0
Drug 3238,0,0.0,1.0
Drug 3239,1,0.0,1.0
Drug 3240,0,0.0,1.0
Drug 3242,1,0.0,1.0
Drug 3243,1,0.0,1.0
Drug 3244,1,0.0,1.0
Drug 3245,1,1.1,1.275
Drug 3246,1,0.0,1.0
Drug 3247,0,0.0,1.0
Drug 3248,1,0.0,1.0
Drug 3250,1,0.0,1.0
Drug 3252,1,1.1,1.275
Drug 3253,0,0.0,1.0
Drug 3254,0,0.0,1.0
Drug 3255,0,0.0,1.0
Drug 3258,0,0.0,1.0
Drug 3259,1,0.0,1.0
Drug 3260,0,0.0,1.0
Drug 3261,0,0.0,1.0
Drug 3265,0,0.9,1.225
Drug 3266,0,0.0,1.0
Drug 3267,1,0.0,1.0
Drug 3268,0,0.0,1.0
Drug 3269,0,0.0,1.0
Drug 3270,1,0.0,1.0
Drug 3271,1,0.0,1.0
Drug 3272,1,0.0,1.0
Drug 3276,0,0.0,1.0
Drug 3278,1,0.0,1.0
Drug 3279,1,2.4,1.6
Drug 3281,1,0.0,1.0
Drug 3283,1,0.0,1.0
Drug 3284,1,0.0,1.0
Drug 3285,0,0.0,1.0
Drug 3286,1,0.0,1.0
Drug 3287,1,1.3,1.325
Drug 3289,0,0.0,1.0
Drug 3290,1,0.0,1.0
Drug 3291,0,0.0,1.0
Drug 3292,1,0.0,1.0
Drug 3293,1,0.0,1.0
Drug 3294,0,0.0,1.0
Drug 3295,1,0.0,1.0
Drug 3296,0,0.0,1.0
Drug 3297,1,0.0,1.0
Drug 3298,0,0.0,1.0
Drug 3299,1,0.9,1.225
Drug 3301,0,0.0,1.0
Drug 3302,1,0.0,1.0
Drug 3303,0,0.0,1.0
Drug 3304,0,0.0,1.0
Drug 3305,0,0.0,1.0
Drug 3306,1,0.0,1.0
Drug 3308,1,0.0,1.0
Drug 3309,1,0.0,1.0
Drug 3310,0,0.0,1.0
Drug 3311,0,0.0,1.0
Drug 3312,1,0.0,1.0
Drug 3313,1,1.1,1.275
Drug 3314,0,0.0,1.0
Drug 3315,1,0.0,1.0
Drug 3316,0,0.0,1.0
Drug 3317,1,1.1,1.275
Drug 3319,1,0.0,1.0
Drug 3320,1,0.0,1.0
Drug 3321,1,1.3,1.325
Drug 3323,0,0.0,1.0
Drug 3324,1,0.0,1.0
Drug 3325,1,0.0,1.0
Drug 3326,1,0.0,1.0
Drug 3328,1,0.0,1.0
Drug 3329,1,1.1,1.275
Drug 3330,0,0.0,1.0
Drug 3332,1,0.0,1.0
Drug 3333,0,0.0,1.0
Drug 3334,0,0.0,1.0
Drug 3337,1,0.0,1.0
Drug 3338,0,1.1,1.275
Drug 3339,0,0.0,1.0
Drug 3340,0,0.0,1.0
Drug 3341,1,0.0,1.0
Drug 3343,1,0.0,1.0
Drug 3344,1,0.0,1.0
Drug 3346,0,0.0,1.0
Drug 3347,1,1.1,1.275
Drug 3349,0,0.0,1.0
Drug 3350,1,0.0,1.0
Drug 3351,0,0.0,1.0
Drug 3352,0,0.0,1.0
Drug 3353,1,0.0,1.0
Drug 3354,0,0.9,1.225
Drug 3355,1,0.0,1.0
Drug 3356,1,1.1,1.275
Drug 3357,0,0.0,1.0
Drug 3358,1,0.0,1.0
Drug 3359,0,0.0,1.0
Drug 3360,1,1.1,1.275
Drug 3362,1,0.0,1.0
Drug 3363,0,0.0,1.0
Drug 3364,1,1.3,1.325
Drug 3365,1,0.0,1.0
Drug 3366,1,0.0,1.0
Drug 3367,1,0.0,1.0
Drug 3368,1,0.0,1.0
Drug 3369,1,0.0,1.0
Drug 3370,0,0.0,1.0
Drug 3371,0,0.0,1.0
Drug 3372,1,0.0,1.0
Drug 3373,1,0.0,1.0
Drug 3374,0,0.0,1.0
Drug 3375,0,0.0,1.0
Drug 3376,0,0.0,1.0
Drug 3378,1,1.1,1.275
Drug 3379,1,0.0,1.0
Drug 3380,0,0.0,1.0
Drug 3381,0,0.0,1.0
Drug 3382,0,0.0,1.0
Drug 3383,1,0.0,1.0
Drug 3384,1,0.0,1.0
Drug 3387,1,0.0,1.0
Drug 3388,0,1.1,1.275
Drug 3390,1,0.0,1.0
Drug 3391,0,0.0,1.0
Drug 3395,1,0.0,1.0
Drug 3396,0,0.0,1.0
Drug 3397,1,0.0,1.0
Drug 3398,1,0.0,1.0
Drug 3399,1,0.0,1.0
Drug 3400,0,0.0,1.0
Drug 3402,1,0.0,1.0
Drug 3403,1,0.0,1.0
Drug 3405,0,0.0,1.0
Drug 3406,1,0.0,1.0
Drug 3407,1,0.0,1.0
Drug 3408,0,0.0,1.0
Drug 3409,1,1.1,1.275
Drug 3410,0,0.0,1.0
Drug 3411,1,0.0,1.0
Drug 3414,0,0.0,1.0
Drug 3415,0,0.0,1.0
Drug 3416,1,0.0,1.0
Drug 3417,1,0.0,1.0
Drug 3418,1,0.0,1.0
Drug 3420,1,0.0,1.0
Drug 3421,0,0.0,1.0
Drug 3422,0,0.0,1.0
Drug 3423,1,0.0,1.0
Drug 3424,1,0.0,1.0
Drug 3425,1,0.0,1.0
Drug 3427,1,0.0,1.0
Drug 3429,1,0.0,1.0
Drug 3430,1,1.3,1.325
Drug 3431,0,0.0,1.0
Drug 3433,1,0.0,1.0
Drug 3434,1,0.0,1.0
Drug 3436,1,0.0,1.0
Drug 3437,1,0.0,1.0
Drug 3439,1,0.0,1.0
Drug 3440,1,0.0,1.0
Drug 3441,0,0.0,1.0
Drug 3442,1,0.0,1.0
Drug 3443,0,0.0,1.0
Drug 3444,0,0.9,1.225
Drug 3446,0,0.0,1.0
Drug 3447,1,0.0,1.0
Drug 3448,0,0.0,1.0
Drug 3449,1,0.0,1.0
Drug 3450,1,0.0,1.0
Drug 3451,1,0.0,1.0
Drug 3452,1,0.0,1.0
Drug 3453,0,0.0,1.0
Drug 3455,1,0.0,1.0
Drug 3456,0,0.0,1.0
Drug 3457,1,0.0,1.0
Drug 3460,0,0.0,1.0
Drug 3461,1,0.0,1.0
Drug 3462,1,0.0,1.0
Drug 3463,0,0.0,1.0
Drug 3465,1,0.0,1.0
Drug 3466,1,0.0,1.0
Drug 3468,0,0.0,1.0
Drug 3469,1,0.0,1.0
Drug 3471,1,0.0,1.0
Drug 3472,0,0.0,1.0
Drug 3473,0,0.0,1.0
Drug 3474,0,0.0,1.0
Drug 3475,1,0.0,1.0
Drug 3476,1,0.0,1.0
Drug 3477,0,0.0,1.0
Drug 3478,0,0.0,1.0
Drug 3479,1,0.0,1.0
Drug 3480,1,0.0,1.0
Drug 3481,1,0.0,1.0
Drug 3482,0,0.0,1.0
Drug 3483,0,0.0,1.0
Drug 3486,0,0.0,1.0
Drug 3487,1,0.0,1.0
Drug 3488,1,0.0,1.0
Drug 3490,0,0.0,1.0
Drug 3491,1,0.0,1.0
Drug 3493,1,0.0,1.0
Drug 3494,0,0.0,1.0
Drug 3495,0,1.3,1.325
Drug 3496,1,0.0,1.0
Drug 3497,1,0.0,1.0
Drug 3498,0,0.0,1.0
Drug 3499,1,0.0,1.0
Drug 3500,0,1.1,1.275
Drug 3502,0,0.0,1.0
Drug 3503,0,0.0,1.0
Drug 3508,0,0.0,1.0
Drug 3509,0,0.0,1.0
Drug 3510,0,0.0,1.0
Drug 3511,1,0.0,1.0
Drug 3514,0,0.0,1.0
Drug 3515,0,0.0,1.0
Drug 3517,0,0.0,1.0
Drug 3518,0,0.0,1.0
Drug 3519,1,0.0,1.0
Drug 3520,1,0.0,1.0
Drug 3521,0,0.0,1.0
Drug 3527,1,0.0,1.0
Drug 3528,1,0.0,1.0
Drug 3529,1,0.0,1.0
Drug 3530,1,0.0,1.0
Drug 3531,1,0.0,1.0
Drug 3532,1,0.0,1.0
Drug 3533,0,0.0,1.0
Drug 3534,1,0.0,1.0
Drug 3535,1,0.0,1.0
Drug 3536,1,0.0,1.0
Drug 3538,1,0.0,1.0
Drug 3540,1,2.4,1.6
Drug 3542,1,1.1,1.275
Drug 3543,0,0.0,1.0
Drug 3544,1,1.1,1.275
Drug 3545,1,0.0,1.0
Drug 3546,0,0.0,1.0
Drug 3547,1,0.0,1.0
Drug 3548,0,0.0,1.0
Drug 3549,1,0.0,1.0
Drug 3550,1,1.1,1.275
Drug 3551,0,0.0,1.0
Drug 3552,1,0.9,1.225
Drug 3554,0,0.0,1.0
Drug 3555,1,0.0,1.0
Drug 3556,0,0.0,1.0
Drug 3557,1,2.4,1.6
Drug 3558,1,0.0,1.0
Drug 3559,1,0.0,1.0
Drug 3560,0,0.0,1.0
Drug 3561,1,0.0,1.0
Drug 3563,1,0.0,1.0
Drug 3564,1,0.0,1.0
Drug 3565,1,0.0,1.0
Drug 3567,0,1.1,1.275
Drug 3568,1,0.0,1.0
Drug 3569,0,0.9,1.225
Drug 3570,1,0.0,1.0
Drug 3571,1,0.0,1.0
Drug 3573,1,0.9,1.225
Drug 3575,1,0.0,1.0
Drug 3576,1,0.0,1.0
Drug 3577,1,0.0,1.0
Drug 3578,1,0.0,1.0
Drug 3579,0,0.0,1.0
Drug 3581,1,2.4,1.6
Drug 3587,0,0.0,1.0
Drug 3588,1,0.0,1.0
Drug 3591,0,0.0,1.0
Drug 3592,0,0.0,1.0
Drug 3594,1,0.0,1.0
Drug 3598,0,0.0,1.0
Drug 3599,1,0.0,1.0
Drug 3600,1,0.0,1.0
Drug 3601,1,0.0,1.0
Drug 3603,0,0.0,1.0
Drug 3604,1,0.0,1.0
Drug 3605,1,0.0,1.0
Drug 3608,0,0.0,1.0
Drug 3609,1,0.0,1.0
Drug 3610,0,0.0,1.0
Drug 3612,1,0.0,1.0
Drug 3615,0,0.0,1.0
Drug 3616,1,0.0,1.0
Drug 3617,1,0.0,1.0
Drug 3618,0,0.0,1.0
Drug 3619,0,0.0,1.0
Drug 3620,0,0.0,1.0
Drug 3621,0,0.0,1.0
Drug 3623,1,0.0,1.0
Drug 3624,0,0.0,1.0
Drug 3626,1,2.4,1.6
Drug 3627,0,0.0,1.0
Drug 3629,1,0.0,1.0
Drug 3631,1,0.0,1.0
Drug 3632,0,0.0,1.0
Drug 3633,0,0.9,1.225
Drug 3634,1,0.0,1.0
Drug 3635,0,0.0,1.0
Drug 3636,1,0.0,1.0
Drug 3638,1,0.0,1.0
Drug 3639,0,0.0,1.0
Drug 3640,1,1.1,1.275
Drug 3641,1,1.1,1.275
Drug 3642,0,0.0,1.0
Drug 3643,0,0.0,1.0
Drug 3644,1,0.0,1.0
Drug 3645,1,0.0,1.0
Drug 3646,1,0.0,1.0
Drug 3648,1,0.0,1.0
Drug 3649,1,0.0,1.0
Drug 3650,0,0.0,1.0
Drug 3651,1,0.0,1.0
Drug 3652,1,0.0,1.0
Drug 3654,1,0.0,1.0
Drug 3655,1,0.0,1.0
Drug 3656,0,0.0,1.0
Drug 3658,1,0.0,1.0
Drug 3659,1,1.3,1.325
Drug 3660,1,0.0,1.0
Drug 3661,1,0.0,1.0
Drug 3663,1,0.9,1.225
Drug 3665,1,1.1,1.275
Drug 3668,0,0.0,1.0
Drug 3671,1,0.0,1.0
Drug 3673,1,0.0,1.0
Drug 3674,0,0.0,1.0
Drug 3675,0,0.0,1.0
Drug 3677,0,0.0,1.0
Drug 3678,0,0.0,1.0
Drug 3679,1,0.0,1.0
Drug 3681,0,0.0,1.0
Drug 3684,1,0.0,1.0
Drug 3685,1,0.0,1.0
Drug 3686,1,0.0,1.0
Drug 3687,0,0.0,1.0
Drug 3688,1,0.0,1.0
Drug 3689,0,0.0,1.0
Drug 3690,0,0.0,1.0
Drug 3691,0,0.0,1.0
Drug 3692,0,0.0,1.0
Drug 3693,0,0.0,1.0
Drug 3694,1,0.0,1.0
Drug 3695,0,0.0,1.0
Drug 3696,1,0.0,1.0
Drug 3697,1,0.0,1.0
Drug 3698,1,0.0,1.0
Drug 3699,1,0.0,1.0
Drug 3700,1,0.0,1.0
Drug 3701,1,2.4,1.6
Drug 3703,1,0.0,1.0
Drug 3704,1,0.0,1.0
Drug 3708,1,2.4,1.6
Drug 3709,1,0.9,1.225
Drug 3710,1,0.0,1.0
Drug 3711,1,1.1,1.275
Drug 3712,0,0.0,1.0
Drug 3713,1,0.0,1.0
Drug 3714,1,1.3,1.325
Drug 3715,0,0.0,1.0
Drug 3716,1,0.0,1.0
Drug 3717,1,0.0,1.0
Drug 3718,1,0.0,1.0
Drug 3719,1,0.0,1.0
Drug 3720,0,0.0,1.0
Drug 3721,0,0.0,1.0
Drug 3722,0,0.0,1.0
Drug 3723,0,0.0,1.0
Drug 3724,0,0.0,1.0
Drug 3725,0,0.0,1.0
Drug 3728,1,0.0,1.0
Drug 3729,0,0.0,1.0
Drug 3730,1,2.4,1.6
Drug 3731,1,0.0,1.0
Drug 3732,1,0.0,1.0
Drug 3736,0,0.0,1.0
Drug 3737,1,0.0,1.0
Drug 3738,1,0.0,1.0
Drug 3739,1,1.1,1.275
Drug 3741,1,0.0,1.0
Drug 3742,0,0.0,1.0
Drug 3743,1,0.0,1.0
Drug 3744,0,0.0,1.0
Drug 3745,0,0.0,1.0
Drug 3746,1,0.0,1.0
Drug 3747,1,0.0,1.0
Drug 3748,0,0.0,1.0
Drug 3749,0,0.0,1.0
Drug 3750,0,0.0,1.0
Drug 3751,0,0.0,1.0
Drug 3752,1,0.0,1.0
Drug 3755,1,0.0,1.0
Drug 3756,1,0.0,1.0
Drug 3757,0,0.0,1.0
Drug 3759,0,0.0,1.0
Drug 3760,1,0.0,1.0
Drug 3761,0,0.9,1.225
Drug 3763,1,2.4,1.6
Drug 3764,1,0.0,1.0
Drug 3765,1,0.0,1.0
Drug 3766,0,0.0,1.0
Drug 3767,0,0.0,1.0
Drug 3770,1,0.0,1.0
Drug 3774,0,0.0,1.0
Drug 3776,0,0.0,1.0
Drug 3777,1,0.0,1.0
Drug 3779,1,1.1,1.275
Drug 3780,1,0.0,1.0
Drug 3781,1,0.0,1.0
Drug 3782,0,2.4,1.6
Drug 3784,0,0.0,1.0
Drug 3786,0,0.0,1.0
Drug 3787,0,0.0,1.0
Drug 3789,1,0.0,1.0
Drug 3790,0,0.0,1.0
Drug 3791,0,0.0,1.0
Drug 3792,0,0.0,1.0
Drug 3793,1,0.0,1.0
Drug 3794,1,0.0,1.0
Drug 3795,1,0.0,1.0
Drug 3796,1,0.0,1.0
Drug 3798,1,0.0,1.0
Drug 3799,1,0.0,1.0
Drug 3800,1,0.0,1.0
Drug 3801,1,0.0,1.0
Drug 3802,0,0.0,1.0
Drug 3803,1,0.0,1.0
Drug 3804,1,0.0,1.0
Drug 3806,0,0.0,1.0
Drug 3807,0,0.0,1.0
Drug 3809,1,0.0,1.0
Drug 3812,1,0.0,1.0
Drug 3813,0,0.0,1.0
Drug 3814,1,0.0,1.0
Drug 3815,1,0.0,1.0
Drug 3817,0,0.0,1.0
Drug 3818,1,1.1,1.275
Drug 3819,1,1.1,1.275
Drug 3820,0,0.0,1.0
Drug 3821,1,0.0,1.0
Drug 3822,1,0.0,1.0
Drug 3823,1,0.0,1.0
Drug 3824,0,0.0,1.0
Drug 3826,0,0.0,1.0
Drug 3827,1,0.0,1.0
Drug 3828,1,0.0,1.0
Drug 3829,0,0.0,1.0
Drug 3830,0,0.0,1.0
Drug 3831,1,1.1,1.275
Drug 3832,0,0.0,1.0
Drug 3833,0,0.0,1.0
Drug 3834,0,0.0,1.0
Drug 3835,1,2.4,1.6
Drug 3837,1,0.0,1.0
Drug 3839,0,0.9,1.225
Drug 3840,0,0.0,1.0
Drug 3841,1,0.0,1.0
Drug 3842,1,0.0,1.0
Drug 3843,0,0.0,1.0
Drug 3844,0,0.0,1.0
Drug 3845,1,0.0,1.0
Drug 3846,0,0.0,1.0
Drug 3847,0,0.0,1.0
Drug 3848,1,2.4,1.6
Drug 3849,0,0.0,1.0
Drug 3852,0,0.0,1.0
Drug 3854,0,0.0,1.0
Drug 3855,0,0.0,1.0
Drug 3856,1,0.0,1.0
Drug 3857,1,0.0,1.0
Drug 3859,0,0.0,1.0
Drug 3860,1,0.0,1.0
Drug 3861,1,0.0,1.0
Drug 3862,0,0.0,1.0
Drug 3863,1,0.0,1.0
Drug 3864,0,0.0,1.0
Drug 3865,0,0.0,1.0
Drug 3866,1,0.0,1.0
Drug 3867,0,0.0,1.0
Drug 3868,1,0.0,1.0
Drug 3869,0,0.0,1.0
Drug 3870,0,0.0,1.0
Drug 3871,1,0.0,1.0
Drug 3872,1,0.0,1.0
Drug 3873,0,0.0,1.0
Drug 3874,0,0.0,1.0
Drug 3878,0,0.0,1.0
Drug 3879,0,0.0,1.0
Drug 3882,0,0.0,1.0
Drug 3883,0,0.0,1.0
Drug 3884,0,0.0,1.0
Drug 3886,0,0.0,1.0
Drug 3887,1,0.0,1.0
Drug 3889,0,0.0,1.0
Drug 3891,1,0.0,1.0
Drug 3892,0,0.0,1.0
Drug 3893,1,0.0,1.0
Drug 3894,0,0.0,1.0
Drug 3895,1,0.0,1.0
Drug 3896,1,0.0,1.0
Drug 3897,1,0.0,1.0
Drug 3898,0,0.0,1.0
Drug 3899,1,0.0,1.0
Drug 3900,0,0.0,1.0
Drug 3901,0,0.0,1.0
Drug 3903,1,0.0,1.0
Drug 3904,0,0.0,1.0
Drug 3905,0,0.0,1.0
Drug 3907,1,0.0,1.0
Drug 3908,1,0.0,1.0
Drug 3909,1,2.4,1.6
Drug 3910,0,0.0,1.0
Drug 3912,1,2.4,1.6
Drug 3914,0,0.0,1.0
Drug 3915,0,0.9,1.225
Drug 3917,1,0.0,1.0
Drug 3918,0,0.0,1.0
Drug 3919,1,0.0,1.0
Drug 3920,0,0.0,1.0
Drug 3921,0,0.0,1.0
Drug 3922,1,0.0,1.0
Drug 3924,1,0.0,1.0
Drug 3925,1,0.0,1.0
Drug 3926,1,0.0,1.0
Drug 3927,1,0.0,1.0
Drug 3928,1,0.0,1.0
Drug 3929,1,0.0,1.0
Drug 3931,1,0.0,1.0
Drug 3933,0,0.0,1.0
Drug 3934,0,0.0,1.0
Drug 3936,1,0.0,1.0
Drug 3940,0,0.0,1.0
Drug 3942,1,0.0,1.0
Drug 3943,1,0.0,1.0
Drug 3944,1,2.4,1.6
Drug 3945,1,0.0,1.0
Drug 3946,0,0.0,1.0
Drug 3947,1,0.0,1.0
Drug 3949,1,0.0,1.0
Drug 3950,1,0.0,1.0
Drug 3951,0,0.0,1.0
Drug 3952,0,0.0,1.0
Drug 3953,1,0.0,1.0
Drug 3954,0,0.0,1.0
Drug 3955,0,0.9,1.225
Drug 3956,0,1.1,1.275
Drug 3957,0,0.0,1.0
Drug 3958,1,1.1,1.275
Drug 3959,0,0.0,1.0
Drug 3960,1,0.0,1.0
Drug 3961,1,0.0,1.0
Drug 3962,0,0.0,1.0
Drug 3963,1,0.0,1.0
Drug 3964,1,0.0,1.0
Drug 3965,1,0.0,1.0
Drug 3966,0,0.0,1.0
Drug 3968,0,0.0,1.0
Drug 3969,1,2.4,1.6
Drug 3970,0,0.0,1.0
Drug 3972,0,0.0,1.0
Drug 3973,1,0.0,1.0
Drug 3974,0,0.0,1.0
Drug 3975,1,0.0,1.0
Drug 3978,1,0.0,1.0
Drug 3979,0,0.0,1.0
Drug 3981,1,0.0,1.0
Drug 3984,1,0.0,1.0
Drug 3986,1,0.0,1.0
Drug 3987,1,0.0,1.0
Drug 3988,1,0.0,1.0
Drug 3989,0,0.0,1.0
Drug 3991,1,0.0,1.0
Drug 3993,1,0.0,1.0
Drug 3994,1,2.4,1.6
Drug 3996,0,0.0,1.0
Drug 3997,0,0.0,1.0
Drug 3998,1,0.0,1.0
Drug 3999,1,2.4,1.6
Drug 4000,1,0.0,1.0
Drug 4002,1,0.0,1.0
Drug 4003,0,0.0,1.0
Drug 4004,0,0.0,1.0
Drug 4005,1,0.0,1.0
Drug 4006,0,0.0,1.0
Drug 4007,1,0.0,1.0
Drug 4008,1,0.0,1.0
Drug 4009,1,0.0,1.0
Drug 4010,1,0.0,1.0
Drug 4011,0,0.0,1.0
Drug 4012,0,0.0,1.0
Drug 4013,1,0.0,1.0
Drug 4015,0,0.0,1.0
Drug 4016,1,0.0,1.0
Drug 4017,1,2.4,1.6
Drug 4018,0,0.0,1.0
Drug 4019,1,1.3,1.325
Drug 4020,1,1.3,1.325
Drug 4021,1,1.1,1.275
Drug 4022,1,0.0,1.0
Drug 4023,0,0.0,1.0
Drug 4024,0,0.0,1.0
Drug 4025,0,0.0,1.0
Drug 4026,0,0.0,1.0
Drug 4028,0,0.0,1.0
Drug 4029,1,0.0,1.0
Drug 4030,0,0.0,1.0
Drug 4031,1,0.0,1.0
Drug 4032,0,0.0,1.0
Drug 4033,0,0.0,1.0
Drug 4034,0,0.0,1.0
Drug 4035,1,0.0,1.0
Drug 4036,0,0.0,1.0
Drug 4037,1,0.9,1.225
Drug 4038,0,0.0,1.0
Drug 4039,0,0.0,1.0
Drug 4040,1,0.0,1.0
Drug 4041,0,0.0,1.0
Drug 4042,0,0.0,1.0
Drug 4045,1,0.0,1.0
Drug 4047,1,0.0,1.0
Drug 4048,1,1.3,1.325
Drug 4049,0,2.4,1.6
Drug 4051,0,0.0,1.0
Drug 4052,1,0.0,1.0
Drug 4054,1,0.0,1.0
Drug 4055,1,0.0,1.0
Drug 4057,0,0.0,1.0
Drug 4058,1,0.0,1.0
Drug 4059,1,1.1,1.275
Drug 4060,1,0.0,1.0
Drug 4061,1,0.0,1.0
Drug 4064,1,0.0,1.0
Drug 4067,0,0.0,1.0
Drug 4068,1,0.0,1.0
Drug 4069,0,0.0,1.0
Drug 4071,1,0.0,1.0
Drug 4072,0,0.0,1.0
Drug 4073,1,0.0,1.0
Drug 4074,0,0.0,1.0
Drug 4075,0,0.0,1.0
Drug 4077,1,0.0,1.0
Drug 4078,1,1.1,1.275
Drug 4079,0,0.0,1.0
Drug 4080,0,0.0,1.0
Drug 4081,0,0.0,1.0
Drug 4082,1,0.0,1.0
Drug 4083,0,0.0,1.0
Drug 4084,1,0.0,1.0
Drug 4085,1,0.0,1.0
Drug 4086,1,0.0,1.0
Drug 4087,1,0.0,1.0
Drug 4088,0,0.0,1.0
Drug 4091,1,1.3,1.325
Drug 4092,1,0.0,1.0
Drug 4093,1,0.0,1.0
Drug 4095,1,0.0,1.0
Drug 4096,1,0.0,1.0
Drug 4097,0,0.0,1.0
Drug 4098,0,0.0,1.0
Drug 4099,0,0.0,1.0
Drug 4101,0,0.0,1.0
Drug 4102,1,0.0,1.0
Drug 4105,0,0.0,1.0
Drug 4106,1,0.0,1.0
Drug 4109,0,0.0,1.0
Drug 4110,0,0.0,1.0
Drug 4111,0,0.0,1.0
Drug 4112,1,0.0,1.0
Drug 4113,1,0.0,1.0
Drug 4114,1,0.0,1.0
Drug 4115,1,0.0,1.0
Drug 4117,1,0.0,1.0
Drug 4121,1,0.0,1.0
Drug 4122,1,0.0,1.0
Drug 4123,0,0.0,1.0
Drug 4124,1,0.0,1.0
Drug 4126,1,0.0,1.0
Drug 4128,1,2.4,1.6
Drug 4129,0,0.0,1.0
Drug 4131,1,0.0,1.0
Drug 4132,1,0.0,1.0
Drug 4133,0,0.0,1.0
Drug 4135,0,0.0,1.0
Drug 4137,1,0.0,1.0
Drug 4138,0,0.0,1.0
Drug 4140,0,1.1,1.275
Drug 4141,1,0.0,1.0
Drug 4142,0,0.0,1.0
Drug 4143,0,0.0,1.0
Drug 4144,0,0.0,1.0
Drug 4145,1,0.0,1.0
Drug 4146,0,0.0,1.0
Drug 4147,0,0.0,1.0
Drug 4149,0,2.4,1.6
Drug 4150,0,0.0,1.0
Drug 4151,0,0.0,1.0
Drug 4152,1,0.0,1.0
Drug 4153,0,0.0,1.0
Drug 4155,1,2.4,1.6
Drug 4156,1,0.0,1.0
Drug 4157,1,0.0,1.0
Drug 4159,0,0.0,1.0
Drug 4160,0,0.0,1.0
Drug 4161,1,0.0,1.0
Drug 4162,0,0.0,1.0
Drug 4164,1,0.0,1.0
Drug 4165,1,0.0,1.0
Drug 4166,1,0.0,1.0
Drug 4167,0,0.0,1.0
Drug 4169,0,0.0,1.0
Drug 4170,0,0.0,1.0
Drug 4171,1,2.4,1.6
Drug 4172,1,1.3,1.325
Drug 4173,1,0.0,1.0
Drug 4174,1,0.0,1.0
Drug 4175,0,0.0,1.0
Drug 4176,1,0.0,1.0
Drug 4177,0,0.0,1.0
Drug 4178,1,0.0,1.0
Drug 4179,0,0.0,1.0
Drug 4180,1,0.0,1.0
Drug 4182,0,0.0,1.0
Drug 4183,1,1.3,1.325
Drug 4184,0,0.0,1.0
Drug 4185,0,0.0,1.0
Drug 4186,0,0.0,1.0
Drug 4188,0,0.0,1.0
Drug 4189,1,0.0,1.0
Drug 4190,1,0.0,1.0
Drug 4191,0,0.0,1.0
Drug 4192,0,0.0,1.0
Drug 4193,0,0.0,1.0
Drug 4194,1,0.0,1.0
Drug 4195,0,0.0,1.0
Drug 4196,0,1.1,1.275
Drug 4197,1,0.0,1.0
Drug 4198,0,0.0,1.0
Drug 4199,1,0.0,1.0
Drug 4201,0,0.0,1.0
Drug 4202,1,0.0,1.0
Drug 4204,1,2.4,1.6
Drug 4208,1,0.0,1.0
Drug 4210,0,0.0,1.0
Drug 4211,0,0.0,1.0
Drug 4212,1,0.0,1.0
Drug 4214,1,0.0,1.0
Drug 4215,1,0.0,1.0
Drug 4216,1,0.0,1.0
Drug 4217,0,0.0,1.0
Drug 4218,1,0.0,1.0
Drug 4219,0,0.0,1.0
Drug 4220,0,0.0,1.0
Drug 4222,1,0.0,1.0
Drug 4224,0,0.0,1.0
Drug 4225,1,0.0,1.0
Drug 4227,1,0.0,1.0
Drug 4229,1,0.0,1.0
Drug 4230,1,0.0,1.0
Drug 4231,1,0.0,1.0
Drug 4232,0,0.0,1.0
Drug 4233,1,0.0,1.0
Drug 4237,1,0.0,1.0
Drug 4238,1,0.0,1.0
Drug 4239,1,0.0,1.0
Drug 4240,1,0.0,1.0
Drug 4241,0,0.0,1.0
Drug 4245,1,1.3,1.325
Drug 4246,0,0.0,1.0
Drug 4247,1,0.0,1.0
Drug 4248,1,0.0,1.0
Drug 4249,0,0.0,1.0
Drug 4250,0,0.0,1.0
Drug 4251,1,0.0,1.0
Drug 4252,1,0.0,1.0
Drug 4253,1,0.0,1.0
Drug 4254,0,0.0,1.0
Drug 4255,1,0.0,1.0
Drug 4256,0,0.0,1.0
Drug 4258,1,1.1,1.275
Drug 4259,1,0.0,1.0
Drug 4264,1,2.4,1.6
Drug 4265,1,0.0,1.0
Drug 4266,0,0.0,1.0
Drug 4267,0,0.0,1.0
Drug 4269,0,0.0,1.0
Drug 4270,1,0.0,1.0
Drug 4272,0,0.0,1.0
Drug 4273,1,0.0,1.0
Drug 4274,1,0.0,1.0
Drug 4275,1,0.0,1.0
Drug 4276,0,0.0,1.0
Drug 4277,1,1.3,1.325
Drug 4278,1,0.0,1.0
Drug 4280,0,0.0,1.0
Drug 4281,1,0.0,1.0
Drug 4282,1,1.3,1.325
Drug 4283,0,0.0,1.0
Drug 4285,0,0.0,1.0
Drug 4286,0,0.0,1.0
Drug 4287,1,0.0,1.0
Drug 4288,0,0.0,1.0
Drug 4289,1,0.0,1.0
Drug 4290,1,0.0,1.0
Drug 4291,1,0.0,1.0
Drug 4292,1,0.0,1.0
Drug 4293,0,0.0,1.0
Drug 4294,1,0.0,1.0
Drug 4297,0,0.0,1.0
Drug 4298,0,0.0,1.0
Drug 4299,0,0.0,1.0
Drug 4300,1,0.0,1.0
Drug 4301,0,0.0,1.0
Drug 4302,1,2.4,1.6
Drug 4303,1,0.0,1.0
Drug 4304,1,0.0,1.0
Drug 4305,0,0.0,1.0
Drug 4306,1,0.0,1.0
Drug 4307,0,0.0,1.0
Drug 4309,1,0.0,1.0
Drug 4310,0,0.0,1.0
Drug 4311,1,2.4,1.6
Drug 4312,0,0.0,1.0
Drug 4313,0,0.0,1.0
Drug 4315,1,1.1,1.275
Drug 4316,0,0.0,1.0
Drug 4317,0,0.0,1.0
Drug 4321,0,0.0,1.0
Drug 4322,1,0.0,1.0
Drug 4323,1,2.4,1.6
Drug 4324,1,0.0,1.0
Drug 4326,1,0.0,1.0
Drug 4327,1,0.0,1.0
Drug 4328,1,0.0,1.0
Drug 4329,0,0.0,1.0
Drug 4330,0,0.0,1.0
Drug 4331,0,0.0,1.0
Drug 4332,1,0.0,1.0
Drug 4333,0,0.0,1.0
Drug 4334,1,0.0,1.0
Drug 4335,1,0.0,1.0
Drug 4336,0,0.0,1.0
Drug 4337,1,1.1,1.275
Drug 4338,1,0.0,1.0
Drug 4339,1,0.0,1.0
Drug 4340,0,0.0,1.0
Drug 4341,1,2.4,1.6
Drug 4342,0,0.0,1.0
Drug 4343,0,0.0,1.0
Drug 4344,1,0.0,1.0
Drug 4346,0,0.0,1.0
Drug 4348,1,0.0,1.0
Drug 4351,0,0.0,1.0
Drug 4352,1,1.1,1.275
Drug 4354,0,0.0,1.0
Drug 4355,0,0.0,1.0
Drug 4357,1,1.3,1.325
Drug 4360,1,0.0,1.0
Drug 4361,0,0.0,1.0
Drug 4362,1,0.0,1.0
Drug 4363,1,1.1,1.275
Drug 4364,1,1.3,1.325
Drug 4366,1,0.0,1.0
Drug 4367,0,0.0,1.0
Drug 4368,1,0.0,1.0
Drug 4369,0,0.0,1.0
Drug 4370,1,0.0,1.0
Drug 4373,1,0.0,1.0
Drug 4374,1,2.4,1.6
Drug 4375,1,0.0,1.0
Drug 4376,1,1.1,1.275
Drug 4378,1,0.0,1.0
Drug 4379,1,0.0,1.0
Drug 4380,0,0.0,1.0
Drug 4381,1,0.0,1.0
Drug 4382,1,0.0,1.0
Drug 4383,1,0.0,1.0
Drug 4384,1,0.0,1.0
Drug 4385,1,0.0,1.0
Drug 4386,1,1.3,1.325
Drug 4387,0,0.0,1.0
Drug 4388,1,0.0,1.0
Drug 4390,1,0.0,1.0
Drug 4392,1,0.0,1.0
Drug 4393,1,2.4,1.6
Drug 4394,1,0.0,1.0
Drug 4395,1,0.0,1.0
Drug 4396,0,0.0,1.0
Drug 4397,0,0.0,1.0
Drug 4398,1,0.0,1.0
Drug 4399,0,0.0,1.0
Drug 4402,1,0.0,1.0
Drug 4403,1,1.1,1.275
Drug 4406,1,0.9,1.225
Drug 4407,0,0.0,1.0
Drug 4410,0,0.0,1.0
Drug 4411,1,0.0,1.0
Drug 4412,0,1.1,1.275
Drug 4413,1,0.9,1.225
Drug 4414,1,1.3,1.325
Drug 4415,0,0.0,1.0
Drug 4416,1,0.0,1.0
Drug 4417,0,0.0,1.0
Drug 4418,0,0.0,1.0
Drug 4420,0,0.0,1.0
Drug 4421,1,0.9,1.225
Drug 4422,0,0.0,1.0
Drug 4423,0,0.0,1.0
Drug 4424,1,0.0,1.0
Drug 4425,0,0.0,1.0
Drug 4426,0,0.0,1.0
Drug 4427,0,0.0,1.0
Drug 4428,1,0.0,1.0
Drug 4429,1,0.0,1.0
Drug 4430,0,0.0,1.0
Drug 4431,0,0.0,1.0
Drug 4432,0,0.0,1.0
Drug 4434,0,0.0,1.0
Drug 4435,1,0.0,1.0
Drug 4436,1,0.0,1.0
Drug 4437,1,0.0,1.0
Drug 4438,1,0.0,1.0
Drug 4439,0,0.0,1.0
Drug 4440,1,0.0,1.0
Drug 4441,0,0.0,1.0
Drug 4443,0,0.0,1.0
Drug 4444,0,0.0,1.0
Drug 4445,1,0.0,1.0
Drug 4446,1,0.0,1.0
Drug 4447,1,0.0,1.0
Drug 4450,1,0.0,1.0
Drug 4452,1,0.0,1.0
Drug 4454,1,0.0,1.0
Drug 4455,1,1.1,1.275
Drug 4457,1,0.0,1.0
Drug 4458,1,0.0,1.0
Drug 4459,0,0.0,1.0
Drug 4460,1,1.3,1.325
Drug 4461,0,1.1,1.275
Drug 4462,1,0.0,1.0
Drug 4464,1,0.0,1.0
Drug 4465,1,0.0,1.0
Drug 4466,0,0.0,1.0
Drug 4467,1,0.0,1.0
Drug 4468,0,0.0,1.0
Drug 4469,0,0.0,1.0
Drug 4471,1,0.0,1.0
Drug 4472,0,0.0,1.0
Drug 4473,1,0.0,1.0
Drug 4474,0,0.0,1.0
Drug 4475,1,0.0,1.0
Drug 4476,1,0.0,1.0
Drug 4477,1,0.0,1.0
Drug 4478,1,0.0,1.0
Drug 4479,0,0.0,1.0
Drug 4480,0,0.0,1.0
Drug 4481,0,0.0,1.0
Drug 4483,0,0.0,1.0
Drug 4484,0,0.0,1.0
Drug 4485,0,0.0,1.0
Drug 4486,0,0.0,1.0
Drug 4487,0,0.0,1.0
Drug 4491,1,0.0,1.0
Drug 4492,1,0.0,1.0
Drug 4493,0,0.0,1.0
Drug 4494,1,0.0,1.0
Drug 4495,1,0.0,1.0
Drug 4496,0,0.0,1.0
Drug 4499,0,0.0,1.0
Drug 4500,0,0.0,1.0
Drug 4501,0,0.0,1.0
Drug 4503,0,0.0,1.0
Drug 4504,0,0.0,1.0
Drug 4505,1,0.0,1.0
Drug 4506,0,0.0,1.0
Drug 4507,1,2.4,1.6
Drug 4508,1,1.1,1.275
Drug 4509,1,0.0,1.0
Drug 4511,1,0.0,1.0
Drug 4512,1,1.3,1.325
Drug 4515,0,0.0,1.0
Drug 4516,0,0.0,1.0
Drug 4517,1,0.0,1.0
Drug 4519,0,0.0,1.0
Drug 4520,1,0.0,1.0
Drug 4521,0,0.0,1.0
Drug 4523,1,0.0,1.0
Drug 4525,1,0.0,1.0
Drug 4526,0,0.0,1.0
Drug 4527,0,0.0,1.0
Drug 4528,0,0.0,1.0
Drug 4529,0,0.0,1.0
Drug 4530,1,0.0,1.0
Drug 4533,1,0.0,1.0
Drug 4534,0,0.0,1.0
Drug 4535,0,0.0,1.0
Drug 4536,1,0.0,1.0
Drug 4537,1,0.0,1.0
Drug 4538,0,0.0,1.0
Drug 4539,1,0.0,1.0
Drug 4540,1,0.0,1.0
Drug 4541,1,0.0,1.0
Drug 4542,0,0.0,1.0
Drug 4545,1,0.0,1.0
Drug 4546,0,0.0,1.0
Drug 4547,1,0.0,1.0
Drug 4548,1,0.0,1.0
Drug 4549,1,0.0,1.0
Drug 4550,1,0.0,1.0
Drug 4551,1,0.0,1.0
Drug 4552,0,0.0,1.0
Drug 4553,0,0.0,1.0
Drug 4554,0,0.0,1.0
Drug 4557,1,1.3,1.325
Drug 4558,1,0.0,1.0
Drug 4559,1,0.0,1.0
Drug 4560,1,0.0,1.0
Drug 4561,0,0.0,1.0
Drug 4562,1,0.0,1.0
Drug 4563,1,0.0,1.0
Drug 4564,0,0.0,1.0
Drug 4565,0,0.0,1.0
Drug 4566,1,0.0,1.0
Drug 4567,1,1.3,1.325
Drug 4568,1,0.9,1.225
Drug 4569,0,0.0,1.0
Drug 4571,0,0.0,1.0
Drug 4573,0,1.1,1.275
Drug 4574,0,0.0,1.0
Drug 4575,0,0.0,1.0
Drug 4576,1,1.1,1.275
Drug 4578,1,0.0,1.0
Drug 4579,0,0.0,1.0
Drug 4580,0,0.0,1.0
Drug 4581,0,0.0,1.0
Drug 4583,0,0.0,1.0
Drug 4584,1,0.0,1.0
Drug 4587,1,2.4,1.6
Drug 4588,0,0.0,1.0
Drug 4590,1,1.1,1.275
Drug 4591,0,0.0,1.0
Drug 4592,0,0.0,1.0
Drug 4593,1,0.0,1.0
Drug 4594,0,0.0,1.0
Drug 4595,1,0.0,1.0
Drug 4596,0,0.0,1.0
Drug 4597,0,1.1,1.275
Drug 4598,1,0.0,1.0
Drug 4599,0,0.0,1.0
Drug 4600,0,0.9,1.225
Drug 4601,0,0.0,1.0
Drug 4602,0,0.0,1.0
Drug 4604,0,0.0,1.0
Drug 4605,0,0.0,1.0
Drug 4606,1,0.0,1.0
Drug 4607,1,0.0,1.0
Drug 4608,1,0.0,1.0
Drug 4609,0,0.0,1.0
Drug 4610,1,0.0,1.0
Drug 4611,1,0.0,1.0
Drug 4612,1,1.1,1.275
Drug 4613,1,2.4,1.6
Drug 4614,0,0.0,1.0
Drug 4615,0,0.0,1.0
Drug 4616,1,0.0,1.0
Drug 4618,0,0.0,1.0
Drug 4619,1,0.0,1.0
Drug 4621,1,0.0,1.0
Drug 4622,1,0.0,1.0
Drug 4623,1,0.0,1.0
Drug 4624,1,1.3,1.325
Drug 4625,1,0.0,1.0
Drug 4626,1,0.0,1.0
Drug 4627,1,0.0,1.0
Drug 4628,0,0.0,1.0
Drug 4629,1,0.0,1.0
Drug 4630,0,1.1,1.275
Drug 4631,1,0.0,1.0
Drug 4632,0,0.0,1.0
Drug 4633,0,0.0,1.0
Drug 4634,1,1.3,1.325
Drug 4635,1,0.0,1.0
Drug 4636,0,0.0,1.0
Drug 4638,1,0.0,1.0
Drug 4639,0,0.0,1.0
Drug 4640,0,0.0,1.0
Drug 4641,1,0.0,1.0
Drug 4642,1,1.1,1.275
Drug 4643,1,2.4,1.6
Drug 4644,1,0.0,1.0
Drug 4646,0,0.0,1.0
Drug 4647,1,0.0,1.0
Drug 4648,1,0.0,1.0
Drug 4649,1,0.0,1.0
Drug 4650,1,1.3,1.325
Drug 4651,0,0.0,1.0
Drug 4654,1,1.3,1.325
Drug 4655,1,0.0,1.0
Drug 4656,0,0.0,1.0
Drug 4657,0,0.0,1.0
Drug 4658,0,0.0,1.0
Drug 4659,1,1.3,1.325
Drug 4661,0,0.0,1.0
Drug 4662,1,0.0,1.0
Drug 4663,0,0.0,1.0
Drug 4665,1,0.0,1.0
Drug 4666,0,0.0,1.0
Drug 4668,1,0.0,1.0
Drug 4670,1,0.0,1.0
Drug 4671,0,0.0,1.0
Drug 4672,1,0.0,1.0
Drug 4674,1,0.0,1.0
Drug 4677,1,0.0,1.0
Drug 4678,1,0.0,1.0
Drug 4679,1,0.0,1.0
Drug 4680,1,0.0,1.0
Drug 4681,0,0.0,1.0
Drug 4682,1,0.0,1.0
Drug 4683,0,0.0,1.0
Drug 4684,0,0.0,1.0
Drug 4685,1,0.0,1.0
Drug 4688,0,0.0,1.0
Drug 4689,1,1.1,1.275
Drug 4691,0,0.0,1.0
Drug 4692,1,0.0,1.0
Drug 4693,1,0.0,1.0
Drug 4694,1,0.0,1.0
Drug 4695,1,1.3,1.325
Drug 4696,1,0.0,1.0
Drug 4697,1,0.0,1.0
Drug 4698,0,0.0,1.0
Drug 4699,0,0.0,1.0
Drug 4700,1,0.0,1.0
Drug 4701,1,0.0,1.0
Drug 4702,1,0.0,1.0
Drug 4703,1,0.0,1.0
Drug 4704,0,1.1,1.275
Drug 4705,1,2.4,1.6
Drug 4706,1,0.0,1.0
Drug 4707,1,0.0,1.0
Drug 4709,0,0.0,1.0
Drug 4711,1,0.0,1.0
Drug 4712,1,0.9,1.225
Drug 4713,1,0.0,1.0
Drug 4714,0,0.0,1.0
Drug 4716,1,0.0,1.0
Drug 4717,1,0.0,1.0
Drug 4718,1,0.0,1.0
Drug 4719,0,0.0,1.0
Drug 4721,0,0.0,1.0
Drug 4722,1,1.1,1.275
Drug 4723,0,0.0,1.0
Drug 4724,1,0.9,1.225
Drug 4725,1,0.0,1.0
Drug 4726,1,1.1,1.275
Drug 4728,0,0.0,1.0
Drug 4729,0,0.0,1.0
Drug 4730,0,0.0,1.0
Drug 4731,1,0.0,1.0
Drug 4732,1,0.0,1.0
Drug 4735,0,0.0,1.0
Drug 4738,1,0.0,1.0
Drug 4739,1,0.0,1.0
Drug 4741,1,0.0,1.0
Drug 4742,1,0.0,1.0
Drug 4743,0,0.0,1.0
Drug 4744,0,0.0,1.0
Drug 4745,1,0.0,1.0
Drug 4746,0,0.0,1.0
Drug 4747,1,0.0,1.0
Drug 4748,0,0.0,1.0
Drug 4749,1,0.0,1.0
Drug 4751,1,0.0,1.0
Drug 4752,0,0.0,1.0
Drug 4753,1,0.0,1.0
Drug 4755,0,0.0,1.0
Drug 4756,1,2.4,1.6
Drug 4757,0,0.0,1.0
Drug 4758,1,0.0,1.0
Drug 4759,0,0.0,1.0
Drug 4760,1,0.0,1.0
Drug 4761,1,2.4,1.6
Drug 4762,0,0.0,1.0
Drug 4763,0,0.0,1.0
Drug 4764,0,0.0,1.0
Drug 4765,0,0.0,1.0
Drug 4766,1,0.0,1.0
Drug 4767,0,0.9,1.225
Drug 4768,1,0.0,1.0
Drug 4769,0,0.0,1.0
Drug 4770,1,0.0,1.0
Drug 4771,1,0.0,1.0
Drug 4772,1,0.0,1.0
Drug 4773,0,0.0,1.0
Drug 4774,1,1.1,1.275
Drug 4775,1,0.0,1.0
Drug 4777,0,0.0,1.0
Drug 4778,0,0.0,1.0
Drug 4779,0,0.0,1.0
Drug 4781,0,0.0,1.0
Drug 4782,1,0.0,1.0
Drug 4784,0,0.0,1.0
Drug 4785,0,0.0,1.0
Drug 4786,1,0.0,1.0
Drug 4787,0,0.0,1.0
Drug 4788,0,0.0,1.0
Drug 4789,1,0.0,1.0
Drug 4790,0,0.0,1.0
Drug 4791,1,2.4,1.6
Drug 4793,0,0.0,1.0
Drug 4794,0,0.0,1.0
Drug 4796,1,0.0,1.0
Drug 4797,0,0.0,1.0
Drug 4798,0,0.0,1.0
Drug 4799,0,0.0,1.0
Drug 4800,0,0.0,1.0
Drug 4801,1,0.0,1.0
Drug 4802,0,0.0,1.0
Drug 4803,0,0.0,1.0
Drug 4804,1,0.0,1.0
Drug 4805,0,0.0,1.0
Drug 4806,0,1.1,1.275
Drug 4809,0,0.0,1.0
Drug 4811,1,0.0,1.0
Drug 4812,0,0.0,1.0
Drug 4813,1,0.0,1.0
Drug 4814,1,0.0,1.0
Drug 4815,0,0.0,1.0
Drug 4816,1,0.0,1.0
Drug 4817,1,0.0,1.0
Drug 4818,0,0.0,1.0
Drug 4820,1,1.1,1.275
Drug 4821,1,2.4,1.6
Drug 4822,1,0.0,1.0
Drug 4823,1,0.0,1.0
Drug 4824,0,0.0,1.0
Drug 4825,0,0.0,1.0
Drug 4826,0,0.0,1.0
Drug 4827,1,0.0,1.0
Drug 4828,0,0.0,1.0
Drug 4830,1,0.0,1.0
Drug 4831,1,0.0,1.0
Drug 4832,0,0.0,1.0
Drug 4833,1,0.0,1.0
Drug 4834,0,0.0,1.0
Drug 4835,0,0.0,1.0
Drug 4836,0,0.0,1.0
Drug 4837,1,0.0,1.0
Drug 4838,1,0.0,1.0
Drug 4839,1,0.0,1.0
Drug 4840,1,1.1,1.275
Drug 4841,0,0.0,1.0
Drug 4842,1,1.3,1.325
Drug 4843,0,0.0,1.0
Drug 4844,0,1.1,1.275
Drug 4845,0,0.0,1.0
Drug 4846,1,0.0,1.0
Drug 4848,1,0.0,1.0
Drug 4849,1,0.0,1.0
Drug 4851,0,0.0,1.0
Drug 4852,0,0.0,1.0
Drug 4853,1,0.0,1.0
Drug 4855,1,0.0,1.0
Drug 4856,1,0.0,1.0
Drug 4857,1,0.0,1.0
Drug 4858,1,0.0,1.0
Drug 4859,0,0.0,1.0
Drug 4860,1,0.0,1.0
Drug 4861,0,0.0,1.0
Drug 4862,1,1.1,1.275
Drug 4863,0,0.0,1.0
Drug 4865,1,0.0,1.0
Drug 4866,1,0.0,1.0
Drug 4868,1,0.0,1.0
Drug 4870,1,1.3,1.325
Drug 4872,0,0.0,1.0
Drug 4873,0,0.0,1.0
Drug 4874,0,0.0,1.0
Drug 4875,1,0.0,1.0
Drug 4877,1,0.9,1.225
Drug 4879,0,0.0,1.0
Drug 4880,0,0.0,1.0
Drug 4881,0,0.0,1.0
Drug 4882,1,0.0,1.0
Drug 4883,0,0.0,1.0
Drug 4884,1,0.0,1.0
Drug 4885,1,0.0,1.0
Drug 4887,1,0.0,1.0
Drug 4888,0,0.0,1.0
Drug 4889,1,0.0,1.0
Drug 4890,0,0.0,1.0
Drug 4891,1,0.0,1.0
Drug 4892,1,0.0,1.0
Drug 4893,0,0.0,1.0
Drug 4894,0,0.0,1.0
Drug 4895,1,0.0,1.0
Drug 4896,1,0.0,1.0
Drug 4898,0,0.0,1.0
Drug 4899,0,0.0,1.0
Drug 4900,0,0.0,1.0
Drug 4901,0,0.0,1.0
Drug 4902,1,2.4,1.6
Drug 4903,1,0.0,1.0
Drug 4904,1,0.0,1.0
Drug 4905,0,0.0,1.0
Drug 4906,1,1.1,1.275
Drug 4907,1,1.3,1.325
Drug 4909,0,0.0,1.0
Drug 4910,0,0.0,1.0
Drug 4911,1,1.3,1.325
Drug 4912,0,0.0,1.0
Drug 4913,0,2.4,1.6
Drug 4914,0,0.0,1.0
Drug 4915,0,0.0,1.0
Drug 4916,0,0.0,1.0
Drug 4917,1,1.1,1.275
Drug 4919,1,0.0,1.0
Drug 4920,1,0.0,1.0
Drug 4921,1,0.0,1.0
Drug 4922,1,2.4,1.6
Drug 4923,1,0.0,1.0
Drug 4925,1,0.0,1.0
Drug 4926,1,0.0,1.0
Drug 4927,1,0.0,1.0
Drug 4928,1,0.0,1.0
Drug 4930,1,0.0,1.0
Drug 4932,1,0.0,1.0
Drug 4933,0,0.0,1.0
Drug 4935,0,0.0,1.0
Drug 4936,0,0.0,1.0
Drug 4938,1,1.3,1.325
Drug 4939,1,0.0,1.0
Drug 4940,1,0.0,1.0
Drug 4941,1,0.0,1.0
Drug 4942,0,0.0,1.0
Drug 4943,1,0.0,1.0
Drug 4945,1,0.0,1.0
Drug 4946,1,1.1,1.275
Drug 4947,0,0.0,1.0
Drug 4948,0,0.0,1.0
Drug 4949,1,0.0,1.0
Drug 4952,0,0.0,1.0
Drug 4953,0,0.0,1.0
Drug 4954,0,0.0,1.0
Drug 4955,0,0.0,1.0
Drug 4956,0,0.0,1.0
Drug 4957,0,0.0,1.0
Drug 4958,1,0.0,1.0
Drug 4959,1,0.0,1.0
Drug 4960,0,0.0,1.0
Drug 4961,1,0.0,1.0
Drug 4963,1,0.9,1.225
Drug 4964,0,0.0,1.0
Drug 4965,0,0.0,1.0
Drug 4966,1,0.0,1.0
Drug 4967,0,0.0,1.0
Drug 4968,1,0.0,1.0
Drug 4969,1,2.4,1.6
Drug 4971,1,0.0,1.0
Drug 4973,1,1.3,1.325
Drug 4974,1,0.0,1.0
Drug 4975,0,0.0,1.0
Drug 4976,1,0.0,1.0
Drug 4977,0,0.0,1.0
Drug 4979,1,2.4,1.6
Drug 4980,0,0.0,1.0
Drug 4981,0,0.0,1.0
Drug 4982,0,0.0,1.0
Drug 4984,0,0.0,1.0
Drug 4985,0,0.0,1.0
Drug 4987,0,0.0,1.0
Drug 4989,1,0.0,1.0
Drug 4990,1,0.0,1.0
Drug 4991,0,0.0,1.0
Drug 4992,0,0.0,1.0
Drug 4993,1,1.1,1.275
Drug 4994,1,0.0,1.0
Drug 4996,1,2.4,1.6
Drug 4997,1,0.0,1.0
Drug 4999,0,0.0,1.0
Drug 5000,1,0.0,1.0
Drug 5002,1,0.0,1.0
Drug 5003,0,2.4,1.6
Drug 5005,0,0.0,1.0
Drug 5006,1,1.1,1.275
Drug 5007,0,0.0,1.0
Drug 5008,1,0.0,1.0
Drug 5009,1,2.4,1.6
Drug 5010,1,0.0,1.0
Drug 5011,1,0.0,1.0
Drug 5012,0,0.0,1.0
Drug 5013,1,0.0,1.0
Drug 5014,1,0.0,1.0
Drug 5015,0,0.0,1.0
Drug 5018,0,0.0,1.0
Drug 5020,1,0.0,1.0
Drug 5022,1,0.0,1.0
Drug 5023,0,0.0,1.0
Drug 5024,1,0.0,1.0
Drug 5026,0,0.0,1.0
Drug 5027,1,0.0,1.0
Drug 5028,1,0.0,1.0
Drug 5029,0,0.0,1.0
Drug 5031,1,0.0,1.0
Drug 5032,0,0.0,1.0
Drug 5033,1,1.3,1.325
Drug 5035,0,0.0,1.0
Drug 5036,1,0.0,1.0
Drug 5037,1,0.0,1.0
Drug 5039,0,0.0,1.0
Drug 5041,1,0.0,1.0
Drug 5042,0,1.1,1.275
Drug 5043,0,0.0,1.0
Drug 5045,0,0.0,1.0
Drug 5046,1,0.0,1.0
Drug 5050,1,0.0,1.0
Drug 5051,0,0.0,1.0
Drug 5052,0,0.0,1.0
Drug 5053,1,0.0,1.0
Drug 5054,0,0.0,1.0
Drug 5056,1,0.9,1.225
Drug 5057,1,0.0,1.0
Drug 5058,1,0.0,1.0
Drug 5059,0,0.0,1.0
Drug 5060,0,0.0,1.0
Drug 5061,1,0.0,1.0
Drug 5063,0,0.0,1.0
Drug 5065,1,0.0,1.0
Drug 5066,0,0.0,1.0
Drug 5067,1,1.1,1.275
Drug 5068,1,0.0,1.0
Drug 5070,0,0.0,1.0
Drug 5071,0,0.0,1.0
Drug 5072,0,0.0,1.0
Drug 5075,0,0.0,1.0
Drug 5076,1,0.0,1.0
Drug 5077,0,0.0,1.0
Drug 5078,1,0.0,1.0
Drug 5079,0,0.0,1.0
Drug 5080,0,0.0,1.0
Drug 5082,1,0.0,1.0
Drug 5083,0,0.0,1.0
Drug 5084,1,0.0,1.0
Drug 5086,1,0.0,1.0
Drug 5087,1,0.0,1.0
Drug 5088,0,0.0,1.0
Drug 5089,0,0.0,1.0
Drug 5090,1,0.0,1.0
Drug 5092,0,0.0,1.0
Drug 5093,1,0.0,1.0
Drug 5095,0,0.0,1.0
Drug 5097,1,2.4,1.6
Drug 5098,0,1.1,1.275
Drug 5100,1,0.0,1.0
Drug 5101,0,0.0,1.0
Drug 5104,1,0.0,1.0
Drug 5105,1,0.0,1.0
Drug 5107,0,0.0,1.0
Drug 5108,0,0.0,1.0
Drug 5109,0,0.0,1.0
Drug 5110,1,0.0,1.0
Drug 5111,1,0.0,1.0
Drug 5112,1,0.0,1.0
Drug 5114,1,2.4,1.6
Drug 5115,1,0.0,1.0
Drug 5117,1,0.0,1.0
Drug 5118,0,0.0,1.0
Drug 5119,1,0.0,1.0
Drug 5120,1,0.0,1.0
Drug 5121,0,0.0,1.0
Drug 5123,0,0.0,1.0
Drug 5125,0,0.0,1.0
Drug 5126,0,0.0,1.0
Drug 5127,0,0.0,1.0
Drug 5128,1,1.1,1.275
Drug 5129,1,0.0,1.0
Drug 5131,1,0.0,1.0
Drug 5132,1,0.0,1.0
Drug 5133,1,0.0,1.0
Drug 5134,0,0.0,1.0
Drug 5136,0,0.0,1.0
Drug 5137,0,0.0,1.0
Drug 5138,1,1.3,1.325
Drug 5139,1,1.3,1.325
Drug 5141,1,0.0,1.0
Drug 5142,1,2.4,1.6
Drug 5143,0,0.0,1.0
Drug 5144,0,0.0,1.0
Drug 5145,0,0.0,1.0
Drug 5146,0,0.0,1.0
Drug 5149,0,0.0,1.0
Drug 5152,0,0.0,1.0
Drug 5153,1,0.0,1.0
Drug 5154,0,0.0,1.0
Drug 5155,0,0.0,1.0
Drug 5156,1,0.0,1.0
Drug 5157,1,0.0,1.0
Drug 5159,0,0.0,1.0
Drug 5160,0,0.0,1.0
Drug 5162,0,0.0,1.0
Drug 5163,0,1.1,1.275
Drug 5164,0,0.0,1.0
Drug 5165,1,0.0,1.0
Drug 5167,0,0.0,1.0
Drug 5168,1,0.0,1.0
Drug 5169,1,0.0,1.0
Drug 5170,0,0.0,1.0
Drug 5171,0,0.0,1.0
Drug 5172,1,0.0,1.0
Drug 5173,0,0.0,1.0
Drug 5174,1,0.0,1.0
Drug 5175,1,2.4,1.6
Drug 5176,0,0.0,1.0
Drug 5177,1,0.0,1.0
Drug 5178,1,0.0,1.0
Drug 5179,1,1.1,1.275
Drug 5180,1,0.0,1.0
Drug 5181,1,1.3,1.325
Drug 5182,1,1.1,1.275
Drug 5183,1,0.0,1.0
Drug 5184,0,0.0,1.0
Drug 5185,1,2.4,1.6
Drug 5187,0,0.0,1.0
Drug 5188,1,0.0,1.0
Drug 5189,0,0.0,1.0
Drug 5190,1,0.0,1.0
Drug 5191,1,0.0,1.0
Drug 5192,0,0.0,1.0
Drug 5193,0,0.0,1.0
Drug 5194,1,0.0,1.0
Drug 5195,1,0.0,1.0
Drug 5196,1,0.0,1.0
Drug 5198,1,2.4,1.6
Drug 5199,1,1.1,1.275
Drug 5202,1,0.0,1.0
Drug 5203,0,0.0,1.0
Drug 5204,1,0.0,1.0
Drug 5205,0,0.0,1.0
Drug 5206,1,0.0,1.0
Drug 5207,0,0.0,1.0
Drug 5210,0,0.0,1.0
Drug 5211,1,0.0,1.0
Drug 5212,1,0.0,1.0
Drug 5213,0,0.0,1.0
Drug 5214,0,0.0,1.0
Drug 5215,1,0.0,1.0
Drug 5216,1,0.0,1.0
Drug 5217,0,0.0,1.0
Drug 5219,1,0.0,1.0
Drug 5220,1,0.0,1.0
Drug 5221,1,0.0,1.0
Drug 5222,0,0.0,1.0
Drug 5224,0,0.0,1.0
Drug 5226,0,0.0,1.0
Drug 5228,1,0.0,1.0
Drug 5230,0,0.0,1.0
Drug 5231,0,0.0,1.0
Drug 5232,0,0.0,1.0
Drug 5233,1,0.0,1.0
Drug 5234,0,0.0,1.0
Drug 5235,1,0.0,1.0
Drug 5236,0,0.0,1.0
Drug 5238,0,0.0,1.0
Drug 5239,0,0.0,1.0
Drug 5240,1,0.0,1.0
Drug 5241,1,0.0,1.0
Drug 5243,1,0.0,1.0
Drug 5244,1,0.0,1.0
Drug 5245,1,0.0,1.0
Drug 5246,1,1.1,1.275
Drug 5247,0,0.0,1.0
Drug 5248,1,0.0,1.0
Drug 5249,0,0.0,1.0
Drug 5251,1,0.0,1.0
Drug 5252,0,0.0,1.0
Drug 5253,1,0.0,1.0
Drug 5256,0,0.0,1.0
Drug 5257,0,0.0,1.0
Drug 5258,0,0.0,1.0
Drug 5259,1,0.0,1.0
Drug 5260,1,0.0,1.0
Drug 5261,0,0.0,1.0
Drug 5262,0,0.0,1.0
Drug 5264,0,0.0,1.0
Drug 5265,0,0.0,1.0
Drug 5266,0,0.0,1.0
Drug 5267,1,0.0,1.0
Drug 5268,0,2.4,1.6
Drug 5269,0,0.0,1.0
Drug 5270,1,0.0,1.0
Drug 5272,0,0.0,1.0
Drug 5273,1,0.0,1.0
Drug 5274,0,0.0,1.0
Drug 5277,1,0.0,1.0
Drug 5278,1,0.0,1.0
Drug 5279,0,0.0,1.0
Drug 5280,0,0.0,1.0
Drug 5281,1,0.0,1.0
Drug 5282,1,0.0,1.0
Drug 5283,1,0.0,1.0
Drug 5284,0,0.0,1.0
Drug 5285,1,0.0,1.0
Drug 5286,0,0.0,1.0
Drug 5288,0,0.0,1.0
Drug 5289,1,0.0,1.0
Drug 5290,0,0.0,1.0
Drug 5291,0,0.0,1.0
Drug 5292,1,2.4,1.6
Drug 5294,0,0.0,1.0
Drug 5295,0,0.0,1.0
Drug 5296,1,0.0,1.0
Drug 5297,0,0.0,1.0
Drug 5298,1,0.0,1.0
Drug 5301,0,0.0,1.0
Drug 5302,0,0.0,1.0
Drug 5303,1,0.0,1.0
Drug 5304,1,0.0,1.0
Drug 5305,1,0.0,1.0
Drug 5306,0,0.0,1.0
Drug 5307,1,0.9,1.225
Drug 5308,1,0.0,1.0
Drug 5309,1,1.3,1.325
Drug 5310,0,1.1,1.275
Drug 5311,0,0.0,1.0
Drug 5312,0,0.0,1.0
Drug 5314,1,0.0,1.0
Drug 5315,0,0.0,1.0
Drug 5317,0,1.1,1.275
Drug 5318,1,0.0,1.0
Drug 5319,0,0.0,1.0
Drug 5320,0,0.0,1.0
Drug 5321,0,0.0,1.0
Drug 5322,1,0.0,1.0
Drug 5323,1,0.0,1.0
Drug 5324,0,0.0,1.0
Drug 5325,1,0.0,1.0
Drug 5326,0,0.0,1.0
Drug 5327,0,0.9,1.225
Drug 5328,1,0.0,1.0
Drug 5329,1,2.4,1.6
Drug 5330,1,0.0,1.0
Drug 5331,0,0.0,1.0
Drug 5332,1,0.0,1.0
Drug 5333,1,0.0,1.0
Drug 5334,1,0.0,1.0
Drug 5336,0,0.0,1.0
Drug 5337,0,0.0,1.0
Drug 5338,0,0.0,1.0
Drug 5339,1,0.0,1.0
Drug 5341,0,0.0,1.0
Drug 5343,1,0.0,1.0
Drug 5344,1,0.0,1.0
Drug 5345,1,0.0,1.0
Drug 5346,0,0.0,1.0
Drug 5348,1,0.0,1.0
Drug 5351,1,0.0,1.0
Drug 5353,1,0.0,1.0
Drug 5354,1,0.0,1.0
Drug 5355,1,0.0,1.0
Drug 5356,1,0.0,1.0
Drug 5357,0,0.0,1.0
Drug 5358,1,0.0,1.0
Drug 5359,1,0.0,1.0
Drug 5360,0,0.0,1.0
Drug 5361,0,0.0,1.0
Drug 5362,0,0.0,1.0
Drug 5364,0,0.0,1.0
Drug 5365,0,0.0,1.0
Drug 5366,0,0.0,1.0
Drug 5367,0,1.1,1.275
Drug 5368,1,0.0,1.0
Drug 5370,1,1.1,1.275
Drug 5371,0,0.0,1.0
Drug 5372,0,0.0,1.0
Drug 5374,1,0.0,1.0
Drug 5375,1,0.0,1.0
Drug 5376,1,0.0,1.0
Drug 5377,1,0.0,1.0
Drug 5379,1,0.0,1.0
Drug 5381,1,0.0,1.0
Drug 5382,0,1.1,1.275
Drug 5383,1,0.0,1.0
Drug 5384,1,0.0,1.0
Drug 5385,1,0.0,1.0
Drug 5386,0,0.0,1.0
Drug 5387,0,0.0,1.0
Drug 5388,0,0.0,1.0
Drug 5389,1,1.1,1.275
Drug 5390,1,0.0,1.0
Drug 5393,0,0.0,1.0
Drug 5394,0,0.0,1.0
Drug 5396,1,0.0,1.0
Drug 5398,1,0.0,1.0
Drug 5399,0,0.0,1.0
Drug 5400,0,0.0,1.0
Drug 5401,0,0.0,1.0
Drug 5403,0,0.0,1.0
Drug 5404,0,0.0,1.0
Drug 5405,0,0.0,1.0
Drug 5406,1,0.0,1.0
Drug 5407,0,0.0,1.0
Drug 5410,1,0.0,1.0
Drug 5411,1,0.0,1.0
Drug 5413,0,0.0,1.0
Drug 5414,0,0.0,1.0
Drug 5415,0,2.4,1.6
Drug 5416,0,0.0,1.0
Drug 5417,1,1.1,1.275
Drug 5420,1,0.0,1.0
Drug 5422,1,0.0,1.0
Drug 5423,1,0.0,1.0
Drug 5424,0,0.0,1.0
Drug 5425,0,0.0,1.0
Drug 5426,0,0.0,1.0
Drug 5427,1,0.0,1.0
Drug 5428,0,0.0,1.0
Drug 5430,0,0.0,1.0
Drug 5431,0,0.0,1.0
Drug 5432,0,0.0,1.0
Drug 5433,0,0.0,1.0
Drug 5434,1,0.0,1.0
Drug 5436,0,0.0,1.0
Drug 5437,1,0.0,1.0
Drug 5438,1,0.0,1.0
Drug 5439,0,0.0,1.0
Drug 5440,1,2.4,1.6
Drug 5441,0,0.9,1.225
Drug 5442,1,0.0,1.0
Drug 5443,0,0.0,1.0
Drug 5444,0,0.0,1.0
Drug 5445,0,0.0,1.0
Drug 5446,0,0.0,1.0
Drug 5449,0,0.0,1.0
Drug 5451,0,0.0,1.0
Drug 5452,1,0.0,1.0
Drug 5453,0,0.0,1.0
Drug 5454,0,1.1,1.275
Drug 5455,1,0.0,1.0
Drug 5456,0,0.0,1.0
Drug 5458,1,0.0,1.0
Drug 5459,1,0.0,1.0
Drug 5460,0,0.0,1.0
Drug 5461,0,0.0,1.0
Drug 5463,0,1.3,1.325
Drug 5464,1,0.0,1.0
Drug 5465,1,0.0,1.0
Drug 5466,0,0.0,1.0
Drug 5467,1,0.0,1.0
Drug 5468,1,0.0,1.0
Drug 5469,1,0.0,1.0
Drug 5470,1,0.0,1.0
Drug 5471,0,0.0,1.0
Drug 5472,0,0.0,1.0
Drug 5473,0,0.0,1.0
Drug 5474,1,0.0,1.0
Drug 5475,0,0.0,1.0
Drug 5477,1,0.0,1.0
Drug 5478,1,0.0,1.0
Drug 5480,0,0.0,1.0
Drug 5481,0,0.0,1.0
Drug 5482,0,0.0,1.0
Drug 5483,1,0.0,1.0
Drug 5484,0,0.0,1.0
Drug 5485,1,0.0,1.0
Drug 5486,0,0.9,1.225
Drug 5487,0,0.0,1.0
Drug 5488,1,0.0,1.0
Drug 5489,1,0.0,1.0
Drug 5491,1,0.0,1.0
Drug 5492,1,0.0,1.0
Drug 5493,0,0.0,1.0
Drug 5495,0,0.0,1.0
Drug 5496,0,0.0,1.0
Drug 5497,0,0.0,1.0
Drug 5499,1,0.0,1.0
Drug 5500,1,0.0,1.0
Drug 5504,1,0.0,1.0
Drug 5505,1,0.0,1.0
Drug 5506,1,0.0,1.0
Drug 5508,0,0.0,1.0
Drug 5509,1,0.0,1.0
Drug 5510,0,0.0,1.0
Drug 5511,0,0.0,1.0
Drug 5512,1,0.0,1.0
Drug 5514,0,0.0,1.0
Drug 5515,0,0.0,1.0
Drug 5517,1,0.0,1.0
Drug 5518,1,2.4,1.6
Drug 5520,0,0.0,1.0
Drug 5521,1,1.1,1.275
Drug 5524,1,0.0,1.0
Drug 5525,0,0.0,1.0
Drug 5528,0,0.0,1.0
Drug 5529,1,1.1,1.275
Drug 5530,0,0.0,1.0
Drug 5531,1,0.0,1.0
Drug 5533,1,0.0,1.0
Drug 5534,1,0.0,1.0
Drug 5535,1,0.0,1.0
Drug 5536,0,0.0,1.0
Drug 5537,0,0.0,1.0
Drug 5538,0,0.0,1.0
Drug 5539,1,0.0,1.0
Drug 5540,0,2.4,1.6
Drug 5542,0,0.0,1.0
Drug 5543,0,0.0,1.0
Drug 5544,1,0.0,1.0
Drug 5545,0,0.0,1.0
Drug 5546,0,0.0,1.0
Drug 5550,1,0.0,1.0
Drug 5552,1,0.0,1.0
Drug 5553,0,0.0,1.0
Drug 5555,1,0.0,1.0
Drug 5556,0,0.0,1.0
Drug 5558,0,0.0,1.0
Drug 5559,1,0.0,1.0
Drug 5564,0,0.0,1.0
Drug 5568,0,0.0,1.0
Drug 5569,0,0.0,1.0
Drug 5570,0,0.0,1.0
Drug 5571,1,0.0,1.0
Drug 5573,1,1.3,1.325
Drug 5574,0,0.0,1.0
Drug 5576,1,0.0,1.0
Drug 5577,0,0.0,1.0
Drug 5578,1,0.0,1.0
Drug 5579,0,0.0,1.0
Drug 5580,0,0.0,1.0
Drug 5581,1,0.0,1.0
Drug 5584,0,0.0,1.0
Drug 5585,1,1.1,1.275
Drug 5588,1,0.0,1.0
Drug 5589,0,0.0,1.0
Drug 5590,1,0.0,1.0
Drug 5591,0,0.0,1.0
Drug 5592,1,0.0,1.0
Drug 5593,1,0.0,1.0
Drug 5594,0,0.0,1.0
Drug 5595,1,0.0,1.0
Drug 5596,0,0.0,1.0
Drug 5598,1,0.0,1.0
Drug 5599,1,0.0,1.0
Drug 5601,1,0.0,1.0
Drug 5602,1,0.0,1.0
Drug 5603,0,0.0,1.0
Drug 5605,1,0.0,1.0
Drug 5607,0,0.0,1.0
Drug 5608,1,0.0,1.0
Drug 5609,1,0.0,1.0
Drug 5612,1,0.0,1.0
Drug 5613,1,1.3,1.325
Drug 5614,1,1.1,1.275
Drug 5616,1,0.0,1.0
Drug 5617,1,0.0,1.0
Drug 5618,1,0.0,1.0
Drug 5620,1,0.0,1.0
Drug 5621,0,0.0,1.0
Drug 5622,0,0.0,1.0
Drug 5624,1,0.0,1.0
Drug 5625,1,0.0,1.0
Drug 5626,1,0.0,1.0
Drug 5627,1,0.0,1.0
Drug 5629,1,0.0,1.0
Drug 5630,1,0.0,1.0
Drug 5631,0,0.0,1.0
Drug 5633,0,0.0,1.0
Drug 5636,1,0.0,1.0
Drug 5637,0,0.0,1.0
Drug 5638,0,0.0,1.0
Drug 5640,0,1.1,1.275
Drug 5641,1,1.1,1.275
Drug 5642,0,0.0,1.0
Drug 5643,0,0.0,1.0
Drug 5644,0,0.0,1.0
Drug 5647,0,0.0,1.0
Drug 5648,0,0.0,1.0
Drug 5649,1,0.0,1.0
Drug 5650,1,0.0,1.0
Drug 5652,1,0.0,1.0
Drug 5653,0,2.4,1.6
Drug 5655,0,0.0,1.0
Drug 5657,0,0.0,1.0
Drug 5658,1,0.0,1.0
Drug 5660,0,0.0,1.0
Drug 5661,0,0.0,1.0
Drug 5662,1,2.4,1.6
Drug 5663,1,0.0,1.0
Drug 5664,0,0.0,1.0
Drug 5667,0,0.0,1.0
Drug 5668,0,0.0,1.0
Drug 5670,0,0.0,1.0
Drug 5672,0,0.0,1.0
Drug 5673,1,0.0,1.0
Drug 5674,1,0.0,1.0
Drug 5675,0,0.0,1.0
Drug 5676,0,0.0,1.0
Drug 5677,1,0.0,1.0
Drug 5678,0,0.0,1.0
Drug 5679,1,0.0,1.0
Drug 5681,1,0.0,1.0
Drug 5682,0,0.0,1.0
Drug 5683,0,0.0,1.0
Drug 5684,0,0.0,1.0
Drug 5685,1,0.0,1.0
Drug 5686,1,0.0,1.0
Drug 5688,0,0.0,1.0
Drug 5689,0,0.0,1.0
Drug 5690,0,0.0,1.0
Drug 5691,1,0.0,1.0
Drug 5692,0,0.0,1.0
Drug 5693,0,0.0,1.0
Drug 5695,1,0.0,1.0
Drug 5698,1,0.0,1.0
Drug 5699,0,0.0,1.0
Drug 5700,0,0.0,1.0
Drug 5701,1,0.0,1.0
Drug 5703,0,0.0,1.0
Drug 5704,1,0.0,1.0
Drug 5705,1,0.0,1.0
Drug 5706,0,0.0,1.0
Drug 5707,0,0.0,1.0
Drug 5708,0,0.0,1.0
Drug 5709,1,0.0,1.0
Drug 5711,1,1.1,1.275
Drug 5715,1,0.0,1.0
Drug 5716,1,0.0,1.0
Drug 5717,1,0.0,1.0
Drug 5718,1,0.0,1.0
Drug 5719,1,0.0,1.0
Drug 5721,1,0.0,1.0
Drug 5724,0,0.0,1.0
Drug 5727,0,0.0,1.0
Drug 5730,0,0.0,1.0
Drug 5731,0,0.0,1.0
Drug 5732,1,1.3,1.325
Drug 5733,0,0.0,1.0
Drug 5734,0,0.0,1.0
Drug 5735,0,0.0,1.0
Drug 5737,1,0.0,1.0
Drug 5738,0,0.0,1.0
Drug 5739,0,0.0,1.0
Drug 5740,1,0.0,1.0
Drug 5741,1,0.0,1.0
Drug 5742,0,0.0,1.0
Drug 5743,0,0.0,1.0
Drug 5744,1,0.0,1.0
Drug 5746,1,0.0,1.0
Drug 5747,1,1.1,1.275
Drug 5748,1,2.4,1.6
Drug 5749,1,0.0,1.0
Drug 5750,1,2.4,1.6
Drug 5751,0,0.0,1.0
Drug 5752,1,0.0,1.0
Drug 5757,0,0.0,1.0
Drug 5758,1,0.0,1.0
Drug 5759,0,0.0,1.0
Drug 5760,1,2.4,1.6
Drug 5761,0,0.0,1.0
Drug 5762,0,0.0,1.0
Drug 5764,0,0.0,1.0
Drug 5765,0,0.0,1.0
Drug 5766,0,1.1,1.275
Drug 5767,1,0.0,1.0
Drug 5768,0,0.0,1.0
Drug 5769,0,0.0,1.0
Drug 5770,0,0.0,1.0
Drug 5771,1,0.0,1.0
Drug 5772,1,0.0,1.0
Drug 5773,1,0.0,1.0
Drug 5774,0,0.0,1.0
Drug 5775,1,0.0,1.0
Drug 5776,1,0.0,1.0
Drug 5777,0,0.0,1.0
Drug 5778,0,0.0,1.0
Drug 5780,1,1.1,1.275
Drug 5781,0,0.0,1.0
Drug 5782,1,0.0,1.0
Drug 5783,1,0.0,1.0
Drug 5784,0,0.0,1.0
Drug 5785,0,0.0,1.0
Drug 5786,0,2.4,1.6
Drug 5787,0,0.0,1.0
Drug 5789,1,1.1,1.275
Drug 5790,1,0.0,1.0
Drug 5791,1,1.3,1.325
Drug 5792,1,0.0,1.0
Drug 5793,1,0.0,1.0
Drug 5794,0,0.0,1.0
Drug 5795,1,0.0,1.0
Drug 5796,1,0.0,1.0
Drug 5797,0,1.1,1.275
Drug 5798,0,0.0,1.0
Drug 5799,0,0.0,1.0
Drug 5800,0,0.0,1.0
Drug 5801,1,0.0,1.0
Drug 5802,0,0.0,1.0
Drug 5803,0,0.0,1.0
Drug 5804,0,0.0,1.0
Drug 5805,0,0.0,1.0
Drug 5806,1,0.0,1.0
Drug 5807,0,0.0,1.0
Drug 5808,0,0.0,1.0
Drug 5809,0,0.0,1.0
Drug 5811,1,0.0,1.0
Drug 5813,0,0.0,1.0
Drug 5814,0,0.0,1.0
Drug 5816,1,0.0,1.0
Drug 5817,0,0.0,1.0
Drug 5818,0,0.0,1.0
Drug 5819,1,0.0,1.0
Drug 5821,1,2.4,1.6
Drug 5822,0,0.0,1.0
Drug 5823,1,0.0,1.0
Drug 5824,1,0.0,1.0
Drug 5825,0,0.0,1.0
Drug 5827,0,0.0,1.0
Drug 5828,1,0.0,1.0
Drug 5829,0,0.0,1.0
Drug 5830,0,0.0,1.0
Drug 5831,1,0.0,1.0
Drug 5832,0,0.0,1.0
Drug 5833,1,0.0,1.0
Drug 5834,1,1.3,1.325
Drug 5836,0,0.0,1.0
Drug 5837,0,0.0,1.0
Drug 5838,0,0.0,1.0
Drug 5839,1,0.0,1.0
Drug 5841,1,0.0,1.0
Drug 5845,0,0.0,1.0
Drug 5846,0,0.0,1.0
Drug 5849,0,0.0,1.0
Drug 5850,1,0.0,1.0
Drug 5851,0,0.0,1.0
Drug 5853,1,0.0,1.0
Drug 5855,1,2.4,1.6
Drug 5856,1,0.0,1.0
Drug 5857,1,0.0,1.0
Drug 5858,0,0.0,1.0
Drug 5859,1,0.0,1.0
Drug 5860,1,0.0,1.0
Drug 5861,1,0.0,1.0
Drug 5863,0,0.0,1.0
Drug 5864,1,0.0,1.0
Drug 5865,0,0.0,1.0
Drug 5866,1,0.0,1.0
Drug 5867,0,1.1,1.275
Drug 5868,1,1.1,1.275
Drug 5869,0,0.0,1.0
Drug 5870,1,0.0,1.0
Drug 5871,1,0.0,1.0
Drug 5872,0,0.0,1.0
Drug 5873,1,0.0,1.0
Drug 5874,1,0.0,1.0
Drug 5875,1,0.0,1.0
Drug 5876,0,0.0,1.0
Drug 5877,0,0.0,1.0
Drug 5879,1,0.0,1.0
Drug 5880,0,0.0,1.0
Drug 5881,1,1.1,1.275
Drug 5882,1,0.9,1.225
Drug 5884,0,0.0,1.0
Drug 5885,1,0.0,1.0
Drug 5886,1,0.0,1.0
Drug 5887,0,0.0,1.0
Drug 5889,1,0.0,1.0
Drug 5890,1,0.0,1.0
Drug 5891,1,0.0,1.0
Drug 5892,1,0.0,1.0
Drug 5893,0,0.0,1.0
Drug 5894,1,2.4,1.6
Drug 5895,1,1.1,1.275
Drug 5896,0,0.0,1.0
Drug 5897,0,0.0,1.0
Drug 5898,1,0.0,1.0
Drug 5899,1,1.1,1.275
Drug 5900,1,0.0,1.0
Drug 5901,1,0.0,1.0
Drug 5902,0,0.0,1.0
Drug 5904,0,0.0,1.0
Drug 5906,0,0.0,1.0
Drug 5907,0,0.0,1.0
Drug 5908,1,0.0,1.0
Drug 5910,1,0.0,1.0
Drug 5913,1,0.0,1.0
Drug 5914,0,0.0,1.0
Drug 5915,1,0.0,1.0
Drug 5916,1,0.0,1.0
Drug 5917,1,0.0,1.0
Drug 5918,0,0.0,1.0
Drug 5919,0,0.0,1.0
Drug 5920,0,2.4,1.6
Drug 5921,0,0.0,1.0
Drug 5922,1,0.0,1.0
Drug 5923,0,0.0,1.0
Drug 5924,0,0.0,1.0
Drug 5925,1,0.0,1.0
Drug 5926,1,0.0,1.0
Drug 5927,1,1.1,1.275
Drug 5930,0,0.0,1.0
Drug 5931,0,0.0,1.0
Drug 5932,0,0.0,1.0
Drug 5933,0,0.0,1.0
Drug 5934,1,0.0,1.0
Drug 5935,0,0.0,1.0
Drug 5937,0,0.0,1.0
Drug 5938,1,0.0,1.0
Drug 5939,0,0.0,1.0
Drug 5940,1,0.0,1.0
Drug 5941,1,1.3,1.325
Drug 5942,0,0.0,1.0
Drug 5943,0,0.0,1.0
Drug 5944,0,0.0,1.0
Drug 5946,1,1.3,1.325
Drug 5947,0,0.0,1.0
Drug 5948,0,0.0,1.0
Drug 5949,0,1.1,1.275
Drug 5950,1,0.0,1.0
Drug 5952,0,0.0,1.0
Drug 5953,0,0.0,1.0
Drug 5954,1,0.0,1.0
Drug 5956,0,0.0,1.0
Drug 5957,0,0.0,1.0
Drug 5958,1,0.0,1.0
Drug 5959,1,0.0,1.0
Drug 5960,1,0.0,1.0
Drug 5961,1,1.3,1.325
Drug 5963,1,0.0,1.0
Drug 5964,0,0.0,1.0
Drug 5965,0,0.9,1.225
Drug 5966,0,1.1,1.275
Drug 5967,1,0.0,1.0
Drug 5968,1,0.0,1.0
Drug 5969,0,0.0,1.0
Drug 5970,0,0.0,1.0
Drug 5971,0,0.0,1.0
Drug 5973,0,0.0,1.0
Drug 5974,1,2.4,1.6
Drug 5975,0,0.0,1.0
Drug 5976,1,0.0,1.0
Drug 5977,1,0.0,1.0
Drug 5978,1,0.0,1.0
Drug 5979,0,0.0,1.0
Drug 5980,1,0.0,1.0
Drug 5981,1,2.4,1.6
Drug 5982,0,0.0,1.0
Drug 5984,1,0.0,1.0
Drug 5985,0,0.0,1.0
Drug 5986,0,0.0,1.0
Drug 5987,1,0.0,1.0
Drug 5988,1,0.0,1.0
Drug 5989,1,1.1,1.275
Drug 5990,1,0.0,1.0
Drug 5991,1,0.0,1.0
Drug 5992,0,1.1,1.275
Drug 5993,1,0.0,1.0
Drug 5994,0,0.0,1.0
Drug 5996,0,0.0,1.0
Drug 5997,1,0.0,1.0
Drug 5999,1,0.0,1.0
Drug 6000,1,0.0,1.0
Drug 6001,1,0.0,1.0
Drug 6003,0,0.0,1.0
Drug 6005,1,0.0,1.0
Drug 6007,0,1.1,1.275
Drug 6008,0,0.0,1.0
Drug 6009,1,0.0,1.0
Drug 6010,1,1.1,1.275
Drug 6011,1,0.0,1.0
Drug 6012,1,0.0,1.0
Drug 6013,1,2.4,1.6
Drug 6014,0,0.0,1.0
Drug 6015,1,0.0,1.0
Drug 6016,1,2.4,1.6
Drug 6020,0,0.0,1.0
Drug 6021,0,0.0,1.0
Drug 6022,1,2.4,1.6
Drug 6024,0,0.0,1.0
Drug 6025,1,0.0,1.0
Drug 6026,0,0.0,1.0
Drug 6027,1,0.0,1.0
Drug 6028,0,0.0,1.0
Drug 6029,1,0.0,1.0
Drug 6030,1,2.4,1.6
Drug 6031,0,0.0,1.0
Drug 6032,0,0.0,1.0
Drug 6033,1,0.0,1.0
Drug 6034,0,0.0,1.0
Drug 6037,1,0.0,1.0
Drug 6038,0,0.0,1.0
Drug 6039,0,0.0,1.0
Drug 6040,1,0.0,1.0
Drug 6041,0,0.0,1.0
Drug 6042,1,0.0,1.0
Drug 6043,1,1.1,1.275
Drug 6044,1,0.0,1.0
Drug 6045,1,1.1,1.275
Drug 6046,0,0.0,1.0
Drug 6047,1,0.0,1.0
Drug 6048,0,1.3,1.325
Drug 6049,1,0.0,1.0
Drug 6050,0,0.0,1.0
Drug 6052,1,0.0,1.0
Drug 6053,1,0.0,1.0
Drug 6055,1,0.0,1.0
Drug 6057,1,0.0,1.0
Drug 6058,1,2.4,1.6
Drug 6059,0,0.0,1.0
Drug 6060,1,0.0,1.0
Drug 6061,0,0.0,1.0
Drug 6062,0,0.0,1.0
Drug 6063,1,0.0,1.0
Drug 6064,0,0.0,1.0
Drug 6065,1,0.0,1.0
Drug 6066,0,0.9,1.225
Drug 6067,1,0.0,1.0
Drug 6069,0,0.0,1.0
Drug 6070,1,0.0,1.0
Drug 6071,0,0.0,1.0
Drug 6072,1,1.1,1.275
Drug 6073,1,0.0,1.0
Drug 6074,0,0.0,1.0
Drug 6075,0,0.0,1.0
Drug 6076,1,0.0,1.0
Drug 6077,0,0.0,1.0
Drug 6078,0,0.0,1.0
Drug 6079,1,0.0,1.0
Drug 6083,1,0.0,1.0
Drug 6085,0,0.0,1.0
Drug 6086,1,0.0,1.0
Drug 6087,1,2.4,1.6
Drug 6088,1,1.3,1.325
Drug 6089,0,0.0,1.0
Drug 6090,1,0.0,1.0
Drug 6091,0,0.0,1.0
Drug 6092,0,0.0,1.0
Drug 6093,0,0.0,1.0
Drug 6094,0,0.0,1.0
Drug 6097,0,0.0,1.0
Drug 6098,1,0.0,1.0
Drug 6100,0,0.0,1.0
Drug 6101,0,0.0,1.0
Drug 6102,1,0.0,1.0
Drug 6103,1,0.0,1.0
Drug 6104,1,0.0,1.0
Drug 6107,0,0.0,1.0
Drug 6108,0,0.0,1.0
Drug 6109,0,0.0,1.0
Drug 6110,0,0.0,1.0
Drug 6111,1,0.0,1.0
Drug 6114,0,0.0,1.0
Drug 6115,0,0.0,1.0
Drug 6116,1,0.0,1.0
Drug 6117,0,0.0,1.0
Drug 6118,1,0.0,1.0
Drug 6119,0,0.0,1.0
Drug 6120,1,2.4,1.6
Drug 6121,1,1.3,1.325
Drug 6122,1,0.0,1.0
Drug 6123,1,1.1,1.275
Drug 6124,1,0.0,1.0
Drug 6125,0,0.0,1.0
Drug 6126,0,0.0,1.0
Drug 6127,1,1.1,1.275
Drug 6128,0,0.0,1.0
Drug 6129,1,0.0,1.0
Drug 6132,0,0.0,1.0
Drug 6133,0,0.0,1.0
Drug 6135,0,1.1,1.275
Drug 6136,1,0.0,1.0
Drug 6137,0,0.0,1.0
Drug 6138,1,0.0,1.0
Drug 6139,0,0.0,1.0
Drug 6140,0,1.1,1.275
Drug 6141,0,0.0,1.0
Drug 6142,0,0.0,1.0
Drug 6144,1,0.0,1.0
Drug 6147,1,0.0,1.0
Drug 6148,1,0.0,1.0
Drug 6149,1,0.0,1.0
Drug 6150,1,0.0,1.0
Drug 6152,1,0.0,1.0
Drug 6153,1,0.0,1.0
Drug 6154,1,0.0,1.0
Drug 6155,1,2.4,1.6
Drug 6156,1,0.0,1.0
Drug 6157,1,0.0,1.0
Drug 6159,0,0.0,1.0
Drug 6160,1,0.0,1.0
Drug 6161,1,0.0,1.0
Drug 6162,1,2.4,1.6
Drug 6163,1,0.0,1.0
Drug 6164,0,0.0,1.0
Drug 6166,0,0.0,1.0
Drug 6167,0,0.0,1.0
Drug 6168,0,0.0,1.0
Drug 6169,0,0.0,1.0
Drug 6171,1,0.0,1.0
Drug 6174,1,0.0,1.0
Drug 6175,0,0.0,1.0
Drug 6177,1,0.0,1.0
Drug 6178,0,0.0,1.0
Drug 6179,0,0.0,1.0
Drug 6180,0,0.0,1.0
Drug 6181,0,0.0,1.0
Drug 6182,1,0.0,1.0
Drug 6183,0,0.0,1.0
Drug 6186,1,1.3,1.325
Drug 6187,1,0.0,1.0
Drug 6188,1,0.9,1.225
Drug 6190,0,0.0,1.0
Drug 6191,1,0.0,1.0
Drug 6192,1,0.9,1.225
Drug 6194,1,0.0,1.0
Drug 6195,1,1.3,1.325
Drug 6196,0,0.0,1.0
Drug 6197,1,0.0,1.0
Drug 6198,0,0.0,1.0
Drug 6199,1,0.0,1.0
Drug 6200,0,0.0,1.0
Drug 6201,0,0.0,1.0
Drug 6205,1,0.0,1.0
Drug 6206,1,1.3,1.325
Drug 6207,1,0.0,1.0
Drug 6208,0,0.0,1.0
Drug 6210,0,0.0,1.0
Drug 6211,0,0.0,1.0
Drug 6212,1,0.0,1.0
Drug 6213,1,0.0,1.0
Drug 6216,0,0.0,1.0
Drug 6217,0,0.0,1.0
Drug 6218,0,0.0,1.0
Drug 6219,0,0.0,1.0
Drug 6220,0,0.0,1.0
Drug 6221,0,0.9,1.225
Drug 6222,1,0.0,1.0
Drug 6223,1,0.0,1.0
Drug 6225,1,2.4,1.6
Drug 6227,1,1.1,1.275
Drug 6228,0,0.0,1.0
Drug 6229,1,0.0,1.0
Drug 6231,0,0.0,1.0
Drug 6232,1,0.0,1.0
Drug 6233,0,0.0,1.0
Drug 6234,1,0.0,1.0
Drug 6235,1,1.1,1.275
Drug 6236,0,0.0,1.0
Drug 6237,1,0.0,1.0
Drug 6238,0,1.1,1.275
Drug 6239,1,0.0,1.0
Drug 6240,1,1.1,1.275
Drug 6242,1,0.0,1.0
Drug 6243,0,0.0,1.0
Drug 6244,1,0.0,1.0
Drug 6245,0,0.0,1.0
Drug 6246,1,0.0,1.0
Drug 6247,0,0.0,1.0
Drug 6248,0,0.0,1.0
Drug 6249,1,0.0,1.0
Drug 6250,1,0.0,1.0
Drug 6251,0,0.0,1.0
Drug 6252,1,0.0,1.0
Drug 6253,1,0.0,1.0
Drug 6254,1,0.0,1.0
Drug 6255,1,0.0,1.0
Drug 6256,1,0.0,1.0
Drug 6257,0,0.0,1.0
Drug 6258,1,0.0,1.0
Drug 6259,1,1.1,1.275
Drug 6261,0,0.0,1.0
Drug 6268,1,0.0,1.0
Drug 6269,1,0.0,1.0
Drug 6270,0,0.0,1.0
Drug 6271,1,0.0,1.0
Drug 6272,0,0.0,1.0
Drug 6273,1,0.0,1.0
Drug 6274,1,0.0,1.0
Drug 6275,0,0.0,1.0
Drug 6276,0,1.1,1.275
Drug 6277,0,0.0,1.0
Drug 6278,1,0.0,1.0
Drug 6279,1,0.0,1.0
Drug 6283,0,0.0,1.0
Drug 6284,0,0.0,1.0
Drug 6285,1,0.0,1.0
Drug 6286,0,0.0,1.0
Drug 6288,0,0.0,1.0
Drug 6290,1,0.0,1.0
Drug 6291,1,0.0,1.0
Drug 6292,0,1.1,1.275
Drug 6293,1,0.0,1.0
Drug 6294,0,0.0,1.0
Drug 6295,1,0.0,1.0
Drug 6296,0,0.0,1.0
Drug 6298,1,0.0,1.0
Drug 6300,1,0.0,1.0
Drug 6303,1,0.0,1.0
Drug 6304,1,0.9,1.225
Drug 6305,1,0.0,1.0
Drug 6306,1,1.3,1.325
Drug 6307,0,0.0,1.0
Drug 6308,1,1.3,1.325
Drug 6309,0,0.0,1.0
Drug 6311,0,0.0,1.0
Drug 6312,1,0.0,1.0
Drug 6314,0,1.1,1.275
Drug 6315,1,0.0,1.0
Drug 6317,0,0.0,1.0
Drug 6320,0,0.0,1.0
Drug 6321,0,0.0,1.0
Drug 6322,1,0.0,1.0
Drug 6324,1,0.0,1.0
Drug 6325,1,0.0,1.0
Drug 6326,1,0.0,1.0
Drug 6327,1,0.0,1.0
Drug 6328,1,0.0,1.0
Drug 6329,1,0.0,1.0
Drug 6332,0,0.0,1.0
Drug 6334,0,0.0,1.0
Drug 6335,0,0.0,1.0
Drug 6336,0,0.0,1.0
Drug 6337,1,0.0,1.0
Drug 6338,1,0.0,1.0
Drug 6340,0,0.0,1.0
Drug 6341,0,0.0,1.0
Drug 6342,0,0.0,1.0
Drug 6343,0,0.0,1.0
Drug 6344,0,0.0,1.0
Drug 6347,0,0.0,1.0
Drug 6348,0,0.0,1.0
Drug 6349,1,0.0,1.0
Drug 6350,1,0.0,1.0
Drug 6351,0,0.0,1.0
Drug 6352,1,0.0,1.0
Drug 6355,1,0.0,1.0
Drug 6356,1,0.0,1.0
Drug 6357,1,0.0,1.0
Drug 6359,0,0.0,1.0
Drug 6360,1,0.0,1.0
Drug 6361,0,0.0,1.0
Drug 6362,0,0.0,1.0
Drug 6367,1,0.9,1.225
Drug 6368,1,0.9,1.225
Drug 6369,1,0.0,1.0
Drug 6370,0,0.0,1.0
Drug 6371,0,0.0,1.0
Drug 6373,0,0.0,1.0
Drug 6374,0,1.1,1.275
Drug 6376,0,0.0,1.0
Drug 6378,0,0.0,1.0
Drug 6379,1,0.0,1.0
Drug 6380,1,0.0,1.0
Drug 6383,1,0.0,1.0
Drug 6384,0,0.0,1.0
Drug 6385,1,0.0,1.0
Drug 6386,1,0.9,1.225
Drug 6387,0,0.0,1.0
Drug 6388,1,0.0,1.0
Drug 6389,1,0.0,1.0
Drug 6390,1,0.0,1.0
Drug 6391,1,0.0,1.0
Drug 6392,1,2.4,1.6
Drug 6393,1,0.0,1.0
Drug 6395,1,0.0,1.0
Drug 6397,0,0.0,1.0
Drug 6398,1,0.0,1.0
Drug 6401,0,0.0,1.0
Drug 6405,1,1.1,1.275
Drug 6407,0,0.0,1.0
Drug 6408,0,0.0,1.0
Drug 6410,1,0.0,1.0
Drug 6411,0,0.0,1.0
Drug 6412,1,0.0,1.0
Drug 6413,1,0.0,1.0
Drug 6414,1,0.0,1.0
Drug 6415,1,2.4,1.6
Drug 6418,0,0.0,1.0
Drug 6420,1,0.9,1.225
Drug 6421,1,0.0,1.0
Drug 6422,0,0.0,1.0
Drug 6424,0,0.0,1.0
Drug 6425,1,0.0,1.0
Drug 6426,1,1.1,1.275
Drug 6427,1,1.1,1.275
Drug 6428,1,1.1,1.275
Drug 6429,1,1.1,1.275
Drug 6431,1,0.0,1.0
Drug 6432,0,0.0,1.0
Drug 6434,0,0.0,1.0
Drug 6435,0,0.0,1.0
Drug 6436,1,0.0,1.0
Drug 6439,0,0.0,1.0
Drug 6440,0,0.0,1.0
Drug 6443,0,0.0,1.0
Drug 6445,0,0.0,1.0
Drug 6446,1,1.1,1.275
Drug 6447,0,0.0,1.0
Drug 6448,0,0.0,1.0
Drug 6452,1,2.4,1.6
Drug 6453,1,2.4,1.6
Drug 6454,0,0.0,1.0
Drug 6455,1,0.0,1.0
Drug 6456,1,1.1,1.275
Drug 6459,0,0.0,1.0
Drug 6461,0,0.0,1.0
Drug 6463,0,0.0,1.0
Drug 6465,0,0.0,1.0
Drug 6467,0,0.0,1.0
Drug 6469,0,0.0,1.0
Drug 6472,0,0.0,1.0
Drug 6473,0,0.9,1.225
Drug 6474,0,0.0,1.0
Drug 6476,0,0.0,1.0
Drug 6477,0,1.1,1.275
Drug 6479,0,0.0,1.0
Drug 6480,0,0.0,1.0
Drug 6490,1,0.0,1.0
Drug 6493,1,0.0,1.0
Drug 6494,0,0.0,1.0
Drug 6495,0,0.0,1.0
Drug 6496,0,0.0,1.0
Drug 6497,0,0.0,1.0
Drug 6498,0,0.0,1.0
Drug 6499,1,0.0,1.0
Drug 6503,1,0.0,1.0
Drug 6504,0,0.0,1.0
Drug 6505,0,0.0,1.0
Drug 6509,0,0.0,1.0
Drug 6510,1,0.0,1.0
Drug 6511,1,2.4,1.6
Drug 6514,0,0.0,1.0
Drug 6515,1,0.9,1.225
Drug 6518,0,0.0,1.0
Drug 6519,0,0.0,1.0
Drug 6520,1,0.0,1.0
Drug 6521,1,0.0,1.0
Drug 6522,0,0.0,1.0
Drug 6523,0,0.0,1.0
Drug 6524,1,0.0,1.0
Drug 6525,0,0.0,1.0
Drug 6527,0,0.0,1.0
Drug 6534,0,0.0,1.0
Drug 6535,0,0.0,1.0
Drug 6536,0,0.0,1.0
Drug 6537,0,0.0,1.0
Drug 6538,1,0.0,1.0
Drug 6542,0,0.0,1.0
Drug 6544,1,2.4,1.6
Drug 6547,0,0.0,1.0
Drug 6548,1,1.1,1.275
Drug 6552,1,2.4,1.6
Drug 6553,0,0.0,1.0
Drug 6554,1,0.0,1.0
Drug 6555,0,0.0,1.0
Drug 6559,0,0.0,1.0
Drug 6560,0,0.0,1.0
Drug 6561,1,0.9,1.225
Drug 6562,0,1.1,1.275
Drug 6569,1,2.4,1.6
Drug 6570,1,2.4,1.6
Drug 6571,1,0.0,1.0
Drug 6572,1,0.0,1.0
Drug 6573,0,0.0,1.0
Drug 6575,0,0.0,1.0
Drug 6579,0,0.0,1.0
Drug 6580,0,0.0,1.0
Drug 6581,1,2.4,1.6
Drug 6582,0,0.0,1.0
Drug 6585,0,0.0,1.0
Drug 6586,1,0.0,1.0
Drug 6587,1,0.0,1.0
Drug 6588,1,0.0,1.0
Drug 6589,1,1.1,1.275
Drug 6591,0,0.0,1.0
Drug 6592,1,1.1,1.275
Drug 6593,0,0.0,1.0
Drug 6594,0,1.1,1.275
Drug 6597,1,0.0,1.0
Drug 6598,0,0.0,1.0
Drug 6599,1,0.0,1.0
Drug 6602,1,0.0,1.0
Drug 6603,0,0.0,1.0
Drug 6605,0,0.0,1.0
Drug 6610,1,2.4,1.6
Drug 6612,1,1.1,1.275
Drug 6613,1,0.0,1.0
Drug 6614,1,0.0,1.0
Drug 6622,1,1.1,1.275
Drug 6623,1,0.0,1.0
Drug 6624,1,0.0,1.0
Drug 6626,1,1.1,1.275
Drug 6628,1,1.1,1.275
Drug 6629,1,0.0,1.0
Drug 6631,1,0.0,1.0
Drug 6633,1,0.0,1.0
Drug 6635,1,1.1,1.275
Drug 6636,1,1.1,1.275
Drug 6637,1,0.0,1.0
Drug 6638,1,0.0,1.0
Drug 6639,1,0.0,1.0
Drug 6640,1,0.0,1.0
Drug 6641,1,0.0,1.0
Drug 6642,1,0.0,1.0
Drug 6643,1,0.0,1.0
Drug 6644,1,0.9,1.225
Drug 6645,1,1.1,1.275
Drug 6648,1,1.1,1.275
Drug 6649,1,0.0,1.0
Drug 6650,1,0.0,1.0
Drug 6651,1,0.0,1.0
Drug 6652,1,0.0,1.0
Drug 6653,1,0.0,1.0
Drug 6654,1,0.0,1.0
Drug 6656,1,0.0,1.0
Drug 6657,1,1.1,1.275
Drug 6660,1,2.4,1.6
Drug 6661,1,0.0,1.0
Drug 6662,1,0.0,1.0
Drug 6663,1,0.0,1.0
Drug 6664,1,0.0,1.0
Drug 6666,1,0.0,1.0
Drug 6667,1,2.4,1.6
Drug 6668,1,1.1,1.275
Drug 6669,1,0.0,1.0
Drug 6670,1,0.0,1.0
Drug 6671,1,0.0,1.0
Drug 6672,1,0.0,1.0
Drug 6674,1,0.0,1.0
Drug 6675,1,0.0,1.0
Drug 6676,1,1.1,1.275
Drug 6677,1,0.0,1.0
Drug 6679,1,0.0,1.0
Drug 6680,1,0.0,1.0
Drug 6681,1,0.0,1.0
Drug 6682,1,0.0,1.0
Drug 6683,1,0.0,1.0
Drug 6685,1,0.0,1.0
Drug 6686,1,0.0,1.0
Drug 6687,1,1.1,1.275
Drug 6688,1,0.0,1.0
Drug 6689,1,1.1,1.275
Drug 6690,1,2.4,1.6
Drug 6691,1,1.1,1.275
Drug 6692,1,0.0,1.0
Drug 6693,1,1.1,1.275
Drug 6694,1,0.0,1.0
Drug 6696,1,0.0,1.0
Drug 6698,1,0.0,1.0
Drug 6699,1,0.0,1.0
Drug 6700,1,1.1,1.275
Drug 6701,1,2.4,1.6
Drug 6702,1,0.0,1.0
Drug 6703,1,2.4,1.6
Drug 6704,1,1.1,1.275
Drug 6705,1,0.0,1.0
Drug 6706,1,0.0,1.0
Drug 6708,1,0.0,1.0
Drug 6709,1,0.0,1.0
Drug 6710,1,0.0,1.0
Drug 6711,1,2.4,1.6
Drug 6712,1,0.9,1.225
Drug 6716,1,0.0,1.0
Drug 6718,1,1.1,1.275
Drug 6719,1,0.0,1.0
Drug 6720,1,2.4,1.6
Drug 6721,1,0.0,1.0
Drug 6722,1,1.1,1.275
Drug 6723,1,0.0,1.0
Drug 6724,1,0.0,1.0
Drug 6725,1,0.0,1.0
Drug 6726,1,0.0,1.0
Drug 6727,1,1.1,1.275
Drug 6729,1,0.0,1.0
Drug 6730,1,0.0,1.0
Drug 6731,1,0.0,1.0
Drug 6733,1,0.0,1.0
Drug 6735,1,1.1,1.275
Drug 6736,1,0.0,1.0
Drug 6737,1,1.1,1.275
Drug 6739,1,0.0,1.0
Drug 6740,1,2.4,1.6
Drug 6741,1,1.1,1.275
Drug 6742,1,1.1,1.275
Drug 6743,1,0.0,1.0
Drug 6744,1,1.1,1.275
Drug 6745,1,0.0,1.0
Drug 6746,1,0.0,1.0
Drug 6747,1,0.0,1.0
Drug 6748,1,0.0,1.0
Drug 6749,1,1.1,1.275
Drug 6750,1,0.0,1.0
Drug 6753,1,0.0,1.0
Drug 6754,1,1.1,1.275
Drug 6755,1,0.0,1.0
Drug 6756,1,0.0,1.0
Drug 6757,1,1.1,1.275
Drug 6758,1,0.0,1.0
Drug 6760,1,0.0,1.0
Drug 6761,1,0.0,1.0
Drug 6762,1,1.1,1.275
Drug 6763,1,0.0,1.0
Drug 6764,1,0.0,1.0
Drug 6765,1,0.0,1.0
Drug 6766,1,0.0,1.0
Drug 6767,1,1.1,1.275
Drug 6768,1,0.0,1.0
Drug 6770,1,0.0,1.0
Drug 6771,1,0.0,1.0
Drug 6772,1,2.4,1.6
Drug 6773,1,1.3,1.325
Drug 6775,1,1.1,1.275
Drug 6776,1,0.0,1.0
Drug 6777,1,0.0,1.0
Drug 6778,1,0.0,1.0
Drug 6780,1,0.0,1.0
Drug 6781,1,0.0,1.0
Drug 6782,1,0.0,1.0
Drug 6783,1,1.1,1.275
Drug 6784,1,0.0,1.0
Drug 6785,1,0.9,1.225
Drug 6786,1,1.1,1.275
Drug 6787,1,0.0,1.0
Drug 6788,1,0.0,1.0
Drug 6790,1,0.0,1.0
Drug 6791,1,1.1,1.275
Drug 6792,1,2.4,1.6
Drug 6793,1,0.0,1.0
Drug 6794,1,0.0,1.0
Drug 6795,1,1.1,1.275
Drug 6796,1,0.0,1.0
Drug 6797,1,0.0,1.0
Drug 6798,1,0.0,1.0
Drug 6799,1,0.0,1.0
Drug 6800,1,0.0,1.0
Drug 6801,1,1.1,1.275
Drug 6802,1,0.0,1.0
Drug 6804,1,0.0,1.0
Drug 6805,1,0.0,1.0
Drug 6807,1,1.1,1.275
Drug 6808,1,0.0,1.0
Drug 6809,1,0.0,1.0
Drug 6810,1,1.1,1.275
Drug 6811,1,1.1,1.275
Drug 6812,1,0.0,1.0
Drug 6813,1,1.1,1.275
Drug 6814,1,0.0,1.0
Drug 6815,1,0.0,1.0
Drug 6816,1,1.1,1.275
Drug 6817,1,1.1,1.275
Drug 6818,1,0.0,1.0
Drug 6819,1,0.0,1.0
Drug 6821,1,0.0,1.0
Drug 6822,1,1.1,1.275
Drug 6824,1,2.4,1.6
Drug 6825,1,0.0,1.0
Drug 6829,1,0.0,1.0
Drug 6830,1,0.0,1.0
Drug 6831,1,1.1,1.275
Drug 6832,1,0.0,1.0
Drug 6835,1,0.0,1.0
Drug 6836,1,2.4,1.6
Drug 6838,1,0.0,1.0
Drug 6839,1,0.0,1.0
Drug 6840,1,0.0,1.0
Drug 6841,1,0.0,1.0
Drug 6842,1,1.1,1.275
Drug 6843,1,0.0,1.0
Drug 6844,1,1.1,1.275
Drug 6846,1,0.0,1.0
Drug 6847,1,0.9,1.225
Drug 6848,1,0.0,1.0
Drug 6850,1,1.1,1.275
Drug 6851,1,0.0,1.0
Drug 6853,1,0.0,1.0
Drug 6854,1,0.0,1.0
Drug 6856,1,0.0,1.0
Drug 6857,1,1.1,1.275
Drug 6858,1,1.1,1.275
Drug 6859,1,1.3,1.325
Drug 6860,1,0.0,1.0
Drug 6861,1,0.0,1.0
Drug 6862,1,0.0,1.0
Drug 6863,1,0.0,1.0
Drug 6864,1,0.0,1.0
Drug 6865,1,0.0,1.0
Drug 6866,1,0.0,1.0
Drug 6869,1,0.0,1.0
Drug 6870,1,1.1,1.275
Drug 6871,1,0.0,1.0
Drug 6872,1,0.0,1.0
Drug 6873,1,0.0,1.0
Drug 6874,1,0.0,1.0
Drug 6875,1,1.1,1.275
Drug 6876,1,0.0,1.0
Drug 6877,1,0.0,1.0
Drug 6878,1,1.1,1.275
Drug 6879,1,1.1,1.275
Drug 6881,1,0.0,1.0
Drug 6882,1,0.0,1.0
Drug 6883,1,0.0,1.0
Drug 6884,1,0.0,1.0
Drug 6888,1,0.0,1.0
Drug 6889,1,0.0,1.0
Drug 6891,1,0.0,1.0
Drug 6892,1,1.1,1.275
Drug 6893,1,0.0,1.0
Drug 6894,1,0.0,1.0
Drug 6895,1,0.0,1.0
Drug 6896,1,0.0,1.0
Drug 6897,1,0.0,1.0
Drug 6899,1,0.0,1.0
Drug 6900,1,0.9,1.225
Drug 6901,1,2.4,1.6
Drug 6902,1,1.1,1.275
Drug 6903,1,1.1,1.275
Drug 6905,1,0.0,1.0
Drug 6906,1,0.0,1.0
Drug 6907,1,0.9,1.225
Drug 6908,1,0.0,1.0
Drug 6909,1,0.0,1.0
Drug 6910,1,0.0,1.0
Drug 6911,1,0.0,1.0
Drug 6912,1,1.3,1.325
Drug 6913,1,0.0,1.0
Drug 6914,1,0.0,1.0
Drug 6915,1,0.0,1.0
Drug 6916,1,0.9,1.225
Drug 6917,1,0.0,1.0
Drug 6919,1,0.0,1.0
Drug 6920,1,0.0,1.0
Drug 6922,1,1.3,1.325
Drug 6923,1,1.1,1.275
Drug 6924,1,0.0,1.0
Drug 6926,1,0.0,1.0
Drug 6928,1,0.0,1.0
Drug 6929,1,2.4,1.6
Drug 6930,1,1.1,1.275
Drug 6931,1,0.0,1.0
Drug 6932,1,0.0,1.0
Drug 6933,1,0.0,1.0
Drug 6934,1,0.0,1.0
Drug 6935,1,0.0,1.0
Drug 6936,1,0.0,1.0
Drug 6937,1,0.0,1.0
Drug 6938,1,0.0,1.0
Drug 6940,1,0.0,1.0
Drug 6941,1,0.0,1.0
Drug 6942,1,2.4,1.6
Drug 6943,1,0.0,1.0
Drug 6944,1,1.1,1.275
Drug 6945,1,0.0,1.0
Drug 6946,1,0.0,1.0
Drug 6947,1,0.0,1.0
Drug 6948,1,0.0,1.0
Drug 6949,1,0.9,1.225
Drug 6950,1,0.0,1.0
Drug 6951,1,0.0,1.0
Drug 6952,1,0.0,1.0
Drug 6953,1,0.0,1.0
Drug 6955,1,1.1,1.275
Drug 6956,1,1.1,1.275
Drug 6957,1,0.0,1.0
Drug 6958,0,0.0,1.0
Drug 6959,0,0.0,1.0
Drug 6960,0,0.0,1.0
Drug 6962,0,0.0,1.0
Drug 6963,0,0.0,1.0
Drug 6964,0,0.0,1.0
Drug 6965,0,0.0,1.0
Drug 6966,0,0.0,1.0
Drug 6967,0,0.0,1.0
Drug 6968,0,0.0,1.0
Drug 6969,0,0.0,1.0
Drug 6970,0,1.1,1.275
Drug 6972,0,0.0,1.0
Drug 6973,0,0.0,1.0
Drug 6974,0,0.0,1.0
Drug 6975,0,0.0,1.0
Drug 6976,0,0.0,1.0
Drug 6977,0,0.0,1.0
Drug 6978,0,0.0,1.0
Drug 6979,0,0.0,1.0
Drug 6980,0,0.0,1.0
Drug 6981,0,0.0,1.0
Drug 6982,0,0.0,1.0
Drug 6983,0,0.0,1.0
Drug 6984,0,0.0,1.0
Drug 6985,0,0.0,1.0
Drug 6986,0,0.0,1.0
Drug 6987,0,0.0,1.0
Drug 6988,0,0.0,1.0
Drug 6989,0,0.0,1.0
Drug 6990,0,1.1,1.275
Drug 6991,0,0.0,1.0
Drug 6992,0,0.0,1.0
Drug 6993,0,0.0,1.0
Drug 6994,0,0.0,1.0
Drug 6995,0,0.0,1.0
Drug 6996,0,0.0,1.0
Drug 6998,0,0.0,1.0
Drug 6999,0,0.0,1.0
Drug 7000,0,0.0,1.0
Drug 7001,0,0.0,1.0
Drug 7002,0,0.0,1.0
Drug 7003,0,0.0,1.0
Drug 7005,0,0.0,1.0
Drug 7006,0,0.0,1.0
Drug 7007,0,0.0,1.0
Drug 7008,0,0.0,1.0
Drug 7009,0,0.0,1.0
Drug 7010,0,0.0,1.0
Drug 7011,0,0.0,1.0
Drug 7012,0,0.0,1.0
Drug 7013,0,0.0,1.0
Drug 7014,0,0.0,1.0
Drug 7015,0,1.1,1.275
Drug 7017,0,0.0,1.0
Drug 7019,0,1.1,1.275
Drug 7020,0,0.0,1.0
Drug 7021,0,0.0,1.0
Drug 7022,0,0.0,1.0
Drug 7023,0,0.0,1.0
Drug 7024,0,0.0,1.0
Drug 7025,0,0.0,1.0
Drug 7026,0,0.0,1.0
Drug 7027,0,0.0,1.0
Drug 7028,0,0.0,1.0
Drug 7029,0,0.0,1.0
Drug 7030,0,0.0,1.0
Drug 7031,0,0.0,1.0
Drug 7033,0,0.0,1.0
Drug 7034,0,0.0,1.0
Drug 7035,0,0.0,1.0
Drug 7036,0,0.0,1.0
Drug 7037,0,0.0,1.0
Drug 7038,0,1.1,1.275
Drug 7039,0,0.0,1.0
Drug 7040,0,0.0,1.0
Drug 7042,0,0.0,1.0
Drug 7043,0,0.0,1.0
Drug 7046,0,0.0,1.0
Drug 7047,0,0.0,1.0
Drug 7048,0,0.0,1.0
Drug 7049,0,0.0,1.0
Drug 7050,0,0.0,1.0
Drug 7051,0,0.0,1.0
Drug 7052,0,1.1,1.275
Drug 7053,0,0.0,1.0
Drug 7054,0,0.0,1.0
Drug 7055,0,0.0,1.0
Drug 7056,0,0.0,1.0
Drug 7057,0,0.0,1.0
Drug 7058,0,0.0,1.0
Drug 7059,0,0.0,1.0
Drug 7060,0,0.0,1.0
Drug 7061,0,0.0,1.0
Drug 7062,0,0.0,1.0
Drug 7063,0,0.0,1.0
Drug 7064,0,0.0,1.0
Drug 7065,0,0.0,1.0
Drug 7067,0,0.0,1.0
Drug 7068,0,0.0,1.0
Drug 7069,0,0.0,1.0
Drug 7070,0,0.0,1.0
Drug 7071,0,0.0,1.0
Drug 7072,0,0.0,1.0
Drug 7073,0,0.0,1.0
Drug 7074,0,0.0,1.0
Drug 7076,0,0.9,1.225
Drug 7077,0,0.0,1.0
Drug 7078,0,0.0,1.0
Drug 7080,0,0.0,1.0
Drug 7081,0,0.0,1.0
Drug 7082,0,0.0,1.0
Drug 7083,0,0.0,1.0
Drug 7084,0,0.0,1.0
Drug 7085,0,0.0,1.0
Drug 7086,0,0.0,1.0
Drug 7087,0,1.1,1.275
Drug 7088,0,0.0,1.0
Drug 7089,0,1.1,1.275
Drug 7090,0,0.0,1.0
Drug 7091,0,0.0,1.0
Drug 7092,0,0.0,1.0
Drug 7094,0,0.0,1.0
Drug 7095,0,0.0,1.0
Drug 7096,0,0.0,1.0
Drug 7097,0,0.0,1.0
Drug 7098,0,0.0,1.0
Drug 7099,0,2.4,1.6
Drug 7100,0,0.0,1.0
Drug 7101,0,0.0,1.0
Drug 7102,0,0.0,1.0
Drug 7103,0,0.0,1.0
Drug 7104,0,0.0,1.0
Drug 7107,0,0.0,1.0
Drug 7108,0,0.0,1.0
Drug 7109,0,0.0,1.0
Drug 7111,0,0.0,1.0
Drug 7112,0,0.0,1.0
Drug 7113,0,0.0,1.0
Drug 7115,0,0.0,1.0
Drug 7116,0,0.0,1.0
Drug 7118,0,0.0,1.0
Drug 7120,0,0.0,1.0
Drug 7121,0,0.0,1.0
Drug 7123,0,1.1,1.275
Drug 7124,0,0.0,1.0
Drug 7125,0,0.0,1.0
Drug 7126,0,0.0,1.0
Drug 7127,0,0.0,1.0
Drug 7129,0,0.0,1.0
Drug 7130,0,0.0,1.0
Drug 7131,0,0.0,1.0
Drug 7132,0,0.0,1.0
Drug 7133,0,0.0,1.0
Drug 7134,0,0.0,1.0
Drug 7135,0,0.0,1.0
Drug 7136,0,0.0,1.0
Drug 7137,0,0.0,1.0
Drug 7138,0,0.0,1.0
Drug 7139,0,0.0,1.0
Drug 7140,0,0.0,1.0
Drug 7141,0,0.0,1.0
Drug 7142,0,0.0,1.0
Drug 7143,0,0.0,1.0
Drug 7145,0,0.0,1.0
Drug 7146,0,0.0,1.0
Drug 7147,0,1.1,1.275
Drug 7148,0,1.1,1.275
Drug 7149,0,1.1,1.275
Drug 7150,0,0.9,1.225
Drug 7151,0,0.0,1.0
Drug 7152,0,0.0,1.0
Drug 7153,0,0.0,1.0
Drug 7154,0,0.0,1.0
Drug 7155,0,1.1,1.275
Drug 7156,0,0.0,1.0
Drug 7157,0,0.0,1.0
Drug 7158,0,0.0,1.0
Drug 7159,0,0.0,1.0
Drug 7160,0,0.0,1.0
Drug 7161,0,1.1,1.275
Drug 7162,0,0.0,1.0
Drug 7163,0,0.0,1.0
Drug 7164,0,0.0,1.0
Drug 7165,0,0.0,1.0
Drug 7166,0,0.0,1.0
Drug 7167,0,0.0,1.0
Drug 7168,0,0.0,1.0
Drug 7169,0,0.0,1.0
Drug 7170,0,0.0,1.0
Drug 7171,0,1.1,1.275
Drug 7172,0,0.0,1.0
Drug 7173,0,0.0,1.0
Drug 7174,0,0.0,1.0
Drug 7175,0,0.0,1.0
Drug 7176,0,0.0,1.0
Drug 7177,0,0.0,1.0
Drug 7180,0,0.0,1.0
Drug 7181,0,0.0,1.0
Drug 7183,0,0.0,1.0
Drug 7185,0,0.0,1.0
Drug 7186,0,0.0,1.0
Drug 7187,0,1.1,1.275
Drug 7188,0,0.0,1.0
Drug 7189,0,0.0,1.0
Drug 7200,0,0.0,1.0
Drug 7201,1,0.0,1.0
Drug 7203,0,0.0,1.0
Drug 7205,1,0.0,1.0
Drug 7206,0,0.0,1.0
Drug 7209,0,0.0,1.0
Drug 7217,0,0.0,1.0
Drug 7220,0,1.1,1.275
Drug 7229,1,0.0,1.0
Drug 7230,1,0.0,1.0
Drug 7235,1,1.1,1.275
Drug 7236,0,0.0,1.0
Drug 7239,1,2.4,1.6
Drug 7241,0,0.0,1.0
Drug 7244,0,0.0,1.0
Drug 7253,0,0.0,1.0
Drug 7263,0,0.0,1.0
Drug 7266,0,0.0,1.0
Drug 7267,0,0.0,1.0
Drug 7272,0,0.0,1.0
Drug 7278,1,0.0,1.0
Drug 7279,0,0.0,1.0
Drug 7282,0,1.1,1.275
Drug 7288,1,0.0,1.0
Drug 7289,0,0.0,1.0
Drug 7295,0,0.0,1.0
Drug 7296,1,1.1,1.275
Drug 7302,0,0.0,1.0
Drug 7305,1,0.0,1.0
Drug 7306,0,0.0,1.0
Drug 7307,1,0.0,1.0
Drug 7315,1,0.0,1.0
Drug 7316,1,1.1,1.275
Drug 7317,1,0.0,1.0
Drug 7318,1,0.0,1.0
Drug 7319,1,0.0,1.0
Drug 7320,1,0.0,1.0
Drug 7322,0,0.0,1.0
Drug 7324,1,2.4,1.6
Drug 7326,0,0.0,1.0
Drug 7330,1,1.1,1.275
Drug 7331,1,1.1,1.275
Drug 7332,1,1.1,1.275
Drug 7334,0,0.0,1.0
Drug 7341,1,0.0,1.0
Drug 7346,1,2.4,1.6
Drug 7347,1,0.0,1.0
Drug 7350,0,0.0,1.0
Drug 7351,0,0.0,1.0
Drug 7352,1,0.0,1.0
Drug 7355,1,0.0,1.0
Drug 7356,1,0.0,1.0
Drug 7357,1,0.0,1.0
Drug 7359,0,0.0,1.0
Drug 7360,1,0.0,1.0
Drug 7371,1,0.0,1.0
Drug 7372,0,0.0,1.0
Drug 7375,0,0.0,1.0
Drug 7381,1,0.0,1.0
Drug 7386,1,0.0,1.0
Drug 7389,1,0.0,1.0
Drug 7392,1,0.0,1.0
Drug 7398,1,2.4,1.6
Drug 7399,1,0.0,1.0
Drug 7401,1,2.4,1.6
Drug 7402,1,2.4,1.6
Drug 7403,1,2.4,1.6
Drug 7404,1,2.4,1.6
Drug 7409,1,0.0,1.0
Drug 7412,0,0.0,1.0
Drug 7414,1,0.0,1.0
Drug 7415,1,0.0,1.0
Drug 7416,1,0.0,1.0
Drug 7417,1,0.0,1.0
Drug 7418,1,2.4,1.6
Drug 7429,1,0.0,1.0
Drug 7430,1,0.0,1.0
Drug 7431,1,0.0,1.0
Drug 7432,1,0.0,1.0
Drug 7433,1,0.0,1.0
Drug 7434,1,0.0,1.0
Drug 7435,1,0.0,1.0
Drug 7443,1,1.1,1.275
Drug 7444,1,1.1,1.275
Drug 7446,1,0.0,1.0
Drug 7458,1,0.0,1.0
Drug 7467,1,0.0,1.0
Drug 7471,1,0.0,1.0
Drug 7472,1,1.1,1.275
Drug 7473,1,1.1,1.275
Drug 7474,1,1.1,1.275
Drug 7487,1,2.4,1.6
Drug 7488,1,0.0,1.0
Drug 7489,0,0.0,1.0
Drug 7491,1,0.0,1.0
Drug 7492,1,0.0,1.0
Drug 7496,1,0.0,1.0
Drug 7501,0,0.0,1.0
Drug 7503,1,1.1,1.275
Drug 7505,0,0.0,1.0
Drug 7514,1,0.0,1.0
Drug 7519,1,0.0,1.0
Drug 7522,1,2.4,1.6
Drug 7523,0,0.0,1.0
Drug 7524,1,1.1,1.275
Drug 7525,1,2.4,1.6
Drug 7526,1,1.1,1.275
Drug 7527,1,1.1,1.275
Drug 7530,1,0.0,1.0
Drug 7531,1,0.0,1.0
Drug 7532,0,0.0,1.0
Drug 7534,1,0.0,1.0
Drug 7535,1,0.0,1.0
Drug 7536,1,0.0,1.0
Drug 7538,1,0.0,1.0
Drug 7544,1,2.4,1.6
Drug 7546,1,1.1,1.275
Drug 7547,1,0.0,1.0
Drug 7551,0,0.0,1.0
Drug 7554,1,1.1,1.275
Drug 7555,0,0.0,1.0
Drug 7556,0,0.0,1.0
Drug 7559,1,0.0,1.0
Drug 7560,1,0.0,1.0
Drug 7563,1,0.0,1.0
Drug 7568,0,0.0,1.0
Drug 7586,0,0.0,1.0
Drug 7587,0,0.0,1.0
Drug 7588,0,0.0,1.0
Drug 7598,0,0.0,1.0
Drug 7602,0,0.0,1.0
