experiment,endpoint,scenario,feature_mode,model,cv_selected_compact_xgb,train_n,test_n,test_pos_rate,test_n_pos,coverage,ad_coverage,ad_mean_sim,brier,ece,cv_mcc_mean,cv_mcc_std,mcc,mcc_lo,mcc_hi,bacc,bacc_lo,bacc_hi,roc_auc,roc_auc_lo,roc_auc_hi,sens,sens_lo,sens_hi,spec,spec_lo,spec_hi,brier_lo,brier_hi,warnings,paper_primary_model
ames_raw_all_compact_xgb,ames,raw_all,compact,xgb,True,10848,2712,0.3024,820,1.0,0.5734,0.339,0.1768,0.1438,0.6387,0.0476,0.4699,0.4342,0.5021,0.7517,0.7335,0.7683,0.8253,0.8064,0.8422,0.7623,0.7301,0.7929,0.741,0.7218,0.7602,0.1676,0.1874,OK,False
ames_raw_all_compact_lgbm,ames,raw_all,compact,lgbm,False,10848,2712,0.3024,820,1.0,0.5734,0.339,0.1728,0.1429,0.6387,0.0476,0.4791,0.4431,0.5111,0.756,0.7364,0.773,0.8338,0.8151,0.8511,0.7618,0.7308,0.7906,0.7502,0.731,0.768,0.1633,0.1841,OK,False
ames_raw_all_compact_rf,ames,raw_all,compact,rf,False,10848,2712,0.3024,820,1.0,0.5734,0.339,0.1612,0.1222,0.6387,0.0476,0.492,0.4522,0.5268,0.7575,0.7372,0.7744,0.8255,0.8066,0.8438,0.7222,0.6877,0.7553,0.7929,0.7737,0.8102,0.1546,0.1686,OK,False
ames_raw_all_compact_svm,ames,raw_all,compact,svm,False,10848,2712,0.3024,820,1.0,0.5734,0.339,0.1724,0.0922,0.6387,0.0476,0.4702,0.4287,0.5058,0.7434,0.7236,0.7618,0.7831,0.7639,0.8023,0.685,0.6535,0.717,0.8018,0.784,0.8196,0.1626,0.1828,OK,False
ames_raw_all_compact_logistic,ames,raw_all,compact,logistic,False,10848,2712,0.3024,820,1.0,0.5734,0.339,0.2261,0.2135,0.6387,0.0476,0.4295,0.3941,0.4599,0.7337,0.7157,0.7511,0.7945,0.7757,0.8139,0.8209,0.7937,0.8464,0.6466,0.6241,0.668,0.2145,0.2385,WARNING: test-CV gap=0.209 — possible split luck or CV instability,False
ames_raw_all_compact_ann,ames,raw_all,compact,ann,False,10848,2712,0.3024,820,1.0,0.5734,0.339,0.1713,0.1198,0.6387,0.0476,0.4885,0.4485,0.5246,0.7493,0.728,0.7686,0.8182,0.7987,0.8355,0.6745,0.6407,0.7085,0.8242,0.8083,0.8409,0.1602,0.1834,OK,False
ames_raw_all_broad_fp512_xgb,ames,raw_all,broad_fp512,xgb,False,10848,2712,0.3024,820,1.0,0.5734,0.339,0.1531,0.1123,0.6387,0.0476,0.5409,0.5071,0.5738,0.7819,0.7639,0.7988,0.846,0.827,0.8636,0.7494,0.7161,0.7784,0.8144,0.7973,0.8292,0.1433,0.1637,OK,False
ames_raw_all_broad_fp512_lgbm,ames,raw_all,broad_fp512,lgbm,False,10848,2712,0.3024,820,1.0,0.5734,0.339,0.1544,0.1153,0.6387,0.0476,0.5272,0.4917,0.5597,0.7779,0.7591,0.7949,0.8496,0.8301,0.8666,0.7632,0.7317,0.7919,0.7926,0.7737,0.8098,0.1447,0.1662,OK,False
ames_raw_all_broad_fp512_rf,ames,raw_all,broad_fp512,rf,False,10848,2712,0.3024,820,1.0,0.5734,0.339,0.1534,0.1232,0.6387,0.0476,0.5377,0.5032,0.571,0.7772,0.7589,0.7942,0.8434,0.8261,0.8606,0.7266,0.6956,0.756,0.8279,0.8099,0.8443,0.147,0.1602,OK,False
ames_raw_all_broad_fp512_svm,ames,raw_all,broad_fp512,svm,False,10848,2712,0.3024,820,1.0,0.5734,0.339,0.1404,0.0361,0.6387,0.0476,0.5326,0.4953,0.5688,0.7578,0.7393,0.7756,0.8343,0.8159,0.8509,0.6311,0.5973,0.6645,0.8846,0.8711,0.8981,0.1318,0.1508,OK,False
ames_raw_all_broad_fp512_logistic,ames,raw_all,broad_fp512,logistic,False,10848,2712,0.3024,820,1.0,0.5734,0.339,0.2018,0.1879,0.6387,0.0476,0.4692,0.4338,0.4997,0.7546,0.7368,0.7712,0.8277,0.8094,0.8459,0.8161,0.7866,0.8418,0.693,0.6726,0.7133,0.1897,0.2138,OK,False
ames_raw_all_broad_fp512_ann,ames,raw_all,broad_fp512,ann,False,10848,2712,0.3024,820,1.0,0.5734,0.339,0.1984,0.1831,0.6387,0.0476,0.4743,0.4378,0.5072,0.7452,0.7274,0.7625,0.8215,0.8038,0.8392,0.6859,0.6569,0.7185,0.8046,0.7863,0.8211,0.1848,0.2124,OK,False
ames_raw_all_broad_fp1024_xgb,ames,raw_all,broad_fp1024,xgb,False,10848,2712,0.3024,820,1.0,0.5734,0.339,0.152,0.1081,0.6387,0.0476,0.5238,0.4869,0.5575,0.7731,0.755,0.7914,0.849,0.8319,0.8655,0.7377,0.7085,0.768,0.8085,0.7892,0.8254,0.1424,0.163,OK,False
ames_raw_all_broad_fp1024_lgbm,ames,raw_all,broad_fp1024,lgbm,False,10848,2712,0.3024,820,1.0,0.5734,0.339,0.1489,0.1092,0.6387,0.0476,0.5509,0.514,0.5825,0.7884,0.7697,0.806,0.8521,0.8342,0.8688,0.7655,0.7361,0.7943,0.8112,0.791,0.829,0.139,0.1603,OK,False
ames_raw_all_broad_fp1024_rf,ames,raw_all,broad_fp1024,rf,False,10848,2712,0.3024,820,1.0,0.5734,0.339,0.1575,0.1348,0.6387,0.0476,0.536,0.4979,0.5699,0.7765,0.7576,0.7946,0.8408,0.8225,0.8579,0.7265,0.6949,0.7559,0.8266,0.8096,0.8417,0.1518,0.1638,OK,False
ames_raw_all_broad_fp1024_svm,ames,raw_all,broad_fp1024,svm,False,10848,2712,0.3024,820,1.0,0.5734,0.339,0.1413,0.0402,0.6387,0.0476,0.5096,0.4707,0.5468,0.7357,0.7165,0.7538,0.8366,0.8181,0.8533,0.5652,0.5289,0.5996,0.9062,0.8926,0.919,0.1326,0.1503,OK,False
ames_raw_all_broad_fp1024_logistic,ames,raw_all,broad_fp1024,logistic,False,10848,2712,0.3024,820,1.0,0.5734,0.339,0.1928,0.1814,0.6387,0.0476,0.4706,0.4369,0.5066,0.7537,0.7362,0.7724,0.8276,0.8106,0.8453,0.7861,0.756,0.8165,0.7213,0.7015,0.7417,0.181,0.2045,OK,False
ames_raw_all_broad_fp1024_ann,ames,raw_all,broad_fp1024,ann,False,10848,2712,0.3024,820,1.0,0.5734,0.339,0.1636,0.133,0.6387,0.0476,0.519,0.482,0.5541,0.7567,0.7386,0.7751,0.8413,0.8246,0.8589,0.6494,0.6167,0.6805,0.8639,0.8485,0.8782,0.1512,0.1765,OK,False
ames_raw_all_broad_fp2048_xgb,ames,raw_all,broad_fp2048,xgb,False,10848,2712,0.3024,820,1.0,0.5734,0.339,0.1471,0.1011,0.6387,0.0476,0.5551,0.522,0.5882,0.7888,0.7723,0.8055,0.8501,0.8317,0.867,0.7561,0.7273,0.7854,0.8215,0.802,0.8373,0.1372,0.158,OK,True
ames_raw_all_broad_fp2048_lgbm,ames,raw_all,broad_fp2048,lgbm,False,10848,2712,0.3024,820,1.0,0.5734,0.339,0.1521,0.1111,0.6387,0.0476,0.5305,0.4953,0.5642,0.7777,0.7593,0.7957,0.8488,0.8306,0.8653,0.7506,0.7193,0.7802,0.8048,0.7847,0.8212,0.1428,0.1639,OK,False
ames_raw_all_broad_fp2048_rf,ames,raw_all,broad_fp2048,rf,False,10848,2712,0.3024,820,1.0,0.5734,0.339,0.1615,0.1431,0.6387,0.0476,0.5096,0.472,0.5422,0.7658,0.7465,0.7828,0.8376,0.8194,0.8543,0.7278,0.6963,0.7577,0.8038,0.7854,0.8205,0.1557,0.168,OK,False
ames_raw_all_broad_fp2048_svm,ames,raw_all,broad_fp2048,svm,False,10848,2712,0.3024,820,1.0,0.5734,0.339,0.1372,0.0347,0.6387,0.0476,0.5485,0.5138,0.5832,0.7601,0.7421,0.7786,0.8417,0.8237,0.8576,0.6173,0.584,0.6521,0.9028,0.8892,0.9155,0.1283,0.1462,OK,False
ames_raw_all_broad_fp2048_logistic,ames,raw_all,broad_fp2048,logistic,False,10848,2712,0.3024,820,1.0,0.5734,0.339,0.1814,0.1622,0.6387,0.0476,0.508,0.4744,0.5416,0.7719,0.7547,0.7894,0.8401,0.8228,0.8587,0.7891,0.7585,0.8175,0.7547,0.7372,0.7741,0.1679,0.1931,OK,False
ames_raw_all_broad_fp2048_ann,ames,raw_all,broad_fp2048,ann,False,10848,2712,0.3024,820,1.0,0.5734,0.339,0.1661,0.1483,0.6387,0.0476,0.5413,0.5018,0.5782,0.7661,0.7457,0.7847,0.8405,0.8216,0.8571,0.6568,0.6218,0.6898,0.8755,0.8615,0.8888,0.1536,0.1804,OK,False
ames_raw_all_graph_gnn,ames,raw_all,graph,gnn,False,10848,2712,0.3024,820,1.0,0.5734,0.339,0.1993,0.1658,0.6387,0.0476,0.445,0.4054,0.4807,0.7221,0.7012,0.7402,0.7838,0.7637,0.8026,0.6101,0.572,0.6463,0.8341,0.8181,0.8514,0.1861,0.2128,OK,False
ames_no_metal_compact_xgb,ames,no_metal,compact,xgb,False,9734,2445,0.3325,813,0.9015,0.5566,0.3381,0.2127,0.195,0.6204,0.063,0.4105,0.3779,0.4446,0.7178,0.7002,0.7362,0.8056,0.7866,0.8261,0.7984,0.772,0.8255,0.6372,0.6137,0.661,0.2014,0.2232,WARNING: test-CV gap=0.210 — possible split luck or CV instability,False
ames_no_metal_compact_lgbm,ames,no_metal,compact,lgbm,False,9734,2445,0.3325,813,0.9015,0.5566,0.3381,0.2155,0.1928,0.6204,0.063,0.4018,0.3696,0.4369,0.713,0.6957,0.7316,0.7994,0.779,0.8187,0.8019,0.7749,0.8264,0.6242,0.6028,0.6497,0.204,0.2264,WARNING: test-CV gap=0.219 — possible split luck or CV instability,False
ames_no_metal_compact_rf,ames,no_metal,compact,rf,False,9734,2445,0.3325,813,0.9015,0.5566,0.3381,0.1753,0.1418,0.6204,0.063,0.4591,0.4211,0.4977,0.7406,0.721,0.7613,0.8155,0.7966,0.835,0.7429,0.7131,0.7726,0.7382,0.7161,0.759,0.1683,0.1825,OK,False
ames_no_metal_compact_svm,ames,no_metal,compact,svm,False,9734,2445,0.3325,813,0.9015,0.5566,0.3381,0.1936,0.1162,0.6204,0.063,0.4341,0.3975,0.4695,0.7254,0.7069,0.7434,0.7625,0.7424,0.7817,0.6988,0.6694,0.73,0.7521,0.7308,0.7724,0.1832,0.205,OK,False
ames_no_metal_compact_logistic,ames,no_metal,compact,logistic,False,9734,2445,0.3325,813,0.9015,0.5566,0.3381,0.2463,0.2297,0.6204,0.063,0.3971,0.3624,0.4286,0.7096,0.6922,0.7264,0.7746,0.7558,0.7932,0.8299,0.8025,0.8526,0.5892,0.5639,0.6137,0.2345,0.2584,WARNING: test-CV gap=0.223 — possible split luck or CV instability,False
ames_no_metal_compact_ann,ames,no_metal,compact,ann,False,9734,2445,0.3325,813,0.9015,0.5566,0.3381,0.2058,0.1566,0.6204,0.063,0.4389,0.3993,0.4729,0.7298,0.71,0.7473,0.7828,0.7631,0.8014,0.7267,0.6941,0.7568,0.733,0.7133,0.7538,0.1934,0.2183,OK,False
ames_no_metal_broad_fp512_xgb,ames,no_metal,broad_fp512,xgb,False,9734,2445,0.3325,813,0.9015,0.5566,0.3381,0.1728,0.1339,0.6204,0.063,0.4948,0.4604,0.5289,0.7591,0.7408,0.7783,0.8328,0.8148,0.8513,0.7663,0.7362,0.796,0.752,0.7311,0.7737,0.1627,0.1824,OK,False
ames_no_metal_broad_fp512_lgbm,ames,no_metal,broad_fp512,lgbm,False,9734,2445,0.3325,813,0.9015,0.5566,0.3381,0.1754,0.1431,0.6204,0.063,0.4998,0.4664,0.534,0.7622,0.7444,0.7799,0.8322,0.8141,0.8507,0.7748,0.7455,0.8048,0.7495,0.7282,0.7717,0.1645,0.1853,OK,False
ames_no_metal_broad_fp512_rf,ames,no_metal,broad_fp512,rf,False,9734,2445,0.3325,813,0.9015,0.5566,0.3381,0.1697,0.1308,0.6204,0.063,0.4989,0.4614,0.5383,0.7578,0.7387,0.7771,0.8252,0.8072,0.8442,0.7308,0.6998,0.7584,0.7848,0.7634,0.805,0.1632,0.1761,OK,False
ames_no_metal_broad_fp512_svm,ames,no_metal,broad_fp512,svm,False,9734,2445,0.3325,813,0.9015,0.5566,0.3381,0.1572,0.0579,0.6204,0.063,0.5135,0.4728,0.5515,0.7513,0.7315,0.7706,0.8154,0.7964,0.8335,0.6424,0.6059,0.6756,0.8602,0.8437,0.8768,0.1477,0.1671,OK,False
ames_no_metal_broad_fp512_logistic,ames,no_metal,broad_fp512,logistic,False,9734,2445,0.3325,813,0.9015,0.5566,0.3381,0.2322,0.2192,0.6204,0.063,0.4184,0.3845,0.4499,0.7218,0.7039,0.7378,0.7985,0.7799,0.8172,0.8182,0.7915,0.8423,0.6253,0.6033,0.6476,0.2198,0.2442,WARNING: test-CV gap=0.202 — possible split luck or CV instability,False
ames_no_metal_broad_fp512_ann,ames,no_metal,broad_fp512,ann,False,9734,2445,0.3325,813,0.9015,0.5566,0.3381,0.2039,0.1806,0.6204,0.063,0.4737,0.4375,0.5087,0.7452,0.7265,0.7631,0.8025,0.7839,0.8209,0.7172,0.6857,0.747,0.7731,0.7544,0.794,0.1908,0.2186,OK,False
ames_no_metal_broad_fp1024_xgb,ames,no_metal,broad_fp1024,xgb,False,9734,2445,0.3325,813,0.9015,0.5566,0.3381,0.1638,0.1205,0.6204,0.063,0.5205,0.4865,0.5557,0.7701,0.7529,0.7882,0.8299,0.811,0.8494,0.7566,0.7286,0.7848,0.7836,0.7631,0.8039,0.1535,0.1739,OK,False
ames_no_metal_broad_fp1024_lgbm,ames,no_metal,broad_fp1024,lgbm,False,9734,2445,0.3325,813,0.9015,0.5566,0.3381,0.1602,0.1133,0.6204,0.063,0.5473,0.5115,0.5815,0.784,0.7655,0.8013,0.8403,0.8226,0.8578,0.775,0.745,0.8045,0.7931,0.7736,0.8131,0.1495,0.1702,OK,False
ames_no_metal_broad_fp1024_rf,ames,no_metal,broad_fp1024,rf,False,9734,2445,0.3325,813,0.9015,0.5566,0.3381,0.1726,0.1385,0.6204,0.063,0.4887,0.4544,0.525,0.7531,0.7347,0.771,0.8235,0.8055,0.8421,0.7295,0.6983,0.7579,0.7768,0.7572,0.7954,0.1665,0.1784,OK,False
ames_no_metal_broad_fp1024_svm,ames,no_metal,broad_fp1024,svm,False,9734,2445,0.3325,813,0.9015,0.5566,0.3381,0.151,0.0362,0.6204,0.063,0.5137,0.4783,0.5493,0.7446,0.7261,0.7617,0.826,0.8061,0.8432,0.6061,0.5734,0.639,0.8832,0.8687,0.899,0.1422,0.1607,OK,False
ames_no_metal_broad_fp1024_logistic,ames,no_metal,broad_fp1024,logistic,False,9734,2445,0.3325,813,0.9015,0.5566,0.3381,0.2015,0.1712,0.6204,0.063,0.4916,0.4545,0.524,0.7599,0.7405,0.7779,0.8126,0.7923,0.8307,0.8063,0.777,0.8343,0.7135,0.6917,0.736,0.1894,0.2148,OK,False
ames_no_metal_broad_fp1024_ann,ames,no_metal,broad_fp1024,ann,False,9734,2445,0.3325,813,0.9015,0.5566,0.3381,0.1738,0.1334,0.6204,0.063,0.5101,0.4727,0.5459,0.7541,0.7354,0.7728,0.824,0.8061,0.841,0.6674,0.6357,0.6999,0.8409,0.8232,0.8579,0.1614,0.1866,OK,False
ames_no_metal_broad_fp2048_xgb,ames,no_metal,broad_fp2048,xgb,False,9734,2445,0.3325,813,0.9015,0.5566,0.3381,0.1624,0.1145,0.6204,0.063,0.5185,0.4844,0.5557,0.7697,0.752,0.7891,0.8374,0.8194,0.8555,0.7612,0.7295,0.7913,0.7781,0.7584,0.7981,0.1517,0.1722,OK,False
ames_no_metal_broad_fp2048_lgbm,ames,no_metal,broad_fp2048,lgbm,False,9734,2445,0.3325,813,0.9015,0.5566,0.3381,0.1648,0.1265,0.6204,0.063,0.5177,0.4822,0.5559,0.7696,0.7522,0.7885,0.8347,0.8159,0.8534,0.765,0.7369,0.7943,0.7743,0.7521,0.795,0.1546,0.1752,OK,False
ames_no_metal_broad_fp2048_rf,ames,no_metal,broad_fp2048,rf,False,9734,2445,0.3325,813,0.9015,0.5566,0.3381,0.1742,0.1454,0.6204,0.063,0.5011,0.4633,0.5414,0.759,0.7394,0.7794,0.8234,0.8045,0.8414,0.733,0.7013,0.765,0.785,0.7643,0.8048,0.1681,0.1802,OK,False
ames_no_metal_broad_fp2048_svm,ames,no_metal,broad_fp2048,svm,False,9734,2445,0.3325,813,0.9015,0.5566,0.3381,0.1494,0.0432,0.6204,0.063,0.5353,0.4986,0.5721,0.7575,0.7384,0.7759,0.8287,0.8105,0.8464,0.6326,0.6002,0.6669,0.8824,0.8663,0.8975,0.1397,0.1592,OK,False
ames_no_metal_broad_fp2048_logistic,ames,no_metal,broad_fp2048,logistic,False,9734,2445,0.3325,813,0.9015,0.5566,0.3381,0.1913,0.1669,0.6204,0.063,0.4901,0.4496,0.5234,0.758,0.7375,0.7755,0.8267,0.807,0.8442,0.7821,0.751,0.8093,0.7338,0.711,0.7553,0.1794,0.2048,OK,False
ames_no_metal_broad_fp2048_ann,ames,no_metal,broad_fp2048,ann,False,9734,2445,0.3325,813,0.9015,0.5566,0.3381,0.1696,0.1286,0.6204,0.063,0.5122,0.4731,0.5479,0.7565,0.7374,0.7759,0.8249,0.8058,0.8444,0.6772,0.6462,0.7133,0.8358,0.8165,0.8538,0.1572,0.1825,OK,False
ames_no_metal_graph_gnn,ames,no_metal,graph,gnn,False,9734,2445,0.3325,813,0.9015,0.5566,0.3381,0.2455,0.2351,0.6204,0.063,0.3828,0.3462,0.4175,0.6984,0.6783,0.7175,0.7503,0.7287,0.7698,0.6577,0.6236,0.6913,0.739,0.7193,0.759,0.2318,0.26,WARNING: test-CV gap=0.238 — possible split luck or CV instability,False
ames_salt_stripped_compact_xgb,ames,salt_stripped,compact,xgb,False,10848,2712,0.3024,820,1.0,0.5737,0.3418,0.1872,0.1616,0.6376,0.0534,0.4546,0.4191,0.487,0.7459,0.7279,0.7616,0.8285,0.8084,0.8454,0.7873,0.7573,0.8149,0.7044,0.6847,0.7238,0.1778,0.1978,OK,False
ames_salt_stripped_compact_lgbm,ames,salt_stripped,compact,lgbm,False,10848,2712,0.3024,820,1.0,0.5737,0.3418,0.1989,0.1858,0.6376,0.0534,0.4391,0.4074,0.4716,0.7389,0.7225,0.756,0.8274,0.8078,0.8442,0.8205,0.7936,0.8503,0.6573,0.6349,0.6762,0.1889,0.21,OK,False
ames_salt_stripped_compact_rf,ames,salt_stripped,compact,rf,False,10848,2712,0.3024,820,1.0,0.5737,0.3418,0.169,0.1485,0.6376,0.0534,0.4799,0.442,0.5128,0.7553,0.7361,0.7723,0.8281,0.8096,0.8461,0.7502,0.7218,0.782,0.7604,0.7399,0.7782,0.1629,0.1761,OK,False
ames_salt_stripped_compact_svm,ames,salt_stripped,compact,svm,False,10848,2712,0.3024,820,1.0,0.5737,0.3418,0.1728,0.0979,0.6376,0.0534,0.4637,0.4204,0.5009,0.741,0.7194,0.7595,0.7865,0.7667,0.8051,0.6877,0.6538,0.7194,0.7942,0.7746,0.8134,0.1633,0.1836,OK,False
ames_salt_stripped_compact_logistic,ames,salt_stripped,compact,logistic,False,10848,2712,0.3024,820,1.0,0.5737,0.3418,0.2498,0.2455,0.6376,0.0534,0.3811,0.3476,0.4126,0.707,0.6892,0.7243,0.7702,0.7486,0.791,0.8209,0.7941,0.8451,0.5931,0.5702,0.6133,0.2379,0.2627,WARNING: test-CV gap=0.256 — possible split luck or CV instability,False
ames_salt_stripped_compact_ann,ames,salt_stripped,compact,ann,False,10848,2712,0.3024,820,1.0,0.5737,0.3418,0.1759,0.126,0.6376,0.0534,0.4775,0.4391,0.513,0.7453,0.725,0.763,0.8125,0.7917,0.8298,0.6771,0.6446,0.7094,0.8135,0.7945,0.8302,0.1644,0.1878,OK,False
ames_salt_stripped_broad_fp512_xgb,ames,salt_stripped,broad_fp512,xgb,False,10848,2712,0.3024,820,1.0,0.5737,0.3418,0.1611,0.1276,0.6376,0.0534,0.5093,0.4733,0.5423,0.7716,0.7529,0.7882,0.8529,0.8348,0.8687,0.7787,0.7495,0.8072,0.7645,0.7469,0.782,0.1518,0.1714,OK,False
ames_salt_stripped_broad_fp512_lgbm,ames,salt_stripped,broad_fp512,lgbm,False,10848,2712,0.3024,820,1.0,0.5737,0.3418,0.1627,0.1371,0.6376,0.0534,0.5229,0.4891,0.5531,0.7793,0.7612,0.7958,0.8514,0.8335,0.8668,0.7935,0.7645,0.8235,0.7651,0.7462,0.7826,0.1538,0.1731,OK,False
ames_salt_stripped_broad_fp512_rf,ames,salt_stripped,broad_fp512,rf,False,10848,2712,0.3024,820,1.0,0.5737,0.3418,0.1605,0.1419,0.6376,0.0534,0.5157,0.479,0.5476,0.7706,0.7523,0.7882,0.8413,0.8243,0.8578,0.7451,0.7167,0.7735,0.7962,0.7772,0.8146,0.1544,0.1669,OK,False
ames_salt_stripped_broad_fp512_svm,ames,salt_stripped,broad_fp512,svm,False,10848,2712,0.3024,820,1.0,0.5737,0.3418,0.1428,0.036,0.6376,0.0534,0.542,0.506,0.5798,0.7584,0.7395,0.7774,0.8233,0.8021,0.8404,0.6194,0.5856,0.6541,0.8974,0.884,0.9104,0.1342,0.1529,OK,False
ames_salt_stripped_broad_fp512_logistic,ames,salt_stripped,broad_fp512,logistic,False,10848,2712,0.3024,820,1.0,0.5737,0.3418,0.2114,0.2098,0.6376,0.0534,0.4636,0.4283,0.4957,0.7518,0.7343,0.769,0.8117,0.791,0.8312,0.8201,0.7926,0.8474,0.6836,0.6618,0.7033,0.1991,0.2245,OK,False
ames_salt_stripped_broad_fp512_ann,ames,salt_stripped,broad_fp512,ann,False,10848,2712,0.3024,820,1.0,0.5737,0.3418,0.1722,0.14,0.6376,0.0534,0.5129,0.4748,0.5495,0.7602,0.7393,0.7799,0.8191,0.799,0.8361,0.682,0.6493,0.7169,0.8384,0.8215,0.8557,0.1607,0.1855,OK,False
ames_salt_stripped_broad_fp1024_xgb,ames,salt_stripped,broad_fp1024,xgb,False,10848,2712,0.3024,820,1.0,0.5737,0.3418,0.1483,0.1062,0.6376,0.0534,0.5449,0.5105,0.5775,0.7846,0.7671,0.8005,0.8538,0.8358,0.8684,0.7563,0.7278,0.7839,0.8128,0.7956,0.8292,0.1398,0.1586,OK,False
ames_salt_stripped_broad_fp1024_lgbm,ames,salt_stripped,broad_fp1024,lgbm,False,10848,2712,0.3024,820,1.0,0.5737,0.3418,0.1553,0.1321,0.6376,0.0534,0.5469,0.5134,0.5788,0.7888,0.7721,0.805,0.85,0.8318,0.8654,0.7822,0.7552,0.8096,0.7954,0.7768,0.812,0.1463,0.1655,OK,False
ames_salt_stripped_broad_fp1024_rf,ames,salt_stripped,broad_fp1024,rf,False,10848,2712,0.3024,820,1.0,0.5737,0.3418,0.1636,0.1456,0.6376,0.0534,0.519,0.4804,0.5529,0.7711,0.7517,0.7889,0.8366,0.8189,0.8534,0.7376,0.7067,0.7669,0.8046,0.786,0.8225,0.1581,0.1694,OK,False
ames_salt_stripped_broad_fp1024_svm,ames,salt_stripped,broad_fp1024,svm,False,10848,2712,0.3024,820,1.0,0.5737,0.3418,0.1405,0.0425,0.6376,0.0534,0.5344,0.498,0.5703,0.7505,0.7318,0.7694,0.8294,0.809,0.8466,0.5955,0.5601,0.6277,0.9056,0.8935,0.9181,0.1325,0.1494,OK,False
ames_salt_stripped_broad_fp1024_logistic,ames,salt_stripped,broad_fp1024,logistic,False,10848,2712,0.3024,820,1.0,0.5737,0.3418,0.1928,0.1798,0.6376,0.0534,0.4785,0.4435,0.5132,0.758,0.74,0.7748,0.8196,0.7995,0.8375,0.7921,0.7623,0.8202,0.7239,0.7044,0.7431,0.1809,0.2048,OK,False
ames_salt_stripped_broad_fp1024_ann,ames,salt_stripped,broad_fp1024,ann,False,10848,2712,0.3024,820,1.0,0.5737,0.3418,0.1627,0.1267,0.6376,0.0534,0.5335,0.4977,0.5698,0.7682,0.7491,0.7862,0.8358,0.8179,0.8522,0.6828,0.6468,0.7159,0.8537,0.838,0.8686,0.1504,0.175,OK,False
ames_salt_stripped_broad_fp2048_xgb,ames,salt_stripped,broad_fp2048,xgb,False,10848,2712,0.3024,820,1.0,0.5737,0.3418,0.152,0.1167,0.6376,0.0534,0.5434,0.5075,0.5787,0.7847,0.7665,0.8031,0.8504,0.8326,0.8673,0.7616,0.7286,0.7935,0.8078,0.7902,0.824,0.1425,0.1625,OK,False
ames_salt_stripped_broad_fp2048_lgbm,ames,salt_stripped,broad_fp2048,lgbm,False,10848,2712,0.3024,820,1.0,0.5737,0.3418,0.1541,0.1196,0.6376,0.0534,0.5346,0.498,0.5672,0.7835,0.7656,0.7999,0.8543,0.8359,0.8708,0.7826,0.7536,0.8117,0.7843,0.7667,0.8021,0.1449,0.1647,OK,False
ames_salt_stripped_broad_fp2048_rf,ames,salt_stripped,broad_fp2048,rf,False,10848,2712,0.3024,820,1.0,0.5737,0.3418,0.1683,0.1632,0.6376,0.0534,0.4936,0.4566,0.5285,0.7602,0.7418,0.7782,0.836,0.8185,0.8529,0.739,0.7093,0.7683,0.7815,0.7635,0.7989,0.1629,0.1745,OK,False
ames_salt_stripped_broad_fp2048_svm,ames,salt_stripped,broad_fp2048,svm,False,10848,2712,0.3024,820,1.0,0.5737,0.3418,0.1372,0.0279,0.6376,0.0534,0.5491,0.5138,0.5841,0.7599,0.741,0.7784,0.8401,0.822,0.8564,0.6159,0.5818,0.6508,0.9039,0.8905,0.9172,0.1286,0.1463,OK,False
ames_salt_stripped_broad_fp2048_logistic,ames,salt_stripped,broad_fp2048,logistic,False,10848,2712,0.3024,820,1.0,0.5737,0.3418,0.1901,0.1721,0.6376,0.0534,0.4886,0.4545,0.5231,0.7626,0.7449,0.7802,0.8303,0.8118,0.8491,0.7877,0.7565,0.8175,0.7375,0.7174,0.7571,0.1766,0.2018,OK,False
ames_salt_stripped_broad_fp2048_ann,ames,salt_stripped,broad_fp2048,ann,False,10848,2712,0.3024,820,1.0,0.5737,0.3418,0.1472,0.1004,0.6376,0.0534,0.5409,0.5069,0.5788,0.765,0.7478,0.7835,0.8373,0.8194,0.8551,0.6519,0.62,0.6849,0.8781,0.8629,0.8927,0.1361,0.1583,OK,False
ames_salt_stripped_graph_gnn,ames,salt_stripped,graph,gnn,False,10848,2712,0.3024,820,1.0,0.5737,0.3418,0.2266,0.2003,0.6376,0.0534,0.3769,0.3368,0.4125,0.6896,0.6691,0.7086,0.7496,0.7278,0.7697,0.574,0.5388,0.6088,0.8053,0.7871,0.823,0.2128,0.2418,WARNING: test-CV gap=0.261 — possible split luck or CV instability,False
invitro_raw_all_compact_xgb,invitro,raw_all,compact,xgb,False,1295,324,0.1235,40,1.0,0.4846,0.3225,0.1264,0.1201,0.1389,0.0992,0.114,-0.0228,0.27,0.5446,0.4907,0.6117,0.628,0.5368,0.7133,0.1491,0.0526,0.2693,0.94,0.9101,0.9666,0.0973,0.1551,OK,False
invitro_raw_all_compact_lgbm,invitro,raw_all,compact,lgbm,False,1295,324,0.1235,40,1.0,0.4846,0.3225,0.1165,0.0962,0.1389,0.0992,0.1217,-0.025,0.2721,0.5467,0.4908,0.6044,0.7133,0.6373,0.7991,0.1499,0.0449,0.2617,0.9436,0.9136,0.9682,0.0896,0.145,OK,False
invitro_raw_all_compact_rf,invitro,raw_all,compact,rf,False,1295,324,0.1235,40,1.0,0.4846,0.3225,0.1223,0.1127,0.1389,0.0992,-0.0101,-0.081,0.0948,0.4973,0.4751,0.5254,0.6076,0.5064,0.7072,0.0259,0.0,0.0801,0.9687,0.9464,0.9877,0.0993,0.1449,WARNING: MCC < 0.1 — model near random performance,False
invitro_raw_all_compact_svm,invitro,raw_all,compact,svm,False,1295,324,0.1235,40,1.0,0.4846,0.3225,0.1061,0.029,0.1389,0.0992,0.0,0.0,0.0,0.5,0.5,0.5,0.6462,0.5522,0.7364,0.0,0.0,0.0,1.0,1.0,1.0,0.0769,0.1361,WARNING: MCC < 0.1 — model near random performance,False
invitro_raw_all_compact_logistic,invitro,raw_all,compact,logistic,False,1295,324,0.1235,40,1.0,0.4846,0.3225,0.2473,0.3277,0.1389,0.0992,0.1221,0.014,0.2409,0.5896,0.5104,0.671,0.5935,0.4907,0.6926,0.524,0.3821,0.6793,0.6552,0.6028,0.7108,0.2138,0.2809,OK,False
invitro_raw_all_compact_ann,invitro,raw_all,compact,ann,False,1295,324,0.1235,40,1.0,0.4846,0.3225,0.1177,0.076,0.1389,0.0992,0.0,0.0,0.0,0.5,0.5,0.5,0.4894,0.3833,0.5898,0.0,0.0,0.0,1.0,1.0,1.0,0.088,0.1467,WARNING: MCC < 0.1 — model near random performance,False
invitro_raw_all_broad_fp512_xgb,invitro,raw_all,broad_fp512,xgb,False,1295,324,0.1235,40,1.0,0.4846,0.3225,0.1332,0.1425,0.1389,0.0992,0.1621,0.019,0.3153,0.5729,0.5081,0.6427,0.5842,0.4763,0.6831,0.2241,0.102,0.3574,0.9217,0.8881,0.9504,0.105,0.1618,OK,False
invitro_raw_all_broad_fp512_lgbm,invitro,raw_all,broad_fp512,lgbm,False,1295,324,0.1235,40,1.0,0.4846,0.3225,0.1157,0.0931,0.1389,0.0992,0.1444,0.0147,0.3003,0.5578,0.5061,0.6259,0.6588,0.5445,0.7535,0.1752,0.0689,0.3087,0.9403,0.9123,0.9658,0.0889,0.1442,OK,False
invitro_raw_all_broad_fp512_rf,invitro,raw_all,broad_fp512,rf,False,1295,324,0.1235,40,1.0,0.4846,0.3225,0.1347,0.1495,0.1389,0.0992,0.0719,-0.0646,0.2335,0.5208,0.4809,0.5706,0.5836,0.4814,0.6799,0.0734,0.0,0.1707,0.9682,0.944,0.986,0.1139,0.1541,WARNING: MCC < 0.1 — model near random performance,False
invitro_raw_all_broad_fp512_svm,invitro,raw_all,broad_fp512,svm,False,1295,324,0.1235,40,1.0,0.4846,0.3225,0.1078,0.0238,0.1389,0.0992,0.0,0.0,0.0,0.5,0.5,0.5,0.595,0.5033,0.6842,0.0,0.0,0.0,1.0,1.0,1.0,0.078,0.1365,WARNING: MCC < 0.1 — model near random performance,False
invitro_raw_all_broad_fp512_logistic,invitro,raw_all,broad_fp512,logistic,False,1295,324,0.1235,40,1.0,0.4846,0.3225,0.2051,0.2263,0.1389,0.0992,0.1371,0.0053,0.2724,0.5837,0.5034,0.6615,0.5546,0.4395,0.6593,0.3482,0.2,0.5108,0.8192,0.7753,0.8604,0.1667,0.2445,OK,False
invitro_raw_all_broad_fp512_ann,invitro,raw_all,broad_fp512,ann,False,1295,324,0.1235,40,1.0,0.4846,0.3225,0.1235,0.0834,0.1389,0.0992,-0.0493,-0.0717,-0.0296,0.4899,0.4821,0.4965,0.5542,0.4688,0.6377,0.0,0.0,0.0,0.9798,0.9642,0.993,0.0966,0.153,WARNING: MCC < 0.1 — model near random performance,False
invitro_raw_all_broad_fp1024_xgb,invitro,raw_all,broad_fp1024,xgb,False,1295,324,0.1235,40,1.0,0.4846,0.3225,0.1269,0.1073,0.1389,0.0992,0.1962,0.0438,0.355,0.588,0.5222,0.6605,0.626,0.5215,0.7273,0.2499,0.125,0.3846,0.9261,0.8919,0.9559,0.0984,0.1516,OK,False
invitro_raw_all_broad_fp1024_lgbm,invitro,raw_all,broad_fp1024,lgbm,False,1295,324,0.1235,40,1.0,0.4846,0.3225,0.1156,0.0834,0.1389,0.0992,0.2269,0.0691,0.4035,0.5957,0.5291,0.6731,0.6768,0.5663,0.7787,0.2509,0.123,0.4073,0.9405,0.911,0.9657,0.0874,0.1427,OK,False
invitro_raw_all_broad_fp1024_rf,invitro,raw_all,broad_fp1024,rf,False,1295,324,0.1235,40,1.0,0.4846,0.3225,0.1466,0.1623,0.1389,0.0992,0.1279,-0.0127,0.2866,0.5482,0.4959,0.6098,0.5683,0.4618,0.6681,0.1496,0.05,0.2657,0.9467,0.9159,0.9715,0.1284,0.1651,OK,False
invitro_raw_all_broad_fp1024_svm,invitro,raw_all,broad_fp1024,svm,False,1295,324,0.1235,40,1.0,0.4846,0.3225,0.1078,0.0301,0.1389,0.0992,-0.0164,-0.0376,0.0,0.4982,0.4947,0.5,0.6177,0.514,0.7096,0.0,0.0,0.0,0.9964,0.9893,1.0,0.0788,0.1363,WARNING: MCC < 0.1 — model near random performance,False
invitro_raw_all_broad_fp1024_logistic,invitro,raw_all,broad_fp1024,logistic,False,1295,324,0.1235,40,1.0,0.4846,0.3225,0.2353,0.2326,0.1389,0.0992,0.0564,-0.0645,0.1864,0.5348,0.461,0.6088,0.5328,0.4175,0.6353,0.2709,0.138,0.4084,0.7987,0.7548,0.8426,0.191,0.2798,WARNING: MCC < 0.1 — model near random performance,False
invitro_raw_all_broad_fp1024_ann,invitro,raw_all,broad_fp1024,ann,False,1295,324,0.1235,40,1.0,0.4846,0.3225,0.112,0.0941,0.1389,0.0992,0.1893,0.0,0.3328,0.5249,0.5,0.5619,0.5227,0.4264,0.6207,0.0497,0.0,0.1238,1.0,1.0,1.0,0.0822,0.1424,OK,False
invitro_raw_all_broad_fp2048_xgb,invitro,raw_all,broad_fp2048,xgb,False,1295,324,0.1235,40,1.0,0.4846,0.3225,0.1314,0.116,0.1389,0.0992,0.1046,-0.0322,0.2558,0.5463,0.487,0.6107,0.6338,0.5344,0.7207,0.1745,0.0571,0.3012,0.9181,0.8833,0.9514,0.1026,0.1592,OK,False
invitro_raw_all_broad_fp2048_lgbm,invitro,raw_all,broad_fp2048,lgbm,False,1295,324,0.1235,40,1.0,0.4846,0.3225,0.1172,0.0711,0.1389,0.0992,0.1669,0.0243,0.3349,0.5744,0.5104,0.6524,0.731,0.6505,0.8155,0.2253,0.1053,0.3754,0.9236,0.8908,0.9546,0.0876,0.1456,OK,False
invitro_raw_all_broad_fp2048_rf,invitro,raw_all,broad_fp2048,rf,False,1295,324,0.1235,40,1.0,0.4846,0.3225,0.141,0.1524,0.1389,0.0992,0.056,-0.0712,0.2004,0.5206,0.4738,0.5748,0.5953,0.4933,0.6968,0.0987,0.0198,0.2,0.9425,0.913,0.9681,0.1232,0.1583,WARNING: MCC < 0.1 — model near random performance,False
invitro_raw_all_broad_fp2048_svm,invitro,raw_all,broad_fp2048,svm,False,1295,324,0.1235,40,1.0,0.4846,0.3225,0.1074,0.0267,0.1389,0.0992,0.0,0.0,0.0,0.5,0.5,0.5,0.6106,0.5165,0.7003,0.0,0.0,0.0,1.0,1.0,1.0,0.0784,0.137,WARNING: MCC < 0.1 — model near random performance,False
invitro_raw_all_broad_fp2048_logistic,invitro,raw_all,broad_fp2048,logistic,False,1295,324,0.1235,40,1.0,0.4846,0.3225,0.2532,0.2493,0.1389,0.0992,0.1206,-0.001,0.2352,0.5805,0.4993,0.6604,0.6128,0.5199,0.711,0.4006,0.2585,0.5498,0.7604,0.7115,0.8082,0.2092,0.3,OK,False
invitro_raw_all_broad_fp2048_ann,invitro,raw_all,broad_fp2048,ann,False,1295,324,0.1235,40,1.0,0.4846,0.3225,0.1171,0.0854,0.1389,0.0992,-0.0153,-0.0408,0.0,0.4983,0.4938,0.5,0.5476,0.4612,0.6369,0.0,0.0,0.0,0.9966,0.9875,1.0,0.0856,0.1499,WARNING: MCC < 0.1 — model near random performance,False
invitro_raw_all_graph_gnn,invitro,raw_all,graph,gnn,False,1295,324,0.1235,40,1.0,0.4846,0.3225,0.1152,0.0803,0.1389,0.0992,0.0,0.0,0.0,0.5,0.5,0.5,0.5086,0.4282,0.5933,0.0,0.0,0.0,1.0,1.0,1.0,0.081,0.1513,WARNING: MCC < 0.1 — model near random performance,False
invitro_no_metal_compact_xgb,invitro,no_metal,compact,xgb,True,1024,270,0.1111,30,0.8333,0.5074,0.3286,0.105,0.0767,0.2058,0.127,0.1078,-0.0366,0.2744,0.5408,0.4843,0.6098,0.6947,0.6039,0.7743,0.131,0.0308,0.2621,0.9507,0.9208,0.975,0.0777,0.1368,OK,False
invitro_no_metal_compact_lgbm,invitro,no_metal,compact,lgbm,False,1024,270,0.1111,30,0.8333,0.5074,0.3286,0.1075,0.0878,0.2058,0.127,0.0716,-0.0602,0.2334,0.5307,0.4735,0.5968,0.7093,0.6143,0.803,0.131,0.0308,0.2621,0.9303,0.896,0.9623,0.0789,0.1379,WARNING: MCC < 0.1 — model near random performance,False
invitro_no_metal_compact_rf,invitro,no_metal,compact,rf,False,1024,270,0.1111,30,0.8333,0.5074,0.3286,0.1104,0.0911,0.2058,0.127,-0.0105,-0.0823,0.1231,0.4969,0.4722,0.5377,0.6784,0.5784,0.7726,0.0311,0.0,0.1111,0.9628,0.9359,0.9836,0.0888,0.1309,WARNING: test-CV gap=0.216 — possible split luck or CV instability; WARNING: MCC < 0.1 — model near random performance,False
invitro_no_metal_compact_svm,invitro,no_metal,compact,svm,False,1024,270,0.1111,30,0.8333,0.5074,0.3286,0.0922,0.029,0.2058,0.127,0.0,0.0,0.0,0.5,0.5,0.5,0.719,0.6176,0.8191,0.0,0.0,0.0,1.0,1.0,1.0,0.063,0.1195,WARNING: test-CV gap=0.206 — possible split luck or CV instability; WARNING: MCC < 0.1 — model near random performance,False
invitro_no_metal_compact_logistic,invitro,no_metal,compact,logistic,False,1024,270,0.1111,30,0.8333,0.5074,0.3286,0.2525,0.3221,0.2058,0.127,0.2161,0.1118,0.3279,0.6716,0.5873,0.7539,0.7209,0.6136,0.8199,0.7284,0.5682,0.8857,0.6147,0.558,0.6729,0.222,0.2854,OK,False
invitro_no_metal_compact_ann,invitro,no_metal,compact,ann,False,1024,270,0.1111,30,0.8333,0.5074,0.3286,0.103,0.0539,0.2058,0.127,0.0,0.0,0.0,0.5,0.5,0.5,0.5897,0.4914,0.6873,0.0,0.0,0.0,1.0,1.0,1.0,0.0753,0.1301,WARNING: test-CV gap=0.206 — possible split luck or CV instability; WARNING: MCC < 0.1 — model near random performance,False
invitro_no_metal_broad_fp512_xgb,invitro,no_metal,broad_fp512,xgb,False,1024,270,0.1111,30,0.8333,0.5074,0.3286,0.1063,0.1137,0.2058,0.127,0.1522,-0.0069,0.326,0.5583,0.4973,0.6312,0.6129,0.524,0.7158,0.1634,0.0377,0.3037,0.9533,0.9268,0.9754,0.0792,0.1355,OK,False
invitro_no_metal_broad_fp512_lgbm,invitro,no_metal,broad_fp512,lgbm,False,1024,270,0.1111,30,0.8333,0.5074,0.3286,0.1021,0.0593,0.2058,0.127,0.0881,-0.0657,0.2681,0.5297,0.4808,0.5938,0.6633,0.5554,0.7678,0.0975,0.0,0.2241,0.9619,0.9372,0.9814,0.0756,0.1307,WARNING: MCC < 0.1 — model near random performance,False
invitro_no_metal_broad_fp512_rf,invitro,no_metal,broad_fp512,rf,False,1024,270,0.1111,30,0.8333,0.5074,0.3286,0.1186,0.1357,0.2058,0.127,0.1025,-0.0547,0.2651,0.5328,0.4832,0.5939,0.6832,0.5865,0.7709,0.0989,0.0,0.2166,0.9668,0.9417,0.9876,0.1007,0.1367,OK,False
invitro_no_metal_broad_fp512_svm,invitro,no_metal,broad_fp512,svm,False,1024,270,0.1111,30,0.8333,0.5074,0.3286,0.0967,0.0166,0.2058,0.127,0.0,0.0,0.0,0.5,0.5,0.5,0.6121,0.4908,0.7082,0.0,0.0,0.0,1.0,1.0,1.0,0.0673,0.1247,WARNING: test-CV gap=0.206 — possible split luck or CV instability; WARNING: MCC < 0.1 — model near random performance,False
invitro_no_metal_broad_fp512_logistic,invitro,no_metal,broad_fp512,logistic,False,1024,270,0.1111,30,0.8333,0.5074,0.3286,0.2122,0.2117,0.2058,0.127,-0.0142,-0.1105,0.1041,0.4912,0.4268,0.5651,0.5764,0.4754,0.677,0.1709,0.0507,0.3125,0.8115,0.7583,0.8583,0.1701,0.2552,WARNING: test-CV gap=0.220 — possible split luck or CV instability; WARNING: MCC < 0.1 — model near random performance,False
invitro_no_metal_broad_fp512_ann,invitro,no_metal,broad_fp512,ann,False,1024,270,0.1111,30,0.8333,0.5074,0.3286,0.1053,0.0781,0.2058,0.127,0.0,0.0,0.0,0.5,0.5,0.5,0.5324,0.4359,0.6295,0.0,0.0,0.0,1.0,1.0,1.0,0.0726,0.1373,WARNING: test-CV gap=0.206 — possible split luck or CV instability; WARNING: MCC < 0.1 — model near random performance,False
invitro_no_metal_broad_fp1024_xgb,invitro,no_metal,broad_fp1024,xgb,False,1024,270,0.1111,30,0.8333,0.5074,0.3286,0.1191,0.1126,0.2058,0.127,0.1213,-0.0245,0.2878,0.551,0.4898,0.6251,0.6357,0.5439,0.7296,0.164,0.0401,0.3208,0.938,0.9076,0.9675,0.0902,0.1468,OK,False
invitro_no_metal_broad_fp1024_lgbm,invitro,no_metal,broad_fp1024,lgbm,False,1024,270,0.1111,30,0.8333,0.5074,0.3286,0.1052,0.0843,0.2058,0.127,0.1055,-0.045,0.283,0.5401,0.4828,0.6096,0.7089,0.6072,0.7941,0.1309,0.0303,0.268,0.9492,0.9191,0.9756,0.0788,0.1326,OK,False
invitro_no_metal_broad_fp1024_rf,invitro,no_metal,broad_fp1024,rf,False,1024,270,0.1111,30,0.8333,0.5074,0.3286,0.1263,0.1612,0.2058,0.127,0.0894,-0.0542,0.2457,0.5361,0.4777,0.606,0.6867,0.5967,0.7778,0.1309,0.0303,0.268,0.9412,0.911,0.9667,0.1101,0.1435,WARNING: MCC < 0.1 — model near random performance,False
invitro_no_metal_broad_fp1024_svm,invitro,no_metal,broad_fp1024,svm,False,1024,270,0.1111,30,0.8333,0.5074,0.3286,0.0944,0.0188,0.2058,0.127,0.0,0.0,0.0,0.5,0.5,0.5,0.6742,0.5769,0.7611,0.0,0.0,0.0,1.0,1.0,1.0,0.0654,0.1236,WARNING: test-CV gap=0.206 — possible split luck or CV instability; WARNING: MCC < 0.1 — model near random performance,False
invitro_no_metal_broad_fp1024_logistic,invitro,no_metal,broad_fp1024,logistic,False,1024,270,0.1111,30,0.8333,0.5074,0.3286,0.2395,0.2491,0.2058,0.127,0.0858,-0.0318,0.2186,0.558,0.4802,0.6479,0.6604,0.5792,0.7472,0.3306,0.1731,0.5,0.7853,0.739,0.8351,0.1932,0.2804,WARNING: MCC < 0.1 — model near random performance,False
invitro_no_metal_broad_fp1024_ann,invitro,no_metal,broad_fp1024,ann,False,1024,270,0.1111,30,0.8333,0.5074,0.3286,0.1081,0.0702,0.2058,0.127,0.0223,-0.064,0.1895,0.5057,0.4832,0.5489,0.5747,0.4745,0.677,0.0321,0.0,0.1154,0.9793,0.9611,0.9958,0.0784,0.1378,WARNING: MCC < 0.1 — model near random performance,False
invitro_no_metal_broad_fp2048_xgb,invitro,no_metal,broad_fp2048,xgb,False,1024,270,0.1111,30,0.8333,0.5074,0.3286,0.1129,0.0809,0.2058,0.127,0.1723,-0.0029,0.3447,0.5708,0.4987,0.6507,0.6661,0.5704,0.7591,0.1959,0.0533,0.3529,0.9458,0.9159,0.9717,0.085,0.1402,OK,False
invitro_no_metal_broad_fp2048_lgbm,invitro,no_metal,broad_fp2048,lgbm,False,1024,270,0.1111,30,0.8333,0.5074,0.3286,0.1012,0.0666,0.2058,0.127,0.2577,0.0961,0.4209,0.6177,0.541,0.7066,0.7591,0.6678,0.8391,0.2977,0.1515,0.4761,0.9378,0.9094,0.9665,0.0756,0.1276,OK,False
invitro_no_metal_broad_fp2048_rf,invitro,no_metal,broad_fp2048,rf,False,1024,270,0.1111,30,0.8333,0.5074,0.3286,0.1235,0.1524,0.2058,0.127,0.0472,-0.0793,0.1868,0.5189,0.4698,0.5756,0.6851,0.5844,0.7822,0.1003,0.0,0.2143,0.9374,0.9035,0.9636,0.1065,0.141,WARNING: MCC < 0.1 — model near random performance,False
invitro_no_metal_broad_fp2048_svm,invitro,no_metal,broad_fp2048,svm,False,1024,270,0.1111,30,0.8333,0.5074,0.3286,0.0952,0.0203,0.2058,0.127,0.0,0.0,0.0,0.5,0.5,0.5,0.6633,0.565,0.7504,0.0,0.0,0.0,1.0,1.0,1.0,0.0672,0.1231,WARNING: test-CV gap=0.206 — possible split luck or CV instability; WARNING: MCC < 0.1 — model near random performance,False
invitro_no_metal_broad_fp2048_logistic,invitro,no_metal,broad_fp2048,logistic,False,1024,270,0.1111,30,0.8333,0.5074,0.3286,0.2467,0.2552,0.2058,0.127,0.1263,0.0,0.251,0.59,0.5,0.6794,0.638,0.5278,0.734,0.43,0.2632,0.6,0.75,0.6979,0.8,0.2047,0.2942,OK,False
invitro_no_metal_broad_fp2048_ann,invitro,no_metal,broad_fp2048,ann,False,1024,270,0.1111,30,0.8333,0.5074,0.3286,0.0998,0.0604,0.2058,0.127,0.0,0.0,0.0,0.5,0.5,0.5,0.5627,0.4673,0.6596,0.0,0.0,0.0,1.0,1.0,1.0,0.069,0.1291,WARNING: test-CV gap=0.206 — possible split luck or CV instability; WARNING: MCC < 0.1 — model near random performance,False
invitro_no_metal_graph_gnn,invitro,no_metal,graph,gnn,False,1024,270,0.1111,30,0.8333,0.5074,0.3286,0.1039,0.0825,0.2058,0.127,0.0,0.0,0.0,0.5,0.5,0.5,0.4371,0.3192,0.5388,0.0,0.0,0.0,1.0,1.0,1.0,0.0685,0.1373,WARNING: test-CV gap=0.206 — possible split luck or CV instability; WARNING: MCC < 0.1 — model near random performance,False
invitro_salt_stripped_compact_xgb,invitro,salt_stripped,compact,xgb,False,1295,324,0.1235,40,1.0,0.4877,0.3234,0.1264,0.1082,0.0942,0.0971,0.1143,-0.0155,0.2567,0.5496,0.4937,0.6153,0.641,0.5471,0.7366,0.1754,0.0682,0.314,0.9238,0.8955,0.951,0.0973,0.1558,OK,False
invitro_salt_stripped_compact_lgbm,invitro,salt_stripped,compact,lgbm,False,1295,324,0.1235,40,1.0,0.4877,0.3234,0.1272,0.1187,0.0942,0.0971,0.1643,0.0171,0.3199,0.5736,0.5074,0.6486,0.623,0.5296,0.7183,0.2243,0.1026,0.3705,0.9228,0.8881,0.9534,0.1008,0.1543,OK,False
invitro_salt_stripped_compact_rf,invitro,salt_stripped,compact,rf,False,1295,324,0.1235,40,1.0,0.4877,0.3234,0.1241,0.1235,0.0942,0.0971,-0.0095,-0.0791,0.0955,0.4975,0.4775,0.5267,0.6086,0.4982,0.7113,0.0259,0.0,0.0801,0.9691,0.9444,0.9891,0.1019,0.1456,WARNING: MCC < 0.1 — model near random performance,False
invitro_salt_stripped_compact_svm,invitro,salt_stripped,compact,svm,False,1295,324,0.1235,40,1.0,0.4877,0.3234,0.1048,0.0254,0.0942,0.0971,0.0,0.0,0.0,0.5,0.5,0.5,0.6819,0.5902,0.7644,0.0,0.0,0.0,1.0,1.0,1.0,0.0763,0.1348,WARNING: MCC < 0.1 — model near random performance,False
invitro_salt_stripped_compact_logistic,invitro,salt_stripped,compact,logistic,False,1295,324,0.1235,40,1.0,0.4877,0.3234,0.2756,0.3496,0.0942,0.0971,0.1104,0.0064,0.2226,0.583,0.5048,0.6667,0.59,0.4886,0.6866,0.5742,0.4301,0.7222,0.5919,0.5341,0.6517,0.2437,0.3109,OK,False
invitro_salt_stripped_compact_ann,invitro,salt_stripped,compact,ann,False,1295,324,0.1235,40,1.0,0.4877,0.3234,0.1173,0.0727,0.0942,0.0971,0.0,0.0,0.0,0.5,0.5,0.5,0.4886,0.383,0.5907,0.0,0.0,0.0,1.0,1.0,1.0,0.0876,0.1463,WARNING: MCC < 0.1 — model near random performance,False
invitro_salt_stripped_broad_fp512_xgb,invitro,salt_stripped,broad_fp512,xgb,False,1295,324,0.1235,40,1.0,0.4877,0.3234,0.1505,0.1438,0.0942,0.0971,0.0305,-0.0764,0.1518,0.5138,0.4667,0.5716,0.546,0.4586,0.6338,0.1246,0.0358,0.2317,0.9031,0.8692,0.9382,0.1217,0.1792,WARNING: MCC < 0.1 — model near random performance,False
invitro_salt_stripped_broad_fp512_lgbm,invitro,salt_stripped,broad_fp512,lgbm,False,1295,324,0.1235,40,1.0,0.4877,0.3234,0.1359,0.1072,0.0942,0.0971,0.0869,-0.0383,0.2198,0.5405,0.4814,0.6021,0.6265,0.5315,0.7187,0.1759,0.0706,0.2948,0.9051,0.8688,0.9375,0.112,0.1641,WARNING: MCC < 0.1 — model near random performance,False
invitro_salt_stripped_broad_fp512_rf,invitro,salt_stripped,broad_fp512,rf,False,1295,324,0.1235,40,1.0,0.4877,0.3234,0.1415,0.1605,0.0942,0.0971,0.0935,-0.0506,0.2525,0.5301,0.484,0.5847,0.5915,0.482,0.6892,0.0993,0.023,0.2051,0.9609,0.9362,0.9822,0.1239,0.1594,WARNING: MCC < 0.1 — model near random performance,False
invitro_salt_stripped_broad_fp512_svm,invitro,salt_stripped,broad_fp512,svm,False,1295,324,0.1235,40,1.0,0.4877,0.3234,0.1063,0.0204,0.0942,0.0971,0.0,0.0,0.0,0.5,0.5,0.5,0.6183,0.5151,0.7195,0.0,0.0,0.0,1.0,1.0,1.0,0.0772,0.1356,WARNING: MCC < 0.1 — model near random performance,False
invitro_salt_stripped_broad_fp512_logistic,invitro,salt_stripped,broad_fp512,logistic,False,1295,324,0.1235,40,1.0,0.4877,0.3234,0.2609,0.2754,0.0942,0.0971,0.0423,-0.066,0.1596,0.5278,0.4509,0.6057,0.5008,0.4016,0.6028,0.3003,0.1526,0.4457,0.7553,0.7002,0.8007,0.2207,0.3077,WARNING: MCC < 0.1 — model near random performance,False
invitro_salt_stripped_broad_fp512_ann,invitro,salt_stripped,broad_fp512,ann,False,1295,324,0.1235,40,1.0,0.4877,0.3234,0.1245,0.0875,0.0942,0.0971,-0.0399,-0.0622,-0.0181,0.4931,0.4858,0.4983,0.4756,0.3806,0.5679,0.0,0.0,0.0,0.9862,0.9716,0.9966,0.0955,0.1552,WARNING: MCC < 0.1 — model near random performance,False
invitro_salt_stripped_broad_fp1024_xgb,invitro,salt_stripped,broad_fp1024,xgb,False,1295,324,0.1235,40,1.0,0.4877,0.3234,0.1325,0.1212,0.0942,0.0971,0.1383,-0.0026,0.2893,0.5613,0.4988,0.6257,0.5733,0.4576,0.6773,0.2002,0.0845,0.3177,0.9224,0.8891,0.9506,0.1035,0.1605,OK,False
invitro_salt_stripped_broad_fp1024_lgbm,invitro,salt_stripped,broad_fp1024,lgbm,False,1295,324,0.1235,40,1.0,0.4877,0.3234,0.1155,0.0971,0.0942,0.0971,0.2966,0.131,0.4504,0.6388,0.5586,0.7212,0.6651,0.5544,0.7556,0.349,0.1943,0.5067,0.9287,0.8943,0.9583,0.088,0.1421,WARNING: test-CV gap=0.202 — possible split luck or CV instability,True
invitro_salt_stripped_broad_fp1024_rf,invitro,salt_stripped,broad_fp1024,rf,False,1295,324,0.1235,40,1.0,0.4877,0.3234,0.152,0.1834,0.0942,0.0971,0.0228,-0.085,0.1548,0.5092,0.4649,0.5626,0.5728,0.4628,0.672,0.097,0.0097,0.2045,0.9215,0.8895,0.9505,0.1342,0.1705,WARNING: MCC < 0.1 — model near random performance,False
invitro_salt_stripped_broad_fp1024_svm,invitro,salt_stripped,broad_fp1024,svm,False,1295,324,0.1235,40,1.0,0.4877,0.3234,0.1071,0.0288,0.0942,0.0971,0.0,0.0,0.0,0.5,0.5,0.5,0.6406,0.5529,0.7185,0.0,0.0,0.0,1.0,1.0,1.0,0.0769,0.1361,WARNING: MCC < 0.1 — model near random performance,False
invitro_salt_stripped_broad_fp1024_logistic,invitro,salt_stripped,broad_fp1024,logistic,False,1295,324,0.1235,40,1.0,0.4877,0.3234,0.2351,0.245,0.0942,0.0971,0.0433,-0.0725,0.1633,0.5263,0.4529,0.6028,0.5521,0.453,0.648,0.2478,0.1123,0.4,0.8049,0.7611,0.8523,0.1924,0.2767,WARNING: MCC < 0.1 — model near random performance,False
invitro_salt_stripped_broad_fp1024_ann,invitro,salt_stripped,broad_fp1024,ann,False,1295,324,0.1235,40,1.0,0.4877,0.3234,0.1172,0.0723,0.0942,0.0971,0.0,0.0,0.0,0.5,0.5,0.5,0.4647,0.3655,0.5656,0.0,0.0,0.0,1.0,1.0,1.0,0.0845,0.1506,WARNING: MCC < 0.1 — model near random performance,False
invitro_salt_stripped_broad_fp2048_xgb,invitro,salt_stripped,broad_fp2048,xgb,False,1295,324,0.1235,40,1.0,0.4877,0.3234,0.1452,0.1426,0.0942,0.0971,0.069,-0.0534,0.2064,0.5309,0.4752,0.5988,0.574,0.4819,0.6541,0.1496,0.0526,0.2727,0.9123,0.8759,0.9437,0.1152,0.1742,WARNING: MCC < 0.1 — model near random performance,False
invitro_salt_stripped_broad_fp2048_lgbm,invitro,salt_stripped,broad_fp2048,lgbm,False,1295,324,0.1235,40,1.0,0.4877,0.3234,0.137,0.1374,0.0942,0.0971,0.1744,0.0386,0.327,0.5872,0.5191,0.6704,0.6066,0.4991,0.7036,0.2762,0.1449,0.4311,0.8983,0.8619,0.9336,0.1082,0.1662,OK,False
invitro_salt_stripped_broad_fp2048_rf,invitro,salt_stripped,broad_fp2048,rf,False,1295,324,0.1235,40,1.0,0.4877,0.3234,0.1452,0.1684,0.0942,0.0971,-0.0145,-0.1092,0.0947,0.4935,0.4502,0.5384,0.598,0.4959,0.6967,0.0719,0.0,0.1538,0.9152,0.8798,0.9467,0.127,0.1632,WARNING: MCC < 0.1 — model near random performance,False
invitro_salt_stripped_broad_fp2048_svm,invitro,salt_stripped,broad_fp2048,svm,False,1295,324,0.1235,40,1.0,0.4877,0.3234,0.1069,0.0293,0.0942,0.0971,0.0,0.0,0.0,0.5,0.5,0.5,0.6152,0.513,0.7123,0.0,0.0,0.0,1.0,1.0,1.0,0.0777,0.137,WARNING: MCC < 0.1 — model near random performance,False
invitro_salt_stripped_broad_fp2048_logistic,invitro,salt_stripped,broad_fp2048,logistic,False,1295,324,0.1235,40,1.0,0.4877,0.3234,0.2568,0.2664,0.0942,0.0971,0.0903,-0.0241,0.2122,0.5592,0.4829,0.6362,0.5881,0.485,0.6769,0.3495,0.2131,0.4889,0.7688,0.7188,0.8164,0.2133,0.3031,WARNING: MCC < 0.1 — model near random performance,False
invitro_salt_stripped_broad_fp2048_ann,invitro,salt_stripped,broad_fp2048,ann,False,1295,324,0.1235,40,1.0,0.4877,0.3234,0.1246,0.0994,0.0942,0.0971,-0.0264,-0.049,0.0,0.4965,0.491,0.5,0.4373,0.3452,0.5294,0.0,0.0,0.0,0.993,0.9821,1.0,0.0965,0.1532,WARNING: MCC < 0.1 — model near random performance,False
invitro_salt_stripped_graph_gnn,invitro,salt_stripped,graph,gnn,False,1295,324,0.1235,40,1.0,0.4877,0.3234,0.1192,0.0981,0.0942,0.0971,0.0,0.0,0.0,0.5,0.5,0.5,0.4313,0.3554,0.5174,0.0,0.0,0.0,1.0,1.0,1.0,0.0835,0.157,WARNING: MCC < 0.1 — model near random performance,False
invivo_raw_all_compact_xgb,invivo,raw_all,compact,xgb,False,1722,431,0.0278,12,1.0,0.5731,0.3486,0.0332,0.0244,0.0677,0.1013,0.0706,-0.0285,0.2851,0.5303,0.4858,0.6292,0.8108,0.6391,0.9248,0.0774,0.0,0.2767,0.9831,0.9713,0.9929,0.0198,0.048,CAUTION: only ~12 positives in test set — interpret as exploratory; WARNING: MCC < 0.1 — model near random performance,False
invivo_raw_all_compact_lgbm,invivo,raw_all,compact,lgbm,False,1722,431,0.0278,12,1.0,0.5731,0.3486,0.0338,0.0254,0.0677,0.1013,-0.0194,-0.0294,-0.0105,0.4929,0.4869,0.4976,0.7872,0.6168,0.9099,0.0,0.0,0.0,0.9857,0.9738,0.9952,0.0197,0.051,CAUTION: only ~12 positives in test set — interpret as exploratory; WARNING: MCC < 0.1 — model near random performance,False
invivo_raw_all_compact_rf,invivo,raw_all,compact,rf,False,1722,431,0.0278,12,1.0,0.5731,0.3486,0.0322,0.0592,0.0677,0.1013,0.0,0.0,0.0,0.5,0.5,0.5,0.8296,0.6714,0.9353,0.0,0.0,0.0,1.0,1.0,1.0,0.023,0.0422,CAUTION: only ~12 positives in test set — interpret as exploratory; WARNING: MCC < 0.1 — model near random performance,False
invivo_raw_all_compact_svm,invivo,raw_all,compact,svm,False,1722,431,0.0278,12,1.0,0.5731,0.3486,0.0249,0.0217,0.0677,0.1013,0.0,0.0,0.0,0.5,0.5,0.5,0.7702,0.5559,0.94,0.0,0.0,0.0,1.0,1.0,1.0,0.0137,0.0384,CAUTION: only ~12 positives in test set — interpret as exploratory; WARNING: MCC < 0.1 — model near random performance,False
invivo_raw_all_compact_logistic,invivo,raw_all,compact,logistic,False,1722,431,0.0278,12,1.0,0.5731,0.3486,0.1451,0.2105,0.0677,0.1013,0.1877,0.0695,0.3028,0.7319,0.5955,0.8566,0.7703,0.5908,0.9096,0.6553,0.3846,0.9,0.8086,0.7724,0.8438,0.1227,0.1688,CAUTION: only ~12 positives in test set — interpret as exploratory,False
invivo_raw_all_compact_ann,invivo,raw_all,compact,ann,False,1722,431,0.0278,12,1.0,0.5731,0.3486,0.0319,0.0351,0.0677,0.1013,0.0,0.0,0.0,0.5,0.5,0.5,0.5735,0.4596,0.6869,0.0,0.0,0.0,1.0,1.0,1.0,0.0196,0.0469,CAUTION: only ~12 positives in test set — interpret as exploratory; WARNING: MCC < 0.1 — model near random performance,False
invivo_raw_all_broad_fp512_xgb,invivo,raw_all,broad_fp512,xgb,False,1722,431,0.0278,12,1.0,0.5731,0.3486,0.0323,0.0321,0.0677,0.1013,0.0862,-0.0242,0.3264,0.5327,0.4893,0.6305,0.7896,0.6632,0.887,0.0774,0.0,0.2767,0.9879,0.9784,0.9976,0.0195,0.0468,CAUTION: only ~12 positives in test set — interpret as exploratory; WARNING: MCC < 0.1 — model near random performance,False
invivo_raw_all_broad_fp512_lgbm,invivo,raw_all,broad_fp512,lgbm,False,1722,431,0.0278,12,1.0,0.5731,0.3486,0.0328,0.0343,0.0677,0.1013,0.1125,-0.0198,0.3987,0.5351,0.4929,0.6335,0.7117,0.5553,0.8395,0.0774,0.0,0.2767,0.9928,0.9834,1.0,0.0183,0.0483,CAUTION: only ~12 positives in test set — interpret as exploratory,False
invivo_raw_all_broad_fp512_rf,invivo,raw_all,broad_fp512,rf,False,1722,431,0.0278,12,1.0,0.5731,0.3486,0.0369,0.086,0.0677,0.1013,0.0,0.0,0.0,0.5,0.5,0.5,0.8073,0.6123,0.936,0.0,0.0,0.0,1.0,1.0,1.0,0.0279,0.0471,CAUTION: only ~12 positives in test set — interpret as exploratory; WARNING: MCC < 0.1 — model near random performance,False
invivo_raw_all_broad_fp512_svm,invivo,raw_all,broad_fp512,svm,False,1722,431,0.0278,12,1.0,0.5731,0.3486,0.0258,0.0078,0.0677,0.1013,0.0,0.0,0.0,0.5,0.5,0.5,0.7311,0.4929,0.9079,0.0,0.0,0.0,1.0,1.0,1.0,0.0132,0.0408,CAUTION: only ~12 positives in test set — interpret as exploratory; WARNING: MCC < 0.1 — model near random performance,False
invivo_raw_all_broad_fp512_logistic,invivo,raw_all,broad_fp512,logistic,False,1722,431,0.0278,12,1.0,0.5731,0.3486,0.1477,0.1677,0.0677,0.1013,0.1042,-0.0207,0.2353,0.6218,0.4733,0.7666,0.7458,0.5979,0.8601,0.4089,0.125,0.6923,0.8347,0.8,0.8693,0.119,0.1789,CAUTION: only ~12 positives in test set — interpret as exploratory,False
invivo_raw_all_broad_fp512_ann,invivo,raw_all,broad_fp512,ann,False,1722,431,0.0278,12,1.0,0.5731,0.3486,0.028,0.011,0.0677,0.1013,0.0,0.0,0.0,0.5,0.5,0.5,0.6918,0.5368,0.8195,0.0,0.0,0.0,1.0,1.0,1.0,0.0157,0.0435,CAUTION: only ~12 positives in test set — interpret as exploratory; WARNING: MCC < 0.1 — model near random performance,False
invivo_raw_all_broad_fp1024_xgb,invivo,raw_all,broad_fp1024,xgb,False,1722,431,0.0278,12,1.0,0.5731,0.3486,0.0302,0.0225,0.0677,0.1013,0.1811,-0.0211,0.4653,0.5717,0.4906,0.7142,0.7882,0.6239,0.9136,0.1555,0.0,0.4369,0.9879,0.978,0.9976,0.0175,0.0444,CAUTION: only ~12 positives in test set — interpret as exploratory,False
invivo_raw_all_broad_fp1024_lgbm,invivo,raw_all,broad_fp1024,lgbm,False,1722,431,0.0278,12,1.0,0.5731,0.3486,0.03,0.0273,0.0677,0.1013,-0.0102,-0.0191,0.0,0.4976,0.494,0.5,0.8016,0.6753,0.9038,0.0,0.0,0.0,0.9953,0.988,1.0,0.0168,0.0449,CAUTION: only ~12 positives in test set — interpret as exploratory; WARNING: MCC < 0.1 — model near random performance,False
invivo_raw_all_broad_fp1024_rf,invivo,raw_all,broad_fp1024,rf,False,1722,431,0.0278,12,1.0,0.5731,0.3486,0.039,0.095,0.0677,0.1013,-0.0061,-0.0149,0.0,0.4988,0.4964,0.5,0.8305,0.7185,0.9249,0.0,0.0,0.0,0.9977,0.9928,1.0,0.0301,0.0487,CAUTION: only ~12 positives in test set — interpret as exploratory; WARNING: MCC < 0.1 — model near random performance,False
invivo_raw_all_broad_fp1024_svm,invivo,raw_all,broad_fp1024,svm,False,1722,431,0.0278,12,1.0,0.5731,0.3486,0.0256,0.0156,0.0677,0.1013,0.0,0.0,0.0,0.5,0.5,0.5,0.7208,0.5097,0.8828,0.0,0.0,0.0,1.0,1.0,1.0,0.0131,0.0396,CAUTION: only ~12 positives in test set — interpret as exploratory; WARNING: MCC < 0.1 — model near random performance,False
invivo_raw_all_broad_fp1024_logistic,invivo,raw_all,broad_fp1024,logistic,False,1722,431,0.0278,12,1.0,0.5731,0.3486,0.0789,0.0846,0.0677,0.1013,0.1888,0.0143,0.3528,0.6624,0.513,0.8003,0.8337,0.7105,0.9234,0.4011,0.1053,0.6667,0.9237,0.8948,0.9463,0.0587,0.1033,CAUTION: only ~12 positives in test set — interpret as exploratory,False
invivo_raw_all_broad_fp1024_ann,invivo,raw_all,broad_fp1024,ann,False,1722,431,0.0278,12,1.0,0.5731,0.3486,0.0405,0.0799,0.0677,0.1013,-0.0132,-0.0234,0.0,0.4965,0.4917,0.5,0.7113,0.6064,0.8116,0.0,0.0,0.0,0.9929,0.9834,1.0,0.0296,0.053,CAUTION: only ~12 positives in test set — interpret as exploratory; WARNING: MCC < 0.1 — model near random performance,False
invivo_raw_all_broad_fp2048_xgb,invivo,raw_all,broad_fp2048,xgb,False,1722,431,0.0278,12,1.0,0.5731,0.3486,0.0312,0.0258,0.0677,0.1013,0.2359,-0.022,0.4964,0.6091,0.4905,0.7609,0.7796,0.5982,0.9144,0.2348,0.0,0.5397,0.9833,0.9688,0.9929,0.0188,0.0458,CAUTION: only ~12 positives in test set — interpret as exploratory,False
invivo_raw_all_broad_fp2048_lgbm,invivo,raw_all,broad_fp2048,lgbm,False,1722,431,0.0278,12,1.0,0.5731,0.3486,0.0358,0.0346,0.0677,0.1013,-0.0193,-0.0295,-0.0097,0.4929,0.4868,0.4976,0.786,0.6259,0.9022,0.0,0.0,0.0,0.9858,0.9736,0.9952,0.0224,0.0515,CAUTION: only ~12 positives in test set — interpret as exploratory; WARNING: MCC < 0.1 — model near random performance,False
invivo_raw_all_broad_fp2048_rf,invivo,raw_all,broad_fp2048,rf,False,1722,431,0.0278,12,1.0,0.5731,0.3486,0.0381,0.0893,0.0677,0.1013,0.0,0.0,0.0,0.5,0.5,0.5,0.8362,0.7254,0.928,0.0,0.0,0.0,1.0,1.0,1.0,0.0292,0.0479,CAUTION: only ~12 positives in test set — interpret as exploratory; WARNING: MCC < 0.1 — model near random performance,False
invivo_raw_all_broad_fp2048_svm,invivo,raw_all,broad_fp2048,svm,False,1722,431,0.0278,12,1.0,0.5731,0.3486,0.0267,0.0095,0.0677,0.1013,0.0,0.0,0.0,0.5,0.5,0.5,0.7518,0.5297,0.9089,0.0,0.0,0.0,1.0,1.0,1.0,0.0144,0.0414,CAUTION: only ~12 positives in test set — interpret as exploratory; WARNING: MCC < 0.1 — model near random performance,False
invivo_raw_all_broad_fp2048_logistic,invivo,raw_all,broad_fp2048,logistic,False,1722,431,0.0278,12,1.0,0.5731,0.3486,0.1064,0.1084,0.0677,0.1013,0.1099,-0.0234,0.25,0.607,0.4635,0.7691,0.7704,0.6374,0.8743,0.3214,0.0339,0.6523,0.8925,0.8644,0.9219,0.0777,0.1337,CAUTION: only ~12 positives in test set — interpret as exploratory,False
invivo_raw_all_broad_fp2048_ann,invivo,raw_all,broad_fp2048,ann,False,1722,431,0.0278,12,1.0,0.5731,0.3486,0.036,0.0701,0.0677,0.1013,0.0,0.0,0.0,0.5,0.5,0.5,0.7067,0.5646,0.8392,0.0,0.0,0.0,1.0,1.0,1.0,0.0254,0.048,CAUTION: only ~12 positives in test set — interpret as exploratory; WARNING: MCC < 0.1 — model near random performance,False
invivo_raw_all_graph_gnn,invivo,raw_all,graph,gnn,False,1722,431,0.0278,12,1.0,0.5731,0.3486,0.0273,0.0195,0.0677,0.1013,0.0,0.0,0.0,0.5,0.5,0.5,0.3371,0.1398,0.564,0.0,0.0,0.0,1.0,1.0,1.0,0.0138,0.0434,CAUTION: only ~12 positives in test set — interpret as exploratory; WARNING: MCC < 0.1 — model near random performance,False
invivo_no_metal_compact_xgb,invivo,no_metal,compact,xgb,False,1343,336,0.0327,11,0.7796,0.5417,0.343,0.0353,0.0303,0.0588,0.1214,0.1536,-0.0208,0.4405,0.5422,0.4938,0.6406,0.8225,0.6869,0.9247,0.0904,0.0,0.2857,0.994,0.9846,1.0,0.0195,0.0546,CAUTION: only ~11 positives in test set — interpret as exploratory,False
invivo_no_metal_compact_lgbm,invivo,no_metal,compact,lgbm,False,1343,336,0.0327,11,0.7796,0.5417,0.343,0.0373,0.0348,0.0588,0.1214,-0.0128,-0.0253,0.0,0.4969,0.4915,0.5,0.7919,0.6724,0.8841,0.0,0.0,0.0,0.9938,0.983,1.0,0.019,0.0576,CAUTION: only ~11 positives in test set — interpret as exploratory; WARNING: MCC < 0.1 — model near random performance,False
invivo_no_metal_compact_rf,invivo,no_metal,compact,rf,False,1343,336,0.0327,11,0.7796,0.5417,0.343,0.0387,0.0492,0.0588,0.1214,0.0,0.0,0.0,0.5,0.5,0.5,0.7841,0.6483,0.8955,0.0,0.0,0.0,1.0,1.0,1.0,0.026,0.0545,CAUTION: only ~11 positives in test set — interpret as exploratory; WARNING: MCC < 0.1 — model near random performance,False
invivo_no_metal_compact_svm,invivo,no_metal,compact,svm,False,1343,336,0.0327,11,0.7796,0.5417,0.343,0.0309,0.0106,0.0588,0.1214,0.0,0.0,0.0,0.5,0.5,0.5,0.7594,0.5919,0.9119,0.0,0.0,0.0,1.0,1.0,1.0,0.0158,0.0474,CAUTION: only ~11 positives in test set — interpret as exploratory; WARNING: MCC < 0.1 — model near random performance,False
invivo_no_metal_compact_logistic,invivo,no_metal,compact,logistic,False,1343,336,0.0327,11,0.7796,0.5417,0.343,0.1661,0.2097,0.0588,0.1214,0.1786,0.0504,0.3128,0.7122,0.5675,0.86,0.7707,0.6213,0.9054,0.6427,0.3636,0.9167,0.7818,0.7387,0.8232,0.1332,0.2001,CAUTION: only ~11 positives in test set — interpret as exploratory,False
invivo_no_metal_compact_ann,invivo,no_metal,compact,ann,False,1343,336,0.0327,11,0.7796,0.5417,0.343,0.0416,0.0602,0.0588,0.1214,0.0,0.0,0.0,0.5,0.5,0.5,0.5168,0.3987,0.6429,0.0,0.0,0.0,1.0,1.0,1.0,0.0272,0.0593,CAUTION: only ~11 positives in test set — interpret as exploratory; WARNING: MCC < 0.1 — model near random performance,False
invivo_no_metal_broad_fp512_xgb,invivo,no_metal,broad_fp512,xgb,False,1343,336,0.0327,11,0.7796,0.5417,0.343,0.0317,0.0226,0.0588,0.1214,0.1859,-0.0164,0.4917,0.5438,0.4954,0.6421,0.8261,0.6742,0.9435,0.0904,0.0,0.2857,0.9971,0.9906,1.0,0.0157,0.0485,CAUTION: only ~11 positives in test set — interpret as exploratory,False
invivo_no_metal_broad_fp512_lgbm,invivo,no_metal,broad_fp512,lgbm,False,1343,336,0.0327,11,0.7796,0.5417,0.343,0.0365,0.0339,0.0588,0.1214,-0.0128,-0.0253,0.0,0.4969,0.4915,0.5,0.6447,0.4769,0.7938,0.0,0.0,0.0,0.9938,0.983,1.0,0.0186,0.0571,CAUTION: only ~11 positives in test set — interpret as exploratory; WARNING: MCC < 0.1 — model near random performance,False
invivo_no_metal_broad_fp512_rf,invivo,no_metal,broad_fp512,rf,False,1343,336,0.0327,11,0.7796,0.5417,0.343,0.0409,0.0619,0.0588,0.1214,0.0,0.0,0.0,0.5,0.5,0.5,0.769,0.6092,0.897,0.0,0.0,0.0,1.0,1.0,1.0,0.0284,0.0563,CAUTION: only ~11 positives in test set — interpret as exploratory; WARNING: MCC < 0.1 — model near random performance,False
invivo_no_metal_broad_fp512_svm,invivo,no_metal,broad_fp512,svm,False,1343,336,0.0327,11,0.7796,0.5417,0.343,0.0316,0.0074,0.0588,0.1214,0.0,0.0,0.0,0.5,0.5,0.5,0.6985,0.4946,0.8858,0.0,0.0,0.0,1.0,1.0,1.0,0.0154,0.0493,CAUTION: only ~11 positives in test set — interpret as exploratory; WARNING: MCC < 0.1 — model near random performance,False
invivo_no_metal_broad_fp512_logistic,invivo,no_metal,broad_fp512,logistic,False,1343,336,0.0327,11,0.7796,0.5417,0.343,0.1039,0.1146,0.0588,0.1214,0.1602,0.0016,0.3355,0.637,0.5015,0.8087,0.6835,0.5219,0.8509,0.3667,0.1,0.7075,0.9074,0.8767,0.9347,0.0751,0.1331,CAUTION: only ~11 positives in test set — interpret as exploratory,False
invivo_no_metal_broad_fp512_ann,invivo,no_metal,broad_fp512,ann,False,1343,336,0.0327,11,0.7796,0.5417,0.343,0.0349,0.0255,0.0588,0.1214,0.0,0.0,0.0,0.5,0.5,0.5,0.6353,0.5128,0.7629,0.0,0.0,0.0,1.0,1.0,1.0,0.02,0.052,CAUTION: only ~11 positives in test set — interpret as exploratory; WARNING: MCC < 0.1 — model near random performance,False
invivo_no_metal_broad_fp1024_xgb,invivo,no_metal,broad_fp1024,xgb,False,1343,336,0.0327,11,0.7796,0.5417,0.343,0.0297,0.0286,0.0588,0.1214,0.2865,-0.0159,0.5932,0.5895,0.4954,0.7202,0.8059,0.6514,0.9249,0.1851,0.0,0.4497,0.994,0.9846,1.0,0.0146,0.0472,CAUTION: only ~11 positives in test set — interpret as exploratory; WARNING: test-CV gap=0.228 — possible split luck or CV instability,False
invivo_no_metal_broad_fp1024_lgbm,invivo,no_metal,broad_fp1024,lgbm,False,1343,336,0.0327,11,0.7796,0.5417,0.343,0.0358,0.0338,0.0588,0.1214,-0.0128,-0.0253,0.0,0.4969,0.4915,0.5,0.6864,0.4876,0.851,0.0,0.0,0.0,0.9938,0.983,1.0,0.0184,0.0559,CAUTION: only ~11 positives in test set — interpret as exploratory; WARNING: MCC < 0.1 — model near random performance,False
invivo_no_metal_broad_fp1024_rf,invivo,no_metal,broad_fp1024,rf,False,1343,336,0.0327,11,0.7796,0.5417,0.343,0.0448,0.0732,0.0588,0.1214,0.1153,-0.0259,0.3817,0.5406,0.4893,0.6466,0.7357,0.5996,0.8614,0.0935,0.0,0.3077,0.9876,0.9748,1.0,0.0322,0.0608,CAUTION: only ~11 positives in test set — interpret as exploratory,False
invivo_no_metal_broad_fp1024_svm,invivo,no_metal,broad_fp1024,svm,False,1343,336,0.0327,11,0.7796,0.5417,0.343,0.0313,0.0036,0.0588,0.1214,0.0,0.0,0.0,0.5,0.5,0.5,0.7015,0.4876,0.8995,0.0,0.0,0.0,1.0,1.0,1.0,0.016,0.0493,CAUTION: only ~11 positives in test set — interpret as exploratory; WARNING: MCC < 0.1 — model near random performance,False
invivo_no_metal_broad_fp1024_logistic,invivo,no_metal,broad_fp1024,logistic,False,1343,336,0.0327,11,0.7796,0.5417,0.343,0.0709,0.0732,0.0588,0.1214,0.0865,-0.0478,0.2461,0.5606,0.4662,0.677,0.7641,0.631,0.8804,0.1824,0.0,0.4087,0.9388,0.9116,0.9628,0.0471,0.0957,CAUTION: only ~11 positives in test set — interpret as exploratory; WARNING: MCC < 0.1 — model near random performance,False
invivo_no_metal_broad_fp1024_ann,invivo,no_metal,broad_fp1024,ann,False,1343,336,0.0327,11,0.7796,0.5417,0.343,0.0321,0.0191,0.0588,0.1214,0.0,0.0,0.0,0.5,0.5,0.5,0.6768,0.5242,0.8462,0.0,0.0,0.0,1.0,1.0,1.0,0.0173,0.049,CAUTION: only ~11 positives in test set — interpret as exploratory; WARNING: MCC < 0.1 — model near random performance,False
invivo_no_metal_broad_fp2048_xgb,invivo,no_metal,broad_fp2048,xgb,False,1343,336,0.0327,11,0.7796,0.5417,0.343,0.03,0.0247,0.0588,0.1214,0.1859,-0.0164,0.4917,0.5438,0.4954,0.6421,0.86,0.7152,0.9608,0.0904,0.0,0.2857,0.9971,0.9906,1.0,0.0148,0.0469,CAUTION: only ~11 positives in test set — interpret as exploratory,False
invivo_no_metal_broad_fp2048_lgbm,invivo,no_metal,broad_fp2048,lgbm,False,1343,336,0.0327,11,0.7796,0.5417,0.343,0.0369,0.0352,0.0588,0.1214,0.1289,-0.0252,0.3867,0.5407,0.4908,0.6399,0.7395,0.5767,0.8795,0.0904,0.0,0.2857,0.991,0.9787,1.0,0.0193,0.0564,CAUTION: only ~11 positives in test set — interpret as exploratory,False
invivo_no_metal_broad_fp2048_rf,invivo,no_metal,broad_fp2048,rf,False,1343,336,0.0327,11,0.7796,0.5417,0.343,0.0415,0.0691,0.0588,0.1214,0.1852,-0.016,0.5007,0.5452,0.4969,0.6524,0.779,0.61,0.9028,0.0935,0.0,0.3077,0.9969,0.9907,1.0,0.0295,0.0557,CAUTION: only ~11 positives in test set — interpret as exploratory,False
invivo_no_metal_broad_fp2048_svm,invivo,no_metal,broad_fp2048,svm,False,1343,336,0.0327,11,0.7796,0.5417,0.343,0.0315,0.0107,0.0588,0.1214,0.0,0.0,0.0,0.5,0.5,0.5,0.8079,0.6707,0.9244,0.0,0.0,0.0,1.0,1.0,1.0,0.0164,0.0495,CAUTION: only ~11 positives in test set — interpret as exploratory; WARNING: MCC < 0.1 — model near random performance,False
invivo_no_metal_broad_fp2048_logistic,invivo,no_metal,broad_fp2048,logistic,False,1343,336,0.0327,11,0.7796,0.5417,0.343,0.0717,0.0761,0.0588,0.1214,0.1977,0.0279,0.3938,0.6523,0.5239,0.8148,0.8111,0.6919,0.9186,0.3752,0.125,0.7075,0.9294,0.9017,0.9574,0.0447,0.0983,CAUTION: only ~11 positives in test set — interpret as exploratory,False
invivo_no_metal_broad_fp2048_ann,invivo,no_metal,broad_fp2048,ann,False,1343,336,0.0327,11,0.7796,0.5417,0.343,0.0483,0.0953,0.0588,0.1214,-0.0076,-0.0198,0.0,0.4985,0.4953,0.5,0.5875,0.4617,0.7131,0.0,0.0,0.0,0.9969,0.9907,1.0,0.0359,0.063,CAUTION: only ~11 positives in test set — interpret as exploratory; WARNING: MCC < 0.1 — model near random performance,False
invivo_no_metal_graph_gnn,invivo,no_metal,graph,gnn,False,1343,336,0.0327,11,0.7796,0.5417,0.343,0.0331,0.0303,0.0588,0.1214,0.0,0.0,0.0,0.5,0.5,0.5,0.3266,0.1272,0.5755,0.0,0.0,0.0,1.0,1.0,1.0,0.0148,0.0533,CAUTION: only ~11 positives in test set — interpret as exploratory; WARNING: MCC < 0.1 — model near random performance,False
invivo_salt_stripped_compact_xgb,invivo,salt_stripped,compact,xgb,True,1722,431,0.0278,12,1.0,0.5893,0.356,0.0316,0.0337,0.0984,0.1418,0.1614,-0.0261,0.3953,0.5722,0.4881,0.7081,0.8077,0.6406,0.9225,0.1615,0.0,0.4286,0.9828,0.971,0.9941,0.0189,0.0463,CAUTION: only ~12 positives in test set — interpret as exploratory,False
invivo_salt_stripped_compact_lgbm,invivo,salt_stripped,compact,lgbm,False,1722,431,0.0278,12,1.0,0.5893,0.356,0.0292,0.0313,0.0984,0.1418,0.1446,-0.0166,0.4435,0.5395,0.4952,0.6303,0.8175,0.7339,0.8957,0.0841,0.0,0.2698,0.995,0.988,1.0,0.0159,0.0439,CAUTION: only ~12 positives in test set — interpret as exploratory,False
invivo_salt_stripped_compact_rf,invivo,salt_stripped,compact,rf,False,1722,431,0.0278,12,1.0,0.5893,0.356,0.0328,0.06,0.0984,0.1418,0.1446,-0.0155,0.4165,0.5396,0.4953,0.6301,0.8101,0.631,0.9385,0.0841,0.0,0.2698,0.9951,0.988,1.0,0.0237,0.0431,CAUTION: only ~12 positives in test set — interpret as exploratory,False
invivo_salt_stripped_compact_svm,invivo,salt_stripped,compact,svm,False,1722,431,0.0278,12,1.0,0.5893,0.356,0.0253,0.0221,0.0984,0.1418,0.0,0.0,0.0,0.5,0.5,0.5,0.7678,0.5566,0.9244,0.0,0.0,0.0,1.0,1.0,1.0,0.0139,0.0389,CAUTION: only ~12 positives in test set — interpret as exploratory; WARNING: MCC < 0.1 — model near random performance,False
invivo_salt_stripped_compact_logistic,invivo,salt_stripped,compact,logistic,False,1722,431,0.0278,12,1.0,0.5893,0.356,0.1816,0.2556,0.0984,0.1418,0.146,0.0406,0.2465,0.6985,0.564,0.8222,0.7571,0.5683,0.9063,0.6553,0.3846,0.9,0.7418,0.7035,0.7791,0.1578,0.207,CAUTION: only ~12 positives in test set — interpret as exploratory,False
invivo_salt_stripped_compact_ann,invivo,salt_stripped,compact,ann,False,1722,431,0.0278,12,1.0,0.5893,0.356,0.0322,0.0344,0.0984,0.1418,0.0,0.0,0.0,0.5,0.5,0.5,0.5537,0.4384,0.6783,0.0,0.0,0.0,1.0,1.0,1.0,0.0196,0.0472,CAUTION: only ~12 positives in test set — interpret as exploratory; WARNING: MCC < 0.1 — model near random performance,False
invivo_salt_stripped_broad_fp512_xgb,invivo,salt_stripped,broad_fp512,xgb,False,1722,431,0.0278,12,1.0,0.5893,0.356,0.0312,0.032,0.0984,0.1418,0.3114,-0.0137,0.5711,0.6509,0.4941,0.7953,0.8604,0.7803,0.9291,0.3189,0.0,0.6,0.983,0.971,0.9929,0.018,0.0467,CAUTION: only ~12 positives in test set — interpret as exploratory; WARNING: test-CV gap=0.213 — possible split luck or CV instability,True
invivo_salt_stripped_broad_fp512_lgbm,invivo,salt_stripped,broad_fp512,lgbm,False,1722,431,0.0278,12,1.0,0.5893,0.356,0.0328,0.04,0.0984,0.1418,0.2297,-0.016,0.5352,0.5771,0.4946,0.7135,0.7532,0.6131,0.8697,0.1615,0.0,0.4286,0.9927,0.9835,1.0,0.0197,0.048,CAUTION: only ~12 positives in test set — interpret as exploratory,False
invivo_salt_stripped_broad_fp512_rf,invivo,salt_stripped,broad_fp512,rf,False,1722,431,0.0278,12,1.0,0.5893,0.356,0.0348,0.0791,0.0984,0.1418,0.1247,-0.0191,0.378,0.5384,0.4934,0.6289,0.8309,0.6988,0.9386,0.0841,0.0,0.2698,0.9928,0.9834,1.0,0.0259,0.0445,CAUTION: only ~12 positives in test set — interpret as exploratory,False
invivo_salt_stripped_broad_fp512_svm,invivo,salt_stripped,broad_fp512,svm,False,1722,431,0.0278,12,1.0,0.5893,0.356,0.0243,0.0125,0.0984,0.1418,0.0,0.0,0.0,0.5,0.5,0.5,0.7582,0.5503,0.9288,0.0,0.0,0.0,1.0,1.0,1.0,0.0128,0.0384,CAUTION: only ~12 positives in test set — interpret as exploratory; WARNING: MCC < 0.1 — model near random performance,False
invivo_salt_stripped_broad_fp512_logistic,invivo,salt_stripped,broad_fp512,logistic,False,1722,431,0.0278,12,1.0,0.5893,0.356,0.123,0.1388,0.0984,0.1418,0.2067,0.0525,0.3382,0.7221,0.5621,0.8676,0.803,0.6655,0.9125,0.5745,0.25,0.8571,0.8696,0.8383,0.9005,0.0947,0.1517,CAUTION: only ~12 positives in test set — interpret as exploratory,False
invivo_salt_stripped_broad_fp512_ann,invivo,salt_stripped,broad_fp512,ann,False,1722,431,0.0278,12,1.0,0.5893,0.356,0.0285,0.0121,0.0984,0.1418,0.0,0.0,0.0,0.5,0.5,0.5,0.7013,0.6088,0.787,0.0,0.0,0.0,1.0,1.0,1.0,0.016,0.0436,CAUTION: only ~12 positives in test set — interpret as exploratory; WARNING: MCC < 0.1 — model near random performance,False
invivo_salt_stripped_broad_fp1024_xgb,invivo,salt_stripped,broad_fp1024,xgb,False,1722,431,0.0278,12,1.0,0.5893,0.356,0.0307,0.0282,0.0984,0.1418,0.2287,-0.0224,0.5057,0.6111,0.4899,0.7464,0.8225,0.6982,0.9268,0.2414,0.0,0.5,0.9808,0.9676,0.9928,0.0183,0.0462,CAUTION: only ~12 positives in test set — interpret as exploratory,False
invivo_salt_stripped_broad_fp1024_lgbm,invivo,salt_stripped,broad_fp1024,lgbm,False,1722,431,0.0278,12,1.0,0.5893,0.356,0.0313,0.0298,0.0984,0.1418,0.0886,-0.0248,0.313,0.5348,0.4882,0.6259,0.7967,0.6882,0.904,0.0841,0.0,0.2698,0.9855,0.9738,0.9952,0.0182,0.0461,CAUTION: only ~12 positives in test set — interpret as exploratory; WARNING: MCC < 0.1 — model near random performance,False
invivo_salt_stripped_broad_fp1024_rf,invivo,salt_stripped,broad_fp1024,rf,False,1722,431,0.0278,12,1.0,0.5893,0.356,0.0384,0.0859,0.0984,0.1418,0.1247,-0.0191,0.378,0.5384,0.4934,0.6289,0.8198,0.6693,0.9396,0.0841,0.0,0.2698,0.9928,0.9834,1.0,0.0297,0.0487,CAUTION: only ~12 positives in test set — interpret as exploratory,False
invivo_salt_stripped_broad_fp1024_svm,invivo,salt_stripped,broad_fp1024,svm,False,1722,431,0.0278,12,1.0,0.5893,0.356,0.0252,0.0135,0.0984,0.1418,0.0,0.0,0.0,0.5,0.5,0.5,0.7136,0.4694,0.9053,0.0,0.0,0.0,1.0,1.0,1.0,0.0133,0.0402,CAUTION: only ~12 positives in test set — interpret as exploratory; WARNING: MCC < 0.1 — model near random performance,False
invivo_salt_stripped_broad_fp1024_logistic,invivo,salt_stripped,broad_fp1024,logistic,False,1722,431,0.0278,12,1.0,0.5893,0.356,0.0736,0.0801,0.0984,0.1418,0.2032,0.0198,0.3762,0.6668,0.5182,0.8072,0.7863,0.6524,0.8888,0.4011,0.1053,0.6667,0.9325,0.9092,0.9547,0.0519,0.0963,CAUTION: only ~12 positives in test set — interpret as exploratory,False
invivo_salt_stripped_broad_fp1024_ann,invivo,salt_stripped,broad_fp1024,ann,False,1722,431,0.0278,12,1.0,0.5893,0.356,0.0267,0.0094,0.0984,0.1418,0.0,0.0,0.0,0.5,0.5,0.5,0.7517,0.6432,0.8577,0.0,0.0,0.0,1.0,1.0,1.0,0.0143,0.0417,CAUTION: only ~12 positives in test set — interpret as exploratory; WARNING: MCC < 0.1 — model near random performance,False
invivo_salt_stripped_broad_fp2048_xgb,invivo,salt_stripped,broad_fp2048,xgb,False,1722,431,0.0278,12,1.0,0.5893,0.356,0.0294,0.0295,0.0984,0.1418,0.3109,-0.0133,0.557,0.651,0.4941,0.7947,0.872,0.7877,0.937,0.3189,0.0,0.6,0.9831,0.9712,0.9929,0.0171,0.0442,CAUTION: only ~12 positives in test set — interpret as exploratory; WARNING: test-CV gap=0.213 — possible split luck or CV instability,False
invivo_salt_stripped_broad_fp2048_lgbm,invivo,salt_stripped,broad_fp2048,lgbm,False,1722,431,0.0278,12,1.0,0.5893,0.356,0.0314,0.0326,0.0984,0.1418,0.126,-0.0194,0.403,0.5384,0.4929,0.6313,0.7714,0.6415,0.8838,0.0841,0.0,0.2698,0.9927,0.9835,1.0,0.0175,0.0462,CAUTION: only ~12 positives in test set — interpret as exploratory,False
invivo_salt_stripped_broad_fp2048_rf,invivo,salt_stripped,broad_fp2048,rf,False,1722,431,0.0278,12,1.0,0.5893,0.356,0.0382,0.0872,0.0984,0.1418,0.1274,-0.0186,0.4168,0.5384,0.4934,0.6319,0.8387,0.7118,0.9394,0.0841,0.0,0.2698,0.9928,0.9834,1.0,0.0295,0.0487,CAUTION: only ~12 positives in test set — interpret as exploratory,False
invivo_salt_stripped_broad_fp2048_svm,invivo,salt_stripped,broad_fp2048,svm,False,1722,431,0.0278,12,1.0,0.5893,0.356,0.0253,0.0142,0.0984,0.1418,0.0,0.0,0.0,0.5,0.5,0.5,0.7594,0.5428,0.9084,0.0,0.0,0.0,1.0,1.0,1.0,0.0136,0.0401,CAUTION: only ~12 positives in test set — interpret as exploratory; WARNING: MCC < 0.1 — model near random performance,False
invivo_salt_stripped_broad_fp2048_logistic,invivo,salt_stripped,broad_fp2048,logistic,False,1722,431,0.0278,12,1.0,0.5893,0.356,0.0901,0.0988,0.0984,0.1418,0.0879,-0.048,0.2359,0.5774,0.4555,0.7156,0.7611,0.6391,0.8626,0.2414,0.0,0.5,0.9134,0.8864,0.9359,0.0674,0.1179,CAUTION: only ~12 positives in test set — interpret as exploratory; WARNING: MCC < 0.1 — model near random performance,False
invivo_salt_stripped_broad_fp2048_ann,invivo,salt_stripped,broad_fp2048,ann,False,1722,431,0.0278,12,1.0,0.5893,0.356,0.0314,0.0537,0.0984,0.1418,0.0,0.0,0.0,0.5,0.5,0.5,0.7815,0.7015,0.8569,0.0,0.0,0.0,1.0,1.0,1.0,0.0209,0.0441,CAUTION: only ~12 positives in test set — interpret as exploratory; WARNING: MCC < 0.1 — model near random performance,False
invivo_salt_stripped_graph_gnn,invivo,salt_stripped,graph,gnn,False,1722,431,0.0278,12,1.0,0.5893,0.356,0.0275,0.0252,0.0984,0.1418,0.0,0.0,0.0,0.5,0.5,0.5,0.6545,0.4598,0.8383,0.0,0.0,0.0,1.0,1.0,1.0,0.0139,0.0439,CAUTION: only ~12 positives in test set — interpret as exploratory; WARNING: MCC < 0.1 — model near random performance,False
invitro_sampling_raw_all_compact_xgb,invitro_sampling,raw_all,compact,xgb,False,276,69,0.3913,27,1.0,0.5362,0.3242,0.1736,0.1291,0.302,0.133,0.4659,0.2154,0.671,0.7228,0.5979,0.8327,0.8341,0.7331,0.913,0.5909,0.3871,0.7812,0.8546,0.736,0.9459,0.1172,0.2428,"NOTE: sampling endpoint — reduced dataset, verify generalizability",False
invitro_sampling_raw_all_compact_lgbm,invitro_sampling,raw_all,compact,lgbm,False,276,69,0.3913,27,1.0,0.5362,0.3242,0.1778,0.136,0.302,0.133,0.5349,0.3524,0.7448,0.7554,0.6584,0.8573,0.8238,0.7168,0.9086,0.6302,0.4508,0.804,0.8807,0.7791,0.9726,0.1162,0.2426,"NOTE: sampling endpoint — reduced dataset, verify generalizability; WARNING: test-CV gap=0.233 — possible split luck or CV instability",False
invitro_sampling_raw_all_compact_rf,invitro_sampling,raw_all,compact,rf,False,276,69,0.3913,27,1.0,0.5362,0.3242,0.1553,0.1149,0.302,0.133,0.5974,0.3793,0.7964,0.786,0.6765,0.885,0.8494,0.7338,0.9392,0.67,0.4828,0.8462,0.902,0.8049,0.9778,0.1191,0.1994,"NOTE: sampling endpoint — reduced dataset, verify generalizability; WARNING: test-CV gap=0.295 — possible split luck or CV instability",False
invitro_sampling_raw_all_compact_svm,invitro_sampling,raw_all,compact,svm,False,276,69,0.3913,27,1.0,0.5362,0.3242,0.1936,0.0963,0.302,0.133,0.4,0.1443,0.6134,0.7021,0.5742,0.8097,0.7642,0.6423,0.8736,0.6628,0.4522,0.8306,0.7414,0.6,0.8611,0.1612,0.2322,"NOTE: sampling endpoint — reduced dataset, verify generalizability",False
invitro_sampling_raw_all_compact_logistic,invitro_sampling,raw_all,compact,logistic,False,276,69,0.3913,27,1.0,0.5362,0.3242,0.1658,0.1291,0.302,0.133,0.5648,0.3627,0.733,0.7726,0.6665,0.8631,0.8491,0.7406,0.9219,0.6643,0.48,0.8333,0.8808,0.7561,0.9726,0.1136,0.2355,"NOTE: sampling endpoint — reduced dataset, verify generalizability; WARNING: test-CV gap=0.263 — possible split luck or CV instability",False
invitro_sampling_raw_all_compact_ann,invitro_sampling,raw_all,compact,ann,False,276,69,0.3913,27,1.0,0.5362,0.3242,0.2253,0.1406,0.302,0.133,0.159,-0.0883,0.3962,0.5814,0.4544,0.702,0.6639,0.5265,0.7858,0.5948,0.4035,0.7692,0.568,0.4176,0.7202,0.1958,0.2574,"NOTE: sampling endpoint — reduced dataset, verify generalizability",False
invitro_sampling_raw_all_broad_fp512_xgb,invitro_sampling,raw_all,broad_fp512,xgb,False,276,69,0.3913,27,1.0,0.5362,0.3242,0.1731,0.1535,0.302,0.133,0.5039,0.2783,0.6976,0.7308,0.6229,0.8329,0.8127,0.6899,0.912,0.556,0.3523,0.75,0.9057,0.8074,0.977,0.1061,0.251,"NOTE: sampling endpoint — reduced dataset, verify generalizability; WARNING: test-CV gap=0.202 — possible split luck or CV instability",False
invitro_sampling_raw_all_broad_fp512_lgbm,invitro_sampling,raw_all,broad_fp512,lgbm,False,276,69,0.3913,27,1.0,0.5362,0.3242,0.1837,0.183,0.302,0.133,0.4416,0.223,0.6538,0.7139,0.6094,0.8205,0.8015,0.6831,0.8995,0.5974,0.4066,0.7692,0.8303,0.6988,0.9362,0.119,0.2583,"NOTE: sampling endpoint — reduced dataset, verify generalizability",False
invitro_sampling_raw_all_broad_fp512_rf,invitro_sampling,raw_all,broad_fp512,rf,False,276,69,0.3913,27,1.0,0.5362,0.3242,0.1573,0.1666,0.302,0.133,0.6625,0.459,0.8392,0.817,0.7102,0.9144,0.8583,0.7523,0.9409,0.7076,0.5217,0.875,0.9264,0.8372,1.0,0.1236,0.1972,"NOTE: sampling endpoint — reduced dataset, verify generalizability; WARNING: test-CV gap=0.360 — possible split luck or CV instability",True
invitro_sampling_raw_all_broad_fp512_svm,invitro_sampling,raw_all,broad_fp512,svm,False,276,69,0.3913,27,1.0,0.5362,0.3242,0.1934,0.0943,0.302,0.133,0.4712,0.2575,0.6697,0.7251,0.6201,0.8228,0.7604,0.636,0.8689,0.5935,0.4286,0.7786,0.8567,0.75,0.9524,0.1607,0.2296,"NOTE: sampling endpoint — reduced dataset, verify generalizability",False
invitro_sampling_raw_all_broad_fp512_logistic,invitro_sampling,raw_all,broad_fp512,logistic,False,276,69,0.3913,27,1.0,0.5362,0.3242,0.2972,0.2968,0.302,0.133,0.2081,-0.0285,0.4146,0.6041,0.485,0.7065,0.7229,0.5954,0.8357,0.5167,0.3394,0.6923,0.6914,0.5408,0.8237,0.2107,0.3907,"NOTE: sampling endpoint — reduced dataset, verify generalizability",False
invitro_sampling_raw_all_broad_fp512_ann,invitro_sampling,raw_all,broad_fp512,ann,False,276,69,0.3913,27,1.0,0.5362,0.3242,0.2735,0.1828,0.302,0.133,0.0178,-0.2182,0.2702,0.5089,0.3861,0.6352,0.5463,0.4093,0.6814,0.5184,0.3158,0.7037,0.4994,0.3462,0.6537,0.2289,0.3187,"NOTE: sampling endpoint — reduced dataset, verify generalizability; WARNING: test-CV gap=0.284 — possible split luck or CV instability; WARNING: MCC < 0.1 — model near random performance",False
invitro_sampling_raw_all_broad_fp1024_xgb,invitro_sampling,raw_all,broad_fp1024,xgb,False,276,69,0.3913,27,1.0,0.5362,0.3242,0.1454,0.1583,0.302,0.133,0.6298,0.434,0.7967,0.7967,0.6962,0.8878,0.86,0.7558,0.9437,0.6649,0.4828,0.8249,0.9286,0.8372,1.0,0.0881,0.2145,"NOTE: sampling endpoint — reduced dataset, verify generalizability; WARNING: test-CV gap=0.328 — possible split luck or CV instability",False
invitro_sampling_raw_all_broad_fp1024_lgbm,invitro_sampling,raw_all,broad_fp1024,lgbm,False,276,69,0.3913,27,1.0,0.5362,0.3242,0.1704,0.1423,0.302,0.133,0.4772,0.2622,0.6883,0.7219,0.6183,0.8257,0.8329,0.725,0.9243,0.5594,0.3684,0.7456,0.8843,0.7791,0.9762,0.1078,0.2367,"NOTE: sampling endpoint — reduced dataset, verify generalizability",False
invitro_sampling_raw_all_broad_fp1024_rf,invitro_sampling,raw_all,broad_fp1024,rf,False,276,69,0.3913,27,1.0,0.5362,0.3242,0.159,0.1417,0.302,0.133,0.6601,0.4573,0.8299,0.8155,0.7095,0.907,0.8524,0.742,0.9354,0.7047,0.5186,0.875,0.9264,0.8372,1.0,0.1274,0.199,"NOTE: sampling endpoint — reduced dataset, verify generalizability; WARNING: test-CV gap=0.358 — possible split luck or CV instability",False
invitro_sampling_raw_all_broad_fp1024_svm,invitro_sampling,raw_all,broad_fp1024,svm,False,276,69,0.3913,27,1.0,0.5362,0.3242,0.1858,0.1249,0.302,0.133,0.4683,0.2672,0.6688,0.737,0.6336,0.8429,0.7922,0.6793,0.8888,0.7101,0.525,0.8889,0.7638,0.6341,0.8831,0.1492,0.2219,"NOTE: sampling endpoint — reduced dataset, verify generalizability",False
invitro_sampling_raw_all_broad_fp1024_logistic,invitro_sampling,raw_all,broad_fp1024,logistic,False,276,69,0.3913,27,1.0,0.5362,0.3242,0.2501,0.2437,0.302,0.133,0.3902,0.1592,0.5965,0.6993,0.5818,0.8044,0.7699,0.6611,0.8718,0.7039,0.5217,0.875,0.6948,0.554,0.8243,0.1652,0.3454,"NOTE: sampling endpoint — reduced dataset, verify generalizability",False
invitro_sampling_raw_all_broad_fp1024_ann,invitro_sampling,raw_all,broad_fp1024,ann,False,276,69,0.3913,27,1.0,0.5362,0.3242,0.2015,0.1559,0.302,0.133,0.3588,0.1439,0.5728,0.683,0.5747,0.795,0.7661,0.6477,0.8623,0.6731,0.4826,0.8426,0.6929,0.5515,0.8289,0.1554,0.2556,"NOTE: sampling endpoint — reduced dataset, verify generalizability",False
invitro_sampling_raw_all_broad_fp2048_xgb,invitro_sampling,raw_all,broad_fp2048,xgb,False,276,69,0.3913,27,1.0,0.5362,0.3242,0.1703,0.115,0.302,0.133,0.5391,0.3218,0.7393,0.7428,0.637,0.8521,0.8258,0.7116,0.9223,0.5568,0.3651,0.75,0.9288,0.8369,1.0,0.1095,0.2447,"NOTE: sampling endpoint — reduced dataset, verify generalizability; WARNING: test-CV gap=0.237 — possible split luck or CV instability",False
invitro_sampling_raw_all_broad_fp2048_lgbm,invitro_sampling,raw_all,broad_fp2048,lgbm,False,276,69,0.3913,27,1.0,0.5362,0.3242,0.1623,0.1433,0.302,0.133,0.5406,0.3471,0.7333,0.7519,0.6525,0.856,0.8509,0.7472,0.9344,0.5981,0.4,0.7895,0.9057,0.8074,0.977,0.1009,0.2326,"NOTE: sampling endpoint — reduced dataset, verify generalizability; WARNING: test-CV gap=0.239 — possible split luck or CV instability",False
invitro_sampling_raw_all_broad_fp2048_rf,invitro_sampling,raw_all,broad_fp2048,rf,False,276,69,0.3913,27,1.0,0.5362,0.3242,0.1607,0.1441,0.302,0.133,0.6609,0.4662,0.8284,0.816,0.7182,0.9092,0.8438,0.7306,0.9316,0.7056,0.5357,0.875,0.9264,0.8372,1.0,0.1277,0.2019,"NOTE: sampling endpoint — reduced dataset, verify generalizability; WARNING: test-CV gap=0.359 — possible split luck or CV instability",False
invitro_sampling_raw_all_broad_fp2048_svm,invitro_sampling,raw_all,broad_fp2048,svm,False,276,69,0.3913,27,1.0,0.5362,0.3242,0.1978,0.0868,0.302,0.133,0.3664,0.1439,0.5942,0.6823,0.5728,0.7996,0.7617,0.6417,0.8757,0.6025,0.4074,0.7692,0.762,0.6264,0.8889,0.1512,0.2475,"NOTE: sampling endpoint — reduced dataset, verify generalizability",False
invitro_sampling_raw_all_broad_fp2048_logistic,invitro_sampling,raw_all,broad_fp2048,logistic,False,276,69,0.3913,27,1.0,0.5362,0.3242,0.2618,0.253,0.302,0.133,0.3376,0.1116,0.5803,0.6706,0.5569,0.7867,0.7464,0.6206,0.8491,0.6273,0.4373,0.8071,0.714,0.5697,0.8571,0.1811,0.3502,"NOTE: sampling endpoint — reduced dataset, verify generalizability",False
invitro_sampling_raw_all_broad_fp2048_ann,invitro_sampling,raw_all,broad_fp2048,ann,False,276,69,0.3913,27,1.0,0.5362,0.3242,0.2069,0.1335,0.302,0.133,0.2589,0.0329,0.4725,0.6317,0.5168,0.7425,0.7365,0.6063,0.8388,0.5972,0.4175,0.7803,0.6662,0.525,0.7865,0.1593,0.2698,"NOTE: sampling endpoint — reduced dataset, verify generalizability",False
invitro_sampling_raw_all_graph_gnn,invitro_sampling,raw_all,graph,gnn,False,276,69,0.3913,27,1.0,0.5362,0.3242,0.3198,0.3277,0.302,0.133,0.2078,-0.0091,0.4038,0.5933,0.496,0.685,0.6774,0.5574,0.7942,0.8566,0.7188,0.9655,0.33,0.1908,0.4667,0.2395,0.3959,"NOTE: sampling endpoint — reduced dataset, verify generalizability",False
invitro_sampling_no_metal_compact_xgb,invitro_sampling,no_metal,compact,xgb,True,206,53,0.4528,24,0.7681,0.4717,0.3029,0.1722,0.1968,0.4203,0.1203,0.5819,0.3242,0.812,0.792,0.6629,0.906,0.8339,0.7109,0.9471,0.793,0.5952,0.9565,0.7909,0.6333,0.9355,0.0922,0.262,"NOTE: sampling endpoint — reduced dataset, verify generalizability",False
invitro_sampling_no_metal_compact_lgbm,invitro_sampling,no_metal,compact,lgbm,False,206,53,0.4528,24,0.7681,0.4717,0.3029,0.2016,0.2064,0.4203,0.1203,0.4251,0.1657,0.6747,0.7092,0.5822,0.8323,0.7887,0.6371,0.9177,0.6275,0.4246,0.8261,0.7909,0.6333,0.9355,0.1176,0.2941,"NOTE: sampling endpoint — reduced dataset, verify generalizability",False
invitro_sampling_no_metal_compact_rf,invitro_sampling,no_metal,compact,rf,False,206,53,0.4528,24,0.7681,0.4717,0.3029,0.167,0.1103,0.4203,0.1203,0.5805,0.3574,0.7953,0.7893,0.6788,0.9005,0.831,0.7147,0.9384,0.754,0.5769,0.913,0.8246,0.6718,0.96,0.1191,0.2207,"NOTE: sampling endpoint — reduced dataset, verify generalizability",False
invitro_sampling_no_metal_compact_svm,invitro_sampling,no_metal,compact,svm,False,206,53,0.4528,24,0.7681,0.4717,0.3029,0.1817,0.1288,0.4203,0.1203,0.4323,0.1671,0.6646,0.717,0.5836,0.8393,0.8211,0.6937,0.9279,0.7068,0.5192,0.8889,0.7273,0.5612,0.8794,0.1442,0.2231,"NOTE: sampling endpoint — reduced dataset, verify generalizability",False
invitro_sampling_no_metal_compact_logistic,invitro_sampling,no_metal,compact,logistic,False,206,53,0.4528,24,0.7681,0.4717,0.3029,0.1992,0.1763,0.4203,0.1203,0.428,0.1586,0.6676,0.7106,0.5779,0.8315,0.813,0.6934,0.9155,0.6259,0.4188,0.8166,0.7954,0.6333,0.9299,0.1257,0.2751,"NOTE: sampling endpoint — reduced dataset, verify generalizability",False
invitro_sampling_no_metal_compact_ann,invitro_sampling,no_metal,compact,ann,False,206,53,0.4528,24,0.7681,0.4717,0.3029,0.1759,0.1673,0.4203,0.1203,0.5785,0.3598,0.7791,0.7885,0.6735,0.8899,0.848,0.7421,0.9399,0.7505,0.5682,0.9246,0.8264,0.6939,0.9565,0.1411,0.2123,"NOTE: sampling endpoint — reduced dataset, verify generalizability",False
invitro_sampling_no_metal_broad_fp512_xgb,invitro_sampling,no_metal,broad_fp512,xgb,False,206,53,0.4528,24,0.7681,0.4717,0.3029,0.1666,0.186,0.4203,0.1203,0.6578,0.4345,0.8504,0.8237,0.7045,0.9252,0.8164,0.6841,0.9388,0.7527,0.5508,0.9394,0.8946,0.7727,1.0,0.0881,0.253,"NOTE: sampling endpoint — reduced dataset, verify generalizability; WARNING: test-CV gap=0.238 — possible split luck or CV instability",False
invitro_sampling_no_metal_broad_fp512_lgbm,invitro_sampling,no_metal,broad_fp512,lgbm,False,206,53,0.4528,24,0.7681,0.4717,0.3029,0.187,0.2106,0.4203,0.1203,0.507,0.2635,0.7226,0.7449,0.6236,0.8506,0.8015,0.6717,0.9171,0.6298,0.4315,0.8166,0.8599,0.7188,0.9697,0.109,0.2689,"NOTE: sampling endpoint — reduced dataset, verify generalizability",False
invitro_sampling_no_metal_broad_fp512_rf,invitro_sampling,no_metal,broad_fp512,rf,False,206,53,0.4528,24,0.7681,0.4717,0.3029,0.1623,0.1524,0.4203,0.1203,0.6573,0.468,0.8469,0.8277,0.7307,0.9235,0.8365,0.7182,0.9404,0.7971,0.6179,0.946,0.8582,0.72,0.9683,0.1165,0.2113,"NOTE: sampling endpoint — reduced dataset, verify generalizability; WARNING: test-CV gap=0.237 — possible split luck or CV instability",False
invitro_sampling_no_metal_broad_fp512_svm,invitro_sampling,no_metal,broad_fp512,svm,False,206,53,0.4528,24,0.7681,0.4717,0.3029,0.2003,0.1349,0.4203,0.1203,0.3583,0.107,0.5955,0.6799,0.555,0.8022,0.7473,0.6106,0.862,0.6739,0.5,0.8571,0.686,0.5186,0.8333,0.1575,0.2485,"NOTE: sampling endpoint — reduced dataset, verify generalizability",False
invitro_sampling_no_metal_broad_fp512_logistic,invitro_sampling,no_metal,broad_fp512,logistic,False,206,53,0.4528,24,0.7681,0.4717,0.3029,0.2983,0.2977,0.4203,0.1203,0.1988,-0.0775,0.4541,0.5962,0.4635,0.7137,0.734,0.5829,0.8547,0.4689,0.2679,0.6667,0.7234,0.5638,0.877,0.2034,0.4032,"NOTE: sampling endpoint — reduced dataset, verify generalizability; WARNING: test-CV gap=0.222 — possible split luck or CV instability",False
invitro_sampling_no_metal_broad_fp512_ann,invitro_sampling,no_metal,broad_fp512,ann,False,206,53,0.4528,24,0.7681,0.4717,0.3029,0.2241,0.175,0.4203,0.1203,0.3222,0.0551,0.5723,0.6614,0.5274,0.7916,0.7354,0.5941,0.8636,0.6334,0.453,0.8249,0.6894,0.5,0.8621,0.1515,0.3033,"NOTE: sampling endpoint — reduced dataset, verify generalizability",False
invitro_sampling_no_metal_broad_fp1024_xgb,invitro_sampling,no_metal,broad_fp1024,xgb,False,206,53,0.4528,24,0.7681,0.4717,0.3029,0.1794,0.1843,0.4203,0.1203,0.6202,0.3836,0.8196,0.8027,0.6837,0.907,0.8134,0.6918,0.9266,0.7108,0.5,0.9091,0.8946,0.7727,1.0,0.0987,0.2656,"NOTE: sampling endpoint — reduced dataset, verify generalizability",False
invitro_sampling_no_metal_broad_fp1024_lgbm,invitro_sampling,no_metal,broad_fp1024,lgbm,False,206,53,0.4528,24,0.7681,0.4717,0.3029,0.1624,0.1999,0.4203,0.1203,0.5814,0.3511,0.7854,0.786,0.6704,0.8909,0.8256,0.6875,0.944,0.7121,0.52,0.8696,0.8599,0.7188,0.9697,0.086,0.2421,"NOTE: sampling endpoint — reduced dataset, verify generalizability",False
invitro_sampling_no_metal_broad_fp1024_rf,invitro_sampling,no_metal,broad_fp1024,rf,False,206,53,0.4528,24,0.7681,0.4717,0.3029,0.1589,0.1595,0.4203,0.1203,0.6612,0.4663,0.849,0.8296,0.7303,0.9245,0.8507,0.7353,0.9466,0.7971,0.6179,0.946,0.8621,0.7284,0.971,0.1151,0.207,"NOTE: sampling endpoint — reduced dataset, verify generalizability; WARNING: test-CV gap=0.241 — possible split luck or CV instability",False
invitro_sampling_no_metal_broad_fp1024_svm,invitro_sampling,no_metal,broad_fp1024,svm,False,206,53,0.4528,24,0.7681,0.4717,0.3029,0.1954,0.1392,0.4203,0.1203,0.4788,0.2517,0.7056,0.7402,0.6255,0.8533,0.7763,0.6361,0.8915,0.7924,0.6053,0.9486,0.688,0.5161,0.842,0.1439,0.2495,"NOTE: sampling endpoint — reduced dataset, verify generalizability",False
invitro_sampling_no_metal_broad_fp1024_logistic,invitro_sampling,no_metal,broad_fp1024,logistic,False,206,53,0.4528,24,0.7681,0.4717,0.3029,0.2749,0.266,0.4203,0.1203,0.3177,0.0682,0.5559,0.6574,0.5337,0.7771,0.7356,0.5915,0.8659,0.5864,0.3866,0.7754,0.7283,0.5659,0.8835,0.1862,0.3684,"NOTE: sampling endpoint — reduced dataset, verify generalizability",False
invitro_sampling_no_metal_broad_fp1024_ann,invitro_sampling,no_metal,broad_fp1024,ann,False,206,53,0.4528,24,0.7681,0.4717,0.3029,0.2261,0.1697,0.4203,0.1203,0.3305,0.0779,0.5492,0.6658,0.5393,0.7805,0.7385,0.6062,0.8563,0.7147,0.5208,0.875,0.6169,0.4478,0.7924,0.1616,0.292,"NOTE: sampling endpoint — reduced dataset, verify generalizability",False
invitro_sampling_no_metal_broad_fp2048_xgb,invitro_sampling,no_metal,broad_fp2048,xgb,False,206,53,0.4528,24,0.7681,0.4717,0.3029,0.1823,0.1894,0.4203,0.1203,0.5823,0.3642,0.7909,0.7811,0.6674,0.8907,0.8092,0.6757,0.9244,0.6677,0.453,0.8667,0.8946,0.7727,1.0,0.105,0.2663,"NOTE: sampling endpoint — reduced dataset, verify generalizability",False
invitro_sampling_no_metal_broad_fp2048_lgbm,invitro_sampling,no_metal,broad_fp2048,lgbm,False,206,53,0.4528,24,0.7681,0.4717,0.3029,0.1786,0.1609,0.4203,0.1203,0.5058,0.2594,0.7209,0.7444,0.6235,0.8575,0.8256,0.6904,0.932,0.63,0.4308,0.8261,0.8587,0.7289,0.9692,0.1034,0.2616,"NOTE: sampling endpoint — reduced dataset, verify generalizability",False
invitro_sampling_no_metal_broad_fp2048_rf,invitro_sampling,no_metal,broad_fp2048,rf,False,206,53,0.4528,24,0.7681,0.4717,0.3029,0.1644,0.119,0.4203,0.1203,0.621,0.406,0.812,0.8108,0.7083,0.9063,0.8394,0.7212,0.9408,0.7971,0.6179,0.946,0.8245,0.6774,0.9608,0.121,0.2132,"NOTE: sampling endpoint — reduced dataset, verify generalizability; WARNING: test-CV gap=0.201 — possible split luck or CV instability",False
invitro_sampling_no_metal_broad_fp2048_svm,invitro_sampling,no_metal,broad_fp2048,svm,False,206,53,0.4528,24,0.7681,0.4717,0.3029,0.2012,0.0983,0.4203,0.1203,0.3681,0.1159,0.6029,0.684,0.5557,0.7929,0.7716,0.643,0.8914,0.7517,0.5535,0.9112,0.6162,0.4308,0.7924,0.1478,0.2563,"NOTE: sampling endpoint — reduced dataset, verify generalizability",False
invitro_sampling_no_metal_broad_fp2048_logistic,invitro_sampling,no_metal,broad_fp2048,logistic,False,206,53,0.4528,24,0.7681,0.4717,0.3029,0.2491,0.2267,0.4203,0.1203,0.3787,0.1432,0.6213,0.6876,0.573,0.8113,0.74,0.5935,0.8611,0.79,0.6,0.9535,0.5851,0.3962,0.7671,0.1613,0.335,"NOTE: sampling endpoint — reduced dataset, verify generalizability",False
invitro_sampling_no_metal_broad_fp2048_ann,invitro_sampling,no_metal,broad_fp2048,ann,False,206,53,0.4528,24,0.7681,0.4717,0.3029,0.1908,0.1555,0.4203,0.1203,0.5225,0.3053,0.7344,0.7614,0.6534,0.8666,0.787,0.6487,0.8953,0.8347,0.68,0.9637,0.6882,0.5227,0.864,0.144,0.244,"NOTE: sampling endpoint — reduced dataset, verify generalizability",False
invitro_sampling_no_metal_graph_gnn,invitro_sampling,no_metal,graph,gnn,False,206,53,0.4528,24,0.7681,0.4717,0.3029,0.3618,0.3741,0.4203,0.1203,0.2258,-0.0291,0.4763,0.5959,0.4873,0.7033,0.6397,0.478,0.7898,0.8748,0.7222,1.0,0.317,0.1632,0.5185,0.2329,0.4818,"NOTE: sampling endpoint — reduced dataset, verify generalizability",False
invitro_sampling_salt_stripped_compact_xgb,invitro_sampling,salt_stripped,compact,xgb,False,276,69,0.3913,27,1.0,0.5507,0.3264,0.2584,0.259,0.237,0.129,0.1318,-0.0935,0.3727,0.5651,0.4548,0.6848,0.6925,0.5579,0.8147,0.4434,0.25,0.6316,0.6869,0.5595,0.8095,0.1837,0.34,"NOTE: sampling endpoint — reduced dataset, verify generalizability",False
invitro_sampling_salt_stripped_compact_lgbm,invitro_sampling,salt_stripped,compact,lgbm,False,276,69,0.3913,27,1.0,0.5507,0.3264,0.2605,0.2102,0.237,0.129,0.3421,0.1134,0.5682,0.6731,0.5566,0.7916,0.6887,0.5616,0.8096,0.631,0.4516,0.8132,0.7152,0.5663,0.8453,0.182,0.339,"NOTE: sampling endpoint — reduced dataset, verify generalizability",False
invitro_sampling_salt_stripped_compact_rf,invitro_sampling,salt_stripped,compact,rf,False,276,69,0.3913,27,1.0,0.5507,0.3264,0.1997,0.0818,0.237,0.129,0.3915,0.1869,0.6011,0.6999,0.5953,0.8068,0.7523,0.6263,0.856,0.7055,0.5357,0.8812,0.6943,0.55,0.8289,0.1599,0.2465,"NOTE: sampling endpoint — reduced dataset, verify generalizability",False
invitro_sampling_salt_stripped_compact_svm,invitro_sampling,salt_stripped,compact,svm,False,276,69,0.3913,27,1.0,0.5507,0.3264,0.2106,0.1072,0.237,0.129,0.3146,0.0408,0.5367,0.6599,0.5202,0.7706,0.7256,0.5918,0.8399,0.6276,0.4167,0.8,0.6922,0.5428,0.8293,0.1793,0.2495,"NOTE: sampling endpoint — reduced dataset, verify generalizability",False
invitro_sampling_salt_stripped_compact_logistic,invitro_sampling,salt_stripped,compact,logistic,False,276,69,0.3913,27,1.0,0.5507,0.3264,0.2092,0.2133,0.237,0.129,0.4614,0.2228,0.6553,0.7333,0.6102,0.8351,0.7637,0.6319,0.8627,0.7039,0.5,0.8776,0.7628,0.6328,0.881,0.1518,0.2779,"NOTE: sampling endpoint — reduced dataset, verify generalizability; WARNING: test-CV gap=0.224 — possible split luck or CV instability",False
invitro_sampling_salt_stripped_compact_ann,invitro_sampling,salt_stripped,compact,ann,False,276,69,0.3913,27,1.0,0.5507,0.3264,0.2196,0.1545,0.237,0.129,0.2907,0.0562,0.5142,0.6479,0.5307,0.7599,0.7199,0.5871,0.8302,0.6258,0.4375,0.8104,0.6701,0.533,0.8046,0.1908,0.2579,"NOTE: sampling endpoint — reduced dataset, verify generalizability",False
invitro_sampling_salt_stripped_broad_fp512_xgb,invitro_sampling,salt_stripped,broad_fp512,xgb,False,276,69,0.3913,27,1.0,0.5507,0.3264,0.2491,0.273,0.237,0.129,0.3185,0.0753,0.5564,0.6537,0.5338,0.7677,0.7264,0.5905,0.8519,0.518,0.3182,0.7173,0.7895,0.6588,0.9048,0.1689,0.3349,"NOTE: sampling endpoint — reduced dataset, verify generalizability",False
invitro_sampling_salt_stripped_broad_fp512_lgbm,invitro_sampling,salt_stripped,broad_fp512,lgbm,False,276,69,0.3913,27,1.0,0.5507,0.3264,0.2461,0.1981,0.237,0.129,0.391,0.1636,0.612,0.6958,0.582,0.8069,0.7043,0.5737,0.8309,0.631,0.4516,0.8132,0.7606,0.6264,0.8824,0.1626,0.3271,"NOTE: sampling endpoint — reduced dataset, verify generalizability",False
invitro_sampling_salt_stripped_broad_fp512_rf,invitro_sampling,salt_stripped,broad_fp512,rf,False,276,69,0.3913,27,1.0,0.5507,0.3264,0.1943,0.0809,0.237,0.129,0.4383,0.2209,0.6461,0.7226,0.6146,0.8321,0.7657,0.6403,0.8722,0.7052,0.5312,0.875,0.74,0.6,0.8658,0.1571,0.2375,"NOTE: sampling endpoint — reduced dataset, verify generalizability; WARNING: test-CV gap=0.201 — possible split luck or CV instability",False
invitro_sampling_salt_stripped_broad_fp512_svm,invitro_sampling,salt_stripped,broad_fp512,svm,False,276,69,0.3913,27,1.0,0.5507,0.3264,0.2151,0.0865,0.237,0.129,0.314,0.0875,0.5479,0.6595,0.5433,0.7814,0.7141,0.5911,0.8298,0.6314,0.4375,0.8182,0.6877,0.5556,0.8256,0.1771,0.2561,"NOTE: sampling endpoint — reduced dataset, verify generalizability",False
invitro_sampling_salt_stripped_broad_fp512_logistic,invitro_sampling,salt_stripped,broad_fp512,logistic,False,276,69,0.3913,27,1.0,0.5507,0.3264,0.2959,0.2942,0.237,0.129,0.2707,0.0386,0.4754,0.6384,0.5194,0.7427,0.707,0.5906,0.8239,0.6348,0.44,0.8,0.642,0.4891,0.7862,0.2154,0.3807,"NOTE: sampling endpoint — reduced dataset, verify generalizability",False
invitro_sampling_salt_stripped_broad_fp512_ann,invitro_sampling,salt_stripped,broad_fp512,ann,False,276,69,0.3913,27,1.0,0.5507,0.3264,0.225,0.2171,0.237,0.129,0.4,0.189,0.5981,0.705,0.5978,0.8075,0.6892,0.5746,0.8121,0.7438,0.5638,0.8966,0.6662,0.5256,0.8,0.1813,0.2675,"NOTE: sampling endpoint — reduced dataset, verify generalizability",False
invitro_sampling_salt_stripped_broad_fp1024_xgb,invitro_sampling,salt_stripped,broad_fp1024,xgb,False,276,69,0.3913,27,1.0,0.5507,0.3264,0.2431,0.2579,0.237,0.129,0.4061,0.1796,0.6184,0.7054,0.5909,0.8113,0.7201,0.5841,0.8395,0.6704,0.4783,0.842,0.7405,0.6083,0.8608,0.1649,0.3315,"NOTE: sampling endpoint — reduced dataset, verify generalizability",False
invitro_sampling_salt_stripped_broad_fp1024_lgbm,invitro_sampling,salt_stripped,broad_fp1024,lgbm,False,276,69,0.3913,27,1.0,0.5507,0.3264,0.2804,0.2422,0.237,0.129,0.3158,0.1028,0.5429,0.6603,0.5526,0.7779,0.6667,0.536,0.7998,0.6276,0.4545,0.8155,0.693,0.5515,0.8274,0.1886,0.3653,"NOTE: sampling endpoint — reduced dataset, verify generalizability",False
invitro_sampling_salt_stripped_broad_fp1024_rf,invitro_sampling,salt_stripped,broad_fp1024,rf,False,276,69,0.3913,27,1.0,0.5507,0.3264,0.1972,0.1123,0.237,0.129,0.4026,0.1862,0.6185,0.7035,0.5938,0.8165,0.7625,0.643,0.8719,0.667,0.4798,0.8445,0.74,0.6,0.8658,0.1606,0.2368,"NOTE: sampling endpoint — reduced dataset, verify generalizability",False
invitro_sampling_salt_stripped_broad_fp1024_svm,invitro_sampling,salt_stripped,broad_fp1024,svm,False,276,69,0.3913,27,1.0,0.5507,0.3264,0.2165,0.1213,0.237,0.129,0.3109,0.0639,0.5244,0.6568,0.5316,0.7684,0.6954,0.5617,0.8256,0.5999,0.4152,0.7711,0.7137,0.582,0.8375,0.1746,0.2589,"NOTE: sampling endpoint — reduced dataset, verify generalizability",False
invitro_sampling_salt_stripped_broad_fp1024_logistic,invitro_sampling,salt_stripped,broad_fp1024,logistic,False,276,69,0.3913,27,1.0,0.5507,0.3264,0.3658,0.3619,0.237,0.129,0.1359,-0.0902,0.3712,0.5695,0.4538,0.6862,0.586,0.4477,0.7118,0.5628,0.3693,0.75,0.5762,0.4318,0.7192,0.2725,0.4607,"NOTE: sampling endpoint — reduced dataset, verify generalizability",False
invitro_sampling_salt_stripped_broad_fp1024_ann,invitro_sampling,salt_stripped,broad_fp1024,ann,False,276,69,0.3913,27,1.0,0.5507,0.3264,0.2265,0.1844,0.237,0.129,0.3185,0.0711,0.5126,0.6631,0.5364,0.7706,0.6969,0.5654,0.8127,0.708,0.5263,0.8696,0.6183,0.475,0.7529,0.1758,0.2866,"NOTE: sampling endpoint — reduced dataset, verify generalizability",False
invitro_sampling_salt_stripped_broad_fp2048_xgb,invitro_sampling,salt_stripped,broad_fp2048,xgb,False,276,69,0.3913,27,1.0,0.5507,0.3264,0.257,0.2058,0.237,0.129,0.2524,0.0217,0.4771,0.6266,0.5112,0.7417,0.7018,0.565,0.8168,0.5546,0.3651,0.738,0.6986,0.5625,0.8378,0.179,0.3337,"NOTE: sampling endpoint — reduced dataset, verify generalizability",False
invitro_sampling_salt_stripped_broad_fp2048_lgbm,invitro_sampling,salt_stripped,broad_fp2048,lgbm,False,276,69,0.3913,27,1.0,0.5507,0.3264,0.2713,0.2467,0.237,0.129,0.3185,0.081,0.5467,0.6618,0.5415,0.78,0.6853,0.5575,0.8116,0.631,0.4516,0.8132,0.6926,0.5376,0.817,0.1815,0.3603,"NOTE: sampling endpoint — reduced dataset, verify generalizability",False
invitro_sampling_salt_stripped_broad_fp2048_rf,invitro_sampling,salt_stripped,broad_fp2048,rf,False,276,69,0.3913,27,1.0,0.5507,0.3264,0.1932,0.1001,0.237,0.129,0.4831,0.2699,0.6882,0.7429,0.6378,0.8436,0.7656,0.6389,0.8766,0.7,0.5417,0.8597,0.7858,0.6591,0.907,0.158,0.2337,"NOTE: sampling endpoint — reduced dataset, verify generalizability; WARNING: test-CV gap=0.246 — possible split luck or CV instability",False
invitro_sampling_salt_stripped_broad_fp2048_svm,invitro_sampling,salt_stripped,broad_fp2048,svm,False,276,69,0.3913,27,1.0,0.5507,0.3264,0.2204,0.1349,0.237,0.129,0.2871,0.044,0.5329,0.6454,0.522,0.7683,0.6808,0.5496,0.8087,0.5993,0.4098,0.7887,0.6915,0.5568,0.8333,0.1753,0.2709,"NOTE: sampling endpoint — reduced dataset, verify generalizability",False
invitro_sampling_salt_stripped_broad_fp2048_logistic,invitro_sampling,salt_stripped,broad_fp2048,logistic,False,276,69,0.3913,27,1.0,0.5507,0.3264,0.3156,0.3177,0.237,0.129,0.2156,-0.0114,0.4453,0.6101,0.4939,0.7213,0.6627,0.5262,0.7802,0.6728,0.5,0.8482,0.5473,0.4023,0.6951,0.2257,0.4095,"NOTE: sampling endpoint — reduced dataset, verify generalizability",False
invitro_sampling_salt_stripped_broad_fp2048_ann,invitro_sampling,salt_stripped,broad_fp2048,ann,False,276,69,0.3913,27,1.0,0.5507,0.3264,0.2503,0.1783,0.237,0.129,0.0828,-0.1448,0.293,0.5423,0.4247,0.652,0.6096,0.4778,0.7271,0.5592,0.3793,0.7407,0.5254,0.3665,0.6707,0.2089,0.2938,"NOTE: sampling endpoint — reduced dataset, verify generalizability; WARNING: MCC < 0.1 — model near random performance",False
invitro_sampling_salt_stripped_graph_gnn,invitro_sampling,salt_stripped,graph,gnn,False,276,69,0.3913,27,1.0,0.5507,0.3264,0.3836,0.4009,0.237,0.129,0.2351,0.0538,0.4079,0.5937,0.5197,0.6768,0.5952,0.462,0.7164,0.9304,0.8268,1.0,0.257,0.125,0.3876,0.2936,0.4771,"NOTE: sampling endpoint — reduced dataset, verify generalizability",False
invivo_sampling_raw_all_compact_xgb,invivo_sampling,raw_all,compact,xgb,True,184,47,0.2553,12,1.0,0.383,0.316,0.0685,0.0804,0.4019,0.1729,0.8278,0.64,1.0,0.9033,0.7861,1.0,0.9191,0.7864,1.0,0.836,0.5913,1.0,0.9707,0.9055,1.0,0.0248,0.1251,"CAUTION: only ~12 positives in test set — interpret as exploratory; NOTE: sampling endpoint — reduced dataset, verify generalizability; WARNING: test-CV gap=0.426 — possible split luck or CV instability",False
invivo_sampling_raw_all_compact_lgbm,invivo_sampling,raw_all,compact,lgbm,False,184,47,0.2553,12,1.0,0.383,0.316,0.0856,0.0865,0.4019,0.1729,0.7288,0.4945,0.9149,0.875,0.7429,0.9682,0.9064,0.7795,0.9924,0.836,0.5913,1.0,0.9141,0.8207,1.0,0.0385,0.1418,"CAUTION: only ~12 positives in test set — interpret as exploratory; NOTE: sampling endpoint — reduced dataset, verify generalizability; WARNING: test-CV gap=0.327 — possible split luck or CV instability",False
invivo_sampling_raw_all_compact_rf,invivo_sampling,raw_all,compact,rf,False,184,47,0.2553,12,1.0,0.383,0.316,0.1017,0.126,0.4019,0.1729,0.5764,0.2391,0.8446,0.7399,0.5689,0.9061,0.9307,0.8305,1.0,0.509,0.1818,0.8182,0.9707,0.9055,1.0,0.0569,0.1546,"CAUTION: only ~12 positives in test set — interpret as exploratory; NOTE: sampling endpoint — reduced dataset, verify generalizability",False
invivo_sampling_raw_all_compact_svm,invivo_sampling,raw_all,compact,svm,False,184,47,0.2553,12,1.0,0.383,0.316,0.1335,0.0894,0.4019,0.1729,0.5052,0.1736,0.7962,0.6973,0.5524,0.859,0.7913,0.5901,0.9449,0.4236,0.1333,0.7421,0.971,0.9104,1.0,0.0708,0.2058,"CAUTION: only ~12 positives in test set — interpret as exploratory; NOTE: sampling endpoint — reduced dataset, verify generalizability",False
invivo_sampling_raw_all_compact_logistic,invivo_sampling,raw_all,compact,logistic,False,184,47,0.2553,12,1.0,0.383,0.316,0.1829,0.1904,0.4019,0.1729,0.4248,0.0881,0.7215,0.701,0.5367,0.8674,0.7759,0.5986,0.919,0.5129,0.2,0.8182,0.8891,0.7794,0.9744,0.079,0.2929,"CAUTION: only ~12 positives in test set — interpret as exploratory; NOTE: sampling endpoint — reduced dataset, verify generalizability",False
invivo_sampling_raw_all_compact_ann,invivo_sampling,raw_all,compact,ann,False,184,47,0.2553,12,1.0,0.383,0.316,0.1388,0.1001,0.4019,0.1729,0.3822,0.0277,0.6753,0.6661,0.5098,0.8175,0.8735,0.76,0.9607,0.4163,0.1177,0.7,0.9159,0.8136,1.0,0.1038,0.1778,"CAUTION: only ~12 positives in test set — interpret as exploratory; NOTE: sampling endpoint — reduced dataset, verify generalizability",False
invivo_sampling_raw_all_broad_fp512_xgb,invivo_sampling,raw_all,broad_fp512,xgb,False,184,47,0.2553,12,1.0,0.383,0.316,0.0588,0.0581,0.4019,0.1729,0.8321,0.6443,1.0,0.8777,0.75,1.0,0.9341,0.8144,1.0,0.7554,0.5,1.0,1.0,1.0,1.0,0.0135,0.1145,"CAUTION: only ~12 positives in test set — interpret as exploratory; NOTE: sampling endpoint — reduced dataset, verify generalizability; WARNING: test-CV gap=0.430 — possible split luck or CV instability",True
invivo_sampling_raw_all_broad_fp512_lgbm,invivo_sampling,raw_all,broad_fp512,lgbm,False,184,47,0.2553,12,1.0,0.383,0.316,0.0619,0.0698,0.4019,0.1729,0.8303,0.6189,1.0,0.9039,0.7735,1.0,0.937,0.8209,1.0,0.836,0.5913,1.0,0.9718,0.9104,1.0,0.0163,0.1197,"CAUTION: only ~12 positives in test set — interpret as exploratory; NOTE: sampling endpoint — reduced dataset, verify generalizability; WARNING: test-CV gap=0.428 — possible split luck or CV instability",False
invivo_sampling_raw_all_broad_fp512_rf,invivo_sampling,raw_all,broad_fp512,rf,False,184,47,0.2553,12,1.0,0.383,0.316,0.0997,0.1237,0.4019,0.1729,0.5764,0.2391,0.8446,0.7399,0.5689,0.9061,0.9383,0.8432,1.0,0.509,0.1818,0.8182,0.9707,0.9055,1.0,0.0608,0.1476,"CAUTION: only ~12 positives in test set — interpret as exploratory; NOTE: sampling endpoint — reduced dataset, verify generalizability",False
invivo_sampling_raw_all_broad_fp512_svm,invivo_sampling,raw_all,broad_fp512,svm,False,184,47,0.2553,12,1.0,0.383,0.316,0.1392,0.1042,0.4019,0.1729,0.3579,0.0195,0.6587,0.6409,0.5065,0.7865,0.8372,0.6955,0.9494,0.3423,0.0909,0.625,0.9396,0.8449,1.0,0.0757,0.2099,"CAUTION: only ~12 positives in test set — interpret as exploratory; NOTE: sampling endpoint — reduced dataset, verify generalizability",False
invivo_sampling_raw_all_broad_fp512_logistic,invivo_sampling,raw_all,broad_fp512,logistic,False,184,47,0.2553,12,1.0,0.383,0.316,0.2189,0.2286,0.4019,0.1729,0.3355,-0.0064,0.6373,0.6687,0.4966,0.8294,0.7846,0.6361,0.9069,0.5047,0.1739,0.7778,0.8326,0.6933,0.9437,0.1088,0.3319,"CAUTION: only ~12 positives in test set — interpret as exploratory; NOTE: sampling endpoint — reduced dataset, verify generalizability",False
invivo_sampling_raw_all_broad_fp512_ann,invivo_sampling,raw_all,broad_fp512,ann,False,184,47,0.2553,12,1.0,0.383,0.316,0.1407,0.1706,0.4019,0.1729,0.4221,0.0663,0.7329,0.6996,0.5295,0.8514,0.8461,0.7215,0.9498,0.51,0.2,0.8,0.8892,0.7744,0.974,0.079,0.2129,"CAUTION: only ~12 positives in test set — interpret as exploratory; NOTE: sampling endpoint — reduced dataset, verify generalizability",False
invivo_sampling_raw_all_broad_fp1024_xgb,invivo_sampling,raw_all,broad_fp1024,xgb,False,184,47,0.2553,12,1.0,0.383,0.316,0.0509,0.0613,0.4019,0.1729,0.8321,0.6443,1.0,0.8777,0.75,1.0,0.9289,0.7873,1.0,0.7554,0.5,1.0,1.0,1.0,1.0,0.0084,0.106,"CAUTION: only ~12 positives in test set — interpret as exploratory; NOTE: sampling endpoint — reduced dataset, verify generalizability; WARNING: test-CV gap=0.430 — possible split luck or CV instability",False
invivo_sampling_raw_all_broad_fp1024_lgbm,invivo_sampling,raw_all,broad_fp1024,lgbm,False,184,47,0.2553,12,1.0,0.383,0.316,0.0681,0.0591,0.4019,0.1729,0.7711,0.5088,0.9777,0.8636,0.7134,0.9942,0.923,0.7874,1.0,0.7554,0.5,1.0,0.9718,0.9104,1.0,0.0171,0.1287,"CAUTION: only ~12 positives in test set — interpret as exploratory; NOTE: sampling endpoint — reduced dataset, verify generalizability; WARNING: test-CV gap=0.369 — possible split luck or CV instability",False
invivo_sampling_raw_all_broad_fp1024_rf,invivo_sampling,raw_all,broad_fp1024,rf,False,184,47,0.2553,12,1.0,0.383,0.316,0.1033,0.1395,0.4019,0.1729,0.759,0.4787,0.9424,0.8565,0.6991,0.974,0.9261,0.8058,1.0,0.7423,0.4444,1.0,0.9707,0.9055,1.0,0.0649,0.1521,"CAUTION: only ~12 positives in test set — interpret as exploratory; NOTE: sampling endpoint — reduced dataset, verify generalizability; WARNING: test-CV gap=0.357 — possible split luck or CV instability",False
invivo_sampling_raw_all_broad_fp1024_svm,invivo_sampling,raw_all,broad_fp1024,svm,False,184,47,0.2553,12,1.0,0.383,0.316,0.1442,0.0414,0.4019,0.1729,0.4316,0.0792,0.7329,0.6801,0.5245,0.8365,0.7941,0.6288,0.9371,0.4207,0.1053,0.7305,0.9396,0.8449,1.0,0.0725,0.2236,"CAUTION: only ~12 positives in test set — interpret as exploratory; NOTE: sampling endpoint — reduced dataset, verify generalizability",False
invivo_sampling_raw_all_broad_fp1024_logistic,invivo_sampling,raw_all,broad_fp1024,logistic,False,184,47,0.2553,12,1.0,0.383,0.316,0.2106,0.2226,0.4019,0.1729,0.2924,-0.0497,0.6212,0.6397,0.4758,0.8109,0.7399,0.5631,0.8805,0.4242,0.1177,0.75,0.8552,0.7246,0.95,0.1128,0.3156,"CAUTION: only ~12 positives in test set — interpret as exploratory; NOTE: sampling endpoint — reduced dataset, verify generalizability",False
invivo_sampling_raw_all_broad_fp1024_ann,invivo_sampling,raw_all,broad_fp1024,ann,False,184,47,0.2553,12,1.0,0.383,0.316,0.1348,0.1095,0.4019,0.1729,0.4446,0.0908,0.7329,0.6853,0.5283,0.8365,0.8353,0.7042,0.9478,0.4281,0.1177,0.7243,0.9425,0.8529,1.0,0.0773,0.1991,"CAUTION: only ~12 positives in test set — interpret as exploratory; NOTE: sampling endpoint — reduced dataset, verify generalizability",False
invivo_sampling_raw_all_broad_fp2048_xgb,invivo_sampling,raw_all,broad_fp2048,xgb,False,184,47,0.2553,12,1.0,0.383,0.316,0.0637,0.068,0.4019,0.1729,0.8321,0.6443,1.0,0.8777,0.75,1.0,0.9414,0.8394,1.0,0.7554,0.5,1.0,1.0,1.0,1.0,0.0129,0.1232,"CAUTION: only ~12 positives in test set — interpret as exploratory; NOTE: sampling endpoint — reduced dataset, verify generalizability; WARNING: test-CV gap=0.430 — possible split luck or CV instability",False
invivo_sampling_raw_all_broad_fp2048_lgbm,invivo_sampling,raw_all,broad_fp2048,lgbm,False,184,47,0.2553,12,1.0,0.383,0.316,0.0712,0.0795,0.4019,0.1729,0.7163,0.4466,0.9273,0.8494,0.7104,0.975,0.9223,0.7806,1.0,0.7554,0.5,1.0,0.9434,0.8481,1.0,0.02,0.1351,"CAUTION: only ~12 positives in test set — interpret as exploratory; NOTE: sampling endpoint — reduced dataset, verify generalizability; WARNING: test-CV gap=0.314 — possible split luck or CV instability",False
invivo_sampling_raw_all_broad_fp2048_rf,invivo_sampling,raw_all,broad_fp2048,rf,False,184,47,0.2553,12,1.0,0.383,0.316,0.1053,0.1171,0.4019,0.1729,0.6982,0.4288,0.9044,0.8162,0.6585,0.9424,0.9255,0.8097,1.0,0.6617,0.3636,0.9091,0.9707,0.9055,1.0,0.067,0.1531,"CAUTION: only ~12 positives in test set — interpret as exploratory; NOTE: sampling endpoint — reduced dataset, verify generalizability; WARNING: test-CV gap=0.296 — possible split luck or CV instability",False
invivo_sampling_raw_all_broad_fp2048_svm,invivo_sampling,raw_all,broad_fp2048,svm,False,184,47,0.2553,12,1.0,0.383,0.316,0.1384,0.0536,0.4019,0.1729,0.4156,0.0361,0.6938,0.65,0.5135,0.7948,0.8164,0.6456,0.9652,0.331,0.0833,0.6154,0.9689,0.8974,1.0,0.0785,0.2088,"CAUTION: only ~12 positives in test set — interpret as exploratory; NOTE: sampling endpoint — reduced dataset, verify generalizability",False
invivo_sampling_raw_all_broad_fp2048_logistic,invivo_sampling,raw_all,broad_fp2048,logistic,False,184,47,0.2553,12,1.0,0.383,0.316,0.1903,0.2272,0.4019,0.1729,0.335,-0.0046,0.6366,0.6692,0.498,0.8356,0.7535,0.5775,0.9,0.51,0.2,0.8,0.8283,0.6806,0.9444,0.0983,0.2896,"CAUTION: only ~12 positives in test set — interpret as exploratory; NOTE: sampling endpoint — reduced dataset, verify generalizability",False
invivo_sampling_raw_all_broad_fp2048_ann,invivo_sampling,raw_all,broad_fp2048,ann,False,184,47,0.2553,12,1.0,0.383,0.316,0.1433,0.1272,0.4019,0.1729,0.0996,-0.1443,0.426,0.526,0.457,0.6278,0.8392,0.7061,0.9504,0.083,0.0,0.2857,0.9689,0.8974,1.0,0.0836,0.2064,"CAUTION: only ~12 positives in test set — interpret as exploratory; NOTE: sampling endpoint — reduced dataset, verify generalizability; WARNING: test-CV gap=0.302 — possible split luck or CV instability",False
invivo_sampling_raw_all_graph_gnn,invivo_sampling,raw_all,graph,gnn,False,184,47,0.2553,12,1.0,0.383,0.316,0.171,0.1743,0.4019,0.1729,0.423,0.0769,0.7356,0.6531,0.5217,0.8182,0.7052,0.4736,0.8942,0.3355,0.0769,0.6667,0.9708,0.8993,1.0,0.0664,0.283,"CAUTION: only ~12 positives in test set — interpret as exploratory; NOTE: sampling endpoint — reduced dataset, verify generalizability",False
invivo_sampling_no_metal_compact_xgb,invivo_sampling,no_metal,compact,xgb,False,129,34,0.2941,10,0.7234,0.2647,0.2849,0.0966,0.1202,0.2594,0.1921,0.5295,0.1969,0.8345,0.7215,0.5639,0.8795,0.9099,0.7459,1.0,0.4846,0.2,0.8,0.9585,0.8602,1.0,0.0376,0.1784,"CAUTION: only ~10 positives in test set — interpret as exploratory; NOTE: sampling endpoint — reduced dataset, verify generalizability; WARNING: test-CV gap=0.270 — possible split luck or CV instability",False
invivo_sampling_no_metal_compact_lgbm,invivo_sampling,no_metal,compact,lgbm,False,129,34,0.2941,10,0.7234,0.2647,0.2849,0.1027,0.1559,0.2594,0.1921,0.7012,0.4031,0.935,0.8274,0.6725,0.9672,0.873,0.7035,0.9957,0.6963,0.4,1.0,0.9585,0.8602,1.0,0.0385,0.1842,"CAUTION: only ~10 positives in test set — interpret as exploratory; NOTE: sampling endpoint — reduced dataset, verify generalizability; WARNING: test-CV gap=0.442 — possible split luck or CV instability",False
invivo_sampling_no_metal_compact_rf,invivo_sampling,no_metal,compact,rf,False,129,34,0.2941,10,0.7234,0.2647,0.2849,0.1203,0.1796,0.2594,0.1921,0.5418,0.1413,0.8486,0.7303,0.5479,0.907,0.9017,0.7362,1.0,0.5021,0.1429,0.8571,0.9585,0.8602,1.0,0.0675,0.1867,"CAUTION: only ~10 positives in test set — interpret as exploratory; NOTE: sampling endpoint — reduced dataset, verify generalizability; WARNING: test-CV gap=0.282 — possible split luck or CV instability",False
invivo_sampling_no_metal_compact_svm,invivo_sampling,no_metal,compact,svm,False,129,34,0.2941,10,0.7234,0.2647,0.2849,0.1779,0.0857,0.2594,0.1921,0.3771,-0.0111,0.7072,0.6599,0.4957,0.8292,0.71,0.4893,0.8965,0.4013,0.1177,0.7211,0.9184,0.7917,1.0,0.1063,0.2658,"CAUTION: only ~10 positives in test set — interpret as exploratory; NOTE: sampling endpoint — reduced dataset, verify generalizability",False
invivo_sampling_no_metal_compact_logistic,invivo_sampling,no_metal,compact,logistic,False,129,34,0.2941,10,0.7234,0.2647,0.2849,0.264,0.2978,0.2594,0.1921,0.1979,-0.1698,0.5538,0.5963,0.4162,0.7741,0.6821,0.4922,0.8625,0.4013,0.1177,0.7211,0.7913,0.625,0.9556,0.143,0.3917,"CAUTION: only ~10 positives in test set — interpret as exploratory; NOTE: sampling endpoint — reduced dataset, verify generalizability",False
invivo_sampling_no_metal_compact_ann,invivo_sampling,no_metal,compact,ann,False,129,34,0.2941,10,0.7234,0.2647,0.2849,0.1828,0.0865,0.2594,0.1921,0.0,0.0,0.0,0.5,0.5,0.5,0.7541,0.5571,0.9223,0.0,0.0,0.0,1.0,1.0,1.0,0.1463,0.2209,"CAUTION: only ~10 positives in test set — interpret as exploratory; NOTE: sampling endpoint — reduced dataset, verify generalizability; WARNING: test-CV gap=0.259 — possible split luck or CV instability",False
invivo_sampling_no_metal_broad_fp512_xgb,invivo_sampling,no_metal,broad_fp512,xgb,False,129,34,0.2941,10,0.7234,0.2647,0.2849,0.1172,0.1411,0.2594,0.1921,0.5281,0.2017,0.8345,0.721,0.5688,0.8995,0.8764,0.6823,1.0,0.4846,0.2,0.8,0.9573,0.8636,1.0,0.0353,0.2002,"CAUTION: only ~10 positives in test set — interpret as exploratory; NOTE: sampling endpoint — reduced dataset, verify generalizability; WARNING: test-CV gap=0.269 — possible split luck or CV instability",False
invivo_sampling_no_metal_broad_fp512_lgbm,invivo_sampling,no_metal,broad_fp512,lgbm,False,129,34,0.2941,10,0.7234,0.2647,0.2849,0.1026,0.127,0.2594,0.1921,0.6343,0.3173,0.9034,0.8076,0.6489,0.9583,0.8823,0.6876,1.0,0.6963,0.4,1.0,0.9189,0.7923,1.0,0.033,0.1852,"CAUTION: only ~10 positives in test set — interpret as exploratory; NOTE: sampling endpoint — reduced dataset, verify generalizability; WARNING: test-CV gap=0.375 — possible split luck or CV instability",False
invivo_sampling_no_metal_broad_fp512_rf,invivo_sampling,no_metal,broad_fp512,rf,False,129,34,0.2941,10,0.7234,0.2647,0.2849,0.1277,0.1282,0.2594,0.1921,0.6096,0.3126,0.897,0.7699,0.6064,0.9308,0.8714,0.6815,0.9895,0.5813,0.2608,0.8889,0.9585,0.8602,1.0,0.0765,0.1898,"CAUTION: only ~10 positives in test set — interpret as exploratory; NOTE: sampling endpoint — reduced dataset, verify generalizability; WARNING: test-CV gap=0.350 — possible split luck or CV instability",False
invivo_sampling_no_metal_broad_fp512_svm,invivo_sampling,no_metal,broad_fp512,svm,False,129,34,0.2941,10,0.7234,0.2647,0.2849,0.1972,0.1859,0.2594,0.1921,0.248,-0.1333,0.5966,0.5971,0.4622,0.7627,0.6843,0.4914,0.8659,0.28,0.0,0.5864,0.9143,0.7917,1.0,0.1106,0.3006,"CAUTION: only ~10 positives in test set — interpret as exploratory; NOTE: sampling endpoint — reduced dataset, verify generalizability",False
invivo_sampling_no_metal_broad_fp512_logistic,invivo_sampling,no_metal,broad_fp512,logistic,False,129,34,0.2941,10,0.7234,0.2647,0.2849,0.264,0.2642,0.2594,0.1921,0.0201,-0.2933,0.4104,0.5091,0.3677,0.6867,0.6731,0.4712,0.8401,0.1896,0.0,0.4817,0.8286,0.6667,0.9575,0.1647,0.3841,"CAUTION: only ~10 positives in test set — interpret as exploratory; NOTE: sampling endpoint — reduced dataset, verify generalizability; WARNING: test-CV gap=0.239 — possible split luck or CV instability",False
invivo_sampling_no_metal_broad_fp512_ann,invivo_sampling,no_metal,broad_fp512,ann,False,129,34,0.2941,10,0.7234,0.2647,0.2849,0.1895,0.2236,0.2594,0.1921,0.1054,-0.2191,0.4914,0.5426,0.4099,0.6984,0.7163,0.5113,0.872,0.2109,0.0,0.5,0.8743,0.7256,1.0,0.1217,0.2727,"CAUTION: only ~10 positives in test set — interpret as exploratory; NOTE: sampling endpoint — reduced dataset, verify generalizability",False
invivo_sampling_no_metal_broad_fp1024_xgb,invivo_sampling,no_metal,broad_fp1024,xgb,False,129,34,0.2941,10,0.7234,0.2647,0.2849,0.0837,0.1171,0.2594,0.1921,0.6935,0.4701,0.9295,0.7875,0.6394,0.95,0.9016,0.6855,1.0,0.5749,0.2789,0.9,1.0,1.0,1.0,0.025,0.1596,"CAUTION: only ~10 positives in test set — interpret as exploratory; NOTE: sampling endpoint — reduced dataset, verify generalizability; WARNING: test-CV gap=0.434 — possible split luck or CV instability",False
invivo_sampling_no_metal_broad_fp1024_lgbm,invivo_sampling,no_metal,broad_fp1024,lgbm,False,129,34,0.2941,10,0.7234,0.2647,0.2849,0.0975,0.1192,0.2594,0.1921,0.7076,0.4726,0.9295,0.7968,0.6429,0.95,0.8777,0.6639,1.0,0.5936,0.2857,0.9,1.0,1.0,1.0,0.024,0.1851,"CAUTION: only ~10 positives in test set — interpret as exploratory; NOTE: sampling endpoint — reduced dataset, verify generalizability; WARNING: test-CV gap=0.448 — possible split luck or CV instability",False
invivo_sampling_no_metal_broad_fp1024_rf,invivo_sampling,no_metal,broad_fp1024,rf,False,129,34,0.2941,10,0.7234,0.2647,0.2849,0.1053,0.1836,0.2594,0.1921,0.7102,0.4502,0.9295,0.7992,0.6304,0.95,0.9275,0.7582,1.0,0.5983,0.2608,0.9,1.0,1.0,1.0,0.063,0.1663,"CAUTION: only ~10 positives in test set — interpret as exploratory; NOTE: sampling endpoint — reduced dataset, verify generalizability; WARNING: test-CV gap=0.451 — possible split luck or CV instability",False
invivo_sampling_no_metal_broad_fp1024_svm,invivo_sampling,no_metal,broad_fp1024,svm,False,129,34,0.2941,10,0.7234,0.2647,0.2849,0.1536,0.1178,0.2594,0.1921,0.4483,0.0711,0.7861,0.6986,0.5304,0.8633,0.7885,0.6184,0.9398,0.4818,0.1667,0.8,0.9155,0.8,1.0,0.0858,0.233,"CAUTION: only ~10 positives in test set — interpret as exploratory; NOTE: sampling endpoint — reduced dataset, verify generalizability",False
invivo_sampling_no_metal_broad_fp1024_logistic,invivo_sampling,no_metal,broad_fp1024,logistic,False,129,34,0.2941,10,0.7234,0.2647,0.2849,0.2274,0.2466,0.2594,0.1921,0.206,-0.1302,0.5623,0.5878,0.4443,0.7636,0.7585,0.5804,0.8948,0.302,0.0,0.625,0.8735,0.7391,1.0,0.1306,0.3416,"CAUTION: only ~10 positives in test set — interpret as exploratory; NOTE: sampling endpoint — reduced dataset, verify generalizability",False
invivo_sampling_no_metal_broad_fp1024_ann,invivo_sampling,no_metal,broad_fp1024,ann,False,129,34,0.2941,10,0.7234,0.2647,0.2849,0.2442,0.2108,0.2594,0.1921,0.1879,-0.1701,0.4868,0.6029,0.3976,0.7842,0.6596,0.4179,0.8632,0.7077,0.4079,1.0,0.498,0.2981,0.7044,0.1887,0.3194,"CAUTION: only ~10 positives in test set — interpret as exploratory; NOTE: sampling endpoint — reduced dataset, verify generalizability",False
invivo_sampling_no_metal_broad_fp2048_xgb,invivo_sampling,no_metal,broad_fp2048,xgb,False,129,34,0.2941,10,0.7234,0.2647,0.2849,0.1011,0.1198,0.2594,0.1921,0.5326,0.1947,0.8419,0.7225,0.5711,0.8889,0.8976,0.7143,1.0,0.4846,0.2,0.8,0.9604,0.8665,1.0,0.0346,0.1828,"CAUTION: only ~10 positives in test set — interpret as exploratory; NOTE: sampling endpoint — reduced dataset, verify generalizability; WARNING: test-CV gap=0.273 — possible split luck or CV instability",False
invivo_sampling_no_metal_broad_fp2048_lgbm,invivo_sampling,no_metal,broad_fp2048,lgbm,False,129,34,0.2941,10,0.7234,0.2647,0.2849,0.1012,0.0902,0.2594,0.1921,0.7076,0.4726,0.9295,0.7968,0.6429,0.95,0.8602,0.6442,1.0,0.5936,0.2857,0.9,1.0,1.0,1.0,0.0218,0.203,"CAUTION: only ~10 positives in test set — interpret as exploratory; NOTE: sampling endpoint — reduced dataset, verify generalizability; WARNING: test-CV gap=0.448 — possible split luck or CV instability",False
invivo_sampling_no_metal_broad_fp2048_rf,invivo_sampling,no_metal,broad_fp2048,rf,False,129,34,0.2941,10,0.7234,0.2647,0.2849,0.1165,0.1883,0.2594,0.1921,0.7841,0.5463,1.0,0.8489,0.6845,1.0,0.8839,0.69,1.0,0.6979,0.369,1.0,1.0,1.0,1.0,0.0691,0.1774,"CAUTION: only ~10 positives in test set — interpret as exploratory; NOTE: sampling endpoint — reduced dataset, verify generalizability; WARNING: test-CV gap=0.525 — possible split luck or CV instability",False
invivo_sampling_no_metal_broad_fp2048_svm,invivo_sampling,no_metal,broad_fp2048,svm,False,129,34,0.2941,10,0.7234,0.2647,0.2849,0.193,0.1489,0.2594,0.1921,0.3276,-0.019,0.6712,0.6598,0.4904,0.8249,0.7093,0.5071,0.8903,0.491,0.1667,0.8,0.8286,0.651,0.9583,0.1162,0.2848,"CAUTION: only ~10 positives in test set — interpret as exploratory; NOTE: sampling endpoint — reduced dataset, verify generalizability",False
invivo_sampling_no_metal_broad_fp2048_logistic,invivo_sampling,no_metal,broad_fp2048,logistic,False,129,34,0.2941,10,0.7234,0.2647,0.2849,0.2204,0.2594,0.2594,0.1921,0.2312,-0.1292,0.605,0.6094,0.4324,0.7974,0.7081,0.5163,0.8833,0.3915,0.1,0.7143,0.8274,0.6522,0.96,0.1224,0.3318,"CAUTION: only ~10 positives in test set — interpret as exploratory; NOTE: sampling endpoint — reduced dataset, verify generalizability",False
invivo_sampling_no_metal_broad_fp2048_ann,invivo_sampling,no_metal,broad_fp2048,ann,False,129,34,0.2941,10,0.7234,0.2647,0.2849,0.1981,0.1189,0.2594,0.1921,0.2352,-0.1397,0.6135,0.6111,0.4423,0.8024,0.7112,0.5161,0.875,0.3915,0.1,0.7143,0.8308,0.6845,0.9583,0.1285,0.2847,"CAUTION: only ~10 positives in test set — interpret as exploratory; NOTE: sampling endpoint — reduced dataset, verify generalizability",False
invivo_sampling_no_metal_graph_gnn,invivo_sampling,no_metal,graph,gnn,False,129,34,0.2941,10,0.7234,0.2647,0.2849,0.2541,0.3016,0.2594,0.1921,0.2354,-0.1442,0.578,0.6214,0.4316,0.8078,0.7016,0.4677,0.8869,0.4922,0.1542,0.8261,0.7506,0.574,0.9149,0.1466,0.37,"CAUTION: only ~10 positives in test set — interpret as exploratory; NOTE: sampling endpoint — reduced dataset, verify generalizability",False
invivo_sampling_salt_stripped_compact_xgb,invivo_sampling,salt_stripped,compact,xgb,False,184,47,0.2553,12,1.0,0.4043,0.3181,0.0944,0.1078,0.3415,0.1776,0.5258,0.2182,0.7864,0.7485,0.6041,0.8953,0.8864,0.7259,0.9904,0.5831,0.3077,0.8571,0.914,0.8136,1.0,0.0398,0.1654,"CAUTION: only ~12 positives in test set — interpret as exploratory; NOTE: sampling endpoint — reduced dataset, verify generalizability",False
invivo_sampling_salt_stripped_compact_lgbm,invivo_sampling,salt_stripped,compact,lgbm,False,184,47,0.2553,12,1.0,0.4043,0.3181,0.0987,0.088,0.3415,0.1776,0.6496,0.3672,0.8582,0.8073,0.6721,0.9339,0.9029,0.771,0.9879,0.6724,0.4,0.92,0.9422,0.8506,1.0,0.0387,0.1686,"CAUTION: only ~12 positives in test set — interpret as exploratory; NOTE: sampling endpoint — reduced dataset, verify generalizability; WARNING: test-CV gap=0.308 — possible split luck or CV instability",False
invivo_sampling_salt_stripped_compact_rf,invivo_sampling,salt_stripped,compact,rf,False,184,47,0.2553,12,1.0,0.4043,0.3181,0.1137,0.109,0.3415,0.1776,0.5055,0.1449,0.7923,0.6983,0.5441,0.8629,0.8977,0.7923,0.978,0.426,0.125,0.7392,0.9707,0.9055,1.0,0.0623,0.1679,"CAUTION: only ~12 positives in test set — interpret as exploratory; NOTE: sampling endpoint — reduced dataset, verify generalizability",False
invivo_sampling_salt_stripped_compact_svm,invivo_sampling,salt_stripped,compact,svm,False,184,47,0.2553,12,1.0,0.4043,0.3181,0.1516,0.0801,0.3415,0.1776,0.4277,0.0,0.6964,0.6274,0.5,0.7725,0.7309,0.5288,0.8995,0.2548,0.0,0.545,1.0,1.0,1.0,0.0897,0.2296,"CAUTION: only ~12 positives in test set — interpret as exploratory; NOTE: sampling endpoint — reduced dataset, verify generalizability",False
invivo_sampling_salt_stripped_compact_logistic,invivo_sampling,salt_stripped,compact,logistic,False,184,47,0.2553,12,1.0,0.4043,0.3181,0.2083,0.2104,0.3415,0.1776,0.269,-0.0857,0.5747,0.6316,0.4604,0.785,0.713,0.5329,0.8763,0.4299,0.1211,0.7305,0.8332,0.6858,0.9474,0.1098,0.3241,"CAUTION: only ~12 positives in test set — interpret as exploratory; NOTE: sampling endpoint — reduced dataset, verify generalizability",False
invivo_sampling_salt_stripped_compact_ann,invivo_sampling,salt_stripped,compact,ann,False,184,47,0.2553,12,1.0,0.4043,0.3181,0.1467,0.0988,0.3415,0.1776,0.3012,-0.0542,0.5947,0.6246,0.486,0.7645,0.8419,0.7116,0.9414,0.3333,0.0714,0.6204,0.9159,0.8136,1.0,0.1096,0.1867,"CAUTION: only ~12 positives in test set — interpret as exploratory; NOTE: sampling endpoint — reduced dataset, verify generalizability",False
invivo_sampling_salt_stripped_broad_fp512_xgb,invivo_sampling,salt_stripped,broad_fp512,xgb,False,184,47,0.2553,12,1.0,0.4043,0.3181,0.0787,0.0899,0.3415,0.1776,0.7035,0.4601,0.9129,0.8177,0.6723,0.9496,0.9159,0.7813,1.0,0.6636,0.3919,0.9048,0.9718,0.9104,1.0,0.0289,0.1398,"CAUTION: only ~12 positives in test set — interpret as exploratory; NOTE: sampling endpoint — reduced dataset, verify generalizability; WARNING: test-CV gap=0.362 — possible split luck or CV instability",False
invivo_sampling_salt_stripped_broad_fp512_lgbm,invivo_sampling,salt_stripped,broad_fp512,lgbm,False,184,47,0.2553,12,1.0,0.4043,0.3181,0.1136,0.1248,0.3415,0.1776,0.6496,0.3672,0.8582,0.8073,0.6721,0.9339,0.8998,0.7969,0.9745,0.6724,0.4,0.92,0.9422,0.8506,1.0,0.053,0.1864,"CAUTION: only ~12 positives in test set — interpret as exploratory; NOTE: sampling endpoint — reduced dataset, verify generalizability; WARNING: test-CV gap=0.308 — possible split luck or CV instability",False
invivo_sampling_salt_stripped_broad_fp512_rf,invivo_sampling,salt_stripped,broad_fp512,rf,False,184,47,0.2553,12,1.0,0.4043,0.3181,0.11,0.1152,0.3415,0.1776,0.5003,0.1385,0.7814,0.6951,0.5479,0.8509,0.9213,0.8288,0.9861,0.4195,0.1335,0.7273,0.9707,0.9055,1.0,0.0662,0.1599,"CAUTION: only ~12 positives in test set — interpret as exploratory; NOTE: sampling endpoint — reduced dataset, verify generalizability",False
invivo_sampling_salt_stripped_broad_fp512_svm,invivo_sampling,salt_stripped,broad_fp512,svm,False,184,47,0.2553,12,1.0,0.4043,0.3181,0.1517,0.0919,0.3415,0.1776,0.1936,0.0,0.5023,0.5421,0.5,0.65,0.8287,0.7003,0.9429,0.0843,0.0,0.3,1.0,1.0,1.0,0.0841,0.233,"CAUTION: only ~12 positives in test set — interpret as exploratory; NOTE: sampling endpoint — reduced dataset, verify generalizability",False
invivo_sampling_salt_stripped_broad_fp512_logistic,invivo_sampling,salt_stripped,broad_fp512,logistic,False,184,47,0.2553,12,1.0,0.4043,0.3181,0.1781,0.2135,0.3415,0.1776,0.3738,0.0414,0.6515,0.6632,0.5162,0.8117,0.8348,0.7134,0.9451,0.4141,0.1111,0.7,0.9123,0.8235,1.0,0.0934,0.2793,"CAUTION: only ~12 positives in test set — interpret as exploratory; NOTE: sampling endpoint — reduced dataset, verify generalizability",False
invivo_sampling_salt_stripped_broad_fp512_ann,invivo_sampling,salt_stripped,broad_fp512,ann,False,184,47,0.2553,12,1.0,0.4043,0.3181,0.1532,0.0681,0.3415,0.1776,0.0306,-0.1977,0.349,0.5086,0.4375,0.6004,0.7842,0.6236,0.9024,0.0783,0.0,0.25,0.939,0.844,1.0,0.0984,0.2067,"CAUTION: only ~12 positives in test set — interpret as exploratory; NOTE: sampling endpoint — reduced dataset, verify generalizability; WARNING: test-CV gap=0.311 — possible split luck or CV instability",False
invivo_sampling_salt_stripped_broad_fp1024_xgb,invivo_sampling,salt_stripped,broad_fp1024,xgb,False,184,47,0.2553,12,1.0,0.4043,0.3181,0.0719,0.0806,0.3415,0.1776,0.7738,0.5793,0.9456,0.8362,0.7,0.96,0.9278,0.8002,1.0,0.6724,0.4,0.92,1.0,1.0,1.0,0.021,0.132,"CAUTION: only ~12 positives in test set — interpret as exploratory; NOTE: sampling endpoint — reduced dataset, verify generalizability; WARNING: test-CV gap=0.432 — possible split luck or CV instability",False
invivo_sampling_salt_stripped_broad_fp1024_lgbm,invivo_sampling,salt_stripped,broad_fp1024,lgbm,False,184,47,0.2553,12,1.0,0.4043,0.3181,0.0968,0.0733,0.3415,0.1776,0.6496,0.3672,0.8582,0.8073,0.6721,0.9339,0.9183,0.8111,0.9865,0.6724,0.4,0.92,0.9422,0.8506,1.0,0.038,0.1653,"CAUTION: only ~12 positives in test set — interpret as exploratory; NOTE: sampling endpoint — reduced dataset, verify generalizability; WARNING: test-CV gap=0.308 — possible split luck or CV instability",False
invivo_sampling_salt_stripped_broad_fp1024_rf,invivo_sampling,salt_stripped,broad_fp1024,rf,False,184,47,0.2553,12,1.0,0.4043,0.3181,0.1125,0.1133,0.3415,0.1776,0.5003,0.1385,0.7814,0.6951,0.5479,0.8509,0.8796,0.7245,0.9841,0.4195,0.1335,0.7273,0.9707,0.9055,1.0,0.0664,0.1711,"CAUTION: only ~12 positives in test set — interpret as exploratory; NOTE: sampling endpoint — reduced dataset, verify generalizability",False
invivo_sampling_salt_stripped_broad_fp1024_svm,invivo_sampling,salt_stripped,broad_fp1024,svm,False,184,47,0.2553,12,1.0,0.4043,0.3181,0.149,0.0529,0.3415,0.1776,0.3475,-0.0748,0.6267,0.6156,0.4863,0.75,0.7868,0.6289,0.9242,0.2594,0.0,0.5,0.9718,0.9104,1.0,0.0851,0.2193,"CAUTION: only ~12 positives in test set — interpret as exploratory; NOTE: sampling endpoint — reduced dataset, verify generalizability",False
invivo_sampling_salt_stripped_broad_fp1024_logistic,invivo_sampling,salt_stripped,broad_fp1024,logistic,False,184,47,0.2553,12,1.0,0.4043,0.3181,0.2771,0.2578,0.3415,0.1776,0.0007,-0.2577,0.3303,0.5006,0.3839,0.6398,0.6531,0.4973,0.7985,0.1736,0.0,0.4286,0.8275,0.6919,0.9412,0.1704,0.3937,"CAUTION: only ~12 positives in test set — interpret as exploratory; NOTE: sampling endpoint — reduced dataset, verify generalizability; WARNING: test-CV gap=0.341 — possible split luck or CV instability",False
invivo_sampling_salt_stripped_broad_fp1024_ann,invivo_sampling,salt_stripped,broad_fp1024,ann,False,184,47,0.2553,12,1.0,0.4043,0.3181,0.1822,0.1613,0.3415,0.1776,0.2143,-0.1297,0.5368,0.5982,0.443,0.7557,0.716,0.5579,0.8608,0.3388,0.0689,0.625,0.8576,0.7273,0.9714,0.1285,0.2418,"CAUTION: only ~12 positives in test set — interpret as exploratory; NOTE: sampling endpoint — reduced dataset, verify generalizability",False
invivo_sampling_salt_stripped_broad_fp2048_xgb,invivo_sampling,salt_stripped,broad_fp2048,xgb,False,184,47,0.2553,12,1.0,0.4043,0.3181,0.0766,0.0856,0.3415,0.1776,0.7093,0.4932,0.9085,0.7915,0.6538,0.9286,0.9294,0.7967,1.0,0.5831,0.3077,0.8571,1.0,1.0,1.0,0.0257,0.138,"CAUTION: only ~12 positives in test set — interpret as exploratory; NOTE: sampling endpoint — reduced dataset, verify generalizability; WARNING: test-CV gap=0.368 — possible split luck or CV instability",False
invivo_sampling_salt_stripped_broad_fp2048_lgbm,invivo_sampling,salt_stripped,broad_fp2048,lgbm,False,184,47,0.2553,12,1.0,0.4043,0.3181,0.1135,0.0792,0.3415,0.1776,0.581,0.2885,0.8288,0.7644,0.625,0.9167,0.9084,0.8036,0.9857,0.5866,0.3077,0.8621,0.9422,0.8571,1.0,0.0467,0.1899,"CAUTION: only ~12 positives in test set — interpret as exploratory; NOTE: sampling endpoint — reduced dataset, verify generalizability; WARNING: test-CV gap=0.239 — possible split luck or CV instability",False
invivo_sampling_salt_stripped_broad_fp2048_rf,invivo_sampling,salt_stripped,broad_fp2048,rf,False,184,47,0.2553,12,1.0,0.4043,0.3181,0.1178,0.0727,0.3415,0.1776,0.512,0.2384,0.7618,0.6706,0.5385,0.8182,0.8643,0.7041,0.9726,0.3411,0.0769,0.6364,1.0,1.0,1.0,0.07,0.1807,"CAUTION: only ~12 positives in test set — interpret as exploratory; NOTE: sampling endpoint — reduced dataset, verify generalizability",False
invivo_sampling_salt_stripped_broad_fp2048_svm,invivo_sampling,salt_stripped,broad_fp2048,svm,False,184,47,0.2553,12,1.0,0.4043,0.3181,0.171,0.0921,0.3415,0.1776,0.1608,-0.1529,0.518,0.5541,0.4571,0.7,0.6844,0.4693,0.8689,0.1662,0.0,0.4497,0.942,0.8449,1.0,0.0999,0.2483,"CAUTION: only ~12 positives in test set — interpret as exploratory; NOTE: sampling endpoint — reduced dataset, verify generalizability",False
invivo_sampling_salt_stripped_broad_fp2048_logistic,invivo_sampling,salt_stripped,broad_fp2048,logistic,False,184,47,0.2553,12,1.0,0.4043,0.3181,0.221,0.2398,0.3415,0.1776,0.1796,-0.12,0.5117,0.5856,0.4424,0.7446,0.6708,0.4626,0.8471,0.3413,0.08,0.625,0.8299,0.6876,0.9481,0.1191,0.329,"CAUTION: only ~12 positives in test set — interpret as exploratory; NOTE: sampling endpoint — reduced dataset, verify generalizability",False
invivo_sampling_salt_stripped_broad_fp2048_ann,invivo_sampling,salt_stripped,broad_fp2048,ann,False,184,47,0.2553,12,1.0,0.4043,0.3181,0.2109,0.1413,0.3415,0.1776,-0.0531,-0.2592,0.2676,0.4813,0.3968,0.5963,0.5958,0.3933,0.777,0.0819,0.0,0.3175,0.8808,0.7581,0.9718,0.1473,0.2816,"CAUTION: only ~12 positives in test set — interpret as exploratory; NOTE: sampling endpoint — reduced dataset, verify generalizability; WARNING: test-CV gap=0.395 — possible split luck or CV instability",False
invivo_sampling_salt_stripped_graph_gnn,invivo_sampling,salt_stripped,graph,gnn,False,184,47,0.2553,12,1.0,0.4043,0.3181,0.2028,0.2161,0.3415,0.1776,0.2711,-0.1141,0.6109,0.5993,0.4714,0.75,0.6161,0.4092,0.8198,0.2569,0.0,0.5455,0.9417,0.8494,1.0,0.0858,0.3172,"CAUTION: only ~12 positives in test set — interpret as exploratory; NOTE: sampling endpoint — reduced dataset, verify generalizability",False
