group,fg_feature,descriptor,spearman_rho,p_value,n
negative,fg_aromatic_ring_count,aromatic_ring_count,0.9794279055921884,0.0,1302
negative,fg_heteroaromatic_ring_count,aromatic_ring_count,0.9973927758169506,0.0,1302
negative,fg_heteroaromatic_ring_count,ring_count,0.8195135963243435,1.2332001e-316,1302
negative,fg_aromatic_ring_count,ring_count,0.8086911001423738,7.106409063175775e-302,1302
negative,fg_heteroaromatic_ring_count,fraction_csp3,-0.6688699869661808,1.2382689642823596e-169,1302
negative,fg_aromatic_ring_count,fraction_csp3,-0.6504096334261733,1.9033926234638094e-157,1302
negative,fg_fused_ring_like_count,ring_count,0.5884434186797967,3.849444594117194e-122,1302
negative,fg_aniline_count,aromatic_ring_count,0.5749538997256441,1.9593062496412933e-115,1302
negative,fg_aromatic_ring_count,heavy_atom_count,0.5267519926899817,7.579709005495632e-94,1302
negative,fg_heteroaromatic_ring_count,heavy_atom_count,0.5128029134425838,3.166482331260925e-88,1302
negative,fg_aniline_count,ring_count,0.5006714985903322,1.5175195196101415e-83,1302
negative,fg_aromatic_ring_count,mw,0.49923800004195074,5.2703996949510444e-83,1302
negative,fg_heteroaromatic_ring_count,mw,0.48619358688385067,3.3549961827449317e-78,1302
negative,bb_n_alerts,heteroatom_count,0.4736992733249633,8.631417157732246e-74,1302
negative,bb_n_alerts,mw,0.4648828773635458,8.709184754505118e-71,1302
negative,bb_n_genotox_alerts,heteroatom_count,0.4643779838593498,1.286338775116756e-70,1302
negative,bb_n_alerts,heavy_atom_count,0.45473419572170193,1.9525334043644495e-67,1302
negative,fg_aniline_count,heteroatom_count,0.42886425829595665,2.1667072666938563e-59,1302
negative,bb_any_genotox_alert,heteroatom_count,0.4234918853597298,8.332970867944518e-58,1302
negative,bb_any_alert,mw,0.4204602500676006,6.347817827498322e-57,1302
negative,bb_n_genotox_alerts,aromatic_ring_count,0.41982911112782406,9.662145143247592e-57,1302
negative,fg_alcohol_count,hbd,0.41823685729810967,2.777373725931828e-56,1302
negative,fg_aniline_count,tpsa,0.41696777269552865,6.41739406306077e-56,1302
negative,bb_any_alert,heavy_atom_count,0.4128371130761003,9.559762438870938e-55,1302
negative,fg_aniline_count,heavy_atom_count,0.4124440259726431,1.2337512178214357e-54,1302
negative,fg_BB_SA8_aromatic_diazo_count,aromatic_ring_count,0.408836497900826,1.2618959459279156e-53,1302
negative,fg_phenol_count,aromatic_ring_count,0.40446265628029215,2.036078601866054e-52,1302
negative,fg_aniline_count,mw,0.40123367703913015,1.5449776685831587e-51,1302
negative,fg_fused_ring_like_count,aromatic_ring_count,0.40086085918572223,1.9494708133132298e-51,1302
negative,fg_aniline_count,hba,0.39911331652559173,5.775650937371386e-51,1302
negative,fg_heteroaromatic_ring_count,heteroatom_count,0.3954250411150073,5.595938291123162e-50,1302
negative,bb_any_alert,heteroatom_count,0.3916451526938043,5.568455305808233e-49,1302
negative,bb_n_genotox_alerts,ring_count,0.3895149000509255,2.0062975738117334e-48,1302
negative,fg_azo_count,aromatic_ring_count,0.38938196189954966,2.1726908482354313e-48,1302
negative,fg_aromatic_ring_count,heteroatom_count,0.3859743666512373,1.654041142679074e-47,1302
negative,fg_azo_count,tpsa,0.3822904771363338,1.445147627554109e-46,1302
negative,fg_BB_SA8_aromatic_diazo_count,tpsa,0.3764508198494784,4.242254859355202e-45,1302
negative,fg_sulfone_count,heteroatom_count,0.37596673007126447,5.596579342986472e-45,1302
negative,fg_azo_count,hba,0.3754320929761713,7.595834255638963e-45,1302
negative,fg_sulfone_count,tpsa,0.37426103620415657,1.48001732244614e-44,1302
negative,bb_n_alerts,hba,0.37297242537722475,3.073715117422829e-44,1302
negative,fg_BB_SA8_aromatic_diazo_count,hba,0.3728576811888581,3.27986889496594e-44,1302
negative,fg_aniline_count,fraction_csp3,-0.3720946927055804,5.047018771999288e-44,1302
negative,bb_any_genotox_alert,aromatic_ring_count,0.37166512695220977,6.42977966159399e-44,1302
negative,fg_BB_SA8_aromatic_diazo_count,heteroatom_count,0.37095016910727674,9.61326575430146e-44,1302
negative,fg_azo_count,heteroatom_count,0.3704967544778835,1.239992094521006e-43,1302
negative,fg_ether_count,hba,0.37009969625688205,1.5491068234204932e-43,1302
negative,bb_n_alerts,tpsa,0.3689941822017359,2.8741013412273005e-43,1302
negative,fg_halogen_any_count,heteroatom_count,0.36869112094347395,3.4033211931909657e-43,1302
negative,fg_aromatic_ring_count,logp,0.36669199336989355,1.0330489801757237e-42,1302
negative,fg_BB_SA2c_aromatic_amine_general_count,aromatic_ring_count,0.3658038790809987,1.687538131044582e-42,1302
negative,fg_heteroaromatic_ring_count,tpsa,0.3648378523961942,2.872914623664916e-42,1302
negative,fg_heteroaromatic_ring_count,hba,0.36396175453794505,4.647258787750256e-42,1302
negative,fg_BB_SA8_aromatic_diazo_count,ring_count,0.36150501335228,1.7760615874430288e-41,1302
negative,fg_aromatic_ring_count,tpsa,0.35936871838277346,5.644716185639127e-41,1302
negative,bb_n_genotox_alerts,tpsa,0.3591638368479877,6.303808212370994e-41,1302
negative,bb_n_alerts,aromatic_ring_count,0.35908236579116826,6.586654029266244e-41,1302
negative,fg_aromatic_ring_count,hba,0.3579778712942032,1.192715485442143e-40,1302
negative,bb_n_genotox_alerts,hba,0.35750170414926935,1.539557058118495e-40,1302
negative,bb_n_genotox_alerts,mw,0.3565236508939073,2.5972199264376484e-40,1302
negative,bb_n_genotox_alerts,heavy_atom_count,0.3557921544007434,3.835735785480685e-40,1302
negative,fg_phenol_count,hbd,0.3555527835227827,4.356783927430844e-40,1302
negative,fg_heteroaromatic_ring_count,logp,0.35225558850828526,2.4905896981308733e-39,1302
negative,fg_BB_SA34_halobenzene_count,aromatic_ring_count,0.35149333710408265,3.715876387194247e-39,1302
negative,bb_any_genotox_alert,ring_count,0.3473349810056198,3.2328632825850796e-38,1302
negative,fg_sulfonic_acid_or_sulfonate_count,tpsa,0.3472327088734235,3.4081314743284664e-38,1302
negative,fg_azo_count,ring_count,0.34032012318886645,1.155155177686091e-36,1302
negative,fg_aniline_count,hbd,0.3394102655725432,1.8246222658664657e-36,1302
negative,fg_BB_SA8_aromatic_diazo_count,heavy_atom_count,0.33718558296875695,5.5438828405574e-36,1302
negative,fg_sulfonic_acid_or_sulfonate_count,heteroatom_count,0.3334325746533001,3.540748660558821e-35,1302
negative,fg_amide_count,tpsa,0.3333622386767446,3.665055051784377e-35,1302
negative,fg_ether_count,rot_bonds,0.33279454548264903,4.840464973524257e-35,1302
negative,fg_BB_SA8_aromatic_diazo_count,mw,0.33267607134685945,5.129400294779429e-35,1302
negative,bb_n_alerts,ring_count,0.33148411244797016,9.178672163501132e-35,1302
negative,fg_azo_count,heavy_atom_count,0.33092092903356757,1.207241235992508e-34,1302
negative,fg_BB_SA7_aromatic_Nacylamine_count,aromatic_ring_count,0.32971131490775724,2.1705615569393272e-34,1302
negative,fg_BB_SA47_n_alkylcarboxylic_acid_count,rot_bonds,0.32807244484492665,4.785568606620913e-34,1302
negative,fg_fused_ring_like_count,heavy_atom_count,0.32756167077192144,6.116698004044786e-34,1302
negative,bb_n_genotox_alerts,fraction_csp3,-0.3255317608863612,1.6146880731571223e-33,1302
negative,fg_azo_count,mw,0.32513254282748755,1.952634298805339e-33,1302
negative,bb_n_alerts,logp,0.3247199050148066,2.3757319275724923e-33,1302
negative,fg_BB_SA2c_aromatic_amine_general_count,hbd,0.3234805376099847,4.273987063083365e-33,1302
negative,bb_any_genotox_alert,mw,0.3233243249885879,4.601443025916047e-33,1302
negative,bb_any_alert,logp,0.32288555084697146,5.660390900364999e-33,1302
negative,bb_any_genotox_alert,heavy_atom_count,0.3219196477209194,8.919498493109554e-33,1302
negative,fg_phenol_count,ring_count,0.3209812738216945,1.38521238037128e-32,1302
negative,fg_sulfone_count,hba,0.3200666771888356,2.124201208610687e-32,1302
negative,bb_n_nongenotox_alerts,logp,0.3187784528539669,3.8693478932986275e-32,1302
negative,bb_any_nongenotox_alert,logp,0.31869800988029534,4.01660214858414e-32,1302
negative,fg_sulfonic_acid_or_sulfonate_count,hbd,0.31771761221570083,6.326364183575718e-32,1302
negative,fg_BB_SA2c_aromatic_amine_general_count,ring_count,0.3150782790438746,2.131299157608186e-31,1302
negative,bb_any_genotox_alert,tpsa,0.3139938142917691,3.4982022984622894e-31,1302
negative,bb_any_genotox_alert,hba,0.31343898535351183,4.50401137341141e-31,1302
negative,fg_ester_count,rot_bonds,0.3134208567349151,4.5413156237583424e-31,1302
negative,fg_amide_count,heteroatom_count,0.3100929128044771,2.0444175960346298e-30,1302
negative,fg_fused_ring_like_count,mw,0.3069514105124207,8.311843109370775e-30,1302
negative,fg_ester_count,hbd,-0.3060076206065953,1.262554378278381e-29,1302
negative,bb_any_alert,hba,0.3054361828232269,1.6249931191665815e-29,1302
negative,bb_n_nongenotox_alerts,mw,0.30529399760053055,1.7301537284054057e-29,1302
negative,bb_any_alert,tpsa,0.3027459735651763,5.291296457632538e-29,1302
negative,bb_any_nongenotox_alert,mw,0.30202199643224587,7.254737342296504e-29,1302
negative,fg_sulfone_count,hbd,0.3012005376846099,1.0367293852672144e-28,1302
negative,fg_BB_SA34_halobenzene_count,ring_count,0.2957083740846202,1.0951431738010246e-27,1302
negative,fg_sulfone_count,aromatic_ring_count,0.29271512954633855,3.873737665482071e-27,1302
negative,fg_amide_count,heavy_atom_count,0.2922212828102176,4.764570288964615e-27,1302
negative,bb_any_genotox_alert,fraction_csp3,-0.2921146893018536,4.981995837730284e-27,1302
negative,fg_BB_SA2c_aromatic_amine_general_count,hba,0.29061440608852396,9.317331861796115e-27,1302
negative,fg_sulfonic_acid_or_sulfonate_count,hba,0.2900734916296382,1.1665887289852935e-26,1302
negative,fg_BB_SA8_aromatic_diazo_count,hbd,0.28984519036038653,1.282504105665698e-26,1302
negative,fg_BB_SA7_aromatic_Nacylamine_count,heteroatom_count,0.28744992562966415,3.446859317448355e-26,1302
negative,fg_azo_count,hbd,0.28504127406697716,9.226030245370659e-26,1302
negative,fg_BB_SA2c_aromatic_amine_general_count,tpsa,0.28466933812163436,1.073174364061674e-25,1302
negative,fg_amide_count,mw,0.284174268773354,1.3119208456786715e-25,1302
negative,fg_chloro_count,aromatic_ring_count,0.28297615088434064,2.129628593016199e-25,1302
negative,fg_BB_SA8_aromatic_diazo_count,fraction_csp3,-0.28295658138710994,2.146504743150945e-25,1302
negative,fg_phenol_count,fraction_csp3,-0.28113867924367875,4.456354127544732e-25,1302
negative,bb_n_nongenotox_alerts,heavy_atom_count,0.2803192260985232,6.183210807804572e-25,1302
negative,fg_BB_SA7_aromatic_Nacylamine_count,tpsa,0.2801048144331794,6.735208296945764e-25,1302
negative,fg_BB_SA7_aromatic_Nacylamine_count,ring_count,0.2798446131384623,7.470935966252094e-25,1302
negative,fg_chloro_count,heteroatom_count,0.2797962970248931,7.616055486808249e-25,1302
negative,bb_any_nongenotox_alert,heavy_atom_count,0.2771896624149959,2.1380895067912508e-24,1302
negative,fg_BB_SA47_n_alkylcarboxylic_acid_count,fraction_csp3,0.2757788997211852,3.7208713058240814e-24,1302
negative,fg_sulfone_count,mw,0.2755248346132415,4.10987261070935e-24,1302
negative,fg_ester_count,hba,0.2752308750845193,4.610373463896298e-24,1302
negative,fg_BB_SA2c_aromatic_amine_general_count,heteroatom_count,0.27394867616717283,7.598226220583313e-24,1302
negative,fg_carboxylic_acid_count,hbd,0.27373583151275505,8.253119126674187e-24,1302
negative,bb_any_alert,rot_bonds,0.27192115097117797,1.6651479021772226e-23,1302
negative,fg_azo_count,fraction_csp3,-0.2716306508043303,1.8622461710178587e-23,1302
negative,fg_ether_count,heavy_atom_count,0.26979218660818066,3.768230526778581e-23,1302
negative,fg_alcohol_count,fraction_csp3,0.2697536376799674,3.824110799166728e-23,1302
negative,fg_BB_SA34_halobenzene_count,fraction_csp3,-0.269611172175098,4.0378308119192715e-23,1302
negative,fg_BB_SA34_halobenzene_count,heteroatom_count,0.26909309860748026,4.9194190056591e-23,1302
negative,fg_BB_SA7_aromatic_Nacylamine_count,hbd,0.26669174734639484,1.2218191770001072e-22,1302
negative,bb_n_alerts,rot_bonds,0.26445055114961596,2.8322591999405535e-22,1302
negative,fg_BB_SA7_aromatic_Nacylamine_count,heavy_atom_count,0.2644302303010596,2.8538270451302357e-22,1302
negative,fg_amide_count,hbd,0.26205297142173267,6.900583719359463e-22,1302
negative,fg_BB_SA7_aromatic_Nacylamine_count,mw,0.26042408161194747,1.257126153412729e-21,1302
negative,fg_BB_SA13_aliphatic_halogen_count,heteroatom_count,0.25823949560909365,2.791741007132763e-21,1302
negative,fg_phenol_count,tpsa,0.2580354199378944,3.006604295407161e-21,1302
negative,fg_chloro_count,fraction_csp3,-0.25796408595233883,3.0854985748276715e-21,1302
negative,fg_fluoro_count,heteroatom_count,0.25730287786461536,3.921293242065063e-21,1302
negative,fg_BB_SA47_n_alkylcarboxylic_acid_count,aromatic_ring_count,-0.2567568155583084,4.777257054002114e-21,1302
negative,fg_sulfone_count,heavy_atom_count,0.2558586829252847,6.603451404350574e-21,1302
negative,bb_any_alert,aromatic_ring_count,0.2548896690846013,9.350644572860964e-21,1302
negative,fg_halogen_any_count,aromatic_ring_count,0.2532776486818341,1.662419068811469e-20,1302
negative,fg_halogen_any_count,fraction_csp3,-0.2528610552464183,1.9276774335800625e-20,1302
negative,fg_BB_SA34_halobenzene_count,mw,0.25015551669245795,5.0086593535438914e-20,1302
negative,fg_ether_count,mw,0.24664352204537357,1.7007374266340265e-19,1302
negative,fg_sulfone_count,ring_count,0.24589598952251496,2.2007529656177546e-19,1302
negative,fg_BB_SA2c_aromatic_amine_general_count,heavy_atom_count,0.24551490885129756,2.508933241712082e-19,1302
negative,fg_amide_count,aromatic_ring_count,0.2442013142919434,3.934952864332243e-19,1302
negative,fg_fused_ring_like_count,fraction_csp3,-0.24393642426491954,4.307373791295845e-19,1302
negative,fg_phenol_count,heavy_atom_count,0.2415720874467258,9.608916608370818e-19,1302
negative,bb_any_nongenotox_alert,rot_bonds,0.24115554020778332,1.1058074102409284e-18,1302
negative,fg_BB_SA2c_aromatic_amine_general_count,mw,0.2410928161308407,1.1294205269351483e-18,1302
negative,fg_heteroaromatic_ring_count,hbd,0.24087153886676252,1.2167640220883548e-18,1302
negative,fg_fused_ring_like_count,hba,0.2401603712826182,1.545105173237646e-18,1302
negative,fg_sulfonic_acid_or_sulfonate_count,aromatic_ring_count,0.23888726028152266,2.365107452884695e-18,1302
negative,fg_sulfonic_acid_or_sulfonate_count,mw,0.23805735341547185,3.117437963775385e-18,1302
negative,fg_alcohol_count,logp,-0.23776547658974911,3.4345855051622684e-18,1302
negative,bb_n_nongenotox_alerts,rot_bonds,0.23766194533784551,3.554558499942513e-18,1302
negative,bb_n_alerts,fraction_csp3,-0.23745456292276237,3.807439741152195e-18,1302
negative,fg_chloro_count,ring_count,0.2367711079174768,4.773062765906034e-18,1302
negative,fg_amide_count,hba,0.23472488003839215,9.350778610595217e-18,1302
negative,bb_any_alert,ring_count,0.2345014991775316,1.0059182168539347e-17,1302
negative,fg_aromatic_ring_count,hbd,0.23391572005708314,1.217792812186368e-17,1302
negative,fg_BB_SA47_n_alkylcarboxylic_acid_count,logp,0.23109232342413227,3.0374456157086674e-17,1302
negative,fg_fused_ring_like_count,heteroatom_count,0.23029915835223277,3.9181012676773793e-17,1302
negative,fg_aniline_count,logp,0.2284125504755952,7.151756323531129e-17,1302
negative,fg_amide_count,ring_count,0.2278613108355986,8.517893159306467e-17,1302
negative,fg_BB_SA5_nitro_aromatic_count,tpsa,0.2266071313350876,1.2656831281577504e-16,1302
negative,fg_metal_atom_count,hba,-0.22634321652991043,1.3752653509703383e-16,1302
negative,fg_metal_atom_count,tpsa,-0.2263232027161705,1.3839466601843663e-16,1302
negative,fg_BB_SA2c_aromatic_amine_general_count,fraction_csp3,-0.22596284088508842,1.5498207562515159e-16,1302
negative,fg_phenol_count,mw,0.22574510717715665,1.6593754615279983e-16,1302
negative,fg_BB_SA34_halobenzene_count,logp,0.22456819299270747,2.397446260948597e-16,1302
negative,fg_ether_count,hbd,-0.2231547327022541,3.71948167694612e-16,1302
negative,fg_metal_atom_count,heavy_atom_count,-0.22306160162129093,3.8282834831198987e-16,1302
negative,fg_sulfonic_acid_or_sulfonate_count,heavy_atom_count,0.22203488228477306,5.256250600738042e-16,1302
negative,fg_BB_SA11_aliphatic_azo_count,tpsa,0.22078149773642894,7.723540829166714e-16,1302
negative,fg_BB_SA7_aromatic_Nacylamine_count,hba,0.22014434170378286,9.384101407994908e-16,1302
negative,fg_fused_ring_like_count,logp,0.22007034941225678,9.59836934014295e-16,1302
negative,fg_fused_ring_like_count,tpsa,0.21922588028222215,1.2412188330079518e-15,1302
negative,fg_BB_SA5_nitro_aromatic_count,aromatic_ring_count,0.21839669442595913,1.5959939221002132e-15,1302
negative,fg_BB_SA47_n_alkylcarboxylic_acid_count,ring_count,-0.21596255932943148,3.318868147139605e-15,1302
negative,fg_BB_SA5_nitro_aromatic_count,hba,0.21581347030078998,3.470092481964748e-15,1302
negative,fg_BB_SA28_alkenylbenzene_count,aromatic_ring_count,0.2154750364852493,3.838974604814545e-15,1302
negative,fg_BB_SA7_aromatic_Nacylamine_count,fraction_csp3,-0.21540868152089584,3.915694598041639e-15,1302
negative,fg_BB_SA6b_aromatic_dialkylamine_count,aromatic_ring_count,0.21450010221568683,5.130908486788346e-15,1302
negative,fg_BB_SA5_nitro_aromatic_count,heteroatom_count,0.2141409999025263,5.707465932318227e-15,1302
negative,fg_phenol_count,hba,0.2132085478827872,7.518812910479389e-15,1302
negative,fg_ester_count,heavy_atom_count,0.21279099544518879,8.503025507375242e-15,1302
negative,fg_BB_SA8_aromatic_diazo_count,logp,0.21107265483446333,1.4068800153851763e-14,1302
negative,bb_n_genotox_alerts,hbd,0.20879305528316128,2.7256260034626472e-14,1302
negative,fg_BB_SA34_halobenzene_count,heavy_atom_count,0.20826356790475808,3.174711354183394e-14,1302
negative,fg_BB_SA11_aliphatic_azo_count,hba,0.20754175709051453,3.9058449269422475e-14,1302
negative,fg_BB_SA11_aliphatic_azo_count,heteroatom_count,0.20694989692193852,4.626731076026786e-14,1302
negative,fg_ketone_count,ring_count,0.20620671361740353,5.719083918957712e-14,1302
negative,fg_halogen_any_count,mw,0.20429866003853023,9.818886635176123e-14,1302
negative,fg_azo_count,logp,0.20396929179585732,1.07733217421361e-13,1302
negative,fg_amine_tertiary_count,fraction_csp3,0.20283215142743194,1.4822300730286884e-13,1302
negative,fg_sulfonic_acid_or_sulfonate_count,ring_count,0.20252660527449418,1.6143920653238225e-13,1302
negative,fg_carboxylic_acid_count,tpsa,0.19719068612360124,7.020010569210798e-13,1302
negative,fg_sulfone_count,fraction_csp3,-0.19677475880607778,7.858603414818622e-13,1302
negative,fg_ester_count,logp,0.19647331246981442,8.527003763689864e-13,1302
negative,fg_BB_SA28_alkenylbenzene_count,ring_count,0.19481127505828758,1.3342569040527448e-12,1302
negative,fg_amine_primary_count,hbd,0.19459879523775636,1.412451353359703e-12,1302
negative,fg_BB_SA6b_aromatic_dialkylamine_count,ring_count,0.19228792878594939,2.6131213050812275e-12,1302
negative,fg_BB_SA8_aromatic_diazo_count,rot_bonds,0.19204341518181095,2.7876388052014463e-12,1302
negative,fg_azo_count,rot_bonds,0.19191325965229952,2.8851395692034896e-12,1302
negative,fg_halogen_any_count,ring_count,0.19161012646832226,3.1253518730654613e-12,1302
negative,fg_ester_count,mw,0.18910715664633485,6.018742372481066e-12,1302
negative,bb_n_nongenotox_alerts,heteroatom_count,0.1875431114993411,9.023662002286725e-12,1302
negative,fg_chloro_count,mw,0.18678297842059996,1.0972732248115535e-11,1302
negative,fg_ester_count,aromatic_ring_count,-0.18513445146606558,1.6721941090338467e-11,1302
negative,fg_metal_atom_count,rot_bonds,-0.18497696032194882,1.74052115935375e-11,1302
negative,fg_metal_atom_count,fraction_csp3,-0.18472105494092997,1.8574102474109757e-11,1302
negative,fg_aniline_count,rot_bonds,0.1844816333106925,1.9737022157480966e-11,1302
negative,fg_BB_SA7_aromatic_Nacylamine_count,logp,0.18296574857940343,2.893669415798139e-11,1302
negative,fg_BB_SA5_nitro_aromatic_count,fraction_csp3,-0.18219942579761808,3.506831149431145e-11,1302
negative,bb_any_nongenotox_alert,heteroatom_count,0.1821098267839752,3.58633008615567e-11,1302
negative,fg_sulfonic_acid_or_sulfonate_count,fraction_csp3,-0.18017200967116062,5.807673033273236e-11,1302
negative,fg_BB_SA2_primary_aromatic_amine_count,aromatic_ring_count,0.17942487649639985,6.984021451838936e-11,1302
negative,fg_alkene_count,hbd,-0.17887346988885355,7.998448555983187e-11,1302
negative,fg_ether_count,heteroatom_count,0.17812840207967362,9.600590194112778e-11,1302
negative,fg_ketone_count,aromatic_ring_count,0.17784681354374013,1.0284360101838923e-10,1302
negative,fg_phenol_count,heteroatom_count,0.17751692023362764,1.1146045327402804e-10,1302
negative,bb_n_genotox_alerts,logp,0.17721667428656349,1.1991303179655417e-10,1302
negative,fg_BB_SA6b_aromatic_dialkylamine_count,heavy_atom_count,0.17606819833056023,1.5841301531344067e-10,1302
negative,fg_phenol_count,logp,0.17555611738432692,1.7924624993280222e-10,1302
negative,fg_BB_SA11_aliphatic_azo_count,aromatic_ring_count,0.17423598311300353,2.4606412447115257e-10,1302
negative,fg_metal_atom_count,heteroatom_count,-0.17339766614007623,3.005231205685609e-10,1302
negative,fg_BB_SA5_nitro_aromatic_count,ring_count,0.17319491820645802,3.153652229572619e-10,1302
negative,fg_amine_primary_count,logp,-0.17282306201924588,3.4446673200765075e-10,1302
negative,fg_ether_count,tpsa,0.1726481700873056,3.59043782289435e-10,1302
negative,fg_sulfonamide_count,heteroatom_count,0.17252711728341893,3.6948388312793925e-10,1302
negative,fg_BB_SA2_primary_aromatic_amine_count,hbd,0.1723401939109846,3.86188887282404e-10,1302
negative,fg_BB_SA47_n_alkylcarboxylic_acid_count,heavy_atom_count,0.17133982426662306,4.888971237426087e-10,1302
negative,fg_BB_SA6b_aromatic_dialkylamine_count,mw,0.16863031432959125,9.195670007953304e-10,1302
negative,fg_chloro_count,logp,0.1678843774936315,1.0922972608318193e-09,1302
negative,fg_ester_count,fraction_csp3,0.1669773753859942,1.3452081085148667e-09,1302
negative,fg_BB_SA6_aromatic_monoalkylamine_count,aromatic_ring_count,0.16454012059017825,2.3409529894810345e-09,1302
negative,fg_ether_count,fraction_csp3,0.16425159752897142,2.49827196757566e-09,1302
negative,bb_any_genotox_alert,logp,0.16394374749805127,2.677465868362723e-09,1302
negative,fg_BB_SA11_aliphatic_azo_count,heavy_atom_count,0.16251693020106606,3.6848315088041784e-09,1302
negative,fg_amide_count,fraction_csp3,-0.16240218675601792,3.780231637491024e-09,1302
negative,fg_carboxylic_acid_count,logp,-0.16180122737886976,4.320454441170278e-09,1302
negative,fg_aldehyde_count,heteroatom_count,-0.1606193927521724,5.610276302650948e-09,1302
negative,bb_any_alert,fraction_csp3,-0.16016054961042717,6.205951006928579e-09,1302
negative,fg_BB_SA47_n_alkylcarboxylic_acid_count,mw,0.15873097237984615,8.482888039560146e-09,1302
negative,fg_BB_SA11_aliphatic_azo_count,mw,0.15862904700982883,8.67311125416617e-09,1302
negative,fg_urea_count,hbd,0.1576021903620217,1.0835796526486138e-08,1302
negative,fg_metal_atom_count,ring_count,-0.1562500712008962,1.4494993203902947e-08,1302
negative,fg_halogen_any_count,logp,0.1554908813554604,1.7048657656622498e-08,1302
negative,bb_any_genotox_alert,hbd,0.15547240279157615,1.7115958187622297e-08,1302
negative,fg_sulfonic_acid_or_sulfonate_count,rot_bonds,0.15538177622126065,1.7449776870008612e-08,1302
negative,fg_sulfonamide_count,tpsa,0.15529955987791857,1.7758073859495736e-08,1302
negative,fg_metal_atom_count,logp,-0.15483419496155532,1.9605241311443033e-08,1302
negative,fg_ether_count,logp,0.15475499331731468,1.9937637046323067e-08,1302
negative,fg_BB_SA2_primary_aromatic_amine_count,fraction_csp3,-0.15204914854043802,3.522862251779767e-08,1302
negative,fg_sulfone_count,rot_bonds,0.1510186573223037,4.364271928816866e-08,1302
negative,fg_BB_SA5_nitro_aromatic_count,heavy_atom_count,0.15057638517582025,4.7823484816327155e-08,1302
negative,fg_BB_SA6_aromatic_monoalkylamine_count,hba,0.15053235491174477,4.8260316772793115e-08,1302
negative,fg_hydrazine_like_count,heteroatom_count,0.15038570725282027,4.974327250729385e-08,1302
negative,fg_ketone_count,fraction_csp3,-0.14855881315828154,7.234708815957996e-08,1302
negative,fg_hydrazine_like_count,tpsa,0.14846890843639698,7.368456942628516e-08,1302
negative,fg_alkene_count,aromatic_ring_count,-0.14838865367551937,7.489867424239142e-08,1302
negative,fg_BB_SA5_nitro_aromatic_count,mw,0.14765239058723112,8.697842044943433e-08,1302
negative,fg_BB_SA2_primary_aromatic_amine_count,tpsa,0.14701943793289282,9.885144159218877e-08,1302
negative,fg_BB_SA6_aromatic_monoalkylamine_count,hbd,0.146732765267313,1.0473090177397454e-07,1302
negative,fg_BB_SA2_primary_aromatic_amine_count,ring_count,0.1464115002394475,1.1172163605467386e-07,1302
negative,fg_BB_SA28_alkenylbenzene_count,heavy_atom_count,0.14619213518370858,1.167519313154754e-07,1302
negative,fg_metal_atom_count,hbd,-0.14616092917749168,1.1748507172095309e-07,1302
negative,fg_BB_SA6_aromatic_monoalkylamine_count,ring_count,0.1448661598677782,1.5215234852320512e-07,1302
negative,fg_BB_SA6b_aromatic_dialkylamine_count,hba,0.1446984945665092,1.5730723273113974e-07,1302
negative,fg_BB_SA28_alkenylbenzene_count,fraction_csp3,-0.14434468128165145,1.6874463816372806e-07,1302
negative,fg_BB_SA11_aliphatic_azo_count,ring_count,0.14431198693468103,1.6984115556971349e-07,1302
negative,fg_amide_count,rot_bonds,0.1438994621982292,1.8428165466924253e-07,1302
negative,fg_metal_atom_count,mw,-0.14360395684458732,1.953472587751073e-07,1302
negative,bb_n_alerts,hbd,0.14310237086568706,2.1561418685846784e-07,1302
negative,fg_imine_count,tpsa,0.1425843948498677,2.386680297222611e-07,1302
negative,fg_BB_SA6b_aromatic_dialkylamine_count,rot_bonds,0.1423234413933239,2.5116602307626993e-07,1302
negative,fg_alcohol_count,tpsa,0.14225322685749683,2.5463522255069406e-07,1302
negative,fg_amine_secondary_count,fraction_csp3,0.14101837781361162,3.237608798329562e-07,1302
negative,fg_imine_count,heteroatom_count,0.13928536994887458,4.519745595926259e-07,1302
negative,fg_ester_count,ring_count,-0.13924590297622844,4.5540034166399043e-07,1302
negative,fg_urea_count,heteroatom_count,0.1380627644650837,5.705351934135355e-07,1302
negative,fg_BB_SA2_primary_aromatic_amine_count,heteroatom_count,0.1353978908220299,9.414494242334468e-07,1302
negative,fg_alcohol_count,aromatic_ring_count,-0.13461113105989642,1.0895067796593282e-06,1302
negative,bb_n_nongenotox_alerts,hba,0.13427991949978899,1.1583164777185916e-06,1302
negative,fg_hydrazine_like_count,hba,0.1319577552693948,1.772267088404669e-06,1302
negative,fg_amine_secondary_count,hbd,0.13181279681195107,1.819516845320593e-06,1302
negative,bb_any_nongenotox_alert,hba,0.13049450684187694,2.3084539496940195e-06,1302
negative,fg_BB_SA28_alkenylbenzene_count,mw,0.1303162023784435,2.3835550929090477e-06,1302
negative,fg_BB_SA2c_aromatic_amine_general_count,rot_bonds,0.1299498324111889,2.5452887962980447e-06,1302
negative,fg_BB_SA6_aromatic_monoalkylamine_count,tpsa,0.12993776219658484,2.5507922664447053e-06,1302
negative,fg_chloro_count,heavy_atom_count,0.12879122354389416,3.1289353057974628e-06,1302
negative,bb_n_genotox_alerts,rot_bonds,0.12800313022763807,3.597031434107361e-06,1302
negative,fg_urea_count,aromatic_ring_count,0.12712037242123925,4.2009052955589995e-06,1302
negative,bb_n_nongenotox_alerts,tpsa,0.1269652071342104,4.316619309329928e-06,1302
negative,fg_thiol_count,ring_count,-0.1268570924718429,4.3990420430805764e-06,1302
negative,fg_urea_count,tpsa,0.12634999757464063,4.806148751883503e-06,1302
negative,fg_halogen_any_count,heavy_atom_count,0.1263350313274762,4.818695211664686e-06,1302
negative,fg_alkene_count,tpsa,-0.12631801357309969,4.832999555321591e-06,1302
negative,fg_BB_SA7_aromatic_Nacylamine_count,rot_bonds,0.12588007177973345,5.215401351105419e-06,1302
negative,fg_aldehyde_count,tpsa,-0.12500681296641405,6.0660349522147506e-06,1302
negative,fg_BB_SA11_aliphatic_azo_count,fraction_csp3,-0.12420748329691578,6.959627950727114e-06,1302
negative,fg_urea_count,ring_count,0.12403023031648881,7.174161411416477e-06,1302
negative,fg_alcohol_count,rot_bonds,0.12386398553712935,7.381101150029225e-06,1302
negative,fg_ketone_count,heavy_atom_count,0.1236586581909255,7.644565968518091e-06,1302
negative,fg_ester_count,tpsa,0.12352592951304778,7.819629939945748e-06,1302
negative,fg_BB_SA22_simple_aldehyde_count,heteroatom_count,-0.12351325453969336,7.836546548889311e-06,1302
negative,fg_BB_SA6b_aromatic_dialkylamine_count,heteroatom_count,0.12340629619636098,7.980696514801789e-06,1302
negative,bb_any_nongenotox_alert,tpsa,0.12329754475820887,8.129857098763119e-06,1302
negative,fg_sulfonamide_count,aromatic_ring_count,0.123178400299983,8.296327092693778e-06,1302
negative,fg_BB_SA6_aromatic_monoalkylamine_count,heavy_atom_count,0.12313289906699453,8.360756633977269e-06,1302
negative,fg_alcohol_count,ring_count,-0.12279408904649035,8.855755040573091e-06,1302
negative,fg_nitrile_count,fraction_csp3,-0.12278033099815273,8.876435039882771e-06,1302
negative,fg_amide_count,logp,0.1227020244786715,8.995019733942697e-06,1302
negative,fg_BB_SA6_aromatic_monoalkylamine_count,heteroatom_count,0.1226105190810847,9.135508269596199e-06,1302
negative,fg_metal_atom_count,aromatic_ring_count,-0.12148357722226068,1.104673595044409e-05,1302
negative,fg_sulfonamide_count,hba,0.12080096807977944,1.2383859681585252e-05,1302
negative,fg_BB_SA2_primary_aromatic_amine_count,hba,0.12051810069657126,1.2981998625387163e-05,1302
negative,fg_BB_SA34_halobenzene_count,tpsa,0.12021427714472335,1.3655080372416256e-05,1302
negative,fg_aldehyde_count,hba,-0.11996109965641029,1.4241233399927e-05,1302
negative,fg_BB_SA6_aromatic_monoalkylamine_count,mw,0.11743097411573299,2.1575972333845153e-05,1302
negative,fg_organophosphate_like_count,heteroatom_count,0.11734742187250612,2.187090644861671e-05,1302
negative,fg_BB_SA34_halobenzene_count,hba,0.11674765861926256,2.4103347509600573e-05,1302
negative,fg_BB_SA11_aliphatic_azo_count,hbd,0.11629612864966912,2.5925171156154838e-05,1302
negative,fg_carbamate_count,tpsa,0.11565411600647135,2.874203873819921e-05,1302
negative,fg_ammonium_quaternary_count,fraction_csp3,0.11458507512918237,3.408742610217835e-05,1302
negative,fg_BB_SA47_n_alkylcarboxylic_acid_count,hbd,-0.1145827211400265,3.41001755017746e-05,1302
negative,fg_amine_primary_count,fraction_csp3,0.11415235428010677,3.6508654578181673e-05,1302
negative,fg_carbamate_count,hbd,0.11314384070414879,4.2800041383906424e-05,1302
negative,fg_ammonium_quaternary_count,rot_bonds,0.11309738668566782,4.311326647987962e-05,1302
negative,fg_imine_count,hba,0.11145936647527938,5.5654472035633894e-05,1302
negative,fg_phosphate_like_count,heteroatom_count,0.11095320435231099,6.0181326660415316e-05,1302
negative,fg_alcohol_count,hba,0.10858859804305193,8.634177101078903e-05,1302
negative,fg_organophosphate_like_count,tpsa,0.10774856341994136,9.79848566716863e-05,1302
negative,fg_alkene_count,logp,0.10712856413315733,0.00010751140893233937,1302
negative,fg_amine_tertiary_count,rot_bonds,0.10674592135013897,0.00011381954766857382,1302
negative,fg_BB_SA2_primary_aromatic_amine_count,heavy_atom_count,0.10667222531217432,0.00011507385342747013,1302
negative,bb_any_genotox_alert,rot_bonds,0.1065379631568069,0.00011739253244934335,1302
negative,fg_fluoro_count,fraction_csp3,-0.10633441324859155,0.00012099188466450164,1302
negative,fg_sulfonamide_count,hbd,0.10618366476301912,0.00012372426864505346,1302
negative,fg_ketone_count,mw,0.10605307067726626,0.00012613821178243274,1302
negative,fg_BB_SA2_primary_aromatic_amine_count,mw,0.10483386879917468,0.00015091541616391973,1302
negative,fg_BB_SA13_aliphatic_halogen_count,mw,0.10466369846032304,0.00015471736713572586,1302
negative,fg_BB_SA20_ab_unsat_carbonyl_count,hbd,-0.10453716901997204,0.0001576024659866332,1302
negative,fg_carboxylic_acid_count,ring_count,-0.10451652978640077,0.000158077848326382,1302
negative,fg_chloro_count,hba,0.10446429029728561,0.00015928710803993275,1302
negative,fg_aldehyde_count,hbd,-0.10425885900066115,0.0001641273536581039,1302
negative,fg_thiol_count,tpsa,-0.10378838605169337,0.00017573806500914874,1302
negative,fg_sulfonamide_count,mw,0.10374572377814686,0.00017682822418768927,1302
negative,fg_alkene_count,heteroatom_count,-0.1036276747590163,0.00017987795669854647,1302
negative,fg_chloro_count,tpsa,0.1035517256226319,0.00018186610193021745,1302
negative,fg_BB_SA6b_aromatic_dialkylamine_count,tpsa,0.1033900582378177,0.0001861670374109262,1302
negative,fg_fused_ring_like_count,hbd,0.1029088216669684,0.00019954175665415423,1302
negative,fg_BB_SA23_monohaloalkene_count,rot_bonds,-0.102877727766469,0.0002004362285594816,1302
negative,fg_BB_SA6_aromatic_monoalkylamine_count,rot_bonds,0.10039118210711956,0.00028548310961215,1302
negative,fg_carbamate_count,heteroatom_count,0.10032012543444996,0.00028834984677432316,1302
negative,fg_hydrazine_like_count,ring_count,0.09896301445379482,0.00034854767610576165,1302
negative,fg_urea_count,fraction_csp3,-0.09873053413540558,0.00035996988901961196,1302
negative,fg_amine_primary_count,tpsa,0.09791215001613128,0.00040302034279669687,1302
negative,fg_fused_ring_like_count,rot_bonds,-0.09752240399662074,0.0004251696388644213,1302
negative,fg_sulfonamide_count,ring_count,0.09731218133438933,0.00043758290486776286,1302
negative,fg_ammonium_quaternary_count,ring_count,-0.09709344635979582,0.00045085695360949293,1302
negative,fg_phosphate_like_count,tpsa,0.09644880852198535,0.0004921925883557898,1302
negative,fg_BB_SA5_nitro_aromatic_count,hbd,0.09614497411869366,0.0005128753638125321,1302
negative,fg_amine_primary_count,aromatic_ring_count,-0.09607318536439347,0.0005178789989590978,1302
negative,fg_BB_SA23_monohaloalkene_count,tpsa,-0.09600715328859132,0.0005225214872835158,1302
negative,fg_thiol_count,hbd,0.09598550244843737,0.0005240520977702132,1302
negative,fg_BB_SA11_aliphatic_azo_count,rot_bonds,0.09458107715575133,0.0006327431839150823,1302
negative,fg_nitrile_count,tpsa,0.09404319209034438,0.000679658804894746,1302
negative,fg_halogen_any_count,rot_bonds,-0.0937296224175909,0.000708479083280535,1302
negative,fg_BB_SA2c_aromatic_amine_general_count,logp,0.09292850727531483,0.000787340089545211,1302
negative,fg_BB_SA23_monohaloalkene_count,hba,-0.09274504831048613,0.0008065097179548224,1302
negative,fg_thiol_count,aromatic_ring_count,-0.09271928138908317,0.0008092364875634165,1302
negative,fg_imine_count,fraction_csp3,-0.09258339122858211,0.0008237588830944966,1302
negative,fg_thiol_count,heavy_atom_count,-0.0920453178267488,0.000883665745513,1302
negative,fg_sulfonamide_count,heavy_atom_count,0.09197358854220243,0.0008919497336376797,1302
negative,fg_sulfonamide_count,fraction_csp3,-0.09122305892596932,0.0009830458369513141,1302
negative,fg_BB_SA6b_aromatic_dialkylamine_count,fraction_csp3,-0.09092739163764763,0.0010212387205906484,1302
negative,fg_bromo_count,mw,0.09092083296093385,0.0010221012849827226,1302
negative,fg_ketone_count,tpsa,0.09054791929639576,0.0010722675030509221,1302
negative,fg_urea_count,heavy_atom_count,0.09047060026183594,0.0010829495374694014,1302
negative,fg_ketone_count,hba,0.0904643489995126,0.0010838174639694,1302
negative,fg_imine_count,ring_count,0.09008672170263257,0.001137455120139825,1302
negative,fg_fluoro_count,mw,0.08988674273097313,0.0011668425076643949,1302
negative,fg_hydrazine_like_count,aromatic_ring_count,0.08923744878983189,0.0012671579467048795,1302
negative,fg_amine_secondary_count,logp,-0.08906652560713099,0.0012948569067527719,1302
negative,fg_BB_SA22_simple_aldehyde_count,hba,-0.08882099222044879,0.001335624584788494,1302
negative,fg_hydrazine_like_count,fraction_csp3,-0.08878927380927211,0.001340976437690952,1302
negative,fg_carbamate_count,hba,0.08795076294882775,0.0014898285469286715,1302
negative,fg_amine_primary_count,mw,-0.08791456444650698,0.0014965845116447377,1302
negative,fg_sulfide_count,hba,0.08763353105874909,0.0015500025302364307,1302
negative,fg_aldehyde_count,mw,-0.08737340977538578,0.0016010029875771475,1302
negative,fg_bromo_count,fraction_csp3,-0.08728371618866743,0.001618943393460858,1302
negative,fg_imine_count,heavy_atom_count,0.08701513656853699,0.0016737754537419203,1302
negative,fg_urea_count,mw,0.08564609411945373,0.0019807419251682834,1302
negative,fg_fluoro_count,aromatic_ring_count,0.08541402833646154,0.002037624116888289,1302
negative,fg_aromatic_ring_count,rot_bonds,0.08493058818843716,0.002160958165961617,1302
negative,fg_ammonium_quaternary_count,hba,-0.08470833144752209,0.0022199222257431555,1302
negative,fg_sulfide_count,heteroatom_count,0.08469347995176132,0.0022239142983974,1302
negative,fg_bromo_count,logp,0.08454119526097603,0.002265229129225887,1302
negative,fg_amine_primary_count,heavy_atom_count,-0.08273249647680657,0.002812585363464609,1302
negative,fg_BB_SA22_simple_aldehyde_count,tpsa,-0.0825911777031226,0.0028600639663149308,1302
negative,fg_imine_count,mw,0.0823830724121907,0.002931312170582604,1302
negative,fg_carboxylic_acid_count,heteroatom_count,0.08201526110057661,0.0030612065970702256,1302
negative,fg_amine_secondary_count,aromatic_ring_count,-0.08155297363635963,0.0032318953687873347,1302
negative,fg_thiol_count,fraction_csp3,0.08071316683312389,0.003564290814762446,1302
negative,fg_BB_SA22_simple_aldehyde_count,mw,-0.0801428470044916,0.003807422906682357,1302
negative,fg_amine_tertiary_count,logp,-0.08006630949230534,0.0038411727017222887,1302
negative,fg_amine_primary_count,ring_count,-0.07933862232463784,0.0041758762445094355,1302
negative,fg_BB_SA5_nitro_aromatic_count,logp,0.07881079885240917,0.004434955123962294,1302
negative,fg_fluoro_count,rot_bonds,-0.07874309101240701,0.004469221410787748,1302
negative,fg_organophosphate_like_count,hbd,0.0785026759422206,0.0045928378047607075,1302
negative,fg_alkene_count,hba,-0.07833996188707879,0.004678248372692411,1302
negative,fg_carboxylic_acid_count,mw,-0.07813004439715839,0.004790557627497819,1302
negative,fg_BB_SA20_ab_unsat_carbonyl_count,aromatic_ring_count,-0.07801054602710085,0.004855574324570621,1302
negative,fg_amine_tertiary_count,hba,0.07747490648397458,0.005156912082075306,1302
negative,fg_BB_SA23_monohaloalkene_count,heteroatom_count,0.07699641131588113,0.0054402677433366756,1302
negative,fg_BB_SA5_nitro_aromatic_count,rot_bonds,0.07693128549024124,0.00547990063151003,1302
negative,fg_bromo_count,heteroatom_count,0.07677995161050531,0.005573003237263026,1302
negative,fg_BB_SA28_alkenylbenzene_count,logp,0.07661259868987563,0.005677618964498982,1302
negative,fg_carboxylic_acid_count,heavy_atom_count,-0.07503865921651605,0.006751545912585631,1302
negative,fg_carboxylic_acid_count,aromatic_ring_count,-0.07425246634139689,0.007353495935697265,1302
negative,fg_amine_tertiary_count,aromatic_ring_count,-0.07373113651547372,0.00777873484290442,1302
negative,fg_BB_SA28_alkenylbenzene_count,hba,0.07359721950671608,0.00789146213629198,1302
negative,fg_bromo_count,rot_bonds,-0.07351297831221654,0.007963120547106814,1302
negative,fg_ketone_count,heteroatom_count,0.07316563661588409,0.008264767264481858,1302
negative,fg_nitrile_count,hba,0.072472550922995,0.00889735999650798,1302
negative,fg_phenol_count,rot_bonds,0.07209057618731059,0.009264156289155244,1302
negative,fg_BB_SA6b_aromatic_dialkylamine_count,logp,0.07084736959400018,0.010553042732219051,1302
negative,fg_BB_SA28_alkenylbenzene_count,rot_bonds,0.07082201654700475,0.010580908134376244,1302
negative,fg_BB_SA6b_aromatic_dialkylamine_count,hbd,0.07082154471938586,0.010581427336645258,1302
negative,fg_ester_count,heteroatom_count,0.06965670846388705,0.011934351367720258,1302
negative,fg_ammonium_quaternary_count,aromatic_ring_count,-0.06954882022719944,0.012067095726074598,1302
negative,fg_sulfide_count,mw,0.06953373966698785,0.0120857544135812,1302
negative,fg_amine_secondary_count,mw,-0.06919693662818077,0.012509178459955222,1302
negative,fg_hydrazine_like_count,heavy_atom_count,0.06891936308611932,0.012867948193655051,1302
negative,fg_BB_SA6_aromatic_monoalkylamine_count,fraction_csp3,-0.06886332617551194,0.012941470573598006,1302
negative,fg_aldehyde_count,heavy_atom_count,-0.06827476007824944,0.013736400197418192,1302
negative,fg_BB_SA20_ab_unsat_carbonyl_count,hba,0.06814092839979217,0.013923056575956029,1302
negative,fg_BB_SA22_simple_aldehyde_count,aromatic_ring_count,-0.06718338743120753,0.015325033629372257,1302
negative,fg_amine_tertiary_count,hbd,0.06664602471067635,0.01616499159294977,1302
negative,fg_hydrazine_like_count,mw,0.06623466470609765,0.016835042207694287,1302
negative,fg_BB_SA40_alkyl_halides_nongx_count,fraction_csp3,0.06594504961510053,0.017321278214330056,1302
negative,fg_BB_SA22_simple_aldehyde_count,heavy_atom_count,-0.06556977176962185,0.017969603994377067,1302
negative,fg_BB_SA22_simple_aldehyde_count,ring_count,-0.06556393573041058,0.017979851711766102,1302
negative,fg_nitrile_count,aromatic_ring_count,0.06548201030341591,0.018124248223644553,1302
negative,fg_alcohol_count,mw,-0.06493666885006961,0.019111536285712317,1302
negative,fg_BB_SA40_alkyl_halides_nongx_count,heteroatom_count,0.06469060038046624,0.019572184320349482,1302
negative,fg_bromo_count,aromatic_ring_count,0.0639349666540557,0.021047830048618845,1302
negative,fg_imine_count,aromatic_ring_count,0.06372469056907297,0.02147531550696549,1302
negative,fg_BB_SA11_aliphatic_azo_count,logp,0.06289357894695607,0.023239685971812796,1302
negative,bb_any_alert,hbd,0.06199158015782389,0.025295491163282734,1302
negative,fg_ether_count,aromatic_ring_count,-0.06143427406652907,0.026642755900488948,1302
negative,fg_amine_secondary_count,heavy_atom_count,-0.06130325023564076,0.026968342886672582,1302
negative,fg_BB_SA20_ab_unsat_carbonyl_count,fraction_csp3,-0.06017761115885746,0.029909608281112967,1302
negative,fg_bromo_count,ring_count,0.059516739699230554,0.03176163568215827,1302
negative,fg_heteroaromatic_ring_count,rot_bonds,0.05934688496028368,0.032253207595493334,1302
negative,bb_n_nongenotox_alerts,aromatic_ring_count,0.05885336989579299,0.03371858011740189,1302
negative,fg_BB_SA13_aliphatic_halogen_count,hbd,-0.058736276631402386,0.034074490638277256,1302
negative,fg_alkene_count,heavy_atom_count,0.058720358457418985,0.03412312146673943,1302
negative,fg_ketone_count,logp,0.05813929163261549,0.03593931685699515,1302
negative,fg_BB_SA6_aromatic_monoalkylamine_count,logp,0.05812384973967119,0.03598868443451436,1302
negative,fg_BB_SA13_aliphatic_halogen_count,logp,0.05720555984953755,0.03903010118833985,1302
negative,fg_nitrile_count,hbd,-0.05717756740068728,0.03912613822398326,1302
negative,fg_alkene_count,fraction_csp3,-0.05694132184083933,0.039944667442149945,1302
negative,fg_hydrazine_like_count,hbd,0.056850489893523905,0.04026321579111104,1302
negative,fg_sulfide_count,heavy_atom_count,0.056486583014063306,0.041561105176196336,1302
negative,bb_n_nongenotox_alerts,ring_count,0.05647917129212065,0.041587902830909726,1302
negative,fg_BB_SA40_alkyl_halides_nongx_count,hbd,-0.05600594452956007,0.043329401931859704,1302
negative,fg_BB_SA34_halobenzene_count,hbd,0.056003799018801,0.043337435562189275,1302
negative,fg_BB_SA13_aliphatic_halogen_count,heavy_atom_count,0.05597357554248372,0.04345073770357983,1302
negative,fg_BB_SA22_simple_aldehyde_count,hbd,-0.05590578058884839,0.04370579768720851,1302
negative,fg_imine_count,hbd,0.0556153751101501,0.04481270644803246,1302
negative,fg_alkene_count,rot_bonds,0.05522332198723639,0.04634443895467447,1302
negative,fg_amine_secondary_count,heteroatom_count,-0.05483625027994389,0.04789966487365844,1302
negative,fg_sulfide_count,fraction_csp3,0.05436610738396415,0.04984735802968962,1302
negative,fg_BB_SA13_aliphatic_halogen_count,rot_bonds,-0.05413392431359104,0.05083344605629277,1302
negative,fg_BB_SA23_monohaloalkene_count,hbd,-0.054060067938214676,0.051150517132080374,1302
negative,fg_fluoro_count,hbd,-0.05359031804423834,0.053206130190089525,1302
negative,fg_BB_SA23_monohaloalkene_count,aromatic_ring_count,-0.05335953087898591,0.05424103217248266,1302
negative,fg_ammonium_quaternary_count,tpsa,-0.05326440575458286,0.05467245065985762,1302
negative,fg_BB_SA28_alkenylbenzene_count,tpsa,0.05235325341636964,0.05895139927172337,1302
negative,fg_BB_SA21_ab_unsat_alkoxy_count,heteroatom_count,0.05157628084246601,0.06281623365425741,1302
negative,fg_BB_SA23_monohaloalkene_count,fraction_csp3,-0.05135760619700002,0.06394094910837886,1302
negative,fg_phosphate_like_count,hbd,0.05096100519009507,0.06602316804964935,1302
negative,fg_thiol_count,logp,-0.05064866900210875,0.06770199191288828,1302
negative,fg_BB_SA21_ab_unsat_alkoxy_count,aromatic_ring_count,-0.05050595422323443,0.06848068413792747,1302
negative,bb_any_nongenotox_alert,aromatic_ring_count,0.04989363670434211,0.07190554619056849,1302
negative,fg_BB_SA28_alkenylbenzene_count,heteroatom_count,0.04978561923053243,0.07252402098031398,1302
negative,fg_alcohol_count,heavy_atom_count,-0.049620413225386524,0.07347834758237734,1302
negative,fg_ammonium_quaternary_count,heavy_atom_count,0.04959256943663698,0.07364019533229628,1302
negative,fg_chloro_count,rot_bonds,-0.04905999598411237,0.07679233170662804,1302
negative,fg_sulfide_count,rot_bonds,0.04895596981958872,0.0774206759250992,1302
negative,fg_bromo_count,hbd,-0.048518353680446366,0.08010995741550143,1302
negative,fg_chloro_count,hbd,0.04783782131627007,0.08444219277527916,1302
negative,fg_fluoro_count,tpsa,-0.04729571758655059,0.088027053175155,1302
negative,fg_ammonium_quaternary_count,mw,0.047150477237031876,0.08900804930114868,1302
negative,fg_fluoro_count,logp,0.04709279874415694,0.08940005927393556,1302
negative,fg_phosphate_like_count,ring_count,-0.04702740587057655,0.08984617837591885,1302
negative,bb_any_nongenotox_alert,ring_count,0.046534642729751545,0.0932657113445644,1302
negative,fg_fluoro_count,heavy_atom_count,0.04642181515325175,0.09406317409775102,1302
negative,fg_carbamate_count,heavy_atom_count,0.04640044356770782,0.09421484139125572,1302
negative,fg_carbamate_count,ring_count,0.04614563360606015,0.09603827310263735,1302
negative,fg_thiol_count,mw,-0.04538603052496547,0.10164186164173551,1302
negative,fg_organophosphate_like_count,hba,0.04535902557515801,0.10184576471850834,1302
negative,fg_BB_SA47_n_alkylcarboxylic_acid_count,tpsa,0.044906858203873794,0.10530844030124113,1302
negative,fg_phosphate_like_count,hba,0.04424340436556469,0.11055729250377444,1302
negative,fg_amine_tertiary_count,ring_count,-0.04356423295651426,0.11614208809279528,1302
negative,fg_organophosphate_like_count,mw,0.0434243378462233,0.11731948375620223,1302
negative,bb_any_nongenotox_alert,hbd,-0.042302433470813645,0.1271031406608857,1302
negative,fg_BB_SA13_aliphatic_halogen_count,tpsa,-0.041923509795589446,0.1305471657075604,1302
negative,fg_fluoro_count,hba,-0.04159650190053568,0.13357708080567163,1302
negative,fg_halogen_any_count,hba,0.0415880571181543,0.13365604038561538,1302
negative,fg_carboxylic_acid_count,fraction_csp3,-0.04146984465562953,0.13476512910039698,1302
negative,fg_carbamate_count,aromatic_ring_count,0.04118883715533345,0.13743010038992082,1302
negative,fg_BB_SA47_n_alkylcarboxylic_acid_count,hba,0.040901116277891045,0.14020060945543045,1302
negative,fg_carbamate_count,mw,0.04066991631317514,0.14245780648875586,1302
negative,fg_BB_SA22_simple_aldehyde_count,logp,-0.0403264687823863,0.14586218132474413,1302
negative,fg_BB_SA47_n_alkylcarboxylic_acid_count,heteroatom_count,-0.040291209554228935,0.14621517461072453,1302
negative,fg_BB_SA20_ab_unsat_carbonyl_count,heavy_atom_count,0.03870130726579043,0.16281991232709467,1302
negative,bb_n_nongenotox_alerts,hbd,-0.03860026465494546,0.16392134144188222,1302
negative,fg_amine_secondary_count,tpsa,-0.038060048204409835,0.16990536121334326,1302
negative,fg_BB_SA23_monohaloalkene_count,heavy_atom_count,-0.03757533993494874,0.17541241099185384,1302
negative,fg_amine_secondary_count,ring_count,-0.03757458092007796,0.17542113768179932,1302
negative,fg_halogen_any_count,tpsa,0.03697385836846514,0.18242977478002512,1302
negative,fg_alkene_count,mw,0.03609861924842915,0.19300931104575988,1302
negative,fg_ammonium_quaternary_count,logp,0.03605998604419096,0.19348645785524407,1302
negative,bb_any_nongenotox_alert,fraction_csp3,0.03605048185709527,0.1936039736499308,1302
negative,fg_BB_SA20_ab_unsat_carbonyl_count,tpsa,0.03592043610606113,0.19521720381878957,1302
negative,fg_BB_SA28_alkenylbenzene_count,hbd,0.03554608976944758,0.19991593082753079,1302
negative,fg_ketone_count,hbd,0.035484366601462404,0.2006985254177327,1302
negative,fg_BB_SA13_aliphatic_halogen_count,hba,-0.03494856025051027,0.2075860672389787,1302
negative,fg_phosphate_like_count,fraction_csp3,0.03477526663469259,0.2098499136603918,1302
negative,fg_sulfonic_acid_or_sulfonate_count,logp,0.03471997450977307,0.21057597355902144,1302
negative,fg_sulfone_count,logp,0.034459049469295185,0.2140267707332035,1302
negative,fg_sulfide_count,logp,0.03442946210382602,0.21442062795591005,1302
negative,fg_organophosphate_like_count,fraction_csp3,0.03429729373483081,0.21618638380625876,1302
negative,fg_organophosphate_like_count,rot_bonds,0.034268335064191496,0.216574661240912,1302
negative,fg_nitrile_count,rot_bonds,-0.034064477714519,0.21932216868760468,1302
negative,fg_aldehyde_count,aromatic_ring_count,-0.0327439256527762,0.23772644987046118,1302
negative,fg_organophosphate_like_count,ring_count,-0.0324618747097766,0.24179460374327547,1302
negative,fg_aldehyde_count,ring_count,-0.032338058070418285,0.2435958381582682,1302
negative,fg_phosphate_like_count,aromatic_ring_count,-0.03224540889214013,0.24494980585341053,1302
negative,fg_phosphate_like_count,rot_bonds,0.03220337451099286,0.2455658292009321,1302
negative,fg_fluoro_count,ring_count,0.032191120106723946,0.2457456244022552,1302
negative,fg_nitrile_count,heteroatom_count,0.03126424642457655,0.2596125995132916,1302
negative,fg_BB_SA40_alkyl_halides_nongx_count,tpsa,-0.03126059747711855,0.25966824003147415,1302
negative,fg_BB_SA40_alkyl_halides_nongx_count,mw,0.031082548456713852,0.2623932218571281,1302
negative,fg_thiol_count,heteroatom_count,0.03052453462693914,0.27106095394317264,1302
negative,fg_sulfonamide_count,rot_bonds,0.03016028543776056,0.27682347860095413,1302
negative,fg_bromo_count,tpsa,-0.02977134767489702,0.283068034694181,1302
negative,bb_n_nongenotox_alerts,fraction_csp3,0.02970432832735849,0.28415361237669295,1302
negative,fg_BB_SA40_alkyl_halides_nongx_count,aromatic_ring_count,-0.0295776100763379,0.28621387497115686,1302
negative,fg_carbamate_count,fraction_csp3,-0.029351477900435977,0.2899154585474821,1302
negative,fg_phosphate_like_count,mw,0.02921506565893342,0.2921639054022253,1302
negative,fg_bromo_count,heavy_atom_count,0.02868562989063033,0.3010010546569582,1302
negative,fg_bromo_count,hba,-0.028567183178337563,0.30300221912614056,1302
negative,fg_carboxylic_acid_count,hba,-0.02660284127699899,0.33747593567201584,1302
negative,fg_BB_SA20_ab_unsat_carbonyl_count,rot_bonds,0.026398966282620607,0.341192784431793,1302
negative,fg_BB_SA2_primary_aromatic_amine_count,logp,0.026211386329363543,0.34463559040842817,1302
negative,fg_sulfide_count,tpsa,0.026032706707143288,0.3479355537551869,1302
negative,fg_nitrile_count,ring_count,0.025939690018460925,0.34966135824518585,1302
negative,fg_urea_count,logp,0.025645705807826907,0.3551514595736124,1302
negative,fg_thiol_count,hba,0.025410269811148606,0.35958714641047274,1302
negative,fg_BB_SA22_simple_aldehyde_count,fraction_csp3,0.02469258665418316,0.37332177680082823,1302
negative,fg_BB_SA23_monohaloalkene_count,logp,0.024454030958795628,0.3779580347720317,1302
negative,fg_organophosphate_like_count,aromatic_ring_count,-0.02374082590580898,0.3920289271141669,1302
negative,fg_hydrazine_like_count,logp,-0.02368859398022125,0.39307174083838203,1302
negative,fg_ammonium_quaternary_count,heteroatom_count,-0.02332302274846664,0.40041728127538434,1302
negative,fg_urea_count,hba,0.023277571148916727,0.4013362791612639,1302
negative,fg_sulfide_count,aromatic_ring_count,-0.02324797078515166,0.40193545619703686,1302
negative,fg_BB_SA20_ab_unsat_carbonyl_count,mw,0.023120950835623405,0.40451270109344295,1302
negative,fg_carbamate_count,rot_bonds,0.02307742592321054,0.4053980914071972,1302
negative,fg_BB_SA13_aliphatic_halogen_count,aromatic_ring_count,0.02296550304051166,0.4076801488596613,1302
negative,fg_BB_SA21_ab_unsat_alkoxy_count,hba,0.021171346055422875,0.445294935002152,1302
negative,fg_BB_SA22_simple_aldehyde_count,rot_bonds,0.02067448332917283,0.45605084067810087,1302
negative,fg_BB_SA21_ab_unsat_alkoxy_count,hbd,-0.020423040597364862,0.4615491209625333,1302
negative,fg_BB_SA2_primary_aromatic_amine_count,rot_bonds,0.01982812305327737,0.4747042400042647,1302
negative,fg_amine_tertiary_count,heavy_atom_count,0.018624776115763308,0.5019307401825301,1302
negative,fg_halogen_any_count,hbd,-0.017943684951027144,0.5176989726099719,1302
negative,fg_alkene_count,ring_count,-0.017931922768257533,0.5179735152753981,1302
negative,fg_organophosphate_like_count,heavy_atom_count,0.017001909596741513,0.5399166785732344,1302
negative,fg_imine_count,logp,0.016884149956088584,0.5427279397983535,1302
negative,fg_BB_SA20_ab_unsat_carbonyl_count,ring_count,-0.016865137553205102,0.5431825026738867,1302
negative,fg_BB_SA21_ab_unsat_alkoxy_count,mw,0.016552369664781765,0.5506874623728684,1302
negative,fg_amine_tertiary_count,heteroatom_count,0.016403477429664165,0.5542779971792933,1302
negative,fg_BB_SA23_monohaloalkene_count,ring_count,-0.01603658281311824,0.5631741883075283,1302
negative,fg_BB_SA20_ab_unsat_carbonyl_count,heteroatom_count,0.015942160556771355,0.5654747487494465,1302
negative,fg_BB_SA40_alkyl_halides_nongx_count,rot_bonds,-0.01582184083837842,0.5684128094808886,1302
negative,fg_BB_SA20_ab_unsat_carbonyl_count,logp,-0.015804519307699706,0.5688363797001148,1302
negative,fg_ketone_count,rot_bonds,-0.015761943972273762,0.5698781308345149,1302
negative,fg_sulfonamide_count,logp,-0.015549029664124792,0.5751013988308427,1302
negative,fg_aldehyde_count,logp,-0.01506048728362805,0.5871711368967185,1302
negative,fg_BB_SA23_monohaloalkene_count,mw,-0.014617952226946368,0.5982043028752844,1302
negative,fg_amine_primary_count,rot_bonds,-0.013797998158156454,0.6188915552542191,1302
negative,fg_ammonium_quaternary_count,hbd,-0.013094682502401516,0.6368804336524438,1302
negative,fg_carbamate_count,logp,-0.013093482010935326,0.636911326457493,1302
negative,fg_imine_count,rot_bonds,-0.01151560258333454,0.6780431658115089,1302
negative,fg_amine_secondary_count,rot_bonds,-0.011514452710457174,0.6780735118835227,1302
negative,fg_BB_SA21_ab_unsat_alkoxy_count,rot_bonds,-0.011095396978644706,0.6891671130304329,1302
negative,fg_BB_SA21_ab_unsat_alkoxy_count,heavy_atom_count,0.011047506920313395,0.6904392158314735,1302
negative,fg_BB_SA21_ab_unsat_alkoxy_count,fraction_csp3,-0.010940723147358404,0.6932788537497474,1302
negative,fg_nitrile_count,logp,-0.010847896896800937,0.6957508304912459,1302
negative,fg_BB_SA21_ab_unsat_alkoxy_count,logp,0.010578860291179656,0.7029334973239327,1302
negative,fg_BB_SA21_ab_unsat_alkoxy_count,ring_count,0.010207353465424404,0.7128954693266316,1302
negative,fg_amine_tertiary_count,tpsa,-0.010047927645152886,0.7171856447173094,1302
negative,fg_amine_secondary_count,hba,-0.010005542501287126,0.7183277438378513,1302
negative,fg_amine_tertiary_count,mw,0.009645586852620206,0.7280521315295373,1302
negative,fg_amine_primary_count,hba,0.008883501906050055,0.7487834126478073,1302
negative,fg_amine_primary_count,heteroatom_count,-0.008610727727244706,0.7562489937904057,1302
negative,fg_BB_SA34_halobenzene_count,rot_bonds,-0.00849294243512357,0.7594797555102678,1302
negative,fg_sulfide_count,hbd,0.008126979593154086,0.7695443875965469,1302
negative,fg_nitrile_count,mw,-0.008027554881225772,0.7722855373151134,1302
negative,fg_nitrile_count,heavy_atom_count,0.007330472356530444,0.7915821484034293,1302
negative,fg_urea_count,rot_bonds,-0.005740816660858639,0.8360489135502768,1302
negative,fg_BB_SA40_alkyl_halides_nongx_count,hba,-0.00569934470616898,0.8372166917436956,1302
negative,fg_aldehyde_count,rot_bonds,-0.004905039500291845,0.8596491733586635,1302
negative,fg_BB_SA40_alkyl_halides_nongx_count,ring_count,0.004417777920151584,0.8734676606973496,1302
negative,fg_phosphate_like_count,heavy_atom_count,0.003869154092883795,0.8890724144761446,1302
negative,fg_sulfide_count,ring_count,0.003668598616958643,0.8947879663222126,1302
negative,fg_BB_SA21_ab_unsat_alkoxy_count,tpsa,-0.003411216662464263,0.9021309544280169,1302
negative,fg_carboxylic_acid_count,rot_bonds,0.0024793788936546637,0.9287813281770501,1302
negative,fg_BB_SA40_alkyl_halides_nongx_count,heavy_atom_count,-0.0024684533485975473,0.9290943295803835,1302
negative,fg_aldehyde_count,fraction_csp3,-0.0023372919234231327,0.9328527603500696,1302
negative,fg_BB_SA40_alkyl_halides_nongx_count,logp,0.001989059665638144,0.9428383906180264,1302
negative,fg_organophosphate_like_count,logp,0.0017421958368089953,0.9499227931699525,1302
negative,fg_thiol_count,rot_bonds,0.001629038060315037,0.9531715071845883,1302
negative,fg_hydrazine_like_count,rot_bonds,0.0016181064219088152,0.9534853921410712,1302
negative,fg_BB_SA13_aliphatic_halogen_count,ring_count,0.0014229255355056561,0.9590908742108041,1302
negative,fg_alcohol_count,heteroatom_count,-0.0014066936198217608,0.959557140268126,1302
negative,fg_ether_count,ring_count,0.0011841090385856239,0.9659522670735183,1302
negative,fg_BB_SA13_aliphatic_halogen_count,fraction_csp3,-0.0011571761821065002,0.9667262374898616,1302
negative,fg_phosphate_like_count,logp,-5.764960523262487e-05,0.998341848359402,1302
positive,fg_heteroaromatic_ring_count,aromatic_ring_count,0.9965462917337042,6.365346306586156e-176,163
positive,fg_aromatic_ring_count,aromatic_ring_count,0.9816871165860596,7.396403876556191e-118,163
positive,fg_heteroaromatic_ring_count,ring_count,0.7096091011677604,2.901151750469817e-26,163
positive,fg_aromatic_ring_count,ring_count,0.6954242720136117,7.0337080875892765e-25,163
positive,fg_fused_ring_like_count,ring_count,0.6659679988123687,3.021504833654987e-22,163
positive,fg_aniline_count,aromatic_ring_count,0.6468483056897842,1.0837283156644001e-20,163
positive,fg_aromatic_ring_count,logp,0.6466759328047169,1.1179787487475108e-20,163
positive,fg_heteroaromatic_ring_count,logp,0.6420147210110672,2.5738603715604456e-20,163
positive,fg_aromatic_ring_count,heavy_atom_count,0.6247101947402878,5.036056441056135e-19,163
positive,fg_heteroaromatic_ring_count,heavy_atom_count,0.6220834508609414,7.782928494198692e-19,163
positive,fg_aromatic_ring_count,mw,0.5530050150508385,1.9411045302059013e-14,163
positive,fg_heteroaromatic_ring_count,mw,0.5491526031510445,3.1926760122195096e-14,163
positive,fg_BB_SA2c_aromatic_amine_general_count,hbd,0.5455166816407582,5.0768385652968054e-14,163
positive,fg_sulfone_count,tpsa,0.5371194595745982,1.4509466468745508e-13,163
positive,fg_BB_SA2c_aromatic_amine_general_count,aromatic_ring_count,0.5280929762989622,4.345146654268084e-13,163
positive,fg_sulfonic_acid_or_sulfonate_count,hbd,0.5198794046637317,1.1464787714280367e-12,163
positive,fg_phenol_count,aromatic_ring_count,0.5187436746563672,1.30840998858311e-12,163
positive,fg_sulfone_count,heteroatom_count,0.511813649370531,2.8992353245712533e-12,163
positive,fg_aniline_count,hbd,0.5088389344326706,4.057232929362344e-12,163
positive,fg_phenol_count,hbd,0.5026664054469817,8.064965105472093e-12,163
positive,fg_sulfonic_acid_or_sulfonate_count,tpsa,0.5025172539108956,8.198578152007267e-12,163
positive,fg_aniline_count,ring_count,0.5002051390219884,1.0566214562476232e-11,163
positive,fg_sulfonic_acid_or_sulfonate_count,heteroatom_count,0.48480288400677973,5.4601607186257074e-11,163
positive,fg_sulfone_count,hba,0.4764977680135971,1.2803519249913264e-10,163
positive,bb_n_genotox_alerts,aromatic_ring_count,0.46943798443913237,2.595635173593282e-10,163
positive,bb_n_alerts,aromatic_ring_count,0.4690911309902891,2.686229768218423e-10,163
positive,fg_sulfone_count,hbd,0.4599700364407272,6.5316840950512e-10,163
positive,bb_n_alerts,heteroatom_count,0.4593397046053833,6.938652250708744e-10,163
positive,fg_azo_count,hba,0.45766921522696635,8.139249262061965e-10,163
positive,fg_BB_SA8_aromatic_diazo_count,aromatic_ring_count,0.45581194756505616,9.70969662511431e-10,163
positive,fg_fused_ring_like_count,heavy_atom_count,0.4553537047777214,1.0140044495445922e-09,163
positive,fg_aromatic_ring_count,hbd,0.4530176996979276,1.2636301555240544e-09,163
positive,fg_aniline_count,tpsa,0.45212449563742463,1.3739669408533518e-09,163
positive,fg_sulfonic_acid_or_sulfonate_count,hba,0.4493629389210958,1.7771315511973236e-09,163
positive,fg_aniline_count,heavy_atom_count,0.44914978569458724,1.8126052017432965e-09,163
positive,fg_heteroaromatic_ring_count,hbd,0.4486331566026246,1.9014428773889825e-09,163
positive,fg_BB_SA8_aromatic_diazo_count,hbd,0.4441678043276856,2.865841774712374e-09,163
positive,fg_azo_count,heteroatom_count,0.44154558724465487,3.636530422220561e-09,163
positive,fg_azo_count,tpsa,0.4414998561921327,3.651601234710558e-09,163
positive,fg_fused_ring_like_count,mw,0.44029427762677126,4.07134229468705e-09,163
positive,bb_n_alerts,heavy_atom_count,0.43958477883670466,4.339716415567412e-09,163
positive,fg_BB_SA8_aromatic_diazo_count,heteroatom_count,0.4377088173060742,5.134034985638423e-09,163
positive,fg_BB_SA8_aromatic_diazo_count,hba,0.43509724546753004,6.476570115917017e-09,163
positive,bb_n_genotox_alerts,heavy_atom_count,0.43431000790460794,6.94367573959905e-09,163
positive,fg_BB_SA8_aromatic_diazo_count,tpsa,0.43292270005037387,7.84693589021249e-09,163
positive,fg_BB_SA8_aromatic_diazo_count,heavy_atom_count,0.43224001249446475,8.33197732868225e-09,163
positive,fg_BB_SA8_aromatic_diazo_count,mw,0.4317083912262266,8.72955750174999e-09,163
positive,fg_azo_count,heavy_atom_count,0.4315192041848887,8.875402626354905e-09,163
positive,fg_heteroaromatic_ring_count,tpsa,0.4298858201878806,1.023602843339827e-08,163
positive,fg_aromatic_ring_count,tpsa,0.42979860214933646,1.0314065031601232e-08,163
positive,bb_n_alerts,ring_count,0.4266626328904782,1.353339678690805e-08,163
positive,fg_azo_count,mw,0.42440132037354317,1.6433738524751684e-08,163
positive,bb_n_alerts,mw,0.4223223032099593,1.9621078192449683e-08,163
positive,fg_BB_SA8_aromatic_diazo_count,ring_count,0.42230482870502073,1.9650235102506597e-08,163
positive,fg_aniline_count,mw,0.4172418023591137,3.010776902929777e-08,163
positive,fg_heteroaromatic_ring_count,fraction_csp3,-0.4172138644293811,3.017815428086903e-08,163
positive,bb_n_genotox_alerts,heteroatom_count,0.41599908534893765,3.339626470118922e-08,163
positive,fg_azo_count,hbd,0.415344893234283,3.526337147270895e-08,163
positive,fg_aromatic_ring_count,fraction_csp3,-0.41473034808239556,3.710838624718041e-08,163
positive,bb_any_alert,heteroatom_count,0.4124937198457388,4.463816976585905e-08,163
positive,fg_sulfone_count,mw,0.40747755944791025,6.72253746136088e-08,163
positive,bb_any_alert,heavy_atom_count,0.40690279515497396,7.04244437345399e-08,163
positive,fg_sulfone_count,aromatic_ring_count,0.4064785134585672,7.287912460021022e-08,163
positive,fg_BB_SA2c_aromatic_amine_general_count,ring_count,0.4058709724842031,7.653743105805136e-08,163
positive,bb_n_genotox_alerts,ring_count,0.4053554303727091,7.977934340650697e-08,163
positive,fg_aniline_count,hba,0.3966389841507217,1.5919686742594565e-07,163
positive,fg_phenol_count,ring_count,0.39598509347238386,1.6753228433653682e-07,163
positive,bb_n_genotox_alerts,mw,0.3953354736755809,1.762262210465729e-07,163
positive,bb_n_genotox_alerts,hba,0.39333634479950946,2.057749462549103e-07,163
positive,fg_BB_SA2c_aromatic_amine_general_count,tpsa,0.3921102368495879,2.261848040547758e-07,163
positive,fg_aniline_count,logp,0.38936880074164737,2.7905767277610705e-07,163
positive,fg_sulfone_count,heavy_atom_count,0.38874768616835637,2.9258296851914386e-07,163
positive,fg_metal_atom_count,heavy_atom_count,-0.38832649445262574,3.0210915596175213e-07,163
positive,fg_azo_count,rot_bonds,0.3855772540968934,3.719760598851089e-07,163
positive,fg_azo_count,ring_count,0.38352777442674557,4.3384589334611965e-07,163
positive,fg_ether_count,hba,0.3835086370981092,4.344675035563497e-07,163
positive,fg_azo_count,aromatic_ring_count,0.3824556272502,4.700139218135423e-07,163
positive,fg_BB_SA8_aromatic_diazo_count,rot_bonds,0.38239254421350616,4.7222934704049755e-07,163
positive,bb_n_genotox_alerts,tpsa,0.3817251203086986,4.962882115299846e-07,163
positive,fg_fused_ring_like_count,aromatic_ring_count,0.38015541081553733,5.575730274406664e-07,163
positive,bb_n_alerts,logp,0.37851872533460906,6.291390015951272e-07,163
positive,fg_phenol_count,tpsa,0.37807503811971244,6.500019099246294e-07,163
positive,fg_ether_count,fraction_csp3,0.3768909327844446,7.089630395013896e-07,163
positive,fg_metal_atom_count,hba,-0.37613294772726297,7.493492532774287e-07,163
positive,fg_sulfonic_acid_or_sulfonate_count,aromatic_ring_count,0.3752912452404441,7.967666765033141e-07,163
positive,fg_heteroaromatic_ring_count,heteroatom_count,0.37495136021981257,8.16714255970373e-07,163
positive,bb_any_alert,mw,0.3729866062918548,9.416939427102947e-07,163
positive,fg_metal_atom_count,tpsa,-0.3727617515764657,9.571083063061789e-07,163
positive,fg_aniline_count,heteroatom_count,0.36978201967236046,1.1855064908305801e-06,163
positive,fg_aromatic_ring_count,heteroatom_count,0.3683581854423759,1.3121662343919618e-06,163
positive,fg_sulfonic_acid_or_sulfonate_count,mw,0.36724789071423247,1.419776336721916e-06,163
positive,fg_heteroaromatic_ring_count,hba,0.36700487683093275,1.4444255997640484e-06,163
positive,fg_aromatic_ring_count,rot_bonds,0.3660677315088985,1.5433525590545429e-06,163
positive,fg_aromatic_ring_count,hba,0.36409131343671336,1.7735506645293747e-06,163
positive,bb_n_alerts,hba,0.36383861998848455,1.8052372624121145e-06,163
positive,fg_ether_count,rot_bonds,0.3631309225397145,1.8968723860918404e-06,163
positive,fg_sulfonic_acid_or_sulfonate_count,heavy_atom_count,0.359617186255827,2.4212935359368336e-06,163
positive,bb_any_genotox_alert,heavy_atom_count,0.3593436209628876,2.4674489133587373e-06,163
positive,bb_n_genotox_alerts,rot_bonds,0.3563154310576807,3.0375180571793036e-06,163
positive,fg_aniline_count,rot_bonds,0.35367312418016655,3.6352285271641005e-06,163
positive,fg_heteroaromatic_ring_count,rot_bonds,0.3522799920466894,3.993758075037887e-06,163
positive,bb_n_genotox_alerts,logp,0.350644802953252,4.457410711809795e-06,163
positive,fg_BB_SA7_aromatic_Nacylamine_count,aromatic_ring_count,0.350631637526458,4.461343145290033e-06,163
positive,bb_any_genotox_alert,heteroatom_count,0.349657972197965,4.761473929291186e-06,163
positive,fg_metal_atom_count,heteroatom_count,-0.349303390730343,4.875456758622321e-06,163
positive,bb_n_alerts,tpsa,0.3492078605069041,4.906605500416076e-06,163
positive,fg_fused_ring_like_count,hba,0.3467580371217915,5.77299887180872e-06,163
positive,fg_phenol_count,heavy_atom_count,0.34571377001747594,6.184783929677985e-06,163
positive,bb_any_alert,aromatic_ring_count,0.34518789665767957,6.402545666498253e-06,163
positive,bb_any_alert,hba,0.34378630041929265,7.018987913892655e-06,163
positive,fg_sulfonic_acid_or_sulfonate_count,rot_bonds,0.3382168174670517,1.0069783533579911e-05,163
positive,fg_BB_SA8_aromatic_diazo_count,logp,0.33771225628582774,1.0400925298882554e-05,163
positive,fg_fused_ring_like_count,logp,0.336870423060878,1.0976456238216082e-05,163
positive,fg_metal_atom_count,mw,-0.3368083049171441,1.1020096316445347e-05,163
positive,fg_BB_SA7_aromatic_Nacylamine_count,hbd,0.33652172878429193,1.1223558962526998e-05,163
positive,bb_n_alerts,rot_bonds,0.33481268189804386,1.251265813282143e-05,163
positive,fg_sulfone_count,rot_bonds,0.33434830843483965,1.2886392485174191e-05,163
positive,bb_any_alert,rot_bonds,0.33374336388949044,1.338910079588326e-05,163
positive,bb_any_genotox_alert,aromatic_ring_count,0.3317635783634921,1.5166993427515985e-05,163
positive,fg_halogen_any_count,logp,0.33027339162238567,1.6649880371447735e-05,163
positive,bb_any_alert,ring_count,0.3291501094303526,1.7857029378318394e-05,163
positive,fg_alcohol_count,hbd,0.32722483340802405,2.0120269653385213e-05,163
positive,fg_phenol_count,logp,0.3249553916128775,2.3135306303971388e-05,163
positive,fg_metal_atom_count,logp,-0.32311434331078226,2.588902191660668e-05,163
positive,fg_BB_SA2_primary_aromatic_amine_count,hbd,0.3225044788109617,2.6867348189346057e-05,163
positive,fg_sulfone_count,ring_count,0.32233484791299133,2.7145593299683066e-05,163
positive,fg_ester_count,hba,0.320186394118408,3.0912931982630364e-05,163
positive,fg_BB_SA2c_aromatic_amine_general_count,heavy_atom_count,0.3189768648891265,3.324505363659008e-05,163
positive,fg_ester_count,rot_bonds,0.31766492511796146,3.5961326654360784e-05,163
positive,fg_fused_ring_like_count,heteroatom_count,0.3162768770683105,3.9061658410002765e-05,163
positive,fg_metal_atom_count,fraction_csp3,-0.3139467672647526,4.483775914028988e-05,163
positive,bb_any_genotox_alert,mw,0.31385124862316177,4.5090860679626415e-05,163
positive,bb_any_alert,logp,0.31381865595076897,4.517753016524192e-05,163
positive,bb_n_genotox_alerts,hbd,0.3129585655422186,4.75220209365735e-05,163
positive,bb_any_genotox_alert,rot_bonds,0.31175252875729154,5.100252345819944e-05,163
positive,bb_any_genotox_alert,hba,0.3088478162939905,6.039244425568241e-05,163
positive,fg_sulfonic_acid_or_sulfonate_count,ring_count,0.3079638690076718,6.355727038122059e-05,163
positive,bb_any_alert,tpsa,0.3078805097007561,6.38636157282236e-05,163
positive,fg_fused_ring_like_count,tpsa,0.30783480177254163,6.403217948538512e-05,163
positive,fg_alcohol_count,fraction_csp3,0.3069450064067048,6.739788471125234e-05,163
positive,fg_BB_SA6b_aromatic_dialkylamine_count,rot_bonds,0.30683013588296054,6.784428048139853e-05,163
positive,fg_BB_SA2c_aromatic_amine_general_count,hba,0.3064577190579203,6.931065232533824e-05,163
positive,fg_amide_count,tpsa,0.30508097662418465,7.499339468278544e-05,163
positive,fg_amide_count,ring_count,0.3040557191058242,7.95057613492141e-05,163
positive,fg_BB_SA2c_aromatic_amine_general_count,mw,0.3013439014482475,9.269692835893731e-05,163
positive,fg_fused_ring_like_count,hbd,0.3013007861895657,9.292230980292031e-05,163
positive,fg_azo_count,logp,0.30096672351455633,9.468604931350015e-05,163
positive,fg_metal_atom_count,rot_bonds,-0.3003455367425632,9.80492531382042e-05,163
positive,fg_metal_atom_count,ring_count,-0.2989705808623473,0.00010589480556572804,163
positive,fg_phenol_count,hba,0.2977673920138965,0.0001132378710931557,163
positive,fg_BB_SA2_primary_aromatic_amine_count,aromatic_ring_count,0.2974105604890586,0.00011550544075256776,163
positive,fg_phenol_count,mw,0.2973457257079307,0.00011592197562512616,163
positive,fg_phenol_count,fraction_csp3,-0.29702943445945806,0.00011797420524015697,163
positive,fg_BB_SA7_aromatic_Nacylamine_count,heavy_atom_count,0.2944204706628684,0.00013624386301897877,163
positive,fg_BB_SA18_sulphonate_ester_count,hba,0.2896025576429319,0.00017710330783069313,163
positive,bb_any_genotox_alert,tpsa,0.28954901750322976,0.00017761563328800973,163
positive,bb_any_genotox_alert,logp,0.28868622085751205,0.00018606446453211644,163
positive,fg_amide_count,heteroatom_count,0.288663299730553,0.0001862939378372799,163
positive,bb_any_genotox_alert,ring_count,0.2864877958863425,0.00020931370759672447,163
positive,fg_BB_SA18_sulphonate_ester_count,heteroatom_count,0.2857580767645901,0.00021760984728472476,163
positive,fg_BB_SA7_aromatic_Nacylamine_count,heteroatom_count,0.28435003663697944,0.00023448876588558662,163
positive,fg_BB_SA2c_aromatic_amine_general_count,fraction_csp3,-0.28413185987451123,0.00023721053535895016,163
positive,fg_BB_SA7_aromatic_Nacylamine_count,logp,0.2807724400086445,0.00028300413277483215,163
positive,fg_BB_SA7_aromatic_Nacylamine_count,mw,0.28045145538104893,0.00028778424489171907,163
positive,fg_BB_SA7_aromatic_Nacylamine_count,ring_count,0.27981454399956196,0.00029749176521882026,163
positive,fg_BB_SA2c_aromatic_amine_general_count,logp,0.27628089977094156,0.0003570980034167781,163
positive,fg_phenol_count,heteroatom_count,0.27471507710146287,0.0003868970391397622,163
positive,fg_BB_SA18_sulphonate_ester_count,tpsa,0.2734805273462697,0.00041199698282982293,163
positive,fg_BB_SA7_aromatic_Nacylamine_count,tpsa,0.27286827778402273,0.00042499600375817223,163
positive,fg_BB_SA2c_aromatic_amine_general_count,heteroatom_count,0.27185118440597517,0.0004474319645944238,163
positive,fg_halogen_any_count,heteroatom_count,0.2717418153879354,0.0004499086404941071,163
positive,bb_n_alerts,hbd,0.2715114990931317,0.0004551656853012468,163
positive,fg_BB_SA20_ab_unsat_carbonyl_count,aromatic_ring_count,-0.2630087526330947,0.0006939767510943372,163
positive,fg_amide_count,heavy_atom_count,0.2624811753428848,0.0007120559265993445,163
positive,fg_ether_count,heavy_atom_count,0.26224237134514,0.0007203810075128428,163
positive,fg_amide_count,mw,0.2591931967328541,0.0008348526150692797,163
positive,fg_heavy_metal_atom_count,heavy_atom_count,-0.25478130718574993,0.0010302488657507917,163
positive,fg_BB_SA6_aromatic_monoalkylamine_count,hbd,0.25286533693487534,0.0011274967844050608,163
positive,fg_amide_count,hba,0.24844657068707748,0.0013846370678446574,163
positive,fg_chloro_count,logp,0.24689118560297318,0.0014872024101067122,163
positive,fg_heavy_metal_atom_count,hba,-0.24678111194206065,0.0014947172747173947,163
positive,fg_amine_tertiary_count,fraction_csp3,0.246701120920818,0.0015002000866655152,163
positive,fg_imine_count,heavy_atom_count,0.2458746867417636,0.0015579303179168171,163
positive,fg_aniline_count,fraction_csp3,-0.24566542619887416,0.0015728661362523504,163
positive,fg_heavy_metal_atom_count,tpsa,-0.24456926759368466,0.001653259230611433,163
positive,fg_amide_count,aromatic_ring_count,0.24393296829125025,0.0017016266201078862,163
positive,fg_alkene_count,aromatic_ring_count,-0.24160244684677293,0.0018899896828099842,163
positive,fg_BB_SA6b_aromatic_dialkylamine_count,ring_count,0.23795934460976262,0.0022226898959621924,163
positive,fg_BB_SA2_primary_aromatic_amine_count,fraction_csp3,-0.23528102856627825,0.002500273552147777,163
positive,fg_BB_SA6b_aromatic_dialkylamine_count,heavy_atom_count,0.2352779215477585,0.0025006130415797887,163
positive,fg_heavy_metal_atom_count,heteroatom_count,-0.229178219271744,0.0032536055526602415,163
positive,fg_alcohol_count,logp,-0.22840946461659,0.0033617779860117443,163
positive,fg_metal_atom_count,aromatic_ring_count,-0.2257057201926336,0.0037684758472751024,163
positive,fg_BB_SA18_sulphonate_ester_count,mw,0.2236945226445462,0.004099174051399099,163
positive,fg_ketone_count,ring_count,0.22245538665302297,0.004315690388673956,163
positive,fg_metal_atom_count,hbd,-0.2220562890752352,0.004387580995670527,163
positive,fg_imine_count,mw,0.22171179427108512,0.0044504985626448315,163
positive,fg_carboxylic_acid_count,hbd,0.22052429303870247,0.004673635541604906,163
positive,fg_BB_SA6_aromatic_monoalkylamine_count,aromatic_ring_count,0.2202203216736377,0.004732342766853682,163
positive,fg_ketone_count,logp,0.21796110862943852,0.005189802636604386,163
positive,fg_BB_SA6b_aromatic_dialkylamine_count,mw,0.21565012921627108,0.0056983127714725,163
positive,fg_amide_count,hbd,0.21555625410577006,0.00571987915936639,163
positive,fg_BB_SA11_aliphatic_azo_count,hba,0.21497585810189515,0.005854842984902339,163
positive,fg_BB_SA6b_aromatic_dialkylamine_count,aromatic_ring_count,0.21222101366872378,0.0065350090768385395,163
positive,fg_BB_SA20_ab_unsat_carbonyl_count,rot_bonds,0.21144682121171027,0.0067384209449336,163
positive,fg_ester_count,fraction_csp3,0.21118651474055364,0.006808069671384105,163
positive,fg_ester_count,tpsa,0.21053500487306523,0.006985207509394443,163
positive,fg_BB_SA7_aromatic_Nacylamine_count,rot_bonds,0.2085182560213283,0.007559812458751598,163
positive,fg_BB_SA18_sulphonate_ester_count,rot_bonds,0.20802908603058587,0.007705359916946862,163
positive,fg_epoxide_count,ring_count,0.2077034383369199,0.0078036271726753086,163
positive,fg_BB_SA16_epoxide_count,ring_count,0.2077034383369199,0.0078036271726753086,163
positive,fg_imine_count,logp,0.2060143590420203,0.008331383011067103,163
positive,fg_heavy_metal_atom_count,fraction_csp3,-0.20598071183168334,0.008342209938894184,163
positive,fg_BB_SA20_ab_unsat_carbonyl_count,ring_count,-0.2055458288671916,0.008483271863163562,163
positive,fg_BB_SA7_aromatic_Nacylamine_count,hba,0.20543595641663154,0.00851924359386198,163
positive,fg_alkene_count,rot_bonds,0.20489648088629936,0.008697832810109074,163
positive,fg_ether_count,mw,0.20222377311689407,0.00963239165159402,163
positive,fg_ester_count,heavy_atom_count,0.2021220723929971,0.00966964129142829,163
positive,fg_BB_SA18_sulphonate_ester_count,heavy_atom_count,0.20186134298375177,0.009765719619802375,163
positive,fg_BB_SA13_aliphatic_halogen_count,tpsa,-0.1999388870310786,0.010500537143525059,163
positive,fg_BB_SA2c_aromatic_amine_general_count,rot_bonds,0.19973403693581687,0.010581638878064032,163
positive,fg_BB_SA13_aliphatic_halogen_count,logp,0.19965618218354253,0.010612606611608323,163
positive,fg_heavy_metal_atom_count,rot_bonds,-0.19705693418251008,0.011693384981525497,163
positive,fg_heavy_metal_atom_count,ring_count,-0.19615482458790742,0.012090479147303568,163
positive,fg_BB_SA13_aliphatic_halogen_count,hba,-0.19524525040242713,0.012502797740923189,163
positive,fg_ether_count,heteroatom_count,0.1952349514047475,0.012507536138480466,163
positive,fg_sulfonic_acid_or_sulfonate_count,logp,0.19458985280325847,0.012807492464032478,163
positive,fg_carboxylic_acid_count,tpsa,0.1930882990118802,0.013530217317477666,163
positive,fg_bromo_count,heteroatom_count,0.19267872929951324,0.013733444715976375,163
positive,fg_halogen_any_count,aromatic_ring_count,0.19257773544633114,0.013783966186955756,163
positive,fg_imine_count,rot_bonds,0.19136214103839602,0.014404933441163144,163
positive,fg_BB_SA6_aromatic_monoalkylamine_count,ring_count,0.18935772658458894,0.015482299281846192,163
positive,fg_BB_SA2_primary_aromatic_amine_count,tpsa,0.18841568351555196,0.016012463444549593,163
positive,fg_BB_SA11_aliphatic_azo_count,tpsa,0.18829397569943374,0.01608209862203706,163
positive,fg_ester_count,aromatic_ring_count,-0.1881026319583817,0.016192109231640814,163
positive,fg_BB_SA8_aromatic_diazo_count,fraction_csp3,-0.18776165551525748,0.016389773885355806,163
positive,fg_BB_SA11_aliphatic_azo_count,heteroatom_count,0.18469526889180848,0.01826376299467804,163
positive,fg_BB_SA6_aromatic_monoalkylamine_count,hba,0.18439369458527863,0.018457731118428675,163
positive,fg_heavy_metal_atom_count,logp,-0.1837170050153375,0.01889947872002597,163
positive,fg_ether_count,hbd,-0.18173998226356344,0.020242953293048663,163
positive,fg_fluoro_count,logp,0.181331337430879,0.020530713792227567,163
positive,fg_ether_count,tpsa,0.18040794831807389,0.02119399115789646,163
positive,fg_halogen_any_count,mw,0.17944294799056787,0.021906837908914394,163
positive,fg_bromo_count,tpsa,0.17927488482810372,0.022033076428902423,163
positive,fg_heavy_metal_atom_count,mw,-0.1778141395863464,0.023156947679101987,163
positive,fg_bromo_count,mw,0.17750917231214652,0.023397707241551394,163
positive,fg_BB_SA6b_aromatic_dialkylamine_count,hba,0.17706480560400895,0.023752368698286373,163
positive,bb_n_nongenotox_alerts,heteroatom_count,0.17637434835235358,0.02431260619043244,163
positive,fg_ketone_count,heavy_atom_count,0.17587176188033585,0.024727506682904497,163
positive,bb_any_nongenotox_alert,heteroatom_count,0.17435606763408884,0.026015744469783376,163
positive,fg_phenol_count,rot_bonds,0.17384177211058136,0.0264657272469073,163
positive,fg_amide_count,rot_bonds,0.17317073196325947,0.02706285636990344,163
positive,fg_BB_SA33_polyhalocycloalkane_count,fraction_csp3,0.17287349143139957,0.02733101719052115,163
positive,fg_chloro_count,heteroatom_count,0.172869103068853,0.027334993181741107,163
positive,fg_bromo_count,hba,0.17244966086956484,0.02771730960122033,163
positive,fg_bromo_count,hbd,0.17140639591266255,0.028688094558518593,163
positive,fg_ester_count,hbd,-0.1713565629825925,0.02873518228555631,163
positive,fg_BB_SA18_sulphonate_ester_count,aromatic_ring_count,0.17028897063671258,0.029759912668644056,163
positive,fg_BB_SA33_polyhalocycloalkane_count,rot_bonds,-0.1701134773393429,0.029931304401034992,163
positive,fg_BB_SA11_aliphatic_azo_count,heavy_atom_count,0.16961683370478184,0.030420902697196113,163
positive,fg_BB_SA2_primary_aromatic_amine_count,ring_count,0.16801404481917234,0.03204769933659374,163
positive,fg_bromo_count,ring_count,0.16747296126323474,0.03261330795850459,163
positive,fg_BB_SA6_aromatic_monoalkylamine_count,tpsa,0.16685049178815958,0.03327444562457111,163
positive,fg_amine_tertiary_count,aromatic_ring_count,-0.16606474051026704,0.034125199259020036,163
positive,bb_any_genotox_alert,hbd,0.16545212691838945,0.03480120464339826,163
positive,fg_ester_count,heteroatom_count,0.1651741239509523,0.035111691719054684,163
positive,fg_BB_SA7_aromatic_Nacylamine_count,fraction_csp3,-0.16480255870754157,0.035530328630248034,163
positive,fg_imine_count,heteroatom_count,0.16422089258402822,0.036194150665626264,163
positive,fg_sulfone_count,logp,0.1641013594482757,0.03633185638411283,163
positive,fg_chloro_count,mw,0.16364987788718405,0.03685597378777903,163
positive,fg_BB_SA6_aromatic_monoalkylamine_count,heavy_atom_count,0.16199044708783455,0.03883751855393804,163
positive,fg_BB_SA47_n_alkylcarboxylic_acid_count,mw,0.16171752015850135,0.0391718590943831,163
positive,fg_bromo_count,aromatic_ring_count,0.16164777610465242,0.039257684234102336,163
positive,fg_fluoro_count,heteroatom_count,0.15855631061745132,0.043224000289916166,163
positive,fg_BB_SA11_aliphatic_azo_count,mw,0.15748879060762339,0.04466928766481701,163
positive,fg_alcohol_count,aromatic_ring_count,-0.1565135955080145,0.04602466252971749,163
positive,fg_BB_SA18_sulphonate_ester_count,ring_count,0.15577848205054534,0.0470688940197998,163
positive,bb_n_nongenotox_alerts,logp,0.15503114993854786,0.04815064568631475,163
positive,fg_ester_count,mw,0.15390175388781377,0.04982463372557674,163
positive,fg_epoxide_count,fraction_csp3,0.15366019818579438,0.05018887235478346,163
positive,fg_BB_SA16_epoxide_count,fraction_csp3,0.15366019818579438,0.05018887235478346,163
positive,bb_any_nongenotox_alert,logp,0.15241691788705142,0.05209874382336056,163
positive,fg_alcohol_count,tpsa,0.15232428076683088,0.05224342738419147,163
positive,fg_BB_SA47_n_alkylcarboxylic_acid_count,heavy_atom_count,0.1515827174259519,0.05341366258096026,163
positive,fg_bromo_count,heavy_atom_count,0.1508539341585693,0.05458477733832401,163
positive,fg_BB_SA6_aromatic_monoalkylamine_count,rot_bonds,0.15028846877545088,0.055507997635045624,163
positive,fg_BB_SA34_halobenzene_count,logp,0.14855418423277372,0.058420217930657554,163
positive,fg_heavy_metal_atom_count,aromatic_ring_count,-0.14808569400096847,0.059228126052922096,163
positive,fg_BB_SA34_halobenzene_count,aromatic_ring_count,0.14804637288591188,0.059296350846646854,163
positive,fg_bromo_count,logp,0.1473828243281241,0.06045742921520344,163
positive,fg_alkene_count,hbd,-0.14735844251945396,0.06050044559812706,163
positive,fg_BB_SA34_halobenzene_count,fraction_csp3,-0.14724197695843882,0.06070627052607479,163
positive,fg_guanidine_like_count,ring_count,0.1461594558456645,0.0626469996224256,163
positive,fg_heavy_metal_atom_count,hbd,-0.14569129948022952,0.06350190381330259,163
positive,fg_epoxide_count,hbd,-0.14567865284898104,0.06352512972720417,163
positive,fg_BB_SA16_epoxide_count,hbd,-0.14567865284898104,0.06352512972720417,163
positive,fg_acid_chloride_count,fraction_csp3,-0.14474287042830017,0.0652631095003755,163
positive,fg_BB_SA1_acyl_halides_count,fraction_csp3,-0.14474287042830017,0.0652631095003755,163
positive,fg_BB_SA13_aliphatic_halogen_count,heteroatom_count,0.14402507746331525,0.06662239367532576,163
positive,fg_BB_SA6_aromatic_monoalkylamine_count,mw,0.1436654873604993,0.06731198315587651,163
positive,fg_imine_count,hba,0.14359939598356353,0.06743935809283247,163
positive,fg_BB_SA6_aromatic_monoalkylamine_count,heteroatom_count,0.14356082425489536,0.06751378639884512,163
positive,fg_sulfide_count,logp,0.143310778614295,0.06799790174170695,163
positive,bb_any_alert,hbd,0.14263261241618624,0.06932515501928983,163
positive,fg_ketone_count,mw,0.14154421035303522,0.07149928429634192,163
positive,fg_BB_SA30_heterocyclic_PAH_count,aromatic_ring_count,0.14131332764196133,0.07196752540614101,163
positive,fg_guanidine_like_count,heavy_atom_count,0.1412965477410629,0.07200165260473702,163
positive,fg_fluoro_count,tpsa,-0.13761814484395438,0.07980578344291572,163
positive,fg_BB_SA6b_aromatic_dialkylamine_count,logp,0.13650844327737952,0.082289470655179,163
positive,fg_amine_tertiary_count,hba,0.13621105741212639,0.08296551077064351,163
positive,fg_imine_count,tpsa,0.1356706838142778,0.08420533446637132,163
positive,fg_BB_SA33_polyhalocycloalkane_count,tpsa,-0.13476793432614428,0.0863096840163113,163
positive,fg_BB_SA47_n_alkylcarboxylic_acid_count,heteroatom_count,0.1345072794421455,0.08692504876230162,163
positive,fg_BB_SA20_ab_unsat_carbonyl_count,hba,0.1340239305348449,0.08807544047435932,163
positive,fg_BB_SA47_n_alkylcarboxylic_acid_count,fraction_csp3,0.1339813728530848,0.08817730943463038,163
positive,fg_fluoro_count,hba,-0.13330903728268872,0.08979917859575777,163
positive,fg_imine_count,ring_count,0.13245901939092408,0.09188362348277135,163
positive,fg_alcohol_count,rot_bonds,0.13240444947205549,0.09201874646748172,163
positive,fg_guanidine_like_count,hbd,0.1315422600473781,0.09417471016582171,163
positive,fg_halogen_any_count,ring_count,0.1309850428525284,0.09558928170236357,163
positive,fg_sulfonic_acid_or_sulfonate_count,fraction_csp3,-0.13070136383222397,0.09631588576478398,163
positive,fg_ether_count,aromatic_ring_count,-0.1298415964220134,0.09854482659895089,163
positive,fg_BB_SA33_polyhalocycloalkane_count,heteroatom_count,0.12925492561227866,0.10008904649971348,163
positive,fg_chloro_count,aromatic_ring_count,0.12877466377113198,0.10136735451830191,163
positive,fg_BB_SA47_n_alkylcarboxylic_acid_count,aromatic_ring_count,-0.12783967437681637,0.10389292687462459,163
positive,fg_BB_SA33_polyhalocycloalkane_count,aromatic_ring_count,-0.12783804059076084,0.10389738297408255,163
positive,fg_BB_SA18_sulphonate_ester_count,hbd,0.127512159098346,0.10478922620843412,163
positive,bb_n_nongenotox_alerts,mw,0.12588112817627026,0.10934369045693344,163
positive,fg_BB_SA33_polyhalocycloalkane_count,hbd,-0.1257710299588593,0.10965662712751195,163
positive,fg_guanidine_like_count,logp,0.12416831053557399,0.11429193935447134,163
positive,bb_any_nongenotox_alert,mw,0.12415159788146432,0.11434106749355394,163
positive,fg_azo_count,fraction_csp3,-0.12376509824247235,0.11548181281424617,163
positive,fg_BB_SA5_nitro_aromatic_count,tpsa,0.12281043564727942,0.11833746913961593,163
positive,fg_BB_SA11_aliphatic_azo_count,rot_bonds,0.12150468644975701,0.12233179129131071,163
positive,fg_nitrile_count,aromatic_ring_count,0.12070358106350018,0.12483357155741838,163
positive,fg_BB_SA23_monohaloalkene_count,logp,0.12057575535718934,0.12523639007879186,163
positive,fg_fluoro_count,aromatic_ring_count,0.12030206174604789,0.12610225827839033,163
positive,fg_guanidine_like_count,mw,0.11834546138425407,0.13242738296353354,163
positive,fg_alcohol_count,hba,0.11749517156807315,0.13525084720373992,163
positive,fg_BB_SA20_ab_unsat_carbonyl_count,logp,-0.11699406595452072,0.13693625914905155,163
positive,fg_BB_SA30_heterocyclic_PAH_count,ring_count,0.11645355098646142,0.13877216403670195,163
positive,fg_bromo_count,rot_bonds,0.11610917058744342,0.13995163885807652,163
positive,fg_aldehyde_count,mw,-0.11545278257502112,0.14222085491458364,163
positive,fg_alkene_count,hba,0.11444574023226925,0.1457565908982219,163
positive,fg_BB_SA52_dicarboximide_count,logp,-0.1137011136113415,0.14841356095627084,163
positive,fg_alkene_count,ring_count,-0.11288091291173516,0.1513824295480258,163
positive,fg_BB_SA47_n_alkylcarboxylic_acid_count,logp,0.11277911385152685,0.15175401465040012,163
positive,fg_alkene_count,fraction_csp3,0.11224443321879093,0.15371700249808434,163
positive,fg_sulfide_count,heteroatom_count,0.11213419045111322,0.15412410721665465,163
positive,fg_BB_SA33_polyhalocycloalkane_count,hba,-0.11213348706374349,0.15412670729045724,163
positive,fg_sulfide_count,rot_bonds,0.11198180313815181,0.15468817918341662,163
positive,fg_amide_count,logp,0.11173200157494712,0.15561619496229218,163
positive,fg_BB_SA40_alkyl_halides_nongx_count,fraction_csp3,0.11136490616432038,0.15698754591109773,163
positive,fg_BB_SA13_aliphatic_halogen_count,fraction_csp3,0.11107399864770678,0.15808071342211974,163
positive,fg_sulfone_count,fraction_csp3,-0.11079927182130825,0.159118311582596,163
positive,fg_BB_SA6_aromatic_monoalkylamine_count,logp,0.11039787939564129,0.1606434715789354,163
positive,fg_BB_SA2_primary_aromatic_amine_count,logp,0.10997082972050722,0.16227810801155648,163
positive,fg_fluoro_count,rot_bonds,-0.10973536787742995,0.16318469689748633,163
positive,fg_BB_SA13_aliphatic_halogen_count,rot_bonds,-0.10875803373908008,0.16698815138595544,163
positive,fg_BB_SA40_alkyl_halides_nongx_count,tpsa,-0.10862893158694985,0.16749546790985614,163
positive,fg_acid_chloride_count,logp,0.1077791806107508,0.17086327920168884,163
positive,fg_BB_SA1_acyl_halides_count,logp,0.1077791806107508,0.17086327920168884,163
positive,bb_n_nongenotox_alerts,ring_count,0.10727126376326962,0.17290014883781912,163
positive,fg_BB_SA47_n_alkylcarboxylic_acid_count,hba,0.10641114471229554,0.1763903605081568,163
positive,fg_BB_SA40_alkyl_halides_nongx_count,logp,0.10543369885739991,0.18041950584050717,163
positive,fg_ester_count,ring_count,-0.10517328952687417,0.1815042802158531,163
positive,fg_BB_SA6b_aromatic_dialkylamine_count,heteroatom_count,0.10471095044639958,0.183442023920259,163
positive,fg_carbamate_count,heteroatom_count,0.10438023047311071,0.1848374144774468,163
positive,fg_BB_SA19_alkyl_carbamate_count,heteroatom_count,0.10438023047311071,0.1848374144774468,163
positive,fg_BB_SA52_dicarboximide_count,aromatic_ring_count,-0.10405997837594674,0.18619603836055335,163
positive,fg_BB_SA20_ab_unsat_carbonyl_count,fraction_csp3,0.10400434216812388,0.1864328105785894,163
positive,fg_epoxide_count,rot_bonds,0.10354971210684645,0.18837585319298356,163
positive,fg_BB_SA16_epoxide_count,rot_bonds,0.10354971210684645,0.18837585319298356,163
positive,bb_any_nongenotox_alert,ring_count,0.10331195295263684,0.18939788570453378,163
positive,fg_BB_SA11_aliphatic_azo_count,hbd,0.10309601181109407,0.19032963426077884,163
positive,fg_BB_SA2_primary_aromatic_amine_count,hba,0.10291806853765353,0.19109993820490123,163
positive,fg_BB_SA52_dicarboximide_count,hbd,-0.10237743473976033,0.19345424277221382,163
positive,fg_isocyanate_count,hbd,-0.10237548422897683,0.19346277471711965,163
positive,fg_BB_SA26_isocyanate_count,hbd,-0.10237548422897683,0.19346277471711965,163
positive,fg_carbamate_count,tpsa,0.10193021923376445,0.195417628817832,163
positive,fg_BB_SA19_alkyl_carbamate_count,tpsa,0.10193021923376445,0.195417628817832,163
positive,fg_carboxylic_acid_count,heteroatom_count,0.10168540777436469,0.19649852150206387,163
positive,fg_BB_SA5_nitro_aromatic_count,heteroatom_count,0.100960675685438,0.19972377978173755,163
positive,fg_BB_SA5_nitro_aromatic_count,hba,0.10074267589334814,0.20070139170460358,163
positive,fg_BB_SA20_ab_unsat_carbonyl_count,hbd,-0.1006323397660221,0.20119750647029683,163
positive,fg_carbamate_count,aromatic_ring_count,0.10020590510276353,0.20312325589667615,163
positive,fg_BB_SA19_alkyl_carbamate_count,aromatic_ring_count,0.10020590510276353,0.20312325589667615,163
positive,fg_BB_SA13_aliphatic_halogen_count,hbd,-0.0998344519438911,0.20481151902217645,163
positive,fg_halogen_any_count,hba,-0.09970781012805276,0.20538941312786002,163
positive,fg_sulfide_count,mw,0.09948640676607595,0.20640254342700387,163
positive,fg_ketone_count,aromatic_ring_count,0.09842113746938172,0.21132743158368578,163
positive,fg_BB_SA34_halobenzene_count,heteroatom_count,0.0981639423197138,0.21252899134464995,163
positive,fg_BB_SA2_primary_aromatic_amine_count,heavy_atom_count,0.09739078501439634,0.21617042694634708,163
positive,fg_BB_SA30_heterocyclic_PAH_count,rot_bonds,-0.09658514285824343,0.2200119740592811,163
positive,fg_ether_count,ring_count,0.0958168588433131,0.2237203540662439,163
positive,fg_aldehyde_count,fraction_csp3,-0.09532991621962204,0.22609355166853032,163
positive,fg_BB_SA6b_aromatic_dialkylamine_count,fraction_csp3,0.09524917877809869,0.22648875303395552,163
positive,fg_carboxylic_acid_count,ring_count,-0.09513388296945545,0.22705395999398023,163
positive,fg_urea_count,logp,0.09506636275379884,0.22738542206244194,163
positive,fg_BB_SA20_ab_unsat_carbonyl_count,tpsa,0.0947258781130978,0.2290620940139204,163
positive,fg_nitrile_count,fraction_csp3,-0.09456713156807725,0.22984679299467325,163
positive,fg_BB_SA11_aliphatic_azo_count,ring_count,0.09429606798051499,0.23119106030800027,163
positive,fg_fused_ring_like_count,rot_bonds,0.09243625767362486,0.24056358447601067,163
positive,fg_acid_chloride_count,mw,0.09238023485421339,0.24084996714524232,163
positive,fg_BB_SA1_acyl_halides_count,mw,0.09238023485421339,0.24084996714524232,163
positive,fg_BB_SA47_n_alkylcarboxylic_acid_count,ring_count,0.0921075364487633,0.24224736898584298,163
positive,bb_n_genotox_alerts,fraction_csp3,-0.09193016209420114,0.2431593240071874,163
positive,fg_alcohol_count,ring_count,-0.0917879776159605,0.24389207733295074,163
positive,fg_epoxide_count,hba,0.09098839436402952,0.24804137239991314,163
positive,fg_BB_SA16_epoxide_count,hba,0.09098839436402952,0.24804137239991314,163
positive,fg_BB_SA40_alkyl_halides_nongx_count,hba,-0.09066378125775061,0.24973978049389,163
positive,fg_carbamate_count,hba,0.08969656344822667,0.2548480165051207,163
positive,fg_sulfide_count,hba,0.08969656344822667,0.2548480165051207,163
positive,fg_BB_SA19_alkyl_carbamate_count,hba,0.08969656344822667,0.2548480165051207,163
positive,fg_BB_SA52_dicarboximide_count,fraction_csp3,0.08852043315449762,0.2611559916138655,163
positive,fg_guanidine_like_count,aromatic_ring_count,0.08786026424078885,0.2647431771006234,163
positive,fg_aldehyde_count,heavy_atom_count,-0.08773925810370196,0.2654043236393895,163
positive,fg_carbamate_count,heavy_atom_count,0.08773905656340539,0.26540542574286147,163
positive,fg_BB_SA19_alkyl_carbamate_count,heavy_atom_count,0.08773905656340539,0.26540542574286147,163
positive,fg_BB_SA2_primary_aromatic_amine_count,mw,0.08751588435723454,0.2666277377946084,163
positive,fg_carboxylic_acid_count,rot_bonds,0.08713905663221139,0.26870031650857523,163
positive,fg_BB_SA23_monohaloalkene_count,ring_count,0.08689608435410498,0.2700424774294709,163
positive,fg_halogen_any_count,fraction_csp3,-0.08651642776097797,0.2721487779440972,163
positive,fg_BB_SA23_monohaloalkene_count,heteroatom_count,0.08605736391567725,0.2747104654901189,163
positive,fg_aldehyde_count,heteroatom_count,-0.08572963017202277,0.2765492477171721,163
positive,fg_carbamate_count,logp,0.08527583520850612,0.2791090026276796,163
positive,fg_BB_SA19_alkyl_carbamate_count,logp,0.08527583520850612,0.2791090026276796,163
positive,bb_any_nongenotox_alert,hbd,-0.0852508251669843,0.2792505412296146,163
positive,fg_BB_SA5_nitro_aromatic_count,aromatic_ring_count,0.084093181518954,0.28585489909310396,163
positive,fg_amide_count,fraction_csp3,-0.08329160592253536,0.2904886747675171,163
positive,bb_n_nongenotox_alerts,hbd,-0.08237236211967701,0.29586397452407215,163
positive,fg_bromo_count,fraction_csp3,-0.08170662795636412,0.2997977968746068,163
positive,fg_amine_tertiary_count,ring_count,0.08133200269768652,0.3020265818839616,163
positive,fg_halogen_any_count,tpsa,-0.0797942929975672,0.3112891590905129,163
positive,fg_BB_SA40_alkyl_halides_nongx_count,hbd,-0.07977657384386826,0.3113969628168175,163
positive,fg_carbamate_count,hbd,0.07934251192331426,0.31404542140103514,163
positive,fg_BB_SA19_alkyl_carbamate_count,hbd,0.07934251192331426,0.31404542140103514,163
positive,fg_BB_SA30_heterocyclic_PAH_count,hba,-0.07832250079060095,0.3203266905278025,163
positive,fg_amine_tertiary_count,rot_bonds,0.07742901728236862,0.3258951814848928,163
positive,fg_amine_tertiary_count,hbd,-0.07727456189767257,0.326864082323724,163
positive,fg_BB_SA34_halobenzene_count,mw,0.07708652333266276,0.32804615007993965,163
positive,fg_halogen_any_count,rot_bonds,-0.07685727528996948,0.3294909848370289,163
positive,fg_guanidine_like_count,rot_bonds,0.0764317014185151,0.33218397214953066,163
positive,fg_carbamate_count,mw,0.07579916705986739,0.3362125350649636,163
positive,fg_BB_SA19_alkyl_carbamate_count,mw,0.07579916705986739,0.3362125350649636,163
positive,fg_halogen_any_count,heavy_atom_count,0.07553342369997564,0.3379142854883599,163
positive,fg_BB_SA5_nitro_aromatic_count,logp,0.07373277117187127,0.34958921519639363,163
positive,fg_BB_SA33_polyhalocycloalkane_count,logp,0.07351883101392674,0.350993006256868,163
positive,fg_chloro_count,fraction_csp3,-0.07276223422786327,0.3559858357597553,163
positive,fg_BB_SA23_monohaloalkene_count,mw,0.07275510585935624,0.35603308627199204,163
positive,fg_chloro_count,ring_count,0.07218355286242133,0.3598343782206176,163
positive,fg_BB_SA47_n_alkylcarboxylic_acid_count,tpsa,0.07088657637770936,0.36855355288021185,163
positive,fg_isocyanate_count,hba,0.07055995223449268,0.3707697072135635,163
positive,fg_BB_SA26_isocyanate_count,hba,0.07055995223449268,0.3707697072135635,163
positive,fg_sulfide_count,heavy_atom_count,0.07054694412868405,0.3708581369484334,163
positive,fg_epoxide_count,heavy_atom_count,0.07049272623414579,0.37122685249372256,163
positive,fg_BB_SA16_epoxide_count,heavy_atom_count,0.07049272623414579,0.37122685249372256,163
positive,bb_any_nongenotox_alert,fraction_csp3,0.07034344669603158,0.3722432103734229,163
positive,fg_BB_SA52_dicarboximide_count,rot_bonds,-0.06983811378508392,0.3756963928893805,163
positive,fg_acid_chloride_count,heteroatom_count,0.06978563980202258,0.3760560924992927,163
positive,fg_BB_SA1_acyl_halides_count,heteroatom_count,0.06978563980202258,0.3760560924992927,163
positive,fg_BB_SA52_dicarboximide_count,heteroatom_count,0.06978563980202258,0.3760560924992927,163
positive,bb_n_nongenotox_alerts,aromatic_ring_count,0.06973950837834171,0.37637248890919806,163
positive,bb_n_nongenotox_alerts,fraction_csp3,0.06967520231583392,0.3768138091085721,163
positive,fg_alkene_count,heavy_atom_count,0.0692465847567531,0.37976339962412364,163
positive,fg_carboxylic_acid_count,fraction_csp3,-0.06918155237383034,0.38021215437093814,163
positive,bb_any_nongenotox_alert,aromatic_ring_count,0.06897663515263226,0.38162829175596125,163
positive,fg_epoxide_count,logp,-0.06891762252275373,0.3820367087662673,163
positive,fg_BB_SA16_epoxide_count,logp,-0.06891762252275373,0.3820367087662673,163
positive,fg_BB_SA47_n_alkylcarboxylic_acid_count,rot_bonds,0.06863615212693541,0.3839883720684395,163
positive,fg_amine_tertiary_count,logp,-0.06815529588554002,0.3873364924439473,163
positive,fg_aldehyde_count,hbd,-0.06783751132048188,0.38955881932970693,163
positive,fg_BB_SA52_dicarboximide_count,ring_count,0.06707305694414266,0.394936173079966,163
positive,fg_amine_tertiary_count,heavy_atom_count,0.0663783843048316,0.39986101718882094,163
positive,fg_chloro_count,hba,-0.06625836460499372,0.40071558141615105,163
positive,fg_carbamate_count,rot_bonds,0.06622579755482097,0.4009476526604503,163
positive,fg_BB_SA19_alkyl_carbamate_count,rot_bonds,0.06622579755482097,0.4009476526604503,163
positive,fg_BB_SA47_n_alkylcarboxylic_acid_count,hbd,-0.06619138694566097,0.4011929478824986,163
positive,bb_n_nongenotox_alerts,heavy_atom_count,0.06613961114494422,0.4015621986193433,163
positive,fg_urea_count,hba,-0.06611890168500546,0.40170994933521764,163
positive,fg_nitrile_count,ring_count,0.06505964357015365,0.409310201410656,163
positive,fg_fluoro_count,ring_count,0.06497791271888029,0.40990012651431096,163
positive,fg_imine_count,aromatic_ring_count,0.06462621061631214,0.4124443847704997,163
positive,bb_any_nongenotox_alert,heavy_atom_count,0.06399651570877558,0.4170227742282828,163
positive,fg_BB_SA13_aliphatic_halogen_count,aromatic_ring_count,0.06395020259002625,0.41736067583109315,163
positive,fg_carboxylic_acid_count,logp,-0.06346806016550073,0.42088788265052257,163
positive,fg_BB_SA23_monohaloalkene_count,heavy_atom_count,0.06322091850594345,0.42270259490727113,163
positive,fg_sulfide_count,fraction_csp3,0.061605436587251726,0.43467608727881535,163
positive,fg_BB_SA6b_aromatic_dialkylamine_count,tpsa,0.06129349165896023,0.4370102798720732,163
positive,fg_nitrile_count,logp,0.06068326863722333,0.44159701335184176,163
positive,fg_imine_count,hbd,0.05996458233912539,0.44703386424590874,163
positive,fg_urea_count,heteroatom_count,0.059600149703011585,0.4498051395870556,163
positive,fg_acid_chloride_count,aromatic_ring_count,0.059095790188809255,0.45365633511369763,163
positive,fg_sulfide_count,aromatic_ring_count,0.059095790188809255,0.45365633511369763,163
positive,fg_BB_SA1_acyl_halides_count,aromatic_ring_count,0.059095790188809255,0.45365633511369763,163
positive,fg_isocyanate_count,rot_bonds,0.05888923585972593,0.455238848447327,163
positive,fg_BB_SA26_isocyanate_count,rot_bonds,0.05888923585972593,0.455238848447327,163
positive,fg_BB_SA30_heterocyclic_PAH_count,fraction_csp3,-0.05852570092268641,0.4580315304752566,163
positive,fg_BB_SA23_monohaloalkene_count,rot_bonds,-0.05755629002088403,0.4655249114180373,163
positive,fg_urea_count,heavy_atom_count,0.05729550733142756,0.4675521750629583,163
positive,fg_alkene_count,tpsa,0.0571118868829002,0.46898250055762736,163
positive,fg_aldehyde_count,ring_count,-0.05691992677774099,0.4704803487581114,163
positive,fg_BB_SA30_heterocyclic_PAH_count,tpsa,-0.056279416882859014,0.4754970726432719,163
positive,fg_imine_count,fraction_csp3,0.055723168985204484,0.4798772993828889,163
positive,fg_BB_SA2_primary_aromatic_amine_count,heteroatom_count,0.0554374604221336,0.48213558404696266,163
positive,fg_urea_count,aromatic_ring_count,0.05418926477126498,0.4920682999816549,163
positive,bb_n_alerts,fraction_csp3,-0.054074884001832094,0.4929839109820344,163
positive,fg_BB_SA34_halobenzene_count,hba,-0.053763364735841215,0.4954821818780988,163
positive,fg_aldehyde_count,tpsa,-0.053552236179996465,0.49717915558659753,163
positive,fg_BB_SA23_monohaloalkene_count,fraction_csp3,-0.05347718299638763,0.4977831435979695,163
positive,fg_BB_SA52_dicarboximide_count,hba,0.05321996097928116,0.49985606091621304,163
positive,fg_BB_SA13_aliphatic_halogen_count,mw,0.05259495925830189,0.5049117154481788,163
positive,fg_urea_count,ring_count,0.05191180673139118,0.5104681364345253,163
positive,bb_any_nongenotox_alert,tpsa,-0.051515441463642675,0.513706430869235,163
positive,fg_ketone_count,hba,0.0511782717198583,0.5164694122291814,163
positive,fg_BB_SA33_polyhalocycloalkane_count,ring_count,0.051160924056246046,0.5166117760407656,163
positive,fg_BB_SA52_dicarboximide_count,tpsa,0.05096510961688223,0.5182201256250134,163
positive,bb_n_nongenotox_alerts,tpsa,-0.04894610523784823,0.5349517551033536,163
positive,fg_guanidine_like_count,tpsa,0.048537994548329945,0.5383662879485684,163
positive,fg_BB_SA13_aliphatic_halogen_count,ring_count,0.048222684482234816,0.5410117836830017,163
positive,fg_isocyanate_count,tpsa,0.04743758601340725,0.5476266993709584,163
positive,fg_BB_SA26_isocyanate_count,tpsa,0.04743758601340725,0.5476266993709584,163
positive,fg_amine_tertiary_count,mw,0.047114952175204054,0.5503565185675283,163
positive,fg_BB_SA30_heterocyclic_PAH_count,heavy_atom_count,0.04665458357146406,0.5542631737133759,163
positive,fg_epoxide_count,mw,0.046407669316003874,0.5563639941117539,163
positive,fg_BB_SA16_epoxide_count,mw,0.046407669316003874,0.5563639941117539,163
positive,fg_BB_SA34_halobenzene_count,rot_bonds,-0.0441202608813938,0.5760066829310155,163
positive,fg_alcohol_count,heteroatom_count,0.04400018963189045,0.5770466659542246,163
positive,fg_BB_SA34_halobenzene_count,ring_count,0.04394519998906731,0.5775232447364684,163
positive,bb_any_nongenotox_alert,hba,-0.043827403190707465,0.5785447717274254,163
positive,bb_n_nongenotox_alerts,hba,-0.04310477635739321,0.5848296834170548,163
positive,fg_urea_count,mw,0.04268196967956705,0.5885214860455439,163
positive,fg_BB_SA6_aromatic_monoalkylamine_count,fraction_csp3,-0.04238568282766668,0.5911148986724701,163
positive,fg_fluoro_count,fraction_csp3,-0.04211853927469986,0.5934576712786999,163
positive,fg_nitrile_count,heteroatom_count,-0.04210451569445204,0.5935807703308971,163
positive,fg_carbamate_count,ring_count,0.04184374194680459,0.5958719499161134,163
positive,fg_BB_SA19_alkyl_carbamate_count,ring_count,0.04184374194680459,0.5958719499161134,163
positive,fg_ether_count,logp,-0.04183343001658534,0.5959626334188849,163
positive,fg_BB_SA11_aliphatic_azo_count,fraction_csp3,0.04173494885002078,0.5968289942600757,163
positive,fg_sulfide_count,tpsa,0.0414832287579274,0.5990460082794506,163
positive,fg_BB_SA20_ab_unsat_carbonyl_count,mw,-0.040992806855310746,0.6033759622664856,163
positive,fg_nitrile_count,heavy_atom_count,0.040043359345171184,0.6117980266598563,163
positive,fg_chloro_count,tpsa,-0.03933352128616213,0.618128102271988,163
positive,fg_amine_tertiary_count,heteroatom_count,0.03920502728363173,0.6192769911200058,163
positive,bb_any_alert,fraction_csp3,0.03894322948559905,0.6216206246156462,163
positive,fg_chloro_count,heavy_atom_count,0.0386676176602899,0.624092036639958,163
positive,fg_nitrile_count,tpsa,0.03771525566664147,0.632664036943307,163
positive,fg_BB_SA11_aliphatic_azo_count,aromatic_ring_count,0.037004547910619176,0.6390930488177256,163
positive,fg_BB_SA11_aliphatic_azo_count,logp,0.03691737221189799,0.6398834996149261,163
positive,fg_amine_tertiary_count,tpsa,-0.03640431041489705,0.6445437838741579,163
positive,fg_carboxylic_acid_count,hba,0.036036903562442685,0.6478895803650961,163
positive,fg_carboxylic_acid_count,heavy_atom_count,0.03582335463212508,0.6498375152165863,163
positive,fg_BB_SA5_nitro_aromatic_count,rot_bonds,0.03558277510646833,0.6520348587914683,163
positive,fg_aldehyde_count,logp,-0.034552280759765304,0.6614806302966598,163
positive,fg_aldehyde_count,hba,-0.03403877406097388,0.6662076873282239,163
positive,fg_BB_SA18_sulphonate_ester_count,fraction_csp3,0.03393321572294134,0.6671810360093924,163
positive,fg_BB_SA23_monohaloalkene_count,hbd,0.03371185324117569,0.6692240105668872,163
positive,fg_chloro_count,rot_bonds,-0.03344576518702622,0.6716829741274427,163
positive,fg_ketone_count,hbd,-0.03315095083267699,0.6744114718550865,163
positive,fg_epoxide_count,tpsa,-0.03306339137737125,0.6752226514870466,163
positive,fg_BB_SA16_epoxide_count,tpsa,-0.03306339137737125,0.6752226514870466,163
positive,fg_BB_SA18_sulphonate_ester_count,logp,0.03260734558621912,0.679453636251552,163
positive,fg_fluoro_count,heavy_atom_count,0.03226767903043078,0.6826114288117225,163
positive,fg_guanidine_like_count,fraction_csp3,-0.031842157692963,0.6865751655121097,163
positive,fg_BB_SA30_heterocyclic_PAH_count,hbd,-0.030516373251382893,0.6989792925135121,163
positive,fg_BB_SA30_heterocyclic_PAH_count,mw,0.03045859418046024,0.699521720909845,163
positive,fg_acid_chloride_count,hbd,-0.030073371454804595,0.7031420533691708,163
positive,fg_sulfide_count,hbd,-0.030073371454804595,0.7031420533691708,163
positive,fg_BB_SA1_acyl_halides_count,hbd,-0.030073371454804595,0.7031420533691708,163
positive,fg_BB_SA52_dicarboximide_count,mw,0.029609049632760696,0.7075146337513996,163
positive,fg_fluoro_count,mw,0.028987663018893193,0.7133812757099554,163
positive,fg_BB_SA34_halobenzene_count,heavy_atom_count,0.02890108836895613,0.7141999889360354,163
positive,bb_n_nongenotox_alerts,rot_bonds,-0.02882101193099863,0.7149575405928591,163
positive,fg_urea_count,fraction_csp3,-0.028413002249105444,0.7188217644716992,163
positive,fg_BB_SA23_monohaloalkene_count,hba,0.028028970146675592,0.7224654188208681,163
positive,fg_BB_SA6b_aromatic_dialkylamine_count,hbd,-0.027525495637778688,0.7272517802733035,163
positive,fg_epoxide_count,aromatic_ring_count,0.027118088765721395,0.7311326016217461,163
positive,fg_BB_SA16_epoxide_count,aromatic_ring_count,0.027118088765721395,0.7311326016217461,163
positive,fg_fused_ring_like_count,fraction_csp3,-0.027064857896899053,0.7316401673488486,163
positive,fg_ketone_count,fraction_csp3,0.02656572922597711,0.7364050808825364,163
positive,fg_fluoro_count,hbd,-0.026118220838453436,0.7406857643824352,163
positive,fg_aldehyde_count,aromatic_ring_count,0.026052112833503706,0.7413188051307551,163
positive,fg_BB_SA5_nitro_aromatic_count,heavy_atom_count,0.025395919271171248,0.7476117646189343,163
positive,bb_any_nongenotox_alert,rot_bonds,-0.02514162444461867,0.7500549896107908,163
positive,fg_BB_SA40_alkyl_halides_nongx_count,ring_count,0.02506369336364506,0.7508042380850146,163
positive,fg_BB_SA40_alkyl_halides_nongx_count,aromatic_ring_count,0.024460198224020895,0.7566142224550529,163
positive,fg_guanidine_like_count,heteroatom_count,0.0239377650446522,0.7616548476167434,163
positive,fg_isocyanate_count,heavy_atom_count,0.02366188967227512,0.764320656241437,163
positive,fg_BB_SA26_isocyanate_count,heavy_atom_count,0.02366188967227512,0.764320656241437,163
positive,fg_urea_count,hbd,0.02305920096448062,0.770154086442645,163
positive,fg_guanidine_like_count,hba,-0.023019173179224126,0.770541976424151,163
positive,fg_BB_SA5_nitro_aromatic_count,fraction_csp3,-0.02290688757953537,0.771630385258792,163
positive,fg_urea_count,rot_bonds,0.022682956550010933,0.7738023256372705,163
positive,fg_isocyanate_count,ring_count,-0.02268065788143997,0.7738246298969091,163
positive,fg_BB_SA26_isocyanate_count,ring_count,-0.02268065788143997,0.7738246298969091,163
positive,fg_isocyanate_count,fraction_csp3,-0.02180311692053935,0.7823528714068056,163
positive,fg_BB_SA26_isocyanate_count,fraction_csp3,-0.02180311692053935,0.7823528714068056,163
positive,fg_alkene_count,heteroatom_count,-0.02100920155743456,0.7900908355280158,163
positive,fg_BB_SA34_halobenzene_count,hbd,0.02034003229719244,0.796628946638251,163
positive,fg_BB_SA23_monohaloalkene_count,aromatic_ring_count,-0.020041719413664196,0.7995482020985746,163
positive,fg_BB_SA34_halobenzene_count,tpsa,-0.019768400001597543,0.8022253134844773,163
positive,fg_isocyanate_count,aromatic_ring_count,0.01938033868776257,0.806030246726419,163
positive,fg_BB_SA26_isocyanate_count,aromatic_ring_count,0.01938033868776257,0.806030246726419,163
positive,fg_BB_SA40_alkyl_halides_nongx_count,heavy_atom_count,-0.01926815914296446,0.8071310172326315,163
positive,fg_chloro_count,hbd,-0.0192240825022126,0.8075636263913334,163
positive,fg_acid_chloride_count,heavy_atom_count,0.018970606824520085,0.8100526004893384,163
positive,fg_BB_SA1_acyl_halides_count,heavy_atom_count,0.018970606824520085,0.8100526004893384,163
positive,fg_alcohol_count,heavy_atom_count,0.01851824323252484,0.8144992470887359,163
positive,fg_BB_SA5_nitro_aromatic_count,mw,0.01806317125054287,0.8189784983416224,163
positive,fg_carboxylic_acid_count,mw,0.017981579942405294,0.8197822211693067,163
positive,fg_nitrile_count,hbd,-0.017959252354695074,0.8200021938864467,163
positive,fg_isocyanate_count,logp,0.01740942471080824,0.8254235138862953,163
positive,fg_BB_SA26_isocyanate_count,logp,0.01740942471080824,0.8254235138862953,163
positive,fg_BB_SA40_alkyl_halides_nongx_count,mw,0.01739338067490518,0.8255818338833169,163
positive,fg_carbamate_count,fraction_csp3,0.01734522001000291,0.8260571178534241,163
positive,fg_BB_SA19_alkyl_carbamate_count,fraction_csp3,0.01734522001000291,0.8260571178534241,163
positive,fg_alkene_count,logp,-0.017216118128871402,0.8273314988564345,163
positive,fg_BB_SA23_monohaloalkene_count,tpsa,0.01695356796788594,0.829924551199815,163
positive,fg_BB_SA33_polyhalocycloalkane_count,mw,0.01678151163311905,0.8316248473740805,163
positive,fg_BB_SA30_heterocyclic_PAH_count,logp,0.01611607012043935,0.8382081600085122,163
positive,fg_BB_SA5_nitro_aromatic_count,hbd,-0.015920098691578566,0.8401490968199841,163
positive,fg_BB_SA20_ab_unsat_carbonyl_count,heavy_atom_count,0.015620838390670555,0.8431148803054858,163
positive,fg_BB_SA33_polyhalocycloalkane_count,heavy_atom_count,-0.015125907913056659,0.8480246508466792,163
positive,fg_urea_count,tpsa,-0.014561398364498983,0.8536317838603554,163
positive,fg_acid_chloride_count,hba,-0.013155495972406577,0.8676275483647509,163
positive,fg_BB_SA1_acyl_halides_count,hba,-0.013155495972406577,0.8676275483647509,163
positive,fg_BB_SA40_alkyl_halides_nongx_count,heteroatom_count,0.012762419861036602,0.871548181318909,163
positive,fg_BB_SA13_aliphatic_halogen_count,heavy_atom_count,0.012379947909448704,0.8753660502416021,163
positive,fg_BB_SA30_heterocyclic_PAH_count,heteroatom_count,0.012360725707851076,0.8755580045851448,163
positive,fg_BB_SA5_nitro_aromatic_count,ring_count,-0.010507686037879299,0.894095000640355,163
positive,fg_ketone_count,tpsa,0.009815843693659197,0.9010311587790298,163
positive,fg_nitrile_count,rot_bonds,-0.009374738218580496,0.9054574659636763,163
positive,bb_any_genotox_alert,fraction_csp3,0.009268834039026518,0.9065206082067714,163
positive,fg_alcohol_count,mw,0.008673545877657519,0.9124995730176894,163
positive,fg_BB_SA20_ab_unsat_carbonyl_count,heteroatom_count,-0.008307887508168823,0.9161746343761834,163
positive,fg_acid_chloride_count,ring_count,-0.007384189755318457,0.9254660217489008,163
positive,fg_sulfide_count,ring_count,-0.007384189755318457,0.9254660217489008,163
positive,fg_BB_SA1_acyl_halides_count,ring_count,-0.007384189755318457,0.9254660217489008,163
positive,fg_nitrile_count,mw,0.006926925242483738,0.9300694106705671,163
positive,fg_BB_SA40_alkyl_halides_nongx_count,rot_bonds,0.0067391335949557795,0.9319606335755748,163
positive,fg_nitrile_count,hba,0.005994190018664716,0.9394665010368441,163
positive,fg_ketone_count,rot_bonds,-0.005956295644527517,0.9398484634526021,163
positive,fg_carboxylic_acid_count,aromatic_ring_count,-0.005720596696814512,0.9422245331770753,163
positive,fg_epoxide_count,heteroatom_count,-0.005035130671927241,0.9491375028936266,163
positive,fg_BB_SA16_epoxide_count,heteroatom_count,-0.005035130671927241,0.9491375028936266,163
positive,fg_halogen_any_count,hbd,0.004924118277965079,0.950257440727146,163
positive,fg_ketone_count,heteroatom_count,-0.004071780804698175,0.9588592459200134,163
positive,fg_BB_SA2_primary_aromatic_amine_count,rot_bonds,-0.0033088417000304233,0.9665628976379446,163
positive,fg_acid_chloride_count,tpsa,0.002963087768423385,0.9700551520397448,163
positive,fg_BB_SA1_acyl_halides_count,tpsa,0.002963087768423385,0.9700551520397448,163
positive,fg_alkene_count,mw,0.0029022700193257907,0.9706694965986276,163
positive,fg_isocyanate_count,heteroatom_count,0.002385788384108615,0.9758873440671193,163
positive,fg_BB_SA26_isocyanate_count,heteroatom_count,0.002385788384108615,0.9758873440671193,163
positive,fg_ester_count,logp,-0.0015647293667359642,0.9841842537026382,163
positive,fg_acid_chloride_count,rot_bonds,-0.001204105410087654,0.9878289945973915,163
positive,fg_BB_SA1_acyl_halides_count,rot_bonds,-0.001204105410087654,0.9878289945973915,163
positive,fg_BB_SA52_dicarboximide_count,heavy_atom_count,-0.0011856629265325053,0.9880153958139031,163
positive,fg_isocyanate_count,mw,-0.0006684615135024671,0.993243062546008,163
positive,fg_BB_SA26_isocyanate_count,mw,-0.0006684615135024671,0.993243062546008,163
positive,fg_aldehyde_count,rot_bonds,0.00042838463952719587,0.9956697755131549,163
