group,fg_feature,descriptor,spearman_rho,p_value,n
negative,fg_aromatic_ring_count,ring_count,0.8071630286623394,0.0,1861
negative,fg_aromatic_ring_count,aromatic_ring_count,0.9827715546021291,0.0,1861
negative,fg_heteroaromatic_ring_count,ring_count,0.8161793819129161,0.0,1861
negative,fg_heteroaromatic_ring_count,aromatic_ring_count,0.9964541823643481,0.0,1861
negative,fg_aniline_count,aromatic_ring_count,0.6116188664830043,2.2189435854187327e-191,1861
negative,fg_heteroaromatic_ring_count,fraction_csp3,-0.5973136907226674,2.283096723399872e-180,1861
negative,fg_fused_ring_like_count,ring_count,0.5906186679011395,2.1094802422613973e-175,1861
negative,fg_aromatic_ring_count,fraction_csp3,-0.5892815329121674,2.004572427230694e-174,1861
negative,fg_aromatic_ring_count,heavy_atom_count,0.5564730486458969,8.492883896755964e-152,1861
negative,fg_heteroaromatic_ring_count,heavy_atom_count,0.543291501483271,2.130952401340026e-143,1861
negative,fg_aromatic_ring_count,mw,0.5092442009973599,2.3771054857856678e-123,1861
negative,fg_aniline_count,ring_count,0.5073401705357361,2.6991587728787677e-122,1861
negative,fg_heteroaromatic_ring_count,mw,0.49422271421127256,3.3253889842584067e-115,1861
negative,fg_aniline_count,tpsa,0.47785386403897884,8.858510307215993e-107,1861
negative,fg_aromatic_ring_count,tpsa,0.4580029124696167,3.707588715224768e-97,1861
negative,bb_n_alerts,heteroatom_count,0.45681801866021454,1.329095240732379e-96,1861
negative,fg_heteroaromatic_ring_count,tpsa,0.45314716352439766,6.721668382706577e-95,1861
negative,fg_aromatic_ring_count,hba,0.4483537290625212,1.0502349331180226e-92,1861
negative,fg_aniline_count,hba,0.446440893682893,7.708607390795083e-92,1861
negative,fg_heteroaromatic_ring_count,hba,0.4443212531470572,6.91535992788752e-91,1861
negative,fg_phenol_count,aromatic_ring_count,0.44166045118708464,1.0626609069123667e-89,1861
negative,fg_aniline_count,heteroatom_count,0.4378556279388343,5.068499084910391e-88,1861
negative,fg_BB_SA2c_aromatic_amine_general_count,aromatic_ring_count,0.434780744033614,1.1111923601722481e-86,1861
negative,fg_BB_SA8_aromatic_diazo_count,aromatic_ring_count,0.43321102947268664,5.3088111624400916e-86,1861
negative,fg_BB_SA2c_aromatic_amine_general_count,hbd,0.4304363552731988,8.257551648166593e-85,1861
negative,bb_n_genotox_alerts,heteroatom_count,0.4293722313304326,2.349623617938494e-84,1861
negative,fg_azo_count,aromatic_ring_count,0.427284205021666,1.808875502238292e-83,1861
negative,fg_BB_SA8_aromatic_diazo_count,hba,0.4149760158021087,2.276670471524927e-78,1861
negative,fg_azo_count,hba,0.4138954589815549,6.236663643509881e-78,1861
negative,fg_azo_count,tpsa,0.4127984520909115,1.7283249301182273e-77,1861
negative,bb_n_genotox_alerts,aromatic_ring_count,0.41191728983141224,3.908448851848633e-77,1861
negative,fg_BB_SA8_aromatic_diazo_count,tpsa,0.4109884080929879,9.213520595796437e-77,1861
negative,fg_azo_count,heteroatom_count,0.41042787823155874,1.5438039996664287e-76,1861
negative,fg_BB_SA8_aromatic_diazo_count,heteroatom_count,0.40958145679561475,3.3595535668929055e-76,1861
negative,bb_n_alerts,mw,0.40871945601583054,7.399223373533597e-76,1861
negative,bb_n_alerts,aromatic_ring_count,0.40419343585327033,4.499520478942899e-74,1861
negative,bb_n_alerts,heavy_atom_count,0.4041443393408704,4.7029151558622815e-74,1861
negative,fg_aromatic_ring_count,heteroatom_count,0.4032342182198892,1.0659033004338237e-73,1861
negative,fg_fused_ring_like_count,aromatic_ring_count,0.4025977748490334,1.8860587320964247e-73,1861
negative,fg_aromatic_ring_count,logp,0.401847743794158,3.6891934340878084e-73,1861
negative,fg_heteroaromatic_ring_count,heteroatom_count,0.4013192516317087,5.912800339713304e-73,1861
negative,fg_sulfone_count,tpsa,0.3996638119548593,2.5769044182546203e-72,1861
negative,fg_aniline_count,heavy_atom_count,0.39863802506398577,6.388814484337645e-72,1861
negative,fg_aniline_count,hbd,0.3973283593587962,2.026981421544124e-71,1861
negative,fg_sulfone_count,heteroatom_count,0.39135875970639483,3.6639803871313605e-69,1861
negative,bb_any_alert,heteroatom_count,0.38762593765048636,8.950091352770029e-68,1861
negative,fg_heteroaromatic_ring_count,logp,0.3849963082678101,8.294423134552182e-67,1861
negative,fg_BB_SA8_aromatic_diazo_count,heavy_atom_count,0.38245248959084394,7.01134697496233e-66,1861
negative,fg_BB_SA8_aromatic_diazo_count,mw,0.37995097139512773,5.6157406865308805e-65,1861
negative,fg_sulfonic_acid_or_sulfonate_count,tpsa,0.37968282233556383,7.011327152085492e-65,1861
negative,fg_azo_count,heavy_atom_count,0.379153687534249,1.0857909613232114e-64,1861
negative,fg_ether_count,rot_bonds,0.37853207672033673,1.8131735390433757e-64,1861
negative,fg_aniline_count,mw,0.377507881288696,4.210193626483413e-64,1861
negative,fg_ether_count,hba,0.3764671356779878,9.879433243363566e-64,1861
negative,fg_azo_count,mw,0.37616803590790854,1.2616519753547233e-63,1861
negative,fg_aniline_count,fraction_csp3,-0.3756826058143561,1.875313053903286e-63,1861
negative,fg_sulfonic_acid_or_sulfonate_count,hbd,0.37530905343203164,2.542939730128894e-63,1861
negative,fg_BB_SA8_aromatic_diazo_count,ring_count,0.37463890938834954,4.387086740538381e-63,1861
negative,fg_phenol_count,hbd,0.37415230598025145,6.513286831785739e-63,1861
negative,fg_sulfone_count,aromatic_ring_count,0.3727708840307285,1.992618884273354e-62,1861
negative,fg_azo_count,ring_count,0.3724630141151978,2.5546452017507977e-62,1861
negative,bb_any_genotox_alert,heteroatom_count,0.37087267434260063,9.180574968190508e-62,1861
negative,bb_n_genotox_alerts,ring_count,0.3707886570181918,9.820467784184474e-62,1861
negative,fg_alcohol_count,hbd,0.3689121897612368,4.399699159618508e-61,1861
negative,bb_n_alerts,hba,0.3673601035287491,1.509607197483092e-60,1861
negative,bb_any_alert,heavy_atom_count,0.36541502888880045,7.010127299423887e-60,1861
negative,fg_sulfonic_acid_or_sulfonate_count,heteroatom_count,0.36460025414994296,1.3295368803443921e-59,1861
negative,bb_any_alert,mw,0.36343205531748807,3.317771802679594e-59,1861
negative,bb_n_genotox_alerts,tpsa,0.3621153468646769,9.257658030224325e-59,1861
negative,bb_n_alerts,tpsa,0.3598773654452865,5.238120572794066e-58,1861
negative,fg_BB_SA2c_aromatic_amine_general_count,ring_count,0.35941826733839316,7.461644776328066e-58,1861
negative,bb_n_alerts,ring_count,0.35818146225979697,1.929895429367913e-57,1861
negative,fg_phenol_count,ring_count,0.3561667717128957,8.992609738770827e-57,1861
negative,fg_sulfone_count,hba,0.3556153321892883,1.3676563790077268e-56,1861
negative,bb_n_genotox_alerts,hba,0.3543626753332295,3.5340729352987442e-56,1861
negative,fg_sulfone_count,hbd,0.3529956836961117,9.91024323901907e-56,1861
negative,fg_fused_ring_like_count,heavy_atom_count,0.34203129821158895,3.2253479639714587e-52,1861
negative,fg_heteroaromatic_ring_count,hbd,0.33769101561606785,7.253110969044972e-51,1861
negative,fg_aromatic_ring_count,hbd,0.3368837827042489,1.2870309836226893e-50,1861
negative,fg_ester_count,rot_bonds,0.33600777047293773,2.393505171480977e-50,1861
negative,fg_BB_SA2c_aromatic_amine_general_count,tpsa,0.3296431200685312,2.044391884387108e-48,1861
negative,fg_sulfonic_acid_or_sulfonate_count,hba,0.3280426607871505,6.15300857396722e-48,1861
negative,fg_sulfonic_acid_or_sulfonate_count,aromatic_ring_count,0.32702408944001904,1.2363411371915352e-47,1861
negative,bb_any_genotox_alert,aromatic_ring_count,0.3262971544930189,2.031006603643293e-47,1861
negative,bb_n_genotox_alerts,heavy_atom_count,0.3243614404431774,7.566198399126493e-47,1861
negative,fg_sulfone_count,mw,0.3229630794223402,1.9449081514293475e-46,1861
negative,fg_sulfone_count,ring_count,0.3227054666153483,2.3131236308804637e-46,1861
negative,bb_n_genotox_alerts,mw,0.31416370194351984,6.600610390573661e-44,1861
negative,fg_fused_ring_like_count,mw,0.31262853309177324,1.788238316354533e-43,1861
negative,fg_BB_SA34_halobenzene_count,aromatic_ring_count,0.3124001546276944,2.07299480078499e-43,1861
negative,fg_ether_count,heavy_atom_count,0.3116728269519357,3.31585728128681e-43,1861
negative,bb_any_alert,hba,0.31163616910927006,3.395176022039023e-43,1861
negative,fg_sulfone_count,heavy_atom_count,0.31049703017928115,7.065899849728532e-43,1861
negative,fg_ester_count,hba,0.3049386765979401,2.4114369368038113e-41,1861
negative,fg_BB_SA7_aromatic_Nacylamine_count,aromatic_ring_count,0.30192411455279966,1.5846349839847521e-40,1861
negative,bb_any_alert,aromatic_ring_count,0.30190674755990743,1.6018127853425735e-40,1861
negative,bb_any_genotox_alert,ring_count,0.30187758578506974,1.6310740541858736e-40,1861
negative,fg_sulfonic_acid_or_sulfonate_count,mw,0.2936202757171628,2.526272661576414e-38,1861
negative,fg_BB_SA47_n_alkylcarboxylic_acid_count,rot_bonds,0.2931762062671166,3.2978193777211946e-38,1861
negative,fg_BB_SA2c_aromatic_amine_general_count,fraction_csp3,-0.29229583364561534,5.585821871177974e-38,1861
negative,bb_n_alerts,logp,0.2915816593671904,8.553597743919545e-38,1861
negative,fg_halogen_any_count,heteroatom_count,0.2906374630941049,1.4996855505124369e-37,1861
negative,fg_BB_SA8_aromatic_diazo_count,logp,0.29055950947156806,1.5706931073769932e-37,1861
negative,fg_BB_SA2c_aromatic_amine_general_count,hba,0.29031858414809036,1.8119472113069867e-37,1861
negative,bb_any_alert,tpsa,0.2887145119496022,4.674810673282024e-37,1861
negative,bb_n_nongenotox_alerts,logp,0.288436459932284,5.5060891170703234e-37,1861
negative,fg_ester_count,heavy_atom_count,0.28812444589917996,6.614681500869989e-37,1861
negative,bb_any_nongenotox_alert,logp,0.2867902330906726,1.4455534430840335e-36,1861
negative,fg_azo_count,logp,0.2843430609061796,5.9980182000756416e-36,1861
negative,fg_BB_SA5_nitro_aromatic_count,tpsa,0.28343054148692404,1.0159338539541375e-35,1861
negative,fg_sulfonic_acid_or_sulfonate_count,heavy_atom_count,0.2821173308222155,2.16130646873175e-35,1861
negative,fg_amide_count,tpsa,0.28195142044921945,2.3769015165637025e-35,1861
negative,fg_sulfonic_acid_or_sulfonate_count,ring_count,0.28122333584468484,3.604934573374513e-35,1861
negative,fg_BB_SA8_aromatic_diazo_count,rot_bonds,0.2810253788425954,4.036308527848289e-35,1861
negative,bb_any_genotox_alert,tpsa,0.28025907657938737,6.246336071182999e-35,1861
negative,bb_any_genotox_alert,hba,0.27913819819977576,1.180147797497312e-34,1861
negative,bb_any_alert,logp,0.2777707776232219,2.5544141768013707e-34,1861
negative,fg_phenol_count,fraction_csp3,-0.27718190181404334,3.557342015393724e-34,1861
negative,fg_azo_count,rot_bonds,0.27707178148383915,3.7842838939217658e-34,1861
negative,fg_ether_count,mw,0.2763446123124297,5.688919958673386e-34,1861
negative,fg_BB_SA7_aromatic_Nacylamine_count,heteroatom_count,0.27213824567531647,5.8705009207859136e-33,1861
negative,fg_BB_SA6b_aromatic_dialkylamine_count,aromatic_ring_count,0.2714728833964621,8.460186416713204e-33,1861
negative,bb_any_alert,ring_count,0.2713261640700621,9.168876512291797e-33,1861
negative,fg_BB_SA6b_aromatic_dialkylamine_count,hba,0.2699468209094788,1.9485125159741036e-32,1861
negative,fg_azo_count,hbd,0.26629188928865694,1.4060307930798354e-31,1861
negative,fg_BB_SA7_aromatic_Nacylamine_count,tpsa,0.2655168021991757,2.1295951559492104e-31,1861
negative,fg_alcohol_count,fraction_csp3,0.2647348819542541,3.2328344197295853e-31,1861
negative,fg_ester_count,mw,0.2631022571185315,7.693911878793061e-31,1861
negative,fg_BB_SA8_aromatic_diazo_count,hbd,0.2629406361901928,8.380718170679007e-31,1861
negative,fg_BB_SA5_nitro_aromatic_count,heteroatom_count,0.26271413944132843,9.446645449355682e-31,1861
negative,bb_any_genotox_alert,heavy_atom_count,0.26161644079872426,1.6848256632715586e-30,1861
negative,fg_BB_SA2c_aromatic_amine_general_count,heteroatom_count,0.2604930031163353,3.0373280805615244e-30,1861
negative,fg_BB_SA7_aromatic_Nacylamine_count,heavy_atom_count,0.2589769411480191,6.697331631953059e-30,1861
negative,fg_BB_SA5_nitro_aromatic_count,aromatic_ring_count,0.25748932258115004,1.4476761089946324e-29,1861
negative,fg_amide_count,heteroatom_count,0.2568641572198011,1.9985203476695842e-29,1861
negative,fg_ester_count,hbd,-0.2565329800255565,2.3699385196259233e-29,1861
negative,fg_BB_SA7_aromatic_Nacylamine_count,mw,0.2557670755168802,3.511796117198756e-29,1861
negative,fg_BB_SA5_nitro_aromatic_count,hba,0.2557567598937252,3.5304145051843266e-29,1861
negative,fg_BB_SA7_aromatic_Nacylamine_count,ring_count,0.25462426883074424,6.299434198795186e-29,1861
negative,bb_any_genotox_alert,mw,0.25345539383264787,1.1416765284377536e-28,1861
negative,fg_phenol_count,tpsa,0.2530998288966099,1.3672071817323283e-28,1861
negative,bb_n_nongenotox_alerts,mw,0.2528049506029515,1.587338919180227e-28,1861
negative,fg_phenol_count,heavy_atom_count,0.25119423954457903,3.575409268341895e-28,1861
negative,fg_BB_SA2_primary_aromatic_amine_count,hbd,0.2507547824279377,4.45763613505502e-28,1861
negative,bb_n_genotox_alerts,fraction_csp3,-0.25048878043727874,5.093170053336345e-28,1861
negative,bb_any_nongenotox_alert,mw,0.2502479660279572,5.745549527115609e-28,1861
negative,fg_BB_SA6b_aromatic_dialkylamine_count,heavy_atom_count,0.24781324616896697,1.9292436925561258e-27,1861
negative,bb_n_alerts,rot_bonds,0.24736023659605222,2.4134242209058143e-27,1861
negative,fg_BB_SA47_n_alkylcarboxylic_acid_count,logp,0.24629111585616517,4.086526200274903e-27,1861
negative,fg_BB_SA2_primary_aromatic_amine_count,aromatic_ring_count,0.2459800392846809,4.760986944398765e-27,1861
negative,fg_BB_SA34_halobenzene_count,ring_count,0.245365866159402,6.432901119018576e-27,1861
negative,fg_metal_atom_count,heavy_atom_count,-0.24223369985364873,2.9468910307186815e-26,1861
negative,fg_BB_SA8_aromatic_diazo_count,fraction_csp3,-0.24113956812193185,4.9892356605313407e-26,1861
negative,fg_azo_count,fraction_csp3,-0.24113560873334242,4.9987272166275313e-26,1861
negative,fg_BB_SA6b_aromatic_dialkylamine_count,heteroatom_count,0.24110093517640568,5.082615398028794e-26,1861
negative,fg_BB_SA6b_aromatic_dialkylamine_count,mw,0.24109013277862917,5.1090341575317485e-26,1861
negative,fg_sulfone_count,fraction_csp3,-0.23916705843993924,1.2805368616761179e-25,1861
negative,fg_BB_SA7_aromatic_Nacylamine_count,hba,0.23773114270443158,2.529630507612096e-25,1861
negative,fg_fused_ring_like_count,hba,0.23754788613748176,2.758352160408938e-25,1861
negative,fg_amide_count,heavy_atom_count,0.23593218706756028,5.89804450420566e-25,1861
negative,fg_BB_SA2c_aromatic_amine_general_count,heavy_atom_count,0.23462994727220854,1.083752685122227e-24,1861
negative,bb_any_alert,rot_bonds,0.23429402816394845,1.2671470919939775e-24,1861
negative,fg_carboxylic_acid_count,hbd,0.233058522715677,2.247153268429386e-24,1861
negative,fg_BB_SA2_primary_aromatic_amine_count,fraction_csp3,-0.23245023763771056,2.9757693275327616e-24,1861
negative,fg_BB_SA7_aromatic_Nacylamine_count,hbd,0.2312114711784285,5.2590105622623805e-24,1861
negative,fg_BB_SA6b_aromatic_dialkylamine_count,ring_count,0.23020644680907928,8.326897050780638e-24,1861
negative,fg_amide_count,ring_count,0.22931389134102897,1.2500628533333176e-23,1861
negative,fg_phenol_count,mw,0.22869479739873047,1.6553150428225276e-23,1861
negative,fg_metal_atom_count,ring_count,-0.22863645033472793,1.699633535711315e-23,1861
negative,fg_fluoro_count,heteroatom_count,0.22849254673915054,1.8140195376620407e-23,1861
negative,fg_BB_SA47_n_alkylcarboxylic_acid_count,heavy_atom_count,0.22759942876044176,2.7149707778619765e-23,1861
negative,fg_BB_SA34_halobenzene_count,fraction_csp3,-0.22558116328177782,6.710546727263464e-23,1861
negative,fg_BB_SA6b_aromatic_dialkylamine_count,tpsa,0.22536844909463186,7.378285000655858e-23,1861
negative,fg_sulfonic_acid_or_sulfonate_count,fraction_csp3,-0.2217152761300629,3.705991844030177e-22,1861
negative,fg_amide_count,mw,0.22069647994960206,5.783253668026818e-22,1861
negative,fg_phenol_count,hba,0.22038178637084055,6.632475599811426e-22,1861
negative,fg_amide_count,aromatic_ring_count,0.2201307674012589,7.397303600467907e-22,1861
negative,fg_BB_SA47_n_alkylcarboxylic_acid_count,mw,0.21985739683212732,8.329621807998248e-22,1861
negative,fg_BB_SA6b_aromatic_dialkylamine_count,rot_bonds,0.21943661810267887,9.996314419205246e-22,1861
negative,fg_aniline_count,logp,0.21831747016481434,1.6208031742021596e-21,1861
negative,fg_alcohol_count,logp,-0.21755269178589287,2.2516178151055297e-21,1861
negative,fg_BB_SA34_halobenzene_count,heteroatom_count,0.216230893391252,3.962486138876206e-21,1861
negative,fg_BB_SA2c_aromatic_amine_general_count,mw,0.21537663928247422,5.69844010610714e-21,1861
negative,fg_ketone_count,ring_count,0.21422383684119414,9.281630714052068e-21,1861
negative,fg_fused_ring_like_count,tpsa,0.21330488047636814,1.3665968511410923e-20,1861
negative,fg_amide_count,hba,0.21230603627419722,2.0767486649260767e-20,1861
negative,fg_aniline_count,rot_bonds,0.21179993090749996,2.565208812343558e-20,1861
negative,fg_metal_atom_count,hba,-0.21134305715964583,3.1026740475137443e-20,1861
negative,fg_metal_atom_count,tpsa,-0.20950171153538766,6.649048241576451e-20,1861
negative,fg_fused_ring_like_count,logp,0.2093899225034951,6.962358141766927e-20,1861
negative,fg_BB_SA34_halobenzene_count,logp,0.2083404396643487,1.0713527823669839e-19,1861
negative,bb_n_nongenotox_alerts,heavy_atom_count,0.2081613784814566,1.1528370966348718e-19,1861
negative,fg_phenol_count,logp,0.20708815009836418,1.7863484641740387e-19,1861
negative,bb_n_alerts,fraction_csp3,-0.20671891319154911,2.0756793039630202e-19,1861
negative,bb_any_nongenotox_alert,heavy_atom_count,0.2055661902047177,3.3104935849565805e-19,1861
negative,fg_metal_atom_count,fraction_csp3,-0.20502416164622578,4.119112976708512e-19,1861
negative,bb_n_genotox_alerts,hbd,0.20380654798879266,6.714911575248751e-19,1861
negative,fg_ester_count,logp,0.20362580902938063,7.218210978107448e-19,1861
negative,fg_amide_count,hbd,0.20354986687585616,7.440630923432519e-19,1861
negative,fg_BB_SA47_n_alkylcarboxylic_acid_count,fraction_csp3,0.203536701078197,7.479873111390872e-19,1861
negative,fg_fused_ring_like_count,heteroatom_count,0.20338912449632066,7.933965229563572e-19,1861
negative,fg_sulfone_count,rot_bonds,0.2023589810299136,1.1956723610878408e-18,1861
negative,fg_BB_SA34_halobenzene_count,mw,0.20055018872119126,2.4437131057007436e-18,1861
negative,fg_sulfonic_acid_or_sulfonate_count,rot_bonds,0.19916578308592575,4.203959761118876e-18,1861
negative,fg_fused_ring_like_count,fraction_csp3,-0.19855602282968635,5.331932695443099e-18,1861
negative,bb_any_genotox_alert,fraction_csp3,-0.19610373634104886,1.376124769419959e-17,1861
negative,fg_ether_count,tpsa,0.19489847299530902,2.1830392667707088e-17,1861
negative,fg_ether_count,hbd,-0.19231395815745067,5.813242557252154e-17,1861
negative,fg_chloro_count,fraction_csp3,-0.19174313817252123,7.203764219293761e-17,1861
negative,fg_BB_SA5_nitro_aromatic_count,fraction_csp3,-0.18869951464137016,2.2350755238642e-16,1861
negative,fg_heavy_metal_atom_count,ring_count,-0.18856456760160603,2.3491125525773474e-16,1861
negative,fg_ester_count,tpsa,0.18822204013008723,2.664935198473985e-16,1861
negative,fg_chloro_count,heteroatom_count,0.18703348719736054,4.1207218338600963e-16,1861
negative,fg_metal_atom_count,aromatic_ring_count,-0.18661533164622113,4.800320739457601e-16,1861
negative,fg_metal_atom_count,hbd,-0.1860128682728996,5.977455080668773e-16,1861
negative,fg_BB_SA7_aromatic_Nacylamine_count,logp,0.18551886903379147,7.151138672490575e-16,1861
negative,fg_ether_count,heteroatom_count,0.1852397495940869,7.911732853236671e-16,1861
negative,fg_ether_count,fraction_csp3,0.18339784643111207,1.5353866479134206e-15,1861
negative,fg_BB_SA2_primary_aromatic_amine_count,ring_count,0.1830651610384239,1.7294481712832855e-15,1861
negative,fg_BB_SA5_nitro_aromatic_count,ring_count,0.1827106134280366,1.9628482482002867e-15,1861
negative,fg_BB_SA28_alkenylbenzene_count,aromatic_ring_count,0.18179096547673562,2.7225702338101863e-15,1861
negative,fg_chloro_count,aromatic_ring_count,0.17920532955400267,6.768519221436867e-15,1861
negative,fg_fused_ring_like_count,hbd,0.17890395782798363,7.519887724529343e-15,1861
negative,fg_metal_atom_count,rot_bonds,-0.17854104162711015,8.534136188830642e-15,1861
negative,fg_aromatic_ring_count,rot_bonds,0.17768473746948737,1.1490871493200517e-14,1861
negative,fg_urea_count,hbd,0.17714178789158133,1.3865544290208615e-14,1861
negative,fg_alkene_count,hbd,-0.17623499448524949,1.8950351809538768e-14,1861
negative,bb_n_nongenotox_alerts,heteroatom_count,0.17566572294499305,2.3037119445055166e-14,1861
negative,fg_BB_SA47_n_alkylcarboxylic_acid_count,aromatic_ring_count,-0.1743112580186704,3.656628968434113e-14,1861
negative,bb_any_nongenotox_alert,heteroatom_count,0.17358642531008386,4.675215642105776e-14,1861
negative,fg_carboxylic_acid_count,tpsa,0.17274725900519078,6.205613087992633e-14,1861
negative,fg_BB_SA5_nitro_aromatic_count,heavy_atom_count,0.172623490962046,6.469511749113857e-14,1861
negative,fg_BB_SA34_halobenzene_count,heavy_atom_count,0.1723973434748286,6.980476789293594e-14,1861
negative,bb_n_genotox_alerts,rot_bonds,0.17150767635772596,9.40436147933268e-14,1861
negative,fg_BB_SA7_aromatic_Nacylamine_count,fraction_csp3,-0.17075787992617608,1.207504188648055e-13,1861
negative,bb_n_genotox_alerts,logp,0.17001886137616345,1.543156358371949e-13,1861
negative,fg_BB_SA2_primary_aromatic_amine_count,tpsa,0.16962428605960675,1.7582862060055157e-13,1861
negative,fg_BB_SA6_aromatic_monoalkylamine_count,hbd,0.16914073289224787,2.0623699760707728e-13,1861
negative,fg_amine_primary_count,fraction_csp3,0.16860513327727902,2.459595237905543e-13,1861
negative,fg_phenol_count,heteroatom_count,0.16828425710995548,2.7325859246192326e-13,1861
negative,fg_BB_SA11_aliphatic_azo_count,heteroatom_count,0.16782861571591884,3.171967944067369e-13,1861
negative,fg_BB_SA11_aliphatic_azo_count,tpsa,0.1677396253130873,3.2655398312065753e-13,1861
negative,fg_BB_SA11_aliphatic_azo_count,aromatic_ring_count,0.1674279449234556,3.615122586982373e-13,1861
negative,fg_BB_SA11_aliphatic_azo_count,hba,0.16587200369563146,5.989063719791952e-13,1861
negative,fg_BB_SA5_nitro_aromatic_count,mw,0.1656065146554479,6.524665029393469e-13,1861
negative,fg_BB_SA7_aromatic_Nacylamine_count,rot_bonds,0.16536200469762022,7.059341786904912e-13,1861
negative,fg_BB_SA28_alkenylbenzene_count,ring_count,0.1650880324735,7.709577865358355e-13,1861
negative,fg_amine_tertiary_count,fraction_csp3,0.16451007781243915,9.279888309472908e-13,1861
negative,fg_heavy_metal_atom_count,heavy_atom_count,-0.16450799065403707,9.286091951644166e-13,1861
negative,fg_alkene_count,aromatic_ring_count,-0.16275348939789264,1.6236000820678117e-12,1861
negative,fg_BB_SA6b_aromatic_dialkylamine_count,logp,0.1613787197959971,2.504718389168847e-12,1861
negative,fg_heavy_metal_atom_count,tpsa,-0.16135366761007713,2.524496866040277e-12,1861
negative,fg_halogen_any_count,logp,0.1611796552142992,2.66616497754668e-12,1861
negative,fg_BB_SA11_aliphatic_azo_count,ring_count,0.1606733572023143,3.1241441318834376e-12,1861
negative,fg_BB_SA13_aliphatic_halogen_count,hba,-0.16036946600706561,3.435161658517163e-12,1861
negative,fg_BB_SA13_aliphatic_halogen_count,heteroatom_count,0.16033467982733926,3.4726427285524774e-12,1861
negative,fg_BB_SA18_sulphonate_ester_count,heteroatom_count,0.15979475405632376,4.1084472006118135e-12,1861
negative,fg_BB_SA18_sulphonate_ester_count,hba,0.15950815869890975,4.4909099240377844e-12,1861
negative,fg_BB_SA13_aliphatic_halogen_count,tpsa,-0.15860584409404052,5.937194899192516e-12,1861
negative,fg_heavy_metal_atom_count,aromatic_ring_count,-0.15749512041944339,8.35365372708754e-12,1861
negative,fg_amine_secondary_count,fraction_csp3,0.15735734096399906,8.71361144322387e-12,1861
negative,fg_amine_primary_count,hbd,0.15735437357395504,8.72152863452345e-12,1861
negative,fg_BB_SA11_aliphatic_azo_count,heavy_atom_count,0.15553549485963714,1.516843521895934e-11,1861
negative,fg_chloro_count,logp,0.15547695357740388,1.5439370784080653e-11,1861
negative,fg_BB_SA18_sulphonate_ester_count,tpsa,0.15536705574816678,1.5960838239278272e-11,1861
negative,fg_heavy_metal_atom_count,hba,-0.15484848364925713,1.8663319870842595e-11,1861
negative,fg_heteroaromatic_ring_count,rot_bonds,0.1547105065695516,1.9454737656914717e-11,1861
negative,fg_halogen_any_count,fraction_csp3,-0.15415381482865664,2.2994922088557682e-11,1861
negative,fg_BB_SA11_aliphatic_azo_count,mw,0.15392365113939036,2.463621472651336e-11,1861
negative,fg_heavy_metal_atom_count,hbd,-0.15184748751828603,4.5669563416318085e-11,1861
negative,bb_n_alerts,hbd,0.1517494828647009,4.700994156333028e-11,1861
negative,bb_n_nongenotox_alerts,rot_bonds,0.14834844085520946,1.2679819836645282e-10,1861
negative,bb_any_nongenotox_alert,rot_bonds,0.14703470559372164,1.849045221101675e-10,1861
negative,fg_BB_SA6_aromatic_monoalkylamine_count,aromatic_ring_count,0.14687945372764127,1.9329139663095323e-10,1861
negative,fg_amine_primary_count,logp,-0.1465644112039939,2.1146729214201725e-10,1861
negative,bb_any_alert,fraction_csp3,-0.14584920152092898,2.591432561603706e-10,1861
negative,fg_amide_count,rot_bonds,0.14421985102689558,4.102825501248105e-10,1861
negative,fg_BB_SA13_aliphatic_halogen_count,fraction_csp3,0.1439228734389564,4.4587435086671765e-10,1861
negative,fg_ketone_count,heavy_atom_count,0.14233434143137014,6.937609051076026e-10,1861
negative,fg_ester_count,heteroatom_count,0.14190024249966704,7.821828894014832e-10,1861
negative,fg_urea_count,tpsa,0.14134236075041684,9.120747982374511e-10,1861
negative,fg_BB_SA40_alkyl_halides_nongx_count,tpsa,-0.14096553759897817,1.011464095962336e-09,1861
negative,fg_sulfonamide_count,heteroatom_count,0.1400142365214164,1.3116651448805953e-09,1861
negative,fg_BB_SA6_aromatic_monoalkylamine_count,hba,0.1382138024153369,2.134874260083107e-09,1861
negative,fg_sulfonamide_count,tpsa,0.13657931219077774,3.3042866085790666e-09,1861
negative,fg_BB_SA18_sulphonate_ester_count,ring_count,0.136145490874812,3.707271606698763e-09,1861
negative,fg_BB_SA18_sulphonate_ester_count,mw,0.13602324710550884,3.829205623757303e-09,1861
negative,fg_urea_count,heteroatom_count,0.13599095250545487,3.8620642673633994e-09,1861
negative,bb_any_genotox_alert,logp,0.13539790948070865,4.516568007732445e-09,1861
negative,fg_halogen_any_count,mw,0.13404946770854997,6.4314659347405545e-09,1861
negative,fg_BB_SA20_ab_unsat_carbonyl_count,aromatic_ring_count,-0.13388808191050133,6.707800773041867e-09,1861
negative,fg_BB_SA20_ab_unsat_carbonyl_count,hbd,-0.13351662295134945,7.388394050602895e-09,1861
negative,fg_BB_SA13_aliphatic_halogen_count,hbd,-0.13237290215421904,9.932426047754997e-09,1861
negative,fg_BB_SA40_alkyl_halides_nongx_count,hba,-0.13210083252524343,1.0652816047447117e-08,1861
negative,fg_alcohol_count,aromatic_ring_count,-0.13184155590222948,1.1386401545518297e-08,1861
negative,fg_BB_SA18_sulphonate_ester_count,hbd,0.13182852419161428,1.1424539372580419e-08,1861
negative,fg_BB_SA28_alkenylbenzene_count,heavy_atom_count,0.13164445052437088,1.1976670747856139e-08,1861
negative,fg_amine_secondary_count,hbd,0.13161842694975318,1.205678961494211e-08,1861
negative,fg_metal_atom_count,logp,-0.13153336540608113,1.2322315702862023e-08,1861
negative,fg_BB_SA6_aromatic_monoalkylamine_count,tpsa,0.1315118732579665,1.2390298375274853e-08,1861
negative,fg_BB_SA18_sulphonate_ester_count,heavy_atom_count,0.13146381177289143,1.2543643800404394e-08,1861
negative,fg_aldehyde_count,heteroatom_count,-0.13130682093105492,1.3057487531700238e-08,1861
negative,fg_BB_SA34_halobenzene_count,tpsa,0.12981007626546798,1.9101501774933682e-08,1861
negative,fg_sulfonamide_count,aromatic_ring_count,0.12916474797945618,2.247633579861612e-08,1861
negative,fg_organometal_like_count,rot_bonds,0.1281150434761887,2.9236391258210622e-08,1861
negative,fg_BB_SA40_alkyl_halides_nongx_count,fraction_csp3,0.127955791029392,3.042071684389322e-08,1861
negative,fg_halogen_any_count,rot_bonds,-0.12793111887256783,3.060831017525069e-08,1861
negative,fg_amide_count,fraction_csp3,-0.12643641889368298,4.432533176903755e-08,1861
negative,fg_BB_SA18_sulphonate_ester_count,aromatic_ring_count,0.1260828319061779,4.8353113647575617e-08,1861
negative,bb_any_genotox_alert,rot_bonds,0.1255047342637078,5.5713276687212275e-08,1861
negative,fg_organometal_like_count,logp,0.12371180650797128,8.610995263055138e-08,1861
negative,fg_halogen_any_count,aromatic_ring_count,0.1225037982018533,1.1507171560486089e-07,1861
negative,fg_carboxylic_acid_count,logp,-0.12177085460101253,1.3701946996818918e-07,1861
negative,fg_amine_tertiary_count,rot_bonds,0.12070753342255257,1.7619212016121012e-07,1861
negative,fg_ketone_count,aromatic_ring_count,0.12042562409540004,1.88271053860021e-07,1861
negative,bb_any_genotox_alert,hbd,0.12041868465254722,1.8857824864766975e-07,1861
negative,fg_imine_count,tpsa,0.12036953919805606,1.907677131302243e-07,1861
negative,fg_heavy_metal_atom_count,fraction_csp3,-0.12005402280082997,2.0542026381776843e-07,1861
negative,fg_BB_SA40_alkyl_halides_nongx_count,hbd,-0.11981374344927054,2.1730185429657413e-07,1861
negative,fg_ketone_count,mw,0.11975732906088085,2.201862078106969e-07,1861
negative,fg_BB_SA22_simple_aldehyde_count,heteroatom_count,-0.11953090214926325,2.3213933658629814e-07,1861
negative,fg_alcohol_count,tpsa,0.11875777747596288,2.778587459946164e-07,1861
negative,fg_BB_SA6_aromatic_monoalkylamine_count,ring_count,0.11855448159912893,2.9125484232156563e-07,1861
negative,fg_BB_SA28_alkenylbenzene_count,mw,0.11845237328737088,2.9821622504335575e-07,1861
negative,fg_sulfonic_acid_or_sulfonate_count,logp,0.11801605208431362,3.298143264087729e-07,1861
negative,fg_sulfonamide_count,hba,0.11793952575792287,3.3567944093401437e-07,1861
negative,fg_BB_SA34_halobenzene_count,hba,0.11708188443888858,4.0868725506758903e-07,1861
negative,fg_organometal_like_count,fraction_csp3,0.11681728239516456,4.3414853486122867e-07,1861
negative,fg_organometal_like_count,mw,0.116672993514223,4.486700232686128e-07,1861
negative,fg_metal_atom_count,mw,-0.11636851348821683,4.808654629107326e-07,1861
negative,fg_alkene_count,heteroatom_count,-0.11516821913043847,6.308586040171756e-07,1861
negative,fg_amine_primary_count,ring_count,-0.11508084568903904,6.433824312051393e-07,1861
negative,fg_ether_count,logp,0.11488063017175155,6.729900252551725e-07,1861
negative,fg_alkene_count,rot_bonds,0.11471438717135089,6.98566636737386e-07,1861
negative,fg_epoxide_count,ring_count,0.11463273014181105,7.114698724182485e-07,1861
negative,fg_BB_SA16_epoxide_count,ring_count,0.11463273014181105,7.114698724182485e-07,1861
negative,fg_BB_SA5_nitro_aromatic_count,rot_bonds,0.11447657927915515,7.367862076250512e-07,1861
negative,fg_aldehyde_count,mw,-0.11435789752613314,7.566055113472453e-07,1861
negative,fg_amine_primary_count,mw,-0.11432625289719872,7.61976068026554e-07,1861
negative,fg_organophosphate_like_count,heteroatom_count,0.11424860254901338,7.753104093200777e-07,1861
negative,fg_chloro_count,mw,0.11377575242194138,8.614889772989536e-07,1861
negative,fg_BB_SA11_aliphatic_azo_count,hbd,0.11277798350959946,1.0745897739911305e-06,1861
negative,fg_chloro_count,ring_count,0.11239739125949746,1.1685458431949176e-06,1861
negative,fg_BB_SA6_aromatic_monoalkylamine_count,heteroatom_count,0.11228670670469312,1.1973207568102542e-06,1861
negative,fg_sulfone_count,logp,0.11205253272861748,1.2604612704273257e-06,1861
negative,fg_thiol_count,ring_count,-0.11203972901961182,1.2640042634860667e-06,1861
negative,fg_BB_SA47_n_alkylcarboxylic_acid_count,ring_count,-0.11194746428310114,1.2898199119415733e-06,1861
negative,fg_BB_SA5_nitro_aromatic_count,logp,0.11180732936692322,1.330001316695936e-06,1861
negative,fg_imine_count,heteroatom_count,0.11169795509184313,1.3621957280635152e-06,1861
negative,fg_ester_count,fraction_csp3,0.11130466651064208,1.4842623299593762e-06,1861
negative,fg_BB_SA40_alkyl_halides_nongx_count,heavy_atom_count,-0.11075269585203609,1.6734338806541727e-06,1861
negative,fg_BB_SA22_simple_aldehyde_count,mw,-0.11024967115660747,1.8658294648719172e-06,1861
negative,fg_fluoro_count,hba,-0.11012822195768626,1.9153689630631633e-06,1861
negative,fg_sulfonamide_count,ring_count,0.10972844023599676,2.0875173200991304e-06,1861
negative,fg_hydrazine_like_count,tpsa,0.10960472899218855,2.1437311171220177e-06,1861
negative,fg_fluoro_count,rot_bonds,-0.10890793883604286,2.488504483712926e-06,1861
negative,fg_sulfonamide_count,hbd,0.10884935986848632,2.5197972536584644e-06,1861
negative,fg_BB_SA2_primary_aromatic_amine_count,hba,0.10833522534846127,2.8111228354677883e-06,1861
negative,fg_BB_SA11_aliphatic_azo_count,rot_bonds,0.10745940968694642,3.3832035085552624e-06,1861
negative,fg_BB_SA28_alkenylbenzene_count,fraction_csp3,-0.10697636419822894,3.7448449785081876e-06,1861
negative,fg_ketone_count,logp,0.10656480171687531,4.0819185403803125e-06,1861
negative,fg_BB_SA18_sulphonate_ester_count,rot_bonds,0.10641826282036797,4.20880420726281e-06,1861
negative,fg_phosphate_like_count,heteroatom_count,0.10611774888784738,4.480928980043556e-06,1861
negative,fg_thiol_count,tpsa,-0.10590649541402464,4.6822221952936985e-06,1861
negative,fg_amine_primary_count,aromatic_ring_count,-0.10564018622884853,4.948326884966436e-06,1861
negative,fg_bromo_count,mw,0.10563576372336908,4.952865851098679e-06,1861
negative,fg_alcohol_count,rot_bonds,0.10522039150710777,5.397403038122898e-06,1861
negative,fg_BB_SA47_n_alkylcarboxylic_acid_count,hba,0.10493524752792714,5.724395415660528e-06,1861
negative,fg_epoxide_count,hbd,-0.10487677819089097,5.793747448628341e-06,1861
negative,fg_BB_SA16_epoxide_count,hbd,-0.10487677819089097,5.793747448628341e-06,1861
negative,fg_organophosphate_like_count,tpsa,0.10439780375596004,6.392919397463829e-06,1861
negative,fg_hydrazine_like_count,heteroatom_count,0.10425699071775049,6.580049539695748e-06,1861
negative,fg_alkene_count,logp,0.10397575351850723,6.969582899406705e-06,1861
negative,fg_BB_SA13_aliphatic_halogen_count,rot_bonds,-0.10352433114346803,7.641285623200698e-06,1861
negative,fg_sulfonamide_count,fraction_csp3,-0.10248309681154144,9.434367140870377e-06,1861
negative,fg_heavy_metal_atom_count,rot_bonds,-0.10185851784831294,1.0695709630215062e-05,1861
negative,fg_nitrile_count,tpsa,0.1014691748828714,1.1561740845724973e-05,1861
negative,fg_imine_count,ring_count,0.10146224994673302,1.1577733511261726e-05,1861
negative,fg_fluoro_count,tpsa,-0.1009227354851184,1.2890680366535602e-05,1861
negative,fg_BB_SA22_simple_aldehyde_count,ring_count,-0.10065708794320528,1.3588174492714197e-05,1861
negative,fg_amine_primary_count,heavy_atom_count,-0.10062771452247095,1.3667470454940268e-05,1861
negative,fg_halogen_any_count,hba,-0.09987351789326991,1.58612161471558e-05,1861
negative,fg_nitrile_count,fraction_csp3,-0.09986038419082709,1.590223826133696e-05,1861
negative,fg_halogen_any_count,hbd,-0.0986505073853165,2.014678003190527e-05,1861
negative,fg_sulfonamide_count,mw,0.09839078397997134,2.1188986154212294e-05,1861
negative,fg_BB_SA28_alkenylbenzene_count,logp,0.09828924497120689,2.1610218160857233e-05,1861
negative,fg_imine_count,hba,0.09732279913739081,2.6038567365866227e-05,1861
negative,fg_BB_SA11_aliphatic_azo_count,logp,0.09711620106568636,2.7091128428753504e-05,1861
negative,fg_BB_SA2c_aromatic_amine_general_count,rot_bonds,0.09704519354681519,2.7462136084643207e-05,1861
negative,fg_aldehyde_count,heavy_atom_count,-0.09663438062694582,2.9705149221048273e-05,1861
negative,fg_amine_tertiary_count,hba,0.09560819126828746,3.6092698911894565e-05,1861
negative,fg_imine_count,heavy_atom_count,0.09552598097456345,3.665723256863943e-05,1861
negative,fg_BB_SA2_primary_aromatic_amine_count,heteroatom_count,0.09488579074424698,4.134895539918289e-05,1861
negative,fg_BB_SA22_simple_aldehyde_count,heavy_atom_count,-0.09458413989857462,4.375194466656211e-05,1861
negative,fg_organometal_like_count,ring_count,-0.0941489904081239,4.7452636323150935e-05,1861
negative,fg_amine_secondary_count,aromatic_ring_count,-0.09410282126674267,4.78622295540148e-05,1861
negative,fg_thiol_count,fraction_csp3,0.09337891958522261,5.473896188795701e-05,1861
negative,fg_nitrile_count,aromatic_ring_count,0.09317661019069937,5.682200420995239e-05,1861
negative,fg_BB_SA47_n_alkylcarboxylic_acid_count,hbd,-0.09288043338010495,6.0007270639666836e-05,1861
negative,fg_organometal_like_count,hbd,-0.09275259618523393,6.143367105458028e-05,1861
negative,fg_alcohol_count,hba,0.09265368793270413,6.255923023212294e-05,1861
negative,fg_aldehyde_count,hbd,-0.09220783468864735,6.787950056379277e-05,1861
negative,fg_sulfonamide_count,heavy_atom_count,0.09158364939252057,7.605016655707334e-05,1861
negative,bb_any_nongenotox_alert,hbd,-0.09143603232467128,7.811401621559249e-05,1861
negative,bb_n_nongenotox_alerts,hbd,-0.09134646922088464,7.939187823295881e-05,1861
negative,fg_BB_SA6_aromatic_monoalkylamine_count,heavy_atom_count,0.0907456609991159,8.848831446372726e-05,1861
negative,fg_ammonium_quaternary_count,rot_bonds,0.09034968673495893,9.501210251472774e-05,1861
negative,fg_BB_SA47_n_alkylcarboxylic_acid_count,tpsa,0.09011364915440614,9.911405545614186e-05,1861
negative,fg_aldehyde_count,tpsa,-0.08964865401302896,0.00010768838688983693,1861
negative,fg_BB_SA20_ab_unsat_carbonyl_count,rot_bonds,0.08926564274007152,0.00011527137841613743,1861
negative,fg_BB_SA11_aliphatic_azo_count,fraction_csp3,-0.08884535182065373,0.00012417029138961824,1861
negative,fg_BB_SA22_simple_aldehyde_count,tpsa,-0.08800937178392236,0.00014382805153457815,1861
negative,fg_halogen_any_count,tpsa,-0.08787644822546369,0.00014721142615279866,1861
negative,fg_thiol_count,aromatic_ring_count,-0.08783527047195079,0.00014827464465414349,1861
negative,fg_phosphate_like_count,tpsa,0.08764144736234489,0.00015337694693831331,1861
negative,fg_amine_tertiary_count,logp,-0.08747768744101012,0.00015781609366637353,1861
negative,fg_BB_SA40_alkyl_halides_nongx_count,ring_count,-0.08689608922720404,0.00017457775385079709,1861
negative,fg_BB_SA6_aromatic_monoalkylamine_count,rot_bonds,0.08655872626862181,0.0001850528766845054,1861
negative,fg_aldehyde_count,hba,-0.08638863020026742,0.0001905555443367017,1861
negative,fg_organometal_like_count,aromatic_ring_count,-0.08616249829061866,0.00019810915888617017,1861
negative,fg_BB_SA22_simple_aldehyde_count,hbd,-0.08562199301569928,0.00021731828999363044,1861
negative,fg_BB_SA22_simple_aldehyde_count,hba,-0.08436410342412529,0.00026899687976677047,1861
negative,fg_bromo_count,logp,0.0842650362943626,0.0002735215631386736,1861
negative,fg_imine_count,mw,0.08296947790886741,0.0003396444253778721,1861
negative,fg_bromo_count,heteroatom_count,0.0828418865190828,0.0003469080432266592,1861
negative,fg_metal_atom_count,heteroatom_count,-0.08258145831115285,0.0003621867413063177,1861
negative,fg_nitrile_count,hbd,-0.08245880184745158,0.000369598437041959,1861
negative,fg_aldehyde_count,ring_count,-0.08220904681552443,0.00038513027855105643,1861
negative,fg_thiol_count,heavy_atom_count,-0.08211241140658215,0.0003913017758719613,1861
negative,fg_nitrile_count,hba,0.0817172805361049,0.00041750959374516457,1861
negative,fg_hydrazine_like_count,hba,0.08149723189534382,0.00043280584797175675,1861
negative,fg_carboxylic_acid_count,heteroatom_count,0.08143209189393022,0.00043743324188446204,1861
negative,fg_BB_SA28_alkenylbenzene_count,rot_bonds,0.08114580007186689,0.00045832314457082526,1861
negative,fg_alkene_count,tpsa,-0.08060174889050421,0.0005006071518454731,1861
negative,fg_BB_SA6_aromatic_monoalkylamine_count,mw,0.08025474399820137,0.0005294457016842532,1861
negative,fg_amine_secondary_count,logp,-0.07982184938362272,0.000567590935362289,1861
negative,fg_carboxylic_acid_count,ring_count,-0.07952855233533361,0.0005948720766462041,1861
negative,fg_BB_SA20_ab_unsat_carbonyl_count,ring_count,-0.079405597812047,0.0006066675247542702,1861
negative,fg_thiol_count,hbd,0.07936617329903665,0.0006104954639896201,1861
negative,fg_BB_SA22_simple_aldehyde_count,aromatic_ring_count,-0.0784828221205343,0.0007023819015712385,1861
negative,fg_ammonium_quaternary_count,fraction_csp3,0.07842376352342494,0.0007089616861047038,1861
negative,fg_BB_SA6b_aromatic_dialkylamine_count,fraction_csp3,-0.07652071791467982,0.0009542551202857988,1861
negative,bb_n_nongenotox_alerts,aromatic_ring_count,0.07649235101942331,0.0009584442136956852,1861
negative,fg_BB_SA2c_aromatic_amine_general_count,logp,0.07632756598895414,0.0009831173826127468,1861
negative,fg_epoxide_count,fraction_csp3,0.07611553678382622,0.0010157290234479627,1861
negative,fg_BB_SA16_epoxide_count,fraction_csp3,0.07611553678382622,0.0010157290234479627,1861
negative,fg_hydrazine_like_count,ring_count,0.07610173272889657,0.0010178864958205964,1861
negative,fg_BB_SA23_monohaloalkene_count,tpsa,-0.07571842959225432,0.0010795135538302126,1861
negative,fg_BB_SA23_monohaloalkene_count,hba,-0.07460705105882195,0.001278227893678484,1861
negative,fg_amide_count,logp,0.074390302150051,0.0013207135883715937,1861
negative,fg_amine_primary_count,heteroatom_count,-0.07413192938509966,0.0013730577562242488,1861
negative,fg_BB_SA2_primary_aromatic_amine_count,heavy_atom_count,0.07325286217684568,0.0015658005674050006,1861
negative,fg_ether_count,ring_count,0.0732261219398786,0.0015720359494343155,1861
negative,fg_organophosphate_like_count,hbd,0.07300638116813524,0.0016241476565005933,1861
negative,fg_fluoro_count,hbd,-0.07205151681887471,0.0018695616672692705,1861
negative,bb_any_nongenotox_alert,aromatic_ring_count,0.07163181969128395,0.001987837021295145,1861
negative,fg_imine_count,aromatic_ring_count,0.07131973923563076,0.002080191090643768,1861
negative,fg_BB_SA40_alkyl_halides_nongx_count,aromatic_ring_count,-0.07129061328644944,0.002089007964064086,1861
negative,fg_organometal_like_count,heavy_atom_count,0.07115836052950177,0.0021294753563647606,1861
negative,fg_BB_SA5_nitro_aromatic_count,hbd,0.07112968884580403,0.002138342662521492,1861
negative,fg_ester_count,aromatic_ring_count,-0.07097910636572947,0.0021854712613625965,1861
negative,fg_alkene_count,ring_count,-0.07087395252976805,0.002218943886328189,1861
negative,fg_phosphate_like_count,fraction_csp3,0.07054574533783452,0.0023264610287818672,1861
negative,fg_halogen_any_count,ring_count,0.07052302902538278,0.002334076222569117,1861
negative,bb_n_nongenotox_alerts,hba,0.0698564749754478,0.0025679357595010444,1861
negative,fg_BB_SA13_aliphatic_halogen_count,aromatic_ring_count,-0.06980114036554448,0.002588281543622281,1861
negative,fg_BB_SA28_alkenylbenzene_count,hba,0.06947909833089819,0.0027096430920118186,1861
negative,fg_urea_count,ring_count,0.0693809326147934,0.002747656997028002,1861
negative,fg_chloro_count,rot_bonds,-0.06897602980717468,0.0029096519524587023,1861
negative,fg_bromo_count,aromatic_ring_count,0.06837713393039346,0.0031652666342126194,1861
negative,bb_any_nongenotox_alert,hba,0.06781805183619202,0.0034221757262739403,1861
negative,fg_BB_SA13_aliphatic_halogen_count,ring_count,-0.06766097676781015,0.0034976921739422796,1861
negative,fg_alkene_count,heavy_atom_count,0.06753749911263456,0.0035581163799474117,1861
negative,fg_alcohol_count,ring_count,-0.06619573584727069,0.0042786342026641805,1861
negative,bb_n_nongenotox_alerts,ring_count,0.0661283417599884,0.004318089917506002,1861
negative,fg_urea_count,heavy_atom_count,0.0656207663036064,0.0046259991579601775,1861
negative,fg_ketone_count,fraction_csp3,-0.06535911728221125,0.004792362497289356,1861
negative,fg_ketone_count,hba,0.0650789575263395,0.004976476309770365,1861
negative,fg_heavy_metal_atom_count,heteroatom_count,-0.0649252583562675,0.0050801763426297835,1861
negative,fg_urea_count,logp,-0.06476663406902744,0.005189242159760574,1861
negative,fg_BB_SA40_alkyl_halides_nongx_count,rot_bonds,-0.064501700001935,0.005376125664018506,1861
negative,fg_BB_SA28_alkenylbenzene_count,tpsa,0.06367643925451699,0.005997814385568646,1861
negative,fg_nitrile_count,ring_count,0.06340127279457451,0.006219059486969073,1861
negative,fg_hydrazine_like_count,aromatic_ring_count,0.06332359585124137,0.0062828299103208606,1861
negative,fg_BB_SA23_monohaloalkene_count,fraction_csp3,-0.06270223916142766,0.0068144885389765505,1861
negative,fg_heavy_metal_atom_count,mw,-0.0624993525887303,0.006996638225672727,1861
negative,fg_organophosphate_like_count,hba,0.06247510434637765,0.007018697828670996,1861
negative,fg_imine_count,fraction_csp3,-0.06215904368086986,0.007311993389394423,1861
negative,fg_heavy_metal_atom_count,logp,-0.06206254519265151,0.007403705502894597,1861
negative,fg_BB_SA23_monohaloalkene_count,rot_bonds,-0.0615534405314038,0.007904839503981452,1861
negative,fg_BB_SA2_primary_aromatic_amine_count,mw,0.061482694901274844,0.007976828660212425,1861
negative,fg_fluoro_count,logp,0.06130934327511278,0.008155713130011667,1861
negative,bb_any_nongenotox_alert,ring_count,0.061210955295321695,0.008258829622024177,1861
negative,fg_phosphate_like_count,hba,0.06112425904964328,0.008350656907064876,1861
negative,fg_amine_tertiary_count,aromatic_ring_count,-0.060902403963697116,0.008589811423098313,1861
negative,fg_ketone_count,tpsa,0.06083422714676682,0.008664523495962896,1861
negative,bb_any_alert,hbd,0.06059799401214621,0.008927910884233265,1861
negative,fg_urea_count,hba,0.06015793205122274,0.009437672748466103,1861
negative,fg_BB_SA20_ab_unsat_carbonyl_count,hba,0.059972347320515186,0.009660317791687717,1861
negative,fg_urea_count,mw,0.05995078273056145,0.009686489770646232,1861
negative,fg_BB_SA13_aliphatic_halogen_count,logp,0.058103743363248125,0.012176438628759115,1861
negative,fg_bromo_count,ring_count,0.057454637369979314,0.01317749918887199,1861
negative,fg_nitrile_count,heavy_atom_count,0.05710904937290281,0.013739584413570082,1861
negative,fg_ester_count,ring_count,-0.05702296617601758,0.013882845224989433,1861
negative,fg_BB_SA6_aromatic_monoalkylamine_count,fraction_csp3,-0.0564807616210244,0.014815853000056625,1861
negative,fg_hydrazine_like_count,hbd,0.05641420019568801,0.014934112140036477,1861
negative,fg_thiol_count,mw,-0.05603490585971712,0.015623989969242259,1861
negative,fg_BB_SA18_sulphonate_ester_count,fraction_csp3,-0.05583572926892921,0.015997360121500874,1861
negative,fg_chloro_count,hbd,-0.05567788307505465,0.016298798201855157,1861
negative,fg_ammonium_quaternary_count,ring_count,-0.05445890528226406,0.018799418317226733,1861
negative,fg_phenol_count,rot_bonds,0.0540312534341298,0.01975295572053699,1861
negative,fg_bromo_count,heavy_atom_count,0.05361165490553937,0.020729280191111806,1861
negative,fg_BB_SA20_ab_unsat_carbonyl_count,heavy_atom_count,0.053482708271638126,0.021037638552799914,1861
negative,fg_sulfide_count,hba,0.05315071937038023,0.021849987362667248,1861
negative,fg_organophosphate_like_count,fraction_csp3,0.052034315527746865,0.024785025374024293,1861
negative,fg_epoxide_count,rot_bonds,0.051712847667424705,0.025691045842270745,1861
negative,fg_BB_SA16_epoxide_count,rot_bonds,0.051712847667424705,0.025691045842270745,1861
negative,fg_sulfide_count,fraction_csp3,0.05060265165947984,0.029043526351910286,1861
negative,bb_n_nongenotox_alerts,tpsa,0.050493074882422995,0.02939395822169888,1861
negative,fg_amine_tertiary_count,hbd,0.05005888004037029,0.030818495420822867,1861
negative,fg_amine_tertiary_count,heavy_atom_count,0.05003386942236863,0.03090232590276118,1861
negative,fg_organophosphate_like_count,mw,0.04991247632110351,0.03131199487027273,1861
negative,fg_amine_secondary_count,mw,-0.04965933561525003,0.03218127353772945,1861
negative,fg_hydrazine_like_count,heavy_atom_count,0.04928334901169842,0.033510502938329904,1861
negative,fg_phosphate_like_count,rot_bonds,0.0492287704910888,0.03370730259472148,1861
negative,fg_fluoro_count,mw,0.04897993837352654,0.0346171061211873,1861
negative,fg_ammonium_quaternary_count,heavy_atom_count,0.048622990261293644,0.03595875996062022,1861
negative,bb_any_nongenotox_alert,tpsa,0.04824645500736457,0.037421800285350845,1861
negative,fg_BB_SA28_alkenylbenzene_count,heteroatom_count,0.04815433586116982,0.03778734283362889,1861
negative,fg_urea_count,fraction_csp3,-0.04781619233429721,0.039155274030573416,1861
negative,fg_aldehyde_count,aromatic_ring_count,-0.04771066226238567,0.03959069843896136,1861
negative,fg_BB_SA40_alkyl_halides_nongx_count,mw,-0.04642701176604009,0.04522417386543579,1861
negative,fg_sulfonamide_count,rot_bonds,0.04623933780869877,0.04610184624974334,1861
negative,fg_alkene_count,hba,-0.046228449046642854,0.04615320532811828,1861
negative,fg_sulfide_count,hbd,0.04620639699947712,0.04625736581471432,1861
negative,fg_ammonium_quaternary_count,mw,0.045683704363358175,0.04878474997041097,1861
negative,fg_bromo_count,hba,0.045677733411510796,0.04881427759164216,1861
negative,fg_carboxylic_acid_count,rot_bonds,0.045288177638641486,0.05077336674784603,1861
negative,fg_aldehyde_count,logp,-0.04517427495948342,0.051358469808282715,1861
negative,fg_nitrile_count,heteroatom_count,0.045061266456666846,0.05194454245598133,1861
negative,fg_organophosphate_like_count,rot_bonds,0.0446683090781747,0.05402614057288209,1861
negative,fg_epoxide_count,hba,0.04458062433798342,0.05450000214914373,1861
negative,fg_BB_SA16_epoxide_count,hba,0.04458062433798342,0.05450000214914373,1861
negative,fg_BB_SA22_simple_aldehyde_count,logp,-0.04434485187406919,0.05579135911813285,1861
negative,fg_hydrazine_like_count,logp,-0.04388009887431756,0.0584114989738445,1861
negative,fg_nitrile_count,logp,0.043837839227874195,0.05865473031079654,1861
negative,fg_urea_count,aromatic_ring_count,0.043630966149250265,0.05985757479542463,1861
negative,fg_BB_SA23_monohaloalkene_count,logp,0.04342139538536573,0.061096876252962236,1861
negative,fg_hydrazine_like_count,mw,0.04280616569974295,0.06485824726309655,1861
negative,fg_nitrile_count,mw,0.042153247918024654,0.0690567559012725,1861
negative,bb_any_nongenotox_alert,fraction_csp3,0.041687903654951154,0.07218324522824919,1861
negative,fg_ammonium_quaternary_count,aromatic_ring_count,-0.04138485174086363,0.07428093877501095,1861
negative,fg_phosphate_like_count,ring_count,-0.04119644345037927,0.07560999123001454,1861
negative,fg_phosphate_like_count,hbd,0.04064875756984012,0.07958386885745705,1861
negative,fg_carboxylic_acid_count,aromatic_ring_count,-0.04050479180621798,0.08065614442857193,1861
negative,fg_BB_SA21_ab_unsat_alkoxy_count,hbd,-0.04019877811501806,0.08297432525386078,1861
negative,fg_bromo_count,tpsa,0.03939537823250112,0.08931785047728896,1861
negative,fg_imine_count,logp,0.0391706180579561,0.0911607350161579,1861
negative,fg_BB_SA2_primary_aromatic_amine_count,rot_bonds,-0.03915047777825344,0.0913273524337743,1861
negative,bb_n_nongenotox_alerts,fraction_csp3,0.03891964192522065,0.09325454159248123,1861
negative,fg_BB_SA23_monohaloalkene_count,heteroatom_count,0.03888713612231135,0.09352852433943934,1861
negative,fg_amine_primary_count,tpsa,0.03844022010214179,0.09736126270428462,1861
negative,fg_hydrazine_like_count,fraction_csp3,-0.038341978492115146,0.09822037401058627,1861
negative,fg_amine_secondary_count,ring_count,-0.03822756831096394,0.09922849151737932,1861
negative,fg_amine_secondary_count,heavy_atom_count,-0.038219451944822014,0.09930032057780996,1861
negative,fg_BB_SA21_ab_unsat_alkoxy_count,aromatic_ring_count,-0.037836813068882355,0.1027339399357299,1861
negative,fg_BB_SA28_alkenylbenzene_count,hbd,0.03762520667068426,0.10467293164553976,1861
negative,fg_amine_tertiary_count,mw,0.03692632926001706,0.1112838267960805,1861
negative,fg_imine_count,hbd,0.03647175820931127,0.11575758620468715,1861
negative,fg_phosphate_like_count,mw,0.0363123858970893,0.11735911275088401,1861
negative,fg_BB_SA23_monohaloalkene_count,aromatic_ring_count,-0.03569018054223247,0.1237785210443815,1861
negative,fg_BB_SA23_monohaloalkene_count,hbd,-0.035266733670518136,0.12830164991782636,1861
negative,fg_thiol_count,hba,-0.035146761445379995,0.12960622056903318,1861
negative,fg_amine_secondary_count,heteroatom_count,-0.03465228947970971,0.13509194660953175,1861
negative,fg_organometal_like_count,tpsa,-0.03427724105034472,0.13937102534016843,1861
negative,fg_alcohol_count,mw,-0.034119899264535895,0.14119694376014,1861
negative,fg_BB_SA13_aliphatic_halogen_count,heavy_atom_count,-0.03366748001263003,0.1465495615070982,1861
negative,fg_thiol_count,heteroatom_count,-0.03336676186119828,0.15019230144121729,1861
negative,fg_amine_tertiary_count,heteroatom_count,0.03300446084568702,0.15467217804221395,1861
negative,fg_BB_SA20_ab_unsat_carbonyl_count,tpsa,0.03268526304063206,0.1587024839650776,1861
negative,fg_carboxylic_acid_count,fraction_csp3,-0.031814220752618,0.1701043386192,1861
negative,fg_carboxylic_acid_count,mw,-0.03177855139277608,0.17058399285856649,1861
negative,fg_alkene_count,mw,0.031724048447143056,0.17131886113899722,1861
negative,fg_amine_primary_count,hba,-0.03124534374936238,0.17787530972467636,1861
negative,fg_BB_SA47_n_alkylcarboxylic_acid_count,heteroatom_count,0.031146956351617596,0.1792456693858351,1861
negative,fg_epoxide_count,logp,-0.031096790793081128,0.17994739749978897,1861
negative,fg_BB_SA16_epoxide_count,logp,-0.031096790793081128,0.17994739749978897,1861
negative,fg_amine_primary_count,rot_bonds,0.030687090101238153,0.18575490249030377,1861
negative,fg_thiol_count,logp,-0.030347042519148187,0.19067929571905048,1861
negative,fg_fused_ring_like_count,rot_bonds,-0.029219546498104678,0.2076934848163186,1861
negative,fg_phosphate_like_count,aromatic_ring_count,-0.029181116138179603,0.20829220064555035,1861
negative,fg_bromo_count,fraction_csp3,-0.029118139395496775,0.20927603177491677,1861
negative,fg_BB_SA6b_aromatic_dialkylamine_count,hbd,0.028709564800028817,0.21574060375560591,1861
negative,fg_BB_SA20_ab_unsat_carbonyl_count,mw,0.028700467020570185,0.21588616874438002,1861
negative,fg_chloro_count,hba,-0.028290390628512897,0.2225209618054367,1861
negative,fg_BB_SA34_halobenzene_count,hbd,0.02806361981623854,0.22625200619227054,1861
negative,fg_organophosphate_like_count,logp,-0.02804587047957625,0.22654590580652778,1861
negative,fg_urea_count,rot_bonds,0.027117069122155165,0.24230668857699178,1861
negative,fg_organophosphate_like_count,heavy_atom_count,0.02660378722297031,0.25133991529722993,1861
negative,fg_BB_SA21_ab_unsat_alkoxy_count,rot_bonds,0.02637191501110958,0.25549666523959563,1861
negative,fg_amine_secondary_count,rot_bonds,0.0261446941754228,0.2596161132091248,1861
negative,fg_BB_SA23_monohaloalkene_count,heavy_atom_count,-0.025765775197041502,0.2665875669957985,1861
negative,fg_organophosphate_like_count,ring_count,-0.02529701753259062,0.27538854861161516,1861
negative,fg_BB_SA13_aliphatic_halogen_count,mw,0.02508676394804554,0.2793997410457305,1861
negative,fg_ammonium_quaternary_count,hba,-0.024958679294340654,0.2818626855208624,1861
negative,fg_sulfide_count,heteroatom_count,0.02265939400500796,0.32857942169590404,1861
negative,fg_phosphate_like_count,logp,-0.022549567340343322,0.3309297833387487,1861
negative,fg_sulfide_count,mw,0.02211266732785446,0.34038702148403055,1861
negative,fg_BB_SA22_simple_aldehyde_count,fraction_csp3,0.022020426249524303,0.34240560181728563,1861
negative,fg_amine_tertiary_count,tpsa,0.021992006925055155,0.3430290611800465,1861
negative,fg_chloro_count,heavy_atom_count,0.021884230983991757,0.34540001706539336,1861
negative,fg_epoxide_count,heavy_atom_count,0.02162506434062309,0.3511440193508365,1861
negative,fg_BB_SA16_epoxide_count,heavy_atom_count,0.02162506434062309,0.3511440193508365,1861
negative,fg_BB_SA23_monohaloalkene_count,ring_count,-0.021516020476871085,0.35357877220032463,1861
negative,fg_imine_count,rot_bonds,0.02085324437081548,0.3686058481517924,1861
negative,fg_BB_SA34_halobenzene_count,rot_bonds,0.02055059038124776,0.3755980301562022,1861
negative,fg_organometal_like_count,heteroatom_count,0.02014194107359314,0.3851678943795398,1861
negative,fg_halogen_any_count,heavy_atom_count,0.019608741732043133,0.3978761049679357,1861
negative,fg_chloro_count,tpsa,-0.01955102728547363,0.399266647921107,1861
negative,fg_fluoro_count,heavy_atom_count,0.01946821465337445,0.40126699051037407,1861
negative,fg_carboxylic_acid_count,heavy_atom_count,-0.019454454869853675,0.40159994015362455,1861
negative,fg_ammonium_quaternary_count,logp,0.019378445979306998,0.4034421335241247,1861
negative,fg_BB_SA18_sulphonate_ester_count,logp,0.019154836548262073,0.40889089969327974,1861
negative,fg_aldehyde_count,rot_bonds,-0.019105432782068055,0.4101006143656314,1861
negative,fg_organophosphate_like_count,aromatic_ring_count,-0.018273185957496833,0.4307968824106134,1861
negative,fg_BB_SA20_ab_unsat_carbonyl_count,logp,-0.01809636660531926,0.43527073868099564,1861
negative,fg_thiol_count,rot_bonds,-0.017959160842217662,0.43876068107284383,1861
negative,fg_alcohol_count,heteroatom_count,-0.017426589976758864,0.4524582930886012,1861
negative,fg_bromo_count,rot_bonds,0.0173393110415057,0.45472588931102254,1861
negative,fg_BB_SA21_ab_unsat_alkoxy_count,hba,0.016928473756307284,0.4654853685653396,1861
negative,fg_sulfide_count,rot_bonds,0.016901431945417676,0.4661984951760718,1861
negative,fg_ketone_count,heteroatom_count,0.015213767436160198,0.5118830584914336,1861
negative,fg_amine_secondary_count,hba,0.01461377861129814,0.5286694751486153,1861
negative,fg_BB_SA21_ab_unsat_alkoxy_count,tpsa,-0.014388589678366563,0.5350412859334195,1861
negative,fg_BB_SA6_aromatic_monoalkylamine_count,logp,0.01422746824020148,0.5396239078089485,1861
negative,fg_epoxide_count,tpsa,-0.014209016811739958,0.5401499544424914,1861
negative,fg_BB_SA16_epoxide_count,tpsa,-0.014209016811739958,0.5401499544424914,1861
negative,fg_sulfide_count,aromatic_ring_count,0.014023268785901844,0.5454598321925147,1861
negative,fg_aldehyde_count,fraction_csp3,-0.013873905712498153,0.5497482825784652,1861
negative,fg_phosphate_like_count,heavy_atom_count,0.013834901817216638,0.5508708739615158,1861
negative,fg_sulfide_count,ring_count,0.01329663209045349,0.5664771522847838,1861
negative,fg_nitrile_count,rot_bonds,0.012382570761881144,0.5934542384084794,1861
negative,fg_BB_SA21_ab_unsat_alkoxy_count,ring_count,-0.012051555496173816,0.603366565254869,1861
negative,fg_fluoro_count,aromatic_ring_count,-0.011865386865392048,0.6089739090060843,1861
negative,fg_epoxide_count,aromatic_ring_count,-0.011687526298492786,0.6143525518740223,1861
negative,fg_BB_SA16_epoxide_count,aromatic_ring_count,-0.011687526298492786,0.6143525518740223,1861
negative,fg_fluoro_count,fraction_csp3,-0.011656369527782614,0.6152969052699004,1861
negative,fg_epoxide_count,mw,0.011650520949978937,0.6154742451699149,1861
negative,fg_BB_SA16_epoxide_count,mw,0.011650520949978937,0.6154742451699149,1861
negative,fg_sulfide_count,logp,0.01157843114985236,0.6176619844335405,1861
negative,fg_alcohol_count,heavy_atom_count,-0.01099567013216431,0.6354705022323233,1861
negative,fg_BB_SA2_primary_aromatic_amine_count,logp,0.010739850257822592,0.6433559227990944,1861
negative,fg_BB_SA22_simple_aldehyde_count,rot_bonds,-0.01072501020893511,0.6438145993098441,1861
negative,fg_sulfide_count,heavy_atom_count,0.01060903360436024,0.6474038656937783,1861
negative,fg_BB_SA23_monohaloalkene_count,mw,-0.0102759713719377,0.6577569429016557,1861
negative,fg_BB_SA20_ab_unsat_carbonyl_count,fraction_csp3,0.0097429220260469,0.6744631747347986,1861
negative,fg_carboxylic_acid_count,hba,0.009561804501908857,0.6801767746358445,1861
negative,fg_sulfide_count,tpsa,-0.00880254854756622,0.704325458142206,1861
negative,fg_amine_tertiary_count,ring_count,-0.008499553352775822,0.7140478779222842,1861
negative,fg_BB_SA40_alkyl_halides_nongx_count,heteroatom_count,-0.007589876391998101,0.74351151909511,1861
negative,fg_ketone_count,hbd,0.007317345089996634,0.7524144339422669,1861
negative,fg_fluoro_count,ring_count,-0.007063316336487107,0.7607426838982831,1861
negative,fg_ammonium_quaternary_count,tpsa,-0.006743844932485328,0.7712557998767959,1861
negative,fg_ammonium_quaternary_count,hbd,-0.006731835239268325,0.7716518464399181,1861
negative,fg_ether_count,aromatic_ring_count,-0.006626574866479842,0.7751255771695352,1861
negative,fg_alkene_count,fraction_csp3,-0.006294357224054739,0.7861184167733908,1861
negative,fg_amine_secondary_count,tpsa,-0.0060986725748845205,0.792613629810204,1861
negative,fg_ketone_count,rot_bonds,0.005764591809441918,0.8037355886147085,1861
negative,fg_BB_SA20_ab_unsat_carbonyl_count,heteroatom_count,-0.004690179201676503,0.8397632978052938,1861
negative,fg_BB_SA40_alkyl_halides_nongx_count,logp,-0.004531081399686977,0.8451288266219601,1861
negative,fg_hydrazine_like_count,rot_bonds,-0.00435799911596119,0.8509741332034981,1861
negative,fg_BB_SA21_ab_unsat_alkoxy_count,heteroatom_count,-0.0041581791856496195,0.8577325889364573,1861
negative,fg_BB_SA21_ab_unsat_alkoxy_count,fraction_csp3,0.0032113029415471,0.8898921577110449,1861
negative,fg_BB_SA21_ab_unsat_alkoxy_count,mw,-0.0031373585605833534,0.8924119405081606,1861
negative,fg_ammonium_quaternary_count,heteroatom_count,0.00293940800223669,0.8991627232152544,1861
negative,fg_BB_SA21_ab_unsat_alkoxy_count,heavy_atom_count,0.0028509811761699704,0.9021807638100287,1861
negative,fg_epoxide_count,heteroatom_count,-0.0013793756853266025,0.952581454145675,1861
negative,fg_BB_SA16_epoxide_count,heteroatom_count,-0.0013793756853266025,0.952581454145675,1861
negative,fg_BB_SA21_ab_unsat_alkoxy_count,logp,0.0013517848194744815,0.9535288569921665,1861
negative,fg_organometal_like_count,hba,-0.0010818325892138023,0.9628016118626024,1861
negative,fg_sulfonamide_count,logp,-0.0004664670007079905,0.9839559860347513,1861
negative,fg_bromo_count,hbd,9.473592900427485e-05,0.9967413714066183,1861
positive,fg_heteroaromatic_ring_count,aromatic_ring_count,0.9980786739893748,4.336351775029433e-85,71
positive,fg_aromatic_ring_count,aromatic_ring_count,0.9717576894210994,5.266584419213879e-45,71
positive,fg_aniline_count,aromatic_ring_count,0.724597914439215,9.121642950820385e-13,71
positive,fg_heteroaromatic_ring_count,ring_count,0.6387527029600543,2.0516710617286333e-09,71
positive,fg_aromatic_ring_count,ring_count,0.6261943591455299,5.2112000244549e-09,71
positive,fg_heteroaromatic_ring_count,fraction_csp3,-0.5540366720410377,5.379703910245295e-07,71
positive,fg_metal_atom_count,mw,0.5356613510953854,1.4823832461013523e-06,71
positive,fg_ether_count,hba,0.5352326825877878,1.5167761237306906e-06,71
positive,fg_aromatic_ring_count,fraction_csp3,-0.5327138705510397,1.7345038026713182e-06,71
positive,fg_aromatic_ring_count,hbd,0.5308020601754283,1.9190122944670587e-06,71
positive,fg_heavy_metal_atom_count,mw,0.5291511445963173,2.093021005549066e-06,71
positive,fg_organometal_like_count,mw,0.524667580841975,2.6433256393193595e-06,71
positive,fg_heteroaromatic_ring_count,hbd,0.5194569804413536,3.4527194200357034e-06,71
positive,fg_phenol_count,hbd,0.5120826404036926,5.0014977750836966e-06,71
positive,fg_organometal_like_count,logp,0.5050946669922561,7.049867139988002e-06,71
positive,fg_organometal_like_count,rot_bonds,0.5029439022075088,7.823620383887113e-06,71
positive,fg_ether_count,heavy_atom_count,0.5010054692645145,8.588317078684824e-06,71
positive,fg_heavy_metal_atom_count,rot_bonds,0.47926010033738575,2.3537388733702185e-05,71
positive,fg_ether_count,rot_bonds,0.4667270707113601,4.082542992019353e-05,71
positive,fg_epoxide_count,ring_count,0.4486940788191976,8.691867809596571e-05,71
positive,fg_BB_SA16_epoxide_count,ring_count,0.4486940788191976,8.691867809596571e-05,71
positive,fg_ether_count,mw,0.4486224636324041,8.71726318583375e-05,71
positive,fg_ether_count,heteroatom_count,0.446866010292638,9.361988485805097e-05,71
positive,fg_aniline_count,ring_count,0.4462711769451222,9.590122206528265e-05,71
positive,bb_n_genotox_alerts,ring_count,0.44283283956992564,0.0001101252708350802,71
positive,fg_organometal_like_count,heavy_atom_count,0.44095488406622774,0.00011869235432479037,71
positive,fg_BB_SA2_primary_aromatic_amine_count,aromatic_ring_count,0.4374429407901217,0.00013638333000557935,71
positive,fg_BB_SA2c_aromatic_amine_general_count,aromatic_ring_count,0.4374429407901217,0.00013638333000557935,71
positive,fg_phenol_count,aromatic_ring_count,0.4353095930398389,0.0001482841305885434,71
positive,bb_any_alert,heteroatom_count,0.43406083257581524,0.00015568660063707563,71
positive,fg_BB_SA2_primary_aromatic_amine_count,hbd,0.4264099568117838,0.00020897713536123253,71
positive,fg_BB_SA2c_aromatic_amine_general_count,hbd,0.4264099568117838,0.00020897713536123253,71
positive,bb_any_genotox_alert,ring_count,0.42588869486490794,0.00021315681611070944,71
positive,fg_aniline_count,hbd,0.422626648382907,0.0002411047912022183,71
positive,fg_heavy_metal_atom_count,heavy_atom_count,0.41278695078744376,0.0003470239245054828,71
positive,fg_metal_atom_count,rot_bonds,0.4088841011040775,0.0003997259576579765,71
positive,fg_metal_atom_count,logp,0.40140190761834466,0.0005216904652336877,71
positive,fg_heavy_metal_atom_count,logp,0.39832009045231326,0.0005811245338066081,71
positive,bb_any_alert,hba,0.39568474194907843,0.0006367683837500482,71
positive,fg_metal_atom_count,heteroatom_count,0.3948654918454711,0.0006550288070670496,71
positive,fg_alkene_count,aromatic_ring_count,-0.3931918464795065,0.0006938210875971563,71
positive,fg_alkene_count,heteroatom_count,-0.39139008104410594,0.000737907080411895,71
positive,fg_heavy_metal_atom_count,heteroatom_count,0.3883596679006007,0.000817826509669211,71
positive,fg_BB_SA7_aromatic_Nacylamine_count,aromatic_ring_count,0.3798794690532777,0.0010849365264181561,71
positive,fg_ether_count,ring_count,0.37720810241023994,0.0011841261336483725,71
positive,bb_any_genotox_alert,heteroatom_count,0.37283398595475953,0.0013643429558038186,71
positive,fg_aniline_count,fraction_csp3,-0.3723940445082093,0.0013837731521975677,71
positive,bb_any_alert,ring_count,0.3710172665243473,0.0014462022176711703,71
positive,fg_ether_count,tpsa,0.36838677866352426,0.0015725827154066487,71
positive,fg_phenol_count,fraction_csp3,-0.3633970079576656,0.0018399477720094381,71
positive,fg_alkene_count,ring_count,-0.3593654708903158,0.0020850675952639027,71
positive,fg_ester_count,mw,0.357120104580929,0.0022339358099352415,71
positive,fg_metal_atom_count,ring_count,-0.35460524352024175,0.002411920982803482,71
positive,bb_any_alert,tpsa,0.35232798074068244,0.0025839309704805357,71
positive,fg_BB_SA6b_aromatic_dialkylamine_count,aromatic_ring_count,0.3510001330983015,0.0026892159148491942,71
positive,bb_n_alerts,ring_count,0.35087826678939676,0.00269906814696692,71
positive,bb_n_alerts,heteroatom_count,0.3491992954761612,0.00283812565172763,71
positive,bb_n_genotox_alerts,tpsa,0.34636189746193885,0.0030877185528310207,71
positive,fg_BB_SA2_primary_aromatic_amine_count,fraction_csp3,-0.3439801986454172,0.003312142486809101,71
positive,fg_BB_SA2c_aromatic_amine_general_count,fraction_csp3,-0.3439801986454172,0.003312142486809101,71
positive,fg_ester_count,heavy_atom_count,0.34103030390303324,0.0036101768757187615,71
positive,fg_alkene_count,hba,-0.3408045063120434,0.0036339432885768488,71
positive,fg_alkene_count,mw,-0.3374943030162225,0.0039986890493301655,71
positive,bb_n_alerts,tpsa,0.3357687393442444,0.004201424934073149,71
positive,bb_any_genotox_alert,hba,0.33452983709884104,0.004352555113746516,71
positive,fg_metal_atom_count,heavy_atom_count,0.33425249619689645,0.0043870401502557905,71
positive,fg_alkene_count,tpsa,-0.3331090511018485,0.004531789316671613,71
positive,fg_halogen_any_count,hba,-0.33307062576930235,0.0045367262242407055,71
positive,fg_organometal_like_count,heteroatom_count,0.3329160315878315,0.004556636746495273,71
positive,fg_ester_count,hba,0.33091234231909195,0.004821788567263219,71
positive,bb_n_genotox_alerts,hba,0.33050615309892295,0.0048771750861627385,71
positive,fg_heavy_metal_atom_count,ring_count,-0.32748476447681873,0.005307130336263896,71
positive,fg_ester_count,heteroatom_count,0.3268326064276714,0.005404212020872804,71
positive,fg_aromatic_ring_count,tpsa,0.3239827759263326,0.005847083920798134,71
positive,fg_azo_count,aromatic_ring_count,0.32267428103634344,0.006060931381782652,71
positive,fg_fused_ring_like_count,aromatic_ring_count,0.32267428103634344,0.006060931381782652,71
positive,fg_BB_SA8_aromatic_diazo_count,aromatic_ring_count,0.32267428103634344,0.006060931381782652,71
positive,fg_chloro_count,hba,-0.32184922476215544,0.006199285361769779,71
positive,fg_BB_SA6b_aromatic_dialkylamine_count,ring_count,0.3208328177754096,0.006373544738305895,71
positive,bb_n_genotox_alerts,aromatic_ring_count,0.3175124230982775,0.006973225570026864,71
positive,fg_ester_count,rot_bonds,0.31740684231422733,0.006993080834935783,71
positive,bb_n_genotox_alerts,heteroatom_count,0.3172296042893424,0.0070265234421169245,71
positive,fg_aromatic_ring_count,heavy_atom_count,0.3172168306404512,0.007028939087531,71
positive,fg_heavy_metal_atom_count,hba,0.3164904513584592,0.007167511400839026,71
positive,bb_n_alerts,hba,0.3162253135094298,0.007218686286878005,71
positive,bb_any_genotox_alert,tpsa,0.3116263932656312,0.008158787745106586,71
positive,fg_heteroaromatic_ring_count,tpsa,0.3094957768489492,0.008629505009715472,71
positive,fg_organometal_like_count,fraction_csp3,0.3094606874746442,0.008637451974330882,71
positive,fg_epoxide_count,fraction_csp3,0.30566908334125154,0.009534764514267819,71
positive,fg_BB_SA16_epoxide_count,fraction_csp3,0.30566908334125154,0.009534764514267819,71
positive,fg_BB_SA5_nitro_aromatic_count,aromatic_ring_count,0.3039937935301543,0.00995645542151395,71
positive,fg_epoxide_count,hba,0.3038215241198392,0.010000725285991207,71
positive,fg_BB_SA16_epoxide_count,hba,0.3038215241198392,0.010000725285991207,71
positive,fg_phenol_count,rot_bonds,-0.30222340142105997,0.010419652106431539,71
positive,bb_n_alerts,aromatic_ring_count,0.3005630494848545,0.010870984167374545,71
positive,fg_halogen_any_count,ring_count,-0.2993151832770561,0.01122128487829056,71
positive,fg_epoxide_count,rot_bonds,0.29726411560872856,0.011818373166917294,71
positive,fg_BB_SA16_epoxide_count,rot_bonds,0.29726411560872856,0.011818373166917294,71
positive,fg_organometal_like_count,ring_count,-0.29715753954401003,0.011850137840112206,71
positive,bb_any_genotox_alert,logp,-0.2965440460234785,0.012034431381244569,71
positive,fg_heteroaromatic_ring_count,heavy_atom_count,0.2922748746347944,0.013387058475059159,71
positive,fg_aniline_count,heavy_atom_count,0.292042684544517,0.01346424974958401,71
positive,fg_ether_count,fraction_csp3,0.2918483052704248,0.013529166369028634,71
positive,fg_aniline_count,tpsa,0.2900505473179125,0.014142489854613,71
positive,fg_BB_SA6b_aromatic_dialkylamine_count,heavy_atom_count,0.2881287827199051,0.014824509477186436,71
positive,bb_any_alert,heavy_atom_count,0.28592686948121476,0.015640621229435686,71
positive,fg_BB_SA23_monohaloalkene_count,heavy_atom_count,-0.2831508147190049,0.016724380504598266,71
positive,fg_amide_count,hbd,0.2804563515602864,0.017837329838634442,71
positive,fg_halogen_any_count,heavy_atom_count,-0.2793446639972923,0.018314675766841423,71
positive,fg_BB_SA47_n_alkylcarboxylic_acid_count,rot_bonds,0.2790684937417291,0.01843494199175549,71
positive,fg_BB_SA7_aromatic_Nacylamine_count,hbd,0.2789681158444896,0.01847882159976254,71
positive,fg_metal_atom_count,aromatic_ring_count,-0.2754901466566482,0.02005539319479847,71
positive,fg_halogen_any_count,tpsa,-0.274579955301452,0.020486454955595652,71
positive,fg_BB_SA47_n_alkylcarboxylic_acid_count,logp,0.274151527699434,0.020692075794582265,71
positive,fg_BB_SA23_monohaloalkene_count,mw,-0.2741492292263385,0.02069318365876589,71
positive,fg_BB_SA47_n_alkylcarboxylic_acid_count,mw,0.26999545302593947,0.02277973970942986,71
positive,fg_epoxide_count,logp,-0.2690027533346276,0.023304057839577386,71
positive,fg_BB_SA16_epoxide_count,logp,-0.2690027533346276,0.023304057839577386,71
positive,fg_organometal_like_count,hba,0.2687035856072296,0.023464065716230283,71
positive,fg_alkene_count,hbd,-0.2673202736006202,0.024216099463731964,71
positive,fg_fused_ring_like_count,ring_count,0.26605918995249644,0.024919393325192444,71
positive,fg_epoxide_count,hbd,-0.2652639789923768,0.025371707915768288,71
positive,fg_BB_SA16_epoxide_count,hbd,-0.2652639789923768,0.025371707915768288,71
positive,fg_ester_count,tpsa,0.2610856347303346,0.027864109324166147,71
positive,fg_BB_SA5_nitro_aromatic_count,heteroatom_count,0.26009094416253564,0.028486954776486138,71
positive,fg_heavy_metal_atom_count,aromatic_ring_count,-0.2592703744880979,0.029009561491126244,71
positive,fg_BB_SA47_n_alkylcarboxylic_acid_count,heavy_atom_count,0.2581669193026221,0.029725037323902314,71
positive,fg_alkene_count,heavy_atom_count,-0.25812859926554804,0.029750148127488444,71
positive,fg_BB_SA16b_aziridine_count,ring_count,0.257436141122518,0.03020699291881148,71
positive,fg_BB_SA6b_aromatic_dialkylamine_count,hba,0.2553131082119605,0.03164455373870569,71
positive,fg_BB_SA34_halobenzene_count,aromatic_ring_count,0.25502570237140854,0.031843502916474836,71
positive,fg_BB_SA6b_aromatic_dialkylamine_count,mw,0.2532416592455829,0.033102059060813316,71
positive,fg_BB_SA13_aliphatic_halogen_count,ring_count,-0.2502810957226147,0.0352823778409624,71
positive,fg_BB_SA40_alkyl_halides_nongx_count,ring_count,-0.2502810957226147,0.0352823778409624,71
positive,fg_bromo_count,ring_count,-0.25020221319849667,0.03534207224171131,71
positive,fg_chloro_count,tpsa,-0.25002596684289263,0.035475751390560764,71
positive,fg_organometal_like_count,hbd,-0.24858144966247595,0.0365873674255762,71
positive,fg_BB_SA6b_aromatic_dialkylamine_count,heteroatom_count,0.24850706177546472,0.03664538901035664,71
positive,fg_metal_atom_count,hba,0.24714203926741812,0.03772377332112929,71
positive,bb_any_alert,mw,0.246077360924471,0.038583097185338054,71
positive,fg_BB_SA18_sulphonate_ester_count,logp,-0.2453539685388873,0.039176195493465675,71
positive,fg_organometal_like_count,aromatic_ring_count,-0.24252522796875936,0.04156860310294209,71
positive,fg_phenol_count,ring_count,0.24094762986223378,0.04295459057147506,71
positive,fg_ammonium_quaternary_count,fraction_csp3,0.24087562675393417,0.0430187490944662,71
positive,fg_BB_SA23_monohaloalkene_count,hba,-0.24016187029862887,0.0436590383235414,71
positive,fg_halogen_any_count,rot_bonds,-0.23916136897461274,0.0445697898716362,71
positive,fg_BB_SA23_monohaloalkene_count,tpsa,-0.23770174499461305,0.04592654644136728,71
positive,fg_azo_count,logp,0.23676722846769302,0.04681293483900396,71
positive,fg_BB_SA8_aromatic_diazo_count,logp,0.23676722846769302,0.04681293483900396,71
positive,fg_amine_primary_count,hbd,0.23641890771846552,0.04714689779714685,71
positive,fg_amine_secondary_count,hbd,0.23641890771846552,0.04714689779714685,71
positive,fg_BB_SA2_primary_aromatic_amine_count,rot_bonds,-0.23619946306214057,0.047358301470044245,71
positive,fg_BB_SA2c_aromatic_amine_general_count,rot_bonds,-0.23619946306214057,0.047358301470044245,71
positive,fg_heavy_metal_atom_count,tpsa,0.23568049623799717,0.04786135523064129,71
positive,fg_BB_SA2_primary_aromatic_amine_count,ring_count,0.233845033478709,0.049675892917122565,71
positive,fg_BB_SA2c_aromatic_amine_general_count,ring_count,0.233845033478709,0.049675892917122565,71
positive,fg_azo_count,ring_count,0.2325223172694086,0.05101820767351292,71
positive,fg_BB_SA8_aromatic_diazo_count,ring_count,0.2325223172694086,0.05101820767351292,71
positive,fg_BB_SA5_nitro_aromatic_count,tpsa,0.2315913326914419,0.051980685461103224,71
positive,fg_heavy_metal_atom_count,fraction_csp3,0.23140469577913575,0.05217541219243325,71
positive,bb_any_nongenotox_alert,logp,0.2311570919436506,0.05243466892264865,71
positive,bb_n_nongenotox_alerts,logp,0.22877684900962444,0.05498106167284574,71
positive,fg_aromatic_ring_count,hba,0.22665098133745562,0.05733973404389243,71
positive,fg_carbamate_count,aromatic_ring_count,0.2265295585146854,0.057476900500933334,71
positive,fg_BB_SA19_alkyl_carbamate_count,aromatic_ring_count,0.2265295585146854,0.057476900500933334,71
positive,fg_BB_SA45_imidazole_count,aromatic_ring_count,0.2265295585146854,0.057476900500933334,71
positive,fg_BB_SA45b_benzimidazole_count,aromatic_ring_count,0.2265295585146854,0.057476900500933334,71
positive,bb_n_alerts,heavy_atom_count,0.22622333675514789,0.05782401216464423,71
positive,fg_BB_SA7_aromatic_Nacylamine_count,heavy_atom_count,0.22559423682257396,0.05854246280495702,71
positive,fg_epoxide_count,heavy_atom_count,0.2253190115716339,0.05885904988553356,71
positive,fg_BB_SA16_epoxide_count,heavy_atom_count,0.2253190115716339,0.05885904988553356,71
positive,fg_BB_SA7_aromatic_Nacylamine_count,ring_count,0.22461123975106448,0.059679576094101836,71
positive,fg_ether_count,hbd,-0.22265338878302313,0.06199776389004721,71
positive,fg_amide_count,heavy_atom_count,0.22074804390056052,0.06432322744729205,71
positive,fg_ketone_count,rot_bonds,-0.2195871330569837,0.0657743016774174,71
positive,fg_nitrile_count,heavy_atom_count,0.21918626506515418,0.06628145105315911,71
positive,fg_BB_SA16b_aziridine_count,heteroatom_count,0.21869589083455593,0.06690611662687523,71
positive,fg_amide_count,aromatic_ring_count,0.21695462559418288,0.06916263210192299,71
positive,fg_sulfone_count,logp,-0.21599817333894805,0.07042787899819071,71
positive,fg_epoxide_count,heteroatom_count,0.21315499928715087,0.07429893636176776,71
positive,fg_BB_SA16_epoxide_count,heteroatom_count,0.21315499928715087,0.07429893636176776,71
positive,fg_sulfone_count,rot_bonds,-0.211415525561916,0.07674991274536751,71
positive,fg_BB_SA23_monohaloalkene_count,rot_bonds,-0.211415525561916,0.07674991274536751,71
positive,fg_BB_SA23_monohaloalkene_count,fraction_csp3,-0.21129440943327563,0.07692294160291675,71
positive,fg_heteroaromatic_ring_count,hba,0.21091106942056467,0.077472639046668,71
positive,fg_BB_SA5_nitro_aromatic_count,heavy_atom_count,0.2087963117894099,0.08056162137725749,71
positive,fg_BB_SA34_halobenzene_count,fraction_csp3,-0.20854208528572993,0.0809394607478558,71
positive,fg_azo_count,heavy_atom_count,0.20819912846985653,0.0814514018498048,71
positive,fg_BB_SA8_aromatic_diazo_count,heavy_atom_count,0.20819912846985653,0.0814514018498048,71
positive,bb_n_genotox_alerts,logp,-0.20807158625787112,0.081642441898892,71
positive,bb_any_alert,logp,-0.2069304247629379,0.08336760363551542,71
positive,fg_BB_SA20_ab_unsat_carbonyl_count,aromatic_ring_count,-0.20669948444264266,0.08372021820060198,71
positive,fg_ammonium_quaternary_count,tpsa,-0.20434009657431648,0.08739073703906154,71
positive,bb_any_genotox_alert,aromatic_ring_count,0.20351594835349293,0.08870238963517982,71
positive,fg_BB_SA6b_aromatic_dialkylamine_count,tpsa,0.2020809459814375,0.0910232110781755,71
positive,fg_BB_SA5_nitro_aromatic_count,hba,0.1996097609214496,0.09513148865730181,71
positive,fg_aniline_count,logp,0.19879964953082768,0.0965094412970966,71
positive,fg_fluoro_count,heavy_atom_count,-0.1987825891960234,0.09653862694066477,71
positive,fg_BB_SA7_aromatic_Nacylamine_count,heteroatom_count,0.19861208091776675,0.09683070027798606,71
positive,fg_fluoro_count,mw,-0.19829535169636728,0.09737507777570004,71
positive,fg_amine_tertiary_count,hba,0.19818214818248595,0.09757022538082279,71
positive,fg_amine_tertiary_count,ring_count,0.1977708935558526,0.0982817465157631,71
positive,bb_any_nongenotox_alert,mw,0.19756850763574074,0.09863338393681789,71
positive,bb_any_genotox_alert,heavy_atom_count,0.19725405863301085,0.09918167456977607,71
positive,bb_n_nongenotox_alerts,mw,0.1968075955244073,0.09996423532600963,71
positive,fg_nitrile_count,logp,0.19473591249767505,0.10365867068612415,71
positive,bb_n_alerts,mw,0.19235742648844306,0.1080301380624774,71
positive,fg_carbamate_count,hbd,0.19122117536052358,0.1101682206066018,71
positive,fg_alcohol_count,hbd,0.19122117536052358,0.1101682206066018,71
positive,fg_sulfoxide_count,hbd,0.19122117536052358,0.1101682206066018,71
positive,fg_BB_SA19_alkyl_carbamate_count,hbd,0.19122117536052358,0.1101682206066018,71
positive,fg_BB_SA45_imidazole_count,hbd,0.19122117536052358,0.1101682206066018,71
positive,fg_BB_SA45b_benzimidazole_count,hbd,0.19122117536052358,0.1101682206066018,71
positive,fg_chloro_count,fraction_csp3,-0.19106682216238144,0.11046117185708103,71
positive,fg_BB_SA23_monohaloalkene_count,heteroatom_count,-0.18871311948555705,0.11500325348747348,71
positive,fg_azo_count,tpsa,0.18765927236416818,0.11708291176888087,71
positive,fg_BB_SA8_aromatic_diazo_count,tpsa,0.18765927236416818,0.11708291176888087,71
positive,fg_ammonium_quaternary_count,hba,-0.1874947934787541,0.1174100827229856,71
positive,fg_azo_count,hba,0.1874947934787541,0.1174100827229856,71
positive,fg_BB_SA8_aromatic_diazo_count,hba,0.1874947934787541,0.1174100827229856,71
positive,fg_alcohol_count,logp,-0.1866324839613225,0.11913683108138623,71
positive,fg_sulfoxide_count,logp,-0.1866324839613225,0.11913683108138623,71
positive,fg_amine_tertiary_count,heteroatom_count,0.1854772537432209,0.12148056819859486,71
positive,bb_n_genotox_alerts,heavy_atom_count,0.1853270618058066,0.12178785099242252,71
positive,fg_nitrile_count,tpsa,0.18521481986670704,0.12201787839511803,71
positive,fg_BB_SA16b_aziridine_count,fraction_csp3,0.18514643074076037,0.12215819708388374,71
positive,bb_n_genotox_alerts,fraction_csp3,-0.1850451680214742,0.12236619129318808,71
positive,fg_BB_SA7_aromatic_Nacylamine_count,logp,0.18480366100992365,0.12286334056702757,71
positive,fg_amine_tertiary_count,rot_bonds,0.18404290927199154,0.12443945884163723,71
positive,fg_BB_SA5_nitro_aromatic_count,mw,0.1826669035249769,0.12732937250850218,71
positive,fg_chloro_count,rot_bonds,-0.18260881730719272,0.12745248018402297,71
positive,fg_imine_count,tpsa,0.18151383445768227,0.1297901624207369,71
positive,fg_amine_primary_count,logp,-0.18080021883753117,0.13133109312698799,71
positive,fg_amine_secondary_count,logp,-0.18080021883753117,0.13133109312698799,71
positive,fg_BB_SA18_sulphonate_ester_count,fraction_csp3,0.17891261620523108,0.13547390410544904,71
positive,fg_metal_atom_count,hbd,-0.17764093895542377,0.13832008024078535,71
positive,fg_BB_SA16b_aziridine_count,rot_bonds,0.17667770533723584,0.14050573987296877,71
positive,fg_amine_tertiary_count,tpsa,0.17565854947517637,0.14284646827689865,71
positive,fg_amine_tertiary_count,heavy_atom_count,0.17539640223178535,0.14345325639475143,71
positive,fg_hydrazine_like_count,logp,-0.17496795371373983,0.14444913939929033,71
positive,fg_BB_SA9_aliphatic_Nnitro_count,logp,-0.17496795371373983,0.14444913939929033,71
positive,fg_BB_SA10_N_nitroso_count,logp,-0.17496795371373983,0.14444913939929033,71
positive,fg_BB_SA12b_hydrazine_general_count,logp,-0.17496795371373983,0.14444913939929033,71
positive,fg_amine_tertiary_count,mw,0.17496648679091228,0.14445255798426848,71
positive,fg_fused_ring_like_count,heavy_atom_count,0.17488726791467948,0.14463726340901992,71
positive,fg_amide_count,tpsa,0.17443545090805748,0.1456940975159953,71
positive,fg_BB_SA23_monohaloalkene_count,ring_count,-0.17439173795205645,0.14579665137454473,71
positive,fg_BB_SA47_n_alkylcarboxylic_acid_count,ring_count,-0.17439173795205645,0.14579665137454473,71
positive,fg_BB_SA20_ab_unsat_carbonyl_count,tpsa,0.1738985570154353,0.14695743800098612,71
positive,fg_nitrile_count,rot_bonds,0.1738846864615512,0.1469901843910905,71
positive,fg_aniline_count,mw,0.17380913926117283,0.14716863632203944,71
positive,fg_BB_SA47_n_alkylcarboxylic_acid_count,hba,0.17274801196918915,0.14969229833968933,71
positive,fg_epoxide_count,mw,0.17269884200908905,0.14981001635868005,71
positive,fg_BB_SA16_epoxide_count,mw,0.17269884200908905,0.14981001635868005,71
positive,fg_chloro_count,heavy_atom_count,-0.17251519801474843,0.15025028999279222,71
positive,fg_BB_SA20_ab_unsat_carbonyl_count,hba,0.1724015748561299,0.15052317637299242,71
positive,fg_BB_SA47_n_alkylcarboxylic_acid_count,heteroatom_count,0.17193861997572973,0.15163886657023015,71
positive,fg_BB_SA16b_aziridine_count,heavy_atom_count,0.1718200551971895,0.15192558802234776,71
positive,fg_metal_atom_count,fraction_csp3,0.1710956156230109,0.1536862528304446,71
positive,fg_amide_count,heteroatom_count,0.17100847508443498,0.15389905562765044,71
positive,fg_nitrile_count,mw,0.17081954372038685,0.15436119037865592,71
positive,fg_metal_atom_count,tpsa,0.17065518177216732,0.15476406533994003,71
positive,fg_nitrile_count,aromatic_ring_count,0.1700171349142723,0.15633541386273447,71
positive,fg_hydrazine_like_count,tpsa,0.1698032644926705,0.15686476234490274,71
positive,fg_BB_SA9_aliphatic_Nnitro_count,tpsa,0.1698032644926705,0.15686476234490274,71
positive,fg_BB_SA10_N_nitroso_count,tpsa,0.1698032644926705,0.15686476234490274,71
positive,fg_BB_SA12b_hydrazine_general_count,tpsa,0.1698032644926705,0.15686476234490274,71
positive,fg_ketone_count,ring_count,0.1692411503505902,0.15826238084001046,71
positive,fg_metal_halide_like_count,logp,0.16913568858994854,0.15852562104588266,71
positive,fg_amine_primary_count,fraction_csp3,0.169103807127941,0.15860526326994784,71
positive,fg_amine_secondary_count,fraction_csp3,0.169103807127941,0.15860526326994784,71
positive,fg_alcohol_count,fraction_csp3,0.169103807127941,0.15860526326994784,71
positive,fg_sulfoxide_count,fraction_csp3,0.169103807127941,0.15860526326994784,71
positive,fg_metal_halide_like_count,fraction_csp3,0.169103807127941,0.15860526326994784,71
positive,fg_fluoro_count,hba,-0.16860272308062238,0.1598609024465818,71
positive,fg_metal_halide_like_count,hba,-0.16860272308062238,0.1598609024465818,71
positive,fg_aniline_count,hba,0.16847510790424353,0.16018185776608898,71
positive,fg_azo_count,hbd,0.16838045677493346,0.1604202152491682,71
positive,fg_BB_SA8_aromatic_diazo_count,hbd,0.16838045677493346,0.1604202152491682,71
positive,fg_halogen_any_count,fraction_csp3,-0.16830709214658476,0.1606051477865918,71
positive,fg_imine_count,heteroatom_count,0.16781275338672366,0.16185535280433364,71
positive,fg_fluoro_count,tpsa,-0.16687562200141756,0.16424509701603868,71
positive,fg_metal_halide_like_count,tpsa,-0.16687562200141756,0.16424509701603868,71
positive,fg_BB_SA13_aliphatic_halogen_count,aromatic_ring_count,-0.16642338644238833,0.16540758205466444,71
positive,fg_BB_SA40_alkyl_halides_nongx_count,aromatic_ring_count,-0.16642338644238833,0.16540758205466444,71
positive,fg_bromo_count,aromatic_ring_count,-0.16637093383202659,0.16554280399053845,71
positive,bb_any_alert,aromatic_ring_count,0.16631305907701252,0.16569209850725056,71
positive,fg_heteroaromatic_ring_count,rot_bonds,-0.16470994034834333,0.16986700037919225,71
positive,fg_BB_SA5_nitro_aromatic_count,ring_count,0.16354964302417166,0.1729364474111356,71
positive,fg_organometal_like_count,tpsa,0.1633787296607135,0.1733919862136142,71
positive,fg_carbamate_count,ring_count,0.16323946769689418,0.17376381190805149,71
positive,fg_BB_SA19_alkyl_carbamate_count,ring_count,0.16323946769689418,0.17376381190805149,71
positive,fg_BB_SA45_imidazole_count,ring_count,0.16323946769689418,0.17376381190805149,71
positive,fg_BB_SA45b_benzimidazole_count,ring_count,0.16323946769689418,0.17376381190805149,71
positive,fg_ester_count,fraction_csp3,0.16206262782743505,0.17692923249563655,71
positive,fg_BB_SA6b_aromatic_dialkylamine_count,rot_bonds,0.16202207425779291,0.17703905594761166,71
positive,fg_azo_count,mw,0.16199727181556367,0.17710624811729356,71
positive,fg_BB_SA8_aromatic_diazo_count,mw,0.16199727181556367,0.17710624811729356,71
positive,fg_aromatic_ring_count,mw,0.16100213430358412,0.17981751950329536,71
positive,fg_BB_SA7_aromatic_Nacylamine_count,mw,0.16095667786693874,0.1799420829474542,71
positive,bb_n_alerts,fraction_csp3,-0.16075035033800614,0.1805082669146952,71
positive,fg_BB_SA47_n_alkylcarboxylic_acid_count,fraction_csp3,0.16058375116928947,0.18096637565449147,71
positive,fg_BB_SA5_nitro_aromatic_count,logp,0.15923953644386604,0.18469357076518356,71
positive,fg_aniline_count,heteroatom_count,0.15836850509505784,0.18713821768969044,71
positive,fg_BB_SA16b_aziridine_count,logp,-0.15817970200546053,0.18767118238886787,71
positive,fg_heavy_metal_atom_count,hbd,-0.15759966623349234,0.18931539492907865,71
positive,fg_amide_count,mw,0.15586976831706506,0.19428070847176093,71
positive,fg_BB_SA16b_aziridine_count,mw,0.15501948815143424,0.19675523521944585,71
positive,fg_alcohol_count,heavy_atom_count,-0.15493348863807707,0.19700676649570015,71
positive,fg_carboxylic_acid_count,heavy_atom_count,-0.15493348863807707,0.19700676649570015,71
positive,fg_sulfoxide_count,heavy_atom_count,-0.15493348863807707,0.19700676649570015,71
positive,fg_ester_count,logp,0.15486842221125882,0.19719722565460118,71
positive,fg_aromatic_ring_count,logp,0.15431307388037768,0.1988281794375364,71
positive,bb_any_genotox_alert,mw,0.15381361279999178,0.2003032198460469,71
positive,fg_imine_count,hba,0.15381301052969057,0.20030500321283132,71
positive,fg_BB_SA7_aromatic_Nacylamine_count,tpsa,0.15261591912615394,0.2038721180654813,71
positive,fg_carbamate_count,tpsa,0.15223740954515286,0.20500935946467957,71
positive,fg_BB_SA19_alkyl_carbamate_count,tpsa,0.15223740954515286,0.20500935946467957,71
positive,fg_BB_SA45_imidazole_count,tpsa,0.15223740954515286,0.20500935946467957,71
positive,fg_BB_SA45b_benzimidazole_count,tpsa,0.15223740954515286,0.20500935946467957,71
positive,fg_ester_count,hbd,-0.15187650420151577,0.20609790276754583,71
positive,fg_metal_halide_like_count,mw,0.15163762188545732,0.206820661314681,71
positive,fg_alkene_count,fraction_csp3,-0.15104679432759524,0.2086159842504361,71
positive,fg_BB_SA18_sulphonate_ester_count,heteroatom_count,0.15088188945675388,0.20911903975554164,71
positive,fg_nitrile_count,hba,0.15074500059230178,0.2095372825708472,71
positive,fg_hydrazine_like_count,heteroatom_count,0.15014825303022644,0.21136747317146742,71
positive,fg_BB_SA9_aliphatic_Nnitro_count,heteroatom_count,0.15014825303022644,0.21136747317146742,71
positive,fg_BB_SA10_N_nitroso_count,heteroatom_count,0.15014825303022644,0.21136747317146742,71
positive,fg_BB_SA12b_hydrazine_general_count,heteroatom_count,0.15014825303022644,0.21136747317146742,71
positive,fg_ammonium_quaternary_count,heteroatom_count,-0.14887368314971722,0.2153142929065388,71
positive,fg_fluoro_count,rot_bonds,-0.14842170102579966,0.21672629043195443,71
positive,fg_BB_SA21_ab_unsat_alkoxy_count,rot_bonds,-0.14842170102579966,0.21672629043195443,71
positive,fg_BB_SA24_quinone_para_count,rot_bonds,-0.14842170102579966,0.21672629043195443,71
positive,fg_hydrazine_like_count,fraction_csp3,-0.14833667291924651,0.21699264586455377,71
positive,fg_fluoro_count,fraction_csp3,-0.14833667291924651,0.21699264586455377,71
positive,fg_BB_SA9_aliphatic_Nnitro_count,fraction_csp3,-0.14833667291924651,0.21699264586455377,71
positive,fg_BB_SA10_N_nitroso_count,fraction_csp3,-0.14833667291924651,0.21699264586455377,71
positive,fg_BB_SA12b_hydrazine_general_count,fraction_csp3,-0.14833667291924651,0.21699264586455377,71
positive,fg_BB_SA24_quinone_para_count,fraction_csp3,-0.14833667291924651,0.21699264586455377,71
positive,fg_BB_SA18_sulphonate_ester_count,hba,0.14817627161422364,0.21749573909387881,71
positive,fg_heteroaromatic_ring_count,logp,0.1476594678090278,0.21912225444299316,71
positive,fg_BB_SA18_sulphonate_ester_count,hbd,-0.14660534080822218,0.22246630314517324,71
positive,fg_BB_SA5_nitro_aromatic_count,fraction_csp3,-0.1452150820081851,0.22693109032785394,71
positive,fg_urea_count,aromatic_ring_count,0.1451204984234703,0.22723709776131817,71
positive,fg_imine_count,aromatic_ring_count,0.1451204984234703,0.22723709776131817,71
positive,bb_n_genotox_alerts,hbd,0.14509075326224946,0.22733339208966982,71
positive,fg_azo_count,fraction_csp3,-0.14368019841462742,0.23193249699660035,71
positive,fg_BB_SA8_aromatic_diazo_count,fraction_csp3,-0.14368019841462742,0.23193249699660035,71
positive,fg_imine_count,heavy_atom_count,0.14324039515595802,0.23337959308234968,71
positive,fg_BB_SA18_sulphonate_ester_count,aromatic_ring_count,-0.14303357611450498,0.234062255100821,71
positive,fg_BB_SA34_halobenzene_count,rot_bonds,-0.14258544289847194,0.2355461844304631,71
positive,fg_azo_count,heteroatom_count,0.14258324583353202,0.2355534757015124,71
positive,fg_BB_SA8_aromatic_diazo_count,heteroatom_count,0.14258324583353202,0.2355534757015124,71
positive,fg_nitrile_count,heteroatom_count,0.14141578744346128,0.239449967562273,71
positive,fg_hydrazine_like_count,mw,-0.13997318943272982,0.24432586735604134,71
positive,fg_BB_SA9_aliphatic_Nnitro_count,mw,-0.13997318943272982,0.24432586735604134,71
positive,fg_BB_SA10_N_nitroso_count,mw,-0.13997318943272982,0.24432586735604134,71
positive,fg_BB_SA12b_hydrazine_general_count,mw,-0.13997318943272982,0.24432586735604134,71
positive,bb_n_nongenotox_alerts,heteroatom_count,0.13835727610505846,0.24986802091583804,71
positive,fg_aromatic_ring_count,rot_bonds,-0.13718550315741368,0.253940222026457,71
positive,bb_any_nongenotox_alert,ring_count,-0.1361181062867981,0.2576888068229187,71
positive,fg_chloro_count,logp,0.1360598263730074,0.25789455485261514,71
positive,fg_amine_primary_count,tpsa,0.13467155459763522,0.2628285858047411,71
positive,fg_amine_secondary_count,tpsa,0.13467155459763522,0.2628285858047411,71
positive,bb_any_nongenotox_alert,heteroatom_count,0.13463810129370263,0.2629482627101536,71
positive,fg_BB_SA2_primary_aromatic_amine_count,heteroatom_count,-0.13457597018688985,0.26317063010361796,71
positive,fg_BB_SA2c_aromatic_amine_general_count,heteroatom_count,-0.13457597018688985,0.26317063010361796,71
positive,fg_fused_ring_like_count,heteroatom_count,0.13419599607861837,0.26453332016911185,71
positive,fg_ester_count,aromatic_ring_count,-0.13414879151941478,0.2647029400921376,71
positive,fg_BB_SA6b_aromatic_dialkylamine_count,logp,0.13407872751330954,0.26495483590012847,71
positive,fg_BB_SA20_ab_unsat_carbonyl_count,heavy_atom_count,0.13328703872328648,0.2678123607202963,71
positive,fg_sulfone_count,heavy_atom_count,-0.13324744222070817,0.26795582235179793,71
positive,fg_BB_SA2_primary_aromatic_amine_count,tpsa,0.13284711553717313,0.26940914202115546,71
positive,fg_BB_SA2c_aromatic_amine_general_count,tpsa,0.13284711553717313,0.26940914202115546,71
positive,fg_fused_ring_like_count,hba,0.13272103358608436,0.2698679550737417,71
positive,fg_fluoro_count,heteroatom_count,-0.1324837526737292,0.2707328427584851,71
positive,fg_chloro_count,ring_count,-0.13239782171655784,0.27104651844251104,71
positive,fg_bromo_count,heavy_atom_count,-0.130799631882379,0.27692482403066526,71
positive,fg_heteroaromatic_ring_count,mw,0.13057464594944368,0.27775911620246874,71
positive,fg_BB_SA34_halobenzene_count,logp,0.1298239416651167,0.28055497666083207,71
positive,fg_fused_ring_like_count,mw,0.12876706221237114,0.2845227117969454,71
positive,fg_amine_tertiary_count,logp,-0.1283098327234092,0.2862506936670032,71
positive,fg_carboxylic_acid_count,mw,-0.12830875698000233,0.28625476732237765,71
positive,fg_amide_count,rot_bonds,0.12816369633676092,0.2868044378850866,71
positive,bb_n_alerts,hbd,0.12802823684894166,0.28731835623259944,71
positive,fg_amide_count,ring_count,0.12772149814231673,0.2884843343153776,71
positive,fg_fused_ring_like_count,tpsa,0.12719128460238066,0.2905071342849712,71
positive,bb_any_alert,rot_bonds,0.1266697106389136,0.29250605875613767,71
positive,bb_n_nongenotox_alerts,ring_count,-0.12628136098357978,0.2940002565834358,71
positive,bb_n_genotox_alerts,mw,0.12522070582977152,0.29810665462256153,71
positive,fg_BB_SA20_ab_unsat_carbonyl_count,heteroatom_count,0.12372511775243411,0.3039602917349368,71
positive,fg_hydrazine_like_count,heavy_atom_count,-0.12277748156224974,0.3077076636723829,71
positive,fg_aldehyde_count,heavy_atom_count,-0.12277748156224974,0.3077076636723829,71
positive,fg_sulfide_count,heavy_atom_count,-0.12277748156224974,0.3077076636723829,71
positive,fg_BB_SA9_aliphatic_Nnitro_count,heavy_atom_count,-0.12277748156224974,0.3077076636723829,71
positive,fg_BB_SA10_N_nitroso_count,heavy_atom_count,-0.12277748156224974,0.3077076636723829,71
positive,fg_BB_SA12b_hydrazine_general_count,heavy_atom_count,-0.12277748156224974,0.3077076636723829,71
positive,fg_BB_SA22_simple_aldehyde_count,heavy_atom_count,-0.12277748156224974,0.3077076636723829,71
positive,fg_aromatic_ring_count,heteroatom_count,0.12274911980732155,0.3078202775093344,71
positive,fg_BB_SA24_quinone_para_count,logp,-0.12247756759961789,0.30889985920783203,71
positive,fg_imine_count,mw,0.1224765407536386,0.3089039461723958,71
positive,fg_alcohol_count,mw,-0.1224765407536386,0.3089039461723958,71
positive,fg_sulfoxide_count,mw,-0.1224765407536386,0.3089039461723958,71
positive,fg_amine_primary_count,ring_count,-0.12242960077267064,0.3090908099995883,71
positive,fg_amine_secondary_count,ring_count,-0.12242960077267064,0.3090908099995883,71
positive,fg_hydrazine_like_count,ring_count,-0.12242960077267064,0.3090908099995883,71
positive,fg_alcohol_count,ring_count,-0.12242960077267064,0.3090908099995883,71
positive,fg_aldehyde_count,ring_count,-0.12242960077267064,0.3090908099995883,71
positive,fg_carboxylic_acid_count,ring_count,-0.12242960077267064,0.3090908099995883,71
positive,fg_fluoro_count,ring_count,-0.12242960077267064,0.3090908099995883,71
positive,fg_sulfide_count,ring_count,-0.12242960077267064,0.3090908099995883,71
positive,fg_sulfoxide_count,ring_count,-0.12242960077267064,0.3090908099995883,71
positive,fg_metal_halide_like_count,ring_count,-0.12242960077267064,0.3090908099995883,71
positive,fg_BB_SA1_acyl_halides_count,ring_count,-0.12242960077267064,0.3090908099995883,71
positive,fg_BB_SA9_aliphatic_Nnitro_count,ring_count,-0.12242960077267064,0.3090908099995883,71
positive,fg_BB_SA10_N_nitroso_count,ring_count,-0.12242960077267064,0.3090908099995883,71
positive,fg_BB_SA12b_hydrazine_general_count,ring_count,-0.12242960077267064,0.3090908099995883,71
positive,fg_BB_SA22_simple_aldehyde_count,ring_count,-0.12242960077267064,0.3090908099995883,71
positive,fg_BB_SA7_aromatic_Nacylamine_count,fraction_csp3,-0.12129702228797448,0.31362164948726307,71
positive,fg_hydrazine_like_count,hba,0.12127564291764063,0.3137075858612998,71
positive,fg_BB_SA9_aliphatic_Nnitro_count,hba,0.12127564291764063,0.3137075858612998,71
positive,fg_BB_SA10_N_nitroso_count,hba,0.12127564291764063,0.3137075858612998,71
positive,fg_BB_SA12b_hydrazine_general_count,hba,0.12127564291764063,0.3137075858612998,71
positive,fg_ketone_count,fraction_csp3,-0.12083182483293385,0.31549497622567735,71
positive,fg_carbamate_count,heteroatom_count,0.12070741910273104,0.31599716756426754,71
positive,fg_BB_SA19_alkyl_carbamate_count,heteroatom_count,0.12070741910273104,0.31599716756426754,71
positive,fg_BB_SA45_imidazole_count,heteroatom_count,0.12070741910273104,0.31599716756426754,71
positive,fg_BB_SA45b_benzimidazole_count,heteroatom_count,0.12070741910273104,0.31599716756426754,71
positive,fg_BB_SA34_halobenzene_count,hba,-0.11955637978010142,0.32066792097384633,71
positive,fg_epoxide_count,tpsa,0.11890878018859288,0.3233150844838575,71
positive,fg_BB_SA16_epoxide_count,tpsa,0.11890878018859288,0.3233150844838575,71
positive,fg_ammonium_quaternary_count,hbd,-0.11885679301760008,0.32352819242553976,71
positive,fg_sulfone_count,hbd,-0.11885679301760008,0.32352819242553976,71
positive,fg_BB_SA23_monohaloalkene_count,hbd,-0.11885679301760008,0.32352819242553976,71
positive,fg_BB_SA47_n_alkylcarboxylic_acid_count,hbd,-0.11885679301760008,0.32352819242553976,71
positive,fg_amine_primary_count,rot_bonds,0.11873736082063971,0.32401811279580495,71
positive,fg_amine_secondary_count,rot_bonds,0.11873736082063971,0.32401811279580495,71
positive,fg_metal_halide_like_count,rot_bonds,0.11873736082063971,0.32401811279580495,71
positive,fg_urea_count,hbd,0.11820945385923276,0.32618928716365936,71
positive,fg_carboxylic_acid_count,hbd,0.11820945385923276,0.32618928716365936,71
positive,fg_BB_SA21_ab_unsat_alkoxy_count,hbd,0.11820945385923276,0.32618928716365936,71
positive,fg_BB_SA18_sulphonate_ester_count,rot_bonds,-0.1177763604624428,0.3279774019395676,71
positive,fg_amide_count,hba,0.11728101108384177,0.3300301634756445,71
positive,fg_BB_SA13_aliphatic_halogen_count,heavy_atom_count,-0.11653212233219051,0.3331490215284586,71
positive,fg_BB_SA40_alkyl_halides_nongx_count,heavy_atom_count,-0.11653212233219051,0.3331490215284586,71
positive,fg_phenol_count,tpsa,0.11638998213999228,0.3337430794218581,71
positive,fg_ammonium_quaternary_count,logp,-0.11630670872097201,0.33409142095970823,71
positive,fg_azo_count,rot_bonds,0.11627853905905379,0.33420930952697836,71
positive,fg_BB_SA8_aromatic_diazo_count,rot_bonds,0.11627853905905379,0.33420930952697836,71
positive,fg_ammonium_quaternary_count,aromatic_ring_count,-0.11596106974743592,0.33553971539435157,71
positive,fg_sulfone_count,aromatic_ring_count,-0.11596106974743592,0.33553971539435157,71
positive,fg_BB_SA23_monohaloalkene_count,aromatic_ring_count,-0.11596106974743592,0.33553971539435157,71
positive,fg_BB_SA47_n_alkylcarboxylic_acid_count,aromatic_ring_count,-0.11596106974743592,0.33553971539435157,71
positive,fg_BB_SA16b_aziridine_count,aromatic_ring_count,-0.11594923638144283,0.3355893693935563,71
positive,fg_BB_SA13_aliphatic_halogen_count,tpsa,-0.11371382209399704,0.3450523258455287,71
positive,fg_BB_SA40_alkyl_halides_nongx_count,tpsa,-0.11371382209399704,0.3450523258455287,71
positive,fg_BB_SA47_n_alkylcarboxylic_acid_count,tpsa,0.11259556341850094,0.3498479689906322,71
positive,fg_BB_SA13_aliphatic_halogen_count,hba,-0.11186727821900407,0.35299334559854945,71
positive,fg_BB_SA40_alkyl_halides_nongx_count,hba,-0.11186727821900407,0.35299334559854945,71
positive,fg_bromo_count,mw,0.1117192577436799,0.3536347608593581,71
positive,fg_BB_SA5_nitro_aromatic_count,rot_bonds,0.11158147081649726,0.35423247831647753,71
positive,fg_BB_SA18_sulphonate_ester_count,heavy_atom_count,-0.11154772356366903,0.3543789684578834,71
positive,fg_alcohol_count,tpsa,0.11125041466761171,0.355671144148064,71
positive,fg_sulfoxide_count,tpsa,0.11125041466761171,0.355671144148064,71
positive,fg_carboxylic_acid_count,logp,-0.11081303735203524,0.35757736644428384,71
positive,fg_aldehyde_count,mw,-0.11081210830091112,0.3575814222121878,71
positive,fg_sulfide_count,mw,-0.11081210830091112,0.3575814222121878,71
positive,fg_BB_SA22_simple_aldehyde_count,mw,-0.11081210830091112,0.3575814222121878,71
positive,fg_BB_SA13_aliphatic_halogen_count,fraction_csp3,0.10916732005917704,0.364806104983488,71
positive,fg_BB_SA40_alkyl_halides_nongx_count,fraction_csp3,0.10916732005917704,0.364806104983488,71
positive,fg_heteroaromatic_ring_count,heteroatom_count,0.1076172579977362,0.3716957125503385,71
positive,fg_BB_SA16b_aziridine_count,tpsa,0.10630003808824723,0.3776119864976394,71
positive,fg_urea_count,logp,0.1049807722282439,0.3835939849636547,71
positive,fg_BB_SA1_acyl_halides_count,mw,0.10497989207454737,0.38359799472384504,71
positive,fg_BB_SA24_quinone_para_count,mw,-0.10497989207454737,0.38359799472384504,71
positive,fg_halogen_any_count,aromatic_ring_count,-0.10218233513280948,0.3964694710104477,71
positive,fg_phenol_count,logp,-0.09978745063236101,0.4076881854734621,71
positive,fg_aldehyde_count,tpsa,-0.09953984470259997,0.4088585416839401,71
positive,fg_sulfide_count,tpsa,-0.09953984470259997,0.4088585416839401,71
positive,fg_BB_SA1_acyl_halides_count,tpsa,-0.09953984470259997,0.4088585416839401,71
positive,fg_BB_SA22_simple_aldehyde_count,tpsa,-0.09953984470259997,0.4088585416839401,71
positive,fg_BB_SA34_halobenzene_count,ring_count,0.09930006262898883,0.40999377896543965,71
positive,fg_amide_count,fraction_csp3,-0.09926996209772834,0.41013641790902367,71
positive,bb_n_nongenotox_alerts,heavy_atom_count,0.0990635784893678,0.4111151952912798,71
positive,fg_sulfone_count,heteroatom_count,0.09645337218150694,0.42361072840235914,71
positive,bb_any_nongenotox_alert,heavy_atom_count,0.09605617020467443,0.42553107304274584,71
positive,bb_n_alerts,logp,-0.0958687762147265,0.42643878600640095,71
positive,fg_ammonium_quaternary_count,mw,-0.09553685260917859,0.4280492898123823,71
positive,fg_sulfone_count,fraction_csp3,0.09508248424497401,0.43025950352715614,71
positive,fg_urea_count,hba,-0.09465416032596344,0.4323489478976139,71
positive,fg_carboxylic_acid_count,hba,-0.09465416032596344,0.4323489478976139,71
positive,fg_BB_SA1_acyl_halides_count,hba,-0.09465416032596344,0.4323489478976139,71
positive,fg_carbamate_count,heavy_atom_count,0.09354474785695219,0.43778750701132674,71
positive,fg_BB_SA1_acyl_halides_count,heavy_atom_count,-0.09354474785695219,0.43778750701132674,71
positive,fg_BB_SA19_alkyl_carbamate_count,heavy_atom_count,0.09354474785695219,0.43778750701132674,71
positive,fg_BB_SA45_imidazole_count,heavy_atom_count,0.09354474785695219,0.43778750701132674,71
positive,fg_BB_SA45b_benzimidazole_count,heavy_atom_count,0.09354474785695219,0.43778750701132674,71
positive,fg_sulfone_count,hba,0.09269405520297956,0.4419837133038822,71
positive,fg_ketone_count,hbd,0.09216781437538761,0.444590728750886,71
positive,fg_amine_tertiary_count,fraction_csp3,0.09196873720993284,0.44557919641205557,71
positive,fg_BB_SA20_ab_unsat_carbonyl_count,logp,-0.09166518967649552,0.44708874038938706,71
positive,fg_halogen_any_count,logp,0.09085358871788002,0.4511387772486367,71
positive,fg_BB_SA34_halobenzene_count,hbd,0.08961070757865557,0.4573801548096269,71
positive,fg_imine_count,rot_bonds,0.08905302061547977,0.46019602812258686,71
positive,fg_phenol_count,heteroatom_count,-0.08778269918318767,0.4666454078807716,71
positive,fg_BB_SA21_ab_unsat_alkoxy_count,logp,-0.08748397685686991,0.46816910286753044,71
positive,fg_fused_ring_like_count,logp,0.08723003154072902,0.46946651969447717,71
positive,fg_BB_SA20_ab_unsat_carbonyl_count,mw,0.08669361637202551,0.4722134657857884,71
positive,fg_BB_SA6b_aromatic_dialkylamine_count,hbd,0.08626542745522933,0.4744123928372991,71
positive,fg_phenol_count,mw,-0.08591115242070646,0.47623589215445183,71
positive,fg_amine_tertiary_count,hbd,-0.08344196743004664,0.4890488064979661,71
positive,fg_hydrazine_like_count,hbd,-0.08344196743004664,0.4890488064979661,71
positive,fg_imine_count,hbd,-0.08344196743004664,0.4890488064979661,71
positive,fg_aldehyde_count,hbd,-0.08344196743004664,0.4890488064979661,71
positive,fg_fluoro_count,hbd,-0.08344196743004664,0.4890488064979661,71
positive,fg_sulfide_count,hbd,-0.08344196743004664,0.4890488064979661,71
positive,fg_metal_halide_like_count,hbd,-0.08344196743004664,0.4890488064979661,71
positive,fg_BB_SA1_acyl_halides_count,hbd,-0.08344196743004664,0.4890488064979661,71
positive,fg_BB_SA9_aliphatic_Nnitro_count,hbd,-0.08344196743004664,0.4890488064979661,71
positive,fg_BB_SA10_N_nitroso_count,hbd,-0.08344196743004664,0.4890488064979661,71
positive,fg_BB_SA12b_hydrazine_general_count,hbd,-0.08344196743004664,0.4890488064979661,71
positive,fg_BB_SA22_simple_aldehyde_count,hbd,-0.08344196743004664,0.4890488064979661,71
positive,fg_BB_SA24_quinone_para_count,hbd,-0.08344196743004664,0.4890488064979661,71
positive,fg_carbamate_count,fraction_csp3,-0.08306853683477804,0.49100226986137885,71
positive,fg_BB_SA19_alkyl_carbamate_count,fraction_csp3,-0.08306853683477804,0.49100226986137885,71
positive,fg_BB_SA45_imidazole_count,fraction_csp3,-0.08306853683477804,0.49100226986137885,71
positive,fg_BB_SA45b_benzimidazole_count,fraction_csp3,-0.08306853683477804,0.49100226986137885,71
positive,fg_ketone_count,logp,-0.0828458541496318,0.49216910005008696,71
positive,fg_bromo_count,rot_bonds,-0.08211020811975149,0.49603411353405324,71
positive,fg_urea_count,heavy_atom_count,0.08185165437483316,0.49739628185187945,71
positive,fg_amine_primary_count,aromatic_ring_count,-0.08140906009121507,0.49973256656788034,71
positive,fg_amine_secondary_count,aromatic_ring_count,-0.08140906009121507,0.49973256656788034,71
positive,fg_amine_tertiary_count,aromatic_ring_count,-0.08140906009121507,0.49973256656788034,71
positive,fg_hydrazine_like_count,aromatic_ring_count,-0.08140906009121507,0.49973256656788034,71
positive,fg_alcohol_count,aromatic_ring_count,-0.08140906009121507,0.49973256656788034,71
positive,fg_aldehyde_count,aromatic_ring_count,-0.08140906009121507,0.49973256656788034,71
positive,fg_carboxylic_acid_count,aromatic_ring_count,-0.08140906009121507,0.49973256656788034,71
positive,fg_fluoro_count,aromatic_ring_count,-0.08140906009121507,0.49973256656788034,71
positive,fg_sulfide_count,aromatic_ring_count,-0.08140906009121507,0.49973256656788034,71
positive,fg_sulfoxide_count,aromatic_ring_count,-0.08140906009121507,0.49973256656788034,71
positive,fg_metal_halide_like_count,aromatic_ring_count,-0.08140906009121507,0.49973256656788034,71
positive,fg_BB_SA1_acyl_halides_count,aromatic_ring_count,-0.08140906009121507,0.49973256656788034,71
positive,fg_BB_SA9_aliphatic_Nnitro_count,aromatic_ring_count,-0.08140906009121507,0.49973256656788034,71
positive,fg_BB_SA10_N_nitroso_count,aromatic_ring_count,-0.08140906009121507,0.49973256656788034,71
positive,fg_BB_SA12b_hydrazine_general_count,aromatic_ring_count,-0.08140906009121507,0.49973256656788034,71
positive,fg_BB_SA21_ab_unsat_alkoxy_count,aromatic_ring_count,-0.08140906009121507,0.49973256656788034,71
positive,fg_BB_SA22_simple_aldehyde_count,aromatic_ring_count,-0.08140906009121507,0.49973256656788034,71
positive,fg_BB_SA24_quinone_para_count,aromatic_ring_count,-0.08140906009121507,0.49973256656788034,71
positive,fg_ammonium_quaternary_count,ring_count,0.08048849443941067,0.5046100653741361,71
positive,fg_sulfone_count,ring_count,0.08048849443941067,0.5046100653741361,71
positive,fg_fused_ring_like_count,fraction_csp3,-0.08029187558464473,0.5056549970695228,71
positive,fg_BB_SA20_ab_unsat_carbonyl_count,fraction_csp3,-0.07997645888204216,0.5073336046394971,71
positive,fg_sulfone_count,mw,-0.07892174780758231,0.5129673603617111,71
positive,fg_BB_SA7_aromatic_Nacylamine_count,hba,0.07860943874848934,0.5146416595085752,71
positive,fg_alkene_count,logp,0.07800433334546321,0.5178935361582473,71
positive,fg_fused_ring_like_count,hbd,0.07676167882386672,0.5246040844920611,71
positive,fg_BB_SA16b_aziridine_count,hba,0.0766635712017468,0.5251357315398641,71
positive,fg_aldehyde_count,heteroatom_count,-0.07654616821148799,0.5257722948328918,71
positive,fg_sulfide_count,heteroatom_count,-0.07654616821148799,0.5257722948328918,71
positive,fg_BB_SA22_simple_aldehyde_count,heteroatom_count,-0.07654616821148799,0.5257722948328918,71
positive,fg_BB_SA24_quinone_para_count,heteroatom_count,-0.07654616821148799,0.5257722948328918,71
positive,fg_ketone_count,heteroatom_count,-0.0763521486873518,0.5268251208893311,71
positive,fg_ammonium_quaternary_count,heavy_atom_count,-0.07495168624914834,0.5344556677311623,71
positive,fg_ketone_count,mw,-0.07352822673438286,0.5422670118674107,71
positive,fg_BB_SA18_sulphonate_ester_count,tpsa,0.07331713097510088,0.5434301387847186,71
positive,fg_ester_count,ring_count,-0.07206054196851223,0.5503789093060616,71
positive,fg_halogen_any_count,hbd,-0.07170167450502561,0.5523712233519336,71
positive,fg_ether_count,aromatic_ring_count,0.07124027070791678,0.5549378612774177,71
positive,fg_aniline_count,rot_bonds,-0.07031561506779693,0.560098512366358,71
positive,fg_aldehyde_count,logp,-0.06998718148549593,0.5619370126329085,71
positive,fg_sulfide_count,logp,-0.06998718148549593,0.5619370126329085,71
positive,fg_BB_SA1_acyl_halides_count,logp,0.06998718148549593,0.5619370126329085,71
positive,fg_BB_SA22_simple_aldehyde_count,logp,-0.06998718148549593,0.5619370126329085,71
positive,fg_bromo_count,hbd,-0.06895073192686436,0.5677574624418189,71
positive,bb_n_nongenotox_alerts,aromatic_ring_count,0.06866165933206113,0.5693858427265762,71
positive,fg_urea_count,heteroatom_count,0.06771391803323938,0.5747398183636498,71
positive,fg_alcohol_count,heteroatom_count,0.06771391803323938,0.5747398183636498,71
positive,fg_sulfoxide_count,heteroatom_count,0.06771391803323938,0.5747398183636498,71
positive,fg_BB_SA13_aliphatic_halogen_count,hbd,-0.0675209452362459,0.5758328067436165,71
positive,fg_BB_SA40_alkyl_halides_nongx_count,hbd,-0.0675209452362459,0.5758328067436165,71
positive,fg_nitrile_count,fraction_csp3,-0.06603832700714782,0.5842621262658002,71
positive,fg_BB_SA20_ab_unsat_carbonyl_count,rot_bonds,0.06549691859042306,0.587354201229026,71
positive,fg_amine_primary_count,hba,0.06507473522409987,0.589770489917071,71
positive,fg_amine_secondary_count,hba,0.06507473522409987,0.589770489917071,71
positive,fg_carbamate_count,hba,0.06507473522409987,0.589770489917071,71
positive,fg_BB_SA19_alkyl_carbamate_count,hba,0.06507473522409987,0.589770489917071,71
positive,fg_BB_SA21_ab_unsat_alkoxy_count,hba,0.06507473522409987,0.589770489917071,71
positive,fg_BB_SA45_imidazole_count,hba,0.06507473522409987,0.589770489917071,71
positive,fg_BB_SA45b_benzimidazole_count,hba,0.06507473522409987,0.589770489917071,71
positive,fg_urea_count,mw,0.06415437849000116,0.5950534498020446,71
positive,fg_aldehyde_count,rot_bonds,0.06233711443083585,0.6055463049649878,71
positive,fg_sulfide_count,rot_bonds,0.06233711443083585,0.6055463049649878,71
positive,fg_BB_SA22_simple_aldehyde_count,rot_bonds,0.06233711443083585,0.6055463049649878,71
positive,fg_BB_SA2_primary_aromatic_amine_count,mw,-0.06181596897002264,0.6085702753595061,71
positive,fg_BB_SA2c_aromatic_amine_general_count,mw,-0.06181596897002264,0.6085702753595061,71
positive,fg_BB_SA2_primary_aromatic_amine_count,logp,0.059730441547930724,0.6207368694397165,71
positive,fg_BB_SA2c_aromatic_amine_general_count,logp,0.059730441547930724,0.6207368694397165,71
positive,fg_urea_count,fraction_csp3,-0.059334669167698605,0.6230573710778411,71
positive,bb_any_nongenotox_alert,aromatic_ring_count,0.058752328998671145,0.6264784228184669,71
positive,fg_epoxide_count,aromatic_ring_count,0.05818055092774477,0.6298450914927668,71
positive,fg_BB_SA16_epoxide_count,aromatic_ring_count,0.05818055092774477,0.6298450914927668,71
positive,fg_BB_SA7_aromatic_Nacylamine_count,rot_bonds,0.057649111719625,0.6329810021540552,71
positive,fg_nitrile_count,ring_count,0.05700559150923432,0.6367869289255306,71
positive,fg_BB_SA18_sulphonate_ester_count,mw,-0.05696013004307944,0.637056154841678,71
positive,fg_BB_SA13_aliphatic_halogen_count,mw,0.056632905175404376,0.6389953838200975,71
positive,fg_BB_SA40_alkyl_halides_nongx_count,mw,0.056632905175404376,0.6389953838200975,71
positive,fg_urea_count,ring_count,0.05650596958738645,0.6397482920063612,71
positive,fg_imine_count,ring_count,0.05650596958738645,0.6397482920063612,71
positive,fg_BB_SA21_ab_unsat_alkoxy_count,ring_count,0.05650596958738645,0.6397482920063612,71
positive,fg_BB_SA24_quinone_para_count,ring_count,0.05650596958738645,0.6397482920063612,71
positive,fg_aldehyde_count,fraction_csp3,0.05636793570931368,0.6405674408539079,71
positive,fg_sulfide_count,fraction_csp3,0.05636793570931368,0.6405674408539079,71
positive,fg_BB_SA1_acyl_halides_count,fraction_csp3,0.05636793570931368,0.6405674408539079,71
positive,fg_BB_SA22_simple_aldehyde_count,fraction_csp3,0.05636793570931368,0.6405674408539079,71
positive,fg_BB_SA34_halobenzene_count,tpsa,-0.054878465145690974,0.6494336465316664,71
positive,fg_BB_SA24_quinone_para_count,heavy_atom_count,-0.05261892066953561,0.662976669704749,71
positive,fg_ether_count,logp,-0.05181179782484889,0.6678408457472454,71
positive,fg_fused_ring_like_count,rot_bonds,0.05073972613485984,0.6743228826006014,71
positive,fg_phenol_count,hba,0.05036244193394533,0.6766097115219332,71
positive,fg_urea_count,rot_bonds,-0.047494944328255885,0.694084574197538,71
positive,fg_carbamate_count,rot_bonds,-0.047494944328255885,0.694084574197538,71
positive,fg_hydrazine_like_count,rot_bonds,-0.047494944328255885,0.694084574197538,71
positive,fg_alcohol_count,rot_bonds,-0.047494944328255885,0.694084574197538,71
positive,fg_carboxylic_acid_count,rot_bonds,-0.047494944328255885,0.694084574197538,71
positive,fg_sulfoxide_count,rot_bonds,-0.047494944328255885,0.694084574197538,71
positive,fg_BB_SA1_acyl_halides_count,rot_bonds,-0.047494944328255885,0.694084574197538,71
positive,fg_BB_SA9_aliphatic_Nnitro_count,rot_bonds,-0.047494944328255885,0.694084574197538,71
positive,fg_BB_SA10_N_nitroso_count,rot_bonds,-0.047494944328255885,0.694084574197538,71
positive,fg_BB_SA12b_hydrazine_general_count,rot_bonds,-0.047494944328255885,0.694084574197538,71
positive,fg_BB_SA19_alkyl_carbamate_count,rot_bonds,-0.047494944328255885,0.694084574197538,71
positive,fg_BB_SA45_imidazole_count,rot_bonds,-0.047494944328255885,0.694084574197538,71
positive,fg_BB_SA45b_benzimidazole_count,rot_bonds,-0.047494944328255885,0.694084574197538,71
positive,fg_imine_count,fraction_csp3,-0.04746773533415888,0.6942511709367023,71
positive,fg_BB_SA21_ab_unsat_alkoxy_count,tpsa,0.046842279860047034,0.6980847137836266,71
positive,fg_metal_halide_like_count,heavy_atom_count,0.046772373928476094,0.6985136519583464,71
positive,fg_carbamate_count,mw,0.04665772981090994,0.6992173045113335,71
positive,fg_BB_SA19_alkyl_carbamate_count,mw,0.04665772981090994,0.6992173045113335,71
positive,fg_BB_SA45_imidazole_count,mw,0.04665772981090994,0.6992173045113335,71
positive,fg_BB_SA45b_benzimidazole_count,mw,0.04665772981090994,0.6992173045113335,71
positive,bb_any_genotox_alert,fraction_csp3,-0.04581736022429695,0.7043829339725001,71
positive,fg_BB_SA6b_aromatic_dialkylamine_count,fraction_csp3,-0.044538498357751415,0.7122694975311814,71
positive,fg_urea_count,tpsa,-0.04098699487754116,0.734327221934823,71
positive,fg_fluoro_count,logp,-0.04082585586653929,0.7353332874682252,71
positive,fg_bromo_count,fraction_csp3,0.04047652648113827,0.7375158362060077,71
positive,fg_alkene_count,rot_bonds,-0.04028503213107739,0.7387131395820916,71
positive,bb_n_genotox_alerts,rot_bonds,-0.040239890679971836,0.7389954733604356,71
positive,bb_any_nongenotox_alert,hba,-0.03907854977316839,0.7462707269009279,71
positive,fg_ketone_count,hba,0.03831321596205357,0.7510773493350036,71
positive,fg_BB_SA23_monohaloalkene_count,logp,-0.037384299231741004,0.7569240432776825,71
positive,fg_chloro_count,aromatic_ring_count,0.035765188736166874,0.7671473053658098,71
positive,bb_n_nongenotox_alerts,hba,-0.035386566945876746,0.7695437712082069,71
positive,fg_BB_SA24_quinone_para_count,tpsa,-0.03513170989503527,0.7711580896600692,71
positive,fg_BB_SA34_halobenzene_count,heteroatom_count,0.03449165547401495,0.7752165919329334,71
positive,fg_ketone_count,tpsa,0.03438148017897945,0.775915808861078,71
positive,fg_BB_SA34_halobenzene_count,heavy_atom_count,0.032535461220608825,0.7876574099796966,71
positive,fg_bromo_count,hba,-0.0325236633277877,0.7877326055432492,71
positive,bb_any_genotox_alert,rot_bonds,0.03244317949991876,0.7882456323725624,71
positive,fg_BB_SA13_aliphatic_halogen_count,rot_bonds,-0.030341637747171052,0.8016726452231872,71
positive,fg_BB_SA40_alkyl_halides_nongx_count,rot_bonds,-0.030341637747171052,0.8016726452231872,71
positive,bb_any_genotox_alert,hbd,0.02973815166276747,0.8055391915771286,71
positive,fg_bromo_count,tpsa,-0.029409648486430955,0.8076458801962727,71
positive,fg_BB_SA21_ab_unsat_alkoxy_count,mw,-0.029161081131818714,0.8092408490849687,71
positive,fg_nitrile_count,hbd,-0.02851249786593586,0.8134062143781486,71
positive,fg_BB_SA34_halobenzene_count,mw,0.02733112699526189,0.8210064780807554,71
positive,fg_BB_SA13_aliphatic_halogen_count,logp,0.0268263378885373,0.8242590643914749,71
positive,fg_BB_SA40_alkyl_halides_nongx_count,logp,0.0268263378885373,0.8242590643914749,71
positive,fg_halogen_any_count,heteroatom_count,-0.026433472942554406,0.8267925195257793,71
positive,fg_BB_SA5_nitro_aromatic_count,hbd,-0.025179868785136755,0.8348882713772127,71
positive,fg_bromo_count,heteroatom_count,0.0250411320056742,0.8357852998394179,71
positive,bb_n_nongenotox_alerts,hbd,0.02419363534280958,0.8412694429508788,71
positive,fg_carboxylic_acid_count,tpsa,-0.023421139930023517,0.8462748318861187,71
positive,fg_carbamate_count,logp,0.023329060495165314,0.8468718701450884,71
positive,fg_BB_SA19_alkyl_carbamate_count,logp,0.023329060495165314,0.8468718701450884,71
positive,fg_BB_SA45_imidazole_count,logp,0.023329060495165314,0.8468718701450884,71
positive,fg_BB_SA45b_benzimidazole_count,logp,0.023329060495165314,0.8468718701450884,71
positive,fg_BB_SA2_primary_aromatic_amine_count,heavy_atom_count,0.023107249955490378,0.8483104305260545,71
positive,fg_BB_SA2c_aromatic_amine_general_count,heavy_atom_count,0.023107249955490378,0.8483104305260545,71
positive,fg_BB_SA16b_aziridine_count,hbd,0.022736713916894188,0.8507146559799716,71
positive,fg_ammonium_quaternary_count,rot_bonds,-0.021141552556191597,0.8610801101544111,71
positive,fg_sulfone_count,tpsa,0.020851030262685356,0.8629705170727465,71
positive,fg_bromo_count,logp,-0.018550084870383614,0.8779688675883797,71
positive,fg_amine_primary_count,mw,-0.017496648679091228,0.8848501788362437,71
positive,fg_amine_secondary_count,mw,-0.017496648679091228,0.8848501788362437,71
positive,bb_any_nongenotox_alert,hbd,0.015310901008973143,0.8991545928595995,71
positive,fg_BB_SA20_ab_unsat_carbonyl_count,hbd,-0.015106292019960006,0.9004953503393096,71
positive,fg_alcohol_count,hba,-0.014789712550931788,0.9025703716234756,71
positive,fg_aldehyde_count,hba,-0.014789712550931788,0.9025703716234756,71
positive,fg_sulfide_count,hba,-0.014789712550931788,0.9025703716234756,71
positive,fg_sulfoxide_count,hba,-0.014789712550931788,0.9025703716234756,71
positive,fg_BB_SA22_simple_aldehyde_count,hba,-0.014789712550931788,0.9025703716234756,71
positive,fg_BB_SA24_quinone_para_count,hba,-0.014789712550931788,0.9025703716234756,71
positive,fg_halogen_any_count,mw,0.014365507925542264,0.9053518408247286,71
positive,bb_any_nongenotox_alert,rot_bonds,0.014077953891977349,0.9072379532648273,71
positive,fg_BB_SA20_ab_unsat_carbonyl_count,ring_count,-0.012236483482005412,0.9193281398463264,71
positive,fg_BB_SA13_aliphatic_halogen_count,heteroatom_count,-0.012037095813197988,0.9206383656532788,71
positive,fg_BB_SA40_alkyl_halides_nongx_count,heteroatom_count,-0.012037095813197988,0.9206383656532788,71
positive,fg_carboxylic_acid_count,fraction_csp3,-0.01186693383353972,0.9217567090105596,71
positive,fg_BB_SA21_ab_unsat_alkoxy_count,fraction_csp3,-0.01186693383353972,0.9217567090105596,71
positive,fg_ketone_count,heavy_atom_count,-0.01182203170117353,0.9220518413941119,71
positive,fg_imine_count,logp,0.011664530247582657,0.923087148448386,71
positive,bb_n_nongenotox_alerts,rot_bonds,0.01160155580987348,0.9235011351849728,71
positive,fg_ketone_count,aromatic_ring_count,-0.01125780048281625,0.9257612977319527,71
positive,bb_any_alert,hbd,-0.010001840296611516,0.9340239807286802,71
positive,fg_BB_SA18_sulphonate_ester_count,ring_count,-0.008467500517559238,0.9441274161428075,71
positive,bb_any_alert,fraction_csp3,0.007823419002214145,0.9483713258775996,71
positive,fg_amine_primary_count,heteroatom_count,-0.005888166785499077,0.9611310221714204,71
positive,fg_amine_secondary_count,heteroatom_count,-0.005888166785499077,0.9611310221714204,71
positive,fg_carboxylic_acid_count,heteroatom_count,-0.005888166785499077,0.9611310221714204,71
positive,fg_metal_halide_like_count,heteroatom_count,-0.005888166785499077,0.9611310221714204,71
positive,fg_BB_SA1_acyl_halides_count,heteroatom_count,-0.005888166785499077,0.9611310221714204,71
positive,fg_BB_SA21_ab_unsat_alkoxy_count,heteroatom_count,-0.005888166785499077,0.9611310221714204,71
positive,fg_amine_primary_count,heavy_atom_count,-0.005846546741059512,0.9614055540631211,71
positive,fg_amine_secondary_count,heavy_atom_count,-0.005846546741059512,0.9614055540631211,71
positive,fg_BB_SA21_ab_unsat_alkoxy_count,heavy_atom_count,-0.005846546741059512,0.9614055540631211,71
positive,bb_n_nongenotox_alerts,tpsa,0.005302450455717382,0.9649948925884493,71
positive,fg_chloro_count,heteroatom_count,-0.003962106661404703,0.9738397934821602,71
positive,bb_n_nongenotox_alerts,fraction_csp3,-0.003959237386317607,0.9738587315247973,71
positive,fg_BB_SA2_primary_aromatic_amine_count,hba,-0.0023275497249259413,0.9846303553407479,71
positive,fg_BB_SA2c_aromatic_amine_general_count,hba,-0.0023275497249259413,0.9846303553407479,71
positive,fg_phenol_count,heavy_atom_count,0.002274927287405225,0.9849777995216389,71
positive,fg_chloro_count,mw,-0.0022379140191008525,0.9852221844901901,71
positive,bb_any_nongenotox_alert,tpsa,-0.0019834997038456897,0.9869020239569304,71
positive,fg_amide_count,logp,-0.0019305518190896977,0.9872516340976377,71
positive,fg_chloro_count,hbd,0.001508094603127662,0.9900411615512996,71
positive,bb_n_alerts,rot_bonds,-0.00022594045919555237,0.9985079447995815,71
positive,bb_any_nongenotox_alert,fraction_csp3,0.0,1.0,71
