09:10:38 Pipeline v12 -- Bug-Fixed Single Run
  C:\Users\Administrator\Documents\GitHub\Genotox_model\genotox_pipeline_v4_extended\runs\20260527_091038_v12
09:10:38 STEP 1: Load + Clean
09:10:38   [ames] n=14771 pos=0.2843
09:10:38   [invitro] n=1656 pos=0.1051
09:10:38   [invivo] n=2199 pos=0.0350
09:10:38   [invitro_sampling] n=348 pos=0.5000
09:10:38   [invivo_sampling] n=231 pos=0.3333
09:10:42   ⚠ Domain predictor acc: 0.7611
09:10:49   [ames] 14771 → 13560 (conflicts=169)
09:10:50   [invitro] 1656 → 1619 (conflicts=3)
09:10:51   [invivo] 2199 → 2153 (conflicts=2)
09:10:51   [invitro_sampling] 348 → 345 (conflicts=0)
09:10:51   [invivo_sampling] 231 → 231 (conflicts=0)
09:10:51 STEP 2: Preprocessing Flags
09:10:53     Classified 2000/13560 compounds...
09:10:54     Classified 4000/13560 compounds...
09:10:56     Classified 6000/13560 compounds...
09:10:58     Classified 8000/13560 compounds...
09:11:00     Classified 10000/13560 compounds...
09:11:02     Classified 12000/13560 compounds...
09:11:06     Classified 2000/2153 compounds...
09:11:07 STEP 3: Fixed Split
09:11:14   [ames] train=10848 test=2712 pos_diff=0.0136
09:11:15   [invitro] train=1295 test=324 pos_diff=0.0246
09:11:16   [invivo] train=1722 test=431 pos_diff=0.0087
09:11:16   [invitro_sampling] train=276 test=69 pos_diff=0.1304
09:11:16   [invivo_sampling] train=184 test=47 pos_diff=0.0979
09:11:16 STEP 4: Scenario Selection (Train CV)
09:11:21   [ames] FG features: 618 columns (smi_col=_analysis_smiles)
09:11:25   [ames] Physchem features: 13 columns
09:11:35   [ames/raw_all] CV_MCC=0.6410±0.0512
09:11:40   [ames] FG features: 618 columns (smi_col=_analysis_smiles)
09:11:44   [ames] Physchem features: 13 columns
09:11:53   [ames/no_metal] CV_MCC=0.6288±0.0616
09:11:53   salt_stripped: 6062/13560 SMILES changed
09:11:58   [ames] FG features: 618 columns (smi_col=_analysis_smiles)
09:12:02   [ames] Physchem features: 13 columns
09:12:12   [ames/salt_stripped] CV_MCC=0.6410±0.0526
09:12:16 Conditional routing (conditional):
09:12:16   organic_single: 11558 (85.2%)
09:12:16   ionic_salt: 768 (5.7%)
09:12:16   organometallic: 646 (4.8%)
09:12:16   multi_component: 588 (4.3%)
09:12:21   [ames] FG features: 618 columns (smi_col=_analysis_smiles)
09:12:25   [ames] Physchem features: 13 columns
09:12:35   [ames/conditional] CV_MCC=0.6412±0.0524
09:12:35   [ames] * Best: conditional (CV=0.6412)
09:12:35   [invitro] FG features: 618 columns (smi_col=_analysis_smiles)
09:12:36   [invitro] Physchem features: 13 columns
09:12:41   [invitro/raw_all] CV_MCC=0.1667±0.1034
09:12:41   [invitro] FG features: 618 columns (smi_col=_analysis_smiles)
09:12:41   [invitro] Physchem features: 13 columns
09:12:46   [invitro/no_metal] CV_MCC=0.2032±0.1252
09:12:46   salt_stripped: 1317/1619 SMILES changed
09:12:47   [invitro] FG features: 618 columns (smi_col=_analysis_smiles)
09:12:47   [invitro] Physchem features: 13 columns
09:12:52   [invitro/salt_stripped] CV_MCC=0.0913±0.0894
09:12:53 Conditional routing (conditional):
09:12:53   organic_single: 1153 (71.2%)
09:12:53   ionic_salt: 187 (11.6%)
09:12:53   organometallic: 157 (9.7%)
09:12:53   multi_component: 122 (7.5%)
09:12:53   [invitro] FG features: 618 columns (smi_col=_analysis_smiles)
09:12:54   [invitro] Physchem features: 13 columns
09:12:59   [invitro/conditional] CV_MCC=0.1465±0.0775
09:12:59   [invitro] * Best: no_metal (CV=0.2032)
09:13:00   [invivo] FG features: 618 columns (smi_col=_analysis_smiles)
09:13:00   [invivo] Physchem features: 13 columns
09:13:06   [invivo/raw_all] CV_MCC=0.0794±0.1164
09:13:07   [invivo] FG features: 618 columns (smi_col=_analysis_smiles)
09:13:07   [invivo] Physchem features: 13 columns
09:13:13   [invivo/no_metal] CV_MCC=0.0921±0.1570
09:13:13   salt_stripped: 1785/2153 SMILES changed
09:13:13   [invivo] FG features: 618 columns (smi_col=_analysis_smiles)
09:13:14   [invivo] Physchem features: 13 columns
09:13:20   [invivo/salt_stripped] CV_MCC=0.0884±0.1147
09:13:20 Conditional routing (conditional):
09:13:20   organic_single: 1535 (71.3%)
09:13:20   organometallic: 260 (12.1%)
09:13:20   ionic_salt: 226 (10.5%)
09:13:20   multi_component: 132 (6.1%)
09:13:21   [invivo] FG features: 618 columns (smi_col=_analysis_smiles)
09:13:21   [invivo] Physchem features: 13 columns
09:13:27   [invivo/conditional] CV_MCC=0.0585±0.0925
09:13:27   [invivo] * Best: no_metal (CV=0.0921)
09:13:28   [invitro_sampling] FG features: 618 columns (smi_col=_analysis_smiles)
09:13:28   [invitro_sampling] Physchem features: 13 columns
09:13:31   [invitro_sampling/raw_all] CV_MCC=0.2991±0.1333
09:13:31   [invitro_sampling] FG features: 618 columns (smi_col=_analysis_smiles)
09:13:31   [invitro_sampling] Physchem features: 13 columns
09:13:34   [invitro_sampling/no_metal] CV_MCC=0.4223±0.1155
09:13:34   salt_stripped: 309/345 SMILES changed
09:13:34   [invitro_sampling] FG features: 618 columns (smi_col=_analysis_smiles)
09:13:34   [invitro_sampling] Physchem features: 13 columns
09:13:37   [invitro_sampling/salt_stripped] CV_MCC=0.2351±0.1524
09:13:37 Conditional routing (conditional):
09:13:37   organic_single: 217 (62.9%)
09:13:38   organometallic: 51 (14.8%)
09:13:38   ionic_salt: 44 (12.8%)
09:13:38   multi_component: 33 (9.6%)
09:13:38   [invitro_sampling] FG features: 618 columns (smi_col=_analysis_smiles)
09:13:38   [invitro_sampling] Physchem features: 13 columns
09:13:41   [invitro_sampling/conditional] CV_MCC=0.2507±0.1462
09:13:41   [invitro_sampling] * Best: no_metal (CV=0.4223)
09:13:41   [invivo_sampling] FG features: 618 columns (smi_col=_analysis_smiles)
09:13:41   [invivo_sampling] Physchem features: 13 columns
09:13:44   [invivo_sampling/raw_all] CV_MCC=0.4017±0.1884
09:13:44   [invivo_sampling] FG features: 618 columns (smi_col=_analysis_smiles)
09:13:44   [invivo_sampling] Physchem features: 13 columns
09:13:46   [invivo_sampling/no_metal] CV_MCC=0.2577±0.1887
09:13:46   salt_stripped: 208/231 SMILES changed
09:13:46   [invivo_sampling] FG features: 618 columns (smi_col=_analysis_smiles)
09:13:47   [invivo_sampling] Physchem features: 13 columns
09:13:49   [invivo_sampling/salt_stripped] CV_MCC=0.3232±0.1811
09:13:49 Conditional routing (conditional):
09:13:49   organic_single: 146 (63.2%)
09:13:49   organometallic: 37 (16.0%)
09:13:49   ionic_salt: 32 (13.9%)
09:13:49   multi_component: 16 (6.9%)
09:13:49   [invivo_sampling] FG features: 618 columns (smi_col=_analysis_smiles)
09:13:50   [invivo_sampling] Physchem features: 13 columns
09:13:52   [invivo_sampling/conditional] CV_MCC=0.2120±0.1663
09:13:52   [invivo_sampling] * Best: raw_all (CV=0.4017)
09:13:52 STEP 5: Locked Test (all combos)
09:13:52   [ames] Pre-computing features...
09:14:01   [ames] FG features: 618 columns (smi_col=_analysis_smiles)
09:14:09   [ames] Physchem features: 13 columns
09:14:15   [ames] SA features: 104 columns (mean hits/mol: 1.43)
09:14:40   [ames] Delta features: 34 columns (metal: 1414, severe_distortion: 0)
09:14:55   [ames] Electronic descriptors: 56 columns
09:14:59   [ames] Fingerprint: 512 bits (smi_col=_analysis_smiles)
09:15:17   [ames] Fingerprint: 1024 bits (smi_col=_analysis_smiles)
09:15:36   [ames] Fingerprint: 2048 bits (smi_col=_analysis_smiles)
09:15:57   [ames] Fingerprint: 1024 bits (smi_col=_analysis_smiles)
09:16:07   [ames] MACCS keys: 167 bits
09:16:10   [ames] AtomPair FP: 512 bits
09:16:12   [ames] TopTorsion FP: 512 bits
09:16:12   [ames] Multi-FP union: 2215 total features
09:16:56   Domain stats: industrial n=5821 pos=0.0283 | drug n=5027 pos=0.5902
09:16:56   Prior shift ratio: 20.82x → w_ind range: 1.0~4.56 | w_drug range: 0.22~1.0
09:18:09     Domain weight grid: best w_ind=1.00 w_drug=0.30 mcc=0.7099 (searched 36 combos)
09:18:09   Domain sample weights were selected via 5-fold OOF CV grid search (36 combinations). The candidate range for w_industrial was log-uniformly derived from the empirical prior shift ratio (p_drug / p_industrial), capped at the square-root of the ratio to avoid over-correction. The criterion was OOF mcc. Optimal: w_industrial=1.0, w_drug=0.3.
09:18:09   [ames] n_train=10848 > 10k -- HP tuning skipped for svm
09:18:39     SHAP failed: could not convert string to float: '[3.040162E-1]'
09:18:39   ames_raw_all_compact_xgb: MCC=0.5267 [0.4877,0.5621] t=0.54 AD=0.57 (30s)
09:18:57   ames_raw_all_compact_lgbm: MCC=0.5226 [0.4860,0.5562] t=0.6 AD=0.57 (19s)
09:19:16     SHAP failed: Per-column arrays must each be 1-dimensional
09:19:16   ames_raw_all_compact_rf: MCC=0.5168 [0.4796,0.5533] t=0.52 AD=0.57 (19s)
09:21:18   ames_raw_all_compact_svm: MCC=0.4324 [0.3939,0.4680] t=0.38 AD=0.57 (122s)
09:27:33   ⚠ logistic took 375s on ames/compact (n=10848)
09:27:33   ames_raw_all_compact_logistic: MCC=0.4260 [0.3921,0.4589] t=0.62 AD=0.57 (375s)
09:28:18   ames_raw_all_compact_ann: MCC=0.5105 [0.4743,0.5454] t=0.34 AD=0.57 (45s)
09:28:18   Domain stats: industrial n=5821 pos=0.0283 | drug n=5027 pos=0.5902
09:28:18   Prior shift ratio: 20.82x → w_ind range: 1.0~4.56 | w_drug range: 0.22~1.0
09:29:40     Domain weight grid: best w_ind=1.84 w_drug=0.54 mcc=0.7200 (searched 36 combos)
09:29:40   Domain sample weights were selected via 5-fold OOF CV grid search (36 combinations). The candidate range for w_industrial was log-uniformly derived from the empirical prior shift ratio (p_drug / p_industrial), capped at the square-root of the ratio to avoid over-correction. The criterion was OOF mcc. Optimal: w_industrial=1.84, w_drug=0.54.
09:29:40   [ames] n_train=10848 > 10k -- HP tuning skipped for svm
09:29:59     SHAP failed: could not convert string to float: '[3.0116454E-1]'
09:29:59   ames_raw_all_broad_fp512_xgb: MCC=0.5695 [0.5303,0.6027] t=0.46 AD=0.57 (19s)
09:30:18   ames_raw_all_broad_fp512_lgbm: MCC=0.5612 [0.5240,0.5995] t=0.62 AD=0.57 (19s)
09:30:40     SHAP failed: Per-column arrays must each be 1-dimensional
09:30:40   ames_raw_all_broad_fp512_rf: MCC=0.5369 [0.5005,0.5766] t=0.5 AD=0.57 (22s)
09:33:06   ames_raw_all_broad_fp512_svm: MCC=0.4986 [0.4628,0.5351] t=0.4 AD=0.57 (146s)
09:40:30   ⚠ logistic took 444s on ames/broad_fp512 (n=10848)
09:40:30   ames_raw_all_broad_fp512_logistic: MCC=0.4714 [0.4386,0.5029] t=0.68 AD=0.57 (444s)
09:41:05   ames_raw_all_broad_fp512_ann: MCC=0.5410 [0.5054,0.5762] t=0.36 AD=0.57 (36s)
09:41:06   Domain stats: industrial n=5821 pos=0.0283 | drug n=5027 pos=0.5902
09:41:06   Prior shift ratio: 20.82x → w_ind range: 1.0~4.56 | w_drug range: 0.22~1.0
09:42:34     Domain weight grid: best w_ind=1.00 w_drug=0.40 mcc=0.7272 (searched 36 combos)
09:42:34   Domain sample weights were selected via 5-fold OOF CV grid search (36 combinations). The candidate range for w_industrial was log-uniformly derived from the empirical prior shift ratio (p_drug / p_industrial), capped at the square-root of the ratio to avoid over-correction. The criterion was OOF mcc. Optimal: w_industrial=1.0, w_drug=0.4.
09:42:34   [ames] n_train=10848 > 10k -- HP tuning skipped for svm
09:42:54     SHAP failed: could not convert string to float: '[3.4476703E-1]'
09:42:54   ames_raw_all_broad_fp1024_xgb: MCC=0.5549 [0.5178,0.5893] t=0.58 AD=0.57 (20s)
09:43:14   ames_raw_all_broad_fp1024_lgbm: MCC=0.5687 [0.5307,0.6015] t=0.52 AD=0.57 (20s)
09:43:34     SHAP failed: Per-column arrays must each be 1-dimensional
09:43:34   ames_raw_all_broad_fp1024_rf: MCC=0.5294 [0.4927,0.5647] t=0.54 AD=0.57 (20s)
09:46:04   ames_raw_all_broad_fp1024_svm: MCC=0.5199 [0.4854,0.5558] t=0.42 AD=0.57 (150s)
09:53:10   ⚠ logistic took 426s on ames/broad_fp1024 (n=10848)
09:53:10   ames_raw_all_broad_fp1024_logistic: MCC=0.4999 [0.4668,0.5324] t=0.58 AD=0.57 (426s)
09:53:51   ames_raw_all_broad_fp1024_ann: MCC=0.5641 [0.5283,0.6012] t=0.32 AD=0.57 (41s)
09:53:51   Domain stats: industrial n=5821 pos=0.0283 | drug n=5027 pos=0.5902
09:53:51   Prior shift ratio: 20.82x → w_ind range: 1.0~4.56 | w_drug range: 0.22~1.0
09:55:26     Domain weight grid: best w_ind=1.35 w_drug=0.40 mcc=0.7242 (searched 36 combos)
09:55:26   Domain sample weights were selected via 5-fold OOF CV grid search (36 combinations). The candidate range for w_industrial was log-uniformly derived from the empirical prior shift ratio (p_drug / p_industrial), capped at the square-root of the ratio to avoid over-correction. The criterion was OOF mcc. Optimal: w_industrial=1.35, w_drug=0.4.
09:55:26   [ames] n_train=10848 > 10k -- HP tuning skipped for svm
09:55:48     SHAP failed: could not convert string to float: '[3.0239972E-1]'
09:55:48   ames_raw_all_broad_fp2048_xgb: MCC=0.5752 [0.5393,0.6100] t=0.58 AD=0.57 (22s)
09:56:11   ames_raw_all_broad_fp2048_lgbm: MCC=0.5790 [0.5431,0.6137] t=0.58 AD=0.57 (23s)
09:56:34     SHAP failed: Per-column arrays must each be 1-dimensional
09:56:34   ames_raw_all_broad_fp2048_rf: MCC=0.5231 [0.4819,0.5590] t=0.5 AD=0.57 (23s)
09:59:28   ames_raw_all_broad_fp2048_svm: MCC=0.5339 [0.4989,0.5704] t=0.4 AD=0.57 (173s)
10:07:24   ⚠ logistic took 476s on ames/broad_fp2048 (n=10848)
10:07:24   ames_raw_all_broad_fp2048_logistic: MCC=0.5072 [0.4721,0.5401] t=0.66 AD=0.57 (476s)
10:08:24   ames_raw_all_broad_fp2048_ann: MCC=0.5406 [0.5042,0.5757] t=0.38 AD=0.57 (60s)
10:08:24   Domain stats: industrial n=5821 pos=0.0283 | drug n=5027 pos=0.5902
10:08:24   Prior shift ratio: 20.82x → w_ind range: 1.0~4.56 | w_drug range: 0.22~1.0
10:10:08     Domain weight grid: best w_ind=1.84 w_drug=1.00 mcc=0.7386 (searched 36 combos)
10:10:08   Domain sample weights were selected via 5-fold OOF CV grid search (36 combinations). The candidate range for w_industrial was log-uniformly derived from the empirical prior shift ratio (p_drug / p_industrial), capped at the square-root of the ratio to avoid over-correction. The criterion was OOF mcc. Optimal: w_industrial=1.84, w_drug=1.0.
10:10:08   [ames] n_train=10848 > 10k -- HP tuning skipped for svm
10:10:32     SHAP failed: could not convert string to float: '[3.9420038E-1]'
10:10:32   ames_raw_all_multi_fp_xgb: MCC=0.5401 [0.5014,0.5733] t=0.5 AD=0.57 (24s)
10:10:56   ames_raw_all_multi_fp_lgbm: MCC=0.5578 [0.5222,0.5911] t=0.52 AD=0.57 (24s)
10:11:24     SHAP failed: Per-column arrays must each be 1-dimensional
10:11:24   ames_raw_all_multi_fp_rf: MCC=0.5365 [0.4992,0.5710] t=0.52 AD=0.57 (28s)
10:13:17   ames_raw_all_multi_fp_svm: MCC=0.5076 [0.4693,0.5442] t=0.4 AD=0.57 (112s)
10:20:53   ⚠ logistic took 456s on ames/multi_fp (n=10848)
10:20:53   ames_raw_all_multi_fp_logistic: MCC=0.4971 [0.4598,0.5324] t=0.58 AD=0.57 (456s)
10:21:41   ames_raw_all_multi_fp_ann: MCC=0.5725 [0.5352,0.6083] t=0.4 AD=0.57 (48s)
10:21:41   Domain stats: industrial n=5821 pos=0.0283 | drug n=5027 pos=0.5902
10:21:41   Prior shift ratio: 20.82x → w_ind range: 1.0~4.56 | w_drug range: 0.22~1.0
10:23:33     Domain weight grid: best w_ind=1.00 w_drug=0.54 mcc=0.7316 (searched 36 combos)
10:23:33   Domain sample weights were selected via 5-fold OOF CV grid search (36 combinations). The candidate range for w_industrial was log-uniformly derived from the empirical prior shift ratio (p_drug / p_industrial), capped at the square-root of the ratio to avoid over-correction. The criterion was OOF mcc. Optimal: w_industrial=1.0, w_drug=0.54.
10:23:33   [ames] n_train=10848 > 10k -- HP tuning skipped for svm
10:23:55     SHAP failed: could not convert string to float: '[3.9311615E-1]'
10:23:55   ames_raw_all_extended_xgb: MCC=0.5468 [0.5094,0.5811] t=0.42 AD=0.57 (22s)
10:24:24   ames_raw_all_extended_lgbm: MCC=0.5396 [0.5031,0.5741] t=0.48 AD=0.57 (29s)
10:24:45     SHAP failed: Per-column arrays must each be 1-dimensional
10:24:45   ames_raw_all_extended_rf: MCC=0.5432 [0.5052,0.5754] t=0.5 AD=0.57 (21s)
10:27:21   ames_raw_all_extended_svm: MCC=0.4836 [0.4442,0.5186] t=0.36 AD=0.57 (156s)
10:32:01   ames_raw_all_extended_logistic: MCC=0.4673 [0.4314,0.5010] t=0.54 AD=0.57 (279s)
10:32:37   ames_raw_all_extended_ann: MCC=0.5184 [0.4798,0.5532] t=0.34 AD=0.57 (37s)
15:50:22   ames_raw_all_graph_gnn: MCC=0.4450
15:50:28   [ames] FG features: 618 columns (smi_col=_analysis_smiles)
15:50:33   [ames] Physchem features: 13 columns
15:50:37   [ames] SA features: 104 columns (mean hits/mol: 1.44)
15:50:54   [ames] Delta features: 34 columns (metal: 42, severe_distortion: 0)
15:51:04   [ames] Electronic descriptors: 56 columns
15:51:07   [ames] Fingerprint: 512 bits (smi_col=_analysis_smiles)
15:51:22   [ames] Fingerprint: 1024 bits (smi_col=_analysis_smiles)
15:51:41   [ames] Fingerprint: 2048 bits (smi_col=_analysis_smiles)
15:52:02   [ames] Fingerprint: 1024 bits (smi_col=_analysis_smiles)
15:52:14   [ames] MACCS keys: 167 bits
15:52:16   [ames] AtomPair FP: 512 bits
15:52:18   [ames] TopTorsion FP: 512 bits
15:52:18   [ames] Multi-FP union: 2215 total features
15:52:51   Domain stats: industrial n=4707 pos=0.0321 | drug n=5027 pos=0.5902
15:52:51   Prior shift ratio: 18.40x → w_ind range: 1.0~4.29 | w_drug range: 0.23~1.0
15:53:55     Domain weight grid: best w_ind=1.34 w_drug=0.75 mcc=0.7012 (searched 36 combos)
15:53:55   Domain sample weights were selected via 5-fold OOF CV grid search (36 combinations). The candidate range for w_industrial was log-uniformly derived from the empirical prior shift ratio (p_drug / p_industrial), capped at the square-root of the ratio to avoid over-correction. The criterion was OOF mcc. Optimal: w_industrial=1.34, w_drug=0.75.
15:54:21     SHAP failed: could not convert string to float: '[4.0361226E-1]'
15:54:21   ames_no_metal_compact_xgb: MCC=0.4160 [0.3791,0.4503] t=0.5 AD=0.56 (26s)
15:54:37   ames_no_metal_compact_lgbm: MCC=0.4113 [0.3745,0.4443] t=0.46 AD=0.56 (16s)
15:54:52     SHAP failed: Per-column arrays must each be 1-dimensional
15:54:52   ames_no_metal_compact_rf: MCC=0.4462 [0.4085,0.4841] t=0.52 AD=0.56 (15s)
15:55:44   ames_no_metal_compact_svm: MCC=0.4104 [0.3705,0.4468] t=0.42 AD=0.56 (52s)
15:59:18   ames_no_metal_compact_logistic: MCC=0.4064 [0.3717,0.4401] t=0.6 AD=0.56 (213s)
15:59:55   ames_no_metal_compact_ann: MCC=0.4356 [0.3984,0.4708] t=0.38 AD=0.56 (37s)
15:59:55   Domain stats: industrial n=4707 pos=0.0321 | drug n=5027 pos=0.5902
15:59:55   Prior shift ratio: 18.40x → w_ind range: 1.0~4.29 | w_drug range: 0.23~1.0
16:01:05     Domain weight grid: best w_ind=1.34 w_drug=0.75 mcc=0.7142 (searched 36 combos)
16:01:05   Domain sample weights were selected via 5-fold OOF CV grid search (36 combinations). The candidate range for w_industrial was log-uniformly derived from the empirical prior shift ratio (p_drug / p_industrial), capped at the square-root of the ratio to avoid over-correction. The criterion was OOF mcc. Optimal: w_industrial=1.34, w_drug=0.75.
16:01:19     SHAP failed: could not convert string to float: '[4.0361226E-1]'
16:01:19   ames_no_metal_broad_fp512_xgb: MCC=0.5270 [0.4904,0.5649] t=0.52 AD=0.56 (13s)
16:01:35   ames_no_metal_broad_fp512_lgbm: MCC=0.4963 [0.4602,0.5326] t=0.54 AD=0.56 (16s)
16:01:53     SHAP failed: Per-column arrays must each be 1-dimensional
16:01:53   ames_no_metal_broad_fp512_rf: MCC=0.4998 [0.4623,0.5380] t=0.54 AD=0.56 (18s)
16:02:51   ames_no_metal_broad_fp512_svm: MCC=0.4531 [0.4148,0.4913] t=0.4 AD=0.56 (59s)
16:06:53   ames_no_metal_broad_fp512_logistic: MCC=0.4355 [0.4007,0.4705] t=0.62 AD=0.56 (241s)
16:07:30   ames_no_metal_broad_fp512_ann: MCC=0.5144 [0.4780,0.5504] t=0.36 AD=0.56 (37s)
16:07:30   Domain stats: industrial n=4707 pos=0.0321 | drug n=5027 pos=0.5902
16:07:30   Prior shift ratio: 18.40x → w_ind range: 1.0~4.29 | w_drug range: 0.23~1.0
16:08:48     Domain weight grid: best w_ind=2.40 w_drug=0.75 mcc=0.7190 (searched 36 combos)
16:08:48   Domain sample weights were selected via 5-fold OOF CV grid search (36 combinations). The candidate range for w_industrial was log-uniformly derived from the empirical prior shift ratio (p_drug / p_industrial), capped at the square-root of the ratio to avoid over-correction. The criterion was OOF mcc. Optimal: w_industrial=2.4, w_drug=0.75.
16:09:02     SHAP failed: could not convert string to float: '[3.1478995E-1]'
16:09:02   ames_no_metal_broad_fp1024_xgb: MCC=0.5369 [0.5015,0.5693] t=0.52 AD=0.56 (14s)
16:09:19   ames_no_metal_broad_fp1024_lgbm: MCC=0.5547 [0.5221,0.5871] t=0.52 AD=0.56 (17s)
16:09:40     SHAP failed: Per-column arrays must each be 1-dimensional
16:09:40   ames_no_metal_broad_fp1024_rf: MCC=0.5111 [0.4720,0.5461] t=0.52 AD=0.56 (21s)
16:10:52   ames_no_metal_broad_fp1024_svm: MCC=0.4860 [0.4491,0.5231] t=0.34 AD=0.56 (72s)
16:15:38   ames_no_metal_broad_fp1024_logistic: MCC=0.4772 [0.4383,0.5112] t=0.46 AD=0.56 (286s)
16:16:21   ames_no_metal_broad_fp1024_ann: MCC=0.5324 [0.4987,0.5671] t=0.34 AD=0.56 (43s)
16:16:21   Domain stats: industrial n=4707 pos=0.0321 | drug n=5027 pos=0.5902
16:16:21   Prior shift ratio: 18.40x → w_ind range: 1.0~4.29 | w_drug range: 0.23~1.0
16:17:46     Domain weight grid: best w_ind=1.79 w_drug=0.75 mcc=0.7176 (searched 36 combos)
16:17:46   Domain sample weights were selected via 5-fold OOF CV grid search (36 combinations). The candidate range for w_industrial was log-uniformly derived from the empirical prior shift ratio (p_drug / p_industrial), capped at the square-root of the ratio to avoid over-correction. The criterion was OOF mcc. Optimal: w_industrial=1.79, w_drug=0.75.
16:18:01     SHAP failed: could not convert string to float: '[3.5720545E-1]'
16:18:01   ames_no_metal_broad_fp2048_xgb: MCC=0.5467 [0.5128,0.5850] t=0.52 AD=0.56 (16s)
16:18:19   ames_no_metal_broad_fp2048_lgbm: MCC=0.5458 [0.5097,0.5833] t=0.5 AD=0.56 (17s)
16:18:43     SHAP failed: Per-column arrays must each be 1-dimensional
16:18:43   ames_no_metal_broad_fp2048_rf: MCC=0.5054 [0.4689,0.5432] t=0.48 AD=0.56 (24s)
16:20:03   ames_no_metal_broad_fp2048_svm: MCC=0.5253 [0.4858,0.5593] t=0.42 AD=0.56 (80s)
16:25:33   ⚠ logistic took 330s on ames/broad_fp2048 (n=9734)
16:25:33   ames_no_metal_broad_fp2048_logistic: MCC=0.4911 [0.4522,0.5250] t=0.52 AD=0.56 (330s)
16:26:39   ames_no_metal_broad_fp2048_ann: MCC=0.5450 [0.5091,0.5790] t=0.38 AD=0.56 (66s)
16:26:39   Domain stats: industrial n=4707 pos=0.0321 | drug n=5027 pos=0.5902
16:26:39   Prior shift ratio: 18.40x → w_ind range: 1.0~4.29 | w_drug range: 0.23~1.0
16:28:14     Domain weight grid: best w_ind=1.79 w_drug=1.00 mcc=0.7315 (searched 36 combos)
16:28:14   Domain sample weights were selected via 5-fold OOF CV grid search (36 combinations). The candidate range for w_industrial was log-uniformly derived from the empirical prior shift ratio (p_drug / p_industrial), capped at the square-root of the ratio to avoid over-correction. The criterion was OOF mcc. Optimal: w_industrial=1.79, w_drug=1.0.
16:28:32     SHAP failed: could not convert string to float: '[4.033039E-1]'
16:28:32   ames_no_metal_multi_fp_xgb: MCC=0.5320 [0.4982,0.5686] t=0.5 AD=0.56 (18s)
16:28:51   ames_no_metal_multi_fp_lgbm: MCC=0.5199 [0.4819,0.5548] t=0.44 AD=0.56 (19s)
16:29:14     SHAP failed: Per-column arrays must each be 1-dimensional
16:29:14   ames_no_metal_multi_fp_rf: MCC=0.5001 [0.4650,0.5365] t=0.48 AD=0.56 (23s)
16:30:27   ames_no_metal_multi_fp_svm: MCC=0.4964 [0.4600,0.5338] t=0.44 AD=0.56 (73s)
16:35:53   ⚠ logistic took 326s on ames/multi_fp (n=9734)
16:35:53   ames_no_metal_multi_fp_logistic: MCC=0.4793 [0.4447,0.5174] t=0.66 AD=0.56 (326s)
16:36:56   ames_no_metal_multi_fp_ann: MCC=0.5400 [0.5047,0.5764] t=0.38 AD=0.56 (62s)
16:36:56   Domain stats: industrial n=4707 pos=0.0321 | drug n=5027 pos=0.5902
16:36:56   Prior shift ratio: 18.40x → w_ind range: 1.0~4.29 | w_drug range: 0.23~1.0
16:38:32     Domain weight grid: best w_ind=1.34 w_drug=1.00 mcc=0.7316 (searched 36 combos)
16:38:32   Domain sample weights were selected via 5-fold OOF CV grid search (36 combinations). The candidate range for w_industrial was log-uniformly derived from the empirical prior shift ratio (p_drug / p_industrial), capped at the square-root of the ratio to avoid over-correction. The criterion was OOF mcc. Optimal: w_industrial=1.34, w_drug=1.0.
16:38:48     SHAP failed: could not convert string to float: '[4.517921E-1]'
16:38:48   ames_no_metal_extended_xgb: MCC=0.5134 [0.4778,0.5464] t=0.44 AD=0.56 (16s)
16:39:13   ames_no_metal_extended_lgbm: MCC=0.5082 [0.4707,0.5433] t=0.52 AD=0.56 (24s)
16:39:33     SHAP failed: Per-column arrays must each be 1-dimensional
16:39:33   ames_no_metal_extended_rf: MCC=0.5268 [0.4921,0.5639] t=0.46 AD=0.56 (20s)
16:41:10   ames_no_metal_extended_svm: MCC=0.4680 [0.4295,0.5031] t=0.34 AD=0.56 (98s)
16:44:29   ames_no_metal_extended_logistic: MCC=0.4613 [0.4237,0.4988] t=0.54 AD=0.56 (198s)
16:44:57   ames_no_metal_extended_ann: MCC=0.4635 [0.4286,0.4968] t=0.52 AD=0.56 (28s)
20:54:34   ames_no_metal_graph_gnn: MCC=0.3828
20:54:34   salt_stripped: 6062/13560 SMILES changed
20:54:39   [ames] FG features: 618 columns (smi_col=_analysis_smiles)
20:54:45   [ames] Physchem features: 13 columns
20:54:49   [ames] SA features: 104 columns (mean hits/mol: 1.41)
20:55:07   [ames] Delta features: 34 columns (metal: 1414, severe_distortion: 264)
20:55:18   [ames] Electronic descriptors: 56 columns
20:55:21   [ames] Fingerprint: 512 bits (smi_col=_analysis_smiles)
20:55:34   [ames] Fingerprint: 1024 bits (smi_col=_analysis_smiles)
20:55:49   [ames] Fingerprint: 2048 bits (smi_col=_analysis_smiles)
20:56:05   [ames] Fingerprint: 1024 bits (smi_col=_analysis_smiles)
20:56:14   [ames] MACCS keys: 167 bits
20:56:15   [ames] AtomPair FP: 512 bits
20:56:17   [ames] TopTorsion FP: 512 bits
20:56:17   [ames] Multi-FP union: 2215 total features
20:56:51   Domain stats: industrial n=5821 pos=0.0283 | drug n=5027 pos=0.5902
20:56:51   Prior shift ratio: 20.82x → w_ind range: 1.0~4.56 | w_drug range: 0.22~1.0
20:57:57     Domain weight grid: best w_ind=1.00 w_drug=0.40 mcc=0.7076 (searched 36 combos)
20:57:57   Domain sample weights were selected via 5-fold OOF CV grid search (36 combinations). The candidate range for w_industrial was log-uniformly derived from the empirical prior shift ratio (p_drug / p_industrial), capped at the square-root of the ratio to avoid over-correction. The criterion was OOF mcc. Optimal: w_industrial=1.0, w_drug=0.4.
20:57:57   [ames] n_train=10848 > 10k -- HP tuning skipped for svm
20:58:26     SHAP failed: could not convert string to float: '[3.4476703E-1]'
20:58:26   ames_salt_stripped_compact_xgb: MCC=0.4925 [0.4562,0.5284] t=0.58 AD=0.57 (30s)
20:58:42   ames_salt_stripped_compact_lgbm: MCC=0.4922 [0.4579,0.5236] t=0.56 AD=0.57 (16s)
20:59:02     SHAP failed: Per-column arrays must each be 1-dimensional
20:59:02   ames_salt_stripped_compact_rf: MCC=0.5077 [0.4716,0.5438] t=0.52 AD=0.57 (20s)
21:00:13   ames_salt_stripped_compact_svm: MCC=0.4181 [0.3826,0.4523] t=0.42 AD=0.57 (71s)
21:03:57   ames_salt_stripped_compact_logistic: MCC=0.4050 [0.3690,0.4398] t=0.62 AD=0.57 (224s)
21:04:51   ames_salt_stripped_compact_ann: MCC=0.4892 [0.4514,0.5258] t=0.4 AD=0.57 (54s)
21:04:51   Domain stats: industrial n=5821 pos=0.0283 | drug n=5027 pos=0.5902
21:04:51   Prior shift ratio: 20.82x → w_ind range: 1.0~4.56 | w_drug range: 0.22~1.0
21:06:05     Domain weight grid: best w_ind=1.00 w_drug=0.40 mcc=0.7206 (searched 36 combos)
21:06:05   Domain sample weights were selected via 5-fold OOF CV grid search (36 combinations). The candidate range for w_industrial was log-uniformly derived from the empirical prior shift ratio (p_drug / p_industrial), capped at the square-root of the ratio to avoid over-correction. The criterion was OOF mcc. Optimal: w_industrial=1.0, w_drug=0.4.
21:06:05   [ames] n_train=10848 > 10k -- HP tuning skipped for svm
21:06:19     SHAP failed: could not convert string to float: '[3.4476703E-1]'
21:06:19   ames_salt_stripped_broad_fp512_xgb: MCC=0.5430 [0.5050,0.5763] t=0.52 AD=0.57 (14s)
21:06:35   ames_salt_stripped_broad_fp512_lgbm: MCC=0.5452 [0.5078,0.5776] t=0.58 AD=0.57 (16s)
21:06:56     SHAP failed: Per-column arrays must each be 1-dimensional
21:06:56   ames_salt_stripped_broad_fp512_rf: MCC=0.5259 [0.4895,0.5629] t=0.54 AD=0.57 (21s)
21:08:19   ames_salt_stripped_broad_fp512_svm: MCC=0.5034 [0.4645,0.5382] t=0.32 AD=0.57 (83s)
21:12:52   ames_salt_stripped_broad_fp512_logistic: MCC=0.4653 [0.4332,0.5002] t=0.54 AD=0.57 (273s)
21:13:47   ames_salt_stripped_broad_fp512_ann: MCC=0.5161 [0.4801,0.5517] t=0.3 AD=0.57 (55s)
21:13:47   Domain stats: industrial n=5821 pos=0.0283 | drug n=5027 pos=0.5902
21:13:47   Prior shift ratio: 20.82x → w_ind range: 1.0~4.56 | w_drug range: 0.22~1.0
21:15:08     Domain weight grid: best w_ind=2.49 w_drug=1.00 mcc=0.7214 (searched 36 combos)
21:15:08   Domain sample weights were selected via 5-fold OOF CV grid search (36 combinations). The candidate range for w_industrial was log-uniformly derived from the empirical prior shift ratio (p_drug / p_industrial), capped at the square-root of the ratio to avoid over-correction. The criterion was OOF mcc. Optimal: w_industrial=2.49, w_drug=1.0.
21:15:08   [ames] n_train=10848 > 10k -- HP tuning skipped for svm
21:15:23     SHAP failed: could not convert string to float: '[3.4537727E-1]'
21:15:23   ames_salt_stripped_broad_fp1024_xgb: MCC=0.5589 [0.5227,0.5907] t=0.46 AD=0.57 (15s)
21:15:40   ames_salt_stripped_broad_fp1024_lgbm: MCC=0.5808 [0.5482,0.6137] t=0.52 AD=0.57 (17s)
21:16:05     SHAP failed: Per-column arrays must each be 1-dimensional
21:16:05   ames_salt_stripped_broad_fp1024_rf: MCC=0.5339 [0.4998,0.5692] t=0.54 AD=0.57 (25s)
21:17:33   ames_salt_stripped_broad_fp1024_svm: MCC=0.5213 [0.4862,0.5573] t=0.36 AD=0.57 (88s)
21:22:58   ⚠ logistic took 325s on ames/broad_fp1024 (n=10848)
21:22:58   ames_salt_stripped_broad_fp1024_logistic: MCC=0.4758 [0.4425,0.5109] t=0.5 AD=0.57 (325s)
21:23:59   ames_salt_stripped_broad_fp1024_ann: MCC=0.5606 [0.5230,0.5966] t=0.28 AD=0.57 (61s)
21:23:59   Domain stats: industrial n=5821 pos=0.0283 | drug n=5027 pos=0.5902
21:23:59   Prior shift ratio: 20.82x → w_ind range: 1.0~4.56 | w_drug range: 0.22~1.0
21:25:26     Domain weight grid: best w_ind=1.00 w_drug=0.22 mcc=0.7209 (searched 36 combos)
21:25:26   Domain sample weights were selected via 5-fold OOF CV grid search (36 combinations). The candidate range for w_industrial was log-uniformly derived from the empirical prior shift ratio (p_drug / p_industrial), capped at the square-root of the ratio to avoid over-correction. The criterion was OOF mcc. Optimal: w_industrial=1.0, w_drug=0.22.
21:25:26   [ames] n_train=10848 > 10k -- HP tuning skipped for svm
21:25:43     SHAP failed: could not convert string to float: '[2.673605E-1]'
21:25:43   ames_salt_stripped_broad_fp2048_xgb: MCC=0.5774 [0.5402,0.6113] t=0.56 AD=0.57 (17s)
21:26:01   ames_salt_stripped_broad_fp2048_lgbm: MCC=0.5744 [0.5350,0.6089] t=0.52 AD=0.57 (18s)
21:26:30     SHAP failed: Per-column arrays must each be 1-dimensional
21:26:30   ames_salt_stripped_broad_fp2048_rf: MCC=0.5234 [0.4866,0.5561] t=0.5 AD=0.57 (29s)
21:28:12   ames_salt_stripped_broad_fp2048_svm: MCC=0.5127 [0.4780,0.5493] t=0.4 AD=0.57 (102s)
21:34:17   ⚠ logistic took 365s on ames/broad_fp2048 (n=10848)
21:34:17   ames_salt_stripped_broad_fp2048_logistic: MCC=0.4827 [0.4434,0.5174] t=0.56 AD=0.57 (365s)
21:35:23   ames_salt_stripped_broad_fp2048_ann: MCC=0.5659 [0.5322,0.6021] t=0.38 AD=0.57 (65s)
21:35:23   Domain stats: industrial n=5821 pos=0.0283 | drug n=5027 pos=0.5902
21:35:23   Prior shift ratio: 20.82x → w_ind range: 1.0~4.56 | w_drug range: 0.22~1.0
21:37:00     Domain weight grid: best w_ind=2.49 w_drug=1.00 mcc=0.7328 (searched 36 combos)
21:37:00   Domain sample weights were selected via 5-fold OOF CV grid search (36 combinations). The candidate range for w_industrial was log-uniformly derived from the empirical prior shift ratio (p_drug / p_industrial), capped at the square-root of the ratio to avoid over-correction. The criterion was OOF mcc. Optimal: w_industrial=2.49, w_drug=1.0.
21:37:00   [ames] n_train=10848 > 10k -- HP tuning skipped for svm
21:37:19     SHAP failed: could not convert string to float: '[3.4537727E-1]'
21:37:19   ames_salt_stripped_multi_fp_xgb: MCC=0.5495 [0.5135,0.5815] t=0.42 AD=0.57 (19s)
21:37:39   ames_salt_stripped_multi_fp_lgbm: MCC=0.5342 [0.4981,0.5698] t=0.6 AD=0.57 (20s)
21:38:07     SHAP failed: Per-column arrays must each be 1-dimensional
21:38:07   ames_salt_stripped_multi_fp_rf: MCC=0.5319 [0.4946,0.5686] t=0.5 AD=0.57 (28s)
21:39:35   ames_salt_stripped_multi_fp_svm: MCC=0.4999 [0.4594,0.5362] t=0.4 AD=0.57 (88s)
21:45:52   ⚠ logistic took 377s on ames/multi_fp (n=10848)
21:45:52   ames_salt_stripped_multi_fp_logistic: MCC=0.4648 [0.4245,0.4997] t=0.56 AD=0.57 (377s)
21:46:53   ames_salt_stripped_multi_fp_ann: MCC=0.5174 [0.4818,0.5536] t=0.4 AD=0.57 (61s)
21:46:53   Domain stats: industrial n=5821 pos=0.0283 | drug n=5027 pos=0.5902
21:46:53   Prior shift ratio: 20.82x → w_ind range: 1.0~4.56 | w_drug range: 0.22~1.0
21:48:42     Domain weight grid: best w_ind=1.84 w_drug=1.00 mcc=0.7484 (searched 36 combos)
21:48:42   Domain sample weights were selected via 5-fold OOF CV grid search (36 combinations). The candidate range for w_industrial was log-uniformly derived from the empirical prior shift ratio (p_drug / p_industrial), capped at the square-root of the ratio to avoid over-correction. The criterion was OOF mcc. Optimal: w_industrial=1.84, w_drug=1.0.
21:48:42   [ames] n_train=10848 > 10k -- HP tuning skipped for svm
21:49:00     SHAP failed: could not convert string to float: '[3.9420038E-1]'
21:49:00   ames_salt_stripped_extended_xgb: MCC=0.5844 [0.5518,0.6176] t=0.46 AD=0.57 (19s)
21:49:25   ames_salt_stripped_extended_lgbm: MCC=0.5749 [0.5414,0.6084] t=0.48 AD=0.57 (25s)
21:49:46     SHAP failed: Per-column arrays must each be 1-dimensional
21:49:46   ames_salt_stripped_extended_rf: MCC=0.5405 [0.5024,0.5754] t=0.54 AD=0.57 (21s)
21:51:52   ames_salt_stripped_extended_svm: MCC=0.4843 [0.4444,0.5213] t=0.44 AD=0.57 (126s)
21:55:54   ames_salt_stripped_extended_logistic: MCC=0.4682 [0.4319,0.5001] t=0.64 AD=0.57 (242s)
21:56:33   ames_salt_stripped_extended_ann: MCC=0.5082 [0.4682,0.5453] t=0.32 AD=0.57 (39s)
02:19:44   ames_salt_stripped_graph_gnn: MCC=0.3769
02:19:48 Conditional routing (conditional):
02:19:48   organic_single: 11558 (85.2%)
02:19:48   ionic_salt: 768 (5.7%)
02:19:48   organometallic: 646 (4.8%)
02:19:48   multi_component: 588 (4.3%)
02:19:54   [ames] FG features: 618 columns (smi_col=_analysis_smiles)
02:20:00   [ames] Physchem features: 13 columns
02:20:04   [ames] SA features: 104 columns (mean hits/mol: 1.43)
02:20:21   [ames] Delta features: 34 columns (metal: 1414, severe_distortion: 265)
02:20:33   [ames] Electronic descriptors: 56 columns
02:20:35   [ames] Fingerprint: 512 bits (smi_col=_analysis_smiles)
02:20:50   [ames] Fingerprint: 1024 bits (smi_col=_analysis_smiles)
02:21:04   [ames] Fingerprint: 2048 bits (smi_col=_analysis_smiles)
02:21:20   [ames] Fingerprint: 1024 bits (smi_col=_analysis_smiles)
02:21:29   [ames] MACCS keys: 167 bits
02:21:30   [ames] AtomPair FP: 512 bits
02:21:32   [ames] TopTorsion FP: 512 bits
02:21:32   [ames] Multi-FP union: 2215 total features
02:22:06   Domain stats: industrial n=5821 pos=0.0283 | drug n=5027 pos=0.5902
02:22:06   Prior shift ratio: 20.82x → w_ind range: 1.0~4.56 | w_drug range: 0.22~1.0
02:23:12     Domain weight grid: best w_ind=1.00 w_drug=0.40 mcc=0.7062 (searched 36 combos)
02:23:12   Domain sample weights were selected via 5-fold OOF CV grid search (36 combinations). The candidate range for w_industrial was log-uniformly derived from the empirical prior shift ratio (p_drug / p_industrial), capped at the square-root of the ratio to avoid over-correction. The criterion was OOF mcc. Optimal: w_industrial=1.0, w_drug=0.4.
02:23:12   [ames] n_train=10848 > 10k -- HP tuning skipped for svm
02:23:42     SHAP failed: could not convert string to float: '[3.4476703E-1]'
02:23:42   ames_conditional_compact_xgb: MCC=0.4871 [0.4498,0.5199] t=0.56 AD=0.58 * (30s)
02:23:58   ames_conditional_compact_lgbm: MCC=0.5021 [0.4661,0.5344] t=0.58 AD=0.58 (16s)
02:24:17     SHAP failed: Per-column arrays must each be 1-dimensional
02:24:17   ames_conditional_compact_rf: MCC=0.5052 [0.4666,0.5425] t=0.54 AD=0.58 (19s)
02:25:34   ames_conditional_compact_svm: MCC=0.4208 [0.3825,0.4559] t=0.4 AD=0.58 (77s)
02:29:06   ames_conditional_compact_logistic: MCC=0.3955 [0.3605,0.4310] t=0.62 AD=0.58 (212s)
02:29:47   ames_conditional_compact_ann: MCC=0.5010 [0.4645,0.5341] t=0.34 AD=0.58 (41s)
02:29:47   Domain stats: industrial n=5821 pos=0.0283 | drug n=5027 pos=0.5902
02:29:47   Prior shift ratio: 20.82x → w_ind range: 1.0~4.56 | w_drug range: 0.22~1.0
02:31:02     Domain weight grid: best w_ind=1.35 w_drug=0.74 mcc=0.7186 (searched 36 combos)
02:31:02   Domain sample weights were selected via 5-fold OOF CV grid search (36 combinations). The candidate range for w_industrial was log-uniformly derived from the empirical prior shift ratio (p_drug / p_industrial), capped at the square-root of the ratio to avoid over-correction. The criterion was OOF mcc. Optimal: w_industrial=1.35, w_drug=0.74.
02:31:02   [ames] n_train=10848 > 10k -- HP tuning skipped for svm
02:31:17     SHAP failed: could not convert string to float: '[3.9564776E-1]'
02:31:17   ames_conditional_broad_fp512_xgb: MCC=0.5460 [0.5099,0.5815] t=0.5 AD=0.58 (15s)
02:31:33   ames_conditional_broad_fp512_lgbm: MCC=0.5543 [0.5215,0.5869] t=0.5 AD=0.58 (16s)
02:31:54     SHAP failed: Per-column arrays must each be 1-dimensional
02:31:54   ames_conditional_broad_fp512_rf: MCC=0.5232 [0.4853,0.5575] t=0.5 AD=0.58 (21s)
02:33:27   ames_conditional_broad_fp512_svm: MCC=0.4734 [0.4360,0.5060] t=0.34 AD=0.58 (93s)
02:39:07   ⚠ logistic took 341s on ames/broad_fp512 (n=10848)
02:39:07   ames_conditional_broad_fp512_logistic: MCC=0.4593 [0.4260,0.4922] t=0.64 AD=0.58 (341s)
02:39:54   ames_conditional_broad_fp512_ann: MCC=0.5264 [0.4904,0.5609] t=0.4 AD=0.58 (47s)
02:39:54   Domain stats: industrial n=5821 pos=0.0283 | drug n=5027 pos=0.5902
02:39:54   Prior shift ratio: 20.82x → w_ind range: 1.0~4.56 | w_drug range: 0.22~1.0
02:41:16     Domain weight grid: best w_ind=3.37 w_drug=1.00 mcc=0.7197 (searched 36 combos)
02:41:16   Domain sample weights were selected via 5-fold OOF CV grid search (36 combinations). The candidate range for w_industrial was log-uniformly derived from the empirical prior shift ratio (p_drug / p_industrial), capped at the square-root of the ratio to avoid over-correction. The criterion was OOF mcc. Optimal: w_industrial=3.37, w_drug=1.0.
02:41:16   [ames] n_train=10848 > 10k -- HP tuning skipped for svm
02:41:31     SHAP failed: could not convert string to float: '[3.0259198E-1]'
02:41:31   ames_conditional_broad_fp1024_xgb: MCC=0.5802 [0.5401,0.6140] t=0.52 AD=0.58 (15s)
02:41:49   ames_conditional_broad_fp1024_lgbm: MCC=0.5546 [0.5169,0.5868] t=0.48 AD=0.58 (17s)
02:42:13     SHAP failed: Per-column arrays must each be 1-dimensional
02:42:13   ames_conditional_broad_fp1024_rf: MCC=0.5232 [0.4863,0.5625] t=0.5 AD=0.58 (24s)
02:43:46   ames_conditional_broad_fp1024_svm: MCC=0.4926 [0.4561,0.5303] t=0.4 AD=0.58 (92s)
02:49:08   ⚠ logistic took 322s on ames/broad_fp1024 (n=10848)
02:49:08   ames_conditional_broad_fp1024_logistic: MCC=0.4596 [0.4221,0.4956] t=0.62 AD=0.58 (322s)
02:49:54   ames_conditional_broad_fp1024_ann: MCC=0.5284 [0.4914,0.5647] t=0.46 AD=0.58 (46s)
02:49:54   Domain stats: industrial n=5821 pos=0.0283 | drug n=5027 pos=0.5902
02:49:54   Prior shift ratio: 20.82x → w_ind range: 1.0~4.56 | w_drug range: 0.22~1.0
02:51:23     Domain weight grid: best w_ind=4.56 w_drug=1.00 mcc=0.7235 (searched 36 combos)
02:51:23   Domain sample weights were selected via 5-fold OOF CV grid search (36 combinations). The candidate range for w_industrial was log-uniformly derived from the empirical prior shift ratio (p_drug / p_industrial), capped at the square-root of the ratio to avoid over-correction. The criterion was OOF mcc. Optimal: w_industrial=4.56, w_drug=1.0.
02:51:23   [ames] n_train=10848 > 10k -- HP tuning skipped for svm
02:51:40     SHAP failed: could not convert string to float: '[2.6702294E-1]'
02:51:40   ames_conditional_broad_fp2048_xgb: MCC=0.5784 [0.5392,0.6138] t=0.56 AD=0.58 (17s)
02:51:58   ames_conditional_broad_fp2048_lgbm: MCC=0.5825 [0.5472,0.6189] t=0.56 AD=0.58 (18s)
02:52:27     SHAP failed: Per-column arrays must each be 1-dimensional
02:52:27   ames_conditional_broad_fp2048_rf: MCC=0.5248 [0.4895,0.5606] t=0.48 AD=0.58 (29s)
02:54:15   ames_conditional_broad_fp2048_svm: MCC=0.5214 [0.4867,0.5591] t=0.4 AD=0.58 (108s)
03:00:01   ⚠ logistic took 346s on ames/broad_fp2048 (n=10848)
03:00:01   ames_conditional_broad_fp2048_logistic: MCC=0.4915 [0.4551,0.5253] t=0.52 AD=0.58 (346s)
03:01:05   ames_conditional_broad_fp2048_ann: MCC=0.5665 [0.5321,0.6008] t=0.44 AD=0.58 (64s)
03:01:05   Domain stats: industrial n=5821 pos=0.0283 | drug n=5027 pos=0.5902
03:01:05   Prior shift ratio: 20.82x → w_ind range: 1.0~4.56 | w_drug range: 0.22~1.0
03:02:43     Domain weight grid: best w_ind=1.00 w_drug=0.74 mcc=0.7295 (searched 36 combos)
03:02:43   Domain sample weights were selected via 5-fold OOF CV grid search (36 combinations). The candidate range for w_industrial was log-uniformly derived from the empirical prior shift ratio (p_drug / p_industrial), capped at the square-root of the ratio to avoid over-correction. The criterion was OOF mcc. Optimal: w_industrial=1.0, w_drug=0.74.
03:02:43   [ames] n_train=10848 > 10k -- HP tuning skipped for svm
03:03:02     SHAP failed: could not convert string to float: '[4.4768077E-1]'
03:03:02   ames_conditional_multi_fp_xgb: MCC=0.5279 [0.4920,0.5598] t=0.44 AD=0.58 (19s)
03:03:22   ames_conditional_multi_fp_lgbm: MCC=0.5299 [0.4953,0.5632] t=0.52 AD=0.58 (20s)
03:03:50     SHAP failed: Per-column arrays must each be 1-dimensional
03:03:50   ames_conditional_multi_fp_rf: MCC=0.5182 [0.4784,0.5514] t=0.54 AD=0.58 (28s)
03:05:32   ames_conditional_multi_fp_svm: MCC=0.4865 [0.4477,0.5273] t=0.4 AD=0.58 (101s)
03:11:34   ⚠ logistic took 362s on ames/multi_fp (n=10848)
03:11:34   ames_conditional_multi_fp_logistic: MCC=0.4852 [0.4473,0.5209] t=0.66 AD=0.58 (362s)
03:12:32   ames_conditional_multi_fp_ann: MCC=0.5392 [0.5038,0.5731] t=0.24 AD=0.58 (58s)
03:12:32   Domain stats: industrial n=5821 pos=0.0283 | drug n=5027 pos=0.5902
03:12:32   Prior shift ratio: 20.82x → w_ind range: 1.0~4.56 | w_drug range: 0.22~1.0
03:14:26     Domain weight grid: best w_ind=1.00 w_drug=1.00 mcc=0.7502 (searched 36 combos)
03:14:26   Domain sample weights were selected via 5-fold OOF CV grid search (36 combinations). The candidate range for w_industrial was log-uniformly derived from the empirical prior shift ratio (p_drug / p_industrial), capped at the square-root of the ratio to avoid over-correction. The criterion was OOF mcc. Optimal: w_industrial=1.0, w_drug=1.0.
03:14:26   [ames] n_train=10848 > 10k -- HP tuning skipped for svm
03:14:46     SHAP failed: could not convert string to float: '[5E-1]'
03:14:46   ames_conditional_extended_xgb: MCC=0.5670 [0.5332,0.6036] t=0.44 AD=0.58 (20s)
03:15:13   ames_conditional_extended_lgbm: MCC=0.5719 [0.5368,0.6042] t=0.56 AD=0.58 (28s)
03:15:37     SHAP failed: Per-column arrays must each be 1-dimensional
03:15:37   ames_conditional_extended_rf: MCC=0.5230 [0.4856,0.5541] t=0.54 AD=0.58 (24s)
03:18:25   ames_conditional_extended_svm: MCC=0.4839 [0.4431,0.5203] t=0.34 AD=0.58 (168s)
03:22:42   ames_conditional_extended_logistic: MCC=0.4699 [0.4334,0.5018] t=0.6 AD=0.58 (256s)
03:23:23   ames_conditional_extended_ann: MCC=0.4817 [0.4417,0.5188] t=0.44 AD=0.58 (41s)
08:14:27   ames_conditional_graph_gnn: MCC=0.1467
08:14:27   [Stacking] Retraining best Ames model: xgb/salt_stripped/extended (MCC=0.5844)
08:14:28   salt_stripped: 6062/13560 SMILES changed
08:14:33   [ames] FG features: 618 columns (smi_col=_analysis_smiles)
08:14:39   [ames] Physchem features: 13 columns
08:14:39   Domain stats: industrial n=5821 pos=0.0283 | drug n=5027 pos=0.5902
08:14:39   Prior shift ratio: 20.82x → w_ind range: 1.0~4.56 | w_drug range: 0.22~1.0
08:15:46     Domain weight grid: best w_ind=1.00 w_drug=0.40 mcc=0.7076 (searched 36 combos)
08:15:46   [Stacking] Domain weights: ind=1.00, drug=0.40
08:15:46   [Stacking] Ames model stored for cross-endpoint use
08:15:46   [invitro] Pre-computing features...
08:15:47   [invitro] FG features: 618 columns (smi_col=_analysis_smiles)
08:15:48   [invitro] Physchem features: 13 columns
08:15:48   [invitro] SA features: 104 columns (mean hits/mol: 0.88)
08:15:50   [invitro] Delta features: 34 columns (metal: 344, severe_distortion: 0)
08:15:52   [invitro] Electronic descriptors: 56 columns
08:15:52   [invitro] Fingerprint: 512 bits (smi_col=_analysis_smiles)
08:15:54   [invitro] Fingerprint: 1024 bits (smi_col=_analysis_smiles)
08:15:55   [invitro] Fingerprint: 2048 bits (smi_col=_analysis_smiles)
08:15:57   [invitro] Fingerprint: 1024 bits (smi_col=_analysis_smiles)
08:15:58   [invitro] MACCS keys: 167 bits
08:15:58   [invitro] AtomPair FP: 512 bits
08:15:58   [invitro] TopTorsion FP: 512 bits
08:15:58   [invitro] Multi-FP union: 2215 total features
08:16:02   [invitro] Ames stacking feature added (mean=0.140)
08:16:24     SHAP failed: could not convert string to float: '[5E-1]'
08:16:24   invitro_raw_all_compact_xgb: MCC=0.1746 [0.0274,0.3324] t=0.24 AD=0.48 (21s)
08:16:31   invitro_raw_all_compact_lgbm: MCC=0.2164 [0.0599,0.3620] t=0.32 AD=0.48 (8s)
08:16:38     SHAP failed: Per-column arrays must each be 1-dimensional
08:16:38   invitro_raw_all_compact_rf: MCC=0.0587 [-0.0681,0.1984] t=0.3 AD=0.48 (7s)
08:16:46   invitro_raw_all_compact_svm: MCC=0.0000 [0.0000,0.0000] t=0.12 AD=0.48 (7s)
08:17:23   invitro_raw_all_compact_logistic: MCC=0.0096 [-0.1030,0.1196] t=0.78 AD=0.48 (37s)
08:17:27   invitro_raw_all_compact_ann: MCC=0.0000 [0.0000,0.0000] t=0.1 AD=0.48 (4s)
08:17:31     SHAP failed: could not convert string to float: '[5E-1]'
08:17:31   invitro_raw_all_broad_fp512_xgb: MCC=0.1342 [-0.0175,0.2940] t=0.22 AD=0.48 (4s)
08:17:39   invitro_raw_all_broad_fp512_lgbm: MCC=0.1918 [0.0190,0.3556] t=0.2 AD=0.48 (8s)
08:17:45     SHAP failed: Per-column arrays must each be 1-dimensional
08:17:45   invitro_raw_all_broad_fp512_rf: MCC=0.0198 [-0.0856,0.1574] t=0.34 AD=0.48 (6s)
08:17:51   invitro_raw_all_broad_fp512_svm: MCC=0.0000 [0.0000,0.0000] t=0.1 AD=0.48 (7s)
08:18:39   invitro_raw_all_broad_fp512_logistic: MCC=0.1345 [0.0028,0.2749] t=0.2 AD=0.48 (47s)
08:18:43   invitro_raw_all_broad_fp512_ann: MCC=0.0007 [-0.0703,0.1248] t=0.34 AD=0.48 (5s)
08:18:48     SHAP failed: could not convert string to float: '[5E-1]'
08:18:48   invitro_raw_all_broad_fp1024_xgb: MCC=0.2430 [0.0823,0.4076] t=0.16 AD=0.48 (4s)
08:18:56   invitro_raw_all_broad_fp1024_lgbm: MCC=0.1690 [0.0141,0.3298] t=0.36 AD=0.48 (8s)
08:19:01     SHAP failed: Per-column arrays must each be 1-dimensional
08:19:01   invitro_raw_all_broad_fp1024_rf: MCC=0.1483 [-0.0085,0.3001] t=0.42 AD=0.48 (6s)
08:19:07   invitro_raw_all_broad_fp1024_svm: MCC=0.0000 [0.0000,0.0000] t=0.14 AD=0.48 (6s)
08:19:57   invitro_raw_all_broad_fp1024_logistic: MCC=0.0961 [-0.0216,0.2147] t=0.72 AD=0.48 (49s)
08:20:02   invitro_raw_all_broad_fp1024_ann: MCC=0.0279 [-0.0759,0.1604] t=0.18 AD=0.48 (5s)
08:20:06     SHAP failed: could not convert string to float: '[5E-1]'
08:20:06   invitro_raw_all_broad_fp2048_xgb: MCC=0.1836 [0.0360,0.3250] t=0.42 AD=0.48 (5s)
08:20:15   invitro_raw_all_broad_fp2048_lgbm: MCC=0.2114 [0.0544,0.3763] t=0.24 AD=0.48 (8s)
08:20:20     SHAP failed: Per-column arrays must each be 1-dimensional
08:20:20   invitro_raw_all_broad_fp2048_rf: MCC=0.1212 [-0.0155,0.2729] t=0.36 AD=0.48 (6s)
08:20:26   invitro_raw_all_broad_fp2048_svm: MCC=0.0000 [0.0000,0.0000] t=0.14 AD=0.48 (6s)
08:21:29   invitro_raw_all_broad_fp2048_logistic: MCC=0.1415 [0.0241,0.2543] t=0.14 AD=0.48 (63s)
08:21:35   invitro_raw_all_broad_fp2048_ann: MCC=0.0116 [-0.0859,0.1450] t=0.18 AD=0.48 (6s)
08:21:40     SHAP failed: could not convert string to float: '[5E-1]'
08:21:40   invitro_raw_all_multi_fp_xgb: MCC=0.0373 [-0.0741,0.1896] t=0.1 AD=0.48 (5s)
08:21:49   invitro_raw_all_multi_fp_lgbm: MCC=0.1615 [0.0205,0.3128] t=0.12 AD=0.48 (9s)
08:21:55     SHAP failed: Per-column arrays must each be 1-dimensional
08:21:55   invitro_raw_all_multi_fp_rf: MCC=0.0061 [-0.0685,0.1368] t=0.26 AD=0.48 (6s)
08:22:02   invitro_raw_all_multi_fp_svm: MCC=0.0000 [0.0000,0.0000] t=0.12 AD=0.48 (7s)
08:22:57   invitro_raw_all_multi_fp_logistic: MCC=0.1096 [-0.0143,0.2404] t=0.46 AD=0.48 (54s)
08:23:02   invitro_raw_all_multi_fp_ann: MCC=-0.0157 [-0.0383,0.0000] t=0.14 AD=0.48 (6s)
08:23:08     SHAP failed: could not convert string to float: '[5E-1]'
08:23:08   invitro_raw_all_extended_xgb: MCC=0.1940 [0.0439,0.3416] t=0.32 AD=0.48 (5s)
08:23:16   invitro_raw_all_extended_lgbm: MCC=0.1620 [0.0221,0.3170] t=0.32 AD=0.48 (9s)
08:23:22     SHAP failed: Per-column arrays must each be 1-dimensional
08:23:22   invitro_raw_all_extended_rf: MCC=0.0421 [-0.0513,0.1926] t=0.36 AD=0.48 (6s)
08:23:31   invitro_raw_all_extended_svm: MCC=0.0000 [0.0000,0.0000] t=0.1 AD=0.48 (9s)
08:24:06   invitro_raw_all_extended_logistic: MCC=0.0791 [-0.0337,0.1933] t=0.9 AD=0.48 (35s)
08:24:10   invitro_raw_all_extended_ann: MCC=0.0454 [-0.0506,0.2005] t=0.54 AD=0.48 (4s)
09:07:46   invitro_raw_all_graph_gnn: MCC=0.0000
09:07:47   [invitro] FG features: 618 columns (smi_col=_analysis_smiles)
09:07:47   [invitro] Physchem features: 13 columns
09:07:48   [invitro] SA features: 104 columns (mean hits/mol: 0.82)
09:07:50   [invitro] Delta features: 34 columns (metal: 20, severe_distortion: 0)
09:07:51   [invitro] Electronic descriptors: 56 columns
09:07:51   [invitro] Fingerprint: 512 bits (smi_col=_analysis_smiles)
09:07:52   [invitro] Fingerprint: 1024 bits (smi_col=_analysis_smiles)
09:07:54   [invitro] Fingerprint: 2048 bits (smi_col=_analysis_smiles)
09:07:55   [invitro] Fingerprint: 1024 bits (smi_col=_analysis_smiles)
09:07:56   [invitro] MACCS keys: 167 bits
09:07:56   [invitro] AtomPair FP: 512 bits
09:07:56   [invitro] TopTorsion FP: 512 bits
09:07:56   [invitro] Multi-FP union: 2215 total features
09:08:00   [invitro] Ames stacking feature added (mean=0.128)
09:08:16     SHAP failed: could not convert string to float: '[5E-1]'
09:08:16   invitro_no_metal_compact_xgb: MCC=0.2673 [0.0991,0.4469] t=0.24 AD=0.51 * (16s)
09:08:23   invitro_no_metal_compact_lgbm: MCC=0.2465 [0.0910,0.4106] t=0.12 AD=0.51 (7s)
09:08:28     SHAP failed: Per-column arrays must each be 1-dimensional
09:08:28   invitro_no_metal_compact_rf: MCC=0.0253 [-0.0805,0.1878] t=0.3 AD=0.51 (5s)
09:08:33   invitro_no_metal_compact_svm: MCC=0.0000 [0.0000,0.0000] t=0.12 AD=0.51 (5s)
09:09:08   invitro_no_metal_compact_logistic: MCC=0.1123 [0.0049,0.2329] t=0.64 AD=0.51 (35s)
09:09:11   invitro_no_metal_compact_ann: MCC=-0.0163 [-0.0390,0.0000] t=0.12 AD=0.51 (3s)
09:09:15     SHAP failed: could not convert string to float: '[5E-1]'
09:09:15   invitro_no_metal_broad_fp512_xgb: MCC=0.1627 [0.0014,0.3348] t=0.56 AD=0.51 (4s)
09:09:22   invitro_no_metal_broad_fp512_lgbm: MCC=0.2146 [0.0590,0.3811] t=0.34 AD=0.51 (7s)
09:09:27     SHAP failed: Per-column arrays must each be 1-dimensional
09:09:27   invitro_no_metal_broad_fp512_rf: MCC=0.1150 [-0.0547,0.2856] t=0.32 AD=0.51 (5s)
09:09:31   invitro_no_metal_broad_fp512_svm: MCC=0.0000 [0.0000,0.0000] t=0.22 AD=0.51 (4s)
09:10:08   invitro_no_metal_broad_fp512_logistic: MCC=-0.0322 [-0.1291,0.0709] t=0.16 AD=0.51 (37s)
09:10:12   invitro_no_metal_broad_fp512_ann: MCC=0.0971 [-0.0356,0.3011] t=0.4 AD=0.51 (4s)
09:10:16     SHAP failed: could not convert string to float: '[5E-1]'
09:10:16   invitro_no_metal_broad_fp1024_xgb: MCC=0.0760 [-0.0610,0.2298] t=0.32 AD=0.51 (4s)
09:10:23   invitro_no_metal_broad_fp1024_lgbm: MCC=0.2671 [0.1079,0.4355] t=0.1 AD=0.51 (7s)
09:10:29     SHAP failed: Per-column arrays must each be 1-dimensional
09:10:29   invitro_no_metal_broad_fp1024_rf: MCC=0.0307 [-0.0811,0.1694] t=0.34 AD=0.51 (5s)
09:10:33   invitro_no_metal_broad_fp1024_svm: MCC=0.0000 [0.0000,0.0000] t=0.12 AD=0.51 (4s)
09:11:14   invitro_no_metal_broad_fp1024_logistic: MCC=0.0155 [-0.1032,0.1428] t=0.48 AD=0.51 (41s)
09:11:19   invitro_no_metal_broad_fp1024_ann: MCC=0.0983 [-0.0328,0.2960] t=0.1 AD=0.51 (5s)
09:11:23     SHAP failed: could not convert string to float: '[5E-1]'
09:11:23   invitro_no_metal_broad_fp2048_xgb: MCC=0.1770 [0.0284,0.3459] t=0.34 AD=0.51 (4s)
09:11:31   invitro_no_metal_broad_fp2048_lgbm: MCC=0.3549 [0.2011,0.5195] t=0.14 AD=0.51 (7s)
09:11:36     SHAP failed: Per-column arrays must each be 1-dimensional
09:11:36   invitro_no_metal_broad_fp2048_rf: MCC=0.0438 [-0.0824,0.1936] t=0.34 AD=0.51 (5s)
09:11:41   invitro_no_metal_broad_fp2048_svm: MCC=0.0000 [0.0000,0.0000] t=0.12 AD=0.51 (4s)
09:12:23   invitro_no_metal_broad_fp2048_logistic: MCC=0.0502 [-0.0794,0.1735] t=0.1 AD=0.51 (43s)
09:12:29   invitro_no_metal_broad_fp2048_ann: MCC=0.0649 [-0.0728,0.2310] t=0.18 AD=0.51 (6s)
09:12:33     SHAP failed: could not convert string to float: '[5E-1]'
09:12:33   invitro_no_metal_multi_fp_xgb: MCC=0.1557 [-0.0126,0.3314] t=0.1 AD=0.51 (4s)
09:12:41   invitro_no_metal_multi_fp_lgbm: MCC=0.1257 [-0.0310,0.2749] t=0.52 AD=0.51 (8s)
09:12:47     SHAP failed: Per-column arrays must each be 1-dimensional
09:12:47   invitro_no_metal_multi_fp_rf: MCC=0.0090 [-0.0743,0.1660] t=0.22 AD=0.51 (6s)
09:12:52   invitro_no_metal_multi_fp_svm: MCC=0.0000 [0.0000,0.0000] t=0.16 AD=0.51 (5s)
09:13:38   invitro_no_metal_multi_fp_logistic: MCC=0.1747 [0.0451,0.3063] t=0.46 AD=0.51 (46s)
09:13:44   invitro_no_metal_multi_fp_ann: MCC=-0.0272 [-0.0495,0.0000] t=0.34 AD=0.51 (6s)
09:13:48     SHAP failed: could not convert string to float: '[5E-1]'
09:13:48   invitro_no_metal_extended_xgb: MCC=0.1351 [-0.0360,0.3014] t=0.1 AD=0.51 (5s)
09:13:56   invitro_no_metal_extended_lgbm: MCC=0.2051 [0.0080,0.3911] t=0.1 AD=0.51 (8s)
09:14:02     SHAP failed: Per-column arrays must each be 1-dimensional
09:14:02   invitro_no_metal_extended_rf: MCC=0.0326 [-0.0601,0.2006] t=0.22 AD=0.51 (5s)
09:14:08   invitro_no_metal_extended_svm: MCC=0.0000 [0.0000,0.0000] t=0.1 AD=0.51 (6s)
09:14:40   invitro_no_metal_extended_logistic: MCC=0.2097 [0.0853,0.3244] t=0.38 AD=0.51 (32s)
09:14:43   invitro_no_metal_extended_ann: MCC=-0.0166 [-0.0392,0.0000] t=0.62 AD=0.51 (3s)
09:49:09   invitro_no_metal_graph_gnn: MCC=0.0000
09:49:09   salt_stripped: 1317/1619 SMILES changed
09:49:10   [invitro] FG features: 618 columns (smi_col=_analysis_smiles)
09:49:11   [invitro] Physchem features: 13 columns
09:49:11   [invitro] SA features: 104 columns (mean hits/mol: 0.85)
09:49:13   [invitro] Delta features: 34 columns (metal: 344, severe_distortion: 46)
09:49:15   [invitro] Electronic descriptors: 56 columns
09:49:15   [invitro] Fingerprint: 512 bits (smi_col=_analysis_smiles)
09:49:17   [invitro] Fingerprint: 1024 bits (smi_col=_analysis_smiles)
09:49:18   [invitro] Fingerprint: 2048 bits (smi_col=_analysis_smiles)
09:49:20   [invitro] Fingerprint: 1024 bits (smi_col=_analysis_smiles)
09:49:21   [invitro] MACCS keys: 167 bits
09:49:21   [invitro] AtomPair FP: 512 bits
09:49:21   [invitro] TopTorsion FP: 512 bits
09:49:21   [invitro] Multi-FP union: 2215 total features
09:49:25   [invitro] Ames stacking feature added (mean=0.105)
09:49:42     SHAP failed: could not convert string to float: '[5E-1]'
09:49:42   invitro_salt_stripped_compact_xgb: MCC=0.1775 [0.0339,0.3164] t=0.22 AD=0.49 (16s)
09:49:49   invitro_salt_stripped_compact_lgbm: MCC=0.1717 [0.0388,0.3153] t=0.26 AD=0.49 (7s)
09:49:55     SHAP failed: Per-column arrays must each be 1-dimensional
09:49:55   invitro_salt_stripped_compact_rf: MCC=0.0309 [-0.0761,0.1588] t=0.32 AD=0.49 (6s)
09:50:01   invitro_salt_stripped_compact_svm: MCC=0.0000 [0.0000,0.0000] t=0.14 AD=0.49 (7s)
09:50:39   invitro_salt_stripped_compact_logistic: MCC=0.0074 [-0.1003,0.1173] t=0.88 AD=0.49 (38s)
09:50:44   invitro_salt_stripped_compact_ann: MCC=0.0000 [0.0000,0.0000] t=0.54 AD=0.49 (5s)
09:50:48     SHAP failed: could not convert string to float: '[5E-1]'
09:50:48   invitro_salt_stripped_broad_fp512_xgb: MCC=0.2035 [0.0538,0.3440] t=0.16 AD=0.49 (4s)
09:50:56   invitro_salt_stripped_broad_fp512_lgbm: MCC=0.1275 [0.0004,0.2689] t=0.16 AD=0.49 (8s)
09:51:01     SHAP failed: Per-column arrays must each be 1-dimensional
09:51:01   invitro_salt_stripped_broad_fp512_rf: MCC=0.0629 [-0.0495,0.1940] t=0.32 AD=0.49 (6s)
09:51:08   invitro_salt_stripped_broad_fp512_svm: MCC=0.0000 [0.0000,0.0000] t=0.12 AD=0.49 (7s)
09:51:49   invitro_salt_stripped_broad_fp512_logistic: MCC=-0.0526 [-0.1372,0.0503] t=0.9 AD=0.49 (41s)
09:51:54   invitro_salt_stripped_broad_fp512_ann: MCC=0.0500 [-0.0601,0.1920] t=0.34 AD=0.49 (5s)
09:51:59     SHAP failed: could not convert string to float: '[5E-1]'
09:51:59   invitro_salt_stripped_broad_fp1024_xgb: MCC=0.2150 [0.0528,0.3617] t=0.18 AD=0.49 (4s)
09:52:07   invitro_salt_stripped_broad_fp1024_lgbm: MCC=0.2597 [0.1063,0.4141] t=0.14 AD=0.49 (8s)
09:52:12     SHAP failed: Per-column arrays must each be 1-dimensional
09:52:12   invitro_salt_stripped_broad_fp1024_rf: MCC=0.0830 [-0.0416,0.2160] t=0.32 AD=0.49 (6s)
09:52:21   invitro_salt_stripped_broad_fp1024_svm: MCC=0.0000 [0.0000,0.0000] t=0.16 AD=0.49 (9s)
09:53:10   invitro_salt_stripped_broad_fp1024_logistic: MCC=0.0769 [-0.0514,0.2067] t=0.12 AD=0.49 (49s)
09:53:15   invitro_salt_stripped_broad_fp1024_ann: MCC=0.1317 [-0.0209,0.2938] t=0.12 AD=0.49 (5s)
09:53:20     SHAP failed: could not convert string to float: '[5E-1]'
09:53:20   invitro_salt_stripped_broad_fp2048_xgb: MCC=0.1630 [0.0182,0.3013] t=0.2 AD=0.49 (5s)
09:53:28   invitro_salt_stripped_broad_fp2048_lgbm: MCC=0.2098 [0.0632,0.3435] t=0.1 AD=0.49 (8s)
09:53:34     SHAP failed: Per-column arrays must each be 1-dimensional
09:53:34   invitro_salt_stripped_broad_fp2048_rf: MCC=0.0662 [-0.0495,0.1898] t=0.4 AD=0.49 (6s)
09:53:44   invitro_salt_stripped_broad_fp2048_svm: MCC=0.0000 [0.0000,0.0000] t=0.1 AD=0.49 (10s)
09:54:37   invitro_salt_stripped_broad_fp2048_logistic: MCC=0.1320 [0.0178,0.2653] t=0.1 AD=0.49 (53s)
09:54:43   invitro_salt_stripped_broad_fp2048_ann: MCC=0.0000 [0.0000,0.0000] t=0.48 AD=0.49 (7s)
09:54:49     SHAP failed: could not convert string to float: '[5E-1]'
09:54:49   invitro_salt_stripped_multi_fp_xgb: MCC=0.2145 [0.0583,0.3754] t=0.78 AD=0.49 (5s)
09:54:57   invitro_salt_stripped_multi_fp_lgbm: MCC=0.1574 [0.0168,0.2886] t=0.86 AD=0.49 (8s)
09:55:03     SHAP failed: Per-column arrays must each be 1-dimensional
09:55:03   invitro_salt_stripped_multi_fp_rf: MCC=-0.0012 [-0.0912,0.1154] t=0.24 AD=0.49 (6s)
09:55:14   invitro_salt_stripped_multi_fp_svm: MCC=0.0000 [0.0000,0.0000] t=0.1 AD=0.49 (11s)
09:56:11   invitro_salt_stripped_multi_fp_logistic: MCC=0.0410 [-0.0725,0.1571] t=0.56 AD=0.49 (57s)
09:56:19   invitro_salt_stripped_multi_fp_ann: MCC=-0.0167 [-0.0410,0.0000] t=0.22 AD=0.49 (8s)
09:56:24     SHAP failed: could not convert string to float: '[5E-1]'
09:56:24   invitro_salt_stripped_extended_xgb: MCC=0.1856 [0.0325,0.3495] t=0.32 AD=0.49 (5s)
09:56:33   invitro_salt_stripped_extended_lgbm: MCC=0.2180 [0.0674,0.3725] t=0.16 AD=0.49 (9s)
09:56:39     SHAP failed: Per-column arrays must each be 1-dimensional
09:56:39   invitro_salt_stripped_extended_rf: MCC=0.0544 [-0.0423,0.2312] t=0.34 AD=0.49 (6s)
09:56:46   invitro_salt_stripped_extended_svm: MCC=0.0000 [0.0000,0.0000] t=0.14 AD=0.49 (8s)
09:57:20   invitro_salt_stripped_extended_logistic: MCC=0.1641 [0.0546,0.2770] t=0.9 AD=0.49 (33s)
09:57:23   invitro_salt_stripped_extended_ann: MCC=0.0000 [0.0000,0.0000] t=0.36 AD=0.49 (4s)
10:37:23   invitro_salt_stripped_graph_gnn: MCC=0.0000
10:37:24 Conditional routing (conditional):
10:37:24   organic_single: 1153 (71.2%)
10:37:24   ionic_salt: 187 (11.6%)
10:37:24   organometallic: 157 (9.7%)
10:37:24   multi_component: 122 (7.5%)
10:37:24   [invitro] FG features: 618 columns (smi_col=_analysis_smiles)
10:37:25   [invitro] Physchem features: 13 columns
10:37:25   [invitro] SA features: 104 columns (mean hits/mol: 0.89)
10:37:28   [invitro] Delta features: 34 columns (metal: 344, severe_distortion: 59)
10:37:29   [invitro] Electronic descriptors: 56 columns
10:37:30   [invitro] Fingerprint: 512 bits (smi_col=_analysis_smiles)
10:37:31   [invitro] Fingerprint: 1024 bits (smi_col=_analysis_smiles)
10:37:33   [invitro] Fingerprint: 2048 bits (smi_col=_analysis_smiles)
10:37:34   [invitro] Fingerprint: 1024 bits (smi_col=_analysis_smiles)
10:37:35   [invitro] MACCS keys: 167 bits
10:37:35   [invitro] AtomPair FP: 512 bits
10:37:36   [invitro] TopTorsion FP: 512 bits
10:37:36   [invitro] Multi-FP union: 2215 total features
10:37:40   [invitro] Ames stacking feature added (mean=0.126)
10:37:56     SHAP failed: could not convert string to float: '[5E-1]'
10:37:56   invitro_conditional_compact_xgb: MCC=0.1621 [0.0254,0.2902] t=0.5 AD=0.48 (16s)
10:38:03   invitro_conditional_compact_lgbm: MCC=0.1884 [0.0455,0.3338] t=0.5 AD=0.48 (7s)
10:38:09     SHAP failed: Per-column arrays must each be 1-dimensional
10:38:09   invitro_conditional_compact_rf: MCC=0.0639 [-0.0675,0.1964] t=0.38 AD=0.48 (6s)
10:38:16   invitro_conditional_compact_svm: MCC=0.0000 [0.0000,0.0000] t=0.16 AD=0.48 (7s)
10:38:54   invitro_conditional_compact_logistic: MCC=-0.0066 [-0.1108,0.1007] t=0.9 AD=0.48 (38s)
10:38:59   invitro_conditional_compact_ann: MCC=0.0000 [0.0000,0.0000] t=0.48 AD=0.48 (5s)
10:39:03     SHAP failed: could not convert string to float: '[5E-1]'
10:39:03   invitro_conditional_broad_fp512_xgb: MCC=0.0193 [-0.0929,0.1513] t=0.3 AD=0.48 (4s)
10:39:11   invitro_conditional_broad_fp512_lgbm: MCC=0.1447 [0.0103,0.2727] t=0.66 AD=0.48 (8s)
10:39:17     SHAP failed: Per-column arrays must each be 1-dimensional
10:39:17   invitro_conditional_broad_fp512_rf: MCC=0.0294 [-0.0822,0.1596] t=0.6 AD=0.48 (5s)
10:39:24   invitro_conditional_broad_fp512_svm: MCC=0.0000 [0.0000,0.0000] t=0.1 AD=0.48 (7s)
10:40:11   invitro_conditional_broad_fp512_logistic: MCC=0.0935 [-0.0162,0.2079] t=0.88 AD=0.48 (48s)
10:40:16   invitro_conditional_broad_fp512_ann: MCC=0.0000 [0.0000,0.0000] t=0.36 AD=0.48 (5s)
10:40:21     SHAP failed: could not convert string to float: '[5E-1]'
10:40:21   invitro_conditional_broad_fp1024_xgb: MCC=0.1699 [0.0291,0.3242] t=0.1 AD=0.48 (4s)
10:40:28   invitro_conditional_broad_fp1024_lgbm: MCC=0.1692 [0.0367,0.3000] t=0.1 AD=0.48 (8s)
10:40:34     SHAP failed: Per-column arrays must each be 1-dimensional
10:40:34   invitro_conditional_broad_fp1024_rf: MCC=0.0545 [-0.0656,0.1794] t=0.6 AD=0.48 (6s)
10:40:42   invitro_conditional_broad_fp1024_svm: MCC=0.0000 [0.0000,0.0000] t=0.14 AD=0.48 (7s)
10:41:29   invitro_conditional_broad_fp1024_logistic: MCC=-0.0006 [-0.1029,0.1078] t=0.34 AD=0.48 (47s)
10:41:35   invitro_conditional_broad_fp1024_ann: MCC=0.1113 [-0.0210,0.2681] t=0.18 AD=0.48 (6s)
10:41:40     SHAP failed: could not convert string to float: '[5E-1]'
10:41:40   invitro_conditional_broad_fp2048_xgb: MCC=0.1142 [-0.0193,0.2514] t=0.1 AD=0.48 (5s)
10:41:48   invitro_conditional_broad_fp2048_lgbm: MCC=0.2204 [0.0758,0.3576] t=0.72 AD=0.48 (8s)
10:41:54     SHAP failed: Per-column arrays must each be 1-dimensional
10:41:54   invitro_conditional_broad_fp2048_rf: MCC=0.0889 [-0.0304,0.2224] t=0.42 AD=0.48 (6s)
10:42:02   invitro_conditional_broad_fp2048_svm: MCC=0.0000 [0.0000,0.0000] t=0.1 AD=0.48 (8s)
10:42:54   invitro_conditional_broad_fp2048_logistic: MCC=0.0363 [-0.0752,0.1600] t=0.1 AD=0.48 (53s)
10:43:01   invitro_conditional_broad_fp2048_ann: MCC=-0.0264 [-0.0477,0.0000] t=0.24 AD=0.48 (6s)
10:43:06     SHAP failed: could not convert string to float: '[5E-1]'
10:43:06   invitro_conditional_multi_fp_xgb: MCC=0.0827 [-0.0517,0.2197] t=0.4 AD=0.48 (5s)
10:43:15   invitro_conditional_multi_fp_lgbm: MCC=0.2931 [0.1310,0.4532] t=0.24 AD=0.48 (9s)
10:43:21     SHAP failed: Per-column arrays must each be 1-dimensional
10:43:21   invitro_conditional_multi_fp_rf: MCC=-0.0151 [-0.0789,0.1109] t=0.28 AD=0.48 (6s)
10:43:29   invitro_conditional_multi_fp_svm: MCC=0.0000 [0.0000,0.0000] t=0.12 AD=0.48 (8s)
10:44:25   invitro_conditional_multi_fp_logistic: MCC=0.0874 [-0.0241,0.2171] t=0.1 AD=0.48 (56s)
10:44:31   invitro_conditional_multi_fp_ann: MCC=-0.0335 [-0.0545,0.0000] t=0.38 AD=0.48 (7s)
10:44:37     SHAP failed: could not convert string to float: '[5E-1]'
10:44:37   invitro_conditional_extended_xgb: MCC=0.1741 [0.0094,0.3368] t=0.22 AD=0.48 (6s)
10:44:46   invitro_conditional_extended_lgbm: MCC=0.2269 [0.0680,0.3858] t=0.1 AD=0.48 (9s)
10:44:52     SHAP failed: Per-column arrays must each be 1-dimensional
10:44:52   invitro_conditional_extended_rf: MCC=0.1029 [-0.0436,0.2891] t=0.34 AD=0.48 (6s)
10:45:01   invitro_conditional_extended_svm: MCC=0.0000 [0.0000,0.0000] t=0.12 AD=0.48 (10s)
10:45:38   invitro_conditional_extended_logistic: MCC=0.1331 [0.0191,0.2506] t=0.4 AD=0.48 (36s)
10:45:42   invitro_conditional_extended_ann: MCC=0.0022 [-0.0872,0.1189] t=0.44 AD=0.48 (4s)
11:28:58   invitro_conditional_graph_gnn: MCC=0.0000
11:28:58   [invivo] Pre-computing features...
11:28:59   [invivo] FG features: 618 columns (smi_col=_analysis_smiles)
11:29:00   [invivo] Physchem features: 13 columns
11:29:00   [invivo] SA features: 104 columns (mean hits/mol: 1.05)
11:29:03   [invivo] Delta features: 34 columns (metal: 486, severe_distortion: 0)
11:29:05   [invivo] Electronic descriptors: 56 columns
11:29:05   [invivo] Fingerprint: 512 bits (smi_col=_analysis_smiles)
11:29:07   [invivo] Fingerprint: 1024 bits (smi_col=_analysis_smiles)
11:29:09   [invivo] Fingerprint: 2048 bits (smi_col=_analysis_smiles)
11:29:12   [invivo] Fingerprint: 1024 bits (smi_col=_analysis_smiles)
11:29:13   [invivo] MACCS keys: 167 bits
11:29:13   [invivo] AtomPair FP: 512 bits
11:29:13   [invivo] TopTorsion FP: 512 bits
11:29:13   [invivo] Multi-FP union: 2215 total features
11:29:18   [invivo] Ames stacking feature added (mean=0.185)
11:29:35     SHAP failed: could not convert string to float: '[5E-1]'
11:29:35   invivo_raw_all_compact_xgb: MCC=0.1742 [-0.0222,0.4290] t=0.9 AD=0.57 (17s)
11:29:42   invivo_raw_all_compact_lgbm: MCC=0.1139 [-0.0322,0.3244] t=0.9 AD=0.57 (7s)
11:29:48     SHAP failed: Per-column arrays must each be 1-dimensional
11:29:48   invivo_raw_all_compact_rf: MCC=0.0871 [-0.0246,0.3263] t=0.6 AD=0.57 (6s)
11:29:57   invivo_raw_all_compact_svm: MCC=0.0000 [0.0000,0.0000] t=0.14 AD=0.57 (10s)
11:30:45   invivo_raw_all_compact_logistic: MCC=-0.0285 [-0.0798,0.0532] t=0.86 AD=0.57 (48s)
11:30:51   invivo_raw_all_compact_ann: MCC=0.0000 [0.0000,0.0000] t=0.32 AD=0.57 (5s)
11:30:55     SHAP failed: could not convert string to float: '[5E-1]'
11:30:55   invivo_raw_all_broad_fp512_xgb: MCC=0.1110 [-0.0205,0.3768] t=0.8 AD=0.57 (5s)
11:31:03   invivo_raw_all_broad_fp512_lgbm: MCC=0.1645 [-0.0234,0.4352] t=0.72 AD=0.57 (8s)
11:31:09     SHAP failed: Per-column arrays must each be 1-dimensional
11:31:09   invivo_raw_all_broad_fp512_rf: MCC=0.0999 [-0.0219,0.3738] t=0.16 AD=0.57 (6s)
11:31:23   invivo_raw_all_broad_fp512_svm: MCC=0.0000 [0.0000,0.0000] t=0.1 AD=0.57 (14s)
11:32:19   invivo_raw_all_broad_fp512_logistic: MCC=0.1294 [-0.0005,0.2551] t=0.7 AD=0.57 (56s)
11:32:25   invivo_raw_all_broad_fp512_ann: MCC=0.0000 [0.0000,0.0000] t=0.18 AD=0.57 (7s)
11:32:30     SHAP failed: could not convert string to float: '[5E-1]'
11:32:30   invivo_raw_all_broad_fp1024_xgb: MCC=0.0876 [-0.0243,0.3412] t=0.1 AD=0.57 (5s)
11:32:38   invivo_raw_all_broad_fp1024_lgbm: MCC=0.2100 [-0.0233,0.4661] t=0.74 AD=0.57 (8s)
11:32:44     SHAP failed: Per-column arrays must each be 1-dimensional
11:32:44   invivo_raw_all_broad_fp1024_rf: MCC=-0.0101 [-0.0192,0.0000] t=0.16 AD=0.57 (6s)
11:33:04   invivo_raw_all_broad_fp1024_svm: MCC=0.0000 [0.0000,0.0000] t=0.1 AD=0.57 (20s)
11:34:11   invivo_raw_all_broad_fp1024_logistic: MCC=0.3096 [0.1287,0.4496] t=0.12 AD=0.57 (67s)
11:34:18   invivo_raw_all_broad_fp1024_ann: MCC=0.0000 [0.0000,0.0000] t=0.5 AD=0.57 (8s)
11:34:24     SHAP failed: could not convert string to float: '[5E-1]'
11:34:24   invivo_raw_all_broad_fp2048_xgb: MCC=0.0876 [-0.0243,0.3412] t=0.82 AD=0.57 (5s)
11:34:31   invivo_raw_all_broad_fp2048_lgbm: MCC=0.1749 [-0.0286,0.4066] t=0.74 AD=0.57 (8s)
11:34:38     SHAP failed: Per-column arrays must each be 1-dimensional
11:34:38   invivo_raw_all_broad_fp2048_rf: MCC=0.1336 [-0.0172,0.4391] t=0.14 AD=0.57 (6s)
11:34:50   invivo_raw_all_broad_fp2048_svm: MCC=0.0000 [0.0000,0.0000] t=0.1 AD=0.57 (13s)
11:36:00   invivo_raw_all_broad_fp2048_logistic: MCC=0.1734 [0.0134,0.3083] t=0.1 AD=0.57 (70s)
11:36:09   invivo_raw_all_broad_fp2048_ann: MCC=0.0000 [0.0000,0.0000] t=0.3 AD=0.57 (9s)
11:36:15     SHAP failed: could not convert string to float: '[5E-1]'
11:36:15   invivo_raw_all_multi_fp_xgb: MCC=0.0885 [-0.0234,0.3538] t=0.58 AD=0.57 (5s)
11:36:23   invivo_raw_all_multi_fp_lgbm: MCC=0.2678 [-0.0172,0.5583] t=0.8 AD=0.57 (8s)
11:36:29     SHAP failed: Per-column arrays must each be 1-dimensional
11:36:29   invivo_raw_all_multi_fp_rf: MCC=-0.0062 [-0.0153,0.0000] t=0.54 AD=0.57 (6s)
11:36:40   invivo_raw_all_multi_fp_svm: MCC=0.0000 [0.0000,0.0000] t=0.12 AD=0.57 (11s)
11:37:55   invivo_raw_all_multi_fp_logistic: MCC=0.0193 [-0.0654,0.1345] t=0.5 AD=0.57 (75s)
11:38:05   invivo_raw_all_multi_fp_ann: MCC=-0.0134 [-0.0226,0.0000] t=0.2 AD=0.57 (10s)
11:38:11     SHAP failed: could not convert string to float: '[5E-1]'
11:38:11   invivo_raw_all_extended_xgb: MCC=0.3710 [-0.0077,0.6296] t=0.26 AD=0.57 (6s)
11:38:19   invivo_raw_all_extended_lgbm: MCC=0.2759 [-0.0167,0.5555] t=0.2 AD=0.57 (9s)
11:38:25     SHAP failed: Per-column arrays must each be 1-dimensional
11:38:25   invivo_raw_all_extended_rf: MCC=0.2213 [0.0000,0.5137] t=0.42 AD=0.57 (6s)
11:38:40   invivo_raw_all_extended_svm: MCC=0.0000 [0.0000,0.0000] t=0.14 AD=0.57 (14s)
11:39:26   invivo_raw_all_extended_logistic: MCC=0.1316 [-0.0018,0.2699] t=0.48 AD=0.57 (47s)
11:39:30   invivo_raw_all_extended_ann: MCC=0.0000 [0.0000,0.0000] t=0.16 AD=0.57 (4s)
12:38:25   invivo_raw_all_graph_gnn: MCC=0.0000
12:38:25   [invivo] FG features: 618 columns (smi_col=_analysis_smiles)
12:38:26   [invivo] Physchem features: 13 columns
12:38:27   [invivo] SA features: 104 columns (mean hits/mol: 1.00)
12:38:29   [invivo] Delta features: 34 columns (metal: 13, severe_distortion: 0)
12:38:30   [invivo] Electronic descriptors: 56 columns
12:38:30   [invivo] Fingerprint: 512 bits (smi_col=_analysis_smiles)
12:38:32   [invivo] Fingerprint: 1024 bits (smi_col=_analysis_smiles)
12:38:33   [invivo] Fingerprint: 2048 bits (smi_col=_analysis_smiles)
12:38:35   [invivo] Fingerprint: 1024 bits (smi_col=_analysis_smiles)
12:38:36   [invivo] MACCS keys: 167 bits
12:38:36   [invivo] AtomPair FP: 512 bits
12:38:36   [invivo] TopTorsion FP: 512 bits
12:38:36   [invivo] Multi-FP union: 2215 total features
12:38:40   [invivo] Ames stacking feature added (mean=0.183)
12:38:57     SHAP failed: could not convert string to float: '[5E-1]'
12:38:57   invivo_no_metal_compact_xgb: MCC=0.3000 [-0.0072,0.5528] t=0.14 AD=0.54 * (16s)
12:39:03   invivo_no_metal_compact_lgbm: MCC=0.3526 [-0.0066,0.6330] t=0.12 AD=0.54 (6s)
12:39:08     SHAP failed: Per-column arrays must each be 1-dimensional
12:39:08   invivo_no_metal_compact_rf: MCC=-0.0164 [-0.0281,0.0000] t=0.28 AD=0.54 (5s)
12:39:14   invivo_no_metal_compact_svm: MCC=0.0000 [0.0000,0.0000] t=0.1 AD=0.54 (6s)
12:40:00   invivo_no_metal_compact_logistic: MCC=0.0189 [-0.0777,0.1414] t=0.24 AD=0.54 (47s)
12:40:05   invivo_no_metal_compact_ann: MCC=0.0000 [0.0000,0.0000] t=0.38 AD=0.54 (4s)
12:40:09     SHAP failed: could not convert string to float: '[5E-1]'
12:40:09   invivo_no_metal_broad_fp512_xgb: MCC=0.3235 [-0.0027,0.6083] t=0.7 AD=0.54 (4s)
12:40:16   invivo_no_metal_broad_fp512_lgbm: MCC=0.3879 [-0.0027,0.6681] t=0.14 AD=0.54 (7s)
12:40:21     SHAP failed: Per-column arrays must each be 1-dimensional
12:40:21   invivo_no_metal_broad_fp512_rf: MCC=0.1161 [-0.0275,0.3638] t=0.12 AD=0.54 (5s)
12:40:26   invivo_no_metal_broad_fp512_svm: MCC=0.0000 [0.0000,0.0000] t=0.5 AD=0.54 (5s)
12:41:22   invivo_no_metal_broad_fp512_logistic: MCC=0.1728 [0.0098,0.3512] t=0.72 AD=0.54 (56s)
12:41:27   invivo_no_metal_broad_fp512_ann: MCC=0.0000 [0.0000,0.0000] t=0.18 AD=0.54 (5s)
12:41:32     SHAP failed: could not convert string to float: '[5E-1]'
12:41:32   invivo_no_metal_broad_fp1024_xgb: MCC=0.2800 [-0.0097,0.5306] t=0.2 AD=0.54 (5s)
12:41:39   invivo_no_metal_broad_fp1024_lgbm: MCC=0.3019 [-0.0102,0.5572] t=0.14 AD=0.54 (7s)
12:41:44     SHAP failed: Per-column arrays must each be 1-dimensional
12:41:44   invivo_no_metal_broad_fp1024_rf: MCC=0.2278 [-0.0204,0.5083] t=0.12 AD=0.54 (6s)
12:41:51   invivo_no_metal_broad_fp1024_svm: MCC=0.0000 [0.0000,0.0000] t=0.1 AD=0.54 (6s)
12:42:57   invivo_no_metal_broad_fp1024_logistic: MCC=0.2408 [0.0464,0.4216] t=0.9 AD=0.54 (66s)
12:43:02   invivo_no_metal_broad_fp1024_ann: MCC=0.0000 [0.0000,0.0000] t=0.3 AD=0.54 (6s)
12:43:07     SHAP failed: could not convert string to float: '[5E-1]'
12:43:07   invivo_no_metal_broad_fp2048_xgb: MCC=0.3248 [-0.0052,0.5954] t=0.4 AD=0.54 (5s)
12:43:14   invivo_no_metal_broad_fp2048_lgbm: MCC=0.3004 [-0.0082,0.5750] t=0.52 AD=0.54 (7s)
12:43:19     SHAP failed: Per-column arrays must each be 1-dimensional
12:43:19   invivo_no_metal_broad_fp2048_rf: MCC=0.2277 [-0.0220,0.5083] t=0.1 AD=0.54 (5s)
12:43:25   invivo_no_metal_broad_fp2048_svm: MCC=0.0000 [0.0000,0.0000] t=0.14 AD=0.54 (6s)
12:44:39   invivo_no_metal_broad_fp2048_logistic: MCC=0.1870 [0.0209,0.3700] t=0.4 AD=0.54 (74s)
12:44:45   invivo_no_metal_broad_fp2048_ann: MCC=0.0000 [0.0000,0.0000] t=0.12 AD=0.54 (7s)
12:44:51     SHAP failed: could not convert string to float: '[5E-1]'
12:44:51   invivo_no_metal_multi_fp_xgb: MCC=0.4336 [0.0000,0.7017] t=0.36 AD=0.54 (5s)
12:44:58   invivo_no_metal_multi_fp_lgbm: MCC=0.3882 [0.0000,0.6681] t=0.1 AD=0.54 (8s)
12:45:04     SHAP failed: Per-column arrays must each be 1-dimensional
12:45:04   invivo_no_metal_multi_fp_rf: MCC=0.1898 [-0.0175,0.5214] t=0.12 AD=0.54 (6s)
12:45:09   invivo_no_metal_multi_fp_svm: MCC=0.0000 [0.0000,0.0000] t=0.1 AD=0.54 (5s)
12:46:08   invivo_no_metal_multi_fp_logistic: MCC=0.1235 [-0.0395,0.3243] t=0.34 AD=0.54 (58s)
12:46:15   invivo_no_metal_multi_fp_ann: MCC=0.0000 [0.0000,0.0000] t=0.16 AD=0.54 (7s)
12:46:19     SHAP failed: could not convert string to float: '[5E-1]'
12:46:19   invivo_no_metal_extended_xgb: MCC=0.2838 [-0.0149,0.5881] t=0.44 AD=0.54 (5s)
12:46:26   invivo_no_metal_extended_lgbm: MCC=0.4336 [0.0000,0.7017] t=0.1 AD=0.54 (7s)
12:46:32     SHAP failed: Per-column arrays must each be 1-dimensional
12:46:32   invivo_no_metal_extended_rf: MCC=0.0000 [0.0000,0.0000] t=0.2 AD=0.54 (5s)
12:46:40   invivo_no_metal_extended_svm: MCC=0.0000 [0.0000,0.0000] t=0.2 AD=0.54 (9s)
12:47:23   invivo_no_metal_extended_logistic: MCC=0.1435 [-0.0056,0.3180] t=0.2 AD=0.54 (42s)
12:47:26   invivo_no_metal_extended_ann: MCC=0.0000 [0.0000,0.0000] t=0.1 AD=0.54 (3s)
13:31:23   invivo_no_metal_graph_gnn: MCC=0.0000
13:31:23   salt_stripped: 1785/2153 SMILES changed
13:31:24   [invivo] FG features: 618 columns (smi_col=_analysis_smiles)
13:31:25   [invivo] Physchem features: 13 columns
13:31:25   [invivo] SA features: 104 columns (mean hits/mol: 1.03)
13:31:28   [invivo] Delta features: 34 columns (metal: 486, severe_distortion: 106)
13:31:30   [invivo] Electronic descriptors: 56 columns
13:31:30   [invivo] Fingerprint: 512 bits (smi_col=_analysis_smiles)
13:31:32   [invivo] Fingerprint: 1024 bits (smi_col=_analysis_smiles)
13:31:34   [invivo] Fingerprint: 2048 bits (smi_col=_analysis_smiles)
13:31:36   [invivo] Fingerprint: 1024 bits (smi_col=_analysis_smiles)
13:31:37   [invivo] MACCS keys: 167 bits
13:31:37   [invivo] AtomPair FP: 512 bits
13:31:38   [invivo] TopTorsion FP: 512 bits
13:31:38   [invivo] Multi-FP union: 2215 total features
13:31:43   [invivo] Ames stacking feature added (mean=0.150)
13:32:00     SHAP failed: could not convert string to float: '[5E-1]'
13:32:00   invivo_salt_stripped_compact_xgb: MCC=0.3282 [-0.0120,0.5794] t=0.9 AD=0.59 (17s)
13:32:07   invivo_salt_stripped_compact_lgbm: MCC=0.3256 [-0.0115,0.5732] t=0.86 AD=0.59 (7s)
13:32:13     SHAP failed: Per-column arrays must each be 1-dimensional
13:32:13   invivo_salt_stripped_compact_rf: MCC=0.3221 [-0.0134,0.6062] t=0.62 AD=0.59 (6s)
13:32:22   invivo_salt_stripped_compact_svm: MCC=0.0000 [0.0000,0.0000] t=0.12 AD=0.59 (10s)
13:33:12   invivo_salt_stripped_compact_logistic: MCC=-0.0029 [-0.0802,0.1071] t=0.86 AD=0.59 (50s)
13:33:17   invivo_salt_stripped_compact_ann: MCC=0.0000 [0.0000,0.0000] t=0.28 AD=0.59 (5s)
13:33:22     SHAP failed: could not convert string to float: '[5E-1]'
13:33:22   invivo_salt_stripped_broad_fp512_xgb: MCC=0.2701 [-0.0135,0.4899] t=0.8 AD=0.59 (5s)
13:33:29   invivo_salt_stripped_broad_fp512_lgbm: MCC=0.3127 [-0.0106,0.5738] t=0.84 AD=0.59 (8s)
13:33:35     SHAP failed: Per-column arrays must each be 1-dimensional
13:33:35   invivo_salt_stripped_broad_fp512_rf: MCC=0.2758 [-0.0156,0.5775] t=0.62 AD=0.59 (6s)
13:33:49   invivo_salt_stripped_broad_fp512_svm: MCC=0.0000 [0.0000,0.0000] t=0.12 AD=0.59 (13s)
13:35:08   invivo_salt_stripped_broad_fp512_logistic: MCC=0.2258 [0.0622,0.3703] t=0.68 AD=0.59 (79s)
13:35:15   invivo_salt_stripped_broad_fp512_ann: MCC=0.0000 [0.0000,0.0000] t=0.26 AD=0.59 (7s)
13:35:20     SHAP failed: could not convert string to float: '[5E-1]'
13:35:20   invivo_salt_stripped_broad_fp1024_xgb: MCC=0.3289 [-0.0110,0.5937] t=0.84 AD=0.59 (5s)
13:35:28   invivo_salt_stripped_broad_fp1024_lgbm: MCC=0.3294 [-0.0094,0.6022] t=0.66 AD=0.59 (8s)
13:35:34     SHAP failed: Per-column arrays must each be 1-dimensional
13:35:34   invivo_salt_stripped_broad_fp1024_rf: MCC=0.2620 [-0.0131,0.5671] t=0.62 AD=0.59 (6s)
13:35:51   invivo_salt_stripped_broad_fp1024_svm: MCC=0.0000 [0.0000,0.0000] t=0.12 AD=0.59 (17s)
13:37:04   invivo_salt_stripped_broad_fp1024_logistic: MCC=0.1451 [-0.0275,0.3103] t=0.36 AD=0.59 (73s)
13:37:10   invivo_salt_stripped_broad_fp1024_ann: MCC=0.0000 [0.0000,0.0000] t=0.2 AD=0.59 (6s)
13:37:15     SHAP failed: could not convert string to float: '[5E-1]'
13:37:15   invivo_salt_stripped_broad_fp2048_xgb: MCC=0.3500 [-0.0083,0.6262] t=0.36 AD=0.59 (5s)
13:37:22   invivo_salt_stripped_broad_fp2048_lgbm: MCC=0.3298 [-0.0083,0.5889] t=0.86 AD=0.59 (8s)
13:37:29     SHAP failed: Per-column arrays must each be 1-dimensional
13:37:29   invivo_salt_stripped_broad_fp2048_rf: MCC=0.3212 [-0.0129,0.6051] t=0.62 AD=0.59 (6s)
13:37:43   invivo_salt_stripped_broad_fp2048_svm: MCC=-0.0063 [-0.0153,0.0000] t=0.1 AD=0.59 (14s)
13:39:08   invivo_salt_stripped_broad_fp2048_logistic: MCC=0.1913 [0.0153,0.3640] t=0.74 AD=0.59 (85s)
13:39:16   invivo_salt_stripped_broad_fp2048_ann: MCC=0.0000 [0.0000,0.0000] t=0.22 AD=0.59 (8s)
13:39:21     SHAP failed: could not convert string to float: '[5E-1]'
13:39:21   invivo_salt_stripped_multi_fp_xgb: MCC=0.3500 [-0.0080,0.6309] t=0.9 AD=0.59 (5s)
13:39:29   invivo_salt_stripped_multi_fp_lgbm: MCC=0.3275 [-0.0115,0.5937] t=0.82 AD=0.59 (8s)
13:39:35     SHAP failed: Per-column arrays must each be 1-dimensional
13:39:35   invivo_salt_stripped_multi_fp_rf: MCC=0.1446 [-0.0155,0.4165] t=0.62 AD=0.59 (6s)
13:39:52   invivo_salt_stripped_multi_fp_svm: MCC=-0.0063 [-0.0153,0.0000] t=0.2 AD=0.59 (17s)
13:41:07   invivo_salt_stripped_multi_fp_logistic: MCC=0.0664 [-0.0457,0.2082] t=0.9 AD=0.59 (75s)
13:41:16   invivo_salt_stripped_multi_fp_ann: MCC=0.0000 [0.0000,0.0000] t=0.26 AD=0.59 (9s)
13:41:22     SHAP failed: could not convert string to float: '[5E-1]'
13:41:22   invivo_salt_stripped_extended_xgb: MCC=0.4462 [-0.0064,0.7232] t=0.34 AD=0.59 (6s)
13:41:31   invivo_salt_stripped_extended_lgbm: MCC=0.3222 [-0.0141,0.6160] t=0.82 AD=0.59 (9s)
13:41:37     SHAP failed: Per-column arrays must each be 1-dimensional
13:41:37   invivo_salt_stripped_extended_rf: MCC=0.2213 [0.0000,0.5137] t=0.4 AD=0.59 (6s)
13:41:50   invivo_salt_stripped_extended_svm: MCC=0.0000 [0.0000,0.0000] t=0.16 AD=0.59 (13s)
13:42:39   invivo_salt_stripped_extended_logistic: MCC=-0.0037 [-0.0602,0.1033] t=0.24 AD=0.59 (49s)
13:42:43   invivo_salt_stripped_extended_ann: MCC=0.0000 [0.0000,0.0000] t=0.34 AD=0.59 (4s)
14:44:45   invivo_salt_stripped_graph_gnn: MCC=0.0000
14:44:46 Conditional routing (conditional):
14:44:46   organic_single: 1535 (71.3%)
14:44:46   organometallic: 260 (12.1%)
14:44:46   ionic_salt: 226 (10.5%)
14:44:46   multi_component: 132 (6.1%)
14:44:47   [invivo] FG features: 618 columns (smi_col=_analysis_smiles)
14:44:48   [invivo] Physchem features: 13 columns
14:44:48   [invivo] SA features: 104 columns (mean hits/mol: 1.07)
14:44:51   [invivo] Delta features: 34 columns (metal: 486, severe_distortion: 88)
14:44:53   [invivo] Electronic descriptors: 56 columns
14:44:53   [invivo] Fingerprint: 512 bits (smi_col=_analysis_smiles)
14:44:55   [invivo] Fingerprint: 1024 bits (smi_col=_analysis_smiles)
14:44:57   [invivo] Fingerprint: 2048 bits (smi_col=_analysis_smiles)
14:44:59   [invivo] Fingerprint: 1024 bits (smi_col=_analysis_smiles)
14:45:00   [invivo] MACCS keys: 167 bits
14:45:00   [invivo] AtomPair FP: 512 bits
14:45:01   [invivo] TopTorsion FP: 512 bits
14:45:01   [invivo] Multi-FP union: 2215 total features
14:45:06   [invivo] Ames stacking feature added (mean=0.174)
14:45:22     SHAP failed: could not convert string to float: '[5E-1]'
14:45:22   invivo_conditional_compact_xgb: MCC=0.2570 [-0.0133,0.5594] t=0.82 AD=0.57 (17s)
14:45:29   invivo_conditional_compact_lgbm: MCC=0.1866 [-0.0240,0.4116] t=0.74 AD=0.57 (7s)
14:45:35     SHAP failed: Per-column arrays must each be 1-dimensional
14:45:35   invivo_conditional_compact_rf: MCC=0.3143 [-0.0140,0.6046] t=0.14 AD=0.57 (6s)
14:45:45   invivo_conditional_compact_svm: MCC=0.0000 [0.0000,0.0000] t=0.14 AD=0.57 (9s)
14:46:34   invivo_conditional_compact_logistic: MCC=0.0032 [-0.0757,0.1160] t=0.9 AD=0.57 (49s)
14:46:39   invivo_conditional_compact_ann: MCC=0.0000 [0.0000,0.0000] t=0.28 AD=0.57 (5s)
14:46:43     SHAP failed: could not convert string to float: '[5E-1]'
14:46:43   invivo_conditional_broad_fp512_xgb: MCC=0.0966 [-0.0234,0.3735] t=0.68 AD=0.57 (4s)
14:46:51   invivo_conditional_broad_fp512_lgbm: MCC=0.2092 [-0.0250,0.4739] t=0.6 AD=0.57 (7s)
14:46:56     SHAP failed: Per-column arrays must each be 1-dimensional
14:46:56   invivo_conditional_broad_fp512_rf: MCC=0.2208 [-0.0177,0.5367] t=0.44 AD=0.57 (6s)
14:47:07   invivo_conditional_broad_fp512_svm: MCC=-0.0063 [-0.0153,0.0000] t=0.1 AD=0.57 (10s)
14:48:22   invivo_conditional_broad_fp512_logistic: MCC=0.0582 [-0.0489,0.2100] t=0.46 AD=0.57 (75s)
14:48:27   invivo_conditional_broad_fp512_ann: MCC=0.0000 [0.0000,0.0000] t=0.44 AD=0.57 (5s)
14:48:32     SHAP failed: could not convert string to float: '[5E-1]'
14:48:32   invivo_conditional_broad_fp1024_xgb: MCC=0.3876 [-0.0083,0.6897] t=0.76 AD=0.57 (5s)
14:48:40   invivo_conditional_broad_fp1024_lgbm: MCC=0.2664 [-0.0172,0.5579] t=0.64 AD=0.57 (7s)
14:48:45     SHAP failed: Per-column arrays must each be 1-dimensional
14:48:45   invivo_conditional_broad_fp1024_rf: MCC=0.2247 [-0.0164,0.5203] t=0.18 AD=0.57 (6s)
14:49:04   invivo_conditional_broad_fp1024_svm: MCC=-0.0063 [-0.0153,0.0000] t=0.14 AD=0.57 (18s)
14:50:11   invivo_conditional_broad_fp1024_logistic: MCC=0.1272 [-0.0039,0.2733] t=0.22 AD=0.57 (67s)
14:50:17   invivo_conditional_broad_fp1024_ann: MCC=0.0000 [0.0000,0.0000] t=0.32 AD=0.57 (6s)
14:50:22     SHAP failed: could not convert string to float: '[5E-1]'
14:50:22   invivo_conditional_broad_fp2048_xgb: MCC=0.2673 [-0.0189,0.5364] t=0.7 AD=0.57 (5s)
14:50:30   invivo_conditional_broad_fp2048_lgbm: MCC=0.2354 [-0.0209,0.5111] t=0.66 AD=0.57 (8s)
14:50:36     SHAP failed: Per-column arrays must each be 1-dimensional
14:50:36   invivo_conditional_broad_fp2048_rf: MCC=0.2913 [-0.0093,0.6081] t=0.16 AD=0.57 (6s)
14:50:50   invivo_conditional_broad_fp2048_svm: MCC=-0.0063 [-0.0153,0.0000] t=0.1 AD=0.57 (14s)
14:51:58   invivo_conditional_broad_fp2048_logistic: MCC=0.1689 [0.0144,0.3043] t=0.22 AD=0.57 (68s)
14:52:04   invivo_conditional_broad_fp2048_ann: MCC=0.0000 [0.0000,0.0000] t=0.24 AD=0.57 (7s)
14:52:10     SHAP failed: could not convert string to float: '[5E-1]'
14:52:10   invivo_conditional_multi_fp_xgb: MCC=0.2896 [-0.0116,0.6265] t=0.72 AD=0.57 (6s)
14:52:19   invivo_conditional_multi_fp_lgbm: MCC=0.2690 [-0.0164,0.5689] t=0.6 AD=0.57 (8s)
14:52:25     SHAP failed: Per-column arrays must each be 1-dimensional
14:52:25   invivo_conditional_multi_fp_rf: MCC=-0.0061 [-0.0149,0.0000] t=0.1 AD=0.57 (6s)
14:52:40   invivo_conditional_multi_fp_svm: MCC=-0.0063 [-0.0153,0.0000] t=0.1 AD=0.57 (15s)
14:53:57   invivo_conditional_multi_fp_logistic: MCC=0.0748 [-0.0499,0.2158] t=0.24 AD=0.57 (77s)
14:54:04   invivo_conditional_multi_fp_ann: MCC=0.2276 [0.0000,0.5173] t=0.22 AD=0.57 (8s)
14:54:11     SHAP failed: could not convert string to float: '[5E-1]'
14:54:11   invivo_conditional_extended_xgb: MCC=0.3960 [-0.0079,0.6651] t=0.82 AD=0.57 (6s)
14:54:20   invivo_conditional_extended_lgbm: MCC=0.3560 [-0.0108,0.6477] t=0.9 AD=0.57 (9s)
14:54:26     SHAP failed: Per-column arrays must each be 1-dimensional
14:54:26   invivo_conditional_extended_rf: MCC=0.2213 [0.0000,0.5137] t=0.42 AD=0.57 (6s)
14:54:40   invivo_conditional_extended_svm: MCC=-0.0062 [-0.0154,0.0000] t=0.42 AD=0.57 (15s)
14:55:27   invivo_conditional_extended_logistic: MCC=0.0750 [-0.0489,0.2065] t=0.14 AD=0.57 (47s)
14:55:32   invivo_conditional_extended_ann: MCC=0.1743 [-0.0131,0.4670] t=0.4 AD=0.57 (4s)
15:53:43   invivo_conditional_graph_gnn: MCC=0.0000
15:53:43   [invitro_sampling] Pre-computing features...
15:53:43   [invitro_sampling] FG features: 618 columns (smi_col=_analysis_smiles)
15:53:43   [invitro_sampling] Physchem features: 13 columns
15:53:43   [invitro_sampling] SA features: 104 columns (mean hits/mol: 1.28)
15:53:44   [invitro_sampling] Delta features: 34 columns (metal: 95, severe_distortion: 0)
15:53:44   [invitro_sampling] Electronic descriptors: 56 columns
15:53:44   [invitro_sampling] Fingerprint: 512 bits (smi_col=_analysis_smiles)
15:53:45   [invitro_sampling] Fingerprint: 1024 bits (smi_col=_analysis_smiles)
15:53:46   [invitro_sampling] Fingerprint: 2048 bits (smi_col=_analysis_smiles)
15:53:46   [invitro_sampling] Fingerprint: 1024 bits (smi_col=_analysis_smiles)
15:53:47   [invitro_sampling] MACCS keys: 167 bits
15:53:47   [invitro_sampling] AtomPair FP: 512 bits
15:53:47   [invitro_sampling] TopTorsion FP: 512 bits
15:53:47   [invitro_sampling] Multi-FP union: 2215 total features
15:53:49   [invitro_sampling] Ames stacking feature added (mean=0.181)
15:54:04   invitro_sampling_raw_all_compact_xgb: MCC=0.6020 [0.3900,0.7858] t=0.28 AD=0.54 (15s)
15:54:08   invitro_sampling_raw_all_compact_lgbm: MCC=0.4429 [0.2317,0.6511] t=0.2 AD=0.54 (4s)
15:54:12   invitro_sampling_raw_all_compact_rf: MCC=0.6274 [0.4264,0.8077] t=0.48 AD=0.54 (4s)
15:54:15   invitro_sampling_raw_all_compact_svm: MCC=0.3061 [0.0575,0.5383] t=0.56 AD=0.54 (3s)
15:54:34   invitro_sampling_raw_all_compact_logistic: MCC=0.3409 [0.0949,0.5864] t=0.64 AD=0.54 (19s)
15:54:36   invitro_sampling_raw_all_compact_ann: MCC=0.3494 [0.1468,0.5573] t=0.5 AD=0.54 (2s)
15:54:38   invitro_sampling_raw_all_broad_fp512_xgb: MCC=0.5750 [0.3732,0.7605] t=0.18 AD=0.54 (2s)
15:54:42   invitro_sampling_raw_all_broad_fp512_lgbm: MCC=0.4971 [0.2820,0.6953] t=0.34 AD=0.54 (4s)
15:54:47   invitro_sampling_raw_all_broad_fp512_rf: MCC=0.5972 [0.3892,0.7827] t=0.5 AD=0.54 (4s)
15:54:49   invitro_sampling_raw_all_broad_fp512_svm: MCC=0.3503 [0.1301,0.5509] t=0.5 AD=0.54 (2s)
15:55:08   invitro_sampling_raw_all_broad_fp512_logistic: MCC=0.1843 [-0.0627,0.4337] t=0.18 AD=0.54 (19s)
15:55:10   invitro_sampling_raw_all_broad_fp512_ann: MCC=0.1608 [-0.0650,0.3940] t=0.26 AD=0.54 (2s)
15:55:13   invitro_sampling_raw_all_broad_fp1024_xgb: MCC=0.6616 [0.4838,0.8360] t=0.56 AD=0.54 (3s)
15:55:17   invitro_sampling_raw_all_broad_fp1024_lgbm: MCC=0.6630 [0.4792,0.8305] t=0.38 AD=0.54 (4s)
15:55:22   invitro_sampling_raw_all_broad_fp1024_rf: MCC=0.6594 [0.4538,0.8200] t=0.38 AD=0.54 (4s)
15:55:24   invitro_sampling_raw_all_broad_fp1024_svm: MCC=0.4448 [0.2142,0.6423] t=0.48 AD=0.54 (3s)
15:55:45   invitro_sampling_raw_all_broad_fp1024_logistic: MCC=0.5069 [0.2799,0.6958] t=0.12 AD=0.54 (21s)
15:55:47   invitro_sampling_raw_all_broad_fp1024_ann: MCC=0.1491 [-0.0614,0.3607] t=0.52 AD=0.54 (2s)
15:55:50   invitro_sampling_raw_all_broad_fp2048_xgb: MCC=0.5708 [0.3538,0.7558] t=0.12 AD=0.54 (3s)
15:55:54   invitro_sampling_raw_all_broad_fp2048_lgbm: MCC=0.6609 [0.4781,0.8172] t=0.28 AD=0.54 (4s)
15:55:59   invitro_sampling_raw_all_broad_fp2048_rf: MCC=0.6601 [0.4573,0.8299] t=0.52 AD=0.54 (4s)
15:56:01   invitro_sampling_raw_all_broad_fp2048_svm: MCC=0.4218 [0.2267,0.6251] t=0.48 AD=0.54 (3s)
15:56:23   invitro_sampling_raw_all_broad_fp2048_logistic: MCC=0.3287 [0.1204,0.5542] t=0.2 AD=0.54 (21s)
15:56:26   invitro_sampling_raw_all_broad_fp2048_ann: MCC=0.3377 [0.1233,0.5615] t=0.54 AD=0.54 (3s)
15:56:28   invitro_sampling_raw_all_multi_fp_xgb: MCC=0.5328 [0.3076,0.7397] t=0.34 AD=0.54 (3s)
15:56:33   invitro_sampling_raw_all_multi_fp_lgbm: MCC=0.4659 [0.2488,0.6610] t=0.1 AD=0.54 (5s)
15:56:37   invitro_sampling_raw_all_multi_fp_rf: MCC=0.6303 [0.4262,0.7986] t=0.34 AD=0.54 (4s)
15:56:40   invitro_sampling_raw_all_multi_fp_svm: MCC=0.4742 [0.2448,0.6728] t=0.36 AD=0.54 (3s)
15:57:01   invitro_sampling_raw_all_multi_fp_logistic: MCC=0.4354 [0.2234,0.6539] t=0.54 AD=0.54 (21s)
15:57:04   invitro_sampling_raw_all_multi_fp_ann: MCC=0.4476 [0.2107,0.6463] t=0.24 AD=0.54 (3s)
15:57:07   invitro_sampling_raw_all_extended_xgb: MCC=0.4818 [0.2530,0.6774] t=0.14 AD=0.54 (3s)
15:57:12   invitro_sampling_raw_all_extended_lgbm: MCC=0.4589 [0.2120,0.6634] t=0.24 AD=0.54 (4s)
15:57:16   invitro_sampling_raw_all_extended_rf: MCC=0.6283 [0.4023,0.8070] t=0.4 AD=0.54 (4s)
15:57:19   invitro_sampling_raw_all_extended_svm: MCC=0.3596 [0.1272,0.5704] t=0.56 AD=0.54 (3s)
15:57:36   invitro_sampling_raw_all_extended_logistic: MCC=0.3206 [0.0849,0.5345] t=0.12 AD=0.54 (17s)
15:57:38   invitro_sampling_raw_all_extended_ann: MCC=0.5581 [0.3323,0.7436] t=0.46 AD=0.54 (2s)
16:03:46   invitro_sampling_raw_all_graph_gnn: MCC=0.2078
16:03:46   [invitro_sampling] FG features: 618 columns (smi_col=_analysis_smiles)
16:03:47   [invitro_sampling] Physchem features: 13 columns
16:03:47   [invitro_sampling] SA features: 104 columns (mean hits/mol: 1.06)
16:03:47   [invitro_sampling] Delta features: 34 columns (metal: 9, severe_distortion: 0)
16:03:47   [invitro_sampling] Electronic descriptors: 56 columns
16:03:48   [invitro_sampling] Fingerprint: 512 bits (smi_col=_analysis_smiles)
16:03:48   [invitro_sampling] Fingerprint: 1024 bits (smi_col=_analysis_smiles)
16:03:49   [invitro_sampling] Fingerprint: 2048 bits (smi_col=_analysis_smiles)
16:03:49   [invitro_sampling] Fingerprint: 1024 bits (smi_col=_analysis_smiles)
16:03:49   [invitro_sampling] MACCS keys: 167 bits
16:03:49   [invitro_sampling] AtomPair FP: 512 bits
16:03:49   [invitro_sampling] TopTorsion FP: 512 bits
16:03:49   [invitro_sampling] Multi-FP union: 2215 total features
16:03:51   [invitro_sampling] Ames stacking feature added (mean=0.164)
16:04:05   invitro_sampling_no_metal_compact_xgb: MCC=0.5836 [0.3531,0.7904] t=0.18 AD=0.47 * (15s)
16:04:09   invitro_sampling_no_metal_compact_lgbm: MCC=0.4293 [0.1689,0.6578] t=0.22 AD=0.47 (4s)
16:04:14   invitro_sampling_no_metal_compact_rf: MCC=0.6604 [0.4645,0.8484] t=0.52 AD=0.47 (4s)
16:04:16   invitro_sampling_no_metal_compact_svm: MCC=0.3694 [0.1136,0.6012] t=0.38 AD=0.47 (3s)
16:04:33   invitro_sampling_no_metal_compact_logistic: MCC=0.3927 [0.1323,0.6274] t=0.28 AD=0.47 (17s)
16:04:35   invitro_sampling_no_metal_compact_ann: MCC=0.3290 [0.0956,0.5839] t=0.44 AD=0.47 (2s)
16:04:38   invitro_sampling_no_metal_broad_fp512_xgb: MCC=0.5571 [0.3389,0.7695] t=0.18 AD=0.47 (2s)
16:04:42   invitro_sampling_no_metal_broad_fp512_lgbm: MCC=0.4463 [0.2133,0.6575] t=0.34 AD=0.47 (4s)
16:04:46   invitro_sampling_no_metal_broad_fp512_rf: MCC=0.6604 [0.4645,0.8484] t=0.5 AD=0.47 (4s)
16:04:48   invitro_sampling_no_metal_broad_fp512_svm: MCC=0.4449 [0.2196,0.6607] t=0.46 AD=0.47 (2s)
16:05:06   invitro_sampling_no_metal_broad_fp512_logistic: MCC=0.4395 [0.2043,0.6771] t=0.78 AD=0.47 (18s)
16:05:08   invitro_sampling_no_metal_broad_fp512_ann: MCC=-0.0946 [-0.3443,0.1821] t=0.44 AD=0.47 (2s)
16:05:10   invitro_sampling_no_metal_broad_fp1024_xgb: MCC=0.5219 [0.3107,0.7320] t=0.12 AD=0.47 (2s)
16:05:14   invitro_sampling_no_metal_broad_fp1024_lgbm: MCC=0.5909 [0.3708,0.7718] t=0.26 AD=0.47 (4s)
16:05:18   invitro_sampling_no_metal_broad_fp1024_rf: MCC=0.6990 [0.5063,0.8851] t=0.48 AD=0.47 (4s)
16:05:21   invitro_sampling_no_metal_broad_fp1024_svm: MCC=0.3121 [0.0386,0.5510] t=0.38 AD=0.47 (3s)
16:05:39   invitro_sampling_no_metal_broad_fp1024_logistic: MCC=0.2856 [0.0149,0.5337] t=0.1 AD=0.47 (19s)
16:05:42   invitro_sampling_no_metal_broad_fp1024_ann: MCC=0.3148 [0.0432,0.5455] t=0.54 AD=0.47 (2s)
16:05:44   invitro_sampling_no_metal_broad_fp2048_xgb: MCC=0.6640 [0.4658,0.8474] t=0.62 AD=0.47 (2s)
16:05:48   invitro_sampling_no_metal_broad_fp2048_lgbm: MCC=0.4966 [0.2547,0.7341] t=0.24 AD=0.47 (4s)
16:05:52   invitro_sampling_no_metal_broad_fp2048_rf: MCC=0.6210 [0.4060,0.8120] t=0.34 AD=0.47 (4s)
16:05:55   invitro_sampling_no_metal_broad_fp2048_svm: MCC=0.3989 [0.1650,0.6167] t=0.58 AD=0.47 (2s)
16:06:14   invitro_sampling_no_metal_broad_fp2048_logistic: MCC=0.3997 [0.1636,0.6287] t=0.1 AD=0.47 (19s)
16:06:16   invitro_sampling_no_metal_broad_fp2048_ann: MCC=0.5867 [0.3810,0.7819] t=0.52 AD=0.47 (3s)
16:06:19   invitro_sampling_no_metal_multi_fp_xgb: MCC=0.4664 [0.2363,0.6937] t=0.1 AD=0.47 (2s)
16:06:23   invitro_sampling_no_metal_multi_fp_lgbm: MCC=0.2297 [-0.0532,0.4792] t=0.24 AD=0.47 (4s)
16:06:27   invitro_sampling_no_metal_multi_fp_rf: MCC=0.5427 [0.3183,0.7463] t=0.34 AD=0.47 (4s)
16:06:30   invitro_sampling_no_metal_multi_fp_svm: MCC=0.4202 [0.1638,0.6417] t=0.54 AD=0.47 (2s)
16:06:51   invitro_sampling_no_metal_multi_fp_logistic: MCC=0.3077 [0.0545,0.5708] t=0.58 AD=0.47 (21s)
16:06:53   invitro_sampling_no_metal_multi_fp_ann: MCC=0.3119 [0.0641,0.5547] t=0.24 AD=0.47 (3s)
16:06:56   invitro_sampling_no_metal_extended_xgb: MCC=0.4255 [0.1760,0.6533] t=0.12 AD=0.47 (2s)
16:07:00   invitro_sampling_no_metal_extended_lgbm: MCC=0.5445 [0.3175,0.7507] t=0.44 AD=0.47 (4s)
16:07:04   invitro_sampling_no_metal_extended_rf: MCC=0.6195 [0.4060,0.8113] t=0.48 AD=0.47 (4s)
16:07:06   invitro_sampling_no_metal_extended_svm: MCC=0.3849 [0.1216,0.6263] t=0.46 AD=0.47 (2s)
16:07:22   invitro_sampling_no_metal_extended_logistic: MCC=0.3579 [0.0851,0.6035] t=0.12 AD=0.47 (16s)
16:07:24   invitro_sampling_no_metal_extended_ann: MCC=0.3197 [0.0706,0.5656] t=0.52 AD=0.47 (2s)
16:11:54   invitro_sampling_no_metal_graph_gnn: MCC=0.2258
16:11:54   salt_stripped: 309/345 SMILES changed
16:11:54   [invitro_sampling] FG features: 618 columns (smi_col=_analysis_smiles)
16:11:54   [invitro_sampling] Physchem features: 13 columns
16:11:54   [invitro_sampling] SA features: 104 columns (mean hits/mol: 1.22)
16:11:55   [invitro_sampling] Delta features: 34 columns (metal: 95, severe_distortion: 13)
16:11:55   [invitro_sampling] Electronic descriptors: 56 columns
16:11:55   [invitro_sampling] Fingerprint: 512 bits (smi_col=_analysis_smiles)
16:11:56   [invitro_sampling] Fingerprint: 1024 bits (smi_col=_analysis_smiles)
16:11:56   [invitro_sampling] Fingerprint: 2048 bits (smi_col=_analysis_smiles)
16:11:57   [invitro_sampling] Fingerprint: 1024 bits (smi_col=_analysis_smiles)
16:11:57   [invitro_sampling] MACCS keys: 167 bits
16:11:57   [invitro_sampling] AtomPair FP: 512 bits
16:11:57   [invitro_sampling] TopTorsion FP: 512 bits
16:11:57   [invitro_sampling] Multi-FP union: 2215 total features
16:11:59   [invitro_sampling] Ames stacking feature added (mean=0.135)
16:12:01   invitro_sampling_salt_stripped_compact_xgb: MCC=0.3252 [0.0955,0.5404] t=0.32 AD=0.55 (2s)
16:12:06   invitro_sampling_salt_stripped_compact_lgbm: MCC=0.3663 [0.1551,0.5857] t=0.1 AD=0.55 (4s)
16:12:10   invitro_sampling_salt_stripped_compact_rf: MCC=0.4363 [0.2231,0.6449] t=0.56 AD=0.55 (4s)
16:12:13   invitro_sampling_salt_stripped_compact_svm: MCC=0.3424 [0.1086,0.5632] t=0.64 AD=0.55 (3s)
16:12:31   invitro_sampling_salt_stripped_compact_logistic: MCC=0.2979 [0.0724,0.5295] t=0.24 AD=0.55 (18s)
16:12:33   invitro_sampling_salt_stripped_compact_ann: MCC=0.2665 [0.0410,0.4890] t=0.46 AD=0.55 (2s)
16:12:36   invitro_sampling_salt_stripped_broad_fp512_xgb: MCC=0.3755 [0.1557,0.5921] t=0.14 AD=0.55 (2s)
16:12:40   invitro_sampling_salt_stripped_broad_fp512_lgbm: MCC=0.4206 [0.1968,0.6210] t=0.1 AD=0.55 (4s)
16:12:44   invitro_sampling_salt_stripped_broad_fp512_rf: MCC=0.4383 [0.2209,0.6461] t=0.34 AD=0.55 (4s)
16:12:47   invitro_sampling_salt_stripped_broad_fp512_svm: MCC=0.3553 [0.1470,0.5807] t=0.46 AD=0.55 (3s)
16:13:06   invitro_sampling_salt_stripped_broad_fp512_logistic: MCC=0.3320 [0.1158,0.5487] t=0.1 AD=0.55 (19s)
16:13:08   invitro_sampling_salt_stripped_broad_fp512_ann: MCC=-0.0002 [-0.2230,0.2188] t=0.52 AD=0.55 (2s)
16:13:11   invitro_sampling_salt_stripped_broad_fp1024_xgb: MCC=0.3383 [0.1070,0.5663] t=0.78 AD=0.55 (3s)
16:13:15   invitro_sampling_salt_stripped_broad_fp1024_lgbm: MCC=0.3690 [0.1577,0.5834] t=0.1 AD=0.55 (4s)
16:13:20   invitro_sampling_salt_stripped_broad_fp1024_rf: MCC=0.4139 [0.1960,0.6264] t=0.36 AD=0.55 (4s)
16:13:22   invitro_sampling_salt_stripped_broad_fp1024_svm: MCC=0.2428 [0.0090,0.4566] t=0.28 AD=0.55 (3s)
16:13:42   invitro_sampling_salt_stripped_broad_fp1024_logistic: MCC=0.1982 [-0.0596,0.4322] t=0.1 AD=0.55 (20s)
16:13:45   invitro_sampling_salt_stripped_broad_fp1024_ann: MCC=0.1377 [-0.0949,0.3768] t=0.52 AD=0.55 (2s)
16:13:48   invitro_sampling_salt_stripped_broad_fp2048_xgb: MCC=0.3604 [0.1275,0.5815] t=0.16 AD=0.55 (3s)
16:13:52   invitro_sampling_salt_stripped_broad_fp2048_lgbm: MCC=0.3465 [0.1221,0.5949] t=0.1 AD=0.55 (4s)
16:13:57   invitro_sampling_salt_stripped_broad_fp2048_rf: MCC=0.4962 [0.2727,0.7117] t=0.4 AD=0.55 (5s)
16:14:00   invitro_sampling_salt_stripped_broad_fp2048_svm: MCC=0.1001 [-0.1274,0.3292] t=0.38 AD=0.55 (3s)
16:14:21   invitro_sampling_salt_stripped_broad_fp2048_logistic: MCC=0.2317 [0.0086,0.4403] t=0.2 AD=0.55 (22s)
16:14:24   invitro_sampling_salt_stripped_broad_fp2048_ann: MCC=0.3936 [0.1661,0.5976] t=0.5 AD=0.55 (3s)
16:14:27   invitro_sampling_salt_stripped_multi_fp_xgb: MCC=0.3938 [0.1626,0.5976] t=0.1 AD=0.55 (3s)
16:14:32   invitro_sampling_salt_stripped_multi_fp_lgbm: MCC=0.4296 [0.2254,0.6462] t=0.1 AD=0.55 (5s)
16:14:36   invitro_sampling_salt_stripped_multi_fp_rf: MCC=0.4950 [0.2706,0.6851] t=0.3 AD=0.55 (4s)
16:14:39   invitro_sampling_salt_stripped_multi_fp_svm: MCC=0.3993 [0.1824,0.5902] t=0.32 AD=0.55 (3s)
16:15:00   invitro_sampling_salt_stripped_multi_fp_logistic: MCC=0.3930 [0.1728,0.6153] t=0.6 AD=0.55 (21s)
16:15:04   invitro_sampling_salt_stripped_multi_fp_ann: MCC=0.4294 [0.2107,0.6551] t=0.16 AD=0.55 (3s)
16:15:06   invitro_sampling_salt_stripped_extended_xgb: MCC=0.5170 [0.2800,0.7086] t=0.1 AD=0.55 (3s)
16:15:11   invitro_sampling_salt_stripped_extended_lgbm: MCC=0.4293 [0.2080,0.6256] t=0.12 AD=0.55 (5s)
16:15:15   invitro_sampling_salt_stripped_extended_rf: MCC=0.5471 [0.3355,0.7407] t=0.24 AD=0.55 (4s)
16:15:18   invitro_sampling_salt_stripped_extended_svm: MCC=0.3445 [0.1334,0.5678] t=0.54 AD=0.55 (3s)
16:15:35   invitro_sampling_salt_stripped_extended_logistic: MCC=0.2788 [0.0414,0.4920] t=0.4 AD=0.55 (17s)
16:15:37   invitro_sampling_salt_stripped_extended_ann: MCC=0.2586 [0.0396,0.4762] t=0.58 AD=0.55 (2s)
16:22:13   invitro_sampling_salt_stripped_graph_gnn: MCC=0.2351
16:22:13 Conditional routing (conditional):
16:22:13   organic_single: 217 (62.9%)
16:22:13   organometallic: 51 (14.8%)
16:22:13   ionic_salt: 44 (12.8%)
16:22:13   multi_component: 33 (9.6%)
16:22:13   [invitro_sampling] FG features: 618 columns (smi_col=_analysis_smiles)
16:22:13   [invitro_sampling] Physchem features: 13 columns
16:22:13   [invitro_sampling] SA features: 104 columns (mean hits/mol: 1.26)
16:22:14   [invitro_sampling] Delta features: 34 columns (metal: 95, severe_distortion: 10)
16:22:14   [invitro_sampling] Electronic descriptors: 56 columns
16:22:14   [invitro_sampling] Fingerprint: 512 bits (smi_col=_analysis_smiles)
16:22:15   [invitro_sampling] Fingerprint: 1024 bits (smi_col=_analysis_smiles)
16:22:16   [invitro_sampling] Fingerprint: 2048 bits (smi_col=_analysis_smiles)
16:22:16   [invitro_sampling] Fingerprint: 1024 bits (smi_col=_analysis_smiles)
16:22:17   [invitro_sampling] MACCS keys: 167 bits
16:22:17   [invitro_sampling] AtomPair FP: 512 bits
16:22:17   [invitro_sampling] TopTorsion FP: 512 bits
16:22:17   [invitro_sampling] Multi-FP union: 2215 total features
16:22:18   [invitro_sampling] Ames stacking feature added (mean=0.165)
16:22:34   invitro_sampling_conditional_compact_xgb: MCC=0.4700 [0.2418,0.6948] t=0.58 AD=0.58 (15s)
16:22:38   invitro_sampling_conditional_compact_lgbm: MCC=0.3633 [0.1340,0.5724] t=0.5 AD=0.58 (4s)
16:22:42   invitro_sampling_conditional_compact_rf: MCC=0.4123 [0.1826,0.6198] t=0.54 AD=0.58 (4s)
16:22:45   invitro_sampling_conditional_compact_svm: MCC=0.3703 [0.1486,0.5953] t=0.54 AD=0.58 (3s)
16:23:04   invitro_sampling_conditional_compact_logistic: MCC=0.3501 [0.1356,0.5825] t=0.28 AD=0.58 (19s)
16:23:07   invitro_sampling_conditional_compact_ann: MCC=0.2192 [-0.0095,0.4292] t=0.54 AD=0.58 (2s)
16:23:09   invitro_sampling_conditional_broad_fp512_xgb: MCC=0.4100 [0.1797,0.6458] t=0.2 AD=0.58 (2s)
16:23:13   invitro_sampling_conditional_broad_fp512_lgbm: MCC=0.4193 [0.1997,0.6334] t=0.14 AD=0.58 (4s)
16:23:18   invitro_sampling_conditional_broad_fp512_rf: MCC=0.5093 [0.3034,0.6995] t=0.48 AD=0.58 (4s)
16:23:20   invitro_sampling_conditional_broad_fp512_svm: MCC=0.1977 [-0.0177,0.4358] t=0.46 AD=0.58 (2s)
16:23:40   invitro_sampling_conditional_broad_fp512_logistic: MCC=0.2458 [0.0412,0.4748] t=0.28 AD=0.58 (20s)
16:23:42   invitro_sampling_conditional_broad_fp512_ann: MCC=0.0885 [-0.1328,0.3173] t=0.48 AD=0.58 (2s)
16:23:44   invitro_sampling_conditional_broad_fp1024_xgb: MCC=0.4865 [0.2595,0.6828] t=0.44 AD=0.58 (2s)
16:23:49   invitro_sampling_conditional_broad_fp1024_lgbm: MCC=0.4821 [0.2873,0.6704] t=0.46 AD=0.58 (4s)
16:23:53   invitro_sampling_conditional_broad_fp1024_rf: MCC=0.5115 [0.2932,0.7101] t=0.52 AD=0.58 (4s)
16:23:56   invitro_sampling_conditional_broad_fp1024_svm: MCC=0.2805 [0.0537,0.4800] t=0.52 AD=0.58 (3s)
16:24:17   invitro_sampling_conditional_broad_fp1024_logistic: MCC=0.2083 [-0.0358,0.4478] t=0.28 AD=0.58 (21s)
16:24:19   invitro_sampling_conditional_broad_fp1024_ann: MCC=0.2666 [0.0557,0.4845] t=0.14 AD=0.58 (3s)
16:24:22   invitro_sampling_conditional_broad_fp2048_xgb: MCC=0.4571 [0.2172,0.6712] t=0.18 AD=0.58 (3s)
16:24:26   invitro_sampling_conditional_broad_fp2048_lgbm: MCC=0.3905 [0.1561,0.6093] t=0.24 AD=0.58 (4s)
16:24:31   invitro_sampling_conditional_broad_fp2048_rf: MCC=0.5123 [0.2982,0.7033] t=0.6 AD=0.58 (4s)
16:24:34   invitro_sampling_conditional_broad_fp2048_svm: MCC=0.0302 [-0.1929,0.2481] t=0.36 AD=0.58 (3s)
16:24:56   invitro_sampling_conditional_broad_fp2048_logistic: MCC=0.0837 [-0.1407,0.3020] t=0.2 AD=0.58 (22s)
16:24:59   invitro_sampling_conditional_broad_fp2048_ann: MCC=0.2401 [0.0017,0.4479] t=0.48 AD=0.58 (3s)
16:25:02   invitro_sampling_conditional_multi_fp_xgb: MCC=0.3651 [0.1072,0.5633] t=0.26 AD=0.58 (3s)
16:25:06   invitro_sampling_conditional_multi_fp_lgbm: MCC=0.4142 [0.1796,0.6226] t=0.1 AD=0.58 (5s)
16:25:11   invitro_sampling_conditional_multi_fp_rf: MCC=0.4168 [0.2192,0.6200] t=0.32 AD=0.58 (4s)
16:25:13   invitro_sampling_conditional_multi_fp_svm: MCC=0.3373 [0.1072,0.5495] t=0.5 AD=0.58 (3s)
16:25:38   invitro_sampling_conditional_multi_fp_logistic: MCC=0.1667 [-0.0510,0.3992] t=0.28 AD=0.58 (25s)
16:25:42   invitro_sampling_conditional_multi_fp_ann: MCC=0.2405 [0.0181,0.4683] t=0.56 AD=0.58 (3s)
16:25:45   invitro_sampling_conditional_extended_xgb: MCC=0.4318 [0.2067,0.6394] t=0.1 AD=0.58 (3s)
16:25:49   invitro_sampling_conditional_extended_lgbm: MCC=0.5495 [0.3307,0.7315] t=0.14 AD=0.58 (5s)
16:25:54   invitro_sampling_conditional_extended_rf: MCC=0.5727 [0.3383,0.7565] t=0.3 AD=0.58 (5s)
16:25:56   invitro_sampling_conditional_extended_svm: MCC=0.2945 [0.0601,0.5217] t=0.6 AD=0.58 (3s)
16:26:14   invitro_sampling_conditional_extended_logistic: MCC=0.3192 [0.0862,0.5331] t=0.1 AD=0.58 (18s)
16:26:16   invitro_sampling_conditional_extended_ann: MCC=0.4685 [0.2699,0.6834] t=0.64 AD=0.58 (2s)
16:32:30   invitro_sampling_conditional_graph_gnn: MCC=0.2351
16:32:30   [invivo_sampling] Pre-computing features...
16:32:31   [invivo_sampling] FG features: 618 columns (smi_col=_analysis_smiles)
16:32:31   [invivo_sampling] Physchem features: 13 columns
16:32:31   [invivo_sampling] SA features: 104 columns (mean hits/mol: 1.23)
16:32:31   [invivo_sampling] Delta features: 34 columns (metal: 69, severe_distortion: 0)
16:32:32   [invivo_sampling] Electronic descriptors: 56 columns
16:32:32   [invivo_sampling] Fingerprint: 512 bits (smi_col=_analysis_smiles)
16:32:32   [invivo_sampling] Fingerprint: 1024 bits (smi_col=_analysis_smiles)
16:32:33   [invivo_sampling] Fingerprint: 2048 bits (smi_col=_analysis_smiles)
16:32:34   [invivo_sampling] Fingerprint: 1024 bits (smi_col=_analysis_smiles)
16:32:34   [invivo_sampling] MACCS keys: 167 bits
16:32:34   [invivo_sampling] AtomPair FP: 512 bits
16:32:34   [invivo_sampling] TopTorsion FP: 512 bits
16:32:34   [invivo_sampling] Multi-FP union: 2215 total features
16:32:36   [invivo_sampling] Ames stacking feature added (mean=0.222)
16:32:51   invivo_sampling_raw_all_compact_xgb: MCC=0.7188 [0.4679,0.9384] t=0.14 AD=0.38 * (15s)
16:32:54   invivo_sampling_raw_all_compact_lgbm: MCC=0.7732 [0.5422,0.9504] t=0.32 AD=0.38 (4s)
16:32:59   invivo_sampling_raw_all_compact_rf: MCC=0.6399 [0.3284,0.8809] t=0.34 AD=0.38 (4s)
16:33:01   invivo_sampling_raw_all_compact_svm: MCC=0.3461 [-0.0241,0.6478] t=0.28 AD=0.38 (2s)
16:33:19   invivo_sampling_raw_all_compact_logistic: MCC=0.3441 [0.0093,0.6402] t=0.6 AD=0.38 (18s)
16:33:21   invivo_sampling_raw_all_compact_ann: MCC=0.6474 [0.3333,0.8712] t=0.58 AD=0.38 (2s)
16:33:23   invivo_sampling_raw_all_broad_fp512_xgb: MCC=0.8278 [0.6400,1.0000] t=0.22 AD=0.38 (2s)
16:33:27   invivo_sampling_raw_all_broad_fp512_lgbm: MCC=0.8294 [0.6234,0.9801] t=0.2 AD=0.38 (4s)
16:33:32   invivo_sampling_raw_all_broad_fp512_rf: MCC=0.7065 [0.4288,0.9273] t=0.38 AD=0.38 (4s)
16:33:34   invivo_sampling_raw_all_broad_fp512_svm: MCC=0.3150 [-0.0721,0.6343] t=0.3 AD=0.38 (3s)
16:33:52   invivo_sampling_raw_all_broad_fp512_logistic: MCC=0.3387 [0.0194,0.6494] t=0.3 AD=0.38 (18s)
16:33:54   invivo_sampling_raw_all_broad_fp512_ann: MCC=0.3908 [0.0110,0.6936] t=0.22 AD=0.38 (2s)
16:33:56   invivo_sampling_raw_all_broad_fp1024_xgb: MCC=0.8278 [0.6400,1.0000] t=0.18 AD=0.38 (2s)
16:34:00   invivo_sampling_raw_all_broad_fp1024_lgbm: MCC=0.8294 [0.6234,0.9801] t=0.1 AD=0.38 (4s)
16:34:04   invivo_sampling_raw_all_broad_fp1024_rf: MCC=0.6399 [0.3284,0.8809] t=0.4 AD=0.38 (4s)
16:34:07   invivo_sampling_raw_all_broad_fp1024_svm: MCC=0.2754 [-0.0859,0.5788] t=0.28 AD=0.38 (2s)
16:34:26   invivo_sampling_raw_all_broad_fp1024_logistic: MCC=0.2254 [-0.1085,0.5106] t=0.1 AD=0.38 (19s)
16:34:28   invivo_sampling_raw_all_broad_fp1024_ann: MCC=0.4616 [0.1167,0.7484] t=0.44 AD=0.38 (2s)
16:34:30   invivo_sampling_raw_all_broad_fp2048_xgb: MCC=0.8882 [0.7230,1.0000] t=0.58 AD=0.38 (2s)
16:34:34   invivo_sampling_raw_all_broad_fp2048_lgbm: MCC=0.7703 [0.5304,0.9493] t=0.54 AD=0.38 (4s)
16:34:38   invivo_sampling_raw_all_broad_fp2048_rf: MCC=0.6399 [0.3284,0.8809] t=0.34 AD=0.38 (4s)
16:34:41   invivo_sampling_raw_all_broad_fp2048_svm: MCC=0.1743 [-0.1443,0.5181] t=0.28 AD=0.38 (3s)
16:35:00   invivo_sampling_raw_all_broad_fp2048_logistic: MCC=0.2278 [-0.0741,0.5541] t=0.1 AD=0.38 (19s)
16:35:02   invivo_sampling_raw_all_broad_fp2048_ann: MCC=0.5109 [0.2064,0.7762] t=0.26 AD=0.38 (2s)
16:35:05   invivo_sampling_raw_all_multi_fp_xgb: MCC=0.7720 [0.5583,1.0000] t=0.26 AD=0.38 (2s)
16:35:09   invivo_sampling_raw_all_multi_fp_lgbm: MCC=0.6416 [0.3717,0.8823] t=0.14 AD=0.38 (4s)
16:35:13   invivo_sampling_raw_all_multi_fp_rf: MCC=0.5811 [0.3255,0.8193] t=0.34 AD=0.38 (4s)
16:35:16   invivo_sampling_raw_all_multi_fp_svm: MCC=0.3574 [-0.0723,0.6561] t=0.26 AD=0.38 (3s)
16:35:35   invivo_sampling_raw_all_multi_fp_logistic: MCC=0.2574 [-0.1232,0.5715] t=0.4 AD=0.38 (19s)
16:35:37   invivo_sampling_raw_all_multi_fp_ann: MCC=0.3322 [0.0016,0.6433] t=0.32 AD=0.38 (2s)
16:35:39   invivo_sampling_raw_all_extended_xgb: MCC=0.5279 [0.1998,0.7845] t=0.18 AD=0.38 (2s)
16:35:43   invivo_sampling_raw_all_extended_lgbm: MCC=0.5892 [0.2744,0.8468] t=0.16 AD=0.38 (4s)
16:35:47   invivo_sampling_raw_all_extended_rf: MCC=0.5803 [0.2685,0.8450] t=0.2 AD=0.38 (4s)
16:35:50   invivo_sampling_raw_all_extended_svm: MCC=0.2654 [-0.0865,0.6003] t=0.34 AD=0.38 (2s)
16:36:07   invivo_sampling_raw_all_extended_logistic: MCC=0.3767 [0.0441,0.6890] t=0.22 AD=0.38 (17s)
16:36:09   invivo_sampling_raw_all_extended_ann: MCC=0.5319 [0.1828,0.7868] t=0.42 AD=0.38 (2s)
16:42:01   invivo_sampling_raw_all_graph_gnn: MCC=0.4230
16:42:01   [invivo_sampling] FG features: 618 columns (smi_col=_analysis_smiles)
16:42:01   [invivo_sampling] Physchem features: 13 columns
16:42:01   [invivo_sampling] SA features: 104 columns (mean hits/mol: 1.02)
16:42:02   [invivo_sampling] Delta features: 34 columns (metal: 2, severe_distortion: 0)
16:42:02   [invivo_sampling] Electronic descriptors: 56 columns
16:42:02   [invivo_sampling] Fingerprint: 512 bits (smi_col=_analysis_smiles)
16:42:03   [invivo_sampling] Fingerprint: 1024 bits (smi_col=_analysis_smiles)
16:42:03   [invivo_sampling] Fingerprint: 2048 bits (smi_col=_analysis_smiles)
16:42:03   [invivo_sampling] Fingerprint: 1024 bits (smi_col=_analysis_smiles)
16:42:04   [invivo_sampling] MACCS keys: 167 bits
16:42:04   [invivo_sampling] AtomPair FP: 512 bits
16:42:04   [invivo_sampling] TopTorsion FP: 512 bits
16:42:04   [invivo_sampling] Multi-FP union: 2215 total features
16:42:05   [invivo_sampling] Ames stacking feature added (mean=0.235)
16:42:20   invivo_sampling_no_metal_compact_xgb: MCC=0.5317 [0.1730,0.8155] t=0.5 AD=0.26 (15s)
16:42:23   invivo_sampling_no_metal_compact_lgbm: MCC=0.4774 [0.1277,0.7673] t=0.42 AD=0.26 (3s)
16:42:27   invivo_sampling_no_metal_compact_rf: MCC=0.4448 [0.0094,0.7665] t=0.36 AD=0.26 (4s)
16:42:30   invivo_sampling_no_metal_compact_svm: MCC=0.3109 [-0.1071,0.6539] t=0.34 AD=0.26 (3s)
16:42:47   invivo_sampling_no_metal_compact_logistic: MCC=0.2000 [-0.1680,0.5550] t=0.4 AD=0.26 (17s)
16:42:48   invivo_sampling_no_metal_compact_ann: MCC=0.2000 [-0.1680,0.5550] t=0.58 AD=0.26 (2s)
16:42:50   invivo_sampling_no_metal_broad_fp512_xgb: MCC=0.5245 [0.1464,0.7954] t=0.3 AD=0.26 (2s)
16:42:54   invivo_sampling_no_metal_broad_fp512_lgbm: MCC=0.5326 [0.1947,0.8419] t=0.62 AD=0.26 (3s)
16:42:58   invivo_sampling_no_metal_broad_fp512_rf: MCC=0.4448 [0.0094,0.7665] t=0.4 AD=0.26 (4s)
16:43:00   invivo_sampling_no_metal_broad_fp512_svm: MCC=0.0968 [-0.2357,0.4682] t=0.42 AD=0.26 (2s)
16:43:16   invivo_sampling_no_metal_broad_fp512_logistic: MCC=0.1410 [-0.2354,0.5126] t=0.64 AD=0.26 (16s)
16:43:18   invivo_sampling_no_metal_broad_fp512_ann: MCC=0.2050 [-0.1941,0.5842] t=0.3 AD=0.26 (2s)
16:43:20   invivo_sampling_no_metal_broad_fp1024_xgb: MCC=0.6951 [0.4498,0.9091] t=0.2 AD=0.26 (2s)
16:43:24   invivo_sampling_no_metal_broad_fp1024_lgbm: MCC=0.7006 [0.4498,0.9245] t=0.4 AD=0.26 (3s)
16:43:28   invivo_sampling_no_metal_broad_fp1024_rf: MCC=0.5317 [0.1730,0.8155] t=0.4 AD=0.26 (4s)
16:43:31   invivo_sampling_no_metal_broad_fp1024_svm: MCC=0.2473 [-0.1419,0.5776] t=0.38 AD=0.26 (3s)
16:43:48   invivo_sampling_no_metal_broad_fp1024_logistic: MCC=0.2400 [-0.1424,0.5731] t=0.6 AD=0.26 (17s)
16:43:49   invivo_sampling_no_metal_broad_fp1024_ann: MCC=0.4807 [0.1220,0.7954] t=0.24 AD=0.26 (2s)
16:43:52   invivo_sampling_no_metal_broad_fp2048_xgb: MCC=0.6254 [0.3664,0.8593] t=0.24 AD=0.26 (2s)
16:43:55   invivo_sampling_no_metal_broad_fp2048_lgbm: MCC=0.7076 [0.4726,0.9295] t=0.48 AD=0.26 (3s)
16:43:59   invivo_sampling_no_metal_broad_fp2048_rf: MCC=0.6231 [0.2922,0.9034] t=0.42 AD=0.26 (4s)
16:44:02   invivo_sampling_no_metal_broad_fp2048_svm: MCC=0.1019 [-0.1867,0.4676] t=0.24 AD=0.26 (3s)
16:44:19   invivo_sampling_no_metal_broad_fp2048_logistic: MCC=0.4012 [0.0497,0.7464] t=0.54 AD=0.26 (17s)
16:44:21   invivo_sampling_no_metal_broad_fp2048_ann: MCC=0.2683 [-0.1552,0.6350] t=0.26 AD=0.26 (2s)
16:44:23   invivo_sampling_no_metal_multi_fp_xgb: MCC=0.5531 [0.1918,0.8538] t=0.46 AD=0.26 (2s)
16:44:27   invivo_sampling_no_metal_multi_fp_lgbm: MCC=0.3174 [-0.0779,0.6712] t=0.12 AD=0.26 (4s)
16:44:31   invivo_sampling_no_metal_multi_fp_rf: MCC=0.6340 [0.3385,0.9034] t=0.42 AD=0.26 (4s)
16:44:33   invivo_sampling_no_metal_multi_fp_svm: MCC=0.4703 [0.0000,0.7427] t=0.2 AD=0.26 (3s)
16:44:51   invivo_sampling_no_metal_multi_fp_logistic: MCC=0.3638 [-0.0239,0.7124] t=0.14 AD=0.26 (18s)
16:44:53   invivo_sampling_no_metal_multi_fp_ann: MCC=0.3638 [-0.0239,0.7124] t=0.52 AD=0.26 (2s)
16:44:55   invivo_sampling_no_metal_extended_xgb: MCC=0.5199 [0.1394,0.8012] t=0.14 AD=0.26 (2s)
16:44:58   invivo_sampling_no_metal_extended_lgbm: MCC=0.4505 [0.0836,0.7777] t=0.16 AD=0.26 (3s)
16:45:03   invivo_sampling_no_metal_extended_rf: MCC=0.5444 [0.2697,0.8155] t=0.22 AD=0.26 (4s)
16:45:05   invivo_sampling_no_metal_extended_svm: MCC=0.2270 [-0.1584,0.5848] t=0.32 AD=0.26 (2s)
16:45:20   invivo_sampling_no_metal_extended_logistic: MCC=0.2504 [-0.1403,0.6182] t=0.3 AD=0.26 (15s)
16:45:22   invivo_sampling_no_metal_extended_ann: MCC=0.4018 [0.0149,0.7377] t=0.42 AD=0.26 (2s)
16:49:02   invivo_sampling_no_metal_graph_gnn: MCC=0.2354
16:49:02   salt_stripped: 208/231 SMILES changed
16:49:02   [invivo_sampling] FG features: 618 columns (smi_col=_analysis_smiles)
16:49:02   [invivo_sampling] Physchem features: 13 columns
16:49:02   [invivo_sampling] SA features: 104 columns (mean hits/mol: 1.20)
16:49:03   [invivo_sampling] Delta features: 34 columns (metal: 69, severe_distortion: 15)
16:49:03   [invivo_sampling] Electronic descriptors: 56 columns
16:49:03   [invivo_sampling] Fingerprint: 512 bits (smi_col=_analysis_smiles)
16:49:04   [invivo_sampling] Fingerprint: 1024 bits (smi_col=_analysis_smiles)
16:49:04   [invivo_sampling] Fingerprint: 2048 bits (smi_col=_analysis_smiles)
16:49:05   [invivo_sampling] Fingerprint: 1024 bits (smi_col=_analysis_smiles)
16:49:05   [invivo_sampling] MACCS keys: 167 bits
16:49:05   [invivo_sampling] AtomPair FP: 512 bits
16:49:05   [invivo_sampling] TopTorsion FP: 512 bits
16:49:05   [invivo_sampling] Multi-FP union: 2215 total features
16:49:07   [invivo_sampling] Ames stacking feature added (mean=0.182)
16:49:09   invivo_sampling_salt_stripped_compact_xgb: MCC=0.6436 [0.3551,0.8712] t=0.44 AD=0.40 (2s)
16:49:12   invivo_sampling_salt_stripped_compact_lgbm: MCC=0.3340 [-0.0042,0.6653] t=0.24 AD=0.40 (4s)
16:49:17   invivo_sampling_salt_stripped_compact_rf: MCC=0.5795 [0.2659,0.8311] t=0.36 AD=0.40 (4s)
16:49:19   invivo_sampling_salt_stripped_compact_svm: MCC=0.2753 [-0.0951,0.5826] t=0.3 AD=0.40 (2s)
16:49:37   invivo_sampling_salt_stripped_compact_logistic: MCC=0.3068 [-0.0392,0.6174] t=0.58 AD=0.40 (18s)
16:49:39   invivo_sampling_salt_stripped_compact_ann: MCC=0.5763 [0.2391,0.8281] t=0.58 AD=0.40 (2s)
16:49:41   invivo_sampling_salt_stripped_broad_fp512_xgb: MCC=0.5146 [0.1947,0.7814] t=0.46 AD=0.40 (2s)
16:49:45   invivo_sampling_salt_stripped_broad_fp512_lgbm: MCC=0.3695 [0.0432,0.6653] t=0.2 AD=0.40 (4s)
16:49:49   invivo_sampling_salt_stripped_broad_fp512_rf: MCC=0.4412 [0.0560,0.7562] t=0.42 AD=0.40 (4s)
16:49:52   invivo_sampling_salt_stripped_broad_fp512_svm: MCC=0.3338 [0.0000,0.5893] t=0.24 AD=0.40 (3s)
16:50:09   invivo_sampling_salt_stripped_broad_fp512_logistic: MCC=0.2586 [-0.0971,0.5524] t=0.38 AD=0.40 (18s)
16:50:11   invivo_sampling_salt_stripped_broad_fp512_ann: MCC=0.2769 [-0.1113,0.5826] t=0.3 AD=0.40 (2s)
16:50:13   invivo_sampling_salt_stripped_broad_fp1024_xgb: MCC=0.5858 [0.2990,0.8248] t=0.4 AD=0.40 (2s)
16:50:17   invivo_sampling_salt_stripped_broad_fp1024_lgbm: MCC=0.4651 [0.1427,0.7658] t=0.52 AD=0.40 (4s)
16:50:21   invivo_sampling_salt_stripped_broad_fp1024_rf: MCC=0.5127 [0.1827,0.7866] t=0.5 AD=0.40 (4s)
16:50:24   invivo_sampling_salt_stripped_broad_fp1024_svm: MCC=0.0405 [-0.2248,0.3874] t=0.3 AD=0.40 (3s)
16:50:42   invivo_sampling_salt_stripped_broad_fp1024_logistic: MCC=0.0351 [-0.2362,0.3414] t=0.5 AD=0.40 (18s)
16:50:44   invivo_sampling_salt_stripped_broad_fp1024_ann: MCC=0.3028 [-0.0476,0.6113] t=0.44 AD=0.40 (2s)
16:50:47   invivo_sampling_salt_stripped_broad_fp2048_xgb: MCC=0.5777 [0.2922,0.8345] t=0.52 AD=0.40 (2s)
16:50:51   invivo_sampling_salt_stripped_broad_fp2048_lgbm: MCC=0.5841 [0.2848,0.8428] t=0.2 AD=0.40 (4s)
16:50:55   invivo_sampling_salt_stripped_broad_fp2048_rf: MCC=0.5003 [0.1385,0.7814] t=0.5 AD=0.40 (4s)
16:50:57   invivo_sampling_salt_stripped_broad_fp2048_svm: MCC=0.3338 [0.0000,0.5893] t=0.26 AD=0.40 (3s)
16:51:16   invivo_sampling_salt_stripped_broad_fp2048_logistic: MCC=0.1432 [-0.1502,0.4334] t=0.34 AD=0.40 (19s)
16:51:18   invivo_sampling_salt_stripped_broad_fp2048_ann: MCC=0.2971 [-0.0654,0.6215] t=0.42 AD=0.40 (2s)
16:51:21   invivo_sampling_salt_stripped_multi_fp_xgb: MCC=0.5875 [0.2719,0.8336] t=0.12 AD=0.40 (2s)
16:51:25   invivo_sampling_salt_stripped_multi_fp_lgbm: MCC=0.3773 [0.0376,0.6750] t=0.58 AD=0.40 (4s)
16:51:29   invivo_sampling_salt_stripped_multi_fp_rf: MCC=0.5003 [0.1385,0.7814] t=0.42 AD=0.40 (4s)
16:51:32   invivo_sampling_salt_stripped_multi_fp_svm: MCC=0.2411 [-0.1175,0.5429] t=0.26 AD=0.40 (3s)
16:51:51   invivo_sampling_salt_stripped_multi_fp_logistic: MCC=0.2644 [-0.1079,0.5839] t=0.42 AD=0.40 (19s)
16:51:53   invivo_sampling_salt_stripped_multi_fp_ann: MCC=0.5016 [0.1630,0.7869] t=0.28 AD=0.40 (2s)
16:51:56   invivo_sampling_salt_stripped_extended_xgb: MCC=0.5333 [0.2209,0.8133] t=0.3 AD=0.40 (2s)
16:51:59   invivo_sampling_salt_stripped_extended_lgbm: MCC=0.4586 [0.1379,0.7685] t=0.1 AD=0.40 (4s)
16:52:04   invivo_sampling_salt_stripped_extended_rf: MCC=0.5093 [0.2384,0.7618] t=0.34 AD=0.40 (4s)
16:52:06   invivo_sampling_salt_stripped_extended_svm: MCC=0.3533 [-0.0020,0.6688] t=0.36 AD=0.40 (2s)
16:52:23   invivo_sampling_salt_stripped_extended_logistic: MCC=0.3437 [-0.0234,0.6637] t=0.66 AD=0.40 (17s)
16:52:24   invivo_sampling_salt_stripped_extended_ann: MCC=0.3866 [0.0287,0.6976] t=0.4 AD=0.40 (2s)
16:57:45   invivo_sampling_salt_stripped_graph_gnn: MCC=0.2711
16:57:45 Conditional routing (conditional):
16:57:45   organic_single: 146 (63.2%)
16:57:45   organometallic: 37 (16.0%)
16:57:45   ionic_salt: 32 (13.9%)
16:57:45   multi_component: 16 (6.9%)
16:57:45   [invivo_sampling] FG features: 618 columns (smi_col=_analysis_smiles)
16:57:45   [invivo_sampling] Physchem features: 13 columns
16:57:45   [invivo_sampling] SA features: 104 columns (mean hits/mol: 1.25)
16:57:46   [invivo_sampling] Delta features: 34 columns (metal: 69, severe_distortion: 12)
16:57:46   [invivo_sampling] Electronic descriptors: 56 columns
16:57:46   [invivo_sampling] Fingerprint: 512 bits (smi_col=_analysis_smiles)
16:57:47   [invivo_sampling] Fingerprint: 1024 bits (smi_col=_analysis_smiles)
16:57:47   [invivo_sampling] Fingerprint: 2048 bits (smi_col=_analysis_smiles)
16:57:48   [invivo_sampling] Fingerprint: 1024 bits (smi_col=_analysis_smiles)
16:57:48   [invivo_sampling] MACCS keys: 167 bits
16:57:48   [invivo_sampling] AtomPair FP: 512 bits
16:57:48   [invivo_sampling] TopTorsion FP: 512 bits
16:57:48   [invivo_sampling] Multi-FP union: 2215 total features
16:57:50   [invivo_sampling] Ames stacking feature added (mean=0.212)
16:58:05   invivo_sampling_conditional_compact_xgb: MCC=0.7002 [0.4535,0.9236] t=0.2 AD=0.43 (15s)
16:58:08   invivo_sampling_conditional_compact_lgbm: MCC=0.5302 [0.2138,0.8087] t=0.24 AD=0.43 (4s)
16:58:13   invivo_sampling_conditional_compact_rf: MCC=0.7065 [0.4288,0.9273] t=0.34 AD=0.43 (4s)
16:58:15   invivo_sampling_conditional_compact_svm: MCC=0.2236 [-0.1175,0.5572] t=0.26 AD=0.43 (2s)
16:58:33   invivo_sampling_conditional_compact_logistic: MCC=0.3400 [0.0194,0.6469] t=0.54 AD=0.43 (18s)
16:58:35   invivo_sampling_conditional_compact_ann: MCC=0.7013 [0.4062,0.9086] t=0.52 AD=0.43 (2s)
16:58:37   invivo_sampling_conditional_broad_fp512_xgb: MCC=0.8367 [0.6533,1.0000] t=0.16 AD=0.43 (2s)
16:58:41   invivo_sampling_conditional_broad_fp512_lgbm: MCC=0.7089 [0.4346,0.9032] t=0.16 AD=0.43 (4s)
16:58:45   invivo_sampling_conditional_broad_fp512_rf: MCC=0.7065 [0.4288,0.9273] t=0.36 AD=0.43 (4s)
16:58:48   invivo_sampling_conditional_broad_fp512_svm: MCC=0.1127 [-0.1701,0.4469] t=0.42 AD=0.43 (3s)
16:59:06   invivo_sampling_conditional_broad_fp512_logistic: MCC=0.5537 [0.2492,0.8364] t=0.8 AD=0.43 (18s)
16:59:07   invivo_sampling_conditional_broad_fp512_ann: MCC=0.5186 [0.1462,0.7961] t=0.34 AD=0.43 (2s)
16:59:10   invivo_sampling_conditional_broad_fp1024_xgb: MCC=0.7669 [0.5078,0.9504] t=0.18 AD=0.43 (2s)
16:59:14   invivo_sampling_conditional_broad_fp1024_lgbm: MCC=0.6513 [0.3566,0.9044] t=0.14 AD=0.43 (4s)
16:59:18   invivo_sampling_conditional_broad_fp1024_rf: MCC=0.5809 [0.2557,0.8494] t=0.36 AD=0.43 (4s)
16:59:21   invivo_sampling_conditional_broad_fp1024_svm: MCC=0.2737 [-0.0901,0.6134] t=0.26 AD=0.43 (3s)
16:59:39   invivo_sampling_conditional_broad_fp1024_logistic: MCC=0.2911 [-0.0423,0.5749] t=0.54 AD=0.43 (19s)
16:59:41   invivo_sampling_conditional_broad_fp1024_ann: MCC=0.2784 [-0.0934,0.6007] t=0.34 AD=0.43 (2s)
16:59:44   invivo_sampling_conditional_broad_fp2048_xgb: MCC=0.8367 [0.6533,1.0000] t=0.16 AD=0.43 (2s)
16:59:48   invivo_sampling_conditional_broad_fp2048_lgbm: MCC=0.6019 [0.3259,0.8598] t=0.16 AD=0.43 (4s)
16:59:52   invivo_sampling_conditional_broad_fp2048_rf: MCC=0.6399 [0.3284,0.8809] t=0.34 AD=0.43 (4s)
16:59:54   invivo_sampling_conditional_broad_fp2048_svm: MCC=0.1194 [-0.1707,0.4612] t=0.2 AD=0.43 (3s)
17:00:15   invivo_sampling_conditional_broad_fp2048_logistic: MCC=0.4524 [0.0839,0.7120] t=0.36 AD=0.43 (21s)
17:00:18   invivo_sampling_conditional_broad_fp2048_ann: MCC=0.3713 [0.0392,0.6719] t=0.36 AD=0.43 (3s)
17:00:20   invivo_sampling_conditional_multi_fp_xgb: MCC=0.6379 [0.3351,0.8617] t=0.26 AD=0.43 (2s)
17:00:24   invivo_sampling_conditional_multi_fp_lgbm: MCC=0.5675 [0.2498,0.8128] t=0.24 AD=0.43 (4s)
17:00:28   invivo_sampling_conditional_multi_fp_rf: MCC=0.5003 [0.1385,0.7814] t=0.4 AD=0.43 (4s)
17:00:31   invivo_sampling_conditional_multi_fp_svm: MCC=0.1671 [-0.1443,0.5056] t=0.2 AD=0.43 (3s)
17:00:52   invivo_sampling_conditional_multi_fp_logistic: MCC=0.2129 [-0.1330,0.5372] t=0.36 AD=0.43 (21s)
17:00:54   invivo_sampling_conditional_multi_fp_ann: MCC=0.3026 [-0.0633,0.6110] t=0.38 AD=0.43 (2s)
17:00:56   invivo_sampling_conditional_extended_xgb: MCC=0.5911 [0.3007,0.8291] t=0.14 AD=0.43 (2s)
17:01:00   invivo_sampling_conditional_extended_lgbm: MCC=0.5298 [0.2184,0.8177] t=0.2 AD=0.43 (4s)
17:01:04   invivo_sampling_conditional_extended_rf: MCC=0.5764 [0.2391,0.8446] t=0.24 AD=0.43 (4s)
17:01:07   invivo_sampling_conditional_extended_svm: MCC=0.1743 [-0.1443,0.5181] t=0.28 AD=0.43 (3s)
17:01:23   invivo_sampling_conditional_extended_logistic: MCC=0.4072 [0.0634,0.6921] t=0.14 AD=0.43 (16s)
17:01:25   invivo_sampling_conditional_extended_ann: MCC=0.4701 [0.1295,0.7579] t=0.38 AD=0.43 (2s)
17:06:52   invivo_sampling_conditional_graph_gnn: MCC=0.0468
17:06:52 STEP 5b: Statistical Comparisons
17:06:52   [ames] 21 pairwise comparisons saved
17:06:52   [invitro] 21 pairwise comparisons saved
17:06:52   [invivo] 21 pairwise comparisons saved
17:06:52   [invitro_sampling] 21 pairwise comparisons saved
17:06:52   [invivo_sampling] 21 pairwise comparisons saved
17:06:53   [ames] McNemar ames_salt_stripped_extended_xgb vs ames_conditional_broad_fp2048_lgbm: p=0.2941
17:06:53   [invitro_sampling] McNemar invitro_sampling_no_metal_broad_fp1024_rf vs invitro_sampling_no_metal_broad_fp2048_xgb: p=1.0000
17:06:53   [invivo_sampling] McNemar invivo_sampling_raw_all_broad_fp2048_xgb vs invivo_sampling_conditional_broad_fp512_xgb: p=1.0000
17:06:53 STEP 5c: Learning Curves
