No,No_norm,label,SMILES,canonical_smiles,standardized_smiles,scaffold_group,scaffold_group_type,scaffold_split_80_20
12,12,0,CCOC=CC(=O)C(F)(F)F,CCOC=CC(=O)C(F)(F)F,CCOC=CC(=O)C(F)(F)F,ACY_******(*)*(*)(*)*,acyclic_anonymous_graph,train
70,70,0,CCCCCCCCCCCCC(CCCCCCCCCC)COC(=O)CCSCCC(=O)OCC(CCCCCCCCCC)CCCCCCCCCCCC,CCCCCCCCCCCCC(CCCCCCCCCC)COC(=O)CCSCCC(=O)OCC(CCCCCCCCCC)CCCCCCCCCCCC,CCCCCCCCCCCCC(CCCCCCCCCC)COC(=O)CCSCCC(=O)OCC(CCCCCCCCCC)CCCCCCCCCCCC,ACY_*************(**********)***(*)******(*)***(**********)************,acyclic_anonymous_graph,train
75,75,0,CCCCCCCC(=O)OCC(CCC)CCCCC,CCCCCCCC(=O)OCC(CCC)CCCCC,CCCCCCCC(=O)OCC(CCC)CCCCC,ACY_********(*)***(***)*****,acyclic_anonymous_graph,train
259,259,0,CC1=NN(c2cccc(S(=O)(=O)O)c2)C(=O)C1N=Nc1cc(Cl)c(C)cc1S(=O)(=O)O,CC1=NN(c2cccc(S(=O)(=O)O)c2)C(=O)C1N=Nc1cc(Cl)c(C)cc1S(=O)(=O)O,CC1=NN(c2cccc(S(=O)(=O)O)c2)C(=O)C1N=Nc1cc(Cl)c(C)cc1S(=O)(=O)O,O=C1C(N=Nc2ccccc2)C=NN1c1ccccc1,murcko,train
590,590,0,O=P(O)(O)OP(=O)(O)O,O=P(O)(O)OP(=O)(O)O,O=P(O)(O)OP(=O)(O)O,ACY_**(*)(*)**(*)(*)*,acyclic_anonymous_graph,train
611,611,0,CC(C)=CCCC1=CCC(C=O)CC1,CC(C)=CCCC1=CCC(C=O)CC1,CC(C)=CCCC1=CCC(C=O)CC1,C1=CCCCC1,murcko,test
1300,1300,0,O=C(OS(=O)C(F)(F)F)C(F)(F)F,O=C(OS(=O)C(F)(F)F)C(F)(F)F,O=C(OS(=O)C(F)(F)F)C(F)(F)F,ACY_**(**(*)*(*)(*)*)*(*)(*)*,acyclic_anonymous_graph,test
1816,1816,0,COc1ccc(C(C)=O)cc1,COc1ccc(C(C)=O)cc1,COc1ccc(C(C)=O)cc1,c1ccccc1,murcko,train
1817,1817,0,COc1ccc(C(=O)O)cc1,COc1ccc(C(=O)O)cc1,COc1ccc(C(=O)O)cc1,c1ccccc1,murcko,train
1831,1831,0,OCc1ccccc1,OCc1ccccc1,OCc1ccccc1,c1ccccc1,murcko,train
1832,1832,0,O=Cc1ccccc1,O=Cc1ccccc1,O=Cc1ccccc1,c1ccccc1,murcko,train
1838,1838,0,COc1ccccc1,COc1ccccc1,COc1ccccc1,c1ccccc1,murcko,train
1844,1844,0,C[N+](C)(C)Cc1ccccc1,C[N+](C)(C)Cc1ccccc1,C[N+](C)(C)Cc1ccccc1,c1ccccc1,murcko,train
1875,1875,0,O=P(Cl)(Cl)Cl,O=P(Cl)(Cl)Cl,O=P(Cl)(Cl)Cl,ACY_**(*)(*)*,acyclic_anonymous_graph,train
1876,1876,1,[Cl][Sb]([Cl])[Cl],[Cl][Sb]([Cl])[Cl],[Cl][Sb]([Cl])[Cl],ACY_**(*)*,acyclic_anonymous_graph,train
1877,1877,1,[Cl][Pt-2]([Cl])([Cl])[Cl],[Cl][Pt-2]([Cl])([Cl])[Cl],[Pt+4],ACY_**(*)(*)*,acyclic_anonymous_graph,train
1897,1897,0,O=CC(OC(C=O)C(O)C(O)C(O)CO)C(O)C(O)C(O)CO,O=CC(OC(C=O)C(O)C(O)C(O)CO)C(O)C(O)C(O)CO,O=CC(OC(C=O)C(O)C(O)C(O)CO)C(O)C(O)C(O)CO,ACY_***(*)*(*)*(*)*(**)**(**)*(*)*(*)*(*)**,acyclic_anonymous_graph,train
1898,1898,0,Cc1ccc(NCCO)c([N+](=O)[O-])c1,Cc1ccc(NCCO)c([N+](=O)[O-])c1,Cc1ccc(NCCO)c([N+](=O)[O-])c1,c1ccccc1,murcko,train
1902,1902,0,O=S(=O)(O)O,O=S(=O)(O)O,O=S(=O)(O)O,ACY_**(*)(*)*,acyclic_anonymous_graph,train
1908,1908,0,O=P(O)(O)O,O=P(O)(O)O,O=P(O)(O)O,ACY_**(*)(*)*,acyclic_anonymous_graph,train
1922,1922,0,CC(C)(c1ccccc1)c1ccc(Nc2ccc(C(C)(C)c3ccccc3)cc2)cc1,CC(C)(c1ccccc1)c1ccc(Nc2ccc(C(C)(C)c3ccccc3)cc2)cc1,CC(C)(c1ccccc1)c1ccc(Nc2ccc(C(C)(C)c3ccccc3)cc2)cc1,c1ccc(Cc2ccc(Nc3ccc(Cc4ccccc4)cc3)cc2)cc1,murcko,train
1929,1929,0,O=[N+]([O-])O,O=[N+]([O-])O,O=[N+]([O-])O,ACY_**(*)*,acyclic_anonymous_graph,train
1934,1934,0,C=CCOc1nc(OCC=C)nc(OCC=C)n1,C=CCOc1nc(OCC=C)nc(OCC=C)n1,C=CCOc1nc(OCC=C)nc(OCC=C)n1,c1ncncn1,murcko,train
1936,1936,0,CN(C)C(=O)Nc1ccccc1,CN(C)C(=O)Nc1ccccc1,CN(C)C(=O)Nc1ccccc1,c1ccccc1,murcko,train
1944,1944,1,Nc1ccc(Cc2ccc(N)cc2)cc1,Nc1ccc(Cc2ccc(N)cc2)cc1,Nc1ccc(Cc2ccc(N)cc2)cc1,c1ccc(Cc2ccccc2)cc1,murcko,train
1947,1947,0,CCC(C)Nc1ccc(NC(C)CC)cc1,CCC(C)Nc1ccc(NC(C)CC)cc1,CCC(C)Nc1ccc(NC(C)CC)cc1,c1ccccc1,murcko,train
1948,1948,0,CCOC(=O)Cc1ccccc1,CCOC(=O)Cc1ccccc1,CCOC(=O)Cc1ccccc1,c1ccccc1,murcko,train
1953,1953,1,O=[Se](O)O,O=[Se](O)O,O=[Se](O)O,ACY_**(*)*,acyclic_anonymous_graph,train
1961,1961,0,O=S(O)O,O=S(O)O,O=S(O)O,ACY_**(*)*,acyclic_anonymous_graph,train
1969,1969,0,O=P(=O)O,O=P(=O)O,O=[P+]([O-])O,ACY_**(*)*,acyclic_anonymous_graph,train
2007,2007,0,Cc1c(C)c2c(c(C)c1O)CCC(C)(CCCC(C)CCCC(C)CCCC(C)C)O2,Cc1c(C)c2c(c(C)c1O)CCC(C)(CCCC(C)CCCC(C)CCCC(C)C)O2,Cc1c(C)c2c(c(C)c1O)CCC(C)(CCCC(C)CCCC(C)CCCC(C)C)O2,c1ccc2c(c1)CCCO2,murcko,test
2019,2019,0,O=C(Cc1ccccc1)OCc1ccccc1,O=C(Cc1ccccc1)OCc1ccccc1,O=C(Cc1ccccc1)OCc1ccccc1,O=C(Cc1ccccc1)OCc1ccccc1,murcko,train
2021,2021,0,O=C(Cc1ccccc1)OCCc1ccccc1,O=C(Cc1ccccc1)OCCc1ccccc1,O=C(Cc1ccccc1)OCCc1ccccc1,O=C(Cc1ccccc1)OCCc1ccccc1,murcko,train
2030,2030,0,CCCCN(CCO)CCO,CCCCN(CCO)CCO,CCCCN(CCO)CCO,ACY_*****(***)***,acyclic_anonymous_graph,test
2033,2033,0,CC(C)(C)OC(=O)NC(CO)c1ccccc1,CC(C)(C)OC(=O)NC(CO)c1ccccc1,CC(C)(C)OC(=O)NC(CO)c1ccccc1,c1ccccc1,murcko,train
2040,2040,0,CCCCCCCCCCCCCCCCCCN(CCO)CCO,CCCCCCCCCCCCCCCCCCN(CCO)CCO,CCCCCCCCCCCCCCCCCCN(CCO)CCO,ACY_*******************(***)***,acyclic_anonymous_graph,train
2049,2049,0,CCCCCCCCCCCC(=O)OC(C)C,CCCCCCCCCCCC(=O)OC(C)C,CCCCCCCCCCCC(=O)OC(C)C,ACY_************(*)**(*)*,acyclic_anonymous_graph,train
2050,2050,0,CC1OC(OC2C(Oc3cc(O)c4c(c3)OC(c3ccc(O)cc3)CC4=O)OC(CO)C(O)C2O)C(O)C(O)C1O,CC1OC(OC2C(Oc3cc(O)c4c(c3)OC(c3ccc(O)cc3)CC4=O)OC(CO)C(O)C2O)C(O)C(O)C1O,CC1OC(OC2C(Oc3cc(O)c4c(c3)OC(c3ccc(O)cc3)CC4=O)OC(CO)C(O)C2O)C(O)C(O)C1O,O=C1CC(c2ccccc2)Oc2cc(OC3OCCCC3OC3CCCCO3)ccc21,murcko,test
2059,2059,0,FC(F)(F)C=CCl,FC(F)(F)C=CCl,FC(F)(F)C=CCl,ACY_****(*)(*)*,acyclic_anonymous_graph,train
2063,2063,0,CCCCCCCC(=O)OCCCO,CCCCCCCC(=O)OCCCO,CCCCCCCC(=O)OCCCO,ACY_********(*)*****,acyclic_anonymous_graph,train
2069,2069,0,O=S(O)(O)=S,O=S(O)(O)=S,O=S(O)(O)=S,ACY_**(*)(*)*,acyclic_anonymous_graph,train
2071,2071,0,CCCCCCCCCCCC(=O)OCC(C)(C)C=O,CCCCCCCCCCCC(=O)OCC(C)(C)C=O,CCCCCCCCCCCC(=O)OCC(C)(C)C=O,ACY_************(*)***(*)(*)**,acyclic_anonymous_graph,train
2073,2073,0,C=CC(=O)OCC(CC)CCCC,C=CC(=O)OCC(CC)CCCC,C=CC(=O)OCC(CC)CCCC,ACY_*****(**)***(*)**,acyclic_anonymous_graph,train
2079,2079,0,CCOC(=O)C=Cc1ccccc1,CCOC(=O)C=Cc1ccccc1,CCOC(=O)C=Cc1ccccc1,c1ccccc1,murcko,train
2080,2080,0,CCCC(=O)OCc1ccccc1,CCCC(=O)OCc1ccccc1,CCCC(=O)OCc1ccccc1,c1ccccc1,murcko,train
2082,2082,0,O=C(C=Cc1ccccc1)OCc1ccccc1,O=C(C=Cc1ccccc1)OCc1ccccc1,O=C(C=Cc1ccccc1)OCc1ccccc1,O=C(C=Cc1ccccc1)OCc1ccccc1,murcko,train
2085,2085,0,CC(C)C(=O)OCCc1ccccc1,CC(C)C(=O)OCCc1ccccc1,CC(C)C(=O)OCCc1ccccc1,c1ccccc1,murcko,train
2090,2090,0,CC(=O)OCC=Cc1ccccc1,CC(=O)OCC=Cc1ccccc1,CC(=O)OCC=Cc1ccccc1,c1ccccc1,murcko,train
2100,2100,0,CC(C=O)Cc1ccc(C(C)C)cc1,CC(C=O)Cc1ccc(C(C)C)cc1,CC(C=O)Cc1ccc(C(C)C)cc1,c1ccccc1,murcko,train
2101,2101,0,Nc1cc(Cl)c(OC(F)(F)C(F)C(F)(F)F)cc1Cl,Nc1cc(Cl)c(OC(F)(F)C(F)C(F)(F)F)cc1Cl,Nc1cc(Cl)c(OC(F)(F)C(F)C(F)(F)F)cc1Cl,c1ccccc1,murcko,train
2107,2107,0,O=C(NC(=O)c1c(F)cccc1F)Nc1cc(Cl)c(OC(F)(F)C(F)C(F)(F)F)cc1Cl,O=C(NC(=O)c1c(F)cccc1F)Nc1cc(Cl)c(OC(F)(F)C(F)C(F)(F)F)cc1Cl,O=C(NC(=O)c1c(F)cccc1F)Nc1cc(Cl)c(OC(F)(F)C(F)C(F)(F)F)cc1Cl,O=C(NC(=O)c1ccccc1)Nc1ccccc1,murcko,train
2115,2115,0,CC(O)C(=O)O,CC(O)C(=O)O,CC(O)C(=O)O,ACY_**(*)*(*)*,acyclic_anonymous_graph,train
2121,2121,0,C,C,C,ACY_*,acyclic_anonymous_graph,test
2146,2146,0,COc1ccc(CCC(C)=O)cc1,COc1ccc(CCC(C)=O)cc1,COc1ccc(CCC(C)=O)cc1,c1ccccc1,murcko,train
2147,2147,0,COc1ccc(COC(C)=O)cc1,COc1ccc(COC(C)=O)cc1,COc1ccc(COC(C)=O)cc1,c1ccccc1,murcko,train
2152,2152,0,CCCCC1CCC(=O)O1,CCCCC1CCC(=O)O1,CCCCC1CCC(=O)O1,O=C1CCCO1,murcko,train
2160,2160,0,OCCOCCOc1ccccc1,OCCOCCOc1ccccc1,OCCOCCOc1ccccc1,c1ccccc1,murcko,train
2161,2161,0,CCCCCCCCCCCC[n+]1ccccc1,CCCCCCCCCCCC[n+]1ccccc1,CCCCCCCCCCCC[n+]1ccccc1,c1cc[nH+]cc1,murcko,train
2164,2164,0,CCN(CC)CCCN,CCN(CC)CCCN,CCN(CC)CCCN,ACY_*****(**)**,acyclic_anonymous_graph,train
2167,2167,1,CCc1ccc(C)nc1,CCc1ccc(C)nc1,CCc1ccc(C)nc1,c1ccncc1,murcko,train
2172,2172,0,CCCCCCCCCCCCCCCCOC(=O)CCCCCCCC=CCC(O)CCCCCC,CCCCCCCCCCCCCCCCOC(=O)CCCCCCCC=CCC(O)CCCCCC,CCCCCCCCCCCCCCCCOC(=O)CCCCCCCC=CCC(O)CCCCCC,ACY_******************(*)***********(*)******,acyclic_anonymous_graph,train
2180,2180,0,CC(=O)OC1CCC(C(C)(C)C)CC1,CC(=O)OC1CCC(C(C)(C)C)CC1,CC(=O)OC1CCC(C(C)(C)C)CC1,C1CCCCC1,murcko,train
2200,2200,0,CC(=O)ON=C(C(=O)Sc1nc2ccccc2s1)c1csc(N)n1,CC(=O)ON=C(C(=O)Sc1nc2ccccc2s1)c1csc(N)n1,CC(=O)ON=C(C(=O)Sc1nc2ccccc2s1)c1csc(N)n1,N=C(C(=O)Sc1nc2ccccc2s1)c1cscn1,murcko,train
2202,2202,0,O=C(Nc1ccccc1)c1cc2ccccc2c(N=Nc2cc(Cl)ccc2O)c1O,O=C(Nc1ccccc1)c1cc2ccccc2c(N=Nc2cc(Cl)ccc2O)c1O,O=C(Nc1ccccc1)c1cc2ccccc2c(N=Nc2cc(Cl)ccc2O)c1O,O=C(Nc1ccccc1)c1cc(N=Nc2ccccc2)c2ccccc2c1,murcko,train
2209,2209,0,COc1ccc(CO)cc1,COc1ccc(CO)cc1,COc1ccc(CO)cc1,c1ccccc1,murcko,train
2213,2213,0,CCOC(=O)CC,CCOC(=O)CC,CCOC(=O)CC,ACY_****(*)**,acyclic_anonymous_graph,test
2224,2224,0,CC(C)OC(=O)OOC(=O)OC(C)C,CC(C)OC(=O)OOC(=O)OC(C)C,CC(C)OC(=O)OOC(=O)OC(C)C,ACY_**(*)**(*)***(*)**(*)*,acyclic_anonymous_graph,train
2231,2231,0,CC(C)=CCCC(C)CCOC=O,CC(C)=CCCC(C)CCOC=O,CC(C)=CCCC(C)CCOC=O,ACY_******(*)****(*)*,acyclic_anonymous_graph,train
2237,2237,0,CCC(C)(C)OOC(C)(C)CC,CCC(C)(C)OOC(C)(C)CC,CCC(C)(C)OOC(C)(C)CC,ACY_***(*)(*)***(*)(*)**,acyclic_anonymous_graph,train
2244,2244,0,CCCCCCS(=O)(=O)c1ccc(Nc2ccc3c4c2C(=O)c2ccccc2-c4c(C(=O)c2cccc(S(=O)(=O)O)c2)c(=O)n3C)c(S(=O)(=O)O)c1,CCCCCCS(=O)(=O)c1ccc(Nc2ccc3c4c2C(=O)c2ccccc2-c4c(C(=O)c2cccc(S(=O)(=O)O)c2)c(=O)n3C)c(S(=O)(=O)O)c1,CCCCCCS(=O)(=O)c1ccc(Nc2ccc3c4c2C(=O)c2ccccc2-c4c(C(=O)c2cccc(S(=O)(=O)O)c2)c(=O)n3C)c(S(=O)(=O)O)c1,O=C(c1ccccc1)c1c2c3c(c(Nc4ccccc4)ccc3[nH]c1=O)C(=O)c1ccccc1-2,murcko,train
2256,2256,0,CCCCCCCCCCCC(=O)NCCC[N+](C)(C)C,CCCCCCCCCCCC(=O)NCCC[N+](C)(C)C,CCCCCCCCCCCC(=O)NCCC[N+](C)(C)C,ACY_************(*)*****(*)(*)*,acyclic_anonymous_graph,train
2259,2259,0,O=C1CCCCCCCCCCCCCCO1,O=C1CCCCCCCCCCCCCCO1,O=C1CCCCCCCCCCCCCCO1,O=C1CCCCCCCCCCCCCCO1,murcko,test
2269,2269,0,CCCC(=O)OCCC(C)C,CCCC(=O)OCCC(C)C,CCCC(=O)OCCC(C)C,ACY_****(*)****(*)*,acyclic_anonymous_graph,train
2270,2270,0,CCCCCCC(=O)OCC,CCCCCCC(=O)OCC,CCCCCCC(=O)OCC,ACY_*******(*)***,acyclic_anonymous_graph,train
2272,2272,0,CCCCCCCC(=O)OCC,CCCCCCCC(=O)OCC,CCCCCCCC(=O)OCC,ACY_********(*)***,acyclic_anonymous_graph,train
2273,2273,0,CCCOC(=O)CC,CCCOC(=O)CC,CCCOC(=O)CC,ACY_*****(*)**,acyclic_anonymous_graph,train
2274,2274,0,Cc1ccc(C)cc1,Cc1ccc(C)cc1,Cc1ccc(C)cc1,c1ccccc1,murcko,train
2279,2279,0,Oc1ccc(Cl)cc1,Oc1ccc(Cl)cc1,Oc1ccc(Cl)cc1,c1ccccc1,murcko,train
2282,2282,1,O=C1C=CC(=O)C=C1,O=C1C=CC(=O)C=C1,O=C1C=CC(=O)C=C1,O=C1C=CC(=O)C=C1,murcko,train
2283,2283,0,CN1CCN(C)CC1,CN1CCN(C)CC1,CN1CCN(C)CC1,C1CNCCN1,murcko,train
2285,2285,0,COC(=O)CCC(=O)OC,COC(=O)CCC(=O)OC,COC(=O)CCC(=O)OC,ACY_***(*)***(*)**,acyclic_anonymous_graph,train
2287,2287,0,CCCCCC(=O)OC,CCCCCC(=O)OC,CCCCCC(=O)OC,ACY_******(*)**,acyclic_anonymous_graph,train
2299,2299,0,C=CCC,C=CCC,C=CCC,ACY_****,acyclic_anonymous_graph,train
2301,2301,1,COC(=O)Nc1nc2ccccc2[nH]1,COC(=O)Nc1nc2ccccc2[nH]1,COC(=O)Nc1nc2ccccc2[nH]1,c1ccc2[nH]cnc2c1,murcko,train
2302,2302,0,O=C(O)CN(CCN(CC(=O)O)Cc1ccccc1O)Cc1ccccc1O,O=C(O)CN(CCN(CC(=O)O)Cc1ccccc1O)Cc1ccccc1O,O=C(O)CN(CCN(CC(=O)O)Cc1ccccc1O)Cc1ccccc1O,c1ccc(CNCCNCc2ccccc2)cc1,murcko,test
2306,2306,0,COc1cc(N=Nc2c(C)c(-[n+]3ccccc3)c(=O)n(CCCN(C)C)c2O)ccc1C(c1ccccc1)c1ccc(N=Nc2c(C)c(-[n+]3ccccc3)c(=O)n(CCCN(C)C)c2O)cc1OC,COc1cc(N=Nc2c(C)c(-[n+]3ccccc3)c(=O)n(CCCN(C)C)c2O)ccc1C(c1ccccc1)c1ccc(N=Nc2c(C)c(-[n+]3ccccc3)c(=O)n(CCCN(C)C)c2O)cc1OC,COc1cc(N=Nc2c(C)c(-[n+]3ccccc3)c(=O)n(CCCN(C)C)c2O)ccc1C(c1ccccc1)c1ccc(N=Nc2c(C)c(-[n+]3ccccc3)c(=O)n(CCCN(C)C)c2O)cc1OC,O=c1[nH]cc(N=Nc2ccc(C(c3ccccc3)c3ccc(N=Nc4c[nH]c(=O)c(-[n+]5ccccc5)c4)cc3)cc2)cc1-[n+]1ccccc1,murcko,train
2308,2308,0,CCc1cc(Cc2cc(CC)c(N)c(CC)c2Cl)c(Cl)c(CC)c1N,CCc1cc(Cc2cc(CC)c(N)c(CC)c2Cl)c(Cl)c(CC)c1N,CCc1cc(Cc2cc(CC)c(N)c(CC)c2Cl)c(Cl)c(CC)c1N,c1ccc(Cc2ccccc2)cc1,murcko,train
2319,2319,1,CN1C(C)(C)CC(OC(=O)CCCCCCCCC(=O)OC2CC(C)(C)N(C)C(C)(C)C2)CC1(C)C,CN1C(C)(C)CC(OC(=O)CCCCCCCCC(=O)OC2CC(C)(C)N(C)C(C)(C)C2)CC1(C)C,CN1C(C)(C)CC(OC(=O)CCCCCCCCC(=O)OC2CC(C)(C)N(C)C(C)(C)C2)CC1(C)C,O=C(CCCCCCCCC(=O)OC1CCNCC1)OC1CCNCC1,murcko,train
2334,2334,0,CC(C)(C)OOC(C)(C)C#CC(C)(C)OOC(C)(C)C,CC(C)(C)OOC(C)(C)C#CC(C)(C)OOC(C)(C)C,CC(C)(C)OOC(C)(C)C#CC(C)(C)OOC(C)(C)C,ACY_**(*)(*)***(*)(*)***(*)(*)***(*)(*)*,acyclic_anonymous_graph,train
2337,2337,0,COC(=O)CCN[N+](C)(C)C,COC(=O)CCN[N+](C)(C)C,COC(=O)CCN[N+](C)(C)C,ACY_***(*)****(*)(*)*,acyclic_anonymous_graph,test
2338,2338,0,CCCCN(c1nc(NCCCN(CCN(CCCNc2nc(N(CCCC)C3CC(C)(C)N(C)C(C)(C)C3)nc(N(CCCC)C3CC(C)(C)N(C)C(C)(C)C3)n2)c2nc(N(CCCC)C3CC(C)(C)N(C)C(C)(C)C3)nc(N(CCCC)C3CC(C)(C)N(C)C(C)(C)C3)n2)c2nc(N(CCCC)C3CC(C)(C)N(C)C(C)(C)C3)nc(N(CCCC)C3CC(C)(C)N(C)C(C)(C)C3)n2)nc(N(CCCC)C2CC(C)(C)N(C)C(C)(C)C2)n1)C1CC(C)(C)N(C)C(C)(C)C1,CCCCN(c1nc(NCCCN(CCN(CCCNc2nc(N(CCCC)C3CC(C)(C)N(C)C(C)(C)C3)nc(N(CCCC)C3CC(C)(C)N(C)C(C)(C)C3)n2)c2nc(N(CCCC)C3CC(C)(C)N(C)C(C)(C)C3)nc(N(CCCC)C3CC(C)(C)N(C)C(C)(C)C3)n2)c2nc(N(CCCC)C3CC(C)(C)N(C)C(C)(C)C3)nc(N(CCCC)C3CC(C)(C)N(C)C(C)(C)C3)n2)nc(N(CCCC)C2CC(C)(C)N(C)C(C)(C)C2)n1)C1CC(C)(C)N(C)C(C)(C)C1,CCCCN(c1nc(NCCCN(CCN(CCCNc2nc(N(CCCC)C3CC(C)(C)N(C)C(C)(C)C3)nc(N(CCCC)C3CC(C)(C)N(C)C(C)(C)C3)n2)c2nc(N(CCCC)C3CC(C)(C)N(C)C(C)(C)C3)nc(N(CCCC)C3CC(C)(C)N(C)C(C)(C)C3)n2)c2nc(N(CCCC)C3CC(C)(C)N(C)C(C)(C)C3)nc(N(CCCC)C3CC(C)(C)N(C)C(C)(C)C3)n2)nc(N(CCCC)C2CC(C)(C)N(C)C(C)(C)C2)n1)C1CC(C)(C)N(C)C(C)(C)C1,C(CNc1nc(NC2CCNCC2)nc(NC2CCNCC2)n1)CN(CCN(CCCNc1nc(NC2CCNCC2)nc(NC2CCNCC2)n1)c1nc(NC2CCNCC2)nc(NC2CCNCC2)n1)c1nc(NC2CCNCC2)nc(NC2CCNCC2)n1,murcko,test
2339,2339,0,CC=CC,CC=CC,CC=CC,ACY_****,acyclic_anonymous_graph,train
2346,2346,0,CCC#N,CCC#N,CCC#N,ACY_****,acyclic_anonymous_graph,train
2349,2349,0,NCCN,NCCN,NCCN,ACY_****,acyclic_anonymous_graph,train
2353,2353,0,OCCO,OCCO,OCCO,ACY_****,acyclic_anonymous_graph,train
2359,2359,0,C[N+](C)(C)CC(=O)[O-],C[N+](C)(C)CC(=O)[O-],C[N+](C)(C)CC(=O)[O-],ACY_**(*)**(*)(*)*,acyclic_anonymous_graph,train
2373,2373,0,O=C(O)CCS,O=C(O)CCS,O=C(O)CCS,ACY_****(*)*,acyclic_anonymous_graph,test
2375,2375,0,CCOC(=O)CCCCC(Cl)CCCl,CCOC(=O)CCCCC(Cl)CCCl,CCOC(=O)CCCCC(Cl)CCCl,ACY_****(*)*****(*)***,acyclic_anonymous_graph,train
2376,2376,0,C=CC(=O)OCCCCOC(=O)C=C,C=CC(=O)OCCCCOC(=O)C=C,C=CC(=O)OCCCCOC(=O)C=C,ACY_***(*)*******(*)**,acyclic_anonymous_graph,train
2379,2379,0,Cc1ccc(S(=O)(=O)c2ccc(O)c(O)c2)cc1,Cc1ccc(S(=O)(=O)c2ccc(O)c(O)c2)cc1,Cc1ccc(S(=O)(=O)c2ccc(O)c(O)c2)cc1,O=S(=O)(c1ccccc1)c1ccccc1,murcko,train
2381,2381,0,NNC(=O)CCCCC(=O)NN,NNC(=O)CCCCC(=O)NN,NNC(=O)CCCCC(=O)NN,ACY_***(*)*****(*)**,acyclic_anonymous_graph,train
2389,2389,0,S=c1[nH][nH]c(=S)s1,S=c1[nH][nH]c(=S)s1,S=c1[nH][nH]c(=S)s1,S=c1[nH][nH]c(=S)s1,murcko,train
2392,2392,0,Cn1cc(C(=O)Nc2cccc3c2C2CCC3C2=C(Cl)Cl)c(C(F)F)n1,Cn1cc(C(=O)Nc2cccc3c2C2CCC3C2=C(Cl)Cl)c(C(F)F)n1,Cn1cc(C(=O)Nc2cccc3c2C2CCC3C2=C(Cl)Cl)c(C(F)F)n1,C=C1C2CCC1c1c(NC(=O)c3cn[nH]c3)cccc12,murcko,train
2400,2400,0,C1=CC2CC1C1C3CCC(C3)C21,C1=CC2CC1C1C3CCC(C3)C21,C1=CC2CC1C1C3CCC(C3)C21,C1=CC2CC1C1C3CCC(C3)C21,murcko,train
2414,2414,0,CC(=O)CC(C)C,CC(=O)CC(C)C,CC(=O)CC(C)C,ACY_**(*)**(*)*,acyclic_anonymous_graph,test
2418,2418,0,CC(C)NC(C)C,CC(C)NC(C)C,CC(C)NC(C)C,ACY_**(*)**(*)*,acyclic_anonymous_graph,test
2420,2420,0,CC(=O)OC(C)C,CC(=O)OC(C)C,CC(=O)OC(C)C,ACY_**(*)**(*)*,acyclic_anonymous_graph,test
2426,2426,0,Cc1cccc(C)c1,Cc1cccc(C)c1,Cc1cccc(C)c1,c1ccccc1,murcko,train
2432,2432,0,Cc1cccc(C)n1,Cc1cccc(C)n1,Cc1cccc(C)n1,c1ccncc1,murcko,train
2434,2434,0,CC(=O)Oc1cccc(OC(C)=O)c1,CC(=O)Oc1cccc(OC(C)=O)c1,CC(=O)Oc1cccc(OC(C)=O)c1,c1ccccc1,murcko,train
2438,2438,0,CCOC(=O)CC(C)C,CCOC(=O)CC(C)C,CCOC(=O)CC(C)C,ACY_****(*)**(*)*,acyclic_anonymous_graph,train
2440,2440,0,Cc1cc(C)cc(C)c1,Cc1cc(C)cc(C)c1,Cc1cc(C)cc(C)c1,c1ccccc1,murcko,train
2445,2445,1,CN1CN(C)CN(C)C1,CN1CN(C)CN(C)C1,CN1CN(C)CN(C)C1,C1NCNCN1,murcko,test
2460,2460,0,CCCCc1ccc(Nc2ccc(Nc3ccc(CCCC)cc3)c3c2C(=O)c2c(Nc4ccc(CCCC)cc4)ccc(Nc4ccc(CCCC)cc4)c2C3=O)cc1,CCCCc1ccc(Nc2ccc(Nc3ccc(CCCC)cc3)c3c2C(=O)c2c(Nc4ccc(CCCC)cc4)ccc(Nc4ccc(CCCC)cc4)c2C3=O)cc1,CCCCc1ccc(Nc2ccc(Nc3ccc(CCCC)cc3)c3c2C(=O)c2c(Nc4ccc(CCCC)cc4)ccc(Nc4ccc(CCCC)cc4)c2C3=O)cc1,O=C1c2c(Nc3ccccc3)ccc(Nc3ccccc3)c2C(=O)c2c(Nc3ccccc3)ccc(Nc3ccccc3)c21,murcko,train
2464,2464,1,C=CCOC(=O)c1cccc(C(=O)OCC=C)c1,C=CCOC(=O)c1cccc(C(=O)OCC=C)c1,C=CCOC(=O)c1cccc(C(=O)OCC=C)c1,c1ccccc1,murcko,train
2467,2467,0,CN1CCNCC1,CN1CCNCC1,CN1CCNCC1,C1CNCCN1,murcko,train
2471,2471,0,C=C(C)C(=O)OCCOCCOCCOC(=O)C(=C)C,C=C(C)C(=O)OCCOCCOCCOC(=O)C(=C)C,C=C(C)C(=O)OCCOCCOCCOC(=O)C(=C)C,ACY_**(*)*(*)***********(*)*(*)*,acyclic_anonymous_graph,train
2478,2478,0,CCCCNC(=S)NCCCC,CCCCNC(=S)NCCCC,CCCCNC(=S)NCCCC,ACY_******(*)*****,acyclic_anonymous_graph,train
2480,2480,0,CN(C)CCCN,CN(C)CCCN,CN(C)CCCN,ACY_*****(*)*,acyclic_anonymous_graph,train
2482,2482,0,CCCOC(C)=O,CCCOC(C)=O,CCCOC(C)=O,ACY_*****(*)*,acyclic_anonymous_graph,train
2484,2484,0,CCOCC,CCOCC,CCOCC,ACY_*****,acyclic_anonymous_graph,test
2486,2486,0,CCCCC,CCCCC,CCCCC,ACY_*****,acyclic_anonymous_graph,test
2487,2487,0,C=CCCC,C=CCCC,C=CCCC,ACY_*****,acyclic_anonymous_graph,test
2490,2490,0,CCCC,CCCC,CCCC,ACY_****,acyclic_anonymous_graph,train
2495,2495,0,CO,CO,CO,ACY_**,acyclic_anonymous_graph,test
2500,2500,1,Cc1nc(CCl)nc2ccccc12,Cc1nc(CCl)nc2ccccc12,Cc1nc(CCl)nc2ccccc12,c1ccc2ncncc2c1,murcko,test
2522,2522,0,CC(=O)OCC(C)C,CC(=O)OCC(C)C,CC(=O)OCC(C)C,ACY_**(*)***(*)*,acyclic_anonymous_graph,train
2524,2524,0,CCCCCCCCCCCCCC(=O)OC(C)C,CCCCCCCCCCCCCC(=O)OC(C)C,CCCCCCCCCCCCCC(=O)OC(C)C,ACY_**************(*)**(*)*,acyclic_anonymous_graph,train
2530,2530,0,CCCCCCCCCC(C)C=O,CCCCCCCCCC(C)C=O,CCCCCCCCCC(C)C=O,ACY_**********(*)**,acyclic_anonymous_graph,train
2531,2531,0,CCCCCCCCCC(=O)OC,CCCCCCCCCC(=O)OC,CCCCCCCCCC(=O)OC,ACY_**********(*)**,acyclic_anonymous_graph,train
2533,2533,1,CC=CC=CC(=O)O,CC=CC=CC(=O)O,CC=CC=CC(=O)O,ACY_******(*)*,acyclic_anonymous_graph,train
2556,2556,0,CN(C)CCCN(C)C,CN(C)CCCN(C)C,CN(C)CCCN(C)C,ACY_**(*)****(*)*,acyclic_anonymous_graph,train
2560,2560,0,N#CCN(CC#N)CCCN(CC#N)CC#N,N#CCN(CC#N)CCCN(CC#N)CC#N,N#CCN(CC#N)CCCN(CC#N)CC#N,ACY_****(***)****(***)***,acyclic_anonymous_graph,train
2576,2576,0,CCO[Si](=O)O,CCO[Si](=O)O,CCO[Si](=O)O,ACY_****(*)*,acyclic_anonymous_graph,test
2579,2579,0,CCCCCCCC(=O)OC,CCCCCCCC(=O)OC,CCCCCCCC(=O)OC,ACY_********(*)**,acyclic_anonymous_graph,test
2582,2582,0,CCCCCCC(=O)O,CCCCCCC(=O)O,CCCCCCC(=O)O,ACY_*******(*)*,acyclic_anonymous_graph,train
2584,2584,0,CN(C)CCCCCCN(C)C,CN(C)CCCCCCN(C)C,CN(C)CCCCCCN(C)C,ACY_**(*)*******(*)*,acyclic_anonymous_graph,train
2589,2589,0,CCCCCCO,CCCCCCO,CCCCCCO,ACY_*******,acyclic_anonymous_graph,train
2590,2590,0,OCCCCCO,OCCCCCO,OCCCCCO,ACY_*******,acyclic_anonymous_graph,train
2596,2596,0,ClCCOCCCl,ClCCOCCCl,ClCCOCCCl,ACY_*******,acyclic_anonymous_graph,train
2599,2599,0,C1CCCNCC1,C1CCCNCC1,C1CCCNCC1,C1CCCNCC1,murcko,test
2601,2601,0,CCCCCCCCCCCCCCCCCC(=O)NCCO,CCCCCCCCCCCCCCCCCC(=O)NCCO,CCCCCCCCCCCCCCCCCC(=O)NCCO,ACY_******************(*)****,acyclic_anonymous_graph,train
2609,2609,0,CCCCCCCO,CCCCCCCO,CCCCCCCO,ACY_********,acyclic_anonymous_graph,train
2610,2610,0,CCCCCCC=O,CCCCCCC=O,CCCCCCC=O,ACY_********,acyclic_anonymous_graph,train
2614,2614,0,C1=CCCC=CCC1,C1=CCCC=CCC1,C1=CCCC=CCC1,C1=CCCC=CCC1,murcko,test
2616,2616,0,CCCCCCCCCCCC(=O)OC,CCCCCCCCCCCC(=O)OC,CCCCCCCCCCCC(=O)OC,ACY_************(*)**,acyclic_anonymous_graph,train
2620,2620,0,CCCCCCCCO,CCCCCCCCO,CCCCCCCCO,ACY_*********,acyclic_anonymous_graph,train
2640,2640,0,CCCCCCCC(=O)O,CCCCCCCC(=O)O,CCCCCCCC(=O)O,ACY_********(*)*,acyclic_anonymous_graph,train
2662,2662,0,NC(N)=NCCCC(N)C(=O)O,NC(N)=NCCCC(N)C(=O)O,NC(N)=NCCCC(N)C(=O)O,ACY_**(*)*****(*)*(*)*,acyclic_anonymous_graph,train
2669,2669,0,CCCCCCCCCCCCCCCC[N+](C)(C)C,CCCCCCCCCCCCCCCC[N+](C)(C)C,CCCCCCCCCCCCCCCC[N+](C)(C)C,ACY_*****************(*)(*)*,acyclic_anonymous_graph,train
2670,2670,0,CCCCCCCCC(=O)O,CCCCCCCCC(=O)O,CCCCCCCCC(=O)O,ACY_*********(*)*,acyclic_anonymous_graph,train
2672,2672,0,CCCCCCCCC=CCCCCCCCC(=O)OC(C)C,CCCCCCCCC=CCCCCCCCC(=O)OC(C)C,CCCCCCCCC=CCCCCCCCC(=O)OC(C)C,ACY_******************(*)**(*)*,acyclic_anonymous_graph,train
2673,2673,0,CCOCCOCCOC(C)=O,CCOCCOCCOC(C)=O,CCOCCOCCOC(C)=O,ACY_**********(*)*,acyclic_anonymous_graph,train
2679,2679,0,CCCCCCCCCCO,CCCCCCCCCCO,CCCCCCCCCCO,ACY_***********,acyclic_anonymous_graph,train
2685,2685,0,CCCCCCCCCCCCCCCC(=O)OC,CCCCCCCCCCCCCCCC(=O)OC,CCCCCCCCCCCCCCCC(=O)OC,ACY_****************(*)**,acyclic_anonymous_graph,train
2688,2688,0,OCCCCCCCCCCO,OCCCCCCCCCCO,OCCCCCCCCCCO,ACY_************,acyclic_anonymous_graph,train
2690,2690,0,CCOCCOCCOCCO,CCOCCOCCOCCO,CCOCCOCCOCCO,ACY_************,acyclic_anonymous_graph,train
2692,2692,0,CCCCCCCCCCCCO,CCCCCCCCCCCCO,CCCCCCCCCCCCO,ACY_*************,acyclic_anonymous_graph,train
2698,2698,0,CCCCCCCCCCCCCCCCCC(=O)OC,CCCCCCCCCCCCCCCCCC(=O)OC,CCCCCCCCCCCCCCCCCC(=O)OC,ACY_******************(*)**,acyclic_anonymous_graph,train
2701,2701,0,CCCCOCCOCCOCCCC,CCCCOCCOCCOCCCC,CCCCOCCOCCOCCCC,ACY_***************,acyclic_anonymous_graph,train
2709,2709,0,CCCCCCCCCCCCCCCCCCO,CCCCCCCCCCCCCCCCCCO,CCCCCCCCCCCCCCCCCCO,ACY_*******************,acyclic_anonymous_graph,train
2726,2726,0,CC(=O)c1ccc(C(=O)NCC(=O)NCC(F)(F)F)c2ccccc12,CC(=O)c1ccc(C(=O)NCC(=O)NCC(F)(F)F)c2ccccc12,CC(=O)c1ccc(C(=O)NCC(=O)NCC(F)(F)F)c2ccccc12,c1ccc2ccccc2c1,murcko,test
2727,2727,0,O=C(c1cc(Cl)cc(C(F)(F)F)c1)C(F)(F)F,O=C(c1cc(Cl)cc(C(F)(F)F)c1)C(F)(F)F,O=C(c1cc(Cl)cc(C(F)(F)F)c1)C(F)(F)F,c1ccccc1,murcko,train
2737,2737,0,O=S(=O)(O)CCCN1CCOCC1,O=S(=O)(O)CCCN1CCOCC1,O=S(=O)(O)CCCN1CCOCC1,C1COCCN1,murcko,train
2745,2745,0,CCCC(=O)OC1C=CC2C3CCC(C3)C12,CCCC(=O)OC1C=CC2C3CCC(C3)C12,CCCC(=O)OC1C=CC2C3CCC(C3)C12,C1=CC2C3CCC(C3)C2C1,murcko,train
2751,2751,0,O=C(c1ccccc1)c1ccc(O)c(O)c1O,O=C(c1ccccc1)c1ccc(O)c(O)c1O,O=C(c1ccccc1)c1ccc(O)c(O)c1O,O=C(c1ccccc1)c1ccccc1,murcko,train
2757,2757,0,CCCCCCCCCCCC(=O)NCCCN(C)C,CCCCCCCCCCCC(=O)NCCCN(C)C,CCCCCCCCCCCC(=O)NCCCN(C)C,ACY_************(*)*****(*)*,acyclic_anonymous_graph,train
2764,2764,0,COC,COC,COC,ACY_***,acyclic_anonymous_graph,train
2769,2769,1,O=C1OC(=O)C2C1C1(Cl)C(Cl)=C(Cl)C2(Cl)C1(Cl)Cl,O=C1OC(=O)C2C1C1(Cl)C(Cl)=C(Cl)C2(Cl)C1(Cl)Cl,O=C1OC(=O)C2C1C1(Cl)C(Cl)=C(Cl)C2(Cl)C1(Cl)Cl,O=C1OC(=O)C2C3C=CC(C3)C12,murcko,train
2778,2778,0,Cc1c(I)c(=O)[nH]c(=O)n1Cc1c(F)cccc1C(F)(F)F,Cc1c(I)c(=O)[nH]c(=O)n1Cc1c(F)cccc1C(F)(F)F,Cc1c(I)c(=O)[nH]c(=O)n1Cc1c(F)cccc1C(F)(F)F,O=c1ccn(Cc2ccccc2)c(=O)[nH]1,murcko,test
2781,2781,0,O=CNCC(O)C(O)C(O)C(=O)CO,O=CNCC(O)C(O)C(O)C(=O)CO,O=CNCC(O)C(O)C(O)C(=O)CO,ACY_*****(*)*(*)*(*)*(*)**,acyclic_anonymous_graph,test
2786,2786,0,c1ccc(CN2CCC(Nc3ccccc3)CC2)cc1,c1ccc(CN2CCC(Nc3ccccc3)CC2)cc1,c1ccc(CN2CCC(Nc3ccccc3)CC2)cc1,c1ccc(CN2CCC(Nc3ccccc3)CC2)cc1,murcko,train
2793,2793,0,CC(=O)CO,CC(=O)CO,CC(=O)CO,ACY_***(*)*,acyclic_anonymous_graph,train
2794,2794,0,FC(F)=C(F)C(F)(F)F,FC(F)=C(F)C(F)(F)F,FC(F)=C(F)C(F)(F)F,ACY_**(*)*(*)*(*)(*)*,acyclic_anonymous_graph,test
2795,2795,0,CC1=C(C=O)C(C)(C)CC=C1,CC1=C(C=O)C(C)(C)CC=C1,CC1=C(C=O)C(C)(C)CC=C1,C1=CCCC=C1,murcko,train
2797,2797,0,Cc1cc(C)c(Nc2ccc(Nc3c(C)cc(C)cc3C)c3c2C(=O)c2ccccc2C3=O)c(C)c1,Cc1cc(C)c(Nc2ccc(Nc3c(C)cc(C)cc3C)c3c2C(=O)c2ccccc2C3=O)c(C)c1,Cc1cc(C)c(Nc2ccc(Nc3c(C)cc(C)cc3C)c3c2C(=O)c2ccccc2C3=O)c(C)c1,O=C1c2ccccc2C(=O)c2c(Nc3ccccc3)ccc(Nc3ccccc3)c21,murcko,train
2808,2808,1,O=Cc1cc(O)c(O)c([N+](=O)[O-])c1,O=Cc1cc(O)c(O)c([N+](=O)[O-])c1,O=Cc1cc(O)c(O)c([N+](=O)[O-])c1,c1ccccc1,murcko,train
2819,2819,1,CCCC(C)=NO[Si](ON=C(C)CCC)(ON=C(C)CCC)c1ccccc1,CCCC(C)=NO[Si](ON=C(C)CCC)(ON=C(C)CCC)c1ccccc1,CCCC(C)=NO[Si](ON=C(C)CCC)(ON=C(C)CCC)c1ccccc1,c1ccccc1,murcko,train
2820,2820,1,CCCC(C)=NO[Si](ON=C(C)CCC)(ON=C(C)CCC)ON=C(C)CCC,CCCC(C)=NO[Si](ON=C(C)CCC)(ON=C(C)CCC)ON=C(C)CCC,CCCC(C)=NO[Si](ON=C(C)CCC)(ON=C(C)CCC)ON=C(C)CCC,ACY_****(*)***(***(*)***)(***(*)***)***(*)***,acyclic_anonymous_graph,train
2824,2824,1,CC(=O)C1=NOC(c2c(F)cccc2F)C1,CC(=O)C1=NOC(c2c(F)cccc2F)C1,CC(=O)C1=NOC(c2c(F)cccc2F)C1,C1=NOC(c2ccccc2)C1,murcko,test
2828,2828,0,COC=C(C(=O)OC)c1ccccc1CCl,COC=C(C(=O)OC)c1ccccc1CCl,COC=C(C(=O)OC)c1ccccc1CCl,c1ccccc1,murcko,train
2849,2849,0,CCCCCC1C(O)CCC1CC(=O)O,CCCCCC1C(O)CCC1CC(=O)O,CCCCCC1C(O)CCC1CC(=O)O,C1CCCC1,murcko,train
2875,2875,0,O=C(OCc1ccccc1)c1ccccc1O,O=C(OCc1ccccc1)c1ccccc1O,O=C(OCc1ccccc1)c1ccccc1O,O=C(OCc1ccccc1)c1ccccc1,murcko,train
2894,2894,0,CC(Oc1ccc(O)cc1)C(=O)O,CC(Oc1ccc(O)cc1)C(=O)O,CC(Oc1ccc(O)cc1)C(=O)O,c1ccccc1,murcko,train
2900,2900,0,Nc1c(N=Nc2ccc([N+](=O)[O-])cc2)c(S(=O)(=O)O)cc2cc(S(=O)(=O)O)c(N=Nc3ccc(NS(=O)(=O)c4ccc(N=Nc5ccc(O)cc5O)cc4)cc3)c(O)c12,Nc1c(N=Nc2ccc([N+](=O)[O-])cc2)c(S(=O)(=O)O)cc2cc(S(=O)(=O)O)c(N=Nc3ccc(NS(=O)(=O)c4ccc(N=Nc5ccc(O)cc5O)cc4)cc3)c(O)c12,Nc1c(N=Nc2ccc([N+](=O)[O-])cc2)c(S(=O)(=O)O)cc2cc(S(=O)(=O)O)c(N=Nc3ccc(NS(=O)(=O)c4ccc(N=Nc5ccc(O)cc5O)cc4)cc3)c(O)c12,O=S(=O)(Nc1ccc(N=Nc2ccc3ccc(N=Nc4ccccc4)cc3c2)cc1)c1ccc(N=Nc2ccccc2)cc1,murcko,train
2919,2919,0,C=C(C)C(=O)OCCC(C)OC(=O)C(=C)C,C=C(C)C(=O)OCCC(C)OC(=O)C(=C)C,C=C(C)C(=O)OCCC(C)OC(=O)C(=C)C,ACY_**(****(*)*(*)*)**(*)*(*)*,acyclic_anonymous_graph,train
2923,2923,0,FC(F)(F)c1cc(Cl)cc(I)c1,FC(F)(F)c1cc(Cl)cc(I)c1,FC(F)(F)c1cc(Cl)cc(I)c1,c1ccccc1,murcko,train
2939,2939,1,O=C(c1cc(Cl)c(F)c(Cl)c1)C(F)(F)F,O=C(c1cc(Cl)c(F)c(Cl)c1)C(F)(F)F,O=C(c1cc(Cl)c(F)c(Cl)c1)C(F)(F)F,c1ccccc1,murcko,train
2940,2940,0,O=C(O)C(F)(F)OC1(F)OC(F)(F)OC1(F)OC(F)(F)F,O=C(O)C(F)(F)OC1(F)OC(F)(F)OC1(F)OC(F)(F)F,O=C(O)C(F)(F)OC1(F)OC(F)(F)OC1(F)OC(F)(F)F,C1COCO1,murcko,train
2945,2945,1,CCCCN(C)C(=NC1CCCCC1)NC1CCCCC1,CCCCN(C)C(=NC1CCCCC1)NC1CCCCC1,CCCCN(C)C(=NC1CCCCC1)NC1CCCCC1,C(=NC1CCCCC1)NC1CCCCC1,murcko,train
2953,2953,0,CCC(Cc1ccccc1)(C(=O)c1ccc(N2CCOCC2)cc1)N(C)C,CCC(Cc1ccccc1)(C(=O)c1ccc(N2CCOCC2)cc1)N(C)C,CCC(Cc1ccccc1)(C(=O)c1ccc(N2CCOCC2)cc1)N(C)C,O=C(CCc1ccccc1)c1ccc(N2CCOCC2)cc1,murcko,train
2958,2958,1,CC1=CC(=O)N(Cc2cccc(CN3C(=O)C=C(C)C3=O)c2)C1=O,CC1=CC(=O)N(Cc2cccc(CN3C(=O)C=C(C)C3=O)c2)C1=O,CC1=CC(=O)N(Cc2cccc(CN3C(=O)C=C(C)C3=O)c2)C1=O,O=C1C=CC(=O)N1Cc1cccc(CN2C(=O)C=CC2=O)c1,murcko,train
2963,2963,1,CCO[Si](CCCNC(=O)OCCN(CC)c1ccc(N=O)cc1)(OCC)OCC,CCO[Si](CCCNC(=O)OCCN(CC)c1ccc(N=O)cc1)(OCC)OCC,CCO[Si](CCCNC(=O)OCCN(CC)c1ccc(N=O)cc1)(OCC)OCC,c1ccccc1,murcko,train
2977,2977,0,CCOC(=O)c1ccc(O)cc1,CCOC(=O)c1ccc(O)cc1,CCOC(=O)c1ccc(O)cc1,c1ccccc1,murcko,train
2979,2979,0,O=C(OCCOCCOC(=O)c1ccccc1)c1ccccc1,O=C(OCCOCCOC(=O)c1ccccc1)c1ccccc1,O=C(OCCOCCOC(=O)c1ccccc1)c1ccccc1,O=C(OCCOCCOC(=O)c1ccccc1)c1ccccc1,murcko,train
2987,2987,0,O=C1NCCN1,O=C1NCCN1,O=C1NCCN1,O=C1NCCN1,murcko,test
3007,3007,0,C[N+](C)(CCCNC=O)CC(=O)[O-],C[N+](C)(CCCNC=O)CC(=O)[O-],C[N+](C)(CCCNC=O)CC(=O)[O-],ACY_*******(*)(*)**(*)*,acyclic_anonymous_graph,train
3013,3013,0,[Fe+3],[Fe+3],[Fe+3],ACY_[*],acyclic_anonymous_graph,train
3017,3017,0,O,O,O,ACY_*,acyclic_anonymous_graph,test
3026,3026,0,[Ni+2],[Ni+2],[Ni+2],ACY_*,acyclic_anonymous_graph,test
3029,3029,0,[O]=[Ti]([OH])[OH],[O]=[Ti]([OH])[OH],O,ACY_**(*)*,acyclic_anonymous_graph,train
3039,3039,0,[Pr+3],[Pr+3],[Pr+3],ACY_*,acyclic_anonymous_graph,test
3041,3041,0,O=C(Cl)c1ccc2c(c1)C(=O)OC2=O,O=C(Cl)c1ccc2c(c1)C(=O)OC2=O,O=C(Cl)c1ccc2c(c1)C(=O)OC2=O,O=C1OC(=O)c2ccccc21,murcko,train
3050,3050,0,[Ti+4],[Ti+4],[Ti+4],ACY_*,acyclic_anonymous_graph,test
3051,3051,0,O=COCCOCCOC=O,O=COCCOCCOC=O,O=COCCOCCOC=O,ACY_***********,acyclic_anonymous_graph,train
3052,3052,0,[O]=[Sn]([OH])[OH],[O]=[Sn]([OH])[OH],O,ACY_**(*)*,acyclic_anonymous_graph,train
3056,3056,0,[Er+3],[Er+3],[Er+3],ACY_[*],acyclic_anonymous_graph,train
3058,3058,0,[Gd+3],[Gd+3],[Gd+3],ACY_[*],acyclic_anonymous_graph,train
3060,3060,0,[Zn+2],[Zn+2],[Zn+2],ACY_*,acyclic_anonymous_graph,test
3061,3061,0,B12B3B4B1C234,B12B3B4B1C234,B12B3B4B1C234,B12B3B4B1C234,murcko,train
3065,3065,0,O=c1[nH]c2ccccc2c(=O)n1CCO,O=c1[nH]c2ccccc2c(=O)n1CCO,O=c1[nH]c2ccccc2c(=O)n1CCO,O=c1[nH]c(=O)c2ccccc2[nH]1,murcko,train
3079,3079,0,CCOC(=O)C1OC1c1ccccc1,CCOC(=O)C1OC1c1ccccc1,CCOC(=O)C1OC1c1ccccc1,c1ccc(C2CO2)cc1,murcko,train
3096,3096,1,CCOc1cccc(F)c1F,CCOc1cccc(F)c1F,CCOc1cccc(F)c1F,c1ccccc1,murcko,train
3100,3100,1,N,N,N,ACY_*,acyclic_anonymous_graph,test
3102,3102,0,O=C(O)O,O=C(O)O,O=C(O)O,ACY_**(*)*,acyclic_anonymous_graph,train
3107,3107,0,O=C(NC(=O)c1c(F)cccc1F)Nc1cc(Cl)c(OC(F)(F)C(F)C(F)(F)F)c(Cl)c1F,O=C(NC(=O)c1c(F)cccc1F)Nc1cc(Cl)c(OC(F)(F)C(F)C(F)(F)F)c(Cl)c1F,O=C(NC(=O)c1c(F)cccc1F)Nc1cc(Cl)c(OC(F)(F)C(F)C(F)(F)F)c(Cl)c1F,O=C(NC(=O)c1ccccc1)Nc1ccccc1,murcko,train
3116,3116,0,COc1cc(-c2cc(OC)cc(C(C)(C)C)c2Op2oc3ccccc3c3ccccc3o2)c(Op2oc3ccccc3c3ccccc3o2)c(C(C)(C)C)c1,COc1cc(-c2cc(OC)cc(C(C)(C)C)c2Op2oc3ccccc3c3ccccc3o2)c(Op2oc3ccccc3c3ccccc3o2)c(C(C)(C)C)c1,COc1cc(-c2cc(OC)cc(C(C)(C)C)c2Op2oc3ccccc3c3ccccc3o2)c(Op2oc3ccccc3c3ccccc3o2)c(C(C)(C)C)c1,c1ccc(-c2ccccc2Op2oc3ccccc3c3ccccc3o2)c(Op2oc3ccccc3c3ccccc3o2)c1,murcko,train
3121,3121,1,O=[Si](O)O,O=[Si](O)O,O=[Si](O)O,ACY_**(*)*,acyclic_anonymous_graph,train
3124,3124,1,CC1(C)OC(c2ccco2)CN1C(=O)C(Cl)Cl,CC1(C)OC(c2ccco2)CN1C(=O)C(Cl)Cl,CC1(C)OC(c2ccco2)CN1C(=O)C(Cl)Cl,c1coc(C2CNCO2)c1,murcko,train
3135,3135,0,Fc1ccc2c(c1)CCC(C1CO1)O2,Fc1ccc2c(c1)CCC(C1CO1)O2,Fc1ccc2c(c1)CCC(C1CO1)O2,c1ccc2c(c1)CCC(C1CO1)O2,murcko,train
3149,3149,0,CCC(=O)OCc1ccccc1,CCC(=O)OCc1ccccc1,CCC(=O)OCc1ccccc1,c1ccccc1,murcko,train
3151,3151,0,O=CCc1ccccc1,O=CCc1ccccc1,O=CCc1ccccc1,c1ccccc1,murcko,train
3156,3156,0,OCCCc1ccccc1,OCCCc1ccccc1,OCCCc1ccccc1,c1ccccc1,murcko,train
3158,3158,0,OCCOc1ccccc1,OCCOc1ccccc1,OCCOc1ccccc1,c1ccccc1,murcko,train
3169,3169,0,COc1ccc(C(=O)Nc2ccccc2)cc1N=Nc1c(O)c(C(=O)Nc2ccc3[nH]c(=O)[nH]c3c2)cc2ccccc12,COc1ccc(C(=O)Nc2ccccc2)cc1N=Nc1c(O)c(C(=O)Nc2ccc3[nH]c(=O)[nH]c3c2)cc2ccccc12,COc1ccc(C(=O)Nc2ccccc2)cc1N=Nc1c(O)c(C(=O)Nc2ccc3[nH]c(=O)[nH]c3c2)cc2ccccc12,O=C(Nc1ccccc1)c1cccc(N=Nc2cc(C(=O)Nc3ccc4[nH]c(=O)[nH]c4c3)cc3ccccc23)c1,murcko,train
3170,3170,0,CNS(=O)(=O)c1cc(OC)c(N=Nc2c(O)c(C(=O)Nc3ccc4[nH]c(=O)[nH]c4c3)cc3ccccc23)cc1OC,CNS(=O)(=O)c1cc(OC)c(N=Nc2c(O)c(C(=O)Nc3ccc4[nH]c(=O)[nH]c4c3)cc3ccccc23)cc1OC,CNS(=O)(=O)c1cc(OC)c(N=Nc2c(O)c(C(=O)Nc3ccc4[nH]c(=O)[nH]c4c3)cc3ccccc23)cc1OC,O=C(Nc1ccc2[nH]c(=O)[nH]c2c1)c1cc(N=Nc2ccccc2)c2ccccc2c1,murcko,test
3171,3171,0,COc1cc(NC(=O)C(N=Nc2cc(OC)c(S(=O)(=O)Nc3ccccc3)cc2OC)C(C)=O)c(OC)cc1Cl,COc1cc(NC(=O)C(N=Nc2cc(OC)c(S(=O)(=O)Nc3ccccc3)cc2OC)C(C)=O)c(OC)cc1Cl,COc1cc(NC(=O)C(N=Nc2cc(OC)c(S(=O)(=O)Nc3ccccc3)cc2OC)C(C)=O)c(OC)cc1Cl,O=C(CN=Nc1ccc(S(=O)(=O)Nc2ccccc2)cc1)Nc1ccccc1,murcko,train
3179,3179,0,CCOC(=O)c1ccccc1-c1c2ccc(=[N+](CC)CC)cc-2oc2cc(N(CC)CC)ccc12,CCOC(=O)c1ccccc1-c1c2ccc(=[N+](CC)CC)cc-2oc2cc(N(CC)CC)ccc12,CCOC(=O)c1ccccc1-c1c2ccc(=[N+](CC)CC)cc-2oc2cc(N(CC)CC)ccc12,[N+]=c1ccc2c(-c3ccccc3)c3ccccc3oc-2c1,murcko,train
3205,3205,0,NCCCCC(N)C(=O)NC(CCCN)C(=O)NC(CCCCN)C(=O)O,NCCCCC(N)C(=O)NC(CCCN)C(=O)NC(CCCCN)C(=O)O,NCCCCC(N)C(=O)NC(CCCN)C(=O)NC(CCCCN)C(=O)O,ACY_******(*)*(*)**(****)*(*)**(*****)*(*)*,acyclic_anonymous_graph,test
3216,3216,0,CONC(C)Cc1c(Cl)cc(Cl)cc1Cl,CONC(C)Cc1c(Cl)cc(Cl)cc1Cl,CONC(C)Cc1c(Cl)cc(Cl)cc1Cl,c1ccccc1,murcko,train
3217,3217,0,CC(=O)Cc1c(Cl)cc(Cl)cc1Cl,CC(=O)Cc1c(Cl)cc(Cl)cc1Cl,CC(=O)Cc1c(Cl)cc(Cl)cc1Cl,c1ccccc1,murcko,train
3218,3218,0,CON=C(C)Cc1c(Cl)cc(Cl)cc1Cl,CON=C(C)Cc1c(Cl)cc(Cl)cc1Cl,CON=C(C)Cc1c(Cl)cc(Cl)cc1Cl,c1ccccc1,murcko,train
3221,3221,0,CC(=O)C(N=Nc1ccc(S(=O)(=O)O)cc1[N+](=O)[O-])C(=O)Nc1ccccc1,CC(=O)C(N=Nc1ccc(S(=O)(=O)O)cc1[N+](=O)[O-])C(=O)Nc1ccccc1,CC(=O)C(N=Nc1ccc(S(=O)(=O)O)cc1[N+](=O)[O-])C(=O)Nc1ccccc1,O=C(CN=Nc1ccccc1)Nc1ccccc1,murcko,train
3222,3222,0,CC(=O)C(N=Nc1ccc(S(=O)(=O)O)cc1[N+](=O)[O-])C(=O)Nc1ccccc1C,CC(=O)C(N=Nc1ccc(S(=O)(=O)O)cc1[N+](=O)[O-])C(=O)Nc1ccccc1C,CC(=O)C(N=Nc1ccc(S(=O)(=O)O)cc1[N+](=O)[O-])C(=O)Nc1ccccc1C,O=C(CN=Nc1ccccc1)Nc1ccccc1,murcko,train
3223,3223,0,CCCCCCCCNC(=O)Nc1ccc(Cc2ccc(NC(=O)NCCCCCCCC)cc2)cc1,CCCCCCCCNC(=O)Nc1ccc(Cc2ccc(NC(=O)NCCCCCCCC)cc2)cc1,CCCCCCCCNC(=O)Nc1ccc(Cc2ccc(NC(=O)NCCCCCCCC)cc2)cc1,c1ccc(Cc2ccccc2)cc1,murcko,train
3239,3239,0,CCOC(=O)CCC(=O)OCC,CCOC(=O)CCC(=O)OCC,CCOC(=O)CCC(=O)OCC,ACY_****(*)***(*)***,acyclic_anonymous_graph,train
3241,3241,0,CCCCCCCCCCCCOC(=O)CCSCCC(=O)OCCCCCCCCCCCC,CCCCCCCCCCCCOC(=O)CCSCCC(=O)OCCCCCCCCCCCC,CCCCCCCCCCCCOC(=O)CCSCCC(=O)OCCCCCCCCCCCC,ACY_**************(*)******(*)*************,acyclic_anonymous_graph,train
3250,3250,0,CC(C)CCO,CC(C)CCO,CC(C)CCO,ACY_****(*)*,acyclic_anonymous_graph,test
3255,3255,0,CCCCCC(=O)OCC,CCCCCC(=O)OCC,CCCCCC(=O)OCC,ACY_******(*)***,acyclic_anonymous_graph,train
3261,3261,0,O=C(CS)OCCOC(=O)CS,O=C(CS)OCCOC(=O)CS,O=C(CS)OCCOC(=O)CS,ACY_***(*)*****(*)**,acyclic_anonymous_graph,train
3264,3264,0,CC(=O)OCCC(C)C,CC(=O)OCCC(C)C,CC(=O)OCCC(C)C,ACY_**(*)****(*)*,acyclic_anonymous_graph,train
3265,3265,0,CCCCCCC(C)O,CCCCCCC(C)O,CCCCCCC(C)O,ACY_*******(*)*,acyclic_anonymous_graph,train
3273,3273,0,CC1=NNC(=O)N(N=Cc2cccnc2)C1,CC1=NNC(=O)N(N=Cc2cccnc2)C1,CC1=NNC(=O)N(N=Cc2cccnc2)C1,O=C1NN=CCN1N=Cc1cccnc1,murcko,train
3288,3288,0,O=C1c2ccccc2C(=O)c2c(NCCCOCCOCCO)ccc(NCCCOCCOCCO)c21,O=C1c2ccccc2C(=O)c2c(NCCCOCCOCCO)ccc(NCCCOCCOCCO)c21,O=C1c2ccccc2C(=O)c2c(NCCCOCCOCCO)ccc(NCCCOCCOCCO)c21,O=C1c2ccccc2C(=O)c2ccccc21,murcko,test
3294,3294,0,CCCCCCCCCCCCCC(=O)OC,CCCCCCCCCCCCCC(=O)OC,CCCCCCCCCCCCCC(=O)OC,ACY_**************(*)**,acyclic_anonymous_graph,train
3307,3307,0,C=C[Si](C)(Cl)Cl,C=C[Si](C)(Cl)Cl,C=C[Si](C)(Cl)Cl,ACY_***(*)(*)*,acyclic_anonymous_graph,train
3335,3335,0,C=CC(=O)OCCCCCCOc1ccc(C(=O)Oc2ccc(OC(=O)c3ccc(OCCCCCCOC(=O)C=C)cc3)c(C)c2)cc1,C=CC(=O)OCCCCCCOc1ccc(C(=O)Oc2ccc(OC(=O)c3ccc(OCCCCCCOC(=O)C=C)cc3)c(C)c2)cc1,C=CC(=O)OCCCCCCOc1ccc(C(=O)Oc2ccc(OC(=O)c3ccc(OCCCCCCOC(=O)C=C)cc3)c(C)c2)cc1,O=C(Oc1ccc(OC(=O)c2ccccc2)cc1)c1ccccc1,murcko,train
3351,3351,0,Cc1ccc(S(=O)(=O)n2cc(B3OC(C)(C)C(C)(C)O3)c3cc(F)cnc32)cc1,Cc1ccc(S(=O)(=O)n2cc(B3OC(C)(C)C(C)(C)O3)c3cc(F)cnc32)cc1,Cc1ccc(S(=O)(=O)n2cc(B3OC(C)(C)C(C)(C)O3)c3cc(F)cnc32)cc1,O=S(=O)(c1ccccc1)n1cc(B2OCCO2)c2cccnc21,murcko,train
3355,3355,0,CC(C)c1c(C(=O)Nc2ccccc2)c(-c2ccccc2)c(-c2ccc(F)cc2)n1CCC1CC(CC(=O)OC(C)(C)C)OC(C)(C)O1,CC(C)c1c(C(=O)Nc2ccccc2)c(-c2ccccc2)c(-c2ccc(F)cc2)n1CCC1CC(CC(=O)OC(C)(C)C)OC(C)(C)O1,CC(C)c1c(C(=O)Nc2ccccc2)c(-c2ccccc2)c(-c2ccc(F)cc2)n1CCC1CC(CC(=O)OC(C)(C)C)OC(C)(C)O1,O=C(Nc1ccccc1)c1cn(CCC2CCOCO2)c(-c2ccccc2)c1-c1ccccc1,murcko,train
3360,3360,0,O=S(=O)(O)CC(O)CCl,O=S(=O)(O)CC(O)CCl,O=S(=O)(O)CC(O)CCl,ACY_***(*)**(*)(*)*,acyclic_anonymous_graph,train
3365,3365,0,NCCO,NCCO,NCCO,ACY_****,acyclic_anonymous_graph,train
3377,3377,0,O[Si](O)(O)O,O[Si](O)(O)O,O[Si](O)(O)O,ACY_**(*)(*)*,acyclic_anonymous_graph,train
3381,3381,1,O=C1CCC(O)C2C3CCC(C3=C(Cl)Cl)C12,O=C1CCC(O)C2C3CCC(C3=C(Cl)Cl)C12,O=C1CCC(O)C2C3CCC(C3=C(Cl)Cl)C12,C=C1C2CCC1C1C(=O)CCCC21,murcko,train
3382,3382,0,FC(=CCl)C(F)F,FC(=CCl)C(F)F,FC(=CCl)C(F)F,ACY_***(*)*(*)*,acyclic_anonymous_graph,test
3384,3384,0,CCCCC(CC)COP(=O)(O)O,CCCCC(CC)COP(=O)(O)O,CCCCC(CC)COP(=O)(O)O,ACY_*****(**)***(*)(*)*,acyclic_anonymous_graph,test
3398,3398,0,CO[Si](OC)(C1CCCC1)C1CCCC1,CO[Si](OC)(C1CCCC1)C1CCCC1,CO[Si](OC)(C1CCCC1)C1CCCC1,C1CCC([SiH2]C2CCCC2)C1,murcko,train
3399,3399,0,CC(C)=NO,CC(C)=NO,CC(C)=NO,ACY_***(*)*,acyclic_anonymous_graph,train
3402,3402,0,CC(=O)N(C)C,CC(=O)N(C)C,CC(=O)N(C)C,ACY_**(*)*(*)*,acyclic_anonymous_graph,train
3404,3404,0,CC(C)COC(=O)CC(C(=O)OCC(C)C)S(=O)(=O)O,CC(C)COC(=O)CC(C(=O)OCC(C)C)S(=O)(=O)O,CC(C)COC(=O)CC(C(=O)OCC(C)C)S(=O)(=O)O,ACY_**(*)***(*)**(*(*)***(*)*)*(*)(*)*,acyclic_anonymous_graph,train
3408,3408,0,O=S(=O)(NCl)c1ccccc1,O=S(=O)(NCl)c1ccccc1,O=S(=O)(NCl)c1ccccc1,c1ccccc1,murcko,train
3414,3414,0,CC(C)(OCCN)OCCN,CC(C)(OCCN)OCCN,CC(C)(OCCN)OCCN,ACY_*****(*)(*)****,acyclic_anonymous_graph,train
3424,3424,1,C=CC(=O)OCC1CC2CC1C1CCCC21,C=CC(=O)OCC1CC2CC1C1CCCC21,C=CC(=O)OCC1CC2CC1C1CCCC21,C1CC2C3CCC(C3)C2C1,murcko,test
3432,3432,1,O=C1CCC(=O)N1Br,O=C1CCC(=O)N1Br,O=C1CCC(=O)N1Br,O=C1CCC(=O)N1,murcko,train
3438,3438,0,O=C1OC(=O)c2ccc3c4ccc5c6c(ccc(c7ccc1c2c73)c64)C(=O)OC5=O,O=C1OC(=O)c2ccc3c4ccc5c6c(ccc(c7ccc1c2c73)c64)C(=O)OC5=O,O=C1OC(=O)c2ccc3c4ccc5c6c(ccc(c7ccc1c2c73)c64)C(=O)OC5=O,O=C1OC(=O)c2ccc3c4ccc5c6c(ccc(c7ccc1c2c73)c64)C(=O)OC5=O,murcko,train
3443,3443,0,Cc1ccc(C2OC(COC(=O)C(C)(C)C)C(OC(=O)C(C)(C)C)C(OC(=O)C(C)(C)C)C2OC(=O)C(C)(C)C)cc1Cc1ccc(-c2ccc(F)cc2)s1,Cc1ccc(C2OC(COC(=O)C(C)(C)C)C(OC(=O)C(C)(C)C)C(OC(=O)C(C)(C)C)C2OC(=O)C(C)(C)C)cc1Cc1ccc(-c2ccc(F)cc2)s1,Cc1ccc(C2OC(COC(=O)C(C)(C)C)C(OC(=O)C(C)(C)C)C(OC(=O)C(C)(C)C)C2OC(=O)C(C)(C)C)cc1Cc1ccc(-c2ccc(F)cc2)s1,c1ccc(-c2ccc(Cc3cccc(C4CCCCO4)c3)s2)cc1,murcko,train
3446,3446,0,CCCCCCC(O)CCCCCCCCCCC(=O)NCc1cccc(CNC(=O)CCCCCCCCCCC(O)CCCCCC)c1,CCCCCCC(O)CCCCCCCCCCC(=O)NCc1cccc(CNC(=O)CCCCCCCCCCC(O)CCCCCC)c1,CCCCCCC(O)CCCCCCCCCCC(=O)NCc1cccc(CNC(=O)CCCCCCCCCCC(O)CCCCCC)c1,c1ccccc1,murcko,train
3455,3455,1,O=S(=O)(O)OCCS(=O)(=O)c1ccc(N=Nc2c(S(=O)(=O)O)cc3cc(Nc4nc(Cl)nc(Cl)n4)ccc3c2O)cc1,O=S(=O)(O)OCCS(=O)(=O)c1ccc(N=Nc2c(S(=O)(=O)O)cc3cc(Nc4nc(Cl)nc(Cl)n4)ccc3c2O)cc1,O=S(=O)(O)OCCS(=O)(=O)c1ccc(N=Nc2c(S(=O)(=O)O)cc3cc(Nc4nc(Cl)nc(Cl)n4)ccc3c2O)cc1,c1ccc(N=Nc2ccc3cc(Nc4ncncn4)ccc3c2)cc1,murcko,train
3471,3471,0,CC(C)c1nn(C(=O)NC(C)(C)C)c(=O)n1N,CC(C)c1nn(C(=O)NC(C)(C)C)c(=O)n1N,CC(C)c1nn(C(=O)NC(C)(C)C)c(=O)n1N,O=c1[nH]cn[nH]1,murcko,train
3475,3475,0,O=c1c2ccccc2c(=O)c2c1cc(Cl)c1[nH]c3c([nH]c12)c(Cl)cc1c(=O)c2ccccc2c(=O)c13,O=c1c2ccccc2c(=O)c2c1cc(Cl)c1[nH]c3c([nH]c12)c(Cl)cc1c(=O)c2ccccc2c(=O)c13,O=c1c2ccccc2c(=O)c2c1cc(Cl)c1[nH]c3c([nH]c12)c(Cl)cc1c(=O)c2ccccc2c(=O)c13,O=c1c2ccccc2c(=O)c2c1ccc1[nH]c3c(ccc4c(=O)c5ccccc5c(=O)c43)[nH]c12,murcko,train
3477,3477,0,Cc1ccc(S(=O)(=O)O)cc1C,Cc1ccc(S(=O)(=O)O)cc1C,Cc1ccc(S(=O)(=O)O)cc1C,c1ccccc1,murcko,train
3483,3483,0,O=C(O)C(O)C(O)C(O)C(O)C(O)CO,O=C(O)C(O)C(O)C(O)C(O)C(O)CO,O=C(O)C(O)C(O)C(O)C(O)C(O)CO,ACY_***(*)*(*)*(*)*(*)*(*)*(*)*,acyclic_anonymous_graph,train
3507,3507,0,C=CC(=O)OCCCCCCOC(=O)C=C,C=CC(=O)OCCCCCCOC(=O)C=C,C=CC(=O)OCCCCCCOC(=O)C=C,ACY_***(*)*********(*)**,acyclic_anonymous_graph,train
3510,3510,0,[O]=[Ca],[O]=[Ca],[Ca+2],ACY_**,acyclic_anonymous_graph,test
3511,3511,0,O=P(Oc1ccccc1)(Oc1ccccc1)OC1COC2C(OP(=O)(Oc3ccccc3)Oc3ccccc3)COC12,O=P(Oc1ccccc1)(Oc1ccccc1)OC1COC2C(OP(=O)(Oc3ccccc3)Oc3ccccc3)COC12,O=P(Oc1ccccc1)(Oc1ccccc1)OC1COC2C(OP(=O)(Oc3ccccc3)Oc3ccccc3)COC12,O=P(Oc1ccccc1)(Oc1ccccc1)OC1COC2C(OP(=O)(Oc3ccccc3)Oc3ccccc3)COC12,murcko,train
3521,3521,0,N#Cc1nn(-c2c(Cl)cc(C(F)(F)F)cc2Cl)c(N)c1SSc1c(C#N)nn(-c2c(Cl)cc(C(F)(F)F)cc2Cl)c1N,N#Cc1nn(-c2c(Cl)cc(C(F)(F)F)cc2Cl)c(N)c1SSc1c(C#N)nn(-c2c(Cl)cc(C(F)(F)F)cc2Cl)c1N,N#Cc1nn(-c2c(Cl)cc(C(F)(F)F)cc2Cl)c(N)c1SSc1c(C#N)nn(-c2c(Cl)cc(C(F)(F)F)cc2Cl)c1N,c1ccc(-n2cc(SSc3cnn(-c4ccccc4)c3)cn2)cc1,murcko,train
3522,3522,0,CC1OC(=O)C(C)OC1=O,CC1OC(=O)C(C)OC1=O,CC1OC(=O)C(C)OC1=O,O=C1COC(=O)CO1,murcko,train
3523,3523,0,CCCC=C(C#N)c1ccccc1,CCCC=C(C#N)c1ccccc1,CCCC=C(C#N)c1ccccc1,c1ccccc1,murcko,train
3536,3536,0,O=C(C=Cc1ccc2c(c1)OCO2)N(c1ccccc1)c1ccccc1,O=C(C=Cc1ccc2c(c1)OCO2)N(c1ccccc1)c1ccccc1,O=C(C=Cc1ccc2c(c1)OCO2)N(c1ccccc1)c1ccccc1,O=C(C=Cc1ccc2c(c1)OCO2)N(c1ccccc1)c1ccccc1,murcko,train
3547,3547,0,[O]=[Ge]=[O],[O]=[Ge]=[O],[O]=[Ge]=[O],ACY_***,acyclic_anonymous_graph,train
3553,3553,0,NCC(=O)NC(CCC(N)=O)C(=O)O,NCC(=O)NC(CCC(N)=O)C(=O)O,NCC(=O)NC(CCC(N)=O)C(=O)O,ACY_***(*)**(***(*)*)*(*)*,acyclic_anonymous_graph,train
3563,3563,0,[O]=[Mn]=[O],[O]=[Mn]=[O],[Mn+4],ACY_***,acyclic_anonymous_graph,train
3577,3577,0,[Ta+5],[Ta+5],[Ta+5],ACY_*,acyclic_anonymous_graph,test
3583,3583,0,CC1C(C)(C)C2=C(c3ncncc3CC2)C1(C)C,CC1C(C)(C)C2=C(c3ncncc3CC2)C1(C)C,CC1C(C)(C)C2=C(c3ncncc3CC2)C1(C)C,c1ncc2c(n1)C1=C(CCC1)CC2,murcko,train
3597,3597,0,[O]=[Ti]=[O],[O]=[Ti]=[O],[Ti+4],ACY_***,acyclic_anonymous_graph,train
3607,3607,0,CC1(c2ccc(Oc3ccccc3)cc2)OC(=O)N(Nc2ccccc2)C1=O,CC1(c2ccc(Oc3ccccc3)cc2)OC(=O)N(Nc2ccccc2)C1=O,CC1(c2ccc(Oc3ccccc3)cc2)OC(=O)N(Nc2ccccc2)C1=O,O=C1OC(c2ccc(Oc3ccccc3)cc2)C(=O)N1Nc1ccccc1,murcko,train
3610,3610,0,C=CC(=O)OCC1COC(C)(C)O1,C=CC(=O)OCC1COC(C)(C)O1,C=CC(=O)OCC1COC(C)(C)O1,C1COCO1,murcko,train
3617,3617,0,CC1(C)SC2C(NC(=O)COc3ccccc3)C(=O)N2C1C(=O)O,CC1(C)SC2C(NC(=O)COc3ccccc3)C(=O)N2C1C(=O)O,CC1(C)SC2C(NC(=O)COc3ccccc3)C(=O)N2C1C(=O)O,O=C(COc1ccccc1)NC1C(=O)N2CCSC12,murcko,train
3624,3624,0,CC(C)c1cc2ccccc2c(S(=O)(=O)O)c1C(C)C,CC(C)c1cc2ccccc2c(S(=O)(=O)O)c1C(C)C,CC(C)c1cc2ccccc2c(S(=O)(=O)O)c1C(C)C,c1ccc2ccccc2c1,murcko,test
3635,3635,0,CCN=C1C=CC(=C(c2ccc(N(CC)CC)cc2)c2ccc(N(CC)CC)cc2)c2ccccc21,CCN=C1C=CC(=C(c2ccc(N(CC)CC)cc2)c2ccc(N(CC)CC)cc2)c2ccccc21,CCN=C1C=CC(=C(c2ccc(N(CC)CC)cc2)c2ccc(N(CC)CC)cc2)c2ccccc21,N=C1C=CC(=C(c2ccccc2)c2ccccc2)c2ccccc21,murcko,test
3639,3639,0,COC(=O)Oc1ccc(C)cc1OC,COC(=O)Oc1ccc(C)cc1OC,COC(=O)Oc1ccc(C)cc1OC,c1ccccc1,murcko,train
3648,3648,0,Clc1cc2c3nc4nc(nc5[nH]c(nc6nc(nc([nH]3)c2c(Cl)c1Cl)-c1c(Cl)c(Cl)c(Cl)c(Cl)c1-6)c1c(Cl)c(Cl)c(Cl)c(Cl)c51)-c1c(Cl)c(Cl)c(Cl)c(Cl)c1-4,Clc1cc2c3nc4nc(nc5[nH]c(nc6nc(nc([nH]3)c2c(Cl)c1Cl)-c1c(Cl)c(Cl)c(Cl)c(Cl)c1-6)c1c(Cl)c(Cl)c(Cl)c(Cl)c51)-c1c(Cl)c(Cl)c(Cl)c(Cl)c1-4,Clc1cc2c3nc4nc(nc5[nH]c(nc6nc(nc([nH]3)c2c(Cl)c1Cl)-c1c(Cl)c(Cl)c(Cl)c(Cl)c1-6)c1c(Cl)c(Cl)c(Cl)c(Cl)c51)-c1c(Cl)c(Cl)c(Cl)c(Cl)c1-4,c1ccc2c(c1)-c1nc-2nc2[nH]c(nc3nc(nc4[nH]c(n1)c1ccccc41)-c1ccccc1-3)c1ccccc21,murcko,train
3649,3649,0,Nc1ccc([N+](=O)[O-])c(C(=O)O)c1,Nc1ccc([N+](=O)[O-])c(C(=O)O)c1,Nc1ccc([N+](=O)[O-])c(C(=O)O)c1,c1ccccc1,murcko,train
3650,3650,0,CCCCCCCCCCCCCCCCCC(=O)NCCCN(C)C,CCCCCCCCCCCCCCCCCC(=O)NCCCN(C)C,CCCCCCCCCCCCCCCCCC(=O)NCCCN(C)C,ACY_******************(*)*****(*)*,acyclic_anonymous_graph,train
3659,3659,0,O=C1C2CC=CCC2C(=O)N1SC(Cl)(Cl)Cl,O=C1C2CC=CCC2C(=O)N1SC(Cl)(Cl)Cl,O=C1C2CC=CCC2C(=O)N1SC(Cl)(Cl)Cl,O=C1NC(=O)C2CC=CCC12,murcko,test
3666,3666,0,C=CC(=O)NCc1ccccc1,C=CC(=O)NCc1ccccc1,C=CC(=O)NCc1ccccc1,c1ccccc1,murcko,train
3670,3670,0,OB(O)O,OB(O)O,OB(O)O,ACY_**(*)*,acyclic_anonymous_graph,train
3673,3673,0,Oc1ccccc1Cc1ccccc1O,Oc1ccccc1Cc1ccccc1O,Oc1ccccc1Cc1ccccc1O,c1ccc(Cc2ccccc2)cc1,murcko,train
3674,3674,1,[O]=[Cr](=[O])=[O],[O]=[Cr](=[O])=[O],[Cr+6],ACY_**(*)*,acyclic_anonymous_graph,train
3678,3678,0,Cc1ccc(NC(=O)Nc2ccc(Cc3ccc(NC(=O)Nc4ccc(C)cc4)cc3)cc2)cc1,Cc1ccc(NC(=O)Nc2ccc(Cc3ccc(NC(=O)Nc4ccc(C)cc4)cc3)cc2)cc1,Cc1ccc(NC(=O)Nc2ccc(Cc3ccc(NC(=O)Nc4ccc(C)cc4)cc3)cc2)cc1,O=C(Nc1ccccc1)Nc1ccc(Cc2ccc(NC(=O)Nc3ccccc3)cc2)cc1,murcko,train
3680,3680,0,Cc1cccc(S(=O)(=O)O)c1N=Nc1c(N)nc(N)[nH]c1=O,Cc1cccc(S(=O)(=O)O)c1N=Nc1c(N)nc(N)[nH]c1=O,Cc1cccc(S(=O)(=O)O)c1N=Nc1c(N)nc(N)[nH]c1=O,O=c1[nH]cncc1N=Nc1ccccc1,murcko,train
3686,3686,0,CC(C)OC(=O)C(C)NP(=O)(Oc1ccccc1)Oc1c(F)c(F)c(F)c(F)c1F,CC(C)OC(=O)C(C)NP(=O)(Oc1ccccc1)Oc1c(F)c(F)c(F)c(F)c1F,CC(C)OC(=O)C(C)NP(=O)(Oc1ccccc1)Oc1c(F)c(F)c(F)c(F)c1F,O=[PH](Oc1ccccc1)Oc1ccccc1,murcko,train
3689,3689,0,CC(C)(CO)Cc1ccccc1,CC(C)(CO)Cc1ccccc1,CC(C)(CO)Cc1ccccc1,c1ccccc1,murcko,train
3706,3706,0,CC(C)CP(=S)(S)CC(C)C,CC(C)CP(=S)(S)CC(C)C,CC(C)CP(=S)(S)CC(C)C,ACY_**(*)**(*)(*)**(*)*,acyclic_anonymous_graph,train
3716,3716,0,CCCCCCCCCCCC(=O)OCC(O)C1OCC(O)C1O,CCCCCCCCCCCC(=O)OCC(O)C1OCC(O)C1O,CCCCCCCCCCCC(=O)OCC(O)C1OCC(O)C1O,C1CCOC1,murcko,test
3717,3717,0,CCCCCCCCCCCCCCCCCC(=O)OCC(O)C1OCC(O)C1O,CCCCCCCCCCCCCCCCCC(=O)OCC(O)C1OCC(O)C1O,CCCCCCCCCCCCCCCCCC(=O)OCC(O)C1OCC(O)C1O,C1CCOC1,murcko,test
3718,3718,0,Fc1ccc(C2(Cn3cncn3)OC2c2ccccc2Cl)cc1,Fc1ccc(C2(Cn3cncn3)OC2c2ccccc2Cl)cc1,Fc1ccc(C2(Cn3cncn3)OC2c2ccccc2Cl)cc1,c1ccc(C2OC2(Cn2cncn2)c2ccccc2)cc1,murcko,train
3723,3723,0,O=C1OC(C(O)CO)C(O)=C1O,O=C1OC(C(O)CO)C(O)=C1O,O=C1OC(C(O)CO)C(O)=C1O,O=C1C=CCO1,murcko,test
3729,3729,0,O=C(c1ccccc1)c1ccc(Cl)cc1,O=C(c1ccccc1)c1ccc(Cl)cc1,O=C(c1ccccc1)c1ccc(Cl)cc1,O=C(c1ccccc1)c1ccccc1,murcko,train
3732,3732,0,C=CC(=O)OCCCCCCCCCCCCCCCC,C=CC(=O)OCCCCCCCCCCCCCCCC,C=CC(=O)OCCCCCCCCCCCCCCCC,ACY_******************(*)**,acyclic_anonymous_graph,train
3736,3736,1,O=[Se](=O)(O)O,O=[Se](=O)(O)O,O=[Se](=O)(O)O,ACY_**(*)(*)*,acyclic_anonymous_graph,train
3740,3740,0,CC(=O)OCC(C)(C)COC(C)=O,CC(=O)OCC(C)(C)COC(C)=O,CC(=O)OCC(C)(C)COC(C)=O,ACY_**(*)***(*)(*)***(*)*,acyclic_anonymous_graph,train
3743,3743,0,S,S,S,ACY_*,acyclic_anonymous_graph,test
3745,3745,1,[Al+3],[Al+3],[Al+3],ACY_*,acyclic_anonymous_graph,test
3749,3749,0,[O]=[Mo](=[O])([OH])[OH],[O]=[Mo](=[O])([OH])[OH],O,ACY_**(*)(*)*,acyclic_anonymous_graph,train
3751,3751,1,[S]=[Sb][S][Sb]=[S],[S]=[Sb][S][Sb]=[S],[S]=[Sb][S][Sb]=[S],ACY_*****,acyclic_anonymous_graph,test
3758,3758,0,C=CCOC(=O)C(C)(C)OC(=O)c1cc(-n2c(=O)cc(C(F)(F)F)n(C)c2=O)ccc1Cl,C=CCOC(=O)C(C)(C)OC(=O)c1cc(-n2c(=O)cc(C(F)(F)F)n(C)c2=O)ccc1Cl,C=CCOC(=O)C(C)(C)OC(=O)c1cc(-n2c(=O)cc(C(F)(F)F)n(C)c2=O)ccc1Cl,O=c1cc[nH]c(=O)n1-c1ccccc1,murcko,train
3765,3765,0,C=C(C)C(=O)O[Si](C(C)C)(C(C)C)C(C)C,C=C(C)C(=O)O[Si](C(C)C)(C(C)C)C(C)C,C=C(C)C(=O)O[Si](C(C)C)(C(C)C)C(C)C,ACY_**(*)*(*)**(*(*)*)(*(*)*)*(*)*,acyclic_anonymous_graph,train
3767,3767,0,CCCCCCCCCCCCCCC(C)c1cc(C)cc(C)c1O,CCCCCCCCCCCCCCC(C)c1cc(C)cc(C)c1O,CCCCCCCCCCCCCCC(C)c1cc(C)cc(C)c1O,c1ccccc1,murcko,train
3768,3768,0,CCC(C)(C#N)N=NC(C)(C#N)CC,CCC(C)(C#N)N=NC(C)(C#N)CC,CCC(C)(C#N)N=NC(C)(C#N)CC,ACY_***(*)(**)***(*)(**)**,acyclic_anonymous_graph,train
3770,3770,0,O=C1Oc2cc3c(cc2=C1c1ccccc1)OC(=O)C=3c1ccc(OCC2CCCO2)cc1,O=C1Oc2cc3c(cc2=C1c1ccccc1)OC(=O)C=3c1ccc(OCC2CCCO2)cc1,O=C1Oc2cc3c(cc2=C1c1ccccc1)OC(=O)C=3c1ccc(OCC2CCCO2)cc1,O=C1Oc2cc3c(cc2=C1c1ccccc1)OC(=O)C=3c1ccc(OCC2CCCO2)cc1,murcko,test
3774,3774,0,C=Cn1cc[n+](C)c1,C=Cn1cc[n+](C)c1,C=Cn1cc[n+](C)c1,c1c[nH+]c[nH]1,murcko,test
3780,3780,0,CCCCCCCCCCCCCCCCCC(=O)NCCCN(C)CCCNC(=O)CCCCCCCCCCCCCCCCC,CCCCCCCCCCCCCCCCCC(=O)NCCCN(C)CCCNC(=O)CCCCCCCCCCCCCCCCC,CCCCCCCCCCCCCCCCCC(=O)NCCCN(C)CCCNC(=O)CCCCCCCCCCCCCCCCC,ACY_******************(*)*****(*)*****(*)*****************,acyclic_anonymous_graph,train
3795,3795,0,COc1ccccc1NC(=O)C(N=Nc1ccc(Cl)cc1[N+](=O)[O-])C(C)=O,COc1ccccc1NC(=O)C(N=Nc1ccc(Cl)cc1[N+](=O)[O-])C(C)=O,COc1ccccc1NC(=O)C(N=Nc1ccc(Cl)cc1[N+](=O)[O-])C(C)=O,O=C(CN=Nc1ccccc1)Nc1ccccc1,murcko,train
3796,3796,0,Nc1nc(N)nc(N)n1,Nc1nc(N)nc(N)n1,Nc1nc(N)nc(N)n1,c1ncncn1,murcko,train
3797,3797,0,C=CCCC(=O)CC1CC2CCC1C2,C=CCCC(=O)CC1CC2CCC1C2,C=CCCC(=O)CC1CC2CCC1C2,C1CC2CCC1C2,murcko,train
3805,3805,0,C=C(C)C(=O)OCCOCCCC,C=C(C)C(=O)OCCOCCCC,C=C(C)C(=O)OCCOCCCC,ACY_*********(*)*(*)*,acyclic_anonymous_graph,train
3817,3817,0,CCOC(=O)C1=NN(c2ccc(Cl)cc2Cl)C(C)(C(=O)OCC)C1,CCOC(=O)C1=NN(c2ccc(Cl)cc2Cl)C(C)(C(=O)OCC)C1,CCOC(=O)C1=NN(c2ccc(Cl)cc2Cl)C(C)(C(=O)OCC)C1,C1=NN(c2ccccc2)CC1,murcko,train
3818,3818,0,ClC1=C(Cl)C2(Cl)C3CCC4C(CCC3C1(Cl)C2(Cl)Cl)C1(Cl)C(Cl)=C(Cl)C4(Cl)C1(Cl)Cl,ClC1=C(Cl)C2(Cl)C3CCC4C(CCC3C1(Cl)C2(Cl)Cl)C1(Cl)C(Cl)=C(Cl)C4(Cl)C1(Cl)Cl,ClC1=C(Cl)C2(Cl)C3CCC4C(CCC3C1(Cl)C2(Cl)Cl)C1(Cl)C(Cl)=C(Cl)C4(Cl)C1(Cl)Cl,C1=CC2CC1C1CCC3C4C=CC(C4)C3CCC21,murcko,train
3826,3826,0,Cc1ccc(C2OC3COC(c4ccc(C)c(C)c4)OC3C(C(O)CO)O2)cc1C,Cc1ccc(C2OC3COC(c4ccc(C)c(C)c4)OC3C(C(O)CO)O2)cc1C,Cc1ccc(C2OC3COC(c4ccc(C)c(C)c4)OC3C(C(O)CO)O2)cc1C,c1ccc(C2OCC3OC(c4ccccc4)OCC3O2)cc1,murcko,train
3828,3828,0,CC(C)(c1ccc(O)cc1)c1cccc(C(C)(C)c2ccc(O)cc2)c1,CC(C)(c1ccc(O)cc1)c1cccc(C(C)(C)c2ccc(O)cc2)c1,CC(C)(c1ccc(O)cc1)c1cccc(C(C)(C)c2ccc(O)cc2)c1,c1ccc(Cc2cccc(Cc3ccccc3)c2)cc1,murcko,train
3840,3840,0,CCCCC(CC)C(=O)O,CCCCC(CC)C(=O)O,CCCCC(CC)C(=O)O,ACY_*****(**)*(*)*,acyclic_anonymous_graph,train
3853,3853,1,C=CC(=O)OCCN=C=O,C=CC(=O)OCCN=C=O,C=CC(=O)OCCN=C=O,ACY_*******(*)**,acyclic_anonymous_graph,train
3865,3865,0,CCOC(=O)Nc1cccc(OC(=O)Nc2ccccc2)c1,CCOC(=O)Nc1cccc(OC(=O)Nc2ccccc2)c1,CCOC(=O)Nc1cccc(OC(=O)Nc2ccccc2)c1,O=C(Nc1ccccc1)Oc1ccccc1,murcko,train
3868,3868,0,ON=C1CCCC2=C1C1CCC2C1=C(Cl)Cl,ON=C1CCCC2=C1C1CCC2C1=C(Cl)Cl,ON=C1CCCC2=C1C1CCC2C1=C(Cl)Cl,C=C1C2CCC1C1=C2CCCC1=N,murcko,train
3871,3871,0,CCOC(=O)C(C)CC(Cc1ccc(-c2ccccc2)cc1)NC(=O)CCC(=O)O,CCOC(=O)C(C)CC(Cc1ccc(-c2ccccc2)cc1)NC(=O)CCC(=O)O,CCOC(=O)C(C)CC(Cc1ccc(-c2ccccc2)cc1)NC(=O)CCC(=O)O,c1ccc(-c2ccccc2)cc1,murcko,train
3874,3874,0,C=C(C#N)C(=O)OC,C=C(C#N)C(=O)OC,C=C(C#N)C(=O)OC,ACY_***(*)*(*)**,acyclic_anonymous_graph,test
3875,3875,0,CCCCCCCCCCCC(=O)N(C)CC(=O)O,CCCCCCCCCCCC(=O)N(C)CC(=O)O,CCCCCCCCCCCC(=O)N(C)CC(=O)O,ACY_************(*)*(*)**(*)*,acyclic_anonymous_graph,train
3877,3877,0,CCC(C)CO,CCC(C)CO,CCC(C)CO,ACY_***(*)**,acyclic_anonymous_graph,train
3891,3891,0,[F][La]([F])[F],[F][La]([F])[F],[F][La]([F])[F],ACY_**(*)*,acyclic_anonymous_graph,train
3892,3892,0,[F][Nd]([F])[F],[F][Nd]([F])[F],[F][Nd]([F])[F],ACY_**(*)*,acyclic_anonymous_graph,train
3896,3896,0,CCc1nc[nH]c(=O)c1F,CCc1nc[nH]c(=O)c1F,CCc1nc[nH]c(=O)c1F,O=c1ccnc[nH]1,murcko,train
3905,3905,0,Cc1ccc(OCC(=O)N(Cc2cccs2)c2ccn[nH]2)cc1,Cc1ccc(OCC(=O)N(Cc2cccs2)c2ccn[nH]2)cc1,Cc1ccc(OCC(=O)N(Cc2cccs2)c2ccn[nH]2)cc1,O=C(COc1ccccc1)N(Cc1cccs1)c1ccn[nH]1,murcko,test
3907,3907,0,C=C(C)C(=O)NC(C)C,C=C(C)C(=O)NC(C)C,C=C(C)C(=O)NC(C)C,ACY_**(*)**(*)*(*)*,acyclic_anonymous_graph,train
3917,3917,0,NS(=O)(=O)O,NS(=O)(=O)O,NS(=O)(=O)O,ACY_**(*)(*)*,acyclic_anonymous_graph,train
3926,3926,0,CC(C)C1CC=C(CCC=O)CC1,CC(C)C1CC=C(CCC=O)CC1,CC(C)C1CC=C(CCC=O)CC1,C1=CCCCC1,murcko,test
3935,3935,1,C=CN1CCN(C=C)C1=O,C=CN1CCN(C=C)C1=O,C=CN1CCN(C=C)C1=O,O=C1NCCN1,murcko,test
3937,3937,0,F[B-](F)(F)F,F[B-](F)(F)F,F[B-](F)(F)F,ACY_**(*)(*)*,acyclic_anonymous_graph,train
3943,3943,0,O=[N+]([O-])N=C1NCCN1Cc1ccc(Cl)nc1,O=[N+]([O-])N=C1NCCN1Cc1ccc(Cl)nc1,O=[N+]([O-])N=C1NCCN1Cc1ccc(Cl)nc1,N=C1NCCN1Cc1cccnc1,murcko,test
3950,3950,0,O=P(O)(O)OP(=O)(O)OP(=O)(O)O,O=P(O)(O)OP(=O)(O)OP(=O)(O)O,O=P(O)(O)OP(=O)(O)OP(=O)(O)O,ACY_**(*)(*)**(*)(*)**(*)(*)*,acyclic_anonymous_graph,train
3951,3951,0,C=CCOC(=O)C1CCCCC1C(=O)OCC=C,C=CCOC(=O)C1CCCCC1C(=O)OCC=C,C=CCOC(=O)C1CCCCC1C(=O)OCC=C,C1CCCCC1,murcko,train
3957,3957,1,[F][Al-]([F])([F])[F],[F][Al-]([F])([F])[F],[Al+3],ACY_**(*)(*)*,acyclic_anonymous_graph,train
3959,3959,0,CN(CCO)c1nc(Nc2ccccc2)nc(Nc2ccc(C=Cc3ccc(Nc4nc(Nc5ccccc5)nc(N(C)CCO)n4)cc3S(=O)(=O)O)c(S(=O)(=O)O)c2)n1,CN(CCO)c1nc(Nc2ccccc2)nc(Nc2ccc(C=Cc3ccc(Nc4nc(Nc5ccccc5)nc(N(C)CCO)n4)cc3S(=O)(=O)O)c(S(=O)(=O)O)c2)n1,CN(CCO)c1nc(Nc2ccccc2)nc(Nc2ccc(C=Cc3ccc(Nc4nc(Nc5ccccc5)nc(N(C)CCO)n4)cc3S(=O)(=O)O)c(S(=O)(=O)O)c2)n1,C(=Cc1ccc(Nc2ncnc(Nc3ccccc3)n2)cc1)c1ccc(Nc2ncnc(Nc3ccccc3)n2)cc1,murcko,train
3964,3964,0,CC(C)(C)c1cc(-c2cc(C(C)(C)C)cc(C(C)(C)C)c2Op2oc3ccccc3c3ccccc3o2)c(Op2oc3ccccc3c3ccccc3o2)c(C(C)(C)C)c1,CC(C)(C)c1cc(-c2cc(C(C)(C)C)cc(C(C)(C)C)c2Op2oc3ccccc3c3ccccc3o2)c(Op2oc3ccccc3c3ccccc3o2)c(C(C)(C)C)c1,CC(C)(C)c1cc(-c2cc(C(C)(C)C)cc(C(C)(C)C)c2Op2oc3ccccc3c3ccccc3o2)c(Op2oc3ccccc3c3ccccc3o2)c(C(C)(C)C)c1,c1ccc(-c2ccccc2Op2oc3ccccc3c3ccccc3o2)c(Op2oc3ccccc3c3ccccc3o2)c1,murcko,train
3968,3968,0,CCCCCCCCCCCC[N+](C)(C)Cc1ccccc1,CCCCCCCCCCCC[N+](C)(C)Cc1ccccc1,CCCCCCCCCCCC[N+](C)(C)Cc1ccccc1,c1ccccc1,murcko,train
3969,3969,0,CCCCCCCCCCCCCC[N+](C)(C)Cc1ccccc1,CCCCCCCCCCCCCC[N+](C)(C)Cc1ccccc1,CCCCCCCCCCCCCC[N+](C)(C)Cc1ccccc1,c1ccccc1,murcko,train
3982,3982,0,CCCCN(CCCC)C(=S)S,CCCCN(CCCC)C(=S)S,CCCCN(CCCC)C(=S)S,ACY_*****(****)*(*)*,acyclic_anonymous_graph,train
3997,3997,0,CCC(C)N,CCC(C)N,CCC(C)N,ACY_***(*)*,acyclic_anonymous_graph,train
4018,4018,0,CCOC(=S)S,CCOC(=S)S,CCOC(=S)S,ACY_****(*)*,acyclic_anonymous_graph,test
4039,4039,0,CCCCCCCCCCOc1ccc(C(c2ccccc2)(c2ccccc2)c2ccccc2)cc1C(C)CC,CCCCCCCCCCOc1ccc(C(c2ccccc2)(c2ccccc2)c2ccccc2)cc1C(C)CC,CCCCCCCCCCOc1ccc(C(c2ccccc2)(c2ccccc2)c2ccccc2)cc1C(C)CC,c1ccc(C(c2ccccc2)(c2ccccc2)c2ccccc2)cc1,murcko,train
4047,4047,0,COc1cc(-c2cc(OC)cc(C(C)(C)C)c2O)c(O)c(C(C)(C)C)c1,COc1cc(-c2cc(OC)cc(C(C)(C)C)c2O)c(O)c(C(C)(C)C)c1,COc1cc(-c2cc(OC)cc(C(C)(C)C)c2O)c(O)c(C(C)(C)C)c1,c1ccc(-c2ccccc2)cc1,murcko,train
4055,4055,0,CC(=O)OCC=C(C)CCC=C(C)C,CC(=O)OCC=C(C)CCC=C(C)C,CC(=O)OCC=C(C)CCC=C(C)C,ACY_**(*)****(*)****(*)*,acyclic_anonymous_graph,train
4058,4058,0,CCCCOCCOCCOC(=O)CCCCC(=O)OCCOCCOCCCC,CCCCOCCOCCOC(=O)CCCCC(=O)OCCOCCOCCCC,CCCCOCCOCCOC(=O)CCCCC(=O)OCCOCCOCCCC,ACY_************(*)*****(*)***********,acyclic_anonymous_graph,train
4066,4066,0,C[Si](C)(C)O[Si](C)(C)O[Si](C)(C)O[Si](C)(C)O[Si](C)(C)C,C[Si](C)(C)O[Si](C)(C)O[Si](C)(C)O[Si](C)(C)O[Si](C)(C)C,C[Si](C)(C)O[Si](C)(C)O[Si](C)(C)O[Si](C)(C)O[Si](C)(C)C,ACY_**(*)(*)**(*)(*)**(*)(*)**(*)(*)**(*)(*)*,acyclic_anonymous_graph,train
4073,4073,0,CCNC(=S)OC(C)C,CCNC(=S)OC(C)C,CCNC(=S)OC(C)C,ACY_****(*)**(*)*,acyclic_anonymous_graph,train
4074,4074,0,[O]=[V](=[O])[OH],[O]=[V](=[O])[OH],O,ACY_**(*)*,acyclic_anonymous_graph,train
4083,4083,0,CCCCCCCCCCCCNCCC(=O)O,CCCCCCCCCCCCNCCC(=O)O,CCCCCCCCCCCCNCCC(=O)O,ACY_****************(*)*,acyclic_anonymous_graph,train
4086,4086,0,CCC(=O)OCC(C)(C)OC(C)C1CCCC(C)(C)C1,CCC(=O)OCC(C)(C)OC(C)C1CCCC(C)(C)C1,CCC(=O)OCC(C)(C)OC(C)C1CCCC(C)(C)C1,C1CCCCC1,murcko,train
4093,4093,0,CCOCCOC(=O)C(C#N)=C1C=C(NCCCOC)CCC1,CCOCCOC(=O)C(C#N)=C1C=C(NCCCOC)CCC1,CCOCCOC(=O)C(C#N)=C1C=C(NCCCOC)CCC1,C=C1C=CCCC1,murcko,test
4094,4094,0,CC(=O)[O][Al][O]C(C)=O,CC(=O)[O][Al][O]C(C)=O,CC(=O)O,ACY_**(*)*[*]**(*)*,acyclic_anonymous_graph,train
4097,4097,0,CCCCCCCCC=CCCCCCCCC(=O)O,CCCCCCCCC=CCCCCCCCC(=O)O,CCCCCCCCC=CCCCCCCCC(=O)O,ACY_******************(*)*,acyclic_anonymous_graph,test
4098,4098,0,CCCCCCCCCCCC(=O)OCC(O)CO,CCCCCCCCCCCC(=O)OCC(O)CO,CCCCCCCCCCCC(=O)OCC(O)CO,ACY_************(*)***(*)**,acyclic_anonymous_graph,train
4100,4100,0,C=CCOC(=O)OCCOCCOC(=O)OCC=C,C=CCOC(=O)OCCOCCOC(=O)OCC=C,C=CCOC(=O)OCCOCCOC(=O)OCC=C,ACY_*****(*)********(*)****,acyclic_anonymous_graph,train
4102,4102,1,ClCCCCl,ClCCCCl,ClCCCCl,ACY_*****,acyclic_anonymous_graph,test
4107,4107,0,CCCCCC(=O)O,CCCCCC(=O)O,CCCCCC(=O)O,ACY_******(*)*,acyclic_anonymous_graph,train
4117,4117,0,CCCCOCCCC,CCCCOCCCC,CCCCOCCCC,ACY_*********,acyclic_anonymous_graph,train
4147,4147,0,NCCCCCCNC(=O)O,NCCCCCCNC(=O)O,NCCCCCCNC(=O)O,ACY_*********(*)*,acyclic_anonymous_graph,train
4152,4152,0,CCCCOCCOCCOCCO,CCCCOCCOCCOCCO,CCCCOCCOCCOCCO,ACY_**************,acyclic_anonymous_graph,train
4159,4159,0,Clc1c(Cl)c(Br)c2c(c1Cl)-c1nc-2nc2[nH]c(nc3nc(nc4[nH]c(n1)c1c(Cl)c(Br)c(Cl)c(Br)c41)-c1c(Cl)c(Cl)c(Br)c(Cl)c1-3)c1c(Br)c(Cl)c(Br)c(Cl)c21,Clc1c(Cl)c(Br)c2c(c1Cl)-c1nc-2nc2[nH]c(nc3nc(nc4[nH]c(n1)c1c(Cl)c(Br)c(Cl)c(Br)c41)-c1c(Cl)c(Cl)c(Br)c(Cl)c1-3)c1c(Br)c(Cl)c(Br)c(Cl)c21,Clc1c(Cl)c(Br)c2c(c1Cl)-c1nc-2nc2[nH]c(nc3nc(nc4[nH]c(n1)c1c(Cl)c(Br)c(Cl)c(Br)c41)-c1c(Cl)c(Cl)c(Br)c(Cl)c1-3)c1c(Br)c(Cl)c(Br)c(Cl)c21,c1ccc2c(c1)-c1nc-2nc2[nH]c(nc3nc(nc4[nH]c(n1)c1ccccc41)-c1ccccc1-3)c1ccccc21,murcko,train
4171,4171,0,CCCCOC(=O)CSCSCC(=O)OCCCC,CCCCOC(=O)CSCSCC(=O)OCCCC,CCCCOC(=O)CSCSCC(=O)OCCCC,ACY_******(*)******(*)*****,acyclic_anonymous_graph,train
4194,4194,0,CCCCCCCCCCCCCCCCCCNC(=O)CCc1cc(C(C)(C)C)c(O)c(C(C)(C)C)c1,CCCCCCCCCCCCCCCCCCNC(=O)CCc1cc(C(C)(C)C)c(O)c(C(C)(C)C)c1,CCCCCCCCCCCCCCCCCCNC(=O)CCc1cc(C(C)(C)C)c(O)c(C(C)(C)C)c1,c1ccccc1,murcko,train
4195,4195,0,CCCCC(CC)COC(=O)CCc1cc(C(C)(C)C)c(O)c(C(C)(C)C)c1,CCCCC(CC)COC(=O)CCc1cc(C(C)(C)C)c(O)c(C(C)(C)C)c1,CCCCC(CC)COC(=O)CCc1cc(C(C)(C)C)c(O)c(C(C)(C)C)c1,c1ccccc1,murcko,train
4196,4196,0,COc1ccc(OC(=O)c2ccc(OCCCCC3CO3)cc2)cc1,COc1ccc(OC(=O)c2ccc(OCCCCC3CO3)cc2)cc1,COc1ccc(OC(=O)c2ccc(OCCCCC3CO3)cc2)cc1,O=C(Oc1ccccc1)c1ccc(OCCCCC2CO2)cc1,murcko,test
4203,4203,0,CCCc1nc2c(C)cc(-c3nc4ccccc4n3C)cc2n1Cc1ccc(-c2ccccc2C#N)cc1,CCCc1nc2c(C)cc(-c3nc4ccccc4n3C)cc2n1Cc1ccc(-c2ccccc2C#N)cc1,CCCc1nc2c(C)cc(-c3nc4ccccc4n3C)cc2n1Cc1ccc(-c2ccccc2C#N)cc1,c1ccc(-c2ccc(Cn3cnc4ccc(-c5nc6ccccc6[nH]5)cc43)cc2)cc1,murcko,train
4211,4211,0,CC(=CC1CCCCC1)CC(C)C=O,CC(=CC1CCCCC1)CC(C)C=O,CC(=CC1CCCCC1)CC(C)C=O,C1CCCCC1,murcko,train
4226,4226,0,CC(C)(CO)C1OCC2(CO1)COC(C(C)(C)CO)OC2,CC(C)(CO)C1OCC2(CO1)COC(C(C)(C)CO)OC2,CC(C)(CO)C1OCC2(CO1)COC(C(C)(C)CO)OC2,C1OCC2(CO1)COCOC2,murcko,train
4228,4228,0,CCOP(Oc1c(C)cc(C(C)(C)C)cc1C(C)(C)C)Oc1c(C)cc(C(C)(C)C)cc1C(C)(C)C,CCOP(Oc1c(C)cc(C(C)(C)C)cc1C(C)(C)C)Oc1c(C)cc(C(C)(C)C)cc1C(C)(C)C,CCOP(Oc1c(C)cc(C(C)(C)C)cc1C(C)(C)C)Oc1c(C)cc(C(C)(C)C)cc1C(C)(C)C,c1ccc(OPOc2ccccc2)cc1,murcko,test
4230,4230,0,CCCCCCCCCCCCNc1nc(Cl)nc(Nc2ccc3c(O)c(N=Nc4ccc(N=Nc5ccc(S(=O)(=O)O)cc5)cc4)c(S(=O)(=O)O)cc3c2)n1,CCCCCCCCCCCCNc1nc(Cl)nc(Nc2ccc3c(O)c(N=Nc4ccc(N=Nc5ccc(S(=O)(=O)O)cc5)cc4)c(S(=O)(=O)O)cc3c2)n1,CCCCCCCCCCCCNc1nc(Cl)nc(Nc2ccc3c(O)c(N=Nc4ccc(N=Nc5ccc(S(=O)(=O)O)cc5)cc4)c(S(=O)(=O)O)cc3c2)n1,c1ccc(N=Nc2ccc(N=Nc3ccc4cc(Nc5ncncn5)ccc4c3)cc2)cc1,murcko,train
4232,4232,1,CCCSc1nc(Cl)c([N+](=O)[O-])c(Cl)n1,CCCSc1nc(Cl)c([N+](=O)[O-])c(Cl)n1,CCCSc1nc(Cl)c([N+](=O)[O-])c(Cl)n1,c1cncnc1,murcko,test
4275,4275,0,COC(=O)CCCCCCCCCCCCCCCCC(=O)OC,COC(=O)CCCCCCCCCCCCCCCCC(=O)OC,COC(=O)CCCCCCCCCCCCCCCCC(=O)OC,ACY_***(*)*****************(*)**,acyclic_anonymous_graph,train
4278,4278,0,CCC(COCC(F)(F)C(F)(F)F)OC(=O)CC(C(=O)OC(CC)COCC(F)(F)C(F)(F)F)C(C(=O)OC(CC)COCC(F)(F)C(F)(F)F)S(=O)(=O)O,CCC(COCC(F)(F)C(F)(F)F)OC(=O)CC(C(=O)OC(CC)COCC(F)(F)C(F)(F)F)C(C(=O)OC(CC)COCC(F)(F)C(F)(F)F)S(=O)(=O)O,CCC(COCC(F)(F)C(F)(F)F)OC(=O)CC(C(=O)OC(CC)COCC(F)(F)C(F)(F)F)C(C(=O)OC(CC)COCC(F)(F)C(F)(F)F)S(=O)(=O)O,ACY_***(****(*)(*)*(*)(*)*)**(*)**(*(*)**(**)****(*)(*)*(*)(*)*)*(*(*)**(**)****(*)(*)*(*)(*)*)*(*)(*)*,acyclic_anonymous_graph,test
4282,4282,0,CCC(=O)N(c1ccccc1)C1CCN(Cc2ccccc2)CC1,CCC(=O)N(c1ccccc1)C1CCN(Cc2ccccc2)CC1,CCC(=O)N(c1ccccc1)C1CCN(Cc2ccccc2)CC1,c1ccc(CN2CCC(Nc3ccccc3)CC2)cc1,murcko,train
4300,4300,0,CCC(C)C1CCCCC1=O,CCC(C)C1CCCCC1=O,CCC(C)C1CCCCC1=O,O=C1CCCCC1,murcko,test
4302,4302,0,NCc1cccc(CN)c1,NCc1cccc(CN)c1,NCc1cccc(CN)c1,c1ccccc1,murcko,train
4307,4307,1,Oc1ccc(C(c2ccc(O)cc2)(C(F)(F)F)C(F)(F)F)cc1,Oc1ccc(C(c2ccc(O)cc2)(C(F)(F)F)C(F)(F)F)cc1,Oc1ccc(C(c2ccc(O)cc2)(C(F)(F)F)C(F)(F)F)cc1,c1ccc(Cc2ccccc2)cc1,murcko,train
4318,4318,0,CCO[Si](CCCS)(OCC)OCC,CCO[Si](CCCS)(OCC)OCC,CCO[Si](CCCS)(OCC)OCC,ACY_*****(***)(***)***,acyclic_anonymous_graph,train
4323,4323,0,CCC(C)(C)C(=O)OC1=C(c2ccc(Cl)cc2Cl)C(=O)OC12CCCCC2,CCC(C)(C)C(=O)OC1=C(c2ccc(Cl)cc2Cl)C(=O)OC12CCCCC2,CCC(C)(C)C(=O)OC1=C(c2ccc(Cl)cc2Cl)C(=O)OC12CCCCC2,O=C1OC2(C=C1c1ccccc1)CCCCC2,murcko,test
4328,4328,0,CCCCC(CC)COC(=O)OCC(CC)CCCC,CCCCC(CC)COC(=O)OCC(CC)CCCC,CCCCC(CC)COC(=O)OCC(CC)CCCC,ACY_*****(**)***(*)***(**)****,acyclic_anonymous_graph,test
4343,4343,0,O=C1CCC(C(=O)O)N1,O=C1CCC(C(=O)O)N1,O=C1CCC(C(=O)O)N1,O=C1CCCN1,murcko,train
4351,4351,0,CCCCCCCCCCCCN(CCC(=O)O)CCC(=O)O,CCCCCCCCCCCCN(CCC(=O)O)CCC(=O)O,CCCCCCCCCCCCN(CCC(=O)O)CCC(=O)O,ACY_*************(***(*)*)***(*)*,acyclic_anonymous_graph,train
4352,4352,0,SCCOCCOCCS,SCCOCCOCCS,SCCOCCOCCS,ACY_**********,acyclic_anonymous_graph,train
4353,4353,0,CCCCCCOC1CCC(C)(C)O1,CCCCCCOC1CCC(C)(C)O1,CCCCCCOC1CCC(C)(C)O1,C1CCOC1,murcko,test
4361,4361,0,COc1ccc(O)cc1,COc1ccc(O)cc1,COc1ccc(O)cc1,c1ccccc1,murcko,train
4365,4365,1,Nc1cc(Cl)nc(C(=O)O)c1Cl,Nc1cc(Cl)nc(C(=O)O)c1Cl,Nc1cc(Cl)nc(C(=O)O)c1Cl,c1ccncc1,murcko,train
4368,4368,0,CC(=O)c1cc2c(cc1C)C(C)(C)C(C)CC2(C)C,CC(=O)c1cc2c(cc1C)C(C)(C)C(C)CC2(C)C,CC(=O)c1cc2c(cc1C)C(C)(C)C(C)CC2(C)C,c1ccc2c(c1)CCCC2,murcko,train
4384,4384,0,C=C(Br)C(F)(F)F,C=C(Br)C(F)(F)F,C=C(Br)C(F)(F)F,ACY_**(*)*(*)(*)*,acyclic_anonymous_graph,train
4385,4385,0,CC(C=O)=Cc1ccccc1,CC(C=O)=Cc1ccccc1,CC(C=O)=Cc1ccccc1,c1ccccc1,murcko,train
4391,4391,0,COC(=O)C(=O)c1ccccc1,COC(=O)C(=O)c1ccccc1,COC(=O)C(=O)c1ccccc1,c1ccccc1,murcko,train
4395,4395,0,O=C1CCC=CCCC=CCCC1,O=C1CCC=CCCC=CCCC1,O=C1CCC=CCCC=CCCC1,O=C1CCC=CCCC=CCCC1,murcko,train
4398,4398,0,CCO[Si](CCl)(OCC)OCC,CCO[Si](CCl)(OCC)OCC,CCO[Si](CCl)(OCC)OCC,ACY_****(**)(***)***,acyclic_anonymous_graph,train
4401,4401,1,FC1CC(F)(F)C(F)(F)C1(F)F,FC1CC(F)(F)C(F)(F)C1(F)F,FC1CC(F)(F)C(F)(F)C1(F)F,C1CCCC1,murcko,train
4402,4402,0,CC[P+](c1ccccc1)(c1ccccc1)c1ccccc1,CC[P+](c1ccccc1)(c1ccccc1)c1ccccc1,CC[P+](c1ccccc1)(c1ccccc1)c1ccccc1,c1ccc([PH+](c2ccccc2)c2ccccc2)cc1,murcko,train
4405,4405,0,CC(=O)c1cc2c(cc1C)C(C)(C)C(C)C2(C)C,CC(=O)c1cc2c(cc1C)C(C)(C)C(C)C2(C)C,CC(=O)c1cc2c(cc1C)C(C)(C)C(C)C2(C)C,c1ccc2c(c1)CCC2,murcko,test
4411,4411,0,CN1COCN=C1N[N+](=O)[O-],CN1COCN=C1N[N+](=O)[O-],CN1COCN=C1N[N+](=O)[O-],C1=NCOCN1,murcko,train
4429,4429,0,CCCCC(CC)COC(=O)c1ccc(Nc2nc(Nc3ccc(C(=O)NC(C)(C)C)cc3)nc(Nc3ccc(C(=O)OCC(CC)CCCC)cc3)n2)cc1,CCCCC(CC)COC(=O)c1ccc(Nc2nc(Nc3ccc(C(=O)NC(C)(C)C)cc3)nc(Nc3ccc(C(=O)OCC(CC)CCCC)cc3)n2)cc1,CCCCC(CC)COC(=O)c1ccc(Nc2nc(Nc3ccc(C(=O)NC(C)(C)C)cc3)nc(Nc3ccc(C(=O)OCC(CC)CCCC)cc3)n2)cc1,c1ccc(Nc2nc(Nc3ccccc3)nc(Nc3ccccc3)n2)cc1,murcko,train
4432,4432,0,COC(=O)C(C)(C)c1ccc(Br)cc1,COC(=O)C(C)(C)c1ccc(Br)cc1,COC(=O)C(C)(C)c1ccc(Br)cc1,c1ccccc1,murcko,train
4434,4434,0,CC(C)(c1ccccc1)c1ccc(OP2OCC3(CO2)COP(Oc2ccc(C(C)(C)c4ccccc4)cc2C(C)(C)c2ccccc2)OC3)c(C(C)(C)c2ccccc2)c1,CC(C)(c1ccccc1)c1ccc(OP2OCC3(CO2)COP(Oc2ccc(C(C)(C)c4ccccc4)cc2C(C)(C)c2ccccc2)OC3)c(C(C)(C)c2ccccc2)c1,CC(C)(c1ccccc1)c1ccc(OP2OCC3(CO2)COP(Oc2ccc(C(C)(C)c4ccccc4)cc2C(C)(C)c2ccccc2)OC3)c(C(C)(C)c2ccccc2)c1,c1ccc(Cc2ccc(OP3OCC4(CO3)COP(Oc3ccc(Cc5ccccc5)cc3Cc3ccccc3)OC4)c(Cc3ccccc3)c2)cc1,murcko,test
4437,4437,0,CC(=O)OCC(F)F,CC(=O)OCC(F)F,CC(=O)OCC(F)F,ACY_**(*)***(*)*,acyclic_anonymous_graph,train
4439,4439,0,O=C(c1ccc(O)cc1)c1ccc(C(=O)c2ccc(O)cc2)cc1,O=C(c1ccc(O)cc1)c1ccc(C(=O)c2ccc(O)cc2)cc1,O=C(c1ccc(O)cc1)c1ccc(C(=O)c2ccc(O)cc2)cc1,O=C(c1ccccc1)c1ccc(C(=O)c2ccccc2)cc1,murcko,train
4452,4452,1,CCN(c1ccccc1)c1nc(Cl)nc(Nc2cc(S(=O)(=O)O)cc3cc(S(=O)(=O)O)c(N=Nc4cc(NC(=O)C(Br)CBr)ccc4S(=O)(=O)O)c(O)c23)n1,CCN(c1ccccc1)c1nc(Cl)nc(Nc2cc(S(=O)(=O)O)cc3cc(S(=O)(=O)O)c(N=Nc4cc(NC(=O)C(Br)CBr)ccc4S(=O)(=O)O)c(O)c23)n1,CCN(c1ccccc1)c1nc(Cl)nc(Nc2cc(S(=O)(=O)O)cc3cc(S(=O)(=O)O)c(N=Nc4cc(NC(=O)C(Br)CBr)ccc4S(=O)(=O)O)c(O)c23)n1,c1ccc(N=Nc2ccc3cccc(Nc4ncnc(Nc5ccccc5)n4)c3c2)cc1,murcko,train
4455,4455,0,Cc1cc(CC(C)C[Si](C)(O[Si](C)(C)C)O[Si](C)(C)C)c(O)c(-n2nc3ccccc3n2)c1,Cc1cc(CC(C)C[Si](C)(O[Si](C)(C)C)O[Si](C)(C)C)c(O)c(-n2nc3ccccc3n2)c1,Cc1cc(CC(C)C[Si](C)(O[Si](C)(C)C)O[Si](C)(C)C)c(O)c(-n2nc3ccccc3n2)c1,c1ccc(-n2nc3ccccc3n2)cc1,murcko,train
4466,4466,0,NCCCO,NCCCO,NCCCO,ACY_*****,acyclic_anonymous_graph,test
4469,4469,0,C=C(C)CS(=O)(=O)O,C=C(C)CS(=O)(=O)O,C=C(C)CS(=O)(=O)O,ACY_**(*)**(*)(*)*,acyclic_anonymous_graph,train
4471,4471,0,C=C[Si](ON=C(C)CC(C)C)(ON=C(C)CC(C)C)ON=C(C)CC(C)C,C=C[Si](ON=C(C)CC(C)C)(ON=C(C)CC(C)C)ON=C(C)CC(C)C,C=C[Si](ON=C(C)CC(C)C)(ON=C(C)CC(C)C)ON=C(C)CC(C)C,ACY_***(***(*)**(*)*)(***(*)**(*)*)***(*)**(*)*,acyclic_anonymous_graph,train
4474,4474,1,C=CC(=O)OCC(CC)(COC(=O)C=C)COC(=O)C=C,C=CC(=O)OCC(CC)(COC(=O)C=C)COC(=O)C=C,C=CC(=O)OCC(CC)(COC(=O)C=C)COC(=O)C=C,ACY_***(*)***(**)(***(*)**)***(*)**,acyclic_anonymous_graph,test
4479,4479,0,COC1CC(C)CCC1C(C)C,COC1CC(C)CCC1C(C)C,COC1CC(C)CCC1C(C)C,C1CCCCC1,murcko,train
4484,4484,0,CCC(C)(C)OOC1(OOC(C)(C)CC)CCCCC1,CCC(C)(C)OOC1(OOC(C)(C)CC)CCCCC1,CCC(C)(C)OOC1(OOC(C)(C)CC)CCCCC1,C1CCCCC1,murcko,train
4488,4488,0,CCCOCC(C)O,CCCOCC(C)O,CCCOCC(C)O,ACY_******(*)*,acyclic_anonymous_graph,train
4501,4501,0,CCCc1ccc(-c2ccc(OCC)c(F)c2F)cc1,CCCc1ccc(-c2ccc(OCC)c(F)c2F)cc1,CCCc1ccc(-c2ccc(OCC)c(F)c2F)cc1,c1ccc(-c2ccccc2)cc1,murcko,train
4506,4506,0,CCCCCC1CCCC1O,CCCCCC1CCCC1O,CCCCCC1CCCC1O,C1CCCC1,murcko,train
4513,4513,0,CC(C)c1ccc(S(=O)(=O)O)cc1,CC(C)c1ccc(S(=O)(=O)O)cc1,CC(C)c1ccc(S(=O)(=O)O)cc1,c1ccccc1,murcko,train
4521,4521,0,CC1=NN(c2ccc(C)cc2)C(=O)C1N=Nc1ccc(-c2ccc(N=NC3C(=O)N(c4ccc(C)cc4)N=C3C)c(Cl)c2)cc1Cl,CC1=NN(c2ccc(C)cc2)C(=O)C1N=Nc1ccc(-c2ccc(N=NC3C(=O)N(c4ccc(C)cc4)N=C3C)c(Cl)c2)cc1Cl,CC1=NN(c2ccc(C)cc2)C(=O)C1N=Nc1ccc(-c2ccc(N=NC3C(=O)N(c4ccc(C)cc4)N=C3C)c(Cl)c2)cc1Cl,O=C1C(N=Nc2ccc(-c3ccc(N=NC4C=NN(c5ccccc5)C4=O)cc3)cc2)C=NN1c1ccccc1,murcko,train
4527,4527,0,CCCCC(=O)OCC(COC(=O)CCCC)(COC(=O)CCCC)COC(=O)CCCC,CCCCC(=O)OCC(COC(=O)CCCC)(COC(=O)CCCC)COC(=O)CCCC,CCCCC(=O)OCC(COC(=O)CCCC)(COC(=O)CCCC)COC(=O)CCCC,ACY_*****(*)***(***(*)****)(***(*)****)***(*)****,acyclic_anonymous_graph,train
4535,4535,0,CCCCCCCOC(=O)CCC(=O)OCCCCCCC,CCCCCCCOC(=O)CCC(=O)OCCCCCCC,CCCCCCCOC(=O)CCC(=O)OCCCCCCC,ACY_*********(*)***(*)********,acyclic_anonymous_graph,test
4537,4537,0,CN(C)CCCN1CN(CCCN(C)C)CN(CCCN(C)C)C1,CN(C)CCCN1CN(CCCN(C)C)CN(CCCN(C)C)C1,CN(C)CCCN1CN(CCCN(C)C)CN(CCCN(C)C)C1,C1NCNCN1,murcko,test
4544,4544,0,COc1cc(N=Nc2c(Cl)cc([N+](=O)[O-])cc2[N+](=O)[O-])c(NC(C)=O)cc1NCCC(=O)OCC(=O)OCc1ccccc1,COc1cc(N=Nc2c(Cl)cc([N+](=O)[O-])cc2[N+](=O)[O-])c(NC(C)=O)cc1NCCC(=O)OCC(=O)OCc1ccccc1,COc1cc(N=Nc2c(Cl)cc([N+](=O)[O-])cc2[N+](=O)[O-])c(NC(C)=O)cc1NCCC(=O)OCC(=O)OCc1ccccc1,O=C(CCNc1ccc(N=Nc2ccccc2)cc1)OCC(=O)OCc1ccccc1,murcko,test
4551,4551,0,CCCCCCCCCCCCCCCCCC(=O)O,CCCCCCCCCCCCCCCCCC(=O)O,CCCCCCCCCCCCCCCCCC(=O)O,ACY_******************(*)*,acyclic_anonymous_graph,test
4558,4558,0,COc1cc([N+](=O)[O-])ccc1N=NC(C(C)=O)C(=O)Nc1cc(Cl)ccc1OC,COc1cc([N+](=O)[O-])ccc1N=NC(C(C)=O)C(=O)Nc1cc(Cl)ccc1OC,COc1cc([N+](=O)[O-])ccc1N=NC(C(C)=O)C(=O)Nc1cc(Cl)ccc1OC,O=C(CN=Nc1ccccc1)Nc1ccccc1,murcko,train
4564,4564,0,C#CC(C)(O)CCCC(C)CCCC(C)C,C#CC(C)(O)CCCC(C)CCCC(C)C,C#CC(C)(O)CCCC(C)CCCC(C)C,ACY_***(*)(*)****(*)****(*)*,acyclic_anonymous_graph,train
4568,4568,0,C=C(C#N)C(=O)OCCc1ccccc1,C=C(C#N)C(=O)OCCc1ccccc1,C=C(C#N)C(=O)OCCc1ccccc1,c1ccccc1,murcko,train
4593,4593,0,FC1=C(OC(F)(F)F)OC(F)(F)O1,FC1=C(OC(F)(F)F)OC(F)(F)O1,FC1=C(OC(F)(F)F)OC(F)(F)O1,C1=COCO1,murcko,train
4605,4605,0,CCCCOC(=O)CCS,CCCCOC(=O)CCS,CCCCOC(=O)CCS,ACY_******(*)***,acyclic_anonymous_graph,train
4606,4606,0,CCCCOC(=O)OOC(=O)OCCCC,CCCCOC(=O)OOC(=O)OCCCC,CCCCOC(=O)OOC(=O)OCCCC,ACY_******(*)***(*)*****,acyclic_anonymous_graph,train
4608,4608,0,FC(F)=C(F)OC(F)(F)C(F)(F)C(F)(F)F,FC(F)=C(F)OC(F)(F)C(F)(F)C(F)(F)F,FC(F)=C(F)OC(F)(F)C(F)(F)C(F)(F)F,ACY_**(*)*(*)**(*)(*)*(*)(*)*(*)(*)*,acyclic_anonymous_graph,train
4621,4621,0,CCCCCCCCC=CCCCCCCCCNC(=O)CCCCCCCCCCCCCCC,CCCCCCCCC=CCCCCCCCCNC(=O)CCCCCCCCCCCCCCC,CCCCCCCCC=CCCCCCCCCNC(=O)CCCCCCCCCCCCCCC,ACY_********************(*)***************,acyclic_anonymous_graph,train
4631,4631,0,NCCCOCCOCCOCCCN,NCCCOCCOCCOCCCN,NCCCOCCOCCOCCCN,ACY_***************,acyclic_anonymous_graph,train
4633,4633,0,FC=CF,FC=CF,FC=CF,ACY_****,acyclic_anonymous_graph,train
4635,4635,0,CC(CNc1ccc2[nH]c3c(Cl)c4oc5c(S(=O)(=O)O)c(NCC(C)Nc6nc(F)nc(Nc7ccccc7S(=O)(=O)O)n6)ccc5[nH]c4c(Cl)c3oc2c1S(=O)(=O)O)Nc1nc(F)nc(Nc2ccccc2S(=O)(=O)O)n1,CC(CNc1ccc2[nH]c3c(Cl)c4oc5c(S(=O)(=O)O)c(NCC(C)Nc6nc(F)nc(Nc7ccccc7S(=O)(=O)O)n6)ccc5[nH]c4c(Cl)c3oc2c1S(=O)(=O)O)Nc1nc(F)nc(Nc2ccccc2S(=O)(=O)O)n1,CC(CNc1ccc2[nH]c3c(Cl)c4oc5c(S(=O)(=O)O)c(NCC(C)Nc6nc(F)nc(Nc7ccccc7S(=O)(=O)O)n6)ccc5[nH]c4c(Cl)c3oc2c1S(=O)(=O)O)Nc1nc(F)nc(Nc2ccccc2S(=O)(=O)O)n1,c1ccc(Nc2ncnc(NCCNc3ccc4[nH]c5cc6oc7cc(NCCNc8ncnc(Nc9ccccc9)n8)ccc7[nH]c6cc5oc4c3)n2)cc1,murcko,train
4643,4643,0,CCOC(=O)C1=NOC(c2ccccc2)(c2ccccc2)C1,CCOC(=O)C1=NOC(c2ccccc2)(c2ccccc2)C1,CCOC(=O)C1=NOC(c2ccccc2)(c2ccccc2)C1,C1=NOC(c2ccccc2)(c2ccccc2)C1,murcko,test
4646,4646,0,Cc1cc(CC(C)C)ccc1CCC=O,Cc1cc(CC(C)C)ccc1CCC=O,Cc1cc(CC(C)C)ccc1CCC=O,c1ccccc1,murcko,train
4648,4648,0,CC=CC=CC(=O)OCCC[Si](OC)(OC)OC,CC=CC=CC(=O)OCCC[Si](OC)(OC)OC,CC=CC=CC(=O)OCCC[Si](OC)(OC)OC,ACY_******(*)*****(**)(**)**,acyclic_anonymous_graph,train
4660,4660,0,CCCCCCCCCCCC[N+](C)(C)[O-],CCCCCCCCCCCC[N+](C)(C)[O-],CCCCCCCCCCCC[N+](C)(C)[O-],ACY_*************(*)(*)*,acyclic_anonymous_graph,test
4667,4667,0,O=C(O)C(NCCNC(C(=O)O)c1ccccc1O)c1ccccc1O,O=C(O)C(NCCNC(C(=O)O)c1ccccc1O)c1ccccc1O,O=C(O)C(NCCNC(C(=O)O)c1ccccc1O)c1ccccc1O,c1ccc(CNCCNCc2ccccc2)cc1,murcko,test
4673,4673,1,Cc1cc(Cl)ccc1OC(C)C(=O)O,Cc1cc(Cl)ccc1OC(C)C(=O)O,Cc1cc(Cl)ccc1OC(C)C(=O)O,c1ccccc1,murcko,train
4674,4674,0,CC(C)(CO)C(O)C(=O)NCCCO,CC(C)(CO)C(O)C(=O)NCCCO,CC(C)(CO)C(O)C(=O)NCCCO,ACY_******(*)*(*)*(*)(*)**,acyclic_anonymous_graph,test
4678,4678,0,CCCCC(CC)C1OCCN1CCCC,CCCCC(CC)C1OCCN1CCCC,CCCCC(CC)C1OCCN1CCCC,C1COCN1,murcko,train
4681,4681,0,CN=C(NCC1CCOC1)N[N+](=O)[O-],CN=C(NCC1CCOC1)N[N+](=O)[O-],CN=C(NCC1CCOC1)N[N+](=O)[O-],C1CCOC1,murcko,test
4694,4694,0,CCO[Si](CCCc1c(O)c(C(=O)c2ccccc2)cc(C(=O)c2ccccc2)c1O)(OCC)OCC,CCO[Si](CCCc1c(O)c(C(=O)c2ccccc2)cc(C(=O)c2ccccc2)c1O)(OCC)OCC,CCO[Si](CCCc1c(O)c(C(=O)c2ccccc2)cc(C(=O)c2ccccc2)c1O)(OCC)OCC,O=C(c1ccccc1)c1cccc(C(=O)c2ccccc2)c1,murcko,train
4696,4696,0,C=C(CC(C)C=O)C1CC=C(C)C1(C)C,C=C(CC(C)C=O)C1CC=C(C)C1(C)C,C=C(CC(C)C=O)C1CC=C(C)C1(C)C,C1=CCCC1,murcko,train
4698,4698,0,CCOc1nc(F)cc2nc(SSc3nc4cc(F)nc(OCC)n4n3)nn12,CCOc1nc(F)cc2nc(SSc3nc4cc(F)nc(OCC)n4n3)nn12,CCOc1nc(F)cc2nc(SSc3nc4cc(F)nc(OCC)n4n3)nn12,c1cc2nc(SSc3nc4ccncn4n3)nn2cn1,murcko,train
4705,4705,0,Cc1ccc(S(C)(=O)=O)cc1[N+](=O)[O-],Cc1ccc(S(C)(=O)=O)cc1[N+](=O)[O-],Cc1ccc(S(C)(=O)=O)cc1[N+](=O)[O-],c1ccccc1,murcko,train
4706,4706,1,O=C(O)c1ccc2cc(O)ccc2c1,O=C(O)c1ccc2cc(O)ccc2c1,O=C(O)c1ccc2cc(O)ccc2c1,c1ccc2ccccc2c1,murcko,test
4709,4709,0,O=S(O)S(=O)(=O)O,O=S(O)S(=O)(=O)O,O=S(O)S(=O)(=O)O,ACY_**(*)*(*)(*)*,acyclic_anonymous_graph,train
4712,4712,0,CNC(=O)ON=C(C)SC,CNC(=O)ON=C(C)SC,CNC(=O)ON=C(C)SC,ACY_***(*)***(*)**,acyclic_anonymous_graph,train
4718,4718,0,CCCCCCCCOC(=O)OCCCCCCCC,CCCCCCCCOC(=O)OCCCCCCCC,CCCCCCCCOC(=O)OCCCCCCCC,ACY_**********(*)*********,acyclic_anonymous_graph,train
4725,4725,0,CO[Si](C)OC,CO[Si](C)OC,CO[Si](C)OC,ACY_**[*](*)**,acyclic_anonymous_graph,train
4729,4729,0,CCOC(=O)O,CCOC(=O)O,CCOC(=O)O,ACY_****(*)*,acyclic_anonymous_graph,test
4737,4737,0,CCCCCCCCCOC(=O)c1ccc(C(=O)OCCCCCCCCC)c(C(=O)OCCCCCCCCC)c1,CCCCCCCCCOC(=O)c1ccc(C(=O)OCCCCCCCCC)c(C(=O)OCCCCCCCCC)c1,CCCCCCCCCOC(=O)c1ccc(C(=O)OCCCCCCCCC)c(C(=O)OCCCCCCCCC)c1,c1ccccc1,murcko,train
4747,4747,0,[Cl][Pt-2]([Cl])([Cl])([Cl])([Cl])[Cl],[Cl][Pt-2]([Cl])([Cl])([Cl])([Cl])[Cl],[Pt+6],ACY_**(*)(*)(*)(*)*,acyclic_anonymous_graph,train
4751,4751,0,[F][Ta-2]([F])([F])([F])([F])([F])[F],[F][Ta-2]([F])([F])([F])([F])([F])[F],[Ta+7],ACY_**(*)(*)(*)(*)(*)*,acyclic_anonymous_graph,test
4763,4763,0,C=CC(=O)OCC(O)COc1ccccc1,C=CC(=O)OCC(O)COc1ccccc1,C=CC(=O)OCC(O)COc1ccccc1,c1ccccc1,murcko,train
4767,4767,0,CN(CCC(=O)OCCN1C(=O)c2ccccc2C1=O)c1ccc(N=Nc2ccc([N+](=O)[O-])cc2C#N)cc1,CN(CCC(=O)OCCN1C(=O)c2ccccc2C1=O)c1ccc(N=Nc2ccc([N+](=O)[O-])cc2C#N)cc1,CN(CCC(=O)OCCN1C(=O)c2ccccc2C1=O)c1ccc(N=Nc2ccc([N+](=O)[O-])cc2C#N)cc1,O=C(CCNc1ccc(N=Nc2ccccc2)cc1)OCCN1C(=O)c2ccccc2C1=O,murcko,test
4771,4771,0,CN(C)CCOCCO,CN(C)CCOCCO,CN(C)CCOCCO,ACY_*******(*)*,acyclic_anonymous_graph,train
4777,4777,0,Cc1c(Cc2cc(C(C)(C)C)c(O)c(C(C)(C)C)c2)c(C)c(Cc2cc(C(C)(C)C)c(O)c(C(C)(C)C)c2)c(C)c1Cc1cc(C(C)(C)C)c(O)c(C(C)(C)C)c1,Cc1c(Cc2cc(C(C)(C)C)c(O)c(C(C)(C)C)c2)c(C)c(Cc2cc(C(C)(C)C)c(O)c(C(C)(C)C)c2)c(C)c1Cc1cc(C(C)(C)C)c(O)c(C(C)(C)C)c1,Cc1c(Cc2cc(C(C)(C)C)c(O)c(C(C)(C)C)c2)c(C)c(Cc2cc(C(C)(C)C)c(O)c(C(C)(C)C)c2)c(C)c1Cc1cc(C(C)(C)C)c(O)c(C(C)(C)C)c1,c1ccc(Cc2cc(Cc3ccccc3)cc(Cc3ccccc3)c2)cc1,murcko,train
4780,4780,0,Nc1c(N=Nc2ccc(S(=O)(=O)CCOS(=O)(=O)O)cc2)c(S(=O)(=O)O)cc2cc(S(=O)(=O)O)c(N=Nc3ccc(S(=O)(=O)CCOS(=O)(=O)O)cc3)c(O)c12,Nc1c(N=Nc2ccc(S(=O)(=O)CCOS(=O)(=O)O)cc2)c(S(=O)(=O)O)cc2cc(S(=O)(=O)O)c(N=Nc3ccc(S(=O)(=O)CCOS(=O)(=O)O)cc3)c(O)c12,Nc1c(N=Nc2ccc(S(=O)(=O)CCOS(=O)(=O)O)cc2)c(S(=O)(=O)O)cc2cc(S(=O)(=O)O)c(N=Nc3ccc(S(=O)(=O)CCOS(=O)(=O)O)cc3)c(O)c12,c1ccc(N=Nc2ccc3ccc(N=Nc4ccccc4)cc3c2)cc1,murcko,test
4783,4783,0,Cc1ccc(C(=O)CCC(=O)O)cc1,Cc1ccc(C(=O)CCC(=O)O)cc1,Cc1ccc(C(=O)CCC(=O)O)cc1,c1ccccc1,murcko,train
4795,4795,0,C=C[Si](C)(C)Cl,C=C[Si](C)(C)Cl,C=C[Si](C)(C)Cl,ACY_***(*)(*)*,acyclic_anonymous_graph,train
4812,4812,0,Fc1c(Cl)cc(Br)cc1Cl,Fc1c(Cl)cc(Br)cc1Cl,Fc1c(Cl)cc(Br)cc1Cl,c1ccccc1,murcko,train
4813,4813,0,OB(O)c1ccc2cc(O)ccc2c1,OB(O)c1ccc2cc(O)ccc2c1,OB(O)c1ccc2cc(O)ccc2c1,c1ccc2ccccc2c1,murcko,test
4817,4817,0,N#Cc1ccc(O)c(O)c1,N#Cc1ccc(O)c(O)c1,N#Cc1ccc(O)c(O)c1,c1ccccc1,murcko,train
4825,4825,0,CC(C)C=NCC1CCCC(CN=CC(C)C)C1,CC(C)C=NCC1CCCC(CN=CC(C)C)C1,CC(C)C=NCC1CCCC(CN=CC(C)C)C1,C1CCCCC1,murcko,train
4826,4826,0,COC(=O)C(C)O,COC(=O)C(C)O,COC(=O)C(C)O,ACY_***(*)*(*)*,acyclic_anonymous_graph,test
4839,4839,0,C=Cc1ccc(C(C)(C)C)cc1,C=Cc1ccc(C(C)(C)C)cc1,C=Cc1ccc(C(C)(C)C)cc1,c1ccccc1,murcko,train
4860,4860,0,O=C(O)c1cccc(S(=O)(=O)O)c1,O=C(O)c1cccc(S(=O)(=O)O)c1,O=C(O)c1cccc(S(=O)(=O)O)c1,c1ccccc1,murcko,train
4864,4864,0,CCCCCCCCCCCCCCCCCCCCCCOC(=O)CCCCCCCCCCCCCCCCCCCCC,CCCCCCCCCCCCCCCCCCCCCCOC(=O)CCCCCCCCCCCCCCCCCCCCC,CCCCCCCCCCCCCCCCCCCCCCOC(=O)CCCCCCCCCCCCCCCCCCCCC,ACY_************************(*)*********************,acyclic_anonymous_graph,train
4865,4865,0,CCCCCCCCC=CCCCCCCCCCCCC(=O)OCCCCCCCCC=CCCCCCCCC,CCCCCCCCC=CCCCCCCCCCCCC(=O)OCCCCCCCCC=CCCCCCCCC,CCCCCCCCC=CCCCCCCCCCCCC(=O)OCCCCCCCCC=CCCCCCCCC,ACY_**********************(*)*******************,acyclic_anonymous_graph,train
4873,4873,0,N#CCCCC(C#N)CCC#N,N#CCCCC(C#N)CCC#N,N#CCCCC(C#N)CCC#N,ACY_******(**)****,acyclic_anonymous_graph,train
4898,4898,0,CO[Si](C)(OC)C1CCCCC1,CO[Si](C)(OC)C1CCCCC1,CO[Si](C)(OC)C1CCCCC1,C1CCCCC1,murcko,train
4907,4907,0,O=S(=O)(O)c1cc(Nc2nc(NCCO)nc(Nc3ccccc3)n2)ccc1C=Cc1ccc(Nc2nc(NCCO)nc(Nc3ccccc3)n2)cc1S(=O)(=O)O,O=S(=O)(O)c1cc(Nc2nc(NCCO)nc(Nc3ccccc3)n2)ccc1C=Cc1ccc(Nc2nc(NCCO)nc(Nc3ccccc3)n2)cc1S(=O)(=O)O,O=S(=O)(O)c1cc(Nc2nc(NCCO)nc(Nc3ccccc3)n2)ccc1C=Cc1ccc(Nc2nc(NCCO)nc(Nc3ccccc3)n2)cc1S(=O)(=O)O,C(=Cc1ccc(Nc2ncnc(Nc3ccccc3)n2)cc1)c1ccc(Nc2ncnc(Nc3ccccc3)n2)cc1,murcko,train
4913,4913,0,C=CC(F)(F)C(F)(F)C(F)(F)C(F)(F)C(F)(F)C(F)(F)C=C,C=CC(F)(F)C(F)(F)C(F)(F)C(F)(F)C(F)(F)C(F)(F)C=C,C=CC(F)(F)C(F)(F)C(F)(F)C(F)(F)C(F)(F)C(F)(F)C=C,ACY_***(*)(*)*(*)(*)*(*)(*)*(*)(*)*(*)(*)*(*)(*)**,acyclic_anonymous_graph,train
4934,4934,0,CCCCO[P+](=O)OCCCC,CCCCO[P+](=O)OCCCC,CCCCO[P+](=O)OCCCC,ACY_******(*)*****,acyclic_anonymous_graph,train
4937,4937,0,c1ccc2c(c1)CC1COCOC21,c1ccc2c(c1)CC1COCOC21,c1ccc2c(c1)CC1COCOC21,c1ccc2c(c1)CC1COCOC21,murcko,test
4939,4939,0,CC(C)(C)c1ccc(CCC=O)cc1,CC(C)(C)c1ccc(CCC=O)cc1,CC(C)(C)c1ccc(CCC=O)cc1,c1ccccc1,murcko,train
4942,4942,0,CCS(=O)c1c(C#N)nn(-c2c(Cl)cc(C(F)(F)F)cc2Cl)c1N,CCS(=O)c1c(C#N)nn(-c2c(Cl)cc(C(F)(F)F)cc2Cl)c1N,CC[S+]([O-])c1c(C#N)nn(-c2c(Cl)cc(C(F)(F)F)cc2Cl)c1N,c1ccc(-n2cccn2)cc1,murcko,train
4947,4947,0,CO[Si](C)(CCCCl)OC,CO[Si](C)(CCCCl)OC,CO[Si](C)(CCCCl)OC,ACY_*****(*)(**)**,acyclic_anonymous_graph,train
4955,4955,0,Nc1ccc2cc(S(=O)(=O)O)cc(O)c2c1N=Nc1ccc(Nc2nc(NCCS(=O)(=O)O)nc(N(CCO)CCO)n2)cc1S(=O)(=O)O,Nc1ccc2cc(S(=O)(=O)O)cc(O)c2c1N=Nc1ccc(Nc2nc(NCCS(=O)(=O)O)nc(N(CCO)CCO)n2)cc1S(=O)(=O)O,Nc1ccc2cc(S(=O)(=O)O)cc(O)c2c1N=Nc1ccc(Nc2nc(NCCS(=O)(=O)O)nc(N(CCO)CCO)n2)cc1S(=O)(=O)O,c1ccc2c(N=Nc3ccc(Nc4ncncn4)cc3)cccc2c1,murcko,train
4965,4965,0,[O]=[Ni],[O]=[Ni],[Ni+2],ACY_**,acyclic_anonymous_graph,test
4972,4972,0,C[Si](C)(C)NC(=O)N[Si](C)(C)C,C[Si](C)(C)NC(=O)N[Si](C)(C)C,C[Si](C)(C)NC(=O)N[Si](C)(C)C,ACY_**(**(*)(*)*)**(*)(*)*,acyclic_anonymous_graph,test
4973,4973,0,C=CC(=O)OCCCCCCCCCCCCCCCCCCCCCC,C=CC(=O)OCCCCCCCCCCCCCCCCCCCCCC,C=CC(=O)OCCCCCCCCCCCCCCCCCCCCCC,ACY_************************(*)**,acyclic_anonymous_graph,train
4979,4979,0,CO[Si](CC[Si](OC)(OC)OC)(OC)OC,CO[Si](CC[Si](OC)(OC)OC)(OC)OC,CO[Si](CC[Si](OC)(OC)OC)(OC)OC,ACY_***(**)(**)***(**)(**)**,acyclic_anonymous_graph,train
4984,4984,0,CCCCCCCCC=CCCCCCCCC[N+](C)(CCO)CCO,CCCCCCCCC=CCCCCCCCC[N+](C)(CCO)CCO,CCCCCCCCC=CCCCCCCCC[N+](C)(CCO)CCO,ACY_*******************(*)(***)***,acyclic_anonymous_graph,test
4987,4987,0,C=CC(C)(O)CCCC(C)C,C=CC(C)(O)CCCC(C)C,C=CC(C)(O)CCCC(C)C,ACY_***(*)(*)****(*)*,acyclic_anonymous_graph,train
4989,4989,0,CCC(C)CCCC(C)(C)O,CCC(C)CCCC(C)(C)O,CCC(C)CCCC(C)(C)O,ACY_***(*)****(*)(*)*,acyclic_anonymous_graph,test
4990,4990,0,C=CC(C)CCCC(C)(C)O,C=CC(C)CCCC(C)(C)O,C=CC(C)CCCC(C)(C)O,ACY_***(*)****(*)(*)*,acyclic_anonymous_graph,test
4994,4994,0,CCCCn1c(O)c(C#N)c(C)c(N=Nc2ccc(C(=O)OCC(=O)OCc3ccccc3)cc2)c1=O,CCCCn1c(O)c(C#N)c(C)c(N=Nc2ccc(C(=O)OCC(=O)OCc3ccccc3)cc2)c1=O,CCCCn1c(O)c(C#N)c(C)c(N=Nc2ccc(C(=O)OCC(=O)OCc3ccccc3)cc2)c1=O,O=C(COC(=O)c1ccc(N=Nc2ccc[nH]c2=O)cc1)OCc1ccccc1,murcko,train
4995,4995,0,CC(C#N)N(CC#N)CC#N,CC(C#N)N(CC#N)CC#N,CC(C#N)N(CC#N)CC#N,ACY_****(***)*(*)**,acyclic_anonymous_graph,train
5004,5004,0,O=c1oc(-c2ccc(-c3nc4ccccc4c(=O)o3)cc2)nc2ccccc12,O=c1oc(-c2ccc(-c3nc4ccccc4c(=O)o3)cc2)nc2ccccc12,O=c1oc(-c2ccc(-c3nc4ccccc4c(=O)o3)cc2)nc2ccccc12,O=c1oc(-c2ccc(-c3nc4ccccc4c(=O)o3)cc2)nc2ccccc12,murcko,train
5006,5006,0,O=C(O)CCCCC(=O)O,O=C(O)CCCCC(=O)O,O=C(O)CCCCC(=O)O,ACY_**(*)*****(*)*,acyclic_anonymous_graph,train
5013,5013,0,CCCCC(CC)COC(=O)C(C)O,CCCCC(CC)COC(=O)C(C)O,CCCCC(CC)COC(=O)C(C)O,ACY_*****(**)***(*)*(*)*,acyclic_anonymous_graph,train
5018,5018,1,O=C(O)CC(O)(CC(=O)O)C(=O)O,O=C(O)CC(O)(CC(=O)O)C(=O)O,O=C(O)CC(O)(CC(=O)O)C(=O)O,ACY_**(*)**(*)(**(*)*)*(*)*,acyclic_anonymous_graph,train
5026,5026,0,C=CC(=C)CCC=C(C)CCC=C(C)C,C=CC(=C)CCC=C(C)CCC=C(C)C,C=CC(=C)CCC=C(C)CCC=C(C)C,ACY_***(*)****(*)****(*)*,acyclic_anonymous_graph,train
5031,5031,0,O=C(O)c1c(Br)c(Br)c(Br)c(Br)c1C(=O)O,O=C(O)c1c(Br)c(Br)c(Br)c(Br)c1C(=O)O,O=C(O)c1c(Br)c(Br)c(Br)c(Br)c1C(=O)O,c1ccccc1,murcko,train
5042,5042,0,CC(C)(c1ccccc1)C(C)(C)c1ccccc1,CC(C)(c1ccccc1)C(C)(C)c1ccccc1,CC(C)(c1ccccc1)C(C)(C)c1ccccc1,c1ccc(CCc2ccccc2)cc1,murcko,test
5056,5056,0,N#Cc1c(Cl)c(Cl)c(Cl)c(C#N)c1Cl,N#Cc1c(Cl)c(Cl)c(Cl)c(C#N)c1Cl,N#Cc1c(Cl)c(Cl)c(Cl)c(C#N)c1Cl,c1ccccc1,murcko,train
5057,5057,0,N#Cc1c(F)cccc1F,N#Cc1c(F)cccc1F,N#Cc1c(F)cccc1F,c1ccccc1,murcko,train
5064,5064,0,CCCCCCCCC(C)C=O,CCCCCCCCC(C)C=O,CCCCCCCCC(C)C=O,ACY_*********(*)**,acyclic_anonymous_graph,train
5092,5092,0,CCCCCCCCCCCC(=O)NCCC[N+](C)(C)CC(O)CS(=O)(=O)[O-],CCCCCCCCCCCC(=O)NCCC[N+](C)(C)CC(O)CS(=O)(=O)[O-],CCCCCCCCCCCC(=O)NCCC[N+](C)(C)CC(O)CS(=O)(=O)[O-],ACY_************(*)*****(*)(*)**(*)**(*)(*)*,acyclic_anonymous_graph,train
5093,5093,0,CC(COC(=O)c1ccccc1)OC(=O)c1ccccc1,CC(COC(=O)c1ccccc1)OC(=O)c1ccccc1,CC(COC(=O)c1ccccc1)OC(=O)c1ccccc1,O=C(OCCOC(=O)c1ccccc1)c1ccccc1,murcko,train
5097,5097,0,CC(=O)OCCOC(C)C,CC(=O)OCCOC(C)C,CC(=O)OCCOC(C)C,ACY_**(*)*****(*)*,acyclic_anonymous_graph,train
5099,5099,1,COC1(OC)CCC2=C(CCC3C2CCC2(C)C(=O)CCC32)C1,COC1(OC)CCC2=C(CCC3C2CCC2(C)C(=O)CCC32)C1,COC1(OC)CCC2=C(CCC3C2CCC2(C)C(=O)CCC32)C1,O=C1CCC2C1CCC1C3=C(CCCC3)CCC12,murcko,train
5106,5106,1,CC(C)(C)OOC(=O)C=CC(=O)O,CC(C)(C)OOC(=O)C=CC(=O)O,CC(C)(C)OOC(=O)C=CC(=O)O,ACY_**(*)***(*)***(*)(*)*,acyclic_anonymous_graph,test
5117,5117,0,O=C(O)CCCCCCCCC(=O)O,O=C(O)CCCCCCCCC(=O)O,O=C(O)CCCCCCCCC(=O)O,ACY_**(*)*********(*)*,acyclic_anonymous_graph,train
5121,5121,0,CC1CCC2C(=O)OC(=O)C2C1,CC1CCC2C(=O)OC(=O)C2C1,CC1CCC2C(=O)OC(=O)C2C1,O=C1OC(=O)C2CCCCC12,murcko,train
5122,5122,0,C=CCOC(=O)C(C)(C)O,C=CCOC(=O)C(C)(C)O,C=CCOC(=O)C(C)(C)O,ACY_*****(*)*(*)(*)*,acyclic_anonymous_graph,train
5149,5149,0,CCCCCCCCCC=CCC1CC(=O)OC1=O,CCCCCCCCCC=CCC1CC(=O)OC1=O,CCCCCCCCCC=CCC1CC(=O)OC1=O,O=C1CCC(=O)O1,murcko,train
5158,5158,0,CC1(CO)CC1CC1CC2CC2(C)C1(C)C,CC1(CO)CC1CC1CC2CC2(C)C1(C)C,CC1(CO)CC1CC1CC2CC2(C)C1(C)C,C1CC1CC1CC2CC2C1,murcko,train
5163,5163,0,CC(C)(C)OC(=O)NC(Cc1ccccc1)C(O)CN(Cc1ccc(-c2ccccn2)cc1)NC(=O)OC(C)(C)C,CC(C)(C)OC(=O)NC(Cc1ccccc1)C(O)CN(Cc1ccc(-c2ccccn2)cc1)NC(=O)OC(C)(C)C,CC(C)(C)OC(=O)NC(Cc1ccccc1)C(O)CN(Cc1ccc(-c2ccccn2)cc1)NC(=O)OC(C)(C)C,c1ccc(CCCCNCc2ccc(-c3ccccn3)cc2)cc1,murcko,train
5165,5165,0,C[N+](C)(C)C1CCCCC1,C[N+](C)(C)C1CCCCC1,C[N+](C)(C)C1CCCCC1,C1CCCCC1,murcko,train
5168,5168,0,COc1cc(OC)nc(NC(=O)NS(=O)(=O)c2ncccc2OCC(F)(F)F)n1,COc1cc(OC)nc(NC(=O)NS(=O)(=O)c2ncccc2OCC(F)(F)F)n1,COc1cc(OC)nc(NC(=O)NS(=O)(=O)c2ncccc2OCC(F)(F)F)n1,O=C(Nc1ncccn1)NS(=O)(=O)c1ccccn1,murcko,train
5180,5180,0,CCCCCCCCCc1cc(CN(CCO)CCO)c(O)c(CN(CCO)CCO)c1,CCCCCCCCCc1cc(CN(CCO)CCO)c(O)c(CN(CCO)CCO)c1,CCCCCCCCCc1cc(CN(CCO)CCO)c(O)c(CN(CCO)CCO)c1,c1ccccc1,murcko,train
5187,5187,0,O=S1(=O)OCC2(CO1)COS(=O)(=O)OC2,O=S1(=O)OCC2(CO1)COS(=O)(=O)OC2,O=S1(=O)OCC2(CO1)COS(=O)(=O)OC2,O=S1(=O)OCC2(CO1)COS(=O)(=O)OC2,murcko,test
5191,5191,0,CCCNCC,CCCNCC,CCCNCC,ACY_******,acyclic_anonymous_graph,train
5199,5199,0,CCCCCCCCC(CCCCCC)COc1ccccc1C(N)=O,CCCCCCCCC(CCCCCC)COc1ccccc1C(N)=O,CCCCCCCCC(CCCCCC)COc1ccccc1C(N)=O,c1ccccc1,murcko,train
5203,5203,0,CCCCCCCCCCCC(=O)OCC(CC)CCCC,CCCCCCCCCCCC(=O)OCC(CC)CCCC,CCCCCCCCCCCC(=O)OCC(CC)CCCC,ACY_************(*)***(**)****,acyclic_anonymous_graph,test
5204,5204,0,CC(=O)OC1CCCCC1C(C)(C)C,CC(=O)OC1CCCCC1C(C)(C)C,CC(=O)OC1CCCCC1C(C)(C)C,C1CCCCC1,murcko,train
5208,5208,0,CCCCCCCCCCCCCC(=O)O,CCCCCCCCCCCCCC(=O)O,CCCCCCCCCCCCCC(=O)O,ACY_**************(*)*,acyclic_anonymous_graph,train
5223,5223,0,CC(=O)CC(=O)N(C)C,CC(=O)CC(=O)N(C)C,CC(=O)CC(=O)N(C)C,ACY_**(*)**(*)*(*)*,acyclic_anonymous_graph,train
5224,5224,0,CC(O)CN(CCCN(CCCN(C)C)CCCN(C)C)CC(C)O,CC(O)CN(CCCN(CCCN(C)C)CCCN(C)C)CC(C)O,CC(O)CN(CCCN(CCCN(C)C)CCCN(C)C)CC(C)O,ACY_**(*)****(****(*)*)****(**(*)*)**(*)*,acyclic_anonymous_graph,train
5227,5227,0,CC(C)CCCCCOC(=O)C(C)Oc1ccc(-c2nc(-c3ccc(-c4ccccc4)cc3)nc(-c3ccc(-c4ccccc4)cc3)n2)c(O)c1,CC(C)CCCCCOC(=O)C(C)Oc1ccc(-c2nc(-c3ccc(-c4ccccc4)cc3)nc(-c3ccc(-c4ccccc4)cc3)n2)c(O)c1,CC(C)CCCCCOC(=O)C(C)Oc1ccc(-c2nc(-c3ccc(-c4ccccc4)cc3)nc(-c3ccc(-c4ccccc4)cc3)n2)c(O)c1,c1ccc(-c2ccc(-c3nc(-c4ccccc4)nc(-c4ccc(-c5ccccc5)cc4)n3)cc2)cc1,murcko,test
5234,5234,0,C=CCNCCCNCC=C,C=CCNCCCNCC=C,C=CCNCCCNCC=C,ACY_***********,acyclic_anonymous_graph,train
5236,5236,0,CCCCCC(=O)OC(=O)CCCCC,CCCCCC(=O)OC(=O)CCCCC,CCCCCC(=O)OC(=O)CCCCC,ACY_******(*)**(*)*****,acyclic_anonymous_graph,train
5239,5239,0,O=S(=O)(O)c1ccc(O)c(N=Nc2ccc3c(O)cccc3c2O)c1,O=S(=O)(O)c1ccc(O)c(N=Nc2ccc3c(O)cccc3c2O)c1,O=S(=O)(O)c1ccc(O)c(N=Nc2ccc3c(O)cccc3c2O)c1,c1ccc(N=Nc2ccc3ccccc3c2)cc1,murcko,train
5250,5250,0,CCN1OCC(NC(=O)c2ccc(C3=NOC(c4cc(Cl)c(F)c(Cl)c4)(C(F)(F)F)C3)cc2C)C1=O,CCN1OCC(NC(=O)c2ccc(C3=NOC(c4cc(Cl)c(F)c(Cl)c4)(C(F)(F)F)C3)cc2C)C1=O,CCN1OCC(NC(=O)c2ccc(C3=NOC(c4cc(Cl)c(F)c(Cl)c4)(C(F)(F)F)C3)cc2C)C1=O,O=C(NC1CONC1=O)c1ccc(C2=NOC(c3ccccc3)C2)cc1,murcko,test
5253,5253,0,COc1cc(C=O)ccc1OC(=O)C(C)C,COc1cc(C=O)ccc1OC(=O)C(C)C,COc1cc(C=O)ccc1OC(=O)C(C)C,c1ccccc1,murcko,train
5258,5258,0,CC1=C(NC(=O)O)C(=NC(=O)CN)C=CC1(NC(=O)O)c1cccc(C2=CC=CC(=NC(=O)CN)C2C)c1,CC1=C(NC(=O)O)C(=NC(=O)CN)C=CC1(NC(=O)O)c1cccc(C2=CC=CC(=NC(=O)CN)C2C)c1,CC1=C(NC(=O)O)C(=NC(=O)CN)C=CC1(NC(=O)O)c1cccc(C2=CC=CC(=NC(=O)CN)C2C)c1,N=C1C=CC(c2cccc(C3=CC=CC(=N)C3)c2)C=C1,murcko,test
5275,5275,0,O=C(O)c1ccccc1,O=C(O)c1ccccc1,O=C(O)c1ccccc1,c1ccccc1,murcko,train
5278,5278,1,c1ccc(N(CC2CO2)CC2CO2)cc1,c1ccc(N(CC2CO2)CC2CO2)cc1,c1ccc(N(CC2CO2)CC2CO2)cc1,c1ccc(N(CC2CO2)CC2CO2)cc1,murcko,train
5288,5288,1,Cc1ccc(S(=O)(=O)Oc2cccc(NC(=O)Nc3ccccc3)c2)cc1,Cc1ccc(S(=O)(=O)Oc2cccc(NC(=O)Nc3ccccc3)c2)cc1,Cc1ccc(S(=O)(=O)Oc2cccc(NC(=O)Nc3ccccc3)c2)cc1,O=C(Nc1ccccc1)Nc1cccc(OS(=O)(=O)c2ccccc2)c1,murcko,train
5289,5289,0,COc1ccnc(C(=O)O)c1O,COc1ccnc(C(=O)O)c1O,COc1ccnc(C(=O)O)c1O,c1ccncc1,murcko,train
5294,5294,0,CNCCO,CNCCO,CNCCO,ACY_*****,acyclic_anonymous_graph,test
5297,5297,0,CNC(=N[N+](=O)[O-])NCc1cnc(Cl)s1,CNC(=N[N+](=O)[O-])NCc1cnc(Cl)s1,CNC(=N[N+](=O)[O-])NCc1cnc(Cl)s1,c1cscn1,murcko,train
5301,5301,0,COc1ccc(OC)c(C(C)(C)C)c1,COc1ccc(OC)c(C(C)(C)C)c1,COc1ccc(OC)c(C(C)(C)C)c1,c1ccccc1,murcko,train
5313,5313,0,CCOc1ccc(B(O)O)c(F)c1F,CCOc1ccc(B(O)O)c(F)c1F,CCOc1ccc(B(O)O)c(F)c1F,c1ccccc1,murcko,train
5318,5318,0,Oc1ccc(-c2nc(-c3ccc(O)cc3O)nc(-c3ccc(O)cc3O)n2)c(O)c1,Oc1ccc(-c2nc(-c3ccc(O)cc3O)nc(-c3ccc(O)cc3O)n2)c(O)c1,Oc1ccc(-c2nc(-c3ccc(O)cc3O)nc(-c3ccc(O)cc3O)n2)c(O)c1,c1ccc(-c2nc(-c3ccccc3)nc(-c3ccccc3)n2)cc1,murcko,train
5324,5324,0,CCCCCCCCCCCCCCC(O)C(O)C(CO)NC(=O)c1ccccc1O,CCCCCCCCCCCCCCC(O)C(O)C(CO)NC(=O)c1ccccc1O,CCCCCCCCCCCCCCC(O)C(O)C(CO)NC(=O)c1ccccc1O,c1ccccc1,murcko,train
5327,5327,1,F[PH](F)(F)(F)(F)F,,,ACY_INVALID::F[PH](F)(F)(F)(F)F,acyclic_singleton,test
5337,5337,0,CCn1c(O)c(N=Nc2ccc(N=Nc3cc(OCCO)c(N=Nc4c(S(=O)(=O)O)cc5cc(S(=O)(=O)O)cc(O)c5c4O)cc3OCCO)c(S(=O)(=O)O)c2)c(C)c(C(N)=O)c1=O,CCn1c(O)c(N=Nc2ccc(N=Nc3cc(OCCO)c(N=Nc4c(S(=O)(=O)O)cc5cc(S(=O)(=O)O)cc(O)c5c4O)cc3OCCO)c(S(=O)(=O)O)c2)c(C)c(C(N)=O)c1=O,CCn1c(O)c(N=Nc2ccc(N=Nc3cc(OCCO)c(N=Nc4c(S(=O)(=O)O)cc5cc(S(=O)(=O)O)cc(O)c5c4O)cc3OCCO)c(S(=O)(=O)O)c2)c(C)c(C(N)=O)c1=O,O=c1ccc(N=Nc2ccc(N=Nc3ccc(N=Nc4ccc5ccccc5c4)cc3)cc2)c[nH]1,murcko,train
5342,5342,0,C=C(C)C(=O)OCCC(F)(F)C(F)(F)C(F)(F)C(F)(F)C(F)(F)C(F)(F)F,C=C(C)C(=O)OCCC(F)(F)C(F)(F)C(F)(F)C(F)(F)C(F)(F)C(F)(F)F,C=C(C)C(=O)OCCC(F)(F)C(F)(F)C(F)(F)C(F)(F)C(F)(F)C(F)(F)F,ACY_**(*)*(*)****(*)(*)*(*)(*)*(*)(*)*(*)(*)*(*)(*)*(*)(*)*,acyclic_anonymous_graph,train
5344,5344,0,C1=CC2CC1C1Cc3ccccc3C21,C1=CC2CC1C1Cc3ccccc3C21,C1=CC2CC1C1Cc3ccccc3C21,C1=CC2CC1C1Cc3ccccc3C21,murcko,train
5354,5354,0,C=C(CC(=O)OCCCC)C(=O)OCCCC,C=C(CC(=O)OCCCC)C(=O)OCCCC,C=C(CC(=O)OCCCC)C(=O)OCCCC,ACY_******(*)**(*)*(*)*****,acyclic_anonymous_graph,test
5355,5355,0,C=CC(=O)OCCCCCCCCCCCC,C=CC(=O)OCCCCCCCCCCCC,C=CC(=O)OCCCCCCCCCCCC,ACY_**************(*)**,acyclic_anonymous_graph,train
5374,5374,0,CC(C)c1cc(C(C)C)c(N=C=O)c(C(C)C)c1N=C=O,CC(C)c1cc(C(C)C)c(N=C=O)c(C(C)C)c1N=C=O,CC(C)c1cc(C(C)C)c(N=C=O)c(C(C)C)c1N=C=O,c1ccccc1,murcko,train
5375,5375,0,CC(C)c1cccc(C(C)C)c1N=C=Nc1c(C(C)C)cccc1C(C)C,CC(C)c1cccc(C(C)C)c1N=C=Nc1c(C(C)C)cccc1C(C)C,CC(C)c1cccc(C(C)C)c1N=C=Nc1c(C(C)C)cccc1C(C)C,C(=Nc1ccccc1)=Nc1ccccc1,murcko,train
5378,5378,1,CN(C)C(=O)Nc1cccc(C(F)(F)F)c1,CN(C)C(=O)Nc1cccc(C(F)(F)F)c1,CN(C)C(=O)Nc1cccc(C(F)(F)F)c1,c1ccccc1,murcko,train
5383,5383,0,CC(=O)Oc1ccc(C(C)(C)CC(C)(C)C)cc1C1C(=O)Oc2ccc(C(C)(C)CC(C)(C)C)cc21,CC(=O)Oc1ccc(C(C)(C)CC(C)(C)C)cc1C1C(=O)Oc2ccc(C(C)(C)CC(C)(C)C)cc21,CC(=O)Oc1ccc(C(C)(C)CC(C)(C)C)cc1C1C(=O)Oc2ccc(C(C)(C)CC(C)(C)C)cc21,O=C1Oc2ccccc2C1c1ccccc1,murcko,test
5401,5401,0,C=COC1CCCCC1,C=COC1CCCCC1,C=COC1CCCCC1,C1CCCCC1,murcko,train
5427,5427,0,CC(C)(C)OOC(C)(C)c1cccc(C(C)(C)OOC(C)(C)C)c1,CC(C)(C)OOC(C)(C)c1cccc(C(C)(C)OOC(C)(C)C)c1,CC(C)(C)OOC(C)(C)c1cccc(C(C)(C)OOC(C)(C)C)c1,c1ccccc1,murcko,train
5433,5433,0,COc1ccccc1C(=O)NS(=O)(=O)c1ccc(C(=O)NC2CC2)cc1,COc1ccccc1C(=O)NS(=O)(=O)c1ccc(C(=O)NC2CC2)cc1,COc1ccccc1C(=O)NS(=O)(=O)c1ccc(C(=O)NC2CC2)cc1,O=C(NC1CC1)c1ccc(S(=O)(=O)NC(=O)c2ccccc2)cc1,murcko,train
5441,5441,0,CCC(COC(=O)CC(C)=O)(COC(=O)CC(C)=O)COC(=O)CC(C)=O,CCC(COC(=O)CC(C)=O)(COC(=O)CC(C)=O)COC(=O)CC(C)=O,CCC(COC(=O)CC(C)=O)(COC(=O)CC(C)=O)COC(=O)CC(C)=O,ACY_***(***(*)**(*)*)(***(*)**(*)*)***(*)**(*)*,acyclic_anonymous_graph,train
5444,5444,1,CCOP(=O)(NC(C)C)Oc1ccc(SC)c(C)c1,CCOP(=O)(NC(C)C)Oc1ccc(SC)c(C)c1,CCOP(=O)(NC(C)C)Oc1ccc(SC)c(C)c1,c1ccccc1,murcko,train
5449,5449,0,CC1=C(C(=O)O)N2C(=O)C(N)C2SC1,CC1=C(C(=O)O)N2C(=O)C(N)C2SC1,CC1=C(C(=O)O)N2C(=O)C(N)C2SC1,O=C1CC2SCC=CN12,murcko,train
5454,5454,0,CCCCC(CC)C(=O)OOC(C)(C)CC(C)(C)C,CCCCC(CC)C(=O)OOC(C)(C)CC(C)(C)C,CCCCC(CC)C(=O)OOC(C)(C)CC(C)(C)C,ACY_*****(**)*(*)***(*)(*)**(*)(*)*,acyclic_anonymous_graph,train
5465,5465,0,N#Cc1ccccc1NC(=O)c1snc(Cl)c1Cl,N#Cc1ccccc1NC(=O)c1snc(Cl)c1Cl,N#Cc1ccccc1NC(=O)c1snc(Cl)c1Cl,O=C(Nc1ccccc1)c1ccns1,murcko,train
5466,5466,0,CCCCCCCCCCCCCCCCCCCCCCOC(=O)CCCCCCCCCCCCCCCCC,CCCCCCCCCCCCCCCCCCCCCCOC(=O)CCCCCCCCCCCCCCCCC,CCCCCCCCCCCCCCCCCCCCCCOC(=O)CCCCCCCCCCCCCCCCC,ACY_************************(*)*****************,acyclic_anonymous_graph,test
5483,5483,0,O=C(CCS)OCCOC(=O)CCS,O=C(CCS)OCCOC(=O)CCS,O=C(CCS)OCCOC(=O)CCS,ACY_****(*)*****(*)***,acyclic_anonymous_graph,train
5502,5502,0,NS(=O)(=O)c1ncccc1OCC(F)(F)F,NS(=O)(=O)c1ncccc1OCC(F)(F)F,NS(=O)(=O)c1ncccc1OCC(F)(F)F,c1ccncc1,murcko,train
5503,5503,0,CCCCCCCCCCCCCC(=O)OCC(CCCCCCCC)CCCCCCCCCC,CCCCCCCCCCCCCC(=O)OCC(CCCCCCCC)CCCCCCCCCC,CCCCCCCCCCCCCC(=O)OCC(CCCCCCCC)CCCCCCCCCC,ACY_**************(*)***(********)**********,acyclic_anonymous_graph,train
5508,5508,1,[Mo],[Mo],[Mo],ACY_*,acyclic_anonymous_graph,test
5515,5515,0,CCCCCCCCC1CCC(=O)O1,CCCCCCCCC1CCC(=O)O1,CCCCCCCCC1CCC(=O)O1,O=C1CCCO1,murcko,train
5517,5517,0,CCCCCCCCOC(=O)CCCCCCC,CCCCCCCCOC(=O)CCCCCCC,CCCCCCCCOC(=O)CCCCCCC,ACY_**********(*)*******,acyclic_anonymous_graph,train
5530,5530,0,OCCNCCO,OCCNCCO,OCCNCCO,ACY_*******,acyclic_anonymous_graph,train
5531,5531,0,Cc1ccc(S(=O)(=O)NC(=O)Nc2cccc(OS(=O)(=O)c3ccc(C)cc3)c2)cc1,Cc1ccc(S(=O)(=O)NC(=O)Nc2cccc(OS(=O)(=O)c3ccc(C)cc3)c2)cc1,Cc1ccc(S(=O)(=O)NC(=O)Nc2cccc(OS(=O)(=O)c3ccc(C)cc3)c2)cc1,O=C(Nc1cccc(OS(=O)(=O)c2ccccc2)c1)NS(=O)(=O)c1ccccc1,murcko,train
5532,5532,0,CCCCCCCCCCCCCCCCCCOCCC[N+](C)(C)C,CCCCCCCCCCCCCCCCCCOCCC[N+](C)(C)C,CCCCCCCCCCCCCCCCCCOCCC[N+](C)(C)C,ACY_***********************(*)(*)*,acyclic_anonymous_graph,train
5534,5534,0,OCC1CCCN1,OCC1CCCN1,OCC1CCCN1,C1CCNC1,murcko,train
5539,5539,0,O=C(CC(C(=O)OC1CCCCC1)S(=O)(=O)O)OC1CCCCC1,O=C(CC(C(=O)OC1CCCCC1)S(=O)(=O)O)OC1CCCCC1,O=C(CC(C(=O)OC1CCCCC1)S(=O)(=O)O)OC1CCCCC1,O=C(CCC(=O)OC1CCCCC1)OC1CCCCC1,murcko,train
5541,5541,1,C=C(F)C(=O)OC,C=C(F)C(=O)OC,C=C(F)C(=O)OC,ACY_***(*)*(*)*,acyclic_anonymous_graph,test
5547,5547,0,CC(=O)OCC(=O)C1=CCC2C3CCC4=CC(=O)CCC4(C)C3=CCC12C,CC(=O)OCC(=O)C1=CCC2C3CCC4=CC(=O)CCC4(C)C3=CCC12C,CC(=O)OCC(=O)C1=CCC2C3CCC4=CC(=O)CCC4(C)C3=CCC12C,O=C1C=C2CCC3C(=CCC4C=CCC43)C2CC1,murcko,train
5548,5548,0,CCCCCCCC(=O)OCCOc1ccccc1,CCCCCCCC(=O)OCCOc1ccccc1,CCCCCCCC(=O)OCCOc1ccccc1,c1ccccc1,murcko,train
5564,5564,0,CCCCCCCCCCCCN(CCCN)CCCN,CCCCCCCCCCCCN(CCCN)CCCN,CCCCCCCCCCCCN(CCCN)CCCN,ACY_*************(****)****,acyclic_anonymous_graph,train
5582,5582,0,O=C1CCCCCN1SSN1CCCCCC1=O,O=C1CCCCCN1SSN1CCCCCC1=O,O=C1CCCCCN1SSN1CCCCCC1=O,O=C1CCCCCN1SSN1CCCCCC1=O,murcko,train
5585,5585,1,CS(=O)(=O)O,CS(=O)(=O)O,CS(=O)(=O)O,ACY_**(*)(*)*,acyclic_anonymous_graph,train
5592,5592,0,O=C(c1ccccc1)c1ccc(OCC(O)COc2ccc(C(=O)c3ccccc3)c(O)c2)cc1O,O=C(c1ccccc1)c1ccc(OCC(O)COc2ccc(C(=O)c3ccccc3)c(O)c2)cc1O,O=C(c1ccccc1)c1ccc(OCC(O)COc2ccc(C(=O)c3ccccc3)c(O)c2)cc1O,O=C(c1ccccc1)c1ccc(OCCCOc2ccc(C(=O)c3ccccc3)cc2)cc1,murcko,train
5595,5595,0,CCOc1ccccc1NC(=O)C(=O)Nc1ccccc1CC,CCOc1ccccc1NC(=O)C(=O)Nc1ccccc1CC,CCOc1ccccc1NC(=O)C(=O)Nc1ccccc1CC,O=C(Nc1ccccc1)C(=O)Nc1ccccc1,murcko,test
5608,5608,0,O=C(O)c1ccc(Cl)s1,O=C(O)c1ccc(Cl)s1,O=C(O)c1ccc(Cl)s1,c1ccsc1,murcko,train
5610,5610,1,CC(=O)OCc1cc(C(C)=O)ccc1OC(C)=O,CC(=O)OCc1cc(C(C)=O)ccc1OC(C)=O,CC(=O)OCc1cc(C(C)=O)ccc1OC(C)=O,c1ccccc1,murcko,train
5617,5617,0,CCO,CCO,CCO,ACY_***,acyclic_anonymous_graph,train
5631,5631,1,NC(=Nc1ccccc1)Nc1ccccc1,NC(=Nc1ccccc1)Nc1ccccc1,NC(=Nc1ccccc1)Nc1ccccc1,C(=Nc1ccccc1)Nc1ccccc1,murcko,train
5632,5632,0,CC(CC(=O)NCCCCCC(=O)O)CC(C)(C)C,CC(CC(=O)NCCCCCC(=O)O)CC(C)(C)C,CC(CC(=O)NCCCCCC(=O)O)CC(C)(C)C,ACY_**(*)*******(*)**(*)**(*)(*)*,acyclic_anonymous_graph,train
5663,5663,0,O=C1O[B-]2(OC1=O)OC(=O)C(=O)O2,O=C1O[B-]2(OC1=O)OC(=O)C(=O)O2,O=C1O[B-]2(OC1=O)OC(=O)C(=O)O2,O=C1O[B-]2(OC1=O)OC(=O)C(=O)O2,murcko,test
5665,5665,0,COc1cccc(C(=O)Cl)c1C,COc1cccc(C(=O)Cl)c1C,COc1cccc(C(=O)Cl)c1C,c1ccccc1,murcko,train
5677,5677,0,N#CCCN(CCc1ccccc1)c1ccc(N=Nc2ccc([N+](=O)[O-])cc2C#N)cc1,N#CCCN(CCc1ccccc1)c1ccc(N=Nc2ccc([N+](=O)[O-])cc2C#N)cc1,N#CCCN(CCc1ccccc1)c1ccc(N=Nc2ccc([N+](=O)[O-])cc2C#N)cc1,c1ccc(CCNc2ccc(N=Nc3ccccc3)cc2)cc1,murcko,test
5685,5685,0,COCC1=C(C(=O)O)N2C(=O)C(N)C2SC1,COCC1=C(C(=O)O)N2C(=O)C(N)C2SC1,COCC1=C(C(=O)O)N2C(=O)C(N)C2SC1,O=C1CC2SCC=CN12,murcko,train
5691,5691,0,CCC1(C)OOC(C)(CC)OOC(C)(CC)OO1,CCC1(C)OOC(C)(CC)OOC(C)(CC)OO1,CCC1(C)OOC(C)(CC)OOC(C)(CC)OO1,C1OOCOOCOO1,murcko,train
5694,5694,1,C=CC(=O)OCCCCO,C=CC(=O)OCCCCO,C=CC(=O)OCCCCO,ACY_*******(*)**,acyclic_anonymous_graph,train
5705,5705,0,C=CCC#CCCCCC,C=CCC#CCCCCC,C=CCC#CCCCCC,ACY_**********,acyclic_anonymous_graph,train
5707,5707,0,C=C(C)C(=O)OCc1ccccc1,C=C(C)C(=O)OCc1ccccc1,C=C(C)C(=O)OCc1ccccc1,c1ccccc1,murcko,train
5717,5717,0,CCOC(=O)C(C)C1CCCCC1,CCOC(=O)C(C)C1CCCCC1,CCOC(=O)C(C)C1CCCCC1,C1CCCCC1,murcko,train
5719,5719,0,CC(=O)C(N=Nc1ccc(C)cc1[N+](=O)[O-])C(=O)Nc1ccccc1,CC(=O)C(N=Nc1ccc(C)cc1[N+](=O)[O-])C(=O)Nc1ccccc1,CC(=O)C(N=Nc1ccc(C)cc1[N+](=O)[O-])C(=O)Nc1ccccc1,O=C(CN=Nc1ccccc1)Nc1ccccc1,murcko,train
5720,5720,0,CC12C=CC(C1)C1C(=O)OC(=O)C12,CC12C=CC(C1)C1C(=O)OC(=O)C12,CC12C=CC(C1)C1C(=O)OC(=O)C12,O=C1OC(=O)C2C3C=CC(C3)C12,murcko,train
5723,5723,0,CC(C)(C)OOC(C)(C)c1ccc(C(C)(C)OOC(C)(C)C)cc1,CC(C)(C)OOC(C)(C)c1ccc(C(C)(C)OOC(C)(C)C)cc1,CC(C)(C)OOC(C)(C)c1ccc(C(C)(C)OOC(C)(C)C)cc1,c1ccccc1,murcko,train
5725,5725,0,CC1(C)CC(OC(=O)CCCCCCCCC(=O)OC2CC(C)(C)N([O])C(C)(C)C2)CC(C)(C)N1[O],CC1(C)CC(OC(=O)CCCCCCCCC(=O)OC2CC(C)(C)N([O])C(C)(C)C2)CC(C)(C)N1[O],CC1(C)CC(OC(=O)CCCCCCCCC(=O)OC2CC(C)(C)N([O])C(C)(C)C2)CC(C)(C)N1[O],O=C(CCCCCCCCC(=O)OC1CCNCC1)OC1CCNCC1,murcko,train
5728,5728,0,COC(C)CCO,COC(C)CCO,COC(C)CCO,ACY_****(*)**,acyclic_anonymous_graph,test
5731,5731,0,CC(OC=O)C1CCCC(C)(C)C1,CC(OC=O)C1CCCC(C)(C)C1,CC(OC=O)C1CCCC(C)(C)C1,C1CCCCC1,murcko,train
5739,5739,0,CC(=O)OCC=CCOC(C)=O,CC(=O)OCC=CCOC(C)=O,CC(=O)OCC=CCOC(C)=O,ACY_**(*)*******(*)*,acyclic_anonymous_graph,train
5751,5751,0,CC(C)COC(=S)S,CC(C)COC(=S)S,CC(C)COC(=S)S,ACY_**(*)***(*)*,acyclic_anonymous_graph,train
5752,5752,0,CCCCCCCCC=CCCCCCCCCN(CCO)CCO,CCCCCCCCC=CCCCCCCCCN(CCO)CCO,CCCCCCCCC=CCCCCCCCCN(CCO)CCO,ACY_*******************(***)***,acyclic_anonymous_graph,train
5753,5753,0,Cc1cccc([N+](=O)[O-])c1[N+](=O)[O-],Cc1cccc([N+](=O)[O-])c1[N+](=O)[O-],Cc1cccc([N+](=O)[O-])c1[N+](=O)[O-],c1ccccc1,murcko,train
5755,5755,0,CC(O)COC(C)CO,CC(O)COC(C)CO,CC(O)COC(C)CO,ACY_***(*)***(*)*,acyclic_anonymous_graph,train
5756,5756,1,O=C(OC1COC2OCCC12)ON1C(=O)CCC1=O,O=C(OC1COC2OCCC12)ON1C(=O)CCC1=O,O=C(OC1COC2OCCC12)ON1C(=O)CCC1=O,O=C(OC1COC2OCCC12)ON1C(=O)CCC1=O,murcko,train
5773,5773,0,CC(N)c1ccccc1,CC(N)c1ccccc1,CC(N)c1ccccc1,c1ccccc1,murcko,train
5774,5774,0,CCCCCCCCCCCCCCCCCC(=O)OC(C)C(=O)OC(C)C(=O)O,CCCCCCCCCCCCCCCCCC(=O)OC(C)C(=O)OC(C)C(=O)O,CCCCCCCCCCCCCCCCCC(=O)OC(C)C(=O)OC(C)C(=O)O,ACY_******************(*)**(*)*(*)**(*)*(*)*,acyclic_anonymous_graph,test
5784,5784,0,CC(CCN)CC(C)(C)CN,CC(CCN)CC(C)(C)CN,CC(CCN)CC(C)(C)CN,ACY_****(*)**(*)(*)**,acyclic_anonymous_graph,train
5787,5787,0,C=C[Si]1(C)O[Si](C)(C=C)O[Si](C)(C=C)O[Si](C)(C=C)O1,C=C[Si]1(C)O[Si](C)(C=C)O[Si](C)(C=C)O[Si](C)(C=C)O1,C=C[Si]1(C)O[Si](C)(C=C)O[Si](C)(C=C)O[Si](C)(C=C)O1,O1[SiH2]O[SiH2]O[SiH2]O[SiH2]1,murcko,train
5789,5789,0,CC(C)CCCCCCCOP(OCCCCCCCC(C)C)Oc1ccccc1,CC(C)CCCCCCCOP(OCCCCCCCC(C)C)Oc1ccccc1,CC(C)CCCCCCCOP(OCCCCCCCC(C)C)Oc1ccccc1,c1ccccc1,murcko,train
5790,5790,0,CCOC(C)OCCc1ccccc1,CCOC(C)OCCc1ccccc1,CCOC(C)OCCc1ccccc1,c1ccccc1,murcko,train
5794,5794,0,C=CCCCCCCCC(=O)OC,C=CCCCCCCCC(=O)OC,C=CCCCCCCCC(=O)OC,ACY_**********(*)**,acyclic_anonymous_graph,train
5799,5799,0,BrC1(Br)CCCCCCCCCC(Br)(Br)C1(Br)Br,BrC1(Br)CCCCCCCCCC(Br)(Br)C1(Br)Br,BrC1(Br)CCCCCCCCCC(Br)(Br)C1(Br)Br,C1CCCCCCCCCCC1,murcko,train
5801,5801,1,CC1(C)CCCC(C)(C)N1[O],CC1(C)CCCC(C)(C)N1[O],CC1(C)CCCC(C)(C)N1[O],C1CCNCC1,murcko,train
5803,5803,0,FC(F)(F)COc1cccnc1Cl,FC(F)(F)COc1cccnc1Cl,FC(F)(F)COc1cccnc1Cl,c1ccncc1,murcko,train
5804,5804,0,CC(C)Sc1ncccc1CCC(F)(F)F,CC(C)Sc1ncccc1CCC(F)(F)F,CC(C)Sc1ncccc1CCC(F)(F)F,c1ccncc1,murcko,train
5806,5806,0,CC(C)(O)CCO,CC(C)(O)CCO,CC(C)(O)CCO,ACY_****(*)(*)*,acyclic_anonymous_graph,train
5813,5813,0,CC(O)COCC(C)(COCC(C)O)COCC(C)O,CC(O)COCC(C)(COCC(C)O)COCC(C)O,CC(O)COCC(C)(COCC(C)O)COCC(C)O,ACY_**(*)****(*)(****(*)*)****(*)*,acyclic_anonymous_graph,train
5820,5820,0,Cc1cc(Nc2cc(S(=O)(=O)O)c(N)c3c2C(=O)c2ccccc2C3=O)cc(S(=O)(=O)NCCO)c1C,Cc1cc(Nc2cc(S(=O)(=O)O)c(N)c3c2C(=O)c2ccccc2C3=O)cc(S(=O)(=O)NCCO)c1C,Cc1cc(Nc2cc(S(=O)(=O)O)c(N)c3c2C(=O)c2ccccc2C3=O)cc(S(=O)(=O)NCCO)c1C,O=C1c2ccccc2C(=O)c2c(Nc3ccccc3)cccc21,murcko,train
5828,5828,0,Cc1ccc(S(=O)(=O)N2CCC(C#N)(c3ccccc3)C(C)C2)cc1,Cc1ccc(S(=O)(=O)N2CCC(C#N)(c3ccccc3)C(C)C2)cc1,Cc1ccc(S(=O)(=O)N2CCC(C#N)(c3ccccc3)C(C)C2)cc1,O=S(=O)(c1ccccc1)N1CCC(c2ccccc2)CC1,murcko,train
5832,5832,1,COC(=O)C(C)(C)N=NC(C)(C)C(=O)OC,COC(=O)C(C)(C)N=NC(C)(C)C(=O)OC,COC(=O)C(C)(C)N=NC(C)(C)C(=O)OC,ACY_***(*)*(*)(*)***(*)(*)*(*)**,acyclic_anonymous_graph,train
5833,5833,0,CCC=CC#N,CCC=CC#N,CCC=CC#N,ACY_******,acyclic_anonymous_graph,train
5850,5850,0,CCCCCCCCCC[N+](C)(C)[O-],CCCCCCCCCC[N+](C)(C)[O-],CCCCCCCCCC[N+](C)(C)[O-],ACY_***********(*)(*)*,acyclic_anonymous_graph,train
5851,5851,0,CC(O)COC(=O)OC1CC(C)CCC1C(C)C,CC(O)COC(=O)OC1CC(C)CCC1C(C)C,CC(O)COC(=O)OC1CC(C)CCC1C(C)C,C1CCCCC1,murcko,train
5854,5854,0,CO[Si](CCCn1c(=O)n(CCC[Si](OC)(OC)OC)c(=O)n(CCC[Si](OC)(OC)OC)c1=O)(OC)OC,CO[Si](CCCn1c(=O)n(CCC[Si](OC)(OC)OC)c(=O)n(CCC[Si](OC)(OC)OC)c1=O)(OC)OC,CO[Si](CCCn1c(=O)n(CCC[Si](OC)(OC)OC)c(=O)n(CCC[Si](OC)(OC)OC)c1=O)(OC)OC,O=c1[nH]c(=O)[nH]c(=O)[nH]1,murcko,train
5866,5866,0,CCCCCCCCCCCCCCCC(=O)OCC(O)C1OCC(O)C1O,CCCCCCCCCCCCCCCC(=O)OCC(O)C1OCC(O)C1O,CCCCCCCCCCCCCCCC(=O)OCC(O)C1OCC(O)C1O,C1CCOC1,murcko,test
5867,5867,0,CCCCCCCCC=CCCCCCCCC(=O)OCC(OC(=O)CCCCCCCC=CCCCCCCCC)C1OCC(O)C1OC(=O)CCCCCCCC=CCCCCCCCC,CCCCCCCCC=CCCCCCCCC(=O)OCC(OC(=O)CCCCCCCC=CCCCCCCCC)C1OCC(O)C1OC(=O)CCCCCCCC=CCCCCCCCC,CCCCCCCCC=CCCCCCCCC(=O)OCC(OC(=O)CCCCCCCC=CCCCCCCCC)C1OCC(O)C1OC(=O)CCCCCCCC=CCCCCCCCC,C1CCOC1,murcko,test
5879,5879,0,CC(C#N)(CCC(=O)O)N=NC(C)(C#N)CCC(=O)O,CC(C#N)(CCC(=O)O)N=NC(C)(C#N)CCC(=O)O,CC(C#N)(CCC(=O)O)N=NC(C)(C#N)CCC(=O)O,ACY_***(*)(***(*)*)***(*)(**)***(*)*,acyclic_anonymous_graph,train
5886,5886,0,CCCCCCCC(=O)OCC(O)CO,CCCCCCCC(=O)OCC(O)CO,CCCCCCCC(=O)OCC(O)CO,ACY_********(*)***(*)**,acyclic_anonymous_graph,test
5887,5887,1,CCN(CCCl)c1ccc(C=O)cc1,CCN(CCCl)c1ccc(C=O)cc1,CCN(CCCl)c1ccc(C=O)cc1,c1ccccc1,murcko,train
5888,5888,0,COc1cc(Cl)ncn1,COc1cc(Cl)ncn1,COc1cc(Cl)ncn1,c1cncnc1,murcko,test
5891,5891,0,NC(=O)NC(=O)O,NC(=O)NC(=O)O,NC(=O)NC(=O)O,ACY_**(*)**(*)*,acyclic_anonymous_graph,test
5900,5900,0,CCC=CCCCCCCCCC1CC(=O)OC1=O,CCC=CCCCCCCCCC1CC(=O)OC1=O,CCC=CCCCCCCCCC1CC(=O)OC1=O,O=C1CCC(=O)O1,murcko,train
5909,5909,0,CCCCCCCCC=CCCCCCCCCN(OCCO)OCCO,CCCCCCCCC=CCCCCCCCCN(OCCO)OCCO,CCCCCCCCC=CCCCCCCCCN(OCCO)OCCO,ACY_*******************(****)****,acyclic_anonymous_graph,train
5910,5910,0,C=CCCCCCCCCC(=O)NCCOC(=O)CC(C(=O)O)S(=O)(=O)O,C=CCCCCCCCCC(=O)NCCOC(=O)CC(C(=O)O)S(=O)(=O)O,C=CCCCCCCCCC(=O)NCCOC(=O)CC(C(=O)O)S(=O)(=O)O,ACY_***********(*)*****(*)**(*(*)*)*(*)(*)*,acyclic_anonymous_graph,train
5912,5912,0,CCCCCCCCCCCCCCCCCC(=O)OCC(OC(=O)CCCCCCCCCCCCCCCCC)C1OCC(O)C1OC(=O)CCCCCCCCCCCCCCCCC,CCCCCCCCCCCCCCCCCC(=O)OCC(OC(=O)CCCCCCCCCCCCCCCCC)C1OCC(O)C1OC(=O)CCCCCCCCCCCCCCCCC,CCCCCCCCCCCCCCCCCC(=O)OCC(OC(=O)CCCCCCCCCCCCCCCCC)C1OCC(O)C1OC(=O)CCCCCCCCCCCCCCCCC,C1CCOC1,murcko,test
5916,5916,0,Cc1ccc(N2C(=O)N(c3ccc(C)c(N=C=O)c3)C2=O)cc1N=C=O,Cc1ccc(N2C(=O)N(c3ccc(C)c(N=C=O)c3)C2=O)cc1N=C=O,Cc1ccc(N2C(=O)N(c3ccc(C)c(N=C=O)c3)C2=O)cc1N=C=O,O=C1N(c2ccccc2)C(=O)N1c1ccccc1,murcko,test
5922,5922,0,CC1CCC(C(C)C)C(OO)C1,CC1CCC(C(C)C)C(OO)C1,CC1CCC(C(C)C)C(OO)C1,C1CCCCC1,murcko,train
5945,5945,0,C=CCOC(=O)CCC1CCCCC1,C=CCOC(=O)CCC1CCCCC1,C=CCOC(=O)CCC1CCCCC1,C1CCCCC1,murcko,train
5946,5946,1,Cc1ccc(P(=O)(C(=O)c2c(C)cc(C)cc2C)c2ccc(C)cc2)cc1,Cc1ccc(P(=O)(C(=O)c2c(C)cc(C)cc2C)c2ccc(C)cc2)cc1,Cc1ccc(P(=O)(C(=O)c2c(C)cc(C)cc2C)c2ccc(C)cc2)cc1,O=C(c1ccccc1)P(=O)(c1ccccc1)c1ccccc1,murcko,test
5952,5952,0,O=CO,O=CO,O=CO,ACY_***,acyclic_anonymous_graph,train
5953,5953,0,CC(COCC(C)OC(=O)c1ccccc1)OC(=O)c1ccccc1,CC(COCC(C)OC(=O)c1ccccc1)OC(=O)c1ccccc1,CC(COCC(C)OC(=O)c1ccccc1)OC(=O)c1ccccc1,O=C(OCCOCCOC(=O)c1ccccc1)c1ccccc1,murcko,train
5954,5954,0,Cc1ccccc1OP(=S)(S)Oc1ccccc1C,Cc1ccccc1OP(=S)(S)Oc1ccccc1C,Cc1ccccc1OP(=S)(S)Oc1ccccc1C,S=[PH](Oc1ccccc1)Oc1ccccc1,murcko,train
5956,5956,0,CC(C)CCCCCCCOC(=O)CCCCC(=O)OCCCCCCCC(C)C,CC(C)CCCCCCCOC(=O)CCCCC(=O)OCCCCCCCC(C)C,CC(C)CCCCCCCOC(=O)CCCCC(=O)OCCCCCCCC(C)C,ACY_**(*)*********(*)*****(*)*********(*)*,acyclic_anonymous_graph,train
5958,5958,0,CCCCCCCCCCCC(=O)OCC(C)O,CCCCCCCCCCCC(=O)OCC(C)O,CCCCCCCCCCCC(=O)OCC(C)O,ACY_************(*)***(*)*,acyclic_anonymous_graph,train
5960,5960,0,CC(C)OP(=S)(S)OC(C)C,CC(C)OP(=S)(S)OC(C)C,CC(C)OP(=S)(S)OC(C)C,ACY_**(*)**(*)(*)**(*)*,acyclic_anonymous_graph,train
5962,5962,0,CC(C)Cc1cc2ccccc2c(S(=O)(=O)O)c1CC(C)C,CC(C)Cc1cc2ccccc2c(S(=O)(=O)O)c1CC(C)C,CC(C)Cc1cc2ccccc2c(S(=O)(=O)O)c1CC(C)C,c1ccc2ccccc2c1,murcko,test
5966,5966,0,CCCCC(CC)CO[N+](=O)[O-],CCCCC(CC)CO[N+](=O)[O-],CCCCC(CC)CO[N+](=O)[O-],ACY_*****(**)***(*)*,acyclic_anonymous_graph,train
5970,5970,0,CCCCCCC(C)(C)C(=O)O,CCCCCCC(C)(C)C(=O)O,CCCCCCC(C)(C)C(=O)O,ACY_*******(*)(*)*(*)*,acyclic_anonymous_graph,train
5975,5975,0,CCCn1c(=O)c(C)cn2nc(N)nc12,CCCn1c(=O)c(C)cn2nc(N)nc12,CCCn1c(=O)c(C)cn2nc(N)nc12,O=c1ccn2ncnc2[nH]1,murcko,train
5979,5979,0,NC(=O)CCN(CCO)c1nc(Nc2ccccc2)nc(Nc2ccc(C=Cc3ccc(Nc4nc(Nc5ccccc5)nc(N(CCO)CCC(N)=O)n4)cc3S(=O)(=O)O)c(S(=O)(=O)O)c2)n1,NC(=O)CCN(CCO)c1nc(Nc2ccccc2)nc(Nc2ccc(C=Cc3ccc(Nc4nc(Nc5ccccc5)nc(N(CCO)CCC(N)=O)n4)cc3S(=O)(=O)O)c(S(=O)(=O)O)c2)n1,NC(=O)CCN(CCO)c1nc(Nc2ccccc2)nc(Nc2ccc(C=Cc3ccc(Nc4nc(Nc5ccccc5)nc(N(CCO)CCC(N)=O)n4)cc3S(=O)(=O)O)c(S(=O)(=O)O)c2)n1,C(=Cc1ccc(Nc2ncnc(Nc3ccccc3)n2)cc1)c1ccc(Nc2ncnc(Nc3ccccc3)n2)cc1,murcko,train
5995,5995,0,CCC(=O)OC1CC2CCC1(C)C2(C)C,CCC(=O)OC1CC2CCC1(C)C2(C)C,CCC(=O)OC1CC2CCC1(C)C2(C)C,C1CC2CCC1C2,murcko,train
6000,6000,0,CC(C)(C)c1cc(Cn2c(=O)n(Cc3cc(C(C)(C)C)c(O)c(C(C)(C)C)c3)c(=O)n(Cc3cc(C(C)(C)C)c(O)c(C(C)(C)C)c3)c2=O)cc(C(C)(C)C)c1O,CC(C)(C)c1cc(Cn2c(=O)n(Cc3cc(C(C)(C)C)c(O)c(C(C)(C)C)c3)c(=O)n(Cc3cc(C(C)(C)C)c(O)c(C(C)(C)C)c3)c2=O)cc(C(C)(C)C)c1O,CC(C)(C)c1cc(Cn2c(=O)n(Cc3cc(C(C)(C)C)c(O)c(C(C)(C)C)c3)c(=O)n(Cc3cc(C(C)(C)C)c(O)c(C(C)(C)C)c3)c2=O)cc(C(C)(C)C)c1O,O=c1n(Cc2ccccc2)c(=O)n(Cc2ccccc2)c(=O)n1Cc1ccccc1,murcko,train
6004,6004,0,Cc1ccccc1Cc1ccccc1,Cc1ccccc1Cc1ccccc1,Cc1ccccc1Cc1ccccc1,c1ccc(Cc2ccccc2)cc1,murcko,train
6005,6005,1,CC(C)(N=NC(C)(C)C1=NCCN1)C1=NCCN1,CC(C)(N=NC(C)(C)C1=NCCN1)C1=NCCN1,CC(C)(N=NC(C)(C)C1=NCCN1)C1=NCCN1,C1CNC(CN=NCC2=NCCN2)=N1,murcko,train
6006,6006,0,CC(C)(N=C=O)c1cccc(C(C)(C)N=C=O)c1,CC(C)(N=C=O)c1cccc(C(C)(C)N=C=O)c1,CC(C)(N=C=O)c1cccc(C(C)(C)N=C=O)c1,c1ccccc1,murcko,train
6012,6012,1,C=C(C)C(=O)OC(C)CO,C=C(C)C(=O)OC(C)CO,C=C(C)C(=O)OC(C)CO,ACY_***(*)**(*)*(*)*,acyclic_anonymous_graph,train
6018,6018,0,CCOC(=O)C=C(C)O,CCOC(=O)C=C(C)O,CCOC(=O)C=C(C)O,ACY_****(*)**(*)*,acyclic_anonymous_graph,train
6030,6030,0,CC1(OC(=O)c2ccccc2C(=O)OC2(C)CCCCC2)CCCCC1,CC1(OC(=O)c2ccccc2C(=O)OC2(C)CCCCC2)CCCCC1,CC1(OC(=O)c2ccccc2C(=O)OC2(C)CCCCC2)CCCCC1,O=C(OC1CCCCC1)c1ccccc1C(=O)OC1CCCCC1,murcko,test
6037,6037,0,CCCOCCO,CCCOCCO,CCCOCCO,ACY_*******,acyclic_anonymous_graph,train
6041,6041,1,Nc1c(OCCOC(=O)Oc2ccccc2)cc(O)c2c1C(=O)c1ccccc1C2=O,Nc1c(OCCOC(=O)Oc2ccccc2)cc(O)c2c1C(=O)c1ccccc1C2=O,Nc1c(OCCOC(=O)Oc2ccccc2)cc(O)c2c1C(=O)c1ccccc1C2=O,O=C(OCCOc1ccc2c(c1)C(=O)c1ccccc1C2=O)Oc1ccccc1,murcko,train
6048,6048,0,C1CC2C3CCC(C3)C2C1,C1CC2C3CCC(C3)C2C1,C1CC2C3CCC(C3)C2C1,C1CC2C3CCC(C3)C2C1,murcko,test
6057,6057,1,Cc1cc(O)ccc1N,Cc1cc(O)ccc1N,Cc1cc(O)ccc1N,c1ccccc1,murcko,train
6061,6061,0,CNC(=O)c1cc(Oc2ccc(NC(=O)Nc3ccc(Cl)c(C(F)(F)F)c3)cc2)ccn1,CNC(=O)c1cc(Oc2ccc(NC(=O)Nc3ccc(Cl)c(C(F)(F)F)c3)cc2)ccn1,CNC(=O)c1cc(Oc2ccc(NC(=O)Nc3ccc(Cl)c(C(F)(F)F)c3)cc2)ccn1,O=C(Nc1ccccc1)Nc1ccc(Oc2ccncc2)cc1,murcko,train
6062,6062,0,CNC(=O)c1cc(Oc2ccc(N)cc2)ccn1,CNC(=O)c1cc(Oc2ccc(N)cc2)ccn1,CNC(=O)c1cc(Oc2ccc(N)cc2)ccn1,c1ccc(Oc2ccncc2)cc1,murcko,train
6066,6066,1,C=C(C)C(=O)OCC(O)COC(=O)C(=C)C,C=C(C)C(=O)OCC(O)COC(=O)C(=C)C,C=C(C)C(=O)OCC(O)COC(=O)C(=C)C,ACY_**(***(*)*(*)*)***(*)*(*)*,acyclic_anonymous_graph,train
6067,6067,0,CCCCC(CC)C(=O)OCC(C)(C)COC(=O)C(CC)CCCC,CCCCC(CC)C(=O)OCC(C)(C)COC(=O)C(CC)CCCC,CCCCC(CC)C(=O)OCC(C)(C)COC(=O)C(CC)CCCC,ACY_*****(**)*(*)***(*)(*)***(*)*(**)****,acyclic_anonymous_graph,test
6070,6070,0,C=CC1CCC(C=C)C(C=C)C1,C=CC1CCC(C=C)C(C=C)C1,C=CC1CCC(C=C)C(C=C)C1,C1CCCCC1,murcko,train
6072,6072,0,Cc1ccc2c(c1)CC(C)(CO)C2,Cc1ccc2c(c1)CC(C)(CO)C2,Cc1ccc2c(c1)CC(C)(CO)C2,c1ccc2c(c1)CCC2,murcko,test
6076,6076,0,O=C1CCCCCCCC=CCCCCCCO1,O=C1CCCCCCCC=CCCCCCCO1,O=C1CCCCCCCC=CCCCCCCO1,O=C1CCCCCCCC=CCCCCCCO1,murcko,train
6077,6077,0,CCOC1C(C)CCCC1C,CCOC1C(C)CCCC1C,CCOC1C(C)CCCC1C,C1CCCCC1,murcko,train
6081,6081,0,C1CCCC1,C1CCCC1,C1CCCC1,C1CCCC1,murcko,train
6090,6090,0,c1cn[nH]c1,c1cn[nH]c1,c1cn[nH]c1,c1cn[nH]c1,murcko,train
6095,6095,0,CCCCCCCCC=CCCCCCCCCNCCCNCCCN,CCCCCCCCC=CCCCCCCCCNCCCNCCCN,CCCCCCCCC=CCCCCCCCCNCCCNCCCN,ACY_***************************,acyclic_anonymous_graph,test
6104,6104,0,Cc1ccc2c(c1)OCC(=O)CO2,Cc1ccc2c(c1)OCC(=O)CO2,Cc1ccc2c(c1)OCC(=O)CO2,O=C1COc2ccccc2OC1,murcko,test
6121,6121,0,CCOP(=S)(OCC)Oc1nc(Cl)c(Cl)cc1Cl,CCOP(=S)(OCC)Oc1nc(Cl)c(Cl)cc1Cl,CCOP(=S)(OCC)Oc1nc(Cl)c(Cl)cc1Cl,c1ccncc1,murcko,train
6123,6123,0,O=C(O)C(F)(F)F,O=C(O)C(F)(F)F,O=C(O)C(F)(F)F,ACY_**(*)*(*)(*)*,acyclic_anonymous_graph,train
6124,6124,0,CCN(CC)c1nc(C)cc(OP(=S)(OC)OC)n1,CCN(CC)c1nc(C)cc(OP(=S)(OC)OC)n1,CCN(CC)c1nc(C)cc(OP(=S)(OC)OC)n1,c1cncnc1,murcko,test
6129,6129,0,OCCN(CCO)CCO,OCCN(CCO)CCO,OCCN(CCO)CCO,ACY_****(***)***,acyclic_anonymous_graph,test
6133,6133,0,C1CCCCCCCCCCC1,C1CCCCCCCCCCC1,C1CCCCCCCCCCC1,C1CCCCCCCCCCC1,murcko,train
6147,6147,0,CCCCCCCCCCCCSCCC(=O)OCC(COC(=O)CCSCCCCCCCCCCCC)(COC(=O)CCSCCCCCCCCCCCC)COC(=O)CCSCCCCCCCCCCCC,CCCCCCCCCCCCSCCC(=O)OCC(COC(=O)CCSCCCCCCCCCCCC)(COC(=O)CCSCCCCCCCCCCCC)COC(=O)CCSCCCCCCCCCCCC,CCCCCCCCCCCCSCCC(=O)OCC(COC(=O)CCSCCCCCCCCCCCC)(COC(=O)CCSCCCCCCCCCCCC)COC(=O)CCSCCCCCCCCCCCC,ACY_****************(*)***(***(*)***************)(***(*)***************)***(*)***************,acyclic_anonymous_graph,train
6158,6158,1,C1C[O][Sb]2[O]CC[O][Sb]([O]1)[O]CC[O]2,C1C[O][Sb]2[O]CC[O][Sb]([O]1)[O]CC[O]2,C1C[O][Sb]2[O]CC[O][Sb]([O]1)[O]CC[O]2,C1C[O][Sb]2[O]CC[O][Sb]([O]1)[O]CC[O]2,murcko,train
6168,6168,0,CC(C)CCCCCCCOC(=O)CC(C(=O)OCCCCCCCC(C)C)S(=O)(=O)O,CC(C)CCCCCCCOC(=O)CC(C(=O)OCCCCCCCC(C)C)S(=O)(=O)O,CC(C)CCCCCCCOC(=O)CC(C(=O)OCCCCCCCC(C)C)S(=O)(=O)O,ACY_**(*)*********(*)**(*(*)*********(*)*)*(*)(*)*,acyclic_anonymous_graph,test
6182,6182,0,CC(C)(N=NC(C)(C)C(=N)N)C(=N)N,CC(C)(N=NC(C)(C)C(=N)N)C(=N)N,CC(C)(N=NC(C)(C)C(=N)N)C(=N)N,ACY_**(*)*(*)(*)***(*)(*)*(*)*,acyclic_anonymous_graph,test
6184,6184,0,CP1(=O)OCC2(CO1)COP(C)(=O)OC2,CP1(=O)OCC2(CO1)COP(C)(=O)OC2,CP1(=O)OCC2(CO1)COP(C)(=O)OC2,O=[PH]1OCC2(CO1)CO[PH](=O)OC2,murcko,train
6188,6188,0,CC(C)(C)OOC1(OOC(C)(C)C)CCCCC1,CC(C)(C)OOC1(OOC(C)(C)C)CCCCC1,CC(C)(C)OOC1(OOC(C)(C)C)CCCCC1,C1CCCCC1,murcko,train
6198,6198,0,O=C1c2c(Cl)c(Cl)c(Cl)c(Cl)c2C(=O)C1c1ccc2cccc(N3C(=O)c4c(Cl)c(Cl)c(Cl)c(Cl)c4C3=O)c2n1,O=C1c2c(Cl)c(Cl)c(Cl)c(Cl)c2C(=O)C1c1ccc2cccc(N3C(=O)c4c(Cl)c(Cl)c(Cl)c(Cl)c4C3=O)c2n1,O=C1c2c(Cl)c(Cl)c(Cl)c(Cl)c2C(=O)C1c1ccc2cccc(N3C(=O)c4c(Cl)c(Cl)c(Cl)c(Cl)c4C3=O)c2n1,O=C1c2ccccc2C(=O)C1c1ccc2cccc(N3C(=O)c4ccccc4C3=O)c2n1,murcko,train
6204,6204,0,CC(N)C(=O)O,CC(N)C(=O)O,CC(N)C(=O)O,ACY_**(*)*(*)*,acyclic_anonymous_graph,train
6207,6207,0,CCCCCCOC(=O)c1ccccc1C(=O)c1ccc(N(CC)CC)cc1O,CCCCCCOC(=O)c1ccccc1C(=O)c1ccc(N(CC)CC)cc1O,CCCCCCOC(=O)c1ccccc1C(=O)c1ccc(N(CC)CC)cc1O,O=C(c1ccccc1)c1ccccc1,murcko,train
6212,6212,0,CN(C)CCN(C)CCN(C)C,CN(C)CCN(C)CCN(C)C,CN(C)CCN(C)CCN(C)C,ACY_**(*)***(*)***(*)*,acyclic_anonymous_graph,train
6213,6213,0,CC(O)C#CC(C)O,CC(O)C#CC(C)O,CC(O)C#CC(C)O,ACY_**(*)***(*)*,acyclic_anonymous_graph,train
6215,6215,0,CCCc1ccc(-c2ccc(-c3cc(F)c(C(F)(F)Oc4cc(F)c(F)c(F)c4)c(F)c3)c(F)c2)cc1,CCCc1ccc(-c2ccc(-c3cc(F)c(C(F)(F)Oc4cc(F)c(F)c(F)c4)c(F)c3)c(F)c2)cc1,CCCc1ccc(-c2ccc(-c3cc(F)c(C(F)(F)Oc4cc(F)c(F)c(F)c4)c(F)c3)c(F)c2)cc1,c1ccc(OCc2ccc(-c3ccc(-c4ccccc4)cc3)cc2)cc1,murcko,train
6222,6222,0,C=CS(=O)(=O)O,C=CS(=O)(=O)O,C=CS(=O)(=O)O,ACY_***(*)(*)*,acyclic_anonymous_graph,train
6226,6226,0,OCCN1CCCCC1,OCCN1CCCCC1,OCCN1CCCCC1,C1CCNCC1,murcko,train
6231,6231,0,O=C1c2ccc3c4ccc5c6c(ccc(c7ccc(c2c37)C(=O)N1c1ccc(N=Nc2ccccc2)cc1)c64)C(=O)N(c1ccc(N=Nc2ccccc2)cc1)C5=O,O=C1c2ccc3c4ccc5c6c(ccc(c7ccc(c2c37)C(=O)N1c1ccc(N=Nc2ccccc2)cc1)c64)C(=O)N(c1ccc(N=Nc2ccccc2)cc1)C5=O,O=C1c2ccc3c4ccc5c6c(ccc(c7ccc(c2c37)C(=O)N1c1ccc(N=Nc2ccccc2)cc1)c64)C(=O)N(c1ccc(N=Nc2ccccc2)cc1)C5=O,O=C1c2ccc3c4ccc5c6c(ccc(c7ccc(c2c37)C(=O)N1c1ccc(N=Nc2ccccc2)cc1)c64)C(=O)N(c1ccc(N=Nc2ccccc2)cc1)C5=O,murcko,test
6255,6255,0,CC(C)(c1cc(Br)c(OCC2CO2)c(Br)c1)c1cc(Br)c(OCC2CO2)c(Br)c1,CC(C)(c1cc(Br)c(OCC2CO2)c(Br)c1)c1cc(Br)c(OCC2CO2)c(Br)c1,CC(C)(c1cc(Br)c(OCC2CO2)c(Br)c1)c1cc(Br)c(OCC2CO2)c(Br)c1,c1cc(OCC2CO2)ccc1Cc1ccc(OCC2CO2)cc1,murcko,train
6257,6257,0,Cc1ccc(N(CCO)CCO)cc1,Cc1ccc(N(CCO)CCO)cc1,Cc1ccc(N(CCO)CCO)cc1,c1ccccc1,murcko,train
6258,6258,0,CCCCCCCCCCCCCCCCCCNC(=O)C=CC(=O)O,CCCCCCCCCCCCCCCCCCNC(=O)C=CC(=O)O,CCCCCCCCCCCCCCCCCCNC(=O)C=CC(=O)O,ACY_********************(*)***(*)*,acyclic_anonymous_graph,train
6265,6265,0,CCC(=O)OC,CCC(=O)OC,CCC(=O)OC,ACY_***(*)**,acyclic_anonymous_graph,train
6271,6271,0,CCCCO,CCCCO,CCCCO,ACY_*****,acyclic_anonymous_graph,test
6274,6274,0,O=c1c2cc3[nH]c4c(Cl)cccc4c(=O)c3cc2[nH]c2c(Cl)cccc12,O=c1c2cc3[nH]c4c(Cl)cccc4c(=O)c3cc2[nH]c2c(Cl)cccc12,O=c1c2cc3[nH]c4c(Cl)cccc4c(=O)c3cc2[nH]c2c(Cl)cccc12,O=c1c2ccccc2[nH]c2cc3c(=O)c4ccccc4[nH]c3cc12,murcko,test
6285,6285,0,CCCCNCCC[Si](OC)(OC)OC,CCCCNCCC[Si](OC)(OC)OC,CCCCNCCC[Si](OC)(OC)OC,ACY_*********(**)(**)**,acyclic_anonymous_graph,train
6288,6288,0,C=CC(=O)OCCCS(=O)(=O)O,C=CC(=O)OCCCS(=O)(=O)O,C=CC(=O)OCCCS(=O)(=O)O,ACY_***(*)*****(*)(*)*,acyclic_anonymous_graph,train
6294,6294,1,C=CC(=O)OCCOC,C=CC(=O)OCCOC,C=CC(=O)OCCOC,ACY_******(*)**,acyclic_anonymous_graph,train
6296,6296,0,CCCCCCCCCCCCCCCCCCc1ccccc1S(=O)(=O)O,CCCCCCCCCCCCCCCCCCc1ccccc1S(=O)(=O)O,CCCCCCCCCCCCCCCCCCc1ccccc1S(=O)(=O)O,c1ccccc1,murcko,train
6301,6301,0,CCCCCCCC(=O)OCC(C)(C)COC(=O)CCCCCCC,CCCCCCCC(=O)OCC(C)(C)COC(=O)CCCCCCC,CCCCCCCC(=O)OCC(C)(C)COC(=O)CCCCCCC,ACY_********(*)***(*)(*)***(*)*******,acyclic_anonymous_graph,train
6308,6308,0,CCc1cc(C)cc(CC)c1C(C(N)=O)C(N)=O,CCc1cc(C)cc(CC)c1C(C(N)=O)C(N)=O,CCc1cc(C)cc(CC)c1C(C(N)=O)C(N)=O,c1ccccc1,murcko,train
6310,6310,0,CC(C)(C)CC(C)(C)c1ccc(O)c(-n2nc3ccccc3n2)c1,CC(C)(C)CC(C)(C)c1ccc(O)c(-n2nc3ccccc3n2)c1,CC(C)(C)CC(C)(C)c1ccc(O)c(-n2nc3ccccc3n2)c1,c1ccc(-n2nc3ccccc3n2)cc1,murcko,train
6319,6319,0,CCCCCCCCCCCCCCCCCC(=O)OCC(O)CO,CCCCCCCCCCCCCCCCCC(=O)OCC(O)CO,CCCCCCCCCCCCCCCCCC(=O)OCC(O)CO,ACY_******************(*)***(*)**,acyclic_anonymous_graph,test
6321,6321,0,CCCCCCC(O)CCCCCCCCCCC(=O)O,CCCCCCC(O)CCCCCCCCCCC(=O)O,CCCCCCC(O)CCCCCCCCCCC(=O)O,ACY_*******(*)***********(*)*,acyclic_anonymous_graph,train
6335,6335,0,CCCCOC(=O)c1ccccc1N=Nc1c(O)c(C(=O)Nc2ccc3[nH]c(=O)[nH]c3c2)cc2ccccc12,CCCCOC(=O)c1ccccc1N=Nc1c(O)c(C(=O)Nc2ccc3[nH]c(=O)[nH]c3c2)cc2ccccc12,CCCCOC(=O)c1ccccc1N=Nc1c(O)c(C(=O)Nc2ccc3[nH]c(=O)[nH]c3c2)cc2ccccc12,O=C(Nc1ccc2[nH]c(=O)[nH]c2c1)c1cc(N=Nc2ccccc2)c2ccccc2c1,murcko,test
6344,6344,0,CC(=O)C(N=Nc1ccccc1C(=O)O)C(=O)Nc1ccc2[nH]c(=O)[nH]c2c1,CC(=O)C(N=Nc1ccccc1C(=O)O)C(=O)Nc1ccc2[nH]c(=O)[nH]c2c1,CC(=O)C(N=Nc1ccccc1C(=O)O)C(=O)Nc1ccc2[nH]c(=O)[nH]c2c1,O=C(CN=Nc1ccccc1)Nc1ccc2[nH]c(=O)[nH]c2c1,murcko,train
6346,6346,0,COC(=O)c1cc(F)ccc1N,COC(=O)c1cc(F)ccc1N,COC(=O)c1cc(F)ccc1N,c1ccccc1,murcko,train
6348,6348,0,C=CN(C)C(C)=O,C=CN(C)C(C)=O,C=CN(C)C(C)=O,ACY_***(*)*(*)*,acyclic_anonymous_graph,test
6356,6356,1,C=CS(=O)(=O)CCOCCNc1nc(F)nc(Nc2ccc(N=Nc3ccc(N=Nc4cc(S(=O)(=O)O)c5cc(S(=O)(=O)O)cc(S(=O)(=O)O)c5c4)cc3)cc2)n1,C=CS(=O)(=O)CCOCCNc1nc(F)nc(Nc2ccc(N=Nc3ccc(N=Nc4cc(S(=O)(=O)O)c5cc(S(=O)(=O)O)cc(S(=O)(=O)O)c5c4)cc3)cc2)n1,C=CS(=O)(=O)CCOCCNc1nc(F)nc(Nc2ccc(N=Nc3ccc(N=Nc4cc(S(=O)(=O)O)c5cc(S(=O)(=O)O)cc(S(=O)(=O)O)c5c4)cc3)cc2)n1,c1ccc2cc(N=Nc3ccc(N=Nc4ccc(Nc5ncncn5)cc4)cc3)ccc2c1,murcko,train
6361,6361,1,Cc1cc(O)ccc1C(C)C,Cc1cc(O)ccc1C(C)C,Cc1cc(O)ccc1C(C)C,c1ccccc1,murcko,train
6366,6366,0,O=C(O)c1ccc(C(=O)O)o1,O=C(O)c1ccc(C(=O)O)o1,O=C(O)c1ccc(C(=O)O)o1,c1ccoc1,murcko,train
6370,6370,0,CC(C)(CN)C(N)=O,CC(C)(CN)C(N)=O,CC(C)(CN)C(N)=O,ACY_***(*)(*)*(*)*,acyclic_anonymous_graph,test
6378,6378,0,O=C1c2c(Br)c(Br)c(Br)c(Br)c2C(=O)N1CCN1C(=O)c2c(Br)c(Br)c(Br)c(Br)c2C1=O,O=C1c2c(Br)c(Br)c(Br)c(Br)c2C(=O)N1CCN1C(=O)c2c(Br)c(Br)c(Br)c(Br)c2C1=O,O=C1c2c(Br)c(Br)c(Br)c(Br)c2C(=O)N1CCN1C(=O)c2c(Br)c(Br)c(Br)c(Br)c2C1=O,O=C1c2ccccc2C(=O)N1CCN1C(=O)c2ccccc2C1=O,murcko,test
6390,6390,0,C[Si](C)O[Si](C)C,C[Si](C)O[Si](C)C,C[Si](C)O[Si](C)C,ACY_*[*](*)*[*](*)*,acyclic_anonymous_graph,train
6398,6398,0,CN(C1CCCCC1)S(=O)(=O)c1ccccc1N=Nc1c(N)ccc2cc(S(=O)(=O)O)cc(O)c12,CN(C1CCCCC1)S(=O)(=O)c1ccccc1N=Nc1c(N)ccc2cc(S(=O)(=O)O)cc(O)c12,CN(C1CCCCC1)S(=O)(=O)c1ccccc1N=Nc1c(N)ccc2cc(S(=O)(=O)O)cc(O)c12,O=S(=O)(NC1CCCCC1)c1ccccc1N=Nc1cccc2ccccc12,murcko,train
6408,6408,0,CCC(COC(=O)CCS)(COC(=O)CCS)COC(=O)CCS,CCC(COC(=O)CCS)(COC(=O)CCS)COC(=O)CCS,CCC(COC(=O)CCS)(COC(=O)CCS)COC(=O)CCS,ACY_****(*)***(**)(***(*)***)***(*)***,acyclic_anonymous_graph,train
6413,6413,0,c1ccc(-c2noc(-c3cccs3)n2)cc1,c1ccc(-c2noc(-c3cccs3)n2)cc1,c1ccc(-c2noc(-c3cccs3)n2)cc1,c1ccc(-c2noc(-c3cccs3)n2)cc1,murcko,train
6418,6418,0,c1ccc2c(c1)-c1nc3nc(nc4[nH]c(nc5[nH]c(nc-2n1)c1ccccc51)c1ccccc41)-c1ccccc1-3,c1ccc2c(c1)-c1nc3nc(nc4[nH]c(nc5[nH]c(nc-2n1)c1ccccc51)c1ccccc41)-c1ccccc1-3,c1ccc2c(c1)-c1nc3nc(nc4[nH]c(nc5[nH]c(nc-2n1)c1ccccc51)c1ccccc41)-c1ccccc1-3,c1ccc2c(c1)-c1nc3nc(nc4[nH]c(nc5[nH]c(nc-2n1)c1ccccc51)c1ccccc41)-c1ccccc1-3,murcko,test
6422,6422,1,C[N+](C)(C)CC(O)CCl,C[N+](C)(C)CC(O)CCl,C[N+](C)(C)CC(O)CCl,ACY_***(*)**(*)(*)*,acyclic_anonymous_graph,train
6424,6424,0,N#CS,N#CS,N#CS,ACY_***,acyclic_anonymous_graph,train
6427,6427,0,O=C1Cc2ccccc2N1c1ccccc1,O=C1Cc2ccccc2N1c1ccccc1,O=C1Cc2ccccc2N1c1ccccc1,O=C1Cc2ccccc2N1c1ccccc1,murcko,train
6428,6428,0,CCOP(=S)(S)OCC,CCOP(=S)(S)OCC,CCOP(=S)(S)OCC,ACY_****(*)(*)***,acyclic_anonymous_graph,train
6429,6429,0,CCCCCCCCCC(=O)O,CCCCCCCCCC(=O)O,CCCCCCCCCC(=O)O,ACY_**********(*)*,acyclic_anonymous_graph,train
6439,6439,0,CCC(C)OP(=S)(S)OC(C)CC,CCC(C)OP(=S)(S)OC(C)CC,CCC(C)OP(=S)(S)OC(C)CC,ACY_***(*)**(*)(*)**(*)**,acyclic_anonymous_graph,test
6442,6442,0,CC(C)CCCCCCOC(=O)CCCCC(=O)OCCCCCCC(C)C,CC(C)CCCCCCOC(=O)CCCCC(=O)OCCCCCCC(C)C,CC(C)CCCCCCOC(=O)CCCCC(=O)OCCCCCCC(C)C,ACY_**(*)********(*)*****(*)********(*)*,acyclic_anonymous_graph,train
6450,6450,0,Oc1cc(Cl)ccc1Oc1ccc(Cl)cc1,Oc1cc(Cl)ccc1Oc1ccc(Cl)cc1,Oc1cc(Cl)ccc1Oc1ccc(Cl)cc1,c1ccc(Oc2ccccc2)cc1,murcko,test
6454,6454,0,CC1(C)C2CC=C(CCC=O)C1C2,CC1(C)C2CC=C(CCC=O)C1C2,CC1(C)C2CC=C(CCC=O)C1C2,C1=CC2CC(C1)C2,murcko,test
6468,6468,0,CC1C2CC(CC2C2CCCC(O)C2)C1(C)C,CC1C2CC(CC2C2CCCC(O)C2)C1(C)C,CC1C2CC(CC2C2CCCC(O)C2)C1(C)C,C1CCC(C2CC3CCC2C3)CC1,murcko,train
6470,6470,0,CCCCCCCCC=CCCCCCCCCNCCCN,CCCCCCCCC=CCCCCCCCCNCCCN,CCCCCCCCC=CCCCCCCCCNCCCN,ACY_***********************,acyclic_anonymous_graph,test
6481,6481,0,CCCCCCCCCCCC(=O)OCCCCCC,CCCCCCCCCCCC(=O)OCCCCCC,CCCCCCCCCCCC(=O)OCCCCCC,ACY_************(*)*******,acyclic_anonymous_graph,train
6491,6491,0,O=C1CCCN1CCO,O=C1CCCN1CCO,O=C1CCCN1CCO,O=C1CCCN1,murcko,train
6492,6492,0,CCCCOC(=O)C(C)O,CCCCOC(=O)C(C)O,CCCCOC(=O)C(C)O,ACY_******(*)*(*)*,acyclic_anonymous_graph,train
6508,6508,0,N=C1N=C(N)c2ccccc21,N=C1N=C(N)c2ccccc21,N=C1N=C(N)c2ccccc21,N=C1N=Cc2ccccc21,murcko,test
6513,6513,0,CC=CC=CC(=O)OCC(CC)(COC(=O)C=CC=CC)COC(=O)C=CC=CC,CC=CC=CC(=O)OCC(CC)(COC(=O)C=CC=CC)COC(=O)C=CC=CC,CC=CC=CC(=O)OCC(CC)(COC(=O)C=CC=CC)COC(=O)C=CC=CC,ACY_******(*)***(**)(***(*)*****)***(*)*****,acyclic_anonymous_graph,train
6518,6518,0,CC(=O)c1cccc(C(F)(F)F)c1,CC(=O)c1cccc(C(F)(F)F)c1,CC(=O)c1cccc(C(F)(F)F)c1,c1ccccc1,murcko,train
6535,6535,0,CN(C)CCOCCOC(=O)NCC1(C)CC(NC(=O)OCCOCCN(C)C)CC(C)(C)C1,CN(C)CCOCCOC(=O)NCC1(C)CC(NC(=O)OCCOCCN(C)C)CC(C)(C)C1,CN(C)CCOCCOC(=O)NCC1(C)CC(NC(=O)OCCOCCN(C)C)CC(C)(C)C1,C1CCCCC1,murcko,train
6547,6547,0,CC1=NN(c2ccccc2)C(=O)C1N=Nc1ccc(-c2ccc(N=NC3C(=O)N(c4ccccc4)N=C3C)c(Cl)c2)cc1Cl,CC1=NN(c2ccccc2)C(=O)C1N=Nc1ccc(-c2ccc(N=NC3C(=O)N(c4ccccc4)N=C3C)c(Cl)c2)cc1Cl,CC1=NN(c2ccccc2)C(=O)C1N=Nc1ccc(-c2ccc(N=NC3C(=O)N(c4ccccc4)N=C3C)c(Cl)c2)cc1Cl,O=C1C(N=Nc2ccc(-c3ccc(N=NC4C=NN(c5ccccc5)C4=O)cc3)cc2)C=NN1c1ccccc1,murcko,train
6549,6549,0,COc1cccc(B(O)O)c1F,COc1cccc(B(O)O)c1F,COc1cccc(B(O)O)c1F,c1ccccc1,murcko,train
6554,6554,0,CCC(C)NCCO,CCC(C)NCCO,CCC(C)NCCO,ACY_*****(*)**,acyclic_anonymous_graph,train
6557,6557,0,CCCOC(=O)c1ccc(O)cc1,CCCOC(=O)c1ccc(O)cc1,CCCOC(=O)c1ccc(O)cc1,c1ccccc1,murcko,train
6560,6560,1,O=C(O)c1cn2cc(C(F)(F)F)cc(Cl)c2n1,O=C(O)c1cn2cc(C(F)(F)F)cc(Cl)c2n1,O=C(O)c1cn2cc(C(F)(F)F)cc(Cl)c2n1,c1ccn2ccnc2c1,murcko,test
6575,6575,0,C=C(C)C(=O)OCC(F)(F)C(F)(F)C(F)(F)C(F)F,C=C(C)C(=O)OCC(F)(F)C(F)(F)C(F)(F)C(F)F,C=C(C)C(=O)OCC(F)(F)C(F)(F)C(F)(F)C(F)F,ACY_**(*)*(*)***(*)(*)*(*)(*)*(*)(*)*(*)*,acyclic_anonymous_graph,train
6578,6578,0,COCCc1ccccc1,COCCc1ccccc1,COCCc1ccccc1,c1ccccc1,murcko,train
6582,6582,0,CCCCCCCCCCCCCCCCCCNC(=O)NCCCNC(=O)NCCCCCCCCCCCCCCCCCC,CCCCCCCCCCCCCCCCCCNC(=O)NCCCNC(=O)NCCCCCCCCCCCCCCCCCC,CCCCCCCCCCCCCCCCCCNC(=O)NCCCNC(=O)NCCCCCCCCCCCCCCCCCC,ACY_********************(*)******(*)*******************,acyclic_anonymous_graph,train
6583,6583,0,SCCSCCS,SCCSCCS,SCCSCCS,ACY_*******,acyclic_anonymous_graph,train
6587,6587,0,CCCCCCCCCCCCCCCCCCCCCC(=O)O,CCCCCCCCCCCCCCCCCCCCCC(=O)O,CCCCCCCCCCCCCCCCCCCCCC(=O)O,ACY_**********************(*)*,acyclic_anonymous_graph,train
6595,6595,0,O=C(Nc1ccc(NC(=O)c2cc3ccccc3c(N=Nc3ccc(Cl)cc3[N+](=O)[O-])c2O)c(Cl)c1)c1cc2ccccc2c(N=Nc2ccc(Cl)cc2[N+](=O)[O-])c1O,O=C(Nc1ccc(NC(=O)c2cc3ccccc3c(N=Nc3ccc(Cl)cc3[N+](=O)[O-])c2O)c(Cl)c1)c1cc2ccccc2c(N=Nc2ccc(Cl)cc2[N+](=O)[O-])c1O,O=C(Nc1ccc(NC(=O)c2cc3ccccc3c(N=Nc3ccc(Cl)cc3[N+](=O)[O-])c2O)c(Cl)c1)c1cc2ccccc2c(N=Nc2ccc(Cl)cc2[N+](=O)[O-])c1O,O=C(Nc1ccc(NC(=O)c2cc(N=Nc3ccccc3)c3ccccc3c2)cc1)c1cc(N=Nc2ccccc2)c2ccccc2c1,murcko,train
6599,6599,0,O=[p+]1oc2ccccc2c2ccccc21,O=[p+]1oc2ccccc2c2ccccc21,O=[p+]1oc2ccccc2c2ccccc21,O=[p+]1oc2ccccc2c2ccccc21,murcko,train
6601,6601,0,CCCCCCCCC=CCCCCCCCC(=O)OCCCCCCCCCCCC,CCCCCCCCC=CCCCCCCCC(=O)OCCCCCCCCCCCC,CCCCCCCCC=CCCCCCCCC(=O)OCCCCCCCCCCCC,ACY_******************(*)*************,acyclic_anonymous_graph,train
6608,6608,0,CC(O)C(O)C(O)C(O)C=O,CC(O)C(O)C(O)C(O)C=O,CC(O)C(O)C(O)C(O)C=O,ACY_***(*)*(*)*(*)*(*)*,acyclic_anonymous_graph,train
6617,6617,0,CCCCCCCCC=CCCCCCCCC(=O)N(C)CC(=O)O,CCCCCCCCC=CCCCCCCCC(=O)N(C)CC(=O)O,CCCCCCCCC=CCCCCCCCC(=O)N(C)CC(=O)O,ACY_******************(*)*(*)**(*)*,acyclic_anonymous_graph,train
6621,6621,0,C=C(OCC)C1C(C)(C)CC(=O)CC1(C)C,C=C(OCC)C1C(C)(C)CC(=O)CC1(C)C,C=C(OCC)C1C(C)(C)CC(=O)CC1(C)C,O=C1CCCCC1,murcko,test
6632,6632,0,CCCCCCCCCCCC(=O)[O][Sn]([CH2]CCCCCCC)([CH2]CCCCCCC)[O]C(=O)CCCCCCCCCCC,CCCCCCCCCCCC(=O)[O][Sn]([CH2]CCCCCCC)([CH2]CCCCCCC)[O]C(=O)CCCCCCCCCCC,CCCCCCC[CH2][Sn+2][CH2]CCCCCCC,ACY_************(*)**(********)(********)**(*)***********,acyclic_anonymous_graph,train
6637,6637,0,Cc1[nH]n(C)c(=O)c1C(=O)c1ccc(C(F)(F)F)cc1S(C)(=O)=O,Cc1[nH]n(C)c(=O)c1C(=O)c1ccc(C(F)(F)F)cc1S(C)(=O)=O,Cc1[nH]n(C)c(=O)c1C(=O)c1ccc(C(F)(F)F)cc1S(C)(=O)=O,O=C(c1ccccc1)c1c[nH][nH]c1=O,murcko,test
6638,6638,0,CC1C(C)(C)C2=C(C3OCOCC3CC2)C1(C)C,CC1C(C)(C)C2=C(C3OCOCC3CC2)C1(C)C,CC1C(C)(C)C2=C(C3OCOCC3CC2)C1(C)C,C1CC2=C(C1)C1OCOCC1CC2,murcko,test
6644,6644,0,CCCCCCCCCCCCCCCCO,CCCCCCCCCCCCCCCCO,CCCCCCCCCCCCCCCCO,ACY_*****************,acyclic_anonymous_graph,train
6647,6647,0,C[N+](C)(C)CC(O)CC(=O)O,C[N+](C)(C)CC(O)CC(=O)O,C[N+](C)(C)CC(O)CC(=O)O,ACY_**(*)**(*)**(*)(*)*,acyclic_anonymous_graph,train
6655,6655,0,CCC=CCCOC(C)=O,CCC=CCCOC(C)=O,CCC=CCCOC(C)=O,ACY_********(*)*,acyclic_anonymous_graph,train
6656,6656,0,CCCCCCCCC=CCCCCCCCCOC(=O)CCCCCCCC=CCCCCCCCC,CCCCCCCCC=CCCCCCCCCOC(=O)CCCCCCCC=CCCCCCCCC,CCCCCCCCC=CCCCCCCCCOC(=O)CCCCCCCC=CCCCCCCCC,ACY_********************(*)*****************,acyclic_anonymous_graph,train
6658,6658,0,CCCCCCCCCc1cccc(Nc2cccc(CCCCCCCCC)c2)c1,CCCCCCCCCc1cccc(Nc2cccc(CCCCCCCCC)c2)c1,CCCCCCCCCc1cccc(Nc2cccc(CCCCCCCCC)c2)c1,c1ccc(Nc2ccccc2)cc1,murcko,train
6662,6662,0,O=C1NCCN1CCO,O=C1NCCN1CCO,O=C1NCCN1CCO,O=C1NCCN1,murcko,test
6664,6664,0,CCn1cc[n+](C)c1,CCn1cc[n+](C)c1,CCn1cc[n+](C)c1,c1c[nH+]c[nH]1,murcko,test
6671,6671,0,CCCCCCC1C(=O)CCC1C(=O)OC,CCCCCCC1C(=O)CCC1C(=O)OC,CCCCCCC1C(=O)CCC1C(=O)OC,O=C1CCCC1,murcko,test
6672,6672,0,CC(O)CN(CC(C)O)c1nc(Nc2ccc(C=Cc3ccc(Nc4nc(Nc5cc(S(=O)(=O)O)ccc5S(=O)(=O)O)nc(N(CC(C)O)CC(C)O)n4)cc3S(=O)(=O)O)c(S(=O)(=O)O)c2)nc(Nc2cc(S(=O)(=O)O)ccc2S(=O)(=O)O)n1,CC(O)CN(CC(C)O)c1nc(Nc2ccc(C=Cc3ccc(Nc4nc(Nc5cc(S(=O)(=O)O)ccc5S(=O)(=O)O)nc(N(CC(C)O)CC(C)O)n4)cc3S(=O)(=O)O)c(S(=O)(=O)O)c2)nc(Nc2cc(S(=O)(=O)O)ccc2S(=O)(=O)O)n1,CC(O)CN(CC(C)O)c1nc(Nc2ccc(C=Cc3ccc(Nc4nc(Nc5cc(S(=O)(=O)O)ccc5S(=O)(=O)O)nc(N(CC(C)O)CC(C)O)n4)cc3S(=O)(=O)O)c(S(=O)(=O)O)c2)nc(Nc2cc(S(=O)(=O)O)ccc2S(=O)(=O)O)n1,C(=Cc1ccc(Nc2ncnc(Nc3ccccc3)n2)cc1)c1ccc(Nc2ncnc(Nc3ccccc3)n2)cc1,murcko,train
6674,6674,0,O=C(CCNc1ccc(N=Nc2ccc([N+](=O)[O-])cc2)cc1Cl)OCC(=O)OCCN1C(=O)c2ccccc2C1=O,O=C(CCNc1ccc(N=Nc2ccc([N+](=O)[O-])cc2)cc1Cl)OCC(=O)OCCN1C(=O)c2ccccc2C1=O,O=C(CCNc1ccc(N=Nc2ccc([N+](=O)[O-])cc2)cc1Cl)OCC(=O)OCCN1C(=O)c2ccccc2C1=O,O=C(CCNc1ccc(N=Nc2ccccc2)cc1)OCC(=O)OCCN1C(=O)c2ccccc2C1=O,murcko,train
6675,6675,0,C=CS(=O)(=O)c1ccc(N=Nc2c(S(=O)(=O)O)cc3cc(S(=O)(=O)O)c(N=Nc4ccc(S(=O)(=O)C=C)cc4S(=O)(=O)O)c(O)c3c2N)cc1,C=CS(=O)(=O)c1ccc(N=Nc2c(S(=O)(=O)O)cc3cc(S(=O)(=O)O)c(N=Nc4ccc(S(=O)(=O)C=C)cc4S(=O)(=O)O)c(O)c3c2N)cc1,C=CS(=O)(=O)c1ccc(N=Nc2c(S(=O)(=O)O)cc3cc(S(=O)(=O)O)c(N=Nc4ccc(S(=O)(=O)C=C)cc4S(=O)(=O)O)c(O)c3c2N)cc1,c1ccc(N=Nc2ccc3ccc(N=Nc4ccccc4)cc3c2)cc1,murcko,test
6684,6684,0,CC(=O)CC(C)(C)OO,CC(=O)CC(C)(C)OO,CC(=O)CC(C)(C)OO,ACY_***(*)(*)**(*)*,acyclic_anonymous_graph,train
6686,6686,0,CC(O)COC(C)COC(C)COCCN(CCOCC(C)OCC(C)OCC(C)O)CCOC(C)COC(C)COC(C)CO,CC(O)COC(C)COC(C)COCCN(CCOCC(C)OCC(C)OCC(C)O)CCOC(C)COC(C)COC(C)CO,CC(O)COC(C)COC(C)COCCN(CCOCC(C)OCC(C)OCC(C)O)CCOC(C)COC(C)COC(C)CO,ACY_***(*)***(*)***(*)****(*****(*)***(*)***(*)*)*****(*)***(*)***(*)*,acyclic_anonymous_graph,test
6691,6691,0,CC(C)CCCCCCCO,CC(C)CCCCCCCO,CC(C)CCCCCCCO,ACY_*********(*)*,acyclic_anonymous_graph,train
6692,6692,0,CC(=O)O,CC(=O)O,CC(=O)O,ACY_**(*)*,acyclic_anonymous_graph,train
6695,6695,0,CCCCCCCCC=CCCCCCCCCO,CCCCCCCCC=CCCCCCCCCO,CCCCCCCCC=CCCCCCCCCO,ACY_*******************,acyclic_anonymous_graph,train
6701,6701,0,CC1(C)CCCC2(C)C1CCC1(C)OCCC12,CC1(C)CCCC2(C)C1CCC1(C)OCCC12,CC1(C)CCCC2(C)C1CCC1(C)OCCC12,C1CCC2C(C1)CCC1OCCC12,murcko,train
6706,6706,1,Nc1c(I)c(C(=O)Cl)c(I)c(C(=O)Cl)c1I,Nc1c(I)c(C(=O)Cl)c(I)c(C(=O)Cl)c1I,Nc1c(I)c(C(=O)Cl)c(I)c(C(=O)Cl)c1I,c1ccccc1,murcko,train
6707,6707,0,COC(=O)C1CCCO1,COC(=O)C1CCCO1,COC(=O)C1CCCO1,C1CCOC1,murcko,test
6709,6709,0,C=C(C)c1cccc(C(=C)C)c1,C=C(C)c1cccc(C(=C)C)c1,C=C(C)c1cccc(C(=C)C)c1,c1ccccc1,murcko,train
6725,6725,0,N#[N+]c1ccc2c(S(=O)(=O)Cl)cccc2c1[O-],N#[N+]c1ccc2c(S(=O)(=O)Cl)cccc2c1[O-],N#[N+]c1ccc2c(S(=O)(=O)Cl)cccc2c1[O-],c1ccc2ccccc2c1,murcko,test
6728,6728,1,C=C(COC(C)=O)COC(C)=O,C=C(COC(C)=O)COC(C)=O,C=C(COC(C)=O)COC(C)=O,ACY_**(*)***(*)***(*)*,acyclic_anonymous_graph,train
6729,6729,0,C=C(C)C(=O)OCCNC(C)(C)C,C=C(C)C(=O)OCCNC(C)(C)C,C=C(C)C(=O)OCCNC(C)(C)C,ACY_**(*)*(*)*****(*)(*)*,acyclic_anonymous_graph,train
6732,6732,0,CCCCCCCCCCCC(=O)OCC(C)C,CCCCCCCCCCCC(=O)OCC(C)C,CCCCCCCCCCCC(=O)OCC(C)C,ACY_************(*)***(*)*,acyclic_anonymous_graph,train
6733,6733,0,CCCC(C)=NO[Si](C)(ON=C(C)CCC)ON=C(C)CCC,CCCC(C)=NO[Si](C)(ON=C(C)CCC)ON=C(C)CCC,CCCC(C)=NO[Si](C)(ON=C(C)CCC)ON=C(C)CCC,ACY_****(*)***(*)(***(*)***)***(*)***,acyclic_anonymous_graph,train
6737,6737,0,CCCCCCCCC(CCCCCC)C(=O)OCC(=O)Nc1ccc(-c2nc3c(Cl)c(C(C)(C)C)[nH]n3n2)cc1,CCCCCCCCC(CCCCCC)C(=O)OCC(=O)Nc1ccc(-c2nc3c(Cl)c(C(C)(C)C)[nH]n3n2)cc1,CCCCCCCCC(CCCCCC)C(=O)OCC(=O)Nc1ccc(-c2nc3c(Cl)c(C(C)(C)C)[nH]n3n2)cc1,c1ccc(-c2nc3cc[nH]n3n2)cc1,murcko,train
6745,6745,0,CCC(CC)CC1(C(=O)O)CCCCC1,CCC(CC)CC1(C(=O)O)CCCCC1,CCC(CC)CC1(C(=O)O)CCCCC1,C1CCCCC1,murcko,train
6758,6758,0,CN(C)CCCN(C)CCCN(C)C,CN(C)CCCN(C)CCCN(C)C,CN(C)CCCN(C)CCCN(C)C,ACY_**(*)****(*)****(*)*,acyclic_anonymous_graph,train
6765,6765,0,Cc1ccc(N(CC(C)O)CC(C)O)cc1,Cc1ccc(N(CC(C)O)CC(C)O)cc1,Cc1ccc(N(CC(C)O)CC(C)O)cc1,c1ccccc1,murcko,train
6772,6772,0,CC(c1ccccc1)c1ccccc1,CC(c1ccccc1)c1ccccc1,CC(c1ccccc1)c1ccccc1,c1ccc(Cc2ccccc2)cc1,murcko,train
6773,6773,0,O=C(O)CCCCCCCC(=O)O,O=C(O)CCCCCCCC(=O)O,O=C(O)CCCCCCCC(=O)O,ACY_**(*)********(*)*,acyclic_anonymous_graph,train
6774,6774,0,CCOC(C)OC1CCCCCCCCCCC1,CCOC(C)OC1CCCCCCCCCCC1,CCOC(C)OC1CCCCCCCCCCC1,C1CCCCCCCCCCC1,murcko,train
6782,6782,0,O=C(Nc1ccc(NC(=O)c2cc3ccccc3c(N=Nc3cc(Cl)ccc3Cl)c2O)cc1)c1cc2ccccc2c(N=Nc2cc(Cl)ccc2Cl)c1O,O=C(Nc1ccc(NC(=O)c2cc3ccccc3c(N=Nc3cc(Cl)ccc3Cl)c2O)cc1)c1cc2ccccc2c(N=Nc2cc(Cl)ccc2Cl)c1O,O=C(Nc1ccc(NC(=O)c2cc3ccccc3c(N=Nc3cc(Cl)ccc3Cl)c2O)cc1)c1cc2ccccc2c(N=Nc2cc(Cl)ccc2Cl)c1O,O=C(Nc1ccc(NC(=O)c2cc(N=Nc3ccccc3)c3ccccc3c2)cc1)c1cc(N=Nc2ccccc2)c2ccccc2c1,murcko,train
6786,6786,0,CCO[P+](=O)[O-],CCO[P+](=O)[O-],CCO[P+](=O)[O-],ACY_****(*)*,acyclic_anonymous_graph,test
6787,6787,0,O=S(=O)([O-])CC(O)C[n+]1ccccc1,O=S(=O)([O-])CC(O)C[n+]1ccccc1,O=S(=O)([O-])CC(O)C[n+]1ccccc1,c1cc[nH+]cc1,murcko,train
6789,6789,0,CCC=CCCCCCCCC(=O)OC,CCC=CCCCCCCCC(=O)OC,CCC=CCCCCCCCC(=O)OC,ACY_************(*)**,acyclic_anonymous_graph,train
6791,6791,0,CN1C(=O)N(C)C(O)C1O,CN1C(=O)N(C)C(O)C1O,CN1C(=O)N(C)C(O)C1O,O=C1NCCN1,murcko,test
6800,6800,0,CCCCCCCCCCCCOP(=O)(O)O,CCCCCCCCCCCCOP(=O)(O)O,CCCCCCCCCCCCOP(=O)(O)O,ACY_**************(*)(*)*,acyclic_anonymous_graph,test
6808,6808,0,OC1(c2ccc(Cl)cc2)CCNCC1,OC1(c2ccc(Cl)cc2)CCNCC1,OC1(c2ccc(Cl)cc2)CCNCC1,c1ccc(C2CCNCC2)cc1,murcko,test
6812,6812,0,CC12CCC3C4=C(CCC3C1CCC2=O)CC(=O)CC4,CC12CCC3C4=C(CCC3C1CCC2=O)CC(=O)CC4,CC12CCC3C4=C(CCC3C1CCC2=O)CC(=O)CC4,O=C1CCC2=C(CCC3C2CCC2C(=O)CCC23)C1,murcko,train
6819,6819,1,Nc1ccc(O)cc1F,Nc1ccc(O)cc1F,Nc1ccc(O)cc1F,c1ccccc1,murcko,train
6828,6828,0,O=C(CO)C(O)CO,O=C(CO)C(O)CO,O=C(CO)C(O)CO,ACY_***(*)*(*)**,acyclic_anonymous_graph,test
6846,6846,1,CCOC(=O)OCCOc1cc(O)c2c(c1N)C(=O)c1ccccc1C2=O,CCOC(=O)OCCOc1cc(O)c2c(c1N)C(=O)c1ccccc1C2=O,CCOC(=O)OCCOc1cc(O)c2c(c1N)C(=O)c1ccccc1C2=O,O=C1c2ccccc2C(=O)c2ccccc21,murcko,test
6851,6851,0,FC(F)C(F)(F)OCC(F)(F)F,FC(F)C(F)(F)OCC(F)(F)F,FC(F)C(F)(F)OCC(F)(F)F,ACY_**(*)*(*)(*)***(*)(*)*,acyclic_anonymous_graph,test
6855,6855,0,O=C(Nc1cc(Cl)c(NC(=O)c2cc3ccccc3c(N=Nc3cc(Cl)ccc3Cl)c2O)cc1Cl)c1cc2ccccc2c(N=Nc2cc(Cl)ccc2Cl)c1O,O=C(Nc1cc(Cl)c(NC(=O)c2cc3ccccc3c(N=Nc3cc(Cl)ccc3Cl)c2O)cc1Cl)c1cc2ccccc2c(N=Nc2cc(Cl)ccc2Cl)c1O,O=C(Nc1cc(Cl)c(NC(=O)c2cc3ccccc3c(N=Nc3cc(Cl)ccc3Cl)c2O)cc1Cl)c1cc2ccccc2c(N=Nc2cc(Cl)ccc2Cl)c1O,O=C(Nc1ccc(NC(=O)c2cc(N=Nc3ccccc3)c3ccccc3c2)cc1)c1cc(N=Nc2ccccc2)c2ccccc2c1,murcko,train
6858,6858,0,Cc1cc(Cc2cc(C)cc(C3CCCCC3)c2O)c(O)c(C2CCCCC2)c1,Cc1cc(Cc2cc(C)cc(C3CCCCC3)c2O)c(O)c(C2CCCCC2)c1,Cc1cc(Cc2cc(C)cc(C3CCCCC3)c2O)c(O)c(C2CCCCC2)c1,c1cc(Cc2cccc(C3CCCCC3)c2)cc(C2CCCCC2)c1,murcko,train
6874,6874,0,CC(=O)NC1CC(C)(C)NC(C)(C)C1,CC(=O)NC1CC(C)(C)NC(C)(C)C1,CC(=O)NC1CC(C)(C)NC(C)(C)C1,C1CCNCC1,murcko,train
6881,6881,0,Cc1nc2ccccn2c(=O)c1CCCl,Cc1nc2ccccn2c(=O)c1CCCl,Cc1nc2ccccn2c(=O)c1CCCl,O=c1ccnc2ccccn12,murcko,test
6883,6883,0,CCN(CC)c1nc(Nc2ccc(C=Cc3ccc(Nc4nc(Nc5cc(S(=O)(=O)O)ccc5S(=O)(=O)O)nc(N(CC)CC)n4)cc3S(=O)(=O)O)c(S(=O)(=O)O)c2)nc(Nc2cc(S(=O)(=O)O)ccc2S(=O)(=O)O)n1,CCN(CC)c1nc(Nc2ccc(C=Cc3ccc(Nc4nc(Nc5cc(S(=O)(=O)O)ccc5S(=O)(=O)O)nc(N(CC)CC)n4)cc3S(=O)(=O)O)c(S(=O)(=O)O)c2)nc(Nc2cc(S(=O)(=O)O)ccc2S(=O)(=O)O)n1,CCN(CC)c1nc(Nc2ccc(C=Cc3ccc(Nc4nc(Nc5cc(S(=O)(=O)O)ccc5S(=O)(=O)O)nc(N(CC)CC)n4)cc3S(=O)(=O)O)c(S(=O)(=O)O)c2)nc(Nc2cc(S(=O)(=O)O)ccc2S(=O)(=O)O)n1,C(=Cc1ccc(Nc2ncnc(Nc3ccccc3)n2)cc1)c1ccc(Nc2ncnc(Nc3ccccc3)n2)cc1,murcko,train
6886,6886,0,CCCSP(=O)(OCC)Oc1ccc(Br)cc1Cl,CCCSP(=O)(OCC)Oc1ccc(Br)cc1Cl,CCCSP(=O)(OCC)Oc1ccc(Br)cc1Cl,c1ccccc1,murcko,train
6892,6892,0,CN(C)c1ccc(C(=C2C=CC(=[N+](C)C)C=C2)c2ccccc2)cc1,CN(C)c1ccc(C(=C2C=CC(=[N+](C)C)C=C2)c2ccccc2)cc1,CN(C)c1ccc(C(=C2C=CC(=[N+](C)C)C=C2)c2ccccc2)cc1,[N+]=C1C=CC(=C(c2ccccc2)c2ccccc2)C=C1,murcko,train
6898,6898,0,CCCCCCCCC(=O)OCC(C)OC(=O)CCCCCCCC,CCCCCCCCC(=O)OCC(C)OC(=O)CCCCCCCC,CCCCCCCCC(=O)OCC(C)OC(=O)CCCCCCCC,ACY_*********(*)***(*)**(*)********,acyclic_anonymous_graph,train
6899,6899,1,CCOC(=O)c1ccnc(C(=O)OCC)c1,CCOC(=O)c1ccnc(C(=O)OCC)c1,CCOC(=O)c1ccnc(C(=O)OCC)c1,c1ccncc1,murcko,train
6909,6909,0,CC(C)CCCCCCCCCCCCCCCOC(=O)CCCCCCCCCCCCCCC(C)C,CC(C)CCCCCCCCCCCCCCCOC(=O)CCCCCCCCCCCCCCC(C)C,CC(C)CCCCCCCCCCCCCCCOC(=O)CCCCCCCCCCCCCCC(C)C,ACY_**(*)*****************(*)***************(*)*,acyclic_anonymous_graph,train
6915,6915,0,COC(C)(C)CCCC(C)C(C)O,COC(C)(C)CCCC(C)C(C)O,COC(C)(C)CCCC(C)C(C)O,ACY_***(*)(*)****(*)*(*)*,acyclic_anonymous_graph,train
6918,6918,0,O=S(=O)(O)c1cc(Nc2nc(Nc3ccccc3)nc(N(CCO)CCO)n2)ccc1C=Cc1ccc(Nc2nc(Nc3ccccc3)nc(N(CCO)CCO)n2)cc1S(=O)(=O)O,O=S(=O)(O)c1cc(Nc2nc(Nc3ccccc3)nc(N(CCO)CCO)n2)ccc1C=Cc1ccc(Nc2nc(Nc3ccccc3)nc(N(CCO)CCO)n2)cc1S(=O)(=O)O,O=S(=O)(O)c1cc(Nc2nc(Nc3ccccc3)nc(N(CCO)CCO)n2)ccc1C=Cc1ccc(Nc2nc(Nc3ccccc3)nc(N(CCO)CCO)n2)cc1S(=O)(=O)O,C(=Cc1ccc(Nc2ncnc(Nc3ccccc3)n2)cc1)c1ccc(Nc2ncnc(Nc3ccccc3)n2)cc1,murcko,train
6921,6921,0,CCC(C)=CCCC(C)CCO,CCC(C)=CCCC(C)CCO,CCC(C)=CCCC(C)CCO,ACY_****(*)****(*)**,acyclic_anonymous_graph,train
6925,6925,0,CC#N,CC#N,CC#N,ACY_***,acyclic_anonymous_graph,train
6926,6926,0,CC(F)(F)F,CC(F)(F)F,CC(F)(F)F,ACY_**(*)(*)*,acyclic_anonymous_graph,train
6928,6928,1,C=C(C)C(=O)OCCN1CCOC12CCCCC2,C=C(C)C(=O)OCCN1CCOC12CCCCC2,C=C(C)C(=O)OCCN1CCOC12CCCCC2,C1CCC2(CC1)NCCO2,murcko,test
6934,6934,0,CCCCCCCCCCCCCCCC(=O)OCCO,CCCCCCCCCCCCCCCC(=O)OCCO,CCCCCCCCCCCCCCCC(=O)OCCO,ACY_****************(*)****,acyclic_anonymous_graph,train
6937,6937,0,CC1=CCC(C(C)C)C=C1,CC1=CCC(C(C)C)C=C1,CC1=CCC(C(C)C)C=C1,C1=CCCC=C1,murcko,train
6938,6938,0,CC(O)(P(=O)(O)O)P(=O)(O)O,CC(O)(P(=O)(O)O)P(=O)(O)O,CC(O)(P(=O)(O)O)P(=O)(O)O,ACY_**(*)(*)*(*)(*)*(*)(*)*,acyclic_anonymous_graph,train
6939,6939,0,CCCCCCCCC=CCCCCCCCC(=O)OCC(C)(C)COC(=O)CCCCCCCC=CCCCCCCCC,CCCCCCCCC=CCCCCCCCC(=O)OCC(C)(C)COC(=O)CCCCCCCC=CCCCCCCCC,CCCCCCCCC=CCCCCCCCC(=O)OCC(C)(C)COC(=O)CCCCCCCC=CCCCCCCCC,ACY_******************(*)***(*)(*)***(*)*****************,acyclic_anonymous_graph,train
6946,6946,0,CCN(CC)c1nc(Nc2ccc(S(=O)(=O)O)cc2)nc(Nc2ccc(C=Cc3ccc(Nc4nc(Nc5ccc(S(=O)(=O)O)cc5)nc(N(CC)CC)n4)cc3S(=O)(=O)O)c(S(=O)(=O)O)c2)n1,CCN(CC)c1nc(Nc2ccc(S(=O)(=O)O)cc2)nc(Nc2ccc(C=Cc3ccc(Nc4nc(Nc5ccc(S(=O)(=O)O)cc5)nc(N(CC)CC)n4)cc3S(=O)(=O)O)c(S(=O)(=O)O)c2)n1,CCN(CC)c1nc(Nc2ccc(S(=O)(=O)O)cc2)nc(Nc2ccc(C=Cc3ccc(Nc4nc(Nc5ccc(S(=O)(=O)O)cc5)nc(N(CC)CC)n4)cc3S(=O)(=O)O)c(S(=O)(=O)O)c2)n1,C(=Cc1ccc(Nc2ncnc(Nc3ccccc3)n2)cc1)c1ccc(Nc2ncnc(Nc3ccccc3)n2)cc1,murcko,train
6948,6948,0,CCCCCCCCCCC(CCCCCCCC)COC1OCC(O)C(O)C1O,CCCCCCCCCCC(CCCCCCCC)COC1OCC(O)C(O)C1O,CCCCCCCCCCC(CCCCCCCC)COC1OCC(O)C(O)C1O,C1CCOCC1,murcko,train
6951,6951,0,CN=C(N)N[N+](=O)[O-],CN=C(N)N[N+](=O)[O-],CN=C(N)N[N+](=O)[O-],ACY_***(*)**(*)*,acyclic_anonymous_graph,train
6954,6954,0,CCCCCC=CCC1CC(=O)OC1=O,CCCCCC=CCC1CC(=O)OC1=O,CCCCCC=CCC1CC(=O)OC1=O,O=C1CCC(=O)O1,murcko,train
6960,6960,0,C=CC(=O)OCC1CC2CC1C1CCC(COC(=O)C=C)C21,C=CC(=O)OCC1CC2CC1C1CCC(COC(=O)C=C)C21,C=CC(=O)OCC1CC2CC1C1CCC(COC(=O)C=C)C21,C1CC2C3CCC(C3)C2C1,murcko,test
6968,6968,0,CC1(C)CC(NC(=O)c2cccc(C(=O)NC3CC(C)(C)NC(C)(C)C3)c2)CC(C)(C)N1,CC1(C)CC(NC(=O)c2cccc(C(=O)NC3CC(C)(C)NC(C)(C)C3)c2)CC(C)(C)N1,CC1(C)CC(NC(=O)c2cccc(C(=O)NC3CC(C)(C)NC(C)(C)C3)c2)CC(C)(C)N1,O=C(NC1CCNCC1)c1cccc(C(=O)NC2CCNCC2)c1,murcko,train
6970,6970,0,O=C(O)c1ccccc1C(=O)c1ccc(-c2ccccc2)cc1,O=C(O)c1ccccc1C(=O)c1ccc(-c2ccccc2)cc1,O=C(O)c1ccccc1C(=O)c1ccc(-c2ccccc2)cc1,O=C(c1ccccc1)c1ccc(-c2ccccc2)cc1,murcko,train
6982,6982,0,C=C(C)C(=O)OCC1CC2CC1C1CCC(COC(=O)C(=C)C)C21,C=C(C)C(=O)OCC1CC2CC1C1CCC(COC(=O)C(=C)C)C21,C=C(C)C(=O)OCC1CC2CC1C1CCC(COC(=O)C(=C)C)C21,C1CC2C3CCC(C3)C2C1,murcko,test
6984,6984,0,CCCCCCCCCc1cc(C(C)(C)C)c(O)c(C(C)(C)C)c1,CCCCCCCCCc1cc(C(C)(C)C)c(O)c(C(C)(C)C)c1,CCCCCCCCCc1cc(C(C)(C)C)c(O)c(C(C)(C)C)c1,c1ccccc1,murcko,train
6994,6994,0,CCCCCCCCCCCC(=O)N(C)CCS(=O)(=O)O,CCCCCCCCCCCC(=O)N(C)CCS(=O)(=O)O,CCCCCCCCCCCC(=O)N(C)CCS(=O)(=O)O,ACY_************(*)*(*)***(*)(*)*,acyclic_anonymous_graph,test
6995,6995,0,Cc1cn2c(nc1=O)OC1C(O)C(CO)OC12,Cc1cn2c(nc1=O)OC1C(O)C(CO)OC12,Cc1cn2c(nc1=O)OC1C(O)C(CO)OC12,O=c1ccn2c(n1)OC1CCOC12,murcko,train
7004,7004,0,O=c1c2cc(Br)c3cccc4c(=O)c5cc(Br)c6cccc1c6c5-c2c34,O=c1c2cc(Br)c3cccc4c(=O)c5cc(Br)c6cccc1c6c5-c2c34,O=c1c2cc(Br)c3cccc4c(=O)c5cc(Br)c6cccc1c6c5-c2c34,O=c1c2ccc3cccc4c(=O)c5ccc6cccc1c6c5-c2c34,murcko,train
7017,7017,0,CC(C)CC(C)(C#N)N=NC(C)(C#N)CC(C)C,CC(C)CC(C)(C#N)N=NC(C)(C#N)CC(C)C,CC(C)CC(C)(C#N)N=NC(C)(C#N)CC(C)C,ACY_***(*)(***(*)(**)**(*)*)**(*)*,acyclic_anonymous_graph,test
7023,7023,0,O=C1CCC2CCCCC2O1,O=C1CCC2CCCCC2O1,O=C1CCC2CCCCC2O1,O=C1CCC2CCCCC2O1,murcko,train
7025,7025,0,O=S(=O)(O)CCN1CCOCC1,O=S(=O)(O)CCN1CCOCC1,O=S(=O)(O)CCN1CCOCC1,C1COCCN1,murcko,train
7026,7026,0,COC(C)CCOC(C)=O,COC(C)CCOC(C)=O,COC(C)CCOC(C)=O,ACY_***(*)****(*)*,acyclic_anonymous_graph,test
7028,7028,0,CCOC(=O)CN(CC(=O)OCC)C(=O)Oc1c(C#N)c(C(=O)OC2C(C(C)(C)C)CC(C)CC2C(C)(C)C)c2nc(-c3ccc(C(C)(C)C)cc3)[nH]n12,CCOC(=O)CN(CC(=O)OCC)C(=O)Oc1c(C#N)c(C(=O)OC2C(C(C)(C)C)CC(C)CC2C(C)(C)C)c2nc(-c3ccc(C(C)(C)C)cc3)[nH]n12,CCOC(=O)CN(CC(=O)OCC)C(=O)Oc1c(C#N)c(C(=O)OC2C(C(C)(C)C)CC(C)CC2C(C)(C)C)c2nc(-c3ccc(C(C)(C)C)cc3)[nH]n12,O=C(OC1CCCCC1)c1ccn2[nH]c(-c3ccccc3)nc12,murcko,train
7030,7030,0,C=CC(=O)OCC(O)COC(=O)C(C)(CCC)CCCC,C=CC(=O)OCC(O)COC(=O)C(C)(CCC)CCCC,C=CC(=O)OCC(O)COC(=O)C(C)(CCC)CCCC,ACY_*****(*)(***)*(*)***(*)***(*)**,acyclic_anonymous_graph,train
7031,7031,0,CCCCC(CC)COC(=O)C(=Cc1cc(OC)c(O)c(OC)c1)C(=O)OCC(CC)CCCC,CCCCC(CC)COC(=O)C(=Cc1cc(OC)c(O)c(OC)c1)C(=O)OCC(CC)CCCC,CCCCC(CC)COC(=O)C(=Cc1cc(OC)c(O)c(OC)c1)C(=O)OCC(CC)CCCC,c1ccccc1,murcko,train
7037,7037,0,CC(CCO)CCO,CC(CCO)CCO,CC(CCO)CCO,ACY_****(*)***,acyclic_anonymous_graph,train
7057,7057,0,OCCN(CCO)C1CCCCC1,OCCN(CCO)C1CCCCC1,OCCN(CCO)C1CCCCC1,C1CCCCC1,murcko,train
7064,7064,0,CCCCCCCCC=CCCCCCCCC(=O)NCCCN(C)CCCNC(=O)CCCCCCCC=CCCCCCCCC,CCCCCCCCC=CCCCCCCCC(=O)NCCCN(C)CCCNC(=O)CCCCCCCC=CCCCCCCCC,CCCCCCCCC=CCCCCCCCC(=O)NCCCN(C)CCCNC(=O)CCCCCCCC=CCCCCCCCC,ACY_******************(*)*****(*)*****(*)*****************,acyclic_anonymous_graph,train
7065,7065,0,O=C=NCCCCCN=C=O,O=C=NCCCCCN=C=O,O=C=NCCCCCN=C=O,ACY_***********,acyclic_anonymous_graph,train
7075,7075,0,CC(C)=CCCC(C)=CCCC(C)=CCO,CC(C)=CCCC(C)=CCCC(C)=CCO,CC(C)=CCCC(C)=CCCC(C)=CCO,ACY_****(*)****(*)****(*)*,acyclic_anonymous_graph,test
7083,7083,0,CCOCOCC,CCOCOCC,CCOCOCC,ACY_*******,acyclic_anonymous_graph,train
7088,7088,0,CC=CCC#N,CC=CCC#N,CC=CCC#N,ACY_******,acyclic_anonymous_graph,train
7092,7092,1,CC12CCC(CC1=O)C2(C)C,CC12CCC(CC1=O)C2(C)C,CC12CCC(CC1=O)C2(C)C,O=C1CC2CCC1C2,murcko,test
7105,7105,0,CC1=NN(c2ccccc2)C(=O)C1=CC1C(=O)N(c2ccccc2)N=C1C,CC1=NN(c2ccccc2)C(=O)C1=CC1C(=O)N(c2ccccc2)N=C1C,CC1=NN(c2ccccc2)C(=O)C1=CC1C(=O)N(c2ccccc2)N=C1C,O=C1C(=CC2C=NN(c3ccccc3)C2=O)C=NN1c1ccccc1,murcko,train
7107,7107,0,CC(c1ccc(OC#N)cc1)c1ccc(OC#N)cc1,CC(c1ccc(OC#N)cc1)c1ccc(OC#N)cc1,CC(c1ccc(OC#N)cc1)c1ccc(OC#N)cc1,c1ccc(Cc2ccccc2)cc1,murcko,train
7112,7112,0,O=[P+](Oc1ccccc1)Oc1ccccc1,O=[P+](Oc1ccccc1)Oc1ccccc1,O=[P+](Oc1ccccc1)Oc1ccccc1,O=[P+](Oc1ccccc1)Oc1ccccc1,murcko,test
7113,7113,1,OCCN1CN(CCO)CN(CCO)C1,OCCN1CN(CCO)CN(CCO)C1,OCCN1CN(CCO)CN(CCO)C1,C1NCNCN1,murcko,test
7114,7114,0,CCCCCCCCP(=O)(O)O,CCCCCCCCP(=O)(O)O,CCCCCCCCP(=O)(O)O,ACY_*********(*)(*)*,acyclic_anonymous_graph,test
7121,7121,1,CC(C)(O)C(=O)c1ccc(Cc2ccc(C(=O)C(C)(C)O)cc2)cc1,CC(C)(O)C(=O)c1ccc(Cc2ccc(C(=O)C(C)(C)O)cc2)cc1,CC(C)(O)C(=O)c1ccc(Cc2ccc(C(=O)C(C)(C)O)cc2)cc1,c1ccc(Cc2ccccc2)cc1,murcko,train
7123,7123,0,CNC(C)C,CNC(C)C,CNC(C)C,ACY_***(*)*,acyclic_anonymous_graph,train
7124,7124,0,CCCCCCCCC(CCCCCC)C(=O)Nc1cc(C)ccc1O,CCCCCCCCC(CCCCCC)C(=O)Nc1cc(C)ccc1O,CCCCCCCCC(CCCCCC)C(=O)Nc1cc(C)ccc1O,c1ccccc1,murcko,train
7129,7129,0,CC(CO)(CO)C(=O)O,CC(CO)(CO)C(=O)O,CC(CO)(CO)C(=O)O,ACY_***(*)(**)*(*)*,acyclic_anonymous_graph,train
7131,7131,0,CC(OC(C)(C)COC(=O)C1CC1)C1CCCC(C)(C)C1,CC(OC(C)(C)COC(=O)C1CC1)C1CCCC(C)(C)C1,CC(OC(C)(C)COC(=O)C1CC1)C1CCCC(C)(C)C1,O=C(OCCOCC1CCCCC1)C1CC1,murcko,test
7133,7133,0,CCn1c(O)c(CS(=O)(=O)O)c(C)c(N=Nc2cc(Nc3nc(F)nc(Nc4ccc(S(=O)(=O)CCOS(=O)(=O)O)cc4)n3)ccc2S(=O)(=O)O)c1=O,CCn1c(O)c(CS(=O)(=O)O)c(C)c(N=Nc2cc(Nc3nc(F)nc(Nc4ccc(S(=O)(=O)CCOS(=O)(=O)O)cc4)n3)ccc2S(=O)(=O)O)c1=O,CCn1c(O)c(CS(=O)(=O)O)c(C)c(N=Nc2cc(Nc3nc(F)nc(Nc4ccc(S(=O)(=O)CCOS(=O)(=O)O)cc4)n3)ccc2S(=O)(=O)O)c1=O,O=c1[nH]cccc1N=Nc1cccc(Nc2ncnc(Nc3ccccc3)n2)c1,murcko,train
7137,7137,1,COc1cc(N=Nc2cc(S(=O)(=O)O)ccc2O)c(N=Nc2c(S(=O)(=O)O)cc3c(S(=O)(=O)O)c(Nc4nc(F)nc(N(C)CCS(=O)(=O)CCOS(=O)(=O)O)n4)ccc3c2O)cc1OC,COc1cc(N=Nc2cc(S(=O)(=O)O)ccc2O)c(N=Nc2c(S(=O)(=O)O)cc3c(S(=O)(=O)O)c(Nc4nc(F)nc(N(C)CCS(=O)(=O)CCOS(=O)(=O)O)n4)ccc3c2O)cc1OC,COc1cc(N=Nc2cc(S(=O)(=O)O)ccc2O)c(N=Nc2c(S(=O)(=O)O)cc3c(S(=O)(=O)O)c(Nc4nc(F)nc(N(C)CCS(=O)(=O)CCOS(=O)(=O)O)n4)ccc3c2O)cc1OC,c1ccc(N=Nc2ccccc2N=Nc2ccc3cc(Nc4ncncn4)ccc3c2)cc1,murcko,train
7139,7139,0,C=CC(=O)OCCCCCCCCCCCCCCCCCCCC,C=CC(=O)OCCCCCCCCCCCCCCCCCCCC,C=CC(=O)OCCCCCCCCCCCCCCCCCCCC,ACY_**********************(*)**,acyclic_anonymous_graph,train
7140,7140,0,C=CC(=O)OCCCCCCCCCCCCCCCCCC,C=CC(=O)OCCCCCCCCCCCCCCCCCC,C=CC(=O)OCCCCCCCCCCCCCCCCCC,ACY_********************(*)**,acyclic_anonymous_graph,train
7142,7142,0,CCCCCC1CCCC1=O,CCCCCC1CCCC1=O,CCCCCC1CCCC1=O,O=C1CCCC1,murcko,test
7143,7143,0,O=C1C(c2[nH]c3ccccc3c2O)=Nc2ccccc21,O=C1C(c2[nH]c3ccccc3c2O)=Nc2ccccc21,O=C1C(c2[nH]c3ccccc3c2O)=Nc2ccccc21,O=C1C(c2cc3ccccc3[nH]2)=Nc2ccccc21,murcko,test
7146,7146,0,O=C1c2ccccc2-c2ccccc21,O=C1c2ccccc2-c2ccccc21,O=C1c2ccccc2-c2ccccc21,O=C1c2ccccc2-c2ccccc21,murcko,train
7151,7151,0,CCC=CCC1=C(C)CCC1=O,CCC=CCC1=C(C)CCC1=O,CCC=CCC1=C(C)CCC1=O,O=C1C=CCC1,murcko,test
7154,7154,0,C1=CCCC=CCCC=CCC1,C1=CCCC=CCCC=CCC1,C1=CCCC=CCCC=CCC1,C1=CCCC=CCCC=CCC1,murcko,train
7163,7163,0,Cc1cc(C)cc(N2C(=O)c3ccc4c5ccc6c7c(ccc(c8ccc(c3c48)C2=O)c75)C(=O)N(c2cc(C)cc(C)c2)C6=O)c1,Cc1cc(C)cc(N2C(=O)c3ccc4c5ccc6c7c(ccc(c8ccc(c3c48)C2=O)c75)C(=O)N(c2cc(C)cc(C)c2)C6=O)c1,Cc1cc(C)cc(N2C(=O)c3ccc4c5ccc6c7c(ccc(c8ccc(c3c48)C2=O)c75)C(=O)N(c2cc(C)cc(C)c2)C6=O)c1,O=C1c2ccc3c4ccc5c6c(ccc(c7ccc(c2c37)C(=O)N1c1ccccc1)c64)C(=O)N(c1ccccc1)C5=O,murcko,train
7166,7166,0,CCCCCCCCC=CCCCCCCCC(=O)OCC(O)COCC(O)CO,CCCCCCCCC=CCCCCCCCC(=O)OCC(O)COCC(O)CO,CCCCCCCCC=CCCCCCCCC(=O)OCC(O)COCC(O)CO,ACY_******************(*)***(*)****(*)**,acyclic_anonymous_graph,train
7178,7178,0,NC(=NCCCC(N)C(=O)O)NP(=O)(O)O,NC(=NCCCC(N)C(=O)O)NP(=O)(O)O,NC(=NCCCC(N)C(=O)O)NP(=O)(O)O,ACY_**(*****(*)*(*)*)**(*)(*)*,acyclic_anonymous_graph,train
7182,7182,0,c1ccc2sc(SN(C3CCCCC3)C3CCCCC3)nc2c1,c1ccc2sc(SN(C3CCCCC3)C3CCCCC3)nc2c1,c1ccc2sc(SN(C3CCCCC3)C3CCCCC3)nc2c1,c1ccc2sc(SN(C3CCCCC3)C3CCCCC3)nc2c1,murcko,train
7183,7183,0,CC1=CCC2C(C1)C2(C)C,CC1=CCC2C(C1)C2(C)C,CC1=CCC2C(C1)C2(C)C,C1=CCC2CC2C1,murcko,train
7185,7185,0,NCCCN(CCO)CCO,NCCCN(CCO)CCO,NCCCN(CCO)CCO,ACY_*****(***)***,acyclic_anonymous_graph,test
7186,7186,0,Cc1ccc(C(C)C)cc1O,Cc1ccc(C(C)C)cc1O,Cc1ccc(C(C)C)cc1O,c1ccccc1,murcko,train
7189,7189,1,C=O,C=O,C=O,ACY_**,acyclic_anonymous_graph,test
7210,7210,1,COc1ccc(Cl)c(S(N)(=O)=O)c1,COc1ccc(Cl)c(S(N)(=O)=O)c1,COc1ccc(Cl)c(S(N)(=O)=O)c1,c1ccccc1,murcko,train
7212,7212,0,CC(=O)N1CSCC1C(=O)O,CC(=O)N1CSCC1C(=O)O,CC(=O)N1CSCC1C(=O)O,C1CSCN1,murcko,train
7214,7214,1,c1cc(N(CC2CO2)CC2CO2)ccc1OCC1CO1,c1cc(N(CC2CO2)CC2CO2)ccc1OCC1CO1,c1cc(N(CC2CO2)CC2CO2)ccc1OCC1CO1,c1cc(N(CC2CO2)CC2CO2)ccc1OCC1CO1,murcko,train
7225,7225,0,OCCCO,OCCCO,OCCCO,ACY_*****,acyclic_anonymous_graph,test
7226,7226,0,CCCCC(CC)COC(=O)CCS,CCCCC(CC)COC(=O)CCS,CCCCC(CC)COC(=O)CCS,ACY_*****(**)***(*)***,acyclic_anonymous_graph,train
7230,7230,1,C1CCOCOC1,C1CCOCOC1,C1CCOCOC1,C1CCOCOC1,murcko,test
7231,7231,0,CCCOCOCCC,CCCOCOCCC,CCCOCOCCC,ACY_*********,acyclic_anonymous_graph,train
7233,7233,0,CCC(COCCO)(COCCO)COCCO,CCC(COCCO)(COCCO)COCCO,CCC(COCCO)(COCCO)COCCO,ACY_******(**)(*****)*****,acyclic_anonymous_graph,test
7235,7235,0,C#N,C#N,C#N,ACY_**,acyclic_anonymous_graph,test
7239,7239,1,CC1(C)C2CCC1(C)C(O)C2,CC1(C)C2CCC1(C)C(O)C2,CC1(C)C2CCC1(C)C(O)C2,C1CC2CCC1C2,murcko,train
7247,7247,0,CCO[Si](CCCCl)(OCC)OCC,CCO[Si](CCCCl)(OCC)OCC,CCO[Si](CCCCl)(OCC)OCC,ACY_*****(***)(***)***,acyclic_anonymous_graph,train
7250,7250,1,C=CC(=O)OCCOC(=O)CCC(=O)O,C=CC(=O)OCCOC(=O)CCC(=O)O,C=CC(=O)OCCOC(=O)CCC(=O)O,ACY_***(*)*****(*)***(*)*,acyclic_anonymous_graph,test
7257,7257,0,O=C(O)C1CC(O)CN1,O=C(O)C1CC(O)CN1,O=C(O)C1CC(O)CN1,C1CCNC1,murcko,train
7264,7264,1,C=CC(=O)N1CCOCC1,C=CC(=O)N1CCOCC1,C=CC(=O)N1CCOCC1,C1COCCN1,murcko,train
7267,7267,1,CC1(C)COCN1,CC1(C)COCN1,CC1(C)COCN1,C1COCN1,murcko,train
7269,7269,0,C=CCCC(=O)Oc1ccccc1,C=CCCC(=O)Oc1ccccc1,C=CCCC(=O)Oc1ccccc1,c1ccccc1,murcko,train
7270,7270,0,O=[N+]([O-])c1cc(S(=O)(=O)Nc2ccccc2)ccc1Nc1ccccc1,O=[N+]([O-])c1cc(S(=O)(=O)Nc2ccccc2)ccc1Nc1ccccc1,O=[N+]([O-])c1cc(S(=O)(=O)Nc2ccccc2)ccc1Nc1ccccc1,O=S(=O)(Nc1ccccc1)c1ccc(Nc2ccccc2)cc1,murcko,train
7303,7303,0,O=C(O)C(=O)O,O=C(O)C(=O)O,O=C(O)C(=O)O,ACY_**(*)*(*)*,acyclic_anonymous_graph,train
7322,7322,0,CCC1(CO)COCOC1,CCC1(CO)COCOC1,CCC1(CO)COCOC1,C1COCOC1,murcko,train
7324,7324,0,CNS(=O)(=O)c1cc(OC)c(N=Nc2c(O)c(C(=O)Nc3ccc4[nH]c(=O)[nH]c4c3)cc3ccccc23)cc1C,CNS(=O)(=O)c1cc(OC)c(N=Nc2c(O)c(C(=O)Nc3ccc4[nH]c(=O)[nH]c4c3)cc3ccccc23)cc1C,CNS(=O)(=O)c1cc(OC)c(N=Nc2c(O)c(C(=O)Nc3ccc4[nH]c(=O)[nH]c4c3)cc3ccccc23)cc1C,O=C(Nc1ccc2[nH]c(=O)[nH]c2c1)c1cc(N=Nc2ccccc2)c2ccccc2c1,murcko,test
7347,7347,0,O=[N+]([O-])c1ccc(N=Nc2c(O)ccc3ccccc23)c(O)c1,O=[N+]([O-])c1ccc(N=Nc2c(O)ccc3ccccc23)c(O)c1,O=[N+]([O-])c1ccc(N=Nc2c(O)ccc3ccccc23)c(O)c1,c1ccc(N=Nc2cccc3ccccc23)cc1,murcko,train
7352,7352,0,CCCCCCCCCCCC(=O)NCCCCC(N)C(=O)O,CCCCCCCCCCCC(=O)NCCCCC(N)C(=O)O,CCCCCCCCCCCC(=O)NCCCCC(N)C(=O)O,ACY_************(*)******(*)*(*)*,acyclic_anonymous_graph,train
7353,7353,0,CCOC(=O)C(C#N)=C(c1ccccc1)c1ccccc1,CCOC(=O)C(C#N)=C(c1ccccc1)c1ccccc1,CCOC(=O)C(C#N)=C(c1ccccc1)c1ccccc1,C=C(c1ccccc1)c1ccccc1,murcko,train
7370,7370,0,CCCC1CCC(c2ccc(-c3ccc(-c4cc(F)c(OC(F)(F)F)c(F)c4)c(F)c3)cc2)CC1,CCCC1CCC(c2ccc(-c3ccc(-c4cc(F)c(OC(F)(F)F)c(F)c4)c(F)c3)cc2)CC1,CCCC1CCC(c2ccc(-c3ccc(-c4cc(F)c(OC(F)(F)F)c(F)c4)c(F)c3)cc2)CC1,c1ccc(-c2ccc(-c3ccc(C4CCCCC4)cc3)cc2)cc1,murcko,train
7371,7371,0,CC(C)(COCCCO)COCCCO,CC(C)(COCCCO)COCCCO,CC(C)(COCCCO)COCCCO,ACY_*******(*)(*)******,acyclic_anonymous_graph,train
7374,7374,0,CC(C)SP(=O)(O)SC(C)C,CC(C)SP(=O)(O)SC(C)C,CC(C)SP(=O)(O)SC(C)C,ACY_**(*)**(*)(*)**(*)*,acyclic_anonymous_graph,train
7393,7393,0,CC1(C)CC(O)CC(C)(C)N1CCO,CC1(C)CC(O)CC(C)(C)N1CCO,CC1(C)CC(O)CC(C)(C)N1CCO,C1CCNCC1,murcko,train
7395,7395,0,OCC1OC(OC2C(CO)OC(O)C(O)C2O)C(O)C(O)C1O,OCC1OC(OC2C(CO)OC(O)C(O)C2O)C(O)C(O)C1O,OCC1OC(OC2C(CO)OC(O)C(O)C2O)C(O)C(O)C1O,C1CCC(OC2CCCOC2)OC1,murcko,train
7397,7397,0,O=C(Nc1ccc(NC(=O)c2cc3ccccc3c(N=Nc3cc(Cl)ccc3Cl)c2O)c(Cl)c1)c1cc2ccccc2c(N=Nc2cc(Cl)ccc2Cl)c1O,O=C(Nc1ccc(NC(=O)c2cc3ccccc3c(N=Nc3cc(Cl)ccc3Cl)c2O)c(Cl)c1)c1cc2ccccc2c(N=Nc2cc(Cl)ccc2Cl)c1O,O=C(Nc1ccc(NC(=O)c2cc3ccccc3c(N=Nc3cc(Cl)ccc3Cl)c2O)c(Cl)c1)c1cc2ccccc2c(N=Nc2cc(Cl)ccc2Cl)c1O,O=C(Nc1ccc(NC(=O)c2cc(N=Nc3ccccc3)c3ccccc3c2)cc1)c1cc(N=Nc2ccccc2)c2ccccc2c1,murcko,train
7401,7401,0,CC1(C)CC(OC(=O)CCCCCCCCC(=O)OC2CC(C)(C)NC(C)(C)C2)CC(C)(C)N1,CC1(C)CC(OC(=O)CCCCCCCCC(=O)OC2CC(C)(C)NC(C)(C)C2)CC(C)(C)N1,CC1(C)CC(OC(=O)CCCCCCCCC(=O)OC2CC(C)(C)NC(C)(C)C2)CC(C)(C)N1,O=C(CCCCCCCCC(=O)OC1CCNCC1)OC1CCNCC1,murcko,train
7402,7402,0,CC(=O)C(N=Nc1ccc([N+](=O)[O-])cc1)C(=O)Nc1ccc2[nH]c(=O)[nH]c2c1,CC(=O)C(N=Nc1ccc([N+](=O)[O-])cc1)C(=O)Nc1ccc2[nH]c(=O)[nH]c2c1,CC(=O)C(N=Nc1ccc([N+](=O)[O-])cc1)C(=O)Nc1ccc2[nH]c(=O)[nH]c2c1,O=C(CN=Nc1ccccc1)Nc1ccc2[nH]c(=O)[nH]c2c1,murcko,train
7420,7420,0,CCN1CCNCC1,CCN1CCNCC1,CCN1CCNCC1,C1CNCCN1,murcko,train
7426,7426,0,CCCCCCCCCCCCCCOC(=O)OOC(=O)OCCCCCCCCCCCCCC,CCCCCCCCCCCCCCOC(=O)OOC(=O)OCCCCCCCCCCCCCC,CCCCCCCCCCCCCCOC(=O)OOC(=O)OCCCCCCCCCCCCCC,ACY_****************(*)***(*)***************,acyclic_anonymous_graph,train
7428,7428,0,O=CC(O)C(O)C(O)CO,O=CC(O)C(O)C(O)CO,O=CC(O)C(O)C(O)CO,ACY_***(*)*(*)*(*)**,acyclic_anonymous_graph,train
7432,7432,0,O=c1cccccc1O,O=c1cccccc1O,O=c1cccccc1O,O=c1cccccc1,murcko,test
7439,7439,0,CC(C)COP(=S)(S)OCC(C)C,CC(C)COP(=S)(S)OCC(C)C,CC(C)COP(=S)(S)OCC(C)C,ACY_**(*)***(*)(*)***(*)*,acyclic_anonymous_graph,train
7447,7447,0,O=S(=O)(O)c1cc(Cl)c(Cl)cc1Cl,O=S(=O)(O)c1cc(Cl)c(Cl)cc1Cl,O=S(=O)(O)c1cc(Cl)c(Cl)cc1Cl,c1ccccc1,murcko,train
7452,7452,0,CCC(C)(C)O,CCC(C)(C)O,CCC(C)(C)O,ACY_***(*)(*)*,acyclic_anonymous_graph,train
7459,7459,0,CC(=O)CC(=O)Nc1ccc(NC(=O)CC(C)=O)c(Cl)c1,CC(=O)CC(=O)Nc1ccc(NC(=O)CC(C)=O)c(Cl)c1,CC(=O)CC(=O)Nc1ccc(NC(=O)CC(C)=O)c(Cl)c1,c1ccccc1,murcko,train
7460,7460,0,CCCOC(=O)C(C)O,CCCOC(=O)C(C)O,CCCOC(=O)C(C)O,ACY_*****(*)*(*)*,acyclic_anonymous_graph,train
7461,7461,0,CCOC(=O)c1nn(-c2ccc(OC)cc2)c2c1CCN(c1ccc([N+](=O)[O-])cc1)C2=O,CCOC(=O)c1nn(-c2ccc(OC)cc2)c2c1CCN(c1ccc([N+](=O)[O-])cc1)C2=O,CCOC(=O)c1nn(-c2ccc(OC)cc2)c2c1CCN(c1ccc([N+](=O)[O-])cc1)C2=O,O=C1c2c(cnn2-c2ccccc2)CCN1c1ccccc1,murcko,train
7467,7467,0,C=CC(C)CCCC(C)(C)OC(C)=O,C=CC(C)CCCC(C)(C)OC(C)=O,C=CC(C)CCCC(C)(C)OC(C)=O,ACY_***(*)****(*)(*)**(*)*,acyclic_anonymous_graph,train
7477,7477,0,n1n[nH]c(-c2nnn[nH]2)n1,n1n[nH]c(-c2nnn[nH]2)n1,n1n[nH]c(-c2nnn[nH]2)n1,n1n[nH]c(-c2nnn[nH]2)n1,murcko,train
7489,7489,0,CN1CCC[C@H]1c1cccnc1,CN1CCC[C@H]1c1cccnc1,CN1CCC[C@H]1c1cccnc1,c1cncc([C@@H]2CCCN2)c1,murcko,train
7490,7490,0,O=C(O)c1ccccc1O,O=C(O)c1ccccc1O,O=C(O)c1ccccc1O,c1ccccc1,murcko,train
7491,7491,0,CCCCCCCCCCCCCCCCOC(=O)CCCCCCCCCCCCCCC,CCCCCCCCCCCCCCCCOC(=O)CCCCCCCCCCCCCCC,CCCCCCCCCCCCCCCCOC(=O)CCCCCCCCCCCCCCC,ACY_******************(*)***************,acyclic_anonymous_graph,train
7501,7501,0,COC(=O)C1C(C)C=CCC1(C)C,COC(=O)C1C(C)C=CCC1(C)C,COC(=O)C1C(C)C=CCC1(C)C,C1=CCCCC1,murcko,test
7502,7502,0,CCN(CCOc1ccc(C2CCCCC2)cc1)c1ccc(C=C(C#N)C#N)c(C)c1,CCN(CCOc1ccc(C2CCCCC2)cc1)c1ccc(C=C(C#N)C#N)c(C)c1,CCN(CCOc1ccc(C2CCCCC2)cc1)c1ccc(C=C(C#N)C#N)c(C)c1,c1ccc(NCCOc2ccc(C3CCCCC3)cc2)cc1,murcko,test
7511,7511,0,O=C1CCCCCN1C(=O)Nc1ccc(Cc2ccc(NC(=O)N3CCCCCC3=O)cc2)cc1,O=C1CCCCCN1C(=O)Nc1ccc(Cc2ccc(NC(=O)N3CCCCCC3=O)cc2)cc1,O=C1CCCCCN1C(=O)Nc1ccc(Cc2ccc(NC(=O)N3CCCCCC3=O)cc2)cc1,O=C1CCCCCN1C(=O)Nc1ccc(Cc2ccc(NC(=O)N3CCCCCC3=O)cc2)cc1,murcko,test
7531,7531,0,O=C(c1ccc(O)cc1)c1cccc(C(=O)c2ccc(O)cc2)c1,O=C(c1ccc(O)cc1)c1cccc(C(=O)c2ccc(O)cc2)c1,O=C(c1ccc(O)cc1)c1cccc(C(=O)c2ccc(O)cc2)c1,O=C(c1ccccc1)c1cccc(C(=O)c2ccccc2)c1,murcko,train
7535,7535,0,Cc1ccc(NC(=O)Nc2ccc(C)c(NC(=O)Nc3ccc(C)cc3)c2)cc1,Cc1ccc(NC(=O)Nc2ccc(C)c(NC(=O)Nc3ccc(C)cc3)c2)cc1,Cc1ccc(NC(=O)Nc2ccc(C)c(NC(=O)Nc3ccc(C)cc3)c2)cc1,O=C(Nc1ccccc1)Nc1cccc(NC(=O)Nc2ccccc2)c1,murcko,train
7540,7540,0,CCCCCCCCCCCCCCCC(=O)NCCO,CCCCCCCCCCCCCCCC(=O)NCCO,CCCCCCCCCCCCCCCC(=O)NCCO,ACY_****************(*)****,acyclic_anonymous_graph,train
7541,7541,0,CCCCCC=CCC=CCCCCCCCC(=O)OCC,CCCCCC=CCC=CCCCCCCCC(=O)OCC,CCCCCC=CCC=CCCCCCCCC(=O)OCC,ACY_******************(*)***,acyclic_anonymous_graph,test
7546,7546,0,COc1ccc(CC2NCCc3cc(OC)c(OC)cc32)cc1OC,COc1ccc(CC2NCCc3cc(OC)c(OC)cc32)cc1OC,COc1ccc(CC2NCCc3cc(OC)c(OC)cc32)cc1OC,c1ccc(CC2NCCc3ccccc32)cc1,murcko,test
7547,7547,0,CCCCC(CC)COC(=O)c1ccccc1,CCCCC(CC)COC(=O)c1ccccc1,CCCCC(CC)COC(=O)c1ccccc1,c1ccccc1,murcko,train
7554,7554,0,CCCCCCOC1OC(CO)C(O)C(O)C1O,CCCCCCOC1OC(CO)C(O)C(O)C1O,CCCCCCOC1OC(CO)C(O)C(O)C1O,C1CCOCC1,murcko,train
7565,7565,0,COc1ccc(CC(C)C=O)cc1,COc1ccc(CC(C)C=O)cc1,COc1ccc(CC(C)C=O)cc1,c1ccccc1,murcko,train
7572,7572,0,O=S(=O)(Nc1ccc(O)cc1)c1ccccc1,O=S(=O)(Nc1ccc(O)cc1)c1ccccc1,O=S(=O)(Nc1ccc(O)cc1)c1ccccc1,O=S(=O)(Nc1ccccc1)c1ccccc1,murcko,train
7575,7575,0,CC1(C)NC(=O)NC1=O,CC1(C)NC(=O)NC1=O,CC1(C)NC(=O)NC1=O,O=C1CNC(=O)N1,murcko,train
7580,7580,0,CC(C)C=NCC1(C)CC(N=CC(C)C)CC(C)(C)C1,CC(C)C=NCC1(C)CC(N=CC(C)C)CC(C)(C)C1,CC(C)C=NCC1(C)CC(N=CC(C)C)CC(C)(C)C1,C1CCCCC1,murcko,train
7581,7581,0,Cc1cccc(OCCOc2cccc(C)c2)c1,Cc1cccc(OCCOc2cccc(C)c2)c1,Cc1cccc(OCCOc2cccc(C)c2)c1,c1ccc(OCCOc2ccccc2)cc1,murcko,train
7589,7589,0,CC(C)C1CCC(CO)CC1,CC(C)C1CCC(CO)CC1,CC(C)C1CCC(CO)CC1,C1CCCCC1,murcko,train
7591,7591,0,CC(CCO)CCc1ccccc1,CC(CCO)CCc1ccccc1,CC(CCO)CCc1ccccc1,c1ccccc1,murcko,train
7592,7592,1,Cc1ccc2nc(-c3ccc(N=NC4C(=O)NC(=NC#N)NC4=O)cc3)sc2c1S(=O)(=O)O,Cc1ccc2nc(-c3ccc(N=NC4C(=O)NC(=NC#N)NC4=O)cc3)sc2c1S(=O)(=O)O,Cc1ccc2nc(-c3ccc(N=NC4C(=O)NC(=NC#N)NC4=O)cc3)sc2c1S(=O)(=O)O,N=C1NC(=O)C(N=Nc2ccc(-c3nc4ccccc4s3)cc2)C(=O)N1,murcko,train
7593,7593,0,CC1(C)SC2C(N)C(=O)N2C1C(=O)O,CC1(C)SC2C(N)C(=O)N2C1C(=O)O,CC1(C)SC2C(N)C(=O)N2C1C(=O)O,O=C1CC2SCCN12,murcko,train
7597,7597,0,CC(C)CCCCCCCCCCOC(=O)CC(C(=O)OCCCCCCCCCCC(C)C)S(=O)(=O)O,CC(C)CCCCCCCCCCOC(=O)CC(C(=O)OCCCCCCCCCCC(C)C)S(=O)(=O)O,CC(C)CCCCCCCCCCOC(=O)CC(C(=O)OCCCCCCCCCCC(C)C)S(=O)(=O)O,ACY_**(*)************(*)**(*(*)************(*)*)*(*)(*)*,acyclic_anonymous_graph,train
7602,7602,0,CN1C(=O)c2ccc3c4ccc5c6c(ccc(c7ccc(c2c37)C1=O)c64)C(=O)N(C)C5=O,CN1C(=O)c2ccc3c4ccc5c6c(ccc(c7ccc(c2c37)C1=O)c64)C(=O)N(C)C5=O,CN1C(=O)c2ccc3c4ccc5c6c(ccc(c7ccc(c2c37)C1=O)c64)C(=O)N(C)C5=O,O=C1NC(=O)c2ccc3c4ccc5c6c(ccc(c7ccc1c2c73)c64)C(=O)NC5=O,murcko,train
7608,7608,0,Cc1ccc(NCCO)cc1O,Cc1ccc(NCCO)cc1O,Cc1ccc(NCCO)cc1O,c1ccccc1,murcko,train
7611,7611,0,CN(C)C=CC(=O)c1cccnc1,CN(C)C=CC(=O)c1cccnc1,CN(C)C=CC(=O)c1cccnc1,c1ccncc1,murcko,train
7613,7613,0,CCCCCCC(O)CCCCCCCCCCC(=O)NCCCCCCNC(=O)CCCCCCCCCCC(O)CCCCCC,CCCCCCC(O)CCCCCCCCCCC(=O)NCCCCCCNC(=O)CCCCCCCCCCC(O)CCCCCC,CCCCCCC(O)CCCCCCCCCCC(=O)NCCCCCCNC(=O)CCCCCCCCCCC(O)CCCCCC,ACY_*******(*)***********(*)*********(*)***********(*)******,acyclic_anonymous_graph,train
7631,7631,0,CC1=CC(=O)NS(=O)(=O)O1,CC1=CC(=O)NS(=O)(=O)O1,CC1=CC(=O)NS(=O)(=O)O1,O=C1C=COS(=O)(=O)N1,murcko,train
7637,7637,0,N=C(N)N[N+](=O)[O-],N=C(N)N[N+](=O)[O-],N=C(N)N[N+](=O)[O-],ACY_**(*)**(*)*,acyclic_anonymous_graph,test
7645,7645,0,CC(=O)C(N=Nc1cc(C(=O)Nc2cccc(Cl)c2C)ccc1Cl)C(=O)Nc1cc(Cl)c(NC(=O)C(N=Nc2cc(C(=O)Nc3cccc(Cl)c3C)ccc2Cl)C(C)=O)cc1C,CC(=O)C(N=Nc1cc(C(=O)Nc2cccc(Cl)c2C)ccc1Cl)C(=O)Nc1cc(Cl)c(NC(=O)C(N=Nc2cc(C(=O)Nc3cccc(Cl)c3C)ccc2Cl)C(C)=O)cc1C,CC(=O)C(N=Nc1cc(C(=O)Nc2cccc(Cl)c2C)ccc1Cl)C(=O)Nc1cc(Cl)c(NC(=O)C(N=Nc2cc(C(=O)Nc3cccc(Cl)c3C)ccc2Cl)C(C)=O)cc1C,O=C(CN=Nc1cccc(C(=O)Nc2ccccc2)c1)Nc1ccc(NC(=O)CN=Nc2cccc(C(=O)Nc3ccccc3)c2)cc1,murcko,train
7646,7646,0,CC(=O)C(N=Nc1cc(C(=O)Nc2cc(Cl)ccc2C)ccc1Cl)C(=O)Nc1cc(Cl)c(NC(=O)C(N=Nc2cc(C(=O)Nc3cc(Cl)ccc3C)ccc2Cl)C(C)=O)cc1Cl,CC(=O)C(N=Nc1cc(C(=O)Nc2cc(Cl)ccc2C)ccc1Cl)C(=O)Nc1cc(Cl)c(NC(=O)C(N=Nc2cc(C(=O)Nc3cc(Cl)ccc3C)ccc2Cl)C(C)=O)cc1Cl,CC(=O)C(N=Nc1cc(C(=O)Nc2cc(Cl)ccc2C)ccc1Cl)C(=O)Nc1cc(Cl)c(NC(=O)C(N=Nc2cc(C(=O)Nc3cc(Cl)ccc3C)ccc2Cl)C(C)=O)cc1Cl,O=C(CN=Nc1cccc(C(=O)Nc2ccccc2)c1)Nc1ccc(NC(=O)CN=Nc2cccc(C(=O)Nc3ccccc3)c2)cc1,murcko,train
7650,7650,0,CC(=O)c1ccc(C(=O)O)c(C)c1,CC(=O)c1ccc(C(=O)O)c(C)c1,CC(=O)c1ccc(C(=O)O)c(C)c1,c1ccccc1,murcko,train
7653,7653,0,Sc1nnc(S)s1,Sc1nnc(S)s1,Sc1nnc(S)s1,c1nncs1,murcko,train
7673,7673,0,CNc1ccc(C(O)(c2ccc(N(C)C)cc2)c2ccc(N(C)C)cc2)cc1,CNc1ccc(C(O)(c2ccc(N(C)C)cc2)c2ccc(N(C)C)cc2)cc1,CNc1ccc(C(O)(c2ccc(N(C)C)cc2)c2ccc(N(C)C)cc2)cc1,c1ccc(C(c2ccccc2)c2ccccc2)cc1,murcko,train
7676,7676,0,CC(=Cc1ccc(C)cc1)CO,CC(=Cc1ccc(C)cc1)CO,CC(=Cc1ccc(C)cc1)CO,c1ccccc1,murcko,train
7677,7677,0,COC1CCCC1,COC1CCCC1,COC1CCCC1,C1CCCC1,murcko,train
7679,7679,0,CC1=CCC(O)(C(C)C)CC1,CC1=CCC(O)(C(C)C)CC1,CC1=CCC(O)(C(C)C)CC1,C1=CCCCC1,murcko,test
7687,7687,0,O=C1CCC(C2CCC3(CC2)OCCO3)CC1,O=C1CCC(C2CCC3(CC2)OCCO3)CC1,O=C1CCC(C2CCC3(CC2)OCCO3)CC1,O=C1CCC(C2CCC3(CC2)OCCO3)CC1,murcko,train
7694,7694,0,COc1ccc(C(=O)Nc2ccccc2)cc1N=Nc1c(O)c(C(N)=O)cc2ccccc12,COc1ccc(C(=O)Nc2ccccc2)cc1N=Nc1c(O)c(C(N)=O)cc2ccccc12,COc1ccc(C(=O)Nc2ccccc2)cc1N=Nc1c(O)c(C(N)=O)cc2ccccc12,O=C(Nc1ccccc1)c1cccc(N=Nc2cccc3ccccc23)c1,murcko,train
7695,7695,0,CC1(C)CCC[C@]2(C)[C@H]3CC(=O)O[C@]3(C)CC[C@@H]12,CC1(C)CCC[C@]2(C)[C@H]3CC(=O)O[C@]3(C)CC[C@@H]12,CC1(C)CCC[C@]2(C)[C@H]3CC(=O)O[C@]3(C)CC[C@@H]12,O=C1C[C@H]2C(CC[C@H]3CCCCC32)O1,murcko,train
7697,7697,1,CC(C)C(=O)C(C)C,CC(C)C(=O)C(C)C,CC(C)C(=O)C(C)C,ACY_**(*)*(*)*(*)*,acyclic_anonymous_graph,train
7704,7704,0,CC(CC(=O)OCC(COC(=O)CC(C)CC(C)(C)C)OC(=O)CC(C)CC(C)(C)C)CC(C)(C)C,CC(CC(=O)OCC(COC(=O)CC(C)CC(C)(C)C)OC(=O)CC(C)CC(C)(C)C)CC(C)(C)C,CC(CC(=O)OCC(COC(=O)CC(C)CC(C)(C)C)OC(=O)CC(C)CC(C)(C)C)CC(C)(C)C,ACY_**(***(***(*)**(*)**(*)(*)*)**(*)**(*)**(*)(*)*)**(*)**(*)(*)*,acyclic_anonymous_graph,train
7714,7714,0,OCCCCCCCCCCCCO,OCCCCCCCCCCCCO,OCCCCCCCCCCCCO,ACY_**************,acyclic_anonymous_graph,train
7721,7721,0,Oc1cc(Cl)cc(Br)c1,Oc1cc(Cl)cc(Br)c1,Oc1cc(Cl)cc(Br)c1,c1ccccc1,murcko,train
7722,7722,0,Nc1cc(Cl)ccc1Oc1ccc(Cl)cc1Cl,Nc1cc(Cl)ccc1Oc1ccc(Cl)cc1Cl,Nc1cc(Cl)ccc1Oc1ccc(Cl)cc1Cl,c1ccc(Oc2ccccc2)cc1,murcko,test
7724,7724,0,C=C(C)C(=O)Nc1ccc(S(N)(=O)=O)cc1,C=C(C)C(=O)Nc1ccc(S(N)(=O)=O)cc1,C=C(C)C(=O)Nc1ccc(S(N)(=O)=O)cc1,c1ccccc1,murcko,train
7725,7725,0,CN(CC(=O)O)C(=N)N,CN(CC(=O)O)C(=N)N,CN(CC(=O)O)C(=N)N,ACY_**(*)**(*)*(*)*,acyclic_anonymous_graph,train
7735,7735,1,C=CC(=O)OCCOC(=O)C1CCCCC1C(=O)O,C=CC(=O)OCCOC(=O)C1CCCCC1C(=O)O,C=CC(=O)OCCOC(=O)C1CCCCC1C(=O)O,C1CCCCC1,murcko,train
7740,7740,0,COC(=O)c1ccc2c(c1)C(C)(C)C(=CC=C1C(=O)N(c3ccccc3)N=C1C)N2C,COC(=O)c1ccc2c(c1)C(C)(C)C(=CC=C1C(=O)N(c3ccccc3)N=C1C)N2C,COC(=O)c1ccc2c(c1)C(C)(C)C(=CC=C1C(=O)N(c3ccccc3)N=C1C)N2C,O=C1C(=CC=C2Cc3ccccc3N2)C=NN1c1ccccc1,murcko,train
7742,7742,0,O=C1C=CC(N(O)O)=CC1=NN=C1C(=O)C=Cc2ccccc21,O=C1C=CC(N(O)O)=CC1=NN=C1C(=O)C=Cc2ccccc21,O=C1C=CC(N(O)O)=CC1=NN=C1C(=O)C=Cc2ccccc21,O=C1C=CC=CC1=NN=C1C(=O)C=Cc2ccccc21,murcko,train
7746,7746,1,CC1(C)OCC2OC2CO1,CC1(C)OCC2OC2CO1,CC1(C)OCC2OC2CO1,C1OCC2OC2CO1,murcko,train
7748,7748,0,CC1C(CN)CC2CC1C2(C)C,CC1C(CN)CC2CC1C2(C)C,CC1C(CN)CC2CC1C2(C)C,C1CC2CC(C1)C2,murcko,test
7755,7755,0,CCCCC(CC)COC(=O)C[S][Sn]([CH3])([S]CC(=O)OCC(CC)CCCC)[S]CC(=O)OCC(CC)CCCC,CCCCC(CC)COC(=O)C[S][Sn]([CH3])([S]CC(=O)OCC(CC)CCCC)[S]CC(=O)OCC(CC)CCCC,CCCCC(CC)COC(=O)C[S][Sn]([CH3])([S]CC(=O)OCC(CC)CCCC)[S]CC(=O)OCC(CC)CCCC,ACY_*****(**)***(*)***(*)(***(*)***(**)****)***(*)***(**)****,acyclic_anonymous_graph,test
7758,7758,0,N#CCN(CC#N)CCN(CC#N)CC#N,N#CCN(CC#N)CCN(CC#N)CC#N,N#CCN(CC#N)CCN(CC#N)CC#N,ACY_****(***)***(***)***,acyclic_anonymous_graph,test
7760,7760,0,CCCCC(CC)COC(=O)CC(C(=O)OCC(CC)CCCC)S(=O)(=O)O,CCCCC(CC)COC(=O)CC(C(=O)OCC(CC)CCCC)S(=O)(=O)O,CCCCC(CC)COC(=O)CC(C(=O)OCC(CC)CCCC)S(=O)(=O)O,ACY_*****(**)***(*)**(*(*)***(**)****)*(*)(*)*,acyclic_anonymous_graph,train
7761,7761,0,CCCCCCCCCCCCCNc1ccc2ccccc2c1N=Nc1ccc(N=Nc2ccccc2C)cc1C,CCCCCCCCCCCCCNc1ccc2ccccc2c1N=Nc1ccc(N=Nc2ccccc2C)cc1C,CCCCCCCCCCCCCNc1ccc2ccccc2c1N=Nc1ccc(N=Nc2ccccc2C)cc1C,c1ccc(N=Nc2ccc(N=Nc3cccc4ccccc34)cc2)cc1,murcko,train
7762,7762,0,CCN(CC)[P+](Cc1ccccc1)(c1ccccc1)c1ccccc1,CCN(CC)[P+](Cc1ccccc1)(c1ccccc1)c1ccccc1,CCN(CC)[P+](Cc1ccccc1)(c1ccccc1)c1ccccc1,c1ccc(C[PH+](c2ccccc2)c2ccccc2)cc1,murcko,train
7763,7763,0,CC(C)(O)c1ccccc1CCC(SCC1(CC(=O)O)CC1)c1cccc(C=Cc2ccc3ccc(Cl)cc3n2)c1,CC(C)(O)c1ccccc1CCC(SCC1(CC(=O)O)CC1)c1cccc(C=Cc2ccc3ccc(Cl)cc3n2)c1,CC(C)(O)c1ccccc1CCC(SCC1(CC(=O)O)CC1)c1cccc(C=Cc2ccc3ccc(Cl)cc3n2)c1,C(=Cc1ccc2ccccc2n1)c1cccc(C(CCc2ccccc2)SCC2CC2)c1,murcko,train
7774,7774,0,Cc1ncc(CO)c(CO)c1O,Cc1ncc(CO)c(CO)c1O,Cc1ncc(CO)c(CO)c1O,c1ccncc1,murcko,train
7782,7782,0,CC[Si](ON=C(C)C)(ON=C(C)C)ON=C(C)C,CC[Si](ON=C(C)C)(ON=C(C)C)ON=C(C)C,CC[Si](ON=C(C)C)(ON=C(C)C)ON=C(C)C,ACY_***(***(*)*)(***(*)*)***(*)*,acyclic_anonymous_graph,train
7783,7783,0,C=C[Si](ON=C(C)CCC)(ON=C(C)CCC)ON=C(C)CCC,C=C[Si](ON=C(C)CCC)(ON=C(C)CCC)ON=C(C)CCC,C=C[Si](ON=C(C)CCC)(ON=C(C)CCC)ON=C(C)CCC,ACY_****(*)***(**)(***(*)***)***(*)***,acyclic_anonymous_graph,train
7789,7789,0,CC1CCCCC1=O,CC1CCCCC1=O,CC1CCCCC1=O,O=C1CCCCC1,murcko,test
7792,7792,0,C=CC(O)C(=O)OC,C=CC(O)C(=O)OC,C=CC(O)C(=O)OC,ACY_***(*)*(*)**,acyclic_anonymous_graph,test
7795,7795,0,CCC(O)CO,CCC(O)CO,CCC(O)CO,ACY_***(*)**,acyclic_anonymous_graph,train
7800,7800,1,OCC(O)C(O)C(OC1OC(CO)C(O)C(O)C1O)C(O)CO,OCC(O)C(O)C(OC1OC(CO)C(O)C(O)C1O)C(O)CO,OCC(O)C(O)C(OC1OC(CO)C(O)C(O)C1O)C(O)CO,C1CCOCC1,murcko,train
7805,7805,0,CCOCOC1CCCCCCCCCCC1,CCOCOC1CCCCCCCCCCC1,CCOCOC1CCCCCCCCCCC1,C1CCCCCCCCCCC1,murcko,train
7808,7808,0,C=CCOC(Cn1ccnc1)c1ccc(Cl)cc1Cl,C=CCOC(Cn1ccnc1)c1ccc(Cl)cc1Cl,C=CCOC(Cn1ccnc1)c1ccc(Cl)cc1Cl,c1ccc(CCn2ccnc2)cc1,murcko,train
7819,7819,0,C=CC(=O)OC1CC2CCC1(C)C2(C)C,C=CC(=O)OC1CC2CCC1(C)C2(C)C,C=CC(=O)OC1CC2CCC1(C)C2(C)C,C1CC2CCC1C2,murcko,train
7822,7822,0,O=C(Nc1ccc(Cc2ccc(NC(=O)NC3CCCCC3)cc2)cc1)NC1CCCCC1,O=C(Nc1ccc(Cc2ccc(NC(=O)NC3CCCCC3)cc2)cc1)NC1CCCCC1,O=C(Nc1ccc(Cc2ccc(NC(=O)NC3CCCCC3)cc2)cc1)NC1CCCCC1,O=C(Nc1ccc(Cc2ccc(NC(=O)NC3CCCCC3)cc2)cc1)NC1CCCCC1,murcko,train
7824,7824,0,CC1CCC(=O)CC1,CC1CCC(=O)CC1,CC1CCC(=O)CC1,O=C1CCCCC1,murcko,test
7831,7831,0,CC(C)CCCCCCCCCCCCCCCOC(=O)C(C)(C)C,CC(C)CCCCCCCCCCCCCCCOC(=O)C(C)(C)C,CC(C)CCCCCCCCCCCCCCCOC(=O)C(C)(C)C,ACY_**(*)*****************(*)*(*)(*)*,acyclic_anonymous_graph,train
7834,7834,0,O=C(O)c1cccnc1,O=C(O)c1cccnc1,O=C(O)c1cccnc1,c1ccncc1,murcko,train
7835,7835,0,CCCCOC(=O)CC,CCCCOC(=O)CC,CCCCOC(=O)CC,ACY_******(*)**,acyclic_anonymous_graph,train
7836,7836,0,C=C=CC,C=C=CC,C=C=CC,ACY_****,acyclic_anonymous_graph,train
7837,7837,0,N#CO,N#CO,N#CO,ACY_***,acyclic_anonymous_graph,train
7839,7839,0,C[N+](C)(C)CC(=O)O,C[N+](C)(C)CC(=O)O,C[N+](C)(C)CC(=O)O,ACY_**(*)**(*)(*)*,acyclic_anonymous_graph,train
7847,7847,0,OCC(O)COCC(O)CO,OCC(O)COCC(O)CO,OCC(O)COCC(O)CO,ACY_***(*)****(*)**,acyclic_anonymous_graph,train
7854,7854,0,C=C(C)C(=O)OCC(O)CO,C=C(C)C(=O)OCC(O)CO,C=C(C)C(=O)OCC(O)CO,ACY_***(*)***(*)*(*)*,acyclic_anonymous_graph,train
7855,7855,0,CCCCOC(=O)Cl,CCCCOC(=O)Cl,CCCCOC(=O)Cl,ACY_******(*)*,acyclic_anonymous_graph,train
7860,7860,0,CC(CCOC(=O)CC(C)CC(C)(C)C)CC(C)(C)C,CC(CCOC(=O)CC(C)CC(C)(C)C)CC(C)(C)C,CC(CCOC(=O)CC(C)CC(C)(C)C)CC(C)(C)C,ACY_**(****(*)**(*)(*)*)**(*)**(*)(*)*,acyclic_anonymous_graph,train
7861,7861,0,CCCCCCCCC=CCCCCCCCC(=O)OCCCCCCCC(C)C,CCCCCCCCC=CCCCCCCCC(=O)OCCCCCCCC(C)C,CCCCCCCCC=CCCCCCCCC(=O)OCCCCCCCC(C)C,ACY_******************(*)*********(*)*,acyclic_anonymous_graph,train
7862,7862,0,CC(C)CCCCCCCOC(=O)CC(C)CC(C)(C)C,CC(C)CCCCCCCOC(=O)CC(C)CC(C)(C)C,CC(C)CCCCCCCOC(=O)CC(C)CC(C)(C)C,ACY_**(*)*********(*)**(*)**(*)(*)*,acyclic_anonymous_graph,test
7863,7863,0,CC(C)CCCCCCCCCCOC(=O)CC(C)CC(C)(C)C,CC(C)CCCCCCCCCCOC(=O)CC(C)CC(C)(C)C,CC(C)CCCCCCCCCCOC(=O)CC(C)CC(C)(C)C,ACY_**(*)************(*)**(*)**(*)(*)*,acyclic_anonymous_graph,train
7867,7867,0,N=C(N)N,N=C(N)N,N=C(N)N,ACY_**(*)*,acyclic_anonymous_graph,train
7871,7871,0,CCCC1CCOC(C)S1,CCCC1CCOC(C)S1,CCCC1CCOC(C)S1,C1COCSC1,murcko,train
7877,7877,0,CC(C)(c1ccc(OP(=O)(Oc2ccccc2)Oc2ccccc2)cc1)c1ccc(OP(=O)(Oc2ccccc2)Oc2ccccc2)cc1,CC(C)(c1ccc(OP(=O)(Oc2ccccc2)Oc2ccccc2)cc1)c1ccc(OP(=O)(Oc2ccccc2)Oc2ccccc2)cc1,CC(C)(c1ccc(OP(=O)(Oc2ccccc2)Oc2ccccc2)cc1)c1ccc(OP(=O)(Oc2ccccc2)Oc2ccccc2)cc1,O=P(Oc1ccccc1)(Oc1ccccc1)Oc1ccc(Cc2ccc(OP(=O)(Oc3ccccc3)Oc3ccccc3)cc2)cc1,murcko,train
7882,7882,0,CCCCCCCCC(=O)OCC(CC)CCCC,CCCCCCCCC(=O)OCC(CC)CCCC,CCCCCCCCC(=O)OCC(CC)CCCC,ACY_*********(*)***(**)****,acyclic_anonymous_graph,train
7886,7886,0,S=P(Oc1ccccc1)(Oc1ccccc1)Oc1ccccc1,S=P(Oc1ccccc1)(Oc1ccccc1)Oc1ccccc1,S=P(Oc1ccccc1)(Oc1ccccc1)Oc1ccccc1,S=P(Oc1ccccc1)(Oc1ccccc1)Oc1ccccc1,murcko,train
7891,7891,0,Cc1ccc(C=O)cc1C,Cc1ccc(C=O)cc1C,Cc1ccc(C=O)cc1C,c1ccccc1,murcko,train
7908,7908,1,Nc1cccc(S(=O)(=O)c2cccc(N)c2)c1,Nc1cccc(S(=O)(=O)c2cccc(N)c2)c1,Nc1cccc(S(=O)(=O)c2cccc(N)c2)c1,O=S(=O)(c1ccccc1)c1ccccc1,murcko,train
7915,7915,0,OCCc1ccccc1,OCCc1ccccc1,OCCc1ccccc1,c1ccccc1,murcko,train
7933,7933,0,CCCC1COC(Cn2cncn2)(c2ccc(Cl)cc2Cl)O1,CCCC1COC(Cn2cncn2)(c2ccc(Cl)cc2Cl)O1,CCCC1COC(Cn2cncn2)(c2ccc(Cl)cc2Cl)O1,c1ccc(C2(Cn3cncn3)OCCO2)cc1,murcko,train
7934,7934,0,CC(C)CCCCCCCOC(=O)C(C)(C)C,CC(C)CCCCCCCOC(=O)C(C)(C)C,CC(C)CCCCCCCOC(=O)C(C)(C)C,ACY_**(*)*********(*)*(*)(*)*,acyclic_anonymous_graph,train
7939,7939,0,CCCCCCCCCCCCCCCCCCCCCC(=O)NCCCN(C)C,CCCCCCCCCCCCCCCCCCCCCC(=O)NCCCN(C)C,CCCCCCCCCCCCCCCCCCCCCC(=O)NCCCN(C)C,ACY_**********************(*)*****(*)*,acyclic_anonymous_graph,train
7946,7946,0,CCCCCCCCCCCC(=O)NC(CCCN=C(N)N)C(=O)OCC,CCCCCCCCCCCC(=O)NC(CCCN=C(N)N)C(=O)OCC,CCCCCCCCCCCC(=O)NC(CCCN=C(N)N)C(=O)OCC,ACY_************(*)**(*****(*)*)*(*)***,acyclic_anonymous_graph,train
7962,7962,1,COc1ccc(S(=O)(=O)CCOS(=O)(=O)O)cc1N=Nc1c(S(=O)(=O)O)cc2c(N=Nc3ccc(S(=O)(=O)CCOS(=O)(=O)O)cc3S(=O)(=O)O)c(NCS(=O)(=O)O)ccc2c1O,COc1ccc(S(=O)(=O)CCOS(=O)(=O)O)cc1N=Nc1c(S(=O)(=O)O)cc2c(N=Nc3ccc(S(=O)(=O)CCOS(=O)(=O)O)cc3S(=O)(=O)O)c(NCS(=O)(=O)O)ccc2c1O,COc1ccc(S(=O)(=O)CCOS(=O)(=O)O)cc1N=Nc1c(S(=O)(=O)O)cc2c(N=Nc3ccc(S(=O)(=O)CCOS(=O)(=O)O)cc3S(=O)(=O)O)c(NCS(=O)(=O)O)ccc2c1O,c1ccc(N=Nc2ccc3c(N=Nc4ccccc4)cccc3c2)cc1,murcko,train
7984,7984,0,N#Cc1ccccc1O,N#Cc1ccccc1O,N#Cc1ccccc1O,c1ccccc1,murcko,train
7988,7988,0,CN(C(=O)N(C)c1ccccc1)c1ccccc1,CN(C(=O)N(C)c1ccccc1)c1ccccc1,CN(C(=O)N(C)c1ccccc1)c1ccccc1,O=C(Nc1ccccc1)Nc1ccccc1,murcko,test
7998,7998,0,c1ccc(COc2ccc3ccccc3c2)cc1,c1ccc(COc2ccc3ccccc3c2)cc1,c1ccc(COc2ccc3ccccc3c2)cc1,c1ccc(COc2ccc3ccccc3c2)cc1,murcko,train
8000,8000,0,CCCCCCCCCCCC(=O)OCC(C)(C)C=NCCCCCCN=CC(C)(C)COC(=O)CCCCCCCCCCC,CCCCCCCCCCCC(=O)OCC(C)(C)C=NCCCCCCN=CC(C)(C)COC(=O)CCCCCCCCCCC,CCCCCCCCCCCC(=O)OCC(C)(C)C=NCCCCCCN=CC(C)(C)COC(=O)CCCCCCCCCCC,ACY_************(*)***(*)(*)***********(*)(*)***(*)***********,acyclic_anonymous_graph,train
8017,8017,0,CSC(C)(C)SC,CSC(C)(C)SC,CSC(C)(C)SC,ACY_***(*)(*)**,acyclic_anonymous_graph,test
8019,8019,0,CC(C)COC(=O)C(C)O,CC(C)COC(=O)C(C)O,CC(C)COC(=O)C(C)O,ACY_**(*)***(*)*(*)*,acyclic_anonymous_graph,train
8028,8028,0,C[Si]1O[Si](C)O[Si](C)O[Si](C)O[Si](C)O1,C[Si]1O[Si](C)O[Si](C)O[Si](C)O[Si](C)O1,C[Si]1O[Si](C)O[Si](C)O[Si](C)O[Si](C)O1,O1[SiH]O[SiH]O[SiH]O[SiH]O[SiH]1,murcko,test
8032,8032,0,COC1OC(CO)C(O)C(O)C1O,COC1OC(CO)C(O)C(O)C1O,COC1OC(CO)C(O)C(O)C1O,C1CCOCC1,murcko,train
8035,8035,1,C=C(CC(=O)OC)C(=O)OC,C=C(CC(=O)OC)C(=O)OC,C=C(CC(=O)OC)C(=O)OC,ACY_***(*)**(*)*(*)**,acyclic_anonymous_graph,train
8036,8036,0,CC(CCC(=O)O)C(=O)O,CC(CCC(=O)O)C(=O)O,CC(CCC(=O)O)C(=O)O,ACY_**(*)***(*)*(*)*,acyclic_anonymous_graph,train
8037,8037,0,COCCCCC(=O)c1ccc(C(F)(F)F)cc1,COCCCCC(=O)c1ccc(C(F)(F)F)cc1,COCCCCC(=O)c1ccc(C(F)(F)F)cc1,c1ccccc1,murcko,train
8080,8080,0,CCC(C)=CCCC(C)=CC#N,CCC(C)=CCCC(C)=CC#N,CCC(C)=CCCC(C)=CC#N,ACY_****(*)****(*)**,acyclic_anonymous_graph,train
8088,8088,0,N#CC(O)c1cccc(Oc2ccccc2)c1,N#CC(O)c1cccc(Oc2ccccc2)c1,N#CC(O)c1cccc(Oc2ccccc2)c1,c1ccc(Oc2ccccc2)cc1,murcko,test
8090,8090,0,O=[N+]([O-])c1ccc(Nc2ccc(O)cc2)c([N+](=O)[O-])c1,O=[N+]([O-])c1ccc(Nc2ccc(O)cc2)c([N+](=O)[O-])c1,O=[N+]([O-])c1ccc(Nc2ccc(O)cc2)c([N+](=O)[O-])c1,c1ccc(Nc2ccccc2)cc1,murcko,train
8097,8097,0,CCCCC(CC)COC(=O)C(C#N)=C(c1ccccc1)c1ccccc1,CCCCC(CC)COC(=O)C(C#N)=C(c1ccccc1)c1ccccc1,CCCCC(CC)COC(=O)C(C#N)=C(c1ccccc1)c1ccccc1,C=C(c1ccccc1)c1ccccc1,murcko,train
8100,8100,0,CCOc1ccc(NC(C)=O)cc1,CCOc1ccc(NC(C)=O)cc1,CCOc1ccc(NC(C)=O)cc1,c1ccccc1,murcko,train
8104,8104,0,CCCCCCC(=O)OCC(COC(=O)CCCCCC)OC(=O)CCCCCC,CCCCCCC(=O)OCC(COC(=O)CCCCCC)OC(=O)CCCCCC,CCCCCCC(=O)OCC(COC(=O)CCCCCC)OC(=O)CCCCCC,ACY_*******(*)***(***(*)******)**(*)******,acyclic_anonymous_graph,train
8106,8106,0,O=C(O)C(F)(OC(F)(F)C(F)(F)C(F)(F)F)C(F)(F)F,O=C(O)C(F)(OC(F)(F)C(F)(F)C(F)(F)F)C(F)(F)F,O=C(O)C(F)(OC(F)(F)C(F)(F)C(F)(F)F)C(F)(F)F,ACY_**(*)*(*)(**(*)(*)*(*)(*)*(*)(*)*)*(*)(*)*,acyclic_anonymous_graph,train
8133,8133,0,CCCC(C)=NO,CCCC(C)=NO,CCCC(C)=NO,ACY_****(*)**,acyclic_anonymous_graph,test
8134,8134,0,CCOC(=O)OC,CCOC(=O)OC,CCOC(=O)OC,ACY_****(*)**,acyclic_anonymous_graph,test
8141,8141,0,CCCCCCCCCCCCCCCCCCOCCOP(=O)(O)O,CCCCCCCCCCCCCCCCCCOCCOP(=O)(O)O,CCCCCCCCCCCCCCCCCCOCCOP(=O)(O)O,ACY_***********************(*)(*)*,acyclic_anonymous_graph,train
8142,8142,0,CCCCCCCCCCCCCCCC(=O)OCCOC(=O)CCCCCCCCCCCCCCC,CCCCCCCCCCCCCCCC(=O)OCCOC(=O)CCCCCCCCCCCCCCC,CCCCCCCCCCCCCCCC(=O)OCCOC(=O)CCCCCCCCCCCCCCC,ACY_****************(*)*****(*)***************,acyclic_anonymous_graph,train
8145,8145,0,CCCCCOC(=O)CC,CCCCCOC(=O)CC,CCCCCOC(=O)CC,ACY_*******(*)**,acyclic_anonymous_graph,train
8159,8159,0,CCNc1cc(C#N)c(N)c2c1C(=O)c1ccccc1C2=O,CCNc1cc(C#N)c(N)c2c1C(=O)c1ccccc1C2=O,CCNc1cc(C#N)c(N)c2c1C(=O)c1ccccc1C2=O,O=C1c2ccccc2C(=O)c2ccccc21,murcko,test
8167,8167,1,O=S(=O)(O)c1ccc2c(N=Nc3ccc(N=Nc4ccc(Nc5ccccc5)c(S(=O)(=O)O)c4)c4ccccc34)c(O)ccc2c1,O=S(=O)(O)c1ccc2c(N=Nc3ccc(N=Nc4ccc(Nc5ccccc5)c(S(=O)(=O)O)c4)c4ccccc34)c(O)ccc2c1,O=S(=O)(O)c1ccc2c(N=Nc3ccc(N=Nc4ccc(Nc5ccccc5)c(S(=O)(=O)O)c4)c4ccccc34)c(O)ccc2c1,c1ccc(Nc2ccc(N=Nc3ccc(N=Nc4cccc5ccccc45)c4ccccc34)cc2)cc1,murcko,train
8169,8169,0,CCCCCCCCCCCCCCCCCC(=O)OCCOC(=O)CCCCCCCCCCCCCCCCC,CCCCCCCCCCCCCCCCCC(=O)OCCOC(=O)CCCCCCCCCCCCCCCCC,CCCCCCCCCCCCCCCCCC(=O)OCCOC(=O)CCCCCCCCCCCCCCCCC,ACY_******************(*)*****(*)*****************,acyclic_anonymous_graph,test
8172,8172,0,CCOCCOC(=O)OCC,CCOCCOC(=O)OCC,CCOCCOC(=O)OCC,ACY_*******(*)***,acyclic_anonymous_graph,train
8183,8183,0,CC(C)(CS(=O)(=O)O)NC(=O)CCSCCC(F)(F)C(F)(F)C(F)(F)C(F)(F)C(F)(F)C(F)(F)F,CC(C)(CS(=O)(=O)O)NC(=O)CCSCCC(F)(F)C(F)(F)C(F)(F)C(F)(F)C(F)(F)C(F)(F)F,CC(C)(CS(=O)(=O)O)NC(=O)CCSCCC(F)(F)C(F)(F)C(F)(F)C(F)(F)C(F)(F)C(F)(F)F,ACY_**(******(*)(*)*(*)(*)*(*)(*)*(*)(*)*(*)(*)*(*)(*)*)**(*)(*)**(*)(*)*,acyclic_anonymous_graph,train
8188,8188,0,OCCCCCCO,OCCCCCCO,OCCCCCCO,ACY_********,acyclic_anonymous_graph,train
8192,8192,0,CCCCCCCCCCCCCCCCOC(C)=O,CCCCCCCCCCCCCCCCOC(C)=O,CCCCCCCCCCCCCCCCOC(C)=O,ACY_******************(*)*,acyclic_anonymous_graph,test
8197,8197,0,CCCCCCCCCCCCCCCCCCCCCC,CCCCCCCCCCCCCCCCCCCCCC,CCCCCCCCCCCCCCCCCCCCCC,ACY_**********************,acyclic_anonymous_graph,test
8201,8201,0,CC(C)(C)C(NC(=O)OCc1ccccc1)C(=O)O,CC(C)(C)C(NC(=O)OCc1ccccc1)C(=O)O,CC(C)(C)C(NC(=O)OCc1ccccc1)C(=O)O,c1ccccc1,murcko,train
8209,8209,0,C=C(C)C(=O)NCCC[N+](C)(C)CC(=O)NCCC[N+](C)(C)CC(O)C[N+](C)(C)C,C=C(C)C(=O)NCCC[N+](C)(C)CC(=O)NCCC[N+](C)(C)CC(O)C[N+](C)(C)C,C=C(C)C(=O)NCCC[N+](C)(C)CC(=O)NCCC[N+](C)(C)CC(O)C[N+](C)(C)C,ACY_**(*****(*)(*)**(*)**(*)(*)*)**(*)(*)*****(*)*(*)*,acyclic_anonymous_graph,train
8210,8210,0,O=PO,O=PO,O=PO,ACY_***,acyclic_anonymous_graph,train
8212,8212,0,CCCCCCCCCCCC(=O)OCCC(C)C,CCCCCCCCCCCC(=O)OCCC(C)C,CCCCCCCCCCCC(=O)OCCC(C)C,ACY_************(*)****(*)*,acyclic_anonymous_graph,train
8230,8230,0,O=C(CCCCC(=O)N(CCO)CCO)N(CCO)CCO,O=C(CCCCC(=O)N(CCO)CCO)N(CCO)CCO,O=C(CCCCC(=O)N(CCO)CCO)N(CCO)CCO,ACY_****(***)*(*)*****(*)*(***)***,acyclic_anonymous_graph,train
8241,8241,1,C=C(C)C(=O)O,C=C(C)C(=O)O,C=C(C)C(=O)O,ACY_**(*)*(*)*,acyclic_anonymous_graph,train
8256,8256,0,CCOC(=O)C1=NN(c2ccccc2)C(=O)C1N=Nc1ccc(-c2ccc(N=NC3C(=O)N(c4ccccc4)N=C3C(=O)OCC)c(Cl)c2)cc1Cl,CCOC(=O)C1=NN(c2ccccc2)C(=O)C1N=Nc1ccc(-c2ccc(N=NC3C(=O)N(c4ccccc4)N=C3C(=O)OCC)c(Cl)c2)cc1Cl,CCOC(=O)C1=NN(c2ccccc2)C(=O)C1N=Nc1ccc(-c2ccc(N=NC3C(=O)N(c4ccccc4)N=C3C(=O)OCC)c(Cl)c2)cc1Cl,O=C1C(N=Nc2ccc(-c3ccc(N=NC4C=NN(c5ccccc5)C4=O)cc3)cc2)C=NN1c1ccccc1,murcko,train
8263,8263,1,O=C(O)c1cc(C(=O)O)cc(S(=O)(=O)O)c1,O=C(O)c1cc(C(=O)O)cc(S(=O)(=O)O)c1,O=C(O)c1cc(C(=O)O)cc(S(=O)(=O)O)c1,c1ccccc1,murcko,train
8278,8278,1,CC=Cc1ccc(OC)c(OC)c1,CC=Cc1ccc(OC)c(OC)c1,CC=Cc1ccc(OC)c(OC)c1,c1ccccc1,murcko,train
8286,8286,0,COC(=O)CCc1cc(C(C)(C)C)c(O)c(C(C)(C)C)c1,COC(=O)CCc1cc(C(C)(C)C)c(O)c(C(C)(C)C)c1,COC(=O)CCc1cc(C(C)(C)C)c(O)c(C(C)(C)C)c1,c1ccccc1,murcko,train
8299,8299,0,CCCCCCCCC=CCCCCCCCCO[P+](=O)OCCCCCCCCC=CCCCCCCCC,CCCCCCCCC=CCCCCCCCCO[P+](=O)OCCCCCCCCC=CCCCCCCCC,CCCCCCCCC=CCCCCCCCCO[P+](=O)OCCCCCCCCC=CCCCCCCCC,ACY_********************(*)*******************,acyclic_anonymous_graph,train
8306,8306,0,Nc1c(Oc2ccccc2)c(Oc2ccccc2)c(N)c2c1C(=O)c1ccccc1C2=O,Nc1c(Oc2ccccc2)c(Oc2ccccc2)c(N)c2c1C(=O)c1ccccc1C2=O,Nc1c(Oc2ccccc2)c(Oc2ccccc2)c(N)c2c1C(=O)c1ccccc1C2=O,O=C1c2ccccc2C(=O)c2cc(Oc3ccccc3)c(Oc3ccccc3)cc21,murcko,train
8311,8311,0,CCOC(=O)CC1(C)OCCO1,CCOC(=O)CC1(C)OCCO1,CCOC(=O)CC1(C)OCCO1,C1COCO1,murcko,train
8320,8320,0,Cc1ccc(N2C(=O)C=CC2=O)cc1N1C(=O)C=CC1=O,Cc1ccc(N2C(=O)C=CC2=O)cc1N1C(=O)C=CC1=O,Cc1ccc(N2C(=O)C=CC2=O)cc1N1C(=O)C=CC1=O,O=C1C=CC(=O)N1c1cccc(N2C(=O)C=CC2=O)c1,murcko,train
8325,8325,0,CCCCCCCC(=O)NCCN(CCO)CCC(=O)O,CCCCCCCC(=O)NCCN(CCO)CCC(=O)O,CCCCCCCC(=O)NCCN(CCO)CCC(=O)O,ACY_********(*)****(***)***(*)*,acyclic_anonymous_graph,train
8330,8330,0,CCN(CC)c1ccc(C=CC2=[N+](C)c3ccccc3C2(C)C)cc1,CCN(CC)c1ccc(C=CC2=[N+](C)c3ccccc3C2(C)C)cc1,CCN(CC)c1ccc(C=CC2=[N+](C)c3ccccc3C2(C)C)cc1,C(=Cc1ccccc1)C1=[NH+]c2ccccc2C1,murcko,train
8352,8352,1,NCCCCCCCCCCN,NCCCCCCCCCCN,NCCCCCCCCCCN,ACY_************,acyclic_anonymous_graph,train
8353,8353,0,O=C1C=C(N(O)O)C=CC1=NN=C1C(=O)C=Cc2ccccc21,O=C1C=C(N(O)O)C=CC1=NN=C1C(=O)C=Cc2ccccc21,O=C1C=C(N(O)O)C=CC1=NN=C1C(=O)C=Cc2ccccc21,O=C1C=CC=CC1=NN=C1C(=O)C=Cc2ccccc21,murcko,train
8354,8354,0,O=C(NC(=O)c1ccccc1Cl)Nc1ccc(OC(F)(F)F)cc1,O=C(NC(=O)c1ccccc1Cl)Nc1ccc(OC(F)(F)F)cc1,O=C(NC(=O)c1ccccc1Cl)Nc1ccc(OC(F)(F)F)cc1,O=C(NC(=O)c1ccccc1)Nc1ccccc1,murcko,train
8470,8470,0,CC1C(C)(C)C2CCCC3OC(C)(C)CC32C1(C)C,CC1C(C)(C)C2CCCC3OC(C)(C)CC32C1(C)C,CC1C(C)(C)C2CCCC3OC(C)(C)CC32C1(C)C,C1CC2CCCC23CCOC3C1,murcko,train
8475,8475,0,CC(=O)C(N=Nc1ccc(Cl)cc1[N+](=O)[O-])C(=O)Nc1ccccc1Cl,CC(=O)C(N=Nc1ccc(Cl)cc1[N+](=O)[O-])C(=O)Nc1ccccc1Cl,CC(=O)C(N=Nc1ccc(Cl)cc1[N+](=O)[O-])C(=O)Nc1ccccc1Cl,O=C(CN=Nc1ccccc1)Nc1ccccc1,murcko,train
8479,8479,0,CN1CCCC1c1cccnc1,CN1CCCC1c1cccnc1,CN1CCCC1c1cccnc1,c1cncc(C2CCCN2)c1,murcko,train
8480,8480,1,NC(=O)c1ccccc1O,NC(=O)c1ccccc1O,NC(=O)c1ccccc1O,c1ccccc1,murcko,train
8482,8482,0,Cc1ccc2nc(-c3ccc(N=NC4C(=O)NC(=O)NC4=O)cc3)sc2c1S(=O)(=O)O,Cc1ccc2nc(-c3ccc(N=NC4C(=O)NC(=O)NC4=O)cc3)sc2c1S(=O)(=O)O,Cc1ccc2nc(-c3ccc(N=NC4C(=O)NC(=O)NC4=O)cc3)sc2c1S(=O)(=O)O,O=C1NC(=O)C(N=Nc2ccc(-c3nc4ccccc4s3)cc2)C(=O)N1,murcko,test
8501,8501,1,CC1=NN(c2cccc(S(=O)(=O)O)c2)C(=O)C1N=Nc1cc(Cl)c(Cl)cc1S(=O)(=O)O,CC1=NN(c2cccc(S(=O)(=O)O)c2)C(=O)C1N=Nc1cc(Cl)c(Cl)cc1S(=O)(=O)O,CC1=NN(c2cccc(S(=O)(=O)O)c2)C(=O)C1N=Nc1cc(Cl)c(Cl)cc1S(=O)(=O)O,O=C1C(N=Nc2ccccc2)C=NN1c1ccccc1,murcko,train
8504,8504,0,COc1ccc(N=NC(C(C)=O)C(=O)Nc2ccccc2OC)c([N+](=O)[O-])c1,COc1ccc(N=NC(C(C)=O)C(=O)Nc2ccccc2OC)c([N+](=O)[O-])c1,COc1ccc(N=NC(C(C)=O)C(=O)Nc2ccccc2OC)c([N+](=O)[O-])c1,O=C(CN=Nc1ccccc1)Nc1ccccc1,murcko,train
8506,8506,0,Cc1ccccc1NC(=O)c1cc2ccccc2c(N=Nc2cc(Cl)c(Cl)cc2Cl)c1O,Cc1ccccc1NC(=O)c1cc2ccccc2c(N=Nc2cc(Cl)c(Cl)cc2Cl)c1O,Cc1ccccc1NC(=O)c1cc2ccccc2c(N=Nc2cc(Cl)c(Cl)cc2Cl)c1O,O=C(Nc1ccccc1)c1cc(N=Nc2ccccc2)c2ccccc2c1,murcko,train
8512,8512,0,CC1=CCCC2(C)C(OC=O)C(C)CCC12C,CC1=CCCC2(C)C(OC=O)C(C)CCC12C,CC1=CCCC2(C)C(OC=O)C(C)CCC12C,C1=CC2CCCCC2CC1,murcko,train
8513,8513,0,CCC=CCCOC(=O)c1ccccc1O,CCC=CCCOC(=O)c1ccccc1O,CCC=CCCOC(=O)c1ccccc1O,c1ccccc1,murcko,train
8515,8515,0,CCCCCC1(C)CCC(C)(C)C1=O,CCCCCC1(C)CCC(C)(C)C1=O,CCCCCC1(C)CCC(C)(C)C1=O,O=C1CCCC1,murcko,test
8521,8521,0,Cc1ccc(S(=O)(=O)O)cc1,Cc1ccc(S(=O)(=O)O)cc1,Cc1ccc(S(=O)(=O)O)cc1,c1ccccc1,murcko,train
8524,8524,0,NCC(=O)NC(Cc1ccc(O)cc1)C(=O)O,NCC(=O)NC(Cc1ccc(O)cc1)C(=O)O,NCC(=O)NC(Cc1ccc(O)cc1)C(=O)O,c1ccccc1,murcko,train
8525,8525,0,CCC(COC(=O)CC(C)CC(C)(C)C)(COC(=O)CC(C)CC(C)(C)C)COC(=O)CC(C)CC(C)(C)C,CCC(COC(=O)CC(C)CC(C)(C)C)(COC(=O)CC(C)CC(C)(C)C)COC(=O)CC(C)CC(C)(C)C,CCC(COC(=O)CC(C)CC(C)(C)C)(COC(=O)CC(C)CC(C)(C)C)COC(=O)CC(C)CC(C)(C)C,ACY_***(***(*)**(*)**(*)(*)*)(***(*)**(*)**(*)(*)*)***(*)**(*)**(*)(*)*,acyclic_anonymous_graph,train
8526,8526,0,CC(CC(=O)OCC(COCC(COC(=O)CC(C)CC(C)(C)C)(COC(=O)CC(C)CC(C)(C)C)COC(=O)CC(C)CC(C)(C)C)(COC(=O)CC(C)CC(C)(C)C)COC(=O)CC(C)CC(C)(C)C)CC(C)(C)C,CC(CC(=O)OCC(COCC(COC(=O)CC(C)CC(C)(C)C)(COC(=O)CC(C)CC(C)(C)C)COC(=O)CC(C)CC(C)(C)C)(COC(=O)CC(C)CC(C)(C)C)COC(=O)CC(C)CC(C)(C)C)CC(C)(C)C,CC(CC(=O)OCC(COCC(COC(=O)CC(C)CC(C)(C)C)(COC(=O)CC(C)CC(C)(C)C)COC(=O)CC(C)CC(C)(C)C)(COC(=O)CC(C)CC(C)(C)C)COC(=O)CC(C)CC(C)(C)C)CC(C)(C)C,ACY_**(***(****(***(*)**(*)**(*)(*)*)(***(*)**(*)**(*)(*)*)***(*)**(*)**(*)(*)*)(***(*)**(*)**(*)(*)*)***(*)**(*)**(*)(*)*)**(*)**(*)(*)*,acyclic_anonymous_graph,train
8530,8530,0,CC(C)CCOC(=O)CC(C)C,CC(C)CCOC(=O)CC(C)C,CC(C)CCOC(=O)CC(C)C,ACY_**(*)****(*)**(*)*,acyclic_anonymous_graph,train
8555,8555,0,CCCCCC=O,CCCCCC=O,CCCCCC=O,ACY_*******,acyclic_anonymous_graph,train
8558,8558,0,C1CNCCN1,C1CNCCN1,C1CNCCN1,C1CNCCN1,murcko,train
8559,8559,1,C=C(C)C(=O)OCCCCCCOC(=O)C(=C)C,C=C(C)C(=O)OCCCCCCOC(=O)C(=C)C,C=C(C)C(=O)OCCCCCCOC(=O)C(=C)C,ACY_**(*)*(*)*********(*)*(*)*,acyclic_anonymous_graph,test
8573,8573,0,CCCCCCCCCCCCCCCCCCCCCCO,CCCCCCCCCCCCCCCCCCCCCCO,CCCCCCCCCCCCCCCCCCCCCCO,ACY_***********************,acyclic_anonymous_graph,test
8575,8575,0,Cc1cc(C)cc(C(=O)Cl)c1,Cc1cc(C)cc(C(=O)Cl)c1,Cc1cc(C)cc(C(=O)Cl)c1,c1ccccc1,murcko,train
8578,8578,0,O=C1OC(C(O)CO)C(O)=C1OP(=O)(O)O,O=C1OC(C(O)CO)C(O)=C1OP(=O)(O)O,O=C1OC(C(O)CO)C(O)=C1OP(=O)(O)O,O=C1C=CCO1,murcko,test
8579,8579,1,CC1CN(CN2COC(C)C2)CO1,CC1CN(CN2COC(C)C2)CO1,CC1CN(CN2COC(C)C2)CO1,C1CN(CN2CCOC2)CO1,murcko,train
8581,8581,0,Nc1nc(N)nc(NC2CC2)n1,Nc1nc(N)nc(NC2CC2)n1,Nc1nc(N)nc(NC2CC2)n1,c1ncnc(NC2CC2)n1,murcko,train
8598,8598,0,CC(C)CCCCCCCCCCCCCCC(=O)O,CC(C)CCCCCCCCCCCCCCC(=O)O,CC(C)CCCCCCCCCCCCCCC(=O)O,ACY_**(*)***************(*)*,acyclic_anonymous_graph,train
8603,8603,0,CC(C)Cc1ccc(CC(C)C=O)cc1,CC(C)Cc1ccc(CC(C)C=O)cc1,CC(C)Cc1ccc(CC(C)C=O)cc1,c1ccccc1,murcko,train
8609,8609,0,CCOCCCNC(=O)C(O)C(C)(C)CO,CCOCCCNC(=O)C(O)C(C)(C)CO,CCOCCCNC(=O)C(O)C(C)(C)CO,ACY_********(*)*(*)*(*)(*)**,acyclic_anonymous_graph,train
8610,8610,0,FC(F)(F)C=CC(F)(F)F,FC(F)(F)C=CC(F)(F)F,FC(F)(F)C=CC(F)(F)F,ACY_**(*)(*)***(*)(*)*,acyclic_anonymous_graph,train
8623,8623,0,Cc1cc(C)[nH]n1,Cc1cc(C)[nH]n1,Cc1cc(C)[nH]n1,c1cn[nH]c1,murcko,train
8639,8639,0,O=C1c2ccc3c4ccc5c6c(ccc(c7ccc(c2c37)C(=O)N1CCc1ccccc1)c64)C(=O)N(CCc1ccccc1)C5=O,O=C1c2ccc3c4ccc5c6c(ccc(c7ccc(c2c37)C(=O)N1CCc1ccccc1)c64)C(=O)N(CCc1ccccc1)C5=O,O=C1c2ccc3c4ccc5c6c(ccc(c7ccc(c2c37)C(=O)N1CCc1ccccc1)c64)C(=O)N(CCc1ccccc1)C5=O,O=C1c2ccc3c4ccc5c6c(ccc(c7ccc(c2c37)C(=O)N1CCc1ccccc1)c64)C(=O)N(CCc1ccccc1)C5=O,murcko,train
8641,8641,0,CN(C)CCCNCCCN(C)C,CN(C)CCCNCCCN(C)C,CN(C)CCCNCCCN(C)C,ACY_**(*)********(*)*,acyclic_anonymous_graph,train
8642,8642,0,CC(O)CN(CCO)CCO,CC(O)CN(CCO)CCO,CC(O)CN(CCO)CCO,ACY_****(***)**(*)*,acyclic_anonymous_graph,train
8649,8649,0,CCOc1ccc(Nc2ccc(S(=O)(=O)N(C)C)cc2[N+](=O)[O-])cc1,CCOc1ccc(Nc2ccc(S(=O)(=O)N(C)C)cc2[N+](=O)[O-])cc1,CCOc1ccc(Nc2ccc(S(=O)(=O)N(C)C)cc2[N+](=O)[O-])cc1,c1ccc(Nc2ccccc2)cc1,murcko,train
8658,8658,0,C[Si](Cl)(Cl)CCC(F)(F)F,C[Si](Cl)(Cl)CCC(F)(F)F,C[Si](Cl)(Cl)CCC(F)(F)F,ACY_**(*)(*)***(*)(*)*,acyclic_anonymous_graph,train
8660,8660,0,CC(Cc1ccc(C(C)(C)C)cc1)CN1CC(C)OC(C)C1,CC(Cc1ccc(C(C)(C)C)cc1)CN1CC(C)OC(C)C1,CC(Cc1ccc(C(C)(C)C)cc1)CN1CC(C)OC(C)C1,c1ccc(CCCN2CCOCC2)cc1,murcko,test
8670,8670,0,CC(=CC(C)C)C(C)OC(C)(C)COC(=O)C1CC1,CC(=CC(C)C)C(C)OC(C)(C)COC(=O)C1CC1,CC(=CC(C)C)C(C)OC(C)(C)COC(=O)C1CC1,C1CC1,murcko,train
8671,8671,0,CCCCOCCOS(=O)(=O)O,CCCCOCCOS(=O)(=O)O,CCCCOCCOS(=O)(=O)O,ACY_*********(*)(*)*,acyclic_anonymous_graph,test
8674,8674,0,COC(OC)C(C)(C)CC=C(C)C,COC(OC)C(C)(C)CC=C(C)C,COC(OC)C(C)(C)CC=C(C)C,ACY_***(**)*(*)(*)***(*)*,acyclic_anonymous_graph,test
8717,8717,0,CCCCCCCCCCCCCCCCCC(=O)OCC[N+](C)(C)CCOC(=O)CCCCCCCCCCCCCCCCC,CCCCCCCCCCCCCCCCCC(=O)OCC[N+](C)(C)CCOC(=O)CCCCCCCCCCCCCCCCC,CCCCCCCCCCCCCCCCCC(=O)OCC[N+](C)(C)CCOC(=O)CCCCCCCCCCCCCCCCC,ACY_******************(*)****(*)(*)****(*)*****************,acyclic_anonymous_graph,train
8722,8722,0,COC1(C)CCC23CC1C(C)(C)C2CCC3C,COC1(C)CCC23CC1C(C)(C)C2CCC3C,COC1(C)CCC23CC1C(C)(C)C2CCC3C,C1CC2CC3CCCC3(C1)C2,murcko,train
8728,8728,0,CC(=O)Nc1ccc(Nc2ccc(O)c3c2C(=O)c2ccccc2C3=O)cc1,CC(=O)Nc1ccc(Nc2ccc(O)c3c2C(=O)c2ccccc2C3=O)cc1,CC(=O)Nc1ccc(Nc2ccc(O)c3c2C(=O)c2ccccc2C3=O)cc1,O=C1c2ccccc2C(=O)c2c(Nc3ccccc3)cccc21,murcko,train
8742,8742,0,O=C(O)CS,O=C(O)CS,O=C(O)CS,ACY_***(*)*,acyclic_anonymous_graph,train
8747,8747,0,CC(=O)C1(O)CCC2C3CCC4=CC(=O)CCC4(C)C3CCC21C,CC(=O)C1(O)CCC2C3CCC4=CC(=O)CCC4(C)C3CCC21C,CC(=O)C1(O)CCC2C3CCC4=CC(=O)CCC4(C)C3CCC21C,O=C1C=C2CCC3C4CCCC4CCC3C2CC1,murcko,train
8780,8780,0,CC1(C)C(C=C(Cl)C(F)(F)F)C1C(=O)O,CC1(C)C(C=C(Cl)C(F)(F)F)C1C(=O)O,CC1(C)C(C=C(Cl)C(F)(F)F)C1C(=O)O,C1CC1,murcko,train
8804,8804,0,CC(=O)C(N=Nc1ccccc1C(F)(F)F)C(=O)Nc1ccc2[nH]c(=O)[nH]c2c1,CC(=O)C(N=Nc1ccccc1C(F)(F)F)C(=O)Nc1ccc2[nH]c(=O)[nH]c2c1,CC(=O)C(N=Nc1ccccc1C(F)(F)F)C(=O)Nc1ccc2[nH]c(=O)[nH]c2c1,O=C(CN=Nc1ccccc1)Nc1ccc2[nH]c(=O)[nH]c2c1,murcko,train
8822,8822,0,O=[N+]([O-])c1ccc(N=Nc2cc(N=Nc3cc(S(=O)(=O)O)cc4cc(S(=O)(=O)O)c(N=Nc5cc([N+](=O)[O-])cc([N+](=O)[O-])c5O)c(O)c34)c(O)cc2O)cc1,O=[N+]([O-])c1ccc(N=Nc2cc(N=Nc3cc(S(=O)(=O)O)cc4cc(S(=O)(=O)O)c(N=Nc5cc([N+](=O)[O-])cc([N+](=O)[O-])c5O)c(O)c34)c(O)cc2O)cc1,O=[N+]([O-])c1ccc(N=Nc2cc(N=Nc3cc(S(=O)(=O)O)cc4cc(S(=O)(=O)O)c(N=Nc5cc([N+](=O)[O-])cc([N+](=O)[O-])c5O)c(O)c34)c(O)cc2O)cc1,c1ccc(N=Nc2cccc(N=Nc3cccc4ccc(N=Nc5ccccc5)cc34)c2)cc1,murcko,train
8823,8823,0,CC(C)CCCCCCCCCCCCCCC(=O)OC(C)C,CC(C)CCCCCCCCCCCCCCC(=O)OC(C)C,CC(C)CCCCCCCCCCCCCCC(=O)OC(C)C,ACY_**(*)***************(*)**(*)*,acyclic_anonymous_graph,train
8861,8861,0,O=S(=O)(O)c1ccc(N=Nc2ccc(N=Nc3c(S(=O)(=O)O)cc4cc(Nc5nc(NCCO)nc(NCCO)n5)ccc4c3O)cc2)cc1,O=S(=O)(O)c1ccc(N=Nc2ccc(N=Nc3c(S(=O)(=O)O)cc4cc(Nc5nc(NCCO)nc(NCCO)n5)ccc4c3O)cc2)cc1,O=S(=O)(O)c1ccc(N=Nc2ccc(N=Nc3c(S(=O)(=O)O)cc4cc(Nc5nc(NCCO)nc(NCCO)n5)ccc4c3O)cc2)cc1,c1ccc(N=Nc2ccc(N=Nc3ccc4cc(Nc5ncncn5)ccc4c3)cc2)cc1,murcko,train
8863,8863,0,O=S(=O)(O)c1cc(Nc2nc(Cl)nc(Nc3ccc(Nc4nc(Cl)nc(Nc5cc(S(=O)(=O)O)cc6cc(S(=O)(=O)O)c(N=Nc7ccccc7S(=O)(=O)O)c(O)c56)n4)cc3)n2)c2c(O)c(N=Nc3ccccc3S(=O)(=O)O)c(S(=O)(=O)O)cc2c1,O=S(=O)(O)c1cc(Nc2nc(Cl)nc(Nc3ccc(Nc4nc(Cl)nc(Nc5cc(S(=O)(=O)O)cc6cc(S(=O)(=O)O)c(N=Nc7ccccc7S(=O)(=O)O)c(O)c56)n4)cc3)n2)c2c(O)c(N=Nc3ccccc3S(=O)(=O)O)c(S(=O)(=O)O)cc2c1,O=S(=O)(O)c1cc(Nc2nc(Cl)nc(Nc3ccc(Nc4nc(Cl)nc(Nc5cc(S(=O)(=O)O)cc6cc(S(=O)(=O)O)c(N=Nc7ccccc7S(=O)(=O)O)c(O)c56)n4)cc3)n2)c2c(O)c(N=Nc3ccccc3S(=O)(=O)O)c(S(=O)(=O)O)cc2c1,c1ccc(N=Nc2ccc3cccc(Nc4ncnc(Nc5ccc(Nc6ncnc(Nc7cccc8ccc(N=Nc9ccccc9)cc78)n6)cc5)n4)c3c2)cc1,murcko,train
8865,8865,0,O=C(O)CSSCC(=O)O,O=C(O)CSSCC(=O)O,O=C(O)CSSCC(=O)O,ACY_**(*)*****(*)*,acyclic_anonymous_graph,train
8867,8867,0,CCCCC(CC)COC(=O)Nc1ccc(C)c(NC(=O)OCCN(C)C)c1,CCCCC(CC)COC(=O)Nc1ccc(C)c(NC(=O)OCCN(C)C)c1,CCCCC(CC)COC(=O)Nc1ccc(C)c(NC(=O)OCCN(C)C)c1,c1ccccc1,murcko,train
8871,8871,0,Nc1nc(Cl)nc(Nc2ccc(S(=O)(=O)O)c(N=Nc3c(S(=O)(=O)O)cc4cc(S(=O)(=O)O)c(N=Nc5cc(S(=O)(=O)O)ccc5S(=O)(=O)O)c(N)c4c3O)c2)n1,Nc1nc(Cl)nc(Nc2ccc(S(=O)(=O)O)c(N=Nc3c(S(=O)(=O)O)cc4cc(S(=O)(=O)O)c(N=Nc5cc(S(=O)(=O)O)ccc5S(=O)(=O)O)c(N)c4c3O)c2)n1,Nc1nc(Cl)nc(Nc2ccc(S(=O)(=O)O)c(N=Nc3c(S(=O)(=O)O)cc4cc(S(=O)(=O)O)c(N=Nc5cc(S(=O)(=O)O)ccc5S(=O)(=O)O)c(N)c4c3O)c2)n1,c1ccc(N=Nc2ccc3ccc(N=Nc4cccc(Nc5ncncn5)c4)cc3c2)cc1,murcko,train
8876,8876,0,CNS(=O)(=O)C(F)(F)C(F)(F)C(F)(F)C(F)(F)F,CNS(=O)(=O)C(F)(F)C(F)(F)C(F)(F)C(F)(F)F,CNS(=O)(=O)C(F)(F)C(F)(F)C(F)(F)C(F)(F)F,ACY_***(*)(*)*(*)(*)*(*)(*)*(*)(*)*(*)(*)*,acyclic_anonymous_graph,train
8904,8904,0,CCCCCCCCCCCCCC[N+](C)(C)CCCCCCCCCCCCCC,CCCCCCCCCCCCCC[N+](C)(C)CCCCCCCCCCCCCC,CCCCCCCCCCCCCC[N+](C)(C)CCCCCCCCCCCCCC,ACY_***************(*)(*)**************,acyclic_anonymous_graph,train
8934,8934,0,CCCCOC(=O)CC(SP(=S)(OCCC)OCCC)C(=O)OCCCC,CCCCOC(=O)CC(SP(=S)(OCCC)OCCC)C(=O)OCCCC,CCCCOC(=O)CC(SP(=S)(OCCC)OCCC)C(=O)OCCCC,ACY_******(*)**(**(*)(****)****)*(*)*****,acyclic_anonymous_graph,test
8935,8935,0,CCCCOC(=O)CC(SP(=S)(OCC(CC)CCCC)OCC(CC)CCCC)C(=O)OCCCC,CCCCOC(=O)CC(SP(=S)(OCC(CC)CCCC)OCC(CC)CCCC)C(=O)OCCCC,CCCCOC(=O)CC(SP(=S)(OCC(CC)CCCC)OCC(CC)CCCC)C(=O)OCCCC,ACY_******(*)**(**(*)(***(**)****)***(**)****)*(*)*****,acyclic_anonymous_graph,test
8978,8978,0,CC(C)C(=O)OCC(C)(C)C(OC(=O)C(C)C)C(C)C,CC(C)C(=O)OCC(C)(C)C(OC(=O)C(C)C)C(C)C,CC(C)C(=O)OCC(C)(C)C(OC(=O)C(C)C)C(C)C,ACY_**(*)*(*)***(*)(*)*(**(*)*(*)*)*(*)*,acyclic_anonymous_graph,train
9071,9071,0,CCCCCCCCC=CCCCCCCCC1=NCCN1CCO,CCCCCCCCC=CCCCCCCCC1=NCCN1CCO,CCCCCCCCC=CCCCCCCCC1=NCCN1CCO,C1=NCCN1,murcko,train
9145,9145,0,CC1CC(CC2CCC(N)C(C)C2)CCC1N,CC1CC(CC2CCC(N)C(C)C2)CCC1N,CC1CC(CC2CCC(N)C(C)C2)CCC1N,C1CCC(CC2CCCCC2)CC1,murcko,test
9188,9188,0,Nc1ccc(N=Nc2ccc(N=Nc3c(S(=O)(=O)O)cc4cc(S(=O)(=O)O)c(N=Nc5ccccc5)c(O)c4c3N)cc2)c(N)c1,Nc1ccc(N=Nc2ccc(N=Nc3c(S(=O)(=O)O)cc4cc(S(=O)(=O)O)c(N=Nc5ccccc5)c(O)c4c3N)cc2)c(N)c1,Nc1ccc(N=Nc2ccc(N=Nc3c(S(=O)(=O)O)cc4cc(S(=O)(=O)O)c(N=Nc5ccccc5)c(O)c4c3N)cc2)c(N)c1,c1ccc(N=Nc2ccc(N=Nc3ccc4ccc(N=Nc5ccccc5)cc4c3)cc2)cc1,murcko,train
9193,9193,0,CCCCCCCC(=O)CC(=O)c1ccccc1,CCCCCCCC(=O)CC(=O)c1ccccc1,CCCCCCCC(=O)CC(=O)c1ccccc1,c1ccccc1,murcko,train
9195,9195,0,CC(=CCCC=O)CCCC(C)C,CC(=CCCC=O)CCCC(C)C,CC(=CCCC=O)CCCC(C)C,ACY_******(*)****(*)*,acyclic_anonymous_graph,train
9197,9197,0,C=CCOC(=O)COC1CCCCC1,C=CCOC(=O)COC1CCCCC1,C=CCOC(=O)COC1CCCCC1,C1CCCCC1,murcko,train
9215,9215,0,CCC(=O)OC1CC2CC1C1CC=CC21,CCC(=O)OC1CC2CC1C1CC=CC21,CCC(=O)OC1CC2CC1C1CC=CC21,C1=CC2C3CCC(C3)C2C1,murcko,train
9228,9228,0,CCN(Cc1cccc(S(=O)(=O)[O-])c1)c1ccc(C(=C2C=CC(=[N+](CC)Cc3cccc(S(=O)(=O)O)c3)C=C2)c2ccccc2S(=O)(=O)O)cc1,CCN(Cc1cccc(S(=O)(=O)[O-])c1)c1ccc(C(=C2C=CC(=[N+](CC)Cc3cccc(S(=O)(=O)O)c3)C=C2)c2ccccc2S(=O)(=O)O)cc1,CCN(Cc1cccc(S(=O)(=O)[O-])c1)c1ccc(C(=C2C=CC(=[N+](CC)Cc3cccc(S(=O)(=O)O)c3)C=C2)c2ccccc2S(=O)(=O)O)cc1,C1=CC(=C(c2ccccc2)c2ccc(NCc3ccccc3)cc2)C=CC1=[NH+]Cc1ccccc1,murcko,train
9268,9268,0,CCCCC(CC)COP(=S)(S)OCC(CC)CCCC,CCCCC(CC)COP(=S)(S)OCC(CC)CCCC,CCCCC(CC)COP(=S)(S)OCC(CC)CCCC,ACY_*****(**)***(*)(*)***(**)****,acyclic_anonymous_graph,test
9271,9271,0,O=S(=O)(O)c1ccc(S(=O)(=O)O)c(Nc2nc(Nc3ccc(C=Cc4ccc(Nc5nc(Nc6cc(S(=O)(=O)O)ccc6S(=O)(=O)O)nc(N(CCO)CCO)n5)cc4S(=O)(=O)O)c(S(=O)(=O)O)c3)nc(N(CCO)CCO)n2)c1,O=S(=O)(O)c1ccc(S(=O)(=O)O)c(Nc2nc(Nc3ccc(C=Cc4ccc(Nc5nc(Nc6cc(S(=O)(=O)O)ccc6S(=O)(=O)O)nc(N(CCO)CCO)n5)cc4S(=O)(=O)O)c(S(=O)(=O)O)c3)nc(N(CCO)CCO)n2)c1,O=S(=O)(O)c1ccc(S(=O)(=O)O)c(Nc2nc(Nc3ccc(C=Cc4ccc(Nc5nc(Nc6cc(S(=O)(=O)O)ccc6S(=O)(=O)O)nc(N(CCO)CCO)n5)cc4S(=O)(=O)O)c(S(=O)(=O)O)c3)nc(N(CCO)CCO)n2)c1,C(=Cc1ccc(Nc2ncnc(Nc3ccccc3)n2)cc1)c1ccc(Nc2ncnc(Nc3ccccc3)n2)cc1,murcko,train
9272,9272,0,CCCCCCCCCCCCCCCCCCOP(=O)(O)O,CCCCCCCCCCCCCCCCCCOP(=O)(O)O,CCCCCCCCCCCCCCCCCCOP(=O)(O)O,ACY_********************(*)(*)*,acyclic_anonymous_graph,train
9306,9306,0,COC(=O)COc1nc(F)c(Cl)c(N)c1Cl,COC(=O)COc1nc(F)c(Cl)c(N)c1Cl,COC(=O)COc1nc(F)c(Cl)c(N)c1Cl,c1ccncc1,murcko,train
9313,9313,0,O=C1c2ccccc2C2=Nc3cccc4cccc(c34)N12,O=C1c2ccccc2C2=Nc3cccc4cccc(c34)N12,O=C1c2ccccc2C2=Nc3cccc4cccc(c34)N12,O=C1c2ccccc2C2=Nc3cccc4cccc(c34)N12,murcko,train
9316,9316,0,CCCCCCCCCCCCCCCCCCOC(=O)CCSCCC(=O)OCCCCCCCCCCCCCCCCCC,CCCCCCCCCCCCCCCCCCOC(=O)CCSCCC(=O)OCCCCCCCCCCCCCCCCCC,CCCCCCCCCCCCCCCCCCOC(=O)CCSCCC(=O)OCCCCCCCCCCCCCCCCCC,ACY_********************(*)******(*)*******************,acyclic_anonymous_graph,train
9323,9323,0,NC1CCCCC1N,NC1CCCCC1N,NC1CCCCC1N,C1CCCCC1,murcko,train
9328,9328,0,CCC1CCC(=O)O1,CCC1CCC(=O)O1,CCC1CCC(=O)O1,O=C1CCCO1,murcko,train
9335,9335,1,C=CC(=O)OCC1COC(C)(CC)O1,C=CC(=O)OCC1COC(C)(CC)O1,C=CC(=O)OCC1COC(C)(CC)O1,C1COCO1,murcko,train
9337,9337,1,O=C(CCc1ccc(O)cc1)Nc1ccccc1C(=O)O,O=C(CCc1ccc(O)cc1)Nc1ccccc1C(=O)O,O=C(CCc1ccc(O)cc1)Nc1ccccc1C(=O)O,O=C(CCc1ccccc1)Nc1ccccc1,murcko,test
9338,9338,0,OCCN(CCO)C(CO)(CO)CO,OCCN(CCO)C(CO)(CO)CO,OCCN(CCO)C(CO)(CO)CO,ACY_****(***)*(**)(**)**,acyclic_anonymous_graph,train
9346,9346,0,O=C(NC(C(=O)O)C1CCCCC1)OCc1ccccc1,O=C(NC(C(=O)O)C1CCCCC1)OCc1ccccc1,O=C(NC(C(=O)O)C1CCCCC1)OCc1ccccc1,O=C(NCC1CCCCC1)OCc1ccccc1,murcko,train
9348,9348,0,O=C(Nc1ccc2[nH]c(=O)[nH]c2c1)c1cc2ccccc2c(N=Nc2cc(Cl)ccc2Cl)c1O,O=C(Nc1ccc2[nH]c(=O)[nH]c2c1)c1cc2ccccc2c(N=Nc2cc(Cl)ccc2Cl)c1O,O=C(Nc1ccc2[nH]c(=O)[nH]c2c1)c1cc2ccccc2c(N=Nc2cc(Cl)ccc2Cl)c1O,O=C(Nc1ccc2[nH]c(=O)[nH]c2c1)c1cc(N=Nc2ccccc2)c2ccccc2c1,murcko,test
9355,9355,0,CN(C)C(C)(C)CO,CN(C)C(C)(C)CO,CN(C)C(C)(C)CO,ACY_***(*)(*)*(*)*,acyclic_anonymous_graph,test
9357,9357,0,FC(F)=C(F)OC(F)(F)OC(F)(F)F,FC(F)=C(F)OC(F)(F)OC(F)(F)F,FC(F)=C(F)OC(F)(F)OC(F)(F)F,ACY_**(*)*(*)**(*)(*)**(*)(*)*,acyclic_anonymous_graph,train
9372,9372,1,C=C(Br)C(=O)Nc1ccc(N=Nc2c(NC)ccc3cc(S(=O)(=O)O)cc(O)c23)c(S(=O)(=O)O)c1,C=C(Br)C(=O)Nc1ccc(N=Nc2c(NC)ccc3cc(S(=O)(=O)O)cc(O)c23)c(S(=O)(=O)O)c1,C=C(Br)C(=O)Nc1ccc(N=Nc2c(NC)ccc3cc(S(=O)(=O)O)cc(O)c23)c(S(=O)(=O)O)c1,c1ccc(N=Nc2cccc3ccccc23)cc1,murcko,train
9373,9373,1,C=C(Br)C(=O)Nc1ccc(N=Nc2c(N)ccc3cc(S(=O)(=O)O)cc(O)c23)c(S(=O)(=O)O)c1,C=C(Br)C(=O)Nc1ccc(N=Nc2c(N)ccc3cc(S(=O)(=O)O)cc(O)c23)c(S(=O)(=O)O)c1,C=C(Br)C(=O)Nc1ccc(N=Nc2c(N)ccc3cc(S(=O)(=O)O)cc(O)c23)c(S(=O)(=O)O)c1,c1ccc(N=Nc2cccc3ccccc23)cc1,murcko,train
9382,9382,0,C=C(Br)C(=O)Nc1ccc(S(=O)(=O)O)c(N=NC2C(=O)N(c3cc(Cl)c(S(=O)(=O)O)cc3Cl)N=C2C)c1,C=C(Br)C(=O)Nc1ccc(S(=O)(=O)O)c(N=NC2C(=O)N(c3cc(Cl)c(S(=O)(=O)O)cc3Cl)N=C2C)c1,C=C(Br)C(=O)Nc1ccc(S(=O)(=O)O)c(N=NC2C(=O)N(c3cc(Cl)c(S(=O)(=O)O)cc3Cl)N=C2C)c1,O=C1C(N=Nc2ccccc2)C=NN1c1ccccc1,murcko,train
9384,9384,1,ClCc1ccc(Cl)nc1,ClCc1ccc(Cl)nc1,ClCc1ccc(Cl)nc1,c1ccncc1,murcko,train
9394,9394,0,CCCCCC1CCCC(=O)O1,CCCCCC1CCCC(=O)O1,CCCCCC1CCCC(=O)O1,O=C1CCCCO1,murcko,train
9401,9401,0,CC(=O)Nc1cccc(Nc2cc(S(=O)(=O)O)c(N)c3c2C(=O)c2ccccc2C3=O)c1,CC(=O)Nc1cccc(Nc2cc(S(=O)(=O)O)c(N)c3c2C(=O)c2ccccc2C3=O)c1,CC(=O)Nc1cccc(Nc2cc(S(=O)(=O)O)c(N)c3c2C(=O)c2ccccc2C3=O)c1,O=C1c2ccccc2C(=O)c2c(Nc3ccccc3)cccc21,murcko,train
9411,9411,1,O=S(=O)(O)OO,O=S(=O)(O)OO,O=S(=O)(O)OO,ACY_***(*)(*)*,acyclic_anonymous_graph,train
9421,9421,0,C=C(C#N)C(=O)OCC,C=C(C#N)C(=O)OCC,C=C(C#N)C(=O)OCC,ACY_****(*)*(*)**,acyclic_anonymous_graph,train
9440,9440,0,CCCCCCCCCCCCCCCCCC(=O)OCC(COCC(COC(=O)CCCCCCCCCCCCCCCCC)(COC(=O)CCCCCCCCCCCCCCCCC)COC(=O)CCCCCCCCCCCCCCCCC)(COC(=O)CCCCCCCCCCCCCCCCC)COC(=O)CCCCCCCCCCCCCCCCC,CCCCCCCCCCCCCCCCCC(=O)OCC(COCC(COC(=O)CCCCCCCCCCCCCCCCC)(COC(=O)CCCCCCCCCCCCCCCCC)COC(=O)CCCCCCCCCCCCCCCCC)(COC(=O)CCCCCCCCCCCCCCCCC)COC(=O)CCCCCCCCCCCCCCCCC,CCCCCCCCCCCCCCCCCC(=O)OCC(COCC(COC(=O)CCCCCCCCCCCCCCCCC)(COC(=O)CCCCCCCCCCCCCCCCC)COC(=O)CCCCCCCCCCCCCCCCC)(COC(=O)CCCCCCCCCCCCCCCCC)COC(=O)CCCCCCCCCCCCCCCCC,ACY_******************(*)***(****(***(*)*****************)(***(*)*****************)***(*)*****************)(***(*)*****************)***(*)*****************,acyclic_anonymous_graph,train
9441,9441,0,CC(C)COC(=O)C1CCCCC1C(=O)OCC(C)C,CC(C)COC(=O)C1CCCCC1C(=O)OCC(C)C,CC(C)COC(=O)C1CCCCC1C(=O)OCC(C)C,C1CCCCC1,murcko,train
9442,9442,0,CCCCC(CC)COC(=O)CC(C)CC(C)(C)C,CCCCC(CC)COC(=O)CC(C)CC(C)(C)C,CCCCC(CC)COC(=O)CC(C)CC(C)(C)C,ACY_*****(**)***(*)**(*)**(*)(*)*,acyclic_anonymous_graph,train
9448,9448,0,CCCCCO,CCCCCO,CCCCCO,ACY_******,acyclic_anonymous_graph,train
9449,9449,1,c1ccccc1,c1ccccc1,c1ccccc1,c1ccccc1,murcko,train
9453,9453,0,O=S(=O)(O)c1cc(N=Nc2ccc3c(S(=O)(=O)O)cccc3c2S(=O)(=O)O)c2c(O)c(Nc3nc(Cl)nc(Nc4ccc(Nc5nc(Cl)nc(Nc6c(S(=O)(=O)O)cc7cc(S(=O)(=O)O)cc(N=Nc8ccc9c(S(=O)(=O)O)cccc9c8S(=O)(=O)O)c7c6O)n5)cc4)n3)c(S(=O)(=O)O)cc2c1,O=S(=O)(O)c1cc(N=Nc2ccc3c(S(=O)(=O)O)cccc3c2S(=O)(=O)O)c2c(O)c(Nc3nc(Cl)nc(Nc4ccc(Nc5nc(Cl)nc(Nc6c(S(=O)(=O)O)cc7cc(S(=O)(=O)O)cc(N=Nc8ccc9c(S(=O)(=O)O)cccc9c8S(=O)(=O)O)c7c6O)n5)cc4)n3)c(S(=O)(=O)O)cc2c1,O=S(=O)(O)c1cc(N=Nc2ccc3c(S(=O)(=O)O)cccc3c2S(=O)(=O)O)c2c(O)c(Nc3nc(Cl)nc(Nc4ccc(Nc5nc(Cl)nc(Nc6c(S(=O)(=O)O)cc7cc(S(=O)(=O)O)cc(N=Nc8ccc9c(S(=O)(=O)O)cccc9c8S(=O)(=O)O)c7c6O)n5)cc4)n3)c(S(=O)(=O)O)cc2c1,c1ccc2cc(N=Nc3cccc4ccc(Nc5ncnc(Nc6ccc(Nc7ncnc(Nc8ccc9cccc(N=Nc%10ccc%11ccccc%11c%10)c9c8)n7)cc6)n5)cc34)ccc2c1,murcko,train
9458,9458,0,CC=CC(=O)C1C(C)C=CCC1(C)C,CC=CC(=O)C1C(C)C=CCC1(C)C,CC=CC(=O)C1C(C)C=CCC1(C)C,C1=CCCCC1,murcko,test
9470,9470,0,CCCCCCCC1CCCC(=O)O1,CCCCCCCC1CCCC(=O)O1,CCCCCCCC1CCCC(=O)O1,O=C1CCCCO1,murcko,train
9475,9475,1,Cc1ccc2c(c1)NCCO2,Cc1ccc2c(c1)NCCO2,Cc1ccc2c(c1)NCCO2,c1ccc2c(c1)NCCO2,murcko,train
9479,9479,0,COc1cc(N=Nc2cccc(S(=O)(=O)O)c2)ccc1NC(=O)Nc1ccc(N=Nc2cccc(S(=O)(=O)O)c2)cc1OC,COc1cc(N=Nc2cccc(S(=O)(=O)O)c2)ccc1NC(=O)Nc1ccc(N=Nc2cccc(S(=O)(=O)O)c2)cc1OC,COc1cc(N=Nc2cccc(S(=O)(=O)O)c2)ccc1NC(=O)Nc1ccc(N=Nc2cccc(S(=O)(=O)O)c2)cc1OC,O=C(Nc1ccc(N=Nc2ccccc2)cc1)Nc1ccc(N=Nc2ccccc2)cc1,murcko,test
9481,9481,0,Cc1ccc(C(=O)OC(C)C)cc1N=Nc1c(O)c(C(=O)Nc2cc(Cl)c(NC(=O)c3cc4ccccc4c(N=Nc4cc(C(=O)OC(C)C)ccc4C)c3O)cc2Cl)cc2ccccc12,Cc1ccc(C(=O)OC(C)C)cc1N=Nc1c(O)c(C(=O)Nc2cc(Cl)c(NC(=O)c3cc4ccccc4c(N=Nc4cc(C(=O)OC(C)C)ccc4C)c3O)cc2Cl)cc2ccccc12,Cc1ccc(C(=O)OC(C)C)cc1N=Nc1c(O)c(C(=O)Nc2cc(Cl)c(NC(=O)c3cc4ccccc4c(N=Nc4cc(C(=O)OC(C)C)ccc4C)c3O)cc2Cl)cc2ccccc12,O=C(Nc1ccc(NC(=O)c2cc(N=Nc3ccccc3)c3ccccc3c2)cc1)c1cc(N=Nc2ccccc2)c2ccccc2c1,murcko,train
9487,9487,1,c1cc(OCC2CO2)cc(N(CC2CO2)CC2CO2)c1,c1cc(OCC2CO2)cc(N(CC2CO2)CC2CO2)c1,c1cc(OCC2CO2)cc(N(CC2CO2)CC2CO2)c1,c1cc(OCC2CO2)cc(N(CC2CO2)CC2CO2)c1,murcko,train
9490,9490,1,CC(C)c1cc(C(C)C)cc(C(C)C)c1,CC(C)c1cc(C(C)C)cc(C(C)C)c1,CC(C)c1cc(C(C)C)cc(C(C)C)c1,c1ccccc1,murcko,train
9494,9494,0,CCCCCCCCCC[N+](C)(C)CCCCCCCCCC,CCCCCCCCCC[N+](C)(C)CCCCCCCCCC,CCCCCCCCCC[N+](C)(C)CCCCCCCCCC,ACY_***********(*)(*)**********,acyclic_anonymous_graph,train
9519,9519,0,CC(C)CCCCCC(=O)NCCCCCC(=O)O,CC(C)CCCCCC(=O)NCCCCCC(=O)O,CC(C)CCCCCC(=O)NCCCCCC(=O)O,ACY_**(*)*******(*)******(*)*,acyclic_anonymous_graph,train
9525,9525,0,CC(O)C(N)C(=O)O,CC(O)C(N)C(=O)O,CC(O)C(N)C(=O)O,ACY_**(*)*(*)*(*)*,acyclic_anonymous_graph,train
9530,9530,0,CC(C)(C)CC(C)(C)Nc1nc(Cl)nc(Cl)n1,CC(C)(C)CC(C)(C)Nc1nc(Cl)nc(Cl)n1,CC(C)(C)CC(C)(C)Nc1nc(Cl)nc(Cl)n1,c1ncncn1,murcko,train
9533,9533,0,Cc1cc2[nH]c(=O)[nH]c2cc1N=NC1C(=O)NC(=O)NC1=O,Cc1cc2[nH]c(=O)[nH]c2cc1N=NC1C(=O)NC(=O)NC1=O,Cc1cc2[nH]c(=O)[nH]c2cc1N=NC1C(=O)NC(=O)NC1=O,O=C1NC(=O)C(N=Nc2ccc3[nH]c(=O)[nH]c3c2)C(=O)N1,murcko,train
9547,9547,0,OCCCOCC(COCCCO)(COCCCO)COCCCO,OCCCOCC(COCCCO)(COCCCO)COCCCO,OCCCOCC(COCCCO)(COCCCO)COCCCO,ACY_*******(******)(******)******,acyclic_anonymous_graph,train
9563,9563,0,CCOC(=O)NCCOc1ccc(Oc2ccccc2)cc1,CCOC(=O)NCCOc1ccc(Oc2ccccc2)cc1,CCOC(=O)NCCOc1ccc(Oc2ccccc2)cc1,c1ccc(Oc2ccccc2)cc1,murcko,test
9566,9566,0,CCCCCCCCCCCCCCCC(=O)OCCCCCCCCCCCCCCCC(C)C,CCCCCCCCCCCCCCCC(=O)OCCCCCCCCCCCCCCCC(C)C,CCCCCCCCCCCCCCCC(=O)OCCCCCCCCCCCCCCCC(C)C,ACY_****************(*)*****************(*)*,acyclic_anonymous_graph,train
9567,9567,0,COC(=O)C(C)Oc1ccc(Oc2ncc(C(F)(F)F)cc2Cl)cc1,COC(=O)C(C)Oc1ccc(Oc2ncc(C(F)(F)F)cc2Cl)cc1,COC(=O)C(C)Oc1ccc(Oc2ncc(C(F)(F)F)cc2Cl)cc1,c1ccc(Oc2ccccn2)cc1,murcko,train
9572,9572,0,S=c1[nH]nc(SSc2n[nH]c(=S)s2)s1,S=c1[nH]nc(SSc2n[nH]c(=S)s2)s1,S=c1[nH]nc(SSc2n[nH]c(=S)s2)s1,S=c1[nH]nc(SSc2n[nH]c(=S)s2)s1,murcko,train
9574,9574,0,CC(O)CC(C)CCc1ccccc1,CC(O)CC(C)CCc1ccccc1,CC(O)CC(C)CCc1ccccc1,c1ccccc1,murcko,train
9578,9578,0,COc1cc(S(=O)(=O)O)c(C)cc1NC(=O)C(N=Nc1ccc(-c2nc3ccc(C)c(S(=O)(=O)O)c3s2)cc1)C(C)=O,COc1cc(S(=O)(=O)O)c(C)cc1NC(=O)C(N=Nc1ccc(-c2nc3ccc(C)c(S(=O)(=O)O)c3s2)cc1)C(C)=O,COc1cc(S(=O)(=O)O)c(C)cc1NC(=O)C(N=Nc1ccc(-c2nc3ccc(C)c(S(=O)(=O)O)c3s2)cc1)C(C)=O,O=C(CN=Nc1ccc(-c2nc3ccccc3s2)cc1)Nc1ccccc1,murcko,train
9582,9582,0,CCCCOCCCN1C(C(C(=O)Nc2cc(C(C)(C)C)ccc2SCC(CC)CCCC)N2C(=O)OC(C)(C)C2=O)=Nc2ccccc2S1(=O)=O,CCCCOCCCN1C(C(C(=O)Nc2cc(C(C)(C)C)ccc2SCC(CC)CCCC)N2C(=O)OC(C)(C)C2=O)=Nc2ccccc2S1(=O)=O,CCCCOCCCN1C(C(C(=O)Nc2cc(C(C)(C)C)ccc2SCC(CC)CCCC)N2C(=O)OC(C)(C)C2=O)=Nc2ccccc2S1(=O)=O,O=C(Nc1ccccc1)C(C1=Nc2ccccc2S(=O)(=O)N1)N1C(=O)COC1=O,murcko,train
9590,9590,0,CSc1nc(NC(C)C)nc(NC(C)C)n1,CSc1nc(NC(C)C)nc(NC(C)C)n1,CSc1nc(NC(C)C)nc(NC(C)C)n1,c1ncncn1,murcko,train
9591,9591,0,CCCCCCCCC=CCCCCCCCCNC(=O)CCCCCCCC=CCCCCCCCC,CCCCCCCCC=CCCCCCCCCNC(=O)CCCCCCCC=CCCCCCCCC,CCCCCCCCC=CCCCCCCCCNC(=O)CCCCCCCC=CCCCCCCCC,ACY_********************(*)*****************,acyclic_anonymous_graph,train
9592,9592,0,CCOC(=O)C1CCC(C(=O)OCC)CC1,CCOC(=O)C1CCC(C(=O)OCC)CC1,CCOC(=O)C1CCC(C(=O)OCC)CC1,C1CCCCC1,murcko,train
9597,9597,0,COCCCNc1nc(NCCCOC)c(N=Nc2sc(C(=O)OC)c(C)c2C#N)c(C)c1C#N,COCCCNc1nc(NCCCOC)c(N=Nc2sc(C(=O)OC)c(C)c2C#N)c(C)c1C#N,COCCCNc1nc(NCCCOC)c(N=Nc2sc(C(=O)OC)c(C)c2C#N)c(C)c1C#N,c1cncc(N=Nc2cccs2)c1,murcko,train
9601,9601,0,NC(Cc1c[nH]c2ccccc12)C(=O)O,NC(Cc1c[nH]c2ccccc12)C(=O)O,NC(Cc1c[nH]c2ccccc12)C(=O)O,c1ccc2[nH]ccc2c1,murcko,train
9618,9618,0,C=CC(=O)OCCOCCOCC,C=CC(=O)OCCOCCOCC,C=CC(=O)OCCOCCOCC,ACY_**********(*)**,acyclic_anonymous_graph,train
9619,9619,0,C=C(C)C(=O)OCCOCCOCCCC,C=C(C)C(=O)OCCOCCOCCCC,C=C(C)C(=O)OCCOCCOCCCC,ACY_************(*)*(*)*,acyclic_anonymous_graph,train
9623,9623,0,CCOC(=O)C(C)=CC(=O)OC,CCOC(=O)C(C)=CC(=O)OC,CCOC(=O)C(C)=CC(=O)OC,ACY_****(*)*(*)**(*)**,acyclic_anonymous_graph,test
9644,9644,0,O=S(=O)(O)CCN1CCN(CCO)CC1,O=S(=O)(O)CCN1CCN(CCO)CC1,O=S(=O)(O)CCN1CCN(CCO)CC1,C1CNCCN1,murcko,train
9645,9645,0,Nc1ccc(C(=O)NCCC(=O)O)cc1,Nc1ccc(C(=O)NCCC(=O)O)cc1,Nc1ccc(C(=O)NCCC(=O)O)cc1,c1ccccc1,murcko,train
9654,9654,0,Cc1cc2c(c(C3CCCCC3)c1)OP(O)Oc1c(cc(C)cc1C1CCCCC1)C2,Cc1cc2c(c(C3CCCCC3)c1)OP(O)Oc1c(cc(C)cc1C1CCCCC1)C2,Cc1cc2c(c(C3CCCCC3)c1)OP(O)Oc1c(cc(C)cc1C1CCCCC1)C2,c1cc2c(c(C3CCCCC3)c1)OPOc1c(cccc1C1CCCCC1)C2,murcko,train
9656,9656,0,CC(C)(C)CC(C)(C)c1cc(-n2nc3ccccc3n2)c(O)c(C(C)(C)c2ccccc2)c1,CC(C)(C)CC(C)(C)c1cc(-n2nc3ccccc3n2)c(O)c(C(C)(C)c2ccccc2)c1,CC(C)(C)CC(C)(C)c1cc(-n2nc3ccccc3n2)c(O)c(C(C)(C)c2ccccc2)c1,c1ccc(Cc2cccc(-n3nc4ccccc4n3)c2)cc1,murcko,train
9661,9661,1,CCB(CC)OC,CCB(CC)OC,CCB(CC)OC,ACY_***(**)**,acyclic_anonymous_graph,train
9672,9672,0,C#C,C#C,C#C,ACY_**,acyclic_anonymous_graph,test
9684,9684,0,C1=CC2CCC1C2,C1=CC2CCC1C2,C1=CC2CCC1C2,C1=CC2CCC1C2,murcko,train
9687,9687,0,COC(=O)CC(C)C(=O)c1ccc(NC(=O)c2ccc(OC)cc2)c([N+](=O)[O-])c1,COC(=O)CC(C)C(=O)c1ccc(NC(=O)c2ccc(OC)cc2)c([N+](=O)[O-])c1,COC(=O)CC(C)C(=O)c1ccc(NC(=O)c2ccc(OC)cc2)c([N+](=O)[O-])c1,O=C(Nc1ccccc1)c1ccccc1,murcko,train
9690,9690,0,O=C(Nc1ccc(Cc2ccc(NC(=O)N3CC3)cc2)cc1)N1CC1,O=C(Nc1ccc(Cc2ccc(NC(=O)N3CC3)cc2)cc1)N1CC1,O=C(Nc1ccc(Cc2ccc(NC(=O)N3CC3)cc2)cc1)N1CC1,O=C(Nc1ccc(Cc2ccc(NC(=O)N3CC3)cc2)cc1)N1CC1,murcko,train
9693,9693,1,O=S(=O)(O)C(O)CCCC(O)S(=O)(=O)O,O=S(=O)(O)C(O)CCCC(O)S(=O)(=O)O,O=S(=O)(O)C(O)CCCC(O)S(=O)(=O)O,ACY_**(****(*)*(*)(*)*)*(*)(*)*,acyclic_anonymous_graph,train
9701,9701,0,Cc1[nH]n2c(=O)c3ccccc3nc2c1N=Nc1ccc(Cl)cc1[N+](=O)[O-],Cc1[nH]n2c(=O)c3ccccc3nc2c1N=Nc1ccc(Cl)cc1[N+](=O)[O-],Cc1[nH]n2c(=O)c3ccccc3nc2c1N=Nc1ccc(Cl)cc1[N+](=O)[O-],O=c1c2ccccc2nc2c(N=Nc3ccccc3)c[nH]n12,murcko,train
9705,9705,0,[Li],[Li],[Li+],ACY_[*],acyclic_anonymous_graph,train
9706,9706,0,[Mg],[Mg],[Mg+2],ACY_[*],acyclic_anonymous_graph,train
9710,9710,0,[Pd],[Pd],[Pd],ACY_*,acyclic_anonymous_graph,test
9716,9716,1,[Sb],[Sb],[Sb],ACY_[*],acyclic_anonymous_graph,train
9718,9718,0,[Be],[Be],[Be],ACY_[*],acyclic_anonymous_graph,train
9724,9724,0,[Ce],[Ce],[Ce],ACY_*,acyclic_anonymous_graph,test
9729,9729,0,[Ge],[Ge],[Ge],ACY_[*],acyclic_anonymous_graph,train
9733,9733,0,C[n+]1ccc(C=Cc2ccc(C=O)cc2)cc1,C[n+]1ccc(C=Cc2ccc(C=O)cc2)cc1,C[n+]1ccc(C=Cc2ccc(C=O)cc2)cc1,C(=Cc1cc[nH+]cc1)c1ccccc1,murcko,test
9737,9737,1,O=[Se]=O,O=[Se]=O,O=[Se]=O,ACY_***,acyclic_anonymous_graph,train
9744,9744,0,Cl,Cl,Cl,ACY_*,acyclic_anonymous_graph,test
9768,9768,0,CC(C)=CCCC(C)CCOCC=O,CC(C)=CCCC(C)CCOCC=O,CC(C)=CCCC(C)CCOCC=O,ACY_*******(*)****(*)*,acyclic_anonymous_graph,test
9775,9775,1,C=CF,C=CF,C=CF,ACY_***,acyclic_anonymous_graph,train
9791,9791,0,CC(C)S,CC(C)S,CC(C)S,ACY_**(*)*,acyclic_anonymous_graph,train
9801,9801,0,CC(C)(C)O,CC(C)(C)O,CC(C)(C)O,ACY_**(*)(*)*,acyclic_anonymous_graph,train
9838,9838,0,C=C(C)C(=O)OC1CC2CCC1(C)C2(C)C,C=C(C)C(=O)OC1CC2CCC1(C)C2(C)C,C=C(C)C(=O)OC1CC2CCC1(C)C2(C)C,C1CC2CCC1C2,murcko,train
9843,9843,0,Br,Br,Br,ACY_*,acyclic_anonymous_graph,test
9850,9850,0,O=C(C(F)(F)C(F)(F)F)C(F)(C(F)(F)F)C(F)(F)F,O=C(C(F)(F)C(F)(F)F)C(F)(C(F)(F)F)C(F)(F)F,O=C(C(F)(F)C(F)(F)F)C(F)(C(F)(F)F)C(F)(F)F,ACY_**(*(*)(*)*(*)(*)*)*(*)(*(*)(*)*)*(*)(*)*,acyclic_anonymous_graph,train
9856,9856,0,O=C(CCS)OCC(COC(=O)CCS)(COC(=O)CCS)COC(=O)CCS,O=C(CCS)OCC(COC(=O)CCS)(COC(=O)CCS)COC(=O)CCS,O=C(CCS)OCC(COC(=O)CCS)(COC(=O)CCS)COC(=O)CCS,ACY_****(*)***(***(*)***)(***(*)***)***(*)***,acyclic_anonymous_graph,train
9864,9864,0,FC(F)(F)C(F)(F)F,FC(F)(F)C(F)(F)F,FC(F)(F)C(F)(F)F,ACY_**(*)(*)*(*)(*)*,acyclic_anonymous_graph,train
9871,9871,0,[O-][Cl+3]([O-])([O-])O,[O-][Cl+3]([O-])([O-])O,[O-][Cl+3]([O-])([O-])O,ACY_**(*)(*)*,acyclic_anonymous_graph,train
9874,9874,0,CCCCN(C=O)CCCC,CCCCN(C=O)CCCC,CCCCN(C=O)CCCC,ACY_*****(**)****,acyclic_anonymous_graph,test
9876,9876,0,N#Cc1nc(C(F)(F)F)[nH]c1C#N,N#Cc1nc(C(F)(F)F)[nH]c1C#N,N#Cc1nc(C(F)(F)F)[nH]c1C#N,c1c[nH]cn1,murcko,train
9879,9879,0,CCCCCCCCCC(=O)OOC(=O)CCCCCCCCC,CCCCCCCCCC(=O)OOC(=O)CCCCCCCCC,CCCCCCCCCC(=O)OOC(=O)CCCCCCCCC,ACY_**********(*)***(*)*********,acyclic_anonymous_graph,train
9887,9887,0,O=[Si]=O,O=[Si]=O,O=[Si]=O,ACY_***,acyclic_anonymous_graph,train
9893,9893,0,FB(F)F,FB(F)F,FB(F)F,ACY_**(*)*,acyclic_anonymous_graph,train
9904,9904,0,CC(=O)C1CC1,CC(=O)C1CC1,CC(=O)C1CC1,C1CC1,murcko,train
9905,9905,1,FC1(F)COC1(F)F,FC1(F)COC1(F)F,FC1(F)COC1(F)F,C1COC1,murcko,train
9912,9912,0,CCN1CCCCC1,CCN1CCCCC1,CCN1CCCCC1,C1CCNCC1,murcko,train
9922,9922,1,[Na+],[Na+],[Na+],ACY_*,acyclic_anonymous_graph,test
9924,9924,0,O=[PH+][O-],O=[PH+][O-],O=[PH+][O-],ACY_***,acyclic_anonymous_graph,train
9932,9932,0,C=C[Si](C)(C)N[Si](C)(C)C=C,C=C[Si](C)(C)N[Si](C)(C)C=C,C=C[Si](C)(C)N[Si](C)(C)C=C,ACY_***(*)(*)**(*)(*)**,acyclic_anonymous_graph,train
9934,9934,0,CC(=O)Oc1c(C)c(C)c2c(c1C)CCC(C)(CCCC(C)CCCC(C)CCCC(C)C)O2,CC(=O)Oc1c(C)c(C)c2c(c1C)CCC(C)(CCCC(C)CCCC(C)CCCC(C)C)O2,CC(=O)Oc1c(C)c(C)c2c(c1C)CCC(C)(CCCC(C)CCCC(C)CCCC(C)C)O2,c1ccc2c(c1)CCCO2,murcko,test
9943,9943,0,CC(=O)OC1(C)CCC23CC1C(C)(C)C2CCC3C,CC(=O)OC1(C)CCC23CC1C(C)(C)C2CCC3C,CC(=O)OC1(C)CCC23CC1C(C)(C)C2CCC3C,C1CC2CC3CCCC3(C1)C2,murcko,train
9945,9945,0,Cc1cc(Cc2cc(C)cc(C3(C)CCCCC3)c2O)c(O)c(C2(C)CCCCC2)c1,Cc1cc(Cc2cc(C)cc(C3(C)CCCCC3)c2O)c(O)c(C2(C)CCCCC2)c1,Cc1cc(Cc2cc(C)cc(C3(C)CCCCC3)c2O)c(O)c(C2(C)CCCCC2)c1,c1cc(Cc2cccc(C3CCCCC3)c2)cc(C2CCCCC2)c1,murcko,train
9953,9953,0,NCC(O)c1ccc(O)cc1,NCC(O)c1ccc(O)cc1,NCC(O)c1ccc(O)cc1,c1ccccc1,murcko,train
9961,9961,1,[Cl][Ni][Cl],[Cl][Ni][Cl],[Ni+2],ACY_***,acyclic_anonymous_graph,train
9962,9962,0,CP(=O)(O)CCC(N)C(=O)O,CP(=O)(O)CCC(N)C(=O)O,CP(=O)(O)CCC(N)C(=O)O,ACY_**(*)*(*)***(*)(*)*,acyclic_anonymous_graph,test
9968,9968,0,P,P,P,ACY_*,acyclic_anonymous_graph,test
9974,9974,0,CCC12COCN1COC2,CCC12COCN1COC2,CCC12COCN1COC2,C1OCN2COCC12,murcko,train
9990,9990,0,[Ce+3],[Ce+3],[Ce+3],ACY_[*],acyclic_anonymous_graph,train
9997,9997,0,CCCCNC(=O)Nc1ccc(Cc2ccc(NC(=O)NCCCC)cc2)cc1,CCCCNC(=O)Nc1ccc(Cc2ccc(NC(=O)NCCCC)cc2)cc1,CCCCNC(=O)Nc1ccc(Cc2ccc(NC(=O)NCCCC)cc2)cc1,c1ccc(Cc2ccccc2)cc1,murcko,train
10004,10004,0,O=S(O)S(=O)O,O=S(O)S(=O)O,O=S(O)S(=O)O,ACY_**(*)*(*)*,acyclic_anonymous_graph,train
10011,10011,0,C=C(C)C(=O)OC1CC(C)CC(C)(C)C1,C=C(C)C(=O)OC1CC(C)CC(C)(C)C1,C=C(C)C(=O)OC1CC(C)CC(C)(C)C1,C1CCCCC1,murcko,train
10019,10019,1,[Se],[Se],[Se],ACY_[*],acyclic_anonymous_graph,train
10031,10031,1,[Sr+2],[Sr+2],[Sr+2],ACY_*,acyclic_anonymous_graph,test
10040,10040,0,CC1=CCC2CC1C2(C)C,CC1=CCC2CC1C2(C)C,CC1=CCC2CC1C2(C)C,C1=CC2CC(C1)C2,murcko,test
10045,10045,0,C=C(C)C1CCC(C)CC1O,C=C(C)C1CCC(C)CC1O,C=C(C)C1CCC(C)CC1O,C1CCCCC1,murcko,train
10057,10057,1,[K+],[K+],[K+],ACY_*,acyclic_anonymous_graph,test
10058,10058,0,F,F,F,ACY_*,acyclic_anonymous_graph,test
10063,10063,0,[Ca+2],[Ca+2],[Ca+2],ACY_*,acyclic_anonymous_graph,test
10071,10071,0,[Cl][Ce]([Cl])[Cl],[Cl][Ce]([Cl])[Cl],[Cl][Ce]([Cl])[Cl],ACY_**(*)*,acyclic_anonymous_graph,train
10077,10077,0,CCCCCCC(=O)OCC(CC)(COC(=O)CCCCCC)COC(=O)CCCCCC,CCCCCCC(=O)OCC(CC)(COC(=O)CCCCCC)COC(=O)CCCCCC,CCCCCCC(=O)OCC(CC)(COC(=O)CCCCCC)COC(=O)CCCCCC,ACY_*******(*)***(**)(***(*)******)***(*)******,acyclic_anonymous_graph,test
10078,10078,1,C#CC1(O)CCCCC1,C#CC1(O)CCCCC1,C#CC1(O)CCCCC1,C1CCCCC1,murcko,train
10080,10080,0,CCOP(=O)(CC)OCC,CCOP(=O)(CC)OCC,CCOP(=O)(CC)OCC,ACY_****(*)(**)***,acyclic_anonymous_graph,train
10089,10089,0,CCC(C)C,CCC(C)C,CCC(C)C,ACY_***(*)*,acyclic_anonymous_graph,train
10091,10091,0,CC(C)CN,CC(C)CN,CC(C)CN,ACY_***(*)*,acyclic_anonymous_graph,train
10094,10094,0,CC(C)C=O,CC(C)C=O,CC(C)C=O,ACY_***(*)*,acyclic_anonymous_graph,train
10095,10095,1,C=C(C)C=O,C=C(C)C=O,C=C(C)C=O,ACY_***(*)*,acyclic_anonymous_graph,train
10104,10104,0,CN(C)CCCNC1CC(C)(C)NC(C)(C)C1,CN(C)CCCNC1CC(C)(C)NC(C)(C)C1,CN(C)CCCNC1CC(C)(C)NC(C)(C)C1,C1CCNCC1,murcko,train
10118,10118,0,CCCCCCCC(=O)c1ccc(O)c(C(=O)O)c1,CCCCCCCC(=O)c1ccc(O)c(C(=O)O)c1,CCCCCCCC(=O)c1ccc(O)c(C(=O)O)c1,c1ccccc1,murcko,train
10122,10122,0,CCCC1CCC(c2ccc(C(C)=O)cc2)CC1,CCCC1CCC(c2ccc(C(C)=O)cc2)CC1,CCCC1CCC(c2ccc(C(C)=O)cc2)CC1,c1ccc(C2CCCCC2)cc1,murcko,train
10134,10134,0,CCC(N)=O,CCC(N)=O,CCC(N)=O,ACY_***(*)*,acyclic_anonymous_graph,train
10136,10136,1,NC(=O)CCl,NC(=O)CCl,NC(=O)CCl,ACY_***(*)*,acyclic_anonymous_graph,train
10141,10141,0,O=C(O)CO,O=C(O)CO,O=C(O)CO,ACY_***(*)*,acyclic_anonymous_graph,train
10144,10144,1,CC(=O)OO,CC(=O)OO,CC(=O)OO,ACY_***(*)*,acyclic_anonymous_graph,train
10151,10151,0,FC(F)=C(F)Cl,FC(F)=C(F)Cl,FC(F)=C(F)Cl,ACY_**(*)*(*)*,acyclic_anonymous_graph,train
10164,10164,0,CCc1ccc(C2OC3COC(c4ccc(CC)cc4)OC3C(C(O)CO)O2)cc1,CCc1ccc(C2OC3COC(c4ccc(CC)cc4)OC3C(C(O)CO)O2)cc1,CCc1ccc(C2OC3COC(c4ccc(CC)cc4)OC3C(C(O)CO)O2)cc1,c1ccc(C2OCC3OC(c4ccccc4)OCC3O2)cc1,murcko,train
10165,10165,0,N#CCCN(CCOCCO)c1nc(Nc2ccc(C=Cc3ccc(Nc4nc(Nc5cc(S(=O)(=O)O)ccc5S(=O)(=O)O)nc(N(CCC#N)CCOCCO)n4)cc3S(=O)(=O)O)c(S(=O)(=O)O)c2)nc(Nc2cc(S(=O)(=O)O)ccc2S(=O)(=O)O)n1,N#CCCN(CCOCCO)c1nc(Nc2ccc(C=Cc3ccc(Nc4nc(Nc5cc(S(=O)(=O)O)ccc5S(=O)(=O)O)nc(N(CCC#N)CCOCCO)n4)cc3S(=O)(=O)O)c(S(=O)(=O)O)c2)nc(Nc2cc(S(=O)(=O)O)ccc2S(=O)(=O)O)n1,N#CCCN(CCOCCO)c1nc(Nc2ccc(C=Cc3ccc(Nc4nc(Nc5cc(S(=O)(=O)O)ccc5S(=O)(=O)O)nc(N(CCC#N)CCOCCO)n4)cc3S(=O)(=O)O)c(S(=O)(=O)O)c2)nc(Nc2cc(S(=O)(=O)O)ccc2S(=O)(=O)O)n1,C(=Cc1ccc(Nc2ncnc(Nc3ccccc3)n2)cc1)c1ccc(Nc2ncnc(Nc3ccccc3)n2)cc1,murcko,train
10185,10185,0,CC(=O)C(N=Nc1cc(C(=O)Nc2cc(C(F)(F)F)ccc2Oc2ccc(Cl)cc2)ccc1Cl)C(=O)Nc1cc(Cl)c(NC(=O)C(N=Nc2cc(C(=O)Nc3cc(C(F)(F)F)ccc3Oc3ccc(Cl)cc3)ccc2Cl)C(C)=O)cc1C,CC(=O)C(N=Nc1cc(C(=O)Nc2cc(C(F)(F)F)ccc2Oc2ccc(Cl)cc2)ccc1Cl)C(=O)Nc1cc(Cl)c(NC(=O)C(N=Nc2cc(C(=O)Nc3cc(C(F)(F)F)ccc3Oc3ccc(Cl)cc3)ccc2Cl)C(C)=O)cc1C,CC(=O)C(N=Nc1cc(C(=O)Nc2cc(C(F)(F)F)ccc2Oc2ccc(Cl)cc2)ccc1Cl)C(=O)Nc1cc(Cl)c(NC(=O)C(N=Nc2cc(C(=O)Nc3cc(C(F)(F)F)ccc3Oc3ccc(Cl)cc3)ccc2Cl)C(C)=O)cc1C,O=C(CN=Nc1cccc(C(=O)Nc2ccccc2Oc2ccccc2)c1)Nc1ccc(NC(=O)CN=Nc2cccc(C(=O)Nc3ccccc3Oc3ccccc3)c2)cc1,murcko,train
10187,10187,0,CC(C)(C1CCC(O)CC1)C1CCC(O)CC1,CC(C)(C1CCC(O)CC1)C1CCC(O)CC1,CC(C)(C1CCC(O)CC1)C1CCC(O)CC1,C1CCC(CC2CCCCC2)CC1,murcko,test
10189,10189,1,Nc1ccc(S(=O)(=O)c2ccc(N)cc2)cc1,Nc1ccc(S(=O)(=O)c2ccc(N)cc2)cc1,Nc1ccc(S(=O)(=O)c2ccc(N)cc2)cc1,O=S(=O)(c1ccccc1)c1ccccc1,murcko,train
10191,10191,0,Cl[Si](Cl)(c1ccccc1)c1ccccc1,Cl[Si](Cl)(c1ccccc1)c1ccccc1,Cl[Si](Cl)(c1ccccc1)c1ccccc1,c1ccc([SiH2]c2ccccc2)cc1,murcko,train
10195,10195,1,COS(=O)(=O)c1ccc(C)cc1,COS(=O)(=O)c1ccc(C)cc1,COS(=O)(=O)c1ccc(C)cc1,c1ccccc1,murcko,train
10197,10197,0,CC(C=O)Cc1ccc(C(C)(C)C)cc1,CC(C=O)Cc1ccc(C(C)(C)C)cc1,CC(C=O)Cc1ccc(C(C)(C)C)cc1,c1ccccc1,murcko,train
10199,10199,0,C=C(C)C(=O)OC,C=C(C)C(=O)OC,C=C(C)C(=O)OC,ACY_***(*)*(*)*,acyclic_anonymous_graph,test
10200,10200,0,CN(C)C(=N)N(C)C,CN(C)C(=N)N(C)C,CN(C)C(=N)N(C)C,ACY_**(*)*(*)*(*)*,acyclic_anonymous_graph,train
10204,10204,0,Cc1c(CNC(=O)CCl)c(C)c(Nc2cc(S(=O)(=O)O)c(N)c3c2C(=O)c2ccccc2C3=O)c(C)c1CNC(=O)CCl,Cc1c(CNC(=O)CCl)c(C)c(Nc2cc(S(=O)(=O)O)c(N)c3c2C(=O)c2ccccc2C3=O)c(C)c1CNC(=O)CCl,Cc1c(CNC(=O)CCl)c(C)c(Nc2cc(S(=O)(=O)O)c(N)c3c2C(=O)c2ccccc2C3=O)c(C)c1CNC(=O)CCl,O=C1c2ccccc2C(=O)c2c(Nc3ccccc3)cccc21,murcko,train
10225,10225,0,O=[N+]([O-])c1ccc(N=Nc2c(O)c(N=Nc3cc([N+](=O)[O-])cc([N+](=O)[O-])c3O)cc(N=Nc3cc(S(=O)(=O)O)cc4cc(S(=O)(=O)O)cc(O)c34)c2O)cc1,O=[N+]([O-])c1ccc(N=Nc2c(O)c(N=Nc3cc([N+](=O)[O-])cc([N+](=O)[O-])c3O)cc(N=Nc3cc(S(=O)(=O)O)cc4cc(S(=O)(=O)O)cc(O)c34)c2O)cc1,O=[N+]([O-])c1ccc(N=Nc2c(O)c(N=Nc3cc([N+](=O)[O-])cc([N+](=O)[O-])c3O)cc(N=Nc3cc(S(=O)(=O)O)cc4cc(S(=O)(=O)O)cc(O)c34)c2O)cc1,c1ccc(N=Nc2cc(N=Nc3ccccc3)cc(N=Nc3cccc4ccccc34)c2)cc1,murcko,test
10231,10231,0,NC(=O)Nc1cc(Nc2nc(Cl)nc(Nc3ccc(S(=O)(=O)CCOS(=O)(=O)O)cc3)n2)ccc1N=Nc1cc2c(S(=O)(=O)O)cc(S(=O)(=O)O)cc2cc1S(=O)(=O)O,NC(=O)Nc1cc(Nc2nc(Cl)nc(Nc3ccc(S(=O)(=O)CCOS(=O)(=O)O)cc3)n2)ccc1N=Nc1cc2c(S(=O)(=O)O)cc(S(=O)(=O)O)cc2cc1S(=O)(=O)O,NC(=O)Nc1cc(Nc2nc(Cl)nc(Nc3ccc(S(=O)(=O)CCOS(=O)(=O)O)cc3)n2)ccc1N=Nc1cc2c(S(=O)(=O)O)cc(S(=O)(=O)O)cc2cc1S(=O)(=O)O,c1ccc(Nc2ncnc(Nc3ccc(N=Nc4ccc5ccccc5c4)cc3)n2)cc1,murcko,train
10235,10235,0,S=C(S)NCCNC(=S)S,S=C(S)NCCNC(=S)S,S=C(S)NCCNC(=S)S,ACY_**(*)*****(*)*,acyclic_anonymous_graph,train
10246,10246,1,CS(=O)(=O)OCCOCCOCCOS(C)(=O)=O,CS(=O)(=O)OCCOCCOCCOS(C)(=O)=O,CS(=O)(=O)OCCOCCOCCOS(C)(=O)=O,ACY_**(*)(*)***********(*)(*)*,acyclic_anonymous_graph,train
10249,10249,0,CCNS(=O)(=O)c1ccccc1C,CCNS(=O)(=O)c1ccccc1C,CCNS(=O)(=O)c1ccccc1C,c1ccccc1,murcko,train
10252,10252,0,C[N+](C)([O-])CCCNS(=O)(=O)CCC(F)(F)C(F)(F)C(F)(F)C(F)(F)C(F)(F)C(F)(F)F,C[N+](C)([O-])CCCNS(=O)(=O)CCC(F)(F)C(F)(F)C(F)(F)C(F)(F)C(F)(F)C(F)(F)F,C[N+](C)([O-])CCCNS(=O)(=O)CCC(F)(F)C(F)(F)C(F)(F)C(F)(F)C(F)(F)C(F)(F)F,ACY_**(*)(*)*****(*)(*)***(*)(*)*(*)(*)*(*)(*)*(*)(*)*(*)(*)*(*)(*)*,acyclic_anonymous_graph,train
10263,10263,0,O=C(O)CCNC(=O)c1ccc(N=Nc2ccc(O)c(C(=O)O)c2)cc1,O=C(O)CCNC(=O)c1ccc(N=Nc2ccc(O)c(C(=O)O)c2)cc1,O=C(O)CCNC(=O)c1ccc(N=Nc2ccc(O)c(C(=O)O)c2)cc1,c1ccc(N=Nc2ccccc2)cc1,murcko,train
10269,10269,0,COc1ccc([N+](=O)[O-])cc1N=NC(C(C)=O)C(=O)Nc1ccccc1OC,COc1ccc([N+](=O)[O-])cc1N=NC(C(C)=O)C(=O)Nc1ccccc1OC,COc1ccc([N+](=O)[O-])cc1N=NC(C(C)=O)C(=O)Nc1ccccc1OC,O=C(CN=Nc1ccccc1)Nc1ccccc1,murcko,train
10270,10270,0,Cc1cc(C(C)(C)C)c(OP2OCC3(CO2)COP(Oc2c(C(C)(C)C)cc(C)cc2C(C)(C)C)OC3)c(C(C)(C)C)c1,Cc1cc(C(C)(C)C)c(OP2OCC3(CO2)COP(Oc2c(C(C)(C)C)cc(C)cc2C(C)(C)C)OC3)c(C(C)(C)C)c1,Cc1cc(C(C)(C)C)c(OP2OCC3(CO2)COP(Oc2c(C(C)(C)C)cc(C)cc2C(C)(C)C)OC3)c(C(C)(C)C)c1,c1ccc(OP2OCC3(CO2)COP(Oc2ccccc2)OC3)cc1,murcko,train
10279,10279,0,O=C1NC(=O)c2ccc3c4ccc5c6c(ccc(c7ccc1c2c73)c64)C(=O)NC5=O,O=C1NC(=O)c2ccc3c4ccc5c6c(ccc(c7ccc1c2c73)c64)C(=O)NC5=O,O=C1NC(=O)c2ccc3c4ccc5c6c(ccc(c7ccc1c2c73)c64)C(=O)NC5=O,O=C1NC(=O)c2ccc3c4ccc5c6c(ccc(c7ccc1c2c73)c64)C(=O)NC5=O,murcko,train
10283,10283,1,O=C1c2ccccc2C(=O)c2c(O)ccc(O)c21,O=C1c2ccccc2C(=O)c2c(O)ccc(O)c21,O=C1c2ccccc2C(=O)c2c(O)ccc(O)c21,O=C1c2ccccc2C(=O)c2ccccc21,murcko,test
10288,10288,0,CC(C)(C)C(=O)OCC1OC(Br)C(OC(=O)C(C)(C)C)C(OC(=O)C(C)(C)C)C1OC(=O)C(C)(C)C,CC(C)(C)C(=O)OCC1OC(Br)C(OC(=O)C(C)(C)C)C(OC(=O)C(C)(C)C)C1OC(=O)C(C)(C)C,CC(C)(C)C(=O)OCC1OC(Br)C(OC(=O)C(C)(C)C)C(OC(=O)C(C)(C)C)C1OC(=O)C(C)(C)C,C1CCOCC1,murcko,train
10302,10302,0,CCC[CH2][Sn](=[O])[CH2]CCC,CCC[CH2][Sn](=[O])[CH2]CCC,CCC[CH2][Sn+2][CH2]CCC,ACY_*****(*)****,acyclic_anonymous_graph,train
10303,10303,0,C=CC(=O)OCCO,C=CC(=O)OCCO,C=CC(=O)OCCO,ACY_*****(*)**,acyclic_anonymous_graph,train
10314,10314,0,COc1nc(C)nc(NC(=O)NS(=O)(=O)c2ccccc2OCCCl)n1,COc1nc(C)nc(NC(=O)NS(=O)(=O)c2ccccc2OCCCl)n1,COc1nc(C)nc(NC(=O)NS(=O)(=O)c2ccccc2OCCCl)n1,O=C(Nc1ncncn1)NS(=O)(=O)c1ccccc1,murcko,train
10318,10318,0,COc1ccccc1N=NC(C(C)=O)C(=O)Nc1ccc2[nH]c(=O)[nH]c2c1,COc1ccccc1N=NC(C(C)=O)C(=O)Nc1ccc2[nH]c(=O)[nH]c2c1,COc1ccccc1N=NC(C(C)=O)C(=O)Nc1ccc2[nH]c(=O)[nH]c2c1,O=C(CN=Nc1ccccc1)Nc1ccc2[nH]c(=O)[nH]c2c1,murcko,train
10326,10326,0,CC1=CCCCCCCCCCCCCC1=O,CC1=CCCCCCCCCCCCCC1=O,CC1=CCCCCCCCCCCCCC1=O,O=C1C=CCCCCCCCCCCCC1,murcko,train
10330,10330,0,CC1CC(C)(c2ccccc2)CO1,CC1CC(C)(c2ccccc2)CO1,CC1CC(C)(c2ccccc2)CO1,c1ccc(C2CCOC2)cc1,murcko,train
10349,10349,0,c1ccc(C2CCCCC2)cc1,c1ccc(C2CCCCC2)cc1,c1ccc(C2CCCCC2)cc1,c1ccc(C2CCCCC2)cc1,murcko,train
10361,10361,1,Cc1cccc([N+](=O)[O-])c1C,Cc1cccc([N+](=O)[O-])c1C,Cc1cccc([N+](=O)[O-])c1C,c1ccccc1,murcko,train
10381,10381,0,CCNc1nc(NC(C)C)nc(SC)n1,CCNc1nc(NC(C)C)nc(SC)n1,CCNc1nc(NC(C)C)nc(SC)n1,c1ncncn1,murcko,train
10386,10386,0,COc1ccc(CN2C(=O)c3ccc4c5ccc6c7c(ccc(c8ccc(c3c48)C2=O)c75)C(=O)N(Cc2ccc(OC)cc2)C6=O)cc1,COc1ccc(CN2C(=O)c3ccc4c5ccc6c7c(ccc(c8ccc(c3c48)C2=O)c75)C(=O)N(Cc2ccc(OC)cc2)C6=O)cc1,COc1ccc(CN2C(=O)c3ccc4c5ccc6c7c(ccc(c8ccc(c3c48)C2=O)c75)C(=O)N(Cc2ccc(OC)cc2)C6=O)cc1,O=C1c2ccc3c4ccc5c6c(ccc(c7ccc(c2c37)C(=O)N1Cc1ccccc1)c64)C(=O)N(Cc1ccccc1)C5=O,murcko,test
10387,10387,0,Oc1c(-c2[nH]c3ccccc3c2O)[nH]c2ccccc12,Oc1c(-c2[nH]c3ccccc3c2O)[nH]c2ccccc12,Oc1c(-c2[nH]c3ccccc3c2O)[nH]c2ccccc12,c1ccc2[nH]c(-c3cc4ccccc4[nH]3)cc2c1,murcko,test
10392,10392,1,COc1ccc(NCCO)cc1N,COc1ccc(NCCO)cc1N,COc1ccc(NCCO)cc1N,c1ccccc1,murcko,train
10398,10398,0,O=C1NC(C(=O)O)CO1,O=C1NC(C(=O)O)CO1,O=C1NC(C(=O)O)CO1,O=C1NCCO1,murcko,test
10399,10399,0,Cc1ccc(Sc2ccc(C(=O)c3ccccc3)cc2)cc1,Cc1ccc(Sc2ccc(C(=O)c3ccccc3)cc2)cc1,Cc1ccc(Sc2ccc(C(=O)c3ccccc3)cc2)cc1,O=C(c1ccccc1)c1ccc(Sc2ccccc2)cc1,murcko,train
10405,10405,0,CCN(Cc1ccccc1)c1ccc(C=Cc2cc[n+](CCO)cc2)cc1,CCN(Cc1ccccc1)c1ccc(C=Cc2cc[n+](CCO)cc2)cc1,CCN(Cc1ccccc1)c1ccc(C=Cc2cc[n+](CCO)cc2)cc1,C(=Cc1ccc(NCc2ccccc2)cc1)c1cc[nH+]cc1,murcko,train
10411,10411,0,O=C(OC1CCCCC1)c1ccccc1C(=O)OC1CCCCC1,O=C(OC1CCCCC1)c1ccccc1C(=O)OC1CCCCC1,O=C(OC1CCCCC1)c1ccccc1C(=O)OC1CCCCC1,O=C(OC1CCCCC1)c1ccccc1C(=O)OC1CCCCC1,murcko,test
10413,10413,0,CCOC(=O)c1ccccc1C(=O)OCC,CCOC(=O)c1ccccc1C(=O)OCC,CCOC(=O)c1ccccc1C(=O)OCC,c1ccccc1,murcko,train
10419,10419,0,CN(Cc1ccccc1)c1ccc(N=Nc2nn(C)c[n+]2C)cc1,CN(Cc1ccccc1)c1ccc(N=Nc2nn(C)c[n+]2C)cc1,CN(Cc1ccccc1)c1ccc(N=Nc2nn(C)c[n+]2C)cc1,c1ccc(CNc2ccc(N=Nc3n[nH]c[nH+]3)cc2)cc1,murcko,train
10438,10438,0,C=CC(=O)OC1CCC(C(C)(C)C)CC1,C=CC(=O)OC1CCC(C(C)(C)C)CC1,C=CC(=O)OC1CCC(C(C)(C)C)CC1,C1CCCCC1,murcko,train
10445,10445,0,O=[N+]([O-])c1cc(N=Nc2c(O)ccc3ccccc23)c(O)c(S(=O)(=O)O)c1,O=[N+]([O-])c1cc(N=Nc2c(O)ccc3ccccc23)c(O)c(S(=O)(=O)O)c1,O=[N+]([O-])c1cc(N=Nc2c(O)ccc3ccccc23)c(O)c(S(=O)(=O)O)c1,c1ccc(N=Nc2cccc3ccccc23)cc1,murcko,train
10462,10462,0,CCOP(=O)(C(=O)c1c(C)cc(C)cc1C)c1ccccc1,CCOP(=O)(C(=O)c1c(C)cc(C)cc1C)c1ccccc1,CCOP(=O)(C(=O)c1c(C)cc(C)cc1C)c1ccccc1,O=C(c1ccccc1)[PH](=O)c1ccccc1,murcko,test
10469,10469,0,Nc1cc(O)ccc1N=Nc1cc(S(=O)(=O)[O-])c([N+](N=Nc2ccc([N+](=O)[O-])cc2)=Nc2cc([N+](=O)[O-])cc([N+](=O)[O-])c2O)c2cc(S(=O)(=O)O)cc(O)c12,Nc1cc(O)ccc1N=Nc1cc(S(=O)(=O)[O-])c([N+](N=Nc2ccc([N+](=O)[O-])cc2)=Nc2cc([N+](=O)[O-])cc([N+](=O)[O-])c2O)c2cc(S(=O)(=O)O)cc(O)c12,Nc1cc(O)ccc1N=Nc1cc(S(=O)(=O)[O-])c([N+](N=Nc2ccc([N+](=O)[O-])cc2)=Nc2cc([N+](=O)[O-])cc([N+](=O)[O-])c2O)c2cc(S(=O)(=O)O)cc(O)c12,c1ccc(N=Nc2ccc([N+](N=Nc3ccccc3)=Nc3ccccc3)c3ccccc23)cc1,murcko,train
10487,10487,0,CC(C)(C)c1ccc(C2=NC(=O)c3c(-c4ccc(C(C)(C)C)cc4)[nH]c(O)c32)cc1,CC(C)(C)c1ccc(C2=NC(=O)c3c(-c4ccc(C(C)(C)C)cc4)[nH]c(O)c32)cc1,CC(C)(C)c1ccc(C2=NC(=O)c3c(-c4ccc(C(C)(C)C)cc4)[nH]c(O)c32)cc1,O=C1N=C(c2ccccc2)c2c[nH]c(-c3ccccc3)c21,murcko,train
10488,10488,0,O=C1N=C(c2ccc(Cl)cc2)c2c(O)[nH]c(-c3ccc(Cl)cc3)c21,O=C1N=C(c2ccc(Cl)cc2)c2c(O)[nH]c(-c3ccc(Cl)cc3)c21,O=C1N=C(c2ccc(Cl)cc2)c2c(O)[nH]c(-c3ccc(Cl)cc3)c21,O=C1N=C(c2ccccc2)c2c[nH]c(-c3ccccc3)c21,murcko,train
10489,10489,0,Cc1ccc(C2=NC(=O)c3c(-c4ccc(C)cc4)[nH]c(O)c32)cc1,Cc1ccc(C2=NC(=O)c3c(-c4ccc(C)cc4)[nH]c(O)c32)cc1,Cc1ccc(C2=NC(=O)c3c(-c4ccc(C)cc4)[nH]c(O)c32)cc1,O=C1N=C(c2ccccc2)c2c[nH]c(-c3ccccc3)c21,murcko,train
10523,10523,1,Nc1nc(NC2CC2)c2ncn(C3C=CC(CO)C3)c2n1,Nc1nc(NC2CC2)c2ncn(C3C=CC(CO)C3)c2n1,Nc1nc(NC2CC2)c2ncn(C3C=CC(CO)C3)c2n1,C1=CC(n2cnc3c(NC4CC4)ncnc32)CC1,murcko,train
10538,10538,0,Brc1c(Br)c(Br)c(CCc2c(Br)c(Br)c(Br)c(Br)c2Br)c(Br)c1Br,Brc1c(Br)c(Br)c(CCc2c(Br)c(Br)c(Br)c(Br)c2Br)c(Br)c1Br,Brc1c(Br)c(Br)c(CCc2c(Br)c(Br)c(Br)c(Br)c2Br)c(Br)c1Br,c1ccc(CCc2ccccc2)cc1,murcko,test
10545,10545,0,O=C1c2ccccc2C(=O)C1(C1(S(=O)(=O)O)C=Cc2ccccc2N1)S(=O)(=O)O,O=C1c2ccccc2C(=O)C1(C1(S(=O)(=O)O)C=Cc2ccccc2N1)S(=O)(=O)O,O=C1c2ccccc2C(=O)C1(C1(S(=O)(=O)O)C=Cc2ccccc2N1)S(=O)(=O)O,O=C1c2ccccc2C(=O)C1C1C=Cc2ccccc2N1,murcko,train
10563,10563,0,CC(C)CCCCCCOP(=O)(O)O,CC(C)CCCCCCOP(=O)(O)O,CC(C)CCCCCCOP(=O)(O)O,ACY_**(*)********(*)(*)*,acyclic_anonymous_graph,train
10572,10572,1,c1cc[n+]2c(c1)-c1cccc[n+]1CC2,c1cc[n+]2c(c1)-c1cccc[n+]1CC2,c1cc[n+]2c(c1)-c1cccc[n+]1CC2,c1cc[n+]2c(c1)-c1cccc[n+]1CC2,murcko,train
10573,10573,0,CC(c1ccccc1)c1ccc(O)cc1O,CC(c1ccccc1)c1ccc(O)cc1O,CC(c1ccccc1)c1ccc(O)cc1O,c1ccc(Cc2ccccc2)cc1,murcko,train
10576,10576,0,O=C1OC(=O)C2CCCCC12,O=C1OC(=O)C2CCCCC12,O=C1OC(=O)C2CCCCC12,O=C1OC(=O)C2CCCCC12,murcko,train
10577,10577,0,O=C1OC(=O)C2CC=CCC12,O=C1OC(=O)C2CC=CCC12,O=C1OC(=O)C2CC=CCC12,O=C1OC(=O)C2CC=CCC12,murcko,train
10580,10580,0,O=C(O)c1ccccc1C(=O)c1ccc(Cl)cc1,O=C(O)c1ccccc1C(=O)c1ccc(Cl)cc1,O=C(O)c1ccccc1C(=O)c1ccc(Cl)cc1,O=C(c1ccccc1)c1ccccc1,murcko,train
10581,10581,0,CCCC(c1cc(C(C)(C)C)c(O)cc1C)c1cc(C(C)(C)C)c(O)cc1C,CCCC(c1cc(C(C)(C)C)c(O)cc1C)c1cc(C(C)(C)C)c(O)cc1C,CCCC(c1cc(C(C)(C)C)c(O)cc1C)c1cc(C(C)(C)C)c(O)cc1C,c1ccc(Cc2ccccc2)cc1,murcko,train
10582,10582,0,CCCCOC(=O)c1ccccc1C(=O)OCc1ccccc1,CCCCOC(=O)c1ccccc1C(=O)OCc1ccccc1,CCCCOC(=O)c1ccccc1C(=O)OCc1ccccc1,O=C(OCc1ccccc1)c1ccccc1,murcko,train
10585,10585,0,CCN(C(=O)N(CC)c1ccccc1)c1ccccc1,CCN(C(=O)N(CC)c1ccccc1)c1ccccc1,CCN(C(=O)N(CC)c1ccccc1)c1ccccc1,O=C(Nc1ccccc1)Nc1ccccc1,murcko,test
10597,10597,0,CCCCCCCCC=CCCCCCCCC(=O)OCC,CCCCCCCCC=CCCCCCCCC(=O)OCC,CCCCCCCCC=CCCCCCCCC(=O)OCC,ACY_******************(*)***,acyclic_anonymous_graph,test
10598,10598,0,CCCCCCCCC=CCCCCCCCC(=O)OCC(CC)CCCC,CCCCCCCCC=CCCCCCCCC(=O)OCC(CC)CCCC,CCCCCCCCC=CCCCCCCCC(=O)OCC(CC)CCCC,ACY_******************(*)***(**)****,acyclic_anonymous_graph,test
10610,10610,0,CC1(C)CC=C(CCC=O)CC1,CC1(C)CC=C(CCC=O)CC1,CC1(C)CC=C(CCC=O)CC1,C1=CCCCC1,murcko,test
10640,10640,0,CC(C)(C)c1cc2c(c(C(C)(C)C)c1)OP(=O)(O)Oc1c(cc(C(C)(C)C)cc1C(C)(C)C)C2,CC(C)(C)c1cc2c(c(C(C)(C)C)c1)OP(=O)(O)Oc1c(cc(C(C)(C)C)cc1C(C)(C)C)C2,CC(C)(C)c1cc2c(c(C(C)(C)C)c1)OP(=O)(O)Oc1c(cc(C(C)(C)C)cc1C(C)(C)C)C2,O=[PH]1Oc2ccccc2Cc2ccccc2O1,murcko,train
10651,10651,0,CC(O)COC(=O)NNC(=O)OC(C)CO,CC(O)COC(=O)NNC(=O)OC(C)CO,CC(O)COC(=O)NNC(=O)OC(C)CO,ACY_***(*)**(*)***(*)***(*)*,acyclic_anonymous_graph,train
10661,10661,0,C=CS(=O)(=O)c1ccc(Nc2nc(Cl)nc(Nc3ccc4c(O)c(N=Nc5cc([N+](=O)[O-])ccc5O)c(S(=O)(=O)O)cc4c3)n2)cc1,C=CS(=O)(=O)c1ccc(Nc2nc(Cl)nc(Nc3ccc4c(O)c(N=Nc5cc([N+](=O)[O-])ccc5O)c(S(=O)(=O)O)cc4c3)n2)cc1,C=CS(=O)(=O)c1ccc(Nc2nc(Cl)nc(Nc3ccc4c(O)c(N=Nc5cc([N+](=O)[O-])ccc5O)c(S(=O)(=O)O)cc4c3)n2)cc1,c1ccc(N=Nc2ccc3cc(Nc4ncnc(Nc5ccccc5)n4)ccc3c2)cc1,murcko,train
10676,10676,0,CC1CCC(C)C2(C1)OC(=O)C(C=CC=CC=C1C(=O)OC3(CCC4(CC3)OC(=O)C(=CC=CC=CC3=C(O)OC5(CC(C)CCC5C)OC3=O)C(=O)O4)OC1=O)=C(O)O2,CC1CCC(C)C2(C1)OC(=O)C(C=CC=CC=C1C(=O)OC3(CCC4(CC3)OC(=O)C(=CC=CC=CC3=C(O)OC5(CC(C)CCC5C)OC3=O)C(=O)O4)OC1=O)=C(O)O2,CC1CCC(C)C2(C1)OC(=O)C(C=CC=CC=C1C(=O)OC3(CCC4(CC3)OC(=O)C(=CC=CC=CC3=C(O)OC5(CC(C)CCC5C)OC3=O)C(=O)O4)OC1=O)=C(O)O2,O=C1OC2(CCCCC2)OC=C1C=CC=CC=C1C(=O)OC2(CCC3(CC2)OC(=O)C(=CC=CC=CC2=COC4(CCCCC4)OC2=O)C(=O)O3)OC1=O,murcko,train
10689,10689,0,O=C(O)C1=NN(c2ccc(S(=O)(=O)O)cc2)C(=O)C1N=Nc1ccc(S(=O)(=O)CCOS(=O)(=O)O)cc1,O=C(O)C1=NN(c2ccc(S(=O)(=O)O)cc2)C(=O)C1N=Nc1ccc(S(=O)(=O)CCOS(=O)(=O)O)cc1,O=C(O)C1=NN(c2ccc(S(=O)(=O)O)cc2)C(=O)C1N=Nc1ccc(S(=O)(=O)CCOS(=O)(=O)O)cc1,O=C1C(N=Nc2ccccc2)C=NN1c1ccccc1,murcko,train
10701,10701,1,O=C(Nc1cc(S(=O)(=O)O)cc2cc(S(=O)(=O)O)c(N=Nc3ccc4cc(S(=O)(=O)CCOS(=O)(=O)O)ccc4c3S(=O)(=O)O)c(O)c12)c1ccccc1,O=C(Nc1cc(S(=O)(=O)O)cc2cc(S(=O)(=O)O)c(N=Nc3ccc4cc(S(=O)(=O)CCOS(=O)(=O)O)ccc4c3S(=O)(=O)O)c(O)c12)c1ccccc1,O=C(Nc1cc(S(=O)(=O)O)cc2cc(S(=O)(=O)O)c(N=Nc3ccc4cc(S(=O)(=O)CCOS(=O)(=O)O)ccc4c3S(=O)(=O)O)c(O)c12)c1ccccc1,O=C(Nc1cccc2ccc(N=Nc3ccc4ccccc4c3)cc12)c1ccccc1,murcko,train
10710,10710,0,Nc1c(N)n2n(c1=O)CCC2,Nc1c(N)n2n(c1=O)CCC2,Nc1c(N)n2n(c1=O)CCC2,O=c1ccn2n1CCC2,murcko,train
10733,10733,0,Nc1nc(C2CC2)nc(C(=O)O)c1Cl,Nc1nc(C2CC2)nc(C(=O)O)c1Cl,Nc1nc(C2CC2)nc(C(=O)O)c1Cl,c1cnc(C2CC2)nc1,murcko,train
10751,10751,0,Clc1ccc2c(Cl)ccnc2c1,Clc1ccc2c(Cl)ccnc2c1,Clc1ccc2c(Cl)ccnc2c1,c1ccc2ncccc2c1,murcko,test
10761,10761,0,C=CC(=O)OC1CC(C)CC(C)(C)C1,C=CC(=O)OC1CC(C)CC(C)(C)C1,C=CC(=O)OC1CC(C)CC(C)(C)C1,C1CCCCC1,murcko,train
10790,10790,0,O=C(O)C(O)C(O)C(=O)O,O=C(O)C(O)C(O)C(=O)O,O=C(O)C(O)C(O)C(=O)O,ACY_**(*)*(*)*(*)*(*)*,acyclic_anonymous_graph,train
10806,10806,0,C=C1CCC=C(C)CCC2C1CC2(C)C,C=C1CCC=C(C)CCC2C1CC2(C)C,C=C1CCC=C(C)CCC2C1CC2(C)C,C=C1CCC=CCCC2CCC12,murcko,train
10809,10809,1,Cc1cccc(C)c1N,Cc1cccc(C)c1N,Cc1cccc(C)c1N,c1ccccc1,murcko,train
10814,10814,0,O=C1OCCN1CCCO,O=C1OCCN1CCCO,O=C1OCCN1CCCO,O=C1NCCO1,murcko,test
10823,10823,0,CC1CCS(=O)(=O)C1,CC1CCS(=O)(=O)C1,CC1CCS(=O)(=O)C1,O=S1(=O)CCCC1,murcko,train
10824,10824,0,CCCCC(CC)COC(=O)C(Cc1cc(OC)c(O)c(OC)c1)C(=O)OCC(CC)CCCC,CCCCC(CC)COC(=O)C(Cc1cc(OC)c(O)c(OC)c1)C(=O)OCC(CC)CCCC,CCCCC(CC)COC(=O)C(Cc1cc(OC)c(O)c(OC)c1)C(=O)OCC(CC)CCCC,c1ccccc1,murcko,train
10830,10830,1,CC1CC(=O)CC(C)(C)C1,CC1CC(=O)CC(C)(C)C1,CC1CC(=O)CC(C)(C)C1,O=C1CCCCC1,murcko,test
10832,10832,0,COc1nc(OC)nc(C(=O)c2cccc(F)c2N(C)S(=O)(=O)C(F)F)n1,COc1nc(OC)nc(C(=O)c2cccc(F)c2N(C)S(=O)(=O)C(F)F)n1,COc1nc(OC)nc(C(=O)c2cccc(F)c2N(C)S(=O)(=O)C(F)F)n1,O=C(c1ccccc1)c1ncncn1,murcko,train
10837,10837,0,OC(CN(Cc1ccccc1)CC(O)C1CCc2cc(F)ccc2O1)C1CCc2cc(F)ccc2O1,OC(CN(Cc1ccccc1)CC(O)C1CCc2cc(F)ccc2O1)C1CCc2cc(F)ccc2O1,OC(CN(Cc1ccccc1)CC(O)C1CCc2cc(F)ccc2O1)C1CCc2cc(F)ccc2O1,c1ccc(CN(CCC2CCc3ccccc3O2)CCC2CCc3ccccc3O2)cc1,murcko,train
10844,10844,0,CC(C)(C)NCCOCCO,CC(C)(C)NCCOCCO,CC(C)(C)NCCOCCO,ACY_********(*)(*)*,acyclic_anonymous_graph,test
10850,10850,0,CCCCCCCCCCCCSC(C)CC(=O)C1C(C)C=CCC1(C)C,CCCCCCCCCCCCSC(C)CC(=O)C1C(C)C=CCC1(C)C,CCCCCCCCCCCCSC(C)CC(=O)C1C(C)C=CCC1(C)C,C1=CCCCC1,murcko,test
10855,10855,0,O=C(O)c1ccco1,O=C(O)c1ccco1,O=C(O)c1ccco1,c1ccoc1,murcko,train
10871,10871,1,CCC(C)c1cc([N+](=O)[O-])cc([N+](=O)[O-])c1O,CCC(C)c1cc([N+](=O)[O-])cc([N+](=O)[O-])c1O,CCC(C)c1cc([N+](=O)[O-])cc([N+](=O)[O-])c1O,c1ccccc1,murcko,train
10877,10877,0,CC(C)C1C2CCC1c1c(NC(=O)c3cn(C)nc3C(F)F)cccc12,CC(C)C1C2CCC1c1c(NC(=O)c3cn(C)nc3C(F)F)cccc12,CC(C)C1C2CCC1c1c(NC(=O)c3cn(C)nc3C(F)F)cccc12,O=C(Nc1cccc2c1C1CCC2C1)c1cn[nH]c1,murcko,train
10883,10883,0,O=C(O)COc1ccc(Cl)c2cccnc12,O=C(O)COc1ccc(Cl)c2cccnc12,O=C(O)COc1ccc(Cl)c2cccnc12,c1ccc2ncccc2c1,murcko,test
10887,10887,0,O=C1C=CCCCCCCCCCCCCC1,O=C1C=CCCCCCCCCCCCCC1,O=C1C=CCCCCCCCCCCCCC1,O=C1C=CCCCCCCCCCCCCC1,murcko,train
10893,10893,0,O=C1N=C(c2ccc(-c3ccccc3)cc2)c2c(O)[nH]c(-c3ccc(-c4ccccc4)cc3)c21,O=C1N=C(c2ccc(-c3ccccc3)cc2)c2c(O)[nH]c(-c3ccc(-c4ccccc4)cc3)c21,O=C1N=C(c2ccc(-c3ccccc3)cc2)c2c(O)[nH]c(-c3ccc(-c4ccccc4)cc3)c21,O=C1N=C(c2ccc(-c3ccccc3)cc2)c2c[nH]c(-c3ccc(-c4ccccc4)cc3)c21,murcko,train
10894,10894,0,C[N+](C)(C)CC(O)CSCCC(F)(F)C(F)(F)C(F)(F)C(F)(F)C(F)(F)C(F)(F)F,C[N+](C)(C)CC(O)CSCCC(F)(F)C(F)(F)C(F)(F)C(F)(F)C(F)(F)C(F)(F)F,C[N+](C)(C)CC(O)CSCCC(F)(F)C(F)(F)C(F)(F)C(F)(F)C(F)(F)C(F)(F)F,ACY_**(*****(*)(*)*(*)(*)*(*)(*)*(*)(*)*(*)(*)*(*)(*)*)**(*)(*)*,acyclic_anonymous_graph,train
10896,10896,0,CC1=NN(c2ccccc2)C(=O)C1,CC1=NN(c2ccccc2)C(=O)C1,CC1=NN(c2ccccc2)C(=O)C1,O=C1CC=NN1c1ccccc1,murcko,train
10910,10910,0,CNC(=O)c1cc(C#N)cc(C)c1N,CNC(=O)c1cc(C#N)cc(C)c1N,CNC(=O)c1cc(C#N)cc(C)c1N,c1ccccc1,murcko,train
10913,10913,0,O=CNCC(O)C(O)C(O)C(O)CO,O=CNCC(O)C(O)C(O)C(O)CO,O=CNCC(O)C(O)C(O)C(O)CO,ACY_*****(*)*(*)*(*)*(*)**,acyclic_anonymous_graph,test
10922,10922,0,CC(C)(C1CCCO1)C1CCCO1,CC(C)(C1CCCO1)C1CCCO1,CC(C)(C1CCCO1)C1CCCO1,C1COC(CC2CCCO2)C1,murcko,train
10929,10929,0,Cc1ccc(I)cc1Cc1ccc(-c2ccc(F)cc2)s1,Cc1ccc(I)cc1Cc1ccc(-c2ccc(F)cc2)s1,Cc1ccc(I)cc1Cc1ccc(-c2ccc(F)cc2)s1,c1ccc(Cc2ccc(-c3ccccc3)s2)cc1,murcko,train
10930,10930,0,CC1=CC(=O)[N+](CCCN(C)C)(c2cccnc2)C(O)=C1N=Nc1ccc(N=Nc2c(S(=O)(=O)O)cc3ccc(N=NC4=C(O)N(c5cccnc5)C(=O)C(C)=C4C)cc3c2O)cc1,CC1=CC(=O)[N+](CCCN(C)C)(c2cccnc2)C(O)=C1N=Nc1ccc(N=Nc2c(S(=O)(=O)O)cc3ccc(N=Nc4c(C)c(C)c(=O)n(-c5cccnc5)c4O)cc3c2O)cc1,CC1=CC(=O)[N+](CCCN(C)C)(c2cccnc2)C(O)=C1N=Nc1ccc(N=Nc2c(S(=O)(=O)O)cc3ccc(N=Nc4c(C)c(C)c(=O)n(-c5cccnc5)c4O)cc3c2O)cc1,O=C1C=CC(N=Nc2ccc(N=Nc3ccc4ccc(N=Nc5ccc(=O)n(-c6cccnc6)c5)cc4c3)cc2)=C[NH+]1c1cccnc1,murcko,train
10933,10933,1,CCC(=O)Nc1cccc(Nc2cc(S(=O)(=O)O)c(N)c3c2C(=O)c2ccccc2C3=O)c1,CCC(=O)Nc1cccc(Nc2cc(S(=O)(=O)O)c(N)c3c2C(=O)c2ccccc2C3=O)c1,CCC(=O)Nc1cccc(Nc2cc(S(=O)(=O)O)c(N)c3c2C(=O)c2ccccc2C3=O)c1,O=C1c2ccccc2C(=O)c2c(Nc3ccccc3)cccc21,murcko,train
10947,10947,0,Oc1ccccc1-c1ccccc1,Oc1ccccc1-c1ccccc1,Oc1ccccc1-c1ccccc1,c1ccc(-c2ccccc2)cc1,murcko,train
10956,10956,1,CCN(CC)c1ccc(C(=O)c2ccc(N(CC)CC)cc2)cc1,CCN(CC)c1ccc(C(=O)c2ccc(N(CC)CC)cc2)cc1,CCN(CC)c1ccc(C(=O)c2ccc(N(CC)CC)cc2)cc1,O=C(c1ccccc1)c1ccccc1,murcko,train
10965,10965,0,Oc1ccc(N=Nc2ccccn2)c(O)c1,Oc1ccc(N=Nc2ccccn2)c(O)c1,Oc1ccc(N=Nc2ccccn2)c(O)c1,c1ccc(N=Nc2ccccn2)cc1,murcko,train
10979,10979,1,CN(C)c1nc(N)nc(C(Cc2c[nH]c3ccccc23)NC(=O)c2ccccc2)n1,CN(C)c1nc(N)nc(C(Cc2c[nH]c3ccccc23)NC(=O)c2ccccc2)n1,CN(C)c1nc(N)nc(C(Cc2c[nH]c3ccccc23)NC(=O)c2ccccc2)n1,O=C(NC(Cc1c[nH]c2ccccc12)c1ncncn1)c1ccccc1,murcko,train
10998,10998,0,O=S(=O)(NS(=O)(=O)C(F)(F)F)C(F)(F)F,O=S(=O)(NS(=O)(=O)C(F)(F)F)C(F)(F)F,O=S(=O)(NS(=O)(=O)C(F)(F)F)C(F)(F)F,ACY_**(*)(*)*(*)(*)**(*)(*)*(*)(*)*,acyclic_anonymous_graph,train
11010,11010,0,OCC1OC(OC2C(CO)OC(OC3C(CO)OC(O)C(O)C3O)C(O)C2O)C(O)C(O)C1O,OCC1OC(OC2C(CO)OC(OC3C(CO)OC(O)C(O)C3O)C(O)C2O)C(O)C(O)C1O,OCC1OC(OC2C(CO)OC(OC3C(CO)OC(O)C(O)C3O)C(O)C2O)C(O)C(O)C1O,C1CCC(OC2CCC(OC3CCCOC3)OC2)OC1,murcko,test
11013,11013,0,CC(C)CC(C)(O)C#CC(C)(O)CC(C)C,CC(C)CC(C)(O)C#CC(C)(O)CC(C)C,CC(C)CC(C)(O)C#CC(C)(O)CC(C)C,ACY_**(*)**(*)(*)***(*)(*)**(*)*,acyclic_anonymous_graph,train
11016,11016,1,CC(CNC(=S)S)NC(=S)S,CC(CNC(=S)S)NC(=S)S,CC(CNC(=S)S)NC(=S)S,ACY_**(*)***(*)**(*)*,acyclic_anonymous_graph,train
11034,11034,0,[HH],[HH],[HH],ACY_*,acyclic_anonymous_graph,test
11050,11050,0,CC(C)(C)CC(C)(C)c1cc(O)c(C(C)(C)CC(C)(C)C)cc1O,CC(C)(C)CC(C)(C)c1cc(O)c(C(C)(C)CC(C)(C)C)cc1O,CC(C)(C)CC(C)(C)c1cc(O)c(C(C)(C)CC(C)(C)C)cc1O,c1ccccc1,murcko,train
11052,11052,0,[Cd+2],[Cd+2],[Cd+2],ACY_*,acyclic_anonymous_graph,test
11067,11067,0,CCCCC(CC)C(=O)OCCC,CCCCC(CC)C(=O)OCCC,CCCCC(CC)C(=O)OCCC,ACY_*****(*)*(**)****,acyclic_anonymous_graph,train
11071,11071,0,Nc1ccc(Nc2ccccc2)c(S(=O)(=O)O)c1,Nc1ccc(Nc2ccccc2)c(S(=O)(=O)O)c1,Nc1ccc(Nc2ccccc2)c(S(=O)(=O)O)c1,c1ccc(Nc2ccccc2)cc1,murcko,train
11130,11130,0,[Tb],[Tb],[Tb],ACY_[*],acyclic_anonymous_graph,train
11141,11141,0,CCC(=O)O,CCC(=O)O,CCC(=O)O,ACY_***(*)*,acyclic_anonymous_graph,train
11143,11143,1,N#Cc1ccccc1C#N,N#Cc1ccccc1C#N,N#Cc1ccccc1C#N,c1ccccc1,murcko,train
11157,11157,1,Cc1cc(-c2ccc(N=C=O)c(C)c2)ccc1N=C=O,Cc1cc(-c2ccc(N=C=O)c(C)c2)ccc1N=C=O,Cc1cc(-c2ccc(N=C=O)c(C)c2)ccc1N=C=O,c1ccc(-c2ccccc2)cc1,murcko,train
11204,11204,0,CCCCC(CC)CN(CC(CC)CCCC)Cn1cncn1,CCCCC(CC)CN(CC(CC)CCCC)Cn1cncn1,CCCCC(CC)CN(CC(CC)CCCC)Cn1cncn1,c1nc[nH]n1,murcko,train
11255,11255,1,CC(O)S(=O)(=O)O,CC(O)S(=O)(=O)O,CC(O)S(=O)(=O)O,ACY_**(*)*(*)(*)*,acyclic_anonymous_graph,train
11256,11256,0,CCCCCCCC(=O)OC(O)C(O)C(O)C(O)C(O)CO,CCCCCCCC(=O)OC(O)C(O)C(O)C(O)C(O)CO,CCCCCCCC(=O)OC(O)C(O)C(O)C(O)C(O)CO,ACY_********(*)**(*)*(*)*(*)*(*)*(*)**,acyclic_anonymous_graph,train
11267,11267,0,CCO[Si](CCCN)(OCC)OCC,CCO[Si](CCCN)(OCC)OCC,CCO[Si](CCCN)(OCC)OCC,ACY_*****(***)(***)***,acyclic_anonymous_graph,train
11294,11294,1,Oc1ccc(-c2ccc(O)cc2)cc1,Oc1ccc(-c2ccc(O)cc2)cc1,Oc1ccc(-c2ccc(O)cc2)cc1,c1ccc(-c2ccccc2)cc1,murcko,train
11325,11325,0,C=CCC(=CCC1CC(=O)OC1=O)CC=C,C=CCC(=CCC1CC(=O)OC1=O)CC=C,C=CCC(=CCC1CC(=O)OC1=O)CC=C,O=C1CCC(=O)O1,murcko,train
11361,11361,1,CCC(C)c1cc(S(=O)(=O)O)cc(-n2nc3ccccc3n2)c1O,CCC(C)c1cc(S(=O)(=O)O)cc(-n2nc3ccccc3n2)c1O,CCC(C)c1cc(S(=O)(=O)O)cc(-n2nc3ccccc3n2)c1O,c1ccc(-n2nc3ccccc3n2)cc1,murcko,train
11362,11362,0,CCCCOC(=O)C=CC(=O)O,CCCCOC(=O)C=CC(=O)O,CCCCOC(=O)C=CC(=O)O,ACY_******(*)***(*)*,acyclic_anonymous_graph,train
11366,11366,0,CC(=CCCC=O)CCCC(C)(C)O,CC(=CCCC=O)CCCC(C)(C)O,CC(=CCCC=O)CCCC(C)(C)O,ACY_******(*)****(*)(*)*,acyclic_anonymous_graph,train
11368,11368,0,CCCN(C)C,CCCN(C)C,CCCN(C)C,ACY_****(*)*,acyclic_anonymous_graph,test
11379,11379,0,CCC=CCCO,CCC=CCCO,CCC=CCCO,ACY_*******,acyclic_anonymous_graph,train
11386,11386,0,COc1ccc2ccccc2c1,COc1ccc2ccccc2c1,COc1ccc2ccccc2c1,c1ccc2ccccc2c1,murcko,test
11388,11388,0,C=CCc1ccc(OC)c(OC)c1,C=CCc1ccc(OC)c(OC)c1,C=CCc1ccc(OC)c(OC)c1,c1ccccc1,murcko,train
11401,11401,0,CCOC(=O)c1ccccc1,CCOC(=O)c1ccccc1,CCOC(=O)c1ccccc1,c1ccccc1,murcko,train
11402,11402,0,CC(=O)OC(C)c1ccccc1,CC(=O)OC(C)c1ccccc1,CC(=O)OC(C)c1ccccc1,c1ccccc1,murcko,train
11403,11403,0,C=COCCCCCCCCCCCCCCCCCC,C=COCCCCCCCCCCCCCCCCCC,C=COCCCCCCCCCCCCCCCCCC,ACY_*********************,acyclic_anonymous_graph,train
11404,11404,0,ClC1CCCC1,ClC1CCCC1,ClC1CCCC1,C1CCCC1,murcko,train
11418,11418,0,CCCCCCCCCCCC(=O)OCC(C)(C)C=NCC1(C)CC(N=CC(C)(C)COC(=O)CCCCCCCCCCC)CC(C)(C)C1,CCCCCCCCCCCC(=O)OCC(C)(C)C=NCC1(C)CC(N=CC(C)(C)COC(=O)CCCCCCCCCCC)CC(C)(C)C1,CCCCCCCCCCCC(=O)OCC(C)(C)C=NCC1(C)CC(N=CC(C)(C)COC(=O)CCCCCCCCCCC)CC(C)(C)C1,C1CCCCC1,murcko,train
11458,11458,0,CCCCCCCCCCC(CCCCCCCC)COC(=O)CCCCCCCCCCCCCCC(C)C,CCCCCCCCCCC(CCCCCCCC)COC(=O)CCCCCCCCCCCCCCC(C)C,CCCCCCCCCCC(CCCCCCCC)COC(=O)CCCCCCCCCCCCCCC(C)C,ACY_***********(********)***(*)***************(*)*,acyclic_anonymous_graph,test
11459,11459,0,CC(C)CCCCCC(=O)OCC(COC(=O)CCCCCC(C)C)(COC(=O)CCCCCC(C)C)COC(=O)CCCCCC(C)C,CC(C)CCCCCC(=O)OCC(COC(=O)CCCCCC(C)C)(COC(=O)CCCCCC(C)C)COC(=O)CCCCCC(C)C,CC(C)CCCCCC(=O)OCC(COC(=O)CCCCCC(C)C)(COC(=O)CCCCCC(C)C)COC(=O)CCCCCC(C)C,ACY_**(*)******(*)***(***(*)******(*)*)(***(*)******(*)*)***(*)******(*)*,acyclic_anonymous_graph,train
11467,11467,1,Nc1ccc(N)c(CCO)c1,Nc1ccc(N)c(CCO)c1,Nc1ccc(N)c(CCO)c1,c1ccccc1,murcko,train
11470,11470,1,CC(=CC#N)CCc1ccccc1,CC(=CC#N)CCc1ccccc1,CC(=CC#N)CCc1ccccc1,c1ccccc1,murcko,train
11476,11476,0,CCCCCCCCCCCCc1ccc(O)cc1,CCCCCCCCCCCCc1ccc(O)cc1,CCCCCCCCCCCCc1ccc(O)cc1,c1ccccc1,murcko,train
11489,11489,0,CC1(C)CC(NCCC#N)CC(C)(CNCCC#N)C1,CC1(C)CC(NCCC#N)CC(C)(CNCCC#N)C1,CC1(C)CC(NCCC#N)CC(C)(CNCCC#N)C1,C1CCCCC1,murcko,train
11495,11495,0,CCCCCCCCCCCCCCCCCCCCCC(=O)OC(CO)C1OCC(OC(=O)CCCCCCCCCCCCCCCCCCCCC)C1OC(=O)CCCCCCCCCCCCCCCCCCCCC,CCCCCCCCCCCCCCCCCCCCCC(=O)OC(CO)C1OCC(OC(=O)CCCCCCCCCCCCCCCCCCCCC)C1OC(=O)CCCCCCCCCCCCCCCCCCCCC,CCCCCCCCCCCCCCCCCCCCCC(=O)OC(CO)C1OCC(OC(=O)CCCCCCCCCCCCCCCCCCCCC)C1OC(=O)CCCCCCCCCCCCCCCCCCCCC,C1CCOC1,murcko,test
11501,11501,0,CCCCC(CC)C(=O)OCCOCCOCCOC(=O)C(CC)CCCC,CCCCC(CC)C(=O)OCCOCCOCCOC(=O)C(CC)CCCC,CCCCC(CC)C(=O)OCCOCCOCCOC(=O)C(CC)CCCC,ACY_*****(**)*(*)***********(*)*(**)****,acyclic_anonymous_graph,train
11514,11514,0,CCCCCCCCCCCC(=O)OCCCCCCCCCCC(C)C,CCCCCCCCCCCC(=O)OCCCCCCCCCCC(C)C,CCCCCCCCCCCC(=O)OCCCCCCCCCCC(C)C,ACY_************(*)************(*)*,acyclic_anonymous_graph,test
11515,11515,0,OCCNc1ccc2c(c1)OCO2,OCCNc1ccc2c(c1)OCO2,OCCNc1ccc2c(c1)OCO2,c1ccc2c(c1)OCO2,murcko,train
11521,11521,0,COc1cc(N=Nc2c(C)cc(C)cc2S(=O)(=O)O)c(C)cc1N=Nc1c(S(=O)(=O)O)cc2cc(Nc3ccccc3)ccc2c1O,COc1cc(N=Nc2c(C)cc(C)cc2S(=O)(=O)O)c(C)cc1N=Nc1c(S(=O)(=O)O)cc2cc(Nc3ccccc3)ccc2c1O,COc1cc(N=Nc2c(C)cc(C)cc2S(=O)(=O)O)c(C)cc1N=Nc1c(S(=O)(=O)O)cc2cc(Nc3ccccc3)ccc2c1O,c1ccc(N=Nc2ccc(N=Nc3ccc4cc(Nc5ccccc5)ccc4c3)cc2)cc1,murcko,train
11527,11527,1,Fc1cccc(C(F)(F)F)n1,Fc1cccc(C(F)(F)F)n1,Fc1cccc(C(F)(F)F)n1,c1ccncc1,murcko,train
11534,11534,0,CCCCNP(N)(N)=S,CCCCNP(N)(N)=S,CCCCNP(N)(N)=S,ACY_******(*)(*)*,acyclic_anonymous_graph,test
11539,11539,0,CCN=C1C=CC(=C(c2ccc(NCC)c(C)c2)c2ccc(NCC)c(C)c2)C=C1C,CCN=C1C=CC(=C(c2ccc(NCC)c(C)c2)c2ccc(NCC)c(C)c2)C=C1C,CCN=C1C=CC(=C(c2ccc(NCC)c(C)c2)c2ccc(NCC)c(C)c2)C=C1C,N=C1C=CC(=C(c2ccccc2)c2ccccc2)C=C1,murcko,test
11544,11544,0,CC(C1CC1)C(O)(Cn1cncn1)c1ccc(Cl)cc1,CC(C1CC1)C(O)(Cn1cncn1)c1ccc(Cl)cc1,CC(C1CC1)C(O)(Cn1cncn1)c1ccc(Cl)cc1,c1ccc(C(CC2CC2)Cn2cncn2)cc1,murcko,test
11548,11548,0,CCCC(N)C(O)C(=O)NC1CC1,CCCC(N)C(O)C(=O)NC1CC1,CCCC(N)C(O)C(=O)NC1CC1,C1CC1,murcko,train
11560,11560,0,O=C1CCCCCCCCCCCN1,O=C1CCCCCCCCCCCN1,O=C1CCCCCCCCCCCN1,O=C1CCCCCCCCCCCN1,murcko,train
11562,11562,0,O[Si](O)(c1ccccc1)c1ccccc1,O[Si](O)(c1ccccc1)c1ccccc1,O[Si](O)(c1ccccc1)c1ccccc1,c1ccc([SiH2]c2ccccc2)cc1,murcko,train
11570,11570,0,CCCCC(CC)COC(=O)C(C#N)=C(c1ccccc1)c1ccc(OC)cc1,CCCCC(CC)COC(=O)C(C#N)=C(c1ccccc1)c1ccc(OC)cc1,CCCCC(CC)COC(=O)C(C#N)=C(c1ccccc1)c1ccc(OC)cc1,C=C(c1ccccc1)c1ccccc1,murcko,train
11586,11586,0,Cc1ccccc1C,Cc1ccccc1C,Cc1ccccc1C,c1ccccc1,murcko,train
11595,11595,0,Cc1ccc(C)c(C)c1,Cc1ccc(C)c(C)c1,Cc1ccc(C)c(C)c1,c1ccccc1,murcko,train
11597,11597,0,Cc1ccc(N)c(C)c1,Cc1ccc(N)c(C)c1,Cc1ccc(N)c(C)c1,c1ccccc1,murcko,train
11599,11599,0,Cc1cc(O)ccc1O,Cc1cc(O)ccc1O,Cc1cc(O)ccc1O,c1ccccc1,murcko,train
11602,11602,1,Nc1ccc(Cl)c(Cl)c1,Nc1ccc(Cl)c(Cl)c1,Nc1ccc(Cl)c(Cl)c1,c1ccccc1,murcko,train
11606,11606,0,CCOC(=O)C(=O)OCC,CCOC(=O)C(=O)OCC,CCOC(=O)C(=O)OCC,ACY_****(*)*(*)***,acyclic_anonymous_graph,train
11615,11615,0,Cc1ccc2c(c1)C(Nc1nc(N)nc(C(C)F)n1)C(C)C2,Cc1ccc2c(c1)C(Nc1nc(N)nc(C(C)F)n1)C(C)C2,Cc1ccc2c(c1)C(Nc1nc(N)nc(C(C)F)n1)C(C)C2,c1ccc2c(c1)CCC2Nc1ncncn1,murcko,test
11616,11616,0,CC(C)c1ccc2c(c1)OCC(=O)CO2,CC(C)c1ccc2c(c1)OCC(=O)CO2,CC(C)c1ccc2c(c1)OCC(=O)CO2,O=C1COc2ccccc2OC1,murcko,test
11632,11632,0,COc1ccc(C(O)CC(O)c2ccc(C(C)(C)C)cc2)cc1,COc1ccc(C(O)CC(O)c2ccc(C(C)(C)C)cc2)cc1,COc1ccc(C(O)CC(O)c2ccc(C(C)(C)C)cc2)cc1,c1ccc(CCCc2ccccc2)cc1,murcko,train
11642,11642,0,CCCCCCCCCCCCOC(=O)CCCCCCCCC,CCCCCCCCCCCCOC(=O)CCCCCCCCC,CCCCCCCCCCCCOC(=O)CCCCCCCCC,ACY_**************(*)*********,acyclic_anonymous_graph,test
11648,11648,0,C=CCOC(=O)C(=C)C,C=CCOC(=O)C(=C)C,C=CCOC(=O)C(=C)C,ACY_*****(*)*(*)*,acyclic_anonymous_graph,train
11663,11663,0,O=C1OCCO1,O=C1OCCO1,O=C1OCCO1,O=C1OCCO1,murcko,train
11670,11670,0,CCCCCCCCCC(C)C=C(C(C)=O)C(=O)OCC,CCCCCCCCCC(C)C=C(C(C)=O)C(=O)OCC,CCCCCCCCCC(C)C=C(C(C)=O)C(=O)OCC,ACY_**********(*)**(*(*)*)*(*)***,acyclic_anonymous_graph,train
11692,11692,0,O=C(O)c1cc(S(=O)(=O)O)ccc1O,O=C(O)c1cc(S(=O)(=O)O)ccc1O,O=C(O)c1cc(S(=O)(=O)O)ccc1O,c1ccccc1,murcko,train
11699,11699,0,C=C(C)C(=O)OCC,C=C(C)C(=O)OCC,C=C(C)C(=O)OCC,ACY_****(*)*(*)*,acyclic_anonymous_graph,train
11700,11700,0,CCOC(=O)C(C)O,CCOC(=O)C(C)O,CCOC(=O)C(C)O,ACY_****(*)*(*)*,acyclic_anonymous_graph,train
11736,11736,0,CCOP(=O)(Cc1cc(C(C)(C)C)c(O)c(C(C)(C)C)c1)OCC,CCOP(=O)(Cc1cc(C(C)(C)C)c(O)c(C(C)(C)C)c1)OCC,CCOP(=O)(Cc1cc(C(C)(C)C)c(O)c(C(C)(C)C)c1)OCC,c1ccccc1,murcko,train
11757,11757,0,OCc1ccco1,OCc1ccco1,OCc1ccco1,c1ccoc1,murcko,train
11758,11758,1,O=Cc1ccco1,O=Cc1ccco1,O=Cc1ccco1,c1ccoc1,murcko,train
11759,11759,0,O=S(=O)(O)c1ccccc1,O=S(=O)(O)c1ccccc1,O=S(=O)(O)c1ccccc1,c1ccccc1,murcko,train
11770,11770,0,O=S(=O)(O)c1ccc(O)cc1,O=S(=O)(O)c1ccc(O)cc1,O=S(=O)(O)c1ccc(O)cc1,c1ccccc1,murcko,train
11771,11771,0,O=[N+]([O-])c1ccc(S(=O)(=O)Cl)cc1,O=[N+]([O-])c1ccc(S(=O)(=O)Cl)cc1,O=[N+]([O-])c1ccc(S(=O)(=O)Cl)cc1,c1ccccc1,murcko,train
11775,11775,0,CC(O)c1ccccc1,CC(O)c1ccccc1,CC(O)c1ccccc1,c1ccccc1,murcko,train
11776,11776,0,CC(=O)c1ccccc1,CC(=O)c1ccccc1,CC(=O)c1ccccc1,c1ccccc1,murcko,train
11778,11778,0,NC(=O)c1cccnc1,NC(=O)c1cccnc1,NC(=O)c1cccnc1,c1ccncc1,murcko,train
11794,11794,0,CCCCCCCCCCCCCCCC=C1OC(=O)C1CCCCCCCCCCCCCCC,CCCCCCCCCCCCCCCC=C1OC(=O)C1CCCCCCCCCCCCCCC,CCCCCCCCCCCCCCCC=C1OC(=O)C1CCCCCCCCCCCCCCC,C=C1CC(=O)O1,murcko,train
11795,11795,0,CCCCCCCCC=CC(=O)NCCC[N+](C)(C)CC(=O)O,CCCCCCCCC=CC(=O)NCCC[N+](C)(C)CC(=O)O,CCCCCCCCC=CC(=O)NCCC[N+](C)(C)CC(=O)O,ACY_***********(*)*****(*)(*)**(*)*,acyclic_anonymous_graph,train
11804,11804,0,CCCC(C)COC(=O)c1ccccc1O,CCCC(C)COC(=O)c1ccccc1O,CCCC(C)COC(=O)c1ccccc1O,c1ccccc1,murcko,train
11811,11811,1,O=C(Cl)c1cccc(C(=O)Cl)c1,O=C(Cl)c1cccc(C(=O)Cl)c1,O=C(Cl)c1cccc(C(=O)Cl)c1,c1ccccc1,murcko,train
11815,11815,0,CC1CCC(C(C)C)CC1,CC1CCC(C(C)C)CC1,CC1CCC(C(C)C)CC1,C1CCCCC1,murcko,train
11816,11816,0,CC1=CCC(C(C)C)=CC1,CC1=CCC(C(C)C)=CC1,CC1=CCC(C(C)C)=CC1,C1=CCC=CC1,murcko,train
11827,11827,1,O=P1(c2cc(O)ccc2O)Oc2ccccc2-c2ccccc21,O=P1(c2cc(O)ccc2O)Oc2ccccc2-c2ccccc21,O=P1(c2cc(O)ccc2O)Oc2ccccc2-c2ccccc21,O=P1(c2ccccc2)Oc2ccccc2-c2ccccc21,murcko,train
11838,11838,1,O=S1(=O)CS(=O)(=O)OCO1,O=S1(=O)CS(=O)(=O)OCO1,O=S1(=O)CS(=O)(=O)OCO1,O=S1(=O)CS(=O)(=O)OCO1,murcko,test
11841,11841,0,CCCCCC(C)OC(=O)COc1ccc(Cl)c2cccnc12,CCCCCC(C)OC(=O)COc1ccc(Cl)c2cccnc12,CCCCCC(C)OC(=O)COc1ccc(Cl)c2cccnc12,c1ccc2ncccc2c1,murcko,test
